,103_AM,105_AM,203_AM,304_AM,104_AM,403_AM,604_AM,103_LM,105_LM,203_LM,304_LM,104_LM,403_LM,604_LM
0,0.0008604302344845095,0.0013540047815303205,0.0008316250479641095,0.0005538932930854904,0.0005098248249093565,0.0009070076812957037,0.0005006422222422723,0.000944714510842564,0.0011451945581751385,0.0008523844883669293,0.0008252330015628571,0.0007635684617644527,0.0013172747469700895,0.0009147398710230819
1,0.0007895603774682606,0.0013810564138584977,0.0008325020633251289,0.0005711989310801319,0.0005057623224975858,0.0008820502133667599,0.0005084782537117242,0.0008748432247196848,0.001174172714830048,0.0008499431011058836,0.0008650001662390547,0.0007726649961315383,0.0012965836861466528,0.0009350316161301701
2,0.0007952917061121698,0.0013571528898679186,0.0008352843614992999,0.0005777319074885321,0.0004916814755683706,0.0008637099624995112,0.0004974853346749867,0.0008859978978121858,0.0011448672554415316,0.0008547897045706298,0.0008756598467259951,0.0007636003833312153,0.0012658804024031614,0.0009107750485020736
3,0.0008227776339034149,0.001343034191225714,0.0008342967778583324,0.0005770631438367347,0.0004918687131106307,0.0008912252104398846,0.0004957806099538508,0.0009193531577943383,0.001130305785390019,0.0008610769239082036,0.0008737484045150663,0.000769825220515857,0.001300930552274397,0.0009069609083145055
4,0.0008168408293759788,0.001350219121873977,0.0008222946906055188,0.0005772183810275499,0.0005022662799322968,0.0009365800396395897,0.0005000889313667002,0.0009080522784808452,0.001138009497349328,0.0008479725889026173,0.0008669449060907517,0.0007796459057430684,0.001362932447747316,0.0009138975924598267
5,0.0008118153296047566,0.0013584202264763825,0.0008507451667010347,0.0006066865982942367,0.0004891106469116687,0.000898856318989176,0.0004804484884235877,0.0009070805462622942,0.0011550851551375167,0.0008765287541986325,0.0009094007976942957,0.0007614333035004492,0.0013201095352981475,0.0008808984421273325
6,0.0008357301212269027,0.001347328462138013,0.0008576589840859098,0.0006013568445252678,0.00048511391400013997,0.0008775631428876022,0.0004924585827178078,0.0009309020169631905,0.001140809645628681,0.0008849134454306866,0.00089444486028997,0.0007537068770512015,0.0012764100475213401,0.0008996674272456019
7,0.0008523655825505627,0.0013287908513635776,0.0008353517584693505,0.0005815050152330869,0.00048659959667350064,0.0008862324864272448,0.000506299321197708,0.0009508626012246203,0.001122126415745886,0.0008680401947080023,0.0008672223932241669,0.0007531139598981381,0.0012831086388144924,0.0009265977078209858
8,0.0008216589199120112,0.0013182514832245859,0.0007995413463118332,0.000571900178834222,0.0004888247243799136,0.0009036758121827189,0.0004896359336036641,0.000918548408211805,0.0011113862591361472,0.0008279699369285898,0.0008614220270616888,0.0007414587610817863,0.0013174578491783164,0.0008965736700730085
9,0.0008462116464681391,0.001331859518158415,0.0008102995166424365,0.000592916037966652,0.0004817091877795696,0.0009058985984302561,0.0004964874373401923,0.0009389898720485009,0.0011211895526639102,0.0008352990532825842,0.0008910215094252461,0.0007342983978229058,0.0013222516439121978,0.0009051426909612857
10,0.0008403111410202165,0.001323950060456332,0.0008177265119064796,0.000602827152878754,0.0004885933435159496,0.0008931188460882552,0.0005002329364633221,0.0009346441692549837,0.0011180552190261485,0.0008480746583036172,0.0009071209955808329,0.0007544059112613157,0.001303605376685559,0.0009154023002255736
11,0.0008242924168651265,0.0013104915274024327,0.0008186049659391402,0.0006028199571894649,0.0005019064879356181,0.0008836811729265471,0.0005009784353130752,0.0009208864603629757,0.001107478826507165,0.0008515675997025012,0.0009044145406685026,0.0007789065736069716,0.0012845316880858862,0.0009197016168929197
12,0.0008461478682644526,0.0013238889507311577,0.000821116586206965,0.0006014806312742953,0.000497851449267838,0.000889747673078603,0.0005043945952877556,0.0009468511476725569,0.0011196383656942167,0.0008472665267134614,0.0008955960600035577,0.0007719657592376862,0.0012940863818258971,0.0009245593897787041
13,0.0008520282910780576,0.001345621861359603,0.0008316176799586801,0.000596775963453707,0.0005062648655945619,0.0008967705033429378,0.0004969547734895323,0.0009593565147565013,0.001146065129467087,0.000860339975463912,0.0008989825940578844,0.0007758733089818987,0.001315980583717733,0.000915226243231956
14,0.0008539330133218892,0.0013618936648912637,0.0008287653717428684,0.0005983640118079404,0.000516077588091034,0.0009062527911615435,0.0004961673225337594,0.0009514481611746306,0.0011475721163496067,0.0008489903932056882,0.0008937262812742833,0.0007753548027703859,0.001321795429152804,0.0009029591710500593
15,0.0008614222969564663,0.0013647754247721226,0.0008116347035590209,0.0006013987380458167,0.0005158212591615117,0.0009107666645161252,0.0005013467747980911,0.0009681343917015465,0.0011610536419147059,0.0008403898545648606,0.0009014591146711689,0.0007867200344081917,0.0013445354129460573,0.0009197747236545896
16,0.0008633206156058052,0.001368786887451183,0.0008094999486504295,0.0005946678841042744,0.0005104448065092486,0.0009026238623931215,0.0004963529824536409,0.0009624040138274326,0.0011591401128275385,0.0008281417797129293,0.0008803753663679782,0.0007725718542542291,0.0013164704043375013,0.0009029464231675614
17,0.0008348802076665933,0.0013750769527547516,0.0008164272137389544,0.0005998647191932884,0.0005137880531142496,0.0008979206462131587,0.00048699096418649353,0.0009384836090932034,0.0011726951574053744,0.000839641825664834,0.0008951387045080127,0.0007834948211767724,0.0013076746188526059,0.0008910616642373396
18,0.0008178530579142138,0.0013774846110356379,0.0008148757744104388,0.0006088131078721679,0.0005206335271141935,0.0008968637444112934,0.00048390496634997075,0.0009184504262717334,0.0011730539632898746,0.000836960340099447,0.0009118482122049649,0.000792615989964146,0.0012974631045472096,0.0008836564102238484
19,0.0008382295338282803,0.001375978994885293,0.0008006886637536915,0.0006078987675304893,0.0005174031171757686,0.0008989946197742834,0.0004911739986327789,0.0009366732426281941,0.0011703001512102383,0.0008203223608286305,0.0009107276455889072,0.0007859108714157223,0.0012991515246579964,0.0008946489961325664
20,0.0008335360082409012,0.0013799332354021432,0.0008089342612384931,0.0005900448510951222,0.0004899096733144393,0.0009089867758933023,0.0004857788728764905,0.0009338986912742259,0.001166438796107537,0.0008311149594012979,0.000875462943958262,0.0007434902904964855,0.0013196274332121483,0.000884081011327631
21,0.0008295184136023594,0.0013747474294699888,0.0007944831181464754,0.0005831991698349832,0.00048345041946130604,0.0009188135162176299,0.0004846390467434276,0.0009284128127279835,0.001160754663196151,0.0008158866617041913,0.0008672953078887173,0.0007336385427710307,0.001331103145468625,0.000881564575927689
22,0.0008376967304527627,0.0013674246033318954,0.0007901081071195133,0.0005922970294125953,0.0004925368016006642,0.0009226837031406453,0.0004880760330137792,0.0009364362214948108,0.0011571546571153405,0.0008125939436471851,0.0008874320808620603,0.0007491982440921313,0.001331385262534744,0.0008889168123132153
23,0.0008608107947270701,0.0013707051745338041,0.0008281834583380916,0.0006073770299355736,0.0004942396138366461,0.0009184141347042589,0.000494943133911283,0.0009633724420263253,0.0011556451361374738,0.0008565384703686983,0.0009034763578225684,0.0007547402403030744,0.0013237959073539843,0.0009014285518752724
24,0.0008599335793616693,0.001387007777125473,0.0008126545273080956,0.0006118395457644462,0.00048693769012079,0.0009101441477859099,0.0005093653017331,0.0009681246014162834,0.0011742007777699307,0.0008448331142193704,0.0009109507839577154,0.0007553508095969439,0.0013203435335016223,0.0009293829644283971
25,0.0008476492907377888,0.0013886749564534983,0.0008005587506831061,0.0006098450832407016,0.0004989199028196614,0.0009023761540439077,0.0005106302612825574,0.0009543186181079444,0.0011764629059535087,0.0008303387185952293,0.0009078219068293856,0.0007668170673388659,0.0013070942683052896,0.0009308785184972752
26,0.0008465378459813131,0.0013850743178729012,0.0008020888911887528,0.0006079731799473183,0.0005239271499734235,0.0009005450807551882,0.0005008502496945582,0.0009489562165385024,0.0011705481961459545,0.0008269573995445258,0.0009038405532198711,0.0007848723297780791,0.001294920832234693,0.0009112970470196339
27,0.0008629587866792296,0.0014119758365786284,0.0007898089343797698,0.0006086662324587044,0.0005310711335018974,0.0009080170483777762,0.0005030573738689379,0.0009692281286474969,0.0011942803792287981,0.0008129028646024025,0.0009041315327341253,0.0007904439106178241,0.001305859276835522,0.0009150126313419946
28,0.00086043213834948,0.001409828842048791,0.0007874040607942322,0.0006154769955074377,0.000527862059237294,0.0009227968803592135,0.0005076787451189086,0.0009695798649216693,0.0011975540677726785,0.0008123641152511696,0.0009143005764581407,0.0007853801743319863,0.0013399430470287497,0.0009264235024212964
29,0.0008556209685022329,0.0014015255734198748,0.0007911315312230793,0.0006219600818440497,0.0005159093682413206,0.0009210844478844631,0.0005132245538638519,0.000964110946978413,0.00118884559267883,0.0008198132307014399,0.0009216192538390375,0.0007758864368288669,0.0013388477023582917,0.0009359405087520065
30,0.00086870953674497,0.0014047769949862643,0.0007983415036605984,0.0006249075439375577,0.0005050442289078831,0.000900787758692428,0.0005177811940834841,0.0009798921884978276,0.0011877092343839475,0.0008339498778283925,0.0009263491917786903,0.0007774171468321202,0.0013001115111845648,0.0009433991252338766
31,0.0008721393715709433,0.001400609753061151,0.0007939350083285443,0.0006156092164865063,0.0005001935505325023,0.0009084206998777132,0.0005135766865260346,0.0009853698059695522,0.0011831521124825903,0.0008268071818093297,0.000920411132538156,0.0007774079678511186,0.0013063985353049309,0.0009348984743338922
32,0.0008679832944478201,0.0013812057667381716,0.0008008484217336556,0.0006219012997631797,0.0004953873574418786,0.0009205158973928922,0.000521238104422855,0.0009778730114224086,0.001161977917068087,0.0008318567899788379,0.0009270290020173737,0.0007578356019717421,0.0013254362190100585,0.0009472252394791953
33,0.0008618219324983945,0.0013701103034436197,0.0008197078683068364,0.0006230275644119052,0.0004937233861589457,0.0009232504770943594,0.0005254148589397896,0.0009785536737374424,0.0011611337669583807,0.000862017666535392,0.0009348139736361417,0.0007527635754851661,0.001349619408288846,0.0009646868163441669
34,0.000866526434140979,0.0013938507755127203,0.0008420381552916025,0.0006080567872556673,0.0005023779073753404,0.00091785070759096,0.0005144945402460056,0.0009762995466490686,0.001171730116282787,0.000880735234861403,0.0009075452294336778,0.000765933392552011,0.001333133735431869,0.0009371128387519347
35,0.0008732453818648968,0.001421321818680626,0.0008353901097283931,0.0006360621203057665,0.0004908377439705527,0.0009188998866449236,0.0005239649936729079,0.000990036513407494,0.0012001919864399588,0.0008756956940155638,0.0009511309856404299,0.0007558953524123022,0.0013291115926335828,0.0009574764614789153
36,0.0008824670432362403,0.0014279008438837705,0.0008181266788000271,0.0006518330926314415,0.00048503797766270536,0.0009315846024858628,0.000528306339252232,0.0009964573078179244,0.0012032545960210552,0.00085362603419977,0.0009654262129713608,0.0007470581404190778,0.0013373372605901745,0.0009615386300109952
37,0.0008872566349125041,0.0014196938846939213,0.0008025125845709084,0.0006473402897859304,0.0004923529040413123,0.0009404881240583422,0.0005254201350249606,0.0010005085830228143,0.0011967689714257733,0.0008381423729480104,0.0009548113521328108,0.0007583674137487089,0.0013556369135712908,0.0009566243445724347
38,0.0008745409493899284,0.0014284508948148604,0.0007955045498535838,0.0006475366732799144,0.0005090791302209624,0.0009243295469516497,0.0005237490153818723,0.0009876136135345552,0.0012007597445204074,0.0008305535095374357,0.0009575798276618081,0.0007753073588209587,0.0013399534909942475,0.0009531365532421402
39,0.0009021196789327988,0.0014620422610119139,0.0008166524189567848,0.0006593680020814367,0.0005322669291825794,0.0009388467076006967,0.0005264347965115079,0.0010161434500415784,0.001234438027893624,0.0008462835173254326,0.0009752847598216331,0.0007879410290319336,0.001355395504755336,0.0009575851053650731
40,0.0009141818032410823,0.0014676145751085419,0.000841089380416747,0.0006655107943114245,0.0005312863238725542,0.0009567712611334578,0.0005376967061925248,0.001031255814697967,0.0012387191312694678,0.000870886705949272,0.0009809623897221165,0.0007821775860776555,0.0013733776134529424,0.0009781842396291529
41,0.0008954378101945109,0.0014431412266944798,0.0008513399149456483,0.0006591594663866575,0.0005075490430564903,0.0009592258676473992,0.0005521393545114804,0.0010157095556901116,0.001208628592609081,0.0008880878720016746,0.0009680659365428477,0.000767935834392942,0.0013752644548968487,0.0010047755042762838
42,0.0008940663856727527,0.001463157192761469,0.0008393031510174286,0.0006569074924000313,0.0005041175152210019,0.0009624225530701438,0.0005506745834224791,0.0010121430998529472,0.0012274541339010782,0.0008799341780355863,0.0009677098572911999,0.0007687151450852963,0.0013873783503425719,0.001001948487605303
43,0.0008877516694848774,0.001471888325883487,0.0008522025403115291,0.0006649996418533455,0.0005023613964257206,0.0009629749816480958,0.0005454421971891726,0.0010054834628157967,0.001235678982214258,0.0008916505631992259,0.0009823280457617923,0.0007658890197920443,0.0013894421582364071,0.0009922580320008334
44,0.0008986328552090933,0.0014764156236881582,0.0008778477490679344,0.0006786148383927692,0.0004932957229564522,0.0009711688355336188,0.0005523474303199474,0.0010176961425670144,0.0012360265336603452,0.0009162775485810972,0.00100179584752987,0.0007555470918743608,0.001401241329438231,0.0010043525016961222
45,0.0009366401311354305,0.0014883857899252216,0.000893137122338198,0.0006873719560753607,0.0004724913458958065,0.000989247296941788,0.0005715510525648472,0.0010573828505345273,0.0012401938971420452,0.0009340450816255934,0.0010127152645268865,0.0007353046022632521,0.0014315892040447527,0.0010388238646826798
46,0.0009360597931163721,0.0015138946783846358,0.00088689430822873,0.0006828781374701633,0.0004852307797066647,0.0009997868511100263,0.0005698565413050448,0.001057745013937741,0.0012651110293158917,0.000926526518699406,0.0010107843825912111,0.0007483489434585395,0.0014461050536108584,0.0010372329326004438
47,0.0009418672870942054,0.00154380964005629,0.000887736392494342,0.0006844908910489455,0.0004964196461710058,0.0010031272604533166,0.000562842951501484,0.0010624042699883163,0.0012926225295118695,0.0009238408750213076,0.001011440446502364,0.0007526656621315383,0.001448921604072844,0.0010221204766689828
48,0.0009550595503738853,0.001571967746397993,0.0008855933803898176,0.000695267426195678,0.000500830483622017,0.0010093794297339987,0.0005593630774486551,0.0010791381249552422,0.0013232299806143256,0.0009212898384179942,0.001027415996295423,0.0007551326119740956,0.0014610252629452974,0.0010165350779049816
49,0.000962913179379913,0.0015932038547577748,0.0008680458202445989,0.0007094105842732895,0.0005066050564089713,0.001030379785116981,0.0005614882523568616,0.0010958843601477973,0.0013510321507430095,0.0009043748459468453,0.0010549531160003065,0.0007737877828584838,0.0014959411179091627,0.0010261537304173654
50,0.0009538080618327515,0.0016075969638803926,0.0008906033804734932,0.0007160403775428118,0.000508894795585027,0.0010428105498722726,0.0005510513128200526,0.0010858897951499772,0.0013585149528252852,0.0009223765284146413,0.0010655478939478912,0.0007728272508055397,0.0015178224235771248,0.0010045862207666094
51,0.0009643386296582997,0.0016367260840837567,0.0009132560189736724,0.0007297591613769696,0.0005139680978332734,0.0010590824987143149,0.0005510451949059787,0.001095491870547333,0.0013838436116554523,0.0009420863017047841,0.0010848098801462599,0.0007717737084008503,0.001547498717844957,0.0010038268933369896
52,0.0009944181124610881,0.0016732661393618195,0.0009208191189111868,0.0007493504936112736,0.000518781705531087,0.0010778639951497763,0.0005649452923269468,0.001124727875038021,0.0014175004608468946,0.0009471367241828935,0.0011102787725411434,0.0007734746480325434,0.001575862793725346,0.0010288308473656862
53,0.0009981183085264545,0.001682900313968064,0.0009321031138548159,0.0007564869390562938,0.000506554975463882,0.0010826688421252048,0.0005754977282253894,0.0011340519623292795,0.0014244854015719466,0.0009622117957993719,0.001122871909811838,0.0007668814566328376,0.0015863771548421883,0.0010504861452336426
54,0.0010102916033420375,0.0017129507581811214,0.0009594713153586247,0.0007651361382902304,0.0005042800137555549,0.0010960593754637906,0.0005844379825508886,0.0011436640738341144,0.0014433978349674235,0.0009857877203620002,0.0011303616104851048,0.0007646528760663506,0.001596559274354008,0.0010611709061254058
55,0.0010333082279608103,0.0017504634765333484,0.0009858701318765266,0.0007735337241276716,0.0005103212523563063,0.0011182120933814882,0.0005904369977646461,0.0011766307722906092,0.0014859612154135941,0.001019569098955404,0.0011495826765541032,0.0007761132279903571,0.0016390101703296607,0.001078105789961398
56,0.0010602548724931295,0.0017810492724865865,0.000996285149389658,0.0007793017737414598,0.000516682409535687,0.001142591952838693,0.0005946263997866876,0.001201277565109643,0.0015050809320171455,0.001027867200634228,0.0011518300412863573,0.0007803713172482138,0.0016713805769824933,0.0010813338052262239
57,0.001075145723371483,0.0018223629199700714,0.0010012253230976425,0.0007805316554568606,0.0005154568969477675,0.0011548395694507213,0.0006088314745307025,0.0012151560990729848,0.0015388062194670055,0.0010305830479135842,0.0011528722724339084,0.0007840351823333098,0.001688900969341565,0.001106827811055587
58,0.0010924023468858125,0.0018537944058765923,0.0010220242181064449,0.0008000579685134888,0.0005096901858544495,0.001172572714711905,0.0006224940966768459,0.0012379414584450057,0.0015698647833847852,0.0010557986333930218,0.0011861868702012464,0.0007818891001470645,0.0017219033710911495,0.001135437740257881
59,0.001115762495283009,0.0018816945953991687,0.0010483648427710678,0.0008209673418239673,0.000512122390066467,0.0011969269109817562,0.0006348426411984439,0.001257319083959656,0.0015836370495612767,0.0010778424681034094,0.0012116329940446413,0.0007766890705423142,0.001748965060066786,0.0011509413612890282
60,0.0011454550287190203,0.0019271397508411185,0.001060459753012078,0.000819636173003364,0.0005325063652885288,0.0012237195677562193,0.0006497850381708104,0.0012996841006755076,0.001634234781982737,0.0010963295619599875,0.0012202872043841797,0.0008035646892736626,0.0018008182672792853,0.0011862656780486356
61,0.001168983993487642,0.0019720202587520702,0.0010821357747998568,0.0008446838221457288,0.000531837567710131,0.0012516136864554961,0.0006590149378641892,0.001316654125926701,0.001661700823048555,0.0011099437276844476,0.0012474259168592352,0.0008029561290748755,0.0018320915321530997,0.001194930533133029
62,0.001184037692739273,0.002030169340677241,0.0011026137127127123,0.0008660588137687495,0.0005326618601437346,0.0012720121903875923,0.0006703414762793507,0.0013310266584201482,0.0017094905632272144,0.0011265985207876317,0.0012754365796260956,0.0008091076510071046,0.0018605547169338818,0.0012127150912248602
63,0.0012011006132577218,0.0020943553628510075,0.0011178058861612589,0.000876814060493242,0.0005438740349990783,0.0012890056048763122,0.0006853283745851046,0.0013643027139135788,0.0017837675280856064,0.0011514389302672177,0.0013053751562759263,0.0008348543069963544,0.001905460220183744,0.001251874539445907
64,0.0012405304432358147,0.0021332668776143262,0.0011340133552836208,0.0009029513667041773,0.0005527487708880573,0.0013201814410087886,0.000697817412011775,0.0013972716711091028,0.001802500622031843,0.0011611163711765515,0.0013351465125569192,0.0008437091739477455,0.0019391256047352726,0.001265757338066058
65,0.001268132344279413,0.0021767647848427866,0.0011574415428076985,0.0009228275360608716,0.0005680744260110763,0.0013497646713038327,0.0007079375536757697,0.0014280034486919505,0.0018399750797497142,0.0011842325328663074,0.001360753387859357,0.0008608238030410194,0.0019826801425429914,0.0012835640446707864
66,0.001289850505680261,0.0022241237739036345,0.0011863187678909195,0.0009396627274050463,0.000576289850423766,0.0013766813434671812,0.000720042697563313,0.001452430531189302,0.0018805037989867654,0.0012127849501690022,0.001382309367608617,0.0008712304354868164,0.002023077093199729,0.0013047563767458394
67,0.0013155030990134055,0.0022690805857137823,0.0012135923981839022,0.0009580839579707754,0.000571446034877994,0.0014009341336530831,0.0007358649330491284,0.0014802780390014863,0.0019167496737141567,0.00124151986568815,0.0014095433398815648,0.0008740090812986604,0.002061079208783258,0.0013329611135048246
68,0.001340641381206928,0.0023135529419870617,0.0012280056100205537,0.0009745924137384675,0.0005809931233703317,0.0014176744288247366,0.0007483526419119629,0.0015089006463122653,0.00195630216429235,0.0012582535619157455,0.0014355285052804455,0.0008984190144234709,0.002086540050267982,0.0013556709610216232
69,0.0013704029325574802,0.0023598650681970956,0.001249710779910678,0.0009925914901821647,0.0005925307896858132,0.0014421291256861359,0.000763069675594336,0.0015439856781848092,0.001996835751307464,0.0012820966895732686,0.0014621506007619842,0.0009190614364426288,0.00212339068952475,0.0013831945428403735
70,0.0014015276546997695,0.002408025967868974,0.0012687538916065202,0.0010111099202507628,0.0006028133913794577,0.0014700015702220962,0.0007782670954178624,0.0015805485296337936,0.002037910012975509,0.0013015427500268873,0.0014882983492932346,0.000934390752786291,0.002165019310904308,0.0014112988687982016
71,0.001427741640466044,0.002456572841896215,0.0012675008238894978,0.0010277484696504236,0.0006134966226523974,0.0014898205057365455,0.0007900216300367342,0.0016107419211325638,0.0020809659216846597,0.0012987815974049998,0.001512456812302392,0.0009547582449151236,0.0021951595573900884,0.0014323872205434034
72,0.0014481014766104376,0.002502855409900209,0.0012851080314648913,0.0010477117790191018,0.0006287551312567113,0.0015156451788085796,0.0008028188605062383,0.0016311858329760634,0.002116316144780801,0.0013132468683169347,0.001539031044605291,0.0009783804081066663,0.0022309932937537936,0.0014528083953405648
73,0.0014710902324892292,0.0025458922893287824,0.0013079596627071954,0.0010644629189112574,0.0006404458031928737,0.001543127164571761,0.0008174376135359154,0.0016593698347860564,0.002155853738530373,0.0013376133251904007,0.0015642348070410467,0.0009981272385878183,0.002273185172874145,0.0014803783980381685
74,0.0015007337855405352,0.0025882914641022414,0.001325377182445005,0.001078673652069093,0.0006489095366026238,0.0015671815548428255,0.0008334629783607723,0.001694292338524253,0.002194896174798397,0.0013561121963607443,0.0015840267189561625,0.0010128267038748344,0.0023079040575891573,0.0015096848719971922
75,0.001529035580686397,0.002627497654374808,0.0013324289110763928,0.0010968836955778595,0.0006638354907905774,0.001578384575245879,0.0008463248420522979,0.0017263219421581513,0.0022262646094695026,0.0013613357564760773,0.0016087334765612325,0.0010344685628305452,0.0023265270656477443,0.0015321648282689926
76,0.0015433320056510596,0.0026671851963128404,0.0013504582712249478,0.001111956163081116,0.0006727011850308812,0.0015936416966840753,0.0008610219302345183,0.0017441718166028746,0.002260029162778184,0.001383873547370769,0.0016309251365926843,0.0010543773183670931,0.0023519717475673253,0.001559972704634872
77,0.0015577635558787755,0.0027041880352991696,0.0013712018938059343,0.001127727113977996,0.0006726429991372857,0.0016120328313573933,0.0008789908270260826,0.001762444793877295,0.0022916315886176387,0.0014100680442676364,0.0016536762484222311,0.0010664559931515057,0.002379459410429947,0.0015936502950593123
78,0.001585320886270087,0.0027358198976563356,0.0013838318314064633,0.0011458858077557285,0.0006685212204807302,0.0016293925225452862,0.0008977935097497384,0.0017944372212736145,0.002317087313502104,0.001423729071519787,0.001677970445540688,0.0010705246032248813,0.0024018155686304256,0.001627130360454733
79,0.0016173422462127923,0.0027708775958592145,0.0013994198230625214,0.001155165822059077,0.000681483963559931,0.0016498900722112717,0.0009085699701306165,0.001829363145323283,0.0023442158123054397,0.0014403509812865674,0.001690624768121778,0.0010894986501762964,0.0024275436631436705,0.0016450643199267753
80,0.0016389049451139772,0.002802947374057302,0.001412166539278854,0.001164796047823138,0.0006922991611553371,0.0016688301424482481,0.00091895736536011,0.0018564613780585027,0.002373807622552616,0.0014556760583348345,0.0017064221718300482,0.0011103554147621822,0.00245714152691582,0.0016654521641699107
81,0.0016536003132429193,0.002834373910084843,0.0014174663764496829,0.001178016604974205,0.0007004036144081687,0.001684692166461703,0.0009295407419270864,0.0018756932674738667,0.002402581540699941,0.0014617000982853734,0.0017252157882293472,0.0011299704863728497,0.0024820304383290064,0.0016854528886879776
82,0.0016730738116822498,0.0028690739253261315,0.0014128271292383064,0.0011935185179044656,0.000714213916815371,0.0016970669156593414,0.0009362662013911284,0.0018989569502779672,0.0024337476351953655,0.0014566544244249422,0.0017452090865908083,0.0011520702790940507,0.002499678258769301,0.0016973343060922024
83,0.0016894730695747034,0.002903103523632777,0.0014155183641926888,0.0012132328738185905,0.0007266182910103439,0.0017120188169310253,0.0009403879699225444,0.0019172248901261077,0.0024654491143093035,0.0014562853430456128,0.0017724552223592062,0.001169617580525055,0.002520978932142152,0.001704115687964393
84,0.0017090418564142769,0.002932309678975087,0.001420652448887613,0.001231228837210347,0.0007416209366087009,0.0017284531046308433,0.0009447647531144886,0.0019380070575697084,0.0024901000613700543,0.0014569571312023427,0.001796718586676515,0.0011890598057757806,0.00254308767350244,0.0017102078163626412
85,0.0017295711875910515,0.0029554233752499158,0.001425640828041294,0.0012437084039668216,0.0007562427491987815,0.0017415176501955922,0.0009504189566921707,0.0019631462541762797,0.002510373651015092,0.001461271643950861,0.0018155128549033719,0.0012116051711630374,0.0025634642668025437,0.0017205473009119807
86,0.0017387917555094588,0.002981176277827283,0.0014382988601251564,0.0012532762231300197,0.0007584470978133786,0.001746457901323431,0.0009580854934561142,0.001976868906877052,0.002534442714149246,0.0014788907810351693,0.0018287567933599812,0.0012234450801753382,0.0025732655088156866,0.0017353073408413453
87,0.0017540874196347166,0.0030004575036463726,0.0014431936782391592,0.0012632271536793152,0.0007559766960224734,0.0017522786440035503,0.0009669289906664495,0.0019958706650075376,0.0025517165379789603,0.0014858915513216986,0.0018420431918464938,0.0012285859995294455,0.0025808741342296035,0.0017519429114831308
88,0.0017696384766762235,0.0030151969734839427,0.0014445587866657864,0.0012713703423884424,0.000756917652975107,0.0017624358891178882,0.0009740839998318478,0.00201210202333431,0.002561191066323777,0.0014858547335267654,0.0018506695498555644,0.001232666102462316,0.0025902162691239998,0.0017630315521846775
89,0.0017778602001361475,0.0030286827959009016,0.0014483259228638687,0.0012766411218320761,0.0007655266051819292,0.0017757071375241599,0.0009779948655724024,0.0020330574029715186,0.0025857436481283367,0.0014985586701121113,0.00186824843702308,0.0012509767669554343,0.0026217069784158953,0.0017791465728704257
90,0.001786230940750272,0.0030398126112298317,0.0014490667282245438,0.0012891930161010806,0.0007737575775345343,0.0017814461708436488,0.0009828508891837687,0.002032001142822159,0.0025802357563633796,0.0014924307868562391,0.0018759147996521633,0.00125742044932118,0.0026147208711808,0.0017782015412980466
91,0.0017945381572554522,0.00305424760543926,0.0014492195282866716,0.0012979876194792008,0.0007789589945397918,0.001785167761323837,0.0009900751961341421,0.0020441103794175963,0.0025950421130324715,0.001493361669042068,0.0018889677657634282,0.00126622572251904,0.0026217556966862225,0.001792867895429167
92,0.0018044074144054707,0.0030716762599846395,0.0014479025570199465,0.001304465534097242,0.0007833805075247766,0.001791175267938869,0.0009973227486322932,0.0020564898511311186,0.002610756721534069,0.0014903539455087863,0.0018962298950538287,0.0012724263058659657,0.0026295675809436237,0.0018057837839481194
93,0.0018175542155494577,0.0030869634075879598,0.001442890097722072,0.0013168321559997444,0.0007913627736617132,0.0018013677025897222,0.0010003776894193625,0.0020739247925622337,0.0026258269684594224,0.001486271816666554,0.001915265573889927,0.001289663471524996,0.002644871143001574,0.0018121364077112536
94,0.0018277654942443734,0.003101713026916533,0.0014470238118139333,0.001325393149306848,0.0007940172075431578,0.0018108412949139475,0.0010054737644201296,0.0020880516474664386,0.0026423999676383775,0.0014935352589207323,0.0019291786969691778,0.0012989472080464457,0.002659249353513425,0.001822861775932531
95,0.0018344893955893865,0.0031158353381683405,0.001455051382867576,0.0013331913581101106,0.0007959438766524794,0.0018183512554637207,0.0010105235233089413,0.0020964072687807986,0.002654885468547257,0.0015032828139203433,0.0019399920624014384,0.001304114283646726,0.0026691384921372235,0.0018319259224284779
96,0.0018385505902357888,0.003126075000041526,0.0014592470585817138,0.0013420188699475794,0.000800774779961162,0.001822887109919058,0.001013517442795528,0.002101897120335267,0.002661292366328485,0.0015073550474125575,0.0019510288430101544,0.0013127258042046892,0.0026746599071304803,0.001836784562167504
97,0.0018469781401651015,0.0031308742665873946,0.001454937750108428,0.0013520645620446919,0.0008092130730355153,0.0018271429325757355,0.0010167484126337458,0.0021112330189144426,0.002662516362754941,0.00150037388584719,0.0019629362270476647,0.0013262831935407263,0.0026759885773039757,0.0018413597411898
98,0.0018527834584766104,0.00314321604231061,0.0014490932661756718,0.001358536094440351,0.0008212443691446892,0.0018310459908572028,0.0010215088885644934,0.0021180778434805956,0.00267306329339874,0.0014936742005260929,0.001970261049359666,0.0013402331779223719,0.002680223216189896,0.001849159234034338
99,0.001859018128609822,0.003158675436270659,0.0014446548351445643,0.0013646207788127662,0.0008306272089564891,0.0018343066816503743,0.0010247334148797552,0.0021273561418680568,0.0026890284743676133,0.0014906297214932894,0.0019792765120592386,0.001351705600745758,0.0026860219387543544,0.0018557743267331017
100,0.0018694628399336718,0.0031691859941264697,0.001443092686897121,0.0013748911527398872,0.0008320072058783274,0.0018372855639475088,0.0010240475026915997,0.0021435073404872133,0.0027015888739435074,0.0014914862289484635,0.0019961480578035346,0.001359323237321385,0.0026907373024512224,0.0018570660120487087
101,0.0018748050859585508,0.0031802584919372917,0.001445787511528526,0.001385987031638695,0.0008338412535238639,0.0018432670827310412,0.001026392595536966,0.0021498642658239705,0.002711327201113453,0.0014953227710512822,0.0020116980046861552,0.0013654102043459608,0.0026985184418331265,0.0018611068782374467
102,0.0018806102681676836,0.0031834113201322655,0.0014500446367823473,0.0013918272995180072,0.0008357087701475507,0.0018499669757311016,0.0010330293227711481,0.0021542917139458924,0.0027099330902178266,0.0014998498582892686,0.0020171296027735757,0.0013696865636629617,0.0027046354474756706,0.0018712190451768472
103,0.0018864632201341222,0.0031817709009112076,0.0014515768637911439,0.0013932939419575294,0.0008360429862140664,0.0018542743344916015,0.0010404355388660374,0.002161545657158311,0.0027056471221048204,0.001502832671351567,0.002017863828467637,0.0013723671549255752,0.0027086397253385935,0.0018841818619298309
104,0.0018880729373135492,0.0031900788801099995,0.0014455021573617434,0.0013979427194079697,0.0008327763522642823,0.0018534728988957416,0.0010416197418942133,0.0021664920701622205,0.002713966237632539,0.0014981821951568143,0.0020257607766740616,0.0013717492258964981,0.002707163082116566,0.0018864959203035451
105,0.0018898852678742768,0.0032007805404967713,0.0014430292960119868,0.001402268374563193,0.0008380693598043351,0.0018524457710767152,0.0010485499950679837,0.0021688508123318267,0.00272311996630473,0.001495907883440218,0.002030243587527426,0.0013798129063668692,0.0027036283182903372,0.0018987187578773364
106,0.0018923339729591817,0.0032065887486848587,0.0014429742688398734,0.0014078684259738656,0.0008428217024716668,0.00185520049910292,0.0010535573095738916,0.00217317602836073,0.0027294880058307647,0.0014962396012192093,0.0020378546246464296,0.0013882528873192233,0.0027076875910653033,0.0019087883072798214
107,0.0018957764388067818,0.0032066170215349766,0.001442400181267549,0.0014154001956220175,0.0008417843791600825,0.001862647845667345,0.0010517053588386743,0.002179208068651081,0.00273001412575309,0.0014951789237822725,0.002050070368121021,0.0013901295348298245,0.0027185810168240667,0.001905750812111037
108,0.001899639979229958,0.0032101169691850402,0.0014377247776677557,0.0014185676554390354,0.000849822689696553,0.0018660510646453766,0.0010525195982461761,0.0021828341070320306,0.0027325207605266087,0.0014907568228541936,0.0020533769227728017,0.0013995550405452642,0.0027208572888142,0.0019062672830164168
109,0.0019025420911124215,0.0032175838899209915,0.0014385405633789148,0.0014222158583795078,0.0008491295304775616,0.001866886049096345,0.0010568132806575068,0.002185828120180725,0.0027384347712514964,0.0014924298148937059,0.0020574921582960913,0.001401153601286257,0.0027198229980830847,0.0019134275763153274
110,0.001902841898333451,0.0032230098393445056,0.0014408790570924746,0.0014264950859353854,0.0008447170759397419,0.0018660362900751507,0.0010612966546375163,0.002186727176542797,0.002742626106384793,0.0014948810430067442,0.0020624580164051672,0.0013992101020965043,0.0027173251155605043,0.0019212902191867826
111,0.0019022444228995459,0.003222772734454915,0.001437563200887441,0.0014310312800457196,0.0008506763922667696,0.0018664557644791778,0.0010628137829556432,0.0021865487360863975,0.0027416633355381755,0.0014898521544781634,0.0020675530989526848,0.001404919170908267,0.002717252288034165,0.0019236142513481083
112,0.0019072759994029171,0.0032229069415391598,0.0014324020613063996,0.0014338942717776876,0.0008546545741093265,0.0018660169204377137,0.0010653952641938838,0.002193175843908668,0.0027420295267475106,0.001486542002330398,0.002072962430725535,0.0014103064065032057,0.0027188928032508535,0.001929265722378663
113,0.0019069695449754566,0.0032233962116156984,0.0014290761843820008,0.0014388946156869437,0.0008566548173054474,0.0018669237935869318,0.0010672715845907817,0.0021950947858271814,0.002743495502752204,0.001485057465777064,0.0020811315832716935,0.0014142096484187788,0.0027217796085702147,0.0019336575253433733
114,0.0019016146378096907,0.0032247528448992205,0.0014295742922202977,0.0014441486584313966,0.0008574360838940661,0.0018686897915148669,0.001068448037525809,0.0021916408362130627,0.002745727510597344,0.0014862921611545632,0.0020881153476597415,0.0014169346864539739,0.0027232754502059735,0.0019360141426581418
115,0.001906686273892633,0.0032261166873496848,0.0014319419058390701,0.001438607334748349,0.000857507392212804,0.0018654537218504477,0.0010710744665531605,0.0021951709762374314,0.0027449439812948307,0.0014905437646692537,0.0020777806610761504,0.0014191780773305314,0.0027139329249168567,0.0019390525151958466
116,0.0019089101040348688,0.0032256444897797837,0.0014310247286449332,0.001440216444037157,0.0008573883834759843,0.0018622247558973586,0.001073637652772046,0.002197702677221699,0.0027453064449423506,0.0014897572319619817,0.002080122071406379,0.0014201320568043897,0.0027085541541455823,0.0019441113356272613
117,0.0019073904943758297,0.0032252646695595157,0.0014295780686556776,0.0014465010711143254,0.0008589915605629587,0.0018620133101197776,0.0010766458438311829,0.0021967387025962452,0.0027454065036156407,0.0014883488451900714,0.002089180914262475,0.001421225702984963,0.0027088486950694237,0.0019501543391260904
118,0.0019046448603067488,0.003224813852774359,0.0014299740221656984,0.0014501249698876933,0.0008618390104885487,0.0018640164156711906,0.001079520854971139,0.002193714958569795,0.002742896025316972,0.0014907137045702965,0.0020934108138924634,0.00142263456604343,0.0027106594015380483,0.001954469563743327
119,0.0019098432186790534,0.003224172049366165,0.0014307007606266082,0.0014525127271888736,0.0008575030786021274,0.001862646961274945,0.0010794261079084377,0.002200566698050648,0.0027410755039576676,0.0014909483264327586,0.0020951776531775435,0.001419917348088964,0.002706284593551852,0.0019537732551564136
120,0.0019111128413771365,0.0032284908804022364,0.001426362460427483,0.0014579175504457022,0.0008602561147755143,0.001864033262032027,0.0010811968202165555,0.002203807998241337,0.002747232809546985,0.0014866046702056949,0.002103532858813624,0.001425150846653395,0.002708707911966024,0.001957689656359938
121,0.0019073966895938592,0.0032360764593360714,0.001419947026249515,0.0014641061626611686,0.0008694362879957192,0.0018686506732337345,0.0010855850418672612,0.0021999169603043145,0.0027553835842727774,0.0014796288645264647,0.0021125946610372074,0.0014361495578834454,0.0027155837654537734,0.001965330999969595
122,0.0019031356374626515,0.0032359919896098005,0.001417286222572184,0.0014630217841063169,0.0008730982069979219,0.0018698408560753983,0.0010884762328410226,0.0021956091757865375,0.002754416351042312,0.0014761406448534253,0.002109909099044425,0.0014402469067135485,0.002716555835654919,0.0019700513746220057
123,0.0019064472165464831,0.003240390280539874,0.0014175234437681574,0.0014652797669599791,0.0008721558705390973,0.0018691821407934726,0.0010882992960970367,0.0021980433615877695,0.002756660423678186,0.001476884153729593,0.002111139471992687,0.0014413866389752703,0.002712084360084331,0.001968536267207181
124,0.001909431098708399,0.003241226725057447,0.0014166320373977005,0.0014682443122109006,0.0008703958389558384,0.0018670217927078702,0.0010874793633578518,0.0022019199272315373,0.0027571603208832256,0.0014772757099881348,0.0021152805079587343,0.0014418397978930796,0.0027077387226372724,0.0019673702627383727
125,0.0019083936275804062,0.003236170196703251,0.0014136708622659619,0.0014706618981932815,0.0008704559156748137,0.0018659097778976539,0.0010882376816891339,0.0022026553058307583,0.0027521525058347616,0.0014746880239694964,0.002119096880839579,0.0014429999948442752,0.00270690496309437,0.0019694718432666917
126,0.0019101725294885135,0.003234195844435855,0.0014120458724607343,0.0014760603583509216,0.0008700254888489194,0.001870780849621023,0.001089801747097813,0.0022045101241285375,0.0027485556258581944,0.0014736222910529727,0.0021255438594227107,0.001440750825927349,0.002712481387146061,0.0019712567547723464
127,0.0019125748013513204,0.003237763405397438,0.0014113769896183475,0.001478739605227351,0.000872585033180721,0.0018734509436469395,0.0010935505055628034,0.002207518645631624,0.002752324974068863,0.00147445128891256,0.002128843501974804,0.0014448344146602151,0.0027146156386441108,0.001977996999665456
128,0.0019143726651901917,0.0032437663689569643,0.0014103779118656162,0.0014804476229145966,0.000875456784901243,0.0018720753253335639,0.0010960712814611193,0.0022112977951102204,0.0027610873331495654,0.0014744371448337007,0.0021329542968558705,0.0014511247208576692,0.0027140303647886998,0.0019840765012175527
129,0.0019155385903703343,0.0032484845963752815,0.0014083552642404735,0.001485421570644523,0.0008753997107600203,0.0018694370647484456,0.001094504844326007,0.002213326893290204,0.0027667736906963596,0.0014698546978537607,0.0021414080082276378,0.0014497601465962805,0.0027132228440720596,0.0019814946841399377
130,0.0019164540064728652,0.003249323399667718,0.0014053592253582005,0.0014914075345359137,0.0008784818797800596,0.0018739761038889234,0.0010958009341168003,0.0022144350665082245,0.0027675268062529903,0.0014657951490131842,0.0021491854978328427,0.0014550941716113164,0.0027174515742411738,0.0019834386125340275
131,0.001919654809901795,0.0032517079373759594,0.0014059591483191602,0.0014952328459589745,0.0008829323044773782,0.0018758725109680363,0.0010967740034696723,0.0022168719971530255,0.002767750036834889,0.0014656839219335236,0.002152610971581347,0.0014597168746178933,0.0027162636602114727,0.0019837093533757203
132,0.0019219629782719243,0.003254821920547106,0.0014090681977050538,0.0014966516872074152,0.0008864821098127817,0.0018725162473002671,0.00109715355005923,0.0022208522707584926,0.002771135007422843,0.0014705875040887282,0.00215550712685977,0.0014629228046833026,0.0027121004680586073,0.001985141822059124
133,0.0019150567691580982,0.003251518845943797,0.0014079260914935396,0.0014987962735706639,0.000886807547509336,0.0018702934920910635,0.001100377720461819,0.0022143748165639574,0.002766243735497242,0.0014722491159680346,0.0021578609628995493,0.0014646614996450087,0.002708251811921217,0.0019910797933541716
134,0.0019112991885521882,0.003248687914487436,0.0014095211390838644,0.0015008416662999652,0.0008810591532060924,0.001866318202576889,0.0011077819233857266,0.0022095527650269143,0.002760482273968945,0.001475946734911992,0.002159273165308941,0.0014599228424453559,0.002699842069465785,0.0020035003505806896
135,0.0019131711936174456,0.0032452587320675533,0.0014128925740171097,0.0015033502966750741,0.0008737991778449368,0.0018665131249714381,0.0011149088497849572,0.002210914912540677,0.0027537135108626665,0.0014825570455220252,0.002160701261142481,0.0014541855285549398,0.0026968376896816925,0.0020149284825717886
136,0.001916930379934788,0.0032386181079370855,0.0014130270548301286,0.0015058769274791815,0.0008699384758088489,0.0018721931192887903,0.0011177265758367857,0.0022174217040750455,0.002747270154577577,0.0014882982302951043,0.0021640122417910146,0.0014531896322384865,0.002704876499519627,0.002020632972484317
137,0.0019175886708501441,0.0032421638191660667,0.0014048015673199506,0.0015100054908019677,0.0008738621237597724,0.001874246140909744,0.0011235797783374212,0.0022200101560469416,0.002753065663273643,0.0014797381292786884,0.0021706628888539534,0.00145865958657677,0.002708459537783442,0.0020329509017306922
138,0.00191647915994226,0.003249037919325093,0.001396883417598494,0.0015185443445379135,0.0008834910490146358,0.0018742396941417439,0.0011256463008052701,0.0022179783436058866,0.002759606300257222,0.0014664444409588477,0.0021823607128546698,0.0014693060298811304,0.002707691387396826,0.002035916680729633
139,0.0019172348733238155,0.0032561739805029083,0.0013926404741103696,0.0015291162081385928,0.0008937096649594502,0.0018756982793293147,0.0011231354544276439,0.0022187895928471014,0.0027669366806711464,0.0014580292764015009,0.0021973319340535796,0.001482943925056408,0.002709065454692433,0.002030669800643182
140,0.0019234409631685885,0.0032634349151629415,0.0013919804782570018,0.0015366846066227247,0.0008981493235176669,0.0018825357222335324,0.0011202874741118038,0.002226907458856408,0.002774210372299441,0.0014585988376425198,0.002207178865643317,0.0014905109053244203,0.0027148222748180862,0.002025106051003698
141,0.001927412640394732,0.003268531256496814,0.0013965279321988102,0.001543259522462643,0.0008939727807820593,0.0018864226054207893,0.0011271272049536915,0.002232690617300342,0.0027772990081786886,0.0014661983242042305,0.00221613434541115,0.0014906511265311334,0.0027173342195860144,0.002037407800188204
142,0.0019297451713004123,0.0032717461822079443,0.0013952396328922693,0.001547080115803258,0.0008927303864102462,0.0018891406341318623,0.0011365849841838463,0.0022378822796179144,0.0027782970723770482,0.0014690633682604667,0.002222093945462924,0.0014928213711823694,0.0027194239139492504,0.0020550973310349044
143,0.0019316471933565268,0.0032751334162493912,0.0013865226601105678,0.0015497657585165777,0.0008992496499490827,0.0018929227442209323,0.0011439392536260885,0.0022437004373465313,0.002781127555948156,0.0014639651635280288,0.002226686469351666,0.0015038505654191385,0.0027242576999354277,0.002069725977882805
144,0.0019371567283211712,0.0032888629000507605,0.001388559206495925,0.0015611111218774784,0.0009062510177947817,0.001901982819690127,0.001153219015257755,0.002249666359957906,0.0027940658183527372,0.0014638871858065191,0.00224283130453038,0.0015165567941193242,0.0027358677930701555,0.0020865065893660695
145,0.0019433162399382004,0.0033017825839753547,0.0013891385460683362,0.0015746645576197075,0.0009116608950491475,0.0019092619481616226,0.0011594795683434838,0.0022586698600259433,0.0028059859206819643,0.0014634566599897936,0.002261389521136131,0.00152811925230711,0.0027443401084258183,0.0020979261974479737
146,0.0019531975256376452,0.003312196086964993,0.0013870781251375053,0.0015877662704825303,0.0009176922041053015,0.0019162256029771419,0.0011670088100160906,0.0022719202757592056,0.0028136258139067893,0.0014626571553480719,0.0022790267810423683,0.0015403701565149333,0.0027520195554596766,0.0021114183662009236
147,0.0019680493724643627,0.003322473692197272,0.0013852728238133534,0.0015998801270435614,0.0009257699199695619,0.0019259295898608904,0.0011806351673412552,0.002287630726866841,0.002818311531790486,0.0014633024413865585,0.0022952315940279705,0.0015559193608807266,0.002763105928585785,0.0021349473943847713
148,0.0019718245400773436,0.003339971145858413,0.0013858517211999262,0.0016142564900487062,0.0009248033624770141,0.0019354847686243613,0.0011927443270938712,0.002295218916116129,0.002832449472247818,0.0014671099215687684,0.002315170127507194,0.001561157124653612,0.0027732750998206265,0.002156527433064369
149,0.0019810994023550413,0.003359157657377174,0.0013924532511986258,0.0016319497797124187,0.000929041126203678,0.0019482353454843377,0.0012112280192894374,0.0023082635473411464,0.0028473191365752286,0.0014767168038451713,0.002339932588718115,0.0015746806252486581,0.002786690193857289,0.0021898524129359584
150,0.001996684673421226,0.003376130057607666,0.0014001918867657215,0.001650924462683561,0.000942399345047593,0.001964147112308328,0.0012331017259908448,0.002328268107974955,0.0028600739552138736,0.001488118658227822,0.0023680166848621884,0.0016014591052325102,0.0028050763979906757,0.002230450718755455
151,0.0020076029907303396,0.003396271268699217,0.001400098867139591,0.0016699493796494152,0.0009587599807794324,0.0019836739388352756,0.001247483916993436,0.00234364358626297,0.00287401447428026,0.0014917780885728403,0.002394328666607474,0.0016309225243137722,0.002826787445654126,0.0022560893570615936
152,0.002019515500497772,0.0034249788069185784,0.0014045671571924466,0.0016920357763268892,0.0009706375815248063,0.0020020015897118937,0.0012696196705392262,0.002361580799362489,0.002897349295833801,0.0015002299930415568,0.002424986630157538,0.0016564979017679056,0.0028503343538205713,0.002296204921782836
153,0.0020390172437493204,0.0034585770619366416,0.0014147693440512007,0.0017192638587833816,0.000981614740641116,0.002022536403171637,0.0012949328535657022,0.0023873995926675094,0.0029252418549040055,0.001512757784872599,0.0024635568254083007,0.0016821363185651496,0.002876338116774005,0.0023419462932955755
154,0.0020672123351297166,0.0034938793256399374,0.0014274064658290032,0.0017513959659545921,0.000997595663633873,0.002048541814839686,0.001319116601173805,0.0024224827270692226,0.0029547623038094204,0.001525925742771258,0.0025102402647923672,0.0017138145907045718,0.0029075669217743273,0.0023861029264697162
155,0.002090785356025589,0.0035362578432737504,0.001433587616324645,0.0017837857450815557,0.0010257949653205596,0.002078509703027484,0.001349911701720653,0.0024549467829328045,0.0029910896555793275,0.001532637034413173,0.0025566830321371047,0.0017603446315985747,0.002945416738629583,0.0024431401666436237
156,0.0021143451819074497,0.0035813256255712977,0.0014497109128619652,0.001819417488515357,0.0010520434234720043,0.0021124188629684207,0.0013846012725982984,0.002485746176427695,0.0030257296906903057,0.0015515450934988856,0.0026062503780651856,0.0018065585718289446,0.0029876058184968744,0.0025047914094029618
157,0.0021415446935201784,0.003629153991850505,0.001471803442788206,0.0018589047245504114,0.0010724801406909574,0.0021470767372144687,0.0014224482778325456,0.002522214991382249,0.0030641773829248246,0.0015796936073586064,0.002663843079301558,0.0018497070745098919,0.0030330447888982964,0.002573775707285019
158,0.002176484874479081,0.0036843405941684023,0.0014890641677431772,0.001903006045229384,0.0010911052315006242,0.0021811356046519954,0.0014645375153480586,0.0025669334297099013,0.0031100108602035693,0.0016014261869150418,0.0027278562158155077,0.001889831910307601,0.0030759152455643694,0.0026509623611351333
159,0.002211398643239311,0.0037446929823685164,0.0015160159917340225,0.0019534871494428702,0.0011225761428222548,0.002227622482745194,0.0015094311862821755,0.0026112166668125435,0.0031579188480418247,0.0016315162209462075,0.002799275047710358,0.0019481654917162953,0.0031342422253637925,0.0027320014247240124
160,0.0022523658948854905,0.0038123222069316467,0.001546278121580683,0.00200640107501126,0.0011603570832852596,0.002277726307106114,0.001561879597262176,0.002664087783710906,0.003212806190514256,0.0016643654235254414,0.0028756198596735145,0.0020150733660703364,0.003199433380495963,0.002827248886165995
161,0.0023017086261014285,0.0038890026973084197,0.001576492875508479,0.002061846721723915,0.0011977902765870846,0.0023282193518595444,0.0016219429617426407,0.002727220292345252,0.0032762344270007506,0.0016968956426414146,0.0029576360433899896,0.0020813146618982007,0.0032665548889013966,0.002936492034888271
162,0.0023539116212541503,0.003977334703719401,0.001610143806175886,0.002128947423230755,0.0012327732087767044,0.0023900283635923773,0.0016822003024172037,0.0027953014681886532,0.0033512556741535637,0.001735313206987321,0.0030573712780960468,0.0021505954625049323,0.00335030219136922,0.0030481263772199345
163,0.0024131005404589533,0.004077216225866595,0.0016538314098387516,0.002197347136262384,0.0012740676063913198,0.0024599586800980932,0.001751507520370035,0.002869639128758163,0.0034334054116127886,0.0017822591162773,0.0031559857082923432,0.0022265305228418544,0.0034409075550196067,0.0031734370946264138
164,0.0024779153110213122,0.0041833373589048066,0.001705648142874624,0.0022673585068473776,0.0013248551187163126,0.0025363541394379198,0.0018300482488256007,0.002948983301737845,0.003518572556475475,0.0018368749871932812,0.003255463651611081,0.0023140725604285615,0.003539209636196839,0.003313913456993692
165,0.002547834638549795,0.004292247233016297,0.0017631141179647997,0.0023433799718398244,0.0013848693849991811,0.002619426158287104,0.0019162642537469056,0.0030350342908923053,0.0036058900261943827,0.0018994332882655987,0.0033665700485319204,0.002417758046030314,0.0036506919310578126,0.003470032501307247
166,0.002624620630954021,0.004399192600827429,0.0018256131875722926,0.002421039135645876,0.0014411707252152124,0.00270641825547588,0.002006002489679867,0.003131412560219226,0.0036897049664449165,0.001969483809776386,0.0034801579280363476,0.0025166987679444233,0.0037676554753439716,0.003633314546744183
167,0.002709309170132167,0.004526263609049218,0.0018984923232503333,0.0025084698996289886,0.0015027711066135459,0.002803247256451542,0.0021062109329344626,0.003236346539447711,0.003790807185493101,0.0020478433263604943,0.0036066531127913284,0.002624274802485706,0.003895436353529467,0.003814787317786057
168,0.002801131597347509,0.004677113724387659,0.001977816366687435,0.0026077734239142564,0.0015751848339724038,0.0029095738280465735,0.002212438666479153,0.0033501399905120797,0.00391617901419175,0.0021295665889576832,0.003751610819759668,0.002748504960673275,0.004037648879515268,0.004008384526836743
169,0.0029013633625540065,0.004841594007019697,0.002052893677073663,0.002717438575972132,0.001660367681542668,0.0030221237111717446,0.002312543831930442,0.0034731864994997563,0.004055089982198766,0.002202976240104074,0.0039115408626955546,0.002887378303878556,0.004192413458567833,0.004190056459703294
170,0.002998613540476507,0.005009596215138801,0.002134182602488386,0.0028259120558367496,0.00173986790666178,0.0031357417698679303,0.0024155780799437754,0.0035929231623161246,0.004196030423059493,0.0022819898568696042,0.00407018768468268,0.003017191743649032,0.004347087962236607,0.004376017789851507
171,0.0030991725056073657,0.005177036996917454,0.0022186443204886457,0.002932290905160191,0.0018189976583128495,0.0032523371416736577,0.0025219480218583736,0.0037163676960558895,0.004336070509235936,0.0023667616729519977,0.0042264958842221385,0.0031471945794133765,0.004505228673798333,0.0045681660406473815
172,0.0032038300022910362,0.005336043576727183,0.0023011942678906354,0.0030359364137496694,0.0019020261765649,0.0033700846955631277,0.0026286891316534204,0.0038457417545945485,0.004470614809270537,0.0024538223758936418,0.004380898578450246,0.0032846856221532003,0.00466810174428912,0.0047640456979331156
173,0.0033096136742269905,0.00549268388557234,0.0023905356795860954,0.00314773205770334,0.0019854342478272283,0.003492434799003183,0.002742829652579505,0.003972125359356839,0.004594506860313202,0.0025438990897610546,0.00454208271722586,0.003420032232121849,0.004834134035150702,0.004968230887755704
174,0.0034096487832899433,0.0056552834598613735,0.002486309950062655,0.0032546449173118767,0.002072595320468399,0.0036136647793449817,0.002856983250820935,0.004095631447544565,0.004727263749954553,0.002643111576566455,0.004698461336056902,0.0035605312040486426,0.005000666615436457,0.005175119076259461
175,0.0035089524491866823,0.005816668904736951,0.0025876999906730303,0.003355495492881284,0.002159106459071286,0.0037318411007934704,0.0029712045253485627,0.004219263109765735,0.004860007930251779,0.0027514649628734567,0.004847413668203565,0.0037008421837839895,0.005162336830943887,0.0053830933658526176
176,0.0036158972750822208,0.0059642144282978,0.0026920072231044734,0.003455684676463255,0.0022383313610808537,0.0038469426142913946,0.0030882954054575096,0.004350081854195927,0.004978237414199522,0.002866340573662746,0.004996805436169759,0.0038333292017604364,0.0053190792018007116,0.005597093082614523
177,0.003712322966253491,0.006130555122896452,0.0027887620440508257,0.0035606746816219674,0.0023195432457928074,0.003962616158271048,0.00320370268434821,0.004467085058324861,0.005113671590982075,0.002966781804437863,0.005149256215128243,0.003965711407903672,0.00547398646313139,0.005804649157960704
178,0.0038079557524293133,0.006302759148734151,0.0028743622651196616,0.0036696008260937436,0.0024034223538010615,0.004073927725764379,0.003306541324954264,0.004585295658985677,0.005261797479536473,0.003050123318196084,0.005310592109600607,0.004100963405317448,0.0056301179119477565,0.005992536697683132
179,0.003913623909189331,0.006475165007974379,0.002956565545264846,0.0037830463987369345,0.0024908728586228016,0.004184986673307985,0.0034018882299599994,0.004713115608412319,0.005410130168089065,0.003125770593973971,0.0054775053571197545,0.004238166179165585,0.00578775418058349,0.006164894039245315
180,0.004006674559014097,0.0066130256091935305,0.0030352309051498447,0.003876439617828337,0.0025664964760841232,0.004284128032482326,0.0034958416105481047,0.004828287694646861,0.005524531378760273,0.0032071947912619865,0.0056151480605510515,0.004358028101862214,0.0059263375206984594,0.006336120465262593
181,0.004085618851462164,0.006733578653521923,0.003112739268988783,0.003955767650995008,0.0026276828885040265,0.004372145313001331,0.0035857025485108323,0.004925616362323315,0.005622177628593686,0.0032921949117301853,0.0057325631845247214,0.004459479928849888,0.00604549745470965,0.006499405586493495
182,0.004157787207328074,0.006847643046206347,0.003187511227496423,0.0040277222988844815,0.0026850254654111087,0.0044579672294210925,0.0036726273423008005,0.005011763978983956,0.005711438301767554,0.0033739880424918487,0.005836340179786749,0.0045535773668261845,0.006157766183745127,0.006654247716488068
183,0.004228701425405128,0.006959174522656045,0.0032538124837608803,0.0040968029422558195,0.002748162149643495,0.004545842057858142,0.0037546706321268555,0.005097826944056604,0.0058012844269015205,0.0034450578118997667,0.005936459982283332,0.00465419782687669,0.006276640770234459,0.006802007017426655
184,0.004292953547309677,0.0070757637258973384,0.0033097631092410067,0.004170355194849415,0.002809924195529443,0.004622445411400673,0.0038266958129440053,0.0051802583931847895,0.005904776086199986,0.003501757976363593,0.006047075013308145,0.004752143562579094,0.006385654000675194,0.006936164278524058
185,0.0043586625513825535,0.007188832566906653,0.003364911998552578,0.004242597670783205,0.002870000644350683,0.004692843842635489,0.003892026790580319,0.005257893935100037,0.0059999154622932755,0.0035545722201257395,0.0061497162568948825,0.004842200560249192,0.006480675360126085,0.00705111946761074
186,0.004422737442944493,0.007286468633271383,0.0034190552116144654,0.004306408727966094,0.0029247293079180487,0.0047581434301182295,0.003952684690641051,0.005334264563134658,0.0060811796427320125,0.0036111024631644397,0.006241664848111129,0.004926824390008258,0.006570224545049354,0.0071596866131181545
187,0.0044735849465424755,0.007360476255476778,0.003464181737962356,0.004357788272549173,0.002969275709211162,0.004817577407961075,0.004011585184388853,0.005399277711790595,0.0061419622395921455,0.003662800078642231,0.0063181041218620055,0.0049984773262670154,0.006652150413497132,0.007268438627689284
188,0.004516195326613044,0.007427360640610831,0.0035056508021989647,0.004405840168544333,0.0030088465966665546,0.004868052870153571,0.004065787332068036,0.005453686188997103,0.0061981545783632505,0.003710938860704716,0.006390457983267666,0.0050615582343147844,0.006720234101857444,0.007368830292655779
189,0.004559018545761011,0.0074970800755414305,0.0035477305243080365,0.004453657649738748,0.0030488564886229264,0.004917311086860958,0.004120287494857226,0.005503475957990318,0.006252218823072698,0.0037568875815862236,0.006456941253681567,0.005121894003958431,0.006781409632134571,0.007463558815149864
190,0.004595848127696825,0.007555275438800699,0.0035825638542094154,0.004491135430423514,0.0030838839663290514,0.004958995496450602,0.004167833550579996,0.005552514694069842,0.006303297244454986,0.0037996519736380823,0.006514318448861836,0.005181089534642618,0.006840976110321994,0.007553741834935893
191,0.004635206695065924,0.0076221427764350145,0.0036139329767477194,0.004533683392935262,0.003117239622790145,0.005003063195351295,0.004215574296591776,0.005600831060906048,0.006360209326540659,0.0038358418444911333,0.006576015213264075,0.00523344078227215,0.006898338984476482,0.00764009487870369
192,0.004676625203197163,0.0076894819654812815,0.0036438273651532753,0.004578384524023254,0.003152438303268831,0.005047539933919261,0.004256819311785186,0.0056551797394873106,0.006423178779375614,0.0038685524368825136,0.006645164558250294,0.005291435040860048,0.006962786282750376,0.007719380652674184
193,0.004713788589710599,0.007751407081049513,0.003672048013739112,0.004622189101209968,0.0031892925882268156,0.005088166117919805,0.004292381285254808,0.005699335480620925,0.0064755615820684355,0.0038947503888179277,0.006706607415923854,0.0053452919428823445,0.007016226788399733,0.00778077980476112
194,0.004739100593135915,0.007804830893584521,0.0036971453861737984,0.004662268633878156,0.0032248225757680314,0.005120743531148149,0.004328320794100867,0.005730533353117973,0.006520108702574819,0.003924284183173416,0.006763609499312762,0.005395280899867468,0.007056896007157162,0.007844158218671548
195,0.004770927742105303,0.00785645726296236,0.0037222735639071366,0.004697492746349956,0.0032555271860497466,0.005155800823771954,0.004368186525453014,0.005771068136279807,0.006563502423821035,0.003955043254611041,0.006815082052756151,0.005444345868366744,0.007103554621253429,0.007917202434152762
196,0.0048016385639426595,0.007905270892666296,0.0037478158207639124,0.004731420565932087,0.003280972855188067,0.005189458007978239,0.004407046190337703,0.005805843966322801,0.006600055387354949,0.003983052713941816,0.00686009681668156,0.005483384432091438,0.007144039506016141,0.007983080128387575
197,0.004829856655761109,0.007956071912774039,0.0037751196637839804,0.0047686091921918415,0.0033061608715905127,0.005222610201291813,0.004444903852914019,0.0058469423418361765,0.006650233036227024,0.004019084329280757,0.00692183264484863,0.005529888857777396,0.007196062621484069,0.00806057101137288
198,0.004856197321910548,0.00799925433558255,0.003794631082201377,0.004796863699351746,0.0033347708047313154,0.005251380933612795,0.004478750636738943,0.005879428376254459,0.006686330168335743,0.004041022862704,0.006962401583808461,0.005572466570022941,0.007233307587904812,0.008121767068213867
199,0.004889023275161669,0.008048163430974005,0.0038152204136183195,0.004831827084324728,0.0033654644907519194,0.005283164584667235,0.004511198824679551,0.005918616226183557,0.006727306563669988,0.004062219841180656,0.007011962753732796,0.005618021812975186,0.007275429124391603,0.008179236963092987
200,0.004917586506901835,0.008091090114800458,0.0038341472874961154,0.004864377772128866,0.003390869746983162,0.0053110259098431275,0.0045396011557944154,0.005950379940734106,0.006760820229798859,0.00408105264610889,0.007055263039449899,0.005653682629823167,0.007309184174981016,0.00822567773436912
201,0.004934446302657307,0.008122494841631333,0.003850301222769521,0.004886652195841394,0.0034086358248816727,0.005332241473144792,0.00456624204780774,0.005969174369331206,0.006784192900663607,0.0041003400787701936,0.007083923309906966,0.00567798368980148,0.007331893871752267,0.008269091450080663
202,0.004945823209476345,0.008145681449887927,0.003858746122625288,0.004907011947640561,0.0034248662091201157,0.005346315991516343,0.004585156102133375,0.005985481786318243,0.006804539847440355,0.004110684308042501,0.007114126171072233,0.005702359863275009,0.007351209354439777,0.008304592089050232
203,0.004957018181327213,0.00816545600240016,0.0038591591345090593,0.0049218583747344,0.0034367408142596087,0.005354736876340414,0.004595373964984274,0.00600767180094102,0.0068319402473436906,0.004117429708383186,0.007143922199279342,0.0057269111459060515,0.007370569179099114,0.008333755360089774
204,0.0049644518860207055,0.008178562709612248,0.0038516363111116554,0.004929736731777818,0.0034428094523386125,0.005356731219603584,0.004596819532425484,0.0060139546752850425,0.006843063539273074,0.0041101428277679885,0.007150486232440414,0.005732412856799313,0.007366611508916705,0.008331619734144308
205,0.00495445643733159,0.008173444148283426,0.003836882440634196,0.004934116216902116,0.003445018179146379,0.005349637475580794,0.004590891826368789,0.0059998876831138795,0.006835395433486005,0.0040946275614741215,0.007151977254349992,0.005729760861012443,0.0073504192486987625,0.008315613937887784
206,0.004937663775423417,0.008146770448817299,0.0038240664613823604,0.0049225143734531905,0.0034363349963870736,0.005331721025718032,0.0045782711716632705,0.005982072694908812,0.006813891300811535,0.004086223800235046,0.007136095993844486,0.005717631924005383,0.0073239926321896675,0.008294360998540067
207,0.004920156876151021,0.008111303753187095,0.00380793516379358,0.004902885304352741,0.0034235533761320215,0.0053090736285681655,0.004561046716980191,0.005966243908170479,0.0067883259213504495,0.004078825948776047,0.007111675681614477,0.00570202585228952,0.007293196804991031,0.008269234403591718
208,0.004897190409561949,0.008069131669816298,0.003776767166193758,0.004880053046825886,0.0034097209425237016,0.005280094541705943,0.004534827320026035,0.005941186711004483,0.0067546856624017505,0.0040550962806000035,0.007078277448129648,0.005678464964713806,0.007249331976314221,0.00822399786757865
209,0.004861022885273159,0.008017475638173276,0.0037375277384245568,0.004857196667637386,0.0033916380732751613,0.00524124498685866,0.004501129340382048,0.005892751097348302,0.006704916457126179,0.004013950467699959,0.0070349783017146774,0.005640516976618804,0.007183739680681828,0.008153581150520171
210,0.0048253350438783,0.007965989117570842,0.0036957601857319404,0.004832625480844408,0.0033727779059838127,0.005201113942641872,0.004462356705299085,0.005853571012914921,0.0066669226054485485,0.00397437634896138,0.007000372140665849,0.005610225029101517,0.007127654620903924,0.008086144624823708
211,0.004788771070732423,0.00790969202376482,0.0036511054967140947,0.004801339142220528,0.0033517072416465884,0.005157603844108274,0.004418610174354629,0.005811093830928584,0.006623782260071255,0.003930803190009443,0.0069541988662041535,0.005574900193218011,0.007064736282494089,0.008007421365124534
212,0.004743274423867074,0.007841399256919327,0.003602493489600394,0.00476209386026573,0.00332700299539744,0.005106234979124265,0.004372961656491634,0.0057549734563633916,0.00656685981433773,0.0038836379155222913,0.0068926014406890425,0.005530888141307815,0.0069878304959100695,0.007921820806134362
213,0.00469434659266214,0.007769481894824378,0.0035496466655667333,0.00472355993267855,0.0033007753196818484,0.005055648638803966,0.004325093838287707,0.005692277647671562,0.006503625610298984,0.003830006127435256,0.0068290764100383625,0.005480595232161902,0.006908383443494188,0.007828478251202524
214,0.0046418021407160495,0.00768905792723835,0.0034923231133344706,0.0046797528065905345,0.003267364586418929,0.004995882945549186,0.004271084595707536,0.005633857869118424,0.006443046870904529,0.0037784449443788153,0.006768381993246914,0.0054280079878834655,0.006825981204570598,0.007735599677001434
215,0.004585895898024729,0.007600867228557492,0.0034325979752862293,0.004629204084801114,0.003227026847812804,0.004924844114001888,0.004211345769252429,0.005573535211871712,0.006378651316403039,0.0037273633969130728,0.006700343487039182,0.0053683923572498595,0.006730493692874967,0.007635261587673306
216,0.004518765133347509,0.007509031985339562,0.0033698036197268794,0.004578815579235758,0.0031917338701218457,0.004857541016122757,0.004149490096808301,0.00549479569950084,0.006304897678584331,0.0036675326332351165,0.006624540092787812,0.005307085547346991,0.0066355254155628565,0.007523361735582599
217,0.004454896455846359,0.007412087449660223,0.003302956038405769,0.00452445399765452,0.0031503978707033507,0.004786335436458623,0.004083120029939658,0.005415204060469029,0.006221864666187372,0.0036007895793966353,0.006538217476465795,0.005233843499725825,0.006528781586544137,0.007397590534074667
218,0.004390157354199808,0.007303614595182169,0.003233482054274645,0.004462290826784758,0.003101393204849845,0.0047091117075352615,0.004013093784836777,0.005337598169091766,0.006132711610798853,0.003535772619902517,0.006445664195825879,0.005154186763551475,0.006417142047521267,0.00727065888266057
219,0.004316849974658614,0.007184423128922261,0.0031669999647078663,0.0043943551584802384,0.003050870608172996,0.004631024142203864,0.003945737077348369,0.005245978416039475,0.006028559523087712,0.003474722404226146,0.006340066784001783,0.005067977099005712,0.006300216287861574,0.007143809316084738
220,0.004237989502251535,0.007058760786818373,0.0030981548311213446,0.004320780144243398,0.002993699134575229,0.004544956323426296,0.003875943217516437,0.005153165539265431,0.005922792986492513,0.0034151723794632756,0.006231166315668114,0.00497736609884568,0.006176728101819441,0.0070181697607213985
221,0.004162380710565007,0.006934959558976242,0.0030274401014463025,0.004251070981454625,0.0029410423590563754,0.004460904339109336,0.0038036640017330998,0.005064702181786879,0.005819874860637987,0.0033503839950257486,0.006129057218968015,0.0048933409067537705,0.006057226374649802,0.006889030170962668
222,0.00409357387099485,0.006818942256197264,0.002956021340066839,0.004188544313170085,0.0028964802697118834,0.004383850655464221,0.0037296509403470343,0.004978467319966375,0.005719881891800702,0.0032768455169463646,0.0060322898762442,0.004814647905587047,0.005943198520245963,0.006750480325177822
223,0.0040273777667733735,0.006714891443412495,0.0028867785364677114,0.0041269027374676685,0.002850090624902186,0.0043094794118664894,0.0036561331570849585,0.004899852250620733,0.005638566908503462,0.0032091496066722126,0.0059436537323288565,0.004737828895338104,0.005841177630622353,0.006619528368385349
224,0.003960323363517576,0.006616401079741618,0.0028244861041469608,0.004068741707169044,0.0028014616184150027,0.0042383177463679814,0.0035872431470946545,0.004817370182422903,0.005555106231673037,0.0031482411130871633,0.005854793795675609,0.004657174964236649,0.0057372893980415975,0.006490926629967872
225,0.0038961233041473423,0.0065234761666264586,0.002763832699169127,0.00401512856970052,0.002756423640059085,0.004169240336712909,0.003521640817776476,0.004744029324758271,0.005483127929904518,0.003090968098499203,0.005779185607652677,0.004587483876121583,0.005643116944933539,0.006376351550368317
226,0.0038407152313364766,0.006439656822644012,0.002700250435094689,0.003967397585575589,0.0027214262090899735,0.004102559263362995,0.003457718247597663,0.004678659658476095,0.005421269146064022,0.003024202024327906,0.0057114622038554426,0.00452805220015251,0.005553731545265944,0.00626470333933732
227,0.003787674491378797,0.0063579807141448804,0.0026440695230944364,0.00391991758629138,0.0026855888852251827,0.004036641351724645,0.0033935349856349245,0.004612678903953364,0.005355263156355163,0.0029639992175821083,0.005640424791187495,0.0044641484441246574,0.005462422517518286,0.00614644663243172
228,0.003736075907258912,0.0062844882471079,0.0025906070674267556,0.003874135483607965,0.0026521095821175527,0.003974774385782316,0.0033335224398653176,0.004553435596755704,0.005301126864025977,0.0029107383569982573,0.005576881205207492,0.0044101074138512926,0.00537996815625082,0.00604154405792154
229,0.003687491383913979,0.006216320431547943,0.0025401537561654066,0.0038309991498582615,0.0026220070859906534,0.0039200030838010495,0.0032794422376173455,0.004491135994953241,0.00524262974261091,0.0028569180625683767,0.005508278145619784,0.004356407357457349,0.005297387315179129,0.005938524694003037
230,0.0036443868622808707,0.006139386678522297,0.0024977000848740243,0.0037891468590873544,0.0025923320664820136,0.0038729739330480707,0.0032287897220493046,0.004439218571502289,0.005178501807261065,0.0028143054954967764,0.005446383547009588,0.004307787775197284,0.005233141547753492,0.005847772383075379
231,0.0036063334315130477,0.006064412125484727,0.0024600690064931273,0.0037498250884969056,0.0025651323705185,0.0038242323688352157,0.0031801776461435035,0.004388548104303315,0.005108951018360488,0.0027774725567351146,0.0053828466251099345,0.0042588135271675685,0.005158904745016007,0.005754224307531138
232,0.0035659357453288517,0.005992123385328948,0.00242420885414162,0.003710822836291457,0.002536532681428261,0.0037751966165614492,0.003134691758589358,0.0043383955059115055,0.005045922363944186,0.002744944094419128,0.005324276780869294,0.004210968699689495,0.005088043009165186,0.00567057911822903
233,0.003523685939414166,0.0059293613012689405,0.0023901676717764937,0.003675472048708269,0.0025072376979827565,0.0037322461698301164,0.0030957937592085345,0.004287773127977334,0.004994314958655806,0.0027128224271361907,0.005272956230133999,0.0041637145494630295,0.005028904944001435,0.005600960899617104
234,0.0034902482826215065,0.005878310755899226,0.002355449577446493,0.003647298972024654,0.0024815710916141964,0.00368996026413363,0.0030570473861335594,0.004248910002245835,0.004954057030590977,0.0026803411665734032,0.00523268005004684,0.004123600775281136,0.004969985435022741,0.005532366894485647
235,0.0034571075328079367,0.005831486362409685,0.0023225369715359394,0.0036211090848389397,0.002462510371290925,0.0036517053385446657,0.003019840140942491,0.004212289010745302,0.004921277046146827,0.002648851547372554,0.005197945381420773,0.004092703733432142,0.0049210363050001095,0.005469324934416205
236,0.0034249864538327267,0.005792308202247983,0.0022921777226067325,0.00359701046545972,0.002447785032807276,0.0036199844897473127,0.0029859677324107765,0.004171001868390189,0.004889189547194386,0.0026148842306458783,0.005159446469999381,0.004061819948053478,0.004875843236826721,0.005404781099643259
237,0.0033933959469623744,0.005757643183630071,0.0022602435002920863,0.003570698503151483,0.002426833941245491,0.003589043741908179,0.002952300823608515,0.004134041419915943,0.004863862108976147,0.0025820853868604382,0.0051216195152962935,0.00402781316422238,0.004833865239786906,0.005344297585482324
238,0.003370680319886569,0.005716667305278539,0.0022409387870667213,0.00353920298832917,0.002406264538920271,0.003561558087573009,0.0029346017023664395,0.004140244878813774,0.004867680376864968,0.0025864463365342177,0.005115102186767458,0.0040257415344485915,0.004830819537970827,0.005353760385829406
239,0.0033489082691332446,0.005676543950397375,0.0022214962087340464,0.003513106247588181,0.002387552140421737,0.0035392970936761092,0.00291995829933268,0.004081383834003906,0.004793784842258697,0.002550951466326115,0.005035070315531334,0.003962445344085088,0.004758521212553594,0.005283882658018494
240,0.003325042349948718,0.005643239701999745,0.0021938820208123808,0.0034990885616593614,0.00237306596635218,0.003521558852949681,0.0028982121794474047,0.004053764956581448,0.004767395656180057,0.002526540443816173,0.00501634334800094,0.003938402382473231,0.004735499303562862,0.005246400747856995
241,0.0033100296146015696,0.005609270191158324,0.0021663706339555356,0.0034885661684438004,0.002368005683094941,0.00349974524373128,0.0028719983465695944,0.004030744603714942,0.004735465175962712,0.0024929016643491938,0.004995796053418929,0.003921161640960658,0.004700904517856392,0.00519315863811932
242,0.0032908445674697724,0.00557481027175153,0.0021488065092957463,0.0034732923480635803,0.002353909864207514,0.0034782785400571687,0.0028527802904984283,0.004010329940018617,0.004708581878254694,0.0024777333728038813,0.004975738100879308,0.0039013092882204197,0.004673116513845419,0.0051609251407205535
243,0.0032721818336426704,0.005544251598332472,0.002138999343285293,0.0034563440861372224,0.0023376262296766308,0.003460876712580177,0.0028420519300787947,0.003987887061798357,0.0046793013675029485,0.002473333818686137,0.004949213689866996,0.0038775069786435123,0.004646325828759369,0.005140493052722047
244,0.0032578341675350083,0.0055137040790054085,0.0021271861007479136,0.0034387969847095644,0.002329320681333242,0.003443789017227769,0.002831153380709436,0.003974795485534828,0.0046562857967858366,0.00247049475647039,0.004930015860580993,0.003868514595845446,0.0046267025283860605,0.005127447254521657
245,0.0032502087345075274,0.005495067020034452,0.0021213995380760927,0.003427238214526513,0.0023257411922050406,0.0034268765327608664,0.0028171648161336295,0.003964059373069833,0.004640516601441009,0.0024653447694447032,0.004911997156418906,0.0038604599190214983,0.004602357753094256,0.005101940484864807
246,0.0032368134449980244,0.005478824680253689,0.002111377864240798,0.0034177262858016075,0.002322781682449621,0.0034121583415411844,0.0028029737679510086,0.003947127184255738,0.00462585168387229,0.002452565501518339,0.004896117873276416,0.003851900390721014,0.004581162560395655,0.005074765452075664
247,0.0032161766276111526,0.005459365412870405,0.0020947030716509615,0.003407076169959075,0.002317086241882867,0.0033989131131273915,0.0027892802692024506,0.0039217310884464,0.004606538533689199,0.0024323970428374244,0.004877770262693994,0.003839127342683404,0.00456089201918126,0.00504712808279278
248,0.003205004035651269,0.005442101207631968,0.002081997027659658,0.00339673890608642,0.0023081417790393483,0.0033851133463264835,0.002775262375372977,0.0039303460958418105,0.004620950161488415,0.002434537164260625,0.00489069033588373,0.0038490418307924254,0.004566954157165415,0.0050515397841287436
249,0.003193286884567819,0.00543149808798664,0.0020686561910184084,0.003391880114928468,0.0023026818143148057,0.003371292893420366,0.002760871687522134,0.0038924112897826563,0.004585921130681338,0.0024050003132029692,0.004854201660946527,0.0038167044405527932,0.004521473207369941,0.004995654825419751
250,0.0031771749598089377,0.005413349827352296,0.002055925400408639,0.003383496057987554,0.0022969298883993776,0.0033561012427944007,0.002746020062245343,0.0038755188949728373,0.004573058789768623,0.002391662859133257,0.004844919671058473,0.0038075054149759556,0.004504794197708601,0.004971849416787467
251,0.003159923369677239,0.005382123038043442,0.0020458860359837757,0.003367377682981121,0.0022885734074087768,0.0033413093889688053,0.002732413691383188,0.0038567809083588723,0.004546660392829407,0.0023838459845407366,0.004823359574731571,0.003794385759840077,0.004486037781679246,0.004949172184002479
252,0.0031480029136131855,0.005352639064395339,0.0020287905920584395,0.0033538415113772225,0.0022805302402706053,0.0033220481246350195,0.002711508085443454,0.003842985862342089,0.0045236734399814165,0.0023695158772126666,0.004805033099842707,0.003781797601624784,0.004460357735602472,0.004913196635851496
253,0.003132326142969444,0.005324837268538183,0.0020082581211452876,0.00334036248203433,0.0022698874759133235,0.003299185873800204,0.002690196669406308,0.0038206351433051748,0.004497294008749547,0.002346995770173497,0.004781582780794553,0.003760793595157214,0.004424450377093665,0.004870634728187912
254,0.003110865652292401,0.005294124305639068,0.0019844037606165,0.003323655885017005,0.0022555251963097813,0.003273435404535502,0.0026689244978347778,0.003794609021026741,0.004471141443082988,0.0023218751978617666,0.004756734246640352,0.0037362961416779663,0.0043877633145471264,0.004831293651262533
255,0.0030892653995978634,0.005256605509271504,0.0019562076790555446,0.0033025003961564253,0.0022392477701801057,0.0032474638766883186,0.0026445323018618717,0.003769874206303947,0.004440731430873593,0.0022968145260882614,0.0047267975185415045,0.0037105855165312247,0.004352959971551869,0.0047883567291147015
256,0.0030625118175775954,0.005214948396180271,0.0019360039335753827,0.0032778163882367507,0.0022199433368514493,0.0032207336887927667,0.0026168040247476756,0.0037369654771488153,0.004406328840103204,0.002275634309302283,0.004691544048535408,0.003678982914869083,0.0043168310126519924,0.004738430860015486
257,0.0030331529630130026,0.005169294998151982,0.001914848276200675,0.0032499613626893287,0.0021967384102177102,0.0031891573110107924,0.0025846113327392044,0.003699655984955231,0.004367522436630139,0.0022523500531870114,0.004649445737037391,0.0036405173179609638,0.004272348148071796,0.004678684081468362
258,0.003005331833894862,0.005123123529920886,0.0018869199164679275,0.0032216315278655104,0.002172022889883257,0.0031539158923489332,0.0025506280419993663,0.0036664571118214064,0.0043299458872233425,0.0022260157780328227,0.00460757768143404,0.0036011768577080936,0.004223599781511223,0.0046172848558028255
259,0.0029721451505391053,0.00507043266619283,0.00185610046157934,0.0031895908950972,0.0021482262775133886,0.0031194322643065876,0.002518041107851153,0.0036345312692000523,0.004295176217539144,0.0022023983221661878,0.0045722959108987805,0.0035702087095185056,0.004185261369271721,0.004569060462577939
260,0.0029418293061882136,0.005020806933819051,0.001827337113793435,0.0031587131099785407,0.0021245157307040055,0.0030863244099092815,0.0024841196228253654,0.0036204583397321096,0.004281933458535001,0.0021857004601404466,0.004556348153419638,0.0035539130571334717,0.004166410254635076,0.004536772201582522
261,0.0029126777046128913,0.004969702914153794,0.0018014371999777413,0.0031280150569830724,0.002099397904657613,0.0030504814847217457,0.0024475492095924253,0.003577857424155095,0.00423263287217585,0.0021525984576988037,0.004502624708743955,0.0035058991116255537,0.004109557167836441,0.004461959446464843
262,0.0028818593713743484,0.004913994433594163,0.001778472150399244,0.003097782851571646,0.002074081815097902,0.0030108020610386875,0.002411056943131777,0.003522387087615808,0.004164182163309491,0.0021206414060685195,0.004436024156801127,0.003446008904124161,0.004033693027465352,0.00437336661203112
263,0.002843980248267693,0.004863214515257318,0.0017511488211571563,0.0030677552388841747,0.002050480219003041,0.0029753110692636005,0.0023755327678019068,0.003469418090945743,0.00411440182593354,0.002089521890093128,0.00438376208146888,0.003399825332972383,0.00397704510240702,0.004300838216514175
264,0.002810290990850229,0.004812899935989519,0.0017190712975400351,0.003036205329284296,0.0020260714653844484,0.002940303949976155,0.0023405173559699656,0.003426682988428187,0.004071423702849093,0.0020554593361776915,0.004336564104959635,0.003358157220410936,0.00392705427503978,0.004236215174795981
265,0.0027841665080635784,0.004759747519040904,0.0016867014442944201,0.003004147496831124,0.0020006855771417752,0.0029037634858295335,0.002305697014948042,0.0033944498356990017,0.004026663444017827,0.002021936863189429,0.004290639138221317,0.003317282634129593,0.003876350628149635,0.004173614700342125
266,0.0027549401017610284,0.00470616211319924,0.0016655144912784533,0.002978798124031452,0.001979573551572258,0.0028695733123306442,0.002272144561519499,0.0033611075505090384,0.0039831650136126695,0.0020039099625929918,0.004256467997994656,0.0032840438694749672,0.0038332027225321304,0.004115608937431317
267,0.002728961807748171,0.004664883166618403,0.001644518127867265,0.0029552853766929127,0.001959155954606698,0.0028393717571417805,0.0022423269436304414,0.003328820894733976,0.003949479787127567,0.001982286644613687,0.0042218066208016105,0.0032502663570571073,0.003793486591732178,0.004061420949234642
268,0.0027033826355639706,0.004630852845358308,0.0016230229905386283,0.0029313894277821434,0.0019395224184451335,0.0028120851493716125,0.002214042778179882,0.003295088556602409,0.003920376117393869,0.0019574404491827097,0.004184505715356853,0.003215739033294802,0.0037544458603566595,0.004007587372058153
269,0.0026780616033454975,0.004598201052223267,0.001604944195887306,0.0029094715478101183,0.0019236396530471621,0.0027882600680244466,0.002187358541092069,0.003284935740085189,0.003917964581287898,0.0019505233644711237,0.004178830655814821,0.0032086553602220925,0.0037440760445362703,0.003984252481230016
270,0.002660835090566785,0.0045603585174790046,0.001588724972915585,0.0028916201810906907,0.001911354534352998,0.0027653870796452745,0.002168245766034003,0.0032668263625452608,0.0038904774072287002,0.0019346205709951973,0.004158152087007224,0.003189115402823829,0.003717467328581758,0.003953891698771667
271,0.0026467597764845865,0.004531049007267296,0.0015735638063014046,0.0028770272990284998,0.00189981397064026,0.0027448828943455643,0.0021503843413518404,0.003225918612600749,0.0038375490255814536,0.0019062894546462896,0.004106944308119049,0.0031461863836367335,0.0036633559908786136,0.003892977511191612
272,0.002630620611211604,0.004510462063312924,0.0015592971308239889,0.002862950948712861,0.0018887752203306097,0.0027263314662155378,0.002132682134874161,0.0032063252850038234,0.0038197264064336474,0.0018946947855720236,0.004085868787001215,0.0031278932722148454,0.0036375069834537156,0.0038602446244103204
273,0.0026129420594795103,0.004493900787315549,0.0015496354272774798,0.0028511322348325568,0.0018845238023736867,0.002713245707193701,0.0021240643116886572,0.0031864099631645115,0.0038077367576980913,0.0018867737870136108,0.004069346176560949,0.0031191476372669797,0.003619655147622867,0.0038449418872876953
274,0.002601571121007175,0.0044734594862088205,0.0015418018576467876,0.0028430362317205787,0.0018762427547841473,0.0027025165282124988,0.0021130525623135506,0.003171742035590364,0.003788866192857392,0.001877519197944865,0.004056100511357273,0.003104589741224645,0.0036026273255197433,0.0038233416117871848
275,0.002595993227397365,0.004454524232820541,0.0015315498028856335,0.0028385437621967825,0.0018701397858641746,0.0026933031795503535,0.0021012519235940226,0.0031619510009191845,0.0037688647209886674,0.001864428829038292,0.004046051632732618,0.0030917861350817674,0.0035868334892120916,0.0037987704118405603
276,0.002593903650108684,0.0044457961201184795,0.0015204271971413792,0.0028387254933229344,0.0018723773418781163,0.002687290469016388,0.002094847755126805,0.003164881570221532,0.0037680205979542694,0.0018571967451766684,0.0040531706161987015,0.00309773896660242,0.003585686582909451,0.003793959264703609
277,0.002583601619514365,0.004435864811724839,0.0015221639056423031,0.002837430272372263,0.001869373512104506,0.0026798172164049752,0.0020959298030144395,0.003151122255942288,0.0037567094584263316,0.001861860180062334,0.004048717489394694,0.003088989748292989,0.0035701016465272814,0.0037921822017383078
278,0.0025806022149307732,0.004426920654956081,0.0015195872999950602,0.00283551347744703,0.0018665912681952869,0.0026791635295179504,0.0020952715079279225,0.003157496711349148,0.003759585736125491,0.0018675143163405473,0.004057763460338586,0.003094179532241638,0.0035789536935334674,0.0038017093916834616
279,0.0025797858316367463,0.004419377314704778,0.0015121989532940973,0.0028323536135613724,0.0018662087379924504,0.0026802170669180054,0.002091309173206864,0.0031554201058280177,0.0037511049526012855,0.0018600481148863478,0.004050918062445131,0.0030922386531278215,0.0035799104404756806,0.0037930667229079777
280,0.0025672828171193957,0.004414898317897139,0.0015100977615315155,0.0028285148787039116,0.0018687135682527378,0.002672448641734183,0.0020884582848618638,0.003140499742600971,0.0037477083243174195,0.0018591782131267434,0.004045479603123211,0.0030937532065618565,0.0035683529147698505,0.0037877477622884617
281,0.0025667782165763875,0.004411198514557615,0.0015079036978674946,0.002828310458758511,0.0018676215078448017,0.00266628319877569,0.002085765487786979,0.003138032615192644,0.0037420582411013302,0.001857011487405804,0.00404178736354977,0.003089484929789141,0.0035556969839001334,0.003780297943085835
282,0.0025643738219014315,0.0044051909466233325,0.0015034992008791798,0.0028261029729786057,0.0018652755920048967,0.002659772389591176,0.002080354391157005,0.003150394932446869,0.0037541544256556925,0.0018617942924013906,0.00405715251986097,0.003100254289457738,0.00356285178269865,0.0037884052737056735
283,0.0025510219363447427,0.004393144663661957,0.0014959852346408966,0.00281752104386324,0.0018628965070419657,0.00264980330742696,0.002070058672188999,0.003119298411124988,0.003725337465184561,0.0018444032276016948,0.004024971675566491,0.003080229270607686,0.0035331689081079557,0.0037514295029990852
284,0.002538706794516713,0.004375682572674714,0.001488237330837362,0.002806337473316263,0.001859808759077661,0.002637735655235161,0.002056705299542468,0.0031080835550539652,0.003717267415381123,0.0018382751755906454,0.004014468199390945,0.0030746795533625453,0.003523508505180538,0.003732441341644041
285,0.0025237678370851682,0.00435067581350627,0.0014752691306626048,0.002790958029902194,0.0018497362300811037,0.002617858577090475,0.0020422132121105533,0.0030991771568951378,0.003708927798855226,0.0018296997181712258,0.004005371771251167,0.0030670941337216477,0.0035086423238800363,0.0037187663742482904
286,0.002504164068592952,0.004318778328504432,0.0014602218010425056,0.0027702282160608554,0.0018335360306164213,0.002593381354597453,0.0020233269127020383,0.003055985874835006,0.003659478520135023,0.001802836224967901,0.003951464559628927,0.003023460938375359,0.003454030379791316,0.0036626749924117403
287,0.00248144689128993,0.004287124996058074,0.0014492285464507355,0.002746783612722373,0.001816916780561012,0.0025718193037248226,0.0019986394117035363,0.0030275634146810695,0.003632699359718588,0.0017926140314183084,0.00391766434481776,0.0029946549973581048,0.003424373378195401,0.0036176511550962565
288,0.002456496798035287,0.004258347953162335,0.0014358493960112016,0.0027216419842638517,0.0018007388739100997,0.0025447012966582773,0.0019725460579287195,0.0029978906772155766,0.003613027678476851,0.0017751601800497356,0.0038818257023176526,0.0029677097524923347,0.0033908886347734112,0.003571622670098242
289,0.002427626341187849,0.004221577085804353,0.0014184463637470712,0.0026942260766670487,0.0017814597449326488,0.0025115120046037952,0.0019417263380049725,0.0029612842061469383,0.003583695732637762,0.0017529195195475412,0.0038410327620056104,0.0029341701416557326,0.0033479269168238566,0.0035152666855314376
290,0.0023962178266325193,0.004174736304877486,0.0013985975910157204,0.0026630176885989,0.001758582533522983,0.0024744151435273478,0.0019080011914438472,0.0029321623737044848,0.0035575400572679387,0.0017378397391980378,0.0038105947817819803,0.0029061368751967867,0.0033121104785553052,0.003467417024867743
291,0.0023644350341569696,0.004123539669518235,0.001380382445151519,0.002623677958831662,0.0017340250910147755,0.0024364498466308074,0.0018783272473382458,0.002876784453470862,0.003496465243442799,0.0017094853323571801,0.003734796868554745,0.0028517621403060583,0.003245151150700412,0.0033962619773007345
292,0.0023308035361966754,0.004075640568240969,0.001362401337093282,0.0025867430093992247,0.0017084115434405904,0.0024006709045342263,0.0018446712799550405,0.00286068912463526,0.003488171280988293,0.001702809460346425,0.0037147331751134164,0.0028346434261301923,0.0032259341902981017,0.0033651975286706935
293,0.0022972980237734577,0.004025140610522681,0.001345265360069942,0.0025501366442168168,0.001683350834211539,0.002365074477740028,0.0018077902951931695,0.0028143424120187486,0.0034405851502485917,0.0016788606678495592,0.0036560908893975633,0.0027877718229507645,0.0031744244526647775,0.0032926771277125674
294,0.002266654536442481,0.0039692998199571975,0.0013284163458655808,0.0025134776337453002,0.0016599125212781347,0.0023282322621773046,0.001771320600146749,0.0027823800226766423,0.003402541034039175,0.0016648041585330595,0.0036138501637328242,0.0027549776076958733,0.0031375666788254412,0.003235714989998224
295,0.0022336427534023844,0.00391813751952517,0.001300152307195205,0.00248773291266226,0.0016323318228545554,0.002288868878243659,0.0017362443301337897,0.002713954983556614,0.0033268687071558198,0.0016177635817932715,0.003539931086664123,0.002681722214539293,0.0030544840704217575,0.003140263717863813
296,0.0022035698220659243,0.0038681469614481284,0.0012782317219769167,0.0024589622260633094,0.0016069138298744066,0.002257514306654185,0.0017068560645882652,0.0026793267585975764,0.003287690160229659,0.0015939486006123227,0.003501494285539133,0.00264174420525305,0.0030146063201522237,0.003089505253860218
297,0.0021773243021905105,0.00381987137616289,0.0012634461601327206,0.002422932708757014,0.001585539174292847,0.00223052819599181,0.0016803048621465957,0.002647736437617878,0.003247642509090022,0.0015764939309119688,0.0034518972256996606,0.0026062094461698094,0.0029798629543243225,0.0030425066700833733
298,0.002155444136613036,0.0037813621014424095,0.0012466618744442549,0.002387316662743254,0.0015684608642184295,0.0021983110958032816,0.001651425299518586,0.002622659853129188,0.003219352884358902,0.001560346228144953,0.003404692406320787,0.002577580760856729,0.002942335434804258,0.002994034651442216
299,0.0021279527154940783,0.0037424862387554925,0.0012272067949861275,0.002361971476730763,0.0015493357817659677,0.002169567684312711,0.0016234055699922627,0.00260771164457485,0.003209904540858129,0.001550054276542215,0.003393135599307026,0.002564406812707072,0.00292742957065699,0.0029648824400447
300,0.0021038996297349562,0.0037062598718857814,0.0012092955276695027,0.002340556765469481,0.0015319150111791303,0.0021481776566961894,0.0015987183109013074,0.0025538809401146655,0.003150790981795963,0.001517466977312687,0.003331986250737119,0.0025137020764686518,0.002874738915156687,0.002893805569615777
301,0.002090024177493964,0.003676847166592208,0.0011956624140212716,0.0023205464142994235,0.0015198046067277345,0.002132535549219581,0.0015779811593551964,0.0025309925196208487,0.003122088098897049,0.001501984613833818,0.003298494444317401,0.0024893616969999524,0.002851072149242024,0.002852356133074069
302,0.0020795135980753525,0.003651865160623985,0.0011819249575903707,0.002310865837671578,0.0015111464073716836,0.002108406402332066,0.0015555891116002382,0.002523036416198012,0.0031057784098964393,0.0014849169407264782,0.003290087341902225,0.0024765458769479796,0.002822057042983823,0.002815814972062696
303,0.0020673228280534556,0.003628899665853423,0.001166893914087465,0.0022954667249979327,0.0015026476747511395,0.002090836967194874,0.0015399583982978662,0.002526146350712652,0.003110294830327063,0.0014767504957583313,0.0032928893282539824,0.0024780798808335925,0.002821188461700695,0.002808317433855795
304,0.0020524423227303258,0.0036048942573359746,0.001153727075233672,0.0022754633297151746,0.0014890693262287254,0.002078920674414911,0.0015276928229872205,0.0025006157011603332,0.003084097579129885,0.0014588176329360728,0.003257059719552514,0.0024500805054089555,0.0028017820698968505,0.0027799822967656995
305,0.0020338121080483787,0.003573716576234818,0.0011453054686789005,0.002255728635501559,0.0014648713716866946,0.0020632791207924645,0.0015100023677010372,0.002460737710278915,0.003036459001192384,0.0014398717633344405,0.003206568386463731,0.0023991736120260666,0.002762148088269731,0.0027291072153659474
306,0.002011321109026288,0.003541847563850095,0.001138918224842373,0.0022375921069995304,0.0014425947616367011,0.0020398246899192528,0.0014915316059124883,0.002454428840351157,0.003033380215178442,0.0014456505873278861,0.003207971215328172,0.002385287302086757,0.0027558494106428503,0.002719042193622229
307,0.0019903106942122614,0.0035025215124545087,0.0011248020598923754,0.002215657343535368,0.001424049752962739,0.002016953265324952,0.0014653707257427755,0.0024127386112566436,0.002980753210106518,0.0014194260149114207,0.0031574920085979535,0.0023399658985063534,0.002710748616932186,0.00265542495750114
308,0.001971536249393942,0.0034568220431185092,0.0011032685787267867,0.0021875127071032284,0.0014072789222419918,0.0019941077199969915,0.0014325916248705975,0.002387081215433712,0.0029430808793800968,0.0013910724003941258,0.003117676908458811,0.0023111663005935773,0.0026822334934369176,0.0025963211656309083
309,0.0019519377129785457,0.003418256562652555,0.0010868713335046027,0.002157279330630126,0.00138853199413241,0.0019608514115437453,0.0014027442950086527,0.0023547298820555274,0.00290474967783083,0.001364777737654203,0.0030673388744886115,0.0022740642879069974,0.00263303048335123,0.0025363813780612033
310,0.001926113577097795,0.0033772115766559727,0.0010762375398516042,0.0021282930133590863,0.0013658620888248349,0.0019316596951606789,0.0013765083923809414,0.0023256242612217253,0.002875311291969251,0.0013516720526009494,0.0030301217047220266,0.0022401644797010872,0.0026014067697470926,0.0024926200029076724
311,0.001900190328499467,0.0033372248470241173,0.0010646775417212577,0.002099317585319048,0.0013429645091100413,0.0019065352694357179,0.0013478690407707971,0.002301559570761144,0.002852751099492836,0.0013419019490422007,0.0029996204072909446,0.0022099664407033578,0.002581112572178397,0.0024498270612527337
312,0.0018798919406670988,0.0033014906140659776,0.0010477951081980014,0.002069266071563221,0.0013223796041681585,0.0018817016827791552,0.0013136401380918327,0.00226635660310772,0.0028135297083697014,0.0013168623770559227,0.0029467602576316266,0.0021668147693259523,0.0025415895090353,0.0023797040154523844
313,0.001858709553205463,0.0032612984627365064,0.0010375400795025942,0.0020417660460535212,0.001296655211832428,0.001852906177933775,0.0012861504433763634,0.0022371503056491156,0.0027795583041461697,0.00129998454662066,0.0029072557185819063,0.002125904617786953,0.002506412894152371,0.0023292039756177716
314,0.0018364664160001993,0.0032210640780437013,0.0010310050702691136,0.002014755344126639,0.0012732391642882022,0.00182614338405195,0.0012624926135636006,0.0022034758256216304,0.002739783906780109,0.0012858676169811582,0.00286317148477027,0.0020842045702899013,0.0024692724481143007,0.002281406126203034
315,0.0018162602175972522,0.00318769904393316,0.0010239872845745027,0.001989241648272299,0.0012536597781258483,0.0018045067424784056,0.0012420617944281529,0.0021778589043359767,0.002710620959343312,0.001275276632753904,0.002826727064010603,0.002052049344547867,0.0024435553069404752,0.0022442136734780573
316,0.001801352452227603,0.00316328431420416,0.0010121494846418169,0.0019652398366527806,0.001233381392327613,0.001785618282201164,0.0012235412599648917,0.002176542466965409,0.0027124869465475336,0.0012691940228472965,0.0028165354326090885,0.002037290246106104,0.002443233594413851,0.0022302120520432235
317,0.0017890665377098415,0.0031397281765752007,0.001009729932523898,0.0019462806849166994,0.001222360347307944,0.0017688877141810713,0.001205280004455946,0.0021487358861581544,0.0026815561168783086,0.0012561162122228793,0.002777246679097793,0.0020066908971759657,0.002414231632691511,0.0021867872703507183
318,0.0017771945063002705,0.003117655504475575,0.0010094138071453157,0.0019324069768575103,0.0012107391949194208,0.0017548592707138065,0.0011902826386599001,0.002136254904460321,0.002668029561203331,0.0012549479089353965,0.002762767613982939,0.0019903730881956293,0.0024024557599367806,0.0021629552235346355
319,0.0017652342983903177,0.0030975861939082595,0.0010059267074614352,0.0019206458546385946,0.0011939508840839714,0.0017428228672250118,0.0011793604996786148,0.0021187283050990275,0.002645612160543542,0.001247937258720054,0.002742002388494615,0.0019632211189639865,0.002384025692660446,0.002139935701691296
320,0.0017612127431387312,0.0030850954595994053,0.0010067902200392484,0.001907700122699168,0.0011869948093422048,0.001734092925712252,0.0011710904098467217,0.0021089571636828917,0.0026289986265584705,0.0012411899827308827,0.0027188708011874068,0.0019491613530564114,0.0023719853580762506,0.0021207959145643153
321,0.0017541961212869128,0.0030776791135734287,0.001007967387752751,0.0019031385667047042,0.0011816159560615656,0.0017292528204465544,0.0011655189034656607,0.0021105655223467154,0.0026366067984840576,0.0012462657170775886,0.002726787846536228,0.0019499184740403058,0.0023800586928718467,0.002121969035610963
322,0.0017451424315688907,0.0030709341657197053,0.0010107416662301452,0.0019014252499274806,0.001176059011591085,0.0017269867627647897,0.001161648333117787,0.002099076120824005,0.0026318619353705875,0.0012491130656719582,0.002725644732578073,0.0019406560234178777,0.002379075822006456,0.002115567321743062
323,0.0017406292421598105,0.00306442823456723,0.001017342714417682,0.0018957702930546688,0.001172007857235097,0.0017269932454803542,0.0011599821789745565,0.002076727226002534,0.0026044721890088884,0.001245577444249268,0.0026962586172440727,0.0019196332981885088,0.0023639070291378403,0.002095322121451889
324,0.0017427150218095788,0.00305830256879769,0.0010162495397226358,0.0018922093941331937,0.0011686849534793826,0.0017238170257476012,0.0011626593202325997,0.0020772463681720255,0.002594870194182664,0.0012440047425608365,0.002690311710547242,0.0019159065170117643,0.002360246059904043,0.0020990879910735504
325,0.0017445263297932374,0.0030624568897290975,0.0010174886273124984,0.0018938962149592068,0.0011665577700536046,0.0017237356995822427,0.001164840007725426,0.002090446778817863,0.0026119877201034917,0.0012508459088278762,0.0027076164983514915,0.001925193855080418,0.002373662080839895,0.0021146810854008285
326,0.0017475854040422695,0.0030772842552176387,0.0010257155928616547,0.001902196490475032,0.0011682828956983693,0.0017302517562629135,0.0011663833789832248,0.0020856828146276784,0.0026152817825935613,0.001252035463065254,0.0027083957171196386,0.0019197517334898105,0.0023730827262231826,0.0021085358010929666
327,0.0017570685602998684,0.003080382858041367,0.0010338014602557211,0.0019096887839585284,0.0011745659200633636,0.0017360060071031232,0.0011687279435294295,0.0021007612436781792,0.0026199775887232692,0.0012625642664370472,0.002722908090972646,0.0019311790913291475,0.002386390829755272,0.0021157779348926495
328,0.0017641214294639661,0.003093908044984327,0.0010395076554891582,0.0019183131437464863,0.0011786917475250056,0.0017421235242560634,0.0011769914013609424,0.00210879422319369,0.0026308549584791287,0.0012696161542941151,0.002735002702751824,0.0019372242555509042,0.002395157000188755,0.0021300959795049045
329,0.001768621061266816,0.00311197842123583,0.0010453172639560645,0.0019298345385848428,0.0011831499656277768,0.0017514171185018554,0.0011875075916627602,0.002119045478452803,0.0026509944777182806,0.001280132902153407,0.00275745750962972,0.0019515645876083943,0.0024126633647386588,0.0021532868728196277
330,0.001774925998288766,0.0031278058832824637,0.0010544187218023474,0.001946463194561249,0.0011916440526089757,0.0017659277692293142,0.00119738872440225,0.002124733065027804,0.0026566203659584217,0.0012897549376464828,0.002776378724894384,0.0019651302351773054,0.0024277828463652234,0.0021673490504485328
331,0.0017928689107365127,0.003151095444349448,0.001067724023205774,0.001970239182541073,0.0012013991993489151,0.0017821485153993568,0.001212529638152098,0.002154002257732183,0.0026832263551816267,0.0013117737032310184,0.002820058128821001,0.001989881649116918,0.0024565631743884635,0.0022017384012709426
332,0.0018135077084554252,0.003180464786666626,0.001074906666044028,0.0019990091056542553,0.001217193764564802,0.0018041859992042415,0.0012336149618004458,0.0021707199658493005,0.002693151277164733,0.0013182357204069221,0.0028478921616796817,0.002007399556037596,0.002473477702587765,0.002229493712655753
333,0.0018375373962939412,0.00322052455396887,0.0010793641330527125,0.0020345928383714153,0.0012399625472591168,0.001832850150527454,0.0012600856230133301,0.0022022088048505566,0.002723287696881006,0.0013294763118268358,0.002897069701694912,0.0020460123970546746,0.002507943480329272,0.0022764167234960264
334,0.001868640552308864,0.003275902665639189,0.0010915440646418753,0.002079164232048912,0.0012671164983096546,0.0018658249060776303,0.0012902769829403232,0.0022677950467283746,0.0027974304990849024,0.0013661307517962493,0.0029906613674108985,0.0021144452117795864,0.0025711596150240425,0.002354834531257316
335,0.0019102504109632136,0.0033507449185731838,0.0011108977321189722,0.002135262645412616,0.0013048755416444793,0.0019133374016229757,0.0013380431844733738,0.0023085565879973945,0.0028457530164577405,0.0013890556534061835,0.0030537672019982105,0.0021652323563813754,0.0026156948656369076,0.002426883255365686
336,0.0019659709458835707,0.003445503127413129,0.0011421418451936219,0.0022172433297096422,0.001352409095637199,0.001983046112547231,0.0014091647766890784,0.0023795286065024395,0.0029214139084249927,0.0014368035470529899,0.0031691349593231553,0.0022439084787203387,0.002700615272048978,0.002552485269548943
337,0.0020420930375123665,0.0035659528471654253,0.0011865483939886392,0.00233367479549585,0.0014142307154921495,0.0020808546829774468,0.0015077230313120952,0.0024741341688051706,0.0030061211984300736,0.0015038029876408695,0.0033266878148334126,0.002345467088316432,0.0028111732008615615,0.002721859961855465
338,0.0021296765285365427,0.0036997395576148493,0.001226250117902729,0.0024434028638875903,0.0014924480343676682,0.0021810977824772717,0.0016072802967568357,0.0026102266718475496,0.0031347198036199083,0.001578689432052376,0.0035093259358968815,0.00249685735334717,0.002954471110206365,0.002922588420416023
339,0.0022287333611049395,0.0038448758277789498,0.0012699587454856557,0.0025608003480660315,0.0015863870386438037,0.002286782216915448,0.0017155920156149192,0.0027285196165695953,0.00324029730711647,0.0016367702981256139,0.003663964100533453,0.0026407508217062966,0.003072840846896555,0.00310768923098436
340,0.0023391767995255947,0.004015871706902045,0.0013297778795432517,0.002700459055111467,0.0016954969508785314,0.002413683433540765,0.0018420889572552052,0.002861342172021353,0.0033708445442853915,0.001711847473172527,0.003852442482259874,0.002807277400016218,0.003221692821590518,0.00332692514738735
341,0.0024683949701116512,0.004231049858969423,0.0014166128245841542,0.002873368160753903,0.0018219630496776745,0.0025775284284295405,0.0019974224492476985,0.003058513855351114,0.0035842642553451697,0.0018405307628019678,0.004142143225102884,0.003042668924084727,0.0034643212978373236,0.0036438914675013295
342,0.002640846712584414,0.004494005366100127,0.00152488929917063,0.0030681866521380077,0.001963950889924812,0.002767824083929516,0.0021860593101969907,0.0032500596072909988,0.003770190884592677,0.0019534158293000327,0.00438588141479749,0.003248172043460885,0.0036777420478462403,0.0039515550993165175
343,0.0028445810050937432,0.0048053707133574675,0.0016527435381313738,0.0032945496924169436,0.0021272255966201183,0.002994431520486777,0.002412551959732054,0.0035072324127866563,0.004024983663772674,0.002105204253289947,0.0047117674994095055,0.0035161645828731738,0.003972837633662459,0.004359056739049889
344,0.0030775266641007884,0.005165123279695513,0.0018083675854895832,0.003554751210564246,0.002313825318913996,0.0032619894669942643,0.002675643821781212,0.0038047615521055204,0.004321706164168235,0.00229008129615382,0.0050922409606931306,0.0038273277140407837,0.004330354815111699,0.004838064616422448
345,0.003340943768834853,0.005562627878671253,0.002003727288860378,0.0038361127870992088,0.002516944898373679,0.003560707492518111,0.002959745850459008,0.004150180685844638,0.004663960321159233,0.002517918523979084,0.005521328808708302,0.00418020314430861,0.0047451028108391104,0.005372305360683342
346,0.0036285491357420964,0.005988794478859852,0.0022070648159224267,0.004135279375997296,0.0027388979270898967,0.0038820672558051357,0.0032615878264412273,0.004488065705490051,0.004987906250002505,0.0027258271550808363,0.005931735214665423,0.004528407133126431,0.005155330545686683,0.005892951033427448
347,0.00393457500425685,0.006449547991100101,0.002425494260141913,0.004452480745541972,0.0029763405676929214,0.004222313153003587,0.0035844552137087983,0.004888911743205313,0.005386166093392435,0.002971498818638145,0.006422669544391265,0.0049405250610755225,0.005640829054911925,0.006504119593578309
348,0.004266663731012734,0.006965139605895437,0.0026763427832071133,0.004800672802969309,0.0032307449382360798,0.004595060155084921,0.003943556964120391,0.005292081494177092,0.0057973833785752524,0.003233732395138019,0.006917992267678446,0.005347726997917024,0.0061353219066217005,0.007138592228924702
349,0.0046192364035264,0.0075143241367215405,0.002953892992295098,0.0051764483413981295,0.003480742564057619,0.005002207360425376,0.004331247792414425,0.005730811859480078,0.006242773597403997,0.0035296704525120673,0.007468830003633752,0.005766505683934005,0.006688074602897238,0.007837139263327748
350,0.004991297379176085,0.008086425349352598,0.0032457270308023827,0.00555986240975028,0.003737011232795823,0.005432539441772959,0.0047350552348994,0.006205811172474321,0.006719392075775778,0.0038447524979574833,0.008049115689303348,0.006213479485589998,0.007292673604351382,0.008584602124173219
351,0.005377967504441715,0.008674802823390714,0.003543725747825743,0.005942877779791059,0.003997255738085621,0.005875921874259219,0.005144763332518067,0.006676962625580326,0.007185737868888314,0.004147907250237876,0.008603389815860306,0.006649850813760709,0.00789447140128856,0.00931567377932584
352,0.0057710744048012075,0.009271213901138284,0.0038443288516056633,0.006323287743846065,0.0042518157528392275,0.006321805665287893,0.0055513783548964985,0.007151383914316689,0.007653061282947349,0.004445579103018617,0.009150710262356695,0.007077138219448221,0.00849517594325595,0.010035748112098149
353,0.006177052185573268,0.009869088500293192,0.0041673615548587515,0.006704647285881989,0.0045042974018272685,0.0067725108989678635,0.005954170299415086,0.007657173508096538,0.00813918500323263,0.004772232693460003,0.009722292848946554,0.007520482475729879,0.009126633875763157,0.01077349148774989
354,0.006577296446590022,0.010468788388720313,0.004486783988003109,0.0070868261688950464,0.004749854273555438,0.007225129567241833,0.00635148156659281,0.008167899541293861,0.008640932011412111,0.005100114085646846,0.010312662612165886,0.007966927095726458,0.009779029766807982,0.011520107749692825
355,0.006967531971067139,0.011068891807954893,0.004798485147840659,0.007468221884244184,0.0049865284682628136,0.007680180016536334,0.006747661209232879,0.00863297752877938,0.00910608927978221,0.005396471708383097,0.010861164479316707,0.008368787536061314,0.010395749138594187,0.012217562645931776
356,0.007360362775060288,0.011658168664341868,0.005128856652560788,0.0078415016610737,0.005213961553031241,0.00813732751808204,0.007148703658554435,0.009181968263499795,0.009638324433969137,0.005759801603058966,0.011497649503317813,0.008838442636514185,0.011109649359200911,0.013035455188813555
357,0.007763706709269698,0.012263148969849395,0.005468927315112366,0.008214677550394761,0.0054370665317339225,0.00860016859912357,0.007551622326521544,0.009614122210809912,0.01005092999660178,0.006046826872207145,0.011974193905055521,0.009181194267971166,0.011677321047991612,0.013675420296604368
358,0.008173981980633505,0.01288212358255476,0.005809135701141183,0.008586939038236886,0.0056511016499921265,0.009067470285448987,0.007954590695371735,0.010216116784466201,0.010645076947032059,0.006432656070659333,0.012652897628378278,0.009670322910821098,0.012451405981341424,0.014547509440932221
359,0.008589901385722097,0.013511358401897215,0.006149355870201716,0.008959383019221482,0.005856258758754204,0.00954381055379658,0.008361517079205561,0.010663086061507916,0.011074933362329552,0.006715497527003949,0.013132666228989044,0.009998339385397305,0.013043883700482605,0.015196596878105966
360,0.009015037659506765,0.014143204315803251,0.006511858791786469,0.009330778092695545,0.006070192867386406,0.010039187434633263,0.008778122630982538,0.011134903494929422,0.011518440381482553,0.007026061906854095,0.013628233283467532,0.010348410989387127,0.013677628731641495,0.015880495637402955
361,0.009447321175945161,0.014780681417613135,0.006881181893818869,0.009704339887450487,0.0062736942296642405,0.010542468173022634,0.009196694050467151,0.011680751615153404,0.012032947791564295,0.007382375045899213,0.01420966235681744,0.01075061835188679,0.014405141242711016,0.016663712648924876
362,0.00988861606092781,0.01543525026367682,0.007255701646031885,0.010083489970342042,0.006463692177411907,0.011055873777114929,0.009621651976315763,0.0122048776716757,0.012525905455584904,0.007720795577265169,0.014761842917058681,0.011111817422451271,0.015108907020767564,0.01741361408139939
363,0.01034242854463609,0.01612115714735704,0.007643386168971287,0.010471753825062147,0.006649951085374483,0.011590424254370924,0.010065320799088603,0.012787166995789316,0.013085023944232579,0.008096599136640624,0.015378726103449186,0.011510206975514014,0.01589363018127261,0.018254981907297338
364,0.010806715232861558,0.01682370828604519,0.008051248455616606,0.01087233488727142,0.0068338241485031825,0.012144177570140132,0.010526202605173044,0.01335951574091361,0.013629354488344084,0.008469442552096714,0.015983269958389383,0.011881542879767212,0.016672546498394832,0.019090315354045113
365,0.011284271107530454,0.017548646752206205,0.008475936660078268,0.011283998382152457,0.007005755841374445,0.012719988602140268,0.011006909347689948,0.013998073300000784,0.01423848927919357,0.00889085227047593,0.01665899663232739,0.012279083994664364,0.017539235695905108,0.02002517152700614
366,0.011782704444644947,0.018311078189549423,0.008919239401356858,0.011711347598774006,0.007159834703697829,0.01332912272806583,0.011526699080802864,0.014576741799085531,0.014782810477600026,0.009282582990549284,0.017249600368495648,0.012579140454228215,0.01833671052494001,0.020897805044791853
367,0.012301984932152276,0.01911698251926613,0.009383609630752944,0.01216208167112005,0.0072973300508909645,0.01397706011915237,0.012127051182433695,0.01523185079842509,0.015390067735424342,0.009733391423099438,0.017922647543523934,0.012900498577147276,0.019232903534972704,0.021975431164889044
368,0.012861203391287176,0.01996232537209387,0.009884485828712566,0.01261866707459592,0.007425845817676286,0.014674707873000799,0.012762393016321177,0.015917556841240237,0.01600065192996473,0.010208809344665094,0.018592188741964253,0.013216796097587495,0.02018224339920881,0.0231000685930849
369,0.013449293932271528,0.020826072210406995,0.010418318602940803,0.013066782220058464,0.007559502980887603,0.015409116075372719,0.01339088287225451,0.016683104802242894,0.016667768117241598,0.010732907624258445,0.019320367588974156,0.013602713900740658,0.021259217076568047,0.024298131047638623
370,0.014018764730575126,0.021656160833814747,0.010951613088090348,0.013482498445506454,0.0077070918372650265,0.016121951821859135,0.0139530173228645,0.017342747260032727,0.017232094491263828,0.011176800605814975,0.019922913538407184,0.013946335524633908,0.02222327255371642,0.02527399466256731
371,0.014566476054872329,0.022466326596773976,0.011469554633778517,0.013862265065241396,0.007879925344335313,0.016760944505328845,0.014394667535833988,0.017992445814171216,0.017833404382976155,0.011579494695913413,0.020511440022285804,0.014331063412180945,0.023142933744338918,0.026075214925575133
372,0.015084536660659094,0.0232764282207026,0.01198445006811386,0.01424701249963715,0.008016144484163207,0.01738583070988396,0.014850776166881187,0.01862118260655933,0.018445609435252995,0.011995157022569064,0.02111069900358988,0.014659894514221726,0.02404530917443135,0.02690654176183966
373,0.015637797945699736,0.024164657317759217,0.012549952641027371,0.014676936761479539,0.008102716954679354,0.018093138647325962,0.015423586506819362,0.019318265366472485,0.01911431555577592,0.012488533253078606,0.021786782022746393,0.014941166446846036,0.025064028709591988,0.027960372207586598
374,0.016267781677158775,0.025126832922870605,0.01317159561960565,0.015134345989049357,0.008149175115094736,0.01890208466261098,0.01611387990661384,0.020091348872110875,0.01978745942303213,0.013034208000064244,0.02247852727293611,0.01517191686743918,0.0261828696508032,0.029192280446365623
375,0.01689961220408508,0.026100073166089983,0.013824241662059757,0.01557686560659634,0.00820554176952193,0.019714587327880596,0.01677685315334108,0.02092472399729135,0.02053462432107169,0.013631297729648321,0.023228882022584184,0.01546105962801624,0.027403412048497923,0.030474389297084375
376,0.017518083973560635,0.027065380345347386,0.014477852821888187,0.016001476989549998,0.008261512712844228,0.020501806907586764,0.017395101334611543,0.021647942037775012,0.021193087516629287,0.01415679309591881,0.023859704267337356,0.015676137757181702,0.028481823530733034,0.03154933455672413
377,0.018131055848974693,0.02803504038063322,0.015135510765357253,0.016413258636326238,0.008294064508290474,0.021280430379048552,0.017999578186268978,0.02235226505371768,0.02184054260858118,0.01467149204862594,0.02446408685371506,0.01584875235893184,0.02953607601272658,0.03258361087692782
378,0.018736482270692367,0.029016914280558005,0.015831242897008567,0.01680426049322562,0.008316181055311228,0.022076161810470035,0.018610532424568883,0.02312823393311494,0.02257476384594871,0.01527346235097091,0.025137595203497017,0.016066582651373267,0.030727871648577893,0.033758079397855655
379,0.01934749242656806,0.030012786594616602,0.016537611003597366,0.01719645421818793,0.008323479300931443,0.022883921600123442,0.019226869133810047,0.023824787298801074,0.023227958264800636,0.01582259089866124,0.025722359319475776,0.016199926271780005,0.031823653094078225,0.034817511402863
380,0.019952563974337284,0.030997788105887,0.017250237146650575,0.017572962985719875,0.00831639040161499,0.023685804295109025,0.01982713470302448,0.024498739468030453,0.023850526906601666,0.016362136414130615,0.026273625215427397,0.016294167332085736,0.03289388769165581,0.03582797296307071
381,0.02054587473184439,0.031964180000643175,0.01798787200199233,0.017916062621500643,0.008305458417846225,0.024475234260173413,0.020392698374617914,0.025239903144182493,0.024537722283804488,0.01697671021163551,0.02687801862934169,0.016426408479277434,0.03406823357722893,0.03690661329062933
382,0.021120594102012672,0.03292627472520394,0.01874779091732406,0.01822997707781429,0.008305923405013831,0.025235524293223722,0.020889605456048475,0.025903936538009428,0.025189654997953895,0.017560996499267366,0.02740792891539885,0.0165380711802145,0.03515921532680692,0.037807972597569926
383,0.02166108200483489,0.03384926404960961,0.019502486658318892,0.018517703339959543,0.008301300002946193,0.025954948552561443,0.021339814842501467,0.02661624983243908,0.025906519683701088,0.018203657772559927,0.028000351759970333,0.01667654298179805,0.03632441874805438,0.038760188919693433
384,0.022202671512339654,0.034785471464847895,0.02026930278803552,0.01881619743547534,0.008289116249725954,0.02668509576873145,0.0218180517283017,0.027317575547096323,0.02661373272623908,0.018857970347050612,0.028587244563281506,0.01677025330236128,0.03747887615070483,0.03973373441578876
385,0.02275409776174332,0.0357551346503883,0.021043447994184655,0.019130728155133208,0.008255456664748409,0.027444587989554826,0.022368854836174144,0.028218529156244315,0.02751029629086109,0.019654902334653113,0.029378963173438175,0.016922551874223684,0.03891351761129232,0.04109714737447151
386,0.023295487876038103,0.036722908689116575,0.021834643164364568,0.019432222838694304,0.008211970357561669,0.028201195110909922,0.02292066199227301,0.028548374722306785,0.02785315763979031,0.02007832665006665,0.029575977929354076,0.016708082329164632,0.03956977181888701,0.04164818689449545
387,0.02382210989509254,0.03766952229110972,0.022628998768250846,0.01971318890337157,0.008171423206435657,0.028939178499515394,0.023438766616388988,0.029266725165180096,0.0285823087064886,0.02079141748214632,0.030177070734778693,0.016723311925702592,0.040773456065919554,0.04274044000697386
388,0.024336067947365564,0.038593771509804156,0.023417462740620117,0.019978957763902017,0.008144160918157374,0.02965660705611021,0.023917407110754855,0.029746274194121326,0.029088472806226322,0.021344862950304314,0.030537416721566558,0.016614085663807728,0.04165485402379338,0.04344912278422701
389,0.024819468853122754,0.03948386657302751,0.02419242546863739,0.020232756364268203,0.008132698349664296,0.030337779997088796,0.0243719429095125,0.030304849921617215,0.029680278424564197,0.021975103014910333,0.03100395473388146,0.016556943301144506,0.042650755951938825,0.04429138717525604
390,0.025281503020255662,0.04035675077876824,0.024960723877837376,0.020458750280759105,0.008120409985274956,0.030995935245384573,0.024811046813134206,0.030706622673932343,0.030131158322063364,0.02250280912781766,0.03129961279988271,0.016409786734590308,0.04342818466838348,0.044914423355185654
391,0.025721561887664397,0.04119385409028597,0.025705707062238254,0.020656902915877063,0.008106651329949501,0.031625446731952216,0.025226621408295156,0.031238181641461357,0.03070959148796079,0.023126097146999203,0.03171451990715538,0.0163243728121441,0.04438188199444688,0.045720998289200177
392,0.026165223869623524,0.042017961373772575,0.02643805750780692,0.020861948993288564,0.008110061213069493,0.03225225041832158,0.025636008700588346,0.03187349167564598,0.03137797303508552,0.023821993600146144,0.03223847539375389,0.016287485148301892,0.04547042339240748,0.04666079879576763
393,0.02655079409331146,0.04278105424569271,0.027138796339313254,0.021048049748010902,0.008115615090544044,0.03281730559321806,0.02600552399522969,0.03231248256410849,0.03188722526344065,0.02439989948300063,0.03260367473067322,0.016173442837710116,0.04630067054434153,0.04734813110828135
394,0.026918837072366922,0.04352678795996944,0.027815939208870592,0.021231909069096267,0.0081359382099787,0.03336849174354232,0.02636946529352086,0.03270879559518648,0.03236124039797724,0.02494169552048181,0.03294055731660697,0.016044821514137535,0.047075550019023416,0.04799056004428798
395,0.02727325371636408,0.04424609892840513,0.02846323007931015,0.021405283245407768,0.008168482883319709,0.03390149709604159,0.02672339848350101,0.03313300955066761,0.0328562678012592,0.025491916325977436,0.03330418325615311,0.01592519358053668,0.04787987974496011,0.04867541189600711
396,0.027609990265536705,0.04492798736767351,0.029095136645671673,0.021567551343287538,0.008202763669151347,0.03439258507082923,0.02705542902971971,0.033800163246552016,0.033596461942589965,0.026240463482877802,0.03391580866099483,0.015927139420584206,0.04900776639449934,0.049711474080296685
397,0.02792592789838762,0.04557768179796275,0.029699754487795195,0.021715148989367997,0.008245767918866543,0.0348611607520611,0.02736906537231796,0.03378574197611885,0.03366339956131863,0.026458054087308447,0.03384502809586178,0.01564240162223798,0.04915560678716264,0.04975109440605978
398,0.02823114473731171,0.0462036210102756,0.030275576111390548,0.021861267143330032,0.008293263360577601,0.035318729882502176,0.0276752958921392,0.03416699892523213,0.034116517157065686,0.026969218278139633,0.034176393715898645,0.015547232381972443,0.04987871708646978,0.05037575378174831
399,0.02850098121665027,0.04676200598531454,0.03079238640535553,0.021989992005831478,0.008335477399499152,0.03572823677734418,0.027949243180799704,0.03446681568695254,0.03447794089996401,0.027398422372523868,0.03443488486973287,0.01539717874185602,0.05047062595104583,0.05087926084608386
400,0.028764281342510738,0.04732431792870578,0.03130539887146844,0.022114848525526008,0.008391180949358201,0.036121795342249144,0.028216424743706073,0.034738979611440665,0.034834131036489045,0.02781397901858526,0.03467078532322523,0.015269850907863357,0.051012084833464644,0.05134638094385358
401,0.028989268475346164,0.04780767186303449,0.031750071201609394,0.022214768286065483,0.008446515358878281,0.03645910314336076,0.02843836677001498,0.03500549977180106,0.03517289366559087,0.028200182185835986,0.03489922025002299,0.015156861237205837,0.05152715947556683,0.05178653538342607
402,0.029205728350330813,0.04826541999393022,0.032171065590816166,0.02231472316428635,0.008507879892490394,0.03678332970277903,0.028651015219905363,0.03528279899069213,0.035511162658580404,0.028581524235645087,0.035140402501795245,0.015062765725476181,0.05204795767422501,0.05223433939985497
403,0.029409440943148134,0.04871048817656357,0.03259396923351838,0.022412671652998657,0.008572337437281074,0.03709632008043699,0.028861931293711125,0.03569439513897104,0.03599109025960553,0.02908990267469988,0.03552707449389186,0.015044156258000058,0.05277207551962024,0.05289809921127928
404,0.029580509549694496,0.04908253487343889,0.0329606186870494,0.02249872129755414,0.008626614245158828,0.03736705764334621,0.02903999162970979,0.03561000437305235,0.03595886749615952,0.029177554390137125,0.035437917970058144,0.01483420689315349,0.05276173717095651,0.05282823673542052
405,0.02973924867486752,0.04943044625607638,0.033287571303539834,0.022571184216231,0.00867701365024066,0.037608457731488014,0.029196066833396147,0.035778544601952546,0.03618461761426435,0.029445659701437,0.035588315676439004,0.014733810594352604,0.053102005638512625,0.053112512940159784
406,0.029929024934704576,0.049842847162113006,0.033642937230051975,0.02267990594887853,0.008743927315511206,0.03787515903070201,0.029364044435534056,0.03602104037061926,0.03650886285933183,0.029761095530815247,0.03581684733323501,0.014679056778000616,0.05352742262515038,0.053459129963088284
407,0.03012852665009856,0.05029646241495875,0.034053899210643765,0.022874027826245178,0.008835685253850104,0.03815738867825317,0.029513330104712965,0.036243903558616,0.036861026947151945,0.030085978274646204,0.03611462890983051,0.014680082882370998,0.05392828306752293,0.053695712832338136
408,0.030263779286708394,0.05075571294604501,0.034417356651105624,0.023117335650900257,0.008921871308062648,0.03838894479940233,0.029693596250847887,0.036555593052358594,0.03740664089374494,0.030495666612538972,0.036610573240133684,0.014745381173634263,0.0544858106987118,0.054193164803525144
409,0.030392065647274626,0.05124500955675219,0.034664305920561335,0.023383239321404358,0.00896281599307949,0.038694614788482275,0.03015997309340926,0.03661411110330546,0.03765412027041143,0.030602670974922967,0.03684118100509292,0.014606164637102818,0.05470608109071725,0.05480578930916136
410,0.030600979235754895,0.05182131823771389,0.0346847160347318,0.023667586444723866,0.008892199611403922,0.03930987713797695,0.03141267577527626,0.03689906176878532,0.03787623554056512,0.030648050374402932,0.03711946376707931,0.0142109733158464,0.05535682487272168,0.05696135188630974
411,0.03093154262608984,0.05233557594285966,0.034846475870307154,0.02401135825618005,0.008809348537835517,0.04003728342783153,0.03255726172078962,0.037270936188869626,0.03801076593422507,0.030789148672139867,0.037393487345978194,0.013905608840821912,0.05607369192897919,0.05881813373004767
412,0.03106446046335763,0.05255044309456287,0.03502601752160173,0.024154438586479657,0.008807392113439446,0.0402884925672531,0.03285510034414608,0.03737199849273765,0.03807461193817179,0.030911742335851554,0.037490483610435756,0.013795102569820805,0.05626538267848701,0.05919178395656947
413,0.03101968616501147,0.0525267184046579,0.03508775491954909,0.02405898456420733,0.008835901168060024,0.04017978537170998,0.03263847641227735,0.03770513033251662,0.03849445194337013,0.031292749281889166,0.03781143365978702,0.013904823684854203,0.05674739069932827,0.05945391707062868
414,0.031009261763253124,0.05243049695839344,0.035067829590269724,0.023846246834008884,0.00884294938270622,0.04010804874938223,0.03244511962593041,0.03730329989122592,0.038000817876823745,0.030971514277354548,0.03721327433693601,0.013684055265973006,0.05611020625067431,0.05860820855651112
415,0.030982687745145458,0.05228146686141648,0.03518861461411131,0.0236169261822772,0.008902116524875518,0.039919147110635766,0.031886148185568924,0.03718020967416916,0.03785860676082508,0.03101495151279649,0.03697093596131366,0.013714330379492696,0.05587074619275304,0.05762710369534283
416,0.03095988131712371,0.05220428201899458,0.03535394758368302,0.023446713260109775,0.008975952717262823,0.03974792635844267,0.03134857766438802,0.03707407004057464,0.03780167026738818,0.031095524579078267,0.03681715036550897,0.01379590114695121,0.05568143214166926,0.056685868026519
417,0.030960784027445242,0.05222894538464235,0.03552557984913,0.02334328648865939,0.009052720079387615,0.03965744331427486,0.03098175651802562,0.03714989002753014,0.03795923459647231,0.031304556658228,0.0368756347167656,0.013924316426173118,0.055796864685789295,0.05624902501617501
418,0.03095686041499664,0.05226148614659434,0.03566293567032272,0.02326610024109786,0.00912748446218323,0.039608377284359494,0.03074684299180588,0.03716617430429284,0.03804360072620018,0.03144395257207055,0.036883531960296964,0.013984543427964074,0.055843522929825674,0.05593040023212452
419,0.030949619949951514,0.05228379879085779,0.03574656267499408,0.023214193921631963,0.009166626632536808,0.03958824427220638,0.030620364081039252,0.0371703054108597,0.038090179217531356,0.03153202550388342,0.03688762778427108,0.013992095364354598,0.05588843305744023,0.05577456898273712
420,0.031004535471444154,0.05240751173284474,0.03586366521888927,0.0232211883117402,0.009207277955608774,0.03966252252069035,0.0306118155818508,0.037216383788314,0.03816176539615092,0.031614217809069846,0.03692408287739329,0.013993620430137367,0.055988907841861536,0.05576046910333926
421,0.031006436192403515,0.052441187027083974,0.035899083949953454,0.02319451813631218,0.009230994562834001,0.039671212385699074,0.030567775000097424,0.03722780280749126,0.03818970399848471,0.031638684153348105,0.036914412998387415,0.013981694184736262,0.05601752540572342,0.055702601861999476
422,0.031023796722827263,0.052497524160574675,0.035956496382916724,0.023207012512285522,0.009241229945956095,0.039704883616596624,0.030563514813566072,0.03727121911268147,0.03824879701629366,0.031707827985377114,0.03697168666268651,0.013968654377302485,0.056108846067232716,0.05574196672878416
423,0.03104677950609376,0.05255951001260944,0.03601226485882574,0.023222046381204436,0.009255237348940194,0.03974694621971687,0.0305838044581546,0.03712600462173524,0.038108774106782574,0.03160402101395974,0.036832287049464424,0.013886734146415967,0.0559033938423846,0.05552323689804576
424,0.031051919769768115,0.05259207144633454,0.03603770627179513,0.023217969518753993,0.009262626171828839,0.03976589073645907,0.030592724694031275,0.03718968154960998,0.03818469581020995,0.03166537032049462,0.036889147278751325,0.013886132570917998,0.05600591325272303,0.05562395484526755
425,0.031081278132588472,0.05267181979934108,0.03608513396776189,0.0232345064590396,0.009265314206347986,0.03981492846107236,0.030618199737621393,0.03731104420179853,0.03833039173180929,0.0317752415128561,0.03701008969077017,0.013905572153773617,0.05620611396117861,0.05580657131733146
426,0.031120226199108272,0.05276722909901055,0.036136533096144605,0.02325963426095796,0.009284738430351751,0.039869910312283506,0.030653787620859588,0.03732743134733718,0.03836512926734985,0.03178406505091112,0.03702584553763495,0.013889365841963245,0.05623033812027793,0.05582519983759366
427,0.03112649363951234,0.05279978842836365,0.03615571724031248,0.023259256465135242,0.009296284791737571,0.039889394948279776,0.0306640991147965,0.0374040427515134,0.03844988738480465,0.03185037796249833,0.03709679291338954,0.0138984757241637,0.056351961128932655,0.05594403502276052
428,0.031165524099693472,0.05288209586332168,0.03621657596577863,0.023282636998449915,0.009310932211681357,0.039958816257974074,0.030712325509935738,0.037321213741338156,0.03836329424514983,0.03178707853257254,0.03700661609008732,0.013849340391721946,0.05624599534714442,0.055835575122271885
429,0.031154908522318416,0.05288490822190895,0.03620421668348202,0.023272299431008326,0.009303690446597498,0.03996007188696627,0.03070796844765494,0.0373408593330443,0.038392375514286176,0.03179573132580819,0.03702205995145698,0.013837461463353764,0.056287401288814494,0.05587316177426801
430,0.031158650263082465,0.05292612726665791,0.036220347617426575,0.023286736700868303,0.009298258059106751,0.03998557653163655,0.030726176588847402,0.03737073896032618,0.03843858536016691,0.03182754372937705,0.03706621306920836,0.013830558095774052,0.05634706760911092,0.05593743302538008
431,0.031190771140833996,0.053018924601925664,0.03627287254710231,0.02332728316355927,0.009307488137691432,0.0400503756014296,0.030770327051815843,0.03735918173868396,0.0384449120572708,0.031822721069052685,0.03707513915014115,0.013812038765755505,0.05634749372359197,0.05593432539914496
432,0.031206013253384155,0.05307376973834214,0.03629611547200018,0.023349076685199876,0.009320100714159894,0.04008978075843522,0.030791038440585044,0.037426761268575866,0.0385298503846295,0.03186915881089891,0.037153309680190774,0.013825589574021385,0.05646381704157363,0.05603821951284325
433,0.03121197679093326,0.05309504465836597,0.03629142736148677,0.02335142975199429,0.009324197015060286,0.04010241200137023,0.030816432641341294,0.03750283837958908,0.038610428421894244,0.03191669652454173,0.03722231048323993,0.01383485839062205,0.0565659493601604,0.05618083395157487
434,0.031220347169659615,0.053139483276526366,0.03630392832766021,0.023367879666914303,0.009324907694788614,0.040136380647839164,0.030854507097585717,0.037517392685212016,0.03863948374708681,0.03192519207491849,0.037245704802044935,0.013822087397087898,0.05659942416051214,0.05624992901728046
435,0.031251766646104885,0.05322346596503059,0.0363408789221246,0.023412780868628046,0.009325863723441503,0.04020397496940003,0.030914157572612788,0.03741421243652434,0.038543470955188265,0.03182771960844548,0.03716013001827963,0.013758685282168009,0.056458803794121326,0.05613323321979258
436,0.03129232634168354,0.05329583120252409,0.036360038846395035,0.02346521788664967,0.00932354668306696,0.04026312494250762,0.03097688980079363,0.03761026697776948,0.03873102297520109,0.03195403838724579,0.03736069186512097,0.013791297507942217,0.056736605557598324,0.05644183274704551
437,0.031291764055815685,0.05333127034931266,0.036345827402742996,0.023493765208742384,0.009325960357258817,0.04028684347385016,0.031044561074468326,0.0375199642749878,0.03864653090563843,0.03184784029747482,0.037288375144752015,0.013739529515593442,0.05660129635546317,0.056403346650768224
438,0.03130806118122872,0.05339862018827381,0.03634219535536874,0.023524448269889538,0.009326228310201077,0.040336651191423774,0.031134669303178913,0.03756811890802394,0.03870453972184329,0.0318515558454022,0.03733544289057693,0.013722865790891508,0.05667719030370997,0.05658160356155598
439,0.03131518745311064,0.05343733937168184,0.03631885974387125,0.0235410971844818,0.009311249568555837,0.040368857137046396,0.031195470335440574,0.037679753120369475,0.03881913505628647,0.03190429090398184,0.037437439227079435,0.013717340139042973,0.05684284782488525,0.05682258786223847
440,0.03135237581274803,0.053517534470432365,0.036346105879251536,0.023594476336824554,0.009308509187773355,0.04043056558653647,0.03126010098198139,0.037614868646663864,0.038751641178281865,0.03182746039231846,0.037400282428345796,0.013678144671447637,0.05674000057279942,0.05676375286795974
441,0.031327386987308393,0.05349472619776963,0.03631643384051213,0.023581324591553914,0.009308219131248272,0.04041471733067363,0.03123761467971493,0.037600930425784065,0.03873702789165569,0.031801150508716514,0.03738907975079334,0.013662329300462156,0.05672246339901245,0.056737621267145814
442,0.031309194278231575,0.0534833491479811,0.03630666495580752,0.02355909780970488,0.009313552317285582,0.04040528192840218,0.03120381340889129,0.03773212291130149,0.03888194025809062,0.03191575631022712,0.03751252674076788,0.013711198781232723,0.056939383775598124,0.05690932728792639
443,0.03133227808517672,0.05353239464018183,0.03634484462178649,0.02356159032076006,0.009320293992452768,0.04043898166017416,0.03120118643132663,0.037618485989422835,0.038778889855720006,0.031834408337730165,0.03739443942848893,0.013683213936290777,0.05678911009770677,0.05670577069043729
444,0.03138144583301728,0.05359660795640708,0.03638749173506101,0.02357332243235795,0.009327457742332963,0.04048658530830627,0.031217998589096123,0.037754086508676274,0.03889895552175224,0.031928648470813274,0.03750342973144129,0.013736573470017928,0.05696629243405402,0.0568538175469937
445,0.031403577489911676,0.05365481825881204,0.03638625141884643,0.02360453344423026,0.009324326642082744,0.04053005737796656,0.031277575348348845,0.03776453742249555,0.038910826853552294,0.031901544314751396,0.037518986884880784,0.01371811070785674,0.05697828998182407,0.056923064910501565
446,0.03139898029425665,0.05368565867764216,0.03636106480101331,0.02363423408844966,0.009318754783557164,0.04056003217489563,0.031337647778287105,0.03770260540283085,0.038857774479413465,0.031817530963375924,0.03747709742850366,0.013663687967508598,0.05690129455484528,0.05692307004881586
447,0.0313923733281546,0.05369380968548072,0.03635492775411702,0.023646464780288815,0.009322206397638953,0.04057938297018173,0.031355377738829265,0.037928067322828524,0.039091434914965625,0.0319953882332551,0.03770947668840891,0.013729216357124787,0.05725331881042951,0.057287987549930676
448,0.03142682814224565,0.053782351920451804,0.036405274088268096,0.02369046545349304,0.009339969662561442,0.04062580525076563,0.03137506204615747,0.03784519830492235,0.03903819652420846,0.03193030611550919,0.03765872766902518,0.013712719433598797,0.05713057804405738,0.05713535816130153
449,0.03140430115788533,0.053774902462186046,0.03637221537240996,0.02368674340805329,0.009332150273616875,0.04061224034594354,0.03136973451412366,0.03786429430712424,0.039069973863997395,0.031932638025695535,0.037695967647485465,0.013716980737620134,0.05716779005667715,0.05718847316625338
450,0.03137321435668658,0.05375068051136448,0.03631816142163514,0.02367637338856158,0.009317687591645842,0.04060408465532735,0.03139275767719884,0.037986773850184015,0.03918955875618445,0.03200692406891471,0.037822410821018566,0.01373840772471911,0.05736644550375648,0.05745469183166257
451,0.031435151337013266,0.05388040442546858,0.03638515725291439,0.02374325339005326,0.009338088892810285,0.04070865393977914,0.03150212135298314,0.037843573620984124,0.0390479193752646,0.03186979213063417,0.03769094891663029,0.013668319901435317,0.057156803662692074,0.05730761857489072
452,0.03144491477601379,0.05388958796969685,0.03637881587363759,0.023750752182226945,0.009327238019986969,0.04072095899743232,0.03152120109187897,0.03794465157780385,0.0391381041638134,0.03193453873963225,0.037783336549219435,0.013693458593775335,0.05730098439161178,0.057471447351476246
453,0.03143476736037546,0.05386098861183186,0.0363493974981281,0.023729848288169788,0.009313692053541323,0.04070296413913185,0.03149840409715111,0.03774214802314414,0.0389160511328171,0.03174316824679245,0.03756237955091689,0.013606988414663282,0.05698311961587629,0.05714267213519126
454,0.03146192339744929,0.053913024716999866,0.03638161167636361,0.023738283608515175,0.009324789271092666,0.04074176341581876,0.03150206324775559,0.03774194092903684,0.0389183189378355,0.031735416013843026,0.03755054080819846,0.013597943966692658,0.05697997644128509,0.05710283059156521
455,0.0314621416139792,0.05393739376571698,0.03641898156812661,0.02374566648022818,0.009334205043653192,0.040751073690397356,0.03146392961756139,0.03793448182244788,0.03913347090900909,0.03192626415659291,0.03776353324860071,0.01369010609033651,0.05728741823470323,0.05732619647617719
456,0.031455194106079186,0.0539563560928858,0.03643165622072291,0.023765439525237072,0.00934004689896167,0.04075485661368792,0.031429730675200725,0.038049717168091586,0.039275995780996775,0.03202987105450655,0.03791938864899372,0.013757337867601608,0.05748413724598318,0.05745171156045206
457,0.03144089184229567,0.053941964088438724,0.036405296455472344,0.02376475646789664,0.00933483745505296,0.04073848279224692,0.03140836134941645,0.037972636974085636,0.039203276446060094,0.031945526904112606,0.037856309845231084,0.013740669098514083,0.057366095553166185,0.05732100660150885
458,0.031490188002189,0.054015502176238434,0.03642941690464862,0.02378937604541752,0.00933974602106293,0.04079712442516905,0.031480510193398786,0.038003947817541406,0.03922124827575098,0.03193836668015768,0.03786162870391461,0.013741547280671212,0.057385469020814026,0.0574005129168616
459,0.031500710111344414,0.05407973523916899,0.03642083922036124,0.023835701380099765,0.009343341439373796,0.040856162152154,0.03157291916395026,0.03780501877031611,0.03903333022100695,0.0317401790700845,0.037691570364491,0.013644830720078847,0.05711217887418018,0.057216490646211655
460,0.03150824733101386,0.054152077656462815,0.03641618673889241,0.023913452667621685,0.009338427557552332,0.04091374423940136,0.03166727725142491,0.03791232550975351,0.03917522587927195,0.03179790949918404,0.037860880543865875,0.013653837315727807,0.05729454709881267,0.057491723840268696
461,0.031545026286536146,0.05427082408759252,0.036435604000160625,0.024015534500684693,0.009336495262220464,0.04099768843970047,0.03179724679858236,0.03792369496909377,0.03921649221573225,0.03176175991018572,0.03792681298108791,0.013626958120656696,0.05730787568397429,0.05762514643176956
462,0.031588482202536704,0.05439280373733269,0.03643072403229393,0.024092174454389,0.009336328979211824,0.041084286221988585,0.03196710116656441,0.03811402759924856,0.03942657093764599,0.031847243085023964,0.03811981048384151,0.013654676739145194,0.05757273559602677,0.058085091671770964
463,0.031590541554293715,0.05443747090979983,0.03633473346700962,0.02411505252851,0.009297927250771467,0.04113627810477329,0.032143718680596685,0.03810233055157783,0.03940002283760091,0.03173178200492047,0.0380716739217233,0.013548759122041374,0.05753078599752642,0.05831612538166624
464,0.03158416115069984,0.05448701663137967,0.03623969837505738,0.024132341050903425,0.00926601252783169,0.04119782548421803,0.03233757019571671,0.038163992203709564,0.03945318868769461,0.03168841694172255,0.03809668006150964,0.013464941326165557,0.05762736288089151,0.05870904592259612
465,0.03160774154730532,0.054589526510873544,0.03619539867324133,0.024172869043970667,0.009259306874815784,0.04129712282804702,0.03253819772945034,0.03810332456464209,0.039386748809343404,0.03156023063942189,0.038007947954036586,0.013364992999586801,0.057553499848382726,0.05888248004701762
466,0.03160149036148063,0.054585174923985236,0.036098653189953506,0.024167271810415416,0.009239996436298274,0.04131565139930182,0.03261566779579406,0.03827854146914401,0.039545716863216625,0.03162004153597048,0.03814139961337956,0.01337558884788958,0.05779961473541421,0.05927186480471562
467,0.031631018803426975,0.054619973383097445,0.036121850310676745,0.024169399796323047,0.009236214297523547,0.04134761587217451,0.032653089481520965,0.03831634760784342,0.039555141795785315,0.03164468609998671,0.03814711517226691,0.0133819866115628,0.05784346235526468,0.05934353426059819
468,0.031604792557672436,0.05455275447453503,0.03613137719969854,0.02413776186660268,0.00922650143712358,0.0412996215111787,0.03255471535619689,0.03816033811901228,0.03938462915720339,0.03155176340071121,0.037993836172526704,0.013364923518334118,0.057613517311450806,0.05899094893625701
469,0.03167256764318297,0.054654870202012276,0.03627353413248055,0.02421381874833269,0.009255763068693587,0.04136908302117871,0.03248352145122996,0.03811347352142731,0.03936708650928278,0.031560672823953514,0.03800796289695201,0.013427356762557624,0.05755534681730176,0.058686282323174806
470,0.03168401785647441,0.0546739665378863,0.03639369584596422,0.024299582843074714,0.009277929459385954,0.04132091606554801,0.03229976264405538,0.03833205441786814,0.039670025811381335,0.031813675803123886,0.03837152667881817,0.013628188916169152,0.05786651290473159,0.05869654972676777
471,0.031681563855754,0.05468376755133052,0.03640139774907385,0.024320308239665342,0.009305251652227372,0.04131019213500473,0.03227750003037755,0.03830563727190767,0.03964653037803142,0.0317961486176188,0.03839698038731993,0.013648857145919395,0.057828039234994494,0.05862924462066233
472,0.03163961847914275,0.054609317449507117,0.03625481574217651,0.024192817086392815,0.009290808403575906,0.04130975065587965,0.03240076550396339,0.03822173484637321,0.03947379172451546,0.031661703485167336,0.038171785023587,0.013499075322972271,0.05772245989354114,0.058795792365846714
473,0.03160445392618037,0.05451670281147357,0.036081210369415015,0.023999736774624917,0.009242918901391887,0.04133002137334628,0.03256718194689253,0.03819185311207439,0.039332078953251956,0.03155404713636162,0.03788294328063486,0.013298881839227467,0.05769515292813178,0.05911015969606451
474,0.03169035125595422,0.05466958668428776,0.03624083621423506,0.024179420889181243,0.009274789959570713,0.04136974009915294,0.032428484733362406,0.038289796802275664,0.039527603837020184,0.03164674125941162,0.03815436307230584,0.013473050748956045,0.057802840213544565,0.05886128594384791
475,0.03172662212598586,0.0547361304956433,0.036406379055795586,0.02433643770863986,0.009313888249500734,0.041356344367383766,0.03223263326934342,0.038365829127839035,0.03969572082642748,0.031791619167546296,0.03844259500974971,0.013675741868993813,0.05790568826842949,0.05856931352354219
476,0.031703626722062894,0.054696682388502255,0.03643327126632906,0.0243439268374265,0.009322265565261762,0.04131572171078306,0.03215001517729081,0.03832216392838352,0.03966717096865918,0.031803348665302246,0.03845772579646326,0.01372413192487603,0.057853046486845715,0.058409211098829315
477,0.031649418625347835,0.05460841679143404,0.036284056399901045,0.024209595634547984,0.00928723361755045,0.0412687722061375,0.032223848050279266,0.03829374139642383,0.03959258483770105,0.03171537011704878,0.03829697048290264,0.013633064827572181,0.05781494563642781,0.058613424045793554
478,0.03166507219748012,0.05463706570571867,0.03626065493437256,0.02417939668329696,0.00927111620555899,0.0413171731154095,0.0323301035829502,0.03825856149951311,0.0395151876643834,0.03165843437444475,0.03818205303390529,0.013546096904417439,0.05776333036174917,0.05870760128512527
479,0.031674358104666844,0.05466194189041299,0.03626123326561687,0.024208304140152785,0.009267343021501184,0.04133883797614196,0.03234383827220195,0.03828351256924409,0.03954599946686477,0.03166560851437208,0.03822791807810283,0.013552763782717282,0.057801353436075696,0.058739642621169263
480,0.03164164056867626,0.05461375176610675,0.03622974351007278,0.024226050088171594,0.009264130162762316,0.04128297599782004,0.032247899155163656,0.038311963343382875,0.039612641841729364,0.031684023263302,0.0383258294508556,0.013620087790126315,0.057843787078537545,0.05867394964422974
481,0.031699082820419285,0.05469926642882157,0.036305644296740026,0.02426000765193653,0.00928394158981555,0.041335317875214266,0.032247531528344676,0.038275392596230445,0.039586467204440416,0.03166539845041571,0.03829085904937703,0.013648041776059003,0.05778508678886613,0.05853091103641992
482,0.03168204316885208,0.054641202032049356,0.03626332877062288,0.024219481812118488,0.009271074679541485,0.041289714719307695,0.03220676827419406,0.03829877203258471,0.03959839678715983,0.03167203142270549,0.0382940574514705,0.013659074978759261,0.05780464937536072,0.05854939996178255
483,0.03171812658537335,0.05467237054144789,0.0363050396758496,0.02422465378281801,0.009279335820789762,0.041313397772361954,0.03220315623950704,0.03826138268080907,0.0395406624799709,0.031650622599800546,0.03824301659438959,0.013662011325550184,0.05773216670317925,0.05844153498980416
484,0.03169135437399648,0.05460849902580362,0.036314473404878846,0.024200533669646272,0.009283789753201337,0.04125800832789265,0.03210117449396429,0.03828829034542092,0.03956483466129202,0.0317131626912497,0.03828383347181829,0.013722976759316616,0.05776929696271896,0.05836510237531773
485,0.031716492953946324,0.05466319643912991,0.036369330428041594,0.024235741049118156,0.009311190890999107,0.04127928451363015,0.03206224505705419,0.03826363903290289,0.03957311567657832,0.03170677490555534,0.03831050165951159,0.013765875265017224,0.05774955038919918,0.058233098380093405
486,0.03172727565851659,0.054685479202289354,0.03640171691510575,0.02424294829999215,0.009316572458570867,0.04128853802488307,0.03203424750154195,0.03824840207899082,0.03957066574096527,0.03171203349218436,0.03830927856436168,0.01379165627163549,0.057740685655177926,0.05815638193855348
487,0.03167459664784291,0.05459632069491145,0.0363509491368313,0.024193528334453054,0.00929923942573167,0.041220244154256305,0.03195291472754197,0.0382751528745362,0.039600066706322226,0.03174421515798958,0.03833202420613089,0.013814643572993944,0.057790372377331256,0.05815547043450083
488,0.03166928645502239,0.05459259522520822,0.03634610809356803,0.024184972352508237,0.009304988536982448,0.041211788325955866,0.031914952229639665,0.038259034791166706,0.03958868859580145,0.03172726989891799,0.03832176645889826,0.013814413960171305,0.057770081853690064,0.05807766236859639
489,0.031734545499876365,0.05469324843220572,0.03643310986239738,0.024229340085756116,0.009327900620078338,0.041269702881095174,0.0319454812729467,0.03827803488856418,0.03960767669790152,0.03175524123659339,0.03835080916582058,0.013829700351485754,0.05778269602732853,0.05806031296308646
490,0.031731720267803576,0.054695805842643386,0.036455694038052947,0.02422820018069596,0.009336962925679268,0.041267107031874466,0.03192309113775402,0.038286648940234376,0.03962114560141808,0.031780274355137694,0.03836886353229339,0.013841096269824547,0.05780415188732067,0.05804261123312598
491,0.03171597632331651,0.054676804462356635,0.036452117822202805,0.024209579429369105,0.009339296880492804,0.04125857523483479,0.031894255917444145,0.03829248215110708,0.039625535678345904,0.031791512061334175,0.038368633590977724,0.013847134705668823,0.05782500346856437,0.05802575859333193
492,0.03172320589953632,0.054673664370511965,0.036445353668168014,0.024190290280964016,0.009336381496636242,0.04125872495667814,0.03188170847405619,0.03829483771380862,0.03961187001204036,0.031781434368756294,0.038344985825075895,0.013847366996542383,0.05781568951215308,0.05800038010096642
493,0.03174680951790925,0.05471495139200748,0.03648486625783538,0.02420060746422263,0.009346067930310856,0.041282152312529685,0.031895102160995295,0.03826866972079514,0.039594158683340624,0.03177932663332875,0.038322039365271975,0.013852620310595701,0.05778741917779758,0.05796453825819357
494,0.03172288461446331,0.05469823305776418,0.036470603273370435,0.024194730366208787,0.009351164830858323,0.041267333299520016,0.03186805154879988,0.03829227632984306,0.03964510449078281,0.031810211083561295,0.03837110730523288,0.013887655593493824,0.057853780424798676,0.05800335402282178
495,0.03171510290807351,0.05471149421025627,0.03647352838224545,0.024211437320833647,0.009359137540451132,0.041270260334350786,0.031841271344532386,0.038296215191035904,0.03967703614079273,0.03181338808534216,0.0384094497545758,0.01391121921222907,0.057875621798589974,0.05797132501190159
496,0.03174506732565927,0.054760420805254846,0.036528813221254265,0.02425016063116924,0.009362674136895744,0.04127687561067607,0.03181566465935606,0.038283519362611755,0.03967575450442604,0.03181094480925698,0.03842390931934626,0.013907343109550269,0.057823162214330384,0.057856290421348905
497,0.0317637006260393,0.05480206624628758,0.036554277189173486,0.024268367869393286,0.009377875435091837,0.04130716790349695,0.03182856781407417,0.038350591814265096,0.039746084035027475,0.03186898800087447,0.03850219858388741,0.013945710187292796,0.057940392406007936,0.057952686911284496
498,0.031770195330590834,0.05481005157666422,0.03654162954432075,0.02426455670610962,0.009381348960438868,0.04133200025379303,0.03186953860396144,0.03830900637253815,0.03968237400384228,0.031821489683496344,0.03844784362390834,0.013925574777096964,0.05789185241402526,0.0579507142719916
499,0.0317424714084955,0.054748751865700405,0.036477975019159524,0.024224937707657768,0.00935992850451475,0.04130469788212524,0.031887935330063365,0.03835360741094292,0.03970080909405062,0.03183256056402559,0.03845964220543749,0.013913903638730464,0.05795053891286027,0.05809440940456042
500,0.03179800827323589,0.054858092070072376,0.03652999197862191,0.024250262484887722,0.009365653132625718,0.04138259245928171,0.03196406521588152,0.038331430311680834,0.03968390041647749,0.03179093378395992,0.038405079575721666,0.013890936423274283,0.0579116654182067,0.05809404043856526
501,0.03178630354341322,0.05487724040787126,0.03655038052723514,0.02431961011616257,0.00936682439109756,0.04136131491360425,0.03192950854646727,0.03833936253191399,0.039744712826494055,0.031812979583262846,0.03852111564635868,0.013940427193488552,0.057922750788126705,0.0580608842700008
502,0.03177729226185062,0.05487958971901567,0.036535657364044884,0.02434963270807016,0.009370718154737607,0.041345857843577874,0.03191892517373902,0.0383758115466634,0.03979761326329723,0.031834938108326834,0.038612639777507944,0.013977815621587066,0.05797463217199193,0.058111973892025943
503,0.031786286373073826,0.05486359669096889,0.03646647649172748,0.024265725305871542,0.009365267622977387,0.04136707253417328,0.03198426292065555,0.0383698678963934,0.0397231666209777,0.03177215447003759,0.03848171278241464,0.013915541542342811,0.05795712127419359,0.05820931852637201
504,0.031813558048792455,0.054848840398021216,0.03642345652900579,0.024143819063297135,0.009343809124272115,0.041423493002493185,0.03208712791292402,0.03833944722441082,0.03959154917523752,0.03171194139466063,0.03824596036697528,0.013785515426991591,0.05790395964444289,0.058311388831736914
505,0.031787877851481613,0.05481770856174084,0.036407865841503274,0.024162140195131403,0.009333582080148195,0.04137505711650277,0.03201995367713661,0.038356804515020805,0.03963438893391896,0.03172484400355658,0.038312669315528604,0.013811448995849669,0.05791550073929834,0.05826139908416613
506,0.03187061188488696,0.054996971793294526,0.036582017057406,0.02436290890308712,0.009375520121437456,0.041447193741150974,0.03198428530787989,0.03846108630279791,0.03983049020649598,0.03184689368700174,0.03860779183646857,0.013955745916043755,0.05805605308290737,0.05819160172234923
507,0.031885337886380025,0.0550265981029296,0.03667439962679218,0.024459943215354666,0.00939525578950803,0.041443830186889345,0.031903788594885435,0.0385256500561527,0.039950768523282186,0.03195004634127348,0.038791566372452825,0.0140560035653377,0.05814552971111083,0.05810468604227624
508,0.03187529520410791,0.055043191472576435,0.03664471725728694,0.02441053404187057,0.009389950911038983,0.04145074124335458,0.03193514744818528,0.038473236445405616,0.03990907862383275,0.03189685185397464,0.03868890667484309,0.014011319132912311,0.05808485717528663,0.05810511656160967
509,0.03181132586665753,0.0549659157657378,0.036552300547527596,0.02433215412778018,0.009371894583412786,0.041404749870820774,0.03193581613594751,0.03844682961309906,0.03987860980743914,0.03186554092645552,0.03862555821600074,0.013970310416184547,0.05807852454290695,0.058188163629343204
510,0.0318183300515096,0.05498336073933588,0.03655555317526085,0.024334920892129505,0.009374233567912409,0.041431201367675835,0.03196626708178984,0.03842981347615813,0.03985235732396604,0.03184899924904598,0.03860401545630794,0.013950387150000562,0.058066010287298755,0.05820707428867977
511,0.03189397748332968,0.055083714175208916,0.0366418922865229,0.02439287804117611,0.009388638182748517,0.04150515109116342,0.03200280919404961,0.03844952685008781,0.03986563512525061,0.031860446009807565,0.038621592375260846,0.013958588955406866,0.058066370120136164,0.05816403206022462
512,0.03191660379467711,0.05512790559385763,0.036694495264530586,0.024450447092980433,0.009394922042506366,0.04153502973234189,0.03200446528231916,0.03851477369268945,0.039945035723899125,0.031921634432675206,0.0387390108552435,0.014010982306410433,0.058171496301750475,0.058214810426720956
513,0.031912694312365535,0.05514751597914959,0.0367001861856588,0.024482772282997688,0.009402077916007005,0.04152923710185416,0.03199691540639243,0.03851620670434295,0.03996590315706632,0.03192094984180882,0.03879417249415694,0.014035718598751086,0.05817641559621175,0.05820866662585418
514,0.031903663425609755,0.05514427082087463,0.03665941476036741,0.024464677332014555,0.00940511419183454,0.04151965130750233,0.03201606513323043,0.03849621918805924,0.039939057574697845,0.03188415694885345,0.0387670991905209,0.014017383151879748,0.05814232641818558,0.058240149185981964
515,0.03187468465975828,0.0550607154414281,0.03655906723868016,0.024364038709454708,0.00938541362308047,0.04150932259824465,0.032061706488038376,0.038479717340335215,0.03986018838653671,0.03183719220882247,0.03864034206149347,0.01395021086937728,0.058130777344245634,0.05836608495816921
516,0.03184200064917885,0.05500252936632436,0.03649158553822493,0.024261638341930875,0.009361476645937974,0.04152240603549405,0.03210827636910753,0.03842826213974898,0.039764362394160174,0.031777699746010066,0.038471459169472255,0.013880963002757625,0.058106364070721575,0.058428259863653506
517,0.03183526221057578,0.05501804466771434,0.03651014698264674,0.024294993393780943,0.009358848160871272,0.04152956348767298,0.032102149810653416,0.03844059826730356,0.03980128608004499,0.031801930558886096,0.03853240359361361,0.013911553992035648,0.05814874116621166,0.058438211038724895
518,0.03189036452228889,0.05513524637832773,0.036618887854140476,0.024456941921424776,0.009384516051079908,0.04155882921666788,0.032067226759041154,0.03849658966975716,0.03992564832564908,0.03186423780361941,0.03875195233343395,0.014008510099549584,0.05819431259919985,0.058347511821046374
519,0.03196365123310114,0.0552339931885918,0.0366945002539633,0.024548927657091726,0.009402382200440214,0.04159584022379892,0.03203102639822535,0.038624992081899075,0.04008223840216863,0.03193165476163242,0.038913655190342164,0.014077250009314188,0.05831029174474888,0.05832331577952946
520,0.03196970751822941,0.05523533149177081,0.036699627402233294,0.024557561345327054,0.009405748077772582,0.041605645052300695,0.03205042613915256,0.03864336710698058,0.04008143528742876,0.03193955681834254,0.03893520661994731,0.014099797652815027,0.05832925661417634,0.05836338308246782
521,0.031955477802501284,0.055230598056380156,0.03669395485891436,0.02454296730089236,0.009405260128926424,0.04161292885529542,0.03209506702882324,0.038589503693509525,0.04001862762300191,0.031913197565735865,0.0388794966883718,0.014082754044139075,0.05827095892580735,0.05838732042135681
522,0.03194145968855257,0.05524066207141068,0.036686343686671286,0.024528874217263966,0.009403707900517566,0.04161305197318402,0.03211603126798099,0.038578644083727714,0.0400286200601702,0.03191711409845442,0.0388631922336748,0.01406254534556291,0.058270324510790054,0.058436853640696264
523,0.0319389858982878,0.055250427431611134,0.036659426729406426,0.024513932217328276,0.009404780267852604,0.04162127919182438,0.032115743837442784,0.03858058809547205,0.04002925125465286,0.0318833340191154,0.038836713941286745,0.014034437770550686,0.05827272967927272,0.05843446902140366
524,0.031938935977188374,0.05524216251812018,0.03663859761232447,0.024520767185328283,0.009401887425072048,0.04162192726147606,0.03212844160489149,0.03858505299911216,0.04001833953385472,0.031864169791646,0.038843040804047005,0.014022375363922994,0.05827674857834105,0.05846088607198748
525,0.03194931185511596,0.05524983449412988,0.03664472048429391,0.02454937831060602,0.009397643431064797,0.04162917293371493,0.03214576820110135,0.038608294976264515,0.040037994828883434,0.031881314367361524,0.03889451792271098,0.014035560014624693,0.05830846308796607,0.05851190397130736
526,0.031970406173093546,0.05529232438627434,0.03667824910986594,0.024587470397712335,0.00939563590834596,0.041652893060139855,0.03215906005422565,0.03860972835846124,0.04005822823099237,0.03189147911472441,0.03893147029906905,0.014054934515861041,0.05830974752753268,0.058503414629544497
527,0.03195575563153355,0.0552924732412684,0.03667560176094131,0.02459273394544096,0.00938887472731127,0.041648880110670645,0.032155137216797705,0.0386243992262751,0.040092981512780845,0.03190359894550482,0.03897165839594193,0.014087105608907916,0.05834542373198412,0.058536695048502944
528,0.03195766890884544,0.05530770705022225,0.03667713675452446,0.02460362707925919,0.009390033656404341,0.04166750900631022,0.03215746284191966,0.038615460430508106,0.0400873378973298,0.03189565458197192,0.03896435922924059,0.014090406346885256,0.05834005124047526,0.05851287685028465
529,0.03196723469425369,0.05532863467419846,0.036657370523669866,0.024602928843361776,0.009386696385400305,0.041687404760829404,0.03217287803211544,0.03861850473497137,0.04009060422165096,0.03187335960019755,0.03894501363357602,0.01408102875587635,0.05834373114060781,0.058520989263959156
530,0.031977358866729685,0.05535423859497988,0.036622544253492186,0.02459055799900452,0.009375655992999804,0.04169646675354644,0.032206594881738694,0.03865447987255449,0.04013619659154334,0.03185517226861473,0.038953211400724885,0.014079854783763043,0.05838921065465391,0.05861619073319361
531,0.03197932321666746,0.055358848908661294,0.036659271394580646,0.024616502166322902,0.009386362758386797,0.041692999361874726,0.032215018409857285,0.038645226190982804,0.040122817949171864,0.03188166227171469,0.03896712982588238,0.01406293169459181,0.05835702696112389,0.058604979248870405
532,0.0319952172295875,0.05537557719104775,0.03667095169629885,0.024661548231123508,0.009386001675864097,0.041702785328893544,0.032216450492982544,0.03867724128450777,0.040148990005788227,0.03189223306353525,0.03903505259124871,0.014081557852309107,0.058392235949930864,0.05862044185039287
533,0.03201779399792985,0.0554168497894178,0.03667271322290494,0.024707855300026317,0.009385819628984162,0.04173060626301731,0.03222736845018127,0.03871780830928816,0.04019935477914738,0.03188694710303084,0.03910435216809526,0.014111381918428631,0.05844742431008145,0.058647801368356234
534,0.032016517977577943,0.055448279478047174,0.0366850341125112,0.02472479181053913,0.009397222675098207,0.04174969027020255,0.032244469375322604,0.03871353888753192,0.04022487590806181,0.03188763182949247,0.039109367067777616,0.014113476352551736,0.058442780801364336,0.05865145123838118
535,0.03199517216905356,0.0554219450621066,0.036644083456308145,0.024688393628566712,0.009379260248806203,0.04175065587084426,0.03226590063287639,0.0386984619404703,0.04020601895987605,0.03186817925014909,0.03907191076056973,0.014114782907866375,0.05845581414576071,0.058712492728767086
536,0.03200511625041591,0.05541600462242467,0.036615362243173605,0.02466730475827371,0.009372935031374149,0.041753506548342444,0.032292846252219475,0.03869161657831648,0.040177418228808645,0.03182812231276002,0.039022354093600733,0.014097534715295911,0.05842570906814537,0.05873376278443105
537,0.032036479066031645,0.055444154376490605,0.03662436532925969,0.02469012488996725,0.009380303064410076,0.04176109220354973,0.03230855647879869,0.03874849133023798,0.040223853039470264,0.03184193581691852,0.03906518405650326,0.014102145960488319,0.058455188258531514,0.05878155996005139
538,0.03205667449735705,0.05549614566501245,0.036670628021733855,0.024759599502961582,0.009384851299164622,0.04177948324601695,0.03230638305942105,0.03877053115571222,0.04027040251957656,0.03186828478980675,0.03915122220285659,0.014132280864676418,0.05847109356211278,0.058762725063481354
539,0.03205584362164477,0.055551298807781,0.0366914770984538,0.02484579410233138,0.009387613380076511,0.0418067181736435,0.032318262238759575,0.038775347846422004,0.040333789852036124,0.03187385240672654,0.039254220801899234,0.014189612180039874,0.0585096692061285,0.05876374922591189
540,0.03207869724896738,0.05559258145995028,0.03669196088676565,0.024914734733726882,0.009375645976456385,0.0418319515107636,0.03235720348305275,0.038815783994701834,0.0403919759033872,0.031870826679087215,0.03934588701898739,0.014202367524009567,0.0585511293548272,0.058830794860228984
541,0.032108847270579464,0.0556290234047898,0.036669473216222846,0.02495863058295678,0.009359611791101794,0.04184981227550097,0.03242001202481874,0.0388532388832445,0.04042956942623651,0.031844112956480375,0.03939396858932391,0.014166446502290264,0.05855845303021666,0.058928743200018084
542,0.03210731159144255,0.05571108434942684,0.036634186812547716,0.025003406524518025,0.009365652442055398,0.04188279014345713,0.0325141287957217,0.03887439964919275,0.040517371345262385,0.03182714646433655,0.03945078589828355,0.014155939531302595,0.05861177231261103,0.059101790599591135
543,0.03211033746843916,0.05576777057552964,0.0365779591931199,0.025033812876634316,0.009331386292563032,0.04191456088155961,0.032661105192439054,0.03887932346284754,0.04052645241972659,0.03177316347559339,0.03944644191774992,0.014095771615367054,0.058604857219789384,0.05932789940664616
544,0.032100462615835254,0.05577181533162818,0.03649270486823751,0.025042244734216925,0.009292238651387744,0.041949092160222044,0.03284560109509897,0.038878637898694064,0.040479463823718705,0.031689241351167206,0.03940968321555989,0.013999438709122854,0.05858163945992665,0.05962056907700085
545,0.032078214967438776,0.055752236783515575,0.03637437010574622,0.025025925842090572,0.009268270403095656,0.04198258895393038,0.03304824913500057,0.038895690447854785,0.04044029706766995,0.03160124217711305,0.0393654160136914,0.013901615849748307,0.05858532030575741,0.05998540338588802
546,0.03207258190852941,0.05579339743826561,0.03623632011371165,0.0249930007042907,0.009248961790921684,0.042008760216218806,0.03325279994988898,0.03888997463775197,0.04041489653903019,0.03149423323820832,0.03925330090973683,0.013816493500406164,0.05853245862490952,0.06029854878969544
547,0.03205956360207383,0.055790354516854816,0.03612667154371422,0.024954789253054662,0.009232804516538354,0.04205075702553401,0.03342975626069301,0.0388841595272522,0.040369937658647756,0.03141957278279582,0.03915991768941864,0.01368803741206367,0.05853696719431845,0.060602909415551104
548,0.03204433416755838,0.05574691516442875,0.0360412445231357,0.02493232215402273,0.009216340688766528,0.042081136837664054,0.03355894685656822,0.03887245662024364,0.04029876357899316,0.03136348467812578,0.03910037222862529,0.013598284920671779,0.058541083679900456,0.06082826710655564
549,0.032041837324159675,0.05571469191793097,0.035995866116459864,0.024934206203301175,0.00920683611482748,0.04210664488723202,0.03363827134833786,0.038877946092797586,0.04024637234342429,0.0313384970107284,0.03908284005785298,0.013595348345667519,0.05855436727877026,0.06095649676755835
550,0.03205297056725631,0.05573884906589168,0.03601847578186833,0.02493823634488392,0.009215697876387555,0.042159449809878714,0.03366359738229775,0.03893084751535074,0.040277934673303054,0.031375006107635474,0.0390938383883847,0.013627670597467952,0.058657594494603435,0.06101135574179224
551,0.032145487922085894,0.055866442962595124,0.0361604743091531,0.025067338011983974,0.009201544463782439,0.04220011860131699,0.033591724034770655,0.03904030194721483,0.04043964030014402,0.031463899109220976,0.03927715232143399,0.013764799771141542,0.05874904244399577,0.060870655355226004
552,0.03224850451917488,0.05603513912321826,0.03638470917199631,0.025321227058424964,0.009218694767435882,0.04223080921890278,0.033461346422929264,0.03917408033494232,0.0406874590327031,0.031613241302380114,0.03966685012424569,0.013959236671961167,0.058877458731593786,0.06065109112539385
553,0.03229126048233324,0.056163530039893626,0.03659281065265946,0.02559836356068449,0.009286350482183346,0.04223306514876029,0.0333129827966894,0.03922064740325186,0.04087462464621365,0.03173318120240139,0.040070015024270565,0.014134602472982519,0.058933753585987354,0.060362377258607144
554,0.032293144325600084,0.05625632666383222,0.0366867822479077,0.025740347059058866,0.009352378700046456,0.042202927811594695,0.03320339615854106,0.039222568495182325,0.041001827258179996,0.03179338241993218,0.040281484444091346,0.01428919317544182,0.058918074083873354,0.06016519242473238
555,0.032272713949668526,0.05620411222847234,0.036612260460942264,0.02565603460452136,0.009349937913490853,0.042186965684956036,0.033221790745038324,0.03919428996749322,0.0409359738610944,0.03174349101782318,0.0401661079374513,0.014220107278365831,0.05888538874588502,0.06020659753920585
556,0.03223034187431496,0.05606134462086099,0.03641585160806663,0.025417325809561006,0.009293700978985261,0.042172726807103066,0.033362146613528175,0.03912664048147711,0.040712569575665575,0.03160148604177826,0.03979411221596139,0.014017353256262794,0.0587862434103083,0.060433753795283846
557,0.03216866878144373,0.05591378512306275,0.0361810760713825,0.025159579755619506,0.009225865185869141,0.04215006958658315,0.03356201550758873,0.03905947736886761,0.040482620041378536,0.03144987742428318,0.03938959196461883,0.013827098325425457,0.05867107425217789,0.060779941740696675
558,0.032119145396929095,0.05585664351344849,0.036017676904472266,0.025069854576539187,0.009187552943328008,0.04216670492405976,0.03371300621535367,0.03900629840307028,0.040398553706069665,0.03133300307588331,0.039235125577416034,0.01369538154961808,0.05864125946747726,0.06104942961627831
559,0.03213320957643216,0.05591071595859274,0.03604682610433424,0.025190094861383086,0.009182275803193012,0.04218870904444309,0.03378550203683993,0.03902915700339213,0.04044645168005783,0.031336857341134325,0.03937539816057414,0.013698343749239424,0.05866132449912547,0.06116079184786401
560,0.03217443112121316,0.05602068358556166,0.036157489741625214,0.025388652599005947,0.009189979813576261,0.04220817378969553,0.03378514300006706,0.03909205364680269,0.04058091251690387,0.031397344583662896,0.039637781301118606,0.013786236736953112,0.05870344442512089,0.06114158502937544
561,0.032202370680220464,0.05612373210874696,0.03621654131141349,0.025516510550871254,0.009194490379675294,0.04223770527660497,0.03376247152946371,0.03913015717571521,0.04071439051106446,0.03142196005653576,0.039801701484720536,0.013864543436270086,0.0587333828327221,0.061072730030505507
562,0.03221770808559385,0.05617402349019242,0.03622753927474135,0.025539087931488614,0.009219494363804497,0.04228104629158935,0.03378658181623394,0.039170115680746805,0.04079853113726507,0.03145397488883976,0.039838662160660954,0.01389766360843648,0.05881381836679203,0.06113268742054701
563,0.03220926367435854,0.05612049834589194,0.0361384712107522,0.0254528291717146,0.009202220292045612,0.042287783164904474,0.033846029982047145,0.039166554654595225,0.0407272296219736,0.0313961014793749,0.03970381100429153,0.013846268332256398,0.05880017326663234,0.06123012470884504
564,0.03218880107870417,0.056030275421821145,0.036028421223792836,0.025345021113383367,0.00918328242633154,0.04227628862607255,0.0339046515048738,0.03913223767441602,0.04059594371615528,0.031314151003384645,0.03953502557365893,0.013785005459105966,0.05874481235338283,0.061319337102941414
565,0.03216623994238699,0.05596945294673811,0.035977149627577816,0.025293725081795084,0.009193128457437711,0.04225505552712234,0.033906635229091014,0.03908647616631594,0.040520946020583974,0.03127735255592694,0.039457984779057965,0.013778988151370066,0.058698547884402597,0.061324268018785835
566,0.03221122230721663,0.05602809108168511,0.03603295318752094,0.02532407664439141,0.009161387140899572,0.042241217043617836,0.0338624574708242,0.03914319679981998,0.040608976404449576,0.031317697040268565,0.03951158011093944,0.013799612317694405,0.05870059329327055,0.06126177794949052
567,0.03222901031427863,0.056059926292149516,0.03612172581510552,0.025393867671234107,0.00917503791372766,0.04225449599001619,0.0337632575666254,0.039175237173547026,0.040683451258832444,0.03137553345443178,0.039628188251917995,0.013900905955629976,0.05877618437109359,0.061093651809527014
568,0.032229448120778034,0.05606658688896131,0.03621307240879666,0.025508697855309362,0.009206216355701713,0.04224434784547077,0.033608187553939,0.03916985464620938,0.0407346524756518,0.03142037708349541,0.039803110443036596,0.014042003317578117,0.0588112743712943,0.06080668593496616
569,0.03224501405909653,0.05609632231853193,0.03630260428302583,0.025658317407616562,0.009212613849406838,0.04218158387448941,0.03342912805042526,0.03917867899860545,0.04082524786674655,0.03147287113869629,0.04003817122280047,0.014171428859107807,0.058765032264920886,0.06049384388256421
570,0.03223029145869427,0.05613659718325448,0.03639870665660431,0.025726583758598386,0.009221889338160505,0.04215082839435434,0.03331354082843958,0.039171296722609994,0.040903420333014584,0.03156878872799928,0.040161174795265486,0.014257589905941646,0.05876053611910726,0.060299628938894276
571,0.03225896489955536,0.05608532010583358,0.036399644509894774,0.025690738195319533,0.009231577270376608,0.04213707274072104,0.03327317031456278,0.0391824857558864,0.04086071989297705,0.031563569095820386,0.04010101088170576,0.014282954568788997,0.05873889516414586,0.06020255758647182
572,0.03228025074086243,0.055992385564026595,0.036334182167169195,0.025598133685485747,0.009223598348702356,0.042106841410754034,0.033288259607398285,0.03920866171519098,0.04078539270408615,0.031518402020160874,0.039976290800947056,0.014262429341886332,0.058717985879413584,0.06024414563823914
573,0.03224233159472222,0.05596347334065553,0.0362778303729481,0.025538654576905375,0.009192803343045852,0.042050655930310904,0.03332805707162501,0.03915758834266689,0.04072533646353023,0.03146515183323448,0.039872391971198864,0.014208460782734992,0.05861370894459559,0.06030103259872002
574,0.03225634542044094,0.05601155493503912,0.03623037163259377,0.02561116556023202,0.00920392463393002,0.042043292005013,0.0333494266359846,0.03916968438307902,0.040777886538171076,0.031396368369641554,0.039944368131691756,0.014253655179091392,0.058602585579155375,0.06032847691725078
575,0.03225451563052785,0.056104421745378934,0.03620127763191169,0.025764350451426443,0.009192072711124613,0.04204852458183778,0.033390544126309665,0.03918982001082926,0.04092208333383551,0.03135213863537195,0.04013868420540924,0.014302750096623119,0.058623331089817966,0.060392031304013306
576,0.032236055480467395,0.05618243829206434,0.0361795606472823,0.025911605506072945,0.009155339416938107,0.0420493181791161,0.033455463273523445,0.03918496085210783,0.04103488268095165,0.031315117885665454,0.04030865361180404,0.014311160230208089,0.058603936641520624,0.060470136958209304
577,0.03222896604970136,0.05619448002714522,0.03612687956223944,0.02595712519610344,0.0091248208143849,0.042044640775245355,0.0335635483017567,0.03919014768302257,0.04103286857248262,0.03127274358260144,0.04033461381434911,0.014274798820037855,0.05856391091832739,0.060643629190143024
578,0.03218608324236212,0.0561389509957042,0.03588798987613344,0.025827726620994702,0.009115146480949935,0.042000034021526626,0.03384104275625166,0.03914834491939986,0.04093895412069389,0.031101576637616,0.0401080064491097,0.014129809526279858,0.05844129053669628,0.06112618766496044
579,0.03206438812122674,0.0559389656772893,0.03551384270774797,0.025595047400535437,0.009054222820742813,0.04193407253193967,0.03419415245358681,0.039022193360047454,0.04064352177171441,0.030836884444885426,0.03969811670907459,0.013847368540569813,0.05822778388215729,0.06171972690759195
580,0.031884910845416864,0.05564468066812978,0.03502154756275474,0.025283764895340614,0.00895721905115717,0.041893566881116236,0.034549850203743245,0.03883419356171815,0.0402313541403211,0.030497739144271983,0.03915694979228567,0.013505401713275274,0.058009386633635585,0.06232181521000786
581,0.0317165477099594,0.05539371497326972,0.034449608841118404,0.02491368746917767,0.008886373603825541,0.041931221545067725,0.034883614438386376,0.03862621054562474,0.03987502549674785,0.03010033699136075,0.038527545096118956,0.013219455089363511,0.05787570301035225,0.06289640740819348
582,0.031546058039502486,0.05511196508771491,0.03407279863794,0.024620016774519693,0.008833903472649033,0.04192017283167551,0.03535777943775646,0.03845115915377759,0.039491668534151356,0.029924540705285656,0.038017144459932053,0.012895883812570029,0.05773548992644496,0.06372509389378009
583,0.03140605578264323,0.05497032376245752,0.033846470789053236,0.024424981498659536,0.008833655244392866,0.041866271987201706,0.035706313566038664,0.03830382368829384,0.039284016970796,0.02987691489727194,0.03764047302029855,0.012657697353746925,0.05753041573702718,0.0643045043449258
584,0.03142325981622923,0.054997129443636925,0.03380842969130638,0.024419345795493787,0.008835041791708234,0.041812687948966254,0.035785147747538985,0.038351793773927084,0.039335921408581345,0.029936339980781757,0.0375672743944081,0.012636515188852218,0.05741470578136864,0.06441870425354254
585,0.03168334718293526,0.05509456023669672,0.03401368274109872,0.024691371143056355,0.008770549740734355,0.04181770033967951,0.03565280350637767,0.03870308397740839,0.03954822774750419,0.030073068450522183,0.03793614053472982,0.012871663128844786,0.057550655121374604,0.06416290429242416
586,0.03181290379950578,0.0553090235819742,0.0343256819327498,0.025184171749118408,0.008698157343497532,0.04189537986330889,0.03547588377902486,0.03892836589025393,0.039985315276036694,0.030142488897812784,0.038643387958746875,0.013152493644901361,0.057833992813127746,0.06383433574663223
587,0.031997569049104516,0.0556305376108032,0.03481327595931053,0.025768072009804407,0.008727236568125756,0.04189069384975859,0.03510970945626888,0.03919865376081615,0.040547412598691275,0.03036791951895555,0.03952722195941666,0.013663127176768937,0.058030852649948395,0.0631803586581945
588,0.032189311735557107,0.05593480066274151,0.0352416869532997,0.026293158705120858,0.008824479378622171,0.04179813703425625,0.034679482622342425,0.03943075056689276,0.041027179954786865,0.03062098579517679,0.04033585983023733,0.01414617700270354,0.05806816758009215,0.062411776047955614
589,0.03225059187994111,0.05610451116306978,0.035373057394447564,0.02665303702069601,0.008869185835385353,0.04171536004691805,0.03440159724495714,0.03947373087125419,0.04128065362199376,0.030686262832692244,0.040873782847810555,0.01428629663574415,0.058036946243084045,0.061910055133094256
590,0.03210547993409988,0.055999673862249036,0.035347491359964726,0.026757061498220717,0.008939998862152927,0.04164753650747031,0.03421489043476832,0.039286745457417296,0.04127256291737556,0.03066314198998756,0.04101408858750836,0.014396128271399118,0.0580086657884612,0.06157443644298162
591,0.032045652716,0.05573001407398137,0.03516866652832814,0.026476189216740557,0.008860096920647521,0.041574465657665496,0.0342487009339546,0.03919715080607591,0.04102217711130719,0.030573392582730934,0.040612381329761076,0.014366285245012421,0.057877315875707123,0.061641929045273415
592,0.032024639280846035,0.055322669365437054,0.034827007388678916,0.02596625211535769,0.00871398560265712,0.041472661092578425,0.03440882016652577,0.039154552908539315,0.040565889676168976,0.030404525115264203,0.03987112725480626,0.014169108743279537,0.05763798200963192,0.061941974101057236
593,0.031860815876255937,0.05482258356364919,0.0343613871138718,0.025517013935232296,0.008649089095642472,0.041317694965329714,0.034507156702620674,0.03893423104448947,0.03998456519875519,0.030131758000681425,0.03915089606041841,0.01382985118177463,0.057305570992571525,0.06209657773850678
594,0.03164492156046718,0.05470227149878378,0.03413280774691885,0.025315923079677075,0.00858931768031238,0.04110631023183674,0.03453265878383333,0.038669355296848,0.03985539417423364,0.029977983095490223,0.03883617544187062,0.01366262796434062,0.056971178182519504,0.062143171139295655
595,0.03158263350215653,0.0545751135109208,0.034011445656829224,0.025304127195692874,0.008492672392296763,0.04092277487205746,0.03442446348906343,0.03857862060197339,0.03981248437530369,0.02985132260840149,0.03882591530377401,0.013618359670534095,0.05676525572452705,0.061971517150503086
596,0.03164138857229262,0.05443511483471937,0.03395330269962095,0.025450225697243197,0.008417877780705466,0.04081687800065224,0.03420956126431139,0.03862262286092377,0.039812098181005416,0.029734832760971334,0.03904572713572329,0.013713010305066888,0.056707552533976795,0.06159849108716543
597,0.031642271738393034,0.05443306815303129,0.033969330504476265,0.025672454277727824,0.008435803231508462,0.040750899944420514,0.03396576021948501,0.03862346617946236,0.03996208402881343,0.029689572514724833,0.03937173718235129,0.01394688297309896,0.05670566250665722,0.06116404409084515
598,0.0315889640902065,0.054379972954868065,0.03417649853695879,0.025716622932582048,0.008518350573555624,0.0405592095628809,0.033784142681139884,0.03858379649125171,0.040035977834966235,0.029923113556355095,0.039440668156052586,0.014210021875913758,0.05654120151223264,0.06084939414158684
599,0.031578877140346545,0.05433017885064106,0.0342501312144337,0.025704679505415048,0.008519140123727105,0.04036147164160835,0.033619650871359694,0.03855318447435539,0.04007953191520172,0.03003571794626561,0.03940410340965234,0.014344538213601318,0.05632185686251149,0.06056293527935217
600,0.03155831665719736,0.05413583605253102,0.034135703031795625,0.025664314780952043,0.008448491093757941,0.04017777776781013,0.03344927635705991,0.038506736051377444,0.03995913913407331,0.029944102777531317,0.03933277438452753,0.014347713747804624,0.05609224232305151,0.06026836961346627
601,0.03146073586211671,0.05371374395290003,0.03395804506001853,0.025586354128670722,0.008401441715892192,0.04000150210660543,0.03330046642197448,0.03840196084229123,0.0395850757639309,0.029768145617016656,0.03922880612104318,0.014315570886883913,0.05585373820976062,0.059988933332248105
602,0.0313856056832524,0.05345817716364394,0.033725269331383964,0.02546290280396838,0.008399894293169933,0.039819518993252506,0.03322952872096031,0.03830001799167261,0.039420737569217205,0.029616670793309513,0.0390632708637505,0.014370610624237147,0.05561132573918311,0.05987882619108851
603,0.031297211014598085,0.0532193800246841,0.03361672546141692,0.025357574438066997,0.008385367693220538,0.03965865824033547,0.03305847245205738,0.03818339142789932,0.03928748548935758,0.029557159063696135,0.03890944676574298,0.01443034928929675,0.05542598653894173,0.05957553101603278
604,0.031206994125370383,0.05299674353186117,0.03357553816794373,0.025286220822883065,0.008377266889873062,0.03949649694446803,0.03281101388599168,0.03806580724137271,0.039178435739646245,0.029533684675658544,0.038814270464421756,0.014472356672299904,0.05528446788323334,0.05916057224024543
605,0.031144653870206842,0.05283769232643063,0.03346663797061787,0.02524115198877137,0.008407469776707276,0.03930276355444611,0.032591375271443845,0.03794378500163676,0.03910912366583352,0.029435771131971995,0.03875513403924253,0.014504387994232534,0.055085363033968424,0.05880533757525929
606,0.03114881490338829,0.052709165130403225,0.03341304003073127,0.025252435456342846,0.008406059389178025,0.039144624422429206,0.03239144607471405,0.037924776995007535,0.03906178318779702,0.029414632712156656,0.03874704410932199,0.014599480520156017,0.05487860207681789,0.05841760724034333
607,0.03111351929814527,0.05259772621944552,0.03335581062287062,0.025238522194754268,0.008403197993984111,0.0390078917994343,0.03222704779163454,0.03788817998489751,0.03904264618194732,0.029358181709178248,0.03873340623148809,0.014665026369480267,0.054710911228433134,0.058127057856992376
608,0.031014201558428243,0.05246361818250509,0.033281531016719317,0.025191205907733716,0.008391671980672286,0.03889109082638542,0.03209839128419021,0.03776029804722339,0.03897891041216297,0.029278476352385164,0.038671544255744913,0.014751587819247411,0.05457998980438367,0.05790910224468277
609,0.030893612471191538,0.05228496234004429,0.033201658398383335,0.025133336043384656,0.008371891389265869,0.03878350123902104,0.03198604404786098,0.03759766130282592,0.038859871972181305,0.02925069999656123,0.038589581955809533,0.014919647565528483,0.05449692680073029,0.05772837360197859
610,0.030871814834682286,0.05210817075599102,0.03310122425561875,0.02504968644766418,0.008392579612499963,0.03860825633350989,0.03183216256854612,0.03759684050374664,0.03877560269704813,0.029173710493931835,0.03849752795121911,0.014931206594644336,0.05430094352027484,0.05746602488641118
611,0.030838931045935117,0.051996626383048125,0.033094556155170374,0.024969243751946705,0.00844723962733711,0.038478584986775144,0.031609810892692915,0.037533679354823095,0.03871574623539448,0.029157440337385276,0.03839075122524596,0.014987313621284575,0.05413605701617318,0.057078466247058396
612,0.030838553010165394,0.051902012745269024,0.03310770809610348,0.024924528455278656,0.008493116956574018,0.038404292049880336,0.03140858374336584,0.03749721456720075,0.03865803442859478,0.029159619724146907,0.03833240280561406,0.01510499190804896,0.05405682565229602,0.05674589992632022
613,0.030918854897816685,0.051791723431105,0.03308668619388324,0.024933959002477572,0.008504673378325079,0.038358253702576534,0.03130191749692268,0.037580673323656694,0.03859176015058075,0.029133425011970204,0.03835423264063955,0.015219527371696883,0.05403423394546933,0.05657464235628072
614,0.030890381523125173,0.05171103908876295,0.03320776733810563,0.024919709704716752,0.008517577735454576,0.03826203378998824,0.031115463696388738,0.037533494150194094,0.038587112494928716,0.029240322368496864,0.038342507490178736,0.015264923234314177,0.05396339669531612,0.05624081762237395
615,0.030843020589213843,0.05168856152810158,0.03334877945220342,0.02495671800085413,0.00856504995763134,0.038206050539508,0.030979948959502936,0.03748876701975386,0.038651480960180694,0.02939294368227841,0.03843059402001952,0.015396641766601134,0.05395151324964674,0.05602479282027424
616,0.0308443330975717,0.051714220379166134,0.0334508374162094,0.02507575751796624,0.008634905940719827,0.0381805914602855,0.030825124575888478,0.037482156442140036,0.03873772143743604,0.02947207367383569,0.03862281069850241,0.015541445977976171,0.05396900291091616,0.05575543762253307
617,0.03091083742299602,0.05177121104731309,0.03351860132158319,0.02525309601261222,0.008715388141857228,0.038156303907755755,0.030597545492012396,0.03754751476111061,0.038854632751741,0.029477682033748575,0.03890413646262026,0.015655450201556613,0.05402862783086937,0.05536904205744635
618,0.030901092673449742,0.051797664497321566,0.03360905584529112,0.025341285022160303,0.008808359290877832,0.038097243314431796,0.030420762260899528,0.03752239627756405,0.03892128593130809,0.02950415976358629,0.039063489422158454,0.01585534630633951,0.05398881897982444,0.055067980556179306
619,0.030823931640552218,0.051805097275554136,0.03363435009198158,0.025351564605635406,0.008885822613490054,0.038055725841842386,0.030295983643443276,0.03741568557065167,0.038937794055316756,0.029514173910233477,0.03909032915744427,0.01595769906233981,0.05392789661077371,0.0548420967257377
620,0.030756762391623577,0.05171256722802425,0.03361054165031561,0.02526509371046363,0.008872752931294445,0.037982917407792145,0.030242812443253192,0.03732934151567336,0.03885502900176153,0.02952407927823849,0.038988610053752294,0.015904626758455102,0.05382819815630779,0.054762478686353665
621,0.030748473091954633,0.051516211458676256,0.03355115142856596,0.025089484897045572,0.008763592544754362,0.03789032231368939,0.030270827224286093,0.03728371893324408,0.03862896900363205,0.02949290420056972,0.03873617611568654,0.01573811097136535,0.05366388297164649,0.054796572387481673
622,0.03066373581029851,0.05133376841642615,0.03330559702370329,0.024838279068653955,0.008682169362281262,0.03792020033544373,0.030302435649187248,0.03719429161632319,0.038407224829519554,0.029324930153585706,0.03836785092591314,0.015663793783729694,0.05367523469801307,0.05486372318623982
623,0.03063185103066561,0.05119829317634802,0.03315709860696605,0.024672468860184732,0.008662806378269513,0.03786488532702171,0.030362090596909645,0.037134929864596065,0.0382388137298563,0.029218574776722222,0.038116707210778915,0.01563528429023702,0.053574780970830585,0.05497133275526502
624,0.030627485902476183,0.05109878631992638,0.03311808709693152,0.024577113040161316,0.008668514331841235,0.03780005723740059,0.03039818768374041,0.037115773047893874,0.038132606653195,0.029206971083277765,0.03797479507089105,0.015599744626623098,0.05345442964968278,0.05503671014355617
625,0.03061720126246172,0.05104693256105541,0.03312228824088846,0.024532614636579995,0.008666989910143467,0.037804617982506006,0.030379946541702865,0.03711354126769591,0.03808908158356533,0.02923234616843588,0.03790802831110576,0.015542201001972733,0.05341900869633045,0.05500085108856585
626,0.030623536477607204,0.051099773169826695,0.0330948736949018,0.02460703186111211,0.008678626126034874,0.037773370186951004,0.030342960864245705,0.03710204514683569,0.038150070149125984,0.029175152893714675,0.03801209928799193,0.015541776165788836,0.0534082766858903,0.05493998714676568
627,0.03065671683029691,0.05114865773173487,0.03316477103513968,0.0246977744311413,0.008689653505759273,0.037774078476466875,0.030279322087174747,0.037134877383733896,0.03819971363600442,0.029191375394875846,0.03816547661040063,0.015632051246567764,0.053432221947364564,0.054831389753181366
628,0.030680994096483453,0.05124417684448895,0.033252074601137986,0.024775482265483015,0.008745816836849114,0.0377853057668637,0.03019388450253124,0.037177178406407274,0.03832705566242156,0.029252387757843355,0.038293078578826335,0.015748814239226954,0.053479886356266916,0.05468681084836781
629,0.0306863765164419,0.051356177772463305,0.03330372156626776,0.024835933155142903,0.008835998995105532,0.03779473990964706,0.03010184105029261,0.037185364147470375,0.038474813587382035,0.02929282323909165,0.03835987250789815,0.015836697460375547,0.0535175778322063,0.05450968642035507
630,0.030706537466068762,0.05126943000002432,0.03337684789836515,0.024871449221213843,0.00884873835830916,0.03781338597235644,0.030011174502218702,0.03721580004833588,0.0383950015451043,0.02933538263817245,0.03844507691762468,0.01592556066635315,0.053584806128577404,0.054379686792238556
631,0.03077159881046551,0.05135383787354194,0.03351339806471461,0.02493105854238713,0.008859801208086335,0.03784271227853238,0.029927497323189098,0.03728662574743478,0.03848211630623324,0.029457709555921075,0.03855083044292846,0.015931801111304995,0.053634458474542054,0.05423778526645994
632,0.03079128323677856,0.05140496866391888,0.03358396386763847,0.024942125089155817,0.008869773943828865,0.037826523667014195,0.02988095575526932,0.03730672904713865,0.038546143171604035,0.029525429017149166,0.03859231520124373,0.015925918312873787,0.05363316392546526,0.05416180801201079
633,0.030753522657259492,0.05134473251957367,0.033571691809128265,0.024899491998945,0.008893945958184329,0.03777689311016154,0.029850839726040846,0.037259010141217117,0.03849870102756863,0.02950882139490357,0.03855186648209145,0.015973289677556703,0.053592541625011376,0.05411059518523059
634,0.03076894358587401,0.051377072254087,0.03362851350396832,0.024900221820021055,0.008964485064990054,0.037793987637903266,0.02977035605517357,0.03728821689915762,0.03855278023448309,0.029582221615982753,0.03856045958113763,0.01609488976230533,0.05363934672115789,0.053979597242401506
635,0.030808629090563592,0.051441657882802104,0.03367527568625011,0.02488520284620678,0.008994538003186026,0.03781452252329426,0.029697005100470384,0.037310907664553764,0.038606241529307965,0.029610918746052494,0.03854631310729766,0.016135715330297343,0.05367656248130352,0.05386153072778546
636,0.030807345190569036,0.05144838637438376,0.033645951679648685,0.024876751692190766,0.008953463793681888,0.03781507818605932,0.02967477104586034,0.037279105037103515,0.03857507847288298,0.029545832212624672,0.03853282009512002,0.016098332222294287,0.05365737012413662,0.053815802819596685
637,0.030778090936868605,0.051400423737252184,0.03359305782499923,0.024873648345973394,0.008899307063704152,0.037817878419276106,0.029685799960777866,0.03724852586068042,0.03850318591195003,0.02948004649549515,0.038544031437056585,0.016042599418789567,0.05365654290313178,0.05384756149804138
638,0.03081810272369639,0.051422052700672786,0.03367036203269153,0.024857276442447073,0.008946408773273632,0.037882102586956116,0.029682186058355292,0.03730737994473464,0.03850736777218916,0.029562950319570135,0.03854829298249881,0.016036308464760014,0.05376085441679078,0.05386704398052036
639,0.030821395867805114,0.0514884676267881,0.03372743005294075,0.024800230582313582,0.009008525421239732,0.03781778406466814,0.02966288850914474,0.03729583604109797,0.03857406294875301,0.029624711914121967,0.03846808080439773,0.016106285993788223,0.053669212749567166,0.05381836223842332
640,0.030791319430967173,0.05153142374718462,0.033752926449587536,0.024774197032081273,0.009028108388575044,0.037828588968875074,0.02964184369532243,0.0372589542550669,0.038620836256406624,0.02964592728702132,0.038456819143607116,0.016130813722688243,0.053696027649017083,0.05379170435021621
641,0.030798428958373824,0.051533585681576316,0.03378163494814616,0.024789701167906936,0.009011983067328332,0.03792641583152528,0.029642312132154576,0.03726245285001674,0.03860159407318329,0.02965306717182904,0.03850275921142291,0.01609240633561041,0.053822981076548655,0.05380429205778334
642,0.03091165943600229,0.05154350725186055,0.033850653529917216,0.024808878079047175,0.009007198616855125,0.03797588583783666,0.02968219495495211,0.037377566616061945,0.0385785895198327,0.029708302480311137,0.03852136355456291,0.016073518838457364,0.05385410407242412,0.05386376806025022
643,0.03094203189809342,0.05165771456999583,0.03383408763108865,0.02481709479273433,0.008977795662104392,0.038012217437150594,0.02969600468508637,0.03740521399213939,0.03864810619641373,0.029667872794720114,0.03850957418081619,0.01600951634725792,0.05385915315415192,0.05384493294286758
644,0.030871469843769532,0.05175198405886259,0.033910960282745484,0.024894945055753105,0.0089657410218414,0.038043958109876014,0.029721964373977866,0.03735583631628326,0.03874120168822999,0.029753453150953176,0.03862569552464514,0.015974674119073634,0.05392104411852572,0.05388411752755543
645,0.0308525721478875,0.051776918692791676,0.03397177610558475,0.024946874286762632,0.008968152305235656,0.03806714656558002,0.029740923446130572,0.03734193977517957,0.03876867411361689,0.029816129241524165,0.03871443169228949,0.015967250821030593,0.05396831222433575,0.05392190403876951
646,0.03100495952023865,0.05174907828462481,0.033850060326640195,0.024861532392242487,0.008963084336904412,0.038073366696110694,0.029724885350972015,0.03747745601708366,0.03871726547046678,0.02966349696406835,0.03861114554220965,0.01595948432803607,0.053949750766726,0.05390412092758381
647,0.030988708354653567,0.051771207977092615,0.033907337630166776,0.024911545338783415,0.008979961721638978,0.03811420110865579,0.029791749213806555,0.03749509654943652,0.038674424930060514,0.029693325476818647,0.03867014066719369,0.015945914804013434,0.05399655530781411,0.054023257057392894
648,0.03092675907337146,0.05182845166969463,0.034035413989152746,0.024949106668826635,0.00900783837743804,0.03816137067461752,0.029861357016032517,0.03743589579752684,0.0386748540099313,0.029802051293699703,0.03872876943842828,0.015963866473321507,0.05406079037175892,0.05415770826613753
649,0.030892844385082833,0.05187860342154195,0.03412357960507994,0.024944110544735845,0.008969530040512597,0.03820633800598617,0.02990616062636774,0.03737457104342078,0.03867409117299161,0.029874161459130827,0.03872488468997565,0.015907188129407078,0.054093664710533895,0.054228831900031874
650,0.030897137723038356,0.05188497768567676,0.034104842503096144,0.02491200674796438,0.008860509193835428,0.03824454774511632,0.02992938553932743,0.03738121061572679,0.0386571924440235,0.02985640626655391,0.03868002016440699,0.015760384627525947,0.054111930033078535,0.0542643595314632
651,0.030456834245925022,0.031255059932327044,0.02391020733514128,0.028062297784382614,0.008470035288463556,0.04026494089924111,0.05476145571468251,0.036714602812868376,0.018940857143797205,0.02132256931180674,0.031264044967014896,0.009055116773914717,0.04483524101892521,0.05288850159604447
652,0.030472768772010113,0.03130251678311499,0.023900948527693113,0.028103515311061606,0.008474331962884638,0.040317944477981926,0.05481466845952129,0.036740922728442746,0.01895100135401901,0.021301998321218568,0.031310933750362,0.009062406983527675,0.04489659528181738,0.052934542402241345
653,0.030498474794676607,0.03134496975986711,0.023932563012702468,0.028153552759331908,0.008481480194704525,0.04037172427830868,0.05487591991969761,0.03678427325521657,0.018972282421809344,0.02132832279039881,0.031368353850594353,0.00907178287877652,0.044959172978013454,0.05299469984261012
654,0.030536069286422104,0.0313807758917223,0.02397919505421197,0.028212066936089436,0.008494483370780006,0.040410100664141836,0.05492449686335038,0.03683725202633488,0.018994667398019457,0.021373446198889073,0.03142787913475168,0.009083809322395425,0.04499512198610021,0.05303719610381551
655,0.030561629566965707,0.031421409435756546,0.02401238205757409,0.028265052193798317,0.008508134892476642,0.04047294882484659,0.05498983798693454,0.03688118382702184,0.019016527920977456,0.021406633998428702,0.03149115143814684,0.009099495180714717,0.04507027004521883,0.05310725666997675
656,0.030589603137205216,0.03145874436569322,0.024059210949596142,0.028333213558756794,0.008523719604350782,0.04055676509526413,0.0550936062656766,0.036922268772236824,0.01902868293836911,0.021452143506122408,0.03156463598346292,0.009115278708721268,0.045156277229408494,0.05319942344959615
657,0.03062596578661374,0.031505974853027335,0.02413148293624031,0.028385280730861415,0.008539800602206927,0.040643514491581385,0.055168855686359757,0.03696240443566309,0.019065985163278114,0.021520162407000696,0.03161999567507807,0.009130668114798424,0.04524839476780428,0.05326864813213559
658,0.03067312056484927,0.03158369592373274,0.02411605501171882,0.028455130478589948,0.008552140463433154,0.040736691305418064,0.05524342266299099,0.03702908883903916,0.019131343012905762,0.021497334539225723,0.03170667522990341,0.009148655014837338,0.04536243212763486,0.053354048781492885
659,0.030722785718030405,0.03165910311376825,0.024128185696929087,0.028483421097108927,0.008555374933073389,0.04082821483412436,0.05532355139922679,0.037101096986922336,0.01918200435133537,0.02150489819339285,0.0317438023124245,0.009157986968581944,0.045465226836461696,0.05343031150583552
660,0.03075733764917893,0.031731247596546865,0.024185222638799842,0.028498860393516644,0.00855873494912896,0.04090755358670573,0.05538044593905704,0.037159857530652846,0.019236366508127916,0.021559641920939905,0.03176959775801738,0.009167206465570175,0.04555849965428171,0.05349010342582172
661,0.030803681238194696,0.031799784175303505,0.02419427243092731,0.02854441264679225,0.00855718247603288,0.04096885354956024,0.05547411744449934,0.03723289142820928,0.019269282127377885,0.021550510679821833,0.031821221552563284,0.009169299700854165,0.04562384573557002,0.05357714210717616
662,0.03086060139555449,0.031878892740616255,0.024273611792705218,0.028584111143970595,0.00855751782012078,0.04104458928318419,0.055578499944256295,0.037311650489089056,0.019283494367620342,0.021609175688352526,0.03186041074485953,0.009171524228408128,0.04569985662760826,0.05367022463245232
663,0.0308830601803585,0.03192795529496984,0.02436551926083106,0.028642238754332878,0.008560116896806453,0.041127035618889925,0.05561359083015008,0.03734810054227612,0.01929194709269761,0.021691284026830508,0.03192627395306877,0.009177677305935852,0.04579554591950967,0.053707265690501396
664,0.030945333169748318,0.031973715203208436,0.02438436225414334,0.02872405989708062,0.008561497410773356,0.04119125440537935,0.05568844156566159,0.037412988187223946,0.01931539529837577,0.021692787126352177,0.032012880152067866,0.009181162531543881,0.04586348083923181,0.053777789099214844
665,0.031000818079791076,0.03204010998952212,0.02439844521972002,0.028777958212073233,0.008565299766785248,0.04125207400866903,0.05578010138167168,0.03748677454648556,0.01936536230509446,0.021698674758604524,0.032079097579162226,0.0091904483711208,0.04593665330376906,0.053878127023347856
666,0.03103377081914822,0.03208935648722335,0.024413487909314337,0.028827935785948607,0.008575162708539068,0.041324727261892576,0.05586877546803219,0.037527851102848724,0.019390440169129074,0.021702993423295493,0.03213295978758979,0.009202569359900683,0.046011060676487844,0.053956692232814935
667,0.0310562172784984,0.03211540393002467,0.024402839247775338,0.028857693012889502,0.008599760130708891,0.04140545506577269,0.05597875369975205,0.03756424495918734,0.019415579189453896,0.021695917090819417,0.03217612544677929,0.009229360594253886,0.046107330733047264,0.054067527369977865
668,0.031083982554925272,0.032162365450313285,0.024412188418354224,0.02888840754891645,0.008609625786049674,0.041471601880845144,0.05608456081935372,0.0376007787303406,0.01943620781547568,0.021695039366421608,0.03221203332069069,0.009241964295681549,0.04617908013296481,0.05416952721634008
669,0.03110012325718692,0.03221381383786595,0.024417845244867994,0.0288995138986874,0.008615302830212675,0.041531793781330005,0.05619341416133484,0.03763121033799575,0.01944962391361878,0.021688389491320532,0.032228954669117856,0.009252324951735641,0.04624576228867246,0.05427597154988722
670,0.0310893041069359,0.03226214241893838,0.02445338818467125,0.028957432997989228,0.008620815327177008,0.04160533072833938,0.05627552895584031,0.03763304794977099,0.01944966197443528,0.021713389178892317,0.03229169751016122,0.009261848584025165,0.04632667122307357,0.05435314628745301
671,0.03111830349359071,0.03233056296400676,0.02451101614925335,0.02901772790542813,0.00862137274531611,0.041680695223765336,0.05635563571055738,0.03767242190227144,0.01948282562768648,0.021757179279096563,0.03235792838652933,0.00926615150942983,0.046413103042635274,0.05444239207211308
672,0.03116054632389478,0.03239121673403458,0.024547646993681293,0.029080335940306734,0.008627302940603055,0.04175866322572994,0.056460561254966,0.03772800978139173,0.01951293192042749,0.021781927995864214,0.032423644866015455,0.009275065296219924,0.04649396576985088,0.05454381391234336
673,0.031191870132148657,0.032440595968398205,0.024594350158763677,0.029130285605251476,0.008636409533159124,0.041853704716517906,0.056556717433605214,0.037771061222267886,0.01953795135778488,0.021831029198091566,0.03247852542316365,0.009287242977077791,0.04659940127942993,0.05463119184562377
674,0.03126323512671799,0.03250956511180092,0.024650161235768436,0.029170531081698783,0.008648627583052846,0.041954219219722165,0.05667473602563038,0.03784810519577312,0.01958646894035375,0.021883412654867963,0.03252544585755865,0.009302059178229093,0.04671234726197173,0.054748034563935524
675,0.031337096878158735,0.032555872854968596,0.0246704464481448,0.029174497584093736,0.008661477579241909,0.04200850695216256,0.056781027912191126,0.0379390679291327,0.019589301820538974,0.02189416993913261,0.03252871364039936,0.00931758866645439,0.046766189641526706,0.05484222990463615
676,0.031370090391413315,0.03258795759155512,0.02467256488998052,0.029165181431051013,0.008665846961208088,0.04205220678315528,0.05684487541162829,0.037992805567852596,0.01956183666546983,0.021892221783582223,0.03252347577024421,0.009327649992174317,0.046816247773360554,0.0548994694179514
677,0.031388974423292554,0.032642705065861644,0.02465777315929042,0.029201826432577495,0.00867528972878862,0.042122289623113714,0.05694281723267982,0.038018775122201816,0.019569666499241373,0.02186267167887562,0.03256680768898762,0.009340565490338988,0.04689490239156488,0.05500291317901403
678,0.03141749859622803,0.03268408917689565,0.024666397107035717,0.0292283498166013,0.008680949324181822,0.04218809330377433,0.05702983144622283,0.03807313370024721,0.019573292035924113,0.02186185981977137,0.032605615679297636,0.009351704909081273,0.04697599782669819,0.05509778315533045
679,0.031434130497162587,0.03272495668628438,0.02468244882841082,0.029253933799794248,0.008685169151498445,0.04225673024726866,0.05712126280517547,0.03810609103571383,0.019586157995552363,0.02187554035115141,0.03264057640452756,0.009360556795698674,0.04705562989840426,0.05518894245062263
680,0.03141715627106822,0.032768393254871776,0.02471780403626112,0.029291982647827244,0.008685965131843923,0.04235686572440632,0.057261065923228556,0.03808554864748077,0.019633342898035696,0.021916810520224372,0.032687676485571665,0.009364558534139037,0.047167233859311375,0.05532369332037236
681,0.03142920629033894,0.032818926065344714,0.02474000257844573,0.029328810951701104,0.008695828549872064,0.042429191741526054,0.057353197290729026,0.03810666240081298,0.01966635095869067,0.02193755022652621,0.032734422546356466,0.009378276219194187,0.047251994332068586,0.055416658894695305
682,0.031458953668845095,0.03287913182262745,0.024781976776779423,0.02936319241858074,0.008708620344509393,0.04248488103400542,0.05742469257126027,0.038146992771652816,0.019694209642354323,0.021973003108364704,0.03277003109485099,0.00939345553478199,0.04730644095808743,0.05546950967088149
683,0.03148505954239962,0.03292219331550819,0.02477480730649471,0.029402037027787865,0.008720749735929553,0.04254523356959084,0.05748867392268441,0.03818694105858674,0.019713551472929396,0.021969733410129377,0.03282153158559038,0.009411109841541448,0.04737994991564338,0.055536652101258674
684,0.03150788834773989,0.032947133890073324,0.024764137448883537,0.029427952632625112,0.008737780418100036,0.04262501296361866,0.057540180288114355,0.038218869380171716,0.01971968745349473,0.021959568734459794,0.03285813433803398,0.009431222856006794,0.04747812219416873,0.0556036205509721
685,0.03157247076339548,0.03300858984823725,0.024799735268520785,0.029465361621267137,0.008751477981514837,0.04272498148615239,0.05760566717785023,0.03829277811572747,0.019732233580509725,0.02198136374618079,0.03289163471085542,0.009444546709837158,0.04757545983043032,0.055651240963531856
686,0.0316441042739811,0.03306502710731635,0.024846457515160722,0.0295237975173694,0.008756122303697286,0.042836786911765116,0.057696634164248584,0.038386962669747844,0.019761290419926747,0.022025406214418692,0.03296524451750641,0.00945466618758284,0.047709633939794945,0.05574724800661121
687,0.03171538667000807,0.033111915374248096,0.024920060267420538,0.029591328647596244,0.008762933353495579,0.042918988171897064,0.05777236088173096,0.03847721517684319,0.019792390597834646,0.022095033517286443,0.03304477361195444,0.009465623335285889,0.04780910975766228,0.05583090420909007
688,0.031785128288979024,0.0331972404453187,0.0250281661661321,0.029693034833921893,0.0087766220786181,0.04297288221447955,0.05784303695530476,0.03856139961914096,0.01985473940750886,0.022187902097503775,0.0331496960320676,0.009480093806275642,0.04786097011372797,0.055890959664086325
689,0.03185217710141173,0.033273095708487174,0.025100432672488755,0.02980810946836842,0.0087982022387473,0.0430580707900082,0.05789977391878594,0.03864455744114441,0.019926028178668755,0.022248547078423855,0.033276497722609696,0.009501063436529391,0.047953541340558285,0.05594015291718564
690,0.03191235801516195,0.03333960780863349,0.025156882795875236,0.029894740616270437,0.008817998470987054,0.04314851026899321,0.057939887420187915,0.038733643645408274,0.01999740823852784,0.022305507192299595,0.033378896204524576,0.009520513829042442,0.04806170434341836,0.055990154557451724
691,0.03196684953877157,0.03342149207498115,0.025229797958222184,0.029946881490510852,0.008834762967452324,0.0432551445980157,0.05799225388239768,0.0388210977582936,0.020073073512048095,0.02237954278438264,0.033432436814187935,0.00953445106288492,0.04817513820708229,0.056035417628232075
692,0.03203088000231716,0.03350244221154655,0.025301027499012176,0.030026153458984017,0.008847477967260481,0.04337672030601569,0.05804756450199595,0.03891254214130505,0.02014889174993296,0.02244721695423162,0.03352074937277781,0.009546307622489234,0.04830781509561356,0.05608045825719731
693,0.03210980794550566,0.033586253707246945,0.025378941863398657,0.030127537487579018,0.008859674940998817,0.0434837380607794,0.05811463292027617,0.03900734830431069,0.020219579069692677,0.022513034800662073,0.03362772303682846,0.009557200147575714,0.04841909365093843,0.056134771743866885
694,0.03220586308068008,0.0336731109890422,0.025467066629102992,0.03025202647407306,0.00886478616653895,0.04357852065938959,0.05820773975248615,0.039119236189868574,0.020289614440956647,0.022588078257475986,0.03376473706378244,0.009564314309159282,0.048525133619424544,0.056225503843732295
695,0.03230231330898253,0.03375786360851316,0.025559440315517594,0.03034500041641631,0.00887440217431565,0.04365085805879787,0.058269114435705795,0.03924102738550748,0.020365009524966234,0.022674661065214173,0.033872771251592444,0.00957771624589061,0.048620403309239106,0.05630279832297372
696,0.032386092464853196,0.03383883798490076,0.02565205667406912,0.03043608900498289,0.00888819600138788,0.04373010060729107,0.058281003463966925,0.03934436656413831,0.020440467645486078,0.022752899749511758,0.033976171242648956,0.009592208177670087,0.04871302999710723,0.05632460533967962
697,0.032444187015992026,0.03390005028743025,0.025729908822477915,0.03051712625049327,0.00890654417040835,0.04384953541642142,0.05829376137356533,0.039422643428110735,0.020490631233348697,0.022816339561244035,0.0340585802604798,0.009607234952543026,0.048839984917540755,0.056335851473772035
698,0.03250392971665884,0.03397117074855002,0.02581644887896764,0.03057095146327857,0.008922428433186996,0.04396984619106479,0.05828616196948126,0.039503358046085,0.020540845406149425,0.022891280180832047,0.034107873108190086,0.009620787866605746,0.04896840287414068,0.056316570266427966
699,0.032568715880759394,0.03404009398426324,0.02589805653178529,0.030660619482456845,0.008934226956600195,0.04407097831870726,0.05828366204589759,0.03959614211424793,0.02059072250031904,0.022961036530004333,0.034205527866214315,0.009631858077786118,0.049080113098995126,0.05630559672936543
700,0.03262870365678683,0.03408885298753571,0.025944743328914905,0.030782960543469944,0.008946348691718058,0.04416510501026242,0.058313715074942846,0.039676767405264046,0.020631173511076063,0.02299591258078984,0.034338369876446,0.009642759134189821,0.04918271290581183,0.056328807211684866
701,0.03270749536163948,0.03418534759445539,0.026005449734688064,0.030867981950239223,0.008957895288378988,0.044227736546605265,0.05835972493172167,0.039775334223539974,0.020723286749852493,0.023046004826529402,0.03443304532816409,0.00965534181035909,0.04925474745743137,0.056371685289859384
702,0.03277142072979936,0.034263812444283163,0.026059445930467294,0.030930978733439637,0.008973940537385788,0.04427284768884808,0.05840651804358004,0.03987456292665331,0.020802090657751994,0.023088989594585132,0.03450718316099435,0.009671550167312618,0.04930642744665045,0.05641957740132709
703,0.032806050018562995,0.034312962983563774,0.026116507461356724,0.031009805839704398,0.008995623479532346,0.04435094028118549,0.05848070421056721,0.039936925041891454,0.020860818774010505,0.02313074903186989,0.03460051767995755,0.00969295964936394,0.049396310388543405,0.05650092209415092
704,0.032823268923763915,0.03440563180031671,0.026175962693679007,0.031095469564088166,0.009014799408361295,0.044441275120305684,0.0585459030626657,0.039959925023049174,0.020953524828755045,0.023168550543615007,0.034684490527632436,0.00970807169878034,0.049483979566973646,0.05654552204254577
705,0.0328457085219315,0.03446168073980363,0.026196598977877492,0.03118001734210718,0.009023740962867156,0.04449631312811543,0.058558996011569824,0.04000972652376336,0.02101133504859271,0.023177309181826325,0.03477524397682275,0.009714428080104118,0.04954654852436951,0.056553671271333414
706,0.03288671660088653,0.03451799735570205,0.02622857619887301,0.03125983824594187,0.009032455953875576,0.04456432732623725,0.0585896893668529,0.040077085035778205,0.02106885040470767,0.023198686967504233,0.03486537693699916,0.009723009737326498,0.04962857027241158,0.05658797719747486
707,0.032947941329180976,0.03456592046720072,0.026248395958570314,0.03134535056653869,0.009036180878473361,0.044642139569236156,0.0586125525693629,0.04014962425026005,0.021115363799781458,0.023204636008976556,0.03495433492699861,0.009724749436340297,0.049712670037476786,0.05660609856939614
708,0.03299823507399626,0.03466346970247162,0.0262818622534587,0.03142682274160287,0.009039343347356486,0.044714717470992066,0.058646496746099626,0.04022214933706808,0.02120674155098065,0.02322751166912012,0.035039014906565684,0.009728145757337867,0.04979453502370027,0.05663650401583521
709,0.03302119987430094,0.0347276611190674,0.026297792323627438,0.031493412778894184,0.00904214241665312,0.044750001310612325,0.058689468646799546,0.04026995673884969,0.021260063397137437,0.023228777671860292,0.035111577061260155,0.00973218529855413,0.049833717932622326,0.05667985151127689
710,0.033028914410215174,0.03475758791958341,0.026323362838234443,0.03155072517696813,0.009047243810647974,0.04478129756394905,0.05872638830084766,0.040284455144931196,0.02129189506492415,0.02324244397448095,0.03518147378603301,0.009740073425864602,0.049871246089016864,0.05672517617227922
711,0.03303243387159699,0.03480301006727601,0.026372945458864736,0.0315988286498956,0.009055835990777182,0.04481233498976314,0.05876655172893058,0.04029497242551389,0.02133450971850427,0.02328042521400192,0.035238940335003674,0.00975046128385823,0.04990398615794263,0.05676326466890851
712,0.03304208835810098,0.034830029486534624,0.026369377092806245,0.031626997810339764,0.009061130555845665,0.044843814965841285,0.0587929930660287,0.04030709656123491,0.02136282938751914,0.023265810751171588,0.03527063579117252,0.009754908996796135,0.04993257544996739,0.05677874495516595
713,0.03306065732398647,0.0348475676882523,0.026367558974779014,0.03167336875352123,0.009059887089703986,0.044869405404481,0.05880728715113369,0.04032909072907889,0.021392701935957,0.023258745545418416,0.035320050984111735,0.009753972777364462,0.04996133219603784,0.05678959560358896
714,0.03305643289835998,0.03489045012583486,0.026391629711191845,0.03172777315470005,0.009058562224649258,0.044876758572365255,0.05884977613517601,0.0403445110799069,0.02143587751134658,0.02327621906453502,0.03537608395310341,0.009753098261150797,0.049971872612368747,0.0568268155242066
715,0.03303859564935998,0.034937202391212195,0.026383262402474225,0.03179023191765586,0.009057235196550675,0.04488982956488591,0.05892174340876408,0.04034297968711798,0.021472838213128096,0.0232565836336832,0.03543512465329405,0.009750650444495326,0.04997988991528416,0.05688806456316097
716,0.03303649618806988,0.034971014196589476,0.026377310164723992,0.031849229443798255,0.00905806981087001,0.04489700587906798,0.058961642290927374,0.04036583779439713,0.021497345781352106,0.023251485407912532,0.03550403905240342,0.009753315905544326,0.04999815688074177,0.0569460510700636
717,0.03304262456896466,0.03500623793218132,0.02638526068524859,0.031891123033551946,0.009066808728175042,0.044906969226275906,0.0589622619622631,0.04038264002651233,0.0215134786175312,0.023251575835315223,0.03554652225645664,0.009760224610920356,0.04999662733592499,0.0569361197034273
718,0.033061982930888766,0.03504652338497481,0.02637891501807534,0.03192994444536061,0.009075560094680983,0.04491145238000914,0.05896163995424943,0.040415265363982884,0.021556676542551348,0.023241329133389367,0.03559612897463519,0.009768750893862727,0.05000223466010759,0.05693751159894774
719,0.033070087261252754,0.035080129515541236,0.026371237139718205,0.03195801256449891,0.009081962615050407,0.044917310756914956,0.05897792009111916,0.04042816220017712,0.02158716852290509,0.023225302259466857,0.03562585914687071,0.009773647730491244,0.050006446174248376,0.05695160447644549
720,0.03308191749681273,0.03511582546370985,0.026346184234936714,0.031983368300973404,0.009087911295109188,0.04492070936452575,0.05897963604979679,0.040437011679828896,0.021624943699166652,0.023190127214837902,0.035650366609851034,0.009777149480736479,0.050009506502971444,0.05695043825367242
721,0.03304138962706195,0.035137167634725734,0.026336575431568865,0.031993300198700246,0.009087678155049307,0.04490012724185545,0.05897697533632698,0.040402698477406275,0.021661700040334582,0.023174197744841325,0.035665817212693504,0.00977819462949246,0.04999919982109999,0.05695680205711939
722,0.033023865234749886,0.035135811682810054,0.026351747095329683,0.03198015169666887,0.0090870108509818,0.04489326833399873,0.059013472797011676,0.040371815172287676,0.021660207009793177,0.023177092018668567,0.03564600049444812,0.009776409886324597,0.04998659469385232,0.05698607175581915
723,0.03302205975243766,0.03510880919541398,0.026330658678862046,0.031945024133879896,0.009086213875280618,0.04490566383878766,0.0590193901612686,0.04036377899024046,0.021622350681141288,0.023154654419182442,0.035605722233287465,0.009775844392648853,0.05000066437684247,0.056994021622670865
724,0.03301267400244214,0.03509688300190695,0.026293284976507368,0.03193219677130934,0.009083615927126656,0.0449003594420737,0.05899016180511194,0.040358682259672096,0.021602614987594426,0.023117885034226203,0.03559687785043199,0.009776312994202091,0.04999887391293603,0.05696768977286527
725,0.03302610805482292,0.035084385856386444,0.02626325743651284,0.03195593872386724,0.009083679482827015,0.04489082789334256,0.058976766906156754,0.04036015068708343,0.02157737244077865,0.0230801919281841,0.03562410469226082,0.009777356681748126,0.04998012083169844,0.05694653976369179
726,0.03300301180273232,0.035088464913972196,0.02621445858520355,0.03198819289401328,0.009080965079970311,0.04487221017757658,0.05897040801358388,0.04069992767193194,0.021771983182208916,0.023237555928753782,0.035988576355848845,0.009865850733382971,0.050417101897625924,0.0574654457784196
727,0.032968159595635455,0.03512597403898713,0.02617635742937537,0.0320175220410756,0.009075009226142277,0.04484296484914452,0.058986302913006446,0.040610101134542734,0.0217869067364191,0.02316392266640041,0.03597694530624764,0.009848792719190673,0.050321470713009936,0.0574112442436755
728,0.03293886614427942,0.035128916961077485,0.026153184961449052,0.03202158506158026,0.009069369890411834,0.04481699995320834,0.05900382952029959,0.0405216917018538,0.02177309006879793,0.02311361625450638,0.03594181685733346,0.00983190315340201,0.05023517666844482,0.057367555639340796
729,0.032895177822714054,0.03514014784235528,0.02613318092879677,0.03201722011187055,0.009068865076248385,0.044806952767239866,0.05902171253871223,0.04056057920125462,0.021831831790951536,0.023151185479415394,0.036013306589770866,0.009852947418581417,0.05033301057165741,0.05751182128407416
730,0.032877769808476766,0.0351528935491799,0.02611193633578328,0.032015667116932246,0.009071126092874698,0.044800043353430845,0.05902511764930831,0.04048808917634454,0.021827620426478095,0.023110709131150327,0.035956573187333855,0.009840764250839516,0.050254114668074515,0.0574344020754424
731,0.03287380448273308,0.03511763817674663,0.026085712113983927,0.03201273117258763,0.00906875728161106,0.0447692079045835,0.059033557353333786,0.040468247591890806,0.021788714973775714,0.02308401255566782,0.03593504579550374,0.009833782664821565,0.05020104431722094,0.05742224057566079
732,0.03286168314196654,0.03509799115229519,0.026059919852721936,0.03201322437110511,0.009065705855283405,0.044742005430211576,0.059050248806295606,0.040455611724735434,0.021770061508683533,0.023061898845087428,0.03593084706535628,0.009830175274245493,0.0501697336734824,0.057436790887436404
733,0.03284645078398713,0.03506684891868963,0.02603040997548817,0.03202499757780823,0.009060154148164318,0.044705840324510734,0.059066252088393764,0.04041703758675552,0.021729008669856754,0.023018528651154977,0.03591832063135999,0.009819710527831276,0.050100566244427804,0.05741617286744204
734,0.03283266351185963,0.03505968259470754,0.026011821727761245,0.03201930071658449,0.009057149989440221,0.044686327998008236,0.05908492501950081,0.04041861544117405,0.021732379448347543,0.023010037702933743,0.035921544826483465,0.009819953305163887,0.05009690891172503,0.057453649708382626
735,0.03281927039815576,0.03505159992718806,0.02598858222517642,0.03199458684162543,0.009049934079168959,0.044650662941301794,0.05910628902938483,0.04042678169166297,0.02173140231252995,0.022995925765251623,0.035908854256901004,0.009817134267800181,0.05008145436093198,0.05749908740685075
736,0.03279349044392871,0.03506877818885197,0.025982228409727318,0.031987274493357906,0.009049018042084776,0.04465484290765286,0.05912454569934693,0.04041630768544365,0.021761931278971663,0.02300095301228593,0.03591255116400629,0.009819253797394602,0.05010508561752658,0.05753998745643938
737,0.032755045311697366,0.03508528417548165,0.025963277957292166,0.03197386712339983,0.009051450535763787,0.044672435452815365,0.05913549468757731,0.04035796135256802,0.021782910009267485,0.0229822009988994,0.0358866760478409,0.009817022941340348,0.05010942058466587,0.05753940135547591
738,0.03273622009280681,0.035073545033438513,0.025939996756171032,0.031956387912249924,0.009048676696630007,0.044650153302760114,0.059155340547086745,0.040285977367945223,0.02175010057569856,0.022932443001480188,0.03582045341493742,0.00979941626158152,0.05002057456899368,0.057490985277208785
739,0.03271872664349214,0.03505393431314899,0.025906174190275338,0.03197401449201628,0.009042020133639878,0.04461924506541478,0.05919142758428209,0.040257146326761896,0.0217216983559421,0.02289262660725897,0.03582162733599924,0.009786943529088196,0.04996665576230579,0.057506439259355766
740,0.03269557686049424,0.03503254999052129,0.02584839410053091,0.03198781184698097,0.009036232716948783,0.04458670100781176,0.0592252950610081,0.040247559550184005,0.021713043376759632,0.02285368364399856,0.03584678751282945,0.009783239719730984,0.04995551498592202,0.057570303819533535
741,0.03269506339447126,0.035023621236869175,0.02581305125033407,0.03199104852797963,0.009034747389459617,0.04455841339773876,0.05927212214604062,0.04026040173436326,0.021713651401743108,0.022830570149664567,0.03585274671572749,0.009782496750678858,0.04993876588153507,0.05763297567927859
742,0.032678462241100714,0.03500636331673032,0.02576892747123832,0.03199872353517213,0.009024569393934572,0.0445283046937029,0.05931876888194787,0.040247644120105806,0.021699941759925803,0.02279344455555002,0.03584737182051115,0.009770425872465566,0.04989606056155715,0.057666672595253744
743,0.03263830876433142,0.034993787905543326,0.02571778411316011,0.032002198236974054,0.00901866163156717,0.044522041235285616,0.05939456558447021,0.04017987346607648,0.02169013332913665,0.022740056183748563,0.035818346388835465,0.009756524622603513,0.04985237388396314,0.05770388219247507
744,0.032620229817585486,0.034977464545245536,0.025693789089880986,0.03198381744406767,0.00901611446674748,0.04450352390264407,0.059459909776722414,0.04010185869307117,0.021646337168755327,0.022683149483833813,0.035731848911049045,0.00973596527705987,0.04974428365247145,0.05767158845240455
745,0.03261115969142281,0.0349665890342246,0.025658313586641678,0.03198804763968638,0.00901128295096197,0.044492755075556584,0.0595476226378301,0.04010779093793969,0.02164405855270817,0.022662342071222124,0.03573671134507428,0.009731456539198111,0.049743441979815534,0.0577747439763445
746,0.03259155368233146,0.034940697961674316,0.025607107063915335,0.031991264955521084,0.00900469545657193,0.044476334807681824,0.05965110394030946,0.04008904981273622,0.021616029330523215,0.022622822186929757,0.03572954886120226,0.009721149601912595,0.04972500222874342,0.05788229317710488
747,0.03257860789047052,0.034933778508746745,0.02556347060485781,0.032008996845113956,0.008997042798189572,0.044462196683528896,0.059746906671410006,0.040043212106671465,0.02159337341786346,0.02257137744300781,0.03570644652024068,0.009702118417106498,0.049666356242466674,0.05792897739627191
748,0.03258534682904301,0.03493482655943922,0.0255219415745402,0.032054620437454974,0.008981770740096661,0.04444728057717109,0.059840586718761815,0.04007425261573492,0.021608380454335867,0.02256113904593222,0.035768893447481305,0.009692518669482076,0.04968848439517104,0.058065392923293845
749,0.03257838126092584,0.03494214181160217,0.025472195722364626,0.032079507761430544,0.008972578461105874,0.044433251253246826,0.05994285708313705,0.0400687591865528,0.021620192577790884,0.0225211206169052,0.03578011311426145,0.00967877044587175,0.049670253250660865,0.05816348137063871
750,0.03256218679225783,0.03496682035697219,0.02541200529586157,0.03211233448423453,0.008965033001891515,0.044420483702116764,0.06006833641644186,0.04006582860629315,0.021656591687830812,0.022473178337310423,0.03580402436972038,0.009666902312968196,0.049660235781012474,0.058290149145328346
751,0.032562677618483825,0.03498862579637868,0.025389329539879782,0.03212986893402704,0.008963017067545924,0.04441508833606444,0.0601635835385498,0.04009251205016925,0.021690519792139665,0.022459856194384918,0.03581373124247417,0.009660345935218254,0.049660852843454485,0.05839098411296683
752,0.032565267452172614,0.03501030559118487,0.025364443731857183,0.03213081262121029,0.008960167806543311,0.044415203639329735,0.06025179535766738,0.04009869365072192,0.021710106702544796,0.022428108613867535,0.035787623359947694,0.009648749886968023,0.0496393339932705,0.058453221577922
753,0.03257368203211158,0.03501040545011522,0.02532761705299858,0.03214518941661268,0.008960467183007048,0.04440642243510739,0.06032814638766837,0.040120001154366564,0.021720234093783583,0.022397998471645746,0.03578443992107062,0.009640985508212593,0.0496202274901564,0.05852199817696041
754,0.03255913882695123,0.03498402229351412,0.025293266918420817,0.032140517529860746,0.008952179749492015,0.04439198153046556,0.06037364337186988,0.040129506255156745,0.021723915976248388,0.02239036065168168,0.0357882031693491,0.009635703380954368,0.04962571142138103,0.05859228514903867
755,0.0325336251591051,0.03496700725536305,0.025250685189188774,0.03214368345529595,0.00893731271958398,0.04437102234101851,0.060449325356897725,0.04013223232466245,0.021727849465856954,0.022377749696724198,0.03580232978222029,0.0096263987496927,0.049626927264055556,0.05870075181993546
756,0.03253653718120491,0.034966233423467316,0.02519829219029915,0.032154033762480196,0.00892969131971034,0.04435725883984521,0.06054229655506029,0.04013181652132627,0.021728124281786013,0.022350547036148045,0.035805188742595494,0.009616638797193568,0.049611726339624615,0.058800943279697135
757,0.03252911239116083,0.03495932804659851,0.02512900220554592,0.03211887094835478,0.008922595711382956,0.04434091178504269,0.060653353768884366,0.04013504409929728,0.02173097913760532,0.02230907481942456,0.035770922994254134,0.00960980957809713,0.04961087525560986,0.05893814443805048
758,0.03252288807531389,0.034942722341035265,0.02505548982347644,0.032104234902248514,0.008915483296181283,0.04433144402167981,0.060773676780222996,0.040147106727847715,0.021717011885320752,0.02226372883109139,0.03575624006022786,0.00960264046749573,0.04961335851248808,0.059078490159366885
759,0.032544540067727584,0.03492502490911116,0.024956509772147587,0.032085410838990455,0.008918603269024463,0.04433788818939032,0.06092632415766273,0.04016910090892782,0.021670770223724163,0.0221804812184858,0.03571259640669244,0.009596305571633644,0.04959953840216217,0.05920976821241924
760,0.03254608925954478,0.034926850695857235,0.02490672556404185,0.032107165477268856,0.008911096405056775,0.044352237882396416,0.06108154461929147,0.04015333771785061,0.021640418299510727,0.022141380126682136,0.0357009910371399,0.009579626115991826,0.049578015256606725,0.059323762776223275
761,0.03250424155056394,0.034922193901216605,0.024865612434030713,0.0321758321408767,0.008893591413433126,0.044377613035759385,0.061256339821871286,0.04017531645771241,0.02163724612388464,0.02215985779889483,0.03580887253741291,0.009574114305410608,0.04966174484053148,0.059568167693407746
762,0.0325044428910603,0.03491725293020965,0.02481899334679778,0.03220031743500072,0.008875143854973974,0.044389606447978895,0.06145379318746518,0.040161093951990516,0.021600204697073903,0.022123926309644878,0.035793415244130385,0.00954734256657999,0.04962920131138971,0.05971220535405852
763,0.032533841049713234,0.034933410154819634,0.02480670257758804,0.03225374409400947,0.008849063006685497,0.044409982961751325,0.06170858570918112,0.04014263585274423,0.021565230809645338,0.022111625656953727,0.0357703076601598,0.009505617643391482,0.049558648736033876,0.05985622992530978
764,0.03256730289908088,0.03496160900416431,0.024806846415709162,0.03226017241406285,0.008821282330078515,0.04443925565787977,0.0619964845090805,0.040218262884646194,0.02157898557327798,0.022135668084030568,0.03577462872574013,0.009482679245960274,0.04960182973537383,0.06016028430873416
765,0.03257632995342599,0.03502303466957856,0.024736851569713062,0.03223237051226611,0.008815221806369873,0.04448566701391267,0.06232067689734467,0.04021404032452485,0.021595291953316706,0.022056872739833915,0.0356809781238058,0.009457907902159852,0.049585707840467785,0.060404635679349145
766,0.03258946819855233,0.035044459994254935,0.024667470073801927,0.0322412886255065,0.008808564063460051,0.044514563884735854,0.06265804084438105,0.040269509905740235,0.021617239437863468,0.022024963845222026,0.035667489347096376,0.009442310159027793,0.0496123393871015,0.060735616322336
767,0.03255858878893571,0.03512387697806957,0.02461050370962856,0.032254562052701864,0.008796869575827116,0.04456280291530669,0.06295739434607382,0.0403016421364581,0.021705276150468963,0.022000115815155714,0.03567561087221581,0.009425168074129294,0.049676716820048324,0.06106098602926243
768,0.032487543551138254,0.03523804916554433,0.024508723118911346,0.03233820531087183,0.008803333963639118,0.04459477173119849,0.06324157299237376,0.04021116290571015,0.021821517860826863,0.021901546754911936,0.035676980429560204,0.009396743035800957,0.0496230240010006,0.061263680880567224
769,0.03249105381041569,0.035281867930885016,0.0244352525061572,0.03241773374625902,0.008787145066757667,0.044573273745738565,0.06350215816668217,0.04023348726209936,0.02190424158199383,0.02183855143259998,0.035716278559272376,0.009363513273157886,0.04956128913128906,0.06148967035537428
770,0.0325528139760994,0.03536256243531397,0.024355015839863742,0.032524143754988216,0.008770267032254142,0.044571695289360135,0.06374250186356457,0.040348957587844715,0.022013111578825725,0.021755513358297722,0.03579821806570388,0.009332776038392202,0.049536042330346496,0.061703959957833864
771,0.03254133030759767,0.03539189552111729,0.024304660170389354,0.03262572150718866,0.008764105669589468,0.04453381185998114,0.06382546633895446,0.04038170813607132,0.02206320295550136,0.021701101990553626,0.03590222702162914,0.00931261132015674,0.049492677394523794,0.06178610385937676
772,0.032515807517304346,0.03546947741337174,0.024295311729388033,0.03270714574900082,0.008759016086450752,0.044521852884067854,0.06382788186864695,0.04044664504727051,0.022195625800564514,0.021710749096452805,0.03602557077035271,0.009305093343516204,0.04956633046920434,0.06190220274191296
773,0.03248827780371908,0.035491233598891746,0.02426415199183732,0.03274066944998594,0.00875573668336763,0.0444808730958731,0.06374369564870602,0.04042018360702955,0.022278118891358598,0.02167167561281156,0.0360307308441727,0.00927855641120908,0.04950163228658202,0.06180142601259199
774,0.03244086564792047,0.035469203446730886,0.024278784737287798,0.03268095411129728,0.008751580901268194,0.04445291205647789,0.06346397420481016,0.04022302353400304,0.02229411002978613,0.02161882125964874,0.035825986199714034,0.009222281236850146,0.04929052167155649,0.06131607307289899
775,0.032356013954252326,0.03542816323258778,0.02425990638730856,0.03263359050433722,0.008741778576800354,0.04434289655124392,0.06322561630579138,0.04012965026703361,0.022346011225981923,0.021596714140714252,0.03575593887651255,0.009193738014950888,0.049169735245115406,0.061088106302229224
776,0.03227624324973769,0.03536485289833448,0.024201474253876917,0.032570168444630725,0.008743685863742107,0.0442255990709787,0.06302792705437699,0.04003956791846345,0.022397293072653764,0.021548164998374475,0.03566912568762644,0.00917725154881994,0.04904280289533086,0.06089427259164822
777,0.03218675316553795,0.03524430871474665,0.024165412621537135,0.03250225520670865,0.008734876333198539,0.04404742014079241,0.06269368620488948,0.03992366649315563,0.022356848779771413,0.021507175234947155,0.03558618454624779,0.00915240980593023,0.048845203518375645,0.0605626169118771
778,0.03205323825852769,0.03508540241519486,0.024152079715908003,0.03241909140685239,0.00870534985164158,0.04381324362288859,0.06230838812867099,0.0397638478945763,0.02222395712676908,0.02147247886037926,0.03549323859989434,0.009117119979045928,0.048589355489080485,0.06017783536356578
779,0.03197857371493033,0.03496769121513475,0.024093531069742852,0.03241730910983252,0.008699285919218647,0.043599711637511494,0.061936114987580906,0.039645704895809014,0.022158403098237977,0.021386840700400752,0.03547750666324798,0.009094362545133995,0.048359349625112104,0.05981813740135639
780,0.03194565371505776,0.03474495458520275,0.02404880068148299,0.03230239810217185,0.008679881604706991,0.043345160980637544,0.061504344884393526,0.03954672135122665,0.022046267962978636,0.02134862881165908,0.03535443102616368,0.00906161071474121,0.048079578606053316,0.05939498060195039
781,0.03188003856943725,0.034542013361692346,0.024025042623207184,0.03208653712825974,0.008649938781546164,0.04305571878892245,0.06107891038441714,0.03940658679563102,0.021965953862192064,0.021337910548642883,0.035130103912153654,0.009021019420052923,0.04775739171469371,0.05897057934610913
782,0.031755864324515305,0.03438873909585547,0.02397542855909217,0.03193299280516795,0.00863078309595639,0.0427282568242194,0.060625764400952534,0.03925240719868678,0.02198197609427362,0.021302548847042035,0.03496451462869448,0.008986535502529766,0.047403772530734176,0.05854240613295659
783,0.0316034706842993,0.03421809477626576,0.023958431559970884,0.0317593665796446,0.00861162537180246,0.042395696956229925,0.06009153224621751,0.039055235854362644,0.021993744042781312,0.021297670494050937,0.03478349650441015,0.008952297085973077,0.04703704790116006,0.058013723565787996
784,0.03142347235392788,0.03400949411311751,0.02392090917426128,0.03164759011980286,0.008637902637227331,0.042106038037315385,0.0595203176382897,0.03880747688433376,0.021961446989494895,0.02125943363683386,0.03468572834024678,0.008954792925087935,0.04672614832431424,0.057455409897667106
785,0.031245952437718102,0.033854822230665764,0.023877394859980014,0.03164005838685495,0.008705343985145117,0.04183812425576265,0.05896274489460524,0.03854940313378289,0.021949784111502106,0.021219772076533156,0.034651452666753096,0.008976571042103141,0.04641360818782275,0.05690313714418303
786,0.031097663137273586,0.03365752522045265,0.023765025201362713,0.03154090788136547,0.008723299937217517,0.04155033812345394,0.05849785025866081,0.0383143570217012,0.021860142460032643,0.021127966432284158,0.03453144141776039,0.008969687487286996,0.04607598024319795,0.056433914650685736
787,0.0309838429263318,0.03339788884871934,0.023586739088467888,0.03145654735197293,0.008733199029767288,0.04127684222187447,0.05806010439115981,0.03808840401405023,0.0216884676366863,0.020977314233569234,0.0344389217883039,0.008960213113100156,0.045757390805249834,0.05599745649848002
788,0.030845714612377916,0.03318025398636616,0.023447012148096337,0.031293275930056784,0.008734287245138861,0.041002118095586335,0.05772057813212116,0.03787491484758687,0.021559214441846285,0.020881184115776587,0.03425554853313121,0.008945286002484459,0.045444436950473746,0.055664120079490266
789,0.030658550662124265,0.03296371272376272,0.023267193203387777,0.031003168758678916,0.00869452888798086,0.04064825185049561,0.057415209761834896,0.037608410765283165,0.021404266258702127,0.020771380236498372,0.03391893853535145,0.008894372431426939,0.045029487138524844,0.05535246178630951
790,0.0305516726624648,0.03276002569673748,0.02311952254910837,0.030827718683421598,0.008679208993490685,0.04037587436476367,0.05711033781733626,0.037442981319602595,0.02128739611217021,0.020670416547683562,0.03372763614408117,0.008868834959856145,0.04472031316236608,0.05505061265883347
791,0.030487697649295462,0.0325040242951705,0.022984441181582348,0.03063743482453697,0.008678240075307576,0.04013139454251091,0.05687337415817321,0.03732926522637154,0.02112904348189869,0.02059911028582861,0.033529197907877596,0.008855819650347032,0.044455183141026755,0.05482235601375288
792,0.030374062096120116,0.03230440957667151,0.022856387632689837,0.030467128740484285,0.008666470308189757,0.03985760699387815,0.05654105973540082,0.037164838076614505,0.02104068772234677,0.020512463979008973,0.03335213113712342,0.008834938612920314,0.04415349502407224,0.05450341798584051
793,0.030283425595247736,0.03214670451046979,0.02271344601631735,0.030337965663911566,0.008643496415830699,0.039567769096199676,0.05613233970076404,0.03701860073469594,0.021013508911444292,0.020395990386138936,0.0332141616800525,0.00880142180289189,0.04381702596245293,0.054095624365544194
794,0.030145912653496088,0.03193079031517182,0.02255439035226713,0.03023345149790922,0.008625530149729206,0.03927985933612906,0.055694858464050596,0.03684240107983244,0.02094586300022198,0.02025544991493553,0.033128074431670276,0.008783987623739916,0.04351239565113206,0.05368750635493557
795,0.02992784825005852,0.03168370042118372,0.022461137514929664,0.029975966702065704,0.008630065866784487,0.03890095925364602,0.055216646858418185,0.036577275716247144,0.020845489454773197,0.02017421984402556,0.03286414759716678,0.0087809454712485,0.04311274945220641,0.05324802256456033
796,0.029702274647043708,0.031538587926960654,0.02236632286693075,0.029801708169759092,0.008675713231562444,0.038491978258589486,0.05460655104633803,0.03629604784076484,0.020885551011300324,0.020075074981013564,0.032667271680241194,0.008803095357896943,0.04266756247734862,0.052666856218030446
797,0.02946469568798309,0.03131575325121438,0.02224710973577232,0.029711344753212042,0.008742017209962387,0.03813172857599124,0.05396571753227936,0.036023650267765654,0.020838979889607267,0.01996296848786961,0.03258275319975409,0.008854451607340327,0.04229655526494795,0.052069418299288135
798,0.029255649557661915,0.031089309796953034,0.022152168264827143,0.029581914218642213,0.008808612526290482,0.0377794264109258,0.05340871632714182,0.03575375852648241,0.020763883210087142,0.01987109079313187,0.032423143924424455,0.00889399464299254,0.0419000812031288,0.05153073942127889
799,0.02906091891233295,0.03093683700376528,0.022042513056829627,0.029501942694364448,0.008849242134698182,0.037496552683435845,0.05286390345581225,0.03548078234651332,0.02077338793540187,0.019767517112256387,0.032335112182682486,0.008922048305094805,0.04158802311531304,0.05100507309706059
800,0.02890873529689854,0.03078496293488518,0.021930335921804132,0.02942809959628269,0.008912247474950856,0.03728743487024245,0.052363978517845605,0.0352604923324878,0.02074986027242453,0.019668460127194462,0.03225001355382331,0.008972682769325157,0.04135210019478572,0.050513339801455184
801,0.02879390411963466,0.030630716865465545,0.02183841142500606,0.029339653058052508,0.008961186813203398,0.03706143417033445,0.051870596298109486,0.03508110350734743,0.020709129762079136,0.01958648729678598,0.0321512090577415,0.009016819215800987,0.041101131925254206,0.050029641364433095
802,0.028738554686679352,0.03051289049395938,0.021765953753547833,0.02921988891894671,0.008997720063871669,0.0368639414317261,0.05145037321854904,0.034961677309986984,0.02068365390463599,0.019527966730121592,0.03202285512425557,0.009055476075347603,0.04089108422660128,0.04962221818409425
803,0.028650420518412045,0.03035445022915173,0.02169433725412927,0.029130243839797787,0.009034450088077628,0.03666814299298653,0.05100569673743649,0.03481970353085868,0.020612078613720115,0.01946298634337113,0.0319282265927223,0.009094603656181224,0.04067689448058852,0.04918738117158868
804,0.028584203800480514,0.03017739499331832,0.021625654147639135,0.02908530081206847,0.009064081277394201,0.03649241015408218,0.05056124457463186,0.0347089143884012,0.02050419899213663,0.019396030355783113,0.031876416866986064,0.009127206098440628,0.04047574495587701,0.04874337141572747
805,0.028508498093273524,0.030036976051904387,0.02157684943671111,0.028987665014389312,0.009090527028337346,0.0363274242571197,0.05017652245902107,0.034593955268678665,0.02042785170591074,0.019352293842791718,0.031778302415053965,0.009161252900735066,0.040296571305150346,0.048368749150399515
806,0.028428130181914524,0.029883320576968794,0.021541475147585417,0.028860938847152687,0.009120197262202995,0.03616813603275556,0.04981579100263138,0.034486585138836824,0.020334730961271242,0.01931797733398844,0.03165518181387994,0.009201130050688122,0.040126940467842785,0.048023348905117856
807,0.028351396978507654,0.029775547869396502,0.021510773330981788,0.028760366747115518,0.009149059725110853,0.036033190722110184,0.0495053654872455,0.03436961657496751,0.020274629314934938,0.019290569084532857,0.03155512040998804,0.00923977126607064,0.03997955335547718,0.04771879479279088
808,0.028270128903202497,0.02970621766325361,0.021495100176038857,0.028639275130626682,0.009170365047403097,0.03591727581048727,0.04922454114187144,0.034241348434297054,0.020240132960391802,0.019277738864757726,0.031430733365814964,0.009271912866933758,0.03985051929281423,0.047439585560791094
809,0.028201352286817426,0.029624593917494224,0.021464539434842576,0.028564017808353045,0.009197040174195077,0.03579002661524605,0.0489769513585658,0.034129135353403915,0.020189328737975087,0.01925173536583648,0.03135632533526044,0.009308557885512143,0.039709884585712986,0.04718950692425131
810,0.02814978661724408,0.029536439003480866,0.021438042701436188,0.028495776280243783,0.009235638287488145,0.03567727671151535,0.04872471417628389,0.03403781559591393,0.020142169993684483,0.019231055409167135,0.03129166596916085,0.0093593508568252,0.03958496444027161,0.04693632688169432
811,0.028104425883715877,0.029464003144939056,0.021414370360365552,0.028430165587342293,0.00925825352780718,0.03558151637989245,0.04849824569964734,0.033948760791623775,0.020101333394029905,0.019214583643761586,0.031227849645739148,0.00939361919736528,0.03947550598604273,0.046705723325345914
812,0.02806585531269077,0.029391401944112265,0.021395036628823576,0.028357249821429762,0.009279183274235188,0.03549466753567191,0.04829902641143194,0.03389624956165715,0.020062341688075226,0.019207106613006036,0.031159402198347848,0.009425562545443036,0.03938250580833021,0.04651165259753669
813,0.02804725670341335,0.02932259161003342,0.021380397565611272,0.028276762657690427,0.009310030895744757,0.035420380982244926,0.04811247802691439,0.03386190422990588,0.020023884751209177,0.01919864139569905,0.0310816853122327,0.009468496646287003,0.039301726414073195,0.04632758981207736
814,0.028005339775128556,0.029243998440158264,0.02136715797954265,0.028202120975496216,0.009325514298897802,0.03535025221956084,0.047950844570728415,0.033786893419750115,0.019969040405515996,0.01918791916330713,0.031006886149612552,0.009493055239463763,0.03922389271227711,0.04617117108038962
815,0.0279675622663046,0.029171068769428023,0.021370999812859837,0.02814797674303035,0.009326943637355284,0.03528133395850138,0.04779692055533047,0.033723897167004635,0.019907298489864264,0.01919278528057204,0.03095119665966703,0.009500605501956708,0.039145833990638784,0.04602122558536673
816,0.02793261207661556,0.029114640997373695,0.021374344962725642,0.028112854571238584,0.009332344767992098,0.03522332988216181,0.04765576521710803,0.033667310661658456,0.019865952582568392,0.01919773942377422,0.03091834776995865,0.009513098519989351,0.03908161604096927,0.04588389157947129
817,0.02789178521337518,0.029054734565216872,0.02138755365916866,0.028098932630371942,0.009331739821554944,0.035171473776081916,0.047508586233764936,0.033604008438433405,0.01982436328630159,0.01921489038652774,0.03091672205947096,0.009522343121276335,0.03903325580197111,0.04575181136307658
818,0.02786615014066785,0.029004535730048436,0.021390174547832666,0.02807864172424177,0.009336077847177835,0.035113639838814624,0.047394523135664425,0.03356342553581326,0.019790131384752618,0.019219542555247025,0.03090103922396111,0.009533258989911836,0.03897132787273638,0.04564447626553155
819,0.027845699448861186,0.0289714027612918,0.02139748264490133,0.028077269695113496,0.00934143741825402,0.03505288221333344,0.047294247411919094,0.03353683565315872,0.019772567883881736,0.01922755336502613,0.03090304296217853,0.009543967340211502,0.03890312569739397,0.04554602133457752
820,0.027820574879693784,0.028931414255207368,0.021392672729723363,0.028051969545325493,0.00934798466645166,0.035000995795907076,0.047199919198510826,0.033501268909882136,0.01974579981851785,0.019224079484332256,0.03087749321893734,0.009555065350196946,0.03884392068038865,0.045451916268121985
821,0.027798665614090678,0.028872442459169832,0.021364674187941256,0.02800289543380567,0.009354951991498071,0.0349360525745482,0.04711597290448855,0.033478412909032154,0.019705503283405954,0.019201473071995875,0.03083076142458355,0.009567969175206208,0.038777175869649495,0.04537706152838813
822,0.027780953971968777,0.02883626777640752,0.021350847511040248,0.027974801112735335,0.009360843951418512,0.03488376310920742,0.04702917190454107,0.03345533449796346,0.019683434566276515,0.019191679538497652,0.03080558830675062,0.009578700905745141,0.03872291895720381,0.04529743387779069
823,0.027760863191808944,0.0288091962294207,0.021350528870040093,0.02794946337980955,0.00937056353326025,0.03484585609667518,0.04694437198675319,0.033420653801471335,0.019659125901609384,0.019190785325590865,0.03077517379837592,0.009590748070366372,0.0386751043611192,0.045207158661052606
824,0.02774815677943311,0.028805497538704466,0.021331291575396722,0.02792688072457541,0.009376631889364662,0.03481637575405252,0.0468773287193039,0.033399976171195146,0.01966572629463011,0.019174537000061352,0.030751427330695188,0.00959968324928496,0.03864133849041714,0.04514032865940771
825,0.027749270028459446,0.028813686724935533,0.02129987415079235,0.027927821753422215,0.009369611242270067,0.03478431103884001,0.04681497705568183,0.033392578958897176,0.019683413441953703,0.01914551490331328,0.030753425029246554,0.009594452967081427,0.03860383532951118,0.0450809989417723
826,0.027749484920998643,0.02879222322419235,0.02130909479002991,0.02791889273969961,0.00937582427733405,0.0347421539234945,0.04674783102684438,0.033388853460609776,0.019676511508742344,0.01916078210240141,0.03074934180197912,0.009603695334984537,0.038561941244255604,0.045023536074839915
827,0.027751765556085696,0.028774724172575716,0.02130701399190053,0.027914771755251474,0.009386690187630643,0.03473812413056206,0.046709039136707015,0.03338284950699322,0.019672993124822482,0.01915776733716127,0.03074588080133594,0.009616227342502186,0.03855275515949251,0.04498072760275465
828,0.027745843661640204,0.028758453011659278,0.021280303777311934,0.027920804186158162,0.0093760975381035,0.0347360222753637,0.046669216896582676,0.033367535795474454,0.019671119246306854,0.019130530739395586,0.030748240261725505,0.009603758723392945,0.038541080638546214,0.04493273413476759
829,0.027734075738692805,0.028739244766195632,0.021271971420724813,0.027916743863211305,0.00936977505088215,0.03471167076491213,0.04663257760594086,0.033354250972465284,0.01966571609979057,0.019122109377197428,0.03074535969270262,0.009596771639592067,0.03851480235680902,0.044896760989577573
830,0.027716616391760186,0.0287103393183001,0.021276546884949316,0.02790618359100018,0.009360515516948827,0.034692646662272536,0.046617303204266665,0.03333893462245394,0.019650153029114475,0.0191226259453109,0.030738984877258384,0.00958636410807167,0.03849898223919782,0.04488286913766172
831,0.027705486975661876,0.02871243412532914,0.021274566890209904,0.027913570616282572,0.00936504291417303,0.03467093797643896,0.04659056326824496,0.033324945096221005,0.019660685276074563,0.019118430937123447,0.030743613301218338,0.009589241482905731,0.03847139911717745,0.044850550780623215
832,0.02769264765644638,0.02872827589591482,0.02127281294035034,0.02792247329997592,0.009374454718285878,0.03461784864846317,0.04656293570374467,0.03331445402767734,0.019678519968797815,0.019118452939861082,0.030746344383195564,0.009595257545064769,0.03840963824150132,0.04481884647749968
833,0.02767849426043626,0.028731818250359267,0.02127114934879598,0.027938786864048815,0.009377380183859191,0.03458862656042352,0.046515795471176506,0.033303638248180535,0.019698793342994236,0.019117167689544586,0.03076738356300912,0.009599117612096822,0.03838411298027046,0.044778730225586864
834,0.0276751745640266,0.02875697607335973,0.021269269967621435,0.027981673378548656,0.009386071510257913,0.03457762585168225,0.04646901820547085,0.03330206749987221,0.019743548424870694,0.019112600179944435,0.030816373122537974,0.0096102820338933,0.038377664717590916,0.04473788301433888
835,0.027656180344554998,0.028761695082998306,0.021270467029483875,0.028002214549042743,0.009397219300674699,0.03456657186746067,0.046402358170049535,0.03328136940409517,0.01976953379480711,0.01911367392988914,0.030839733961970116,0.009622427079587057,0.03836848632373971,0.044675675690559705
836,0.027610894025061897,0.028747716666812313,0.021278662758407774,0.02801857984036263,0.00939774760549664,0.03457292434577587,0.04630724438721885,0.033228686889759454,0.01978696645780313,0.0191209203659186,0.030861629909115264,0.00962486313972898,0.03838128524759904,0.04458766065952816
837,0.0275945418311927,0.028743634224805213,0.021277765046653227,0.02802421861041978,0.009407841064513566,0.034558459501969986,0.04623471173765068,0.03320363174790143,0.019801347515899504,0.01911529874984877,0.030863437618902742,0.009633610773304166,0.03836121855209783,0.04451129308718378
838,0.027589881908774185,0.028745004238073812,0.021266735458601888,0.028007137720756498,0.009437870209160404,0.034533224388457164,0.046139499195369055,0.03319840708524405,0.01982655194081022,0.01910760882799602,0.030845317939469256,0.00966353768000528,0.03833523402429375,0.044421800612842226
839,0.027574470370279915,0.02872896141628492,0.02125929640585078,0.02800201520549409,0.0094526984265531,0.03450815357853722,0.04607204529956872,0.03318300221705537,0.019830410231447375,0.019104043407603674,0.03084273317116056,0.009679396845254071,0.038311830165171465,0.04436213049075363
840,0.02757159397970355,0.02870387240159713,0.021246744782557364,0.02799907077505636,0.009464086274642205,0.034473528865010566,0.04603440009061594,0.0331739046418287,0.019813943148530407,0.019089599220156486,0.03083310197964044,0.00968767638125235,0.038267202192834616,0.04431814399876758
841,0.027578595536504165,0.028696866202293118,0.021254952391979536,0.028010806317620807,0.00947076906670573,0.03445289119701183,0.04601827740495148,0.03317596201875009,0.019806864624129516,0.01908873399843456,0.030839709918797864,0.00969374337985515,0.03823549611670951,0.04429464028462142
842,0.027563076689289322,0.02866725274150827,0.02125415090229211,0.028015989920206288,0.009471601208387415,0.03443528094363537,0.04598813759724217,0.03315457011065456,0.0197830733930382,0.019090123115392005,0.03084652902636016,0.009695650567999039,0.03821822520404447,0.04427184781343881
843,0.027560233768922537,0.02862171152998548,0.02126006524688818,0.028010066008044867,0.009471341351618324,0.034416022095672294,0.04594664609328923,0.033148527742714075,0.019743903087681928,0.019101319271695495,0.030845677223971364,0.009699484271907892,0.03820113749076078,0.044237708931241834
844,0.02755934432678879,0.02861420435613382,0.02125401174263237,0.02801541857064017,0.0094734583310076,0.03440268167133427,0.045917373137697046,0.03314010615229211,0.019739180471344896,0.019094367517903166,0.03085028180089907,0.009702255615015346,0.03818222706247651,0.044205453724760306
845,0.027573937533883774,0.02862341673570357,0.021236457965815712,0.028024661533605895,0.009478506808845088,0.03439458031789521,0.04588334159764973,0.03314671160529173,0.019752203442782484,0.019076514737919496,0.030861690079492916,0.009708569349398724,0.038171222315610466,0.04417072410677303
846,0.027574623424997686,0.028628887000292848,0.02123338549510164,0.028027261704266216,0.00947354791650473,0.03437999717620312,0.045859085253457145,0.03314832795353406,0.01976166398926485,0.019075819648177523,0.030870653097677565,0.009705993258655864,0.03816107559458892,0.04415307636826301
847,0.027561896858153058,0.02866264088461524,0.02122517614434145,0.02803091816065639,0.009462067521942959,0.03436168555737945,0.04585207201038667,0.03313544473941984,0.019792793716220745,0.019066306868805994,0.030876931201029325,0.009695007287692648,0.038141448459060194,0.04414384046929419
848,0.027570974357940436,0.0286818762401244,0.0212368114248245,0.028047581515293643,0.009462536763148902,0.034366301085278154,0.04584306030707468,0.033150198022976744,0.01981504553613928,0.019077139089032746,0.030900256102921526,0.009697516851142784,0.03815065077110217,0.044138260232022664
849,0.027600789748683945,0.028695755784995353,0.02128058075496419,0.02806549913384614,0.009457654396873067,0.03437826280504039,0.045839181654083225,0.033186349552291335,0.01982767524254264,0.019118726395360622,0.03092329781487434,0.009694695053432316,0.03816710493816886,0.04413684301918796
850,0.0276168682627645,0.02871487820666187,0.021300006347290176,0.028088847136662702,0.00946599104640733,0.034402050470693224,0.045842442137971576,0.03320171081843797,0.019842706294755083,0.01913009312158599,0.03094304666724149,0.009700868453486668,0.038186918800613784,0.044130113847974266
851,0.027631804658406593,0.028719982381453915,0.02130663885393811,0.028120698302279954,0.009489504452977356,0.034442968225768394,0.04585521163732888,0.03323097290040742,0.0198592193936462,0.019132965794288054,0.030981244191518015,0.009724228817167996,0.0382386332285502,0.04414633271468355
852,0.02764413119285107,0.02874109492192804,0.02132334778134885,0.028149462604372396,0.009504087305548846,0.03447555148875956,0.0458436162913338,0.033243701918707784,0.019880609946364203,0.019142395430815307,0.031008080112136144,0.009737296480649943,0.03826853733893559,0.044126291779249434
853,0.02763117641147725,0.028773360366423945,0.02132947618386666,0.0281765593102203,0.00952118506841534,0.03451816963084586,0.045809268304491446,0.03323338310657221,0.019911526001087754,0.019143802650118853,0.031037041090490793,0.009753643602523501,0.0383159118205036,0.044091509544465717
854,0.02763678594688921,0.028797450469425886,0.02134149801327726,0.028201094824908075,0.009532465283522248,0.034539290377273844,0.04578595396157057,0.03324791187019618,0.019941017750158625,0.01915436273885545,0.031067615985771648,0.009765919944540511,0.03834302856308394,0.0440724139290956
855,0.027657703588339886,0.028833763444469578,0.021367861539477635,0.028229170443200537,0.009537322588075338,0.0345590666887033,0.04575362226310852,0.03327458245890106,0.019978577701529335,0.019176809376244924,0.031099468739983045,0.00977220217487436,0.03836133344164493,0.04403746383246705
856,0.02768550937242434,0.028871743136511425,0.021400190825984433,0.028262763236169816,0.009552958730607552,0.03456859194061372,0.045735958027571744,0.033306091428263296,0.02001954734632237,0.01920710208590185,0.031135380329116565,0.009788810867324823,0.038365612723414357,0.04401578893010458
857,0.02771797770613105,0.028881508335916718,0.021408519093392798,0.028302363174544768,0.009560766511507291,0.0345703431250485,0.045756016350206555,0.03334303063363917,0.0200328285946346,0.019212290961958804,0.031175076640746088,0.009793309947777237,0.038365246065471766,0.0440325448352872
858,0.027751135244426246,0.028891863768086463,0.021415038982214196,0.02831940973530201,0.009564701275084056,0.034580124068277845,0.04579102050694775,0.03338347152322748,0.02004554068883853,0.019216300844028086,0.03119268660874861,0.009796531117198316,0.03837736348009069,0.04406639621756226
859,0.027755052164533646,0.028905222694129776,0.021416777818649365,0.028335389438079263,0.00957048398517382,0.03461616934695195,0.045815472492898,0.03339500237986715,0.02005853768986288,0.019214738551808077,0.031212174626025223,0.009803827116717656,0.038420108774466784,0.044095667839581645
860,0.027755627275097554,0.028919874433927507,0.0214200660755007,0.028357708987080923,0.009566870471501105,0.03466334730051888,0.045854430842066085,0.03340043032885202,0.02007239245891145,0.019215124926324243,0.031239362397439123,0.009799877550013032,0.0384792530687737,0.04414234148017768
861,0.02777314808828851,0.028943709327594654,0.02144393624623892,0.0283841033552029,0.00956674116956481,0.034700030023832505,0.04588531654831595,0.033420762860141756,0.020093161185042067,0.01923329448444174,0.0312687808663235,0.00980010937675286,0.03851991754366194,0.044171677449272
862,0.027783432097658007,0.028979225013481706,0.021483563563143654,0.028409487522048704,0.00956084289725092,0.03474283745368436,0.04592180689793155,0.03343053344010584,0.02012277929305247,0.019264022627665058,0.03129761560345511,0.009795534996675381,0.0385642147811319,0.044203134950385116
863,0.027809707352743875,0.029005304524343016,0.021519534576097794,0.028434704533258075,0.009567839870462742,0.03478024257884401,0.0459300658141958,0.033462511903469834,0.020144803391537913,0.019294863941427577,0.03132701477104085,0.009804668635019729,0.038605237043622904,0.04420886997408401
864,0.02786093623982873,0.029028519812076416,0.021568759888082684,0.028463256759855966,0.009579307809370486,0.03480505686489904,0.045909494565958484,0.03352666959788769,0.020169528315895198,0.019343756789604413,0.0313656128221545,0.00982014364744444,0.038638417103737416,0.04418968153985713
865,0.02789155340733546,0.029051394052115067,0.021606064729279804,0.028487571819938037,0.009589134804146518,0.034834107281260025,0.045911972853793746,0.03356425985091892,0.02018761333430201,0.019377376436195668,0.03139393391635394,0.009832062293941892,0.038670444959230624,0.04419036157893377
866,0.027918777109029725,0.029072920779001497,0.021642440231665196,0.02850863834870948,0.009608927175323632,0.03486413243102628,0.04590290586629284,0.033598293555095825,0.020203873067241276,0.019408908209399115,0.03141456526656628,0.009853767204772967,0.03870044758046077,0.0441784632253189
867,0.027940029571086544,0.02909757575411817,0.02167021024519417,0.028525099698958292,0.009619439627577239,0.034900563019292064,0.04590795829033267,0.033622423847212736,0.02021704661826175,0.019431139374435403,0.03143146655898244,0.009866013468028845,0.03873576385639382,0.04417733374766638
868,0.02794508378385892,0.029116442264996475,0.021681915473533545,0.02853685195605477,0.009616943053271727,0.03492955997787644,0.045925380715176184,0.03362900543728931,0.020222779348265385,0.01943977219115562,0.03144759947857963,0.009865385895779056,0.03876708459687101,0.04419368547575847
869,0.027953573094775423,0.029132745078873822,0.02170059364979942,0.028544598892011344,0.009625274615034339,0.034956924674825945,0.04593843306354929,0.03364056764407652,0.020228134908471522,0.0194544181257569,0.03145726275451119,0.00987613071253043,0.03879387907629419,0.044202721853798345
870,0.027958839769660328,0.029149190538128027,0.02171668115561824,0.02854076173376108,0.00963934969801671,0.03500111219103476,0.04595872750506872,0.033659996471037595,0.02023000680601049,0.01946974344515869,0.031460803827464356,0.009895997420105888,0.038843571604316514,0.044224274561535076
871,0.027978303637377383,0.02917588581480957,0.02174318724700426,0.02855503679107862,0.009652084249364938,0.03504049551818225,0.045978395283142605,0.03368276266581237,0.020242426630936068,0.019491885419274223,0.03147810739832138,0.009911903653241416,0.038883325745584764,0.04423857353177324
872,0.027998968797570477,0.029193714579458838,0.02177388702724239,0.02857905256390096,0.00967443931602511,0.03506516590637478,0.04599015144305262,0.03370769466475336,0.020253558576333035,0.019524146507393595,0.031512401423644254,0.009939633001298381,0.03891545323624884,0.04425291263125457
873,0.028026364669615625,0.02923446923678042,0.02181424230053634,0.028597926527622147,0.009686638733723133,0.035100078617838676,0.04601592410070721,0.03374276899916296,0.0202894675605381,0.019560443439187003,0.03153634049924046,0.00995489895000637,0.038955229122171045,0.04428032606954471
874,0.028071585101085407,0.02928139787681059,0.021842170318613477,0.028609171176615433,0.00967999385006834,0.035135722710529345,0.04604692752903765,0.03379259469205513,0.020326352738287968,0.019580933634106647,0.03154869344193502,0.009949087567212083,0.03899207382576492,0.044308836451865195
875,0.028103352506327846,0.029314275187201387,0.021865897602458065,0.02862703093700722,0.009681486581105602,0.03517061210581974,0.0460767181382251,0.03382398271852595,0.020350676216840027,0.019599176337016945,0.03157082426393176,0.009952594281836098,0.03903094070181607,0.044336955858532055
876,0.028126795749101857,0.029341433233727593,0.02188626505295572,0.02863917518293205,0.009683480870494355,0.035196772324961115,0.04609331534375202,0.033855349817423906,0.020377907747378476,0.019618501379372835,0.03159135158588291,0.009957934677404806,0.03906625669612243,0.04436201661110114
877,0.02815369998811248,0.029371554519101208,0.021900703680311304,0.028641615982420866,0.00968148220431738,0.035224084916363974,0.04612526021577818,0.03389220399625879,0.02041122509670599,0.019629759026509253,0.031598387737621275,0.00995785495408521,0.039099606922337174,0.04440279582323033
878,0.028170253295647214,0.029388092716191184,0.02191851969040683,0.028656712486076433,0.009684148675635107,0.03525069839219944,0.0461343717424582,0.03391546876733936,0.020421440079768937,0.019645013680175932,0.03161942111204138,0.009962949910689373,0.03913216140864015,0.04441465714368461
879,0.028170508398285388,0.029397001998310565,0.02193355278604608,0.028686081766627937,0.009694597244839367,0.035270831280437974,0.04611511211365704,0.03391679504117217,0.020422917826745296,0.019658812820552547,0.03165456719797197,0.009975597702499894,0.03915592952965272,0.044393989009896474
880,0.02818507994631591,0.02940258608923146,0.02196172181845066,0.0287035540128308,0.009700720620622352,0.0353008428128099,0.04612573326665418,0.033936932144762066,0.020417785093498144,0.019683376291578156,0.031676924051321075,0.009983967850508913,0.039190607612126324,0.044404487203383955
881,0.02819529785229042,0.029387232592443528,0.02199943295512095,0.028714872829398868,0.009702350907665754,0.03533456834181184,0.04613922329657555,0.03395148174090181,0.020378963811691034,0.01971087296807553,0.031688376562070984,0.009986505163345798,0.039223521012394624,0.04440772977734364
882,0.028218186608131034,0.029396129293310456,0.022026173166213366,0.028734201610096804,0.00970712091406726,0.03536934717373328,0.04616074145190581,0.03397958142674143,0.020374382265273234,0.019735555958197638,0.03171203476255292,0.009993292040040845,0.039263291138579494,0.04442814984135868
883,0.02826223052737668,0.029407869664125674,0.02205951134843289,0.02875919105571825,0.009721345936871385,0.03541124873056456,0.04620007777809411,0.034027973289514984,0.020377225542602354,0.01976990211666105,0.03174193292273381,0.010009811643995132,0.03931285148424304,0.04447101871547761
884,0.028285016902726404,0.029429594958286336,0.022084177515402075,0.028775977922019743,0.009724663865388889,0.03544695678550641,0.046231567978435945,0.03405398650698098,0.020386265427390735,0.019792759248769054,0.03176144506993742,0.010014688237156889,0.03935099020773034,0.044500141120053474
885,0.02830526264679463,0.029479022532107303,0.022093593143804494,0.028795534335859362,0.009720200459400382,0.035484401807030705,0.04625711987746042,0.03407335184234262,0.02041754046596594,0.01980281731868073,0.0317811789423291,0.010010528376650828,0.03938670723244736,0.04451871161181898
886,0.028321507248717053,0.029505826866226673,0.0221099050356823,0.028806679798118604,0.009716697252208478,0.035514864325633756,0.04629298618854154,0.034091632170726534,0.020433461991683725,0.01981728569289028,0.03179352350175419,0.01000834835557227,0.039416911170787314,0.044549833437060794
887,0.028322937558480785,0.02953168819149267,0.022135124817076208,0.02880931305495626,0.009708449092018692,0.03555109439907774,0.046353984276450856,0.03410174201721144,0.020451058105548627,0.01983640647126749,0.031800737145700655,0.01000364146423616,0.03945493672188198,0.04460833113838511
888,0.028338898205723183,0.02955891303213992,0.022160794876135124,0.0288193696496414,0.009704251795741463,0.035582851061277905,0.04640122290355907,0.034129932305762986,0.02047268672258547,0.019863098968580208,0.03181934230286464,0.01000281612757687,0.03949527785658296,0.04465968636391358
889,0.02837093787828833,0.02958227591494153,0.02218872621739598,0.028830412403747833,0.009700162265815668,0.0356155100987775,0.04645263325572998,0.03416668303424784,0.020487380006611596,0.019889878550484685,0.03183103656251138,0.010000114264912716,0.03952714753074961,0.04470354164747189
890,0.02840001966910836,0.029608021299258058,0.022221636758223112,0.028852685986166193,0.009705254480835111,0.03564243137032358,0.04651245831665263,0.034197660736336,0.020505344245180926,0.019917077609921795,0.03185207517587707,0.010003803946015754,0.039552738776580484,0.044753669663168315
891,0.028418590540646084,0.02963226175088647,0.022253533914293147,0.02886899186989799,0.00970699607167538,0.03567459139527489,0.046550176526700446,0.03423071262544177,0.020523584811816112,0.01995150058566236,0.031873902167620746,0.010006099575798531,0.03959409743524796,0.044794616182791194
892,0.028446738297717992,0.029665502497128907,0.02226828736741372,0.028894131484452527,0.009707244620015588,0.035705266305480564,0.046584231276354846,0.03426190587765355,0.020544351945076842,0.019966264106291168,0.03190018434653502,0.010005806992037989,0.03962685212378525,0.044826927443293245
893,0.02846658910450934,0.02968723193603808,0.022286455324530826,0.028918144352227955,0.009708943642641936,0.035732662086522385,0.04661584687226535,0.034285302190597555,0.020556821400826087,0.01998276048413122,0.03192538831819172,0.010006204435686184,0.039657368176027843,0.04485604607569426
894,0.028480658272055922,0.029704239646127124,0.022305702490437014,0.028951038730824833,0.009715752384959827,0.03576952065175387,0.04664699146410417,0.034306893595343564,0.020568027110642813,0.02000083725240242,0.03196273547876365,0.010012209099275159,0.039703994580543495,0.044891767783038744
895,0.028505523280618353,0.02973464976733691,0.02231597998985704,0.02898054971361843,0.009715475649913834,0.035800970749040865,0.04669095651108545,0.03433916039940817,0.02058543257634243,0.020009143827744137,0.03199668241403503,0.010011089311781783,0.03974090062096427,0.04493446402093643
896,0.028550283891996237,0.02977334887309021,0.022321218938409305,0.029012785721324076,0.009716675723812136,0.035825690946349284,0.04673237432009126,0.03438427500929378,0.020604371457661048,0.020007432854590116,0.03203037356966483,0.010009214708154883,0.03976465351371744,0.04496389253816063
897,0.028561118351314366,0.029799779082993416,0.022328942564114444,0.029043304897601978,0.009708723648352156,0.035856784545391714,0.04679350526042393,0.034398825881642545,0.02061426601207303,0.0200119364719188,0.032061046422292044,0.009999044377818442,0.03979523034026037,0.0450183109830893
898,0.02855017687218389,0.029828051428585536,0.022325209487190568,0.029077720363345983,0.009693035645811894,0.03589366187899888,0.04687568305812283,0.03439610582908869,0.020620621675958073,0.020007337631324666,0.03209741896118954,0.00998244043993367,0.0398320929741711,0.04509774968743547
899,0.028563991013795347,0.029859178531741897,0.022336645800401966,0.029103368600772263,0.009677789675157483,0.03592781921116408,0.046955833182024044,0.034413834216961675,0.02063459649125401,0.020014400192222156,0.03212083722892454,0.00996470186375206,0.03986283436862579,0.045167836448171066
900,0.028561822332657725,0.029878161024891384,0.022362446408957577,0.02911753047573065,0.009648350672389366,0.035957823554797645,0.047042025091756375,0.034421639570182835,0.020650052153925933,0.02004227453661577,0.03213771264275638,0.009935437672399017,0.03989709292506951,0.04525432911628134
901,0.028570050998945877,0.029900931771124285,0.022370315898168392,0.02913861979329568,0.009634117386287881,0.03598562723136981,0.047120895862225384,0.034437875496961555,0.020662100141116944,0.02004887402663156,0.03215826874772787,0.009918938152757305,0.03992536582008563,0.045328495520209795
902,0.028602218717117926,0.029929886482837623,0.022375410280470357,0.029144512361584874,0.009623054992763582,0.036001641262766976,0.04718532593241844,0.03448449769265934,0.020682056266361933,0.02005103612100101,0.03216460186444183,0.009905844183406558,0.0399428720184737,0.045387910612917894
903,0.028622556472649194,0.029954740163844397,0.02237307806768809,0.029168575756576783,0.009615604956813635,0.03602923884289614,0.04727061694390473,0.03450975156624758,0.020696005823353313,0.02004627001523,0.03218659148023773,0.009894376346272363,0.039969854402546745,0.04546520867257352
904,0.028628211896916927,0.029974492661114342,0.022344724804915974,0.02921602077739391,0.00962595996530916,0.03605515519790818,0.04735388529504366,0.03452224549952174,0.020709585285487796,0.020021272501233898,0.03223846926060349,0.009900860596958652,0.04000384024412243,0.04555206468593565
905,0.028639993461322906,0.02998884805859916,0.022334270977512536,0.029244889444551427,0.00962143834967986,0.03608793622107831,0.047453357700007984,0.03454174821191112,0.020714574189880194,0.020013437761765174,0.03226956819233677,0.00989227902293829,0.040043775791416145,0.045652588176622225
906,0.02864688688800449,0.029999255675154022,0.02233139634585603,0.02926957472547078,0.009608802976527438,0.036129939231055216,0.04758254228128166,0.03454158304847276,0.02071146117439384,0.02000864577412363,0.03228638199177302,0.009872091840626734,0.040080990516165566,0.045768919649272155
907,0.02867350797342824,0.030003982553575344,0.0223230038605571,0.02929071888852838,0.00959325636322098,0.03617267695628146,0.04770240801509016,0.03457078396992489,0.020701853025469594,0.020001382667590568,0.032305859853731175,0.009850547622690746,0.04012993229027334,0.045884036549800535
908,0.028676756786883403,0.030011689776309733,0.02231291272834474,0.029307843206089534,0.009585293958470112,0.03621022151197447,0.047799414309175586,0.034582474201383565,0.020697595952410264,0.019997427324155537,0.03232432582902231,0.009838134038283946,0.04017668470577088,0.04598281029021025
909,0.028685515647954178,0.030024823196349,0.0223163193851421,0.029323538098154495,0.009573072661371404,0.03624241239655919,0.04790477640514877,0.03460073032401784,0.02069698262516955,0.020005432532201026,0.03233802718715799,0.009821522113326884,0.04021178546941495,0.046083311812767494
910,0.028696289086900566,0.030049263685893543,0.022320575361035107,0.029355045700336188,0.009560165796746999,0.03626985060911102,0.047996330335790004,0.03461776102076946,0.020710421122587728,0.020013643487620216,0.03236976461050325,0.009803656252282885,0.04024505484513398,0.04617347218815134
911,0.02870707424189969,0.030101639954193845,0.0223266979500286,0.029408376724986102,0.009551327285825596,0.036293054473176,0.04806905936016478,0.03463290114982774,0.02074749303550083,0.02002276878079242,0.03242382036059091,0.009789936769189902,0.040273029244764044,0.04624404942093996
912,0.02873054154473204,0.030134576617748036,0.022340019937342727,0.029458405302826944,0.009548462418901959,0.03632259113651731,0.0481654235954978,0.03466190179121719,0.020777480700974345,0.020040258999673825,0.032475207170369697,0.009781912645967152,0.04030802228940143,0.0463358594771048
913,0.02876224382151215,0.030162055640241988,0.02236213271624017,0.029516487958433042,0.009534520334097069,0.036344480593404775,0.04828842533370639,0.034697294701230834,0.0208098370527504,0.02006943209356756,0.03253897958053627,0.009762742408403639,0.04033981502647279,0.04645866447127773
914,0.02879540370110984,0.030195564452331385,0.022389901501967464,0.02956806542932,0.00954313602680751,0.036381333525782725,0.04836313252057604,0.034744146286635885,0.020850815389848534,0.020099613163641512,0.032593999117745937,0.009766481095328136,0.04038596152208828,0.046531554350095
915,0.028839204631879726,0.03022198611646763,0.02242034235572776,0.02962228663469575,0.009572928507194631,0.036426842570015106,0.048451169295138395,0.03480681291981699,0.020896848263758764,0.020133176772254267,0.03264832961000079,0.009789080675065124,0.040439651919388454,0.04661056904013755
916,0.028871031882843286,0.030252294782469928,0.02245081420120334,0.02966692542902364,0.009598460172894974,0.03646430765514668,0.04845562960885339,0.03485561836432343,0.020941905854040523,0.020161770812770707,0.03269773754087707,0.009811962212784207,0.040484013280925824,0.04661387644764697
917,0.028902596308923546,0.030290108313809967,0.02249123008144664,0.02970901351667153,0.00963660330211106,0.03651585250477317,0.048395611299110144,0.0349056476744438,0.020986695757115703,0.02018780317756953,0.03273852216356242,0.009847096446170833,0.04053304101063216,0.04654438767921157
918,0.028940408088686923,0.030334997940445734,0.0225368436124286,0.029749923575901796,0.009668153064726138,0.03655938433660398,0.048336668662225905,0.034958390187071864,0.021043615439262524,0.020224740988472566,0.03278288499475628,0.009878144141526959,0.040579736161787894,0.04648460260371895
919,0.02897840881811547,0.030384778269509607,0.02257417464937563,0.029771172730424587,0.009694609005316518,0.03660244368957159,0.04821345619628062,0.0350090483787235,0.02110876231563312,0.02025171952170091,0.03281281324024521,0.00990857128788291,0.040627854799251475,0.04636879709566203
920,0.0290027213130729,0.030421544574165345,0.02262484573770801,0.029806454307212613,0.009727158566865672,0.036619191366119075,0.04810464317417051,0.035042715470830064,0.02116257365809148,0.020297236335285053,0.032855714133401104,0.009944302256242299,0.040648169528204825,0.046267455083016606
921,0.029033216856845064,0.030475106522183604,0.022700813361301083,0.0298612390691977,0.00975947923504845,0.03662227761551355,0.0479999673639014,0.03507721701481482,0.021231994724965807,0.020369291958787707,0.032915694920352435,0.00997785006068167,0.040654957139261184,0.046171093681333035
922,0.029047712094513692,0.030500089366806815,0.02275646815791888,0.02989026535504982,0.009793584860432579,0.03662202008154451,0.04788774004018494,0.03509372555307199,0.021273565715856597,0.020421381574316715,0.032949296841372495,0.010016037117461792,0.04065304881914849,0.04606389017619571
923,0.029029132492300623,0.030502444737423005,0.02282428531925879,0.029918924102678837,0.009840363493214205,0.03659888964110198,0.04776597351430983,0.03506834418783679,0.021295890837735507,0.020488461615362764,0.03298292841053403,0.010069818493898248,0.04062220752924957,0.045945868181390785
924,0.029030118951501312,0.030496016457795552,0.022858730082814922,0.029934054666924004,0.009873963497919518,0.03657699133663641,0.04764137197911028,0.03507230006681759,0.02130943319759808,0.02052479358140968,0.033006648663825,0.010110791671365346,0.040599106237684174,0.045830738975490344
925,0.029044583195259502,0.03047148307797323,0.022870958645443404,0.029935675595100394,0.009907834113745765,0.036547497317071964,0.04750515934217005,0.03508488877811446,0.02130075627912697,0.020534645309651565,0.03300832264226246,0.010150432635465811,0.040555821691945146,0.04569329336759667
926,0.029055503644012222,0.030448724574320074,0.022872043186978004,0.02992089470575828,0.009927209534110606,0.03654000215758136,0.047382800801249896,0.03509975110083238,0.021290267420821987,0.020537768616513904,0.03299981691529953,0.010179267084148035,0.04054470103151825,0.04557385875514617
927,0.029054590079865075,0.030432811944478368,0.022879384734696057,0.029913404242142574,0.009950242275690932,0.036531401965499394,0.04728791419444784,0.035097022695706734,0.021287510156089196,0.020539946154490688,0.032993823726141965,0.010208287793852562,0.040528424480741315,0.04547934098967609
928,0.02905448479553629,0.03040585074736888,0.022868565217160318,0.029894480176364042,0.009967341129537718,0.03651886886283044,0.047195214595248475,0.03510600318932003,0.021277556800065923,0.020528211274384207,0.032983971968894965,0.010232945400545564,0.04051868242640329,0.04539999299115017
929,0.029037204238044095,0.030388556115105207,0.022858113305990375,0.02988405479914159,0.009979117422778029,0.03649367875567064,0.0471002211362662,0.035091098586284626,0.021283675197073585,0.020516851300948515,0.03298262066194283,0.01025266266015355,0.040496259391034815,0.045316610716370324
930,0.028994819918353246,0.030378557253942593,0.02285812413705244,0.029871443192911618,0.009981457947263503,0.0364781997054427,0.04703886363337443,0.03503625111698748,0.02129338350842321,0.020505606267568935,0.032970406589436146,0.010261052572303565,0.040474842787411175,0.04525479107648493
931,0.02897262103348311,0.03037399333327361,0.022842230017177695,0.02986804288977958,0.0100018245416472,0.0364467139027861,0.046946062737449896,0.03501538572180248,0.0213178888682878,0.020489331490234436,0.032975972358051955,0.010287880053551027,0.04044718612530226,0.04517473873224568
932,0.028962926888600873,0.030388353288391633,0.022815799697920993,0.02988520581653304,0.010030834839039328,0.03640192238361269,0.046829504768384114,0.034998682342580335,0.021360472024696306,0.020459791067726784,0.03299489974310141,0.010320248644865738,0.04039770989133609,0.04505858351073841
933,0.028950261977246462,0.030387195522016897,0.022789891916763498,0.029891668182328808,0.01005117987624091,0.036368511453917465,0.046751491169937986,0.0349820727591036,0.021384064284239886,0.020431667720059683,0.03300410758583073,0.010343064690585694,0.04035995325539758,0.04498422407684413
934,0.028947333832117474,0.030390066988263843,0.022758786064452956,0.02991140247274818,0.010087743497339778,0.03634110197409775,0.04668681184557708,0.03498021292345459,0.021415381223576377,0.020398917762836578,0.03302983061013747,0.010380666511852626,0.04033000722171212,0.04492922803043683
935,0.028930940503079625,0.03038614394203864,0.02273226346341629,0.029904612071914582,0.010104543235998468,0.036307843255664225,0.04662548095391837,0.034960158373903524,0.0214331754604252,0.020372586824440812,0.033022293185422685,0.010397581272694741,0.04029046347921776,0.04486918545489161
936,0.028908050714173274,0.030372830806780483,0.02270981983554497,0.029880899630624323,0.010095391579942962,0.0362781937161681,0.046591782641907636,0.03492918578011444,0.021433984808186476,0.020351575166141417,0.03299427249999459,0.01038732194929208,0.0402502415342609,0.044830595452293794
937,0.02888238394534407,0.03035269289294242,0.0226717541508481,0.02985647091202395,0.010102014422160474,0.036233112379890894,0.046537925646884755,0.03490452533568564,0.02143661083142004,0.020319148312943344,0.032970472514107695,0.010393847552581336,0.04020295641469134,0.04478263469146526
938,0.028855106994559555,0.0303395558770968,0.02264063345470411,0.029815923537821483,0.010116204300180918,0.03618326404902147,0.04648051300289597,0.034879892333551245,0.021440666922601177,0.020293932669502027,0.032921231266270466,0.01040408679454744,0.040145471585893565,0.04472023601734319
939,0.02882389550946123,0.030313691249980443,0.022592856221794584,0.029784194460857012,0.010124645979155954,0.03613266035868754,0.046427230463130645,0.0348423145418451,0.0214341822796361,0.020249919869716367,0.032883105750098285,0.010410149478696002,0.04008709301438623,0.044666801529850475
940,0.028795385648543306,0.030263399342550817,0.022507031293456336,0.02975741845874198,0.010137981250222803,0.03607748362938704,0.046367990620154016,0.03480529096972953,0.021407871375579313,0.02016650803065776,0.032852387377405055,0.010422403877357765,0.04002680425497203,0.04461591993946383
941,0.028754757356252762,0.03022702087370844,0.022448135159115812,0.029727496962935477,0.010144723144936552,0.03601233029933864,0.046314558136341805,0.03475107400230839,0.021391599575548176,0.020109817217443402,0.03281315232371498,0.010425505400432097,0.03994941635979396,0.04456043250149458
942,0.0286980922718241,0.03019001893620366,0.022390695828232294,0.029685347580023905,0.010143273775566508,0.035930341273627736,0.04626635497583083,0.034678359661664625,0.02138127985757785,0.02005988160551506,0.03276642848484571,0.010422446348702052,0.03986049996640903,0.044517225430950214
943,0.028642435291619552,0.030151738066659273,0.02233875040286273,0.029655514476318208,0.010140446779529981,0.035856757880784115,0.04621215338194557,0.03460913681813391,0.0213672591039838,0.020014716405439,0.0327326770659172,0.010417672755582454,0.03977984387504084,0.04446843384253797
944,0.028581443291919226,0.030114155727265193,0.022294461194673296,0.029630093524904807,0.01013485268364665,0.035780882756298316,0.04615484086531439,0.0345319712346447,0.021351190400748937,0.019975842179603007,0.03270025631558757,0.010408403463479588,0.03969242478596667,0.04441171187874193
945,0.028503458474624974,0.03008708810007501,0.022274176718279866,0.029612413515441135,0.010120548665029807,0.035695459321233275,0.046095600312421145,0.03444937832510444,0.021350758035402737,0.01996789732001246,0.032684634577216,0.010391520938878478,0.03960457412479016,0.044362465747256406
946,0.028446933708573305,0.030032553212310464,0.02221844809805378,0.02957446732927401,0.010123298906216766,0.03560684875379879,0.04602675234324014,0.03438230219876227,0.021322844756384962,0.019923089760570827,0.032643223820763546,0.010391818007651647,0.03951027973990297,0.044301681582756276
947,0.028407148252251258,0.029968774097450634,0.022150609944543816,0.029544141264485114,0.010133002590034216,0.035530804885370006,0.04595444336891403,0.03432077203196411,0.021275167603980644,0.019859291537835968,0.03259929958840084,0.0103966140896975,0.03941718163801983,0.0442260650832455
948,0.028350984533450994,0.029906790319703336,0.02209376128071891,0.029502484559116558,0.010140988709035155,0.035441400605848355,0.0458894551166032,0.034246616831381006,0.02123741413364772,0.019808900796515167,0.032546676841941055,0.010399743539605856,0.03931332515667449,0.044158632349913365
949,0.02829538091773784,0.02981554324989327,0.022024944469723313,0.02943814421852033,0.010165470748391867,0.035319204824496894,0.045811052886508996,0.03418033422756541,0.02118656517416632,0.019755022629481964,0.03247765977805434,0.010421386592347377,0.039185397458718796,0.04408857362806881
950,0.028223942605262554,0.02974750484414818,0.02195014880019326,0.02936728407320334,0.010165572389676482,0.03522031004040319,0.045734673769748414,0.034094137524950094,0.021146011903773722,0.019690201110240415,0.032396760930612806,0.010417769023874106,0.03907537854444566,0.044014424300620324
951,0.02812272292620497,0.029686356831246277,0.021872085433610005,0.02927722582977174,0.010145490044678657,0.03512856650452183,0.045653378401366844,0.03397703269307937,0.021109594176946304,0.019618460833981843,0.03229260904050422,0.010393016628377284,0.03896846253480128,0.04393038093092139
952,0.028041721894860275,0.029622716225771013,0.021799515439611616,0.029207112637562295,0.010136184395355,0.035027716071479226,0.04557684040504754,0.033876935731150255,0.021072822490150668,0.01955604756226275,0.032211826581864555,0.01037965314594664,0.03885457628603764,0.04385515239231204
953,0.027969778543689032,0.02957487947996445,0.021727725339545922,0.02912978594037745,0.01011862976222295,0.03493072281723207,0.04549906258444655,0.03378398894575386,0.0210453163286341,0.01949687556395537,0.03212401526911406,0.010359221625133846,0.038744747750085906,0.04377972691443789
954,0.027878584002577794,0.029498699856256503,0.021630600346020833,0.029051723367487688,0.010106247810761734,0.034819878856122255,0.04541238510987565,0.03367557888064857,0.02100141381006737,0.019414130065561804,0.03203892400142818,0.010343419722856734,0.03862665833941807,0.043703521355669885
955,0.027791058302667468,0.029415386558997458,0.02152029825203112,0.029003641994859546,0.010105670187896038,0.034711352065164756,0.04534960290817336,0.033561130419356024,0.02095373873503725,0.019315133397869527,0.031981301033788455,0.010335345540655358,0.03850731807497786,0.04364615845798893
956,0.027703349936284774,0.02933466310279768,0.021436636651996386,0.028942404971115956,0.010099877490524475,0.03459540027889515,0.04526851624305949,0.03345327145629491,0.02090468237796719,0.019244290132524853,0.031911571515482226,0.01032550410164091,0.03838053096167818,0.04357250112309953
957,0.02759691207965277,0.02923542443167105,0.021346483305930947,0.028863016771002517,0.01009032157705986,0.03447410389864265,0.04517400526348408,0.0333241872003669,0.020831709051105672,0.01915887403566188,0.03181495521761772,0.010311594575658532,0.03823951135439045,0.04347777824233107
958,0.027505291582001865,0.029147197593644553,0.021255469814059423,0.028793743681564555,0.010083903315716122,0.03434774227814783,0.04507896708700416,0.03320969886967558,0.02077278350155172,0.01908111761113754,0.03173186688032719,0.010299880284472837,0.03809686802793541,0.043385710933718354
959,0.02743478156368017,0.02908554712004949,0.021200921817064382,0.02874386702944341,0.010081086866621018,0.03421503771555251,0.044974532113128594,0.03312092677061764,0.02074034723705126,0.019048596173534993,0.03167268933053956,0.010293478437334535,0.037949777286202434,0.043287337302878315
960,0.027348569496363835,0.028991335122616452,0.021126263562857787,0.02867331200975813,0.010074510969327771,0.03407255453649796,0.04486858047667908,0.033010790931939066,0.02067521578486271,0.018991241793469157,0.031588975908792526,0.010282347831042243,0.037789747946859284,0.04318468966766092
961,0.027256378298478937,0.028863874554867136,0.02101256325166654,0.02859265022119936,0.010062914362060665,0.03391686108459102,0.04476873171446363,0.032891128799560805,0.02058036144732507,0.018901095544754255,0.03149757346331512,0.01026492200758258,0.0376211047856325,0.04309328195409967
962,0.02716358656854545,0.028755993258625295,0.020919094973895516,0.02850670510719593,0.0100576164198856,0.033762129408535055,0.04464944186926259,0.032772883234604595,0.02050567871339901,0.01882737696954791,0.031397266411308425,0.010253751511883574,0.03744927851578062,0.042978866335808545
963,0.027065141706820447,0.028645908925941415,0.02083213182345211,0.028410323792414007,0.010053642027362367,0.03360105664118781,0.04451606512676069,0.032647264848781506,0.020428803131485516,0.01875689171198192,0.03128287518766054,0.010243526832776488,0.037266908493574495,0.04284695660590128
964,0.026951110923613207,0.02851453231503164,0.020759315026292857,0.0282983323333642,0.010051962415133057,0.03342235317539024,0.04436945482157472,0.03250976204611189,0.020330762331063602,0.018697494000729037,0.031154821875513994,0.010238886189150769,0.03706693235240926,0.042705101183867965
965,0.026854789485804904,0.02840720270777298,0.020671602703735917,0.028182999058869233,0.010040466751674961,0.03326576282838907,0.044215615086310764,0.03238900178157236,0.020267303965243837,0.01862771845504203,0.03102360922834251,0.010221648599826464,0.03689546313420429,0.04255958236312572
966,0.026773636589079202,0.028335383585966174,0.02059353943765252,0.028053899562949767,0.010026552488302927,0.033119420796399374,0.0440417446093531,0.03228480083484199,0.020246397561514584,0.018567033107481826,0.030873795664596283,0.010199025871718913,0.036734548173064555,0.04239279872729284
967,0.02666560049131587,0.028220541989190044,0.02048754512827464,0.02793840830739698,0.01001850000136047,0.03296539780387446,0.04386783610230621,0.03214914555744817,0.020178623065367194,0.01847960565446505,0.03074225152697455,0.010185266375311397,0.03656410893248706,0.042226409254838816
968,0.026549022988344214,0.02808187875082043,0.020358379748996427,0.027810079903892754,0.009999641876264521,0.03282473400008746,0.04367173719735087,0.032000097081895024,0.02009459136636693,0.01837028802108321,0.030599229817859702,0.010161165324793749,0.036410961557772806,0.04204005383901027
969,0.02643459341158955,0.027958413508290893,0.020239246460981616,0.027705721227413833,0.009993835455905056,0.03265984418778516,0.04350975943429506,0.031852153571956664,0.020015596799903647,0.018268980012760297,0.030477679734682947,0.010148444675859668,0.03622404722662678,0.04188225139850318
970,0.02630405191836956,0.027821002415585182,0.020098056758900563,0.027641446684448505,0.01001272008221729,0.032473714347820905,0.0433503372897634,0.03168958890794902,0.019917045816460904,0.018145612151640886,0.030401414868179655,0.01016259077992309,0.036010555016202116,0.04172832529652148
971,0.02617697893680146,0.027695921613999024,0.01998332872511511,0.027528420426085165,0.010004941537209678,0.03230056877816304,0.0432030159013865,0.03152163728015348,0.019830535240100988,0.0180486189254968,0.03026607787797109,0.010146706790355018,0.03580784318776143,0.04157688595464328
972,0.026037437805211307,0.027572818374899645,0.019886253640467907,0.027380636226404274,0.009989464454309807,0.03209885387802344,0.04305808739698084,0.03133987282217182,0.01975555223512701,0.01797480821721617,0.03009822321645818,0.010123245193337928,0.03558222262602705,0.04143516396046519
973,0.025910599408556605,0.02744600872066664,0.019766752300487956,0.027250833745263096,0.009958357448917467,0.03191728167398767,0.042928759916784645,0.031179500947481224,0.019671496727051273,0.017882139194232906,0.029951557074163356,0.010085669474988903,0.03537864558345846,0.041312723532049726
974,0.025789364094090564,0.027325099129756007,0.019653519679898698,0.027101298285886585,0.009905445039422329,0.03175702381715644,0.04279926381062044,0.031023418796008912,0.0195891551699734,0.017798660500520598,0.02977867224917943,0.010025128113431401,0.03519275961630199,0.0411811868432381
975,0.02566019242027162,0.02719435169124225,0.019525692766729687,0.026960295415455103,0.009855243322302573,0.03158596679715869,0.04270795708917452,0.030857627267054308,0.01949389492833515,0.017699905879433268,0.02961730632740611,0.009967190344055868,0.034997178093344614,0.04109358624686751
976,0.02553105105476987,0.027049591308010254,0.01935440805354224,0.026836144529375088,0.00977425354846327,0.0314064816858726,0.04268777768668756,0.03069226861819461,0.019374503753261278,0.01756299120788739,0.02947431946531964,0.009876992511174588,0.0347898105169627,0.04108374358809812
977,0.025397648864185263,0.026903821292562472,0.01920525883739825,0.026694655303224877,0.00971825658367338,0.03122126126219567,0.042609624241797414,0.030525733322120448,0.019266713187196718,0.01744773840200726,0.029315893431578758,0.009813606377224466,0.034582665354301996,0.04101685833833958
978,0.02523768735864846,0.02673912622674802,0.01903486440563019,0.026507926685241913,0.009670354428764351,0.03101029887295081,0.04257033208732978,0.030323886019269303,0.019137690407465206,0.017318144616794054,0.02911176085449733,0.00975903559025764,0.03435318986103133,0.040993596458669256
979,0.025088990291134282,0.026578480556814207,0.01890081765074085,0.02635459175218893,0.009627080589852998,0.03081637512813641,0.04244734500848783,0.03014865657169249,0.01903197212180355,0.017219857811668095,0.028947801429614815,0.009710082739126638,0.034146642814755414,0.04089121273731867
980,0.024971142065425805,0.026411659788465398,0.01884459606217456,0.026245982026134422,0.009598357492596429,0.03066283607409149,0.04224664666132563,0.030019186915372455,0.018929279034301104,0.017187726651203668,0.028829168541966575,0.009675533900582022,0.03398117500885258,0.04070022257606535
981,0.024840704239611534,0.026277715941771633,0.018735873650549743,0.026120847145293575,0.009585641680334345,0.03048287454715235,0.042038523848986147,0.02986212481986978,0.01886224355996047,0.01710130407893517,0.028686279616532674,0.00965376491756016,0.033780204195225066,0.04049754930892703
982,0.02471046714395108,0.026166913977896777,0.018618314237172934,0.026002324977569304,0.009586221310888566,0.030301755837004493,0.0417973298813416,0.02970517729050953,0.018826875081959456,0.01700219437944415,0.02855039159136807,0.009644980611060675,0.033578106843032404,0.040262680459208305
983,0.024585896077325167,0.02608388907629529,0.018517231237003526,0.025914243931585784,0.009596437115254687,0.030138249094960958,0.04149242284481538,0.029553008990934788,0.01883234644302447,0.016903920326913922,0.028442182995975705,0.009643016680234514,0.03338839851026473,0.03995552274741196
984,0.02445937381425167,0.02599844955682116,0.01839673075710844,0.025799213203932237,0.009618423273879566,0.02996264104831223,0.04122991985206607,0.029397093047474024,0.018818041613170928,0.016799449940145875,0.028306091410046644,0.00965566743213151,0.03318802691949835,0.039695943968850775
985,0.024335089024994237,0.025980510159243284,0.018231097471617445,0.025665490581851632,0.009680344649584973,0.02978509939216636,0.04097440954237424,0.029233835475963504,0.01886679608856658,0.016648529450663616,0.028145754454611916,0.00970761846318935,0.03298414799761487,0.0394422671234972
986,0.024230087068754527,0.025872478047649014,0.018118766085663072,0.025570665790433163,0.00969526579629381,0.029605593750230183,0.04074383972900748,0.02910114260637248,0.01881147123988712,0.016556721982515045,0.028029849963111864,0.00971516451862744,0.03277435041051412,0.03921046416786312
987,0.02414443759596632,0.025723647805380244,0.01806606571860164,0.02550434135744318,0.00970067180286344,0.029424941186561096,0.04049681958067026,0.028993772842721234,0.01869844313165845,0.01652796035675309,0.027939541874703804,0.00971450952101567,0.032553454611397546,0.03895347735128605
988,0.02403689921439418,0.025580480224001344,0.017935517581861182,0.025405045132407537,0.009692101921367277,0.02926096871624622,0.04033989750219454,0.028853419722026968,0.018589447772693366,0.016418774800160917,0.027818017607416628,0.009698927652281267,0.03235852965609609,0.03879142413347396
989,0.023922682964505983,0.02536436283219573,0.017745631996225624,0.02531281433979533,0.009657664344507851,0.029069602100053323,0.04021668587066463,0.028709315258089518,0.018409212524514783,0.016259222851271935,0.027711895104768024,0.009661267057532502,0.03213959306908681,0.03867096357184545
990,0.0238064792066391,0.025208165265449764,0.017611258086780556,0.025186042979010698,0.009616843524700996,0.028907788449185245,0.04013082089027702,0.028559800093330298,0.01827580843632504,0.016153156135891633,0.027568551274783543,0.009614192547515207,0.031955701555492,0.03858989084839322
991,0.023638570459027324,0.025063577149322773,0.017428497576188154,0.0250183586304696,0.009568516254223287,0.02875896018391245,0.040149059766155584,0.02832342907895153,0.018136700665735826,0.015992669807120507,0.027370428139636152,0.009550180251738922,0.03177838383832311,0.03860115834156844
992,0.023522415651488927,0.024911743554445902,0.01729745180979955,0.024816749652362333,0.00949095092772103,0.028616381282195107,0.040126572281352364,0.028165517661850308,0.0179864121457216,0.015891069815783733,0.027141131428898457,0.009463851062964606,0.03161009776316723,0.03857595971081821
993,0.023419824619320916,0.024724445306055345,0.017270614491166444,0.024462082454802116,0.00935163107847862,0.028455937792024995,0.040102429891599456,0.028034318586758963,0.01778566466495485,0.015907537306880482,0.026751702633962517,0.009317825940135763,0.03142719783719537,0.03856060534193214
994,0.02331616532702273,0.024579872250114584,0.01714396065995915,0.024219198865138517,0.009216274019726647,0.028303118744303732,0.04011049344565642,0.02789515339935777,0.017624822951311285,0.015826077298095657,0.026483525156706777,0.009176148186944247,0.03125047746785357,0.038571241742838006
995,0.02327675300944294,0.024459027122194374,0.016910055596307236,0.023954957991710078,0.008986023522364682,0.028160914520687905,0.0401748745795264,0.02783000778768036,0.01746044102778211,0.015660105611667523,0.026192358271971142,0.008943565703685074,0.031078632372223733,0.03863066932039265
996,0.023158881584627956,0.02431128809886904,0.016721234169833257,0.023678565544578853,0.00879950862468108,0.028005391490798993,0.04023568430964762,0.027676989671558436,0.01727478387138551,0.015534102505628691,0.025891691073101943,0.008757899086580178,0.030898006647602273,0.03869135628787386
997,0.02290647323001676,0.024229211254500137,0.016410710250056824,0.023533292746218883,0.008591365283505476,0.027812434083574384,0.04042293535037726,0.02736378158026291,0.017130007118958707,0.015307021198731756,0.025750748362031423,0.008559212226480371,0.030689729361307153,0.0388848538224223
998,0.02270820731572153,0.024082561615458502,0.01615140020414109,0.023310025215579195,0.008391082237896703,0.027628425733266203,0.04054501365895235,0.027120780170385182,0.016929854998795284,0.015137334828312827,0.025518812379577444,0.008366995839427866,0.03048599662940715,0.03901565048335802
999,0.022433224699069363,0.02375014053897725,0.016006198135379037,0.022982186214460194,0.008329140641872498,0.027488976140065364,0.040541827994387984,0.026835705139870568,0.01658004970841654,0.01506020082836034,0.025181505038094684,0.008325964238552676,0.030337207525368115,0.03903708377419151
1000,0.02212482416952255,0.02345660520429241,0.015860798642721413,0.022563030921279755,0.008147829091070069,0.027308179936106774,0.04061206439950063,0.02650112295922952,0.016223759192457318,0.015017370983400577,0.024744360441258505,0.008164502173683405,0.030147045245160462,0.03913377378990848
1001,0.022112891775167332,0.023252286055420658,0.016025484004305614,0.02215267513191715,0.007900831568968711,0.027310896198684452,0.040489167436295756,0.02649126620284545,0.01590911173168894,0.015278602096734194,0.024287233568473628,0.007910928917314496,0.03015864425091054,0.03903251959841506
1002,0.021971262064001164,0.022998234145737397,0.01615026790363529,0.0216499556573892,0.00763506172154848,0.027217116715133317,0.04048677755508313,0.02639925800764176,0.015548676826741948,0.01553047895577588,0.023752562465629304,0.007664330527352499,0.03007284090488903,0.0390860083240601
1003,0.021781276027307703,0.022867288578645086,0.016400327430930728,0.02106470912527359,0.007307110627975724,0.02709859245438706,0.040642783705630875,0.026337673621480553,0.01527077180262767,0.01591127777308826,0.023134056593162845,0.007374334022587817,0.029961688718089227,0.03931945391191866
1004,0.021659219539335372,0.02373757667786582,0.017051774131551865,0.020593971931003655,0.007108177836288403,0.02715861424775096,0.041598120921180044,0.02655811810295511,0.01587004758690816,0.016601147189006453,0.022638857558268645,0.007241760881088818,0.03006594107743746,0.04036893356474246
1005,0.02141599038527177,0.024265120413722474,0.018337670191048226,0.02066447612530832,0.006998056871449525,0.027117177342252597,0.04220445927148906,0.026593419464919596,0.016305270041885915,0.01796975604952623,0.022780711876235413,0.007256278345325308,0.030073411974302394,0.04112573229360378
1006,0.02140761717928028,0.024937208724640822,0.01913865214497121,0.023640205888935225,0.007418466651271551,0.026547746798279852,0.04266069429122061,0.026737830951482956,0.01774125181495766,0.018586353034921416,0.02613449271910603,0.007853317007751963,0.02938739484148708,0.04169097500216895
1007,0.022331094628353216,0.02674303579919811,0.02165395876623757,0.028734567315787884,0.010048612447075809,0.02743947841410513,0.04330300812142776,0.028256509772601263,0.02059221552381995,0.021070600022228297,0.0318659654840401,0.010826504028057295,0.03039584985451253,0.04256724863838189
1008,0.02257050219821009,0.026710068707416743,0.024215687548532584,0.034398824844005575,0.014275915815221406,0.030729146329072872,0.04058049717058513,0.02791228915239112,0.022491698361736225,0.023631704540923826,0.038263817552167394,0.015447418093764678,0.03414698762041747,0.03958650034928158
1009,0.03013109772603531,0.03280477105027575,0.03309663554604751,0.04500923791375434,0.025724633751428364,0.0401696581224816,0.04546492935112115,0.03582351787191837,0.031006591807235397,0.03231647321309772,0.05021911153432443,0.027805588402946394,0.04469746599862274,0.045348947393264866
1010,0.04144753948714743,0.04010028765996903,0.04554039690364428,0.04231184521151623,0.03382772725023929,0.045655471116911324,0.04568299098190618,0.048900770914209246,0.037305038850331956,0.04463695889918389,0.04654294035468901,0.036070240234151174,0.05040498844987447,0.04593827920713525
1011,0.059882651702333145,0.05477215084451964,0.0624995862936478,0.0491999675695405,0.050623655139797274,0.05764879588006224,0.061908786765533616,0.06895503212001321,0.054459215881575915,0.06223343015777971,0.05413987708997247,0.05350530646349005,0.06328734378376664,0.06309622299918324
1012,0.07711931422247853,0.05915881420148805,0.05576504250737115,0.0517871281862211,0.05107971205456354,0.05448683979779944,0.07567144793270413,0.08830651469452572,0.05977456990039753,0.05883710130744625,0.05751504100180501,0.05348609384563941,0.05925931902185007,0.07721056348924893
1013,0.09544822398460666,0.06920652798516495,0.0639059991006467,0.0608739713113964,0.05807344338240852,0.06421201720318072,0.08667784002588184,0.10906083023202862,0.0709016814747006,0.06797760440140428,0.06749563091261461,0.06024263358705644,0.06863325549684962,0.08796536315077155
1014,0.08954883982825153,0.06847247035310082,0.05274916387684325,0.05882941794728374,0.06272599594449298,0.07923469494834871,0.08452782764476596,0.10178989289342737,0.07043995609650656,0.053793443601656804,0.06547317685400604,0.0670313862138502,0.0836616821730674,0.08386785277820001
1015,0.09215634471698976,0.07214508994597599,0.061784741083653,0.06897146757867725,0.06938569170984031,0.09179741265277418,0.08948700043583614,0.10537881198910698,0.07439363223955502,0.062386352825665084,0.07688404239431888,0.07437772459090251,0.09501052289921269,0.08675936628966846
1016,0.09081194746286046,0.06946004519351572,0.08629233567319318,0.08598144068778106,0.07744913991991785,0.11142905073754922,0.08711581101398491,0.1073970510664143,0.06942960381893304,0.08347390906812895,0.09352857401142657,0.08147870358169075,0.11047435784368197,0.0803203458940147
1017,0.08511879605780125,0.06783054201549094,0.09010679522431407,0.08963450773590946,0.08118548778431366,0.11408863289474067,0.09170048348545108,0.10087668534625595,0.0677337834038511,0.08660376289382304,0.09765985731589481,0.08554818502165655,0.11330082250671637,0.08451793151161816
1018,0.07455527594177284,0.0700565116974045,0.06445407452628665,0.08884968812861999,0.07554745816996376,0.08696856042481889,0.08334776643183986,0.08687078798919357,0.07458414453136028,0.06545145620027562,0.10167663977130188,0.0809342480861148,0.09201273228413216,0.0812280574715093
1019,0.07155455764200858,0.0690487727372841,0.06370736490616616,0.09018941932144987,0.07566377768364607,0.07668973063216192,0.07919711862482486,0.08351339363849558,0.07376280631023421,0.06537318670890493,0.10481003378603945,0.08203400831314436,0.08238751209154571,0.07837829436629436
1020,0.06830323653908522,0.06677388237924141,0.07350026793527754,0.08141552905717539,0.062368156248918394,0.06726033446324071,0.088254197498933,0.08025379832374378,0.0689337777819355,0.07448200651629337,0.09531918482373858,0.06982058940089203,0.0737449312542524,0.09087900486997562
1021,0.07368941160224972,0.06496965505383083,0.07465515116388521,0.08022291187170125,0.05959082693968671,0.062121103118551665,0.08979705073176435,0.08538554261700863,0.06546058629289457,0.07560941163483297,0.09374242534499233,0.06653573192081799,0.0682395901342713,0.09306966455091728
1022,0.0616059286044662,0.049545854016695805,0.06638325088718752,0.07530850369788936,0.06615916493613891,0.05921471491871501,0.07875001774321737,0.07392244218115286,0.04584067711766715,0.06727180533297443,0.08752044668940613,0.07223202390895989,0.06247930505843284,0.0790930984276261
1023,0.05919661011817055,0.049059260971185084,0.06321077103657768,0.07208038714939484,0.0629783888322185,0.05998425636822586,0.07274822012887784,0.07250034816409212,0.0452855082527976,0.06395546082204719,0.08290196245522899,0.06831769643877889,0.0629254370185222,0.07215184483155192
1024,0.05753252861885737,0.050505959572925134,0.05233727004242636,0.060582977576350804,0.04885918049540941,0.060799159806289874,0.05932599182786413,0.07084333636901385,0.04800753521900008,0.05358317704299418,0.06825980453356792,0.052271405991803466,0.06413586917689988,0.057965045595374895
1025,0.06670908186440849,0.05684400762275754,0.05331126008992538,0.05513808314598202,0.04908078189480325,0.06273444676106098,0.05315294920367192,0.08059425283277036,0.056662460212358774,0.05491958075994975,0.0616136316348582,0.05240251347909503,0.06783684115697557,0.05205981348983316
1026,0.0645975056559799,0.054700991729273216,0.05031602175909424,0.04618334305986849,0.04345764526797098,0.06275972921673746,0.050835470742929975,0.07778629035080878,0.0543545417065444,0.0520046121640714,0.051107590537287785,0.04609333614789354,0.06805025142526278,0.04978015899536004
1027,0.05844915988128753,0.05082376318514404,0.055146605299371314,0.0354482875920539,0.0297906395085764,0.06337571307735229,0.04368247249685712,0.07088621816044993,0.04984530236888697,0.05655152986450828,0.038601619070787754,0.03178341951458048,0.06927356318216606,0.042829773024560695
1028,0.05360400290873975,0.05114484033157788,0.05239385117754429,0.033733804645530656,0.026629102709545337,0.06335376610918825,0.0424656306610865,0.063945628162094,0.050950006627234,0.053727614150280684,0.036682486596947554,0.028281483263714158,0.0691126150653321,0.0421176234888302
1029,0.05366572728579351,0.059589249928784165,0.054114853100920915,0.04803494453590562,0.0339609885608276,0.06691514841255086,0.05461200869892026,0.06098960242313462,0.06152499961904224,0.05563163063563322,0.05246773250889004,0.03539797915919812,0.07171868386828281,0.055473369521027376
1030,0.05358433746842957,0.05774322800752225,0.05488060557340931,0.05092225992131513,0.03417006043641613,0.06426906901054463,0.05509809255240626,0.06075922201163194,0.05968192474539925,0.05657698335302097,0.05611333394722137,0.03546888187441696,0.0683574835972311,0.05603800242124724
1031,0.05607411255888269,0.053004613099786935,0.05828091376495252,0.0572746647700098,0.03451293795990633,0.056714835246513995,0.054307455608441864,0.06354505530105184,0.05496376952114397,0.0597203397529253,0.06475752809651122,0.03604468913452816,0.05969912067023655,0.055027106403142595
1032,0.05732225464069656,0.04796743274795956,0.06339844481094498,0.058186887964764435,0.03502021621079597,0.05706813793916619,0.05529262431496376,0.06485383034903588,0.04932529630815098,0.06515044252138309,0.0664543219271847,0.03662475222127654,0.05989658651987881,0.055680245269467715
1033,0.05618201007398111,0.049638694824760965,0.06693261460390112,0.05419520427577252,0.04246504314255944,0.06500769600188795,0.0665278242737645,0.06501042810871098,0.050598320087838336,0.06898699307603696,0.06269241533120934,0.04434698028235859,0.06768656513448792,0.06472855201862898
1034,0.056149048384808234,0.05012608338189913,0.06789925725876873,0.05273167480361428,0.043532737707133715,0.06353223206283612,0.06532603490235925,0.06484472696872037,0.051841623295051445,0.07067067128384176,0.06068452204776148,0.045655038212933194,0.06699524870427585,0.06368848149386387
1035,0.06017222387731662,0.05194674403461486,0.07825824235817506,0.046450265143252456,0.04915440274159896,0.06639100837255033,0.06616830410860143,0.06782898947236828,0.05618349684583801,0.08357086960730038,0.05215806521663435,0.052024892253804154,0.07259341893202943,0.06642996063082088
1036,0.05854033579710988,0.051393727164962884,0.07462923006536153,0.04087284064128954,0.04821614839005857,0.06108547161044115,0.06456585706545763,0.0656146141467848,0.05498445846763397,0.0786446529643502,0.045119303326879315,0.051132915921433195,0.0674788761578567,0.06534761731948414
1037,0.057252360479242835,0.04465345685121861,0.06669995053974069,0.04273383382557289,0.04087051721724265,0.05109170915281852,0.05849670588846176,0.06379701361099775,0.045046531013874645,0.06770587520330264,0.04586937415638468,0.04336584934949571,0.057072710248441745,0.059793239943005574
1038,0.054453465992235155,0.04372958643244169,0.0608325367457619,0.041293434724930925,0.03515732710628489,0.045281438975172845,0.05390360236074817,0.061293128076140395,0.04380460414442413,0.061309443944117206,0.04410496476075366,0.03745956587601785,0.0507780818251014,0.055254510925647204
1039,0.05204493128490308,0.04652444144013039,0.053929090673456914,0.040389531028810786,0.03101737325622717,0.03296186593435772,0.04773752541675556,0.06026977876274458,0.04606393052237384,0.053169461901345305,0.04356952678138927,0.033179476931196494,0.03638583199664638,0.04845740895208908
1040,0.046307843613816506,0.04324902895685756,0.051630564090635364,0.03798784478927343,0.02973823561932168,0.02907109030332357,0.043711111872209725,0.05454405153719533,0.0425041213236365,0.05072389103760331,0.041162377097393024,0.031800056420821024,0.03210965651706862,0.04444363976603011
1041,0.03370612263706486,0.033091587175167664,0.04850076708819021,0.02914739927702781,0.026285962366917034,0.02628437830740184,0.0388251417444436,0.0415372736207077,0.032187316432608075,0.04929650077848633,0.03196822673841804,0.028223904807210824,0.029422289910723383,0.039814852873357655
1042,0.030952772988686296,0.029464442995099326,0.047763681109558725,0.027602774780669886,0.024165458572597658,0.02686665037108386,0.037302472926400404,0.038518112208748755,0.028634476295864894,0.04888166824760526,0.030475325429426613,0.025961687527463598,0.030126710045737474,0.038289194791729195
1043,0.027293907307463734,0.024503020829329435,0.04338501098288254,0.026128373151243615,0.01991682050762951,0.03070159302315026,0.032816477616205236,0.0336486513087848,0.02389718980090284,0.04442450357055413,0.029001811157841412,0.021313196249935697,0.03453199594289787,0.03349730346510476
1044,0.027628508330972572,0.021850799916981457,0.03952017054054148,0.02641655612986123,0.019008381151220465,0.03175034034452654,0.03223919325849974,0.03331691529748309,0.021535784614999724,0.040349808766693536,0.029309538304597815,0.020286524415649432,0.03562104613070825,0.032777126382772526
1045,0.03544878467290633,0.016610990928849694,0.034977459697750596,0.027404777865534226,0.018418565900148565,0.032398523038994174,0.03153837113188886,0.04108704742930728,0.016927026629206594,0.03493267265006882,0.03006261255149546,0.01965762185979204,0.035910076958862176,0.031800927668694655
1046,0.03582173083454827,0.015329723818900548,0.032949890798532604,0.027673859264026157,0.018458999272280754,0.031028537298941693,0.030793580285212032,0.041208845964481766,0.015348241458189764,0.032749534418346514,0.030345044839051018,0.019657800443641536,0.034124703123554936,0.03085748100086005
1047,0.030219373982196953,0.01806164121259194,0.030511868278163542,0.025081024858673518,0.01680691878530739,0.024585556898034808,0.029454985507064213,0.03494117293807419,0.01754204271006096,0.030270173491023376,0.027659963712355504,0.01785107191814984,0.026776216993272473,0.02923826430290272
1048,0.02558327529577272,0.019911142324130656,0.027262192210972924,0.025595098783158677,0.015483399177366998,0.022490277128216163,0.028836459766524176,0.029877349156057532,0.019091431288571194,0.027239474013612947,0.028207439252739046,0.01639611706181365,0.024343407185789215,0.02841793726914978
1049,0.02203475427030594,0.019333320388851327,0.022809726254988262,0.023147388109051783,0.013445071218918197,0.020096330669782583,0.024703256506154,0.025836026042747685,0.01824374399230672,0.02279040160024421,0.025481613183491274,0.014163908067715765,0.021751386274037422,0.024222127728484272
1050,0.019559417230480332,0.02067219721184642,0.01834252424436123,0.019111404373408615,0.013501940786491392,0.01822760364766616,0.019025555086660043,0.022995502255553402,0.019403152217105007,0.018367585285563506,0.020985572523913806,0.0141572522676638,0.01982010884432381,0.018501717845274043
1051,0.019652971871362966,0.019694740270226743,0.0161744977210123,0.01696534669272833,0.012654518168633881,0.017228573067026017,0.018442991798357924,0.022940472740676083,0.018333007859102853,0.016287226511825993,0.018613454975242954,0.013220878223576506,0.018716000654803177,0.017988534117116213
1052,0.022594843583749698,0.01771917275458817,0.015927424629367408,0.015564242632223326,0.010705093740918511,0.017879917929024144,0.01953974502760029,0.025966179164973992,0.01647792405048516,0.01617257406234816,0.017031038216001517,0.011063746419070168,0.019404756606641854,0.019351855242241926
1053,0.020997106293631974,0.016994188540937427,0.01483707481320789,0.01411128278951883,0.010453819049164441,0.016387344040873955,0.017710298745634605,0.024150755375129868,0.015652373744026993,0.015199972052315705,0.015470732586429012,0.01083441852907196,0.017809808648157194,0.01751556114838442
1054,0.016988473299676107,0.017322770570082892,0.014873402199519657,0.013769337750601993,0.01255446226407907,0.016684543909913484,0.018834022414800186,0.019929360380316504,0.016033739957989106,0.015485148768356556,0.015245482734501983,0.01318707189779862,0.01813997137131384,0.018594663240076664
1055,0.014354602782999564,0.015469767713004923,0.013745251896976209,0.013415848261465229,0.012161043561358158,0.01552717017471267,0.018729172152869705,0.01700668102608053,0.01398606532599144,0.01436303202616168,0.01483211580314893,0.012818654307823986,0.016912734541070583,0.018496094633597564
1056,0.01160057882417013,0.012505999263815569,0.01437357288757713,0.014899875239784494,0.01219301245170731,0.013906072422777305,0.01906978810385945,0.014114343833323308,0.010433864147686472,0.01490849911305039,0.016411657048371733,0.01292789714450661,0.015212987221320499,0.01891322702125256
1057,0.010030219745766157,0.011501889793933956,0.013006065137924634,0.014657785991711277,0.010839707773487663,0.012916367553812307,0.017978836873462706,0.012260800341727602,0.009270295875419427,0.013458016717239583,0.016089640337906153,0.011482819358817384,0.014146405904640159,0.017775513244333095
1058,0.010726733280322153,0.011155089389197908,0.011324875700619522,0.015527906141167263,0.009333537755969103,0.012417825366328277,0.016199980105651043,0.01244840645984407,0.009050188297558588,0.011575199985768841,0.01697823844101119,0.009841343748900354,0.013604162982748797,0.015893564443917686
1059,0.01008550979636425,0.010414408634202647,0.009890876516849589,0.01426564891869876,0.007844698220392273,0.011660983075640174,0.014797569654856214,0.01169420262176046,0.008352222130166953,0.010058622036296093,0.015558934972889892,0.008224376582421677,0.012782143089072537,0.01442898530474874
1060,0.009329446078712321,0.010432435640469926,0.008121959197609649,0.011512940739814742,0.005953996136468126,0.010760568700433043,0.012957324197814604,0.010879175982760838,0.008545866492971257,0.008240402164135838,0.012507985933018008,0.006162300786982443,0.011797229942858981,0.012523914514891318
1061,0.009204167136128776,0.010278367787152897,0.007592804896631774,0.010761964432567982,0.0051193045271103865,0.01034940438547441,0.01249377763613813,0.010748234764188383,0.008461734872237314,0.00764595090069968,0.011697892049708503,0.0052306513031806145,0.01135077215463592,0.01203530007559023
1062,0.009068584492297312,0.010411153666020604,0.007515617512725761,0.01023861803942783,0.004564292191034705,0.010052584420281169,0.012618889501922867,0.010770251525046093,0.00887860836841447,0.007539255987136047,0.011169490919265338,0.004585726831036028,0.011030036140715628,0.012159132225016231
1063,0.008954801515921032,0.01027865753813845,0.00719025778599857,0.010029683362460098,0.004749748904041129,0.009755184938290792,0.01241760944659751,0.010663166754855789,0.008832261121277264,0.007173987498552275,0.010944678411402222,0.00476315951239985,0.010702076721850933,0.011952157313390938
1064,0.009268644629018564,0.009916290775738511,0.007067527562232031,0.01068613646064842,0.00556269519247396,0.009590824043472529,0.012190878129669092,0.01093972233612118,0.008375197728871594,0.006948820690274186,0.011658811407505382,0.005620194590868141,0.010519124845151715,0.011697103793441535
1065,0.00918538033573097,0.009651373299192268,0.006673380058934315,0.010696892490582982,0.005611388816917094,0.00932374838243864,0.012127461622013046,0.010804290199070983,0.008108805777449359,0.006548664528522362,0.01167120371811598,0.005677709255352906,0.010222117120593871,0.01163309043590195
1066,0.008873295681668836,0.009086833030903928,0.00558156024021413,0.010337575317092396,0.005595756586648609,0.008751014314365528,0.012227124458956858,0.010384762701084392,0.007500498108665395,0.005531930945079311,0.011275594615801122,0.005683168717058648,0.009597585150862056,0.011756693907220886
1067,0.008604468196533082,0.008896869610066376,0.005220312669828668,0.010011968260315026,0.005299259428956428,0.008518470020321228,0.01194572543775312,0.010076943215518318,0.007336867824315409,0.005186893772403223,0.010919610631934942,0.0053733264040212335,0.009340433874424332,0.011486177247833988
1068,0.008105292910245955,0.008791275965331618,0.0051502371964084704,0.009356571409101112,0.0043658505618712675,0.008498580569805899,0.011468378077500226,0.00958426133259597,0.007295620490910955,0.005173614354203585,0.010218256475606056,0.004395200438019195,0.009317055492358419,0.011031973231209767
1069,0.007730008226860373,0.00881255786535617,0.004995009067523935,0.009051242695561231,0.004076877492447594,0.008345228329620702,0.011310173784869666,0.009165622207853243,0.0073519308604681095,0.005023659376520899,0.00988917179052572,0.0040945087650250955,0.009149235002088866,0.010888312612969268
1070,0.007255954132806527,0.009274379165551183,0.005011848868975696,0.008762180023407574,0.003854441784488011,0.008151670076578991,0.011172367701366476,0.008667840508304672,0.00784259987576928,0.004953698866535167,0.009567986892251785,0.003833747983519804,0.00893194554006356,0.010748716654193155
1071,0.007076373373687399,0.009221455072539542,0.005005809172974759,0.00854852585269128,0.003763796285242617,0.008033391431324066,0.010843208477465735,0.008440736439543772,0.007815963137523845,0.0049274748056750955,0.009331734538137376,0.003735645936549159,0.008800771485238624,0.01042333569656515
1072,0.0070469250966930415,0.00882490191588159,0.004929057479904262,0.00831928114455711,0.0038267120167112087,0.007953663412178286,0.010608039990013446,0.008315434062000143,0.0074273488785376336,0.004867964316479004,0.009079457300796083,0.0038093817463508606,0.008714365340418688,0.010192297482603875
1073,0.006870481286011559,0.008611642257671652,0.004836952454261395,0.008429928412426714,0.004007448197771772,0.007645360607785884,0.010395460531676082,0.008059697437914721,0.007196688984237611,0.004763767217921115,0.00919679425903969,0.004010293413085198,0.008378656099860611,0.009985780604936934
1074,0.006792638101185422,0.008478598844150656,0.004670879765225887,0.008447257978459568,0.003960306269762943,0.0075394019819366755,0.010121427533980857,0.007949228326502411,0.007075589215831459,0.004610737652471172,0.009212673044925615,0.0039637006201401126,0.008267159426147938,0.009712397014449071
1075,0.006898421984307221,0.00820827777504427,0.004416335752591165,0.008496235594060842,0.003785071366163698,0.007630774450301855,0.009602764580687673,0.0080412088336313,0.0068339761259134605,0.004389306724146528,0.00926419833157327,0.003786843808869758,0.008373863753811429,0.009196564931055303
1076,0.006874657807651385,0.008081058562428285,0.00433470690692532,0.0085059636204202,0.003809238336618988,0.007443694935501405,0.009517303332586241,0.008010056639571902,0.0067042192995249725,0.004320966563663957,0.00926946909486054,0.003809577270108909,0.008171870411035962,0.009113554233641002
1077,0.006772503015850074,0.00819285016785219,0.004219091339428621,0.008683938181278125,0.003895524942157668,0.007103644787481213,0.009700170764419019,0.007933728799094437,0.006816501847795753,0.004218224285553337,0.009453872406319773,0.0038922129688985763,0.007802968562601051,0.009296113379130992
1078,0.006737015177660311,0.008102358128871104,0.0041486772820126475,0.008581024429789627,0.003916030163751419,0.007040509169434102,0.009651796209160918,0.007875925893818289,0.006729428789500552,0.004150948461850559,0.00933855751309172,0.003910128153936671,0.0077354058526459425,0.009248358020037928
1079,0.006787576529866453,0.007876196587084642,0.004187224520769773,0.008246140818055102,0.004038350425061718,0.0069431137619947025,0.00960835339422248,0.00787278794902876,0.006492563420824678,0.0041827979852825945,0.008967484384997242,0.00403203632457788,0.007624211580764363,0.00920382949236768
1080,0.006716322582743861,0.007747484308338757,0.004130623453195688,0.008124594341058021,0.004038025579858526,0.006918523489103248,0.009628676013645377,0.0077878375963592785,0.00636079060982574,0.004122573944706458,0.008832781109011034,0.004028856654047595,0.007598362292134164,0.009228911442715648
1081,0.006542853686782866,0.0076517779390353575,0.004017144503107798,0.00801643921581845,0.003945634492066814,0.007147840582913443,0.009633178700372301,0.007592558558091156,0.0062816761834488975,0.004003848331270472,0.00871440040471112,0.003929905850066949,0.007852885798445564,0.009242459782294828
1082,0.006457551183422261,0.007546579016724918,0.004000126010453796,0.007945716209699938,0.003916354261387924,0.00714167316796897,0.009602135596964592,0.007498184272463333,0.006174231150016767,0.003977185806005456,0.008640547476097538,0.0039012425571038046,0.007847559507749671,0.009212555817159596
1083,0.006310765569229482,0.007388552407598281,0.004087765789841032,0.00793418048191156,0.003940925742260553,0.006940580618744961,0.009603195889549842,0.007377334356921445,0.005991836839349299,0.004048022965265737,0.008630233076601473,0.003930093731986744,0.007625667088128227,0.009211769259045923
1084,0.006301159001658224,0.007326207175629483,0.004098716624067558,0.007966823761299324,0.0038738851466378265,0.006906043438466922,0.009643755073612,0.007368219947371475,0.0059191597645149065,0.00404901664159508,0.008667712680534819,0.0038642402824409644,0.007587587363248685,0.009249132804966885
1085,0.006503131623583263,0.0073259519052950375,0.004136765507881063,0.00810626373793931,0.0037325191908056977,0.006917381525616485,0.009639831770024598,0.007548991692288593,0.005890850549655027,0.004077090392142385,0.00882818848626249,0.0037301782069440676,0.007601097917018897,0.009233278871332698
1086,0.006461643859255438,0.007281036102302727,0.004118216442434826,0.008077508167877749,0.003693492090502534,0.006889497493829679,0.00961667643118799,0.007499879959486729,0.005850292375161911,0.004047458856245427,0.008796872225999765,0.0036933030726314098,0.007567791708685604,0.009203778475257721
1087,0.006312736301835302,0.007238647544035231,0.004005732172734399,0.007961282077650757,0.0035412924476729956,0.006946822288818749,0.009699403105315578,0.007353856206571611,0.005841551618115701,0.003941027995772179,0.008670471809744873,0.0035336100627825695,0.007632522241864494,0.00929271882398693
1088,0.00625408509563996,0.007255088569745218,0.003931171393236855,0.007941755218334104,0.0035542330700559224,0.006912471811258198,0.009688019192249264,0.007292600844561371,0.005881956610064926,0.003848905330015525,0.00864591488410368,0.0035475990004254503,0.007590948722245135,0.009277087247135609
1089,0.006062589829163253,0.007280801789125949,0.0038826348022945553,0.007868518028227519,0.003827844690729631,0.0067715298056606095,0.009558781492439883,0.0071112004456104164,0.005949446736841066,0.003766238991635733,0.008565759874731385,0.00383530220574413,0.007432560118067821,0.009146415054213888
1090,0.006020375812194695,0.0072913214464756055,0.003832416880146544,0.007787250194538502,0.0038945906973678096,0.006707349671022289,0.00944495365711163,0.007063912741340365,0.005990602691440904,0.0036923665299010205,0.008474901230712277,0.0039037544319185428,0.0073600220140279705,0.009028641084324569
1091,0.0061637502705656705,0.0074273922462840805,0.0037981150812058987,0.0077537925186018306,0.003898883638733379,0.0066428288783283405,0.009301944996001817,0.007197182113990098,0.006157806537277607,0.003607720201129147,0.00843791536267528,0.003906556920900533,0.00729126453512992,0.008882217140843059
1092,0.006187434667117649,0.007425185377001081,0.00375990115685432,0.007796250496871311,0.003891412610088636,0.006603548961916194,0.009225268100870007,0.007213567353627207,0.006185359021304335,0.0035684713070783095,0.008486118801775558,0.0038982491312844598,0.007249778288277179,0.008805890552459563
1093,0.006126139550732662,0.00726461599991712,0.003674819843083745,0.007796020134671442,0.0037470752781186105,0.006579532427828875,0.00910972211207338,0.007126869236033494,0.006049672783512435,0.0035296655234686404,0.008489553732501303,0.0037418850207136868,0.007224882651560411,0.008694184350966404
1094,0.006141792711673391,0.007204293019273779,0.003659409026952014,0.0078069065626052295,0.0036894051472675373,0.006592231923114415,0.00906957208746906,0.007138887192653204,0.006007908152329025,0.0035263983797879394,0.008501309845987983,0.0036788278862200548,0.007239738340807573,0.008652309228870609
1095,0.006197333915210421,0.007128329788853038,0.003629765696432109,0.007884551048818165,0.0036749411231037318,0.006654210647560884,0.00912950916374594,0.007205506709337794,0.0059497968301477945,0.0035153587496643017,0.008582476539956307,0.0036629969571189973,0.007307801585956013,0.008708190105130758
1096,0.006218968946699057,0.007104179095023391,0.0036228011611635575,0.007968783574234995,0.003663121712944724,0.00666575002097246,0.009151095105633323,0.007230570070818706,0.00593618168472413,0.003517764861633138,0.008673013785986727,0.003648919070680661,0.007319292400700493,0.008724008102530439
1097,0.006276988527619416,0.007179467436474448,0.003687108012543304,0.008073833833738539,0.003612383031174497,0.00665849790110922,0.009181677045303763,0.00730270287060922,0.006011287450701997,0.003569615021202461,0.008787713088490514,0.0035970906217382276,0.007310759779639331,0.00874329594179645
1098,0.006297690738488993,0.007174492601646449,0.003713017835650332,0.008084293024024716,0.0036553149904808343,0.006667841575342935,0.009191725958551064,0.007330175254993372,0.006005098551712272,0.0035876140832411915,0.008799475085842985,0.003641436970982493,0.007322165648118105,0.008750182154816667
1099,0.006290028000598577,0.007137606240679959,0.0036864602559530607,0.008090897901992446,0.0038163401950167875,0.006696782031407372,0.009205684429351792,0.007329311906472217,0.00595564757008154,0.003556800547326364,0.008807715829679754,0.0038074779346951777,0.007354580488224004,0.008765042983720023
1100,0.006236222570393296,0.007085080836221778,0.003685000215749596,0.008071227749009494,0.003861656408715347,0.006646654435032801,0.009190910353267726,0.007263123078603179,0.005901808447953622,0.0035504294084757956,0.00878784163682417,0.003853331702677244,0.007298480381084896,0.008746460405933087
1101,0.006228488384321165,0.007087676469208942,0.003633930179848399,0.008063996098521537,0.0038961563537886,0.006615244818319142,0.009148139379388591,0.007252980304482833,0.0058987040468241455,0.003491826934862101,0.008775773880745687,0.0038878033192931974,0.007263767688458385,0.008704095235984418
1102,0.006244849546461079,0.007079379075048326,0.0035538725776793787,0.00800143949078816,0.003965605793257016,0.006594313709450151,0.00907979683792764,0.007272644021895443,0.005881065366121533,0.003398705171237523,0.008698882931880878,0.003957852440940868,0.007240741603376573,0.008641506734992503
1103,0.006225018918031511,0.0070905917395348616,0.0035321015570084296,0.007977556722862097,0.003955383243874671,0.0065747379779486585,0.009055276910130007,0.007238891756564325,0.005891306538168448,0.0033697092678867968,0.008668367885541844,0.0039468323368152675,0.007218140204849256,0.008611730991580155
1104,0.006192291617316688,0.00714763199530979,0.003507919627797019,0.008005962206209473,0.0038666164251636775,0.006527797548137721,0.009014583542181693,0.007183671172928837,0.005952022855999802,0.003343043956875872,0.008695088415689237,0.00385610144255049,0.007166508297783442,0.008563814734127902
1105,0.006195479398214348,0.007164364973752558,0.0035129334310126975,0.007983158928024443,0.00385736116650575,0.006516504440617559,0.009015251809557473,0.007179826880659289,0.005972502649525802,0.0033404690149348494,0.00866932469106253,0.003847055774795374,0.007153908254009516,0.008560362362637339
1106,0.006189297532618765,0.0071614549167968574,0.0035528075223455456,0.007894140558880583,0.0038682656432290534,0.00653490928869072,0.009039865080397873,0.007157248908181863,0.005975124656789437,0.003368521634344186,0.008572723262089904,0.0038594129600144265,0.007171758973897296,0.008574466214028697
1107,0.0062093712110436895,0.007165797441081728,0.003597255266921956,0.007899419144944539,0.0038726370108373887,0.006533784231922131,0.009078854697001556,0.007177739375518056,0.005984963543880267,0.0034101077087496075,0.008577254732269422,0.0038616889999615917,0.007169613176730335,0.008609166081943223
1108,0.006276405147727095,0.007163842277890176,0.003656325709013522,0.007946770485016718,0.0038956761417469534,0.00651740434385418,0.009146658132242474,0.0072644209992606115,0.005995470226297059,0.003465931697966761,0.008630338059451579,0.00388185075227098,0.007153095978036946,0.008680350245719911
1109,0.006293002481178627,0.007184139284410528,0.003698047161438101,0.00797115773874181,0.003899318631031148,0.006526502246140895,0.0091890054642802,0.00728704760289397,0.006014845608112241,0.003510225377339563,0.008653750252645493,0.003881673846854206,0.0071613488210461275,0.00871813620827499
1110,0.006294974782271585,0.007239280260341627,0.003769691265241568,0.008052634611949602,0.0039035056421305296,0.00655630270899777,0.009267706411811169,0.007296626833637889,0.006072405224948709,0.0035963030127851505,0.008739194889103878,0.003878853961754553,0.007193219124664981,0.00879132900993183
1111,0.0063065851820574845,0.007237139256353606,0.003796786363030203,0.008062354037845582,0.003889824376738803,0.006570855363264868,0.009293854956120274,0.007315613729870307,0.006057171479817422,0.0036271973872993154,0.00874604387707048,0.0038605058736799406,0.007208270948037518,0.008812481831805715
1112,0.0063065072367347276,0.007216971232018974,0.0037854108868013154,0.008022172033935517,0.003843692386118298,0.006590575306277956,0.009254651361290174,0.007329903665772457,0.00600232696624939,0.0036151968492280253,0.00870031657068507,0.003813848526123545,0.007231633007611536,0.008769480957654025
1113,0.00630849882222107,0.007209835902571674,0.0037892199229918704,0.007999896946952868,0.003840578663458699,0.006618477171754617,0.009284028260084981,0.007332850537897038,0.005973935560516166,0.0036262010741717377,0.008671396954749833,0.0038064709780750413,0.007260278749675881,0.008792470342894343
1114,0.006329015320079098,0.007142329960278256,0.0037788262875134916,0.007922682275803394,0.00385676768935439,0.006650224998809227,0.009311531718914919,0.00735063176708015,0.005874773572782025,0.0036283547937064624,0.00858353626059833,0.003818787686169531,0.00729410968709045,0.008815764697889212
1115,0.006323146952815423,0.007127718921336694,0.0037795981515165956,0.007905073661730683,0.0038502878210834256,0.0066723376046434165,0.00937262110210976,0.007343483264853483,0.005849886009398913,0.0036386981459472084,0.008564854239135182,0.003809708604177793,0.0073199688910711306,0.008875107246899628
1116,0.006263971624485767,0.007177836712839347,0.003780373222055182,0.00792035127185534,0.003846747783345991,0.006683585702048185,0.00952341051538899,0.007259219785678383,0.005924569395552517,0.003661631923759091,0.008584495554677628,0.0038014761301814813,0.007333834687879616,0.00902574164855925
1117,0.006268468313277527,0.007208164678447463,0.0038051288765468547,0.007956626075537173,0.0038729525887796204,0.0067285414136124475,0.009638112621188409,0.007266284605491486,0.005948896069747646,0.0036948099487618055,0.008623708429550027,0.003823226687488885,0.007382932670716761,0.00913454535411998
1118,0.00628269394383982,0.007209518422070847,0.0038627410925760057,0.008055013451453262,0.003892739887395049,0.006769903685252058,0.009771390955780737,0.007309339075824445,0.005930916618122062,0.0037446589349633755,0.008730747198320262,0.003839241960898235,0.0074273170063963705,0.009257617791406497
1119,0.006331068272472751,0.007273551134621376,0.0038922935433232508,0.008131658721968502,0.0039048287466245347,0.006834500382212574,0.009862656739557732,0.007372541879568495,0.005985525149142264,0.003768856703133471,0.008813795859144328,0.0038460670861473487,0.007498269880866646,0.009341020332279147
1120,0.006472857146195403,0.0073787526157965,0.003923514164255484,0.008175612468303143,0.003941618833308012,0.006942809511946714,0.009885706552873718,0.007539525561434924,0.006059155158604919,0.003793245582184764,0.008858344584439919,0.0038746904095041715,0.007616672695889069,0.009357241320087329
1121,0.0065518650777121904,0.007473897733557893,0.003951327396086974,0.008275973245368943,0.003987227717785215,0.007044100599506904,0.009952003403657247,0.007636132727021302,0.0061444595693334126,0.003807520836634057,0.008964579768417559,0.003915080954970237,0.0077260168153167235,0.009410958764422555
1122,0.006600256179588307,0.007593871646900794,0.0038904940025895987,0.008409412965073665,0.003984596622429841,0.007165800190539365,0.009972633413875344,0.007683925081640886,0.006292722830256468,0.0037193584553803154,0.009106442168405482,0.003909493958253762,0.007857263222605793,0.009417272429841868
1123,0.006656607895357661,0.007707763964834007,0.0039391105480608085,0.00851920266395067,0.004031294192233079,0.007238770921398034,0.010041706690522179,0.007747199973479645,0.006406187316328218,0.0037542022265205956,0.009223449256730997,0.003953451834427755,0.007936409397763617,0.009474661837765097
1124,0.006671860814787278,0.007802880074463965,0.004070067357413066,0.008661415406259395,0.0041545950193752,0.007295081256071719,0.01017359456207754,0.0077674549030877955,0.006486179423006444,0.0038719329767341916,0.009373187460609127,0.004074459651083842,0.00799436255185598,0.009588672353838923
1125,0.006711138851531439,0.007896845563358018,0.004161812381338563,0.008759648082324406,0.004221514442766228,0.00733294089232113,0.010272608630094819,0.007819914279284653,0.006573936580982191,0.003957761536722686,0.009478744811704845,0.004139129028552241,0.008035446419581583,0.009676428829101672
1126,0.00675762008433961,0.008026694138416737,0.00429879453572055,0.008772529738187984,0.004284350322764574,0.00729094454783945,0.010350953530701064,0.00788780145153808,0.006692794095508087,0.004099717710716592,0.00949186753705935,0.0041984298395929135,0.007990191688286649,0.009748388761935256
1127,0.0068149937542750574,0.008100999250072575,0.004392051408372192,0.00884555792506838,0.004319850095402813,0.007302522035018017,0.010440378517446476,0.00795790401894869,0.006755309724088489,0.004197516590272845,0.00957254503958056,0.0042329204170172595,0.008005716621196977,0.009833146008849806
1128,0.006879222710903057,0.008138374758294526,0.0044248595670651255,0.00892386657368283,0.004295557098172156,0.007336206664265401,0.010539652152455966,0.008020118475531848,0.006790464680344082,0.0042384258520099735,0.009655651319513174,0.004208878528396604,0.008043184425078174,0.009923128388455627
1129,0.006959020945092903,0.008153440737363068,0.0044641944177787425,0.009039163025133789,0.004298770089502491,0.007352989264984752,0.01059916280609029,0.008118658293406005,0.006782663765264221,0.004280094721858565,0.009779421969918375,0.004208729665193138,0.008062059130737445,0.009976228250518969
1130,0.00700522803332493,0.008202149414640364,0.004537398942685697,0.009134430679322748,0.004317106965368632,0.007450999670967897,0.010707495509400354,0.008174584224483963,0.006818132314754134,0.004349195180621016,0.009882789861825416,0.0042252058890243915,0.008169444927276337,0.010077317588647109
1131,0.007033078522845736,0.008231245339597364,0.0046310924638045285,0.009264534964039008,0.004328694600233254,0.007609980724831311,0.010844574153647592,0.008201500692677433,0.006825656342919687,0.004435960628472989,0.01002240563229236,0.004234453100437907,0.008341991736537937,0.010206249750856398
1132,0.007113149968797994,0.00829013947202082,0.004686683885386737,0.009339457210796395,0.004378007977279443,0.007702328171894968,0.010948664532002592,0.008293062392293929,0.006871390328659572,0.0044853233974365345,0.010102324906430513,0.004280854755577126,0.008441598562780725,0.01030041661771381
1133,0.0071919040053745106,0.008381233185031554,0.004764166060315882,0.009373735326033557,0.004461588788749812,0.00781378270178922,0.0110451028058527,0.008388475605474129,0.006958071294294416,0.004550851140748705,0.010140429162305484,0.004360059749156861,0.008561731944698626,0.010386986745761847
1134,0.007273567944727247,0.008446166347739984,0.004796643393135369,0.00943964801189764,0.00451438655772491,0.007895389195869795,0.011156924627986316,0.00849016707488499,0.00700828248985674,0.0045751471646843485,0.01020878147312413,0.004411567943704404,0.008649151426534153,0.01048809748145741
1135,0.007393232080920402,0.008490809151719065,0.004772128747851554,0.009483278735860396,0.004565613607197068,0.007914828831108054,0.011245426164803092,0.008643731202285275,0.00704102663959298,0.004550723065544657,0.010256618915648047,0.004465211817739764,0.008673025548045464,0.01057066292542759
1136,0.007471125957538087,0.00855901302548649,0.004802187220105931,0.009576923157597493,0.004618813363961035,0.007997343256389712,0.01136279549299787,0.008732103441816632,0.007092963158227853,0.004570852131315523,0.010357995745482578,0.004519791234850274,0.008764926340279477,0.010681531305849017
1137,0.007512055823290729,0.00863026518726128,0.004841251297653546,0.009696056083428994,0.004660150502166312,0.008114684458890712,0.011511125206549642,0.008774841971232782,0.007140311227825872,0.0045992234459583175,0.01048391212495538,0.004564046638152607,0.00889313011915077,0.01082177042387886
1138,0.007585214700236112,0.008708578565008986,0.004890775826716045,0.009801506315714657,0.004718139921258111,0.00819696742619473,0.011620061918864045,0.008857813197750478,0.00720524193469575,0.0046290677514652856,0.010596844272180776,0.004623031466662759,0.008983675165633757,0.010923381263029474
1139,0.007670810752464664,0.008789007170522091,0.0049565297489540345,0.009918239042329325,0.0047877676963611815,0.008271879297234967,0.011725126874461662,0.008941280440389679,0.0072753738252443,0.004660481544070406,0.010722810272762714,0.00469325251800726,0.009066100375856215,0.01102155058766772
1140,0.007738001445491422,0.00887839038961078,0.005014003389041025,0.010028247674565513,0.004848373991878976,0.008348415173191522,0.011804913867578834,0.00901752663227795,0.007352807196061021,0.004708621184500235,0.010839709124219426,0.0047539586939953525,0.009150063903523275,0.011093430024240312
1141,0.007795120515042847,0.008987972207638723,0.0050703943110107196,0.010119942391828637,0.004908888560807935,0.008412283233603973,0.011839111498128206,0.009101744467264146,0.007460293761265506,0.00476306148947273,0.010940092327717643,0.0048156547986351345,0.009222927265561807,0.011122773350647569
1142,0.007862971715901017,0.00905517724465295,0.005131121259855401,0.010229606726374674,0.004959312110228932,0.008478594122141222,0.01192645321623368,0.00917995654587812,0.0075150281605743515,0.004819533751700934,0.011057679460935627,0.004866532877416169,0.009297257539860685,0.01120515487330805
1143,0.007926256929895159,0.009110210178205264,0.005198448570716857,0.01037827107104245,0.0050030626518403065,0.008547224954416049,0.012027787100332536,0.009244300452322609,0.007550572789237648,0.0048970173272120795,0.011215354386956351,0.004908924124374636,0.00937387880699654,0.011300905503224752
1144,0.007994506561482076,0.00916774051452013,0.005253591607547961,0.010461370438992864,0.005052029327915544,0.008619421219426486,0.012118661648980964,0.009318795725472086,0.007592378528672407,0.004948877852650491,0.011302683034207723,0.004959278145098787,0.009453062934742058,0.011385823579264064
1145,0.008077294377911602,0.009199689415370043,0.0053074013691068464,0.010515253801146856,0.0051029873934905585,0.008691677845114126,0.012237794875112597,0.009405819680485617,0.007608114716591555,0.00499050717203034,0.011359921873431557,0.005013096497485668,0.009532485046501242,0.011501930063850375
1146,0.008149323709086677,0.00925139628323666,0.005358642276176684,0.010584169000928898,0.005146539240136709,0.008761167712602012,0.01233100552277243,0.009486013666198046,0.007644143804506274,0.005032123091243271,0.011432106951232451,0.0050582717918634,0.009609108982374593,0.011589104495696357
1147,0.008214760813926442,0.009323528049920456,0.005401227792536301,0.01062396122260414,0.005192619835487133,0.00882869446370245,0.01239947153046489,0.009565145938704524,0.007702176520812303,0.005061380171377364,0.01147165845759847,0.005107246144867496,0.009682735786280174,0.011648091829520271
1148,0.008286436698911548,0.00938509848247916,0.005451070160673242,0.01068527867361405,0.005234808659842661,0.008913763307051945,0.012484804810950653,0.009647766120574644,0.007748647225868377,0.005105045389644244,0.011538027910528202,0.0051514948295180735,0.009778165999536653,0.011729068881479171
1149,0.008365886320011907,0.009425997541531315,0.005511340379259237,0.01077471962532106,0.005271410553571837,0.009004313754290377,0.012571084164874471,0.00973629303496744,0.00777082026226378,0.00515922187321946,0.011634441393972997,0.005187723549996389,0.009880263081418737,0.011811156048191157
1150,0.00843959437898518,0.009504216858925014,0.005562759337794457,0.010852489443201354,0.005306891993427175,0.00909846529249293,0.012670529860309554,0.009819565740524379,0.007832251807673945,0.005206055748764612,0.011716920937264326,0.005223297004411039,0.00998449156361651,0.011904272750103723
1151,0.00851821006885063,0.009616816745246374,0.005618509921855834,0.010939469872308044,0.005347646148547304,0.009230799908945972,0.012779479464532468,0.009948571821713367,0.007967218177919635,0.0052801074522949324,0.011860866621653594,0.0052825246194929,0.010178925369695857,0.012068154698841782
1152,0.008595972736438457,0.0097068587387536,0.005674795592191977,0.011010316195639594,0.005386731038952998,0.00932752090449304,0.012895319306062674,0.010006266686557517,0.008014476369477235,0.0053159446296100425,0.011898636919978806,0.005305259340991299,0.010253025156546296,0.012139295696326276
1153,0.008674656678718327,0.009811868588222613,0.005727137170569295,0.011051175174931982,0.005414967538830538,0.009399255787624296,0.013038967599127028,0.01010139932687761,0.00810248307991359,0.005362306595827317,0.011940895979362258,0.005333694648208691,0.010331020502853358,0.012274644042081359
1154,0.00875393145716068,0.009907400389210215,0.005792841715341543,0.011142639415623653,0.0054646649872995175,0.009484042619865784,0.013158706422548232,0.010194561159536436,0.008179454255711758,0.005418962785072862,0.012036678274797374,0.0053832916022441175,0.010422433910754661,0.012384978219500568
1155,0.008835740620602533,0.009965187607105987,0.005879186693856688,0.011258401613598286,0.005545787716269052,0.009558938684051978,0.013266753206135138,0.010302634776714718,0.008222763761594214,0.005497936197535155,0.012169735759327699,0.005469881548296313,0.010512102142727749,0.01249521490775611
1156,0.008918048449508503,0.010055441537254066,0.005953485750929671,0.01136692024960929,0.005601309478368815,0.00963975721848522,0.013378106589854097,0.010411552065777534,0.008304387897604086,0.005565350382521902,0.012299283784756634,0.005531746650889781,0.010611575183220062,0.012612264389130897
1157,0.009002457100749348,0.010183196863822625,0.006025407718471595,0.011523888544439101,0.005654720848142585,0.009722597017919119,0.01348024952769833,0.010499739604326559,0.008409386446445052,0.005610816134554525,0.012453077293316992,0.005578604164627048,0.010688612473951056,0.012689738378044756
1158,0.009080875311528583,0.010283357551916032,0.00609973080710199,0.01164582623686186,0.005704484398407028,0.009817752019938362,0.013581552578617493,0.01061184356981983,0.00851052749188784,0.005684873121417936,0.01261062735692125,0.0056403346567491675,0.01081567394052646,0.012810310499793132
1159,0.009162256376420435,0.01038591889726352,0.006170307434824004,0.01173919358373121,0.00571923074031591,0.00992772834700903,0.013682761458775122,0.010675617844367226,0.008576644029397524,0.005732427845369059,0.012685892902905975,0.005642280631924024,0.010914962468259896,0.012878904954223053
1160,0.009238480149409568,0.010480574418104516,0.006242656716513462,0.011833601217916056,0.005765865507230613,0.010027092958095849,0.013791561533787777,0.010773859578257442,0.008663361206904616,0.005803396697296954,0.012801842863672275,0.005695650813168654,0.01103652550130414,0.012995283301246335
1161,0.009294140070639716,0.010549251387846539,0.006333019960625703,0.011910816299028718,0.005851581628793566,0.0101311919282426,0.013895775471740143,0.01084634210173429,0.008721279091155661,0.005900527458386612,0.012896912655767848,0.0057900768785676925,0.011162275107123537,0.013106167088473971
1162,0.009367862574815719,0.010624547838524167,0.00639804677018575,0.011998461997174309,0.005907797913692976,0.010232629266477007,0.014004281254614361,0.01092632313573116,0.008772575260523902,0.00595974569984292,0.012983949419206218,0.005844328596836993,0.01126818278826779,0.01320132770022845
1163,0.00944791936405934,0.010700902650610711,0.00645044120772131,0.012087575604949035,0.005957283076509157,0.010329090252400242,0.014117333799384055,0.011026552958635027,0.008833108222689784,0.006010864293558389,0.013083956357231719,0.005896564108969255,0.011378273556600382,0.013312384153935085
1164,0.009537459427326232,0.010788023154865156,0.006490940405496956,0.012181389636765736,0.006014699788535094,0.010418676153816616,0.014248587116784377,0.011156798822861854,0.008914316660769894,0.006056881577861321,0.013202546069882387,0.005963551289101506,0.01149212721870801,0.01345479932103122
1165,0.009623136386967551,0.010862276498136767,0.006545263668760506,0.012270638969038806,0.006060252046645487,0.010509974064832096,0.014365547694904678,0.011222221924540794,0.008942711065797266,0.0060847058692296355,0.013254815898132015,0.005989194419886915,0.011554551964402528,0.013520160142884808
1166,0.009720470074475464,0.010925220396964447,0.00658036922745291,0.012362223611320337,0.006078273403045762,0.010607204356948884,0.014483087533070768,0.011351517680682429,0.009000349338191783,0.006117725265678301,0.013370183126182423,0.006012323018317238,0.011676400325521918,0.013647564046365876
1167,0.009810271125937122,0.011013684689687492,0.006656279631095392,0.012462300211590139,0.006124850370450708,0.010694446680264801,0.014591909547715625,0.011466951694737274,0.009081503109739795,0.006193287973450885,0.013492298410879996,0.006065777275699687,0.011785092315134487,0.013764235130214676
1168,0.009892295210321431,0.011106267555457324,0.0067659317929691576,0.012557998684364956,0.006190780166984896,0.010769257338951487,0.014696045962232748,0.011613599941762488,0.009205112050061174,0.00632733363093767,0.013663466890802318,0.00616391031134148,0.011926947288960035,0.01393070809431113
1169,0.009982859039867913,0.011205821089637252,0.00684709420984651,0.012666776338731929,0.006237358043856942,0.010858535523938504,0.01479758852513486,0.011642810007151711,0.009228628735839439,0.00635885993919972,0.013691478914816006,0.0061712270564406885,0.011946926197519941,0.013934513068569344
1170,0.010088065037063302,0.011329181535931404,0.006935280886220437,0.01279431147193062,0.006279143503080534,0.010946843895652881,0.014885922200781953,0.011770085269850027,0.009339307369764245,0.006443765612472924,0.013834729064761743,0.006217755930603152,0.012048183799381109,0.014022185390623814
1171,0.010161665633150779,0.011425917449016314,0.00700907921303355,0.012902613353096452,0.006323221946678908,0.011045499135553015,0.014990288462843672,0.011882058864862016,0.009436719351017718,0.006519691285283958,0.01398040781281362,0.006275265988499414,0.012182115660614138,0.014150031806212805
1172,0.01021612453110199,0.011509716656353638,0.007072935694240108,0.01301185198309253,0.006363724954431297,0.01115428367093812,0.015092579437528926,0.01192807454874095,0.009483089468506725,0.006553392187319468,0.014070358526334422,0.0063028782465852804,0.012277776285202236,0.014218287053138753
1173,0.010290406847883639,0.01160395623051113,0.007126629389054252,0.013106794073654874,0.006402856515499145,0.011261892394909935,0.015214889511314441,0.012030790278128195,0.009568545847679605,0.006603584922959674,0.014188750304530203,0.006349685016494056,0.012410722515936178,0.01435193223294323
1174,0.010352060273004513,0.01169777747952919,0.007162746904025081,0.013189638176625815,0.006443497837663193,0.011381480027319993,0.015360533931631405,0.012124246540536454,0.009653900060129735,0.006639565820397936,0.014301306797229065,0.0064012432117745285,0.012564742955912343,0.014518694839760444
1175,0.010430973746874022,0.011787175538607673,0.0072263819825936874,0.01327563978574657,0.006483282863040832,0.011483930536199602,0.01548655139694878,0.012218163337267936,0.009724505772508905,0.006694035958724441,0.014395430722862347,0.006442293418414783,0.012679038705336652,0.014640263791537255
1176,0.010534826404868641,0.01188287870842265,0.007281551992057695,0.013346632833470772,0.006512188767103067,0.011580634651917752,0.015626766356878496,0.012330450183972276,0.009797649146323787,0.00673769318195223,0.014462990691714122,0.006468445461979598,0.012776985007433014,0.014764225136306415
1177,0.010627174952526991,0.011971674024051589,0.007361543038889818,0.013443081183583687,0.006561533783964482,0.011681730742848888,0.015742872727146057,0.012435380661250736,0.00986401591547832,0.006809148725358164,0.014562774008340268,0.0065169854601154625,0.012884076892012998,0.014868948305437649
1178,0.010710924427231481,0.012047624641785866,0.007486165207505489,0.013551719381271001,0.006626567926782004,0.01177360617236055,0.015825604058436207,0.012544376279794215,0.009929232665864287,0.0069342120363252,0.014692713532830243,0.006589254105077278,0.01299524114434065,0.014955808083088726
1179,0.010803688064046716,0.012128642451328256,0.0075693662268901995,0.01365273649611062,0.006677933114258752,0.011869340313555196,0.015935069439828496,0.012656745926319685,0.00999225630610287,0.00701211543721399,0.0148047782619082,0.006642907859296302,0.013102961856137034,0.01506062825288164
1180,0.01091178329873617,0.012205183914858284,0.007644682866322592,0.013759707833095935,0.00673955127937351,0.011968226866793805,0.016036807587461458,0.012800724776898349,0.010057478112523242,0.007091837691550285,0.014936382505239178,0.0067130893593182715,0.01322619397342741,0.015171806576843083
1181,0.010997198439026766,0.012292965332785993,0.007709161442626066,0.01386857585151529,0.00678232588173354,0.012067984527387063,0.01616106693731154,0.012864623441153553,0.010095976015542765,0.007127328876418417,0.015009939137993233,0.006736116860209451,0.013297058444932114,0.015244430767651244
1182,0.011065628165049551,0.012387279171379996,0.007745189898176983,0.013980087255417,0.006796882375355699,0.012166846192118407,0.016324878375918714,0.012967385661658747,0.010188283104129597,0.007161842959051114,0.015154210943474479,0.006759331789034295,0.013427678751597987,0.015425265315051409
1183,0.011151958711388145,0.012477059512145753,0.007802354935331485,0.014079784923842624,0.006838591990589446,0.012264147242754226,0.016447294408321485,0.013068085159159212,0.010259046216382775,0.007208706552484126,0.015261942026270493,0.006801826258208006,0.013534877737674386,0.01554118050106894
1184,0.011231074280047113,0.012576701083920755,0.00785340115795275,0.014186452784512143,0.00688997030227781,0.01236711868186483,0.016561939056571457,0.013138469105604709,0.01032402695041174,0.007236880675704418,0.015354655817785274,0.006845193260807088,0.013628190018824675,0.015627006642931183
1185,0.011319405365936532,0.012665659199617879,0.007923880351021187,0.014277130418092393,0.006933959151193218,0.012462589076866783,0.016669996263943627,0.013252937184652291,0.010405339834448949,0.007304966063195397,0.015467348390136406,0.006896818594629381,0.013745863725278414,0.01574437878088598
1186,0.0114386113134769,0.01273651538360069,0.00802535626719646,0.014341009134350834,0.006992797332400286,0.012552658307800026,0.016734015235214013,0.01337696309877589,0.010451890697474195,0.007393162906417205,0.015523426126615182,0.006951878744290876,0.013831915473991555,0.015790109452103823
1187,0.011528201350176789,0.012825555992208746,0.008098701615932232,0.014420253950913058,0.007037113901142291,0.012640001630503571,0.016841029019830322,0.013489591895008675,0.010529199264513563,0.007463685638387347,0.01561867707869456,0.007001412186031515,0.013936376006668366,0.015901528051719488
1188,0.011599420588400463,0.012929124519319,0.00816468131344531,0.014495830984578342,0.007059510528460543,0.012715879681862883,0.016981452282363342,0.01358016492337295,0.01061571877008358,0.007525652695192634,0.015702891372142556,0.007024099752827706,0.01402254548470673,0.016039621208283616
1189,0.011675436841851227,0.013017954309043619,0.008235895432097637,0.01458275197837108,0.007097678427936492,0.01280596508016708,0.0170992628658508,0.013674770811184012,0.010691807884720997,0.007593117104197616,0.01580350184319558,0.00706563041644988,0.014127815130733358,0.0161591112687974
1190,0.011733302377660425,0.013110691074645393,0.008299096418479703,0.014681974557382165,0.007140345358283189,0.012900713277067998,0.01723536056939392,0.01372811682894871,0.010757111220641411,0.007641540324615323,0.01589630012397517,0.0071022545761716205,0.01422072220548461,0.0162755494951812
1191,0.011810181720445049,0.013197985681330399,0.008358227290282535,0.014779165435799423,0.0071854432381817206,0.012997304095101723,0.0173478185658729,0.013829816773451681,0.010834731984278423,0.007699859657905743,0.016015462583933073,0.007154836093110125,0.014339940731121544,0.016396630911525628
1192,0.01190865490094839,0.01326657694520091,0.008417763905269668,0.01487950131842777,0.007240179275787784,0.013115404621968587,0.017422730853601198,0.01393480438213064,0.01088069782651943,0.007748519125448401,0.016116247752554616,0.007207761840270748,0.014462094349748803,0.01645656145134133
1193,0.011989084374207483,0.01334751646731031,0.008484166147299266,0.01498543482905107,0.00729016094616941,0.01321237449345897,0.017521664558759805,0.014031139945526485,0.0109449595185568,0.007807886856350727,0.016234697171762756,0.007261150116197236,0.0145719122894748,0.016553757108140645
1194,0.012064428596723051,0.013439213404709905,0.008542950669841579,0.015108909560874385,0.007350798478648461,0.013287594293434905,0.017616898098173746,0.01412499724437374,0.011016125964446287,0.007858099468223165,0.016374489035598225,0.007328186623704087,0.014659497456916208,0.016649865358726167
1195,0.012144325811008685,0.013524035956712485,0.008605929283047747,0.015206836542747168,0.007390705642100932,0.01337780868126361,0.017726603846374343,0.014200649710885225,0.01106404589941114,0.007901072436320218,0.016456265950055757,0.0073581068345549006,0.014736923871306007,0.016729552194672863
1196,0.012210483397425177,0.01360899937634991,0.008687278069850608,0.01530094423739566,0.007405713142143862,0.013465908716668784,0.017869225763345056,0.014325725534762567,0.011160569888357341,0.007995061164637187,0.016602171592691794,0.007391172956479747,0.014873525634256058,0.01691265196889012
1197,0.012286229640595784,0.013690827508604531,0.00875664397893103,0.015383251906660728,0.007438589217243006,0.013555363514769625,0.01798528190551383,0.014384019140221136,0.011198697842326617,0.008039076818885518,0.0166537559674096,0.007407658505260808,0.014938642870081256,0.016986033576539394
1198,0.012375199699072751,0.013753360331624463,0.00880517772847688,0.015421375597140055,0.007468407932318187,0.0136505166645959,0.018085230967878906,0.014482399352461494,0.011241797928572295,0.008083311907775094,0.01668977039315057,0.007434670196529913,0.015040080394135989,0.01707596464476487
1199,0.012461632309322016,0.013839205007497307,0.008870394675688174,0.015490357922170132,0.00749807646997175,0.013751686817430962,0.01819731606706326,0.01461107305314909,0.011330343567424878,0.008157347050570569,0.016795244561673507,0.00747849975558538,0.01517919866102701,0.017214674823444364
1200,0.01255466597506496,0.013950904727940574,0.008949513329964923,0.01556806798629305,0.007542086068130154,0.013857531057844376,0.01830276616073311,0.014706625156429717,0.011416154637047449,0.008222256574241764,0.016870126790507416,0.007521552700122204,0.015285877898102656,0.01730677759610583
1201,0.012632674312461475,0.014038416133755942,0.009016253108488265,0.01564922094200392,0.007579574516140288,0.013954277050872061,0.018401556714290578,0.01481706983406349,0.011501627716450427,0.008293298281506437,0.016982371516869977,0.007571928099066832,0.015414074681862885,0.017425757911950376
1202,0.0126888240186117,0.01412729451422426,0.00907520682634624,0.01575481278406576,0.007593868179982695,0.014057756681363455,0.01850253780891873,0.014866547152051839,0.011555706333979206,0.0083326344740315,0.01707349021429419,0.007576434412335348,0.015506134458526574,0.0174971570732576
1203,0.012762868781709503,0.014208519116949913,0.009145160568048753,0.015844098313283112,0.007627177761081168,0.014150248802412177,0.01860443544290142,0.014962884281370093,0.011625050759398695,0.008398815433014921,0.017179458313558445,0.007615398021220348,0.015615706099756816,0.017602833375033492
1204,0.012834062283516474,0.014263092270151502,0.00920930671918384,0.015905524083482017,0.007674481727945781,0.014234186803325768,0.018696775284770137,0.015024924278538588,0.01164249711888374,0.008444746420580988,0.017218893848905445,0.007652627128387205,0.015683010213564257,0.017660778136044553
1205,0.012912341704869032,0.014317953036026254,0.009282879426556234,0.015999486006499093,0.007726439477729255,0.014297100182938186,0.01879048350616775,0.015129661396217499,0.011694962220519948,0.00851980150730162,0.01733816048616211,0.007713859470513687,0.01576927073218592,0.017766102064411163
1206,0.012994730844423787,0.014390396844701017,0.009352117084112198,0.016097291590626048,0.007765990291045995,0.014382340286740476,0.018880710945603063,0.015234917947659474,0.011756826721360384,0.008582194916420397,0.017455800211280993,0.007759674104013915,0.015873862511189333,0.017863748742788788
1207,0.013096289785568318,0.014470775781617906,0.009437242706130288,0.01619725209906994,0.007814681064077365,0.014468361873603168,0.018974296868341147,0.015363817086827204,0.011828003733404967,0.00865661153882749,0.01757814186602576,0.007816579861314512,0.01598129343898451,0.017968309035369123
1208,0.013178002171852513,0.014553946780931405,0.009498823072170032,0.01629632304999091,0.007838160361086224,0.01455769541125942,0.01906593692911255,0.015449196412423621,0.011885334441701333,0.008701959202546239,0.017676265721078225,0.007836237425329049,0.016070069427883613,0.018046104554914594
1209,0.013249266983931968,0.014649815549681765,0.009543002098307848,0.016419814084125732,0.00783407579063149,0.014657733283204879,0.019148568216268303,0.01552761194917124,0.01195680198191032,0.008730437261929017,0.017809051821466925,0.007829784897769443,0.016177523746307525,0.018124569936927536
1210,0.013327626544240318,0.014731436264163162,0.00959764418427536,0.01650814344138915,0.007862155891884609,0.014749380036233812,0.019238633611402156,0.015627779398584788,0.012030322955955458,0.008782658197747987,0.017915417877664635,0.007862977104842565,0.01628728240445788,0.018220921752849305
1211,0.013406893243660107,0.014812051042005914,0.00964817255807017,0.016570651671403872,0.007891792258088158,0.014835277154187641,0.01933712427731331,0.01569974978444405,0.012083027035990372,0.008822364921611698,0.017959422321269517,0.00788296130619309,0.016358297235288474,0.018289307893312352
1212,0.01348217085886831,0.014886949804015975,0.009704648574643373,0.01665082008506052,0.007929379583136092,0.014928173559146137,0.01942768347406956,0.015813261094581265,0.012163969006816468,0.00888493295892724,0.01807251886960355,0.007932524782409923,0.01648472074413204,0.01840187821564481
1213,0.01356289437110849,0.014959713338801929,0.009764944537288895,0.016734567202671483,0.007995746685692695,0.015032867265999407,0.019510069298735933,0.01589716733137663,0.012218859354985782,0.008927221283223565,0.018143272742647862,0.007991279037445342,0.016584372210852148,0.018459803769441105
1214,0.01362602729179498,0.015021304476973741,0.009829182086214753,0.016802557907252783,0.008022655121301436,0.015113914823394121,0.019612511561296366,0.016042269827652313,0.012321047368691433,0.009024548809104712,0.018296869920713055,0.008053620838434786,0.016747896991571178,0.0186393071527099
1215,0.013675900498476794,0.015070213301503143,0.00989958466580949,0.016870013096121423,0.008030085959540896,0.015183838913824828,0.019730160200751513,0.01604841485568024,0.012313455550177474,0.009056052970798086,0.018310549899016735,0.0080337229920911,0.016771861815082455,0.01869193130648202
1216,0.013735612970087274,0.015135923602186567,0.009964041204556552,0.016931658811818733,0.008050772001756261,0.01526467155418064,0.019829231836695237,0.016125977021816576,0.012366277412633303,0.009120515422260441,0.018384853721798378,0.00805780361034489,0.016868662650957662,0.018794634541490992
1217,0.013787101025039229,0.015205388759636625,0.010040780123432696,0.01697076013550545,0.008059756674054433,0.01534097146590736,0.019934742924450546,0.01619600004599374,0.01242399232653049,0.00920607357332159,0.0184410700457113,0.008073247421152329,0.016966875145789744,0.018911355588129824
1218,0.013849498380173297,0.015260945842224266,0.010087640173228201,0.017032333787805724,0.00807512257560635,0.015408871165501346,0.020030990746683186,0.01625172925047452,0.012442722250358447,0.009240302555105422,0.01848723622345456,0.00807942636545654,0.017021403725650898,0.01898121025303288
1219,0.013928761885090603,0.01532201940129324,0.010110954503927278,0.01710892060803262,0.008101463283200118,0.015479857213788426,0.020109433399633857,0.01636354652207185,0.012485252553305192,0.009270790116609097,0.018585395942178208,0.00811167933555664,0.017109988831578205,0.019067865266437233
1220,0.013996247393480517,0.015385456183796014,0.010157965622796663,0.01718237344450803,0.008125456738170783,0.015561600151166664,0.02020614085743237,0.016453583891125192,0.012534241958890822,0.00931849480411688,0.01867696077791973,0.008140829906109369,0.017209469335827732,0.01917222496183965
1221,0.014051643554820798,0.015419597552354175,0.010191487881243806,0.017262193810672535,0.008142419663663941,0.015630517325710715,0.020317170491643766,0.016488412145880708,0.012522194367723491,0.009327849088116336,0.01873239366396395,0.008143644101021783,0.017253724200133592,0.01924719710937854
1222,0.014127159900644472,0.015496082689409253,0.010245623493339228,0.017336269921006415,0.008164266707612737,0.015710138681016176,0.020408990034221728,0.016621459727738513,0.01261723432211531,0.009398793501452195,0.01886419693741512,0.008188588762042953,0.017387493458104777,0.019386782139971696
1223,0.014217033102584679,0.015611757391193094,0.01032733175531413,0.017406347756955313,0.00819121838618932,0.015812936264190634,0.0204861135199378,0.01670618854349523,0.012715869707258383,0.009456437394094876,0.018919627079609123,0.008208593261241523,0.017483313528333457,0.019438670849544953
1224,0.014283108060226425,0.01569799823266114,0.010391255834445319,0.017474883670563907,0.008221430496280843,0.015898968842014735,0.020577679527966224,0.01681029039717229,0.012809796452565988,0.009528132702176973,0.019023845314022403,0.00825333130388287,0.017605076432047315,0.019558082003878163
1225,0.014348175852658697,0.015789243760265796,0.010450063073553005,0.017538805600569633,0.00825174429016299,0.015971212563806073,0.02067831714599201,0.01686984507439999,0.01287582239237256,0.009573532939031178,0.019070834588365226,0.008276300428893952,0.017662860202499832,0.01963236550661419
1226,0.01442035041710956,0.015876493818447385,0.010516328815095259,0.01761287680002759,0.008286147734812935,0.01605642035605924,0.020761088585557932,0.01696244474927755,0.012952378465127102,0.009635124346795015,0.019159619657277648,0.008316466217727142,0.017762033016247233,0.0197194531858478
1227,0.014469424432328442,0.01595345358964973,0.01058070448191272,0.01768549239293899,0.00833125516205638,0.016145669487131985,0.020846569128987642,0.01700198015450757,0.01298876210664405,0.009682261292316573,0.019217956003080336,0.008354216636972998,0.01783692869345403,0.01978236944953872
1228,0.014536324866445577,0.016019091706647483,0.01064726115996036,0.017763182325306878,0.008366684357433419,0.01623084152810208,0.020913337166202965,0.017094439488687715,0.013048971226362262,0.009745207119090502,0.019317368606863495,0.008399227236066753,0.017942323342572952,0.019860261837356463
1229,0.014622607473301128,0.016072559620390923,0.010719758102757635,0.01785461274081399,0.008394746212764965,0.01631647007584513,0.02094728740075769,0.017187492772465514,0.01308323573988459,0.009789939919956522,0.01940651359202826,0.008426965359208016,0.018023881095590506,0.019873769548946672
1230,0.014705609196013708,0.016143582756254944,0.010788091269238645,0.0179323707263853,0.008428833309748704,0.01639886893172415,0.021000233075832597,0.017282244782523288,0.013141133168029466,0.009847317653081788,0.019489432161234825,0.008463675873058003,0.018111530619782032,0.019920665494014507
1231,0.014805935313362795,0.016217592897869743,0.010866867913829127,0.01801372919572155,0.00846310821770702,0.016483060228264023,0.021066587422214803,0.017390282993356862,0.013204758581459376,0.009918627742340426,0.019569252028121757,0.008497939312602903,0.018196506799858948,0.019975921749283036
1232,0.014873664018653551,0.016283202567999287,0.010924905280369487,0.018084362977537388,0.008502196381908175,0.016566594070425118,0.021121057952248147,0.017462949049929993,0.013254712436142858,0.009966046402175886,0.019640239075456294,0.008537917077916688,0.01828338693773181,0.020022194285320146
1233,0.014929061307464233,0.016358622419239445,0.010965380923072181,0.018145565232864626,0.008549664850540617,0.016648192639971113,0.021158676762258587,0.01756464628993062,0.013347632460097115,0.01002680999077427,0.019755733244104734,0.008609542872944333,0.01842065927314713,0.020111293676786678
1234,0.014983310630792498,0.016426305057956597,0.011013312948874643,0.018195968425351497,0.008587059021364949,0.016722948674422554,0.02121681838668924,0.017586065362709312,0.013368396400356546,0.010044655345155149,0.019762273554294867,0.008628993285831579,0.01845747804206516,0.020117923229192543
1235,0.015008657031935758,0.016483432736908787,0.011052480597810662,0.018228882138615673,0.008628561863964922,0.01680278401412898,0.02127891358878004,0.017657993463218,0.013432541691844055,0.010091469279061276,0.0198340441960967,0.008690174726913752,0.018578282823980673,0.020211917590555493
1236,0.01505295715798765,0.01653739080886481,0.01109599925523987,0.01828107828195025,0.008658996128723256,0.01687012401156126,0.02135051990707246,0.01771997393839054,0.01347788437168441,0.010134197392521766,0.01990141116213745,0.00872752593807902,0.01866107139631578,0.020290060469188485
1237,0.015109363125265549,0.016591994938942103,0.01114252357614856,0.018331338636068756,0.008674967652288526,0.0169190151424404,0.021441510199727926,0.01776610560575347,0.013504702219314949,0.010171802842233157,0.019936032569598444,0.008736032317959374,0.018691640099933498,0.020354043994799235
1238,0.015164451512097613,0.01664568318969239,0.011194526550179109,0.018384366432707352,0.008696895006108558,0.016980481545676135,0.021527244383798418,0.017832893021964388,0.013544290608863361,0.010218578622324446,0.019996076588564525,0.008760323317718586,0.01875992704846188,0.02043777201709482
1239,0.015212617689647507,0.016681736058702566,0.01125510678637054,0.018447701462615287,0.008715228740614747,0.017039898237602727,0.02163267626673701,0.017877832822245344,0.01355806896428972,0.010264829914645831,0.02005769668306839,0.008775409181443318,0.018818773400930546,0.020532422679916545
1240,0.01527576668447737,0.016733132568127917,0.011302576524380232,0.018518106466227258,0.008736381303141558,0.017102782490919125,0.021702858189477304,0.017942302607706514,0.013588770775963342,0.010299745568418743,0.02012652647648684,0.008794286186040733,0.01888017822293302,0.020591415273279224
1241,0.015371749063461546,0.01680781378611883,0.011358322058158414,0.01861250269128581,0.008765581403723804,0.017185397493459365,0.02176207129170168,0.018046090666756144,0.013637614675412121,0.010335714742296775,0.020219122446450827,0.008821158372675657,0.018961903648201685,0.020637143135134397
1242,0.015441710741755361,0.016874019706777862,0.011405764439580331,0.018679563186998635,0.008790323226589661,0.01725809551317815,0.021826361813866123,0.018211648105884683,0.013750974305773963,0.01042138762699864,0.020383185715351273,0.008886746742827438,0.019127389940927705,0.020791676273560246
1243,0.015502042375073658,0.016940990003966497,0.011426748729997202,0.018744881110259265,0.008813283930897893,0.017318411727831752,0.021858508898336862,0.018295242913447616,0.013814672102648883,0.01044341267340423,0.020463140919440938,0.008914693242322675,0.019201506726222572,0.020831437630064235
1244,0.015569446261436148,0.017007317550570736,0.01146895344082777,0.018802668955769146,0.008834670259191177,0.017393277763053838,0.021914519362431547,0.01839146102151221,0.013882536068891818,0.010491152744777823,0.020545039779763175,0.008944815861849682,0.01930166562323706,0.020903841618235105
1245,0.015633924271230653,0.017078903736491534,0.011529104505908196,0.018828265106136798,0.008860546569610264,0.017482345024597577,0.021993436908634527,0.01834448566895457,0.013852963288910607,0.010481525936482421,0.020436173078011134,0.008910813650913688,0.01927244025756494,0.02084164602540443
1246,0.015688204227638027,0.017141929534579357,0.011578437807818988,0.0188722153927598,0.008875659600415338,0.017558830109791063,0.022069721415841095,0.018434509072746137,0.013923474365540173,0.010541148417573323,0.02051191817714622,0.008937769319337452,0.019382444876525264,0.020941751666855933
1247,0.015750420405368344,0.017189743989416653,0.011633575956560168,0.018916880901413365,0.00887484647235811,0.01763967361027401,0.022147948021749797,0.018481509795594403,0.013941954094190396,0.010578496068033695,0.020536603625410453,0.008926793059434756,0.0194464371942552,0.02098617959196555
1248,0.015797395110308407,0.017252669066257036,0.011680515726658403,0.018977381361287807,0.008886993425540113,0.017713393437199354,0.02222875356187152,0.018539230970306325,0.013993235247744358,0.01062116506075972,0.020605819395418806,0.008939543676518277,0.019529866231692245,0.02106505457441956
1249,0.015797115606589914,0.01732748436600566,0.011708300559594145,0.019064933118863026,0.008895264755763514,0.017781811598926636,0.022323501905213965,0.018546337322380674,0.014052537176959042,0.010638168916834244,0.02069959473996898,0.008943757158548282,0.019602076271744998,0.021152939287877412
1250,0.015842840501059455,0.017388959969991576,0.01175176623919452,0.019129325037063816,0.008912230300948886,0.017837406608395213,0.02240720768818011,0.01860647599399549,0.014100541293338011,0.010676609866005033,0.02077492108406583,0.008962536850771082,0.019667696468584746,0.021237711102281905
1251,0.015925659440654397,0.01745442891238482,0.011811831697061006,0.01920554424858062,0.00894977658062788,0.017874147045641064,0.022482308870673134,0.018697533439804792,0.01413991048909347,0.010728946125802325,0.02085453565166966,0.0089982799458734,0.019707336556009394,0.021310414346304762
1252,0.01598402758911245,0.017515748466815046,0.011855630447603948,0.019261256889389067,0.00897701153580222,0.017926339596924832,0.022562115610595568,0.0187640113650479,0.014183328089149017,0.01076500063173238,0.02091377404569086,0.009026126424564457,0.019763837585205248,0.021385852638514807
1253,0.016045458012207574,0.017567119081010718,0.01188632394536727,0.01925366810593025,0.008993196454101767,0.01796508215344447,0.022649093186831913,0.018839549978526396,0.014222785444300065,0.010791814599556214,0.020912552894148617,0.009050757417340674,0.019812394995151836,0.021473639348851103
1254,0.016116818649880568,0.017610359344660268,0.011933827999045568,0.019302734480334455,0.00902133714475689,0.018022066128237497,0.022718687324014997,0.01892363168204452,0.014255190465456485,0.010834379528134536,0.02096864862007374,0.009083307147205254,0.019877236076326663,0.021541596684121225
1255,0.01618454718642351,0.017652604287645604,0.011981252060243976,0.019397906339699802,0.009056595656294337,0.018113045721636457,0.02277789609766167,0.01900326214438427,0.01429680477908927,0.010876872070361063,0.02107439355065033,0.009122907076253297,0.019977712988540612,0.021596763550923465
1256,0.016242050905690197,0.01769308391096479,0.012028512284790672,0.019464857330381474,0.009085612358459443,0.01818746870296537,0.02284381446024382,0.019069494271481746,0.014327474057885339,0.010916691066090403,0.021145804978515075,0.00915301806036703,0.02005752904542145,0.021656864052200388
1257,0.01632434795489712,0.0176977399084411,0.012090486686737558,0.019548497787785533,0.009126773694079996,0.01825804263205825,0.02289698408674235,0.019169155246494544,0.014322429532260508,0.010973514878443807,0.021238171473045922,0.009194188815684427,0.02013773861436364,0.021709323142951435
1258,0.016381879302343364,0.01774245973850843,0.01215113586492539,0.019628055585031574,0.00915831999442013,0.018328906519602377,0.022955667486283048,0.019237797351489963,0.014356218467793717,0.011028692596394012,0.02132549236281255,0.009226669657271962,0.020215564085035848,0.02176685538254639
1259,0.016386548937895092,0.017825567116772,0.012227838803198016,0.019690981442967798,0.009168044936282767,0.018408204787644412,0.023035281731557663,0.019244869820237296,0.014421790419506782,0.011099523989021289,0.02139339799668794,0.009235530940971386,0.020298871253283526,0.02184591592997127
1260,0.016424551673252276,0.01788865352425403,0.01226780707091855,0.01974154194951213,0.009194186209953333,0.01846420117390658,0.023096651364888962,0.019296247913434546,0.014475746016951242,0.011134979219663999,0.021454621461566268,0.009265696512839542,0.02036532213426448,0.021912018723521335
1261,0.0164733985925848,0.017965695372416275,0.012281879022572915,0.019795499129959933,0.009244727943825701,0.018503866881777378,0.023151430125336277,0.01935545181043449,0.014543164181177475,0.011142123050280067,0.02151636019020717,0.00932171276012243,0.020409515421200373,0.02196749601836843
1262,0.01653741870446213,0.018046198691896595,0.012312090380741934,0.019842812259638392,0.009259370009628353,0.018549000202359937,0.023200233261508375,0.01942960926437207,0.014612211553051832,0.011162831009086277,0.021568399260559375,0.009338181622851147,0.02046072041517881,0.022014971505445076
1263,0.01659543279695148,0.01808817362356009,0.012321254468051313,0.01990414481720092,0.009284242787083874,0.0186016734406298,0.0232330022039807,0.019497906402839306,0.014646513561997154,0.011159565726321074,0.021633797081940905,0.009363988455676197,0.020520885063261256,0.022044086608917907
1264,0.01662927547188451,0.018126909350798862,0.012306255281155653,0.01995262114125755,0.009333242608198455,0.01863184724946416,0.02326288414653238,0.019541579326809277,0.014674837097224008,0.011139040005277575,0.02168627687665792,0.009415514026036183,0.020555511909499675,0.022069011728350737
1265,0.016658204174128857,0.01817701682552174,0.012361194553552415,0.020014501839892868,0.009364826108331522,0.018679331348840474,0.023320468026409545,0.01957905602617212,0.014702769557297246,0.011189450611823328,0.021752300773316705,0.00944800347232659,0.020606918174328352,0.022119998572911196
1266,0.01670033098140525,0.018225330212035103,0.0124394901311277,0.020101901006306676,0.009389970544111859,0.018749805614258354,0.02336394300316225,0.019633495720778802,0.014736302312954946,0.011265113377854274,0.021850188162692217,0.009476870654419435,0.020683081298663215,0.02216068903116718
1267,0.01674536774535999,0.01826692242058664,0.012494132142733878,0.020131452214989055,0.009416234045299728,0.018822329434975697,0.023421876518681706,0.01969013601970735,0.014766433808667169,0.011318296647363786,0.02188591905359217,0.009508031113477604,0.02076246361588531,0.02221690588382105
1268,0.01680512706302346,0.018305266388215974,0.01258153087331539,0.02015520661713679,0.00942507009166903,0.01888196209713786,0.023501601950633427,0.019762851336507434,0.014791113025455547,0.011400262830480122,0.021913873162350828,0.009519341114066528,0.02082937844913973,0.02229494016771404
1269,0.016899052452264182,0.01835414827379404,0.012641121528286463,0.020230111713461518,0.009422530932728403,0.018958386144860624,0.023550274412747985,0.01987021274412237,0.014838578728255423,0.011455999034641184,0.021998090490118128,0.00951612097509793,0.020912257413625297,0.02234293620675567
1270,0.01693354138785699,0.01839268551495315,0.012662123117047586,0.020271508644059626,0.009434582535593422,0.019037440360049913,0.023585776729568575,0.019907702135929833,0.01487830442977516,0.011474603216803471,0.022043926807374905,0.009527564395939719,0.020999305232680867,0.02237920410744302
1271,0.016961278098473902,0.01842728368442924,0.012684954400570905,0.020295016273365243,0.009474481493758862,0.019069076758311994,0.023642041503341503,0.019944350788497503,0.014910993373192231,0.011495994354795466,0.02206961142245061,0.009570336019063501,0.021036007884963116,0.022434527673229145
1272,0.01702397737928088,0.018466815543149526,0.012695909057382295,0.02033369926356484,0.009487845037266395,0.01910253910051742,0.023688166219043835,0.020020847573005755,0.01494609633431531,0.011506600775674882,0.022114232064954418,0.009585452365412238,0.02107175398229622,0.02247888843861925
1273,0.017043309683350834,0.018510392163213645,0.012724465500218765,0.02035682089373733,0.009502260940801267,0.01914954917090496,0.02375088268323196,0.020044518021643053,0.014972794496614933,0.011525919095425042,0.02214045106867059,0.009602898419632078,0.021124449973624452,0.02254460990982255
1274,0.017078244174612085,0.018554106218779617,0.01277073255790131,0.02040385508572611,0.009531082133743101,0.019167408231349933,0.023825864943948203,0.020081948399497423,0.01499699942149379,0.011562232341767616,0.02219022381193406,0.009634206336519133,0.021145206385637026,0.022617907253371188
1275,0.01713993307405718,0.018607623200434638,0.012832446027143549,0.020515890220684323,0.009525021213024223,0.019209519071980014,0.023887930838203696,0.020148524242400004,0.01503094675375434,0.011613750795094838,0.022309496076992282,0.00962682594611613,0.0211867214329947,0.02267261425144826
1276,0.017174793756240397,0.018677932905194972,0.012883303839036448,0.020608673141848756,0.009528191028045164,0.019278626785667094,0.02394652869635334,0.020190277888762927,0.015087622816356313,0.011656934701958879,0.02241258436499911,0.009630461079538697,0.02126501367962555,0.022734663352169216
1277,0.017207219148922294,0.018736543189582486,0.01292445466927562,0.020666333418186057,0.00953616142621743,0.019328814236892287,0.024006413291965196,0.02022944216640339,0.01513157328970555,0.011691842336392293,0.02247143178763691,0.009634903308975271,0.021317076665160764,0.02278840070885575
1278,0.017228720861270284,0.018785891753268554,0.012948671882708467,0.020704284951867293,0.009545223678081286,0.019373143054962655,0.024069357692180084,0.020268932868049584,0.015176891294613635,0.011719229356353993,0.02251306694127286,0.009641007889611853,0.021366832058382076,0.02284551600806126
1279,0.017250812053861597,0.018836781702577673,0.012988339079105371,0.02073915650486996,0.009562218955933573,0.019420492148484493,0.02411103316267154,0.02030165095224182,0.015220495776517956,0.011754591206687202,0.02254867646681667,0.009656337484891295,0.021417950300404488,0.022883476205185237
1280,0.01725259941883896,0.018892781300933616,0.01303158395500422,0.020735496204726322,0.009584579748515731,0.01946566891355346,0.024135148638938786,0.020316720544882993,0.015271562333092206,0.01179458754981381,0.02254486546930575,0.009677003852362979,0.021470695619185798,0.02291013425606633
1281,0.017294951321632807,0.018933652063113236,0.013063577874250415,0.020769671441921097,0.009612293189310176,0.019505316446038666,0.024181093455949224,0.02036365116538388,0.015304191886103586,0.01181960724724233,0.022580451009460337,0.009705032431917907,0.021513898451728408,0.022951983052596773
1282,0.017369421558573527,0.01897240328056255,0.013108043734040137,0.020831477455891544,0.009657822532550417,0.019545793193291888,0.024225155578016713,0.02044525403391761,0.01534172709474089,0.011856919659688344,0.022652021248843357,0.009757724097939272,0.021563715037340003,0.022996790624881514
1283,0.01741168529419284,0.01900310607611929,0.013126631913742826,0.02087030926667769,0.009679064826564983,0.019599688588669086,0.02428755501837651,0.02049063712697997,0.015360532117050688,0.011866488087821203,0.022691130916190846,0.009778628552380828,0.021619410822071708,0.02305259829656374
1284,0.01745389587022046,0.019017385617289984,0.01311295553533941,0.020903978355764644,0.009691427960057515,0.019656843092059246,0.024375293317222033,0.020531903706383272,0.015359626590721967,0.011842399818063454,0.022726744405132122,0.009790016316894147,0.02167907765663401,0.023133674132814547
1285,0.01749960001576125,0.019038018311125254,0.013123955600277907,0.020930916120361753,0.009703178745063615,0.01969526254664362,0.024429102542316016,0.020587199829763696,0.015370157269629916,0.011852502923004247,0.02276075132518662,0.009803967676191658,0.021725122379064647,0.02318931414840506
1286,0.01753283523775103,0.01904345667362761,0.013133457132136268,0.020940444896748102,0.009708391736065225,0.019740030803340226,0.024475388438318355,0.020636677907720818,0.015361787355529354,0.011865698284039859,0.022775675420055423,0.009810041026162284,0.02177759933105766,0.023240068815750116
1287,0.017557850973513003,0.01909309782079059,0.013154632497830644,0.02097792348774827,0.009707417630439379,0.019773760414236122,0.02452451309675075,0.02066870270330031,0.015402861165825016,0.011885026693824186,0.022818480973501296,0.009810543827991578,0.02181515582949399,0.023286847700726757
1288,0.01759425804211258,0.01917824555768748,0.013187724440207244,0.021025612367716273,0.00970384012600824,0.019779251999967842,0.02455948559549512,0.020705409168527564,0.015478227085226899,0.011916744146162445,0.022869942689679294,0.009809360255233098,0.0218199176488847,0.02331388981559569
1289,0.01763389948919154,0.019227870186957912,0.013236386969685524,0.02108149181696513,0.009702103972337813,0.019822612039799542,0.024616336107402745,0.020750979776522564,0.015518921879871066,0.011960620164442584,0.022927877921242193,0.009806436670599631,0.021863705936981847,0.023364382092820494
1290,0.0176577616306013,0.01930133717068672,0.013306598766854914,0.021159611042366994,0.00968326458758338,0.0198917560426997,0.024697486595312106,0.020791024208195372,0.015599022976286995,0.012029053936870126,0.023018907357785248,0.009789595734918815,0.021943121086321724,0.023448089555222547
1291,0.017681026890573614,0.019324832369509985,0.013347681385828427,0.02122091484227399,0.009693995214817668,0.019936452167950057,0.02474129464099139,0.020820792055023477,0.015610801936087956,0.012060766641744084,0.023082534545502936,0.009798804419232674,0.021987553871371718,0.023485326314960444
1292,0.017716561686918354,0.019286206831347665,0.013389854829950584,0.021289000095309416,0.009721947148471079,0.01998326083745341,0.024775637508870477,0.02087579881438675,0.015559001226581128,0.012095971915027948,0.023160474573276038,0.009826105958556064,0.02204151112252548,0.023523467326735922
1293,0.01774973244661982,0.019297000637059632,0.013425175370688524,0.02132618462702191,0.009746535233035402,0.020021229139072484,0.024800832940588432,0.02091435506071044,0.015560087164414725,0.012123783177939594,0.02320217622763047,0.009852656269035316,0.0220837809799444,0.023548099625166255
1294,0.017758659420147132,0.0193122236374453,0.013431196140725167,0.021347868850472487,0.009787483310266415,0.020043380084494876,0.02480158991438367,0.020921900605483688,0.015562654759741272,0.012118991838499637,0.02323018484735385,0.009899626188954845,0.022112190426418044,0.02354869294274939
1295,0.01779085816240805,0.01934382337584951,0.01346996916367404,0.02137094850986418,0.009811944313718419,0.02008105306718737,0.024815174560695166,0.020953867030541657,0.015583244845426577,0.012148976276503999,0.02325152947635462,0.00992505639823264,0.022148298814012174,0.02355710412443614
1296,0.017859543750759724,0.019405225184086036,0.013532495666542618,0.021362671969344313,0.009836029083006575,0.020124454998229364,0.024838030650016444,0.02102070916943572,0.015639453009722394,0.012205429814874201,0.0232374098895953,0.00995225335628913,0.02218940536024889,0.023576712511894197
1297,0.01789761272978569,0.01944303399265844,0.01357640595302009,0.021389505090999794,0.009849721775557535,0.020166210595983627,0.024841903149189055,0.021063623839086675,0.01567519096639502,0.012249183169396586,0.02326874230185053,0.009968250474631218,0.022236226656929297,0.023581568484576265
1298,0.017917346537052407,0.019475645156706467,0.013626718297508366,0.021437254883252873,0.009850763281599716,0.020204968365560363,0.024821817557023326,0.021096090658966754,0.015709364002688284,0.012304672870748176,0.023325535351359523,0.009970352498450562,0.02228032398674003,0.023564456963907146
1299,0.017946712543194916,0.019505571479019074,0.013660990370683442,0.02147380505488943,0.00985833683154888,0.02025651933044306,0.024835812678014598,0.02112653778528009,0.01573376975887365,0.01233485669098912,0.023363870984676717,0.009977103826710892,0.02233520569575975,0.02357513567950409
1300,0.017970498885637867,0.019524062049510953,0.013678829813709128,0.021522482931344247,0.009857257592237892,0.020327155878238575,0.024864074978739197,0.0211419572006535,0.01574504617790432,0.012349835328315746,0.023413889663662903,0.009972506204072312,0.02241330557468826,0.023597723187121018
1301,0.01799925293803874,0.019555581401343784,0.013704532153024848,0.02155349513479079,0.009863870712684452,0.020360820580957038,0.02487374632701113,0.021177404747818554,0.015775791368354216,0.01237242979530726,0.02345118616297143,0.009981635567948738,0.022452631805899792,0.02360763115938758
1302,0.0180312518624364,0.019587581733549367,0.013735193407141435,0.0215669001658295,0.009862173597901279,0.0203855122228239,0.0248826349621487,0.02121588319180843,0.01580401125213353,0.012390944695858502,0.023464062421278138,0.009981233095460878,0.022475057474632413,0.023610398686528082
1303,0.018057879610018927,0.019616960665678675,0.013734203451970345,0.02158249190873293,0.009899943351267844,0.02039683608906892,0.024901388462359852,0.021247908986131506,0.015832205806959085,0.012384877088058787,0.02348370080425345,0.010023821334125377,0.022488996614176207,0.023631079848077535
1304,0.018088953147425108,0.01965813929161052,0.013714748696673124,0.021593171194041933,0.009983057735100031,0.020372297248185765,0.024909342792729525,0.02127948258118885,0.015868777336720766,0.012356819534783653,0.023491262667558525,0.010112943594918681,0.02245580141735347,0.023634452258312857
1305,0.01811470630282142,0.01968360270649048,0.013712445877770886,0.02160743997103542,0.009997780232276638,0.02037910914052199,0.02493028766412311,0.021316264480537327,0.015897328702463437,0.012354897787179091,0.02351322414694067,0.0101322297567748,0.022468762942039627,0.023662418994903303
1306,0.018131838780067733,0.019707057580653744,0.013685390288258579,0.021630762420943563,0.010007141491666722,0.020409240674117774,0.024992269003045228,0.021340693054029677,0.015921463867599715,0.012329352679246137,0.023544015947159064,0.010143978279919025,0.0225094681891828,0.02373443505499424
1307,0.018165952261123663,0.019732368559846357,0.013698422543445976,0.021646366216386683,0.010019072591153907,0.020420062255966858,0.025013278038009703,0.021374844877345124,0.0159387672589182,0.01233840853340217,0.023555209898847997,0.010154901065414206,0.022514845405730288,0.023750287638018164
1308,0.018219561093638526,0.019758432565170878,0.013762959294517875,0.02165876839776205,0.009972509989739807,0.02041959073504936,0.025007123574036276,0.02144857888439253,0.015967330393816974,0.012410185139290115,0.023576456906001474,0.010109736389079565,0.0225183874626094,0.023749751210526634
1309,0.018233026508980874,0.019763865843581578,0.013778679895938523,0.021672089159202358,0.009976327098221665,0.020437464807371897,0.02501425724996694,0.021460288536183172,0.01596772835843891,0.01242255785410634,0.023586899976830354,0.010113319649391701,0.022533579082463808,0.023754223304847243
1310,0.01823132654767793,0.019741467805825103,0.013776778931024006,0.021671260091010194,0.010037687855689962,0.020457090465773625,0.02500461376309813,0.021456295079060987,0.01594515758245331,0.012420473812732842,0.02359002299025006,0.010182049608066613,0.022558422258663006,0.02375160506323939
1311,0.018233207696325818,0.01974832724719319,0.01378154108950511,0.021681683854605508,0.010037955299035778,0.020460000551307946,0.02501360990397933,0.021458772391150807,0.015950526853458928,0.012423735606858038,0.02360354881916781,0.010183877811117252,0.022563927485042677,0.023764477855884654
1312,0.018203499400472927,0.019757524954417204,0.013761781231380886,0.021703258117929135,0.010015060171788766,0.02047077843241572,0.025042656673768184,0.021423591594523606,0.015958069696533437,0.012396273064585631,0.02362476389782276,0.010159257666759338,0.022576789080611958,0.02379559629530799
1313,0.018206459424484327,0.01976529430214734,0.01376410984799493,0.021716931466029703,0.010001168616838774,0.020483217929232207,0.02505498030081524,0.021426681097321144,0.015964746632435595,0.012400797755670809,0.023642678570864807,0.010145864807859846,0.02259338765224216,0.023810617815573944
1314,0.018241801345276986,0.01980302423432959,0.013788911799094779,0.021731379403526825,0.009959534164165446,0.020477048481858027,0.02507819245792545,0.021462745849652548,0.01599408967458644,0.01243061942004235,0.023659004136515283,0.01010058344969763,0.0225854513007798,0.02382928935712492
1315,0.018246730411895742,0.019818047875656265,0.013806566570284371,0.021755295310504928,0.0099506295692269,0.02048723564154394,0.025070237868169705,0.021470224300418533,0.016006556155588554,0.012450400588762867,0.023690455151114058,0.01009382283492669,0.022600223227992766,0.023824790092732126
1316,0.01825021055359979,0.01981503441800311,0.01383603189382854,0.02179553456335623,0.009959270370512384,0.02052707959316168,0.025040666739387322,0.021464236142177285,0.01599125474737098,0.012480887466773333,0.02373185582438806,0.010102618986893203,0.022638685331971192,0.023789134982805816
1317,0.018257926552295634,0.01982441048684939,0.013853305639484774,0.02181680232803959,0.00996924349799213,0.020552312114858796,0.025032307058731117,0.021474679163343238,0.016002596589082645,0.012494730114825825,0.023756533728187583,0.010114929372773545,0.02266658731822221,0.023781416917062707
1318,0.018260373072504422,0.019844556072965595,0.01387978590426116,0.021845848414160016,0.010004053553373903,0.020575847815175838,0.025019944398413166,0.02148147014147635,0.016028330729153908,0.012505037777300065,0.023784633087111887,0.010152575469631438,0.02268951775739003,0.023768227867920245
1319,0.018265372503317157,0.019850832288021644,0.013879754174053224,0.021854975104018157,0.010020699244720075,0.020592517117532017,0.025017007601099175,0.021491572084323056,0.016040417386516063,0.012501096759529836,0.02379447328678231,0.010171496858175491,0.022705758154852543,0.023764835259983574
1320,0.018288057203863714,0.01984976189783007,0.013847793433238241,0.021835018987300205,0.01003438946673944,0.02061988874971518,0.02504073236452588,0.021529459713488176,0.016058660429679218,0.012470230705330022,0.02377709042432881,0.010188632628779077,0.022736875588786183,0.023790728163404534
1321,0.018280838386338073,0.019866306795646358,0.013839574532503379,0.021837864338351023,0.010047048383971623,0.02062058441727904,0.025040162681757502,0.02152328300049361,0.016076960243829746,0.012460445399713482,0.02377817321502615,0.01020313920461024,0.02273361088503181,0.023787638094351728
1322,0.01824495247521143,0.019889012491828943,0.013829322432857848,0.02184679274073419,0.010051008752794832,0.020585490501470436,0.025031698132250223,0.021484854137158445,0.016088794722839868,0.012452657169233607,0.02378569485022186,0.010209162327163266,0.022688777765979187,0.02377553607735722
1323,0.01823665907515863,0.019894184490044525,0.013823278169051769,0.021846701942560564,0.010054169746262083,0.020587028345668938,0.025010819956639334,0.021472654449983187,0.016094442202744585,0.0124489899802729,0.02378605045189152,0.010215345868711721,0.02268945283898523,0.023755784347313576
1324,0.018225493493132808,0.019913966957635688,0.013838639722305738,0.02185123836123151,0.010060197531696893,0.02059851682180739,0.024977834264429906,0.021447998756526063,0.016113106030274316,0.012466077507630647,0.023788379655029973,0.010224190957849435,0.022701668088336777,0.023725174154960005
1325,0.01822539289591866,0.019903547282456264,0.013834663604697081,0.021855116431848925,0.0100640111584755,0.020593066690052213,0.024944588999047564,0.021447430107249883,0.016109310294475838,0.012466619106867794,0.023798354255977355,0.010232197999552984,0.022700158129840935,0.02369740141237495
1326,0.018243871859542456,0.019847098522279245,0.013796767201765781,0.021852812738316393,0.010056646140862133,0.020606774344136377,0.02488670901378846,0.021452455064503554,0.01606064508132924,0.012428589420602395,0.02379220864117124,0.01022338838622977,0.02270894337133067,0.02363222475188828
1327,0.018249538854307645,0.01982793893755776,0.013803662721564015,0.021852051398751283,0.010062115610117158,0.020596812191439443,0.02485472666567995,0.021457511267160785,0.016047394052750664,0.012437652507206064,0.023792855713677633,0.010229788015891248,0.02269991152487727,0.023602717103420136
1328,0.018248891104201505,0.019822495830822844,0.013850437076439555,0.02186252956610424,0.01007876413865523,0.02055058053017906,0.02483948160507514,0.02146444266464768,0.016046800616748395,0.01248525362863563,0.023805833769976695,0.010245833448506653,0.02265285637023394,0.023590133409676726
1329,0.01825825556884028,0.01980563282201306,0.013843310569553206,0.021855803595721045,0.010088096240529813,0.020532061674844462,0.02481286100926122,0.02147487951787038,0.01602658313097919,0.012475294041231577,0.023796270813006393,0.010254879994928178,0.022629893353231827,0.023561694059433008
1330,0.018288040077610947,0.01979802654326588,0.01383125978829324,0.021835313785382476,0.010097743143674539,0.02053261706761559,0.02480301642120579,0.021512092339709597,0.016006072929511613,0.012459209388792037,0.02377419946654062,0.010266072031189928,0.02263121339644024,0.02355610369746023
1331,0.018282444292346073,0.01980090462168532,0.013839931652043913,0.021814709042194822,0.010106235378199506,0.020507043858088214,0.024771146555549357,0.021515469485257368,0.016015116250931757,0.012471781861290363,0.023757936753144967,0.010277773747070637,0.022608475999189706,0.023530690731410262
1332,0.018280260506838623,0.01980832050482406,0.013815222160921214,0.02178711195428679,0.0101251625561925,0.020479076875361,0.024718568148437977,0.02151461785041764,0.016024457837099146,0.012446322267349768,0.02372575021991333,0.010297516441143795,0.022571141117132196,0.023470881289246424
1333,0.01825646947583288,0.019797836321405738,0.013818587411724547,0.021771988820145423,0.010120372750666535,0.020457794390989544,0.024692339677779028,0.02149475984471154,0.016028057368113652,0.012455496651730256,0.023716839759209858,0.010296762515611178,0.022553183831141126,0.023451767252944507
1334,0.018181729515722257,0.019803144456201228,0.013881265860077232,0.021767819919930695,0.010107888589982312,0.020424062690334206,0.024670060035130763,0.02141253923454592,0.016058684544180624,0.012524186443020065,0.023709083310673514,0.010282174474507466,0.02251403635663875,0.023428144836672576
1335,0.018153883481711573,0.01977357259792238,0.013876694747103917,0.02175534277080858,0.010092252421774351,0.020403717132214755,0.02465004026003472,0.021372142100190436,0.01603673586732037,0.012521273151031678,0.023692099550408872,0.010265254714376549,0.022488396948634522,0.02340601741847473
1336,0.018138547981044587,0.019686824170964262,0.013831519526981698,0.021749349125559623,0.010039900783399721,0.020396651232506162,0.02465515646980917,0.02134112413148808,0.015954542347973562,0.01248183527406546,0.023691080246825768,0.010215102269887848,0.022485865225172114,0.02341892155505841
1337,0.01812050986576706,0.019666026638322474,0.013802870128650647,0.021723533703821032,0.010033083859576698,0.020377004177065478,0.02463402230220787,0.021499769058078648,0.016075599199138816,0.01255981335798696,0.02386643176607961,0.010297174571305122,0.02265687584868608,0.023601249993230718
1338,0.01811902203555035,0.019671391556211,0.013756785719851682,0.02166820468431392,0.010059796365578813,0.020338503766404302,0.024590080181707503,0.021411354781662912,0.016019313710220997,0.012462846724925307,0.02371626749966766,0.010288425138215174,0.022528431108159892,0.023470522060985932
1339,0.018109559166013582,0.019658383703002092,0.013734084199997313,0.021650268704132124,0.010052591671065947,0.020327170010118883,0.024564926334709167,0.0214238583288054,0.016027015948350126,0.012450600012436756,0.023720457155952897,0.010292089160291286,0.022537873587722638,0.02347180526336722
1340,0.01808627220989601,0.01966054892852002,0.013731555167174917,0.021640680558518123,0.010048809941014317,0.0203332537173443,0.02452561712005238,0.021385178797965452,0.016020906723953236,0.012425065654094914,0.023676799640081573,0.010273881077238808,0.022511413581506077,0.0234048445737524
1341,0.018073477875192635,0.019659010669733547,0.013688117879001748,0.021617411177334383,0.010039000328511582,0.020323079634638055,0.024496563625928357,0.021320141247827766,0.015984280405927753,0.012351003589849245,0.0235942186076457,0.010239000203877587,0.022445122118923484,0.02332220869716384
1342,0.018084404282106375,0.019637636350221473,0.013611888067849885,0.021601945074383417,0.009992331474643823,0.020318568436529762,0.024503286847658567,0.021330200655032796,0.015964592582916323,0.012279833706561518,0.023581537294116973,0.01019086463407208,0.022444414650649815,0.02333533989416776
1343,0.018058166750536873,0.019638209536106052,0.013588100796084456,0.02159183473563858,0.009982851304416255,0.020316391694432726,0.024461885489396724,0.021251741888067742,0.015932883565738635,0.012232112761151142,0.023517748937598712,0.010158299778386436,0.022392098708560643,0.023244810589093532
1344,0.018001160745549454,0.019674696027115416,0.013561395731966118,0.0215685397651999,0.01000960533489546,0.020299211993519677,0.024372755761635403,0.021179633476594233,0.015967601096900215,0.012212022041146573,0.023491810053692098,0.010187475875132553,0.022373064569007117,0.0231561751080909
1345,0.017976168261758345,0.019660138909617656,0.013552327361530142,0.021561764303569406,0.010005142183993558,0.020276354732702253,0.024336011393113952,0.02115398035227876,0.01596045473007024,0.012208312127810926,0.02348785028160763,0.010184396895226636,0.022352013457167016,0.023126425609715534
1346,0.017937283608249133,0.019607156935651796,0.013603259829544396,0.021586928619961577,0.00998717341376332,0.020263847475863767,0.02430633444473269,0.021115716319282215,0.015918424993891574,0.012260956305024462,0.023511566177089296,0.010163133906906386,0.022336367731792824,0.02310127891985672
1347,0.017915143330941588,0.019577973514520102,0.013602337998295203,0.021569075516895925,0.00997916519097635,0.02024290940316203,0.0242537827268674,0.021084859719850527,0.015892457569510843,0.01225938730448759,0.023485823327346864,0.010152843625286487,0.02230796804278472,0.023044589377602086
1348,0.017927642860306396,0.01952941813498736,0.01356119080777271,0.021504865505514333,0.009958158472427387,0.0201913617265501,0.0242263012751049,0.02110270755408541,0.01585508256105448,0.012223440322779954,0.02342509153647235,0.010136069012379472,0.02226112399974906,0.02302716623396063
1349,0.017911885826207855,0.01950795217794351,0.013545109173194427,0.02148190553290631,0.009949274602803445,0.02016225501634319,0.024173163298133425,0.02108636585072426,0.01584770333250765,0.012210820299349482,0.023403732489692106,0.010129155653641917,0.022231602288749295,0.02297647476300428
1350,0.017869770922355106,0.01952505304594351,0.0135358543739576,0.021473399746066782,0.009964301936943202,0.02015404269938353,0.024046252924587553,0.021035360669615803,0.015881742510356213,0.012205360302853008,0.023394602014849747,0.010146968058245467,0.022220133396390427,0.022841464930193348
1351,0.01785405019080222,0.01949555325061978,0.013513038179838859,0.021450227448950896,0.0099540907657115,0.020117473379452078,0.024003474477483557,0.021015273557013745,0.015863105557156792,0.01218399562795104,0.023369976721992404,0.010138342050843834,0.022179091483296096,0.02280018031863712
1352,0.017851346607634183,0.01944047535523985,0.013486499482428827,0.021437224544373155,0.009934862757529896,0.02005427810580349,0.02401715197620064,0.021012149702731284,0.01582402193197375,0.01215799914895479,0.023357797653242557,0.010121242592799555,0.02210842537550798,0.022821327976739025
1353,0.01783463253983791,0.01940460633761333,0.013454794687508162,0.021410475124231335,0.009906586831186875,0.02002779549459786,0.023986444669307248,0.020989952732717698,0.01579383811933634,0.012126647104266674,0.023328695924818753,0.010091061271561183,0.02207803152708672,0.022793055227780797
1354,0.01782351746333579,0.01935536099372011,0.013413305941224585,0.02135957638901537,0.009856628357869244,0.02000783821775209,0.023968049325596846,0.02097083537185012,0.01573983636127152,0.012083785759027918,0.023273515762179165,0.01003658535366686,0.022057054192789957,0.02278098093075451
1355,0.0177944629014017,0.01931327901081684,0.013386831301394142,0.0213207889029659,0.00982642606623323,0.019981488822599727,0.023943857374084263,0.020938335213797045,0.01570125371800576,0.012059261963185425,0.023231817691156165,0.010005675980403405,0.022026995795283402,0.022759884904808188
1356,0.017738509960959874,0.019274213703915646,0.013362632385337577,0.02128880915443302,0.009785042137874941,0.019996370097402176,0.02390206249645535,0.020885201862168145,0.015668433300288123,0.012042022390552187,0.023202767076426406,0.009963637849715221,0.022046325853360353,0.02272102329413093
1357,0.017718848406153405,0.01925499134828711,0.013329194310409121,0.02126471863196598,0.009782472147762246,0.019954451522928067,0.023849803540598735,0.020857661859934182,0.01565154402507594,0.012010931081337304,0.023174246226694437,0.009960984352053413,0.021996549153975416,0.022667737212235622
1358,0.017722352299495647,0.019247749296896037,0.013281586156593512,0.021246864122609965,0.009815593809959255,0.01986138177501876,0.023804959465496368,0.020865095218011945,0.015656667258664454,0.011970572906842461,0.023162491712004022,0.010004641428469999,0.021899462692987374,0.022633920916121805
1359,0.017704833006368166,0.01923888508837065,0.013278578073750338,0.021208661339452196,0.009820007625084259,0.019810411149945868,0.023757552001462196,0.020835292119947245,0.01564831262870211,0.011967745149930112,0.02311397661304239,0.010008077252147203,0.02183571953615283,0.022582708588651596
1360,0.01769155523824074,0.019254229234072558,0.013302418547641802,0.0211650776529508,0.009827948382559385,0.019750734926398422,0.023676772637408753,0.02081290061696322,0.01566767547799999,0.011998266040655105,0.023068221003682877,0.010016183183860088,0.02177189582425337,0.02250677573337227
1361,0.01767934196378338,0.019258075404290885,0.013311015108962104,0.021147549408279138,0.009842918020419386,0.01971342378671654,0.02361943968554974,0.02079430585783769,0.015680030164264235,0.012007960280331397,0.023049637457400025,0.010033630071506785,0.021731185614078184,0.022453558288830347
1362,0.01764640078526937,0.019255974200417962,0.01336212015627094,0.02110550135684175,0.009858164905471756,0.019712790572749907,0.023593122284439133,0.020755152069515663,0.015687308027427266,0.012060675774371785,0.023003329440067336,0.010052379493258691,0.02172977469513245,0.022432136133374192
1363,0.01763191717981038,0.019226060657172087,0.013355784784470524,0.02111253625387296,0.009860837368147338,0.019695502768456653,0.023548664366412276,0.02073975245846688,0.015670301665870884,0.012053359244176437,0.0230156496428677,0.010059569680812711,0.021712626875193795,0.02239222934075424
1364,0.017652857030542382,0.019199214361972975,0.013292947528551806,0.021209491142809952,0.009879934314140797,0.019679612791844905,0.02349709130950842,0.020754293179495766,0.015656351618573056,0.011976708290149575,0.02311882534182289,0.010081996439471672,0.021688758969128346,0.02233385344267444
1365,0.017622750223884938,0.019163057101747014,0.013262668910693859,0.021196907558225727,0.009885891096384424,0.01964682076376125,0.023444934386666654,0.02072747346815455,0.015635812049078934,0.01194748543608488,0.0231114644565809,0.010092662780639909,0.02165761729660716,0.02228922908935875
1366,0.017567170151841643,0.019094325676420592,0.013239103812088943,0.02116623925819031,0.009861960622734554,0.01961327198291969,0.023409164504101087,0.020676728386481713,0.015579162776575483,0.011921744086944318,0.023080058235008236,0.01006846573895161,0.021621450566175957,0.022257029091099216
1367,0.017536646634444167,0.019070448475594755,0.013191208511363713,0.021098505547623506,0.009875482837248204,0.019581867046948916,0.02333725023244308,0.02063727965516236,0.015561057287643185,0.011878008297474485,0.023000866881861762,0.010079122480967831,0.021582079476605707,0.02217972130147556
1368,0.017520508039921303,0.01904390018826323,0.013191826081423268,0.0209995133453198,0.009869328110179541,0.019559833357801613,0.023292120839872563,0.02060327984571627,0.015525862811918674,0.01188289397310993,0.02288312023142563,0.010069838713046373,0.02155112056552206,0.02213062895193271
1369,0.017520931975127836,0.019006157082796026,0.013178926360760814,0.020926055468224476,0.009860974144468907,0.019547360796003166,0.023302410992568412,0.020599245636019958,0.015489634462350313,0.011873693092747927,0.022802640985831436,0.010062205280466955,0.021540161359405032,0.0221487679786117
1370,0.017514769874103983,0.018969107319939848,0.013154755538008319,0.020872683433284626,0.00983427319816069,0.019516543773284618,0.023219125861488984,0.02057901605035551,0.015458768769565692,0.011855214188111503,0.02273965208116215,0.010032778500844053,0.021502511531838152,0.02206252223744464
1371,0.017485903878202588,0.018931673636836552,0.013150116755094365,0.020854672689731537,0.00975281607323491,0.01944201464900301,0.023135570675885613,0.020538794730086067,0.01543531394639024,0.011857317931091274,0.022723193941458598,0.009950523705850258,0.021424281348613513,0.021985116947749975
1372,0.017447750627122553,0.018885385626327123,0.01311117802014987,0.020824907238739872,0.009725559591434039,0.019368307425579063,0.023088597129744478,0.020491993492285563,0.015398830620256793,0.011821277805454214,0.022691148840329425,0.009925587721350148,0.021342340971278965,0.021942157828498413
1373,0.017387564010537253,0.018867344157872005,0.013007511402932747,0.020796654898101653,0.009688890878000048,0.019302632884811058,0.02298495509850875,0.020417717534222866,0.015395188395259017,0.01172295266855372,0.022662060058406822,0.009890765076379319,0.02126672034340284,0.02183830798777773
1374,0.017331988448533,0.018856405933961828,0.012942495827425229,0.02076238382390266,0.009666156637457844,0.01924966362334256,0.022924850477195488,0.020342582112275784,0.015404071674319028,0.011663903627113205,0.022626714889162465,0.009869732241653408,0.021208555872393405,0.021783250549132428
1375,0.017281793447398202,0.018843974650116113,0.01294532011805878,0.020742125904605023,0.009710944761592509,0.01925218617188006,0.02287864783670483,0.02027406961510912,0.015411185815801552,0.01166291757310316,0.022601470642450786,0.009917531317605352,0.021208841494784025,0.021743979705375012
1376,0.01721972748083184,0.01883022807277478,0.012930110831790078,0.020735843579838452,0.009735318985658818,0.019252584114165475,0.022778935775111385,0.020207644565429984,0.015412373537055726,0.01164247906702991,0.022592839844237975,0.009941873291539931,0.021206936082071894,0.021648042439153813
1377,0.017184308820959285,0.018787998761603534,0.012946631913984675,0.020698683245292258,0.009731699600584254,0.019227478847408427,0.022696536371463277,0.020173960672641014,0.01538944966041063,0.01166437488134473,0.02255275666509344,0.009937359462287907,0.021183321228832777,0.02156617392214078
1378,0.01716194497387372,0.01875121572200934,0.0129655457001544,0.02068892604620682,0.009699776424717955,0.019214943077213394,0.02262935975481504,0.020149470736838784,0.015369590536014322,0.011680894253261251,0.02253691943018609,0.009901668537409604,0.021168080540870556,0.021496463093875113
1379,0.01715474571822203,0.0187052644393911,0.01289689678606816,0.02066530874544024,0.009656754499177238,0.019148344185758993,0.022540780967707525,0.020148051786667506,0.015331198590238872,0.011614956626407477,0.02251024286724527,0.00985499603805768,0.02109631830558029,0.021412854754704638
1380,0.017119302952787706,0.018682874990230143,0.012839769363796988,0.020587467701664013,0.00963288605395755,0.019049122353239648,0.02249754761929099,0.020108219174407346,0.015319460858603556,0.011572978199324043,0.022423976828349082,0.009828543815255827,0.020988242717206965,0.02136997325105851
1381,0.017043036969575997,0.018666199025889146,0.012809102272689945,0.020535802658233567,0.009632850409524345,0.01898088492313501,0.022490132920565727,0.020017329384216614,0.015300882216571488,0.011554358981547943,0.02236762110106332,0.009827129092319023,0.020911253464760204,0.021367449139323126
1382,0.01700127881069445,0.018599183270310557,0.012755509434628958,0.020532652794585046,0.009627993216050007,0.018922990886918595,0.022421736078998816,0.01996942393984882,0.015229734290525262,0.01150776704739827,0.022365106406608774,0.009822554344968853,0.020846875345521067,0.021305516067987515
1383,0.01691795002955381,0.018577748664732222,0.012694505353943765,0.020516849565022782,0.009603174422927171,0.018897338129250426,0.02237778859584104,0.019878493198188997,0.015221895595906827,0.01145682999814232,0.022354176489191833,0.009802276657249805,0.020822258878235293,0.021263711110873308
1384,0.01683658749341748,0.018551959445995473,0.012624317355216515,0.0204796915494302,0.009558624821471016,0.018886111922649922,0.02235313885881752,0.01978584630444221,0.015215923551808374,0.011394254546392202,0.02232078100681042,0.009759852275102052,0.020816237398177437,0.02125127546678541
1385,0.0168471574954279,0.018495743033596756,0.012582394842210527,0.020461507802178525,0.009506108335994768,0.018857552132749023,0.02229770077277505,0.019795490070891795,0.015174674731701327,0.011345503289196791,0.022296924764601933,0.009703928504293,0.020784712470247785,0.021201342777633785
1386,0.016830096683967656,0.018485573602672545,0.012574911371829213,0.020392486921280182,0.009495562857756169,0.01879891394993193,0.022236997609898244,0.01977290005639483,0.015168697574656624,0.011331674249076292,0.022224698843759345,0.009695066558535593,0.02071900029128459,0.0211421229741257
1387,0.01682820276205203,0.01843926646672735,0.01254920420824666,0.02033332790145321,0.009525959780838377,0.018735826003150578,0.022173202808552582,0.01975828313743534,0.015114608320356732,0.011302703902359006,0.02216131113271265,0.00972859387172998,0.02064272239968765,0.02107917091832062
1388,0.016829908296708204,0.018333443644372092,0.012533950219962066,0.02031131153600707,0.009543319426675622,0.01867301347328276,0.02213244632764671,0.01976088288757169,0.015008656686166475,0.011286419348374791,0.02214271396507385,0.009751467406599388,0.020575799315832068,0.021046720047817456
1389,0.016800749954044344,0.018298919678271384,0.01253364512152896,0.02025893271088858,0.00954421568312941,0.01861698101479535,0.022055210528323377,0.019719850645351377,0.014981464014951394,0.011287288989511,0.022089854919065698,0.009755559349382544,0.020516349382675863,0.020975137708200062
1390,0.016752111022460263,0.018277534677480965,0.012467096372097503,0.020217555403157297,0.009548063768533956,0.01856141744680767,0.021972799931942476,0.019655954112697525,0.014982581481416122,0.011231431794180487,0.022045498435780967,0.00976244519258348,0.0204550771020231,0.02090155098408476
1391,0.016670190111234894,0.01822765473334821,0.012444574187336098,0.020168407218180983,0.009541457134322145,0.01850845414305996,0.021955005182376988,0.019566938006265227,0.014963994384908884,0.011216997861636815,0.02198893202234529,0.009754527309890161,0.02039683541375521,0.020890397921657592
1392,0.016608533682663296,0.018236291246945327,0.012443034897875833,0.02007567022297785,0.009508521807017074,0.018451505752345023,0.021884335833582836,0.019505770703548114,0.015006913468107555,0.011217618475965682,0.021893884450425567,0.009720768358504191,0.020342143696258978,0.020826157431572685
1393,0.016572656018871004,0.018229518560169362,0.012335452068338361,0.020006455675220153,0.009496510222571749,0.018387720846540202,0.021822865321114097,0.019471639122641275,0.015018495126296076,0.01111251828419448,0.021822668107173808,0.009709828706760845,0.02027845167296362,0.020770469248798266
1394,0.016523769925750238,0.018138117462241064,0.012259661349658973,0.019950945037086287,0.009476367694810873,0.0183389255707063,0.021783454773428763,0.019415548056207238,0.014939465922201092,0.0110452902233562,0.021761138762126243,0.009687407189969247,0.020229175391401177,0.02073474368121705
1395,0.016476512847971452,0.018073522314182515,0.012261171067166097,0.01990961370005169,0.009400005032930564,0.018290450916691757,0.021696994094843075,0.019356244736169443,0.014887373588092105,0.011059013385209872,0.0217220140318918,0.009607039350105021,0.020184372383056037,0.020653280070267125
1396,0.016464567219235313,0.018015846725731456,0.012203056862748049,0.019887371705226246,0.009348954026302737,0.018211616523183677,0.021607526789841357,0.01933278919170064,0.01483600776173922,0.011011914272163546,0.02169866191251686,0.009556287775725062,0.020097160519149906,0.020567163633744945
1397,0.016428661178939097,0.01793778040999851,0.012185867692383215,0.019836840937623747,0.009348674855689208,0.018122526919261448,0.021515847089714744,0.019293164189328044,0.01478767568780117,0.011013100924652443,0.021650529309591413,0.009565683565775166,0.020001449400590995,0.020485769183133138
1398,0.016345495451552866,0.017909188351994877,0.012172688875712977,0.019795692052285308,0.009367628868859442,0.018042962401275616,0.021415144854471324,0.01919254972129967,0.01478634644414016,0.011004040248938276,0.02160519270826342,0.009589412414603182,0.019907857643279844,0.020383487904148772
1399,0.016260583649792184,0.017864313659934246,0.012068345101302601,0.019734954335482266,0.00940728503731204,0.01796553404160112,0.021309892360768357,0.019096173150551714,0.014763145538975807,0.01089580435946366,0.021541107717230657,0.0096375371149498,0.01982069382287078,0.020283995218655915
1400,0.016203037602523514,0.017812114010012193,0.012023975360786716,0.019624897528372844,0.009454951354305548,0.017905079635056047,0.021235979318469798,0.01903211926675611,0.01473144836985129,0.01085661173509768,0.021426400378523086,0.009692303890756454,0.019759450088259637,0.020222164321662867
1401,0.01617756625160207,0.017753938164667114,0.012013126570080601,0.01957886551644017,0.009480247248462477,0.01786738916965182,0.021184954876577716,0.018989769564524344,0.014683204424008965,0.010846653464406504,0.021378097004811053,0.009721728413538975,0.01972198816607597,0.020180589656184328
1402,0.01613972854707226,0.01767939148287996,0.012006598071499003,0.01949303398095714,0.009441781648789884,0.01780539072462719,0.021112391062587766,0.018943941648872996,0.01462178358455917,0.0108391090691268,0.021289502725971913,0.00968423225068158,0.01965775832836867,0.020117302489250154
1403,0.016123798858538187,0.017675885165778817,0.01197895040813286,0.019395162161556276,0.009409371649715899,0.01772035304189624,0.021075022678972974,0.0189211043020559,0.014628589476475771,0.010816566203936524,0.02117914731272892,0.009650274149060964,0.0195591604840078,0.020081696441994548
1404,0.016083748656353262,0.017639253686169,0.011938638717840172,0.019365367425656775,0.00940059077103004,0.017662953335903175,0.021021356247526417,0.018877209522101417,0.014612164231437547,0.010786352942997408,0.021150895897026276,0.009644740550504514,0.01950081912352927,0.02004011184611958
1405,0.01599320216007824,0.017609862557150496,0.011947725366574234,0.01927677826048382,0.009354900440901594,0.017659956121713827,0.02091928295781662,0.01878483340197425,0.014597143434326004,0.010807570843760104,0.02105615602054034,0.009597273770670094,0.019495571376775593,0.01994373273260406
1406,0.015940042287811033,0.017604329893876877,0.011939534174689473,0.019252103719989255,0.009341850799326994,0.017643557585502984,0.020832317191865363,0.018726093343683994,0.014587358885610788,0.01080322929899647,0.0210310293594186,0.009587146052837404,0.019474015129938575,0.019860079898717003
1407,0.015903303391796617,0.017531918753136793,0.011933835799554713,0.019278753398759438,0.009337288569273187,0.017607223842296696,0.02070433906882724,0.01868166616425922,0.014516915156416512,0.010803914371808743,0.02106591848313528,0.009585786650399207,0.019438555446769513,0.019738763701364303
1408,0.015855812092509577,0.017462755496931652,0.011886678039339361,0.01923646752147754,0.009304955130428543,0.017552966038048668,0.020551369334138078,0.01862378618184389,0.01445183715067442,0.010761212366644872,0.02102111492033375,0.009550667050315913,0.019377200150447603,0.019585652556585897
1409,0.015797008901590383,0.017371205292276457,0.011754821648742543,0.01921888688264336,0.009290465876885349,0.0174429248758421,0.020479611111254,0.01854703962750233,0.014363083746762255,0.010626499396854457,0.021005700972850858,0.009538429593710243,0.019257059483116786,0.01952222130409311
1410,0.01572743892494457,0.017300117746965025,0.011632234141907404,0.019212089364309567,0.009264646024702125,0.01734421316350292,0.02042652582839502,0.018447883286361495,0.014318315107749767,0.010509750881866156,0.020997420838262754,0.009508395741612151,0.019149108731704386,0.019477250692597467
1411,0.015734897639846226,0.017266831798148544,0.011551445217906969,0.019163951604974205,0.009252327969576105,0.017283585302129787,0.020412487088089192,0.01843736952801846,0.014306329404372568,0.010436501670773542,0.020939820135578904,0.009491437069908248,0.019078704479261625,0.019464831608990783
1412,0.01572766724416297,0.017215579919431685,0.01150085529165948,0.019100612539046668,0.009238782347254275,0.017211850364763987,0.02042629449296283,0.018426135216119216,0.014267448353866641,0.01039636046731458,0.02087371989744413,0.009479894422050774,0.019003753808293434,0.01948648637353799
1413,0.01566745707626489,0.017226169404957206,0.011459118903175023,0.019026036906239198,0.00919218317845381,0.01713981643474061,0.02034770740707538,0.018352905476929846,0.014296650127528423,0.010365760655882456,0.020790113388591516,0.009428351500671932,0.018923054288932376,0.019405805280475183
1414,0.01565669247506994,0.017223595088327454,0.011452976838886847,0.01892497958003965,0.00915608518277981,0.017080980832865616,0.020249532616557465,0.01834652939494742,0.014313711327542158,0.01036753175120782,0.020682085175091087,0.00939172030741719,0.018859509935880363,0.01930876836686025
1415,0.015587620505032741,0.017220604069067863,0.01145492665478014,0.018853581138797877,0.009121905098554291,0.017047019736963164,0.0201832195565655,0.018274377888616807,0.014339416541436733,0.010369013920540574,0.02060574683530242,0.009358144177575557,0.018824192444085872,0.019246623385533745
1416,0.015511457787760613,0.01723373075015121,0.011428903254387559,0.0188094665237752,0.009102729365505451,0.01702492150815625,0.02010216092641892,0.018174097021062628,0.014368855148994173,0.01033625475968813,0.020554566165376598,0.00933831934761952,0.018796333624548297,0.01916733304146288
1417,0.015502002381412316,0.017134526670577525,0.01153150992753485,0.018934186457931136,0.009134500685861902,0.01699219698224598,0.020090840873714783,0.018158305560560566,0.014265858269601597,0.01043237441466521,0.020687287358865984,0.009371326918348301,0.01875746405869858,0.01915929862897243
1418,0.015454593350274609,0.017092825336189478,0.011544819990544025,0.01891825358761604,0.009117204808027935,0.016961007336655322,0.020084291005475485,0.0181064719803046,0.014230596173074834,0.010450599083731289,0.020670723006402048,0.009352788866227509,0.018724942773402687,0.019158265477386152
1419,0.015361379408064427,0.017044219568139413,0.01152749875354112,0.018809501831161153,0.009060793133389025,0.016902740324443166,0.02012689443871973,0.01800392471546724,0.014164692927705237,0.01043976296492143,0.020548001591010147,0.009286826856022203,0.018657098567098976,0.01920435972262723
1420,0.015320186323104229,0.017001665633382367,0.011523608371861989,0.018751808371032377,0.009026115965765495,0.016867455235919364,0.020110160732536436,0.0180702625705459,0.014205184418956652,0.010503222479961744,0.0205997383691891,0.009299439108968301,0.01872319805077041,0.01929696505894538
1421,0.015304641339146469,0.01700968056904737,0.011444867968280863,0.018593205111147714,0.00896486039333776,0.016851232208568923,0.020046832839623517,0.017969360388173147,0.014158884584831173,0.010383738905877172,0.020307003618691668,0.009179979326207524,0.01859872246360054,0.019117370024490498
1422,0.015287439214799648,0.016988271654994853,0.011362110910694688,0.01852506633452322,0.008909202603724785,0.01682303670155522,0.020019275017293458,0.017950279091132282,0.014147867350267698,0.010307749226963593,0.02022776075076942,0.009116691082944564,0.018563467667896922,0.019083997121798715
1423,0.015305231766702534,0.016905582570822385,0.011303311460065957,0.018600381607257938,0.008885928893759904,0.016792130518281448,0.01998120351147639,0.017978401504049245,0.014075504704358,0.010251350521541532,0.020313856245302485,0.009090294872060353,0.018533385245627833,0.019044540251008196
1424,0.015273695128906379,0.016873167753419065,0.011264468056922583,0.018597483375657243,0.008862948602626928,0.01675968357269736,0.019944800963747955,0.017938036294373214,0.014046134782725685,0.010218613237656158,0.0203066919535409,0.009062143237156942,0.018494229331834994,0.01900533884337851
1425,0.015246216151905143,0.016881550558011556,0.011233566144265655,0.01856578892793641,0.008815133175700441,0.016760854356685454,0.01993995880820221,0.017878852508733892,0.014053638842917585,0.010197670624539036,0.020272544609130465,0.009008801400989485,0.018494648102367995,0.019007874474059962
1426,0.015215201681980386,0.016901060648150425,0.011189159272154676,0.01852949850409959,0.008824612905082456,0.016737661315233188,0.01990762827286662,0.017879328115855683,0.014111402110791932,0.010181058345932538,0.020286490620704072,0.009041555204294477,0.0185154677408745,0.01902933326576752
1427,0.015118166552822833,0.016954892587094914,0.011119782740580795,0.018435360851182036,0.00890847685298896,0.01668448715768772,0.019815181814567734,0.01771986456428488,0.014135517096698929,0.01008625744815139,0.02013156597031984,0.009108973366661962,0.018403494278630698,0.018892759577226487
1428,0.01508451726177746,0.016982956288899047,0.011090789280856609,0.01841173895435204,0.00889310815236885,0.016650189475814956,0.019764442323371434,0.017705399170057305,0.01419363670885989,0.010072791825248024,0.02013563617661846,0.009103802143953533,0.01839001876482549,0.018873122451211945
1429,0.015080222050374684,0.017038339870829297,0.011037320599136792,0.018446024566208755,0.008823515507036271,0.016570500706157548,0.019755405723892002,0.01767937288383549,0.014237673364449149,0.009991289452761145,0.0201398133188559,0.009009223266686265,0.018272989088011834,0.018835975654601746
1430,0.015033010590797804,0.0170254536282676,0.011008209641141848,0.018478894439467063,0.00880637280358166,0.016548686851760433,0.019738024477850932,0.017633522530950914,0.014226009909589018,0.009965028829425127,0.020172306779779218,0.008985977144658076,0.018244856801231862,0.018817467462451918
1431,0.014996553558949062,0.016958874650338546,0.011099048957299244,0.018567540226673875,0.008760804576960582,0.016574552396954288,0.019730104092130045,0.017633729574306884,0.014175483582212538,0.010097420554765243,0.02029939764609921,0.008946117323001077,0.018299059428322516,0.018838978799897217
1432,0.015006201129588321,0.01691928199485144,0.011103254816980473,0.018590967880465624,0.008756803782375824,0.016599987630353603,0.019701710656865292,0.01764301129447435,0.014132977814249655,0.010094596891203289,0.02031003447950694,0.008932799810092583,0.018316068723515846,0.018798705166203022
1433,0.015005509708844868,0.016821053489088023,0.011041302050933358,0.018588682975513426,0.008843841738092011,0.0166750477402762,0.019672597432666094,0.017730797239938402,0.01410637142084169,0.010065068320474036,0.020398374508620105,0.009066980709194906,0.01848181036044474,0.018851529256003665
1434,0.015096229967681531,0.016824133701698385,0.011061610681958114,0.018496299350235845,0.008887835116140469,0.016680300195825365,0.019675297183772,0.017798961233754025,0.014074733601066113,0.010019869161706673,0.02023242318407084,0.009085936814680767,0.018426169300575623,0.0187945054639663
1435,0.015142734250042965,0.016829570981217436,0.011091832957920718,0.018404384078461886,0.008856610532403903,0.016740320778815335,0.019670056542593798,0.017845028563161537,0.014065135594714617,0.010010943141692161,0.020107975516651954,0.009041245137280928,0.018471061538100644,0.018764073291325407
1436,0.015127023295324818,0.016830747941109416,0.011233098494642954,0.01832864061970262,0.008842458328943082,0.016727815594559294,0.019769807267686977,0.017846662072853466,0.014070681748270465,0.010147085099697611,0.02004861272244175,0.009035615084849822,0.01847563081284483,0.01888109270135308
1437,0.015081314869761523,0.01683923377184876,0.011208149097651025,0.01824812708165141,0.00888347512210094,0.016645667590325194,0.019841098063742988,0.01777166610226515,0.014078275141827828,0.01012025613914453,0.019944554220904857,0.009071041158515508,0.018376413535888977,0.018947073843805277
1438,0.014916073921800714,0.01677470665466892,0.011142436681140323,0.01832664982962823,0.008927670870533614,0.016600493781127695,0.01994096905188094,0.017641859630509564,0.014065457830073295,0.010130123596382002,0.020133236857109275,0.009161121708386304,0.018429445609607797,0.019155455341811557
1439,0.014886365126979245,0.016758541992535368,0.011165651996549845,0.018497528425203805,0.008931146543067607,0.016525447939055467,0.0200284618243923,0.017485546366596303,0.013956313261169041,0.010100502383789381,0.020207931526305588,0.009110183355429145,0.018248255931897012,0.019135167345100693
1440,0.014998245261352298,0.016848767375782843,0.011091481370297656,0.01861669955847889,0.008870563627700253,0.01648105413893789,0.020012824019485276,0.01759461903920528,0.014063939955607067,0.010021025138089753,0.020317784034291332,0.009030836362174121,0.018185228082924165,0.019095846020611214
1441,0.015079057899879036,0.016978964885724257,0.011024064542626702,0.01876321845457268,0.008871693924552542,0.016522275583365928,0.020037692214493027,0.01770157695015133,0.014211450401751119,0.009972909589581665,0.020478849153352664,0.009026188659550226,0.018228354817217404,0.019113687295115252
1442,0.015192817129733428,0.017024563351626443,0.011124241715171611,0.01875713960939612,0.008886355994457843,0.01660795302508958,0.020044173260787057,0.017982397476066357,0.014341906698958873,0.010143614826950373,0.020589413077088593,0.009088409437041601,0.018422098813898235,0.019220674094033302
1443,0.01522319546803231,0.01699916194028465,0.011200947672131398,0.018621859897761068,0.008842081201809229,0.01669695329754841,0.020054592330785645,0.017908351724800133,0.014206465760177556,0.01017031896428599,0.020292242851187123,0.00897435559657324,0.018385575621278485,0.019097983614107212
1444,0.015202508438878026,0.017064887663403763,0.011042979648923092,0.018592928484784135,0.008837856228860932,0.016662088607899247,0.02012048405637373,0.01789201334061454,0.014250246581437783,0.01003994669040618,0.02026092852425375,0.00896927502269575,0.01835101809549329,0.019190236359668225
1445,0.015191611378370162,0.017117609177299892,0.011121422404424862,0.018456484788576633,0.008814942141161956,0.016614685141365854,0.02008428384567505,0.017872478436361805,0.014250720297086501,0.010122211924937678,0.02009774125455159,0.00893600755181139,0.01828960931346889,0.019161118080670368
1446,0.015197820044825753,0.017198090242883327,0.011219779295083497,0.018336837755998585,0.00879313205323309,0.01663660238587379,0.020022053105006585,0.017816337939909225,0.014315146453141763,0.010225026506849342,0.019963652273650802,0.008903103543362182,0.01830467618367834,0.019085761905379757
1447,0.015247435730769417,0.017473695661367507,0.01104295438941731,0.018391725254153432,0.008773325052516422,0.01654784448433081,0.019880299492652305,0.01784234392693046,0.014640031569751874,0.010038017213488619,0.020021693825378193,0.008865323130061603,0.01820186948477163,0.01892989641088726
1448,0.014962915910651494,0.01750959629061126,0.011153349791127767,0.018292351518415136,0.008733973524433515,0.016564756331117533,0.019881764871068085,0.017561823409452938,0.014651481499426518,0.010112245302056882,0.019907413098353796,0.00881222981346043,0.018228350343581265,0.01894110845226617
1449,0.014738555396695002,0.017402924479295336,0.011188592619998496,0.018309618487469165,0.008776644734108831,0.01684233471770031,0.020210235225774826,0.017350280925901327,0.014504311286005114,0.010148130923940412,0.019929127236594662,0.008853330678828925,0.018546404128556942,0.019266454597381643
1450,0.014862369217303315,0.017422139712590656,0.01107688167947856,0.018604863136588188,0.008594694082347101,0.016782467685074794,0.02044360848664172,0.017507849032052,0.014509016120841428,0.010030266364266164,0.020234393113879832,0.008645352658110138,0.018475462148570473,0.01949868863426506
1451,0.014963734189675235,0.01376650354289323,0.010038846010598733,0.016389884194168723,0.006212933042500017,0.015364124335182971,0.019350067583269282,0.01773787202929597,0.010848345911285482,0.009410265787622137,0.018345479667347165,0.006777779524192491,0.017787242149537596,0.019173793230958205
1452,0.01511479837990822,0.013646660093726044,0.009953914507817446,0.01663429040013826,0.006199367695316179,0.015283798316883607,0.019789304723896152,0.017937287046777023,0.010716812126710724,0.009383021654046364,0.018622234082257855,0.0067679563939091044,0.017689370316753952,0.01966953824433778
1453,0.015278387488861546,0.013619412658418662,0.009949681588941247,0.016666664706333392,0.0061081780203140566,0.015199532150109572,0.019905267276206756,0.01814617273210615,0.010695087559907219,0.009410221221640699,0.018660003510808886,0.006666048813060191,0.01759914002108025,0.01982370050101977
1454,0.015611946775803758,0.013908199575803405,0.00997252384174876,0.016573264625194734,0.005961266579063648,0.015118506959142927,0.019573320967905185,0.01844751160809232,0.011135377593849754,0.00940686830752081,0.01854422613493868,0.006492878429897753,0.01752099974552277,0.01950412261914339
1455,0.015779446707444862,0.014037943187761113,0.009995162083367492,0.01656713027454125,0.005906847789208305,0.014971851682200095,0.01947671357110837,0.01860798995131513,0.01128854197241346,0.009397353919334136,0.01850367131440515,0.0064161224202705395,0.017341322209047005,0.019409339336280286
1456,0.01583814191994121,0.014055920654672984,0.010048194756785117,0.016633468610367744,0.005841588984784596,0.014731704008510467,0.01919884202272292,0.01870935182680262,0.011184995202127136,0.0093714335845176,0.018502448203401398,0.006308014552384754,0.01706477418197338,0.01912819739946108
1457,0.015921740257635316,0.014072434368807904,0.010070802000893294,0.01664774344841138,0.005917655148576427,0.014711799165726215,0.019255759017384164,0.01884399576323708,0.011153218341575104,0.009343410530774586,0.018499495125610905,0.006376989220576255,0.01705014342522657,0.01921802702493222
1458,0.01561421162492297,0.014094181386282292,0.010127638843463417,0.016618522963147628,0.006061392115468452,0.014853802392883423,0.01981113533887319,0.01858337209966883,0.011059540277810781,0.009304911281579887,0.018461712763464266,0.0065303311732314425,0.0171937098548245,0.01978267876777412
1459,0.015732287450381383,0.013952286331549893,0.01005504960039811,0.01669231287949002,0.006854829353046549,0.014827747261985711,0.020108187948481706,0.01873685454483453,0.010775190450989512,0.009166132059651383,0.018509444376104144,0.007381918245068988,0.01712424967118149,0.02009434076556031
1460,0.01573040392817252,0.013789671284547314,0.009965085131443294,0.01662395636227012,0.007108159834512217,0.015007590210960837,0.0203177958561304,0.018752819200720337,0.010548095472210972,0.009059690094569627,0.018431568132405575,0.007654453362903121,0.01731577705823905,0.020373293338678995
1461,0.015945427079980628,0.013340369787563722,0.009651277286865118,0.015940113816984892,0.0071504017293153215,0.015713374229100848,0.02112892193436244,0.018910879429057025,0.010133896838276198,0.008785093553145584,0.01771163769198798,0.007701782081238484,0.01807549886198742,0.021376578804337885
1462,0.015906991301587715,0.013166686273514121,0.009849523472241611,0.016122198821488572,0.007245312096466587,0.016070040783458313,0.02131233316625839,0.018849806155407954,0.009904357968727295,0.009020053386071241,0.017908938353583703,0.007794183475337564,0.018479442693393733,0.021604745426029515
1463,0.015543784656957348,0.012980543110528896,0.010756870663147714,0.017173975414609337,0.006956082335942117,0.01638201074798477,0.019900615864281625,0.018341545290556514,0.009578044739612136,0.01008638893691116,0.01904360507741212,0.0074595672151532965,0.018890310080596672,0.020162200780198775
1464,0.015457163516810191,0.013011321934931675,0.011446884007372718,0.017910256395206558,0.0068774107783418584,0.01669817985780104,0.019647955209766664,0.018313718175107387,0.00967724960500029,0.01088156628201287,0.019819111939932865,0.007356039142563763,0.019277337358007227,0.01988371416382716
1465,0.015027008902868845,0.013118473924911672,0.012531782957054411,0.019996938213558007,0.006618383987091555,0.01687075166335868,0.019793463906607887,0.018362299126599015,0.010002333214133814,0.012068206988890228,0.0220485846775537,0.007069456515797171,0.019585334983793314,0.01973677188722054
1466,0.015345971173252156,0.014035472045216801,0.013415787949535298,0.021246345793434325,0.006407750913359509,0.017032276531306692,0.02008041645100112,0.01884723668248219,0.011202221275634285,0.012966776210805369,0.023348145239830746,0.006827444511360745,0.019847845895668903,0.019917525149804043
1467,0.015888966366635573,0.016211370359646492,0.012906777043570237,0.020897494501850133,0.005586463275610142,0.016444956718436782,0.02051230993309868,0.019437537408325923,0.01402032683482226,0.012431911205122416,0.022838890638808392,0.005969480057411603,0.019203876312558783,0.020357975573874518
1468,0.017669227730884404,0.01807680237794329,0.012296854362674407,0.019702570858434975,0.00700705719621394,0.015930096675874906,0.023320878614216608,0.021258252238285008,0.01596806738713716,0.011791516001225539,0.021509253104293833,0.007511369325394763,0.018600702279775276,0.023475239411156333
1469,0.01771535871341346,0.01981692377020637,0.01206619238391449,0.021281980591643778,0.0074279829151333715,0.01565248329734527,0.02520982395675677,0.021293398474415456,0.017885045509277067,0.011323503873590024,0.0231955588624963,0.007940037762047693,0.01831861556994921,0.025557321223787875
1470,0.018316290486081972,0.021866356875725163,0.013557973947808931,0.022342821046001854,0.007139708427799848,0.01661903117794688,0.027559721543725088,0.021827171694265242,0.020289281632438323,0.012834398995815592,0.024320262634152365,0.007540026130669986,0.019330553688727957,0.028172009469280928
1471,0.019212577800342592,0.022450197452431354,0.014337444979342499,0.023061309928777255,0.0075878216449798,0.017181646358925187,0.029014963941748708,0.023029087183588284,0.020911231070989005,0.013610657475783636,0.025072140374596354,0.00802092325552204,0.01993272858964231,0.029791853434365117
1472,0.019508631752639963,0.020247614538115195,0.016004975195695714,0.025562261008462206,0.009239677006603808,0.019138673778863698,0.027791717346457318,0.024812672022089276,0.018916602882402666,0.015289374836382734,0.027734189312208373,0.009829569417217314,0.022126937647346783,0.02824573546770076
1473,0.02092016100477436,0.020866826357072016,0.01767054651238243,0.026499632768707523,0.00991978868137285,0.021354550710864173,0.027245688241911117,0.02673332097427009,0.02007489217176482,0.017028382824691518,0.02877441070102247,0.01059937255660921,0.02462556759324473,0.02766895681550351
1474,0.022636336771567987,0.02224555511763119,0.018776668183614616,0.025802231239793808,0.009527644312613706,0.02384165600292929,0.026883326018542493,0.028356786914853813,0.021771250537273586,0.01837496193457982,0.028144280185886546,0.010258788720349117,0.02746046491248745,0.027904185776498308
1475,0.02595305600499318,0.023671089783595698,0.021195650614045162,0.025898885764774077,0.011263291611307565,0.027581628138281165,0.027764120464053577,0.03227039518319192,0.023500249337162018,0.020810315313813908,0.028335409189610392,0.01212003150099498,0.031780580590203396,0.029232559743418013
1476,0.030883118250893873,0.0237724708037875,0.025700115746348253,0.024367439415343767,0.013454185761035577,0.031597638242568366,0.031099764282238106,0.038164056567575017,0.023440690067293393,0.0252278835627419,0.026855596375734102,0.014507497666607484,0.036421570817963066,0.03328033640073059
1477,0.0390106558248628,0.028127221400228507,0.030388699300062882,0.02181069283308976,0.022435215063250087,0.03648396613558397,0.03846467010027398,0.04689368567373113,0.028359547993444544,0.030088070260848827,0.024479547770988253,0.024541968954317112,0.04205943818354293,0.04138818845684229
1478,0.04824975280433892,0.03023992284908124,0.03826037583247523,0.029331807089235773,0.0297781980478564,0.04362772101380587,0.04111477271678728,0.056947178554041036,0.031763255480469425,0.037015807515074856,0.03238121128507339,0.0327534341400048,0.05021300593122829,0.044592629614305226
1479,0.06463093915188244,0.03884004856912891,0.047169541024412294,0.04572792219387386,0.03930000722135285,0.052388668822524985,0.0421308711258562,0.07496017173661093,0.042122725182962464,0.045331994509081736,0.04976513854879969,0.04276687519655579,0.06033909563408421,0.04563041718624964
1480,0.07673794245977893,0.05032454880572609,0.05768392667577027,0.056919026766642455,0.049652748886852865,0.06006594183124523,0.04777901717066812,0.08627980702112872,0.05347538291658164,0.05552190011226164,0.06288393866950982,0.05508496992144359,0.06957506228097868,0.050816381756876444
1481,0.09651281321040202,0.07395390026707428,0.0875681846970993,0.07479703987907745,0.05936579171330379,0.07277372810615278,0.07816848688279326,0.10208028947914342,0.07645397410958475,0.08438395981545156,0.08356828202004307,0.06764685811889139,0.08417590028684235,0.08368022564982484
1482,0.13094446629649112,0.09712683572395144,0.12381425591823178,0.1041903974261232,0.08273083992091486,0.09678518437662978,0.11422044963609948,0.13380350157143384,0.09874432873266578,0.11956050729806014,0.11712829458776833,0.09548488518277709,0.11240668358141616,0.1230543258182014
1483,0.14277044181118398,0.12266171340599918,0.15257456595656446,0.13825740998965647,0.10553876885228429,0.12340565792379031,0.14320237940699504,0.15046278194861887,0.12644759389156773,0.15032970317105954,0.16538213078987382,0.12613388840081352,0.14482395041706433,0.15353958081653873
1484,0.2072989057672411,0.17910934080386826,0.22379227234882568,0.19281983064320055,0.14269903534324538,0.15789562042759503,0.19324651742071297,0.2215623111566374,0.1830872978497287,0.21747551382126812,0.23333914255386126,0.1751579751811038,0.18884020219720993,0.20770533314153228
1485,0.2927779511004495,0.263730473045088,0.33776790665122386,0.2650847844767605,0.19953629876615722,0.17514427981451106,0.23730066474141723,0.35371563297689634,0.2646780788389748,0.3018740020674391,0.2888462500143013,0.22100600150053304,0.2100915132206995,0.27439804571225673
1486,0.34147516924096716,0.32882492673273156,0.4354012612607121,0.3368582412880487,0.25120095451884095,0.19523051804272115,0.24915677294132188,0.4399000061767807,0.31706820911324857,0.3302414442399021,0.3041651844713987,0.2458347366091458,0.25173811706070787,0.3135493556966025
1487,0.3687051743503555,0.3490394546433098,0.405123626936049,0.3663543653069624,0.2731895811794803,0.2415312193179553,0.24282085190204347,0.4474328851206319,0.31546991706728705,0.28712100755878883,0.316448387626915,0.2677523509099627,0.3129543228765304,0.2793704158992796
1488,0.3915720594158489,0.32696815075071656,0.4310289924792893,0.4125125005023728,0.31632945077522495,0.23794994814250736,0.2764864262789678,0.4116808536111511,0.27293413541841777,0.2968339187622939,0.3554476923112649,0.28999813241055494,0.262797775189114,0.28645969256069637
1489,0.3732103447664481,0.33171869667375015,0.452587197806254,0.40622229395123366,0.3330920142643423,0.22401606921823206,0.3088011593153004,0.34554019352802,0.2533054744572098,0.29443445008727337,0.3388844790274403,0.3105191887320301,0.24558409737979284,0.3230999589941759
1490,0.33422891846421166,0.2941868375319244,0.46022688572480597,0.31872537142997975,0.3057569554559626,0.219289266895862,0.3215191891244928,0.31618602148763314,0.2213283753830711,0.33642882960704884,0.3044143420823704,0.29538559083152505,0.23192337826830287,0.3337858292050171
1491,0.3269475319388856,0.2762758123411334,0.4591056182590409,0.27756387518965175,0.27603069853329143,0.21036129029269793,0.31314819561854473,0.31572854739928347,0.210800157142322,0.3416064089873392,0.2732581654989551,0.27324765516785465,0.22346116322437293,0.32726954385783125
1492,0.3048310128235967,0.3046044602411504,0.45125413482680826,0.2634091207191876,0.22828655424886796,0.20819021705004043,0.2535115244393613,0.3279078615212142,0.24923771027748512,0.3348359172051991,0.26433847669915045,0.24872705870736467,0.2596331542318354,0.29165890969663855
1493,0.30145269153154336,0.29813335297281235,0.4204281539907984,0.2790373160778568,0.22830425745665534,0.19351486113136832,0.23657800362387837,0.3316109417900961,0.2478952718871005,0.30280440230729133,0.27596215448390304,0.25806370138063817,0.25706951164913894,0.28590944687601677
1494,0.3055344190783495,0.23227231363249826,0.38052721760588687,0.3240099469392696,0.25314944982712184,0.16863597150898563,0.23456078723917093,0.3408707089818025,0.19918506619013396,0.2557730254621046,0.3004570408776783,0.2833527852698825,0.22514757719724285,0.29217708215404664
1495,0.303774111746511,0.22729838220492526,0.38762591932812046,0.33914418675467334,0.27046966282838697,0.17409096882166877,0.2520929020088105,0.33517501542087974,0.18980282866098117,0.25117237391166847,0.30001974143788895,0.2934151699056768,0.22580218340806973,0.3046653623419092
1496,0.33158686317478453,0.24267681441601746,0.3937214239639413,0.33820978948813213,0.2683757715603089,0.21408108852278201,0.25474877040319505,0.3341890894593392,0.1910278248164232,0.23898164055214105,0.27791642062119054,0.27346754416838936,0.26340350965744486,0.2947987484026525
1497,0.3273936963385854,0.29479478652588426,0.36210400964873535,0.3206191542822301,0.2519847675825669,0.26150982292638375,0.27979094283455874,0.3256412791631429,0.21751632635965232,0.21344909475946602,0.2537011776676928,0.2411052554041812,0.2909379368397942,0.3051646296215266
1498,0.29097746899600635,0.3290667042252781,0.39788521462714455,0.3007065023108419,0.2633045921333333,0.263664617312937,0.29668031126191097,0.31864089099963183,0.2177777044397049,0.2412596202399468,0.2392094015800123,0.2341755581743185,0.2631864657455016,0.29042919545391827
1499,0.2973856362443632,0.30388384698258597,0.39214486235961493,0.322118907983605,0.19421934056999415,0.284058822689614,0.3241655977104713,0.36057536668477197,0.22258996997659686,0.25643191918440866,0.26625149077990773,0.18009177193225856,0.27279809582819997,0.2843371402189783
1500,0.28313020120703164,0.3176463704329883,0.4386006193848166,0.29964085489552195,0.16985357651700186,0.23209730216413874,0.3471900423080514,0.34593834836473675,0.2600494135397405,0.29519689453681847,0.25496432592354795,0.1736063120609097,0.23496521567812864,0.2998735590764249
1501,0.31107598217233046,0.33034983516476973,0.45026852849232285,0.26489057864784865,0.2275084076999293,0.22837186193976225,0.335325493109968,0.40772326145340776,0.2892332188946163,0.3414440618206494,0.24470271821902342,0.24151914256224113,0.25471616781435574,0.30528631976208526
1502,0.3226420037768365,0.3410882443067938,0.44288563114831997,0.2582376225963637,0.27103174265671776,0.23170035686231316,0.3139564100264743,0.40105693645568247,0.30109752215106,0.3492735958210738,0.24040342796694156,0.2874745846357681,0.27160271683288717,0.2970005560296018
1503,0.4073245139013335,0.39558017914342886,0.42735420257489787,0.28987289544200817,0.3438656877165787,0.21135362572894217,0.2876357908016837,0.3498215210916544,0.3064914229424691,0.3233475326455518,0.25761253525286115,0.3506331897879905,0.2831202822945098,0.3166050373500163
1504,0.4257874154330026,0.44335436911975246,0.4290671523576282,0.28924060265173085,0.34897808045937934,0.22001336972569913,0.28947984024617895,0.33976499977668145,0.3050282015611531,0.31641371334526397,0.25565072968527397,0.3562406357458751,0.3007209453433663,0.32722489343859573
1505,0.4489692987005961,0.5521423313242125,0.39688270163978373,0.26413373261902673,0.31968564373056396,0.25415853083405066,0.2817862820041775,0.3930301441951033,0.3104175761619469,0.28973136172246944,0.2268037845808339,0.31729393036811626,0.3382252861710682,0.31367917331552786
1506,0.5142243957947487,0.4867695915854776,0.4629281400936527,0.28332897670332596,0.3008078682815989,0.26731448417919274,0.30293260718059495,0.45662083722679114,0.263253731545388,0.3107820201941342,0.2319061297329988,0.28314648605484327,0.3039361908658996,0.30580538169708293
1507,0.4699059500905484,0.4141314946488763,0.3876074873836261,0.3098408794898093,0.29357637591223623,0.2289338928977506,0.29548144763106554,0.4199863042730275,0.18977355143213487,0.2478259903354783,0.2932729731855091,0.3059100535362155,0.2536568709224663,0.3015065241163628
1508,0.3659721171021226,0.33130632220067213,0.3413524392595794,0.3127769377313649,0.30754521654099876,0.2014132967633867,0.28901246184087775,0.39853753741411735,0.1857134950424669,0.22455941529150705,0.3207238376289078,0.31797989270065635,0.21475379454568008,0.29924350894900076
1509,0.34022545719986,0.26379723982741027,0.32038929450245973,0.2868606264448394,0.33251923876848466,0.1834194331742206,0.24863441128754238,0.382799320405616,0.17507243918437368,0.19704395300037875,0.28898872698889766,0.3172148418757268,0.19904796367689073,0.2749968416183194
1510,0.37014331135235073,0.26919875442524127,0.2899676876713609,0.28528362026577014,0.3064018101057359,0.204862393952518,0.23528696428110962,0.40725491256826846,0.18886190244553938,0.1665188225287404,0.27829318969674305,0.29165970237542843,0.2524898202762782,0.29391430627555165
1511,0.33247356838391484,0.2438194922400685,0.2680686957010562,0.22380853254214314,0.2704600173687508,0.21350755175473266,0.23341832454333966,0.3682879040974862,0.18363146363117325,0.16221402285746278,0.20401292751875388,0.2528110728805619,0.2677407896309183,0.2945901268957885
1512,0.3016856009530074,0.21719068103278025,0.2701256776118283,0.22074057442961348,0.27281818170174305,0.22257024480191523,0.2299830577916657,0.30073798749234965,0.16372898629795485,0.16997916607646382,0.19556268780551656,0.23710360772026412,0.27401798462360366,0.2935329030861418
1513,0.29882693568538415,0.20479566600297405,0.2755829031830813,0.2426708373024403,0.2624516211913212,0.2232584825602923,0.2159132797080247,0.2800387686098867,0.157028902626282,0.17849903686091742,0.2151616543022845,0.22691131147145988,0.26529910931464806,0.27424837452538076
1514,0.3270677017969316,0.19827232011591298,0.28770637683815964,0.28232263727557777,0.22131255177928208,0.2056045453290239,0.1956754740662522,0.2683276255321157,0.15215007515655263,0.2090800582995381,0.28109522358918887,0.2033368924789283,0.22184557644096628,0.23875986740375593
1515,0.34124278601258595,0.2100331133563019,0.31610424184722036,0.28586945065163555,0.20950634815184369,0.19394448393940827,0.19933975689221395,0.2659082536910477,0.16509179551824515,0.2432131853266007,0.2953494793319678,0.19582922507962403,0.20306911705946523,0.23970246821126887
1516,0.3347984752581691,0.24345687750454975,0.3691920950533312,0.27134269232874786,0.20815869785042002,0.17530931566408586,0.19292197869427236,0.2480226687527842,0.1893124088328931,0.2910355204702621,0.28827494865562764,0.19839086474418396,0.18017456083041694,0.22910310978333737
1517,0.3766784758600323,0.2487630527650734,0.3480820194474328,0.27078880214146994,0.22185914824809147,0.2037642424016095,0.19157244833828108,0.30125857242439735,0.20691870501760704,0.2685954306189491,0.2794343995018907,0.2241714373998513,0.20500750821661134,0.21612147574424678
1518,0.4109088999309808,0.2699799911295179,0.3141549369133571,0.2880002082250897,0.22384838583568847,0.2186336723605875,0.21239404665079253,0.371826809968907,0.22671519645627608,0.23722261118664167,0.2863930250044905,0.23168575953533835,0.2262921284920849,0.2452704964617431
1519,0.4229102877409334,0.24681286136961314,0.2902170934007222,0.30746696537631446,0.21638763286641757,0.251222950645751,0.2188466896233121,0.439271696618737,0.2305902758815469,0.23713909075847803,0.304087350776901,0.23329125873832132,0.2897100754870045,0.26470855881695665
1520,0.4086064506535203,0.2298487057151276,0.32447019934787136,0.3097407415888314,0.18907518836372608,0.2949775653705301,0.21697035236136777,0.46888453299321986,0.24464611279618384,0.27307391734430847,0.3016206998104645,0.21417766584621686,0.34396229933481653,0.26848959442737624
1521,0.38498420226564234,0.24814392974901117,0.40907951294609196,0.3513588809275168,0.16318122796414733,0.2839000103181824,0.20327337655298425,0.43929219748571746,0.26705812341213975,0.3479024166754798,0.336098891666746,0.1696603294433237,0.3342896974504632,0.26162245485381835
1522,0.42544078212027026,0.2272151783796645,0.4818383420336533,0.3637549958249554,0.21080586661096604,0.21557006167301565,0.19030629832197038,0.44413691709746717,0.24505795353278165,0.42478260957008873,0.33654128329810573,0.21292246321121214,0.2792931636542298,0.26198160087740074
1523,0.4321340043784356,0.22037163775089286,0.4195653374601689,0.3177537856367297,0.23649495361820708,0.19433335882641967,0.18447362847002183,0.39893795906814555,0.23888136950616445,0.3698306598247873,0.2801624756359119,0.23148147546869868,0.2590183008476523,0.2732171157891173
1524,0.38212244860070615,0.21068593756399634,0.3664584740279644,0.2831299498213469,0.22715570570874735,0.18090460801523703,0.17670943544699017,0.36381293163485123,0.2299533455433254,0.3213982866093676,0.2554721989267483,0.2236742840748908,0.2453490280036145,0.26226630550242935
1525,0.3169495586821923,0.20999215492175075,0.3038289992894393,0.2157073288760597,0.22898986403436916,0.17619379356860962,0.1534534306926128,0.33743653122844103,0.21654522991546776,0.2577782528324324,0.1997834950769105,0.2268391738847559,0.2448360129110154,0.22713660095042948
1526,0.2184058797392098,0.17403735335830126,0.26942660880701064,0.2076296946659191,0.20908245240663204,0.16505752412027472,0.13597875756394415,0.2624455183405474,0.18073983248871428,0.21827914011284658,0.20335135370674304,0.24052362796069598,0.24541302157645614,0.19419518873505862
1527,0.20110300538238643,0.2017943652195029,0.2530565331296353,0.2024811240451315,0.2103767567810729,0.14656766852063596,0.13362853716085143,0.24326377402518554,0.2127877166675694,0.20794737322302073,0.21387538196763195,0.25024132550262923,0.20501672534145501,0.1715577531043204
1528,0.19769407419836418,0.20336787271802492,0.27055950207539164,0.17116606517787986,0.20322660451257551,0.1329951789903979,0.15931446122415527,0.2414745441583314,0.20619066347130247,0.22221301800879664,0.19293198667073155,0.24238410210357705,0.17566451997799848,0.19106449953571525
1529,0.1882951316101391,0.17788678352719503,0.22190936800601455,0.14926783492846835,0.16347519062227447,0.14318304150261027,0.1611239249047325,0.21553156882530405,0.18508847364798692,0.1887075373307022,0.1701412997322834,0.19440996165274155,0.1794185249718764,0.18486542116232635
1530,0.19541040446342872,0.16991596976832732,0.1857419168928143,0.1338603494058336,0.14608601153168074,0.15065509665918056,0.16394740950232153,0.2061249544946913,0.18121789429903837,0.16943141858935734,0.1489324271614299,0.1561706247007649,0.1675477641842494,0.1756843109576504
1531,0.18428468066508408,0.12881128614746534,0.15550685456502117,0.1199270221438653,0.14023402753932884,0.1448058369055104,0.14006571802866713,0.18230729358644324,0.13059758326628756,0.14558215562744686,0.1320063484946112,0.14618696267779138,0.1541708510724694,0.1401869753341758
1532,0.1539673827652662,0.1025477926668738,0.155340712572018,0.1250992451765104,0.13002730080955202,0.14862197290003407,0.13076025785830425,0.15173471850765852,0.10275358936852312,0.14551713404138727,0.13440888953352395,0.13282735437582302,0.1502621893979821,0.12491559050877825
1533,0.13163705062781875,0.09957935356878443,0.14781949404416142,0.12704518835530587,0.10942173545831117,0.13332916926583616,0.1403502293928434,0.13575451747818976,0.10352333046886963,0.13668633861869992,0.128823784982986,0.10832277401422555,0.13148794985269635,0.1325097347729029
1534,0.10705400721421694,0.10498780697102417,0.1270951064227356,0.1138170205680446,0.09916762200285592,0.11596187847906174,0.13588896636367942,0.11167049289703311,0.10492451142056122,0.11567002798000858,0.1174326666195084,0.10473923832764453,0.12111296728766352,0.13210558002293393
1535,0.10172513908875186,0.09961554383599289,0.11638307164806018,0.10863583743867247,0.08899251517156948,0.10556765330127901,0.12962576587651392,0.10575896154683172,0.09810553878886531,0.10543545045931657,0.11329072449129039,0.09585834765920166,0.11305918594001445,0.12934871881606377
1536,0.09992999647216413,0.08564849134125876,0.11111590601964111,0.10685095011667799,0.07609335807906502,0.08898206627897483,0.10836760329213337,0.10334829557506305,0.08367893959145482,0.09953786298688182,0.11371366601261168,0.08285530646313354,0.09800400257887115,0.11389775198136716
1537,0.09731342140267177,0.07387157731811689,0.10459834240896618,0.10966486593779572,0.07749739935346647,0.07951701092921439,0.09154630792479372,0.10280114087396922,0.07533882752186191,0.09706954960619656,0.11648748598432342,0.08484177171413237,0.09165098445047618,0.10031483172383572
1538,0.08810325011360509,0.08261594544136823,0.10924005602724843,0.10220538800366166,0.06216238250109354,0.07660278108647824,0.0818049610666973,0.09705089743713753,0.0869504029895266,0.10347113151778566,0.10959546961821544,0.06898848686557922,0.09026851360557163,0.09063651691893691
1539,0.09032347323819899,0.07779477387778332,0.1178052066459392,0.10307978990692158,0.05384291024280757,0.0866302433815091,0.08985415469608068,0.1002341966400764,0.08603908107378673,0.11299995130899775,0.10878743767718249,0.05786966969645398,0.0987219716219334,0.09781841374388547
1540,0.09865987590482049,0.07813842769073889,0.10605959355332269,0.0997487603202636,0.05508583632568995,0.08725890012829648,0.09146285766696709,0.11328868170820812,0.08965462252494844,0.10468243496727099,0.10508397811501662,0.059364285799421546,0.1013330998325113,0.10128123828507075
1541,0.10978576936867142,0.08801104905649304,0.11049408136474362,0.0919576588742091,0.06978606073157763,0.08127286423606775,0.08346254923005536,0.12865223486115998,0.09576487768795353,0.1048049677212136,0.09646937524267893,0.07361181235279615,0.09372699487160996,0.09283090072899254
1542,0.12047425106147079,0.08253963730310553,0.11045170156782019,0.09519282208927361,0.0843076199805329,0.07297412653459126,0.07411078795223887,0.13184329187609542,0.08572593439851892,0.1034550957352667,0.10251792830830754,0.08760482612861126,0.08248898347544216,0.08176489110032784
1543,0.12838204675540843,0.07944980277049096,0.10054337209978172,0.09320854346544907,0.07466971222634775,0.07051857725972215,0.06701184377930805,0.1350194254554038,0.08017816112439637,0.09506234714265986,0.10322828608772153,0.078079192769711,0.07994498580946702,0.07263668920901337
1544,0.11438351981335258,0.07752633661140634,0.09913373900743756,0.10696844237488826,0.06293808704709339,0.08493702026300869,0.0709987777592799,0.12508703629173373,0.07741725943916414,0.09347366497923826,0.11799805318230559,0.06536232543541677,0.09609686777305095,0.07701553627732068
1545,0.09605236886123528,0.07654005931847017,0.09120538199601488,0.1153463119888184,0.06439559679446542,0.09186426744842582,0.09047651240348129,0.10646397708712098,0.07737903335619993,0.08792421652367094,0.1279200246877795,0.06735615673452884,0.10533587085039062,0.09774373052464033
1546,0.09447990133929615,0.08447454045387899,0.08989004860762963,0.11898255065066854,0.07065942191730676,0.10131179550387875,0.10381667830293258,0.10576888312710599,0.0857934981788876,0.08751682006065892,0.13225467780476932,0.07485682320386905,0.11717365549188448,0.11090253606634708
1547,0.10403912662735032,0.10028042274147028,0.09448534338074377,0.11452198349797023,0.0781767868827472,0.11388806325081785,0.1247778633154889,0.12119158351674224,0.10094515211340538,0.09128257717754636,0.12615142962472814,0.08463846375264483,0.133290907264583,0.13046420982130094
1548,0.11820838478982772,0.10470473315323081,0.10302179064837583,0.12745806137413943,0.08190121158159905,0.13283120039732216,0.1292296006769355,0.14034861836984655,0.10193013872162679,0.09673827350850238,0.13822795961204193,0.08967449640501476,0.16041185431875626,0.13951914630355994
1549,0.13578784932513638,0.11699312742336142,0.09532383520233825,0.13941423344565076,0.09798965232759964,0.14127346516244735,0.14645634507982902,0.15136661101060608,0.11584212650246727,0.09090486023817836,0.15292549430850885,0.11220334498939813,0.1803152539147979,0.16418716823201973
1550,0.16501836241916507,0.14385098455385298,0.10231018333714288,0.14827771694162628,0.12862754552331654,0.1345979989077052,0.16157017706010127,0.17321405380322163,0.1423098084642765,0.09430333792974838,0.1519469542624274,0.14468103267349214,0.16324631994264527,0.17327568958510686
1551,0.22194211329076297,0.1638412340279276,0.13990313393032444,0.1939972292547812,0.1644036355834777,0.14634754710063805,0.19337715431457211,0.2078775815560189,0.15327695184670698,0.12388837472844609,0.18573342780111282,0.17624494387783401,0.17549989068333277,0.21389618404816516
1552,0.2584780372243872,0.17769960731537823,0.16934411729552878,0.25306308669731986,0.1847078972569679,0.148478956026058,0.20911800904747008,0.2386235749766291,0.16342201877034904,0.14939124952198013,0.23384897897383553,0.19583010640534812,0.19354750775067234,0.25483846053785647
1553,0.2613304662588613,0.24868391375013954,0.21271064706381862,0.28869745665727714,0.16331145225364696,0.17318562486244632,0.2279538647889314,0.25660712444358424,0.23030911488435896,0.17709828501723426,0.2438093586018473,0.15651221180080566,0.220144821742984,0.28874967876716834
1554,0.29885265350923795,0.3117347031133527,0.2666301623835193,0.25191753577886977,0.1744462986573065,0.21629496522771866,0.24588065457826408,0.2808408623158477,0.2819804251281352,0.21516730932838582,0.21842596985471377,0.16459221657644404,0.2931550440220578,0.3423020434213699
1555,0.34612566000177414,0.30835004486220563,0.2825968982340344,0.2728830914821969,0.19774051868196116,0.21772612929739635,0.22765349839368698,0.3366351077400559,0.3029947317051653,0.23308343281684288,0.24794785733398816,0.20659825354411926,0.31148640556587587,0.3083762203639296
1556,0.32351396099171603,0.2829259332578201,0.30376537690956573,0.2921714143434471,0.1969682203341201,0.2153390434339107,0.21526908681580428,0.325106696449236,0.27473711859175015,0.22883235577066122,0.2538601906054906,0.2012339121517478,0.27955823552549774,0.2574495176262902
1557,0.2915490087143141,0.25490788667796777,0.3131687120208368,0.29629416709619066,0.19314487917370105,0.2141016437962378,0.23523031697181923,0.29095928626239004,0.24155196062121298,0.22997666376004428,0.2663308472869857,0.19672171806059016,0.25735674670267544,0.2616427304754913
1558,0.2233494318902073,0.2361538054580288,0.2952576344665812,0.3137651376704999,0.158506528709241,0.24134238328296997,0.27340776097291836,0.21405828601977708,0.2075815652273503,0.21593634951244378,0.3013930033075295,0.15994005373738138,0.2572563753002605,0.27410550113505255
1559,0.21398851288899526,0.1975388062855941,0.30968577093291244,0.2942846026856118,0.17042913599032622,0.20580519890277324,0.21306617152691812,0.20173590571510627,0.17321530977001348,0.2349123140282201,0.29309456672955303,0.17247883636624078,0.20816313594890481,0.19582653588469162
1560,0.19798919725534306,0.1851547042755378,0.2974877702133414,0.26605606110111457,0.14954642995713893,0.16139988297940414,0.14810349893685576,0.19179512439383964,0.16114098586416756,0.2233068534953401,0.2648358044008647,0.15118515391108964,0.1668296007982988,0.14265421226087738
1561,0.1853264077015422,0.16464714578228987,0.22852780674731168,0.21897071671685647,0.13384495090983164,0.1486770178426813,0.12492554578269216,0.18399526354902085,0.14917640250894587,0.18455266385911914,0.23454595230537792,0.14122581102759396,0.15698230952906794,0.13180861782842537
1562,0.1796934289629152,0.12721207824537145,0.1823581378267032,0.17193494628635916,0.12036465453721135,0.12521708631164263,0.12494958328983519,0.16364734256771685,0.11597113221593501,0.15057389269938884,0.18434233796663346,0.13292516125801793,0.13716923605531614,0.13575767605906364
1563,0.16130861462059515,0.09274542666266214,0.1426096525843177,0.13085226344098216,0.09383822160799878,0.09615670154860041,0.11948940127878926,0.15331295294401046,0.08725405077724784,0.1175588342887069,0.1354667023350938,0.10414572816850308,0.11013531843216134,0.13508530569257166
1564,0.12119840280478544,0.07536871129068218,0.09177269883917769,0.09095798275764225,0.07683389717749028,0.08033937394051807,0.12270442241393353,0.12403659671250168,0.0747938286859128,0.08113878000360425,0.09676089604731532,0.08577518696972619,0.09487259812592849,0.14269757270147412
1565,0.07374377399499298,0.07121437461769634,0.07866560561598826,0.06429802025978383,0.06239969958885831,0.06579083822300866,0.10792349918066135,0.07654129461620367,0.07303300416099362,0.07211016542262716,0.06919249221964859,0.06912152351786581,0.07816799862930796,0.12457846765255276
1566,0.06064341458963689,0.05973623390520326,0.07216174083539618,0.05385767393402051,0.05321557249461147,0.058345022801228,0.09160844329610118,0.06613396608898699,0.06296439925161192,0.06806962772354634,0.05759260226153026,0.0572826956011597,0.06893247422050855,0.10402609990033004
1567,0.05037879222352408,0.04820644995505919,0.06485008811872667,0.04659997000453017,0.047381802941476384,0.05192665867360584,0.0741776515399362,0.05632948369086078,0.05095806872140382,0.06226448333492234,0.05015360504677337,0.05057107784357071,0.061063231643181205,0.08314296213635823
1568,0.04681536506109476,0.036604410007085704,0.059353462845926554,0.04134028363802573,0.041670256871166364,0.0455283279256298,0.05893699315757325,0.053111686741828985,0.0385970838850111,0.05812376050839894,0.04529308628634801,0.044362316147567436,0.0530392977566233,0.06515730367628324
1569,0.03878796514137166,0.030808711902381145,0.05678261972908066,0.029389666658108677,0.030846795941300745,0.036557542767918436,0.03970747983166739,0.04356761440238112,0.031990650922412406,0.05563565972889772,0.0323464200760037,0.03291897791963391,0.04207088439842272,0.04338867095038832
1570,0.035316700224765706,0.02723556456833732,0.05026994437824824,0.024181212621920908,0.029401320828085796,0.030442318370637277,0.03092802621281362,0.039605051660236444,0.02809254862812467,0.048915356765025876,0.02642330050081617,0.031121603428870697,0.034799688166831384,0.033360467662945884
1571,0.0349562096294005,0.023338463297231833,0.04790942974594034,0.02534471146891863,0.0278483454569081,0.028600290354829274,0.03107071009094839,0.038991493215108204,0.023677118288358112,0.046330780927978536,0.027407963196713323,0.029191774838300044,0.03263488307260532,0.033581788715787264
1572,0.031121540896265964,0.022395635144893546,0.039149335126537954,0.028006062010277975,0.024538882096239584,0.02903781007157704,0.029453110806530406,0.03432170230199818,0.02246511930252101,0.03773403448731426,0.02996230472064109,0.025866002751212088,0.033312068363214105,0.03187280399096615
1573,0.030524148766926773,0.022970730157327035,0.0333147649914675,0.030811161175273535,0.023072291991356454,0.025409471778629004,0.027236300740403847,0.03344000964236729,0.023148574967747654,0.03177104394714323,0.032578036536988424,0.024218328512253452,0.029105249416627156,0.029168088689165084
1574,0.029566938659428946,0.023264450874031214,0.031594523009240455,0.027793007899558422,0.020870765932161844,0.02196974596490067,0.026840645818998757,0.03229551502183778,0.02395381609348199,0.030093483683139948,0.02925494352091567,0.02167835316590319,0.02503484299279548,0.02875355814980778
1575,0.026844218909079388,0.02208091591408405,0.029311627499035802,0.026642823419047657,0.020045966995770534,0.023727482048839354,0.023310571404741708,0.029431327518974083,0.023062010178895587,0.02808195434352393,0.028216893100019368,0.020907571626784437,0.027032526553238977,0.024844479035406535
1576,0.023161214922269767,0.022301405435683826,0.024484056965110156,0.023642649072270403,0.021774403183981047,0.02305921373733843,0.02426302386938922,0.025491368013217188,0.02347651055209794,0.02352081369715534,0.025073953474795112,0.0226609361429018,0.026123150464774782,0.0259243834842341
1577,0.01965350775360739,0.019055142528452768,0.019413279949102857,0.020709205705771266,0.021115366794588177,0.019168988745157347,0.025507791922839213,0.02179114151488096,0.02004519350372308,0.01874807890345989,0.02196219281764387,0.021913365047493166,0.021647968447227692,0.027349939390716026
1578,0.0195455246995942,0.016320307322671167,0.016553371733373054,0.01819997734729866,0.020014133645758738,0.016920210851882098,0.02416025157135527,0.0218523448287539,0.017444639972881447,0.01613696810688784,0.019382438491190163,0.02078107554183623,0.01914000888076972,0.025919495862574537
1579,0.021241538432538253,0.01355891766661026,0.016714386119582394,0.016105591725503868,0.018626038708572292,0.016654188320911097,0.020123530773726046,0.02406988029729767,0.01489327430091166,0.016489671264500703,0.01724335767164312,0.01943380919666099,0.01896033350138569,0.02160948592298616
1580,0.018485088846946666,0.010833203179871208,0.01811854335045661,0.013741350017070999,0.016556533948319265,0.01540406498930468,0.016297921517580548,0.020931821982310445,0.011970594737808623,0.01796120182776195,0.014764154317452581,0.017372194581488636,0.017521942426625664,0.017552928177758564
1581,0.015036659821778809,0.009660528982257235,0.01688178133990858,0.012308713645138374,0.015888180206707982,0.01363867789503805,0.013241563947938895,0.017049719299177583,0.01117279265037892,0.01668544047335045,0.013308577766828233,0.016727692146515663,0.015583601227023363,0.014261712878551158
1582,0.013302555058348266,0.010053642226598982,0.017922341705801544,0.015552136794164038,0.014522300607237248,0.013690288957252293,0.012491632220064634,0.015185966214848077,0.011786041662013419,0.017768488088432746,0.01689559655784088,0.015291531050956628,0.01575947757530356,0.013358347182724257
1583,0.01102613260359362,0.008154273669447525,0.014642910035601791,0.017498338505290305,0.01267780225828257,0.01222594021618878,0.010258076500364303,0.01250173729136219,0.009408911473087667,0.01459818312274353,0.01899947418512474,0.013356840243802886,0.014083374594416852,0.010913032784368884
1584,0.009968035283565272,0.008758672588478025,0.010700636615203369,0.015417032957679714,0.010891469109118989,0.009978059743437158,0.010174318161624793,0.011244427860610334,0.00950506107374701,0.010696601417784465,0.016647263627766327,0.011457702052059019,0.011589706924344361,0.010944759753667644
1585,0.008737252479409145,0.008211416305874067,0.012559418345602483,0.012448228739591966,0.009707747948616745,0.009482283930800035,0.010063499778360305,0.009972322049671859,0.008406260868804312,0.0125544580077447,0.013390831510639533,0.010217090876797973,0.01105277671847033,0.010839743637783216
1586,0.007702940067499645,0.00903906994386711,0.01309635138674856,0.009307626820941885,0.009277326849954613,0.00800592731047512,0.00822611667169133,0.008723174754282782,0.009025083441061212,0.013092854487553127,0.010035050536498988,0.009776359577364179,0.009305547899346617,0.00870972012484506
1587,0.007974552435043572,0.007949607801860707,0.010604565704179584,0.007357533023988587,0.008155299216327447,0.006757704099774961,0.008770181846594706,0.008927147612508691,0.007782217505836131,0.010602976635366222,0.007949982628650182,0.008592749455075793,0.007860683330770776,0.009327016381249205
1588,0.007447783036937735,0.0070904895433239225,0.008808910539321766,0.0076597966416021976,0.006392574089294402,0.006256121566601058,0.007913461070680396,0.008315884361072655,0.0070093635229980305,0.008783831545899509,0.00829719242499377,0.006752999206447945,0.007249268778238888,0.008410207848155464
1589,0.006191497085036851,0.006794698621955288,0.007521965353611391,0.007129223032930181,0.004990333451490311,0.005344176290329632,0.006529945319012365,0.006906941488793956,0.00679370414690651,0.007511387740986418,0.007748489912054486,0.00526154867637559,0.006171346632593944,0.006889506101381474
1590,0.005399252668783815,0.0060565929617182965,0.005811422014921785,0.007293577228594308,0.004664147254841911,0.004107700860846963,0.005809990835129293,0.006055159188721948,0.006048488990756248,0.005760123514390801,0.007936710303656006,0.004907662945266852,0.004737767073260118,0.0060906224532383
1591,0.004855447261132506,0.005489980086345007,0.00499011906327785,0.006990969625586781,0.004670883879137893,0.0036259189334382556,0.005098842912240616,0.005477516273606881,0.005523675645247153,0.00491731676223334,0.007612030242252645,0.004911530970982119,0.004169848608177539,0.0052999213654401234
1592,0.004572293060623371,0.00470810261338858,0.00437792672814302,0.0064271563747448,0.005070869348946924,0.003712275969100781,0.004925825432957528,0.005212288474014262,0.0047807124565043815,0.004310883524148567,0.00699224012825408,0.005335307165086548,0.0042409366326586284,0.005026866736730642
1593,0.003988442945627089,0.004356925387931766,0.004569590840751874,0.005470248335048607,0.004568093272632464,0.004207225336374898,0.005010471353403305,0.00464154908306804,0.00447639320216321,0.004520627176571854,0.005952276008712608,0.00479400602060784,0.004796245472088923,0.005086689443343888
1594,0.004013614657096855,0.0033041081739606844,0.004778003398400416,0.00507239638001632,0.0038010780587695563,0.004171250907266578,0.004288384830537976,0.004678691451385739,0.003512700897659083,0.004728989832833848,0.005524590046738924,0.003982468917270568,0.0047384916536537,0.004358409635893163
1595,0.00417636209728373,0.002527197343259372,0.0044492841388103195,0.005090745513803752,0.003495212274513254,0.004129591788591187,0.003662080611966393,0.00482997529611344,0.00294201724484235,0.004423856494283427,0.005543975395891841,0.0036500973288459927,0.004686885112038853,0.0037049540922167684
1596,0.004021188634753094,0.0024706697975752623,0.003942123537300567,0.004453677118137564,0.0037709732716788404,0.003904914503232387,0.0033285279207639754,0.004646255144695511,0.0028232670988958325,0.0039298756719294515,0.004842016312591963,0.003930604832853429,0.00443512859839296,0.0034161606252045757
1597,0.00403565499277269,0.0024212326670107523,0.003347745498700077,0.004637549798639259,0.003705685569923654,0.003584671545355989,0.003459170188088743,0.004650572582306634,0.002652158411466383,0.0033805610303297502,0.005041056899514583,0.003869988033556968,0.004068893273224342,0.0035842780310786563
1598,0.003983098361765282,0.0027031358166333818,0.0031418169691821455,0.004949216766443875,0.00317280106817674,0.0033137228729821443,0.0031776195343212244,0.004599381050921756,0.0027755676492660047,0.0032422410382029936,0.005383286251398485,0.003317734019751007,0.003762679635702551,0.0032904418348890232
1599,0.0038833880730477148,0.0032103548130820235,0.0033672965135271983,0.0051556074070051834,0.002746481055092573,0.0034807468245223214,0.003523591299245393,0.004501191018950451,0.003160221955507114,0.00345485260278382,0.005609634115686378,0.002877284849489793,0.003954637785832939,0.003700497323928693
1600,0.00399164953098101,0.003560492362683669,0.003725027551381166,0.0056649579049394315,0.0021542896304808843,0.0036570188306813112,0.0038737578509122667,0.004609260828910708,0.0034732967149748,0.003810150306887793,0.006165567944520514,0.0022697716747737883,0.0041533063607544895,0.0040704951357721396
1601,0.003663920856057262,0.004037937743398084,0.003950927507706186,0.005925886301214379,0.0024131835102970916,0.003965419175714691,0.003276060034126123,0.004216505699194958,0.0039452748290783445,0.004043495521616872,0.0064568953966670575,0.002556784787717505,0.00450808204238856,0.003446697722551311
1602,0.0035192560996340884,0.004165157339904829,0.003931769449027397,0.006081526671883367,0.00251964442714249,0.003834057494483271,0.0031614487797885947,0.004045876046950703,0.00408077483825922,0.0040152091216453115,0.006631112906213905,0.0026734743186629705,0.00436017870465394,0.0032999333636866556
1603,0.0033891550055114446,0.003879264268115295,0.003595866474607601,0.0058056139767146036,0.0022045258497973693,0.003136776048489625,0.0038058961026225654,0.003855145296457703,0.0038088140250778844,0.003640794535554894,0.006330692326592222,0.002328062268808786,0.0035658832972326605,0.003927722318665219
1604,0.0035388302009075937,0.003681662312711598,0.003293832084898909,0.005341223710757001,0.0018725277951654178,0.0030208144432471683,0.003998929288867209,0.004041554487463322,0.0036260925667438346,0.0033423220890614848,0.005833007480991666,0.001973390612848471,0.003445736898675448,0.004080914130064377
1605,0.003752234172589338,0.0035490570775853565,0.003195328854947266,0.005037561663392522,0.002109604497118739,0.0033686580781402535,0.0034609126474361945,0.004302856315525732,0.0034843134133962193,0.003214684049160029,0.0055162108352562215,0.002222459853309822,0.003845856422820808,0.0034630792987633023
1606,0.003971524485842223,0.0030952291463335136,0.0031883476896711217,0.005000140960105169,0.0022493412865289275,0.0031733504003295734,0.003477360198309809,0.00453741871633363,0.003142228814581164,0.0031545122374384816,0.00548262899018365,0.002368060678440068,0.0036379589450275212,0.0034227077745787203
1607,0.003848451901371745,0.0031475712809026636,0.0035405687431367947,0.005072050903562384,0.002110752983493147,0.002985326620113897,0.0037934454987059224,0.004459527672525195,0.0031845246743834464,0.003503868074904363,0.00556326212830707,0.002228013756338783,0.0034283535773489155,0.003763979377306124
1608,0.0035362665418460053,0.003190105695675859,0.003231068238468917,0.005104187800961648,0.0021153152587478287,0.0026044646269733664,0.004016388153792639,0.004087213870413435,0.0031761035405629516,0.0032000149882225617,0.0055943832703292265,0.002235170363271063,0.002982029319942675,0.004054763652592401
1609,0.003348990134685773,0.002790610232066311,0.0026097508065182277,0.004927594969903089,0.002164419774383901,0.0022689648856588467,0.004058297362675328,0.003817077221503199,0.0027999293545094557,0.0025310211787420525,0.005395136402413676,0.002280577731950605,0.0026048568389754685,0.00415465809993557
1610,0.0032286220381695582,0.002822448059329517,0.0022137128528927205,0.004678108285671827,0.0018993025356818386,0.002267956095307448,0.0038921553659897797,0.0036943553670768536,0.0027399681326319854,0.0021113272840986687,0.005113135997828373,0.001988097600830184,0.0026000285720293704,0.003997153515672989
1611,0.003043765551089177,0.0028228358871028162,0.002053151728522432,0.004743339533783187,0.0019520811308517704,0.0022129867434146585,0.003525227015240428,0.003490025304695639,0.0027172787358707134,0.0019669812709883928,0.005181055584595882,0.002030720807014929,0.0025349936772041328,0.00359499681342625
1612,0.002878338041476941,0.002803728781037205,0.0019811073056957163,0.004520714798205942,0.002304550358160956,0.0023197288420097944,0.002980777953488249,0.0033256808175686774,0.0027169457382991763,0.0019046184636096555,0.004939780001711069,0.0023908437588750307,0.002657059388626105,0.002978955517395176
1613,0.00272032297759129,0.0027405568632155922,0.0017583935301129527,0.004378596658430014,0.0023816556450427444,0.002347920315684332,0.002739862627180161,0.003155761784174457,0.0026248054594210242,0.0017055068358361174,0.004785678070184378,0.0024709259050530916,0.002689448471461632,0.0027053325520714835
1614,0.002573839421685449,0.0026555715954975556,0.0012267689110274345,0.0042048274719879465,0.0025335631766443974,0.0023397155838625785,0.0027410430940964475,0.002994005256371582,0.0024452506301989294,0.001251602613418669,0.004595760073833124,0.002636357027137355,0.0026798592203652665,0.0026975478196937645
1615,0.0024486248935200617,0.002599222704160359,0.0010210538569486419,0.004057941627407988,0.0024267919960381623,0.0022384192153361206,0.0027499361401434577,0.0028548629843795537,0.002371648022337029,0.0010786923952668009,0.004435691390736169,0.0025232213102079977,0.002559741845144126,0.002703833876733623
1616,0.0023861355956617354,0.00251437727237695,0.0009006612728091148,0.0038679769079364716,0.0022172544630055116,0.0021093978569195855,0.0026684186186760493,0.0027722797300936274,0.002281970819650383,0.0009716535566657723,0.0042309556698917235,0.0023034681135922597,0.0024065298237743427,0.0026129273082238186
1617,0.002187277649046761,0.002365978820671988,0.000956117763505754,0.003740353484859319,0.001841027622140481,0.00201822983232366,0.0028211486500138096,0.0025597084935768816,0.0021073054120197246,0.001032234743171413,0.004087194332712364,0.0019085993176425563,0.0022986771825518324,0.002779059622686781
1618,0.0021015314164503068,0.0023227346047547805,0.0011009578677877569,0.0036178787581433373,0.0016675463970330468,0.001974174563498223,0.0030038359451251694,0.0024651381815233853,0.002067645969084,0.0011640645790849551,0.003955128610223486,0.0017272501298329199,0.002248694710718762,0.0029652937814544753
1619,0.002143620628553361,0.002349116567470937,0.0013295975554841286,0.0035100976316083223,0.0015523537473824181,0.0019054932516699783,0.003067458127801064,0.0025254207163222606,0.0020785198271731716,0.0013656135233419474,0.003842268417221617,0.001609537054669453,0.0021669375951770364,0.003009143010853115
1620,0.0022290783558361615,0.0023622032761284302,0.001535070914735198,0.0034725470101971668,0.0015511788742630513,0.0020041998989518144,0.003122253783532654,0.0026345725370914247,0.002071346703417079,0.001567154620195816,0.003799159092033173,0.001604649321154958,0.002278682967938064,0.0030660248924317696
1621,0.002260709934431812,0.002463862924131747,0.0015780242333639093,0.0034284468838674254,0.0016454628521185351,0.0021089989655890956,0.003130828804839217,0.002645537664520978,0.0021656224285016823,0.0016030434680441305,0.0037522254639719825,0.001700738102785999,0.0024014426182502797,0.003077499360053285
1622,0.0023162213073609638,0.0025396685185842594,0.0013633533643646627,0.003355442571813036,0.0016901303373809832,0.0020713808317048775,0.003034348592562993,0.0026980316849130256,0.002235243921201111,0.0013762309124773638,0.003672423863455405,0.0017462153079919774,0.002355797527944211,0.0029807679583231696
1623,0.0023781026908571336,0.002558283685743235,0.001221663312692785,0.0033477567239406847,0.0017578138115479,0.0020852188107409876,0.0029308718688689367,0.0027742049610093794,0.0022673595616947598,0.0012343858165961331,0.003659168697823895,0.001811072846714449,0.002369382234785307,0.0028838577256683584
1624,0.0024454084068504596,0.0025923482050546013,0.0010858559236679487,0.003397643073844415,0.001713161889701598,0.002087379626600602,0.0029246188143843103,0.002831591474560905,0.0023189972406365508,0.001082046217220328,0.003715152105713936,0.0017626691175792572,0.002374626101485183,0.0028699941522589657
1625,0.002520127325802588,0.002574628421454184,0.0010591977761641497,0.0035566626233998213,0.0016938157672440658,0.002106709629280093,0.0029331475542989363,0.002908310530563073,0.002299173390696966,0.0010361001450100076,0.0038876872699097585,0.0017435340227382194,0.002395118378566576,0.0028738531593916826
1626,0.0025488034136948914,0.0025960283138869804,0.001015949117107757,0.0036015976718344104,0.0017038792612308173,0.0021036374852736483,0.002915107718591551,0.002942264677990289,0.0023293847818451788,0.0009862783528126293,0.003935380373872545,0.0017541912188862485,0.0023909041919808064,0.0028499849078830824
1627,0.0025829550684103786,0.0026170503278555883,0.0009896017903668923,0.0035716521747728314,0.001725550662692209,0.002100511721172403,0.002873232443140226,0.0029798212842672726,0.002365843637192467,0.0009564474420810226,0.0039008893814820827,0.0017747764652098297,0.0023874250818381325,0.002793049822163783
1628,0.002587663660321969,0.0026243310446256935,0.0010353975554515482,0.0036279417800651756,0.0017299093379135526,0.0021085076957680715,0.002925207357038518,0.002988697565971655,0.0023707883459406515,0.000994670471977528,0.003960534167887758,0.0017797723820897919,0.0023961205910841368,0.0028435398215620957
1629,0.002551203102633102,0.0026271369454593037,0.001133196734744378,0.003708860808963003,0.0017619091946044709,0.002095302145487795,0.0030233040006651733,0.002964724736658016,0.0023585910194425432,0.0010906863697134027,0.004045873079620711,0.001813715872592672,0.002379447942877636,0.0029486987236148885
1630,0.002485264492060027,0.002655018858931438,0.001104792527638098,0.003703316839548347,0.0016907744658424767,0.0020858145548218565,0.0030706426197705918,0.002911184613633182,0.002384295321588747,0.0010721393951926286,0.004038482156821548,0.0017405820022057025,0.0023691699195734386,0.0029974735945928824
1631,0.002466079556609049,0.002656840226495041,0.001164189212304606,0.0038262670888383637,0.0016218598705512498,0.002154530841254779,0.0030731943554288452,0.0028837906858990006,0.002379787347913792,0.0011145892178282175,0.004172844054036128,0.001672053988310678,0.002446594330336644,0.0030040857299303394
1632,0.0024484709093296852,0.0026896638318518887,0.0013034271572336718,0.004005329018992907,0.0015315496944058762,0.002234958431638832,0.0030462056984205846,0.0028575886537170934,0.0023950843961956132,0.0012385045694670897,0.004367701813886979,0.0015820147354344177,0.0025380673903834844,0.0029653339292280458
1633,0.002493279656164467,0.002725254279262499,0.0012329524908456688,0.004035681913942702,0.001473488498153361,0.0022371976679501026,0.0029798577828895837,0.002888216918412764,0.0024279583596615575,0.0011672163210053232,0.004401934396799995,0.0015215125419327687,0.0025404990383541813,0.0028777812864693997
1634,0.0025593563894086005,0.002740804456306056,0.0012068789289196539,0.004087465143412284,0.0015175696020419225,0.0022691996060411387,0.002945253213830656,0.0029373433821153713,0.0024353233942776714,0.0011391856956042394,0.0044577926535080475,0.0015633787859626528,0.002575712326089447,0.002829727700659095
1635,0.0025971948554151408,0.0027481185956521777,0.0011792247351352127,0.004037379089240854,0.0015662160338712886,0.002266034865811529,0.002993420939229312,0.0029825943827715908,0.002432994387832199,0.001111825949904364,0.004402230575142623,0.0016098833551449804,0.002574904742356923,0.002870285006805036
1636,0.0026539571634289676,0.002733943007547931,0.0011308017790545744,0.0038827251950651065,0.00159690821763197,0.0022666559553938138,0.003086392805302713,0.003058810369246797,0.002411011272516443,0.0010818974329462512,0.004233091260874203,0.0016377375791637658,0.0025763888813732892,0.0029618331143197694
1637,0.0026747272514542507,0.00272116626133081,0.0011336198725551833,0.0038490784820602083,0.0016213291891779959,0.0023156483315278464,0.0031272276412071913,0.003087006830731431,0.002386271821988086,0.001094692978616587,0.00419503758613877,0.0016609174301362199,0.0026314905557515457,0.0030021468369314263
1638,0.002656543113905437,0.0026770634248251524,0.0011515418057397682,0.003877614041727725,0.0016534737816676509,0.002440383873479616,0.003070227575287899,0.0030827838934648134,0.002324084799223992,0.001111945541649944,0.004224073227833572,0.0016924768692845869,0.002773420416992697,0.0029527307593133763
1639,0.0026521894638993036,0.002694546197843067,0.0011427550394200342,0.0038911670124106277,0.00167348022979724,0.00250633850133469,0.003111380591602351,0.0030875141736975086,0.002338107178554628,0.0011074855284320259,0.004236127544483226,0.0017103652557184247,0.002845845543491813,0.0029937164300826084
1640,0.0026220809179874085,0.0027591927071145246,0.0011020750188182077,0.003956733967312853,0.0017040158202207437,0.0026252155710691032,0.0032324010763179777,0.003059095775913569,0.002405272988474345,0.0010785585227141722,0.004307685267814262,0.0017388103189755015,0.0029765190837492453,0.0031119638771349534
1641,0.002605330611096897,0.002768488143590713,0.0010919149745855397,0.004002207436625256,0.001716485615312633,0.002655910243682254,0.0032796244994477753,0.003041233670232881,0.002410361259873085,0.00106981148160188,0.004355545982228991,0.0017503817709350563,0.0030078216194845664,0.0031575632024817045
1642,0.002573612391249474,0.0027840694926985453,0.0010769478085714383,0.004021683909945551,0.0017077627640956802,0.002593037313169816,0.0033022467200440717,0.00301191886138157,0.0024325564642567674,0.0010494494102522244,0.004375549547641548,0.001740831079723874,0.002933325539701593,0.0031794567299236955
1643,0.0025918912887123026,0.002809935948046335,0.0010980640687810067,0.004050420968288083,0.0016853010409112012,0.002527317839294696,0.0034125446143786153,0.003021576559456766,0.0024551055110699216,0.0010685737711998771,0.004406028558939862,0.0017179285632227944,0.002856150322845544,0.0032878250076006166
1644,0.002667861831443577,0.002813118270793373,0.0011194512802786148,0.004073134975561328,0.0016461723936280082,0.0025149759767975474,0.003444570614770048,0.0030960785085497643,0.002445334904947288,0.0010840950282820893,0.004428371293393514,0.001672002008584818,0.0028377829879534452,0.0033113665786843006
1645,0.0026608888362253213,0.002770893562505851,0.0012329227171560678,0.004136955171586033,0.0016391091500758768,0.00247251485988418,0.0034005485210919415,0.0030809260196087616,0.0023800794558567033,0.0011878140763538097,0.0044958909512567815,0.0016684050765494157,0.002784904475918898,0.003261439579983104
1646,0.0026388792014193922,0.0028018257696928884,0.0013118589647046492,0.004315744477912821,0.001679341632663335,0.002487309731992086,0.003486522723119362,0.003060044840403314,0.0023743696496011843,0.0012819453896772634,0.004686318072918834,0.0017081587621548984,0.002797500561445253,0.003327860778275408
1647,0.0026444747060704976,0.002888066344716888,0.0014044685261211727,0.004310174358010561,0.0016669526315513273,0.0025413875632854946,0.003492739445800988,0.0030985127134577793,0.002448104568245154,0.0014007551151776845,0.004680747970911344,0.0016939270044458476,0.0028572697171952944,0.003313373726663521
1648,0.002622527927766338,0.002817594640457535,0.001558531824100177,0.004260042790534339,0.0016823686862861157,0.002584255520315582,0.0034397949264344655,0.003099298988770222,0.002349824885463768,0.0015691354520219842,0.004631927976834057,0.0017126476196196098,0.002906281117517007,0.0032623577360360585
1649,0.0027744478759154376,0.0028730591047519587,0.0015547115419042431,0.0044856224390953355,0.0017563961763724656,0.002591441718438418,0.003599021985860671,0.0032702295076114346,0.002408685730234511,0.0016117265991133717,0.004883926123360531,0.0017872403544423232,0.0029180156456354487,0.0034372761659812153
1650,0.0029374018460711325,0.0029319746069715077,0.001520098701843276,0.004603150188818945,0.0018000050427378436,0.0025857020693019536,0.0037420366407225365,0.003460035114924879,0.0024695401728880564,0.0015991879104601259,0.00501413112624703,0.0018320640517186456,0.002915901223610513,0.003587285532939863
1651,0.0032541844751898456,0.002952211665085619,0.0014052255349165858,0.004265177133476327,0.0019295507364984824,0.002622474462776957,0.004078456189804176,0.0038154392248826658,0.002494188614190205,0.0014413982233706369,0.00465106447945199,0.0019689714129582543,0.002970275888213084,0.003956299294479433
1652,0.003655743273293929,0.0030102922055549996,0.0015498256575150425,0.0042642463491902455,0.0021360543115320884,0.0027955732914468965,0.004359337380189441,0.0042483154020200396,0.0025650120998000755,0.0015767838953804811,0.0046512104310698354,0.002188465178708711,0.003174188502817053,0.004262029805575481
1653,0.004194874418479181,0.00309759111569049,0.0016028469762726584,0.0043798548041435225,0.0023042875377047535,0.0028769542505661366,0.004560368574028732,0.00482209760044785,0.002684109196286298,0.0016302196046477067,0.004766878208452641,0.0023713037975500464,0.0032658343002979692,0.004457737405254018
1654,0.004533323771788073,0.0032039849539558167,0.0017747354610027045,0.004396146586894248,0.002435847511929952,0.0031224726481206143,0.0046692926506996454,0.0051839771239095,0.0028154576008646605,0.0017823870983212989,0.00477672197095824,0.0025126321665824925,0.00354906150387829,0.004564848034663929
1655,0.0047782117405842355,0.00325389211676487,0.0020384857257684068,0.004305266099272627,0.00257687512121747,0.003414394025008813,0.004513534287232057,0.005430916081997712,0.002891970740065835,0.002036866765723948,0.0046746466987077065,0.002659862413630365,0.0038840434173319743,0.00441139474230639
1656,0.004877447053347756,0.0035605132223309774,0.0020173584746871424,0.004390559688634183,0.002275334783794883,0.0037126298433475674,0.004284404827386574,0.005515578799528341,0.0032898862075089463,0.002059419971511077,0.004766388418364643,0.0023431550721101256,0.004223047458328098,0.004197650331852963
1657,0.004658169741740998,0.0037925616003118092,0.0022102830468820785,0.004512833946753112,0.001998516771173809,0.0039088114063419305,0.004189121489990921,0.0052827834286721395,0.0035517227874852847,0.002200495988565219,0.004886435904969297,0.002051477458823771,0.00444549246110773,0.004084545684505835
1658,0.00438432078094222,0.004111813637598431,0.0021222814679589435,0.0047723564285826236,0.0018955813602907236,0.0038694674033037417,0.004327632575386333,0.004984273166923722,0.003866993442753356,0.002073641054925991,0.005165382722831759,0.0019443211745273441,0.00440820792144336,0.004202119850852529
1659,0.004119199831988213,0.004097552939931323,0.0020063163803315043,0.005099344388700252,0.0016116817123395456,0.003611431806542951,0.004403318142598567,0.004705398787612186,0.003835692999620474,0.0019046350967068073,0.005516396881621436,0.0016477022757813576,0.004108661837683282,0.004238566045677801
1660,0.003996722372493343,0.003920193403804038,0.00207561582438924,0.005196088603934719,0.0016430645982912098,0.0032835425730087997,0.004379427621068499,0.004598383605583369,0.003607830759782612,0.0019182699364755514,0.005623568619410776,0.0016806661741517388,0.0037266488222739047,0.004180349734085331
1661,0.0038671943965821937,0.0038174757560847272,0.00207430193090315,0.005564554845963581,0.0018819573866812366,0.0030805746794752005,0.004486054559892823,0.004438365636645892,0.0034814672331918333,0.0018790416682648386,0.006028232843216397,0.0019378691959231927,0.0034863277998339933,0.004262128276072458
1662,0.0038113260141127763,0.003692744756720163,0.002414713296962012,0.005800348132363536,0.001937885580847315,0.0031587752870135023,0.004575808645836915,0.0043624422973460395,0.003330999180143024,0.0022171825314072115,0.006292549538373713,0.001998098278962018,0.0035804290877401684,0.004342024298845409
1663,0.003731231111166101,0.0037001750772159446,0.002439705338718177,0.005900368854794568,0.001996598887893083,0.0031884839979333356,0.00456790341777239,0.004268581514020967,0.003309371761062898,0.0022361733608080516,0.006407699299722609,0.0020562451203818654,0.0036142012111523704,0.0043308776842171945
1664,0.00359477338086538,0.003853605516524856,0.002346439205946098,0.006106800426437922,0.002266341817007944,0.0032167211280952302,0.004464728985709772,0.00411670484493207,0.003446499954717065,0.0021693291597337256,0.0066971191831084464,0.0023513989930761345,0.0036761310333463222,0.0042691446657613
1665,0.003511414630015332,0.003967845587747803,0.002253364511769201,0.006123514692071569,0.002287824798486152,0.003292317470781056,0.004487787226010029,0.004011221553928645,0.0035564138774495328,0.0020561840095805594,0.006706509439578849,0.0023654223637302177,0.003760167439050835,0.004292032021667179
1666,0.003469258575684537,0.004080442016005418,0.0019697353631303546,0.0058095286974809415,0.002026771127229005,0.0035070450811367673,0.004571012111709037,0.003990265641803895,0.003694398440955708,0.0017402533685824098,0.00635676236171326,0.0020727252169056598,0.004009457651034749,0.0044046533569136875
1667,0.003528313144656687,0.0041481366269229755,0.001962307124749547,0.005649572141929731,0.001987734188862299,0.0035514527239584445,0.004593425525110266,0.004065384938505241,0.003758770211675154,0.0017212192619827909,0.0061668900809670555,0.0020227500111187225,0.004052979802912405,0.004427698246436275
1668,0.003634868954104192,0.004224939323396784,0.0020647807692242776,0.005509898454234685,0.0018736340638448473,0.003500626518203831,0.004686356253404158,0.004198576259943739,0.0038548699314622293,0.0017987790665914135,0.00600216029328782,0.0019010107955812242,0.003989876754901778,0.004523196977177336
1669,0.0038305249330415044,0.004222468068137559,0.00203376034498351,0.005361685486290082,0.001950105056025708,0.003467759569521472,0.004661300116466032,0.0044054708804103435,0.003817637481864805,0.0017724434597925314,0.005827907546857777,0.00197690545177682,0.0039502019430997645,0.004479741140060531
1670,0.003890797341059599,0.004062547375548569,0.0020738177975181175,0.005363443536724864,0.0020731991140288766,0.0034579428115923284,0.0044656794571709055,0.004464396997275843,0.0036057020216052472,0.0018214549588387577,0.005822432810607042,0.002104626559897832,0.003934259930326772,0.004263948520516198
1671,0.003875355640895041,0.0040586235505635304,0.0020820228684983243,0.005392575994627552,0.002192469485729959,0.0034634522862283085,0.0043466203467693535,0.004431901939149483,0.0035713621295113793,0.0018525723059034604,0.005846591923661327,0.0022271771593161873,0.003935385060266572,0.004134395765001894
1672,0.0038406555058825664,0.003952376639615161,0.0020424455975052744,0.005391997048612466,0.002195573407830863,0.003368481227243601,0.004353109312779043,0.004370676705346368,0.003416690912826589,0.0018330818509425585,0.005839273262820664,0.0022298639899515256,0.003825987968412283,0.004140109312999391
1673,0.003772418585034988,0.0037864688042378945,0.0021094471701654247,0.005467304121992361,0.002203431514224891,0.0033624144235275626,0.004452682499585457,0.004296623349810026,0.0032295726025993103,0.0019163290808428173,0.005915957736023041,0.0022336311857188754,0.0038187052647731005,0.004253528648300539
1674,0.0037245257711007113,0.0037905303195634966,0.002143091095149554,0.005557851668052947,0.002188003718507935,0.00331283441810467,0.004589608704274653,0.004266505805978306,0.0032271084693926886,0.001973888985605817,0.006009143388844693,0.0022082341643012942,0.0037614890573728645,0.0044022079180164216
1675,0.003675828528365323,0.0038220248955219403,0.002141497819038097,0.00562079565818607,0.0021351403963889865,0.003274068190679309,0.004670477448362844,0.004233535057491105,0.0032469491329197124,0.0019590125413580547,0.006075728967738904,0.002147048488176166,0.0037188212217103634,0.004491436485049452
1676,0.0036416175448259966,0.003872423560623167,0.0021080183986571105,0.005643431027028785,0.0021551984491497526,0.0033117801913284226,0.004737349828423541,0.004204449166690025,0.003287382696177748,0.001913735226315126,0.0060983265207803896,0.0021656922234517574,0.0037596279247047956,0.004558756866887893
1677,0.003569867306820132,0.004025950734910887,0.002035691805543126,0.005655397762640967,0.0022400385158183713,0.00346722050945984,0.0047975787705327655,0.004138419292775395,0.0034330764487584087,0.0018188589185711714,0.006111802898572231,0.0022528893629688348,0.003931797967874691,0.004619713418467496
1678,0.0035808875383011476,0.004072900871244764,0.002044428027186942,0.005648410373395591,0.002274896263682597,0.0035164567637447934,0.004804106073437039,0.004149363080881421,0.00347884732808739,0.0018242622269896774,0.006104930873252512,0.0022899740462562213,0.0039865107490048525,0.004619990651921819
1679,0.003665174614617915,0.0040985057999120165,0.0020674341047979728,0.0055928096635288,0.0022972468279454515,0.0035511207295493637,0.0047507780932138505,0.0042245466606420585,0.0035146257285105786,0.0018422411127144546,0.006046664111352157,0.002318041597293287,0.004024559394133691,0.004546411441194595
1680,0.00371733056623158,0.004117922253042657,0.0021011489502700607,0.005554482233238166,0.0023137539051806743,0.0035871756073874526,0.004787253106966278,0.00427454542876113,0.003534528661701626,0.0018762316438248891,0.006004477101933165,0.0023369589015876137,0.004064940061685816,0.004576609860138752
1681,0.003792164691039952,0.004088481779213172,0.0021377278744719574,0.005499216288327327,0.0023424727691883237,0.0035904791197619405,0.004848422576677651,0.0043451728849630816,0.0035028958046270592,0.0019237792115292186,0.005944108843438816,0.0023678149115983573,0.0040700385151942065,0.004637042389328444
1682,0.0038578742286396023,0.00406466780600273,0.0021920356948222633,0.005449919786728846,0.0023166450932209566,0.00361328635220865,0.004874586280047488,0.004417842320346389,0.003475348851462231,0.001983121998903408,0.0058898773334175635,0.0023420332964620713,0.004097471911113132,0.004658208355587091
1683,0.003851698809793475,0.004124564102425303,0.002294564482949353,0.0054990893049113405,0.002305035662495108,0.0036721470053840133,0.004932367485241877,0.004420316998254079,0.0035368841117922496,0.0020755333433770096,0.005939872631301542,0.002330796183536406,0.0041637946411254715,0.0047124597273233825
1684,0.003857860325954724,0.0041509551073566665,0.0022516098682826544,0.005562557897559508,0.002365368233747163,0.003712281257109833,0.005004325020362228,0.0044232855761626244,0.003552609974974803,0.0020268773740612553,0.006006784790890399,0.0023961776891308654,0.004208119047179098,0.004788113588844001
1685,0.003928130958124356,0.004202689404891478,0.0022096234930367884,0.005627391729431703,0.0023853677159772243,0.0037657504953651135,0.004989370248125315,0.004503178685946349,0.0036036071500544983,0.0019888702078376943,0.006075847582768811,0.0024209348735012523,0.004267481709159378,0.004775280323190411
1686,0.003966018160007025,0.004288496204295941,0.0022260129314714784,0.005729371561660779,0.002401553240397816,0.0038272393895547614,0.004965689985415523,0.004548613062567806,0.00370400024551343,0.0020065057710530907,0.0061868034032638705,0.0024400425292709508,0.004338649824553662,0.004749933664924013
1687,0.00404046058921502,0.004318147924952677,0.0021166447999341116,0.005714346193356168,0.0023898804820982416,0.0038022803865277715,0.0049703306345149564,0.004636042351591667,0.0037279039657880635,0.001902620651588648,0.006169686938009359,0.0024280690782825694,0.004310636038857625,0.00475354688705034
1688,0.004119042865788547,0.004287904137885207,0.0020925157325177263,0.005671385339174151,0.002379294053442488,0.003787877425439376,0.0049510097152178885,0.00472982169729831,0.0036936376946514046,0.0018986998031737064,0.006122795769158711,0.0024163691747964944,0.004292931861756549,0.00473190345495131
1689,0.004170133409378663,0.004302179159196308,0.002107596358817573,0.005725935603758863,0.0023631595556712756,0.0037900588051882015,0.004981222382335044,0.004791283725127426,0.003701148562240804,0.001932488894009814,0.006182127217383847,0.002399021214325107,0.004293983265713372,0.004760487080113805
1690,0.004198434529488962,0.004306767815577958,0.0021552129637487805,0.005820754030908888,0.0023438888944047175,0.0037443259164426116,0.00506022900669154,0.004832497315342952,0.0036858930091675135,0.0020079789952316385,0.006285037040781019,0.002376198605535458,0.004238696505072299,0.004835792961218339
1691,0.004225396991452742,0.004327236372982985,0.002186839145591246,0.005936662189377262,0.0023165531514552627,0.0037605814527389256,0.0051240564834770415,0.0048672694038855244,0.003696414928369315,0.0020464438691649178,0.006409838662518698,0.0023472412963925,0.004254972554286392,0.004899279113435162
1692,0.004225081628802662,0.0044040729996371285,0.002260098934911013,0.006238198386531411,0.0022553884308592815,0.0038511858730078917,0.005229762010585211,0.004868210517759411,0.0037734560544096067,0.0021227727316542153,0.006734760872209097,0.0022851138586039346,0.004356190449201667,0.005007252802836391
1693,0.004239973137724372,0.0044479711799138705,0.00230276884739071,0.0063184857385747495,0.002242080123833434,0.003925065582158222,0.005284265760513645,0.0048862075615088586,0.0038097595854384536,0.0021613362930609473,0.006821614467754892,0.0022716822027316116,0.00443849838623311,0.005063661325115632
1694,0.004242452363398314,0.004474859627975249,0.002336433968234356,0.0062621804569188595,0.00225354405186856,0.004036141743259595,0.00531540132378044,0.00489121155880013,0.0038268716692352427,0.002167948375990121,0.00676098899359333,0.0022857559775863634,0.004563672859018,0.005095976262371004
1695,0.00424053536527587,0.0045050393369044485,0.00237960302647351,0.006246659181921461,0.0022670972309827937,0.0040996802976127214,0.005361171715270514,0.00488807828384804,0.00385487802901878,0.0021936700844874474,0.006744782042543587,0.0022990815542614593,0.004634557076503624,0.005142749859183368
1696,0.004216636742294138,0.004533902691900486,0.0024387673567375667,0.006095236985893729,0.002304381735620777,0.004165061082330562,0.005382351238804719,0.0048529934550506516,0.0038899094299106826,0.0022386403429437876,0.006583356131987629,0.0023358137799280956,0.004707676445358606,0.005169237166686465
1697,0.004298435810809537,0.0045177147719599785,0.002466266594783073,0.006050284134075341,0.0023646012769989733,0.004170553615771553,0.005421959907464414,0.004937016574781924,0.003853591019794168,0.0022452525516286435,0.006536715037886233,0.002396496917253691,0.0047124174794026,0.005210067469728894
1698,0.004303666033653174,0.004545997644432368,0.002534260599298635,0.006049471515700713,0.0023545900180775674,0.00417460518361969,0.005464983780853173,0.004952336778268052,0.003880357098749965,0.002298161884213132,0.00653626002832325,0.0023834802991728864,0.004715366509149868,0.00524570014568225
1699,0.0043566597819991535,0.004549361584000588,0.002624773444084201,0.006125685843520381,0.0023175540249294854,0.0042296413565935335,0.005429814041048262,0.0050282299299966755,0.003884615582191492,0.0023796330989292735,0.006618921429039021,0.0023502222186771657,0.004780325965146318,0.005214948713695716
1700,0.004473931747847177,0.0046076926041438175,0.0026579988582107706,0.006159207284555684,0.0023094982521008603,0.004278476858634026,0.005337831294997991,0.005172936824444234,0.003897151986104973,0.0023919647378637587,0.0066550714392815576,0.0023450957761259467,0.004835994702246549,0.0051129185005002265
1701,0.0045425186398949805,0.004718877895186099,0.002673132109081666,0.006085920716168919,0.002328380257888357,0.0043222670352396795,0.0052353708820478215,0.005257705501181616,0.003992041788908981,0.002396566762992669,0.006577119490845822,0.002366754364780551,0.0048885082038216164,0.005001195171380675
1702,0.004631243140010595,0.004730099295957583,0.0026598103107872174,0.0060844446835559875,0.002409819603470065,0.004349251424764007,0.005186759130865424,0.005369439041167094,0.003990193606451255,0.002373976139177324,0.006579165213729549,0.0024515985727428012,0.004928755363537439,0.004954444040178298
1703,0.0046604695167914425,0.004780226480115763,0.0025843621411424907,0.006090183126465719,0.0025100003568024973,0.004354194250948608,0.005288325888455444,0.005405951499078345,0.004026460445713062,0.0022795359035994193,0.006586666630050364,0.0025506388396614476,0.004936112917748416,0.005050425625710015
1704,0.004683459020943623,0.0048534918733294085,0.0025297720970281204,0.006147016116540223,0.0025749269756193114,0.004377015474362755,0.005369271270506834,0.005436794514300097,0.004105700338792799,0.0022224821916157454,0.006649825439814544,0.0026176172850949342,0.004965439950792044,0.005128114389594645
1705,0.004685058998790065,0.004906582307262705,0.0024237727132592427,0.006379535393051644,0.002632637145008581,0.0044353922723237875,0.005496721175277141,0.005455103429401414,0.004199577329791936,0.002137305780695828,0.00689841637486393,0.002676809066729401,0.005032402369663872,0.005250696113307329
1706,0.004696224303976667,0.004990655639043715,0.0023822530259909897,0.0064258862030440655,0.002648643461666873,0.004475744952178308,0.005630794623864912,0.005474019426396986,0.004300262163526935,0.0021010640571912202,0.006948189814532208,0.0026917086670260985,0.005079396252099959,0.005381541526000893
1707,0.004623587619090842,0.0051690092094268236,0.002348723478107178,0.006325454538020504,0.0026321197281408233,0.004488792817673939,0.0058524569673751355,0.0053773092028458844,0.004500351970100483,0.002074139035954177,0.006840322548762033,0.002675248859096435,0.005094395158549673,0.005606720241537676
1708,0.0046312629405137985,0.005248184204815187,0.002387443269277844,0.006357528718516284,0.0026205047964479827,0.004533350816611281,0.005930890455881874,0.005387609061024593,0.004587054337399154,0.0021219157138415126,0.00687643876041146,0.002665274453369525,0.005146929247738211,0.005682901999034038
1709,0.004707202371727045,0.005308910113743338,0.0024772925086527357,0.006401042538304292,0.0025888665743765767,0.004587919871046172,0.00593525504078934,0.005491186958859748,0.00464340782949023,0.0022235752909501617,0.0069244662143314656,0.0026317652232176374,0.005210199694591377,0.005678478719411554
1710,0.004694465843505203,0.0052325356092076105,0.0025992741865170873,0.0063564249493521735,0.0025329585820106273,0.004635351539872154,0.006062486101898002,0.005470028379463746,0.004562998728020153,0.002338061373104065,0.006879922935496805,0.0025797056061203716,0.005267721845727677,0.005814329347218355
1711,0.004701799640015383,0.005165297512960733,0.0027640176424984443,0.0065077834081824736,0.002549769525889511,0.0047082882611489164,0.006032178211216426,0.005455303794833891,0.004469145218284014,0.0025019560897687233,0.00704177460016458,0.002597870413488854,0.005350968235096459,0.005781503953635278
1712,0.004823466064295042,0.005170941124463078,0.0029051832203878815,0.006674537623941499,0.0026124832765230532,0.004666590074696455,0.005980098379745862,0.005600816491550258,0.004460113393696168,0.002640449193742106,0.0072235276200597045,0.0026665953604773336,0.005303629099846787,0.005725390564953616
1713,0.004878906707894693,0.00518511190544954,0.0030080415291239473,0.00673360099717793,0.0027352497505631007,0.004651693689488311,0.006064872499262829,0.0056561522899616365,0.0044440007412191555,0.0027465524498408787,0.007287355437634946,0.002796272723379572,0.0052878498534940106,0.005814016906439647
1714,0.004875068478697121,0.005208115062888052,0.0031140554714330325,0.006875723051834885,0.002877820725075553,0.004670514327204488,0.006164052157634307,0.005637870768113445,0.004443042539667895,0.0028656177677956482,0.007441637944547452,0.002942118175908567,0.005309221175668636,0.005919468532981201
1715,0.004899104299000959,0.005201170666457007,0.00307974493979433,0.006916604954566553,0.0028977906769261717,0.004642410977977583,0.006285219049103408,0.005683019055218001,0.0044257719653116,0.0028399730806506576,0.0074880386931101646,0.0029626049285745915,0.005276337153476658,0.006045796141620957
1716,0.004911443307259956,0.005239950032093438,0.003012427868062121,0.007005115514134604,0.0028862203664898373,0.00463600810863354,0.00637736391160992,0.005703074141492874,0.004446828778378634,0.002782321736575517,0.007588857708179029,0.0029520467857354657,0.005270865545506736,0.006140282036568261
1717,0.004916384992100573,0.005167726949836083,0.003010500400120373,0.007119438329352398,0.0029098027560284156,0.0046202336086355825,0.00646285359710581,0.005696511769996771,0.004371444577115925,0.0027773991085401372,0.007717636242351688,0.0029777024309658785,0.005253222349030674,0.006229646172408628
1718,0.004991556011714472,0.0050999790609775626,0.003038824635118529,0.007144210649025739,0.002883607551043485,0.004587917012710309,0.006473122671066607,0.005765383246016029,0.004298826572750094,0.0028020099914279973,0.007745431104416364,0.0029500042923910545,0.005215422643239749,0.006231388632381786
1719,0.005041457179272789,0.005129787965191302,0.00304471103095733,0.007205163012899334,0.0029284637778432456,0.004604942382980593,0.006462819273972334,0.005812745954777811,0.004325092684897735,0.002806616926567834,0.00781316409494065,0.0029972290505999636,0.005237801159310053,0.006218514857243637
1720,0.005098474819722361,0.005209302581978023,0.003103919797716713,0.007306690983294862,0.003059965779461161,0.004675742964540359,0.0063925537951839955,0.0059148986238132155,0.004448415822283226,0.002893371350128818,0.008000706579730791,0.0031654046619539462,0.00537717120024621,0.006204955571338242
1721,0.005162516741186639,0.005259344917275693,0.0031149758138583478,0.007350703747659702,0.003087073098407042,0.0047413958409819245,0.00638737772708015,0.005971837586376281,0.004490518369546536,0.002892439894199068,0.008032081026336032,0.003188117286121443,0.005444261681851573,0.00618610821259189
1722,0.005238416928122782,0.005379392879535941,0.0030733735029678877,0.007362115124769759,0.003084561975071575,0.004839086262836947,0.0063679750266496535,0.006058583263520794,0.0046029056639077075,0.002847318642429918,0.008026708355058636,0.0031795493751302136,0.0055485990422869886,0.006155713563369183
1723,0.005277621191042899,0.005449836629545274,0.0030748082643751893,0.007396062760653222,0.0030565346449444356,0.004902039157200251,0.006379175200622334,0.006097446297291372,0.0046563880624759645,0.0028333438446033906,0.008050535919319281,0.0031453087868718354,0.0056137451780515785,0.006159606659621971
1724,0.005334392688214885,0.005494808677691928,0.003099341026683247,0.007404207195931867,0.0028868516321591585,0.00492920683669626,0.0064482157866047685,0.006149970995374079,0.004662522854178059,0.00282144638466681,0.008045515082517569,0.002963016987944624,0.005633742520196804,0.006224677995007384
1725,0.0053654078288494726,0.005501944276616201,0.00311375599083991,0.0074485324997115325,0.002859464989618134,0.004980974670138208,0.006467889629054089,0.006170118433956208,0.004648449679066125,0.002817751535443077,0.008070640202973798,0.0029271422846917977,0.005675734573490126,0.006225411150107723
1726,0.005336290084233218,0.005489136147009344,0.0031507859213478055,0.007547551176987012,0.0028776385431124878,0.005034713499814467,0.006476627831326955,0.006140210801326176,0.004632162347464475,0.002857251167911894,0.008176629034691574,0.002945740727375319,0.005735793569457256,0.006235157388692511
1727,0.005344294044708427,0.00547340483313959,0.003158915677167991,0.0075715607356959015,0.002924604847451939,0.005087933066777643,0.0064550621279048604,0.0061562552896944865,0.004624571678454086,0.002846924256222011,0.00820176545841841,0.00299459655764242,0.005795106039953309,0.006199330973791769
1728,0.005408211712618314,0.005380543358689478,0.0032075094173825143,0.007576406101568794,0.002977201469137484,0.005147884983313934,0.00649403935307613,0.006232429092639034,0.004536503071024592,0.002888064894514031,0.008205694788482236,0.0030504641842472916,0.005859302079398913,0.006223600543378766
1729,0.00540403520571264,0.0053901300478313725,0.0032008405907677064,0.007551218407857072,0.0030866753168284854,0.005203241588815172,0.006491265506728007,0.006242142526090641,0.004563955632359094,0.00288512718068497,0.008180111702475363,0.0031682509137867356,0.005921459830930313,0.006210232195678668
1730,0.005465693971505808,0.005390582624798148,0.0031748153195852763,0.007494492291415661,0.0030981376078994985,0.005219175188317775,0.006502300896789715,0.006315790377531424,0.004539133876398533,0.002854672013709512,0.008117301769626195,0.003180870424915174,0.005940098521324791,0.006201008391814187
1731,0.0055503995088061735,0.0054164342484437165,0.003240439979006085,0.0075473185876325745,0.0030759863488343015,0.0052323533157121686,0.006630731520011838,0.0064072151213592195,0.004544483384744316,0.002917587845985215,0.008173154482259495,0.003160990026827057,0.005955302269633419,0.006329103553211231
1732,0.005575768310322567,0.005559929225081339,0.0032821650906959014,0.00762631780435742,0.0030996078595168933,0.005243628284661489,0.006721799559205642,0.006432259298718,0.004693570820338106,0.0029480393360745605,0.008261115097784351,0.00319114511659816,0.005968969256673071,0.006421452829366489
1733,0.005700028222140843,0.005614269582835244,0.0033308158925054983,0.007730076916089205,0.0031588682400220335,0.005325041615090667,0.006834929500330489,0.006562451046880323,0.004732441554159715,0.0029952267259553225,0.00837446060851057,0.0032559570903621183,0.006064250427524903,0.006535734767094213
1734,0.005768103243012332,0.005686498758287591,0.0033655604734699066,0.007779150389283666,0.003191981925507019,0.00537281934719809,0.006878468646324998,0.006633881880860292,0.004800336181023972,0.0030258762072463163,0.008427668586606298,0.0032920589917115805,0.006118053425400008,0.006581046901527904
1735,0.005820376021689962,0.005823154614110497,0.003417589911956227,0.007792017935456976,0.0032200381892334828,0.005424675451478338,0.0068823642568741645,0.006688334002639033,0.004951557223497697,0.0030654947403451443,0.008446650101517893,0.0033227412448175436,0.006175576556011082,0.006590979436966203
1736,0.005846860334863736,0.005848428554735452,0.0034500215379855803,0.00779216193999363,0.003235269651957095,0.005464375064702565,0.006881591958463358,0.006717077141340183,0.004973878869991543,0.0030998523979299322,0.008449809223791009,0.0033412801688506855,0.00622109867933486,0.00659420702845995
1737,0.005858084425244678,0.005759257252364549,0.003452241413561004,0.007734453866908992,0.0032352625230129806,0.005500175567046664,0.006789235192009256,0.006732087601806194,0.004865342522300363,0.0031118619604629644,0.008387192540373267,0.0033419592127078715,0.0062604462406055895,0.006506281110667074
1738,0.005857190432117276,0.005787003713114208,0.0034459151714740914,0.007738885363961152,0.0032248533350244628,0.0055099822201380416,0.006778951290132495,0.006732679165732979,0.004891106500810369,0.003111687267161683,0.008391451846250703,0.003332430124711462,0.00627093608650924,0.0064968662601873435
1739,0.005786534160202046,0.0058248367943905454,0.0034508211290350697,0.007759162692588769,0.0032308594512852223,0.005518459440531518,0.00683836110731859,0.0066584000887266745,0.004931690060418138,0.003139749942193069,0.008410340221975642,0.0033415638216749196,0.006281224543429277,0.0065553382101847125
1740,0.00580791712153505,0.005851158262393141,0.003491317855988642,0.007797384958819235,0.003230536481575255,0.005536516385744962,0.006847667560720361,0.006677552968210443,0.004956973168457923,0.0031845682968229282,0.008450519486081574,0.003343717590777086,0.006302856460531384,0.006565682448122679
1741,0.005923176647282826,0.005935129814826227,0.003480138681160921,0.007838088287617598,0.003190338078991488,0.005518150591533134,0.006818249707106341,0.006794598876207589,0.005047350776509621,0.003168322847023776,0.008494381648373968,0.0033049907081071795,0.006285210411780725,0.006534264472822489
1742,0.005921964586583826,0.005996146464352032,0.0035515327826176955,0.007959451010542814,0.0031766884737283916,0.005519894011172082,0.006883456739183037,0.006789217628759888,0.0051077854518765346,0.0032352689792946427,0.008623798671869111,0.003291566930217918,0.006286855282208976,0.006599424002353933
1743,0.005922765930571605,0.005973668643411443,0.0037435026728127496,0.008107799228256357,0.003256404233857768,0.00559328993579976,0.006870031736921076,0.006781203706279115,0.005081899771208785,0.003404225769014605,0.008782517731969216,0.003374837084199198,0.006369582101605258,0.006588675095845151
1744,0.005919817996881564,0.005969341341676177,0.0037704075363451622,0.008213114082524007,0.003229992421714707,0.005618651827986003,0.00689384758183691,0.006774019319095536,0.0050788249651920366,0.0034101741742580917,0.008897505522365469,0.003348198488228299,0.006396207712988303,0.0066211909059874525
1745,0.005826947002620836,0.00598759172403317,0.003797555616300725,0.008310285484295339,0.0032565431603937896,0.005692468418375371,0.007021472049317389,0.006686302947335081,0.005094340525459855,0.0034216459860701718,0.00900184915801337,0.0033739156919881156,0.006477557570196241,0.006752754797147406
1746,0.0058200996937911535,0.0060172192244937195,0.003788637656711705,0.008369124143409156,0.0033700416911867878,0.005769008935760423,0.007046556380912584,0.006688156217570754,0.005118901635465449,0.0034063365869006104,0.009067052877755371,0.0034928710443898827,0.0065677228182363595,0.006775309296442023
1747,0.005927690841317983,0.006069506261593297,0.0037114748892622743,0.008344046380384728,0.0034130444935686465,0.005733843799640916,0.00708866711806592,0.006796631343330966,0.0051496941133565245,0.0033406989223184083,0.009040892181578686,0.003540104975787771,0.006530267097741567,0.006815416276856421
1748,0.0059845816140599445,0.006083903910653494,0.0037494504794176662,0.008290777503342384,0.003500361758159541,0.005731858744230705,0.007208408134276461,0.006864620266586363,0.0051395605303028195,0.0033805371521880077,0.008982613264128766,0.0036343395664456503,0.00653007684515239,0.006931726146287282
1749,0.006004354073204587,0.006109662635126784,0.0037826452860471706,0.008284547144166723,0.0035445186684625886,0.005750592932473344,0.007277455187352698,0.0068939870743110684,0.005151621826224536,0.003409192462388466,0.008977826143131943,0.0036823076170602134,0.00655369738361718,0.007003652684846645
1750,0.005974253536334142,0.006106920954003836,0.0038948013286010555,0.008257367201889442,0.003559199591949016,0.005741613703271913,0.007328715820558434,0.006865747612622155,0.005125101761016162,0.003511441824645741,0.008947338323339266,0.003697749382051092,0.00654143536291031,0.0070635812067627885
1751,0.006004550013519162,0.006175693495240634,0.003934812529185421,0.008320783872255337,0.00357563822181307,0.005778034941485616,0.007390799471758113,0.006899390312530848,0.005192488412886202,0.0035415486040443673,0.00901592928007318,0.0037165307022397464,0.006583831008809311,0.007127437028805331
1752,0.0060344623249861005,0.006313288687865864,0.003943499437267513,0.00848287824946059,0.0035570876865749887,0.00588097425799445,0.007449040486121926,0.006941712367913992,0.0053582064433059726,0.0035266559090976228,0.009191809159032152,0.0036975956811653044,0.006703574957606461,0.007185174545049724
1753,0.006090232991065456,0.0063926942568463445,0.003961066263931136,0.008588703869185582,0.0035827242098036903,0.005942311708644907,0.007479913036856708,0.006999820547768331,0.005441127988518963,0.003541862285800964,0.009306211105830214,0.0037257322093059804,0.006773503727613918,0.007215019944821922
1754,0.006195445167751728,0.006488756642242565,0.003961741056971888,0.008775247027829653,0.003662886765277228,0.006006585485117902,0.007519073148709753,0.0070958981292260845,0.005540705068061286,0.003558869411145235,0.00951065022750183,0.0038145122562221884,0.006848348421840088,0.007252085645664983
1755,0.006276012057529114,0.006544156204718134,0.003978446344890448,0.008842489422783633,0.003677248733974206,0.006056960249110038,0.007500577774595045,0.007175953543335159,0.005596128774390772,0.003578513026835855,0.00958230478476397,0.0038315988347997205,0.006904974157995149,0.007229024781769802
1756,0.006381021381322321,0.0065513063524670675,0.004008424960876764,0.008813961607837938,0.0036862050551960145,0.006097655094716277,0.00740044995668557,0.007284488445494808,0.005595564497044073,0.0036198389640596596,0.009547965666873583,0.003841389004452683,0.006949035919346687,0.0071213041372469406
1757,0.006374684503774226,0.0065460932500037185,0.004054560359420497,0.008784504608061669,0.00367148982009779,0.006123519369378951,0.007406183914083032,0.007279272842081767,0.005579012273940571,0.003662084176637856,0.00951998270436296,0.0038304585555177903,0.00697816783313326,0.0071310966164177605
1758,0.006395425394837293,0.006502529196966023,0.00408852551574649,0.008749834568844017,0.0035993967975100666,0.0061211182270361035,0.007335706763580303,0.007307721890915059,0.005520462347018329,0.003677975531552473,0.009489883912997515,0.0037603128418655773,0.006975754384813261,0.00705795085150395
1759,0.006467694399418112,0.006519090563515562,0.004050453533367155,0.008704194494869838,0.0035499839914985834,0.006106146613013673,0.007275785273718007,0.007382732525800354,0.005528288976102601,0.003633077218938346,0.009442258733176565,0.0037125197766149473,0.0069579580563105675,0.006987403864092207
1760,0.006505949377007841,0.00649284863948,0.003973539770368186,0.008700908078923562,0.0035081568325952073,0.006116378329662093,0.0073469369868080035,0.007423375878764458,0.005491740863439613,0.0035511962557432807,0.009442777188603271,0.0036722090924077486,0.0069687876722473435,0.00706338803648908
1761,0.0065716482780171556,0.006392221855034621,0.004001533926397889,0.008666284261287422,0.0034837391611328753,0.006154745641319031,0.007402928130632628,0.007496639394713516,0.005359918149585565,0.0035627197482583093,0.009407243656060101,0.0036504498908294034,0.007012770960595764,0.0071191657707046175
1762,0.006596154126676788,0.006429723841196386,0.004104811714741937,0.008660493207333968,0.00349865905873203,0.006263408178327345,0.007440964015108148,0.0075799988594544565,0.005438850715284284,0.0036990008026804703,0.009479748599564628,0.0036986781782384387,0.0071989811113644196,0.0072163332310061145
1763,0.00663322173857842,0.006492324693640062,0.004217586735856235,0.008619837445848521,0.0035644940767049515,0.006368301537363241,0.007544011854689768,0.007575320092635825,0.005462855579507132,0.0037954473951878434,0.009383024211499868,0.003748184431269125,0.007282409083962896,0.007286389065936815
1764,0.006644261980330968,0.0065146174464116476,0.004330175149786403,0.00867356021075902,0.0035792351652079975,0.006406983836162262,0.007654969806317593,0.007576859329031544,0.005446423540007171,0.0038979932858282072,0.009410662469471963,0.0037528767042677917,0.007306754659917637,0.0073759605234387775
1765,0.006584870071841135,0.006632123095996407,0.004392139416678135,0.008842521022998788,0.0036240038128739754,0.006465594851597243,0.007687772601930993,0.007506449494458179,0.005558115995176073,0.003976037704526705,0.009593108448946118,0.0037999803061238633,0.007373470893417189,0.007409577147307992
1766,0.006602106416747808,0.006680625528800321,0.004401774022245411,0.008932474659614683,0.0036510646334133767,0.006476118190176546,0.007746494802631785,0.007522978640955117,0.005599727318185753,0.003984892084002778,0.00968901022701546,0.0038282576301583945,0.007385537759218633,0.007469334448320667
1767,0.006633874252931932,0.006651290736046922,0.004290054728016636,0.00906809544440436,0.0036311644526127516,0.0063989163231257876,0.00783649198071924,0.00756457015587307,0.0055630266484711505,0.0038575649986028805,0.009834085613465741,0.003807161466417648,0.007297832560506506,0.007561743446013111
1768,0.006736941464889912,0.006680927077694304,0.004235192737527618,0.009152663379935781,0.0036291559922459636,0.0064056676521741795,0.007855859978712878,0.007682141625818839,0.005591594727647036,0.003804752184461899,0.009926403075906753,0.003807032717464522,0.007307198427638185,0.007582215299421956
1769,0.006997738288043408,0.006760626221733849,0.004150409798288381,0.009140742768838394,0.003659725405749561,0.006430545256406089,0.007815865387046652,0.007957651355763883,0.005683535351772619,0.0037262580751823934,0.00991226623683986,0.0038412497498289833,0.0073374253527928555,0.007539687929027179
1770,0.007077037456309255,0.006797171607366386,0.004136846937476443,0.00919183527473174,0.003660859323677733,0.006463895472315604,0.007837126571553311,0.008046698225672999,0.005716315647536565,0.0037070271077635137,0.009962978590360178,0.0038431495852302914,0.007370994765072098,0.007558287248594172
1771,0.007129172418164601,0.006836902742224236,0.004100476616738318,0.009323468721657124,0.003627058634847576,0.006532434226827447,0.007830526639460144,0.008116060944069279,0.0057464476021096625,0.003680502237599741,0.01010126434169428,0.0038107403333822393,0.007440796029274838,0.00754839052708237
1772,0.007144081473420685,0.006867145704775412,0.004138829034572502,0.009355953003345852,0.0036507400227046146,0.006585276633198995,0.007867253049645482,0.008138178888482513,0.005768144535932663,0.0037065682883756427,0.010137572706449856,0.00383768675302111,0.00750001506843996,0.007587445842072044
1773,0.007026341600187631,0.006909930535352823,0.00426823408406886,0.009323627841517098,0.003697363442977331,0.0066646500733535475,0.007972109425325053,0.008018849000656197,0.005794748189942374,0.003793026239174016,0.010102846395883668,0.0038868664909165298,0.007588718613004067,0.007699423922981968
1774,0.006905251532928318,0.006844145467507173,0.004427177557967848,0.009367070873678765,0.0037511933624034626,0.006687448497387578,0.008024287476911928,0.007891177273628794,0.005714058488116744,0.003929420939984015,0.010152638312884873,0.003944825977410289,0.0076107406433577555,0.00774953678571977
1775,0.006923062274140492,0.006821049787212715,0.004540999831072112,0.009325492435180901,0.003796850585119597,0.00669733476648302,0.008103701775710381,0.00790379132577876,0.005680216453335875,0.004037852717357123,0.010110095015746353,0.003993369128095336,0.007627700558242357,0.007826251243786341
1776,0.006962614856456527,0.006911815803558322,0.004711130868310167,0.009247956202655788,0.0037775872345595647,0.006735179842755392,0.008157462758700138,0.007939534706699515,0.005780584594520972,0.004205364444052844,0.010029164675981533,0.003973470416004607,0.007677349002915659,0.007880361829611238
1777,0.007023624276586675,0.006930766582697358,0.004804089325256914,0.009337514735339225,0.0037428861141900935,0.006727743583776352,0.00818378552654698,0.007991314845695778,0.005811741761468025,0.004309918216808932,0.010125067720510967,0.0039373563069099735,0.0076652294183890595,0.007900431580496213
1778,0.007098498975920496,0.006997434094619485,0.004855107169961859,0.009362487505552719,0.003711324496224271,0.006771754482022775,0.00820771716573126,0.008069019699327828,0.005880512839076029,0.004369395458937471,0.010147992082359605,0.003904662961038868,0.007713852301683364,0.007910214548912059
1779,0.0071830254390423285,0.007116768605118393,0.004889469120251504,0.009339526471174558,0.003704959426679172,0.006834038700386422,0.008121826577134667,0.008163807698289524,0.005991227579182246,0.004390655108527499,0.010124352104703192,0.003900034435668035,0.007782385915601268,0.007812629511505065
1780,0.007256032111344039,0.007186776063201611,0.004851380212379451,0.009405819794906841,0.0037298236032114584,0.0068743165952810876,0.008064301442586302,0.008247301476639974,0.006050748102212631,0.004344375855410205,0.01020168958563783,0.003930260563814263,0.007827019353984574,0.007751804688443797
1781,0.007275507929736232,0.007316554409007488,0.004835144322048062,0.009394726898696752,0.0037449890303096786,0.006936570419677367,0.008074408160377581,0.008265859062682984,0.006171455376788193,0.0043218186269702,0.010189212499133175,0.003949093273154762,0.007897416049651725,0.007745573867501842
1782,0.007319999016767642,0.007369053323214679,0.004785993030113232,0.009356976919201626,0.0037306698921194545,0.006973271011693403,0.008098489367396686,0.008313761777178469,0.006202370203707027,0.0042635717969464575,0.010151540101032268,0.003937813109635718,0.007939874910132585,0.007769872107361707
1783,0.007324281498553546,0.007385760188501754,0.004784670143403066,0.00938271874600457,0.003767218184396187,0.006990991380512636,0.008103247496535177,0.008321921087243118,0.0062101433236086264,0.004264303884386144,0.010179520146086215,0.003978289176181913,0.007960524396284677,0.00777221242259136
1784,0.007247905424947166,0.007300367143081303,0.004839544091240283,0.009461079379519044,0.003846476589941032,0.006965961540394736,0.00813794256357736,0.008242275872189543,0.006124803988688208,0.004333817239062405,0.010259481794793518,0.004061881049544561,0.007931591592971457,0.007800907976111577
1785,0.007282708638010363,0.007319088185512602,0.004864153183290636,0.009497430874056413,0.0038854719401440097,0.0069824310221912045,0.008180525119524782,0.008278030224682507,0.006139219257668865,0.004363432359481965,0.010297046170355187,0.004102987148606087,0.007949481214392077,0.0078454600556913
1786,0.007364957999781361,0.007377567431970781,0.0049033469061131405,0.009565361497089359,0.003965311566138197,0.006999752112084689,0.008185576139075336,0.008368148127155164,0.006197934502292551,0.004412873993449165,0.010366713509344623,0.004184985028615158,0.007966233624892564,0.007859049074286339
1787,0.007400414191243846,0.007395235276526253,0.004935034391421891,0.009596829552226495,0.003982829393460244,0.007029182125506007,0.008204199997054332,0.008409936912695351,0.006215434242462057,0.00444416660010419,0.01040123220411773,0.004204500877530985,0.008001190183010978,0.007881856179522197
1788,0.007523888848276933,0.007447167197320011,0.004944867699332461,0.00958254021177856,0.0038873535746976108,0.007084708002944652,0.008298617386205782,0.008539249180650146,0.00625634375111941,0.004440902246637656,0.01038703785485632,0.00410567330522523,0.008066692618246147,0.007984512151169935
1789,0.007548536004573022,0.0074718817340664965,0.004919401639124265,0.009576898307639614,0.003901370352607708,0.007124601243874253,0.00833805196590175,0.008567774508764158,0.006282002337220761,0.004414176458741943,0.010383856308735034,0.004122445467759256,0.008113234851243696,0.008030519420146456
1790,0.0074517217873957394,0.007391882027285646,0.004875435209999569,0.009576764059346347,0.003972426965779955,0.007187718051707091,0.008345333206510878,0.008470215519110449,0.006212461013987229,0.004367637016166908,0.010384644709397232,0.004199329598251658,0.008186361245892827,0.008043818392437369
1791,0.007432862416084822,0.007395977711666943,0.00484151016260335,0.009577186167078797,0.00399469369127937,0.007214965101226811,0.008358210180247764,0.008449174919774656,0.006213269198236152,0.004331929750015005,0.010385153128795685,0.004224210393479002,0.00821529163521127,0.008053979926428024
1792,0.007420064549275968,0.0074838219595825,0.00476203101365768,0.009551683143562539,0.004040295836504274,0.007204487730096884,0.008354251379159986,0.008426925113601774,0.006293866972325943,0.004260475484585841,0.010359271839282409,0.004273493578756129,0.008197505340358065,0.008039873200679051
1793,0.0073853302239423645,0.00752259834696233,0.004700179377625745,0.009569339215418983,0.004105753172491491,0.007246459198286723,0.008343621986931097,0.00838730001938337,0.006335134289014008,0.004194397819374746,0.0103809219790929,0.004344261250322663,0.00823971990903625,0.008022310008408742
1794,0.00742493259012625,0.007503942428123503,0.0047120773235658255,0.009590748294660454,0.00408965280677784,0.007232816134770919,0.008385024867274242,0.008441002970571024,0.0063066907936442165,0.004206517581722541,0.010406152243474425,0.004328484448264983,0.008227958486557867,0.0080713725108754
1795,0.007479785144276248,0.007582567701982477,0.004745031297084898,0.009572929572142841,0.004059670923509106,0.007179769794431938,0.00842235267625004,0.008508647863610526,0.006389469261657647,0.004236511138644825,0.010388456425793545,0.004300197226971035,0.008170194496683117,0.008106289641602229
1796,0.007481329374023356,0.007606880585087919,0.0047252355040368075,0.009578263573730176,0.004071503668455941,0.007239418520204845,0.008478326920035686,0.008500060568216101,0.006430742713354161,0.004221206463133123,0.010397170739090201,0.00431576573428984,0.008244526412960732,0.008166110889858915
1797,0.007535085976083115,0.0076708971646183765,0.004835313099204252,0.009617494363203256,0.004070644969954394,0.007253562677220633,0.008535802873779539,0.00856867079447883,0.006493338791739841,0.0043414703090199,0.010438667476529183,0.004314341186608138,0.008267759076414945,0.00823410241596557
1798,0.007555400003214569,0.007690841910768597,0.004875968882875828,0.009658319477992686,0.00402176524639314,0.0072331531969431475,0.008529969168855735,0.008609015665686027,0.006498713365755177,0.004386905238339565,0.010485102399845793,0.0042628544145414905,0.008248904978189963,0.00822375568097049
1799,0.007525738849769442,0.007677245773170521,0.004832659992220628,0.009740003780605648,0.003983576765514263,0.007301484462356473,0.00849849396899929,0.00857314105970124,0.006466923134356567,0.004350400138971709,0.010579643054686647,0.004223270977064089,0.008329482216233313,0.008187135327664019
1800,0.007594747588832309,0.007680820488870677,0.004936923984125911,0.009815287371229017,0.0039776450804324594,0.007297727360416307,0.008486429230161211,0.008650295259831567,0.006461282917697663,0.004448023846087661,0.010664290453478895,0.004216547295408241,0.008326772824702323,0.00817149353444225
1801,0.007751472749484409,0.00761792372077615,0.005154104026894649,0.009944049378204018,0.003982771839327483,0.007198383451260637,0.008475470967942452,0.008836044435074531,0.0063905781234598604,0.004645586111677558,0.010810422620356957,0.004219973995562575,0.008215657099935207,0.008160819252358472
1802,0.007782999474474497,0.007635222505961193,0.005219489189062139,0.009969746517526261,0.004014944018096612,0.007205073964717971,0.008483717066480238,0.00887131515968344,0.0064053077409257815,0.004703939116493548,0.010840197771273487,0.00425502305312182,0.008224052511269616,0.008171144172467575
1803,0.00787396980428157,0.007743950917304542,0.005396857886292454,0.009942792154683947,0.004105621380725978,0.007232730533628501,0.008503359171526902,0.008968961751814405,0.006532906785914639,0.004868628362698826,0.010819338878404926,0.004356956296729525,0.00826306345858374,0.008203929241078671
1804,0.007853338534060107,0.007756950367856184,0.005389286370081991,0.009924820615309304,0.004155545865917673,0.007301213801345911,0.008529908852229758,0.00894609120755463,0.0065401287016595925,0.00486536436541135,0.010805418128442002,0.004413557796635791,0.00834426612989882,0.00823426779397592
1805,0.007627673687660566,0.007747283104388794,0.005112276087472632,0.009834739241280834,0.004225537995453809,0.007486236463841694,0.008595742492215697,0.008697101292947085,0.006508274107822149,0.004617187882591217,0.010709312021302429,0.004492010353290277,0.008554967806489813,0.008307476852226412
1806,0.007602905328238055,0.0077640825289168455,0.0050407637177547,0.00981445795166975,0.004261355576145432,0.0075503425402018215,0.008582489610542683,0.008663141878358937,0.006514354306841606,0.004554071643222606,0.010687064451217481,0.004532010358819954,0.008627597541934755,0.008289455555724698
1807,0.007614005480575607,0.007713076216880236,0.004989188573487,0.00983531561363289,0.004234584120552711,0.007627290142347028,0.00851255695649689,0.008662124956680584,0.006442212555108927,0.004510302963534491,0.010714229729512782,0.004507182941352621,0.008716384868035233,0.008199508859003566
1808,0.007616460780672283,0.007730077017508989,0.004957457023943636,0.009866757772907781,0.004245479844827147,0.007611917587516592,0.008503606473694572,0.008656014587458417,0.006458838343011125,0.004485507413993426,0.01075239691603082,0.004521414813984284,0.008701753762589413,0.008184468256136487
1809,0.00768722294463744,0.00781444667102901,0.00502808066690816,0.009927825308822288,0.00427782766727607,0.007385732018010098,0.008480141013718693,0.008731885428445616,0.006565273148457464,0.004557281713659319,0.010822697353292828,0.0045601688761992,0.008451926950109436,0.00816163473223712
1810,0.007782932375110852,0.007876418349921248,0.005081160981077614,0.009955407080995677,0.00428894722164225,0.007324332200308611,0.008476940763616634,0.008839540495764703,0.006642756418484381,0.004609088310212128,0.010860946553905917,0.0045754027304984405,0.00838749760127984,0.008159684758430557
1811,0.007901608375998027,0.007915915765966343,0.005155124372810803,0.010009112935702641,0.004285090998440691,0.0072815760554347,0.008552124751371196,0.008965932252133761,0.006702456601774297,0.004678103075452787,0.01092613675874929,0.004571016126223615,0.008340254633399699,0.008239708317855346
1812,0.008018512736047105,0.008078203745067375,0.005136968158937252,0.009966332945190882,0.00433626201451329,0.007310538224205117,0.008532795777914787,0.009132614106981914,0.0069198709576048486,0.004677173210450834,0.010926189088499554,0.0046424959941358404,0.00840428653211989,0.008249360530761916
1813,0.008111666508739292,0.008132671956496026,0.005179171509582564,0.009946397368078586,0.004316075351048801,0.007393654618022537,0.008519347613541697,0.009300486714533946,0.007004210849584027,0.00473029248276322,0.010961640766688728,0.004645244867629782,0.00854004996392776,0.008272741189931368
1814,0.008140425781917508,0.008167097372865039,0.005147189845869389,0.009967646698656872,0.004297433304520341,0.007508958893675931,0.008491107031773283,0.009263937399206258,0.0069742923490541085,0.004646676881504029,0.010900168239593114,0.004588029771787413,0.008604627083619042,0.008184145076271906
1815,0.008018671160730685,0.008178071480166204,0.005064938204294734,0.010057171680762306,0.004348169302613411,0.007582441733274195,0.00843176546111348,0.009162728050560858,0.006956435748534562,0.004558663575706713,0.01100328706535628,0.004645648800541346,0.008697574962913252,0.008140840913707911
1816,0.007958934359996723,0.008053507261106256,0.005055014416392124,0.010218244044997316,0.004388161439056989,0.007637862499590195,0.008464384357206188,0.009108522839446336,0.006796565391393842,0.00453920676147072,0.011178429615862562,0.004689802631602781,0.00876458479449041,0.008186098657277359
1817,0.007959967927266007,0.007967863664600615,0.00502899701624242,0.010197668064301842,0.00446626836348841,0.0076240202739960815,0.008541386450404906,0.009102727267104569,0.006713424385180727,0.004506776439193827,0.01115714392859293,0.004774566186527905,0.008748528116544651,0.008277614443436745
1818,0.007963118091107807,0.00795090433866289,0.005099277454738347,0.01020556680924329,0.004488054018445235,0.007662135283506379,0.008584853797520478,0.009118452949071116,0.006706102530817128,0.004581223437215728,0.011171181731862967,0.004800441175096927,0.008796273192290933,0.008330666003378452
1819,0.007904555788225104,0.008033688884833771,0.00525774464305357,0.010222237055400532,0.0043917460537480565,0.007663071779719317,0.00868334489553411,0.009043403427010958,0.006830804455854804,0.004738469792976068,0.011193202978998064,0.004702972616025301,0.008799480754395935,0.00842950841682742
1820,0.007797374798904898,0.008167218350966093,0.005353699946137606,0.010095805966567223,0.0043561166643225,0.007587321670204529,0.008846581758487916,0.008934536869894245,0.007000219109128252,0.004827689227772392,0.011055893242437512,0.004668925518316786,0.008715397450461787,0.008599887230570705
1821,0.007800943694233055,0.00823703793672057,0.005387793547550918,0.010066691029677742,0.004351859248298127,0.007613880796579089,0.008956340874808493,0.008952368067268127,0.007081960018845847,0.004863360846295968,0.011030980737557759,0.004669113667569167,0.008751058653388617,0.008716900058429945
1822,0.007828899657943998,0.008362515900558887,0.005375156398453695,0.010130758194239656,0.004350459042672774,0.007731667624755187,0.00905988459825716,0.00901108460184154,0.007207716670995903,0.004853642317821243,0.01111037360132315,0.004672983853745828,0.008894073979633458,0.008823448676889273
1823,0.007880038211689266,0.008381873087921309,0.005395174399287716,0.010160585906158868,0.004384408232281015,0.007765117197273678,0.009139309471324018,0.009067492450432323,0.007210739996544276,0.004869031906285743,0.011146153800182943,0.004711414839951983,0.008934095203101775,0.008906725909226644
1824,0.008074628158089193,0.008282232428553976,0.005381506422445084,0.010127589627138823,0.004508149202498759,0.007819606045024113,0.0092101065064239,0.009279983121861173,0.007059820603036233,0.004857521558287533,0.011119139976721749,0.004846156736172276,0.008999035956889145,0.008990603686638168
1825,0.0081535725482474,0.008263726720293685,0.005349946767389374,0.010203182714641117,0.0045355658311721555,0.00784807553685266,0.009224580421559044,0.00936643830769047,0.007031319474162671,0.004825593727395903,0.01120902050325175,0.0048789595449599535,0.00903485659993248,0.009009768348957106
1826,0.008158233288084255,0.008235811741959536,0.005326033703949682,0.010370137563368154,0.004521950593083572,0.0077965655937496095,0.009160902384234507,0.009349750765307729,0.007000732117427786,0.004786411659485966,0.011394308305360073,0.0048677707523212665,0.00897674636830498,0.008947661250802298
1827,0.008182691552111196,0.00821997705573431,0.005324597779522877,0.010489954023043983,0.004494631408462203,0.00781185004053649,0.009154759601316738,0.009380257816949365,0.006980549442779193,0.004787323490625485,0.01153048004901256,0.004840744316823078,0.008999229509264762,0.008947078543242662
1828,0.008157592880676353,0.008225199210706649,0.005301889154902736,0.010692299297869513,0.004400790940461911,0.007890484956431496,0.009130068715070432,0.009407568434769701,0.007027279284014382,0.004801291847322226,0.011809392162683906,0.0047606777547004875,0.00913867079390749,0.008965762455206465
1829,0.008194260492724745,0.008234834440128607,0.0052927608295132095,0.01080682373070654,0.004382611292871165,0.007913619025970913,0.009124987122826602,0.00948287551612898,0.007056022458706286,0.00481190967715016,0.011965907559071983,0.004752049718010951,0.009188593326398167,0.008977825079170573
1830,0.00828666834618599,0.008268165611770241,0.005315157682141466,0.010901015343853897,0.004341408797307138,0.007918349097575971,0.009140742556197408,0.009552738818412733,0.007037074025903853,0.004820307594979931,0.011998609496906381,0.004677564164363277,0.009138547598113512,0.008932631758238246
1831,0.00833159906876631,0.008276953535790893,0.005315095469067513,0.010914517250345101,0.004433928099064128,0.007933282162955415,0.00921555638798663,0.009633739430743858,0.0070626766570706994,0.004833894120052741,0.012022685759642385,0.0047788443551382235,0.009160541341687731,0.009005085513627706
1832,0.008386596966767147,0.008254096955495397,0.005394153639620617,0.01078251776868438,0.0045739523309774955,0.007954311537973562,0.009219925584455411,0.009699913819397886,0.00705247275908842,0.0049088876925064626,0.01188280926128185,0.0049325079274174025,0.009182832297056989,0.00901481585664356
1833,0.008428594643424605,0.008178920489104548,0.005448655536389925,0.010715186417228718,0.00468909446402819,0.007942373663395473,0.009229367959518293,0.009771439113442101,0.006993844937055165,0.004960263379009107,0.011807881330841687,0.005058943791505168,0.009169273371616622,0.009014084073401589
1834,0.008385586099914822,0.008105176046203802,0.0055074084298679955,0.010606574333602264,0.004698362398617561,0.0079639184104182,0.009284453120454618,0.009712359885526862,0.0069283851462798515,0.005017110390889048,0.011684885792350778,0.005071033599137006,0.009200054487684892,0.00907588593872407
1835,0.008372727873345722,0.00814656373355429,0.005595809752945692,0.010504319872259624,0.0046892649520929915,0.008014005391900938,0.009249249544646721,0.009671822758940117,0.006953849765036314,0.005104054388058967,0.011565798167840681,0.005060543799689518,0.00925838316175709,0.009045392182553907
1836,0.008353892709766123,0.008193327663534812,0.005610590153387049,0.01050601496798495,0.004658329335716359,0.007998725165884981,0.009153547329781108,0.009657724172604616,0.006995862394942016,0.005120948608463544,0.011572336877427033,0.00503182815446766,0.009248155730562998,0.008934697376727295
1837,0.0083270132730535,0.008300602413953868,0.005535871207371926,0.010480759268176506,0.0046001199329956674,0.007953526688835968,0.009072636782719417,0.009604375278297855,0.007110968548914491,0.00503732785317921,0.011547537057826417,0.00497338498939366,0.009199605016397376,0.008845159105198694
1838,0.008259616951717761,0.008386808080815069,0.005508685268040164,0.010553685434201559,0.004637428692129379,0.007981553001018082,0.009030414567143907,0.009521216579561297,0.0071913578127506175,0.00500270633469741,0.011632226932297525,0.005018440656923974,0.009232584743551068,0.008794387306411166
1839,0.008256726146045031,0.00839167268295984,0.005595129865485766,0.01055914298513288,0.004691181621928893,0.007985117810195494,0.008941571115553415,0.009520113600493147,0.007187445212142076,0.0050805505013635805,0.011641033847744411,0.005078404123271003,0.009235318772380626,0.00869256907657333
1840,0.00834396399411112,0.008372760475901924,0.00555225009322694,0.010621435158594077,0.004648363100144479,0.007943832029941571,0.008827860991028905,0.00958436303654385,0.007157810098180383,0.00504124590840558,0.01170989470499205,0.005031146863039124,0.009185849779189079,0.008564856435693415
1841,0.008420189558846481,0.00837106861303242,0.0055421872119351635,0.010785898225013824,0.00463362936975133,0.007980151469225573,0.00884833343079772,0.009650728797087796,0.007161588716380099,0.0050395838565991495,0.011896483755293221,0.005016462718634436,0.009229899518311895,0.008577277897212214
1842,0.008488883973808472,0.008399822980670943,0.005598986992579314,0.010850482941887986,0.0046108248784558796,0.008035749357013922,0.008880518269808652,0.009723447638912872,0.007190914934424724,0.005097120485984591,0.011973258313134548,0.004993436346594007,0.009295587573395108,0.008612754253674857
1843,0.008628016933737315,0.008452264164500276,0.005729807261795769,0.01092829808430868,0.004540639545970364,0.008112111865176222,0.0089395015800964,0.009876980758450895,0.007254556698834332,0.005227718173200496,0.012061666392933807,0.0049174596172288304,0.009383240497283894,0.008678694261961993
1844,0.008649175444370466,0.008471768112575802,0.005763549380541174,0.010916940135496348,0.004527713745927835,0.008163829329918687,0.00895610644891583,0.00989950145909146,0.007269919935338968,0.005255743833857643,0.012052629255815957,0.004904322162273965,0.009442393491676337,0.008699027939782686
1845,0.008607810951587375,0.008522073800639378,0.0058377995964486815,0.010791428880528902,0.004536912257493379,0.00826718274248252,0.00903097867640877,0.009868600400179051,0.007303136098239341,0.005310620028183584,0.011913392243288268,0.004913993231719635,0.009556091984204502,0.008786812731614147
1846,0.008572958934886849,0.008551485332599577,0.0058511546851830526,0.010739389016456055,0.004581901957994172,0.008320557486523763,0.009062990570502576,0.0098441506392682,0.007333220670798608,0.005320654157894685,0.011866184220255547,0.0049664491575402035,0.009621780973286474,0.008835819182050805
1847,0.008480815937812641,0.008520437761587328,0.005755221989411092,0.010660895342696531,0.0047376795651919955,0.008325093386732579,0.0089795247715101,0.009739122884756318,0.007293525604632959,0.005223149599807892,0.011784372315089166,0.005134799365345363,0.009624384810783313,0.008759940251350575
1848,0.00840676906693214,0.0084961897268809,0.005745914807284887,0.010604184994755112,0.004773968117748873,0.008340495447903684,0.00903288983612744,0.00966523178676415,0.007262096342173698,0.005208984044271418,0.011725078713719394,0.005175248703753238,0.009644725644107396,0.008825828564521541
1849,0.008250898967115564,0.008489410007084072,0.005736528675434062,0.010569612227700352,0.004725039365836041,0.008373749800144891,0.009216654723891817,0.009524861274307283,0.007258032405676937,0.005194310925651231,0.011695876798471075,0.005127411386709453,0.009693705582986045,0.009031638768599618
1850,0.008226287251269176,0.008494671751029588,0.005746045889588136,0.010568952173131026,0.004751000880691243,0.008380551003856894,0.00929587167540756,0.009499895909734008,0.007257605806066633,0.0052018891087994,0.011691856702314556,0.00515519369776869,0.00970284488678643,0.009120677166295166
1851,0.008309763578097876,0.008490411303684959,0.005968262891298035,0.010632598620853,0.0048869003820172395,0.00839948721279466,0.009410556245153367,0.00952653202267889,0.007217321298896852,0.005309099191432196,0.011679207487064691,0.005185938483042447,0.009705081008461581,0.009230594977960084
1852,0.008407705456294759,0.008505212466464055,0.005939742945314738,0.010711348584516974,0.004918742117071667,0.008299312720583688,0.009418897618222241,0.009629232738064814,0.0072423856392772636,0.0052840426923704475,0.011767968971257954,0.005224222648400587,0.009598843668333334,0.009241300187784999
1853,0.008490977427747747,0.008622184099238704,0.005849289505314858,0.010764500453644221,0.005027037806059432,0.00832445036444527,0.009416402882237414,0.009732338844251242,0.007373940862176124,0.005206274103704542,0.011829806999070313,0.00534664190392175,0.009632164357457828,0.009249246798158816
1854,0.008599704519355864,0.008656204367255402,0.005844885495897182,0.010782473933334657,0.005141155611170582,0.00839931568189148,0.009413348024442372,0.009850943501558905,0.0073937682010660625,0.005207596448824769,0.011850309883544467,0.005472816763983216,0.00972388948377846,0.00924871259654869
1855,0.008608700480488642,0.008645544080552825,0.005798533419355763,0.010907551119344355,0.005090872818559554,0.008450688174949166,0.009356905772044875,0.00986439720985998,0.007387628804005212,0.005154317388684401,0.0119885101107947,0.005420657459112745,0.009782617022804464,0.009182532280470142
1856,0.008508006365732046,0.008667859578002339,0.005812318170363684,0.010912501263008849,0.005005194146903853,0.008526010227664933,0.009323680635853933,0.009788292206354328,0.007425741956517808,0.005160470399561685,0.012001998224837756,0.005335511691339875,0.009868080933296646,0.009157007630290263
1857,0.008551483087477042,0.008594724536550687,0.005872761837076342,0.010976680184026777,0.0049159892199888465,0.0084469698886568,0.009249578622464812,0.009846501295356474,0.00734862045991961,0.005220736056137798,0.012072154831764326,0.0052388834122283475,0.00976931335517674,0.00908037755617186
1858,0.008592131109266366,0.008549477049107891,0.006006149716874173,0.010992225213171202,0.004814552273610233,0.00833536697796071,0.00920417312553262,0.009885161467340186,0.007298615113845687,0.005361078825720813,0.012085054644772431,0.0051278280575577425,0.009635132841859082,0.009025324983767031
1859,0.008530953633485912,0.008571752484304933,0.006160979624857468,0.01089147188389896,0.004861256491040753,0.008345109572570591,0.00920963820620601,0.009836688925423989,0.007299970913488266,0.005512419285583821,0.011974983047075706,0.005179753161748503,0.009645855850949661,0.009034906386530785
1860,0.008582969808917198,0.008593891969919578,0.006197302214769656,0.01088819248728594,0.0049229502364458565,0.008341899882242376,0.009257155097346974,0.009897771746799181,0.007297470031406573,0.005548590512980202,0.01197161570520652,0.005246535316271248,0.009645686931650807,0.009081792248304884
1861,0.008597671240919242,0.008657677537411273,0.006303039801057125,0.010785380454855348,0.0049018246273830664,0.008372345891747304,0.009235685933892733,0.0099041064463724,0.007366577535075349,0.0056475742101885894,0.01184977141956953,0.005226302140137799,0.009682802746647927,0.009043540422376995
1862,0.008634478874745465,0.008705247718162931,0.006361377858626859,0.010844378132398887,0.004934311676778953,0.008452739793726748,0.009140839998759458,0.009951112710363332,0.007434932047094706,0.005691600671621437,0.011919133618584061,0.005269703758421915,0.009772113963310538,0.008930928781140574
1863,0.008758596914709506,0.008710045986969358,0.006283611649011742,0.011057662289866807,0.004942047108080281,0.008487353450846847,0.009140958905561696,0.010090405097406555,0.007464918816776323,0.005618631696113101,0.012164232880576765,0.005281582283600527,0.009812286383431975,0.008926961465893045
1864,0.00881176286984239,0.008728711221111761,0.006255336234155191,0.01111856154719739,0.0048973012183280385,0.008569353071371587,0.009122233178302618,0.01014358435849429,0.007521801851828766,0.0056073226268061275,0.012234788525587858,0.005233712579044818,0.009908586506833246,0.008908382360002692
1865,0.008807411727871268,0.008743539898222038,0.006177030403898926,0.011184302556098983,0.004895735919543193,0.00858915759922637,0.009133396138131028,0.010137429374283101,0.00754626796351168,0.005529523133234946,0.012310022992511896,0.005232379258557291,0.009931335626523907,0.008910654051036878
1866,0.008706833824446881,0.00875472204989753,0.006027164242930267,0.011295472879694058,0.0049372600411520945,0.008610233289324436,0.009214919292934994,0.010028284475772404,0.00754993126022371,0.005370277601256202,0.012433930584867789,0.005272203337115589,0.009953788132852793,0.008983793832115367
1867,0.00865563274930762,0.00874367949371388,0.005942649471365294,0.011347672026692743,0.004985493070611999,0.008602792530326189,0.009270576476250264,0.009977359957962709,0.007534367528118002,0.005293752529426074,0.012498538419610761,0.005326678317323568,0.009952531264564888,0.009045968627425094
1868,0.00850187883029171,0.008728715110305185,0.00585496496501113,0.011321173501679367,0.0051135813996345154,0.008492595411119526,0.009339671265891265,0.009809894060560681,0.007476170832980597,0.005205975333864911,0.012465955681227886,0.005466886857376522,0.009827234820226023,0.009107375061600094
1869,0.008527570983220031,0.0087098968336098,0.005788789293970371,0.011307990104006373,0.005141673189355385,0.0084765347724256,0.009375899044885888,0.009830423669923786,0.007449950609779641,0.005139284147814559,0.01244830113420674,0.005495599132211143,0.009809055868621032,0.009145496963292702
1870,0.008719809378328324,0.008633521299776037,0.005724042945016755,0.011269662849511801,0.0050945023004326856,0.008526067534558405,0.009405183751713076,0.010027237091654265,0.007388136848805927,0.00509816706299626,0.01240862981600871,0.005443024578507465,0.009873426740360408,0.009210624764529966
1871,0.008812221836436089,0.008607913913417546,0.00573447916313454,0.011250922377334141,0.005096840245793728,0.008522937660814581,0.009421130591858416,0.01011772569122188,0.007368575477297794,0.0051148389626521585,0.012388771410611132,0.005446491874874096,0.009873037396322592,0.009234949547223013
1872,0.00903767966686141,0.00858875176348084,0.005819216109505052,0.011195071432120259,0.005079488342859582,0.008578941601217475,0.009399936947457,0.010357852528543134,0.007377846326916794,0.005195285172092298,0.012334374521973382,0.00543271292916637,0.009946032111539257,0.009215067839578855
1873,0.00908682700455549,0.00864404731687588,0.005875274226198437,0.011191255393806322,0.005043027454830259,0.008544179166606094,0.009363260774978724,0.010404353194978006,0.0074501345617968085,0.005246024659344945,0.01232843167911107,0.005393699117681898,0.009903586874516155,0.009167157676357686
1874,0.008952001612595933,0.008846061572774594,0.006004409829998032,0.011308089786078371,0.005042670225138586,0.008343511686311577,0.009313093994461955,0.010261420164150242,0.007680905665475439,0.0053548607463645495,0.01245969435779106,0.005396506699477042,0.009670623105762683,0.009080000510659466
1875,0.008881883276648546,0.008877415831327333,0.006038853065976256,0.01132988849949702,0.005047764791434364,0.008318738912773977,0.009273470074544524,0.010185500696037887,0.007711505119895485,0.005386852995652407,0.012490675583868105,0.005408281625131842,0.009643771223883116,0.009035527046684042
1876,0.00871970896268974,0.008859112474799964,0.005997004518460953,0.011296819193381607,0.004987451793191548,0.008342253603328048,0.009234134849154495,0.010002813873808985,0.007668305225329512,0.005349550989627004,0.012458947271549184,0.005348674199620864,0.009665463412961003,0.00900010254714935
1877,0.008632662565180476,0.008852084558036648,0.005940505147812053,0.011252843144418948,0.004951894409638112,0.008337296364649681,0.009147333690517742,0.009903968615880752,0.007644767626165642,0.005295640383794518,0.012408698794908512,0.005312516845479563,0.009655323962968868,0.008917451383442148
1878,0.008627365082260821,0.008723674908509185,0.0059251444832518095,0.01126351443119138,0.0049692504282758555,0.00845833961435165,0.009005153179236312,0.009893138328795022,0.007503870867885054,0.005281550825215304,0.012427531985730047,0.005336946818080218,0.009798768436280404,0.00877859748782668
1879,0.008593536570782014,0.008570861350169092,0.0059785588657806366,0.011207982975053673,0.004974848458552516,0.008663914092507908,0.00897512320895649,0.00984794460520854,0.0073207714077247014,0.005343863403591933,0.012366145137095483,0.005342672886057376,0.010033867896285575,0.008758619153694783
1880,0.008466386140459347,0.008601845708768027,0.006018728271623531,0.011189286477281273,0.0050267844377803175,0.00861750336281663,0.008895872376758476,0.009707852065264125,0.007359757382096583,0.00538101197408428,0.012340709574643376,0.005394770052448841,0.009978522093238329,0.008669596234807123
1881,0.008382010729344799,0.008648613874371625,0.006108399146881092,0.011233797724103139,0.0050521064537591125,0.008603244235841762,0.008862981530828888,0.009593155781104753,0.007410115394860319,0.005458559270550088,0.01238560440282947,0.0054177573791766515,0.009956562929885962,0.008629288643077616
1882,0.008392554755960709,0.008629158595559398,0.006168714410325085,0.011102403368084626,0.005096515725663856,0.00864651286848951,0.008962022051822508,0.00958641836506468,0.007377700992178803,0.005517746905259567,0.012243689289226155,0.00546503426595302,0.010006473924426237,0.008762401491994289
1883,0.008465110343882618,0.008656326367343679,0.00619457463438209,0.010953634389145563,0.005139282945777386,0.008470059063834506,0.00891884167075095,0.009664474205549814,0.007377871592847937,0.00554837470931825,0.01206993716295531,0.005508773819579467,0.009795071643425942,0.008714441445214598
1884,0.008644031851792617,0.00857277195485388,0.006151201815893797,0.010853555566703763,0.005060686976237886,0.008354416790834625,0.008882247432595584,0.009889754204246298,0.007279292170045214,0.005511858275218675,0.011960823450572186,0.005424550058875416,0.009658932520551559,0.008669496414461833
1885,0.008753044419541296,0.00842406148368739,0.006138369928738844,0.010719970943760837,0.005046277913274938,0.0083246074158956,0.00883143338076278,0.010034758516802349,0.007154584900777382,0.005511961268658599,0.011819915397087065,0.0054078820100015666,0.009623712884797209,0.008618965879962099
1886,0.008736686058985482,0.008390100462664037,0.00617565037879721,0.010677601595155956,0.005044249333073419,0.008201967513947885,0.008778876553196358,0.010036929176259052,0.007134961701717255,0.005562119938588853,0.011773786584286764,0.0054058185538959636,0.009477144259006358,0.008558566798412935
1887,0.008707632261216356,0.008385954170357804,0.0060648205892002574,0.010707488556458542,0.005042491384944213,0.00804358551854459,0.008909779532915222,0.010003658276697625,0.007134413481456582,0.005461869258704175,0.011802216410643756,0.0054023204359072334,0.009289610799702268,0.008713288761900076
1888,0.00860843263189397,0.008376922598083078,0.0060499742850880014,0.010646893022260314,0.005070675638158832,0.00792126688935066,0.008967968151044952,0.009876612581240141,0.007110736389067702,0.005450519144258397,0.011733685272766147,0.00543358534265814,0.009151528934462196,0.008805186239878558
1889,0.008576383162159779,0.008413908790869139,0.005998557451409562,0.010556826750527914,0.005052145320113662,0.007793389314570614,0.00900645578943272,0.009838648235651599,0.007138134170437816,0.005399284508291269,0.011633336872377739,0.005414705801628535,0.009006520231455956,0.008874507007858346
1890,0.00845480509887751,0.008354773878926105,0.005816220064005214,0.01051813421641083,0.005006681273485351,0.007681584902797027,0.009062769090618265,0.009699167356886425,0.007082069906065957,0.005220767934384153,0.011589255172625797,0.005364993606132532,0.008881371395875238,0.008935782053494903
1891,0.008324905806127263,0.00826842493271503,0.005722538400342063,0.010389346181944039,0.004923022279646253,0.00778559616073031,0.00901383750996346,0.009587277179767938,0.00701224291080887,0.005119034542283515,0.011451492900589562,0.005279161863080666,0.00900803208993751,0.008877746699235868
1892,0.008285767285501911,0.00827943790869838,0.0056516301371489835,0.010365005052567804,0.004859459371959721,0.007807117528122311,0.008960577389477694,0.009565599212345583,0.007054197697251566,0.005046722934245402,0.01142523697546758,0.0052132778410785355,0.009035441484715134,0.008815097555949303
1893,0.008299526433979944,0.008395404804984385,0.005650345369629141,0.010474558738080583,0.004809223930145288,0.007876046193594763,0.008867923316877913,0.009612759184836735,0.0072413985835537535,0.005047189599276334,0.011548689331932408,0.005164856086744887,0.009115649124095068,0.008689518766877105
1894,0.008289007678162855,0.008400025357926031,0.0056436361387703455,0.010490717002893758,0.004726397066864275,0.007940363579736816,0.008852799830711269,0.009606292815341356,0.007266554326317906,0.005041098613143961,0.01156562355887193,0.005075786330419502,0.009193342501653061,0.008671119638113548
1895,0.008382130192414482,0.008434985253222138,0.0056827701906758355,0.010537352866717378,0.004624154348571004,0.007994423474156227,0.00886164490625464,0.009707742672736632,0.007310508808079516,0.005087135761969852,0.011615093487830104,0.00496553906562328,0.009260771650878987,0.008695428328775548
1896,0.008381524721632203,0.008400733846090306,0.0056208751804676235,0.010520665210413477,0.004613761590586713,0.00800584746550707,0.008787833759783521,0.009689586053173736,0.0072764918438361125,0.0050341853716953325,0.011593662606182715,0.004952497575994403,0.009275872460745094,0.00861864752982177
1897,0.008302817258409211,0.008169646999217078,0.0053963192406022075,0.010329729197847316,0.004589254027983018,0.008086907486263019,0.008686928860975003,0.009555203029977458,0.0070075115785584886,0.004822376737004503,0.011377217880966583,0.0049154276997984215,0.009369527013917535,0.00851769610003807
1898,0.008255823148932903,0.008130897867177352,0.005375681827577556,0.010262988425247527,0.00457812882845767,0.008091235934198894,0.00862837311805617,0.009482536280749427,0.006973612042569268,0.004805305222078901,0.011302885600162715,0.004902109498665164,0.009381178679394808,0.008455386214068052
1899,0.00821954653892184,0.00819825072891234,0.005506015885615781,0.010273046555370861,0.004682843777348797,0.007949119664052741,0.00853907177427859,0.00942462462287637,0.007059155656172745,0.00492947448402031,0.011304340429090376,0.005014371736730398,0.009222183765740579,0.008341999192274706
1900,0.008147967924074198,0.008205957609033126,0.0055935413798306,0.01031774874067592,0.004690735511743652,0.007916080178129054,0.008465624434811608,0.00933826447578829,0.007076116490550584,0.005013854640898827,0.011352263463186142,0.005022019636611604,0.009184840523478465,0.008264879110261096
1901,0.008058919228487666,0.008342817472296142,0.005852441630979795,0.010474006978480537,0.004605907983809638,0.007916469239270816,0.00842912904769531,0.009226708234327481,0.00723685471666693,0.005257240388442427,0.011529172307392897,0.0049347729901687695,0.009184697921469058,0.008227848672647729
1902,0.008062204385030147,0.008349404672126276,0.005894045906119823,0.01057393397927552,0.0045792867466755045,0.00786856024551073,0.008412747914201319,0.009230482872571994,0.007258363063522558,0.005296552934525214,0.011636458792221548,0.004905675012126084,0.009124700783858243,0.008217277649512904
1903,0.008073822729044649,0.00823579150622823,0.005738234434503359,0.01076212041093542,0.004544366505340487,0.007841010459369252,0.008390760818305793,0.009273437999794153,0.007153713568851137,0.005151642700909691,0.01184758752750878,0.004866959450419129,0.009086636083228109,0.008220190636771199
1904,0.008040723133355358,0.008155548703638797,0.005538924808640898,0.010650949339342046,0.004530203858984742,0.007809859062672289,0.008311135414053527,0.009245151313720138,0.007087221810823716,0.004961087113372735,0.011729016019643271,0.004852579811317794,0.009044768502929009,0.008160677938746433
1905,0.008235654226371528,0.007980201385672219,0.005529632204321736,0.010545598032344384,0.004500876202162154,0.007753802609481789,0.008405819066002556,0.009463250588407558,0.006906561472433675,0.004968073010824605,0.011611102549125773,0.004823244388384347,0.008979359563676273,0.008267912754027947
1906,0.00830573769499628,0.007939044117953183,0.005473258770222693,0.010428203816738603,0.004458129967714608,0.007733717269532888,0.008599224053847552,0.009560375331464643,0.0068406214467601175,0.004917372923783314,0.011479294703182057,0.004772579528735003,0.0089587939578953,0.008475007049769908
1907,0.008286533608519706,0.007842385624326344,0.00542846989287442,0.010212403146311761,0.00441167666687337,0.007710152411271316,0.008743000859957982,0.009519575133181342,0.006720881893617719,0.0048805493194963336,0.011242428876918955,0.004716817658151241,0.008929916758893063,0.00861473696875177
1908,0.008443219663439434,0.007740717088005685,0.0054699022749273,0.010081705796063987,0.00433117889201161,0.007677796726670419,0.008838334445448095,0.009652910596889485,0.006596960303102863,0.004934189186173136,0.011096730272741866,0.004624956747610784,0.008889599098208755,0.008693134886485474
1909,0.008380890193508543,0.007929112221568276,0.0053137449113205976,0.009835214373647549,0.00427177041406708,0.007524014155190289,0.008818967072829663,0.009566637278580084,0.006792945937243331,0.00476516086816359,0.010825919173019859,0.004556524733166921,0.008710933141070628,0.008664977204210398
1910,0.008271624322678082,0.007995149698253478,0.005247066841166063,0.009702590006290215,0.004255438071719696,0.00733677943719511,0.008682386754901326,0.00944448378777315,0.006896812172467599,0.0046999475552113425,0.010682417025558635,0.004544306021221543,0.0084880752149447,0.008508585462764484
1911,0.00825937986406446,0.008089109277954486,0.005385693508021694,0.009679916797405368,0.004237181421860328,0.007171627675746856,0.008482142837424734,0.00942121047531122,0.007007109666238822,0.004853084152711707,0.010652509436829688,0.004535502548969264,0.008286701261521872,0.008286020751833404
1912,0.008126045538400014,0.008199677748717063,0.005497490725235123,0.009629746518262363,0.004275312110092122,0.007068714928332952,0.008207741875969484,0.009285684503281492,0.007129813911596241,0.004966832129998434,0.010599446808357884,0.004583977381498683,0.008164090829441209,0.007996725284276592
1913,0.008038317324031187,0.008033010880445775,0.005527459466846827,0.009648287546983946,0.004227425925270243,0.007110100696592668,0.007973544380748687,0.009216313368099442,0.006981640300998098,0.004995759467725886,0.01063096599203902,0.004537929827732419,0.008213316614790755,0.00774218491503697
1914,0.007940371798575627,0.007876574861533389,0.0054920878733957625,0.009674366697816959,0.004233569778465264,0.007187512405389612,0.007840687484113783,0.009086883814712308,0.00683201350142774,0.0049657027492680484,0.01065865016586484,0.004545532981298004,0.008306365363359741,0.007599649594282051
1915,0.00782466499547456,0.0077258301690379385,0.00532690572109222,0.009643151164121322,0.00428964090751777,0.007411273943292047,0.007765597145225768,0.00896538848470918,0.006671933573984678,0.004782207316051703,0.010628580637182323,0.00460195621276394,0.008571439322781859,0.007539902673533506
1916,0.007746010735604234,0.0076156839398916105,0.005079393404480326,0.009589937806703051,0.004305676280573013,0.007594622480056047,0.007809376483387566,0.008906265952809935,0.006556543565688961,0.004509016886996065,0.010571310674413135,0.004619258691868352,0.008791786928854848,0.007605324346621722
1917,0.007604814855300582,0.007647728131681976,0.004935326649439178,0.00961589048812291,0.004372786316023096,0.007595654238969761,0.007888697483640615,0.008727682131445775,0.006574114184159613,0.004382299725545808,0.01059217924198491,0.004691361196310048,0.008796278009907151,0.007698706009204406
1918,0.007607914795966912,0.007625533693013127,0.004921823958436961,0.009709949967516113,0.004404166799726394,0.007665739591123297,0.00788622251440501,0.008735964400364178,0.006560588068784929,0.004376241480673429,0.010699360620675844,0.0047246226897855285,0.008881077240151044,0.007712865623876799
1919,0.007757904664954592,0.007605029026288603,0.005036954504324108,0.009728262407565066,0.0043880488854482575,0.007585210646171023,0.007912673924009118,0.008917811026690921,0.006583730002179506,0.004482741730801679,0.010712125241171882,0.004702911929138772,0.008787641963919537,0.0077457255567494375
1920,0.007762661812860337,0.007619368652252757,0.005214209263354561,0.009672216376400393,0.004294900663844054,0.007442611766042319,0.007984837389417056,0.00891126051090842,0.0066262694726852535,0.004658382483325581,0.010644662081086895,0.004594623699705572,0.008614504555042733,0.007818912744996633
1921,0.007734010204117499,0.007563483983224151,0.005312445420303364,0.009531566117075422,0.004260027805407137,0.007412794928076104,0.00792666973803542,0.008977030673219876,0.006665363607216718,0.004783922488620419,0.010587138485965054,0.004593711096795979,0.008655899692904125,0.007837958843721902
1922,0.007715233325644263,0.007575996295722671,0.005389106622436221,0.009431154703039853,0.004244670158670609,0.007370506535115462,0.007942296865760853,0.008956386589094706,0.006714442488197996,0.004853141022290773,0.010450251037593688,0.004567717498660267,0.008594998703149033,0.007864587622280206
1923,0.007686764883566675,0.00757697833936105,0.005355078119452108,0.009319452981858134,0.004199712908847484,0.007315207626622641,0.007870919938596682,0.00887617082453262,0.006696792255530854,0.0048040227605024395,0.010277198938747381,0.004498385531067374,0.008492823587621314,0.0077519921319194
1924,0.0075770289163937165,0.0076160216608571075,0.0051636962030311715,0.00916272110161479,0.004176077963294053,0.007281357200950636,0.0076274157071046815,0.008708796648051449,0.00671449844819333,0.004637249810713085,0.010093141377544714,0.00447177063099841,0.008450978316839953,0.007461879377201655
1925,0.007564966088579953,0.007585599148532357,0.00504318106096121,0.00911343554138471,0.004199459314842129,0.007209415609394408,0.007595890011147141,0.008668389124272398,0.00665184474413177,0.004522310918077702,0.010016386530549166,0.004489585314408195,0.00834912463636193,0.007408260998135338
1926,0.007710110596425213,0.00753341581976888,0.004847737655759016,0.009091000146937643,0.004203535701718762,0.0070729997994544045,0.007679277868762968,0.008814404800232909,0.006551120673144634,0.004342895089340652,0.009994183660254584,0.004499344078133949,0.008186395854475911,0.007487957555433444
1927,0.00769911424359981,0.0074980115335843735,0.0047750988514231795,0.009069923333313142,0.004210291703840826,0.00698942922082384,0.007696443862946507,0.008797344217810484,0.006481482194286713,0.004278724677251325,0.009971663468791145,0.0045067008384657966,0.008083983248920009,0.007503558076199257
1928,0.007537279659352416,0.007396909040082073,0.0048126341621735555,0.009177363755822222,0.004374351089707592,0.007010212914742769,0.007871498847614566,0.008629228098192382,0.00632748711269886,0.004316297428655176,0.010089607073616353,0.004680496662113325,0.008096121270868131,0.007709484392505488
1929,0.007454946057301296,0.007320761020053191,0.00474958744373852,0.009206347217621218,0.004359564011228373,0.006893460290133069,0.007883705989969425,0.008539774763132191,0.006231876864306941,0.004250344386340499,0.01011550166310466,0.004663018758548896,0.007953291945771159,0.007727131627506178
1930,0.007326877409609003,0.007208023650802326,0.0047139338994061555,0.00923982801674196,0.0041671216713709295,0.006631318067899921,0.0077184766024083595,0.008415970135708854,0.006124560224120678,0.00420320617035925,0.010160487501665432,0.004458888878786501,0.007657347075027753,0.0075590813320528215
1931,0.007277373354481107,0.00720064895751884,0.004703110357473179,0.009259237631072458,0.004093072403448686,0.006618651206055856,0.007649680459671925,0.008358370140745652,0.00613841857019027,0.004199423445163322,0.010180970538583448,0.004377484147912335,0.007641205932767278,0.007488230765767424
1932,0.007391640841749509,0.007367102700159958,0.004594074196863929,0.009214792004424821,0.003959479549576495,0.006606545494384345,0.007524647196351422,0.008482255574396849,0.006386308608758782,0.004114947791169984,0.010118317329599206,0.004227519556699081,0.007618297593753663,0.0073385219160233255
1933,0.007409335787157604,0.0073572497567048175,0.004585219333441219,0.009124279678472798,0.0038562770462472425,0.006662739547331036,0.007502216685732517,0.008500705753177063,0.006401137766685212,0.004113395530227483,0.010018562223965674,0.0041149984368431805,0.007687338897495652,0.007316364249331194
1934,0.007495039057125801,0.00726467942278895,0.004657330626581733,0.008935189693370937,0.0037836025308101585,0.006964687830908161,0.007579751311280339,0.008576409217204756,0.00631056300659878,0.004195423994536732,0.009816944789534354,0.004034955342709049,0.00804416339649522,0.007408508930589209
1935,0.007344964539784959,0.007367295773568344,0.004745039482367813,0.008847143189640224,0.0037839482028265816,0.0072345009739538555,0.007636353732319893,0.008375654044923306,0.0064080866222245144,0.0042822087108035775,0.009706634928339845,0.004030157475982953,0.00835351619549498,0.007469119604302869
1936,0.007269698217331165,0.007255739552603919,0.004817319712844569,0.00895085659521926,0.003916231088639361,0.0071449986446664,0.00764159443171234,0.008316966707801727,0.006288173978875053,0.004348125480816092,0.009818951495827614,0.0041759711640111715,0.008267804666104639,0.007483680144338182
1937,0.007201665323367166,0.007176341393871357,0.004981441419297162,0.009124828800153032,0.0039319858306917175,0.006929106844330597,0.007435295737800155,0.00825623345174016,0.006198745124233927,0.004499384311418529,0.010002134185566407,0.0041867327151466184,0.00801627228431917,0.007269861113003166
1938,0.007041410095015821,0.007276967139577777,0.005091421205739694,0.009412491106802099,0.004002882410930242,0.0067762780616359665,0.007248937745143798,0.008077355159751077,0.006317950296312583,0.004614807788407847,0.010310074025385132,0.0042564055787439005,0.00783186623561376,0.007085376045196852
1939,0.006974519338186711,0.007165141172079102,0.005025483946041551,0.009674494929959181,0.004228056369248873,0.006517993053760764,0.006990446444900427,0.008062222876421032,0.006240422475574361,0.004564885994313312,0.01060842023949621,0.004503981609862677,0.007539594548217899,0.006824586279745399
1940,0.006814942435390396,0.007084550654396494,0.004933200314391029,0.009691924323506846,0.004375942279964736,0.006408924945846588,0.006846421685661421,0.007919815414227972,0.006174503417930221,0.004471322386322971,0.010653268554277966,0.004673368441431997,0.00741316312667488,0.006688597187489882
1941,0.006722108854004607,0.007086226433225904,0.004824447449360213,0.009547465716615957,0.004507934698526459,0.006584352395707844,0.006948934126493021,0.007793234334041082,0.006140197253144119,0.004340391691875706,0.010500890368756515,0.004821892744703202,0.007614627339614895,0.006819726195223187
1942,0.0068413844669026605,0.00720041355089895,0.0046242053185299985,0.009495641168799793,0.004542334398601788,0.006569077158556895,0.007068628374667297,0.007944132970865998,0.006260268966820867,0.00413597949631219,0.01044461797138408,0.004860266423167939,0.00759534438549777,0.006946171519082681
1943,0.007061246695789889,0.007464283120338196,0.004135631437557508,0.009462192947999923,0.00453603635708614,0.006569478422647207,0.007303081286186374,0.008174214238727842,0.006573414017068337,0.003666964627632497,0.010411577360789188,0.004855134875486025,0.007595269921869926,0.007183917593384666
1944,0.007281096135737547,0.007517901896629564,0.003948025671074323,0.009246304913962377,0.004420195021925075,0.00666962927717166,0.007636614298250584,0.008387659827909946,0.006657842727538155,0.0035075152393793043,0.010162041332491928,0.004732863005990663,0.007722518712083818,0.007533212184528619
1945,0.007389035286794833,0.007416995575165884,0.0038824884605305828,0.00928016233786816,0.004203056716488513,0.006659524273861294,0.007746672786849292,0.008469883437297387,0.00659084105130929,0.0034682130508980656,0.010182573195746985,0.004494466006375906,0.007709933116011052,0.007627744943876273
1946,0.007498356707473477,0.007228970304194577,0.004074010174426695,0.009290742108558212,0.00416175668550284,0.006804504571981159,0.007677185295793086,0.008560794255339746,0.006397928716804599,0.003653360284642026,0.0102026369067011,0.004455786347813494,0.00788534247392392,0.0075594316526725845
1947,0.007513056289451886,0.0069818602142934045,0.004513560275838467,0.009208091822727261,0.004227271657147972,0.006847953046295938,0.007646070528335876,0.008574543121172179,0.006112600670913502,0.004065288403978411,0.010106894739949562,0.004530412693979981,0.007931823244489628,0.007535341230643603
1948,0.007537501100227614,0.006837587419329575,0.004444860044084953,0.009223293306046513,0.004209310132350634,0.0066307071351829824,0.007440814159120435,0.008593204172412449,0.005927179157869866,0.0039942797440085534,0.010125735441760163,0.004508219944290705,0.0076651068015532765,0.007302628605216737
1949,0.007418584849901983,0.006763558145387282,0.004244746590558062,0.009116521549104176,0.004189191376380114,0.0065340349923541825,0.007210138415469515,0.008486857419419604,0.005870921047611341,0.0037929175986119463,0.01003842200172828,0.004495970290951678,0.007558678935113071,0.00708182261147623
1950,0.007093363225203917,0.006682021526136598,0.004118119487565863,0.008975510367224626,0.004225396682200855,0.006459020528465909,0.007041268410901119,0.008154000076304695,0.005819888157906744,0.003679173669455014,0.009880489166129849,0.0045343436269516925,0.007468966789328019,0.006902851867487062
1951,0.00706288656654556,0.006596538486864865,0.003845638768818595,0.008701706932006578,0.004131897906922655,0.006294312181805395,0.007011604502928912,0.008135508962623762,0.005759218825822953,0.0034301122384773675,0.009578421302947351,0.0044310743058158086,0.0072836632591943805,0.006860410076072151
1952,0.006946988051518479,0.006577446097729814,0.003906278368603938,0.008467135481718685,0.004031121758707937,0.006283523651841946,0.007038378013109688,0.008033045151333481,0.005751689471979952,0.003464552631161758,0.009313335716123673,0.00432188456824093,0.007272141059923535,0.006905207394884835
1953,0.006858692074659641,0.006661998125259558,0.00405029911198224,0.008372865430350238,0.004084006172448084,0.006305401535156896,0.007174036564148945,0.007962918705989818,0.005830368549558282,0.003603879365033807,0.009210801376238208,0.004379075619695641,0.007299213797620453,0.007065770665313886
1954,0.006911324468514026,0.006619375825622836,0.004031528360065646,0.00823557941638028,0.003858791097014043,0.006173229339498245,0.007350680120422587,0.007994121383532357,0.005775158970293802,0.003602732205991992,0.009062845366491608,0.004132297283137415,0.007149750302166142,0.007254678145200815
1955,0.006683530377312648,0.0068327041338318625,0.004350968899820233,0.00825978389138446,0.0036842931522113754,0.0062229069134105575,0.007193189165755383,0.007672181325876851,0.006004272438320291,0.003911362182863674,0.009075778999947878,0.003935492069752603,0.00719712978526338,0.0070791633619304815
1956,0.00649120256003261,0.0070296799917894375,0.004472341391017721,0.008381773794900302,0.0037184106981224215,0.006224457507171721,0.007132449007459944,0.007437711066506482,0.00621660342309587,0.004052338044644235,0.009220727037469617,0.0039704391898952775,0.0071977853396703395,0.007031602670820335
1957,0.0065060664367487695,0.006857134015668704,0.004246834805394106,0.008578643258209043,0.003744179815897647,0.006139199344663809,0.00690461159176172,0.0074321145335606124,0.006039684264316047,0.0038370719628534958,0.009436637574163699,0.00399886450732127,0.00710387205307371,0.006789191035628616
1958,0.006413984372088482,0.006905828205813777,0.004182457458668363,0.008673328393505415,0.0037739742918184863,0.006183004800882409,0.006664590797498652,0.007324342616581028,0.006109308110167294,0.003746365325164776,0.009534149142510079,0.004032193656109156,0.0071537099256675125,0.006520457899666476
1959,0.006394349140574579,0.006859112709508752,0.003976383120880621,0.008738070216061251,0.0037539093081940932,0.006088706301179014,0.006758257155027306,0.0073221641362617475,0.006052000550723442,0.003540377109820224,0.009603791574892719,0.004012032506583515,0.0070387977000588384,0.0066042538212820814
1960,0.006417403326904433,0.006662348877130841,0.003740207332606076,0.008804164764773177,0.0036458370018131693,0.0060702111484824735,0.006852575926339485,0.007307224539701911,0.00583850092310879,0.0033096733068890727,0.009661264013519293,0.003894291124503488,0.0070164452713789415,0.006691663341779356
1961,0.0064868289884985565,0.006646203915313849,0.0038298224691828047,0.008741299695936898,0.003427318291635417,0.006221965292204941,0.006893197969088178,0.007362334021945967,0.00583825347694378,0.0034280842602902916,0.009585841038983023,0.0036522855748181244,0.007194217586397191,0.006724384626695919
1962,0.006618700945157643,0.006614416986877395,0.0038710880246214325,0.008643321089048915,0.003320720471865687,0.006166265185559406,0.00680628034368542,0.00749510579706644,0.005808480280029529,0.0034972974174970295,0.009465831149347079,0.0035300920151635144,0.007122569658219416,0.006628822291783759
1963,0.006993679984378268,0.006595259405205666,0.004287116072238535,0.008422322164084575,0.003236083469856892,0.005930429679930881,0.006567483034179399,0.007917490280478591,0.005782920939028161,0.0039837223719135124,0.009215925015306608,0.0034348792161813606,0.006843882871838261,0.006413340994586617
1964,0.007033365211273277,0.006578256608940655,0.004425136617233337,0.00839889460617255,0.003224317057712582,0.005947098232663649,0.006440005135357909,0.00795662186136592,0.005792457914717977,0.004148896365364675,0.009185235352315066,0.003420522558007814,0.006859307634822686,0.006288947470568241
1965,0.006933730359064276,0.006683731384848252,0.004331642422308503,0.008521999893101548,0.003380902640789296,0.005931532287475373,0.0062272135568307175,0.007830536646301603,0.005972325598858993,0.004062058252168198,0.00931054854889552,0.0035889980677686296,0.0068262530413108055,0.006062139725026304
1966,0.0067937594377750375,0.006655995084667237,0.004262771828493105,0.008460920973027523,0.0034198522812527894,0.006051057245176477,0.006166828563720373,0.007691176405973259,0.0059368977325471245,0.00399107564437155,0.009251368109464827,0.0036324233043336976,0.006964644277236594,0.006003382646871005
1967,0.0063314194902720135,0.006551568009811662,0.004158346721918698,0.008429549175703537,0.003492982308310906,0.0066127252998539575,0.006320644784497747,0.0071941091817890246,0.005777131823588383,0.003865621189133392,0.009225810354247771,0.0037053950431215977,0.007619376623867107,0.006145810211053148
1968,0.006212258595191326,0.006453509855816083,0.004102146445273619,0.008288984413389093,0.0035275313229585653,0.006631194966931224,0.006328462053585919,0.0070652033902295595,0.0056798405191091274,0.0037755960159819883,0.009081129764300843,0.0037444653240176987,0.00764300411040648,0.006149422170516573
1969,0.006211083847864142,0.006205967589361509,0.0039726874733426645,0.00790000685250904,0.0034791711242344874,0.0063456449546926575,0.0062977779857362436,0.007102606429251331,0.005397857267383891,0.0035852898606457623,0.008667981494118963,0.0036928772152330152,0.00731588776148029,0.006110484324547366
1970,0.006163410681815743,0.006136778807620722,0.003936200269428197,0.007716515612263944,0.003435658248035576,0.006121728832206386,0.00632031645094257,0.00705173614011834,0.005330841781070321,0.00350616601554321,0.00846998349397816,0.0036461641380585107,0.007057644123963321,0.006146082198437208
1971,0.006329129361525499,0.0063019050741669564,0.004158528386182501,0.007642808217715711,0.00346982537074447,0.005522353035342709,0.0062821006141188,0.007195130751536584,0.005581051912811033,0.0036933682447472904,0.008392815157152745,0.0036972831663066668,0.006359503464991802,0.006145183533753384
1972,0.006305643715931225,0.006337937656894779,0.004239136414653536,0.00766666240032684,0.0034209908536198467,0.005352835191619109,0.0063849921856306,0.007166125939657008,0.005649687170994996,0.0037674600314414903,0.008414913556327057,0.00364679138552454,0.00616043789724437,0.006279531617017691
1973,0.006099848832744566,0.006303174672846548,0.004311048688275443,0.007822363446119718,0.003316248759305472,0.005403272968647455,0.006682255574414556,0.006958013167201275,0.005577383369193081,0.0038453796240198526,0.008583372656030028,0.0035345225128823273,0.006226094567940056,0.006627184454918809
1974,0.006152007449412643,0.00637478944584641,0.004361336649173949,0.007870487077060615,0.003335266480674768,0.005466551282938595,0.006762388694340599,0.007019765650848269,0.005651814093297679,0.0039090701423982925,0.008622815203050983,0.0035525861951662082,0.00629389118154107,0.006726447905346482
1975,0.006335275195917111,0.006429586056979609,0.004251446179371033,0.007888792400626789,0.003368150710058686,0.00572492905316801,0.006774852902428287,0.007267762689688074,0.00576786697439627,0.00385952859621945,0.008659385825910106,0.003599622899384484,0.0066074420095145895,0.006771945884120801
1976,0.0061365185275768066,0.006309791123096335,0.004053695320342127,0.007855310530333623,0.003389409190364175,0.0059141217627329745,0.0068089124632994165,0.007058033398897344,0.0056432647147514016,0.0036709750304855814,0.00863707543296553,0.003619102489764223,0.00685050845153244,0.006833719177851249
1977,0.006040679340317029,0.0064308510320475664,0.003981681558317676,0.007634343094484384,0.0033706635898889587,0.005976590822435037,0.006764147756130817,0.006921035210261797,0.005700976339790714,0.0035782798888073786,0.008335196264404205,0.003575572504303599,0.006880323982831869,0.0067389555129249165
1978,0.005987717379605074,0.006427394330034991,0.004113275150017327,0.00769977421184841,0.0031681155476785358,0.006034675723379207,0.0064111936767977514,0.006879605632056694,0.005728588770377031,0.003741161269402766,0.008433421468314889,0.003370799294579192,0.006967529246112322,0.006360179852390364
1979,0.005657260893898418,0.006390631162048356,0.004058569982921563,0.00780597606125266,0.0031247461476168687,0.006075522466711524,0.005779627076119091,0.006467418674978969,0.005596347705045164,0.0036489709640853745,0.008520666773051187,0.0033053765980169767,0.006988527570213989,0.0056457916576464024
1980,0.005883843095381663,0.006383563075923234,0.003957050549578788,0.00788295748563043,0.0031084376998861897,0.006203720626910098,0.005611724304932617,0.006734502244398246,0.005558720899511053,0.003549425284417083,0.00859405267585322,0.003282859567557587,0.007132939216087391,0.005444134032630562
1981,0.006277562094068267,0.0062429018712962985,0.004184108253846391,0.008259896894527347,0.003160067011324158,0.006189780228920079,0.005597604244445399,0.007177939517786166,0.005401407369530507,0.0037817759698142582,0.009011012691287996,0.0033319783443303413,0.007124219684494303,0.005422030156895392
1982,0.006454649760821153,0.0063443687146101345,0.0044013512166954346,0.00839173704790644,0.0034363860613203343,0.006135988508298805,0.0055038958027806345,0.007356667056277137,0.005495360224112784,0.004001553152475465,0.009157408761746585,0.0036211490070921296,0.0070572224992336,0.005360030613627394
1983,0.006725549024421521,0.006575710128164539,0.0044975829962238915,0.008200698139460217,0.0035914362926561987,0.006050979459752133,0.005990275391343865,0.00760800117454891,0.005795285934971806,0.004112371679704622,0.008946799775245245,0.0037923685317245337,0.006947182137318762,0.005873166621377584
1984,0.006698107816722373,0.006457878549922863,0.004548060635584088,0.008131167504854911,0.003650880294498516,0.006091733066739859,0.00628158351462523,0.007564665943752423,0.005707646025253617,0.004152368977881352,0.008864499543854794,0.003866475385694122,0.006980518304054212,0.006134404104861017
1985,0.006152426359616145,0.006554384268695699,0.004403754888730621,0.00788056256118565,0.003643267275179179,0.0061080341374674255,0.006075628552053845,0.007025231154111425,0.005891798205382589,0.0040185690101911245,0.008582410876792602,0.0038683534848111055,0.006982289049142993,0.00588669428789401
1986,0.0062810402670183604,0.006807294667266795,0.0041330430646994805,0.007719691056208978,0.0034591022558891145,0.005998138270891914,0.006165354670196595,0.0072055411038550185,0.006241957552520889,0.003747561914672864,0.008404579378051249,0.0036780122293096646,0.006854068599965782,0.005963448365791911
1987,0.00633340416095448,0.006658440266883119,0.0039753073108606774,0.007624073061338363,0.0031692871061485086,0.006060903058231484,0.006077372071330523,0.007286467387097039,0.006104411547376331,0.003570230062824002,0.008271107901351177,0.0033505279207431886,0.006916469302691427,0.00586096395252164
1988,0.006013203519906179,0.006758743953292461,0.0041232607418855045,0.0074333312390916706,0.0030351764598757487,0.0059374634793034385,0.005756819541601634,0.006922125874603036,0.0062314336965174025,0.003733639108902258,0.008062795179051584,0.0031994184005536648,0.0067743757085718965,0.005567239102375474
1989,0.006313444161751213,0.006963567371338708,0.004645037313280478,0.007274784504047861,0.002918264784331687,0.005887070788328457,0.005556266818352177,0.007171672167205675,0.006426611792387504,0.004260505553035534,0.007905968128601832,0.0030794046411700454,0.006721917770550595,0.005413843364297844
1990,0.0062030779627180455,0.006822428895540175,0.004940668102209252,0.007242775596696637,0.003095773522391973,0.006053097870321356,0.0052605436921600995,0.006976549763010349,0.006227038866544689,0.004567202659355973,0.007865184699287245,0.003267066907782093,0.006910323470564227,0.005120693775424972
1991,0.005732290218490706,0.006535308429533738,0.004790047451994325,0.007280216227200133,0.003570715750577907,0.0061567509395434586,0.005081338288290933,0.006461271257039551,0.005963336636819123,0.004415271237397993,0.007920170829562772,0.0037801257718209345,0.007046716557026244,0.004928224744470453
1992,0.005748358825821373,0.005918255159191629,0.004231411462480723,0.007087064022145244,0.003806058995254416,0.006156307530955368,0.005127974233726589,0.0065191841409411415,0.005348384228209917,0.003838193606239104,0.007704458816604187,0.004026938727615349,0.007042453558961296,0.00494689945936512
1993,0.005630621530748196,0.0055759712704201774,0.0037717529300488966,0.006818263976615426,0.0037665951063868505,0.006275905659112343,0.0055788126568965405,0.006432477331334046,0.005015284087135501,0.0034355943419039836,0.007415596676026103,0.003986163519132987,0.007190340596846523,0.0054089516685536096
1994,0.005547113358447325,0.005504378706725672,0.0035691036067172738,0.006898484677278002,0.00372742603712544,0.006743725891049828,0.005839052352975061,0.006358907293170101,0.0049777977754986436,0.003235457200927349,0.007488908668116023,0.003931096725872212,0.007727646763597466,0.00568585681211566
1995,0.005587239931022479,0.005378207977796169,0.0035803228234696327,0.006959560339660651,0.003453091576879384,0.006737718144666137,0.005914779906186383,0.00636264721216321,0.0048341937424094435,0.0032620152584795824,0.007554475078076684,0.0036414322744252004,0.007733972448377875,0.005805454169865387
1996,0.005864201121266813,0.005722364908782207,0.0036497235012876196,0.007145424002362373,0.0033304596834029805,0.006620645175280321,0.006247219367614171,0.0066237569600627365,0.005176975042672012,0.0033279131733241433,0.007759891362689067,0.0035059473279651513,0.007600735894538984,0.006195980321912965
1997,0.005859649034373597,0.00588323887802571,0.0039059746282009834,0.007378636900521479,0.003226975345057617,0.006753966554782513,0.006325939241134352,0.006635620902288464,0.005458676984125361,0.00351876630934858,0.008025339186719485,0.0033855959431869976,0.007735237924141993,0.006309309016277001
1998,0.005488435890820542,0.005702948427791875,0.004196439942559821,0.007713952680812145,0.0034058422626761634,0.006422703390053287,0.006652780371194427,0.006248342347573147,0.005379418669759964,0.0038231665589923297,0.008410354018573426,0.003584428052266881,0.00735065870816087,0.006634036540429364
1999,0.005115848359264459,0.005987683324316458,0.0042422123148292265,0.008278881919954887,0.003434406350268034,0.0058884585351256045,0.007098457046995579,0.005888357069940127,0.005609593920438213,0.003903982561549062,0.009008560668434282,0.0036064516414395257,0.006733050344874661,0.007043323186240514
2000,0.005087424870044812,0.006503841131497002,0.004381294346572197,0.008765896516330227,0.002994939701137796,0.00571057765061079,0.007231779079117699,0.005950576319073822,0.006087528573696929,0.004092111838944976,0.009525109753510654,0.003140042187663497,0.006523222135417076,0.007192697943823561
2001,0.005048112111173396,0.00696255855901275,0.004577460330345909,0.008958432192618462,0.0028759876604231506,0.005329742562384583,0.007375490863771133,0.0059378605818092775,0.006495895905156662,0.004310988399681947,0.009744074683689102,0.003024852468452312,0.006098950397190606,0.007352955178495413
2002,0.004971716997224899,0.007460138869296798,0.0044939181144516656,0.00853003295199582,0.0028249670998909955,0.005387514777748831,0.00739391010218863,0.005789360232096479,0.006946704231296418,0.004216318034156771,0.009243518058811576,0.002954408987684133,0.00616882549158937,0.00736097939612746
2003,0.005093672983894829,0.007396105914055502,0.003996486387662071,0.007965599446052588,0.0029289111344257927,0.005562835019107215,0.006841888910838966,0.005844350365003883,0.006917955122402954,0.003730357513389283,0.008659878795308752,0.00307418526200647,0.006366850614426494,0.006806129035184633
2004,0.005096877981583274,0.007323449054817811,0.003912650317931952,0.0074999726161280285,0.003228718478172188,0.005322696665231397,0.006389095370607551,0.005725550015899666,0.0068848132127911025,0.003607136281285204,0.00815718394244511,0.0033910043274880744,0.006061853211338904,0.006267578119421194
2005,0.004931366997953371,0.007106273370363174,0.004035897387401871,0.0076234974658493295,0.003103534228827883,0.005335103178229966,0.006025737140369122,0.0055033366740485905,0.006698181390646177,0.0037238110233569154,0.00827942212968639,0.003253906181205253,0.006064623264090615,0.005847421270912841
2006,0.004911485765071602,0.0067231770997635346,0.0039327607310207955,0.007963725424629338,0.0032341700977719136,0.005454521421341328,0.005914862266827564,0.005544631411214139,0.006297136629716568,0.0036323901571354397,0.008653378489245288,0.003406328789817574,0.0061992798209526585,0.0057551748854986285
2007,0.005091862094743929,0.006386734692642225,0.003907398647789916,0.007889242675691282,0.003509958010553232,0.005484153336716737,0.006251254148428221,0.005851457043961387,0.0058672914512357885,0.003572175333342832,0.008618836340959618,0.003723258624828678,0.006276690087696597,0.0061645078695083035
2008,0.00535485844701423,0.006245088982181767,0.0040051913556129765,0.008075710170003232,0.0036185198563569096,0.005505648510917648,0.006176609772847561,0.006150983381118011,0.0055887806818771275,0.0036013629086249816,0.008758865589594569,0.0038093534826493256,0.006261823196896919,0.006074778225028228
2009,0.0054777883523438224,0.006351401100509856,0.0038141527284831643,0.00796304755598656,0.00357939275007323,0.005189261190534819,0.005969588235841097,0.006327019807506383,0.005631285486349884,0.003397925258484541,0.008637796944618697,0.0037596009788926498,0.005910732475974336,0.005869222548758496
2010,0.005784684419540284,0.006279801261599121,0.004050408159332982,0.008115122494869814,0.003627559227256613,0.004864806983069177,0.005828428824682019,0.006692422691267806,0.005616491013581808,0.0036634327784631675,0.008875978654001056,0.0038340712455077423,0.00558743649148957,0.005750063574971078
2011,0.005940862633040002,0.0060080641058749065,0.004254717680685434,0.008546467168529491,0.003511380882527636,0.004923247380435018,0.005739832048402445,0.006793463312579771,0.005399827010633078,0.003923466105283507,0.00934862379025649,0.003709985620168856,0.005646525901869127,0.0056506449368370565
2012,0.005765782981753023,0.005967805947390854,0.00454652196095024,0.00830414055750463,0.003385353509187661,0.005167004845077194,0.00586947418995212,0.006538522640906645,0.005388184261242397,0.004247163911963039,0.008983829120729944,0.0035377864550390336,0.0058704194707052595,0.005704402000465123
2013,0.0057700404537507615,0.0058200912895470846,0.004715330948089585,0.008065661299372582,0.0031650951901043456,0.005240482823374059,0.005980849579273608,0.006557783746596789,0.00543139768783317,0.004407504343424408,0.008772340294834978,0.0033260709636345033,0.005973785552675472,0.005835552451453854
2014,0.005795257506836492,0.005421076048560004,0.004381845548435795,0.007934745564063149,0.0033763637603019007,0.005662364538902832,0.005605623024053602,0.006592539664829615,0.005135736571473882,0.0040826293847430984,0.008679035225058473,0.0035860830888741436,0.006488748226412437,0.005436390436027347
2015,0.005873570906817787,0.005348351234209805,0.00407559252379355,0.007217904913998002,0.003489852290843923,0.005872282869013538,0.005696834829680154,0.00676855349321303,0.005049261301563368,0.003806203259260033,0.007872655473955442,0.003697456344374205,0.006719773864722785,0.0055369390302035274
2016,0.006339438137940262,0.005309351445092518,0.004253635820159989,0.00690101371277351,0.003433841604922854,0.005926526473378584,0.006015394736660907,0.007230084642261753,0.00508977624481652,0.003960864587009064,0.007486075471014891,0.0036108544660246695,0.006742903009195219,0.005886149703891102
2017,0.007036598203810653,0.005104512817507626,0.0038258453665902096,0.00676158241482854,0.0033633744497257485,0.006031751664466242,0.006311745025375323,0.007925188951714658,0.004889103525693664,0.0035766771148937693,0.007307931249630245,0.003528274645855484,0.006869650850685086,0.006242782828535402
2018,0.007116033838837298,0.005515409399127288,0.00399685804839166,0.006643822113155078,0.003269379468643764,0.006052290340076897,0.006282003295917457,0.008009268084087834,0.005178902357378828,0.00384240462364143,0.007170078847660202,0.0034363822883496974,0.006921488792590169,0.006233855393157449
2019,0.00669639171282023,0.006160946380626121,0.003978469909958625,0.006619471612471668,0.0031642561940805934,0.005909056671497335,0.006614988193068518,0.007476688425348696,0.005832661014151439,0.0038338990944694743,0.007127582650302301,0.0033281003774402215,0.0067619856539851446,0.006635699081655042
2020,0.006600145765454087,0.00635518972548452,0.003592167297595987,0.006393831137104942,0.0035198475470070447,0.005836824183910344,0.006680937551306303,0.007339486346782709,0.006044480886262947,0.00346903521386879,0.00688872057728423,0.0037133391074292577,0.006694480962589598,0.006775145940218548
2021,0.005923265913610883,0.0063109969640803764,0.003325816039625741,0.006263853402698834,0.0031406010441927352,0.005936396258964841,0.006772931325947289,0.006656445914426626,0.005974565192600284,0.0032393015561857866,0.006783170875120568,0.0033247786443823496,0.0068249158005775,0.006850672019859689
2022,0.00535782343845307,0.006127872292760661,0.002949239389712051,0.006595009418666645,0.0026431500970537413,0.0059346251090991245,0.006989148384190513,0.006043112031931334,0.005810548992537923,0.0028222358592476598,0.007110743398572284,0.0027644698574947604,0.006767299562233571,0.007012109993743418
2023,0.005130661140526864,0.005938709453676085,0.0036675460229579106,0.007299801479817763,0.002390305913333046,0.006156679250637511,0.006872131178461403,0.005861290180488984,0.005731419968523139,0.0035331161638455,0.00798594823089363,0.0025285856560420426,0.007096669133293436,0.006987714513737584
2024,0.004496947844167782,0.006208655031418452,0.0046907858771266684,0.008260847189343747,0.0028052666809130797,0.006216326538886006,0.007013594685264112,0.0052403970059605965,0.005974716912717488,0.004496402911119187,0.00899908490630491,0.002972482126630684,0.007124406225879278,0.007098786744847591
2025,0.004105107232168601,0.0064989539113228054,0.00459919619898121,0.008015573030494546,0.003193324131368452,0.005958493962909309,0.006861267659881001,0.004892606341099169,0.006234759829941828,0.004391021656816575,0.00867740332682459,0.0033599947396024616,0.006762939617804002,0.00689510711210023
2026,0.0038087356591504805,0.00677431840913014,0.0041435186628280074,0.007533526210598924,0.003580631309901347,0.0059173018451844405,0.006748430474948937,0.004650842353055878,0.006509522102312832,0.003957942510935096,0.008168777896977852,0.003763878981563745,0.006715424014270341,0.0067831540122755465
2027,0.004243563054916343,0.006773110099511844,0.004079545514512311,0.007864905336877101,0.003792856634476611,0.005395783025133027,0.006708946488458263,0.005110467980398077,0.006381936374979999,0.0038625904782295965,0.008542046284426539,0.003991357563559881,0.006147001738263637,0.006717440499209782
2028,0.005035704581346571,0.006542105341154681,0.0037939750998496817,0.00796128312375515,0.0033913134547974063,0.005838538537604776,0.006207977176795232,0.005921139789379346,0.006157780423727301,0.003568004457857313,0.008700689864168085,0.0035827680533507956,0.006679519494704456,0.0061863438914134304
2029,0.00526733583020393,0.006279290535588435,0.0034146496259315575,0.007519600559840955,0.003368730405382105,0.006416660323216125,0.005691879027026434,0.006053865905501731,0.005930051225634161,0.003130190233224824,0.008221304823246388,0.0035639791385258077,0.007367788782047707,0.005591168795789789
2030,0.00511436176241289,0.00584283575893316,0.0035225937598122635,0.0075789015246408254,0.004151419525934586,0.006490073718161227,0.005372994421242106,0.005698901478308333,0.005377630605425648,0.003218453424847417,0.008234234997921348,0.004382509910628481,0.007418504666924937,0.005209626826844823
2031,0.0055588675961641115,0.006044485418282287,0.004061664619543158,0.007566403993911327,0.004818325045424083,0.006821557910415072,0.005559879385433818,0.006082413644106131,0.005724717142030297,0.003812058910051226,0.008202375908670734,0.00509186742999346,0.007784565830981303,0.005472813493985107
2032,0.005361393094032051,0.006133795608946831,0.005211998951361368,0.007385715777295582,0.0051828503287284985,0.007125195778767512,0.006028719825725456,0.005917596387481115,0.005932709363637729,0.004942730221108332,0.0079810245554636,0.005465794008931735,0.008137406941042665,0.006037682241681743
2033,0.0055243386830509415,0.005587933466663164,0.00539496496728208,0.006839723281142352,0.0047459206064039885,0.006561411803703871,0.005963033244182295,0.00616987100813059,0.005396826133522771,0.005147429918156191,0.007384132742982287,0.005001559908322587,0.0074869538789042725,0.0060305377412893406
2034,0.005724265496101955,0.004989770994145403,0.0057946019139151475,0.006068551234662372,0.004462985274808004,0.006024410715047613,0.005874894230671321,0.006376048810897427,0.004717184763881855,0.005509333332918387,0.00653577716476498,0.004701192813860407,0.006863477459853401,0.005932623806712182
2035,0.005230950666073286,0.005075268978397979,0.0055091996171092025,0.005534610380540848,0.004608664199176474,0.006158600415706833,0.005382484213845902,0.005940159367164661,0.004789261969573569,0.005209259671878986,0.005965155524481457,0.004856425020516558,0.00702133713157473,0.005409183526260253
2036,0.005405709430731691,0.0053602964003412025,0.004576487462988505,0.004914137924020446,0.004088954561968602,0.006009407943155754,0.004820331532459222,0.006183801899451058,0.00500330231053754,0.004370680507821572,0.005307306310753847,0.004320083944261721,0.006848339519025596,0.0048435998859159436
2037,0.00599469443395438,0.005838393846485347,0.004149598787505098,0.004978024544102255,0.00395369677721779,0.0055742256863630935,0.0053978565063304155,0.006781030257656586,0.005487884057624531,0.00395472253042181,0.005372364368573373,0.004171018035369018,0.006334316246587856,0.005431964570069976
2038,0.005944964107063945,0.006310136217375125,0.0038599315509046175,0.005740151915076418,0.003881195076760719,0.006007264169969463,0.005641064710183086,0.006870208514556644,0.006037945450381594,0.0036596905319957983,0.006213284820613815,0.004094082673533421,0.006812635441318561,0.005694447943745076
2039,0.005353034968571594,0.006575536692036001,0.004328377833288176,0.006450653198640305,0.00398037720281296,0.006566991604710785,0.005274326338080219,0.006291356170273417,0.006348130024062138,0.00412379794130664,0.006965005638967582,0.004207575085208503,0.007442091396189603,0.005283585173484011
2040,0.005361326378549212,0.0070692500043012104,0.0048743896248733334,0.007770293331070197,0.003940158624187862,0.006592254287784099,0.00568520171852807,0.006254604176063191,0.0069223951511441315,0.004641896683421947,0.008366872194298373,0.004157949982959856,0.007473185910131495,0.0056807593134213415
2041,0.005502753829229392,0.0070826234648195185,0.005696366169637097,0.007855429585976188,0.003728752857396092,0.006536985372519366,0.00627464335374343,0.006490761440900339,0.006920646840743179,0.005394282618855434,0.008462588108476018,0.003924968408924282,0.007403731803811666,0.006314959032963319
2042,0.006011563411506488,0.006683542790092006,0.006008858125340001,0.007969115858662886,0.003413527818473878,0.0061235159295249565,0.0067256713479878156,0.0070166440726380525,0.006509373622601561,0.005672549785874548,0.008586222466515539,0.003591108076606171,0.006933010411655283,0.00678774034739096
2043,0.006252771222786563,0.006314320802745062,0.0056417294066499705,0.008179676633605472,0.0034665347728811097,0.005617829996298505,0.006917982790860315,0.0072424007347443465,0.006159720308179839,0.005324871382688188,0.00884526906077647,0.0036530022193625653,0.006380557649896911,0.0069933090940268615
2044,0.006780615256868025,0.005658580487892413,0.0056843735656240246,0.008844148283410562,0.0038365210139523947,0.005217765299166568,0.006801338292599454,0.00778132306247438,0.005352385226107946,0.0053316488090951126,0.009578130117339113,0.004042349062575264,0.005917695832243688,0.006884271048091438
2045,0.006726646463061304,0.004778578337815762,0.00521636752407357,0.008850225459740011,0.004275591829718868,0.00502607330831339,0.006305089328318901,0.007706461932626265,0.0044046676320965055,0.004906387032661697,0.00961311039491214,0.004522224053532215,0.005708807016329551,0.006410261866377248
2046,0.0063261269990659025,0.005030305819937097,0.0047972448690726446,0.009316851193361895,0.004752737874170907,0.005414153500154576,0.005172645830758531,0.007158455557043239,0.004798490308786201,0.0045157271929335396,0.010094211753947218,0.005011406555764933,0.006148194380330727,0.005238469614454152
2047,0.006289398291906473,0.005619358698014166,0.004800880540083292,0.009277573425948872,0.0047293247186580714,0.005590518452752257,0.005050504089861212,0.007108105345890093,0.005368890153273795,0.004527791481412642,0.01006906553363636,0.004999631991769959,0.0063603807662880926,0.0051908255669301535
2048,0.005845107383244016,0.006061691540720768,0.0052921373947420036,0.008543148252191733,0.004712860901989664,0.005943694384128264,0.005633506542783874,0.006668559515635461,0.0059416938191336685,0.0050919148305880995,0.009281727155050979,0.004992360356698217,0.006768088111107889,0.0058296233702227005
2049,0.005394392086051069,0.006571811001989171,0.0057243887586720605,0.007563262030937028,0.0044673261031086655,0.006514609753114047,0.006265257105267701,0.006043591441382928,0.006556387591649533,0.005567535622078587,0.008184559926470552,0.004715144519342393,0.007414793064243218,0.006454531933967486
2050,0.005644363097645524,0.006882087658303484,0.005918852882011969,0.007275638340380518,0.0042445166482157305,0.006914334879584014,0.006922865714491598,0.006221860392654911,0.0068663751425411075,0.005789334514850482,0.007843072595297823,0.0044674616184366845,0.007882047534513218,0.007109992082263077
2051,0.005964124576126052,0.006149284659325741,0.005028545803946132,0.00689188831744347,0.00410518594732923,0.006690393236625169,0.0073349542563748435,0.0065267197015361055,0.0061123709174632675,0.004879679187833962,0.007408111111091433,0.004303588155867763,0.0076288196440592445,0.007440384555031865
2052,0.006804464297275996,0.005891310532263319,0.004396029766239951,0.0064632346482959395,0.004245440141652817,0.006376738766166812,0.006649179120424346,0.007341722114131535,0.005782780139150147,0.004172686224095452,0.006931640410178354,0.004449357037852071,0.007276959709330664,0.006663018665250991
2053,0.00684166077145633,0.005762482662320852,0.00433805722331146,0.006150590044250866,0.004240155200260896,0.006106895858314966,0.005683651818784738,0.00742920993882348,0.005625571108954426,0.0040463860786832265,0.006589487649991556,0.004450323217398866,0.00695646126057213,0.005659710809502053
2054,0.006622047062430779,0.005527872049324882,0.00467231541361456,0.007013149716692106,0.004792596481641882,0.005862651921259146,0.005790847628052335,0.007319016641909769,0.005428657651264377,0.004471675083434428,0.007532639432859594,0.005038585622207916,0.00667949088065474,0.005798262441281628
2055,0.006956327188422265,0.006150906423147335,0.00526472545120359,0.007959643252035159,0.005253219382904571,0.005535780554024876,0.0056074955787433056,0.007752871927702169,0.006202866822888678,0.005161706780578127,0.008558042901391737,0.005542634444670496,0.006336962268143905,0.005694744030277543
2056,0.007452649137423012,0.005977344613828712,0.006142371337313928,0.007447845532385149,0.005732105220164612,0.005338724641746184,0.006807723633154193,0.008348398461284207,0.0061727633431831325,0.006009518997329302,0.008002682844142937,0.00605163359904529,0.0061372380697765246,0.007038158250989889
2057,0.007568560402991955,0.005887202157437439,0.007088328446883733,0.007855070874617537,0.005051816642652033,0.0056876691635925096,0.008124096946874788,0.008512476652474609,0.006116379757369086,0.006882956688427266,0.0084491740849713,0.005321555418812312,0.006548539510184987,0.008439442169799647
2058,0.007983617821215518,0.006707107314069993,0.007584089730787463,0.009172138028317794,0.004741505860327063,0.00552353797807511,0.007921994650655914,0.008930837861894568,0.007012586752915467,0.007300013648938168,0.009902178434728742,0.005002585926207793,0.006383482508850314,0.008193273637376966
2059,0.007946757409760133,0.0075872871085549696,0.008319039869238005,0.009141771679871657,0.005364640670342758,0.0054446538751772005,0.007889756911946653,0.008741256079341425,0.007937521577005786,0.007918041234817421,0.009867388549210921,0.0056540520972742665,0.006260418906271417,0.008135878883123032
2060,0.00797471925438092,0.0075534749881601545,0.008646944524833835,0.009013269312720963,0.00699545622230884,0.00598179870545545,0.007754464109171869,0.008806248177166624,0.007829052057265539,0.008175634464420406,0.009732935406662075,0.007414469904883884,0.006854463170955249,0.007978738309725605
2061,0.009081058739216831,0.007002700509180429,0.007939705341455877,0.009909404241997844,0.007280613328360384,0.007262154224852437,0.008002964235278106,0.010020551186359883,0.007216708482334927,0.0074312616317631945,0.010670733416088443,0.00773236085232446,0.008274486012320033,0.008195932411423962
2062,0.010509760767155285,0.008265361455432031,0.007217234187654199,0.010023517133173813,0.007482531983839234,0.008005607689022308,0.008901393781928385,0.01149301075429739,0.0084399550567835,0.006700854813587646,0.01076404918863491,0.007936308174146292,0.0090902062539235,0.009184797926532812
2063,0.01040473746182077,0.008890205116544331,0.007403788606773739,0.009169728620145643,0.006903906168646762,0.008930064863915215,0.009414376553219736,0.011444961564032245,0.008814195454407979,0.006913447541968388,0.009828558763847214,0.007295984347474072,0.010095177484226787,0.009734683615538184
2064,0.00962534821764612,0.009996916338378022,0.007139676701242376,0.009162772919508731,0.0064833451725763705,0.00873420307583792,0.009161591244582368,0.010597463096658112,0.009965499245929009,0.006804280906613699,0.00984516443639304,0.0068289608301645875,0.0098222738773757,0.009476333689256516
2065,0.008625386201486876,0.01063735182831659,0.00974722563988195,0.00893663215148089,0.007458932930729286,0.007593273443700551,0.00848030568713029,0.009373692923047402,0.010607937282184548,0.009426458157180323,0.009627786185699398,0.007855195248409557,0.008546533013204145,0.008887709634008386
2066,0.007401471082709175,0.01108244861289222,0.012293810396207062,0.01012034341760711,0.008165790093365408,0.006887048001920092,0.00755372332472203,0.008068212914911506,0.01099894932747693,0.011906841260734545,0.010943424151055231,0.008620890740747665,0.007761691077107688,0.007961777134864215
2067,0.008308474219028082,0.009618326893531768,0.013303438667469396,0.010701608651965774,0.008153466128946496,0.006986015168392362,0.0084487032025562,0.009182406052968453,0.00950949759942306,0.012992318874265833,0.011662364091758125,0.008669616164889253,0.007918924175759056,0.008939940476451368
2068,0.011227638797058298,0.007385178613186125,0.012544767462992627,0.011089232163933142,0.007639397749448932,0.006399163362927412,0.008820338790387643,0.01244884768125848,0.007172661669666395,0.012331066384451504,0.012102692193236357,0.008120085204772958,0.007279475987196006,0.009240324878452577
2069,0.011919895233652035,0.006192413969373386,0.01183897776827976,0.011969013094617429,0.00675267221264431,0.006428651891053269,0.008095532830594651,0.013333299229688258,0.006196068822758438,0.011654245449441391,0.01305777937652806,0.007156876659668172,0.007293373593674516,0.00839974878584452
2070,0.011442514180420488,0.0063856915563769495,0.010471941319284653,0.010381160327869843,0.00770443498505705,0.007201190216572985,0.009107345174622741,0.012935435207895076,0.0066113630202190654,0.010297192402909957,0.011334730582836076,0.008180523122490235,0.008150565405923332,0.009392311605339959
2071,0.011053678443415926,0.006346404003538665,0.007912429147343691,0.009695645878851683,0.006799978760866669,0.006210833143857646,0.00963602822550378,0.012363519638914968,0.006713235584236549,0.007706783940149546,0.010576832223566623,0.007205822586817645,0.006996742518115425,0.009859657579476993
2072,0.008961138046305718,0.007334378380777564,0.00755729587937758,0.010840345414778227,0.006414859885818451,0.006072029547708385,0.00938050705644381,0.009980668118908837,0.007867409543381923,0.007311508449333093,0.011826214631879856,0.006791396389881204,0.006822411437214724,0.009627397742373077
2073,0.008959248193084086,0.007667484082331292,0.008383685884004453,0.010369298595015373,0.006537240855417388,0.006001285907453563,0.009173985176829958,0.009893782541362783,0.008255321299069193,0.008101144292280494,0.011280010904250005,0.006914471543102979,0.006746296829739732,0.009453321846931166
2074,0.008985624654099638,0.0077327673768528655,0.008475948227307892,0.009768451509874205,0.005819381502863575,0.0061068702578741104,0.007411305611565321,0.009970249571589462,0.008426640811329999,0.008233649196725795,0.010570737110694815,0.0061047938145107035,0.006847630517163586,0.007630311923450781
2075,0.008169406083653049,0.00744848286581704,0.007776847781337904,0.009809319436328508,0.0059379895043122615,0.006745914062468804,0.006636747753454052,0.009125784896096618,0.008180513595877056,0.007595672335855847,0.010563184809156538,0.006200098578761223,0.007577894450241345,0.006853137512694651
2076,0.008441158878993757,0.0065550704535256455,0.007739053565445338,0.01000921193540249,0.005075247939277172,0.006333483868120197,0.00720608112620886,0.009408353262949795,0.0070255425509155875,0.007564470236173399,0.010735290828911523,0.005286217190251592,0.00711097027914375,0.0074335940837038485
2077,0.00881056961260817,0.006573797676069664,0.007727159401135644,0.010773368658661624,0.005976506787911709,0.005626121967684765,0.007691993146660782,0.009824398122296496,0.006816672541671271,0.007584525012205735,0.011568146676190218,0.006243638437530819,0.00633168099017881,0.007918780460091514
2078,0.008622191552486188,0.007883450052176881,0.006765114852741152,0.011063915936292369,0.006946212014800683,0.005765049429619061,0.008741879439933016,0.009520045736940862,0.00792307971731743,0.006604770289146398,0.011893737006014867,0.007284354097947468,0.006542838895825908,0.009045253164414783
2079,0.007778451142796084,0.008298387059187496,0.00745286082746426,0.010834545582400894,0.007264248518007426,0.005932841847885093,0.009208603797216238,0.008653101616006803,0.008160204546308164,0.0072154065321709225,0.011642795018041337,0.007609840669651065,0.006732374125353751,0.009547263425053775
2080,0.007021569745607552,0.008409326180594262,0.008499251989511677,0.010519904938353619,0.00777388567167082,0.007005888191135711,0.009411765197042735,0.007974167359845004,0.008326637087161514,0.008207006071309806,0.0113402639760511,0.008164913233413815,0.007958010829826705,0.0098164467823119
2081,0.00739137267665882,0.00823220381004264,0.008969894297521597,0.008753272648433322,0.008138460264762124,0.008020097998941753,0.008502086453785617,0.008413311426479697,0.00814382037172372,0.008619103125067426,0.009425064334683278,0.00856131333103181,0.009099674907342252,0.008825462831588466
2082,0.008230205132313373,0.008507121121236715,0.008680004902342353,0.008529496453806563,0.008683344937304546,0.008128531503790788,0.008368377177194125,0.009414769468645784,0.008580033549141108,0.008344006793071311,0.009225458585364466,0.009154829278110432,0.009214273507407238,0.00859786573428568
2083,0.00941084065179325,0.008605184177488718,0.01052705292493513,0.00962359535337546,0.00851296669329807,0.00858081177716672,0.009907735062643402,0.010663874634724109,0.00872935200500453,0.010093822654676133,0.010405043573591736,0.008952291359301503,0.00973760454608023,0.010138444182221531
2084,0.009589208266684834,0.008711340770061644,0.011774932230472816,0.011850901531659231,0.00849375446971058,0.007234754452018908,0.010856321625576421,0.01093707534755317,0.008907804631880898,0.011393578908894421,0.012837466649226529,0.008955228829758348,0.008270646390880178,0.01122553910136161
2085,0.009727475555776174,0.007882029591151257,0.011332434547841273,0.01102757475788224,0.007596560946166746,0.00685083462227088,0.012238344390573455,0.011009225381832074,0.008009828104124232,0.010940319657797345,0.011859364054250249,0.007940953800489562,0.007809441552151141,0.01278242885579053
2086,0.009962046835926474,0.006801313907950514,0.010440582576726743,0.010592389230525636,0.008167379346257036,0.007290339139904988,0.013198467243927703,0.011142121513824817,0.0071086556904746,0.010002221334584387,0.011329116166802475,0.008516025817439255,0.008270019552688926,0.013911761741476054
2087,0.008983362484614751,0.0063630228289660706,0.008985419807729716,0.009380337433481344,0.009221532381272745,0.008150025754692645,0.01272241119449628,0.00991431819150657,0.0069720181681940325,0.00864698791603997,0.010033341360059237,0.009648749974316044,0.009245874918056549,0.013458968865013429
2088,0.008478195374091254,0.005771864031278499,0.009681816370948056,0.010870610247276157,0.009159481603024901,0.00885277736440529,0.010903920468194198,0.009236098647912576,0.006286246357548006,0.009377303116522953,0.011633961756701299,0.009627136701298347,0.01006350667378048,0.011561078739156516
2089,0.0069622181310058226,0.00700579392955403,0.009241313037835666,0.011873752625714865,0.007922282394700006,0.00912117271733002,0.010174100138540957,0.007551481168770897,0.007295670350751276,0.008888716061018457,0.012655797901478754,0.008302134231176001,0.010292035255412502,0.010690629370129564
2090,0.0062901347590096105,0.008556611743153817,0.009456816241327647,0.011936943592399519,0.00775914021682694,0.008781571357847552,0.009413912890542869,0.006736177908122144,0.008849561853041112,0.009162131607038668,0.01278692482396014,0.008147936984790204,0.009956435633467368,0.009813197607436897
2091,0.006005022305045769,0.010400453790295664,0.010249083955744186,0.0110002552670105,0.007871297050996694,0.008463529419855486,0.009628745617097808,0.00641477981366251,0.010690777174861353,0.009960839236325944,0.01181912900488534,0.008282623909164937,0.009645366931089201,0.010039064763444934
2092,0.007828542022358189,0.01122943490703919,0.011219228329784997,0.0101932859083094,0.008453230624207215,0.010103945682232739,0.01236402349124954,0.008465079673370263,0.01156215676273102,0.010801960582426676,0.010909025565799682,0.008863212090603879,0.01146178700040142,0.012867336447228565
2093,0.008421289176110677,0.010653450293894796,0.012150147372536509,0.00879722221513045,0.010521003100887057,0.010622064558335838,0.014558281167907744,0.009210147161105478,0.010884126362014745,0.01165388801139314,0.009406683896944346,0.011033786650285284,0.01204794473706789,0.015178239513605996
2094,0.00816096605061291,0.009497511090946624,0.012443999289346235,0.011882728843358939,0.01167304963909864,0.009947863884242765,0.017220727722916683,0.00900385629055238,0.009692010890526608,0.0118310075277246,0.012699714521789076,0.012232498693348132,0.011250939241943862,0.018063171530340885
2095,0.013361881069367743,0.009096659385157451,0.013362512504655023,0.013405455820770502,0.013228983838057842,0.01069335432460816,0.02120751977709342,0.014756776527684576,0.009591063235867576,0.012650352303343755,0.014392303921641337,0.013980700968648693,0.012107996912199565,0.02232239943854239
2096,0.01834412525362518,0.011362899795890783,0.015573868905131157,0.015224094968437176,0.0162894198313212,0.014869784683970525,0.022372637704077665,0.020094465253143266,0.01155402263709818,0.014544019952275434,0.016196687647358123,0.017104040177105793,0.016730524213384945,0.023356023529889525
2097,0.02135373013233916,0.013572107133580341,0.016150760750067494,0.019411542366378553,0.016680088333588184,0.01656550353979645,0.023004819616700384,0.023434704614318604,0.01381993213129757,0.015112271047674188,0.02063453762635973,0.017513447265631022,0.018671013571085263,0.024078317456213704
2098,0.020749162572275704,0.013713258651548831,0.017510060826937155,0.020206846402067553,0.018220312610038553,0.018056383754718783,0.02100962171559519,0.022775211827067397,0.014092016559483451,0.01645556941465463,0.021305542325925127,0.01897219005404656,0.020247199967217282,0.02184160891610555
2099,0.018718591513347118,0.015206768990662523,0.020288220070094683,0.022017529515290568,0.020473389188850676,0.018705751272644833,0.0179459474289503,0.020611508589740122,0.015488711964887407,0.019271037633624866,0.023147414517385802,0.02110703173675815,0.020972847909250462,0.018732371348367607
2100,0.01609010227775045,0.016377433660357713,0.02184051302660196,0.024155603020193664,0.021114407170164023,0.013827143440074947,0.01808931662329437,0.017523351839451282,0.01696674825016815,0.02093250293119748,0.02557799429282192,0.021872644056337875,0.015479528602656405,0.018814367663327575
2101,0.015651188333840924,0.013796486980259265,0.021243188196567144,0.022767754429411723,0.016778901660444816,0.012556433959515693,0.017809387534661734,0.016986442190716326,0.014348082403908285,0.02050590913092521,0.024451487767374457,0.017635237991781034,0.014123629916835452,0.018521118740938054
2102,0.014325406674208008,0.014914368753177743,0.017155093018290445,0.02119839421704321,0.014744198612813444,0.01226157423194897,0.018517793980932905,0.015600390976252234,0.015544240851714781,0.016547875594991674,0.022960551123259617,0.015561749893625293,0.013805632940550006,0.019276564121486282
2103,0.011840326406606557,0.01398619542582694,0.01586222474867882,0.01759891394323055,0.016362100703325326,0.01322242729444631,0.0156549922611088,0.01304474702221213,0.015053852850739215,0.01527932262869076,0.019073281914381558,0.017248605392575188,0.014873822572044212,0.01626501745767839
2104,0.012696469169835476,0.013190339125906789,0.014667609330895401,0.016081983905033185,0.014516855638457055,0.012122682081083953,0.01192243025613547,0.014105706099852088,0.01423810131742095,0.014228570975249665,0.017415252423557532,0.015258807727132444,0.013642464064958101,0.012358355809143825
2105,0.01203501916201178,0.01365011267226843,0.012162956688175523,0.016111603167111556,0.012473284570236002,0.009336396784780475,0.011432214566596008,0.013417043926427206,0.014351088306376773,0.011856042054415067,0.01734817384968849,0.013079468710045476,0.010505701408688707,0.01176612081205293
2106,0.011854267189933551,0.01440297340144746,0.01025403470875835,0.014880186140838607,0.012206385504247953,0.0076588409740879155,0.012161122748589057,0.013300243394161077,0.015138724162883309,0.009977688021250378,0.015953214169513275,0.012820543159572977,0.008630438110752205,0.012521337631776049
2107,0.010332390576571862,0.013221507792913733,0.011595172559591452,0.01351497449179154,0.009693374424171505,0.0073439855397693715,0.012427102611637344,0.011654121036365261,0.013514436632187984,0.011269509357170108,0.014518247871408147,0.010231856573835064,0.00829588043867938,0.01285388837182477
2108,0.01059926940218573,0.011765305020400752,0.012974750613085357,0.012329654093803988,0.0074589668357938855,0.007153701669482262,0.013826318250575445,0.011940643646529763,0.011907261565634382,0.012477992096692878,0.013200501767682723,0.007888550463495679,0.00812741658011158,0.014416700502675198
2109,0.011456977660930083,0.009870302482469964,0.014032418238326584,0.011214264309425681,0.006489886621760437,0.008082064922506998,0.014879748488822262,0.012875459370205363,0.009977046042611466,0.013319633265207445,0.011901472429988147,0.006842515287814291,0.00916831662775694,0.015551342334146828
2110,0.011283612288377768,0.008776150189623563,0.01308025413370051,0.01253107072217705,0.008111555409108375,0.008144553435333574,0.013127528438012437,0.012577600855142689,0.008710706561466957,0.012436203153766248,0.013294060285963468,0.008522576209129584,0.009256598985189069,0.013853437553300296
2111,0.013814691267325815,0.009579390526155265,0.014027931098373194,0.013538157286218669,0.01179222801027465,0.008538142214629178,0.012664840119533017,0.015052965660931587,0.00959066361686685,0.013326889115833754,0.01428328465898809,0.012375272645637788,0.009707545321660432,0.01341356927710846
2112,0.015081733765986663,0.012410346928866717,0.01454675532992809,0.015572028223561693,0.013754012103352255,0.009492244507407514,0.013704964163221017,0.016290601572346904,0.012548557537293156,0.013774254241729969,0.01632704332910961,0.014458004168482889,0.01076622767624551,0.014309875017903472
2113,0.015465379418553131,0.013725786910049229,0.016731980243629204,0.016037385132978508,0.013095900121237047,0.010755939145171547,0.017588663212373856,0.016674208718622175,0.01397950594507907,0.01589391743021894,0.016930830766385817,0.013804350476870219,0.01223487897127947,0.01808277798202988
2114,0.01699178057848337,0.01577211425516599,0.01930385479931093,0.015932745616227414,0.01246202990027061,0.010512549640598405,0.019170652883432178,0.018313334691801644,0.01629978683230573,0.018209082919913255,0.01677957649136229,0.013142105109717434,0.011955934156348515,0.01956894441248687
2115,0.018024671200593995,0.015631807978600795,0.02025583186411441,0.01773389946016326,0.014627904211853282,0.010536075418706879,0.01755574285631198,0.019676614275352555,0.016217353809975035,0.01905393236258057,0.018713137380792513,0.015431257930710903,0.012017662341460818,0.01793914361962344
2116,0.02013236236714334,0.016305192193976924,0.020416908383580727,0.019467576802395525,0.014152065553512573,0.01056067056201889,0.0170785188257341,0.02200126823068907,0.016756584800201278,0.019349615308851736,0.020748677091848425,0.014882007995885465,0.011993990178199599,0.017564448442583782
2117,0.02097037343456541,0.01845967139684165,0.019698979467423786,0.018724198866761837,0.014941093542683427,0.012874808770647445,0.01575578415408803,0.02278049924219935,0.01882193680550136,0.018642164749240627,0.02001351111025341,0.015769585791787444,0.014564212251265996,0.01622841729825882
2118,0.021555330324495803,0.021190343344225662,0.0162447947576771,0.01779457128274532,0.017726788614107335,0.016521459562702717,0.01594986124977611,0.02360518419915812,0.021729727646997512,0.015397035138025816,0.019173566336231754,0.018910581622448155,0.01880432926658446,0.016536166784251554
2119,0.02316150463131755,0.02378440850556631,0.01472998318298846,0.01704198833915097,0.01795546357845557,0.018946435430394763,0.020346310866422707,0.025307061915357257,0.02458241313491456,0.014042052198282452,0.01840188070339955,0.01916584288358756,0.02145119401145826,0.02102468109025909
2120,0.024956733835767568,0.023133347743971334,0.01877920753025246,0.01870661195703607,0.017395951384845856,0.01874723121660872,0.0271332706812723,0.027234598687590737,0.02395436842200854,0.017792449866282464,0.019960209694869557,0.01853496212313565,0.021278134957093145,0.0280596410458372
2121,0.026946966585556002,0.022965317109476,0.02625742571839363,0.021380431076803517,0.015429005499284708,0.016701780990959817,0.028778351376123463,0.029335615822521546,0.02415563010622551,0.02478063308675414,0.022473626650939757,0.016259216217474434,0.018932966179845676,0.02976731786211774
2122,0.030579271948730287,0.02617218111430233,0.02947859986136034,0.02688379568086426,0.01738933382812122,0.014323902928606044,0.02502010683181813,0.03332110125671528,0.027641446920802074,0.02803436541921047,0.02825930181744539,0.018069771945761797,0.0159547401157906,0.02573383453750628
2123,0.03142393883297497,0.02515491560801253,0.03275560858416083,0.0324623699854534,0.020669701812754897,0.014172117775173439,0.02548093436960738,0.034409642062599256,0.026337026683726086,0.031178634442485954,0.03423766535056767,0.021456789363561497,0.015716013867336225,0.02654701366142313
2124,0.030455187258532045,0.023910183133966128,0.03554634339786094,0.032279081531189385,0.023145481533125758,0.01759226782900855,0.026372832183590912,0.033646959079254135,0.024945144462930814,0.03398367603857019,0.03433738717222559,0.02415009375618254,0.019587558600851405,0.027555396149429486
2125,0.029878913353721934,0.024336521326099713,0.03373473102897935,0.02993688432796823,0.022673232148614855,0.020850195641251713,0.026346178696420194,0.0329565315333031,0.025467878301427053,0.03252717564239497,0.032157444882811574,0.02384318121276211,0.023280381019784375,0.02732179582884697
2126,0.03214417469023235,0.02391990174750143,0.03128351174302948,0.03154846291330641,0.022710304693949825,0.022128538206304095,0.025091801253936525,0.035486815138830875,0.025019851629364882,0.030157480942892254,0.03378474975819344,0.024158489417191075,0.02497396389505932,0.02609754223920341
2127,0.037050888435309424,0.027766603042678934,0.03363892841594889,0.03283164059009973,0.023168989707683295,0.02211441608956613,0.024877740048809667,0.0409295664861305,0.029030917866102575,0.032456383255464946,0.035120459964444614,0.024772418537971286,0.025063796494290334,0.025799016471664316
2128,0.04197297710144712,0.03564700121820914,0.036666273841279615,0.037579594391669295,0.019040116434343807,0.027346965192798986,0.030949361357064206,0.04588854678672523,0.0379422386549586,0.035206691978047745,0.03999193116559353,0.020308282465609107,0.030833628771765542,0.0318581510300762
2129,0.041289973443879836,0.040406810677353105,0.039181764161386745,0.03970481071279355,0.024930683820145065,0.03391673614601117,0.0377904613677468,0.04529297631532691,0.042601897503926796,0.03719620644570499,0.041855981152369055,0.026303921472870303,0.03762870394815561,0.03845197956030756
2130,0.04217292528806671,0.045515497273033154,0.043670653262031844,0.04489920201903095,0.03710020150674551,0.0403175900007787,0.04467843807536489,0.046279501780929676,0.045956948979040305,0.0405914450343223,0.04736069478037041,0.03877965779243311,0.0441027479964655,0.04567555334226774
2131,0.045958177128855755,0.052040777997075224,0.04845803014404718,0.06262626708916766,0.04290409588329065,0.05001676924554784,0.05259967260028249,0.0505870637496811,0.05223473443428179,0.04416808238418133,0.06649031314120729,0.04564560460754479,0.05452903783759101,0.05474287759841556
2132,0.05081449606688816,0.06328939405967589,0.0632280810987685,0.07294981021209641,0.05229615654656378,0.057656690443661084,0.06331334799567194,0.056094064842422,0.06337696515688752,0.05780067985674347,0.07793175780298041,0.05607791143954394,0.06303024640703762,0.06585600444016426
2133,0.055607817303332426,0.07622288827977004,0.07750251676952197,0.07497757964594258,0.06817815759315098,0.05868094019196763,0.0860061336114644,0.06045471160415331,0.0753841347162731,0.07134181706128502,0.08233695891468588,0.07418695774767073,0.06443434488748098,0.09034706691130691
2134,0.06563685489806396,0.0814069479833671,0.08221146815303829,0.07756889877724761,0.07494128442246216,0.05920715557047766,0.10500848952500917,0.07128921709253394,0.08183313698507295,0.07650142436916452,0.08882048023074687,0.08562845440062009,0.06633015469224524,0.11249139687947417
2135,0.07961286987597013,0.07702780669121788,0.09011425394601592,0.0921183311583096,0.07892186424588225,0.059151912931470714,0.10784846202485193,0.08539316906801668,0.07890670220170119,0.08487001605238388,0.1033685391704604,0.08791524511065067,0.06620138697720904,0.11618052732931608
2136,0.09767139639321651,0.07102153167548125,0.09565828362373258,0.10775894734434624,0.08372984434869356,0.06104928220962449,0.10767597764341738,0.10280638965987568,0.07389170345320334,0.09120042794961357,0.120352776863277,0.0916718729000582,0.06719415291840056,0.11598066563400905
2137,0.11610371446977176,0.07374921544115078,0.10933944676729662,0.11051369137996861,0.10821771024799062,0.05160056728767812,0.09396173944306174,0.12259156541693918,0.07493448095563311,0.10169537692980704,0.1260380810505736,0.12179232943362404,0.05547052063981641,0.09851885186921293
2138,0.11352553262713933,0.0732902318171515,0.11595346406605697,0.12077242743787675,0.12406442210245705,0.06702872606944711,0.10411102763613568,0.12273416905534054,0.07477432204981851,0.1068370338975467,0.1324527657046119,0.13475415286165793,0.07019353847649995,0.10622033820234075
2139,0.1255162788334192,0.08480991086342833,0.13851936561980466,0.1277118156761857,0.11724603125522728,0.09579177036214752,0.12952126664108296,0.13539760833625858,0.08544118294403612,0.13082173674696707,0.14045941335337486,0.12520985262694445,0.09838304906000624,0.1274266197819129
2140,0.1271474260051509,0.0925958015553803,0.13744440535937433,0.13460686857511653,0.09665482390307073,0.11317121466786402,0.14806162058683536,0.1389158372165911,0.08941530816855887,0.13282614022353484,0.15675906221937677,0.10311523844244114,0.11469231645550906,0.1466259028136415
2141,0.12336833528474582,0.11775932599535444,0.13738230742533836,0.10824845621469177,0.09044300355556367,0.1226705548073429,0.13143073192646054,0.14277495559155132,0.12149157469129974,0.13347064895341204,0.11811464974866002,0.08811064480250405,0.1219107496617508,0.1376128421362997
2142,0.1250733187592808,0.11932034920834794,0.13973272389989214,0.09839998807789535,0.0890732152583697,0.11202106557953152,0.11830220402206919,0.14564748252915677,0.12432442369043174,0.13529113978215737,0.10534569399801216,0.08618139725087104,0.1133563496319032,0.1264176579777902
2143,0.12090229862208306,0.0961725707117699,0.13270413424223335,0.114501166236641,0.09306515775330804,0.08808986736520238,0.1069295952422063,0.13732425948662552,0.10178609722657757,0.12281916758973627,0.1186741844622979,0.09092752128344676,0.09212277970335847,0.11560901955061716
2144,0.10345524325766961,0.09763276670289113,0.12233306229113314,0.11030881458072687,0.09223856327462328,0.07463061742025646,0.1020698786693548,0.11724280721723757,0.10394905344102569,0.11323665074584152,0.11370472503714715,0.09506455942585121,0.08164976805874095,0.10697098059252608
2145,0.0850598552912886,0.09604964041669946,0.10118359583683795,0.11273678623894891,0.08441051268085546,0.06441578119485564,0.0834638617457905,0.09350449979305647,0.09974223909869417,0.09329740427028484,0.11714129625663805,0.08888417300621407,0.07166037498352879,0.08725341501837895
2146,0.0727754119655284,0.08987842690039322,0.0912122722919778,0.12316581296789034,0.07740501599803921,0.05715984157056671,0.06772706998404047,0.07789944704941866,0.09073337129351802,0.08239345933992852,0.12601115727396256,0.08057759330047744,0.06182312860982658,0.06684651867776614
2147,0.07104805741284191,0.07769677345413363,0.08749647727439558,0.11386441043136866,0.07398565689481343,0.06381517250126147,0.06340095125680748,0.07632015452492157,0.07775165639089539,0.0784716469272278,0.11438361737694462,0.07595460404172995,0.06946530902830471,0.06311437496170771
2148,0.07099179118053416,0.06772066910220416,0.09233709738274204,0.10008722703725809,0.09028151282872318,0.06911463403734408,0.07977565120409448,0.07517289924305849,0.06583008249876944,0.08061398963318542,0.09819430453680054,0.0904726047095474,0.07265929478194968,0.07928218217951269
2149,0.0721150753292527,0.0648020193710036,0.09003389661695496,0.09884833974075267,0.08666377257820948,0.0638164097321184,0.08467198016696979,0.07402446726898851,0.061004191489911375,0.07789948444006298,0.09481734963790467,0.0834209177506274,0.06431496051275763,0.07971759115962843
2150,0.07675374330620001,0.0718464021648552,0.08799021065689691,0.08585526991223384,0.0836205070102008,0.06659968370953874,0.0781272132516598,0.08004018037564431,0.06931714069442352,0.07818372178581309,0.08218610599634332,0.07900941118635224,0.06793198414155134,0.07442888456726436
