,103_AM,105_AM,203_AM,304_AM,104_AM,403_AM,604_AM,103_LM,105_LM,203_LM,304_LM,104_LM,403_LM,604_LM
0,0.0008583653724322373,0.001353909177786575,0.000831418747147162,0.0005537177657783079,0.0005065620202543594,0.0009068259293047633,0.0005001727054525083,0.0009432510199143729,0.0011443555405464424,0.0008521233412308014,0.0008143056925913962,0.0007507299875346888,0.0013172114208098511,0.0009146680830653871
1,0.000787285228353708,0.0013809638319148474,0.0008322935654064264,0.0005710345845415055,0.0005023860133923214,0.0008818610412310213,0.0005080149749053587,0.000873239802462054,0.0011733667386958596,0.0008496815905048552,0.0008542096830239645,0.0007596313318974214,0.0012965128875922502,0.0009349566950312639
2,0.0007931580173915553,0.0013570633717750829,0.0008350789273527304,0.0005775713816742205,0.00048811348661122634,0.0008635157533472429,0.0004970067348513328,0.0008844003436143259,0.0011440062133420573,0.0008545232420203703,0.0008654076756553059,0.000750722475177154,0.0012658079446022507,0.0009107013028449852
3,0.0008206170259208799,0.0013429437669350984,0.0008340881603582338,0.0005768970569258547,0.0004883410658900859,0.0008910425521917836,0.000495275091697671,0.0009177929782543525,0.0011294368632133924,0.0008608096925387489,0.0008630245734245562,0.0007567398170926574,0.001300864152623777,0.0009068871070411769
4,0.0008146398568287403,0.001350134134476765,0.0008220710850086058,0.0005770381199399622,0.0004988359229987063,0.0009364092123955767,0.0004995643839815609,0.0009064831175621374,0.001137131757129969,0.0008477028088782726,0.0008561548184862598,0.0007661794351160226,0.0013628691211156662,0.0009138254211850155
5,0.0008095696304499498,0.0013583315574537814,0.0008505431932042815,0.0006065222499274863,0.0004855557792230926,0.0008986723189214692,0.0004799286310090144,0.0009054659368820721,0.0011542532526071752,0.0008762539110112021,0.0008987530402773667,0.0007476632122989689,0.0013200400129235415,0.0008808219402990451
6,0.000833586043319914,0.0013472360754977592,0.0008574554193615893,0.0006011966813266178,0.0004816481759738753,0.0008773703834040121,0.0004919677728890948,0.0009293632063503264,0.001139927870760429,0.0008846523149056126,0.0008838521317063573,0.0007402608543541299,0.001276338424032083,0.0008995909922943012
7,0.0008502549216934843,0.0013286980380968895,0.0008351314746842284,0.0005813331539112268,0.0004831058891357796,0.000886042252145841,0.0005058154466662273,0.0009492925731070173,0.0011212070520392554,0.0008677678488628025,0.0008563469140638281,0.0007392282444785202,0.0012830334674414755,0.0009265206967058781
8,0.0008194189422103295,0.0013181633103946323,0.0007993104888478358,0.0005717182262009949,0.0004852744505438044,0.0009034903344074107,0.0004891331441143928,0.0009168883342301282,0.0011104786971680354,0.0008276718680811854,0.0008498123477873413,0.0007272312829307855,0.0013173845134680688,0.0008964873074107315
9,0.0008439246533795008,0.0013317698158763491,0.0008100720847320249,0.0005927387294327747,0.0004782012304182984,0.0009057196729254876,0.0004959893773490423,0.0009373920453865519,0.0011202884901807778,0.0008350003531544919,0.0008804970181174065,0.000719902796837144,0.001322180546412842,0.0009050642451946505
10,0.0008380241355856507,0.0013238588131385554,0.0008174968867221921,0.0006026491068422099,0.00048516308038556294,0.0008929326792836571,0.0004997447331654361,0.0009330391183493873,0.001117117837082839,0.0008477839056827074,0.0008966595153582935,0.0007406939232311437,0.0013035299805422395,0.0009153260981111195
11,0.000822035086166682,0.0013103988721448177,0.0008183727032208718,0.0006026525875287803,0.0004985874959710791,0.0008834840526570153,0.000500484656784841,0.0009192288015717564,0.001106527339741486,0.0008512732860833479,0.000893495271380456,0.0007654655209006124,0.0012844546878787327,0.000919623420621291
12,0.0008438642018507326,0.0013237935914878075,0.0008208852638028691,0.000601301949167593,0.0004944352512523207,0.0008895545590742463,0.0005038909254691398,0.0009452180584894946,0.001118683347356877,0.0008469693418629274,0.0008847311507837377,0.0007579129363690048,0.0012940103618024705,0.0009244785970925158
13,0.0008497533002441946,0.0013455336408457464,0.0008313931162298588,0.0005965975707482441,0.0005029909565546223,0.000896581218384038,0.0004964595886486673,0.0009577200626649774,0.0011451453506781094,0.00086005492735382,0.0008875827102044896,0.0007615962361107221,0.0013159025054453662,0.0009151402077167834
14,0.0008516235378555078,0.0013618057183922292,0.0008285374852373979,0.0005981883799898915,0.0005127918570703743,0.0009060603038231383,0.0004956711222205987,0.0009497848743724078,0.0011466497037618706,0.0008487029364662891,0.0008825009984940372,0.0007614843489498137,0.0013217211764235156,0.0009028733051541412
15,0.0008591172932126553,0.0013646875384609994,0.0008114043138958899,0.0006012235987063151,0.0005124519403029755,0.0009105754548781793,0.0005008554723437224,0.0009664629643059491,0.0011601267719787893,0.0008400889982386862,0.0008900656139204259,0.000772218177324722,0.001344460081371783,0.0009196970122735967
16,0.0008610506327754388,0.0013686952058370257,0.000809261532878143,0.0005944818982053879,0.0005071653333646938,0.0009024350057500928,0.0004958584694328082,0.0009607912792613195,0.0011582255554075786,0.0008278387013400046,0.0008687209736168875,0.000758158658257205,0.0013163924849276716,0.0009028591281434592
17,0.0008325118409560569,0.0013749888999228666,0.0008161915434699369,0.00059969375678575,0.0005104946943753335,0.0008977318462394941,0.0004864826849453254,0.0009367469318204662,0.0011717690489094171,0.0008393263657137026,0.0008840015891008927,0.0007692001973598892,0.0013075974286101942,0.0008909741762072894
18,0.000815340428521157,0.0013774006494907164,0.0008146413887997707,0.0006086438101644085,0.0005173791492947329,0.0008966710738836347,0.00048337951165755994,0.0009166820205303393,0.0011721467126425886,0.0008366537137372702,0.0009007515044178141,0.0007785825654645802,0.0012973844487072833,0.0008835728997331481
19,0.0008358354410242838,0.0013758933105922808,0.0008004478046080481,0.0006077177360684972,0.0005141493202456316,0.0008988031634283109,0.0004906706419422576,0.0009349349621424666,0.0011693702039961616,0.0008200179267116463,0.0008993973732886795,0.0007713961897308318,0.0012990692686939286,0.0008945637511201298
20,0.0008311317182842692,0.001379847079317558,0.0008086891462081795,0.0005898550905290142,0.0004864890208399361,0.0009087910240352679,0.00048525613784802086,0.0009321250445377831,0.0011655133950270924,0.0008308048301922166,0.0008636850898578931,0.0007284610620585457,0.0013195403986506157,0.000883999751643
21,0.0008270590662318582,0.0013746606280170943,0.000794232448255187,0.0005830062403890213,0.0004800335351353598,0.0009186129599924596,0.0004841043084970497,0.0009266119319856232,0.0011598290481648953,0.0008155690317738803,0.0008555249927576248,0.0007180082348773867,0.0013310188954825878,0.0008814763739723161
22,0.0008351780019275688,0.0013673384454812104,0.0007898412665364501,0.0005921023507120369,0.0004890831579890072,0.0009224898079527432,0.00048757319764992446,0.0009346127511946271,0.0011561944831852636,0.0008122613622853683,0.0008756150308926869,0.0007338554316909656,0.0013313007838642514,0.0008888233004269325
23,0.0008584102247368226,0.0013706248352320968,0.000827938413663788,0.0006071922849991993,0.0004908155122279915,0.0009182222078470241,0.0004944375210160723,0.0009616602596330411,0.0011546671831851626,0.0008562238330801045,0.0008919540625523337,0.000739558029803613,0.0013237113817101997,0.0009013445690882446
24,0.0008574611607509522,0.0013869246547695037,0.0008124020807895543,0.0006116524704943301,0.00048349523430375377,0.0009099540453246738,0.0005088466903052,0.0009663927590462675,0.0011732414128757234,0.0008445102655405344,0.0008995044519134863,0.0007399163337088701,0.0013202573122022545,0.0009292985283637391
25,0.0008451780675424075,0.001388589277856671,0.0008002919303225328,0.000609655965565349,0.0004955259449958594,0.0009021878764187215,0.0005101334881273615,0.0009525476493535211,0.0011754896794043267,0.0008300192306901614,0.0008964441558572662,0.0007511476407127335,0.0013070054269184016,0.0009307906438745292
26,0.0008439525475394021,0.0013849890633962861,0.0008018204598920773,0.0006077858613140632,0.0005207860135638789,0.000900353469897526,0.000500341549634568,0.0009471599371256561,0.0011695548887416948,0.0008266324780821196,0.0008920168614019488,0.0007699122905819856,0.001294830824682281,0.0009112034864353044
27,0.0008604151628098028,0.001411891284497631,0.0007895363777509768,0.0006084769031036522,0.0005279982388776294,0.0009078266875338346,0.000502541376603009,0.0009674210385079414,0.0011933388106172237,0.0008125652094239648,0.0008924336905461117,0.0007752016008696423,0.0013057715323579384,0.0009149189431926429
28,0.0008578935616685598,0.0014097445256060956,0.0007871276997858387,0.000615283917201636,0.000524628496384238,0.0009226005779086116,0.0005071728856226314,0.0009678034303423417,0.0011965843205908105,0.0008120116370232315,0.000902986307005015,0.0007697227151886094,0.001339857825914186,0.0009263310968149026
29,0.0008530154447947225,0.0014014433963390022,0.0007908553759278917,0.0006217770393555711,0.0005127328934313649,0.0009208923626298917,0.0005127109236186515,0.0009622767027437584,0.0011878566013626387,0.0008194651445430851,0.0009099858285979581,0.0007603916121802392,0.0013387548143099736,0.0009358497442996558
30,0.0008662134653557684,0.0014046939428073199,0.0007980690751050309,0.0006247138759742922,0.0005017065453461217,0.0009005893406553188,0.000517250181871422,0.0009780567120754823,0.0011867113565340057,0.0008336151657550021,0.0009146672492816288,0.0007616912753823942,0.001300016519295689,0.0009433081488334652
31,0.0008695788580405702,0.001400525955054426,0.0007936586386897134,0.000615412475246244,0.0004968742650971553,0.0009082199405190123,0.0005130644460192294,0.0009835262447705116,0.0011821730091179934,0.0008264727292442648,0.0009083594484927506,0.0007619737292220985,0.0013063036378685108,0.0009348065337963654
32,0.0008654050626386952,0.0013811212098090078,0.000800566976544876,0.0006217076666610299,0.0004920525536083135,0.0009203163818991422,0.0005207230698295352,0.0009760232100101582,0.0011609758374948145,0.0008315233606679781,0.0009154130725536629,0.0007420626133521468,0.0013253420171858126,0.0009471290130858371
33,0.0008591427786138771,0.001370026672930028,0.0008194355927868695,0.0006228328789016176,0.0004904526880788469,0.0009230572315778558,0.0005249045185104432,0.0009766225052266421,0.0011600927568474098,0.0008616686392543086,0.0009226973420812947,0.0007357311722443541,0.001349524286974319,0.0009645860807193338
34,0.0008639041876654472,0.00139376932991324,0.0008417727961786218,0.000607849664189806,0.0004990728298519054,0.000917649105211964,0.0005139794137598608,0.0009743465107159222,0.0011706924265203428,0.0008803959048329965,0.0008949838936055194,0.0007492979658081513,0.0013330389812617497,0.0009370152668251886
35,0.0008705872391895905,0.001421241865219533,0.0008351187537881909,0.0006358682217075307,0.00048745373296734193,0.0009187043225311637,0.0005234558644721284,0.0009881019808260537,0.0011991555675493393,0.0008753540515366535,0.0009392115102363183,0.0007390605427779493,0.0013290142877894389,0.0009573804295742339
36,0.0008797713296733738,0.001427821444979076,0.0008178487520921608,0.0006516409169866563,0.00048169374177531364,0.000931392664678996,0.0005278119558448818,0.0009945042589632397,0.001202233522444375,0.0008532867033403999,0.0009539043576595845,0.0007301348179943135,0.0013372426856546784,0.0009614409651847027
37,0.0008846124868415032,0.0014196147624000693,0.0008022302678477088,0.0006471441733957472,0.0004890902630523308,0.0009402968887931589,0.0005248944885486909,0.000998612636515818,0.0011957339753195884,0.0008377994474265333,0.0009429318226973261,0.0007413955501087209,0.0013555421829389515,0.0009565250596552754
38,0.000871887954260815,0.0014283737765094246,0.0007952289453610395,0.0006473463724170066,0.0005058657372245725,0.0009241352012036122,0.0005232222531133909,0.0009857014739662075,0.0011997386895899716,0.0008302085988836918,0.0009458033654130185,0.0007592519369744878,0.0013398581195172923,0.0009530400270952328
39,0.0008995117521292089,0.0014619654456159096,0.0008163563122854034,0.0006591737332098575,0.0005291945769948617,0.0009386505137404659,0.0005259374579274436,0.00101423465005294,0.0012334309070179549,0.0008459387279582608,0.000963700080892921,0.0007711607409335553,0.001355297069439028,0.0009574914012362503
40,0.0009116213151246035,0.001467536872228856,0.0008408049151355382,0.0006653195013561466,0.0005281397602812746,0.0009565786876529597,0.0005371963919792418,0.001029382001361543,0.0012377389180509913,0.0008705430124717706,0.0009695850562804985,0.0007657281962225999,0.0013732816543846184,0.000978090649300783
41,0.0008927168788267949,0.001443065518484195,0.0008510679128311054,0.0006589692828390122,0.000504345682160735,0.0009590311137583937,0.0005516553319892578,0.0010137586001227343,0.001207580915236819,0.0008877546128980198,0.0009563637376403936,0.0007508951078171545,0.0013751699465527267,0.0010046803528399922
42,0.0008912435816066125,0.0014630816731148254,0.0008390323512776195,0.0006567109208127539,0.0005007855297725085,0.0009622366579843496,0.0005501758449869296,0.0010102323078247833,0.0012264015544715195,0.0008795934823172115,0.0009559127739292462,0.0007515396142979998,0.0013872806397089192,0.0010018545172809294
43,0.0008849275495640903,0.0014718140444042213,0.0008519226348413868,0.0006648030751054665,0.0004991202483627854,0.0009627789099281625,0.0005449220040873575,0.0010035174684637886,0.0012346472417635956,0.0008913077985006585,0.0009705303919493787,0.0007490146649098948,0.0013893403610767859,0.000992160047127418
44,0.0008958605325385493,0.0014763388339092195,0.0008775681887493363,0.0006784218080239792,0.0004899931416522534,0.0009709738147642466,0.0005518442909605853,0.0010156971206073504,0.0012349643995263955,0.0009159360154659342,0.000990354610141492,0.0007379997415043299,0.0014011405926220865,0.001004253265703305
45,0.000934038445863848,0.0014883105081022082,0.0008928607865467018,0.0006871729024053756,0.0004690172650923845,0.0009890635364102104,0.0005710647978269136,0.0010554331652365186,0.001239157987627109,0.0009337044864338092,0.0010014626202437316,0.0007171583862815551,0.0014314927335723083,0.0010387314414024582
46,0.0009333645439834639,0.0015138245952943745,0.0008866224291584112,0.0006826831578932165,0.0004819320989481286,0.0009995994615689774,0.0005693674094287412,0.0010558366013072738,0.0012640618730684844,0.0009261818902136505,0.0009988408509462043,0.0007303722831942644,0.00144600678630797,0.0010371351470829578
47,0.000939241790110535,0.0015437395652854445,0.0008874586032965758,0.000684300562020365,0.0004931885107860721,0.00100294301199567,0.0005623538874995013,0.0010604925868550415,0.0012916040266679881,0.0009235096426571203,0.0009997661922569842,0.000734604525793595,0.0014488230427112552,0.0010220212301722306
48,0.0009523677440997011,0.0015719006032129813,0.0008853080752650296,0.0006950774073978406,0.0004976106077847666,0.0010091947615787284,0.0005588599833709037,0.0010772473468519347,0.0013222398756366262,0.0009209583978292087,0.0010159235267173372,0.0007370162902609609,0.001460925514664962,0.0010164360489403534
49,0.000960237971602313,0.0015931375786705725,0.0008677613575226712,0.0007092219585337426,0.000503425139472196,0.001030200313633434,0.0005609829201232204,0.0010939941743505323,0.0013500592530527485,0.0009040219238999956,0.0010438782835958274,0.000755981513608897,0.0014958432525368848,0.0010260488145992022
50,0.0009511307703089115,0.0016075302625943885,0.0008903176826698364,0.000715854383904261,0.0005057264492463853,0.0010426310628773115,0.0005505450415404675,0.0010839193575119482,0.001357527827778177,0.0009220223381315476,0.0010545715838070175,0.0007548678278996926,0.0015177255650588779,0.0010044815139408237
51,0.0009616985681993127,0.001636658405677026,0.0009129770471712893,0.0007295736112381911,0.0005108271705628963,0.0010589032268573612,0.0005505302129622988,0.0010935339472393742,0.0013828845803262664,0.0009417465595067901,0.001074031240264065,0.0007537328658709576,0.0015474031739323678,0.001003723279914208
52,0.0009917882050653657,0.0016732010276925514,0.0009205410249809591,0.000749168275677078,0.0005156710960158825,0.001077685007649011,0.0005644418740128619,0.0011228634691877336,0.0014165592222295249,0.0009468034143270564,0.0010992506280716667,0.0007553674723394259,0.0015757701753765939,0.00102872914886445
53,0.0009955536177462666,0.0016828341682963252,0.0009318318806052285,0.0007563067948618997,0.0005034227491932349,0.0010824937797999686,0.0005749932695554386,0.0011321048467701942,0.0014235202679157438,0.0009618810627000117,0.001112007161598633,0.0007488229821767784,0.0015862847814835151,0.0010503841288179248
54,0.0010077085868377986,0.0017128887032585353,0.000959199770440404,0.0007649575303662105,0.0005010412587925957,0.0010958836219019188,0.0005839287014966976,0.001141818623014977,0.0014424576379375759,0.000985455830366228,0.0011198839052312646,0.0007464715014949255,0.001596464128003781,0.00106107123225201
55,0.0010307394818208618,0.0017504018281314755,0.0009856055687072621,0.0007733516277470355,0.0005070671968864246,0.0011180416054591565,0.0005899292048477141,0.0011747866712089328,0.0014850231151531182,0.001019247423803714,0.001138987016755633,0.0007583167186304955,0.0016389165549927287,0.0010780049882791426
56,0.0010577961336027744,0.0017809891919672932,0.0009960265200851994,0.0007791222598896549,0.0005135400385273109,0.0011424277477868673,0.0005941314998327967,0.0011994952865344178,0.0015041647160659625,0.0010275504311268407,0.0011415171050690597,0.0007618953317081542,0.001671292458706647,0.0010812304311642103
57,0.0010726612507385932,0.0018223036369401761,0.001000964477280732,0.0007803533870652922,0.0005122297779381279,0.0011546793676403151,0.0006083550363239287,0.0012133749249910993,0.0015378871808650835,0.0010302797731096423,0.0011421153811382158,0.0007660337316770106,0.0016888088355261482,0.0011067277109477985
58,0.0010899877664491135,0.0018537338839727676,0.00102176776394325,0.0007998902986879612,0.0005064633410052058,0.0011724124694441596,0.0006220434628828122,0.0012361436864486708,0.0015689484317621938,0.0010554861150316578,0.0011757368139700668,0.0007634432537795998,0.0017218117643163166,0.0011353436417065558
59,0.0011133725546105192,0.0018816353504432983,0.0010481120822681811,0.0008208009069914277,0.0005090173561579245,0.001196772496544852,0.0006343925156262145,0.001255533025403299,0.0015827492163585342,0.0010775311644601107,0.0012015949819337336,0.000758366747788227,0.0017488775152319808,0.0011508479385120437
60,0.0011431200057254653,0.0019270825671808731,0.0010602194657515214,0.0008194611833208806,0.0005294301241672085,0.001223564882778145,0.0006493290652408823,0.0012979621187455756,0.0016333675368034243,0.001096012885586157,0.0012100551996762072,0.0007855711624255033,0.0018007317202174728,0.0011861720276791462
61,0.0011666459338044047,0.001971966014386908,0.0010818913243806625,0.0008445112367310479,0.0005287360281126314,0.0012514603262920817,0.0006585634751117823,0.0013149668920376298,0.0016608474910102563,0.0011096430086446466,0.0012376234768964318,0.0007848104036740495,0.0018320058293196872,0.0011948357880515758
62,0.0011816905415553847,0.002030117404802509,0.0011023674695602816,0.0008658934815841658,0.000529650523291811,0.0012718623881069744,0.0006699032877949953,0.0013293426555076317,0.001708647295522576,0.0011263082737942814,0.001265919482697105,0.0007912343951081369,0.0018604688504778857,0.0012126210168147721
63,0.0011988710197998968,0.0020943033214285956,0.0011175623649095805,0.0008766510604568845,0.0005409306332709083,0.0012888607039564723,0.0006849025658656171,0.00136263811374832,0.0017829690449233737,0.0011511423017703348,0.001295695443972065,0.0008175881920882645,0.001905377639173855,0.0012517819999345284
64,0.0012382814678604803,0.0021332171197474053,0.0011337746263201706,0.0009027900718627719,0.0005498198442323854,0.0013200368039573826,0.0006973888026418487,0.0013956460436696642,0.0018017064211966322,0.0011608207807844886,0.0013257954843987217,0.0008266305241238993,0.0019390437092217307,0.001265667745321825
65,0.0012659189289278958,0.00217671588128595,0.0011572061377126547,0.0009226702767075346,0.0005652531399819458,0.001349621590170939,0.000707531730728094,0.0014264473609821608,0.0018391820563658917,0.001183949579182492,0.0013516888720664234,0.0008441690196492659,0.0019826000993953398,0.0012834729779594163
66,0.0012876582946051334,0.002224073425490085,0.0011860919479845038,0.0009395066248037218,0.0005733923510197786,0.0013765397116384688,0.0007196334006496259,0.001450881506425397,0.0018797442335332162,0.0012125057464063877,0.0013732162310412567,0.0008546661737962825,0.002023000196006849,0.0013046677541733466
67,0.001313378594611753,0.002269031533661815,0.0012133683255488334,0.0009579306564211403,0.0005686686184045048,0.0014007947885325382,0.0007354554430528159,0.0014787611383451408,0.0019159987502911145,0.0012412506710731846,0.0014006557088210839,0.000856974899460546,0.002060999327480155,0.0013328761291965911
68,0.001338591805711425,0.0023135055455520046,0.0012277774441768405,0.0009744437572822568,0.0005781682636046638,0.001417538298002045,0.0007479579721614155,0.0015073945414577317,0.0019555673323214126,0.0012579864945733296,0.001426828440247159,0.0008819164589559288,0.0020864626466109153,0.0013555870399391261
69,0.0013683296138938112,0.0023598196203345172,0.0012494823038191082,0.0009924432010858285,0.0005897374869077685,0.0014419941332772983,0.0007626696504990876,0.0015425159208171193,0.0019961009559142833,0.0012818266637206397,0.0014536042364124307,0.0009031877798286249,0.0021233116741510272,0.0013831074030807447
70,0.001399477110481001,0.0024079795304673196,0.0012685329326942772,0.0010109652612424742,0.0006001358957321226,0.001469869999856532,0.0007778824021822487,0.00157909344164368,0.002037184162582609,0.0013012723795560461,0.0014796204928234314,0.0009188874410078188,0.0021649426460670943,0.0014112129360377152
71,0.0014257906848037692,0.002456527105839277,0.0012672812444281022,0.001027603581015973,0.0006108850290601846,0.0014896916638174557,0.0007896462046550473,0.001609271960700535,0.002080233005866455,0.001298512301486045,0.0015039947304442123,0.0009390600131307267,0.002195083086100408,0.0014322984943876407
72,0.0014461095249670142,0.002502812977567956,0.0012848948739570016,0.0010475742184177085,0.0006261963292257838,0.0015155189650616775,0.0008024512942262808,0.0016297750494514635,0.002115627497266727,0.0013129816545840115,0.0015308125211380206,0.0009627927734941565,0.0022309191836633966,0.0014527228518332583
73,0.0014691624113933334,0.0025458500650183155,0.0013077468182377838,0.00106432118989037,0.0006379183712066663,0.001543005546185359,0.0008170604170084954,0.0016579542509313134,0.002155167986606068,0.0013373518310730694,0.0015561260767666502,0.000983219796154022,0.0022731108629135905,0.0014802940816716907
74,0.001498838845517095,0.0025882491298868508,0.0013251632452255522,0.00107853061211303,0.0006464012274671349,0.0015670578470190417,0.0008330940205838764,0.001692923512188464,0.002194211654526233,0.0013558591081435816,0.001575894154429824,0.000998025888171293,0.0023078314705485582,0.0015096019018085445
75,0.0015272152150431208,0.0026274572547104217,0.0013322171699444456,0.0010967473391978616,0.0006614441040776485,0.0015782602396445945,0.0008459577529294034,0.0017249953793620828,0.002225605841794751,0.0013610778784990001,0.0016006058185283744,0.0010200278245573262,0.0023264535768701944,0.001532085503474186
76,0.0015414704675982486,0.002667144536610885,0.001350248567092306,0.0011118195871377033,0.0006702936241566434,0.001593516948267406,0.0008606626150261851,0.0017428252056620437,0.0022593521507327024,0.0013836157208019443,0.0016228463405614636,0.0010403017848731719,0.002351898766303441,0.0015598928805507456
77,0.0015559497603140969,0.0027041466588800986,0.0013709982091670795,0.0011275916646776088,0.0006703262861790526,0.0016119108347220075,0.000878634181755772,0.0017611213935403705,0.002290973337491217,0.001409816985820906,0.0016457185927414054,0.0010522791964055764,0.0023793865896584694,0.0015935721419179888
78,0.001583501310558104,0.002735780761542771,0.0013836267652120899,0.0011457550394603638,0.0006660939651493168,0.0016292714929866297,0.0008974440255406261,0.001793105347642182,0.0023164198342362006,0.0014234800010026862,0.0016702162802574127,0.0010566140717852071,0.002401743996225927,0.0016270534676991254
79,0.0016155334845481624,0.0027708383740930598,0.0013992086827268417,0.0011550309470837678,0.0006791592107219664,0.0016497714699060901,0.0009082305051116085,0.0018280352976863933,0.002343567065609045,0.001440112442669198,0.0016828360289435865,0.0010759853344863937,0.0024274713203974595,0.001644989168146971
80,0.0016371071886105224,0.0028029091520790374,0.0014119575641085437,0.0011646604872515617,0.000689973282645446,0.0016687112191809748,0.000918614187553398,0.0018551650590612982,0.0023731630863524263,0.0014554256136128849,0.0016988231318304041,0.0010968944952173495,0.0024570691789546364,0.0016653754237712596
81,0.0016518146042366988,0.0028343357285283348,0.0014172621698319667,0.0011778825077206937,0.0006981125469310161,0.001684574260024327,0.0009292018763640995,0.0018743798961454023,0.002401939384346528,0.00146144961154161,0.0017178107203765318,0.0011160792916547636,0.0024819581806447303,0.0016853783296716445
82,0.0016713039099704261,0.0028690363965629307,0.0014126264201303532,0.0011933907820595756,0.0007119972943891034,0.0016969491646664171,0.000935934651801519,0.001897695247054332,0.0024331168600583686,0.0014564078597899281,0.0017377622017524016,0.001138740204639567,0.0024996067755231827,0.0016972590723748086
83,0.0016877433574603716,0.0029030664608871467,0.001415314532815947,0.0012131052542383313,0.0007244304661245412,0.0017119048851943195,0.0009400444182291807,0.0019159414906507505,0.002464830570606066,0.0014560375534127545,0.001765037276083278,0.0011565069821265575,0.002520907032974884,0.0017040412664199014
84,0.001707326447545788,0.002932273321877092,0.0014204452210808316,0.0012311025476481228,0.0007394616412599229,0.001728335650148964,0.0009444287846769493,0.0019367370078620962,0.002489477466742741,0.0014567091029099731,0.0017895846465003494,0.0011763763062562248,0.002543014725079113,0.0017101314135569725
85,0.0017278726743436875,0.0029553871013698364,0.0014254402365661506,0.0012435802836747343,0.0007541106591118068,0.0017414080022678075,0.0009500866505605138,0.001961894271399707,0.0025097535073697295,0.001461025289639712,0.0018080256482589238,0.0011989941952338218,0.0025633930983283188,0.00172047039654125
86,0.001737086702498633,0.0029811399905792886,0.0014380937242115422,0.0012531531432895772,0.000756316044532352,0.0017463462862137393,0.0009577472138950458,0.001975628369683652,0.002533837259565415,0.0014786416380337072,0.0018215416372046728,0.0012107881727754278,0.0025731959292150104,0.0017352299322462017
87,0.001752336742721643,0.003000421843098007,0.0014429883936009698,0.0012631008289425857,0.0007538703611796572,0.0017521652852659916,0.0009665981488430519,0.0019946137905140398,0.002551101320986412,0.0014856412810836555,0.0018347748673626957,0.0012155786081533722,0.002580802240819743,0.0017518669221557128
88,0.0017679391014633538,0.003015161594613862,0.0014443519343480934,0.0012712444728464763,0.0007548170803401885,0.0017623226642802003,0.0009737554875963007,0.002010841302518597,0.0025605865282952154,0.0014856100925675897,0.0018436269208975161,0.0012197814182348925,0.0025901451947144727,0.001762956972020031
89,0.0017761573901148814,0.0030286474429727303,0.0014481169146730105,0.0012765168704302516,0.0007634146978217926,0.0017755965347012268,0.000977668389514073,0.0020318302431068984,0.002585130141393238,0.0014983128878520086,0.0018611150555490157,0.0012381085926121067,0.0026216360441558345,0.001779069943573278
90,0.0017845308825457137,0.0030397778630424097,0.0014488576093297856,0.0012890667749960285,0.0007716457025501785,0.0017813344793234933,0.0009825261327594719,0.002030770216369156,0.002579613165355617,0.0014921793546048107,0.0018687570612653962,0.0012448581712923756,0.002614650519672035,0.0017781239949247402
91,0.0017928215664520153,0.00305421367760138,0.0014490070810169464,0.001297866966980872,0.0007768700072386122,0.0017850558110219206,0.0009897440106473128,0.0020428961534527633,0.002594437941111778,0.0014931187255803886,0.0018816029572578067,0.0012533981629574984,0.0026216843375032888,0.0017927922882030266
92,0.0018026452462921974,0.0030716409253380944,0.001447693893381858,0.001304343560511842,0.0007813491699972249,0.0017910624884183472,0.0009970050201934027,0.0020552300779315565,0.002610142679763788,0.0014901069461063137,0.0018891333258849103,0.0012598628692717577,0.0026294951735308563,0.0018057078836109409
93,0.0018158468109140747,0.003086929695472886,0.0014426770834016392,0.0013167093743579447,0.0007893116627901015,0.001801255076081528,0.0010000526016784262,0.002072673193914945,0.0026252157541698583,0.00148602493784833,0.0019082840789727688,0.0012774149795577497,0.0026447998890453133,0.0018120612689231882
94,0.001826089310635376,0.003101679641614312,0.0014468134484678327,0.001325272775892072,0.0007919682131455572,0.0018107329288324868,0.0010051481616678876,0.002086803547354425,0.002641794993492666,0.00149328449963045,0.0019222163203647686,0.0012864726244313195,0.0026591783880067998,0.0018227853212284162
95,0.0018327424028172412,0.0031158022881400157,0.001454835764223023,0.0013330663434563512,0.0007939162737274846,0.0018182429329360768,0.0010101993092949638,0.0020951762179109578,0.002654260798522291,0.00150303823362067,0.0019328894018408869,0.0012919479057708829,0.002669067731464724,0.0018318488672326265
96,0.0018368829452314432,0.0031260420962955435,0.0014590373684957056,0.0013418936408411473,0.0007987992420934595,0.0018227766124157693,0.001013197143316638,0.0021006636250612714,0.0026606739612955745,0.0015071045174397779,0.0019441746875420596,0.0013005257307341582,0.002674587341574611,0.0018367091506796816
97,0.0018452807327629136,0.0031308419077708508,0.0014547253685128863,0.001351943845133578,0.0008072356369618098,0.0018270328062795621,0.0010164263947049158,0.0021100074420921868,0.002661915111633965,0.0015001216888094208,0.001955866087108904,0.0013142542780682214,0.0026759175552882285,0.0018412832815034282
98,0.0018511038716196315,0.0031431831488781645,0.0014488782486903316,0.001358415701592111,0.000819298535285798,0.0018309376439045308,0.001021190418023794,0.0021168524477811353,0.0026724570885460646,0.0014934183176974927,0.0019633161940740065,0.0013283364258569925,0.0026801520089226303,0.0018490829085105675
99,0.0018573382553745419,0.0031586426172353346,0.0014444326212687336,0.0013645014093689339,0.0008286888962059137,0.0018341969042695958,0.0010244248759220817,0.002126105861520938,0.0026884104415577535,0.001490372922270164,0.0019722386374211214,0.0013397591779907277,0.002685948922403878,0.001855698036913024
100,0.0018677241289248947,0.0031691532226941995,0.0014428769041188985,0.0013747710625849723,0.0008300942953177406,0.0018371769047601956,0.0010237348217546885,0.0021422811158008114,0.0027009762468090948,0.0014912318439849366,0.0019890896870063957,0.0013472788540817662,0.0026906634263452085,0.0018569878819000168
101,0.0018731515618253037,0.003180226447069298,0.0014455658694857152,0.0013858694487672283,0.0008319099095492028,0.001843156590358153,0.0010260721384737215,0.0021486472738373344,0.002710738132437684,0.0014950672496971747,0.002004746915804849,0.0013536205724464913,0.002698445442634081,0.0018610260136547442
102,0.0018788523706692569,0.0031833788754233334,0.001449826295081851,0.0013917070298539932,0.000833791969149058,0.0018498558090028164,0.0010327101802254963,0.0021530738276687644,0.002709330739759478,0.0014995930453614377,0.0020103005103482576,0.001357651950622589,0.0027045602809192344,0.0018711383684422973
103,0.0018847983865297152,0.0031817386532680494,0.001451365111456402,0.001393176014617106,0.0008341102432694762,0.0018541666095618248,0.0010401125755875706,0.0021603274015275582,0.0027050444827591068,0.001502574514348758,0.0020110518122751476,0.0013600867873164038,0.002708565384776392,0.0018841035121701787
104,0.0018863694972918628,0.003190046906135143,0.0014452866867903182,0.0013978226492871583,0.0008308565348363908,0.001853362349411245,0.0010413043091893391,0.0021652670621383264,0.002713363714410977,0.0014979196508829752,0.002018954761022986,0.0013598600356361712,0.0027070897188973264,0.001886418431251105
105,0.0018881915040927213,0.003200748406145107,0.0014428107472005593,0.0014021488538740804,0.0008361903047393051,0.001852336080498441,0.0010482304313797022,0.0021676041030731113,0.0027225128046404513,0.001495648441608866,0.002023318532629632,0.0013679130377022902,0.0027035541474894893,0.0018986388862919862
106,0.0018906364805072933,0.003206556974983055,0.001442759260311464,0.0014077476707618332,0.0008409362685015513,0.001855090178146965,0.0010532348908677373,0.002171912809859624,0.0027288612145497495,0.001495969614860143,0.002031105986802853,0.0013763274803535437,0.002707610760601347,0.0019087112899063004
107,0.00189408985874514,0.003206585322844142,0.0014421771388863618,0.0014152825038478113,0.0008399039809142703,0.0018625371489076417,0.0010513929410904694,0.002177946632986928,0.0027294059742189003,0.001494922777063146,0.0020431186992997995,0.0013784374849287742,0.0027185074202695546,0.0019056723593769357
108,0.0018979490124138737,0.0032100848836262193,0.0014375032423328028,0.0014184512590650422,0.0008479959482758824,0.0018659416015229166,0.0010521990600797148,0.002181590434766192,0.0027318966099741343,0.00149048969509904,0.0020464763748244603,0.0013876178739242952,0.0027207815951811906,0.0019061877906866886
109,0.0019008241380775615,0.0032175527456659906,0.0014383169640852004,0.0014220970672081444,0.0008472630054017816,0.0018667772362821347,0.00105649017778581,0.0021845641522858558,0.0027378125183573476,0.0014921646157023997,0.002050574643325879,0.00138940200147426,0.0027197461756069048,0.0019133487273721977
110,0.0019011260916307379,0.003222977865081944,0.0014406609941290476,0.0014263755121541298,0.0008428716697260968,0.0018659282781764766,0.0010609745004268424,0.0021854418482719906,0.0027420110377512595,0.00149461197649409,0.0020556800252482634,0.001387374127340001,0.0027172489278566164,0.0019212093373424568
111,0.001900527832641141,0.003222741776120077,0.0014373350157574406,0.00143091226765515,0.0008488456994143294,0.0018663442641893764,0.00106249388638985,0.002185282268879866,0.0027410563251402315,0.001489582938673747,0.0020607108464774757,0.0013930592426990036,0.0027171759366479992,0.0019235357108610858
112,0.0019055571286330979,0.003222874792260676,0.0014321766795699542,0.0014337758476421576,0.0008528695222023039,0.0018659068388876352,0.0010650795593508014,0.0021919274236786236,0.0027414161681710565,0.0014862837074056947,0.0020661476289748093,0.0013986042841435142,0.0027188156884324437,0.0019291870331329935
113,0.0019052268850085487,0.003223365153124725,0.0014288532356855049,0.001438778667588708,0.0008548089781863317,0.0018668130828874794,0.0010669489481354925,0.0021938360349382274,0.002742871548645591,0.0014847953842121282,0.002074343276820526,0.0014024409933795228,0.002721702562364942,0.0019335769985083559
114,0.0018998819809460544,0.0032247220190485706,0.0014293435443459464,0.0014440313077606715,0.000855577761296151,0.0018685800759299146,0.0010681310872201009,0.002190374887513539,0.002745128360056546,0.0014860299774122842,0.002081200001916869,0.0014050652818258427,0.0027231964976216472,0.0019359330675492931
115,0.0019049309875226244,0.00322608572457945,0.0014317147137085818,0.0014384885475619295,0.0008556853202723359,0.0018653425346725214,0.0010707475449472812,0.0021939046955272595,0.002744315172200037,0.0014902745493515907,0.002070979195087088,0.0014070907484081481,0.0027138562586953084,0.0019389706151170811
116,0.0019071678511999124,0.0032256136819210344,0.0014307967889494052,0.0014400965712746494,0.0008555489913915757,0.0018621153740533388,0.0010733120579106015,0.0021964216257652817,0.0027446729591004875,0.0014894923775469922,0.0020731525435880058,0.0014081504167540839,0.002708475347103211,0.0019440300487316025
117,0.0019056479012621072,0.00322523463628224,0.0014293441219028584,0.0014463804052116274,0.0008571269016540203,0.0018619005898018945,0.0010763320627347442,0.00219550176786761,0.0027447752917794457,0.0014880845614272402,0.0020824014686751,0.0014093121877024426,0.002708770417756901,0.0019500735259703485
118,0.001902873883143528,0.0032247830399295976,0.0014297510879807095,0.0014500056635808572,0.0008599916627927454,0.0018639041393493534,0.0010791889946581144,0.0021924060651278172,0.0027422537711202493,0.001490440153946636,0.0020866320372809385,0.0014106254871232011,0.002710580745464023,0.001954388894790141
119,0.0019081126174804236,0.0032241415738507462,0.00143046700015589,0.0014523901585178115,0.0008556492408078063,0.0018625364212821252,0.0010791074032554257,0.0021992923430933504,0.0027404423225151128,0.0014906765038121008,0.002088378673205616,0.0014078047891421279,0.0027062066738105417,0.001953691558779843
120,0.0019093481761203166,0.0032284595808229973,0.0014261293730559045,0.001457798036635678,0.0008583981778286873,0.0018639214491206605,0.0010808711312149855,0.0022025296930076885,0.0027466006681449748,0.001486336853088507,0.00209676102435566,0.0014132990107406534,0.002708627858262906,0.001957606082655043
121,0.0019056332041389884,0.0032360459306320947,0.0014197139443871392,0.0014639843605865235,0.0008676644794504909,0.001868538646701788,0.001085257866490444,0.00219863124864304,0.0027547472913372136,0.00147935397721001,0.0021057578581930546,0.0014241300446065108,0.00271550490306497,0.001965247919186817
122,0.0019013738154805581,0.0032359618682113755,0.0014170522290359693,0.0014628995391882521,0.0008712974799575435,0.0018697288089336507,0.0010881492375264313,0.0021943162393408696,0.002753776391750367,0.0014758642199634861,0.0021029061195015054,0.0014285119456833553,0.0027164781596785447,0.0019699679554772624
123,0.0019046848315218653,0.0032403603088578085,0.0014172880221210635,0.0014651606153613336,0.0008703528039263799,0.0018690742054201293,0.001087980480263139,0.0021967466097948547,0.002756021804348177,0.001476608674251816,0.0021043010661179816,0.0014290301016112934,0.002712001846968692,0.001968454512622672
124,0.0019076152233909668,0.0032411959418419192,0.0014164008823562147,0.001468119726466625,0.0008686167132169084,0.0018669105182849298,0.0010871633908100392,0.002200614651354174,0.002756521976351892,0.0014770004307475602,0.00210848433896552,0.0014295535387922375,0.002707657488143714,0.00196728782025662
125,0.0019065403888322526,0.0032361405240787762,0.0014134330976591934,0.0014705415106202558,0.0008685923158807934,0.0018657937098380509,0.0010879092500983018,0.0022013240852737817,0.0027514983400926452,0.0014744051930596549,0.002112399710500976,0.0014307360327931277,0.002706825611281031,0.0019693879020297044
126,0.0019083159396049137,0.00323416617676241,0.0014118053421806518,0.001475940892648019,0.0008682222435682271,0.0018706684127115399,0.001089469294983293,0.0022031698941354307,0.0027479106958314538,0.001473338750627663,0.0021187293633292597,0.0014285711784525338,0.0027124016666779534,0.0019711747122369556
127,0.0019107531501845777,0.003237733259679896,0.0014111409431464324,0.0014786181998329088,0.0008707784507613309,0.0018733368395813855,0.0010932226643859317,0.0022062223940406715,0.0027516862222887375,0.0014741665068818896,0.002121993024979554,0.0014328637246729876,0.002714533815209587,0.0019779109756162647
128,0.0019125549383295082,0.003243737126091603,0.0014101370130597457,0.0014803272064533683,0.0008736092008042593,0.0018719625472422812,0.0010957458196684095,0.00221000751414392,0.0027604247725299133,0.001474154440949998,0.002126070538946287,0.0014386981002642923,0.0027139477596347795,0.0019839920048310296
129,0.001913719891737744,0.003248453720837662,0.0014081126142937454,0.001485300197013953,0.0008736362650582001,0.0018693246430044766,0.0010941867483310495,0.002211991996091637,0.002766125180270317,0.0014695711695496304,0.00213451357836462,0.0014376812077217507,0.0027131420394466365,0.001981413314155919
130,0.0019146226400815365,0.0032492932364087236,0.0014051112319679432,0.0014912843127632444,0.000876700250941428,0.0018738608595466912,0.00109547082355021,0.0022131302521566573,0.002766870587524569,0.0014655167682566343,0.0021422778877722,0.0014430027623517445,0.002717368946034435,0.0019833544196769274
131,0.0019178426561015387,0.0032516781895034403,0.001405712273872132,0.0014951117677896697,0.0008811775411947653,0.0018757576852941958,0.0010964488730705031,0.002215518796527146,0.0027671124794271295,0.0014653988442579929,0.002145780907649724,0.0014476268389652892,0.0027161815468730406,0.001983625451178356
132,0.0019201767403467251,0.0032547915501273915,0.0014088218848029251,0.0014965290667032162,0.0008847170936937015,0.0018724044166208817,0.0010968313415969425,0.0022194911300844806,0.002770482443511207,0.0014703093107622618,0.002148588379155073,0.0014508650602946549,0.002712018044327802,0.0019850581939189803
133,0.0019131831097945434,0.0032514893413302798,0.00140768427985202,0.001498676724180863,0.0008850381833696567,0.0018701791998204426,0.0011000430468847812,0.0022130007293741584,0.0027656008505919007,0.0014719665506572057,0.0021509927933964007,0.0014526905201338624,0.002708170768596943,0.0019909945604418503
134,0.0019094654697408451,0.0032486582338035566,0.0014092730017037378,0.00150072191034998,0.0008793058878260108,0.0018662051996438688,0.0011074570134274957,0.002208252894826036,0.00275981354686925,0.0014756695789280069,0.00215250146118725,0.0014481596434631212,0.002699757762114591,0.002003416965711412
135,0.0019113239993461056,0.0032452295671173163,0.0014126558426300726,0.0015032290120091307,0.000872019076365247,0.0018663995369784397,0.0011145820017016614,0.002209558300594556,0.0027530711709247186,0.0014822750706374342,0.0021540280340974515,0.001442122274721284,0.002696756837576453,0.0020148446196557924
136,0.0019150880933096778,0.0032385890563329444,0.0014127824558438818,0.0015057561514866336,0.0008681436021166565,0.001872082154687931,0.0011174006228866578,0.002216079624685879,0.002746595987440076,0.0014880238451882848,0.0021570980891922114,0.0014406034498146488,0.002704793794999038,0.002020546982199178
137,0.0019157089607340103,0.0032421343949229128,0.0014045539633021035,0.0015098838727410793,0.0008720546009761737,0.0018741336198859662,0.0011232573378539812,0.0022186653350289146,0.002752406766609954,0.0014794575609901111,0.002163888489000089,0.0014464016229472074,0.0027083758609308655,0.002032865064453309
138,0.0019146385351340885,0.0032490085277221826,0.001396640062685399,0.0015184239174289703,0.0008816822512523165,0.0018741276239492382,0.0011253136411261476,0.002216620361648878,0.002758949607550319,0.0014661619723951203,0.002175553393255628,0.0014574039590815415,0.002707607016869888,0.0020358323230797136
139,0.0019154072922301193,0.003256144670711588,0.001392392610555727,0.0015289947938239353,0.0008919351754128197,0.0018755804989569788,0.0011228070333968616,0.002217444967193046,0.0027662611274209634,0.0014577405076886048,0.002190542755810176,0.0014706607726559851,0.0027089836489690078,0.0020305842859012183
140,0.0019215731130955945,0.003263406235478623,0.0013917326405587724,0.0015365649250613227,0.0008964060977590084,0.0018824212889636536,0.0011199714743729374,0.0022255628127963866,0.0027735592435202236,0.0014583042665969723,0.0022003789411738535,0.001479037829707057,0.0027147352312459423,0.0020250181553802442
141,0.001925565169113913,0.0032685029349734038,0.0013962791025217804,0.001543138143944397,0.0008921832833908928,0.0018863089426331893,0.0011268099063575776,0.0022313472683255058,0.002776632837966499,0.0014659128747504372,0.002209454220467626,0.0014784681184836642,0.0027172476737058623,0.0020373213877000777
142,0.0019278630909585674,0.003271717060203745,0.0013949891834379034,0.0015469601016907988,0.0008909840470236375,0.0018890254149090732,0.0011362644842754738,0.0022365122464682178,0.0027776275457275517,0.0014687717621319916,0.0022152456290073894,0.0014808782703262333,0.0027193372247594806,0.0020550121345888723
143,0.0019298135619914322,0.003275103552294921,0.0013862694429266212,0.0015496446185458757,0.0008974891184548209,0.0018928096217325557,0.0011436189832651489,0.002242333548148799,0.002780450633635371,0.0014636650464314618,0.002220005515100473,0.0014916716714984415,0.0027241742348580677,0.0020696397978826604
144,0.0019352844779719118,0.0032888341325867138,0.0013883120496961966,0.0015609897498409066,0.0009044740674669082,0.0019018675746390792,0.0011529028217631598,0.0022482920322123632,0.0027934076117440278,0.0014635934169117833,0.0022360890550853657,0.0015047343930990691,0.002735782553256906,0.0020864236835902183
145,0.001941449456800146,0.0033017526025488895,0.0013888809985212805,0.0015745432001580937,0.0009099282366675306,0.0019091509868186802,0.0011591603767515603,0.0022573236534771998,0.002805311245250594,0.0014631637401350385,0.002254798587950249,0.0015160390119452897,0.002744254673970076,0.002097842396508449
146,0.0019513317046048566,0.0033121671519663835,0.0013868254276697782,0.0015876452768431143,0.0009159860350685953,0.0019161132909429868,0.0011666917740576258,0.0022705905174012536,0.0028129777977326776,0.001462356572599259,0.002272576666421033,0.0015285963382855956,0.0027519339788444797,0.002111333549919065
147,0.001966165563982972,0.0033224457981477634,0.0013850176673626845,0.0015997637102794372,0.0009240965581131483,0.001925815096581739,0.0011803261885533402,0.002286252056057448,0.002817656797972739,0.0014630108206272585,0.002288623433775744,0.0015445923039850255,0.0027630207196870297,0.0021348652089160664
148,0.0019699391397023655,0.003339943109690032,0.0013855938170010244,0.001614140174107721,0.0009230934680474986,0.0019353760459174384,0.001192429731657474,0.0022938581694255697,0.002831799368332627,0.0014668128812961308,0.0023085670321873228,0.0015497070323037714,0.0027731907404552588,0.002156446660576433
149,0.0019792212441465265,0.0033591298198805382,0.00139219652315574,0.0016318329821334613,0.0009273698342099975,0.0019481249901819818,0.001210923230440811,0.0023069404560747365,0.002846659285746361,0.0014764241281318526,0.0023335424382606674,0.0015631731791869322,0.0027866040971486887,0.0021897709113820048
150,0.00199484683638203,0.0033761027516276765,0.0013999429747658097,0.0016508111404470386,0.0009407553484604892,0.0019640391298671542,0.001232804091900111,0.002326892614667061,0.0028594249304208607,0.0014878323176964645,0.0023616267754059655,0.0015900702410166227,0.0028049940806114575,0.0022303703492178753
151,0.0020057533613022428,0.003396243326498294,0.001399845000856991,0.001669837700133436,0.0009571303173369816,0.0019835646513393567,0.0012471827763262848,0.0023422927731952714,0.0028733611653195966,0.0014914814309967017,0.0023879622771584338,0.001619521500920578,0.002826702347269698,0.002256008577301743
152,0.0020176692027079847,0.003424951302587135,0.0014043149861555219,0.0016919186569982587,0.0009690476388361316,0.002001889496385265,0.0012693210810616582,0.002360255264812886,0.002896696088230177,0.0014999393047507384,0.0024188164530241805,0.0016453822471689638,0.002850251013351104,0.0022961260900431634
153,0.0020371928206089915,0.0034585504926629464,0.0014145165444482165,0.0017191532502254868,0.0009800328040604645,0.0020224281536057992,0.0012946466687342598,0.002386080873747406,0.002924601095606204,0.0015124650264883145,0.002457385512842589,0.0016710483704401116,0.0028762552752251364,0.0023418678460220875
154,0.002065382864777039,0.0034938523839777944,0.0014271496913125154,0.0017512794131740409,0.0009960360389468692,0.002048432870583779,0.0013188224743330233,0.002421168974141553,0.0029541005791056895,0.0015256397731948693,0.002504109731931546,0.0017032765578486857,0.0029074846216723023,0.0023860264187686247
155,0.002088992185270663,0.0035362313019524924,0.001433337658480413,0.0017836753258256613,0.001024263376638251,0.0020784073509436435,0.0013496437941386333,0.002453643546746445,0.0029904497233294415,0.0015323468609452367,0.002550671348882978,0.0017497850033002687,0.0029453367646214467,0.002443065171394463
156,0.002112526501618138,0.003581299237006659,0.0014494641692607449,0.0018193109061844699,0.0010505472725082436,0.0021123161726639213,0.0013843306446713495,0.002484469602616201,0.0030251046201787662,0.0015512591497162805,0.002600385324810414,0.0017963148862507152,0.00298752561534144,0.0025047184807300477
157,0.0021398086860108384,0.0036291280650101307,0.0014715587641443528,0.0018588001720472361,0.001071011738871705,0.0021469729547094617,0.0014221844951803641,0.002520957677076513,0.003063548046784579,0.001579410452283385,0.002658086730227625,0.0018395959576838273,0.003032966658259152,0.00257370308214916
158,0.002174742015196604,0.003684315182360775,0.0014888157615093672,0.0019029041153067418,0.0010897153669219026,0.0021810354908203145,0.0014642819548675969,0.0025656640339385486,0.003109398811734489,0.0016011506770087737,0.0027222844643002746,0.0018799274112444356,0.003075838248157323,0.002650892692926346
159,0.002209671716188672,0.0037446682506613277,0.001515778880144691,0.001953388795843326,0.0011211399743546225,0.0022275222518730264,0.0015091811929959333,0.0026100265892412397,0.0031573083966938654,0.0016312428646108616,0.0027937411450004836,0.001938729060801465,0.003134163895742384,0.00273193314239511
160,0.0022507267249892446,0.0038122978582622066,0.0015460370908995046,0.002006303905235283,0.0011589909445865285,0.0022776282832212965,0.0015616378924322117,0.002662891730397313,0.003212207726223456,0.001664099273293549,0.0028703471751877893,0.002005889604398506,0.003199356478944098,0.002827183966316051
161,0.002300071616756715,0.0038889789258822775,0.0015762575711545377,0.002061754902306203,0.0011964557380939663,0.002328122358748987,0.001621712919892659,0.002726023554434844,0.0032756503840911514,0.0016966405161320834,0.0029522735120946905,0.002072266821225933,0.0032664802651905136,0.00293643059687967
162,0.0023523063649665806,0.003977311341100487,0.001609914396359807,0.002128855317082143,0.0012314783087358898,0.0023899353704224385,0.001681978622658407,0.002794146553219602,0.0033506765150928164,0.001735054055307799,0.0030523728904872905,0.002142069250617365,0.003350229737355408,0.0030480655293598177
163,0.0024115129176652678,0.004077194189917227,0.0016536100772189494,0.0021972582847851556,0.0012728390312461363,0.0024598688174052455,0.0017512910792768968,0.0028685095349108777,0.0034328450650594,0.0017820089876752403,0.0031510139717361644,0.002218118128877628,0.003440835865077433,0.0031733781794416557
164,0.002476339991431371,0.0041833156867422915,0.0017054346349649923,0.0022672722800306344,0.0013236806723298114,0.0025362644934742813,0.001829842692857257,0.002947853515135174,0.003518018946013289,0.0018366359616111003,0.0032507437936208374,0.00230610575883511,0.003539142242048584,0.003313857445211266
165,0.002546337770732951,0.004292226040384601,0.0017629058801338358,0.0023432944832906116,0.0013837541369640597,0.002619341419089128,0.001916068223087773,0.003033946113378305,0.0036053531242194983,0.0018991964659661915,0.003361923090177251,0.0024100227758491162,0.003650623611168631,0.0034699780420595944
166,0.002623160181092166,0.004399171618345605,0.0018254097897520338,0.0024209561284443794,0.0014401080030479218,0.002706338193801806,0.002005815602903809,0.003130346557551561,0.003689184090210833,0.001969255599334377,0.003475710470986518,0.0025092170522459933,0.0037675908667079245,0.003633262664111584
167,0.002707881841019244,0.004526243057960242,0.0018982932192474255,0.0025083913360886344,0.0015017358776704594,0.0028031690800370615,0.002106027806788924,0.003235335180282511,0.0037902950755723036,0.002047625449531579,0.00360243166152822,0.002617177743353575,0.003895373649147603,0.0038147391944532306
168,0.0027997844179743344,0.0046770943801382175,0.0019776276696815897,0.002607698031577216,0.0015741717732067858,0.002909498367408593,0.002212269253760022,0.003349170162297713,0.003915686651881383,0.002129352961674176,0.0037474676590639276,0.002741742654808427,0.004037588349653277,0.00400833701830715
169,0.0029000391237728137,0.004841575443778728,0.002052712728438362,0.002717366880337234,0.0016594224436185826,0.0030220508497047567,0.00231238282759687,0.0034722173967427165,0.0040545970046206165,0.002202767281380073,0.003907508853662522,0.0028808911058658517,0.004192354064116617,0.0041900116247618946
170,0.00299733364909989,0.0050095783387820465,0.0021340098189927686,0.002825840597171652,0.0017389683110024907,0.003135671658512263,0.002415424342250249,0.0035920216405559567,0.00419556229134409,0.0022817898643447934,0.004066400068933351,0.0030109885490325777,0.00434703083453666,0.004375975194055755
171,0.003097910580685405,0.00517701934770501,0.002218475644306187,0.0029322232808534922,0.0018181323866666402,0.0032522687280642387,0.002521792657457062,0.0037154904151035315,0.004335613935769488,0.0023665695534017643,0.004222783897652633,0.00314131206773258,0.004505175235140017,0.004568124509787329
172,0.00320260531615162,0.005336026675602109,0.0023010292287764743,0.0030358698993396198,0.0019012128240083201,0.003370018512820218,0.0026285423779300095,0.0038448597031441817,0.0044701804400200055,0.0024536371098357215,0.004377378602393726,0.0032791399217496223,0.004668048604549264,0.004764006587040878
173,0.003308425071428516,0.005492667611314816,0.0023903808972323896,0.003147668873984841,0.0019846682185071683,0.003492371985523929,0.002742689102425962,0.003971280956003569,0.004594076607739525,0.0025437188799117645,0.0045386235683614815,0.0034145270643487985,0.004834081864850869,0.004968191923072338
174,0.0034085258094028502,0.005655267453825298,0.002486159620301128,0.00325458258126313,0.0020718339925057416,0.003613603533067812,0.0028568488972366213,0.004094832375315537,0.004726851158201121,0.0026429351248405124,0.004695126021226605,0.0035553040975471084,0.005000617634354156,0.005175081687630327
175,0.003507834982346606,0.005816653212746615,0.0025875560940411607,0.003355436049114371,0.002158417554499014,0.003731780609620426,0.0029710735052323966,0.0042184830161706,0.0048596102345880784,0.0027512995175808593,0.0048441347552354965,0.0036956559470979677,0.005162288178249176,0.005383057025837428
176,0.00361482272756038,0.005964199051233833,0.0026918647353501653,0.0034556278724099795,0.0022376188129249134,0.0038468848531701062,0.0030881689799696454,0.004349293688399347,0.004977833138191537,0.0028661808134683867,0.004993710474681606,0.0038284006249321126,0.005319031050397679,0.005597058771299958
177,0.0037112563001816144,0.006130540292451912,0.0027886282378748253,0.0035606181756993194,0.0023188698840602736,0.003962558810569531,0.0032035815857786045,0.00446632651859705,0.005113276030915829,0.0029666318607865657,0.005146195313463523,0.0039608975753420055,0.005473940295859395,0.005804615996464893
178,0.0038069136357103722,0.006302744878556978,0.002874232189864781,0.0036695463889691114,0.002402777666679934,0.004073872756764398,0.003306424824760273,0.004584558396946328,0.00526141269184651,0.0030499746982724655,0.005307621488621815,0.004096341959387661,0.005630072607860572,0.005992505725834947
179,0.0039126151474147405,0.006475151397546924,0.002956436292240363,0.0037829932674626936,0.0024902457098235275,0.004184931958134704,0.003401772544902146,0.004712409049445005,0.005409757562295905,0.0031256232592463736,0.005474620971644874,0.004233630238390989,0.005787709877035412,0.006164862779645307
180,0.004005699040931521,0.006613012014689105,0.003035107458690255,0.0038763872797552873,0.002565877520908667,0.004284075367572934,0.0034957296240164834,0.004827605715613169,0.0055241736140657655,0.0032070498714909775,0.005612343996876578,0.004353787057541426,0.005926294568034168,0.006336090347707172
181,0.004084658668410508,0.006733565238507514,0.0031126160276761915,0.0039557146526543905,0.0026270889618189076,0.00437209407583669,0.003585591283964526,0.004924911769445133,0.005621817849634445,0.003292053902695727,0.005729769569443006,0.004455162229435559,0.006045456233991645,0.006499376277165695
182,0.004156806068585514,0.0068476300089108395,0.0031873909995764668,0.0040276712124918766,0.0026844490909477456,0.00445791611873154,0.0036725238560346286,0.005011081897268492,0.005711083004595754,0.0033738525314744383,0.0058336360641826155,0.004549382616306254,0.006157724264579688,0.006654217150652656
183,0.004227758135056522,0.006959161301685842,0.003253693323383272,0.004096753066760564,0.0027476093860668836,0.004545793917662391,0.0037545681764297933,0.005097169813263695,0.005800942508608241,0.0034449240974859085,0.005933698709598595,0.004650069226688933,0.006276601245408978,0.006801977865592362
184,0.004292045097318778,0.00707575095470731,0.003309645656079671,0.004170306571483636,0.002809382553240535,0.004622396145108659,0.0038265962059193743,0.00517958051594142,0.00590443550521164,0.0035016265110379575,0.006044446407033539,0.004748103014579762,0.00638561455970511,0.006936135669922016
185,0.00435774999594068,0.007188820160959661,0.003364796077297606,0.004242550265305334,0.0028694643974598584,0.004692796333066973,0.0038919238785609617,0.005257235107054205,0.005999573462859692,0.0035544450900437067,0.006147143103468786,0.004838429501901684,0.006480636853903531,0.00705109122781073
186,0.004421831380776609,0.0072864561790840785,0.003418943973541743,0.0043063599243355465,0.002924202048134739,0.004758095302061803,0.00395258569878982,0.005333614822892116,0.006080849392368062,0.0036109773074184484,0.006239145006575557,0.004923039911480056,0.006570185451086781,0.007159659560256413
187,0.004472694897589912,0.007360463812408935,0.003464070030956433,0.004357739894964554,0.0029687530281817757,0.004817530172459872,0.004011490065675025,0.005398646012352785,0.006141629112557777,0.0036626704170564534,0.006315580121701935,0.0049945943981886875,0.006652111802853938,0.007268411633510707
188,0.004515323961067077,0.007427348554311777,0.0035055382884205274,0.004405793025970382,0.003008347004438504,0.00486800530551837,0.004065689245672535,0.005453061782469276,0.00619782495065182,0.0037108151021537916,0.006388021838715414,0.005057712009223322,0.006720195981042871,0.007368803759328889
189,0.004558123437236987,0.007497068039305124,0.003547623529838849,0.00445361212665828,0.0030483577014750905,0.004917264713109452,0.004120192172920442,0.005502858846546157,0.006251897155036458,0.003756762372582374,0.0064544673969702945,0.005118161865526392,0.006781372814223535,0.007463532328122775
190,0.0045949593628577395,0.007555263638498026,0.0035824578531940313,0.004491089628907429,0.0030833813604866527,0.004958949428819852,0.004167739403301249,0.005551894952673428,0.0063029733070093415,0.0037995275678774005,0.006511878052083578,0.005177389120733874,0.006840939739244229,0.00755371576620603
191,0.004634351039658519,0.007622130928127469,0.003613827147410836,0.004533637349080641,0.00311674193400811,0.005003018037889931,0.00421548066647671,0.0056002001881959584,0.006359890234596683,0.0038357223559822504,0.006573599913678406,0.005229710749574938,0.006898301982961425,0.007640069422503411
192,0.0046757835623599175,0.00768947043578674,0.0036437194871215073,0.004578339203455678,0.003151955256911915,0.005047494201756317,0.004256724432999967,0.005654567738114076,0.006422858809321756,0.0038684331280243902,0.006642798014825382,0.005287762338601472,0.006962750161271163,0.007719355040202836
193,0.004712939106516605,0.007751395423731367,0.0036719391349406823,0.004622143714250243,0.003188820536566255,0.0050881206659588495,0.004292291862819871,0.005698714050235736,0.006475238170059584,0.003894632203091819,0.0067042509076987045,0.005341760380186672,0.007016189728585351,0.007780754248807054
194,0.0047382693016270565,0.007804819144181795,0.0036970402936598035,0.004662223334282324,0.0032243374695548,0.0051206983905584605,0.004328230167901053,0.005729934791662984,0.0065197947274023066,0.003924162000348746,0.0067612975085396205,0.0053916874286474405,0.007056859957199445,0.007844132989175873
195,0.004770071144207223,0.007856445831871579,0.0037221680295704404,0.0046974473898509905,0.0032550410500806906,0.005155755818972288,0.004368096059737746,0.005770453636180216,0.006563193855266428,0.003954922685885911,0.006812686727389024,0.005440811110844221,0.0071035192102105495,0.007917177606152789
196,0.004800806284520308,0.007905259569197583,0.003747712517789106,0.004731375308243998,0.0032804965358434737,0.005189413158357766,0.004406957438083148,0.005805238698902599,0.006599744063962895,0.0039829349587304375,0.006857720284885792,0.0054798227727122385,0.0071440037991924565,0.007983054806081151
197,0.004829006624109525,0.007956060679199711,0.003775018477998853,0.004768566235041739,0.0033057008594098635,0.005222565253794203,0.004444814202200582,0.005846333449828712,0.006649925535889558,0.0040189713473513695,0.006919559996194852,0.005526260395074899,0.0071960272034885895,0.008060545524461655
198,0.004855339643925996,0.007999243267671829,0.0037945284599038855,0.0047968202590656555,0.0033343071403507734,0.005251337361221796,0.004478659817715863,0.0058788452008871886,0.006686018667348712,0.004040906390643708,0.00696012531838985,0.0055689122384530625,0.007233272067724185,0.008121742295361905
199,0.004888166229459574,0.008048152515827325,0.0038151178432529603,0.00483178373137235,0.0033650080300272004,0.005283120802730282,0.004511112865335821,0.005918027949826483,0.006727002930821179,0.004062102941737122,0.007009689629710111,0.005614539502020618,0.0072753937010480805,0.008179212248904768
200,0.004916759604845918,0.008091079074708041,0.0038340442196416677,0.004864333106007668,0.0033904149293278877,0.005310983063154469,0.004539512309239909,0.005949777037717625,0.006760520295711368,0.004080937742551473,0.007053009806724701,0.005650237104182346,0.0073091490281224055,0.008225653823929773
201,0.00493360405528692,0.008122484153577926,0.003850200734981123,0.004886608673847379,0.0034081864728454916,0.005332197632219158,0.004566154226545829,0.005968583647718822,0.006783892049017273,0.004100228514874894,0.007081679032356419,0.005674473499797711,0.007331858936043423,0.008269066615580533
202,0.0049449859997064746,0.008145670378742063,0.003858644378732234,0.004906968419439673,0.0034244217765876557,0.005346273241942649,0.004585069634532713,0.005984887302373642,0.0068042345396102,0.004110565622054694,0.007111867697658354,0.0056989092718161116,0.007351174653006338,0.008304567978235408
203,0.004956202716098531,0.00816544511974803,0.003859057899450807,0.004921813960637941,0.0034362832149116996,0.005354693634093949,0.0045952871267422825,0.006007089051991117,0.006831633992360993,0.004117314422579047,0.007141656978417021,0.00572342488238896,0.007370533726420208,0.008333730783269894
204,0.004963623903354546,0.008178552093559865,0.0038515329895420715,0.0049296934580315135,0.0034423608921418645,0.005356687702688364,0.004596733097564684,0.006013346459566361,0.006842764496591327,0.004110023742283605,0.007148192759442849,0.005728966704936788,0.007366576952560714,0.008331595204975464
205,0.00495362810269916,0.008173433436568728,0.0038367800050230698,0.0049340735013442445,0.0034445687981731455,0.005349593225410681,0.004590803617740387,0.005999290392761157,0.006835090636141304,0.0040945125308593745,0.007149705907864694,0.005726386440835301,0.007350384010229778,0.008315589433890488
206,0.004936832617036024,0.008146759556500311,0.0038239625476890844,0.004922470757427324,0.003435890895306773,0.005331677285253672,0.0045781836955343614,0.005981482458331646,0.006813582119624589,0.004086107451385991,0.007133870453073931,0.00571420375259932,0.007323956474907579,0.008294336280116233
207,0.0049193365249778085,0.008111292611180008,0.00380783372159214,0.0049028395578833706,0.0034230971507778502,0.005309030431369785,0.004560959065813653,0.0059656370324693,0.0067880168424475145,0.0040787096004257384,0.007109431484210086,0.005698545551414247,0.0072931602815927135,0.008269210578651744
208,0.004896338598789437,0.008069120845757265,0.003776661632727391,0.004880008965329364,0.0034092595519660753,0.005280049394284341,0.004534737387498616,0.005940583987253036,0.00675437569976393,0.004054979142916521,0.007075973546061801,0.005674954716625956,0.007249296137762467,0.008223973144761794
209,0.00486016707494152,0.00801746479992873,0.00373742111471039,0.004857153750775034,0.0033911824444912914,0.005241199885532069,0.004501039274302685,0.005892135074110325,0.006704603792303942,0.004013830024961002,0.00703266917070761,0.005637009304073239,0.007183704361587161,0.008153555890277634
210,0.004824474763866457,0.007965978306420493,0.003695653413484383,0.004832580874660165,0.0033723248575695257,0.005201070541559228,0.004462268037780395,0.00585295186908017,0.006666606612947893,0.0039742566014807695,0.006998018863331554,0.0056066723906343175,0.007127617034629043,0.008086119541146566
211,0.0047878980680565305,0.007909680770403604,0.0036509934974080453,0.004801293594825585,0.0033512566002606246,0.005157559234678732,0.004418521359915568,0.00581047628928251,0.0066234692342549495,0.003930682901469967,0.00695185152266727,0.005571297215885133,0.007064698491976345,0.00800739616534753
212,0.0047424195430437735,0.00784138805449105,0.0036023823373610635,0.00476204856463027,0.0033265465783011566,0.005106189172620555,0.004372871796234149,0.005754329122195361,0.006566531773046951,0.0038835134680622416,0.00689022848772529,0.005527332297047908,0.0069877934294401275,0.007921794853274667
213,0.004693455970489918,0.007769470542779393,0.003549532369681286,0.004723513806079088,0.0033003112431125047,0.0050556021153526035,0.004324999742100315,0.005691635446516281,0.006503305438855864,0.003829883048888637,0.006826679472282557,0.0054769503615368625,0.006908346047138296,0.007828452102298428
214,0.004640896944793383,0.007689046438569979,0.0034922073749630556,0.004679705763816792,0.003266900597327468,0.0049958343674216385,0.004270989907069766,0.005633187263503531,0.006442712243597052,0.003778316183244512,0.006765950372703368,0.005424366285260443,0.006825941690395077,0.007735573085244014
215,0.004584980888350932,0.007600855742927022,0.0034324746722863802,0.004629158240190189,0.003226549421285869,0.004924796223164579,0.004211251590359056,0.005572882662357541,0.006378318649443155,0.003727233531055425,0.006697954796460805,0.005364661067632933,0.00673045452121771,0.00763523430600188
216,0.004517822874944451,0.007509020390152844,0.00336968343458037,0.004578768284553884,0.003191242641067654,0.004857492795363053,0.004149389609939634,0.005494140755304544,0.006304559825009728,0.003667400081780314,0.006622030410943993,0.005303365196151047,0.006635486152149833,0.007523334067366237
217,0.004453953429709046,0.00741207572966155,0.0033028320764829015,0.004524407583467231,0.0031499109299334012,0.004786285796224354,0.004083019512553501,0.005414522238226163,0.006221536248870407,0.00360065596671342,0.006535668714672641,0.005230155460580184,0.006528741290074497,0.007397561958938964
218,0.004389201410486169,0.007303602784178322,0.0032333590657297917,0.004462242661851365,0.003100881228837996,0.004709062348773178,0.004012989667583305,0.005336919880623434,0.006132363730696648,0.003535634039936271,0.006443144572364282,0.005150263882393113,0.006417100709642826,0.007270629705922375
219,0.0043158909946795845,0.00718441093756112,0.003166872662793624,0.004394306696585284,0.003050371428677719,0.004630973218622242,0.0039456311867468105,0.0052452561447600115,0.006028212573661907,0.0034745861608589633,0.006337511964445571,0.005064014769651097,0.006300174342836261,0.007143780146522965
220,0.004236988259915338,0.00705874859496124,0.0030980226393292894,0.004320728667128511,0.002993178463293592,0.004544905083459308,0.0038758386265482325,0.005152455412060619,0.005922436883425431,0.003415028357894675,0.006228522274060434,0.004973318654812148,0.0061766841129697455,0.007018139165430365
221,0.004161346885499422,0.006934947233381882,0.0030273058855973577,0.004251020219283968,0.0029405146378292356,0.004460850939028237,0.0038035536243087873,0.005063972865639153,0.005819516515239687,0.0033502320532748913,0.006126299245840708,0.004889189646305889,0.006057183131458018,0.0068889995602427374
222,0.004092524681154843,0.00681892958829869,0.002955884274926254,0.004188491385408984,0.002895937769691325,0.0043837958463377935,0.003729540701017472,0.004977725036030531,0.005719519655611863,0.003276696911194007,0.006029511373030469,0.004810584844055723,0.0059431536703425224,0.0067504489843794755
223,0.004026302856774395,0.0067148790619207055,0.002886638097724559,0.0041268498116703725,0.002849539327949911,0.004309425480921721,0.0036560201242403887,0.00489909903350418,0.0056381966482461805,0.003208994772596198,0.0059408625956690235,0.004733610655430488,0.005841132240864904,0.006619496236106063
224,0.003959246949524406,0.006616388085336348,0.00282434094743432,0.004068688773289254,0.0028009010245745388,0.004238262773611806,0.0035871308941169233,0.0048165912539097485,0.005554723315450171,0.0031480868789255153,0.005851919056996776,0.004652764039034981,0.005737242654039098,0.0064908927147364105
225,0.0038950475929176447,0.006523462986186423,0.002763684515784188,0.004015073642541739,0.002755854118478417,0.004169183088728314,0.0035215251785521364,0.004743203752467861,0.005482741264588138,0.0030908067371248145,0.0057762978380027285,0.004582997067927684,0.00564306906257183,0.006376317628253155
226,0.0038395941265780844,0.006439643358124963,0.002700096384075635,0.003967341494036084,0.0027208436941351935,0.004102500334753654,0.0034575970589125647,0.0046778330251823355,0.005420868553070993,0.0030240373043379063,0.0057085571508744765,0.004523554479324819,0.005553682382651449,0.00626466836540261
227,0.0037865389314498277,0.006357967792751974,0.002643914621229982,0.003919860723378525,0.002684997748299427,0.004036581521084698,0.003393409657238636,0.004611856064580011,0.005354857322231905,0.0029638330043174252,0.005637447161972355,0.0044596094164710935,0.005462372614360707,0.006146411023480965
228,0.00373492499442924,0.006284474316413657,0.002590446870779268,0.0038740784069345633,0.0026515338181857624,0.003974714213665888,0.0033333982424589444,0.004552618972128563,0.005300716594987584,0.0029105686652696598,0.005573983115541245,0.004405542236799623,0.005379918145971176,0.0060415077811455265
229,0.0036863189348742844,0.006216306907765896,0.002539989065724277,0.003830941318096729,0.0026214070564059538,0.003919942325053047,0.0032793162895860283,0.004490294999227098,0.005242228439074988,0.0028567458447138526,0.0055051670055445735,0.004351708693137561,0.005297336419986402,0.005938488015065673
230,0.003643175674963131,0.006139373200365916,0.00249753186809144,0.0037890886828500325,0.0025917395069874906,0.003872910168633761,0.0032286627848266904,0.004438359874918503,0.005178076436281054,0.0028141275941596412,0.005443327859016322,0.004303030695327221,0.005233089143961677,0.0058477356207927884
231,0.0036051117207861983,0.006064398507025824,0.002459900315950388,0.003749765377993998,0.002564530084041107,0.003824169167562055,0.003180047497955905,0.004387670265925212,0.0051085262931735605,0.0027772968362219474,0.00537976950713614,0.004253965966475999,0.005158851339572897,0.005754186783401518
232,0.0035646956769515886,0.005992109128075129,0.0024240377842519195,0.0037107651186044925,0.0025359246392405036,0.0037751337534205317,0.003134558626843019,0.004337492526687334,0.005045492194126758,0.0027447612963715203,0.005321140577663407,0.004206062063389021,0.005087990147299107,0.005670541695322876
233,0.0035224531936801913,0.005929346617311331,0.0023899950295122705,0.003675410893448635,0.002506638524378862,0.0037321825815224232,0.0030956639271144276,0.004286899970536118,0.004993879717660505,0.0027126409595242366,0.005269797331759289,0.004158867403646947,0.005028849363381405,0.005600921491218728
234,0.003488984400998599,0.005878296346311856,0.0023552672272387533,0.0036472378560561485,0.0024809405521278674,0.003689896365326552,0.0030569118908834675,0.00424800122538608,0.004953620759295336,0.002680157459479836,0.0052294567559578444,0.004118687927811398,0.004969930440307699,0.0055323272590837
235,0.003455876398542396,0.005831471810559442,0.0023223599027208967,0.003621046807205055,0.0024618828044470084,0.003651639755283201,0.0030197024737586746,0.00421137528755011,0.004920840725664842,0.0026486619099239544,0.005194780725111086,0.004087775693449513,0.004920980263261517,0.005469284920832809
236,0.0034237191661714156,0.005792294159850244,0.0022919975240666213,0.003596948471911443,0.0024471624289863453,0.003619919407599258,0.002985825945298556,0.004170087738971659,0.004888731366879732,0.0026146939727996663,0.005156274116339396,0.004056794325166054,0.00487578908194977,0.0054047416392412105
237,0.0033920934348261535,0.005757628699827028,0.002260061280173287,0.0035706379826524384,0.0024262029344101384,0.0035889759828627936,0.0029521593072759887,0.004133138034992926,0.004863411719341543,0.0025818931157440615,0.005118419726895942,0.004022645349246735,0.004833809505934975,0.005344257059542748
238,0.003369352123146273,0.0057166528982322,0.0022407503459792944,0.0035391398376522164,0.0024056223327428264,0.0035614889720791,0.002934461694412776,0.004139305527414665,0.0048672239488364265,0.002586249459178914,0.005111804364833766,0.0040206411385149505,0.004830762043480584,0.005353717517015947
239,0.003347577155613046,0.005676529381758145,0.0022213096881934335,0.0035130409763482855,0.0023869068635833423,0.003539229743108715,0.0029198126179290555,0.004080441478837266,0.0047933265282732685,0.0025507537317167013,0.005031855036288005,0.003957258840413128,0.004758464503050109,0.005283840559282284
240,0.003323709603341139,0.0056432250430468,0.0021936904128612277,0.0034990236940091977,0.0023724000821403086,0.0035214903143015145,0.0028980641170635543,0.004052826247124156,0.004766935572911425,0.002526342812941719,0.005012913451955047,0.003933156793134557,0.004735441930015163,0.00524635772024488
241,0.003308722209565424,0.005609255543728475,0.002166176008506726,0.0034884998270053266,0.002367363248668666,0.0034996761842010855,0.002871853041369752,0.004029794469729509,0.004735007759036287,0.0024927027996794566,0.004992421095411478,0.003915897336433047,0.004700844120402345,0.005193116850910847
242,0.0032895148662316557,0.005574795754567366,0.0021486095484361265,0.0034732287517550563,0.002353246923703985,0.00347820869733348,0.0028526292556916625,0.004009389981316446,0.00470812469466262,0.002477532777835338,0.004972262918251304,0.0038958635286370545,0.004673055938256315,0.005160881133887192
243,0.003270809494603533,0.0055442366346035105,0.002138803984365183,0.003456279127240594,0.002336970009457186,0.003460806532552833,0.0028419003288913613,0.003986884272265153,0.004678827559834291,0.002473134631474283,0.004945852388053138,0.0038722437242287903,0.004646265513383285,0.005140449330403603
244,0.0032564620544907243,0.005513689326367512,0.0021269866200574077,0.003438729533310576,0.00232864653904992,0.003443717745668258,0.002831004231419056,0.003973810094942628,0.004655812626892894,0.002470290456012399,0.004926571951227461,0.0038632217172495566,0.0046266402929664024,0.005127401999223662
245,0.00324885401595539,0.005495051874244968,0.0021212027120254056,0.003427173073783333,0.002325055825848382,0.0034268055659017666,0.0028170162968657194,0.003963090280172901,0.004640044652959762,0.002465143722108915,0.0049085506087060415,0.003855018216128447,0.004602295736846743,0.005101895751000645
246,0.003235417114065323,0.005478809665823245,0.0021111793222925537,0.003417659320478224,0.002322119983423232,0.003412087696119025,0.002802819727346654,0.003946128734285837,0.004625386438647541,0.002452363109718604,0.004892649194914374,0.0038465318185276934,0.004581099583302613,0.005074721359369454
247,0.00321481523443892,0.005459350452227922,0.002094496151370239,0.0034070096951038073,0.0023164184154292862,0.0033988410793431728,0.0027891297979858627,0.003920744185450784,0.004606068204510863,0.0024321917641433603,0.004874337689483629,0.0038337461760213037,0.0045608292490885655,0.005047082769707222
248,0.0032036211540105576,0.005442086284692542,0.0020817934499761464,0.0033966734043375606,0.0023074716559863574,0.003385042570914798,0.0027751087812937477,0.003929345782835748,0.004620466278088502,0.0024343295730326936,0.004887164210549981,0.003843635744980916,0.004566890332319904,0.005051493445315493
249,0.003191896580239121,0.005431483114177882,0.0020684532538296986,0.0033918128256839493,0.00230200427060056,0.003371220763951025,0.0027607206713402945,0.0038914028818571836,0.004585441614172507,0.0024047849308319233,0.004850747936739337,0.0038113085069702447,0.004521410104682475,0.004995609317163881
250,0.0031757624857340376,0.005413334720004787,0.0020557152123960015,0.003383428067268132,0.0022962816659374457,0.0033560300791716847,0.0027458638351197584,0.0038745126593701983,0.004572573844612352,0.002391447113753531,0.004841414184540411,0.0038020959633001546,0.0045047300031760985,0.004971802868996306
251,0.003158532638361481,0.005382107996636885,0.002045682546422283,0.003367309653268503,0.0022879074736995393,0.0033412363922305658,0.002732260973364343,0.003855762373440148,0.004546185807055204,0.002383636712922982,0.004819827649635852,0.0037889924760664824,0.004485975227068417,0.004949125418942525
252,0.0031465663014598882,0.00535262394972811,0.0020285848402845047,0.0033537737154707196,0.002279859835228836,0.003321976896187551,0.0027113516204960047,0.003841975524278358,0.0045231800406225564,0.00236930120860847,0.004801510267781532,0.003776355342509509,0.004460293192641274,0.0049131502438447446
253,0.003130862575663525,0.005324821948948869,0.002008046175258583,0.0033402940101783804,0.0022692163163805204,0.003299115077893691,0.0026900321186396695,0.003819629161913292,0.004496805691825652,0.002346780388992339,0.004778060632604918,0.0037553686041354676,0.004424383002864977,0.004870588694806922
254,0.003109414298180826,0.005294108992241316,0.001984191986240645,0.0033235864759532073,0.002254843957677359,0.003273359714960766,0.002668762216414386,0.0037935804915205365,0.004470644557844196,0.002321656034685195,0.004753217353619487,0.00373090605203998,0.004387696605980672,0.004831247223011611
255,0.0030878069600279883,0.0052565901958263606,0.0019559914299860054,0.0033024312673585205,0.002238572884612937,0.0032473890305477226,0.002644373571325647,0.003768848161165697,0.004440231182104882,0.0022965946055476636,0.004723242046862762,0.003704840279503451,0.004352893121538704,0.004788308362145997
256,0.003061039783454463,0.0052149331698848325,0.001935784865785299,0.0032777474764896807,0.0022192445040108404,0.003220657805689479,0.0026166382212490886,0.0037359029163571856,0.004405830773934734,0.0022754192264701103,0.004687889217354301,0.0036733424402977635,0.004316762666493218,0.004738382793773709
257,0.00303167974621612,0.005169279290225162,0.0019146265504302524,0.0032498901884195513,0.002196031300679224,0.003189080380304693,0.0025844427843119094,0.0036985805819136496,0.004367016208315654,0.0022521284870917688,0.004645836608800725,0.0036347886010329065,0.00427227897704048,0.004678634775841559
258,0.0030038525800412425,0.005123107933134542,0.001886692662608681,0.0032215586323552205,0.0021713242489925207,0.003153838736767811,0.002550458255121218,0.0036653800788950274,0.004329433003198579,0.002225784620811083,0.004603822547604302,0.0035954272857422137,0.004223531087105734,0.004617234748625703
259,0.0029706243368811222,0.0050704164100635,0.0018558663855903366,0.0031895168739993498,0.0021475236850760217,0.0031193554584048526,0.0025178656320663127,0.003633478858846067,0.004294647642556269,0.002202162265296997,0.004568483311119627,0.00356431060883655,0.004185191363258451,0.0045690096114171415
260,0.0029402745887795166,0.0050207911644905324,0.0018271045520069527,0.0031586384183406703,0.0021237858315489486,0.0030862480485178067,0.002483949209340622,0.003619335817057243,0.004281404159908831,0.0021854642538652884,0.004552557275554698,0.0035478232508697007,0.004166336998534972,0.0045367196321617
261,0.002911132455563842,0.004969686712567172,0.001801195782838199,0.003127940969022819,0.0020986783342648776,0.0030504020417863164,0.0024473697132653335,0.0035767134540290765,0.00423209896230297,0.0021523617453714093,0.004498749829164563,0.0034997910061177616,0.004109482392505351,0.004461907025462391
262,0.002880298831633989,0.004913978068883849,0.0017782281459885697,0.003097708056284054,0.002073365102290249,0.0030107220261694012,0.002410874544380786,0.0035212616861008987,0.004163658526736574,0.0021204004564550506,0.004432219686474545,0.0034399451433962257,0.004033617117064276,0.004373314129952293
263,0.0028424086665118586,0.004863197837573693,0.0017509026333942831,0.0030676811606210083,0.002049719632419245,0.0029752274634596465,0.0023753463090066826,0.003468269346116948,0.0041138626977525565,0.0020892739318246287,0.004379874796506172,0.0033935113579846763,0.003976969857504765,0.0043007832500017214
264,0.00280868960035148,0.0048128834519663944,0.001718826270194781,0.0030361294978831087,0.002025309729273574,0.0029402223101585552,0.0023403303760009017,0.003425531210878728,0.0040708812564819235,0.0020552090271111,0.004332587639729027,0.003352019286833797,0.00392697726730812,0.0042361595096990995
265,0.00278251341713834,0.004759730824708899,0.001686449192416731,0.003004071258756247,0.0019999291010404526,0.0029036790406449116,0.0023055109925603466,0.0033932457395428324,0.004026107193231854,0.0020216848906775583,0.004286682216728047,0.0033110417791173104,0.0038762717547985064,0.00417355894053459
266,0.002753267617766589,0.004706145339700493,0.0016652617472905822,0.002978719393470104,0.001978814665869277,0.002869490628593677,0.002271957422165969,0.0033599176323182746,0.003982586000700248,0.0020036472366775707,0.004252461058975373,0.0032775616302265116,0.0038331231654891306,0.00411555408423038
267,0.0027272837249390875,0.004664866353516996,0.0016442579697275917,0.0029552078542412936,0.0019583909779167445,0.0028392853162701247,0.002242134041049196,0.003327612035810898,0.003948915577805268,0.0019820316023275793,0.004217907040235659,0.003243626840581721,0.0037934065345486168,0.004061364448956861
268,0.002701742347532775,0.004630836190556055,0.0016227598779343035,0.0029313083516471217,0.0019387265271388304,0.002811997186157816,0.0022138384277848376,0.0032938551303159213,0.003919805610743326,0.00195717498593669,0.004180396245025876,0.003209116964268964,0.003754363283359107,0.004007528333557642
269,0.0026763312608425903,0.004598184091286704,0.0016046752442565202,0.0029093912132322464,0.0019228493767800448,0.002788173490224413,0.002187159484156088,0.0032836798156682806,0.003917386636867822,0.0019502519615182735,0.004174731010536479,0.003201822865008052,0.003743993167046947,0.00398419326745288
270,0.0026590548857549135,0.004560341270082838,0.0015884485182392865,0.0028915389460746383,0.0019105424116304137,0.0027653019333667545,0.0021680398122073115,0.0032655737065701747,0.003889883175145132,0.0019343492840332827,0.004153805020854117,0.003182449679413983,0.003717384063816009,0.003953831305843676
271,0.0026450345707606745,0.0045310319503638575,0.0015732891948005774,0.0028769476749937713,0.0018990013028928716,0.0027447939968013434,0.002150180571797784,0.0032246338622709957,0.0038369403876918344,0.0019060155936899013,0.004102812887065138,0.0031394766876866953,0.003663268871245488,0.0038929157755987287
272,0.002628863672976265,0.004510444841630596,0.00155902453429649,0.002862870216861512,0.0018879685795093334,0.0027262406759937722,0.0021324772189285487,0.0032050547714166243,0.0038191318896762124,0.0018944053619041493,0.004081630998574421,0.0031210921697761443,0.003637423290579619,0.0038601836290043535
273,0.002611123193676265,0.004493883918286501,0.001549360081547274,0.002851048472831268,0.0018836973045233182,0.0027131546332599126,0.002123857785872841,0.003185140815802246,0.0038071521489432287,0.0018864949086642704,0.004065065930467734,0.003112395934237671,0.0036195683477429482,0.0038448800423139763
274,0.0025997997223896284,0.004473441625881977,0.0015415130804912651,0.002842953853309033,0.001875440260304633,0.0027024275960518085,0.0021128470155034177,0.0031704411013217648,0.0037882606113686856,0.0018772423005462902,0.0040519249110444995,0.003097800255374917,0.0036025399416396613,0.0038232803166553778
275,0.002594210312142049,0.0044545064136084795,0.0015312643601426445,0.0028384616298763724,0.001869311183755051,0.0026932128866666827,0.002101044191534313,0.003160635429987763,0.003768270166538697,0.0018641532322240014,0.004041918826328109,0.0030848004805463522,0.0035867471151154805,0.00379870839029171
276,0.0025921252322723227,0.004445778953764583,0.0015201479527310105,0.0028386428143745614,0.0018715431115518249,0.0026871993349249115,0.0020946391983458833,0.003163589094842221,0.003767429578171496,0.001856923063137291,0.004048891906231897,0.0030909006939995234,0.003585596642307772,0.003793896996004084
277,0.002581785307347275,0.004435847077265106,0.001521883053287569,0.0028373463777524458,0.0018685589083214803,0.0026797270650072455,0.0020957195155757676,0.003149798240813692,0.0037561171754703477,0.001861576875212637,0.004044374703080606,0.003082214858539555,0.0035700126137297983,0.0037921182706399962
278,0.0025787939999060826,0.004426903262107798,0.0015193068922538903,0.002835431332154355,0.0018657827221100333,0.0026790717473828157,0.0020950592345417127,0.0031561586009870054,0.0037589931124156874,0.0018672352254886857,0.004053382597168942,0.0030869997047087852,0.0035788632127060397,0.0038016455311510947
279,0.002578003176131369,0.0044193594059517135,0.0015119085355618826,0.0028322695908375613,0.0018653857259219079,0.0026801257093747983,0.0020910909403625087,0.003154094977363166,0.0037504896412344046,0.0018597671393120892,0.004046688724071303,0.0030852383326378215,0.003579824122642771,0.0037930026765473977
280,0.002565471891243138,0.004414880619003544,0.0015098066938368168,0.002828430107039211,0.0018678872297903345,0.0026723560720574575,0.002088242460746735,0.003139210663897436,0.0037470916396511685,0.001858895999104865,0.0040411701656995,0.0030867028851957684,0.003568265233181217,0.003787683333636535
281,0.0025649560227019204,0.0044111808264231086,0.0015076146163282341,0.0028282256646039866,0.001866790519783682,0.002666189578536977,0.002085551293147592,0.0031366861889213418,0.0037414453865664095,0.0018567371634502458,0.0040375256648615765,0.0030823231406833466,0.0035556084520684,0.0037802347423511653
282,0.0025625662277153423,0.004405173787616622,0.0015032077799802476,0.002826018801235975,0.001864459590312249,0.0026596785498954815,0.0020801391451664283,0.0031490325134396957,0.003753542427665471,0.0018615177762477144,0.004052810241433481,0.0030933365615126093,0.0035627598588913087,0.0037883413307744484
283,0.0025491935740390046,0.0043931269251885775,0.0014956926672391626,0.0028174358207066997,0.0018620868953545784,0.002649712569786829,0.0020698464456038184,0.0031179731981266366,0.0037247177800254693,0.0018441249721654746,0.0040206039376926885,0.0030733022172166574,0.003533078717667473,0.0037513663274993574
284,0.002536837453791852,0.004375664676291022,0.0014879447079243389,0.002806252416452179,0.0018589663679834951,0.0026376403942736473,0.002056486638711087,0.0031067071980109087,0.0037166569441342,0.001837990172383581,0.004010119253590451,0.0030676220076838734,0.0035234172594949768,0.0037323775021943506
285,0.0025218975555981052,0.004350657790852165,0.0014749759988316037,0.0027908719374287717,0.0018488913049388702,0.0026177650746595487,0.00204200013944383,0.003097811021323071,0.003708304045300449,0.0018294088643688773,0.004000911211632323,0.0030601313959212704,0.003508551103025153,0.003718700317427634
286,0.002502282000124276,0.00431876035386387,0.0014599241828916242,0.0027701422962883165,0.0018326923715372792,0.002593285868671753,0.002023109239353417,0.00305456960946308,0.0036588590534461706,0.0018025376687786723,0.0039470182227857465,0.003016248448562018,0.0034539363483269496,0.0036626093116751343
287,0.002479586471699541,0.004287107119882463,0.0014489289771626975,0.0027466966353159867,0.001816074911925691,0.00257172306247373,0.0019984135565469198,0.003026190377756936,0.003632072790077151,0.0017923184049186403,0.003913246902135028,0.0029873976364134403,0.003424281887197008,0.003617584965834686
288,0.002454581930738475,0.004258329370830901,0.0014355494171697676,0.0027215539168249842,0.00179989269959322,0.002544602714676881,0.001972321030749968,0.0029964885972100083,0.003612385105634255,0.0017748607559303737,0.003877359282381905,0.002960646566431489,0.0033907934629534738,0.0035715563702040914
289,0.002425723410051871,0.004221558386634528,0.001418139492813172,0.0026941387354114284,0.0017806205704349073,0.0025114153856141833,0.0019414977047040576,0.0029598659662896255,0.003583048239744164,0.0017526194173163605,0.003836478907258358,0.0029268740095258817,0.00334783356151582,0.003515199622755293
290,0.0023942215596919796,0.004174717669042118,0.0013982894579093585,0.0026629305223601447,0.0017577247972770974,0.0024743152549713573,0.001907773876551646,0.002930722802031968,0.0035569097607042223,0.0017375412501151207,0.0038059752292372677,0.0028986947623563853,0.0033120132675155864,0.003467347313238555
291,0.0023624159478139537,0.004123520968542967,0.0013800733086753363,0.002623586193862288,0.0017331406433839453,0.0024363482709358003,0.00187808288507227,0.002875314016272662,0.003495830881117278,0.0017091809045114786,0.0037301703501529137,0.002844175422915172,0.0032450505704363767,0.003396192524448603
292,0.0023287186520131223,0.004075621491170265,0.0013620704402936233,0.0025866488042258543,0.001707517125741062,0.0024005691092423617,0.0018444313517432585,0.0028591900972685593,0.00348750086657266,0.0017024974455856182,0.0037100511545367473,0.002826935087909766,0.00322583092229964,0.003365125281368194
293,0.002295176979197526,0.004025122110601632,0.0013449462800966198,0.0025500424948373054,0.001682429962379169,0.002364969236189249,0.0018075462254727012,0.0028127797870478996,0.003439910506433886,0.0016785409220402229,0.003651424619031534,0.002779686697595525,0.003174321148773013,0.003292600960081405
294,0.002264497713514301,0.003969280880966061,0.0013280829730498022,0.0025133832705836316,0.001659011806829249,0.002328125430580526,0.0017710733197587832,0.002780820421142612,0.00340184283698976,0.0016644709856991418,0.003608940368467219,0.0027470439926857606,0.003137459926299142,0.003235637298810049
295,0.002231515178058099,0.003918118420003262,0.0012998093772934993,0.0024876364612235733,0.0016314009784494164,0.0022887575803597518,0.00173598418476374,0.0027124257147741015,0.003326182260291539,0.0016174421591994045,0.003535006547041189,0.002673657876697615,0.0030543770423321535,0.0031401850224906224
296,0.0022013939410107817,0.0038681274079982557,0.0012778796149023005,0.0024588637524858084,0.0016059628062743546,0.0022574018168580803,0.0017065914228409664,0.002677727702771802,0.0032869955962360545,0.0015936127653020469,0.003496494631004676,0.002633431217581371,0.003014498191256323,0.0030894255259756804
297,0.002175157594994907,0.003819851863156895,0.0012630877942249534,0.002422831975593479,0.001584543277269847,0.0022304142538371262,0.001680034403509071,0.0026461619212733074,0.003246925911586729,0.0015761561792909167,0.0034468888953447948,0.0025976526240076,0.002979751555356073,0.0030424258854726827
298,0.0021532075765043506,0.0037813423144796316,0.0012463010634875817,0.002387217522946534,0.0015674786865867941,0.002198195351897541,0.0016511490944327205,0.0026210237633269022,0.003218633653790096,0.0015600045209312342,0.0033993979178847684,0.00256900799507882,0.002942224492367158,0.0029939503478152553
299,0.0021256897471694193,0.003742466546659937,0.0012268503774722755,0.0023618670466343953,0.0015483361891567488,0.002169451571046295,0.0016231230638271404,0.0026059995821460192,0.0032091594591288474,0.0015497021314291371,0.003387788046122237,0.0025557546037734188,0.00292731689745944,0.002964799357730544
300,0.002101657167347438,0.003706239770363105,0.0012089296519168244,0.0023404532649530323,0.0015308983009174424,0.0021480612501343344,0.0015984408226324509,0.0025521994338990974,0.0031500612714718437,0.001517105019188097,0.003326907646396513,0.0025048987024421437,0.0028746214845659654,0.002893720382553884
301,0.0020877578716254537,0.003676826542362363,0.001195293706294599,0.002320439609474658,0.0015187990080904638,0.002132417267503223,0.001577692102774922,0.002529311447407138,0.0031213551854411977,0.0015016280782933606,0.003293261047875177,0.0024806668914344695,0.0028509549342692906,0.0028522679905799296
302,0.002077259935993481,0.0036518444192412216,0.001181550423432821,0.0023107611611675747,0.0015101357217154683,0.002108289625953691,0.0015552999776159016,0.002521352480316389,0.003105029763871799,0.0014845514712889404,0.003284766897741124,0.0024678480414719833,0.002821941706004479,0.0028157283428552095
303,0.0020649831050019744,0.0036288795608563455,0.001166512350574388,0.002295361771778742,0.0015016493910114765,0.0020907196563152816,0.0015396721071689033,0.0025244261118868316,0.00310954896923531,0.0014763820710962277,0.0032873763494167805,0.002469210049877869,0.0028210739377590058,0.002808228521930005
304,0.0020500887318731396,0.003604874180432638,0.001153342666141921,0.0022753555496142514,0.0014880416466474128,0.002078802029576635,0.001527395967852663,0.0024989025370889,0.00308332450655349,0.0014584341072815094,0.003251452773102385,0.0024410744959903253,0.002801664200979606,0.002779892623086604
305,0.002031501673366801,0.0035736960780178755,0.0011449279964654844,0.002255620692064044,0.0014638137227568166,0.002063161002839612,0.0015097062274787765,0.002458967190330017,0.0030356950938017573,0.0014395026991791634,0.0032011478674739127,0.0023900946491971016,0.002762028057753526,0.002729016251878845
306,0.0020089510466308608,0.0035418269954666896,0.0011385372763363325,0.0022374853000221343,0.0014415492734943525,0.0020397050241737925,0.0014912238176984876,0.002452672021350657,0.0030326077243706005,0.0014452643278886396,0.0032023783559389216,0.002375911473010992,0.0027557265400909225,0.002718949097281356
307,0.0019879165234982224,0.003502500818259721,0.0011244148622525678,0.002215548998525254,0.0014229901654670295,0.002016829084223074,0.0014650603902935965,0.0024109578750825767,0.002979957321140675,0.0014190444112996132,0.0031518324724349738,0.002330533009160552,0.0027106220140962643,0.0026553307800728583
308,0.0019691541462612747,0.0034568010461224446,0.0011028624024835968,0.002187400809063117,0.0014061832098825786,0.0019939839709136316,0.0014322691138608146,0.002385281807241163,0.002942290663857268,0.0013906862410898047,0.0031121891712254253,0.0023016108646862327,0.0026821088493776306,0.0025962224463143644
309,0.0019495472523071084,0.00341823426508719,0.0010864676213566927,0.0021571663193130928,0.0013874400962909392,0.001960723654514622,0.001402411107822057,0.0023528957025964097,0.00290396259269063,0.001364382462982746,0.0030616379509306032,0.002264392517766359,0.002632905105454936,0.0025362837881636653
310,0.0019236824980651316,0.0033771896901271486,0.0010758279586134038,0.002128181160585107,0.001364780808692533,0.0019315298116714277,0.001376177535253194,0.002323773723403041,0.0028744886467244237,0.0013512809255551957,0.0030243336252616286,0.0022303031941015897,0.0026012808369390334,0.002492519760070758
311,0.0018976819669949522,0.0033372024220854166,0.0010642594005688215,0.0020992026766058986,0.0013418131603489755,0.0019064049318568334,0.001347528646590967,0.0022996518400093553,0.0028519341773311116,0.0013415061149977992,0.0029936974670355583,0.0021999534186891777,0.002580986586340853,0.002449725437464283
312,0.0018772270753674334,0.0033014686094244875,0.0010473593770575422,0.002069151255068898,0.001321230347332568,0.0018815661024848716,0.0013132975579503014,0.0022644235098410767,0.0028126922655410226,0.001316445858383754,0.002940774106212973,0.002156805858657661,0.002541458642722385,0.0023795993683630202
313,0.001856113665419113,0.0032612761786513255,0.001037109089399176,0.0020416459855451484,0.0012954536205832235,0.0018527673240841416,0.0012857896198407539,0.0022351830554331316,0.0027786924053157234,0.0012995782061722167,0.0029012046687460088,0.002115754311724672,0.0025062794617740796,0.002329097787621513
314,0.0018337635401020176,0.0032210411304797364,0.001030574478145352,0.002014635334706167,0.0012720455821905476,0.0018260071903855777,0.0012621282781008032,0.002201563019659082,0.002738934846576379,0.0012854505116220638,0.0028570394065645694,0.0020738870689349545,0.0024691361674479004,0.002281295448201165
315,0.0018136096299802566,0.0031876762966251675,0.0010235566305399095,0.001989116421022455,0.001252423685966173,0.0018043672914052312,0.0012416909437294903,0.0021758531534471592,0.0027097713306137397,0.001274850978220726,0.0028204620741573276,0.002041253906745068,0.002443421184047442,0.002244102821757113
316,0.0017987212919538154,0.0031632616430568657,0.0010116986623947973,0.0019651151782250228,0.0012321464682963456,0.001785479161531347,0.0012231653549660865,0.002174473834987961,0.0027116095079518705,0.0012687515269488778,0.0028101414638869032,0.002026376835650601,0.0024430934449391974,0.0022300992208862816
317,0.0017863628014626422,0.0031397050395032327,0.0010092948818620309,0.0019461542915725823,0.0012211287866106956,0.0017687454828306092,0.0012048978103047457,0.0021467286020937022,0.0026806912317051215,0.0012556849869712404,0.002770843625427299,0.001996079987771165,0.0024140907496290357,0.002186671800410391
318,0.0017744749266209343,0.0031176319790330908,0.0010089601043538317,0.0019322818295073201,0.0012095152239333207,0.001754713253932605,0.0011898914354134954,0.0021341985247255025,0.0026671581050977614,0.0012545142144625911,0.002756291004816521,0.001979236770175672,0.002402312905113303,0.0021628384420459635
319,0.0017625411830724162,0.003097562919395753,0.0010054939453536416,0.0019205184432022908,0.001192689296573427,0.0017426798540252828,0.001178976936907895,0.0021166695906609458,0.00264475057982664,0.0012475065112049512,0.0027356111791215004,0.0019520453903854207,0.0023838855443723927,0.002139818177882776
320,0.0017584470026003557,0.0030850721082165307,0.0010063398992212977,0.001907572261531674,0.0011857153446038027,0.001733946276721138,0.0011707023257357483,0.0021069101150294357,0.002628113680963622,0.0012407500568707513,0.002712259843866517,0.0019382534405936473,0.002371844815853085,0.0021206773928229084
321,0.0017514978884368598,0.0030776559006605083,0.0010075228447788528,0.001903009690824171,0.0011803371638387994,0.001729108258544818,0.0011651192070174488,0.002108495832032692,0.002635704729965362,0.0012458291927616562,0.0027204031461672993,0.0019387633383763608,0.0023799152209740006,0.0021218463722409236
322,0.0017422174313178138,0.0030709107726069797,0.0010102947255344749,0.001901300710437501,0.0011747509401088283,0.0017268424029775972,0.0011612497949871987,0.0020969535701484466,0.002630972850613289,0.0012486664918340508,0.0027191620825916703,0.001928954211515992,0.0023789347525007584,0.002115445196985688
323,0.0017377438286921543,0.003064403651646889,0.00101689554123734,0.0018956427392991184,0.0011706948956387536,0.001726846462399736,0.0011595755067288973,0.0020746526558921776,0.002603575074096088,0.001245146396265842,0.0026899843411050616,0.0019082684823478991,0.0023637638223726167,0.002095197239934426
324,0.0017398929311107068,0.003058279125424737,0.001015813201359078,0.0018920799862553943,0.0011673893054012095,0.001723667732130868,0.0011622545216122945,0.002075190911652952,0.00259397830021396,0.001243568262082377,0.002683768034021361,0.0019047447016870105,0.0023601008506047376,0.0020989679147072958
325,0.0017417440569488032,0.003062434397281254,0.0010170577508911247,0.0018937662006305838,0.0011652317612584487,0.001723590615881901,0.001164455635874469,0.002088335466479764,0.0026110798210972467,0.0012504005928751759,0.002701175776028018,0.0019136848776986114,0.0023735182861030035,0.0021145591871983074
326,0.00174476812538554,0.0030772603155395954,0.001025271770890121,0.0019020647277413658,0.001166964148567408,0.0017301042503574536,0.0011659877547062518,0.0020836207255712246,0.00261437189763141,0.001251602112212718,0.0027019496257640616,0.0019083946672976489,0.002372941133486258,0.002108414325413994
327,0.0017543045312576051,0.003080358583287872,0.0010333685976853459,0.0019095617700275857,0.00117326930163038,0.0017358549417870032,0.001168333447942017,0.0020986770463829792,0.0026190775013584097,0.0012621302533013198,0.0027164807013434155,0.001919630033008621,0.0023862453879215113,0.002115655631107987
328,0.0017613216772477244,0.003093884780428245,0.001039086303068656,0.0019181850662614492,0.0011773555867642,0.0017419803864731963,0.0011766011888308789,0.002106728985627471,0.0026299575337481876,0.001269188559763773,0.0027285487738440153,0.0019260860829660746,0.002395011718022296,0.002129972755097684
329,0.0017658185019663727,0.003111955719983744,0.0010448789262093878,0.0019297082034003938,0.0011818526221278607,0.0017512700954582436,0.0011871146974853565,0.002116978213407674,0.0026500981068623727,0.001279701443709882,0.0027510092029884056,0.0019398816421949759,0.0024125219687058533,0.0021531691848950484
330,0.001772207928008355,0.0031277839783155556,0.00105399866994045,0.0019463378721224591,0.0011903493209513046,0.0017657806401506907,0.001197002764060514,0.00212265534041097,0.002655742949243913,0.0012893320567623023,0.0027701428646561247,0.001954032398246129,0.002427639847455536,0.002167231748504356
331,0.0017901031618964152,0.003151073181772079,0.001067314712935646,0.0019701137178219793,0.0012001372350821824,0.0017820109788005,0.0012121464160299129,0.0021519227031804944,0.002682348643521891,0.0013113617365697735,0.0028137173797528657,0.0019784339268620345,0.0024564208463751136,0.002201620004945451
332,0.0018108482188543406,0.0031804426525188583,0.0010744919643561552,0.001998886830575725,0.0012159484113148343,0.0018040460331123674,0.0012332390562729528,0.0021686762193583995,0.002692273542056243,0.0013178198442170632,0.002841697650071048,0.001996549945283335,0.0024733356119698304,0.0022293750384416024
333,0.0018348155709654863,0.003220502121596829,0.0010789571619616123,0.002034473942889557,0.0012387331852571292,0.001832714145483051,0.0012597127747271523,0.0022002385500969014,0.0027224283369073833,0.0013290619882948432,0.002890920833437911,0.002034968115299337,0.002507806248730157,0.002276302767106459
334,0.0018660610863155522,0.0032758811033125924,0.001091125170570315,0.0020790462270507326,0.0012659458102309874,0.0018656910542329264,0.0012899145668110073,0.002265773348255409,0.0027965584228980818,0.0013657250709823846,0.0029844595348076024,0.002103804553157551,0.0025710217858723973,0.0023547246148077658
335,0.001907659593007871,0.0033507243489566646,0.0011104868121039038,0.002135146520618721,0.0013036946185724203,0.0019132059293009178,0.0013376935286310105,0.002306620062789477,0.002844922211808941,0.0013886612313033758,0.0030478517006763835,0.002154710356208656,0.0026155629495283267,0.002426775190998974
336,0.0019634359269444313,0.003445483060797794,0.0011417393475186503,0.002217131183215525,0.001351279289977453,0.001982918616363824,0.0014088338267803106,0.002377631033876699,0.0029206227140780644,0.0014364180187478495,0.003163488880799619,0.002234004367409097,0.002700483463370204,0.002552381236747607
337,0.0020395843815142847,0.0035659341426234918,0.0011861657339258512,0.002333567323079437,0.0014130961373269477,0.002080727566478146,0.0015074044115861638,0.002472335827939918,0.003005333118663428,0.0015034341186218145,0.003321333064861952,0.002335737492910201,0.0028110482757518884,0.0027217639926222035
338,0.002127366151941117,0.003699720956465177,0.0012258780012594464,0.002443301220732355,0.0014914057624738845,0.0021809774969181054,0.0016069721374160565,0.0026084663424259832,0.0031339566001198364,0.001578338394000738,0.003504145698538814,0.0024874999174401935,0.002954352249555739,0.0029224951249393564
339,0.002226508256456354,0.0038448575453781217,0.0012696024126604949,0.0025606992844519226,0.0015854101028198511,0.0022866681619762054,0.0017153116187847157,0.0027268480560534714,0.003239579029037699,0.0016364207847637117,0.0036589793270895986,0.002631804587004759,0.0030727269209285465,0.003107601993931339
340,0.0023370400244213077,0.004015854479536849,0.001329430116625956,0.0027003653440479517,0.0016945698929923413,0.0024135754470140137,0.0018418213907136023,0.0028597404158944594,0.0033701589187126006,0.0017115196790081846,0.003847761022427756,0.0027993597255474654,0.00322158558204501,0.0033268447539475917
341,0.0024663912981374484,0.004231034111903117,0.0014162863042836427,0.0028732837984529113,0.00182111289430159,0.0025774240379316865,0.001997182914671254,0.003057009418788228,0.003583591802731624,0.0018402225980849267,0.004137616386477373,0.003035164317590527,0.003464218877601834,0.0036438195377341462
342,0.0026389600884521537,0.004493990329274774,0.001524586058405734,0.003068105029832937,0.0019631585960443745,0.00276772966487211,0.002185835148782263,0.003248690181657491,0.0037695630890423938,0.001953126790587616,0.004381857903519778,0.0032413030319614587,0.0036776458581538477,0.003951488046920394
343,0.0028427915301955436,0.004805356381670049,0.001652462823525963,0.0032944743473333087,0.0021264984902938395,0.0029943444515348593,0.002412349939464541,0.00350593523564251,0.0040244076375667475,0.0021049368760635433,0.0047079537760178515,0.0035096967177084574,0.003972751205266333,0.004358993119129651
344,0.003075898422054098,0.005165109405065174,0.0018081130681376883,0.0035546805659888926,0.002313150377839318,0.0032619110314835655,0.0026754624107860688,0.0038035563409606777,0.004321167928622467,0.002289835102401101,0.0050887698556338155,0.0038214113687972204,0.004330272593556958,0.00483800973511546
345,0.003339459927219311,0.005562614943413127,0.0020035041234389415,0.00383604778285988,0.00251632969768006,0.003560636106058874,0.002959584103961284,0.004149129529811768,0.004663463134268226,0.002517686192914616,0.0055180921282108305,0.004174870118102936,0.004745026965331376,0.005372254422263118
346,0.0036271681645355077,0.005988782612047162,0.0022068613550841848,0.004135218440671512,0.0027383222014959172,0.0038820012281845554,0.0032614400436466635,0.004487070662619835,0.004987422780151952,0.0027256232337735807,0.005928641697629,0.004523573314842555,0.005155263668673563,0.005892903413574457
347,0.003933326303564749,0.006449536840440634,0.002425311213194619,0.004452425042108822,0.002975841796835812,0.00422225254829705,0.0035843215794380233,0.004887982959854492,0.00538573434237458,0.0029713106141231616,0.0064198651127456785,0.004936054609196552,0.005640767212791428,0.006504077349352616
348,0.004265486760665702,0.006965129402186101,0.0026761689182982916,0.004800619710061024,0.0032302812789244835,0.004595004119504843,0.003943435059996851,0.005291244396614668,0.005796971986149469,0.003233557651958371,0.006915466913322256,0.005343589832239212,0.006135264190098937,0.007138553961361304
349,0.004618178147461698,0.007514314442694027,0.002953734056453322,0.005176399265982745,0.003480304438277597,0.005002156722152572,0.004331134211602881,0.005730018503125432,0.006242399517201151,0.0035295097212056856,0.007466389524973804,0.005762678367849612,0.006688023718596405,0.007837103896822717
350,0.004990297066182885,0.008086416541210643,0.0032455881821954135,0.005559816825997873,0.0037365985994828577,0.005432490863666544,0.004734953895227395,0.006205074921084236,0.006719045253631728,0.0038446069519161036,0.008046911450629596,0.0062098968138747076,0.0072926254100305335,0.008584569553518589
351,0.005377061894764483,0.008674794795584804,0.003543600936080357,0.005942834482993904,0.003996881787087649,0.005875877499959469,0.005144668156434698,0.006676274702396947,0.0071854123589525235,0.004147770976270969,0.008601261009230471,0.006646574554015337,0.00789442623557411,0.009315643710135341
352,0.005770205684890733,0.009271206378943169,0.003844210194126628,0.006323247334857571,0.0042514518688686566,0.006321763542478538,0.005551289826773556,0.0071507646068862535,0.007652760044351409,0.004445452952320088,0.009148792203649203,0.0070739387580201814,0.008495135326400996,0.010035720895788943
353,0.006176225669570375,0.009869081475933869,0.004167249958793994,0.0067046082774690815,0.004503970860759271,0.006772473909865774,0.005954089500622131,0.007656579562407858,0.008138897284576794,0.004772112718597358,0.009720435013634156,0.00751757403642265,0.009126595163756194,0.010773466419769267
354,0.006576519842287021,0.010468781897017665,0.004486681400633261,0.007086789735752917,0.00474954433157987,0.007225093716656556,0.006351405699538459,0.008167344342029089,0.008640659642991596,0.0051000014979695465,0.010310921409480653,0.00796411541843056,0.009778993005432992,0.01152008369713293
355,0.006966791974880539,0.011068885464610649,0.004798388640105427,0.007468187668965884,0.0049862228118471045,0.007680145689157039,0.006747589905542818,0.008632448975183728,0.009105839776673473,0.005396364984220054,0.010859539432846548,0.008366172243917632,0.010395715620059722,0.012217540531673825
356,0.0073596932529714785,0.011658162424218074,0.00512876846670792,0.007841467779185063,0.005213670452498702,0.008137295325250324,0.007148637377756972,0.009181463299852227,0.009638078095266544,0.005759703534811021,0.011496075018663846,0.00883585529618449,0.011109616721328706,0.013035433142631694
357,0.007763069384511984,0.012263142993525997,0.0054688432778751345,0.008214645284480356,0.0054367881979610665,0.008600138642399162,0.007551558456997624,0.009613654109601405,0.010050699754673702,0.00604673220978805,0.011972700376577662,0.0091787677996086,0.011677290835608124,0.013675399605007748
358,0.008173355629851643,0.012882118188372708,0.005809057441666878,0.008586908447388521,0.005650839259917288,0.00906744227876134,0.007954529013955448,0.010215659191436155,0.010644852935743054,0.006432564182444028,0.012651436523572505,0.009667985632525002,0.012451377195109303,0.0145474906397161
359,0.008589313980724263,0.013511353135257262,0.006149282776087845,0.008959352816610084,0.0058560042866155435,0.009543783386544817,0.008361457609131335,0.010662654064309829,0.011074720198248343,0.006715412146272172,0.013131309342338903,0.009996139939328788,0.01304385596405243,0.015196578544389326
360,0.00901447918703245,0.014143199280496902,0.0065117907294666945,0.00933074984780958,0.006069938212750633,0.010039162276219886,0.008778066047928067,0.011134497398238108,0.011518235465013713,0.0070259826132262945,0.013626930044785882,0.010346274347601098,0.013677602979090514,0.015880477775846488
361,0.009446771784146829,0.014780676511415802,0.006881115754129829,0.009704312581919974,0.006273462437255897,0.010542443151999033,0.009196641265392167,0.011680363771330301,0.012032748384724647,0.007382297193227065,0.014208433944523976,0.010748542993166944,0.01440511690543246,0.01666369628410914
362,0.009888099528238938,0.015435245504900727,0.0072556374699409495,0.010083462645121378,0.006463460181957336,0.011055850574403113,0.009621601705390692,0.012204503883658995,0.01252571856379137,0.007720720555032411,0.014760674041004961,0.01110984893376851,0.015108883715166875,0.01741359768248099
363,0.010341947061748357,0.01612115261606801,0.00764332618346587,0.01047172783775146,0.006649728193916535,0.011590402134290584,0.010065271827977257,0.012786807878110358,0.013084847919811375,0.008096528217584614,0.015377589182962097,0.011508307231085963,0.01589360803051217,0.018254966998924853
364,0.010806257107999902,0.016823704004320966,0.008051190478202665,0.010872308625632763,0.006833604349586695,0.012144155655131501,0.010526156351030418,0.01335917225180661,0.013629184173671267,0.008469375072566827,0.015982131945458576,0.011879707553798316,0.016672524727574207,0.01909030117918004
365,0.011283824264354685,0.017548642516103326,0.008475881803421268,0.01128397333184701,0.007005544232301658,0.012719967309727891,0.01100686428870494,0.013997732646991784,0.014238318824765435,0.008890787955261478,0.016657929086447414,0.012277285873164439,0.01753921560954538,0.02002515768406926
366,0.011782269165728703,0.018311074025590866,0.008919187568082736,0.01171132329912398,0.00715961653542521,0.013329102653227636,0.01152665656102816,0.014576418724129228,0.014782648868936326,0.009282519508646996,0.01724856153173518,0.012577398257937354,0.018336691506592163,0.020897790976366563
367,0.012301560889743683,0.019116978534788862,0.009383559121338777,0.012162057684924349,0.007297119301406308,0.013977040222514085,0.012127009461309792,0.015231543712229106,0.015389913761244805,0.009733331625974563,0.01792162708146169,0.012898728595376815,0.0192328853774013,0.02197541748853291
368,0.012860809240801597,0.019962321468842276,0.009884436689066025,0.012618643866143734,0.00742562609808255,0.014674688997794665,0.012762352906303278,0.01591726599872858,0.016000502060188892,0.010208747934749268,0.018591206235296098,0.013215066418999012,0.02018222538890112,0.023100055168690927
369,0.013448895906698406,0.020826068426474758,0.010418273427281424,0.013066758060508507,0.007559291576847389,0.015409098104547797,0.013390845206085501,0.016682813947658644,0.016667625468768207,0.010732850815731854,0.019319408246989415,0.013600984320674199,0.02125920034305279,0.024298118348494123
370,0.014018394043320328,0.021656157096228926,0.010951569651420929,0.013482474680924318,0.007706885947689379,0.016121934612597102,0.013952981162455674,0.017342470603998093,0.01723195522902508,0.011176744673841882,0.01992199120542804,0.013944691389529654,0.02222325627333627,0.025273982399817166
371,0.014566130007702143,0.022466322802537273,0.01146951379139418,0.013862242385115733,0.007879726600681933,0.016760927894041225,0.014394633178194359,0.017992176717525052,0.017833267090123384,0.01157944152323189,0.020510554867477993,0.014329504931019584,0.023142918448028127,0.026075203373009514
372,0.015084198877773515,0.02327642440315561,0.011984410142523152,0.014246989417660899,0.008015945398734963,0.017385814688053974,0.01485074299193868,0.01862093860626579,0.018445475342512247,0.011995106082057259,0.02110984869473523,0.014658335383775777,0.024045294285557774,0.026906530345089667
373,0.01563747078329677,0.024164653600679882,0.012549915021752019,0.014676914021994633,0.008102527689612535,0.018093122875311375,0.015423554748417301,0.01931802416731804,0.01911418711110808,0.012488483550316044,0.021785948655488597,0.014939665528115098,0.025064014458211027,0.02796036105462916
374,0.016267453419139502,0.025126829283910683,0.01317155969737159,0.015134324556085918,0.008148979347390927,0.0189020695146194,0.016113847971794673,0.020091113336410844,0.019787337126868712,0.013034160151233954,0.022477712443031584,0.015170416960408791,0.0261828558430721,0.02919226959183436
375,0.016899301737124235,0.026100069725871193,0.013824206383018447,0.015576843675566802,0.008205346520227173,0.019714572774435574,0.016776823802685276,0.02092449982026227,0.020534503740895098,0.013631249813009408,0.023228042650222203,0.015459597501934893,0.027403398724824522,0.03047437905101404
376,0.017517782532048512,0.027065376868589574,0.014477819315874914,0.016001454947078286,0.008261315955016106,0.02050179267638034,0.01739507231233814,0.021647715021394915,0.021192973356360834,0.014156748287349705,0.02385891703906631,0.01567469059825766,0.028481811107429117,0.031549324687256
377,0.01813077435278246,0.028035036899567073,0.015135479284027352,0.01641323636023606,0.008293868958928578,0.02128041627600747,0.01799954997054468,0.022352048740236424,0.021840431261660298,0.014671448093727469,0.024463325655899804,0.015847304182935278,0.029536063869542068,0.03258360104382681
378,0.01873621036864823,0.02901691082640154,0.01583121176909134,0.016804237671325346,0.008315982721333433,0.022076148466217554,0.018610504997126128,0.02312802251238421,0.02257465318204549,0.01527341941816693,0.025136849674111027,0.016065130764980173,0.030727859844611963,0.03375806985025671
379,0.01934721835641787,0.0300127830877984,0.0165375812191595,0.017196431841904582,0.008323277367369262,0.02288390831423026,0.019226842515709913,0.023824584400113355,0.023227855669908138,0.01582254891387226,0.02572163852274523,0.016198513694221414,0.03182364158736701,0.03481750237998961
380,0.01995229909180706,0.03099778460156575,0.017250208951576244,0.017572940427075873,0.008316188871062842,0.023685791430007687,0.019827108475968292,0.02449854471108813,0.023850423364674522,0.01636209552152401,0.026272918538080264,0.016292732402535925,0.03289387690196015,0.035827964223748475
381,0.020545629326823685,0.03196417656675276,0.017987843581878143,0.0179160401806113,0.00830526043815983,0.024475221837974737,0.020392673267959176,0.025239717930495953,0.024537620493126786,0.01697667099441613,0.02687731421156383,0.016424982004085206,0.03406822292386198,0.03690660440812133
382,0.0211203527748995,0.032926271240107025,0.018747764915880726,0.01822995368431775,0.008305721144315372,0.02523551200333429,0.020889581313167635,0.02590375226170564,0.025189553577567456,0.017560958430979906,0.027407247137169397,0.01653671713054004,0.03515920487869502,0.03780796444852887
383,0.02166084198792915,0.03384926046489823,0.019502462154940677,0.018517680136118663,0.008301095135905285,0.02595493681774216,0.021339791226221424,0.026616068408489218,0.025906423411948164,0.0182036201765311,0.027999692372501772,0.016675141134850604,0.036324408832547866,0.03876018086490053
384,0.022202430975257474,0.034785468012189937,0.020269279212421894,0.01881617380342531,0.008288918983641284,0.0266850838214552,0.021818028356967056,0.027317397908322806,0.026613637751268994,0.01885793350020715,0.02858658282954445,0.01676891684811264,0.0374788661226371,0.03973372662327659
385,0.02275386814778487,0.035755131142066084,0.021043424808193933,0.019130704108799006,0.00825525104745862,0.027444576133336115,0.02236883167136733,0.028218347556090043,0.02751020254625019,0.019654867700107218,0.029378302287296622,0.016921185399798692,0.03891350772977806,0.041097139560150896
386,0.023295265100882107,0.036722905315065744,0.021834620720875685,0.019432198572977913,0.008211759631081079,0.028201183551207144,0.02292064039041119,0.028548210035634715,0.027853067009476096,0.02007829173758124,0.0295753595299973,0.016706689628150015,0.03956976236042101,0.04164817952643954
387,0.023821893704040517,0.037669518791202235,0.022628977143037587,0.019713164103365245,0.008171215213599724,0.0289391671627939,0.023438745080995072,0.02926656012243991,0.02858221922106351,0.020791383200613356,0.030176431761082437,0.01672189811312597,0.04077344706337499,0.042740432434180735
388,0.024335847234104677,0.038593768080800596,0.023417441204854065,0.01997893267834861,0.008143950599019662,0.02965659548370567,0.023917385655595785,0.02974611293008011,0.02908838700174012,0.021344830021361012,0.030536804051435808,0.01661270138217707,0.04165484506155927,0.04344911573236821
389,0.02481925749994928,0.039483863009827584,0.024192405283938605,0.02023273142995642,0.008132482572418217,0.030337768938487837,0.024371922289250596,0.030304686671352724,0.0296801937140506,0.021975071023839318,0.031003341239705055,0.016555556239359073,0.04265074707886482,0.0442913801595662
390,0.025281297903803235,0.04035674727283199,0.024960704464350673,0.0204587251480157,0.008120189226788173,0.030995924242805863,0.02481102675511265,0.03070647142222618,0.030131073146287147,0.022502776574178103,0.03129901320468394,0.016408389951382257,0.04342817594065785,0.04491441660152799
391,0.025721352540544976,0.041193850494196965,0.02570568822512202,0.02065687682326673,0.008106434413109993,0.03162543612108776,0.025226601403086354,0.031238023165126406,0.0307095078137898,0.02312606542704084,0.03171392799814501,0.01632294987996019,0.04438187370983133,0.04572099162662092
392,0.026165023256687365,0.04201795790293629,0.026438038724823663,0.02086192236206383,0.008109839518525636,0.03225223960201994,0.02563598923705503,0.031873338449688975,0.03137789052882663,0.023821963067078608,0.03223787172556823,0.016286071391700258,0.04547041497315109,0.046660791958487796
393,0.02655059335502907,0.04278105057897714,0.02713877792886211,0.021048023155675673,0.008115387072595851,0.03281729470372897,0.026005504898702902,0.03231232970090118,0.031887142970167856,0.02439986984114745,0.032603085827436463,0.01617203374762009,0.04630066227710472,0.047348124569526036
394,0.02691863902972674,0.04352678437173013,0.02781592160024206,0.021231882423576,0.008135713243905083,0.03336848097173374,0.02636944577363234,0.032708643256845624,0.03236116084440012,0.024941665548277196,0.03293997865272184,0.01604337467265205,0.04707554157805265,0.04799055374251069
395,0.027273057995136324,0.044246095285560845,0.028463212508910405,0.021405255955954286,0.008168263638889254,0.03390148647586014,0.026723379800711083,0.03313285959731312,0.03285618920995639,0.025491886651828992,0.03330360020519348,0.01592373600257275,0.04787987168638853,0.048675405296610005
396,0.02760979310951961,0.044927983707237995,0.02909511936617597,0.021567523352728553,0.00820254120665276,0.03439257435494501,0.027055410712854697,0.033800015894458635,0.03359638218726255,0.026240433110834707,0.0339152524685835,0.015925644446357932,0.04900775821619607,0.049711467641272884
397,0.027925733876196828,0.04557767820356492,0.02969973700679457,0.021715119378604698,0.008245545600313594,0.03486114975595561,0.027369046953993018,0.033785595894268355,0.033663320845134556,0.0264580251740573,0.033844448419001735,0.015640909057256888,0.04915559899575982,0.04975108829155698
398,0.02823094673499422,0.046203617363916955,0.030275558882183393,0.021861239016792565,0.008293035215895554,0.035318718947878865,0.027675277447372054,0.03416685235123697,0.03411643919473809,0.026969190664521345,0.03417582534384364,0.015545733268063019,0.049878709312050074,0.050375747674832806
399,0.02850078837256345,0.04676200234861707,0.030792369891342854,0.02198996199380605,0.008335253204027549,0.03572822598814293,0.027949225091203442,0.03446667106202689,0.034477861947972255,0.027398393723332082,0.03443432030610234,0.015395611841878584,0.05047061838259584,0.050879254725883
400,0.02876409290212655,0.047324314229604904,0.03130538307575274,0.022114818939401648,0.00839095402274326,0.03612178463197856,0.028216407450204435,0.03473883667444561,0.034834054211530595,0.027813951119308566,0.03467020974773292,0.015268333618740259,0.0510120771838672,0.051346374811043545
401,0.02898908065313873,0.04780766822658067,0.03175005521469852,0.022214738412839895,0.008446292934837419,0.0364590926051753,0.028438348814314566,0.035005354985500385,0.03517281814699741,0.02820015425235532,0.034898657576246786,0.015155299452210558,0.05152715212373334,0.05178652915681161
402,0.029205541457297188,0.048265416313568545,0.03217104941388196,0.022314692859065666,0.008507657401336164,0.03678331880733394,0.02865099747426047,0.03528265803746339,0.03551108870410275,0.028581495989822674,0.03513983957151809,0.015061178525215033,0.05204795028770634,0.052234333460591025
403,0.02940925544856428,0.048710484469135014,0.032593953199933474,0.022412641673058533,0.008572114365139232,0.03709630932786629,0.028861914004320154,0.03569425799593844,0.03599101406397522,0.02908987556807022,0.03552651330359073,0.01504256671749132,0.05277206804395892,0.0528980931348448
404,0.02958032831439391,0.04908253116759293,0.03296060310081741,0.022498691256382024,0.00862639731472681,0.03736704701426838,0.029039973784329324,0.035609863212513734,0.03595879298428096,0.029177527640662778,0.0354373722998309,0.014832619439005764,0.052761729725867,0.052828230687827965
405,0.0297390713432988,0.04943044249776584,0.033287555603521916,0.022571153924312876,0.008676793417544557,0.037608447259902596,0.029196048964223842,0.03577839935430677,0.03618454305714468,0.02944563198352497,0.03558776553808977,0.014732189167929654,0.05310199829996483,0.05311250680854446
406,0.029928844739589473,0.049842843374341694,0.03364292175028864,0.022679875868085255,0.008743707467179432,0.037875148385768394,0.029364027126108454,0.03602089607493974,0.03650879045702526,0.029761068316320454,0.03581629013003285,0.014677444512440097,0.05352741526741124,0.053459123895774174
407,0.030128346524073986,0.05029645871031462,0.03405388362366211,0.02287399709440184,0.008835456613387301,0.0381573780791744,0.029513312514526872,0.036243763481619555,0.03686095348283965,0.030085951044686234,0.036114091760457934,0.01467844253145777,0.05392827588425613,0.05369570679812983
408,0.030263598170550986,0.05075570911554447,0.03441734162677468,0.023117304510466754,0.00892164601958749,0.038388934053719626,0.02969357905819131,0.03655545159265047,0.037406566501093,0.030495639334835855,0.03661003370997044,0.01474377127538843,0.05448580330738635,0.0541931587769916
409,0.030391876113942597,0.0512450055597398,0.034664290794896406,0.023383208802243257,0.008962590958402746,0.038694604116363725,0.030159955840304686,0.03661397087508091,0.03765404774746946,0.030602644064357632,0.036840633384927435,0.014604464856406034,0.05470607357715733,0.05480578314014594
410,0.03060079217757788,0.05182131394220852,0.03468470060973006,0.02366755645939357,0.008891961579476486,0.03930986640722454,0.0314126583600165,0.03689891269751531,0.03787615979755247,0.030648020806155096,0.03711886852097758,0.014209141491483562,0.05535681751069531,0.05696134550312811
411,0.030931352704327845,0.052335571816814225,0.034846459732202004,0.024011327388435907,0.008809101521944,0.04003727272900105,0.032557244132691746,0.037270792316618694,0.03801069060132873,0.030789118351252143,0.03739287087889008,0.01390371282484842,0.0560736843839696,0.05881812739150714
412,0.031064270637082055,0.05255043884739881,0.035026000847362036,0.024154408112202774,0.008807140366887858,0.04028848178489101,0.03285508236384168,0.037371854395873025,0.038074537191072344,0.0309117121439571,0.03748989249752295,0.013793196704290172,0.05626537563356873,0.059191777473976
413,0.03101949978254088,0.05252671417599588,0.03508773804720959,0.024058954461593472,0.008835656420747125,0.040179774747982386,0.0326384584991763,0.03770498300865211,0.038494375310371864,0.031292718736948104,0.03781083818884422,0.01390286069623317,0.05674738340743176,0.059453910415154375
414,0.03100907153234844,0.052430492561772374,0.03506781316342504,0.023846215314857117,0.008842703801367417,0.040108037994605224,0.03244510190840755,0.03730315364042569,0.03800074335349135,0.030971484643006534,0.03721267983114675,0.013682132540431352,0.05611019914263017,0.05860820216337729
415,0.03098250345399531,0.052281462856268605,0.03518859838379351,0.02361689490237711,0.008901876598842546,0.039919136138248226,0.03188613015367777,0.037180064727657974,0.03785853205042507,0.031014922023254034,0.03697034713993664,0.01371246381324316,0.055870738769855086,0.05762709739909448
416,0.030959692679662375,0.05220427801354397,0.0353539319696475,0.02344668195342611,0.008975720481041229,0.03974791559987913,0.031348560161270536,0.0370739280108682,0.03780159747601198,0.03109549584914251,0.03681656170920591,0.013794084171564084,0.05568142498073238,0.05668586177981296
417,0.030960601935504817,0.05222894152294449,0.03552556416494639,0.023343255197573742,0.009052491405786029,0.0396574326651725,0.030981739294522317,0.03714974724142479,0.0379591600270979,0.03130452909801319,0.0368750668275356,0.013922564907065475,0.055796857482492385,0.05624901890123554
418,0.030956675964287264,0.05226148218057792,0.03566292042546572,0.02326606799814352,0.009127262547438552,0.03960836669928539,0.030746825507960103,0.037166031223592466,0.03804352718186929,0.031443925470155475,0.03688297192998519,0.013982840148749483,0.05584351586368071,0.05593039403788225
419,0.030949435719745313,0.05228379490368717,0.035746548052282806,0.023214161265515735,0.009166404467404878,0.03958823360023389,0.030620346732422254,0.03717016467247112,0.03809010613977455,0.031531998209476095,0.036887083704614444,0.013990324402950153,0.05588842581180428,0.05577456272361635
420,0.031004353807772247,0.05240750784107423,0.03586365041228825,0.023221156395856524,0.009207060383499053,0.03966251224336904,0.030611798129491975,0.03721624090720947,0.038161692173262825,0.03161419013054692,0.036923533780654584,0.013991862642184901,0.05598890075702351,0.055760462972854925
421,0.031006254925076634,0.052441183157719326,0.03589906910768597,0.023194485338116543,0.009230779183710817,0.039671202066663684,0.0305677581724457,0.03722765840754763,0.038189632109362236,0.03163865712375304,0.036913867960861796,0.013979943627692849,0.05601751818035614,0.05570259596634467
422,0.031023620411792636,0.05249752030062995,0.035956481304084215,0.023206981475078606,0.009241011305681933,0.0397048730457569,0.030563497832493854,0.03727107996645548,0.0382487224900372,0.03170780107839777,0.03697113298821018,0.013966943602110852,0.056108838968713354,0.055741960752382254
423,0.031046599497881956,0.05255950621381031,0.03601225033207992,0.023222013113785755,0.009255019147353364,0.039746935539243494,0.030583787215574997,0.03712586190376522,0.038108701508211086,0.03160399460411079,0.036831731776782985,0.013885009107373768,0.055903386801398704,0.0555232308198075
424,0.031051741817592696,0.05259206757267609,0.03603769140506848,0.023217938080056733,0.009262411652276127,0.039765880453441725,0.030592707455974533,0.0371895403718828,0.03818462378996367,0.031665343822491324,0.03688860299762929,0.013884424694522867,0.056005906128432946,0.05562394872614448
425,0.031081094473956614,0.052671815913425006,0.03608511934871789,0.02323447420179377,0.009265096918721433,0.039814917592245265,0.030618182874401705,0.03731090150500578,0.03833032045890197,0.031775214948494675,0.03700954808475483,0.013903812207916841,0.056206106840353355,0.05580656536856209
426,0.031120043818115537,0.05276722517595274,0.036136517866568775,0.02325960228188575,0.009284524308484605,0.03986989968557833,0.030653770200628885,0.037327287163970144,0.03836505767155616,0.03178403796586654,0.03702529061798245,0.013887666544268935,0.05623033072338655,0.055825193958277716
427,0.03112631537032337,0.05279978458054341,0.036155702337245944,0.023259224103533784,0.009296071181097676,0.039889384470155595,0.030664082097389765,0.037403899958123,0.03844981554444704,0.03185035091564441,0.03709625094401019,0.013896776395375008,0.056351954018266884,0.055944028946210346
428,0.031165341834386635,0.052882092024182425,0.036216561232388735,0.023282604770570866,0.009310717809218941,0.0399588053313946,0.030712308597979392,0.03732107455519265,0.038363220631196814,0.03178705167848585,0.037006074892681186,0.013847641229493614,0.056245988470448656,0.05583556913085619
429,0.0311547305313857,0.05288490443696254,0.03620420184961316,0.023272266614124223,0.009303474322448116,0.039960061419081545,0.03070795158164901,0.03734071724051112,0.03839229968021342,0.031795704291398115,0.03702152311054692,0.013835745603607577,0.05628739420503067,0.05587315567245672
430,0.031158465652153196,0.052926123421608955,0.03622033301738624,0.023286703949664814,0.009298047526462372,0.039985566077956745,0.03072615929890329,0.0373705930868613,0.038438513402150876,0.03182751651283847,0.037065660397219424,0.013828789982405564,0.05634706046195159,0.0559374269608797
431,0.031190588283712857,0.053018920847412006,0.036272857844577726,0.02332725138274062,0.009307274538339563,0.040050365081047715,0.030770310120073155,0.03735904107805359,0.038444839246043784,0.031822693917465374,0.037074587514555085,0.013810280428763552,0.05634748670514014,0.0559343193740807
432,0.031205836820951467,0.05307376591889907,0.03629610035448949,0.02334904434354721,0.009319884187542352,0.040089769729736775,0.030791021552843422,0.03742662021137416,0.03852977848430522,0.03186913313364808,0.03715277051265289,0.013823818682176258,0.05646381014041253,0.05603821336693001
433,0.031211793918403705,0.05309504081390585,0.03629141223058908,0.023351397187702405,0.009323980050737112,0.04010240164162887,0.03081641529578533,0.037502696083575794,0.0386103559669858,0.0319166697752587,0.03722176663856053,0.013833146421423645,0.0565659421236876,0.056180827818008906
434,0.03122016672882532,0.05313947944400395,0.036303913026195955,0.023367846934919775,0.009324691286005386,0.04013636980477637,0.030854489565123912,0.03751724838018591,0.03863941056546651,0.03192516522593718,0.037245154324174946,0.013820307898681328,0.056599417029124466,0.056249923013372706
435,0.031251583783467624,0.05322346202057352,0.036340863754126686,0.023412748916865223,0.00932564964285698,0.040203964246223876,0.030914140659834305,0.03741406734962448,0.03854339952411379,0.03182769325439946,0.03715958451101831,0.013756925327294446,0.056458796742115354,0.05613322714382025
436,0.03129214802416111,0.05329582729203616,0.036360023498145606,0.02346518570235745,0.009323332204597736,0.040263114284737646,0.03097687256965564,0.03761011927567386,0.038730950855572856,0.03195401161937454,0.03736015905673412,0.01378949091708574,0.05673659835561553,0.05644182662183659
437,0.031291578257545555,0.053331266554341554,0.03634581251654199,0.023493733179978472,0.009325744630282075,0.040286832901390186,0.03104454354603289,0.0375198246939741,0.03864645778196416,0.03184781278574732,0.03728782977650818,0.013737772594267167,0.05660128951351929,0.05640334063308215
438,0.03130788104620375,0.05339861639399203,0.03634218010017665,0.023524415915820163,0.00932601039381653,0.04033664056510337,0.03113465220026683,0.03756798069591069,0.038704466523118146,0.03185152797024195,0.03733489180906942,0.013721091249875583,0.05667718310166058,0.05658159742272427
439,0.0313150015519517,0.0534373354734599,0.03631884472259293,0.02354106487181385,0.009311033777227064,0.04036884646092295,0.031195452929202203,0.037679611061800525,0.03881906217012013,0.03190426297876835,0.03743689511593562,0.013715569160375252,0.056842840694150056,0.05682258166029217
440,0.03135219336519553,0.05351753054418129,0.03634609078035027,0.023594443739502858,0.009308288284806503,0.04043055468545299,0.03126008345915032,0.03761472471617682,0.0387515694633429,0.03182743164916472,0.03739972317222754,0.013676342649354889,0.056739993517933615,0.05676374691497029
441,0.031327203854097506,0.053494722295768765,0.03631641824171321,0.023581292269090864,0.009308003392306889,0.04041470660778481,0.031237597335572388,0.03760078349191726,0.03873695429110498,0.03180112239001501,0.037388532036908416,0.013660509738477447,0.056722456296990395,0.05673761514694666
442,0.0313090081630942,0.053483345252493715,0.0363066495850614,0.023559065522864547,0.009313336822420804,0.04040527127948658,0.031203795904260794,0.03773197833773511,0.03888186924485818,0.0319157291949838,0.03751197898468713,0.01370939485658457,0.05693937685949017,0.05690932099291924
443,0.03133209003749298,0.05353239067750641,0.03634482995011283,0.023561558306785052,0.009320076812246659,0.040438970892773575,0.031201169297994626,0.03761834091968757,0.03877881668126333,0.03183438073638152,0.03739389131907419,0.013681402684315117,0.056789103008759105,0.05670576435883866
444,0.03138126120909878,0.05359660407430453,0.03638747686032588,0.023573289767677277,0.009327241989322247,0.040486574516485484,0.03121798147430582,0.03775394524663871,0.03889888415628372,0.03192862070108384,0.03750289168019815,0.01373479078667249,0.05696628531675237,0.05685381118900106
445,0.03140339642707481,0.05365481433841107,0.03638623646585528,0.023604500986672675,0.009324105524178013,0.04053004637952261,0.03127755808855377,0.037764390812912246,0.03891075367343968,0.031901516456300134,0.03751844115720594,0.013716279020120042,0.056978282924892425,0.05692305861742927
446,0.031398796457645886,0.05368565471348666,0.03636104919481947,0.023634201325703263,0.009318536442433231,0.04056002129801729,0.031337630009954744,0.03770246005941407,0.03885770092491802,0.03181750378933943,0.03747653446488908,0.013661871363731794,0.05690128751985769,0.05692306396479869
447,0.03139218660934237,0.053693805758243694,0.03635491223812984,0.023646431769589082,0.009321990750078028,0.040579372517668424,0.03135536030899792,0.03792791878862431,0.039091361929701696,0.03199536058946109,0.037708922290075386,0.013727391031556659,0.05725331174380439,0.057287981298528586
448,0.031426647097225736,0.053782347903056124,0.03640525896451032,0.023690432958353488,0.009339753764890633,0.040625794657410466,0.031375044503953516,0.03784505695800829,0.039038124560915544,0.031930278396308374,0.03765816993952845,0.013710938556892498,0.057130571056727274,0.057135352046645896
449,0.03140411751871014,0.05377489865103942,0.0363722002047087,0.023686710699628893,0.009331926185584715,0.040612229728470554,0.03136971693167242,0.037864151449732736,0.03906990167439056,0.031932610349101956,0.03769541319965123,0.013715140480974837,0.05716778301876571,0.057188466884434457
450,0.03137302785922095,0.05375067649344513,0.03631814651740036,0.023676340814313038,0.009317466649558306,0.040604073971574055,0.03139274037142944,0.037986629929159646,0.03918948549490162,0.03200689587588097,0.037821846671153014,0.013736593420238821,0.057366438302645865,0.057454685703106426
451,0.03143496765229323,0.05388040052357809,0.03638514203742724,0.023743220882169253,0.009337868888663834,0.04070864308895961,0.03150210422666284,0.03784342922134364,0.039047846841231366,0.03186976425767125,0.037690402262856144,0.013666493287228774,0.05715679675532217,0.0573076124721079
452,0.031444730293943235,0.05388958399759881,0.03637880091373053,0.02375071919665639,0.009327021109744977,0.04072094816718677,0.03152118354168784,0.03794450420567975,0.03913802909228356,0.03193451066508703,0.037782796372275815,0.013691613885911896,0.057300977337127995,0.05747144115187322
453,0.0314345876033726,0.05386098478199279,0.0363493821618561,0.02372981613148921,0.009313475852260765,0.040702953472960116,0.0314983867962077,0.03774200260208398,0.0389159780317837,0.03174314088807415,0.0375618304352811,0.013605162329830516,0.05698311239933066,0.05714266588508132
454,0.03146173600501416,0.05391302073170037,0.03638159603684538,0.023738250756365008,0.009324571347425557,0.04074175285886392,0.03150204566376518,0.037741794836068265,0.03891824625775994,0.03173538834745354,0.03754999475122066,0.013596143264340492,0.056979969348206025,0.05710282447551872
455,0.03146195495795449,0.05393738986853346,0.03641896661794501,0.023745634008949152,0.00933398604213786,0.040751063109262846,0.031463912156069355,0.03793433412291829,0.039133399412730745,0.03192623662080595,0.037762980153997906,0.013688301942022788,0.057287411095053385,0.05732619038964935
456,0.031455007743033565,0.05395635215599792,0.036431640775814775,0.023765408098866077,0.009339831499241353,0.04075484591936933,0.03142971330790264,0.03804957097266929,0.03927592204276346,0.0320298424743797,0.03791883189757665,0.013755489354719683,0.057484130083694414,0.057451705505013474
457,0.031440704208776066,0.05394196021561942,0.03640528100650586,0.0237647232996672,0.00933462001726514,0.04073847210315241,0.03140834398373486,0.03797249075654742,0.03920320573351786,0.03194549915787838,0.03785577561031273,0.013738886545848168,0.05736608846019687,0.0573210004630036
458,0.03149000383494729,0.054015498184206805,0.03642940155988547,0.023789344016138816,0.009339525109008286,0.04079711358857637,0.03148049290729907,0.03800380456551454,0.039221175940419614,0.031938338504201746,0.037861070151249454,0.01373974819062215,0.0573854619555606,0.05740050677366949
459,0.03150052550811558,0.05407973125147548,0.03642082356498937,0.023835668334797225,0.00934312001528812,0.04085615142995271,0.03157290130611054,0.0378048777554471,0.0390332585447306,0.0317401516039855,0.03769102420786335,0.013642995527838845,0.05711217167180292,0.057216484362197534
460,0.031508056261608075,0.05415207378617994,0.036416171612608364,0.02391342023562997,0.009338203427576353,0.04091373342142768,0.03166725948719077,0.03791218301935086,0.03917515265747376,0.03179788120700487,0.03786033667590464,0.013652012698275066,0.05729453980568843,0.05749171748246927
461,0.03154483415112838,0.05427082022560339,0.036435588378185384,0.02401550111253643,0.009336274352257621,0.040997677700780055,0.031797228799204574,0.03792354977460507,0.03921641953769786,0.03176173173877023,0.037926263253437995,0.013625109787759632,0.05730786858375115,0.05762514010936411
462,0.03158829250486617,0.054392799729807345,0.03643070801847417,0.024092141266086678,0.009336105186343204,0.041084275819375134,0.03196708339822932,0.03811387648444609,0.03942649762148709,0.031847214815137415,0.03811926095896576,0.013652831047599274,0.057572728688395775,0.058085085138157716
463,0.031590350550526544,0.05443746690104757,0.036334717625577904,0.024115020900458937,0.009297704763718797,0.04113626761700135,0.032143700767155135,0.03810218544383099,0.039399950244519394,0.03173175286317822,0.03807111575682298,0.013546860090097711,0.057530778932150486,0.05831611893540053
464,0.031583971958271284,0.05448701256908686,0.036239681610050506,0.024132308425847068,0.009265783229299912,0.04119781498767745,0.03233755258965348,0.03816384310734185,0.03945311561746603,0.03168838676505132,0.03809612048342055,0.013462992637076546,0.057627355769211755,0.058709039481314715
465,0.03160755046797098,0.054589522448865245,0.03619538304054803,0.02417283605745165,0.009259074289485523,0.041297112180658575,0.0325381797104885,0.038103173933559754,0.039386676108733566,0.03156020136824242,0.03800738653018545,0.013363037007609595,0.05755349309086251,0.05888247351677803
466,0.031601300382695804,0.0545851708576221,0.036098637321383964,0.024167238778248404,0.009239770599775455,0.04131564038744602,0.03261565018946816,0.03827839071244915,0.03954564316947719,0.03162001119595155,0.03814083674379244,0.013373649694062765,0.05779960767321413,0.05927185817274414
467,0.03163083174514295,0.05461996928645831,0.036121834442198276,0.024169366733038544,0.009235981203401415,0.04134760519786625,0.03265307167837115,0.03831619911991258,0.03955506973172671,0.03164465550650119,0.03814654780772363,0.01338002889605467,0.05784345517971385,0.05934352762532217
468,0.03160460161564788,0.05455275045883147,0.036131360631379866,0.0241377296415487,0.009226276343943842,0.04129961071452304,0.032554697245951156,0.038160194351974486,0.03938455649240757,0.0315517330720079,0.037993271204341025,0.013362978757742894,0.057613510368886456,0.058990942173459744
469,0.03167238340120201,0.05465486618838065,0.036273518162413164,0.02421378612749595,0.00925553843738776,0.041369072360903286,0.03248350414809221,0.038113326550257315,0.03936701325022059,0.031560642464480676,0.03800741262176496,0.013425404799913299,0.057555339500885885,0.05868627594596888
470,0.031683830757568546,0.054673962595732935,0.03639368038997469,0.024299551079287173,0.009277702059042487,0.04132090501464297,0.03229974472633094,0.03833190626672184,0.03966995288172488,0.0318136466178786,0.03837096410668473,0.01362630122608961,0.057866505906132945,0.0586965431934299
471,0.03168137837146506,0.05468376355949376,0.03640138139384992,0.024320275964570648,0.009305033555216497,0.0413101814588162,0.03227748236576095,0.038305494936730085,0.039646458146030926,0.031796119537063634,0.03839641917005071,0.013647021174959402,0.05782803224060193,0.05862923806657863
472,0.03163942959483963,0.05460931351466387,0.03625479962662572,0.024192785119560814,0.009290584104340154,0.0413097396913484,0.03240074774121192,0.038221588162583774,0.03947371996850562,0.03166167333102933,0.03817121126470956,0.013497208855458234,0.05772245288096259,0.058795785778493426
473,0.031604264884764414,0.054516698625780215,0.0360811945328871,0.023999704199967078,0.009242690061098797,0.04133001076413352,0.03256716403413602,0.03819170393222366,0.039332004340616025,0.03155401770374872,0.037882391656762826,0.013296980908385716,0.057695145991531534,0.059110153069922663
474,0.03169015982219865,0.05466958264499555,0.03624082046475925,0.02417938910084268,0.009274561550403996,0.04136972953216462,0.03242846758225638,0.038289646383001974,0.039527529654065065,0.03164671117605794,0.038153798228597206,0.013471177595802991,0.05780283331964541,0.058861279625714406
475,0.0317264323467201,0.05473612660337689,0.036406362925671405,0.024336404971680534,0.009313666065938095,0.04135633349861446,0.032232615507044114,0.038365682089558976,0.03969564640857219,0.031791589892700506,0.03844204995007545,0.013673865045153614,0.05790568123644187,0.0585693072076378
476,0.0317034385537666,0.05469667838880462,0.03643325542021769,0.024343894182764867,0.009322046213919525,0.041315711271754096,0.03214999743091215,0.03832201457566946,0.03966709747467757,0.03180331890012182,0.038457175775125606,0.013722266251808574,0.05785303941748966,0.058409204645624525
477,0.03164922761529937,0.05460841286258337,0.036284040159005396,0.024209563169281988,0.009287008279673034,0.04126876165118463,0.03222383021053616,0.03829359298552781,0.03959250950574858,0.031715340712565265,0.03829641550853843,0.013631177004725246,0.057814938768434646,0.05861341749735981
478,0.031664886402271074,0.054637061726042754,0.03626063933397281,0.024179364107633904,0.009270891408111916,0.04131716234681892,0.03233008576869222,0.038258414990238535,0.03951511305073431,0.03165840502907494,0.038181487210871216,0.013544241026684832,0.05776332330192127,0.058707594726549406
479,0.03167417373532355,0.05466193796642499,0.03626121730332795,0.024208272377795947,0.009267117321755251,0.041338827510781745,0.032343820577799366,0.03828336122287327,0.039545926428738845,0.03166557900100302,0.038227362852704665,0.013550834140688195,0.057801346203639956,0.05873963603479238
480,0.03164145006485028,0.05461374769674823,0.03622972769462153,0.02422601810748093,0.009263904371530728,0.04128296497623638,0.032247881878980714,0.03831181404396119,0.03961256664124293,0.031683993386501956,0.03832528060722664,0.013618237202036282,0.057843780062220844,0.05867394333928863
481,0.03169889564949917,0.05469926233424297,0.03630562853005707,0.02425997519691493,0.009283714634914368,0.041335307229051314,0.032247513326503455,0.038275240236601275,0.03958639625772648,0.03166536910486523,0.038290309049456774,0.013646132694911751,0.05778507983792057,0.058530904622953996
482,0.03168185273610144,0.05464119807005933,0.036263312991966765,0.0242194496444618,0.009270847659831416,0.04128970392097894,0.03220675096234236,0.03829862157899821,0.03959832464206434,0.0316720028125407,0.03829352406189137,0.013657194647345236,0.05780464222676843,0.05854939365163006
483,0.031717936521947626,0.05467236660258065,0.03630502373166263,0.024224621605505467,0.009279115671154952,0.041313386832211224,0.032203138561158424,0.03826123221175267,0.03954058963213882,0.031650592981474844,0.03824245056282682,0.013660134593599828,0.05773215973766179,0.05844152868815533
484,0.031691162419969096,0.05460849520312817,0.036314457430823587,0.024200500610444025,0.009283571833984487,0.041257997473242186,0.03210115639313198,0.03828814238256977,0.03956475892080169,0.03171313329672701,0.03828327200928395,0.01372113875107105,0.05776928993961285,0.05836509606361855
485,0.03171630255648816,0.05466319255709544,0.03636931473716181,0.024235708931624723,0.009310971625718055,0.041279273525031836,0.03206222745486005,0.03826349237751426,0.03957304123608076,0.03170674521060292,0.038309948543597865,0.013764047610231644,0.05774954341207049,0.05823309197505652
486,0.03172709016974059,0.05468547529689918,0.03640170129979014,0.02424291627537643,0.009316347747486511,0.04128852764846389,0.03203422989558244,0.0382482518089141,0.039570590289095035,0.031712004621710956,0.03830873109152977,0.013789818933501575,0.05774067861406168,0.05815637574190579
487,0.03167440978876119,0.05459631680392559,0.03635093348187072,0.02419349510093262,0.009299018921895436,0.04122023314494733,0.0319528975436762,0.038275005055610684,0.03959999499575013,0.03174418645071943,0.03833147086095246,0.013812825269325884,0.0577903653842592,0.05815546411683781
488,0.03166910063710954,0.05459259135836157,0.03634609239805605,0.02418494013953388,0.009304762710234457,0.04121177755301608,0.03191493459999321,0.038258884716251426,0.03958861614766088,0.03172724173607036,0.038321222588185315,0.01381260317270025,0.05777007459142124,0.05807765610029702
489,0.03173435597727393,0.0546932444739161,0.03643309432264555,0.02422930772669643,0.009327681313116041,0.041269691786645024,0.031945463707245374,0.038277893041486745,0.03960760436683527,0.031755212879045334,0.038350265955602765,0.01382788295340797,0.057782688983731095,0.058060306707431224
490,0.03173153067689411,0.05469580203818799,0.03645567831165732,0.02422816737879858,0.009336744599250336,0.04126709615588857,0.03192307335029213,0.038286498501343705,0.03962107383795311,0.031780246010422696,0.03836831874841004,0.013839318686292824,0.05780414474150467,0.05804260497763925
491,0.031715790347461234,0.05467680051793364,0.036452102139907516,0.024209546840018158,0.009339076517086079,0.041258564580573545,0.03189423828109006,0.03829233258350372,0.03962546244112026,0.03179148348159947,0.03836808894797412,0.013845350654537032,0.05782499635822434,0.05802575239323661
492,0.03172301854047763,0.054673660478340026,0.03644533839925581,0.02419025704702516,0.009336160433735368,0.04125871441481849,0.03188169101997362,0.038294692443624614,0.039611796720825786,0.03178140649250509,0.03834443877894048,0.013845570226355077,0.05781568271050027,0.05800037371706771
493,0.03174661998252165,0.0547149474629605,0.03648485038387993,0.02420057518680828,0.00934584686887394,0.04128214139443216,0.03189508470102484,0.03826852281611307,0.0395940840552471,0.03177929874234154,0.038321503919628984,0.013850793701745983,0.05778741225813349,0.05796453214158568
494,0.031722697555466244,0.05469822904877566,0.03647058776714656,0.024194697557935435,0.009350944737715106,0.04126732264861256,0.03186803400386155,0.03829212870346289,0.03964503193710206,0.031810182747265645,0.03837055871649942,0.01388585899294846,0.0578537732758537,0.0580033478207855
495,0.03171491670088139,0.054711490263100675,0.036473512974372506,0.02421140426244368,0.00935891842962379,0.04127024962267223,0.03184125389238697,0.03829606569386391,0.03967696384091176,0.03181336015413985,0.038408919515569816,0.013909430346250999,0.05787561470651492,0.05797131879885831
496,0.03174487950722721,0.05476041686016302,0.036528797936109095,0.02425012791026813,0.009362453125256694,0.041276865055974915,0.0318156474953905,0.03828337270091141,0.03967568096337637,0.03181091609071001,0.03842337490718829,0.0139055181344903,0.057823155283373104,0.05785628446869104
497,0.03176351214794643,0.05480206239967675,0.036554261645451384,0.02426833483954812,0.00937765686822752,0.041307156966871414,0.031828550645294745,0.03835044307440086,0.03974601043125476,0.031868958207951874,0.038501652023251065,0.013943902250986047,0.057940385633231,0.057952680718964276
498,0.031770007134887306,0.05481004776342992,0.03654161392385035,0.024264523508021593,0.00938113109640355,0.041331989509377304,0.03186952128012394,0.03830885854938968,0.03968230086455368,0.03182146102736091,0.03844731264922394,0.01392377654204197,0.05789184550465834,0.05795070811030035
499,0.03174228673500594,0.054748748002694705,0.03647795939745026,0.02422490493988961,0.0093597083419648,0.04130468711549978,0.03188791837685571,0.038353456807361436,0.039700736364170146,0.031832532911077974,0.03845908852189415,0.013912080552349068,0.05795053194891561,0.058094403469220644
500,0.03179782030550526,0.05485808811159169,0.03652997614631197,0.024250229104049455,0.009365433479239136,0.04138258188749673,0.03196404784694433,0.03833128022005267,0.03968382663997832,0.03179090447494889,0.038404526078618245,0.0138891512768496,0.05791165839455374,0.05809403445758952
501,0.03178611964732667,0.05487723659499386,0.036550365152765336,0.024319577023650948,0.009366605693219617,0.041361304080373945,0.0319294908756915,0.03833921432384013,0.03974464041881636,0.0318129511154477,0.038520578637513105,0.013938633172383351,0.05792274376261472,0.05806087810320234
502,0.03177710274557651,0.05487958581204299,0.03653564147350339,0.024349599450784604,0.00937050434567544,0.041345847256310145,0.031918908113089055,0.038375660898281316,0.03979754145700107,0.031834909676329806,0.03861210699782511,0.013976011171743439,0.057974625379038615,0.05811196764091354
503,0.03178609670734884,0.05486359278043317,0.03646646013469384,0.024265693541676386,0.009365049460105579,0.041367061816777864,0.031984245865678364,0.03836972160365339,0.03972309419568576,0.03177212619714163,0.038481173117575734,0.013913662680696486,0.057957114193972946,0.05820931237538123
504,0.03181337174308929,0.05484883653878676,0.03642344043778362,0.02414378561990308,0.009343589469237195,0.04142348192286407,0.03208711065276925,0.03833929909440249,0.03959147752201457,0.03171191287745673,0.038245405761517116,0.013783700892923792,0.05790395269983266,0.058311382708258516
505,0.03178769414236424,0.054817704728978366,0.0364078500166522,0.02416210700243214,0.009333364632851867,0.04137504654045481,0.03201993651717385,0.03835665512724224,0.03963431515886627,0.031724815728763185,0.038312119023645654,0.013809588443879289,0.05791549369913529,0.058261392779392525
506,0.03187041987140124,0.05499696787901517,0.0365820015495656,0.02436287506846926,0.009375299512606674,0.041447182815852635,0.03198426748805616,0.03846093586215056,0.03983041581002942,0.031846864578842754,0.03860725735152428,0.013953948902123202,0.058056045903630775,0.0581915953725053
507,0.03188514957454492,0.05502659423269598,0.03667438402915477,0.024459909798784738,0.009395045171701312,0.04144381960088946,0.03190377118168739,0.03852550194850167,0.03995069544912895,0.03195001841028218,0.038791020014916945,0.014054213428789831,0.05814552288828405,0.05810467980017485
508,0.03187510671671745,0.05504318754681059,0.036644701930722695,0.02441050095124839,0.009389735059852775,0.041450730311974285,0.03193512986254992,0.03847308901281524,0.0399090056685996,0.03189682404817714,0.03868837519880244,0.014009498940250316,0.058084850213436415,0.058105110334593965
509,0.03181113738029605,0.05496591179594629,0.03655228504425021,0.02433212160271512,0.009371673707230044,0.041404739133061544,0.031935799172364825,0.03844667729943492,0.03987853474668906,0.03186551282506293,0.03862501632067975,0.013968522593643366,0.058078517470826325,0.05818815752056989
510,0.03181814058983165,0.05498335677516165,0.036555537383887116,0.024334887645342956,0.009374013096231697,0.04143119093595643,0.0319662493662176,0.0384296630733259,0.03985228538952116,0.03184897022764588,0.03860347036269826,0.01394856865259944,0.058066003464312635,0.05820706813517975
511,0.03189378920697023,0.05508371034561504,0.03664187689765239,0.024392845035841486,0.009388418697445748,0.04150514062872326,0.03200279194741952,0.038449375565576586,0.039865562879295054,0.03186041760042922,0.03862105877243998,0.01395678933544799,0.058066363244273216,0.0581640258652748
512,0.03191641225350359,0.055127901644953105,0.036694479518710195,0.02445041357448439,0.009394701997868161,0.04153501886159007,0.032004447653401887,0.03851462214664237,0.039944961624835115,0.03192160551292505,0.038738472011562906,0.014009150040828979,0.05817148943158814,0.05821480439808308
513,0.03191250371893551,0.055147512215692696,0.03670017070819873,0.024482738995677013,0.00940185888797254,0.041529226339264785,0.03199689806081958,0.03851605364786699,0.03996583102784075,0.031920921313843637,0.03879363979951704,0.01403392104684506,0.058176408767585945,0.05820866062295234
514,0.03190347236234744,0.055144266886630745,0.036659399302228626,0.02446464449507665,0.009404890839447526,0.04151964060733531,0.032016048011848305,0.038496069146771714,0.039938983707970624,0.03188412868010283,0.038766563124057664,0.014015575672081244,0.05814231940793101,0.05824014296041893
515,0.03187449555757055,0.05506071143121712,0.03655905159896772,0.024364005802562767,0.009385196249484924,0.041509311988484156,0.032061689485721384,0.03847956875342045,0.03986011466570977,0.03183716379321514,0.038639802294614466,0.013948415667371235,0.05813077045932806,0.05836607909844031
516,0.03184181251043403,0.055002525411983236,0.03649156954819863,0.024261605838186498,0.009361257894371915,0.04152239519157394,0.0321082588590154,0.038428112988639185,0.03976428896053574,0.031777670642584674,0.03847092452642419,0.0138791338738724,0.058106357041277104,0.05842825379937744
517,0.031835070372027256,0.05501804079501003,0.036510131568266664,0.024294959798780838,0.009358623902869578,0.041529552914703116,0.03210213199935654,0.038440448564845436,0.039801212293399044,0.03180190214572226,0.03853185862632031,0.013909809345597754,0.05814873432004338,0.05843820486071096
518,0.03189017903271221,0.05513524255925923,0.036618872113841426,0.024456909173376243,0.009384298089969306,0.041558818664766954,0.03206720918734614,0.03849643954566581,0.03992557489314337,0.0318642093192197,0.03875141204948447,0.014006716118670246,0.05819430555345767,0.05834750562157502
519,0.031963463714041934,0.055233989244019455,0.036694484751048216,0.024548894985611643,0.009402170171147561,0.041595829616142034,0.032031008791469716,0.038624846094485986,0.04008216558115345,0.03193162548281485,0.03891312175208321,0.01407547623375995,0.058310284605578605,0.05832330969077449
520,0.03196952010271488,0.055235327664050114,0.036699611739434104,0.024557529520141886,0.009405530640106215,0.041605634020671245,0.0320504088131943,0.03864321592849829,0.040081362834782495,0.03193952781517301,0.038934674656935536,0.014098018349526594,0.05832924945839902,0.058363377091689594
521,0.031955289909627246,0.05523059416663623,0.036693939040121075,0.024542935021679136,0.009405043242408465,0.04161291804540559,0.032095049618404675,0.03858935102011371,0.04001855435655498,0.03191316868463187,0.03887896940154535,0.014080963370949324,0.05827095199258546,0.058387314368674066
522,0.03194126899231752,0.05524065826833545,0.036686327935678976,0.024528842208330418,0.009403496638939253,0.04161304105187338,0.032116013282706274,0.03857849529224247,0.040028546200621705,0.031917085813404474,0.03886265746910372,0.014060768332704835,0.058270317536339496,0.058436847513293574
523,0.03193879676751514,0.05525042355294669,0.0366594111259654,0.02451389918202908,0.009404563706528478,0.04162126824198055,0.03211572606973448,0.03858043445616569,0.040029178039921044,0.03188330449527117,0.03883618224480753,0.014032669277105007,0.058272722902449066,0.058434462865015205
524,0.0319387487656036,0.05524215859962306,0.036638581935588874,0.02452073387430769,0.009401661505374595,0.041621916332991976,0.032128424327818796,0.03858489877556648,0.04001826484356881,0.03186414153171872,0.038842509595726785,0.014020532444828827,0.058276741751560474,0.05846087983604252
525,0.031949122333741024,0.05524983055636782,0.03664470455982966,0.02454934481101085,0.00939742612601044,0.041629162301579155,0.03214575008669718,0.038608141784772544,0.040037923215921555,0.03188128581929988,0.03889399356284299,0.01403376079872442,0.05830845624907642,0.05851189784301609
526,0.031970216710798534,0.055292320577849205,0.036678233243564305,0.024587437657653245,0.00939541772534794,0.041652881903482694,0.032159043069774566,0.038609575089301164,0.04005815191912139,0.03189144988693637,0.038930937164092565,0.014053137398479326,0.05830974043745878,0.058503408578850086
527,0.03195556805035708,0.05529246933484807,0.03667558625036454,0.024592701332431723,0.00938865607375639,0.041648869264095625,0.032155119775462114,0.03862424563128993,0.04009290895950229,0.03190357102604312,0.03897111822531752,0.014085376321623103,0.0583454165593185,0.05853668912730377
528,0.031957480198149694,0.055307703178708444,0.036677120749039435,0.024603594509869504,0.009389815436690119,0.041667498142976794,0.0321574458806385,0.03861531167272174,0.040087265950939935,0.03189562608102005,0.03896381754423345,0.014088579965045376,0.058340044430523465,0.058512870906409734
529,0.03196704405525644,0.055328630764720686,0.03665735499366823,0.024602896179634882,0.009386479032039966,0.041687393841893905,0.03217286088037688,0.03861835416698528,0.04009052946600593,0.03187333051217476,0.038944478432417884,0.014079238679703086,0.05834372423345939,0.05852098330417121
530,0.031977171191956866,0.05535423472813139,0.03662252810854516,0.024590524894902932,0.009375437189854428,0.04169645601266404,0.03220657799052982,0.03865432599334374,0.040136124216974454,0.03185514294637838,0.03895266815243026,0.01407802740402199,0.058389203739165674,0.05861618456152706
531,0.03197913382908418,0.05535884500792433,0.03665925562300138,0.024616469599064834,0.00938614129331524,0.04169298853628217,0.03221500137895661,0.038645074003835905,0.04012274448518286,0.03188163414644961,0.03896658821716846,0.01406111782968686,0.05835702003331835,0.05860497336758035
532,0.03199502447377553,0.05537557341518808,0.036670935759810834,0.024661515312655917,0.009385778066314106,0.04170277453929317,0.032216433375414424,0.03867708683029104,0.040148914148982404,0.03189220506857418,0.039034523001792054,0.014079759324687635,0.05839222907105589,0.058620435809172124
533,0.03201760009353231,0.05541684593759558,0.036672697298909936,0.02470782222221121,0.009385599760771508,0.041730595229089805,0.03222735108506757,0.03871765878443382,0.04019928078968634,0.03188691784854273,0.039103822256997496,0.01410955682462015,0.05844741745792168,0.058647795148457534
534,0.03201632866549586,0.05544827557675817,0.036685018171468964,0.02472475921094274,0.009397007633955557,0.04174967952895852,0.03224445197243968,0.038713384260149954,0.040224803421464776,0.031887603612434715,0.03910884514467484,0.014111660653368668,0.05844277390760369,0.058651445086491005
535,0.03199498092085986,0.05542194128504277,0.03664406734529885,0.024688360750079175,0.009379039733979529,0.04175064498744768,0.0322658831127418,0.03869830933538448,0.04020594440010576,0.03186815038862203,0.03907136742015657,0.01411304605504129,0.05845580736663354,0.058712486566996964
536,0.03200492783227565,0.05541600072049648,0.03661534582707624,0.02466727147368505,0.009372715648622609,0.04175349587044025,0.0322928288308374,0.03869146458208052,0.040177346038015156,0.0318280934350347,0.039021811202678267,0.014095715887226438,0.05842570229003332,0.05873375666103536
537,0.03203628715253209,0.05544415055216648,0.03662434913588434,0.024690092301033577,0.00938008402199372,0.041761081225357204,0.03230853896333398,0.0387483406039476,0.04022378058987258,0.031841906619969766,0.039064644362937245,0.014100342989084193,0.05845518125898731,0.058781553859918984
538,0.03205648486020327,0.05549614186292122,0.03667061228374825,0.024759566187499474,0.009384632866453267,0.041779472342058345,0.03230636548013228,0.038770377433247724,0.04027032825724441,0.03186825564299304,0.03915068681813749,0.01413045805161017,0.058471086688601,0.05876271903504188
539,0.03205564938423682,0.05555129493411841,0.03669146089565212,0.024845761776579465,0.009387389223835035,0.04180670743584462,0.03231824485331494,0.038775195660713274,0.04033371426734077,0.0318738236787195,0.03925368669799361,0.014187844169265478,0.0585096623181175,0.05876374299859549
540,0.0320785069205398,0.055592577693921987,0.03669194466164647,0.024914701655700127,0.00937542618724508,0.04183194091999539,0.032357185903155464,0.03881563057208823,0.04039190170450165,0.031870797299626656,0.039345353515876154,0.014200575403264491,0.058551122473888204,0.05883078858392242
541,0.032108660628623144,0.05562901949106797,0.03666945704585376,0.024958598656647044,0.009359386964442478,0.04184980157264364,0.03241999493249973,0.03885308318419932,0.04042949606552092,0.03184408287708853,0.039393428929490125,0.014164614855262502,0.05855844592618844,0.058928736894433224
542,0.03210712104320306,0.05571108039712345,0.0366341709176142,0.025003374379833333,0.009365435427453371,0.04188277923961782,0.032514111374978984,0.0388742431326283,0.04051729743011137,0.03182711749540815,0.039450239093127136,0.014154123500205694,0.058611765385717975,0.05910178452173842
543,0.03211014580694692,0.05576776666161648,0.03657794258762205,0.025033780637019765,0.009331160138806421,0.041914550184880175,0.03266108780709868,0.03887917011469214,0.04052637913744387,0.0317731345768919,0.03944587943740811,0.014093942418958429,0.058604850214170945,0.059327893157764794
544,0.032100272182150565,0.05577181138684934,0.03649268793120659,0.02504221226073288,0.009292011555694455,0.04194908155360438,0.0328455833741768,0.03887848174936246,0.04047938861438125,0.03168921104703044,0.03940914764583746,0.01399756414717311,0.05858163270313059,0.05962056255946613
545,0.03207802442382584,0.05575223288655177,0.03637435321622836,0.025025892565494857,0.009268044235145954,0.041982578158656365,0.033048231568858354,0.03889553407784562,0.04044022370266314,0.0316012119417418,0.03936486029415817,0.013899704158211925,0.05858531324339658,0.05998539721145149
546,0.03207238774240261,0.05579339349264338,0.03623630332795286,0.02499296888928537,0.009248736050733413,0.04200874973868917,0.03325278201020858,0.038889815462852424,0.04041482230068832,0.03149420206459148,0.039252753425923916,0.013814544885368197,0.05853245175456814,0.06029854215307491
547,0.03205937089949562,0.05579035049547116,0.03612665455226776,0.024954757402165084,0.0092325779253633,0.04205074622773262,0.03342973820400036,0.038884004910579154,0.0403698639397599,0.031419541254605686,0.039159371996936636,0.013686146016492259,0.058536960429212186,0.060602902834052126
548,0.03204413809351857,0.05574691108828672,0.036041227920217515,0.02493228987406317,0.0092161040577122,0.0420811260187838,0.033558929020726,0.03887230456609653,0.040298688270278556,0.03136345334628934,0.039099819262410705,0.013596346490244687,0.0585410768336801,0.06082826037390482
549,0.03204164023975895,0.05571468792357394,0.035995848547999885,0.02493417307023486,0.00920660554472257,0.042106634349454775,0.0336382532282117,0.038877786578322096,0.04024629629119622,0.03133846532773141,0.03908228559797513,0.013593363693409709,0.058554360257867845,0.060956490130114914
550,0.032052778158807346,0.05573884504630355,0.03601845811353843,0.024938205054764,0.009215471053117092,0.04215943893103513,0.03366357970083619,0.038930688729325674,0.04027786053943058,0.03137497512098954,0.039093287724758265,0.01362572576111665,0.05865758774178807,0.06101134901039781
551,0.03214529222800276,0.05586643893422506,0.03616045675228653,0.0250673064553098,0.009201315912319824,0.04220010751326504,0.03359170675429911,0.03904014699078702,0.04043956658226177,0.0314638665925285,0.039276595903585065,0.013762866248860276,0.05874903571235377,0.060870648730473244
552,0.032248303503260065,0.05603513514717478,0.03638469221337085,0.02532119590173391,0.00921846626745931,0.04223079843710815,0.03346132880987399,0.039173923853647125,0.04068738584745736,0.031613209987778335,0.03966629164491691,0.01395730934975244,0.058877451879741256,0.06065108455732861
553,0.032291064537259474,0.056163526026752925,0.03659279343058154,0.025598332619752258,0.009286124837348,0.0422330541585632,0.03331296489775157,0.039220488539841766,0.04087455062302901,0.03173314991405113,0.04006946058383999,0.014132760232816769,0.05893374671914434,0.06036237062567822
554,0.032292945154220966,0.05625632262756971,0.03668676486186506,0.025740314999593995,0.009352146221124723,0.04220291679532987,0.03320337838300364,0.039222414036617664,0.04100175140632534,0.03179335222386833,0.0402809428095175,0.014287346840840584,0.05891806713967832,0.06016518569891294
555,0.03227252505869041,0.05620410820795508,0.036612243307848256,0.02565600310981911,0.009349704136581585,0.04218695458038643,0.03322177295745372,0.03919412748314365,0.04093589879705704,0.031743459816071025,0.040165559207370166,0.014218282909090338,0.058885381926533156,0.060206590991036237
556,0.03223015061418057,0.05606134053314417,0.03641583463891565,0.025417294677988887,0.009293473918657041,0.0421727157067079,0.033362128596247584,0.039126483746586775,0.0407124965989971,0.031601454331169884,0.03979356409082839,0.014015450644361967,0.0587862363311991,0.06043374733252883
557,0.032168477604943894,0.0559137811317306,0.03618105912161594,0.02515954682724975,0.00922563879062261,0.04215005841774383,0.03356199761914039,0.039059328189331236,0.040482545254124765,0.03144984528064394,0.03938902193704888,0.013825197198378967,0.05867106734144315,0.06077993532191069
558,0.032118946066095666,0.055856639385980296,0.03601765978576679,0.025069822539306872,0.009187324211718417,0.04216669414356817,0.03371298848344605,0.03900613630645642,0.040398479199468,0.03133297059293602,0.03923457597603686,0.01369338134228647,0.05864125261186746,0.06104942282526043
559,0.03213301027479173,0.055910711945417794,0.036046808264662306,0.025190062274157148,0.009182044492685823,0.04218869820248825,0.03378548415940273,0.03902899578108071,0.040446377204891866,0.03133682513327904,0.039374827821803036,0.013696373440650392,0.05866131742441708,0.061160785148401835
560,0.03217423778720845,0.056020679491077016,0.03615747224272185,0.025388620705114204,0.009189752673309279,0.04220816252926831,0.03378512516936723,0.039091895131774544,0.040580837220752536,0.03139731259910619,0.03963721299995802,0.013784267722225841,0.05870343756484602,0.06114157850288485
561,0.0322021757297498,0.05612372781886221,0.03621652405412439,0.025516479417277187,0.009194257432083732,0.04223769442235565,0.03376245356552591,0.039129995565858645,0.04071431477219286,0.03142192906668656,0.0398011419976884,0.01386263373899149,0.0587333758976623,0.061072723171693884
562,0.032217515930643176,0.05617401940390846,0.036227521842955905,0.02553905659682895,0.009219267610714808,0.04228103531545556,0.033786564538306425,0.039169956059987,0.04079845782836905,0.03145394185807919,0.03983809525861215,0.013895730301144844,0.05881381162603884,0.061132680436427
563,0.03220906904594861,0.0561204943439047,0.036138454181157124,0.025452797986615577,0.0092019883091773,0.04228777212576394,0.033846012490317275,0.039166392933594675,0.04072715499279795,0.03139606924224892,0.03970325593766224,0.013844353550980326,0.0588001664604374,0.06123011801378867
564,0.03218860530425866,0.056030271392547557,0.03602840382702638,0.02534498980266429,0.00918305001236364,0.04227627749034583,0.03390463367450244,0.03913208151411665,0.040595868718118,0.03131411846994398,0.03953446438991358,0.01378301097499429,0.05874480554647995,0.06131933017345629
565,0.03216604293666139,0.05596944879731868,0.03597713212734908,0.025293693228589938,0.009192901959085717,0.042255044433389344,0.03390661759758296,0.03908631837885716,0.04052086905770842,0.031277320633694226,0.03945741767687286,0.013777050253350506,0.058698541193980915,0.06132426120882785
566,0.03221102914160077,0.056028086994488586,0.03603293595927378,0.02532404588060109,0.009161160012745896,0.04224120584216181,0.03386243994264748,0.03914303680770262,0.040608900098971286,0.03131766455822003,0.0395110241546873,0.01379767791027285,0.058700586381437374,0.06126177107966471
567,0.03222881468028009,0.05605992216306075,0.036121708458964036,0.025393835960643152,0.009174810414074372,0.0422544849091614,0.03376323947919833,0.03917507635189609,0.04068337566638986,0.03137550147318359,0.03962762311262204,0.013898960402404653,0.05877617769761318,0.06109364502108219
568,0.03222924666809884,0.05606658274142144,0.0362130554979225,0.0255086661948031,0.00920599096314608,0.042244336733634806,0.03360817017429147,0.03916969266578661,0.04073457923768747,0.03142034544610924,0.039802559499246,0.0140400320389178,0.05881126757011219,0.06080667920748289
569,0.03224481706216753,0.056096318198532016,0.0363025871652783,0.02565828702453239,0.009212375993480045,0.042181572868566365,0.03342911046304613,0.03917851912186528,0.04082517270125435,0.03147283974408896,0.04003761397171161,0.014169548984794781,0.05876502506840037,0.06049383716078491
570,0.032230094302472735,0.05613659310640383,0.03639868948878796,0.02572655252908412,0.009221658518820914,0.042150817757823686,0.03331352325877045,0.03917113882082042,0.040903347057459155,0.031568757488965864,0.040160631902990726,0.014255675179060503,0.05876052929157361,0.06029962229215915
571,0.03225876656306976,0.056085316184435255,0.036399627771495614,0.02569070827573016,0.009231350315504436,0.0421370620856603,0.03327315209341165,0.039182322695593484,0.04086064801533191,0.03156353803488455,0.04010047380424657,0.014281013523917079,0.058738888575504015,0.06020255105516811
572,0.0322800548714058,0.05599238163809573,0.03633416502780844,0.025598103037889976,0.009223369698537369,0.042106830438459496,0.033288241355630806,0.03920850703930699,0.04078531955224388,0.031518370525232424,0.03997574549614483,0.014260580884746714,0.05871797925672961,0.060244139033975894
573,0.03224213432011482,0.05596346936778589,0.03627781275856516,0.02553862247622003,0.009192578244127912,0.04205064484962301,0.0333280398017833,0.0391574298642291,0.04072526084252517,0.03146512068050512,0.039871837462393984,0.014206610416386871,0.058613701742584026,0.06030102592206739
574,0.03225615091747245,0.056011551002677296,0.03623035429135294,0.02561113498302431,0.009203695180167917,0.042043281000235536,0.03334940865845156,0.03916952836235566,0.04077780936451983,0.031396337155226633,0.03994381915195382,0.014251759248432461,0.05860257881369661,0.060328470191934394
575,0.03225432567043142,0.05610441775908369,0.036201260227301614,0.025764319714865237,0.009191836266317097,0.042048513431887,0.03339052544759909,0.039189660790599094,0.04092201061403804,0.03135210665661681,0.04013812702295666,0.014300921693363907,0.05862332446646435,0.06039202434587619
576,0.032235854672216915,0.056182434386987924,0.03617954235252538,0.02591157519603521,0.009155113459521396,0.04204930706213573,0.03345544531905765,0.039184798527732864,0.04103480865682493,0.03131508672396339,0.04030810763390053,0.014309284478305666,0.05860392983058184,0.060470129869859154
577,0.0322287646854755,0.056194476173723945,0.03612686149926585,0.025957094738083768,0.009124595122221165,0.04204462950704539,0.03356353026448505,0.039189986651449515,0.041032792947466264,0.03127271119810117,0.04033405975193676,0.014272875635348205,0.05856390400144415,0.06064362245014304
578,0.03218588310396137,0.05613894701755548,0.035887971215425835,0.025827695414253515,0.009114918273156131,0.04200002301988576,0.033841024838076376,0.039148183016306494,0.04093888038697183,0.03110154354024822,0.040107461619359144,0.014127855263897138,0.05844128375889883,0.061126180200852816
579,0.0320641861609672,0.055938961612965805,0.03551382410387184,0.025595017160775776,0.009053984146614673,0.04193406159368229,0.03419413412697744,0.03902202689812398,0.04064344811651811,0.030836850715956682,0.0396975490048686,0.013845354793361887,0.058227777179677795,0.06171971956687096
580,0.031884700579308096,0.05564467666766509,0.03502152837628618,0.025283734048236157,0.00895698175914456,0.04189355579304641,0.0345498321918804,0.038834026185185104,0.04023127550562311,0.030497703383307085,0.039156365356760744,0.013503287924406396,0.058009379833740264,0.06232180820454606
581,0.031716340451499965,0.055393710826776334,0.034449589730285085,0.02491365644506562,0.008886136463428031,0.041931210252417604,0.0348835962958055,0.038626043098789906,0.039874950692605965,0.0301003001280571,0.03852695102137083,0.01321731432293031,0.05787569614439598,0.06289639993267791
582,0.031545857472037975,0.05511196067385071,0.03407277830852115,0.02461998535630747,0.008833656086657034,0.041920161688228756,0.03535776144064753,0.038450993205065134,0.0394915927595977,0.029924502137468553,0.0380165375999848,0.012893631557641906,0.05773548339483151,0.06372508601448221
583,0.031405849837044544,0.05497031938836447,0.03384645074190846,0.02442494902705792,0.008833414541878758,0.04186626113843674,0.03570629497670436,0.03830364622244855,0.03928394047547846,0.029876876774761765,0.03763985530849196,0.012655415963150516,0.05753040944072146,0.06430449667958373
584,0.031423056658640564,0.05499712533683015,0.03380840902300603,0.024419315023049653,0.008834806900862318,0.04181267703559155,0.03578512986610331,0.03835162339259711,0.039335843715987605,0.02993630332444377,0.03756664471421196,0.012634246435118285,0.05741469960105365,0.06441869622215975
585,0.03168314003151701,0.05509455601894893,0.03401366210995623,0.024691339888806965,0.008770302216853631,0.04181768941181194,0.035652785497742104,0.038702912237798495,0.03954815057754376,0.030073029283550996,0.037935515122677003,0.012869404408701489,0.05755064862266434,0.06416289650578454
586,0.031812690062647454,0.05530901947746197,0.034325661413546725,0.02518414065126454,0.008697907185907449,0.041895368386075625,0.03547586506292702,0.03892819367837238,0.039985238072472916,0.030142450335559425,0.038642765880696456,0.013150335803550425,0.05783398646219105,0.06383432778469728
587,0.031997362676122236,0.055630533565329994,0.03481325605689838,0.025768043046423796,0.00872699126482169,0.04189068242888348,0.03510969029116625,0.039198480679321336,0.04054733762116702,0.03036788184696825,0.03952662335443799,0.01366099824889812,0.058030845929122464,0.06318035034262218
588,0.03218910618568286,0.055934796545356526,0.03524166775717439,0.02629313050104853,0.0088242368809603,0.041798126122512456,0.03467946319720797,0.039430582438874325,0.041027106415604656,0.03062095012045412,0.040335285511685796,0.014144174619153734,0.05806816073687743,0.06241176752347588
589,0.03225039350563449,0.05610450694031745,0.035373037954435235,0.02665300800598739,0.008868956190845488,0.04171534943298032,0.0344015797850809,0.039473563669346845,0.04128057839930804,0.03068622697386736,0.04087322846395602,0.014284327903626973,0.058036940151101016,0.06191004662285813
590,0.032105275680277844,0.05599966971126654,0.03534747191581935,0.026757033543090218,0.008939764408549966,0.041647525532426,0.03421487240032404,0.03928657597066539,0.04127248899017645,0.030663106275638372,0.041013521127645315,0.014394105311450293,0.05800865936411408,0.06157442883295876
591,0.03204544800524573,0.055730010055908975,0.03516864681274507,0.026476160699840257,0.00885984399317774,0.04157445429663523,0.034248682131994564,0.03919697838349964,0.04102210223241362,0.03057335775906695,0.040611799310960546,0.014364214869559348,0.05787730922715964,0.06164192121791456
592,0.032024441354238736,0.05532266527529754,0.034826987850930705,0.025966222884660866,0.00871373357546032,0.041472650123446204,0.03440880134795867,0.03915438805743313,0.04056581422686669,0.03040448965871302,0.03987055147324482,0.014167096786251573,0.05763797558853865,0.061941965947716233
593,0.03186060943530833,0.054822579345577396,0.03436136819764133,0.025516985024729395,0.008648838565691066,0.041317684114658214,0.03450713701444821,0.03893405402924124,0.039984487472455504,0.03013172176104022,0.03915031190349983,0.013827766634946245,0.057305564532399794,0.06209656959737549
594,0.03164470894417979,0.054702267415670025,0.03413278799117696,0.025315893235867054,0.008589071952317073,0.04110629915892342,0.03453263973437388,0.03866917993249334,0.039855316834201494,0.02997794750276493,0.03883558752092616,0.013660544807581321,0.05697117180087508,0.06214316297693542
595,0.0315824287248116,0.05457510974698106,0.03401142566661557,0.025304097736438727,0.008492425231571715,0.04092276354172021,0.03442444462946436,0.03857844607193517,0.039812406667410725,0.029851286355744057,0.03882530065810416,0.01361627173609598,0.05676524917626528,0.061971509123731894
596,0.03164118994488795,0.05443511103027815,0.033953282772082344,0.02545019738392494,0.008417621497458696,0.0408168668522375,0.034209541980737106,0.038622455158897194,0.03981202031616224,0.029734795450515716,0.03904511513510046,0.013710882885912757,0.05670754609636139,0.061598483527357466
597,0.03164206820055969,0.05443306417129966,0.03396931098937184,0.02567242492151468,0.008435547191651275,0.04075088888507895,0.033965740698871046,0.03862329380346495,0.0399620084568656,0.029689535998413227,0.03937113663853861,0.013944829263730458,0.05670565620927421,0.06116403627341741
598,0.03158876233951897,0.054379969097828315,0.0341764791896281,0.025716594509093596,0.008518105052563956,0.040559197939066274,0.03378412352218449,0.038583627101942936,0.04003590279439766,0.029923078210262178,0.039440092777843355,0.014207970556739046,0.056541194821799236,0.06084938606094394
599,0.03157866549729605,0.054330175127992646,0.034250110631974855,0.02570465128391977,0.008518887511566762,0.04036146041072517,0.03361963145752629,0.03855301547838867,0.04007945814726116,0.030035682288175544,0.03940350750894973,0.01434259521442181,0.05632185001630967,0.06056292698324635
600,0.031558114254806965,0.0541358321865266,0.03413568242965133,0.025664286959504626,0.00844823620541748,0.040177766540751905,0.033449257290504686,0.03850656349936508,0.03995906600544565,0.02994406567015153,0.03933219866162164,0.014345757227577138,0.05609223536300055,0.060268361062554295
601,0.031460529459227,0.05371373987988676,0.03395802502333371,0.025586326575982508,0.008401194307994209,0.04000149113554439,0.03330044722704018,0.03840178890704656,0.039585001549172716,0.029768110505821132,0.03922821587915205,0.014313559442496354,0.05585373145932597,0.059988924691103895
602,0.03138539897129908,0.053458173186061095,0.03372525013691978,0.025462875398712746,0.008399647010061373,0.03981950792625572,0.03322950979481674,0.038299849595556594,0.039420661098954875,0.029616635999904904,0.039062691445972984,0.014368624623024368,0.05561131925579253,0.059878817997763456
603,0.03129701145125638,0.05321937606974841,0.0336167059054355,0.025357545471364522,0.008385125310170324,0.03965864671177798,0.03305845331927074,0.038183220275012655,0.03928740907345203,0.029557123697038886,0.03890887667905488,0.014428403280889512,0.05542598021037906,0.059575523130919586
604,0.03120678718603972,0.05299673947231366,0.03357551800589515,0.025286192446071186,0.008377027217401608,0.039496485380794775,0.03281099429039876,0.0380656316492147,0.039178357803035864,0.02953364814526317,0.03881368762702259,0.01447043889732978,0.05528446125118943,0.05916056402012381
605,0.031144443320937402,0.052837688567819556,0.03346661805801931,0.0252411250813396,0.008407222834626518,0.039302751963179484,0.03259135579385712,0.03794361758721301,0.03910904711276242,0.02943573569701434,0.03875454109352942,0.01450243721342899,0.055085356546416116,0.058805328454358076
606,0.031148608686411658,0.05270916134049942,0.03341301935757568,0.025252409126648175,0.008405826147223785,0.03914461321345229,0.03239142689485473,0.03792460711189443,0.03906170603106146,0.029414597540474863,0.03874647683150009,0.014597540395989456,0.05487859559018883,0.05841759918581478
607,0.031113318498433396,0.05259772239574787,0.033355790372640776,0.025238495304485176,0.00840296562837017,0.039007880193691225,0.032227027758259495,0.03788800405631315,0.03904256764077617,0.029358146698394857,0.038732834377808785,0.014663152668530377,0.054710904334688795,0.058127050254063235
608,0.031013994950556643,0.05246361428808083,0.03328151240309766,0.025191180367163224,0.008391432446699109,0.03889107873211463,0.032098371562787484,0.03776012410011334,0.03897883113513044,0.029278442015964502,0.03867097168935668,0.014749717026344936,0.05457998321458806,0.05790909425076851
609,0.030893402529742955,0.052284958423470265,0.033201639037663044,0.025133309068818523,0.008371658356326356,0.03878348994157914,0.03198602348606905,0.037597486862983275,0.0388597957772274,0.029250666470121214,0.038589000776383164,0.014917782874892293,0.05449692052014631,0.057728365612413915
610,0.030871606876844062,0.0521081667044576,0.033101205075219055,0.025049658751552194,0.008392329784729969,0.03860824517223167,0.03183214276434921,0.0375966649345429,0.03877552868324241,0.02917367629141059,0.038496943860289366,0.01492933403574784,0.054300936691947195,0.05746601666891969
611,0.030838722219836724,0.05199662255009167,0.033094537261586204,0.024969215958187813,0.008446997628559246,0.03847857394261881,0.03160979128384719,0.037533499283269,0.03871567016439659,0.02915740644420976,0.03839018250296137,0.014985434941023305,0.05413604987093818,0.05707845832951979
612,0.03083834581860661,0.051902009019542464,0.033107689457942194,0.024924500539578735,0.008492882086057987,0.038404280827217266,0.03140856392815954,0.03749704342792069,0.03865795609232075,0.02915958587092634,0.038331816128404694,0.01510315987773839,0.05405681872114262,0.05674589192133733
613,0.030918644955066854,0.051791719709653926,0.03308666638187657,0.02493393133159692,0.0085044384896898,0.03835824255640126,0.031301897582228254,0.03758050756034219,0.0385916831604282,0.029133391024218084,0.03835367728634851,0.015217679576602083,0.0540342270250813,0.056574634695146016
614,0.030890173697711347,0.051711035484985964,0.033207746998460644,0.02491968246859794,0.008517347237271785,0.03826202288463062,0.03111544454758883,0.03753332158024507,0.03858703685123737,0.02924028907175597,0.03834194082900604,0.015263059910507982,0.05396338982565522,0.056240810076717725
615,0.030842804401848133,0.051688557873923915,0.03334876006458815,0.024956690037671425,0.008564820432755157,0.03820603954374919,0.030979929635212684,0.037488595251260054,0.03865140424546386,0.029392909418644517,0.03843003504469247,0.015394863367305587,0.05395150654029595,0.0560247853833421
616,0.030844125730349135,0.05171421680280662,0.033450818618007715,0.02507573003224808,0.008634674331597883,0.038180580420641944,0.030825104791164726,0.037481987565056496,0.0387376448579844,0.029472039749822636,0.038622247502052086,0.015539723528663826,0.05396899598201272,0.05575543009909153
617,0.030910632370006002,0.05177120751070722,0.033518582093501,0.025253068775628485,0.008715167717200692,0.03815629308780554,0.03059752547971076,0.03754734675572745,0.03885455653886331,0.029477651086762577,0.03890358020381711,0.015653753794039993,0.054028620905592906,0.0553690341605825
618,0.030900889969954003,0.0517976609253742,0.033609036206646466,0.02534125771613083,0.008808135606303806,0.038097232168299015,0.030420742126021433,0.03752223196890691,0.03892121093814688,0.029504128510919072,0.039062941353333255,0.015853644933280953,0.053988812375440794,0.05506797315596777
619,0.0308237286480139,0.05180509367179036,0.03363433147822901,0.025351538674374733,0.008885596874576478,0.03805571479910671,0.030295964074829193,0.03741551636864162,0.03893771966945358,0.029514142701681467,0.03908978774497574,0.015955996266412587,0.053927889579437366,0.05484208975113671
620,0.03075655624794687,0.05171256375306229,0.03361052267527126,0.025265066432275888,0.00887252832025999,0.037982906416101164,0.030242792873945688,0.03732917256443585,0.03885495108212501,0.029524047619478088,0.03898805992999821,0.015902931798020215,0.053828190878818336,0.05476247205120274
621,0.03074826509700459,0.0515162079706154,0.033551132312922914,0.025089458219268463,0.008763366003694588,0.03789031159176821,0.030270807462757614,0.03728354984457785,0.03862889073263233,0.0294928731130021,0.03873563801476321,0.015736416708146107,0.053663876096926945,0.054796565120230505
622,0.030663527044555723,0.05133376475500754,0.03330557760073483,0.02483825257356801,0.00868194598288947,0.037920189195509005,0.030302414953509618,0.03719412221607317,0.03840714699245844,0.029324899223647904,0.038367306992123505,0.015662072559175656,0.05367522782520927,0.05486371580162393
623,0.030631647618886943,0.05119828957130065,0.033157079342375564,0.024672440236731763,0.008662579719043073,0.037864873754738945,0.03036207119705404,0.037134762669656915,0.038238734993124066,0.029218544066916884,0.03811615738021288,0.01563359970929698,0.053574773988048566,0.05497132535069369
624,0.030627277523029826,0.05109878271278757,0.033118068084034356,0.02457708493047202,0.008668285430894169,0.037800045792410156,0.03039816802506978,0.03711560276681653,0.03813252998002623,0.029206940035293973,0.03797424339537961,0.01559805285703227,0.053454422745375235,0.055036702838746246
625,0.030616992113531,0.051046928800230165,0.03312227030672272,0.024532586845812224,0.008666759851920365,0.03780460672107045,0.03037992579236689,0.0371133645304409,0.038089005773919056,0.02923231486776964,0.03790747089452714,0.015540495852108323,0.05341900162625521,0.055000843658508235
626,0.03062332838573027,0.051099769618371614,0.03309485541310276,0.02460700488589451,0.008678403572208308,0.03777335925278207,0.030342940619959992,0.03710187010254139,0.038149994208279726,0.02917512064560662,0.03801153560268818,0.015540043904737079,0.05340826970630059,0.05493997970832398
627,0.03065651185065698,0.051148654253281384,0.033164751722248684,0.02469774724304646,0.008689423959015998,0.03777406776503223,0.030279302407399025,0.03713470265525578,0.03819963432240442,0.029191344716713315,0.03816490742850676,0.01563036962355318,0.05343221513226662,0.0548313821571986
628,0.03068079004762896,0.05124417334553904,0.033252055403214534,0.024775454643353394,0.008745589915968535,0.037785294876045775,0.03019386495047129,0.03717700884892716,0.038326977266753555,0.029252356516942146,0.038292530087075116,0.01574712837034892,0.05347987933387451,0.05468680349203574
629,0.030686164986544147,0.05135617436696554,0.03330370344724193,0.02483590567183807,0.008835772822095609,0.03779472828194266,0.03010182129228409,0.03718519287953566,0.03847473782164979,0.029292790626379038,0.038359324136893656,0.015835032504775623,0.053517570939429854,0.0545096790347642
630,0.030706331660164652,0.05126942650024337,0.03337682893276497,0.02487142171294026,0.00884851990142854,0.03781337553047117,0.030011154983662556,0.03721563256534261,0.03839492428056361,0.02933535143248975,0.03844452054131037,0.015923847853971253,0.05358479893613129,0.05437967934589918
631,0.030771383947887622,0.051353834425645846,0.03351337918049387,0.024931030936297737,0.00885958507417735,0.037842701190337044,0.029927478315605667,0.03728645559983673,0.038482039646790714,0.029457678190974397,0.03855029808673015,0.015930137844685065,0.05363445137105867,0.05423777811464212
632,0.030791074977716146,0.05140496500473021,0.03358394509891435,0.024942096812464745,0.008869557228401572,0.037826511827262536,0.02988093658083191,0.037306559646940934,0.03854606666543269,0.029525397974949165,0.03859176049423627,0.015924250357746486,0.05363315709727035,0.05416180101727018
633,0.03075331462630329,0.05134472904222417,0.033571672334111034,0.024899463969773675,0.008893728655853297,0.037776881998397696,0.02985082045092536,0.037258837295466515,0.03849862532531609,0.02950879056845724,0.0385513224202653,0.01597163968545631,0.05359253491788192,0.05411058843377254
634,0.030768739611682052,0.05137706883478444,0.033628494729020686,0.024900193891080672,0.008964275974371026,0.037793977014970975,0.029770336126356017,0.0372880473842431,0.038552704214565275,0.029582190726853863,0.03855993253894746,0.016093337466961212,0.05363934000714777,0.053979590272453665
635,0.03080842045354411,0.05144165436152964,0.03367525725060076,0.024885175168660727,0.008994326220364187,0.037814511814037735,0.029696984685037814,0.037310736619744,0.03860616396784203,0.029610888806678563,0.038545771916290966,0.016134117267857507,0.053676555626202084,0.053861523503257625
636,0.030807137784375837,0.05144838290834252,0.03364593322261498,0.024876724099554024,0.008953257668461834,0.037815067294046496,0.029674750367689837,0.037278933576161966,0.03857500132169745,0.0295458017481656,0.03853227950604593,0.016096689838467165,0.05365736345574492,0.05381579547801872
637,0.030777884325276363,0.05140042029006959,0.033593039607299646,0.02487362020070784,0.008899098355644066,0.03781786738123987,0.02968578003843693,0.03724835728911872,0.038503105918496504,0.029480015365657235,0.038543506420896684,0.016040960179409914,0.0536565360850121,0.0538475543868607
638,0.030817899350138296,0.0514220490667888,0.033670345077969455,0.024857248842686964,0.008946196704649693,0.0378820918558992,0.02968216639507337,0.03730720954068113,0.038507286780631596,0.029562919651786194,0.038547745151288726,0.016034721630276073,0.05376084740850177,0.053867037370379435
639,0.03082119251712374,0.05148846406412115,0.033727412188118956,0.024800202978407307,0.00900831485763147,0.03781777332688533,0.029662869022409367,0.037295671258850784,0.03857398310718764,0.029624681655343415,0.03846753375972368,0.016104683099624283,0.05366920608636252,0.05381835541598638
640,0.03079111389960855,0.05153142038083022,0.03375290853132462,0.024774168949238812,0.00902790268796514,0.03782857814636884,0.029641823532616064,0.0372587850510791,0.038620759921265777,0.029645897345764272,0.03845628993388138,0.01612924808825017,0.05369602100632149,0.05379169773830567
641,0.03079823103833071,0.05153358233389573,0.033781616599880326,0.02478967285804701,0.009011770727004275,0.03792640490353625,0.029642292100770455,0.03726228907797795,0.03860151880534771,0.029653037742252673,0.03850223409863216,0.016090781286597647,0.05382297458422648,0.05380428561436537
642,0.030911452481446094,0.051543503915617704,0.03385063458683671,0.02480885033670298,0.009006978854597208,0.03797587492331847,0.029682175234774212,0.03737740022518014,0.0385785131646157,0.02970827131899512,0.03852084090269676,0.01607191391086182,0.05385409733335544,0.053863761141007126
643,0.03094182653473745,0.051657711101909434,0.033834069797504515,0.024817067098529214,0.008977587683806462,0.03801220637334893,0.02969598544340597,0.037405045365079985,0.03864802814386282,0.029667842874578944,0.03850903133690294,0.016007897729245407,0.05385914569611558,0.05384492639082491
644,0.03087126738772795,0.051751980627189574,0.033910942155588396,0.024894917424994452,0.008965527310643259,0.0380439465019712,0.029721944976349,0.03735567253181373,0.03874112436102698,0.029753423485249002,0.038625158608139414,0.01597308762810011,0.05392103669381319,0.05388411085012061
645,0.03085236546708695,0.05177691540902501,0.033971757670922205,0.024946846373156892,0.008967936567715686,0.0380671352395986,0.029740903816714386,0.03734177371376848,0.03876859804350158,0.029816101168128495,0.03871390489554341,0.01596559751665975,0.05396830521869227,0.05392189689397939
646,0.031004758105170227,0.05174907477013501,0.033850042864668195,0.02486150432633353,0.008962869027054766,0.038073356091822184,0.02972486635110949,0.03747728814812681,0.038717184375498225,0.029663468890187367,0.03861060283615714,0.015957909758902027,0.05394974361527771,0.053904114269473995
647,0.030988504452998278,0.05177120415378734,0.033907319569861316,0.024911517295069026,0.008979752532734241,0.03811419010015119,0.029791729788913753,0.037494928823811745,0.038674345691305935,0.02969329632217434,0.038669604598153516,0.01594433150334054,0.053996548525602095,0.054023250735081386
648,0.030926553707478627,0.05182844809141031,0.034035396589045835,0.024949079168907325,0.009007632073906641,0.03816135957534937,0.02986133771269155,0.03743573038069358,0.038674775261462645,0.029802021254968072,0.038728249416616733,0.01596225529833458,0.05406078406638444,0.054157702172140186
649,0.03089264250359705,0.05187859990640075,0.0341235622922064,0.024944082617796955,0.008969311099426754,0.038206327314295435,0.029906141795543732,0.037374400037985686,0.038674011896791025,0.029874131651064798,0.03872437887676501,0.015905540783069542,0.054093658384525664,0.054228825563546114
650,0.030896937287998506,0.05188497424459981,0.03410482469769517,0.02491197976970444,0.008860284238136385,0.038244536815203754,0.029929366767868334,0.03738104425861963,0.03865711431197902,0.029856376873626297,0.038679509198030614,0.015758769295181625,0.054111922501763464,0.05426435297413247
651,0.030456604271238003,0.03125505827115903,0.02391018045893164,0.028062279525144784,0.008469914973233001,0.04026493121266607,0.054761444061675664,0.03671442774102664,0.018940702896785414,0.021322527881596,0.03126326418907859,0.009052116830475998,0.04483523269240902,0.05288849529412776
652,0.03047254827314021,0.03130251507188631,0.023900921597572868,0.028103496368076433,0.008474217715636428,0.04031793480805902,0.054814656544840336,0.036740745838202686,0.018950847499678677,0.0213019574460955,0.031310160344742634,0.009059433666404697,0.0448965869060284,0.05293453588525793
653,0.030498256807111046,0.03134496801281205,0.02393253592732079,0.028153533933594443,0.008481362753945954,0.0403717145226798,0.054875908021555515,0.036784092026061144,0.018972132892683388,0.021328281416781367,0.03136760002603747,0.009068674976200067,0.04495916460297768,0.05299469327098415
654,0.030535844246465858,0.031380774155761536,0.023979168374487037,0.02821204761114145,0.008494364267185712,0.04041009119243296,0.05492448446544073,0.03683707768981414,0.01899451403577518,0.02137340739970832,0.031427112330842694,0.009080846718760633,0.044995113754530545,0.053037189253089874
655,0.030561412641765772,0.031421407746024935,0.024012353789799004,0.028265033244031228,0.008508017681791252,0.04047293902809586,0.05498982556986902,0.03688100445630075,0.019016372974804036,0.02140659358645915,0.031490410262486265,0.009096565101474881,0.045070262093008864,0.053107250010868814
656,0.030589378969034395,0.03145874269703958,0.024059183790438657,0.028333194187417584,0.00852360042044701,0.040556755125505196,0.055093593143679176,0.03692208875204889,0.01902853081487024,0.021452102729580633,0.031563894040102104,0.009112327706655468,0.045156269307883266,0.053199416677839166
657,0.03062574673714352,0.03150597322366185,0.02413145449967473,0.028385261688893246,0.00853968315248807,0.0406435046226142,0.05516884288869726,0.036962226083275776,0.019065829417983588,0.02152012275309269,0.03161924489912602,0.009127615678091682,0.04524838680001286,0.05326864163989875
658,0.030672897696595664,0.031583694350420875,0.024116028455631305,0.028455111137673773,0.008552024187761987,0.04073668095637784,0.055243410073151186,0.03702891028054311,0.019131190321359955,0.02149729374224909,0.03170592472942412,0.009145616059870803,0.04536242427524309,0.05335404225684813
659,0.0307225638125069,0.031659101606221894,0.024128158648164567,0.028483401708755084,0.008555255823771857,0.04082820484017758,0.05532353909988076,0.037100918056742975,0.01918185008610974,0.021504858382662407,0.03174303975971667,0.009154951124145673,0.04546521859918966,0.05343030535894506
660,0.030757118579872712,0.03173124612668747,0.024185195043567486,0.02849884092425004,0.008558616878890302,0.040907543504458306,0.055380434358909596,0.037159680726823956,0.019236216936664486,0.02155960194308497,0.03176884739498064,0.009164240285692304,0.045558491463671386,0.053490097623970674
661,0.030803458915076316,0.03179978260891478,0.024194244356067072,0.02854439270273493,0.008557062666205527,0.04096884328049457,0.055474105503948705,0.03723271341636401,0.019269129837282264,0.021550471136784256,0.0318204672904897,0.009166344979999552,0.045623837325632174,0.05357713609841514
662,0.030860379669310958,0.031878891201723034,0.024273583929347982,0.028584091920675816,0.008557400070579401,0.041044579020063296,0.055578487425716555,0.037311472578139535,0.01928334525369776,0.021609136000886705,0.0318596619465185,0.009168515676015149,0.04569984825776492,0.05367021815294798
663,0.030882836413874667,0.03192795370189014,0.024365491306796747,0.028642219855824675,0.008560002806264264,0.04112702556355775,0.055613578804580684,0.03734791588186684,0.01929179501509028,0.021691245454470338,0.031925537959685606,0.009174698892478118,0.04579553766987451,0.05370725922855664
664,0.03094510907247454,0.031973713612243757,0.02438433438846014,0.028724040674734098,0.008561379982727678,0.041191244657277915,0.05568842919373556,0.03741281453674831,0.01931524570858836,0.02169274833223167,0.03201212858148276,0.009178091988039289,0.04586347227101908,0.053777782445104644
665,0.031000598240930575,0.03204010850049815,0.02439841765891556,0.028777939609610823,0.008565183804545944,0.041252064028083554,0.05578008939101885,0.037486594714561366,0.019365210809944706,0.02169863642283467,0.03207835326811698,0.009187509932338111,0.04593664475059723,0.053878120736936125
666,0.031033549034617913,0.0320893550564475,0.024413461457520488,0.02882791739961013,0.008575049722647644,0.04132471756675213,0.05586876340556442,0.03752767165934575,0.01939028568952252,0.021702953576393867,0.03213220832678561,0.009199626683844045,0.04601105213935511,0.05395668574393118
667,0.031055999931853675,0.032115402435561616,0.024402812222793,0.02885767367998395,0.008599646253151755,0.0414054453743931,0.05597874188300041,0.03756406639102259,0.019415429303708705,0.021695876549652507,0.03217536118081326,0.009226408699990874,0.04610732223486062,0.05406752115446773
668,0.03108376204897154,0.03216236401762687,0.02441216183866089,0.02888838851487018,0.00860951124266684,0.041471592453954965,0.05608454877137122,0.037600603596865505,0.019436057219098135,0.021694999005443017,0.03221127773712655,0.009238985948648743,0.04617907203328199,0.05416952113769708
669,0.03109989929008687,0.03221381243431868,0.024417819164080163,0.028899494982166585,0.0086151906330784,0.041531784010703336,0.056193402461575795,0.0376310295590272,0.01944947242780842,0.021688348550407622,0.0322282234295533,0.009249337246749782,0.04624575424925493,0.05427596512887655
670,0.031089081562000714,0.032262140999867135,0.02445336099565276,0.02895741318704941,0.008620698530000004,0.04160532148055438,0.05627551733566628,0.03763287235687805,0.019449511082901116,0.02171334817733927,0.032290962770442085,0.009258784935152548,0.04632666322919885,0.0543531394439105
671,0.03111808363124166,0.03233056156203823,0.02451098842715964,0.029017708521361273,0.008621254200480018,0.04168068607971099,0.056355623948279684,0.037672248725733395,0.01948267351858027,0.02175713955774084,0.03235718504055045,0.009263167877027682,0.04641309537570632,0.05444238520450185
672,0.031160324645204966,0.032391215245896464,0.02454761978325127,0.02908031687997846,0.008627186305941805,0.04175865382731203,0.05646054974882145,0.03772783457505247,0.019512780542510388,0.02178188766962347,0.03242289675545708,0.009272055711020074,0.04649395812624607,0.05454380712265543
673,0.031191649107588492,0.032440594418001414,0.02459432173462774,0.02913026639379011,0.008636291517564882,0.04185369531613251,0.056556706025149776,0.037770886679768786,0.019537800087478973,0.021830987669661017,0.032477790781182986,0.009284293764514239,0.04659939340194754,0.05463118510732523
674,0.03126301657787946,0.032509563515881454,0.024650132434008695,0.029170512664873624,0.00864850914357217,0.04195421015574622,0.056674724490531375,0.03784792795233763,0.01958631518467357,0.02188337230173801,0.03252471882310718,0.009299107456270736,0.04671233939612572,0.05474802824411047
675,0.03133687982072642,0.0325558712653043,0.024670418577512607,0.029174478295358283,0.008661363433113915,0.042008497663199036,0.05678101588744017,0.0379388875600231,0.01958914680353957,0.021894129003964737,0.03252798508879741,0.009314644065871965,0.046766181628108416,0.05484222357722695
676,0.03136986987571433,0.032587956033617874,0.024672537421853217,0.029165161737998692,0.008665730892809477,0.04205219746299749,0.0568448639212421,0.03799263006322321,0.019561682496594873,0.02189218036901391,0.032522758668488395,0.00932466451080096,0.04681623993952894,0.05489946344619219
677,0.03138876037132388,0.03264270370520539,0.02465774644413236,0.02920180681056842,0.008675172366525005,0.04212228013347824,0.05694280584202449,0.038018589490153375,0.01956951287896526,0.02186263184959203,0.032566058706810175,0.00933756223229923,0.046894894448254475,0.05500290704048237
678,0.03141728072330702,0.03268408781777794,0.024666368843628397,0.02922832991130959,0.008680831467657628,0.042188084037403,0.057029820243257104,0.03807295291305394,0.019573137087419847,0.02186181973204981,0.03260489253342565,0.00934869148438569,0.046975989768470616,0.05509777688493074
679,0.03143390218612232,0.03272495537063837,0.02468242129046246,0.02925391457839824,0.008685052560982108,0.04225672105380673,0.057121251597939245,0.03810591496052006,0.0195860066862331,0.02187549996464356,0.032639831455925805,0.009357563130598654,0.0470556221635738,0.05518893622755758
680,0.03141693633865828,0.03276839191825126,0.02471777641063479,0.029291963225451516,0.008685843837482894,0.042356856273674,0.057261054876365645,0.038085372037232494,0.019633184174531467,0.021916770152549926,0.03268694836433049,0.009361496695727545,0.047167225916707106,0.05532368688904114
681,0.03142898292219171,0.03281892472130695,0.02473997460273051,0.029328791646296433,0.008695711817175947,0.042429182258028254,0.0573531859066161,0.03810648496149757,0.019666195399236697,0.021937510108153115,0.03273369079239904,0.009375312733826658,0.04725198668064045,0.05541665262304242
682,0.031458731935190797,0.0328791303578516,0.024781948588570944,0.029363172333133864,0.008708501252699223,0.04248487162120435,0.05742468105436935,0.03814681667929595,0.01969405412453934,0.021972962342091132,0.03276930444293213,0.009390508720966232,0.0473064328406906,0.05546950349612633
683,0.0314848397916035,0.03292219180649288,0.024774779397156988,0.029402016794474642,0.008720627647812083,0.04254522433179111,0.05748866192220235,0.038186760190185555,0.019713400398836196,0.021969692240682768,0.03282078371793798,0.009408094799930246,0.047379941963648926,0.05553664608394599
684,0.031507670597695214,0.03294713246849534,0.02476410904302434,0.029427932612784462,0.008737661761789023,0.042625003489747404,0.05754016816502142,0.038218692894744596,0.01971953154075913,0.021959528528722752,0.0328574037509015,0.009428289854695559,0.04747811406421231,0.055603614352157354
685,0.03157225194676939,0.03300858835703626,0.024799708235210088,0.029465341932388294,0.008751359797492272,0.042724971984696734,0.05760565498904376,0.038292603300665744,0.019732076815211295,0.02198132253489238,0.03289088815442241,0.009441595456724506,0.047575451627420176,0.055651234563200154
686,0.031643885635850084,0.033065025613689465,0.024846431466918197,0.029523777853097732,0.008756006199219103,0.04283677763515512,0.05769662255602839,0.0383867856552267,0.019761134112873217,0.022025364423382102,0.03296452416408877,0.009451682733362377,0.04770962592687047,0.05574724164461988
687,0.03171517203396168,0.033111913840945126,0.024920033502762333,0.02959130878943308,0.00876281247355585,0.04291897927880165,0.05777234954552315,0.038477032987387624,0.019792235447029637,0.02209499253724612,0.03304403741943151,0.009462716737053315,0.047809101698094776,0.05583089750938865
688,0.03178491426863959,0.03319723892718761,0.025028139153444,0.029693015553218276,0.008776504592496646,0.042972872966182685,0.05784302553210608,0.03856122014444128,0.019854585540200836,0.022187860876672575,0.033148965772413164,0.009477115294595589,0.04786096224431602,0.055890953209626455
689,0.03185195765502535,0.03327309423094021,0.025100405781730208,0.029808090002111338,0.008798083334898727,0.043058061971356885,0.0578997627064214,0.03864438187731354,0.01992587394981929,0.02224850591900488,0.033275770197307555,0.00949806627847426,0.0479535332747775,0.05594014645547665
690,0.03191213856657008,0.03333960629486642,0.02515685556224266,0.02989472144374969,0.0088178774745942,0.04314850119478487,0.05793987598051789,0.03873346966059404,0.01999725342392046,0.022305467400458513,0.033378191583685074,0.009517565921200542,0.04806169609186265,0.055990148270523246
691,0.03196663363036781,0.0334214906747813,0.025229771728705518,0.029946862642825863,0.008834647102573706,0.04325513536890994,0.05799224234384038,0.03882092181482725,0.02007291838211603,0.02237950248677189,0.03343170975108257,0.009531503514442572,0.04817513007351694,0.05603541127578696
692,0.032030664024890965,0.03350244083185585,0.02530100193687334,0.030026134317355384,0.008847360386310853,0.04337671110753732,0.05804755253252678,0.03891236245081577,0.020148742032687197,0.02244717630232918,0.033520032362168335,0.00954345620806761,0.04830780687224528,0.05608045200219486
693,0.03210959373047642,0.03358625235333555,0.025378915835675083,0.03012751786891448,0.008859561374129722,0.04348372872040944,0.05811462127441096,0.039007174092143514,0.02021942227770411,0.022512995338811313,0.033627004551803154,0.009554274359255686,0.04841908556492368,0.05613476557610732
694,0.03220564813434996,0.033673109616840634,0.02546704061866228,0.030252006944869306,0.008864668590593774,0.04357851091768871,0.058207727616929654,0.03911906357835971,0.02028946500019321,0.022588037978784763,0.03376401607089414,0.009561342453201465,0.04852512552416485,0.05622549738691638
695,0.032302096120126085,0.033757862278536416,0.025559414169975994,0.03034498102449767,0.008874286159846586,0.04365084858465646,0.058269102938355015,0.039240851219219754,0.020364858519333295,0.022674621103304288,0.03387205330729059,0.00957474254743035,0.04862039559232829,0.05630279189856851
696,0.03238587781203241,0.03383883661671208,0.02565202960570799,0.03043606949706629,0.008888078676206546,0.04373009096714469,0.05828099206293262,0.03934419598594512,0.0204403141589615,0.022752859932604178,0.03397546371146471,0.00958927339048763,0.048713022239751845,0.05632459897352328
697,0.03244397240811509,0.03390004887734224,0.025729881561425683,0.03051710692474064,0.008906425975691655,0.04384952570974878,0.05829374963174828,0.03942247099829454,0.020490478594224516,0.022816300279594793,0.034057867470267046,0.009604290690308711,0.04883997726516754,0.056335845105095345
698,0.03250371117396265,0.03397116938384104,0.02581642307759532,0.030570932188068993,0.00892231260485099,0.04396983685510789,0.058286150235009826,0.03950318500569551,0.02054069122626965,0.022891240817923583,0.03410718314462399,0.009617846336059376,0.04896839513488848,0.05631656381174743
699,0.032568500060445975,0.034040092690343915,0.02589803101258664,0.03066060040269731,0.008934115016633054,0.0440709688948214,0.05828365013738654,0.03959596730720482,0.020590571370328596,0.022960996789395605,0.03420480231161408,0.009628988777545288,0.049080105357756545,0.05630559033851302
700,0.0326284854607368,0.034088851703414455,0.025944718265325253,0.030782941332915204,0.008946234694772666,0.04416509563521735,0.05831370351004681,0.03967659385222231,0.020631023976741027,0.022995872213373646,0.034337652843951245,0.009639844743286828,0.04918270517666932,0.05632880060129689
701,0.03270728022208972,0.03418534632940498,0.02600542428621082,0.03086796254300865,0.008957785765660461,0.044227727305243596,0.05835971329171759,0.03977515500793352,0.02072313783326648,0.023045965601356057,0.03443232940192133,0.009652455661340471,0.04925473965067608,0.056371678409469765
702,0.03277119800519163,0.0342638111364789,0.02605941925565593,0.030930959561893224,0.008973830237426404,0.044272838317049444,0.05840650626068615,0.03987438768555849,0.020801940150818793,0.023088950176886384,0.03450648746067321,0.009668564827355015,0.04930641948045397,0.056419570767641494
703,0.03280582859760287,0.034312961574247354,0.026116480691942175,0.031009786663053776,0.00899550945138041,0.044350930966444845,0.05848069295423955,0.03993675029897817,0.02086066799888917,0.02313070920752019,0.03459981857399859,0.009690115182474,0.04939630221264783,0.05650091561148952
704,0.03282304784511952,0.034405630290112094,0.0261759352291635,0.031095450618682016,0.009014687647145405,0.04444126580206453,0.058545891929275416,0.03995974697298067,0.02095337616740828,0.023168510445848528,0.034683799530172976,0.009705140560529948,0.049483971706799766,0.05654551567586456
705,0.03284549369784202,0.03446167931394774,0.02619657161156039,0.031179998558978798,0.009023628865565975,0.044496304239700725,0.05855898492641693,0.04000955340311626,0.02101118728157019,0.023177269070168423,0.03477452717970153,0.009711566325584146,0.04954654086719426,0.056553664832065476
706,0.032886500389379784,0.034517995911471124,0.026228548933312053,0.03125981906779505,0.009032344885762544,0.044564318145985944,0.05858967809473986,0.04007691088992693,0.021068705049027685,0.023198647287047524,0.03486468173943543,0.009720119945687217,0.049628562827760306,0.05658797095455105
707,0.03294772517294991,0.03456591910933341,0.026248368923298123,0.03134533104962411,0.009036062765289628,0.04464213053382338,0.058612540793249936,0.04014944860980706,0.021115218771445066,0.02320459575563993,0.034953645533782635,0.00972182186832071,0.04971266249556116,0.056606092216038774
708,0.032998015988104576,0.03466346834233746,0.026281836416575267,0.03142680371127176,0.009039228099269419,0.044714708213942085,0.05864648453066129,0.04022197409573732,0.02120659525278995,0.023227470695427018,0.035038316448088434,0.009725244484765574,0.049794527629173024,0.05663649748624731
709,0.033020979537621606,0.03472765978946773,0.026297765480988344,0.031493393267781236,0.009042026253595507,0.044749991798089965,0.058689456271301205,0.04026978419619125,0.02125991707423052,0.023228737780712754,0.03511088736306921,0.009729275642934977,0.04983371053278084,0.05667984526498907
710,0.03302869416453947,0.03475758650253266,0.026323335651699573,0.03155070573041677,0.009047128456241737,0.044781288137084055,0.05872637577417805,0.040284278648407834,0.021291747220379013,0.023242403077143026,0.03518078400099449,0.00973711595910954,0.049871238261810974,0.056725170071235745
711,0.033032212592539696,0.03480300861260543,0.026372918927803086,0.03159880927719247,0.009055718724776207,0.044812325404291954,0.05876653942904858,0.04029479911742319,0.021334362959610484,0.023280383709204707,0.035238253274392305,0.00974753277850365,0.049903978308345275,0.05676325859469335
712,0.033041870574061764,0.034830028010797986,0.026369350782215323,0.03162697836841321,0.009061018023172128,0.04484380556992939,0.05879298100419074,0.040306927019384355,0.021362681566806367,0.023265769681039317,0.03526993587459852,0.009752007864474686,0.04993256761834934,0.05677873893620498
713,0.0330604352417145,0.03484756619271769,0.02636753170301416,0.03167334902713372,0.009059772773785115,0.044869395777794537,0.05880727506285855,0.04032892096795095,0.021392554349923973,0.023258705120512237,0.035319353614988516,0.009751044625284382,0.04996132444380918,0.05678958955603006
714,0.033056214123997264,0.03489044869006128,0.026391602812556876,0.031727753341008406,0.0090584472393866,0.0448767487751475,0.05884976439004656,0.040344341864972266,0.021435733288059523,0.023276180447410675,0.035375378586905315,0.009750231637466616,0.04997186509798198,0.05682680919647215
715,0.033038377951272076,0.034937200921938846,0.0263832356413758,0.03179021334255408,0.009057119568886107,0.04488982011931321,0.05892173184313642,0.040342812648422426,0.021472691002676382,0.023256543129195766,0.03543442607139426,0.009747665113014259,0.04997988247192853,0.05688805836327298
716,0.03303628262951229,0.03497101278046051,0.02637728325228771,0.03184921084810872,0.00905795650625667,0.04489699636846378,0.05896163065605839,0.04036566618308435,0.021497200200891603,0.023251445014802877,0.03550333608985023,0.00975036426633441,0.04999814941073239,0.056946044664018015
717,0.03304240394993594,0.03500623654802665,0.026385233596841008,0.0318911044561443,0.009066696600752142,0.044906959716080525,0.05896225072609435,0.040382467540730355,0.021513332588906354,0.023251536284676917,0.03554582235431935,0.00975721207567651,0.04999661977670765,0.05693611313396228
718,0.03306176982021699,0.03504652200436126,0.02637888901407065,0.031929925861753326,0.009075449830040987,0.04491144303999759,0.058961628313743186,0.04041509147768003,0.02155653186075903,0.02324128935301937,0.035595428873302,0.00976588234925055,0.05000222713197399,0.05693750511593098
719,0.03306987273922593,0.03508012811041914,0.026371210479476038,0.0319579939890336,0.009081853776025073,0.04491730161495206,0.05897790854926818,0.04042799055271299,0.021587028342206726,0.023225261788207996,0.03562516937531921,0.009770712112748811,0.050006438644082135,0.056951597881137385
720,0.03308170799909361,0.035115824083858674,0.026346157686998228,0.03198334922499356,0.009087799747532065,0.044920700309686215,0.05897962415703744,0.04043683966253682,0.0216247973559766,0.02319008695236374,0.03564969476647219,0.009774120498751931,0.0500094989242726,0.056950431882746996
721,0.03304117376308839,0.03513716628330106,0.026336548616465106,0.031993281601429245,0.00908756781660886,0.044900118379339,0.05897696383201802,0.04040252382866728,0.021661554519135703,0.0231741567587255,0.03566512454648965,0.009775269899668954,0.049999192411671084,0.05695679589309069
722,0.03302365377106919,0.03513581036053387,0.02635172040576399,0.03198013314225974,0.009086894605497381,0.04489325932006651,0.059013461164743014,0.04037163980741574,0.021660064139052748,0.02317704991695908,0.035645313280171134,0.009773455388432141,0.04998658713237603,0.05698606551586264
723,0.03302184253628411,0.035108807920692355,0.026330631517312197,0.03194500555544491,0.009086100299829546,0.04490565476229747,0.059019378391861284,0.04036360219690078,0.0216222056155398,0.023154612786557026,0.03560503162914036,0.00977291039558883,0.05000065675295237,0.05699401531649701
724,0.033012453322295326,0.03509688177805658,0.02629325784258681,0.03193217828888388,0.009083508246446912,0.04490035049725884,0.05899015040054439,0.04035850846518609,0.02160246879978557,0.023117844859611398,0.03559618910422848,0.009773389873659975,0.04999886634176941,0.05696768349070098
725,0.03302589063047849,0.035084384692008926,0.02626322978244615,0.03195592070673971,0.009083567483638375,0.044890818963057556,0.05897675499319888,0.04035997357511196,0.021577226035145048,0.023080151244811598,0.03562342278704284,0.00977440358089138,0.04998011331264994,0.0569465334627604
726,0.03300279300976012,0.035088463755532824,0.02621443164361624,0.03198817462503108,0.009080852714860914,0.044872201184656735,0.058970395841063665,0.040699749528383636,0.021771833869682993,0.023237515660028654,0.035987899847822497,0.009862904699678005,0.05041709407063705,0.057465439135110555
727,0.03296794359358777,0.035125972850750864,0.026176329120487483,0.03201750386198535,0.00907489776960752,0.044842956294605725,0.058986290910382384,0.04060992458355467,0.021786762430466688,0.023163880987616788,0.035976246407289914,0.009845823960353346,0.0503214627661454,0.05741123770422082
728,0.032938653419808867,0.03512891572801173,0.02615315705565304,0.03202156712141456,0.009069258071337785,0.044816990980854704,0.05900381768243834,0.04052151336709657,0.02177294498338445,0.023113573986063788,0.035941129347932754,0.009828964877195276,0.05023516878334591,0.05736754931422941
729,0.032894963964087844,0.03514014645710991,0.026133153460332452,0.032017201772807806,0.00906875137226234,0.04480694359930762,0.059021700662949914,0.0405604035712683,0.02183168217099776,0.023151142792184883,0.03601263127198201,0.009850037123732459,0.05033300234816513,0.05751181485711034
730,0.03287755345001401,0.035152892073140214,0.026111909325951203,0.032015648461133535,0.009071010913139462,0.04480003417213268,0.059025105973099797,0.04048790466358043,0.02182747728042718,0.023110666395642715,0.035955880391088414,0.009837803956411722,0.05025410661565412,0.05743439570243037
731,0.03287358579835822,0.03511763662312789,0.026085684277475873,0.032012712991679335,0.00906864104247882,0.04476919839980964,0.05903354584405597,0.04046807050234323,0.021788572711439264,0.02308397043118983,0.03593437062470677,0.009830853200550984,0.050201036314433706,0.05742223401879256
732,0.032861467879406435,0.03509798952993362,0.02605989219734058,0.0320132054145473,0.009065591373858465,0.04474199593087447,0.059050236909486783,0.040455434263994464,0.02176991564212387,0.02306185713746904,0.03593016468989775,0.009827286568248304,0.05016972590605073,0.05743678432436423
733,0.03284622733906348,0.035066847296421705,0.026030383134250483,0.03202497978773672,0.009060039146303763,0.044705830905314305,0.059066239632809735,0.04041685665652023,0.021728857777888456,0.023018486585199106,0.03591762289015424,0.009816687498558383,0.05010055850275358,0.05741616642458523
734,0.032832451635758625,0.035059680911387295,0.02601179560313458,0.03201928165628897,0.009057033804586091,0.04468631872286268,0.05908491286700963,0.04041843627557736,0.021732232644882835,0.023009995703068855,0.03592086573413787,0.009816988903404494,0.05009690128650538,0.057453643233303084
735,0.03281905249634628,0.03505159832080225,0.02598855611209214,0.03199456809246843,0.009049820008523633,0.044650653420660616,0.05910627666886876,0.040426604012723764,0.021731256597509963,0.02299588373291201,0.035908143885542594,0.009814156686182485,0.050081446950223915,0.05749908094200758
736,0.03279327328056707,0.03506877656066279,0.025982201203793905,0.031987255500853656,0.00904890204624288,0.04465483361876372,0.059124533342422333,0.040416127541078005,0.02176178310153402,0.023000911876740412,0.03591187360604651,0.00981628641751811,0.05010507805843661,0.05753998128131229
737,0.03275482886958013,0.03508528256481764,0.025963251504379337,0.031973848014205844,0.009051333722762029,0.04467242627829573,0.05913548267594776,0.04035777854999407,0.021782758085380577,0.022982159271969865,0.035885992101717216,0.009814011223890855,0.05010941286154411,0.0575393950471277
738,0.032736001593333106,0.03507354347757611,0.02593996921469652,0.03195636958250348,0.009048562197069995,0.044650144162043146,0.05915532845891444,0.04028579745539251,0.02174995002294878,0.022932400996989958,0.03581976824570164,0.009796397980327708,0.050020567037259905,0.057490978974379776
739,0.03271850560979374,0.03505393286089796,0.025906146631971078,0.031973995638714635,0.009041905525970971,0.0446192359589291,0.059191415231218784,0.04025696518581871,0.0217215508403069,0.022892585165512843,0.035820933422570846,0.009783953570582461,0.04996664828046398,0.05750643303934409
740,0.03269535210699623,0.035032548535688504,0.025848366449440767,0.031987793418875955,0.009036115270890792,0.044586691860232695,0.05922528226961328,0.04024738447173279,0.021712894232472083,0.02285364123706956,0.03584608057357702,0.009780243261648641,0.049955507332075925,0.05757029739555982
741,0.03269483704703129,0.035023619686601726,0.02581302352398615,0.03199103041331301,0.009034629935750207,0.044558404289917405,0.05927211012008232,0.04026021809790399,0.021713504804204517,0.022830527330149144,0.03585204425359768,0.009779495276686328,0.04993875792814069,0.05763296905651699
742,0.03267824440866751,0.035006361772173096,0.025768900104259813,0.03199870485789367,0.009024452647722935,0.044528295589843093,0.05931875713190983,0.04024746669737243,0.02169979128158879,0.02279340173700808,0.03584668873001732,0.009767467873749928,0.04989605265853422,0.05766666580940618
743,0.03263808816760235,0.034993786416353354,0.025717756729761333,0.03200217968515381,0.00901854784153628,0.04452203192080998,0.05939455377235203,0.04017969507875522,0.021689983362287835,0.02274001230249228,0.035817666910928046,0.009753496749633076,0.049852366175417016,0.0577038751700722
744,0.032620012847093455,0.03497746311047076,0.025693761518532622,0.03198379858514548,0.009016004639083605,0.04450351454362589,0.05945989799464209,0.040101676208516415,0.021646186715943084,0.022683105936809264,0.03573114642832693,0.009732981092997365,0.0497442758366183,0.057671581558038386
745,0.032610939271728596,0.03496658759244142,0.025658285903727908,0.031988028890141594,0.009011171208740124,0.0444927460634523,0.05954761038863034,0.040107613425143185,0.021643913113083554,0.02266229868352107,0.03573603326599736,0.009728415322608378,0.04974343441023163,0.05777473718567833
746,0.032591331164837374,0.03494069665970466,0.025607079015824527,0.031991246946564,0.009004584037938562,0.04447632509401847,0.05965109146355772,0.04008886737226927,0.02161588042497764,0.02262277896939927,0.03572884762282146,0.009718102206656264,0.0497249947333735,0.05788228624340121
747,0.0325783897965357,0.03493377724432968,0.025563442114399957,0.03200897853147113,0.008996928841540046,0.04446218723140331,0.05974689440309033,0.040043029758764934,0.021593226991275326,0.022571334113810307,0.035705745141803455,0.009699017463987668,0.049666348794780456,0.05792897045387422
748,0.03258512694613409,0.03493482508031123,0.025521913498876413,0.032054601815795586,0.008981656479322083,0.04444727143357472,0.05984057431139826,0.04007406734775288,0.02160823609080353,0.02256109573404567,0.035768199568015115,0.009689495980343415,0.04968847679371497,0.05806538591710791
749,0.03257816105893654,0.03494214029970084,0.02547216734821216,0.03207948939664851,0.008972461869603269,0.04443324179194771,0.0599428449895647,0.04006858089320284,0.021620050935157835,0.022521076359510776,0.03577940831851572,0.009675733884853316,0.04967024568893078,0.05816347436659071
750,0.032561963917159834,0.034966818899812326,0.02541197652989384,0.03211231615584613,0.008964919052077518,0.04442047426675322,0.060068325024326276,0.04006564775773306,0.02165644583194212,0.02247313372894107,0.035803311318565345,0.009663699081330497,0.04966022802235653,0.05829014227628141
751,0.032562451113964594,0.03498862432240413,0.025389299700408187,0.03212985050774405,0.00896290025655024,0.04441507850265609,0.06016357172752834,0.040092329940781345,0.02169037223097229,0.022459812001725917,0.0358130327069096,0.009657330073885457,0.049660844941244404,0.05839097716410209
752,0.032565049735070385,0.035010304166373026,0.025364414416897352,0.03213079396973924,0.008960046383405945,0.04441519370109797,0.06025178355472308,0.04009850952928844,0.021709958754876454,0.02242806327560808,0.03578691117604024,0.00964563449657784,0.0496393262247426,0.05845321463132687
753,0.032573457024360465,0.03501040407764173,0.025327587967489257,0.03214517064795604,0.008960347947155686,0.04440641242682683,0.06032813436117041,0.040119807908066074,0.021720088477378045,0.02239795093114833,0.035783716378549206,0.009637804818078894,0.04962021964808349,0.05852199083718187
754,0.032558911195421016,0.03498402101502887,0.025293237143125924,0.03214049910138628,0.008952058438280619,0.044391971485869416,0.06037363144718641,0.04012931787270029,0.0217237681491979,0.022390316483743414,0.03578749546307791,0.00963252558584279,0.049625703901794174,0.05859227773781199
755,0.03253340093708206,0.034967005898465825,0.02525065678258589,0.032143664944910305,0.008937196140374337,0.04437101229339668,0.06044931271054108,0.04013204280648242,0.021727701215114255,0.022377702850473323,0.03580161024322623,0.009623178387172832,0.04962692013506252,0.05870074415161267
756,0.03253631236777928,0.03496623204145678,0.02519826284907449,0.032154015381381795,0.008929575359047962,0.044357248909809806,0.060542284231909146,0.04013162767127092,0.021727981547835444,0.022350498566395448,0.03580446427598578,0.009613461147044469,0.049611718748000994,0.058800935947700694
757,0.0325288862596708,0.03495932674669316,0.02512897292507865,0.032118853063254564,0.008922479777899749,0.04434090202900289,0.060653341438542105,0.040134853234309445,0.021730832265205596,0.022309026877374006,0.03577020757524008,0.009606599882612197,0.049610867400468335,0.05893813703158202
758,0.03252266323941778,0.03494272103525312,0.02505546008574362,0.03210421745971181,0.008915367783958425,0.04433143434647324,0.06077366493810601,0.04014691772258742,0.021716866961707687,0.022263680898443508,0.03575551782746531,0.009599393848927313,0.04961335087463001,0.05907848288484584
759,0.03254430657469342,0.03492502365022996,0.02495647910133108,0.032085393484912954,0.00891848825667921,0.0443378784733319,0.06092631250242685,0.040168913664795136,0.021670624840840345,0.022180432272314393,0.03571187157504597,0.00959303391294473,0.049599530470122145,0.05920976105691441
760,0.0325458631602148,0.03492684942536451,0.024906694884586973,0.032107147678995605,0.008910981760903419,0.044352227999104,0.0610815332270676,0.0401531471737294,0.021640269657062887,0.02214132936798539,0.03570026510363449,0.009576257327926536,0.049578007331130644,0.059323755457204856
761,0.03250401340076261,0.03492219265856265,0.0248655800509719,0.03217581480279233,0.008893475810157567,0.04437760302781474,0.06125632864482869,0.040175128598194665,0.021637094779443363,0.02215980614723041,0.03580815588367849,0.00957083624129072,0.049661737038723924,0.05956816019575774
762,0.03250421296559365,0.03491725175847319,0.02481896047975175,0.032200299762386426,0.008875025826018545,0.04438959650544253,0.06145378166569263,0.04016090343197083,0.021600055147301782,0.022123874808188664,0.03579268574843648,0.009544048951342908,0.049629193378939354,0.05971219800630998
763,0.03253361282760681,0.034933409121686215,0.02480667013447111,0.03225372624803227,0.008848952846071692,0.04440997328964823,0.06170857429396913,0.04014244420663613,0.021565080075264954,0.022111573576192364,0.035769588659768585,0.009502293976748915,0.04955864092851843,0.05985622253247886
764,0.03256707998408909,0.034961608019655824,0.024806814215890274,0.03226015511511313,0.00882117359133504,0.044439245450880696,0.061996473219864685,0.04021807463762409,0.0215788339443017,0.022135614590682584,0.035773884733203316,0.009479336134912758,0.049601821748532525,0.06016027680506141
765,0.03257610099496139,0.03502303366253072,0.024736820097532204,0.03223235254631719,0.00881511644660294,0.04448565675800603,0.062320665164407645,0.040213853453750066,0.02159514132186845,0.022056820417411468,0.035680231270045965,0.009454479513952058,0.04958570013317974,0.06040462791070052
766,0.032589243064301755,0.03504445889218643,0.02466743996625069,0.032241270058887925,0.008808460337265407,0.044514553093489395,0.06265802891111971,0.04026931785165428,0.021617090016004044,0.022024909507885316,0.035666720942585536,0.009438856916207262,0.04961233192836669,0.060735608333060305
767,0.03255836139729195,0.03512387565950132,0.024610472867658495,0.032254543554346225,0.008796759869987061,0.04456279193925682,0.06295738249428186,0.0403014567020675,0.02170512803756756,0.022000059375415017,0.03567486252656399,0.009421649468317453,0.04967670950469915,0.06106097753408129
768,0.03248731686607964,0.03523804780077541,0.024508691491795468,0.03233818665945419,0.008803220886081077,0.044594760704279375,0.06324156060302162,0.04021097180258066,0.021821372158450977,0.021901489290162633,0.0356762168030742,0.00939314350161918,0.04962301666853815,0.06126367234052576
769,0.032490822425543825,0.03528186658725446,0.024435219706491408,0.03241771515903978,0.0087870304292155,0.04457326229050803,0.06350214562308787,0.040233292917588356,0.021904102160276242,0.021838493417961524,0.03571547356965012,0.009359890514520077,0.04956128214939503,0.06148966218805174
770,0.032552589946859854,0.03536256122729788,0.024354981644040968,0.03252412611208502,0.008770139969291312,0.04457168419701833,0.0637424887604322,0.0403487721308311,0.022012971926215194,0.02175545585667515,0.035797430102312976,0.009329106303547626,0.049536035737787885,0.061703951928386895
771,0.03254110201745059,0.03539189428723066,0.02430462443563913,0.03262570459232884,0.008763970465946966,0.044533801381003324,0.06382545285249226,0.040381514461049706,0.022063062596463234,0.021701042889046344,0.03590146665033598,0.009308933200849063,0.04949267073756141,0.0617860958942357
772,0.0325155892826653,0.035469475925820525,0.02429527726207074,0.03270712842382139,0.008758882614050282,0.04452184238869856,0.06382786802536196,0.040446451590748195,0.022195483823277965,0.021710691020120774,0.036024798836765966,0.009301443120771184,0.04956632423299203,0.06190219453162872
773,0.032488056618840536,0.0354912318852205,0.02426411573722162,0.03274065254488573,0.008755599532048257,0.04448086242977981,0.06374368174678569,0.040419986921327165,0.022277976595713143,0.02167161851505574,0.03602995270911403,0.009274797991965813,0.04950162595579004,0.06180141784106531
774,0.032440640221570026,0.03546920122826933,0.02427874961612487,0.032680936840626354,0.00875143895917581,0.04445290094949234,0.06346396017072779,0.040222821177927436,0.022293968549677926,0.02161876690781738,0.03582523633524713,0.009218702162914613,0.04929051521568882,0.061316063606439104
775,0.03235578867477894,0.03542816079159424,0.024259869892709347,0.03263357327334304,0.008741636592848928,0.04434288524146762,0.0632256027351515,0.040129443243697153,0.022345866598357307,0.02159666004559735,0.035755141892637066,0.009190104285401879,0.04916972854809313,0.06108809694659926
776,0.03227601368826149,0.035364850787703635,0.024201437985144243,0.03257015061474647,0.00874354519887485,0.044225587985487605,0.06302791303666289,0.04003936006794817,0.02239715311684458,0.021548108583926515,0.03566836354539057,0.009173633883626041,0.04904279632904317,0.06089426262814638
777,0.03218651885772398,0.03524430670549271,0.024165376003851897,0.032502237595110596,0.008734743434676397,0.044047408627253204,0.06269367268028338,0.03992345852108751,0.02235670796948256,0.02150711845089029,0.03558544648168934,0.009148719218067904,0.04884519680774817,0.060562606915849464
778,0.032053002873827424,0.035085400493774045,0.024152041182532814,0.032419073471196644,0.00870522383626969,0.04381323187792009,0.06230837559635858,0.03976364966537535,0.022223816927414392,0.02147242109615958,0.03549248846952397,0.00911347699457072,0.048589348105261776,0.06017782548034313
779,0.031978338692894466,0.03496768958918376,0.02409349413309072,0.03241729171181531,0.00869916152414943,0.04359969915633512,0.06193610279440302,0.039645498573712336,0.022158265550884022,0.02138678386430284,0.03547673979860015,0.009090599627832385,0.04835934261765949,0.05981812806435686
780,0.03194541792152613,0.0347449529420904,0.024048765078409612,0.032302381231566486,0.008679752853786334,0.043345148562239026,0.06150433249541887,0.039546519577561196,0.022046129729313902,0.02134857170899328,0.03535367814048221,0.009057867579803739,0.04807957149914512,0.05939497159147218
781,0.031879801507678794,0.0345420115921576,0.024025007198625756,0.032086519999777074,0.00864981144432028,0.043055706855146904,0.06107889825269883,0.03940638631006931,0.02196581680542405,0.021337854524993295,0.03512931509367282,0.009017376050648953,0.04775738448220042,0.05897057021270041
782,0.03175563093471665,0.03438873729900707,0.023975394959392587,0.03193297509010623,0.008630647991204828,0.042728245231522105,0.060625751406364156,0.03925220597275351,0.02198184098311988,0.021302491719142672,0.034963751957565424,0.008982920145693466,0.04740376546693293,0.058542397230204254
783,0.031603229836946654,0.034218093038216,0.023958397270244406,0.0317593482393412,0.008611488165375575,0.04239568582378911,0.060091518454658994,0.03905503150871124,0.02199360189974024,0.02129761279231901,0.03478273300297816,0.008948588771686548,0.04703704106799045,0.05801371428619763
784,0.03142322971682024,0.03400949236700382,0.023920874013454933,0.031647572937314475,0.008637759732819042,0.042106026983898134,0.05952030397583693,0.038807272362269225,0.021961306871959733,0.02125938008290255,0.034684964244080255,0.008951098411965772,0.04672614137195365,0.057455400013397336
785,0.031245705684553884,0.0338548205130414,0.02387736125330614,0.03164004070428771,0.008705205829325973,0.04183811272020038,0.058962730813304685,0.03854919954868263,0.021949646506992104,0.02121971726724548,0.03465066509824748,0.008972955880908058,0.04641360130011136,0.05690312792751237
786,0.031097418708089953,0.03365752348538098,0.023764991433136987,0.03154089056930928,0.008723161753812776,0.04155032659616658,0.058497835997187594,0.03831415056314287,0.021860004006642796,0.02112791190831748,0.034530699163613496,0.008966046949932582,0.04607597338951202,0.056433905855916865
787,0.030983602814569224,0.03339788713488472,0.023586704771807212,0.03145653035164044,0.008733066981627331,0.0412768307954372,0.05806008990387975,0.03808820104252428,0.021688328198439542,0.020977261129806097,0.03443815100024612,0.00895658296430201,0.04575738382451082,0.05599744757579907
788,0.030845477207158422,0.03318025226582657,0.023446978280869737,0.031293259459511905,0.008734159621156722,0.04100210621612597,0.05772056412975557,0.03787471102357846,0.021559074163418648,0.020881132015628405,0.03425476975906192,0.00894160813481001,0.0454444300634661,0.05566411160628561
789,0.0306583105583276,0.03296371095462069,0.023267160939244542,0.031003151122581382,0.008694400307304699,0.04064823992412193,0.05741519590024712,0.03760820303215683,0.02140412521099151,0.02077132735918879,0.03391816577492094,0.008890766083497205,0.045029480144392696,0.05535245315774851
790,0.03055142946384168,0.0327600239532078,0.02311949042808107,0.030827701110693006,0.0086790837794451,0.040375862316339134,0.057110324473877296,0.037442773276691904,0.021287253421897037,0.0206703651999333,0.033726855363874764,0.008865271915010606,0.04472030568924702,0.055050603972813784
791,0.030487456150271063,0.03250402263173718,0.02298440597815007,0.030637417008411858,0.008678117927789405,0.04013138286964454,0.05687336107015783,0.03732906029766253,0.021128904436000386,0.020599059116574458,0.033528419084745714,0.00885236829925658,0.044455175846346694,0.054822347382374
792,0.03037382384705918,0.032304407957921784,0.022856353046514087,0.03046711104240362,0.008666348214375312,0.039857595745668606,0.056541046762124604,0.03716463476865723,0.021040543106471948,0.020512412584957115,0.03335135224908191,0.008831417350881016,0.044153487614081936,0.05450340924530957
793,0.03028318230004663,0.03214670286115162,0.02271341120381654,0.030337948255904253,0.00864337417008815,0.03956775744383121,0.05613232559061371,0.03701839000577081,0.02101336294937067,0.02039593690627912,0.03321335892953162,0.008797867716795561,0.043817018559947,0.054095615635918845
794,0.030145667022988574,0.03193078876090578,0.022554356906053213,0.030233434798071245,0.008625410349938719,0.039279847517840055,0.055694844582846216,0.036842190396107775,0.02094572508186879,0.02025539674970794,0.03312732661514278,0.008780347030452908,0.04351238857555432,0.053687497419951664
795,0.029927596084971836,0.031683698880569815,0.0224611025745459,0.02997595028909517,0.008629940607348816,0.0389009467047786,0.05521663264787571,0.03657707145042515,0.02084535646603953,0.020174165308881387,0.03286336392246636,0.008777274054526867,0.04311274211169862,0.05324801371396014
796,0.029702023640430456,0.03153858610997593,0.022366288276418598,0.029801691117286717,0.008675584590378517,0.03849196488606407,0.05460653647432815,0.03629583698429236,0.02088541815500299,0.020075020205857108,0.032666499159565085,0.00879946989910463,0.042667555527625314,0.05266684683260058
797,0.029464439247007694,0.0313157513469206,0.022247074099099578,0.029711327428434558,0.008741891459111717,0.038131715133353526,0.05396570315998501,0.036023440080710546,0.020838849454134636,0.01996291486127181,0.03258197861315635,0.008850756455961258,0.04229654861225734,0.05206940809863369
798,0.029255397237872613,0.03108930778296547,0.02215213189368459,0.029581895339814177,0.008808490196365783,0.0377794129634347,0.05340870204308214,0.03575354228967194,0.02076375604092755,0.019871036762355975,0.03242235958451574,0.008890360559333557,0.04190007454913939,0.051530730146458155
799,0.029060666737506034,0.030936834946102804,0.02204247474271034,0.029501923808028154,0.00884911940528776,0.03749653931133674,0.052863888559368855,0.035480567705987336,0.020773254701286107,0.01976746250690594,0.03233433862640985,0.008918386892213677,0.04158801657256133,0.05100506373964048
800,0.028908484624431838,0.03078496091295404,0.021930298448013502,0.02942808008032825,0.008912124538416819,0.03728742056040611,0.05236396285119409,0.03526026961800128,0.02074973079638779,0.01966840747401053,0.032249227224089766,0.00896912115372216,0.04135209366741942,0.05051333011966918
801,0.02879365070295572,0.03063071484413185,0.021838375053494678,0.029339633567915958,0.008961065016903772,0.037061419698144846,0.05187057998525894,0.03508088469764954,0.020708996674523566,0.019586435547168032,0.03215043850332083,0.00901329293898777,0.04110112552522809,0.05002963175806887
802,0.028738313943607027,0.03051288828296126,0.02176591897252231,0.0292198696315926,0.008997599878880345,0.03686392734882442,0.051450356765185105,0.03496146076762678,0.020683520812246555,0.01952791641139962,0.032022083134444365,0.00905198956259113,0.04089107768895391,0.04962220885485688
803,0.028650175818292347,0.030354448100457287,0.021694302697298454,0.02913022471677934,0.00903432779270557,0.036668128907747434,0.05100568013834863,0.03481948241984584,0.02061194572910809,0.01946293652589142,0.03192744888578847,0.009091122415788274,0.04067688804587093,0.04918737189113921
804,0.028583958638863097,0.03017739297783147,0.021625620401497608,0.029085281433770562,0.009063960443960609,0.036492396365869366,0.05056122774360389,0.03470869574864836,0.02050406539186396,0.019395979563052713,0.031875649430084176,0.00912376514818772,0.0404757385937268,0.04874336193318848
805,0.028508242846061634,0.030036974074433384,0.021576816530959966,0.028987645591860706,0.009090404084655971,0.03632741086717231,0.050176505300066336,0.03459373836011515,0.020427714527627483,0.01935224314856056,0.03177752029551553,0.009157879651855189,0.040296564786173994,0.048368740077106606
806,0.02842787831728516,0.029883318416629893,0.02154144119428238,0.0288609195373028,0.009120075724792377,0.036168122812300085,0.04981577466582338,0.034486365279279445,0.020334596288417692,0.019317928283872344,0.03165441104648594,0.009197754057559472,0.040126933948459405,0.04802334004199305
807,0.028351142188607327,0.02977554574924724,0.021510738433710864,0.028760347216714145,0.009148942477174996,0.03603317740855641,0.049505349695295714,0.03436939907659147,0.020274495380529115,0.01929051988156188,0.03155434973637499,0.009236512373321959,0.039979546683080555,0.04771878613602227
808,0.028269872333113007,0.029706215512175824,0.021495063247973196,0.02863925610141661,0.009170245686075098,0.03591726242927066,0.04922452569057399,0.034241136816047804,0.020239997863777438,0.019277690716751103,0.0314299632497686,0.009268677871653391,0.03985051272719828,0.04743957692621773
809,0.02820109859482877,0.0296245918324297,0.021464503031160164,0.028563999354562775,0.009196924599807178,0.035790012848034326,0.048976936487860855,0.03412891516615425,0.020189192191526425,0.019251686744366368,0.031355560645926504,0.009305380872328375,0.0397098779685453,0.04718949835998831
810,0.02814952988204597,0.02953643703105425,0.021438005523609638,0.028495757611349325,0.009235521093700762,0.035677262831078374,0.0487246986948253,0.03403759869018005,0.020142035724365723,0.019231007079341732,0.03129090856510954,0.009356125838195777,0.03958495777904732,0.04693631864048049
811,0.028104171102854167,0.02946400132946691,0.021414333065397542,0.028430146812361272,0.009258138229394504,0.03558150260389345,0.04849822957072515,0.033948543150810556,0.02010119457514737,0.019214535963411702,0.031227072404791487,0.009390403480634687,0.03947549920663492,0.04670571478882921
812,0.028065595808920284,0.029391400156610657,0.021394998430776326,0.028357231087567273,0.009279063987896461,0.035494653862334226,0.04829901035707567,0.033896032898158346,0.02006220203661743,0.019207058325609816,0.03115863878564922,0.009422433188654277,0.039382498843660525,0.04651164413994161
813,0.0280470002080892,0.02932258972120091,0.021380361141678645,0.028276744390049957,0.00930991383620656,0.035420367260766326,0.04811246239027047,0.03386168532724503,0.02002374894512125,0.01919859396105515,0.03108094793478664,0.009465376814770297,0.03930171926458981,0.04632758152360398
814,0.02800508856327314,0.029243996545217556,0.021367122675501955,0.028202101924097205,0.009325399041344646,0.0353502389156357,0.047950829051984535,0.03378667747897829,0.019968906575499688,0.01918787162822007,0.03100611735105718,0.009489935102033288,0.039223885544903234,0.04617116304328768
815,0.02796730730247373,0.029171066823171304,0.021370964768906767,0.02814795696417131,0.009326832312752494,0.03528132107403485,0.0477969055818345,0.03372368135084063,0.019907159206460173,0.019192739557678754,0.030950437137937777,0.009497522381938404,0.03914582665594361,0.04602121766058771
816,0.027932352106482296,0.02911463904069739,0.02137430984028265,0.0281128352894455,0.009332234892392136,0.035223316672337864,0.0476557503791109,0.033667094612482906,0.019865814245831535,0.019197692623754252,0.030917592513386282,0.009510105897597723,0.03908160862061962,0.0458838836931392
817,0.027891527772695802,0.029054732605454544,0.021387519476915747,0.028098913564366515,0.009331631349506394,0.03517146064005017,0.04750857027572509,0.03360378778015835,0.019824228800587557,0.019214844817770086,0.030915953794008928,0.009519243055045383,0.03903324837485073,0.045751803122863206
818,0.027865894639862877,0.029004533806265456,0.02139014018264719,0.028078622529595528,0.009335970782310944,0.035113626491750476,0.047394507907489405,0.033563209283023386,0.01978999098912828,0.019219496806572707,0.030900285947719288,0.009530250206920955,0.03897132030758369,0.04564446829316026
819,0.027845440744190708,0.028971400895837385,0.02139744823531085,0.028077250524692895,0.009341326908208086,0.035052869147508985,0.04729423167575667,0.03353661859107663,0.01977242968897245,0.01922750698226758,0.030902293305690824,0.009540890128526278,0.038903118160741754,0.045546013529127655
820,0.0278203244725819,0.02893141247207004,0.021392639369679587,0.02805195075839834,0.009347876317470354,0.03500098219179483,0.047199903884284716,0.033501056009120185,0.01974566392829844,0.019224033357233865,0.030876747416002492,0.009552133480033571,0.03884391319278119,0.04545190844523489
821,0.027798410144410143,0.02887244079677396,0.02136464102865187,0.028002876439871077,0.00935484309529788,0.03493603895336611,0.047115957848248353,0.033478195287212874,0.019705365963015465,0.01920142950647781,0.03082998551173213,0.00956495532726707,0.038777168486809524,0.045377053772329735
822,0.027780695305186547,0.028836266157055795,0.02135081554040292,0.027974782211726737,0.009360735969525193,0.03488374947504666,0.04702915711897211,0.03345511703948138,0.019683297154238676,0.01919163518754002,0.030804850776836385,0.009575753571475987,0.03872291145814551,0.045297426268055975
823,0.027760605479459074,0.02880919459178477,0.02135049648751104,0.027949444065320166,0.00937045659174256,0.03484584229956087,0.046944357231040006,0.033420437180673876,0.01965898816653946,0.019190741781931107,0.03077442492920846,0.009587768049257029,0.03867509697489249,0.04520715077964819
824,0.02774789809350677,0.02880549587409862,0.021331257615939465,0.027926861518221456,0.009376524807964921,0.034816362256773065,0.046877313930487455,0.03339975693709079,0.01966558854548346,0.01917449340013584,0.03075067126423135,0.009596678944369094,0.03864133089248844,0.04514032070996784
825,0.027749013234632566,0.028813685056862482,0.02129984094708694,0.027927802397931835,0.009369499266990653,0.03478429747803683,0.04681496229354217,0.03339235947913949,0.01968327662612832,0.01914547012474482,0.030752656052550092,0.009591414482173048,0.03860382765168035,0.04508099074244386
826,0.027749229894688077,0.028792221517839185,0.02130906135170652,0.027918873660750715,0.009375714216827995,0.034742140740789594,0.046747816461455434,0.03338863712374711,0.01967636780645357,0.019160738451261358,0.03074860103519374,0.009600731720315761,0.03856193352065706,0.04502352768815046
827,0.02775150857410253,0.028774722466451724,0.02130698056763935,0.027914753436581556,0.009386582639963975,0.034738110911601186,0.046709024675358236,0.03338263190014743,0.019672857588732565,0.019157722499669256,0.030745133519693206,0.00961329255476816,0.0385527474723415,0.04498071961818202
828,0.027745583451444702,0.028758451282368206,0.02128027015906889,0.027920785621284295,0.00937599131128277,0.03473600838425353,0.04666920242087216,0.03336732299077039,0.019670981043750015,0.01913048664157473,0.030747502130614484,0.00960076301110523,0.03854107291025987,0.04493272621413764
829,0.027733824471819053,0.028739243013853333,0.02127193847543656,0.02791672502960345,0.009369669418304338,0.03471165728065636,0.046632562845865325,0.03335403541626221,0.01966557795296303,0.019122064314423533,0.030744614338670158,0.009593755643139811,0.03851479464602042,0.04489675293255583
830,0.02771636235436223,0.028710337515129535,0.0212765127651061,0.02790616546198008,0.009360408395743786,0.03469263291482352,0.04661728852310926,0.03333871531465129,0.019650012339788483,0.019122581185587427,0.03073824584822079,0.009583410038091031,0.038498974466088826,0.04488286135788669
831,0.027705228975575,0.028712432340485886,0.021274534110874595,0.027913552450091934,0.009364939189196725,0.03467092420302148,0.04659054841393849,0.03332472627111252,0.019660549304106156,0.019118386864038675,0.030742860290551413,0.00958620850289115,0.03847139160509117,0.04485054287396929
832,0.02769238986658434,0.028728274053275108,0.021272780025963976,0.027922455046111242,0.009374348960913019,0.03461783509982769,0.046562920357609866,0.03331422946869649,0.01967838261318308,0.01911840916025569,0.030745592104851924,0.009592228751285929,0.03840963050934016,0.044818838456933
833,0.027678230725620253,0.028731816444372976,0.021271116395110725,0.027938768702543446,0.009377270618501202,0.03458861286636093,0.04651578052283097,0.033303417310878096,0.0196986514160244,0.0191171232474107,0.03076663042918687,0.00959608557651259,0.03838410504212826,0.0447787221590631
834,0.02767491714207047,0.02875697431705461,0.02126923722431645,0.02798165488265218,0.009385962535615158,0.03457761216896696,0.04646900394743791,0.033301845424718785,0.01974340893966307,0.019112554957000524,0.03081562052262531,0.009607304784845387,0.0383776566301216,0.04473787497493608
835,0.027655924528691866,0.02876169325740876,0.02127043389638232,0.028002195827368914,0.00939710784913203,0.03456655869639117,0.046402343987914534,0.03328114667360895,0.019769395174648718,0.01911362901401584,0.030838990243166314,0.009619470808663481,0.03836847862653071,0.04467566772011767
836,0.027610639763302507,0.028747714853680575,0.021278628663710414,0.02801856032112017,0.00939763791480451,0.03457291078736055,0.04630722966512206,0.0332284622591026,0.019786831155589952,0.01912087510718968,0.030860899888696693,0.009621805571245453,0.03838127761562482,0.044587652552824625
837,0.027594278762708507,0.028743632408163047,0.021277730947091972,0.028024199827719594,0.009407730255844989,0.03455844551733327,0.04623469725680334,0.03320341219542148,0.019801211298381333,0.01911525333776449,0.030862697962896972,0.00963066990751104,0.038361211130589844,0.04451128514642645
838,0.027589625362302618,0.028745002481656665,0.021266701297551493,0.02800711877205801,0.009437758706848393,0.03453321015163078,0.04613948401519108,0.03319818303944139,0.019826418157981956,0.019107564891644165,0.030844592199152702,0.009660562354449878,0.038335226790083596,0.04442179250435016
839,0.0275742097996222,0.028728959604314562,0.021259261751257256,0.02800199593755201,0.009452585129959922,0.034508139036951935,0.04607203046247799,0.033182779044953516,0.019830274422025493,0.019103998744614548,0.03084199731726255,0.009676415744066398,0.03831182319090555,0.044362122685701735
840,0.027571331445007504,0.028703870716935292,0.021246710265750247,0.0279990519193651,0.009463977123214192,0.034473514438208126,0.046034385330266145,0.0331736832709805,0.019813806642552223,0.019089554854023114,0.03083237841644475,0.00968471723074464,0.03826719490150866,0.044318136426875085
841,0.027578335619388213,0.02869686448046387,0.021254916783980168,0.028010787549684196,0.00947065879065863,0.0344528770151691,0.046018262454792076,0.0331757476245379,0.019806728998912865,0.019088688968837586,0.030838968987138206,0.009690795046509637,0.03823548890061786,0.04429463299500406
842,0.02756281393249977,0.028667251044693552,0.021254115549521693,0.028015971514501282,0.00947148977417961,0.03443526659456432,0.045988123095984594,0.033154350829373666,0.019782936086412836,0.019090077599251673,0.0308457997078529,0.009692690542614069,0.03821821784629847,0.044271840416344736
843,0.027559972719855778,0.028621709947981522,0.021260030627668673,0.02801004698056407,0.009471229743181033,0.03441600784273794,0.04594663197659987,0.03314830752277194,0.01974376423767403,0.019101274301736634,0.03084494924088537,0.009696559540244128,0.03820112990413818,0.04423770140557427
844,0.027559087755518366,0.0286142027764779,0.021253976610013457,0.028015400074124494,0.009473351511164884,0.034402667773411374,0.04591735915430449,0.03313988948860511,0.01973904050059261,0.01909432238246976,0.030849541591636054,0.009699268013898043,0.038182219649900206,0.044205445953894515
845,0.027573672937531515,0.028623415192684114,0.021236424320154934,0.028024642876635978,0.009478397748574351,0.0343945667175165,0.04588332762790809,0.03314649491229914,0.019752066235447587,0.01907646966711863,0.03086097449915793,0.009705605374030363,0.03817121492010484,0.04417071626367317
846,0.027574361689934084,0.028628885399670748,0.02123335074388632,0.02802724280894769,0.009473439428790111,0.03437998277673007,0.04585907080538682,0.033148105557923704,0.01976152391179851,0.019075773939601866,0.03086991375884067,0.009703032932492053,0.03816106813502859,0.0441530686172713
847,0.027561632137140676,0.028662639178294452,0.021225142338852736,0.028030899197382088,0.009461962288089447,0.0343616712659345,0.04585205765038082,0.03313521835141079,0.01979265817863325,0.01906626086914098,0.030876205234322312,0.009692113667486759,0.038141441002542915,0.044143832548242744
848,0.027570713337792537,0.028681874462695975,0.021236776918522358,0.02804756233054786,0.009462428983761395,0.03436628676742158,0.04584304578455998,0.033149976531437766,0.019814906950527,0.01907709298673794,0.030899510866642717,0.009694635867844846,0.03815064333651317,0.04413825238665901
849,0.027600527039930527,0.02869575382935443,0.02128054615778953,0.028065479939899406,0.009457547067230026,0.03437824867755223,0.045839167501063066,0.03318612788929131,0.019827537425279634,0.019118681051944787,0.030922573428891032,0.009691638238989816,0.03816709724587992,0.04413683533002918
850,0.027616607221606526,0.028714876221118187,0.02129997276371081,0.02808882762128116,0.009465880072921916,0.03440203654864529,0.04584242783697247,0.03320148795252936,0.01984256807854388,0.019130048406813302,0.030942304902023675,0.009697906324807187,0.038186911168221586,0.04413010586445689
851,0.027631545441313913,0.028719980552844634,0.021306605251650228,0.02812067999471903,0.009489398655028852,0.034442954331200926,0.045855197522285056,0.03323074377877152,0.019859083021691187,0.019132921225541645,0.03098050666020175,0.009721382989332826,0.038238625738418595,0.04414632501826681
852,0.027643866276351705,0.02874109303307136,0.021323315318536498,0.028149443704797245,0.009503976239581918,0.03447553766204846,0.045843602089394156,0.033243478298641056,0.01988047345288972,0.01914234912972539,0.031007356590747073,0.009734348673481908,0.03826852978256874,0.04412628396312237
853,0.027630917720890723,0.02877335850829046,0.021329443138576917,0.02817654019810981,0.009521075881559838,0.0345181558827536,0.04580925365892077,0.03323316541329421,0.01991138684289249,0.019143756925000577,0.031036321768898915,0.009750632538695896,0.03831590449461087,0.04409150172688676
854,0.027636524282530127,0.02879744867390307,0.021341464154887406,0.02820107608829237,0.00953235731863606,0.03453927635901425,0.04578593963868819,0.03324768955725016,0.01994088290743254,0.019154317092034873,0.03106687972821443,0.009762955366506785,0.03834302116688438,0.04407240602485695
855,0.027657445485605156,0.028833761618871696,0.021367827982964396,0.028229151844400373,0.009537212415574235,0.03455905351211158,0.04575360799460673,0.033274363876313315,0.01997844436030037,0.01917676435620455,0.031098760624679738,0.009769249437209264,0.038361326015305744,0.044037455863312265
856,0.027685249702774136,0.028871741296214167,0.021400157217882142,0.02826274478493593,0.009552844699879576,0.03456857812814551,0.04573594378288328,0.03330587050534345,0.020019413291068655,0.01920705570193221,0.031134670174209334,0.009785827885824848,0.03836560544586734,0.04401578087889644
857,0.02771771257955945,0.028881506480201696,0.021408484612165986,0.0283023444741321,0.009560657453928928,0.03457032967658947,0.045756001184114485,0.033342809483126484,0.020032692533713592,0.019212245567776336,0.031174362141742438,0.009790412474056948,0.03836523860750118,0.0440325368103316
858,0.02775087294036121,0.02889186200864391,0.02141500455592685,0.028319391742533548,0.00956459044146801,0.034580110701314906,0.0457910056713274,0.03338325319615255,0.02004540432242442,0.01921625437263858,0.03119195998729926,0.0097935241962003,0.03837735581841103,0.044066388199852674
859,0.02775479033173839,0.02890522088459131,0.021416744206487967,0.0283353705823955,0.009570372310694436,0.034616155789643374,0.04581545753037401,0.03339478218570654,0.020058400741658145,0.019214691589103043,0.031211458448266484,0.009800919657947174,0.038420101268671625,0.04409565980235255
860,0.02775537398457588,0.028919872550617044,0.021420031575623767,0.028357690225467,0.009566760953539493,0.034663334064881125,0.04585441588818773,0.03340020745914708,0.02007225702450122,0.019215078320598614,0.031238638437096643,0.009796991213770463,0.03847924576304691,0.04414233360354133
861,0.027772882142115977,0.028943707514674014,0.021443902601030334,0.028384084021951413,0.009566631636446634,0.03470001699938247,0.045885301499547365,0.03342054289697862,0.020093026742440435,0.019233248678301743,0.03126805127944529,0.009797124942033896,0.038519910326327685,0.04417166938361861
862,0.027783173437696245,0.02897922331588645,0.021483528848374095,0.02840946837337525,0.009560733754060241,0.034742824312109705,0.045921791889397164,0.033430313923092286,0.02012264008691405,0.019263977365025366,0.03129689027546903,0.009792613162483668,0.03856420766279155,0.04420312717788882
863,0.027809450227063617,0.029005302794649135,0.021519500604901178,0.028434685598992596,0.009567729646840543,0.03478022916995758,0.045930051088130856,0.03346229218340911,0.02014466571640271,0.019294818557387374,0.031326286233475234,0.009801744387190206,0.03860523011229892,0.044208862100125035
864,0.027860681321491762,0.029028518068071857,0.021568725055039373,0.028463237392840134,0.009579200527260839,0.03480504335521116,0.04590948004005139,0.033526449812264075,0.020169395879205586,0.019343712575386647,0.03136489088856968,0.009817204746301694,0.03863841000889043,0.04418967346975665
865,0.027891296170680875,0.029051392322734723,0.02160602976499216,0.028487552482505347,0.009589026945510937,0.034834093691827675,0.0459119579505169,0.03356404058590411,0.02018747894832009,0.01937733232286156,0.031393242975498725,0.009829159430922522,0.038670437822421556,0.04419035336644398
866,0.02791851609055989,0.029072918949051528,0.021642406855528457,0.028508619629999836,0.00960882222333482,0.03486411873503739,0.04590289104035899,0.03359807225649564,0.02020373657418895,0.01940886460693415,0.031413834030422964,0.009850847710464409,0.03870044050076842,0.04417845480015134
867,0.027939769016411774,0.02909757388715586,0.021670177024319826,0.02852508099640686,0.009619332805971213,0.03490054960871741,0.0459079432509565,0.03362219824863288,0.020216913878625557,0.019431095499930717,0.03143074734513625,0.009863100623048961,0.03873575679969882,0.04417732557272591
868,0.027944828810740684,0.02911644043477438,0.021681881747366474,0.028536833541105675,0.009616832903826205,0.03492954649160541,0.04592536632685635,0.03362878898814407,0.020222642013804953,0.019439728430700708,0.0314468839417791,0.009862469045305137,0.03876707744686451,0.04419367734301117
869,0.027953324695729788,0.029132743263930894,0.021700559990063678,0.028544580473599823,0.00962516246291831,0.034956911071456306,0.0459384187093067,0.033640348662223075,0.020227997815543915,0.01945437365220882,0.03145652087265421,0.009873191560170184,0.03879387196062521,0.04420271375974238
870,0.027958578805773033,0.029149188802255116,0.021716646821690614,0.028540742803992356,0.009639239205014336,0.03500109881343864,0.045958713105402275,0.033659777102824834,0.02022987090448637,0.019469699915792813,0.03146009982241835,0.009893132143690055,0.0388435645787305,0.044224266687456826
871,0.02797805198164738,0.02917588412153837,0.021743152698982773,0.02855501826737641,0.009651974910588501,0.035040482163504486,0.04597838113947227,0.03368254669158741,0.020242287643172936,0.019491841648188558,0.03147739738233513,0.009908947548576371,0.03888331862052105,0.044238565351331104
872,0.027998712763975267,0.029193712831390245,0.021773853517083573,0.02857903399901858,0.009674329298279454,0.03506515252204643,0.04599013714112752,0.03370747645847457,0.02025342274725225,0.01952410388363653,0.031511685956213405,0.009936730311069926,0.038915446161993855,0.04425290480272048
873,0.028026111401823674,0.02923446742797277,0.021814208928303668,0.02859790803728691,0.009686531011562255,0.03510006527311679,0.04601590976995427,0.0337425448015997,0.02028933383594088,0.01956039886814974,0.03153563299353345,0.0099520082027042,0.038955222305663784,0.04428031817090129
874,0.028071329101780337,0.02928139604413092,0.02184213687489332,0.02860915218683224,0.009679887239869274,0.03513570932834524,0.04604691339125644,0.03379238194742753,0.020326218087009802,0.019580889391564327,0.03154799129422522,0.009946231735707791,0.038992066860793366,0.04430882857423666
875,0.028103099719769483,0.029314273356500067,0.021865865333645134,0.028627012070325634,0.009681380994520549,0.03517059873418692,0.046076703684127175,0.03382376563356786,0.020350541451801242,0.019599132397648107,0.031570105755051196,0.009949682068631555,0.039030933775702464,0.044336947868737715
876,0.028126537789291917,0.029341431353600993,0.021886232742499075,0.02863915643854469,0.009683374298295076,0.035196758934776896,0.04609330092726523,0.033855130887302694,0.020377774915452732,0.019618456140288107,0.031590656218898734,0.009955038072603607,0.03906624974997767,0.04436200854341671
877,0.028153439129021098,0.029371552640279106,0.021900670566301437,0.02864159730053191,0.009681375340952418,0.035224071934247266,0.04612524549313511,0.03389198446303299,0.020411091372976434,0.019629713524333004,0.031597697522381965,0.009954999891011432,0.03909959989156771,0.04440278819453197
878,0.028169994044458507,0.029388090717952817,0.021918486641952086,0.0286566939107785,0.009684044945802066,0.03525068522041374,0.046134357195072334,0.033915249039382096,0.0204213031419309,0.01964496741316366,0.031618729125340625,0.009960078294121275,0.039132154489398496,0.04441464930482187
879,0.028170256003714325,0.029396999886323542,0.021933521720905166,0.028686063162281897,0.009694491033922751,0.03527081794172359,0.04611509794251777,0.03391657684242498,0.020422781595679333,0.01965876742614516,0.03165386343035394,0.009972679967158513,0.03915592234197654,0.04439398137349873
880,0.028184823097254164,0.029402584004528724,0.02196168990826394,0.02870353584988866,0.009700616659275874,0.035300829620214906,0.04612571874361086,0.0339367116901517,0.020417648745986266,0.019683330833980193,0.03167622608365622,0.00998107213969824,0.0391906003911494,0.04440447965772751
881,0.028195047222375324,0.02938723049132643,0.021999401281306293,0.028714854467313977,0.009702248401137198,0.03533455485642136,0.04613920821233754,0.033951267825427615,0.020378830668478867,0.019710828439593476,0.03168766399222089,0.009983661298251787,0.03922351394890118,0.04440772198601655
882,0.028217936502158494,0.02939612721061858,0.022026142134788235,0.028734182838846902,0.009707017861815428,0.035369333878752234,0.046160726817595144,0.03397935781404116,0.020374244833254326,0.019735510857827362,0.03171133721626139,0.009990422426034939,0.0392632838650275,0.04442814226147001
883,0.02826196924171923,0.029407867720967935,0.022059478650452956,0.028759172548162258,0.009721244273740595,0.03541123572048907,0.04620006317190882,0.03402775111013282,0.0203770898778665,0.019769858564727422,0.03174123181850898,0.01000698905798445,0.03931284427994802,0.04447101090791658
884,0.028284763508618034,0.029429593080627484,0.02208414554166149,0.028775959344017464,0.009724562355518026,0.03544694394243294,0.04623155293891803,0.03405376704982174,0.020386131322311513,0.019792716058653084,0.03176075701769203,0.010011871970143384,0.03935098316946444,0.044500133227330284
885,0.028305006744870496,0.029479020577131126,0.022093559867262306,0.028795515738198735,0.009720098540100938,0.03548438900315215,0.046257105157287134,0.03407313133188191,0.020417405012796132,0.019802773948927124,0.031780481615402895,0.010007623841466386,0.03938670024357606,0.04451870376010196
886,0.028321252991139644,0.029505824836288417,0.02210987222775265,0.028806661278404654,0.009716596020829145,0.03551485146811153,0.04629297137725241,0.034091415774299534,0.020433330125531154,0.01981724122369111,0.03179284343267238,0.010005482716686378,0.03941690409602838,0.04454982576718674
887,0.02832268419226406,0.029531686224854792,0.022135092101065894,0.028809294081643868,0.009708348306029341,0.0355510813199413,0.04635396961540794,0.03410152231434119,0.020450924320940134,0.019836362778990944,0.03180005823489492,0.010000778969260144,0.03945492961472823,0.04460832327740899
888,0.02833864099464483,0.029558911003848456,0.02216076314980301,0.028819350790221628,0.009704144543506328,0.03558283818369083,0.04640120849748982,0.03412971594232861,0.020472549986190806,0.01986305480620902,0.0318186411337661,0.00999998537100045,0.03949527056037943,0.04465967865335274
889,0.028370674681207075,0.02958227392026375,0.02218869357648033,0.028830393974209906,0.009700060347651654,0.03561549709820666,0.04645261898988547,0.034166462610448825,0.020487241816904315,0.01988983536009443,0.031830344700783664,0.009997198653831323,0.03952714033851414,0.044703534083879795
890,0.028399768489760155,0.029608019306395558,0.02222160447657628,0.0288526672478926,0.00970515068929264,0.035642418167598444,0.04651244395226094,0.03419743818949576,0.020505207560701365,0.019917033551195396,0.03185140084104776,0.010000961529629693,0.03955273159648384,0.04475366190334181
891,0.028418337209485372,0.02963225974578026,0.022253501914330117,0.028868973033716477,0.009706894614896912,0.03567457811750052,0.04655016220321587,0.03423049410446842,0.02052344983962236,0.01995145657014609,0.031873213203691575,0.010003305582268971,0.03959409047825561,0.04479460843475318
892,0.028446480591658378,0.029665500567797033,0.022268255363534505,0.02889411272968159,0.009707143529833186,0.035705253472747896,0.04658421675480612,0.03426168500085077,0.02054421778435923,0.019966218507392008,0.03189948794316832,0.010002986496212146,0.03962684485835732,0.044826919706155904
893,0.028466335614077676,0.029687230037704838,0.022286421740074863,0.028918124887148722,0.009708842738896103,0.03573264941119403,0.04661583251199717,0.03428508119197779,0.020556689136283113,0.019982717880229605,0.031924715596014876,0.010003347885716649,0.039657361074982696,0.04485603823694252
894,0.028480408975815767,0.029704237769042404,0.022305670320300182,0.028951019692121504,0.009715652172148398,0.03576950805746871,0.04664697646391262,0.034306679013601946,0.020567891838328176,0.020000793260583592,0.031962052289664866,0.010009358490308953,0.03970398748270487,0.044891759870962146
895,0.02850526778284781,0.02973464787373719,0.022315947378967697,0.028980530809602105,0.009715376307684676,0.0358009580683094,0.04669094195077974,0.03433894042195268,0.020585297525679055,0.020009098954939873,0.031995997889191045,0.010008184537060287,0.03974089347317148,0.044934456290335295
896,0.028550030977694624,0.029773347075576505,0.022321185530898277,0.029012767030843215,0.009716573310995567,0.03582567807709247,0.046732359423337144,0.034384054752484634,0.020604231121699016,0.02000738911185549,0.0320296908637904,0.010006358331464458,0.0397646463491689,0.04496388459104278
897,0.028560867051992577,0.029799777265105593,0.022328908320340814,0.029043286191052033,0.009708620295239051,0.035856771413698224,0.046793490445770004,0.034398605698146865,0.020614130608151305,0.02001189142289521,0.03206036596485787,0.009996201479434967,0.03979522334308277,0.04501830308921666
898,0.028549929175824502,0.029828049422969852,0.022325175972236065,0.029077701687715247,0.009692934032484342,0.0358936484782014,0.04687566870583164,0.03439588731364611,0.02062048463675138,0.020007292618306707,0.03209674439925055,0.009979550112685599,0.03983208621162685,0.045097741939271796
899,0.028563732966002637,0.029859176553809347,0.02233661264865064,0.02910335014738322,0.009677687258327548,0.035927805564684875,0.046955818627446425,0.03441362063556624,0.0206344614958898,0.020014355773022994,0.03212014868153643,0.009961832818956079,0.03986282737482627,0.04516782881946303
900,0.028561567946243295,0.029878159024455245,0.022362412335735566,0.029117511746418166,0.00964824670731108,0.035957810405085944,0.047042011042268475,0.034421423769563475,0.02064991644163323,0.020042230894952853,0.03213702404021931,0.009932505700540703,0.03989708590120353,0.04525432135245351
901,0.02856979913447772,0.02990092972478736,0.022370281817581602,0.029138601489146303,0.009634012956219778,0.035985613824745556,0.04712088178267145,0.034437659464259425,0.020661964442884956,0.020048830450407822,0.032157577912641615,0.009915969115871816,0.03992535864912787,0.04532848795729212
902,0.028601966948232208,0.029929884549574615,0.022375377202711138,0.02914449384910654,0.00962295073910642,0.03600162769051976,0.04718531202310748,0.03448428023928507,0.0206819207634856,0.020050993111452045,0.032163912380321596,0.009902902951138135,0.039942865192994434,0.045387902762264336
903,0.028622298574767606,0.02995473829508839,0.022373045210923523,0.02916855687221257,0.009615501765298302,0.03602922518549387,0.04727060263869587,0.03450953237971295,0.020695872522554212,0.020046225906376457,0.03218591835485564,0.009891464002525331,0.03996984735847688,0.04546520089348692
904,0.0286279604314617,0.029974490771419837,0.022344691574709766,0.029216002521579652,0.009625858772930911,0.036055141601941655,0.04735387085984762,0.03452202781470121,0.020709450268109726,0.020021228541236738,0.032237792929687654,0.009897917179462722,0.04000383313482777,0.04555205675746996
905,0.028639738714767667,0.02998884615675807,0.022334237741696357,0.02924487060691072,0.009621336840986728,0.03608792301660944,0.04745334344502359,0.034541531375499285,0.02071443754387412,0.020013392354357822,0.03226888193030041,0.009889402945846415,0.04004376858284666,0.045652580044427044
906,0.028646636999626975,0.02999925373351557,0.02233136347886326,0.029269555657290704,0.009608698427904152,0.03612992599971626,0.04758252779339176,0.034541362690446414,0.020711328978465754,0.020008600184510807,0.03228570102813362,0.009869177619213828,0.040080983508242796,0.045768911626956274
907,0.028673253543326054,0.030003980617922085,0.02232297054079296,0.02929070003103684,0.009593153775342278,0.03617266399433419,0.04770239379105689,0.03457056376386109,0.020701717882883948,0.020001337226563453,0.03230517311345657,0.009847566957354358,0.04012992526087012,0.045884028633444596
908,0.0286765011675463,0.03001168775038376,0.022312879418364646,0.029307824340937944,0.009585186006892886,0.03621020812412496,0.04779940001626932,0.03458225210343774,0.020697460232688383,0.019997383160357124,0.03232362570382839,0.009835190118116665,0.04017667779165466,0.04598280245967832
909,0.028685263765393376,0.030024821249509576,0.022316285465190332,0.02932351922596949,0.009572962145043391,0.03624239885844972,0.047904762364099567,0.0346005131410195,0.020696847447533386,0.020005387913342138,0.03233732658838463,0.009818506572638035,0.04021177844431764,0.04608330398699003
910,0.02869603204024087,0.030049261711552207,0.02232054163647182,0.029355026769615076,0.009560058185695587,0.03626983737452026,0.04799631626144568,0.03461754620269711,0.020710283777695335,0.020013599289599088,0.032369056507227205,0.009800704176551074,0.04024504788961469,0.0461734642063676
911,0.02870682130049411,0.030101637941885168,0.022326663899872833,0.029408357826291313,0.009551221190242832,0.03629304150942417,0.048069045110309974,0.0346326844226374,0.020747358776268213,0.02002272464365492,0.03242312485477775,0.009786987179488503,0.0402730221773594,0.04624404136319418
912,0.02873028933132772,0.030134574502290436,0.022339986095403837,0.02945838581848941,0.009548358617086214,0.036322578028015064,0.048165409265243805,0.0346616842839847,0.020777345794983207,0.020040213900336022,0.03247450922737933,0.009778871704819544,0.04030801521884659,0.046335851393021946
913,0.028761987516102594,0.030162053556201864,0.02236209991298131,0.029516467705966002,0.009534413635360933,0.03634446749327818,0.04828841056181311,0.03469707294192759,0.02080969972542713,0.020069387683062316,0.03253826541158111,0.009759772818901216,0.04033980807173794,0.04645865632045771
914,0.028795151437764878,0.030195562327690183,0.022389869570728183,0.02956804580921545,0.009543029242561027,0.03638132042457882,0.048363118428009236,0.034743924020825025,0.02085067882648459,0.020099568290083632,0.03259329516447093,0.00976343667877787,0.04038595461109551,0.04653154646131216
915,0.028838944005103798,0.030221984053352243,0.022420309020874465,0.029622266959520558,0.009572819499915088,0.03642682933358837,0.04845115401527787,0.03480659101426894,0.02089671964877985,0.020133132837670334,0.032647621125521824,0.009786047744616439,0.04043964467928789,0.04661056134863521
916,0.02887077642974187,0.030252292672866214,0.02245077991283173,0.029666905911834438,0.009598354316382987,0.036464294395008486,0.048455614874949704,0.03485540164710859,0.0209417712678469,0.020161725178271205,0.03269703684497479,0.009808923670470877,0.04048400619181455,0.04661386862295763
917,0.0289023443404386,0.030290106068003912,0.02249119462593995,0.02970899429172666,0.009636489690928748,0.03651583895339607,0.0483955962625188,0.034905424163120265,0.02098656677902058,0.02018775628968944,0.03273783261566139,0.009844096119178304,0.04053303409182391,0.04654437991425026
918,0.028940152174241732,0.03033499574325249,0.022536807945709406,0.0297499048651442,0.009668038262651718,0.036559370957712306,0.048336653720854175,0.03495816889328795,0.021043484702453236,0.020224693054090758,0.03278218518223228,0.009875103791614067,0.04057972919138162,0.046484594669604674
919,0.02897815406141803,0.03038477619944279,0.022574139627224394,0.02977115373633755,0.00969449444227577,0.03660242954895561,0.04821344106703324,0.03500883030012341,0.021108627126639988,0.02025167333490827,0.032812126730764495,0.009905684580813775,0.040627847931877716,0.04636878900563217
920,0.029002470039292856,0.03042154244810804,0.022624811941926806,0.029806435538174,0.009727045483026156,0.03661917744647746,0.048104628247945036,0.03504249982947433,0.02116244082960001,0.020297188795900842,0.03285502793767948,0.009941350713101123,0.040648162863432626,0.04626744682364647
921,0.029032956840091138,0.030475104403596364,0.0227007794151631,0.029861220973539878,0.009759370043538499,0.03662226360313075,0.04799995238005492,0.03507699674304823,0.021231865859498995,0.020369245778745243,0.032914994890325865,0.009974851251971948,0.04065495050270891,0.04617108519987475
922,0.02904745764391372,0.030500087269041045,0.02275643450847922,0.029890246921799257,0.00979347523389354,0.03662200625905582,0.04788772465961495,0.03509350517787503,0.02127343340234732,0.02042133542490135,0.03294861204109554,0.010013103226722577,0.040653042322102415,0.0460638815121948
923,0.029028877796359792,0.03050244258136978,0.02282425210047158,0.029918905622529402,0.009840254345391054,0.036598875959149076,0.047765958624090235,0.0350681254716252,0.021295760095524998,0.020488416622475154,0.0329822422383881,0.010066874780023405,0.0406222007587809,0.0459458595123532
924,0.029029863819367598,0.03049601436888165,0.022858697628931467,0.02993403617786983,0.0098738525189598,0.0365769774743051,0.047641356612397934,0.03507208740918263,0.02130930341471876,0.02052474918169513,0.03300597959557734,0.010107951969005284,0.04059909955742433,0.04583073049030985
925,0.029044325874993625,0.030471481115210235,0.02287092436781005,0.029935657239402433,0.009907727767965203,0.03654748345038861,0.04750514427039187,0.035084665685262945,0.021300624007963682,0.020534599802469477,0.03300767876501541,0.010147512251905926,0.04055581491873964,0.04569328490426201
926,0.029055250472590135,0.03044872258392238,0.022872008850246123,0.02992087606801757,0.009927100474046963,0.03653998891030127,0.04738278582083979,0.03509953388327347,0.021290137122455532,0.020537723153587182,0.0329991457960401,0.01017640954424315,0.040544694106968676,0.045573849990080496
927,0.0290543401129772,0.030432809994071455,0.022879351703361778,0.029913385908986078,0.00995013738816715,0.03653138884762334,0.047287898895563965,0.03509680222834202,0.02128737987977938,0.02053990042697807,0.032993156455169745,0.010205483292986631,0.04052841769080685,0.045479332634507215
928,0.02905423088891142,0.03040584872250616,0.022868532387690172,0.029894461899417076,0.009967238998546214,0.0365188550071681,0.04719519910673803,0.03510578561544754,0.021277426415075358,0.020528166017865206,0.03298330258174891,0.010230155242766778,0.040518675660536914,0.04539998508810837
929,0.02903695368743387,0.030388554112380953,0.02285808033417468,0.02988403668335155,0.009979016877426129,0.03649366564464194,0.047100206324474835,0.03509088518401773,0.021283543441693552,0.02051680776528245,0.032981941998714584,0.01024985279855055,0.040496252533693766,0.04531660259489328
930,0.028994565810016172,0.03037855527530531,0.02285809089842462,0.029871425021318693,0.00998135535300667,0.03647818640232513,0.04703884862218726,0.03503603114299429,0.021293257663790952,0.020505562380469085,0.03296972593887711,0.010258155483591224,0.040474836167956114,0.04525478341212782
931,0.0289723720670486,0.030373991349608342,0.022842198183210108,0.029868024464611974,0.010001722645624218,0.03644670071978981,0.04694604735434684,0.03501516497594909,0.021317761714135602,0.020489288650580497,0.0329753064181757,0.010285013645071546,0.04044717946249643,0.04517473101386336
932,0.02896267471282533,0.030388351417594897,0.022815767142341667,0.029885187005062947,0.010030733924524898,0.03640190879505434,0.046829489513814854,0.03499846253337984,0.021360343774768312,0.02045974662533597,0.03299424291543986,0.010317450775283087,0.04039770317178292,0.045058575831023885
933,0.028950013854628497,0.0303871937115566,0.022789859502507327,0.029891648619681927,0.010051079336087279,0.036368498256711,0.04675147609685713,0.03498185705648849,0.02138393616965002,0.020431624030998637,0.03300344669772241,0.010340245239974928,0.04035994664337229,0.04498421642283466
934,0.02894708462787228,0.030390065164518514,0.022758752832303494,0.02991138339486021,0.010087643806854346,0.03634108862583817,0.04668679688899122,0.0349799923589072,0.02141524826278334,0.020398874435050177,0.03302917309440753,0.010377883182879155,0.04033000062832832,0.044929220005197466
935,0.028930687545512663,0.03038614214124629,0.022732230621485883,0.029904593216520205,0.010104443306048644,0.03630782952132075,0.04662546610555455,0.03495994391816657,0.021433043331192624,0.020372543603443812,0.03302165706436785,0.010394771548839766,0.04029045695502706,0.04486917742088145
936,0.028907803109659132,0.0303728290142183,0.02270978618624838,0.029880881177014495,0.010095290822755334,0.036278180242530725,0.04659176793361546,0.034928966924068806,0.021433855118532106,0.02035153155551606,0.032993620123268355,0.010384557432897614,0.040250234911657044,0.04483058737161509
937,0.028882122101582034,0.030352691062772403,0.022671719546318053,0.029856452553901566,0.01010191390738357,0.03623309943142616,0.046537911140893035,0.03490430779314948,0.021436479440502736,0.020319105132350166,0.03296982580903347,0.010391039135840278,0.040202949961402897,0.044782626708338796
938,0.02885486157233793,0.030339553867517556,0.022640599510173113,0.029815905023040906,0.010116104146904623,0.03618325079128854,0.04648049845269807,0.034879671387101754,0.02144053899002657,0.02029388927317445,0.032920569364591146,0.010401264746153101,0.0401454649833419,0.044720228174515576
939,0.028823641031796157,0.03031368920146938,0.022592821232801263,0.029784175544020082,0.010124546344856074,0.036132646902175984,0.04642721583411654,0.034842098487188194,0.021434055308348986,0.02024987668926334,0.032882462691640406,0.010407438150951596,0.040087086391434004,0.04466679357115071
940,0.028795134566956662,0.03026339734040649,0.022506997137301712,0.029757399074712216,0.01013788214627073,0.036077470581198236,0.04636797581305543,0.03480506875793168,0.02140774111858231,0.02016646558794013,0.0328517104739232,0.010419709314418673,0.040026797478328914,0.04461591200404349
941,0.028754504530339058,0.030227018873020886,0.022448101759437778,0.029727477785959293,0.010144624617027708,0.03601231710321433,0.046314543403704306,0.03475085538639866,0.021391472806321456,0.020109774376463666,0.0328124799566836,0.010422771140557327,0.03994940950616661,0.044560424612204115
942,0.028697841331375016,0.030190016863473505,0.022390661612144418,0.029685328589388323,0.010143175483796927,0.03593032808103479,0.04626634031240708,0.03467813468303443,0.02138115327352902,0.02005983695321804,0.032765751777802624,0.010419685842060527,0.03986049314368408,0.044517217377832555
943,0.028642183080008484,0.030151735941913754,0.022338716772803715,0.029655495566800198,0.010140350832652054,0.03585674485383808,0.04621213899582874,0.03460891732598064,0.021367132742933285,0.020014671700439305,0.03273199829823783,0.010414880794812823,0.0397798370693462,0.04446842574148935
944,0.02858119179848886,0.030114153572101753,0.022294427371498136,0.02963007475729246,0.010134756986151815,0.03578086948922742,0.04615482631650417,0.03453175117120217,0.02135105863208381,0.019975797713832618,0.03269958016435914,0.01040566780643931,0.0396924179342978,0.04441170402786436
945,0.02850320266675959,0.03008708591852871,0.02227414300551582,0.029612395064556325,0.010120451112001657,0.03569544525886603,0.0460955853567079,0.03444915233030166,0.021350628614791527,0.019967852624117575,0.03268396666487683,0.010388720422533254,0.039604567265335636,0.04436245778186204
946,0.028446678107447953,0.03003255100237719,0.02221841389015252,0.029574448458546412,0.010123202880162985,0.035606834826366625,0.04602673827340681,0.034382077198617224,0.02132271419733603,0.019923046164265303,0.03264255038922845,0.010389030659384678,0.03951027303354318,0.04430167335299517
947,0.02840689124032555,0.029968771949609976,0.022150575214447087,0.029544122896097636,0.010132905837880804,0.035530791072798044,0.04595442906189562,0.03432054653307959,0.021275038847953048,0.01985924612532045,0.03259863421784221,0.01039386790393168,0.039417174857793995,0.04422605675920168
948,0.02835071943270771,0.02990678812979392,0.022093726589038284,0.029502465931942806,0.010140891409004857,0.03544138665447922,0.04588944048006718,0.0342463935865753,0.021237286138463065,0.01980885508990468,0.03254600104926537,0.010396976598050518,0.03931331846076348,0.04415862407403172
949,0.02829512395882733,0.02981554099162459,0.022024909553385652,0.029438125587010065,0.010165373045753568,0.0353191909185729,0.04581103816398804,0.03418011065635523,0.02118643366668339,0.019754978501700386,0.03247699779855783,0.010418536516032738,0.03918539091072714,0.04408856535917877
950,0.028223687426383596,0.029747502554517302,0.02195011304930015,0.029367265110815742,0.010165475947841646,0.03522029620367734,0.04573465945798137,0.034093906068265505,0.021145879837913578,0.019690155728889366,0.03239608513845979,0.010414916910847343,0.0390753716782249,0.04401441596269959
951,0.028122462121782026,0.029686354548056564,0.02187204920532088,0.029277207025413837,0.010145394832480234,0.03512855284889766,0.04565336312998787,0.03397680742523209,0.02110946340751359,0.019618416783495372,0.03229192542323117,0.010390273023697154,0.03896845587805846,0.04393037260777095
952,0.02804145670828907,0.029622713937291857,0.021799480260331093,0.029207093720403574,0.010136088568903958,0.03502770200037271,0.045576825563830047,0.03387670695838532,0.021072693206027452,0.019556004111441448,0.03221115728064224,0.0103768002541668,0.038854569633745215,0.04385514415967019
953,0.027969516869706532,0.02957487734045598,0.021727689377183602,0.029129766573547884,0.010118529413184078,0.034930708842109054,0.04549904760748789,0.033783756802409456,0.02104518685841313,0.019496830635506574,0.032123321372278114,0.010356350123153824,0.0387447408003051,0.04377971825684638
954,0.02787832006014357,0.02949869768060054,0.021630565539740392,0.02905170436668805,0.010106148233673994,0.034819865213460185,0.045412370187456856,0.03367534417000278,0.021001280747892766,0.01941408422647392,0.032038229343744236,0.010340676787870595,0.03862665138346263,0.0437035127380565
955,0.02779079590356551,0.029415384495464724,0.02152026299302977,0.029003622625169555,0.010105569491947103,0.03471133803557948,0.045349588120169884,0.033560902258006876,0.020953605250748283,0.019315087067058843,0.031980609700720954,0.010332476344524841,0.03850731111597015,0.04364614978680009
956,0.027703089145632322,0.029334661042833256,0.021436600131588126,0.028942385546381046,0.010099776035591633,0.03459538654732588,0.045268501437004824,0.03345303894859693,0.020904549110635853,0.019244244020246618,0.031910887851215645,0.01032268133151839,0.03838052401372016,0.04357249224954616
957,0.02759665283202105,0.029235422145948483,0.021346445838701787,0.028862997655794427,0.010090218937083468,0.03447409001187185,0.045173989988498094,0.03332395218493688,0.020831577430724085,0.019158826884659124,0.03181426811414143,0.010308749014051748,0.03823950433144858,0.04347776991700135
958,0.027505027160020012,0.029147195358128,0.021255432304715945,0.02879372443626867,0.010083798319642753,0.034347728522009124,0.045078951870523215,0.03320946462923663,0.020772653031982193,0.019081070587512367,0.03173118576692509,0.010297000920071535,0.03809686110447845,0.043385702669790624
959,0.02743451364218065,0.02908554497405061,0.021200883951289332,0.028743847583132236,0.010080983976930162,0.034215023539212255,0.04497451657536535,0.03312068935474532,0.020740215350934312,0.019048549658109377,0.03167200804823355,0.010290610078346592,0.03794977037498129,0.04328732884743787
960,0.027348306393202525,0.028991332892525177,0.021126225798365598,0.02867329239273356,0.010074407305332943,0.0340725402343904,0.04486856503803235,0.03301055361722333,0.02067508131191692,0.018991195523369794,0.03158827110377078,0.010279454686557398,0.0377897412757208,0.043184681174733
961,0.027256110325221034,0.028863872407180784,0.021012524535195115,0.028592630608563166,0.010062809716025696,0.03391684679412749,0.044768715949620945,0.03289089614988377,0.020580228004270222,0.018901049642673928,0.031496867678508456,0.010262051871153532,0.037621097982742074,0.0430932733263113
962,0.02716331690047342,0.028755991108481496,0.02091905767696016,0.028506685365584233,0.010057510144190613,0.03376211479290289,0.04464942625793849,0.03277264447908916,0.020505543023727618,0.01882733070865549,0.03139654364611289,0.010250862098114061,0.03744927167505191,0.042978857508573214
963,0.02706487609762583,0.02864590681235141,0.020832095614781096,0.028410304594220778,0.010053535885073163,0.03360104177534601,0.044516049053049754,0.03264702513240161,0.02042866959499436,0.018756843757539665,0.03128216349818122,0.010240682665210148,0.03726690143549966,0.04284694728094026
964,0.026950842932365125,0.028514530122381455,0.020759277340455316,0.028298312153328776,0.010051856332540268,0.03342233788321454,0.044369438606778944,0.032509524136588,0.020330628686715584,0.01869744715811249,0.031154091391617508,0.01023596838844869,0.0370669254133097,0.04270509218183194
965,0.026854519916734453,0.02840720052866375,0.020671564821709665,0.028182978955373642,0.010040364296573043,0.033265747860998854,0.04421559899431471,0.032388756930635344,0.020267171177401413,0.018627671086362433,0.031022886293992163,0.010218693823793718,0.03689545592438408,0.04255957346128982
966,0.02677336854169089,0.02833538129681811,0.020593500694004264,0.028053879356007106,0.010026450697665045,0.03311940567382748,0.044041728589872445,0.032284561454671235,0.020246261235354394,0.01856698504488588,0.030873063990799723,0.01019609841800621,0.036734540995847734,0.04239278938088882
967,0.026665325942561716,0.028220539821937254,0.020487506529022512,0.027938388858680135,0.010018397916402372,0.03296538214205955,0.043867820395471796,0.032148900579173405,0.02017848854089974,0.018479556662952666,0.030741541228978653,0.010182301215069533,0.036564101730138666,0.04222639979368669
968,0.026548740390925456,0.028081876557579186,0.020358341407674674,0.027810060317975213,0.00999954034498404,0.03282471885327041,0.043671721242257405,0.03199985013853587,0.020094457130157964,0.018370237694618954,0.030598495262592746,0.010158182245080867,0.03641095442883315,0.04204004469606239
969,0.02643431149378878,0.027958411380405775,0.020239206838694186,0.027705701519772457,0.009993736906833733,0.032659828724024904,0.04350974291662624,0.03185190542247545,0.020015461373080554,0.01826893047291393,0.030476934578189296,0.010145555172267227,0.03622404002091661,0.04188224207059801
970,0.02630377518199228,0.02782100014213414,0.02009801832622979,0.027641426942057276,0.010012616910652422,0.03247369897549805,0.0433503205300675,0.03168933781235676,0.019916907891290896,0.018145562089901424,0.03040067080808191,0.010159623376140027,0.0360105477042031,0.041728316181939694
971,0.02617670156952488,0.02769591938773754,0.019983290657587596,0.02752840018757615,0.01000483874550223,0.032300553016085067,0.04320299887563732,0.031521381801823636,0.019830396849388063,0.01804856926710576,0.030265341687541282,0.010143759361970522,0.035807836057677456,0.04157687674484854
972,0.026037157050570216,0.02757281607360541,0.019886215308862722,0.027380616107994592,0.009989360680780613,0.03209883898386374,0.04305807058962614,0.03133962170590864,0.01975541608536384,0.017974757974887737,0.0300974721788599,0.010120278465846637,0.0355822154695427,0.04143515459826408
973,0.02591031270959591,0.027446006463458655,0.019766712511502374,0.027250813572238408,0.009958251624654852,0.031917266536351636,0.04292874320110687,0.031179245113340293,0.01967136224363823,0.017882088960274902,0.029950799741837536,0.010082577471246317,0.03537863845082194,0.041312714074393936
974,0.025789075124961976,0.02732509702433823,0.019653480882585492,0.02710127865901985,0.009905339029869634,0.0317570081852711,0.04279924684386124,0.031023157258623566,0.019589020162840597,0.017798609309279578,0.029777880549105698,0.01002215516333731,0.03519275236337746,0.04118117750224523
975,0.025659904600250937,0.027194349670851332,0.019525653278653403,0.02696027573892616,0.00985513869563324,0.03158595076753188,0.042707940691395184,0.030857359633598237,0.019493756157087122,0.01769985472563641,0.02961653354786789,0.009964127589417143,0.034997170939754886,0.041093576439715125
976,0.025530761949813425,0.02704958921850865,0.019354368205822408,0.026836125586485675,0.009774149705909313,0.031406465459475764,0.042687761342229055,0.03069200782761719,0.01937436456658407,0.01756294082657766,0.02947354643226999,0.009873972001356934,0.03478980338834085,0.04108373337326836
977,0.025397349860616782,0.026903819231448196,0.019205218214265216,0.026694635926256403,0.009718148560599214,0.031221244543172696,0.04260960825676923,0.030525476837933285,0.01926657662954084,0.01744768747354336,0.02931507828699436,0.009810532747880265,0.0345826581920482,0.041016847934541176
978,0.025237389351622518,0.026739124294793408,0.019034823411671203,0.026507907258154873,0.009670248786440122,0.031010282254901284,0.04257031645844991,0.030323619541015142,0.019137551159752048,0.017318093385018246,0.029110973690689622,0.009755824665971101,0.03435318260587052,0.04099358515042179
979,0.02508869116659649,0.026578478589558693,0.018900777599946725,0.026354571783490387,0.009626974148410416,0.03081635794219825,0.04244732882651041,0.03014839793410111,0.01903183007052912,0.0172198051808264,0.028947013986134935,0.009706896451959912,0.03414663556684159,0.040891201401826706
980,0.02497083870514627,0.026411657788462984,0.018844555153793904,0.026245961508451342,0.009598245736636354,0.030662818945099896,0.04224663101680136,0.030018921210054533,0.018929140177590977,0.01718767286980109,0.028828346379513956,0.009672281626563542,0.03398116782345409,0.040700211742267484
981,0.024840412736168334,0.026277713895741427,0.01873583132470287,0.02612082629903406,0.009585528743151678,0.030482857014476904,0.0420385082461914,0.029861856074161926,0.01886209853423845,0.01710125030754877,0.028685463625809125,0.009650639081614065,0.033780197095601205,0.04049753845576507
982,0.024710168399805565,0.02616691184073743,0.018618271159871875,0.026002304535994288,0.009586110152757149,0.030301738505031692,0.041797313803526345,0.02970490822771747,0.01882673506748176,0.017002139503939643,0.02854957840104273,0.009641796626134352,0.033578099604644786,0.040262669496641416
983,0.02458559527798419,0.026083886809237584,0.018517186533557505,0.025914224707939314,0.009596320227553648,0.030138231106239106,0.04149240621049592,0.029552736277909837,0.018832204080044684,0.01690386438833333,0.028441373354239644,0.009639735402052985,0.033388391210757505,0.03995551181857169
984,0.024459069586857916,0.025998447193147388,0.018396687579391818,0.025799193895577877,0.009618306801997309,0.02996262367030052,0.04122990246103759,0.0293968148005544,0.01881790041048053,0.016799394436475407,0.028305278749235187,0.009652385308991781,0.033188019572985776,0.03969593311071235
985,0.02433477861412275,0.025980507705174793,0.01823105427487941,0.025665470861380338,0.00968023125382693,0.029785081836646538,0.04097439157813225,0.029233566732319166,0.01886665722164757,0.01664847186697487,0.02814492140506703,0.009704388905552041,0.03298414042913238,0.03944225575561257
986,0.024229768750165425,0.025872475650061674,0.018118721547305344,0.025570646290905306,0.009695155164442868,0.029605575762592356,0.04074382123656517,0.02910087236447842,0.018811333635406366,0.01655666643551664,0.028029043650372627,0.009711960493917612,0.03277434311610356,0.03921045280798845
987,0.024144123851107507,0.025723645332790607,0.01806602016985656,0.02550432203842281,0.009700559394269871,0.029424922923550517,0.040496801015929416,0.028993494841631596,0.018698301738092657,0.016527904571943267,0.0279387035021666,0.009711344584314942,0.03255344761104252,0.03895346614856463
988,0.02403658341552609,0.025580477793754806,0.01793547138872173,0.025405025932072132,0.009691990084894846,0.029260950170491913,0.04033987832059396,0.028853134564345947,0.018589306157275297,0.016418718557942635,0.027817197853285895,0.009695763786732146,0.03235852279123779,0.03879141286486118
989,0.023922368738962335,0.025364360464714516,0.017745584306843646,0.02531279561324916,0.009657554536408824,0.029069583879865538,0.040216667227653366,0.02870903462767307,0.018409069344177173,0.016259166076122034,0.02771105695660333,0.009658043484971218,0.03213958623935421,0.038670951799286375
990,0.023806160153509375,0.02520816299599928,0.017611212422816627,0.025186024471131763,0.009616736503906795,0.02890776969478773,0.040130802250414314,0.028559510446619956,0.01827566620889493,0.016153099044415423,0.027567697040195016,0.009610884131513878,0.031955694841414424,0.038589879328932236
991,0.023638254103654475,0.025063575113071085,0.017428451978273373,0.02501834021656947,0.009568406577080545,0.028758941292298147,0.04014904058414498,0.028323136434266885,0.018136551442050917,0.015992610218730236,0.027369544655796794,0.00954688824290783,0.03177837644974995,0.03860114637949803
992,0.02352209587399074,0.0249117415002881,0.017297405724173282,0.02481673080522032,0.009490842140632678,0.028616362733310714,0.040126553786894115,0.028165228320312496,0.017986266272237646,0.015891011323701396,0.027140260685072696,0.00946055439655763,0.03161009014688763,0.03857594743613829
993,0.023419511812609713,0.024724443138878838,0.017270569718336872,0.024462063777053972,0.009351514487738768,0.028455919350355414,0.04010241177908966,0.028034027544537023,0.01778551749377916,0.015907478442567003,0.026750799611048016,0.009314426620732187,0.031427190508752596,0.03856059266979179
994,0.023315847846971313,0.024579870052852632,0.017143915649180906,0.024219180418006477,0.009216145624594486,0.02830310029172912,0.0401104754944836,0.027894864909331227,0.017624669871883967,0.01582601712157778,0.026482625590076355,0.009172788859040427,0.031250469794290366,0.038571228469693374
995,0.023276437893548323,0.024459024208589534,0.01691000458194719,0.023954939521808615,0.008985884789631882,0.02816089607108405,0.04017485702670151,0.02782971337942996,0.017460292418259186,0.015660043575843514,0.026191427179943123,0.008940037272274558,0.03107862507592633,0.03863065542087721
996,0.023158557471869748,0.024311284733856173,0.0167211805551502,0.023678546884560746,0.008799358464191777,0.028005373334000903,0.04023566631676146,0.027676689851224942,0.01727463167301094,0.015534039448383921,0.025890743300136437,0.008754172807510858,0.030897999137528418,0.03869134225389072
997,0.022906153506257403,0.024229207337787436,0.016410653049335425,0.02353327398266902,0.008591207535313772,0.02781241495547114,0.04042291768709112,0.0273634768078235,0.017129845828473583,0.015306955026218963,0.025749795614860557,0.008555465773596555,0.030689720273667558,0.03888484125576018
998,0.02270789076725213,0.024082557134166162,0.016151338369872533,0.023310006274806856,0.008390914280370018,0.027628406581540012,0.040544994765523354,0.027120471044355127,0.016929691650682158,0.015137266386399978,0.0255178276661226,0.008363153343876892,0.03048598649179434,0.03901563767256026
999,0.022432908697530472,0.023750136419822748,0.016006138869029716,0.02298216673748732,0.008328964223141543,0.027488958021820498,0.040541808283774676,0.026835406644395023,0.016579882417852257,0.01506013559600569,0.025180491482784916,0.00832201130979885,0.030337195748818067,0.039037069641178174
1000,0.022124489437878883,0.02345660062612647,0.01586073980373198,0.02256301070676753,0.008147642273703804,0.027308161845102364,0.04061204321817889,0.026500819826435297,0.016223581275614483,0.015017306459549603,0.024743325222872658,0.00816034190284039,0.03014703162426071,0.03913375800077203
1001,0.022112577189053646,0.0232522793701382,0.016025429764002896,0.022152651738665555,0.007900646608271287,0.027310878621642783,0.04048914461830346,0.026490989945888326,0.015908929344115613,0.015278533474793354,0.024286138439544254,0.007906650600281829,0.030158630426385214,0.03903249820459349
1002,0.021970942803311258,0.022998225073761213,0.01615021807665862,0.021649928963295154,0.007634877459825342,0.027217098322498922,0.04048675326741364,0.026398998593940657,0.015548484069584487,0.015530405456831901,0.023751381800132552,0.007659836129408173,0.030072825311182244,0.03908597977026258
1003,0.021780944029082257,0.02286727630465391,0.016400280838974754,0.021064678082265212,0.007306894815949082,0.027098572305594034,0.04064275656581863,0.026337429569101938,0.015270568550773097,0.015911194875797514,0.023132852360824192,0.0073695713173784205,0.029961671294625458,0.039319417254881486
1004,0.021658851789569913,0.0237375582400169,0.017051730168910536,0.0205939355929319,0.007107849352429723,0.02715859173914445,0.04159809032833177,0.026557833139723017,0.01586986450891328,0.016601034527864003,0.02263781463286336,0.007236730176414885,0.030065927038635306,0.04036889294468867
1005,0.021415582750922882,0.024265089987736722,0.018337629030418197,0.020664437662181137,0.006997546863115994,0.027117139567009917,0.04220441991310972,0.02659312634741373,0.016305068476918174,0.017969593772145215,0.02277982742159997,0.007250894568101968,0.030073397317639132,0.041125676569376934
1006,0.02140711970239375,0.02493717928783959,0.019138610838159376,0.023640190236356533,0.00741769868591849,0.02654765383330292,0.042660635129286875,0.02673754191381422,0.01774095541506179,0.018586140803388235,0.026133927810918115,0.007848077710756463,0.02938736595578532,0.041690909375114535
1007,0.022330434249600878,0.026742987467527506,0.021653823160255232,0.0287345480771122,0.010047685277722235,0.027439286596345796,0.04330288353370567,0.028256267390964065,0.020591854594303568,0.02107024405471875,0.031865559829011014,0.010822500778938706,0.03039579233182029,0.0425670864985711
1008,0.022569878036049415,0.026709963385046213,0.024215282939013257,0.03439878709593915,0.014275459384790646,0.03072881496934621,0.040580138188667396,0.027912180224668477,0.022491297641206505,0.023631157781267113,0.03826303760432918,0.015444867810747772,0.03414695051697851,0.039586262776501006
1009,0.030130596705435865,0.03280454686284156,0.033095843702956894,0.0450091994176188,0.02572407560100838,0.040169111413448866,0.04546393633367944,0.035823371478834944,0.03100616684716017,0.032315605244388215,0.050218206539578605,0.027804279155323432,0.044697346987708005,0.045348459994694536
1010,0.04144713203971577,0.040100032556547975,0.04553992562854144,0.04231180535199151,0.03382724719683537,0.04565520822630192,0.04568149852350182,0.048900318857014555,0.03730481459371574,0.04463600018614343,0.046542049893878897,0.036069504286307355,0.050404729993925965,0.04593721312807737
1011,0.05988197591216127,0.054771899538322656,0.06249880491442908,0.049199842164477876,0.05062297217360044,0.05764861605975815,0.061906764437743754,0.0689543935200386,0.0544589986486714,0.062232002417328215,0.05413883581943423,0.05350466685431097,0.06328699154936322,0.06309468820856223
1012,0.07711868614512295,0.059158397904293746,0.05576375516939543,0.051786732345115556,0.051078120839037414,0.05448664254216224,0.07567027487064937,0.08830637124121836,0.05977437362072717,0.05883570484362656,0.057513658074706236,0.053484785686797265,0.05925909349331201,0.07720928784338958
1013,0.095447589196433,0.0692059662367759,0.06390427631609924,0.06087332207691634,0.05807160017515426,0.0642117477275938,0.08667651593617585,0.10906078674654571,0.07090145383592729,0.06797599780931764,0.06749400122931032,0.0602408943140781,0.06863306490396713,0.0879636912141494
1014,0.08954817215231399,0.06847135320756703,0.05274664288609196,0.05882833839422734,0.06272460160465532,0.0792341902407071,0.0845255701712174,0.10178949016741708,0.07043981497257792,0.05379245962976777,0.06547140972717942,0.06702939769117258,0.08366158903693764,0.0838663989593203
1015,0.09215559483707023,0.07214385136604434,0.06178236333101367,0.06897027393399285,0.06938462002044128,0.09179693338376399,0.0894844669695176,0.10537821949605064,0.07439357712994468,0.06238580370234707,0.0768828052608009,0.07437548512268591,0.09501031818192883,0.08675809478566872
1016,0.09081090349201822,0.06945970659080818,0.08629088373395315,0.08598036475745117,0.07744838924298107,0.11142863786909286,0.0871136580117577,0.1073964786684635,0.0694292579374434,0.08347360156293143,0.09352833749305593,0.08147645951084247,0.11047371486364595,0.08031906399876573
1017,0.08511782446983411,0.06783025264832133,0.09010543629293488,0.08963325017407038,0.08118442558702106,0.11408810334159805,0.0916984016072905,0.10087598077538627,0.06773341822373179,0.0866035105562889,0.09765974784259521,0.08554624410071492,0.1133001567730171,0.08451696198016309
1018,0.07455496038851728,0.07005635159466897,0.06445188990543502,0.08884797111680025,0.07554561972966067,0.08696811153380961,0.08334447945774823,0.08686981535287948,0.07458387183921593,0.0654503934408519,0.10167578391201369,0.0809331683913957,0.09201216893308924,0.08122750261199065
1019,0.07155424715517801,0.06904865509648023,0.06370528328115405,0.09018778770446345,0.07566194968499304,0.07668915645494306,0.07919343035489308,0.08351249293956162,0.07376257174866538,0.06537162215534324,0.10480891170708903,0.082033126205549,0.08238698308796555,0.07837796379193007
1020,0.06830313731995573,0.0667737896955799,0.07349913266073527,0.08141496126228684,0.06236694320070749,0.06725958230452825,0.08825194911623983,0.08025322583537033,0.06893366548743045,0.07447953015726377,0.09531872792933155,0.06981924977462702,0.07374448134244925,0.09087839894640203
1021,0.07368933958602027,0.06496953171008946,0.07465430813271225,0.08022250886851999,0.05958982448190147,0.06212036410404332,0.08979519175497008,0.08538494857526086,0.06546039063829985,0.07560686681319542,0.09374201594716976,0.06653448953362727,0.06823913459916069,0.09306877679490239
1022,0.0616057604550585,0.04954522514491577,0.06638284577273013,0.07530805383357043,0.06615885809132856,0.059214188061314246,0.07874826364807927,0.07392201167291208,0.045840251234905455,0.06727019976275635,0.08752019811076872,0.07223143079059749,0.0624791201503676,0.07909215853806864
1023,0.05919637801611616,0.0490585484070383,0.0632104107074019,0.07207999405295326,0.06297811148405282,0.05998379924195058,0.07274691457665354,0.07249982801830865,0.04528512299191219,0.06395398032771599,0.08290176308591016,0.0683169448812566,0.06292521590649458,0.07215099253644836
1024,0.05753226305065586,0.050505159597193414,0.05233693997536013,0.06058255783091589,0.048858675640538286,0.06079880773568953,0.059325352810760984,0.07084256663514692,0.048007234446216435,0.05358168168939567,0.06825968011147905,0.05226964991918459,0.06413568921428378,0.057964096747782884
1025,0.06670881964336306,0.05684332441761184,0.05331101470640289,0.055137277338513535,0.04908004586564123,0.06273430040007662,0.05315238043833894,0.08059381576962317,0.05666204746699114,0.05491846829464559,0.06161344653687098,0.05240026323477703,0.06783671528677523,0.05205952026321304
1026,0.06459729498672576,0.054700453100297156,0.0503158407796925,0.046182269324202364,0.043456608117983506,0.0627595626619612,0.05083490229411445,0.07778600988688746,0.05435419067884475,0.05200356879006064,0.051107441626047405,0.04609098276507074,0.06805011232543572,0.049780031782596726
1027,0.058448722298803005,0.05082314074899988,0.055146217019967414,0.03544717348603182,0.029788442235977205,0.06337528247040472,0.04368163861926465,0.0708858090664456,0.04984520947383237,0.05655019491387111,0.03860083534667701,0.03178002991089444,0.06927329745687597,0.04282969877996811
1028,0.053603393441561314,0.05114427803038156,0.052393412672064855,0.033732599728649414,0.026626124587451783,0.06335332611234541,0.04246446835923149,0.06394520579531275,0.050949904248041085,0.05372650785585705,0.03668154969458965,0.028277504477782003,0.06911227741647395,0.042117547987243126
1029,0.053665159394339045,0.05958905313557016,0.0541140160121913,0.04803394817965083,0.033958320756610316,0.06691488320161704,0.05461008149000046,0.060989449564519835,0.061524802961303984,0.055631178612070266,0.05246716342802467,0.03539499137465346,0.07171834946814451,0.055472880631397485
1030,0.0535839788823299,0.05774311214737483,0.054879758952860694,0.05092140936589085,0.03416720982756403,0.06426884040275206,0.055096216106961596,0.06075902313626563,0.05968177021629366,0.0565765674574114,0.05611269425649087,0.03546583533458067,0.06835709716275502,0.0560374076263201
1031,0.056073863873703444,0.05300431556913195,0.058280538788108745,0.057274000185054075,0.03451032442103105,0.05671442321673907,0.054305913335418066,0.06354449221827829,0.054963146149738795,0.059719262686534304,0.0647569690682311,0.03604166294531463,0.059698416593118746,0.05502650720929951
1032,0.05732183018806376,0.04796719329432383,0.06339821452509962,0.058186168225204525,0.03501810358309663,0.057067695054658744,0.05529140435502235,0.06485327420045443,0.04932457739708021,0.0651492849898005,0.06645343910513193,0.03662189311083264,0.05989587507116852,0.055679823444385546
1033,0.056180891885967345,0.04963817807680905,0.06693216813553182,0.05419419444071168,0.04246316398417464,0.06500729008279997,0.0665273523913866,0.06500996198082355,0.050597803873707166,0.06898577183381778,0.06269059812017894,0.04434483657328025,0.06768595611733327,0.06472841911856175
1034,0.05614803162237716,0.050125476625575066,0.06789871827883172,0.05273092331622313,0.04353028945231306,0.0635318616710827,0.06532580004206241,0.06484438084701867,0.05184126148093811,0.0706698626863279,0.060682297324032373,0.04565307886498285,0.0669947560008657,0.06368825978152448
1035,0.06017185669252944,0.05194641696863499,0.07825723075875281,0.04644966470193925,0.049150486866398765,0.06639082392915631,0.06616824339163346,0.06782883464645735,0.056183431951721395,0.0835706214140386,0.052154450223555714,0.05202327304767161,0.07259324616039485,0.06642979103830417
1036,0.05853994361682406,0.05139345028319328,0.0746282317295014,0.04087220854158139,0.048212983465772526,0.0610853318678012,0.06456578484488217,0.06561445564027199,0.05498437600763414,0.07864439364150433,0.0451159311017449,0.05113132827767279,0.06747874290520835,0.06534744143699871
1037,0.05725197273746664,0.044653280855185266,0.0666995539816152,0.04273359097674741,0.04086892552710309,0.05109155244806512,0.05849661452232615,0.06379680167786761,0.04504645338827504,0.06770563896774658,0.04586805361054586,0.04336373780207832,0.05707235188261257,0.059792985090220845
1038,0.054453016351990104,0.04372938587608515,0.06083211379636788,0.041293281485125406,0.03515597584831453,0.045281322671220495,0.0539035047351324,0.06129298885996202,0.04380454813291995,0.06130924825050594,0.04410419612272537,0.037457115429797606,0.05077774641575824,0.05525432418986823
1039,0.05204413890307723,0.04652412101522037,0.053928373118174326,0.040389152798041054,0.031016853714371403,0.03296176767662466,0.04773710933398893,0.060269634122950826,0.046063789874020634,0.05316935889212482,0.043569168668877424,0.03317657891667398,0.036385805843034746,0.04845720084132918
1040,0.04630690008248915,0.04324872037510857,0.05163001196047939,0.03798741107127092,0.029737503839929742,0.029070988489580955,0.04371052236466395,0.05454377812468656,0.04250391713045108,0.05072380060634869,0.04116202914892719,0.03179721101959036,0.03210964940590593,0.04444344722918361
1041,0.033705091065299016,0.03309148437233676,0.04850046286373762,0.02914714268141684,0.026284518707514817,0.02628429425420494,0.038824290398794536,0.04153677892385643,0.03218706554626877,0.0492963650876436,0.03196742196752207,0.02822100962731167,0.029422210284715804,0.03981469326985455
1042,0.030951933669174734,0.02946439944468124,0.047763468742561585,0.027602606440498167,0.024163923554815454,0.02686657620793289,0.03730173225563849,0.03851746562956933,0.028634195950107376,0.04888148525071836,0.030474565508668852,0.025958590472002867,0.03012660472123278,0.03828897530468675
1043,0.027293491876224783,0.024502956488442886,0.043384966849452526,0.026128306536235213,0.019915191464893088,0.030701468894858225,0.032816278507917844,0.033648082984884586,0.02389697558906356,0.04442418657482881,0.029001412416795384,0.021310550540997217,0.034531754085452684,0.0334971743688908
1044,0.027628175596323867,0.02185070416783463,0.039520134822480006,0.02641650906272522,0.019007150272987255,0.03175021397560026,0.03223903899883177,0.033316367076485096,0.02153554062460465,0.040349422658340975,0.02930914815746776,0.0202842228291833,0.03562083136409993,0.03277703047466803
1045,0.03544846897032203,0.016610796266629972,0.03497738814658072,0.027404687750872927,0.018417946889568642,0.0323983896548781,0.031537986408327154,0.04108638931348053,0.016926716307585438,0.03493239702145735,0.030062283024479025,0.01965584985710077,0.03591003366877296,0.031800890377751606
1046,0.03582146548527344,0.015329456546417883,0.032949773482929705,0.0276737673635254,0.018458326560246433,0.031028371907699435,0.030793162621455754,0.041208247009816595,0.01534792355260274,0.03274924185340847,0.030344702241742974,0.01965619883622547,0.03412465800349012,0.030857460451453263
1047,0.030219115368036065,0.018061373084713242,0.030511666524145054,0.02508097033190767,0.016806173498590284,0.024585363940285647,0.02945472488614831,0.034940730842779176,0.017541831380796524,0.030269815745937945,0.027659367657823238,0.0178492056856613,0.026776200264827694,0.029238241774165005
1048,0.02558275927383018,0.019910830821990157,0.027262049519757307,0.02559507246425129,0.015482063266631362,0.022490079502764018,0.028836258438732443,0.029877003114056874,0.01909125088193859,0.027239049174298778,0.028206429330679794,0.01639345273650289,0.024343389094790075,0.028417870396115902
1049,0.022033984367038247,0.01933304466922532,0.02280960623859559,0.023147358100603768,0.013443676612023853,0.020096162574610832,0.024703000127141987,0.025835714657161658,0.0182435709250424,0.02278993372094239,0.02548051100517494,0.014160300703542161,0.021751359336369794,0.024222020130329133
1050,0.01955828083918954,0.02067204767660213,0.018342441240446778,0.019111291280409556,0.013500591732734008,0.018227482018244652,0.019025298640584817,0.022995282398104958,0.019402968911730007,0.018366994832932988,0.020984434135392135,0.014152655609648488,0.019819994535530766,0.01850146044460795
1051,0.01965195066902125,0.019694598223473938,0.016174435946517816,0.016965213542417708,0.012653268639374876,0.01722852267799786,0.018442758976084807,0.02294026305996818,0.018332862665001688,0.016286766026503394,0.018612121421167246,0.013216068119096687,0.018715882136717897,0.017988281380853493
1052,0.02259400787788926,0.017719017928649067,0.01592741931532962,0.015564130481563604,0.010703972377017201,0.017879910065420848,0.019539354822368862,0.025965863861576004,0.01647770588328767,0.016172336414182947,0.017029608274920463,0.011058387126307665,0.01940467634985778,0.0193517504906123
1053,0.020996406979131188,0.016994099133547904,0.014837068972481418,0.014111196898282899,0.010453051630568455,0.01638732117728793,0.01770992202112827,0.0241504061263741,0.015652143584773515,0.015199794643727057,0.015469281841449176,0.010828979961079854,0.017809742220179295,0.01751546740264328
1054,0.01698817642243305,0.017322741215373676,0.014873329519358963,0.013769261283008727,0.012554203906137236,0.016684496400307638,0.01883383884892037,0.019928896503443025,0.01603358149815252,0.015484991065701588,0.015244155045644886,0.013182708781630687,0.01813980637469287,0.018594565563263665
1055,0.014354254450323404,0.01546974310822051,0.013745166443305711,0.013415783307716181,0.012160874097955358,0.015527091799925527,0.0187290059571973,0.01700615551785854,0.013985922164858548,0.014362858232269373,0.01483062297438153,0.012814629157862023,0.01691257321203094,0.018496009905478138
1056,0.011599790523777583,0.01250594658492437,0.014373490666915985,0.01489983494584224,0.012192802026403693,0.013905937418806144,0.019069566785982987,0.01411380237164051,0.010433745426209324,0.01490827978370753,0.016410159659249794,0.012924205297586392,0.015212884334139297,0.018913130817332018
1057,0.010029308261673886,0.011501855957178352,0.013005969711940506,0.014657750623213393,0.0108395521292358,0.012916249872047505,0.017978666959868102,0.012260172068477281,0.009270173967616053,0.013457779931778635,0.016088151443155313,0.011479100214244415,0.014146339626906493,0.01777543975427927
1058,0.010725737644613436,0.011155077666988793,0.01132477097031724,0.015527868751732753,0.009333386062572752,0.012417733072092636,0.01619985888683168,0.012447737985636824,0.009050036626812679,0.011575002767802782,0.016976752569171888,0.009837488502631013,0.01360405907992949,0.015893527516198023
1059,0.010084412692213033,0.010414401338082422,0.009890772713268386,0.014265595632692758,0.007844534491876777,0.011660901505327427,0.01479748119031879,0.011693495373151168,0.008352019775203914,0.01005840775334088,0.015557371519068521,0.008220033443007322,0.012782044014232012,0.014428954536121074
1060,0.0093283508569123,0.010432420824206106,0.008121844492667746,0.011512843906445426,0.005953886337131604,0.0107605212759401,0.012957284305237423,0.010878396907344686,0.008545533074450988,0.008240112473106643,0.0125062755292216,0.00615612275043277,0.01179718173277798,0.012523890621335696
1061,0.009203054663932087,0.010278347331066211,0.007592696821376584,0.010761877156776121,0.005119152971453354,0.01034935910360845,0.012493755626516409,0.010747413972089327,0.008461404943722441,0.007645684160177263,0.011696042587975804,0.005223593510497903,0.011350729017069012,0.012035266605410483
1062,0.009067496823679648,0.010411132579382806,0.007515534077268837,0.010238558972052707,0.004564042721775767,0.010052527308073657,0.012618863910594049,0.010769429943184456,0.008878403574813962,0.007539011368415425,0.01116754354770363,0.0045781925535355525,0.011029994214997074,0.0121590384000939
1063,0.008953711087760031,0.010278638002442865,0.007190172361375795,0.010029631903008611,0.004749455196806235,0.009755123018932174,0.012417576908817991,0.010662374329716966,0.008832056638352678,0.007173738568744415,0.010942632835713027,0.004755987395046889,0.01070203971366558,0.0119520643163589
1064,0.00926765761651819,0.009916274545813756,0.007067441486402911,0.01068610904805871,0.0055623694784804525,0.00959075560800584,0.01219084305925546,0.010938928277173843,0.008374939168538318,0.006948582871068543,0.011656753299041152,0.0056140303709494915,0.010519082202360412,0.011697053573084213
1065,0.009184407916926521,0.009651360232218015,0.006673286340883075,0.010696865229773258,0.005611028651252709,0.009323673913249777,0.012127413248931438,0.01080349314566484,0.008108546304617641,0.0065484407725494185,0.011669135792406986,0.005671947809018505,0.010222081225865643,0.011633041909841275
1066,0.008872332367639268,0.009086820096664117,0.005581434415688803,0.010337529005430836,0.005595385287722005,0.008750937237023923,0.012227054461537885,0.010383972943147201,0.007500187441933129,0.005531701440582607,0.011273611350531915,0.00567741975320701,0.009597565944024316,0.011756649376581694
1067,0.008603477616300002,0.00889685750056799,0.005220168112324003,0.0100119143406415,0.005298851090121551,0.008518390332446174,0.011945648472635184,0.01007614974961539,0.007336540257701554,0.005186662144683175,0.010917640341895863,0.00536716807112342,0.009340419572761471,0.01148613612937294
1068,0.0081043235187585,0.008791267816495016,0.005150075986417516,0.009356509090002366,0.004365377404937506,0.008498498492015632,0.011468280271725712,0.009583395800544132,0.007295323615912017,0.005173378285715984,0.010216199118365616,0.0043873602613384525,0.0093170426142753,0.011031908998239238
1069,0.007729004139923965,0.00881255080092007,0.004994841970710204,0.009051179062101228,0.004076402452591951,0.008345147320609994,0.011310074830405427,0.009164727110160394,0.007351650780663198,0.00502342166523665,0.00988709874167831,0.004086146735998324,0.00914922092630266,0.010888245916127224
1070,0.007254860648866938,0.009274373907130538,0.005011697565113372,0.008762127940868517,0.0038540231598092004,0.00815159304658662,0.01117228937074417,0.008666906410338019,0.007842353579726982,0.0049534298152214265,0.009565897661245416,0.0038244970240975617,0.008931928806810006,0.010748668701762248
1071,0.007075269365721658,0.009221448523891335,0.00500565999148715,0.008548473831913955,0.0037634211361326437,0.008033313595886608,0.010843131105443873,0.008439786245653686,0.007815731885321083,0.00492719801694124,0.009329494100387121,0.0037263876505057264,0.008800751289569227,0.010423286753455887
1072,0.007045880414063918,0.008824891579915528,0.004928910990012606,0.008319217348567515,0.003826446730350031,0.007953585842811074,0.010607957207722073,0.008314418977536644,0.007427097508907944,0.004867681541510321,0.00907720604851006,0.0038003910819345015,0.008714338399382624,0.010192253705183934
1073,0.006869456860403151,0.008611629302529641,0.0048368098353238935,0.008429870044624024,0.004007199361146972,0.007645281593537756,0.010395379012304898,0.008058659315163716,0.00719641946800063,0.004763497348701357,0.00919447575865933,0.004001923684645113,0.008378627785765834,0.009985735217866333
1074,0.006791606514024909,0.00847858725063241,0.004670731503502963,0.00844719988866872,0.003960054855373732,0.00753932116101124,0.010121347753524164,0.0079481374024701,0.00707529383178291,0.004610476825420145,0.00921026490274896,0.003955147739133732,0.008267131712058715,0.009712351664321573
1075,0.006897388249500624,0.0082082695689025,0.004416170912524307,0.008496174342668474,0.0037847740923896843,0.0076306920956971756,0.009602679075709558,0.008040052834698391,0.006833639379886864,0.0043890681570681826,0.009261806240898276,0.003777867273688848,0.008373841801827932,0.00919651656565358
1076,0.006873590916889618,0.008081050774424123,0.004334528423605837,0.008505902463988253,0.003808936438805488,0.007443605268761869,0.009517218722365623,0.008008905495296705,0.006703857101013439,0.004320729754689394,0.009266976212943449,0.0038010184871450207,0.00817184763176761,0.009113504885432245
1077,0.006771350084289382,0.0081928444510891,0.004218893891017921,0.008683885534373215,0.0038952074841575026,0.007103542739041281,0.009700101608311393,0.007932570649812199,0.006816130428202525,0.004217972655808312,0.009451389396335096,0.003883829662624715,0.0078029426155553664,0.00929606765549394
1078,0.006735839088688037,0.008102352313914688,0.00414846879949644,0.00858097060176742,0.003915727885042078,0.0070404057196956984,0.009651723689360852,0.00787471737616175,0.006729057130822262,0.004150688491074096,0.009336003520322043,0.0039017417517604154,0.007735380390284587,0.009248312949509088
1079,0.006786466224878719,0.00787618686985582,0.004186999601890998,0.008246082497191203,0.004038106388373843,0.006943021660941836,0.009608269042293196,0.007871611325655616,0.006492198593189556,0.0041825309720693905,0.008964863572910282,0.004023758465077719,0.007624185605732798,0.009203785905612393
1080,0.006715230976471484,0.0077474737113383905,0.004130405313152733,0.008124535517354092,0.004037790759996599,0.006918431483097907,0.009628596371833649,0.007786663710793491,0.00636042826670265,0.004122309393367819,0.008830144771788442,0.004020424707030965,0.00759833406492949,0.009228866067350808
1081,0.006541730249419638,0.007651768438066841,0.004016961392829537,0.008016379873349591,0.003945383794024172,0.0071477626236796,0.009633110359419855,0.007591435911691596,0.00628133159819725,0.004003618638836265,0.008711717657970316,0.0039214982606221,0.007852857435749422,0.009242416292155088
1082,0.006456375777976546,0.007546568925240513,0.003999958031666274,0.007945657803391296,0.003916101527364829,0.007141596358953567,0.009602067706923664,0.007497053739981094,0.006173885517458761,0.003976958744115479,0.008637933947141033,0.0038925808988068,0.007847531027521169,0.009212508619985446
1083,0.0063095884401250454,0.007388540550761099,0.004087629126533333,0.007934122133862225,0.003940664399732512,0.006940495125065011,0.009603132538981722,0.007376217335532105,0.005991464361465808,0.004047814934246944,0.008627627840591345,0.0039213872243652765,0.007625637208145142,0.009211709479732166
1084,0.006299964953516507,0.007326195405864709,0.004098577856884439,0.00796676615470973,0.0038736199333309126,0.0069059510939441585,0.009643692368773235,0.007367044877147614,0.005918767729844779,0.004048815095515718,0.008665063508721545,0.0038555340668181177,0.007587556783419794,0.009249072341682537
1085,0.006501973658724832,0.007325938082573047,0.004136614126533114,0.008106203031789327,0.0037322516640636307,0.006917281494426148,0.009639762096557522,0.007547788704403576,0.005890445504849457,0.00407687412814055,0.008825663705783708,0.0037211475194115166,0.007601069087864481,0.00923321717502
1086,0.006460503544253079,0.007281023076039696,0.00411805893852603,0.008077443197621909,0.0036932223164419724,0.006889395166466937,0.009616604079733738,0.007498649926225078,0.005849900908114713,0.004047225552968016,0.008794336991235746,0.0036844063833171604,0.007567762894624259,0.009203713225276076
1087,0.006311549431700084,0.00723863890026147,0.00400555557143017,0.00796120938535142,0.0035410068261259526,0.006946719983258669,0.009699330216187333,0.007352604305341542,0.005841157744410116,0.003940770749569975,0.008667795218010206,0.0035241698050697172,0.007632488064927767,0.009292663589809003
1088,0.006252899513619959,0.0072550805652472974,0.0039309797483757375,0.00794168355396834,0.003553944392775581,0.0069123676831053605,0.009687944748793966,0.007291358386535521,0.005881568555189309,0.0038486236525512823,0.008643218869723477,0.0035381783448088333,0.007590916221650409,0.009277029491815473
1089,0.006061369268009063,0.007280792489624666,0.0038824460514921694,0.007868449664762777,0.0038275801038279954,0.006771422650463418,0.009558710875636763,0.007109925871303792,0.005949052956398757,0.0037659339533013905,0.008563125878464155,0.003826460303872111,0.007432531298209975,0.009146340564426491
1090,0.006019131257808226,0.007291311666524321,0.0038322207251861003,0.007787183127982332,0.0038943376110206437,0.006707245775682776,0.009444879612807933,0.00706263905531742,0.005990205028819103,0.0036920497303288874,0.00847228835199143,0.0038951164454498546,0.007359994354463854,0.009028565449289089
1091,0.006162530374493766,0.007427381571785223,0.0037979004088109425,0.007753734265693106,0.003898648579927433,0.006642725034466562,0.009301873059021967,0.007195935247489055,0.0061574076679823285,0.00360739758889137,0.008435215454749482,0.0038979774173089985,0.007291237516627601,0.008882142763276027
1092,0.006186202966504246,0.007425174559001614,0.003759686808559325,0.007796190747765199,0.0038911656319285024,0.006603447249734395,0.009225196164516855,0.007212364149941061,0.0061849703817452115,0.0035681605624458693,0.008483486825356913,0.0038892596410832684,0.00724975403434968,0.008805816663931546
1093,0.006124891546581746,0.007264606670440565,0.0036746022298162193,0.007795954000441248,0.0037468148290142667,0.006579433992330804,0.009109658625267327,0.007125607695600749,0.00604928952312141,0.003529372129535692,0.008486860224398115,0.0037325750603258794,0.007224861073627123,0.008694123501138563
1094,0.006140545781356772,0.007204283208299476,0.0036591893445727572,0.0078068360882797595,0.0036891323071366567,0.006592136468936324,0.009069511104046194,0.007137639346303927,0.006007535894978837,0.0035261198285938098,0.008498680477490072,0.0036695385420712377,0.007239716716896032,0.008652249167856202
1095,0.006196145518130895,0.0071283172643802645,0.003629576174186578,0.00788448022303122,0.0036746309342474055,0.006654117121128952,0.009129447022574884,0.0072042625338331456,0.005949412080298929,0.003515083924393379,0.008579838264803255,0.0036535862185391914,0.00730777857495187,0.00870812352338271
1096,0.006217735412427055,0.007104166437448928,0.003622619070814367,0.007968711368863426,0.003662798612569906,0.0066656575625863,0.009151032191753165,0.007229333392299613,0.005935795230528431,0.0035174945745552848,0.008670338950274727,0.003639876530098933,0.007319270889075831,0.008723944818020583
1097,0.006275757975239873,0.007179454521699558,0.0036869395699493,0.00807376070336114,0.003612065748930477,0.006658403407496201,0.00918160948222973,0.007301478220366991,0.00601091088794931,0.003569356161561172,0.008785072069586715,0.003587560335411441,0.007310740081297605,0.008743229139933029
1098,0.006296482548941947,0.007174479621084729,0.0037128505452598513,0.008084219308591994,0.0036549949922549947,0.00666774418401702,0.009191656000653647,0.007328949598555668,0.006004723405431952,0.0035873529408029024,0.008796855793435811,0.0036318546908832776,0.007322145739038874,0.008750115135197216
1099,0.006288825651455008,0.007137594405728985,0.0036862866177326367,0.0080908267800336,0.0038160393859477185,0.006696681454878094,0.00920560747426346,0.007328159699402781,0.005955272193169856,0.0035565216961649495,0.008805073652119914,0.00379848356998396,0.007354562231684364,0.008764984164061105
1100,0.0062349680162113365,0.007085071183300285,0.0036848111655486153,0.008071154784908772,0.003861352545531128,0.0066465504358116535,0.009190831204456606,0.007261903490121555,0.005901411863731255,0.0035501351146174265,0.008785253604555688,0.0038445469684653018,0.007298464061252054,0.008746402687284847
1101,0.006227272674108578,0.007087666591009274,0.0036337269872577373,0.008063925642463741,0.003895855318729975,0.006615139224152641,0.00914805992532994,0.007251803883740443,0.005898298636773835,0.0034915278693923996,0.008773158557415624,0.003879201599916305,0.007263749744849453,0.008704038485582493
1102,0.006243643152284055,0.007079367895032753,0.0035536536683721614,0.00800137653067059,0.003965310238604635,0.006594209803515508,0.009079713342140633,0.00727144228832037,0.005880648618765465,0.00339838647772056,0.00869617010644619,0.003949452356489911,0.007240719182442759,0.008641451408238517
1103,0.006223829970684947,0.007090580684991349,0.0035318770582509276,0.007977493831244546,0.003955086364715474,0.006574633084595254,0.009055193232613218,0.00723769368474582,0.005890900067162148,0.003369405977037037,0.008665690319022775,0.003938227187707116,0.007218117194309101,0.008611674170846526
1104,0.006191084339335172,0.007147620340001946,0.003507700046122043,0.008005899596923369,0.0038663329124227577,0.006527697274125473,0.009014506854397492,0.007182460123583175,0.005951625470200549,0.003342752605601346,0.00869243413535114,0.0038475166539308314,0.007166483231214723,0.008563754563041566
1105,0.006194254828821794,0.007164353722348626,0.0035127055166694864,0.007983095252426665,0.0038570786212080723,0.006516402376084767,0.00901517461875751,0.007178623591674342,0.005972099475439049,0.003340189528041899,0.00866654833391868,0.0038382048985254233,0.007153882589508839,0.008560303650952589
1106,0.006188061721844168,0.007161444752086329,0.003552579736692447,0.007894072127674054,0.0038679646376341905,0.006534805788634336,0.009039789123687672,0.007156025989344194,0.005974733546657329,0.0033682464266770414,0.008569861187776877,0.003850655419031021,0.007171733806780003,0.008574410276879631
1107,0.006208171411679063,0.007165787383451965,0.0035970243484225615,0.007899348544837322,0.0038723278569063172,0.006533680043372659,0.009078777352288198,0.007176537688435163,0.005984568649350015,0.003409839221813516,0.008574388756475614,0.0038528768838128604,0.007169587132515292,0.008609113421525129
1108,0.006275178342004374,0.0071638327654885755,0.003656096183620966,0.0079467006582794,0.003895359897899436,0.006517295094013542,0.00914657326475998,0.007263204485527438,0.005995085145740586,0.0034656703842960543,0.008627446432132277,0.003873262911923749,0.007153068606240047,0.008680298612887313
1109,0.00629180442750001,0.007184130039670399,0.0036978187028026167,0.007971087793488534,0.0038990047386946725,0.006526392119390796,0.009188920240247068,0.007285816278253548,0.006014457357307361,0.003509965924345615,0.008650903848898932,0.0038726748940436087,0.0071613206430490165,0.008718085348586906
1110,0.0062937809893093945,0.007239271160212309,0.003769468414851217,0.00805256635064493,0.0039031878287378173,0.006556199591404365,0.009267621098312341,0.0072954229653221505,0.0060720045799008545,0.0035960570532451728,0.008736343020089575,0.003869592761707753,0.007193188237858764,0.008791275041203002
1111,0.00630540713442466,0.0072371302451552585,0.0037965700207558298,0.008062282814098235,0.0038894908150624748,0.006570752679216425,0.00929376941506427,0.00731442599840219,0.006056772323173014,0.003626949674478696,0.008743301263032167,0.0038516469738162223,0.007208238813040546,0.00881242720282761
1112,0.006305299119705306,0.007216961370608682,0.0037851988765094263,0.00802209647106484,0.0038433535603510684,0.006590467246849439,0.009254566732405555,0.007328694405027354,0.006001920357143571,0.003614967560163455,0.00869740902380512,0.0038047798369132252,0.007231599880511512,0.008769426957613204
1113,0.006307285075572898,0.00720982581237559,0.0037890087896139263,0.00799982204404876,0.003840234545251919,0.006618372532705107,0.009283943700762784,0.007331642191271977,0.005973518995384026,0.003625976952564501,0.008668523644795976,0.003797373419284085,0.007260243406944168,0.008792414764939922
1114,0.006327783558832317,0.007142320309129816,0.0037786146389254894,0.00792261007188046,0.003856435083782017,0.006650118231435678,0.009311449218138802,0.0073493795105726905,0.005874363794241544,0.0036281230759801528,0.008580614922116054,0.0038096584550129766,0.007294076703797134,0.008815712519549363
1115,0.006321926216075231,0.007127709100574558,0.003779391438982535,0.00790500403189473,0.0038499454586109223,0.006672230900609299,0.009372542901879341,0.0073422735965644114,0.0058494702917965755,0.0036384608531612795,0.008561830744528933,0.003800410823312606,0.0073199360563049095,0.008875053862669032
1116,0.006262711806581145,0.007177826630926019,0.00378016609955208,0.007920287019496385,0.0038463794961124628,0.006683485378113842,0.009523335034918838,0.007257980377644001,0.005924163203908697,0.0036613979230871417,0.00858147909712161,0.0037923049343792556,0.007333802459279106,0.009025689618425925
1117,0.006267196638899285,0.007208154909982843,0.0038049218670349358,0.00795656461160609,0.0038725926065577483,0.006728440179770718,0.009638040988430302,0.007265048859271548,0.005948487727545686,0.0036945830647453154,0.00862075700114655,0.003814027618492396,0.007382900859970755,0.009134493636405198
1118,0.006281444286970774,0.007209508937108197,0.003862542241786154,0.008054951056507303,0.0038923801352243703,0.006769796888178813,0.009771318120445105,0.007308152816191954,0.005930516244313369,0.0037444389180543106,0.008727855966843305,0.003829964695497509,0.007427285989675746,0.009257562771205641
1119,0.006329840487971895,0.0072735414100297225,0.003892095523458947,0.008131597234221416,0.003904480702197911,0.006834391781563491,0.009862584206553789,0.007371346796166323,0.005985120020749392,0.0037686384811027045,0.008810764652924909,0.0038369015034809195,0.0074982384851862635,0.009340963846593628
1120,0.006471677297800313,0.007378744191007587,0.003923309446796171,0.008175547545002045,0.003941310231488462,0.006942703485245914,0.009885634575183258,0.0075383838185488685,0.006058759506154762,0.0037929915430915634,0.008855392824140327,0.0038655644493693683,0.0076166411581199455,0.009357186965169068
1121,0.00655067542951286,0.007473889829301257,0.003951123098758283,0.00827590622522271,0.003986929484680052,0.0070439969006902805,0.009951929727295099,0.007635009981891814,0.006144068805218672,0.003807261244255676,0.008961613916569354,0.0039059878370927264,0.007725984780721845,0.009410902269457625
1122,0.00659906636972451,0.0075938635612294945,0.003890303203514843,0.008409344880710644,0.003984296861868104,0.007165697783380665,0.009972556032983824,0.007682780358895115,0.006292342355738907,0.00371910164356626,0.009103624085970484,0.0039005183460662546,0.00785723157338504,0.009417216026040502
1123,0.00665539173390652,0.007707755922833764,0.0039389167682316135,0.0085191351884458,0.004030996150343793,0.007238675340014488,0.010041628517933719,0.007746077263674859,0.0064058109774420375,0.00375394437793048,0.009220615306321343,0.003944195840461818,0.007936379426630344,0.00947460493995365
1124,0.0066706498935457095,0.007802871955071627,0.004069876013910698,0.008661352100304387,0.004154297142886362,0.0072949878722975755,0.010173518757997145,0.007766324456031217,0.006485814223808612,0.0038716881534961345,0.00937048729418479,0.004065445096126747,0.007994337276758735,0.009588621166236938
1125,0.006709957514796861,0.00789683751390808,0.004161622093279735,0.008759585130810812,0.004221216641876648,0.0073328485982264114,0.010272536209831528,0.007818802301831497,0.006573568910160561,0.003957518657585003,0.009476004220074727,0.004130491926722529,0.008035421354617045,0.009676377643257366
1126,0.00675647244567279,0.008026686627106953,0.004298598876539587,0.008772465289652828,0.004284064586673913,0.007290850356710874,0.01035087784658115,0.007886673171239313,0.006692424681469515,0.00409947838097923,0.009489164973468993,0.004189668078507439,0.007990167067388346,0.00974833746063015
1127,0.006813827160098741,0.008100992079298869,0.004391856488465643,0.008845496447461647,0.0043195655174886405,0.0073024265877552385,0.010440302856290901,0.007956790300420657,0.0067549336621034305,0.00419727228843908,0.009569811856509045,0.004224385162807352,0.00800569212836328,0.009833093963159237
1128,0.006878081116968347,0.008138368275091302,0.004424667530981175,0.008923801699121315,0.004295264632001642,0.007336114068338162,0.010539573516088,0.008019018605182058,0.006790095306893404,0.00423818576547245,0.009652986448823323,0.0042003811513131725,0.008043159881608544,0.009923074130105779
1129,0.0069578628686992605,0.0081534345004814,0.004464009053045904,0.009039098669611214,0.0042984676779816615,0.007352898176769226,0.010599083332248503,0.00811757222446233,0.006782296706049002,0.004279863040297039,0.009776727806383024,0.004200211507705078,0.00806203500446142,0.009976174638601943
1130,0.007004117712895164,0.008202142738439411,0.004537220932594167,0.009134367160763442,0.004316796647989609,0.007450906402643773,0.010707415977251986,0.008173496293628957,0.006817754062627926,0.004348962339186951,0.009880159757928839,0.004216429812060234,0.008169421348906636,0.010077263346526805
1131,0.007031944999203077,0.008231237489598609,0.004630921686145697,0.009264469261748471,0.004328374968067755,0.007609886228470813,0.010844495769846672,0.008200468279488754,0.006825296300278957,0.004435735650081901,0.010019768389782158,0.004225628346371193,0.008341969205503782,0.010206195558498868
1132,0.007112048159687321,0.008290131376836103,0.004686519996279707,0.00933939283876731,0.004377679005897923,0.007702231404623631,0.01094858494678138,0.008292008890355465,0.006871015571916604,0.004485102684366416,0.010099729971850416,0.00427217983858957,0.00844157661989638,0.010300362266634944
1133,0.007190832744811014,0.008381224647013776,0.004764009603384325,0.009373673637188478,0.0044612741672691945,0.007813681885765734,0.011045024513358101,0.008387432249212966,0.006957707987211743,0.00455063017808498,0.010137783250056256,0.004351690087895131,0.008561708735629888,0.010386934385781886
1134,0.00727248656027743,0.008446157435785442,0.004796490493320434,0.009439583632132036,0.004514070927133617,0.007895287581655426,0.011156846125077672,0.00848914896049128,0.00700790891305418,0.0045749355608880595,0.010206232928403424,0.00440329937159006,0.008649127041938076,0.010488046124747128
1135,0.007392169267894349,0.008490800965170055,0.004771972657047558,0.009483215348184785,0.004565303852418408,0.007914731167636156,0.011245349137932268,0.008642718572046766,0.007040659243403562,0.004550497087534301,0.0102539830137373,0.004456875946847974,0.008672999197954997,0.010570615270374754
1136,0.007470072078180004,0.008559004828028537,0.004802032151494743,0.009576861748032501,0.004618513460751711,0.007997250557810377,0.01136271604880994,0.008731129917446232,0.007092599933638529,0.004570626763773148,0.010355437083041137,0.004511868507575792,0.008764900780873011,0.010681486368364189
1137,0.007510991761371663,0.008630256686727518,0.004841095997125617,0.009695992805444274,0.0046598543195456,0.008114595211823547,0.011511050504910438,0.008773830422588384,0.00713994992535633,0.0045989873429847965,0.01048143799209066,0.004555966183051185,0.00889310431710268,0.010821726946895628
1138,0.007584193660694495,0.008708570077890493,0.004890622675454445,0.009801441625234926,0.004717852411729459,0.008196881170321446,0.011619989423433633,0.00885686087551321,0.007204871196797828,0.0046288361894515784,0.010594345273825129,0.004615064294632253,0.008983649787474976,0.010923339167614399
1139,0.007669817992308642,0.008788998717845803,0.004956375753834495,0.009918176947719879,0.004787483589116323,0.00827179063850295,0.011725053197116628,0.008940302503690418,0.0072750199316917764,0.004660235567618825,0.010720347236913523,0.004685267454514619,0.00906607581796618,0.011021508461821376
1140,0.007737032414373704,0.00887838213036468,0.005013848697741177,0.010028187344762974,0.004848096761490184,0.008348326846531374,0.011804844157771341,0.009016589019421489,0.007352458986886518,0.0047083925938592374,0.01083730840187613,0.0047462326526788445,0.009150039107192021,0.011093386980171779
1141,0.0077941306632004406,0.00898796349221969,0.005070233346382026,0.010119881922909088,0.0049086074092464255,0.008412198208541654,0.011839041485722783,0.009100811362928334,0.007459943100651174,0.004762848517269581,0.010937663627129123,0.004808096568639217,0.009222904061442879,0.011122728947328984
1142,0.00786199716285099,0.00905516862085626,0.005130959747304523,0.010229545255279061,0.004959030669040898,0.008478512994292886,0.011926383359026876,0.009179013635521363,0.007514690839874034,0.004819326146054076,0.011055269452186512,0.004859036273274569,0.009297233805425477,0.011205110401545275
1143,0.007925277639236915,0.009110201971864665,0.005198283365787505,0.010378210647498243,0.005002782359214913,0.008547144605992839,0.012027720072520355,0.009243376685239158,0.007550229104789925,0.004896815556893678,0.011212960365934952,0.0049017214338811935,0.009373855481021051,0.011300861097264013
1144,0.007993542723005767,0.00916773228830483,0.005253430570043531,0.010461310190140174,0.005051748415821947,0.008619342437020344,0.0121185949944131,0.009317865264932933,0.007592041685676741,0.004948684711242995,0.011300323627966085,0.0049519220085620244,0.00945304006779292,0.011385781139068803
1145,0.008076331431160782,0.0091996819361987,0.005307244482081592,0.010515191148206553,0.005102715648249787,0.00869159648054339,0.012237726740300903,0.009404933681718334,0.007607770224093333,0.004990315484748832,0.011357566086716902,0.005006129763250102,0.009532462315252963,0.011501889294773688
1146,0.008148353049607654,0.00925138898463702,0.005358482495267394,0.010584109838860324,0.005146275107103096,0.008761089109974224,0.012330938574569178,0.009485103663636106,0.007643807008558158,0.00503193991418172,0.0114297982384941,0.005051270640303471,0.009609085077511962,0.011589064160933943
1147,0.00821377224679534,0.009323520078700782,0.005401066449497088,0.010623900940201731,0.00519235485699861,0.008828617517171193,0.012399403697494954,0.009564231435112537,0.007701831043736842,0.00506120020454563,0.011469327976306069,0.005100100855130325,0.00968271313476399,0.011648051160211274
1148,0.008285481318720329,0.009385090578879516,0.005450911505042827,0.010685219924465802,0.005234552222686377,0.008913688332276055,0.012484737444470035,0.009646884735380633,0.0077483034920240515,0.005104870867120624,0.011535713514849147,0.005144449929974604,0.009778142705362773,0.011729028546999082
1149,0.008364943229410473,0.009425989300023845,0.005511181777448833,0.01077466289438788,0.005271153952502779,0.009004237499588685,0.012571021236088192,0.009735410109931416,0.007770478771228073,0.005159051623665158,0.011632140534878889,0.005180876612606963,0.00988023963178216,0.011811115589119155
1150,0.008438662847905351,0.009504208756897649,0.005562601549627394,0.010852432417152334,0.005306631970106039,0.009098388864476519,0.012670465634550522,0.009818676576242417,0.00783191797414101,0.005205886380396143,0.011714611096024863,0.0052165032994002285,0.009984469078194514,0.011904232258967078
1151,0.008517284426651044,0.009616809066108404,0.005618355963395888,0.010939416249268325,0.005347387321584263,0.00923072550857679,0.012779415973775505,0.009947696651875037,0.007966874133603712,0.0052799424866406,0.011858575805604479,0.005275755909977276,0.010178902880638715,0.012068115402665057
1152,0.008595061620299325,0.009706851170250221,0.0056746423544815515,0.011010263180251747,0.005386475026578724,0.00932744706669649,0.012895256021363516,0.010005417201525034,0.008014141287857164,0.005315777618486453,0.011896339734352602,0.005298430568836512,0.010253002248657769,0.01213925617223005
1153,0.008673752053655403,0.00981186105113126,0.0057269854166482,0.01105112137924309,0.005414709986084691,0.009399181568463207,0.013038904582833405,0.010100535526244483,0.008102152337971366,0.005362144600517653,0.01193864332591371,0.005326940909507969,0.01033099635760542,0.012274604547018916
1154,0.008753034446562507,0.009907393205620679,0.0057926926241803275,0.011142585270329089,0.005464405463987003,0.009483970403215778,0.0131586438617414,0.010193708851422626,0.008179140697375655,0.005418805285700389,0.012034441471187537,0.005376503563114261,0.010422409995995845,0.012384939583023436
1155,0.008834860088579517,0.009965180994936505,0.005879040518036008,0.011258348646546852,0.005545541940370782,0.009558865841607108,0.013266693478636186,0.01030179885538979,0.00822243863244695,0.005497776205714515,0.012167559847468113,0.005463265408328409,0.010512079355203976,0.012495178580815641
1156,0.00891717981189553,0.010055435045058894,0.005953337251625366,0.011366869467306565,0.005601065403145271,0.009639682104369832,0.013378046105165797,0.010410722206386478,0.008304069606789408,0.005565188548614387,0.012297096115885309,0.00552534734362787,0.010611552176681084,0.01261222796345271
1157,0.009001609489958755,0.010183190709955763,0.00602526412876064,0.01152383900011757,0.005654484159998386,0.009722525542639006,0.013480188652107811,0.01049893629229624,0.008409064826419805,0.005610666136943818,0.01245097343912919,0.0055721547308875356,0.010688590538392058,0.012689702600675546
1158,0.009080020128106034,0.010283351479173008,0.006099585595916689,0.01164577763398695,0.005704252470451905,0.009817680689883175,0.013581490862478297,0.010611029606646042,0.008510217320794176,0.00568471960879909,0.012608502768992986,0.005633986639567058,0.010815652468662907,0.012810275528723082
1159,0.009161422263277041,0.0103859126435061,0.006170166084868378,0.011739144789803315,0.005718988964933028,0.009927658491865351,0.01368270162962462,0.010674821833483648,0.008576327609807194,0.005732278150478669,0.012683819447924065,0.005635921151306113,0.01091494073602009,0.01287887109044591
1160,0.009237654021623942,0.010480568266243993,0.006242519096409006,0.011833553756943529,0.0057656267244464545,0.010027021158131007,0.013791500980501145,0.010773048264121262,0.008663055386622574,0.0058032465481431105,0.012799779847524883,0.005689518120937598,0.01103650460292122,0.01299525048028126
1161,0.009293315875658823,0.01054924519932976,0.00633287926586561,0.011910767730266399,0.005851339725154714,0.01013112362010882,0.013895717956538054,0.010845540043944935,0.008720974742091376,0.005900379204151165,0.012894839331762305,0.00578392779876949,0.011162253652902814,0.013106134129636383
1162,0.009367037390906599,0.010624541626258097,0.006397908868861685,0.011998413344409965,0.005907569641209275,0.010232559545493541,0.014004222963002235,0.01092553475959639,0.008772271744158306,0.005959595739764639,0.012981911070059235,0.005838203429136236,0.011268161940350144,0.01320129601061232
1163,0.009447109495124879,0.010700896342177748,0.006450306820367808,0.012087527483688968,0.005957049548520991,0.010329021439334927,0.014117277609875427,0.01102573831504218,0.008832815063172935,0.006010714125259536,0.01308190737783922,0.0058904472327266965,0.011378251642636337,0.013312352862054084
1164,0.009536658804210342,0.010788016533187042,0.006490807897756881,0.012181340313157332,0.006014472281400659,0.010418606863431355,0.014248532492626469,0.011156023145314609,0.008914013412975734,0.006056739255346543,0.013200558976353237,0.005957611541005184,0.011492106094251539,0.01345476781771239
1165,0.009622313357009285,0.010862269892432703,0.006545133638499749,0.012270591706105219,0.006060027644033804,0.010509906550481169,0.014365492621442913,0.01122144839934136,0.008942409006785336,0.00608456455944798,0.013252869237237114,0.005983427760701181,0.011554531389001917,0.013520128762824993
1166,0.00971967014991555,0.010925213528229682,0.006580242857502637,0.012362175808620831,0.0060780570918228865,0.010607133738394519,0.014483031881166925,0.011350733685514824,0.009000046986233105,0.006117581032408955,0.013368221024695856,0.006006407815431459,0.011676380211274822,0.013647534580097365
1167,0.009809477311043403,0.011013677993887734,0.006656154561687263,0.012462253691037088,0.0061246260219829365,0.010694378668664935,0.014591854699406236,0.011466201565016921,0.00908120398806639,0.006193148314048621,0.013490379546764783,0.006059902833790872,0.011785071159495062,0.01376420551043552
1168,0.009891515727488035,0.011106261194016573,0.0067658038376512625,0.012557953204428433,0.006190559179459614,0.010769190680550178,0.014695991289118755,0.011612852813209291,0.009204823429656955,0.006327196202740682,0.01366153856436617,0.006158167889402761,0.011926927058035278,0.013930678287834189
1169,0.0099820778152606,0.011205815212400601,0.0068469662313389735,0.012666730379722864,0.006237138050263362,0.010858469758805889,0.014797534385159274,0.011642070121942048,0.009228339716962346,0.006358726843194107,0.013689563723170862,0.006165511564458626,0.01194690614225597,0.013934483623858214
1170,0.010087316398890819,0.01132917584798121,0.006935153224831242,0.012794264677556705,0.006278920835321352,0.01094677768085146,0.014885869197770104,0.011769318120983112,0.009339014118991953,0.006443636600167693,0.013832840063840182,0.006211976345147412,0.012048163418427373,0.014022155701909796
1171,0.010160910966358093,0.011425912135160018,0.007008952714063182,0.012902567104918635,0.006323004859283433,0.011045435353819587,0.014990234451202322,0.011881308624414813,0.009436425194905269,0.006519560022482819,0.013978501150790306,0.006269703056622301,0.012182095613775859,0.014150002385712939
1172,0.010215388717626403,0.011509711248757257,0.0070728117562516854,0.01301180414932468,0.006363511116921239,0.011154221055192825,0.015092526080561885,0.011927328882022902,0.009482802731380193,0.00655326179879915,0.01406847742678162,0.006297272139702642,0.012277757398901547,0.014218258382228914
1173,0.010289677218126337,0.011603950884354217,0.007126506352076552,0.013106747163496371,0.006402645560354522,0.011261830459041383,0.015214837900087085,0.012030048339906847,0.009568271876677041,0.006603450576294627,0.014186931325286981,0.006344138244514172,0.012410703144140101,0.01435190341938552
1174,0.010351315558118877,0.01169777193706062,0.007162626638836911,0.013189593287770977,0.006443293973155308,0.011381420856985751,0.015360482394230018,0.012123511568196561,0.009653618067808368,0.006639434828932377,0.014299487775947079,0.006395706389199607,0.012564724780947872,0.01451866689645858
1175,0.010430241352321994,0.011787169875083896,0.007226265372100192,0.013275596089202564,0.006483069303599361,0.01148387062793683,0.015486500279707428,0.012217446917638,0.009724229887741647,0.006693906306829002,0.014393585337609944,0.006436837174093109,0.012679020094833928,0.01464023677095152
1176,0.010534089880707777,0.011882872948844719,0.007281436366863628,0.013346588905722555,0.006511988320137573,0.011580576201533287,0.015626715983223745,0.012329741540140344,0.00979738409438023,0.006737562193913388,0.01446119548583771,0.006462949289016605,0.01277696720092297,0.014764197952993656
1177,0.010626449881341685,0.011971668267355998,0.007361428383626903,0.013443037115283581,0.006561332104320563,0.011681670692026159,0.015742821944723453,0.012434675858382949,0.009863751573951033,0.006809019081775894,0.014560977094310283,0.006511605023320446,0.012884058936281691,0.014868921613357258
1178,0.010710198416187545,0.012047619001914476,0.007486052443088439,0.013551675819462362,0.006626368648621789,0.011773546197603202,0.01582555394092103,0.01254370280910402,0.009928963434653434,0.006934085595333388,0.014690932120659365,0.006583948668955609,0.012995222661211094,0.014955782263778621
1179,0.010802970747317764,0.012128636655175107,0.007569251447417233,0.013652693343062221,0.006677731396525908,0.01186928033401792,0.01593501921190369,0.012656065420814142,0.009991986644506378,0.007011989734620671,0.014802977307974146,0.0066376038072620954,0.013102943531200822,0.01506060197848138
1180,0.010911079084229298,0.012205178240558516,0.007644570960580863,0.013759665534573345,0.006739354488961448,0.011968168272933006,0.01603675858993763,0.012800039831688913,0.01005721287832592,0.007091713202094365,0.014934647435449274,0.006707779222434156,0.013226175585045928,0.015171780572535331
1181,0.010996463899352245,0.012292959849162807,0.007709050593811693,0.013868531308189151,0.006782125869085793,0.012067925957249712,0.01616101748552427,0.012863951985577599,0.010095710876464404,0.007127207448702177,0.015008212035831043,0.006731008809842113,0.013297039254588264,0.015244405692505616
1182,0.011064941187478593,0.012387273673245939,0.007745080558963549,0.013980045616473768,0.0067966817965209045,0.012166787838380558,0.016324830670393076,0.012966716347890426,0.01018802156926907,0.007161720842598162,0.015152521888625082,0.006754295684533708,0.013427660688495727,0.01542523975748615
1183,0.01115126925305534,0.012477053980182149,0.00780224978019241,0.01407974284286339,0.00683839200734296,0.012264088514470969,0.016447247052651024,0.013067405325818427,0.010258786099408945,0.007208587183922296,0.015260243963824326,0.006796719859169274,0.01353485989396967,0.015541155008562912
1184,0.011230381486089857,0.01257669553687435,0.007853298064449538,0.014186411351914618,0.006889779449099738,0.012367062058551257,0.016561892434094103,0.013137806005179609,0.010323767266879403,0.007236762987840311,0.015352976506721037,0.006840234290715653,0.01362817141044187,0.015626981355023103
1185,0.011318717406136785,0.012665653583543646,0.007923775544871765,0.014277090777547666,0.006933769354218185,0.012462533317545326,0.016669948829999573,0.013252282742322945,0.010405087615720425,0.007304848459879642,0.015465651407699557,0.006891692257202248,0.013745844569178673,0.015744353208276368
1186,0.01143793391203458,0.012736509438708857,0.008025245460549656,0.014340967447200412,0.0069926142639458065,0.012552604410767068,0.016733967512175724,0.013376309426903196,0.010451638679977327,0.007393047167933327,0.015521782486151492,0.006946807525579725,0.013831897029862707,0.015790084317919305
1187,0.011527531593816679,0.01282555014058355,0.008098594560942796,0.014420212395866659,0.00703692610781856,0.012639947433499225,0.016840982367396517,0.013488943453372858,0.010528949725023417,0.0074635701506632545,0.01561702881822796,0.006996539057830621,0.013936357753689461,0.01590150323195534
1188,0.01159876936444889,0.012929118573448835,0.008164575833405142,0.014495789754804268,0.007059324278415208,0.012715827246347775,0.016981404652530837,0.013579512070932893,0.010615473001605077,0.007525538913919978,0.015701297512733508,0.007019334547678468,0.014022528619432484,0.01603959610751336
1189,0.011674783483374997,0.013017948499720114,0.00823579082105112,0.014582711375825968,0.007097492149773307,0.012805911286024978,0.017099216327405915,0.013674140078087859,0.010691555660892856,0.007593002472196697,0.015801877367829523,0.0070607300282255585,0.014127798511461623,0.016159085716997656
1190,0.011732636982273024,0.013110685132364507,0.008298992228217292,0.014681934994813529,0.007140153749575128,0.012900661027928147,0.01723531595048213,0.013727495170320457,0.01075686460596444,0.007641426801593177,0.015894658480252007,0.007097381745552623,0.014220705515626545,0.016275524360536565
1191,0.011809526506212009,0.013197979726366079,0.008358123840427967,0.014779127064332464,0.007185256805853324,0.012997252822368022,0.01734777523120545,0.013829196307198144,0.010834485994568072,0.007699749642378975,0.01601382610143807,0.00714994700709461,0.01433992396406641,0.016396606369512613
1192,0.011908017463178636,0.013266571813295653,0.008417664576205373,0.014879462835535817,0.007239997090133314,0.013115352307289668,0.01742268799880881,0.01393417121816231,0.010880453137075688,0.007748408960456673,0.016114672121480593,0.007203019705483048,0.01446207728191746,0.01645653661067829
1193,0.011988449915976676,0.013347511533834556,0.00848406503662011,0.014985396646694722,0.007289979934733183,0.01321232352291153,0.017521622177461876,0.014030527484053642,0.010944716470678921,0.007807779052203801,0.016233109315408535,0.0072563295239239664,0.014571894491939439,0.016553732586711636
1194,0.012063788621105373,0.01343920864235652,0.008542851124050836,0.015108873436438852,0.007350626834065943,0.013287543794257162,0.0176168541004904,0.014124374473609317,0.011015886317799827,0.00785799306112523,0.016372928338709625,0.007323356628975527,0.014659480948732727,0.016649840657974785
1195,0.012143682596610327,0.013524031320716884,0.00860583011290443,0.01520679956131896,0.007390532590563353,0.013377759267392184,0.017726560450507828,0.014200053093687711,0.01106380272238819,0.007900967143604108,0.016454769496626893,0.007353594358976463,0.014736907568807144,0.01672952834113246
1196,0.012209867805762196,0.013608994492282112,0.00868718196593297,0.015300907392288982,0.007405542392127027,0.013465857281725219,0.017869182742342893,0.014325104257683057,0.011160330627547545,0.007994955726589195,0.01660066580805147,0.007386514878618598,0.014873509698526398,0.01691262769622642
1197,0.012285613182072237,0.013690822524311141,0.008756552793510071,0.015383216494556243,0.007438420172871874,0.01355531439153549,0.01798523905408635,0.01438339959645202,0.011198455699169938,0.008038971566705182,0.016652238867710556,0.007402979261309162,0.014938627230123404,0.016986009894286894
1198,0.012374582923934304,0.01375335558596385,0.008805082746869891,0.015421341099923417,0.007468233989189029,0.013650467764258704,0.018085187945472654,0.01448179131841396,0.011241563017998885,0.008083206577430406,0.016688264992337026,0.007429986616004795,0.01504006461990936,0.01707594090176968
1199,0.012461005617198097,0.013839200063779571,0.008870300306055208,0.015490322796691146,0.007497900622172156,0.013751638647190938,0.01819727431321573,0.014610458846031373,0.011330109059122686,0.00815724125391129,0.016793724128192324,0.007473876544447867,0.01517918329451472,0.01721465103147359
1200,0.012554044128711866,0.013950900033517252,0.008949419403811542,0.015568031126213784,0.007541914363381761,0.013857483259011889,0.018302724393383766,0.014706032132012561,0.01141592272968427,0.008222153082405158,0.0168686502642203,0.007517076700351969,0.015285862158239207,0.017306754884858017
1201,0.012632083800623929,0.014038411315145832,0.009016157942664057,0.01564918496517422,0.007579403186516096,0.01395422894538918,0.01840151382095281,0.014816468622054824,0.011501392887155034,0.00829319005733565,0.016980880202077768,0.007567329566629102,0.015414059443452395,0.017425735134916024
1202,0.012688227306087653,0.014127289423078629,0.009075113372414673,0.015754775559925674,0.007593696367588782,0.014057709447154327,0.018502495805166642,0.014865957640312958,0.011555476642908584,0.008332535330182415,0.017072016097258388,0.0075718868894876605,0.015506119253097235,0.0174971350040337
1203,0.012762265530306738,0.014208514069732198,0.009145068701436653,0.015844060866392215,0.007627011487552913,0.01415020448624156,0.01860439341400653,0.014962291610919793,0.011624821361552585,0.0083987160545673,0.017177995881275533,0.007610852296429735,0.01561569083523182,0.017602811949095586
1204,0.012833461140462996,0.014263087007346523,0.009209213399367217,0.01590548753784473,0.007674310618139878,0.014234141549529133,0.01869673252364463,0.01502434316908767,0.011642272314209522,0.008444648944821338,0.017217463891694058,0.007648268367219231,0.01568299535554841,0.017660756665954954
1205,0.012911747432390621,0.014317947826333827,0.009282789862998232,0.015999450195339757,0.007726267433057907,0.014297053457499726,0.018790442019469042,0.015129087031734975,0.01169473299526027,0.008519703704119846,0.017336683531244765,0.007709391518612822,0.015769255715602747,0.01776608073966594
1206,0.012994144912845835,0.014390391787800935,0.00935202232931214,0.016097255975024455,0.007765823348611539,0.01438229473150379,0.01888066919202789,0.015234353886513822,0.0117566090975421,0.008582096348079587,0.017454333966205198,0.007755347174448652,0.01587384744953029,0.017863727251066292
1207,0.013095714447514785,0.014470770845962566,0.009437152670269578,0.01619721708244411,0.007814513601621255,0.014468316350622089,0.018974256082685312,0.015363251076097578,0.01182778178413448,0.008656513633946837,0.017576721273331705,0.007812309283196357,0.01598127932850264,0.01796828786960221
1208,0.013177434163731721,0.014553941971856759,0.00949873374428172,0.01629628658948167,0.007837996342571815,0.014557650254853005,0.019065896749412146,0.015448635981744195,0.011885112912859206,0.008701864369519361,0.017674840724341733,0.007831803951706707,0.01607005513591548,0.018046083006220494
1209,0.013248690449744175,0.014649810689196905,0.009542914765497809,0.016419779494973155,0.00783391394795281,0.014657688957592516,0.019148528617064682,0.015527056711225019,0.01195659052946854,0.008730337993336317,0.01780767030691073,0.007825408580797237,0.016177509198782657,0.01812454809151405
1210,0.01332705309096478,0.014731431462679207,0.009597558398347101,0.01650810893248087,0.00786199338072566,0.014749336295950507,0.019238594320434857,0.015627226258971724,0.012030105825387391,0.00878256022781819,0.01791398303514844,0.007858557826025013,0.01628726703735513,0.018220899758851487
1211,0.013406321737447798,0.014812046392694294,0.009648084534057856,0.016570617254706925,0.00789163000396828,0.014835233784123226,0.01933708573881136,0.015699193332151105,0.012082813930931632,0.00882226726800764,0.01795804950399393,0.00787868397428703,0.01635828154938547,0.018289285212048253
1212,0.013481594838237746,0.014886945228502792,0.00970456280681107,0.016650785288559625,0.007929217431812224,0.014928129170140289,0.019427644624538595,0.01581271818893626,0.01216375235667607,0.008884837476000006,0.018071107328025127,0.00792812636901705,0.016484705543787788,0.018401855949383733
1213,0.013562321166125406,0.014959708683208499,0.009764857798213542,0.01673453289451937,0.007995585707312614,0.015032824298139508,0.01951002884801498,0.015896629707425603,0.012218649861606297,0.008927129082785276,0.018141906917478873,0.007987045967114963,0.01658435741025757,0.018459781602021077
1214,0.013625469845796951,0.015021299895669577,0.009829096509102317,0.01680252472892005,0.008022497701297482,0.015113870926808009,0.01961247113691918,0.016041725445164377,0.012320835390429179,0.00902445929168832,0.01829553811303014,0.008049354704547072,0.016747882625430727,0.018639285264712906
1215,0.013675329175516697,0.01507020865049126,0.00989950217615884,0.016869978440927285,0.008029929574564519,0.015183797048384419,0.019730121913340674,0.016047869724946227,0.012313236129699647,0.0090559654445678,0.018309199342684976,0.008029578071180413,0.016771847861100107,0.018691910033003876
1216,0.013735041577330218,0.015135918916358378,0.009963956027136293,0.016931623832844876,0.008050615189006375,0.015264627624012019,0.01982919421098054,0.016125427985642576,0.012366067247752275,0.009120429160067398,0.018383525165934424,0.008053490927299126,0.01686864875435367,0.018794613107667186
1217,0.013786535440853061,0.015205384043524176,0.01004069737364159,0.016970726210143987,0.008059596855989424,0.015340929724394733,0.019934706863365046,0.016195457478789033,0.01242378348615796,0.009205981069933911,0.01843976350312876,0.008069041896130722,0.016966861577160177,0.018911334489455686
1218,0.013848946546322067,0.01526094132740593,0.01008755834715201,0.01703229937544034,0.00807496712394293,0.015408829940091864,0.020030953601136055,0.01625118707123176,0.01244250526592254,0.009240212195630267,0.01848588707110081,0.008075203360582728,0.01702138990833966,0.01898118949386297
1219,0.013928228944893359,0.015322014976029523,0.010110869067589647,0.017108885453546684,0.00810130485298602,0.015479816163385734,0.02010939583855952,0.01636300291061767,0.012485046309983311,0.009270697049822802,0.0185840705809599,0.00810754979430545,0.01710997470704301,0.019067845284318225
1220,0.01399570647533606,0.015385451907509666,0.010157879879167546,0.0171823390003628,0.008125298291218257,0.015561559152464913,0.020206103533018452,0.016453046291977007,0.012534034768368287,0.00931840358899761,0.018675633333950305,0.008136688310675858,0.017209455518327907,0.019172205097962285
1221,0.0140510886439316,0.01541959346383397,0.010191406460845293,0.017262160254660985,0.008142262239004407,0.01563047499194488,0.02031713192110048,0.016487864767897778,0.012521988195995279,0.00932776014134789,0.018731090618392638,0.008139557878937647,0.017253710319622393,0.019247176983899793
1222,0.01412662509189968,0.015496078632545705,0.010245544072834302,0.017336237640816585,0.008164114156505193,0.015710096148719696,0.020408952839821,0.016620925528401703,0.012617025591654892,0.009398705758149866,0.018862885020123912,0.008184519677366723,0.01738747980923871,0.019386761896134846
1223,0.014216497065676728,0.015611753229383954,0.010327253489641643,0.0174063166505288,0.008191067704937324,0.015812893353793385,0.020486077527872515,0.016705654786081284,0.012715665150081358,0.00945634711297224,0.018918296713658456,0.00820440654167881,0.017483300034086352,0.01943864968448598
1224,0.01428257536220792,0.015697994031949925,0.010391176435186422,0.017474852078657916,0.00822128040562896,0.015898925160522583,0.020577644434634196,0.016809751975929908,0.012809588030637517,0.009528042027029544,0.019022554568197923,0.008249305202806301,0.017605063196117373,0.019558060882752915
1225,0.01434763101472381,0.015789239350293974,0.010449979241764714,0.017538774398843868,0.00825159756093964,0.015971170619595815,0.020678282979158982,0.01686932326057426,0.01287561862231854,0.009573444403421179,0.019069560925756773,0.008272326427043572,0.017662847652900385,0.019632345255030152
1226,0.014419826402169206,0.01587648934682227,0.010516249607244451,0.017612843844006444,0.008285999446329703,0.016056379284583033,0.020761054614731538,0.016961931773398747,0.012952175917401504,0.009635035481035075,0.01915835858900864,0.008312499624927513,0.017762020574976698,0.01971943317816879
1227,0.014468899014593816,0.01595344913378445,0.010580625816324194,0.017685459387991112,0.008331103803970244,0.01614562810883239,0.02084653453241606,0.017001455729756657,0.012988555512630149,0.009682174406058399,0.01921666275222536,0.008350237103490574,0.01783691597240914,0.019782350205374503
1228,0.0145357852367596,0.01601908717353388,0.010647183110886329,0.01776314990913268,0.008366534761338052,0.0162308013116931,0.02091330226858299,0.017093921955944388,0.01304876437585147,0.009745121667872546,0.01931612998058263,0.008395250505935845,0.01794231068526705,0.019860243037242275
1229,0.014622089233029505,0.016072554691640987,0.010719681140100853,0.01785458063862649,0.008394594665023122,0.016316429911016617,0.020947252578380225,0.017186981650764342,0.01308303789491888,0.00978985367606935,0.019405214297162778,0.008423049871904394,0.018023868127948556,0.019873750780142512
1230,0.014705093683026981,0.01614357775820565,0.010788015447924824,0.01793233861489174,0.008428680928713784,0.016398829633534482,0.02100019918277494,0.017281740407392415,0.013140934991877951,0.00984722945618191,0.0194881542731001,0.008459779220748939,0.018111517679056808,0.01992064767061198
1231,0.014805432171894053,0.016217588376250414,0.010866794849682095,0.01801369669913776,0.008462963928895235,0.016483020617285044,0.02106655433945872,0.017389762501784232,0.013204559469044107,0.009918541901786522,0.019567996704381408,0.008494100920125517,0.018196494333980302,0.01997590374379618
1232,0.014873149148078035,0.01628319801682343,0.01092483143347854,0.018084332066190277,0.008502052232375129,0.01656655422469869,0.02112102575203319,0.017462443564183736,0.01325451554853835,0.00996595961903115,0.019639037806343435,0.00853416577628151,0.018283374434891565,0.02002217638236939
1233,0.014928554379270284,0.01635861835510887,0.010965310192437072,0.01814553371595048,0.008549522195060399,0.016648154775398886,0.021158644549364256,0.0175641375315441,0.013347433526580472,0.010026724863850199,0.01975452854522295,0.008605749652102864,0.018420646779126398,0.020111275470672173
1234,0.014982804069413668,0.016426301068772835,0.011013241214101153,0.01819593601161065,0.00858690961209593,0.01672291146718781,0.021216786383271697,0.017585564425470754,0.013368198898642804,0.010044568211713874,0.0197610973918776,0.008625120419272457,0.01845746595746643,0.020117904960606454
1235,0.015008151285580992,0.016483428686033846,0.011052407856535806,0.0182288501873346,0.008628412604600176,0.016802745245021167,0.02127888260846841,0.0176575025510422,0.01343234771289327,0.010091384425257992,0.019832843044891725,0.008686425942398782,0.01857827098671973,0.020211900373337834
1236,0.015052442366126012,0.016537386704644504,0.011095923899562798,0.018281046459879106,0.008658850710480379,0.016870086876627794,0.02135048765843485,0.017719484534586907,0.0134776870008616,0.010134113784907705,0.01990020841935025,0.008723864929306904,0.018661058991161942,0.020290043366906534
1237,0.015108869044146964,0.016591990794017845,0.011142452245137659,0.01833130796574118,0.008674820874592508,0.016918976925208405,0.02144147786054548,0.017765610602336897,0.013504506729090239,0.01017172057611836,0.019934824963799645,0.008732239034983226,0.01869162770554655,0.020354026101473143
1238,0.015163954587308128,0.016645678936050175,0.011194455233266605,0.018384335893106087,0.00869674776824388,0.016980442884550674,0.021527212548182715,0.017832408737524147,0.013544099099996477,0.010218494891678708,0.019994886538212835,0.008756544695697144,0.018759914822555894,0.020437754210059684
1239,0.015212117003515742,0.016681731682468084,0.011255034812402202,0.018447672304609464,0.00871508960343967,0.017039860740321936,0.021632644083935632,0.017877352698837747,0.013557877887378037,0.010264746771579923,0.02005652581085024,0.008771744234718408,0.01881876140961007,0.020532404761010977
1240,0.0152752746283002,0.016733128216740736,0.011302505953115173,0.01851807717182508,0.008736245274949941,0.017102745192375052,0.02170282518781646,0.01794181555147553,0.013588585178249329,0.01029966399619678,0.020125333260886533,0.00879061267136785,0.01888016595939468,0.020591397312764062
1241,0.015371257287892917,0.016807809734228584,0.01135825206681243,0.01861247246525785,0.008765443273387491,0.017185361893288287,0.021762037660485078,0.01804560260081222,0.013637427260704901,0.01033563515246938,0.020217961054021478,0.008817474001371301,0.01896189147058961,0.02063712542477366
1242,0.015441201603385942,0.01687401559732881,0.011405694257751025,0.018679532472541255,0.00879018620056865,0.017258058238836145,0.021826329131980012,0.018211169811012676,0.013750787992330659,0.010421308565742964,0.02038204304093023,0.00888299692619593,0.019127377727841174,0.020791659329002832
1243,0.015501548035067812,0.016940985655914575,0.011426678144637903,0.01874485121609661,0.008813145520561911,0.017318375125891423,0.021858476098317547,0.018294765988405574,0.013814483725638182,0.010443334109890953,0.020462004116722894,0.008910955666909718,0.019201494142568047,0.020831420633802163
1244,0.015568963279386857,0.01700731304782977,0.011468883831634531,0.018802638547870495,0.008834529184565974,0.01739324229829081,0.021914486501479234,0.018390989997147878,0.013882351154115482,0.010491075764740473,0.020543860373569627,0.008941138407704725,0.01930165309534047,0.02090382543002846
1245,0.015633443944748266,0.017078899193931428,0.011529037088089738,0.018828236231595626,0.008860411395968219,0.017482309023596043,0.021993404534646738,0.01834401787672061,0.013852776973324238,0.01048144834942111,0.02043502355634074,0.008907125990029895,0.01927242843391124,0.020841629151041336
1246,0.01568772519183527,0.01714192501256926,0.011578368552038839,0.018872186746652246,0.008875521772681846,0.017558794558403302,0.02206968777152843,0.0184340239932223,0.013923285434230659,0.010541073076641193,0.020510733718619164,0.008934159743156284,0.019382433268467347,0.020941734656151897
1247,0.01574993704182012,0.01718973976384323,0.011633509888169132,0.01891685163694395,0.008874711554186251,0.017639637494461163,0.022147915158390843,0.018481035264663548,0.01394177023421417,0.010578417501950644,0.020535448137833617,0.008923161669548658,0.019446425868607405,0.020986162348936667
1248,0.01579691101113387,0.017252664992707476,0.011680445700923175,0.018977352224938772,0.008886856957921676,0.017713357817331167,0.02222872095860046,0.018538765827878428,0.013993053915663287,0.010621084056366322,0.02060466702605874,0.008935874705035624,0.019529855200111693,0.02106503673273991
1249,0.015796637266604716,0.01732748011571606,0.01170823148571027,0.019064903391737113,0.008895120780061548,0.017781776077560964,0.022323468038024166,0.01854586700911591,0.014052359287033632,0.01063809011845474,0.020698443689621954,0.008940098101453822,0.019602064248113147,0.021152921953745015
1250,0.015842355513029985,0.017388955862435895,0.011751695850133553,0.019129295513996,0.008912082563553025,0.017837371734903067,0.02240717464092635,0.01860600861090538,0.014100361921714741,0.010676530962412683,0.0207738006413487,0.008958863349883068,0.01966768437069638,0.021237693678431736
1251,0.01592518483242505,0.017454424724453212,0.01181176385131043,0.01920551382110341,0.008949633727146463,0.017874111423878104,0.022482275234667757,0.018697058120602583,0.01413973005572062,0.010728867783292866,0.020853394919262302,0.008994609511876056,0.01970732454186679,0.02131039725450366
1252,0.015983553106315176,0.017515744292021802,0.011855563251782223,0.019261226577651856,0.008976866213870541,0.017926305031537387,0.022562082051718637,0.018763537269393334,0.014183143296299468,0.010764922544442876,0.020912651953170686,0.009022459571911428,0.019763825375925567,0.021385835285038637
1253,0.016044989570923117,0.01756711479993989,0.01188625774541341,0.019253638032642396,0.008993053693862005,0.017965047416661675,0.022649060282781505,0.01883908462477527,0.014222603684877265,0.010791737257497507,0.02091141209030479,0.009047171135992392,0.0198123833675251,0.021473621519145697
1254,0.016116348009695386,0.01761035503710898,0.011933762406568326,0.019302705635870148,0.009021199932506416,0.018022031678070566,0.022718654787472658,0.018923170361405436,0.01425500716705116,0.010834301141042826,0.02096754808636963,0.009079735828592778,0.019877224386536854,0.02154157887090337
1255,0.016184068875207985,0.0176525997942214,0.011981184389455462,0.019397877437238458,0.009056460816783274,0.018113010251373247,0.022777864613708544,0.01900280762361507,0.014296626305035804,0.010876796388746595,0.021073266727158896,0.009119240135036824,0.01997770077177136,0.021596746024283648
1256,0.016241592553022433,0.017693079511122704,0.012028445680145595,0.019464828526463644,0.00908548065778319,0.018187432770825206,0.022843783375886852,0.01906902753108368,0.014327297108542386,0.010916613345375865,0.021144686637475547,0.009149480992683898,0.020057517461764682,0.02165684657911227
1257,0.016323878495230277,0.017697735849610062,0.012090419471450425,0.01954846995434259,0.009126637115037738,0.018258006800571068,0.022896952927309356,0.019168706024808344,0.01432224924643504,0.010973438498896515,0.021237062963053555,0.009190666175206554,0.02013772696024608,0.021709305940278624
1258,0.016381421293649497,0.017742455883534118,0.012151069906838364,0.019628027694526855,0.009158186490632395,0.018328870905043867,0.022955635442701773,0.019237344845394713,0.014356042146520913,0.01102861824736754,0.021324370850702917,0.009223158362490443,0.020215552507614074,0.021766838185557764
1259,0.016386094006149467,0.01782556326407978,0.01222777435278895,0.019690953605630744,0.009167912985288323,0.018408168584112643,0.02303524954520497,0.019244413118791576,0.014421614603338075,0.011099451111230379,0.021392324460582837,0.009232105247566562,0.0202988601720739,0.021845899140396474
1260,0.01642408729510622,0.017888649641407885,0.012267742675510859,0.019741514763569334,0.009194050999386054,0.018464165267078742,0.023096620080036746,0.01929580272584868,0.014475574385807096,0.01113490606700659,0.02145353437132309,0.009262141711241933,0.020365311102196963,0.02191200187525478
1261,0.01647294447920976,0.01796569127116928,0.012281814981073084,0.019795471795057862,0.009244590374839698,0.018503831148142122,0.023151399310226608,0.019354999697662918,0.014542992570405942,0.011142049891682531,0.021515280748385764,0.009318268371906921,0.020409504351554537,0.02196747913900038
1262,0.016536964040559425,0.018046194418704333,0.012312028139707361,0.01984278546467874,0.009259237608944182,0.018548964905284935,0.02320020298090845,0.01942915492843419,0.014612034326779063,0.01116275826731855,0.02156728749237548,0.009334678629139946,0.020460709224922498,0.022014955610199127
1263,0.01659497769034003,0.018088169305751495,0.012321190764075857,0.019904118149750398,0.009284106685673388,0.01860163900861687,0.02323297217780487,0.019497456309052367,0.014646341053071776,0.011159492404673555,0.02163270982492001,0.009360512510772915,0.02052087395734987,0.022044070427748703
1264,0.016628834040474976,0.018126905189482977,0.012306190675659487,0.01995259457896505,0.009333113004722825,0.01863181292103584,0.02326285401561565,0.01954114113871941,0.014674665594959524,0.011138965864050122,0.021685198318974357,0.00941206252849077,0.020555500118472327,0.02206899481733952
1265,0.01665775520760024,0.01817701273338179,0.012361127905230635,0.020014475645168183,0.009364696089222076,0.01867929704941844,0.02332043850963368,0.019578625651273444,0.014702596582264834,0.011189378726683356,0.021751238984839102,0.009444632128093624,0.020606906370296656,0.022119982288285978
1266,0.016699881396974224,0.01822532621027675,0.012439421219894494,0.02010187407709466,0.009389844258440732,0.01874977146841806,0.023363912992424688,0.01963304437817171,0.01473612459362888,0.011265040277526948,0.02184911958893914,0.009473505212609997,0.020683069099342356,0.022160672344573848
1267,0.016744915869925832,0.01826691838379735,0.012494065918659704,0.02013142525701688,0.009416105366333631,0.01882229495323929,0.02342184748095895,0.019689692318486215,0.014766262227150606,0.011318223026713741,0.021884879012540586,0.009504635853066481,0.020762451958654123,0.02221688896148449
1268,0.01680466852918499,0.018305262245672044,0.01258146466017129,0.020155179299006794,0.00942493674890913,0.018881928563252402,0.023501573485571844,0.019762395729733144,0.014790937792298672,0.011400188887648289,0.021912823592154806,0.00951597013578271,0.020829366581251185,0.0222949242249558
1269,0.016898613471506403,0.018354144208279206,0.012641057764585998,0.020230085007591804,0.009422401867960933,0.01895835248492209,0.023550244756408732,0.01986976151365752,0.014838406439954755,0.011455926522437992,0.021997036706584424,0.00951273187548978,0.02091224550904502,0.022342919341734935
1270,0.01693310518588407,0.018392681693018078,0.012662059646259204,0.020271481947208403,0.009434450354138162,0.01903740661784962,0.023585747137974584,0.019907262524730494,0.014878131285789489,0.011474532421405077,0.02204285985968922,0.009524322693248554,0.020999293594930767,0.022379186969181408
1271,0.01696084456020339,0.018427280197576296,0.012684892179252331,0.02029499011336994,0.009474351984539109,0.019069043728883194,0.02364201113197694,0.019943921389528343,0.014910822859875895,0.01149592200250772,0.022068568531811744,0.009566914586053632,0.02103599682475022,0.022434510792517983
1272,0.0170235416207816,0.018466812143997497,0.012695846765788676,0.020333672505144156,0.009487720493667409,0.019102505716407033,0.023688135426314788,0.020020407635686115,0.014945925655551497,0.011506530298107902,0.022113197344134552,0.009582203617819808,0.021071742865940418,0.022478871011591316
1273,0.017042852454478653,0.01851038869863699,0.01272440514454164,0.02035679322931857,0.009502133603837542,0.01914951546566279,0.023750852167286826,0.020044084523430424,0.014972623760023345,0.011525848253069305,0.02213941821986969,0.009599583261966442,0.021124439165423614,0.02254459262661944
1274,0.01707780079040764,0.018554102424299765,0.012770672304657258,0.020403827680773305,0.009530956728171013,0.01916737556019721,0.023825835166158018,0.02008151523533305,0.014996831444187954,0.011562162591613554,0.022189189527297315,0.009630862494424594,0.021145195479710673,0.022617889996173018
1275,0.01713949459931005,0.01860761911216906,0.01283238780687339,0.02051586296003595,0.009524894422065024,0.019209486144603084,0.023887901256864123,0.020148072529588487,0.01503077691918651,0.011613680182539776,0.022308466138316718,0.009623491625193745,0.02118671051194249,0.022672596895445565
1276,0.01717435321475381,0.01867792894005257,0.012883242654769603,0.02060864570862794,0.00952806119808816,0.019278594159082594,0.023946499720002623,0.020189852239104824,0.015087455781428937,0.011656863326776505,0.022411553225023445,0.009627036032736137,0.021265002705446474,0.022734646435454968
1277,0.017206773837103197,0.01873653914202006,0.01292439314927221,0.02066630634855811,0.009536032552498517,0.019328780519160822,0.024006384351640018,0.020229003558391818,0.015131409272821817,0.011691772687226997,0.022470432281949237,0.009631534334077029,0.02131706554997734,0.02278838388379881
1278,0.017228279260327745,0.018785887923987235,0.012948611877108057,0.0207042578056216,0.009545095989484921,0.01937310972055543,0.024069329027249012,0.02026850073767828,0.015176722491583578,0.01171916073111409,0.022512060644605834,0.009637693581916363,0.021366821472780233,0.022845499014966287
1279,0.017250373708396907,0.018836777827746072,0.012988278458915831,0.020739130086020893,0.009562091551730835,0.019420458124835123,0.024111004183543207,0.02030122731219028,0.015220331024286111,0.011754523916143811,0.022547672345014678,0.009653044971574265,0.02141793989136668,0.022883458984910506
1280,0.017252162839789503,0.01889277754772788,0.01303152508413987,0.020735470022026387,0.009584454905211441,0.019465635639608375,0.024135118775187963,0.020316290898241905,0.01527139238622502,0.011794517472996462,0.022543899319467816,0.009673642576435307,0.021470685097521085,0.022910117582648076
1281,0.017294514114068335,0.018933648187470765,0.013063517856558233,0.02076964480958185,0.009612170328314936,0.01950528363004749,0.024181065159727705,0.02036322218994832,0.015304024375756639,0.011819538886500364,0.022579455749142954,0.009701713132277174,0.021513887687228804,0.02295196660190541
1282,0.017368985297201114,0.018972399450262554,0.013107983751725585,0.020831451990917727,0.009657704100396227,0.019545760484099436,0.024225125834096063,0.020444819648466887,0.015341559623252453,0.011856846331004093,0.02265101743610214,0.009754499456955399,0.021563703889227508,0.022996774015565286
1283,0.01741124951031887,0.01900310218039176,0.013126571559480903,0.02087028394412317,0.009678936907434389,0.019599656192624215,0.024287524704585235,0.02049021729257454,0.015360365501669665,0.011866417214200418,0.022690109064269142,0.009775319056182336,0.0216193997390962,0.02305258181249695
1284,0.017453465433298343,0.01901738162915872,0.013112894893306479,0.02090395275998595,0.00969130116923407,0.019656810710439027,0.024375263263421633,0.0205314718424366,0.015359461458233581,0.011842328104906534,0.022725728344533472,0.009786713293072619,0.0216790669077993,0.023133658217799162
1285,0.017499156236857112,0.019038014250434426,0.013123895414425447,0.020930890132365855,0.009703049686953473,0.019695230739770874,0.0244290716881021,0.020586779594702388,0.015369989632256609,0.01185243275817433,0.022759774398346748,0.009800755768839538,0.02172511173590018,0.023189298273152022
1286,0.017532411416398486,0.019043452756933286,0.013133398396178152,0.020940418800601213,0.009708266809399256,0.019739999906306236,0.024475357964862866,0.02063625034130569,0.015361620019846657,0.011865631568538447,0.022774680850224868,0.009806769878061993,0.02177758891425947,0.0232400530763978
1287,0.017557413343695673,0.019093093772477213,0.013154575030258436,0.020977897610606935,0.009707291542613192,0.019773728887489052,0.024524483175112702,0.020668271293825802,0.015402694675690342,0.011884958554176444,0.022817481171604762,0.00980723432361528,0.02181514516145455,0.023286831978071923
1288,0.017593809396804622,0.019178241508944226,0.013187665788303321,0.021025585527452366,0.009703718360314379,0.01977921960119108,0.024559456396426017,0.02070499351493213,0.01547806332580765,0.011916674852321098,0.02286894612623784,0.009806007848559978,0.02181990751493406,0.023313873844311394
1289,0.017633471393061227,0.019227866258526377,0.01323632875821022,0.021081465413597945,0.009701980688674939,0.019822578808782673,0.024616306707674854,0.02075055068816037,0.015518752509475552,0.011960552881889895,0.022926869057719613,0.009803207516500573,0.021863695646634106,0.02336436621914451
1290,0.017657348039998733,0.019301333313732974,0.013306541466376965,0.02115958522560285,0.009683142088636767,0.019891722880783537,0.024697457080579407,0.02079060260101763,0.015598860168090416,0.012028984567526239,0.02301789040324879,0.009786313580581869,0.021943110777238706,0.023448074030464054
1291,0.01768060002488109,0.01932482849563367,0.013347624273339541,0.02122088846627733,0.009693868522293769,0.019936419673868278,0.024741265791092665,0.020820376408267293,0.015610633656352088,0.012060698497730761,0.023081530534812784,0.009795509796416297,0.02198754337039654,0.023485310709356128
1292,0.017716132299157836,0.01928620275708047,0.013389800034284532,0.021288974307119,0.00972182435406809,0.01998322810132194,0.024775609379275757,0.020875374615380558,0.015558834958119628,0.012095903609481996,0.023159497851033023,0.009822822421339032,0.022041499525177,0.023523452117521434
1293,0.01774931054952865,0.019296996536264283,0.013425119895301988,0.021326158684224262,0.00974640971797345,0.02002119738842202,0.02480080462433427,0.020913934006406464,0.015559918580611284,0.012123717309556772,0.023201186839210144,0.009849445544225701,0.0220837692963235,0.02354808472802359
1294,0.017758234206396026,0.019312219407736378,0.013431140227586985,0.02134784203061555,0.009787361077606227,0.020043348043276964,0.024801561433458245,0.020921479361482694,0.015562488010569508,0.012118924478207472,0.02322920705358606,0.009896329105121228,0.02211217918003818,0.023548678138084676
1295,0.017790444609977574,0.019343819320727738,0.013469913687664672,0.021370922398877258,0.009811822911134256,0.020081021434359827,0.024815146255682326,0.02095345510175381,0.015583077316322923,0.012148908776900846,0.023250545728818833,0.009921911355392608,0.02214828790322638,0.023557089040685184
1296,0.017859118255695614,0.019405221330194882,0.01353243928665278,0.02136264610039165,0.009835910568455893,0.020124423302278434,0.024838001773742395,0.021020296281383802,0.015639289099983127,0.012205363701916125,0.023236437382435634,0.009948968514914716,0.02218939493598438,0.023576698138812448
1297,0.017897192384971054,0.01944303019443168,0.013576348059814392,0.021389480514891583,0.009849598271154926,0.020166179345902237,0.024841874466285913,0.021063193297050815,0.01567502324742344,0.01224911757827684,0.02326776606754501,0.009965048495275958,0.022236216522314996,0.023581554061534685
1298,0.01791692498580762,0.01947564144961784,0.013626660211475388,0.02143722883343938,0.009850639577248778,0.020204936178660718,0.02482178953083287,0.021095681769864948,0.015709202446672062,0.01230460472453984,0.02332453804260694,0.009967124419654815,0.02228031367720834,0.02356444199708866
1299,0.017946289902676354,0.019505567849648967,0.013660932930513852,0.021473779264929705,0.00985821474675415,0.020256486478684502,0.024835784071481536,0.02112611830263269,0.01573360769454928,0.01233478751853527,0.02336290134502989,0.009973933149660557,0.022335195303833717,0.023575120682113246
1300,0.017970071666770688,0.019524058174314664,0.013678772620907878,0.02152245734722246,0.009857134112801565,0.020327123002057787,0.024864047218826495,0.021141540360301296,0.01574488017428177,0.012349769089864448,0.02341293583624952,0.009969285530019224,0.022413295170430666,0.02359770716147255
1301,0.01799883770133446,0.019555577495045252,0.01370447530207489,0.021553470768921425,0.00986374239508664,0.020360787599868164,0.02487371894718515,0.02117698660420019,0.015775630563362553,0.012372364699594332,0.023450199965542574,0.009978374629553876,0.022452621572700563,0.023607614981886633
1302,0.018030833648428814,0.0195875779047016,0.013735136563401203,0.02156687565136004,0.009862048291852272,0.0203854792446057,0.02488260640455568,0.02121546610514121,0.01580385111906658,0.012390880439986532,0.023463095875573013,0.009977972566553592,0.022475046855628473,0.023610383672408673
1303,0.018057453844134215,0.019616956848488236,0.013734147727123124,0.021582467148637128,0.00989981703648522,0.020396802442900677,0.02490136049564691,0.021247484642140112,0.015832041512881423,0.012384812931864829,0.0234827260058145,0.010020550120835366,0.022488986361881503,0.02363106462828005
1304,0.018088530896253698,0.019658135599154115,0.013714694629181866,0.021593145972362525,0.009982934598387819,0.020372264683432346,0.02490931441919758,0.0212790670473496,0.015868617336119422,0.012356754108577239,0.023490293820374934,0.010109757616026388,0.022455790913480704,0.0236344371846721
1305,0.018114296960494058,0.019683598970038466,0.013712391540534887,0.021607413858645876,0.009997658734370894,0.020379077166937702,0.024930259150308047,0.021315852772567742,0.015897169923839605,0.012354833873493813,0.023512234356132884,0.01012907396361291,0.022468752638953367,0.023662404006597127
1306,0.018131434163224627,0.01970705392504459,0.013685336086322181,0.021630736114609913,0.010007021629097914,0.020409208440961148,0.02499224201982381,0.021340283521114133,0.015921304139501054,0.012329288800994768,0.02354304110590452,0.010140807123552297,0.022509457933096902,0.023734419535852515
1307,0.018165543356170075,0.019732364893608842,0.013698367796451182,0.021646340356620462,0.010018951255041778,0.02042003073596024,0.0250132509447078,0.02137443181422295,0.015938604366800033,0.012338344368593037,0.023554270890958948,0.010151788885097948,0.022514835169666805,0.023750271755787887
1308,0.018219156138411186,0.01975842887579178,0.013762904108278651,0.0216587423011933,0.009972386672568433,0.020419558601115044,0.02500709552405589,0.02144817004206713,0.015967166469987575,0.012410121899931821,0.02357550449242925,0.010106622544912416,0.022518377319269565,0.02374973581736734
1309,0.018232606368777462,0.019763862061293526,0.013778626062280398,0.021672063461041818,0.009976205822791571,0.020437432397627627,0.025014229583313813,0.021459883803033687,0.015967567148802486,0.012422493198827355,0.023585919686318225,0.010110123641539575,0.022533569032069663,0.023754208208312297
1310,0.018230927008867914,0.019741464065698305,0.013776725281902118,0.02167123504360627,0.010037568648613347,0.02045705735411699,0.025004585094250367,0.021455892133935613,0.01594499145257849,0.012420409064226869,0.02358906779079886,0.010178892567574545,0.02255841226493077,0.023751590445922375
1311,0.018232796298260617,0.019748323527779957,0.013781486753804768,0.02168165878539288,0.010037836016394725,0.0204599677059952,0.025013581666430376,0.021458367335774352,0.015950364447381214,0.012423669202821824,0.023602567563812488,0.010180838902204632,0.022563917253044803,0.023764463514003253
1312,0.01820308455462776,0.01975752125861508,0.01376172773516613,0.0217032325844998,0.010014942878835476,0.020470745764893196,0.02504263024764879,0.02142318923701656,0.01595790843261892,0.012396208756024698,0.023623783614743193,0.010156155788527733,0.022576778031525403,0.02379558137509771
1313,0.018206061733046258,0.019765290485027284,0.013764056526189925,0.02171690589347946,0.010001047604340865,0.020483185188828138,0.025054953049886163,0.021426281776937277,0.015964585257728557,0.012400734100272122,0.023641726622596934,0.010142740122810065,0.02259337701108894,0.023810602940559266
1314,0.018241388252840832,0.019803020458345102,0.013788857916305113,0.021731355274163186,0.009959408081271976,0.020477014758094905,0.025078165941920298,0.021462339338595142,0.01599392707245693,0.012430555909365454,0.02365805601187626,0.010097473474812694,0.022585440443044367,0.02382927422756464
1315,0.01824631183890426,0.019818044202276713,0.013806513412362933,0.021755271680935957,0.009950506828509892,0.0204872019580079,0.025070210921430466,0.021469811801323135,0.016006397441749122,0.012450334605714512,0.023689503687030038,0.01009078913125589,0.022600212537860494,0.023824775136976846
1316,0.018249790490186026,0.019815030845234994,0.013835980227800459,0.021795510704220554,0.009959145243903605,0.020527047293952463,0.025040639520810842,0.021463833604143456,0.01599109558495965,0.012480824045025405,0.023730889402603886,0.010099505417008213,0.022638675484854966,0.0237891203359545
1317,0.018257516073165607,0.019824407123698765,0.013853255512522563,0.021816779283892765,0.009969122254881486,0.020552280328698807,0.02503228048268323,0.021474265063791496,0.016002435119338215,0.012494663581011917,0.023755579125243967,0.01011181839686474,0.02266657737376163,0.023781402066896013
1318,0.018259969329709223,0.019844552697897158,0.013879735684336468,0.021845824246099276,0.01000393296988198,0.020575815486427503,0.025019917303004423,0.02148106374578561,0.016028167349569956,0.012504973218938146,0.023783677874639145,0.010149474233608204,0.022689507552778775,0.02376821384255147
1319,0.01826496656606171,0.01985082900825288,0.013879703154938992,0.021854951075270992,0.010020578149005158,0.020592483779309945,0.02501698012628638,0.021491159436791286,0.01604025300658295,0.012501032764673976,0.023793545567327993,0.010168479217728862,0.022705747971965114,0.023764821347797976
1320,0.018287652518643213,0.01984975838255418,0.013847738628718617,0.021834995106800033,0.010034267544368992,0.020619855954607358,0.025040704031793565,0.02152904873378631,0.016058502505415913,0.012470166262189181,0.023776158202786613,0.010185539756291592,0.022736865368387125,0.023790713008378647
1321,0.018280425397471663,0.019866303197186477,0.013839519357930402,0.021837840596773277,0.010046927671507616,0.020620551021272637,0.025040135289394746,0.02152287691718608,0.016076802415381657,0.012460378808983413,0.023777237988064602,0.010200028500765514,0.02273360072358887,0.023787623062783547
1322,0.018244543729593228,0.01988900870988156,0.013829264899412294,0.021846768131327608,0.010050886051574694,0.02058545868655284,0.025031670640824653,0.021484456036096056,0.016088636876441326,0.012452592545471755,0.023784772650027472,0.010206104013677606,0.02268876778977901,0.023775521135020888
1323,0.018236249690853103,0.01989418075430746,0.013823221060809103,0.021846678140490006,0.010054046668622404,0.020586997031583464,0.02501079296467324,0.021472251894527086,0.01609428245378879,0.012448925042708886,0.023785106314715424,0.010212216127714413,0.02268944322405585,0.023755768829905387
1324,0.018225079408023835,0.019913963380836223,0.013838585165719109,0.021851214695855554,0.010060076663042037,0.020598485696288308,0.024977807557247787,0.021447583998774312,0.016112950322456597,0.012466012004557301,0.023787435677352364,0.01022122357550016,0.022701658620415496,0.023725159471036712
1325,0.01822498607968755,0.019903543794788953,0.013834609962438644,0.021855093027294877,0.010063889503015061,0.020593035852587333,0.024944561617788668,0.021447029856859742,0.016109149727461653,0.012466554022730147,0.023797402388154133,0.01022915287664808,0.022700148736979682,0.02369738648623793
1326,0.018243459394550857,0.019847095475142622,0.013796712485582893,0.021852789072548097,0.010056521182180214,0.02060674295399841,0.024886681987233733,0.02145203110642312,0.016060486310816982,0.012428521043442026,0.023791289235997482,0.010220295544190244,0.022708933802404522,0.02363221011007182
1327,0.01824912575274524,0.01982793597963576,0.013803608188021729,0.021852028106112375,0.010061994446561561,0.020596780066598007,0.02485469883354251,0.021457092998911978,0.016047235846017013,0.012437584327213305,0.023791930249902914,0.010226686651954864,0.02269990225099204,0.023602702633544984
1328,0.01824847933971194,0.019822492754629037,0.013850384162595418,0.021862506130835204,0.010078638739740976,0.02055054892134692,0.024839453815285767,0.021464035475824487,0.016046639273592626,0.012485185359330544,0.023804912448350948,0.010242749453304563,0.022652846825650157,0.02359011893304619
1329,0.018257849954680817,0.019805629694012977,0.013843257537621046,0.021855779505396588,0.010087972474093586,0.020532031356602393,0.02481283308028552,0.021474471400592013,0.01602642347776313,0.012475228397279872,0.023795349779780088,0.010251848334381319,0.0226298840935779,0.023561679713309955
1330,0.018287631572227014,0.019798023092221995,0.013831208337767516,0.021835288918833236,0.010097619581805887,0.020532585848395814,0.024802989456247714,0.021511677977573695,0.016005913588536206,0.012459145697134324,0.023773248617148683,0.010263036825248317,0.022631203680067134,0.02355608933157512
1331,0.01828202677834745,0.019800901105501468,0.0138398806748735,0.021814683961166464,0.01010611315178897,0.020507011510865005,0.024771118561454235,0.021515056778063174,0.016014955574894452,0.01247171817090154,0.02375699120468329,0.010274724765366517,0.022608466414116152,0.023530676845326535
1332,0.018279849627691837,0.019808316965029944,0.013815173435221885,0.021787085072994563,0.01012504251554322,0.02047904554317594,0.024718540386040936,0.021514215698121807,0.016024297811070908,0.012446256357350702,0.023724836862815138,0.01029452824766832,0.022571131692224907,0.02347086759500617
1333,0.018256060794848848,0.019797832708917208,0.01381853873374622,0.02177196308838543,0.010120254590366794,0.020457761966523276,0.024692311628568615,0.021494361870850097,0.016027898191398063,0.012455431463962663,0.023715917460716954,0.010293736990182392,0.02255317392139016,0.023451753454784955
1334,0.018181308873485465,0.019803141033492587,0.01388121757636458,0.021767795053410123,0.010107769740298363,0.02042403079397385,0.024670032129532594,0.02141213107422067,0.01605852653896599,0.012524121440739827,0.0237081427939777,0.0102791514701388,0.02251402605599729,0.023428131084857428
1335,0.018153473300583575,0.019773569374712453,0.01387664450685002,0.021755317867877964,0.010092134060437784,0.02040368527429115,0.024650011692624065,0.02137173697693553,0.016036575352358622,0.012521206680485843,0.023691174859247488,0.010262321572240255,0.02248838651968269,0.023406003473241746
1336,0.018138137322212915,0.019686820896354772,0.013831468625513108,0.02174932546602922,0.010039784244021526,0.020396619483209352,0.02465512880493824,0.021340733097528364,0.015954385031884257,0.012481770840236783,0.02369016600135328,0.010212135624277327,0.022485854798465234,0.02341890767706656
1337,0.018120113688438123,0.019666023410079995,0.01380281770064723,0.021723510492879825,0.01003296953002347,0.020376973374117792,0.02463399363187575,0.02149935777650271,0.016075438372344684,0.012559748536439722,0.023865491796665868,0.010294139465143156,0.022656865073356628,0.02360123595221015
1338,0.01811861647285908,0.01967138822375029,0.013756734074960426,0.02166818092678071,0.010059681943794037,0.020338472724367365,0.02459005193942098,0.021410937686074393,0.01601915371927267,0.012462781119982797,0.023715338321753168,0.010285420282092027,0.022528420713346178,0.02347050844825313
1339,0.018109150277933875,0.019658380351286045,0.013734031974144934,0.021650244480417503,0.010052480140294697,0.020327138166592908,0.024564897039273385,0.02142343393083785,0.01602685695417606,0.012450535390828165,0.02371951428879184,0.010288993424315288,0.02253786328718851,0.023471791478773124
1340,0.018085862361661067,0.019660545520332275,0.013731504532472348,0.021640654625869563,0.010048699078139399,0.02033322174506771,0.024525589147288186,0.02138475338904873,0.016020749087406926,0.01242500309977208,0.023675851996690242,0.010270873225394847,0.022511402638641955,0.023404829845945274
1341,0.018073068654184152,0.01965900727569361,0.013688067700928232,0.021617385727680523,0.010038886771938888,0.020323048040697816,0.024496535326003873,0.021319734965938777,0.015984120588108885,0.012350940805271009,0.023593279232124013,0.010235993950887062,0.022445110912405752,0.023322193279416117
1342,0.018083995720206813,0.019637633184386192,0.013611837158874651,0.02160192060318153,0.009992218592057945,0.020318535906611222,0.02450325813344207,0.021329785372519887,0.015964438263637463,0.012279772435608625,0.023580608710304336,0.010187793359063706,0.022444403667791418,0.02333532407079134
1343,0.01805775519902302,0.019638206420072538,0.01358804998110244,0.021591810253401802,0.009982736096715369,0.020316358669858467,0.02446185757997321,0.021251323721806326,0.01593272645304195,0.012232050219907555,0.02351681341113401,0.010155197883791168,0.02239208833216348,0.023244794788401604
1344,0.018000745245394155,0.019674692880734892,0.013561343518171638,0.021568516469035157,0.010009488741844805,0.020299179834805652,0.02437272803040476,0.02117922296603299,0.015967447387903073,0.012211956684509369,0.023490860847482427,0.010184449432116532,0.02237305430816935,0.023156159639301472
1345,0.017975759996600327,0.01966013568948344,0.013552275224814232,0.021561739821049294,0.010005025461122613,0.02027632246734451,0.024335983998678017,0.021153570321727728,0.015960301406065382,0.012208244731238034,0.02348689357405289,0.01018137393046801,0.022352003235076297,0.023126410846687522
1346,0.017936871875457106,0.019607153092584474,0.013603209086531,0.021586902870433106,0.0099870593411965,0.020263815681426125,0.02430630834044669,0.021115293416969393,0.01591826946812757,0.012260890565065406,0.023510625980771235,0.010160074179426996,0.022336357278946953,0.02310126395460898
1347,0.01791473369593342,0.019577969735184463,0.013602288121098738,0.021569051022068117,0.009979051094468408,0.020242877701020057,0.02425375635133354,0.021084431742258224,0.015892301688802086,0.012259323890626053,0.023484893964864022,0.010149789961114394,0.02230795818222399,0.023044574976345752
1348,0.01792722538140117,0.019529414115858394,0.013561139643661966,0.021504839976966793,0.009958045773711078,0.02019133009977286,0.024226275657142925,0.021102284786371165,0.01585492732670378,0.012223376199132467,0.023424152717949606,0.010133014550606239,0.02226111433136651,0.02302715221329109
1349,0.017911466544716727,0.019507948261620306,0.013545055595692643,0.02148188011976518,0.009949160477335713,0.02016222353210225,0.02417313798435926,0.021085954359721177,0.015847543923007506,0.012210756033559114,0.023402794157536568,0.010126103818932593,0.02223159246467301,0.022976460837479246
1350,0.01786936083895143,0.019525049427702737,0.013535799751222337,0.021473374720851625,0.009964186007109962,0.020154011508080983,0.024046227232707513,0.021034949016353728,0.01588158696594319,0.012205295464260664,0.023393686259049206,0.010143928778543459,0.02222012378860506,0.02284145156832313
1351,0.01785363173025706,0.019495549737385716,0.013512983585777107,0.02145020174312092,0.0099539775785282,0.020117441749442595,0.024003448758000073,0.021014866348019755,0.01586295129356311,0.012183929710173985,0.023369060398557854,0.010135291932096502,0.02217908181681039,0.02280016689450455
1352,0.017850920284328057,0.01944047186704241,0.013486444622248257,0.021437200082307827,0.009934741849386483,0.020054246221461142,0.024017124495320074,0.0210117227099295,0.015823866152881883,0.012157934295421448,0.023356851472242503,0.010118117122028673,0.022108415771988264,0.022821313798546957
1353,0.017834206905471515,0.0194046027532131,0.013454740594477805,0.021410449745418662,0.00990646287812467,0.020027763291892146,0.02398641757929249,0.020989540068536518,0.015793678898094632,0.01212658369254698,0.023327772028885755,0.01008802396141701,0.02207802186200707,0.02279304156595401
1354,0.017823102373473967,0.019355357209456473,0.013413252366519834,0.021359552268772095,0.009856505003033651,0.020007806335166817,0.023968019651815376,0.02097041759863115,0.01573967751078697,0.012083719896142788,0.023272562002104417,0.010033498041139365,0.02205704465711989,0.02278096693865871
1355,0.017794040592384906,0.019313275207320364,0.013386780711671903,0.021320764076940397,0.009826302096152713,0.0199814569117053,0.023943828221879612,0.02093790258553359,0.015701092292281924,0.012059196417330505,0.023230875368166617,0.01000260314243757,0.022026986422915125,0.02275987040898759
1356,0.01773808994790455,0.019274209979691533,0.013362581549191663,0.021288784387345532,0.00978491900097733,0.019996338956968812,0.023902035006051647,0.020884781835097444,0.01566827518024685,0.012041955318332883,0.02320181523586799,0.009960499400764034,0.02204631668883847,0.022721009199218007
1357,0.017718412932187018,0.019254987694418697,0.013329142826030092,0.02126469398183043,0.009782350682617636,0.01995441988718251,0.02384977648043498,0.020857242040704962,0.015651386009500147,0.012010862037923311,0.023173320806481705,0.009957853755743202,0.02199653985182533,0.02266772245201201
1358,0.017721928620718596,0.019247746012125692,0.013281534403259972,0.02124683940054515,0.009815474554198756,0.019861350343379634,0.023804932809338746,0.02086466311505003,0.015656508886257876,0.011970505677884546,0.023161567122235813,0.010001518336246285,0.02189945388866825,0.022633905239865002
1359,0.017704420548822056,0.019238881934252005,0.01327852434423527,0.02120863596459401,0.009819884048511866,0.01981037990184687,0.023757525565719088,0.020834875636838703,0.015648153985561453,0.011967679573652306,0.02311302417885406,0.010004994692222893,0.021835710705974412,0.022582692790679888
1360,0.017691121333173566,0.019254226114095337,0.013302365476785644,0.02116505167841835,0.009827823333894984,0.019750703522172668,0.023676745076086983,0.02081248466356141,0.015667519544263556,0.01199820083609542,0.02306730935237122,0.010013080553683246,0.02177188637237706,0.022506760268104317
1361,0.017678910637984723,0.019258072188011992,0.013310963910119579,0.02114752332468639,0.009842797166472591,0.019713391772900903,0.023619411308492363,0.020793884392131787,0.015679875024054823,0.012007893221818758,0.023048689549002025,0.010030615282977941,0.02173117622272537,0.022453543346645354
1362,0.01764599312396794,0.019255970889342087,0.013362068185824983,0.02110547577777885,0.009858040894551947,0.019712758374898092,0.023593092852408244,0.020754725773394975,0.015687148852142865,0.012060609404017557,0.023002360411858512,0.010049223833978483,0.021729764458097604,0.022432121215342538
1363,0.01763149489275214,0.019226057451308745,0.01335573137374772,0.02111251033395535,0.009860716676821804,0.019695470451923828,0.023548635678627604,0.020739326700759814,0.015670144426307268,0.012053291127333174,0.02301470369637089,0.010056430028369067,0.021712616321738622,0.022392213885669823
1364,0.017652441840930205,0.01919921103571795,0.013292893422802664,0.021209466195927746,0.009879814716028713,0.019679580029668034,0.023497063820729656,0.02075386592272758,0.015656197640705766,0.011976638957761177,0.023117898859032596,0.010078904464965418,0.021688748454901714,0.02233383848880859
1365,0.017622329685010107,0.01916305376473934,0.01326261314798096,0.02119688194164086,0.009885771045753488,0.0196467879544247,0.023444906890301372,0.020727060538563005,0.015635658432286804,0.011947417827131965,0.023110526376319242,0.010089618610021259,0.021657606747987824,0.022289214526924873
1366,0.0175667461927038,0.019094322256563195,0.01323904683979485,0.02116621500044075,0.009861839828639344,0.01961324002540498,0.023409138379725115,0.02067629953656596,0.015579011786604348,0.011921678820624339,0.023079116062976707,0.01006537130759882,0.021621439901799804,0.022257014292471056
1367,0.01753620973630951,0.019070444731545393,0.013191151093213697,0.021098480134353597,0.009875362587786199,0.019581834536320675,0.02333722289386031,0.02063684939674375,0.015560904541951272,0.011877940131905488,0.02299995339842317,0.010076052233747246,0.02158206953250206,0.022179706001446295
1368,0.017520072880195973,0.01904389668134472,0.013191766519823794,0.020999487600187862,0.009869207401056145,0.019559801313286843,0.023292092718962622,0.02060285705121214,0.015525703457444289,0.0118828266060932,0.022882172325766174,0.010066830613614089,0.021551110658786517,0.022130614129746776
1369,0.017520502020996136,0.019006153569996524,0.01317886966532948,0.020926029854723464,0.009860852934570948,0.019547328308224414,0.023302382667998757,0.02059881385710257,0.015489477166372372,0.01187362588587387,0.02280169026782426,0.010059127293541938,0.021540151462088503,0.022148752834706478
1370,0.017514329292262404,0.01896910378362243,0.013154698641063955,0.020872657656892744,0.009834151474221097,0.01951651011046004,0.023219096215601424,0.0205785929554178,0.015458613545003047,0.011855144530314969,0.02273869331797912,0.010029685458186999,0.021502501152362886,0.022062507518777114
1371,0.017485456195566372,0.018931670365777947,0.013150062757957761,0.020854647167163787,0.009752691218787864,0.01944198136048274,0.02313554161263156,0.020538364366334914,0.015435153461777705,0.011857248371315654,0.02272224689534942,0.009947416306409038,0.021424270202755877,0.021985102807284503
1372,0.017447323410487527,0.018885382351867375,0.013111123260804727,0.020824882949184415,0.009725440210183824,0.019368273629922755,0.023088566521047012,0.020491565305175274,0.015398668785397232,0.011821210721843771,0.022690169618190165,0.009922408680897365,0.02134232959052674,0.021942143888530004
1373,0.01738712850829916,0.018867340991730326,0.013007456899144744,0.02079663031839884,0.009688769297737158,0.0193026000739123,0.022984924333467445,0.02041728457223997,0.015395028531578505,0.011722882271209722,0.022661110118411376,0.00988764730718821,0.021266709136047862,0.02183829380067783
1374,0.017331557649962026,0.018856402835557038,0.012942441036973376,0.02076236001575588,0.009666030967069588,0.019249630486102124,0.022924820496784883,0.020342149364016238,0.01540390773366272,0.011663832444133828,0.022625774935219868,0.009866619309725136,0.02120854495455221,0.02178323588666997
1375,0.017281362573492724,0.01884397123552893,0.012945266488505356,0.020742101320753017,0.00971082417526528,0.019252151198469614,0.022878618056214783,0.020273640038444826,0.015411022651863617,0.011662846246500476,0.022600499071342074,0.009914453394601045,0.0212088305612143,0.02174396543901926
1376,0.017219279816502113,0.018830224269028976,0.01293005712772853,0.020735818262235847,0.009735197375506497,0.019252549432173444,0.02277890567496985,0.02020720851012746,0.015412213856380131,0.011642406264525835,0.022591874147903233,0.009938840401798063,0.02120692542714888,0.02164802842343373
1377,0.017183865675391333,0.018787994741848953,0.012946579044784823,0.020698658188742964,0.009731578787648998,0.019227445008565977,0.022696507393373186,0.02017354476309556,0.01538928896447788,0.011664303273233841,0.02255180136618551,0.009934255235795575,0.02118330979183125,0.021566160305655585
1378,0.017161502841253166,0.01875121132730287,0.012965493357963069,0.020688901408582455,0.009699651382468564,0.01921490909767801,0.02262933096640242,0.020149038030212216,0.015369424357874846,0.011680824417606187,0.02253596236649216,0.00989862444295962,0.0211680694282552,0.021496449100124205
1379,0.01715431388285295,0.018705260289121308,0.01289684583093373,0.02066528275824593,0.009656626972289802,0.01914831095765378,0.022540752018429925,0.02014762964496248,0.015331027822105124,0.011614887188140802,0.02250927146585383,0.009851891932733217,0.021096307691491796,0.021412840071717593
1380,0.017118874719449,0.01868287103560348,0.01283971863749184,0.020587441881474353,0.009632754372759752,0.019049090347760606,0.02249751961341054,0.020107782852461075,0.01531929520948864,0.01157290941490454,0.022423003042716154,0.00982539619290135,0.02098823209660928,0.021369957528594892
1381,0.017042607778825686,0.018666195150054223,0.012809052590193803,0.020535776963290887,0.009632722799578499,0.018980850936509284,0.02249010408891885,0.020016893923797147,0.015300715462450374,0.011554287900567709,0.022366653379305032,0.009823953130155789,0.020911242898426916,0.02136743261180793
1382,0.017000854589742948,0.018599179431605543,0.012755458650150635,0.02053262676707,0.009627869380025786,0.018922955790206614,0.02242170748452221,0.019968979083035847,0.015229569326114013,0.011507694615058357,0.022364158066663607,0.009819458846477235,0.020846864503867128,0.021305499337183665
1383,0.016917521543014655,0.018577744752761395,0.012694450489956448,0.020516823939344123,0.009603047502336653,0.01889730318199557,0.022377759922084826,0.01987804316529189,0.015221730927912708,0.011456759222959658,0.022353215396523025,0.009799143152521703,0.02082224752003585,0.02126369473021123
1384,0.016836159949017607,0.018551955667322383,0.012624261838746922,0.02047966793845123,0.00955849843196384,0.01888607768808923,0.022353109343495523,0.019785398221054,0.015215755752787143,0.01139418303553717,0.02231979823607735,0.009756684166552714,0.020816225769378156,0.021251258752667476
1385,0.016846719604182877,0.018495739183138696,0.01258233695368492,0.020461483350965506,0.00950597889698353,0.01885751808054182,0.022297670994752158,0.01979504798120206,0.01517450255453646,0.011345434374221428,0.022295952906232628,0.009700864873848143,0.020784701142666274,0.021201327190051616
1386,0.01682965157409607,0.018485570159394216,0.012574851780153908,0.020392461581541614,0.009495435413994493,0.018798880205748304,0.02223696871798146,0.01977245073671738,0.015168530165566118,0.011331606111232793,0.022223752777734154,0.009691924946585995,0.020718988952975484,0.02114210766909282
1387,0.01682775891466655,0.018439263253508,0.01254914239554131,0.02033330265303308,0.009525837619842622,0.018735791846431406,0.022173173992247767,0.019757831889234488,0.015114441893576754,0.011302634818974915,0.0221603437129721,0.009725372483487931,0.020642710914416627,0.021079154803444515
1388,0.016829467703534294,0.018333440067032813,0.012533891160858282,0.020311286184356857,0.00954319682897975,0.018672978938764073,0.022132419071909902,0.019760435145581838,0.01500848959933518,0.011286350148251008,0.022141726631343527,0.009748312748743056,0.020575787722030354,0.021046703823243
1389,0.01680031544931063,0.018298916348015216,0.012533585896739922,0.020258908034260358,0.00954409349674013,0.018616945757927442,0.022055182564345674,0.019719397045769475,0.014981299487733349,0.011287217200423747,0.022088866657959404,0.009752388253997732,0.020516337689681193,0.0209751215521134
1390,0.016751664974891747,0.018277531444884303,0.012467037199984475,0.02021753147318177,0.009547940292602803,0.01856138279964067,0.021972771346529994,0.019655493136590062,0.014982411862623555,0.011231359997840033,0.02204451934006791,0.009759324463686927,0.020455065425964713,0.020901534320334196
1391,0.016669748687729993,0.01822765144843869,0.012444518016300631,0.02016838321148048,0.009541332259503304,0.018508419526812803,0.021954976946067892,0.019566483780818544,0.014963831708945101,0.011216927380357844,0.02198795338756475,0.009751372861245876,0.020396823968176526,0.020890382145996447
1392,0.01660808363121505,0.018236287868837697,0.012442975505090277,0.02007564557372612,0.009508398096574815,0.018451471487716503,0.021884303847876308,0.01950530532722515,0.015006751687242251,0.011217549118093896,0.021892872325414228,0.009717577430242635,0.0203421318056997,0.020826141763370984
1393,0.016572204054179016,0.01822951488322914,0.01233539316937619,0.020006430382829104,0.009496383761564958,0.018387685923102734,0.02182283294789339,0.019471182843035163,0.015018329218940096,0.01111244746911424,0.021821664862140537,0.009706709588593172,0.020278439944563256,0.020770453478411267
1394,0.016523318376020262,0.018138113402246456,0.012259604895379037,0.019950918215377113,0.009476243223327978,0.018338889694778666,0.021783422627977316,0.019415077117043995,0.014939302948335833,0.011045218855076092,0.021760160506188796,0.009684228636197617,0.02022916406708625,0.020734727352232106
1395,0.016476072753492634,0.018073517994000546,0.012261113483879016,0.019909588362354833,0.009399881421702953,0.018290416275309716,0.021696960469670897,0.019355780739579817,0.014887209873384611,0.011058940286177908,0.021721038185814653,0.009603848552728764,0.020184360741964735,0.02065326377350418
1396,0.01646413013935398,0.018015841904533286,0.012202997770406232,0.019887345999950914,0.009348831626746332,0.018211579924445453,0.021607494052430613,0.01933234233498532,0.014835840752361794,0.011011841601477756,0.021697685318183984,0.009552966283849629,0.020097149135524045,0.020567146525979418
1397,0.016428206624979104,0.01793777560696981,0.012185809431677084,0.01983681510326968,0.00934855248489879,0.018122489883260956,0.02151581363043379,0.01929271077873141,0.014787507371946809,0.011013033653194233,0.021649537901026607,0.00956245854501318,0.020001438673615875,0.020485751564420212
1398,0.016345039302806463,0.017909184147918672,0.012172628616021315,0.019795667110132184,0.009367509847849934,0.018042925948305442,0.02141511128352273,0.01919207998116002,0.014786181060171197,0.011003975533932328,0.021604187795963507,0.0095861723179308,0.01990784730284799,0.02038347138665313
1399,0.016260114595684313,0.017864309526040432,0.012068283878565537,0.019734928153578458,0.009407158513841227,0.017965497689747516,0.02130985842681774,0.01909570195695061,0.014762974136351071,0.010895739155064614,0.021540119927293464,0.009634379800161316,0.019820683382506626,0.020283978242096126
1400,0.016202569852546325,0.017812110382343014,0.012023914289996523,0.019624869389676405,0.009454819998112714,0.01790504282077402,0.021235947827743705,0.019031658386432507,0.014731270991087697,0.010856545866097219,0.021425409772282977,0.009689028985523922,0.01975944044026532,0.020222147527999078
1401,0.016177119400327306,0.017753934727714568,0.012013066442524478,0.019578837019390238,0.009480121699398514,0.01786735411594948,0.021184923787650772,0.018989300422949027,0.014683033130698724,0.010846584013487521,0.0213770791744216,0.009718540674908068,0.01972197854792968,0.020180572463899676
1402,0.01613926231855763,0.017679387612022566,0.012006538234847864,0.019493004502320666,0.009441652052890721,0.017805354722092825,0.021112359312839956,0.018943472338862948,0.01462161859539521,0.010839038034492569,0.021288506980870554,0.00968105926069598,0.019657747777422126,0.02011728541202963
1403,0.01612333809750899,0.01767588143368762,0.011978889460129696,0.019395134643297115,0.009409248426472245,0.017720317393607608,0.021074990501732005,0.018920618846359507,0.014628422521447764,0.010816490449316285,0.021178120118377507,0.009647065661022029,0.019559149692406016,0.020081680031206427
1404,0.01608329143793522,0.017639249880072032,0.011938577954618048,0.01936534049403086,0.009400469331092573,0.017662917896879144,0.021021322722986957,0.018876732344015122,0.014612002485216536,0.010786278476882214,0.02114990433219538,0.009641527342341498,0.0195008083068412,0.02004009601411562
1405,0.015992740137331495,0.017609858676453625,0.011947664301342096,0.019276751659801385,0.009354778039034397,0.01765992058267277,0.020919250499883045,0.01878436255070571,0.014596976012757277,0.010807496029727295,0.02105513670395314,0.009594136679280567,0.019495560220697414,0.019943716869574264
1406,0.01593957871580303,0.017604325971212236,0.011939474182804234,0.019252077883176916,0.009341722842040687,0.01764352083410634,0.020832284907167334,0.018725624041446568,0.01458718415237322,0.010803153748008878,0.02102999995250913,0.009583931798356492,0.01947400391477059,0.01986006340115783
1407,0.015902841445548536,0.017531914777874368,0.01193377378150432,0.019278725914232263,0.00933715547293181,0.01760718774989088,0.020704305450796007,0.018681192008264322,0.014516743557929524,0.01080383875210419,0.021064859197170122,0.00958251531485711,0.01943854493487207,0.019738746822768043
1408,0.015855341029960106,0.017462751204232612,0.011886616589706247,0.01923644062223799,0.009304817004198298,0.017552929660790372,0.020551335747209243,0.018623296124921793,0.014451662577303726,0.010761136878158276,0.02102008065216015,0.00954733237093807,0.01937718985899203,0.01958563520130365
1409,0.015796530976913525,0.017371200538404286,0.011754762832738892,0.019218858634710536,0.009290328348671238,0.017442889331620845,0.02047957813934437,0.01854655723820883,0.014362909157072511,0.010626422857870845,0.02100467613839357,0.009535136756560642,0.019257049037943275,0.019522203783595447
1410,0.015726967247470965,0.017300112807794733,0.01163217334749679,0.01921206162962847,0.009264513721684657,0.017344177097785407,0.02042649328399296,0.01844739963773306,0.014318141374686824,0.010509670394378608,0.020996413383305733,0.00950508208260633,0.01914909828014035,0.019477232771123728
1411,0.01573441926294072,0.017266826855612975,0.011551383708200053,0.0191639232799255,0.00925219824869016,0.017283547446185626,0.020412455158372065,0.018436901268926446,0.01430615365531754,0.010436424702649683,0.020938792193715625,0.009488190473073001,0.019078693395771628,0.019464812683478206
1412,0.01572719013850169,0.017215574717171774,0.011500793705932363,0.01910058357973096,0.009238653901215652,0.017211812284679683,0.02042626191850132,0.018425640881326068,0.014267276222553523,0.010396288009357327,0.020872702891746385,0.009476652254595397,0.019003742473421847,0.01948646720026252
1413,0.015666976477312737,0.01722616414487897,0.01145905473284216,0.019026009401733254,0.009192052868499572,0.01713977560692402,0.020347675351514855,0.0183524148797744,0.014296474519692686,0.010365688153772352,0.02078905267451064,0.00942503089785818,0.018923042730623087,0.019405785893977696
1414,0.01565620281406409,0.017223589856824952,0.011452914160263727,0.01892495292437656,0.009155952800630817,0.01708094089936989,0.020249499972646016,0.018346034069572574,0.014313537258057982,0.010367457143195152,0.020681062142965438,0.00938831801857384,0.01885949882307573,0.01930874813187499
1415,0.015587135416575715,0.01722059858342485,0.011454864661596302,0.018853555598762773,0.009121761588261602,0.017046981706180755,0.020183185844885623,0.018273871180042152,0.014339241257747909,0.010368939047764104,0.020604695302874326,0.009354731782688537,0.01882418111218336,0.01924660439350714
1416,0.01551097607588057,0.01723372494400592,0.011428840806797515,0.01880944020793549,0.009102581949330269,0.017024884990187557,0.02010212835553263,0.01817360232727011,0.014368682599951804,0.010336179657167967,0.02055350185487764,0.009334920378547527,0.018796321784685845,0.01916731510572578
1417,0.015501532451239714,0.017134521266714976,0.011531447956272808,0.018934158813284124,0.009134365045282882,0.01699216081684696,0.020090809095923066,0.01815777538915252,0.014265676778992702,0.010432294400566864,0.02068621144760965,0.009367967401103109,0.01875745206105236,0.01915928109782407
1418,0.015454108721496341,0.017092820162429696,0.011544756384264648,0.01891822543262409,0.009117066586862302,0.01696096962653363,0.020084259400229246,0.01810596537112379,0.014230418185833734,0.010450519485173443,0.020669679492871025,0.009349427463906781,0.018724930785717894,0.019158248294779516
1419,0.015360914164407342,0.017044214797507475,0.011527434052894995,0.0188094720713525,0.00906065544236458,0.01690270125332619,0.020126859769525458,0.01800340891919477,0.014164517169363988,0.010439682319688804,0.0205469454613624,0.00928350761596008,0.018657086108878996,0.01920434207589135
1420,0.015319711515935933,0.017001661163275585,0.01152353944912972,0.018751778246266813,0.009025977134366786,0.01686741585503214,0.02011012653801568,0.01806974350482032,0.014205014186383782,0.010503139366696666,0.020598680759826734,0.00929601109413769,0.01872318532097427,0.019296947133981807
1421,0.015304148316065563,0.01700967592769874,0.01144480147434211,0.018593176935154953,0.008964712058848122,0.016851196725958643,0.02004680034570268,0.01796886129172091,0.014158707730629218,0.010383661198329472,0.02030593575416255,0.009176601098412448,0.018598709197073866,0.019117353392430182
1422,0.015286948335198768,0.016988266872861677,0.011362043259879853,0.018525036877623288,0.008909052965705634,0.01682300003740207,0.020019243646743314,0.01794978746654845,0.014147688618756326,0.010307671971290209,0.020226717431162406,0.009113229314007695,0.018563454533983937,0.019083979884117988
1423,0.015304750831044163,0.016905577707993242,0.011303245462682679,0.018600353605598495,0.008885793693956359,0.016792093200223894,0.019981173228141164,0.017977901592188483,0.014075322165505751,0.010251277215367775,0.020312766295956883,0.009086780508508079,0.018533372160707214,0.019044523626761848
1424,0.015273206414318405,0.016873162951030283,0.011264401594485217,0.018597455220657453,0.008862814164846992,0.016759645186758775,0.019944771387982667,0.017937526016662327,0.01404594870458106,0.010218538258372037,0.02030559017455127,0.009058638893258574,0.018494216508425535,0.0190053226159955
1425,0.015245732342591812,0.016881546137057887,0.011233498180790348,0.018565759170189693,0.008815002574709248,0.016760815021625762,0.019939927770220776,0.017878329553633127,0.014053462813103117,0.010197591631937286,0.020271449413462424,0.009005376430973646,0.018494636762062606,0.019007858947896798
1426,0.015214726439364314,0.016901056364061733,0.011189088811017569,0.01852946809441216,0.008824485539273032,0.016737621496933894,0.019907596918808827,0.01787881609062207,0.014111230440693814,0.010180976561204508,0.020285412345789657,0.009038011117038367,0.018515456239267838,0.01902931725284532
1427,0.015117669062255132,0.016954888398104228,0.01111971473288239,0.018435330026789775,0.00890834054824995,0.01668444874896635,0.019815150054853323,0.017719340280067504,0.01413534357654349,0.010086169358656782,0.020130461865074636,0.009105565454035939,0.018403482754217826,0.01889274313858177
1428,0.01508401127474279,0.016982951802254873,0.011090720692263798,0.018411708312565275,0.008892965228217354,0.01665015097646113,0.01976440985599519,0.01770489576503858,0.014193469613903593,0.010072699938708995,0.020134545002549267,0.00910036640114816,0.018390007461000425,0.01887310561585217
1429,0.015079724375962422,0.017038334540943063,0.011037253256073742,0.018445994854709505,0.008823383722230642,0.01657046232944192,0.019755371366419416,0.01767886393095113,0.014237500308865269,0.009991203290131973,0.02013871739734138,0.009005754144982406,0.018272977294790785,0.01883595436273909
1430,0.015032497906073344,0.017025447927151625,0.011008144411643588,0.01847886385775318,0.008806236304792317,0.01654864747384293,0.019737990095835593,0.017633021257194778,0.014225837098840332,0.00996494308204227,0.02017122869444157,0.00898245825234983,0.018244844709515033,0.01881744551102334
1431,0.014996044267591878,0.01695886927503266,0.01109898065186323,0.01856750799393616,0.008760665694026374,0.016574512873534657,0.019730070944339477,0.017633211945338755,0.014175316533234497,0.010097338490865762,0.02029828907623658,0.008942545619637775,0.018299046933750902,0.01883895683848455
1432,0.01500568747533025,0.01691927662665628,0.011103185198866578,0.018590936270730937,0.00875666703905288,0.016599947893489172,0.019701676399792988,0.017642494714878526,0.014132811371748506,0.01009451385145553,0.02030896000300112,0.008929309691993202,0.018316056301495846,0.018798684475635125
1433,0.015005002848642764,0.016821047746629934,0.011041232645594834,0.018588651721592995,0.008843693768836397,0.01667500740994066,0.019672564082002353,0.01773027957300828,0.014106201059130219,0.010064985901822863,0.020397305409191217,0.009063396516230015,0.018481799298522845,0.018851510936840073
1434,0.01509574425610217,0.016824127599834465,0.011061540577927917,0.018496270027922344,0.00888768724510296,0.01668025862696593,0.019675264559594695,0.017798469224496176,0.01407457020468682,0.010019784314207587,0.020231316889772415,0.009082353232357215,0.01842615844431942,0.018794489372898654
1435,0.015142241890211803,0.016829564021120038,0.011091761098842932,0.01840435781307935,0.008856462652142162,0.01674028006300195,0.019670025387169877,0.017844533876902307,0.014064965748801863,0.01001085960592521,0.020106861425816153,0.009037662392628792,0.018471051967099136,0.018764058172489106
1436,0.015126523046099351,0.01683074047656612,0.011233030257504259,0.018328614724108256,0.008842304171887087,0.01672777759210655,0.019769775898927224,0.017846175327659683,0.014070509598951389,0.010147007533124563,0.020047509403353012,0.009032047477578867,0.018475621602958167,0.018881077793238055
1437,0.015080812234055382,0.016839227559795222,0.011208083899074258,0.018248100399930585,0.008883309216703595,0.016645628425475907,0.019841067043244152,0.017771175128229157,0.014078109040686326,0.010120178935525527,0.019943449734200976,0.009067406310571714,0.01837640319804536,0.018947057498006778
1438,0.014915548168295711,0.01677470117671196,0.011142372862399734,0.018326622188025797,0.008927498942206699,0.016600452998327728,0.019940940419954957,0.017641341580759192,0.014065291035991403,0.010130046252545223,0.020132148027511416,0.009157437273447777,0.018429434580322007,0.01915543705644783
1439,0.014885822675801645,0.01675853630984199,0.01116558099633861,0.01849750182793312,0.00893097667367564,0.016525407524312714,0.020028434955950265,0.017485032154905048,0.013956137855806317,0.010100420136322045,0.02020687608441347,0.009106464887162337,0.01824824444334316,0.019135147442013323
1440,0.014997723479526718,0.016848760842886907,0.011091407667910261,0.018616674565024343,0.008870401587373403,0.016481011409635316,0.0200127987534481,0.01759410411890663,0.01406377412699212,0.010020933879962479,0.020316709141170123,0.009027217320908,0.018185216208125094,0.019095824321491463
1441,0.015078546160418156,0.016978958207582363,0.011023984141078852,0.018763196522975256,0.008871543918504081,0.016522231426588155,0.020037666135095274,0.017701062290384036,0.014211293552725395,0.009972814255094914,0.02047776994047569,0.00902260548450677,0.018228342890357397,0.019113666349708812
1442,0.015192313317749522,0.01702455663612184,0.01112415105189624,0.01875711750523232,0.008886225568044005,0.016607910760895676,0.02004414605625121,0.017981868289732483,0.01434174737897122,0.01014351241981439,0.020588252642886908,0.00908488654927069,0.01842208610597127,0.019220652606170962
1443,0.015222705120439247,0.016999156539209453,0.011200857580177585,0.018621836531126333,0.008841964380352384,0.016696910821091617,0.020054561905073147,0.017907828375656035,0.014206316399385507,0.010170222211033158,0.02029113801299537,0.008970735083063756,0.018385563091009437,0.01909796194924311
1444,0.015202024157435294,0.017064883938649484,0.011042897401207558,0.018592902928018448,0.00883774071968223,0.016662045611088232,0.020120450138107024,0.017891487611040396,0.014250100952783708,0.010039858498845885,0.020259803381253324,0.008965590574815567,0.01835100580132733,0.019190214925409003
1445,0.0151911133855216,0.017117605153292966,0.01112134141358575,0.018456459086744308,0.008814825606933871,0.016614642384134567,0.02008425151285317,0.01787196598694125,0.01425056922397218,0.010122122858598863,0.020096625127022837,0.008932263762105024,0.018289598057488428,0.01916109744950484
1446,0.01519731599983769,0.01719808595788622,0.01121970035833045,0.018336811281047947,0.00879301204367066,0.01663656370879474,0.020022020554247053,0.0178158527058087,0.014314989898504101,0.010224941966410809,0.01996256680124897,0.008899360924556655,0.018304665686633127,0.019085744114317012
1447,0.015246926457465521,0.0174736906233558,0.011042876791567329,0.01839169721763795,0.008773203187632002,0.016547805156939092,0.019880268806879636,0.01784185263078808,0.01463987829942297,0.010037934152330024,0.02002054876533545,0.008861490537555536,0.018201858640200096,0.01892987890151676
1448,0.014962386160242688,0.017509590477167512,0.011153258614272351,0.01829232540210392,0.008733859166641909,0.016564718722904177,0.0198817371512427,0.017561312679894577,0.014651322503718556,0.010112150206897983,0.019906272731748467,0.008808373410847132,0.01822833860084244,0.01894109131428187
1449,0.01473801238894802,0.01740291969703558,0.0111885049290194,0.01830959083107993,0.00877654880378381,0.016842294989912625,0.020210210254464376,0.017349745269098975,0.014504150128073089,0.010148034513753151,0.0199280177895717,0.008849447465542757,0.01854639208236779,0.01926643740947933
1450,0.014861814095662127,0.01742213530791202,0.01107680466237942,0.018604831076273573,0.008594598945554938,0.016782416910851077,0.020443580285915093,0.017507295030547206,0.01450884896767443,0.010030177030750664,0.020233311508894364,0.008641356730073001,0.018475451355691227,0.01949866957240835
1451,0.014963251775179398,0.013766499918181782,0.0100387500046224,0.016389845071291553,0.006212739368045902,0.015364083958917783,0.01935003964563903,0.017737329993045798,0.010848138582117587,0.009410167130405,0.018344280165877462,0.006772507392387183,0.01778722883350001,0.01917375991311108
1452,0.015114320185914692,0.013646656561592693,0.009953819041174702,0.01663425515458624,0.006199204925051756,0.015283766690208105,0.01978928248698313,0.017936755801357118,0.01071660410479581,0.009382905752454263,0.018621068961964683,0.006762708203350313,0.01768935925613671,0.019669501615445565
1453,0.015277937627443953,0.013619408378009125,0.009949583066846974,0.016666630422187956,0.006108025612935507,0.015199504978462335,0.01990524686666503,0.018145646468728783,0.010694877208440418,0.009410094820974704,0.0186588104597334,0.006660688045423438,0.017599129380053164,0.019823662147896604
1454,0.015611545285700877,0.01390819418430688,0.009972430309488838,0.016573231013796957,0.0059611310370319675,0.015118485320907874,0.01957329799027978,0.018446985651730544,0.011135174451728506,0.009406722759692482,0.018543041928563323,0.006487213366028925,0.01752098959658346,0.019504083644325626
1455,0.01577905794119724,0.014037936671488789,0.009995066646906824,0.016567098792788754,0.005906712860915028,0.014971833224324795,0.01947668905480651,0.01860746838822673,0.011288347906947157,0.00939719861438511,0.01850249298839066,0.006410360244683976,0.017341312441236947,0.019409298597995787
1456,0.01583775097564938,0.01405591016503003,0.01004808592450111,0.01663343906156571,0.0058414356499634345,0.014731685243093384,0.019198816617147143,0.018708815730602006,0.011184814409553838,0.0093713039399381,0.01850121432480329,0.0063021902446051365,0.017064763953045386,0.019128152920079793
1457,0.0159213484847821,0.014072422304324391,0.010070689092810397,0.01664771500321117,0.005917503538451558,0.014711781185021266,0.019255732725295897,0.0188434659396675,0.011153043190198874,0.009343275322388699,0.01849822035222926,0.006370962262683301,0.01705013293784175,0.019217975255310164
1458,0.015613730969903875,0.014094172473237365,0.010127520393542096,0.01661850134549529,0.00606124478135376,0.014853788501302964,0.01981111514948765,0.018582810410101454,0.011059377919596184,0.009304756009954248,0.018460390231072377,0.006524831525576003,0.017193699148647334,0.019782616281692204
1459,0.01573178138530543,0.013952273780881144,0.010054947399339131,0.01669228764417161,0.006854686727021728,0.014827730017298011,0.020108164498579273,0.018736304931067035,0.010775045881597847,0.009165969696682858,0.018508154415402624,0.007376880327464734,0.01712424039335234,0.020094266081245895
1460,0.015729824562669036,0.013789658226325722,0.009964991422936808,0.01662392843229366,0.007108029110843475,0.015007570146181329,0.02031777133562685,0.018752266949424327,0.010547942140852421,0.00905952615088595,0.018430230723706732,0.007649699655941594,0.01731576664393556,0.020373208528884194
1461,0.015944812557398762,0.01334035185490562,0.009651195408178201,0.015940069970507786,0.0071502884128651694,0.01571334851645193,0.02112889849786093,0.018910350213878845,0.010133698977532057,0.00878488925227455,0.017710269436742,0.007697188676018631,0.018075486126352326,0.02137647761122341
1462,0.015906357168637947,0.01316666871001415,0.009849457530087983,0.01612214554948995,0.007245201416566641,0.016070010315784714,0.021312307513899335,0.018849252159534348,0.009904121616763444,0.009019841571912508,0.01790762223710338,0.007789809947545039,0.018479428919845223,0.021604647719399937
1463,0.015543223967443582,0.012980538884970645,0.010756821201029913,0.017173902061732343,0.006955951750862886,0.0163819610860856,0.01990057636062576,0.018340875404977534,0.009577709691289864,0.010086253216912719,0.01904233897823171,0.00745483020582348,0.018890294931390935,0.020162120706920583
1464,0.015456658407509817,0.013011315540615052,0.011446830225050329,0.017910178510314265,0.006877255010031033,0.01669812059339321,0.01964791132630353,0.018313013297602394,0.009676870267039983,0.010881450620690862,0.019817973710094933,0.007351025054131447,0.019277324871518352,0.01988364926419765
1465,0.01502661089452149,0.013118451889883073,0.012531701106116483,0.019996895848617788,0.006618247618087524,0.01687069061493111,0.019793417505083826,0.01836164437548394,0.010001951961599137,0.012068076639077788,0.022047697101588503,0.007063601604257281,0.019585319280161637,0.0197367379494153
1466,0.015345610600833023,0.014035438397158203,0.013415700897715911,0.021246309899530122,0.006407569525712714,0.017032217573965003,0.020080356290463706,0.01884660130215819,0.011201859792194438,0.012966656629312373,0.023347391761168835,0.006821122931835255,0.019847821360762626,0.019917470965887592
1467,0.01588863155233014,0.016211346975715205,0.012906702262707676,0.020897457612095834,0.005586140175775697,0.016444907880466184,0.02051223944466976,0.019436979167788297,0.014020105988054114,0.01243177245538849,0.022838233935369056,0.005962852120686056,0.01920379892725528,0.020357893531230766
1468,0.01766885330513394,0.018076792107458935,0.012296780079327526,0.01970251759706377,0.00700666085865503,0.015930034269398728,0.023320837961139342,0.0212578134686253,0.015967898703607236,0.011791366631857012,0.021508375094352966,0.007506067953921703,0.01860061719553101,0.023475126469627787
1469,0.01771489724844172,0.019816913274187938,0.012066133652351667,0.021281920294137453,0.007427097661624628,0.015652421692991518,0.02520968143326956,0.021292872443144876,0.017884923521751302,0.011323393319965947,0.0231946381607735,0.007934933922582908,0.018318559333451757,0.02555716493769252
1470,0.01831576013295812,0.021866318878040997,0.013557960696489759,0.022342726089322855,0.007138120486322802,0.016618994128989848,0.027559518290363384,0.021826665124588307,0.020289180136708444,0.012834223802803035,0.02431936322996438,0.007535620643713379,0.01933053585980863,0.028171798558175348
1471,0.019211999425090824,0.02245014930727911,0.014337382473246466,0.02306118392404359,0.007586305506840082,0.017181617732436042,0.02901472904452611,0.023028632362222093,0.020911109172325415,0.013610446710399408,0.02507134137075222,0.008016872861815981,0.019932706419537996,0.029791642759980846
1472,0.01950792071244154,0.02024758038526562,0.016004732206587314,0.025562102051818955,0.009239111967586672,0.01913864853933817,0.027791453817215206,0.02481231050366039,0.01891637791411037,0.015289246262143391,0.027733734190595275,0.009825577534051019,0.022126855328755836,0.028245628344177244
1473,0.020919542961724297,0.020866795053436107,0.01767019832954118,0.026499407036206565,0.009919448112712672,0.021354510531981175,0.027245441759978475,0.026733007734662403,0.020074658298367083,0.017028255470342164,0.028774011738364667,0.01059572610960937,0.02462544760405961,0.0276688098252038
1474,0.022635971456449966,0.022245497117735567,0.01877604345022479,0.025801979056698905,0.00952754021646634,0.02384156837082317,0.026883282504851044,0.028356589928868758,0.021770947797383523,0.018374771750223222,0.028143842907244174,0.010255915475150569,0.027460238275953598,0.027904009622746917
1475,0.025952748191738227,0.02367101069745908,0.021194842678457324,0.02589860165907443,0.011263193393798946,0.027581501150718824,0.027764103280013074,0.032270239767622576,0.023499906908272097,0.020810128054314408,0.02833493133791667,0.01211755888802866,0.03178032164823323,0.029232295559501856
1476,0.030882899146502774,0.02377237896760979,0.02569918141463011,0.024367053624552514,0.01345393194558357,0.031597482567249514,0.03109953924270272,0.03816391995496851,0.023440362080633867,0.02522766929791513,0.026854779065681778,0.014505088567951938,0.03642139813380314,0.03327988952228281
1477,0.03901044772853004,0.028127071764160454,0.030387694588668003,0.021810168461715372,0.02243478747590897,0.03648379948628019,0.038464164424465326,0.04689352873525819,0.028359261458134857,0.0300879029245873,0.02447799860391468,0.024540895203671916,0.0420593605261245,0.041387467642533385
1478,0.048249381542566014,0.030239709757212265,0.03825954580060347,0.02933142759871599,0.02977725006131206,0.04362745325624816,0.04111348930260974,0.05694696006581467,0.03176318082728199,0.03701562714039044,0.032379053643427,0.032752270169860515,0.050212910558783914,0.044591660065142036
1479,0.06463041710731106,0.03883951425897402,0.047168988690715286,0.04572779654822107,0.039297445613040945,0.052388359185708624,0.04212845991961401,0.07495943428614038,0.04212262100831595,0.04533143984176564,0.049763299122472716,0.042765033672675645,0.06033893733342657,0.045629245486170034
1480,0.07673703963818276,0.050324043216612394,0.05768286780734672,0.05691866174655602,0.04965032685811637,0.06006529225384912,0.04777608496388833,0.08627818941046062,0.05347510935234274,0.05552120402170517,0.06288224977518973,0.05508303028837127,0.06957468073861035,0.050814242938936514
1481,0.09651054245364635,0.07395348423303558,0.08756640284574448,0.07479644082550554,0.05936434487619031,0.07277278041737852,0.0781667748520525,0.1020779555811424,0.0764530625832186,0.0843829641495286,0.08356644705182016,0.06764431622144222,0.08417520339244848,0.08367736014108337
1482,0.13094128120796686,0.09712585876868006,0.12381169503136018,0.10418942759046589,0.08272971636951962,0.09678400400604428,0.11421925289096278,0.13380049162435353,0.09874285986216183,0.11955937166900232,0.11712630235515152,0.09548176007328597,0.11240586721051667,0.12305116205481026
1483,0.14276919458158702,0.12265876197661774,0.15257177457135798,0.13825570371299728,0.10553841994977632,0.12340454815173967,0.1432022076524922,0.15046069125722383,0.12644586319853252,0.15032891182112723,0.16537984790615784,0.12613078327431443,0.14482336935115767,0.1535377140840159
1484,0.20729747242655183,0.1791042234495484,0.22378984693881693,0.19281778009039424,0.14269734653528005,0.15789457324740297,0.19324639551515158,0.2215608164168512,0.1830847249514387,0.2174748684244493,0.23333585772252838,0.1751549688593974,0.18883927987052274,0.20770398766380993
1485,0.29277656868292934,0.2637222010182259,0.3377667313627654,0.26508297169328116,0.19953170692878014,0.17514373088775465,0.23729914634051272,0.3537151753936415,0.26467511178918646,0.30187251403238236,0.2888412077571419,0.2210037686801298,0.21009076919042094,0.27439707217935666
1486,0.34147120008153053,0.3288196364913529,0.43540028378869267,0.33685536101965347,0.25119757820032707,0.1952284936508191,0.24915518180463295,0.4398985277580748,0.31706519091862173,0.330236824365579,0.30416090736368895,0.24583329382206304,0.25173709650095744,0.31354779301385743
1487,0.36869817190198784,0.34903525380551165,0.40512247404766466,0.3663503768038166,0.27318419642321307,0.2415293401868159,0.24281962174481164,0.44743073613104184,0.3154668006429031,0.28711519605085734,0.3164449175814945,0.2677515775122296,0.3129519098763389,0.27936731390324
1488,0.39156589648771856,0.32696569425361616,0.4310267084484936,0.4125079102001049,0.3163210892461897,0.23794625798920888,0.2764844378458046,0.41167739510040213,0.2729321019470908,0.29683070002281287,0.35544699931932894,0.2899952565436626,0.2627924995731837,0.28645649772670073
1489,0.37320586055646704,0.33171640024737664,0.4525851005861626,0.40621824072548623,0.3330842584553209,0.22401206913116242,0.30879984938103433,0.3455356028997874,0.25330248878549594,0.2944315142567403,0.3388825440714352,0.31051453481836366,0.24557895961438314,0.32309708274761384
1490,0.33422556868640846,0.29418337953824275,0.46022432252554507,0.31872430641663574,0.3057488846792025,0.2192870106490865,0.32151806416843304,0.31618351948954504,0.22132421646981495,0.33642760764837765,0.3044112981665757,0.2953776937807324,0.2319198541077514,0.3337839376362215
1491,0.3269452147971592,0.27627203703807424,0.4591037079245162,0.2775628354908395,0.2760192550503755,0.21035858564136214,0.3131473528994878,0.31572712957969895,0.2107962339174936,0.3416051464680447,0.2732557583474187,0.2732405522488211,0.22345768259867285,0.3272677819403233
1492,0.3048289314157791,0.3046009105084346,0.45125280606844637,0.2634056123669487,0.22827033974517125,0.20818659606522086,0.25351041895266024,0.3279030232931171,0.2492359138790058,0.3348328869290612,0.26433636285338297,0.24872594669012765,0.25963219565232637,0.2916569629284681
1493,0.30145025537108266,0.29812971091166324,0.42042539624578007,0.27903281273778946,0.2282876928311065,0.19350991253882732,0.2365765264698149,0.33160474332339396,0.2478938228066288,0.30280152667432486,0.2759591815174452,0.25806294860197776,0.257068824394752,0.2859075060792815
1494,0.30553216147155043,0.23226351127446965,0.3805218028020888,0.32400326056595363,0.25313507764130366,0.16862672405931492,0.23455927252754408,0.3408645186084755,0.19918384792319788,0.25577154358114534,0.30045301395506546,0.2833508775480309,0.22514385562478273,0.2921747204302926
1495,0.3037714043129847,0.22728933163037485,0.38762089010737505,0.33913645799963765,0.270458442225352,0.17408083651604772,0.25209200851287067,0.3351689462103709,0.18980193873614998,0.2511707612018417,0.30001404852572977,0.2934125533709166,0.2257977529088416,0.30466367505547465
1496,0.33158376411265783,0.24266924061984352,0.3937183922164287,0.3382002605892697,0.2683689896919175,0.2140727306890428,0.25474828957375517,0.3341853304386401,0.19102637009056073,0.2389802314949289,0.27790788802742156,0.27346386060103994,0.2633996065133539,0.29479691915737793
1497,0.3273917047878648,0.2947894361400831,0.36210096983419804,0.3206106463585057,0.25197668799352074,0.26150294344774044,0.27978865264007224,0.32563914821604506,0.21751542112664415,0.21344634464167042,0.25369470527213006,0.2411019994782954,0.2909360416218779,0.30516355589840577
1498,0.29097471054649676,0.3290620968746845,0.3978815871862527,0.30070007872203786,0.2632995435901886,0.2636583324891871,0.2966778433411704,0.31863462017884875,0.21777707326148169,0.24125590721828763,0.23920179063976632,0.23417362328437624,0.2631858016570714,0.2904270738972789
1499,0.29738311694104413,0.30387737252203884,0.3921422735588095,0.32211281908395084,0.19421065777818844,0.2840521095886397,0.32416373968818346,0.36056639236376997,0.22258855971663616,0.25643051581078946,0.2662456991854905,0.18008995278438433,0.2727959918255149,0.2843339127348479
1500,0.2831294972641452,0.31764018647781234,0.4385995865606329,0.29963187574927996,0.1698428580916417,0.23209170006107357,0.34718848088048365,0.345925446290084,0.2600482634620623,0.2951952057361572,0.2549604615072198,0.17360261156451007,0.23496121072913037,0.29987056103143916
1501,0.3110739249391656,0.33034444147197717,0.45026515392850897,0.264871908500401,0.22750182377946115,0.22836674670728563,0.3353226266187249,0.4077040552751355,0.28923198911513043,0.34144055796265477,0.24469959050184775,0.24151751462827006,0.2547140561141055,0.3052851704790865
1502,0.3226394715855812,0.34108428049420364,0.44287920092702115,0.2582170587476132,0.2710260443639445,0.23169651446225734,0.31395370802675493,0.4010424698604474,0.3010956044747678,0.3492694870931807,0.24040031812990026,0.2874724640076177,0.27160091551211857,0.2969995043615631
1503,0.40732382230736647,0.39557495224258304,0.4273456344558965,0.28986188668863916,0.34386114592042827,0.21135225310905173,0.28763477733869214,0.34982035409875606,0.30648975213344837,0.323344060658716,0.2576087894378673,0.3506278443865032,0.28311679954664853,0.3166015131511813
1504,0.42578616048634355,0.4433452180477336,0.4290574018257796,0.28923234579174245,0.3489752357450069,0.22001250090628904,0.2894793761475566,0.3397646220049241,0.3050259304345245,0.3164097224339476,0.2556470914158438,0.3562350204162233,0.30071577407491523,0.3272205676117775
1505,0.44896619067986093,0.5521281787650908,0.3968669999463188,0.2641282175967253,0.3196842799611934,0.25415783865495434,0.2817847065607841,0.3930288583102351,0.31041225261215843,0.2897252290127358,0.22680057952592764,0.3172890060251609,0.33821988696596406,0.3136750737302591
1506,0.5142205481052188,0.4867579701336087,0.4629090719866702,0.2833238211900827,0.3008060353417625,0.2673136095462532,0.30292901837968683,0.4566193205694612,0.26324942998694323,0.31077767090400066,0.23190313009695077,0.2831436887676982,0.30392931856624766,0.3058028747528541
1507,0.46990144664534667,0.4141298555204247,0.38757878735883516,0.3098368146010732,0.29357490783742163,0.22893269227720658,0.29547504387412665,0.41998354703805935,0.18976883689460775,0.24782182043400014,0.2932694065881422,0.3059088416701175,0.2536518140797267,0.3015051371579582
1508,0.365966826558571,0.3313029202944114,0.3413251297029494,0.31277397537704604,0.30754097220451143,0.20141096068482997,0.28900055280548365,0.39853591553722323,0.18570700256717476,0.22455357245498872,0.32071819273700153,0.31797702234443487,0.21475171712135901,0.299237326898887
1509,0.3402213013071096,0.26379441626401806,0.3203688620914545,0.2868582189354667,0.3325141012258423,0.1834154778372258,0.24862468736794857,0.3827992479687633,0.17506729265657367,0.1970421502173835,0.2889842874283497,0.3172123037898728,0.19904640551330274,0.2749907548434281
1510,0.3701400619201802,0.26919580662138043,0.2899523874722143,0.28528226523298167,0.3063943427337995,0.20485748823478658,0.23528208145293586,0.40725464176827847,0.18885693598292838,0.16651715395350675,0.2782891653736781,0.29165683497532047,0.25248830732376154,0.29390950396663706
1511,0.3324710153344471,0.24381756536265092,0.26805638288959893,0.2238046211540327,0.27045315693229727,0.21350436076004004,0.233413682795984,0.36828723217836035,0.18362646887856432,0.16221029291373829,0.20400609062088876,0.2528091867553999,0.26773807521361714,0.294587126329996
1512,0.30168373833699,0.21718853576011557,0.2701188146576173,0.22072982137137956,0.2728091989200633,0.22256705114830277,0.22997741980737466,0.30073620560873193,0.16372688608843264,0.1699737498450882,0.19555706567990344,0.2371028755875611,0.27401533056133254,0.2935316672157474
1513,0.29882532761494746,0.20479312364625782,0.27557877878589343,0.24266067498001528,0.262442110669225,0.22325441534420354,0.21590763978190747,0.2800369127210345,0.1570278103500841,0.17849449776735066,0.21515654137955512,0.22691068584190777,0.2652968407294468,0.2742476325845484
1514,0.3270648505833038,0.19826694772372674,0.2877040535807861,0.28231572959671086,0.22130640440425653,0.20559604813942425,0.195667290122673,0.26832553392015024,0.1521488205455385,0.20907857609310082,0.2810882614105897,0.2033360483833784,0.22184437878618707,0.23875900598208602
1515,0.3412398087782404,0.2100260833324321,0.31610269859118717,0.2858639173690987,0.20950103282667018,0.19393465285333447,0.19933123903461977,0.265906249930061,0.16509021489414144,0.24321160593075586,0.2953425636719023,0.19582718376547,0.20306760639819102,0.23970091410054417
1516,0.334796478077959,0.24344768268741507,0.3691898066828915,0.271338485088675,0.20815119078141237,0.17530063964535864,0.19291296842116853,0.24802160516381863,0.18931049229208924,0.2910338158701012,0.2882672120470428,0.19838543434768058,0.18017077584978644,0.22909844437948704
1517,0.3766753494599991,0.24875604252496106,0.34807811764687635,0.2707853743876481,0.22185456313853721,0.20375966146346558,0.19156095913401683,0.30125821310655226,0.2069168665134113,0.2685928602517579,0.27942998964775784,0.22416651616450178,0.20500367805447156,0.2161173081329443
1518,0.4109060320278334,0.2699771322955927,0.31415031223157336,0.2879988631976788,0.22384742683237233,0.2186326752181146,0.21238623531153536,0.37182623158454964,0.22671335599670672,0.23721990318521222,0.2863910453040913,0.23168162387382155,0.22628749448156069,0.24526600107473012
1519,0.4229046356931496,0.24680936030426168,0.29021068602171024,0.3074661137319185,0.21638582613811264,0.25122203304017526,0.21883716500503517,0.4392704998802033,0.2305893707969385,0.2371358068958588,0.3040850649552149,0.23328331499622745,0.2897052287959761,0.2646997789903175
1520,0.4085997629998153,0.2298464533424801,0.3244632047735292,0.3097397603852797,0.18906598791061405,0.29497627675051674,0.21696006237116972,0.4688836408322094,0.24464534516211536,0.27306937335220044,0.301616926766913,0.21416989621198468,0.34395954933418166,0.26848448911888556
1521,0.38497808919867876,0.2481426977160943,0.409073874242435,0.3513585829726913,0.16315730024866404,0.28389755226460917,0.2032634253371374,0.43928974891704237,0.2670565417527448,0.34789838440806825,0.33609353180990376,0.16965373501721542,0.33428877688544767,0.2616178765573741
1522,0.42543821450778924,0.22721391562237467,0.48183351400376984,0.36375394911311626,0.21078460106546984,0.21556890513433374,0.19029024760678115,0.4441342818851471,0.24505684649110984,0.4247813458045881,0.3365366818109341,0.21291895262405072,0.27929242740933724,0.2619733083605218
1523,0.4321320729229986,0.22037075939238024,0.41956169441555136,0.3177520492759306,0.23646810419254707,0.19433294976100438,0.18446260125619524,0.39893457960169865,0.23888089991210096,0.36982793603433456,0.28015873179072676,0.23147806281105063,0.259017713742222,0.27320671458807955
1524,0.3821214516884623,0.21068502284107873,0.3664566415545001,0.2831275706789825,0.22713070157627263,0.18090425407935373,0.17670156828944697,0.36380957265492536,0.22995291099062146,0.32139541613821443,0.2554687761176503,0.22367075477917703,0.2453484876538413,0.26225605533431806
1525,0.31694815145344307,0.20999121450221644,0.3038283771586632,0.21570411022066072,0.22897275130979897,0.17619348141172847,0.15344885894623056,0.33743216138996224,0.21654476525483576,0.2577760531889711,0.19977932952293975,0.22683684001604862,0.24483562104128578,0.22712612227724596
1526,0.2184020085537122,0.17403534183913894,0.2694256874884406,0.20762690617523594,0.20907625108879607,0.16505688524556783,0.13597219746222688,0.2624413631203919,0.18073908735611402,0.2182775577232437,0.20334754164566357,0.2405224417343675,0.2454112193206106,0.19418488840283946
1527,0.20109695911641431,0.20179296351284615,0.2530550477203049,0.20247766930003736,0.21037379930703834,0.14656724126952295,0.13362276632851294,0.24326192582965767,0.21278633486109774,0.20794640595634284,0.2138730608292463,0.2502409439720574,0.2050123100205149,0.17155385901528777
1528,0.1976887697633861,0.20336611999424506,0.27055735988281704,0.17116191831987557,0.20322345774410233,0.13299397045177883,0.15931127995350886,0.24147312025982764,0.20618777888449988,0.22221161757779942,0.1929301040348716,0.24238376565206798,0.1756613301260566,0.19106350193696375
1529,0.1882930622888221,0.17788388229188054,0.22190693165754966,0.1492649286907444,0.1634728161526382,0.14318086517803572,0.16112257628471904,0.21553075291306165,0.18508533791780157,0.18870621031036572,0.1701373697981804,0.194409789264085,0.17941654277533509,0.184864492287362
1530,0.1954095094284652,0.16991463404418886,0.18574072337025746,0.13385871258535606,0.14608352607362457,0.1506527648136546,0.16394621860549036,0.2061241422637013,0.18121624262326966,0.1694309017687379,0.14892754729064883,0.15617009827761527,0.16754671116972875,0.17568208202263594
1531,0.18428374475345474,0.12881008834109273,0.15550608934227028,0.11992514055685165,0.14023147914381354,0.1448028226112293,0.14006291762603515,0.18230617816430736,0.13059628896701206,0.14558191234393017,0.13200348438557977,0.146186387130403,0.15417049711305705,0.1401845758934179
1532,0.15396594434099797,0.10254655893413238,0.15534003620718634,0.12509836755415743,0.13002520714052396,0.1486205571397294,0.13075582823882073,0.15173420877135874,0.10275256026196625,0.14551681533294153,0.13440771474420826,0.13282609180010946,0.15026163642852192,0.12491257896529552
1533,0.13163463688597535,0.09957883464110162,0.14781881506937275,0.12704439589715882,0.10941897660556987,0.13332863934241468,0.14034753778849393,0.13575407408796572,0.10352305395384569,0.1366861529472681,0.12882271726755679,0.10832142951393961,0.1314872758076199,0.13250691111472698
1534,0.10705090299917944,0.10498762078288683,0.12709318801870687,0.113815565982263,0.0991648032410438,0.11596135396880806,0.13588693836742358,0.11167007407815209,0.1049241797475855,0.11566939211047914,0.1174317901460281,0.10473845990684072,0.12111244256183311,0.1321034441830362
1535,0.10172245183729096,0.09961522000138583,0.11638054682859267,0.10863432630221624,0.08899024875290154,0.10556723751115167,0.1296243885096902,0.10575858406551031,0.0981051346920303,0.10543431985313793,0.11328998407988779,0.0958577544698116,0.11305877525468372,0.12934720310113318
1536,0.09992844850929411,0.0856477161393347,0.11111226078628861,0.10684963307707032,0.07609268494104827,0.08898152790429124,0.10836611735842303,0.1033475064576423,0.08367818010203844,0.09953582687353223,0.11371317634621127,0.08285478130497079,0.09800357932963816,0.11389674547639468
1537,0.09731219815241869,0.07387069956690302,0.10459329455562932,0.1096639487615526,0.07749719253370539,0.07951644540453706,0.09154420391223955,0.10280024123074918,0.07533784255159606,0.09706808625142677,0.11648675546824727,0.08484124476125958,0.091650621155059,0.10031382492802778
1538,0.08810183938640269,0.08261521288015651,0.10923778100657378,0.10220413500598942,0.06216211799462291,0.07660207079022449,0.08180211860970632,0.0970501679958774,0.08694952154782244,0.10347001192597932,0.10959470659044514,0.0689880942580245,0.09026792701969916,0.09063622898215634
1539,0.0903228633729916,0.07779393812645752,0.11780380104739357,0.10307847269715337,0.05384125103027881,0.08662913550935468,0.08985020659117342,0.10023340289605855,0.08603836970974807,0.11299913072454801,0.10878670484222976,0.05786911806144619,0.09872117553610922,0.09781825608198043
1540,0.09865912695649262,0.07813777328927875,0.10605928495234385,0.09974724543039828,0.055082918573512635,0.0872582500683971,0.09145905065463075,0.11328794933274403,0.08965411601357447,0.10468128930044061,0.10508302697999439,0.05936267073095771,0.10133279075996733,0.10128084724725984
1541,0.10978492988860111,0.08801055147421777,0.1104935161408801,0.09195685337281,0.06978387894266608,0.08127265980098174,0.0834592722938953,0.12865033728157488,0.0957642929625269,0.10480373144485032,0.09646820958242884,0.07361065717306627,0.09372671812787442,0.09283038329240867
1542,0.12047379323051469,0.08253890249022573,0.11045097428878371,0.09519254909076723,0.08430579557805869,0.07297411997109374,0.0741082233828134,0.13184019724392612,0.0857248532456721,0.10345424295341805,0.10251712196835595,0.08760423631502026,0.08248888280827407,0.08176471401514036
1543,0.12838160966428105,0.0794479124054581,0.10054187343986867,0.09320825152601044,0.07466786705335735,0.070518448269612,0.0670099509739177,0.13501696216529224,0.0801763621239534,0.09506124576439458,0.10322790867238674,0.07807867415961009,0.07994485606533248,0.07263657361938844
1544,0.1143830240699741,0.07752418074378503,0.09913199413240605,0.1069681762474672,0.06293578166724254,0.08493687144658213,0.07099549987164627,0.12508491843171152,0.07741554732342606,0.09347226569060041,0.11799747601115056,0.06536200312170935,0.09609676865450519,0.07701528444046825
1545,0.09605182315708057,0.07653774418249987,0.09120257364257121,0.11534609213341192,0.06439329855264564,0.09186410299460872,0.09047324806190085,0.10646257197180539,0.07737770820083667,0.08792336438117493,0.12791899262055811,0.06735571275191736,0.10533561237972455,0.0977429249509986
1546,0.0944794115138088,0.08447235585689099,0.08988682998660995,0.1189823412406676,0.07065700515731814,0.10131164754147755,0.10381355647297873,0.10576786825178244,0.08579224405137303,0.08751630972629876,0.1322531751989424,0.07485634925426266,0.11717325001845165,0.1109013654461635
1547,0.1040387170037114,0.1002791320976616,0.09448308709134219,0.11452128510723796,0.07817285043465617,0.1138878465815048,0.12477557328177198,0.12119129144673027,0.10094412045249747,0.09128224228898811,0.12614942237701154,0.08463795703416942,0.1332906422166779,0.1304634237882656
1548,0.1182081350756914,0.10470450202756865,0.10301943621973457,0.12745674292974812,0.08189579609661592,0.1328306113063369,0.12922681380722645,0.14034854822639875,0.10192783949424605,0.09673722457032537,0.13822573209201042,0.0896740567328902,0.16041166795348633,0.1395184606647578
1549,0.13578778144137746,0.11699262782449679,0.09532172042025626,0.1394128316501903,0.09798318840597176,0.14127265856545687,0.14645441037699103,0.15136596801660804,0.11583872960370792,0.09090296476637005,0.15292397482101674,0.11220260943793162,0.1803145485506199,0.16418639096827975
1550,0.16501755386993014,0.14385025661801845,0.10230854280178901,0.14827644961192737,0.12862284139296812,0.13459699020321034,0.16156914425797803,0.1732119710173341,0.1423041610917451,0.09430254233322503,0.15194654583829745,0.14468010341861526,0.16324510456689142,0.17327387703514666
1551,0.22193933839230634,0.16384001322861463,0.13990180438338015,0.19399635227450024,0.1644000230142902,0.14634611033382758,0.19337602130480477,0.2078759805981001,0.1532667843751358,0.12388796209601147,0.18573251939830696,0.1762439765675726,0.17549864922243494,0.21389302708732627
1552,0.2584721504569752,0.17769737795365395,0.1693401611804349,0.25306213255579785,0.184700841464755,0.14847719491867697,0.20911753140083694,0.23862172138984403,0.1634111735584077,0.14939069602811514,0.2338480030955619,0.19582897821522566,0.1935435425253393,0.254833468987039
1553,0.2613218087670967,0.2486803728671042,0.21270472628796,0.28869598277290853,0.1633007998698083,0.17318442608743195,0.22795373908664393,0.2566060473968939,0.23030048422551982,0.1770979377477403,0.24380883871982206,0.15651138067584427,0.2201426146188188,0.28874332170594874
1554,0.2988456648731823,0.3117312115677074,0.2666223767369264,0.25191470405465477,0.17443841889333886,0.2162928484655522,0.24588032764740733,0.2808386024420426,0.28197447875876414,0.21516576864597037,0.21842507845353218,0.16459175612186538,0.29315417885220624,0.3422941657595787
1555,0.34611995536846857,0.30834799450034023,0.28259033761804403,0.27287867264629234,0.19773335614945592,0.21772087810066773,0.22765284452895893,0.3366308460986584,0.30299163239176485,0.23307856344578132,0.24794470437697336,0.2065960412547678,0.3114854548159404,0.30836490420708756
1556,0.3235091339522571,0.28292454874132167,0.30376176867602966,0.29216424804952346,0.19695642650291426,0.2153331981330289,0.21526871367103284,0.3250999154829004,0.2747362490994372,0.2288270176972015,0.2538566304316307,0.20122993908861708,0.2795579070462033,0.2574369759996827
1557,0.2915451361087404,0.25490705628171634,0.313166363125675,0.296288669523928,0.19313424638564847,0.21409595336663387,0.23522991228650023,0.2909515011041107,0.24155163494114998,0.22997206274408047,0.266328155725786,0.1967169546467606,0.25735587577983476,0.2616333951827479
1558,0.22334765498727205,0.2361517652733791,0.2952562080865176,0.31376287471904213,0.15849692965587148,0.24133777192067735,0.2734063978230533,0.21405211685945372,0.20758063656752465,0.21593453855331513,0.3013918515129443,0.1599354521407035,0.2572544908853096,0.2740992909196491
1559,0.21398744102623884,0.19753644189286212,0.3096855682486905,0.29428253481027855,0.1704256383427606,0.20580228840492093,0.21306261818315392,0.20173041208848982,0.1732142253837988,0.23491210469923937,0.29309401383796607,0.17247765478565918,0.2081606637367515,0.1958226299935923
1560,0.19798839023202114,0.18515302253731397,0.29748676484172354,0.2660542192814936,0.1495460127043606,0.16139819823826895,0.1481023546151157,0.1917919979215903,0.1611400392625114,0.22330667416512318,0.26483567629392524,0.15118440775049022,0.16682818976417624,0.14265146987762936
1561,0.18532516958999407,0.16464519256207724,0.22852674255549363,0.21897006244886624,0.13384215630423044,0.14867603644175686,0.12492359572685242,0.18399447984844466,0.14917524616493033,0.18455257042811157,0.2345451956627625,0.14122345211298273,0.15698188685921746,0.13180742360180545
1562,0.17969036775495453,0.1272110384639721,0.18235730533805114,0.1719346268117373,0.12036167827380974,0.1252161010720194,0.12494673065249103,0.16364684934367013,0.11597023209905782,0.15057347854697356,0.18434129125432322,0.1329228790824424,0.13716900499848855,0.13575617684960614
1563,0.16130661806677776,0.092743748666611,0.1426090859809563,0.13085209568034592,0.09383570676667224,0.09615589788034783,0.11948754419088432,0.1533115125813443,0.0872527505572305,0.11755856760792126,0.13546559190467808,0.1041433811687092,0.11013505252237,0.13508337330749062
1564,0.12119750978428195,0.07536643825339479,0.09177225636164812,0.09095757147536661,0.07683338483506427,0.0803385936122234,0.12270330050458432,0.12403591836992758,0.07479236945532339,0.08113869984063697,0.09675896297611168,0.08577356536070212,0.09487140245978484,0.14269597148067217
1565,0.07374266770006722,0.07121281745706452,0.07866523317866016,0.06429739532529054,0.06239921457730335,0.0657897267048428,0.10792275729945182,0.07654088951247846,0.07303148058603103,0.07210974254423541,0.06919023230717687,0.06912056248182184,0.0781667329023923,0.12457686617625055
1566,0.06064299280408842,0.059734592845269836,0.07216083931014668,0.053856643579834176,0.05321429146381535,0.05834421198041319,0.09160788520479095,0.06613320298977456,0.0629633310363909,0.0680687174755331,0.057590571622266995,0.05728176993197016,0.06893098991329845,0.10402498387732587
1567,0.050378477453820514,0.04820517882151328,0.0648489413179743,0.04659920000155895,0.04738065315194085,0.051925998083712156,0.07417715493511581,0.05632876689966033,0.050957261494482674,0.06226363108402618,0.05015174304188019,0.050570058929515646,0.06106202247137403,0.08314218994124367
1568,0.046814865741631725,0.036603545956188366,0.059352146645584386,0.041340010075297015,0.04166940441523138,0.0455276884916159,0.058936488510757404,0.053111354017111916,0.03859646485712277,0.058123359957433555,0.04529155952142965,0.0443613416612818,0.05303858245749721,0.0651569677508283
1569,0.03878757353192508,0.03080842966638701,0.05678163197294152,0.029389426994849838,0.030845547165223402,0.036556688346232984,0.039706929710784995,0.04356732740059501,0.03198930513295813,0.055635351611870325,0.032344422486141125,0.03291771148174094,0.04207062901015197,0.04338839086902517
1570,0.03531624579558945,0.027235283722906116,0.05026905757654322,0.024180894441542162,0.02940001726028953,0.030441294081742818,0.030927629259895634,0.03960467036756606,0.028091444794579427,0.04891501405769306,0.026421497374381455,0.031119979835217908,0.03479954946207756,0.033359811447591065
1571,0.03495582665881144,0.023338232217296084,0.04790896211614106,0.025344115741538793,0.027847317240045823,0.028599236308926464,0.031070574909912066,0.0389912384796947,0.0236764712784357,0.04633068415221562,0.027406946601214458,0.029189775364214892,0.03263459982672336,0.033581244918212905
1572,0.03112141414710675,0.022395417533191443,0.03914921952915542,0.028005617690639126,0.024538406928243384,0.02903719869708157,0.029453017158317805,0.03432124195439886,0.022464635764145167,0.03773392735046118,0.029961142132962807,0.025863353650821572,0.03331178081552276,0.031872529896273476
1573,0.030524079620162785,0.022970511884493783,0.03331464112729422,0.03081086585034988,0.023072025416305892,0.025409187521664996,0.027236225003726335,0.03343946486687167,0.023148486758131744,0.031770897330025624,0.032576789022406884,0.024214777690657305,0.029104984200431262,0.02916780683522897
1574,0.029566836224810353,0.023264236724691075,0.03159440627437492,0.02779273686525868,0.020870386549915163,0.021969257002846566,0.02684036030070063,0.03229508865846765,0.023953709041408672,0.030093132563238135,0.02925381451005997,0.021674244417808828,0.025034624393144658,0.028753321959761144
1575,0.026843949702470078,0.022080731335058293,0.02931158841793465,0.026642747251583433,0.020045503190509125,0.0237271527809128,0.023310232234995794,0.02943041468669972,0.023061875044909665,0.02808172244390602,0.028215841153232387,0.020903886412561985,0.02703237664057705,0.024844293895487295
1576,0.023160660204456514,0.022301277365597248,0.02448403355205483,0.023642575813936133,0.021774053341688502,0.023059030817475203,0.024262522232427985,0.025490387034557905,0.023476452149704456,0.023520696542810162,0.025072592722121617,0.022658375298311082,0.02612293290952838,0.025924102843342324
1577,0.019652684844414178,0.01905501565424994,0.019413224290097293,0.02070908387961139,0.02111479154513771,0.01916876478174292,0.02550738276768726,0.021790382192520795,0.020045122659879306,0.018747829370442302,0.021960754161657242,0.021911040222076728,0.02164769973160577,0.027349501408949303
1578,0.019544478402357148,0.016320104779010552,0.016553301878786186,0.018199861266787135,0.02001350858541957,0.016920030895728192,0.024159945808738054,0.02185175184467058,0.017444503407655725,0.01613656895776777,0.019381041682398886,0.02077913357259446,0.019139713904753712,0.025918950460677475
1579,0.02124043781530199,0.013558501729544885,0.01671429054473069,0.016105483672425237,0.018625252010962275,0.01665409974209425,0.0201233504769401,0.024069453132240525,0.014893005635454034,0.01648908503249498,0.017242027331536573,0.01943216095247254,0.018960085194842834,0.021608793347013183
1580,0.01848386191878467,0.010832817892908924,0.0181184536168511,0.013741214974028105,0.016556115660592955,0.015403953006034268,0.016297773231023587,0.0209315835156456,0.011970220214704024,0.01796074513847709,0.014762438657519916,0.01737008233262078,0.017521663818984595,0.01755210637980603
1581,0.015035266349160905,0.009660349486113445,0.016881703882841107,0.012308564870641803,0.015887895352274837,0.013638561000917995,0.013241479878928795,0.017049500510759315,0.011172318577629679,0.01668513134653179,0.013306645160304451,0.01672490203815117,0.01558342908613494,0.01426089596836525
1582,0.013301216009079204,0.010053520720048606,0.01792228854148663,0.0155520441602177,0.0145220257123176,0.013690174182429541,0.012491523115389938,0.015185744281984487,0.011785720517804795,0.01776824910667425,0.0168941353481053,0.01528836009464076,0.015759437631770904,0.013357309719650256
1583,0.011024789458970778,0.008154170354025924,0.01464287333330062,0.01749825871880833,0.012677634149177714,0.012225829259072445,0.010257914833881904,0.012501374529328093,0.009408723765214538,0.014597798747969296,0.018997850371551914,0.01335284387235786,0.014083340655946255,0.010912212776501977
1584,0.009966914417681173,0.008758549500297082,0.010700560701421035,0.015416798293314105,0.010891262553346718,0.009977941709984572,0.010173840752293255,0.011243795443502812,0.00950497614223612,0.010696124401778355,0.016645295045637203,0.01145282577938334,0.011589690973295796,0.010944326242744194
1585,0.008736114957963807,0.008211322850876215,0.012559274488141536,0.012447822685394174,0.009707631789771926,0.009482174655989033,0.010062803798805708,0.009971508582014524,0.008406169012150407,0.012554009775039574,0.013388538657921108,0.010212341002525733,0.011052766849375534,0.010839393659582773
1586,0.007701634193342524,0.009039016358092818,0.01309621754523536,0.009307133766774238,0.009277163798199631,0.0080058262807866,0.008225314960011134,0.008721932671664942,0.009024921330834625,0.013092346556681358,0.010032158281871642,0.009772093286761555,0.009305524489844971,0.008709451482018534
1587,0.007973389874749562,0.007949558939118764,0.01060438836076542,0.007356873010411908,0.008155005387439702,0.006757547848427093,0.008769567600960596,0.008925786071519094,0.007781927258004859,0.010602531777429152,0.007946589901611583,0.008588484601175861,0.007860650220075137,0.009326808263562391
1588,0.007446533461523265,0.007090466719097178,0.00880869571874027,0.007659303056471096,0.006392286368481142,0.006255894830118397,0.00791293474489161,0.00831450374297022,0.007008934005364828,0.008783427141957905,0.008294204816270521,0.006747972443058385,0.007249220790820892,0.008409914614323851
1589,0.006190114816254291,0.006794678597941707,0.007521810796403982,0.007128919891473148,0.004989868290749,0.005343996505933251,0.006529321998465027,0.006905523097081146,0.006793287326888517,0.007511095868169814,0.007745117284661899,0.005255330535590581,0.006171304188448713,0.006889180541444967
1590,0.005397743589794905,0.0060565815317655,0.0058112162438328525,0.007293338016735429,0.004663531061618773,0.004107524619911506,0.005809380368780631,0.0060536583155158495,0.006048038945470796,0.005759931449873386,0.007933198558234381,0.004900681294484807,0.004737700789133804,0.006090319152767025
1591,0.004853691638255462,0.005489972543010605,0.004989887397918879,0.00699076035115319,0.004670300129775446,0.003625719730567218,0.005098296168545962,0.005475894531213101,0.005523200655930987,0.004917118070413984,0.007608355195324972,0.004904323198831604,0.004169778160677491,0.0052996045901355
1592,0.004570440800197003,0.004708091143563713,0.004377686697028596,0.006426973014253573,0.005070500865306713,0.0037120895858263063,0.004925440662404484,0.005210536399687043,0.004780210997345862,0.004310575833270687,0.006988441329991198,0.0053281096865428,0.004240879584442589,0.005026547126441353
1593,0.003986298257207639,0.004356890864557237,0.004569372016271758,0.005470092488990196,0.004567727942457984,0.004207098909314228,0.005010199066358613,0.0046396442284970685,0.004475865519346659,0.004520308811362345,0.005947612499713363,0.004785896519223417,0.004796195985230269,0.005086412377101081
1594,0.004011422031780931,0.0033040761183072416,0.004777780239535985,0.005072252160630279,0.003800576867214066,0.0041711165219608885,0.004288123101187741,0.004676696267723377,0.0035120009117553443,0.004728729925252988,0.005519770740894695,0.003972553110616548,0.004738436815531575,0.004358101821114058
1595,0.004174294977220712,0.0025271687442583947,0.004449044073444084,0.005090648253383006,0.003494600987564127,0.004129458836342933,0.0036618547335765675,0.004827957479066981,0.0029413271143072487,0.004423608322208352,0.005539250309139237,0.0036395842027808697,0.004686842010616426,0.0037045792401769325
1596,0.0040193107173217505,0.002470618085954547,0.003941886142707581,0.004453616933874731,0.0037703878908777644,0.003904772982917356,0.003328161941620064,0.004644127075365616,0.0028225238668999814,0.003929625049142705,0.004836384265299224,0.003920524799216565,0.004435085029219975,0.003415802796044632
1597,0.0040337515631378475,0.002421171581724069,0.0033474758116991896,0.00463749560522748,0.003705038156652728,0.003584515379176554,0.0034587675394718905,0.0046483456439852175,0.002651290784287971,0.0033802831076626917,0.005035662617138134,0.0038596334200900564,0.004068835010884759,0.0035839846707608667
1598,0.003981277423919194,0.0027030653393540502,0.0031414831906573628,0.004949160930607061,0.0031720331803470514,0.003313575376952066,0.0031772069133813047,0.004597045632834107,0.002774766556318089,0.0032418809734052674,0.005378081308641061,0.0033054177715548115,0.0037626072652015025,0.0032902111809415525
1599,0.0038815193610526578,0.0032102424653111038,0.003367043829123,0.005155527978990089,0.0027458135902147145,0.0034806328306010346,0.0035232319752318436,0.00449884208447615,0.003159399079180283,0.003454425378406514,0.005604430216398638,0.002862227393083658,0.003954558792241245,0.0037003524432343902
1600,0.003989692364107262,0.003560390179820167,0.0037248161310379922,0.005664855804895948,0.0021536292616368305,0.003656905843053223,0.0038734521399435345,0.0046070453981491765,0.003472455393384476,0.0038097611877036855,0.006160676977229745,0.00225118522951935,0.0041532146007438936,0.004070399761677626
1601,0.003661766416039338,0.004037874000773176,0.003950719417230513,0.005925779337349757,0.002412678356822533,0.003965301821369568,0.0032757085187922873,0.004214196324586397,0.003944507482659022,0.00404317465228594,0.006452629145785794,0.002540177772424456,0.00450792920007675,0.0034466305980232767
1602,0.0035170053584788375,0.004165101602914813,0.003931562382773443,0.006081409623477603,0.0025192082626116666,0.0038339380723872345,0.003161093406244389,0.004043461631914661,0.004080008548175654,0.004014919230634046,0.006626974618686352,0.0026576663347128763,0.004360019986868081,0.003299872885804046
1603,0.0033867964780968157,0.00387919948216613,0.003595684094294484,0.005805471826124883,0.002204098689754661,0.0031366462799121116,0.003805627347088597,0.0038525962243526855,0.0038079842322404915,0.0036405580982567464,0.006326666902087346,0.0023107606687278303,0.0035657734543304087,0.003927670176034015
1604,0.003536715176154824,0.0036816043911053,0.0032936093234917562,0.0053410991526630786,0.0018718503243797496,0.0030206436805455933,0.003998693705262008,0.0040390074738442935,0.0036252757560945293,0.0033421133583017063,0.005828829263630967,0.001953333819458706,0.003445677427816518,0.004080843525674623
1605,0.0037504609802767957,0.003548994307443694,0.0031950335704402882,0.005037460268373771,0.0021088298721208534,0.003368499099546816,0.003460681094803934,0.004300211777320122,0.0034835437540880485,0.0032144286574668853,0.005511651043601885,0.0022048995060743766,0.0038458146120005582,0.0034629554639251064
1606,0.003969845641239958,0.0030951419027739134,0.003188060907836018,0.005000019758868958,0.002248611023687859,0.0031732049795259623,0.0034771215765713043,0.004534767779673141,0.0031414764941087806,0.0031541731832805337,0.005477643061832634,0.0023510789242989576,0.0036379009425340386,0.0034225290346259585
1607,0.003846663062517967,0.0031474880416626177,0.0035403035732723045,0.005071938151358791,0.0021099910510536256,0.002985145537862779,0.0037931848390124114,0.004456862460730079,0.0031838095280700873,0.003503499826025995,0.0055580393335767165,0.002209727707558475,0.003428321084006332,0.003763775680941635
1608,0.003534213136667112,0.0031900394874284197,0.00323073434045574,0.005104067023368603,0.0021144845228134312,0.0026042642632276448,0.004016180856180959,0.004084498918716636,0.0031753709551497655,0.0031995787850485798,0.0055891195774866636,0.002216197950844012,0.002982003367189239,0.004054616279717387
1609,0.0033466758541265736,0.0027905516535892227,0.0026092899490769875,0.004927417209311357,0.002163574583219033,0.002268761291366856,0.004058114652220945,0.0038144443994446095,0.002799213990711685,0.0025305000605044176,0.005389538503336556,0.002260690989970786,0.002604799599630675,0.00415452226650805
1610,0.003226022183253582,0.0028224001984196484,0.0022131970009518246,0.004677886938455337,0.0018983303924707453,0.002267765352245567,0.0038919574664803927,0.0036917932328453364,0.0027392221425593046,0.002110788915626081,0.005106786058305896,0.0019647159662175666,0.002599945657629297,0.003997006720034047
1611,0.003040941401404961,0.0028227825394408243,0.0020526035801237716,0.004743102762915761,0.001951042761100399,0.002212794539644714,0.0035249969596859343,0.0034875607322370776,0.0027164745777170938,0.0019664444130632628,0.005174542993140455,0.0020079191163513183,0.002534904477566115,0.0035948473683001278
1612,0.00287531476777481,0.0028036681253221737,0.0019804951990380244,0.0045204770327630615,0.002303753478770312,0.0023195277775861895,0.002980469137654771,0.003322977490981767,0.0027160797134758983,0.0019040346325481432,0.004933211888321702,0.0023714667169354195,0.002656985546456025,0.0029787549401909534
1613,0.0027171866066318237,0.0027404942732034126,0.0017577122027282817,0.004378356631934432,0.0023809265512385732,0.002347684065225503,0.0027395052368721193,0.0031528168151796617,0.002623903581705365,0.0017048624544075683,0.004778854569155434,0.0024524663776948376,0.0026893769502840687,0.002705091373824175
1614,0.002570449061082868,0.0026554998881348794,0.0012258123768136286,0.004204573286016469,0.0025328813404204035,0.0023394576195288216,0.0027406365046956697,0.0029907828229034815,0.002444215151813244,0.0012508078060529686,0.004589011466787708,0.0026196116160635626,0.0026798004400067073,0.0026972748030764993
1615,0.0024451774737333128,0.0025991567114726833,0.001019964231859778,0.004057697362597976,0.0024260463784455456,0.002238121482008324,0.002749509070552897,0.002851419821675288,0.0023705739529744237,0.0010777506123619,0.004428834059902542,0.0025060897920396947,0.0025596802517385392,0.0027035595316586268
1616,0.002382411020695045,0.002514327237777534,0.0008994769216511588,0.003867739697213992,0.002216451314438585,0.0021090411513630396,0.002667982508794137,0.0027687325496454844,0.0022808113779520934,0.0009705850550732478,0.004223794053705866,0.0022845380824745246,0.002406455864673987,0.0026126157865128236
1617,0.0021830641157765643,0.0023659331887682196,0.0009550629438987328,0.00374010610375531,0.001839996557007163,0.002017829912783256,0.0028207278603660426,0.0025558848599578844,0.0021060804913467708,0.001031242400085014,0.004079844533758456,0.0018854730332654988,0.0022985920167678613,0.0027787545060430426
1618,0.0020974110011558076,0.002322694745905906,0.0011000473717396504,0.003617640166819532,0.0016663532367088426,0.0019737671623576095,0.003003424158478473,0.00246127408639367,0.002066333850071996,0.001163221550127009,0.003947296260962557,0.0017020103262637388,0.002248601372071085,0.0029650189990987597
1619,0.0021398088046959917,0.0023490829543597437,0.001328856922697594,0.003509875567785586,0.0015511315595943566,0.001905046130430234,0.0030670640745661,0.00252170801980816,0.002077172097704485,0.001364846018394576,0.0038343270490264953,0.0015818161848661345,0.0021668194435256367,0.0030088851548969726
1620,0.002225418162704726,0.002362165221845172,0.0015344489804506374,0.0034723306223561523,0.0015500259605399172,0.0020037585288255953,0.0031218866666715664,0.0026308804919534206,0.0020700139003440223,0.0015664509278475276,0.0037912865462754763,0.001577006817456922,0.0022785685547046354,0.0030657702352273903
1621,0.0022571419905120273,0.002463822694183817,0.0015774365486738485,0.003428226521270623,0.0016444072775198967,0.0021086093712097526,0.0031304726720301863,0.0026420061470250962,0.002164413164754485,0.001602312438105135,0.003744274452132018,0.0016756294238298964,0.0024013280899906667,0.003077266713488274
1622,0.002312712928972655,0.0025396291521612557,0.001362693811051939,0.0033552357941319935,0.00168909606316603,0.00207100441685423,0.003034010848194889,0.0026943261527835314,0.00223410680254068,0.0013753288679305062,0.0036645713782478273,0.0017210002498985316,0.002355680313811112,0.002980540436350223
1623,0.0023746969280747814,0.0025582475450072195,0.0012209275702367382,0.0033475605508386606,0.001756834161337233,0.0020848691961815108,0.002930530679419991,0.0027705710220421844,0.002266238456846196,0.0012334056613166396,0.003651384912446111,0.0017864282066371833,0.0023692754043569135,0.0028836283830226406
1624,0.0024420641560558634,0.0025923123552378012,0.0010850441174856,0.003397439728154474,0.001712147839074227,0.0020870504403158597,0.0029242589282879325,0.0028279648151345884,0.0023179313845567125,0.0010809761429372538,0.0037070487036379622,0.0017382320917468251,0.002374528878886799,0.0028697862516847902
1625,0.0025167457604389227,0.0025745933654540694,0.001058360690097436,0.0035564699583914283,0.0016927475676914558,0.002106379326507202,0.002932779865527296,0.0029048261644049364,0.002298062345776115,0.001035045848146324,0.0038800670894447685,0.0017188341602368802,0.002395023402518747,0.0028736585689933102
1626,0.0025455239455643435,0.002595993836265764,0.001015056559812302,0.0036014120300916237,0.0017028632390081939,0.002103307268702935,0.0029147447216712535,0.002938764066069034,0.0023282700990689452,0.0009852142122913745,0.003927614749051364,0.0017293397595497546,0.0023908092764277035,0.0028497969528983444
1627,0.00257975533346174,0.002617015975310136,0.0009886931301048695,0.0035714587555145277,0.001724508798609045,0.002100160700657052,0.0028728706554296463,0.002976499933669515,0.0023647599757867267,0.0009554445947515403,0.003893130281537337,0.0017503922509261934,0.002387328028427414,0.0027928646480055155
1628,0.002584470622892416,0.002624296044621747,0.0010345347625977121,0.0036277458799429596,0.001728875326435458,0.0021081502240837455,0.0029248476616886565,0.0029853204460621795,0.0023696800700299062,0.0009937391874462807,0.003952829633163933,0.001755328319981311,0.002396024330870548,0.0028433639209031404
1629,0.0025479875141202284,0.002627100907990756,0.0011324086795767953,0.0037086738097197743,0.0017608936984139898,0.0020949241810387237,0.0030229834481281487,0.0029613326022061405,0.0023574552193306375,0.0010898270299500412,0.004038144249370789,0.0017899463163384836,0.002379357012840396,0.002948529068474663
1630,0.0024819107235590217,0.002654984073987023,0.0011039601516515925,0.003703140026132165,0.0016897216763239586,0.002085448349777579,0.0030703342295776708,0.002907718154052677,0.0023831889158849114,0.0010712723775486935,0.0040307553133316215,0.0017161969034827243,0.002369075238188477,0.002997295293773398
1631,0.0024627387545479583,0.0026568072057588884,0.0011634553443663949,0.003826093957217174,0.0016207439095002544,0.0021541706788377507,0.0030728877293653657,0.0028803095046444497,0.0023786717488847005,0.0011137585469618591,0.004165577290347512,0.0016463063376906666,0.002446508973081994,0.0030039051107662394
1632,0.002445103541634988,0.0026896294519910533,0.0013027516460371116,0.004005159757235467,0.001530388693467953,0.0022346157714159642,0.0030458732661345954,0.002853957876933188,0.0023939877205985667,0.0012377734870412003,0.004360830074224819,0.0015536540395494978,0.0025379808970172253,0.0029651451954502916
1633,0.002489985839913991,0.0027252184156594233,0.0012322666355393727,0.00403552131233436,0.0014723488681270384,0.0022368382030897855,0.002979534153642367,0.0028847197788525064,0.002426871137656123,0.0011664598654498107,0.004394919135759191,0.0014928665704008698,0.002540414752444528,0.002877587990943176
1634,0.002556201488088819,0.002740765338922023,0.0012062135937137145,0.004087298875198102,0.0015165024621744624,0.0022688419410091666,0.0029449414928937436,0.0029338610483792622,0.002434243052771725,0.0011384169798168658,0.0044510345274111004,0.0015364675734817353,0.002575637549947915,0.002829533233261397
1635,0.0025940237613695342,0.0027480770610863823,0.0011785381525967725,0.00403721411235851,0.0015651667676921336,0.0022656668677263447,0.0029931326139209773,0.0029791784213938285,0.0024319263566289395,0.001111011086181993,0.004395383185078022,0.0015834708880254772,0.0025748261283305195,0.0028700996293291865
1636,0.002650793149813244,0.002733903728683342,0.0011300830369312914,0.0038825514163883562,0.0015958829396073887,0.0022662820180012707,0.0030861314941608904,0.003055425162270283,0.0024099361963024575,0.0010810359080708784,0.0042259376910986175,0.0016123310389871018,0.0025763068816794243,0.002961656420158439
1637,0.0026716582219710066,0.002721128833359929,0.0011328860420029695,0.0038489007064241446,0.001620334624439997,0.002315289449465554,0.0031269817448378897,0.003083753396854226,0.002385183022252284,0.0010938511855697122,0.004187729700912008,0.0016350937042617036,0.0026314077252434787,0.0030019774258838324
1638,0.0026534257983230405,0.00267703311761663,0.0011507931239415265,0.003877439291161101,0.0016524523107878763,0.0024400667020971945,0.0030699649911863497,0.003079474697597606,0.002322966627288504,0.0011110748059935667,0.0042168771196085175,0.0016668404613416178,0.00277333381652116,0.00295256089698645
1639,0.0026491215176446857,0.0026945173185004634,0.0011419757424413245,0.003890991098568744,0.001672466031421828,0.002506027326745061,0.0031111057822861047,0.003084221450568597,0.0023369907989814627,0.0011066053310111947,0.004229124367423974,0.0016853854813648204,0.0028457559621170954,0.0029935511262336686
1640,0.002618948460980209,0.0027591635264256472,0.0011012970985488388,0.003956558466234786,0.0017030435410757291,0.0026249333679511148,0.0032321224653467603,0.0030557407291460286,0.0024041742537694597,0.0010776496695759032,0.004300772381728365,0.0017150338851591239,0.0029764415901417153,0.0031117938416721446
1641,0.0026021445595547804,0.0027684594899335703,0.0010911119263320793,0.004002019921846009,0.0017155153192193252,0.0026556397000157494,0.0032793361300044906,0.003037931654555004,0.00240932358028771,0.0010689023280087853,0.004348490445022753,0.0017262289536468243,0.003007745990010937,0.0031574036250022067
1642,0.0025704672579237465,0.0027840388788323432,0.001076079935361882,0.0040214854418126784,0.0017067766577082753,0.0025927547512439183,0.0033019615295091925,0.003008628543057137,0.0024315120969036503,0.0010485508998619064,0.004368625258495327,0.0017163898070841088,0.0029332450809787963,0.003179306027563977
1643,0.0025886929046876547,0.002809899854352276,0.001097242290532632,0.004050213973632284,0.0016843344517036183,0.0025270368281385194,0.003412274902659182,0.0030182047122319132,0.0024540612832974597,0.0010677156442755915,0.004398856122950535,0.0016926440690070684,0.0028560716842733003,0.0032876809087144126
1644,0.0026647345937688876,0.0028130771524798137,0.0011186852615807557,0.004072931336606954,0.0016452035908053005,0.0025146995019512974,0.003444319238244477,0.0030929566932565906,0.002444253017835702,0.0010833023655345243,0.004421268530933246,0.0016467902778805816,0.0028376995439831545,0.0033112342021570282
1645,0.0026578214694706255,0.002770851162840368,0.001232233337508497,0.004136763963366693,0.0016381244687965202,0.0024722134832686326,0.0034002946917502845,0.0030775771250139013,0.0023789657158212268,0.0011871031644637698,0.004488888175254245,0.0016429184156577662,0.0027848198409975325,0.003261312770985235
1646,0.0026358523757189904,0.0028017797237415406,0.0013112274827805793,0.004315566720604275,0.001678333460156075,0.002487020602373293,0.0034862893211218405,0.0030567110379096773,0.0023731720433767495,0.001281278131927579,0.0046795530808827895,0.0016833230511914268,0.002797416995436886,0.0033277327653771535
1647,0.0026414038427603316,0.0028880182427212875,0.001403879150835995,0.004310009739513058,0.0016658489375971468,0.0025411284710980756,0.003492506437041544,0.0030951711073606155,0.0024469958830545375,0.0014001201593611676,0.004673865424000069,0.001669053680498449,0.002857192406307263,0.003313246947556098
1648,0.00261942876296209,0.002817544176256916,0.0015580084712020071,0.004259854956076544,0.0016812689284784422,0.0025840042201338417,0.003439533072393791,0.003095813529493991,0.0023487057246072036,0.0015685579425987624,0.004624877652143613,0.0016877922051652837,0.0029062043224001976,0.0032622291189792125
1649,0.0027714612880558234,0.0028730097709149588,0.0015542415544749178,0.004485421490363606,0.001755367219215665,0.0025911878410985532,0.0035987588307566667,0.003266922443386683,0.002407635331801657,0.0016111669796529703,0.00487732775012337,0.0017632982245111507,0.0029179344047531694,0.003437161909512448
1650,0.0029345929423561954,0.0029319284336304526,0.0015196107959215086,0.004602943510022371,0.0017989147715020922,0.002585442494078742,0.003741767680839345,0.0034569783252197234,0.0024685458452320523,0.0015985982211184917,0.005007727355902928,0.001809530394430365,0.0029158168595550473,0.0035871725648757395
1651,0.0032515682360320436,0.0029521726966284605,0.0014047006730796997,0.004264911001398831,0.0019286180520498516,0.002622159263877272,0.00407818441749207,0.0038128138096680387,0.0024932318657505557,0.0014407349079871726,0.004643908912076878,0.0019475182303217346,0.0029701717542579297,0.003956191392995525
1652,0.0036534749861511042,0.0030102589278108906,0.0015493389786645924,0.004263976839055016,0.002135197590684664,0.0027952515257386235,0.004359070260212845,0.004245995465197884,0.002564131407313573,0.0015761820337295003,0.004644332821973482,0.002169051002046057,0.003174077309672236,0.004261923265029173
1653,0.004192988437802643,0.0030975677231032625,0.0016022301255660472,0.0043796260008264545,0.0023032485829973057,0.0028766484117497917,0.00456013033278694,0.00482002209788382,0.002683267827764478,0.0016296187217344443,0.004760420685722939,0.002353457795843291,0.0032657376605434527,0.0044576236741906425
1654,0.00453161390195982,0.003203965489129382,0.0017741027027998644,0.004395945401946489,0.0024348195038831205,0.0031221958893601948,0.004669062329940955,0.005182100360697675,0.002814628437735402,0.0017818795168669979,0.004770436202914659,0.002495432396264101,0.003548970171186449,0.004564721180220773
1655,0.004776673470852742,0.0032538697874051926,0.002037978943253256,0.004305094537753178,0.0025758727339037684,0.0034141592325684627,0.0045133044770900395,0.005429097834013679,0.002891129690961099,0.0020364868397128606,0.004668588332805297,0.0026434656276708673,0.0038839625906217866,0.004411240376004057
1656,0.004875925136469054,0.0035604905463815155,0.0020167948247267384,0.004390427858327979,0.0022742727641778876,0.003712426710613844,0.004284205727653194,0.00551375324824271,0.003289091145931049,0.0020590970778548373,0.004760617861182879,0.0023246531404153056,0.004222973601640885,0.004197473420792593
1657,0.004656457241890456,0.0037925274624245383,0.0022097589951303644,0.004512709740332148,0.0019974087839248465,0.003908621137797782,0.004188936436669374,0.005280931354807577,0.00355099729798299,0.002200221613691569,0.004880680614559351,0.002029969820980254,0.004445417588037947,0.0040843405563780796
1658,0.004382431559052126,0.004111768709292165,0.0021218036433401193,0.004772228541212656,0.001894485955962853,0.003869252777847878,0.004327451704667497,0.004982229647431981,0.0038663394462540436,0.002073352085445102,0.005159896523641305,0.0019209481858636578,0.004408128742936595,0.004201903871709936
1659,0.004117281293306338,0.0040975068041404095,0.002005785779865715,0.005099223778529828,0.0016104477892800724,0.0036111749950447614,0.004403108276023671,0.004703231654550758,0.0038350385887401346,0.0019043025047532313,0.005511042993141964,0.001620660361012933,0.00410859566164993,0.004238374423014917
1660,0.003994661797705286,0.003920136751784085,0.0020750935330819684,0.005195960973476366,0.0016420267876486488,0.0032832499466791732,0.004379190191900998,0.004596150075626571,0.0036071278121484465,0.001917893833353696,0.005618192914824421,0.001653596841642626,0.003726597551083272,0.00418015923057511
1661,0.003865136876845029,0.003817422315670242,0.00207386938771714,0.005564429707698209,0.0018810892962732122,0.003080276147938326,0.004485786634620167,0.004436065803663344,0.0034806999977153984,0.0018786489328157445,0.006023113385881183,0.0019141003114794921,0.0034862876458693222,0.004261968264418297
1662,0.0038092633731932994,0.0036926992532645224,0.0024143310588872285,0.005800227921905126,0.0019371466197910304,0.0031585011049102486,0.004575542222545526,0.004360188842697578,0.0033301849027796647,0.002216856118434198,0.006287886049037952,0.0019755250123548846,0.0035803970824921923,0.00434188597610055
1663,0.003729132186865396,0.0037001392320402705,0.002439334357661113,0.005900243580498205,0.001995916486170319,0.0031882192538469196,0.0045676577490721074,0.0042663817141768345,0.003308571248858422,0.002235840962555145,0.006402936827132066,0.0020342001813584234,0.0036141703699134413,0.0043307415497151735
1664,0.003592520234150392,0.0038535819386357577,0.002346110971617078,0.006106659080430869,0.0022657335662048723,0.0032164506784372014,0.004464520776022198,0.004114272196938615,0.003445744907953283,0.0021689623488030047,0.006692628738475239,0.0023321847702807742,0.0036760967913082036,0.004268998304529734
1665,0.0035090995386225,0.003967824380266344,0.002253034165620803,0.006123373309363868,0.0022872028708069113,0.003292061645498007,0.0044875917337710665,0.004008740175518886,0.003555712924431357,0.0020558043344258534,0.006702010921290979,0.0023456472746029005,0.0037601319767208412,0.004291881713405021
1666,0.003467014658659227,0.004080424681102146,0.0019692681512614198,0.005809392944881232,0.0020259926077035037,0.0035068001223767967,0.0045708517964123405,0.003987922657658051,0.0036937588897759995,0.001739817468875171,0.006352089818336754,0.0020514519233347296,0.004009422701117963,0.004404487707711351
1667,0.0035260744239577497,0.004148118747502298,0.0019618380185776143,0.005649436730839974,0.001986877732946609,0.0035512200195519893,0.004593260105309423,0.004063094191096942,0.003758131883204741,0.0017207559721063744,0.0061620495815176805,0.0020009100480098884,0.00405294116301402,0.004427520548351152
1668,0.003632733911931167,0.00422491387285751,0.002064361653254308,0.0055097745872599285,0.0018726308248723678,0.0035003999541245367,0.004686143317558273,0.004196265223076958,0.0038542602609115484,0.001798354548886736,0.005997255730333956,0.0018781196320128246,0.003989833205951276,0.0045230123262202816
1669,0.0038284310880638602,0.004222443458545914,0.002033318798181746,0.0053615680147855935,0.0019490896360775032,0.003467551173955644,0.004661076722575975,0.004403325884462207,0.0038170094525894235,0.0017720047852326532,0.005822933724102642,0.0019545686741382537,0.003950154349832706,0.004479569392364955
1670,0.0038887344701104844,0.004062521914279153,0.0020734029251361025,0.005363320290694776,0.0020722393742474165,0.0034577368752141415,0.00446543088824742,0.0044621798652186165,0.0036050134671169335,0.001821022931006899,0.0058173168432264005,0.002083946137597512,0.003934209113943964,0.004263796910081712
1671,0.0038732829403891906,0.004058595023858282,0.002081666525747111,0.005392463194512654,0.0021915246147643933,0.003463249930845937,0.004346361418315737,0.0044296493731719585,0.0035706407034017743,0.0018521314004529825,0.005841416042794273,0.0022076767903605387,0.003935332039657981,0.004134252948432028
1672,0.003838588516045356,0.003952347698026921,0.002042092083590987,0.0053918819092215985,0.002194623103198087,0.0033682767705471976,0.004352859413624363,0.00436840304063372,0.0034159366789422016,0.0018325889472216353,0.0058340780129288805,0.0022105245438718453,0.0038259361810005256,0.004139987650927051
1673,0.003770312246659115,0.0037864412072227934,0.0021091064486373793,0.0054671774733471585,0.0022024491841694835,0.0033622143797367894,0.0044524520177979575,0.004294329674943289,0.0032287661100488477,0.0019158626385589253,0.005911026167602981,0.002214645320180516,0.003818653867627052,0.0042534072011845385
1674,0.003722370763627318,0.003790501167611036,0.0021427345960604665,0.0055577289222593605,0.0021870204910596947,0.0033126253913582163,0.004589392051757802,0.004264201043299266,0.0032262754752132535,0.0019734135555556694,0.006004204076803801,0.002189014392560959,0.0037614374264144162,0.004402076819885251
1675,0.003673612622848806,0.0038219961828628206,0.002141123583818365,0.005620667262747479,0.0021341937894200375,0.003273856487566731,0.004670268654127751,0.004231192908623534,0.0032461387368554837,0.001958550007520588,0.006070973888036106,0.002127674909423778,0.003718774142367452,0.004491303990348392
1676,0.0036394132072096593,0.0038723955309899827,0.0021076159576908357,0.0056433028464360005,0.0021542657778424457,0.0033115609768677064,0.004737144628829144,0.004202108012221716,0.0032866021845268543,0.0019132598963737986,0.006093560467143045,0.0021463693399148506,0.0037595796095562617,0.004558622370926345
1677,0.0035675229058677246,0.004025924034807411,0.0020352422463241334,0.0056552718268811164,0.002239149297789131,0.003467005095271384,0.004797378455093275,0.004136081987388071,0.0034323448815369523,0.0018184115898173146,0.006106998259402934,0.0022345376978956024,0.003931746879677033,0.0046195876350823345
1678,0.0035786209124923337,0.004072874366576288,0.002043961388564421,0.005648278967069216,0.0022740673942608877,0.003516243841217408,0.004803910295116829,0.004147119209897024,0.0034781218987643874,0.0018238256663860256,0.006100125875525105,0.002271956463984969,0.003986458141655252,0.004619871323491356
1679,0.0036629197048209925,0.0040984782373159985,0.0020669759672654092,0.005592672891769164,0.002296473600533691,0.0035509121927144627,0.004750588067199894,0.004222233732176915,0.003513943671381969,0.001841764266841366,0.0060418626135633835,0.0023000731471234078,0.004024501123773322,0.004546293780739747
1680,0.003715181762309941,0.0041178940842513,0.002100698734896113,0.005554345338294513,0.002312969452676321,0.0035869676169500908,0.004787063854225562,0.004272279022844303,0.0035338706949367164,0.0018757473637672497,0.0059996513521629125,0.0023190102818090395,0.004064877458452041,0.004576498639305193
1681,0.00379006525645918,0.004088455232343299,0.0021372958134400068,0.005499088055497435,0.0023416983064713866,0.003590280474493968,0.004848242194568768,0.0043428712942788425,0.0035022335773487703,0.0019232850101211264,0.005939202534256338,0.00235001523547213,0.004069973826618584,0.004636938970800836
1682,0.0038558397117913075,0.0040646435439279475,0.0021916287838705853,0.005449791519097924,0.0023158653916998196,0.003613076530158932,0.0048744013411435,0.004415590303027477,0.0034746899369686845,0.0019826347460824177,0.005884785452607995,0.0023248587412720754,0.004097404852487079,0.004658110455950701
1683,0.003849677687845687,0.004124540244924375,0.0022941838634132658,0.005498965898276435,0.0023042018005317586,0.003671937242695555,0.004932181607685309,0.004418045664731064,0.003536233387497349,0.0020750467960103805,0.005935003216070223,0.00231351956048642,0.004163728848726961,0.0047123605555644725
1684,0.003855777660651039,0.0041509358464907895,0.002251227721031628,0.005562434871076178,0.002364521803569579,0.0037120731580300385,0.005004145590192651,0.004421056537272155,0.003551948367138768,0.0020263765846961442,0.006001891156906088,0.0023791548181035507,0.004208053415236957,0.0047880164456294986
1685,0.003926136965270465,0.004202671839507368,0.0022092318257846675,0.005627269483948197,0.0023845250403668524,0.0037655446698832097,0.004989192929315397,0.004500944068702993,0.0036029312250563652,0.0019883659349544595,0.0060711341972300185,0.002403660852523865,0.004267419059264596,0.004775185394240405
1686,0.003964032053169474,0.004288479053495165,0.0022256369011742407,0.005729254745924078,0.002400733132092807,0.003827046386634277,0.004965517158035315,0.0045464204158910905,0.003703338871763282,0.002006016983373593,0.006182143624419039,0.0024229787024073143,0.004338592340531207,0.004749836111273888
1687,0.004038543527516203,0.004318131626621694,0.002116239557134538,0.0057142315058589955,0.0023890979068862655,0.0038020879822467032,0.004970172959209859,0.004633825718128373,0.0037272509050102955,0.0019021108821525882,0.006165108580313496,0.002410826994246357,0.004310574143761531,0.004753443382753098
1688,0.004117196716697418,0.004287887591563916,0.0020920936460557724,0.005671269217178784,0.0023785109083362724,0.0037876884033708124,0.004950853052957648,0.004727733015852205,0.0036929326094350076,0.001898204135089414,0.006118141008190993,0.0023990274992092353,0.00429286559316664,0.0047318023125076025
1689,0.004168312174221578,0.004302161727397769,0.002107169002605363,0.00572581668067722,0.002362379801922044,0.0037898747008476962,0.004981069514622194,0.004789223922158645,0.0037004327627463956,0.00193202336161635,0.006177426333014482,0.0023817024853020554,0.0042939148087125,0.004760386738696249
1690,0.004196600655407723,0.004306745210634311,0.00215482647783201,0.005820622090110911,0.0023431374016468936,0.003744147095575926,0.0050600763346397935,0.0048304649033431655,0.0036851816142404077,0.002007554157698151,0.0062806724941598556,0.0023587699372159916,0.004238627752587583,0.004835692523761547
1691,0.004223592905014335,0.004327214082281154,0.002186465617951598,0.005936536635554141,0.00231579657817155,0.003760405350187246,0.005123900589323291,0.004865196893885961,0.003695690787435451,0.0020460229234382926,0.006405346049396706,0.002329493594960082,0.004254902924772265,0.0048991764328914405
1692,0.0042232628511355156,0.004404052087803771,0.0022597499288290403,0.0062380756545019934,0.0022546537945694403,0.0038510091776160714,0.005229591792266019,0.004866139170749973,0.00377279663424387,0.002122354141514068,0.006730598977742639,0.002267135896590449,0.004356127646972622,0.0050071457273931684
1693,0.004238177410943603,0.004447951090818727,0.002302441710124878,0.006318367670749594,0.002241357333550441,0.003924888097578371,0.005284089226430747,0.004884164060209864,0.003809096413724937,0.002160916180565064,0.006817380672217873,0.0022538600503374585,0.0044384381648575645,0.0050635530123159175
1694,0.004240692427957738,0.004474842541009537,0.002336125802995181,0.006262063573838505,0.002252800315312169,0.004035965020739527,0.0053152139062404525,0.004889188556250706,0.0038262148362509744,0.00216749956953067,0.006756724467951996,0.002267777872769876,0.0045636122555803215,0.005095863410980607
1695,0.004238789504323137,0.004505023401242783,0.0023793036659892366,0.006246546396793425,0.00226633064297015,0.004099502646789758,0.005360989013266259,0.004885957031852683,0.00385423004373534,0.0021932279682776493,0.006740389457389352,0.002281781129922734,0.004634498282201126,0.005142639237564009
1696,0.004214824669908414,0.004533884238058907,0.0024384810719749513,0.006095125579819506,0.002303652009871254,0.004164877529743072,0.005382180933989581,0.004850933598217922,0.003889256627579528,0.0022382171451485362,0.006579110858370075,0.002319025994636222,0.004707623419765141,0.0051691291872544886
1697,0.0042965990515755805,0.004517694598856496,0.0024659615586768496,0.006050172062210108,0.002363837596666632,0.004170373515434143,0.005421790923772209,0.004934943888345512,0.0038529384515469376,0.0022448613270696733,0.0065322008682749694,0.002379590062434959,0.004712366359797201,0.005209962302210967
1698,0.004301847489713916,0.004545978060820897,0.0025339375540598076,0.0060493619225677345,0.002353786890082209,0.004174431573269686,0.0054648230471469085,0.004950216511674733,0.0038797070580383823,0.0022977921956706497,0.006531715377222878,0.0023668409828380282,0.004715321390635051,0.005245595369834824
1699,0.004354839839723797,0.004549340700237132,0.002624439842226911,0.006125581392332838,0.0023167389281137213,0.0042294695214153515,0.005429667368066951,0.005026218560881603,0.003883955077346942,0.002379299551529708,0.006614473705936878,0.0023326330493923875,0.004780283538897291,0.005214846237009804
1700,0.004472226677379122,0.004607674192612458,0.0026576604173967656,0.0061591015292001275,0.0023086630847131114,0.004278316479601075,0.005337676257613116,0.005170965962416034,0.0038965136733580966,0.0023916166637244257,0.006650570626977121,0.0023273305730302785,0.00483595067094054,0.00511282361505263
1701,0.004540763056585885,0.004718861235935383,0.0026728069686208647,0.00608581578249857,0.002327528320285957,0.004322107359329023,0.005235211406737516,0.005255659597090528,0.003991410884139043,0.0023962149909295787,0.006572639667963883,0.0023499596596388726,0.004888466388935908,0.005001107727320052
1702,0.004629508711799387,0.004730079934780461,0.0026594910749403737,0.006084339422758828,0.002409028483837106,0.004349090019269145,0.0051865964453026445,0.005367556466308729,0.003989564699380002,0.002373612873805559,0.006574761285674261,0.002435098619835599,0.004928710965825114,0.004954357175248426
1703,0.004658722094314612,0.004780204547092864,0.0025840596748830024,0.006090077380644479,0.0025092406213587924,0.004354033105430326,0.00528815745986839,0.0054041017432431716,0.004025862048841886,0.0022791561910148446,0.00658217859646832,0.0025347711417328792,0.004936067180010459,0.005050341676948909
1704,0.004681709586610577,0.004853468664594509,0.0025294727860808645,0.006146908789810073,0.002574212518510035,0.004376854263181858,0.005369103604388641,0.005434953814504123,0.004105124448389361,0.002222095868078813,0.006645466604656354,0.002602524526485055,0.004965394730671846,0.005128029277587646
1705,0.004683312986042525,0.004906556943864903,0.0024234114722503424,0.006379427646042452,0.002631941702619513,0.0044352326953808,0.0054965688856251195,0.005453324623146115,0.004199011417617677,0.002136919377973647,0.006894309994062198,0.002661595090473709,0.005032356984099161,0.005250600254748747
1706,0.004694477570496931,0.004990630054113498,0.0023818908002071577,0.006425780255031536,0.0026479695814440787,0.004475588639071782,0.0056306455714356255,0.005472202974281156,0.004299716616982945,0.0021006689097864467,0.006944092254985271,0.0026770704306716105,0.005079349007205071,0.005381449081407195
1707,0.004621933483295199,0.005168988535119212,0.0023483235261649387,0.006325348941042778,0.002631452431873964,0.004488659331872767,0.005852306927800093,0.005375431730053455,0.004499805742671755,0.002073759409982072,0.00683620930585873,0.0026609072684992837,0.005094345157846714,0.00560663574292373
1708,0.004629619118215653,0.0052481649300861796,0.002387058751120214,0.0063574241130282165,0.0026198810448995052,0.004533220674429186,0.005930740238136039,0.005385777323078276,0.00458650034563497,0.0021215412764154103,0.006872463902841178,0.0026504241434241807,0.005146878511596795,0.00568281678225936
1709,0.004705620758260414,0.00530889101247695,0.00247692214753323,0.0064009360716528515,0.002588288193137809,0.00458779747369042,0.005935109818090105,0.005489364671421373,0.004642868406751839,0.0022232444207060413,0.006920314347769716,0.002616655395403574,0.005210152584909004,0.0056783944163393005
1710,0.004692788796835387,0.005232517295741416,0.0025989672775908524,0.006356321508824278,0.0025323734765787358,0.004635226239204282,0.006062332798260097,0.0054682121833088205,0.0045624531711592545,0.002337740659750684,0.0068758709425303585,0.00256428960138539,0.005267678452216112,0.005814248741918997
1711,0.004700137732415757,0.005165278696695551,0.002763744487287242,0.006507686571267572,0.0025491881906893384,0.00470815519483825,0.006032021420080539,0.0054535281403991455,0.004468583740857436,0.002501640631818196,0.00703774789379664,0.0025825738771221712,0.005350930011510527,0.0057814192420180535
1712,0.004821896308093963,0.00517092180929788,0.0029049248836181267,0.006674442755370115,0.002611894790516876,0.004666447106133204,0.005979954668309953,0.005599039667357497,0.004459543827173229,0.0026401325382826198,0.007219631349811944,0.00265199858656875,0.0053035922190533,0.005725309977608144
1713,0.004877336008717537,0.005185093116700984,0.0030077828653300364,0.0067335056679751586,0.002734650949850241,0.004651543453543123,0.006064734513173096,0.005654415734559537,0.0044434504658801156,0.0027461982541765995,0.007283646517721256,0.002781634734338375,0.005287808613481463,0.005813948860726935
1714,0.0048735152514358645,0.005208097633298099,0.003113792702279011,0.006875624699805334,0.002877209371724426,0.004670358326176276,0.006163922958317969,0.005636147108300933,0.004442492090884918,0.0028652757411882623,0.00743788976434143,0.002928796053517517,0.005309177927018447,0.005919400213135297
1715,0.004897608421945918,0.005201154722525396,0.0030794769567277828,0.006916504496775912,0.0028971552178102492,0.004642263689931018,0.006285097441868231,0.005681271068311535,0.004425220083304351,0.0028396274693814156,0.007484374002342653,0.002949390559510421,0.005276288813783934,0.006045729679099354
1716,0.004909912419490476,0.005239934229308122,0.003012157498605179,0.007005018390918984,0.0028856097464447375,0.004635861594126632,0.00637724471913598,0.0057012988961192695,0.004446262556877693,0.002781958236275381,0.007585301938650581,0.002938186758192553,0.005270810221336348,0.0061402164705734235
1717,0.00491491741531383,0.005167709879117762,0.003010248252998506,0.007119338486472297,0.0029091936576621097,0.004620081597396701,0.006462728752012414,0.005694754821867483,0.004370878559812706,0.002777030864831573,0.007714065913447253,0.0029640796848193272,0.005253171119936163,0.0062295808073179705
1718,0.004990089169819464,0.0050999600563444245,0.0030385831811991547,0.007144111382391587,0.0028829959655491838,0.004587763218605545,0.006472986058323079,0.005763642883289313,0.004298257569396517,0.002801649472421798,0.007741920721789231,0.0029362809162328017,0.005215374522684872,0.006231322507808528
1719,0.005039990448984003,0.005129768654405765,0.0030444759857794854,0.007205066232335064,0.002927885965295132,0.004604786240353502,0.006462683237348675,0.005811009901319573,0.004324517745339785,0.002806260794322705,0.007809734136813205,0.002984127675224265,0.005237753546888738,0.006218445330460383
1720,0.005097032532802528,0.0052092843311939705,0.0031036867991519027,0.007306595461668239,0.0030594326366444498,0.004675580222199914,0.006392412798682925,0.005913139602050266,0.004447852742474087,0.0028930324312820637,0.007997217507907495,0.003152740071874274,0.005377124577851149,0.006204880917448312
1721,0.0051610477016897265,0.0052593276061253715,0.0031147466256327837,0.00735060938373023,0.0030865489821444254,0.004741239873576403,0.006387238788800351,0.005970162965117747,0.004489972582542281,0.0028921153852582257,0.008028615219354097,0.0031755075364454433,0.005444218024678121,0.0061860316042058675
1722,0.005236998420057888,0.0053793774560328975,0.003073134640439182,0.007362023644176387,0.0030840539070604053,0.00483893220406588,0.006367843620202334,0.006056986626339607,0.004602377934109671,0.0028470189642727426,0.008023350742829647,0.0031671114764251183,0.005548554412829684,0.006155629903328324
1723,0.005276167574514439,0.0054498221204229095,0.0030745642714941276,0.007395974427226687,0.0030560433193397487,0.004901887437991364,0.006379048000499854,0.0060959126341195635,0.0046558773693462325,0.0028330481972191806,0.008047080065284326,0.0031329563005908128,0.005613702058385683,0.0061595243304813
1724,0.005332900980726561,0.005494794269654518,0.003099103740055307,0.007404113743438027,0.002886302757788226,0.004929057188204158,0.006448101677372899,0.006148351077465973,0.0046620117335304636,0.002821169511502127,0.0080423061416856,0.002950110478145825,0.005633699726695793,0.006224606190894764
1725,0.005363949157527143,0.005501929769370588,0.003113524438544305,0.007448440955862915,0.002858906006706048,0.004980829376917775,0.00646777805479236,0.0061685293485421,0.004647936891479429,0.0028174739918609025,0.008067337617626525,0.002914085395736973,0.0056756933759514894,0.006225341598470127
1726,0.005334821380368181,0.005489120574282141,0.0031505626547283128,0.007547463081001183,0.0028770684991670722,0.005034572857257087,0.006476515055276389,0.0061386804887137054,0.00463165727904808,0.0028569776829292675,0.008173395422695868,0.0029329838954594628,0.0057357521140154535,0.006235090081662255
1727,0.005342772490683505,0.005473388489935823,0.003158681513388732,0.007571477222885884,0.0029240258928968873,0.005087792216013322,0.006454947398916982,0.006154708404500335,0.004624071331066315,0.0028466344510493214,0.008198614495269001,0.0029824152289156694,0.005795066055827972,0.006199264949405512
1728,0.00540674166716123,0.005380525578115265,0.003207292915798008,0.007576326004511505,0.0029766028381650175,0.005147743677410692,0.0064939211614287035,0.006230879840057646,0.004535970082437926,0.002887799134462678,0.008202517083123952,0.003038245470587214,0.005859266274142388,0.006223538672099246
1729,0.0054026310167682,0.005390112492068134,0.0032006208806414243,0.0075511366107006124,0.003086101201489604,0.0052031081802041395,0.006491134784516885,0.006240623456507346,0.004563421211179784,0.002884847532195098,0.00817700687379078,0.003156138587755156,0.005921424470156628,0.006210168994975892
1730,0.005464254452619854,0.0053905660400527045,0.0031745852073136495,0.007494408532845902,0.003097509609409224,0.0052190427643906325,0.006502171691561087,0.0063142958682497205,0.004538594056021159,0.0028543869233148573,0.008114159173429345,0.003168996742732051,0.005940067277197628,0.0062009430887129844
1731,0.00554899984298042,0.005416417230902056,0.0032402122239685626,0.007547236405829788,0.00307538434890451,0.0052322245411966116,0.006630601359555561,0.006405721024210988,0.0045439583183203005,0.002917314386618296,0.008170064877384246,0.003149302317075356,0.005955272595974043,0.0063290385002618375
1732,0.005574399449222267,0.005559912807345538,0.0032819473881912603,0.007626234042852728,0.0030990183307464314,0.005243502195259621,0.006721668020673665,0.006430782384828818,0.004693042651185984,0.002947772394051771,0.008258082240618352,0.0031795158050481878,0.0059689394574002795,0.006421386403904045
1733,0.005698668354792892,0.005614253660074213,0.0033306066284214363,0.007729995342865415,0.0031582879495209767,0.005324920463823122,0.006834805373476155,0.006560998453426618,0.00473192901310497,0.0029949524024644554,0.008371425373944575,0.003244378963191047,0.0060642210512137475,0.006535667472757438
1734,0.005766764120115174,0.005686483331779782,0.003365359259216817,0.007779070276503923,0.003191405274751084,0.005372695137339492,0.006878350465177443,0.006632449021162171,0.00479983648510075,0.0030255980642959206,0.008424730843909772,0.003280853359460257,0.006118024826941911,0.006580978386654135
1735,0.005819071806324039,0.005823140169054204,0.003417389787131331,0.0077919421135465294,0.0032195162079080046,0.005424551441521967,0.006882243827322279,0.006686924742152107,0.004951101600399697,0.003065222506482587,0.008443629564009195,0.003312035741493471,0.006175546495337861,0.00659091286116653
1736,0.005845607067927898,0.005848414284506097,0.0034498272906205787,0.007792084418978411,0.00323475265254411,0.005464243883487065,0.006881472198460626,0.006715654255616466,0.004973430020551369,0.0030995706572151,0.008446764610961098,0.0033304082414115947,0.006221067628078416,0.006594141036422088
1737,0.005856747929594238,0.005759242470269331,0.003452035089369288,0.007734377321389773,0.0032347556323794858,0.005500035941565906,0.006789113278725512,0.00673069474013743,0.004864904755175486,0.0031115734867873724,0.008384287170663572,0.0033309198247769047,0.006260415708653537,0.006506213671161858
1738,0.005855888799417036,0.005786988286799086,0.0034457073664003438,0.0077388063165896555,0.003224335404788024,0.005509847904302236,0.0067788327351248874,0.006731278611482122,0.004890679610838186,0.003111407877533533,0.008388395558778778,0.0033215040109565207,0.006270905031425794,0.006496795369050295
1739,0.005785242054432181,0.005824820066643056,0.003450611215703881,0.007759079942033815,0.0032303423658659345,0.005518333892661152,0.006838248597922178,0.006656954698252646,0.004931256180294484,0.0031394731859129676,0.008407372993701928,0.0033304581237353754,0.006281197535091299,0.006555261900647265
1740,0.005806591377779743,0.005851141361115117,0.0034911154262870785,0.0077973012593767895,0.003230008010266098,0.005536388880177365,0.006847553930466178,0.006676147182509397,0.00495654289913869,0.003184308843355599,0.008447623770673977,0.003332635409307577,0.006302828397092101,0.0065656059762683626
1741,0.0059219363302094674,0.005935113996748301,0.003479944005730189,0.007838001026133837,0.003189800277990524,0.005518027599983282,0.0068181435736671195,0.006793189866464206,0.005046914361685568,0.0031680691320705692,0.008491492000571891,0.0032942556343254067,0.006285180594975887,0.0065341874297063455
1742,0.005920721701161202,0.005996130856120731,0.0035513485919439476,0.007959366277112932,0.0031761378075672213,0.0055197759885838365,0.006883356126052651,0.006787780575562298,0.005107345532956909,0.0032350273632556132,0.008620837134420842,0.003280673390962998,0.006286823915889856,0.006599348889890625
1743,0.005921546908158831,0.005973653891166401,0.003743315327476948,0.008107716412930743,0.003255862068975083,0.005593170905316672,0.006869931103214745,0.0067797556783955,0.005081467091361924,0.0034039854908690316,0.00877964116416673,0.003364325769605325,0.006369548831942821,0.006588605664125164
1744,0.005918556850246483,0.005969327642497552,0.003770226599301308,0.008213036812203546,0.0032294565761673438,0.0056185295377018845,0.0068937479958553274,0.006772581524495326,0.0050783843514981145,0.0034099450237598176,0.008894806607014251,0.0033374619712633912,0.006396170010414541,0.0066211239691397646
1745,0.0058257011754975566,0.005987577874583004,0.0037973697571999903,0.00831021126473427,0.0032560282198707924,0.005692350821454745,0.007021368677323117,0.006684889786015414,0.005093916094045676,0.003421418093052944,0.008999140230897328,0.0033630433902012064,0.006477520814230949,0.006752694201516321
1746,0.00581888467731377,0.006017203962876012,0.003788449184851858,0.008369052014350332,0.00336954326813122,0.005768884765081209,0.007046461871443441,0.006686761565015753,0.005118488918494878,0.003406113954250606,0.00906436503240783,0.003482478835191064,0.006567688546633598,0.0067752508176662715
1747,0.005926468647951422,0.006069492708395627,0.003711298238460068,0.00834397222765338,0.003412585354949552,0.005733719506664925,0.007088572818291865,0.006795244452266723,0.005149275017635635,0.0033404774254629593,0.009038147130135066,0.0035300879298251295,0.0065302341827493185,0.006815357899264744
1748,0.0059834258560579855,0.006083890348577212,0.0037492824829109647,0.008290704604751349,0.0034999006189096768,0.0057317377913145345,0.007208315323631669,0.006863311270514451,0.005139121420537222,0.0033803135999489198,0.008979908436279384,0.003624283945455427,0.006530045801332043,0.006931670137159546
1749,0.006003152873549998,0.006109649349202029,0.0037824779344197393,0.008284471055012272,0.00354406953496352,0.005750471266365585,0.007277361823240554,0.006892656183402646,0.005151197444379618,0.0034089668887998005,0.008975137913625897,0.003672593053255174,0.006553666258631236,0.0070035954769320724
1750,0.005973120481624474,0.006106907665123605,0.0038946426918107357,0.008257289283423851,0.003558774721772691,0.005741503092690826,0.0073286190960144765,0.006864382464554371,0.005124666748596674,0.003511214340519606,0.008944664258707873,0.003688130427569191,0.006541401046694478,0.007063527636439878
1751,0.006003379073406994,0.006175680711627541,0.003934658128743825,0.008320707143543138,0.00357522143701519,0.0057779258662313685,0.0073907017235632895,0.0068980277518497024,0.005192048282800845,0.0035413220982564125,0.009013356266287303,0.0037070313429877775,0.0065837971949364955,0.007127384251271165
1752,0.00603328317479862,0.0063132741930217945,0.003943344439572214,0.008482802738332585,0.0035566518218468034,0.005880860257584537,0.007448949437125054,0.006940395689915981,0.005357784888919735,0.0035264107693948024,0.009189209509863662,0.003687905873953457,0.006703544796279193,0.007185120909118887
1753,0.006089000088488347,0.006392679964073913,0.003960908118251973,0.008588628648877602,0.0035822800843239126,0.005942201457076067,0.00747981949562804,0.0069984801558561965,0.005440709789581888,0.003541605855767354,0.009303726705075732,0.0037163254528541087,0.00677347511979995,0.007214964928665583
1754,0.006194238495366696,0.006488742800983673,0.00396158635143148,0.008775176514829902,0.003662471667178959,0.006006478646543463,0.007518993707102159,0.00709458477783327,0.0055402988822317294,0.0035586207190547313,0.00950816947312747,0.003805317915538642,0.0068483222292239024,0.007252027608889347
1755,0.006274794646836482,0.0065441419639816365,0.003978293681630901,0.008842422147896115,0.0036768129684385284,0.006056856069678339,0.007500502716874447,0.0071746538862989635,0.005595721033659622,0.00357827194899171,0.009579881527164186,0.0038225053114724727,0.006904949191676868,0.007228966844883201
1756,0.006379820400524655,0.006551291231570754,0.004008274514816093,0.008813895222689438,0.003685775530477167,0.006097556072007924,0.007400372191017358,0.007283189268270704,0.005595155143733124,0.003619614906373603,0.009545477856184781,0.0038322571288803295,0.00694900967671456,0.007121244873537651
1757,0.006373485569033816,0.0065460768005434515,0.0040544055328562995,0.008784439925427915,0.0036710462243930105,0.006123422543609453,0.007406104550354379,0.00727797956697052,0.0055785928643981636,0.003661882344524989,0.009517542218246522,0.0038213218178377076,0.0069781389970369175,0.007131037408100042
1758,0.00639424525485389,0.006502514089000632,0.004088368639401409,0.00874976707258193,0.0035989535846819567,0.006121016661227718,0.007335622829885668,0.007306498341941714,0.0055200533783610894,0.003677779362746273,0.009487447836764421,0.003751105340959992,0.006975724218117279,0.007057890460336793
1759,0.006466560682938074,0.006519076751528474,0.004050293770143463,0.008704127063678789,0.0035495321386000704,0.00610604507041224,0.007275695143353054,0.007381492359489714,0.005527877594048459,0.0036328815164737172,0.009439874105384934,0.003703106991819308,0.006957929575013783,0.006987343695378791
1760,0.006504838239725058,0.006492834962296382,0.003973371891666215,0.008700842303263812,0.003507697759089092,0.006116279047658572,0.00734685070414102,0.007422154511125361,0.005491331804291873,0.0035510063440687906,0.00944035876120113,0.003662946294926051,0.00696876034719026,0.007063326558458502
1761,0.0065705347935233185,0.006392210196512677,0.004001361706876523,0.008666218314191195,0.0034832825231324712,0.006154644800303038,0.007402841739503006,0.007495424254155643,0.005359514243129459,0.0035625393994846584,0.009404832074122682,0.003641130540690178,0.0070127432626927045,0.00711910601217255
1762,0.006595028843636854,0.006429711948708937,0.004104641229056888,0.008660426985978433,0.0034981914744440026,0.006263309557546747,0.007440877055181895,0.007578790637441453,0.005438432208414531,0.003698820337186103,0.009477222631383763,0.003689141469448618,0.007198954105529584,0.007216279779687562
1763,0.0066320838910497336,0.0064923117069631345,0.004217417042085555,0.008619777740233285,0.0035640216245240064,0.0063682019164637265,0.007543928902885265,0.007574140852619351,0.005462448580153585,0.0037952759844050647,0.009380600655632947,0.0037388285544715173,0.00728238223044625,0.007286341942196475
1764,0.006643123468847921,0.00651460487682462,0.004330006002046241,0.008673500344997186,0.003578769357701185,0.006406881873778567,0.007654892694541368,0.007575685569516272,0.005446017016459648,0.0038978378379910398,0.009408242114315893,0.003743744707626175,0.007306727820482709,0.007375919327461429
1765,0.0065837397221296425,0.006632110173707549,0.004391980656967237,0.008842464587532888,0.0036235441144623695,0.006465493303533461,0.007687696910491189,0.007505273419871884,0.005557714201098816,0.0039758842482033735,0.009590754845672865,0.003790974026325536,0.007373444752184458,0.007409538708160078
1766,0.0066009948234247015,0.006680613200908898,0.004401625860587569,0.00893241817657974,0.003650611179882768,0.006476013300404133,0.0077464192429665445,0.0075218133540581955,0.005599332623215413,0.003984744942642115,0.009686641959046728,0.003819557882378355,0.007385512494914197,0.007469297092467694
1767,0.006632772826911922,0.006651280371565821,0.004289906987532246,0.009068037863934961,0.003630717506667796,0.006398819524637215,0.007836415962487762,0.007563419757178874,0.005562626857581976,0.003857411982079961,0.009831802132925364,0.003798307115427283,0.007297805607783819,0.007561701614215726
1768,0.006735844973219713,0.006680916683326601,0.00423504926337577,0.009152606557203546,0.003628715143687114,0.006405567478471296,0.00785578240106358,0.007680996327394871,0.0055912028879572815,0.003804594825535695,0.009924134803959116,0.0037983086322764844,0.007307171547342434,0.007582171922638857
1769,0.0069966856966131455,0.006760615058771,0.004150264285324312,0.00914068453222154,0.003659282702841352,0.006430447868907489,0.007815784485229885,0.007956515051630227,0.005683161689467638,0.0037260823599032486,0.009909988414750092,0.0038323217724622947,0.007337399054501377,0.007539641555613212
1770,0.00707602077882048,0.006797159550833655,0.004136700856830835,0.009191777646135156,0.0036604347513841122,0.006463797010904843,0.007837048843145991,0.008045540489301988,0.005715944723031104,0.003706843860473553,0.009960818094666113,0.00383412962660845,0.007370968894361355,0.007558238133514105
1771,0.007128168627014836,0.006836888369428548,0.00410032497315107,0.009323408697512033,0.0036266464860014126,0.006532332772834664,0.007830448962267002,0.008114943251827765,0.005746100011179315,0.003680324377692063,0.010099140875128589,0.0038017951240857306,0.007440771921749337,0.007548341812811694
1772,0.007143111805304655,0.006867130511452761,0.0041386657128391815,0.00935589214123224,0.003650318966399807,0.006585178105430976,0.00786717867713691,0.00813707132119793,0.005767811450784621,0.003706385120940417,0.010135477239615099,0.0038290235854049046,0.0074999915017646196,0.007587399618035305
1773,0.007025320619977461,0.0069099163827451736,0.0042680726143097866,0.009323569270293382,0.003696969020129417,0.00666455311818041,0.007972038746238246,0.008017732163685327,0.005794404205681685,0.0037928403272852514,0.01010072327513797,0.003878456961607464,0.007588694847052794,0.007699375221149285
1774,0.006904239003383924,0.006844131436913266,0.004427010978325584,0.009367013818565754,0.0037507884905043,0.006687352364081854,0.008024218359218124,0.007890029228389158,0.005713710238608469,0.003929235751735532,0.010150519035873665,0.003936345766667594,0.007610715356153686,0.0077494882127764645
1775,0.0069220383464296716,0.0068210373385649645,0.0045408359838899235,0.009325439380522316,0.0037964519940477536,0.006697238450664854,0.008103632920432636,0.007902607516993515,0.005679876045525757,0.004037659396579251,0.010108000587547801,0.0039850884401766255,0.007627675087324804,0.007826204960782268
1776,0.006961638167980067,0.006911805264435882,0.004710979534576656,0.009247901429579545,0.0037771813821059637,0.0067350831848603954,0.008157394166880333,0.007938376263776796,0.005780240655138286,0.00420517522944185,0.010027068260221523,0.003965364370829984,0.007677323066529159,0.007880317263258082
1777,0.007022625357481217,0.006930755847542392,0.0048039530316297575,0.009337459059416933,0.0037424832940131107,0.006727647645203109,0.008183710225120202,0.007990193946085728,0.0058113959926240286,0.004309740018404997,0.010122939825460022,0.003929038929948259,0.0076652053024777594,0.007900393294545036
1778,0.007097534579527052,0.006997423946153779,0.004854979293003223,0.009362427853575188,0.0037109387045340006,0.0067716618894971955,0.00820764005096018,0.00806793952215768,0.005880170169758777,0.004369221623262323,0.010145910926839417,0.0038962492568354588,0.007713829274391856,0.007910178591191362
1779,0.007182028623759341,0.0071167599060767426,0.004889347068520285,0.00933946372524794,0.0037045634992711,0.006833945758427947,0.0081217432259459,0.008162755648898635,0.005990896528099323,0.004390482712387439,0.0101222821690761,0.0038917074017340556,0.007782362374703767,0.007812595823570903
1780,0.007255019487302259,0.007186767117191171,0.004851256074016517,0.00940575504128574,0.0037294318649786196,0.006874224485015404,0.008064214765816034,0.008246210774924462,0.006050405997406695,0.004344211151287671,0.010199591385305387,0.003922048110771109,0.007826996126135731,0.007751770760329047
1781,0.007274519754529287,0.007316545552050671,0.0048350219850513765,0.009394665033168726,0.003744599738867124,0.006936480642069595,0.008074327754149733,0.008264798084289773,0.006171127072557009,0.0043216527204993195,0.010187158139724954,0.00394083134853187,0.007897393032882699,0.007745538578144539
1782,0.007319030342408456,0.007369044619991882,0.004785870469266396,0.009356916456111659,0.0037302661116139866,0.006973181092849242,0.008098415506292558,0.008312738261318462,0.006202042111097507,0.0042634113910827625,0.010149470554990441,0.003929605109733574,0.007939851671739644,0.007769837199665763
1783,0.007323297294379273,0.007385751759893646,0.004784552461745043,0.00938265935797187,0.003766804706705463,0.006990902705837119,0.00810317987560375,0.008320910238697273,0.006209813767543217,0.004264146200883859,0.01017744448201281,0.003970187171046025,0.00796050260134199,0.007772176976540802
1784,0.007246899733846854,0.007300358624718668,0.004839424124400587,0.009461023122999103,0.003846066205747665,0.0069658774948757884,0.008137880761326637,0.008241259976348619,0.006124481550749874,0.004333673451486603,0.010257415479512567,0.004053760368642951,0.007931571723612281,0.007800871303400752
1785,0.007281721970242486,0.007319079019433235,0.004864033950690885,0.009497375960869775,0.003885049156546889,0.0069823469943172374,0.008180466607330756,0.008277035674760883,0.006138899377240317,0.004363289517504759,0.01029502246918079,0.004095067940654115,0.00794946187123594,0.007845423513796397
1786,0.007363979037180207,0.007377558658614636,0.0049032440045575195,0.009565307416033812,0.003964882160001578,0.006999669815377465,0.00818551821694328,0.008367141319412033,0.006197609250479043,0.004412738006296283,0.01036468739308719,0.004177229514203192,0.007966214822642485,0.007859009436352345
1787,0.007399456106373371,0.007395226245281393,0.0049349302431850135,0.009596778767684194,0.003982398570289464,0.00702909928491583,0.008204139394566764,0.00840893542430264,0.0062151075375933285,0.00444403055710398,0.010399258856313194,0.004196794545514833,0.008001171575927623,0.007881815780036133
1788,0.007522916687767626,0.007447157208533091,0.004944762081868609,0.009582491230105093,0.003886922136250418,0.0070846236000585965,0.008298554583847473,0.008538240565629992,0.006256029912101953,0.004440760662499372,0.01038509151482512,0.004097719127499569,0.008066671636482775,0.007984471419991538
1789,0.007547542782050493,0.007471871385371039,0.004919293960515593,0.009576848393448334,0.0039009330530069496,0.007124519432418331,0.008337987181304607,0.008566767445490146,0.006281690488477695,0.004414029534934645,0.010381877498231374,0.004114825645408662,0.008113213815697328,0.008030476110576045
1790,0.007450762714995628,0.007391872179882964,0.004875316633543434,0.009576708932963326,0.0039720307138417605,0.007187639775789268,0.008345265169853629,0.008469194637512233,0.006212146330575231,0.004367488784085285,0.010382662489043827,0.004191781462277005,0.008186341839262784,0.008043774087590107
1791,0.007431889496404262,0.007395967982277874,0.004841382982626296,0.00957713084120221,0.003994302268394898,0.007214887619972973,0.00835813749715784,0.008448124083977892,0.00621294749687275,0.004331773921123532,0.010383173690753238,0.004216393799931927,0.008215272374551337,0.008053933522518252
1792,0.0074190962915283805,0.007483813379638763,0.00476189841675214,0.009551624771052722,0.004039889938767932,0.0072044124182812355,0.008354177297347708,0.008425900207738412,0.0062935601962988965,0.004260307163851386,0.010357351652873242,0.004266286942688253,0.008197488502361292,0.00803982459575593
1793,0.007384340831061565,0.0075225894753756135,0.0047000442828111005,0.009569281641582248,0.0041053564766010305,0.0072463822680360395,0.008343549385861796,0.00838628290554013,0.006334825664127733,0.00419422860827598,0.01037900516522712,0.004337032922559265,0.008239702201150471,0.00802226256173864
1794,0.007423937684053372,0.007503932338206952,0.004711943207010834,0.009590692104003599,0.0040892564942705285,0.0072327337128530265,0.00838495332400094,0.008439957176590965,0.006306379589016842,0.004206351075464411,0.0104042683997638,0.004321167794749627,0.0082279392698594,0.008071327792523585
1795,0.007478787343695608,0.007582557471086347,0.004744897538879137,0.009572874561818186,0.004059272997277932,0.007179680490844158,0.008422277499684333,0.0085076368077839,0.006389163591364486,0.004236338136399151,0.010386537824280727,0.00429284996922037,0.008170174097045742,0.008106248532981896
1796,0.007480330505759888,0.007606869133834779,0.004725104026096222,0.009578208278612636,0.004071109231878417,0.007239329381080474,0.00847826086053847,0.008499070695663464,0.0064304327267867695,0.004221047721474076,0.0103952039186892,0.004308385431906328,0.008244504422719668,0.008166072330579678
1797,0.0075340805295241176,0.007670883456578966,0.0048351812797121155,0.009617436353701558,0.00407026129657884,0.0072534765133649174,0.008535738883906229,0.008567674784494751,0.00649303647157623,0.004341328685183451,0.010436705908322613,0.004307029930636263,0.008267736328768097,0.008234061201911605
1798,0.007554435320596893,0.0076908282351413676,0.004875845010322683,0.009658263208930653,0.004021409425777451,0.0072330697373927805,0.008529906501644214,0.008608031536911979,0.006498421215221823,0.004386761058019632,0.01048315979627323,0.004255408733115863,0.008248880685731323,0.008223711165615035
1799,0.007524760373372886,0.0076772316658892704,0.00483253888601692,0.009739943751116519,0.003983226079232499,0.007301403440252139,0.008498437198058728,0.008572134038433725,0.006466621167072783,0.00435024691621906,0.01057771451827313,0.004215936798188782,0.008329457961313146,0.008187083559521795
1800,0.007593790736051443,0.007680806778514323,0.0049368030410961985,0.009815228953869007,0.003977304174823513,0.007297648125238284,0.008486370471726064,0.00864929225178692,0.006460976723581826,0.004447875931905981,0.010662383430181877,0.0042091269016598576,0.008326748304584635,0.008171443420832031
1801,0.007750538064788278,0.007617912267980667,0.005153995568819065,0.00994398639520912,0.00398242828225171,0.007198304126722168,0.008475403165526781,0.008835049536916644,0.006390246082719075,0.0046454514469254455,0.01080853286376373,0.004212648864593706,0.008215631713092213,0.008160769392581839
1802,0.007782081714790587,0.0076352119606188495,0.005219381240429545,0.009969683738296028,0.004014594430401876,0.007204992368157091,0.008483648639748107,0.008870303925354643,0.006404970401151192,0.0047038054457880975,0.010838321500879997,0.004247748975968304,0.008224027168969776,0.008171096512403764
1803,0.007873045805298386,0.007743942062798404,0.005396750142797882,0.009942732060300172,0.0041052548044905905,0.007232650464950669,0.008503285074501307,0.008967960344233408,0.006532570460338898,0.00486850755040919,0.010817478537694162,0.004349767199151237,0.008263042006562367,0.008203886184204466
1804,0.007852418780869291,0.007756941970537059,0.0053891781814203385,0.009924761795038999,0.00415517912776523,0.007301131767553529,0.008529831989305996,0.008945085822062437,0.006539794928849635,0.004865248360560455,0.010803590255177476,0.004406474711797173,0.008344245818929601,0.008234225102250576
1805,0.007626737725458526,0.007747274725169604,0.005112159504717438,0.009834686989090683,0.00422520969070547,0.007486153126278024,0.00859567139659218,0.00869606558169856,0.006507953646344065,0.004617052386143284,0.010707436638361847,0.004485060572003804,0.008554948882036228,0.008307431090124478
1806,0.007601942623470557,0.007764074135932917,0.005040642788561043,0.00981440623406104,0.004261027138288548,0.007550257068651967,0.008582416155647423,0.0086621184729368,0.006514044049871391,0.004553930736419151,0.0106851709692018,0.004525119065535304,0.008627578782031346,0.008289409639033771
1807,0.0076130656640455065,0.007713067599495689,0.004989066689673853,0.009835263166623275,0.004234261281742815,0.007627205445375636,0.008512481471393055,0.008661121800962986,0.0064419077064401965,0.004510149525487824,0.01071243003009016,0.004500300243228922,0.008716365028655117,0.008199463644332336
1808,0.007615527550491855,0.007730067716097,0.0049573333308410485,0.009866706063269054,0.004245158327397027,0.007611833179192561,0.00850353066466817,0.008655002049048703,0.006458532736188523,0.004485343279801837,0.010750613335330984,0.0045147044738184094,0.008701732862006956,0.008184423214042266
1809,0.007686310323743121,0.007814436150061176,0.00502794227819007,0.009927772003164172,0.004277499842645156,0.00738565274665874,0.008480064121105278,0.008730871426804052,0.00656497224948453,0.004557112853928801,0.010820835288875112,0.0045532118190405825,0.008451903633135239,0.008161589602757303
1810,0.007782035007261571,0.0078764072234555,0.0050810269010798425,0.009955353595770084,0.004288608118564699,0.007324255473275925,0.008476867270138494,0.008838552142267975,0.006642458785415611,0.0046089148077559814,0.010859126921936833,0.004568526126188538,0.00838747292016041,0.00815964034970196
1811,0.007900720648385677,0.007915904633247536,0.0051549990832544775,0.010009059169874242,0.004284745593474612,0.007281493785326991,0.00855205615534887,0.008964953474116261,0.0067021712658550375,0.004677939426966508,0.010924317997711491,0.004564246297036918,0.008340231910559727,0.008239663456852616
1812,0.008017657461889859,0.008078192141286383,0.005136846905062665,0.009966280031467108,0.00433590769307486,0.007310455790429953,0.008532730368875996,0.009131659060282746,0.0069195801254571376,0.0046770175499868455,0.010924289393697455,0.004635717445917445,0.008404263441594638,0.00824931808892392
1813,0.008110810509746057,0.00813266184774914,0.005179057383309489,0.009946345125647335,0.00431571157118963,0.007393572637324344,0.008519280043648129,0.009299523343681483,0.007003921016288305,0.004730150444818544,0.010959756137208041,0.0046384705371049235,0.00854002870364512,0.008272699883799762
1814,0.008139567813733666,0.008167087114617022,0.005147087228746645,0.009967594273183129,0.004297065140940683,0.0075088803072641,0.00849104559453585,0.009262973232544838,0.006974007295935834,0.004646532513277662,0.010898328269884797,0.004581593135488379,0.008604607481570443,0.008184103430858408
1815,0.008017796982963612,0.00817806062704893,0.0050648352818496905,0.010057121056028734,0.004347807963111758,0.007582370000365084,0.008431707026327331,0.009161731292063238,0.006956147305136759,0.004558523262625833,0.01100140404930831,0.004639021091738169,0.008697553673848061,0.008140796403175325
1816,0.00795804325199394,0.00805349671454249,0.0050549081823149655,0.010218195976519046,0.004387810382801356,0.007637798760873417,0.008464328177887996,0.009107532901905286,0.006796273964000462,0.00453907151567202,0.011176689642094098,0.004683224640077735,0.008764561943303857,0.00818604745846942
1817,0.007959094285292645,0.007967851717366614,0.0050288916255024,0.010197617349095578,0.0044659395623986116,0.007623956185239472,0.008541330960946536,0.009101744319561603,0.006713119065646968,0.004506627970819929,0.011155386146724332,0.004767949975976026,0.008748504313861087,0.008277558279617772
1818,0.007962219692345267,0.00795089192540917,0.005099164796513423,0.010205513791798813,0.0044877120470750535,0.007662069240362452,0.008584800573918834,0.00911745172353138,0.006705804988522689,0.004581063098554092,0.01116944738082898,0.004793982305019909,0.008796251537320022,0.00833061103497678
1819,0.007903651369899909,0.008033679063015026,0.005257632306209544,0.010222183338608406,0.00439139996845299,0.007663004454205627,0.008683289932861262,0.009042385383885916,0.006830508031376079,0.004738305565792137,0.011191499025480469,0.004696306829509465,0.008799460604428468,0.00842945633446712
1820,0.007796470748093768,0.00816721016672243,0.0053535852013761945,0.010095745094406916,0.00435574488307107,0.007587251841389358,0.008846527205217652,0.00893351559083965,0.006999939382210482,0.004827517783416612,0.011054122976507218,0.004662393933020485,0.00871537984202697,0.008599842038022856
1821,0.007800030537860371,0.008237029677161587,0.005387677597280333,0.010066630354826979,0.004351486000384456,0.007613806937948904,0.00895628933648474,0.008951357268244834,0.007081684612746125,0.004863186637283592,0.011029185923085001,0.004662379957950365,0.008751042047171673,0.008716857705074974
1822,0.007827960883648972,0.008362508055190803,0.005375037784717018,0.010130696742416595,0.004350090330274596,0.0077315945089450186,0.009059836620143091,0.00901007737363477,0.007207452093730424,0.00485347709582529,0.011108548915524335,0.004666217872092777,0.008894057184982377,0.008823413170328183
1823,0.007879121163160923,0.008381864521531576,0.005395058289022596,0.010160525270019686,0.004384052881933099,0.00776504218349293,0.009139262548267081,0.009066531066982254,0.007210482476056708,0.00486887032808805,0.01114435826396181,0.004704859391251728,0.008934078142369819,0.00890669367768913
1824,0.008073767425254511,0.008282220905358243,0.005381400265244553,0.010127533397765986,0.004507833407767071,0.007819529123077219,0.009210060620832404,0.00927898178113286,0.007059551707176159,0.00485735182245648,0.011117299530062777,0.0048395113273225114,0.008999019252902807,0.008990576542895432
1825,0.008152688921505048,0.008263713547330197,0.005349835611003343,0.010203128886377701,0.004535272236860908,0.007847997435202866,0.00922453023256485,0.009365451915214484,0.007031046030465984,0.004825421646035688,0.011207159796520616,0.004872371230603813,0.009034839769377617,0.00900974202160857
1826,0.008157399439984026,0.008235797479643855,0.005325927960609094,0.01037008628154853,0.004521630483947522,0.007796490985564091,0.009160842524914939,0.009348760537272457,0.007000439594708924,0.004786249436299621,0.011392541624156916,0.004861668876491641,0.008976727245959278,0.00894763161949288
1827,0.008181850813613162,0.00821996249998275,0.005324490434984952,0.010489903759727248,0.004494308686765727,0.007811776308048326,0.009154694355104557,0.009379269918935802,0.006980252678469602,0.00478716170846268,0.011528732875598866,0.004834333946694456,0.008999209457566363,0.008947048041426752
1828,0.008156751998659362,0.00822518549242173,0.005301778924417094,0.010692250518482955,0.004400443455556556,0.007890411300388872,0.009129996910318974,0.009406622456018544,0.007026987238415341,0.004801139896052547,0.011807668994722098,0.004754196031953932,0.009138647977909675,0.008965730123029866
1829,0.008193384567003355,0.008234821361953405,0.005292648776778568,0.010806774950771732,0.004382260585557975,0.007913544884638997,0.009124912838523088,0.00948191395608762,0.0070557184861585465,0.004811757107389543,0.011964192866800666,0.004745483972195773,0.009188568230408723,0.008977790657542594
1830,0.008285794704013843,0.008268154026825165,0.005315050984387431,0.010900967396075182,0.004341051587163545,0.00791827568680258,0.009140670595575783,0.009551776933727048,0.007036759137673723,0.004820156276682047,0.011996959135560464,0.004670949063458482,0.009138523314310617,0.008932597163786068
1831,0.008330729304519906,0.008276942346288977,0.005314990103797357,0.010914466897834053,0.004433596254601994,0.007933208736537222,0.009215491084722584,0.009632799601180799,0.007062364638990035,0.004833740423296453,0.012021051863559966,0.004772355026144603,0.009160519319281678,0.009005054137874053
1832,0.008385745729035075,0.008254086651786128,0.005394048003897282,0.010782464838486532,0.004573637384325854,0.007954242364241443,0.009219858888527645,0.009698967980340966,0.007052159878208569,0.004908731159287324,0.011881121763962737,0.004926266377441756,0.009182810968946282,0.009014785753384926
1833,0.00842778685055556,0.008178908753825195,0.00544854965018684,0.010715129529571217,0.004688794340995007,0.007942306585061424,0.009229304778934407,0.009770518394649133,0.006993523115268708,0.004960111660871578,0.011806169976112097,0.00505280706308979,0.009169254578074033,0.009014053857465443
1834,0.00838475212357565,0.008105163614932838,0.005507305053510039,0.010606514346798797,0.004698068027244946,0.007963851020831579,0.00928439085594504,0.00971140847647648,0.006928052835052362,0.005016958510404365,0.01168316985173176,0.005064760965508634,0.009200038715563673,0.009075856881992946
1835,0.008371896383324163,0.008146552365738748,0.005595705709063761,0.010504263004737741,0.0046889688083894005,0.008013937475784348,0.009249187445797879,0.009670862127088408,0.00695352412251901,0.005103899460723904,0.011564011416250606,0.005054419800246899,0.009258369234965556,0.009045361792033935
1836,0.008353057540431768,0.008193315348843069,0.0056104859751484135,0.01050595981974947,0.004658032547578379,0.007998654874537327,0.009153484513111446,0.009656730584228966,0.006995552456508792,0.005120793816693528,0.011570583913505482,0.00502564133355704,0.009248142078898873,0.008934662663314904
1837,0.00832617393111813,0.00830059058773778,0.0055357584293604005,0.01048070576666196,0.00459982865972092,0.007953455703067457,0.009072572810331418,0.00960338518006412,0.00711067658762757,0.005037188689392601,0.01154586291783817,0.0049670808619162845,0.009199590838424462,0.008845122010082782
1838,0.008258758995757808,0.008386796995290264,0.005508560068412256,0.010553633121394483,0.004637151679990635,0.00798148391905963,0.009030353038581986,0.009520218094228813,0.0071910617655904525,0.005002577581398666,0.01163056403611428,0.005012229002191511,0.00923256786408344,0.008794347315553279
1839,0.00825583363182787,0.008391661846798163,0.005594999954072246,0.010559090110882827,0.004690914770050631,0.00798505195561531,0.008941509722550605,0.009519079403820711,0.007187154881052341,0.0050804350176619235,0.01163937939435257,0.005072175127130392,0.009235299915901668,0.00869252802393926
1840,0.008343101273385365,0.008372750435575461,0.00555211576714239,0.010621380979718383,0.0046480742803018775,0.007943769141532766,0.008827798618017808,0.009583369587302954,0.007157518557743152,0.005041139723565889,0.011708267347965965,0.005024916912726299,0.009185830474046945,0.00856481790887404
1841,0.008419353821163645,0.008371059626634135,0.005542052871971596,0.0107858451277886,0.004633334913091018,0.007980087657222584,0.0088482726247773,0.009649741419902989,0.007161297543656451,0.005039468639700016,0.011894822304914714,0.005010222818429613,0.009229881674215741,0.008577238458932056
1842,0.008488040057979929,0.008399814598292789,0.0055988566236212945,0.010850430995119217,0.004610509172399387,0.00803568687683947,0.008880458425833756,0.009722475475912009,0.007190628327819747,0.005097008112777651,0.011971603301254054,0.004987054682451049,0.00929557001297569,0.008612714899584664
1843,0.008627205236099191,0.008452256000699527,0.005729695130296214,0.010928248045321453,0.004540303785502748,0.0081120482030341,0.008939435834381304,0.009876030460987607,0.007254274487405491,0.005227607882473196,0.012060081421891551,0.004911156457754219,0.009383224189018113,0.00867865480022945
1844,0.008648344052382139,0.008471760295751328,0.005763438885521291,0.010916890394558374,0.004527373876596884,0.008163764876033442,0.008956041026556654,0.009898562758420404,0.007269628544685394,0.005255627497420283,0.012050966094065007,0.0048979265405896385,0.009442376812879405,0.008698988560190564
1845,0.00860698118003937,0.00852206731370861,0.005837700357648727,0.010791377775758839,0.004536582387505474,0.008267120595551954,0.009030919227767997,0.009867636455293852,0.007302850513408947,0.005310502025465876,0.01191171090403336,0.0049074036169208185,0.009556073537739108,0.008786775314810492
1846,0.008572101636388364,0.008551479149110738,0.005851059282658041,0.010739340236365807,0.004581553862070508,0.008320496143794206,0.009062929483904535,0.009843204790827077,0.007332929619935092,0.005320539509832439,0.011864486383368865,0.004960020044972597,0.009621763073742805,0.008835782144092173
1847,0.008479966432485301,0.008520432083247563,0.005755122749901642,0.010660843066068031,0.0047373478735422215,0.008325029992470466,0.00897946606285721,0.009738163214868258,0.007293233189811306,0.005223026264213016,0.011782680228710757,0.005128574406123,0.009624366043848032,0.008759905211837974
1848,0.00840589901968334,0.008496184168607937,0.005745813083021356,0.010604133278844921,0.004773642706222814,0.008340428688834547,0.009032829305468748,0.009664279022382052,0.007261805797152164,0.005208860492740101,0.011723325602723818,0.005168960300344447,0.00964470674349982,0.008825794089851176
1849,0.008250026979955739,0.008489403354375001,0.005736411084779265,0.010569560283073681,0.004724718787766973,0.008373679031560765,0.00921658870401221,0.009523890090802685,0.007257756387516135,0.005194197778301213,0.011694099856961503,0.0051213235928453905,0.009693687213344706,0.00903160478857282
1850,0.008225425332118631,0.008494664491006268,0.005745927724387005,0.010568901724822109,0.004750682709217347,0.008380479232731093,0.009295799197722814,0.009498921396396716,0.007257324590986018,0.005201776203948584,0.011690090944623257,0.005148909584715366,0.009702825938413739,0.00912064343689977
1851,0.008308878520202694,0.0084904029852047,0.005968146620966199,0.010632547878242419,0.004886599109182605,0.00839941560868875,0.00941048290626249,0.00952552611493154,0.007217066789241033,0.0053089840622874175,0.011677479809750108,0.005179844073707229,0.009705061712018506,0.009230561506836203
1852,0.008406847682358248,0.00850520271088852,0.005939627839853842,0.010711299981543533,0.004918434131615074,0.008299239444083815,0.009418821893299354,0.009628194329170225,0.007242112814818325,0.005283922851317623,0.011766192568759314,0.005218259722293458,0.009598821774465603,0.00924126555035854
1853,0.008490133633600872,0.008622174150307846,0.005849175495301251,0.010764447993650943,0.005026743168066855,0.008324377978656178,0.009416320630794103,0.009731350571150488,0.007373652189774687,0.0052061524659440415,0.011828092449477346,0.005340880472817317,0.0096321403399139,0.009249216280736603
1854,0.00859889726031681,0.008656193571614857,0.005844780454424897,0.010782420673242542,0.005140873598092257,0.00839925149234761,0.009413264443089297,0.00984994684156603,0.00739349361618657,0.005207466545842588,0.01184867400311549,0.0054671981581429566,0.009723864673205908,0.009248683488816469
1855,0.00860792365849559,0.008645532707910299,0.005798434612724846,0.010907501702116929,0.0050906015751840845,0.008450624736154934,0.00935682917988152,0.009863417930133957,0.007387341641264808,0.005154183075521831,0.011986875117255888,0.0054150832283014,0.009782595162203707,0.00918250177651814
1856,0.00850719750107992,0.008667848145523637,0.005812221180271182,0.010912453543255794,0.005004919338988725,0.008525946569734405,0.009323608526220549,0.009787299244393026,0.007425452466944448,0.005160338625927526,0.01200030682299698,0.005329735933003317,0.009868060663966687,0.00915697848223512
1857,0.008550672855460182,0.008594712289960256,0.005872666112898181,0.010976632889681431,0.004915690336763182,0.008446909956215871,0.00924951389853072,0.00984556972539886,0.007348320636005206,0.005220615084165228,0.01207049670603309,0.005232929193255529,0.009769292766787487,0.009080347905488234
1858,0.008591318800691115,0.008549464905198123,0.00600605598089366,0.01099218061644782,0.00481425523183875,0.008335304360634168,0.009204109025852857,0.009884262768615582,0.007298320008135283,0.005360963774998474,0.012083372682844616,0.005121579146222143,0.009635114583700043,0.009025294374101182
1859,0.008530117651852187,0.008571741449063563,0.006160889709673651,0.01089142612181261,0.004860946728268369,0.008345046502318288,0.009209573241238287,0.009835828514285369,0.007299679513538668,0.005512305378114523,0.011973273141575706,0.005173683477859817,0.009645839007539828,0.009034878589077639
1860,0.008582161744449167,0.008593881740787507,0.006197214983779756,0.010888145936006842,0.004922627287612542,0.008341842114137746,0.009257088894029368,0.009896838245031361,0.007297164319237614,0.005548468261405464,0.011969895915198026,0.00524065455166309,0.00964567014264371,0.009081765646337161
1861,0.008596866894903389,0.008657668435515237,0.006302957286253945,0.010785331685843072,0.004901493045200138,0.008372290253876492,0.009235620925019812,0.009903183836268013,0.0073662738447096456,0.005647441683873087,0.011848066979790649,0.005220282964264884,0.009682786169831838,0.00904351510649028
1862,0.00863364931472444,0.008705238103225205,0.006361301026200944,0.010844329364211737,0.00493396620208287,0.00845268320240226,0.009140781168972871,0.009950227627349402,0.007434632457069823,0.005691460464796431,0.011917506311635231,0.00526364925379313,0.00977209657169237,0.008930903171940242
1863,0.008757778191678093,0.008710035707164677,0.006283524204987667,0.011057614291329895,0.00494170947122368,0.008487294302915675,0.009140907477208577,0.010089512517053045,0.007464615877868533,0.005618489968303627,0.012162586070550587,0.005275571428278921,0.009812268309666,0.008926933042716183
1864,0.008810931014983986,0.00872870124836133,0.006255236042372458,0.011118509702048734,0.0048969652020787735,0.008569291463560794,0.009122184973244032,0.01014267524033966,0.007521515089123262,0.005607190736006898,0.012233198689068856,0.005227786110227973,0.009908565931462061,0.00890834913289818
1865,0.008806587658999046,0.008743530159998018,0.006176921389878703,0.011184249428670244,0.004895411386893805,0.008589093416167766,0.009133347588493495,0.010136545894100856,0.00754597977855046,0.005529395753061952,0.012308429349980221,0.005226153975417495,0.009931314877315132,0.008910618889197213
1866,0.008705969065146719,0.008754713097955096,0.00602704411122995,0.0112954196218772,0.004936952296027847,0.008610167331138997,0.009214868429374154,0.010027389755703815,0.007549644547912179,0.005370152003129592,0.012432360403670186,0.005266071982355314,0.009953765808739714,0.008983754153742677
1867,0.008654765076694085,0.008743670281852228,0.005942531660741469,0.011347619372440956,0.00498519885396491,0.008602727657984564,0.009270524688321142,0.009976435549725752,0.007534086918262675,0.0052936258520169515,0.012496953986462936,0.005320661681775569,0.009952508430156784,0.009045928537627113
1868,0.008501000556353746,0.008728706350702846,0.005854854780264676,0.011321121346247251,0.005113294475896728,0.008492531904407394,0.00933961489200205,0.00980896151061728,0.007475901156858869,0.005205845293066468,0.01246436598945645,0.0054610678629285776,0.00982721331210806,0.009107336783196217
1869,0.008526704043025342,0.008709887596944067,0.005788685693692851,0.011307938356675496,0.005141390832573524,0.008476472025296921,0.009375840548977657,0.009829489409937862,0.007449678286492284,0.005139153507174888,0.012446745114560185,0.005489685699491291,0.009809034497655696,0.009145462090955552
1870,0.00871898792353978,0.008633511770529245,0.0057239523856039,0.011269612413306937,0.0050942181161201085,0.00852600372436873,0.009405123873200583,0.010026307701735368,0.007387867444707844,0.005098041024386888,0.01240708661072348,0.005437421944184091,0.009873406780812156,0.009210596064051056
1871,0.008811398201007986,0.008607904274357613,0.0057343954313061486,0.011250871674439824,0.005096556528251389,0.008522872622683602,0.009421072040491106,0.010116824457191807,0.007368312771664509,0.005114712254791273,0.012387227461673665,0.005440882434022883,0.009873018074063832,0.00923492101779725
1872,0.00903687105457336,0.008588740871751722,0.005819135112086576,0.011195020101925128,0.005079206048536845,0.00857887749134382,0.009399874407518855,0.010356974334630668,0.007377570562504773,0.005195151948859729,0.012332852431040833,0.005427073612538496,0.009946012468733473,0.009215037287323612
1873,0.009086033931874007,0.008644035946765851,0.005875194526346999,0.011191203640746524,0.005042734871701465,0.008544117147788457,0.009363199947247793,0.010403482998958135,0.0074498492534636595,0.005245888993210955,0.012326830663262187,0.005387925495348992,0.009903568158754514,0.00916712511023129
1874,0.00895118026739443,0.008846051765672287,0.006004327053658884,0.011308036606248571,0.005042385157395029,0.0083434481702501,0.00931304110468135,0.010260523626925235,0.007680633831891564,0.005354726059962635,0.012458149379586581,0.005390717756252372,0.009670606937074744,0.009079956886265226
1875,0.008881040880598172,0.008877406656530569,0.006038771645790178,0.01132983636785749,0.005047474300989069,0.008318675191880186,0.009273418596410243,0.010184608229769288,0.007711232387751152,0.005386716932732004,0.012489117331578559,0.005402535252943281,0.00964375511922817,0.009035481617189464
1876,0.00871886470579752,0.00885910356132918,0.00599691885398874,0.011296769251853689,0.0049871578897611474,0.008342194085492213,0.009234089555421264,0.010001875097387834,0.007668044796594628,0.005349421827844059,0.012457391289886455,0.005342746660869948,0.009665447570513354,0.009000062015360548
1877,0.008631800739719,0.008852076037573353,0.005940411512661679,0.011252796123059593,0.004951599138026242,0.008337236478607277,0.009147288588038843,0.009903030219128977,0.007644520793372546,0.005295522198328331,0.012407193900792578,0.005306623998415809,0.009655307127580276,0.008917409776862601
1878,0.008626505408261799,0.008723667138672259,0.0059250476057140416,0.011263467932518857,0.004968954204872819,0.008458276765624292,0.00900509786916321,0.009892177190985282,0.007503614976698109,0.005281434756969404,0.012426010754165035,0.005330959295970868,0.009798750488616406,0.008778557390071677
1879,0.008592712617392695,0.008570850922428286,0.005978450692918293,0.011207933956817613,0.004974557579074734,0.008663852064829053,0.008975062618185555,0.009846958930268624,0.007320507968309637,0.005343755295892882,0.012364603369392789,0.005336755969013474,0.01003385026542929,0.008758585766525707
1880,0.00846553084789334,0.008601834075760748,0.006018611085658779,0.011189235124026468,0.005026511071372606,0.008617433944117276,0.008895803982812258,0.009706839854251165,0.0073594850738264205,0.005380904328671712,0.012339192829756778,0.0053888391376773976,0.009978506198447604,0.00866956264483366
1881,0.008381168825342785,0.008648603047464388,0.006108296182030537,0.011233745487531357,0.005051850561736433,0.008603170318409624,0.008862907933684631,0.009592111203844797,0.007409849887004913,0.005458442190130158,0.012384104866035753,0.005411721062653217,0.009956549353356195,0.008629255995636758
1882,0.008391756669840007,0.008629146377342026,0.006168614327320859,0.011102351617509248,0.005096287349384482,0.008646442217723036,0.008961951527452425,0.009585408807508269,0.007377430220202761,0.005517625180512005,0.012242159821917935,0.0054591259946509514,0.010006461831774054,0.008762367729302799
1883,0.00846431626552769,0.008656314334234447,0.006194480917869394,0.010953587089723273,0.005139051783769803,0.008469985345339626,0.00891876910655325,0.009663498933363462,0.007377612520815966,0.005548246856201466,0.01206838080153056,0.005503051737277415,0.009795059810554703,0.00871440596444604
1884,0.008643251958408184,0.008572760058535018,0.006151122569088287,0.01085351082551287,0.005060458923727469,0.008354340487108505,0.008882174961172325,0.009888773995992655,0.007279028067263895,0.005511716919057633,0.011959231899909035,0.005418615373693153,0.009658920244617501,0.0086694609737208
1885,0.008752254583329525,0.008424046232796968,0.006138288914227958,0.010719926054780952,0.005046022091943171,0.008324531876202296,0.008831362961364896,0.010033783366713726,0.007154300673616196,0.005511821373698441,0.011818280144577524,0.0054022680222976715,0.009623698599251402,0.008618930214196099
1886,0.008735852972810485,0.008390082945039208,0.006175570079893339,0.010677560796328948,0.005043948681776905,0.008201887128112728,0.008778807365219783,0.010035944279410808,0.007134683985785969,0.0055619814443158624,0.01177211026527501,0.005400062896905156,0.00947712822925086,0.0085585331338205
1887,0.008706775973749855,0.008385935120726854,0.00606473522372646,0.010707448919619538,0.005042177160607037,0.00804350147662533,0.008909714019851446,0.010002683411674256,0.007134142511903666,0.0054617294400362525,0.011800564773610085,0.0053966390923528285,0.009289594429187687,0.008713257933722619
1888,0.008607567694784012,0.008376904011173757,0.006049886315468037,0.01064685314496136,0.005070341770120711,0.00792118427498933,0.008967910596754626,0.009875680875394364,0.007110455981979661,0.005450375550410953,0.011732016861007551,0.005428096589079607,0.009151511369805947,0.00880515261399697
1889,0.008575528380938375,0.008413891968664858,0.005998460297421276,0.010556786414237577,0.005051811334716117,0.007793303263339965,0.009006396803405713,0.009837725393181335,0.007137842688728818,0.005399150166697763,0.01163167817066718,0.005409198038839822,0.009006500074864705,0.008874469816910018
1890,0.008453949098337861,0.008354759057167697,0.005816111944180121,0.010518093911086619,0.005006343522748086,0.007681503585973286,0.009062710214985554,0.009698213518675643,0.007081778614689962,0.0052206382344155665,0.011587640966607013,0.0053594325946763185,0.008881350849045191,0.008935743023714377
1891,0.008324018674445205,0.0082684102832422,0.005722428573078967,0.010389300015040863,0.004922697202260077,0.007785519906794016,0.009013777815058676,0.009586330865503699,0.00701195495488509,0.005118908217205614,0.011449863231908265,0.005273431076731817,0.009008010897586998,0.008877706129101427
1892,0.008284903382947116,0.00827942255009597,0.0056515219943587365,0.010364955661367038,0.004859135638956897,0.007807045345035584,0.008960514937509377,0.009564630144976712,0.007053906373388578,0.005046598557472206,0.011423615058073785,0.005207564768982912,0.00903542023448039,0.008815056494676503
1893,0.008298671034868749,0.008395385994769996,0.005650236991670724,0.010474509557364214,0.004808916448469354,0.007875977514635226,0.0088678541026775,0.009611735501809384,0.0072411330676540485,0.005047064662745317,0.011547097912762335,0.005158918096452472,0.009115631107721112,0.008689479836098498
1894,0.008288133281678153,0.008400007263289768,0.005643531280580029,0.010490663101147287,0.00472609523511322,0.007940296726097988,0.008852733318004152,0.009605245911555536,0.007266282603420869,0.005040973440819192,0.01156401368977337,0.005069759864037498,0.00919332497854412,0.008671081381092075
1895,0.008381299479956856,0.00843497075355984,0.00568267207719757,0.010537299247224963,0.00462386107071842,0.00799436061748967,0.008861579358532871,0.009706716922730672,0.007310233972676449,0.0050869896489296835,0.011613498684889312,0.0049593797213172836,0.009260751537366883,0.00869539184338756
1896,0.008380682974895316,0.008400720070813184,0.005620771676116752,0.010520610523044226,0.004613469504943613,0.008005784560489181,0.008787769611235768,0.00968853168517854,0.007276212064243153,0.005034034334908299,0.011592008765436356,0.004946106220522469,0.009275850555202568,0.008618610438079774
1897,0.008301969690528673,0.00816963650839867,0.005396210348571977,0.010329671543719188,0.004588961592677299,0.008086850366574218,0.008686872066594797,0.009554162503379175,0.007007216578624133,0.0048222245744627785,0.011375518798921711,0.004909190405785683,0.009369500185182759,0.008517653798064295
1898,0.008254945177312442,0.008130886695628878,0.005375570648172223,0.010262931884059988,0.004577822212031708,0.008091180686193494,0.008628316629271287,0.009481513438694212,0.006973302190294403,0.004805158222733137,0.011301166119087444,0.004895859487465212,0.00938115230888269,0.008455341421767775
1899,0.008218626308636264,0.008198233483110206,0.005505909069549142,0.01027298565582146,0.0046825161066937375,0.007949059639793152,0.008539009754107084,0.00942367759579646,0.007058848669514348,0.0049293556583682435,0.01130263007365525,0.005008038838051463,0.009222162913946699,0.008341950544841693
1900,0.008147031535943742,0.008205937651590282,0.0055934287170355725,0.010317688677355469,0.004690409192777782,0.007916020165812401,0.00846555703215725,0.009337335044731554,0.007075816530431378,0.005013738204425576,0.01135055829893554,0.005015783527994189,0.009184821735448222,0.00826483215036502
1901,0.008057950706607643,0.008342793151666889,0.0058523202575090985,0.01047395455743056,0.004605557323289204,0.00791640215378856,0.008429052285624765,0.009225776819753636,0.007236542820357717,0.005257114702501055,0.011527508978655834,0.004928487171528067,0.009184682342628852,0.008227808211509622
1902,0.008061232276149868,0.0083493795365523,0.005893917715252061,0.010573884164548557,0.00457892331419949,0.00786849226220972,0.008412669279970779,0.009229556654359154,0.00725804893354805,0.005296425887183717,0.011634783668010597,0.004899228726196199,0.009124686727593404,0.008217241507066562
1903,0.008072839547460601,0.008235768935611667,0.005738096925749637,0.010762072874791641,0.004544038069884073,0.007840942436544453,0.00839068329406074,0.00927250285614115,0.00715340272673091,0.005151506695852555,0.01184592480665225,0.004860595013861709,0.009086620223281737,0.008220159217689352
1904,0.008039760343507021,0.00815553200487739,0.005538787484344376,0.010650899995679215,0.004529871021649179,0.007809791808509708,0.008311060782143338,0.009244199090202196,0.007086902376895822,0.004960932471955762,0.011727384138362273,0.004846238100293097,0.009044751449851179,0.008160651365925137
1905,0.008234748613854313,0.007980187514363963,0.005529500440962136,0.010545546812527439,0.004500555968395413,0.0077537314295835595,0.008405752542433705,0.009462271801088147,0.00690626604191073,0.004967926392663409,0.01160943306584005,0.00481675821867606,0.008979343032089583,0.008267885234500314
1906,0.008304856743558822,0.007939032212842364,0.005473138773600191,0.010428145909726396,0.004457824058846955,0.007733645231482387,0.00859916040685854,0.009559404965752749,0.0068403362013764795,0.004917237566487396,0.01147759195477478,0.004765983521785109,0.008958774477043421,0.008474981715958124
1907,0.008285655727725038,0.007842372848946524,0.005428364743947676,0.010212340306907389,0.004411354738424461,0.007710077481351538,0.00874294058142719,0.009518627643287241,0.006720588014395682,0.004880408077601401,0.011240703446838729,0.004710251531410059,0.008929897706124106,0.008614710542549506
1908,0.008442357372134428,0.007740703907428741,0.005469797581376611,0.010081645067161239,0.004330839426903834,0.007677711727838412,0.008838278247787417,0.009651950642633706,0.006596656909107971,0.004934039340402015,0.011094955631062794,0.004618111181406161,0.008889578768835676,0.008693106289095106
1909,0.00837999596233548,0.007929099788650857,0.005313630406752018,0.009835156575489291,0.004271425555502026,0.007523932561348334,0.008818906650170379,0.009565655922737105,0.006792653628638264,0.004764995326599852,0.010824113679186613,0.004549554754889726,0.008710912281228174,0.008664949645681133
1910,0.008270698878018934,0.0079951377830372,0.005246942024477241,0.009702529005268235,0.0042550867292259886,0.007336700952658777,0.008682314113816245,0.009443501860984811,0.006896519584903039,0.004699766867931844,0.010680520647761977,0.004537209738921744,0.008488055085056375,0.008508558498367102
1911,0.008258417880840125,0.008089098446139305,0.005385565069604931,0.009679854838621252,0.004236842389179314,0.007171548206141791,0.008482063689315342,0.009420241798096345,0.0070068343659088145,0.0048529054596442925,0.010650554713783535,0.004528593018893249,0.008286680776405275,0.008285993798131745
1912,0.008125059587658611,0.008199668434675176,0.005497355089683205,0.009629681237461418,0.004274964168523126,0.0070686365352447275,0.008207663858730348,0.00928463312553553,0.007129554093288237,0.004966673505271327,0.010597593620698129,0.004577300362112632,0.008164068227278276,0.007996698281260926
1913,0.008037339641630212,0.008033000515711593,0.005527322928770635,0.00964822607676201,0.004227089958133132,0.0071100172691379625,0.007973461212243817,0.009215291268162534,0.006981350430458888,0.004995623473326522,0.010629097621973078,0.0045312471026951965,0.008213292030736374,0.007742160074299326
1914,0.007939433257676093,0.007876565772881665,0.005491952468040369,0.009674303933529145,0.004233236359498875,0.007187420000619898,0.007840611696377852,0.009085857180962267,0.0068317007578807855,0.004965575374780153,0.010656862027739187,0.0045385554918899096,0.008306339648659197,0.007599621200171517
1915,0.007823696148883941,0.007725820695790847,0.005326780162822455,0.009643094031558094,0.004289293355989089,0.007411179193460173,0.0077655213770456855,0.008964369059087937,0.006671625392781565,0.004782086668660466,0.010626790127016296,0.004595076206531346,0.008571411621422146,0.007539865690004353
1916,0.007745049329503856,0.007615671918483377,0.005079279549910089,0.009589888597377598,0.004305348496563848,0.007594532719802029,0.00780929545368984,0.00890525365783573,0.006556219248062308,0.004508881406337774,0.010569424674907332,0.00461249202691,0.008791762909941318,0.007605284059520071
1917,0.007603811168463287,0.007647715961594463,0.004935226574635329,0.009615844717537242,0.004372462025323029,0.0075955712943719484,0.0078886213706374,0.0087266357434657,0.006573812815998812,0.004382144432745022,0.010590279226985602,0.004684681592822255,0.008796257793768657,0.007698658531107697
1918,0.007606884745139386,0.007625520694086199,0.004921728020677738,0.009709906055225896,0.004403817700347904,0.007665653945915724,0.007886146343492606,0.008734840920002243,0.006560288917968654,0.0043760734558208735,0.010697456481461913,0.004717932604851408,0.008881058100482985,0.007712811674084284
1919,0.007756934414216985,0.007605016046735821,0.005036854992679268,0.009728219247641539,0.004387697348653296,0.007585124798083422,0.007912603680380643,0.008916752023418312,0.006583436187540855,0.004482584182196765,0.010710238366521305,0.004696021510510497,0.008787624833233258,0.00774568017341245
1920,0.007761697895354725,0.00761935895108047,0.005214103653631192,0.009672171584156408,0.004294553490080493,0.007442526772717203,0.007984769882271092,0.008910226798914468,0.00662597155455159,0.004658222094839146,0.010642794774035165,0.004587675263972128,0.008614484494591778,0.007818877097999437
1921,0.007733024664476071,0.007563478014777655,0.005312327059085723,0.0095315142782942,0.004259672354179295,0.007412703164752246,0.007926586203128291,0.008975987567456793,0.006665061428634876,0.004783759249427515,0.010585244367087096,0.004586799054406089,0.00865587517917174,0.00783792320809328
1922,0.007714214409605784,0.007575991249849571,0.005388995854815833,0.00943109257440297,0.004244324222026491,0.007370418083539186,0.00794221369794078,0.008955370317112937,0.006714141076541144,0.004852995048346276,0.010448361791472729,0.004560797567915971,0.0085949680027618,0.007864556148443495
1923,0.007685750301566927,0.007576973526435996,0.005354967876011882,0.009319386776643365,0.004199356730043982,0.00731511928324267,0.007870838098543347,0.008875150817840918,0.006696485850811468,0.0048038795150805134,0.01027530437046813,0.004491491572017887,0.008492790188888455,0.007751960369221164
1924,0.00757599308377831,0.007616016688619428,0.005163575715203692,0.009162647961656603,0.004175706849225367,0.007281267794855007,0.007627329511495959,0.008707693082635444,0.006714191060404065,0.00463712222765256,0.010091243202915705,0.004465018018770835,0.00845094537980362,0.007461843267605018
1925,0.007563950149057682,0.00758559257912907,0.0050430607733874,0.009113357896645458,0.004199076538218699,0.00720932864601171,0.007595806223375156,0.008667333676526114,0.006651527749323658,0.004522185270217773,0.010014476584923946,0.004482715061093245,0.008349092263384844,0.007408224080869924
1926,0.007709095032069592,0.0075334019060930135,0.004847620960840978,0.00909092982290436,0.004203124158469618,0.007072914386929303,0.007679205152298841,0.008813386932934809,0.006550799902147087,0.0043427516095163555,0.00999229993557881,0.0044926167537471615,0.00818636931166315,0.0074879175360810174
1927,0.007698153052749126,0.007497994718674792,0.0047749726427950235,0.009069853470121165,0.004209872490605609,0.006989346861697357,0.007696368676743123,0.008796366850932056,0.006481152376041499,0.004278569540403902,0.00996976138885823,0.004499943133575992,0.008083958337212553,0.007503518562968018
1928,0.007536293722040347,0.0073968914416362485,0.0048125050971228435,0.00917729343896418,0.0043739814130396475,0.007010144933852323,0.00787142297979489,0.008628233300768687,0.006327168983532052,0.004316141664252295,0.010087753335987493,0.004673862607725465,0.008096095747501109,0.007709449824014754
1929,0.007453908758089174,0.007320744322435663,0.004749454550570203,0.009206280804601725,0.004359179930920725,0.006893395933945272,0.007883627628089682,0.008538722537291052,0.006231556359566698,0.004250176504630791,0.010113631531901892,0.004656296894243949,0.007953268045752946,0.007727099037868275
1930,0.007325802127988252,0.0072080145162876745,0.0047138019437035945,0.009239759635565331,0.00416672370953627,0.006631247339757781,0.007718398336465874,0.008414900211000635,0.006124236605070167,0.004203039723865927,0.010158534325168351,0.004452075257529256,0.007657325754007358,0.0075590533551746514
1931,0.007276280514761216,0.007200641213586426,0.004702981501004593,0.00925917346142178,0.004092661022435977,0.006618580127344701,0.007649599469144835,0.008357267761540894,0.0061381052292734375,0.004199253745607461,0.010179036874876413,0.004370357593900938,0.0076411881877518715,0.007488203200680507
1932,0.007390506063123557,0.007367096322638105,0.004593952730449786,0.009214737385809774,0.003959059715822852,0.006606467893284813,0.007524570353880034,0.008481209138707898,0.006386024727039181,0.004114745454136013,0.010116362560716826,0.004220439545487298,0.007618287615130889,0.007338491058615304
1933,0.007408215925287052,0.007357243549326819,0.004585095074876048,0.009124227842064072,0.0038558509051721127,0.006662658253069349,0.007502142003749068,0.008499657306589633,0.006400858916618382,0.004113188240009354,0.010016606735117183,0.004107586834557589,0.00768733024669303,0.0073163312183439355
1934,0.007493966116784562,0.007264670507128171,0.0046571965095692815,0.008935133685092725,0.003783213796590602,0.006964607686858055,0.007579675390025586,0.008575351793984602,0.0063102668903078085,0.004195215508500716,0.009814915249313029,0.0040275208791217985,0.00804415373641447,0.0074084724712015345
1935,0.0073438616766186154,0.007367282208037191,0.004744907065612015,0.008847081048687077,0.0037835800643379824,0.007234434049455701,0.007636279696444629,0.0083745969499729,0.006407790726976898,0.00428200695215831,0.00970471300926206,0.004022783525010747,0.00835350466902007,0.007469083042526068
1936,0.007268577205555154,0.007255725735208676,0.004817181592761889,0.008950785908116694,0.003915869334776633,0.00714492873057678,0.007641522918227059,0.008315884472754154,0.006287872709053933,0.004347950636929353,0.009817058439265197,0.004168610932450719,0.008267792226698843,0.007483637514616952
1937,0.007200554719071788,0.007176327938359119,0.0049812879849335506,0.009124742595623367,0.003931652677026673,0.006929031461581961,0.007435224910042862,0.008255134920712498,0.006198437586453281,0.004499227568899245,0.010000301176790521,0.004179459682014255,0.008016257034350438,0.007269814555246664
1938,0.007040284480564035,0.007276957711062545,0.005091283125795422,0.009412412724237314,0.004002551449146036,0.00677620275729976,0.007248872764231863,0.008076210934313852,0.006317657283893734,0.004614661991698913,0.010308244716160953,0.004249262237549091,0.007831849010065898,0.007085325136320919
1939,0.006973365383780938,0.007165133482822371,0.005025360164494826,0.009674425052068461,0.004227724070803314,0.006517904324592449,0.006990374919585377,0.008061089454426119,0.006240129097166037,0.0045647417680954195,0.010606633367878105,0.004497082565003516,0.007539575688340471,0.006824532671605267
1940,0.0068138211602041705,0.007084541815380589,0.004933087264483755,0.009691858895833988,0.004375624521137685,0.006408826226772934,0.006846338773758487,0.0079186680439284,0.006174213450259067,0.0044711698257017185,0.010651499518187895,0.004666623637069372,0.0074131382296900705,0.0066885470702041285
1941,0.006720945425719801,0.007086215768187209,0.004824338402134944,0.009547410883822662,0.004507599019275042,0.006584265020406384,0.006948850256494841,0.007792084567738942,0.006139895469886284,0.004340242051343163,0.010499081051511164,0.004815167798407326,0.007614595909383482,0.00681967107755651
1942,0.00684017679890341,0.007200399861281083,0.004624096966696845,0.009495584855344779,0.004541982021303708,0.006568999792485984,0.007068534729014994,0.007942965888455195,0.006259964885138677,0.004135830187741514,0.010442913741007927,0.004853809714655981,0.0075953128756647064,0.00694611276953131
1943,0.007060126085294821,0.007464269030789036,0.004135506247123639,0.009462140359311118,0.004535682838595861,0.0065694147736921095,0.007302987575504,0.008173118169248135,0.006573141356057696,0.0036667884177225074,0.010409841853831344,0.0048486964316198505,0.0075952371005622125,0.00718385105444917
1944,0.007279955678773029,0.00751788996003458,0.003947863961096589,0.009246251460204634,0.004419842003053762,0.006669570567692936,0.007636524156658203,0.008386588576954743,0.006657588781573707,0.0035073364701043433,0.010160284806258382,0.004726192338702231,0.007722489909911962,0.007533139607712226
1945,0.007387973930200312,0.007416979586356574,0.0038823298416617576,0.009280111228673655,0.004202717203320456,0.006659461275048061,0.007746575286729764,0.00846875340347737,0.006590570537441273,0.003468027279059586,0.01018082616729066,0.0044874964407680355,0.007709906963588838,0.00762768242967872
1946,0.007497375568979773,0.0072289485708524415,0.004073841625891363,0.009290689955763558,0.004161432225401537,0.0068044389600378065,0.007677076825558428,0.008559716803131527,0.006397629983931415,0.003653150118269695,0.010200804757726646,0.004448558766226543,0.00788531155063403,0.007559373291661269
1947,0.00751211121740919,0.006981838032856052,0.004513378458002685,0.009208029778499952,0.004226986807829769,0.006847874444066821,0.007645962382415111,0.008573369330590486,0.006112267283365775,0.004065097164496973,0.010104973099276693,0.004523453529152997,0.00793179537599587,0.0075352868790147355
1948,0.007536503819221635,0.006837557553516034,0.004444668169760201,0.009223232148335956,0.00420902391256598,0.0066306331248197035,0.007440702346595196,0.008592040428236903,0.005926798031503957,0.003994094157149626,0.010123808705157953,0.0045012335128950575,0.007665075954289993,0.007302581634618401
1949,0.007417559127984822,0.006763529286911181,0.004244526416300716,0.009116453358757912,0.004188898424514391,0.006533969512367018,0.007210036265343064,0.008485685784277977,0.005870533170034109,0.0037927039194341717,0.01003645794633941,0.004488905726145262,0.007558648861968551,0.00708177480436324
1950,0.007092237855661851,0.006682004850234921,0.0041178770878957625,0.008975444336561823,0.004225110890172549,0.006458949853373679,0.007041184165891238,0.008152804861396664,0.005819529281366868,0.003678977047143123,0.009878432220036237,0.0045271615765828666,0.0074689427527768505,0.006902795557241276
1951,0.00706174201730471,0.006596524536812078,0.0038453833099410238,0.008701646965287,0.004131569517017648,0.0062942365329509975,0.007011525427721503,0.00813435688575304,0.00575886377855486,0.003429916626078442,0.009576381511438295,0.004423678493827941,0.007283633239697798,0.0068603507167131145
1952,0.006945792953918119,0.006577435492181333,0.003906040774814286,0.008467073430692655,0.0040307318031378245,0.00628343874211078,0.00703831422193794,0.008031965696647854,0.005751361844336329,0.003464356710604007,0.009311350228646301,0.004314173865880431,0.007272111683551434,0.006905137293067589
1953,0.0068575702714159005,0.006661989765166155,0.004050093110704603,0.008372801951636132,0.004083570733811607,0.006305308841760991,0.007173977878059737,0.007961848920834586,0.005830044806087046,0.003603710841624032,0.009208830677529844,0.0043713873004129385,0.0072991856053388655,0.007065686406059488
1954,0.006910224231447343,0.006619364223863531,0.0040313536593535974,0.008235510163837676,0.003858266371034133,0.006173128500424612,0.007350622930019627,0.00799304393240364,0.0057748046579109286,0.0036025540121867694,0.00906079783485757,0.004124088599572855,0.007149720219504836,0.0072545973189076015
1955,0.00668237091995546,0.006832691805786161,0.004350819491314281,0.008259707386059356,0.0036837063606022106,0.006222811055206906,0.007193140636481014,0.007671062917227862,0.006003935379502702,0.003911187111870106,0.009073737809292702,0.003926951389124488,0.007197105596392233,0.0070790931640205
1956,0.006490038538520362,0.0070296682703400335,0.004472206854082325,0.008381694661804323,0.003717877024552801,0.006224361462797296,0.0071323998741698764,0.007436579209701141,0.006216287357625694,0.004052171475081232,0.009218499945917185,0.003962081449355966,0.007197764160945434,0.007031538694465273
1957,0.0065049285310768284,0.006857122037331374,0.0042467064171517145,0.00857856328069814,0.0037436931275418267,0.006139104846310356,0.006904554466084014,0.007430927151247341,0.006039355951172602,0.003836865556647864,0.009434353979106996,0.003990592053993118,0.007103845991857982,0.006789137341428186
1958,0.006412840893371889,0.006905816845675587,0.004182294034186762,0.008673251682305106,0.003773505512368258,0.006182908601714386,0.00666452703646161,0.007323165052062036,0.006109018335569311,0.0037461378437522014,0.00953190933274551,0.0040241876250510815,0.0071536812732539345,0.006520407006690751
1959,0.006393192415243132,0.0068590997835088294,0.003976186349354757,0.008737993526612383,0.0037534835333807148,0.006088612881579582,0.006758183211325275,0.007320955409062331,0.006051699934773125,0.0035401285657345838,0.009601501705631682,0.0040039627374528685,0.007038773327617201,0.006604204209835062
1960,0.006416228521456865,0.006662332994678605,0.003739990340050268,0.008804088550957904,0.0036453876977253835,0.006070131736997277,0.006852496012340194,0.007305969245729628,0.005838187386316487,0.0033093837353787353,0.009659025403711602,0.0038861685908558796,0.007016425609512028,0.006691620363651627
1961,0.006485674422620015,0.0066461868144275455,0.0038295872461994985,0.008741231534009491,0.003426813401578319,0.006221888718885472,0.006893121985525223,0.007361078015945229,0.005837950790578197,0.0034278103353062115,0.009583703595302936,0.003643464566726667,0.00719419797778468,0.006724343880217738
1962,0.0066175806978734444,0.006614397340571331,0.00387085696916274,0.008643254726169228,0.0033202056307193857,0.006166187305023334,0.006806201484977318,0.007493824377079217,0.005808179987589875,0.0034970468826595745,0.009463556123048271,0.003520887778569143,0.007122547146822859,0.006628787924596314
1963,0.0069926171016680885,0.006595237447638254,0.004286946320017314,0.008422255574341177,0.0032355503823034517,0.005930350309977346,0.00656741096479317,0.007916285392508368,0.005782619665864023,0.003983568175351768,0.009213670417448775,0.0034254440069329635,0.0068438513196239495,0.006413309094066688
1964,0.007032299477947722,0.006578233262117243,0.004424980342755319,0.008398830086809785,0.003223800355411987,0.005947017136499612,0.006439934217876644,0.007955415475941084,0.00579215993553863,0.004148763032457627,0.009183037576063889,0.0034112109382616,0.006859272853144598,0.006288917376806665
1965,0.00693266000578244,0.006683709669234309,0.004331492777793014,0.008521934750405587,0.003380417162222094,0.005931443179372936,0.006227142038261966,0.007829227345092019,0.00597204726383356,0.00406192446516628,0.009308378658463963,0.003579885463568532,0.006826213120777414,0.0060621148798733595
1966,0.00679266204567342,0.0066559731680925025,0.004262621777075702,0.008460852246129087,0.0034193921688217676,0.0060509674312714335,0.0061667594103488165,0.007689895458372228,0.005936617857907396,0.003990946200895642,0.00924925682270226,0.0036234184800587772,0.00696460785396354,0.006003353569916289
1967,0.006330284305929425,0.006551544367965608,0.004158197417791313,0.008429469748290182,0.0034925706672367346,0.006612640929757194,0.006320570438767788,0.007192662434628469,0.005776867325254057,0.003865478213260531,0.009223583087719669,0.003696813798748889,0.0076193477082379096,0.006145770303928374
1968,0.0062111686286633475,0.006453486405913243,0.00410200155743855,0.008288903880905774,0.0035271475387203466,0.006631109297624017,0.006328384478354183,0.007063700910822196,0.005679567153549697,0.0037754381901910377,0.0090788497200473,0.0037360351930964177,0.0076429765581534454,0.006149376533077392
1969,0.006210042246323356,0.006205945045130406,0.003972531592314316,0.007899919041614793,0.003478780565923807,0.006345552332406815,0.006297698177192911,0.007101068170431805,0.005397541063145114,0.0035851293800223736,0.008665655113925055,0.0036845203068213957,0.007315860810184551,0.006110421383223766
1970,0.006162390997249816,0.006136756017437088,0.003936049024088479,0.007716429478562786,0.003435250003787105,0.006121630604957265,0.006320234847202338,0.007050208671527736,0.005330497830991751,0.0035060069142647562,0.008467627470064817,0.0036377680982219236,0.007057619100874078,0.006146009336020707
1971,0.006328111294102061,0.006301877738926749,0.004158383962723652,0.007642723076064088,0.003469381884507418,0.005522252068906395,0.006282011701712388,0.007193686794857487,0.005580706780032589,0.003693214701936001,0.00839047025174818,0.0036887517048380704,0.006359478800764508,0.0061451137673458
1972,0.006304583700548643,0.006337912626753323,0.004238998215164548,0.007666573319991379,0.003420558204503996,0.005352725884726072,0.006384906784112623,0.00716470742284404,0.00564932348913431,0.0037673006040991673,0.008412650761990584,0.00363822449674057,0.006160416072488525,0.00627946722320907
1973,0.00609865036089636,0.006303157439153822,0.004310917806835416,0.00782228012007893,0.0033158057810555195,0.0054031608437156665,0.0066821817980970985,0.006956545108685796,0.005577010777553312,0.003845216525190889,0.008580969029569492,0.0035256781618442754,0.006226079229861835,0.006627140731869168
1974,0.006150826222540378,0.0063747764588484804,0.004361201505550511,0.00787040713567863,0.0033348272226789684,0.005466439937190233,0.006762312409990652,0.007018340364005746,0.00565144740782575,0.003908906492624153,0.008620432066575413,0.003543744260786374,0.006293878589058801,0.006726403071049597
1975,0.006334128258894691,0.006429578529322084,0.004251289155129303,0.00788871260126199,0.0033676992821818634,0.005724824992087933,0.006774781976270332,0.0072664471196320695,0.0057674853135900594,0.00385935358463413,0.008656982781146719,0.0035908896970436506,0.006607430763403364,0.006771899050431741
1976,0.006135311973783845,0.006309784837407596,0.00405351926048074,0.00785523753018201,0.0033889128955421417,0.005914016627769761,0.00680884664571317,0.007056731625555695,0.005642886994989891,0.0036707697321335716,0.008634732126242786,0.0036101115487656606,0.0068504956302546886,0.006833666346346531
1977,0.006039495471235545,0.006430842908274252,0.003981503852770034,0.00763426907858259,0.0033700571545705552,0.005976489112698631,0.006764089782937051,0.006919794865654276,0.005700612253277162,0.0035780652629197793,0.008332842242487204,0.003566751770738191,0.006880306276769388,0.006738886555250193
1978,0.005986503685787094,0.006427380111567137,0.004113121487039367,0.007699706591376277,0.003167493946941527,0.006034585105659709,0.006411133914485726,0.006878365345704983,0.005728240123860779,0.0037409545729701565,0.008431115335350625,0.003361310558147003,0.006967509162846689,0.006360090163492058
1979,0.005655883365609947,0.006390620614993257,0.004058431536437059,0.0078059150564400845,0.0031241397076167856,0.006075424746561264,0.005779560799406784,0.00646591567401123,0.005595997041995185,0.003648737199967418,0.008518460759070767,0.003295514565625674,0.00698851046728153,0.005645684207258347
1980,0.005882581738259332,0.0063835510416460125,0.003956921220996754,0.007882888998396367,0.0031078424887393927,0.006203614172272767,0.005611659184817182,0.0067330734523392355,0.005558359625507531,0.003549199336052885,0.0085918433918143,0.0032726047965164116,0.0071329235478233555,0.005444023711308032
1981,0.006276380309823399,0.006242887286083229,0.004183973049189263,0.008259824812761116,0.003159532066775985,0.006189684267645916,0.005597546012019638,0.007176644550044654,0.005401009589634873,0.0037816049903320677,0.009008915849350405,0.0033219940866948097,0.007124202966213314,0.005421922535666499
1982,0.0064535561049908355,0.006344355104264281,0.004401192774748993,0.008391656805377927,0.003435893613740433,0.006135894185678484,0.005503831775336731,0.007355420460026494,0.005494983700776169,0.0040013987406096576,0.009155276826569395,0.0036117477444851703,0.007057207055138903,0.0053599050508158575
1983,0.006724499112193167,0.00657568699791763,0.004497405049102717,0.008200593975757764,0.00359096751068896,0.0060508966156920556,0.005990216591418175,0.00760675531415148,0.005794933453927443,0.0041122306642964205,0.008944515065726586,0.0037835334313584415,0.006947162482729951,0.005873047064600745
1984,0.006697022500633978,0.006457837773702563,0.004547853204077198,0.008131061913412814,0.0036504179838922346,0.006091660566927891,0.0062815246045981165,0.007563490538286195,0.0057072924306885596,0.0041522386749769605,0.008862012486052256,0.003857981769689866,0.006980494342474288,0.006134300539947622
1985,0.0061512362347038,0.006554344625532737,0.00440355569719107,0.0078804538992328,0.003642785549153092,0.006107958196798359,0.0060755553993857995,0.007023841489593774,0.005891464283644655,0.004018407953810919,0.008579983213849816,0.0038598180675950846,0.00698226231749358,0.005886580513530859
1986,0.006279813216240603,0.006807269167185374,0.004132876878535155,0.0077195716289438,0.0034585425432484803,0.005998057659093668,0.006165278694474604,0.007204176448951126,0.006241611904452601,0.0037473726881627656,0.008402006131516475,0.0036685528967706402,0.00685404311062532,0.005963335117138093
1987,0.0063321254530636145,0.006658420157555306,0.0039751696565545735,0.007623972274041673,0.003168626958584623,0.0060608047776648825,0.0060773065571408475,0.00728520276602317,0.006104034676622171,0.003570030866672621,0.008268470482891253,0.00334047145105238,0.006916449855646492,0.005860868353931206
1988,0.0060118651271856005,0.006758726932142486,0.00412312024068191,0.00743321442650397,0.0030344500610892853,0.005937345994372761,0.0057567566208424166,0.00692068872710781,0.006231061318714993,0.003733391442894297,0.00806012972460673,0.00318928559894722,0.006774353390122704,0.005567148355668152
1989,0.00631211510905878,0.006963548726900971,0.004644880951026778,0.0072746654417541095,0.002917560740589736,0.005886956612101789,0.005556191700391402,0.0071703193501517085,0.006426276029501096,0.004260250520825246,0.007903287596489294,0.003068908990774581,0.0067218927700389485,0.0054137676607049455
1990,0.006201744901329583,0.006822402840897838,0.004940483966613694,0.007242677609327479,0.003095200069414511,0.006052983910446753,0.005260465998188939,0.006975207574922526,0.006226706452862338,0.004566982304101183,0.007862534331252174,0.003257608590987988,0.00691029446153888,0.0051206295237355955
1991,0.0057308252930415235,0.006535277907656141,0.00478984181627109,0.007280107357353923,0.003570316520519032,0.0061566341143603175,0.005081266665244788,0.006459788296645906,0.005962976359283416,0.0044150623514327275,0.007917502011529517,0.0037720015353564754,0.007046685969566367,0.00492814765608293
1992,0.005746955335834703,0.00591821601128256,0.004231195481968497,0.007086963958222292,0.0038057344042758327,0.00615619762477323,0.005127886415139998,0.00651776518735483,0.005347982452695437,0.0038379761111594626,0.007701814894370619,0.0040193378074753665,0.0070424205254897105,0.004946792118685198
1993,0.005629298320747205,0.005575939670204763,0.003771559301456487,0.006818158783207529,0.003766274953948663,0.00627580066981018,0.005578729433594855,0.006431140575516554,0.0050148746881372944,0.003435417304336471,0.007412978272769567,0.0039782092837061,0.007190299305611813,0.005408807639115989
1994,0.00554576335556404,0.005504358973233314,0.0035689485701397494,0.006898376583947309,0.0037270460206523127,0.006743627551281833,0.00583896160245608,0.006357525192868381,0.004977408052476751,0.0032353198001614024,0.007486448424850558,0.003922615087738424,0.007727615222039268,0.005685701510223768
1995,0.005585876337240626,0.005378192131574139,0.0035801991399477973,0.0069594511797219615,0.003452635396103255,0.006737629340085403,0.005914671394655883,0.006361221272303252,0.004833799396185011,0.0032618626540233046,0.007552021893735768,0.0036324187213936285,0.007733946526112892,0.005805302589225276
1996,0.005862895572251941,0.005722353253542005,0.0036496491539353927,0.00714532816996885,0.0033300085627859933,0.006620567190462701,0.006247125302775715,0.006622377825525375,0.005176605938134611,0.003327745474526177,0.007757554133697826,0.0034970882229565315,0.007600708902932657,0.006195864721565729
1997,0.005858296048289634,0.005883229292662212,0.0039058890057688833,0.007378552843146974,0.003226561250674991,0.00675389280336232,0.006325853302865505,0.006634177854683494,0.005458299939936388,0.003518546993759708,0.008023006383402207,0.003376365712503683,0.007735204208520855,0.006309225731542852
1998,0.005486917718073639,0.005702939804385508,0.004196337254547946,0.0077138669210284555,0.0034054908652622127,0.006422628477518029,0.006652703070825113,0.006246714123050232,0.005379048138710759,0.0038228895333761405,0.008408158951897426,0.0035760040754288813,0.007350614111594453,0.006633970156033541
1999,0.005114310626767777,0.0059876708234710705,0.004242073396607631,0.008278804895963394,0.0034340012072563934,0.00588836946457497,0.007098407201322521,0.005886716247797034,0.005609248184669905,0.003903692602655455,0.009006541118098461,0.0035982631505619366,0.006733002435696706,0.007043277176592121
2000,0.0050859545208608355,0.006503820673121289,0.004381101277062867,0.008765833955131258,0.002994436030258291,0.005710473127641662,0.007231714415016778,0.005948986269415104,0.006087227708142929,0.00409187986305299,0.009523293422119862,0.003130159396519554,0.00652317255717947,0.007192657311401108
2001,0.005046554794979007,0.006962527789009412,0.004577303394178867,0.008958377443910613,0.002875432162055678,0.005329632498813036,0.0073753994684448935,0.005936309802299078,0.0064956268987160495,0.0043108213109181205,0.009742303307074417,0.00301464458745128,0.006098908600861955,0.007352897778539239
2002,0.004970228838983791,0.007460109718216166,0.00449380367683692,0.008529989181025904,0.0028243549606469516,0.005387422455792209,0.007393801305305017,0.005787854673612244,0.006946434582448355,0.004216195360107881,0.009241661218208987,0.0029441310035227476,0.00616880263806676,0.007360891442382956
2003,0.005092189865388688,0.007396086134030399,0.00399632942310686,0.007965561900428655,0.0029282516385640786,0.0055627657973259855,0.006841757100271018,0.005842790804523229,0.006917691908602341,0.003730263812839759,0.00865794437735826,0.0030641170466501996,0.006366827507912823,0.006806016482563534
2004,0.0050953345320858745,0.007323419712474397,0.003912473089174927,0.007499928086629063,0.003228080307580224,0.005322615850360187,0.006388977116989514,0.005724006451253093,0.006884549998517679,0.0036069948915921457,0.00815516315526699,0.003381790380919102,0.006061823461388904,0.006267460748632065
2005,0.004929841938288014,0.0071062501665786985,0.004035696739332988,0.00762344510823822,0.0031028376158304806,0.0053350136833490505,0.006025654418890375,0.005501626876322995,0.006697883357105102,0.003723653212796895,0.008277393380363958,0.003244145057846431,0.006064604638649254,0.005847295222761339
2006,0.004909851177179197,0.006723158282833154,0.003932540566526317,0.007963681612100888,0.0032334379279390607,0.005454428110542523,0.005914802971084297,0.005542939893822416,0.006296833155518406,0.003632181549805785,0.008651409754576391,0.0033970108586080946,0.006199263257308956,0.005755050333546855
2007,0.005090367227641465,0.006386723401171291,0.0039071520686497566,0.007889200962978035,0.003509501136383203,0.0054840457379903736,0.006251226788501135,0.005849924062097128,0.005866963843737253,0.003571930158140002,0.0086166410118854,0.0037145967935726517,0.006276685033890763,0.006164387036910624
2008,0.005353487686643434,0.006245076967842096,0.004004943018157051,0.008075677013671782,0.0036181898194961102,0.005505549196424872,0.006176585058044661,0.006149545304676508,0.005588460913405923,0.00360115843867689,0.00875658626117743,0.003801130327457235,0.0062618224106680675,0.006074641608438074
2009,0.005476374300203022,0.0063513911597525,0.00381391338109142,0.007963014107597987,0.0035790666513945794,0.005189166218254953,0.00596955827197859,0.006325770689100344,0.005630941429328288,0.0033976939452697113,0.008635315111098128,0.003751227344866161,0.005910727472533961,0.005869075423401177
2010,0.005783385922812951,0.006279784829971568,0.004050170728918457,0.008115095636264003,0.0036273122155178585,0.004864703382206403,0.005828387542270184,0.006691282051860064,0.005616113383021008,0.0036632456388863287,0.008873603909413602,0.003825839404974827,0.005587425671632377,0.0057499232105578035
2011,0.0059395934271882994,0.006008036252658855,0.00425449936791172,0.00854643890706834,0.0035111253832435384,0.004923149331131209,0.005739737513736917,0.006792263507708351,0.005399406651097718,0.003923276695887355,0.009346373820340956,0.0037012545972450735,0.005646499160066186,0.005650506387023049
2012,0.005764395731031336,0.005967763221832055,0.004546330968695593,0.008304097283629923,0.003385066820117774,0.005166904471833398,0.005869334587072026,0.006537248288643577,0.005387720731382065,0.004246984825567315,0.008981483901409432,0.003528840641783794,0.005870380242198514,0.005704242728267389
2013,0.0057687194840941956,0.005820034722928953,0.004715133413465445,0.008065603595278114,0.003164796615513863,0.005240374448720856,0.0059807184835744456,0.006556413549844621,0.005430951147053094,0.004407372633690305,0.008770022314840979,0.003316114325015604,0.005973744838918159,0.005835405596112601
2014,0.005794034871266055,0.005421015595302728,0.00438163230571035,0.007934652786379892,0.0033759955696667098,0.005662269235330596,0.005605515785393938,0.006590987722834286,0.005135316874444316,0.004082488580488335,0.00867675785127404,0.0035759039934695697,0.006488701519090501,0.0054362267312554466
2015,0.005872388610365803,0.005348303291000784,0.00407537002750211,0.007217764484419615,0.00348943158785436,0.005872176420683336,0.0056967840298119896,0.006767087441968392,0.005048835427614547,0.003806038320275124,0.007870062476554973,0.0036874733152641756,0.006719732192493101,0.005536749547058842
2016,0.006338430955075267,0.005309298080640813,0.004253460461744729,0.006900861641567598,0.0034333313064816313,0.005926411706635423,0.006015370144815854,0.007228745765726841,0.005089386791909715,0.003960677028152829,0.007483391193127716,0.0036006097549157756,0.006742877494631778,0.005885989543716878
2017,0.007035644080972529,0.005104454909790066,0.003825663295530629,0.006761443882452976,0.003362739490066432,0.006031624631436041,0.0063117321889371355,0.00792374549415625,0.004888727217639937,0.003576446976206538,0.007305308888358847,0.003518333887743911,0.006869632969832823,0.006242683886163332
2018,0.007114877461524607,0.005515377637592455,0.003996692822955419,0.006643715443121621,0.003268791120806582,0.006052158551134249,0.006281977599446288,0.008007822889382668,0.005178531279140719,0.003842182321918341,0.007167488549842245,0.003426430659261279,0.006921474928366668,0.006233781067058416
2019,0.006695105161171695,0.006160931039781563,0.0039783182056626195,0.006619373151798895,0.003163544561568086,0.005908947892501677,0.006614909442285152,0.007475120143885925,0.005832333995686909,0.003833756860320895,0.007124927522689492,0.0033180499695827097,0.006761971809951659,0.006635640835788423
2020,0.00659876074322632,0.006355184707291013,0.0035919731961840964,0.006393681533631977,0.0035191533512576915,0.005836708191849498,0.006680835909103191,0.007337911404853076,0.006044171662903225,0.0034689247673941087,0.006885823608330529,0.003704995216404411,0.006694459385087788,0.0067751155076569355
2021,0.0059217569594543695,0.0063109924365098245,0.003325583109000802,0.006263693388229683,0.003140041786623794,0.005936298760122954,0.006772806253431893,0.0066549445920699914,0.005974256809353888,0.0032391280695275968,0.0067800561811011,0.0033148413675574977,0.006824893756382515,0.00685062153784756
2022,0.005356324060321763,0.006127865272158726,0.0029489137373324937,0.00659488266172847,0.002642362760932224,0.005934519952626015,0.006989050403766037,0.006041422334629629,0.005810239591784422,0.002822005831163155,0.007107435076947857,0.0027527504619253673,0.006767274649775574,0.007012027833708893
2023,0.005129137352086337,0.00593869278919035,0.003667282537387067,0.007299688429563381,0.0023892150767510965,0.006156535817918228,0.006872049172779538,0.005859552304927944,0.005731081257315868,0.003532930931297033,0.00798308855384444,0.0025155210936429247,0.007096620326520982,0.006987612205142299
2024,0.00449526553658024,0.006208622893390058,0.004690564869184892,0.00826075216252887,0.002804348392895022,0.006216171470143763,0.007013494623301773,0.005238635485916441,0.005974382584983334,0.004496259173593396,0.008996741897872208,0.002960986412379703,0.007124352548390768,0.007098665783004399
2025,0.004103302387830907,0.006498905762584203,0.004598971569254262,0.008015482889155084,0.0031926259478532045,0.005958327831431394,0.0068611334248080075,0.004890557105669278,0.006234416688329797,0.004390896981301911,0.008675071238080093,0.003350380553317229,0.006762891480379416,0.0068950093535856335
2026,0.0038066962444007887,0.006774277604819654,0.004143340791057166,0.007533447155274375,0.0035800661540423347,0.005917166470170442,0.006748255639031488,0.004648755077265702,0.006509137403873974,0.003957790649493762,0.0081665781865352,0.0037553769253769066,0.006715373338467066,0.006783058178554424
2027,0.004241633815112536,0.006773091284603444,0.004079347722423272,0.007864826443607215,0.003792426502247561,0.005395671680692049,0.00670877458636258,0.005108573357455101,0.006381492852826358,0.0038624425709319027,0.00853987925653097,0.003983206260998133,0.006146963393161069,0.006717351447220373
2028,0.005034124265370732,0.006542089119917787,0.0037936824046804142,0.007961212177268912,0.003390907316326771,0.005838452712144611,0.006207802810484454,0.005919180402375361,0.006157296881598259,0.003567884250059043,0.008698323685287836,0.0035732221675519545,0.006679497984698658,0.006186240848367836
2029,0.005265685564850471,0.006279278064298671,0.0034143255599177512,0.007519527765249919,0.003368164648079023,0.006416590204137011,0.005691764637951823,0.006051996887003456,0.00592957178170499,0.0031300639587999914,0.008218600263067137,0.0035538762337599503,0.007367754977368342,0.0055910380513165304
2030,0.0051125641563088365,0.005842825255730784,0.003522230184803817,0.00757882979670903,0.0041509817780272145,0.0064900044931545395,0.005372877457840323,0.005697011424656571,0.005377166590815521,0.0032182751283866716,0.008231606531592385,0.004373944883917995,0.007418466955318988,0.005209478286284484
2031,0.005557116866198521,0.006044464058964217,0.0040613453769246495,0.007566362753521267,0.004818053227476048,0.0068215030260705845,0.005559748094586692,0.006080594680190419,0.0057243407628335165,0.0038118162365056024,0.008199660219324284,0.005084422224188208,0.007784521226585485,0.005472643904219004
2032,0.005359618213301603,0.006133752311947125,0.005211758439325357,0.00738567990214549,0.00518256819250217,0.0071251334215963295,0.006028635740755505,0.0059159332360534025,0.005932372548945608,0.004942510052815421,0.007978161808818003,0.005459336684971256,0.008137364184949605,0.006037534475621692
2033,0.005522617452697167,0.00558790355402525,0.005394695583966376,0.006839690826371166,0.004745662676023018,0.006561334596223662,0.005962938931700622,0.00616824989004134,0.0053963961869968186,0.005147193181654035,0.007381270830812258,0.004994605067962633,0.007486926187517774,0.006030393801165759
2034,0.0057226719082355045,0.00498974989988017,0.005794291202072816,0.006068528074813175,0.004462757703885637,0.00602430493281968,0.00587475130505911,0.006374560245352663,0.004716624045466168,0.0055091114127146365,0.006532580840434156,0.004694123770684575,0.0068634565256975024,0.005932477372130888
2035,0.005229375052119243,0.0050751961581322665,0.005508918575030514,0.005534562195466123,0.004608362063855126,0.006158485834958153,0.0053822840212974276,0.005938596644221533,0.004788742096568026,0.005209080991604761,0.005961635873237327,0.004849990011638529,0.007021313574139639,0.005409084889078789
2036,0.005404170083082351,0.0053601724881438126,0.004576199505811658,0.0049140641135281896,0.004088525429485793,0.0060092790596211094,0.004820077045445783,0.006182247318532841,0.005002821873082149,0.004370448921023288,0.0053034432499414015,0.004312555410595034,0.006848309110167549,0.004843537997240809
2037,0.0059933124733092345,0.005838313409795033,0.0041493465011590725,0.0049779745657633585,0.00395324117312566,0.005574085795668941,0.00539763475921915,0.006779525597618503,0.005487455367161349,0.0039544106414856955,0.005368363603777932,0.004162979813743941,0.006334254039695052,0.005431909826698841
2038,0.005943683163173829,0.006310050529043993,0.003859699587926634,0.0057400955441267824,0.0038807412964233005,0.006007153392653803,0.0056408470564044645,0.006868583240670598,0.00603758492006792,0.003659277028919786,0.006209745731130562,0.004085831280504357,0.006812582743844648,0.005694383855943566
2039,0.005351582677939327,0.006575479252933504,0.004328254442562509,0.006450563029611351,0.003979976634241875,0.00656689660142115,0.005274115218025635,0.006289499337219811,0.006347750698239238,0.0041232626046210814,0.006961920561489321,0.004199381033698881,0.007442028920486486,0.0052835246411866
2040,0.005359798854700933,0.007069216236280662,0.004874321407454357,0.007770208553292968,0.003939769790611746,0.0065921768226081985,0.005685066578683879,0.006252701917012071,0.006921977947887427,0.004641259508434252,0.008364330203010617,0.00414980436774759,0.0074731169540516226,0.005680674234390323
2041,0.0055011513402130835,0.007082586477577582,0.005696281838082974,0.007855339041627328,0.0037282473630557856,0.006536933431867314,0.0062745931072862625,0.006489013009015512,0.00692021084163942,0.005393733401675932,0.008460144295615474,0.003916740671955063,0.007403703696785571,0.0063148930695496085
2042,0.006009930431110128,0.00668351565921356,0.006008760523549109,0.007969000987294871,0.0034128140192456313,0.006123462059796489,0.00672564938095777,0.0070151610690433654,0.006508925185178643,0.005672136654321526,0.008583900311138603,0.003582427164372006,0.006932962511014259,0.00678768706432947
2043,0.00625114073962642,0.006314266807514877,0.00564154813223077,0.008179571651964541,0.0034655403158343036,0.005617766502741168,0.00691794339507914,0.007241034510865899,0.006159280954691026,0.005324601931701635,0.00884285733255774,0.0036442599894065406,0.006380496495776486,0.006993248764911783
2044,0.006779137268313211,0.005658467062835373,0.005684111391090298,0.008844047044061784,0.0038353454385718004,0.005217675481006607,0.006801288749127172,0.007780108310673053,0.005351882970704197,0.0053315110286040295,0.009575772536224238,0.00403453463050522,0.0059176513411424245,0.006884161301771689
2045,0.00672512923222303,0.004778401881166382,0.005216091044425571,0.008850102786671584,0.004274362622548717,0.005025939096149502,0.006305042098424326,0.007705278243528603,0.004404088374311426,0.0049063066348596545,0.009610498348251563,0.00451477153064545,0.005708746958250715,0.00641009135789497
2046,0.006324308619983767,0.005030116994548902,0.004796996136357116,0.0093167478087721,0.004751601494080588,0.0054140513391050206,0.005172597577366601,0.0071572357882762625,0.004797925603271475,0.004515684142013771,0.010091646328935574,0.005004835615624631,0.006148135721663769,0.005238182583409058
2047,0.006287674020268595,0.005619260839639104,0.004800660150651578,0.009277460168327072,0.004728418272823939,0.005590435361836835,0.00505042561005363,0.007106989090092767,0.005368434939413484,0.0045277369311570006,0.010066679972628669,0.004993016042041965,0.006360348791418878,0.00519052832830846
2048,0.005843244585683448,0.006061615361984187,0.005291934180041821,0.00854300851610948,0.004712199226215193,0.005943614201230977,0.005633404496621731,0.006667335561251279,0.005941414259853631,0.005091804888548778,0.009279224961053496,0.004985244755390595,0.0067680583199203614,0.005829445933749078
2049,0.005392576251443888,0.00657173943572312,0.0057242696397010835,0.007563121593129344,0.004466750373594648,0.006514542612341512,0.006265133806800394,0.006042155160962681,0.006556174059948663,0.005567427705055719,0.00818191933938068,0.00470770584654706,0.00741476750479386,0.006454398795521864
2050,0.005643062509701422,0.006882013123301328,0.005918758146731083,0.007275484432198577,0.004244141126276737,0.006914264089434236,0.0069227204584697485,0.006220141890245217,0.0068661758855041435,0.00578917910137846,0.007840407010174992,0.004460008100923312,0.007882025841573598,0.007109873801466623
2051,0.005963076129655274,0.006149206240772913,0.005028415965512913,0.0068917326581741725,0.004104870110216643,0.006690301908356591,0.007334862125262986,0.00652504981825511,0.006112133090393381,0.004879482662150899,0.007405270167509674,0.004295178417424237,0.007628784249939551,0.007440288790076405
2052,0.006803482020851852,0.005891249973631036,0.004395881577941203,0.0064630983947406755,0.0042451642593382116,0.00637663088480089,0.006649093488924444,0.007340368699488045,0.0057823735617303865,0.004172508454029121,0.006928603955649623,0.0044411280510914105,0.00727690147827206,0.006662927347376279
2053,0.006840759947300735,0.005762443155016283,0.004337958405628055,0.006150437810418072,0.004239881279671318,0.0061067942390424824,0.0056835471952642914,0.007427629578200752,0.005625016618374699,0.004046186823658825,0.006586308885501556,0.004442089000661939,0.006956404690829712,0.005659610364351588
2054,0.006620999110070498,0.0055278252994703375,0.004672184266378082,0.007012995116338976,0.004792274521175895,0.005862538669776704,0.005790743908048362,0.007317529575210573,0.005427985474166122,0.0044714505430573205,0.007530014495050998,0.005031732568197248,0.0066794578936625335,0.005798181625173454
2055,0.006955234271742657,0.006150869952141422,0.005264574716440676,0.007959465440076832,0.005252923436797923,0.005535645057457149,0.005607329560555791,0.007751555301779218,0.006202224618220994,0.005161531650026153,0.008555732806684927,0.005536486053549838,0.006336914404044141,0.005694684263247284
2056,0.0074516576115556945,0.005977284389609582,0.006142292251816374,0.007447658974504154,0.005731904219595878,0.005338601727788308,0.006807581494206389,0.008347100493320518,0.006172116590134214,0.006009403561350089,0.00800020575219916,0.00604576448431057,0.006137169715463381,0.007038124088140932
2057,0.007567580682162456,0.005887137786174722,0.007088280186747302,0.007854945936175247,0.005051580420734368,0.005687610869956977,0.008123992006842225,0.008511272862325517,0.006115785156393835,0.006882825905092684,0.00844690554384207,0.005314821090379487,0.0065484634260211125,0.008439404550047052
2058,0.007982695317036149,0.006707051901166219,0.007584033879348638,0.009172053484586365,0.004741292835331501,0.005523525149173903,0.007921877611386255,0.0089296379590437,0.007012112796558376,0.007299884231931146,0.009900414866949906,0.0049952315936978055,0.006383380373364143,0.008193217166945124
2059,0.007945717851494616,0.007587220736760729,0.008319015989068755,0.009141653870838751,0.005364455002242554,0.005444631298433054,0.007889639269212387,0.00873989267515777,0.007937147309550032,0.00791793964872265,0.009865563746782454,0.005647814689795183,0.006260315832686941,0.00813578228073043
2060,0.007973714951353024,0.0075533709005357495,0.008646880291419816,0.009013107479232159,0.006995188943722318,0.005981749970288628,0.007754344327399171,0.008804797468216767,0.007828764600655489,0.008175521381735093,0.009731076719189788,0.007409961966462986,0.006854321478081059,0.007978526769105338
2061,0.009080166464522832,0.007002592826383089,0.007939552456170828,0.009909249738567999,0.007280350502562809,0.007262127943292567,0.008002781656830174,0.010019493069733532,0.007216364053594439,0.007431157173010892,0.010669195136829223,0.00772788795586723,0.008274383056109749,0.008195553891967865
2062,0.010508780362540176,0.008265278729726381,0.007216929602330103,0.010023367111028797,0.007482254849228605,0.008005582957485264,0.00890111643152754,0.011492336857070327,0.008439667760344648,0.006700747894363838,0.01076263525935762,0.007931980437153803,0.009090121333061843,0.009184388375135572
2063,0.010403821644999135,0.00889011165061389,0.007403472157475604,0.009169607761067325,0.006903638228500546,0.008930028849287246,0.009414186917349484,0.011444444019621147,0.00881391899807252,0.006913280478806482,0.009827399309020867,0.0072910466174941554,0.010095071345434116,0.00973440647064001
2064,0.009624481922113152,0.00999686274568396,0.0071395042380223,0.00916262825563824,0.006482968482249496,0.008734101449381264,0.00916141203632694,0.010597071186958129,0.009965160390697864,0.006804142347228202,0.009844162173633817,0.006823780009187368,0.009822213584494227,0.009476175686647725
2065,0.008624340111441897,0.010637325711521433,0.009747136007902798,0.008936430034744989,0.007458600754152808,0.0075930802119524255,0.008480142262503262,0.009373248401071291,0.010607625908173492,0.0094263813155516,0.009626397177900276,0.00785073560940134,0.008546491696815756,0.00888763832839625
2066,0.00740027095795127,0.011082425029473346,0.012293740605242368,0.010120169264207703,0.008165568652203279,0.006886840130128364,0.007553505790461646,0.008067600986931952,0.010998558844607367,0.011906746384104024,0.010941953630494517,0.008616932206991553,0.007761600510327826,0.00796173433566294
2067,0.008307390162754134,0.009618300965992114,0.013303363210718774,0.010701482588658709,0.008153308304471758,0.006985745323063271,0.008448436526033033,0.009181674343555317,0.009508951174924386,0.01299212936248911,0.011660608999408503,0.008665463924401252,0.007918830706720817,0.00893983121907776
2068,0.011226784542915381,0.0073850701007417766,0.012544632725699865,0.011089170899002626,0.007639183240848916,0.006398852467940094,0.008820076129612189,0.012448210820039874,0.007172066120578601,0.0123308156063468,0.012100970021637401,0.008115538589739454,0.0072793842824205365,0.009240125069883079
2069,0.011919045475568095,0.006192326453003952,0.011838815016810555,0.011968939083655292,0.006752444143194939,0.006428297278763934,0.008095239719997888,0.013332639060267194,0.00619543491643937,0.011653952795621482,0.013056421981515907,0.007151779379044025,0.007293277168557588,0.008399528928657916
2070,0.011441790823433407,0.006385612799971492,0.010471808997698532,0.01038108964297372,0.007704292117928884,0.007200859699920537,0.009107086738941698,0.012934749776486232,0.006610976071645433,0.010296732052757902,0.01133335996826729,0.00817606549185747,0.008150489043602153,0.009392052484864036
2071,0.011052981829396477,0.006346305081115092,0.007912242290039862,0.009695595135206759,0.006799764348635912,0.006210574670011638,0.009635815364971826,0.012362832959160287,0.006713044061497141,0.007706482725320575,0.010575268651943857,0.007200629090813066,0.006996598938442306,0.009859364977849484
2072,0.008960106630692858,0.0073343348235187225,0.007557110879885142,0.010840280873456634,0.006414527526281288,0.006071877085729553,0.009380393218740677,0.00997979151030356,0.007867258533120326,0.0073113587753462295,0.011824705099855566,0.006785970976588728,0.0068222497504832995,0.00962707434167682
2073,0.008958130811874973,0.007667463327571705,0.008383577441664737,0.010369242574972326,0.0065368422219812235,0.006001196335899843,0.009173855382640587,0.009892743161149761,0.008255220542256204,0.008101063190999437,0.011278496996829297,0.006909199908504147,0.006746205378216852,0.009453007168506188
2074,0.008984502529649593,0.007732732511230395,0.008475811154045146,0.009768416405353898,0.005818973459191567,0.006106795250909206,0.007411053650686865,0.009969126438459422,0.008426570046718767,0.008233626246210901,0.010569015825577658,0.00609901322296425,0.006847608943728997,0.007630063719823236
2075,0.008168183685858497,0.007448433991709352,0.007776729643292424,0.009809247510048434,0.005937697343689225,0.006745791174917027,0.006636439981216007,0.009124562719372729,0.008180442516818216,0.007595596077819302,0.010561473009633884,0.0061946945707303065,0.007577859164023196,0.00685296562704525
2076,0.008440079672919609,0.006555037532387845,0.0077388965775593305,0.01000911455509291,0.005075051864725066,0.006333293633323984,0.007205833481355275,0.009407112152009784,0.007025462271309466,0.0075643497896528,0.010733556203525386,0.005279719678042708,0.007110922774118236,0.007433448757430452
2077,0.008809639061108876,0.00657376064861542,0.007727003892858976,0.010773318140913538,0.00597645215391755,0.005625816805197386,0.00769176222635245,0.00982315081990062,0.0068165320079441255,0.007584379613734677,0.011566344878097148,0.00623789600034499,0.006331631373049603,0.007918621539154068
2078,0.008621277474572383,0.007883433213236972,0.006764989674292192,0.011063868526132352,0.006946158540366664,0.005764677812356683,0.008741713730518151,0.009518729532265197,0.007922893094343141,0.006604501808474707,0.011892102022905734,0.007279297317854123,0.006542812434451565,0.009045133575796008
2079,0.0077773216020124245,0.00829834868624563,0.007452653290802709,0.010834525290296566,0.007264139436940108,0.005932519119510067,0.009208513876375744,0.00865160554094817,0.008159982842475141,0.007215204055433273,0.011641242057974186,0.0076049636768720785,0.006732345337219156,0.00954716161822154
2080,0.007020332988755754,0.008409288241208977,0.008498998423072309,0.010519887870169704,0.007773618875502841,0.007005579863382757,0.009411686660114351,0.007972592524195974,0.0083263756964637,0.00820692025229572,0.011338567745327337,0.008160848566827127,0.007957970041718694,0.009816277913026718
2081,0.007390110182280667,0.008232180532061789,0.008969547141209103,0.008753195495411963,0.008138091225827086,0.008019883908318733,0.00850196075510268,0.008411662881583279,0.008143483163730116,0.00861903624678497,0.009423097593540472,0.008557931220795519,0.009099638339913636,0.00882522462295984
2082,0.008228880579994494,0.008507102293986461,0.008679575197198435,0.008529340535198222,0.008682760458812533,0.008128341565369587,0.008368111991419956,0.009413303224788698,0.008579778201692248,0.008343982113670685,0.009223449319066131,0.009151381646973208,0.009214208566163767,0.008597496151059949
2083,0.00940979285727505,0.008605170261613131,0.010526754945332152,0.009623431553475543,0.008512351442452465,0.00858063068202007,0.009907471325241994,0.010662572805421109,0.00872916488023323,0.010093786765046017,0.010402994737137568,0.008948519697839913,0.009737569701886379,0.010138128321639683
2084,0.009588111670718501,0.008711328072677146,0.011774780522964712,0.011850713192437141,0.008493344803552811,0.007234596048999791,0.01085616874575419,0.010935822538476709,0.008907585620496821,0.011393550542246882,0.012835604001820556,0.008951323987251448,0.008270589450973724,0.011225309870457167
2085,0.009726435872990283,0.007881999726231456,0.011332356203215797,0.011027386173970036,0.007596267131786546,0.006850704910441273,0.012238149585330281,0.011008127735655942,0.008009552571883021,0.010940261809930848,0.011857408254207804,0.007935626772655217,0.00780940898972905,0.012782242060076294
2086,0.009961150878240215,0.006801216813506199,0.010440503309984047,0.010592259535066135,0.008167269168071992,0.007290154258446087,0.013198301356839446,0.011141184341055446,0.0071082870734493165,0.010002139334166842,0.011327144386998292,0.008510829554009844,0.008269938732358503,0.013911556026891585
2087,0.008982329940036542,0.006362878761418202,0.00898537767201261,0.009380235497854522,0.009221375419724315,0.008149862781507275,0.012722290833999684,0.009913494411283457,0.006971431425211112,0.008646868198694313,0.010031324014813004,0.009644610521338767,0.009245758931314185,0.013458768053108491
2088,0.008477292705560482,0.005771650796881642,0.009681726620672541,0.010870579236327296,0.009159331880823353,0.008852692808202441,0.010903770076370412,0.00923498579965008,0.00628561648287034,0.009377220317810079,0.011632161554356136,0.009622704135524025,0.01006344095630363,0.011560857977440973
2089,0.006961163311665697,0.007005667024026929,0.00924122095503432,0.011873745446381503,0.007922079094860892,0.009121085075013167,0.0101739867851418,0.007549588210415874,0.007295269043895061,0.008888670651108785,0.012654035391119922,0.00829779650503179,0.010291988700119143,0.010690346840071505
2090,0.006288704590692342,0.008556457801127659,0.009456669703195019,0.011936922169403081,0.007758809705051784,0.008781458230658047,0.009413687013036949,0.0067341031094181655,0.008849162995715235,0.00916205601171694,0.012785088674243258,0.008144193339775452,0.009956395957410658,0.009812932411185303
2091,0.0060035075634127,0.010400350343091724,0.010248989604374153,0.011000199022833529,0.007871072502121108,0.008463434436371086,0.009628254656810825,0.00641242411530568,0.010690486560532723,0.009960731696573334,0.011817136254797756,0.008278466214430147,0.009645302425922556,0.01003892400464307
2092,0.00782706260539313,0.011229351152698673,0.011219176947332885,0.010193192323270137,0.008452949196428595,0.010103891903088478,0.012363738752427238,0.00846319492294176,0.01156195501592184,0.010801856328712204,0.010907060967131253,0.008858972181718106,0.011461690427366266,0.012867290712721658
2093,0.008419646377621697,0.010653193963860814,0.012150076995290908,0.008797111396079499,0.010520621732250759,0.010622020502002895,0.014558139428130458,0.009208875288917746,0.010883877605515067,0.01165372370312596,0.009405118888002065,0.011029947270723773,0.012047830458168348,0.015178202643180119
2094,0.008159354528106564,0.009497092658499117,0.01244380176465754,0.01188264323678994,0.011672593222207197,0.009947789241724308,0.017220583112259692,0.00900251092965445,0.009691762549045014,0.011830850422427873,0.012698486519166772,0.01222829864202719,0.01125080071640611,0.018063116337147106
2095,0.013360854868178007,0.009096289384116859,0.01336239981389904,0.013405349316655296,0.01322838456531375,0.010693258185507945,0.0212074547098958,0.014755517671632664,0.009590784334854816,0.012650249998259106,0.014390824377262914,0.013976603682832609,0.012107884826515264,0.022322338474794326
2096,0.018343286135552955,0.011362768725408059,0.015573822814146708,0.015223991666556056,0.01628890744654572,0.014869629071639655,0.022372536878439285,0.020093801795613896,0.01155365301967638,0.014543857755677061,0.016195248603452124,0.017101229408219964,0.01673044664793591,0.023355984676527837
2097,0.021352925249283214,0.013572084804035793,0.016150692517254296,0.019411357708059702,0.016679926406009255,0.01656529138698358,0.02300461270998408,0.02343429597816939,0.013819651563041675,0.015112128490369156,0.020632856111013044,0.017511155255534087,0.01867093889065071,0.024078266497309663
2098,0.02074807616868227,0.013713236179676317,0.017510009011178853,0.02020652740159712,0.018220165650407696,0.01805628400283426,0.0210093305713877,0.022774632470520823,0.014091762540210774,0.01645540030194458,0.02130363155465007,0.018970370863690845,0.02024715363152454,0.021841586178955288
2099,0.018717304078278076,0.015206679478753182,0.02028811466129877,0.022017089993342634,0.02047320256440406,0.018705676276296396,0.01794539159993452,0.02061102095741788,0.015488371157806947,0.019270918605744463,0.023145290083511207,0.021105891841951534,0.020972770554284217,0.01873224949287666
2100,0.016088793155593195,0.016377295871791733,0.021840343708849633,0.024155079752477486,0.021114322125410288,0.01382707482760461,0.018088838758462056,0.017522618021672317,0.01696648728363648,0.020932346837216783,0.025576068756717456,0.021871525808224934,0.015479427521539886,0.018814210210276718
2101,0.015650122612988964,0.013796348294973958,0.021242969967432905,0.022767341990522324,0.01677880655289731,0.012556393171720753,0.017809103449744672,0.016985475141246757,0.014347772421667761,0.020505810253985395,0.024450071095457663,0.017633309238985782,0.014123445116554055,0.018520942568049033
2102,0.014324296574342012,0.014914209815257106,0.017154674154481696,0.021198057876804885,0.014744139997815245,0.012261495049757083,0.018517696566035736,0.015599359472431846,0.015543941037788877,0.016547544019989206,0.02295937525873667,0.015559434773502018,0.013805352328088596,0.01927638445848922
2103,0.011839015567546886,0.013986021970607576,0.015861808540500906,0.017598582695284134,0.01636202306221808,0.013222341316400878,0.015654815431352262,0.013043411884547556,0.015053761468715713,0.015279044731416811,0.019072041116037917,0.017246805385786435,0.014873642191933793,0.01626476402658789
2104,0.012694975443819846,0.013190078853483677,0.014667307259596977,0.016081823759660368,0.014516780670499316,0.012122553795417294,0.011922114894384987,0.01410431072973125,0.014238056303094979,0.014228280022115595,0.01741364917554457,0.015256775568598389,0.013642407789668689,0.012358055412701283
2105,0.012033483979064076,0.013649966520996128,0.012162603477894546,0.016111423231052253,0.012473234853007,0.009336145277582654,0.011431826752891717,0.013415567901414283,0.014351034288544645,0.011855711917507826,0.0173465712270435,0.013077226651640114,0.010505649026245548,0.011765860170419322
2106,0.011853134458097552,0.014402883899745703,0.010253749834634316,0.01487998204735864,0.012206334399092364,0.0076586815088863875,0.012160648484093142,0.013299150166334789,0.015138710092951207,0.009977425765944726,0.01595171465562148,0.012818189259511515,0.008630266400948914,0.012521035603009593
2107,0.01033112748839825,0.013221447623649126,0.011594955710538396,0.013514855032673053,0.009693125693953374,0.007343914002376405,0.012426684452745466,0.011653148076614174,0.013514416797096468,0.011269263154464845,0.014516521181458155,0.010228063279089854,0.00829574328707065,0.012853683495278701
2108,0.01059822613880798,0.01176529834268066,0.012974565893129964,0.012329545143282723,0.007458247190585965,0.007153657176593922,0.013826056796421649,0.011939694711554646,0.01190722141350638,0.012477820337291336,0.013198675183596761,0.007883538099999513,0.008127329400987655,0.014416623321891373
2109,0.011456169861123,0.009870274899166219,0.014032334373839576,0.011214151500140605,0.006488712413400781,0.008081929631370893,0.014879545046992237,0.01287455066161374,0.009976961994996696,0.013319514608628142,0.011899286292188825,0.00683757303296849,0.009168264481599117,0.015551270390525
2110,0.011282619953922858,0.008776105151127114,0.013080076941237452,0.012530858208391376,0.008110607844663213,0.00814439293664956,0.013127361219462971,0.01257681829621928,0.008710510404922104,0.012436118261288629,0.013291644632038954,0.008519132604517643,0.009256596538311273,0.013853399748333006
2111,0.013814015679319223,0.009579358303604079,0.01402758275429339,0.013537852480085115,0.01179150581153074,0.008538047487343036,0.01266452264373173,0.015052304068428642,0.009590345015545291,0.013326823067008248,0.014280785334986485,0.012373200780670002,0.009707529375653367,0.013413551308843068
2112,0.015081210032349803,0.012410253696620722,0.014546372552245465,0.015571760388458407,0.013753298122645514,0.00949209799255353,0.013704461287241862,0.01629007332427357,0.012548079365727433,0.013774108925131996,0.016324699957669483,0.014456168372237656,0.01076607000209636,0.01430984409550516
2113,0.015464786304034726,0.013725686418423599,0.016731595099888166,0.016037181469738176,0.013095220736143394,0.01075575569297203,0.017588403939577387,0.016673655706399147,0.0139789685044952,0.015893708397079587,0.01692871198642951,0.013801783267529249,0.012234633449866203,0.018082709296670364
2114,0.016991086061175643,0.01577195528108436,0.019303554947743155,0.015932638542080792,0.0124612822702415,0.010512451773948701,0.019170475271266828,0.01831276828505055,0.016299381168131514,0.018208817456848606,0.01677801575579755,0.01313866254658251,0.011955626287424068,0.019568907547284617
2115,0.018023859883122138,0.01563147752135907,0.02025545496675523,0.017733841210223658,0.014627421655165868,0.01053597311568985,0.01755538570920921,0.01967604839999377,0.016216997795172727,0.019053472555492054,0.018711911072476654,0.015427636344100878,0.012017436332725256,0.017939057532963563
2116,0.02013170455204351,0.016304722662978707,0.020416507977603953,0.01946749494186249,0.01415171948200477,0.010560506395222132,0.01707809980409898,0.022000814743911593,0.016756125450752595,0.01934902869027109,0.02074747960503671,0.014877630356096148,0.01199395166268021,0.01756422719876004
2117,0.02096982361142243,0.01845935960316932,0.019698674556247915,0.018724027106909555,0.014940856103508458,0.012874632883805361,0.01575513195157317,0.022780057187672325,0.01882159653286382,0.018641591921434705,0.02001259754246125,0.015766084895388693,0.014564185968430333,0.016228117171718452
2118,0.02155497234496152,0.02119016854295169,0.01624427407844993,0.017794427806216907,0.017726690042156858,0.016521336302157227,0.015948770290107637,0.02360454064502979,0.021729462550623208,0.015396681542338454,0.01917234152018088,0.018907494475940003,0.018804317277799167,0.01653579820093863
2119,0.023161099876808214,0.02378432049091487,0.014729391764243862,0.017041887215094767,0.0179552301042574,0.01894623067590044,0.020345547574180084,0.025306294572730748,0.024582041156265923,0.014041892444533008,0.018400558763648406,0.01916279728361035,0.021451098744243675,0.021024295697922527
2120,0.024956047597440325,0.023133251340716716,0.018778926148678484,0.018706565420589925,0.01739532446632801,0.018747024327010867,0.027132728042946405,0.027233842409738224,0.023953909406313072,0.017792338388895657,0.0199595342489476,0.018531905759852682,0.02127791997441065,0.028059110941706523
2121,0.02694601661452812,0.022965197759752327,0.026257183996679822,0.02138032700930189,0.015428046967223332,0.01670150300767233,0.028777764183058302,0.02933491246956973,0.02415517234712378,0.024780588249186924,0.022473227784527667,0.016255429732324866,0.01893268475233111,0.029766602235572464
2122,0.03057825524993481,0.02617208574196295,0.029478362692475574,0.026883656879858654,0.017388618125232205,0.014323632183487029,0.02501938370719762,0.03332050092131329,0.027640960044372435,0.02803421249871254,0.028258926655366567,0.01806671896186254,0.01595418698996831,0.0257330318472732
2123,0.03142287997615625,0.025154811012521434,0.03275537226296997,0.03246234123475493,0.020669348894548398,0.014171903914654149,0.025480450303478588,0.03440895900973043,0.026336628911449254,0.031178411126088844,0.03423724680634973,0.021455005704224126,0.015715567023325563,0.026546457751588634
2124,0.030454360853690784,0.023910088430659927,0.03554605105636094,0.03227903387272732,0.023145391891980647,0.01759200801266373,0.02637249214922911,0.033645796157193125,0.02494476229944539,0.0339834739206969,0.03433662988452838,0.02414836167041968,0.019587326541948842,0.027555085358421924
2125,0.029878418874762502,0.024336465750590695,0.03373419447404926,0.029936820302906047,0.022673171106098282,0.020849837481247614,0.02634566610572442,0.03295517258592849,0.025467348125862113,0.03252709357634736,0.03215631489486875,0.02384113210811771,0.023280255533649576,0.027321400869374363
2126,0.03214379081181899,0.023919826335507714,0.031282423353268196,0.03154838007260025,0.022710192132937613,0.022128348295512558,0.0250913458538574,0.03548613207054154,0.025019112400344826,0.03015730756308942,0.033783649363487815,0.024156287264757347,0.024973912690849347,0.026096709679357528
2127,0.03705053840370797,0.027766535405824074,0.03363781655495749,0.03283125035850548,0.023167939992420124,0.02211435471724336,0.024877302048850896,0.040929154745893204,0.02903020925848333,0.0324559867695813,0.03511912706025604,0.024769040256859297,0.025063789697363257,0.025798086010680912
2128,0.04197236853735656,0.035646899550026215,0.03666526670358183,0.03757913049669589,0.019037668629612495,0.027346867921645375,0.03094914268231973,0.045888217570330084,0.03794187700208065,0.035205797953198,0.03999086691089024,0.020304518357609293,0.030833551860777436,0.03185673040597664
2129,0.041289092485917354,0.040406686685955394,0.039181000316004584,0.03970437894926844,0.024929227020033112,0.03391644222468924,0.03779020095972571,0.04529234883032738,0.042601717909335673,0.0371943719425767,0.04185483075060419,0.026301557261889274,0.037628423709867416,0.038450938144175585
2130,0.04217182886064839,0.04551523668343808,0.043669939850357345,0.04489883195956494,0.03709891452219744,0.0403170033026818,0.04467779687024282,0.04627858472209004,0.0459566933552633,0.04058951392861591,0.047359466374713,0.038777489259644644,0.04410255320957442,0.04567483209887163
2131,0.04595698973560885,0.05204036709956537,0.048456631147355315,0.06262558469559197,0.04290267287003737,0.05001629601822637,0.05259887088797348,0.05058643288249555,0.052234389896056894,0.04416661947699569,0.06649008904855205,0.0456434162996175,0.05452879816068096,0.05474197163274855
2132,0.050813095385863226,0.0632890605105879,0.0632269396260501,0.07294897672734776,0.052294275061000726,0.05765576589734925,0.06331218592146401,0.05609337074295825,0.06337665898509763,0.0577999078493931,0.0779316568721182,0.05607617284240409,0.06302975011991291,0.06585509011568572
2133,0.05560596816324389,0.07622246771184125,0.07750131143360538,0.07497740408966294,0.06817624388128252,0.05868007801600061,0.08600520209147475,0.060453334635509434,0.07538401007269412,0.07134162916306921,0.08233609807793506,0.07418531805275094,0.06443360840490461,0.0903461192458386
2134,0.06563535139560583,0.08140617269838042,0.08221034635570215,0.07756883316419719,0.07493846629323558,0.05920651469544192,0.10500764328230484,0.07128809026866935,0.08183302071525095,0.07650138363666534,0.0888184669926283,0.0856276839516825,0.0663293311066505,0.11249088505190706
2135,0.079611434857153,0.07702701089214803,0.09011402392276668,0.09211778629315492,0.0789191399240634,0.0591512958141114,0.10784774199592768,0.0853914459669987,0.07890644321065782,0.08486915465929375,0.1033676032361053,0.08791512473473911,0.06620065282504063,0.11617990369615107
2136,0.09767009816216267,0.07102041979445443,0.09565817006843132,0.10775717397113022,0.08372533492893844,0.061049198927532085,0.10767480543092628,0.1028045646301329,0.07389156910494571,0.09119901175448689,0.12035162655888756,0.09167145038243482,0.06719339991102782,0.11598012131826849
2137,0.11610283925552768,0.07374859725574229,0.1093388992530878,0.11051166846497862,0.10821166587287619,0.051599538766553335,0.09396077083658848,0.12259002001511214,0.07493362481881823,0.10169460909880743,0.12603730250388678,0.12179209143634216,0.05546937895326225,0.09851823532309192
2138,0.11352521009254046,0.0732892821814052,0.11595283085893128,0.1207705633808839,0.12406029462066698,0.06702636927122482,0.10410903110583476,0.12273144784013502,0.07477318623157421,0.1068355201731594,0.13245227659906916,0.13475329933355545,0.07019196467817397,0.10621942140965106
2139,0.12551570344162366,0.08480915414424905,0.13851835592814754,0.12771016268919602,0.11724289431843705,0.0957888293531785,0.1295202968844938,0.1353959092314297,0.08544001210072923,0.1308208257210424,0.14045912642077757,0.12520832967915424,0.09838225062011573,0.1274261518660162
2140,0.12714677356761198,0.0925945315225035,0.13744329786590026,0.13460596470788647,0.09665356410998215,0.11316953634843856,0.1480611663592428,0.13891444027097516,0.08941435110661096,0.1328251072802468,0.15675900422279376,0.1031126442886053,0.11469210904292731,0.14662533880786288
2141,0.12336820867023592,0.1177580262944095,0.13738156178725106,0.1082476904226069,0.09044155256541589,0.12267018847630717,0.13143004773885086,0.14277439599400416,0.12149099628835325,0.13346982213515685,0.11811337012543026,0.0881079078969335,0.12191049437830694,0.1376120917460721
2142,0.1250731879476773,0.11931891525616019,0.13973197003481208,0.09839918915757823,0.08907118388902716,0.11202062374906979,0.11830167455824854,0.14564691269029917,0.12432364774183402,0.1352907287735547,0.10534384536717452,0.08617754978768927,0.11335579166255096,0.12641669495491478
2143,0.12090151176692207,0.09617114116210565,0.1327027809038193,0.11449940890150637,0.09306377773813224,0.08808950085572029,0.10692932481750121,0.1373231599817196,0.10178497180038347,0.12281796102502607,0.11867136996932615,0.09092203998457139,0.09212155573845766,0.11560793530654691
2144,0.103454863227085,0.09763215781722072,0.12233207118915523,0.11030792088161391,0.0922377855570876,0.07463028530028526,0.10206953666607055,0.11724147149377165,0.1039487530690856,0.11323508612421715,0.11370166261432488,0.09506066305746488,0.08164755135298445,0.10697055743577953
2145,0.08505944157308606,0.09604901672604982,0.10118317779817129,0.11273626786951256,0.0844101731819475,0.06441552656640294,0.08346269859130372,0.09350367973899852,0.09974203738048798,0.09329581207072828,0.11714026044994665,0.0888818940427438,0.07165774031984576,0.08725233969619374
2146,0.0727749362667577,0.0898768699225151,0.09121170666098904,0.12316542276114271,0.07740467768469153,0.057159429426198366,0.06772512565912983,0.07789872788149067,0.0907331525700741,0.08239281421250323,0.1260104913051597,0.08057627622841987,0.06182071412586301,0.06684376506328649
2147,0.07104668193906563,0.07769509477817196,0.08749620272547413,0.11386388468450347,0.07398551897866457,0.06381504261443208,0.0633992762260688,0.07631866745776418,0.0777514684357099,0.07847128150018748,0.11438296474375027,0.07595327797459914,0.06946291534290173,0.06311096119545892
2148,0.07098975566531983,0.06771958336551566,0.09233696433401761,0.10008687154413341,0.09028137687055382,0.06911391911219317,0.0797748402391884,0.07517220150113296,0.06582976792235255,0.08061328451615336,0.09819362666231057,0.09047143081941256,0.07265813016111926,0.07927942150866459
2149,0.07211269863821078,0.06480087005601431,0.09003332919375964,0.09884813915461364,0.08666363046422909,0.06381562707355118,0.0846712777460949,0.07402333701592721,0.06100398264919267,0.07789800590002424,0.09481661598725045,0.08341944427020269,0.0643142867529081,0.07971509807632528
2150,0.07675111252376383,0.07184575730283409,0.0879884647980374,0.08585502335704444,0.08362003858968271,0.06659898790794358,0.07812645476348778,0.08003866306622273,0.06931697455549152,0.07818198029731367,0.08218552392101847,0.0790073291972601,0.06793158256839395,0.07442659834585034
