wvl,103_AM,103_LM,105_AM,105_LM,203_AM,203_LM
350,0.5480869746837708,0.04077802950260944,1.0276125992557303,0.9430153846821461,0.3222185367319168,0.007814080718115632
351,0.44361316016103347,0.18231731489100014,0.8963457603650417,0.7681907647895589,0.3875394942309168,0.05752352822101046
352,0.2769453803184262,0.36331071331217535,0.7891130644900072,0.6213197865417315,0.4867035564762435,0.1345275023523626
353,0.18973022001454687,0.4514528587252307,0.7488721359327337,0.5669696877613987,0.5276500082211373,0.17052586153867583
354,0.22908900426381515,0.4195433780436274,0.7831339490216506,0.6116742077739314,0.48701579135743567,0.1464727512995665
355,0.2917166232502829,0.35714551929997185,0.8279912703460087,0.6684330953228901,0.4605290099965665,0.12850102151135318
356,0.3273070971384938,0.30316522192438167,0.8737321381769392,0.72389431374338,0.4374446019427543,0.11319581004911858
357,0.3552850039686513,0.25867302963524397,0.9027490918307508,0.7599463434627052,0.4128754288677618,0.0958024193121998
358,0.41467019230908586,0.20726149724012408,0.9151011658604095,0.779985784169635,0.39054496823374674,0.07792295279588667
359,0.3306092948626971,0.29430699367538077,0.8463095806177872,0.6885336203536251,0.45233462103606126,0.12735189380401546
360,0.24629738733530163,0.3843924902653487,0.7819312165440925,0.5969238843334296,0.4925151008826823,0.1660387545566515
361,0.22312152927879747,0.41416720360769455,0.7518280786271235,0.5583218488592303,0.4732553799946307,0.15405885251017656
362,0.19410655333964522,0.44007552282776413,0.7327044873239336,0.5324216349937969,0.45224400647001517,0.13850157656658638
363,0.1868821194629013,0.45123284287893534,0.7328797861376372,0.5314010268295015,0.47335415836892986,0.15524913260192935
364,0.13800017448097437,0.5064621374352984,0.7052149293674971,0.49323546150661707,0.5138957305500592,0.18937553199888177
365,0.07009846033229652,0.5777147786227064,0.6653268772198294,0.43758561045754746,0.5431463646003005,0.21370601585295493
366,0.12373231492299963,0.517001528845505,0.6910846228526563,0.4720902837022695,0.5036741743575915,0.18751271577153839
367,0.15786285578983783,0.48607482671499014,0.6949814177309395,0.4761679103886166,0.48906358288233165,0.18091784989304438
368,0.18977168006448922,0.4560718580755015,0.699492651365637,0.48208061395061913,0.4769518166169216,0.17504879058029302
369,0.2290029735269157,0.4089848742423457,0.7277092458640236,0.5155718539949425,0.45164081631303826,0.15500602768380664
370,0.18567466856477113,0.46475767158299114,0.70226949598974,0.48291189870402873,0.46895889008185815,0.17047458650394795
371,0.22856537953660042,0.42111489655496626,0.759302502675349,0.5564579459512095,0.4358049433408688,0.14639386066170312
372,0.2690450728790602,0.37191871509946,0.8143366066484081,0.6246393260387233,0.39844215425352075,0.11835679817304465
373,0.18317935798808285,0.45649607816910553,0.7500448312851064,0.5354528083424308,0.4312459645931106,0.15041942308155087
374,0.22723331271680555,0.40208237487274634,0.7554079799359397,0.5464948086607468,0.4247788863563547,0.14656435816970934
375,0.24592443587144006,0.387092642166897,0.7529523734775989,0.5426202756052969,0.4229968278901018,0.14694097450594704
376,0.17787594975809212,0.47238354188521714,0.7002606306647886,0.4711410947920192,0.4431075153086271,0.16511245356756787
377,0.05799945326318158,0.5949344822505395,0.6179668761481508,0.36064677930374317,0.48783665118130376,0.2020706473316338
378,0.0995613156440078,0.544364970744088,0.6507866275532059,0.40335103337587574,0.47118697144673216,0.1907401788741584
379,0.2092473667444746,0.42523727953546797,0.7315924716721052,0.5104403164456577,0.41843715157168243,0.15161573968588046
380,0.25747771433486083,0.36767424305644175,0.7723430975419598,0.5585389581402198,0.3787405606320008,0.12263460991681395
381,0.21361652496336997,0.4202259869462334,0.7652974073487111,0.5446161737750281,0.3847802050571992,0.1282549776203229
382,0.27145453767246897,0.3637090702422971,0.8291598907763817,0.6189531744993567,0.36038999586828285,0.1098388957222154
383,0.3242562864161617,0.3067609701793808,0.8592265744608479,0.6584798100549674,0.3369897783587899,0.09242415448212148
384,0.258779858282222,0.3802114927627226,0.7945061929531351,0.5765603358516195,0.37026684914500346,0.12226222696745748
385,0.2632002293908059,0.37506959370541954,0.775025700676123,0.5543751402952335,0.3857399693755817,0.1369696640966236
386,0.24783995271260417,0.38964485315237335,0.75648398036789,0.5254939232617907,0.3875205748526647,0.14071096766498548
387,0.17186256102904676,0.47149202351561786,0.708205992131406,0.4555566856879941,0.40425420013038854,0.15834471692771768
388,0.12104942758802666,0.5319427526678028,0.6797500439908336,0.41834898906080137,0.42121598556468415,0.17523867519314304
389,0.08810093639226449,0.5602234025446108,0.6416145962062643,0.36917397219915216,0.44562332525535986,0.19667671043018106
390,0.12591625979648208,0.5190757196422046,0.6522431675670205,0.37912133285602856,0.44044039901295806,0.1914988287012123
391,0.19487157003720504,0.45309238048325895,0.700928066219425,0.4393648351267481,0.4092792510034029,0.1653068909777225
392,0.21287373465809226,0.43359236502504733,0.7366246359620325,0.48662662892561365,0.3916790052227295,0.15072190242547648
393,0.23892273542605616,0.41246662436836956,0.7530072892511709,0.5063763082923711,0.3842838613120293,0.14820696804643807
394,0.17461498843276857,0.4821817948673425,0.7040436303557619,0.4395213085867926,0.4106600366347813,0.1744825219160286
395,0.03577781444565627,0.6182513754854833,0.6094738389673723,0.31154318800065606,0.4660879281744738,0.22541060262315252
396,0.0008227751491138595,0.6619502155707924,0.5659135890410628,0.2554277792336091,0.49122184244554784,0.24626530054311876
397,0.038131789270269736,0.7023135385586641,0.5236950546907729,0.20115452273400106,0.5190294902065288,0.27011473963251126
398,0.081418065777714,0.7435628778926088,0.49323930841627495,0.16091754386883939,0.5434997629224527,0.29238087568330023
399,0.08696171256166514,0.7482865364881027,0.5033342860925846,0.17477404145739947,0.5454038033285631,0.292471105506246
400,0.08872907089126825,0.7575336821408103,0.5024481705618568,0.17038804960933687,0.549886620294991,0.2974408698927641
401,0.0864483050783229,0.755565043191957,0.49574519174571835,0.15973604917258516,0.5535738754685663,0.30247720992708077
402,0.08447821563460399,0.7464973097295531,0.48942217053256526,0.15289976514764128,0.5593314579961505,0.3055837421126896
403,0.08895716435495982,0.7558266254792538,0.4964820876503879,0.15647412368720093,0.5631587856283077,0.30856935649006345
404,0.09765111620952346,0.7663670135267976,0.5017737764704073,0.1613849853390256,0.5757310560401515,0.3194584450718748
405,0.09542738258732326,0.7595586930003724,0.5086086674501992,0.1698886370777255,0.5869924414185672,0.32674952368044324
406,0.07468655500764956,0.73490977113919,0.5279170007584144,0.19329141850778805,0.5857376572243136,0.3257428552184688
407,0.08253572673763913,0.7473282341241804,0.5256938044616224,0.1868729058291233,0.6006866984020607,0.3373062746644696
408,0.08498789707793154,0.7499699264821508,0.5209217137808387,0.17901774152812827,0.6135089204764415,0.3471758859931583
409,0.08520346989109864,0.7476805804203833,0.5214555037482248,0.17744584192557553,0.6266096033624516,0.35755579670629606
410,0.0847787500102142,0.744187553813727,0.5249731987781555,0.17880083075953945,0.6407321125564917,0.3678673524483202
411,0.09461132991341488,0.7548519631253596,0.5195709045582154,0.17144113782111894,0.6576231030474498,0.38150481588386
412,0.11376059699472242,0.7778675584347673,0.5090899935853265,0.15628641647493582,0.682068026681146,0.40295214663613504
413,0.12230656396232895,0.7893181615909244,0.5041026417633355,0.14988093827800364,0.7052151907541249,0.4202853553275704
414,0.12175835289793899,0.7854246967947,0.5060343282998117,0.14928521185504767,0.7177983508110823,0.4310821002545898
415,0.09860261209122342,0.7598908351577941,0.5201881100951385,0.16686117394973538,0.7171768713306849,0.428568187154384
416,0.08286833673511558,0.7440648653795552,0.5330740357814473,0.18116941880217688,0.7206679971989992,0.4321278221297076
417,0.10234590918780431,0.7652080984906615,0.5255666773133131,0.16931162280131473,0.7429182859697178,0.44906060556937744
418,0.09713909410210905,0.7580678352121073,0.5303550985552585,0.1735457020786356,0.7555341592794454,0.45667332447263737
419,0.10642722741448253,0.7672983487266312,0.5229039598937862,0.1624020716072351,0.7739356262991373,0.47389160447136863
420,0.1179014531192396,0.7789370749420391,0.5152993900080706,0.1514647398034263,0.7929712104226608,0.4907574750243552
421,0.10925136785496879,0.7688434500716376,0.5245399681425966,0.16318072023946814,0.8012402075340163,0.49554321875107615
422,0.11742310592231979,0.7793588407904066,0.5150897509472165,0.14923380464351652,0.8221241727701242,0.5134831953257574
423,0.11975716706552035,0.7818983694393031,0.5099373871636028,0.14106827687037213,0.8353609879889697,0.5235462292276278
424,0.11274542528791767,0.7717983724884326,0.5152338376414619,0.14755838865133578,0.8384016046017517,0.5265823622003706
425,0.11650684730048114,0.774108677980532,0.5152449325098527,0.1467849704947644,0.8485419642126476,0.5354613995218085
426,0.13753876322974645,0.7990327682879523,0.5001676987961164,0.12647772101665758,0.8712126526042309,0.5547890813794207
427,0.14988626397767155,0.8141456070356037,0.49118098374189856,0.11371354764427483,0.8874913095617802,0.5688899991358138
428,0.14053949594662069,0.8018533572342083,0.5000276575261775,0.1231343494610513,0.8878722923124198,0.5709186170409386
429,0.14152674015182562,0.8001863988602842,0.4963127845104554,0.11804771723917475,0.8919396153245712,0.5758489413449133
430,0.15765937168588381,0.8172433177874998,0.48281077693872376,0.10000706164242727,0.9063331939528889,0.5921774204281651
431,0.17355750045107912,0.8350117968496684,0.4697832366800082,0.08252642632741121,0.9229372707184931,0.6074817127917211
432,0.17391145977700853,0.8342412762506434,0.4667160152407124,0.07806466398490189,0.9296610506614301,0.6137792544362005
433,0.18034410618119656,0.8403457451644352,0.461871391347185,0.07254750105018902,0.9370147283521426,0.6196378422470837
434,0.18866111987418493,0.8472474658996348,0.4561988094699386,0.06493611407230751,0.9428505838843436,0.6254388883251113
435,0.19249351652649163,0.8496493039141865,0.450988632298624,0.05738178093957448,0.9480276220925606,0.6345540050087967
436,0.19384743310430402,0.852341728958465,0.45154304811257856,0.057706274451639034,0.9502187963389824,0.6348967612503689
437,0.19535243491658483,0.8533643869504817,0.45316853636752324,0.0591099793562206,0.9495603406505744,0.6373317266555865
438,0.19344917730248354,0.8504543162859516,0.4545487278405447,0.059478170860139616,0.9462894492259994,0.6379234896713012
439,0.19042545078031584,0.8474737862083839,0.4535049808814672,0.057654317228116016,0.9429583431697893,0.6359970762417716
440,0.19371277146397808,0.8509230181675438,0.4539485055744711,0.056974782084488466,0.942863692956438,0.6371880747805927
441,0.19975009900016452,0.8572472459085109,0.45039396423883193,0.05162874902872267,0.9473491403244715,0.6412928585093269
442,0.2016380509723735,0.8592084080244412,0.4472798449830358,0.046435221565027246,0.9514535293115727,0.6470862713301975
443,0.19806153731103163,0.85411755961781,0.44719373044632504,0.04602819650505538,0.9493136612492052,0.6464553015188179
444,0.19523986053956432,0.8503103700512912,0.4498107691642658,0.04844237688882753,0.9449264641277767,0.6455326742897672
445,0.1922801460860427,0.8478438471359652,0.45222193463832366,0.050956895589451046,0.941531874949489,0.6454812279877841
446,0.1898108703050809,0.8459449799305877,0.45241042845906354,0.04972884787151716,0.9386656400495517,0.6426481265240219
447,0.1913866520660165,0.8467730675840316,0.45148599320398325,0.04768842533006773,0.936854874556033,0.6422958972714554
448,0.1870380190572063,0.8421302219717545,0.45502155185226245,0.05179444581084754,0.9341866905030918,0.6410234513071493
449,0.18332330840704797,0.8382343839477338,0.4572569863623856,0.05428722158955014,0.9326081945271917,0.6399130404402469
450,0.18588105551140188,0.839861986249725,0.45506795965249885,0.05084654818964071,0.934846588502299,0.642872207585704
451,0.19016158734721902,0.8443416947534766,0.4555497725690076,0.050987479563045536,0.9336987853140722,0.6434086798035723
452,0.1915061475344088,0.8462538886137393,0.4553805477223291,0.04970396139953397,0.9306592789155037,0.643094063349295
453,0.1912268706142617,0.8462012548727804,0.45374506422027366,0.045664914265422206,0.929348819163211,0.6426252527651375
454,0.19518548569582406,0.8506019993677418,0.4512778824262873,0.042023943064909516,0.9315968907906313,0.6456612125416543
455,0.1954842434554022,0.8513824999718351,0.4485358033573168,0.038345090887496706,0.9324840940079622,0.648303203957525
456,0.19179665961807454,0.8474467543925097,0.4480232873965468,0.0373439851301178,0.9303142438500147,0.6467307105569923
457,0.18777535505970444,0.8424898135568989,0.4501087070089776,0.03912898921953842,0.9257829796090942,0.6444330635608064
458,0.18834624177325865,0.8428822110616092,0.45064582445084583,0.03904504767810602,0.9240402620918098,0.6437362525679501
459,0.19090394991433582,0.8459019768398103,0.4492773185425218,0.03729708004159601,0.921351316664816,0.6427229406592629
460,0.19058914681156136,0.8460689202072919,0.44830962916179967,0.03597272406803046,0.917502124699267,0.640887032853624
461,0.18322949275412082,0.8385594299851817,0.4505166977194406,0.03781238569684159,0.9134156345447103,0.6390973596226338
462,0.17934101502792837,0.8337928782988574,0.4515725972145837,0.03815021881502303,0.9119808025870123,0.6370579281196525
463,0.17845201460206295,0.8332044731434536,0.4528418734888995,0.03933543157077572,0.9083014901852275,0.6353582976357217
464,0.17703913499309293,0.8330892008226501,0.4564425763148246,0.04338342588796894,0.9004691662103759,0.6302529801059705
465,0.16660747837497278,0.8217295215652785,0.4645045908912011,0.05334364931448765,0.8895213604010762,0.6197195863276264
466,0.15904556629093974,0.8137680358657439,0.46875122465621916,0.057824924697376816,0.8822835820515103,0.6170243035149944
467,0.15716760652768647,0.8120738178021553,0.46904954374779145,0.05791850179013943,0.8792110136118312,0.6144366776173616
468,0.15914031905150786,0.8142275854005749,0.46905128202839297,0.05706212605639386,0.8784769921063519,0.6152778337259567
469,0.1535952213486309,0.8070707465113235,0.4724754032156714,0.060805375406212454,0.8737568359925081,0.6111648507620129
470,0.15015452640726498,0.8037155051762492,0.4743452444803929,0.06285003285053205,0.8692488926567701,0.6083993957435051
471,0.14870200571237427,0.8036081201263795,0.47392683621752646,0.06192420423994376,0.8649227419145235,0.6051848403839839
472,0.14238955380920024,0.7981691053353377,0.47525906590669525,0.06287292821824603,0.8606528387453547,0.6035112524628998
473,0.13309429729625694,0.7880848942706964,0.4795532509295778,0.06851610524062708,0.8532941503916148,0.5954015253250846
474,0.130131647719895,0.784650124990305,0.48265660045463027,0.07143759654544547,0.8476027666498809,0.5927246960688857
475,0.13434937799434685,0.790005771654361,0.48395844764247375,0.07135412027672443,0.8462903318487183,0.5936357303760157
476,0.12741094445634557,0.7826224373095584,0.489043760825177,0.07627348685306587,0.8432038931870633,0.5915237210343681
477,0.11762994109678525,0.771904881638034,0.49583293162235964,0.08451196688384931,0.8348303788241298,0.585222023796545
478,0.1106133344039169,0.7641328264742764,0.5033139944670528,0.09412953313605196,0.8253894298362531,0.5770569704105182
479,0.10689271357391783,0.7602622384994944,0.5070509750897012,0.09921611905351702,0.8175261409889888,0.5709370321202183
480,0.10745474348786507,0.7609967420871241,0.5044887602237619,0.09563331223580056,0.8133073416412404,0.5677754647074035
481,0.10723060245097629,0.7602462915601867,0.5039111629290028,0.09460793214578513,0.8109861101993496,0.5660031639235639
482,0.10410091390351651,0.7568318847263431,0.5075458826414323,0.09895915699035933,0.806116702323521,0.5638546065388453
483,0.10156891379230996,0.755984578947629,0.5100055542672322,0.10127267308328075,0.8006751677494028,0.5613997644893254
484,0.09342986494645793,0.7485066820440603,0.5164919361699116,0.10779855755239873,0.7931320273423546,0.5547489082476859
485,0.08549129153293776,0.7408518802242138,0.521965096089777,0.113191685636221,0.7849522192455403,0.5471726524096918
486,0.0808451773774273,0.7358366009437192,0.5229464448650769,0.11252002194730763,0.7789236446966982,0.5431921243811166
487,0.07207206642482425,0.7267302329144198,0.5296485187541001,0.12067674709341174,0.7738250463496246,0.5387195565635515
488,0.06225186742936964,0.7172090036973502,0.5373370499276096,0.13035377896294675,0.7677410137907226,0.5351640871274761
489,0.0496068754093201,0.7042570471986631,0.5450269933288718,0.13904036935331235,0.7566750276937262,0.525084099523625
490,0.03494642498602418,0.6881011727798645,0.5540269405698296,0.14990358250490116,0.7459634634159253,0.5154305449444201
491,0.031011071883742705,0.6845389398091657,0.5598035581127923,0.1559756980191987,0.7400346435504178,0.5118099859745829
492,0.0348879894784816,0.6897068577295682,0.5613056453736792,0.15585944262702847,0.7392714583369618,0.5104676380516003
493,0.03679150453721317,0.6930282256376586,0.5621897913411135,0.15535543088943157,0.7400705389942503,0.5129563801504124
494,0.020847913957160753,0.6769949669389819,0.5724273431133267,0.16775385337443835,0.7325873986097708,0.5072661866158072
495,0.008558020460884231,0.664398786212849,0.5791932508508381,0.17570714427418424,0.727277826677575,0.5009283763280807
496,0.0028066537766960812,0.658106564158053,0.5828267278352331,0.17848181277289424,0.7257472407199818,0.5008032204756386
497,0.005537864643448688,0.6488840130788273,0.5898310825520052,0.185463628099518,0.7223842596389973,0.4965785921861097
498,0.023755955543464515,0.6312474567695894,0.6036487988210354,0.20159763813045073,0.7147241724066874,0.4899481086540899
499,0.038166942720190014,0.6173536280671708,0.6166177718628196,0.21582820786634574,0.7102188270270359,0.48494840651276266
500,0.04921028070180597,0.6063077470528999,0.626961244431231,0.22612852062881514,0.709161743889244,0.48452854988648747
501,0.06708958876223858,0.5889821160357311,0.6387756140995211,0.2383420419808804,0.7081755510645503,0.48227602724206403
502,0.0798354744090432,0.577802210369834,0.646971775972264,0.24648975857309788,0.7103463119408187,0.48342251381797113
503,0.08986676547129063,0.5684846167900263,0.654925558915688,0.25381508046343215,0.7145560862045203,0.48537552210632195
504,0.10278779084997093,0.555183070554781,0.6666658971682653,0.2659409435819711,0.7172894054259903,0.48727953343039754
505,0.11604355630320576,0.54266007553955,0.6793831770180517,0.27960892094493334,0.7209362389644022,0.4888627313973588
506,0.12871690349472759,0.5312535436631345,0.6878199965670194,0.28832015121861254,0.7296616066121329,0.4939478648491721
507,0.144996085829291,0.51598665943106,0.6987762562142619,0.2994762700371177,0.7380183230588092,0.4996960627159535
508,0.16284182266353328,0.4985808984741906,0.7147210978062589,0.3166336311344148,0.7450731537919075,0.5026524276903412
509,0.1759663644535132,0.48715925175953284,0.7266172253921035,0.32894175878142634,0.7586421140979728,0.5124459304645961
510,0.1835346721576275,0.48115055874585594,0.7347509651250966,0.33581460693155646,0.7791636108807714,0.527831504375942
511,0.1912107537835014,0.47406732772016336,0.743151243963828,0.3430809242282923,0.8021852366629968,0.5448593758319313
512,0.20910078533382445,0.45642801243722214,0.7578085984429219,0.3594466863310778,0.8198442969043873,0.5555389940932126
513,0.224793766075139,0.44155923824764365,0.7697961258238915,0.37193639198628137,0.8408796538678535,0.5702618007271253
514,0.23646957771406485,0.4313370547788011,0.7793107774929754,0.38106706852296895,0.8665424493417293,0.5899303824807207
515,0.2443476836581605,0.42552275155808483,0.7882724857206166,0.3888320227192101,0.8978722584431241,0.6139380438005988
516,0.25207581695701325,0.4199135172554475,0.7975199450496029,0.3958453628884533,0.934060481670691,0.6387721207582273
517,0.257602297819353,0.41580896460921263,0.8021150336002306,0.3981857538739713,0.9755604987546653,0.6697585821959093
518,0.24570901553043914,0.42907144316183377,0.7910158900597134,0.38174136220697,1.0347794803444479,0.7195037520648802
519,0.2119758940931551,0.46508036799213004,0.765575955493745,0.34770364426787653,1.11573476131898,0.7908205901033799
520,0.18757666802047043,0.4922490565359943,0.7485732393863228,0.3236559574807701,1.1858417178055347,0.8501236184611201
521,0.17811290889237116,0.5033953290814152,0.7435561231798942,0.31497841998116666,1.2399428023030894,0.8930494769098197
522,0.1702210546932261,0.5118434164183951,0.7391360074976997,0.30776168997553816,1.2930864397490949,0.9365305170071067
523,0.15279981200984824,0.530997848300986,0.7281660166228787,0.2915982975822636,1.3539121793311912,0.9862127942248857
524,0.13356024709906172,0.5527605772454609,0.7157105123619028,0.27353997715651035,1.4155796908312006,1.0368161948060355
525,0.1128244687893338,0.5758034050813439,0.7018321097366235,0.25372177088674563,1.4778216529215942,1.090152006786816
526,0.08746972791881562,0.6024670196511677,0.6840822512438495,0.22845032209447821,1.5445708185909326,1.145923555831488
527,0.06602165593059856,0.6257851779045457,0.6673468238821653,0.20575951751458152,1.6068675186074108,1.1995954363947803
528,0.040143518142445093,0.6528535003824025,0.6469206929208486,0.1796703724025146,1.6702914995529305,1.2538264822098737
529,0.011514322580037723,0.6815511178305546,0.6256520640866168,0.15293693672141928,1.7324454152836657,1.310971973504252
530,0.011930733965267726,0.7058087159715314,0.6080684355666334,0.1295068500166758,1.7856963420630105,1.356109442425386
531,0.030720054681721263,0.7254931122066879,0.5937287600665356,0.10950044488111922,1.8300585818123793,1.3951532033633836
532,0.048129399333653455,0.7434833814100421,0.582527936072519,0.09301801425041266,1.8692947289972979,1.4308015557756062
533,0.06529727282659309,0.7614100615490408,0.5725635327582976,0.07880642091875988,1.9067373392044997,1.4633883803806134
534,0.07873907685947795,0.7759335929145309,0.5628834664895596,0.06643071810281073,1.9441619780440875,1.4965387022789818
535,0.09294073286305252,0.7909490749543664,0.5524672214760279,0.054341848155389554,1.9804021962245775,1.5275200070184518
536,0.1098781305724624,0.8079314947910957,0.541354742467216,0.0413492316704243,2.0115072184997134,1.5551855033344124
537,0.12168845623599445,0.8192836228387615,0.530273460267591,0.02628307808088343,2.0371258242648174,1.5775348986081563
538,0.12684126425705355,0.823741849172137,0.5207922166649439,0.012722475855776197,2.0551931738241835,1.598129387922677
539,0.1298402312466012,0.8259401327451014,0.513900440309206,0.0032497876365689673,2.0670856693354556,1.6098912970797308
540,0.1350593693213608,0.8305778539945718,0.5099100141602317,0.002067996387338238,2.0745439645907098,1.6187523173118739
541,0.14153100471104152,0.8364776309399257,0.5088142664032775,0.003098233680555548,2.080274690695289,1.6255002739398312
542,0.14837751924396417,0.8424001021878159,0.509640300436318,0.002020949241507316,2.089176553013598,1.6363699336546484
543,0.15266620713727844,0.8460863743369482,0.5130970186575843,0.001439326414225848,2.100280589897849,1.6478737538125596
544,0.15441424426151928,0.8479297979523323,0.5170946035019773,0.006449788369826997,2.1096512372444702,1.657545614043243
545,0.15800136694982966,0.8513711028698427,0.5160325647145481,0.006450535604208612,2.120238807793158,1.6691940373612655
546,0.15999837146312001,0.8531387332078086,0.5105155875351066,0.0020169458242160093,2.128008636499681,1.676555571917717
547,0.15932622892470696,0.8518961056773868,0.5032584996068132,0.004983873616401661,2.133750650647272,1.6830376222248706
548,0.15877957996126646,0.8504338589713134,0.4962741079943921,0.012855371624641818,2.1462808170673804,1.6916119144078134
549,0.16277655820308126,0.8528181573185377,0.4908374178281577,0.019527433059159032,2.1621725567531396,1.7062494397717745
550,0.17055239721206458,0.8587331051547968,0.48725840842594986,0.02406896430503909,2.1703860897120806,1.7165881925698037
551,0.1762449763747272,0.8632853525965686,0.48365720605531193,0.028970414973481243,2.1716750034447143,1.7229649644680223
552,0.1838864511658375,0.8707909209375644,0.47927363188928795,0.035167883257530584,2.174435315728904,1.7303772254947973
553,0.19217084972625023,0.8798655740849848,0.47554893766449274,0.04082441208908666,2.1778158677876984,1.7377989194618042
554,0.1978924209749446,0.8868144237329255,0.47134652377863634,0.047147747308277324,2.179090880923053,1.7408357388531144
555,0.2016549614334512,0.892006957025279,0.4650414681355547,0.05639743581602149,2.1820241691554174,1.7461799869952153
556,0.20492506160035237,0.8956545372547976,0.4569021169365837,0.06847916795335796,2.183680777358122,1.7530717079654963
557,0.2079765089033973,0.898370794614884,0.44843138476291455,0.08100187927054776,2.17894979451712,1.7509608292110386
558,0.21144369702003482,0.9008648450364003,0.4389144795654382,0.09388847552959101,2.1732441906454847,1.7517014419534718
559,0.21228560364418483,0.9012506565744031,0.4317964043351864,0.1032301368466858,2.162448475015753,1.7496263486056005
560,0.21174147928604103,0.9005940332339776,0.42910545566515673,0.10688784414299102,2.1450488773602236,1.736370115847262
561,0.21341922556103385,0.9020900281204932,0.42788080246974836,0.10840082725175607,2.1264801726050013,1.7240722054314597
562,0.21334120736766396,0.9009445769372048,0.42615402332702507,0.1099790172232325,2.105968699636627,1.7110931015218287
563,0.21350119464561249,0.8993672582140549,0.42481766854642444,0.11075999029577983,2.084352639874686,1.7000641426817238
564,0.21539959875400458,0.8997729596432726,0.42458232949173097,0.11034458268380111,2.062592621256921,1.6830407729788406
565,0.2179634867134422,0.9011675396151428,0.4240677592707924,0.11041385423369884,2.0387111024331115,1.6675868720325695
566,0.21592893263694055,0.8985290902288969,0.4240030350490009,0.1098706904119413,2.008206981156392,1.6455478153787555
567,0.21248964392701455,0.8932758409174972,0.42191981186121263,0.11170791575434076,1.974882691892763,1.6243198857098882
568,0.207675982055879,0.8861725167287493,0.4199777828393684,0.11344949327143793,1.9383805167990977,1.5963058830145582
569,0.19773001250388228,0.8749528874117974,0.4226526185952866,0.1101277937133437,1.894001241232328,1.5594076014858207
570,0.19136519783959224,0.8677411181612473,0.42187106077425174,0.1115637385655726,1.852256191189203,1.5319074867697489
571,0.18942578503370333,0.8647820787877714,0.41808758327763523,0.11660388557037114,1.8152899564487903,1.5015554134192979
572,0.17953021301488634,0.8537001377783189,0.42247970383290306,0.11083473662359668,1.7706411166294442,1.4688696115480127
573,0.16617813198697678,0.8390213573532448,0.42969263665681984,0.10101715938739729,1.7230113997930125,1.4288159885212919
574,0.15830786154671905,0.8308292406390977,0.43198768907805635,0.09776740024204954,1.6822358391445165,1.3962278751660389
575,0.14964938197514605,0.822080458803293,0.435164081082431,0.09353389662731491,1.6413733592964779,1.3623817006562322
576,0.13616129257686957,0.8070835362988431,0.44269888933370616,0.08296683487439403,1.5960913531724605,1.3259183561867385
577,0.12490752779789535,0.7943601012823983,0.4482694814450866,0.075087744404896,1.5552101832527154,1.2918088586437724
578,0.11527109834426735,0.7839426173727531,0.45335520264774853,0.06791311751806775,1.518191641054494,1.2622339415257602
579,0.10685191057809505,0.7750007950615376,0.45908978227934444,0.05998805764256122,1.4828807369067794,1.230420116230637
580,0.10223715117087465,0.7696466982765736,0.4615692549853748,0.0566361498633686,1.4488341730424898,1.2043837864389806
581,0.09592776698757634,0.7626085411019591,0.4637021990948698,0.053953768166769375,1.4170421676229819,1.1761400091691443
582,0.08405613485335088,0.7504442098213486,0.4705471076949708,0.045708293177751345,1.3842574016332814,1.1484673324095516
583,0.07231020307983929,0.7387847604080874,0.477879913430536,0.03647496077873823,1.3527463074601371,1.121618584491392
584,0.0655973558797305,0.7317137307905225,0.4808676642850769,0.03220151588558793,1.3265073642042151,1.0986794155298623
585,0.05625310721322644,0.7221621150000168,0.48585273260275685,0.02538664166756372,1.2985707857217068,1.0745552641133997
586,0.04740723386573877,0.7132637902885212,0.49212060548657427,0.017359948492700072,1.2712123349453284,1.0512056232037907
587,0.0480838391227547,0.7141840056310058,0.4911224539849997,0.018704367109021267,1.2527303957742044,1.0372730891792112
588,0.043660542388183454,0.7092412887883086,0.49233289708279754,0.01818318014953232,1.2345256683384047,1.0246614073910214
589,0.03409968337406803,0.6992229029275159,0.4958486800329085,0.014679110896277443,1.2161324746213011,1.0098042415100326
590,0.02600118008459964,0.6908983061082469,0.49831316107700296,0.012132093113857566,1.1984120788283363,0.9946932417953682
591,0.017090941677930013,0.6809866540900745,0.5036885691276487,0.005695974637261133,1.178512331337416,0.9777825717154526
592,0.012487602536155358,0.6762485352208619,0.5067701812721875,0.0023618332567130235,1.1636305617512632,0.9662058276814811
593,0.011976713497403766,0.6761598878345286,0.5073888139933009,0.0022623883471568746,1.1531867005382683,0.9581699188283113
594,0.012263351289827385,0.6765966705833841,0.5064679339399588,0.003928833166948902,1.1440445729949127,0.9500339605255544
595,0.007893103221464583,0.6714494794618372,0.5089136573083872,0.0008545771306320012,1.1306594074453875,0.9388783209237281
596,0.005189173952172803,0.6689852441939123,0.5105905583736514,0.001428895647556993,1.1199834023681565,0.9290651031258392
597,0.006791708014690694,0.6721283509300816,0.5084236969849337,0.001344672250743135,1.115090102577377,0.9252914288172689
598,0.007142371090329996,0.6726549214964682,0.5078363333279471,0.0018250054355491304,1.1064340991854835,0.918088426437943
599,0.006571370896740778,0.6718241001971098,0.5072815236019845,0.001979045598622628,1.0966565153473595,0.909087152544984
600,0.006290179299343514,0.6714017344786244,0.5055728331332979,0.00389250465971904,1.0876255170751465,0.9039024407535146
601,0.006020767036557808,0.6714642433933304,0.5040894578763438,0.006347936220321171,1.0786192783322222,0.8950479354951528
602,0.0070901433007172715,0.6721344483496305,0.5027698869739031,0.008161427759659808,1.06910443689851,0.8886102821008153
603,0.010044514364310522,0.6747684977590043,0.49981697302668193,0.011573664754865645,1.0594559688916532,0.8805528817342011
604,0.013594257436211865,0.6784060923846467,0.49541661630820594,0.016880474978572788,1.049447737718156,0.8724889585005638
605,0.011994661252316189,0.6766008653290835,0.4940299651698772,0.018904637480005204,1.035019808670233,0.8620004515079689
606,0.007598744701878394,0.6723034011250555,0.49489306910406516,0.017621578212052322,1.0165376391400205,0.844931265869943
607,0.0032601037008148795,0.6677254601285864,0.49609124936130716,0.015956561930027143,0.9972100296648073,0.8295540519365789
608,0.00011520597976623031,0.6637424711473746,0.4967031742425996,0.015242986011197966,0.9784818264131655,0.813505677149322
609,0.0008214686871519417,0.6649640662572383,0.49513929924252287,0.017340567277801974,0.9605882666350004,0.7981312756626102
610,0.0037554616131091987,0.6600506276103559,0.49649202418178956,0.015116466514021338,0.9385286273962853,0.7789357238391605
611,0.012868255790153722,0.6500941157484588,0.5013673993867842,0.008477538409824873,0.9138560796998373,0.756836450479908
612,0.014061666731010364,0.6487172698719718,0.5025577552720104,0.007284405315735924,0.8940003898711658,0.7401462617731613
613,0.016748037962015436,0.6463789410349455,0.5028480405684024,0.006332507598293553,0.873375811086102,0.7215983345272079
614,0.021043159550716183,0.6421745498896207,0.5037781389811586,0.004672251658893645,0.8528764544903125,0.7043977725379303
615,0.029420845340034762,0.6334438502238887,0.5086824033436835,0.0009343868622794953,0.8313663554174426,0.6856818624724024
616,0.039776698154342024,0.6225270049950432,0.5129134321265191,0.006006566450832334,0.8107635308206412,0.6665297369378695
617,0.045305806026094964,0.6164926114845446,0.5149092989682263,0.00919380969343354,0.792008446919948,0.6503678876471805
618,0.04595314786379969,0.6162595062094282,0.5145810043093595,0.009570497437375619,0.7764027114305968,0.63657820622731
619,0.04667636159608933,0.6164509288369108,0.5142357636517769,0.009198643788637589,0.7639087003731955,0.6259569585909655
620,0.05480252251897323,0.6076363549999347,0.519453190692301,0.015116368104619127,0.7481762572198037,0.6118550677563814
621,0.059022643634090516,0.6026300471933405,0.5219629167665764,0.01818062774799946,0.7353427523532903,0.600180385930905
622,0.05919310443448549,0.6023898357403175,0.5212993411678571,0.01762862338916408,0.7260995491140626,0.5931219484796855
623,0.06468563108793463,0.5975486478354896,0.5233135168486496,0.020013283060885685,0.7165588067328527,0.5855032426879172
624,0.06605302185252497,0.5967723765680418,0.5223684336064911,0.01879276518967654,0.7086493764129553,0.5783460630174609
625,0.0651023840923816,0.5976820434283799,0.5205194180390239,0.015731384273497597,0.7035769729499413,0.5744103563034149
626,0.06648261931682332,0.5958767471888214,0.5201100630692166,0.014310369310501243,0.7008892442208272,0.5726459206014072
627,0.0735517485825954,0.5895688296847137,0.5230082037066645,0.017178467463389878,0.6948586645220958,0.567964673841787
628,0.07419105056058833,0.5889238733183296,0.5227589702413766,0.016064822157637198,0.6920692205712857,0.5664391939760597
629,0.07057755310075584,0.5923616580396116,0.5201827432011285,0.01213604016461934,0.6914734052055571,0.5668754530940276
630,0.07111563471527638,0.5934165987941219,0.5178745318175886,0.008474461800223503,0.6894847298746953,0.565377394623549
631,0.06652696453834907,0.5984446122851902,0.5125394050767065,0.0018278995866680844,0.6899155459663004,0.5656895858873835
632,0.059640694096685695,0.6052872166927035,0.5066208053973462,0.005465503059194228,0.6900700964786088,0.5670175084711582
633,0.05632422568245845,0.6090321427621455,0.5037575848828139,0.009371019400956498,0.6865454173414789,0.5635667144414073
634,0.060833081320093414,0.6041672118542349,0.5072175095747454,0.004571461810017097,0.6772731644863237,0.555952049282667
635,0.06355842697495057,0.6011723741642542,0.5083022496896814,0.0028999313438181273,0.6669280892737183,0.5464266115201913
636,0.06570340962200683,0.5993579889976303,0.5083596518994754,0.0026597111039400587,0.6556690695098317,0.536058446499018
637,0.06703634984089195,0.5986958895388069,0.5092901919414596,0.0012805115823726879,0.6426487209537232,0.5247348323754762
638,0.07311435738564435,0.5922842737460506,0.5125959238129867,0.004209223319989656,0.6259853403092053,0.5089075051336239
639,0.08673400336970355,0.578581097610571,0.5196893685872519,0.014438200757333774,0.6063993357359495,0.4913982947628349
640,0.09359562013598767,0.5725811046683882,0.5222393568135447,0.018531329943578836,0.5893112226890891,0.4762066495609169
641,0.08870416467373868,0.5782364803139214,0.5175141308698779,0.012983796878652618,0.5768628952900896,0.46544406595473575
642,0.08859017085796167,0.5777380449286924,0.5180743780178557,0.013835083831300722,0.5626876057606717,0.45360747275456276
643,0.09421024182675518,0.570978582411834,0.5252927596278875,0.022678674584860684,0.545351280935624,0.43775604054637374
644,0.11792397759161564,0.547237416671331,0.5452293943857933,0.047007085556976504,0.5192783999225359,0.41308249910176853
645,0.16236147776152704,0.5033238316769332,0.5760631204416641,0.08545051200526817,0.4851181583405193,0.3794338055631383
646,0.18013916844730915,0.486499701047407,0.5902747926311305,0.10333783448905566,0.46315699375090325,0.35912257724467495
647,0.18822442048024826,0.4794368931380785,0.5978402946492546,0.11250387637512112,0.44648054894565736,0.34429777063536865
648,0.1982314476097965,0.46884081161387353,0.6042804944712094,0.1207834116253104,0.43019215790902193,0.32916424118615106
649,0.2128252553221826,0.45350962205823037,0.6116026701124414,0.1299209299216384,0.4145666248848044,0.3149841815246539
650,0.23392024492184638,0.43241079487176426,0.6241213722570771,0.14659724940147512,0.3976932945686376,0.29844548962277695
651,0.24836159094567767,0.41714631663674906,0.6376866188512784,0.16352298646769695,0.38302431651165647,0.28466231295418326
652,0.25257944465357507,0.4129033123446695,0.6470892918582393,0.17422780056984485,0.37230594041264686,0.27491128470575593
653,0.2695295777735588,0.39634215556722147,0.6636097311474323,0.19414111858841582,0.35673871532632007,0.25951226002578764
654,0.2849441561920576,0.3812188351497779,0.6771636564488471,0.21118051409772637,0.3419993768968315,0.24562230752414713
655,0.28816369079837845,0.37869466031021,0.6821408493793734,0.2175666628783083,0.3310355285193129,0.23620862144134755
656,0.2938882991793946,0.3727075618846432,0.6785824108410059,0.2149194367003596,0.3179076854719995,0.22451890202478433
657,0.302059262336041,0.3637558749399189,0.6797399250400892,0.21711543362801827,0.30149437884058855,0.20930379373977123
658,0.31484826332731075,0.35025676144135887,0.6913334345527663,0.23248511771392277,0.2828751977394601,0.19139540325352059
659,0.32118401496842625,0.3439494525303627,0.6989714386316875,0.24329954548634466,0.26814156390738497,0.17792277486107325
660,0.3368315048866139,0.32800043691896114,0.7158181605243644,0.2650047508884183,0.2497502002681417,0.1604543548886181
661,0.356354019998139,0.30846861777837925,0.736189674852712,0.29127565075717243,0.22934386717172114,0.1407967924546499
662,0.3683959858422356,0.2975297088295181,0.7492188855732697,0.3080901609545495,0.21371469420375425,0.125654211959936
663,0.3920020563822732,0.2739089252315907,0.7678414203063206,0.3309791031444883,0.19768821327975075,0.10995108495230015
664,0.4155865473275534,0.24944062021247063,0.7884420623861645,0.35641495203696066,0.18367501992155044,0.09649717857111144
665,0.43278314979698784,0.23149176594927856,0.8061615618154722,0.37793841797166505,0.1708192669826975,0.08439669249612765
666,0.45266841767519556,0.2120459528576591,0.8211298726527554,0.39689263550454124,0.15777845845006022,0.07164527680532887
667,0.4807311657928853,0.18389160649525477,0.8399565515170367,0.4200215772510652,0.14391780875953045,0.05811534159339872
668,0.5019441516264709,0.16287261735147043,0.8544695420062963,0.4376047470325165,0.13364915630157684,0.048443455102525554
669,0.5090328390703489,0.15753053258144253,0.8614679475195594,0.44589265502662945,0.12819616339058984,0.04350645311130943
670,0.5132546443865094,0.1535071394519571,0.8717558721509361,0.4581288515062939,0.12259274364367963,0.03814286247438501
671,0.5242573254086099,0.14287947369699933,0.8846669524899033,0.47443119996784655,0.11536534857875921,0.030900770229733587
672,0.5397468753169162,0.128395835449856,0.8977767252455909,0.4906329079054116,0.1076020200099286,0.023089151276098317
673,0.5512508137594377,0.11806046193548762,0.9073085962308748,0.5028425531943266,0.10158092368493851,0.017000209640920007
674,0.551368076002097,0.1205256403493524,0.912677071076229,0.5078284591697263,0.09911122051443405,0.014494111396660085
675,0.5537309319658522,0.11961373169909251,0.9171539064443104,0.5120767099397167,0.09816827267014316,0.013540943938791038
676,0.5628021544053475,0.11042211224796633,0.9232096712658825,0.518961797328065,0.09637493394427957,0.011651488587789114
677,0.5702892327686515,0.10372915989821593,0.9320732741356514,0.528906002240371,0.0926062741731498,0.00764827492428778
678,0.5839359006662926,0.09048043252322503,0.9433456408566672,0.5426869095579775,0.0888872059734988,0.0035149645291844265
679,0.5950999371426628,0.07964889980290978,0.9556549650357936,0.5565037063521838,0.08686784948352505,0.0010174117453298727
680,0.6002492196884565,0.07584241484162377,0.9668608942569488,0.5692370288540743,0.08640690634923884,4.642004880349329e-05
681,0.6245013312918217,0.050666460297452344,0.9891910727686368,0.5942455459322454,0.08077693773202042,0.006749338134949373
682,0.6441467907718096,0.0308218089127406,1.0045272769671263,0.6122994000668973,0.07959977493771314,0.009208335596203083
683,0.672706704820078,0.0021803722572873324,1.02746978635755,0.6390769279503821,0.0759402826841413,0.014638427870514921
684,0.7245923122177631,0.05159209735009174,1.0717419203877026,0.6908915479219047,0.0629097894306959,0.030226391227629174
685,0.7949100174021233,0.12686011827509436,1.1309169341646312,0.761924543806766,0.04383572963434417,0.052467230294043696
686,0.8523226368905319,0.18749238735080173,1.1815526376035845,0.8204354830394417,0.03423018915979373,0.06504288683264747
687,0.8391778592657564,0.17026170983206773,1.1750319260585933,0.8055018957635536,0.06265688272044563,0.03821008979102763
688,0.8235410713997757,0.15237918234143163,1.1628379673420948,0.7855421878372215,0.09163378277139216,0.011853848372081836
689,0.8425084180619664,0.17326038820572157,1.1823726511163535,0.8076700993020672,0.10331746799573323,0.0048625553137968056
690,0.8799643892584319,0.2134552665854918,1.2172482804382696,0.8487027286379165,0.10671253366299988,0.008005701858819754
691,0.8824122677999255,0.21399298565199992,1.217320812505772,0.8451066596532814,0.1359396030722509,0.014983629610836408
692,0.8641433159219126,0.1925267971339664,1.2050635730511954,0.8250398679336856,0.18531687254619753,0.05808932052535087
693,0.8618400367522846,0.18803774523854921,1.210700462495303,0.8276735593239,0.23324733826924723,0.09777011986622869
694,0.8397234235813945,0.16251160527950362,1.1995999105024187,0.8097068024788723,0.30297463132930835,0.15843591642904772
695,0.8060616600041535,0.12510552872455952,1.181082403259515,0.7831312353917472,0.38647982917920776,0.23122854793147823
696,0.7518818682391778,0.06555570654024659,1.1482110882162395,0.739055154680723,0.4903277256983543,0.3237206124016105
697,0.6789312435253358,0.014145632897944328,1.1000847066766184,0.6757588924725787,0.6186707143371173,0.44136279121839667
698,0.6285010629511474,0.07037351655132096,1.072056694557787,0.6375021917080668,0.7392211769876936,0.5487167813011534
699,0.5900125334169041,0.11464150497828111,1.0521163565675102,0.6090009803250224,0.8609313303676089,0.6564106989521558
700,0.5365326776910068,0.174555802539455,1.0199204187882318,0.5652405750040115,0.9997587632505036,0.7803587110812007
701,0.48132025806153417,0.23571794324175832,0.9874924824272618,0.5221396109303517,1.1376433354068058,0.9015905107643312
702,0.43193103717196696,0.2902934430696127,0.9601672361411379,0.48623734123043477,1.2651693552815375,1.0113377997786204
703,0.3622655645982893,0.3647926317775543,0.9170350230629642,0.43048840951112743,1.4099943663914625,1.1398253147286377
704,0.3001648609175173,0.43197939284830883,0.8801580633204913,0.382355506364232,1.5427665620265336,1.2555484927343827
705,0.2680934183928462,0.46960106186762085,0.867221011924001,0.36428896113519077,1.6364708071148577,1.3316076082929709
706,0.23393818317533804,0.5095618442430561,0.8518509877807806,0.34276551918235526,1.726392491842713,1.4058651704823315
707,0.20270038611885405,0.5462391491962884,0.8382574598754021,0.3238530424281341,1.8071038166790447,1.4697310230675804
708,0.1763666259826854,0.5775097328861564,0.82760157542262,0.3088460093417647,1.8763911185041988,1.5251986593268743
709,0.15269043205259514,0.6058548084883426,0.8186939888365853,0.29589192581105567,1.9362936072393717,1.5716028269621007
710,0.1318395372956461,0.6315678748299122,0.8124079575023556,0.286079098931967,1.9843375678018498,1.609286664025129
711,0.09430380055406,0.6745316390176445,0.7932190124662384,0.25983439586268436,2.0502890546183345,1.663495021813441
712,0.05591754846635416,0.7187803031465406,0.772928918114935,0.23211699263715835,2.1144106739127344,1.7170228517160904
713,0.030307955269400978,0.7505727994197562,0.7617996117373627,0.21587980537845478,2.1577560237917304,1.7515377362936153
714,0.00041548160556785486,0.7865334280181507,0.7472285252451841,0.19508002714763498,2.2040716747323232,1.7913186590230739
715,0.019834330746721012,0.812659124844159,0.7397750760472144,0.18239583159669484,2.2350954500488345,1.8195418399148873
716,0.02650892446137753,0.8257145682563892,0.7418548640495221,0.18004643345126287,2.24841597721808,1.8330962680549392
717,0.020565926210002448,0.8270858474565109,0.7515943648395642,0.18565064112647328,2.2497390789864085,1.8351295405037316
718,0.02149699667908525,0.8351726316263831,0.7580024643883585,0.18761816663636874,2.2519065595511867,1.8375842002335505
719,0.05027570305738265,0.8723136562709217,0.7445606958748231,0.16669967532980046,2.280079675662405,1.86113641358554
720,0.08867476450609953,0.9197157701731308,0.7255071307227161,0.1407935231855481,2.3091819023733904,1.884313737605221
721,0.12768334033280213,0.9663265236685731,0.7088437129052059,0.11974397169581125,2.3256226259529647,1.8979934132946241
722,0.1543029976814167,1.0004610515809893,0.6995307114725006,0.10684538299649857,2.330964023373763,1.903532917831224
723,0.16639121746401436,1.0213515046757922,0.6984463702037845,0.10219822531254191,2.325949953917955,1.90137177829148
724,0.18976042951435715,1.0536915395549615,0.6880579267568641,0.0841713162391407,2.3400412727241333,1.9170513800545914
725,0.22428229811002065,1.0973693764440382,0.6713110674912199,0.0588674778721536,2.3585600871322883,1.9365075901135573
726,0.24740120862521506,1.1295163787565463,0.6626860096796205,0.045636714058580344,2.3586615061108795,1.938414249618566
727,0.26685457819831726,1.1583837772752807,0.6571002085542762,0.03563607306388971,2.3530663699074124,1.9351503745901637
728,0.28776466850663107,1.1896571096372324,0.6507259285128806,0.02461904393932817,2.3464007184540394,1.9307732493581018
729,0.3083710913521693,1.2205784743412478,0.6444926247055449,0.014253270821557138,2.3395547423384193,1.9258010678394153
730,0.32941553215803626,1.2519670221396813,0.6380986919140105,0.0036944582346883988,2.332731416931966,1.920517090768589
731,0.3558130663099365,1.2888921554068304,0.6282138353091099,0.010725928491870703,2.328144400169344,1.9168815746837415
732,0.386816219937446,1.3304458073110357,0.6155594234538002,0.027201754472147135,2.3234355358449923,1.9127084220088388
733,0.4141793695375447,1.3680509764259743,0.6054725572987447,0.04025436050941374,2.314947654755592,1.9056335201348855
734,0.4370857964905071,1.4010945089055802,0.5980591619353194,0.0507972598964675,2.305457292049659,1.8985490305517851
735,0.46012392420761233,1.4348527484786342,0.5893653060949628,0.06411485486752623,2.301365598451342,1.896982141868311
736,0.48621413664179075,1.471724829697722,0.5784588984568461,0.08063171892442535,2.3005650866663037,1.8989243116034358
737,0.5126434791406772,1.5085076988142467,0.5679441931271277,0.09607003656671823,2.298480725822792,1.8992889274022176
738,0.5359262044128902,1.541950962920731,0.5597651560493965,0.1077952161827013,2.2924957846584584,1.8950729352687983
739,0.5587699308165797,1.575217024176121,0.5509040155453877,0.12032599055588976,2.287976107824865,1.891779810307754
740,0.5815885056369048,1.6084650810208452,0.5425499834848739,0.1324590756083918,2.2831479597626867,1.8891082639477625
741,0.6044474982956662,1.640944438145285,0.5342448290513712,0.14411771762514483,2.278946550583694,1.8871260256030673
742,0.6279201901206088,1.6733924746998725,0.5250120256406876,0.15689476498155455,2.2769342121803007,1.8869200932450552
743,0.6493275147286434,1.704213859401073,0.5168468020909149,0.1686916299763666,2.273527576944542,1.8854812941310672
744,0.6694494661948324,1.733660095910441,0.5094680182607039,0.17958598161723813,2.270620816469584,1.8842905750972057
745,0.6908109112972459,1.7634854906843958,0.5010845354668552,0.19132940395750933,2.2698495520092643,1.8853491324581992
746,0.7118152880469256,1.7925754902182738,0.4925564719147035,0.20326240710157156,2.2698629740846172,1.8870685195061065
747,0.7305451861053408,1.8200417552095522,0.485343538400309,0.21392148997023192,2.2695439904868357,1.888067815244481
748,0.7480448874906842,1.8452156100199082,0.47854137135205044,0.22395720769846472,2.268610332380928,1.8893534900323774
749,0.7670163124727287,1.8710314241011565,0.4705521099677492,0.23544838040561109,2.2695776332834345,1.8918620547588718
750,0.7785804569834619,1.88910484421498,0.4666105762482438,0.24094290492699613,2.2659910333718374,1.8892927080073718
751,0.7875117512917115,1.9038200420703235,0.46384075091842275,0.24464518616404826,2.261839919524249,1.88601604020293
752,0.8032925502625937,1.9249102399406202,0.4568682044494299,0.25418800243304657,2.263810280468161,1.8888529618713708
753,0.817676505950115,1.9449238827694255,0.4510831553426919,0.2623141698242628,2.2650151079995737,1.8909779214416855
754,0.8324808956540272,1.9649786286288518,0.4450069838566816,0.27112927300719625,2.2673901302460426,1.894341664352671
755,0.8507185454246948,1.9881702066524995,0.4346018996895083,0.28460231902459604,2.2758319335179165,1.9028025584525303
756,0.8725829756027156,2.0147011152330876,0.41992232936113383,0.30218547680153574,2.291293409785378,1.9173262693405249
757,0.895857383614366,2.0412659549806365,0.4063734996482514,0.3179032257360904,2.3083670824621,1.935132279842224
758,0.9138512288762377,2.0615621151591266,0.398051216903481,0.32832619659665335,2.3241709310149696,1.9552916331849193
759,0.939648424223109,2.0926561465588835,0.3831821844694571,0.35187150308439374,2.358675756560599,1.9975043980936946
760,1.0021994996894938,2.167466903695497,0.34213458282863957,0.42066093717237746,2.444127170573017,2.095242260991547
761,1.0516414472004278,2.2193990815637807,0.31113062160796917,0.47387637244179476,2.505522102056631,2.1670653247285574
762,1.0392112808442235,2.2081959620992095,0.3194872025948599,0.4648302213891782,2.4955454222985356,2.158503130890378
763,0.9939172653087968,2.164386868208382,0.34980632229473935,0.42351581207535927,2.440289990022431,2.1017257878902984
764,0.9650272607027437,2.1367846035603577,0.36777643357894096,0.39863537745246125,2.4043198098887513,2.0605957179467516
765,0.9392826900239688,2.111514228319022,0.386320493821783,0.3694931849835029,2.3592469962255964,2.008485389130224
766,0.9237132333490123,2.095806114434311,0.3995160488550017,0.3465343636363518,2.320686489526262,1.9647539196879589
767,0.9152992985862153,2.08804981498987,0.4078835910912584,0.33080766924814803,2.29300009310829,1.932300475476828
768,0.9121462547172122,2.0859343562778347,0.4120140263201677,0.3223711635836878,2.276236440562622,1.9126069305570206
769,0.9120728269432353,2.0879176681601153,0.41371266912288157,0.31925225407971686,2.267559536502759,1.9024183306798328
770,0.9118198543835517,2.089859744782019,0.4145532097560461,0.3182360730546316,2.263293422576164,1.8968893304211008
771,0.9127761318947665,2.0916132424166216,0.41387599706253064,0.31812726596823704,2.2616627822580817,1.8938886809249742
772,0.9149163614862006,2.095339415950203,0.4133430624016321,0.31875790806126264,2.2605110140690376,1.8926802658151338
773,0.9155685088939501,2.09743725096808,0.4133962174960032,0.3191564659963445,2.258892097269047,1.8913019068059898
774,0.9155585834270362,2.098652268983555,0.4135657479901485,0.31917053635811593,2.2571906971868683,1.8892787236321817
775,0.9170577596117,2.1015749664741357,0.41348173495648666,0.31985605768861125,2.2562970981146533,1.8885889610736668
776,0.9171157119051999,2.102676211386801,0.41316260140119654,0.3203174393045441,2.256222666071387,1.888413589753331
777,0.9168595079164888,2.103428091246998,0.4129895091622174,0.3206922592936301,2.256182851693285,1.8881690041031276
778,0.9170235844504288,2.1044371329322273,0.4130450935180797,0.32126769029095587,2.255648582210887,1.8879732725036904
779,0.9170092227744375,2.104676253180458,0.4130714621663057,0.32142202043886164,2.2548412802414433,1.887490033630586
780,0.9182287220587749,2.106896048013753,0.41240108426976835,0.321783280306953,2.2554367128072452,1.8872273004423628
781,0.9194141201523174,2.108941658432117,0.411746324808202,0.3225882359919598,2.256836993025448,1.8884419909190937
782,0.9193619442020113,2.1095533969102562,0.41184322537075907,0.3228249611666985,2.2567605375503543,1.8887774079807211
783,0.9197144011295246,2.1110682770366265,0.41128738470427345,0.3243474594726657,2.2569774458526277,1.8896542503972422
784,0.9214622312686263,2.1138421149512894,0.4103339948065735,0.32656022135430884,2.2586220112773137,1.8921689417040937
785,0.9230398826125444,2.116786082756484,0.40995669180175137,0.3284153870786902,2.260362701694591,1.8946003880412938
786,0.9234611848197438,2.116729399352296,0.40932233446774335,0.3293678300404935,2.262313520637741,1.8970541827146707
787,0.9241722616698411,2.117381559672475,0.4086602358224957,0.33034169036254546,2.265288045846986,1.9007860482481365
788,0.9249439804892952,2.1186115706462125,0.4079744663817586,0.33233391587534533,2.2690443410421306,1.9052334909928053
789,0.9254196722063895,2.1194912450095327,0.40738119488087227,0.33430683135133726,2.2715792064265496,1.9082427144795067
790,0.9236019388457186,2.118621306931332,0.40821926228317473,0.33429078350466396,2.2709647436113025,1.9081312757210136
791,0.9229347412934511,2.1202332355599,0.40886999038527744,0.334467076517393,2.270337424159618,1.9069666723161343
792,0.9249161087834658,2.1241650598823636,0.4081833709720519,0.335597096549927,2.2699086706846985,1.9059631907169516
793,0.9277788925676468,2.1271211192636943,0.40677966858924225,0.336772049586183,2.268990393486972,1.905074219012075
794,0.9290218238249974,2.1275745372861063,0.406237359803557,0.3374726134661409,2.2689274851541925,1.904908741941453
795,0.9281513598700151,2.1273038469210244,0.40658836511154633,0.33766688681837026,2.2709226676746153,1.9074280277675046
796,0.9274932025088923,2.1267341682808265,0.40663262216858403,0.33805842492809185,2.2731462689504873,1.9101212952744469
797,0.9272521869569922,2.126553326563657,0.4066953208729712,0.3388101165681595,2.2739020677256594,1.9115769019575382
798,0.9275022631615341,2.128186281589829,0.4076359390093,0.3388318849155327,2.2728396165938385,1.9114389432317156
799,0.9289018933118315,2.130414452057379,0.4069033229827948,0.3394893261678307,2.2733489081541594,1.9117317353781735
800,0.9286697308744224,2.1315635049115205,0.4060740882069532,0.340816749617797,2.2762031215050778,1.914290071380478
801,0.928377647170795,2.131475202631551,0.4065855685669265,0.34109491410071385,2.2759371161250064,1.914672581724477
802,0.9284268291571404,2.1307772012851864,0.4070454223236445,0.340635848651612,2.2748411905608155,1.9135435554410842
803,0.9271660370007112,2.1299142001704716,0.40706170207028913,0.3403171481763305,2.275055193992225,1.9134859069437535
804,0.9269635719867833,2.1310417397896533,0.4070328051906864,0.3410024044493792,2.2735102184219755,1.9125297506199341
805,0.9285980924295849,2.1334129790069594,0.40682652325664714,0.3407136196913562,2.2723600725632798,1.9101787113882325
806,0.9293978470417948,2.1354150033314587,0.40634472049601567,0.3408680364042195,2.2721503150784716,1.9090579501417095
807,0.9303345236301731,2.137080454968161,0.4056754714919227,0.3420840573341785,2.2730387616225416,1.910527531323394
808,0.9324951503060022,2.1390058297910532,0.4052461653542334,0.3436282240297999,2.2757758520564564,1.9146623751658944
809,0.9343131623128335,2.1424769098941283,0.4043701852355513,0.3464305699343474,2.280381207573756,1.9205086695020577
810,0.9363435164281626,2.144565677817961,0.402927390699009,0.3490849211934725,2.28536993314375,1.9276463302558804
811,0.93783232428078,2.145817922545941,0.4015986310451806,0.3522154818601404,2.2924853947733848,1.9372166035216412
812,0.9380796250318829,2.1461851251939357,0.4004484791282831,0.35551129575084683,2.301635888742273,1.948342662092454
813,0.9382423832948378,2.1460420849102158,0.39896917885077154,0.35904350934165014,2.3116276022242706,1.960044465018894
814,0.9398365037521993,2.1478557478364504,0.3973761058140559,0.36437995017459435,2.3212296765169937,1.9711482001759653
815,0.9403585971303194,2.1493924058504295,0.39626136165423403,0.36860412683785043,2.3274726934981964,1.9790864524304044
816,0.9393778085162233,2.147430388062415,0.39579169074114495,0.3715682049178566,2.330196595347112,1.9843225297766638
817,0.9377165053438331,2.145970390763972,0.39717838258208343,0.3715880835707963,2.327956035395609,1.9834546291702344
818,0.9353479294118856,2.1455277559117194,0.39919212969182993,0.3688273270321617,2.322489232138847,1.976826814814202
819,0.9362828818850205,2.146261179029602,0.3986869510219776,0.3670983928634705,2.3176916466492252,1.970380429857326
820,0.9407419336589952,2.149552593356093,0.3987977901678502,0.36445199373184073,2.3108247446544747,1.9629728029070401
821,0.9430554634926916,2.1530193239040334,0.3979114412925065,0.364446170242384,2.31159286097897,1.961589874163013
822,0.9408059944806039,2.152907558746929,0.3971663056794273,0.36703707520662676,2.317574096627679,1.9659756935552082
823,0.9351789351644156,2.1475470931452882,0.39823653152721905,0.36891641535749353,2.320794611014431,1.9700823411287693
824,0.9354757473403273,2.1448083966476896,0.39938657285154877,0.36430985731731036,2.310904816755203,1.9618928142664573
825,0.9378645108626514,2.1459670612580206,0.3998190772620369,0.3608252457586217,2.3041902242398926,1.9551314883059014
826,0.9394424018520933,2.149784915379528,0.4003294212569898,0.36066198550229334,2.301424660549644,1.9529066685052647
827,0.9375341431305476,2.151058730054355,0.40026624291080415,0.3629621952247536,2.3049291010097703,1.9563163989628147
828,0.9355145018893729,2.1489779346063136,0.39977062400707153,0.3640141334836952,2.3092087126926546,1.9594365715015098
829,0.9352866871062043,2.146751155657128,0.3996281216105324,0.3635666312710883,2.3082831434644486,1.9586524109698162
830,0.9368610685056108,2.1458723181070956,0.3997021251010438,0.3619378572462848,2.3053324338711563,1.9569051763975738
831,0.934537246247022,2.1446119146390754,0.40137671886664367,0.35951962814337596,2.30172689118146,1.9532830647808808
832,0.9320621656913514,2.143807913780624,0.4026091045111086,0.3581143201947831,2.298936581313282,1.949440668095742
833,0.9319509047259674,2.143923111036229,0.40304219573325856,0.35733155959303725,2.295796275346088,1.9454542853027548
834,0.9288923521715838,2.141685943278394,0.40487653322982986,0.35446034563274564,2.291582814501354,1.9402309633455523
835,0.9281779022028103,2.140953177429277,0.4053902170558661,0.35101675273394545,2.288063679029707,1.9343993783537055
836,0.9259970051295936,2.1395871573323344,0.40714391197116806,0.34941053772307257,2.283969265557455,1.9311103507578204
837,0.9256544127641154,2.1381742186090205,0.408403815888635,0.34790380137015614,2.280423382911067,1.9295984130784793
838,0.9277718975883934,2.1389650756091902,0.40796173617366016,0.34654103391528396,2.2784150068432547,1.9276596317254864
839,0.9281821989746577,2.1413550613961427,0.40759388989840223,0.3469808232025148,2.276652152725038,1.9250684791758796
840,0.9280134128278161,2.1422644084317106,0.40761350163253446,0.3476172045779659,2.2747515790102106,1.9233028244290538
841,0.9268369759700629,2.140739493858931,0.4080437323709714,0.3467576332062941,2.2743666710389028,1.922593900818851
842,0.9262461756843999,2.140065356210335,0.40828229599505017,0.34586635144211614,2.273875580040662,1.9201264211994804
843,0.9270328225924869,2.1411837544421104,0.4081058304649098,0.34605880431299635,2.2728806627471045,1.9187442466640667
844,0.9267013144516608,2.141632190144488,0.4082877228182133,0.345760192707281,2.2720398209124917,1.9187903705587461
845,0.9253472682473655,2.142650045965416,0.4082747823809643,0.34497875820131196,2.271168712811532,1.9159779086704103
846,0.9283222572360715,2.1431905126758934,0.4082378125592289,0.344264276119498,2.268985099367462,1.9155422412647534
847,0.9290558161556055,2.145480022617917,0.4080446704536909,0.34540911415661374,2.269748979377634,1.917013891849698
848,0.9289122612337226,2.1477700031464106,0.40738009730147506,0.3475956796334879,2.2716793259950445,1.91857564652342
849,0.9300251677445425,2.1485542644439453,0.40677139012496605,0.3490337346230128,2.2734145192455752,1.9203079131986842
850,0.9299499643990177,2.14858983459627,0.4065476561597495,0.3493038840590434,2.275608872168346,1.9217401710574198
851,0.9317606168830939,2.1505901833727568,0.40550732000353257,0.35032109584128723,2.2752242732257653,1.9221153555033719
852,0.9334372659499841,2.1516632552019734,0.40558028539482394,0.3502056668023522,2.2751061060724536,1.9239283451235425
853,0.9326009217956239,2.1530970324006984,0.4063655575357013,0.3522353972714375,2.2758259397392195,1.926285179707305
854,0.9318822631373889,2.1527199601135543,0.40577933490514434,0.3544324146863412,2.2784628291106475,1.9278454735755428
855,0.9312222625193297,2.1496452721139363,0.4065794645647796,0.350888206865941,2.2768480827440887,1.9245003312623459
856,0.9297462106465639,2.150543119793706,0.40774145653933536,0.34922336725755654,2.271252131086588,1.9195914543303976
857,0.9305416636472886,2.1489430350640486,0.4079786901879431,0.3481267286178278,2.265374921199952,1.9155492883868963
858,0.9322184758631669,2.149109541896491,0.40736476795451354,0.34786368859591055,2.2664532969880518,1.9172999364413983
859,0.9332192989060945,2.152502621493213,0.40761618450994214,0.34791484044410137,2.269119715148967,1.9191529258113567
860,0.9316143273522361,2.1538089307617287,0.40830417820768605,0.34878677469549063,2.2690604422447445,1.9197443196002215
861,0.9286785821236168,2.1501014516250834,0.40839560807725117,0.3492342588052389,2.267142210823138,1.9203583435387797
862,0.9289603087674989,2.1507279561383723,0.4085754853768647,0.3482721091409887,2.2671887536998927,1.918883090150791
863,0.9305529802037618,2.1512788436011734,0.4081807136500391,0.34863390778117215,2.2674509920008132,1.9194369198861418
864,0.9321125276320199,2.153203301059095,0.40653807555961197,0.3494362274318172,2.2708345273866937,1.9203286708338663
865,0.9321453607396493,2.1552615518468063,0.40591172119519525,0.3518172131441651,2.2746582346848947,1.92427747827027
866,0.932879788896767,2.1571657567744027,0.40550443571681233,0.3551182596754402,2.2753887297298885,1.9275897312809378
867,0.9344862367660505,2.1580599570930743,0.40541012074912397,0.35407744162031185,2.2733962730580832,1.9249089945052003
868,0.9321801266839512,2.1559427779396745,0.40816076997720174,0.350895049999855,2.2683597504111086,1.923064513079062
869,0.9296117203012887,2.15186608164019,0.4090491188612589,0.34924771771613966,2.26660799420365,1.9209134233077805
870,0.9301228148959613,2.152849546732756,0.40883506081390064,0.3506886534742771,2.267100646594458,1.921563911067993
871,0.9316936206321081,2.1552233825178293,0.4091251111507884,0.35326901783169834,2.2673777933098864,1.9246928056307513
872,0.9324216921119852,2.1567721350224303,0.4087831444160723,0.354044174651486,2.2689719870515686,1.9261082995566843
873,0.9321830283301934,2.1587932027993038,0.40723754655252675,0.3530796589615721,2.2716446075199674,1.9247103347179768
874,0.9315943903197257,2.1597073656285337,0.4075199839736056,0.3539091156146237,2.270309049236332,1.922948729079351
875,0.9315247607484917,2.1577526012364956,0.40774967028653725,0.35208988995617874,2.268926626797911,1.9229351589296249
876,0.9322803055280188,2.1561810391987906,0.407431626019387,0.3511136388240188,2.2691032651513714,1.9245311723115175
877,0.9320960762485966,2.155646328852818,0.407838043198403,0.3519276070401681,2.2701654564794826,1.927339964071857
878,0.9305649052755126,2.155976643765742,0.40813604615749827,0.35345135257814003,2.27077971292039,1.9293296004916205
879,0.9322894247217387,2.159510408061029,0.406459591269058,0.35544504091601165,2.2719703387305845,1.928184336128807
880,0.9332397574472286,2.1606019084898165,0.4069699493522971,0.3554864071816662,2.273399133381911,1.9279774486538859
881,0.9321500686222493,2.1585191518363533,0.4064481018902642,0.35652818811907105,2.2732780448185816,1.9307001632113374
882,0.9328518381716286,2.1564386674195917,0.40516323558561607,0.355809850991005,2.273895473200347,1.9325743252324097
883,0.9346590808059467,2.15622608744134,0.4047477176189954,0.3551241274733797,2.2753974499658445,1.9338975526149522
884,0.9336683142181106,2.156321212360404,0.4059906773446586,0.3563178391921486,2.27569047510831,1.9362379539998564
885,0.931317382134312,2.1571918039485505,0.4070408442173618,0.3578939409221516,2.2758113247615848,1.9376631225374719
886,0.9345370272628432,2.1621793579679673,0.40529437982529193,0.36026863151410354,2.2775996230576574,1.9387321580459402
887,0.9353805655672055,2.161504743259664,0.4043511133458118,0.3608683462096963,2.2802757944972676,1.9401808883596707
888,0.9343568532606555,2.1587631930805484,0.40386064175148517,0.36004215263108447,2.2792062995500726,1.9401674583386426
889,0.9363618044074782,2.1574385376308522,0.4028864590201859,0.35771190927099616,2.279600910814394,1.940631395689034
890,0.9378446848247957,2.156694613601732,0.402763225841824,0.35815578118931835,2.282807439531059,1.9446647486422792
891,0.9394035822377194,2.159679270273012,0.40213380121827685,0.3637030447242445,2.287336775710441,1.9536718025577604
892,0.9435540062002005,2.1632574036263605,0.39882847821130424,0.36612532127114156,2.2953516632802686,1.9622087304148723
893,0.9468131571850382,2.171580036835844,0.3959055348402571,0.3733752181959085,2.3090363182906253,1.9758453245407892
894,0.9501395657843914,2.1753104397918195,0.3925301329156255,0.38324792249762396,2.320866877112884,1.9912479497695925
895,0.9559885816768058,2.1784093527243455,0.38674819640758457,0.3922350060830773,2.333887059803292,2.0060945072228473
896,0.9623923835447817,2.1815408376977,0.3816629976374704,0.39849422821777686,2.3472529287564994,2.0211640149049215
897,0.9629925277325005,2.1838050949432137,0.3801773886602851,0.40520478138784716,2.356272072395931,2.034597064871266
898,0.9623948998125041,2.1896491027609226,0.3788138266724238,0.4118884665334355,2.3650134231966886,2.0426832539003406
899,0.9649964352921954,2.1902878876219325,0.37897406264029254,0.4122831732574686,2.371030169793101,2.048536343929607
900,0.9609146385848583,2.185932940851282,0.38075635900357935,0.4112065323095982,2.369692485795294,2.04927824789228
901,0.9548851276289555,2.1777817506779376,0.383665611389476,0.40760873369629746,2.3585945337757965,2.0407648073408704
902,0.9527641115907258,2.170077075513429,0.38662470435748336,0.3988149441452199,2.3456220688573475,2.0267649074236345
903,0.9547471856692815,2.1675506354429883,0.389134617525966,0.3908181276794217,2.3342172681590045,2.016003734264577
904,0.9599009178178778,2.1725293968291393,0.38857119274506513,0.391382646714902,2.3297635458778614,2.0157941676774507
905,0.9637042816060767,2.180079296318387,0.38416733118019686,0.39665615765798146,2.3431975343848177,2.0258113927224075
906,0.9674220402636641,2.1892082398296497,0.38071882421185654,0.4072157175220318,2.3596250778324603,2.03903305946682
907,0.96982745781898,2.191376954620565,0.3742202315380957,0.41795391925819364,2.3775874051032053,2.059836538764517
908,0.9683723454063045,2.190403189643445,0.37222563075741105,0.42165618402636734,2.384198700391922,2.0657233023579953
909,0.9712132270139914,2.191825065176319,0.3721986058238791,0.421879656485445,2.3798765930679497,2.061613079808842
910,0.9757152626168237,2.192950090529557,0.37165492112819876,0.42140695609769213,2.378515468623692,2.0622823901220295
911,0.9750719923827149,2.195150238331654,0.37265135193205634,0.42107414160093587,2.3819092911373008,2.0635710587609837
912,0.9788518502281895,2.1992489815136476,0.37129811177598865,0.4252773578847802,2.3855416197571024,2.074395309926565
913,0.9787394528216938,2.2004671666186653,0.36943010247925256,0.43166482832193476,2.3929804123870313,2.080482475185994
914,0.9728961264760083,2.1926331192730046,0.36944522590754464,0.43192113471490257,2.3961948495328023,2.0877309200189513
915,0.9724166333943065,2.1956157658759676,0.36703519007213126,0.43419256805964995,2.3967263607208302,2.0847916736469054
916,0.9744382217070734,2.1974818370438625,0.3670895663362333,0.4318676072762146,2.3923587949546508,2.0755995882944895
917,0.9744563129214707,2.1894312349936986,0.3713348719451086,0.4227583059433166,2.383607749681566,2.0701723750144545
918,0.9773181685551953,2.1863718147715168,0.37343117462014086,0.4164123275330091,2.3746599768482,2.060210902079498
919,0.9769306806644245,2.183672136752718,0.37544676130487303,0.4077443380649803,2.365330260915796,2.046552202052349
920,0.9718096091254625,2.189157985968143,0.3767165681877814,0.41159027971360146,2.3640763652647423,2.045511457236735
921,0.9709510081705673,2.1876731345721905,0.37693440017518726,0.41304345537833176,2.3628676915812696,2.0490071781291923
922,0.9760679499722895,2.1877790800826884,0.3734736588934865,0.41535337700010766,2.366385037989562,2.0508812718103555
923,0.9767828211590581,2.190016279549574,0.36994667777032686,0.41917572176707873,2.3753937377084138,2.057745806201375
924,0.9752125777775335,2.1868391561534533,0.3698378156008078,0.41974152239462914,2.378920608015849,2.0651793910219305
925,0.9840774615565823,2.1912238386841327,0.3672248616723842,0.42340928847957837,2.3858973875055636,2.0741048674924754
926,0.9906634809601509,2.1998022600382496,0.36244793222699495,0.4316760597127559,2.404303119425696,2.0948848709496533
927,0.9950881650263563,2.212551878217626,0.35555620097010854,0.4461622864487659,2.422208182523519,2.1134378480311593
928,1.0100416757540784,2.2298789994401327,0.3386463057394547,0.4693626156901229,2.4600179600774017,2.1507881468904384
929,1.0340042193595864,2.2492194171997064,0.3203487507214062,0.49864714718697806,2.5048290939358546,2.203169599424832
930,1.0647994912962941,2.284561482758887,0.2977301988888611,0.5353593230747639,2.5545576841264452,2.2479142145976247
931,1.1006894048801692,2.3245573460255082,0.26747429081266794,0.5794149969961824,2.6155538789122676,2.3033205631397644
932,1.1262854261333242,2.3459541485291147,0.24496378798342627,0.6168420818697619,2.6664668368999247,2.366381877152945
933,1.1444316888214336,2.3800185682019452,0.23121002773102017,0.6436760335443634,2.6972444607195745,2.3835013156219707
934,1.1389785228100249,2.381075458735306,0.23104111901608917,0.6698827338107896,2.7053555648646896,2.4059492174651806
935,1.1172221133117757,2.327244757072185,0.2367500850127407,0.636110355559507,2.7004895952855215,2.394058895391469
936,1.1019512832208203,2.2882068732179457,0.2514583292908423,0.5968595091338911,2.6575274611950985,2.3441177904466888
937,1.0766576945518875,2.26834954692951,0.27924412260509246,0.5713561790830807,2.5970537499949313,2.296017448162244
938,1.0701305411279916,2.2450865728151794,0.2969606518033856,0.5465919857670413,2.5480478276596847,2.2675136908154325
939,1.0596443694816724,2.2274528856550124,0.30570348436298417,0.527925690890546,2.532731846170915,2.258630761405769
940,1.0417465629452018,2.23592082409649,0.3080330998161587,0.531943990237555,2.5477523826952964,2.271543097738543
941,1.0574472320595045,2.24166689248302,0.29436488629812124,0.5444411575816165,2.576403417210903,2.298382759736297
942,1.0637500794296286,2.2384106873321783,0.28526771706329174,0.5421924430094861,2.6036312294487254,2.302587710718715
943,1.0880926243490305,2.2515414209869298,0.27314215498948835,0.5608642033209844,2.6189026407717644,2.322917366171861
944,1.0904448284914148,2.259007068645642,0.2666714267347004,0.5687213209784139,2.629819017276042,2.336614278862203
945,1.081486695132351,2.2584146061004393,0.27584280329849475,0.5677255910264211,2.6188602956140565,2.329504690957633
946,1.058204461238623,2.240490356085772,0.285793916779366,0.5621673990277952,2.6011092156830853,2.3112924602745397
947,1.040764427999297,2.2056354893532966,0.2872073410813088,0.5411074490258001,2.5930012600876626,2.298210489543719
948,1.047991148127565,2.186328343820304,0.28655610592588154,0.5250541627660406,2.5875936591360715,2.2977389408847055
949,1.0402770573322,2.1854499208259393,0.2898937126795829,0.5304857147158648,2.583678074883035,2.3018365163451273
950,1.0457401805504145,2.1928014672106557,0.29529089906049427,0.5331214102769326,2.5682467742711714,2.2912426995567063
951,1.034658939067246,2.1918792932809135,0.3048342384806667,0.5250351918593642,2.5586414949945584,2.267916753098122
952,1.027707280529149,2.1804940009098694,0.3005939879885425,0.5206256371543845,2.571740383028944,2.2722600365879666
953,1.0234779418176816,2.154143514324146,0.3026141214149587,0.5077993116781249,2.565662152398111,2.273097009129339
954,1.0146225638116901,2.1542173353279304,0.30032142317282584,0.5070874426597188,2.572496558106424,2.275555892786632
955,0.9951667434421321,2.1467801235193,0.3098887902834262,0.5039440814953202,2.568539748444032,2.269049333942325
956,0.9871693109863133,2.126716554470329,0.31802980671710673,0.49752187482647064,2.5439681761296713,2.2443317755609686
957,0.9964351614574206,2.1279248152856267,0.31366101439260324,0.49425076170792676,2.5292794813422366,2.228498282700999
958,0.995930582727998,2.1187046870849318,0.32645855852492434,0.4835895902762367,2.51283193044832,2.232579863996331
959,0.983719556278226,2.1184696394494047,0.32891326604059345,0.47222237650826215,2.5184860673866334,2.2235892903209766
960,0.9661234340066256,2.1116787347537254,0.33731565281177506,0.4770015763941458,2.5008690332533514,2.2191936640159935
961,0.9643520779038467,2.115147051289496,0.3349487816851295,0.47381382426578195,2.501774929445245,2.1974688559860645
962,0.9679750267191289,2.085405715003052,0.33798689248132163,0.44573329437691894,2.49969773460161,2.1905669234449556
963,0.9615506282856634,2.0761206500803477,0.3511283912440431,0.43206850996892965,2.4887454231511312,2.188809471828808
964,0.9500047862340298,2.0767824671505943,0.3560694911689464,0.4303419392212373,2.471338968490647,2.1757276249476054
965,0.9496490392640101,2.065272451254839,0.3529060835668207,0.42611415106317224,2.4564435911086147,2.161774410167638
966,0.9458219410172397,2.0625580993251496,0.3518999828909677,0.4242108893286599,2.44967269981389,2.1458045843681677
967,0.9273180192581365,2.045273941502542,0.3552477250832879,0.40910870057336857,2.441768921488954,2.129934777070803
968,0.9425165425776721,2.049993506596377,0.35550943381330075,0.4092391965311529,2.433982563051724,2.130872249365679
969,0.9531827007996468,2.07441726963798,0.36981246849814997,0.4151352340823316,2.424639115283729,2.1416925801640083
970,0.9520935810936676,2.093570612021064,0.36123462268794515,0.4298042044292321,2.4208077718292675,2.1310211126315783
971,0.9765209165659463,2.0914383811056014,0.3289450020067077,0.4363471333234905,2.4458005414625412,2.145909416896377
972,0.9584559602967877,2.1197301429286046,0.33918356779133374,0.4667038069120322,2.471181272209445,2.1780146596384506
973,1.0292772327928459,2.1139416941258493,0.31057956438212014,0.4453033799199056,2.4933058833911605,2.179900112802953
974,0.9830441273863657,2.128911805093695,0.3312969795850064,0.46160266807939854,2.4862277445605416,2.1682748576314035
975,0.9804792837608878,2.109388539855175,0.32335268005118706,0.45672854164591875,2.4773684842020534,2.166524265343667
976,0.9804481417557405,2.1225683359487477,0.3206505836499166,0.46714612781506826,2.4701070738844377,2.1557275149928588
977,0.992410567087268,2.1243972901524244,0.341452823533251,0.4422954126401429,2.4740569853490912,2.1832425309860453
978,0.9771141764473598,2.128771438231305,0.3405231154133462,0.4670518217730706,2.4687538393011303,2.173871990311079
979,0.985730526177392,2.1160218275410387,0.32429395488816015,0.44617590088773906,2.478666366084298,2.1542897579881024
980,1.013889387958275,2.1565522808715083,0.30411440493381403,0.4769014590372483,2.492772700332902,2.1592981541900054
981,0.9651344221676269,2.114503730040345,0.3470979490266644,0.4517574027916464,2.4243819417492958,2.125625358058626
982,0.9892515115473737,2.1390939173353622,0.32946611879487686,0.45761211187952955,2.467998683859779,2.1406946921323224
983,1.0286183839441247,2.149413811725049,0.32119766747093076,0.4653199734156855,2.4528811196737648,2.143428433252175
984,1.0262235879944939,2.1556349169570717,0.3077844342240128,0.46962818235033416,2.4809511023746214,2.147154781067959
985,1.0492060538120405,2.165249497538975,0.3107224712794963,0.4831300021382434,2.459039572698479,2.1633721678213558
986,1.0496027465859956,2.1766525969586676,0.3010400418070062,0.49204899831947213,2.489314551676095,2.1891484577412736
987,1.0492954446392344,2.200220192127139,0.285640404148891,0.5037243202582161,2.4968704029826547,2.172598327802252
988,1.0784976475016808,2.204539399174513,0.28923363743691516,0.510210427131242,2.5025824473841682,2.2020201775184183
989,1.0683859987484936,2.211381310330075,0.27863788363029385,0.5077441141108313,2.51745586120393,2.168272824806277
990,1.061418369269391,2.196757137182953,0.2888616443938355,0.4875610204726282,2.526284817350291,2.1804250775202725
991,1.093659726430539,2.224907510182139,0.27255339750046637,0.5168538724797539,2.516213697981082,2.1872089050735517
992,1.1139168540188018,2.2564538572040744,0.2687357236132442,0.5428150359311518,2.503940266335373,2.2153177719898745
993,1.099694754300292,2.2889681217990696,0.2727646135035756,0.5659826812593647,2.544446507130623,2.2293646371934566
994,1.1220277935454384,2.2582496162766086,0.24894030019086377,0.5490405610745461,2.5437576296068176,2.227360339438133
995,1.1526228554345874,2.2448232717055996,0.253305159993133,0.5391630860430814,2.5566652813664548,2.2212707419460793
996,1.1889166419851254,2.322128236083728,0.21288636441540973,0.5857174335203279,2.578428222757187,2.268832902184958
997,1.1836631594174187,2.3397802803922043,0.21153598898252826,0.6354935750876975,2.6204504229150185,2.3309109556444705
998,1.1747017176094263,2.312307990981515,0.23882194049601677,0.5688878226908349,2.5317027787497137,2.220833905567247
999,1.1395992183409829,2.257958092070897,0.2793742090530217,0.5168635035734597,2.460545199649598,2.166932815049877
1000,1.0836853928134194,2.2103118525523677,0.31002792435657556,0.47497556726536144,2.418362974955147,2.118930983592986
1001,1.3426409348120625,2.4402773395929467,0.9148479506647463,0.10918486288084873,3.4261613226445817,2.3524313142622155
1002,1.3160391961131181,2.4176857537608494,0.9289004115430488,0.08486464759825967,3.4000348387771524,2.3239339731449813
1003,1.2671761929656908,2.372624887128087,0.9650424238502783,0.03807330831425904,3.3572297096698027,2.2865278766850654
1004,1.1652530003176524,2.2731710477255653,1.0376220115133985,0.06613281002186304,3.256442394282716,2.1944936440989213
1005,1.124575597706583,2.2349390232880326,1.0688531003049175,0.10922591445839104,3.217729642342781,2.1613980888393693
1006,1.0877946080160095,2.199431575835407,1.0966873737290794,0.14833751278188462,3.1730047795899368,2.1218578443864056
1007,1.038438055243855,2.152769863555343,1.1412185270006265,0.20702266345379092,3.1088705811540067,2.066628689745025
1008,1.007827803298692,2.1240972964726494,1.1690336818242235,0.24351572883318112,3.0722260516335447,2.034335782533397
1009,1.0055883173972984,2.1230469228242552,1.1715225124381003,0.24564603732812135,3.067781911190166,2.0317306775371624
1010,1.0168849431944296,2.134375688098933,1.1624242361193797,0.2332907283490033,3.078064773031713,2.041927448671705
1011,1.0286411131671964,2.145956370440696,1.1514526249992372,0.21910513041550225,3.0908926932539034,2.053117660658736
1012,1.0342164512395438,2.1523376046950453,1.1459013882455842,0.21221068528791548,3.0953665017415264,2.057092565914476
1013,1.0360581675505294,2.1559345880440453,1.1452890911030367,0.21209221528486552,3.0936886887167274,2.0558953871810197
1014,1.0345478039855727,2.155889333858726,1.1471577033713358,0.21479859918173552,3.090789961975253,2.0535029950313124
1015,1.0329148815785891,2.154784711283844,1.148980589365289,0.2169411061924726,3.088532447663762,2.0522658223855688
1016,1.0317439279813625,2.1548081937064256,1.1501949707701185,0.21797768441500584,3.087685657181198,2.0520440478648196
1017,1.0314992391838949,2.1559890510156943,1.1508165977372644,0.21745203757118206,3.0892227722799492,2.0542478103221162
1018,1.0316821378175054,2.1578598768003334,1.1507603722176236,0.21673049841541642,3.091066636243192,2.055937873010129
1019,1.0330132783661714,2.1610789813302844,1.1499802000566857,0.21543613188947072,3.0943650167121572,2.0580672123571238
1020,1.0358722297904777,2.1675646506921233,1.1484178318383598,0.21259756427721194,3.0982484991610457,2.0608553501264972
1021,1.0388099953075305,2.1728974319873213,1.1464424688788393,0.20981248267014044,3.100847604556426,2.0629892648429493
1022,1.0418699325102478,2.176370655794464,1.1449971295604,0.2074124165050916,3.1036748134333334,2.0656897428868897
1023,1.0431964169858754,2.178408760263428,1.1447103480052723,0.2062829446101977,3.1039033938584164,2.066795142949143
1024,1.0426694480076806,2.1774530317476377,1.1448587572090674,0.20747804353968521,3.1010926989700254,2.0645027661064215
1025,1.041128185780565,2.1755708836064596,1.1460541058414107,0.20957623589434543,3.0981829166120787,2.0614817242657746
1026,1.0406588436293098,2.1767259655354247,1.1475981304653406,0.2107421785901145,3.0947423365018265,2.0580869951941914
1027,1.04177850446704,2.1796060453312096,1.148313786765555,0.2113470921822231,3.093459099100807,2.056467679817136
1028,1.043122728896953,2.1824184415028123,1.1492994937805305,0.2116837120852103,3.0936851311383875,2.0566359982307834
1029,1.0452485670189218,2.1863654707505153,1.1497276141937847,0.21093820455939793,3.09400580854549,2.057259217596049
1030,1.0485737071656496,2.1917197793302883,1.1496724007042696,0.20949028531172664,3.094399988960422,2.059081965924536
1031,1.0506450145795696,2.195334620732251,1.14953264131582,0.2084391172534204,3.0953564006048615,2.060323779448543
1032,1.0520084128489602,2.1978457535393927,1.1492954065902627,0.207291374113987,3.096027409369059,2.0611542429907583
1033,1.0530061549565368,2.2003035135596756,1.148974238377278,0.20592100496154464,3.096669131792972,2.0619125856701452
1034,1.0538736854238537,2.202551255001144,1.1487424011475589,0.20572933651580996,3.098064715608697,2.062517723738808
1035,1.05509469157614,2.204573024341538,1.148303950565663,0.20537195713785644,3.0994075191917836,2.0634128494768347
1036,1.0554751764846424,2.2058808587580954,1.147542972789462,0.2048016054807011,3.099703326063146,2.064223126371566
1037,1.0556558422577098,2.2065297119330003,1.1465627168902293,0.20421338171101922,3.1004010509317963,2.0653503388265726
1038,1.0566916678222749,2.207923745682094,1.1454710949074969,0.20297074946409022,3.1008037353826987,2.066810055748067
1039,1.057717745092635,2.2085735706641874,1.1449302546693219,0.20247931170064218,3.100753176883545,2.067705011379513
1040,1.0593856177449121,2.2092144197620267,1.144597837379407,0.2020036326703726,3.100934527964229,2.0682441036177166
1041,1.0628580988035408,2.21131735692018,1.1439082511839656,0.20020031645767886,3.10063159541253,2.0692680255389706
1042,1.0669832161638946,2.214297622255864,1.1427866312080681,0.19737287624121433,3.1003008651162163,2.070899321093037
1043,1.0714974667996278,2.217861967278561,1.1407395858373752,0.1937438333684614,3.1011266534615074,2.073074769193432
1044,1.0753439514174201,2.2211902095507554,1.1384250292101812,0.18974206947785036,3.1020156470845603,2.07540359484854
1045,1.0786750868209987,2.2232691678938505,1.1365731114007647,0.1874473677177171,3.102583246705811,2.0771459490140356
1046,1.0805232795434705,2.2240315401706994,1.1363584149911186,0.18756775876851442,3.101039530613746,2.0765122581220137
1047,1.0810207885327776,2.2242474859001162,1.1373769233803945,0.18868395521488898,3.0980847604346007,2.0745672872213357
1048,1.0813653631807907,2.223818728796113,1.1385766664417387,0.19051159110469587,3.0950689803609963,2.0726387181925077
1049,1.0817319830457637,2.2233750678556747,1.1396236319818878,0.1918437389021541,3.092211152948481,2.070998799238346
1050,1.082931701176548,2.223562128463244,1.1391741818200856,0.1909188504100797,3.0919509155746843,2.0719889489785204
1051,1.0853300638386432,2.223990696577615,1.1365118210847274,0.18808994501734191,3.0947707186245115,2.075380856216001
1052,1.0881088960454153,2.225316718199699,1.1338450364074193,0.1845353206263883,3.0982886298273753,2.0796190861355752
1053,1.0907294404968382,2.227913413068253,1.1320142787860672,0.1815665517919724,3.101176740702036,2.0839926676064042
1054,1.0932557131870808,2.231169661714537,1.1302323134302412,0.17927980838257712,3.1030510590158924,2.086725850731998
1055,1.0953153013571746,2.233308909731672,1.1293043553587192,0.17762835838995014,3.1044405013579426,2.088516539702142
1056,1.0964191107194756,2.234274446377247,1.1285075555345456,0.1761191457429334,3.1053205982391883,2.0898801501102153
1057,1.0979232040143843,2.2344905997186526,1.1271781950666306,0.17458432636306084,3.10652921018867,2.0915020302088387
1058,1.0999352305354495,2.235519148797022,1.1244758575986677,0.17142766452284575,3.1087298784521145,2.094041435712607
1059,1.1021749114985213,2.2382487425590205,1.122459539831374,0.16795654143660027,3.111945789671711,2.0977676167894805
1060,1.1044134558482426,2.2418272425704693,1.1210422431777296,0.16541868358165807,3.114265175970755,2.101212148303088
1061,1.1065530647566835,2.245093396369576,1.1196712136383042,0.16383761053377568,3.116163149814973,2.1039248435818356
1062,1.109574826451562,2.2485913976204364,1.1189816289038053,0.16271573650030308,3.118562229125684,2.106598736077594
1063,1.1131161525281057,2.251514090077853,1.1176982218912301,0.16080758831358613,3.119983542462953,2.1087706900382117
1064,1.1161271597071782,2.2537656757491624,1.1158808832502434,0.15860420865715733,3.121269190275085,2.110234315061466
1065,1.1200330587440972,2.2576213414541177,1.1138420355391023,0.15521365064237314,3.123746434930126,2.112500323146327
1066,1.1245975234818324,2.2622238737629536,1.1109793105042889,0.15058473024888963,3.1263652569479032,2.1148459266836364
1067,1.1279021938448062,2.2660055893004762,1.108775403985149,0.14706760594017243,3.128478835422487,2.1165024539516724
1068,1.1308311001643643,2.2686357906855967,1.1066823933481045,0.14366625555872495,3.130384324290254,2.118915690057813
1069,1.1334828182474406,2.2710350553625336,1.1051751551311495,0.14138080160182198,3.131805772834882,2.1207049965578357
1070,1.1356481919930896,2.2726827587000797,1.1041089117031682,0.1400264849426896,3.1328581802614526,2.122327484419539
1071,1.1364074448053565,2.2744023682270327,1.104007501575514,0.13980513594655541,3.132820990217269,2.122897301938981
1072,1.137150435209068,2.2754467336469917,1.103537707934106,0.13886608428082314,3.132693245458427,2.1235397731749903
1073,1.1386540303489847,2.2771967919189837,1.1026316462577377,0.13718536415477703,3.1337751224057877,2.124550819412371
1074,1.139459793437062,2.2789961517579966,1.1014347835811644,0.13498851955465052,3.1350777983401796,2.1255770845220887
1075,1.140415520688967,2.2802519646164416,1.09993293866381,0.13260256440081714,3.1367229161029857,2.127042162883425
1076,1.1423263197858933,2.282872297581404,1.097881597571341,0.13028158231125125,3.1398759350000542,2.1295457249066785
1077,1.143931322783391,2.2854710297063474,1.095747477296093,0.12836504302692162,3.1435303274697772,2.1329153367584173
1078,1.1453474473943417,2.288079202704091,1.0942557474024683,0.1270412194360664,3.1468156062706205,2.136100605925014
1079,1.1464350347109635,2.2905582935469395,1.0926935074426534,0.1254247058155576,3.1500226570016694,2.138852610554204
1080,1.1462202296192157,2.290601774106668,1.0912392189777766,0.12384358260761429,3.152618904420942,2.1412786045499046
1081,1.1453590363776016,2.2900029491874525,1.0908181422813468,0.12321816679423259,3.154727317369299,2.142810349041612
1082,1.1440553819193702,2.2893239058871693,1.0905601942191647,0.12262373161578387,3.157045243065475,2.144235905352037
1083,1.1428058626141255,2.287960395305775,1.0896847992294358,0.12131459235425562,3.1592355793321567,2.1456590408437575
1084,1.1423623688260005,2.2879597067910957,1.0890570731676843,0.12034118649113479,3.1616773958348805,2.1476907086416337
1085,1.143382721268662,2.2893719290127024,1.0885235477137598,0.11940404816567335,3.1648186571275607,2.150686228985162
1086,1.1443134538636932,2.2911407517648374,1.0870462274023929,0.11715500425474826,3.167590222821837,2.154348763726352
1087,1.1456791880723916,2.2933465633092758,1.0846543189348317,0.11450788390861802,3.1710510227976654,2.15833884232778
1088,1.1473367127888219,2.29474770905561,1.0824990667464711,0.11200727827664426,3.1755666765891455,2.163122244130844
1089,1.1487826475605651,2.295923751357767,1.079992384231865,0.10876971363640389,3.1806631084884707,2.1684973787858146
1090,1.150636365160999,2.297529031556906,1.0775472079688164,0.10593989722025786,3.1864769280796206,2.173892154429272
1091,1.15252212547457,2.2984061513970966,1.07469410845023,0.1023372011088328,3.192966683832708,2.179895350095192
1092,1.1543992106290946,2.2998166480042794,1.071098582604253,0.0971993662391044,3.2001688257919048,2.186815263510834
1093,1.1571660082152684,2.303141853556913,1.0671770860886858,0.09137726826411119,3.207410572547078,2.1946412543640643
1094,1.159332179014667,2.304881892239836,1.06265632194191,0.08470144686298879,3.21516748629942,2.203038943103701
1095,1.1613099790220407,2.3064988940652027,1.0584371974136015,0.07862187009073665,3.2232495560986356,2.2114779065266577
1096,1.162624234022758,2.3078320329822875,1.055461524363476,0.07401407700258282,3.231034071753115,2.2200447418599367
1097,1.1638264843087742,2.3087049774674298,1.052851964380074,0.0697764478364082,3.2380817656002514,2.2281504724498973
1098,1.1641742922661125,2.3080207148445377,1.0502394846576228,0.06610149758433037,3.24506813224864,2.2354807475116902
1099,1.1646801314541568,2.3078190417640303,1.0476863275040362,0.062306904230767735,3.251146997920363,2.2426852172750946
1100,1.1659726645275088,2.308588332759254,1.044908276459977,0.058056469804533356,3.256682433037605,2.249879427882304
1101,1.1666036610324553,2.3082058907630727,1.0412516915612815,0.05326147544078529,3.2625157265937252,2.257243832590819
1102,1.1668238163267293,2.3078141561309704,1.0369519490423682,0.048213536971951396,3.2700451030393367,2.2651748783146517
1103,1.1667529840633188,2.3071920092106706,1.0322690601453728,0.04231458045802224,3.27954031021785,2.2750412108353797
1104,1.1670112827295247,2.308270558269013,1.0271396830269133,0.036180218549230994,3.2918175806716676,2.2865168404175207
1105,1.1679650844177425,2.3107752722176746,1.0204338526994028,0.028281638565418918,3.307381775342475,2.300822154912549
1106,1.1699108420753173,2.3137695511261622,1.0125927594768078,0.018546670837017484,3.326446959729674,2.3181247502108198
1107,1.1749518402021628,2.3198581670138827,1.0028923124740874,0.006370831247087436,3.3489723890407066,2.338191194414936
1108,1.1837265862093507,2.328794400485314,0.9906559392670633,0.009920763963293605,3.376027056954737,2.362698731722392
1109,1.1950670487902157,2.338791774085168,0.9764173311645915,0.02953986861914129,3.4086387803356146,2.391660906515458
1110,1.2093736584827948,2.3524563451272176,0.9600904479281972,0.05205172934086437,3.442978888276757,2.423447142280592
1111,1.2250368886326704,2.367711872113948,0.9426237957156506,0.07575916246351895,3.4801096099193223,2.4577989518560055
1112,1.2413026098075215,2.38205203399391,0.9241552779415325,0.10124762858575717,3.5194354959158596,2.494693949164166
1113,1.2574904368210766,2.3952485802278463,0.9048627633421683,0.12859571041164514,3.559302035004021,2.533672647415174
1114,1.2769496969587022,2.409958843728757,0.884209906338172,0.15752791439799163,3.600748410099994,2.573526471665517
1115,1.3011173129427498,2.429287559064929,0.8619432533079847,0.18971153219932532,3.644875891155027,2.6158234364426898
1116,1.326200606233989,2.448438989383727,0.839974257328462,0.2244022689920826,3.6853297578838404,2.658282896933543
1117,1.3565764640975728,2.472837749452188,0.8178495421820277,0.25988979769961296,3.7206159257710762,2.6972230135172564
1118,1.3882487150947918,2.5006018888430654,0.7966958319801123,0.2950133217935856,3.7488718129817014,2.7319396772370355
1119,1.4184737836875998,2.5245098089044142,0.7785652222823388,0.32812847255993566,3.766924899353145,2.759516824168905
1120,1.4447191991804866,2.541225977966621,0.7625412574054491,0.35676658936307215,3.7762173473525533,2.777490728273963
1121,1.4661921245892937,2.555800251435341,0.7508932115341873,0.37894557757841996,3.780153605032374,2.788386911610337
1122,1.47932792584796,2.562969381963913,0.7425706403264655,0.3942792025543866,3.778767847395903,2.794164227342516
1123,1.4778778301083217,2.554006136530455,0.7415501080524899,0.3957914021697426,3.775294613995135,2.794190687881933
1124,1.4733283858494315,2.5422638272415363,0.743222610241276,0.39189801402197233,3.76833652068461,2.7901322498023573
1125,1.4634375431749878,2.527937707143831,0.7474693326166664,0.3835745910971631,3.760183159298302,2.7833267268631166
1126,1.4604202633494232,2.521991954572443,0.7495214143986482,0.37987350017601557,3.7547763305797144,2.7798117384864547
1127,1.459916711956574,2.518980264992199,0.7524510096863468,0.3766604800370721,3.742632810379716,2.7698431558862158
1128,1.4668541887664306,2.5260563284933704,0.7517836431401845,0.37883108931046505,3.7346115312506596,2.762080241605175
1129,1.4706840005097281,2.528718633264593,0.750997975832929,0.3802006733161095,3.7267447716184914,2.7558923630706236
1130,1.468985520757323,2.5223714670508754,0.7523348833524585,0.37736793832182564,3.717812230801398,2.7477588515948326
1131,1.4594091709006678,2.50936285668818,0.7591826872095522,0.36404767707093927,3.7089891026214405,2.73631864263168
1132,1.4385673371541097,2.4858692487315426,0.7705361220154832,0.3429628200722952,3.693783709369998,2.7216529282037873
1133,1.4140750366810015,2.4589340107465167,0.7830700791015363,0.3201531974525319,3.6780547616087174,2.706618649412391
1134,1.3858702450574851,2.4292715773487448,0.7990571158399604,0.29054331510707815,3.6624651189444797,2.688119809698361
1135,1.358691982856381,2.4020961814043305,0.8078056202993045,0.2695223116776952,3.649002505936015,2.6744420946052485
1136,1.3379873146109373,2.3812105949292515,0.8133846527837116,0.25562346381379375,3.646406070016978,2.6684865739759704
1137,1.31854551409134,2.3624564945794826,0.8189254438219951,0.2431258181579428,3.6448123224832885,2.6623341776284337
1138,1.3081855107319682,2.3510865362822844,0.8202953476512591,0.2387219534634954,3.6485819372820063,2.6633288855680157
1139,1.2994902913002933,2.3425759148313023,0.8205635090716338,0.2381110481173345,3.6539505495279303,2.6669946163104923
1140,1.2977752866852188,2.3368541886783323,0.8179277624198472,0.24134040175581709,3.6648866797219912,2.6755862918753985
1141,1.299635088734788,2.3297201892353008,0.8127228591850281,0.24781986038387321,3.682947483174048,2.6888930620061413
1142,1.3013652641070905,2.324819796285597,0.8064249713516374,0.25434818567900647,3.7025254925674482,2.7046182996983794
1143,1.297995187960804,2.312866411578053,0.8027680092510582,0.256017872406209,3.716907161601314,2.7166424542346075
1144,1.2874321170005085,2.294528798773402,0.8076387694600957,0.2476046164321561,3.7195144491525407,2.7159068735445313
1145,1.2711361387932232,2.2731509166383854,0.8195888064897416,0.22972961610205944,3.701609381770834,2.6983979451080424
1146,1.2489681137968323,2.245150279229252,0.8353058816887688,0.20466312628327374,3.6635862737555756,2.66707350907517
1147,1.2278459503970738,2.218960569341848,0.8548173467069785,0.17663726485224387,3.6213907780232484,2.629968954972913
1148,1.204746103673261,2.1922907765996493,0.8746013925609493,0.1478654085741344,3.5754592285620608,2.590329920696328
1149,1.1813007932286232,2.1665889172220396,0.8924873352592884,0.12048607777566542,3.5378063091454273,2.5578948725418083
1150,1.1540407582682592,2.138248312040948,0.9099381340163681,0.0942401744045292,3.505104599342204,2.5292793186052966
1151,1.127592998141311,2.110687699425259,0.926938741707232,0.06793545510540264,3.475038896329383,2.5013994237079915
1152,1.1102636077811352,2.091538237713649,0.9371960941068374,0.05048894844041955,3.4551498164337486,2.4819963400580733
1153,1.0941978066091038,2.0748093904851768,0.948020823411255,0.033317371675836656,3.4344307339899562,2.4609459137007863
1154,1.0847605393353215,2.064573217601975,0.9558133466731167,0.021262334172201823,3.419158415515525,2.444184069260224
1155,1.076440114155655,2.055993340734775,0.9631196525692616,0.00942283330759608,3.4042533576669105,2.427207476849563
1156,1.0686659059575503,2.04848809481426,0.9705483758717336,0.0019952157494485382,3.3914011585563246,2.4117935037675755
1157,1.0615069049733319,2.041862511155025,0.9765918296016654,0.01279263405026752,3.3833310870240054,2.4001394450744633
1158,1.0550445377484183,2.0363765326306256,0.9816022052579638,0.02330266249152609,3.377251437888008,2.3898270569531848
1159,1.0488100674390206,2.0308652223666117,0.986153247818261,0.03279352767477476,3.3726090713474552,2.3810145979628468
1160,1.0440419589382979,2.0260891415908473,0.9896068464516088,0.04008702143295982,3.36925034185149,2.3747364954147003
1161,1.041792332360701,2.0241053641396785,0.9903146472482847,0.043452265265167024,3.3663202960575225,2.3694327154849866
1162,1.0411028643836762,2.0232660189157974,0.9894788197078674,0.043850895491373956,3.3636625839317293,2.3648338608066495
1163,1.041077134741949,2.022788964743446,0.9888675413973641,0.04395357958640628,3.3633382043300335,2.362355633418995
1164,1.0411943043958394,2.023262585486192,0.988017250584106,0.04401366697149365,3.36501122583119,2.361237556097891
1165,1.0403147236113854,2.0228711676585895,0.9877625434219712,0.04464502558048015,3.3685176743145617,2.3617589114224895
1166,1.038909033044225,2.0219102089462124,0.988471977092201,0.04663743685891126,3.371708799559718,2.362247556811627
1167,1.0377123886617063,2.0210211897734673,0.9903656079291954,0.05055530618024095,3.3724322550440156,2.361183383495521
1168,1.0348864066280457,2.018300707534616,0.9924955476924685,0.05421460364934994,3.3703640325967426,2.357898002933297
1169,1.031336713737723,2.0144934555757628,0.9947496688633236,0.05831709708322945,3.365478699197252,2.3522500611520396
1170,1.0285704568298588,2.0117575620507453,0.9968071601910442,0.06187286450790634,3.3597774700492242,2.346588050552005
1171,1.0254748678287644,2.0086372909516474,0.9982713711465339,0.06390260568891219,3.355992258905097,2.3429670110469845
1172,1.0232391591158998,2.0065483730761486,0.9989946864998389,0.06577258200565483,3.354626648770013,2.3413782072283382
1173,1.0218632637714864,2.0059195807501693,0.999070570623773,0.06700046770197988,3.355410366820402,2.342011143807021
1174,1.0204906907260032,2.004710942199734,0.999347122494469,0.06842179339178658,3.3564185085891154,2.3429400959390123
1175,1.0175686954364613,2.001439587656698,1.0006211988682894,0.07127555264630822,3.3567194407244614,2.3428213642733575
1176,1.012902638556952,1.9958166818379406,1.0040680046675738,0.07652508940814903,3.352764454479717,2.3397070758436014
1177,1.0068724178377753,1.9885206356201643,1.008870711230275,0.08308611385072,3.346482130350943,2.3351405065123876
1178,1.00111767521143,1.9813510111902661,1.013272932092341,0.08899718483875467,3.3397538798559507,2.329630410292238
1179,0.9961296348568259,1.9752432748022766,1.0167379789275577,0.09374186029035997,3.333921053369352,2.3250009938183123
1180,0.991834606952069,1.969943968130263,1.018962212498619,0.09691616580011914,3.32964847988517,2.3217937538682545
1181,0.9886598286776509,1.966107368694847,1.0208685601339569,0.09972090871370878,3.325641657159916,2.318886368965911
1182,0.9846960343010214,1.961927404459791,1.0234071834970881,0.10302095499337423,3.320416051324715,2.3147529835764917
1183,0.9796438908444643,1.9565707476689325,1.0279615749448936,0.10905840294477265,3.3106449595579366,2.3071426914708306
1184,0.9726473146608923,1.9494841109417627,1.0353154311945654,0.11872965452628599,3.2956767450625684,2.2953854579584707
1185,0.9644855217533327,1.941482595752518,1.043262337879545,0.12882398646005902,3.2801248683265882,2.282932659820122
1186,0.9562836211839528,1.9337852193181435,1.051198780371108,0.1391421776678884,3.2650921453982895,2.2708918472709274
1187,0.948237984530714,1.9254961907853465,1.0574492535825497,0.14790379035117066,3.2549286825788393,2.2623113733919546
1188,0.9400921544740573,1.916738611188668,1.0619468033256614,0.15482922714305802,3.2494998869211047,2.2572802825325766
1189,0.9332246352433903,1.9094901173452739,1.0655344423262394,0.16069726322140623,3.2458494248771754,2.2535343904093743
1190,0.9268836710450372,1.9029761294405332,1.0685880961179393,0.16579785530730662,3.242980848976175,2.2504421627880795
1191,0.9211538866738213,1.8970149401487104,1.0713222121068025,0.1704417092586179,3.2379856122227406,2.24549200432653
1192,0.9151010642601038,1.891624725259323,1.0747179058277916,0.1753121274859663,3.230777083854206,2.2390118129888417
1193,0.9093050462045662,1.8862435651238396,1.0788608409592608,0.18030381163166412,3.223299240599348,2.2326960807016385
1194,0.9042125961388272,1.8814207648519883,1.0823939805464011,0.18491237491438778,3.217764489062171,2.228015375915503
1195,0.8992564257529897,1.8759664665759361,1.0859246499195097,0.1896314539316549,3.2142528404662785,2.224883994593447
1196,0.8954513149183296,1.871715632529267,1.0890687471077014,0.19419958629413045,3.211855853788747,2.2231152541820673
1197,0.8926495447592131,1.8689430667682898,1.0916134433472602,0.19792721293265425,3.211415745775332,2.2228815053649003
1198,0.8900913385032352,1.8658764641543408,1.0940278100820064,0.2013415439266203,3.2087378276132936,2.221134626634286
1199,0.8876412702376852,1.8626368935130666,1.0959549865798826,0.20406813486612385,3.2043820909658827,2.2182636799104087
1200,0.8857690093730954,1.8609347366673061,1.0976561241378324,0.20595978422909256,3.1993550716919543,2.214483150544142
1201,0.8843558166791564,1.8598416365651596,1.0997198803458812,0.2082809759276751,3.1931727116335216,2.209498528045138
1202,0.8824880241352739,1.8584872291685075,1.1012136858683432,0.21025334851486396,3.1874054687139357,2.205007162489904
1203,0.8807998034658788,1.858092606762341,1.1019236485445765,0.21164313361691,3.182495520908191,2.2011660893390466
1204,0.8794584314171634,1.8573879373699331,1.1030945843400235,0.2137179929787908,3.1782840892034248,2.197832897952742
1205,0.8790791753414926,1.8575900266628305,1.1034090081781425,0.2146142440101766,3.1757036416458906,2.196293582830355
1206,0.880215935757935,1.858890338424906,1.1028578103523092,0.21371467806765895,3.1748044038279817,2.196157920954384
1207,0.8822344076128268,1.860476317332289,1.1020617522868015,0.21188953190242904,3.1756145023692945,2.1977947981418193
1208,0.8841074467769006,1.8622684811711412,1.1013100011432768,0.2102028095499427,3.177543912924741,2.1993469064266233
1209,0.8856412865269621,1.8642174013189812,1.1007616334657795,0.20921458723686093,3.179102685789943,2.2003346656794203
1210,0.8856247529545839,1.864302462130834,1.1009252880308817,0.20996142918091018,3.1781497300208685,2.1993686892019815
1211,0.8845218992794109,1.8631398600526563,1.1023036946208558,0.2125234101633328,3.175103670398242,2.1964801406884193
1212,0.8836894361393819,1.8628336075300846,1.1041010627499086,0.21614876649063477,3.1713973190153477,2.1929187265000474
1213,0.8821727669372342,1.8611117609159857,1.1057226907890176,0.21895057653651098,3.16772650731163,2.189601109266597
1214,0.8813376135067995,1.8593461019126984,1.1064941105542092,0.22013976030467283,3.164722089457246,2.187277822717946
1215,0.8814567316954338,1.8591338452370882,1.1069870323710203,0.2209769003933861,3.1634044079950803,2.1861585831587442
1216,0.8822687327206166,1.8595878721564372,1.1072077529400493,0.2212286143528806,3.1628942305588423,2.1856989105546067
1217,0.8837526492048166,1.8612963700140746,1.1068064993096582,0.22084481935340083,3.1628036082399245,2.185361867497859
1218,0.8855152125651697,1.8639460063577578,1.1063958267973644,0.22071331958766374,3.162634480080838,2.1846775717221996
1219,0.8871575077619716,1.8660335212519676,1.1062991872721797,0.22074680285231682,3.162019684512383,2.1833940291205085
1220,0.8878032444357257,1.8671647445811168,1.1063160327836774,0.22072510168584442,3.1610890480743787,2.181570442870184
1221,0.8867094527110496,1.8664124459588518,1.10785593855813,0.2228212282564972,3.1572638494907594,2.17744101437996
1222,0.8845801994210853,1.864507071155902,1.1108294731899098,0.22647571404685393,3.1519151956326574,2.172010968169535
1223,0.8821137968388784,1.8617083512507804,1.1132437812264109,0.23005719062668895,3.145937973295844,2.1662545285534187
1224,0.8799347863654242,1.8589111271772734,1.1146969552170454,0.2323153023919019,3.141097666725879,2.161923615831738
1225,0.87999566080659,1.8593537755239857,1.1154697806534668,0.23333293138831893,3.1383857175293053,2.159460308915921
1226,0.8818442539735997,1.8614483343845303,1.114945064906139,0.2328959241362428,3.137837235080761,2.158768530655733
1227,0.8841169418387065,1.8636808166935235,1.1134093733368322,0.23119723801912118,3.139486480734751,2.1602045795665057
1228,0.886624062280034,1.8668860192177412,1.1126287643612693,0.23027578300038537,3.1403995534478817,2.16076242739383
1229,0.8889817251697105,1.8708092362428468,1.112651379865451,0.23056647716374543,3.140617404609822,2.1601839029741465
1230,0.8894261533922404,1.8720077794867958,1.112928364044208,0.23072476239164186,3.1405947682196205,2.159775724065893
1231,0.8892787419957958,1.8728205930096167,1.113504087199214,0.23048980229060534,3.1399295307449897,2.159240455034756
1232,0.8898686102868816,1.8738791925734333,1.1136330751808632,0.23040044053989017,3.1396851287918994,2.1587872111937254
1233,0.8907199678216253,1.8742190313719813,1.113435076122646,0.22991665751224033,3.139383289043534,2.158528427237051
1234,0.8917967732272459,1.8759169775987956,1.113097680807029,0.22936761529128183,3.1389584142712432,2.1581179435160833
1235,0.8931372225390238,1.878278581463199,1.1127421288676687,0.22957676767760102,3.1389556129920906,2.157384916833536
1236,0.893139404104475,1.8790951864252246,1.1130293786941112,0.23019702738854644,3.138301121569284,2.1564904144947192
1237,0.8921462191173877,1.8796329664306677,1.11352452459008,0.23083568632913895,3.1378349557140104,2.1557983016854982
1238,0.8912429023621838,1.879601176959883,1.1138589166385113,0.23149855240562112,3.1377527843168704,2.155299615016529
1239,0.8910051277190252,1.8793146554491307,1.1135221326451898,0.23120738074984118,3.138483605756247,2.1558240503110992
1240,0.8923378399215907,1.8808903905288605,1.1121708151919756,0.22953162132802502,3.1398096506853235,2.1573483867671044
1241,0.894841078929965,1.8838092328034204,1.1103497648503633,0.22711759124272715,3.1412966789458356,2.1591148453254108
1242,0.8971303122269291,1.8860411037036593,1.1085563823505789,0.22486510648243507,3.1432137049219504,2.161173008692715
1243,0.8984572980546461,1.887838000062959,1.1075614728386651,0.22347864873512038,3.144688764552447,2.162920782183803
1244,0.8987705434393632,1.8891931160970976,1.1079771759967996,0.2236704496976178,3.1453786464562703,2.1638506642172946
1245,0.8975076559442733,1.8889345876363084,1.1086864345270535,0.22427923266307245,3.1463871437361934,2.164883079359272
1246,0.8957777277636358,1.8877322670029597,1.1086840887856098,0.22448804053323473,3.1488019429542216,2.166852910675825
1247,0.8963758884317604,1.8893714888305606,1.1081523410524268,0.22366859119962884,3.1511500974781463,2.169019866329655
1248,0.899331941612127,1.893617372824454,1.1059336122947199,0.22069361748963648,3.1547759384876812,2.1723659083907623
1249,0.9025383209550181,1.897017610441115,1.103454733487428,0.21793887221331792,3.1585984245168452,2.1760520689285587
1250,0.9062396942166441,1.9009456847899193,1.1015368239583994,0.2157258342215575,3.161840969504753,2.1798105304030146
1251,0.9082463810515297,1.9031819948625068,1.099914513293939,0.21374593686575843,3.1655043187330762,2.1837729940210884
1252,0.9079610292579491,1.9025715424929155,1.099235758003089,0.21295732975696194,3.1690219951342895,2.1879449318457223
1253,0.9072388988671104,1.9022534276951633,1.0989884854438485,0.2122041088844205,3.173029819392414,2.1924247989622754
1254,0.9074592959804872,1.9036064628080627,1.0977975346185032,0.20972760542976085,3.1786681679773707,2.1979625991459346
1255,0.9086070561374988,1.9054974259766115,1.0957607063829156,0.20651339596665605,3.1851229518987845,2.2045089494154233
1256,0.9111334432826941,1.9087498724317224,1.092826060851211,0.2024214321472979,3.192774009581964,2.212191671633229
1257,0.9140373338105328,1.9116007367052816,1.0890110456830198,0.19723860813788838,3.2007797299939384,2.2201889817017273
1258,0.9165158647311792,1.914094357653093,1.0855328559092472,0.19269231862906425,3.207189229479783,2.227186708209718
1259,0.9180099892349212,1.9152905315059336,1.0833617810167981,0.1897635361936171,3.2112747608521772,2.232641299349539
1260,0.9185266781794034,1.9154112180303355,1.082260665188676,0.1881890012965221,3.213060703483271,2.2361611769720713
1261,0.919213750365063,1.915862442121417,1.08158319909807,0.18695983680373687,3.2136455171807623,2.2385711571699978
1262,0.9202290717087439,1.9157860374672844,1.0810394047049359,0.18570117548050952,3.213945618017069,2.240969852030935
1263,0.9224060129437447,1.9165422118987485,1.0802923566977232,0.1839117752930528,3.214651582668431,2.2438494280316226
1264,0.9260464342734218,1.9187972632652697,1.0789069890954714,0.1811204435124971,3.215384444505683,2.246275982657817
1265,0.9290297096404692,1.9200357905699317,1.07781917499018,0.17858631907243525,3.2154214380482067,2.2479078812528934
1266,0.9320638107540261,1.921714967301198,1.0771599503163312,0.17691896120098372,3.213634738561346,2.247764788753859
1267,0.934201861696142,1.9230746518630473,1.0775468259275633,0.17674387674890998,3.2098852216851816,2.2456374897270672
1268,0.9348424371618484,1.9226442722614845,1.0780648977882,0.17743726720783493,3.2048796161812034,2.2420083245088387
1269,0.9351313518329716,1.9212168956306694,1.0781681992273804,0.17823599315648392,3.199962862989567,2.2386034320002444
1270,0.9346246446065043,1.9198357908724444,1.0788555483105644,0.17980066526688354,3.195179783437447,2.2345920105096866
1271,0.9340532133786696,1.918652721157749,1.0790989257666002,0.1814402061296424,3.1904928288426277,2.23018907469287
1272,0.9336337489709696,1.9175327058217573,1.0793086141897519,0.18253613065004323,3.187415756070036,2.2269289555286944
1273,0.9345122694397193,1.9184582663224972,1.0793455055571832,0.18304026720829233,3.1839123657725956,2.22278602900821
1274,0.9352867750475536,1.9183683271248029,1.0791626568995785,0.18327437101398014,3.181858695759534,2.2199568100122415
1275,0.936175947366894,1.9176957790075675,1.0787188800834844,0.18300330449764743,3.1806772931197473,2.217929314020477
1276,0.9374998546203953,1.9175421343563792,1.0780258868458956,0.18225445675952104,3.1805086283694557,2.216478389082743
1277,0.9388202979211542,1.9182228499731553,1.0775692550324445,0.1821204217155013,3.180439592629693,2.2152578715692712
1278,0.9392046593596114,1.9181799440077711,1.0777326921298942,0.18292269568348746,3.181498965126686,2.215240798008087
1279,0.9397156318995183,1.91910666151255,1.0775188202481527,0.18338158726662185,3.1829722111833223,2.2152453506619723
1280,0.9411572944540942,1.9218252767334885,1.0770022116778886,0.18362641495195173,3.1840885784282436,2.2145180861903238
1281,0.9416903401989181,1.9224242221191687,1.0763140081718305,0.18348900865099385,3.185543476668053,2.2149644552314065
1282,0.9422199968187384,1.9224158705491015,1.0750923282713416,0.18268324007494166,3.187150594801329,2.215867842116334
1283,0.9434566584978037,1.9225167496251419,1.0734759461785162,0.18116795289475987,3.1884840836136825,2.2167585521227875
1284,0.9451027125627616,1.9225387675201702,1.0715714148653488,0.179036057760781,3.1907755996812712,2.2192062417646596
1285,0.9468771584828611,1.923277533500798,1.0691387948066913,0.17629703719686501,3.193522439005522,2.222020747672195
1286,0.9491327090466365,1.9249560475227787,1.0660849885708659,0.1729125739873938,3.197310796490912,2.225724709957935
1287,0.9511052123899695,1.9262995373996066,1.0631099443449432,0.16928171818749677,3.202191317378846,2.2305068989388057
1288,0.9524760894869799,1.9267999276285468,1.0593284133626808,0.1644602299475463,3.2072458000268353,2.235812269171881
1289,0.9544002985832613,1.9275834077623102,1.055986352346987,0.16052687358586923,3.2140843345943453,2.2419281977389556
1290,0.956210807935838,1.9276136249304308,1.0533165670466313,0.1572274342631213,3.2225911744919324,2.2486928590245205
1291,0.9578674529187848,1.9278369825149333,1.0500570371711637,0.1535491858294494,3.2304311054372348,2.2551466720414948
1292,0.9584619827831633,1.927616077021787,1.0479066723459336,0.15181885826890684,3.2372383957523048,2.2603785054026164
1293,0.9585176986594576,1.927432358761184,1.0458943707983448,0.149709345613304,3.243194838985427,2.2653575158603543
1294,0.9580932999788861,1.9273117011562375,1.0440723396809979,0.1475774152699178,3.2480883917001475,2.269876191768111
1295,0.9576363943361366,1.9276783009041503,1.0417682623713218,0.1447062440390045,3.251788955079968,2.27403390633025
1296,0.9585944447683846,1.9286729409094416,1.0390455276153028,0.14102448806970322,3.257390097304455,2.279295509920716
1297,0.9611672260131503,1.9307181769565935,1.0353896377516227,0.13583299064285606,3.2649076016267764,2.286328942907268
1298,0.9646840935867931,1.9334769737930106,1.0311509662642993,0.1300638218253638,3.2726725523694298,2.293801924751999
1299,0.9679758261840892,1.9352321722642307,1.0270108572463539,0.12455621756369499,3.280105351944301,2.3009149627403405
1300,0.9698235982385585,1.9363245143397394,1.023502671200215,0.12023365265123452,3.287661277856657,2.3080705648525015
1301,0.9701502994128733,1.9366055321862574,1.0209390577523498,0.11735280529729715,3.2947624400273945,2.314986875510494
1302,0.9703998596801188,1.9362450208947852,1.0178861589277002,0.11413847151425395,3.301928038737535,2.3220084007698767
1303,0.9709768727899175,1.9361727345400257,1.0141933502191016,0.11026829143521363,3.3095897438145876,2.329371425122467
1304,0.9731258288029441,1.937611565018442,1.0100220623815641,0.10537754162117872,3.318161564044774,2.337438794981829
1305,0.9766828542960446,1.9402384590904256,1.005472445312037,0.09975893637584152,3.3269817806004185,2.3456907757317857
1306,0.9807434494902757,1.9431231457686373,1.0002845324651068,0.09292497028216763,3.3359559295663126,2.3546533868067563
1307,0.9849527728572268,1.946488949041569,0.9948036039099954,0.0852178077912428,3.345552189807519,2.364454779132493
1308,0.989073465071722,1.949040775038828,0.9893088627967435,0.07762792274558024,3.356546550008114,2.375376698508206
1309,0.9927453976241881,1.9501129691525814,0.9832346844785879,0.06955125424824231,3.3682123071390087,2.387420353985333
1310,0.9968351069109038,1.9522217114537233,0.9774608809037088,0.06150701178580165,3.380185465630653,2.3995778217551917
1311,0.9995065723729124,1.9529802502297606,0.9736130805706668,0.056208475917046925,3.391611660586986,2.4100674081690636
1312,1.000669541236345,1.9527569804069627,0.9707319906190492,0.05213352567614779,3.399366293251541,2.4175593468652345
1313,1.0003151045965928,1.9514209369367586,0.9690858612123213,0.04961161268184713,3.404025748612324,2.422578599918572
1314,0.9989236024945513,1.9497316553257773,0.9685087381854928,0.04778276673571098,3.4055352518808832,2.4253373634751076
1315,0.9979135684330427,1.947343322318083,0.9668661844903668,0.04583876750960172,3.4091607419976766,2.4297873568764454
1316,0.9972564392376595,1.9445686662281219,0.9640827296106987,0.043008416918969346,3.4137807554882893,2.435549834974973
1317,0.9958955468537305,1.9419119538738432,0.9619913892147146,0.040571892841418315,3.4187276338235746,2.4414057993056066
1318,0.9932797423419955,1.938300958588368,0.9604668974741214,0.03939705716256996,3.424674568340666,2.4473508650763742
1319,0.9883709272067047,1.9328857349164126,0.9598626220335731,0.03955845820086866,3.4299581133442474,2.452012617319195
1320,0.9804714030342307,1.925706973796855,0.9614814355728071,0.04223887025250592,3.432956207502849,2.4540699444057745
1321,0.9728587396345769,1.9182526804677171,0.9621848399410408,0.04442521938037625,3.437891975613429,2.4575618663582772
1322,0.9661939735143552,1.910746083515508,0.9619558330465375,0.0466309690943187,3.442855742897804,2.461277651744767
1323,0.9636664982386803,1.9071983214205432,0.9593534423251507,0.04404521923946352,3.4525100283800536,2.470901443439198
1324,0.9634691816775902,1.9053626071509497,0.9551617386074233,0.03832933099398694,3.4638252924840156,2.483324902607804
1325,0.9676807376248293,1.9078927494884816,0.9484123881748996,0.029176242456954455,3.4800469053139564,2.500354193006145
1326,0.9737423190916381,1.9128291922236587,0.9400722473707142,0.016463682260199487,3.501673068572147,2.5218859501163187
1327,0.9805389097760292,1.917789885853987,0.9316634046641614,0.004322666329091556,3.5208346256480763,2.5406828335534155
1328,0.9868155919451087,1.9220527123329525,0.923698047756323,0.006409499738236524,3.5406607010273166,2.558263720491148
1329,0.9903275272102,1.9233574312324109,0.9183448522456694,0.014394248310925612,3.5512076709788074,2.5692996887396307
1330,0.9914308998846327,1.921094068850026,0.916027152949564,0.01934716227034004,3.5504623747414352,2.5732559560998984
1331,0.9899552581320286,1.916299882694926,0.9149626467671156,0.021008773463290515,3.5469799854746737,2.573980903577641
1332,0.9850371181355138,1.908412669125442,0.9160652786393695,0.01907050945077195,3.539499359967836,2.571260586434879
1333,0.9753931022804285,1.8968421555115418,0.9203387242559319,0.012749545760287492,3.5274288367745363,2.564462125139083
1334,0.9629488032769266,1.8834958342347712,0.9253750464304205,0.004915884029923192,3.5197308435912404,2.5597296121268895
1335,0.9489181959704684,1.8695090288137721,0.9301743690506202,0.005052468257586362,3.517768443575747,2.557414665873199
1336,0.9325059959139779,1.8538974819037128,0.9362185287105111,0.013873799731065981,3.517096693967548,2.555914655247371
1337,0.9168829636075512,1.8393602506341131,0.9416766617324757,0.021170809938517332,3.5167825310781993,2.5561290920495723
1338,0.9019416092733316,1.8257498873138316,0.9449656496149487,0.02692520338161756,3.5252757307529827,2.5615086140267107
1339,0.8882262583762798,1.8131553124353712,0.9462225868869976,0.029661814987538285,3.5413648250347185,2.571483964520151
1340,0.8777390739019583,1.8044692305119332,0.9443443727371482,0.029558522259935934,3.563766458410197,2.5879318311017054
1341,0.8657448818237731,1.7957992388392685,0.9424275415722938,0.0301739025041005,3.591307968966036,2.606312628352461
1342,0.8589044553060546,1.7907403737042638,0.9383966498835526,0.02678114095103266,3.6256774238718386,2.6313873735898436
1343,0.8510506937235646,1.7839896581131875,0.9347502712599677,0.022299271617248276,3.6603356048836186,2.657242677061783
1344,0.8468157899046604,1.7817113452279996,0.9287103181716185,0.014786144352008748,3.702995257759612,2.6884806486063537
1345,0.8425740297137201,1.7776909899566595,0.9204018845624999,0.0025826992792348773,3.755227064450377,2.724844529227266
1346,0.8393687266188654,1.7777515322616197,0.9092862243425902,0.012596214039278502,3.8046755483017125,2.761055759395238
1347,0.8442393219951957,1.792593766711678,0.8904218072385468,0.03675492790018947,3.8756043461594323,2.8134458728179492
1348,0.8472347958378205,1.8029118097947656,0.8714808529041848,0.0629947059285245,3.9457680406273625,2.8645030335971335
1349,0.8627368677861689,1.8271057857211335,0.8486405120068053,0.09863448165405905,4.032620928710349,2.9308949330953777
1350,0.8760832546288789,1.8483819000213801,0.8337218165359025,0.1249386546770754,4.1252054443365305,2.9926844029613138
1351,0.9135339252376344,1.8841971524456513,0.8093944920409915,0.16833058717272742,4.20868153379701,3.0439663520206723
1352,0.9243622048191623,1.8905045391207558,0.8019228451551859,0.19380411073430512,4.246325445625732,3.0479686656208544
1353,0.9131868129317918,1.870989511600443,0.7999835694061234,0.21292056120361746,4.199374521610682,2.980442417645477
1354,0.9257015550770612,1.8616356901379025,0.7749285498812492,0.24129900247042665,4.093546621202054,2.8849806720189393
1355,0.8634281884543193,1.7844136562102393,0.7844972381732555,0.2351266762150074,3.8211798389912457,2.6611449151965276
1356,0.7843563009873276,1.696721161600531,0.8044877407204859,0.20788363007838262,3.5931689414533388,2.515788924111438
1357,0.6641455632965648,1.5220834038532305,0.8476501628096321,0.14457276337782562,3.2553347744372045,2.2698538345772326
1358,0.7539120497003466,1.6223204136541638,0.8364542761291808,0.12523714975998115,2.943994320128884,2.0450710236165643
1359,0.6470928222017059,1.346838786281222,0.8204639591543739,0.036536674814937754,2.2616815039824294,1.560313372131876
1360,0.6324257254229844,1.1290296282517118,0.7627910319915987,0.02463699542510885,1.7574080794524587,1.2325621751262632
1361,0.5851711439304654,0.9335154793490152,0.6741763898102135,0.04234419840307057,1.204221011153694,0.8397353500190308
1362,0.5877249644475955,0.8606078867671431,0.698565873666848,0.08410522315146653,1.294741139475598,0.9759674065747214
1363,0.5273224467188221,0.7562605865795271,0.6734532992490158,0.13885043787344875,1.1617551849401637,0.9013042443350335
1364,0.5081040488049005,0.761663058066825,0.6839347964876422,0.20749891618348043,1.8311525015108623,1.4390060194901135
1365,0.5076104656357967,0.7724066964536825,0.6837013897248326,0.21836750084542159,1.6292775678800844,1.2777512032713336
1366,0.4369768376155305,0.7720624582516084,0.6829354001269266,0.13212740770870812,1.0847342994027656,0.7590902761597742
1367,0.4327286590006949,0.7964731807644454,0.7300293130019794,0.16945250769454517,0.9972973563865318,0.6813938192180293
1368,0.6116959679383223,0.9934747941731616,0.7884781761012315,0.23799338127523997,1.0163055973130073,0.7362343037540391
1369,0.6155182574758671,0.9936167123377879,0.824571426965178,0.26693099158793426,0.931061195426284,0.6587648853858261
1370,0.4651452998893879,0.7908845424533496,0.9179127123048832,0.42645494331808104,1.0062453322976017,0.6996698044085808
1371,0.3783997867963435,0.6622952999983931,0.9192594654611208,0.43953948121601516,1.0551164510585263,0.7496718065558724
1372,0.41723598716324095,0.7568991244428539,0.9492291973271979,0.3297281674535666,1.225054345991968,0.8669632825470356
1373,0.39125374569399796,0.7393404020330085,0.8746507373218237,0.22405111919231335,1.285732839421059,0.9077244776629197
1374,0.4168781440196912,0.7824901778168529,0.7995789840431462,0.1402173266558245,1.3689450207557519,0.9593385631786403
1375,0.3741742606180113,0.6921609805099288,0.6707235041701306,0.011055837844260105,1.3376215640817464,0.981248287562066
1376,0.3510224338181192,0.7012928701249403,0.6640387587701669,0.05386213504953256,1.4032857981407962,1.0319616153530935
1377,0.2759827255619514,0.7070995050968947,0.6969857249787778,0.10055762052388113,1.3030837641502557,0.921412728403883
1378,0.2898876667806798,0.7576612915701684,0.7226277335200919,0.07907894697792026,1.3629355807523473,0.9794056483782981
1379,0.30694060677504886,0.7530398359773535,0.7239187067980359,0.02542822253958869,1.4354466234342125,1.1273899438222406
1380,0.3088874907598764,0.7476537739233332,0.726809108986693,0.03127921362229412,1.4657083775587045,1.1684579427550401
1381,0.3911203094755599,0.7855341069396806,0.7167141337248314,0.004503304890038055,1.4124062347637139,1.127351901508236
1382,0.32686483660559984,0.7049132322473404,0.8337426270307612,0.11276629051553233,1.3459665097359519,1.0969639554107862
1383,0.14861870091706075,0.5878691286771468,0.8397389460208505,0.16545800249806908,1.3559625980992247,1.108135761120688
1384,0.03817092615378569,0.4655208920985884,0.9240772746169328,0.2802331092135257,1.2812389316018187,1.044717733020139
1385,0.09668982066659404,0.24945119531612228,1.1954428646889614,0.5889614754505316,1.0139484273836827,0.871751688864226
1386,0.16340379788382464,0.1619086881667586,1.219716926824013,0.6425210492667646,0.9819554433638135,0.8120066260761528
1387,0.17920642302339676,0.08705955664912464,1.153250824443795,0.6099641786624734,0.9777962121773798,0.6889030616640388
1388,0.17225573184024132,0.1086028059450763,1.096814563758937,0.5420259671437245,0.9516879256799813,0.6175615208685105
1389,0.0699963561243457,0.27986322847451767,0.8783075308610991,0.28001004082464104,0.9491731590634541,0.5437700376204352
1390,0.06907168274253538,0.33260014629469514,0.9271011181582014,0.2955110536976859,0.9291167820499614,0.5099113099310404
1391,0.053510287330761123,0.5194280614072736,1.268979862267136,0.5043932594105013,0.9789549858132177,0.6129257489661739
1392,0.11083981598784884,0.5181787922078027,1.4601257079003844,0.6641837661523429,0.9101126519162437,0.5710819234434417
1393,0.3439084147899125,0.29944610133714805,1.6580523373372977,0.8637239865090722,0.9279270912386085,0.5764201726233144
1394,0.49178503485680874,0.1323241501997981,1.9030601568058065,1.1551392369338078,0.9005760638126017,0.532513253282227
1395,0.4973966299498199,0.014049755893332983,2.2953186920922084,1.5996452371442458,0.8180323938533639,0.39213178548178285
1396,0.6012581374156625,0.10014902577909732,2.4956528547504977,1.8770402958906778,0.6742159667906518,0.2477740209993211
1397,0.8286081802368085,0.2625772107312762,2.6619870399570935,2.1682011329348354,0.48582201269029496,0.08763331098879056
1398,1.0127947701321123,0.39070218640015425,2.7465509254529623,2.3277169199952694,0.36233580531851856,0.04722509999282233
1399,1.2159236205261053,0.5649449811233975,2.8091875622691056,2.409222820131362,0.23932505729875034,0.17912478403447749
1400,1.4172233369600327,0.7646188247771649,2.60334587373486,2.1534518867819705,0.0594947431661854,0.3406386679548979
1401,1.41950655929176,0.792489717721066,2.6056973585348766,2.146111507343244,0.03198267819997349,0.37345084604917395
1402,1.2440888926240485,0.6764210072371912,2.564265099874493,2.0465015120435135,0.17510182847544772,0.25366059777365196
1403,1.216759142467866,0.6549823951841982,2.5037426434350016,1.9842061305233787,0.17060603075598987,0.27964620761586284
1404,1.159769252087552,0.5626892325893029,2.4327217708459057,1.9258078944397863,0.20932103835230184,0.24778187508727353
1405,1.2823685457756007,0.6621393178972012,2.4939977310578927,2.0149523340557343,0.2107813754964047,0.2719152020331633
1406,1.4670874110809147,0.8233137151975201,2.6045497721002637,2.1837109272223225,0.19667504988165696,0.3014162428151867
1407,1.6452638864820737,0.998254713072416,2.6782997026808975,2.2889796599803103,0.12601994223184093,0.376334427943817
1408,1.7604645438029127,1.1494219813090727,2.7318943443056103,2.355256646907467,0.06006690068798266,0.4502992182113499
1409,1.8077648716310823,1.2108845905538614,2.7814226687930366,2.4118845806136915,0.0184621313036226,0.4908172937337657
1410,1.7913356236960907,1.2084643315810852,2.7400599992424137,2.340713092970496,0.02698124142912379,0.5265861413927303
1411,1.7007226910334177,1.1186243458859912,2.727378735667838,2.3255068910332777,0.0384455574085184,0.5311770819417921
1412,1.5820770719974806,0.9780478903435995,2.7112112789480634,2.3075678044019696,0.007835400759795495,0.4808280253360247
1413,1.5316611357274392,0.9026280208596497,2.650877587389892,2.228619589174033,0.09493886847363565,0.3995217888403295
1414,1.4559303613200894,0.8010469820013347,2.6018713965576334,2.168888816748709,0.1641393012615941,0.33736813754080275
1415,1.396459155726238,0.7266184128243341,2.5439057411368626,2.0956577103739877,0.25674324140503574,0.2498802782933895
1416,1.3447984823242785,0.6697701313738358,2.475336218110179,2.0002304055210316,0.39766572860449506,0.12101767195561247
1417,1.286873650383857,0.6145963743032674,2.424130301507708,1.9323428416614978,0.4476718935386486,0.06756320003216641
1418,1.2355430250045145,0.5682926470314017,2.391131180513725,1.892072495111694,0.4653416322621211,0.03774947567251614
1419,1.1746807634226932,0.5098277852929526,2.3342685819859925,1.8263554513519775,0.5045957472729368,0.011598778295017575
1420,1.153661883050765,0.48032101680192146,2.240449531086729,1.72452925352045,0.5468574716427891,0.06321069588439414
1421,1.103150467924897,0.42560320373415195,2.179566160750785,1.6530553538756136,0.5953533059018641,0.12060935661550672
1422,1.046146892605932,0.37035723301064516,2.143961085579303,1.6049678187390035,0.6302670889048393,0.1645624154982037
1423,0.9971057458853372,0.3163045837976299,2.1089416370923635,1.564977052072878,0.6651516509023077,0.204413686407568
1424,0.9821590255883402,0.3021545663746372,2.0984059427766866,1.5548865177633762,0.6737832915994573,0.21592920153492418
1425,0.9654564493718699,0.2932278299096788,2.1152125617876627,1.573455835521496,0.6654351548223578,0.20923166538402133
1426,0.9565514009137079,0.2883214260068962,2.1217167451723173,1.5820981949755208,0.6590888208906573,0.2038857399294875
1427,0.9642780289810879,0.2943395615448634,2.1281170509823286,1.59730163312243,0.6553261194364581,0.19832686408995046
1428,0.9533684472946817,0.28039066248539907,2.136618717674045,1.604545499183669,0.6677425785650546,0.21204082796183407
1429,0.9346221720326737,0.262822468652826,2.147143050274608,1.609045796824779,0.6813179179649377,0.22930004896274397
1430,0.9243835896501298,0.24716271688470934,2.1549427012476903,1.617489468956517,0.6859243568350858,0.2353502273722463
1431,0.923924182350232,0.2369626898975006,2.157079069122869,1.6223095294388115,0.6926754607307913,0.24407153992218883
1432,0.9275805796560165,0.24026506981120435,2.1460354264686585,1.6145533170426285,0.678609066208125,0.23318957291071338
1433,0.9286383892192329,0.24034647226964445,2.1310090721653587,1.6025415701545567,0.6456342483817933,0.20334990370452716
1434,0.9260087050763904,0.24258516947930264,2.110070377795762,1.581128270610991,0.6397300355539589,0.2020052837888452
1435,0.9177783945271201,0.25028501950273696,2.0757922055545444,1.5411133156613341,0.6495742284878351,0.21806892693553448
1436,0.9006803054881114,0.2358734616879573,2.053408753638371,1.509385700363446,0.6700087037531705,0.24482737476559538
1437,0.8810601796672256,0.21166869147631875,2.0436186465083703,1.4915464378494867,0.7066290566604484,0.28709615954095963
1438,0.8437564262087983,0.1710259694097734,2.0168813894483844,1.4548230022398252,0.7384940574786417,0.3243275723828671
1439,0.7987385172039908,0.11579858774060729,1.9809173470744716,1.4057612657048686,0.7701472545495448,0.36258200905760235
1440,0.7463382259344886,0.05742038751560759,1.9479675047028921,1.3641900990415703,0.7962368502603827,0.3923312292429396
1441,0.6779869401908456,0.011215946408543087,1.9038813307061004,1.317201058548278,0.8185538526336934,0.4159557261399281
1442,0.6410721840046406,0.0491598537786115,1.8646910463516684,1.2703210662118742,0.8431108733868855,0.4428575360374503
1443,0.6235714059417791,0.06912665420951249,1.83191844792763,1.2259025493777034,0.8691839859174184,0.4708139501768027
1444,0.58798679019738,0.10436713126410105,1.7941766593887303,1.1802731503823098,0.892441564118014,0.4965450658687516
1445,0.5434417372532058,0.1465513949923537,1.7508010367073847,1.124438108047037,0.9169402602545171,0.5243012232614185
1446,0.49239730781259544,0.19708321780684745,1.7083733592143018,1.0724713629053686,0.9434608695933059,0.5548393020589928
1447,0.42874635197689226,0.2589730771019224,1.6696866734366993,1.0312955931538956,0.9634438031403781,0.5793405236690949
1448,0.37826187228589103,0.308345589566663,1.638190231850143,0.9946143887482373,0.9852922947908831,0.6048277233776336
1449,0.35278002252953394,0.33185525848790853,1.6113887217073128,0.9622795161679095,1.0088787281570106,0.6312345770624463
1450,0.33550100735283983,0.3513011894609116,1.601616812229467,0.9497686333043902,1.0261245162795083,0.6508329616160329
1451,0.31740731116148,0.3706011165471382,1.5901784202758202,0.9379250400476586,1.041662868135139,0.6671092234881488
1452,0.29712467459157405,0.3923843463932148,1.581650212910526,0.9300033546108369,1.057507961251081,0.681470432414907
1453,0.28366516163259325,0.4091446584485894,1.5705920816001664,0.9200540844767248,1.076129916099993,0.6978393987326541
1454,0.2667215615059576,0.43213241268770863,1.5605117841233083,0.913826145880469,1.0943555517050847,0.7124929791563903
1455,0.26148278254991686,0.43822873314780986,1.5523985688747657,0.9067361195189004,1.1079187818453675,0.7234702639388217
1456,0.27293454758946023,0.4250199031563365,1.5503768990186748,0.9048329003595268,1.1127388906105513,0.7268632776380899
1457,0.2840180911949742,0.41067141905076365,1.556678547968168,0.9119137963752397,1.1077616341827166,0.7214976498985154
1458,0.3021134662580156,0.3850595060665517,1.570287929783116,0.925589338548769,1.0913771995763255,0.7061004902286051
1459,0.3264813699105495,0.356989176243255,1.5906931890147094,0.9490285448918265,1.0731935241876305,0.6879964075128083
1460,0.35122309947373714,0.33132896503671017,1.6153030684830425,0.9791155878490923,1.0554780095222789,0.6685259390806301
1461,0.3810019279462338,0.3012940151866371,1.646815262409995,1.0166327235583448,1.0374915212116664,0.6484357296576392
1462,0.4157905599358538,0.2678431571779168,1.6812333039303329,1.0588284176666927,1.0207094805921653,0.6281867830143862
1463,0.45259119605812287,0.2318117093025803,1.7134155987779016,1.0989663940521666,1.001087820668832,0.605252598694671
1464,0.4891060796587983,0.19339586111819015,1.7407744626359347,1.132270557095797,0.9800083209797829,0.5811046711209833
1465,0.5256908974832444,0.15432875547380243,1.7629053971326163,1.1600536197426303,0.9592114229719348,0.558923947740703
1466,0.558831833793287,0.11956869292111137,1.7804957942081234,1.1814606759332853,0.946136836735919,0.5453618776001667
1467,0.5831699619079825,0.09289815976410666,1.796616851875363,1.199843686082384,0.9386441274518433,0.5367851307417171
1468,0.6035746282256683,0.07282913807026935,1.817437318466016,1.2200991438084696,0.9396844908606535,0.5363886297561213
1469,0.6026917800663782,0.07511073774277106,1.8327770663468488,1.2341854703733202,0.9545806185446064,0.5491783932088676
1470,0.5801171914958044,0.09843984891626992,1.8354163399118988,1.2366989589127602,0.9706285298613624,0.5633562125933772
1471,0.5543027748210562,0.12719753717406418,1.8201209458084342,1.2167815293075148,0.9957975496527385,0.5885937200378769
1472,0.5201395143992871,0.16493015952565176,1.7888968993986685,1.1796354394927133,1.0228237708670411,0.6182148109080354
1473,0.47931725104220485,0.20929547644527174,1.7447881918644934,1.1305772519571702,1.0537783961677074,0.6517546209271226
1474,0.44848058371886695,0.2434098231721999,1.7030439027474764,1.0857159716233415,1.090161408155298,0.6901535664213403
1475,0.41140629065171397,0.28273431099545454,1.6628783600770165,1.0407523706525608,1.129012736821023,0.7297381546846059
1476,0.3733190152948834,0.32211071019052195,1.62476954341458,0.9984198247800473,1.1701199651666432,0.7698383946021563
1477,0.3347424766110665,0.361287072356447,1.5981643750957508,0.9668537216103622,1.2150508797289157,0.8129152237997073
1478,0.2927068103724089,0.40406504991678077,1.5780777878026193,0.9404707215789289,1.255578315480468,0.8514140605338111
1479,0.24958853353311225,0.44771903651971207,1.5521145183566358,0.9049132482104679,1.2975091054679395,0.8921348538913063
1480,0.20453844665570542,0.4948550633657741,1.5240827910856523,0.8684674770656574,1.3412852672372848,0.9355513783999466
1481,0.1632570065416369,0.5387577863649521,1.4995156875926137,0.8371940856341986,1.3852416159253398,0.9789860253442342
1482,0.12142936476398539,0.5810403623109159,1.4649872598770328,0.7951913769247623,1.426552035552887,1.0196894765232751
1483,0.08783653281941141,0.6142893076435697,1.4245970087007833,0.7484555162135049,1.467518647641265,1.0592804090080663
1484,0.055029362955883565,0.6471979826990326,1.3904671311111265,0.7092674234541643,1.506217047136538,1.0965506899029605
1485,0.021604099713062225,0.6792695443849,1.361092831201756,0.6746873135358609,1.5398616685344466,1.1281864412829934
1486,0.008341734708434885,0.7099766510904844,1.3364517589203397,0.6462569528299,1.5774710326036374,1.163434480958885
1487,0.03572795878551492,0.7400105088889302,1.3203705146645064,0.6276684337041912,1.6143963858973902,1.1982120011009922
1488,0.06388184102759996,0.7693833160504457,1.304031996597943,0.6074689483447315,1.6480447978194153,1.2290944605689889
1489,0.08656004126596056,0.7924967365121813,1.2907451893684507,0.5910097383747601,1.6792495307269588,1.2575246052141598
1490,0.10355805887582138,0.8101127809591478,1.2786077692564342,0.5767186981210651,1.7067944283324394,1.2811004007279316
1491,0.11458713497011115,0.8213936370440654,1.2656590810218453,0.562485270833243,1.7292523176733263,1.2995396120478357
1492,0.12726428680282836,0.8345547008354219,1.2554049733156225,0.5506550094989973,1.7524393847444901,1.3185873004626454
1493,0.14202938194997838,0.8506531814248472,1.2452860005264805,0.5394530672852144,1.7750470489337962,1.3370702317999583
1494,0.15446638400290227,0.8640110189238928,1.2360991742178666,0.5299779230722031,1.7954911652331975,1.353248761065037
1495,0.1690611523490841,0.879165143898283,1.229688607185858,0.5228266162713086,1.8148130430706633,1.3694879700319107
1496,0.17890642282501415,0.8897791307365369,1.2242040837175723,0.5170747687196241,1.8329360366801317,1.3842041462986039
1497,0.1844087797655338,0.895879493353176,1.2194522303908368,0.5120511345748656,1.8530129226847512,1.4001403988732728
1498,0.18995966419935792,0.9014398510992313,1.2184280776868284,0.5102594212039364,1.871705739206465,1.4150282127902616
1499,0.1950536347576477,0.9063931597409799,1.217849471328634,0.5074318649631638,1.89065922456782,1.4304718014039537
1500,0.20146251066426193,0.9134935303903448,1.2164627201040223,0.5046782713520482,1.9107849852646397,1.4460849551467694
1501,0.20956604660782935,0.923140317018488,1.2144383159525731,0.5032699428361419,1.9293579013634539,1.4610352212571756
1502,0.21370786008822704,0.9289221227926372,1.2123288715050697,0.5006543923712632,1.9471042482222434,1.4741165140396537
1503,0.21760918751487235,0.9343503051073426,1.2076078597869577,0.4952453736101658,1.9671084276486313,1.489108734491593
1504,0.22393151952070475,0.9420124322498838,1.2034292533752038,0.4909173856718656,1.9866559741314762,1.504046055595795
1505,0.23366595850554234,0.952452814559177,1.1982586205108297,0.4845090745557347,2.0089121976784554,1.5216878325139627
1506,0.24495552342293592,0.9633991398365315,1.1905683990371534,0.4759549904560212,2.0328067043487517,1.5412164609383177
1507,0.2570813882054019,0.974954472063576,1.1825307836825445,0.46821810316087503,2.0565776469583343,1.5626099490079661
1508,0.2664825759004202,0.9848240764102063,1.176202177890809,0.46105833039564315,2.077293068684143,1.5803356715883123
1509,0.2707684427543945,0.9899187987602843,1.171336096396063,0.4550529769507826,2.0924009027376353,1.5933586096723789
1510,0.27164685330816163,0.9921931459398305,1.1707332049146026,0.4539018008762379,2.1054306207326614,1.6034579222235958
1511,0.27213637730457996,0.9955210417790537,1.1738177815758246,0.4565539326897981,2.115906388458277,1.6100451712645287
1512,0.274655102259668,0.9992081194440247,1.1754941813603703,0.4579864268190446,2.1292320027463756,1.6192347698224627
1513,0.2795830872379955,1.0043967174249064,1.176038131029888,0.4582169826871843,2.145733317248586,1.630601593778606
1514,0.2853236753723684,1.0096875552819586,1.1749026753092902,0.4566726811678254,2.166155837388598,1.6454086070092842
1515,0.2921880190551073,1.0166568263112656,1.1729750329638824,0.45376371998430276,2.186521243047831,1.660740542628096
1516,0.2993195443641961,1.0236807945174864,1.1686414289230258,0.4472031746765162,2.2103260251352412,1.6799138066826735
1517,0.3064068075988982,1.0317574974579244,1.1630704082115575,0.4395754014051195,2.231461712880441,1.697767075123084
1518,0.3136202448516953,1.0405895068774114,1.157969784023281,0.43266601154767087,2.2506060330520237,1.714162705568827
1519,0.320019904724976,1.0478139454007134,1.1536468307798802,0.4271443791154452,2.2684034408100273,1.7293431921822167
1520,0.327430910488894,1.0553101276636234,1.149566876946549,0.42261945817051905,2.2829856326774474,1.7408675184656817
1521,0.3319727662516708,1.0609382033674573,1.1479141948062819,0.42090929758920137,2.297353055100616,1.751808720072563
1522,0.33533444461685274,1.0660739066510443,1.1472995499434715,0.420374810169276,2.311964122181004,1.7625409415606872
1523,0.3397009961932929,1.071446908162152,1.1452791260661408,0.41843901844649584,2.3261555270138636,1.77275705470669
1524,0.3443633715287124,1.07771061365579,1.1415557501388207,0.41456101543267515,2.3428157376700356,1.7841021472389265
1525,0.34959693092492433,1.0841245435832159,1.1381625825867867,0.41037103692449123,2.3579476729114877,1.7948970838090315
1526,0.3549849188650731,1.0895532609583698,1.135689181583561,0.4070605168644068,2.3720956128927955,1.8051529046191976
1527,0.3575587242460221,1.092565360548106,1.1358535617464873,0.40631545695698257,2.3857323832254,1.8150105932037586
1528,0.35903034497523534,1.095012725923793,1.1372629144588067,0.4063472905977092,2.396756652563104,1.8235089142198597
1529,0.36090143305267497,1.0969979028264547,1.1383551018291094,0.40633301895493107,2.4100225909272273,1.834084946712522
1530,0.3638814997791022,1.0990744612992573,1.1385095639414888,0.40518441288531476,2.424253062848258,1.8455540478269918
1531,0.3687237508787735,1.1042702366600097,1.1356383452014553,0.40151857062290075,2.437097863107743,1.8560069437026716
1532,0.37457457198278016,1.1111623059725912,1.1305410677503263,0.3958111881265226,2.451780912780095,1.8675295101494584
1533,0.3808579630142592,1.1177745339824627,1.1270972098647063,0.3919378192431938,2.4655633321597397,1.8776351504937294
1534,0.3868217262398,1.1245221167092814,1.125047497738014,0.390306351100811,2.480728057680536,1.8877681056531455
1535,0.3909319450747099,1.1288558584258788,1.1250354773266593,0.39015638560340243,2.4951195756425903,1.8978436912978272
1536,0.3943547205030255,1.1310311009471685,1.127060876608548,0.3915973730437937,2.5076396749238277,1.9068300506297162
1537,0.3979091987666219,1.1351058141525978,1.1271317268278433,0.391004897621628,2.5211809586689404,1.9170525532290124
1538,0.40199426156214724,1.1407860358724,1.1248702308880956,0.38769634239371126,2.5332255151426795,1.9270804901173675
1539,0.4053299961846766,1.145662571189828,1.1223690656192704,0.38391833074086446,2.543447756345331,1.9359322475802754
1540,0.4088966064166968,1.152059159943147,1.1192661803871844,0.37939982221657986,2.55465422110314,1.9451400968869748
1541,0.4123853948792407,1.1569304736798158,1.116948983522047,0.37611327176188625,2.5661230122841756,1.954001565696162
1542,0.4144592263930626,1.1588477185545352,1.1161629159034945,0.37458836141944196,2.5773484242677873,1.961100463956562
1543,0.4166476267729691,1.1618167088914932,1.1162976197991907,0.3744629190756976,2.5881942016217003,1.9674986129550578
1544,0.41856969545883393,1.1646519218732947,1.1162687859155598,0.37456040241937094,2.5983718289766538,1.9732441297254453
1545,0.4218002717460195,1.1685159351151215,1.1164775695627749,0.3746758474831614,2.6079882175643987,1.9782687910074652
1546,0.42700918526387405,1.1750537767998277,1.1169222007541628,0.3747995572359003,2.615906374808851,1.9835049905521427
1547,0.43068982820947066,1.1796018467750051,1.1165693710954177,0.3739258320984006,2.6237482700791883,1.9888532811812758
1548,0.43536743896424324,1.1843896025495904,1.1165135889868107,0.372955146941279,2.6341542877575965,1.9962993596767589
1549,0.4390590294319159,1.1882647531127728,1.1155784823783477,0.3711771038248819,2.64327903165109,2.003306374687287
1550,0.4398253312717536,1.1889668721384408,1.1129245633489977,0.36784516036246334,2.6513517098479538,2.0093766087419596
1551,0.4422371795381198,1.1919749342271522,1.111760294252148,0.3659505661518744,2.6599130577459875,2.015574905207066
1552,0.4457678745853163,1.1969471016895235,1.1106793217094213,0.3645319253373209,2.668239837807693,2.0208719663084405
1553,0.4491329827910135,1.2012789851445382,1.1093185202916478,0.3627085926153003,2.67651781521872,2.0253211500339674
1554,0.45303014979450107,1.2061494726894364,1.1087113200860192,0.3612609702409383,2.684947027590678,2.030652848903696
1555,0.45764498347220495,1.2118332157506981,1.1088870662381312,0.3605740800466525,2.693261824125858,2.0358903946219704
1556,0.460977358884893,1.2156041473902437,1.1090697765191015,0.36003903673732973,2.7019231449896326,2.0415991913216662
1557,0.46380461592055305,1.2177425586234016,1.1087873241373039,0.35898231540910147,2.7104358957314925,2.0484085796535645
1558,0.4671834943256791,1.2213892694585138,1.1085128044802801,0.35774397101815186,2.7199795319483107,2.0556232741473797
1559,0.47081327860865646,1.2257668349296396,1.1069781763881015,0.35579744569778204,2.7311965629513684,2.064296386990041
1560,0.4735010178309535,1.2290983227535062,1.1045192048344967,0.35249127657141216,2.7413918254839404,2.0720434555708556
1561,0.4758924306251788,1.2325585703844502,1.101158248746136,0.34804855876726615,2.751330231659901,2.0790490165305995
1562,0.47810854843289713,1.23544316547732,1.09819352726852,0.3444161351767146,2.7601638323647726,2.0852404470640944
1563,0.4799393550044597,1.2377182159509015,1.0960843441557067,0.3414762272104509,2.7681617079247607,2.0908495940774805
1564,0.4822480571675373,1.2410434585317318,1.0953760263300198,0.34012816280969516,2.7733374841573277,2.094204610489492
1565,0.4857566080895766,1.24548360556556,1.095270461223938,0.3391779887461968,2.7774209458518153,2.09726449744757
1566,0.4888414226222832,1.2493868306654632,1.094837722295819,0.3379604188528838,2.7831457723648345,2.101377129673138
1567,0.4903705793143701,1.2520593399093471,1.0947212594672486,0.337440076889457,2.78772173674008,2.1041708384987805
1568,0.49191283527918345,1.2537756897214583,1.0953198511760613,0.33705724917026936,2.7940818557126996,2.108238595470717
1569,0.49289238568638216,1.254120627742849,1.0961676859835081,0.33682983897886104,2.802384460836715,2.113645821445057
1570,0.4937066519747743,1.2553841386448912,1.0975354019472257,0.33767300294182656,2.807837311147099,2.1165181743978163
1571,0.4957009418119499,1.2586227438862398,1.099665787099919,0.33894636286988516,2.8121975263019388,2.1182218240250115
1572,0.49764148307708833,1.261180105745227,1.1001604731825392,0.33935563536099006,2.816929528302221,2.1210357419689387
1573,0.5000453434181636,1.2637995591660875,1.099074878397494,0.3390656762203854,2.820997630660775,2.123628057357881
1574,0.5041886569700508,1.268684945136608,1.0978401481689097,0.33728122392262544,2.8256543382093136,2.127112767908418
1575,0.508059808511224,1.2728533062743923,1.0972148367595602,0.33579524630399793,2.8298311796728917,2.1296850494542445
1576,0.5116892883353156,1.276568050393562,1.095617196419573,0.33325139594569747,2.832834679760925,2.131402923731282
1577,0.51413565074269,1.28060471371313,1.0946475498811803,0.3312006710980154,2.8351945463847197,2.1317432618595245
1578,0.5160288464073199,1.2831206828823392,1.0943434141019477,0.3301690030921066,2.8366108833564545,2.131392331054899
1579,0.5168627961325744,1.283742918257452,1.0938949446592703,0.3292632086204156,2.83660321355507,2.1306633903061605
1580,0.5176026911466606,1.2847186061879443,1.0938006561593192,0.32900441161318245,2.839114379327612,2.1312786188922463
1581,0.5195901492176164,1.2859213058576497,1.0930613917437242,0.32794374897349127,2.8422943943711916,2.132564284157342
1582,0.5243900025984513,1.2908893233898437,1.0911601432532878,0.3251084259038644,2.8491838062836576,2.1375555877823147
1583,0.5299567535059978,1.2970458101102087,1.0888120119640066,0.32190878384296556,2.858687952760899,2.1446316727761148
1584,0.5351315230342468,1.3024204755038031,1.08650281550448,0.3187168981722606,2.8665943023221354,2.1498507834883243
1585,0.5398528818090276,1.308239512782312,1.085302162438678,0.31668895625673044,2.872318576100979,2.1539103258918564
1586,0.5418106303701365,1.3112744350173882,1.0853845506428463,0.31652532164274483,2.876788128409367,2.155429768236682
1587,0.5417370852009195,1.3119027313973504,1.0860170297423855,0.3174729122816256,2.8801679985336404,2.155657673801813
1588,0.5409708579846749,1.3118664268419473,1.0875636225356162,0.3195791110083951,2.8813421547156053,2.15469116385182
1589,0.5418585308790507,1.313816285485312,1.0893027667343742,0.32171903323117235,2.882984836692995,2.1544889186945104
1590,0.5424523020965004,1.31455251429226,1.0897631051563885,0.32264929144345283,2.8854812580751834,2.1554706011536777
1591,0.542614429440245,1.3138615907098572,1.0891357402320796,0.32246982950701075,2.8888690249754974,2.1575001975547297
1592,0.5453692417096586,1.316675499003417,1.0874338143687574,0.3205573210427151,2.894513346127924,2.1617964110722805
1593,0.5496169417280605,1.3217258385738901,1.084514786122757,0.3169788834425626,2.9038928642645097,2.1684558403186074
1594,0.5528357416259566,1.3252108802494946,1.0819794400107925,0.3134701992607171,2.911277939916627,2.1743335414821616
1595,0.5554993015540801,1.3277024949406682,1.0796432527563975,0.3099932152159033,2.915340603694241,2.177184671022781
1596,0.5563624938243076,1.3287323136718885,1.0797563603229006,0.30936751727807127,2.917766546007064,2.1787453015200837
1597,0.5544829276475529,1.3258044699349427,1.0815395319113525,0.31041186339063265,2.9176981048587214,2.1790754538077324
1598,0.55405220360797,1.3255259307768648,1.083236832757064,0.31197180845723244,2.917644652636505,2.178321358060818
1599,0.5566829541379541,1.3311699232996832,1.0852446890819507,0.31427122687096126,2.920807382239453,2.180497035693296
1600,0.5598843542635114,1.3352073560550541,1.0846573612511554,0.3135668510997862,2.927071537921498,2.1851350188757634
1601,0.5640885798951769,1.3393055094211637,1.0821111943741974,0.31096788134142794,2.9343998646719545,2.1895282792060002
1602,0.5689413431029821,1.3447007492253427,1.0792061533225397,0.3075999349446004,2.943318596711227,2.1964047555483437
1603,0.5719932111839221,1.3472565331505986,1.0760002993243927,0.30352925951821685,2.951843181032188,2.2024208391461357
1604,0.5736186168424687,1.3482339081285557,1.0748519270544155,0.30146333797717956,2.9536703822549826,2.203378300001244
1605,0.5741951208605783,1.3483188765256,1.0752205042426637,0.3008977345049391,2.9511836531328592,2.2006447205445934
1606,0.574307510852971,1.3483719894914359,1.076225066541114,0.3010982465621411,2.9482270878845744,2.1973296159087727
1607,0.5739918033278658,1.3471425531700019,1.0791188231799966,0.3030163663933792,2.943451585080627,2.1925782435592684
1608,0.5742440336007119,1.34749677531797,1.0804190338793893,0.30408683250917823,2.941438131386926,2.1899821052512376
1609,0.5750581135480954,1.3508867811294536,1.0802039264078267,0.30413714517390433,2.941662658972951,2.1899305171792176
1610,0.5773917017733131,1.3541201021450657,1.0789369303030183,0.3027782178369222,2.9452149155299923,2.192261973470789
1611,0.5811429729790912,1.3582579550284157,1.0759871654016189,0.29985791051537625,2.9521427892090015,2.1971859103775437
1612,0.5842236159419408,1.3613823907517992,1.0721091069904907,0.2957616306410773,2.957859467185089,2.201796614964349
1613,0.5884640503310564,1.3654602570504937,1.0694991187446292,0.2926999578804864,2.965024457973877,2.2069190119749558
1614,0.5915865493828202,1.3691838753076657,1.0692367189349499,0.2924874353151733,2.9713982941634196,2.209655386408033
1615,0.593898590869591,1.372743663701277,1.0700535935852524,0.29350481326721256,2.9717159119848664,2.208496720465888
1616,0.5951360747694986,1.3745501055953446,1.0722360145135184,0.29571344222467777,2.970149813364225,2.2056807999222343
1617,0.5950157863286667,1.3749335811133152,1.0735932063038869,0.29617220141568357,2.969066953189967,2.203611069778998
1618,0.5969548863250388,1.3767158929368633,1.073016889340554,0.29440528693064,2.9675076247702132,2.2021620493909606
1619,0.5988285994175311,1.3771802097310364,1.072031981250084,0.2922690174559878,2.9693488519127915,2.2043363256196633
1620,0.6007701369356256,1.3797404940161504,1.069430527470148,0.288314126463719,2.9731257688767925,2.2074302698421766
1621,0.6032077720057067,1.3825478369470974,1.0671602449459991,0.28528241402742205,2.9774555046954885,2.210118421498115
1622,0.6038274170058462,1.38249811679798,1.0672044164909043,0.2856467279478354,2.9813036958294,2.212824014223048
1623,0.604588684051798,1.3845422638016651,1.0668657206024443,0.2860764435275629,2.983215323148036,2.2128802946657777
1624,0.604908356243574,1.3854278489720808,1.0669982948143875,0.286912225253323,2.9852367137517164,2.213649702159705
1625,0.6050669529776411,1.3855042066761452,1.068009151887414,0.28836668938783894,2.9860783249233247,2.2140635408598053
1626,0.6073908371795126,1.3890672717073058,1.06739204138875,0.28726247671323885,2.9885613305571392,2.2165745745843433
1627,0.6106182675631653,1.3933365088325882,1.066140913382552,0.28514120406630056,2.9924942714774834,2.2197492168802198
1628,0.6140545861799552,1.3975531625839723,1.0648135982028462,0.2829336456476684,2.9966705322098313,2.2237146278799327
1629,0.6157338402094648,1.3997660906361566,1.0640439000216164,0.28222910263882833,2.9971697313461854,2.223588980366578
1630,0.6180660351124392,1.4028611735257577,1.0625494575487444,0.2815717808840506,2.9958790990728184,2.2212242449499597
1631,0.6172538039458905,1.4016644597002224,1.0627634000957646,0.2825193447745177,2.995095345071335,2.2199523534958416
1632,0.6139993856045743,1.39723716301026,1.0642302004305852,0.2840702795685258,2.9934375121272985,2.2182354467782703
1633,0.6138917528956276,1.397163972564498,1.0653180199735033,0.2847542274429212,2.9959110832325884,2.2196957306543705
1634,0.6147160832117323,1.3983728860461448,1.066429482700075,0.2850041756345699,3.0028344679526584,2.224760785045231
1635,0.6160079816672333,1.3994145968734426,1.065958748674014,0.2834624939052907,3.007831252966469,2.228164267082572
1636,0.6191810356581223,1.4021797125344766,1.0640079877933646,0.2804544532203147,3.0131603319951354,2.2311406337235233
1637,0.6220590463948752,1.4051895311849463,1.060587621340494,0.27619996387152923,3.0176437411267476,2.2348002276741505
1638,0.6243702044625915,1.4072644272286543,1.0558319765467084,0.27086913092722315,3.0210488033423815,2.2382169603420206
1639,0.6262568033087516,1.4089251052966483,1.0535888580744188,0.26813505754923017,3.0217129684788104,2.239184509617063
1640,0.6270658376980977,1.4104426534344574,1.0535594583010184,0.2679370034590655,3.0192613079106785,2.237432355544588
1641,0.6280435309269269,1.4120432664339744,1.055419801068777,0.26959726062694916,3.017587605946727,2.2355258327605396
1642,0.6284643983900511,1.4126076562475736,1.0588965465814022,0.2725707671713468,3.015247584824324,2.2329018357857566
1643,0.630116546001256,1.4142970010586917,1.0601861624998317,0.27354166811513464,3.017066979180619,2.233776597054682
1644,0.6342643344867208,1.4191383791219292,1.059930753653591,0.2729308510972724,3.0242689340037394,2.2396965871083143
1645,0.6367157252228788,1.4213602550523479,1.0583473405690835,0.2708348250022025,3.028989025534209,2.243821526609022
1646,0.6375794658718451,1.420504940215098,1.0563894487664056,0.2686596761974428,3.03078844432892,2.24556818851656
1647,0.6382931541912557,1.4209840932641464,1.0563832904966466,0.2683872376072247,3.029464630536906,2.2447227678314934
1648,0.637847151009263,1.4210851521969197,1.0579422303502868,0.2696785404807976,3.0227536065686484,2.239052576577033
1649,0.636674784425385,1.420437856826073,1.0595109996563878,0.2711212478855376,3.017016491578937,2.2336264416666833
1650,0.6359150470480611,1.420941124755776,1.05990227554369,0.2710792482328888,3.0142749213764297,2.230528587031073
1651,0.6360890447185046,1.4213810158351072,1.0593944956681016,0.2705206172080863,3.014083157146829,2.2298786750766575
1652,0.6365590698870232,1.4216996068913874,1.0579639851588085,0.2691853722482902,3.0165068716300185,2.2311261902230255
1653,0.6377259210560102,1.4228977633686393,1.05572814250114,0.2663234039114298,3.022203439433478,2.235223803946869
1654,0.6396472492673944,1.424435819598489,1.0545503949598245,0.2645129993292557,3.0295102504002065,2.241170845579897
1655,0.6405184100699449,1.4253051269967818,1.0542011507105022,0.2635694756086444,3.0339972169430927,2.2446191295939344
1656,0.6403779581777428,1.4257146337812012,1.0532045927115345,0.2614135946788952,3.038500441670569,2.2478742112107435
1657,0.6405259756055327,1.4255888148504794,1.0538206341586578,0.2618839989326202,3.039058498657997,2.248253505412249
1658,0.6401544045865782,1.423879664023478,1.0549463025064982,0.26369833174255525,3.033563201046452,2.2439520779259237
1659,0.6407719773045899,1.4242838808030103,1.0551272376232255,0.2641848827520488,3.031499814100338,2.242275387963428
1660,0.6423570410917666,1.4260425912982,1.055681268387686,0.26517330672982725,3.0309336071178534,2.2405686326033285
1661,0.6437215070945633,1.4275565151204184,1.0549124819873565,0.2648952807703728,3.031000510936141,2.2400175506953266
1662,0.6464924614439338,1.4314939670503732,1.0538110864259496,0.2645778220683853,3.0354653442300026,2.2425546465839963
1663,0.6476961732653141,1.433257424190378,1.0526701067353381,0.26359874142514195,3.0383686449595713,2.2437087966628906
1664,0.6474161662368892,1.432610112640886,1.0508735497567794,0.26152200152988836,3.0398550528609194,2.2449990952531023
1665,0.6483682206152205,1.4338032235022202,1.0500226605540852,0.26018026301394,3.0414555667724903,2.2463539525998706
1666,0.6487459120312766,1.4346764954058744,1.0492402132304128,0.2580086671860349,3.0413214233834385,2.2463839545146587
1667,0.6498732025642779,1.435405219394864,1.0494582271458233,0.257558214771428,3.0411925045261614,2.2472927798326414
1668,0.6524585957896315,1.4376266599267684,1.0502751421965657,0.25896439818289774,3.0401911876182335,2.2472684781350813
1669,0.6546117667029032,1.4391997524414333,1.0502099103082314,0.25887986099367016,3.039425008804219,2.24654907817445
1670,0.6568725119267527,1.4398880378524919,1.0508238366765605,0.25938559085545093,3.0400424510010957,2.246886818561824
1671,0.6586195725693698,1.4417019584246753,1.0495451784659597,0.25853506549756633,3.038675849369823,2.2447870319790773
1672,0.6594757889728655,1.4435784206311466,1.0464858326028224,0.25499746860916006,3.0377449571926247,2.2423797243941244
1673,0.6598632596922243,1.4443705807842653,1.0458880557828045,0.2543939228075114,3.036071532330763,2.2400072072533708
1674,0.6594493925956971,1.4449893528817632,1.0451445429283686,0.2545020464716302,3.0320272105577035,2.2358095410704206
1675,0.6585846032584108,1.4445257806520966,1.045334481195435,0.25424440125187403,3.031104584876328,2.2345890139770495
1676,0.6584021590840189,1.4443681522114338,1.047375163986796,0.2552180822425356,3.032036972432481,2.2351430090881723
1677,0.6572014883858008,1.4430193804524665,1.0475515158473934,0.2547041377796959,3.0318424666317956,2.2348648939078837
1678,0.6556844707196972,1.4409360387183465,1.0471814575428657,0.2535817098169513,3.0323919581848715,2.236151168606117
1679,0.6548518418254956,1.439034035574991,1.0467358177338542,0.252726131292952,3.034436910628509,2.2380102725637
1680,0.6535491831041345,1.4352732989422818,1.0459549773917316,0.25219171356167025,3.037126547080021,2.2403843924314626
1681,0.6544932048904981,1.4349199283864702,1.044917594262339,0.2510593404813023,3.037934853356948,2.2419685022282443
1682,0.6556325889628923,1.4352972495283236,1.0435186133133545,0.24935005456963685,3.0369536893611406,2.2422984674267252
1683,0.6561938670745346,1.4361735143239798,1.0438846976334164,0.24916100365599983,3.0326661435685875,2.2395560839797994
1684,0.6569944217441027,1.439423495277333,1.0453843236101823,0.24963228260765455,3.021783984142201,2.2319846375414456
1685,0.6566575644836845,1.4404195604786283,1.0467379400499506,0.25056706309821575,3.0156130666311776,2.226902160250132
1686,0.6555991671476883,1.4404124014417878,1.0495857590209368,0.2533416020014223,3.0140574704633414,2.2246414534732435
1687,0.6541954795379433,1.4395187663972453,1.0499239231880328,0.25382041256065385,3.015626607392405,2.2255381606116593
1688,0.6524445897521519,1.4374105016730565,1.0481694790139426,0.252602386817937,3.021655087025179,2.2303525567758227
1689,0.6510720725406867,1.4355278552401922,1.0478746578790996,0.25267661210035974,3.024827632582741,2.2333265263696274
1690,0.6501060779600457,1.4339850164812462,1.0477723283207614,0.2523646078300286,3.0238273575737136,2.233945323856704
1691,0.6497678976043859,1.4332959966156387,1.047077823162413,0.2513000818236672,3.022534105927617,2.2335274171996877
1692,0.6491511339642225,1.4314563285568667,1.0471131335568933,0.25138002314580254,3.020684808230454,2.2314920500095567
1693,0.649613153829851,1.432354940807538,1.0468525510103321,0.2506702887181692,3.0181689689491837,2.2299058583673306
1694,0.649662606403617,1.4343483605376655,1.045736374761753,0.2493715441985466,3.0199118501105553,2.2309756552520827
1695,0.6476941972488606,1.4325808844798105,1.0472363650941683,0.25114007851249437,3.020897040011986,2.2313809712555965
1696,0.6460164976744749,1.4314220470687742,1.0499666778682581,0.2538175661606522,3.0189688138341304,2.229814298911692
1697,0.6434984728942219,1.4289979901830177,1.0520499773053822,0.25629057793575016,3.0172861375209012,2.228613718297777
1698,0.6397293972005144,1.423658388998269,1.0541144886052114,0.2589862108628447,3.013461336837518,2.225067676203023
1699,0.6372808273888126,1.421197264211433,1.054506236970827,0.2593955314770448,3.008438826703979,2.2215399258572988
1700,0.6361473692770252,1.4210852462533048,1.0539692743209534,0.2588448094346269,3.0029683818723534,2.2184881446753795
1701,0.6354196071988824,1.4202860545856903,1.054228625334632,0.2586543001078404,3.0018269811755287,2.2185533819325616
1702,0.6350964815312548,1.4195531566590178,1.0551163139639987,0.2583450409460536,3.0040393173715163,2.221260270002134
1703,0.6360323596753248,1.4198620348014017,1.0552406345644008,0.2582521993755036,3.0070860142502944,2.224162394383119
1704,0.6376187539536793,1.4203593607817178,1.0552651128348212,0.25839707803915274,3.011085420039789,2.227786309140987
1705,0.6381351917160495,1.4208211865341434,1.0547133391171104,0.2573015724281596,3.0103545125225475,2.227264842588114
1706,0.6383109243484402,1.421694984473431,1.0531871993296393,0.25502587309285724,3.006977331533326,2.223713397610418
1707,0.6375619270352163,1.4203679573334398,1.0521503783583621,0.2543524283457815,3.004344308040656,2.2206824535774294
1708,0.6361110665337559,1.4176533800947353,1.0517136321600606,0.254854388364818,3.0039594945623604,2.218362329813967
1709,0.6358728782992306,1.415918384997184,1.052011167810851,0.25611569223276787,3.0002015115968037,2.2153526314836127
1710,0.6360532965129287,1.413581082087248,1.0523130682346533,0.2585272900343773,2.994464900214031,2.2120111280324255
1711,0.6349399241727122,1.4110330803083333,1.0529673033047795,0.2606709010029699,2.9892032299938798,2.2075832862436617
1712,0.6328574364971812,1.4089694649741835,1.0536757990465384,0.26178136741619923,2.9771593684409,2.197816605200279
1713,0.6300292767129027,1.4062614167391434,1.0541979205389904,0.26254606353849225,2.9707218480170523,2.192654188746494
1714,0.6259166072122627,1.402119857450437,1.05464880577704,0.26363466606751296,2.970828472902699,2.19166573465698
1715,0.6240620668693319,1.4006107899331683,1.054985146916984,0.2642552769750982,2.9684142788217036,2.189224211506768
1716,0.6249997881546012,1.4020263593594442,1.0556988171290627,0.2644888750977383,2.9680976464374234,2.1900032819565407
1717,0.6265006862181106,1.4033549296197882,1.055635196573831,0.26464628274003377,2.9715124063945657,2.192630949071167
1718,0.626059303485814,1.4026589319889202,1.0563180097927096,0.2655946766878067,2.9711340723807593,2.1924486267162853
1719,0.6248397705913389,1.40109153030733,1.057061520132447,0.265774645849813,2.9706853481815836,2.193009354930635
1720,0.620755382688569,1.396474097025981,1.0585176595062382,0.26689863194680785,2.9699633011195514,2.193145234315897
1721,0.6150976293354518,1.3910086070535246,1.0596468182677194,0.26742214766108274,2.9637646591097444,2.188221023300174
1722,0.6108653933676652,1.3869601263514244,1.061541671341896,0.26890273952229876,2.957333711255271,2.1827338845444104
1723,0.6083729761090368,1.3854346450618817,1.0639437731860641,0.2718923404296403,2.9570633738446985,2.1809067432712594
1724,0.606248176729565,1.3842179517858757,1.067101992259534,0.2762851221806737,2.9535052481854778,2.1774110756197125
1725,0.605090417932815,1.3828712622330588,1.071148983302916,0.28266131856659965,2.9455338801615034,2.1712520824028583
1726,0.6064421868838371,1.384287702884447,1.0719236163118968,0.28453042625633196,2.9424016465987433,2.169011960820608
1727,0.6095206011422336,1.3868918391084892,1.0713204943719508,0.28325085626926355,2.9367216096109106,2.165886492856767
1728,0.6102010172628165,1.3869391676172946,1.0703170198317227,0.2814426973204566,2.932305121036531,2.163449458345515
1729,0.6093186809775847,1.3850020939592353,1.0678641590768057,0.27768150876966174,2.933441225258853,2.163728948343097
1730,0.6074497883412683,1.382513065032039,1.0682673581839348,0.2788541005945934,2.927982583681754,2.158656271708265
1731,0.6024979757306648,1.378053150836309,1.0687030316206851,0.28107999939276185,2.9193624699099114,2.1519254334994535
1732,0.5997534593157331,1.3743839917159995,1.0689888709677837,0.2816120359584054,2.9121078652489403,2.146153555242241
1733,0.6003467438264024,1.3760727772427623,1.0690430283407797,0.28182356757659494,2.91154559439957,2.1461566241921153
1734,0.6018422380995606,1.3787843769224473,1.0669649695422472,0.27828181496271476,2.9192284957550814,2.1533150282190046
1735,0.6040179550679378,1.3777432821137336,1.0659713230841887,0.27562044038551714,2.92558620441621,2.159584891929372
1736,0.6056523065690346,1.3772884272186205,1.0630352790874025,0.27311774676846545,2.9287057507926577,2.1634918241354337
1737,0.6067298059432829,1.3775405583440627,1.0593270465598976,0.26971140768638624,2.928265624143976,2.1634952620856875
1738,0.6065925816565103,1.3762036595069767,1.0574358273407636,0.26836092960893654,2.921138776077345,2.1572994529807654
1739,0.6047971184979273,1.3746625706314972,1.054303018010613,0.2669964611384742,2.91559578157664,2.1535872654273738
1740,0.6029757906055302,1.373804620268077,1.0535765135650264,0.2678201904234533,2.916874630592446,2.154111019503373
1741,0.6020179297863125,1.3730016754282532,1.0567875270076763,0.2712064328485713,2.9140859978338365,2.1524196202089354
1742,0.6016439345256906,1.371719700561909,1.0596775162550907,0.2745581068330872,2.911933986157466,2.1526925366076983
1743,0.6009841999569646,1.3697595212615232,1.061336919569721,0.27610144256868235,2.916505155570074,2.155251614104992
1744,0.6004769835855543,1.3685255982155338,1.0617660295911049,0.2745507186914929,2.9125906942864317,2.151589730916455
1745,0.6003200434634866,1.3681998712703265,1.0607209373222137,0.2737368492899915,2.904203149591783,2.1457645745454577
1746,0.5984610763274355,1.3644011629687445,1.057597741316217,0.27118924906813546,2.9044765484167008,2.1463465340002257
1747,0.5982449996863305,1.36315847172469,1.0550764448326484,0.26778398269287823,2.8996875191322937,2.144552161452632
1748,0.6020777775394247,1.3678046902614591,1.0542977959707,0.2668935635197961,2.8951670195222814,2.143436390295223
1749,0.6062082571453656,1.3721363819501247,1.0539964840631733,0.26563095165680584,2.8991013706183515,2.147675177447259
1750,0.6094564566209518,1.3743891154866055,1.0535120961608524,0.2643343759218966,2.894852492209241,2.145170484322337
1751,0.6120566713394683,1.3753866180039305,1.0519920480185303,0.26262050911874013,2.886523315600456,2.1385049478335376
1752,0.6131758440989534,1.37561610306615,1.0492000374336217,0.2595335044040555,2.880038626497659,2.1344502583273512
1753,0.6115655361471316,1.3716031507109556,1.0447619680589222,0.2556465387521974,2.8738798052772023,2.1302756829318863
1754,0.6091431125010507,1.3678174081929726,1.0430982442147136,0.2548448946846833,2.8647175795668787,2.1229921371758413
1755,0.6079784771557902,1.3674271074220947,1.044692791010897,0.2576306175898696,2.853890186985006,2.1150512251353666
1756,0.6061010236185972,1.3649061524540869,1.046475233460159,0.26110565881881526,2.847362861727701,2.1102769936428056
1757,0.602516702069263,1.3604707530058735,1.0484517850783917,0.2638990374977449,2.839560970565836,2.1048864689698585
1758,0.5981008643812488,1.3567521269002214,1.0496724176566055,0.2646884445103005,2.838714826506771,2.1072991874849256
1759,0.5939554777296482,1.354827530595617,1.0504853918772972,0.26457445305601884,2.8459803148439793,2.114796673349787
1760,0.587792494200988,1.3506734929496131,1.0510486918172308,0.26523049467007803,2.8489060718024364,2.117952056714406
1761,0.5805097615400328,1.3427267775910485,1.0524978829115534,0.267037693130734,2.8487285144711825,2.1194185484913
1762,0.5762741380699186,1.3382223696686912,1.054725465460315,0.26910685152882274,2.844323888714083,2.11491834771518
1763,0.5711160776598758,1.333582112939379,1.0566981026451496,0.27228890297692676,2.839231088606866,2.1093124870411972
1764,0.5646134399729434,1.3256015558804068,1.0585113500122745,0.27511075807499746,2.8303010912078346,2.10159500282433
1765,0.5599846561884233,1.3219860160342711,1.0586687470531448,0.2762505127605007,2.817050838506574,2.090446936939225
1766,0.5540557276093792,1.3174182417653506,1.0589407440822922,0.2787588421940324,2.8072850085100045,2.083435082510304
1767,0.547309530149858,1.308854584940991,1.0618039065176814,0.28222095497401284,2.7853663952309593,2.069815794996257
1768,0.5441061804722377,1.3053672398051719,1.0626505275469855,0.2833199874402132,2.775324293611158,2.0637819584474433
1769,0.5426011953353416,1.305015641254804,1.0656539843976374,0.28573705129616456,2.7752956084435976,2.0649773390368917
1770,0.543499575247083,1.3057608149506683,1.0667828082509287,0.2855165926852036,2.7784044079132046,2.069682530598068
1771,0.5455719515027737,1.306992501821949,1.0666160975128856,0.2839151648996136,2.787151760311101,2.07797785276796
1772,0.5421525234601329,1.3031451732882737,1.0697831541005078,0.2867860981142894,2.7938454850179166,2.0822893304366628
1773,0.5321269085223224,1.2924475364026218,1.0767200543345248,0.29426934424988466,2.792913752783828,2.0786207611067335
1774,0.5186168905530091,1.2803019526392747,1.0865784538501777,0.3067468777172896,2.780192281923429,2.0646150364101077
1775,0.5055258528717449,1.268278540119899,1.0972468232766883,0.32138942948660804,2.7658562854750888,2.049256289813805
1776,0.4946013876628667,1.2575205261306504,1.1044417450392376,0.3314119685951155,2.7529954275920185,2.0379033472549546
1777,0.48922107196934356,1.2538778081449413,1.1086864493294422,0.3382312435758511,2.7459388195997354,2.034241467510364
1778,0.4880403690241471,1.251782417176959,1.1102728082576612,0.34048535149702874,2.7403075496132545,2.032696720414132
1779,0.48479840061819524,1.2464728607920692,1.1070808573435775,0.3372002196846288,2.7359591966775936,2.030364032787087
1780,0.4812579083988206,1.243722652850015,1.1068055900650002,0.33686145042476007,2.733562003347439,2.0282740708009475
1781,0.47818156163513753,1.2419846352400943,1.108813602951991,0.33800222246747,2.7225406384366497,2.018967359143486
1782,0.47282851755195837,1.2369414642980494,1.1102282674188184,0.3402160771506947,2.71766556306095,2.0122020721019065
1783,0.4689492918759858,1.2338747138402475,1.1136905175451453,0.34394831517713037,2.721758011556315,2.0132190422912157
1784,0.46088042479545244,1.2214810887096035,1.1170504295004897,0.34956225087007053,2.7155396922873685,2.0063296839379006
1785,0.4571780952831605,1.2166766570819758,1.1218087665749419,0.35505512041720566,2.7047359689119155,1.9983615456819825
1786,0.4530383628147271,1.2144544424172667,1.1296242104396326,0.3614880036184048,2.6879150438661026,1.990518047751479
1787,0.4437484939969968,1.207710320091724,1.1359597136418282,0.36588552161089033,2.6806106064509128,1.9864709080812395
1788,0.4388101586442388,1.2126983920583096,1.140197153739849,0.3664708641340301,2.6744626529472875,1.9802673392489656
1789,0.4295222900731205,1.2074880175923166,1.1472618692985872,0.3730920651499151,2.664437744441551,1.9699956144230217
1790,0.41086996527780983,1.1852830308303846,1.1508530133632975,0.3804522866784227,2.6602485680038535,1.9611853152082732
1791,0.393663665525598,1.166927322839503,1.153531281892562,0.3878338918382107,2.659078252926457,1.9541584056353014
1792,0.37343213442887657,1.1426845838273598,1.1656643816097052,0.4060503123647181,2.6469715403309024,1.9414842142319106
1793,0.35032805138206896,1.1196044999288315,1.177355642856843,0.4234253019510358,2.6316163496492133,1.923372568137153
1794,0.33005198341979225,1.1008512899136584,1.1884579620665443,0.4381415424484875,2.628473680297598,1.9150072234432065
1795,0.3098642504952501,1.0780220852765,1.2072992420511874,0.45932532941726034,2.602576058422768,1.8951800266708616
1796,0.29354869371965586,1.0602299111200826,1.224409697927013,0.4787103067267717,2.580028397888982,1.8812735863807823
1797,0.27019099772615623,1.0353715213498549,1.2397794249930367,0.49404195014425806,2.5827952903939178,1.8892117198983212
1798,0.24099360336194683,1.0187625772527424,1.263547166563756,0.5154149434843632,2.5666002383751456,1.8776232133808946
1799,0.20453500695695354,0.9978183811109251,1.286600372032583,0.5391431870390209,2.5598299228037957,1.8629466597600879
1800,0.15404858213694594,0.9520064210164823,1.3076299795465645,0.5630100328924978,2.546465073887994,1.8353096717032373
1801,0.011547376555909726,0.8206247619797065,1.5502806526202142,0.7733419631338218,2.366487842302871,1.587752624464227
1802,0.005112193269647004,0.8007664924654292,1.58475432941429,0.8086751494063652,2.297309219953871,1.5295767991225473
1803,0.027524860521125863,0.7716077681046579,1.614856512713783,0.8433989513460578,2.216286826049029,1.4598866369946133
1804,0.04997900331009718,0.7358157721511308,1.649331466279869,0.8903364223774408,2.154674252255355,1.4101718033137938
1805,0.09397517574773089,0.6851759020421961,1.6907328795147574,0.9399889357832911,2.1093414876179466,1.36880403195625
1806,0.17528215838405123,0.6032917112204269,1.7423162032986483,1.005198697166222,2.089915658068119,1.3385513594890646
1807,0.25849323793974593,0.5206953792734034,1.7880575536544565,1.0626555559236905,2.0669997757546685,1.3079218966662378
1808,0.3485035415919477,0.44893548817236334,1.8178184944012898,1.1072713557586014,1.994239677786629,1.2325566972668895
1809,0.44476019373143444,0.3614871260553857,1.8264101428198183,1.122296300566395,1.8898890674032132,1.1297812957837774
1810,0.5265537513450794,0.294161141745446,1.8495787337549636,1.158116942056835,1.7996628457434123,1.0381355662926028
1811,0.584883724217313,0.2340226940867297,1.8914916912569075,1.206760031469285,1.716130070375866,0.955309053203085
1812,0.64524489895715,0.17111401121073821,1.9739601382094967,1.3000410024210995,1.6265167044806685,0.8613798848295874
1813,0.6792274655288018,0.13446859835064712,2.1332843118067992,1.4794039093794846,1.5743198913019782,0.8019280943075793
1814,0.7149655646022512,0.07449936752543557,2.2795654977214252,1.6397254609512708,1.4975637006599474,0.7225523962942646
1815,0.7811427954886354,0.0023160153025829373,2.393821391963428,1.7682569268760417,1.3893353732717408,0.6224193234411137
1816,0.8247607920839447,0.05152081516946133,2.4088269156696396,1.789144781126704,1.2992395487826063,0.5594697565628379
1817,0.8669485982548177,0.08617591921852812,2.317858966360773,1.6816441443749643,1.238013091219935,0.5203406905101544
1818,0.8831226908179497,0.1440159795451578,2.189112602890174,1.5537267905212926,1.2367928305799087,0.5304211054888739
1819,0.927401086096413,0.18764971281285459,2.109573363469563,1.4796840577110861,1.2276542119280347,0.5186491803427605
1820,0.9565995349525253,0.22290310822385334,2.092271545460799,1.467542100042028,1.179968467406073,0.512178748775717
1821,0.9508658571351611,0.20622577975526363,2.13678486377786,1.5218626391842314,1.1703649256733732,0.48959749785414863
1822,0.9143048311288062,0.10801924638741799,2.3590226665995466,1.7734649377691145,1.1505582005552115,0.43080986965976403
1823,0.8696744803910976,0.056689936270723135,2.394248308493953,1.79116168306151,1.0767246017635406,0.3496132911331466
1824,0.8344775097763737,0.0137800693322208,2.3655834256070487,1.7319903632894895,0.934612410542549,0.19299532564515676
1825,0.7761609471795794,0.04407679313352853,2.3038637839676053,1.6530059033426054,0.8352494686215218,0.1100512152061248
1826,0.8026978393561591,0.04836022848368093,2.2409540220880544,1.5743021385008311,0.6779643365157775,0.01953689048268495
1827,0.8115297449140249,0.1531097810144491,1.9862007293612964,1.2932747480674693,0.5884294237211737,0.003933113483696998
1828,0.7047042087675661,0.14233421146793243,1.704302219026555,0.9760878342170557,0.6032342668093328,0.048492744955654817
1829,0.4945592263361311,0.077415440271328,1.2930515624220242,0.6056139416101735,0.7044682828258358,0.22762717816017178
1830,0.27966849587526027,0.040547286866946024,0.694343439371825,0.08986180722794941,0.6709113571495907,0.28921079336418837
1831,0.08256562213029515,0.28951637939215447,0.012153673990089884,0.38743296282504774,0.601053645681179,0.3463134716740993
1832,0.4192218828671637,0.5640297418745276,0.5968117413035355,0.8496829209008,0.6795497762968089,0.4937580029496899
1833,0.9272057083124546,1.1313861114557375,0.8509208817371846,1.0805476558508444,0.7936327404335477,0.6571819298957824
1834,1.1027346660010244,1.3066803075093683,1.12714001947529,1.256782077673293,0.8604475839613203,0.7470417903029759
1835,0.9212094794807714,1.1407526427746189,1.1704136179228244,1.3213710487478412,0.9796310309227195,0.8565262018066666
1836,0.8318252315284178,1.0678121528463977,1.0511226078409401,1.1894595394105199,1.160853115989972,0.9921088018710756
1837,0.9026923648879208,1.0799360039885921,1.0812141419545591,1.200009984674437,1.447878772961983,1.204682505488324
1838,0.8542707725530316,0.9446034609595817,1.127649029782652,1.1849662697022723,1.4247410980672224,1.1752663592994932
1839,0.9434182558072132,1.0865063389004572,1.0722514444326723,0.914529733743634,1.5168304678324427,1.2514239374804892
1840,1.0611175654083878,1.2812482442226936,1.2172742925862505,0.9754477565069495,1.3720689096517193,1.1501726589655228
1841,1.0396387070343118,1.2866614970634689,1.1419749382232398,0.9016120761697313,1.3216527935355529,1.1106429287762627
1842,0.8888324364821871,1.2568420376447564,0.8027765592448637,0.6825637274186992,1.2940119293766763,1.1034348399936675
1843,0.8187563908260759,1.1765671673641622,0.7558357012394782,0.6724569628907233,1.431549424433805,1.2132873074939283
1844,0.7326159778166553,0.9322485847953229,0.7920950117589699,0.8711968448427394,1.5974164122736427,1.3101023366316569
1845,0.7626601977490473,0.9214018345512194,0.8344715388483411,0.920259518256149,1.5789036327058819,1.2511171756822888
1846,0.8483947353437233,0.952862378616596,1.0072640296062274,0.9604614680050007,1.6491525053469778,1.244114609286603
1847,0.8624652682322489,0.9703302144999969,1.0867962074538096,1.0020742679677832,1.879173679746241,1.380165052446966
1848,0.9553248601318971,1.1378767425717327,1.1392391908811843,1.0798903487977547,1.7919922982590895,1.3211428168070534
1849,1.0454720119055307,1.2759051746808565,1.018645774989003,1.0439932970352035,1.629055337192704,1.2385371787116504
1850,1.2305654381858635,1.4820544605327655,0.808373557285545,0.8407826707704998,1.47712427470225,1.2090765277027569
1851,1.2740600482761966,1.5358042321947378,0.7604459899217504,0.8541196434441608,1.3928527353048257,1.197076946790381
1852,1.3841347433525686,1.5839952327694098,0.863479663157641,0.9735767904135679,1.393815489852918,1.2112351316739058
1853,1.574549619589993,1.5292671703325431,1.2514602120463305,1.205994291866454,1.4428934724891693,1.1910214067270135
1854,1.5888646319238628,1.5251854533656397,1.4593268673398174,1.362000584556834,1.5418414127438382,1.2151369191460892
1855,1.3020436567093365,1.2902775583355364,1.6634317108300272,1.685485132024565,1.8608876263850784,1.347491236412593
1856,0.9608307417579134,0.9595045578743053,1.8537873880481859,1.893838373490462,1.8008584734723398,1.2705455414702072
1857,0.9511884572548109,1.0053502130824115,2.09768147830662,2.0759634240159985,2.1458526766263706,1.3822806547853514
1858,0.8001138461470844,1.0067340890076013,1.925792959684709,1.9000308488672877,2.037348980853194,1.3467867739626609
1859,0.6181677559340417,0.8412738129920317,1.6035101993812475,1.441030983321386,2.1101516540571676,1.4574210599042121
1860,0.6497690739168515,0.7783884220757895,1.2105300073625607,1.0222193529235069,1.9256910389330035,1.2032778762519039
1861,0.7674857661061141,0.9135709215955315,0.9938452918976048,0.8439083840915523,1.6236295362206632,0.9913451524366533
1862,1.0891947991591933,1.1513503080431213,0.7241847252958123,0.5286273261561851,1.4431785162619695,0.8977554914419654
1863,1.2099085696522307,1.1978222372547342,0.6635897597178013,0.4686722323575362,1.356243293840535,0.878716955478273
1864,1.1799832201489575,1.0965781163536148,0.952320009041686,0.7194818552655305,1.2542464634042962,0.8979894746122978
1865,1.2072308701024714,1.1175075665530132,1.0193424873890355,0.7819074263322322,1.1635046539082075,0.8907009030851535
1866,1.3338740335983175,1.1986599403746852,1.0827901538693392,0.8466448323089389,1.1928541269106612,0.9674217846086977
1867,1.0980616797637242,1.0202793591873889,1.2885274410586018,1.150090687009908,1.3888592767644155,1.1738637811723052
1868,1.0438611373253335,1.1249698025318098,1.2867225969506384,1.1652138732689994,1.5230514771603396,1.2704243085906732
1869,1.0480367427437283,1.1808801548088217,1.114912090032042,1.1187439310476763,1.4978939757505003,1.2971791502558154
1870,0.9838783922948358,1.1595544523624257,1.0306452274493019,1.140416850932821,1.3956844828535324,1.3075600912433625
1871,1.1193314507300876,1.3358354327701383,0.8931071023109326,0.9792728924241206,1.167148506509911,1.1143346954414544
1872,1.080767121063482,1.234211348438895,0.9842575538672492,1.0609792075173219,1.032931568028564,1.0135100201047904
1873,1.105205676546028,1.1716464271535558,1.0855872323048739,1.1071248266729783,1.1282646093964384,1.1406893833561162
1874,1.1059158283619914,1.151793561966639,1.0329733782771533,1.1101401759447618,1.152894425606986,1.1320373457941966
1875,1.0771706782917116,1.1402080689219949,0.8257362227127102,1.0205262723469415,1.0756072819705729,0.9258863169381064
1876,1.123520122043475,1.2909141668716868,0.8331861248587913,1.1877704417601775,1.0499451293503606,0.8193808501753462
1877,0.8697345592368125,1.04997031131751,0.5324254097431168,0.873451865831489,0.946016151669366,0.7239527834924303
1878,0.7085811098411521,0.9016928108426991,0.3679845225306475,0.6770382128909818,0.7642999436533598,0.5324129441530906
1879,0.7844349194857224,0.9310544934155185,0.31199637554104154,0.6209083230565298,0.8723741271324491,0.6312150016940312
1880,0.670877655629607,0.7247672449096509,0.1302581874626581,0.417876780594593,0.8547890307146092,0.665182650488226
1881,0.5659860745633251,0.5515831752387476,0.015876099703451177,0.28751774235755134,0.8353186109181181,0.614571634141026
1882,0.586364791270183,0.5560575498966204,0.1772260755437182,0.13841626688226666,0.7416875413335045,0.5116403336110271
1883,0.5064456551695534,0.5509859500410565,0.38680501012973595,0.008592674800191921,0.7026053270297404,0.4890685359445915
1884,0.39371354439329503,0.512202344782074,0.40946109965973065,0.16072469612034362,0.6336395419469891,0.34848461864981484
1885,0.265348700152776,0.4042023527146128,0.4877596646731096,0.27601663314921504,0.49084557237525145,0.179670810318811
1886,0.1893649707557418,0.3554819619546701,0.5813789253249687,0.3856295337941158,0.28639614057454915,0.04720790159305765
1887,0.03816900442632202,0.231897457473578,0.7549263831066597,0.3818823326040242,0.0756515437783854,0.16931590654929357
1888,0.1917829552832022,0.09846298087920186,0.7818329386512548,0.35045298320676393,0.20194628366235126,0.39289090225746953
1889,0.30121010790918584,0.017719100805283355,0.953398587676814,0.4168706408517746,0.33686666469801296,0.49508053051999384
1890,0.31799691078110903,0.010959178415731888,1.0891377792084949,0.4832905660585849,0.39623754408787604,0.5574293237026179
1891,0.29695984051662994,0.03972008302247784,0.9893406965292832,0.5272765614485743,0.41897486013656177,0.6717513708777337
1892,0.2934233133699242,0.06697094024104731,1.1583259804512098,0.8240793986113856,0.4935155102288253,0.7650463082760144
1893,0.33975200654181836,0.2017622742628971,1.3596324773151696,1.103145621126762,0.5360209401703173,0.7774431270378575
1894,0.2244018950620527,0.0289424830371493,1.1417083965157222,0.8790911556349255,0.42184151116894536,0.7225555333108917
1895,0.19703264703211168,0.06353884050499534,1.1836373233497561,0.8961439611470493,0.34551207016521013,0.6403222031139941
1896,0.3961043686893812,0.15835032031917756,1.4226773333674458,1.2150944439542701,0.2853018017789798,0.4930988296003889
1897,0.47156203081813847,0.20239023481773377,1.202819656605174,1.0639888358274578,0.0361787285055186,0.18635708283115326
1898,0.23237477224799707,0.07583222090888954,0.8289609697927707,0.6460095009312073,0.43783140241303764,0.08137802303884571
1899,0.030117112848081884,0.24000296584251152,0.488217042146298,0.2366815142940936,0.8465273167131439,0.5234872918909844
1900,0.4024597607458088,0.5291766566903535,0.16143488951250137,0.24259141404430165,1.5689173401287408,1.3077577397737783
1901,1.0388997157326758,1.0435334232104734,1.1460684748107821,0.9679085940973174,1.7138331974188268,1.6289176404996475
1902,1.4617837045675295,1.5238894854412433,1.771385700151275,1.6125497131805697,2.07100296485287,2.047984251297632
1903,1.5466704560254656,1.6544930580473451,1.3922093586883006,1.3902249574506536,1.9402626621183325,1.8908956520361537
1904,1.4174716274532868,1.5287588402949774,1.323696098248195,1.3171524817095341,1.5979540442315445,1.5543970290256044
1905,1.1846257968249616,1.3209107050539526,1.3284492475233491,1.3017447938258455,1.4448964472467023,1.4322036538860932
1906,1.232080432517777,1.3590266536884943,1.3244697384485962,1.3063319266320164,1.6404696886744947,1.6400875848201781
1907,1.3046292368218009,1.4339402232640386,1.1620468935392885,1.2955030927498716,1.6468307232379353,1.6078628460133224
1908,0.9227140322821876,0.8902726393548219,0.13515999080359364,0.6487675061861784,1.0793184067057786,0.8458260107303919
1909,0.5007778305954532,0.8017728430768972,0.07961181529641455,0.5563679095277928,0.9355709614540233,0.7857895475462959
1910,1.281818913424595,1.1117572977568706,1.2031951218561454,0.960386755726453,1.4280184931284758,1.2922811522678634
1911,0.9683644365900544,0.7316988530075499,0.976361402603912,0.6479651352816465,1.1287797017212022,1.0591070022596407
1912,1.1140423365708285,1.0097151487580491,1.2054779101292419,1.0748739064288424,1.4701497695522634,1.3301475300525385
1913,1.1372680250192366,1.1210596941830662,0.7078707265344046,0.7776099249711468,1.707139792447965,1.5637224388052295
1914,0.9823702638080831,1.0169664147929882,0.44999202084159506,0.5536866523261063,2.0850487601865173,1.894028309215679
1915,1.10462577148986,1.1221594772466341,0.38317832396313756,0.4401303951579148,1.975272129740865,1.801629018095236
1916,0.9836534177702878,1.0376610361276317,0.27499316327314177,0.33781916443166143,1.5290360697476042,1.379504428182984
1917,0.8916473808990233,0.9961769622380086,0.28347754483662635,0.3848542420856902,1.3261472381362291,1.203324556367962
1918,0.7991635833078904,0.9413493982611965,0.45189867961597113,0.6077111635536114,1.2278342744303994,1.1365607281585302
1919,0.8627186815986957,1.013557057985748,0.578815990126216,0.7632418064941914,1.1509636968783081,1.07443468924828
1920,0.9252389379024657,1.066903267726632,0.6816587971487537,0.8739123157841814,1.1401600093665927,1.0600100637128045
1921,0.9594885891306574,1.074435370045753,0.83001919694124,1.0266674651200849,0.9781604529764111,0.8978134503112899
1922,1.049442503250999,1.1602898457609698,0.8750757874018413,1.0881706719800273,0.9404277010276113,0.8494931361227123
1923,0.971171763486079,1.0662698611931696,0.8194391226939521,1.0247650480542847,0.8860746386440175,0.7809132295541826
1924,0.8221337114057579,0.906897776133534,0.79988449659146,0.9911464774878483,0.7843171806603145,0.6796493812631036
1925,0.7441746200188161,0.836678962070745,0.8589513563295489,1.0751434263917046,0.8032134487238032,0.7069763608353833
1926,0.7315102778814138,0.8501355365300459,0.8144395939502389,1.0431593902501841,0.8829623764630022,0.7840598630548782
1927,0.6924743606724891,0.8399762275172853,0.7377542601453438,0.9921348574706322,0.9987930250629264,0.8951937667555014
1928,0.6427739312978856,0.7874378417899462,0.6244894897912345,0.9033971990818662,0.9763580550189292,0.8827553575063951
1929,0.6620859639210768,0.7928597350667829,0.5573931155314795,0.8620808416164794,0.9093530440542006,0.8303033409241973
1930,0.7761133047433902,0.9196625921393773,0.5236252071176329,0.8382560385049778,0.7651641459290895,0.6862771824960777
1931,0.8677247500840817,1.025556085510831,0.465429708333789,0.773831821838798,0.6893131022004562,0.6035895682374752
1932,0.9849624369092977,1.1369781463066504,0.40779363642886945,0.7054115495682917,0.5468291293060029,0.45918550305449635
1933,1.141246749785219,1.302251614025975,0.45964716434290015,0.7839766627580501,0.5298038650449324,0.421613256300162
1934,1.150541999629245,1.3209892568195682,0.5161492162071954,0.8615204208402752,0.5802029132981827,0.45085063954011806
1935,1.105524792231595,1.2967846157026248,0.5781093966167459,0.9488546216110768,0.4986379113824016,0.37501573388459686
1936,0.9553022518151794,1.178548297380237,0.5384646427105723,0.9044150050039022,0.4035617823722105,0.2881933322159589
1937,0.6859562896056497,0.9057631067773106,0.4416540943625172,0.8200356186694401,0.3541719780600781,0.23802697682319762
1938,0.494744162804657,0.7195340649471157,0.35194917902821604,0.7386112061086562,0.3028914981154878,0.19353662359092635
1939,0.3888870863939011,0.6364066591019322,0.27389037717515574,0.6759095533091446,0.2791659208440748,0.18023157061230136
1940,0.3121865303221361,0.5756048248239747,0.23326615123571232,0.6661553644437784,0.31005814774722595,0.21132590930563303
1941,0.28518578607776585,0.5662831580517594,0.14841739682193877,0.6200746477265454,0.2632390617636335,0.16016743194565108
1942,0.2989096248358537,0.596423228644247,0.04790296425814344,0.5801106408661092,0.19702994698749346,0.0838128707129214
1943,0.3466156433954922,0.6750321067965639,0.09554625908517657,0.45978162735850675,0.12405673582988264,0.0029806762567916828
1944,0.3697079832744713,0.6986825179229782,0.26772976472022036,0.32438468681212024,0.1195724627827449,0.023558925927996813
1945,0.42289370006948135,0.7441455672579596,0.47123312838678566,0.12042941080472302,0.09435955488353888,0.056913529614960184
1946,0.4695055789981139,0.8080387264825324,0.62827842903789,0.06981652012548864,0.08912917156870598,0.06083971370161927
1947,0.39929558335371,0.7484666228104202,0.71786899917387,0.18133185465672264,0.09208916381513294,0.046860779818289504
1948,0.29317050612922063,0.6419853820483177,0.7154878642013625,0.20734881473057779,0.0678248743957785,0.05833410047607548
1949,0.17203195433177404,0.5030395088485512,0.6659397255689896,0.18910873452248758,0.05740798274937869,0.0633585890210607
1950,0.10891272951036524,0.41302569856278104,0.6311560133558772,0.17817468456242114,0.03117242255835306,0.09012000633616656
1951,0.14639305931893296,0.45115170551384626,0.5740478724875415,0.13673521264930874,0.02293241841496294,0.10480421778108596
1952,0.16885185949130355,0.48211297450953194,0.5296786824562166,0.08152017766670219,0.018691975735297264,0.11537792758459826
1953,0.2331376957331225,0.5748538357281561,0.49345121963364613,0.009811177585145513,0.020542927772735437,0.11869449693268354
1954,0.2775910092692754,0.635010558247568,0.46668279321035266,0.04813817562030237,0.02694484619260453,0.11103034914187594
1955,0.31324260356155526,0.6724898405922383,0.40361960946694553,0.14013926803918877,0.09759485967108952,0.03582109110883439
1956,0.321086940145264,0.6719836630057708,0.3634098619083308,0.2207446060213843,0.1883700763377237,0.06129356745890284
1957,0.3361299963123221,0.6927585221954559,0.35159639124624653,0.2478546346885203,0.27223590158926114,0.15093531998267676
1958,0.388787896487832,0.7815811442527092,0.3351434871533765,0.28648590520387335,0.28850439511143766,0.16927098540549887
1959,0.4101109677213777,0.8354992021793256,0.33714160858599673,0.33660770358182607,0.2908665882464147,0.17203930482450894
1960,0.4214936936378113,0.8585710299301225,0.35046320231980294,0.3511134240333798,0.29124692067404395,0.1739075255581152
1961,0.4628080625664067,0.9155854068135992,0.3845645470843432,0.3538292699699269,0.2791165340512563,0.16371724816697328
1962,0.46841648661488117,0.9276118278151305,0.4493308341593158,0.3108588260038708,0.2961773992498104,0.18255324192497735
1963,0.473751556137324,0.9477670997067837,0.5051577200222227,0.2561831609647572,0.30917500528636116,0.19767023550794013
1964,0.4467203486610018,0.9386935753881875,0.5499520719771954,0.19285242283466417,0.3182694980182656,0.20848050245045288
1965,0.45923996298120406,0.974965576931853,0.6063767879383611,0.12276620575710613,0.3029041252311,0.1952228336521069
1966,0.49528185586861256,1.0296962953866333,0.6976965037199861,0.03578419434502054,0.28031019207176716,0.1734520679712408
1967,0.5190613456852937,1.0840342225369444,0.7769948981444631,0.016098401652385665,0.25974374872452083,0.15334331725917175
1968,0.5653092190319363,1.1433050149838109,0.8379244996892357,0.058805576746979366,0.23428901445435343,0.1288300970576362
1969,0.5666060277866023,1.1348348589235409,0.8672125092734878,0.07971559000626995,0.22509621593021875,0.12028589399417648
1970,0.4944840253704945,1.0439141450758789,0.8706087499605828,0.07428814678996339,0.2312175128288295,0.1268283480150689
1971,0.46815074269237056,1.0240286755520294,0.9008903467297593,0.12089249290481136,0.24452136785170664,0.13957871110227033
1972,0.4206790580450196,0.9797141135120414,0.9195334045084927,0.1473197024531298,0.26174656993565687,0.15596664730907697
1973,0.33871305413728,0.8931309495628672,0.948544221092937,0.18275901800092398,0.2753671874870429,0.1693559437769422
1974,0.2999627546131519,0.8526956703346091,0.9918064463304792,0.2460547417054379,0.28421415288072216,0.17759282742397492
1975,0.2684888002173944,0.8144341935164899,0.9985776244376471,0.25455737194225353,0.2780162702867734,0.17132663548414231
1976,0.2526202979638263,0.7966995367682935,1.0015078851056856,0.2586502317004188,0.27241413130959136,0.16530993771967237
1977,0.24437772017345505,0.7873358053108304,1.0026706222252295,0.2538659730961994,0.2689948953248228,0.16112242921551423
1978,0.2444164901454679,0.7895024548694964,0.9952547853218159,0.23959842084985553,0.2695933344717813,0.16029267050743484
1979,0.2590441309427914,0.8103581425377839,0.9633338509203707,0.2006283123882425,0.2735587222524647,0.16265260093630063
1980,0.26750408343966664,0.8262182139595177,0.9290355851944423,0.1694028928112057,0.2890572100802202,0.17663382964051083
1981,0.267524232185584,0.8299168822682124,0.9098223695723708,0.1600595838384875,0.3035616127629157,0.18944206107772216
1982,0.2858126746016423,0.8594726874644598,0.8916370284279629,0.14990216526714167,0.31658656768496524,0.20059964791867704
1983,0.28267004671396445,0.8605363443549828,0.8944241020714112,0.15710268945462683,0.3276106293131312,0.20996796021593703
1984,0.28538749910296274,0.8641790178619673,0.9065039769516169,0.16826423358868284,0.3348127746620204,0.2154011015135845
1985,0.2884916082503437,0.8686324354110968,0.9179852769272123,0.17368623176836379,0.3385900794679733,0.21690290979265056
1986,0.26676379942275336,0.8397223571817396,0.9356413225714535,0.18319124876032553,0.34322948541266135,0.2195643186162191
1987,0.2629095191986215,0.8338426229896642,0.950206818259168,0.19172481903529073,0.34902851432236737,0.22363403464394382
1988,0.2790086282786679,0.8498167668223763,0.9486428070941147,0.17873151479682609,0.35882702866836036,0.2317377152196654
1989,0.3096301878681003,0.878818292543208,0.9327434538240669,0.15934628798805292,0.3663993370874413,0.23797315302510424
1990,0.3532562188272725,0.9272081226139299,0.9092194459196752,0.14047563485631143,0.3783654150594886,0.24812216347352903
1991,0.3962106188264283,0.9756107730766402,0.8740545216519363,0.10575445475721557,0.3899699446746055,0.2569898811601716
1992,0.44286478828489373,1.0297005228722493,0.8308710859921545,0.06301457632309139,0.4041310355299439,0.267871753612564
1993,0.4700837624560344,1.0577822069276492,0.7961188747402599,0.02899167974177415,0.4172416889243664,0.27747319917641183
1994,0.4692149356917581,1.0460753548625057,0.7812761332809992,0.01205117129584762,0.43281766745236794,0.290131710352975
1995,0.4636236197888847,1.0408092890612957,0.7905010886386236,0.012628267462692171,0.45168676811116987,0.30564850421455186
1996,0.4442469072886695,1.0220411723656118,0.8048650037251688,0.01529347877916451,0.4674246229898537,0.3186474633478547
1997,0.4319615341448783,1.0048499694138693,0.8290031806381216,0.03294200822031243,0.48177940475580927,0.33107819846314585
1998,0.46660172748690043,1.0470435866842374,0.8485913581916471,0.03966237499820074,0.4974954737307944,0.3461411896899642
1999,0.512686846434173,1.0826487908809448,0.8175863718446879,0.02017062893908584,0.5053701583183093,0.3553346239093739
2000,0.5996327983336678,1.1545586745484753,0.7475892334365855,0.017451641189698056,0.5131904714427715,0.3643072763195096
2001,0.7442496238351177,1.2674651202620781,0.6559824612027871,0.06622058230796873,0.5325052578857052,0.38287878436624007
2002,0.7994978313895262,1.2777324956454437,0.5399869398777192,0.14083784021047702,0.546928287985176,0.3943143378184847
2003,0.7871388846268562,1.2131403782018195,0.44322038592987445,0.20767312106130523,0.5627843127340189,0.40571869420357476
2004,0.7861452643979393,1.1916652836291917,0.38778148280686364,0.26514306910276525,0.5979099098740501,0.4397914601578533
2005,0.7448253678284539,1.142579275736525,0.38925573734506674,0.2865381021828319,0.6279111543068235,0.4702879568168752
2006,0.6681978495850815,1.0703508372383421,0.40213493818983564,0.2896553926017681,0.6558414721439905,0.5004552659728695
2007,0.6178824693771722,1.0490574051676629,0.4077035589789385,0.2970295250039723,0.699282236209884,0.5434714935732492
2008,0.5634925751433643,1.0326084822393222,0.45283445439177566,0.24039633834038676,0.7354917943004928,0.5768272178490739
2009,0.5226178987966714,1.028806299568539,0.48319040226144394,0.22180026014506957,0.7325195851277366,0.5721927090833845
2010,0.46644178490611016,0.9843254664384226,0.5204206328026727,0.20767154467369828,0.7234077198461639,0.5619796613551514
2011,0.44963492899027213,0.9811935295123982,0.5985094926833996,0.12835572016741564,0.6913597360014879,0.5315339813010751
2012,0.443703984580089,0.9791033478740827,0.6288969985788372,0.10664380209722854,0.6283201557177099,0.4704619520628001
2013,0.43670117959566357,0.9723312879428755,0.6518891019758465,0.08745665936776016,0.5909619393747746,0.4343107502696884
2014,0.43522664989181337,0.9776907940141568,0.6747752545509642,0.07300382768034468,0.5723734837416704,0.4185698673117888
2015,0.42994790646247116,0.9859546455827989,0.7351897376893367,0.03526185793018107,0.5617730886757331,0.4111224205666689
2016,0.4122070456782915,0.9873242782412491,0.8036121132493754,0.008100154920110143,0.5608675536028784,0.41289424143244047
2017,0.37615529460698455,0.9622490037304329,0.8605475261821827,0.05154391671644032,0.5756695463818206,0.42777443310002095
2018,0.32523443762619986,0.9118328768460491,0.9157001898626717,0.11486159680103192,0.6060191116727903,0.45523643040760986
2019,0.258513476216431,0.8290035576107209,0.954596958394288,0.1696698051847682,0.6252485857515176,0.4692988679268399
2020,0.2307947713268636,0.794944566581456,0.9971260790831268,0.22287673889750464,0.6254271995906535,0.4637901550545039
2021,0.22620252076894498,0.7916211172256912,1.0203516092561864,0.26709268963719535,0.6359346104002497,0.4690157251311583
2022,0.2478507754104301,0.8225115147975712,1.0402475784566805,0.29852748586941596,0.6358705288640887,0.4658072089908053
2023,0.27540343034467507,0.8635182220314205,1.0491110706764306,0.3058604089563146,0.6296280965131233,0.459191841181547
2024,0.29060306464750285,0.8887386394185115,1.0386722255280478,0.2927178380723233,0.633197547019386,0.4630690221996741
2025,0.30081888050749417,0.9094080173653085,1.0440351330185125,0.2885112686827249,0.6298003986406855,0.46073373478277785
2026,0.3148744738308222,0.933857281404655,1.0622128777636999,0.29125014779957936,0.6379070033600341,0.4688508335030799
2027,0.3254628682015415,0.9554887021301625,1.0763024236632992,0.3004319576827641,0.6537799191934003,0.4835685311553795
2028,0.3524410534059063,0.9861392415171092,1.0780660826924586,0.2948277555391669,0.6709146218080596,0.4992603881244126
2029,0.3987063669245499,1.0298697496150608,1.0660210276961841,0.27971730706485975,0.6943849495396678,0.520390064709695
2030,0.42203312912804275,1.0516848650396515,1.0532442880461503,0.26895326509525547,0.7110416060288497,0.5340587552815454
2031,0.43380708908943266,1.062055318122132,1.044101147316814,0.25566778395636575,0.71899604474287,0.5387093987327437
2032,0.4290037176133129,1.055919086831034,1.0411375795033377,0.24791112082576794,0.7241049210654855,0.5407489719251579
2033,0.42208502147873045,1.053433328795573,1.0388245562852814,0.24758027325918855,0.7314626341379418,0.5462853531321449
2034,0.4113549544020953,1.045422638929237,1.0357865757020939,0.24456082516316793,0.7390868372831044,0.5529588496870276
2035,0.41280881700991673,1.041722469300998,1.0124147221349633,0.21864695993096683,0.7487435344023468,0.562083436158791
2036,0.43476805345816766,1.0624269668267896,0.9889950706729005,0.201127189730924,0.7522539503979172,0.5654928217383495
2037,0.4530253657389999,1.074657208502646,0.9589162662386326,0.17443758923024885,0.750858619797472,0.5637223981599584
2038,0.46944294202969705,1.0863132170073644,0.9355937318492059,0.15056406715042045,0.7544808019710426,0.5666227644345238
2039,0.46661472661303655,1.0816884917110692,0.9282702715015018,0.1464421635875477,0.7667885376879054,0.5780018797244203
2040,0.4473794444123809,1.061976503474544,0.9397341172448003,0.16014588426101517,0.7876797102091702,0.5978423603427406
2041,0.4298093593317153,1.0439601731290578,0.947952065804283,0.16512619014625524,0.8093102430105982,0.6179315999484795
2042,0.41302027383076084,1.0293080135926436,0.9567547026024815,0.17393222194734645,0.8383194291305471,0.6451721767999917
2043,0.40642759738740275,1.0240985740660598,0.954602376836946,0.1685694500028782,0.8581053733553787,0.6636235571849513
2044,0.42335492032112426,1.04470325765296,0.9325400998046502,0.14446102045851247,0.8644881678758619,0.6686675312417368
2045,0.4444579245160643,1.0711984115389575,0.9135916223166993,0.1317042183979541,0.8727392060611258,0.6757271937537824
2046,0.4739059062032718,1.1096361490713402,0.8932678439948704,0.11718516477910759,0.8803012783987088,0.6822050890382981
2047,0.5066389086292701,1.136641875590356,0.88166148518247,0.10871334165240486,0.8940163961079833,0.6930940995028493
2048,0.541523511191916,1.1698916316015038,0.8837410965197852,0.11843829204412108,0.9168514329837414,0.7118443360852362
2049,0.5621214788853948,1.18346599767773,0.8916818933789687,0.12355943155041671,0.9359577591381893,0.7286717516805329
2050,0.569331970513506,1.1778414378820568,0.9054886705856149,0.1340954739471858,0.9423869494698645,0.7349622400678356
2051,0.5698749520553178,1.1738410068931933,0.9190963558082349,0.14420151786325508,0.9447117802972911,0.7380971010858038
2052,0.5559651677960356,1.1565333479381645,0.9238673477139733,0.13533664170845983,0.9417702856781403,0.7363998787295328
2053,0.5345000070047343,1.1391249692977965,0.9168665650656517,0.12076793040792948,0.9377443427205573,0.7326411239963567
2054,0.5230051193981441,1.1340151602043511,0.9097878467874246,0.1102213015647203,0.9417948562438905,0.7365247717703335
2055,0.5224845407892708,1.1415331468902847,0.9077214638058607,0.1044411866569071,0.9618760230471983,0.7562764953751241
2056,0.518864962436352,1.1450619700427507,0.9085742928544988,0.10747099942655092,0.9771527716143025,0.7713831227059847
2057,0.5309595868411332,1.1758371461355517,0.9154566773714214,0.12493798732688395,0.9892235376819078,0.7820475445763169
2058,0.5309173360086893,1.1808488044043837,0.9154976094131236,0.12336311536337426,0.997395952011077,0.7882822768361689
2059,0.5046607206677891,1.1457206128778372,0.9129559532224771,0.11760738925766587,0.9994211096787315,0.7881602317587519
2060,0.4870821319109578,1.1309994339724032,0.9090128633519244,0.10012670717889992,0.9986711721578967,0.7850314423023939
2061,0.4809109752479966,1.1282348687112393,0.9009947870783543,0.07973390820766699,1.0044495712072703,0.7897359347311445
2062,0.4710357164818981,1.107145687132093,0.8951350030669191,0.06923167859342645,1.019985565205933,0.8034878712354361
2063,0.4755639491556305,1.112929581508566,0.9045830968716367,0.07837611169918798,1.0380355854738494,0.8194751343525729
2064,0.4863235062719164,1.1323998722492499,0.921825283991827,0.09854002219368052,1.0536852660726328,0.8336815862583602
2065,0.4787413095859522,1.125766712055485,0.9414109689612074,0.12038504879603514,1.0591290618706402,0.8382952571205131
2066,0.47023016199924295,1.121484185055074,0.9570433417032473,0.14356353701424276,1.05720106525967,0.8370833464040605
2067,0.4657569415342143,1.1225478347820292,0.9732314152015935,0.1601040458553394,1.0543972075792398,0.8344411630177228
2068,0.44591874870953213,1.0990718880900185,0.9907111769335275,0.17735065852157283,1.0457208714165993,0.8262980786600703
2069,0.4363996508959292,1.0880809594578027,1.0096005543514488,0.20222078268815982,1.0339981968705756,0.8128692444899681
2070,0.42786736437668604,1.0799533975501716,1.02482352142414,0.21912066560435178,1.0216914451888437,0.7965434341765998
2071,0.43224981589990774,1.0825560605803284,1.0541487367145712,0.24725782668016907,1.0240642951239745,0.7934568357646827
2072,0.4386082004741203,1.0827596198576406,1.0754655034777072,0.271494768123133,1.0284961604291458,0.7917760311019056
2073,0.4410371507902738,1.0821164496177307,1.0843357930155977,0.2810303852211263,1.0392868513222915,0.7970157344879396
2074,0.4396940303199429,1.0755897671879011,1.081766514258249,0.28175170033193875,1.0598563305634545,0.8140467005109562
2075,0.43562883788087986,1.069210046756314,1.0682650223239205,0.27169201488253497,1.0705682984950833,0.8225356218493708
2076,0.4359698687291075,1.0746704756736896,1.046795839467073,0.25545032790331207,1.0778449217311357,0.8278524733376601
2077,0.4347690394647101,1.0774063627548467,1.032504858364986,0.2490696505185581,1.0804300442565318,0.8295991815816871
2078,0.4421035743918341,1.0842318839993357,1.0241817393382608,0.243764018755149,1.0857818396623387,0.8346304557541749
2079,0.4559893259546865,1.102024799705902,1.014853452346279,0.23889513677381977,1.0985795082117995,0.8463614526572605
2080,0.47509080416115246,1.1203658155070828,1.005061524853105,0.22873064856913342,1.113876109835494,0.8594350393293382
2081,0.4874517544582774,1.1292033092757303,1.0016469273243884,0.2228562615846988,1.1329167436370147,0.8750967851728215
2082,0.49012766776377936,1.1324137387657405,0.9966572193668204,0.21866415081906504,1.143958559233985,0.8825393970150394
2083,0.48393091151088163,1.1194205055348854,0.9944157904938178,0.2119499703991883,1.1503373078304135,0.8856997579949643
2084,0.4715694447752588,1.1056683347009129,1.0012473132147217,0.21842750411652992,1.1560013150960033,0.8898410872246175
2085,0.4519183081672768,1.0866152813198369,1.0090007336720839,0.22851075497873743,1.1525114252419102,0.8870587763785478
2086,0.43242400456172775,1.0699135694363433,1.0207878299280053,0.23696047047703075,1.1543781693591801,0.8881781474260989
2087,0.4163634431350357,1.058550673035049,1.034812448524922,0.24094228783987448,1.1616319169366143,0.8935330803648159
2088,0.40664881692369614,1.053169210660909,1.0434842924228416,0.24648512673293946,1.1652877577537155,0.8953524264550347
2089,0.40477903511660007,1.0600817699950935,1.0493389863335616,0.25299047347423204,1.1703872013534011,0.8976485689184218
2090,0.40861159665729935,1.0650204217393893,1.052263693866045,0.25702200601225056,1.1754691785537594,0.9003139260717579
2091,0.4165513669878808,1.0654997112046476,1.0542859284348374,0.26338249833256255,1.1818904447773626,0.9030605559671055
2092,0.4272610831151878,1.0766768831576508,1.0656424067165489,0.27819830035007953,1.190099936162645,0.9079089250965595
2093,0.43426703583325227,1.0849527860163488,1.0782237345780108,0.2892474448606903,1.1990040813509744,0.9131001149499777
2094,0.4383381515162163,1.0926464704389358,1.089093917548999,0.29815552044863486,1.2056881620762305,0.9154360863511092
2095,0.4387629824862872,1.1042711420605895,1.0987432688339014,0.3056284201585002,1.217076016144884,0.9236582067077732
2096,0.42906861596649637,1.100836177340737,1.105263636022395,0.30661338818277994,1.2272005949979465,0.9300291837777108
2097,0.4214146942494015,1.0936991429519105,1.11200974933532,0.3069709455089271,1.235361873861992,0.9351885277458096
2098,0.41565417701272916,1.0898229160667308,1.1193867512679974,0.30732176210303064,1.2434267473320864,0.942217653149363
2099,0.41021526772315553,1.0867668701183928,1.1259435466713559,0.31327063776318104,1.2525707533043977,0.9497938685673722
2100,0.40693171383447513,1.0873363574300647,1.1322517277242021,0.3248699108639179,1.259668378392919,0.9546571505158451
2101,0.3992936095467631,1.0773700101901067,1.1311181561870614,0.33200350192417094,1.2653399031721977,0.9590358746650998
2102,0.39686245310835705,1.0711140100257714,1.1303239482793552,0.34230023987347696,1.263731477670524,0.958342021309341
2103,0.3950310687189191,1.0661608825921132,1.1343841460665216,0.3563964520905773,1.257404648133976,0.9522545402602824
2104,0.3875769116747448,1.0549936027172662,1.1375055612104419,0.36791075171517124,1.2464187480866165,0.941939911047265
2105,0.39426018210411107,1.0617849373774677,1.1390859047090856,0.3724590176200661,1.2372805670133709,0.9328230877050045
2106,0.40112965333553097,1.0669369997357678,1.1396616832747073,0.371172696856454,1.2336853888245471,0.9279057010602834
2107,0.40545975554576497,1.076326022870097,1.1379124346358327,0.3633829333436898,1.2383803637024062,0.9300170666673105
2108,0.41442530845570213,1.0878714412410841,1.137194522962239,0.351763354248897,1.256316971254789,0.9448019947771011
2109,0.4252028821668647,1.095964922023897,1.1277750549160985,0.33553424529960846,1.282027152268605,0.966264492121374
2110,0.43097237329804405,1.0988268592551604,1.1209324950430033,0.32691288908585137,1.3156859586538783,0.9960171956140669
2111,0.4444632602373225,1.1091999304137614,1.1151772572133105,0.31857888317511396,1.3500675347924116,1.026622955076744
2112,0.469087534312287,1.1369405385758469,1.1012425797660907,0.30677184501791777,1.3705589226497692,1.0439047373970098
2113,0.4831150456049052,1.1532525043532098,1.0857737539708388,0.29096193486284966,1.3822892644395428,1.0522047581822729
2114,0.4950198777002862,1.169129687665207,1.077745547110919,0.27772097813209956,1.3926079914850489,1.0590080664287187
2115,0.5094151097962059,1.194717612170721,1.0774296810967232,0.2761608569488713,1.4058951189304834,1.069592313914756
2116,0.5114812491544904,1.1994059008538653,1.085021033076267,0.2801309519316342,1.4185616043417812,1.0803089878778724
2117,0.4999744229289233,1.1858946308723122,1.0946843044961845,0.2842901473657444,1.4356489107185189,1.096121398331333
2118,0.49064219768546236,1.1701735654115153,1.0989148898736054,0.28722778872244453,1.4403665264514318,1.10059544895157
2119,0.4822125878001663,1.1458047287902957,1.1058256691881598,0.2981624145008149,1.4429646749031246,1.1023933558870944
2120,0.48110055187472783,1.1415521571816087,1.1082141960511047,0.3001776280290786,1.4383741120543478,1.0968223397539665
2121,0.4832820693022793,1.1429656047666183,1.1087852071557167,0.297262374910036,1.4326764261097937,1.0886033437225546
2122,0.4867352450345919,1.150491696867137,1.1172126619004616,0.3024985092254919,1.4256677589491118,1.0811247968342121
2123,0.4965373136889506,1.1744265957893891,1.1280821407931039,0.3122775973171986,1.4178520312772145,1.0744471858622662
2124,0.5024471946158375,1.1940477747478322,1.1418076060089688,0.32487169583625275,1.413402573074399,1.0706011170078955
2125,0.4956927927788806,1.1884800295646032,1.1411456082368467,0.3298404501443093,1.4193267584426406,1.0747658856634155
2126,0.4982875361056859,1.1876563614801618,1.1263890620548982,0.3291854514665348,1.4324042068373057,1.0850014729643733
2127,0.49458508217210223,1.178186418684846,1.1101597478231,0.321005724896444,1.4531636941833246,1.101527726450919
2128,0.49154034151638654,1.1692511557483023,1.0866152346231772,0.2988710574703214,1.4717615452123196,1.1163583498760499
2129,0.49688078760034265,1.1695871926112198,1.0652700195036542,0.2772153056985151,1.4863412438863404,1.128358901442604
2130,0.5036605049737081,1.1742693003190132,1.0543237815559074,0.26214993124049796,1.4993138197274443,1.1378009847775101
2131,0.5079026402285992,1.1819739818072292,1.0533717477986755,0.25950458140969634,1.5026175679523486,1.1381788397660346
2132,0.5062031175995092,1.1815918978195752,1.064093970508256,0.26703295203152366,1.5028023534007187,1.1362287882631572
2133,0.5005396996156615,1.1797641461808146,1.0776382247004281,0.27514539788591647,1.4977979134073491,1.1298751006455001
2134,0.4910722644370419,1.1786918304551763,1.0968644926823135,0.2849680763509542,1.4862247606421934,1.11806316480124
2135,0.4884836664210175,1.1736217201875632,1.1085057855139062,0.29232326356035526,1.4737740701676385,1.1066854417348784
2136,0.49471235703451505,1.1711231714611947,1.112915757809653,0.2934606517951788,1.4577661505495678,1.0926623660844224
2137,0.495658685122675,1.1665675818533394,1.1195265897955846,0.2973973431882493,1.4506692748848853,1.0865868662198326
2138,0.4883992628088031,1.1496232048170334,1.128459333751125,0.3087475211681787,1.4552686273186355,1.0893592550338809
2139,0.48326448799924765,1.143135704959808,1.1355415483191047,0.31721326273476336,1.4639063185939325,1.0945980058472482
2140,0.47043722215990963,1.1384594792098393,1.1447468210753358,0.32498125769434155,1.4782491965820896,1.105164611884149
2141,0.46143518871571865,1.1346375137668876,1.1466041230752946,0.33171139950248996,1.4847199995112959,1.1092331647656613
2142,0.466535920227048,1.1458576399938498,1.1385533154219007,0.3323122635453186,1.4873064059140138,1.109170290488529
2143,0.48319901027050766,1.1682941612040867,1.1265154317781616,0.32369589943708255,1.4943043483941487,1.1147141598701327
2144,0.4977573673213244,1.1810725822695833,1.1209931384823353,0.3205011418602966,1.5017467341339499,1.1207458782445225
2145,0.5132805574065821,1.1950191126011125,1.116085265749706,0.3212720936831377,1.510434252439973,1.1269867725591796
2146,0.5222094836822644,1.2076642180218022,1.1177270636138106,0.3245262159795292,1.5255642444004356,1.137936509062135
2147,0.5161460371628718,1.2008451369532953,1.1205534011913512,0.3291729785145357,1.5380188965679793,1.1477327767420977
2148,0.5074978722154757,1.196377430777706,1.1259395434897834,0.33202007051083576,1.5494043464493252,1.158409312941531
2149,0.4928619856929636,1.1923285594171986,1.1325105599849203,0.3321619670764879,1.5571693243000673,1.165773063789977
2150,0.4744702966631158,1.1748869399718649,1.1425846523141774,0.33788183806524585,1.5548046838628717,1.1657927206279246
2151,0.45254196579167405,1.1444929517784186,1.1589464152345181,0.34878521242230187,1.5424346333570886,1.1576841326723117
2152,0.4390776500535668,1.1299198006695972,1.160111507153446,0.3480870704152785,1.538616478017867,1.1532613719676819
2153,0.42377148036802514,1.1082736906573771,1.1456970034416885,0.3378665242325384,1.537642481084779,1.1487411806417287
2154,0.42016606073084767,1.105202823491762,1.1319871499514336,0.326627152304856,1.546944539904213,1.1528758117986169
2155,0.4360782606412408,1.1333421813524602,1.1132803744436393,0.3105788517260753,1.5710230282848028,1.1691270917777212
2156,0.45416527361841386,1.1509285921050727,1.1054425639584635,0.3098836945031622,1.5879089622114446,1.1818725702614135
2157,0.47835074089484503,1.1746656462231357,1.1125768903750075,0.32153396997590483,1.593080884464037,1.1852495540570827
2158,0.49559007188558885,1.1929073622328228,1.117072420233063,0.3300320745084621,1.5907340334620543,1.1805326962192098
2159,0.5029580446016175,1.197888274056214,1.1258259316302188,0.34459899487589896,1.5783399445186566,1.164198482708979
2160,0.5053966584408495,1.1959166250172342,1.1350589611801298,0.3544860115636922,1.5652833001254807,1.1495900848664298
2161,0.5025212214667424,1.1872829917278411,1.1480066454028672,0.3655021469389572,1.5610099890176934,1.1448936683582909
2162,0.49645489906091866,1.174879982540977,1.1583438055958706,0.37786382778994876,1.563927122009196,1.1469348376620332
2163,0.489584030397303,1.1633291991777863,1.1670328422155474,0.3817166181232601,1.5673966249395337,1.1492990643896133
2164,0.4742273912032597,1.1491053572504677,1.16925938161503,0.37649354319578027,1.5816184503401762,1.1615240006022842
2165,0.46959188565329935,1.1534986402090885,1.1673245314932075,0.3696572127656539,1.5906171997051772,1.1682221745063976
2166,0.4685241838137702,1.1575252620659944,1.1654802760810066,0.36156523629226933,1.5957858695298426,1.1722691012597062
2167,0.46833809777698765,1.1589257096428873,1.16467133775764,0.3557554732211118,1.5993593697195316,1.1766903423561494
2168,0.4666955455506708,1.1578843881049286,1.16508010739626,0.3532950446782894,1.5980258692679263,1.1773726457333338
2169,0.4608735570054186,1.1589540990048155,1.167753917199287,0.3593192690581181,1.6080464509439107,1.1852575456331742
2170,0.4634106433152087,1.170698041169995,1.1676972421552945,0.36357981282816887,1.6164748142477972,1.190179248752142
2171,0.4611416846288682,1.1693239177456494,1.1663862241268852,0.3650661202709251,1.616590486559395,1.1863797995183223
2172,0.4572521762543662,1.1632196044898095,1.1618779861533048,0.3678487491130797,1.6224532941413619,1.185320345967316
2173,0.45020954278315856,1.1548155485568858,1.1615340706990716,0.36988529923303837,1.6170645291172063,1.1765035682348208
2174,0.44055403044689617,1.133851822730611,1.1589403849804185,0.36159101789142484,1.6026459478425175,1.1640460885370776
2175,0.44020927997626724,1.1307092851335319,1.1609116315964316,0.3656451599867835,1.5959686272370113,1.1573722197915264
2176,0.4526345967494613,1.1476597310488146,1.1696264729595798,0.3806271176460494,1.588869440252221,1.1493571594616607
2177,0.45807246496416343,1.1537715716724841,1.1724565249095955,0.38544466797425525,1.5854291337487778,1.14595143948618
2178,0.4645853645851479,1.1636190408895322,1.1811664836971814,0.3956527882864549,1.588603886658932,1.1447139863146873
2179,0.46319187241257154,1.1600590830991704,1.1923203194300651,0.4059559612723621,1.5973062838074366,1.1469020886673302
2180,0.44665914600884593,1.136206550726172,1.2001045089991529,0.41195778125522925,1.604479050422183,1.1493833634079698
2181,0.4203875850065648,1.1056584684954325,1.2090859569588885,0.4198910181854852,1.6067759382046103,1.1497931877180658
2182,0.4019519235397147,1.0841579403265929,1.22792318947108,0.44308289718198984,1.6010773932609321,1.1452448938304485
2183,0.3834627184680323,1.0617821666884355,1.2394241029166253,0.4522151677315052,1.5915054136791866,1.1388505783923537
2184,0.36625001281764613,1.0484731629383268,1.2485219353848058,0.45747741723315216,1.574835978350592,1.1260060825645046
2185,0.3566253227288759,1.0414659010226097,1.2552683986642352,0.4677235702438454,1.5654582543395519,1.1187226055967536
2186,0.3607397210336766,1.0467646782930242,1.2519181092142473,0.46581948266813156,1.576624266079192,1.128329767499796
2187,0.3650619790697433,1.0555462129459687,1.2434827812698341,0.46091413904423606,1.5898615173387456,1.1367889100521158
2188,0.37121645741594506,1.0688671853553384,1.2433284530112862,0.4664670140205466,1.5975965760604596,1.141477859398004
2189,0.378169699392944,1.0794041217548196,1.2459982518839885,0.47029877246499285,1.5985196420341286,1.1418908938003323
2190,0.3760639544014036,1.0772889973235003,1.2573150219292961,0.4848657878541521,1.5903238289207513,1.1315223648656116
2191,0.3693716356105237,1.068081267366715,1.2725932705259797,0.5067096848659335,1.5852285102320327,1.1230903717106064
2192,0.3587282419291297,1.0547129751458908,1.279615693194195,0.5193624463772768,1.582379199583604,1.116974514192306
2193,0.34642369983639354,1.0354439714948394,1.2769831209427827,0.5194939046640249,1.577901517167198,1.1092068170074882
2194,0.3322746414720588,1.0225228491662346,1.2752568249930385,0.5190989832113586,1.5737710647277305,1.0999446460795719
2195,0.31755499658131525,1.0136570660493631,1.2721024693725937,0.5153781269028375,1.5811858441302966,1.1006085219487929
2196,0.3068741643933057,1.0069742335962666,1.2775280349039875,0.5189085670941261,1.5785853487328818,1.0887604665504849
2197,0.294188604513633,1.0012235197558192,1.2940133037324433,0.5340337548920332,1.5745037041691687,1.0749987270022463
2198,0.29056655285088473,1.0036556733409832,1.3082599968749937,0.5456888209856965,1.5754117785560042,1.0716892537145588
2199,0.2940435645116885,1.0146700891071687,1.3231746181077073,0.5590765353827417,1.5790444661177998,1.0754775373748569
2200,0.2886176955728801,1.0123744208309522,1.3366277638452344,0.5681530828860831,1.5831792031934813,1.0820505393376372
2201,0.27764164766292565,1.0042820917200228,1.3463613849219938,0.57753500988269,1.5795425966724772,1.0903153045204281
2202,0.2725340769179906,0.9953519475926903,1.353704523873586,0.5788942819201434,1.5920429034234984,1.1050159088793425
2203,0.26807999428764456,0.9823199516387914,1.3421946587087912,0.5663764810389472,1.599466942456536,1.115352485638123
2204,0.27426279096769485,0.979882409427115,1.335686626715801,0.5631527701482567,1.6008143414886253,1.120459010960934
2205,0.2964769563775141,0.9999599397732748,1.3246506974652572,0.5548061602637477,1.608565709585188,1.1276154725706962
2206,0.31495747564106946,1.020952419295463,1.3092329831620073,0.5417698355484813,1.6156405184852085,1.1323527605877133
2207,0.3288460239580656,1.0318743763058802,1.2971422394462224,0.5269797083618956,1.6157228853464531,1.129983361382667
2208,0.3342565251197559,1.0368257283406046,1.2803332322203096,0.50344134054172,1.6312646121414711,1.144270472528903
2209,0.33427567923808377,1.0417765869731122,1.2713886610098608,0.4921191518244255,1.6520911321625993,1.1649834300795998
2210,0.3513709803319641,1.0583898408745191,1.267185990429625,0.48802885369314436,1.6633260799793943,1.1758017475207283
2211,0.37328470695628924,1.0823677393232851,1.264891446053409,0.49059981190542995,1.6638907289334917,1.1762820184899592
2212,0.379197453651188,1.087648201989951,1.264896803543851,0.4956034181695071,1.6564977681088464,1.1684780138914679
2213,0.38342646383436285,1.0857631475968614,1.2663172758269627,0.4984961092702637,1.6520821897543732,1.1662094095254605
2214,0.3753988736013107,1.0757452988086262,1.2678659591176482,0.5003351069450777,1.6483360010358803,1.1642607619702883
2215,0.3665545553393918,1.0686154963200576,1.2697987610517003,0.5025583861337863,1.6542775827614513,1.1694738924039088
2216,0.3549085397097983,1.0638104754673887,1.2698356428840776,0.502475564973125,1.667997142798214,1.1813375599173748
2217,0.3614659931944827,1.0740189313380515,1.2761825048410924,0.5091611308470817,1.6690955323864403,1.1815713313943867
2218,0.3764514948324766,1.0969300132587323,1.2773659385995957,0.5109141232764991,1.6578611674370605,1.1692404720921281
2219,0.3903544338053289,1.1076066375886806,1.2875360292240334,0.5225830390736631,1.6383556745698213,1.151892214272577
2220,0.4115775723641433,1.1188615255463468,1.3064237175694495,0.5412370082587792,1.6173162105690109,1.1320554227911797
2221,0.40914135120023715,1.1122825639321205,1.3122980488610676,0.5459003832593687,1.6047680840509961,1.1182828700526741
2222,0.37982949285604084,1.0713311033628792,1.3167186024902617,0.5486657637310207,1.6037035281455234,1.1142160816036395
2223,0.35693171419049247,1.0482226329147504,1.3229432759659114,0.5576086170241877,1.6087887085033237,1.1131058351389065
2224,0.32613462909470675,1.0253152311310831,1.3149797344016148,0.5589705582661981,1.6108459707178582,1.1099371515900955
2225,0.3028296102151475,1.0058633821773362,1.3105590429841618,0.5620556153875772,1.6116937154352793,1.1078250210797196
2226,0.2958332496799016,1.0072490125412168,1.3117759755970928,0.5724793275200206,1.6081348776500946,1.1030751111711934
2227,0.2935327862863013,1.0094173096710786,1.3078919478987883,0.5736044080943093,1.596798763562499,1.0923561671120563
2228,0.28621643103928285,1.0019057882672124,1.3121648649703659,0.574255573779289,1.574554717147202,1.074629128494963
2229,0.2906928636177312,1.0081589146111491,1.322391059202984,0.5772334232574096,1.5533807458260676,1.05896862525426
2230,0.2944196681432674,1.0175441468568025,1.3260282795974567,0.5790643717055736,1.5302004651156402,1.0384765805249119
2231,0.2949113988628681,1.0198990082057937,1.3308796565135252,0.5851306769157719,1.5181266769183652,1.0266342143878089
2232,0.29545999301492704,1.0187209705695046,1.3398851094499864,0.5948467915440439,1.5195095928073556,1.0270189246070813
2233,0.2759210367649453,0.9951684177640513,1.3498190008430326,0.6102291981530321,1.5266956445349822,1.0283443365402352
2234,0.2496825151684586,0.9562639927297201,1.364425515340201,0.6253431571561262,1.5474349678717394,1.045127741515458
2235,0.2407076510627645,0.93725648330624,1.3874121906970014,0.6435739046033602,1.5543046722117768,1.0559170067403014
2236,0.22971032977026376,0.9201210306028754,1.402880039590555,0.6567207311001297,1.5494603433322922,1.0560597508898397
2237,0.22775046412148225,0.9117092045503511,1.4047025656456273,0.6530413207106028,1.552391967456943,1.0642094182093267
2238,0.23522869046638117,0.9180926124568983,1.4011349597617127,0.644109401647012,1.5424844287118142,1.0621806002599639
2239,0.2388677035476785,0.9178357683303535,1.3861282549544085,0.6278472177754625,1.5289971954985402,1.0526523815960935
2240,0.26620894424154073,0.9525887057771739,1.3738358209005057,0.6170119277125808,1.523733177025288,1.0472620636137615
2241,0.30264699758959307,0.999086399445055,1.3605310074362191,0.6040867684608242,1.5226032321366771,1.0451167422261094
2242,0.32370335547545986,1.0257129619185628,1.3471355863750398,0.5903034920450745,1.525124017218521,1.0454809159325953
2243,0.3429967880680379,1.0478937062534504,1.3457458117941175,0.5925472154434145,1.526521857063929,1.0446573336676799
2244,0.3425581164707973,1.0482505206595063,1.3433713988679794,0.5911736669446553,1.5338615519054184,1.048740211158813
2245,0.3214736197573426,1.0173407054216594,1.3282533879861707,0.5788689464327479,1.539552530740607,1.050860087756788
2246,0.31013617209079153,1.00183123394157,1.3263336619970094,0.5810060036312602,1.5428864422372661,1.0519475935642317
2247,0.305365523891575,0.9986306445837532,1.340189925573052,0.5928882847514024,1.5434002355161593,1.0549788227606305
2248,0.31530526938726083,1.0102204625662363,1.3456337656950141,0.6012953210862012,1.5380224181500248,1.0566633918381154
2249,0.3334840292236157,1.032179949106015,1.3492415634311068,0.6086228791022101,1.5310802523447393,1.0603982447995253
2250,0.33891596385361406,1.0440965345827133,1.3419545157850554,0.5997598203588043,1.5332383439288382,1.0708552320160811
2251,0.34150640847897756,1.0542127725174615,1.3173742285715664,0.5795403070617554,1.5370122813810219,1.081492143517538
2252,0.33309366762740333,1.0445672391419911,1.2984432599367237,0.5596381898552023,1.5428710663643204,1.0922121097989583
2253,0.3109316859227989,1.0151011975907904,1.2805396246874006,0.5371811239965504,1.5523963896932609,1.103954198611206
2254,0.29930196659783853,0.9989941180065695,1.2614915923697207,0.5168010820622824,1.5510627295111836,1.1029560549617723
2255,0.2980527472276297,0.9785336195419031,1.2546648477445228,0.5046094970976618,1.5293731349263089,1.0856044335593484
2256,0.29851336834597014,0.969297307991064,1.2517879473522033,0.4984837850228227,1.5093453513422153,1.0698295658980435
2257,0.3006357189396103,0.9753394583908785,1.2607787368283954,0.49633220625272306,1.4913981409441506,1.0554430982044098
2258,0.29954712081687,0.9682483910175832,1.2753011565295411,0.49988163523123275,1.4769757326850794,1.0439479890020156
2259,0.3018848637708081,0.9734010361220681,1.2640020367802887,0.49214080412694106,1.4807633291167086,1.0464572072188696
2260,0.30826647726284595,0.98265499943424,1.2455386358792218,0.47636898830327795,1.4835445043101707,1.0456583782930444
2261,0.31530398974609525,0.9846138789125589,1.2301183096135497,0.4714958432317657,1.4738809450256332,1.034689913054698
2262,0.3303163111837162,0.9994020102937498,1.2042020632463433,0.45567758070055725,1.4660231346878565,1.0279222494432705
2263,0.3454141858595749,1.0099888295120532,1.1902944984736963,0.43863300326459836,1.465151330464255,1.0312342165687187
2264,0.3608346309746754,1.0272215517237884,1.1845872673365907,0.42816524287887453,1.4552008036268365,1.029161227332016
2265,0.3794563003615567,1.050930596589457,1.1674320814373902,0.400414022130546,1.4496023362353605,1.0327695265361094
2266,0.3840012938650978,1.0575999324246417,1.1546261264485085,0.3780480573851584,1.4491418917363088,1.0398541009769848
2267,0.37406129914375774,1.058726298042921,1.1487439114139864,0.3716346100124346,1.4312823846082958,1.026098786078979
2268,0.3651387290254623,1.050713034855521,1.159093866999883,0.3791741667588129,1.419716521725692,1.0159998015496885
2269,0.3747394459146797,1.0500683576028864,1.1746295158799973,0.38941066381960876,1.4215685525413548,1.0161362291220115
2270,0.39985869027928467,1.0772984553857494,1.1781885979095466,0.38703257444327355,1.4131159040069978,1.0072165037790053
2271,0.4192314349331189,1.0991744528778211,1.1821544988500152,0.3806697973754805,1.4030846648520494,1.0015846446534824
2272,0.4428266930169467,1.124010641870032,1.1652192803944001,0.3521948933859664,1.3957192902965196,1.0018029770247185
2273,0.4497845879269042,1.131343427547144,1.1541634939039678,0.33674763507167216,1.3960385213377178,1.005869848197605
2274,0.43979673468196945,1.1262655400030275,1.1433139086393374,0.3281271987646603,1.4090939008324137,1.0194726172108515
2275,0.42434086572167207,1.1067115206193852,1.127136061662911,0.3143605693890277,1.4154076568775242,1.0213515602997865
2276,0.4092906008809334,1.0782531280112975,1.1017032161687872,0.2955039307986394,1.4292138356232582,1.0249394208948124
2277,0.3957242549099169,1.060049986948146,1.0835226054695213,0.2880498589949152,1.4410703664382993,1.029413478484046
2278,0.3926153800317172,1.0622451478611028,1.0803639782078585,0.2921635194155869,1.4523944828411683,1.0344323946716805
2279,0.41049211000428465,1.0805084029933545,1.0840705240980428,0.3014743964491484,1.4850041022341793,1.0588131711519857
2280,0.41155137192144803,1.080892559579017,1.1016975913889622,0.3229288100598832,1.519460099744267,1.0874877286693436
2281,0.4114608594297432,1.0811977935140433,1.1186288717186537,0.3408338613948948,1.5276557592134552,1.0943164305949187
2282,0.4266854808781826,1.0898296211517804,1.11640093608055,0.33740409892306594,1.5247699543889528,1.0902519612472084
2283,0.4332406067908448,1.0971229912325853,1.1244494885957939,0.3384410815972652,1.517901681116641,1.0850137170268221
2284,0.4476435505203132,1.1105434548900672,1.1410660906155248,0.3458433008143614,1.4970825815016455,1.0733981211667742
2285,0.4683720423364534,1.1466130008705127,1.1226752776445308,0.3257513802177127,1.4580207182274716,1.0445661612283106
2286,0.47781162446420483,1.1553024149120494,1.1071567900726373,0.305744982312759,1.4197362733918797,1.017822922985122
2287,0.4787784071320896,1.1540597861674033,1.0951056272757553,0.2926681460909851,1.3945953621341038,1.0037965188347313
2288,0.46741804816977184,1.1503378456813642,1.069976831290487,0.2699781525112282,1.3711395700948614,0.9871005907817907
2289,0.4463437008706956,1.1247333289767403,1.0660810351173315,0.26364020508023506,1.3731161965604066,0.9935946796532013
2290,0.4408406153781831,1.1263454370032644,1.0608767601406586,0.25849195342926573,1.38626937371545,1.009746070820695
2291,0.43455635037321005,1.1287644495838907,1.0515521499165532,0.2549254027050984,1.394966860668151,1.0189402706749529
2292,0.42797216231767526,1.110579975964483,1.0310831032101688,0.24125900941442127,1.415933448116029,1.0393340741609147
2293,0.4458410047499476,1.1117604180146883,1.0183856580651927,0.24015654436089076,1.4396087028402569,1.0577487538350077
2294,0.4768003284331431,1.12895701598025,1.0435911466832704,0.27053312478715813,1.441835711609306,1.0547482553646574
2295,0.5138570808370989,1.1605741192736323,1.0706455322122148,0.2849678545012844,1.4560660671991645,1.0679090759146885
2296,0.5533792778668072,1.193894343958976,1.107694428370474,0.30671758128275683,1.4628428513176084,1.078250603771439
2297,0.5710362025345547,1.2083887983275663,1.1370782632606513,0.31982997333412094,1.4343216961353804,1.0566512838579594
2298,0.5466350278142912,1.1792883515085655,1.1307138849133698,0.29701249411042724,1.4169519464114804,1.0458483917133556
2299,0.5162455512465429,1.1491472106105176,1.1098994979495318,0.27207034344299996,1.4019685417368128,1.0356753733693944
2300,0.5144150213145672,1.1606624065258537,1.074571288980407,0.23835758932341666,1.3798357058953934,1.0163708398382607
2301,0.5269208398966497,1.1707148892882626,1.0559815782796274,0.22733308829045218,1.3708103593476146,1.0058021801821109
2302,0.5591952580116383,1.2066616121665426,1.048795907961948,0.23157796889643253,1.370840246473893,1.0060218258052758
2303,0.5920628734425856,1.2456135506594779,1.0262917977677501,0.2158374833500149,1.3621193483250569,0.9995086716772813
2304,0.5979346309493808,1.2523457804049074,1.0131186130611192,0.20112546244854895,1.3461267187759658,0.9859501068149974
2305,0.5705036452975708,1.2464216541447515,0.989387281835992,0.18596460248668967,1.3395976105081686,0.9858022043373132
2306,0.5387742049966251,1.229951103422963,0.9828092528239706,0.18652485817465653,1.333543845357378,0.9853580124694873
2307,0.5194089045228844,1.2041466764877478,0.9968931664245542,0.19307999189028843,1.3167870666261228,0.9719914582575473
2308,0.501692625214244,1.1827596071583293,1.0046132992358485,0.20923599212594665,1.3034037333224604,0.960952201620039
2309,0.5062171828216758,1.180417540067556,1.0220088775487228,0.23306473932306013,1.2972058963314668,0.9519881099019916
2310,0.5176727046560964,1.1902802344267245,1.029422157118086,0.23380278603925575,1.2959616998510906,0.9452084308301504
2311,0.5181791747804131,1.1860600950994715,1.0428821610266399,0.25293953358955595,1.29860082133603,0.9426745265331862
2312,0.5119956063968006,1.1700550459798154,1.0443653448472505,0.2545716199810625,1.2996447463550411,0.9390803963275531
2313,0.4776893970175462,1.1062409233183461,1.0311574839942599,0.23344929832598413,1.2850697154039132,0.923745062697679
2314,0.4627003233023096,1.0890607948208684,1.0270327061766935,0.22154554362738718,1.2625992686024434,0.9010233329325921
2315,0.47963882688233844,1.1145518518271986,1.004016032337583,0.19408949225621303,1.2263559409137768,0.8661370360493823
2316,0.4929069393558757,1.1364460164685317,0.9971879776237021,0.18487570607568518,1.212650453973258,0.8586657745762016
2317,0.5163098156957339,1.1960046257548946,1.0008366621159523,0.18494345047760555,1.2195265794093557,0.8740347416678194
2318,0.5304228538355984,1.2187128005799546,1.0198922844021188,0.2019215166608711,1.2384663539716039,0.9007028304644485
2319,0.5116771180231571,1.1931025826654607,1.0653820822002995,0.24192884050398816,1.2947552496806138,0.9659644438959084
2320,0.4948484140588222,1.1791002541364806,1.0753842025277072,0.24888283904494893,1.3038252843472273,0.9785857517434942
2321,0.4784480672246111,1.1525458578517815,1.058759478035811,0.23663044834242022,1.2794134477631838,0.9554826321834429
2322,0.47094770268194147,1.146600837168734,1.0602551324342793,0.23635183941943802,1.249471104115837,0.9250669970288946
2323,0.5177769120249867,1.2087495032902809,1.0704931198656873,0.24219701357925089,1.1826741040146755,0.853875674879576
2324,0.538577572153896,1.2171722211048865,1.0562353254044479,0.22925873546400166,1.1663155994932841,0.8345034373364563
2325,0.5400500087600454,1.189209259938735,1.0365432529594623,0.22127322654364662,1.179916197033286,0.8443539183276468
2326,0.5802836339992249,1.2345867601336078,1.0044408952843125,0.19875982030687572,1.2057721373805217,0.86729490869387
2327,0.573314686851681,1.2208655842290232,0.9404224805678861,0.15261025846720702,1.2387409321083527,0.9009394419757157
2328,0.5289769324288135,1.1694122812677346,0.8700643828001101,0.0786540076938637,1.2646692866760898,0.9336861794292969
2329,0.5464883284375179,1.210941038790774,0.8423278163892037,0.04738485568620471,1.2653931433109085,0.9400644137465114
2330,0.5391293793762604,1.182307804342572,0.8626756488004717,0.07011645936000653,1.2522045693533796,0.9284956316068047
2331,0.5124359523476345,1.127040880938828,0.8834015281624367,0.09001680814892019,1.227803115108033,0.9069432710022409
2332,0.5315909928019936,1.1450950340720722,0.9012392443367343,0.1308906238199903,1.2143954592631143,0.8971630977532671
2333,0.5389177331578259,1.1438801607876559,0.8917221337067508,0.14618246497213794,1.2095334827553612,0.8920813276017571
2334,0.5782242881391222,1.1884934515030754,0.8929531783477671,0.14501770091408495,1.216841093749227,0.901106823899727
2335,0.6521126465162527,1.2998908534861193,0.923251864284357,0.17635266936428573,1.2327785501163022,0.9218774518519365
2336,0.6361408282868456,1.256946696272284,0.9411542029359873,0.19537851873318818,1.2196490013832417,0.9079518156029952
2337,0.5796271406401446,1.1775775260109567,0.9817995152116912,0.21575484570277229,1.1885310068920412,0.8785998784535998
2338,0.49773021534894696,1.106589173585494,0.989933349323284,0.2177944877219054,1.1330033204320602,0.829909963299724
2339,0.43278454219259577,1.023480280422029,0.9390238857305658,0.17217197334857698,1.0911706438603588,0.7932957760026469
2340,0.41052629602959884,1.0199448511583158,0.8863477196916731,0.11258807174153315,1.0695842148367534,0.7763879697936371
2341,0.47139517933667296,1.1300057587279553,0.8339849013392574,0.04560260706887953,1.0519171504348421,0.76224856189731
2342,0.5617662831141391,1.2226503265106035,0.8035445456872208,0.011944091631254507,1.0739695565010716,0.7852976579203592
2343,0.5898049199360769,1.2510907129112325,0.7865213487644533,0.03605359663692609,1.0670068487323217,0.7779860400668281
2344,0.6461476851310138,1.3064907256530593,0.7586326655865586,0.06605385952839768,1.0651759377627539,0.7771986345138852
2345,0.6745296922824022,1.3293124927161364,0.7438257249435359,0.08555784730211438,1.0788412633645863,0.7887438888427951
2346,0.6925142255334701,1.3222744681892709,0.7475430653371857,0.06013693706007306,1.0482062814504316,0.7574967448871628
2347,0.7729546984623933,1.399197133700888,0.7475864616404242,0.062234104702528936,1.0395433863607872,0.7519786049658201
2348,0.832451575603718,1.4857025655960743,0.7593246449782791,0.07772682832844761,1.0124446812731684,0.7244036842822965
2349,0.8549559827225521,1.5253065558544205,0.7773332243925819,0.04085721311901251,1.0024948250190644,0.7133053783425581
2350,0.8254125548490394,1.4774932192647263,0.7489011255980532,0.028894627190981754,1.0704746838012353,0.7792757201202505
2351,0.7549356916614558,1.4058881879246639,0.6968261216779056,0.042729495010861894,1.1132945022085254,0.8204331728517521
2352,0.6773928516638534,1.3281278093297235,0.6693477089337333,0.022085895252770972,1.1500134785001497,0.8580455762229832
2353,0.6317883937893102,1.2703412528321245,0.6274714607674665,0.06785533612945034,1.1723896409930699,0.884486727211478
2354,0.6012909768846054,1.24287556781703,0.6127541211442092,0.08974583353862775,1.1526111354683652,0.8712100955806942
2355,0.6176581452167142,1.2697466949431153,0.6587378340186744,0.05213343564970808,1.1674557993321364,0.8872171283727911
2356,0.6931017755716993,1.3425269242778843,0.6487761340529855,0.10352959016967904,1.172298232885098,0.8919178763085365
2357,0.7489535203720294,1.3765863815283588,0.6582705748391623,0.12791043805874144,1.1558162006602786,0.8768015066744236
2358,0.7623901280588232,1.3635126061164524,0.6454063292865179,0.16178237910291574,1.1250616156271773,0.8486153826438451
2359,0.7682226187517135,1.3536507398549649,0.5870613904286498,0.2246612903550919,1.0765546609284782,0.8039682298231563
2360,0.7224242368445283,1.2833367423194713,0.592570553725405,0.21247138945311825,1.0626233194470498,0.795554438618573
2361,0.6903436680997841,1.2481115482985186,0.5876663804015492,0.22713713010769018,1.0855941120020582,0.8190751517552768
2362,0.7471082889302834,1.3244388434943146,0.5509918838698277,0.26397188704100205,1.10566694717837,0.8389651099715935
2363,0.7853713678268668,1.3704810490359058,0.5325081637862863,0.29110844307018224,1.095435273938326,0.8321211707489953
2364,0.828408570401091,1.4170835604362702,0.5242107167023137,0.3305506151729634,1.085955441392273,0.8215664218669814
2365,0.8344040870339832,1.398217868470605,0.5198530623449462,0.3480416596839395,1.065137533860896,0.8046074912367069
2366,0.7049268072361756,1.2232321776951105,0.5587177262705957,0.3081442604715321,1.0286733440676743,0.7761971335136721
2367,0.6228169557357768,1.0951221465713978,0.6126008177515265,0.25707073741234326,1.071965797263565,0.8141783408513167
2368,0.6509976985315964,1.1171409583667942,0.5966590208375021,0.25715865526719345,1.1083249910820294,0.8505094864162928
2369,0.7165524922710926,1.2111745412829655,0.5604054610285475,0.27151284931757463,1.1350756028828954,0.8794517942399988
2370,0.8022143128974373,1.3063548786491326,0.576476744605781,0.2575443585692158,1.1867827038820853,0.9219972081758439
2371,0.9086999194671127,1.4504676300199781,0.5649666628789012,0.2967454561725172,1.1655945223061703,0.8983817225191972
2372,0.9153968133036875,1.4903453179565187,0.5492518069114023,0.3369855849764698,1.0856253330458159,0.8218134772665623
2373,0.8528548187770597,1.4432285419955038,0.5696651567466086,0.30281355535039584,1.0119126504000473,0.7502863440033951
2374,0.8888002504969506,1.5201715771126916,0.5096270837931616,0.30345882386666573,0.9453090432824723,0.6898420129235147
2375,0.9040743527562746,1.5592367191331382,0.4604535669723443,0.3019528390092852,0.9237381843680673,0.6684056959125878
2376,0.8451146129458899,1.4990609656739082,0.4429647309664359,0.2753420891601666,0.9730231979895911,0.7100314859842146
2377,0.8233586562603576,1.4301640131982762,0.41289869362817644,0.295479847463061,1.0090561158332858,0.742941367840523
2378,0.8343012712204134,1.39054725744842,0.4240431061085622,0.294838288640791,1.023358935583918,0.7596286606276849
2379,0.8424416922983633,1.3897601856798867,0.4342321191768284,0.2933609511066298,1.0591863826757257,0.79400216800613
2380,0.9193292830990072,1.5026967987709319,0.4810072488389427,0.2604542217530547,1.0507666822438417,0.787081675417353
2381,0.9141593237940878,1.4720923220047706,0.5856412630072629,0.13186260843339753,1.04151231611048,0.7776595231103695
2382,0.7680966259268127,1.3167452089772889,0.5497776527979374,0.19295754889303365,1.040531879604101,0.7761300767676345
2383,0.6849969054329577,1.2077389826476683,0.50078317424682,0.31619788432165324,1.0405246237887569,0.773313977973344
2384,0.7013004172430157,1.2151603383229261,0.5313560253720989,0.34727997654833437,1.029972394515122,0.7586395439888469
2385,0.6433306043581817,1.1708290762646427,0.46129263330422565,0.43431803508180905,1.0470722594238022,0.7736235374710915
2386,0.6832566019988787,1.1880359695839098,0.5475985626082874,0.2980621139652557,1.0860270032803738,0.8154048486143535
2387,0.7299204575845201,1.198086969583268,0.6277694630758918,0.1407483061070629,1.0744589370085682,0.8104868545442333
2388,0.719342669822277,1.1754087328939704,0.5203631483784613,0.22657023929873532,1.0653482147693016,0.813804861116062
2389,0.8329206494968818,1.333126261265153,0.4775350566281199,0.26376648213986037,1.0293454350212035,0.7903669595219005
2390,0.8758789556230773,1.3936692746388075,0.4320572731334405,0.2933670298487056,0.974298687901023,0.7459494632141803
2391,0.76008034967575,1.262416509043558,0.4256167015598195,0.30673645899870716,0.9502783186740525,0.7306555125796915
2392,0.6222108499315674,1.0872891839952639,0.5446621493005193,0.19285250804415618,0.9538602871732468,0.7341128798778641
2393,0.5859766596010441,1.0223032123878486,0.6290698333393402,0.11205301105033223,0.9521027823158528,0.728971371927319
2394,0.566378593985367,0.96403171326517,0.6358782803006353,0.13399658493902225,0.9137998088226207,0.6929021818228814
2395,0.6062446978267411,0.9943989992574027,0.5631433253742271,0.28647662813500674,0.8881049937755633,0.6692056842370193
2396,0.7149001011470977,1.1223409919761975,0.400002446821542,0.45028407122556013,0.8720997617141351,0.6574928362545829
2397,0.7526525980282297,1.168602826256901,0.29636325682814174,0.5093766696048763,0.8687304019833246,0.6642427726185056
2398,0.7254185571284117,1.1632919700364321,0.2731801419174239,0.4855792544124669,0.8898457025897781,0.697907343476259
2399,0.7793678167031982,1.26846540662522,0.29968591836960967,0.3960533830305412,0.9214079942280136,0.7322099870434478
2400,0.7633144035076915,1.25468492564844,0.29421685551701876,0.3680290593531168,0.9239720947992439,0.733311365217256
2401,0.6983936454179133,1.1610986583449772,0.2713478547008809,0.4420479785249832,0.9088946450398567,0.713947813437369
2402,0.7396174062954834,1.1553973799489035,0.2612261790274273,0.4777653197006392,0.9143269258395494,0.7027808294613039
2403,0.8011011467486012,1.2104466035623325,0.26879970264964037,0.48219149789667326,0.9184765501316516,0.697110939109936
2404,0.839112690354024,1.2505609574045706,0.34232875033465027,0.41990655578065345,0.890352805164361,0.6751429880756911
2405,0.814984711252958,1.2106207706848457,0.3617635954798969,0.3633032083187004,0.8916464280485131,0.6836157039868459
2406,0.7798245847909512,1.1541229661510615,0.3261152533643259,0.4253983410990944,0.8488763860824691,0.6560009211245499
2407,0.7747868177689939,1.1459938613902536,0.2574118236465241,0.5309282007293427,0.7760026429957974,0.5976293181701615
2408,0.6925629798914503,1.0434048793895807,0.1335233901943949,0.6273281357455683,0.7737891157071318,0.6033081421504877
2409,0.7255990654012311,1.0779818349345196,0.09751484182731246,0.6042569972507624,0.7680617513218112,0.600581362293272
2410,0.7622590758229089,1.1049863378722453,0.1229981032704537,0.5783357940418142,0.7744880367200142,0.6003773120275524
2411,0.6699251809713528,0.9642727473036776,0.13859247586828394,0.5830315615517955,0.8191154796370553,0.6352062719977851
2412,0.6263773053915943,0.8802982435574398,0.16619989837398552,0.45014708049937296,0.8302904286706944,0.6358208635586938
2413,0.6610193603307877,0.9080571463107409,0.19517036674766655,0.37249962987890745,0.8448983227570761,0.6441294908459342
2414,0.73512707262937,0.9977028182985327,0.15153436363202938,0.36095717685379436,0.8651108240909676,0.6639254023285754
2415,0.8334881271829517,1.130844946796621,0.12227837072844064,0.36199323158938934,0.7388141166623257,0.5573904249310709
2416,0.9013181929466969,1.233383685585347,0.13324856516465916,0.32789285766141163,0.6744590370973987,0.5099463956651604
2417,0.952045669532588,1.2354550960573243,0.07828103611773257,0.462908648737947,0.7131916392168594,0.5624874657406534
2418,0.7549516056779908,0.9518419062028773,0.06053205309104763,0.6297512683893749,0.758399099561706,0.6143321982085433
2419,0.675722796168548,0.8581496190262898,0.15679270092641903,0.6218480505775718,0.786648083271254,0.6444308439369739
2420,0.8114449744178039,1.0030286614908772,0.04644908451693316,0.7124080917014879,0.8434804850488747,0.6992093364896569
2421,0.7449476356418168,0.9625205379278359,0.08835057035535966,0.7977911987826908,0.883190563871601,0.7273214055492557
2422,0.7320424698362008,1.005411768115327,0.14408405351582035,0.738105657126753,0.8578086578669648,0.6964313501312742
2423,0.7848506498470752,1.066029359373749,0.21262433007553252,0.7786573302845048,0.906548305710029,0.7480609731682827
2424,0.8005623266952145,1.077732592941535,0.2502560932433802,0.8255104590549869,0.9468992916809748,0.7873028622643533
2425,0.8553922999736931,1.1501589554735618,0.19663058842781167,0.7889618076861601,0.9448204288595531,0.7761309186802758
2426,0.8767597128395344,1.1584393979965353,0.08167198878487074,0.7388746499509719,0.8796189232751769,0.7087935938032669
2427,0.7836516535378203,1.046914104701296,0.048209589589014536,0.7231316031545467,0.8094887951210471,0.6384232483136592
2428,0.6823451934667002,0.9502620292543561,0.06528842160880885,0.6730796831359516,0.8481169554102355,0.6717106969866075
2429,0.7546204299494416,1.0424609386350205,0.0706725727608231,0.6623692244824149,0.8312439938462076,0.66745033942875
2430,0.8465018533919068,1.149840172511351,0.09264447379145209,0.6677860970516111,0.8528163286181777,0.6937025773179338
2431,0.91132376919883,1.1971382025208754,0.14374486427683913,0.7093936159603016,0.9407371673276796,0.7762332227825294
2432,0.9773740446658781,1.2382992915293525,0.10366072307080852,0.6384097407460408,0.9352810491893626,0.7676779397710963
2433,0.9492777543324314,1.1883386532825306,0.056901799026966675,0.5895078887237692,0.9124758744677162,0.7524178265007709
2434,0.9737568650682424,1.2035846474441576,0.10731158123069784,0.643543948962621,0.9321668846432233,0.7755438894821619
2435,0.9359452232777851,1.1505978813824784,0.019694802378374583,0.5819926725966463,0.9674301440705898,0.8045758925313655
2436,0.8829183885953126,1.0913380868698244,0.08078817957825848,0.5050094923269816,1.0528894887933375,0.8849381153617251
2437,0.9429380794036338,1.1823928863014999,0.0022039609829573622,0.5913510700249537,1.0461751113770457,0.8661951079132448
2438,0.9746872414077821,1.2367762864831966,0.09967957253408562,0.7219523293248248,0.9762111997413526,0.79858034659084
2439,1.1758213128126809,1.4980708968172476,0.15897983889179157,0.7361040343880597,0.9864163202960481,0.8099983372658034
2440,1.2796856442481284,1.6394430407028155,0.1984639903260741,0.7066157495033252,0.8791297584217661,0.7072556047088525
2441,1.0804785036719748,1.4429056547705659,0.23044637832293333,0.6767106502366468,0.7599493524614612,0.5963335643579775
2442,0.858569232842977,1.1260459131172167,0.16502348522824434,0.5691144308060883,0.7077733657529256,0.5503199974694395
2443,0.8137864924980815,1.0610035936723705,0.1337275638306836,0.5403245998743922,0.677851289576796,0.5211886773391068
2444,0.8558344959893185,1.1268482179706698,0.24912591508050608,0.6926713871759039,0.6531207738777356,0.49262138423057883
2445,0.8925172805910544,1.0589618193321164,0.21823700128500306,0.6533023206528586,0.7573441404575718,0.5832228462330494
2446,0.7682642681631991,0.8942251684410674,0.19453647833899465,0.5693831569629144,0.8464328244463554,0.6645344132333145
2447,0.62247667189247,0.7431941673332741,0.3478778170540051,0.7146874158015117,0.8987106807784894,0.7199118221743237
2448,0.6253023476187866,0.7531847449464621,0.5100396766498433,0.9224894654123468,0.9420781041519112,0.780666713835648
2449,0.5904161857981559,0.730607852808278,0.4874403489203035,0.8826704670731083,0.9049197336353832,0.7676212843479396
2450,0.6431942960883954,0.7933699742933709,0.36246740372041747,0.7289326476022384,0.80290755386321,0.6871454238819151
2451,0.6378747678494467,0.7816825974821348,0.2802432723234733,0.7008098863982395,0.7533358198255689,0.6435399472409753
2452,0.6610468832156186,0.812165495760835,0.1209916760534451,0.4845517940141614,0.9038104021533548,0.7760122229194832
2453,0.7709331342233848,0.9386112434447578,0.13996321845241771,0.49952380791001266,0.8343697361954191,0.6960798751486358
2454,0.7253636715739612,0.8753857533414546,0.2503219070269171,0.6207213279541955,0.7479456255466358,0.6107164487389685
2455,0.8121772149848043,0.9666892677441578,0.22651691198592042,0.5819720465992013,0.730153180568024,0.5829440622279304
2456,0.7136302779727334,0.8768353884182358,0.1518069029315164,0.47979594456293595,0.6759749330966627,0.5105062485369797
2457,0.6224229688273314,0.8345943798497645,0.049443635826721975,0.4111700751601011,0.6211740481235247,0.4632839276797516
2458,0.5456058995779898,0.754980330472243,0.09611572972719187,0.30030525052630397,0.5494112819264253,0.39107685488822747
2459,0.5808221581553165,0.7725705877765221,0.17652393735390118,0.26730864203890464,0.5799863080249316,0.40925816307771007
2460,0.7230571028956614,0.920173697090156,0.18256798688962553,0.2819233285399828,0.5863464144653509,0.4016852514653547
2461,0.6469805272149776,0.7993605564792012,0.14289732669902108,0.2751437773787415,0.4951843782031263,0.3162311093217322
2462,0.7163979617992108,0.8558414941787552,0.05161596975968762,0.3029008151543407,0.5592767030026164,0.3835616556428157
2463,0.694166337717367,0.837288725126983,0.007146109326578041,0.34540914153563995,0.4949276231316242,0.34268563449569134
2464,0.4971316784436641,0.6237469135072808,0.041399179588268074,0.3465162315761952,0.39269009104445574,0.25721121976878475
2465,0.44846168253841123,0.5642725080806975,0.13489554072265658,0.4637205710418644,0.4119710257439605,0.28108982068612304
2466,0.2912946266181177,0.40290432921098823,0.1805397519181049,0.5125115347641489,0.4153287354087652,0.28516978695949663
2467,0.18106595145817553,0.29950678828195754,0.13220773003237205,0.4227438336783364,0.3903099418448879,0.250846265396622
2468,0.2827515830993529,0.40057548415535005,0.06500092981733711,0.3170387353108697,0.428812091049854,0.27055257816803946
2469,0.390561110672503,0.5003456246167793,0.053736877381349336,0.1549125180981333,0.5211707387418096,0.34925457848967906
2470,0.4345223334508112,0.5324369423490141,0.09933833831948695,0.10316560161994982,0.4923597837556964,0.32463130779644156
2471,0.46045259376270303,0.5535492493267843,0.015211612122155162,0.19827385315949564,0.4415328140447774,0.30025321808431316
2472,0.35589078968156246,0.4405603856003084,0.0077523036270799065,0.18579719102120365,0.501704656576841,0.3754340911196915
2473,0.26325511911882893,0.35043175945418537,0.016551407713488196,0.23099195327941355,0.4902472084328768,0.37238934545497787
2474,0.2648575759146614,0.36264456441972254,0.01442363285530686,0.25505639889077647,0.4862160139980355,0.3818716813705556
2475,0.3229061893579446,0.4177671740750055,0.06736118126010308,0.17398823057270696,0.5537518650995988,0.46358095629803225
2476,0.4405523473170558,0.5195934596550955,0.010972902049576419,0.28589304631843865,0.5757338076864499,0.48957739686602403
2477,0.4684457363055113,0.5332830927053701,0.053979394167149364,0.3120221383349493,0.4856224668110132,0.4043132679762753
2478,0.4092089052397288,0.45970622452816995,0.08918316921372615,0.28958279766623,0.5198372946437688,0.4382444588529192
2479,0.48377523464704264,0.5302783119788751,0.2789152874328334,0.4652879398627991,0.6809124618188281,0.59147150262606
2480,0.6057804096653562,0.6467790415721124,0.3875301939694199,0.5515882899701693,0.8097313246564621,0.7064225382822155
2481,0.7193452087471197,0.7517260052757714,0.4524074272940057,0.6022525034597884,0.9520239792286515,0.8485844674778499
2482,0.9643260651193271,0.9989849741618305,0.5282387827646617,0.685222368743083,0.8022350426242494,0.7286608927090147
2483,1.0558857310301242,1.09036154984461,0.49899150304345047,0.6294465515813406,0.5937873697983934,0.541400049146915
2484,0.9247389455452745,0.9551080701966541,0.5202068569572751,0.6554333603856505,0.5068855400183021,0.46484216475745577
2485,0.8899163607457999,0.9200521285865555,0.7774736151734492,0.9489697538303592,0.4748462382525944,0.44097437386069954
2486,0.8007458997516144,0.8269075711636582,1.0785001314769338,1.2578110858077531,0.5259893016721042,0.49827585927608486
2487,0.6940218474586296,0.7136726192610073,1.1772939010847734,1.346890105934538,0.5821200044607021,0.5410383106577846
2488,0.6260203031465765,0.6395525558570011,1.3010653861694945,1.4687332419821566,0.6291770006268016,0.5758871705653821
2489,0.4872460288852454,0.5007073987229924,1.0431419290579445,1.175199873218193,0.5820154967448625,0.5367042864588306
2490,0.40821440107373774,0.42232734102297165,0.7915515670756763,0.9001641545963988,0.673504001400982,0.6116597513295609
2491,0.48133190279988486,0.4934074964848683,0.5884484827872744,0.687377033120886,0.6922762938435427,0.6441438217908019
2492,0.5497152710431306,0.5597902734691194,0.5145485364401564,0.6112487631914513,0.6399744277540744,0.6014791824566884
2493,0.6451133084338871,0.6580556462457164,0.6091606025331815,0.726727007482794,0.588641554338437,0.5535093811842572
2494,0.8370018464755479,0.8716088322003126,0.4462186545962971,0.5486530869989625,0.6275057784413494,0.5975822071398097
2495,0.9515083074872374,0.9926646036650115,0.32432560312592057,0.425515523025165,0.6346956228403005,0.5967791180612328
2496,0.9936619779258075,1.01168436200648,0.3634292343240408,0.4743463428708768,0.6625641583013658,0.6151155089731264
2497,0.8835217989512018,0.8914023049610854,0.4974915721393908,0.6302221128245882,0.7616664593680655,0.711476761581368
2498,0.8029738077547838,0.7995864734780518,0.6846463413997909,0.8380953446950089,0.6645543990745917,0.6087154432749782
2499,0.8577828665051679,0.8465798573454435,1.0092600785406163,1.1424119189482616,0.6174727067909181,0.5427557828209341
2500,0.7420921597671335,0.7249290017700909,0.8262555004186628,0.8589711797649134,0.5280604107948053,0.4416152852407372
