wvl,103_AM,103_LM,105_AM,105_LM,203_AM,203_LM
350,0.2740434873418854,0.02038901475130472,0.5138062996278652,0.47150769234107304,0.1611092683659584,0.003907040359057816
351,0.22180658008051674,0.09115865744550007,0.4481728801825208,0.38409538239477947,0.1937697471154584,0.02876176411050523
352,0.1384726901592131,0.18165535665608767,0.3945565322450036,0.31065989327086574,0.24335177823812176,0.0672637511761813
353,0.09486511000727343,0.22572642936261536,0.37443606796636686,0.28348484388069933,0.26382500411056864,0.08526293076933791
354,0.11454450213190757,0.2097716890218137,0.3915669745108253,0.3058371038869657,0.24350789567871783,0.07323637564978325
355,0.14585831162514146,0.17857275964998592,0.41399563517300436,0.33421654766144504,0.23026450499828324,0.06425051075567659
356,0.1636535485692469,0.15158261096219083,0.4368660690884696,0.36194715687169,0.21872230097137715,0.05659790502455929
357,0.17764250198432566,0.12933651481762198,0.4513745459153754,0.3799731717313526,0.2064377144338809,0.0479012096560999
358,0.20733509615454293,0.10363074862006204,0.45755058293020473,0.3899928920848175,0.19527248411687337,0.03896147639794333
359,0.16530464743134854,0.14715349683769038,0.4231547903088936,0.34426681017681254,0.22616731051803063,0.06367594690200773
360,0.12314869366765081,0.19219624513267436,0.39096560827204624,0.2984619421667148,0.24625755044134115,0.08301937727832576
361,0.11156076463939874,0.20708360180384727,0.37591403931356177,0.27916092442961515,0.23662768999731534,0.07702942625508828
362,0.09705327666982261,0.22003776141388207,0.3663522436619668,0.26621081749689846,0.22612200323500758,0.06925078828329319
363,0.09344105973145066,0.22561642143946767,0.3664398930688186,0.26570051341475076,0.23667707918446493,0.07762456630096468
364,0.06900008724048719,0.2532310687176492,0.35260746468374854,0.24661773075330853,0.2569478652750296,0.09468776599944088
365,0.03504923016614826,0.2888573893113532,0.3326634386099147,0.21879280522877373,0.27157318230015026,0.10685300792647746
366,0.061866157461499816,0.2585007644227525,0.34554231142632813,0.23604514185113476,0.25183708717879577,0.09375635788576919
367,0.07893142789491892,0.24303741335749507,0.34749070886546973,0.2380839551943083,0.24453179144116582,0.09045892494652219
368,0.09488584003224461,0.22803592903775075,0.3497463256828185,0.24104030697530957,0.2384759083084608,0.08752439529014651
369,0.11450148676345785,0.20449243712117285,0.3638546229320118,0.25778592699747127,0.22582040815651913,0.07750301384190332
370,0.09283733428238557,0.23237883579149557,0.35113474799487,0.24145594935201437,0.23447944504092907,0.08523729325197398
371,0.11428268976830021,0.21055744827748313,0.3796512513376745,0.2782289729756047,0.2179024716704344,0.07319693033085156
372,0.1345225364395301,0.18595935754973,0.40716830332420406,0.31231966301936165,0.19922107712676038,0.059178399086522324
373,0.09158967899404143,0.22824803908455277,0.3750224156425532,0.2677264041712154,0.2156229822965553,0.07520971154077544
374,0.11361665635840278,0.20104118743637317,0.37770398996796983,0.2732474043303734,0.21238944317817735,0.07328217908485467
375,0.12296221793572003,0.1935463210834485,0.37647618673879946,0.27131013780264845,0.2114984139450509,0.07347048725297352
376,0.08893797487904606,0.23619177094260857,0.3501303153323943,0.2355705473960096,0.22155375765431354,0.08255622678378394
377,0.02899972663159079,0.29746724112526973,0.3089834380740754,0.18032338965187159,0.24391832559065188,0.1010353236658169
378,0.0497806578220039,0.272182485372044,0.32539331377660297,0.20167551668793787,0.23559348572336608,0.0953700894370792
379,0.1046236833722373,0.21261863976773399,0.3657962358360526,0.25522015822282884,0.20921857578584122,0.07580786984294023
380,0.12873885716743041,0.18383712152822088,0.3861715487709799,0.2792694790701099,0.1893702803160004,0.061317304958406975
381,0.10680826248168498,0.2101129934731167,0.38264870367435555,0.27230808688751407,0.1923901025285996,0.06412748881016145
382,0.13572726883623448,0.18185453512114855,0.4145799453881909,0.30947658724967836,0.18019499793414143,0.0549194478611077
383,0.16212814320808086,0.1533804850896904,0.42961328723042397,0.3292399050274837,0.16849488917939495,0.04621207724106074
384,0.129389929141111,0.1901057463813613,0.39725309647656754,0.28828016792580974,0.18513342457250173,0.06113111348372874
385,0.13160011469540295,0.18753479685270977,0.3875128503380615,0.27718757014761675,0.19286998468779085,0.0684848320483118
386,0.12391997635630209,0.19482242657618667,0.378241990183945,0.26274696163089534,0.19376028742633236,0.07035548383249274
387,0.08593128051452338,0.23574601175780893,0.354102996065703,0.22777834284399706,0.20212710006519427,0.07917235846385884
388,0.06052471379401333,0.2659713763339014,0.3398750219954168,0.20917449453040068,0.21060799278234207,0.08761933759657152
389,0.044050468196132245,0.2801117012723054,0.32080729810313213,0.18458698609957608,0.22281166262767993,0.09833835521509053
390,0.06295812989824104,0.2595378598211023,0.32612158378351025,0.18956066642801428,0.22022019950647903,0.09574941435060615
391,0.09743578501860252,0.22654619024162947,0.3504640331097125,0.21968241756337406,0.20463962550170145,0.08265344548886125
392,0.10643686732904613,0.21679618251252367,0.36831231798101627,0.24331331446280682,0.19583950261136476,0.07536095121273824
393,0.11946136771302808,0.20623331218418478,0.37650364462558544,0.25318815414618556,0.19214193065601465,0.07410348402321904
394,0.08730749421638428,0.24109089743367124,0.35202181517788095,0.2197606542933963,0.20533001831739064,0.0872412609580143
395,0.017888907222828133,0.30912568774274163,0.30473691948368614,0.15577159400032803,0.2330439640872369,0.11270530131157626
396,0.00041138757455692974,0.3309751077853962,0.2829567945205314,0.12771388961680455,0.24561092122277392,0.12313265027155938
397,0.019065894635134868,0.35115676927933204,0.26184752734538647,0.10057726136700053,0.2595147451032644,0.13505736981625563
398,0.040709032888857,0.3717814389463044,0.24661965420813747,0.08045877193441969,0.27174988146122636,0.14619043784165012
399,0.04348085628083257,0.37414326824405136,0.2516671430462923,0.08738702072869974,0.27270190166428154,0.146235552753123
400,0.04436453544563412,0.37876684107040515,0.2512240852809284,0.08519402480466844,0.2749433101474955,0.14872043494638204
401,0.04322415253916145,0.3777825215959785,0.24787259587285917,0.07986802458629258,0.27678693773428314,0.15123860496354039
402,0.042239107817301995,0.37324865486477654,0.24471108526628263,0.07644988257382064,0.27966572899807524,0.1527918710563448
403,0.04447858217747991,0.3779133127396269,0.24824104382519396,0.07823706184360046,0.28157939281415384,0.15428467824503173
404,0.04882555810476173,0.3831835067633988,0.25088688823520366,0.0806924926695128,0.28786552802007576,0.1597292225359374
405,0.04771369129366163,0.3797793465001862,0.2543043337250996,0.08494431853886275,0.2934962207092836,0.16337476184022162
406,0.03734327750382478,0.367454885569595,0.2639585003792072,0.09664570925389403,0.2928688286121568,0.1628714276092344
407,0.04126786336881957,0.3736641170620902,0.2628469022308112,0.09343645291456165,0.30034334920103034,0.1686531373322348
408,0.04249394853896577,0.3749849632410754,0.26046085689041937,0.08950887076406414,0.3067544602382207,0.17358794299657915
409,0.04260173494554932,0.37384029021019166,0.2607277518741124,0.08872292096278776,0.3133048016812258,0.17877789835314803
410,0.0423893750051071,0.3720937769068635,0.26248659938907776,0.08940041537976973,0.3203660562782458,0.1839336762241601
411,0.04730566495670744,0.3774259815626798,0.2597854522791077,0.08572056891055947,0.3288115515237249,0.19075240794193
412,0.05688029849736121,0.38893377921738365,0.25454499679266324,0.07814320823746791,0.341034013340573,0.20147607331806752
413,0.06115328198116447,0.3946590807954622,0.25205132088166776,0.07494046913900182,0.35260759537706243,0.2101426776637852
414,0.060879176448969494,0.39271234839735,0.2530171641499058,0.07464260592752384,0.35889917540554117,0.2155410501272949
415,0.04930130604561171,0.37994541757889705,0.2600940550475693,0.08343058697486769,0.35858843566534243,0.214284093577192
416,0.04143416836755779,0.3720324326897776,0.26653701789072365,0.09058470940108844,0.3603339985994996,0.2160639110648538
417,0.051172954593902156,0.38260404924533076,0.26278333865665654,0.08465581140065737,0.3714591429848589,0.22453030278468872
418,0.048569547051054526,0.37903391760605365,0.26517754927762927,0.0867728510393178,0.3777670796397227,0.22833666223631868
419,0.053213613707241265,0.3836491743633156,0.2614519799468931,0.08120103580361755,0.38696781314956863,0.23694580223568432
420,0.0589507265596198,0.38946853747101956,0.2576496950040353,0.07573236990171316,0.3964856052113304,0.2453787375121776
421,0.054625683927484396,0.3844217250358188,0.2622699840712983,0.08159036011973407,0.40062010376700813,0.24777160937553808
422,0.058711552961159895,0.3896794203952033,0.25754487547360827,0.07461690232175826,0.4110620863850621,0.2567415976628787
423,0.059878583532760175,0.39094918471965157,0.2549686935818014,0.07053413843518606,0.41768049399448487,0.2617731146138139
424,0.056372712643958836,0.3858991862442163,0.25761691882073096,0.07377919432566789,0.41920080230087586,0.2632911811001853
425,0.05825342365024057,0.387054338990266,0.25762246625492635,0.0733924852473822,0.4242709821063238,0.26773069976090424
426,0.06876938161487323,0.39951638414397617,0.2500838493980582,0.06323886050832879,0.43560632630211543,0.27739454068971037
427,0.07494313198883577,0.40707280351780184,0.24559049187094928,0.05685677382213741,0.4437456547808901,0.2844449995679069
428,0.07026974797331034,0.4009266786171041,0.25001382876308875,0.06156717473052565,0.4439361461562099,0.2854593085204693
429,0.07076337007591281,0.4000931994301421,0.2481563922552277,0.05902385861958737,0.4459698076622856,0.28792447067245663
430,0.07882968584294191,0.4086216588937499,0.24140538846936188,0.050003530821213636,0.45316659697644446,0.29608871021408256
431,0.08677875022553956,0.4175058984248342,0.2348916183400041,0.041263213163705605,0.46146863535924654,0.30374085639586057
432,0.08695572988850427,0.4171206381253217,0.2333580076203562,0.039032331992450944,0.46483052533071506,0.30688962721810026
433,0.09017205309059828,0.4201728725822176,0.2309356956735925,0.03627375052509451,0.4685073641760713,0.30981892112354187
434,0.09433055993709247,0.4236237329498174,0.2280994047349693,0.032468057036153755,0.4714252919421718,0.31271944416255565
435,0.09624675826324582,0.42482465195709324,0.225494316149312,0.02869089046978724,0.4740138110462803,0.31727700250439833
436,0.09692371655215201,0.4261708644792325,0.22577152405628928,0.028853137225819517,0.4751093981694912,0.31744838062518443
437,0.09767621745829241,0.42668219347524083,0.22658426818376162,0.0295549896781103,0.4747801703252872,0.31866586332779323
438,0.09672458865124177,0.4252271581429758,0.22727436392027234,0.029739085430069808,0.4731447246129997,0.3189617448356506
439,0.09521272539015792,0.42373689310419194,0.2267524904407336,0.028827158614058008,0.47147917158489466,0.3179985381208858
440,0.09685638573198904,0.4254615090837719,0.22697425278723554,0.028487391042244233,0.471431846478219,0.31859403739029635
441,0.09987504950008226,0.42862362295425543,0.22519698211941597,0.025814374514361336,0.47367457016223574,0.32064642925466347
442,0.10081902548618675,0.4296042040122206,0.2236399224915179,0.023217610782513623,0.47572676465578634,0.32354313566509874
443,0.09903076865551581,0.427058779808905,0.22359686522316252,0.02301409825252769,0.4746568306246026,0.32322765075940896
444,0.09761993026978216,0.4251551850256456,0.2249053845821329,0.024221188444413764,0.47246323206388835,0.3227663371448836
445,0.09614007304302136,0.4239219235679826,0.22611096731916183,0.025478447794725523,0.4707659374747445,0.32274061399389203
446,0.09490543515254045,0.42297248996529385,0.22620521422953177,0.02486442393575858,0.46933282002477583,0.32132406326201096
447,0.09569332603300824,0.4233865337920158,0.22574299660199162,0.023844212665033865,0.4684274372780165,0.3211479486357277
448,0.09351900952860315,0.42106511098587723,0.22751077592613123,0.02589722290542377,0.4670933452515459,0.32051172565357466
449,0.09166165420352398,0.4191171919738669,0.2286284931811928,0.02714361079477507,0.46630409726359584,0.31995652022012344
450,0.09294052775570094,0.4199309931248625,0.22753397982624943,0.025423274094820356,0.4674232942511495,0.321436103792852
451,0.09508079367360951,0.4221708473767383,0.2277748862845038,0.025493739781522768,0.4668493926570361,0.32170433990178615
452,0.0957530737672044,0.42312694430686965,0.22769027386116455,0.024851980699766987,0.46532963945775185,0.3215470316746475
453,0.09561343530713085,0.4231006274363902,0.22687253211013683,0.022832457132711103,0.4646744095816055,0.32131262638256874
454,0.09759274284791203,0.4253009996838709,0.22563894121314365,0.021011971532454758,0.4657984453953157,0.32283060627082716
455,0.0977421217277011,0.42569124998591756,0.2242679016786584,0.019172545443748353,0.4662420470039811,0.3241516019787625
456,0.09589832980903727,0.42372337719625486,0.2240116436982734,0.0186719925650589,0.46515712192500736,0.32336535527849614
457,0.09388767752985222,0.42124490677844945,0.2250543535044888,0.01956449460976921,0.4628914898045471,0.3222165317804032
458,0.09417312088662932,0.4214411055308046,0.22532291222542292,0.01952252383905301,0.4620201310459049,0.32186812628397504
459,0.09545197495716791,0.42295098841990514,0.2246386592712609,0.018648540020798004,0.460675658332408,0.32136147032963147
460,0.09529457340578068,0.4230344601036459,0.22415481458089984,0.01798636203401523,0.4587510623496335,0.320443516426812
461,0.09161474637706041,0.41927971499259087,0.2252583488597203,0.018906192848420794,0.45670781727235515,0.3195486798113169
462,0.08967050751396419,0.4168964391494287,0.22578629860729185,0.019075109407511514,0.45599040129350615,0.3185289640598262
463,0.08922600730103147,0.4166022365717268,0.22642093674444974,0.01966771578538786,0.4541507450926138,0.31767914881786086
464,0.08851956749654646,0.41654460041132507,0.2282212881574123,0.02169171294398447,0.45023458310518794,0.31512649005298526
465,0.08330373918748639,0.4108647607826392,0.23225229544560055,0.026671824657243826,0.4447606802005381,0.3098597931638132
466,0.07952278314546987,0.40688401793287193,0.23437561232810958,0.028912462348688408,0.4411417910257551,0.3085121517574972
467,0.07858380326384323,0.40603690890107763,0.23452477187389573,0.028959250895069715,0.4396055068059156,0.3072183388086808
468,0.07957015952575393,0.40711379270028747,0.23452564101419648,0.02853106302819693,0.43923849605317594,0.30763891686297834
469,0.07679761067431545,0.40353537325566174,0.2362377016078357,0.030402687703106227,0.43687841799625404,0.30558242538100644
470,0.07507726320363249,0.4018577525881246,0.23717262224019645,0.031425016425266024,0.43462444632838504,0.30419969787175255
471,0.07435100285618713,0.40180406006318975,0.23696341810876323,0.03096210211997188,0.4324613709572617,0.30259242019199195
472,0.07119477690460012,0.39908455266766885,0.23762953295334763,0.031436464109123013,0.43032641937267735,0.3017556262314499
473,0.06654714864812847,0.3940424471353482,0.2397766254647889,0.03425805262031354,0.4266470751958074,0.2977007626625423
474,0.0650658238599475,0.3923250624951525,0.24132830022731513,0.035718798272722736,0.42380138332494044,0.29636234803444284
475,0.06717468899717342,0.3950028858271805,0.24197922382123688,0.035677060138362214,0.42314516592435913,0.29681786518800785
476,0.06370547222817279,0.3913112186547792,0.2445218804125885,0.038136743426532935,0.4216019465935317,0.29576186051718406
477,0.058814970548392624,0.385952440819017,0.24791646581117982,0.042255983441924654,0.4174151894120649,0.2926110118982725
478,0.05530666720195845,0.3820664132371382,0.2516569972335264,0.04706476656802598,0.41269471491812654,0.2885284852052591
479,0.053446356786958915,0.3801311192497472,0.2535254875448506,0.04960805952675851,0.4087630704944944,0.28546851606010915
480,0.05372737174393254,0.38049837104356204,0.25224438011188094,0.04781665611790028,0.4066536708206202,0.28388773235370174
481,0.053615301225488146,0.3801231457800934,0.2519555814645014,0.04730396607289256,0.4054930550996748,0.28300158196178193
482,0.05205045695175826,0.37841594236317155,0.25377294132071615,0.049479578495179664,0.4030583511617605,0.28192730326942267
483,0.05078445689615498,0.3779922894738145,0.2550027771336161,0.050636336541640375,0.4003375838747014,0.2806998822446627
484,0.046714932473228964,0.3742533410220302,0.2582459680849558,0.053899278776199364,0.3965660136711773,0.27737445412384293
485,0.04274564576646888,0.3704259401121069,0.2609825480448885,0.0565958428181105,0.39247610962277013,0.2735863262048459
486,0.04042258868871365,0.3679183004718596,0.26147322243253845,0.056260010973653816,0.3894618223483491,0.2715960621905583
487,0.036036033212412125,0.3633651164572099,0.26482425937705006,0.06033837354670587,0.3869125231748123,0.26935977828177576
488,0.03112593371468482,0.3586045018486751,0.2686685249638048,0.06517688948147338,0.3838705068953613,0.26758204356373805
489,0.02480343770466005,0.35212852359933156,0.2725134966644359,0.06952018467665617,0.3783375138468631,0.2625420497618125
490,0.01747321249301209,0.34405058638993224,0.2770134702849148,0.07495179125245058,0.37298173170796267,0.25771527247221004
491,0.015505535941871353,0.34226946990458285,0.2799017790563961,0.07798784900959935,0.3700173217752089,0.25590499298729147
492,0.0174439947392408,0.3448534288647841,0.2806528226868396,0.07792972131351424,0.3696357291684809,0.25523381902580017
493,0.018395752268606586,0.3465141128188293,0.28109489567055673,0.07767771544471579,0.3700352694971252,0.2564781900752062
494,0.010423956978580376,0.33849748346949093,0.28621367155666333,0.08387692668721917,0.3662936993048854,0.2536330933079036
495,0.004279010230442116,0.3321993931064245,0.28959662542541903,0.08785357213709212,0.3636389133387875,0.25046418816404037
496,0.0014033268883480406,0.3290532820790265,0.2914133639176166,0.08924090638644712,0.3628736203599909,0.2504016102378193
497,0.002768932321724344,0.32444200653941363,0.2949155412760026,0.092731814049759,0.36119212981949866,0.24828929609305486
498,0.011877977771732258,0.3156237283847947,0.3018243994105177,0.10079881906522536,0.3573620862033437,0.24497405432704494
499,0.019083471360095007,0.3086768140335854,0.3083088859314098,0.10791410393317287,0.35510941351351794,0.24247420325638133
500,0.024605140350902985,0.30315387352644996,0.3134806222156155,0.11306426031440757,0.354580871944622,0.24226427494324373
501,0.03354479438111929,0.29449105801786557,0.31938780704976055,0.1191710209904402,0.35408777553227516,0.24113801362103202
502,0.0399177372045216,0.288901105184917,0.323485887986132,0.12324487928654894,0.3551731559704093,0.24171125690898557
503,0.044933382735645316,0.28424230839501313,0.327462779457844,0.12690754023171608,0.35727804310226013,0.24268776105316098
504,0.051393895424985465,0.2775915352773905,0.33333294858413265,0.13297047179098556,0.35864470271299514,0.24363976671519877
505,0.05802177815160288,0.271330037769775,0.33969158850902587,0.13980446047246667,0.3604681194822011,0.2444313656986794
506,0.06435845174736379,0.26562677183156724,0.3439099982835097,0.14416007560930627,0.36483080330606643,0.24697393242458604
507,0.0724980429146455,0.25799332971553,0.34938812810713094,0.14973813501855884,0.3690091615294046,0.24984803135797676
508,0.08142091133176664,0.2492904492370953,0.35736054890312946,0.1583168155672074,0.37253657689595376,0.2513262138451706
509,0.0879831822267566,0.24357962587976642,0.36330861269605175,0.16447087939071317,0.3793210570489864,0.25622296523229804
510,0.09176733607881375,0.24057527937292797,0.3673754825625483,0.16790730346577823,0.3895818054403857,0.263915752187971
511,0.0956053768917507,0.23703366386008168,0.371575621981914,0.17154046211414614,0.4010926183314984,0.27242968791596567
512,0.10455039266691223,0.22821400621861107,0.37890429922146096,0.1797233431655389,0.40992214845219366,0.2777694970466063
513,0.1123968830375695,0.22077961912382182,0.3848980629119457,0.18596819599314068,0.42043982693392673,0.28513090036356264
514,0.11823478885703242,0.21566852738940054,0.3896553887464877,0.19053353426148448,0.43327122467086465,0.29496519124036036
515,0.12217384182908025,0.21276137577904242,0.3941362428603083,0.19441601135960504,0.44893612922156206,0.3069690219002994
516,0.12603790847850663,0.20995675862772376,0.39875997252480144,0.19792268144422664,0.4670302408353455,0.31938606037911366
517,0.1288011489096765,0.20790448230460631,0.4010575168001153,0.19909287693698566,0.48778024937733266,0.33487929109795467
518,0.12285450776521957,0.21453572158091688,0.3955079450298567,0.190870681103485,0.5173897401722239,0.3597518760324401
519,0.10598794704657755,0.23254018399606502,0.3827879777468725,0.17385182213393827,0.55786738065949,0.39541029505168995
520,0.09378833401023522,0.24612452826799716,0.3742866196931614,0.16182797874038504,0.5929208589027674,0.42506180923056003
521,0.08905645444618558,0.2516976645407076,0.3717780615899471,0.15748920999058333,0.6199714011515447,0.44652473845490986
522,0.08511052734661305,0.2559217082091976,0.36956800374884985,0.15388084498776908,0.6465432198745474,0.4682652585035533
523,0.07639990600492412,0.265498924150493,0.36408300831143936,0.1457991487911318,0.6769560896655956,0.49310639711244286
524,0.06678012354953086,0.27638028862273045,0.3578552561809514,0.13676998857825517,0.7077898454156003,0.5184080974030177
525,0.0564122343946669,0.28790170254067193,0.35091605486831173,0.12686088544337282,0.7389108264607971,0.545076003393408
526,0.04373486395940781,0.30123350982558383,0.34204112562192474,0.11422516104723911,0.7722854092954663,0.572961777915744
527,0.03301082796529928,0.31289258895227284,0.33367341194108263,0.10287975875729076,0.8034337593037054,0.5997977181973901
528,0.020071759071222547,0.32642675019120126,0.3234603464604243,0.0898351862012573,0.8351457497764653,0.6269132411049368
529,0.005757161290018862,0.3407755589152773,0.3128260320433084,0.07646846836070964,0.8662227076418328,0.655485986752126
530,0.005965366982633863,0.3529043579857657,0.3040342177833167,0.0647534250083379,0.8928481710315053,0.678054721212693
531,0.015360027340860631,0.36274655610334394,0.2968643800332678,0.05475022244055961,0.9150292909061897,0.6975766016816918
532,0.024064699666826728,0.37174169070502106,0.2912639680362595,0.04650900712520633,0.9346473644986489,0.7154007778878031
533,0.032648636413296545,0.3807050307745204,0.2862817663791488,0.03940321045937994,0.9533686696022499,0.7316941901903067
534,0.039369538429738976,0.38796679645726545,0.2814417332447798,0.033215359051405366,0.9720809890220438,0.7482693511394909
535,0.04647036643152626,0.3954745374771832,0.27623361073801395,0.027170924077694777,0.9902010981122887,0.7637600035092259
536,0.0549390652862312,0.40396574739554786,0.270677371233608,0.02067461583521215,1.0057536092498567,0.7775927516672062
537,0.06084422811799722,0.4096418114193808,0.2651367301337955,0.013141539040441715,1.0185629121324087,0.7887674493040782
538,0.06342063212852678,0.4118709245860685,0.26039610833247195,0.0063612379278880984,1.0275965869120918,0.7990646939613385
539,0.0649201156233006,0.4129700663725507,0.256950220154603,0.0016248938182844837,1.0335428346677278,0.8049456485398654
540,0.0675296846606804,0.4152889269972859,0.25495500708011587,0.001033998193669119,1.0372719822953549,0.8093761586559369
541,0.07076550235552076,0.41823881546996283,0.25440713320163877,0.001549116840277774,1.0401373453476446,0.8127501369699156
542,0.07418875962198208,0.42120005109390796,0.254820150218159,0.001010474620753658,1.044588276506799,0.8181849668273242
543,0.07633310356863922,0.4230431871684741,0.25654850932879214,0.000719663207112924,1.0501402949489245,0.8239368769062798
544,0.07720712213075964,0.4239648989761661,0.25854730175098867,0.0032248941849134984,1.0548256186222351,0.8287728070216215
545,0.07900068347491483,0.42568555143492137,0.25801628235727403,0.003225267802104306,1.060119403896579,0.8345970186806327
546,0.07999918573156001,0.4265693666039043,0.2552577937675533,0.0010084729121080046,1.0640043182498404,0.8382777859588585
547,0.07966311446235348,0.4259480528386934,0.2516292498034066,0.0024919368082008306,1.066875325323636,0.8415188111124353
548,0.07938978998063323,0.4252169294856567,0.24813705399719604,0.006427685812320909,1.0731404085336902,0.8458059572039067
549,0.08138827910154063,0.42640907865926886,0.24541870891407885,0.009763716529579516,1.0810862783765698,0.8531247198858872
550,0.08527619860603229,0.4293665525773984,0.24362920421297493,0.012034482152519545,1.0851930448560403,0.8582940962849018
551,0.0881224881873636,0.4316426762982843,0.24182860302765596,0.014485207486740622,1.0858375017223572,0.8614824822340111
552,0.09194322558291874,0.4353954604687822,0.23963681594464398,0.017583941628765292,1.087217657864452,0.8651886127473987
553,0.09608542486312512,0.4399327870424924,0.23777446883224637,0.02041220604454333,1.0889079338938492,0.8688994597309021
554,0.0989462104874723,0.44340721186646276,0.23567326188931817,0.023573873654138662,1.0895454404615266,0.8704178694265572
555,0.1008274807167256,0.4460034785126395,0.23252073406777735,0.028198717908010745,1.0910120845777087,0.8730899934976076
556,0.10246253080017619,0.4478272686273988,0.22845105846829186,0.03423958397667898,1.091840388679061,0.8765358539827481
557,0.10398825445169865,0.449185397307442,0.22421569238145728,0.04050093963527388,1.08947489725856,0.8754804146055193
558,0.10572184851001741,0.45043242251820015,0.2194572397827191,0.046944237764795504,1.0866220953227423,0.8758507209767359
559,0.10614280182209242,0.45062532828720153,0.2158982021675932,0.0516150684233429,1.0812242375078764,0.8748131743028003
560,0.10587073964302052,0.4502970166169888,0.21455272783257837,0.05344392207149551,1.0725244386801118,0.868185057923631
561,0.10670961278051692,0.4510450140602466,0.21394040123487418,0.05420041362587803,1.0632400863025007,0.8620361027157298
562,0.10667060368383198,0.4504722884686024,0.21307701166351253,0.05498950861161625,1.0529843498183136,0.8555465507609143
563,0.10675059732280624,0.44968362910702747,0.21240883427321222,0.05537999514788992,1.042176319937343,0.8500320713408619
564,0.10769979937700229,0.4498864798216363,0.21229116474586548,0.055172291341900555,1.0312963106284605,0.8415203864894203
565,0.1089817433567211,0.4505837698075714,0.2120338796353962,0.05520692711684942,1.0193555512165557,0.8337934360162848
566,0.10796446631847027,0.44926454511444847,0.21200151752450044,0.05493534520597065,1.004103490578196,0.8227739076893777
567,0.10624482196350728,0.4466379204587486,0.21095990593060632,0.05585395787717038,0.9874413459463816,0.8121599428549441
568,0.1038379910279395,0.44308625836437465,0.2099888914196842,0.05672474663571896,0.9691902583995489,0.7981529415072791
569,0.09886500625194114,0.4374764437058987,0.2113263092976433,0.05506389685667185,0.947000620616164,0.7797038007429103
570,0.09568259891979612,0.43387055908062366,0.21093553038712587,0.0557818692827863,0.9261280955946015,0.7659537433848744
571,0.09471289251685167,0.4323910393938857,0.20904379163881762,0.05830194278518557,0.9076449782243952,0.7507777067096489
572,0.08976510650744317,0.42685006888915944,0.21123985191645153,0.05541736831179834,0.8853205583147221,0.7344348057740063
573,0.08308906599348839,0.4195106786766224,0.21484631832840992,0.050508579693698645,0.8615056998965063,0.7144079942606459
574,0.07915393077335953,0.41541462031954884,0.21599384453902817,0.04888370012102477,0.8411179195722582,0.6981139375830194
575,0.07482469098757302,0.4110402294016465,0.2175820405412155,0.04676694831365746,0.8206866796482389,0.6811908503281161
576,0.06808064628843478,0.40354176814942155,0.22134944466685308,0.041483417437197016,0.7980456765862303,0.6629591780933692
577,0.062453763898947676,0.39718005064119916,0.2241347407225433,0.037543872202448,0.7776050916263577,0.6459044293218862
578,0.05763554917213368,0.39197130868637653,0.22667760132387427,0.033956558759033875,0.759095820527247,0.6311169707628801
579,0.053425955289047526,0.3875003975307688,0.22954489113967222,0.02999402882128061,0.7414403684533897,0.6152100581153185
580,0.05111857558543732,0.3848233491382868,0.2307846274926874,0.0283180749316843,0.7244170865212449,0.6021918932194903
581,0.04796388349378817,0.38130427055097954,0.2318510995474349,0.026976884083384688,0.7085210838114909,0.5880700045845721
582,0.04202806742667544,0.3752221049106743,0.2352735538474854,0.022854146588875673,0.6921287008166407,0.5742336662047758
583,0.036155101539919646,0.3693923802040437,0.238939956715268,0.018237480389369114,0.6763731537300686,0.560809292245696
584,0.03279867793986525,0.36585686539526124,0.24043383214253844,0.016100757942793965,0.6632536821021076,0.5493397077649311
585,0.02812655360661322,0.3610810575000084,0.24292636630137843,0.01269332083378186,0.6492853928608534,0.5372776320566999
586,0.023703616932869386,0.3566318951442606,0.24606030274328713,0.008679974246350036,0.6356061674726642,0.5256028116018954
587,0.02404191956137735,0.3570920028155029,0.24556122699249985,0.009352183554510634,0.6263651978871022,0.5186365445896056
588,0.021830271194091727,0.3546206443941543,0.24616644854139877,0.00909159007476616,0.6172628341692024,0.5123307036955107
589,0.017049841687034016,0.34961145146375794,0.24792434001645425,0.007339555448138722,0.6080662373106506,0.5049021207550163
590,0.01300059004229982,0.34544915305412344,0.24915658053850148,0.006066046556928783,0.5992060394141682,0.4973466208976841
591,0.008545470838965006,0.34049332704503726,0.25184428456382435,0.0028479873186305666,0.589256165668708,0.4888912858577263
592,0.006243801268077679,0.33812426761043096,0.25338509063609377,0.0011809166283565117,0.5818152808756316,0.48310291384074056
593,0.005988356748701883,0.3380799439172643,0.25369440699665047,0.0011311941735784373,0.5765933502691342,0.47908495941415563
594,0.006131675644913692,0.33829833529169206,0.2532339669699794,0.001964416583474451,0.5720222864974563,0.4750169802627772
595,0.0039465516107322915,0.3357247397309186,0.2544568286541936,0.0004272885653160006,0.5653297037226938,0.46943916046186407
596,0.0025945869760864017,0.3344926220969561,0.2552952791868257,0.0007144478237784965,0.5599917011840783,0.4645325515629196
597,0.003395854007345347,0.3360641754650408,0.25421184849246686,0.0006723361253715675,0.5575450512886885,0.46264571440863445
598,0.003571185545164998,0.3363274607482341,0.25391816666397354,0.0009125027177745652,0.5532170495927418,0.4590442132189715
599,0.003285685448370389,0.3359120500985549,0.25364076180099226,0.000989522799311314,0.5483282576736798,0.454543576272492
600,0.003145089649671757,0.3357008672393122,0.25278641656664896,0.00194625232985952,0.5438127585375733,0.4519512203767573
601,0.003010383518278904,0.3357321216966652,0.2520447289381719,0.0031739681101605856,0.5393096391661111,0.4475239677475764
602,0.0035450716503586358,0.33606722417481527,0.25138494348695156,0.004080713879829904,0.534552218449255,0.44430514105040764
603,0.005022257182155261,0.33738424887950214,0.24990848651334097,0.005786832377432822,0.5297279844458266,0.44027644086710055
604,0.006797128718105933,0.33920304619232333,0.24770830815410297,0.008440237489286394,0.524723868859078,0.4362444792502819
605,0.0059973306261580945,0.33830043266454174,0.2470149825849386,0.009452318740002602,0.5175099043351165,0.43100022575398445
606,0.003799372350939197,0.33615170056252774,0.24744653455203258,0.008810789106026161,0.5082688195700102,0.4224656329349715
607,0.0016300518504074398,0.3338627300642932,0.24804562468065358,0.007978280965013572,0.49860501483240366,0.41477702596828947
608,5.7602989883115155e-05,0.3318712355736873,0.2483515871212998,0.007621493005598983,0.48924091320658275,0.406752838574661
609,0.00041073434357597084,0.3324820331286191,0.24756964962126143,0.008670283638900987,0.4802941333175002,0.3990656378313051
610,0.0018777308065545993,0.33002531380517797,0.24824601209089478,0.007558233257010669,0.46926431369814264,0.38946786191958027
611,0.006434127895076861,0.3250470578742294,0.2506836996933921,0.004238769204912437,0.45692803984991864,0.378418225239954
612,0.007030833365505182,0.3243586349359859,0.2512788776360052,0.003642202657867962,0.4470001949355829,0.37007313088658067
613,0.008374018981007718,0.32318947051747277,0.2514240202842012,0.0031662537991467765,0.436687905543051,0.36079916726360395
614,0.010521579775358092,0.3210872749448104,0.2518890694905793,0.0023361258294468225,0.42643822724515623,0.3521988862689652
615,0.014710422670017381,0.31672192511194436,0.25434120167184177,0.0004671934311397476,0.4156831777087213,0.3428409312362012
616,0.019888349077171012,0.3112635024975216,0.25645671606325954,0.003003283225416167,0.4053817654103206,0.33326486846893477
617,0.022652903013047482,0.3082463057422723,0.2574546494841132,0.00459690484671677,0.396004223459974,0.3251839438235902
618,0.022976573931899846,0.3081297531047141,0.25729050215467975,0.0047852487186878095,0.3882013557152984,0.318289103113655
619,0.023338180798044665,0.3082254644184554,0.25711788182588846,0.004599321894318794,0.38195435018659774,0.3129784792954827
620,0.027401261259486616,0.30381817749996737,0.2597265953461505,0.007558184052309564,0.37408812860990187,0.3059275338781907
621,0.029511321817045258,0.30131502359667023,0.2609814583832882,0.00909031387399973,0.36767137617664514,0.3000901929654525
622,0.029596552217242746,0.30119491787015873,0.26064967058392857,0.00881431169458204,0.3630497745570313,0.29656097423984273
623,0.03234281554396731,0.2987743239177448,0.2616567584243248,0.010006641530442843,0.35827940336642633,0.2927516213439586
624,0.033026510926262485,0.2983861882840209,0.26118421680324555,0.00939638259483827,0.35432468820647767,0.28917303150873047
625,0.0325511920461908,0.29884102171418997,0.26025970901951195,0.007865692136748799,0.35178848647497063,0.28720517815170743
626,0.03324130965841166,0.2979383735944107,0.2600550315346083,0.007155184655250621,0.3504446221104136,0.2863229603007036
627,0.0367758742912977,0.29478441484235685,0.2615041018533322,0.008589233731694939,0.3474293322610479,0.2839823369208935
628,0.03709552528029417,0.2944619366591648,0.2613794851206883,0.008032411078818599,0.34603461028564286,0.28321959698802984
629,0.03528877655037792,0.2961808290198058,0.2600913716005642,0.00606802008230967,0.34573670260277856,0.2834377265470138
630,0.03555781735763819,0.29670829939706095,0.2589372659087943,0.0042372309001117514,0.34474236493734767,0.2826886973117745
631,0.033263482269174534,0.2992223061425951,0.25626970253835324,0.0009139497933340422,0.3449577729831502,0.28284479294369175
632,0.029820347048342848,0.30264360834635173,0.2533104026986731,0.002732751529597114,0.3450350482393044,0.2835087542355791
633,0.028162112841229225,0.30451607138107273,0.25187879244140693,0.004685509700478249,0.34327270867073945,0.28178335722070363
634,0.030416540660046707,0.30208360592711747,0.2536087547873727,0.0022857309050085487,0.33863658224316184,0.2779760246413335
635,0.03177921348747528,0.3005861870821271,0.2541511248448407,0.0014499656719090637,0.33346404463685914,0.27321330576009567
636,0.03285170481100341,0.29967899449881513,0.2541798259497377,0.0013298555519700294,0.32783453475491586,0.268029223249509
637,0.033518174920445974,0.29934794476940346,0.2546450959707298,0.0006402557911863439,0.3213243604768616,0.2623674161877381
638,0.03655717869282218,0.2961421368730253,0.25629796190649334,0.002104611659994828,0.31299267015460264,0.25445375256681196
639,0.043367001684851775,0.2892905488052855,0.25984468429362595,0.007219100378666887,0.30319966786797475,0.24569914738141746
640,0.046797810067993835,0.2862905523341941,0.26111967840677236,0.009265664971789418,0.29465561134454454,0.23810332478045845
641,0.04435208233686934,0.2891182401569607,0.2587570654349389,0.006491898439326309,0.2884314476450448,0.23272203297736788
642,0.044295085428980835,0.2888690224643462,0.25903718900892786,0.006917541915650361,0.28134380288033584,0.22680373637728138
643,0.04710512091337759,0.285489291205917,0.26264637981394373,0.011339337292430342,0.272675640467812,0.21887802027318687
644,0.05896198879580782,0.2736187083356655,0.27261469719289666,0.023503542778488252,0.25963919996126794,0.20654124955088426
645,0.08118073888076352,0.2516619158384666,0.28803156022083204,0.042725256002634084,0.24255907917025965,0.18971690278156916
646,0.09006958422365458,0.2432498505237035,0.29513739631556524,0.05166891724452783,0.23157849687545162,0.17956128862233747
647,0.09411221024012413,0.23971844656903926,0.2989201473246273,0.05625193818756056,0.22324027447282868,0.17214888531768432
648,0.09911572380489825,0.23442040580693677,0.3021402472356047,0.0603917058126552,0.21509607895451097,0.16458212059307553
649,0.1064126276610913,0.22675481102911518,0.3058013350562207,0.0649604649608192,0.2072833124424022,0.15749209076232695
650,0.11696012246092319,0.21620539743588213,0.31206068612853854,0.07329862470073756,0.1988466472843188,0.14922274481138847
651,0.12418079547283883,0.20857315831837453,0.3188433094256392,0.08176149323384847,0.19151215825582824,0.14233115647709163
652,0.12628972232678753,0.20645165617233474,0.32354464592911963,0.08711390028492243,0.18615297020632343,0.13745564235287797
653,0.1347647888867794,0.19817107778361073,0.33180486557371613,0.09707055929420791,0.17836935766316003,0.12975613001289382
654,0.1424720780960288,0.19060941757488895,0.33858182822442356,0.10559025704886318,0.17099968844841576,0.12281115376207356
655,0.14408184539918922,0.189347330155105,0.3410704246896867,0.10878333143915415,0.16551776425965645,0.11810431072067377
656,0.1469441495896973,0.1863537809423216,0.33929120542050295,0.1074597183501798,0.15895384273599975,0.11225945101239217
657,0.1510296311680205,0.18187793746995945,0.3398699625200446,0.10855771681400914,0.15074718942029428,0.10465189686988562
658,0.15742413166365538,0.17512838072067943,0.34566671727638315,0.11624255885696139,0.14143759886973006,0.09569770162676029
659,0.16059200748421312,0.17197472626518134,0.34948571931584377,0.12164977274317233,0.13407078195369249,0.08896138743053662
660,0.16841575244330695,0.16400021845948057,0.3579090802621822,0.13250237544420915,0.12487510013407085,0.08022717744430904
661,0.1781770099990695,0.15423430888918963,0.368094837426356,0.14563782537858622,0.11467193358586057,0.07039839622732495
662,0.1841979929211178,0.14876485441475906,0.3746094427866348,0.15404508047727475,0.10685734710187712,0.062827105979968
663,0.1960010281911366,0.13695446261579536,0.3839207101531603,0.16548955157224415,0.09884410663987538,0.05497554247615007
664,0.2077932736637767,0.12472031010623531,0.39422103119308227,0.17820747601848033,0.09183750996077522,0.04824858928555572
665,0.21639157489849392,0.11574588297463928,0.4030807809077361,0.18896920898583253,0.08540963349134875,0.042198346248063824
666,0.22633420883759778,0.10602297642882955,0.4105649363263777,0.19844631775227062,0.07888922922503011,0.03582263840266443
667,0.24036558289644264,0.09194580324762738,0.41997827575851837,0.2100107886255326,0.07195890437976522,0.02905767079669936
668,0.25097207581323544,0.08143630867573522,0.42723477100314816,0.21880237351625825,0.06682457815078842,0.024221727551262777
669,0.25451641953517445,0.07876526629072127,0.4307339737597797,0.22294632751331472,0.06409808169529492,0.021753226555654714
670,0.2566273221932547,0.07675356972597855,0.43587793607546804,0.22906442575314695,0.061296371821839814,0.019071431237192505
671,0.26212866270430496,0.07143973684849966,0.4423334762449517,0.23721559998392328,0.05768267428937961,0.015450385114866794
672,0.2698734376584581,0.064197917724928,0.44888836262279547,0.2453164539527058,0.0538010100049643,0.011544575638049158
673,0.27562540687971887,0.05903023096774381,0.4536542981154374,0.2514212765971633,0.050790461842469256,0.008500104820460003
674,0.2756840380010485,0.0602628201746762,0.4563385355381145,0.25391422958486315,0.049555610257217025,0.007247055698330043
675,0.2768654659829261,0.059806865849546254,0.4585769532221552,0.25603835496985833,0.04908413633507158,0.006770471969395519
676,0.28140107720267377,0.055211056123983165,0.46160483563294125,0.2594808986640325,0.048187466972139784,0.005825744293894557
677,0.28514461638432576,0.05186457994910797,0.4660366370678257,0.2644530011201855,0.0463031370865749,0.00382413746214389
678,0.2919679503331463,0.045240216261612516,0.4716728204283336,0.27134345477898875,0.0444436029867494,0.0017574822645922133
679,0.2975499685713314,0.03982444990145489,0.4778274825178968,0.2782518531760919,0.043433924741762525,0.0005087058726649363
680,0.30012460984422823,0.037921207420811884,0.4834304471284744,0.2846185144270372,0.04320345317461942,2.3210024401746645e-05
681,0.31225066564591086,0.025333230148726172,0.4945955363843184,0.2971227729661227,0.04038846886601021,0.0033746690674746867
682,0.3220733953859048,0.0154109044563703,0.5022636384835631,0.30614970003344866,0.03979988746885657,0.004604167798101542
683,0.336353352410039,0.0010901861286436662,0.513734893178775,0.31953846397519103,0.03797014134207065,0.007319213935257461
684,0.36229615610888155,0.02579604867504587,0.5358709601938513,0.34544577396095233,0.03145489471534795,0.015113195613814587
685,0.39745500870106165,0.06343005913754718,0.5654584670823156,0.380962271903383,0.021917864817172086,0.026233615147021848
686,0.42616131844526595,0.09374619367540087,0.5907763188017923,0.41021774151972085,0.017115094579896864,0.032521443416323736
687,0.4195889296328782,0.08513085491603387,0.5875159630292967,0.4027509478817768,0.031328441360222815,0.019105044895513814
688,0.41177053569988786,0.07618959117071582,0.5814189836710474,0.39277109391861076,0.04581689138569608,0.005926924186040918
689,0.4212542090309832,0.08663019410286078,0.5911863255581767,0.4038350496510336,0.051658733997866614,0.0024312776568984028
690,0.43998219462921595,0.1067276332927459,0.6086241402191348,0.42435136431895826,0.05335626683149994,0.004002850929409877
691,0.44120613389996277,0.10699649282599996,0.608660406252886,0.4225533298266407,0.06796980153612545,0.007491814805418204
692,0.4320716579609563,0.0962633985669832,0.6025317865255977,0.4125199339668428,0.09265843627309876,0.029044660262675433
693,0.4309200183761423,0.09401887261927461,0.6053502312476515,0.41383677966195,0.11662366913462362,0.048885059933114344
694,0.41986171179069726,0.08125580263975181,0.5997999552512093,0.40485340123943614,0.15148731566465418,0.07921795821452386
695,0.40303083000207673,0.06255276436227976,0.5905412016297575,0.3915656176958736,0.19323991458960388,0.11561427396573912
696,0.3759409341195889,0.032777853270123294,0.5741055441081198,0.3695275773403615,0.24516386284917716,0.16186030620080524
697,0.3394656217626679,0.007072816448972164,0.5500423533383092,0.33787944623628935,0.30933535716855864,0.22068139560919833
698,0.3142505314755737,0.03518675827566048,0.5360283472788935,0.3187510958540334,0.3696105884938468,0.2743583906505767
699,0.29500626670845204,0.05732075248914056,0.5260581782837551,0.3045004901625112,0.43046566518380447,0.3282053494760779
700,0.2682663388455034,0.0872779012697275,0.5099602093941159,0.28262028750200574,0.4998793816252518,0.39017935554060035
701,0.24066012903076708,0.11785897162087916,0.4937462412136309,0.26106980546517583,0.5688216677034029,0.4507952553821656
702,0.21596551858598348,0.14514672153480634,0.48008361807056893,0.24311867061521739,0.6325846776407688,0.5056688998893102
703,0.18113278229914465,0.18239631588877714,0.4585175115314821,0.21524420475556372,0.7049971831957312,0.5699126573643188
704,0.15008243045875866,0.21598969642415441,0.44007903166024565,0.191177753182116,0.7713832810132668,0.6277742463671914
705,0.1340467091964231,0.23480053093381043,0.4336105059620005,0.18214448056759538,0.8182354035574289,0.6658038041464854
706,0.11696909158766902,0.25478092212152803,0.4259254938903903,0.17138275959117763,0.8631962459213565,0.7029325852411658
707,0.10135019305942702,0.2731195745981442,0.41912872993770106,0.16192652121406706,0.9035519083395224,0.7348655115337902
708,0.0881833129913427,0.2887548664430782,0.41380078771131,0.15442300467088235,0.9381955592520994,0.7625993296634371
709,0.07634521602629757,0.3029274042441713,0.40934699441829264,0.14794596290552783,0.9681468036196859,0.7858014134810504
710,0.06591976864782305,0.3157839374149561,0.4062039787511778,0.1430395494659835,0.9921687839009249,0.8046433320125645
711,0.04715190027703,0.33726581950882223,0.3966095062331192,0.12991719793134218,1.0251445273091673,0.8317475109067205
712,0.02795877423317708,0.3593901515732703,0.3864644590574675,0.11605849631857917,1.0572053369563672,0.8585114258580452
713,0.015153977634700489,0.3752863997098781,0.38089980586868133,0.10793990268922739,1.0788780118958652,0.8757688681468077
714,0.00020774080278392743,0.39326671400907537,0.37361426262259206,0.09754001357381749,1.1020358373661616,0.8956593295115369
715,0.009917165373360506,0.4063295624220795,0.3698875380236072,0.09119791579834742,1.1175477250244172,0.9097709199574436
716,0.013254462230688765,0.4128572841281946,0.37092743202476103,0.09002321672563143,1.12420798860904,0.9165481340274696
717,0.010282963105001224,0.41354292372825546,0.3757971824197821,0.09282532056323664,1.1248695394932042,0.9175647702518658
718,0.010748498339542625,0.41758631581319156,0.37900123219417925,0.09380908331818437,1.1259532797755933,0.9187921001167753
719,0.025137851528691326,0.43615682813546086,0.37228034793741155,0.08334983766490023,1.1400398378312024,0.93056820679277
720,0.04433738225304976,0.4598578850865654,0.36275356536135805,0.07039676159277405,1.1545909511866952,0.9421568688026105
721,0.06384167016640106,0.48316326183428654,0.35442185645260293,0.05987198584790562,1.1628113129764823,0.9489967066473121
722,0.07715149884070835,0.5002305257904947,0.3497653557362503,0.05342269149824928,1.1654820116868816,0.951766458915612
723,0.08319560873200718,0.5106757523378961,0.34922318510189226,0.051099112656270956,1.1629749769589774,0.95068588914574
724,0.09488021475717857,0.5268457697774808,0.34402896337843203,0.04208565811957035,1.1700206363620667,0.9585256900272957
725,0.11214114905501033,0.5486846882220191,0.33565553374560997,0.0294337389360768,1.1792800435661441,0.9682537950567787
726,0.12370060431260753,0.5647581893782732,0.3313430048398103,0.022818357029290172,1.1793307530554398,0.969207124809283
727,0.13342728909915863,0.5791918886376404,0.3285501042771381,0.017818036531944855,1.1765331849537062,0.9675751872950819
728,0.14388233425331554,0.5948285548186162,0.3253629642564403,0.012309521969664085,1.1732003592270197,0.9653866246790509
729,0.15418554567608464,0.6102892371706239,0.32224631235277246,0.007126635410778569,1.1697773711692097,0.9629005339197076
730,0.16470776607901813,0.6259835110698406,0.31904934595700524,0.0018472291173441994,1.166365708465983,0.9602585453842944
731,0.17790653315496824,0.6444460777034152,0.31410691765455495,0.0053629642459353515,1.164072200084672,0.9584407873418708
732,0.193408109968723,0.6652229036555178,0.3077797117269001,0.013600877236073568,1.1617177679224961,0.9563542110044194
733,0.20708968476877235,0.6840254882129871,0.30273627864937236,0.02012718025470687,1.157473827377796,0.9528167600674428
734,0.21854289824525355,0.7005472544527901,0.2990295809676597,0.02539862994823375,1.1527286460248296,0.9492745152758926
735,0.23006196210380617,0.7174263742393171,0.2946826530474814,0.032057427433763115,1.150682799225671,0.9484910709341555
736,0.24310706832089538,0.735862414848861,0.28922944922842303,0.04031585946221267,1.1502825433331518,0.9494621558017179
737,0.2563217395703386,0.7542538494071234,0.28397209656356387,0.04803501828335911,1.149240362911396,0.9496444637011088
738,0.2679631022064451,0.7709754814603655,0.27988257802469824,0.05389760809135065,1.1462478923292292,0.9475364676343991
739,0.27938496540828983,0.7876085120880605,0.27545200777269385,0.06016299527794488,1.1439880539124325,0.945889905153877
740,0.2907942528184524,0.8042325405104226,0.27127499174243697,0.0662295378041959,1.1415739798813433,0.9445541319738813
741,0.3022237491478331,0.8204722190726425,0.2671224145256856,0.07205885881257242,1.139473275291847,0.9435630128015337
742,0.3139600950603044,0.8366962373499363,0.2625060128203438,0.07844738249077728,1.1384671060901503,0.9434600466225276
743,0.3246637573643217,0.8521069297005365,0.25842340104545747,0.0843458149881833,1.136763788472271,0.9427406470655336
744,0.3347247330974162,0.8668300479552205,0.25473400913035193,0.08979299080861906,1.135310408234792,0.9421452875486028
745,0.34540545564862296,0.8817427453421979,0.2505422677334276,0.09566470197875467,1.1349247760046322,0.9426745662290996
746,0.3559076440234628,0.8962877451091369,0.24627823595735174,0.10163120355078578,1.1349314870423086,0.9435342597530533
747,0.3652725930526704,0.9100208776047761,0.2426717692001545,0.10696074498511596,1.1347719952434179,0.9440339076222405
748,0.3740224437453421,0.9226078050099541,0.23927068567602522,0.11197860384923236,1.134305166190464,0.9446767450161887
749,0.38350815623636436,0.9355157120505783,0.2352760549838746,0.11772419020280554,1.1347888166417173,0.9459310273794359
750,0.38929022849173095,0.94455242210749,0.2333052881241219,0.12047145246349807,1.1329955166859187,0.9446463540036859
751,0.39375587564585574,0.9519100210351618,0.23192037545921138,0.12232259308202413,1.1309199597621244,0.943008020101465
752,0.40164627513129686,0.9624551199703101,0.22843410222471494,0.12709400121652328,1.1319051402340805,0.9444264809356854
753,0.4088382529750575,0.9724619413847128,0.22554157767134594,0.1311570849121314,1.1325075539997869,0.9454889607208428
754,0.4162404478270136,0.9824893143144259,0.2225034919283408,0.13556463650359812,1.1336950651230213,0.9471708321763355
755,0.4253592727123474,0.9940851033262498,0.21730094984475415,0.14230115951229802,1.1379159667589582,0.9514012792262652
756,0.4362914878013578,1.0073505576165438,0.20996116468056691,0.15109273840076787,1.145646704892689,0.9586631346702624
757,0.447928691807183,1.0206329774903182,0.2031867498241257,0.1589516128680452,1.15418354123105,0.967566139921112
758,0.45692561443811885,1.0307810575795633,0.1990256084517405,0.16416309829832668,1.1620854655074848,0.9776458165924596
759,0.4698242121115545,1.0463280732794418,0.19159109223472856,0.17593575154219687,1.1793378782802995,0.9987521990468473
760,0.5010997498447469,1.0837334518477486,0.17106729141431978,0.21033046858618873,1.2220635852865085,1.0476211304957734
761,0.5258207236002139,1.1096995407818904,0.15556531080398459,0.23693818622089738,1.2527610510283156,1.0835326623642787
762,0.5196056404221118,1.1040979810496048,0.15974360129742995,0.2324151106945891,1.2477727111492678,1.079251565445189
763,0.4969586326543984,1.082193434104191,0.17490316114736967,0.21175790603767963,1.2201449950112155,1.0508628939451492
764,0.48251363035137185,1.0683923017801789,0.18388821678947048,0.19931768872623062,1.2021599049443756,1.0302978589733758
765,0.4696413450119844,1.055757114159511,0.1931602469108915,0.18474659249175146,1.1796234981127982,1.004242694565112
766,0.46185661667450617,1.0479030572171555,0.19975802442750085,0.1732671818181759,1.160343244763131,0.9823769598439794
767,0.45764964929310764,1.044024907494935,0.2039417955456292,0.16540383462407401,1.146500046554145,0.966150237738414
768,0.4560731273586061,1.0429671781389174,0.20600701316008385,0.1611855817918439,1.138118220281311,0.9563034652785103
769,0.45603641347161766,1.0439588340800576,0.20685633456144079,0.15962612703985843,1.1337797682513795,0.9512091653399164
770,0.45590992719177587,1.0449298723910094,0.20727660487802305,0.1591180365273158,1.131646711288082,0.9484446652105504
771,0.45638806594738324,1.0458066212083108,0.20693799853126532,0.15906363298411852,1.1308313911290409,0.9469443404624871
772,0.4574581807431003,1.0476697079751014,0.20667153120081605,0.15937895403063132,1.1302555070345188,0.9463401329075669
773,0.45778425444697507,1.04871862548404,0.2066981087480016,0.15957823299817225,1.1294460486345235,0.9456509534029949
774,0.4577792917135181,1.0493261344917775,0.20678287399507425,0.15958526817905797,1.1285953485934341,0.9446393618160909
775,0.45852887980585,1.0507874832370678,0.20674086747824333,0.15992802884430563,1.1281485490573266,0.9442944805368334
776,0.45855785595259996,1.0513381056934006,0.20658130070059827,0.16015871965227205,1.1281113330356936,0.9442067948766655
777,0.4584297539582444,1.051714045623499,0.2064947545811087,0.16034612964681505,1.1280914258466426,0.9440845020515638
778,0.4585117922252144,1.0522185664661137,0.20652254675903986,0.16063384514547793,1.1278242911054435,0.9439866362518452
779,0.45850461138721876,1.052338126590229,0.20653573108315285,0.16071101021943082,1.1274206401207216,0.943745016815293
780,0.45911436102938746,1.0534480240068764,0.20620054213488417,0.1608916401534765,1.1277183564036226,0.9436136502211814
781,0.4597070600761587,1.0544708292160585,0.205873162404101,0.1612941179959799,1.128418496512724,0.9442209954595469
782,0.45968097210100567,1.0547766984551281,0.20592161268537953,0.16141248058334925,1.1283802687751772,0.9443887039903606
783,0.4598572005647623,1.0555341385183132,0.20564369235213673,0.16217372973633284,1.1284887229263139,0.9448271251986211
784,0.4607311156343131,1.0569210574756447,0.20516699740328675,0.16328011067715442,1.1293110056386568,0.9460844708520468
785,0.4615199413062722,1.058393041378242,0.20497834590087569,0.1642076935393451,1.1301813508472955,0.9473001940206469
786,0.4617305924098719,1.058364699676148,0.20466116723387168,0.16468391502024676,1.1311567603188706,0.9485270913573354
787,0.46208613083492056,1.0586907798362375,0.20433011791124786,0.16517084518127273,1.132644022923493,0.9503930241240682
788,0.4624719902446476,1.0593057853231063,0.2039872331908793,0.16616695793767267,1.1345221705210653,0.9526167454964026
789,0.46270983610319477,1.0597456225047663,0.20369059744043613,0.16715341567566863,1.1357896032132748,0.9541213572397533
790,0.4618009694228593,1.059310653465666,0.20410963114158737,0.16714539175233198,1.1354823718056513,0.9540656378605068
791,0.46146737064672555,1.06011661777995,0.20443499519263872,0.1672335382586965,1.135168712079809,0.9534833361580671
792,0.4624580543917329,1.0620825299411818,0.20409168548602594,0.1677985482749635,1.1349543353423492,0.9529815953584758
793,0.4638894462838234,1.0635605596318471,0.20338983429462112,0.1683860247930915,1.134495196743486,0.9525371095060375
794,0.4645109119124987,1.0637872686430532,0.2031186799017785,0.16873630673307044,1.1344637425770963,0.9524543709707265
795,0.46407567993500753,1.0636519234605122,0.20329418255577317,0.16883344340918513,1.1354613338373076,0.9537140138837523
796,0.46374660125444617,1.0633670841404133,0.20331631108429202,0.16902921246404592,1.1365731344752437,0.9550606476372234
797,0.4636260934784961,1.0632766632818285,0.2033476604364856,0.16940505828407976,1.1369510338628297,0.9557884509787691
798,0.46375113158076703,1.0640931407949146,0.20381796950465,0.16941594245776634,1.1364198082969192,0.9557194716158578
799,0.46445094665591574,1.0652072260286896,0.2034516614913974,0.16974466308391534,1.1366744540770797,0.9558658676890868
800,0.4643348654372112,1.0657817524557602,0.2030370441034766,0.1704083748088985,1.1381015607525389,0.957145035690239
801,0.4641888235853975,1.0657376013157756,0.20329278428346326,0.17054745705035693,1.1379685580625032,0.9573362908622385
802,0.4642134145785702,1.0653886006425932,0.20352271116182225,0.170317924325806,1.1374205952804077,0.9567717777205421
803,0.4635830185003556,1.0649571000852358,0.20353085103514457,0.17015857408816526,1.1375275969961125,0.9567429534718768
804,0.4634817859933916,1.0655208698948266,0.2035164025953432,0.1705012022246896,1.1367551092109878,0.9562648753099671
805,0.46429904621479245,1.0667064895034797,0.20341326162832357,0.1703568098456781,1.1361800362816399,0.9550893556941162
806,0.4646989235208974,1.0677075016657294,0.20317236024800783,0.17043401820210974,1.1360751575392358,0.9545289750708548
807,0.46516726181508655,1.0685402274840805,0.20283773574596134,0.17104202866708926,1.1365193808112708,0.955263765661697
808,0.4662475751530011,1.0695029148955266,0.2026230826771167,0.17181411201489996,1.1378879260282282,0.9573311875829472
809,0.46715658115641673,1.0712384549470642,0.20218509261777565,0.1732152849671737,1.140190603786878,0.9602543347510288
810,0.4681717582140813,1.0722828389089805,0.2014636953495045,0.17454246059673625,1.142684966571875,0.9638231651279402
811,0.46891616214039,1.0729089612729705,0.2007993155225903,0.1761077409300702,1.1462426973866924,0.9686083017608206
812,0.46903981251594146,1.0730925625969678,0.20022423956414154,0.17775564787542342,1.1508179443711366,0.974171331046227
813,0.4691211916474189,1.0730210424551079,0.19948458942538577,0.17952175467082507,1.1558138011121353,0.980022232509447
814,0.46991825187609965,1.0739278739182252,0.19868805290702796,0.18218997508729717,1.1606148382584969,0.9855741000879826
815,0.4701792985651597,1.0746962029252147,0.19813068082711702,0.18430206341892522,1.1637363467490982,0.9895432262152022
816,0.46968890425811166,1.0737151940312075,0.19789584537057248,0.1857841024589283,1.165098297673556,0.9921612648883319
817,0.46885825267191655,1.072985195381986,0.19858919129104172,0.18579404178539816,1.1639780176978045,0.9917273145851172
818,0.4676739647059428,1.0727638779558597,0.19959606484591497,0.18441366351608085,1.1612446160694234,0.988413407407101
819,0.46814144094251026,1.073130589514801,0.1993434755109888,0.18354919643173526,1.1588458233246126,0.985190214928663
820,0.4703709668294976,1.0747762966780465,0.1993988950839251,0.18222599686592036,1.1554123723272374,0.9814864014535201
821,0.4715277317463458,1.0765096619520167,0.19895572064625325,0.182223085121192,1.155796430489485,0.9807949370815064
822,0.47040299724030193,1.0764537793734645,0.19858315283971364,0.18351853760331338,1.1587870483138396,0.9829878467776041
823,0.4675894675822078,1.0737735465726441,0.19911826576360953,0.18445820767874677,1.1603973055072154,0.9850411705643847
824,0.4677378736701637,1.0724041983238448,0.19969328642577439,0.18215492865865518,1.1554524083776014,0.9809464071332287
825,0.4689322554313257,1.0729835306290103,0.19990953863101846,0.18041262287931084,1.1520951121199463,0.9775657441529507
826,0.46972120092604663,1.074892457689764,0.2001647106284949,0.18033099275114667,1.150712330274822,0.9764533342526324
827,0.4687670715652738,1.0755293650271776,0.20013312145540207,0.1814810976123768,1.1524645505048852,0.9781581994814074
828,0.46775725094468645,1.0744889673031568,0.19988531200353576,0.1820070667418476,1.1546043563463273,0.9797182857507549
829,0.46764334355310216,1.073375577828564,0.1998140608052662,0.18178331563554415,1.1541415717322243,0.9793262054849081
830,0.4684305342528054,1.0729361590535478,0.1998510625505219,0.1809689286231424,1.1526662169355781,0.9784525881987869
831,0.467268623123511,1.0723059573195377,0.20068835943332183,0.17975981407168798,1.15086344559073,0.9766415323904404
832,0.4660310828456757,1.071903956890312,0.2013045522555543,0.17905716009739156,1.149468290656641,0.974720334047871
833,0.4659754523629837,1.0719615555181146,0.20152109786662928,0.17866577979651863,1.147898137673044,0.9727271426513774
834,0.4644461760857919,1.070842971639197,0.20243826661491493,0.17723017281637282,1.145791407250677,0.9701154816727762
835,0.46408895110140513,1.0704765887146386,0.20269510852793304,0.17550837636697272,1.1440318395148534,0.9671996891768527
836,0.4629985025647968,1.0697935786661672,0.20357195598558403,0.17470526886153628,1.1419846327787275,0.9655551753789102
837,0.4628272063820577,1.0690871093045102,0.2042019079443175,0.17395190068507807,1.1402116914555336,0.9647992065392397
838,0.4638859487941967,1.0694825378045951,0.20398086808683008,0.17327051695764198,1.1392075034216274,0.9638298158627432
839,0.46409109948732885,1.0706775306980714,0.20379694494920111,0.1734904116012574,1.138326076362519,0.9625342395879398
840,0.46400670641390807,1.0711322042158553,0.20380675081626723,0.17380860228898296,1.1373757895051053,0.9616514122145269
841,0.46341848798503144,1.0703697469294655,0.2040218661854857,0.17337881660314705,1.1371833355194514,0.9612969504094255
842,0.46312308784219997,1.0700326781051674,0.20414114799752509,0.17293317572105807,1.136937790020331,0.9600632105997402
843,0.46351641129624344,1.0705918772210552,0.2040529152324549,0.17302940215649817,1.1364403313735523,0.9593721233320334
844,0.4633506572258304,1.070816095072244,0.20414386140910665,0.1728800963536405,1.1360199104562458,0.9593951852793731
845,0.46267363412368273,1.071325022982708,0.20413739119048216,0.17248937910065598,1.135584356405766,0.9579889543352051
846,0.46416112861803577,1.0715952563379467,0.20411890627961446,0.172132138059749,1.134492549683731,0.9577711206323767
847,0.46452790807780275,1.0727400113089585,0.20402233522684546,0.17270455707830687,1.134874489688817,0.958506945924849
848,0.4644561306168613,1.0738850015732053,0.20369004865073753,0.17379783981674396,1.1358396629975223,0.95928782326171
849,0.46501258387227123,1.0742771322219726,0.20338569506248302,0.1745168673115064,1.1367072596227876,0.9601539565993421
850,0.46497498219950884,1.074294917298135,0.20327382807987476,0.1746519420295217,1.137804436084173,0.9608700855287099
851,0.46588030844154693,1.0752950916863784,0.20275366000176628,0.17516054792064362,1.1376121366128826,0.9610576777516859
852,0.46671863297499205,1.0758316276009867,0.20279014269741197,0.1751028334011761,1.1375530530362268,0.9619641725617712
853,0.46630046089781196,1.0765485162003492,0.20318277876785065,0.17611769863571874,1.1379129698696098,0.9631425898536525
854,0.46594113156869443,1.0763599800567771,0.20288966745257217,0.1772162073431706,1.1392314145553237,0.9639227367877714
855,0.46561113125966486,1.0748226360569682,0.2032897322823898,0.1754441034329705,1.1384240413720443,0.9622501656311729
856,0.46487310532328197,1.075271559896853,0.20387072826966768,0.17461168362877827,1.135626065543294,0.9597957271651988
857,0.4652708318236443,1.0744715175320243,0.20398934509397154,0.1740633643089139,1.132687460599976,0.9577746441934482
858,0.46610923793158343,1.0745547709482455,0.20368238397725677,0.17393184429795527,1.1332266484940259,0.9586499682206991
859,0.4666096494530472,1.0762513107466065,0.20380809225497107,0.17395742022205068,1.1345598575744835,0.9595764629056783
860,0.4658071636761181,1.0769044653808644,0.20415208910384303,0.17439338734774532,1.1345302211223722,0.9598721598001108
861,0.4643392910618084,1.0750507258125417,0.20419780403862559,0.17461712940261945,1.133571105411569,0.9601791717693898
862,0.46448015438374946,1.0753639780691862,0.20428774268843236,0.17413605457049436,1.1335943768499464,0.9594415450753955
863,0.4652764901018809,1.0756394218005867,0.20409035682501955,0.17431695389058607,1.1337254960004066,0.9597184599430709
864,0.46605626381600995,1.0766016505295475,0.20326903777980598,0.1747181137159086,1.1354172636933468,0.9601643354169331
865,0.46607268036982463,1.0776307759234032,0.20295586059759763,0.17590860657208254,1.1373291173424473,0.962138739135135
866,0.4664398944483835,1.0785828783872013,0.20275221785840616,0.1775591298377201,1.1376943648649442,0.9637948656404689
867,0.46724311838302524,1.0790299785465371,0.20270506037456199,0.17703872081015593,1.1366981365290416,0.9624544972526001
868,0.4660900633419756,1.0779713889698372,0.20408038498860087,0.1754475249999275,1.1341798752055543,0.961532256539531
869,0.46480586015064435,1.075933040820095,0.20452455943062944,0.17462385885806983,1.133303997101825,0.9604567116538902
870,0.46506140744798063,1.076424773366378,0.20441753040695032,0.17534432673713854,1.133550323297229,0.9607819555339965
871,0.46584681031605407,1.0776116912589147,0.2045625555753942,0.17663450891584917,1.1336888966549432,0.9623464028153756
872,0.4662108460559926,1.0783860675112151,0.20439157220803614,0.177022087325743,1.1344859935257843,0.9630541497783421
873,0.4660915141650967,1.0793966013996519,0.20361877327626338,0.17653982948078606,1.1358223037599837,0.9623551673589884
874,0.46579719515986284,1.0798536828142669,0.2037599919868028,0.17695455780731184,1.135154524618166,0.9614743645396755
875,0.46576238037424583,1.0788763006182478,0.20387483514326862,0.17604494497808937,1.1344633133989555,0.9614675794648124
876,0.4661401527640094,1.0780905195993953,0.2037158130096935,0.1755568194120094,1.1345516325756857,0.9622655861557587
877,0.4660480381242983,1.077823164426409,0.2039190215992015,0.17596380352008406,1.1350827282397413,0.9636699820359285
878,0.4652824526377563,1.077988321882871,0.20406802307874913,0.17672567628907002,1.135389856460195,0.9646648002458102
879,0.46614471236086935,1.0797552040305145,0.203229795634529,0.17772252045800582,1.1359851693652923,0.9640921680644035
880,0.4666198787236143,1.0803009542449082,0.20348497467614854,0.1777432035908331,1.1366995666909554,0.9639887243269429
881,0.4660750343111246,1.0792595759181767,0.2032240509451321,0.17826409405953553,1.1366390224092908,0.9653500816056687
882,0.4664259190858143,1.0782193337097958,0.20258161779280803,0.1779049254955025,1.1369477366001735,0.9662871626162048
883,0.46732954040297336,1.07811304372067,0.2023738588094977,0.17756206373668984,1.1376987249829222,0.9669487763074761
884,0.4668341571090553,1.078160606180202,0.2029953386723293,0.1781589195960743,1.137845237554155,0.9681189769999282
885,0.465658691067156,1.0785959019742752,0.2035204221086809,0.1789469704610758,1.1379056623807924,0.9688315612687359
886,0.4672685136314216,1.0810896789839837,0.20264718991264596,0.18013431575705177,1.1387998115288287,0.9693660790229701
887,0.46769028278360275,1.080752371629832,0.2021755566729059,0.18043417310484816,1.1401378972486338,0.9700904441798354
888,0.46717842663032777,1.0793815965402742,0.20193032087574259,0.18002107631554223,1.1396031497750363,0.9700837291693213
889,0.4681809022037391,1.0787192688154261,0.20144322951009294,0.17885595463549808,1.139800455407197,0.970315697844517
890,0.46892234241239783,1.078347306800866,0.201381612920912,0.17907789059465917,1.1414037197655296,0.9723323743211396
891,0.4697017911188597,1.079839635136506,0.20106690060913843,0.18185152236212224,1.1436683878552205,0.9768359012788802
892,0.47177700310010023,1.0816287018131803,0.19941423910565212,0.18306266063557078,1.1476758316401343,0.9811043652074362
893,0.4734065785925191,1.085790018417922,0.19795276742012854,0.18668760909795426,1.1545181591453126,0.9879226622703946
894,0.4750697828921957,1.0876552198959097,0.19626506645781275,0.19162396124881198,1.160433438556442,0.9956239748847963
895,0.4779942908384029,1.0892046763621728,0.19337409820379228,0.19611750304153866,1.166943529901646,1.0030472536114237
896,0.48119619177239087,1.09077041884885,0.1908314988187352,0.19924711410888843,1.1736264643782497,1.0105820074524607
897,0.4814962638662503,1.0919025474716069,0.19008869433014255,0.20260239069392358,1.1781360361979656,1.017298532435633
898,0.4811974499062521,1.0948245513804613,0.1894069133362119,0.20594423326671776,1.1825067115983443,1.0213416269501703
899,0.4824982176460977,1.0951439438109662,0.18948703132014627,0.2061415866287343,1.1855150848965506,1.0242681719648035
900,0.48045731929242913,1.092966470425641,0.19037817950178967,0.2056032661547991,1.184846242897647,1.02463912394614
901,0.47744256381447775,1.0888908753389688,0.191832805694738,0.20380436684814873,1.1792972668878983,1.0203824036704352
902,0.4763820557953629,1.0850385377567144,0.19331235217874168,0.19940747207260995,1.1728110344286737,1.0133824537118172
903,0.47737359283464076,1.0837753177214942,0.194567308762983,0.19540906383971085,1.1671086340795023,1.0080018671322886
904,0.4799504589089389,1.0862646984145696,0.19428559637253257,0.195691323357451,1.1648817729389307,1.0078970838387253
905,0.48185214080303834,1.0900396481591934,0.19208366559009843,0.19832807882899073,1.1715987671924089,1.0129056963612038
906,0.48371102013183204,1.0946041199148249,0.19035941210592827,0.2036078587610159,1.1798125389162302,1.01951652973341
907,0.48491372890949,1.0956884773102824,0.18711011576904785,0.20897695962909682,1.1887937025516027,1.0299182693822586
908,0.48418617270315223,1.0952015948217224,0.18611281537870553,0.21082809201318367,1.192099350195961,1.0328616511789976
909,0.4856066135069957,1.0959125325881596,0.18609930291193955,0.2109398282427225,1.1899382965339749,1.030806539904421
910,0.48785763130841187,1.0964750452647785,0.18582746056409938,0.21070347804884607,1.189257734311846,1.0311411950610148
911,0.48753599619135746,1.097575119165827,0.18632567596602817,0.21053707080046793,1.1909546455686504,1.0317855293804918
912,0.4894259251140948,1.0996244907568238,0.18564905588799432,0.2126386789423901,1.1927708098785512,1.0371976549632824
913,0.4893697264108469,1.1002335833093326,0.18471505123962628,0.21583241416096738,1.1964902061935156,1.040241237592997
914,0.48644806323800416,1.0963165596365023,0.18472261295377232,0.21596056735745128,1.1980974247664011,1.0438654600094757
915,0.48620831669715325,1.0978078829379838,0.18351759503606563,0.21709628402982498,1.1983631803604151,1.0423958368234527
916,0.4872191108535367,1.0987409185219312,0.18354478316811665,0.2159338036381073,1.1961793974773254,1.0377997941472448
917,0.48722815646073536,1.0947156174968493,0.1856674359725543,0.2113791529716583,1.191803874840783,1.0350861875072273
918,0.48865908427759763,1.0931859073857584,0.18671558731007043,0.20820616376650455,1.1873299884241,1.030105451039749
919,0.48846534033221223,1.091836068376359,0.18772338065243652,0.20387216903249014,1.182665130457898,1.0232761010261744
920,0.4859048045627313,1.0945789929840715,0.1883582840938907,0.20579513985680073,1.1820381826323711,1.0227557286183675
921,0.48547550408528367,1.0938365672860952,0.18846720008759363,0.20652172768916588,1.1814338457906348,1.0245035890645962
922,0.48803397498614476,1.0938895400413442,0.18673682944674325,0.20767668850005383,1.183192518994781,1.0254406359051778
923,0.48839141057952906,1.095008139774787,0.18497333888516343,0.20958786088353937,1.1876968688542069,1.0288729031006876
924,0.4876062888887667,1.0934195780767266,0.1849189078004039,0.20987076119731457,1.1894603040079246,1.0325896955109652
925,0.49203873077829113,1.0956119193420664,0.1836124308361921,0.21170464423978919,1.1929486937527818,1.0370524337462377
926,0.49533174048007544,1.0999011300191248,0.18122396611349748,0.21583802985637796,1.202151559712848,1.0474424354748266
927,0.49754408251317817,1.106275939108813,0.17777810048505427,0.22308114322438294,1.2111040912617594,1.0567189240155797
928,0.5050208378770392,1.1149394997200663,0.16932315286972735,0.23468130784506144,1.2300089800387008,1.0753940734452192
929,0.5170021096797932,1.1246097085998532,0.1601743753607031,0.24932357359348903,1.2524145469679273,1.101584799712416
930,0.5323997456481471,1.1422807413794436,0.14886509944443055,0.26767966153738193,1.2772788420632226,1.1239571072988124
931,0.5503447024400846,1.1622786730127541,0.13373714540633397,0.2897074984980912,1.3077769394561338,1.1516602815698822
932,0.5631427130666621,1.1729770742645573,0.12248189399171314,0.30842104093488093,1.3332334184499623,1.1831909385764725
933,0.5722158444107168,1.1900092841009726,0.11560501386551009,0.3218380167721817,1.3486222303597872,1.1917506578109853
934,0.5694892614050124,1.190537729367653,0.11552055950804459,0.3349413669053948,1.3526777824323448,1.2029746087325903
935,0.5586110566558878,1.1636223785360924,0.11837504250637035,0.3180551777797535,1.3502447976427607,1.1970294476957346
936,0.5509756416104101,1.1441034366089728,0.12572916464542114,0.29842975456694554,1.3287637305975493,1.1720588952233444
937,0.5383288472759438,1.134174773464755,0.13962206130254623,0.28567808954154034,1.2985268749974657,1.148008724081122
938,0.5350652705639958,1.1225432864075897,0.1484803259016928,0.27329599288352063,1.2740239138298424,1.1337568454077163
939,0.5298221847408362,1.1137264428275062,0.15285174218149208,0.263962845445273,1.2663659230854576,1.1293153807028844
940,0.5208732814726009,1.117960412048245,0.15401654990807934,0.2659719951187775,1.2738761913476482,1.1357715488692715
941,0.5287236160297523,1.12083344624151,0.14718244314906062,0.27222057879080824,1.2882017086054516,1.1491913798681486
942,0.5318750397148143,1.1192053436660891,0.14263385853164587,0.27109622150474305,1.3018156147243627,1.1512938553593575
943,0.5440463121745153,1.1257707104934649,0.13657107749474418,0.2804321016604922,1.3094513203858822,1.1614586830859306
944,0.5452224142457074,1.129503534322821,0.1333357133673502,0.28436066048920694,1.314909508638021,1.1683071394311015
945,0.5407433475661755,1.1292073030502197,0.13792140164924738,0.28386279551321053,1.3094301478070283,1.1647523454788165
946,0.5291022306193115,1.120245178042886,0.142896958389683,0.2810836995138976,1.3005546078415426,1.1556462301372699
947,0.5203822139996485,1.1028177446766483,0.1436036705406544,0.27055372451290005,1.2965006300438313,1.1491052447718595
948,0.5239955740637825,1.093164171910152,0.14327805296294077,0.2625270813830203,1.2937968295680358,1.1488694704423528
949,0.5201385286661,1.0927249604129696,0.14494685633979146,0.2652428573579324,1.2918390374415174,1.1509182581725637
950,0.5228700902752073,1.0964007336053279,0.14764544953024714,0.2665607051384663,1.2841233871355857,1.1456213497783532
951,0.517329469533623,1.0959396466404567,0.15241711924033335,0.2625175959296821,1.2793207474972792,1.133958376549061
952,0.5138536402645745,1.0902470004549347,0.15029699399427124,0.26031281857719224,1.285870191514472,1.1361300182939833
953,0.5117389709088408,1.077071757162073,0.15130706070747935,0.25389965583906243,1.2828310761990556,1.1365485045646695
954,0.5073112819058451,1.0771086676639652,0.15016071158641292,0.2535437213298594,1.286248279053212,1.137777946393316
955,0.49758337172106604,1.07339006175965,0.1549443951417131,0.2519720407476601,1.284269874222016,1.1345246669711626
956,0.49358465549315667,1.0633582772351644,0.15901490335855337,0.24876093741323532,1.2719840880648356,1.1221658877804843
957,0.4982175807287103,1.0639624076428134,0.15683050719630162,0.24712538085396338,1.2646397406711183,1.1142491413504996
958,0.497965291363999,1.0593523435424659,0.16322927926246217,0.24179479513811836,1.25641596522416,1.1162899319981654
959,0.491859778139113,1.0592348197247023,0.16445663302029673,0.23611118825413108,1.2592430336933167,1.1117946451604883
960,0.4830617170033128,1.0558393673768627,0.16865782640588753,0.2385007881970729,1.2504345166266757,1.1095968320079967
961,0.48217603895192335,1.057573525644748,0.16747439084256474,0.23690691213289097,1.2508874647226225,1.0987344279930322
962,0.48398751335956447,1.042702857501526,0.16899344624066082,0.22286664718845947,1.249848867300805,1.0952834617224778
963,0.4807753141428317,1.0380603250401739,0.17556419562202155,0.21603425498446482,1.2443727115755656,1.094404735914404
964,0.4750023931170149,1.0383912335752972,0.1780347455844732,0.21517096961061866,1.2356694842453235,1.0878638124738027
965,0.47482451963200506,1.0326362256274195,0.17645304178341034,0.21305707553158612,1.2282217955543073,1.080887205083819
966,0.47291097050861985,1.0312790496625748,0.17594999144548384,0.21210544466432996,1.224836349906945,1.0729022921840838
967,0.46365900962906825,1.022636970751271,0.17762386254164395,0.20455435028668428,1.220884460744477,1.0649673885354014
968,0.4712582712888361,1.0249967532981885,0.17775471690665037,0.20461959826557646,1.216991281525862,1.0654361246828394
969,0.4765913503998234,1.03720863481899,0.18490623424907499,0.2075676170411658,1.2123195576418646,1.0708462900820042
970,0.4760467905468338,1.046785306010532,0.18061731134397258,0.21490210221461606,1.2104038859146338,1.0655105563157892
971,0.48826045828297315,1.0457191905528007,0.16447250100335384,0.21817356666174526,1.2229002707312706,1.0729547084481885
972,0.47922798014839385,1.0598650714643023,0.16959178389566687,0.2333519034560161,1.2355906361047224,1.0890073298192253
973,0.5146386163964229,1.0569708470629247,0.15528978219106007,0.2226516899599528,1.2466529416955803,1.0899500564014766
974,0.49152206369318285,1.0644559025468474,0.1656484897925032,0.23080133403969927,1.2431138722802708,1.0841374288157017
975,0.4902396418804439,1.0546942699275874,0.16167634002559353,0.22836427082295938,1.2386842421010267,1.0832621326718335
976,0.49022407087787023,1.0612841679743739,0.1603252918249583,0.23357306390753413,1.2350535369422189,1.0778637574964294
977,0.496205283543634,1.0621986450762122,0.1707264117666255,0.22114770632007144,1.2370284926745456,1.0916212654930226
978,0.4885570882236799,1.0643857191156525,0.1702615577066731,0.2335259108865353,1.2343769196505652,1.0869359951555395
979,0.492865263088696,1.0580109137705194,0.16214697744408008,0.22308795044386953,1.239333183042149,1.0771448789940512
980,0.5069446939791376,1.0782761404357541,0.15205720246690702,0.23845072951862414,1.246386350166451,1.0796490770950027
981,0.48256721108381345,1.0572518650201725,0.1735489745133322,0.2258787013958232,1.2121909708746479,1.062812679029313
982,0.49462575577368684,1.0695469586676811,0.16473305939743843,0.22880605593976477,1.2339993419298896,1.0703473460661612
983,0.5143091919720624,1.0747069058625245,0.16059883373546538,0.23265998670784274,1.2264405598368824,1.0717142166260876
984,0.5131117939972469,1.0778174584785358,0.1538922171120064,0.23481409117516708,1.2404755511873107,1.0735773905339796
985,0.5246030269060202,1.0826247487694876,0.15536123563974816,0.2415650010691217,1.2295197863492395,1.0816860839106779
986,0.5248013732929978,1.0883262984793338,0.1505200209035031,0.24602449915973607,1.2446572758380474,1.0945742288706368
987,0.5246477223196172,1.1001100960635695,0.1428202020744455,0.25186216012910806,1.2484352014913274,1.086299163901126
988,0.5392488237508404,1.1022696995872565,0.14461681871845758,0.255105213565621,1.2512912236920841,1.1010100887592091
989,0.5341929993742468,1.1056906551650374,0.13931894181514692,0.25387205705541566,1.258727930601965,1.0841364124031385
990,0.5307091846346955,1.0983785685914764,0.14443082219691775,0.2437805102363141,1.2631424086751455,1.0902125387601362
991,0.5468298632152695,1.1124537550910696,0.13627669875023318,0.25842693623987695,1.258106848990541,1.0936044525367759
992,0.5569584270094009,1.1282269286020372,0.1343678618066221,0.2714075179655759,1.2519701331676865,1.1076588859949372
993,0.549847377150146,1.1444840608995348,0.1363823067517878,0.28299134062968234,1.2722232535653115,1.1146823185967283
994,0.5610138967727192,1.1291248081383043,0.12447015009543189,0.27452028053727306,1.2718788148034088,1.1136801697190666
995,0.5763114277172937,1.1224116358527998,0.1266525799965665,0.2695815430215407,1.2783326406832274,1.1106353709730397
996,0.5944583209925627,1.161064118041864,0.10644318220770486,0.29285871676016395,1.2892141113785935,1.134416451092479
997,0.5918315797087094,1.1698901401961022,0.10576799449126413,0.3177467875438488,1.3102252114575093,1.1654554778222352
998,0.5873508588047132,1.1561539954907576,0.11941097024800838,0.28444391134541747,1.2658513893748569,1.1104169527836234
999,0.5697996091704914,1.1289790460354485,0.13968710452651084,0.25843175178672984,1.230272599824799,1.0834664075249385
1000,0.5418426964067097,1.1051559262761839,0.15501396217828778,0.23748778363268072,1.2091814874775735,1.059465491796493
1001,0.6713204674060312,1.2201386697964733,0.45742397533237317,0.05459243144042437,1.7130806613222909,1.1762156571311078
1002,0.6580195980565591,1.2088428768804247,0.4644502057715244,0.04243232379912983,1.7000174193885762,1.1619669865724906
1003,0.6335880964828454,1.1863124435640435,0.48252121192513914,0.01903665415712952,1.6786148548349014,1.1432639383425327
1004,0.5826265001588262,1.1365855238627827,0.5188110057566993,0.03306640501093152,1.628221197141358,1.0972468220494607
1005,0.5622877988532915,1.1174695116440163,0.5344265501524588,0.05461295722919552,1.6088648211713905,1.0806990444196847
1006,0.5438973040080047,1.0997157879177035,0.5483436868645397,0.07416875639094231,1.5865023897949684,1.0609289221932028
1007,0.5192190276219275,1.0763849317776715,0.5706092635003133,0.10351133172689546,1.5544352905770034,1.0333143448725124
1008,0.503913901649346,1.0620486482363247,0.5845168409121118,0.12175786441659056,1.5361130258167723,1.0171678912666986
1009,0.5027941586986492,1.0615234614121276,0.5857612562190502,0.12282301866406067,1.533890955595083,1.0158653387685812
1010,0.5084424715972148,1.0671878440494664,0.5812121180596899,0.11664536417450165,1.5390323865158566,1.0209637243358525
1011,0.5143205565835982,1.072978185220348,0.5757263124996186,0.10955256520775113,1.5454463466269517,1.026558830329368
1012,0.5171082256197719,1.0761688023475227,0.5729506941227921,0.10610534264395774,1.5476832508707632,1.028546282957238
1013,0.5180290837752647,1.0779672940220226,0.5726445455515183,0.10604610764243276,1.5468443443583637,1.0279476935905099
1014,0.5172739019927863,1.077944666929363,0.5735788516856679,0.10739929959086776,1.5453949809876264,1.0267514975156562
1015,0.5164574407892946,1.077392355641922,0.5744902946826445,0.1084705530962363,1.544266223831881,1.0261329111927844
1016,0.5158719639906812,1.0774040968532128,0.5750974853850592,0.10898884220750292,1.543842828590599,1.0260220239324098
1017,0.5157496195919474,1.0779945255078471,0.5754082988686322,0.10872601878559103,1.5446113861399746,1.0271239051610581
1018,0.5158410689087527,1.0789299384001667,0.5753801861088118,0.10836524920770821,1.545533318121596,1.0279689365050646
1019,0.5165066391830857,1.0805394906651422,0.5749901000283428,0.10771806594473536,1.5471825083560786,1.0290336061785619
1020,0.5179361148952388,1.0837823253460617,0.5742089159191799,0.10629878213860597,1.5491242495805229,1.0304276750632486
1021,0.5194049976537652,1.0864487159936607,0.5732212344394196,0.10490624133507022,1.550423802278213,1.0314946324214747
1022,0.5209349662551239,1.088185327897232,0.5724985647802,0.1037062082525458,1.5518374067166667,1.0328448714434448
1023,0.5215982084929377,1.089204380131714,0.5723551740026361,0.10314147230509885,1.5519516969292082,1.0333975714745716
1024,0.5213347240038403,1.0887265158738189,0.5724293786045337,0.10373902176984261,1.5505463494850127,1.0322513830532107
1025,0.5205640928902825,1.0877854418032298,0.5730270529207053,0.10478811794717272,1.5490914583060393,1.0307408621328873
1026,0.5203294218146549,1.0883629827677124,0.5737990652326703,0.10537108929505724,1.5473711682509133,1.0290434975970957
1027,0.52088925223352,1.0898030226656048,0.5741568933827775,0.10567354609111156,1.5467295495504034,1.028233839908568
1028,0.5215613644484764,1.0912092207514061,0.5746497468902653,0.10584185604260515,1.5468425655691938,1.0283179991153917
1029,0.5226242835094609,1.0931827353752577,0.5748638070968923,0.10546910227969897,1.547002904272745,1.0286296087980245
1030,0.5242868535828248,1.0958598896651441,0.5748362003521348,0.10474514265586332,1.547199994480211,1.029540982962268
1031,0.5253225072897848,1.0976673103661254,0.57476632065791,0.1042195586267102,1.5476782003024308,1.0301618897242715
1032,0.5260042064244801,1.0989228767696964,0.5746477032951314,0.1036456870569935,1.5480137046845295,1.0305771214953792
1033,0.5265030774782684,1.1001517567798378,0.574487119188639,0.10296050248077232,1.548334565896486,1.0309562928350726
1034,0.5269368427119269,1.101275627500572,0.5743712005737794,0.10286466825790498,1.5490323578043486,1.031258861869404
1035,0.52754734578807,1.102286512170769,0.5741519752828315,0.10268597856892822,1.5497037595958918,1.0317064247384173
1036,0.5277375882423212,1.1029404293790477,0.573771486394731,0.10240080274035054,1.549851663031573,1.032111563185783
1037,0.5278279211288549,1.1032648559665001,0.5732813584451146,0.10210669085550961,1.5502005254658981,1.0326751694132863
1038,0.5283458339111374,1.103961872841047,0.5727355474537484,0.10148537473204511,1.5504018676913494,1.0334050278740334
1039,0.5288588725463175,1.1042867853320937,0.5724651273346609,0.10123965585032109,1.5503765884417724,1.0338525056897565
1040,0.5296928088724561,1.1046072098810134,0.5722989186897035,0.1010018163351863,1.5504672639821144,1.0341220518088583
1041,0.5314290494017704,1.10565867846009,0.5719541255919828,0.10010015822883943,1.550315797706265,1.0346340127694853
1042,0.5334916080819473,1.107148811127932,0.5713933156040341,0.09868643812060716,1.5501504325581081,1.0354496605465184
1043,0.5357487333998139,1.1089309836392804,0.5703697929186876,0.0968719166842307,1.5505633267307537,1.036537384596716
1044,0.5376719757087101,1.1105951047753777,0.5692125146050906,0.09487103473892518,1.5510078235422802,1.03770179742427
1045,0.5393375434104993,1.1116345839469253,0.5682865557003823,0.09372368385885856,1.5512916233529055,1.0385729745070178
1046,0.5402616397717352,1.1120157700853497,0.5681792074955593,0.09378387938425721,1.550519765306873,1.0382561290610068
1047,0.5405103942663888,1.1121237429500581,0.5686884616901973,0.09434197760744449,1.5490423802173003,1.0372836436106678
1048,0.5406826815903953,1.1119093643980564,0.5692883332208694,0.09525579555234794,1.5475344901804982,1.0363193590962538
1049,0.5408659915228818,1.1116875339278374,0.5698118159909439,0.09592186945107704,1.5461055764742404,1.035499399619173
1050,0.541465850588274,1.111781064231622,0.5695870909100428,0.09545942520503985,1.5459754577873421,1.0359944744892602
1051,0.5426650319193216,1.1119953482888074,0.5682559105423637,0.09404497250867096,1.5473853593122557,1.0376904281080006
1052,0.5440544480227076,1.1126583590998496,0.5669225182037096,0.09226766031319415,1.5491443149136876,1.0398095430677876
1053,0.5453647202484191,1.1139567065341265,0.5660071393930336,0.0907832758959862,1.550588370351018,1.0419963338032021
1054,0.5466278565935404,1.1155848308572685,0.5651161567151206,0.08963990419128856,1.5515255295079462,1.043362925365999
1055,0.5476576506785873,1.116654454865836,0.5646521776793596,0.08881417919497507,1.5522202506789713,1.044258269851071
1056,0.5482095553597378,1.1171372231886234,0.5642537777672728,0.0880595728714667,1.5526602991195941,1.0449400750551077
1057,0.5489616020071921,1.1172452998593263,0.5635890975333153,0.08729216318153042,1.553264605094335,1.0457510151044194
1058,0.5499676152677248,1.117759574398511,0.5622379287993339,0.08571383226142287,1.5543649392260572,1.0470207178563036
1059,0.5510874557492607,1.1191243712795103,0.561229769915687,0.08397827071830014,1.5559728948358555,1.0488838083947403
1060,0.5522067279241213,1.1209136212852346,0.5605211215888648,0.08270934179082903,1.5571325879853775,1.050606074151544
1061,0.5532765323783417,1.122546698184788,0.5598356068191521,0.08191880526688784,1.5580815749074866,1.0519624217909178
1062,0.554787413225781,1.1242956988102182,0.5594908144519026,0.08135786825015154,1.559281114562842,1.053299368038797
1063,0.5565580762640528,1.1257570450389265,0.5588491109456151,0.08040379415679307,1.5599917712314766,1.0543853450191059
1064,0.5580635798535891,1.1268828378745812,0.5579404416251217,0.07930210432857866,1.5606345951375424,1.055117157530733
1065,0.5600165293720486,1.1288106707270589,0.5569210177695512,0.07760682532118657,1.561873217465063,1.0562501615731634
1066,0.5622987617409162,1.1311119368814768,0.5554896552521444,0.07529236512444482,1.5631826284739516,1.0574229633418182
1067,0.5639510969224031,1.1330027946502381,0.5543877019925745,0.07353380297008622,1.5642394177112435,1.0582512269758362
1068,0.5654155500821821,1.1343178953427984,0.5533411966740522,0.07183312777936247,1.565192162145127,1.0594578450289065
1069,0.5667414091237203,1.1355175276812668,0.5525875775655748,0.07069040080091099,1.565902886417441,1.0603524982789179
1070,0.5678240959965448,1.1363413793500399,0.5520544558515841,0.0700132424713448,1.5664290901307263,1.0611637422097695
1071,0.5682037224026782,1.1372011841135163,0.552003750787757,0.06990256797327771,1.5664104951086344,1.0614486509694905
1072,0.568575217604534,1.1377233668234958,0.551768853967053,0.06943304214041157,1.5663466227292135,1.0617698865874952
1073,0.5693270151744924,1.1385983959594919,0.5513158231288688,0.06859268207738851,1.5668875612028939,1.0622754097061855
1074,0.569729896718531,1.1394980758789983,0.5507173917905822,0.06749425977732526,1.5675388991700898,1.0627885422610444
1075,0.5702077603444835,1.1401259823082208,0.549966469331905,0.06630128220040857,1.5683614580514929,1.0635210814417124
1076,0.5711631598929466,1.141436148790702,0.5489407987856705,0.06514079115562563,1.5699379675000271,1.0647728624533392
1077,0.5719656613916955,1.1427355148531737,0.5478737386480464,0.06418252151346081,1.5717651637348886,1.0664576683792086
1078,0.5726737236971708,1.1440396013520455,0.5471278737012342,0.0635206097180332,1.5734078031353103,1.068050302962507
1079,0.5732175173554818,1.1452791467734698,0.5463467537213267,0.0627123529077788,1.5750113285008347,1.069426305277102
1080,0.5731101148096078,1.145300887053334,0.5456196094888883,0.06192179130380714,1.576309452210471,1.0706393022749523
1081,0.5726795181888008,1.1450014745937263,0.5454090711406734,0.06160908339711629,1.5773636586846496,1.071405174520806
1082,0.5720276909596851,1.1446619529435846,0.5452800971095824,0.061311865807891934,1.5785226215327375,1.0721179526760185
1083,0.5714029313070628,1.1439801976528876,0.5448423996147179,0.06065729617712781,1.5796177896660784,1.0728295204218787
1084,0.5711811844130003,1.1439798533955479,0.5445285365838421,0.060170593245567394,1.5808386979174402,1.0738453543208168
1085,0.571691360634331,1.1446859645063512,0.5442617738568799,0.059702024082836674,1.5824093285637804,1.075343114492581
1086,0.5721567269318466,1.1455703758824187,0.5435231137011964,0.05857750212737413,1.5837951114109186,1.077174381863176
1087,0.5728395940361958,1.1466732816546379,0.5423271594674158,0.05725394195430901,1.5855255113988327,1.07916942116389
1088,0.5736683563944109,1.147373854527805,0.5412495333732356,0.05600363913832213,1.5877833382945727,1.081561122065422
1089,0.5743913237802826,1.1479618756788834,0.5399961921159325,0.054384856818201946,1.5903315542442353,1.0842486893929073
1090,0.5753181825804995,1.148764515778453,0.5387736039844082,0.05296994861012893,1.5932384640398103,1.086946077214636
1091,0.576261062737285,1.1492030756985483,0.537347054225115,0.0511686005544164,1.596483341916354,1.089947675047596
1092,0.5771996053145473,1.1499083240021397,0.5355492913021265,0.0485996831195522,1.6000844128959524,1.093407631755417
1093,0.5785830041076342,1.1515709267784564,0.5335885430443429,0.045688634132055594,1.603705286273539,1.0973206271820322
1094,0.5796660895073334,1.152440946119918,0.531328160970955,0.042350723431494396,1.60758374314971,1.1015194715518506
1095,0.5806549895110203,1.1532494470326013,0.5292185987068008,0.039310935045368325,1.6116247780493178,1.1057389532633288
1096,0.581312117011379,1.1539160164911437,0.527730762181738,0.03700703850129141,1.6155170358765576,1.1100223709299684
1097,0.5819132421543871,1.1543524887337149,0.526425982190037,0.0348882239182041,1.6190408828001257,1.1140752362249486
1098,0.5820871461330562,1.1540103574222689,0.5251197423288114,0.033050748792165185,1.62253406612432,1.1177403737558451
1099,0.5823400657270784,1.1539095208820151,0.5238431637520181,0.031153452115383867,1.6255734989601816,1.1213426086375473
1100,0.5829863322637544,1.154294166379627,0.5224541382299885,0.029028234902266678,1.6283412165188025,1.124939713941152
1101,0.5833018305162276,1.1541029453815363,0.5206258457806408,0.026630737720392646,1.6312578632968626,1.1286219162954094
1102,0.5834119081633646,1.1539070780654852,0.5184759745211841,0.024106768485975698,1.6350225515196684,1.1325874391573258
1103,0.5833764920316594,1.1535960046053353,0.5161345300726864,0.02115729022901112,1.639770155108925,1.1375206054176898
1104,0.5835056413647624,1.1541352791345065,0.5135698415134566,0.018090109274615497,1.6459087903358338,1.1432584202087603
1105,0.5839825422088712,1.1553876361088373,0.5102169263497014,0.014140819282709459,1.6536908876712375,1.1504110774562746
1106,0.5849554210376586,1.1568847755630811,0.5062963797384039,0.009273335418508742,1.663223479864837,1.1590623751054099
1107,0.5874759201010814,1.1599290835069413,0.5014461562370437,0.003185415623543718,1.6744861945203533,1.169095597207468
1108,0.5918632931046753,1.164397200242657,0.49532796963353165,0.004960381981646803,1.6880135284773685,1.181349365861196
1109,0.5975335243951079,1.169395887042584,0.48820866558229575,0.014769934309570645,1.7043193901678073,1.195830453257729
1110,0.6046868292413974,1.1762281725636088,0.4800452239640986,0.026025864670432185,1.7214894441383786,1.211723571140296
1111,0.6125184443163352,1.183855936056974,0.4713118978578253,0.037879581231759475,1.7400548049596611,1.2288994759280027
1112,0.6206513049037607,1.191026016996955,0.46207763897076626,0.050623814292878586,1.7597177479579298,1.247346974582083
1113,0.6287452184105383,1.1976242901139231,0.45243138167108415,0.06429785520582257,1.7796510175020106,1.266836323707587
1114,0.6384748484793511,1.2049794218643786,0.442104953169086,0.07876395719899582,1.800374205049997,1.2867632358327585
1115,0.6505586564713749,1.2146437795324645,0.43097162665399236,0.09485576609966266,1.8224379455775135,1.3079117182213449
1116,0.6631003031169945,1.2242194946918634,0.419987128664231,0.1122011344960413,1.8426648789419202,1.3291414484667714
1117,0.6782882320487864,1.236418874726094,0.40892477109101383,0.12994489884980648,1.8603079628855381,1.3486115067586282
1118,0.6941243575473959,1.2503009444215327,0.39834791599005615,0.1475066608967928,1.8744359064908507,1.3659698386185177
1119,0.7092368918437999,1.2622549044522071,0.3892826111411694,0.16406423627996783,1.8834624496765724,1.3797584120844526
1120,0.7223595995902433,1.2706129889833104,0.38127062870272455,0.17838329468153608,1.8881086736762767,1.3887453641369816
1121,0.7330960622946469,1.2779001257176705,0.37544660576709366,0.18947278878920998,1.890076802516187,1.3941934558051685
1122,0.73966396292398,1.2814846909819566,0.37128532016323273,0.1971396012771933,1.8893839236979515,1.397082113671258
1123,0.7389389150541609,1.2770030682652276,0.37077505402624494,0.1978957010848713,1.8876473069975674,1.3970953439409666
1124,0.7366641929247157,1.2711319136207682,0.371611305120638,0.19594900701098616,1.884168260342305,1.3950661249011787
1125,0.7317187715874939,1.2639688535719156,0.3737346663083332,0.19178729554858154,1.880091579649151,1.3916633634315583
1126,0.7302101316747116,1.2609959772862216,0.3747607071993241,0.18993675008800778,1.8773881652898572,1.3899058692432273
1127,0.729958355978287,1.2594901324960994,0.3762255048431734,0.18833024001853604,1.871316405189858,1.3849215779431079
1128,0.7334270943832153,1.2630281642466852,0.37589182157009227,0.18941554465523253,1.8673057656253298,1.3810401208025875
1129,0.7353420002548641,1.2643593166322964,0.3754989879164645,0.19010033665805476,1.8633723858092457,1.3779461815353118
1130,0.7344927603786615,1.2611857335254377,0.37616744167622923,0.18868396916091282,1.858906115400699,1.3738794257974163
1131,0.7297045854503339,1.25468142834409,0.3795913436047761,0.18202383853546963,1.8544945513107203,1.36815932131584
1132,0.7192836685770548,1.2429346243657713,0.3852680610077416,0.1714814100361476,1.846891854684999,1.3608264641018937
1133,0.7070375183405008,1.2294670053732584,0.3915350395507681,0.16007659872626595,1.8390273808043587,1.3533093247061956
1134,0.6929351225287426,1.2146357886743724,0.3995285579199802,0.14527165755353907,1.8312325594722398,1.3440599048491806
1135,0.6793459914281905,1.2010480907021652,0.40390281014965224,0.1347611558388476,1.8245012529680076,1.3372210473026243
1136,0.6689936573054687,1.1906052974646257,0.4066923263918558,0.12781173190689687,1.823203035008489,1.3342432869879852
1137,0.65927275704567,1.1812282472897413,0.40946272191099753,0.1215629090789714,1.8224061612416442,1.3311670888142169
1138,0.6540927553659841,1.1755432681411422,0.41014767382562956,0.1193609767317477,1.8242909686410032,1.3316644427840079
1139,0.6497451456501466,1.1712879574156512,0.4102817545358169,0.11905552405866725,1.8269752747639652,1.3334973081552461
1140,0.6488876433426094,1.1684270943391661,0.4089638812099236,0.12067020087790854,1.8324433398609956,1.3377931459376993
1141,0.649817544367394,1.1648600946176504,0.40636142959251403,0.12390993019193661,1.841473741587024,1.3444465310030707
1142,0.6506826320535453,1.1624098981427986,0.4032124856758187,0.12717409283950323,1.8512627462837241,1.3523091498491897
1143,0.648997593980402,1.1564332057890265,0.4013840046255291,0.1280089362031045,1.858453580800657,1.3583212271173037
1144,0.6437160585002543,1.147264399386701,0.40381938473004786,0.12380230821607804,1.8597572245762704,1.3579534367722657
1145,0.6355680693966116,1.1365754583191927,0.4097944032448708,0.11486480805102972,1.850804690885417,1.3491989725540212
1146,0.6244840568984161,1.122575139614626,0.4176529408443844,0.10233156314163687,1.8317931368777878,1.333536754537585
1147,0.6139229751985369,1.109480284670924,0.42740867335348925,0.08831863242612194,1.8106953890116242,1.3149844774864565
1148,0.6023730518366305,1.0961453882998247,0.43730069628047463,0.0739327042870672,1.7877296142810304,1.295164960348164
1149,0.5906503966143116,1.0832944586110198,0.4462436676296442,0.06024303888783271,1.7689031545727136,1.2789474362709041
1150,0.5770203791341296,1.069124156020474,0.45496906700818407,0.0471200872022646,1.752552299671102,1.2646396593026483
1151,0.5637964990706555,1.0553438497126295,0.463469370853616,0.03396772755270132,1.7375194481646914,1.2506997118539958
1152,0.5551318038905676,1.0457691188568246,0.4685980470534187,0.025244474220209773,1.7275749082168743,1.2409981700290367
1153,0.5470989033045519,1.0374046952425884,0.4740104117056275,0.016658685837918328,1.7172153669949781,1.2304729568503932
1154,0.5423802696676607,1.0322866088009874,0.47790667333655834,0.010631167086100912,1.7095792077577625,1.222092034630112
1155,0.5382200570778275,1.0279966703673875,0.4815598262846308,0.00471141665379804,1.7021266788334553,1.2136037384247815
1156,0.5343329529787751,1.02424404740713,0.4852741879358668,0.0009976078747242691,1.6957005792781623,1.2058967518837878
1157,0.5307534524866659,1.0209312555775125,0.4882959148008327,0.00639631702513376,1.6916655435120027,1.2000697225372317
1158,0.5275222688742092,1.0181882663153128,0.4908011026289819,0.011651331245763044,1.688625718944004,1.1949135284765924
1159,0.5244050337195103,1.0154326111833059,0.4930766239091305,0.01639676383738738,1.6863045356737276,1.1905072989814234
1160,0.5220209794691489,1.0130445707954236,0.4948034232258044,0.02004351071647991,1.684625170925745,1.1873682477073502
1161,0.5208961661803505,1.0120526820698392,0.49515732362414233,0.021726132632583512,1.6831601480287612,1.1847163577424933
1162,0.5205514321918381,1.0116330094578987,0.4947394098539337,0.021925447745686978,1.6818312919658647,1.1824169304033247
1163,0.5205385673709745,1.011394482371723,0.49443377069868205,0.02197678979320314,1.6816691021650167,1.1811778167094975
1164,0.5205971521979197,1.011631292743096,0.494008625292053,0.022006833485746825,1.682505612915595,1.1806187780489454
1165,0.5201573618056927,1.0114355838292948,0.4938812717109856,0.022322512790240074,1.6842588371572809,1.1808794557112448
1166,0.5194545165221125,1.0109551044731062,0.4942359885461005,0.02331871842945563,1.685854399779859,1.1811237784058135
1167,0.5188561943308532,1.0105105948867337,0.4951828039645977,0.025277653090120474,1.6862161275220078,1.1805916917477606
1168,0.5174432033140228,1.009150353767308,0.49624777384623425,0.02710730182467497,1.6851820162983713,1.1789490014666486
1169,0.5156683568688615,1.0072467277878814,0.4973748344316618,0.029158548541614725,1.682739349598626,1.1761250305760198
1170,0.5142852284149294,1.0058787810253726,0.4984035800955221,0.03093643225395317,1.6798887350246121,1.1732940252760025
1171,0.5127374339143822,1.0043186454758237,0.49913568557326693,0.031951302844456096,1.6779961294525485,1.1714835055234922
1172,0.5116195795579499,1.0032741865380743,0.49949734324991946,0.03288629100282742,1.6773133243850065,1.1706891036141691
1173,0.5109316318857432,1.0029597903750846,0.4995352853118865,0.03350023385098994,1.677705183410201,1.1710055719035104
1174,0.5102453453630016,1.002355471099867,0.4996735612472345,0.03421089669589329,1.6782092542945577,1.1714700479695062
1175,0.5087843477182307,1.000719793828349,0.5003105994341447,0.03563777632315411,1.6783597203622307,1.1714106821366788
1176,0.506451319278476,0.9979083409189703,0.5020340023337869,0.038262544704074516,1.6763822272398585,1.1698535379218007
1177,0.5034362089188876,0.9942603178100822,0.5044353556151375,0.04154305692536,1.6732410651754714,1.1675702532561938
1178,0.500558837605715,0.9906755055951331,0.5066364660461705,0.044498592419377335,1.6698769399279754,1.164815205146119
1179,0.49806481742841296,0.9876216374011383,0.5083689894637788,0.046870930145179984,1.666960526684676,1.1625004969091561
1180,0.4959173034760345,0.9849719840651315,0.5094811062493095,0.04845808290005957,1.664824239942585,1.1608968769341272
1181,0.49432991433882545,0.9830536843474235,0.5104342800669784,0.04986045435685439,1.662820828579958,1.1594431844829556
1182,0.4923480171505107,0.9809637022298955,0.5117035917485441,0.051510477496687114,1.6602080256623575,1.1573764917882459
1183,0.4898219454222322,0.9782853738344662,0.5139807874724468,0.054529201472386324,1.6553224797789683,1.1535713457354153
1184,0.48632365733044614,0.9747420554708813,0.5176577155972827,0.059364827263142995,1.6478383725312842,1.1476927289792354
1185,0.48224276087666634,0.970741297876259,0.5216311689397725,0.06441199323002951,1.6400624341632941,1.141466329910061
1186,0.4781418105919764,0.9668926096590718,0.525599390185554,0.0695710888339442,1.6325460726991448,1.1354459236354637
1187,0.474118992265357,0.9627480953926733,0.5287246267912749,0.07395189517558533,1.6274643412894196,1.1311556866959773
1188,0.4700460772370286,0.958369305594334,0.5309734016628307,0.07741461357152901,1.6247499434605523,1.1286401412662883
1189,0.46661231762169514,0.9547450586726369,0.5327672211631197,0.08034863161070312,1.6229247124385877,1.1267671952046872
1190,0.4634418355225186,0.9514880647202666,0.5342940480589696,0.08289892765365331,1.6214904244880874,1.1252210813940398
1191,0.4605769433369106,0.9485074700743552,0.5356611060534012,0.08522085462930895,1.6189928061113703,1.122746002163265
1192,0.4575505321300519,0.9458123626296615,0.5373589529138958,0.08765606374298315,1.615388541927103,1.1195059064944208
1193,0.4546525231022831,0.9431217825619198,0.5394304204796304,0.09015190581583206,1.611649620299674,1.1163480403508192
1194,0.4521062980694136,0.9407103824259941,0.5411969902732006,0.09245618745719389,1.6088822445310855,1.1140076879577514
1195,0.44962821287649485,0.9379832332879681,0.5429623249597548,0.09481572696582745,1.6071264202331392,1.1124419972967234
1196,0.4477256574591648,0.9358578162646335,0.5445343735538507,0.09709979314706522,1.6059279268943736,1.1115576270910337
1197,0.44632477237960655,0.9344715333841449,0.5458067216736301,0.09896360646632713,1.605707872887666,1.1114407526824501
1198,0.4450456692516176,0.9329382320771704,0.5470139050410032,0.10067077196331015,1.6043689138066468,1.110567313317143
1199,0.4438206351188426,0.9313184467565333,0.5479774932899413,0.10203406743306193,1.6021910454829413,1.1091318399552044
1200,0.4428845046865477,0.9304673683336531,0.5488280620689162,0.10297989211454628,1.5996775358459772,1.107241575272071
1201,0.4421779083395782,0.9299208182825798,0.5498599401729406,0.10414048796383756,1.5965863558167608,1.104749264022569
1202,0.44124401206763697,0.9292436145842538,0.5506068429341716,0.10512667425743198,1.5937027343569679,1.102503581244952
1203,0.4403999017329394,0.9290463033811704,0.5509618242722882,0.105821566808455,1.5912477604540956,1.1005830446695233
1204,0.4397292157085817,0.9286939686849666,0.5515472921700117,0.1068589964893954,1.5891420446017124,1.098916448976371
1205,0.4395395876707463,0.9287950133314152,0.5517045040890712,0.1073071220050883,1.5878518208229453,1.0981467914151775
1206,0.4401079678789675,0.929445169212453,0.5514289051761546,0.10685733903382948,1.5874022019139908,1.098078960477192
1207,0.4411172038064134,0.9302381586661445,0.5510308761434007,0.10594476595121452,1.5878072511846473,1.0988973990709097
1208,0.4420537233884503,0.9311342405855706,0.5506550005716384,0.10510140477497135,1.5887719564623706,1.0996734532133117
1209,0.44282064326348103,0.9321087006594906,0.5503808167328897,0.10460729361843046,1.5895513428949715,1.1001673328397101
1210,0.44281237647729194,0.932151231065417,0.5504626440154409,0.10498071459045509,1.5890748650104343,1.0996843446009907
1211,0.44226094963970547,0.9315699300263282,0.5511518473104279,0.1062617050816664,1.587551835199121,1.0982400703442097
1212,0.44184471806969094,0.9314168037650423,0.5520505313749543,0.10807438324531739,1.5856986595076739,1.0964593632500237
1213,0.4410863834686171,0.9305558804579929,0.5528613453945088,0.10947528826825549,1.583863253655815,1.0948005546332984
1214,0.44066880675339976,0.9296730509563492,0.5532470552771046,0.11006988015233642,1.582361044728623,1.093638911358973
1215,0.4407283658477169,0.9295669226185441,0.5534935161855101,0.11048845019669305,1.5817022039975401,1.0930792915793721
1216,0.4411343663603083,0.9297939360782186,0.5536038764700246,0.1106143071764403,1.5814471152794212,1.0928494552773034
1217,0.4418763246024083,0.9306481850070373,0.5534032496548291,0.11042240967670042,1.5814018041199622,1.0926809337489296
1218,0.44275760628258487,0.9319730031788789,0.5531979133986822,0.11035665979383187,1.581317240040419,1.0923387858610998
1219,0.4435787538809858,0.9330167606259838,0.5531495936360898,0.11037340142615841,1.5810098422561916,1.0916970145602543
1220,0.44390162221786283,0.9335823722905584,0.5531580163918387,0.11036255084292221,1.5805445240371894,1.090785221435092
1221,0.4433547263555248,0.9332062229794259,0.553927969279065,0.1114106141282486,1.5786319247453797,1.08872050718998
1222,0.4422900997105427,0.932253535577951,0.5554147365949549,0.11323785702342697,1.5759575978163287,1.0860054840847675
1223,0.4410568984194392,0.9308541756253902,0.5566218906132054,0.11502859531334447,1.572968986647922,1.0831272642767094
1224,0.4399673931827121,0.9294555635886367,0.5573484776085227,0.11615765119595095,1.5705488333629396,1.080961807915869
1225,0.439997830403295,0.9296768877619929,0.5577348903267334,0.11666646569415946,1.5691928587646526,1.0797301544579605
1226,0.44092212698679983,0.9307241671922651,0.5574725324530695,0.1164479620681214,1.5689186175403804,1.0793842653278665
1227,0.44205847091935324,0.9318404083467617,0.5567046866684161,0.11559861900956059,1.5697432403673754,1.0801022897832528
1228,0.443312031140017,0.9334430096088706,0.5563143821806347,0.11513789150019269,1.5701997767239408,1.080381213696915
1229,0.44449086258485526,0.9354046181214234,0.5563256899327255,0.11528323858187271,1.570308702304911,1.0800919514870733
1230,0.4447130766961202,0.9360038897433979,0.556464182022104,0.11536238119582093,1.5702973841098102,1.0798878620329464
1231,0.4446393709978979,0.9364102965048083,0.556752043599607,0.11524490114530267,1.5699647653724949,1.079620227517378
1232,0.4449343051434408,0.9369395962867166,0.5568165375904316,0.11520022026994509,1.5698425643959497,1.0793936055968627
1233,0.44535998391081266,0.9371095156859907,0.556717538061323,0.11495832875612016,1.569691644521767,1.0792642136185255
1234,0.44589838661362297,0.9379584887993978,0.5565488404035145,0.11468380764564091,1.5694792071356216,1.0790589717580417
1235,0.4465686112695119,0.9391392907315995,0.5563710644338343,0.11478838383880051,1.5694778064960453,1.078692458416768
1236,0.4465697020522375,0.9395475932126123,0.5565146893470556,0.11509851369427322,1.569150560784642,1.0782452072473596
1237,0.44607310955869384,0.9398164832153338,0.55676226229504,0.11541784316456948,1.5689174778570052,1.0778991508427491
1238,0.4456214511810919,0.9398005884799415,0.5569294583192557,0.11574927620281056,1.5688763921584352,1.0776498075082646
1239,0.4455025638595126,0.9396573277245653,0.5567610663225949,0.11560369037492059,1.5692418028781234,1.0779120251555496
1240,0.44616891996079533,0.9404451952644303,0.5560854075959878,0.11476581066401251,1.5699048253426617,1.0786741933835522
1241,0.4474205394649825,0.9419046164017102,0.5551748824251816,0.11355879562136358,1.5706483394729178,1.0795574226627054
1242,0.44856515611346454,0.9430205518518296,0.5542781911752894,0.11243255324121754,1.5716068524609752,1.0805865043463574
1243,0.44922864902732307,0.9439190000314795,0.5537807364193326,0.11173932436756019,1.5723443822762235,1.0814603910919014
1244,0.4493852717196816,0.9445965580485488,0.5539885879983998,0.1118352248488089,1.5726893232281351,1.0819253321086473
1245,0.44875382797213664,0.9444672938181542,0.5543432172635268,0.11213961633153623,1.5731935718680967,1.082441539679636
1246,0.4478888638818179,0.9438661335014799,0.5543420443928049,0.11224402026661737,1.5744009714771108,1.0834264553379125
1247,0.4481879442158802,0.9446857444152803,0.5540761705262134,0.11183429559981442,1.5755750487390732,1.0845099331648276
1248,0.4496659708060635,0.946808686412227,0.5529668061473599,0.11034680874481824,1.5773879692438406,1.0861829541953811
1249,0.45126916047750903,0.9485088052205575,0.551727366743714,0.10896943610665896,1.5792992122584226,1.0880260344642794
1250,0.45311984710832204,0.9504728423949597,0.5507684119791997,0.10786291711077875,1.5809204847523766,1.0899052652015073
1251,0.45412319052576483,0.9515909974312534,0.5499572566469695,0.10687296843287922,1.5827521593665381,1.0918864970105442
1252,0.45398051462897454,0.9512857712464577,0.5496178790015445,0.10647866487848097,1.5845109975671448,1.0939724659228611
1253,0.4536194494335552,0.9511267138475816,0.5494942427219243,0.10610205444221026,1.586514909696207,1.0962123994811377
1254,0.4537296479902436,0.9518032314040313,0.5488987673092516,0.10486380271488042,1.5893340839886854,1.0989812995729673
1255,0.4543035280687494,0.9527487129883058,0.5478803531914578,0.10325669798332802,1.5925614759493922,1.1022544747077117
1256,0.45556672164134704,0.9543749362158612,0.5464130304256055,0.10121071607364895,1.596387004790982,1.1060958358166144
1257,0.4570186669052664,0.9558003683526408,0.5445055228415099,0.09861930406894419,1.6003898649969692,1.1100944908508636
1258,0.4582579323655896,0.9570471788265466,0.5427664279546236,0.09634615931453212,1.6035946147398914,1.113593354104859
1259,0.4590049946174606,0.9576452657529668,0.5416808905083991,0.09488176809680855,1.6056373804260886,1.1163206496747695
1260,0.4592633390897017,0.9577056090151678,0.541130332594338,0.09409450064826105,1.6065303517416356,1.1180805884860356
1261,0.4596068751825315,0.9579312210607085,0.540791599549035,0.09347991840186844,1.6068227585903812,1.1192855785849989
1262,0.46011453585437195,0.9578930187336422,0.5405197023524679,0.09285058774025476,1.6069728090085345,1.1204849260154675
1263,0.46120300647187235,0.9582711059493743,0.5401461783488616,0.0919558876465264,1.6073257913342156,1.1219247140158113
1264,0.4630232171367109,0.9593986316326348,0.5394534945477357,0.09056022175624855,1.6076922222528416,1.1231379913289086
1265,0.4645148548202346,0.9600178952849658,0.53890958749509,0.08929315953621762,1.6077107190241033,1.1239539406264467
1266,0.46603190537701306,0.960857483650599,0.5385799751581656,0.08845948060049186,1.606817369280673,1.1238823943769296
1267,0.467100930848071,0.9615373259315236,0.5387734129637817,0.08837193837445499,1.6049426108425908,1.1228187448635336
1268,0.4674212185809242,0.9613221361307422,0.5390324488941,0.08871863360391746,1.6024398080906017,1.1210041622544193
1269,0.4675656759164858,0.9606084478153347,0.5390840996136902,0.08911799657824196,1.5999814314947836,1.1193017160001222
1270,0.46731232230325215,0.9599178954362222,0.5394277741552822,0.08990033263344177,1.5975898917187235,1.1172960052548433
1271,0.4670266066893348,0.9593263605788745,0.5395494628833001,0.0907201030648212,1.5952464144213139,1.115094537346435
1272,0.4668168744854848,0.9587663529108786,0.5396543070948759,0.09126806532502162,1.593707878035018,1.1134644777643472
1273,0.46725613471985966,0.9592291331612486,0.5396727527785916,0.09152013360414617,1.5919561828862978,1.111393014504105
1274,0.4676433875237768,0.9591841635624014,0.5395813284497892,0.09163718550699007,1.590929347879767,1.1099784050061208
1275,0.468087973683447,0.9588478895037837,0.5393594400417422,0.09150165224882371,1.5903386465598737,1.1089646570102385
1276,0.46874992731019766,0.9587710671781896,0.5390129434229478,0.09112722837976052,1.5902543141847278,1.1082391945413714
1277,0.4694101489605771,0.9591114249865776,0.5387846275162222,0.09106021085775065,1.5902197963148466,1.1076289357846356
1278,0.4696023296798057,0.9590899720038856,0.5388663460649471,0.09146134784174373,1.590749482563343,1.1076203990040434
1279,0.46985781594975917,0.959553330756275,0.5387594101240764,0.09169079363331092,1.5914861055916611,1.1076226753309861
1280,0.4705786472270471,0.9609126383667442,0.5385011058389443,0.09181320747597586,1.5920442892141218,1.1072590430951619
1281,0.47084517009945903,0.9612121110595844,0.5381570040859153,0.09174450432549693,1.5927717383340265,1.1074822276157033
1282,0.4711099984093692,0.9612079352745507,0.5375461641356708,0.09134162003747083,1.5935752974006645,1.107933921058167
1283,0.47172832924890185,0.9612583748125709,0.5367379730892581,0.09058397644737994,1.5942420418068413,1.1083792760613937
1284,0.4725513562813808,0.9612693837600851,0.5357857074326744,0.0895180288803905,1.5953877998406356,1.1096031208823298
1285,0.47343857924143057,0.961638766750399,0.5345693974033456,0.08814851859843251,1.596761219502761,1.1110103738360975
1286,0.47456635452331825,0.9624780237613894,0.5330424942854329,0.0864562869936969,1.598655398245456,1.1128623549789676
1287,0.47555260619498474,0.9631497686998033,0.5315549721724716,0.08464085909374838,1.601095658689423,1.1152534494694029
1288,0.47623804474348996,0.9633999638142734,0.5296642066813404,0.08223011497377315,1.6036229000134177,1.1179061345859405
1289,0.4772001492916306,0.9637917038811551,0.5279931761734935,0.08026343679293461,1.6070421672971726,1.1209640988694778
1290,0.478105403967919,0.9638068124652154,0.5266582835233157,0.07861371713156065,1.6112955872459662,1.1243464295122603
1291,0.4789337264593924,0.9639184912574666,0.5250285185855819,0.0767745929147247,1.6152155527186174,1.1275733360207474
1292,0.47923099139158165,0.9638080385108935,0.5239533361729668,0.07590942913445342,1.6186191978761524,1.1301892527013082
1293,0.4792588493297288,0.963716179380592,0.5229471853991724,0.074854672806652,1.6215974194927134,1.1326787579301771
1294,0.4790466499894431,0.9636558505781188,0.5220361698404989,0.0737887076349589,1.6240441958500738,1.1349380958840556
1295,0.4788181971680683,0.9638391504520751,0.5208841311856609,0.07235312201950225,1.625894477539984,1.137016953165125
1296,0.4792972223841923,0.9643364704547208,0.5195227638076514,0.07051224403485161,1.6286950486522276,1.139647754960358
1297,0.48058361300657515,0.9653590884782968,0.5176948188758114,0.06791649532142803,1.6324538008133882,1.143164471453634
1298,0.48234204679339654,0.9667384868965053,0.5155754831321496,0.0650319109126819,1.6363362761847149,1.1469009623759996
1299,0.4839879130920446,0.9676160861321154,0.5135054286231769,0.062278108781847495,1.6400526759721505,1.1504574813701702
1300,0.48491179911927923,0.9681622571698697,0.5117513356001075,0.06011682632561726,1.6438306389283286,1.1540352824262508
1301,0.48507514970643667,0.9683027660931287,0.5104695288761749,0.058676402648648575,1.6473812200136972,1.157493437755247
1302,0.4851999298400594,0.9681225104473926,0.5089430794638501,0.057069235757126975,1.6509640193687676,1.1610042003849383
1303,0.48548843639495876,0.9680863672700128,0.5070966751095508,0.05513414571760682,1.6547948719072938,1.1646857125612335
1304,0.48656291440147204,0.968805782509221,0.5050110311907821,0.05268877081058936,1.659080782022387,1.1687193974909145
1305,0.4883414271480223,0.9701192295452128,0.5027362226560185,0.04987946818792076,1.6634908903002092,1.1728453878658929
1306,0.49037172474513785,0.9715615728843187,0.5001422662325534,0.046462485141083816,1.6679779647831563,1.1773266934033781
1307,0.4924763864286134,0.9732444745207846,0.4974018019549977,0.0426089038956214,1.6727760949037596,1.1822273895662465
1308,0.494536732535861,0.974520387519414,0.49465443139837173,0.03881396137279012,1.678273275004057,1.187688349254103
1309,0.49637269881209406,0.9750564845762907,0.49161734223929393,0.034775627124121154,1.6841061535695043,1.1937101769926666
1310,0.4984175534554519,0.9761108557268616,0.4887304404518544,0.030753505892900827,1.6900927328153266,1.1997889108775959
1311,0.4997532861864562,0.9764901251148803,0.4868065402853334,0.028104237958523463,1.695805830293493,1.2050337040845318
1312,0.5003347706181726,0.9763784902034813,0.4853659953095246,0.026066762838073895,1.6996831466257705,1.2087796734326173
1313,0.5001575522982964,0.9757104684683793,0.48454293060616066,0.024805806340923563,1.702012874306162,1.211289299959286
1314,0.4994618012472756,0.9748658276628887,0.4842543690927464,0.02389138336785549,1.7027676259404416,1.2126686817375538
1315,0.49895678421652134,0.9736716611590415,0.4834330922451834,0.02291938375480086,1.7045803709988383,1.2148936784382227
1316,0.49862821961882975,0.9722843331140609,0.48204136480534937,0.021504208459484673,1.7068903777441446,1.2177749174874866
1317,0.49794777342686525,0.9709559769369216,0.4809956946073573,0.020285946420709158,1.7093638169117873,1.2207028996528033
1318,0.4966398711709977,0.969150479294184,0.4802334487370607,0.01969852858128498,1.712337284170333,1.2236754325381871
1319,0.49418546360335236,0.9664428674582063,0.47993131101678654,0.01977922910043433,1.7149790566721237,1.2260063086595976
1320,0.4902357015171154,0.9628534868984275,0.48074071778640354,0.02111943512625296,1.7164781037514245,1.2270349722028873
1321,0.48642936981728846,0.9591263402338586,0.4810924199705204,0.022212609690188127,1.7189459878067146,1.2287809331791386
1322,0.4830969867571776,0.955373041757754,0.48097791652326877,0.02331548454715935,1.721427871448902,1.2306388258723835
1323,0.48183324911934017,0.9535991607102716,0.47967672116257537,0.02202260961973176,1.7262550141900268,1.235450721719599
1324,0.4817345908387951,0.9526813035754749,0.47758086930371163,0.01916466549699347,1.7319126462420078,1.241662451303902
1325,0.48384036881241466,0.9539463747442408,0.4742061940874498,0.014588121228477227,1.7400234526569782,1.2501770965030725
1326,0.48687115954581905,0.9564145961118293,0.4700361236853571,0.008231841130099744,1.7508365342860734,1.2609429750581593
1327,0.4902694548880146,0.9588949429269935,0.4658317023320807,0.002161333164545778,1.7604173128240381,1.2703414167767078
1328,0.49340779597255435,0.9610263561664762,0.4618490238781615,0.003204749869118262,1.7703303505136583,1.279131860245574
1329,0.4951637636051,0.9616787156162054,0.4591724261228347,0.007197124155462806,1.7756038354894037,1.2846498443698153
1330,0.49571544994231637,0.960547034425013,0.458013576474782,0.00967358113517002,1.7752311873707176,1.2866279780499492
1331,0.4949776290660143,0.958149941347463,0.4574813233835578,0.010504386731645258,1.7734899927373369,1.2869904517888204
1332,0.4925185590677569,0.954206334562721,0.45803263931968474,0.009535254725385975,1.769749679983918,1.2856302932174395
1333,0.48769655114021426,0.9484210777557709,0.46016936212796594,0.006374772880143746,1.7637144183872682,1.2822310625695414
1334,0.4814744016384633,0.9417479171173856,0.46268752321521023,0.002457942014961596,1.7598654217956202,1.2798648060634448
1335,0.4744590979852342,0.9347545144068861,0.4650871845253101,0.002526234128793181,1.7588842217878735,1.2787073329365994
1336,0.46625299795698893,0.9269487409518564,0.46810926435525557,0.006936899865532991,1.758548346983774,1.2779573276236855
1337,0.4584414818037756,0.9196801253170566,0.47083833086623783,0.010585404969258666,1.7583912655390996,1.2780645460247861
1338,0.4509708046366658,0.9128749436569158,0.47248282480747433,0.01346260169080878,1.7626378653764914,1.2807543070133554
1339,0.4441131291881399,0.9065776562176856,0.4731112934434988,0.014830907493769143,1.7706824125173592,1.2857419822600755
1340,0.43886953695097913,0.9022346152559666,0.4721721863685741,0.014779261129967967,1.7818832292050986,1.2939659155508527
1341,0.43287244091188654,0.8978996194196343,0.4712137707861469,0.01508695125205025,1.795653984483018,1.3031563141762306
1342,0.4294522276530273,0.8953701868521319,0.4691983249417763,0.01339057047551633,1.8128387119359193,1.3156936867949218
1343,0.4255253468617823,0.8919948290565938,0.46737513562998384,0.011149635808624138,1.8301678024418093,1.3286213385308916
1344,0.4234078949523302,0.8908556726139998,0.46435515908580927,0.007393072176004374,1.851497628879806,1.3442403243031769
1345,0.42128701485686004,0.8888454949783298,0.46020094228124997,0.0012913496396174387,1.8776135322251886,1.362422264613633
1346,0.4196843633094327,0.8888757661308099,0.4546431121712951,0.006298107019639251,1.9023377741508563,1.380527879697619
1347,0.42211966099759785,0.896296883355839,0.4452109036192734,0.018377463950094736,1.9378021730797161,1.4067229364089746
1348,0.42361739791891023,0.9014559048973828,0.4357404264520924,0.03149735296426225,1.9728840203136813,1.4322515167985668
1349,0.43136843389308444,0.9135528928605667,0.4243202560034027,0.049317240827029526,2.0163104643551746,1.4654474665476889
1350,0.43804162731443946,0.9241909500106901,0.41686090826795125,0.0624693273385377,2.0626027221682652,1.4963422014806569
1351,0.4567669626188172,0.9420985762228257,0.4046972460204957,0.08416529358636371,2.104340766898505,1.5219831760103362
1352,0.46218110240958116,0.9452522695603779,0.40096142257759293,0.09690205536715256,2.123162722812866,1.5239843328104272
1353,0.4565934064658959,0.9354947558002215,0.3999917847030617,0.10646028060180873,2.099687260805341,1.4902212088227385
1354,0.4628507775385306,0.9308178450689513,0.3874642749406246,0.12064950123521333,2.046773310601027,1.4424903360094696
1355,0.4317140942271597,0.8922068281051196,0.3922486190866277,0.1175633381075037,1.9105899194956228,1.3305724575982638
1356,0.3921781504936638,0.8483605808002656,0.40224387036024295,0.10394181503919131,1.7965844707266694,1.257894462055719
1357,0.3320727816482824,0.7610417019266152,0.42382508140481606,0.07228638168891281,1.6276673872186023,1.1349269172886163
1358,0.3769560248501733,0.8111602068270819,0.4182271380645904,0.06261857487999058,1.471997160064442,1.0225355118082822
1359,0.32354641110085297,0.673419393140611,0.41023197957718693,0.018268337407468877,1.1308407519912147,0.780156686065938
1360,0.3162128627114922,0.5645148141258559,0.38139551599579935,0.012318497712554425,0.8787040397262293,0.6162810875631316
1361,0.2925855719652327,0.4667577396745076,0.3370881949051068,0.021172099201535285,0.602110505576847,0.4198676750095154
1362,0.29386248222379774,0.43030394338357153,0.349282936833424,0.04205261157573326,0.647370569737799,0.4879837032873607
1363,0.26366122335941106,0.37813029328976355,0.3367266496245079,0.06942521893672438,0.5808775924700819,0.45065212216751677
1364,0.2540520244024502,0.3808315290334125,0.3419673982438211,0.10374945809174022,0.9155762507554311,0.7195030097450568
1365,0.25380523281789835,0.38620334822684127,0.3418506948624163,0.10918375042271079,0.8146387839400422,0.6388756016356668
1366,0.21848841880776526,0.3860312291258042,0.3414677000634633,0.06606370385435406,0.5423671497013828,0.3795451380798871
1367,0.21636432950034745,0.3982365903822227,0.3650146565009897,0.08472625384727259,0.4986486781932659,0.34069690960901466
1368,0.30584798396916113,0.4967373970865808,0.39423908805061575,0.11899669063761999,0.5081527986565036,0.36811715187701954
1369,0.30775912873793354,0.49680835616889396,0.412285713482589,0.13346549579396713,0.465530597713142,0.32938244269291306
1370,0.23257264994469395,0.3954422712266748,0.4589563561524416,0.21322747165904052,0.5031226661488009,0.3498349022042904
1371,0.18919989339817175,0.33114764999919655,0.4596297327305604,0.21976974060800758,0.5275582255292631,0.3748359032779362
1372,0.20861799358162048,0.37844956222142695,0.47461459866359895,0.1648640837267833,0.612527172995984,0.4334816412735178
1373,0.19562687284699898,0.3696702010165043,0.4373253686609119,0.11202555959615668,0.6428664197105295,0.4538622388314599
1374,0.2084390720098456,0.39124508890842646,0.3997894920215731,0.07010866332791225,0.6844725103778759,0.47966928158932015
1375,0.18708713030900564,0.3460804902549644,0.3353617520850653,0.005527918922130053,0.6688107820408732,0.490624143781033
1376,0.1755112169090596,0.3506464350624702,0.33201937938508347,0.02693106752476628,0.7016428990703981,0.5159808076765467
1377,0.1379913627809757,0.35354975254844734,0.3484928624893889,0.05027881026194057,0.6515418820751279,0.4607063642019415
1378,0.1449438333903399,0.3788306457850842,0.36131386676004595,0.03953947348896013,0.6814677903761737,0.48970282418914907
1379,0.15347030338752443,0.37651991798867673,0.36195935339901797,0.012714111269794345,0.7177233117171062,0.5636949719111203
1380,0.1544437453799382,0.3738268869616666,0.3634045544933465,0.01563960681114706,0.7328541887793523,0.5842289713775201
1381,0.19556015473777996,0.3927670534698403,0.3583570668624157,0.0022516524450190275,0.7062031173818569,0.563675950754118
1382,0.16343241830279992,0.3524566161236702,0.4168713135153806,0.056383145257766165,0.6729832548679759,0.5484819777053931
1383,0.07430935045853038,0.2939345643385734,0.41986947301042526,0.08272900124903454,0.6779812990496124,0.554067880560344
1384,0.019085463076892847,0.2327604460492942,0.4620386373084664,0.14011655460676284,0.6406194658009093,0.5223588665100695
1385,0.04834491033329702,0.12472559765806114,0.5977214323444807,0.2944807377252658,0.5069742136918414,0.435875844432113
1386,0.08170189894191232,0.0809543440833793,0.6098584634120064,0.3212605246333823,0.49097772168190673,0.4060033130380764
1387,0.08960321151169838,0.04352977832456232,0.5766254122218974,0.3049820893312367,0.4888981060886899,0.3444515308320194
1388,0.08612786592012066,0.05430140297253815,0.5484072818794685,0.27101298357186226,0.47584396283999064,0.30878076043425523
1389,0.03499817806217285,0.13993161423725883,0.43915376543054957,0.14000502041232052,0.47458657953172706,0.2718850188102176
1390,0.03453584137126769,0.16630007314734757,0.4635505590791007,0.14775552684884294,0.4645583910249807,0.2549556549655202
1391,0.026755143665380562,0.2597140307036368,0.634489931133568,0.25219662970525064,0.48947749290660886,0.30646287448308696
1392,0.05541990799392442,0.25908939610390136,0.7300628539501922,0.33209188307617143,0.45505632595812184,0.28554096172172083
1393,0.17195420739495626,0.14972305066857403,0.8290261686686489,0.4318619932545361,0.46396354561930425,0.2882100863116572
1394,0.24589251742840437,0.06616207509989905,0.9515300784029033,0.5775696184669039,0.45028803190630085,0.2662566266411135
1395,0.24869831497490996,0.007024877946666491,1.1476593460461042,0.7998226185721229,0.40901619692668195,0.19606589274089142
1396,0.30062906870783124,0.05007451288954866,1.2478264273752488,0.9385201479453389,0.3371079833953259,0.12388701049966055
1397,0.41430409011840424,0.1312886053656381,1.3309935199785468,1.0841005664674177,0.24291100634514748,0.04381665549439528
1398,0.5063973850660561,0.19535109320007712,1.3732754627264812,1.1638584599976347,0.18116790265925928,0.023612549996411165
1399,0.6079618102630526,0.28247249056169876,1.4045937811345528,1.204611410065681,0.11966252864937517,0.08956239201723874
1400,0.7086116684800163,0.38230941238858246,1.30167293686743,1.0767259433909853,0.0297473715830927,0.17031933397744894
1401,0.70975327964588,0.396244858860533,1.3028486792674383,1.073055753671622,0.015991339099986745,0.18672542302458697
1402,0.6220444463120243,0.3382105036185956,1.2821325499372465,1.0232507560217567,0.08755091423772386,0.12683029888682598
1403,0.608379571233933,0.3274911975920991,1.2518713217175008,0.9921030652616893,0.08530301537799494,0.13982310380793142
1404,0.579884626043776,0.28134461629465146,1.2163608854229528,0.9629039472198931,0.10466051917615092,0.12389093754363677
1405,0.6411842728878003,0.3310696589486006,1.2469988655289463,1.0074761670278671,0.10539068774820234,0.13595760101658164
1406,0.7335437055404573,0.41165685759876003,1.3022748860501319,1.0918554636111613,0.09833752494082848,0.15070812140759335
1407,0.8226319432410368,0.499127356536208,1.3391498513404487,1.1444898299901551,0.06300997111592047,0.1881672139719085
1408,0.8802322719014564,0.5747109906545363,1.3659471721528051,1.1776283234537335,0.03003345034399133,0.22514960910567494
1409,0.9038824358155412,0.6054422952769307,1.3907113343965183,1.2059422903068457,0.0092310656518113,0.24540864686688285
1410,0.8956678118480453,0.6042321657905426,1.3700299996212069,1.170356546485248,0.013490620714561896,0.26329307069636515
1411,0.8503613455167088,0.5593121729429956,1.363689367833919,1.1627534455166388,0.0192227787042592,0.26558854097089607
1412,0.7910385359987403,0.48902394517179976,1.3556056394740317,1.1537839022009848,0.0039177003798977475,0.24041401266801235
1413,0.7658305678637196,0.45131401042982483,1.325438793694946,1.1143097945870164,0.04746943423681783,0.19976089442016476
1414,0.7279651806600447,0.40052349100066736,1.3009356982788167,1.0844444083743545,0.08206965063079705,0.16868406877040137
1415,0.698229577863119,0.3633092064121671,1.2719528705684313,1.0478288551869939,0.12837162070251787,0.12494013914669475
1416,0.6723992411621392,0.3348850656869179,1.2376681090550894,1.0001152027605158,0.19883286430224753,0.060508835977806236
1417,0.6434368251919285,0.3072981871516337,1.212065150753854,0.9661714208307489,0.2238359467693243,0.033781600016083206
1418,0.6177715125022573,0.28414632351570085,1.1955655902568625,0.946036247555847,0.23267081613106055,0.01887473783625807
1419,0.5873403817113466,0.2549138926464763,1.1671342909929963,0.9131777256759888,0.2522978736364684,0.005799389147508788
1420,0.5768309415253825,0.24016050840096073,1.1202247655433646,0.862264626760225,0.27342873582139454,0.03160534794219707
1421,0.5515752339624485,0.21280160186707597,1.0897830803753925,0.8265276769378068,0.29767665295093204,0.06030467830775336
1422,0.523073446302966,0.18517861650532258,1.0719805427896516,0.8024839093695018,0.31513354445241964,0.08228120774910185
1423,0.4985528729426686,0.15815229189881494,1.0544708185461817,0.782488526036439,0.33257582545115383,0.102206843203784
1424,0.4910795127941701,0.1510772831873186,1.0492029713883433,0.7774432588816881,0.33689164579972863,0.10796460076746209
1425,0.48272822468593496,0.1466139149548394,1.0576062808938314,0.786727917760748,0.3327175774111789,0.10461583269201066
1426,0.47827570045685397,0.1441607130034481,1.0608583725861587,0.7910490974877604,0.3295444104453287,0.10194286996474375
1427,0.48213901449054397,0.1471697807724317,1.0640585254911643,0.798650816561215,0.32766305971822907,0.09916343204497523
1428,0.47668422364734087,0.14019533124269953,1.0683093588370225,0.8022727495918345,0.3338712892825273,0.10602041398091704
1429,0.46731108601633686,0.131411234326413,1.073571525137304,0.8045228984123896,0.34065895898246884,0.11465002448137199
1430,0.4621917948250649,0.12358135844235467,1.0774713506238451,0.8087447344782585,0.3429621784175429,0.11767511368612316
1431,0.461962091175116,0.1184813449487503,1.0785395345614346,0.8111547647194057,0.34633773036539567,0.12203576996109441
1432,0.46379028982800824,0.12013253490560218,1.0730177132343293,0.8072766585213142,0.3393045331040625,0.11659478645535669
1433,0.46431919460961646,0.12017323613482223,1.0655045360826794,0.8012707850772783,0.32281712419089664,0.10167495185226358
1434,0.4630043525381952,0.12129258473965132,1.055035188897881,0.7905641353054955,0.31986501777697945,0.1010026418944226
1435,0.45888919726356003,0.12514250975136848,1.0378961027772722,0.7705566578306671,0.32478711424391754,0.10903446346776724
1436,0.4503401527440557,0.11793673084397865,1.0267043768191855,0.754692850181723,0.3350043518765852,0.12241368738279769
1437,0.4405300898336128,0.10583434573815938,1.0218093232541852,0.7457732189247434,0.3533145283302242,0.14354807977047981
1438,0.42187821310439916,0.0855129847048867,1.0084406947241922,0.7274115011199126,0.36924702873932086,0.16216378619143354
1439,0.3993692586019954,0.057899293870303646,0.9904586735372358,0.7028806328524343,0.3850736272747724,0.18129100452880118
1440,0.3731691129672443,0.028710193757803794,0.9739837523514461,0.6820950495207851,0.39811842513019136,0.1961656146214698
1441,0.3389934700954228,0.005607973204271544,0.9519406653530502,0.658600529274139,0.4092769263168467,0.20797786306996405
1442,0.3205360920023203,0.02457992688930575,0.9323455231758342,0.6351605331059371,0.42155543669344275,0.22142876801872516
1443,0.31178570297088953,0.03456332710475624,0.915959223963815,0.6129512746888517,0.4345919929587092,0.23540697508840136
1444,0.29399339509869,0.052183565632050524,0.8970883296943651,0.5901365751911549,0.446220782059007,0.2482725329343758
1445,0.2717208686266029,0.07327569749617685,0.8754005183536924,0.5622190540235185,0.45847013012725857,0.26215061163070924
1446,0.24619865390629772,0.09854160890342373,0.8541866796071509,0.5362356814526843,0.47173043479665294,0.2774196510294964
1447,0.21437317598844613,0.1294865385509612,0.8348433367183496,0.5156477965769478,0.48172190157018907,0.28967026183454747
1448,0.18913093614294552,0.1541727947833315,0.8190951159250714,0.49730719437411863,0.49264614739544155,0.3024138616888168
1449,0.17639001126476697,0.16592762924395427,0.8056943608536564,0.48113975808395476,0.5044393640785053,0.3156172885312232
1450,0.16775050367641992,0.1756505947304558,0.8008084061147335,0.4748843166521951,0.5130622581397541,0.32541648080801644
1451,0.15870365558074,0.1853005582735691,0.7950892101379101,0.4689625200238293,0.5208314340675695,0.3335546117440744
1452,0.14856233729578702,0.1961921731966074,0.790825106455263,0.46500167730541847,0.5287539806255405,0.3407352162074535
1453,0.14183258081629663,0.2045723292242947,0.7852960408000832,0.4600270422383624,0.5380649580499965,0.34891969936632705
1454,0.1333607807529788,0.21606620634385432,0.7802558920616541,0.4569130729402345,0.5471777758525423,0.35624648957819516
1455,0.13074139127495843,0.21911436657390493,0.7761992844373828,0.4533680597594502,0.5539593909226838,0.3617351319694109
1456,0.13646727379473012,0.21250995157816824,0.7751884495093374,0.4524164501797634,0.5563694453052757,0.36343163881904494
1457,0.1420090455974871,0.20533570952538183,0.778339273984084,0.45595689818761986,0.5538808170913583,0.3607488249492577
1458,0.1510567331290078,0.19252975303327585,0.785143964891558,0.4627946692743845,0.5456885997881628,0.35305024511430255
1459,0.16324068495527475,0.1784945881216275,0.7953465945073547,0.47451427244591327,0.5365967620938152,0.34399820375640416
1460,0.17561154973686857,0.16566448251835508,0.8076515342415213,0.4895577939245461,0.5277390047611394,0.33426296954031504
1461,0.1905009639731169,0.15064700759331856,0.8234076312049975,0.5083163617791724,0.5187457606058332,0.3242178648288196
1462,0.2078952799679269,0.1339215785889584,0.8406166519651664,0.5294142088333463,0.5103547402960826,0.3140933915071931
1463,0.22629559802906143,0.11590585465129015,0.8567077993889508,0.5494831970260833,0.500543910334416,0.3026262993473355
1464,0.24455303982939916,0.09669793055909508,0.8703872313179674,0.5661352785478985,0.4900041604898914,0.29055233556049165
1465,0.2628454487416222,0.07716437773690121,0.8814526985663081,0.5800268098713152,0.4796057114859674,0.2794619738703515
1466,0.2794159168966435,0.059784346460555686,0.8902478971040617,0.5907303379666426,0.4730684183679595,0.2726809388000834
1467,0.29158498095399127,0.04644907988205333,0.8983084259376815,0.599921843041192,0.46932206372592167,0.26839256537085854
1468,0.30178731411283416,0.036414569035134674,0.908718659233008,0.6100495719042348,0.46984224543032677,0.26819431487806067
1469,0.3013458900331891,0.03755536887138553,0.9163885331734244,0.6170927351866601,0.4772903092723032,0.2745891966044338
1470,0.2900585957479022,0.04921992445813496,0.9177081699559494,0.6183494794563801,0.4853142649306812,0.2816781062966886
1471,0.2771513874105281,0.06359876858703209,0.9100604729042171,0.6083907646537574,0.49789877482636924,0.29429686001893846
1472,0.26006975719964354,0.08246507976282588,0.8944484496993342,0.5898177197463567,0.5114118854335206,0.3091074054540177
1473,0.23965862552110243,0.10464773822263587,0.8723940959322467,0.5652886259785851,0.5268891980838537,0.3258773104635613
1474,0.22424029185943348,0.12170491158609995,0.8515219513737382,0.5428579858116708,0.545080704077649,0.34507678321067015
1475,0.20570314532585698,0.14136715549772727,0.8314391800385083,0.5203761853262804,0.5645063684105115,0.36486907734230295
1476,0.1866595076474417,0.16105535509526098,0.81238477170729,0.49920991239002366,0.5850599825833216,0.38491919730107815
1477,0.16737123830553324,0.1806435361782235,0.7990821875478754,0.4834268608051811,0.6075254398644578,0.40645761189985363
1478,0.14635340518620446,0.20203252495839039,0.7890388939013097,0.47023536078946443,0.627789157740234,0.42570703026690554
1479,0.12479426676655613,0.22385951825985603,0.7760572591783179,0.45245662410523396,0.6487545527339698,0.44606742694565316
1480,0.10226922332785271,0.24742753168288706,0.7620413955428261,0.4342337385328287,0.6706426336186424,0.4677756891999733
1481,0.08162850327081846,0.26937889318247604,0.7497578437963068,0.4185970428170993,0.6926208079626699,0.4894930126721171
1482,0.06071468238199269,0.29052018115545797,0.7324936299385164,0.39759568846238114,0.7132760177764434,0.5098447382616376
1483,0.043918266409705704,0.30714465382178485,0.7122985043503917,0.37422775810675246,0.7337593238206325,0.5296402045040332
1484,0.027514681477941783,0.3235989913495163,0.6952335655555633,0.35463371172708213,0.753108523568269,0.5482753449514802
1485,0.010802049856531113,0.33963477219245,0.680546415600878,0.33734365676793043,0.7699308342672233,0.5640932206414967
1486,0.004170867354217443,0.3549883255452422,0.6682258794601699,0.32312847641495,0.7887355163018187,0.5817172404794425
1487,0.01786397939275746,0.3700052544444651,0.6601852573322532,0.3138342168520956,0.8071981929486951,0.5991060005504961
1488,0.03194092051379998,0.38469165802522287,0.6520159982989715,0.30373447417236576,0.8240223989097076,0.6145472302844944
1489,0.04328002063298028,0.39624836825609067,0.6453725946842254,0.29550486918738006,0.8396247653634794,0.6287623026070799
1490,0.05177902943791069,0.4050563904795739,0.6393038846282171,0.28835934906053257,0.8533972141662197,0.6405502003639658
1491,0.057293567485055576,0.4106968185220327,0.6328295405109227,0.2812426354166215,0.8646261588366632,0.6497698060239179
1492,0.06363214340141418,0.41727735041771097,0.6277024866578113,0.27532750474949863,0.8762196923722451,0.6592936502313227
1493,0.07101469097498919,0.4253265907124236,0.6226430002632403,0.2697265336426072,0.8875235244668981,0.6685351158999792
1494,0.07723319200145114,0.4320055094619464,0.6180495871089333,0.2649889615361016,0.8977455826165988,0.6766243805325185
1495,0.08453057617454204,0.4395825719491415,0.614844303592929,0.2614133081356543,0.9074065215353316,0.6847439850159553
1496,0.08945321141250707,0.44488956536826846,0.6121020418587861,0.25853738435981205,0.9164680183400659,0.6921020731493019
1497,0.0922043898827669,0.447939746676588,0.6097261151954184,0.2560255672874328,0.9265064613423756,0.7000701994366364
1498,0.09497983209967896,0.45071992554961565,0.6092140388434142,0.2551297106019682,0.9358528696032326,0.7075141063951308
1499,0.09752681737882385,0.45319657987048995,0.608924735664317,0.2537159324815819,0.94532961228391,0.7152359007019768
1500,0.10073125533213097,0.4567467651951724,0.6082313600520112,0.2523391356760241,0.9553924926323198,0.7230424775733847
1501,0.10478302330391467,0.461570158509244,0.6072191579762866,0.25163497141807095,0.9646789506817269,0.7305176106285878
1502,0.10685393004411352,0.4644610613963186,0.6061644357525349,0.2503271961856316,0.9735521241111217,0.7370582570198269
1503,0.10880459375743617,0.4671751525536713,0.6038039298934789,0.2476226868050829,0.9835542138243156,0.7445543672457965
1504,0.11196575976035238,0.4710062161249419,0.6017146266876019,0.2454586928359328,0.9933279870657381,0.7520230277978975
1505,0.11683297925277117,0.4762264072795885,0.5991293102554148,0.24225453727786736,1.0044560988392277,0.7608439162569813
1506,0.12247776171146796,0.48169956991826574,0.5952841995185767,0.2379774952280106,1.0164033521743758,0.7706082304691588
1507,0.12854069410270094,0.487477236031788,0.5912653918412722,0.23410905158043752,1.0282888234791672,0.7813049745039831
1508,0.1332412879502101,0.49241203820510315,0.5881010889454045,0.23052916519782157,1.0386465343420714,0.7901678357941562
1509,0.13538422137719724,0.49495939938014216,0.5856680481980315,0.2275264884753913,1.0462004513688177,0.7966793048361894
1510,0.13582342665408081,0.4960965729699153,0.5853666024573013,0.22695090043811894,1.0527153103663307,0.8017289611117979
1511,0.13606818865228998,0.4977605208895268,0.5869088907879123,0.22827696634489905,1.0579531942291385,0.8050225856322644
1512,0.137327551129834,0.49960405972201233,0.5877470906801852,0.2289932134095223,1.0646160013731878,0.8096173849112314
1513,0.13979154361899776,0.5021983587124532,0.588019065514944,0.22910849134359215,1.072866658624293,0.815300796889303
1514,0.1426618376861842,0.5048437776409793,0.5874513376546451,0.2283363405839127,1.083077918694299,0.8227043035046421
1515,0.14609400952755364,0.5083284131556328,0.5864875164819412,0.22688185999215138,1.0932606215239156,0.830370271314048
1516,0.14965977218209806,0.5118403972587432,0.5843207144615129,0.2236015873382581,1.1051630125676206,0.8399569033413368
1517,0.1532034037994491,0.5158787487289622,0.5815352041057787,0.21978770070255976,1.1157308564402204,0.848883537561542
1518,0.15681012242584766,0.5202947534387057,0.5789848920116405,0.21633300577383544,1.1253030165260118,0.8570813527844136
1519,0.160009952362488,0.5239069727003567,0.5768234153899401,0.2135721895577226,1.1342017204050137,0.8646715960911083
1520,0.163715455244447,0.5276550638318117,0.5747834384732745,0.21130972908525952,1.1414928163387237,0.8704337592328408
1521,0.1659863831258354,0.5304691016837286,0.5739570974031409,0.21045464879460068,1.148676527550308,0.8759043600362815
1522,0.16766722230842637,0.5330369533255221,0.5736497749717357,0.210187405084638,1.155982061090502,0.8812704707803436
1523,0.16985049809664646,0.535723454081076,0.5726395630330704,0.20921950922324792,1.1630777635069318,0.886378527353345
1524,0.1721816857643562,0.538855306827895,0.5707778750694104,0.20728050771633758,1.1714078688350178,0.8920510736194632
1525,0.17479846546246217,0.5420622717916079,0.5690812912933934,0.20518551846224561,1.1789738364557438,0.8974485419045157
1526,0.17749245943253655,0.5447766304791849,0.5678445907917805,0.2035302584322034,1.1860478064463977,0.9025764523095988
1527,0.17877936212301104,0.546282680274053,0.5679267808732437,0.20315772847849128,1.1928661916127,0.9075052966018793
1528,0.17951517248761767,0.5475063629618965,0.5686314572294033,0.2031736452988546,1.198378326281552,0.9117544571099299
1529,0.18045071652633748,0.5484989514132274,0.5691775509145547,0.20316650947746553,1.2050112954636136,0.917042473356261
1530,0.1819407498895511,0.5495372306496287,0.5692547819707444,0.20259220644265738,1.212126531424129,0.9227770239134959
1531,0.18436187543938676,0.5521351183300048,0.5678191726007277,0.20075928531145038,1.2185489315538716,0.9280034718513358
1532,0.18728728599139008,0.5555811529862956,0.5652705338751631,0.1979055940632613,1.2258904563900475,0.9337647550747292
1533,0.1904289815071296,0.5588872669912314,0.5635486049323531,0.1959689096215969,1.2327816660798698,0.9388175752468647
1534,0.1934108631199,0.5622610583546407,0.562523748869007,0.1951531755504055,1.240364028840268,0.9438840528265727
1535,0.19546597253735495,0.5644279292129394,0.5625177386633297,0.19507819280170122,1.2475597878212952,0.9489218456489136
1536,0.19717736025151275,0.5655155504735843,0.563530438304274,0.19579868652189686,1.2538198374619138,0.9534150253148581
1537,0.19895459938331095,0.5675529070762989,0.5635658634139217,0.195502448810814,1.2605904793344702,0.9585262766145062
1538,0.20099713078107362,0.5703930179362,0.5624351154440478,0.19384817119685563,1.2666127575713397,0.9635402450586837
1539,0.2026649980923383,0.572831285594914,0.5611845328096352,0.19195916537043223,1.2717238781726654,0.9679661237901377
1540,0.2044483032083484,0.5760295799715734,0.5596330901935922,0.18969991110828993,1.27732711055157,0.9725700484434874
1541,0.20619269743962035,0.5784652368399079,0.5584744917610235,0.18805663588094312,1.2830615061420878,0.977000782848081
1542,0.2072296131965313,0.5794238592772676,0.5580814579517472,0.18729418070972098,1.2886742121338937,0.980550231978281
1543,0.20832381338648456,0.5809083544457466,0.5581488098995954,0.1872314595378488,1.2940971008108502,0.9837493064775289
1544,0.20928484772941697,0.5823259609366473,0.5581343929577799,0.18728020120968547,1.2991859144883269,0.9866220648627226
1545,0.21090013587300974,0.5842579675575608,0.5582387847813874,0.1873379237415807,1.3039941087821993,0.9891343955037326
1546,0.21350459263193702,0.5875268883999138,0.5584611003770814,0.18739977861795015,1.3079531874044255,0.9917524952760713
1547,0.21534491410473533,0.5898009233875026,0.5582846855477088,0.1869629160492003,1.3118741350395942,0.9944266405906379
1548,0.21768371948212162,0.5921948012747952,0.5582567944934054,0.1864775734706395,1.3170771438787983,0.9981496798383794
1549,0.21952951471595794,0.5941323765563864,0.5577892411891738,0.18558855191244095,1.321639515825545,1.0016531873436434
1550,0.2199126656358768,0.5944834360692204,0.5564622816744988,0.18392258018123167,1.3256758549239769,1.0046883043709798
1551,0.2211185897690599,0.5959874671135761,0.555880147126074,0.1829752830759372,1.3299565288729938,1.007787452603533
1552,0.22288393729265815,0.5984735508447617,0.5553396608547106,0.18226596266866044,1.3341199189038464,1.0104359831542202
1553,0.22456649139550675,0.6006394925722691,0.5546592601458239,0.18135429630765015,1.33825890760936,1.0126605750169837
1554,0.22651507489725053,0.6030747363447182,0.5543556600430096,0.18063048512046914,1.342473513795339,1.015326424451848
1555,0.22882249173610247,0.6059166078753491,0.5544435331190656,0.18028704002332624,1.346630912062929,1.0179451973109852
1556,0.2304886794424465,0.6078020736951218,0.5545348882595508,0.18001951836866487,1.3509615724948163,1.0207995956608331
1557,0.23190230796027653,0.6088712793117008,0.5543936620686519,0.17949115770455074,1.3552179478657462,1.0242042898267822
1558,0.23359174716283956,0.6106946347292569,0.5542564022401401,0.17887198550907593,1.3599897659741553,1.0278116370736898
1559,0.23540663930432823,0.6128834174648198,0.5534890881940507,0.17789872284889102,1.3655982814756842,1.0321481934950205
1560,0.23675050891547675,0.6145491613767531,0.5522596024172484,0.17624563828570608,1.3706959127419702,1.0360217277854278
1561,0.2379462153125894,0.6162792851922251,0.550579124373068,0.17402427938363307,1.3756651158299504,1.0395245082652997
1562,0.23905427421644856,0.61772158273866,0.54909676363426,0.1722080675883573,1.3800819161823863,1.0426202235320472
1563,0.23996967750222986,0.6188591079754507,0.5480421720778533,0.17073811360522545,1.3840808539623803,1.0454247970387402
1564,0.24112402858376866,0.6205217292658659,0.5476880131650099,0.17006408140484758,1.3866687420786639,1.047102305244746
1565,0.2428783040447883,0.62274180278278,0.547635230611969,0.1695889943730984,1.3887104729259077,1.048632248723785
1566,0.2444207113111416,0.6246934153327316,0.5474188611479095,0.1689802094264419,1.3915728861824173,1.050688564836569
1567,0.24518528965718506,0.6260296699546736,0.5473606297336243,0.1687200384447285,1.39386086837004,1.0520854192493903
1568,0.24595641763959172,0.6268878448607291,0.5476599255880307,0.16852862458513468,1.3970409278563498,1.0541192977353584
1569,0.24644619284319108,0.6270603138714245,0.5480838429917541,0.16841491948943052,1.4011922304183575,1.0568229107225284
1570,0.24685332598738716,0.6276920693224456,0.5487677009736128,0.16883650147091328,1.4039186555735494,1.0582590871989082
1571,0.24785047090597495,0.6293113719431199,0.5498328935499595,0.16947318143494258,1.4060987631509694,1.0591109120125057
1572,0.24882074153854417,0.6305900528726135,0.5500802365912696,0.16967781768049503,1.4084647641511105,1.0605178709844694
1573,0.2500226717090818,0.6318997795830438,0.549537439198747,0.1695328381101927,1.4104988153303875,1.0618140286789406
1574,0.2520943284850254,0.634342472568304,0.5489200740844549,0.16864061196131272,1.4128271691046568,1.063556383954209
1575,0.254029904255612,0.6364266531371962,0.5486074183797801,0.16789762315199896,1.4149155898364458,1.0648425247271223
1576,0.2558446441676578,0.638284025196781,0.5478085982097864,0.16662569797284874,1.4164173398804625,1.065701461865641
1577,0.257067825371345,0.640302356856565,0.5473237749405901,0.1656003355490077,1.4175972731923598,1.0658716309297622
1578,0.25801442320365997,0.6415603414411696,0.5471717070509738,0.1650845015460533,1.4183054416782273,1.0656961655274495
1579,0.2584313980662872,0.641871459128726,0.5469474723296351,0.1646316043102078,1.418301606777535,1.0653316951530802
1580,0.2588013455733303,0.6423593030939722,0.5469003280796596,0.16450220580659122,1.419557189663806,1.0656393094461232
1581,0.2597950746088082,0.6429606529288249,0.5465306958718621,0.16397187448674563,1.4211471971855958,1.066282142078671
1582,0.2621950012992256,0.6454446616949219,0.5455800716266439,0.1625542129519322,1.4245919031418288,1.0687777938911573
1583,0.2649783767529989,0.6485229050551043,0.5444060059820033,0.16095439192148278,1.4293439763804494,1.0723158363880574
1584,0.2675657615171234,0.6512102377519016,0.54325140775224,0.1593584490861303,1.4332971511610677,1.0749253917441621
1585,0.2699264409045138,0.654119756391156,0.542651081219339,0.15834447812836522,1.4361592880504894,1.0769551629459282
1586,0.2709053151850683,0.6556372175086941,0.5426922753214232,0.15826266082137241,1.4383940642046835,1.077714884118341
1587,0.2708685426004597,0.6559513656986752,0.5430085148711927,0.1587364561408128,1.4400839992668202,1.0778288369009066
1588,0.27048542899233746,0.6559332134209737,0.5437818112678081,0.15978955550419754,1.4406710773578026,1.07734558192591
1589,0.27092926543952534,0.656908142742656,0.5446513833671871,0.16085951661558617,1.4414924183464974,1.0772444593472552
1590,0.2712261510482502,0.65727625714613,0.5448815525781943,0.16132464572172642,1.4427406290375917,1.0777353005768389
1591,0.2713072147201225,0.6569307953549286,0.5445678701160398,0.16123491475350538,1.4444345124877487,1.0787500987773648
1592,0.2726846208548293,0.6583377495017085,0.5437169071843787,0.16027866052135756,1.447256673063962,1.0808982055361402
1593,0.27480847086403026,0.6608629192869451,0.5422573930613785,0.1584894417212813,1.4519464321322548,1.0842279201593037
1594,0.2764178708129783,0.6626054401247473,0.5409897200053962,0.15673509963035856,1.4556389699583134,1.0871667707410808
1595,0.27774965077704006,0.6638512474703341,0.5398216263781987,0.15499660760795164,1.4576703018471204,1.0885923355113905
1596,0.2781812469121538,0.6643661568359442,0.5398781801614503,0.15468375863903563,1.458883273003532,1.0893726507600419
1597,0.27724146382377646,0.6629022349674714,0.5407697659556763,0.15520593169531632,1.4588490524293607,1.0895377269038662
1598,0.277026101803985,0.6627629653884324,0.541618416378532,0.15598590422861622,1.4588223263182525,1.089160679030409
1599,0.27834147706897705,0.6655849616498416,0.5426223445409754,0.15713561343548063,1.4604036911197265,1.090248517846648
1600,0.2799421771317557,0.6676036780275271,0.5423286806255777,0.1567834255498931,1.463535768960749,1.0925675094378817
1601,0.28204428994758846,0.6696527547105818,0.5410555971870987,0.15548394067071397,1.4671999323359772,1.0947641396030001
1602,0.28447067155149103,0.6723503746126713,0.5396030766612698,0.1537999674723002,1.4716592983556136,1.0982023777741718
1603,0.28599660559196105,0.6736282665752993,0.5380001496621963,0.15176462975910843,1.475921590516094,1.1012104195730679
1604,0.28680930842123437,0.6741169540642779,0.5374259635272077,0.15073166898858978,1.4768351911274913,1.101689150000622
1605,0.28709756043028917,0.6741594382628,0.5376102521213318,0.15044886725246956,1.4755918265664296,1.1003223602722967
1606,0.2871537554264855,0.6741859947457179,0.538112533270557,0.15054912328107056,1.4741135439422872,1.0986648079543864
1607,0.2869959016639329,0.6735712765850009,0.5395594115899983,0.1515081831966896,1.4717257925403135,1.0962891217796342
1608,0.28712201680035593,0.673748387658985,0.5402095169396947,0.15204341625458911,1.470719065693463,1.0949910526256188
1609,0.2875290567740477,0.6754433905647268,0.5401019632039133,0.15206857258695217,1.4708313294864754,1.0949652585896088
1610,0.28869585088665656,0.6770600510725329,0.5394684651515091,0.1513891089184611,1.4726074577649961,1.0961309867353946
1611,0.2905714864895456,0.6791289775142079,0.5379935827008094,0.14992895525768812,1.4760713946045008,1.0985929551887719
1612,0.2921118079709704,0.6806911953758996,0.5360545534952453,0.14788081532053865,1.4789297335925444,1.1008983074821745
1613,0.2942320251655282,0.6827301285252468,0.5347495593723146,0.1463499789402432,1.4825122289869386,1.1034595059874779
1614,0.2957932746914101,0.6845919376538329,0.5346183594674749,0.14624371765758665,1.4856991470817098,1.1048276932040164
1615,0.2969492954347955,0.6863718318506385,0.5350267967926262,0.14675240663360628,1.4858579559924332,1.104248360232944
1616,0.2975680373847493,0.6872750527976723,0.5361180072567592,0.14785672111233888,1.4850749066821125,1.1028403999611172
1617,0.29750789316433335,0.6874667905566576,0.5367966031519434,0.14808610070784178,1.4845334765949836,1.101805534889499
1618,0.2984774431625194,0.6883579464684316,0.536508444670277,0.14720264346532,1.4837538123851066,1.1010810246954803
1619,0.29941429970876554,0.6885901048655182,0.536015990625042,0.1461345087279939,1.4846744259563958,1.1021681628098317
1620,0.3003850684678128,0.6898702470080752,0.534715263735074,0.1441570632318595,1.4865628844383962,1.1037151349210883
1621,0.30160388600285337,0.6912739184735487,0.5335801224729996,0.14264120701371102,1.4887277523477442,1.1050592107490576
1622,0.3019137085029231,0.69124905839899,0.5336022082454521,0.1428233639739177,1.4906518479147,1.106412007111524
1623,0.302294342025899,0.6922711319008326,0.5334328603012222,0.14303822176378145,1.491607661574018,1.1064401473328889
1624,0.302454178121787,0.6927139244860404,0.5334991474071937,0.1434561126266615,1.4926183568758582,1.1068248510798524
1625,0.30253347648882056,0.6927521033380726,0.534004575943707,0.14418334469391947,1.4930391624616624,1.1070317704299026
1626,0.3036954185897563,0.6945336358536529,0.533696020694375,0.14363123835661942,1.4942806652785696,1.1082872872921716
1627,0.30530913378158264,0.6966682544162941,0.533070456691276,0.14257060203315028,1.4962471357387417,1.1098746084401099
1628,0.3070272930899776,0.6987765812919862,0.5324067991014231,0.1414668228238342,1.4983352661049156,1.1118573139399663
1629,0.3078669201047324,0.6998830453180783,0.5320219500108082,0.14111455131941417,1.4985848656730927,1.111794490183289
1630,0.3090330175562196,0.7014305867628788,0.5312747287743722,0.1407858904420253,1.4979395495364092,1.1106121224749799
1631,0.30862690197294523,0.7008322298501112,0.5313817000478823,0.14125967238725884,1.4975476725356676,1.1099761767479208
1632,0.30699969280228717,0.69861858150513,0.5321151002152926,0.1420351397842629,1.4967187560636492,1.1091177233891352
1633,0.3069458764478138,0.698581986282249,0.5326590099867516,0.1423771137214606,1.4979555416162942,1.1098478653271853
1634,0.30735804160586616,0.6991864430230724,0.5332147413500375,0.14250208781728496,1.5014172339763292,1.1123803925226154
1635,0.3080039908336166,0.6997072984367213,0.532979374337007,0.14173124695264536,1.5039156264832345,1.114082133541286
1636,0.30959051782906116,0.7010898562672383,0.5320039938966823,0.14022722661015735,1.5065801659975677,1.1155703168617617
1637,0.3110295231974376,0.7025947655924731,0.530293810670247,0.13809998193576462,1.5088218705633738,1.1174001138370753
1638,0.31218510223129575,0.7036322136143272,0.5279159882733542,0.13543456546361157,1.5105244016711907,1.1191084801710103
1639,0.3131284016543758,0.7044625526483241,0.5267944290372094,0.13406752877461509,1.5108564842394052,1.1195922548085315
1640,0.3135329188490488,0.7052213267172287,0.5267797291505092,0.13396850172953276,1.5096306539553392,1.118716177772294
1641,0.31402176546346344,0.7060216332169872,0.5277099005343885,0.13479863031347458,1.5087938029733634,1.1177629163802698
1642,0.31423219919502554,0.7063038281237868,0.5294482732907011,0.1362853835856734,1.507623792412162,1.1164509178928783
1643,0.315058273000628,0.7071485005293459,0.5300930812499158,0.13677083405756732,1.5085334895903095,1.116888298527341
1644,0.3171321672433604,0.7095691895609646,0.5299653768267955,0.1364654255486362,1.5121344670018697,1.1198482935541572
1645,0.3183578626114394,0.7106801275261739,0.5291736702845418,0.13541741250110126,1.5144945127671046,1.121910763304511
1646,0.31878973293592255,0.710252470107549,0.5281947243832028,0.1343298380987214,1.51539422216446,1.12278409425828
1647,0.3191465770956278,0.7104920466320732,0.5281916452483233,0.13419361880361236,1.514732315268453,1.1223613839157467
1648,0.3189235755046315,0.7105425760984598,0.5289711151751434,0.1348392702403988,1.5113768032843242,1.1195262882885164
1649,0.3183373922126925,0.7102189284130365,0.5297554998281939,0.1355606239427688,1.5085082457894685,1.1168132208333417
1650,0.31795752352403056,0.710470562377888,0.529951137771845,0.1355396241164444,1.5071374606882149,1.1152642935155366
1651,0.3180445223592523,0.7106905079175536,0.5296972478340508,0.13526030860404314,1.5070415785734146,1.1149393375383287
1652,0.3182795349435116,0.7108498034456937,0.5289819925794043,0.1345926861241451,1.5082534358150093,1.1155630951115127
1653,0.3188629605280051,0.7114488816843196,0.52786407125057,0.1331617019557149,1.511101719716739,1.1176119019734345
1654,0.3198236246336972,0.7122179097992445,0.5272751974799122,0.13225649966462785,1.5147551252001032,1.1205854227899485
1655,0.32025920503497246,0.7126525634983909,0.5271005753552511,0.1317847378043222,1.5169986084715463,1.1223095647969672
1656,0.3201889790888714,0.7128573168906006,0.5266022963557673,0.1307067973394476,1.5192502208352845,1.1239371056053717
1657,0.32026298780276635,0.7127944074252397,0.5269103170793289,0.1309419994663101,1.5195292493289985,1.1241267527061245
1658,0.3200772022932891,0.711939832011739,0.5274731512532491,0.13184916587127762,1.516781600523226,1.1219760389629618
1659,0.32038598865229495,0.7121419404015051,0.5275636188116127,0.1320924413760244,1.515749907050169,1.121137693981714
1660,0.3211785205458833,0.7130212956491,0.527840634193843,0.13258665336491363,1.5154668035589267,1.1202843163016643
1661,0.32186075354728166,0.7137782575602092,0.5274562409936783,0.1324476403851864,1.5155002554680705,1.1200087753476633
1662,0.3232462307219669,0.7157469835251866,0.5269055432129748,0.13228891103419266,1.5177326721150013,1.1212773232919981
1663,0.3238480866326571,0.716628712095189,0.5263350533676691,0.13179937071257097,1.5191843224797856,1.1218543983314453
1664,0.3237080831184446,0.716305056320443,0.5254367748783897,0.13076100076494418,1.5199275264304597,1.1224995476265511
1665,0.32418411030761024,0.7169016117511101,0.5250113302770426,0.13009013150697,1.5207277833862451,1.1231769762999353
1666,0.3243729560156383,0.7173382477029372,0.5246201066152064,0.12900433359301744,1.5206607116917192,1.1231919772573293
1667,0.32493660128213897,0.717702609697432,0.5247291135729116,0.128779107385714,1.5205962522630807,1.1236463899163207
1668,0.32622929789481575,0.7188133299633842,0.5251375710982829,0.12948219909144887,1.5200955938091167,1.1236342390675407
1669,0.3273058833514516,0.7195998762207166,0.5251049551541157,0.12943993049683508,1.5197125044021096,1.123274539087225
1670,0.32843625596337633,0.7199440189262459,0.5254119183382803,0.12969279542772547,1.5200212255005479,1.123443409280912
1671,0.3293097862846849,0.7208509792123377,0.5247725892329799,0.12926753274878316,1.5193379246849115,1.1223935159895386
1672,0.32973789448643276,0.7217892103155733,0.5232429163014112,0.12749873430458003,1.5188724785963124,1.1211898621970622
1673,0.32993162984611213,0.7221852903921326,0.5229440278914023,0.1271969614037557,1.5180357661653816,1.1200036036266854
1674,0.32972469629784856,0.7224946764408816,0.5225722714641843,0.1272510232358151,1.5160136052788518,1.1179047705352103
1675,0.3292923016292054,0.7222628903260483,0.5226672405977175,0.12712220062593702,1.515552292438164,1.1172945069885247
1676,0.32920107954200944,0.7221840761057169,0.523687581993398,0.1276090411212678,1.5160184862162405,1.1175715045440862
1677,0.3286007441929004,0.7215096902262332,0.5237757579236967,0.12735206888984796,1.5159212333158978,1.1174324469539418
1678,0.3278422353598486,0.7204680193591733,0.5235907287714329,0.12679085490847564,1.5161959790924358,1.1180755843030585
1679,0.3274259209127478,0.7195170177874955,0.5233679088669271,0.126363065646476,1.5172184553142545,1.11900513628185
1680,0.32677459155206723,0.7176366494711409,0.5229774886958658,0.12609585678083512,1.5185632735400105,1.1201921962157313
1681,0.32724660244524906,0.7174599641932351,0.5224587971311695,0.12552967024065115,1.518967426678474,1.1209842511141221
1682,0.32781629448144617,0.7176486247641618,0.5217593066566772,0.12467502728481843,1.5184768446805703,1.1211492337133626
1683,0.3280969335372673,0.7180867571619899,0.5219423488167082,0.12458050182799991,1.5163330717842938,1.1197780419898997
1684,0.32849721087205136,0.7197117476386665,0.5226921618050911,0.12481614130382727,1.5108919920711006,1.1159923187707228
1685,0.32832878224184225,0.7202097802393141,0.5233689700249753,0.12528353154910787,1.5078065333155888,1.113451080125066
1686,0.32779958357384414,0.7202062007208939,0.5247928795104684,0.12667080100071115,1.5070287352316707,1.1123207267366217
1687,0.32709773976897166,0.7197593831986226,0.5249619615940164,0.12691020628032693,1.5078133036962025,1.1127690803058297
1688,0.32622229487607596,0.7187052508365283,0.5240847395069713,0.1263011934089685,1.5108275435125895,1.1151762783879113
1689,0.32553603627034333,0.7177639276200961,0.5239373289395498,0.12633830605017987,1.5124138162913705,1.1166632631848137
1690,0.32505303898002286,0.7169925082406231,0.5238861641603807,0.1261823039150143,1.5119136787868568,1.116972661928352
1691,0.32488394880219296,0.7166479983078193,0.5235389115812065,0.1256500409118336,1.5112670529638086,1.1167637085998439
1692,0.32457556698211126,0.7157281642784333,0.5235565667784466,0.12569001157290127,1.510342404115227,1.1157460250047784
1693,0.3248065769149255,0.716177470403769,0.5234262755051661,0.1253351443590846,1.5090844844745919,1.1149529291836653
1694,0.3248313032018085,0.7171741802688327,0.5228681873808765,0.1246857720992733,1.5099559250552776,1.1154878276260414
1695,0.3238470986244303,0.7162904422399052,0.5236181825470841,0.12557003925624718,1.510448520005993,1.1156904856277983
1696,0.32300824883723744,0.7157110235343871,0.5249833389341291,0.1269087830803261,1.5094844069170652,1.114907149455846
1697,0.32174923644711095,0.7144989950915088,0.5260249886526911,0.12814528896787508,1.5086430687604506,1.1143068591488885
1698,0.3198646986002572,0.7118291944991345,0.5270572443026057,0.12949310543142234,1.506730668418759,1.1125338381015115
1699,0.3186404136944063,0.7105986321057165,0.5272531184854135,0.1296977657385224,1.5042194133519895,1.1107699629286494
1700,0.3180736846385126,0.7105426231266524,0.5269846371604767,0.12942240471731345,1.5014841909361767,1.1092440723376897
1701,0.3177098035994412,0.7101430272928452,0.527114312667316,0.1293271500539202,1.5009134905877644,1.1092766909662808
1702,0.3175482407656274,0.7097765783295089,0.5275581569819994,0.1291725204730268,1.5020196586857582,1.110630135001067
1703,0.3180161798376624,0.7099310174007009,0.5276203172822004,0.1291260996877518,1.5035430071251472,1.1120811971915594
1704,0.31880937697683964,0.7101796803908589,0.5276325564174106,0.12919853901957637,1.5055427100198946,1.1138931545704935
1705,0.31906759585802474,0.7104105932670717,0.5273566695585552,0.1286507862140798,1.5051772562612737,1.113632421294057
1706,0.3191554621742201,0.7108474922367155,0.5265935996648197,0.12751293654642862,1.503488665766663,1.111856698805209
1707,0.31878096351760815,0.7101839786667199,0.5260751891791811,0.12717621417289074,1.502172154020328,1.1103412267887147
1708,0.31805553326687797,0.7088266900473676,0.5258568160800303,0.127427194182409,1.5019797472811802,1.1091811649069836
1709,0.3179364391496153,0.707959192498592,0.5260055839054255,0.12805784611638393,1.5001007557984019,1.1076763157418064
1710,0.3180266482564644,0.706790541043624,0.5261565341173267,0.12926364501718865,1.4972324501070156,1.1060055640162127
1711,0.3174699620863561,0.7055165401541666,0.5264836516523898,0.13033545050148496,1.4946016149969399,1.1037916431218309
1712,0.3164287182485906,0.7044847324870918,0.5268378995232692,0.13089068370809961,1.48857968422045,1.0989083026001396
1713,0.3150146383564513,0.7031307083695717,0.5270989602694952,0.13127303176924612,1.4853609240085262,1.096327094373247
1714,0.31295830360613136,0.7010599287252185,0.52732440288852,0.13181733303375648,1.4854142364513494,1.09583286732849
1715,0.3120310334346659,0.7003053949665842,0.527492573458492,0.1321276384875491,1.4842071394108518,1.094612105753384
1716,0.3124998940773006,0.7010131796797221,0.5278494085645313,0.13224443754886914,1.4840488232187117,1.0950016409782704
1717,0.3132503431090553,0.7016774648098941,0.5278175982869155,0.13232314137001688,1.4857562031972829,1.0963154745355834
1718,0.313029651742907,0.7013294659944601,0.5281590048963548,0.13279733834390334,1.4855670361903797,1.0962243133581426
1719,0.31241988529566944,0.700545765153665,0.5285307600662235,0.1328873229249065,1.4853426740907918,1.0965046774653175
1720,0.3103776913442845,0.6982370485129905,0.5292588297531191,0.13344931597340393,1.4849816505597757,1.0965726171579484
1721,0.3075488146677259,0.6955043035267623,0.5298234091338597,0.13371107383054137,1.4818823295548722,1.094110511650087
1722,0.3054326966838326,0.6934800631757122,0.530770835670948,0.13445136976114938,1.4786668556276354,1.0913669422722052
1723,0.3041864880545184,0.6927173225309409,0.5319718865930321,0.13594617021482014,1.4785316869223493,1.0904533716356297
1724,0.3031240883647825,0.6921089758929378,0.533550996129767,0.13814256109033685,1.4767526240927389,1.0887055378098562
1725,0.3025452089664075,0.6914356311165294,0.535574491651458,0.14133065928329983,1.4727669400807517,1.0856260412014291
1726,0.30322109344191855,0.6921438514422235,0.5359618081559484,0.14226521312816598,1.4712008232993716,1.084505980410304
1727,0.3047603005711168,0.6934459195542446,0.5356602471859754,0.14162542813463178,1.4683608048054553,1.0829432464283835
1728,0.30510050863140825,0.6934695838086473,0.5351585099158613,0.1407213486602283,1.4661525605182655,1.0817247291727574
1729,0.30465934048879234,0.6925010469796177,0.5339320795384028,0.13884075438483087,1.4667206126294265,1.0818644741715484
1730,0.30372489417063414,0.6912565325160195,0.5341336790919674,0.1394270502972967,1.463991291840877,1.0793281358541325
1731,0.3012489878653324,0.6890265754181545,0.5343515158103426,0.14053999969638092,1.4596812349549557,1.0759627167497268
1732,0.29987672965786655,0.6871919958579997,0.5344944354838919,0.1408060179792027,1.4560539326244701,1.0730767776211205
1733,0.3001733719132012,0.6880363886213812,0.5345215141703898,0.14091178378829747,1.455772797199785,1.0730783120960576
1734,0.3009211190497803,0.6893921884612236,0.5334824847711236,0.13914090748135738,1.4596142478775407,1.0766575141095023
1735,0.3020089775339689,0.6888716410568668,0.5329856615420944,0.13781022019275857,1.462793102208105,1.079792445964686
1736,0.3028261532845173,0.6886442136093103,0.5315176395437012,0.13655887338423273,1.4643528753963289,1.0817459120677169
1737,0.3033649029716414,0.6887702791720314,0.5296635232799488,0.13485570384319312,1.464132812071988,1.0817476310428438
1738,0.30329629082825516,0.6881018297534883,0.5287179136703818,0.13418046480446827,1.4605693880386725,1.0786497264903827
1739,0.30239855924896364,0.6873312853157486,0.5271515090053065,0.1334982305692371,1.45779789078832,1.0767936327136869
1740,0.3014878953027651,0.6869023101340385,0.5267882567825132,0.13391009521172664,1.458437315296223,1.0770555097516865
1741,0.30100896489315626,0.6865008377141266,0.5283937635038382,0.13560321642428566,1.4570429989169182,1.0762098101044677
1742,0.3008219672628453,0.6858598502809545,0.5298387581275453,0.1372790534165436,1.455966993078733,1.0763462683038492
1743,0.3004920999784823,0.6848797606307616,0.5306684597848605,0.13805072128434118,1.458252577785037,1.077625807052496
1744,0.3002384917927772,0.6842627991077669,0.5308830147955524,0.13727535934574644,1.4562953471432158,1.0757948654582274
1745,0.3001600217317433,0.6840999356351632,0.5303604686611069,0.13686842464499574,1.4521015747958914,1.0728822872727288
1746,0.29923053816371775,0.6822005814843722,0.5287988706581085,0.13559462453406773,1.4522382742083504,1.0731732670001128
1747,0.29912249984316525,0.681579235862345,0.5275382224163242,0.13389199134643912,1.4498437595661469,1.072276080726316
1748,0.30103888876971235,0.6839023451307296,0.52714889798535,0.13344678175989805,1.4475835097611407,1.0717181951476116
1749,0.3031041285726828,0.6860681909750623,0.5269982420315866,0.13281547582840292,1.4495506853091757,1.0738375887236296
1750,0.3047282283104759,0.6871945577433027,0.5267560480804262,0.1321671879609483,1.4474262461046206,1.0725852421611686
1751,0.30602833566973414,0.6876933090019652,0.5259960240092652,0.13131025455937007,1.443261657800228,1.0692524739167688
1752,0.3065879220494767,0.687808051533075,0.5246000187168108,0.12976675220202774,1.4400193132488295,1.0672251291636756
1753,0.3057827680735658,0.6858015753554778,0.5223809840294611,0.1278232693760987,1.4369399026386012,1.0651378414659431
1754,0.30457155625052534,0.6839087040964863,0.5215491221073568,0.12742244734234165,1.4323587897834393,1.0614960685879207
1755,0.3039892385778951,0.6837135537110474,0.5223463955054485,0.1288153087949348,1.426945093492503,1.0575256125676833
1756,0.3030505118092986,0.6824530762270434,0.5232376167300795,0.13055282940940763,1.4236814308638506,1.0551384968214028
1757,0.3012583510346315,0.6802353765029368,0.5242258925391958,0.13194951874887245,1.419780485282918,1.0524432344849293
1758,0.2990504321906244,0.6783760634501107,0.5248362088283027,0.13234422225515025,1.4193574132533855,1.0536495937424628
1759,0.2969777388648241,0.6774137652978085,0.5252426959386486,0.13228722652800942,1.4229901574219896,1.0573983366748936
1760,0.293896247100494,0.6753367464748066,0.5255243459086154,0.13261524733503902,1.4244530359012182,1.058976028357203
1761,0.2902548807700164,0.6713633887955243,0.5262489414557767,0.133518846565367,1.4243642572355912,1.05970927424565
1762,0.2881370690349593,0.6691111848343456,0.5273627327301575,0.13455342576441137,1.4221619443570415,1.05745917385759
1763,0.2855580388299379,0.6667910564696895,0.5283490513225748,0.13614445148846338,1.419615544303433,1.0546562435205986
1764,0.2823067199864717,0.6628007779402034,0.5292556750061372,0.13755537903749873,1.4151505456039173,1.050797501412165
1765,0.27999232809421165,0.6609930080171356,0.5293343735265724,0.13812525638025036,1.408525419253287,1.0452234684696124
1766,0.2770278638046896,0.6587091208826753,0.5294703720411461,0.1393794210970162,1.4036425042550023,1.041717541255152
1767,0.273654765074929,0.6544272924704955,0.5309019532588407,0.14111047748700642,1.3926831976154797,1.0349078974981285
1768,0.27205309023611884,0.6526836199025859,0.5313252637734928,0.1416599937201066,1.387662146805579,1.0318909792237216
1769,0.2713005976676708,0.652507820627402,0.5328269921988187,0.14286852564808228,1.3876478042217988,1.0324886695184459
1770,0.2717497876235415,0.6528804074753342,0.5333914041254644,0.1427582963426018,1.3892022039566023,1.034841265299034
1771,0.27278597575138686,0.6534962509109745,0.5333080487564428,0.1419575824498068,1.3935758801555505,1.03898892638398
1772,0.27107626173006644,0.6515725866441369,0.5348915770502539,0.1433930490571447,1.3969227425089583,1.0411446652183314
1773,0.2660634542611612,0.6462237682013109,0.5383600271672624,0.14713467212494233,1.396456876391914,1.0393103805533668
1774,0.25930844527650454,0.6401509763196374,0.5432892269250889,0.1533734388586448,1.3900961409617145,1.0323075182050538
1775,0.25276292643587245,0.6341392700599495,0.5486234116383442,0.16069471474330402,1.3829281427375444,1.0246281449069026
1776,0.24730069383143335,0.6287602630653252,0.5522208725196188,0.16570598429755776,1.3764977137960093,1.0189516736274773
1777,0.24461053598467178,0.6269389040724707,0.5543432246647211,0.16911562178792555,1.3729694097998677,1.017120733755182
1778,0.24402018451207355,0.6258912085884795,0.5551364041288306,0.17024267574851437,1.3701537748066273,1.016348360207066
1779,0.24239920030909762,0.6232364303960346,0.5535404286717888,0.1686001098423144,1.3679795983387968,1.0151820163935434
1780,0.2406289541994103,0.6218613264250075,0.5534027950325001,0.16843072521238003,1.3667810016737194,1.0141370354004737
1781,0.23909078081756877,0.6209923176200471,0.5544068014759955,0.169001111233735,1.3612703192183249,1.009483679571743
1782,0.23641425877597919,0.6184707321490247,0.5551141337094092,0.17010803857534734,1.358832781530475,1.0061010360509532
1783,0.2344746459379929,0.6169373569201237,0.5568452587725726,0.17197415758856519,1.3608790057781575,1.0066095211456079
1784,0.23044021239772622,0.6107405443548017,0.5585252147502449,0.17478112543503527,1.3577698461436842,1.0031648419689503
1785,0.22858904764158025,0.6083383285409879,0.5609043832874709,0.17752756020860283,1.3523679844559577,0.9991807728409913
1786,0.22651918140736355,0.6072272212086334,0.5648121052198163,0.1807440018092024,1.3439575219330513,0.9952590238757395
1787,0.2218742469984984,0.603855160045862,0.5679798568209141,0.18294276080544516,1.3403053032254564,0.9932354540406197
1788,0.2194050793221194,0.6063491960291548,0.5700985768699245,0.18323543206701506,1.3372313264736437,0.9901336696244828
1789,0.21476114503656024,0.6037440087961583,0.5736309346492936,0.18654603257495755,1.3322188722207755,0.9849978072115109
1790,0.20543498263890492,0.5926415154151923,0.5754265066816487,0.19022614333921134,1.3301242840019267,0.9805926576041366
1791,0.196831832762799,0.5834636614197515,0.576765640946281,0.19391694591910535,1.3295391264632286,0.9770792028176507
1792,0.18671606721443829,0.5713422919136799,0.5828321908048526,0.20302515618235906,1.3234857701654512,0.9707421071159553
1793,0.17516402569103448,0.5598022499644157,0.5886778214284215,0.2117126509755179,1.3158081748246067,0.9616862840685765
1794,0.16502599170989612,0.5504256449568292,0.5942289810332722,0.21907077122424376,1.314236840148799,0.9575036117216033
1795,0.15493212524762506,0.53901104263825,0.6036496210255937,0.22966266470863017,1.301288029211384,0.9475900133354308
1796,0.14677434685982793,0.5301149555600413,0.6122048489635065,0.23935515336338584,1.290014198944491,0.9406367931903912
1797,0.13509549886307812,0.5176857606749274,0.6198897124965184,0.24702097507212903,1.2913976451969589,0.9446058599491606
1798,0.12049680168097342,0.5093812886263712,0.631773583281878,0.2577074717421816,1.2833001191875728,0.9388116066904473
1799,0.10226750347847677,0.49890919055546257,0.6433001860162915,0.26957159351951043,1.2799149614018979,0.9314733298800439
1800,0.07702429106847297,0.4760032105082411,0.6538149897732822,0.2815050164462489,1.273232536943997,0.9176548358516187
1801,0.005773688277954863,0.41031238098985323,0.7751403263101071,0.3866709815669109,1.1832439211514354,0.7938763122321135
1802,0.002556096634823502,0.4003832462327146,0.792377164707145,0.4043375747031826,1.1486546099769355,0.7647883995612736
1803,0.013762430260562931,0.38580388405232896,0.8074282563568915,0.4216994756730289,1.1081434130245145,0.7299433184973066
1804,0.02498950165504859,0.3679078860755654,0.8246657331399345,0.4451682111887204,1.0773371261276774,0.7050859016568969
1805,0.04698758787386544,0.34258795102109807,0.8453664397573787,0.46999446789164556,1.0546707438089733,0.684402015978125
1806,0.08764107919202561,0.30164585561021345,0.8711581016493242,0.502599348583111,1.0449578290340595,0.6692756797445323
1807,0.12924661896987297,0.2603476896367017,0.8940287768272283,0.5313277779618453,1.0334998878773343,0.6539609483331189
1808,0.17425177079597384,0.22446774408618167,0.9089092472006449,0.5536356778793007,0.9971198388933145,0.6162783486334448
1809,0.22238009686571722,0.18074356302769284,0.9132050714099091,0.5611481502831975,0.9449445337016066,0.5648906478918887
1810,0.2632768756725397,0.147080570872723,0.9247893668774818,0.5790584710284175,0.8998314228717061,0.5190677831463014
1811,0.2924418621086565,0.11701134704336486,0.9457458456284538,0.6033800157346425,0.858065035187933,0.4776545266015425
1812,0.322622449478575,0.08555700560536911,0.9869800691047483,0.6500205012105498,0.8132583522403343,0.4306899424147937
1813,0.3396137327644009,0.06723429917532356,1.0666421559033996,0.7397019546897423,0.7871599456509891,0.40096404715378964
1814,0.3574827823011256,0.037249683762717783,1.1397827488607126,0.8198627304756354,0.7487818503299737,0.3612761981471323
1815,0.3905713977443177,0.0011580076512914686,1.196910695981714,0.8841284634380209,0.6946676866358704,0.31120966172055686
1816,0.41238039604197235,0.025760407584730666,1.2044134578348198,0.894572390563352,0.6496197743913031,0.27973487828141896
1817,0.43347429912740887,0.04308795960926406,1.1589294831803865,0.8408220721874822,0.6190065456099675,0.2601703452550772
1818,0.44156134540897485,0.0720079897725789,1.094556301445087,0.7768633952606463,0.6183964152899544,0.26521055274443694
1819,0.4637005430482065,0.09382485640642729,1.0547866817347815,0.7398420288555431,0.6138271059640173,0.25932459017138026
1820,0.4782997674762626,0.11145155411192667,1.0461357727303995,0.733771050021014,0.5899842337030365,0.2560893743878585
1821,0.47543292856758057,0.10311288987763181,1.06839243188893,0.7609313195921157,0.5851824628366866,0.24479874892707432
1822,0.4571524155644031,0.05400962319370899,1.1795113332997733,0.8867324688845573,0.5752791002776058,0.21540493482988202
1823,0.4348372401955488,0.028344968135361567,1.1971241542469766,0.895580841530755,0.5383623008817703,0.1748066455665733
1824,0.41723875488818685,0.0068900346661104,1.1827917128035244,0.8659951816447448,0.4673062052712745,0.09649766282257838
1825,0.3880804735897897,0.022038396566764266,1.1519318919838026,0.8265029516713027,0.4176247343107609,0.0550256076030624
1826,0.40134891967807956,0.024180114241840463,1.1204770110440272,0.7871510692504156,0.33898216825788874,0.009768445241342474
1827,0.4057648724570124,0.07655489050722455,0.9931003646806482,0.6466373740337347,0.29421471186058684,0.001966556741848499
1828,0.35235210438378306,0.07116710573396622,0.8521511095132775,0.48804391710852785,0.3016171334046664,0.024246372477827408
1829,0.24727961316806554,0.038707720135664,0.6465257812110121,0.30280697080508673,0.3522341414129179,0.11381358908008589
1830,0.13983424793763014,0.020273643433473012,0.3471717196859125,0.044930903613974706,0.33545567857479536,0.14460539668209418
1831,0.04128281106514758,0.14475818969607723,0.006076836995044942,0.19371648141252387,0.3005268228405895,0.17315673583704966
1832,0.20961094143358186,0.2820148709372638,0.29840587065176777,0.4248414604504,0.33977488814840445,0.24687900147484496
1833,0.4636028541562273,0.5656930557278688,0.4254604408685923,0.5402738279254222,0.39681637021677385,0.3285909649478912
1834,0.5513673330005122,0.6533401537546841,0.563570009737645,0.6283910388366465,0.43022379198066013,0.37352089515148795
1835,0.4606047397403857,0.5703763213873094,0.5852068089614122,0.6606855243739206,0.48981551546135976,0.4282631009033333
1836,0.4159126157642089,0.5339060764231989,0.5255613039204701,0.5947297697052599,0.580426557994986,0.4960544009355378
1837,0.4513461824439604,0.5399680019942961,0.5406070709772796,0.6000049923372185,0.7239393864809915,0.602341252744162
1838,0.4271353862765158,0.47230173047979085,0.563824514891326,0.5924831348511361,0.7123705490336112,0.5876331796497466
1839,0.4717091279036066,0.5432531694502286,0.5361257222163361,0.457264866871817,0.7584152339162213,0.6257119687402446
1840,0.5305587827041939,0.6406241221113468,0.6086371462931253,0.48772387825347474,0.6860344548258597,0.5750863294827614
1841,0.5198193535171559,0.6433307485317344,0.5709874691116199,0.45080603808486563,0.6608263967677764,0.5553214643881313
1842,0.44441621824109356,0.6284210188223782,0.40138827962243184,0.3412818637093496,0.6470059646883382,0.5517174199968338
1843,0.40937819541303794,0.5882835836820811,0.3779178506197391,0.33622848144536166,0.7157747122169025,0.6066436537469642
1844,0.36630798890832766,0.46612429239766145,0.39604750587948495,0.4355984224213697,0.7987082061368214,0.6550511683158284
1845,0.3813300988745236,0.4607009172756097,0.41723576942417057,0.4601297591280745,0.7894518163529409,0.6255585878411444
1846,0.42419736767186167,0.476431189308298,0.5036320148031137,0.4802307340025003,0.8245762526734889,0.6220573046433014
1847,0.43123263411612445,0.48516510724999845,0.5433981037269048,0.5010371339838916,0.9395868398731205,0.690082526223483
1848,0.47766243006594855,0.5689383712858663,0.5696195954405922,0.5399451743988773,0.8959961491295447,0.6605714084035267
1849,0.5227360059527654,0.6379525873404283,0.5093228874945015,0.5219966485176017,0.814527668596352,0.6192685893558252
1850,0.6152827190929318,0.7410272302663827,0.4041867786427725,0.4203913353852499,0.738562137351125,0.6045382638513784
1851,0.6370300241380983,0.7679021160973689,0.3802229949608752,0.4270598217220804,0.6964263676524128,0.5985384733951905
1852,0.6920673716762843,0.7919976163847049,0.4317398315788205,0.48678839520678396,0.696907744926459,0.6056175658369529
1853,0.7872748097949965,0.7646335851662716,0.6257301060231653,0.602997145933227,0.7214467362445847,0.5955107033635068
1854,0.7944323159619314,0.7625927266828199,0.7296634336699087,0.681000292278417,0.7709207063719191,0.6075684595730446
1855,0.6510218283546683,0.6451387791677682,0.8317158554150136,0.8427425660122825,0.9304438131925392,0.6737456182062965
1856,0.4804153708789567,0.47975227893715267,0.9268936940240929,0.946919186745231,0.9004292367361699,0.6352727707351036
1857,0.47559422862740547,0.5026751065412057,1.04884073915331,1.0379817120079993,1.0729263383131853,0.6911403273926757
1858,0.4000569230735422,0.5033670445038007,0.9628964798423545,0.9500154244336438,1.018674490426597,0.6733933869813304
1859,0.30908387796702086,0.42063690649601587,0.8017550996906238,0.720515491660693,1.0550758270285838,0.7287105299521061
1860,0.32488453695842573,0.38919421103789476,0.6052650036812803,0.5111096764617534,0.9628455194665018,0.6016389381259519
1861,0.38374288305305704,0.4567854607977658,0.4969226459488024,0.42195419204577617,0.8118147681103316,0.49567257621832667
1862,0.5445973995795966,0.5756751540215607,0.3620923626479062,0.26431366307809256,0.7215892581309847,0.4488777457209827
1863,0.6049542848261154,0.5989111186273671,0.33179487985890066,0.2343361161787681,0.6781216469202676,0.4393584777391365
1864,0.5899916100744788,0.5482890581768074,0.476160004520843,0.3597409276327653,0.6271232317021481,0.4489947373061489
1865,0.6036154350512357,0.5587537832765066,0.5096712436945178,0.3909537131661161,0.5817523269541037,0.44535045154257674
1866,0.6669370167991587,0.5993299701873426,0.5413950769346696,0.42332241615446947,0.5964270634553306,0.4837108923043488
1867,0.5490308398818621,0.5101396795936944,0.6442637205293009,0.575045343504954,0.6944296383822077,0.5869318905861526
1868,0.5219305686626667,0.5624849012659049,0.6433612984753192,0.5826069366344997,0.7615257385801698,0.6352121542953366
1869,0.5240183713718641,0.5904400774044108,0.557456045016021,0.5593719655238382,0.7489469878752502,0.6485895751279077
1870,0.4919391961474179,0.5797772261812129,0.5153226137246509,0.5702084254664105,0.6978422414267662,0.6537800456216812
1871,0.5596657253650438,0.6679177163850691,0.4465535511554663,0.4896364462120603,0.5835742532549555,0.5571673477207272
1872,0.540383560531741,0.6171056742194475,0.4921287769336246,0.5304896037586609,0.516465784014282,0.5067550100523952
1873,0.552602838273014,0.5858232135767779,0.5427936161524369,0.5535624133364891,0.5641323046982192,0.5703446916780581
1874,0.5529579141809957,0.5758967809833195,0.5164866891385766,0.5550700879723809,0.576447212803493,0.5660186728970983
1875,0.5385853391458558,0.5701040344609974,0.4128681113563551,0.5102631361734707,0.5378036409852864,0.4629431584690532
1876,0.5617600610217375,0.6454570834358434,0.41659306242939564,0.5938852208800888,0.5249725646751803,0.4096904250876731
1877,0.43486727961840627,0.524985155658755,0.2662127048715584,0.4367259329157445,0.473008075834683,0.36197639174621515
1878,0.35429055492057604,0.45084640542134957,0.18399226126532375,0.3385191064454909,0.3821499718266799,0.2662064720765453
1879,0.3922174597428612,0.46552724670775925,0.15599818777052077,0.3104541615282649,0.43618706356622455,0.3156075008470156
1880,0.3354388278148035,0.36238362245482547,0.06512909373132905,0.2089383902972965,0.4273945153573046,0.332591325244113
1881,0.28299303728166253,0.2757915876193738,0.007938049851725588,0.14375887117877567,0.41765930545905905,0.307285817070513
1882,0.2931823956350915,0.2780287749483102,0.0886130377718591,0.06920813344113333,0.3708437706667522,0.25582016680551356
1883,0.2532228275847767,0.2754929750205283,0.19340250506486797,0.004296337400095961,0.3513026635148702,0.24453426797229574
1884,0.19685677219664752,0.256101172391037,0.20473054982986533,0.08036234806017181,0.31681977097349456,0.17424230932490742
1885,0.132674350076388,0.2021011763573064,0.2438798323365548,0.13800831657460752,0.24542278618762572,0.0898354051594055
1886,0.0946824853778709,0.17774098097733504,0.29068946266248435,0.1928147668970579,0.14319807028727458,0.023603950796528824
1887,0.01908450221316101,0.115948728736789,0.37746319155332986,0.1909411663020121,0.0378257718891927,0.08465795327464679
1888,0.0958914776416011,0.04923149043960093,0.3909164693256274,0.17522649160338197,0.10097314183117563,0.19644545112873477
1889,0.15060505395459292,0.008859550402641678,0.476699293838407,0.2084353204258873,0.16843333234900648,0.24754026525999692
1890,0.15899845539055452,0.005479589207865944,0.5445688896042474,0.24164528302929245,0.19811877204393802,0.27871466185130894
1891,0.14847992025831497,0.01986004151123892,0.4946703482646416,0.26363828072428713,0.20948743006828088,0.33587568543886687
1892,0.1467116566849621,0.03348547012052366,0.5791629902256049,0.4120396993056928,0.24675775511441264,0.3825231541380072
1893,0.16987600327090918,0.10088113713144856,0.6798162386575848,0.551572810563381,0.26801047008515866,0.3887215635189287
1894,0.11220094753102634,0.01447124151857465,0.5708541982578611,0.43954557781746273,0.21092075558447268,0.36127776665544586
1895,0.09851632351605584,0.03176942025249767,0.5918186616748781,0.44807198057352465,0.17275603508260506,0.32016110155699706
1896,0.1980521843446906,0.07917516015958878,0.7113386666837229,0.6075472219771351,0.1426509008894899,0.24654941480019446
1897,0.23578101540906923,0.10119511740886689,0.601409828302587,0.5319944179137289,0.0180893642527593,0.09317854141557663
1898,0.11618738612399854,0.03791611045444477,0.41448048489638534,0.3230047504656037,0.21891570120651882,0.040689011519422856
1899,0.015058556424040942,0.12000148292125576,0.244108521073149,0.1183407571470468,0.4232636583565719,0.2617436459454922
1900,0.2012298803729044,0.26458832834517676,0.08071744475625069,0.12129570702215083,0.7844586700643704,0.6538788698868891
1901,0.5194498578663379,0.5217667116052367,0.5730342374053911,0.4839542970486587,0.8569165987094134,0.8144588202498237
1902,0.7308918522837647,0.7619447427206216,0.8856928500756375,0.8062748565902849,1.035501482426435,1.023992125648816
1903,0.7733352280127328,0.8272465290236726,0.6961046793441503,0.6951124787253268,0.9701313310591663,0.9454478260180769
1904,0.7087358137266434,0.7643794201474887,0.6618480491240974,0.6585762408547671,0.7989770221157723,0.7771985145128022
1905,0.5923128984124808,0.6604553525269763,0.6642246237616746,0.6508723969129228,0.7224482236233511,0.7161018269430466
1906,0.6160402162588885,0.6795133268442471,0.6622348692242981,0.6531659633160082,0.8202348443372474,0.8200437924100891
1907,0.6523146184109004,0.7169701116320193,0.5810234467696442,0.6477515463749358,0.8234153616189677,0.8039314230066612
1908,0.4613570161410938,0.44513631967741096,0.06757999540179682,0.3243837530930892,0.5396592033528893,0.42291300536519594
1909,0.2503889152977266,0.4008864215384486,0.039805907648207274,0.2781839547638964,0.46778548072701165,0.39289477377314797
1910,0.6409094567122975,0.5558786488784353,0.6015975609280727,0.4801933778632265,0.7140092465642379,0.6461405761339317
1911,0.4841822182950272,0.36584942650377494,0.488180701301956,0.3239825676408232,0.5643898508606011,0.5295535011298204
1912,0.5570211682854143,0.5048575743790246,0.6027389550646209,0.5374369532144212,0.7350748847761317,0.6650737650262692
1913,0.5686340125096183,0.5605298470915331,0.3539353632672023,0.3888049624855734,0.8535698962239825,0.7818612194026148
1914,0.49118513190404156,0.5084832073964941,0.22499601042079753,0.2768433261630531,1.0425243800932587,0.9470141546078396
1915,0.55231288574493,0.5610797386233171,0.19158916198156878,0.2200651975789574,0.9876360648704325,0.900814509047618
1916,0.4918267088851439,0.5188305180638159,0.13749658163657089,0.16890958221583072,0.7645180348738021,0.689752214091492
1917,0.44582369044951164,0.4980884811190043,0.14173877241831317,0.1924271210428451,0.6630736190681146,0.601662278183981
1918,0.3995817916539452,0.47067469913059823,0.22594933980798557,0.3038555817768057,0.6139171372151997,0.5682803640792651
1919,0.43135934079934785,0.506778528992874,0.289407995063108,0.3816209032470957,0.5754818484391541,0.53721734462414
1920,0.46261946895123285,0.533451633863316,0.34082939857437683,0.4369561578920907,0.5700800046832963,0.5300050318564022
1921,0.4797442945653287,0.5372176850228765,0.41500959847062,0.5133337325600424,0.48908022648820554,0.44890672515564495
1922,0.5247212516254995,0.5801449228804849,0.43753789370092067,0.5440853359900136,0.47021385051380565,0.42474656806135613
1923,0.4855858817430395,0.5331349305965848,0.40971956134697607,0.5123825240271423,0.44303731932200874,0.3904566147770913
1924,0.41106685570287893,0.453448888066767,0.39994224829573,0.49557323874392417,0.39215859033015726,0.3398246906315518
1925,0.37208731000940803,0.4183394810353725,0.42947567816477444,0.5375717131958523,0.4016067243619016,0.35348818041769164
1926,0.3657551389407069,0.42506776826502296,0.40721979697511945,0.5215796951250921,0.4414811882315011,0.3920299315274391
1927,0.34623718033624457,0.41998811375864264,0.3688771300726719,0.4960674287353161,0.4993965125314632,0.4475968833777507
1928,0.3213869656489428,0.3937189208949731,0.31224474489561727,0.4516985995409331,0.4881790275094646,0.44137767875319756
1929,0.3310429819605384,0.39642986753339143,0.27869655776573976,0.4310404208082397,0.4546765220271003,0.41515167046209867
1930,0.3880566523716951,0.45983129606968864,0.26181260355881647,0.4191280192524889,0.3825820729645448,0.34313859124803886
1931,0.43386237504204084,0.5127780427554155,0.2327148541668945,0.386915910919399,0.3446565511002281,0.3017947841187376
1932,0.4924812184546489,0.5684890731533252,0.20389681821443473,0.35270577478414583,0.27341456465300146,0.22959275152724817
1933,0.5706233748926095,0.6511258070129875,0.22982358217145007,0.39198833137902506,0.2649019325224662,0.210806628150081
1934,0.5752709998146225,0.6604946284097841,0.2580746081035977,0.4307602104201376,0.29010145664909137,0.22542531977005903
1935,0.5527623961157975,0.6483923078513124,0.28905469830837294,0.4744273108055384,0.2493189556912008,0.18750786694229843
1936,0.4776511259075897,0.5892741486901185,0.26923232135528613,0.4522075025019511,0.20178089118610526,0.14409666610797944
1937,0.34297814480282485,0.4528815533886553,0.2208270471812586,0.41001780933472004,0.17708598903003905,0.11901348841159881
1938,0.2473720814023285,0.35976703247355785,0.17597458951410802,0.3693056030543281,0.1514457490577439,0.09676831179546318
1939,0.19444354319695056,0.3182033295509661,0.13694518858757787,0.3379547766545723,0.1395829604220374,0.09011578530615068
1940,0.15609326516106806,0.28780241241198734,0.11663307561785616,0.3330776822218892,0.15502907387361298,0.10566295465281651
1941,0.14259289303888292,0.2831415790258797,0.07420869841096939,0.3100373238632727,0.13161953088181674,0.08008371597282554
1942,0.14945481241792685,0.2982116143221235,0.02395148212907172,0.2900553204330546,0.09851497349374673,0.0419064353564607
1943,0.1733078216977461,0.33751605339828195,0.047773129542588284,0.22989081367925338,0.06202836791494132,0.0014903381283958414
1944,0.18485399163723565,0.3493412589614891,0.13386488236011018,0.16219234340606012,0.05978623139137245,0.011779462963998406
1945,0.21144685003474067,0.3720727836289798,0.23561656419339283,0.06021470540236151,0.04717977744176944,0.028456764807480092
1946,0.23475278949905695,0.4040193632412662,0.314139214518945,0.03490826006274432,0.04456458578435299,0.030419856850809637
1947,0.199647791676855,0.3742333114052101,0.358934499586935,0.09066592732836132,0.04604458190756647,0.023430389909144752
1948,0.14658525306461032,0.32099269102415884,0.35774393210068123,0.10367440736528889,0.03391243719788925,0.02916705023803774
1949,0.08601597716588702,0.2515197544242756,0.3329698627844948,0.09455436726124379,0.028703991374689344,0.03167929451053035
1950,0.05445636475518262,0.20651284928139052,0.3155780066779386,0.08908734228121057,0.01558621127917653,0.04506000316808328
1951,0.07319652965946648,0.22557585275692313,0.28702393624377076,0.06836760632465437,0.01146620920748147,0.05240210889054298
1952,0.08442592974565177,0.24105648725476597,0.2648393412281083,0.040760088833351096,0.009345987867648632,0.05768896379229913
1953,0.11656884786656126,0.28742691786407804,0.24672560981682307,0.004905588792572756,0.010271463886367719,0.05934724846634177
1954,0.1387955046346377,0.317505279123784,0.23334139660517633,0.024069087810151185,0.013472423096302266,0.05551517457093797
1955,0.15662130178077763,0.33624492029611913,0.20180980473347276,0.07006963401959439,0.04879742983554476,0.017910545554417196
1956,0.160543470072632,0.3359918315028854,0.1817049309541654,0.11037230301069215,0.09418503816886185,0.03064678372945142
1957,0.16806499815616105,0.34637926109772793,0.17579819562312327,0.12392731734426014,0.13611795079463057,0.07546765999133838
1958,0.194393948243916,0.3907905721263546,0.16757174357668825,0.14324295260193667,0.14425219755571883,0.08463549270274943
1959,0.20505548386068884,0.4177496010896628,0.16857080429299837,0.16830385179091303,0.14543329412320735,0.08601965241225447
1960,0.21074684681890565,0.42928551496506123,0.17523160115990147,0.1755567120166899,0.14562346033702198,0.0869537627790576
1961,0.23140403128320336,0.4577927034067996,0.1922822735421716,0.17691463498496346,0.13955826702562815,0.08185862408348664
1962,0.23420824330744058,0.46380591390756526,0.2246654170796579,0.1554294130019354,0.1480886996249052,0.09127662096248867
1963,0.236875778068662,0.47388354985339187,0.25257886001111135,0.1280915804823786,0.15458750264318058,0.09883511775397007
1964,0.2233601743305009,0.46934678769409377,0.2749760359885977,0.09642621141733208,0.1591347490091328,0.10424025122522644
1965,0.22961998149060203,0.4874827884659265,0.30318839396918057,0.061383102878553066,0.15145206261555,0.09761141682605345
1966,0.24764092793430628,0.5148481476933167,0.3488482518599931,0.01789209717251027,0.14015509603588358,0.0867260339856204
1967,0.25953067284264686,0.5420171112684722,0.38849744907223155,0.008049200826192832,0.12987187436226041,0.07667165862958587
1968,0.28265460951596816,0.5716525074919054,0.41896224984461783,0.029402788373489683,0.11714450722717672,0.0644150485288181
1969,0.28330301389330115,0.5674174294617704,0.4336062546367439,0.03985779500313497,0.11254810796510938,0.06014294699708824
1970,0.24724201268524726,0.5219570725379394,0.4353043749802914,0.03714407339498169,0.11560875641441475,0.06341417400753445
1971,0.23407537134618528,0.5120143377760147,0.45044517336487966,0.06044624645240568,0.12226068392585332,0.06978935555113516
1972,0.2103395290225098,0.4898570567560207,0.4597667022542464,0.0736598512265649,0.13087328496782843,0.07798332365453849
1973,0.16935652706864,0.4465654747814336,0.4742721105464685,0.09137950900046199,0.13768359374352146,0.0846779718884711
1974,0.14998137730657596,0.42634783516730457,0.4959032231652396,0.12302737085271895,0.14210707644036108,0.08879641371198746
1975,0.1342444001086972,0.40721709675824497,0.49928881221882354,0.12727868597112676,0.1390081351433867,0.08566331774207116
1976,0.12631014898191315,0.39834976838414676,0.5007539425528428,0.1293251158502094,0.13620706565479568,0.08265496885983618
1977,0.12218886008672752,0.3936679026554152,0.5013353111126148,0.1269329865480997,0.1344974476624114,0.08056121460775711
1978,0.12220824507273395,0.3947512274347482,0.49762739266090794,0.11979921042492776,0.13479666723589065,0.08014633525371742
1979,0.1295220654713957,0.40517907126889197,0.48166692546018536,0.10031415619412125,0.13677936112623235,0.08132630046815031
1980,0.13375204171983332,0.41310910697975883,0.46451779259722115,0.08470144640560286,0.1445286050401101,0.08831691482025542
1981,0.133762116092792,0.4149584411341062,0.4549111847861854,0.08002979191924375,0.15178080638145786,0.09472103053886108
1982,0.14290633730082114,0.4297363437322299,0.44581851421398144,0.07495108263357084,0.15829328384248262,0.10029982395933852
1983,0.14133502335698223,0.4302681721774914,0.4472120510357056,0.07855134472731341,0.1638053146565656,0.10498398010796851
1984,0.14269374955148137,0.43208950893098363,0.45325198847580844,0.08413211679434142,0.1674063873310102,0.10770055075679225
1985,0.14424580412517185,0.4343162177055484,0.45899263846360616,0.08684311588418189,0.16929503973398666,0.10845145489632528
1986,0.13338189971137668,0.4198611785908698,0.46782066128572675,0.09159562438016276,0.17161474270633068,0.10978215930810956
1987,0.13145475959931074,0.4169213114948321,0.475103409129584,0.09586240951764537,0.17451425716118368,0.11181701732197191
1988,0.13950431413933395,0.42490838341118814,0.4743214035470574,0.08936575739841304,0.17941351433418018,0.1158688576098327
1989,0.15481509393405016,0.439409146271604,0.46637172691203344,0.07967314399402646,0.18319966854372066,0.11898657651255212
1990,0.17662810941363624,0.46360406130696497,0.4546097229598376,0.07023781742815571,0.1891827075297443,0.12406108173676451
1991,0.19810530941321414,0.4878053865383201,0.43702726082596816,0.05287722737860778,0.19498497233730275,0.1284949405800858
1992,0.22143239414244686,0.5148502614361247,0.41543554299607727,0.031507288161545695,0.20206551776497195,0.133935876806282
1993,0.2350418812280172,0.5288911034638246,0.39805943737012994,0.014495839870887074,0.2086208444621832,0.13873659958820592
1994,0.23460746784587905,0.5230376774312528,0.3906380666404996,0.00602558564792381,0.21640883372618397,0.1450658551764875
1995,0.23181180989444236,0.5204046445306478,0.3952505443193118,0.006314133731346086,0.22584338405558493,0.15282425210727593
1996,0.22212345364433475,0.5110205861828059,0.4024325018625844,0.007646739389582255,0.23371231149492686,0.15932373167392735
1997,0.21598076707243916,0.5024249847069346,0.4145015903190608,0.016471004110156215,0.24088970237790464,0.16553909923157292
1998,0.23330086374345022,0.5235217933421187,0.42429567909582355,0.01983118749910037,0.2487477368653972,0.1730705948449821
1999,0.2563434232170865,0.5413243954404724,0.4087931859223439,0.01008531446954292,0.25268507915915467,0.17766731195468696
2000,0.2998163991668339,0.5772793372742376,0.3737946167182927,0.008725820594849028,0.25659523572138576,0.1821536381597548
2001,0.37212481191755886,0.6337325601310391,0.32799123060139357,0.03311029115398437,0.2662526289428526,0.19143939218312003
2002,0.3997489156947631,0.6388662478227218,0.2699934699388596,0.07041892010523851,0.273464143992588,0.19715716890924234
2003,0.3935694423134281,0.6065701891009098,0.22161019296493722,0.10383656053065261,0.2813921563670094,0.20285934710178738
2004,0.39307263219896965,0.5958326418145958,0.19389074140343182,0.13257153455138262,0.29895495493702506,0.21989573007892665
2005,0.37241268391422694,0.5712896378682625,0.19462786867253337,0.14326905109141594,0.31395557715341177,0.2351439784084376
2006,0.3340989247925408,0.5351754186191711,0.20106746909491782,0.14482769630088405,0.32792073607199523,0.25022763298643474
2007,0.3089412346885861,0.5245287025838314,0.20385177948946925,0.14851476250198614,0.349641118104942,0.2717357467866246
2008,0.28174628757168213,0.5163042411196611,0.22641722719588783,0.12019816917019338,0.3677458971502464,0.28841360892453693
2009,0.2613089493983357,0.5144031497842695,0.24159520113072197,0.11090013007253478,0.3662597925638683,0.28609635454169224
2010,0.23322089245305508,0.4921627332192113,0.26021031640133635,0.10383577233684914,0.36170385992308196,0.2809898306775757
2011,0.22481746449513607,0.4905967647561991,0.2992547463416998,0.06417786008370782,0.34567986800074396,0.26576699065053755
2012,0.2218519922900445,0.48955167393704135,0.3144484992894186,0.05332190104861427,0.31416007785885497,0.23523097603140006
2013,0.21835058979783178,0.48616564397143774,0.32594455098792324,0.04372832968388008,0.2954809696873873,0.2171553751348442
2014,0.21761332494590668,0.4888453970070784,0.3373876272754821,0.03650191384017234,0.2861867418708352,0.2092849336558944
2015,0.21497395323123558,0.49297732279139944,0.36759486884466835,0.017630928965090536,0.28088654433786653,0.20556121028333446
2016,0.20610352283914574,0.49366213912062457,0.4018060566246877,0.004050077460055071,0.2804337768014392,0.20644712071622023
2017,0.18807764730349227,0.48112450186521644,0.43027376309109133,0.02577195835822016,0.2878347731909103,0.21388721655001047
2018,0.16261721881309993,0.45591643842302454,0.4578500949313358,0.05743079840051596,0.30300955583639516,0.22761821520380493
2019,0.1292567381082155,0.41450177880536043,0.477298479197144,0.0848349025923841,0.3126242928757588,0.23464943396341995
2020,0.1153973856634318,0.397472283290728,0.4985630395415634,0.11143836944875232,0.31271359979532676,0.23189507752725194
2021,0.11310126038447249,0.3958105586128456,0.5101758046280932,0.13354634481859767,0.31796730520012484,0.23450786256557915
2022,0.12392538770521505,0.4112557573987856,0.5201237892283402,0.14926374293470798,0.31793526443204434,0.23290360449540265
2023,0.13770171517233754,0.43175911101571024,0.5245555353382153,0.1529302044781573,0.3148140482565617,0.2295959205907735
2024,0.14530153232375143,0.44436931970925575,0.5193361127640239,0.14635891903616166,0.316598773509693,0.23153451109983705
2025,0.15040944025374708,0.45470400868265426,0.5220175665092562,0.14425563434136246,0.31490019932034274,0.23036686739138892
2026,0.1574372369154111,0.4669286407023275,0.5311064388818499,0.14562507389978968,0.31895350168001707,0.23442541675153994
2027,0.16273143410077076,0.47774435106508123,0.5381512118316496,0.15021597884138205,0.32688995959670014,0.24178426557768976
2028,0.17622052670295316,0.4930696207585546,0.5390330413462293,0.14741387776958345,0.3354573109040298,0.2496301940622063
2029,0.19935318346227496,0.5149348748075304,0.5330105138480921,0.13985865353242988,0.3471924747698339,0.2601950323548475
2030,0.21101656456402137,0.5258424325198258,0.5266221440230752,0.13447663254762773,0.35552080301442485,0.2670293776407727
2031,0.21690354454471633,0.531027659061066,0.522050573658407,0.12783389197818287,0.359498022371435,0.26935469936637185
2032,0.21450185880665645,0.527959543415517,0.5205687897516689,0.12395556041288397,0.36205246053274276,0.27037448596257896
2033,0.21104251073936522,0.5267166643977865,0.5194122781426407,0.12379013662959427,0.3657313170689709,0.27314267656607244
2034,0.20567747720104765,0.5227113194646185,0.5178932878510469,0.12228041258158397,0.3695434186415522,0.2764794248435138
2035,0.20640440850495836,0.520861234650499,0.5062073610674817,0.10932347996548342,0.3743717672011734,0.2810417180793955
2036,0.21738402672908383,0.5312134834133948,0.49449753533645024,0.100563594865462,0.3761269751989586,0.28274641086917474
2037,0.22651268286949994,0.537328604251323,0.4794581331193163,0.08721879461512443,0.375429309898736,0.2818611990799792
2038,0.23472147101484853,0.5431566085036822,0.46779686592460296,0.07528203357521022,0.3772404009855213,0.2833113822172619
2039,0.23330736330651827,0.5408442458555346,0.4641351357507509,0.07322108179377385,0.3833942688439527,0.28900093986221015
2040,0.22368972220619046,0.530988251737272,0.46986705862240014,0.08007294213050759,0.3938398551045851,0.2989211801713703
2041,0.21490467966585766,0.5219800865645289,0.4739760329021415,0.08256309507312762,0.4046551215052991,0.30896579997423973
2042,0.20651013691538042,0.5146540067963218,0.47837735130124076,0.08696611097367322,0.41915971456527357,0.32258608839999586
2043,0.20321379869370138,0.5120492870330299,0.477301188418473,0.0842847250014391,0.42905268667768937,0.3318117785924756
2044,0.21167746016056213,0.52235162882648,0.4662700499023251,0.07223051022925624,0.43224408393793096,0.3343337656208684
2045,0.22222896225803215,0.5355992057694787,0.45679581115834966,0.06585210919897705,0.4363696030305629,0.3378635968768912
2046,0.2369529531016359,0.5548180745356701,0.4466339219974352,0.058592582389553796,0.4401506391993544,0.34110254451914906
2047,0.25331945431463504,0.568320937795178,0.440830742591235,0.05435667082620243,0.44700819805399167,0.34654704975142464
2048,0.270761755595958,0.5849458158007519,0.4418705482598926,0.05921914602206054,0.4584257164918707,0.3559221680426181
2049,0.2810607394426974,0.591732998838865,0.4458409466894844,0.061779715775208355,0.4679788795690947,0.36433587584026644
2050,0.284665985256753,0.5889207189410284,0.45274433529280744,0.0670477369735929,0.4711934747349322,0.3674811200339178
2051,0.2849374760276589,0.5869205034465966,0.45954817790411745,0.07210075893162754,0.47235589014864554,0.3690485505429019
2052,0.2779825838980178,0.5782666739690823,0.46193367385698664,0.06766832085422991,0.4708851428390701,0.3681999393647664
2053,0.26725000350236716,0.5695624846488982,0.45843328253282584,0.06038396520396474,0.46887217136027864,0.36632056199817836
2054,0.26150255969907205,0.5670075801021756,0.4548939233937123,0.05511065078236015,0.47089742812194524,0.36826238588516674
2055,0.2612422703946354,0.5707665734451424,0.45386073190293036,0.05222059332845355,0.48093801152359916,0.37813824768756205
2056,0.259432481218176,0.5725309850213753,0.4542871464272494,0.05373549971327546,0.48857638580715124,0.3856915613529924
2057,0.2654797934205666,0.5879185730677758,0.4577283386857107,0.062468993663441975,0.4946117688409539,0.39102377228815843
2058,0.26545866800434464,0.5904244022021918,0.4577488047065618,0.06168155768168713,0.4986979760055385,0.39414113841808446
2059,0.25233036033389455,0.5728603064389186,0.45647797661123857,0.058803694628832934,0.4997105548393658,0.39408011587937597
2060,0.2435410659554789,0.5654997169862016,0.4545064316759622,0.05006335358944996,0.49933558607894835,0.39251572115119693
2061,0.2404554876239983,0.5641174343556197,0.45049739353917717,0.039866954103833493,0.5022247856036351,0.3948679673655722
2062,0.23551785824094906,0.5535728435660465,0.44756750153345953,0.034615839296713226,0.5099927826029665,0.40174393561771804
2063,0.23778197457781525,0.556464790754283,0.45229154843581837,0.03918805584959399,0.5190177927369247,0.40973756717628645
2064,0.2431617531359582,0.5661999361246249,0.4609126419959135,0.04927001109684026,0.5268426330363164,0.4168407931291801
2065,0.2393706547929761,0.5628833560277425,0.4707054844806037,0.06019252439801757,0.5295645309353201,0.41914762856025656
2066,0.23511508099962147,0.560742092527537,0.47852167085162367,0.07178176850712138,0.528600532629835,0.41854167320203023
2067,0.23287847076710716,0.5612739173910146,0.48661570760079675,0.0800520229276697,0.5271986037896199,0.4172205815088614
2068,0.22295937435476607,0.5495359440450093,0.49535558846676375,0.08867532926078642,0.5228604357082997,0.41314903933003516
2069,0.2181998254479646,0.5440404797289013,0.5048002771757244,0.10111039134407991,0.5169990984352878,0.40643462224498406
2070,0.21393368218834302,0.5399766987750858,0.51241176071207,0.10956033280217589,0.5108457225944218,0.3982717170882999
2071,0.21612490794995387,0.5412780302901642,0.5270743683572856,0.12362891334008454,0.5120321475619872,0.39672841788234137
2072,0.21930410023706015,0.5413798099288203,0.5377327517388536,0.1357473840615665,0.5142480802145729,0.3958880155509528
2073,0.2205185753951369,0.5410582248088653,0.5421678965077988,0.14051519261056314,0.5196434256611457,0.3985078672439698
2074,0.21984701515997146,0.5377948835939506,0.5408832571291246,0.14087585016596937,0.5299281652817273,0.4070233502554781
2075,0.21781441894043993,0.534605023378157,0.5341325111619603,0.13584600744126749,0.5352841492475416,0.4112678109246854
2076,0.21798493436455374,0.5373352378368448,0.5233979197335366,0.12772516395165603,0.5389224608655678,0.41392623666883005
2077,0.21738451973235506,0.5387031813774233,0.516252429182493,0.12453482525927904,0.5402150221282659,0.41479959079084355
2078,0.22105178719591706,0.5421159419996678,0.5120908696691304,0.1218820093775745,0.5428909198311693,0.41731522787708747
2079,0.22799466297734325,0.551012399852951,0.5074267261731396,0.11944756838690988,0.5492897541058998,0.42318072632863024
2080,0.23754540208057623,0.5601829077535414,0.5025307624265525,0.11436532428456671,0.556938054917747,0.4297175196646691
2081,0.2437258772291387,0.5646016546378652,0.5008234636621942,0.1114281307923494,0.5664583718185073,0.43754839258641076
2082,0.24506383388188968,0.5662068693828702,0.4983286096834102,0.10933207540953252,0.5719792796169925,0.4412696985075197
2083,0.24196545575544082,0.5597102527674427,0.4972078952469089,0.10597498519959415,0.5751686539152068,0.4428498789974821
2084,0.2357847223876294,0.5528341673504564,0.5006236566073609,0.10921375205826496,0.5780006575480017,0.44492054361230876
2085,0.2259591540836384,0.5433076406599184,0.5045003668360419,0.11425537748936872,0.5762557126209551,0.4435293881892739
2086,0.21621200228086387,0.5349567847181717,0.5103939149640027,0.11848023523851538,0.5771890846795901,0.44408907371304945
2087,0.20818172156751785,0.5292753365175245,0.517406224262461,0.12047114391993724,0.5808159584683071,0.44676654018240797
2088,0.20332440846184807,0.5265846053304545,0.5217421462114208,0.12324256336646973,0.5826438788768578,0.44767621322751733
2089,0.20238951755830004,0.5300408849975468,0.5246694931667808,0.12649523673711602,0.5851936006767006,0.4488242844592109
2090,0.20430579832864967,0.5325102108696946,0.5261318469330225,0.12851100300612528,0.5877345892768797,0.45015696303587893
2091,0.2082756834939404,0.5327498556023238,0.5271429642174187,0.13169124916628128,0.5909452223886813,0.4515302779835528
2092,0.2136305415575939,0.5383384415788254,0.5328212033582744,0.13909915017503977,0.5950499680813225,0.45395446254827976
2093,0.21713351791662613,0.5424763930081744,0.5391118672890054,0.14462372243034516,0.5995020406754872,0.45655005747498884
2094,0.21916907575810815,0.5463232352194679,0.5445469587744995,0.14907776022431743,0.6028440810381153,0.4577180431755546
2095,0.2193814912431436,0.5521355710302948,0.5493716344169507,0.1528142100792501,0.608538008072442,0.4618291033538866
2096,0.21453430798324818,0.5504180886703685,0.5526318180111975,0.15330669409138997,0.6136002974989733,0.4650145918888554
2097,0.21070734712470074,0.5468495714759553,0.55600487466766,0.15348547275446356,0.617680936930996,0.4675942638729048
2098,0.20782708850636458,0.5449114580333654,0.5596933756339987,0.15366088105151532,0.6217133736660432,0.4711088265746815
2099,0.20510763386157776,0.5433834350591964,0.5629717733356779,0.15663531888159052,0.6262853766521989,0.4748969342836861
2100,0.20346585691723756,0.5436681787150324,0.5661258638621011,0.16243495543195896,0.6298341891964595,0.47732857525792255
2101,0.19964680477338154,0.5386850050950533,0.5655590780935307,0.16600175096208547,0.6326699515860988,0.4795179373325499
2102,0.19843122655417852,0.5355570050128857,0.5651619741396776,0.17115011993673848,0.631865738835262,0.4791710106546705
2103,0.19751553435945954,0.5330804412960566,0.5671920730332608,0.17819822604528865,0.628702324066988,0.4761272701301412
2104,0.1937884558373724,0.5274968013586331,0.5687527806052209,0.18395537585758562,0.6232093740433082,0.4709699555236325
2105,0.19713009105205553,0.5308924686887339,0.5695429523545428,0.18622950881003306,0.6186402835066854,0.4664115438525023
2106,0.20056482666776548,0.5334684998678839,0.5698308416373536,0.185586348428227,0.6168426944122736,0.4639528505301417
2107,0.20272987777288248,0.5381630114350485,0.5689562173179163,0.1816914666718449,0.6191901818512031,0.46500853333365527
2108,0.20721265422785107,0.5439357206205421,0.5685972614811196,0.1758816771244485,0.6281584856273945,0.47240099738855057
2109,0.21260144108343235,0.5479824610119485,0.5638875274580493,0.16776712264980423,0.6410135761343025,0.483132246060687
2110,0.21548618664902203,0.5494134296275802,0.5604662475215016,0.16345644454292568,0.6578429793269391,0.49800859780703344
2111,0.22223163011866126,0.5545999652068807,0.5575886286066553,0.15928944158755698,0.6750337673962058,0.513311477538372
2112,0.2345437671561435,0.5684702692879234,0.5506212898830454,0.15338592250895888,0.6852794613248846,0.5219523686985049
2113,0.2415575228024526,0.5766262521766049,0.5428868769854194,0.14548096743142483,0.6911446322197714,0.5261023790911364
2114,0.2475099388501431,0.5845648438326035,0.5388727735554595,0.13886048906604978,0.6963039957425244,0.5295040332143593
2115,0.25470755489810293,0.5973588060853605,0.5387148405483616,0.13808042847443566,0.7029475594652417,0.534796156957378
2116,0.2557406245772452,0.5997029504269327,0.5425105165381335,0.1400654759658171,0.7092808021708906,0.5401544939389362
2117,0.24998721146446165,0.5929473154361561,0.5473421522480922,0.1421450736828722,0.7178244553592594,0.5480606991656665
2118,0.24532109884273118,0.5850867827057576,0.5494574449368027,0.14361389436122227,0.7201832632257159,0.550297724475785
2119,0.24110629390008315,0.5729023643951479,0.5529128345940799,0.14908120725040744,0.7214823374515623,0.5511966779435472
2120,0.24055027593736392,0.5707760785908044,0.5541070980255524,0.1500888140145393,0.7191870560271739,0.5484111698769832
2121,0.24164103465113965,0.5714828023833092,0.5543926035778584,0.148631187455018,0.7163382130548969,0.5443016718612773
2122,0.24336762251729596,0.5752458484335685,0.5586063309502308,0.15124925461274594,0.7128338794745559,0.5405623984171061
2123,0.2482686568444753,0.5872132978946946,0.5640410703965519,0.1561387986585993,0.7089260156386072,0.5372235929311331
2124,0.25122359730791877,0.5970238873739161,0.5709038030044844,0.16243584791812637,0.7067012865371995,0.5353005585039478
2125,0.2478463963894403,0.5942400147823016,0.5705728041184234,0.16492022507215465,0.7096633792213203,0.5373829428317077
2126,0.24914376805284294,0.5938281807400809,0.5631945310274491,0.1645927257332674,0.7162021034186529,0.5425007364821867
2127,0.24729254108605112,0.589093209342423,0.55507987391155,0.160502862448222,0.7265818470916623,0.5507638632254594
2128,0.24577017075819327,0.5846255778741511,0.5433076173115886,0.1494355287351607,0.7358807726061598,0.5581791749380249
2129,0.24844039380017133,0.5847935963056099,0.5326350097518271,0.13860765284925755,0.7431706219431702,0.564179450721302
2130,0.25183025248685403,0.5871346501595066,0.5271618907779537,0.13107496562024898,0.7496569098637221,0.5689004923887551
2131,0.2539513201142996,0.5909869909036146,0.5266858738993377,0.12975229070484817,0.7513087839761743,0.5690894198830173
2132,0.2531015587997546,0.5907959489097876,0.532046985254128,0.13351647601576183,0.7514011767003593,0.5681143941315786
2133,0.25026984980783074,0.5898820730904073,0.5388191123502141,0.13757269894295823,0.7488989567036746,0.5649375503227501
2134,0.24553613221852094,0.5893459152275882,0.5484322463411567,0.1424840381754771,0.7431123803210967,0.55903158240062
2135,0.24424183321050874,0.5868108600937816,0.5542528927569531,0.14616163178017763,0.7368870350838193,0.5533427208674392
2136,0.24735617851725752,0.5855615857305974,0.5564578789048265,0.1467303258975894,0.7288830752747839,0.5463311830422112
2137,0.2478293425613375,0.5832837909266697,0.5597632948977923,0.14869867159412464,0.7253346374424426,0.5432934331099163
2138,0.24419963140440154,0.5748116024085167,0.5642296668755625,0.15437376058408936,0.7276343136593177,0.5446796275169404
2139,0.24163224399962382,0.571567852479904,0.5677707741595523,0.15860663136738168,0.7319531592969662,0.5472990029236241
2140,0.23521861107995481,0.5692297396049196,0.5723734105376679,0.16249062884717078,0.7391245982910448,0.5525823059420745
2141,0.23071759435785932,0.5673187568834438,0.5733020615376473,0.16585569975124498,0.7423599997556479,0.5546165823828306
2142,0.233267960113524,0.5729288199969249,0.5692766577109504,0.1661561317726593,0.7436532029570069,0.5545851452442645
2143,0.24159950513525383,0.5841470806020433,0.5632577158890808,0.16184794971854127,0.7471521741970744,0.5573570799350663
2144,0.2488786836606622,0.5905362911347917,0.5604965692411676,0.1602505709301483,0.7508733670669749,0.5603729391222613
2145,0.25664027870329104,0.5975095563005562,0.558042632874853,0.16063604684156885,0.7552171262199865,0.5634933862795898
2146,0.2611047418411322,0.6038321090109011,0.5588635318069053,0.1622631079897646,0.7627821222002178,0.5689682545310675
2147,0.2580730185814359,0.6004225684766477,0.5602767005956756,0.16458648925726785,0.7690094482839896,0.5738663883710489
2148,0.25374893610773785,0.598188715388853,0.5629697717448917,0.16601003525541788,0.7747021732246626,0.5792046564707655
2149,0.2464309928464818,0.5961642797085993,0.5662552799924602,0.16608098353824394,0.7785846621500336,0.5828865318949885
2150,0.2372351483315579,0.5874434699859324,0.5712923261570887,0.16894091903262293,0.7774023419314359,0.5828963603139623
2151,0.22627098289583703,0.5722464758892093,0.5794732076172591,0.17439260621115094,0.7712173166785443,0.5788420663361559
2152,0.2195388250267834,0.5649599003347986,0.580055753576723,0.17404353520763924,0.7693082390089335,0.5766306859838409
2153,0.21188574018401257,0.5541368453286886,0.5728485017208442,0.1689332621162692,0.7688212405423895,0.5743705903208643
2154,0.21008303036542383,0.552601411745881,0.5659935749757168,0.163313576152428,0.7734722699521065,0.5764379058993084
2155,0.2180391303206204,0.5666710906762301,0.5566401872218196,0.15528942586303765,0.7855115141424014,0.5845635458888606
2156,0.22708263680920693,0.5754642960525364,0.5527212819792318,0.1549418472515811,0.7939544811057223,0.5909362851307067
2157,0.23917537044742251,0.5873328231115679,0.5562884451875038,0.16076698498795242,0.7965404422320185,0.5926247770285413
2158,0.24779503594279442,0.5964536811164114,0.5585362101165315,0.16501603725423106,0.7953670167310272,0.5902663481096049
2159,0.25147902230080876,0.598944137028107,0.5629129658151094,0.17229949743794948,0.7891699722593283,0.5820992413544895
2160,0.25269832922042473,0.5979583125086171,0.5675294805900649,0.1772430057818461,0.7826416500627403,0.5747950424332149
2161,0.2512606107333712,0.5936414958639206,0.5740033227014336,0.1827510734694786,0.7805049945088467,0.5724468341791454
2162,0.24822744953045933,0.5874399912704885,0.5791719027979353,0.18893191389497438,0.781963561004598,0.5734674188310166
2163,0.2447920151986515,0.5816645995888932,0.5835164211077737,0.19085830906163004,0.7836983124697668,0.5746495321948066
2164,0.23711369560162984,0.5745526786252338,0.584629690807515,0.18824677159789013,0.7908092251700881,0.5807620003011421
2165,0.23479594282664967,0.5767493201045443,0.5836622657466037,0.18482860638282694,0.7953085998525886,0.5841110872531988
2166,0.2342620919068851,0.5787626310329972,0.5827401380405033,0.18078261814613467,0.7978929347649213,0.5861345506298531
2167,0.23416904888849382,0.5794628548214437,0.58233566887882,0.1778777366105559,0.7996796848597658,0.5883451711780747
2168,0.2333477727753354,0.5789421940524643,0.58254005369813,0.1766475223391447,0.7990129346339632,0.5886863228666669
2169,0.2304367785027093,0.5794770495024077,0.5838769585996435,0.17965963452905906,0.8040232254719554,0.5926287728165871
2170,0.23170532165760435,0.5853490205849975,0.5838486210776472,0.18178990641408443,0.8082374071238986,0.595089624376071
2171,0.2305708423144341,0.5846619588728247,0.5831931120634426,0.18253306013546255,0.8082952432796975,0.5931898997591611
2172,0.2286260881271831,0.5816098022449048,0.5809389930766524,0.18392437455653984,0.8112266470706809,0.592660172983658
2173,0.22510477139157928,0.5774077742784429,0.5807670353495358,0.18494264961651918,0.8085322645586032,0.5882517841174104
2174,0.22027701522344809,0.5669259113653055,0.5794701924902093,0.18079550894571242,0.8013229739212587,0.5820230442685388
2175,0.22010463998813362,0.5653546425667659,0.5804558157982158,0.18282257999339174,0.7979843136185056,0.5786861098957632
2176,0.22631729837473066,0.5738298655244073,0.5848132364797899,0.1903135588230247,0.7944347201261105,0.5746785797308304
2177,0.22903623248208171,0.5768857858362421,0.5862282624547978,0.19272233398712763,0.7927145668743889,0.57297571974309
2178,0.23229268229257394,0.5818095204447661,0.5905832418485907,0.19782639414322745,0.794301943329466,0.5723569931573437
2179,0.23159593620628577,0.5800295415495852,0.5961601597150326,0.20297798063618105,0.7986531419037183,0.5734510443336651
2180,0.22332957300442297,0.568103275363086,0.6000522544995764,0.20597889062761462,0.8022395252110915,0.5746916817039849
2181,0.2101937925032824,0.5528292342477162,0.6045429784794443,0.2099455090927426,0.8033879691023051,0.5748965938590329
2182,0.20097596176985735,0.5420789701632964,0.61396159473554,0.22154144859099492,0.8005386966304661,0.5726224469152242
2183,0.19173135923401616,0.5308910833442178,0.6197120514583127,0.2261075838657526,0.7957527068395933,0.5694252891961769
2184,0.18312500640882307,0.5242365814691634,0.6242609676924029,0.22873870861657608,0.787417989175296,0.5630030412822523
2185,0.17831266136443796,0.5207329505113049,0.6276341993321176,0.2338617851219227,0.7827291271697759,0.5593613027983768
2186,0.1803698605168383,0.5233823391465121,0.6259590546071236,0.23290974133406578,0.788312133039596,0.564164883749898
2187,0.18253098953487165,0.5277731064729844,0.6217413906349171,0.23045706952211803,0.7949307586693728,0.5683944550260579
2188,0.18560822870797253,0.5344335926776692,0.6216642265056431,0.2332335070102733,0.7987982880302298,0.570738929699002
2189,0.189084849696472,0.5397020608774098,0.6229991259419942,0.23514938623249643,0.7992598210170643,0.5709454469001661
2190,0.1880319772007018,0.5386444986617501,0.6286575109646481,0.24243289392707604,0.7951619144603757,0.5657611824328058
2191,0.18468581780526186,0.5340406336833575,0.6362966352629899,0.25335484243296674,0.7926142551160164,0.5615451858553032
2192,0.17936412096456486,0.5273564875729454,0.6398078465970976,0.2596812231886384,0.791189599791802,0.558487257096153
2193,0.17321184991819677,0.5177219857474197,0.6384915604713913,0.25974695233201245,0.788950758583599,0.5546034085037441
2194,0.1661373207360294,0.5112614245831173,0.6376284124965192,0.2595494916056793,0.7868855323638653,0.5499723230397859
2195,0.15877749829065763,0.5068285330246816,0.6360512346862969,0.25768906345141873,0.7905929220651483,0.5503042609743964
2196,0.15343708219665286,0.5034871167981333,0.6387640174519937,0.25945428354706307,0.7892926743664409,0.5443802332752424
2197,0.1470943022568165,0.5006117598779096,0.6470066518662216,0.2670168774460166,0.7872518520845844,0.5374993635011232
2198,0.14528327642544236,0.5018278366704916,0.6541299984374969,0.27284441049284824,0.7877058892780021,0.5358446268572794
2199,0.14702178225584425,0.5073350445535844,0.6615873090538537,0.27953826769137086,0.7895222330588999,0.5377387686874284
2200,0.14430884778644004,0.5061872104154761,0.6683138819226172,0.28407654144304156,0.7915896015967406,0.5410252696688186
2201,0.13882082383146283,0.5021410458600114,0.6731806924609969,0.288767504941345,0.7897712983362386,0.5451576522602141
2202,0.1362670384589953,0.49767597379634515,0.676852261936793,0.2894471409600717,0.7960214517117492,0.5525079544396713
2203,0.13403999714382228,0.4911599758193957,0.6710973293543956,0.2831882405194736,0.799733471228268,0.5576762428190615
2204,0.13713139548384742,0.4899412047135575,0.6678433133579005,0.28157638507412835,0.8004071707443127,0.560229505480467
2205,0.14823847818875704,0.4999799698866374,0.6623253487326286,0.27740308013187387,0.804282854792594,0.5638077362853481
2206,0.15747873782053473,0.5104762096477315,0.6546164915810037,0.2708849177742407,0.8078202592426043,0.5661763802938566
2207,0.1644230119790328,0.5159371881529401,0.6485711197231112,0.2634898541809478,0.8078614426732266,0.5649916806913335
2208,0.16712826255987795,0.5184128641703023,0.6401666161101548,0.25172067027086,0.8156323060707356,0.5721352362644515
2209,0.16713783961904188,0.5208882934865561,0.6356943305049304,0.24605957591221275,0.8260455660812996,0.5824917150397999
2210,0.17568549016598206,0.5291949204372596,0.6335929952148125,0.24401442684657218,0.8316630399896972,0.5879008737603642
2211,0.18664235347814462,0.5411838696616426,0.6324457230267045,0.24529990595271497,0.8319453644667458,0.5881410092449796
2212,0.189598726825594,0.5438241009949755,0.6324484017719255,0.24780170908475355,0.8282488840544232,0.5842390069457339
2213,0.19171323191718143,0.5428815737984307,0.6331586379134814,0.24924805463513186,0.8260410948771866,0.5831047047627302
2214,0.18769943680065534,0.5378726494043131,0.6339329795588241,0.25016755347253883,0.8241680005179401,0.5821303809851441
2215,0.1832772776696959,0.5343077481600288,0.6348993805258502,0.25127919306689317,0.8271387913807257,0.5847369462019544
2216,0.17745426985489915,0.5319052377336944,0.6349178214420388,0.2512377824865625,0.833998571399107,0.5906687799586874
2217,0.18073299659724135,0.5370094656690257,0.6380912524205462,0.25458056542354085,0.8345477661932201,0.5907856656971934
2218,0.1882257474162383,0.5484650066293661,0.6386829692997978,0.25545706163824955,0.8289305837185302,0.5846202360460641
2219,0.19517721690266446,0.5538033187943403,0.6437680146120167,0.26129151953683155,0.8191778372849107,0.5759461071362885
2220,0.20578878618207164,0.5594307627731734,0.6532118587847248,0.2706185041293896,0.8086581052845054,0.5660277113955898
2221,0.20457067560011857,0.5561412819660603,0.6561490244305338,0.27295019162968437,0.8023840420254981,0.5591414350263371
2222,0.18991474642802042,0.5356655516814396,0.6583593012451309,0.27433288186551036,0.8018517640727617,0.5571080408018197
2223,0.17846585709524623,0.5241113164573752,0.6614716379829557,0.27880430851209387,0.8043943542516618,0.5565529175694532
2224,0.16306731454735338,0.5126576155655416,0.6574898672008074,0.27948527913309906,0.8054229853589291,0.5549685757950478
2225,0.15141480510757374,0.5029316910886681,0.6552795214920809,0.2810278076937886,0.8058468577176396,0.5539125105398598
2226,0.1479166248399508,0.5036245062706084,0.6558879877985464,0.2862396637600103,0.8040674388250473,0.5515375555855967
2227,0.14676639314315065,0.5047086548355393,0.6539459739493941,0.2868022040471547,0.7983993817812495,0.5461780835560281
2228,0.14310821551964142,0.5009528941336062,0.6560824324851829,0.2871277868896445,0.787277358573601,0.5373145642474815
2229,0.1453464318088656,0.5040794573055746,0.661195529601492,0.2886167116287048,0.7766903729130338,0.52948431262713
2230,0.1472098340716337,0.5087720734284013,0.6630141397987284,0.2895321858527868,0.7651002325578201,0.5192382902624559
2231,0.14745569943143405,0.5099495041028969,0.6654398282567626,0.29256533845788596,0.7590633384591826,0.5133171071939044
2232,0.14772999650746352,0.5093604852847523,0.6699425547249932,0.2974233957720219,0.7597547964036778,0.5135094623035407
2233,0.13796051838247264,0.49758420888202565,0.6749095004215163,0.30511459907651606,0.7633478222674911,0.5141721682701176
2234,0.1248412575842293,0.47813199636486003,0.6822127576701005,0.3126715785780631,0.7737174839358697,0.522563870757729
2235,0.12035382553138226,0.46862824165312,0.6937060953485007,0.3217869523016801,0.7771523361058884,0.5279585033701507
2236,0.11485516488513188,0.4600605153014377,0.7014400197952775,0.32836036555006487,0.7747301716661461,0.5280298754449199
2237,0.11387523206074113,0.45585460227517555,0.7023512828228137,0.3265206603553014,0.7761959837284715,0.5321047091046633
2238,0.11761434523319059,0.45904630622844916,0.7005674798808563,0.322054700823506,0.7712422143559071,0.5310903001299819
2239,0.11943385177383925,0.45891788416517676,0.6930641274772043,0.31392360888773124,0.7644985977492701,0.5263261907980468
2240,0.13310447212077037,0.47629435288858696,0.6869179104502529,0.3085059638562904,0.761866588512644,0.5236310318068808
2241,0.15132349879479653,0.4995431997225275,0.6802655037181096,0.3020433842304121,0.7613016160683386,0.5225583711130547
2242,0.16185167773772993,0.5128564809592814,0.6735677931875199,0.29515174602253724,0.7625620086092605,0.5227404579662976
2243,0.17149839403401895,0.5239468531267252,0.6728729058970587,0.29627360772170724,0.7632609285319645,0.5223286668338399
2244,0.17127905823539866,0.5241252603297532,0.6716856994339897,0.29558683347232767,0.7669307759527092,0.5243701055794066
2245,0.1607368098786713,0.5086703527108297,0.6641266939930853,0.28943447321637394,0.7697762653703035,0.525430043878394
2246,0.15506808604539576,0.500915616970785,0.6631668309985047,0.2905030018156301,0.7714432211186331,0.5259737967821159
2247,0.1526827619457875,0.4993153222918766,0.670094962786526,0.2964441423757012,0.7717001177580797,0.5274894113803152
2248,0.15765263469363042,0.5051102312831182,0.6728168828475071,0.3006476605431006,0.7690112090750124,0.5283316959190577
2249,0.16674201461180785,0.5160899745530075,0.6746207817155534,0.30431143955110507,0.7655401261723697,0.5301991223997626
2250,0.16945798192680703,0.5220482672913567,0.6709772578925277,0.29987991017940213,0.7666191719644191,0.5354276160080406
2251,0.17075320423948878,0.5271063862587307,0.6586871142857832,0.2897701535308777,0.7685061406905109,0.540746071758769
2252,0.16654683381370167,0.5222836195709956,0.6492216299683619,0.27981909492760115,0.7714355331821602,0.5461060548994792
2253,0.15546584296139945,0.5075505987953952,0.6402698123437003,0.2685905619982752,0.7761981948466304,0.551977099305603
2254,0.14965098329891927,0.4994970590032847,0.6307457961848604,0.2584005410311412,0.7755313647555918,0.5514780274808861
2255,0.14902637361381485,0.48926680977095155,0.6273324238722614,0.2523047485488309,0.7646865674631544,0.5428022167796742
2256,0.14925668417298507,0.484648653995532,0.6258939736761017,0.24924189251141135,0.7546726756711076,0.5349147829490217
2257,0.15031785946980514,0.48766972919543927,0.6303893684141977,0.24816610312636153,0.7456990704720753,0.5277215491022049
2258,0.149773560408435,0.4841241955087916,0.6376505782647706,0.24994081761561637,0.7384878663425397,0.5219739945010078
2259,0.15094243188540404,0.48670051806103404,0.6320010183901443,0.24607040206347053,0.7403816645583543,0.5232286036094348
2260,0.15413323863142298,0.49132749971712,0.6227693179396109,0.23818449415163898,0.7417722521550854,0.5228291891465222
2261,0.15765199487304762,0.49230693945627946,0.6150591548067749,0.23574792161588284,0.7369404725128166,0.517344956527349
2262,0.1651581555918581,0.4997010051468749,0.6021010316231716,0.22783879035027862,0.7330115673439282,0.5139611247216352
2263,0.17270709292978745,0.5049944147560266,0.5951472492368481,0.21931650163229918,0.7325756652321275,0.5156171082843594
2264,0.1804173154873377,0.5136107758618942,0.5922936336682953,0.21408262143943727,0.7276004018134182,0.514580613666008
2265,0.18972815018077835,0.5254652982947285,0.5837160407186951,0.200207011065273,0.7248011681176803,0.5163847632680547
2266,0.1920006469325489,0.5287999662123208,0.5773130632242542,0.1890240286925792,0.7245709458681544,0.5199270504884924
2267,0.18703064957187887,0.5293631490214605,0.5743719557069932,0.1858173050062173,0.7156411923041479,0.5130493930394895
2268,0.18256936451273115,0.5253565174277605,0.5795469334999415,0.18958708337940644,0.709858260862846,0.5079999007748442
2269,0.18736972295733986,0.5250341788014432,0.5873147579399987,0.19470533190980438,0.7107842762706774,0.5080681145610058
2270,0.19992934513964233,0.5386492276928747,0.5890942989547733,0.19351628722163677,0.7065579520034989,0.5036082518895026
2271,0.20961571746655944,0.5495872264389106,0.5910772494250076,0.19033489868774026,0.7015423324260247,0.5007923223267412
2272,0.22141334650847336,0.562005320935016,0.5826096401972001,0.1760974466929832,0.6978596451482598,0.5009014885123593
2273,0.2248922939634521,0.565671713773572,0.5770817469519839,0.16837381753583608,0.6980192606688589,0.5029349240988025
2274,0.21989836734098472,0.5631327700015137,0.5716569543196687,0.16406359938233014,0.7045469504162069,0.5097363086054257
2275,0.21217043286083603,0.5533557603096926,0.5635680308314555,0.15718028469451384,0.7077038284387621,0.5106757801498932
2276,0.2046453004404667,0.5391265640056487,0.5508516080843936,0.1477519653993197,0.7146069178116291,0.5124697104474062
2277,0.19786212745495846,0.530024993474073,0.5417613027347606,0.1440249294974576,0.7205351832191497,0.514706739242023
2278,0.1963076900158586,0.5311225739305514,0.5401819891039292,0.14608175970779344,0.7261972414205842,0.5172161973358402
2279,0.20524605500214232,0.5402542014966772,0.5420352620490214,0.1507371982245742,0.7425020511170897,0.5294065855759928
2280,0.20577568596072401,0.5404462797895085,0.5508487956944811,0.1614644050299416,0.7597300498721336,0.5437438643346718
2281,0.2057304297148716,0.5405988967570217,0.5593144358593268,0.1704169306974474,0.7638278796067276,0.5471582152974593
2282,0.2133427404390913,0.5449148105758902,0.558200468040275,0.16870204946153297,0.7623849771944764,0.5451259806236042
2283,0.2166203033954224,0.5485614956162926,0.5622247442978969,0.1692205407986326,0.7589508405583205,0.5425068585134111
2284,0.2238217752601566,0.5552717274450336,0.5705330453077624,0.1729216504071807,0.7485412907508228,0.5366990605833871
2285,0.2341860211682267,0.5733065004352563,0.5613376388222654,0.16287569010885636,0.7290103591137358,0.5222830806141553
2286,0.23890581223210242,0.5776512074560247,0.5535783950363187,0.1528724911563795,0.7098681366959398,0.508911461492561
2287,0.2393892035660448,0.5770298930837017,0.5475528136378777,0.14633407304549256,0.6972976810670519,0.5018982594173657
2288,0.23370902408488592,0.5751689228406821,0.5349884156452435,0.1349890762556141,0.6855697850474307,0.49355029539089534
2289,0.2231718504353478,0.5623666644883701,0.5330405175586658,0.13182010254011753,0.6865580982802033,0.4967973398266006
2290,0.22042030768909154,0.5631727185016322,0.5304383800703293,0.12924597671463287,0.693134686857725,0.5048730354103474
2291,0.21727817518660503,0.5643822247919453,0.5257760749582766,0.1274627013525492,0.6974834303340754,0.5094701353374764
2292,0.21398608115883763,0.5552899879822415,0.5155415516050844,0.12062950470721064,0.7079667240580145,0.5196670370804574
2293,0.2229205023749738,0.5558802090073441,0.5091928290325963,0.12007827218044538,0.7198043514201284,0.5288743769175038
2294,0.23840016421657154,0.564478507990125,0.5217955733416352,0.13526656239357907,0.720917855804653,0.5273741276823287
2295,0.25692854041854946,0.5802870596368161,0.5353227661061074,0.1424839272506422,0.7280330335995823,0.5339545379573443
2296,0.2766896389334036,0.596947171979488,0.553847214185237,0.15335879064137842,0.7314214256588042,0.5391253018857195
2297,0.28551810126727734,0.6041943991637831,0.5685391316303257,0.15991498666706047,0.7171608480676902,0.5283256419289797
2298,0.2733175139071456,0.5896441757542827,0.5653569424566849,0.14850624705521362,0.7084759732057402,0.5229241958566778
2299,0.25812277562327146,0.5745736053052588,0.5549497489747659,0.13603517172149998,0.7009842708684064,0.5178376866846972
2300,0.2572075106572836,0.5803312032629269,0.5372856444902036,0.11917879466170833,0.6899178529476967,0.5081854199191304
2301,0.26346041994832486,0.5853574446441313,0.5279907891398137,0.11366654414522609,0.6854051796738073,0.5029010900910554
2302,0.27959762900581914,0.6033308060832713,0.524397953980974,0.11578898444821627,0.6854201232369465,0.5030109129026379
2303,0.2960314367212928,0.6228067753297389,0.5131458988838751,0.10791874167500745,0.6810596741625284,0.49975433583864065
2304,0.2989673154746904,0.6261728902024537,0.5065593065305596,0.10056273122427448,0.6730633593879829,0.4929750534074987
2305,0.2852518226487854,0.6232108270723757,0.494693640917996,0.09298230124334483,0.6697988052540843,0.4929011021686566
2306,0.26938710249831255,0.6149755517114815,0.4914046264119853,0.09326242908732826,0.666771922678689,0.49267900623474364
2307,0.2597044522614422,0.6020733382438739,0.4984465832122771,0.09653999594514422,0.6583935333130614,0.48599572912877365
2308,0.250846312607122,0.5913798035791646,0.5023066496179243,0.10461799606297333,0.6517018666612302,0.4804761008100195
2309,0.2531085914108379,0.590208770033778,0.5110044387743614,0.11653236966153006,0.6486029481657334,0.4759940549509958
2310,0.2588363523280482,0.5951401172133622,0.514711078559043,0.11690139301962787,0.6479808499255453,0.4726042154150752
2311,0.25908958739020654,0.5930300475497358,0.5214410805133199,0.12646976679477798,0.649300410668015,0.4713372632665931
2312,0.2559978031984003,0.5850275229899077,0.5221826724236253,0.12728580999053124,0.6498223731775206,0.46954019816377657
2313,0.2388446985087731,0.5531204616591731,0.5155787419971299,0.11672464916299206,0.6425348577019566,0.4618725313488395
2314,0.2313501616511548,0.5445303974104342,0.5135163530883468,0.11077277181369359,0.6312996343012217,0.45051166646629603
2315,0.23981941344116922,0.5572759259135993,0.5020080161687915,0.09704474612810651,0.6131779704568884,0.43306851802469115
2316,0.24645346967793785,0.5682230082342659,0.4985939888118511,0.09243785303784259,0.606325226986629,0.4293328872881008
2317,0.25815490784786693,0.5980023128774473,0.5004183310579762,0.09247172523880277,0.6097632897046779,0.4370173708339097
2318,0.2652114269177992,0.6093564002899773,0.5099461422010594,0.10096075833043555,0.6192331769858019,0.4503514152322243
2319,0.25583855901157854,0.5965512913327303,0.5326910411001498,0.12096442025199408,0.6473776248403069,0.4829822219479542
2320,0.2474242070294111,0.5895501270682403,0.5376921012638536,0.12444141952247446,0.6519126421736137,0.4892928758717471
2321,0.23922403361230554,0.5762729289258908,0.5293797390179055,0.11831522417121011,0.6397067238815919,0.47774131609172144
2322,0.23547385134097074,0.573300418584367,0.5301275662171396,0.11817591970971901,0.6247355520579185,0.4625334985144473
2323,0.25888845601249333,0.6043747516451404,0.5352465599328436,0.12109850678962544,0.5913370520073378,0.426937837439788
2324,0.269288786076948,0.6085861105524433,0.5281176627022239,0.11462936773200083,0.5831577997466421,0.41725171866822813
2325,0.2700250043800227,0.5946046299693675,0.5182716264797311,0.11063661327182331,0.589958098516643,0.4221769591638234
2326,0.29014181699961245,0.6172933800668039,0.5022204476421562,0.09937991015343786,0.6028860686902608,0.433647454346935
2327,0.2866573434258405,0.6104327921145116,0.47021124028394307,0.07630512923360351,0.6193704660541763,0.45046972098785787
2328,0.26448846621440675,0.5847061406338673,0.43503219140005506,0.03932700384693185,0.6323346433380449,0.46684308971464844
2329,0.27324416421875897,0.605470519395387,0.42116390819460187,0.023692427843102354,0.6326965716554542,0.4700322068732557
2330,0.2695646896881302,0.591153902171286,0.4313378244002358,0.035058229680003265,0.6261022846766898,0.46424781580340235
2331,0.25621797617381725,0.563520440469414,0.44170076408121833,0.04500840407446009,0.6139015575540165,0.45347163550112046
2332,0.2657954964009968,0.5725475170360361,0.45061962216836715,0.06544531190999515,0.6071977296315572,0.44858154887663354
2333,0.26945886657891294,0.5719400803938279,0.4458610668533754,0.07309123248606897,0.6047667413776806,0.44604066380087853
2334,0.2891121440695611,0.5942467257515377,0.44647658917388355,0.07250885045704247,0.6084205468746136,0.4505534119498635
2335,0.32605632325812633,0.6499454267430597,0.4616259321421785,0.08817633468214287,0.6163892750581511,0.46093872592596824
2336,0.3180704141434228,0.628473348136142,0.47057710146799364,0.09768925936659409,0.6098245006916209,0.4539759078014976
2337,0.2898135703200723,0.5887887630054783,0.4908997576058456,0.10787742285138614,0.5942655034460206,0.4392999392267999
2338,0.24886510767447348,0.553294586792747,0.494966674661642,0.1088972438609527,0.5665016602160301,0.414954981649862
2339,0.21639227109629788,0.5117401402110145,0.4695119428652829,0.08608598667428849,0.5455853219301794,0.39664788800132345
2340,0.20526314801479942,0.5099724255791579,0.44317385984583657,0.056294035870766576,0.5347921074183767,0.38819398489681856
2341,0.23569758966833648,0.5650028793639776,0.4169924506696287,0.022801303534439765,0.5259585752174211,0.381124280948655
2342,0.28088314155706956,0.6113251632553017,0.4017722728436104,0.005972045815627254,0.5369847782505358,0.3926488289601796
2343,0.29490245996803843,0.6255453564556163,0.39326067438222667,0.018026798318463044,0.5335034243661608,0.38899302003341407
2344,0.3230738425655069,0.6532453628265297,0.3793163327932793,0.03302692976419884,0.5325879688813769,0.3885993172569426
2345,0.3372648461412011,0.6646562463580682,0.37191286247176797,0.04277892365105719,0.5394206316822932,0.39437194442139756
2346,0.34625711276673504,0.6611372340946354,0.37377153266859287,0.03006846853003653,0.5241031407252158,0.3787483724435814
2347,0.38647734923119664,0.699598566850444,0.3737932308202121,0.031117052351264468,0.5197716931803936,0.37598930248291007
2348,0.416225787801859,0.7428512827980371,0.37966232248913956,0.03886341416422381,0.5062223406365842,0.36220184214114826
2349,0.42747799136127607,0.7626532779272103,0.38866661219629095,0.020428606559506256,0.5012474125095322,0.35665268917127907
2350,0.4127062774245197,0.7387466096323632,0.3744505627990266,0.014447313595490877,0.5352373419006177,0.38963786006012524
2351,0.3774678458307279,0.7029440939623319,0.3484130608389528,0.021364747505430947,0.5566472511042627,0.41021658642587605
2352,0.3386964258319267,0.6640639046648618,0.33467385446686665,0.011042947626385486,0.5750067392500748,0.4290227881114916
2353,0.3158941968946551,0.6351706264160623,0.31373573038373326,0.03392766806472517,0.5861948204965349,0.442243363605739
2354,0.3006454884423027,0.621437783908515,0.3063770605721046,0.044872916769313875,0.5763055677341826,0.4356050477903471
2355,0.3088290726083571,0.6348733474715577,0.3293689170093372,0.02606671782485404,0.5837278996660682,0.44360856418639555
2356,0.34655088778584964,0.6712634621389422,0.32438806702649275,0.05176479508483952,0.586149116442549,0.44595893815426824
2357,0.3744767601860147,0.6882931907641794,0.32913528741958115,0.06395521902937072,0.5779081003301393,0.4384007533372118
2358,0.3811950640294116,0.6817563030582262,0.32270316464325893,0.08089118955145787,0.5625308078135887,0.42430769132192253
2359,0.38411130937585675,0.6768253699274824,0.2935306952143249,0.11233064517754596,0.5382773304642391,0.40198411491157815
2360,0.36121211842226414,0.6416683711597356,0.2962852768627025,0.10623569472655912,0.5313116597235249,0.3977772193092865
2361,0.34517183404989205,0.6240557741492593,0.2938331902007746,0.11356856505384509,0.5427970560010291,0.4095375758776384
2362,0.3735541444651417,0.6622194217471573,0.27549594193491383,0.13198594352050103,0.552833473589185,0.41948255498579673
2363,0.3926856839134334,0.6852405245179529,0.26625408189314315,0.14555422153509112,0.547717636969163,0.41606058537449764
2364,0.4142042852005455,0.7085417802181351,0.26210535835115684,0.1652753075864817,0.5429777206961365,0.4107832109334907
2365,0.4172020435169916,0.6991089342353025,0.2599265311724731,0.17402082984196976,0.532568766930448,0.40230374561835347
2366,0.3524634036180878,0.6116160888475553,0.27935886313529784,0.15407213023576605,0.5143366720338372,0.38809856675683607
2367,0.3114084778678884,0.5475610732856989,0.30630040887576326,0.12853536870617163,0.5359828986317825,0.40708917042565834
2368,0.3254988492657982,0.5585704791833971,0.29832951041875105,0.12857932763359672,0.5541624955410147,0.4252547432081464
2369,0.3582762461355463,0.6055872706414828,0.28020273051427375,0.13575642465878732,0.5675378014414477,0.4397258971199994
2370,0.40110715644871864,0.6531774393245663,0.2882383723028905,0.1287721792846079,0.5933913519410426,0.4609986040879219
2371,0.45434995973355635,0.7252338150099891,0.2824833314394506,0.1483727280862586,0.5827972611530852,0.4491908612595986
2372,0.45769840665184375,0.7451726589782594,0.27462590345570115,0.1684927924882349,0.5428126665229079,0.41090673863328114
2373,0.42642740938852985,0.7216142709977519,0.2848325783733043,0.15140677767519792,0.5059563252000236,0.37514317200169756
2374,0.4444001252484753,0.7600857885563458,0.2548135418965808,0.15172941193333286,0.47265452164123617,0.34492100646175733
2375,0.4520371763781373,0.7796183595665691,0.23022678348617215,0.1509764195046426,0.46186909218403366,0.3342028479562939
2376,0.4225573064729449,0.7495304828369541,0.22148236548321795,0.1376710445800833,0.48651159899479557,0.3550157429921073
2377,0.4116793281301788,0.7150820065991381,0.20644934681408822,0.1477399237315305,0.5045280579166429,0.3714706839202615
2378,0.4171506356102067,0.69527362872421,0.2120215530542811,0.1474191443203955,0.511679467791959,0.37981433031384243
2379,0.42122084614918165,0.6948800928399433,0.2171160595884142,0.1466804755533149,0.5295931913378629,0.397001084003065
2380,0.4596646415495036,0.7513483993854659,0.24050362441947135,0.13022711087652736,0.5253833411219209,0.3935408377086765
2381,0.4570796618970439,0.7360461610023853,0.29282063150363147,0.06593130421669877,0.52075615805524,0.3888297615551847
2382,0.38404831296340636,0.6583726044886444,0.2748888263989687,0.09647877444651683,0.5202659398020505,0.38806503838381723
2383,0.34249845271647883,0.6038694913238342,0.25039158712341,0.15809894216082662,0.5202623118943784,0.386656988986672
2384,0.35065020862150786,0.6075801691614631,0.26567801268604946,0.17363998827416718,0.514986197257561,0.37931977199442346
2385,0.32166530217909084,0.5854145381323214,0.23064631665211283,0.21715901754090453,0.5235361297119011,0.38681176873554574
2386,0.34162830099943936,0.5940179847919549,0.2737992813041437,0.14903105698262786,0.5430135016401869,0.40770242430717674
2387,0.36496022879226003,0.599043484791634,0.3138847315379459,0.07037415305353145,0.5372294685042841,0.40524342727211665
2388,0.3596713349111385,0.5877043664469852,0.26018157418923066,0.11328511964936766,0.5326741073846508,0.406902430558031
2389,0.4164603247484409,0.6665631306325766,0.23876752831405995,0.13188324106993018,0.5146727175106017,0.39518347976095025
2390,0.43793947781153864,0.6968346373194038,0.21602863656672025,0.1466835149243528,0.4871493439505115,0.37297473160709016
2391,0.380040174837875,0.631208254521779,0.21280835077990976,0.15336822949935358,0.4751391593370263,0.36532775628984576
2392,0.3111054249657837,0.5436445919976319,0.27233107465025963,0.09642625402207809,0.4769301435866234,0.36705643993893206
2393,0.29298832980052203,0.5111516061939243,0.3145349166696701,0.056026505525166116,0.4760513911579264,0.3644856859636595
2394,0.2831892969926835,0.482015856632585,0.31793914015031766,0.06699829246951113,0.45689990441131034,0.3464510909114407
2395,0.30312234891337053,0.49719949962870136,0.28157166268711353,0.14323831406750337,0.44405249688778164,0.33460284211850966
2396,0.35745005057354884,0.5611704959880988,0.200001223410771,0.22514203561278007,0.43604988085706753,0.32874641812729144
2397,0.37632629901411485,0.5843014131284505,0.14818162841407087,0.25468833480243813,0.4343652009916623,0.3321213863092528
2398,0.3627092785642059,0.5816459850182161,0.13659007095871195,0.24278962720623345,0.44492285129488907,0.3489536717381295
2399,0.3896839083515991,0.63423270331261,0.14984295918480484,0.1980266915152706,0.4607039971140068,0.3661049935217239
2400,0.38165720175384577,0.62734246282422,0.14710842775850938,0.1840145296765584,0.46198604739962196,0.366655682608628
2401,0.34919682270895663,0.5805493291724886,0.13567392735044045,0.2210239892624916,0.45444732251992837,0.3569739067186845
2402,0.3698087031477417,0.5776986899744517,0.13061308951371364,0.2388826598503196,0.4571634629197747,0.35139041473065197
2403,0.4005505733743006,0.6052233017811662,0.13439985132482019,0.24109574894833663,0.4592382750658258,0.348555469554968
2404,0.419556345177012,0.6252804787022853,0.17116437516732513,0.20995327789032672,0.4451764025821805,0.33757149403784553
2405,0.407492355626479,0.6053103853424229,0.18088179773994845,0.1816516041593502,0.44582321402425656,0.34180785199342295
2406,0.3899122923954756,0.5770614830755307,0.16305762668216295,0.2126991705495472,0.42443819304123453,0.32800046056227494
2407,0.38739340888449697,0.5729969306951268,0.12870591182326205,0.26546410036467133,0.3880013214978987,0.29881465908508076
2408,0.34628148994572516,0.5217024396947904,0.06676169509719745,0.31366406787278417,0.3868945578535659,0.30165407107524383
2409,0.36279953270061555,0.5389909174672598,0.04875742091365623,0.3021284986253812,0.3840308756609056,0.300290681146636
2410,0.38112953791145443,0.5524931689361227,0.06149905163522685,0.2891678970209071,0.3872440183600071,0.3001886560137762
2411,0.3349625904856764,0.4821363736518388,0.06929623793414197,0.29151578077589774,0.40955773981852767,0.31760313599889256
2412,0.31318865269579715,0.4401491217787199,0.08309994918699276,0.22507354024968648,0.4151452143353472,0.3179104317793469
2413,0.33050968016539384,0.45402857315537043,0.09758518337383328,0.18624981493945372,0.42244916137853805,0.3220647454229671
2414,0.367563536314685,0.49885140914926634,0.07576718181601469,0.18047858842689718,0.4325554120454838,0.3319627011642877
2415,0.41674406359147587,0.5654224733983105,0.06113918536422032,0.18099661579469467,0.36940705833116283,0.27869521246553547
2416,0.45065909647334845,0.6166918427926735,0.06662428258232958,0.16394642883070581,0.33722951854869937,0.2549731978325802
2417,0.476022834766294,0.6177275480286621,0.039140518058866286,0.2314543243689735,0.3565958196084297,0.2812437328703267
2418,0.3774758028389954,0.47592095310143867,0.030266026545523815,0.31487563419468745,0.379199549780853,0.3071660991042717
2419,0.337861398084274,0.4290748095131449,0.07839635046320952,0.3109240252887859,0.393324041635627,0.32221542196848696
2420,0.40572248720890197,0.5015143307454386,0.02322454225846658,0.35620404585074394,0.42174024252443737,0.34960466824482844
2421,0.3724738178209084,0.48126026896391794,0.04417528517767983,0.3988955993913454,0.4415952819358005,0.36366070277462786
2422,0.3660212349181004,0.5027058840576635,0.07204202675791017,0.3690528285633765,0.4289043289334824,0.3482156750656371
2423,0.3924253249235376,0.5330146796868745,0.10631216503776626,0.3893286651422524,0.4532741528550145,0.37403048658414134
2424,0.40028116334760727,0.5388662964707674,0.1251280466216901,0.41275522952749344,0.4734496458404874,0.39365143113217665
2425,0.4276961499868466,0.5750794777367809,0.09831529421390584,0.39448090384308004,0.47241021442977654,0.3880654593401379
2426,0.4383798564197672,0.5792196989982676,0.04083599439243537,0.3694373249754859,0.43980946163758844,0.35439679690163345
2427,0.39182582676891015,0.523457052350648,0.024104794794507268,0.36156580157727336,0.40474439756052355,0.3192116241568296
2428,0.3411725967333501,0.47513101462717805,0.032644210804404425,0.3365398415679758,0.42405847770511773,0.33585534849330373
2429,0.3773102149747208,0.5212304693175103,0.03533628638041155,0.33118461224120743,0.4156219969231038,0.333725169714375
2430,0.4232509266959534,0.5749200862556755,0.046322236895726045,0.33389304852580554,0.42640816430908884,0.3468512886589669
2431,0.455661884599415,0.5985691012604377,0.07187243213841957,0.3546968079801508,0.4703685836638398,0.3881166113912647
2432,0.48868702233293904,0.6191496457646762,0.05183036153540426,0.3192048703730204,0.4676405245946813,0.38383896988554816
2433,0.4746388771662157,0.5941693266412653,0.028450899513483337,0.2947539443618846,0.4562379372338581,0.37620891325038547
2434,0.4868784325341212,0.6017923237220788,0.05365579061534892,0.3217719744813105,0.46608344232161164,0.38777194474108095
2435,0.46797261163889253,0.5752989406912392,0.009847401189187291,0.29099633629832317,0.4837150720352949,0.40228794626568276
2436,0.4414591942976563,0.5456690434349122,0.04039408978912924,0.2525047461634908,0.5264447443966688,0.44246905768086253
2437,0.4714690397018169,0.5911964431507499,0.0011019804914786811,0.29567553501247684,0.5230875556885228,0.4330975539566224
2438,0.48734362070389103,0.6183881432415983,0.04983978626704281,0.3609761646624124,0.4881055998706763,0.39929017329542
2439,0.5879106564063404,0.7490354484086238,0.07948991944589578,0.36805201719402986,0.49320816014802404,0.4049991686329017
2440,0.6398428221240642,0.8197215203514078,0.09923199516303705,0.3533078747516626,0.43956487921088305,0.35362780235442626
2441,0.5402392518359874,0.7214528273852829,0.11522318916146666,0.3383553251183234,0.3799746762307306,0.29816678217898873
2442,0.4292846164214885,0.5630229565586083,0.08251174261412217,0.28455721540304413,0.3538866828764628,0.27515999873471975
2443,0.4068932462490408,0.5305017968361853,0.0668637819153418,0.2701622999371961,0.338925644788398,0.2605943386695534
2444,0.42791724799465924,0.5634241089853349,0.12456295754025304,0.34633569358795196,0.3265603869388678,0.24631069211528941
2445,0.4462586402955272,0.5294809096660582,0.10911850064250153,0.3266511603264293,0.3786720702287859,0.2916114231165247
2446,0.3841321340815996,0.4471125842205337,0.09726823916949733,0.2846915784814572,0.4232164122231777,0.33226720661665726
2447,0.311238335946235,0.3715970836666371,0.17393890852700256,0.35734370790075587,0.4493553403892447,0.35995591108716185
2448,0.3126511738093933,0.3765923724732311,0.25501983832492164,0.4612447327061734,0.4710390520759556,0.390333356917824
2449,0.29520809289907796,0.365303926404139,0.24372017446015176,0.44133523353655413,0.4524598668176916,0.3838106421739698
2450,0.3215971480441977,0.39668498714668543,0.18123370186020873,0.3644663238011192,0.401453776931605,0.34357271194095756
2451,0.31893738392472337,0.3908412987410674,0.14012163616173665,0.35040494319911974,0.3766679099127844,0.32176997362048765
2452,0.3305234416078093,0.4060827478804175,0.06049583802672255,0.2422758970070807,0.4519052010766774,0.3880061114597416
2453,0.3854665671116924,0.4693056217223789,0.06998160922620886,0.24976190395500633,0.41718486809770955,0.3480399375743179
2454,0.3626818357869806,0.4376928766707273,0.12516095351345854,0.3103606639770978,0.3739728127733179,0.30535822436948423
2455,0.40608860749240216,0.4833446338720789,0.11325845599296021,0.29098602329960066,0.365076590284012,0.2914720311139652
2456,0.3568151389863667,0.4384176942091179,0.0759034514657582,0.23989797228146797,0.33798746654833134,0.25525312426848984
2457,0.3112114844136657,0.41729718992488224,0.024721817913360988,0.20558503758005056,0.31058702406176236,0.2316419638398758
2458,0.2728029497889949,0.3774901652361215,0.04805786486359594,0.15015262526315198,0.27470564096321265,0.19553842744411373
2459,0.29041107907765823,0.38628529388826105,0.08826196867695059,0.13365432101945232,0.2899931540124658,0.20462908153885503
2460,0.3615285514478307,0.460086848545078,0.09128399344481276,0.1409616642699914,0.2931732072326754,0.20084262573267736
2461,0.3234902636074888,0.3996802782396006,0.07144866334951054,0.13757188868937076,0.24759218910156314,0.1581155546608661
2462,0.3581989808996054,0.4279207470893776,0.02580798487984381,0.15145040757717035,0.2796383515013082,0.19178082782140785
2463,0.3470831688586835,0.4186443625634915,0.0035730546632890205,0.17270457076781998,0.2474638115658121,0.17134281724784567
2464,0.24856583922183206,0.3118734567536404,0.020699589794134037,0.1732581157880976,0.19634504552222787,0.12860560988439237
2465,0.22423084126920562,0.28213625404034876,0.06744777036132829,0.2318602855209322,0.20598551287198025,0.14054491034306152
2466,0.14564731330905886,0.20145216460549412,0.09026987595905245,0.25625576738207445,0.2076643677043826,0.14258489347974831
2467,0.09053297572908776,0.14975339414097877,0.06610386501618602,0.2113719168391682,0.19515497092244394,0.125423132698311
2468,0.14137579154967644,0.20028774207767502,0.03250046490866856,0.15851936765543484,0.214406045524927,0.13527628908401973
2469,0.1952805553362515,0.25017281230838967,0.026868438690674668,0.07745625904906665,0.2605853693709048,0.17462728924483953
2470,0.2172611667254056,0.26621847117450703,0.049669169159743475,0.05158280080997491,0.2461798918778482,0.16231565389822078
2471,0.23022629688135152,0.27677462466339214,0.007605806061077581,0.09913692657974782,0.2207664070223887,0.15012660904215658
2472,0.17794539484078123,0.2202801928001542,0.0038761518135399533,0.09289859551060183,0.2508523282884205,0.18771704555984575
2473,0.13162755955941446,0.17521587972709268,0.008275703856744098,0.11549597663970677,0.2451236042164384,0.18619467272748894
2474,0.1324287879573307,0.18132228220986127,0.00721181642765343,0.12752819944538824,0.24310800699901775,0.1909358406852778
2475,0.1614530946789723,0.20888358703750276,0.03368059063005154,0.08699411528635348,0.2768759325497994,0.23179047814901613
2476,0.2202761736585279,0.25979672982754776,0.0054864510247882095,0.14294652315921932,0.28786690384322494,0.24478869843301201
2477,0.23422286815275564,0.26664154635268505,0.026989697083574682,0.15601106916747465,0.2428112334055066,0.20215663398813766
2478,0.2046044526198644,0.22985311226408497,0.04459158460686308,0.144791398833115,0.2599186473218844,0.2191222294264596
2479,0.24188761732352132,0.26513915598943755,0.1394576437164167,0.23264396993139955,0.34045623090941407,0.29573575131303
2480,0.3028902048326781,0.3233895207860562,0.19376509698470995,0.27579414498508464,0.40486566232823107,0.35321126914110773
2481,0.35967260437355986,0.3758630026378857,0.22620371364700284,0.3011262517298942,0.4760119896143257,0.42429223373892494
2482,0.48216303255966353,0.49949248708091526,0.26411939138233087,0.3426111843715415,0.4011175213121247,0.36433044635450734
2483,0.5279428655150621,0.545180774922305,0.24949575152172523,0.3147232757906703,0.2968936848991967,0.2707000245734575
2484,0.46236947277263724,0.47755403509832706,0.26010342847863754,0.32771668019282524,0.25344277000915105,0.23242108237872788
2485,0.44495818037289997,0.46002606429327775,0.3887368075867246,0.4744848769151796,0.2374231191262972,0.22048718693034977
2486,0.4003729498758072,0.4134537855818291,0.5392500657384669,0.6289055429038766,0.2629946508360521,0.24913792963804243
2487,0.3470109237293148,0.35683630963050367,0.5886469505423867,0.673445052967269,0.29106000223035106,0.2705191553288923
2488,0.31301015157328826,0.31977627792850055,0.6505326930847473,0.7343666209910783,0.3145885003134008,0.28794358528269104
2489,0.2436230144426227,0.2503536993614962,0.5215709645289722,0.5875999366090965,0.29100774837243126,0.2683521432294153
2490,0.20410720053686887,0.21116367051148582,0.39577578353783816,0.4500820772981994,0.336752000700491,0.3058298756647804
2491,0.24066595139994243,0.24670374824243416,0.2942242413936372,0.343688516560443,0.34613814692177136,0.32207191089540094
2492,0.2748576355215653,0.2798951367345597,0.2572742682200782,0.30562438159572564,0.3199872138770372,0.3007395912283442
2493,0.3225566542169436,0.3290278231228582,0.30458030126659075,0.363363503741397,0.2943207771692185,0.2767546905921286
2494,0.41850092323777394,0.4358044161001563,0.22310932729814856,0.27432654349948127,0.3137528892206747,0.29879110356990485
2495,0.4757541537436187,0.49633230183250576,0.16216280156296028,0.2127577615125825,0.3173478114201502,0.2983895590306164
2496,0.49683098896290373,0.50584218100324,0.1817146171620204,0.2371731714354384,0.3312820791506829,0.3075577544865632
2497,0.4417608994756009,0.4457011524805427,0.2487457860696954,0.3151110564122941,0.38083322968403277,0.355738380790684
2498,0.4014869038773919,0.3997932367390259,0.34232317069989543,0.41904767234750445,0.33227719953729584,0.3043577216374891
2499,0.42889143325258394,0.42328992867272175,0.5046300392703081,0.5712059594741308,0.3087363533954591,0.27137789141046703
2500,0.37104607988356675,0.36246450088504545,0.4131277502093314,0.4294855898824567,0.26403020539740263,0.2208076426203686
