,103_AM,105_AM,203_AM,304_AM,104_AM,103_LM,105_LM,203_LM,304_LM,104_LM
0,0.001043664606590071,0.0017094324203082518,0.002398216292349018,0.0008038098356591886,0.000944695791207993,0.000767215795779085,0.0011755922158553464,0.0033181772887676125,0.0009894668376877322,0.0010653487288783416
1,0.0010343083987903658,0.0017254697751018903,0.002397133244306794,0.0008139526933748419,0.0009500867515003864,0.0007722764237870211,0.0012023207175391475,0.0033492166954900635,0.001009774843824575,0.0010789679868492936
2,0.0010171932961956396,0.0017224954873881614,0.002382734430240019,0.0007658292522629661,0.0009374188581453548,0.0007579881929367595,0.0011946208058774654,0.003282029240375522,0.0009525305579115534,0.0010618029424121834
3,0.001000177689695461,0.0017062177454252535,0.002404185621044845,0.0007534765302018219,0.0009394446238273205,0.0007433492014616951,0.0011736458326795213,0.0032856982722513136,0.0009412895774280913,0.0010651282664798582
4,0.0009766845260413984,0.0016783290402394466,0.002438554912984309,0.0007908474938643569,0.0009557570674657748,0.0007213579142577165,0.0011331943613693476,0.0033235670709971946,0.0009852770569236404,0.0010842104532655065
5,0.00097941792419073,0.0016882079980107486,0.0024657938574208357,0.0007838260871365447,0.0009675332381794254,0.0007221284396254095,0.001149622927355292,0.003356752719389575,0.000980883824628013,0.0011038120740751616
6,0.001002726907516101,0.0017114636731001272,0.002473675798642457,0.0007429633642335058,0.0009596685746718353,0.0007359143325745625,0.0011791642014439393,0.0033477976336912215,0.0009281035955463815,0.001093103135784083
7,0.00102639967768003,0.0017005283630193847,0.0024801407607512316,0.0007413139588978714,0.0009450058055535815,0.000757939578751162,0.0011801352849636986,0.0033384894288856957,0.0009244691895892589,0.0010811969518934516
8,0.0010184347502847036,0.0016882163371019193,0.0024674848821678867,0.0007493192495793878,0.0009290738048983979,0.0007527980080766651,0.0011577580087467176,0.00334712015960422,0.0009317496564814396,0.0010624043550951346
9,0.0010063228582809559,0.0016808817819502077,0.0024700665330628247,0.0007661931437237414,0.0009098127212457189,0.0007400871614840484,0.0011449083024427406,0.0033330421964382823,0.0009463440164788594,0.0010347516128644601
10,0.0010097378010969996,0.0016854061761616712,0.0025015996087542473,0.0007928376315265466,0.0008903482918755727,0.0007468144531627029,0.0011645727334507374,0.0033408822829848347,0.0009812362973189148,0.0010169782712009814
11,0.0010057408201745639,0.0016887305761393784,0.00252336630589762,0.0007966038053723034,0.0008896665156356428,0.000748017115352914,0.0011759757536018765,0.0033887770835122877,0.0009924443552587954,0.0010203192745116831
12,0.000993909054884348,0.001689817862946702,0.002527889167099674,0.0007916868956676538,0.0009107293084380106,0.0007374768317994147,0.001166627278138576,0.003410898412198952,0.0009932100984480173,0.001044487059299616
13,0.0009821446891249744,0.0016763806106180404,0.0025296835406247165,0.0007944487112457666,0.0009267077212631398,0.0007279691839899125,0.0011544615177013504,0.0034078299841571345,0.0010036699136147466,0.0010701504070653246
14,0.000979454577036135,0.0016596482806286784,0.002544737033982221,0.0007845402572191532,0.0009060375219347418,0.0007155884280022973,0.001122302887067183,0.0033816175845408627,0.0009668751293732041,0.0010351756688751824
15,0.0009732215608212574,0.0016472317990770403,0.0025533920621311707,0.0007383765577713988,0.0008921384278219155,0.000718113291199553,0.0011262037945479792,0.003402122229556219,0.0009147409181956726,0.0010312659816363054
16,0.0009742359112862464,0.0016591007120268383,0.0025745417752190496,0.0006973648802322987,0.0008939454764310662,0.0007150017749097229,0.0011245780489661172,0.0033629086906126985,0.0008679499839677346,0.001027165863459596
17,0.0009905114983939718,0.001644405492248993,0.0026062708029130264,0.0007182110832041692,0.0008719602969952714,0.0007324011812086377,0.0011242752159835898,0.003415273170671294,0.0009012962166274807,0.0010052131630695694
18,0.0010008772861183279,0.0016444020617950215,0.00262602497073063,0.0007317353197932427,0.00087445576795714,0.0007387746741891769,0.001126527462950798,0.003423090079908341,0.000918587976762631,0.0010048271592255193
19,0.0010013625414516225,0.0016718490726830531,0.0026414405763991,0.0007322150216372625,0.0008971933420401979,0.0007361939923584936,0.0011437278953752021,0.003427220152551887,0.000922114789644253,0.0010309511704790788
20,0.0010025982038337905,0.0016918006575637062,0.0026673064457602156,0.0007591125474537724,0.0009000888188053891,0.0007359232102874124,0.0011601307608897265,0.0034783951771639884,0.0009563191738277541,0.001035775195193852
21,0.0010078526891064913,0.001702421948834713,0.0026941555440391785,0.0007812901124694305,0.0009057145120699455,0.0007404245533043481,0.0011720651741669796,0.00344223153975973,0.00097479952193024,0.0010403717060208533
22,0.001016283228313277,0.0017103140726624068,0.0027220417170642384,0.0007807206569599122,0.0009248532239340032,0.0007501238509977419,0.0011822716908155204,0.003483505327144359,0.0009681124187716639,0.001066731468679001
23,0.001024336557350281,0.0016994164486483548,0.002751357622364118,0.0007663012168727279,0.0009444318928652444,0.0007577530872827011,0.001185747647799244,0.0035206068624129114,0.0009547618526872904,0.0010894274104113959
24,0.001036750950140684,0.001685738514295282,0.002761069175732067,0.00075411321816693,0.0009408396138103106,0.0007698052463297105,0.0011692204303193963,0.0035322982461364776,0.0009412125805888581,0.0010885289057449715
25,0.0010242800393157453,0.0016718379924392454,0.0027618650940014677,0.0007532680679628146,0.0009176422242999313,0.0007586015414134893,0.0011522285142470793,0.0035304282493941043,0.0009390052304720997,0.0010597129553076123
26,0.000994258525939347,0.0016858862089223735,0.0027777286540656347,0.000759814000104767,0.0008918498182010735,0.0007320908496466998,0.0011611296108224726,0.003510533049701596,0.0009516895615264193,0.0010275498064724134
27,0.001009842620864914,0.001700866168701077,0.0028017245168581156,0.0007569844046795054,0.0008869442589504114,0.000745672032275136,0.0011681243036018466,0.0035471258358818784,0.0009512381219682393,0.0010269162651687595
28,0.0010382119172959376,0.0017041385560704835,0.002827126694650467,0.0007563761348837002,0.0008977971281207432,0.0007711220001175956,0.0011793542089370435,0.003577346916195967,0.0009524171736049061,0.0010444299699687866
29,0.0010505330842260122,0.00171744000188571,0.002861914546551817,0.0007675095885719156,0.0009126902078094381,0.0007780204883357635,0.0011932489892896604,0.003587530750649209,0.0009619807307937957,0.0010593572568289803
30,0.0010649186391788789,0.0017157499911698555,0.0029023909639201042,0.000769870568518634,0.0009239430381111903,0.0007878626449918867,0.0011978785638046374,0.0036288963738899107,0.0009603155105627398,0.0010686089313630305
31,0.00107343190448059,0.0017145097307528854,0.0029320804877142614,0.0007614737494421424,0.0009331772510851914,0.0007943100959515224,0.0012014631209877017,0.003636753642065927,0.0009490141605674056,0.0010784918427597936
32,0.0010767933640076844,0.0017303905718966052,0.00295474147767738,0.0007449856420170228,0.0009352020198667938,0.0007960817240511365,0.0012014943904718493,0.0036267850375811196,0.0009324066880137544,0.0010772265140650671
33,0.0010859292163624844,0.0017288440912688213,0.0029821006612196737,0.0007272919682321327,0.0009210568640263995,0.0008118888708395611,0.0012053348798951042,0.003698913258970504,0.0009297876413448833,0.001073478878425003
34,0.00108183910499226,0.0017303199953963013,0.003008090887401111,0.0007467893657992779,0.0009165509814002023,0.0008029302844821107,0.0012003135276919884,0.003685329344502613,0.0009431081777571388,0.0010618673108551038
35,0.0010709173912315953,0.0017477390243573583,0.003033820446688845,0.0007854501521420668,0.0009239199543874337,0.0007977266665130351,0.001213653241197681,0.00372057552216055,0.000984135726077031,0.0010748137869095854
36,0.0010722410013640814,0.0017414184423568155,0.003068163539377222,0.000799871402505914,0.0009302980662834142,0.0007968026977904795,0.001210717669600634,0.0037283280027562496,0.000998335955052082,0.0010775518582878283
37,0.0010677927721281868,0.001740741995211082,0.0030869097465137806,0.000784252619757095,0.0009325437549771587,0.0007936552542967257,0.0012171025470605601,0.003749747422646191,0.000979196792534753,0.0010813453946015269
38,0.0010601646439750223,0.0017249461127154218,0.003095925624006334,0.0007682394298494168,0.0009272438772181632,0.0007854477999122994,0.001218833475366654,0.0037389687269778664,0.0009550421406006899,0.001075508988377924
39,0.0010621075147466707,0.001730332548061218,0.0031116082864344704,0.0007710329294900045,0.0009200887830093958,0.0007849053174175587,0.0012144552060112924,0.003765010415818075,0.0009575524464310095,0.0010689369829835153
40,0.001069008021069882,0.0017361631139523163,0.00311812009955987,0.0007778864798981023,0.0009292440646776206,0.0007885122327661711,0.0012172551865964729,0.0037776339934434823,0.0009702851340544079,0.0010787084115702569
41,0.0010822624999645048,0.001753925765586933,0.0031289148956382034,0.0007934921723799558,0.0009486365834117801,0.0007986408024310056,0.0012306751536135534,0.0037748672643292103,0.0009921009816167535,0.0011013878116085734
42,0.0010968988739777476,0.001773252405119896,0.003153775879865354,0.0008140878516458616,0.0009608053226561995,0.0008118689249968416,0.0012472747821833988,0.003796449076161277,0.0010178430928979723,0.0011191906303724716
43,0.001102453796710976,0.001780653537908801,0.0031918770049838567,0.0008195765741451079,0.0009653430988395831,0.0008164870149329256,0.001257001361683675,0.003832401395776373,0.001033889231545191,0.0011270114038165403
44,0.0010984435605211973,0.0017868396575961077,0.0032374625733488714,0.000818472850740142,0.0009649586751085235,0.0008143197785683304,0.001253477664256855,0.003847189831448568,0.0010334550046288695,0.0011245989103422689
45,0.0010897066735271006,0.0017764191054874235,0.0032599792910535785,0.0008107650987729205,0.0009659659873470406,0.0008089101963992248,0.0012458696217716742,0.0038655441087399713,0.0010156753846956473,0.0011234299612737785
46,0.0010813852436649257,0.001773214082096904,0.0032555771401088086,0.0007922550311243553,0.0009722830347618576,0.000802838111962118,0.0012528228338684624,0.003853846931624462,0.0009956371225541142,0.0011325584203338106
47,0.001076020043444995,0.001775956913699624,0.0032605453351472117,0.0007889274327887058,0.0009718517584926136,0.0007963921783644178,0.0012558510417077261,0.0038713808348561428,0.000992985216313897,0.001132484720360887
48,0.0010770482142914955,0.0017824929314497323,0.003271041945652747,0.0007982093407377264,0.0009644879004793742,0.0007980617328017511,0.001258134815652832,0.0038860832604552032,0.0010064736438554912,0.001124972677705908
49,0.0010881667843408733,0.0017865652579980127,0.0032762863955689537,0.0008048658755419151,0.000962230020416902,0.0008111934022708478,0.0012703304577753559,0.003911428300720007,0.0010211927464463138,0.0011298091801705402
50,0.0011029602283465314,0.0018039255406988445,0.003292178977553627,0.0008182529929416971,0.0009708240611340846,0.0008217868683666184,0.001279805179932366,0.003913540512659284,0.0010354785908261819,0.0011391197287643697
51,0.0011190620675704355,0.0018261570239392817,0.0033134770231160234,0.0008339990917144508,0.0009844252090375457,0.0008350477688532991,0.0013021878350567486,0.003933836873957738,0.0010554900252321545,0.001154528331035892
52,0.0011352554900793174,0.0018464853166405212,0.0033247019019048895,0.0008432884097216714,0.000997221412418133,0.0008471732489531408,0.001329653217550017,0.00393975405694864,0.0010691961936245649,0.0011699261779505627
53,0.0011481010915727204,0.001870639469394612,0.0033393013557390526,0.0008518813686793408,0.0010232352874282912,0.0008587440129181323,0.0013484953221571516,0.0039607669129151915,0.0010843879109004295,0.0012037498372965184
54,0.0011654901729098244,0.0018887025906777558,0.0033538597042969353,0.0008601514434124469,0.0010431620751501225,0.0008676169229684846,0.001358967123169749,0.003935748054639113,0.0010924984364480944,0.0012196882409884072
55,0.0011877440300383415,0.0019191613573058717,0.003360475814649895,0.0008679857383475182,0.0010478578993727101,0.0008897628971142895,0.0013947886863433367,0.0039917176718025655,0.0011133285776925214,0.0012341078625523686
56,0.0012020119197932752,0.001940788271550734,0.003370292907851655,0.0008824478946738325,0.0010731568157987849,0.0008953619350177277,0.001408495638998301,0.003970912552687914,0.0011300864488171726,0.001256685446234588
57,0.0012194100167703193,0.0019642622817539705,0.003385309466825965,0.0009070845448880336,0.0011025974463001785,0.0009072473759598411,0.0014283447415291855,0.003993735844974755,0.0011590802635857132,0.001291745703520757
58,0.0012467755464816955,0.0020043334625571394,0.0034024871979945266,0.0009309220491057012,0.0011196861934568956,0.0009324609604555322,0.00146605630978356,0.004025339295942354,0.0011904657333998284,0.001317875144053201
59,0.0012734147931033534,0.002041668700721789,0.0034149076289802954,0.0009374255083073427,0.0011353963049164947,0.0009483948740693339,0.001495746435594739,0.003980812228268913,0.0011938702674588076,0.0013278150311157278
60,0.0012987620177560446,0.002074707542120028,0.003431937660018974,0.0009456666885049777,0.001157732024617618,0.0009744980971728783,0.0015401545051541142,0.004041467004517155,0.0012188765365342233,0.0013627691898321242
61,0.001324079779418588,0.0021068712933466757,0.0034473814591394376,0.0009627953423813402,0.0011803419157505877,0.0009873036792833563,0.0015573755163669452,0.004029188444326757,0.0012380258450563077,0.0013815812190316158
62,0.0013536380048408412,0.0021418423803410106,0.0034549894182074924,0.0009812076878664296,0.001196595676587324,0.0010083122781523017,0.0015838307627550824,0.004019926918701319,0.0012624605604537283,0.001396454215360574
63,0.001386681258163289,0.002173542980089755,0.003460708076147063,0.0009998829962392683,0.0012157892230588723,0.0010431748763998396,0.001629187182347017,0.004079605650528257,0.0013004292758074993,0.0014318986051086208
64,0.0014149259367883086,0.0022076400092635963,0.0034719925070511616,0.0010225248395152665,0.0012393852176143976,0.001056089756153244,0.0016475500252731362,0.004062366373055994,0.0013201847895340248,0.001449570692249986
65,0.0014357316592292233,0.002246973044436674,0.003492614149526348,0.0010505546806838346,0.0012649231920717047,0.0010701155799996186,0.0016804466716265122,0.004053986280936408,0.0013549499709941638,0.0014804951292570043
66,0.0014650525055047668,0.0022896371873240436,0.003510549367726934,0.0010730422497408157,0.0012935131957291345,0.0010913234747788785,0.0017158429138351499,0.004074391140251136,0.0013845123295571759,0.0015132292751893093
67,0.0015020389045969063,0.0023289559552207456,0.0035183545084235927,0.0010871200953212253,0.0013212017059720982,0.001120091072980256,0.001750727580281298,0.004074693450689266,0.0014047511638346222,0.0015457154907262264
68,0.001536922542348916,0.0023616561427024854,0.003524772255414044,0.0010990820689150385,0.0013445145905652855,0.00114850865566276,0.0017851361915843327,0.004104529170792693,0.0014226751284625247,0.0015713396497961615
69,0.0015656041002391876,0.002402036061745048,0.0035450534794548043,0.0011148949424979182,0.0013648961526866433,0.001170655565658933,0.001820823958265351,0.00411448678287456,0.0014500468384398564,0.0015960134486791185
70,0.0015939806221340717,0.0024372444202907196,0.0035641803924566923,0.0011355308483171145,0.001382961555255665,0.0011915601860533406,0.0018533901433551343,0.004138153036816077,0.001480813499100824,0.00161750747412553
71,0.0016263111955354933,0.002473655734987139,0.0035744676492219245,0.0011583580793003835,0.0014013814532544534,0.0012154302271698658,0.001880213719108502,0.004135220319551003,0.0015090913460305334,0.0016379157138065375
72,0.0016625423363599283,0.0025103091914085987,0.0035929515416770297,0.0011825937594154895,0.0014258623492626819,0.001240184086972999,0.0019043185561213826,0.004153197234149514,0.0015374621797092896,0.0016633496933207313
73,0.0016929860926930794,0.0025367521544340174,0.0036109591922751537,0.0012009203380149121,0.0014477175884660548,0.001264109598346231,0.0019344404171585555,0.004181272071255169,0.0015629407709682012,0.0016917923402066017
74,0.0017178112403987474,0.0025729427038453895,0.0036267410670358835,0.0012154626307169637,0.0014649443576413709,0.001283189003084565,0.001962939580650988,0.004186896305815741,0.0015831460771378698,0.0017131626745467308
75,0.0017433025206907773,0.0026057369891021903,0.003641508023959481,0.0012339148355209174,0.0014810967207252192,0.001301809525781572,0.001986393980278348,0.004207606409834366,0.0016072372058748533,0.0017310907175926752
76,0.001772018440209846,0.002638894422526064,0.0036588312472713574,0.0012521883413302978,0.0014982045027449196,0.0013251473572108944,0.0020180833254332736,0.004198314329018808,0.0016339240625840726,0.0017519081719364357
77,0.0018029918948726208,0.0026742256860783596,0.0036827346045227036,0.0012640321105900074,0.0015167227935733198,0.0013501997419474844,0.0020515205114516937,0.004238293044788737,0.0016525418628881901,0.0017746949633064373
78,0.0018291075394911073,0.0026978246115263982,0.003710340085644107,0.0012682321687736762,0.001533693382714746,0.0013690496061041606,0.002071957260385065,0.004253063994602696,0.001659141296065447,0.0017927966415966466
79,0.001844945452927407,0.0027150894315191966,0.003738328732590156,0.001280969109549683,0.001548117507174751,0.0013789942211813915,0.0020864670800036056,0.004266089854644186,0.0016735590031205898,0.0018070167334950638
80,0.001858711359270895,0.002734730621535,0.0037630082018699365,0.0012967981965491793,0.0015606981478983495,0.001390710629260712,0.0021035269146516392,0.004308845936987616,0.0016937123717791836,0.0018235092339958716
81,0.0018773244454946489,0.002746970856950586,0.0037825172895371443,0.0013093248779319018,0.001571259731562611,0.0014057673429987495,0.0021193588151827824,0.004325969067847675,0.001708640378824576,0.001836218085490644
82,0.0018970005663617358,0.0027725402508056427,0.0037969705453969934,0.0013225764701196826,0.001577859917485863,0.0014198336027823194,0.0021341154948513463,0.004329569988721585,0.0017249790101861921,0.0018450133075427991
83,0.0019178075705333015,0.002789205342405477,0.003813041493630218,0.0013299457775800395,0.00158596374335322,0.0014354121853104485,0.0021475600767959764,0.004333755166691543,0.001735761521066534,0.0018548097559751532
84,0.0019387265751087369,0.0028062288414669855,0.0038346841249416934,0.0013354245420758597,0.001596805975283226,0.0014506853594130691,0.002160576134822742,0.00435409204361862,0.0017441976358346495,0.001865626870064479
85,0.0019551417930407855,0.002827382934451263,0.0038574719824504915,0.0013496276101860882,0.0016053172946554387,0.0014629606012438838,0.0021788255297894303,0.004372871728477368,0.0017644209854397756,0.0018752254713002513
86,0.0019696498027292307,0.0028450432215167978,0.0038807585948421697,0.0013606566423112712,0.0016135306608793896,0.0014740685267374005,0.0021964181336284437,0.004394818203739006,0.0017805005652017688,0.00188604071315766
87,0.0019808947172058897,0.002860467193245673,0.0039052440966758097,0.0013644118861585882,0.001620946993726198,0.0014825068137195633,0.002208520167909348,0.004428441494558126,0.0017861766798358554,0.001896271928473655
88,0.001987045627605457,0.002870388950715199,0.003932091694030048,0.0013685864859832846,0.0016270602631924033,0.0014853261802031752,0.002214230602675616,0.004429136462800434,0.0017881996285006732,0.0018995750626312838
89,0.001995747889197913,0.002880341010614914,0.003956305858041787,0.0013771417277447144,0.0016363912387986437,0.0014994399813988717,0.002235936173867791,0.004477395137721851,0.0018061935225038134,0.0019199096306148533
90,0.0020082774824705125,0.002895712899067506,0.003978051480343302,0.0013834634136225279,0.0016433403080904196,0.0015013723534875417,0.0022337255647547267,0.004464397191715807,0.0018035707234323837,0.0019170620248277856
91,0.002021378784502823,0.002901438817138047,0.003999017014611807,0.0013841296976007526,0.0016454946147805675,0.0015137088264549463,0.0022427355879048386,0.0044887613902306524,0.0018075571642233942,0.0019216986790325664
92,0.002032576841067645,0.0029159810493274495,0.004016705457709404,0.0013879268597565442,0.0016525498901467876,0.001521548211632719,0.0022503439037518296,0.004508666941917469,0.0018139331172973725,0.0019307686768229079
93,0.0020442758727672265,0.002924474424190443,0.0040350642792707945,0.001393981577156863,0.001660276896260759,0.0015307649982147595,0.002260151408695908,0.0045236237873657985,0.0018246118659783364,0.0019411026909821863
94,0.002055530888676883,0.0029334710778441374,0.004054602848804479,0.0013990966154282347,0.0016638560054919676,0.0015409719913982115,0.002269581342912648,0.004546148798169306,0.001834542271179245,0.001947532892290073
95,0.002064347639278049,0.0029422024575233704,0.004075944901990309,0.0014052219582544499,0.001667086846889402,0.0015472086656520968,0.0022767713167432535,0.0045503138561004625,0.0018414107995693766,0.00195118107782175
96,0.0020745896549524564,0.002949863792495405,0.00409870241991568,0.0014104582606801024,0.0016681254641633411,0.0015545949180635187,0.0022820003278860796,0.004568837117966054,0.0018460561563725805,0.0019519712181244669
97,0.0020869380014783266,0.002955539400336115,0.004117603008847368,0.0014154780651274475,0.0016708984650208513,0.0015635437170057837,0.002286720955936662,0.004568359069382777,0.001850511636158811,0.0019537949536909383
98,0.0020982449709673694,0.0029722935322397228,0.004128850612892257,0.0014217858245342968,0.0016803832823973034,0.0015716920612655792,0.0022954015144939464,0.004589304725227654,0.0018590006076580352,0.0019633180480455
99,0.0021054963616396424,0.0029818645867181813,0.004142553949730326,0.0014279623391299028,0.001683710226286157,0.001577859363177457,0.0023036518334149853,0.004602262105435747,0.0018679824647630933,0.001968511916244328
100,0.00211063444398066,0.002989772793158005,0.004160418939635663,0.0014315544646594683,0.0016845097775368594,0.0015841046952224044,0.002314259626586178,0.004603587246778282,0.0018751054600989509,0.001972076079797311
101,0.0021166272128567034,0.003002565540476599,0.0041809715473911605,0.0014338981119756651,0.001691298509027198,0.0015889046751168168,0.0023255181317879473,0.0046529180291713206,0.0018780420976205125,0.00198016374113284
102,0.002119776340585947,0.003010932757972334,0.004204496136063654,0.0014373155579969486,0.0016955934737304004,0.0015894860173291793,0.002329422485138975,0.00464441563505897,0.0018819851198211392,0.001983618409430243
103,0.002121551453191441,0.0030138225792931475,0.004223778457259638,0.00143804008946733,0.0016979194757587243,0.0015903300219722435,0.002330163796303517,0.004654289914274255,0.001882720275039528,0.001985930738422708
104,0.002125052214106069,0.0030143395416468324,0.004235840096391832,0.0014350930932340142,0.0016987346851464382,0.001593310264376115,0.002331343096169687,0.004669368430898026,0.0018785931247501681,0.0019865865300247505
105,0.002131771858549293,0.0030211134740588306,0.004249050816335602,0.0014356248545996718,0.001694712337754556,0.0015980714958274192,0.0023353339544585593,0.004687266709483291,0.0018802771310804107,0.0019806734015070807
106,0.002139103113351678,0.003027110241506762,0.004261505337163455,0.0014393100964354942,0.0016931808202301126,0.0016047776548381255,0.002343708251232044,0.004678977697428421,0.0018851344127046878,0.0019804018707324984
107,0.002144849263803161,0.003033513570785266,0.004274818522680277,0.0014426542414476815,0.00169790895721141,0.0016100764321226387,0.0023503619950295176,0.004706357482882525,0.0018878093874684654,0.0019866999921623984
108,0.002148157790160915,0.0030365248419077858,0.004291688017861381,0.0014434208273839408,0.0017039367844377837,0.0016117715074750467,0.0023512064686862636,0.004708837676735063,0.0018895395745463825,0.0019939258812355317
109,0.0021503188008714915,0.003037870658975815,0.00430877249161777,0.0014468967511152109,0.0017059372180557614,0.0016128155557174663,0.0023544608058000114,0.004731777542388721,0.0018938403896815912,0.0019972419657696898
110,0.0021538349880371103,0.00304157322529796,0.004322199889324094,0.001448837949862235,0.0017037534876336237,0.0016157245127322965,0.002358027754728305,0.004731032487064985,0.001895531728173911,0.0019935860305024455
111,0.0021611954409259367,0.0030470112076051797,0.004335531040596712,0.0014458457986641683,0.0017020397135415982,0.0016220553083929462,0.002358842210132931,0.00474962777849857,0.0018930375526835963,0.001991297613681919
112,0.002167008778091138,0.003049294503342219,0.004348279977408312,0.0014478304264729331,0.0017025775138088653,0.0016275988476924642,0.0023606124389949257,0.004785918106422001,0.0018962575330110567,0.001992921820920877
113,0.002168719284709422,0.003053725326231371,0.004361272033865817,0.0014503005034369868,0.0017032948145946482,0.001629829669327162,0.002366087497083237,0.004778821645229555,0.0018993744006976937,0.0019955452314820896
114,0.0021669066838095026,0.0030610272868664026,0.004376419221551474,0.0014487569910973139,0.0017036292724106426,0.001628874998820699,0.002374507373567824,0.004789315480929615,0.0018973419476816119,0.001995744531279897
115,0.002163415959527205,0.0030647300593818027,0.004391956682239788,0.0014472196480739426,0.0017048781034455565,0.0016242219299985965,0.0023773926874679717,0.004795622872790752,0.001893352443979947,0.0019953552823370182
116,0.002161984633843389,0.00306193895223417,0.004406973090326356,0.001448300835504447,0.0017030201165371016,0.0016229050208148605,0.0023787901565511466,0.004813179480230847,0.001894099869978334,0.001993790110316267
117,0.002167284643052099,0.0030677913046442953,0.00442489413231195,0.001451457035912983,0.0017006832368261894,0.001627897954057696,0.0023798945060076408,0.004845270659297667,0.001898213604039215,0.001991666568220401
118,0.0021761389294356207,0.0030656808573395755,0.0044425358827229625,0.0014528921163756146,0.001701778161688898,0.0016356930787598447,0.0023793885028012083,0.004834069918553863,0.0018994088283831834,0.001992916074540777
119,0.002179392961307145,0.0030686146705578834,0.004449645363961501,0.0014508829981429844,0.0017002872223576546,0.0016380786657866858,0.0023813204032992704,0.004849889059632727,0.0018975166986759206,0.001990516776746568
120,0.0021799199645147712,0.0030710759338565025,0.004456872409008331,0.001449238779253845,0.0016980862407954204,0.0016387419113664745,0.002385421208710058,0.004852434837260618,0.0018963231507597442,0.001988745328221545
121,0.0021832145432341137,0.003073805441647563,0.004475793828852988,0.001452896197773374,0.0017001028948506415,0.001641397022206765,0.002387841390351231,0.004861781084467465,0.0018987994062495484,0.001991152850068996
122,0.002183420423943585,0.0030788234679816635,0.004491347953238317,0.0014597205314420987,0.0017039103342024946,0.0016409451909904383,0.0023907116147497682,0.004878988986442675,0.001906863989988806,0.001995052241122076
123,0.0021863488800703936,0.0030898086115712675,0.004506356987208671,0.0014624146236617418,0.001708088677736053,0.0016419429329252698,0.0023947898996860917,0.004890467193406516,0.0019102178223769073,0.0020000531593773402
124,0.002193761974138858,0.0030873219131684893,0.004521750596903296,0.001459945800424539,0.0017092647486182328,0.001648095708522618,0.0023993892350577055,0.004890684429971572,0.0019091803939361523,0.0020029551332622574
125,0.0022010329531429976,0.0030947261544534248,0.004537497372206382,0.0014650795012734232,0.0017074267659206996,0.0016551435057285252,0.002402573481180293,0.004919733584686044,0.0019171470615027364,0.002002376831181454
126,0.0022079265010110536,0.003100053020764033,0.004553213214656782,0.0014695004427356445,0.0017078315350327153,0.0016600847036890944,0.0024051938097924045,0.004927641452785804,0.0019219547648678173,0.0020012120418485086
127,0.00221006397729643,0.0031045929822790864,0.004565263279262275,0.0014688106158662747,0.0017099649323923205,0.001661787023754576,0.0024075474313280647,0.0049271685515367555,0.0019206464495046924,0.0020034553801466844
128,0.0022069046623349677,0.0031053484892553033,0.004578437969667155,0.0014680113840545507,0.0017118223804391873,0.001660619299604093,0.0024094638344667545,0.004952218466782515,0.0019213469547229671,0.002007221664592475
129,0.002205529840583786,0.003112594720726371,0.004599335921769662,0.0014679010686508669,0.0017148831330796694,0.001659945456259119,0.0024161691907541695,0.004966988046828502,0.0019195533754872245,0.0020102440930333605
130,0.002206234599539588,0.0031160833096806413,0.004620199010406453,0.001467596635906307,0.0017161819051386648,0.0016607225039162168,0.0024228801501314677,0.0049892205260178655,0.0019163750759504084,0.0020117172608955644
131,0.002207867519611635,0.0031189781269013337,0.004636068347852914,0.0014689051265397454,0.001713768664456336,0.0016610022290975844,0.0024238090877620566,0.005001805740581668,0.0019159836704239724,0.002008294535285803
132,0.0022100892428505345,0.0031227731669729608,0.004654351397528954,0.00147499604930108,0.0017096636678826764,0.0016634883131705796,0.002429404393923934,0.0050169102982312265,0.0019242206754013524,0.0020051302840529764
133,0.0022151173193576835,0.0031285628646204166,0.004671832613882758,0.0014797104365207887,0.0017081474938084944,0.0016677562401532684,0.002434114657596441,0.0050306865492161365,0.0019303271955034658,0.00200245582433804
134,0.0022210375737476014,0.0031319415828828983,0.004687176736561877,0.0014796392015593548,0.0017107457156239772,0.0016716251310135875,0.002434480747231766,0.0050315879436101385,0.0019300433444063342,0.002003858780397742
135,0.002223105644639144,0.003136071600420816,0.004710180922443091,0.0014809908497872696,0.0017148327381119287,0.0016714325590203804,0.0024344518320664646,0.0050603250509950026,0.0019316791315663934,0.0020071319984069735
136,0.0022233134068417805,0.0031347992912605415,0.004735418063794542,0.0014824131326115428,0.0017153657019390101,0.001671684082470951,0.0024345970165089194,0.0050720579823727826,0.0019331646334059375,0.002006904269028205
137,0.002225799339517713,0.0031424388216332796,0.004753967108452906,0.0014834205329136158,0.0017147892728296065,0.0016749556821344662,0.002437997599942595,0.005086961086527403,0.001934521864645546,0.0020070061520072718
138,0.0022326747467655244,0.003149824765049157,0.004765906787822283,0.0014861237549532638,0.00171774647516786,0.0016799400152583894,0.0024457454124391597,0.005104118770761845,0.0019375879027085383,0.00201141789678462
139,0.002241246386003704,0.003160932568822874,0.004786069147814203,0.0014911398804690263,0.0017205065548267099,0.0016861175039254931,0.0024535037638404823,0.005114075896542948,0.001942905100637598,0.0020145917531921393
140,0.0022481106998495657,0.0031715632764619736,0.004810882299342514,0.001497540258761038,0.0017242484363586197,0.0016909230706705768,0.002461662884747566,0.005135979834030522,0.0019499879271246412,0.0020177968229230067
141,0.002252173421420432,0.0031828164660472422,0.004831100580817113,0.0015015234082538112,0.0017290789560460175,0.0016938644929059593,0.0024702370700273994,0.005152893259557647,0.0019557879632494464,0.0020232502784216008
142,0.002257660504505743,0.003192869101755373,0.004852001480244159,0.0015008437091164836,0.0017304446329220338,0.001698414915730887,0.002474792726762479,0.0051833806103925234,0.001955510347233936,0.002024513922758251
143,0.002263410895682504,0.003200188830358952,0.004872304941452308,0.0015021638023493007,0.0017308511063799598,0.0017031903741165943,0.0024834671930978967,0.005203983974965675,0.0019578652934605987,0.002026451313195173
144,0.002271046168670951,0.003215288121956613,0.004893026620625348,0.0015083586472501996,0.00173356471874066,0.0017080678666772419,0.0024971008709730345,0.005217845033409679,0.0019645365384231527,0.0020277507096284767
145,0.0022817599737045076,0.003234975068898351,0.004911232558468878,0.0015142054296831407,0.0017373809122513827,0.0017162053059027796,0.0025091298396960134,0.005235600966434069,0.0019714580911064502,0.002031371965391757
146,0.002297794237974858,0.0032499683570361253,0.00493124651130555,0.001525191985794193,0.0017444849369777269,0.0017282981277668811,0.0025203600697384686,0.005249404045345905,0.001985797423113316,0.002038967738607671
147,0.002314996650926451,0.0032693030131589647,0.004953709132661863,0.0015387823404535259,0.0017511252767720626,0.0017401512200834754,0.002534994313938459,0.0052698041872677156,0.0020025954142589546,0.002044498468891067
148,0.002328945213760093,0.003298606393463195,0.004973028128194459,0.0015489531815645404,0.0017549511039671691,0.001749885025418121,0.0025549270597136167,0.005273701513607653,0.0020153986488796382,0.002047403189031034
149,0.0023472209337422265,0.0033227695197920134,0.004993933122251152,0.001558470160722922,0.0017670703477997121,0.0017631504665549353,0.002573423234960759,0.005290630233375495,0.0020298189286029602,0.0020591226278442202
150,0.00236868056991505,0.0033510783976237832,0.005015538061027713,0.0015716168986034567,0.0017806842793481731,0.0017799349202879994,0.0025958225019530956,0.005314835209635494,0.002048730161673996,0.0020757055831121325
151,0.0023913210889597416,0.003387248428858344,0.0050378402702914125,0.0015888128280703822,0.0017920606720134903,0.001796005066466815,0.002622957589364706,0.005320300905585774,0.0020699517270361474,0.0020867802883794443
152,0.0024139612331568853,0.0034262966641209446,0.00505561127260537,0.001605110569274616,0.001806597493566633,0.0018118227002130649,0.002650370116720286,0.005345394600095134,0.0020923864578502684,0.0021024286069178336
153,0.0024434753486916928,0.0034663741818554217,0.005070687998288206,0.0016252089962411366,0.0018233742712454653,0.0018332112089455633,0.00268209204088685,0.005353501135303379,0.002118661042152187,0.0021210284685885474
154,0.0024774325285367516,0.003518949331983284,0.005087509204354787,0.0016496152612521253,0.0018430949293460422,0.0018583871890134824,0.0027191876830749582,0.005365892253704963,0.002150994636831034,0.002142896243845018
155,0.0025071517830966405,0.003569766572935631,0.005101079562065098,0.0016723954689063115,0.0018646607637059288,0.0018804718926088068,0.002757280561168479,0.005387535712741105,0.002184637759348131,0.002166333361566166
156,0.00254351025899917,0.003624904926762688,0.005114380705764771,0.0016969387630732548,0.0018874772445808406,0.0019061241891746529,0.002803891961395462,0.0054051977781334705,0.0022170246568065646,0.0021900313496046667
157,0.002587660198101575,0.003697648599654144,0.005128065713152123,0.0017268363683952744,0.00191357716707415,0.0019392291545413623,0.0028602164427435264,0.0054116229933316344,0.00225682462378896,0.0022178408615221687
158,0.002635946422294342,0.0037743770725166353,0.005141290670625858,0.0017605452568305886,0.0019452882714858179,0.0019755209665676923,0.002918403735755729,0.0054225255250402345,0.0023033493461150525,0.0022526074754362947
159,0.0026886601428080196,0.0038566653199149357,0.005154715398178891,0.0017945754658476615,0.001984135814638797,0.002013408147581878,0.0029805866042406297,0.005432608027429761,0.0023499209316107154,0.002296293797222733
160,0.002745011566648265,0.003945136545232243,0.005163870148543875,0.0018343536730527398,0.002024347122440765,0.0020548987433574883,0.0030475165633556435,0.005454213311485184,0.0024050034091436757,0.0023415287103203688
161,0.0028075321235233545,0.004038568097939432,0.005169111531504571,0.001881881258746049,0.002064658309050146,0.0021016943497135206,0.003122044246642589,0.005455882225097514,0.0024706402186833137,0.0023844149767961714
162,0.002879670797829475,0.004155080563935831,0.005177535273839881,0.0019337024659388275,0.002111671682803514,0.002156225251366851,0.00321274388407176,0.005457695525811599,0.002542779667623647,0.002437930876215456
163,0.0029533121149594803,0.004274238774317173,0.005190345437189643,0.0019832090917813617,0.002171831074010374,0.0022096693740755965,0.003308699751444126,0.005482395518984056,0.002612002850524519,0.0025056727202712294
164,0.003031587522678512,0.004405603388968006,0.005202548635126056,0.002038166370057648,0.0022378791253369426,0.002265793421603337,0.003409447644360035,0.005498385619367549,0.0026880040433989003,0.002579250986962064
165,0.003118686600326163,0.004550271439949259,0.0052122724507380515,0.002104842174741067,0.002304157173554569,0.0023296983905451633,0.003519729020601699,0.005516587936739609,0.0027791565006980165,0.0026525847895161876
166,0.003206164818532235,0.004695530372509641,0.005217484577102545,0.0021715157026736503,0.002377785045202781,0.002393476174640116,0.0036353926346600358,0.0055145485112011615,0.0028716658917528233,0.002737023236437679
167,0.003303423256737356,0.004856907666520412,0.005226768218185231,0.0022431325740091376,0.0024603177269544615,0.0024644398847739743,0.0037597710900758056,0.005540749903637675,0.0029715729037758662,0.002829962757525319
168,0.0034045800362946135,0.005015077312800052,0.005237646950151029,0.002315863036162221,0.0025392752473720873,0.0025398696501646623,0.0038856327781326178,0.005568005255358047,0.0030744357709237328,0.0029202530960465503
169,0.0035020762042301755,0.005170662605837468,0.005247432152009347,0.002384598270564272,0.0026111515826441286,0.0026120774483131123,0.004007314712625255,0.005582288131433636,0.0031719514881675417,0.003002227291435622
170,0.003607128064136758,0.005341353243588563,0.005260566504462901,0.0024590727619593117,0.0026985004302184754,0.0026894691470004057,0.004139978829461018,0.005600764230096962,0.003277056422857146,0.0031023142155256205
171,0.0037218219129657435,0.005526720448761305,0.005280952476864275,0.002542551805193992,0.00279689148339153,0.002774313004986942,0.004286895968110479,0.005645429335608465,0.003394378401288607,0.0032159657335981
172,0.0038340999121554264,0.005711032120214847,0.005298824008804241,0.002626421839627785,0.002885829279104204,0.0028592831666879666,0.004435682938709289,0.0056629912915684,0.003512960576160262,0.0033190858663575767
173,0.003944285952164307,0.005891899801704188,0.005321121328929647,0.0027036271989212164,0.0029768748240319347,0.002939330382588878,0.004578739591842354,0.0057053063778703195,0.0036211679573444435,0.0034223630135857674
174,0.004051055939167301,0.006072237453474873,0.005346173075039765,0.0027810366430642743,0.003072486756934209,0.003018044553680215,0.004721892345650593,0.005758489566791276,0.0037321542204636154,0.0035328429642820206
175,0.004156941901742996,0.006246915277709971,0.005372412238910537,0.002861729420006584,0.003167307440666643,0.003096911165315407,0.004861983388519344,0.005795313447888064,0.003846788947083336,0.0036429710203477296
176,0.004266323028448389,0.006417627164553392,0.005398193989251936,0.002936905488335104,0.0032543192953234834,0.0031798499143176353,0.0049979155527546506,0.005830980282970833,0.003954310499151648,0.0037444529326371564
177,0.00437574589234853,0.006590204083672969,0.005434224896614407,0.0030115072110445894,0.003339596370679261,0.003260878864490038,0.005134702606716113,0.005882290008137851,0.004057299960800146,0.0038401019607921505
178,0.00447051185099585,0.006748566410601073,0.005467089035112387,0.003082644633691189,0.0034181886764707583,0.003332349904569765,0.005263465925980076,0.00592173697182877,0.004157004224321953,0.003931738645247647
179,0.004559815873193907,0.0069035392419987485,0.005498832677894131,0.003154706578586677,0.003496513256265478,0.003398601436003339,0.0053847438994421805,0.005983769835938199,0.0042567251488801,0.00402247596024338
180,0.004642776706302763,0.00703959377095618,0.0055294369809701545,0.003213230560912893,0.0035683002697588046,0.0034604983212678103,0.005497747552318047,0.006031482128440689,0.0043396801015418585,0.004106530402254956
181,0.004729833495559668,0.007169282070051037,0.005565677925766629,0.0032740254396478106,0.003625755039709052,0.003525648284702988,0.005602102238989828,0.006069074783721806,0.004421704905937267,0.0041713400652814755
182,0.004819540681164024,0.007294260055425457,0.005610969875663303,0.0033447579762322377,0.0036714883020630903,0.00359255698075787,0.005695960629037355,0.0061273939457548105,0.004512451289110496,0.004218714261623103
183,0.004888981339706133,0.007406964659808047,0.005655330269843061,0.0034034414624931814,0.00372645314888136,0.00364537161338398,0.005780548892277475,0.0061804821185850786,0.004592943792567472,0.004278741829105635
184,0.004931626179482485,0.0075085997491937066,0.0056689338497217644,0.0034456996000554103,0.0038136186631559407,0.003677114553012343,0.005868149936456959,0.006193950707507282,0.0046569986113577455,0.0043890124847680905
185,0.004962819457947721,0.007617077203003602,0.005674714740086424,0.0034793722904670403,0.003889898871849011,0.0036962544812225197,0.005962074796435839,0.006216775533391043,0.004703427176880465,0.004480758632723146
186,0.004999623560594577,0.007737781365809554,0.005706796633552981,0.0035121831679427937,0.0039036825509628013,0.0037250509823302117,0.006058554579488904,0.006250592689929758,0.00474537672897542,0.0044877128134101435
187,0.005056472484119903,0.007823250734535266,0.005750718677444695,0.0035531506812033022,0.003910915157639468,0.0037714370282329102,0.006128735884431312,0.006307286922175013,0.00479338136929101,0.004491378965857309
188,0.0051277132054914345,0.007884967131381912,0.005789498250601605,0.0035913454956106464,0.003952963923748731,0.0038261874871713384,0.006184001522318412,0.006361609990835964,0.004842949117046226,0.004546338482746367
189,0.0051997953677480075,0.00795242802935631,0.005829216222243352,0.0036215332569412293,0.004012019663237341,0.0038765155862784313,0.006242280193687005,0.006377515800291584,0.004886916976470564,0.004621037733367588
190,0.005247644558370143,0.008024880506044435,0.005875672940768625,0.003647055719320607,0.0040220049312460985,0.003914099978927099,0.006304020598380471,0.006427875315315918,0.004927052713334455,0.004630463025377409
191,0.005290686305659574,0.008113992760815399,0.005922394857297288,0.0036920181502796343,0.004030177002544483,0.00394842154968967,0.006373668874871084,0.0064631013228506635,0.004986502341547019,0.004629858736739279
192,0.00532664110950769,0.008183763910048958,0.005949051225765161,0.003739310526345007,0.004075099652307313,0.003980894641324023,0.0064326702248834475,0.006496190203578597,0.005054509236750111,0.004682924285858477
193,0.005353998565651919,0.008221223573435318,0.005959725332058796,0.003767053548413069,0.004160597312781537,0.004002119461132671,0.006460688851274399,0.0065004042935560835,0.0050981351390712035,0.004791298171592971
194,0.005380494625745166,0.008276012460202995,0.0059724544059511974,0.0037946363444760402,0.00423275042261369,0.004023842090807754,0.006508504099404332,0.00650726739607715,0.005139012105188986,0.004885158240545249
195,0.005404104979370904,0.00837220277572647,0.005992862310243259,0.0038201894778740896,0.004241010427804339,0.004044132384927912,0.006592742286663802,0.0065256864458151384,0.005171382350357997,0.004894345113895914
196,0.005422134387796357,0.008484147395490074,0.006019278147167958,0.003833329536074243,0.00420383440990284,0.004056510103421021,0.006685958686070064,0.006543664469772069,0.00518008602631256,0.0048399300604483955
197,0.005447045011307236,0.008566718988512299,0.006053788078086078,0.003838378737846921,0.004209065411687897,0.004081070949336659,0.0067711531940000125,0.006586811919493815,0.005191161840610017,0.0048511648104994564
198,0.005477470480387145,0.008609163409665586,0.006069987359702358,0.003842511110531524,0.004274614258311873,0.0041054178994446066,0.006815779775074315,0.0066042282788273425,0.0052017833616078,0.004940243788544914
199,0.005514949824936007,0.008633977720119137,0.006087595369728278,0.0038478651211926412,0.004352360678254074,0.004135941238895011,0.006840915793642043,0.006620602815824777,0.005217417691465522,0.0050448361141247
200,0.0055516196786727316,0.008654263582818907,0.0061240695031221605,0.0038454891412724465,0.004376586015980355,0.004165900763074043,0.006854442172774298,0.006664952593424175,0.0052201734878046455,0.0050716374662422075
201,0.005593306488445677,0.008686994364330914,0.0061612353966178385,0.003850621053077972,0.004363159199590714,0.0041988790236786805,0.006876369764319597,0.0066763740307198725,0.005226803969130502,0.005047433044607155
202,0.0056093205141651515,0.008704070235946219,0.006186835515651345,0.003862680991300686,0.004346952135014006,0.004210741571449429,0.006889262216489309,0.0066922607120556065,0.005240319543792438,0.005020575897862589
203,0.005587667156046469,0.008699391203034116,0.0062065242306042065,0.00388763831808725,0.00434309899332988,0.004193302703869747,0.006887166761181523,0.006714307879061817,0.005268501409582554,0.005014438270988573
204,0.005552755508480146,0.00868206593405089,0.006227932118546588,0.003931324287895351,0.004330425345997962,0.0041562789160271355,0.006862774408544228,0.006718802022154805,0.005299595810368342,0.0049894940205647735
205,0.005529221246507174,0.008650827332055808,0.006244226924983433,0.003956210931889109,0.004304502921135221,0.004130424798912381,0.006826594842379312,0.006736895939226571,0.005308017742458665,0.0049504492875941854
206,0.005517257471631345,0.008606564127311974,0.006253914661469181,0.003950318773086044,0.0042640377027004265,0.004120377434183582,0.0067852630755746175,0.006754205796419225,0.005288522224062566,0.0049004815845980374
207,0.0055067640592805665,0.008552626839568872,0.006268934472172019,0.003934322708743999,0.004211672445271542,0.004115414958587983,0.0067469659853677645,0.006747179353131556,0.005261824848982065,0.004841091129594863
208,0.005486178695521042,0.008488647410496472,0.006287996860489525,0.003921095146325547,0.004147831003641188,0.004101664414129563,0.006699635493221977,0.006760554662654105,0.0052331605474337664,0.004765306310681347
209,0.005453887496992824,0.00842051121173151,0.00630353422319639,0.0039137311666791975,0.004092401477287082,0.004072297097625963,0.006637649441057573,0.006764276069333668,0.0052029423709623575,0.004696104052118003
210,0.005407866688918091,0.008353507221996388,0.006313703895742483,0.0039046170490344644,0.004048139668390135,0.004037273431995804,0.0065853877756959665,0.006760131780505074,0.005180170574360802,0.004648890047113515
211,0.005343305676266046,0.008278362766256275,0.006317088320633277,0.003877554357851408,0.003990788363779887,0.003987382807429596,0.006525999150905461,0.006743490719420408,0.005135873970336028,0.00458052243323362
212,0.005292072111882176,0.00820940056752121,0.006325462135920605,0.0038343438768785407,0.003923253065120531,0.00395012829793569,0.006467476849248323,0.006739213540580602,0.005071991078879462,0.004495411621527172
213,0.005248146306155556,0.008134823551975257,0.006333052018269739,0.0037801810329026525,0.003866268200218839,0.003918884405397739,0.00640536012142575,0.006721803302887116,0.004997084196852652,0.004421628142666821
214,0.005185156715308956,0.008042301240439356,0.006328186660447159,0.003716811597040513,0.0038269673357498126,0.0038775170564852466,0.006337545223030066,0.006690756872394096,0.004921587543279557,0.004381029164650365
215,0.005106294057001524,0.00793617859866813,0.006326301078921804,0.00365200827471503,0.003789402839071558,0.0038239605840215156,0.0062627626622196245,0.006680077642767418,0.004843451471191598,0.004344474116662835
216,0.00503521158926316,0.007829876898325648,0.006338109169935751,0.0035985500959702112,0.0037379525077815665,0.0037727929260516295,0.0061793843058193625,0.006653741298060072,0.004768928435495199,0.004286062604894757
217,0.004975354412023414,0.007719413400835999,0.006356319556319932,0.0035500298761389146,0.003667670930808879,0.0037283769114282374,0.006088713880901373,0.006645543418229341,0.004692882909501711,0.004201321079059546
218,0.004914236679124032,0.007602352895123891,0.006371773736432969,0.0034950362785582745,0.003588496953882007,0.0036854687911802276,0.005999099586194198,0.006652692694624018,0.0046110498627395585,0.004108134259506524
219,0.0048507492358776565,0.007482350711960917,0.00639312206449274,0.0034520999157581196,0.003512874897667202,0.0036367615126248385,0.005901458149149827,0.006656152915305603,0.004539240491182228,0.004017038132804461
220,0.004779011968465277,0.007347446694255053,0.00641374481856084,0.003405094619624327,0.0034391707378787478,0.0035846012698555474,0.0057954024539433385,0.006643548653200995,0.004466763667335026,0.00393192177799057
221,0.004703335601415505,0.00720866186479495,0.0064335522959898745,0.003343959437466111,0.0033676484189792085,0.0035308235873112268,0.005686994846114435,0.006651807621062981,0.004379966103193996,0.00384977991708182
222,0.0046316289092375095,0.007093260652417885,0.006454850957215697,0.003290276182055734,0.0033006417051089404,0.0034761217292860304,0.00559003415081891,0.006649323511514422,0.004297688234949082,0.003768757068319772
223,0.004564809825286611,0.006981398961034315,0.006475367717774008,0.0032415288599938136,0.0032345316140437665,0.0034284567330913696,0.00550407037401834,0.006663730697542166,0.004227359275710222,0.0036930048128906057
224,0.004502050229897718,0.0068743013247186974,0.006499299438301065,0.00319797222540749,0.003172460474275549,0.0033803746683969947,0.005415347023550373,0.006656678438483191,0.004160817702212619,0.0036187649695074574
225,0.00443938550383875,0.0067695468169904635,0.006523932322687331,0.003159603106022794,0.0031166508289160112,0.0033356724921656837,0.0053359215571002865,0.006687136657417547,0.004104721251264535,0.003554808375982331
226,0.004381427184205705,0.0066687182072463725,0.0065472092455678985,0.003122633740046829,0.003064662783512078,0.003294897854247592,0.005259674892634436,0.006703500558710548,0.004048997425544355,0.0034962646153125208
227,0.004327370479018619,0.006571902996066738,0.006568358450096269,0.003083900316500176,0.0030150219491834125,0.0032542662421197457,0.005181499979115514,0.006705383354615893,0.003989840691952857,0.003437403295568664
228,0.004276623767138089,0.006483300550284922,0.006589730849019854,0.003046334059753294,0.002968968189112185,0.0032191739772082896,0.005113568765912399,0.006719626023405134,0.00393847838694853,0.0033858529913867626
229,0.004230674657499062,0.006405150499572435,0.006612371123373143,0.003016288538694034,0.002927216405042122,0.0031829628140159563,0.005046265175176005,0.006745761670405626,0.0038878475396070464,0.0033339783131128373
230,0.004186171402253238,0.006332800341154637,0.006636528670158118,0.0029882793332133796,0.002883614677793469,0.0031509097732471294,0.004987286949696326,0.006747012471948067,0.0038430287435580173,0.0032827706465615412
231,0.004144684956094371,0.006264954287911665,0.006663234214399529,0.0029624855863164446,0.0028438678152485105,0.003117075385550001,0.004928663826367047,0.006764560480994721,0.0037988386316313055,0.0032324049711690114
232,0.004104173716340933,0.0061999603960342705,0.006682391104960563,0.0029380308171094343,0.002810792781883271,0.0030858157010795126,0.004876212944261785,0.0067623138817440075,0.0037612014987973017,0.0031931899676197963
233,0.004069501799218309,0.006141810716128529,0.0067013743896424775,0.0029168873678293485,0.002779764243510952,0.0030611903047265284,0.004829802884713235,0.006786356426873818,0.003728246908380268,0.003156564526246511
234,0.004036194537145768,0.006087386979284564,0.006724048357289318,0.0028924721389213047,0.002747559924822475,0.003037721021883636,0.004790128701839822,0.006796916281571986,0.003693137662759324,0.0031183986772373557
235,0.004002938802281749,0.0060404050480153725,0.006750983368953916,0.002863418879485601,0.002716118202341486,0.0030150443375473552,0.004756231340706401,0.006834342940768181,0.003655307583346713,0.0030835115039814036
236,0.003972808305384869,0.0059914225879408225,0.006783220965509098,0.0028350299540480794,0.002688690882991607,0.0029915351288334123,0.004714664506301302,0.00685551085341588,0.0036135054877974577,0.0030493506438828027
237,0.003942675928103212,0.005942000770009192,0.006817957228164851,0.0028122045395562716,0.002658843075339492,0.0029705027593232326,0.004677481557647875,0.0068817085440704044,0.0035816841544853823,0.003015880913543906
238,0.003914328349618696,0.005899334467186773,0.006852096440175066,0.002792543592511342,0.0026344804549140316,0.002972954394738645,0.004681082015782035,0.006971236439259695,0.0035800633872202503,0.003010950783087607
239,0.0038862112066998626,0.005858343604591954,0.006876002961876573,0.002772583856146374,0.002617146596465647,0.0029277034889904955,0.004611458351703738,0.006928397654626492,0.003520244946237989,0.00296603447204098
240,0.0038615095769153284,0.0058183000900382,0.006896906585859961,0.0027605998962043155,0.0025991168132420625,0.002910235694397232,0.0045845454873760455,0.006944747183435529,0.003502862029208803,0.0029459052053318374
241,0.0038408493597960713,0.005786428527527887,0.00691778803014294,0.0027524065819097467,0.0025817073349901133,0.0028916429742167297,0.004553296022575503,0.006957963431589383,0.003484926118229035,0.0029227985771578965
242,0.0038223424126072126,0.005756446949681902,0.006935597163121305,0.002741458552054213,0.0025635519288446044,0.0028795783788506495,0.004530441712641996,0.006981518130753661,0.003468381490461077,0.0029017142539573895
243,0.0038090250882872267,0.00573205892591537,0.006955435702143501,0.0027310559044460498,0.002548078743728172,0.002869522614462157,0.004510830939939873,0.006994735314046508,0.003449360603953447,0.0028824174832532043
244,0.0037944101649859574,0.005711019016040628,0.0069702723102624915,0.002722658478254047,0.0025392932351868745,0.0028626034397827215,0.004498324360754908,0.007021164111858282,0.0034395398694567823,0.0028770363523912077
245,0.0037830835261710434,0.005691690019834723,0.006984970769914473,0.0027155741050121775,0.0025289664355812634,0.002854636242947869,0.004482209910100043,0.007026569377005616,0.00342651344496577,0.002864758415825719
246,0.00377370831465084,0.0056740632366390435,0.006999574148554834,0.0027084168342280763,0.0025148632348553656,0.00284731245021428,0.004467182852455515,0.007040462500565924,0.003413183313090975,0.002846675582163799
247,0.0037593517924791346,0.005652221764110272,0.007010168211479196,0.0027019440968305036,0.002503305980830935,0.002834766885303517,0.004450192028848642,0.007039634899498655,0.0034020006915882963,0.0028305491182939917
248,0.0037465809026086608,0.005637024064603014,0.00702339667592085,0.002696115548810164,0.0024895218455065777,0.0028421252524883176,0.004463756771476813,0.0070860159626530556,0.0034128393381427213,0.0028303812032663923
249,0.003736535536556601,0.005617176326193773,0.007043585979923214,0.002690245749847104,0.002477635974154945,0.00281873875703686,0.004421405866150661,0.007065335339097758,0.003382276001743936,0.002799130191446094
250,0.003722823117752457,0.005585463309233045,0.007061801420553122,0.002681633696074776,0.002468851789316154,0.0028108430510582765,0.004399278914488603,0.007092458843859508,0.003370099031740564,0.0027908854793238036
251,0.0037059676630139746,0.0055609229132825965,0.007077548924848791,0.002672060620959178,0.0024580447647713443,0.002799146260906253,0.0043800133774788,0.007107381231857502,0.0033558092911608307,0.002779380360251978
252,0.0036876494722198655,0.005532397916418849,0.0070935382059190396,0.0026619528028114757,0.00244500907201239,0.0027865641470790517,0.004359293855161945,0.007122442641136135,0.003339828131793946,0.0027652828268612596
253,0.0036673908579882993,0.00550069477871682,0.007110008274368311,0.002649618003369921,0.00242676478328341,0.00276977152304277,0.004329307577038715,0.007133381452997171,0.003317663651538145,0.002742874433570107
254,0.0036443880201579705,0.005460754562402226,0.007125534857979255,0.0026347416744045664,0.002402081564076376,0.0027525759252215987,0.004299066483801704,0.00714945857327257,0.0032945916777229758,0.002714131950876818
255,0.003621342281463115,0.005418933945396427,0.00714509670675859,0.002617250489171814,0.0023791345479781123,0.002735957836479105,0.004267179419408472,0.0071595190708789455,0.0032699086745349385,0.00268782012071039
256,0.003595056760052771,0.005377496124752658,0.007168384462018008,0.0025955537876445585,0.002355769676819965,0.0027166424073322083,0.0042323291262719885,0.0071789213593788665,0.0032412548658348767,0.002660494791856912
257,0.003565911891808451,0.005326888179250995,0.007191681656064495,0.0025718274038101265,0.0023304659700951694,0.002694748538138824,0.004191939772304217,0.007204616077752812,0.003209208845800514,0.0026297171673092604
258,0.0035382926100350656,0.00527155766513628,0.007215429628004368,0.0025522261249086766,0.0023060576259333228,0.002674674877828746,0.004147981772130572,0.007218252936982987,0.003179014257927181,0.0026010708585017268
259,0.00350039107433367,0.0052120670364706285,0.007235033645802004,0.002529215632646405,0.002277002911971935,0.002652602093320016,0.004109193950651168,0.007254063463262734,0.0031515538939608755,0.0025745987441134093
260,0.0034626739020854635,0.005156827504842456,0.007257284566349647,0.0025073685178362824,0.0022502390419577435,0.0026412822296071692,0.004090926014549231,0.007331307212534565,0.0031386058004597454,0.002560752610295983
261,0.0034314435651381413,0.0051041011138107835,0.007278443357058033,0.002486885220912901,0.0022265121085996765,0.002613225495853007,0.004042977425254949,0.007336685860573479,0.003102109178174339,0.00252912369044936
262,0.0034009634772320992,0.0050553827056014945,0.007299998746846809,0.0024617257970616594,0.002197839601576548,0.002577407006726756,0.003983631064524316,0.007323568487689031,0.0030522551338127714,0.0024829280068425046
263,0.003368289410453387,0.00499771835777223,0.007325163491613436,0.0024312943002018548,0.002166799045271042,0.0025489559456227683,0.0039309665145918935,0.007322030539345432,0.003004557365306181,0.0024425207717496842
264,0.0033316158679359414,0.0049384703057349984,0.007352452093309286,0.0024045659965845857,0.0021411086033430926,0.002521003209846658,0.0038821961745551027,0.007348522121275232,0.0029648923070419594,0.002412317304137411
265,0.0032945675393344677,0.004882231376370739,0.007376071090520836,0.0023861151095158958,0.002121677240128453,0.0024924020019860423,0.0038401423467894075,0.007371592805341356,0.0029369814832025136,0.00239025555926323
266,0.0032664427779778684,0.004837833456970323,0.007395955416084131,0.0023661730447125263,0.0020990204583363056,0.0024735954700581724,0.003804843382482312,0.007404740865313517,0.0029081230807990175,0.0023671276910905634
267,0.003237963770151255,0.004792704346803344,0.007418052876133855,0.002347026853843044,0.0020773098468075055,0.0024525501262209395,0.0037691725162499303,0.007413483609133791,0.002879662794741258,0.0023415412775163254
268,0.003206131798936782,0.0047488860437955,0.007439347004714069,0.0023302136113380984,0.0020570937639745675,0.002426619716273471,0.003732303571250014,0.007433886336575725,0.002854628764821834,0.0023172449829468593
269,0.003181646116290471,0.0047136480040878,0.0074600000980529265,0.002314668683630992,0.002036407518452905,0.002423679340387473,0.003725805651495067,0.007501436297755178,0.0028517182233952602,0.0023092401929915045
270,0.003163845500746644,0.004676596517149907,0.007478107204424507,0.0022981373341266855,0.0020188619887604666,0.0024134841950218425,0.0037015063036732977,0.007528090564662583,0.002831237382680438,0.0022927498771527703
271,0.00314820295155274,0.0046460914280862155,0.007499382335721407,0.0022879690907394957,0.002005583141812727,0.0023848068171103505,0.003650015961213589,0.007499004879928943,0.002793815037705769,0.002258953524202484
272,0.0031323322825474527,0.004618551161149427,0.007519053215359312,0.0022797356912857172,0.0019939504074451483,0.0023730086252163837,0.003627430953170662,0.007518763350371761,0.0027801527185569207,0.002243675470818905
273,0.003121666960496054,0.004598195729816948,0.007538619164488811,0.002265239623506333,0.0019838921839530612,0.0023656137714428848,0.003611663296753311,0.007524191378606829,0.002761990730626449,0.0022329135429099097
274,0.0031052190571832002,0.004584383772567359,0.0075607816131383985,0.0022588994277292856,0.0019729269544279194,0.0023516898494880148,0.0035998140523292687,0.007551147599341587,0.002752121357088931,0.0022199749815831494
275,0.003091917702198491,0.004575217888671289,0.007579890862017886,0.0022567834347726862,0.0019628881885969817,0.002339452583138828,0.0035885877769068673,0.007560851693131924,0.0027455170185541086,0.002207588703139568
276,0.00309076132896139,0.004563381826583515,0.007595643073635024,0.0022527909736626186,0.0019553323862460544,0.002343336857913384,0.003588410376361832,0.007586092148667712,0.00274415733910466,0.0022029416835092916
277,0.003087744846160142,0.004557284291265626,0.007605787231847805,0.002250262172738878,0.0019460284414794487,0.00233870653758507,0.0035780923323929835,0.007599891849615126,0.002736574474104418,0.0021900469166098993
278,0.0030828772285653385,0.004547701325907166,0.007621143246400605,0.0022456250251543164,0.001941851085553614,0.0023419353451256206,0.0035822333285140486,0.007619656832299689,0.002737549543813552,0.002191255017646066
279,0.0030787729135470093,0.004538853595603957,0.007635118492273056,0.0022452276956217935,0.0019436912386513881,0.0023383744457298496,0.003573948745066033,0.007642672868175422,0.0027356126272037365,0.0021937214444902064
280,0.0030756549636086834,0.004531767225229096,0.007642145154324238,0.002251983201584266,0.0019448788760220031,0.0023356366588408142,0.0035667897907560395,0.007644748660059708,0.002741678609382401,0.00219586416179656
281,0.003067412982127226,0.004525292777416032,0.007648571975804796,0.0022457790260053084,0.0019368906166573855,0.0023269668205297598,0.0035591840773163226,0.0076426797502138445,0.0027291123977531257,0.0021826744606278322
282,0.003059076566933885,0.00451392227083913,0.007656073522326292,0.0022455355947665996,0.001926947050806013,0.002331446419674531,0.003569079857266245,0.007687173770329239,0.002738499914194116,0.0021813341324628437
283,0.003049884581527618,0.004499870675503458,0.007664180797208281,0.0022469236314211186,0.001916813814762929,0.0023135109382210733,0.0035373835020319727,0.007659422483498878,0.0027251289896282737,0.0021597036813463754
284,0.003036567341263378,0.004475422701203291,0.007678163416896303,0.002234932018307398,0.0019044376080723884,0.002306778080595159,0.0035222846306856605,0.00768649237227931,0.002713116565343206,0.0021471026846466446
285,0.0030206046501755615,0.004453264663118699,0.0076973526865643975,0.0022222197998826246,0.001893512710934765,0.0023026403023961007,0.0035176504269646344,0.007724217720663557,0.002706699695475933,0.0021416838756504212
286,0.0029997700273501145,0.004427898957094557,0.007715228113500016,0.002204876433703579,0.0018834684024652852,0.002273784223782907,0.003478212676175018,0.0076954594189412705,0.002666085341020949,0.00211845076531831
287,0.002975345853377144,0.004393845862084528,0.007737164134067447,0.0021847629334212177,0.001872894439697862,0.0022557878395826265,0.0034499596243615115,0.007719363865338146,0.002635892755327194,0.0021054626900602223
288,0.0029481809693608758,0.004345639377829703,0.007763047650616964,0.002168040753512913,0.001857515802621581,0.0022365644016308197,0.003413176105833981,0.007752147856720883,0.0026145623275713806,0.0020892867731069987
289,0.0029209243557421875,0.004308488022710102,0.007789388793535174,0.0021448337909119736,0.0018337651094732488,0.002216250056901593,0.003386295368230622,0.007770043848983043,0.002583820723531148,0.0020627337709051346
290,0.002887515156574218,0.0042757226978779725,0.007811664873829025,0.0021191839850947243,0.001808152896802638,0.0021991246354059577,0.0033728361093427034,0.00782800544674861,0.002559391501789119,0.0020424150206057694
291,0.002851037874298484,0.004222934099664145,0.007826724364966621,0.0020960841902386536,0.0017800600420544402,0.002160173376191978,0.0033165053669129882,0.007808245712769902,0.00251482126777181,0.002001608477744786
292,0.002830633491028687,0.004173864205382422,0.00784396267180554,0.0020770868425551586,0.0017462788634834932,0.0021653480585675303,0.003305219149392142,0.00789459617480506,0.002509214320224461,0.001977948923179357
293,0.0028135892675825495,0.004124939545352435,0.007860706254194905,0.002064424489479069,0.0017288174806904956,0.0021507950900584998,0.0032590092173950787,0.007898297427015201,0.002485762770437533,0.0019521971485806503
294,0.002789771089435498,0.004083553149299204,0.007878573141775034,0.002045345378741632,0.0017294902169846887,0.0021388332941057885,0.0032344614686509675,0.007944554995366006,0.002470925442498736,0.0019633414797358
295,0.0027548927398038186,0.004044958252272518,0.007897426425795058,0.0020177996948799954,0.0017280860064312615,0.0020895261932774656,0.0031737732378747854,0.007884143685177238,0.002415384084401397,0.0019470593533161783
296,0.0027151027165569818,0.004010051322626205,0.007928844833658489,0.0019985373975816368,0.001709085778355618,0.0020608286465803047,0.0031466121989679853,0.007920642885888746,0.002390522074109491,0.0019252766223208874
297,0.0026800826434760137,0.003972575752911783,0.007952532597829316,0.00197501054394514,0.001683456387316116,0.0020353740258367533,0.0031208620566249155,0.007951954260611183,0.00235882728494524,0.001897948714240941
298,0.0026584919492499697,0.003931445173734894,0.007965800451875183,0.0019519226931585176,0.0016675611694580445,0.0020219321429002742,0.003094406252837746,0.007971684698514272,0.002332268105164022,0.001886744296889508
299,0.002647436081210304,0.0038915484756173574,0.007980586290217055,0.0019371266932882807,0.001659283556411317,0.002028963879387094,0.003082389652392003,0.008046570663453701,0.0023302913232967023,0.0018908725451929655
300,0.0026307165790188406,0.003864679386575358,0.007994589483727058,0.0019199166028799632,0.0016357950236640772,0.0019979047502302495,0.0030317958663595105,0.007983631893313891,0.0022843909130049267,0.001840690329318122
301,0.0026172006148254294,0.003846159357482554,0.008001274462499595,0.0019084095651363776,0.0016152921963624215,0.0019843734714520855,0.00301338292284865,0.007983079312060208,0.0022657376186186076,0.0018123758563506457
302,0.002605426201845371,0.0038242390478720025,0.008001445553685389,0.001903247175119802,0.0016221089122246638,0.0019776439599898735,0.0029984426566472713,0.008013980344773478,0.0022672830376674817,0.0018258928858674221
303,0.0025882009184990556,0.003788346972932593,0.008007390232088091,0.0018932106694193452,0.0016489809343536443,0.0019784262741736626,0.00299501503954027,0.008074997354063414,0.002278833888100341,0.0018777793421030594
304,0.002571100510005109,0.003776106883057998,0.008031354413130099,0.0018669305199408711,0.0016438279421954213,0.001961465354088151,0.0029768336775998247,0.008080531296742266,0.0022436928891481312,0.0018721147305192914
305,0.0025570755578329402,0.0037604391948330897,0.008067594285932742,0.0018416529390697424,0.0016110906482616118,0.001938571758148035,0.0029493705904273283,0.008059205604236602,0.0021945342335420413,0.0018172821740037248
306,0.0025403508346484743,0.003732461259391675,0.008117763209691108,0.0018272193035918723,0.001582461112967622,0.0019438760974705694,0.0029489463236439615,0.008173521729209939,0.0021914699411701294,0.0017981537958842234
307,0.002515441755707368,0.0036721624334014923,0.008180562896521637,0.0018159970003871753,0.0015751085503852263,0.0019142967145003127,0.0028848927876510043,0.008184383292344409,0.002163204575759782,0.0017823275713542614
308,0.0024849901924043835,0.0036276038552956837,0.008219668545502047,0.0017929355911829768,0.0015671742901095286,0.0018919176368067143,0.00285044828759045,0.008223822826697582,0.002138707035248561,0.0017795639942415928
309,0.002458119116191863,0.0035927418247229496,0.0082438635890235,0.0017583364013108852,0.0015591458081653901,0.0018675708222846512,0.002814038688045247,0.008236744548884307,0.002093611246252865,0.0017699113132339476
310,0.002436327355198396,0.0035512538197079177,0.008268171610061584,0.0017196853413177016,0.001549732822100146,0.0018539895185821001,0.0027872958747131053,0.008272380257667796,0.0020509496555698174,0.0017598618808399309
311,0.0024121967832530997,0.003521114815258919,0.008287257617312015,0.0016885315477108188,0.0015360357042395417,0.0018418328855484237,0.002770928028193357,0.008318602671546436,0.0020252811336219103,0.0017506401389942676
312,0.0023842603600977576,0.0034825553590268855,0.00828321345741282,0.0016767328104024717,0.0015354164073970058,0.0018123369857736742,0.0027365549846347062,0.008290700260668927,0.0020057033330776438,0.0017479560581351293
313,0.0023636620337693565,0.0034537291179705457,0.00825633866809807,0.0016766478367125836,0.0015349784901177543,0.0017949706767529758,0.0027099961454495904,0.008266499877646334,0.002003037382798118,0.0017528351943877267
314,0.002355211067553368,0.003427852550401593,0.00822888292450783,0.0016730014779784237,0.0015283683578363137,0.0017851168114802357,0.0026824867886791753,0.008228383186707136,0.001991873303306827,0.0017404848875636981
315,0.002350131689750263,0.003410485514004593,0.008221889426084041,0.0016591717885833476,0.0015247872791774642,0.0017811722030226234,0.002668612533618812,0.008219603232155998,0.00197407878604349,0.0017374006701949038
316,0.002336587801126494,0.0033894974349481396,0.008215920437506834,0.001641446584131477,0.0015188637593796963,0.0017849251875703023,0.002673894914906233,0.008298849118126702,0.0019720386328888574,0.001748619505775959
317,0.0023203774634417413,0.003371037160297925,0.008208839333881283,0.0016338656674873024,0.0015128777998054128,0.0017618244306150353,0.0026467664197117008,0.008247227643300837,0.001954430323651477,0.0017379908705691099
318,0.0023084796942538666,0.003362383428889941,0.008207997530997314,0.0016364238840581877,0.0015053205026485923,0.001753522759699376,0.0026460050828850503,0.008259935484866912,0.0019601530013739644,0.0017348780686592309
319,0.0022993578301890457,0.0033554940033214235,0.00821105698710513,0.0016361567662667885,0.0014939954957508537,0.001743486894319246,0.0026386943708301405,0.008254939598346517,0.0019582423734570836,0.0017192267295975394
320,0.002297319249015628,0.003347530032207086,0.008221759542444697,0.0016300067592865868,0.001499949945025762,0.0017391711230980344,0.002626623667076108,0.008251829568062589,0.0019469801646047353,0.0017237831193371025
321,0.0022960937523348155,0.003340483940165767,0.008242468528451567,0.001618339572386226,0.0015120106181765816,0.001747658586164762,0.0026353115119738856,0.008318049835281725,0.001947514221673979,0.0017469444648357437
322,0.0022901233403153044,0.0033396662133055696,0.00826403982147812,0.0016049248116861536,0.0015170581111363661,0.0017434140071554939,0.0026352506495917185,0.008341663003764137,0.0019389327618191932,0.0017509162827241554
323,0.002283805066021667,0.003338462563331785,0.008283857014878635,0.0015958428958442131,0.0015204565123109544,0.0017245641390286172,0.0026164948418497275,0.008292449672952984,0.0019139944396976798,0.0017413180896766697
324,0.0022776642562310715,0.0033422235035507277,0.008302043364777967,0.0015890521757570288,0.0015293527723125027,0.0017181973223036886,0.0026156999036616884,0.00830604285066298,0.0019055628636111756,0.0017496639068141577
325,0.0022814967760207178,0.0033446631120972723,0.008315219444139913,0.0015865673174468736,0.0015385898868688344,0.001729759550944039,0.0026330349099387466,0.008359036702900485,0.0019142562586237143,0.0017708242322340465
326,0.0022962367252502714,0.003354606002665088,0.008333802203444693,0.0015906921859204172,0.0015464694589512739,0.0017332583322878297,0.002633376202959258,0.008347196715011353,0.0019117281396895365,0.0017725133865304425
327,0.00230429925131229,0.0033742055470443277,0.008351576368830521,0.0015958188959332232,0.001555644099864312,0.0017412034924451302,0.002650398265101096,0.008365975836574906,0.0019215716187307454,0.0017853496226702765
328,0.002313397161754736,0.003389705596880678,0.008365013532400413,0.0016034117808367968,0.0015693478428204768,0.0017467637175476018,0.002662611416769198,0.008383304666813569,0.0019328475536689175,0.0018002758950902377
329,0.0023338228495116123,0.0034155033720043478,0.00838039945952845,0.0016138040827810432,0.001582864296101635,0.0017655447434575605,0.0026876013508324178,0.008408339150083021,0.0019522194169838412,0.0018176531133579415
330,0.002363453409691713,0.0034494064764354813,0.008399936077926617,0.0016267126416685607,0.001598344750646306,0.001784929902726346,0.002708952654937998,0.008413190333407133,0.0019674549098935416,0.001832287016126745
331,0.00239072592655973,0.003483696754429302,0.008413561726225755,0.0016425252315552703,0.0016220256744245364,0.00181001371722981,0.00274300972958004,0.008444654433609007,0.0019971140058419193,0.001862887950524382
332,0.0024225363362991854,0.003536316956264665,0.008420508894982689,0.0016673613737266816,0.001640218206380276,0.001824071808842107,0.0027721805366920332,0.008425112380680687,0.002014630620160558,0.0018707518891422934
333,0.0024661674660598136,0.0036130759121536698,0.008436356763844325,0.0016903306960675837,0.0016653386240870491,0.0018545871678530017,0.0028324310043829695,0.00842818737885952,0.002043647213040655,0.0018967641591815477
334,0.0025273249347722944,0.0037093082910925356,0.008462075148704971,0.0017217294013532939,0.0017072333051438148,0.0019180457454845699,0.002938663906463894,0.008540372221629304,0.002111703300714267,0.001961061932382051
335,0.002610998952942046,0.0038275899480345824,0.008488240519153362,0.0017900017955506944,0.0017590695767264275,0.0019677934781144753,0.0030127229590483627,0.008499947677950365,0.00218271227747492,0.0020040386314926547
336,0.0027111641814818984,0.0039675319643421,0.008517255427969456,0.0018605379860625576,0.00182402049268924,0.002040428884901849,0.003118179791882632,0.008515610428402858,0.0022771462715296493,0.0020699227772730724
337,0.002815067343336299,0.00411858876151567,0.00854045384529902,0.001935318320838405,0.001888660438508388,0.002111581550445995,0.0032249335489292065,0.00850213383192944,0.002369683392632745,0.0021296493080537
338,0.0029226886655561394,0.004280018736630645,0.008553944099995069,0.0020196226220591,0.0019505183970311424,0.0022072464172437586,0.003377635743772636,0.008566311582560287,0.0024911776456390507,0.002210262809345282
339,0.0030522416089786256,0.004485224100623469,0.008562439193970135,0.0021088843724075376,0.0020273227626081683,0.002294995053572915,0.003527721787008913,0.008540342296147134,0.002598661695639627,0.002280492302809761
340,0.003210995835206235,0.004735986312332068,0.008569164998406154,0.0022185875889807046,0.002127593449427809,0.00240419623479813,0.00371338819563147,0.008504349391577537,0.0027312039346590344,0.0023812026348318644
341,0.0033843480401499846,0.005016140970784636,0.008573317211599051,0.0023396207931537932,0.002246855809503956,0.0025568235480909057,0.003974022316929009,0.008582092362754895,0.0029186695628706963,0.002535739029629843
342,0.0035844616232110146,0.005337789585180626,0.008575083590715989,0.0024823869499173688,0.0023948033586591233,0.0026816137662362734,0.004197122415910795,0.00848859729304517,0.003085658623419688,0.0026759471579894077
343,0.003836529305397884,0.0057367856257176655,0.008569813821837163,0.0026647630280604863,0.002585144454164204,0.002867024546745584,0.004511324039524775,0.008473309778092207,0.003332719253176111,0.0028888491917998587
344,0.0041185294023212615,0.006183883215807682,0.008552652843190355,0.00284707961743243,0.0028004940946181715,0.0030788832945544175,0.0048709971541594866,0.008450376373462338,0.003597486718687798,0.003134213939814959
345,0.004434297804596514,0.00668370794960923,0.008544534104260426,0.0030417916711007035,0.003046953898647259,0.0033262627794710866,0.005291639827760057,0.00847928807314834,0.003896051112659517,0.003425875333095467
346,0.004765661931450006,0.007214118417138649,0.00854689341795258,0.0032471795223585186,0.003314693314259448,0.0035560581161520233,0.005690945935254787,0.008443023892963373,0.004175247556220723,0.0037155303989426566
347,0.005098671844708522,0.007759273980670311,0.008553888532801632,0.003449437113551275,0.0035926540775476296,0.0038182929579544346,0.006152424291245724,0.008495962873195083,0.004492821331044868,0.0040511656806784405
348,0.0054818735800968976,0.008383955168301161,0.00857982148777169,0.003679754665091744,0.003911536880344544,0.004093653010335896,0.0066411093179579135,0.008518101462362464,0.00482780665910122,0.00440801278394107
349,0.005894204836947966,0.009057630672688735,0.008627641590002271,0.0039298573490882185,0.004270487665428775,0.004398886208101666,0.0071799207480538925,0.008588957784966515,0.005204190666206564,0.00482194857471271
350,0.006310382762525056,0.009739612471950463,0.008696671839659983,0.004185485024686654,0.004647004164331937,0.004717198760081794,0.007746272446144693,0.008718245884614633,0.005605015168900348,0.005270044413204242
351,0.00674218863762701,0.01045451100905784,0.008795318352473767,0.004448072884971969,0.005030812481323682,0.005030656252836055,0.008314247015346068,0.008855018920506991,0.0060021060754076,0.005706734768773508
352,0.00719054405443791,0.011193964370403051,0.008917631760886039,0.004709381144827205,0.005431699069570252,0.005355433841289063,0.008897756784714566,0.009021394076386404,0.006397052943451315,0.006161545263556767
353,0.0076158944269221025,0.011891577014046422,0.009057963774180007,0.004959585474592181,0.005820105750144059,0.005676225191192712,0.009464839969272824,0.009229080627172781,0.0067878105531915065,0.006617439443945587
354,0.008034929328990803,0.012583285340110096,0.009221629537688956,0.005205647049426324,0.006214058688334481,0.0060002894695881746,0.010042623922379484,0.009490203283160165,0.0071868591845983985,0.00709162648938634
355,0.008481613133104639,0.013336474371112291,0.009421030193192794,0.005460234548729539,0.00664402863207813,0.006319363947408303,0.010631606490238445,0.009757213360893248,0.007581154310378412,0.007579980805545117
356,0.008931600455377331,0.014099788600069548,0.009652158222020838,0.005725626321688379,0.007079120821102764,0.006698674511387697,0.011325168283734924,0.010147789663659432,0.008062331595119642,0.008145467371231294
357,0.009388521873235706,0.014869612189576534,0.009915468693994277,0.005993925328944287,0.007524487074391371,0.006988771585900372,0.01186446631574388,0.010442463278976757,0.008436843573330988,0.008608696858785252
358,0.009858142033319394,0.015652026473333667,0.010211758921974552,0.006257166259820704,0.007986210101775705,0.00740638680063474,0.012615145121735808,0.01094663102275638,0.008953237128606352,0.009235939208499383
359,0.010344201036242168,0.01646122904969575,0.010547212083317157,0.006520813432631237,0.008467194550138404,0.007720208203919133,0.013187415767407324,0.011333193136294191,0.00933675463491821,0.009739550241614051
360,0.01084048949298846,0.017299812244475046,0.010927633845797693,0.006793866531488363,0.008967776730003972,0.008050928603238153,0.013798896771356572,0.01177564673547831,0.009748953463971888,0.010280144271951265
361,0.011298935224017138,0.01809659922752185,0.011306590313709912,0.007054459966477723,0.009459548210767568,0.008398755085521478,0.014458601504744274,0.012285134388029386,0.01019612210594193,0.010872498854115927
362,0.01176743745837229,0.018921625321861108,0.011717289942678562,0.007320486182598953,0.009958706155912532,0.00872828890032247,0.015099814450410028,0.01280190325609495,0.010627094401369011,0.011443330989400166
363,0.012294907563158288,0.019848439584594587,0.012204304558091869,0.007611151944694765,0.010489318435245922,0.009129829412105718,0.015871805097325074,0.013451279402250825,0.011145064768858903,0.012091414632383429
364,0.012826176430775356,0.020793485855476093,0.012718589620556116,0.007895650721405427,0.01103234959223987,0.009515154702892357,0.016627587984147377,0.014097773285332864,0.011643850773913217,0.01273537599108539
365,0.013384399960851336,0.021796923448946823,0.013293031846988638,0.008178764583325766,0.01161686207881523,0.009953634930264167,0.017490824987820727,0.014839334160255967,0.012195973315252863,0.013476069643384207
366,0.013975877761387322,0.022850864698124623,0.013952659461347302,0.008472065462838374,0.012272778581463495,0.010349138927191661,0.018277622657346,0.015587008201130645,0.012698028687787698,0.014215393520267324
367,0.014604524450879817,0.02393291619523756,0.014711324988170762,0.008788732162986698,0.013036619034978617,0.010798664512343991,0.019137643193312896,0.016491978343650637,0.01328179380234077,0.015124641438408824
368,0.015255256830083053,0.025033093549035865,0.015543957083753453,0.009126914508156028,0.01388052091279215,0.0112571453965464,0.020005544918922893,0.017470068951899256,0.01388359842685524,0.016115684370448267
369,0.015873597098658546,0.026164251913118244,0.016384970510682616,0.009477763700518532,0.01466815392609034,0.011726176698731576,0.02096193037843823,0.018541840659655008,0.014532711364400139,0.017087160036051104
370,0.01647516047629575,0.027296905836781227,0.017212405376220714,0.00983771603691999,0.015406048687008504,0.01213273214215095,0.021823507996434618,0.01952541509213839,0.01512481046510523,0.017926944305099713
371,0.01705619892982559,0.02838608531778271,0.01800498432584676,0.010188841451101027,0.016106896457640556,0.012544701528916688,0.022680678824661245,0.02047679510945452,0.01572630465847433,0.018754608488090154
372,0.017641009534785847,0.029497880433602637,0.018815574034225645,0.01053646739752041,0.016816636258254004,0.012960700749775636,0.023562508418604716,0.021444871652334233,0.016335380456153837,0.01960052591750626
373,0.01829623650668384,0.03071997186356477,0.019769914011682804,0.010904999291545881,0.017660971516792186,0.013435022827214003,0.024549124017500812,0.0225859149309934,0.01701875926742964,0.02062922529877516
374,0.01896896363149114,0.031991249858706126,0.020828544544598718,0.011295866024039173,0.018588903940038707,0.01390048345208262,0.025551437111121126,0.02381508391461461,0.01772108416278953,0.021737547842123194
375,0.019615124166079502,0.03323851915866332,0.02190464630156938,0.011687740690115474,0.019504160709444822,0.014389455145336825,0.02661755611990062,0.02515280162937974,0.018465848394786592,0.022896594639923
376,0.020288853533975807,0.03452078120562525,0.02302185918903147,0.01208753772676947,0.020428981172978276,0.014844851987979408,0.027596425710471856,0.026432687753421,0.019142958861000738,0.023968699289284814
377,0.020957708827816557,0.03579931009718052,0.02417588192918454,0.012498182219820497,0.0213738305887558,0.015282674879485935,0.02855894206559129,0.027732040374869198,0.019824256249103323,0.025058085480701826
378,0.021613779851742287,0.037063938465015815,0.025375483296608745,0.01293039528407448,0.022360915365893335,0.015768386155420575,0.02961828129733894,0.02919016118250827,0.020606341855526105,0.026297518186760585
379,0.022257240457723725,0.03831053151792426,0.026607141915101225,0.013379162420256292,0.023369076036777684,0.01618720372365855,0.030550979830372776,0.030576584008264678,0.02132584024215124,0.027461367568456057
380,0.022885707062409232,0.03953498432532107,0.027842975526156964,0.013835699981760275,0.0243651568053336,0.016583262141609163,0.031449631385833766,0.03195521982538535,0.022030815304093145,0.02858950099765024
381,0.023499079541546578,0.040744907936791905,0.029066909349831697,0.014302681642564284,0.025348473215038577,0.01702765585624633,0.03245179164893644,0.03344308450572661,0.022813665291260953,0.02980235573031436
382,0.024106304421598803,0.041953411313830825,0.03028339326863561,0.014769118442613732,0.026285452864666724,0.017442906382826508,0.03339440677301669,0.03486131503247357,0.023548615742870243,0.030908848762492645
383,0.02469117398208621,0.04312500253474905,0.03147726983419765,0.015226068159123907,0.027192717677006754,0.017903776735261077,0.034429607232129816,0.036372288996304576,0.024349219003273533,0.032096644253511816
384,0.025274194830508405,0.044307546301894284,0.03269476975293622,0.015694498575372175,0.028128089676187493,0.018347648407206794,0.03545765942981791,0.03788091370510946,0.025149017806238662,0.033305800183782715
385,0.025843415867983065,0.045494700070803064,0.03394139717118972,0.016167424374941928,0.029063416936583052,0.018901155338284313,0.03672333535201351,0.0396779070119315,0.026119110833325087,0.03474163956631872
386,0.02638523958496343,0.04661795469089096,0.03518113369143785,0.01663014594435404,0.03000109937239095,0.01905538021277673,0.03721125646049536,0.04067963305553847,0.026552385799136588,0.03549359362747399
387,0.026906834754381766,0.04771509772470353,0.036416708964739204,0.01709258591462396,0.030926576291580563,0.019472944566253494,0.03821874850190618,0.04225873606499253,0.02735653734764629,0.03673769236170321
388,0.02742331861977711,0.04880960135190754,0.03765203784328292,0.01756427483998059,0.0318437997460813,0.019748094777656305,0.03894368578409165,0.0435275515080143,0.02795818703773047,0.03769722006763217
389,0.027906251483238564,0.04981838851287602,0.0388326976522187,0.018016861659128053,0.03272775003345912,0.020076321292132677,0.03975542453853894,0.04490647184721532,0.028634772129617847,0.03876894460414849
390,0.028367176020999932,0.050805117929572506,0.040001970848631406,0.018455539546831705,0.03358314157361594,0.020297387666706367,0.04037801090562723,0.04606824424664238,0.02916879117369293,0.03963777185331667
391,0.028788901240979953,0.051744630068020325,0.04112539490964819,0.018886339360903795,0.03438894417306724,0.020599853455439767,0.04117285464265411,0.047405694099901335,0.029825169782119125,0.040644083684473635
392,0.029190981231390318,0.0526563359660371,0.04221643437225066,0.01932254350115751,0.03517182029607696,0.020953605967197666,0.04208054954732632,0.04886542862404347,0.030574699289386078,0.041754481740548584
393,0.029559455293624203,0.05349592243838435,0.04323768985642948,0.01973641096702118,0.03589588787470426,0.021193728232839396,0.04276232217130857,0.05005976542434803,0.031173772292606396,0.04264004569819172
394,0.029935637268792375,0.05432279239354061,0.04423360748867138,0.02014215674321377,0.03658163791747928,0.021431922308639478,0.04340033208489791,0.051181025766505364,0.031743030254325656,0.04345663216610137
395,0.030292300152392936,0.05509481176121571,0.045196354706579796,0.020521994047088776,0.03724649875528529,0.02168438643236008,0.04405815114695639,0.052325368691488086,0.03232043107315725,0.04430269095747899
396,0.03060956318390622,0.05581152828874578,0.04609443991340423,0.020886093065464004,0.037870684831403024,0.022076267722124017,0.045022055607613645,0.05382613323650978,0.03312787162239003,0.0454551872761336
397,0.030900055367910368,0.05650291060980227,0.04693933839727348,0.021246628086175827,0.03844870746325014,0.022016832325564485,0.04508447515256068,0.05422237793084001,0.03327469651465195,0.045669482963152395
398,0.031180049801489845,0.05716463043944134,0.04776828113178298,0.02158781436380028,0.039000464494373645,0.022220616033866658,0.04567687586397999,0.055239720988470895,0.03379525362013149,0.046401818719586645
399,0.03141109820375867,0.05772185414343439,0.04851622980802927,0.021888117289791318,0.03948699286587861,0.02236944085486454,0.04613342685149129,0.05609723459300283,0.03421563375412698,0.04700062108260515
400,0.03165205551775358,0.058305821463561364,0.04927528919705255,0.02218838949815649,0.04000164337223316,0.02251093875786442,0.04659109148048978,0.05694340618864608,0.03461558824119876,0.047608521924457754
401,0.031857444863924354,0.05881654271564324,0.049950475872177776,0.022450967004351896,0.040449753140361804,0.022651050995671194,0.04703913390343216,0.05775795325075735,0.03499947259811278,0.04818674047679405
402,0.03204210491899094,0.059260579056103706,0.050543650554046665,0.0226862650873931,0.04081781258373753,0.022796279557702283,0.04745259976197255,0.05850730333272043,0.035375976906261014,0.048695430590862634
403,0.032223297762840164,0.059710004856879675,0.05111206182261995,0.02291943654422334,0.041186526539217325,0.02303166830609707,0.0480733626948026,0.05947025719680716,0.035897310436586144,0.049414674426194176
404,0.03236538212370652,0.060098091451611504,0.05160923415434028,0.02312590107125652,0.04148634802003699,0.02294116087317934,0.04803026070259522,0.059591506800242715,0.03591538411499401,0.04941869529980419
405,0.03251771690662517,0.060533072153096584,0.05202609996982766,0.023321155919896287,0.041652533870402714,0.023015532877675073,0.048361570251027844,0.060077649173215064,0.03620552636645889,0.0496367131403282
406,0.03272890073937725,0.06120326985972127,0.05237938801403796,0.02356386634538213,0.04167406711399715,0.023150615623856827,0.04889902485168157,0.06055941129643932,0.03661359223057781,0.04972931796689401
407,0.03296536924447288,0.062062158642023586,0.052607912252872875,0.02386810658753073,0.041586292785813835,0.02331164863330483,0.04953867722499818,0.06082364674048885,0.037040106716258424,0.04963338317160645
408,0.03334422213290507,0.06276174015298791,0.052789636791778304,0.024158239648070984,0.04177202241843327,0.023681947799533715,0.05030863727055181,0.06120548617486436,0.03760858089516605,0.05013624986918397
409,0.033640054384208536,0.06341686451938736,0.05304205106224955,0.024376034703119765,0.04216359541918369,0.02382380148826179,0.05073709321601694,0.061177966063802575,0.03786125307377014,0.0505883388017133
410,0.033603005714690014,0.06374244124067165,0.05357792348023269,0.024338078839815983,0.04284600402731,0.02377029277655903,0.05111709752961467,0.06162473811922577,0.03797371978171441,0.05158258448543906
411,0.03334133764570427,0.06325164125219507,0.05435642802775715,0.023989199435268137,0.04378834981478775,0.023474548370738185,0.050795623875679145,0.062247264512822635,0.03761544926250333,0.05278480075543028
412,0.03304394247751952,0.06323254136384335,0.05481962609770309,0.0238506295882836,0.04393150727936118,0.02318328116295591,0.05070780360560587,0.0626889900171747,0.037394236230716006,0.052849276364340426
413,0.03294602715902714,0.06312550523994122,0.05517280033307824,0.02384239435434701,0.044021164083589345,0.023350875980177918,0.05115926158240681,0.06382827247042965,0.03771410295135713,0.05344324522807009
414,0.032959176647355176,0.06291292200874511,0.05545091535516004,0.023906379465963214,0.04416969630157645,0.023139031269950597,0.05049604355564786,0.06361004411462912,0.037331144298332744,0.05302349434742292
415,0.032980020293272364,0.06282971366721014,0.0555763218024148,0.024021830201615215,0.044154498450791904,0.023131485488214303,0.050321517465365735,0.06375660581096933,0.03731890382511132,0.052829606844660405
416,0.03306091109635501,0.06285304951572084,0.055641246583102766,0.024155701043867186,0.04407387866134146,0.02317967668652548,0.05023987011449621,0.06382886635349705,0.03735951685525887,0.05256821296953478
417,0.033178147657274164,0.06298210734751289,0.055733428301334015,0.024328285176009896,0.04403445224272973,0.023334390363093815,0.05044090972895745,0.06417893802252662,0.03762248988242387,0.05259285652960743
418,0.033261708137960554,0.0630846783727835,0.055802686939624944,0.02446604356846863,0.04399817687440901,0.023425767473332186,0.05054791180200445,0.06437786123370902,0.037802880285328286,0.05256563715962179
419,0.033346300151334524,0.06315483266134513,0.05587214759608969,0.024559240396041775,0.04399407600912734,0.02350469232863467,0.050622091601621025,0.06453135681018218,0.03792465138092599,0.05257540119251747
420,0.03349012769877797,0.06331266117154415,0.05603502757515724,0.024673369338272733,0.04409540121444563,0.023589776898998778,0.05071691580550005,0.0647094616604903,0.03803656992824403,0.05265814199289395
421,0.03350739019280155,0.06334010486865954,0.056070034258895826,0.024736453287429336,0.04409143088591434,0.023606963638622382,0.05074568487798665,0.06477898355836906,0.03809271606102754,0.05264866543251795
422,0.03353666080018372,0.06340362901591394,0.05614920573273307,0.024778185530941358,0.04413330450689576,0.023641806517029476,0.0508384444261483,0.0649164234148103,0.03815944836590187,0.05273040694184965
423,0.033584002567581914,0.06348334853775187,0.05625707090993223,0.02480532641345293,0.04418303685021508,0.023563736365158714,0.05066510267825208,0.06473401314069162,0.038012983572927296,0.05254093232777173
424,0.033602693652902624,0.06352101854240677,0.05633109537839139,0.024822868472855232,0.04419538577052717,0.02361335440181228,0.05076401241258855,0.06491959197264001,0.038087864007276734,0.05263015595907672
425,0.03361995495788327,0.06357950500361724,0.056421735861914145,0.024848981463033343,0.04425317385095114,0.023672296163159988,0.05093088281731949,0.06517818384314916,0.038216603077850554,0.05282514336641902
426,0.03364508147706983,0.06367586296345833,0.0565305282088689,0.024880657065064645,0.044313796089340086,0.02365607260457901,0.050956771988416145,0.06524524412093674,0.038229051989843596,0.05285203340187791
427,0.033658246409260136,0.06372120698854104,0.05658326496885296,0.024896458507842358,0.04431668143671321,0.023700885510176274,0.05107874551079275,0.06542230756947412,0.038305769802279,0.05294102085217287
428,0.03371741340814625,0.06382638797247671,0.05670070813525652,0.024950239478785795,0.04437794884305318,0.02365567861778121,0.05098594575427358,0.06532081116950915,0.03824051117083731,0.05282437860743962
429,0.0337000271133064,0.06381441775074673,0.05672355315966943,0.024953466465819377,0.04437904369918831,0.023655507299091123,0.05102067548050464,0.06538873305634181,0.03827529018691752,0.05287287648285118
430,0.03369562076792821,0.06387283812611007,0.056780595315699456,0.02495106145947736,0.044401123656055495,0.02366440572919965,0.05109737002309973,0.06550365693399664,0.03828743241299925,0.052920887712240496
431,0.03373193689641091,0.06397441419479707,0.05687375054696906,0.02497877808955128,0.04444738371406656,0.023658166385395647,0.051111597947569996,0.0655121400981665,0.038276870139201086,0.052899116143152645
432,0.033748855195974564,0.06402615587289784,0.05693387862480993,0.02498231244354809,0.04446642288007932,0.02368879141126041,0.05120825957387169,0.06565042036967007,0.038334098104188426,0.05298493846218338
433,0.03375893015147369,0.06406754005410689,0.056987775158776094,0.024974156200424993,0.04448516972394875,0.023723432932560955,0.0513205168229263,0.06581947930179105,0.03840036721978171,0.05310364678027615
434,0.033775762146795764,0.06412283971392879,0.057040570166543215,0.02498568556311602,0.04450647000569163,0.023727363830714332,0.051365753627521556,0.06586146281999916,0.038435560097327306,0.05314374158146202
435,0.03380099581329104,0.06425012284690863,0.057132913941339444,0.0250137537383749,0.044545531328001604,0.023630520024770504,0.051255741875833,0.06569215182174475,0.03833484462163683,0.05298672620166706
436,0.03382173690897878,0.06439309085698149,0.05721725071209791,0.025018869146876767,0.044573651627526426,0.023726550542919656,0.05155876858897054,0.0660205487563636,0.03850651860584554,0.053219443837281555
437,0.033820617107677635,0.06447390116361755,0.057252057551257556,0.025008806817627644,0.04458555920695403,0.023666403354760834,0.051497642192699214,0.06587083804993667,0.038402245730355264,0.0530976533344157
438,0.03382733818993701,0.0645387950675583,0.05729953520498259,0.02501788578500212,0.04463300800845785,0.023672012158245746,0.051577725977346084,0.06593830452085708,0.038435963255195105,0.05318357944137632
439,0.03381330815112024,0.06454046043851756,0.05731699747981393,0.024998900094076022,0.04465055619748178,0.023702766941988626,0.051701424631809004,0.06610801619432295,0.03852532139432288,0.05334574149097509
440,0.033860970073710854,0.06461607515551825,0.05742749448096405,0.025010091650292478,0.04470811934806082,0.02365710495985408,0.05159836474621798,0.06602593153294604,0.03842743905680049,0.05325137424923638
441,0.03384419540821801,0.064555874533835,0.05742995838233657,0.0249949185534033,0.04468614618618347,0.02364438738362063,0.051547524107914536,0.06604643817771404,0.03839622976096742,0.05322278909179046
442,0.0338076250435016,0.06452257641912114,0.057440225224032165,0.024982481888481935,0.044680656146919906,0.023706619772938173,0.05172086248700767,0.06632789846107098,0.03853056003727956,0.053420015578359445
443,0.03381035389882835,0.06459783675898646,0.05752417826600527,0.024981596181136143,0.044727448869893834,0.023621186486289122,0.05160506069974609,0.0661822253199604,0.038413531572780914,0.053288361138137966
444,0.03385935496971717,0.06469258460688802,0.057616188221854894,0.02499199134627937,0.04478045003223182,0.023702559692537983,0.051794842632235244,0.06641533758265616,0.03852531606734597,0.05346868392491885
445,0.033868051968472125,0.06477219782460726,0.05766840084844349,0.025005555005237587,0.04481624720777512,0.02368778677461947,0.05182990649862241,0.06642166436272763,0.03853125897356406,0.05349044781519151
446,0.03386124090959107,0.06479868759288579,0.057682497735135785,0.025008199884779706,0.044828214074168364,0.023638228981831797,0.051756435074067526,0.0663116688994599,0.03846006510443091,0.05341076580856626
447,0.03386746935924328,0.06479676435796991,0.05767939606727336,0.02498819677761386,0.04482138032682533,0.02377733384338565,0.05205550567342941,0.06669418104502355,0.03866123385506061,0.0537151836605863
448,0.03391635422521195,0.06489444151537588,0.05775442720457681,0.024987647491688556,0.0448571819767865,0.023718389926349774,0.05195194913399277,0.06654713520186073,0.03856079562454727,0.05358071939751392
449,0.03390786812482343,0.0649217485644231,0.057773014798660226,0.02497283145646568,0.04483768842996885,0.02373112908118471,0.052024440511361805,0.06664325848221957,0.0385958633597229,0.05361794398494181
450,0.03388785137922331,0.06492651836736721,0.05776733025908293,0.024953027480692374,0.044855296909053204,0.02380107509540923,0.05223601393496459,0.06689592418486513,0.038721305931441526,0.053857430561110295
451,0.033938503812654924,0.06505784430415283,0.057930089911779906,0.024995793060229178,0.0449681240198475,0.02368953557383485,0.05203443387548099,0.0666772038065411,0.0385580032296908,0.053672014731444104
452,0.03391076695789236,0.0650305061409777,0.057957420824180504,0.024988376200613106,0.0449667523908654,0.023724314217481206,0.052134090996190596,0.06686329607550552,0.03863884551150622,0.053788578625555396
453,0.033880863696164866,0.0649759763540218,0.057908540791106466,0.02496785968842904,0.04495289620040219,0.023582505698484378,0.05182536215095984,0.06647733602606762,0.03841383137923715,0.05349463572664455
454,0.03391834990558558,0.06503484220257892,0.057987440142401495,0.024986866464112977,0.04498332440657904,0.023588020124369072,0.051818499938135705,0.0665027299718682,0.0384034823622564,0.05346966414735168
455,0.033908229607934125,0.06505910858314976,0.05800673471027885,0.024970443304288843,0.044983273635057004,0.023695076952493427,0.05209647720196698,0.06686986942695232,0.038577805198859644,0.053728349763491855
456,0.03393489074905395,0.06510527471010441,0.058017565205897084,0.02495236255565449,0.04497448966695223,0.023778551182680255,0.05228706859582731,0.0670998659045929,0.038686780709854936,0.05389441111823478
457,0.033951754533413786,0.06512725235443041,0.05801229414827558,0.024941221120543033,0.04494880679399067,0.023743074577422942,0.05221323098865946,0.0669699817457758,0.03860919612696181,0.053786176251080176
458,0.033973518374022016,0.06526013405439496,0.058096288242722914,0.02498156046031678,0.04501415382823811,0.023731751239035006,0.05228804274992634,0.06698319938415721,0.0386390342551496,0.05382695024965772
459,0.034015136664275206,0.06544384224334292,0.058158186114601884,0.025004183321206498,0.045059368688549824,0.02360215980273123,0.05211772648228867,0.06663208868301485,0.03848145727775145,0.05358683952407819
460,0.0340460101455503,0.06562125937334988,0.05820375979132917,0.025008115931428,0.045074711531420675,0.023664107962601457,0.05237467961646207,0.06679999220675802,0.03860502509624429,0.05374079254740501
461,0.034111444702198575,0.06585697121299089,0.05825509553785642,0.025022029269148607,0.045107559572506124,0.02366879957644156,0.05248976634135101,0.06673490606486199,0.03861240751596291,0.05373436784298197
462,0.034179560139615664,0.06611299277106136,0.058283544009132125,0.025026467611993657,0.04514048424463423,0.023780225630211507,0.05284905915288742,0.06694269841379258,0.03879086348035875,0.053978826028252706
463,0.03417925850243396,0.06625371746276415,0.058270524414597034,0.024992546747851587,0.045145743243008074,0.023748268721009363,0.05291200365044913,0.06682694238399765,0.0387381416775597,0.053957906684764544
464,0.03418933959230025,0.06632443057457958,0.05830640067012709,0.024973441948143844,0.04521448884970558,0.023762461310694614,0.05303317587393619,0.06690779235753191,0.03876781842962584,0.05412455326874008
465,0.03418175358237665,0.06639930364812974,0.058429184036419266,0.02496714169481054,0.04531995024727664,0.02367398523234125,0.052946603252756574,0.06682430879335226,0.038676166964329094,0.0541148221055661
466,0.034083289981564104,0.06627153005115584,0.05844538636034367,0.02490469717119802,0.04535426623091674,0.0237084717679735,0.05310958018437582,0.06709544955963227,0.03876912535253042,0.054400026815878834
467,0.03406678483195887,0.06616478259667433,0.058518052714255274,0.02486757511386394,0.0454669718306351,0.02369490084289229,0.05304700994880521,0.06715810348310411,0.03872085003753055,0.054527652207910886
468,0.03404050878806148,0.06601045535899298,0.05848857223355962,0.024794937492968263,0.04544243727846128,0.023589469008271146,0.05273408706271361,0.0669319533061417,0.03850089899289462,0.05430956459380683
469,0.03408858192234134,0.06617461081988124,0.05860647921168832,0.02481970189718802,0.04540980317771795,0.023541792477872827,0.052676653741834056,0.0668730787075305,0.03840911621388942,0.05407359215491196
470,0.03405210891622548,0.06613252840196093,0.05853404705441867,0.02481928099593737,0.045323310808962354,0.023647748714399324,0.0529232200669308,0.06719714772752289,0.03858019890895835,0.05425088029885621
471,0.03407657357523858,0.06619940525024043,0.05854011177878079,0.024871670205979527,0.04534962743324224,0.023649922289191497,0.05294426339214999,0.0671931192024058,0.03861133637740846,0.054253109506287624
472,0.034085672165301985,0.06621184068890834,0.058570511576724334,0.02488566070341259,0.04540392260503579,0.023639257450678738,0.05292001161972844,0.06716146744145964,0.03860052450955561,0.05428169503967922
473,0.03405193224063907,0.06605828393648917,0.058611500137245934,0.02483367362775015,0.04547995417904038,0.023635266640427886,0.0528371821844145,0.06719443670934241,0.03854751376633615,0.05438503564363147
474,0.034055823012504316,0.066013412022891,0.05870084689941349,0.024808591430302996,0.04553085875896,0.02364141121167893,0.05281343854615193,0.06727875588997052,0.03853099724141081,0.05442543110163381
475,0.03408330784789104,0.06608358259146171,0.05864032719970966,0.024806564335924004,0.045423284377068565,0.02368881043859904,0.05289820802401743,0.06729211286609352,0.038555905923948385,0.05434039399107903
476,0.03409353496516575,0.06615180715319235,0.05858699841083036,0.024820117851626532,0.04533917698475942,0.0236857914351313,0.052912268640011584,0.06721744039922271,0.038561459740609975,0.05422469106882754
477,0.034100875523322936,0.06615164866734842,0.05856670148160776,0.02483112922603901,0.045326669601407465,0.02370855708902462,0.052964284569556985,0.06726174190848418,0.038612989465378916,0.05427036109917898
478,0.03415586650945636,0.06617994072122467,0.058610797230654356,0.024859031026472883,0.04539390608356854,0.023705939424277768,0.05291021505390783,0.0672087312893655,0.03857300859263632,0.05426311922667458
479,0.03412620206111314,0.06610830793044171,0.058641609626199014,0.024855770308285587,0.04545089228071281,0.023693909565172363,0.05288068450754286,0.0672511318208545,0.038572929472284294,0.0543358560046065
480,0.03404267994849162,0.06597319981433489,0.05855497642770002,0.024834087992016144,0.04539515346332339,0.023700730711915797,0.05290281643821343,0.06726042322651532,0.0385803901003806,0.05434253219849973
481,0.03413649303754368,0.0660591689752008,0.058641333486114555,0.0248696025325913,0.04543984385730049,0.02370798389790364,0.05282785250741176,0.06719193569316557,0.03851362374855978,0.05423491695248581
482,0.0341318836007123,0.06597589280816098,0.05862584187447626,0.024833492254731106,0.04540828073465191,0.023730675128949566,0.05281583485357487,0.06728248335239155,0.038511596585915624,0.05426276971262007
483,0.034117723496192014,0.06597650033199036,0.05870380175730119,0.024830262857894764,0.04547261837044737,0.02367416802464171,0.05272204751734198,0.06724832484374346,0.03843376396777423,0.05422761734331041
484,0.03408137640968721,0.06588546033378419,0.058637888838756834,0.024777139550663137,0.045425449594250454,0.023683692317059038,0.05273427797770306,0.0673051952394705,0.038411903622470184,0.0542563507590342
485,0.03411273989479991,0.06593478336875065,0.05866910113693009,0.024807049592438894,0.045449256622867466,0.023684511151667496,0.05269617613151835,0.06730445226902453,0.038433829884500705,0.054228799736156075
486,0.03417671481566475,0.0659478599147941,0.05872250945797414,0.024861382915515217,0.04546398780353467,0.0237117277822817,0.0526671703735614,0.06731253186619492,0.03845755162740261,0.05419374284659468
487,0.034167233907801034,0.06583237761144953,0.05865587984933303,0.024850856415432783,0.0453893092061115,0.023783393461718923,0.052730483635529256,0.06736687089959562,0.03850480835164802,0.0542164142642568
488,0.03415711038620568,0.06581726116799663,0.05865452775061004,0.02485909072810047,0.045381315412766486,0.023800031297078732,0.052733184994162546,0.06735319091444875,0.038509962951314446,0.054190349621398334
489,0.034190752758518274,0.065919125380157,0.05877941267875347,0.02491065124997113,0.04546451558459306,0.023777019981380935,0.05272240143167243,0.06741892377425643,0.03851872018675412,0.05420264064717817
490,0.03417729849521042,0.06592431757435047,0.058791108504724535,0.02487982375791489,0.045461088297727555,0.023762217746154328,0.052732794666199574,0.0674548757027507,0.03850283169016851,0.05421916600831841
491,0.034200726636115404,0.06588727505745609,0.05877355753643521,0.02489166991126617,0.04545025125721538,0.02380635159899574,0.05273773047103932,0.06747073259010815,0.038527209790456034,0.054236588115852906
492,0.034252705938791886,0.06586253025059793,0.05877538699180929,0.024912931881790976,0.04545977247661041,0.023845406862133996,0.05270593999715061,0.06748402389403242,0.03852393726855266,0.05423079278480652
493,0.03430242832425581,0.06589218271469943,0.058826044811187535,0.024943975703889357,0.04549467473359324,0.02384069454090832,0.05266155632339503,0.0674683493474206,0.038503165547263504,0.054195722018130936
494,0.034297362600737145,0.06586438238242198,0.058802756108140286,0.024966217616343066,0.04548468828007444,0.02386471734251758,0.052712828190843004,0.06752271300909524,0.038559566065326976,0.05424709448408058
495,0.03430875025253088,0.06588580068435215,0.05878280262990868,0.024972506641071507,0.0454990215542346,0.023885194982295715,0.05273100688554608,0.06754082426741799,0.0385518984278435,0.05426556959269136
496,0.03427187007276198,0.06592585481659237,0.05882315314175859,0.024955705926324206,0.045455200213384214,0.023852920808420695,0.05272152464104503,0.06749569032831118,0.03852038521399223,0.054155938268945644
497,0.03430288319814921,0.06599025430988441,0.058854232862352834,0.024966608989632894,0.04547038010309906,0.023902108312473698,0.05282992124560354,0.06760959595155189,0.03860667954782871,0.054239787067595906
498,0.03435834495116547,0.06604481887465113,0.05889181282092289,0.02498455712628286,0.04552177816309464,0.023886727502442855,0.05278847566647301,0.06755659954887301,0.038577818225957135,0.054227340665051575
499,0.03434432633113037,0.06601141789467375,0.05887920170622511,0.024971689097247486,0.04551805319074532,0.023908856344768113,0.05287039055027574,0.06765614136690432,0.03863087822982099,0.05434540088389309
500,0.0344093602110271,0.06613916808287579,0.05895228506632137,0.025029804631226452,0.04560282249161417,0.023892046586713733,0.052840738365782,0.06757653640879327,0.038611727159068986,0.05432736611604752
501,0.03439488122659901,0.0661560566741896,0.05892140536640313,0.025018165435850503,0.045503901427401704,0.023886497692881984,0.052878450089767284,0.06758922465143269,0.03858862520186026,0.05420770263529774
502,0.034402225801007595,0.06610766809660538,0.05891794140741259,0.024981467716181233,0.04550158789742869,0.023952927062822836,0.05292543301420764,0.06764747894952093,0.0386409937151661,0.054298791160832194
503,0.034364523909630844,0.06609658466525878,0.05897937267114306,0.02496610385612477,0.04558750379986206,0.023914439865722857,0.05290119173748076,0.06765035104937601,0.038607824653818866,0.054376591873248455
504,0.03435928827379034,0.06608950121071322,0.05910194535641707,0.024978411404764523,0.04572894338501748,0.023863821180678285,0.052832303742425715,0.06767266046237783,0.038536422749601305,0.05445046669794219
505,0.034336333268698394,0.0659103220160636,0.05905451211937061,0.024901841822307504,0.045726808707972744,0.02388949608101385,0.05277108833377472,0.06771706104667316,0.038490917984722116,0.0545310098567001
506,0.03436737215813181,0.06606067383884945,0.05912780012323301,0.02486726850197354,0.04572697765192369,0.02388170662330485,0.052845335169945766,0.06781318875743053,0.03845665339730338,0.054496259052865384
507,0.034351147425908383,0.06606144712176147,0.05910732004001668,0.0248514445784757,0.04565783993743612,0.02389519671929948,0.05290407540888305,0.06785623896836383,0.038489155680750925,0.05446792022983346
508,0.03436609402493897,0.0661144066200693,0.05914169627378907,0.024962050022819687,0.045674016477521014,0.023902791822019664,0.052927074519746375,0.0678204264425856,0.038568483293544786,0.05443258524036909
509,0.034311135578939535,0.06608188073438173,0.059081945181681424,0.02497975902396997,0.04563368821528855,0.02389454223611679,0.05296752002656701,0.06784821222693063,0.03861716976082768,0.05445867235068452
510,0.03432127101187795,0.06613421601765336,0.059114727052808756,0.024948429107092916,0.04566538367268771,0.023870499580028723,0.05295091114466892,0.06782336192156974,0.03857820522556138,0.05447412719718255
511,0.03440031145046387,0.06622815978178798,0.05919975903643543,0.024987480565628523,0.04573996149285553,0.02388558940393667,0.052926346894877664,0.0677647543684479,0.03857918856268306,0.05446699088605013
512,0.03445768186626035,0.06629176609235062,0.05922337818004578,0.02502749115047239,0.04573859560108651,0.02394882386959746,0.05300217582099025,0.06788118302311853,0.038663779113000445,0.05450127086527676
513,0.034497188570940425,0.06636636271661762,0.05920481980221109,0.024992199124498647,0.0456644814488546,0.023980440188474866,0.05307874443372113,0.06786715147802122,0.03864208430086339,0.05443045952435467
514,0.034520459082767956,0.06638548990491142,0.059189120895165044,0.025017843041562782,0.045654282051632515,0.024005141105406025,0.053098907810487816,0.0678662440469892,0.038658762383843345,0.054415918006085494
515,0.03448064263363773,0.0663382846172851,0.05917857453549212,0.025044347671566616,0.04567702364356544,0.023997753675217698,0.05310560656298594,0.06788602639437422,0.038677787662407655,0.054457881413263944
516,0.03443474221085237,0.06626324203751968,0.05921248698427959,0.02498653301582699,0.04574023861439676,0.023952181827620832,0.05303944283281127,0.06784471093871096,0.038593730736913044,0.05450768921431816
517,0.034419543163319015,0.06616364474090927,0.05925304312729899,0.024905260487755626,0.04581750688023209,0.02395298180309772,0.05299001700143912,0.0679179558904166,0.03856505133368891,0.05465570655430889
518,0.03441165126971493,0.06623503154805185,0.05930986064504214,0.024920128073038672,0.04581371490155146,0.023928380382897824,0.05302488284676547,0.06793851582896457,0.03859120846733617,0.05463065463095579
519,0.034444457643569584,0.06626237506432477,0.059314059767494265,0.024932197364920895,0.045778421407295704,0.023954944624965727,0.05305324051714517,0.0680027021972619,0.03859328446196317,0.05460464330528288
520,0.03449372314786319,0.0663276006202021,0.05932950763580166,0.02495866760753792,0.0457726761097201,0.023980760477264766,0.053107423960775474,0.06802232641784056,0.03861641635030289,0.05459406932801957
521,0.034531231973536615,0.0663972946117273,0.059352086574785565,0.0249568950564642,0.04577225055584256,0.02397097006489443,0.053124572470010185,0.06794485606589618,0.03859923491222116,0.0545445972544697
522,0.03452599780607919,0.06640146639670937,0.05932276973853899,0.02492672310259345,0.04577102484787282,0.023968409271379665,0.053134166958875156,0.0679259110086075,0.03857693725810809,0.054558841085141446
523,0.0344823457953891,0.06644650169215435,0.059298472469258894,0.024957965156490645,0.045809961316890746,0.02394724223458228,0.05316274155029793,0.06795346446971606,0.038606593253653336,0.054609121322254754
524,0.03449944625793861,0.06645965863264032,0.059363178757666904,0.02494686183195246,0.045825336396986605,0.023950131647833137,0.053146448507761505,0.06803165450766076,0.03857679869192968,0.054618633500212156
525,0.03449198581935841,0.06646637328904816,0.05939089952656921,0.024978594796448064,0.0458260614395126,0.023992137426152048,0.053205372022608464,0.06807376280701062,0.03863683889159681,0.05463323907835611
526,0.03449576124915887,0.06644475979527562,0.05939909278505508,0.02501030310202407,0.04582848125784005,0.024000078258936516,0.05318339333895645,0.06802355568087673,0.038636502528839135,0.05458799569952808
527,0.03452806794138737,0.06641844913845632,0.05939480898941979,0.02496244560228389,0.045782725831469126,0.02402744150819427,0.053201190341635715,0.06803633175460139,0.03861920157248154,0.05458091906646116
528,0.034559322950000616,0.06648495117228623,0.05940995746185485,0.024926959433944188,0.04575831464337848,0.024033892843404715,0.05323756764466523,0.06800947302863358,0.03859957181540234,0.05455854966487267
529,0.034539719766687356,0.06654004780040519,0.059429389101598284,0.024966118485045638,0.045806091597744424,0.02399271425556396,0.05324422854297816,0.06804117792080154,0.03858528387196622,0.054587031309276064
530,0.034528876211981564,0.06653021737597971,0.059446123165345,0.024942982795618737,0.04583716824182747,0.02397516396343731,0.05324151625429645,0.06811297364905478,0.038578786303479,0.05465959206081584
531,0.034553489027797216,0.0665143398973339,0.05941977368250496,0.024955459368079035,0.045912612943458574,0.02400448309582474,0.053216656917844475,0.0680194805106577,0.038570555342705114,0.05472073316346187
532,0.034549852570743715,0.06651305162394075,0.05939084706827174,0.024944158368308034,0.04589224225415932,0.024040136181923914,0.053263087555214125,0.0679887174246997,0.038595745169575806,0.05471898291310034
533,0.03456063977845986,0.06654472967336761,0.0594042847244034,0.024934366043670938,0.045813974135843254,0.024054934690851206,0.05331576886421237,0.06802434545105035,0.03861775260137983,0.05464571091689891
534,0.03461400593038704,0.06660938732972874,0.059434495674198506,0.02492012354123098,0.045810271514581925,0.024061049269928695,0.05334274381848082,0.06800636007437211,0.038559919943633336,0.05461390785551491
535,0.03462479757757776,0.06665283408446919,0.059442596382301635,0.024853455718222842,0.04582205252354225,0.024056632075181453,0.05338924857783732,0.06800455074857517,0.038501032069647945,0.05465587625479476
536,0.034602846796870194,0.06663551841914267,0.05943680451176966,0.024897544546787432,0.04581093850560429,0.024028302071813303,0.05333174838768437,0.06797894690261416,0.03859952309537109,0.05463835088038801
537,0.03458751959688472,0.06660171473750272,0.059414323888216325,0.02489912843133789,0.04586604230984227,0.024004831673090716,0.053303704839818465,0.06800161176025295,0.03862300304284985,0.05473327682093254
538,0.034572884183589316,0.06659636014312707,0.05942902914510601,0.024860754362771808,0.045898600937350396,0.023998754369701576,0.05329133759465787,0.06799138794359491,0.03857171237616707,0.054752660981696885
539,0.03459108507295424,0.06666589877716796,0.05943479253935822,0.02483031509081456,0.045842427259927536,0.0240470954561188,0.05337683560109357,0.06798968995086298,0.03854855837835775,0.054686689505620716
540,0.03463745966333834,0.06677144124187841,0.05941442133731066,0.024842083637178214,0.04578432116273804,0.024085401571606754,0.05348359714848767,0.06796727771975429,0.03857881014134569,0.05465081372325832
541,0.03464978045460944,0.06686117055465225,0.05940580537104806,0.024877805092300035,0.04578693808528788,0.024064503935455502,0.05353219163113385,0.06789795762392135,0.0386318404558288,0.05466553688898705
542,0.03464542082472097,0.06705423268565355,0.059402042005735185,0.024891216430655252,0.045788925349575155,0.024090448868315364,0.05372896469857545,0.06790287328361036,0.03868992710760111,0.054697349810643586
543,0.03466459628075649,0.06729187309801117,0.0593266303074218,0.0249303851234553,0.04579189233178435,0.02406809521388373,0.053859084782368866,0.06776813822124557,0.03871793555390435,0.054704066890463934
544,0.0347211703529672,0.06746789344538719,0.059340299718267604,0.024898155549075367,0.04576505358377534,0.024066283602126252,0.05397544600598385,0.0676986137086358,0.03870287729066974,0.05468847937630344
545,0.034752565849632516,0.06761720513731173,0.059364367374462004,0.024796008793150935,0.045711818860319046,0.024102291155601037,0.05415157909149628,0.06772384109639507,0.038669526536652926,0.05470199927221246
546,0.03470858682762956,0.0676744206516084,0.05934117541909012,0.024727960126927392,0.04571401586182416,0.02408554182396836,0.054215899928782,0.0676294146348568,0.03860597788667579,0.05471264786840349
547,0.034643450675089234,0.06764699221800237,0.059352037039018264,0.024715835896061567,0.04578913806245332,0.024021134951079857,0.054204366107490756,0.0675822388103381,0.03860164164143657,0.05480757767528272
548,0.034611220267096676,0.06768358889898804,0.059393743243607584,0.024687250470038582,0.04583488218767794,0.023932673731673883,0.05419517184030315,0.06763174126585123,0.03860823190515625,0.05490511223450177
549,0.034518232406158166,0.06758851129838427,0.05938235285831003,0.024668723304654885,0.045868677310215995,0.023895882792453575,0.05416422985269229,0.06759411548570463,0.03855725613881849,0.054967697404668156
550,0.03447543987142305,0.06739212299762774,0.05937409903558748,0.024625190853062674,0.04599851825602501,0.023882044715463176,0.05404342072079716,0.06759029787840444,0.038474835499410026,0.05510469745764214
551,0.03451603927977613,0.06726305357129042,0.05943098723704497,0.0245331731396912,0.046087953099342126,0.02386655433094987,0.053895857106364374,0.06761725011725932,0.03837729537540655,0.05521159457981821
552,0.03456074863189614,0.06721422922684121,0.05947512257550841,0.024499344056208367,0.04610405263817345,0.023900118042094947,0.053857098988051966,0.06771133513606045,0.038374040900636064,0.055252161045534647
553,0.03454141794838214,0.06722845959202343,0.05948241297455798,0.02449322005360531,0.04600844557636015,0.023906768752253175,0.05386434457064622,0.06772078007594648,0.038367207135779485,0.0550932810738784
554,0.034511382906890174,0.06738216732705064,0.05946673538554607,0.024472156463237086,0.04581424022583389,0.023888668676444597,0.053980758298897466,0.06766994017305028,0.03838036849871129,0.05486048539776972
555,0.034561849662076614,0.0676164652345432,0.05931221417791443,0.024544447212036503,0.04570393202919628,0.02392355501960537,0.0541461947068718,0.06755737229233413,0.03850419982827588,0.054758713589441094
556,0.03465711558489977,0.0677588271197201,0.05922735820573276,0.024559951505992727,0.045707586691409244,0.02397144978272182,0.05420477285514856,0.06742996361823816,0.03851887860789778,0.05479825769171333
557,0.034697985086413426,0.06770602249829438,0.059160740500590954,0.024594958843806972,0.045751512823499305,0.024011856236687407,0.054205317337931776,0.06729832767812542,0.038571600629251274,0.0548619301132096
558,0.03473662555939631,0.06769734416959446,0.059237318881165596,0.024576590613610477,0.04582671367585962,0.02403569045113929,0.05423171610557904,0.067378057271682,0.03853105096752211,0.05492966522226969
559,0.03468002853711321,0.067717826764979,0.05938734813686976,0.02453911551983084,0.045867817678697666,0.023988369551262698,0.054249077477881893,0.06753001186510096,0.03842828837064489,0.05492264192726972
560,0.03458271809635403,0.06769206469170684,0.05938209091940394,0.02451707381285745,0.04582103463386266,0.02392266089981105,0.05423478477689429,0.06750825641669879,0.03842639455883305,0.05489575764418887
561,0.03459318874056685,0.06774556889680439,0.05927545908978667,0.02445386431902294,0.04575534527362584,0.023897772617659057,0.054232270400427156,0.06738059254106764,0.03846187136506208,0.05493568954395052
562,0.03450318094280262,0.06777083966059608,0.059257850676972694,0.024447101640283183,0.04574647917533365,0.023837834095120185,0.05427388224831484,0.0673104581915773,0.03847526144693225,0.05492916791984717
563,0.03459907751801588,0.06773253950688664,0.05920350981868532,0.024372801308381077,0.045799038880019405,0.02388064772575555,0.054202442537901095,0.06724679794667654,0.038257077395221675,0.05493934083106894
564,0.03462865512856762,0.06768300267012849,0.059240289263778965,0.024296465369455945,0.04579800890251689,0.0239458656439977,0.05421488996559956,0.06722577029491893,0.03821076536883117,0.05491907243018915
565,0.03454886107357192,0.067658534319029,0.05923964687734998,0.02427178691259528,0.045818002799872276,0.023875628119650587,0.0541596736924815,0.0672783934665566,0.03820574145887509,0.0549543098686098
566,0.03443934473346723,0.06755901220353336,0.05919205625444587,0.024211786609079442,0.045822895385259535,0.023775472276618102,0.05404725320523603,0.0672789162368304,0.03812622257218154,0.05497725511744003
567,0.03438487849778485,0.06733999696901036,0.059155464985558834,0.024223840537717856,0.04579474538827876,0.023762317728548296,0.05396052937765343,0.06718109365344822,0.03811835751081356,0.05491651065353359
568,0.03439743538151292,0.06714136987474062,0.05909688065529117,0.024390345106791635,0.045810781773607784,0.023768026168838902,0.05382991793566718,0.06714022178689431,0.03816749466416953,0.054846316759507324
569,0.03435000466874994,0.06704004140801709,0.05905193032617902,0.02435941193774843,0.04572588763690949,0.023812571165073525,0.05377674883587355,0.06717233421725592,0.038138603560919984,0.05472374712218556
570,0.034522002134080534,0.06712577063944544,0.05893591665629755,0.024271594877382074,0.04560072435928108,0.023892590759057274,0.05373406614968275,0.06705434569519328,0.03800657878283223,0.0545370475280985
571,0.034614711180154266,0.06721522577515199,0.05885232394126509,0.02424278219076544,0.04553665083143975,0.023964654628667204,0.05376032134945408,0.06690737387147065,0.037935898547608086,0.05439917781015525
572,0.03457606888121852,0.06716028816562936,0.05879980935757462,0.024250653816235184,0.045461523365864155,0.02398118632771244,0.05374389436396974,0.06688375881383822,0.03802103411853582,0.05439355914763291
573,0.03454461728387622,0.06717660963437372,0.05870839680657939,0.024225431453997394,0.04544483990804074,0.023899492727101086,0.053723406619675826,0.06676619016015127,0.03802084055980262,0.05439685853033736
574,0.03456362158252673,0.06731073148819558,0.05862058672841997,0.024237264184095223,0.04544832444714608,0.02383535100616164,0.05384278630423526,0.06662444440899086,0.0380508380770093,0.05439001204262942
575,0.034630032848624065,0.06742713648279999,0.05856151844411845,0.02430280972871487,0.045311368624506514,0.023910613221914772,0.05401009880774561,0.06655405846169442,0.03820897982907399,0.054317724066217724
576,0.034702172958099534,0.06762617798154434,0.05837764573593009,0.024239413029207173,0.04510152473142484,0.02401572695295783,0.05415691112908663,0.06628823019434354,0.038082929347457856,0.05405176214147212
577,0.03475310344133907,0.06797258545427215,0.05822222950656158,0.024260400376278798,0.04492911443652371,0.02399026923143029,0.05432933379015155,0.06609842149928791,0.03807720954719241,0.053855312582600935
578,0.0347359500320375,0.06829907459682141,0.05792718830649514,0.02423551900485058,0.0447813019236506,0.024016754656713525,0.054572222069790004,0.06577969259902641,0.03811862375948353,0.053753868773298935
579,0.034674711423265954,0.06833694266670015,0.05757528828759088,0.02398497051173924,0.044611577427909464,0.02400474449263224,0.05467351362752062,0.06525920645146405,0.03798585845279362,0.053653385837804504
580,0.034554695878816495,0.06826389045156392,0.0572783199363839,0.02383769495105526,0.04422215977443621,0.023866093292612172,0.054590610416703725,0.06492669878228201,0.03779828217092744,0.053195413465380655
581,0.03447979263196647,0.06801908447248754,0.05691337088720067,0.023839681475851554,0.04383101548512107,0.023799734134902512,0.054336624215665576,0.06453756977064928,0.037753386111747465,0.05271126541859531
582,0.0344046890260461,0.06751983505959931,0.056606423958125575,0.02379632162049909,0.043928302147057556,0.023843933376504232,0.05405875053790857,0.06403886158445447,0.03773650214115338,0.052896814491513997
583,0.03403510901541974,0.06725201204512185,0.05661049206672382,0.023843541660400046,0.044083330071923284,0.023540670032015563,0.05381199266972183,0.06406962412314761,0.0374302822881527,0.05299602557549476
584,0.03380606726886879,0.06678226537220637,0.05637740663334487,0.023400482463236942,0.04384419886492557,0.023077259563894153,0.053223619359573,0.0636462080907261,0.03697958460459699,0.05275911899520332
585,0.0336611631831287,0.0665356575170567,0.0559076397593952,0.023361265161872913,0.043968837216836,0.023133600932131463,0.053213810990617186,0.06333357388676206,0.03691036323022043,0.05288912495407016
586,0.03353661955056894,0.06588640015853586,0.056175043549139075,0.022927641240614135,0.04421793087106861,0.023314036982698537,0.05282511196162374,0.06377424087357478,0.03642400896087104,0.053232256661017725
587,0.03361531324141921,0.06597057525886667,0.05651945641410801,0.022782674624130632,0.0441875356191302,0.02318318750010342,0.05272695771333375,0.06403624887039587,0.03627777049667328,0.053206250605205
588,0.03344539198243793,0.06598095463585299,0.0566311021411146,0.02302394534005483,0.044207903146028536,0.023026505807090758,0.05292193510572484,0.06390767919393321,0.03648054829361998,0.053202924820604666
589,0.0334411500418872,0.06597239326399353,0.056546220192293044,0.02304575053475821,0.0440878671369392,0.02306733396583967,0.05299709049320223,0.0637529699526308,0.03658994655276899,0.053088528012617306
590,0.03375912468965311,0.06640673526954698,0.05611726517405145,0.022959101568350467,0.043521816588181966,0.023159333069642362,0.05308213988782708,0.06339606037451032,0.03666064081260503,0.05242839037444578
591,0.03365436926780344,0.06636732909239335,0.05556709669159538,0.023106140191836964,0.043107937484423584,0.023258450862660283,0.053237707600135506,0.06281946959100634,0.036649367937691614,0.051838248630594136
592,0.03372242523283999,0.0663417158741483,0.05532937796252647,0.022982724454856746,0.043211319192671536,0.02344671179492248,0.05322398879025083,0.06283079318448688,0.03640225454700166,0.051955770197609386
593,0.03348665755288437,0.06578007208514283,0.055115721337564004,0.02302334006741497,0.04310462402324,0.023358880196551742,0.052822968540109504,0.06249996481960943,0.03651726766031264,0.0518435537007275
594,0.033460422287322655,0.06550880958594289,0.054775919815361104,0.022973646315528378,0.043207619774428954,0.023359407519662836,0.05265449676301595,0.06202588184645807,0.0364933430979996,0.05204031795302275
595,0.033264819685003354,0.06523457716428832,0.05477350797211337,0.02271960356820365,0.04303412737974881,0.023101213396974074,0.052404018374063964,0.06193838664226812,0.036274491063448405,0.05189149023877481
596,0.03322054087874189,0.06491978790784232,0.054726683429464164,0.022582056460156034,0.042752047707678896,0.022972930264923763,0.05207164146433317,0.06193467865558179,0.03590503473365534,0.05140608929603182
597,0.03335741604432213,0.06467057252275298,0.05435259630378258,0.022452743501842707,0.04264966200605832,0.023320637251796207,0.05205931698331568,0.061652457512272836,0.035715229090119156,0.0513366196080659
598,0.03336764214872241,0.06451735078645415,0.053942728369574484,0.022208751931238346,0.04248146231854919,0.023520262472667013,0.05214704823054013,0.061206084914758124,0.03579651587848677,0.05139048699427679
599,0.03340350382613343,0.06447591781315681,0.05361299802122384,0.022188309305168425,0.04235118693379579,0.023287199394037,0.051911938827508795,0.06080121222062406,0.03576251151530724,0.051132311252644856
600,0.03302463038448256,0.06400276324074275,0.053545970600193775,0.022364755077419772,0.042360542997725945,0.023022460073381826,0.05152095476801673,0.060612070837091796,0.035755956012143375,0.05108683006266476
601,0.03269252457195648,0.0636841318838484,0.05361075241155282,0.022281247829387802,0.04196050734523221,0.02265046703867692,0.05114884322009382,0.060740778879253894,0.03524972668717386,0.05043383693590817
602,0.032703917841158045,0.06357219316877266,0.053278399665345526,0.022446674492966286,0.041694002678375794,0.022857111783877674,0.05121997421736061,0.0605040604767502,0.03532047953739294,0.050098030756299226
603,0.032866708518777446,0.06309423334925242,0.052917883353770345,0.022329532261565498,0.041579012069155256,0.023213882143881388,0.051095279744082775,0.06006737352977848,0.03546869872222504,0.05010858045347908
604,0.03283474393535147,0.0628107811676043,0.05215283697976238,0.022084913267998833,0.04129419161981103,0.023166729479644543,0.05068016932110536,0.05933877967404189,0.035374308440042225,0.04983446717460468
605,0.03291889088257416,0.06279325486175116,0.05179352495597347,0.021996077203088778,0.041187966381107464,0.023059126313349027,0.050470240690784006,0.05893675036646311,0.034983309104393095,0.049579350013774524
606,0.03281044044350682,0.06242224981572102,0.05199611195992687,0.021962699862642435,0.04122557838981268,0.022928712286550464,0.050256601316828714,0.05911176780749202,0.034655713671952915,0.04953432913253724
607,0.03235481063181908,0.06187414351513618,0.05185153777601829,0.021827484484554984,0.040955354878363284,0.022703666562278443,0.04990113167303537,0.059031743054280925,0.03455882031887544,0.04922541456004168
608,0.03254052668677511,0.061728603574446025,0.05172632091622504,0.02164741758820934,0.040727969122533327,0.02295180982664164,0.0499856652988708,0.058641866190088245,0.03438477571468462,0.04894414827948127
609,0.03258180341605782,0.061759975637239214,0.051384643770700136,0.021955141297924814,0.04065775141914946,0.02304196283839229,0.04989042504404219,0.058449433037770206,0.0349056927534882,0.04901413842228754
610,0.032657492123230825,0.06153082219133875,0.051343724057109935,0.021773075040988667,0.040555308088192264,0.022985832951975815,0.04958389155158179,0.05835166372309632,0.03477433487515675,0.048836883323787994
611,0.03227674387439042,0.06160637258138076,0.051097249267109665,0.02181940216215863,0.0406942143468833,0.02257543990030713,0.049559908793401955,0.05826308086731194,0.03420430928861406,0.048697764394043254
612,0.03217414495228559,0.06138301424301819,0.05089911448543964,0.0218061759877724,0.040521317010332375,0.022577461180758318,0.049648750224910276,0.05810726188699618,0.03430061887362898,0.04865538119480418
613,0.03209929413431743,0.061114908380556644,0.05095740112381563,0.021498337403474177,0.040329613329610346,0.022645589137355118,0.049532529868908236,0.05801550119080377,0.03428306330887484,0.04869776687263764
614,0.032193978059363935,0.060799948699100145,0.050988731468824634,0.02141996960219501,0.04023463367548225,0.02280696609436412,0.049228283685919555,0.057995097929240784,0.03411939160589701,0.04846946550505916
615,0.032352084725722395,0.06027682288648795,0.05084948907694462,0.021701567777712913,0.04016739837459753,0.02303657008681616,0.04881413314639065,0.057944142725597815,0.03430002022710351,0.048161813824488336
616,0.032457302098062565,0.06027670802254554,0.05068941295345002,0.021919753602153407,0.04031224915726336,0.023109414926903285,0.04869829771459202,0.057892668295005854,0.03446120252202549,0.04828187366028658
617,0.03286644342266135,0.06069227242154843,0.05057047551422576,0.02189717991639902,0.04031896281028614,0.02332910877493735,0.04906791805499531,0.05788679977958986,0.034564381291110245,0.048405361295560986
618,0.03258737316703513,0.060320766922395436,0.050290777913268886,0.021702092724038634,0.03991353648323519,0.02315253308283684,0.048875210361695946,0.057465469898120486,0.03432177644900023,0.04793393235702565
619,0.03250659274031643,0.06017689899135635,0.05026435004739319,0.02165964613181282,0.03981035488461433,0.023009735598311477,0.048632169166159867,0.05715139312082841,0.03418826335303477,0.04777708904423935
620,0.03268883271644503,0.06033670728490659,0.05049226089652448,0.021688101735235898,0.03996726102421769,0.02305508980687996,0.04860210475569145,0.05755251253651119,0.034350321555952204,0.04804553727341183
621,0.03260043074014117,0.060392234803126214,0.050336575736028344,0.021431635503237498,0.03998630616474709,0.023244720634192046,0.04900279104768825,0.057565892489339666,0.033858685729831035,0.047880380025333895
622,0.03272716156065874,0.06095100523134921,0.05008021708596342,0.021675567993925275,0.03946167839270806,0.0228329038736678,0.04885268066244757,0.05709441766159835,0.034609882246546354,0.04760187068840881
623,0.032098174220046016,0.05966090751575828,0.04974910538117005,0.02161211410555582,0.0395208119022408,0.023179816166278837,0.048649427935149675,0.05689753570508075,0.03382668020634444,0.047217635597617005
624,0.03209333936354225,0.06020398163365873,0.04984314539641502,0.02146749324277219,0.03929215261756851,0.02262409356148336,0.04854387720064587,0.056984689382982526,0.03414260997458487,0.04732260085471091
625,0.03252116832557711,0.0599102695237764,0.05001427944467497,0.021556264174113198,0.03969375532934541,0.023283410125244347,0.048563758919634,0.057176060061732994,0.034031286191032274,0.047632782153294646
626,0.03235633334208744,0.05984118335553715,0.05012183519097326,0.021269442225610162,0.039711798189366876,0.023020292413084002,0.048309060566746456,0.05734021559249417,0.03333541309347901,0.04732019762188772
627,0.0318765423885634,0.05977126786162395,0.04967160473459894,0.021746195203541794,0.03971953337017578,0.02265243560605296,0.048418430582903405,0.05661166761994688,0.034070858062501694,0.047529612543154076
628,0.032270672717896055,0.05977123883489311,0.049867829829695474,0.021460024893636798,0.03950853907262107,0.022579998123681846,0.04804581563185211,0.056829873896976815,0.03382706856968495,0.047313295576949264
629,0.032020332758368866,0.05955506303234955,0.049667547662510705,0.021672008765822287,0.0392295296213576,0.02281509815949909,0.048042396214882745,0.056904384459196954,0.03392262683723759,0.04681581240655696
630,0.03185078650989128,0.059880553455040224,0.04993864978429839,0.021022203243474414,0.039395228715930555,0.022284712002168347,0.04841629653122237,0.05743060491532381,0.03379406499094726,0.047459460220100926
631,0.03253954681635996,0.0593251951188333,0.04987010465857012,0.02148693650790778,0.039517567789266975,0.02300483293937347,0.04756358978314414,0.05689612922777596,0.03362223572923188,0.04714335656341166
632,0.03219587247661305,0.05946502398386202,0.049597903508885044,0.0213712533351735,0.03949915071469749,0.022622590532062628,0.04772795230194594,0.05696980386396161,0.03340223451612951,0.04703778691817212
633,0.03218361926862331,0.059427460002521276,0.04993347323848306,0.02172713407755945,0.039555450401014505,0.022828565125517297,0.04797849466748565,0.057069627972336494,0.03397396667087327,0.04721164835809577
634,0.03225006661313287,0.05940786686470376,0.04976167213599066,0.021623208980798822,0.03941548849822943,0.022970410289694022,0.048065342524386656,0.057245035363943896,0.03387129391170196,0.04709829070852298
635,0.03240425795904969,0.058908645212233934,0.04973450579728965,0.021719275865338835,0.03934440002125919,0.023115226100723068,0.04766730719190252,0.056806024437257165,0.033714981843954085,0.04690821987321381
636,0.03220884752742687,0.05897194154472595,0.04936884459961992,0.021772046872123845,0.0393508540822093,0.022964730753961805,0.04777585204845129,0.05642411141397481,0.03391915623145819,0.047054001917432156
637,0.032019866563854145,0.05874694373554405,0.04937815107947357,0.021644791023765316,0.039548731084402704,0.02261623483985151,0.04694734739112983,0.05682922582136322,0.03397671651208749,0.047216633843193925
638,0.03209943223272704,0.058878587749849276,0.04950933767421195,0.021669729604007072,0.039047407922748,0.02284242190600808,0.047503976801360016,0.056563943376551816,0.03403498828519518,0.046634188510870735
639,0.032275538097085894,0.05905820873797744,0.04955536270290023,0.021730417795736277,0.0398144677054145,0.02288611179894333,0.04737509725315696,0.057058411205995516,0.03413720647739629,0.047848443484971574
640,0.0326675054260371,0.05932961028656586,0.04948544470660691,0.021754765606913425,0.04007158643104096,0.023327368417038977,0.04775975791501025,0.056951664746146186,0.033785001114897094,0.047983610490261584
641,0.03228345877564096,0.05861835791837155,0.04982366910831284,0.021817932955996388,0.03914453829586552,0.02309031915408182,0.04721237426155644,0.05714423720382881,0.03456724422242267,0.0471282440742405
642,0.03239110529745012,0.05915119171491196,0.04978537934081736,0.021525231484191675,0.039187931498286435,0.023004151427079896,0.0475033817800379,0.05683764151900164,0.03367583901048038,0.04654376714251827
643,0.03257760242831475,0.05959424274866937,0.049471497266031894,0.02173747484986224,0.03915813103624908,0.022773138169939547,0.04745134775072898,0.056610206033479306,0.03407622656023592,0.04680857021334488
644,0.032333552362940464,0.05933519517619748,0.04999825733019683,0.021530279370714108,0.039398125097163623,0.02314332836099747,0.04783012870945299,0.057238960377157505,0.03350182301265472,0.046803960892171606
645,0.032456881014883,0.05822792153970089,0.04984504912399278,0.021459893361115517,0.039553828791384485,0.023632408449731215,0.04708672133025426,0.05708947409607245,0.034018869227829075,0.047740711181553534
646,0.03146216217814094,0.05935256122011542,0.04946491665693722,0.021516164230598808,0.039050809817831544,0.022225833718234965,0.04804715571918396,0.05670779582594263,0.03299408164379865,0.046006546741175686
647,0.032032617009712765,0.05874452803582948,0.04891770567789183,0.021201733414660036,0.03894712395180773,0.022611313333696,0.04698100998266687,0.05573018643742279,0.033457244723456535,0.04660868546917702
648,0.03238307282450568,0.058960126435824683,0.05017827807790759,0.02264026671916756,0.04049926310724239,0.02283418679351422,0.047496794430059885,0.05717965733864773,0.03470007846363492,0.0481931920963878
649,0.03347981356876787,0.059054918000008,0.05120833003253577,0.02417271411658737,0.04218529941375347,0.0236647095576767,0.04770514765350006,0.05778529950063806,0.03671450415448344,0.05051340954189754
650,0.033560369950567354,0.05942019009581356,0.05133569311816261,0.02420048718766722,0.04231334446881343,0.02361386746027213,0.04804439023218122,0.058035117037702345,0.036736475193715,0.05064229075746405
651,0.03252989744357362,0.054660969109714956,0.05045364723037894,0.023746631805129828,0.04336537313175117,0.02287308003924677,0.04317363534999194,0.057199691020405605,0.036123737599882945,0.051928027072402065
652,0.032610921437774214,0.05492599105846887,0.05065178319528103,0.023729543052323034,0.04339141986272088,0.022913339802371646,0.04337815476989078,0.05746668324453194,0.03616950581922015,0.05195253616557657
653,0.03283366934862084,0.05512535123650267,0.0509804802564283,0.02398460967320989,0.04377237025638949,0.023063702008127164,0.04345672633276284,0.05784806784414845,0.036480235836256175,0.052384389163721096
654,0.03343626739258291,0.05572643297634895,0.051717256481388044,0.024165259449231948,0.044399378276920344,0.02349000552063,0.043912804593483644,0.0586616684872209,0.03680958148958753,0.0531794194181546
655,0.033623556926477886,0.05611418793655692,0.05203861146757359,0.024301153910106534,0.04469078082970694,0.023619237468897138,0.044196913292481946,0.05900190928190358,0.03699497800277976,0.05351662004978961
656,0.03374942709838275,0.05648727781148894,0.052446343696166624,0.024471269297616227,0.04492290019835126,0.02370181276757801,0.044472319215279596,0.05945305445997166,0.03723025498735751,0.053783555155848706
657,0.03367165996469287,0.05677152265326477,0.052999724285898296,0.024580721345525105,0.04529461212874063,0.023573618701215583,0.04467337649441811,0.06004203490326479,0.03741485026525472,0.05422302128659428
658,0.033614569124582334,0.05693434891938394,0.05335801654080702,0.02466430831892138,0.04557447583826338,0.023484634044785374,0.04480011351149387,0.06043779641895438,0.037546102194991944,0.05456258974962913
659,0.033673051909120524,0.057022959622113144,0.053510292223015544,0.024725134342442025,0.04566708809145849,0.0235213177460551,0.044866567241810124,0.060605966916797746,0.03763278927531658,0.054671115741259046
660,0.033790615106106155,0.05708197210170684,0.05356169311227811,0.024766869162981677,0.04567052828902434,0.02362513428482283,0.04491543764378412,0.06067284221682407,0.03769756101745029,0.0546814476521291
661,0.033914211620187096,0.057144059435699036,0.05359136240792619,0.024788109325065925,0.04566376558840529,0.023732325155403577,0.04495950983996829,0.0607081646941324,0.03773645246134353,0.05467786064187925
662,0.03401158034896635,0.057257143532826536,0.05368390957468428,0.024798906452661418,0.04572860711048463,0.023801775806439083,0.04503293629641591,0.06080193243537635,0.03776776681224524,0.05475709218025259
663,0.03406702473140991,0.05738269709627518,0.053805697054903456,0.024795405750208742,0.0458295773211779,0.023834226096790815,0.0451244706161213,0.060940452373431056,0.03779340465243371,0.05489447498194079
664,0.03410409507651024,0.05751688607116395,0.05394556918847024,0.0247935426907826,0.04594603074801629,0.02384440045445917,0.04521513134696635,0.06108731329969131,0.0378133120649737,0.055038931725801696
665,0.03413980940908435,0.05764881867373669,0.05408606472857115,0.02480333249098939,0.04605279080345618,0.02385940735662661,0.045313392563269106,0.06124617630677198,0.03784801239485004,0.0551754566619651
666,0.03418661833028005,0.057773081276223014,0.05421733608376048,0.024830028702489355,0.046136363838387755,0.023881746174691597,0.045396285123691385,0.061376595786282795,0.03788564701099748,0.05526244048787639
667,0.034245259710237334,0.05789376872049295,0.05433906548791828,0.024866511194153697,0.046205226141103665,0.023923431319469297,0.045489577167667015,0.06151738221923582,0.03794328297939222,0.05534478023914242
668,0.03431411590627647,0.05801339967670942,0.05445104810423257,0.02490363263635982,0.04627009272861819,0.02396888670108017,0.045570748447811345,0.06163428526318363,0.037996403119797004,0.0554126766861038
669,0.034387560348624474,0.05812806935681806,0.05454613905918583,0.024929707306568488,0.04633568373958278,0.024017597000649975,0.04564528889312887,0.06173222023567855,0.038044450072707,0.05549009998620023
670,0.034471631942714735,0.05825399986708326,0.05464285387443879,0.024949386236297465,0.04642000536405219,0.024071838285842206,0.045724933053631275,0.06183439792115455,0.03809483903173468,0.055597747513166935
671,0.03454552414537225,0.058364838766446867,0.05472855623419218,0.024960303676536018,0.04650074323833334,0.024119557125661127,0.045795663344634245,0.0619272349514544,0.03813762238601918,0.055707921253990225
672,0.03461667206372835,0.05848082934313473,0.05483578359105814,0.02498104328955784,0.046592955240382254,0.02416103279111103,0.0458666528173422,0.062035139321944974,0.038182404016664825,0.055819657163678156
673,0.03466893960199485,0.05858281994533697,0.054958299004255196,0.0250118422865458,0.04667968270363281,0.024193077054267986,0.045939860586317036,0.062168959384140125,0.0382324788015866,0.055924572632594254
674,0.03470569818031258,0.05867818390246082,0.05510179680717897,0.02505548530866524,0.04676548516969942,0.02421669689348021,0.046018578121688414,0.062333967537670586,0.03829005831922701,0.05602460509606745
675,0.0347353089417684,0.05877758098210479,0.05526137169993425,0.025107016618694248,0.04685693067461947,0.02422988438231173,0.046093845156675015,0.06250387309928013,0.03834514652494393,0.05611556914670309
676,0.03475539955442073,0.0588729244828323,0.05541414769275204,0.025153289354561143,0.046945885969005986,0.024236532278689743,0.046167616634881885,0.06266880744509731,0.03839689050249442,0.056206695653795546
677,0.03477739787880638,0.05897895601476155,0.05555929390168069,0.025191547842990814,0.04704237368355421,0.024242929462084815,0.046246009744939566,0.06282638012773656,0.03844827730414097,0.056312063989051725
678,0.03479514211677188,0.05907702491681283,0.055677644845778265,0.02521500131778699,0.047130603711519774,0.02424977555526722,0.04632245414774927,0.0629661533700206,0.03849616761302873,0.05642428154597273
679,0.03481995825434478,0.059174479968991944,0.05578612479293137,0.025236334998761305,0.047217438209276257,0.024259339878068917,0.04639235281249476,0.06308928491437761,0.0385423426731765,0.05653388242514347
680,0.03485954789825858,0.059274668140678444,0.05589675725928615,0.025265803402883865,0.047305484543474996,0.024280776600292493,0.04646489733355055,0.06321054258045465,0.03860004132849625,0.05664828595814915
681,0.034913677055485696,0.05936908191790104,0.05600989096094363,0.02530712220410317,0.047388525193112666,0.024316791313148328,0.046539138306656486,0.0633371791221533,0.03867255910509231,0.05676319465953625
682,0.034982453578526404,0.059467239158554695,0.05613059723246975,0.0253583279779179,0.04747192787916307,0.024359092586427333,0.046606225680414726,0.06345333809448611,0.03874597364936601,0.05686563828785631
683,0.03504879304337338,0.05955594781644494,0.056238119246953926,0.02540243815939703,0.04754248934039589,0.024406949821959126,0.04667737238735811,0.06357485500776676,0.03881835608643528,0.05696746033101156
684,0.0351130589659962,0.059651444227808735,0.05633967016759405,0.025435033141059923,0.04761059978861524,0.02445453402959822,0.046753972325728574,0.06369270700589806,0.03887970710571276,0.05706874172853481
685,0.03517648585972172,0.05976900935723034,0.056443518942759785,0.025454830002028556,0.04768618818286045,0.024489004203891343,0.046821606725422765,0.06378945073215067,0.03891077858130118,0.05715056634457729
686,0.03522315115285488,0.05987846657558047,0.0565289421151802,0.025457845317064166,0.04774927571740891,0.024522145240314232,0.046903271223719865,0.06389820350505562,0.038938868624804564,0.0572419912457003
687,0.035259451693612553,0.05998495405324085,0.056610711885527645,0.02545864658965901,0.047808538300663825,0.024543918408215078,0.046977846884687875,0.06399291676026171,0.03895843686013962,0.057318475744209466
688,0.03529178454332505,0.06009273981286265,0.056703694826645945,0.025471723059452608,0.04787273455268006,0.0245546837648216,0.04704411321605587,0.0640825860147279,0.03898049137881989,0.05738010657506581
689,0.03531362638955427,0.06018509251020402,0.056798806856358394,0.025497836052193284,0.047932305886307716,0.024561876237463885,0.04711275203721223,0.06417993217707262,0.039022444507867585,0.05744350782393616
690,0.03532225938139367,0.06025069424550762,0.05688369579672146,0.025527817461857425,0.04798043430950795,0.024565046376086457,0.047174506560886446,0.06427734201658349,0.03907494360037128,0.057506697831495736
691,0.03533337667658274,0.06030942952770111,0.056973960363755315,0.02556327856610323,0.0480349457997192,0.024564020729907342,0.047219884869175326,0.06436484473078716,0.039126579224992644,0.05756838179164664
692,0.03534825734605027,0.06035720397394847,0.05706230472039879,0.025595643138312835,0.04809421436382267,0.024566934751412674,0.04725558931667053,0.06445344964240327,0.039179351358652255,0.05764696629785573
693,0.035371734307074916,0.060402988169244345,0.05715382363799006,0.02562437116871489,0.04816374949238756,0.024573028121962017,0.04727901858472861,0.06453847107357415,0.03922651843896419,0.05773891422891617
694,0.03539552655966231,0.06044504254643105,0.05724412005684169,0.02564860563006798,0.04823521276459985,0.024582714723836992,0.04730295338891863,0.06463182781920836,0.03927231404753956,0.05784189341884185
695,0.03541075776735388,0.0604813215772506,0.057329108442842946,0.025667955516510178,0.048300008316887535,0.024593410664138796,0.04733573888054401,0.06473692756516009,0.03931720380996831,0.05794672507247581
696,0.03540870932878652,0.06051098071575948,0.05740472016901957,0.025681818949379667,0.04834981182286527,0.02458866322147713,0.04735873020532284,0.06482413336048104,0.039339432271778337,0.05801219242435201
697,0.035405031155850704,0.06055983923529089,0.05749289963352332,0.025700667415657193,0.048403773179237254,0.02457710493530213,0.047389264582623845,0.06491150513785784,0.03935253403828989,0.058056499131714435
698,0.035404136345252614,0.060621651511411245,0.057582941350216604,0.025720042394039817,0.0484593917245237,0.024566960214044108,0.047431213065121484,0.0649967680234833,0.03936439721434367,0.05809696564727416
699,0.03540718676939557,0.06068316623229586,0.057657376780915426,0.02573252712952482,0.04850892834577916,0.024563630299921972,0.04748192412164462,0.06507135696855634,0.039377998966240904,0.058143948614703206
700,0.03542539267751802,0.06074892945547942,0.057716144761724014,0.02573860717567439,0.0485587012411745,0.024570530552132184,0.047535211847739754,0.0651222328857412,0.03939353394386686,0.0582029215737595
701,0.03545782125256167,0.060816057656522406,0.05776031283127435,0.02573957612176231,0.04860721280826541,0.024590520845002767,0.0475944066498136,0.06516139773937545,0.03941691501449413,0.058279121888629465
702,0.035493749271278914,0.06087619319436793,0.05779104560023651,0.0257367961909858,0.048646421686839525,0.024614430083471764,0.04764800987554872,0.06518831920570707,0.039439677094878556,0.05835086550034415
703,0.03553711342726783,0.06094607912809059,0.05783317558958518,0.0257418601183976,0.04868842089467168,0.024644295598696003,0.04770662141531579,0.06523301260800898,0.03947127497144724,0.05842338227280307
704,0.035578734406879614,0.06101874173033116,0.057887280807217875,0.025755281942568008,0.048726323593190124,0.024663733799637953,0.04774461902568779,0.065273042105928,0.03949071606308124,0.058458741617629345
705,0.03560015307840624,0.06106469395485376,0.057922952374853905,0.025762976117967674,0.04873535269958258,0.02467525361031564,0.047769538900870004,0.0653122313344644,0.03950230962667254,0.05846470043966252
706,0.035624341422482636,0.061121549522368604,0.057970296336656575,0.025777486699503076,0.04874526079673569,0.024691430083028626,0.04780695162753968,0.06537182735706977,0.039524422526780484,0.05847348715885368
707,0.03564532984456684,0.06117803726193405,0.05801241928645618,0.02579054060499387,0.04874620955943406,0.024701769334429448,0.04783788595960092,0.06541241479949754,0.03953861018678554,0.05846280889482207
708,0.03566760349671203,0.061240538420872695,0.0580509131882176,0.025802236541144073,0.0487439865318231,0.024716371840903736,0.04788247146971797,0.0654496791461311,0.03955950724985941,0.05845942625408753
709,0.035684082703245225,0.06129428156590923,0.058074810162144,0.025807831401262988,0.048733830763670834,0.024727917678955,0.04792376278131644,0.06546753473869588,0.03957415791302915,0.05845030332949723
710,0.03569465796793062,0.06133696428730423,0.058086248098257506,0.02580859341297471,0.04872199382320283,0.02473910025830429,0.04796334356814293,0.06547757665962155,0.03958570929320501,0.058446617289058526
711,0.035702710248848336,0.061371689809282225,0.05809312204678664,0.02580831007406471,0.048719730091786796,0.024748816003878706,0.04799549760027297,0.0654847228655735,0.03959131657276009,0.0584506978680412
712,0.03571130456383243,0.06140225969864823,0.05810318482664832,0.025810524703274676,0.048735560891909044,0.024756036972882586,0.04801631709559806,0.06549199133202595,0.03959013818330978,0.05846448865842879
713,0.03571528503429029,0.06142072774687456,0.05811186872629884,0.025813149872025074,0.04875981091317226,0.0247609293798694,0.04802934494487019,0.06550244743511101,0.039589025346379605,0.058490164304655194
714,0.035709311529096656,0.06141935159152015,0.05811438490235549,0.02581398398845915,0.048781126844321426,0.024757772408669283,0.04802775892100029,0.06550862545641507,0.03958661457185994,0.05851535905368027
715,0.03570241815463745,0.06141536696547723,0.0581295280306119,0.025821250341293345,0.0488077618865323,0.024746938376322705,0.04801668865659311,0.06551244857396672,0.03959135817342147,0.058542443765039684
716,0.03568431623324055,0.061391865427416314,0.05813980815459862,0.025826771247667097,0.04882117722994204,0.024734231149424395,0.04800901403446279,0.065531561092608,0.0396123547961486,0.058580146480315745
717,0.03566678094540169,0.0613691177851874,0.05815560576982763,0.02583405345997684,0.04883217874547507,0.024711610500285495,0.04798597686849911,0.06552903974961612,0.03962274413282265,0.05859384501193383
718,0.03564755952650251,0.06134258918794084,0.0581634559718375,0.025836077640701897,0.04883236026708738,0.0246953871118378,0.047975576792864065,0.06553785358457227,0.039633210954647,0.05860561465928339
719,0.03563863513456991,0.061332939340837965,0.05817354178970853,0.025836298254126207,0.04883305777310811,0.02468512360076866,0.047973339860147936,0.06554265139904408,0.03962832047563279,0.05859846779468487
720,0.035638556537928794,0.061335184058296965,0.05818003136556185,0.025832935767412277,0.04883099850578372,0.024682296471368655,0.04797855293804562,0.0655426057209632,0.03960916957852051,0.05857468510232611
721,0.03563960253833043,0.061331798735042034,0.05817267328989934,0.02582408112049123,0.04881807489594492,0.0246889179397855,0.04799172020976957,0.06554754178873635,0.03959090451378304,0.05855178962182584
722,0.03565186858353495,0.06133611152289902,0.05817062550892619,0.025820771234880364,0.04881070885963856,0.024696544583940452,0.04799314048039185,0.06553845683358307,0.039572147611049865,0.05852295004229922
723,0.03567100641255838,0.061337179911076394,0.05816932678540613,0.025823053757176057,0.04880535100768153,0.024712281616418853,0.04799406720207172,0.0655356665496903,0.03957501371551919,0.058516840402507736
724,0.035690736453704894,0.061330413161757164,0.058161932198385044,0.02582525963330389,0.04879638917526423,0.0247307365882446,0.04798980226273353,0.06552873260045297,0.039589918185863084,0.05852357098008113
725,0.035714177685664476,0.06133263443076861,0.0581578069665811,0.025826102527472996,0.048791755235564754,0.024746426801006985,0.04798077411949127,0.06550866489856162,0.039600474671179865,0.058528161863736876
726,0.03573335036968225,0.06134261787007314,0.05814873546506241,0.025816341736384432,0.04878456866767812,0.02499096281221308,0.048427565972354335,0.06609390791588832,0.03996960045791848,0.0590767012601959
727,0.03574479542148732,0.061364658167079145,0.05813247196318468,0.025791324623789684,0.04877302420160487,0.02497157773770181,0.04838464841024515,0.06598398171049273,0.0399031644262616,0.059001839855030255
728,0.03574811575438202,0.06139108685506507,0.05810192552436519,0.02575454201702863,0.048751103178889484,0.024950967766197457,0.048356135906485326,0.06587086876688741,0.03982485448006752,0.05891896523504673
729,0.0357595669868004,0.06143792957816727,0.05807372061532054,0.02572327856121684,0.04873260739493099,0.02501861801087008,0.04850544515101663,0.06598149446418536,0.03988355654009974,0.05903182026627057
730,0.035773629983753344,0.061483900227136914,0.05802906050628319,0.02569889103959399,0.048701636957756436,0.02499582071294786,0.04847644016478981,0.06584094967391782,0.03980022581593639,0.05891127935214432
731,0.035793775594589586,0.06152630931228833,0.05796810174867009,0.025687123741114662,0.048657802818140174,0.025000683224472808,0.04849064743901661,0.0657554825952368,0.03976709770764717,0.05883189699660774
732,0.03582340846489166,0.061572987774973824,0.05790863043300352,0.025686116895194636,0.04861409215723987,0.02501898831492054,0.0485213416861304,0.0656957923492514,0.039757915236798835,0.05877017329832224
733,0.035853250147181014,0.061612119016551656,0.05785229796730593,0.025683175010155657,0.04856952760122658,0.025023284493585343,0.04851802138300034,0.06559996351354369,0.03972364156963728,0.05867481486882377
734,0.03588110202691094,0.061644088485994765,0.05781255557897919,0.02567051398413663,0.048532826594598365,0.025052244864869264,0.04855853323490457,0.06558186983049644,0.039720314044417886,0.05865001596674771
735,0.03589611944603048,0.061654807242033934,0.05778059967179705,0.02563804263769385,0.048496252815347925,0.02507795357695505,0.04859205527720035,0.06557133520857863,0.039702247298108895,0.058638464346694355
736,0.035907330801294386,0.06166315907115476,0.05775980487252796,0.025599357446372647,0.048467770113222904,0.02510127329620319,0.0486246069616172,0.06556680202092344,0.039679227309620486,0.058638175824324706
737,0.03591362809805065,0.06167119920094347,0.05773438812164126,0.02556266708123347,0.0484402312078646,0.025105326073375428,0.048628306982807165,0.06550978556555782,0.03963519871348493,0.05860449165127843
738,0.03591024103800363,0.061674674525397856,0.057682711347122155,0.02553404730766144,0.048401663471725635,0.02507707231686728,0.048582994395981634,0.06535857674647381,0.03956096780928546,0.05850187691150236
739,0.035909663497687566,0.061696621942576725,0.05761924387823293,0.025524494163883568,0.048364855880129835,0.025069886844540326,0.04859315908080178,0.06524972385644932,0.039542444793621186,0.058449878754047495
740,0.035905144234805,0.06172284057969819,0.05753816779262359,0.025520912193596222,0.048318416961544854,0.025080618079614304,0.0486487175323466,0.06517804418006852,0.03956316485411148,0.05843646781352243
741,0.03590431955653734,0.06176494978590669,0.05745713284485566,0.02551938623485354,0.048270126851590885,0.02509032150972555,0.048708715983559005,0.06509804100982239,0.03958063528354352,0.058412612287800134
742,0.035900191117768425,0.06180872748498418,0.05736964270336472,0.025505826342343777,0.048208005970030415,0.025087228626786074,0.048746582649485816,0.06498489628752238,0.039564258581004375,0.05834617124860222
743,0.035902999027174254,0.061868851630840736,0.05729468368140364,0.02548472894260408,0.04814825559241306,0.025076761764991493,0.0487715997014819,0.06485512510158391,0.039521533527887565,0.05825483792758284
744,0.03590047730838376,0.06191978146918065,0.05721459836953167,0.0254494262797228,0.04808150123108219,0.025035924436666433,0.04873931621429139,0.06465579814463443,0.03942403058951259,0.058098444152000835
745,0.03589826564174725,0.06196606029228105,0.0571411368362976,0.025406300905152012,0.04802344127628884,0.02503976512377019,0.04879591593215859,0.06458415062873915,0.039398560294383364,0.058066128293116054
746,0.03588775348121977,0.06198833089156362,0.057063684010399816,0.025351840415419706,0.04796994224971123,0.025026019417974225,0.04881985389898628,0.06448695059067093,0.0393548471003123,0.05802624556150648
747,0.035873696908862086,0.06199757303062131,0.05699029172943773,0.025290624403270602,0.047922722573143284,0.024984536765389465,0.048790144518764574,0.06433411341038481,0.03927358017924027,0.05794418829904573
748,0.035854698691143404,0.061998126097021114,0.05691743518806843,0.025222029376770788,0.04786920222729249,0.02497996964602781,0.04883201589398702,0.0642849044845074,0.03924755974667283,0.05794706435635222
749,0.035836473131937385,0.06200728677815741,0.056852595714654536,0.02515018002399474,0.04780564870220678,0.02495918482792222,0.04884121340727725,0.0641910946902603,0.03918413381082702,0.0578880029262744
750,0.03582538131643795,0.062041923265811816,0.056801319863623134,0.025078534265036322,0.047729135341919776,0.02495328511743986,0.048877417800482714,0.06412318829651047,0.03912308331879619,0.05781737106241955
751,0.03582776618599657,0.06210477122110829,0.05675495844423131,0.02500583037347498,0.04764088631155673,0.024965764879922147,0.048941658577895994,0.06407170389689178,0.03906382995550698,0.05773776096541848
752,0.03584806279390327,0.062190287054253106,0.05669566918105138,0.02492769846409437,0.04754070099463091,0.02497854762885805,0.04899064296778475,0.06396775013556338,0.038972877805685945,0.05760761820718518
753,0.03589138428172533,0.06229367347630829,0.05660451721495477,0.024839534485826497,0.04742887189967474,0.025017570968243894,0.04906696518343168,0.06385306780227047,0.03888534630946153,0.05748751826501981
754,0.03596918580060807,0.06242541080881365,0.05648317175558403,0.0247469990598159,0.04731843771068925,0.025096991644273023,0.04919411764624315,0.06374926906804672,0.0388240824992992,0.0574136095399801
755,0.03606271729648294,0.06256282958613751,0.056323450484321476,0.024653753615313863,0.047196353273562135,0.025188396503369053,0.049326042115693455,0.06360712848231255,0.038766476659982826,0.05733340829997326
756,0.036160120663708474,0.06270005782482824,0.0561361538840577,0.024572822858604928,0.047061214640244854,0.02527045359737316,0.04943419995170378,0.06340432649417378,0.03870670860185628,0.05721251122106886
757,0.036240543553712826,0.06281810200535692,0.05591957179542749,0.02451310428362715,0.04689990583115565,0.025350688228617673,0.049548389394094366,0.0631898163080027,0.0386863526660697,0.057082186509816134
758,0.036296801834063135,0.06291685874340507,0.05568097361855622,0.024481432165568077,0.04671329474049693,0.025412014516217198,0.04964606848829231,0.06294068707009895,0.038693736447394156,0.05691404477924316
759,0.036339108078595896,0.06301832525044078,0.055431540628783055,0.024472282076372115,0.04651943877283739,0.02544682097778013,0.04971372500895561,0.06263153815603473,0.038698714563811236,0.056696681702331726
760,0.036364015856332255,0.0631216949963654,0.055161509515158434,0.024466062023728172,0.04632223666025826,0.02546171029199672,0.04976602708316329,0.06227457631031575,0.03868617624368466,0.05645537281452003
761,0.036371478652195074,0.06323310504338685,0.054869768935676154,0.02444135776184997,0.04613533462310057,0.025513749532719048,0.049917792193839836,0.06200725674434402,0.03871233535547755,0.0563334701642176
762,0.03636013303634134,0.06334929426924352,0.05456232123340966,0.02438630201454098,0.04596605598964719,0.0255009633579582,0.04997056338016084,0.061590944534321214,0.03861008715801748,0.056117963725252004
763,0.03632951859389413,0.0634558617291523,0.05425751809307098,0.02430525310569504,0.045814189044918886,0.02544993022184209,0.04997218532749403,0.061116626153743976,0.0384339641774222,0.05587109315528141
764,0.03626179683300791,0.06350155939700902,0.05395618727401719,0.02419466153964417,0.04565710080255528,0.025420265769399288,0.050032916092026966,0.06076097471334801,0.03829593875342201,0.05572662696075964
765,0.036154813335593027,0.06345757736294612,0.05369160162102351,0.024065345617479365,0.04549319004858753,0.0253166436656713,0.0499573265217059,0.0603441570683895,0.03808234843296571,0.055481064961252456
766,0.03598372415385669,0.06328534125859477,0.05346038251363486,0.023915656314606983,0.045312128337538816,0.02519018641124208,0.049858807188101456,0.060036681771489596,0.037899160209589694,0.055280805315895964
767,0.03573868535616508,0.06299953799274718,0.05327667740937696,0.023755665098292446,0.04513878202868046,0.024999359022853603,0.04968679496454372,0.05978594789896198,0.03771105118426672,0.05509273828277754
768,0.03541062602261716,0.06262548450801089,0.05315362732383982,0.02359771928308446,0.04500351257635392,0.024681829559018237,0.04935573644850128,0.059489648769079216,0.03745270869259966,0.054844682690783166
769,0.03499111723520803,0.06218048267447752,0.05308159972649897,0.02344785905877707,0.044920129751910676,0.024296998106529254,0.04900878670187782,0.05930506530786196,0.03722676767069547,0.054705581009532066
770,0.03453794643379041,0.061708200131581147,0.05304010098091915,0.023312640569697448,0.04487903793673924,0.023885828792357303,0.048650703554786116,0.059177189802193456,0.03701617214192933,0.05463049712368132
771,0.03412718358497761,0.06123971992039398,0.05297699687749289,0.02318666844887761,0.04483755910156527,0.023528336791904067,0.048313794587693436,0.059062900281752796,0.036814942925798975,0.054571420641750364
772,0.03386009428697885,0.06084769403633165,0.052867137569325595,0.023073187996542968,0.04477394130375237,0.023357535779182734,0.04813333611958374,0.059031033856570526,0.03668997124002058,0.05458617076711167
773,0.03377445271251907,0.0605442618341521,0.052673665235821523,0.02296229592915713,0.04465271761407108,0.023318358780446954,0.047925253738037424,0.05880522320862627,0.03648407169902471,0.054410666939156103
774,0.03379973886745911,0.06029403412681577,0.052437742369315775,0.02286549526466971,0.04449794856473899,0.0233149660724934,0.047609496690087356,0.058364862809075276,0.03618356999470781,0.05402351193462125
775,0.03382833386354086,0.0600204992411544,0.05218838062410171,0.02278641662821215,0.04432366742889262,0.023394958857214185,0.04743303544966693,0.05811484611359454,0.03603270468004424,0.05379909905289704
776,0.033779385574279654,0.059684751058103815,0.051979686580560694,0.022739345496385493,0.04416698252133377,0.02338893733178785,0.04718498944090685,0.05789116596743701,0.035920479560428126,0.053584218382983544
777,0.033618314984069,0.0592628496680312,0.05181279860077044,0.02271529426064113,0.044029084143541106,0.02326740686575505,0.04685311275803853,0.057697755265033006,0.035840389406706565,0.05338940315987173
778,0.033402214113497045,0.058798998747766576,0.05165165550682643,0.022687197224191446,0.04389195632609923,0.0230910291749865,0.046484044868197384,0.05750816207569705,0.03576222927245152,0.05320163622614309
779,0.0331914696286946,0.05834135568288824,0.05146014391787263,0.02262794594309937,0.043737871366169,0.022920645662693282,0.04612141337917112,0.05728907926818559,0.03565257464076131,0.05300230840634847
780,0.03303874868190438,0.05793343687215132,0.05120867827011895,0.022515278017279934,0.04355294421885006,0.02281054969267661,0.04580743503273196,0.05701612233120865,0.035486704412009636,0.052780558343391654
781,0.032959631029949775,0.05759577566195152,0.05089039515751075,0.022360175681169252,0.04333343509339644,0.022773418762693773,0.04555410516288151,0.056680110256515516,0.03527037569791996,0.05252263019414246
782,0.03293028594558021,0.05731336400561579,0.05050434103970014,0.022194384543342292,0.04307235963376121,0.022797421944979256,0.04536771145757495,0.056298453025331374,0.035049359731416006,0.05223511888750465
783,0.03295005018718075,0.05710591257889228,0.05008045582443759,0.022057592012566126,0.04278949509342371,0.02285964775663203,0.04522833808378015,0.055861070516892694,0.03484376048794393,0.05189476470272884
784,0.0329936543926111,0.05694496400454331,0.04960367669531796,0.021962473146677066,0.0424673474820478,0.022944022825337418,0.045123416056107875,0.05536032280541738,0.03467147010394279,0.05148788937435828
785,0.0330371524600304,0.05679126819116509,0.04908393739441174,0.021898169093392827,0.04210969393388039,0.02303551932926806,0.04503355148955165,0.05482386259826338,0.03453327319600772,0.05104089120724487
786,0.033075666345991746,0.05663228877994624,0.04857093373646747,0.02185525563265722,0.041754559386650264,0.023114454866254217,0.04492567709515901,0.054278221436319087,0.03441469478629594,0.05058871400443894
787,0.033081207983541604,0.056415840178593676,0.04807644493125969,0.02181033172221542,0.04140786305097767,0.023162481043892166,0.044768633772750574,0.05375280151198592,0.03430376207194641,0.05016476538611054
788,0.03304092011523086,0.05611677021477318,0.047624335621173776,0.021750718266215482,0.04108764146261449,0.0231635897447339,0.04453489981724702,0.053265248897691624,0.03418877307083998,0.04979427349360983
789,0.03295662986772527,0.05574476964926542,0.04718885605510898,0.021672756822998403,0.04078001464407068,0.023120075153817192,0.04422999845870563,0.05278283965956545,0.0340530133699429,0.04944484559965383
790,0.03283866234143506,0.05533052897200921,0.046729500881616676,0.021577983458095515,0.04046222565987958,0.02305331478208632,0.04389854520143669,0.05227367823713838,0.033894698674400356,0.049085638371560096
791,0.03269549090012744,0.054906408747094966,0.04620764359461586,0.02146661298434747,0.04011182022896947,0.022978194950315053,0.043576690872960865,0.05170215929306318,0.03370335708194187,0.04867530957122528
792,0.03254221424217926,0.05451260682186429,0.04562148817502312,0.021346944790068413,0.039731767030006714,0.022909097256787872,0.043300415258982386,0.051064215900341846,0.03348232201330334,0.0482045492870914
793,0.03236272237262506,0.0541144204748181,0.04501613216778363,0.021223623422862326,0.03934721995273895,0.02282378376973215,0.043029401379124914,0.05040337175688723,0.03323602645895349,0.04770571781220194
794,0.03214217518106023,0.05367378641322285,0.04445605826199799,0.02110605499577934,0.03899626309339592,0.02270489836024769,0.042729412899914665,0.04979362186409558,0.03298795408818638,0.04724530973311705
795,0.031856990241201755,0.05313811244266665,0.04398471783031218,0.020996840165287207,0.03870013413753742,0.022524427980717906,0.04234572461430191,0.049279035543422285,0.03274271238185196,0.046857671780564165
796,0.031512104190291955,0.05250224824075359,0.043622499721954505,0.020899859533761157,0.0384664837651269,0.022286764455169243,0.04187704618387594,0.048889934762093405,0.03251492330452308,0.04656497971608327
797,0.031161103988700475,0.051841651533117594,0.04333722487464856,0.02081264749813801,0.038268746164389945,0.022038683467327704,0.04138558213142769,0.048588617400020954,0.03230659496191454,0.046324502981467085
798,0.030859774986674134,0.05123705619663599,0.04309267348043037,0.020730009609957252,0.038078706529816535,0.021820150267150187,0.04092073902916729,0.04831153643742018,0.032104163378012474,0.04607185659434913
799,0.030650184865084945,0.05074928478370861,0.042848621778981695,0.02064166929833273,0.037865485750943555,0.02168168340751686,0.040555443559438145,0.04804255488832648,0.03191879449056877,0.045786630764650206
800,0.030537408687329383,0.050390602312677744,0.042594640037816246,0.020549431071768376,0.03762884026491474,0.021625068277364396,0.0402938785681229,0.047765491034859116,0.03174906441824549,0.045463881920760216
801,0.030486011890002142,0.05011911097597693,0.04235018721673966,0.020468476934536226,0.03739901259339489,0.021616962943249753,0.040098692874405546,0.04750182570204108,0.031604910269087634,0.04514757174362357
802,0.03044969638389031,0.0498743363915808,0.04211521256691721,0.020403147114490046,0.037186767432340756,0.021620930536626566,0.03992486361980041,0.04726143532949059,0.031486684512576274,0.04486572642711225
803,0.030404585761908277,0.049628076887068565,0.0419063345705743,0.020364248744092133,0.03701484086966655,0.02161030260851364,0.039740545940836924,0.04705361639190749,0.031396198731972115,0.04464203872949062
804,0.030353719324617015,0.04938763573819879,0.04172755430839879,0.020350111682670893,0.03688669002829936,0.021586009496268377,0.03954856290157117,0.04687606328637948,0.03132912871974823,0.044474585756965807
805,0.030301133430524724,0.04915651114312264,0.041554804649277834,0.020341865563035695,0.03677619710018348,0.021561328674986485,0.03936477180481847,0.04671369412396241,0.03127195651228041,0.04433816988203245
806,0.030257944863549848,0.048949860966689976,0.04137820747373425,0.020328789270417334,0.03667044285141741,0.02154648132599075,0.03920052822740099,0.0465524734915884,0.03121182416710862,0.0442094264694099
807,0.03023767280970256,0.04878739982253359,0.04119925588048256,0.020307087230174825,0.036566859647512905,0.02154983662282223,0.03906625771545862,0.046383027130510485,0.031141896914199538,0.04407391401924493
808,0.030232556627726757,0.04865786950121368,0.04101954867195026,0.02027746878163741,0.036459824747519035,0.021564670576117034,0.038954557194254315,0.046205115461980445,0.03106382304153591,0.043926359165271905
809,0.03023694177272859,0.04855341613203573,0.04085212102606422,0.020247742400413618,0.036353395033654444,0.021586955263350666,0.03886519854835364,0.0460392955608351,0.030992378625276547,0.043779316271147194
810,0.03023420197973811,0.048447594692354795,0.04069107868019691,0.020216447012296926,0.03623584966462923,0.021605317394766906,0.03878304361899811,0.04588132024939394,0.030928144071393916,0.04362596107652654
811,0.030228973744135655,0.04834736728689738,0.04055104459868169,0.020192779053314024,0.036117833950329324,0.021618870012601425,0.03870808643805928,0.04574252995039556,0.030879675029553424,0.043473810816326175
812,0.030222470365276432,0.04824890385017178,0.04042008617999506,0.020174058582648723,0.03600012126704139,0.02163464054453961,0.03864423246664796,0.04562241779799833,0.030847984833894667,0.0433339978781284
813,0.03022056831910923,0.04815614733003934,0.04028989302110163,0.02015901528916856,0.035888948187761935,0.021650083912000927,0.03857752694749633,0.045495263360524354,0.030817540913233715,0.04319737874426531
814,0.030225601204167295,0.04806911030975003,0.04014990248409744,0.020144503143054267,0.03578752205205584,0.021669051213038342,0.038507185611123367,0.04535587373855601,0.03078341422443306,0.04306987024339842
815,0.03024446454791082,0.0480011388020422,0.04000931184532635,0.02013303698469687,0.03570770611995238,0.021695569573753588,0.03844133137438828,0.04521114288591945,0.03074826371107153,0.04296368016541758
816,0.030265742432868347,0.047946548999898746,0.039878019810839806,0.020120076512421543,0.03564442174476858,0.021722939186972916,0.038384356329680236,0.045077862447046466,0.03071285898995822,0.04287910959258965
817,0.03027754078196747,0.04789893466786871,0.03976539046210746,0.020100711091635207,0.03559124664207044,0.021744941706524062,0.03834152427691022,0.044970995829007654,0.030679011135765183,0.04281596218835766
818,0.03027802376221023,0.04786609414523296,0.039690595925444536,0.02007621319688667,0.03555218806629164,0.02175191678113571,0.038309793315065184,0.04489997480888249,0.030642096110663833,0.042765370301344904
819,0.03026470374644345,0.04784247519625897,0.03964601499555627,0.020046269196033736,0.03551865213305587,0.021743808512565306,0.038286614422290415,0.04485444684890706,0.030602230491672544,0.042718899760302825
820,0.030245986938124254,0.047827481457189985,0.039615035894835046,0.020016972201692955,0.03548409847940694,0.021731540208242427,0.03827390610856411,0.04481884768218655,0.03056727105529394,0.04267332651707912
821,0.030227252561803062,0.04781664724085534,0.039577048756048464,0.019992610142127717,0.035438485639335174,0.0217252594334122,0.03827246721298095,0.04478619122025207,0.03054418865071902,0.04262374592026458
822,0.030219024053199303,0.04781502634959109,0.039521636007448825,0.01998060299509101,0.03538013569261644,0.021728677394732086,0.03827373163867323,0.04472735896673653,0.030531813168188295,0.04255614753032559
823,0.030226828398782445,0.04782786499281044,0.03945959681885268,0.019983883325971515,0.03532255612437689,0.021740245946788434,0.038275492828972205,0.044649242729587764,0.030527979888417368,0.042478356159977464
824,0.030236152954951048,0.047836834286324466,0.03939208491538039,0.01999123192813017,0.035268209622819985,0.021756441381231045,0.03828108432980074,0.044572628544521646,0.03053147669377184,0.04241276303204154
825,0.03024458873767433,0.04784078207571142,0.039336088712812516,0.019999400259851658,0.03523376515867172,0.021769076698661016,0.03828560302623037,0.04450764825022067,0.030534618243901315,0.04237258137869418
826,0.03024461569576646,0.04783074569451279,0.03929767988558375,0.020001766009356874,0.03522478628955898,0.021772710051892952,0.03828663478451967,0.04446680643287487,0.030532436607272246,0.04236890937423335
827,0.030246287875047035,0.04782240340412293,0.03928320003922637,0.02000298814421258,0.03524078382765588,0.02177028884031336,0.03828482374894709,0.044444953043360394,0.030526042101968562,0.042389191434298576
828,0.03024304815072192,0.04780421067685973,0.03926987788326939,0.019996859800352294,0.035253382453578994,0.02176232186163383,0.038272744988882224,0.044421096747179166,0.030511295134336095,0.04240319265044247
829,0.030237301388960074,0.04777966470186237,0.03924699489055777,0.019983048601959746,0.035245053745879336,0.02175918388944051,0.03826054477702947,0.04439709805703992,0.030498063574168705,0.04240073850850434
830,0.030232784978518015,0.047754055532085164,0.03921304786575586,0.01996422434046202,0.03520963129933522,0.021762521730477973,0.03824739138034579,0.04436373303214419,0.030487307299526353,0.04236887816980917
831,0.030231250902946198,0.047735165101803013,0.03918735453957179,0.01994825044218914,0.03516793203035991,0.02176469872297626,0.038229458337327035,0.04433089819853663,0.030477145137662802,0.04231950734529077
832,0.030221273059821006,0.047710814067496644,0.039176411387173746,0.019935841222112814,0.03513142091740233,0.021758771019831737,0.03820699733322712,0.04431423763741124,0.03046882076901081,0.042274804266699544
833,0.030191769818464977,0.04766837801085901,0.03918635008674124,0.01992758608373279,0.03511164564317923,0.021737454364098192,0.038179481764051636,0.04432577166525806,0.0304627468087621,0.04225543847985308
834,0.030151575181357363,0.04762072954603304,0.039224640491704765,0.019927692676364305,0.03512145330861033,0.021700984087724907,0.038147050164508395,0.0443650705085575,0.03045581847167636,0.04226549485702763
835,0.030117710415354302,0.04758184086316244,0.03927266074247277,0.01993080989165294,0.03514943007673599,0.021668054307008928,0.03812282550119614,0.044412336160000815,0.030449331430506148,0.04229542868383549
836,0.03010038198223841,0.047555228424922165,0.039304074472296974,0.019927221650071967,0.03517630389273122,0.021652124105194737,0.03811092470934988,0.04444399147308339,0.03043773329438803,0.042325801571987946
837,0.03011115759839153,0.04754724249550045,0.03929936057422336,0.019909780762811555,0.035188282018459895,0.021661548037419168,0.03810867017047576,0.04443462364745149,0.030410973468336943,0.04233293226921144
838,0.03014996953555744,0.04755851183327805,0.03925933823144851,0.01988059860008576,0.035183304583663144,0.021704705013410614,0.03813014577375852,0.04440005264968506,0.03038520046335673,0.042332565622194694
839,0.030202186980014565,0.047576398779071674,0.03920080394504259,0.01984926182074699,0.03516657528683978,0.021762170031027768,0.03815706478867113,0.04434940908648246,0.030363969207098777,0.04232428973278487
840,0.03026101422215057,0.047603296907992074,0.03915392408368153,0.019832358802245913,0.03515441971204561,0.021816276404384462,0.038176135863525,0.04430056609921023,0.030356296325921926,0.042314699693587254
841,0.030313205944948816,0.04763099182057835,0.03913982492813966,0.019841138147396613,0.03515539846027352,0.021853920992872165,0.038182517103416205,0.04428061898785478,0.03037583498032973,0.042317859739036665
842,0.030346782705832617,0.04764528794483455,0.03914492745957354,0.019865340277241145,0.035158792910641744,0.021877141585013856,0.03818380874794589,0.04429189048795366,0.030419505541237818,0.042337174099639045
843,0.03037212819852746,0.04766003826922387,0.03916174362080744,0.019895892636807595,0.03516649206733419,0.021892579580612442,0.03818615683021135,0.04431520199897833,0.03046817371643532,0.04236062337089935
844,0.030396995653058815,0.04768403377994557,0.039179384805542464,0.019922431466843648,0.03517700959352503,0.021906355418072482,0.03819421116783257,0.04432773877133963,0.030503003080945147,0.042374997250648125
845,0.030425153834462527,0.04772054310532438,0.03918663772635509,0.019935619801636575,0.035186512214285016,0.02193029646109059,0.038223477575268304,0.044327560309739986,0.03051997351612952,0.04238460142597031
846,0.03044524592994062,0.04775039334872744,0.03917588881742584,0.019932281151092805,0.03518522059235772,0.02195719375581987,0.03826110493955269,0.04431596525522439,0.030518656659883375,0.042384853793950884
847,0.030462148470477526,0.04777961521644088,0.03916817020730089,0.01992529570399128,0.0351860427492219,0.021978578916868437,0.03829390362572359,0.044302145007766906,0.030506744873339393,0.0423783562096004
848,0.030468014305269294,0.04779506673837152,0.039168670132849935,0.019919126756929428,0.03518754231442877,0.021989509548876573,0.03831506471546429,0.044304325033342036,0.03049736227395513,0.042374858131625726
849,0.030457513999066228,0.047788301536489705,0.03917996097048056,0.01991689616835046,0.03518827475009848,0.021979676555175017,0.038307930019218187,0.04431796347130239,0.030489274247583353,0.04236708178217186
850,0.03044583792216856,0.04778305689436421,0.03921151652069084,0.019924756963040875,0.035201214676443444,0.021959199029691942,0.038289660660045854,0.0443458594476083,0.0304871262905292,0.04236472899095731
851,0.030431377126289513,0.047778455084783074,0.039247205391712316,0.019935859665562248,0.03521797161928151,0.021943772795343968,0.03828679278841532,0.04439585752914068,0.030498870196346957,0.042383540043524605
852,0.030424652448945055,0.04779121240171431,0.0392864917042339,0.019951188906452023,0.03524412569188332,0.02192917359830369,0.03829102023630743,0.0444356083248581,0.03050481954387249,0.042400913584902916
853,0.030428391789008722,0.04782432787865746,0.03932514946302479,0.01996850063089783,0.03527755224610758,0.021929805690757614,0.03832495872890952,0.04447867154498398,0.030518399911582422,0.04243574054112015
854,0.03043446842135817,0.047860918484940694,0.039356143925757335,0.019981756185345752,0.035306072808989966,0.021937279193009637,0.03836900329695809,0.044518791024423396,0.030533430145158046,0.04247263670077869
855,0.030443290792446592,0.047897313865635165,0.03938483642738183,0.019990871516864527,0.03532798112051231,0.021943247654593195,0.038403787832448744,0.044549334308299174,0.030544936124665772,0.04249773910614125
856,0.03044979822924944,0.047921781547628294,0.03940909278223902,0.01999220724051663,0.035335607993915184,0.021944122673672004,0.03841875198172963,0.04457180586076177,0.030553896759642988,0.04250609499766312
857,0.030452489254144274,0.04793060613946797,0.039427661904263306,0.019985284905354575,0.03532989241285078,0.02194182548643228,0.038416172074981596,0.044590478987783184,0.030561396763970693,0.04250320532996064
858,0.03045483905740791,0.04792966493928958,0.03944298068358216,0.019973692750100996,0.035320858443482706,0.021940537132855983,0.038404623557166874,0.04460913913413524,0.030566017418140173,0.04249869922218114
859,0.03046335167353937,0.047929724846343585,0.03946141769947903,0.01996293543059779,0.035322205168940156,0.021947899957659073,0.03839890372776398,0.044636846532925115,0.030571217995370936,0.04250883562422619
860,0.030486389348892567,0.047944798940869456,0.03949223771869725,0.019960035523619406,0.035348964694028005,0.02197072477140416,0.03841277279009838,0.04467968183830489,0.030580742442889063,0.04254838535250582
861,0.030523761939873585,0.04797911092150517,0.03953683451912019,0.019967373420401904,0.035399664759402066,0.022003647288115935,0.03844131560049761,0.044735807872564266,0.030591879412804935,0.04260683874160709
862,0.03056513769586429,0.04802189406173034,0.039585097813121264,0.019981057207271436,0.03545811729451691,0.02203930630394573,0.03847751849645237,0.044792388430295024,0.030604045118494613,0.04266929208174497
863,0.030602930220093347,0.048067232340881894,0.03963068875659927,0.019999103706548057,0.035511448380022806,0.02207280672812524,0.03851894887026694,0.04484623426649662,0.030620413710321835,0.04272601582518212
864,0.030628008809427443,0.048105161424995435,0.0396647946543953,0.020017443269195488,0.03554615055919878,0.022097469349089852,0.03855837409380205,0.044891175939964126,0.030639634810047788,0.0427646331244827
865,0.03064711819635826,0.048144585981509,0.03969675816342222,0.02003821234239401,0.03557151512455221,0.022113040731080877,0.038592757702454294,0.044927657496928446,0.03066056525468615,0.04278755304579321
866,0.030659498201564144,0.048180028909121916,0.039725541810107026,0.020057440988050127,0.03558914978224393,0.022121511175356323,0.03862131621530364,0.044959325920390994,0.03068290422550863,0.042801798094788
867,0.030670496136503966,0.048216371218346446,0.03975827133101166,0.020075362972178195,0.03560777375984971,0.02212681751716189,0.038646974184152076,0.04499576526491471,0.030709184681546466,0.042818249413596424
868,0.030680200201462546,0.04825006042672673,0.03979385161877101,0.020090064632464658,0.03562832863909051,0.022133531595708383,0.038673854066131004,0.04504242488860675,0.03074202302700842,0.042845685036659656
869,0.03068764901284198,0.048274652212119275,0.039826645533733676,0.020102041095016773,0.03564685813783572,0.02213751211395697,0.03869048909909607,0.04508525863205562,0.030769585875990192,0.042868579270224055
870,0.030707613404475545,0.04830830285017278,0.03987069177119827,0.020122316590576176,0.03567706329673856,0.022153835982992552,0.038718875480293506,0.045145564134207415,0.030806246153174566,0.04290748451323787
871,0.030745154644925037,0.04835446138988349,0.03992757106244721,0.02015551209271053,0.03572146602238619,0.02218118523329456,0.03875255960273079,0.04521050740567994,0.030843617601062797,0.04295131228805747
872,0.03078915431641482,0.048397368709294133,0.03998370597495796,0.020194000353247466,0.0357678577139005,0.022218878015201584,0.038792331837942874,0.04527929355509086,0.030880623961930018,0.04299970168609316
873,0.030838599535556677,0.048445857461953054,0.04004649746191093,0.02023489752635145,0.035821038759722076,0.02225912243365128,0.03883418794202883,0.045351785358734555,0.03091454192107,0.04305045181648961
874,0.030879835556795063,0.0484900727092908,0.040107261323381035,0.020266834687831952,0.035871308399841866,0.02229071917169367,0.038868449526962015,0.04541888951878918,0.030938273501171485,0.04309511964359623
875,0.030907074770485824,0.0485301115727956,0.040166026891706494,0.02028395012404225,0.03591695868947447,0.022312332398242252,0.038901140773130866,0.04548867989812865,0.030957309244522814,0.04314248754882914
876,0.030914526402580786,0.048552898228093395,0.04020976837662554,0.020284036313282613,0.03594662653615717,0.022321955938342134,0.038925225223806835,0.045550805644499606,0.030968264748195348,0.043182244704908765
877,0.030918967092324806,0.04857302777744246,0.04024744559228363,0.020281632833313728,0.03596975552463329,0.02232711258705455,0.038943560781835446,0.04560342286146967,0.030976494541231345,0.043213095165248475
878,0.030933821321098703,0.0486002890051452,0.040283796960924836,0.02028912246007275,0.03599206105356387,0.02234013423679555,0.038967629282559896,0.045653785610407976,0.03099414433115533,0.04324299064960467
879,0.03096668473213631,0.048638489868875166,0.04031979404804955,0.020313946758424264,0.036015395261636884,0.02236558550703707,0.038998237547579244,0.045699322332907515,0.031023681996987067,0.04326942845192552
880,0.031006334276988658,0.04867745910344167,0.04034990016666446,0.020345678919730097,0.03603364986137932,0.022396669867649398,0.03903027049348106,0.04573859291458584,0.031056871587022777,0.04328901153717296
881,0.0310470943122236,0.04872126577142277,0.04038142684525924,0.02037560326956442,0.03605143986921732,0.022424992831797,0.039060177388411645,0.045770253498656245,0.03108480876206452,0.043301762928977645
882,0.031080640090209936,0.04876808836145422,0.040417777402647743,0.02039333998391972,0.03606978543298007,0.022449597305319566,0.03909699892967339,0.045813706877633115,0.031108662226396664,0.043321291880111024
883,0.03109920198942076,0.048813442648258355,0.04045709302042742,0.02039145290494318,0.03608664056751891,0.022461961049801166,0.03913211873515115,0.045859582279475064,0.03111850366797058,0.04334119327833066
884,0.031114753622361227,0.0488676809186557,0.040505879698251736,0.02038345658254288,0.03611235981263759,0.022469741585374663,0.03917215301884516,0.04591358441355469,0.03112526609759591,0.04337016918994644
885,0.031137667856913357,0.0489375757240303,0.0405651698340125,0.020383467309376565,0.03615369750619096,0.022481288915174973,0.039222492135177825,0.045975351436271274,0.031140578405692766,0.043415794091150414
886,0.031159060166114902,0.04899877142205043,0.04061091710565326,0.020392599236733602,0.036194960908198875,0.022492844576674064,0.0392672940363065,0.0460269267405694,0.031159226508133984,0.04346184439184479
887,0.031193014455700527,0.04906833069783419,0.04065696666127364,0.020421090431274425,0.03624835083681761,0.022516422914933523,0.03932314654034282,0.04608117948989778,0.031196222565011554,0.04352575639714181
888,0.031229671408737607,0.04913663507053318,0.040699592044562895,0.020453251925602427,0.03630090684856155,0.022545823846404814,0.039383703108197575,0.04614070073431739,0.03123897374988,0.043595448623186275
889,0.03126231048019371,0.049200014006613293,0.0407403269193232,0.020474780720650447,0.03634383214804196,0.02256644959196735,0.039429012098930405,0.046179500977353474,0.03126320003342236,0.04364335936636742
890,0.031285310216088866,0.04925623158995013,0.040781250331358425,0.020472804562617738,0.036369742860998505,0.022578746630601037,0.03946530030219476,0.04621608611010477,0.031265732548091035,0.04367119488254623
891,0.03130025969277494,0.049307605197360244,0.04082362362748424,0.020449397853207305,0.03638082577426946,0.022591681820720928,0.03950827443362159,0.04626696082501253,0.03126058541140189,0.04369652943865406
892,0.03131398859289556,0.04935974592072051,0.0408669795239917,0.020418966241535972,0.036386292401706946,0.022600488771511995,0.03954490730959265,0.04630942400079029,0.031247488588197442,0.04370943924042056
893,0.03133019530602923,0.04941174802010354,0.04090563357421675,0.020395261446524055,0.03639200882127187,0.02261086463036752,0.03957971324816537,0.04634683051260126,0.0312417659601163,0.04372072181748406
894,0.03136052858759427,0.049476112703860715,0.04094518219259518,0.020396990997988286,0.03641351274304754,0.022634366275713684,0.03962811459066397,0.04639466898349228,0.03126651588376719,0.04375277355295998
895,0.0313982867892624,0.049544897026530706,0.04098096138053298,0.020418899228588507,0.036444166553364764,0.02266177506019605,0.03967776882495846,0.04643729452140997,0.031308061494551724,0.043790189321892437
896,0.03143641244838347,0.04961418012334875,0.04101412660729609,0.020449540952405903,0.03647635366517439,0.022686010357318577,0.03972422666339647,0.046469063579200255,0.03135184158446299,0.04382278628387922
897,0.03146866513774648,0.04968219377627956,0.04104661037138536,0.020478041988985177,0.03650321237143515,0.022706157055829825,0.039773916591272614,0.04650112689760922,0.031392065344186586,0.043851805956868814
898,0.031491337791085955,0.049749157688323165,0.041080428285187806,0.020496379433913112,0.03652067963293435,0.022720380129145762,0.03982918337298562,0.04653487446750038,0.03142237380267309,0.04387609705035993
899,0.03151129458632436,0.049820433451471066,0.04111938402257355,0.020506903660611343,0.036537048188512784,0.02273007840267176,0.03988685674065405,0.04656724578233539,0.03144180315568702,0.04389764644902777
900,0.0315274015516496,0.04988733754754471,0.04115390215334945,0.02050749499894832,0.0365515459555664,0.02274117342028746,0.039948625813789156,0.04660314605760335,0.03145564891163289,0.0439271001366215
901,0.031547910693586215,0.049954922736739765,0.041186243805882206,0.020501963694343667,0.03657453543797731,0.022754106571397887,0.04000581092580246,0.046631371289269787,0.03146141421118256,0.04396426857045202
902,0.031572377880740195,0.05001761370201075,0.041210318204459306,0.020490190022172818,0.03660453655560642,0.022771898416945175,0.04005862199413294,0.046652296498323365,0.031463064382016126,0.04401304390169801
903,0.031604733797443656,0.05008674741800033,0.04123320291704053,0.02047859241418629,0.03664089819021514,0.022792960322985282,0.04011053263606405,0.046665646634949376,0.031464745154268996,0.044065997479154774
904,0.031635446492728696,0.05015416770293518,0.04124570807428092,0.020465322706069884,0.03666660130943616,0.0228171093268637,0.04016954273707224,0.04668126131238004,0.03147361921672207,0.0441179551768396
905,0.031667753307242315,0.0502318209045127,0.04125545866001072,0.020456655509163618,0.036679620231008576,0.022840233153636723,0.040236945579393606,0.04668968380784394,0.031491309398988324,0.04415647185487615
906,0.03169907895230729,0.05031916130366438,0.04126479182539859,0.020453235442410244,0.0366794244362114,0.02285488206567334,0.04030254317093678,0.04668398040096366,0.031509226152213445,0.04416878179263857
907,0.031720744688147305,0.05040105961669722,0.04127095161781071,0.020449978568332233,0.036667273179338496,0.022867001721529143,0.04037357816307692,0.04668344590883907,0.03153139732094368,0.044174914075575104
908,0.03173018658714962,0.05047224107751214,0.041279813934811754,0.02044578691518666,0.03665258259901053,0.022874069128553196,0.04044184162312049,0.04668901118208051,0.03154985965039406,0.04417922557520293
909,0.03173126363504159,0.05053683329898447,0.04130516575597065,0.02044371248515918,0.036651757984373014,0.022873887041734056,0.04049938216278558,0.04670559496606831,0.03155754232388487,0.04418653681786494
910,0.03171725309616674,0.0505791849504976,0.041336143053769835,0.020440428176989822,0.036657582491821245,0.02286503784634264,0.04054078658994331,0.04672700676939149,0.03155487304017789,0.0441962381362364
911,0.03169559581925314,0.050603586062721514,0.041373412522793585,0.02044176247805235,0.036672055594991294,0.02284898068801081,0.04056672659834441,0.046755384188211714,0.031550477603970305,0.04420924896072462
912,0.031664051829860415,0.05059982554478204,0.04140470232109709,0.020447315704840867,0.036685617212677595,0.022824118464708578,0.040572768403084415,0.046779056905381686,0.03154929082869977,0.04422025940665674
913,0.03162050079771506,0.05055899412777975,0.0414192792341164,0.02045583217450846,0.03668943024960894,0.022789421998230214,0.04055585700590705,0.04679499116568066,0.03155490403281975,0.044225104070920694
914,0.03157349387295885,0.050497934951502864,0.04142859524313339,0.020467571355402153,0.036691296714108194,0.022748177180168774,0.04052111687506939,0.046807161661431215,0.03156330912706653,0.04422466785104324
915,0.0315226143571441,0.05042280723362656,0.04143481875228288,0.020474866254033136,0.0366898888771233,0.022702033714211207,0.04047076415528602,0.046816670154404806,0.031562996544257954,0.04421540987152381
916,0.031467717152797156,0.05033977102686272,0.04144003677427963,0.020469867518548356,0.03668392082654088,0.022655158983438298,0.04041151127309742,0.04682843067730365,0.03154569057491436,0.04419839464715938
917,0.03142248316269919,0.0502736240112304,0.04145826867007136,0.020457050001794715,0.03668576339147769,0.022612325444809123,0.04035010055434913,0.04684480405451265,0.03150960600621204,0.044175632960414817
918,0.03138647914953895,0.05021615435356226,0.04147308988778631,0.020439006825018993,0.03668670097224011,0.022582628707250155,0.040298781569786314,0.04686804967068424,0.03147126257594655,0.04415753319143475
919,0.031358498748151435,0.05015829871342659,0.041467397882284734,0.020418905343488496,0.0366777305117088,0.02256392632164754,0.04025006829637045,0.04687122452704707,0.03143339317491959,0.044134097160720386
920,0.0313491419616854,0.05010977411902716,0.041441700526367406,0.02040749952322096,0.03666472427879025,0.02256152095941553,0.04021002971689396,0.0468533945809197,0.03140872329831676,0.04411070571216936
921,0.031361115927995856,0.050072389780350265,0.041399816318276175,0.020408020732637765,0.03665030940951207,0.022576319054282912,0.040179153731604175,0.04681736011946717,0.03140078386719674,0.04408901987497492
922,0.031385275284914,0.05003432547302078,0.04134662876692549,0.02041350646485005,0.03663024749193594,0.022601210607761803,0.040146643642235795,0.046765767911317056,0.031398386740124164,0.04406087897304619
923,0.03141547399140817,0.04998915064834366,0.04129164931385347,0.020418617502777806,0.03660399048158886,0.022631733436428405,0.040106727132772906,0.04671083357577603,0.03139388750318315,0.04402329837712534
924,0.031442371505536665,0.04992684726674044,0.041239668396183815,0.02041621117033364,0.036567385828658136,0.02266472170326562,0.04005703530074493,0.04666671700773052,0.03138213347262857,0.04397677697052748
925,0.03146613661245028,0.049860603504493346,0.04119817062189544,0.020409264221840896,0.036528304146274775,0.02269105799442121,0.039995176339043495,0.0466246832147181,0.03135755298552902,0.043915881836620756
926,0.031477542661161456,0.049796201440389966,0.04115463544221156,0.02039749828417552,0.03648409411668025,0.022707988130645573,0.03993741191402757,0.046583403119231565,0.031329084625202334,0.04385128094028069
927,0.031473766656356914,0.04974834021486342,0.041104601919743376,0.02038486550486648,0.036439297115205785,0.02270677909096869,0.03988912769732228,0.04653168151634207,0.031297289703569875,0.04378196483052389
928,0.031441439143595484,0.049709068341540624,0.04102907334128199,0.02036688717699119,0.03638372004933618,0.02268410300284827,0.039858592965929696,0.0464615756674577,0.031266399816934985,0.04371221141966169
929,0.03139495847763577,0.049681497713857076,0.040940772368433055,0.02034885253436097,0.036326516599190124,0.022647838123110123,0.03983935364091195,0.046376396345274455,0.031236239948363168,0.04364245612442885
930,0.03135252764286176,0.04966333289568272,0.040856176440734984,0.02033581435833562,0.03627712720873655,0.022607924762250903,0.039817418007654606,0.04627973823329683,0.03120299615059788,0.04356880301461608
931,0.03131326161677872,0.049623102576982416,0.04076698869373194,0.020320368967393806,0.03622296687287846,0.02258215191595499,0.03979273280321325,0.046192912998145125,0.031173730263498876,0.04350262929076793
932,0.03129383854011394,0.04956866447344484,0.040690780703556716,0.0203084003426736,0.03617554492925525,0.022572667263047595,0.03974993233396749,0.04610801000862473,0.031140348221377987,0.04343373272572974
933,0.031284167677618255,0.04950095662848783,0.04061947708579789,0.020294395906095185,0.03612706902804197,0.02257545319621312,0.03969935271387688,0.04602869938331533,0.03110543977156736,0.043365963568035765
934,0.03127472012276347,0.04942905469260821,0.040547513430999535,0.020274250067714533,0.03607259342965586,0.022581199564956824,0.03964905078685466,0.045951554511375045,0.031068015881804485,0.04329790443125324
935,0.0312559486645367,0.04936229143880811,0.040469373346287765,0.02024390871041304,0.03600733727606001,0.022575411287892366,0.039597927029481665,0.045862863977652164,0.031019955017266967,0.04321828768715009
936,0.031225015068119342,0.049304077124911735,0.040381447357460805,0.020203462456235895,0.03593111690451052,0.02255543457648878,0.039549650809609004,0.045760932775411885,0.030962363595641678,0.0431279866097954
937,0.03118456529059662,0.04924521878909195,0.04027857119687665,0.020156506984813048,0.035845820670093544,0.02253254936854823,0.03951106658507815,0.045651541004039654,0.03090598700159151,0.04304056208853762
938,0.031147108987750163,0.04919072677378709,0.040167250566212245,0.020112627393442915,0.035764176588927936,0.022509504395998758,0.03947261712064603,0.045526657697639,0.03084909253360303,0.042951859999215705
939,0.031115220712945722,0.04913075548141597,0.04004154776343405,0.02007484578434364,0.03568718279725143,0.02249366925101362,0.03943348203392611,0.045385378675004966,0.030796421442238403,0.04286658076447825
940,0.031086257056291616,0.04905968850482192,0.03989978953948799,0.020041244729044925,0.03560892219323378,0.022485678175809976,0.03939329052555098,0.04523189369691254,0.030748616286041797,0.04278248719963844
941,0.031063005540126205,0.04899067247956463,0.039756788621108416,0.02001238401535438,0.03552919862669601,0.022477528073095127,0.03934625527255045,0.04506787244221183,0.030698813385712658,0.042685561182299506
942,0.031038669259233806,0.04892214902536267,0.03961618565092303,0.01998265426804929,0.035436991615820215,0.022469368891483283,0.039301636477909054,0.04491126484335476,0.03065186670456292,0.0425779916199249
943,0.03100996046965376,0.04885758360632946,0.039484957812247534,0.0199490971394145,0.03532689835749677,0.02245450095369011,0.039255423171878884,0.0447667596512071,0.03060274029421393,0.04245019045919363
944,0.030975924533375842,0.04879270899639224,0.03936069472262221,0.01991143180768657,0.03520342804964298,0.022430221615434287,0.03920113193745957,0.04462655661614947,0.030546654766646978,0.04230305298665848
945,0.03093625911144043,0.048721670546746816,0.0392372402135095,0.01987019263509358,0.03507433518601777,0.02240535275282738,0.0391491343029108,0.04449396889488933,0.030492640288866453,0.042160499600578424
946,0.03088731632463124,0.04863283376637934,0.03910382709010847,0.019823595396212604,0.034943663883275446,0.02237295102400905,0.03908221365575913,0.04434874014329283,0.030428138153079636,0.0420167207669892
947,0.03083542780393631,0.0485324860066581,0.038963330180024916,0.019775508206635904,0.03482368540183769,0.022333447015222302,0.038998154619077664,0.04417882176708422,0.030350713956514404,0.041876172100449055
948,0.03078286287979081,0.04842854677201893,0.0388170690434739,0.019725292190198154,0.03471273694544674,0.022296565952824234,0.038917152186670065,0.044004466791712465,0.030270936123071884,0.041749908629009735
949,0.030719689828539284,0.0483112257680453,0.03865125464103461,0.019663920974782992,0.034593428724452466,0.02225966288164353,0.038839141773734064,0.04381935985052291,0.03018254412675427,0.04162374426496181
950,0.03066362319740173,0.04821417942797039,0.038487024615967765,0.019599911444858224,0.034479288663037656,0.022224950933442598,0.0387728644679236,0.04363025166156032,0.030085728661730166,0.04149175346641992
951,0.030610986776036134,0.048134107913099994,0.038320690985282166,0.019531502254970606,0.03436311276995766,0.0221910877716613,0.038717891557196786,0.04343475083911984,0.029980168043272953,0.041347558019766306
952,0.0305507101743783,0.04804969526992165,0.03814466430748154,0.019458767387992328,0.03423623182362815,0.022153924002775865,0.038663291362118976,0.04323165721122267,0.029870307813954278,0.04119087782992576
953,0.030480659449421302,0.04795241418348323,0.03796470044461249,0.019389155911127137,0.03410168933636087,0.022110009777202795,0.03859851912296042,0.043025842976645565,0.02976389775138803,0.041025597551269506
954,0.030390126085421493,0.04782009985096969,0.037776920644199304,0.019324696214692367,0.033953561566318013,0.02205429325432554,0.03850990719594332,0.04281876093799772,0.029667058787584737,0.04085373576998448
955,0.030293819212959615,0.04766983241179497,0.037597242078772554,0.019271941709861743,0.03380711809843189,0.021991632661207818,0.03840062327230843,0.042614596088976116,0.029583285335372196,0.04068413215374683
956,0.030192774352466683,0.04749722141306948,0.037414337574415035,0.019218782649990516,0.03365584445479032,0.021926290640372034,0.038272662388327744,0.042407300983429354,0.029501706063016914,0.04051399979627281
957,0.030093483702725556,0.04730647788088514,0.03722238020286734,0.019155942586582545,0.033498559877319534,0.021858303001859355,0.0381206389234041,0.0421776643037233,0.029404762721940005,0.04033202349301571
958,0.03000051997438149,0.04709986760875067,0.037014616837449436,0.01907482591796196,0.03333289145771883,0.021798776997023362,0.03796009810950479,0.0419307962856419,0.029292016932994658,0.04014816147514079
959,0.029909965070339637,0.046882769211853956,0.03679211174866408,0.018978509652462616,0.03315959226589401,0.021743166493799565,0.03779394005312442,0.04166871450661423,0.029162567395305473,0.03995916048700658
960,0.02981446418044935,0.046663276916910953,0.03656125922861287,0.01887627146375893,0.03298238516027118,0.021681942193003477,0.03762455698267161,0.041395139440875216,0.029019137899743,0.03976084098254541
961,0.029703865832946517,0.04644742445028492,0.03632696037594434,0.018776452958030678,0.03280343692444275,0.021609969102873987,0.03746414394403051,0.04112505044561831,0.028871928849101218,0.03955920789477171
962,0.02958086805935457,0.04625333148661485,0.03610463360978323,0.01868999074870423,0.03263412513040248,0.021522445615160354,0.03731724228321578,0.040866600052313365,0.028726182721034374,0.039355176451302355
963,0.029449060923368697,0.0460690145652087,0.035891216980712994,0.01861019095222786,0.03246848898058676,0.021424289783401856,0.037176208676664484,0.04061846134797669,0.028580258370417624,0.03914562499483663
964,0.029316265299489577,0.04588346375426445,0.03568413188660358,0.01852926220792342,0.0323011804424345,0.021327273809821825,0.03703920687183846,0.04038014201247266,0.02843743007116537,0.03893538937777068
965,0.029189317752840133,0.045683817789768676,0.03547897085671917,0.018438653014532534,0.03212543196828605,0.021238350519944466,0.036896129145078685,0.04014369628258172,0.028294531971008712,0.03872000753779543
966,0.029073289067106933,0.0454669822195456,0.03527139700790358,0.018336525121944416,0.03193851550954421,0.021159814958629397,0.03673937254164439,0.0399008212902942,0.028148508704105873,0.03849421402392504
967,0.028971745617925267,0.045248939980047996,0.03505910461965227,0.018232772422697878,0.03174653748642771,0.021095471100109942,0.03658241497439279,0.03965287170483574,0.028009146578116522,0.038269027645433364
968,0.028885539411683297,0.04504436724147956,0.03483633482926745,0.018136338953998823,0.03155372337033402,0.02104488876539003,0.03643334713561265,0.039397735872928656,0.02788133273462415,0.03804935671006304
969,0.02882389058444838,0.04488120133755651,0.034608143138599,0.018060725564242066,0.031374040726577304,0.021009938884661575,0.03630503013110716,0.03913604796193618,0.027772721025470775,0.037845093485605975
970,0.028777771297827607,0.04475422025861213,0.03437156866722574,0.01800153797495276,0.0312043750621101,0.020986058779569404,0.03619895519101879,0.03886971916751796,0.02767932105111493,0.037656162296947536
971,0.02873569180439824,0.044649332818789404,0.03413242726094401,0.017947873719105945,0.031041051381680104,0.020961404149790423,0.03610350956265028,0.03859447594650125,0.02758502955334858,0.03746980387519811
972,0.028672795242477764,0.044531653800417216,0.033881542438497066,0.01787992404226387,0.03086617458208145,0.020926121086428363,0.03601084850443025,0.03831283245815784,0.027476154994230558,0.03727732413159568
973,0.028575811683366294,0.0443843798488772,0.03362224714362677,0.017785408377112955,0.030673733607729427,0.020864819286952958,0.035902405273255646,0.038011853899708264,0.027332119961133675,0.03705906224941379
974,0.02845101657424541,0.04421186610980035,0.0333631426653089,0.017672274008012988,0.030471218247160113,0.020779878059003585,0.035777016283875585,0.03769632319081481,0.027161976332657486,0.03682021003076745
975,0.02830075455393377,0.04400830971464305,0.03310024170735989,0.017550859971364272,0.030258908523925154,0.020674783295391352,0.03562852836404634,0.037374567293716465,0.026980590891534924,0.0365655017095176
976,0.028129388460882077,0.04377099516388369,0.03283196003910641,0.017434165618305932,0.030039593457835956,0.020551941636655024,0.0354473581858448,0.037048200966019726,0.026803585459338853,0.03629854832581238
977,0.027938222263129208,0.043493690399420436,0.032556481209545365,0.0173300897307929,0.02981410698329776,0.02041601438222619,0.035232255563926895,0.036722061581061,0.026645274288503686,0.03602842833034912
978,0.027735502097639003,0.04319659687340843,0.03229016162810468,0.017237387870583376,0.029594323252133934,0.020270601401897563,0.0349984897468549,0.03640970331387436,0.026500667361112527,0.035765452761007066
979,0.027513385376060916,0.042877088660069645,0.032032742012072866,0.017141138468868902,0.029375448782848507,0.020113230458750693,0.03475548662231083,0.03611882631878316,0.0263518530287876,0.03550961086666133
980,0.027274952323150185,0.04255044904291741,0.03179614326600831,0.01703225455805396,0.029163741960183138,0.01993777666383151,0.0345070272651927,0.0358365204533804,0.026174905744386055,0.035253593225085735
981,0.02702915435294531,0.04222350434384803,0.031577460086866,0.016906704559417576,0.028956709162619606,0.01975460826632081,0.03426410033248822,0.03557408191877692,0.025969345262248488,0.035001299595491434
982,0.026807287509885577,0.04191230810633031,0.03137013139178011,0.01677647076426908,0.028755556159190534,0.019590939061706638,0.0340371143042001,0.03532298810849532,0.02575995399734712,0.03476097747757934
983,0.026642524044547814,0.04163277079677101,0.031165564623681235,0.016654271957449597,0.028560870677077983,0.01946835506677773,0.03382262827979058,0.035069859171010444,0.025564003448824195,0.034527772898017915
984,0.026566617558750123,0.041399029078201914,0.030954502749753372,0.01655243210018842,0.02837274013358966,0.019418650711321435,0.033635923072878895,0.034823411084312764,0.025412828246889688,0.03431612502821291
985,0.026572092027720984,0.04121400045232488,0.030732564067628153,0.016469955061464953,0.028189529895587533,0.0194354389398077,0.033476873583639995,0.034573264103336644,0.02530375420052719,0.03412082872707618
986,0.026632306398929603,0.04108772386077964,0.03051116724690033,0.01640137736066446,0.02802001182291831,0.019492030527266824,0.033350955290344354,0.03432004171014453,0.025219103809529093,0.033939347185085386
987,0.026707117244635363,0.041013344583746614,0.03028400374842814,0.016330248040369904,0.02785827776236849,0.019557325155376958,0.03325883772784613,0.03405357988751105,0.02513391723694571,0.03376160581386617
988,0.026756937040657926,0.04097933667549629,0.03003638301471549,0.01623717275113603,0.027693492569917582,0.019607036682475844,0.03320747507484457,0.033769712171651686,0.025027948720433554,0.03358284334400795
989,0.02678069015130875,0.0409764497881852,0.029760122113700868,0.016123424834217335,0.02752168544841735,0.019642390603185844,0.03319131374494133,0.03346350856885193,0.024901517956788053,0.033401436261094625
990,0.026802503242557552,0.04100899267789943,0.029464603893411746,0.01600702018798549,0.02735365079590255,0.019679519557877313,0.03320735021348571,0.03313232018388778,0.02477109869488733,0.03322602490621298
991,0.026844926168533012,0.04106957207520757,0.029158963378100956,0.015907370662874946,0.02719664835646402,0.01972875453694567,0.03323292819576703,0.03277932758670578,0.024647718008985124,0.033052466852070084
992,0.02691759870854019,0.04113101315693099,0.028846292278975713,0.01583750509693098,0.027046546592895716,0.019805937913611665,0.03325531745321046,0.032420916396755525,0.02455311872586052,0.032888632797469466
993,0.027015988664117578,0.04119124157748397,0.02853238314589712,0.015795692764023088,0.026900366372646613,0.019907738255028437,0.0332755558145328,0.03206475419045375,0.024488547960188144,0.032734884650748294
994,0.027128551088339805,0.04125577514023147,0.02822471218597362,0.015771970732848663,0.02675524330651738,0.02001926792782184,0.033295244012865585,0.03170763086385028,0.02444276102684664,0.032585453493356564
995,0.027232353409874854,0.04133107791496588,0.027930578191969174,0.015740553347263,0.02660483351648967,0.02011943520954819,0.03332405802181757,0.03136200631851819,0.024396577942734914,0.03243939057519779
996,0.027297285996548338,0.04140971446613946,0.0276407836080607,0.01567499720944275,0.026439076964386184,0.020186419315221697,0.033366538560582686,0.03102040362955045,0.024330097266152404,0.032296078420526494
997,0.027299345258139367,0.04147653417484855,0.02732945851117466,0.015581250875205864,0.026258110814385796,0.020204166740437512,0.03341274664891229,0.030662718467238986,0.024242787845899543,0.03215700617604494
998,0.027200301786320477,0.041508869602469176,0.02696834867059282,0.015486850990022474,0.02607677194487941,0.02013813285913716,0.033432854152992866,0.030259808979553764,0.024140972448403315,0.032023022503271784
999,0.026912924122591893,0.04142392283003863,0.02650755751203793,0.015422802794588353,0.025904134032972086,0.019915685832087287,0.03334083814210852,0.029770392840367442,0.024020727070212047,0.031872861543219985
1000,0.02639925699617136,0.04115807935052718,0.02595198363012306,0.01539838014959169,0.0257554277552267,0.019505812249916446,0.033071116351807144,0.029213728099675058,0.023868760388637937,0.031694201378294935
1001,0.02573237321326138,0.040703758411178834,0.025382661718059113,0.015405355609674579,0.025643813788241255,0.018976502149651495,0.03262825544108688,0.02868144159670418,0.023673012499988176,0.031486306074328306
1002,0.02508597759642825,0.04012550041985912,0.024957954354860683,0.015401604852063829,0.025539191629346362,0.018481657251067117,0.032114309424525936,0.02834264366310795,0.023419482558759384,0.031206268683030405
1003,0.024663136790632097,0.039572331338457695,0.024900592669294397,0.015261825919333616,0.025346586682962326,0.01816841264678923,0.0317012683513182,0.028402270194577035,0.02304028409158544,0.030724380888934696
1004,0.02455683776012034,0.03913113543912341,0.025332633401531357,0.014960241009319006,0.02515931310209567,0.018110115425833705,0.0314829038915455,0.028955403047821255,0.02256979733813435,0.030235463475628343
1005,0.02475864491615493,0.03878365453104067,0.02617202271266774,0.014590544641049318,0.025171490461607566,0.018318673406697225,0.031408992641492245,0.029874284230336823,0.022150563968397912,0.030125163365710864
1006,0.024934133681531395,0.03835100727408537,0.0270296064325722,0.014256082037041843,0.025323631001517313,0.018486785095678058,0.03119807351403673,0.030709540046949833,0.0219202062474949,0.03038323359500898
1007,0.02464332670546349,0.03767137385726379,0.027490229006597266,0.01407886064203103,0.025433481947661915,0.018206175604900784,0.03062221603616927,0.031049732318969386,0.02199479199210423,0.03077608251624709
1008,0.024048783596202203,0.036934967174413434,0.027600297355360723,0.01418351681088771,0.025614021588891943,0.017634233600092933,0.02989223122701489,0.030990826672646795,0.02236426043642673,0.03138088454722719
1009,0.023465515298253435,0.036337125434484537,0.02748751526917836,0.014420946138198925,0.025790777257567846,0.017093622614122755,0.0292641554252817,0.03074610643910809,0.022772403875315764,0.03196977980317335
1010,0.023037461725201432,0.03590471467607557,0.027192178846929066,0.014324696216871272,0.02537059843613812,0.01671673064822724,0.028788064970729874,0.030459998605307584,0.02270068252426307,0.031530246164689454
1011,0.0228092644061019,0.03568339084951769,0.026852254788756774,0.01388121882060993,0.024213870049408368,0.016524852187321817,0.028517184919679747,0.030259938276144448,0.02212507887435779,0.02978839399300171
1012,0.022795415538025186,0.03571137616197635,0.02667948461005227,0.01356840049783142,0.023011886488255508,0.01654173393950967,0.028539281773970804,0.0302729038712488,0.02156646282842546,0.02782351865026916
1013,0.022875169796136022,0.03585291199720457,0.02674259572414997,0.013550977588974267,0.022406379340407824,0.016633991476946282,0.0287039897654212,0.03044354683807859,0.021320339762197115,0.02667384543557029
1014,0.02281429424566016,0.0358314536605065,0.026943973937767162,0.013666686401393496,0.022558061338628626,0.016687912774910264,0.028918424622900115,0.030817998197147863,0.021593852541533218,0.026902727324154753
1015,0.02270256216542856,0.03570476137710605,0.027276725650694226,0.014017363718681489,0.02317016555075946,0.01652134320193364,0.028768875834337168,0.030904862897064872,0.022036622690143694,0.027650595161015576
1016,0.02271959704489114,0.03561991500806223,0.027700956073483635,0.014621557343074854,0.023902753716630577,0.01650563277597094,0.028737735015070178,0.031100702181930947,0.022672673383526052,0.028673574901112935
1017,0.02277114946907759,0.03538947559501415,0.027952867573620425,0.014964520172136378,0.024340100863918673,0.01653076018384895,0.028574777714304285,0.031228300587890338,0.022841125658275653,0.02931350358042949
1018,0.022774967930186865,0.03480718976493486,0.02789389146356373,0.014674569161340018,0.024171708818297867,0.016569422541010608,0.02812777703492,0.03130359643099258,0.022183397579623558,0.029202790032051305
1019,0.022895562196052578,0.0342092599119957,0.02777773880379666,0.014062418394355063,0.023787331132833787,0.016737445000654886,0.027653710855981888,0.03136449932356414,0.021079530665076295,0.028782800242402137
1020,0.02305417568482082,0.033953385159241914,0.027558114617662544,0.012896690318950865,0.023643695174273855,0.016968217368973786,0.027531298283476405,0.03129454346981146,0.01965228209679686,0.028706247986416394
1021,0.02321289331879543,0.034319678730531135,0.027000219341138738,0.010775370626019656,0.02437882305525379,0.017023435458520485,0.027686907788233253,0.030412155448016922,0.01776611053846873,0.029539912334443755
1022,0.024332112890341824,0.03572586818603896,0.026809649877237916,0.010675240461323437,0.026765630100133008,0.018109773415239585,0.02894439860471486,0.02964581590063112,0.018200986047796387,0.032763930732927125
1023,0.026937449872860224,0.03807451643064194,0.028037435442317567,0.01509456018880897,0.030188358522546106,0.020736056273451087,0.03131710314477384,0.030087755206044398,0.022480310114849304,0.03746619800103292
1024,0.02932008485833298,0.04022435641677313,0.029827252232305264,0.019286558883076226,0.032645282145468274,0.02310609183563149,0.03358086235361454,0.03126734402779636,0.026647951958410115,0.04084672734075659
1025,0.028914784200947646,0.040449041155916264,0.029994064872984186,0.018745080955538247,0.0318870613250715,0.022651510878885037,0.033786634292493116,0.031303536292427846,0.02621715832003124,0.039869424371890165
1026,0.025812066715746408,0.03867447669755391,0.028353589257142816,0.014149225010306667,0.02838923313161907,0.019453882992589565,0.03185212676392557,0.030003481914281135,0.021848196561167068,0.035179291219295854
1027,0.022769442074535892,0.03652564044884456,0.026918505778438795,0.011639115130406438,0.025008255039627218,0.01632524573202292,0.029649651454024498,0.029150967435794806,0.01915938121455317,0.030776934975323036
1028,0.021449430455436267,0.03516823123234498,0.02677040311376889,0.01400711329441008,0.0232164924538775,0.015103663654226307,0.028463550911942033,0.029560670702938635,0.02052312702471707,0.028754081225079563
1029,0.020914200210156154,0.034649281398948954,0.02705375670114952,0.015361202358960203,0.021978907396260638,0.014787982948115405,0.02818956821827152,0.03022835538847836,0.02129874470557007,0.027271396786282508
1030,0.02050784580139439,0.034466290767677564,0.026899432442356326,0.013908577987765352,0.02072790573870988,0.014623682725337678,0.028221537307482482,0.030314251126251048,0.019683312090795425,0.02542499488084551
1031,0.020653621960398626,0.03436626306145003,0.026326033247396314,0.011594041624488946,0.020303237908603458,0.014997571364082333,0.02827748932833781,0.02980064358838312,0.01759122571898217,0.02463376237396432
1032,0.021049308109557626,0.03407524626683304,0.025509306310954525,0.010435950539173589,0.020917644569785857,0.015532045127404992,0.0280795373709443,0.028828281026501118,0.016929705699018895,0.0253981542118236
1033,0.02107977041932531,0.03342015482502108,0.02464091189759373,0.01084375823042523,0.021849758249211964,0.015545495884776623,0.02742366552864543,0.027586236770102884,0.01784595059168833,0.02665647949881684
1034,0.021100220020365067,0.03267779390780678,0.023985914133010235,0.012019718863874256,0.02268145921638211,0.015493011706412497,0.026676826377948503,0.026480146532332372,0.01939127298297646,0.02778744709286726
1035,0.021411122959439605,0.03205387536383279,0.02359127331178616,0.013290146136123074,0.02320917963840752,0.015758449305676353,0.02608516102102605,0.02572943708199477,0.02079448281235687,0.02848705812526166
1036,0.021574566650344323,0.0315465352242535,0.023209065469805563,0.01392005444025295,0.02309044678999882,0.0159079736953218,0.025608322980148677,0.02522466271528995,0.02126159798162116,0.028221366418723096
1037,0.021173937153438526,0.031169976949188636,0.02276315511637722,0.013664989350056623,0.022273653134338364,0.0155282513413935,0.025288932653877702,0.024942865663265652,0.02059600776560502,0.026943154769173576
1038,0.020485274647115595,0.031021646382914096,0.022552925091559588,0.01292600475326267,0.02120782517094308,0.014881681660838255,0.025243271281955547,0.02501786038331957,0.019330553955947658,0.025331653111043136
1039,0.019766582562143652,0.030947879081206605,0.02270555877606736,0.011940319791968313,0.020196791331564462,0.014229496134272414,0.025290527520436607,0.025422885925878744,0.01787155645219837,0.02389181066240003
1040,0.019089201038702885,0.03062645620167431,0.023130697266963728,0.010820808860621948,0.019343091654526686,0.013633677181913923,0.025036730446681657,0.025950408681804323,0.016507096350149845,0.022829071908104716
1041,0.018570045729700373,0.030139293699346772,0.023690510682171408,0.010024482505331037,0.018736971807452697,0.013199423664640452,0.024568547614697123,0.026451407602525942,0.015668780420256264,0.02223483038191378
1042,0.018322294630822123,0.029776724307908543,0.02419674237844092,0.009936912433395728,0.018440449888375978,0.013038820207462717,0.024231785912425072,0.02681555456632557,0.015616795056652715,0.02208214862750914
1043,0.01823218527376856,0.02955423694567541,0.02431296111754536,0.010250361834776565,0.01834418075925097,0.013021393728086254,0.024018449372801176,0.02675960505977747,0.01605376742244115,0.02207934973224008
1044,0.018114248425930072,0.029305470044665688,0.023714579828136538,0.0105732107318784,0.018328497737143176,0.012958476442079519,0.02372383455689419,0.026018769141762137,0.016606963555737753,0.022000184477216682
1045,0.01805368972884384,0.028995796904651875,0.022685899013137435,0.011126290876502416,0.01852333755068628,0.012950677696934216,0.0233482002691123,0.02487126595237143,0.01731856410106557,0.022157300510361497
1046,0.018096009956804857,0.02860401118222381,0.021654361905428177,0.011877124849806818,0.01889391603517278,0.013061946345435218,0.022944286283583942,0.02376410516714731,0.018048003109650865,0.02264537231752694
1047,0.018016611881787464,0.027925985443232736,0.020890592556686308,0.012135711523563122,0.019107027986312527,0.013074501706911787,0.022337748746852147,0.022988828273983818,0.018143057699009778,0.023046610214090588
1048,0.017655419516772106,0.026899884182655123,0.02051515782792767,0.011452004504704079,0.018990959321828732,0.012818440370176274,0.021448833971300867,0.02264308688216565,0.017212318391192825,0.023105626939451934
1049,0.01721257788072927,0.025856654993655297,0.020416880772569222,0.01040683110851428,0.018692372884907466,0.01248571326043009,0.020610873116201675,0.022578606292340344,0.01588981661125545,0.022976075873331316
1050,0.016874628218183377,0.025079038936060886,0.020391993179007094,0.009617822114089576,0.01816668538857577,0.012231524749287768,0.020053458438944877,0.02253840479187141,0.014853510051501397,0.022464179384336702
1051,0.016695191285639004,0.02468068372121537,0.02014444177683397,0.009387080066271711,0.017135404123515507,0.012095884779939342,0.019845425620287484,0.02221177751819859,0.014532852601695168,0.021036329485423458
1052,0.016672493799011274,0.02464271056260953,0.019636957509152907,0.009711917732086017,0.015842031114615907,0.012097858500120916,0.019973196521966656,0.021568193475109493,0.014894576724295425,0.019021652610324742
1053,0.016654529278296148,0.024709559724226105,0.01904722568898637,0.010279731504546759,0.014881011577763918,0.012137519560570742,0.020219892865264617,0.02081247892431472,0.015472366847052117,0.01743346918007924
1054,0.016341732514365784,0.024466701169481315,0.0184774986185481,0.010544520510899262,0.014406381397430529,0.011950858395512758,0.02015925122385771,0.02009065227848438,0.015659833891844614,0.01666832538415992
1055,0.015517431630768892,0.023572766153110603,0.017944052006032992,0.01004693099863708,0.014294499020096753,0.011328998572780054,0.019412102353646547,0.019436528810208242,0.01497003796466913,0.016630682486531385
1056,0.014515645563896958,0.022320701781196082,0.017473581420416204,0.009085273326567939,0.014450677286966657,0.010568363890830951,0.018284453339797675,0.018865318307913142,0.013737991970750763,0.017127213019755665
1057,0.013707103964966274,0.02112284734139156,0.01707937312822584,0.008154270753753955,0.014657768305866013,0.00998669014206059,0.01721303034568444,0.01836818334960344,0.012516099267317404,0.017727815835472047
1058,0.013193341490174919,0.02016104215209773,0.016730575287827044,0.007515305946049909,0.01448605865086795,0.009640778591838008,0.01637856838184671,0.017900516974973954,0.01163913891255596,0.0177161445324798
1059,0.012954344680107322,0.019462563587097564,0.01640835779579389,0.007221110662030562,0.013662148802870066,0.009486919479535609,0.01578549550740042,0.017430668142722653,0.011205483826154893,0.016644513339335736
1060,0.012867117426974082,0.018933799119947733,0.016115753212795257,0.007153469499049248,0.012540636949746496,0.009453353646876477,0.015361448021651083,0.01698831162107582,0.011053034147908238,0.015078531907116699
1061,0.012743258059732896,0.018465983812298,0.015824717901315656,0.007170591438610486,0.011499499543295112,0.009396753223294061,0.01501401632760865,0.016566327907503915,0.01099225500084952,0.013621513130851972
1062,0.012337077440407695,0.017927572211176433,0.015479959390817383,0.007120780948834425,0.010722638407356336,0.009093870353711479,0.01460551029459972,0.016127562944982063,0.010846297599512998,0.012579627648877646
1063,0.011620838660167138,0.01727941777482272,0.015098849874045245,0.00695592641023636,0.010248263337735757,0.008513118461868936,0.014091490078116827,0.01568805628549372,0.010554033031482528,0.012020209686880088
1064,0.010877037676718562,0.016630443482585872,0.014778000269047818,0.006734887834194172,0.010020810539567897,0.007911319360969195,0.01358177253513562,0.015332900643315989,0.010179710388724488,0.011843290325664205
1065,0.01031418316990871,0.016059141079844252,0.014559569959153985,0.006465791569309977,0.009933776075896876,0.007463089726925536,0.013129102332978506,0.015065112492214214,0.00972916077217045,0.011845025976293068
1066,0.01003496137671951,0.015595262669967977,0.01444565751699449,0.006149404120539286,0.009850541190299827,0.007264088303438839,0.012773453095012217,0.014900298671897542,0.009221755982746637,0.011811798268917612
1067,0.009987703385231394,0.015229400786624214,0.01443160255896473,0.005888372575040911,0.009713839874086399,0.007268965517280564,0.012504781301633412,0.014825575527754832,0.008760621345380925,0.011665314330204332
1068,0.010017597356849385,0.014904583161986213,0.014476908984322807,0.005757017579400506,0.00950306939296001,0.007344274896958949,0.01226738647040857,0.014811794803860103,0.008438327138331281,0.011397340716717897
1069,0.009962362223800317,0.01454425233823351,0.014505126377475419,0.00569854763828067,0.009169161358763084,0.007342630336962054,0.011980882645554875,0.014791796400053672,0.00823559501335411,0.010948079197609326
1070,0.009734049255073008,0.014123103104387556,0.014463904452764336,0.005639523692132109,0.008693276525241607,0.007181920499220398,0.01161860964731957,0.014717536285844272,0.008102543735330791,0.010288541880007865
1071,0.009451838526331498,0.013745611922139524,0.014393105685523148,0.00559291390868562,0.008213688926801374,0.006968690755719794,0.011289706138295772,0.014631024109738678,0.008027342453577687,0.009621822694657499
1072,0.009226161137192887,0.01347298261335247,0.014332241795749644,0.005558667611560038,0.007857616358450047,0.006801139375064273,0.011063793586773363,0.014546803475451559,0.007986338918162942,0.00914336034069234
1073,0.009095378391237804,0.01329443142192742,0.014278596371771353,0.0054769882149980804,0.007684410854499736,0.006705183511184832,0.010923069687045584,0.014472668005831687,0.007904722088969455,0.00894498805991158
1074,0.009066666234711036,0.013187861598227543,0.014222027095889107,0.005309769844242753,0.00769313835752775,0.006686886579073751,0.01084203342966066,0.014378798096721795,0.007739200243336094,0.009023339470006617
1075,0.009111082597243962,0.013123401021664245,0.014174662935330153,0.005121083335276032,0.0078065744524478085,0.006729293156440841,0.01080137683199743,0.01429636962108494,0.007545938897000421,0.009252776498325588
1076,0.009166523708627725,0.013054623753532158,0.014145613380445645,0.004979566294193733,0.007934386250373255,0.006785526118868463,0.010760983191764412,0.014239509728157242,0.007388066973328925,0.009490443101839212
1077,0.009140426441609943,0.012906436681329491,0.014134591632465289,0.00493482405730904,0.007977930601818705,0.00677286858496159,0.01064004205345898,0.014212141054277318,0.007306835487926946,0.009581031511663356
1078,0.00901811531951742,0.012681288753361946,0.014141871794575352,0.0049818662615911035,0.007917019249236367,0.006676805057363324,0.010433719868496689,0.014222597326252669,0.007302596222365331,0.009496497693473271
1079,0.008865336345089297,0.012454149658917127,0.014166058962097171,0.005063847912800548,0.007802485418970912,0.006554752993065292,0.010216745723844598,0.014251762096901018,0.007333258359681532,0.009322002466606107
1080,0.008721468596916316,0.01227669716895524,0.014191523842187179,0.0051080414221600775,0.007664555375477354,0.0064445670888438516,0.010042180953722155,0.01429128291096671,0.007343993857305643,0.009118139487849963
1081,0.008604240663755997,0.012181586542786412,0.014207599800000961,0.0050576166431032105,0.007524813339068397,0.006355854610942121,0.009931772512122785,0.014314901102514427,0.007284808734947491,0.008920591432281442
1082,0.008520461759518804,0.01216137490697126,0.014214564257341336,0.004943875302928837,0.00740747362901242,0.006296491044286376,0.009893755249513737,0.014325232236287967,0.007181182518987331,0.008767659372162163
1083,0.008470416967343918,0.012187624341092464,0.014212507415290499,0.0048145619470018235,0.0073288459249710785,0.0062652384239884375,0.00991138699454333,0.01431774338862629,0.007063106900264473,0.008673610569048017
1084,0.008440488606874123,0.01221493546820693,0.014197805766180202,0.004683359481417005,0.007285195455859672,0.006250023543804071,0.009950832076068674,0.014287025065575686,0.006936359600770552,0.008627281152689924
1085,0.00840690153509597,0.012196800114472358,0.014163832827052813,0.0045614993485202406,0.007256278099435384,0.006230741927375372,0.00997036742600175,0.014232487492028363,0.006805918361372879,0.00859553463784358
1086,0.008367909172219282,0.012139125770004837,0.014134042127617492,0.0045004591990945,0.007228735021595038,0.006203421208113929,0.009960930339974479,0.014172197401295663,0.006719351895246683,0.008561859728387557
1087,0.008310388302400079,0.012039230279188318,0.014112486998839725,0.004526816271359239,0.007179441208347086,0.006163546051937334,0.009917139551065343,0.014125905344499015,0.0067128341408025744,0.008512202045169403
1088,0.008216538992316533,0.011881000017443888,0.014099859093060448,0.004627111033260732,0.007079839751983477,0.00608881346368059,0.009805381260317375,0.01409112134762379,0.006777641452538316,0.00840279803339285
1089,0.008090136188383161,0.011677522259038816,0.014094749700994388,0.004755159342246091,0.006930628246884899,0.00598955405364788,0.009640962413918947,0.014074816087171533,0.006877353706264008,0.008238401055046727
1090,0.007962107845050416,0.011475920878609143,0.014099667175295585,0.0048532690209530435,0.006772676902602827,0.005887977062673374,0.00946326991686873,0.014075758647795051,0.00693890379119259,0.008056279126958612
1091,0.00784520556768207,0.011303297584213999,0.014099015959132266,0.004864290821394856,0.0066335601757551805,0.0057984864393791705,0.009309037172091193,0.014072811786925859,0.00690086079461678,0.007886007151450549
1092,0.007749861667586623,0.011181260417822659,0.014085030763807358,0.004748249173283673,0.0065361755623716215,0.005727945970545592,0.009199258611787282,0.014055458263455204,0.006717187087095479,0.007749551775854229
1093,0.00767647923272104,0.011101037781758836,0.014062895608366082,0.004554611152412399,0.0064773838028188875,0.005676704986682562,0.00912743163541101,0.01402846677966736,0.0064442887868088345,0.0076532115176950145
1094,0.007615636677020268,0.011042806340946926,0.014044902128473471,0.004370321989769412,0.00643830916014492,0.005639938241618749,0.009084226969451208,0.014009311468419803,0.006189034156151112,0.00759044731743725
1095,0.007547829445772501,0.01098547066488665,0.014034510802985279,0.004261519400520766,0.006394479918354553,0.005599110645276674,0.009054238749135147,0.013991467264300015,0.0060341617170009965,0.0075404140899797195
1096,0.0074622889627949975,0.010915053427808257,0.014030100209174282,0.00426221836871774,0.006329696991448971,0.005540743140505588,0.0090215796178751,0.013988610440150455,0.0060199927061448735,0.00748176967983542
1097,0.007380825425494668,0.010839790822866997,0.014032947701511487,0.004326826603729365,0.006257075825798551,0.005484665103807279,0.008984569267390287,0.013979944583803191,0.006089174046369829,0.007420723208844937
1098,0.0073189647983615365,0.010756971638483256,0.01403978474901244,0.004390951638923172,0.00618776229683821,0.005445690016799716,0.008938540058344036,0.013985085537707036,0.006163994999211092,0.007361688348681441
1099,0.007285700142290734,0.010671230109918526,0.014054431499916838,0.004400195412568452,0.006129939687796276,0.0054271041957971505,0.008875529334859668,0.013997981539881554,0.006177550697058893,0.0073016934406771655
1100,0.007280136294604078,0.010590085358774882,0.014071217339745465,0.004346122366123204,0.006087888506771417,0.0054277580809980585,0.008801172976917791,0.014006213410773419,0.006118430196324319,0.0072440750638204255
1101,0.007291350944957975,0.010529964639802778,0.014073222416127603,0.004274529413026576,0.006063559447821949,0.005440312125826325,0.008737618400881145,0.014006996438503626,0.0060382701574822955,0.007202717206586231
1102,0.007307413912469811,0.010503877581973823,0.014047974713871052,0.004220890833305029,0.006057142606638837,0.005454703717902247,0.008704506483500534,0.013980551517083438,0.005978960919648174,0.007189285087988308
1103,0.0073160278288835765,0.010524179706082295,0.013986677926986626,0.004207674606520061,0.006066528265329017,0.005459068002035378,0.008714184583081947,0.013927635831532307,0.005967252056335387,0.007204138184591071
1104,0.0073209252640330826,0.010576650350848957,0.0139032832350186,0.004230769074088746,0.006085601442987637,0.005459129404028476,0.008757118197310424,0.01385339994187151,0.005999835375238645,0.007241215854408657
1105,0.007338800481092927,0.010639524677001334,0.013831507161592163,0.004270878098684795,0.006108612381980188,0.005470753732254911,0.008810860449289387,0.0137904370216133,0.0060537295501242455,0.007287684507061177
1106,0.007382217725927824,0.010691288238364125,0.01380021303107995,0.00430528995328931,0.006128961876521653,0.005504530781422568,0.008853735538467652,0.013765716844830425,0.006103474947393514,0.007329098994473138
1107,0.0074565042170219595,0.010716769948166588,0.013826376463033559,0.004314886420851824,0.006140545445262834,0.005566871582163877,0.008871450190718293,0.013794656758461438,0.006129955658915948,0.0073560934991845255
1108,0.007550763393998758,0.010730360549331637,0.013895537304961335,0.004307081711910651,0.006152804535143886,0.005648654863755937,0.008878131458024026,0.01386644487976035,0.006142684743921409,0.00738318714050975
1109,0.007645419210084675,0.010749328193934218,0.01397729199303587,0.0042932711717924435,0.006176490555085232,0.005727826457245481,0.008886702062345013,0.01394683584623414,0.006149397996588503,0.007418749247096789
1110,0.007717928647269586,0.010802015385269084,0.014040503724381408,0.004277763018338805,0.006221985055036524,0.0057863304012869855,0.00892500558092443,0.01401435975893325,0.00616002148610956,0.007479866722904944
1111,0.007752413581899732,0.01090451557924456,0.014060461119524343,0.004262377845752588,0.006294337092536869,0.0058076206433478805,0.00900484880072015,0.014035012831966067,0.006176367331569601,0.007569611207361053
1112,0.0077665901960917005,0.011051150852894981,0.014051646694412728,0.004263221285276799,0.006389747876901729,0.005810320097913765,0.00912782800056649,0.014033967976585213,0.006214594970695361,0.007689791864672311
1113,0.007785689447773794,0.011231870717483342,0.01403797521096338,0.004297531104017314,0.006496586179102599,0.00581275466828108,0.009278762810954163,0.014015655779206916,0.00628402106587166,0.007821391341171451
1114,0.007834027614926856,0.011423916924385486,0.014041863927083257,0.004374676812521269,0.0065915653405422886,0.005840390466104245,0.00944614740635269,0.014022504688908444,0.006393385381743212,0.007937360960045532
1115,0.007914027614130155,0.011604978681292658,0.014064274866939062,0.004485457472926516,0.006661885962999781,0.0058985184791716236,0.009608383401307248,0.014048247005788484,0.0065338812982292955,0.008023892663522663
1116,0.008010589168979999,0.01175676576260597,0.014097522102585445,0.00460776135146113,0.006717350129837324,0.005972354747948929,0.009742228738536517,0.014083825405118204,0.006685120469577142,0.00809289306418623
1117,0.008097558436431887,0.011852694322714026,0.014120020905574132,0.004709087932582297,0.006759220392832454,0.006039583027064995,0.00981961259179358,0.014111156706412081,0.006817781017567745,0.008144053362121822
1118,0.008152867430092364,0.011881266825632833,0.014116115237734721,0.00475965324893667,0.006787905790025345,0.006081471581822579,0.009824181766970164,0.014111931396071312,0.006905708381359403,0.008176095998311293
1119,0.008178154037742974,0.011869740725775672,0.014097707488222793,0.004770000407979421,0.006815051844401751,0.006100050474280954,0.00979192098396932,0.014109614276168804,0.006954381168662419,0.008207821947766064
1120,0.008181545818255222,0.011862557047964439,0.01408742101999843,0.004764392638387423,0.006851830472261181,0.0060998520626001935,0.009773001472434355,0.01411179047571478,0.006976926598263127,0.008252949318360731
1121,0.008165861565798618,0.011898260248258491,0.014104418572933127,0.0047584965439334175,0.006899087458520392,0.006080587677303638,0.009810006457013078,0.01413091998582304,0.00698039600259441,0.008311408041299295
1122,0.00813741169760506,0.01199056162309029,0.014155760998586748,0.0047609691862200544,0.006953084608631479,0.006046779867919635,0.009920334248287971,0.014174233172995767,0.006971809124895075,0.008375402741330593
1123,0.00811535420902113,0.012112989045392035,0.014220924368346296,0.004774482906681649,0.007009150690045797,0.006019930762343202,0.010066905457901005,0.014235194563834253,0.006966145514111937,0.00844505757616986
1124,0.008115926758543342,0.012233632326099449,0.014275748709273832,0.004796644074022652,0.007060765928011363,0.006015827648995278,0.010201799329734933,0.014285729307063892,0.006971577558892021,0.008511869603809856
1125,0.00814833814210509,0.01231856230719805,0.01429853219795907,0.004820779794822129,0.007097693355551744,0.006046031784000934,0.010287142087469388,0.01430536852186762,0.0069938252300613376,0.008563660960018095
1126,0.008205920468511598,0.012360277435083418,0.014286548421106715,0.004843418589305538,0.00711550336578204,0.006102627605017342,0.010312105652705442,0.014294750414674996,0.007029088630967022,0.00859264312066143
1127,0.008267704573207002,0.012374375887174244,0.0142593836517013,0.004866441993081142,0.0071201919383141,0.006165959939923511,0.010307527589300357,0.014280527956624878,0.007073814559975405,0.008607878443631388
1128,0.008312105782952026,0.012372983129021454,0.014233171154437906,0.004889140365118308,0.007116123907663127,0.006209040638617588,0.010288848371463249,0.014251188198436937,0.007114561194146262,0.008605714780539168
1129,0.008319977510632147,0.012365120474680583,0.014216723664641932,0.004907594233646757,0.007105413837658513,0.006215195510547697,0.010277322756272373,0.014235693917968506,0.007144167966059067,0.008591300357338775
1130,0.008304797731255762,0.012366847515919887,0.01421314917305923,0.004923601622245751,0.007094880798063219,0.006198464082701787,0.01028825271429968,0.014234465777635428,0.007165288134745254,0.008575955932149926
1131,0.008294052266144105,0.012393528678363819,0.014220511889892588,0.004940245645012163,0.007091039190471521,0.006184715583042361,0.01032789235893273,0.014239345880915463,0.007183027839416275,0.008568898109140863
1132,0.00831019599622026,0.012459465438384507,0.014236639495206059,0.004958969205977058,0.007097220516034455,0.006196079980436939,0.01040067582337875,0.01425896745799353,0.007202410036609406,0.00857651651031804
1133,0.008361991067532432,0.012561565615639285,0.014255261590597177,0.004979956212128523,0.007113258569050579,0.006242701450989285,0.010502846905326423,0.014282194265034534,0.0072268613924394,0.008600812404353517
1134,0.00843303412625717,0.01268101009332346,0.01427707717384058,0.005009575856635794,0.0071409937331876235,0.006306354756216899,0.010613977467362014,0.014310275680585382,0.00726158605831433,0.008640080343732027
1135,0.008497646257984248,0.012788773792235301,0.01429478721840324,0.0050499168545038485,0.007176764111629947,0.006366522374076378,0.01071573474401703,0.01433882230267692,0.007313379280930319,0.008694819778845795
1136,0.008536697319960936,0.01286381420505449,0.014307109947519719,0.005103531770248646,0.007218669768613591,0.006401641496532497,0.010785850668009,0.014361661001129272,0.0073828729777257384,0.008757009672256903
1137,0.008549448241826518,0.012904575569007927,0.01431380615830498,0.005166748868261663,0.0072658365625916784,0.006409125661733542,0.01082129331774013,0.014374299942647445,0.007464717744347877,0.00882318793878984
1138,0.008561077874903598,0.012935121313933604,0.014315406607645641,0.005228371358837348,0.007318987579974708,0.0064137113064350205,0.010847539342718822,0.01438361208620756,0.007546775857827709,0.008895300159427024
1139,0.008592937294880375,0.012977155627792369,0.014309487432916136,0.005276514611815004,0.007375878397421192,0.0064352628885909115,0.01088342601653125,0.014383387174139655,0.007614368730280682,0.008969320844463056
1140,0.00866358973721516,0.013046506044493724,0.014298665767303653,0.0053033382223611055,0.007435843133565907,0.006490226904234616,0.01094584294387595,0.014376992944510792,0.007657416530004172,0.009043513855412879
1141,0.008761276641425958,0.013141548752690939,0.014282919621884783,0.005311523857222218,0.007495148137741298,0.00657106455477261,0.011033072379332902,0.014373245313197449,0.007681189146832397,0.009116049444138734
1142,0.008864107416971962,0.013252959147581797,0.014273847067359888,0.005315915996452754,0.007555217046807273,0.006656353247357152,0.01113371098808797,0.014372038804819432,0.00770150043518119,0.009190244232162019
1143,0.008949863945956373,0.01337140552981408,0.014275816755812904,0.0053279120437046456,0.007614097986285194,0.006726753606633801,0.011237669190057233,0.014383102106333381,0.007732148624504255,0.009266944311556164
1144,0.009006251436487082,0.01348849227711918,0.014291985944152732,0.005355731007521295,0.007671844964346945,0.006771188034685434,0.011338903583564881,0.014402410656625241,0.007783469710497344,0.009345752135005561
1145,0.009047215417213005,0.013604598634957301,0.014317951616589705,0.00539830135291526,0.007731866894791924,0.006802660134752712,0.011438185576878573,0.01443662583848575,0.007853735053450906,0.009429925816134926
1146,0.009090931676913211,0.013717332799788491,0.014347419558718575,0.005451591499134945,0.007796637650519594,0.00683558361415304,0.011531562397798607,0.014469402264344192,0.007934441387497276,0.009516796684846231
1147,0.009153022126261992,0.013820954784830633,0.014373406202262377,0.005509843396321576,0.007866161111867213,0.0068835683846925665,0.011615363819288838,0.014503546967063786,0.008017137462687627,0.009602521886431252
1148,0.009236407766235829,0.01391306785964733,0.014392210620759875,0.005567803824937908,0.007938604824021341,0.006950560749817378,0.011691106089988858,0.014529128982897287,0.008097484468908643,0.009685727768272801
1149,0.00932681326727274,0.013999439780257035,0.014405538948468355,0.005624385294032361,0.008012138277330575,0.0070220339916021775,0.011762177336767574,0.014555685097957322,0.008173901012202993,0.009766439218628867
1150,0.009410598514769627,0.014092939715448578,0.014415684213940724,0.005679298139233967,0.008085869158858686,0.007085893979258766,0.011836664090347749,0.014572135631917896,0.008248883495201306,0.009848423060546051
1151,0.009480660454393051,0.014203018301959053,0.014428103781311081,0.005740514938024855,0.008163706337564573,0.007169894471779453,0.011985199722885788,0.014667328985869263,0.008369337397541648,0.00998656234577869
1152,0.009534584886975297,0.014325756471795213,0.01443686085121397,0.005794388680320579,0.008237785105980956,0.007181565694489957,0.012048869625773482,0.014642962928171535,0.008423901264205221,0.010047221795088332
1153,0.009588631649929576,0.01445903863946648,0.014444687595347913,0.005846006811643143,0.008310963943836285,0.007215790144100305,0.012160883989704146,0.0146572370842263,0.008506098731741152,0.010141274075508187
1154,0.009656843221512315,0.014598011393775912,0.014454293272202408,0.005893734462614942,0.008383076204045754,0.0072624599336993416,0.012278433776499563,0.01467139572998253,0.008586390060949202,0.010233746610556317
1155,0.009745753052250554,0.014733559688675587,0.014463847350132125,0.0059346415957975285,0.008451262296964896,0.007335385538755792,0.012404564342315481,0.014700291137515132,0.008668181021194338,0.010328646073345566
1156,0.009844743679934544,0.014860645441859081,0.014473755653120061,0.005971314205731113,0.008518262116120525,0.007421750185766992,0.012528504113603768,0.014736074905604192,0.008747381369035776,0.010424335536040831
1157,0.00994229116302327,0.014980881751062798,0.014489886549483477,0.006008395343826305,0.008591775534451193,0.007490063930157543,0.012618010104702612,0.014740903672666797,0.008803977303965262,0.01050311264124736
1158,0.010025860672639747,0.015097674653608607,0.014513233181649614,0.006046820012386277,0.008677481847653169,0.007570522527873178,0.012743567268384237,0.01479851797850808,0.008888007253452604,0.010631833817686141
1159,0.010093579463682101,0.015214835670483177,0.01454649109544972,0.006089329209243837,0.008779008837518042,0.007604604919554098,0.012814832912634622,0.014814658219454512,0.008937311506623523,0.010736761981890127
1160,0.010156567019027576,0.015335313054961846,0.014585357430910582,0.006139269726883073,0.00888728924527893,0.007657091830141505,0.012926135438545884,0.014883452463529399,0.009019948316024092,0.010882550203604027
1161,0.010226460610905753,0.015459412723052809,0.014624243939933123,0.006199418380420301,0.00899035360109511,0.007715039270959065,0.013038622936045054,0.01494734004312149,0.00911115163853383,0.01102024933526785
1162,0.010314616699862328,0.01559118819657296,0.014660387673111022,0.006271044198794858,0.009077350567127869,0.007778639327618979,0.013137006949694682,0.014990756868758524,0.009201595338662405,0.011120215704984858
1163,0.010416687640827834,0.015724109657158064,0.014689564294654973,0.0063476198545639444,0.009147045599249008,0.007862556335730676,0.013248777806027614,0.015039231772127156,0.009306726701215125,0.011208381774730299
1164,0.010522642208470007,0.015858259402731185,0.0147159205064897,0.006420570361202665,0.009210948685784738,0.007958030956142951,0.013375598976717624,0.015101055569374345,0.009420549700378157,0.0112999767863479
1165,0.010615928780695432,0.015982165758359243,0.014734538253532485,0.006477387223361814,0.009274456816043436,0.008004770513597964,0.013433281853351164,0.015083764943357562,0.00947661441912435,0.011338576228485593
1166,0.01068776194858247,0.016093541836443195,0.01474716735289688,0.006511740465001827,0.009344978959656346,0.008067761938490332,0.013543760913699996,0.015125098840307357,0.00955595870977086,0.01143806341302368
1167,0.01074550076185045,0.016198697052914737,0.014758528339517688,0.006534036804750961,0.009423413541997829,0.008115978008090085,0.013647088132545249,0.015159736428036847,0.009622018539211664,0.01154480415523741
1168,0.010800678053609776,0.016303903230775196,0.014773169518467992,0.006558908148308405,0.00950801259432114,0.008194265932418305,0.013804681537267058,0.015256318452470517,0.009726748429910162,0.01170593027526408
1169,0.01086748734765395,0.016419993866010098,0.014799457346793471,0.006602357676902338,0.009599912197091083,0.008189094381410947,0.013812268735559309,0.015189006726850297,0.00973423374849983,0.011741268822699024
1170,0.0109495905400279,0.01654897214796235,0.014836650607866373,0.0066682334510350955,0.009695239062187564,0.008255215840491,0.01392481219162305,0.015241463613080031,0.009826797324568112,0.011861561987827146
1171,0.011041317836186037,0.01668897505824647,0.014882537308056432,0.006743707538893368,0.009790630144969751,0.008344243437711101,0.01406974893143614,0.015336685407406661,0.00994502262688172,0.012003209449122606
1172,0.011132645099562225,0.01683133929826769,0.014930653607894074,0.006810971391673435,0.009879391066079189,0.008397844276935214,0.014159541511626798,0.01536661476587149,0.010017329481558226,0.01208827960316018
1173,0.011210637765355101,0.016965834801681127,0.014970830988498905,0.006851294694100649,0.009952178146375421,0.008464935417240438,0.014287240061498648,0.015441075536229145,0.010100361632847379,0.012192679716971822
1174,0.011275885475481242,0.017090985201650935,0.015002490532772604,0.00686707593346197,0.01001193965493936,0.00852456632958763,0.014416456286473459,0.015519489741459265,0.010170556843161887,0.012289257731251184
1175,0.011338464060674368,0.017211755657225138,0.015027661376536269,0.006878278627193466,0.010070082173116227,0.008567597894713473,0.014518574342243948,0.015559103622404423,0.010220646805085658,0.01236328817180161
1176,0.011408706433928937,0.01733386792395183,0.01504862996556998,0.006904559178072891,0.010137945356957485,0.008612292623772095,0.014610601424519296,0.015583566757110947,0.010275234205521169,0.012439281453527283
1177,0.011495637660592525,0.01746247334894349,0.015069323445349803,0.0069613140241931125,0.01022530313833672,0.008676055875592276,0.014711762945135315,0.0156096674718678,0.010357254624305994,0.012541255800692866
1178,0.011591240988124108,0.01759151078764338,0.015089293223533489,0.00704051427865121,0.010325440123279874,0.00875841363129075,0.01482902300415225,0.015653540205089356,0.010467275606391636,0.012671247896985333
1179,0.01169006157985476,0.01772387696253979,0.015118076376754068,0.007130795401238877,0.010433467306309752,0.008838587769757782,0.014940995103345196,0.015691913889838035,0.010581337572416147,0.012804437141787113
1180,0.01178021375882704,0.017852688793067548,0.015157161843423849,0.007216397259294933,0.010538705826648285,0.00891825928018934,0.015064327210019006,0.015762456541390947,0.010702138177695797,0.01294749116444002
1181,0.011859292076565055,0.017979441221282817,0.015210246087269124,0.007289291453478808,0.010636983924405884,0.008950361384465505,0.015125906614445208,0.015776561643693537,0.010771473398224063,0.013031421369661757
1182,0.011933196908881652,0.01810577708144644,0.015268982666772582,0.007351631133142904,0.010727744289951022,0.009017952715639216,0.01525668671942269,0.015879412069624562,0.010882163659865118,0.013166248964986558
1183,0.012006469265847752,0.018231865250668187,0.015320356115429236,0.007404545278213231,0.01080859545912779,0.009070797243062584,0.015360670588979513,0.015944736229590018,0.010965812796782753,0.013265558431612973
1184,0.012085342527596802,0.018357781402540862,0.015354883532017468,0.007449960850056432,0.010878842571767296,0.009116433436878964,0.01544033425766715,0.015972859629626922,0.0110234553055247,0.013327754227597514
1185,0.012172070232394886,0.01848736859871222,0.015376170794084796,0.007491598500057474,0.010944084675682291,0.009192122211020443,0.015558778822801244,0.01602932242457599,0.011102487790733435,0.013412511424305466
1186,0.01225888561323703,0.018616126566093464,0.015393435387486632,0.007531688655269158,0.011010677489942644,0.00925115507596999,0.015647065993030874,0.016044933871733884,0.011159522552256279,0.013474466630647677
1187,0.01233896232468882,0.018740940755188763,0.015417558886360306,0.007573401594656755,0.011085652303325486,0.009316897152967771,0.015755803341831593,0.016094117110700495,0.011236477711017476,0.01357065400770613
1188,0.012408000099287943,0.01886146395423421,0.015458239014013485,0.007619967491568602,0.011175076916842937,0.009366554741555356,0.015855196063990287,0.016147298946640357,0.011316248280688257,0.013683984470431676
1189,0.012467978390565158,0.018977503992621415,0.015507648891291853,0.007670143115238173,0.011272773965401923,0.009409804567452506,0.015956179063354097,0.0162086318374645,0.011403628059431322,0.013815490826170923
1190,0.012528041943691266,0.019095302374949576,0.01555884655335457,0.007724610625217701,0.011373051108609592,0.009441525046295772,0.016039822768753743,0.016251624988536915,0.01147973956688031,0.013932893713353406
1191,0.012596015175871736,0.01921993639892424,0.015603328179787846,0.0077830619520062065,0.011468951979767692,0.009497796212515145,0.016157216407831895,0.0163206671774283,0.011575869636325214,0.014064793507931092
1192,0.012675958391601828,0.019353595549203344,0.01563734636297324,0.007843631155312055,0.01155644358852858,0.009553149745291905,0.016259601421552822,0.016364404857721056,0.011653787295448451,0.014160960041784984
1193,0.012762793279620254,0.01949093895036296,0.01566645329543507,0.007901433166063728,0.011637787687947626,0.009623051107372192,0.016377733881820688,0.016421611949453428,0.011736359152815455,0.014256403740495888
1194,0.012848687906047008,0.01962429924335432,0.015695202097906296,0.007950062273364283,0.011714441337864211,0.009693724504035573,0.01649420982035613,0.016481340576823718,0.011812485423756678,0.014347390400267591
1195,0.012929378227776933,0.019749400887419437,0.015732036672352682,0.007985329242707666,0.011790730261317741,0.009741026577871233,0.01657373097600047,0.016512877432536238,0.01185841766625347,0.014413049930715448
1196,0.013002591198872676,0.019864074456234167,0.01577669667241002,0.008010159095549835,0.01186644377738289,0.00982139767121966,0.016712654833088293,0.01661408447261046,0.01194766079925926,0.014540968058679023
1197,0.01307306377573812,0.019971251774795046,0.01582722527438598,0.008037179868993913,0.011942017706109892,0.009850631942834613,0.016762620683228216,0.01663978111568379,0.011981398628524828,0.014599969268047883
1198,0.013144321158006678,0.02007379696427156,0.015879956574870766,0.008078142374553406,0.012016666095693873,0.009899747530514523,0.0168393133242733,0.016695800688475926,0.012049328851404235,0.014687640101878412
1199,0.013224220006666622,0.020181251458253727,0.01593764419465449,0.008144210659752535,0.012094600125312244,0.009977511421178885,0.016954432997256956,0.016794412994515895,0.01216404541385527,0.014812278165637733
1200,0.013306190446228786,0.02029058579362767,0.015992694999195776,0.008224302856849748,0.012173236695789092,0.010033585451130528,0.017029893182313512,0.016854261968044727,0.0122596300809463,0.014902638297184082
1201,0.013386445996549553,0.020405880282704486,0.01604341587952135,0.008304505397800898,0.012254761138853024,0.010108218253730927,0.017145707651747912,0.01694326696451404,0.012378703818574225,0.015026030194111233
1202,0.01345774630824701,0.020528309642484772,0.016084169831178732,0.0083686611147037,0.012338491339630468,0.010146363106943208,0.01722084952950381,0.016972475226488846,0.012447674914111508,0.015107698623314736
1203,0.013520345994792167,0.020659301484326927,0.01611702881449495,0.008410493340300126,0.01242636816327632,0.010195484153956944,0.017338943119186687,0.017030874136301798,0.012520841427343646,0.015220690068414042
1204,0.013578203144534754,0.020789657536637772,0.016145727428607155,0.008438388477858626,0.012514574840646461,0.010218740070994792,0.017419596038199103,0.017046372038413176,0.01255454671972124,0.015299948314964902
1205,0.013640287444303522,0.02091399755491765,0.016179363326231908,0.008465304692415831,0.012602673610692462,0.010272483264754757,0.01753870557825221,0.017112972464609195,0.012620527889952446,0.015418410567129774
1206,0.013706626686810865,0.021015944324392848,0.016216695419450408,0.008498274934464764,0.012682686785044422,0.010327217875028855,0.01762808496000476,0.017178714619260786,0.012685192471164992,0.01552150359240473
1207,0.013779096592212532,0.021100075651037137,0.01625937251665112,0.008539138628504696,0.012755983690650738,0.010389332421242774,0.017700935612912343,0.017243895681525342,0.012756736945631583,0.015618494607016748
1208,0.01385771006371631,0.02118270705482455,0.01630751175841654,0.008583137816298948,0.012827640068484969,0.010442951727237791,0.017747577257428176,0.017297760709313346,0.012814077681738473,0.015692917756984105
1209,0.013936900262962877,0.02127033912962402,0.01635424744829739,0.008622267197942846,0.012897687432250709,0.010502061351666335,0.017809640086666367,0.017352885262407768,0.012872896099784328,0.015773942846740968
1210,0.014017022238477691,0.021376563428851646,0.016400030164121063,0.008653385557506317,0.012971025618227343,0.01056867450840365,0.017905538098465554,0.017424107982835908,0.012935141501019272,0.01587045626838074
1211,0.014096442560719897,0.02150056282773315,0.016446110771563324,0.008679379669673536,0.013047423384873072,0.01061366350507973,0.017985378982793263,0.01745906645754813,0.012970366041854016,0.015941073201665178
1212,0.01417006060759534,0.02162913640367165,0.01649146787988671,0.008704156961715023,0.013122323134979883,0.010683556264096795,0.018122190987117825,0.01754423986569836,0.013042988252671205,0.01605614266658303
1213,0.014236001736650671,0.021756299899108284,0.016539467444631594,0.008733603686947013,0.013193976688053957,0.010720242081413249,0.01821146880446052,0.017587467173286866,0.013090097228408034,0.01612875144276856
1214,0.014292993240218687,0.021873464843998706,0.01658982890325163,0.008770693911629006,0.013260305810742968,0.010807716053403799,0.01838883205957633,0.017731034671372877,0.013216449209140555,0.01628306854737398
1215,0.014346240466683606,0.021979978730503964,0.01663948361309295,0.008812687426624178,0.013323362075425888,0.010809938397699486,0.018414481062376874,0.017730422706696666,0.013244054399455888,0.016308268624803904
1216,0.014402222616407086,0.022078433145931366,0.016685388244153405,0.008856388526639319,0.013386428082465889,0.010855367366129588,0.018498978094450065,0.017798512799063602,0.01331660056510132,0.016391929526783713
1217,0.014467497630307417,0.022169837544273624,0.01672542511824595,0.008899178615008253,0.013453170741982025,0.010913987605549881,0.018584493611934486,0.01786291137483971,0.013385414197712374,0.016483378190149178
1218,0.014539380023932515,0.02225677133640685,0.0167588933003301,0.008941706759155262,0.013523608382736772,0.010957732759810683,0.01862996687706336,0.01788360268259601,0.01342151118008166,0.0165441337101837
1219,0.01461229300512129,0.02234942099178744,0.016792663451174444,0.008990016977110587,0.013599132777284964,0.011022968605433319,0.01871535311876725,0.01794762021175709,0.013489001405468055,0.016641460530755887
1220,0.014675658849625933,0.0224481699271933,0.016829848306617774,0.009047095594659842,0.01367701199974113,0.011076671581559295,0.018804656150215003,0.01800595742998567,0.01356855635585523,0.016738847536348172
1221,0.014717317206451298,0.022551224700035167,0.01686929138002101,0.009111428658795245,0.013751048595936793,0.01108332185965043,0.018852796495293422,0.01802262679301193,0.013631551670393788,0.016792865623893708
1222,0.01474606960732201,0.0226532152709452,0.016913319816688067,0.009175097268807166,0.013822673703250497,0.011127970108522837,0.018986879484294082,0.01812849073867084,0.013760848008973807,0.01692090054300068
1223,0.01477527046992516,0.022747841916982283,0.016962378682385808,0.009226555003331527,0.013893902170913876,0.011131286583113777,0.019043281819221734,0.01817552742335476,0.013824777053414583,0.01698479471530934
1224,0.014816616985748782,0.022827324515928806,0.017015104702508433,0.009253778024341339,0.013965920854169634,0.01117641552099773,0.01913679635521211,0.01827172409644619,0.013893621590240955,0.017093415702983537
1225,0.014877869855401706,0.02289588187867231,0.017074349824930092,0.009258764618150181,0.014041960218398488,0.011210341758239284,0.019169050567229357,0.018329299682166664,0.013894443280956962,0.017159641149521974
1226,0.014949567466959208,0.02296334993594332,0.017136695564019033,0.009260383022980066,0.014117837204553917,0.011270669737969958,0.019228212486271105,0.01841842493486043,0.013908692120706953,0.017249936894727456
1227,0.015019034727288029,0.02303726114157711,0.01719676839835436,0.009277978495729842,0.014187003456323698,0.011311443527318827,0.01926273918904924,0.018473367140311503,0.013918278999614257,0.017305209328690743
1228,0.01507235737249975,0.023121894248466345,0.017246726314230267,0.00932795234022461,0.01424159141602476,0.011358683434456441,0.01934212520519441,0.01854872877568312,0.013991276490808184,0.01737555557215072
1229,0.01511299524290115,0.0232179065512927,0.01728846338741052,0.009407170967870743,0.014287286385809523,0.011377880911094845,0.019403977103614307,0.018589854962231086,0.014080624958269929,0.017412499752208804
1230,0.015150087438389503,0.02331396493999301,0.01732218537000603,0.009492939308340768,0.014332859420647227,0.011399875000147781,0.019475648486444248,0.018629979544339197,0.014189243448876286,0.017461984348492086
1231,0.015194039070884032,0.02339894333255882,0.017350187444031755,0.009563207904723372,0.014388451614622056,0.011424493838747028,0.019532102025930836,0.018657422950381967,0.014282290449464389,0.017523506013696715
1232,0.015251159398220353,0.023467122405138187,0.017373698350735454,0.009601870981967447,0.014459924395675701,0.0114616274873462,0.01957400968593619,0.01868946103105733,0.014347105489938913,0.01761078524617491
1233,0.015316536413145234,0.023526203398212854,0.017395330827900506,0.009616399093343789,0.014540277296222832,0.011538593048428625,0.01966291188174466,0.01876757838129437,0.014427170925082482,0.017759965368719138
1234,0.015381080760907818,0.02358519692274832,0.017416277302909088,0.009618105347483794,0.014617876866825067,0.011558612633408346,0.019656623387403715,0.01875913088906818,0.014418454467533643,0.017815548427937773
1235,0.015441454023122287,0.02366308917690032,0.01744491525272032,0.009621047952727056,0.014686561138945805,0.01162464951087898,0.019753546485362178,0.018834285210762,0.014466093755234425,0.017929191299086517
1236,0.015497978414604286,0.023771075156038723,0.017487008196348373,0.009635655037341529,0.014745882822877759,0.01167260321376654,0.019853454422796665,0.0189033248178586,0.01450116878312842,0.0180007758994729
1237,0.01555125899820607,0.023892440940013866,0.017536886944395987,0.009662282854941041,0.014799142643462519,0.01169984877448945,0.019936031185051602,0.018953345797722093,0.014522425165989748,0.018032613840623612
1238,0.015602052844693282,0.024011301879385872,0.017587733787086654,0.009699937785070528,0.014849956261874242,0.011739041931339157,0.020038596308421874,0.019021530880776644,0.014571027869093454,0.018083688192078187
1239,0.015657978407475383,0.024121977410610826,0.01764136468245085,0.009750412592110411,0.014908010110521145,0.01177678065931262,0.02012190827523446,0.019077172752896856,0.01463001398944007,0.018139555213015586
1240,0.015714945976435815,0.024216670627998316,0.017691313098390494,0.009806360118425181,0.01496918000212912,0.011815324478326788,0.02018934685355293,0.019130727149289203,0.014697609383576038,0.018204632217379908
1241,0.01577533235510745,0.024307074134230635,0.017741413212071858,0.009863281023598408,0.015034163497048808,0.011854902768980269,0.02024981894888851,0.019178442347901937,0.014767238952609446,0.018277127028521217
1242,0.01583270218831329,0.024390537794505996,0.017785292735786634,0.009911137760308303,0.015095371966929661,0.011950372788633501,0.02040526414195893,0.019315103626879798,0.014900458127411292,0.018439245341211764
1243,0.01588675114374501,0.02447080140472202,0.017823491203884774,0.009944918906291924,0.015151022949904095,0.011993916870150027,0.02047682232007095,0.01936696784754388,0.01495754515356855,0.018522222297511246
1244,0.015942742353741258,0.02455377011682655,0.01786263003327755,0.009967545305212957,0.015204285616311944,0.012043848682443938,0.02056073928044402,0.01943089885488902,0.015010828757989621,0.01860995695500464
1245,0.01600082881405301,0.02463602955768541,0.017904438322590453,0.009979371672132668,0.015253314662331867,0.012004566615403854,0.020488796631194992,0.01935387147322526,0.014941764339018568,0.01854819938865248
1246,0.016061895621065622,0.024715855300699585,0.017951082810065033,0.009981382865877,0.015297178673831027,0.012065220223018895,0.02057874944825241,0.01943809133199956,0.01498672851087691,0.018623105077049888
1247,0.016123550779417805,0.02479093101424276,0.018001337139074248,0.009979406131067861,0.01533874808387007,0.012096654996756344,0.02061283961746679,0.019474548595575344,0.014992031644997352,0.01864149009543941
1248,0.016179657566711962,0.02486655270035826,0.018049314675570204,0.009984581335132576,0.015386405355050545,0.012140480486472947,0.020675182295369895,0.019541600206778705,0.015023864870922395,0.018691598877736765
1249,0.016223845648481654,0.024945716014504602,0.018088306682008996,0.01000769675002848,0.015448932632300802,0.012170509455585362,0.020735231536905752,0.019590269954754696,0.015064057780558679,0.018759000737973458
1250,0.01625127452538658,0.0250319979385692,0.01811345341969969,0.010056654134757717,0.015532819714260734,0.012189912245267815,0.020809620568784715,0.019630835569624968,0.01512727900424533,0.01886803377936815
1251,0.016269056119284683,0.02512494143828245,0.018132723187236233,0.010124233330143628,0.015628786640230395,0.012196630337333862,0.02088356025449724,0.01965904602039962,0.015198995762937642,0.01899183144975174
1252,0.016284010562801092,0.02521255823969908,0.018153553881474965,0.01019256689793596,0.015714689874041853,0.012200901048272851,0.020952804070104816,0.01968750491815918,0.015269255049914264,0.01910153120944787
1253,0.01630626730142559,0.02528917166767687,0.018186760554058518,0.010244888523618103,0.015770970522204684,0.012216997052722642,0.021019717036243994,0.019739202279393166,0.015332200770871184,0.019174340457195817
1254,0.01634420761522791,0.025353616435787103,0.01824002402209176,0.010271293118157221,0.015789059786923295,0.012245927918939277,0.021071954016706734,0.019804350462574786,0.015373398954356595,0.01918627634689835
1255,0.01639590074991578,0.025413075968851787,0.018307563041972764,0.010281274527989763,0.015789107230110715,0.01228617695402564,0.02111762252756889,0.019887105649307006,0.015401281667669756,0.019167511359312953
1256,0.016453949789172365,0.025472535151986348,0.018377047109131826,0.010285781112788118,0.01579333847480524,0.012331017314886878,0.021160847526495385,0.019967742745117124,0.015422895698777443,0.019152034160314205
1257,0.016514040419904327,0.025541073355561564,0.01843997069337329,0.010297070104354038,0.01582605329313708,0.012380211279837053,0.021216868669495514,0.02005063240444944,0.015453083575608888,0.019182297744235036
1258,0.01656870495199936,0.025615162871286373,0.018488370534529557,0.01031809384496918,0.015887392385704743,0.012422924879922208,0.021276285897216186,0.020113658454562335,0.01548760623997453,0.019253235003701255
1259,0.016617311769929758,0.025694947775963418,0.01852729917850819,0.010349309848065617,0.015963500275356195,0.012457477220917411,0.021339190649837865,0.020161449273177947,0.015528299926111048,0.019343838903637132
1260,0.016656084218553222,0.025774907998340764,0.01855808239370901,0.010388529660822316,0.01603691440320948,0.012486435735595462,0.021412895173134966,0.020208624439206384,0.015582110476973077,0.01943892693964861
1261,0.016685649692032112,0.025856576532155222,0.018585735377705033,0.010435323489487478,0.016096575244171876,0.012503218299007423,0.02148695322578015,0.020244276895558775,0.0156423100885297,0.01951191558726944
1262,0.01671226837910194,0.025940345214449535,0.018615534899479265,0.010485340087887563,0.016145917383383664,0.012515667943223965,0.021561761576436283,0.020280191469985612,0.015706535701359752,0.019569227800601698
1263,0.01674019292354219,0.026020102636506684,0.01864856379725246,0.010530492942377543,0.016189374204296596,0.012529938107886137,0.02162979930083927,0.020321509675975413,0.015765604263904748,0.019617490193228372
1264,0.016773194323370325,0.026088957495395845,0.018686011129278833,0.010562263061698138,0.016230698763977872,0.012552394057188613,0.02168375125293302,0.02037051663560524,0.01581050066765009,0.01966383481816356
1265,0.016818733579755083,0.026153160207997194,0.01873363886982823,0.010580620126211276,0.016278162256420748,0.012587805746801217,0.021724106210124446,0.020430861337906857,0.015840086344608307,0.019716280766615264
1266,0.01686643331165022,0.026204395347449467,0.01877888440974281,0.010588842604192477,0.016324790409193483,0.012628164772146292,0.021752660078007677,0.020493315966110703,0.015859336583345134,0.01977046829827308
1267,0.016917010712626294,0.02625176516873444,0.018821911954920303,0.010598917448816192,0.01637482617648729,0.01267072040899458,0.021783162083615193,0.020552010873449187,0.015882842280866373,0.01983134056909465
1268,0.01696478142254573,0.026297140820260613,0.01885615214866955,0.010617839998741042,0.016426099933539072,0.012707044294464325,0.02181838281575179,0.020597055403226552,0.015916944371063425,0.01989475428608787
1269,0.01700835405193318,0.026344210439640785,0.018883275823450823,0.010645609483983458,0.01647716740525858,0.012736206805915428,0.02186204228658062,0.020628602413129263,0.015961524470191585,0.019958045645808557
1270,0.017046239748285914,0.02639704230008817,0.01890724409127323,0.010674193001676543,0.01652373848744806,0.012759914045010404,0.021913622304283998,0.020661476507484736,0.016007658420008054,0.020016353574453652
1271,0.017079391020987076,0.026463574716256287,0.018935384276876483,0.010696943679332957,0.016564159564806287,0.012781466213698108,0.021975450175791982,0.020697048402891532,0.01604819597861738,0.020066077508070847
1272,0.01710749614127972,0.02654507038247074,0.018970743135456086,0.010708445549543706,0.016595883242334148,0.01280118199152734,0.022043397599113564,0.020742860336876057,0.016075371125708195,0.02010248834034849
1273,0.017137035430373815,0.026638207422727777,0.01901274292287467,0.010717465794400222,0.016624820729660744,0.012823635895789456,0.02211621630119381,0.02079511920119924,0.016099726328864247,0.02013391458078886
1274,0.01716651539031056,0.026724120693506954,0.019049843842923214,0.010729940981283041,0.016649905107250985,0.01284562261671827,0.022178657188918118,0.02084521037380903,0.01612536499819414,0.020159714996048746
1275,0.01719935507997881,0.026791039572989218,0.01907576182236113,0.010754541669817303,0.016675082279059346,0.012866584689910922,0.022220700773663588,0.020872386122267973,0.01615988452564677,0.020184179612196766
1276,0.017239577518881145,0.026842602109447725,0.019093409143193126,0.010794639562165809,0.016706489451021045,0.012895455543342108,0.02225778618536185,0.020901375872354896,0.01621620850693194,0.020225301675350783
1277,0.017283304924483735,0.026891543804789288,0.019110517123385806,0.01083852453585216,0.016744680221442428,0.012923207579198162,0.02228959656970641,0.020918003904335757,0.01627301412884503,0.02027139615939781
1278,0.017322142956441137,0.026946089753010005,0.019131752178477106,0.010870063281871074,0.01678626848299715,0.012951024889352361,0.02233556081234986,0.020950706553711746,0.016320412864305633,0.020326640159405104
1279,0.017351131676424124,0.027019774111464334,0.019164468129758486,0.010876248884746002,0.016830707563734858,0.012970803934155426,0.02239761297241187,0.02098662365961149,0.01633817267808771,0.02038062525463392
1280,0.017372681834297934,0.027108316696890438,0.019208336906645047,0.010864246929430794,0.016876931945190864,0.012988255832939008,0.02247822609230672,0.021043223307435042,0.01633846076368103,0.02043754469411015
1281,0.0173910851442225,0.02719482218258103,0.0192548907626139,0.010851060885631737,0.01692101238507442,0.013001808349398663,0.022553280885045397,0.021099661005030038,0.016333047985200064,0.02048545306189819
1282,0.017412377369298924,0.027264460288340092,0.019297179628101954,0.010854890438229545,0.01696064633020102,0.01302014181411183,0.022616264749281596,0.02115407454422017,0.016346484856453316,0.020528691750132732
1283,0.017440003600936047,0.02730747918879577,0.019329576550727225,0.010885863721558935,0.016993909752691556,0.013037851717437272,0.022644054983969077,0.021191706445359466,0.016379888420603016,0.02055368879640503
1284,0.0174716219552494,0.027329763845644558,0.01935209526042908,0.010932159817991323,0.017021867545478082,0.013058858760439865,0.02265295565182327,0.021222627154808472,0.016428641529157156,0.020573892028154628
1285,0.01750784601259954,0.027348573918082198,0.019370407704509356,0.010980039920695156,0.017050127786378447,0.013087108862872874,0.022663875711518823,0.02124969971544802,0.016484544127874777,0.020605086336346855
1286,0.01755249101238387,0.02738421753037127,0.01939407643991254,0.011017080572729926,0.01708750463389618,0.013122267021476916,0.022690695617094914,0.021279993925562485,0.01653365805220426,0.020656570217287885
1287,0.017598334929022293,0.027437268497804215,0.019421484141048925,0.011035177536716054,0.017130536005399728,0.013157784095148133,0.022731557970610952,0.021310847634627546,0.01656527324641394,0.02072206212489357
1288,0.017640461534554886,0.02749971346984908,0.019454419356985227,0.011042536701831083,0.01717572814323052,0.013188423177491384,0.022779994413860163,0.021344006123573428,0.01658541543441019,0.020789563994761406
1289,0.017668208732795124,0.027557839823968838,0.019488775128156968,0.011044844480603437,0.017213847176342008,0.013205719281035993,0.022823495942442307,0.021381988862992862,0.016597123753407467,0.02084084204041694
1290,0.017672838417138473,0.02759708708589658,0.01952031422321772,0.011046961976689036,0.017236935466820452,0.01320830458588916,0.022860559454057277,0.021426669118632377,0.01661003199950812,0.02086940959042196
1291,0.017665067747070724,0.027625216084698857,0.01955031489492455,0.011052281438050112,0.01725202635583838,0.013194046557306043,0.022877758440807316,0.02146282511112698,0.016616009192592145,0.02086968555652603
1292,0.017656519743410985,0.027647301128971617,0.01957315629466982,0.011058698571451878,0.017265185807436214,0.013183483230837081,0.022895916472081158,0.02149860910063573,0.016627914029548673,0.020872837575219936
1293,0.017658618174128386,0.027667454984402557,0.019583261514473923,0.011063832102767183,0.017282180220708935,0.013180790030678867,0.02290754815143253,0.021518154996662184,0.016638080487998867,0.020883713379655
1294,0.017681200451283612,0.027695293856666584,0.01958402897762974,0.011069159641964829,0.017310393178294525,0.013197382225226387,0.02292685272308267,0.021526515045789608,0.01665434933934627,0.02092046779254217
1295,0.017713413230278318,0.027729072801106928,0.019581650134479694,0.011074582950940621,0.01734427867724808,0.013219130465803487,0.022943971442487224,0.021526687363456854,0.016666542953911196,0.02096273569678452
1296,0.01774425114010782,0.027767001400789235,0.01958532544732993,0.011081015033543962,0.017379159545514375,0.01324024721216004,0.022966103649783763,0.021529016386279968,0.016676763602332716,0.02100457791524208
1297,0.017761690224759066,0.02780608743420092,0.019601620900483598,0.011088149460522435,0.01740889154205248,0.013254971426618982,0.02299935020832045,0.021551066384500148,0.016686560007662717,0.02103930617778974
1298,0.01776644059381681,0.027844041293402823,0.019630407242418105,0.011096495873381745,0.017430854791573074,0.013261114179599347,0.02303718586170398,0.021591951257033355,0.01669408004379063,0.021059927148342136
1299,0.017774765547512124,0.027888806877535647,0.01967160087742472,0.011110623524896964,0.017450362369236687,0.013265527245406016,0.023073715585165976,0.021638019912989824,0.016702806015668335,0.021068776347861386
1300,0.017790554597101917,0.027926638891619435,0.019710567367443345,0.011127068913162955,0.01745980505246467,0.013273788261715014,0.02309951277072767,0.021679095067299054,0.01671431221979837,0.021065689948289428
1301,0.017817910433214016,0.027950588578626246,0.01973684305335,0.01114364104589399,0.017456945989045437,0.013293881889872574,0.02311522799777335,0.021711398401632585,0.016734995521308763,0.02105910918914037
1302,0.017852038793926973,0.027965982942475234,0.019751210724770075,0.011160621221703224,0.017451566550454017,0.01331546589043224,0.023115218901083333,0.02172793113060626,0.016756060603442337,0.021049225386561277
1303,0.01788171188251322,0.02797388293158681,0.01975230051792411,0.011176240633628445,0.017451825308524065,0.013336804384166038,0.023115108858619608,0.0217380856728302,0.016781535099085913,0.02105375757632379
1304,0.017899668923047493,0.02798190254157732,0.019743180865968688,0.011190919798587462,0.017468921832415427,0.013346305853081693,0.023112637950930628,0.02172996615717891,0.01680301488034343,0.02107385445491162
1305,0.01790190081120167,0.02798928914319458,0.0197253594246469,0.011202852580486174,0.017502854241381916,0.013349800952394355,0.02312365336151437,0.021719878973037635,0.016827480602011287,0.021122011532992493
1306,0.01790246536157889,0.028005250651026044,0.019713307668075636,0.011213622098434172,0.017547675393440588,0.013352517877847636,0.023143203640735698,0.02171836785661925,0.016849626222807588,0.021181435555621842
1307,0.017909004950920394,0.028026094881236186,0.019713847972995392,0.01121967004215563,0.01758858320481085,0.013353412453332936,0.023153590827699994,0.0217149689718441,0.016854659583505217,0.021222557327996487
1308,0.01792417580213791,0.028043171550347763,0.01972870612210712,0.011214917201328875,0.017607819869538497,0.01336811730650276,0.023167990102278747,0.021735284071519447,0.016850520949950452,0.021244515427823407
1309,0.017949053935583128,0.02806477093572926,0.01975936316950702,0.011205839325036836,0.017611896490800385,0.013385256750474922,0.02317436987065575,0.0217616893532444,0.01683197252154113,0.021238471502495835
1310,0.01797008497255662,0.028087252160229406,0.01979160946948602,0.01119745411150646,0.01760846760860278,0.013403806972907871,0.023191527767721556,0.021798205760771107,0.01681921224353474,0.02123207733429876
1311,0.017973438210314035,0.02810776554675307,0.01981087233701576,0.011194619908658547,0.01760519512388465,0.01340528382887637,0.023208393260688756,0.0218226446508163,0.0168105694401242,0.021225309010915305
1312,0.01795608995596132,0.02813107662766378,0.01981294354691454,0.011202651436503489,0.017611396202425973,0.01338666322367229,0.023230090867058795,0.021829706325445716,0.01681420269911035,0.02123083712049768
1313,0.01792495735385296,0.02814736554907973,0.01979930435302742,0.011213877200453717,0.017618220556735373,0.013358795649790317,0.023251750692930905,0.02182436064620947,0.016825436593697066,0.021242365032989874
1314,0.017898143070869964,0.028156980678624762,0.019782057709555788,0.011223085696462541,0.01762154684897872,0.013332997671460524,0.023261398896932683,0.021809812740625854,0.01683326228958049,0.02124573945299069
1315,0.017886599455000294,0.02814933429535919,0.019765263959709074,0.01122004947159243,0.01761010546563325,0.013325723764070064,0.023255654883058304,0.0217932416326521,0.016832686807898633,0.021235202998606737
1316,0.01789655166816955,0.028134115548203744,0.019759597041951033,0.011208671652121345,0.017590828962476192,0.013334446550561875,0.023230186865442686,0.02177859401002526,0.016819614200955974,0.021206555996903305
1317,0.017907246688482346,0.028106826979852385,0.019757773344691434,0.011192676338219755,0.01756753777743777,0.013346970350523435,0.023197098110999848,0.021768893912139847,0.0168032176735589,0.021174695600264564
1318,0.017909771814474635,0.028084446600236516,0.019765826589773366,0.01118335171797716,0.017556598447299666,0.013349278808761215,0.023166405827192302,0.021772473741201014,0.01679081421504089,0.021152767183476175
1319,0.017891411102112866,0.028068957226795675,0.019781145436683484,0.011185188088409913,0.01756422211302956,0.013333810102811816,0.023151085114935004,0.021787966980381865,0.016791557297136186,0.0211549677964218
1320,0.0178596167212222,0.028060044760638097,0.01979916571201135,0.011195545001466623,0.017583723364532605,0.013307596614439213,0.023149301402738326,0.021814772062025478,0.01680219751268652,0.021174458003486187
1321,0.017827669170507394,0.028054374659563983,0.019814121990620017,0.011208022592641843,0.017603406521674064,0.013278260333225376,0.023147230209754645,0.021835060442644716,0.016809486489216277,0.02119111107634577
1322,0.0178086924315241,0.02804876343672733,0.019819579843808246,0.011214887927922702,0.01761130323460151,0.013260243722906394,0.023143201326477007,0.02184305916529737,0.016807925126562952,0.02119485899308622
1323,0.017807560958545264,0.02804161803273932,0.01981246290844856,0.011212223251975857,0.017602024336863944,0.013259923174105527,0.023137003625329007,0.021838190308377685,0.01679640474149855,0.02118272274688129
1324,0.017813142648669726,0.028028516747798042,0.019793818937447975,0.01120272455294252,0.017579976510656722,0.01326478449525641,0.02312252100243561,0.02181491588317162,0.016776466814622425,0.02115487581317672
1325,0.01781782692275524,0.02801485319422095,0.01977114134383385,0.01119311994188528,0.017556094249533048,0.013269934479706027,0.02311028142141088,0.021793448340891884,0.01676246133721629,0.021127844009019087
1326,0.01780938450991925,0.027996210098468734,0.019745829493982233,0.011185307574476559,0.017535393833527792,0.013254658048287479,0.023081643095971258,0.021760078259900503,0.01674621039803772,0.021091039590474838
1327,0.01778888447380828,0.027969550581083108,0.01971715009019605,0.011175313156696228,0.01751711911166365,0.013232525880150302,0.023053964762794914,0.021732577804349465,0.01673671515214992,0.021062418183613377
1328,0.017770454420807262,0.027939309690076426,0.0196891118149337,0.011159251179254542,0.01750219963403432,0.013214179161132208,0.02302556941894711,0.021703935887087522,0.016724440696526288,0.021040719950684
1329,0.01776036698507859,0.027898517635751772,0.019657432860006756,0.011128629026731965,0.017484186918980748,0.0132043920267315,0.022985090775943854,0.021669654991626864,0.01669321551319712,0.021015363652613746
1330,0.01776677053634404,0.027851743085139193,0.01962699336671219,0.011084346985734852,0.017465014914560543,0.013215894929074332,0.02294572678144302,0.021634527204594328,0.016649488327870842,0.020998033859997326
1331,0.017776096271092678,0.02779802169706536,0.019598384444935547,0.011037488432977041,0.017443413353417602,0.01323631827841797,0.02290744718324291,0.021605886269830826,0.016603938183351784,0.0209861091633258
1332,0.017778827699388496,0.02774722451940118,0.01958052403223303,0.011005671409123072,0.01742556801234704,0.013244079096998117,0.022859750230403264,0.021579077263717324,0.016562214589455233,0.020966826181357635
1333,0.01776010238936693,0.027700159321190188,0.019576021940136915,0.011002566656958387,0.01741181671266624,0.013235709397612079,0.022822885800884353,0.021573634000423024,0.01655201135766292,0.020955475600206257
1334,0.017719728640415912,0.02765954899869125,0.019581194018303914,0.01102558739958852,0.017400876741089574,0.013199065710975256,0.022779296267237074,0.021570253511472105,0.016557528801065112,0.020932619521020747
1335,0.01767119076802083,0.027625786182654436,0.01958401596331381,0.011054374180012561,0.017388080481369746,0.013152430817038261,0.022740502523867705,0.02156026970881543,0.016566814369679023,0.02090365301916038
1336,0.017627129679639555,0.027598052696112322,0.019569642466167093,0.011065215440159253,0.017366562414728635,0.013114465926901162,0.022717117499796123,0.02154838944949468,0.016565418288794567,0.02087319085513902
1337,0.017602701016619496,0.027582291367887698,0.01953295681087324,0.011042379585776873,0.017336060132846796,0.013204658067988866,0.022897840888554486,0.021689410395873177,0.016673909217493,0.021011656360048307
1338,0.01758910530061515,0.0275674581637206,0.019481572416994202,0.01099531198115658,0.017296861435419364,0.013144781997799808,0.02280214991726381,0.021552007348074952,0.016557301364791124,0.020886384817501706
1339,0.017578658674157303,0.027552668081877108,0.019437673747134107,0.010947942586780241,0.017258350798005927,0.013151710064966297,0.0228151687492882,0.021522007971302142,0.016521908863965432,0.020863780876156694
1340,0.017556342774670285,0.027524843144931636,0.019414386651630294,0.010918587211448092,0.017222120927700434,0.013118354576986955,0.022760407682772855,0.021461677483564378,0.0164645757042169,0.020793124305678534
1341,0.017521792536129732,0.027485889197969324,0.019419780649624473,0.010917069559868127,0.017194239671583577,0.013061794998785002,0.022670219641161202,0.021410434976992288,0.01641808857117961,0.020709835286916202
1342,0.017482314668680558,0.02743676439979642,0.01943408344673161,0.010928967338336842,0.017171942690809412,0.013034170198465957,0.022627359228181314,0.021419401207917316,0.016425817226079956,0.020685200091399004
1343,0.017450021574997362,0.0273845711165807,0.01943880920030714,0.010939668876173918,0.017155428008184787,0.01298080812328416,0.022528726678051114,0.021373351648903288,0.01639372034767962,0.0206189533116019
1344,0.017430771493816513,0.027328956419035946,0.019410947224935797,0.01093229172916386,0.01713949550976448,0.012964734513375098,0.02247711602827586,0.0213382849734079,0.016378194037595818,0.020599050364661833
1345,0.017424593156082562,0.027277084768734444,0.019357790167198068,0.010909384937995224,0.01712483148101059,0.012960062002044734,0.022433956836453852,0.02128492240703723,0.01634938953633747,0.020584724301291615
1346,0.017422454815188698,0.027234532816991987,0.019299286504866883,0.010882063431452338,0.017110710529126858,0.0129561412173246,0.022395513758010577,0.021225930684027165,0.016312729203552614,0.02056771249078136
1347,0.0174145356477269,0.02720640932496791,0.019255380489292262,0.010861168134544082,0.017096027697737493,0.012945649679941369,0.022364970462395266,0.02117024661886936,0.016278878207845682,0.020545753780122335
1348,0.01738913734666255,0.027185493346641294,0.019231922868157034,0.010849444766840832,0.017073904419921886,0.012931184618965388,0.022355228347200762,0.021148088702094194,0.016262915465879484,0.020528269831376348
1349,0.01736193069441806,0.027178576055414464,0.01923024244275119,0.010844685135892306,0.017052387811552706,0.012913194738488926,0.02235261221412603,0.02114314225558351,0.01625220150302286,0.02050623431238459
1350,0.017334217296617722,0.027166706392746046,0.019229711352583195,0.010831838108226237,0.017023706619628053,0.012893086044956936,0.022341685313965548,0.021135484456383503,0.016230978728184495,0.020470718580664696
1351,0.017311659627631454,0.027138857852722294,0.019216000407057263,0.01079906608922826,0.016985217079459217,0.012877457887660948,0.02231772252577937,0.021117779808414755,0.016191216803240885,0.020422924436322553
1352,0.01729402532364949,0.02709259839003829,0.01918606485779659,0.010748107967870247,0.016940166627773975,0.012865639714856643,0.02227895601715785,0.021080729522809784,0.01613454845213757,0.02036654178615078
1353,0.01727549106843739,0.027036006032539896,0.01914871590158111,0.010694932088978095,0.016898160934376637,0.012851730009109224,0.022230281103009553,0.02103915163496995,0.016075334847346804,0.02031282536190811
1354,0.017249309150840744,0.026977948369964467,0.019113633118370724,0.010656366517850697,0.016869414879518964,0.01283191834024411,0.02218211049163508,0.020995943063666832,0.016032488969564856,0.02027770227117128
1355,0.01721037322673297,0.026924884308839662,0.019089239901238647,0.010645762667254482,0.016861366584674957,0.012800857455915922,0.022138959998829987,0.02096631508111901,0.016017824790654757,0.020269528669534263
1356,0.01716373876888556,0.026875814281495457,0.01907288721155449,0.010656391960933053,0.016864190027908812,0.012766641970900395,0.022104500768314408,0.020948887081263804,0.01602652768227156,0.02027940598820525
1357,0.01711605616250305,0.026823436082185136,0.019056312796172464,0.010672988130708085,0.0168599231061748,0.012729677905256214,0.02206137682420536,0.02092720284065963,0.016032707695593496,0.020272446379365063
1358,0.017078474736183576,0.026769566604866207,0.019036443596211275,0.010682634096966424,0.016835462650408643,0.012709079778156468,0.0220256268351434,0.020912806714159748,0.016034323187593572,0.020244664883040598
1359,0.01705255797504286,0.026709465369798943,0.01900908256542429,0.010676254132500063,0.016784000939393806,0.012692445367044036,0.021970314316111638,0.0208801557570724,0.016004384743938515,0.02016618215327272
1360,0.017034558986233055,0.026649434797172106,0.018978874990021058,0.010658143546975985,0.016719406946296794,0.012687781833800366,0.021923185936423378,0.020858159504077784,0.01596659917480184,0.020078813216879373
1361,0.017019170098733702,0.02659387753521481,0.018950318743093317,0.010632782402111123,0.016656439448478028,0.012681710812813676,0.0218777656064398,0.020825643244720957,0.015920594724239446,0.019994513622951963
1362,0.01700068652664068,0.026548197834812968,0.01892732638460338,0.01060406303111262,0.016608133003374114,0.012667393736803057,0.02183835739848392,0.02079621137647243,0.015873554260951023,0.019933333582763606
1363,0.016975495965998275,0.026509052332336764,0.01890670390917235,0.010574956559659923,0.016574613081136332,0.012646258658378158,0.021807396986251573,0.020766843775874955,0.015831918263199796,0.019899984602514423
1364,0.016948899237486513,0.026479099673057914,0.018889196309835668,0.010552758796921363,0.016555691516444884,0.01261916707941656,0.0217768602042333,0.020730851986562885,0.01579509659148252,0.01988043104306701
1365,0.01691171465263822,0.02644111108568952,0.018859626674975052,0.010535877868827873,0.016536504483106965,0.012592936613125395,0.021749745978221397,0.02069791918229558,0.01577055084108335,0.019870069136354678
1366,0.016871107760902223,0.02640154348596545,0.018821829207813685,0.010528909859197116,0.016517864101496377,0.012566237702784236,0.02171715079470962,0.020652663886948773,0.015753821619309057,0.01985400863450652
1367,0.01683496617808545,0.02636494074663867,0.018783382377957725,0.010525459802606434,0.01650097898479633,0.012541721266269098,0.021681628206696533,0.020607369100163687,0.015739089712892416,0.019833916151827228
1368,0.016801275352656877,0.026318745842216065,0.018741544893490333,0.010510577401363,0.016477100641553895,0.012513745489568472,0.021632659566812897,0.020555174357592514,0.015709101891157182,0.01979997385459574
1369,0.016773987050018355,0.02626168240313437,0.01870063411716492,0.010473672698879031,0.016443251640792966,0.01248990168784403,0.021583381331112535,0.020505434269616596,0.015664174180312358,0.01976307229136666
1370,0.016754095737506445,0.026198141792012717,0.018663442505489482,0.01041935073179551,0.016401245595653754,0.012462852918486735,0.021522503213221782,0.020451553626059563,0.015598420912504771,0.01971143679967474
1371,0.01673628082424911,0.026132089311988294,0.018627845299120715,0.010366246683995183,0.016354948711810372,0.012440254687238589,0.021466109731225078,0.020400237166873406,0.01553737098946682,0.019658349710488684
1372,0.016712613523366063,0.02606579415897793,0.01858905830399396,0.010332480883269893,0.016306404892758843,0.012415966334313508,0.02140769933456741,0.020347530765994833,0.015490600336706843,0.019595568822553276
1373,0.016680760096090656,0.02600715749032731,0.018548457878392547,0.010334349436368613,0.016261896996393695,0.012394935748531006,0.021360168422179682,0.020299990466735786,0.01547824254204619,0.019533678335492875
1374,0.016639376576279338,0.025951091273462807,0.018505633649987356,0.010357715336868953,0.01622086037713787,0.012373450603856919,0.021317992591534468,0.020252929666098016,0.015487725032586871,0.019475405065461034
1375,0.016590774512580824,0.025891641511349636,0.018463460772287294,0.010379431399311344,0.01618333475257222,0.012344115851037962,0.02126773488883996,0.020206576122027153,0.015493812384398117,0.019420251496726226
1376,0.01653663538381151,0.0258207242497749,0.01842414006298083,0.01037518804888664,0.016148463448381823,0.012306407806446457,0.02120820495711964,0.02016399314030493,0.015479528671114894,0.019377945460678885
1377,0.016477700630953922,0.025735948849759306,0.01838779976409899,0.010334525554770215,0.01611382716935299,0.012259053080910286,0.021137494273695087,0.020124356769669817,0.015434303799706917,0.019346380571601936
1378,0.016423422101060493,0.025656747599872513,0.018362308629573127,0.010277613126148657,0.016084687436573052,0.012208636987568605,0.021067271076981465,0.020090319588521418,0.015370395512313513,0.019320144310254455
1379,0.016373309352616564,0.025588332985624778,0.018343977374227324,0.010221241683467094,0.016056616117122398,0.012164946619120981,0.02101449497578016,0.020067353726053522,0.015305626341092874,0.019296696412763978
1380,0.016331341985352067,0.025540511580808622,0.018333214659897325,0.010182997956543179,0.01602900752791686,0.012130988074213917,0.020983059673729237,0.0200441467504318,0.015249001781322585,0.0192637694603028
1381,0.01630170361066254,0.025510102717207727,0.018327837059198528,0.010166543513259851,0.015998639821445188,0.012111065264247198,0.02096971252884281,0.02002727401921077,0.015209956346246542,0.019221183754834156
1382,0.016276055648494065,0.025469053173785713,0.018310142561551203,0.010161167921332646,0.015948570194739373,0.012095970256876266,0.02094281700568659,0.019997615934031526,0.015181021048185705,0.019151755209913322
1383,0.016253843063465605,0.02539899365387237,0.01827118863054745,0.010160753555652604,0.015869850657098075,0.012084832993513449,0.020884076824664633,0.019946386513232738,0.015165831981646102,0.019052958240413406
1384,0.016227425064196145,0.02528589107932737,0.018201990684853606,0.010155578304033897,0.015758098925949267,0.01207296243672912,0.020783807699022057,0.01987124788468114,0.015158284365401236,0.01892614569445679
1385,0.016200895009404123,0.025169404721851852,0.018126794200083226,0.010145024677774063,0.0156445498694848,0.012056289880836015,0.02067117634088628,0.01978306255629613,0.015144022253911623,0.018793842528749553
1386,0.016163456413260467,0.02507482324069729,0.018058323520736275,0.010119760979513488,0.015548623453659536,0.012031386603557757,0.020583855850377215,0.01970690787966858,0.015110648801778863,0.01868191758739041
1387,0.016110763845842455,0.025034613951129953,0.018015540775402177,0.010074493150183163,0.015493073860176038,0.011992035579997012,0.020551884428796824,0.019654134612306834,0.015044132564566296,0.01860830373808757
1388,0.0160415714055546,0.02503127534945521,0.01799189842568813,0.010010798638582612,0.01547110913174558,0.011942748755135832,0.02056785095379255,0.019629469799800806,0.014950736136818446,0.01857274271277664
1389,0.01597435955754921,0.0250370953439765,0.017979975211471103,0.009946677039428376,0.015470339762613007,0.011894265169717663,0.020592615626233966,0.01961044813287311,0.014851463527810334,0.018559772838452986
1390,0.01591307890786215,0.025001452161273547,0.0179585038526556,0.009892244934880338,0.01546385949178435,0.011851383451103287,0.020577469482405786,0.01958113949415166,0.014764593675213808,0.01854535113124538
1391,0.01586476785899752,0.02489754285579877,0.017918553317974848,0.00985869923462869,0.015435109745252187,0.011818899996339277,0.020492785923564502,0.019537425727507277,0.014709108272699648,0.01851308838914027
1392,0.01582286108777173,0.024746546193112888,0.017863125105911034,0.00984083413065594,0.01538523075063466,0.011795676640658483,0.020369105632312798,0.019477356701686332,0.014680907763589737,0.018468561880590057
1393,0.015782695410007496,0.024591981171249385,0.0178042063783875,0.009831073118579298,0.015325249652796594,0.011772062127769602,0.020240683418403706,0.019415207720995063,0.014659294460352907,0.018410806665724897
1394,0.015739463476292508,0.024477556873944352,0.01775485707820842,0.009820805872771707,0.01526673095387673,0.011741794734332947,0.020149356421187953,0.019359124928829123,0.014628393477686933,0.01834606502394012
1395,0.015690570542576752,0.024416922686546477,0.017721967391696673,0.009807145925534614,0.015215850690136703,0.01170778046640809,0.020116378937500276,0.019323234211887738,0.014590864829721011,0.01828779440708296
1396,0.015628794142708322,0.0243671938090537,0.017693197262514483,0.009788259235618237,0.015162946204933287,0.01165858152213163,0.020088013885478536,0.019276069790379526,0.014538292135326824,0.01821617384428754
1397,0.015554109403054343,0.024294855455247826,0.017663273074061032,0.009765048076581852,0.015103643338171352,0.01160310889027208,0.02004120353922118,0.019237681983166374,0.014486250468791234,0.0181412133907416
1398,0.015468123980984847,0.024173223635459772,0.017628344911440306,0.009738062758878471,0.015034624288013311,0.011536787518923324,0.019937976454378198,0.019187906624488407,0.014431305038979303,0.01805074087190031
1399,0.01537527479852272,0.024020924752607187,0.017589989185797558,0.009709051824656869,0.014955687482196979,0.011467651023625442,0.019805573332313937,0.019135521237456994,0.014379450610121167,0.017951949216655418
1400,0.015279635708125813,0.023867868131422932,0.017550006407486853,0.009678211896120788,0.01486647717400832,0.011399728388069883,0.019678393161490535,0.019092238628607087,0.014329049177639311,0.0178461052728196
1401,0.01519171343146109,0.023752713253678732,0.017518068488603572,0.009647757954123185,0.014772953979400314,0.011335470334862603,0.019588165425679857,0.019056775039930585,0.014276267543893344,0.017730986993480503
1402,0.015114518653772328,0.023680891355749866,0.017492679776415988,0.009614590621478247,0.014678415152992641,0.011277184240091779,0.019538823203180518,0.019030005876936845,0.014215521966260154,0.01761121928009047
1403,0.015052884647251973,0.023634287397640993,0.017470671663146933,0.009578021861917892,0.014595067905104073,0.011226658354930103,0.019505543323643515,0.019004996847603775,0.014145705149296509,0.017499963753900543
1404,0.015004486186276434,0.023580955439578374,0.017440838409047383,0.009532422210405043,0.014527978241030583,0.011193332183234263,0.019475033267558332,0.018973155682227776,0.01407491771818389,0.017422028871381813
1405,0.014976341373007181,0.023510779131852566,0.017405611256680546,0.009478517885299107,0.014489631131774044,0.011175688600373346,0.019421014448701868,0.018925106220125613,0.01399830029458705,0.01738312172092671
1406,0.01495914227002071,0.02342301424518359,0.01736238465732418,0.009418189731428018,0.014469899859394205,0.011166673723648308,0.019344378681198003,0.018862329248694503,0.013918776335216642,0.01737034279764418
1407,0.014939766685011829,0.02332848346768809,0.01731144458643133,0.009357125025013088,0.01445169350301758,0.011159891762785779,0.019267118776050172,0.018797839471096086,0.013848528374882232,0.017367684097777777
1408,0.014910871434006812,0.02324650352939884,0.017258806234745367,0.009304023128550902,0.014424078264231666,0.011140651909215897,0.019196322446015397,0.018721779118812853,0.013789070012603233,0.01734677401560093
1409,0.014871090288202915,0.023189895936631136,0.017209928445615592,0.009265110040873294,0.014382121487255267,0.011109685370462684,0.019148407688164462,0.018656762146491257,0.013750199086753515,0.01730356475263629
1410,0.01482485635738105,0.023141613348710302,0.017161458826920013,0.009236858827493135,0.014326783571265907,0.01107190886275425,0.019108256245155664,0.01859280306584575,0.013722569916959512,0.017239479758301854
1411,0.014784327803856813,0.02309227135533157,0.01711674916487287,0.009218249523970453,0.014266484839525622,0.011036332362135635,0.019062554440287795,0.018531557660436494,0.013698427777592703,0.017162216290739253
1412,0.014759513140373732,0.023030329143183162,0.01707765080970706,0.009206586520485845,0.014208219168368268,0.011017117206139135,0.019008691498801945,0.018479566071882753,0.013677167532867195,0.01708872830912706
1413,0.014751003993415836,0.02295904471005196,0.017045492367102795,0.009197770976070345,0.014158455154565984,0.01101044726817083,0.01894210889517715,0.018433856416144968,0.013649426054307797,0.01702227537466791
1414,0.014750500860793827,0.022892051936469877,0.01701891979700326,0.00918501219268909,0.014121053020690241,0.011014683464650855,0.018884449416335738,0.018398074419019365,0.0136187192755698,0.016979682796529404
1415,0.014753652617962942,0.022847333984320532,0.017001241091405637,0.00916273141818785,0.014103395358805493,0.01102223764228737,0.018847697099957032,0.018368926670824917,0.013580463100310828,0.01696824370680179
1416,0.014753791558374701,0.022835222628797128,0.016990855593190593,0.009125330674157188,0.014106488181979905,0.011025933929417114,0.018837861898972415,0.018341323083473783,0.013531245070963557,0.016989670476875218
1417,0.01474519676741838,0.02283411879259594,0.01697767064486355,0.009077226931743489,0.014113312395692223,0.011023520970175352,0.018840581316551797,0.018311025116850423,0.013479996104451686,0.017021988117012735
1418,0.014726673237819678,0.022822124357707467,0.016954407472367795,0.009028442073654644,0.014105051924660763,0.011014795309728804,0.018837638602740632,0.01827394757958673,0.013441496053489028,0.017037651703191405
1419,0.014694636434255537,0.022773426176765785,0.016911285935092068,0.008987836053028274,0.014059307722536302,0.010989562622705902,0.018793273457165614,0.018215449494766233,0.013419465372174602,0.016990967500225423
1420,0.014654013110282502,0.02268812572390263,0.016851390163491846,0.00895895358729152,0.013978667443246915,0.011018454192749732,0.01882082650779252,0.01824773944685279,0.013494894375819725,0.01698607179661023
1421,0.014619230788390813,0.022594950080555804,0.016792282880741017,0.008938847062627911,0.013893277363742585,0.010926441055874227,0.018626233935060375,0.018074537791808055,0.01342230506331793,0.016776397262288148
1422,0.014605784708534868,0.02252769193156484,0.016752254237611494,0.008921659332608103,0.013834880024809228,0.01091025663303607,0.018552199354813656,0.018027822028857707,0.013406186213964428,0.01668952058922859
1423,0.014625220712252638,0.02251478214918691,0.016746096742787136,0.008900535935208382,0.013829146042391199,0.010924116581352266,0.01852901160792618,0.018019660942396935,0.013359570565114822,0.016675604237077018
1424,0.014664065839775033,0.022545207738014283,0.016769188796676986,0.008875463932163324,0.01386401556679961,0.010951551571509543,0.018539259572077117,0.018036359746812038,0.013284746992245418,0.01671197559821271
1425,0.014697397553684032,0.022587218309188743,0.016808149162841363,0.008848568147964796,0.013910871484264968,0.010978035748926446,0.018569706366286465,0.018073288191249634,0.013208862958452887,0.01676889750802176
1426,0.01469586426305134,0.022605325162134274,0.01684569612655931,0.008819171658156362,0.013933511834735611,0.011006228908832735,0.01863693210917672,0.018152109535192522,0.013184294872786335,0.01683956801089942
1427,0.01464663680348179,0.022580804057925,0.016868263317256632,0.008789297455292088,0.01391070263069294,0.010940464980379474,0.018581367626155473,0.0181134972012099,0.013121963063564189,0.016765103942543835
1428,0.014573212086536483,0.022537233719981963,0.0168747980743081,0.008769329567859236,0.01385917490057623,0.010900561951128323,0.018589729003077628,0.01813562306593815,0.013142364645236014,0.016724793595365675
1429,0.01450547981761123,0.022503456437939016,0.016865201186715875,0.008770410901629434,0.013802371190485021,0.01082960272348846,0.018544369769464154,0.0180892845647484,0.013144523865554893,0.01662753939952078
1430,0.014472648107587117,0.02250740614381267,0.016839439602784875,0.008800653338126192,0.013762891176650355,0.010799984470858419,0.018547306111989095,0.018061172747077553,0.013181147176996059,0.016580361249253005
1431,0.014476483451874531,0.022545775896700364,0.016804752645095532,0.008849442238374285,0.013744080994125978,0.010816568740240137,0.01860195202173931,0.018061887122081427,0.013245913884479075,0.016589961077431093
1432,0.01450446880454187,0.02259938042364983,0.016772334901360823,0.008896509213291036,0.013739308029424855,0.010827238236922164,0.018622646150906794,0.01802483440405856,0.013274273015491148,0.016577980324930096
1433,0.014539956402119823,0.02264288435417196,0.016751931193629697,0.008916856910463948,0.013738513567786907,0.010901041442219612,0.018732728112676716,0.018089612472658393,0.013349785040255777,0.016651718614353998
1434,0.014574097079639477,0.022664535966480784,0.016754846957967803,0.008899443381270244,0.013739431637524321,0.010889720671156919,0.018682174569891467,0.018024484822594444,0.013295965327440836,0.016590399675611694
1435,0.014606720853908817,0.02267143704467288,0.016779063038607506,0.008867804676481406,0.01374884131107429,0.01090098450951369,0.018661893830206146,0.01801472206864953,0.013267392102332095,0.01657615191029959
1436,0.014634767103844103,0.02266977764459946,0.0168167700498938,0.008853526119152792,0.013772705756006691,0.010932372887842599,0.018676534016847223,0.018060619116482303,0.013291716201874854,0.016628397809500577
1437,0.014659679279595501,0.02267833223810314,0.016863957265801737,0.008894166847230872,0.013821379908828929,0.010939229339086679,0.018662113990815774,0.018096331193953694,0.013348540184736083,0.01670367825387483
1438,0.01468045109438493,0.022701331742025117,0.016910767118414105,0.008979763736318088,0.013887022831419684,0.011005446526668993,0.01876808481970386,0.01825375319356192,0.013526546161066737,0.016917366559277204
1439,0.014702599643740067,0.022752539755731438,0.016951489337987197,0.009066261176136736,0.013955624966409445,0.010949804559882174,0.01868786410738012,0.01820593704842694,0.013550919382559168,0.016950097551469322
1440,0.014728114451620769,0.022841299192218455,0.016973706611266973,0.009092391337888459,0.014005919145124597,0.010947314315614937,0.018726479044811516,0.0182220419957584,0.013572729615277139,0.01702256347703782
1441,0.014759567059566462,0.022974415147556857,0.016969584488338275,0.009007165360236026,0.014022152395921297,0.01095549970235282,0.018814650294533403,0.01821896101228645,0.013487802027852018,0.017032594667851415
1442,0.014806279149173698,0.02313971082058091,0.016957400013844028,0.008844787023601444,0.014021231206121774,0.011040260686740667,0.01904114364604563,0.01830810980201782,0.01340286813359009,0.017095884197457414
1443,0.014879053085578745,0.023309014036366038,0.01696336763481861,0.008677164839962533,0.014029479434803014,0.011013279202448462,0.019040674237919743,0.01817561015368321,0.01315285453509883,0.016949395514570656
1444,0.014983158616626477,0.023431142874295745,0.01700895436851327,0.008601836784700011,0.014071371443775925,0.011099684735770778,0.019149246288705006,0.018208728122649155,0.013105761352642131,0.016979375512769138
1445,0.015119509391471204,0.02349038158197194,0.01710055206328913,0.008656015937554653,0.01415814769328037,0.011213941198744179,0.019203032757271393,0.018282345642285987,0.013197414701154181,0.01707792266721326
1446,0.01526686795881328,0.023507021268885594,0.0172093657648457,0.00877165120956913,0.014271506053605146,0.011340253270238099,0.01922345880992453,0.01837214407021191,0.01335980605950041,0.01723082224936014
1447,0.01539114875264646,0.02352493291497341,0.017295003432591535,0.008851843826094495,0.014385858709233059,0.01143565520638307,0.01922613656151183,0.018452885412594634,0.013483168769360118,0.017393835089271018
1448,0.015459718463810345,0.02359250083449262,0.017314628618072477,0.00880764081758307,0.01447590768621408,0.011463813935256362,0.019242904090548074,0.018500333723098533,0.013474895680779454,0.017529449866584727
1449,0.015493437236819672,0.023725586352277197,0.017290662300094215,0.00867573778479396,0.014553755056488503,0.011449855151285743,0.019295673793552674,0.01852120484043825,0.013371282018512193,0.01765106160632349
1450,0.015532198071497067,0.02392991678523696,0.017282875756472776,0.008545157649879627,0.014646049810546199,0.01143523301807807,0.019397880911134098,0.018561462718631412,0.013255625557967445,0.017777432527547526
1451,0.015813649549592874,0.024933702846034318,0.01754158733730983,0.008689268517644145,0.014619639939483092,0.011644656728128809,0.020330425797202144,0.018861977406472632,0.013449920640176423,0.017722100560887733
1452,0.015932515130319166,0.025263873876601815,0.01775336902930825,0.008856184424897651,0.0147882155872925,0.011733630437839043,0.020603590999928135,0.019076408292519838,0.013636394494041483,0.017895869569949336
1453,0.016123598684132698,0.025598110916323184,0.018046457224815998,0.00915505656880635,0.014995621692778037,0.011911459503516906,0.020923004074066536,0.01936964358393488,0.013975880165464399,0.01811862627600071
1454,0.016398009466074535,0.025862638018746623,0.018339146362084377,0.009475453053223682,0.01522157228263244,0.012164072965015812,0.02117806286740599,0.01965730509517163,0.014352428817294852,0.01836444132929857
1455,0.016737828653335358,0.025999896978782102,0.018545411736165272,0.0096675251717327,0.01543752107041093,0.012447191271259291,0.021275231816017637,0.0198663519622515,0.014624057236729467,0.018601817247058273
1456,0.01708159755425651,0.026073927234598587,0.018678915727412156,0.009717328799741796,0.015627669045828595,0.012715418934245182,0.02130128936079473,0.020029690848013766,0.01478841156892782,0.018835239614126482
1457,0.01732909480089631,0.02620677858913669,0.018800268328666585,0.009690597695689388,0.015766204518744165,0.01289234081026987,0.02139285787287143,0.020220635843099095,0.01489912827818678,0.019039780926757097
1458,0.017321409978273642,0.026524288894647564,0.018977680800223173,0.009676982988338514,0.015792127198560067,0.012816593649683936,0.021634199586577994,0.020451837468712458,0.01498708827911609,0.01909080066928542
1459,0.017027580293958473,0.027074935931555133,0.01924012497453779,0.009742819061099552,0.015710980137001094,0.012471141822420198,0.02208475464783647,0.02076742456524301,0.015107677625376972,0.019000816189618696
1460,0.01668787765694387,0.02775510362413155,0.019539744995677528,0.009888648478554867,0.015656737820972686,0.012087905124379301,0.022676441745465712,0.021133305332966257,0.015294421796625999,0.018962845048269367
1461,0.016602538606375113,0.028352537534464883,0.01977356229336915,0.010071782787869743,0.01575241235082658,0.011918604869669542,0.023170434233174147,0.021416380127976857,0.015530572343501027,0.019087636452374872
1462,0.017060746723804494,0.028538007192710817,0.01978291285521393,0.010251511775483588,0.01608835080940811,0.012224358382404812,0.023246509405868084,0.021493469108843463,0.01583843912678322,0.019464886221281612
1463,0.01807190958734491,0.028352147048998477,0.019634142474617314,0.010506876446846801,0.01674154036283145,0.013029072643207098,0.022942718339885357,0.021425139831354675,0.016262586156415314,0.020214752705928294
1464,0.01934829758978217,0.02809439591637008,0.01955540396045748,0.010825582048108004,0.01765150276367729,0.014100175293970191,0.022571606685498492,0.021431755160486923,0.016723143512936484,0.02130220187427282
1465,0.020252400998492032,0.02812660647649827,0.019816305855912722,0.010916973520371707,0.01842974436023835,0.014874292791553813,0.022495673497932276,0.02180188031911065,0.016911990201796775,0.02221152562067313
1466,0.020282278762364454,0.028706834724060538,0.02056421244090966,0.010705372052790358,0.018766351378346965,0.014876381740540087,0.022944700624060264,0.022646426522231245,0.01671575445257073,0.02248998518153701
1467,0.01974981130601986,0.02977682345163618,0.021628918736473008,0.010721806498542765,0.018916893029288163,0.014397359349320099,0.023911532327909674,0.023780983599432343,0.016646496893156705,0.022544901721095512
1468,0.01916105705456663,0.03100093988266199,0.022640648270306023,0.01116120624546805,0.01905897728966037,0.013893677467072584,0.025072126253155518,0.024825862844189243,0.017002115298110996,0.02266442802580722
1469,0.018933183591035244,0.031860521923901645,0.02313595854382127,0.011698100106013819,0.019105715529899387,0.013697426581876131,0.025850806084944597,0.025298971924140677,0.01767844071418084,0.022695464752827688
1470,0.01913353608201822,0.03235393785569905,0.02315453493761088,0.01236425179037278,0.019174462539803983,0.013852229997305593,0.02625865695854483,0.02527492093719766,0.01865161793727417,0.022801003829802984
1471,0.019661199412726475,0.03282209282124169,0.023072344047156804,0.013227332311151111,0.019455994311722145,0.014272753349057503,0.026688082516051054,0.025185951590271802,0.019783352243098434,0.0232369883603931
1472,0.020366353886507104,0.03338498034798139,0.02317737770967551,0.01353417994253167,0.019678760499180083,0.014832435851545691,0.027283570279517434,0.025417912843412837,0.0202729205739546,0.023574963334192355
1473,0.021209995339324002,0.03403033489046574,0.02367293570281524,0.012779283405911555,0.019679876429435705,0.015521562658751943,0.028016987082035098,0.02621793082238599,0.01959705641974121,0.023592763346676766
1474,0.022232553561210202,0.03492593814116811,0.02460634865599743,0.012186188058408518,0.02002466087072386,0.01639553047719756,0.02901509100820853,0.027497406770384668,0.018893988924680475,0.024148432617072838
1475,0.023034490047759936,0.036058719055199875,0.025694948091712005,0.012555406147913692,0.020648067913227493,0.017053094154411023,0.030180805145626727,0.028856033182342436,0.019088464215692668,0.025075456944740608
1476,0.022984221999597352,0.03712989310443977,0.026392595605001092,0.013255595768191672,0.020866538473400503,0.016838809847858873,0.031065997040510714,0.029630609375266955,0.02005500304964822,0.025231125171807228
1477,0.022435131715058218,0.037972806606897315,0.026708941138901737,0.01396024079129268,0.02127010759064429,0.016138955236318513,0.031541922960110144,0.029834579644060433,0.02148850475858114,0.025575949751582058
1478,0.022300741937588516,0.03860587587574127,0.026966072495880407,0.014983689788098995,0.022716792360463242,0.015926563849963753,0.03178077035472007,0.029868932262533586,0.023158449248594542,0.027475170750346677
1479,0.022680801824814984,0.038706734316369354,0.026973412068571817,0.015554588785754745,0.02383912703487126,0.016313719017339683,0.03160668933963421,0.029699960801384498,0.02390645782126963,0.028816003929200442
1480,0.023836299968655543,0.037952963202239356,0.026843959446966274,0.014512601025578924,0.02337793466674721,0.017568203603114174,0.03076600245287599,0.02959001463751777,0.02250537816354779,0.027702017848299565
1481,0.026558419115369387,0.036986868683124445,0.027616450501384542,0.012954986939608394,0.023618835659463766,0.020481943905696697,0.029886258551884152,0.030471273303126982,0.020218696962456952,0.027711431627382245
1482,0.029552853035952235,0.03644339926409975,0.02901012084087845,0.012066862492873875,0.02539083579809018,0.0235958626364267,0.029485527887751935,0.03198545320678882,0.01857556021983879,0.030225096657146237
1483,0.03005397997728317,0.036678195606807726,0.02932865459013167,0.011918427425231871,0.026264367149197825,0.024094411733619144,0.029719301101387645,0.03242300036838526,0.018309684949627255,0.03146502048697983
1484,0.028062601220019592,0.0378571650959049,0.02854656407350269,0.012851851694357076,0.02568431434230695,0.02199837376662215,0.030808091386019667,0.031757841944355866,0.019771667759894387,0.03059260764178252
1485,0.025878600106395866,0.03966157008538867,0.02822947222346749,0.015113619581926883,0.025335568435936564,0.019599455194823694,0.03251959606034443,0.031487156237750766,0.022665973271350146,0.030156989083937054
1486,0.024744344386768525,0.04102274004417707,0.028970481022944916,0.017324605821264133,0.02540884650866773,0.018255608080254906,0.03371517763082396,0.032243467097031846,0.02539303048987624,0.03038882865045587
1487,0.024277850612350844,0.04094946210408086,0.030055532588936885,0.017899878306690046,0.024722154679168284,0.017609896460145318,0.033318802547006816,0.03343047157054756,0.02625413498562244,0.02936890928754159
1488,0.024327781861188474,0.04021164173406169,0.031042239887169094,0.017214012397065135,0.023734797799089352,0.017477868833224032,0.032249494157902535,0.03456032680802637,0.025655376615781517,0.027792642951399424
1489,0.02496263364829103,0.03972453757120864,0.03182474803028464,0.016080349941287098,0.02336486318291571,0.01792901719955527,0.03160556746463126,0.03547132811346044,0.024523403491291198,0.027172840361572508
1490,0.025563961699788747,0.03974837748749621,0.032150030779890586,0.015018569986667448,0.02351983735610029,0.01829582544911486,0.031579205327635945,0.03583957168218765,0.023487888394097947,0.027416692342467193
1491,0.025713516396907526,0.04018158957456259,0.03204330213801822,0.014454391336996253,0.023980402656956,0.01820556822397539,0.03198138540404675,0.03566666190439339,0.022940292888827415,0.028163799435764556
1492,0.025548086603739754,0.040860491037876465,0.03185370701403646,0.01457780960378551,0.02480990104727617,0.017965707571817712,0.032734849703247255,0.03540984401677488,0.022994586074581373,0.029515696299319834
1493,0.02486608721949796,0.04135689789855566,0.03175815497277226,0.014939344407293628,0.025410900631660096,0.01748934275913317,0.033398706136394785,0.03533276658372628,0.02325896596580265,0.03053204287723751
1494,0.023432276326791634,0.04128953954731874,0.03190117895996873,0.015212363700556182,0.025170941220790822,0.01656965327625507,0.03354924165197039,0.03563770809712129,0.023429190695922093,0.030289309742559185
1495,0.022053662447372124,0.041116620093228015,0.032376945486918926,0.015789999904144206,0.024833664131718686,0.01579775229090972,0.03360009613460979,0.03628036312630871,0.023765176885856623,0.0298363354745596
1496,0.02159075878940907,0.04120578361630677,0.032846873066796164,0.01641091867405571,0.02503135357068232,0.015742539958215087,0.03381514123355828,0.03685151971914908,0.024065295265774972,0.030009470421992496
1497,0.022441158282255045,0.04152564388386786,0.03264702825401463,0.016193762820936403,0.02562678714023402,0.01644619144574223,0.03395569747848556,0.036631091776940086,0.023618733234532105,0.030468689007864515
1498,0.02449657528110631,0.04208246605069016,0.031961685217892506,0.01567559204026173,0.02652273077934553,0.017805465158777036,0.03405786660705421,0.03576788751359186,0.022954832224189016,0.03116223237604042
1499,0.02701818310610165,0.042893629995766756,0.031632955625530784,0.015919333939997074,0.027723639691385468,0.01946451319960662,0.0343959852410603,0.035135732782832524,0.023096335102625837,0.032414132520591936
1500,0.02875613776933953,0.043561848327454675,0.03187016480836133,0.016159171004288167,0.02860802592863745,0.020583850202454016,0.03474447492620932,0.035124125339832564,0.023584005044453554,0.033592009714618315
1501,0.02876215863925223,0.043520682077599564,0.03243680639967648,0.015817540655508354,0.028433793831688085,0.020584155417143663,0.03464241713621984,0.035768063321422135,0.024115254198547292,0.0337679141735994
1502,0.027958662711680835,0.04309048175944926,0.033348460693180704,0.016977721378497238,0.027795458097387052,0.020236497150690837,0.0343830578858694,0.036937393164972784,0.02608301108381488,0.03352282423717629
1503,0.027059622732495223,0.04272821717971484,0.03431208551017561,0.019609612734343133,0.02728278661195325,0.019921916437663494,0.034354171480875925,0.03813347664715032,0.02899259199987556,0.03334408192127987
1504,0.025751225287987154,0.04250865780686603,0.034298054148378374,0.020522260731190598,0.026697874981199195,0.018963273966679198,0.034444501213880534,0.038209821187708846,0.02979934734583612,0.032549590117767396
1505,0.024369962141169862,0.04245755630130376,0.03284419335196702,0.01859069478931787,0.026110736207123668,0.01759808702779449,0.03463533762861255,0.036695758327201,0.027462145574480012,0.031156643321748716
1506,0.02418595835014419,0.042533800766256735,0.030721448258211864,0.01635620063222145,0.02617749831785605,0.017303092272758395,0.0349257728548442,0.03439733886304762,0.02456342725471553,0.03051499315068572
1507,0.02493159693431752,0.04218091295189926,0.028550879342995644,0.015766673182303945,0.02673338850641723,0.017918447359836803,0.03462614537314444,0.032031779706013,0.02324012886126912,0.03093658937793367
1508,0.025158563482816684,0.04101994722375767,0.026657483371393058,0.016130646262421222,0.02706318059485971,0.018019891083824832,0.03321186038811082,0.030070585822382475,0.02340938555615067,0.03176968544124585
1509,0.02520801479955917,0.040149029045234486,0.025655239875594194,0.016714761446342118,0.027389453052882803,0.018060361201187283,0.03210232772540466,0.02912179402581026,0.02431651059655575,0.03307850220428076
1510,0.02560828208168528,0.040117461424925,0.025919248575912192,0.01744212567194306,0.02766514747018639,0.01863530829218643,0.03202601517680011,0.02944926092991177,0.02550670517547405,0.03430951254965701
1511,0.02524464735496315,0.03985663837180029,0.026963321615822728,0.017469297365926444,0.026664426700527852,0.0185731262159711,0.03162451030505418,0.030523579729601732,0.025869775086572545,0.03334253268044592
1512,0.023595439212870665,0.03913552109009714,0.02828536112725481,0.016625422246395568,0.024119030953653347,0.017267506633402336,0.03063674509063721,0.031828979357199624,0.02512539110154936,0.029678771021656326
1513,0.022054172503115175,0.0391695332925764,0.029771061879308308,0.015873239082581227,0.021834483804040912,0.01603342071711746,0.030717176109255312,0.03321591931685156,0.024239965012304382,0.026021437181684242
1514,0.021465944791322144,0.039709731266307315,0.0309098134047676,0.015167525958274046,0.02124272751866427,0.015535380800560123,0.03157478040192124,0.03419038332374514,0.023354511325170146,0.024694989707710932
1515,0.021855097106921968,0.03940904182212996,0.03086222838563883,0.014241443705162471,0.022354591390885435,0.015552571962635129,0.031454199941786054,0.03393758149017366,0.022390719376700143,0.02599478836478601
1516,0.02349735504638018,0.0388703007304674,0.029825891232921623,0.014623753477220343,0.024331379363328236,0.016598612506178636,0.03113995397679999,0.03273072378539037,0.022583225706401543,0.02875691200561401
1517,0.02594594714497983,0.03905558786402195,0.028485294629148856,0.0165586350685317,0.02622979804050814,0.018558141166790314,0.03176116726259932,0.031353554334516975,0.024196018674489957,0.03154576735779745
1518,0.027400011813888858,0.039390781275474976,0.027505821569306952,0.0175979983884113,0.02662541451688709,0.019917855439382626,0.03252319902744892,0.03078295718481841,0.025413280083099364,0.03245787267702324
1519,0.02704566940790467,0.03926901958580802,0.027407380679801446,0.01674352618511383,0.025002413083665173,0.019635125643983422,0.03207841725037654,0.031105460663561818,0.024932553770005514,0.030251494772789978
1520,0.02610548006985327,0.03929423460289838,0.02809821743959563,0.015959968838749304,0.022764993890327954,0.018990338257815396,0.03173679161094841,0.03223599718682183,0.024486036643492838,0.027138559027072042
1521,0.025133211408651955,0.03942702285760362,0.02895705297985646,0.016030046961006666,0.021301018956099267,0.018344787168758366,0.0317406348153566,0.033266319666207744,0.024500398697109474,0.024983365748237334
1522,0.023770686608596926,0.039043193378840775,0.02947839704340813,0.015722993762615715,0.021906384869908545,0.017102247407177244,0.03139663619752094,0.033446173096109685,0.023804180942152114,0.02556117225974968
1523,0.022502756010516888,0.038798392275469384,0.030130169996099975,0.014927711911962563,0.02468350296755025,0.01577582494799115,0.031376539796745435,0.03338732603659674,0.022469513608513896,0.029172231003699516
1524,0.02219045737760742,0.03924450572622842,0.031010392727456388,0.01450484650189442,0.027865944067710136,0.015427123103728936,0.03229010605253682,0.033721879464473,0.02162004940654863,0.03346325390514832
1525,0.022820422188457406,0.039643629052930535,0.031223549217971113,0.014606468731280303,0.02894740221005385,0.01601064434461977,0.032980175802873456,0.0338459478589333,0.021632304949543046,0.03485916010070359
1526,0.024056787025509792,0.03969804902120829,0.030455500777699634,0.015186956125093373,0.027422463291168046,0.01720721697637854,0.03300153646445245,0.03349810064294114,0.02248875957112178,0.0327235950576766
1527,0.025547251022328302,0.040209779781033385,0.029680356173491323,0.016299659457779506,0.02558890817400645,0.018575538809709476,0.033121714623630075,0.033020070566171705,0.023658741936255938,0.030073399108339966
1528,0.026350048527606664,0.041013600291558684,0.029332381807340283,0.017040412716486184,0.024823484344436642,0.019459335959740233,0.033888981276230745,0.03311333674080901,0.024483782749108365,0.029287770689962245
1529,0.025446837689429645,0.04101498129103165,0.029197621079269424,0.016229309104649765,0.024983618562817424,0.018644787810046005,0.03386208489347944,0.03307021211198766,0.023563058392169964,0.029625387745272104
1530,0.02371540573805428,0.04037757871611859,0.029407226534447647,0.014427378530879774,0.02582860483883377,0.017035157110689658,0.03320869493465004,0.03307822454366127,0.02153214292783482,0.03084583364037722
1531,0.02240513946867431,0.03974668220448694,0.02991319236449707,0.012904007807116966,0.027066918407706708,0.015906354810915534,0.03260348783999,0.03329201948305163,0.019781527934148793,0.032770488739545925
1532,0.02191506958234982,0.039206279089171826,0.02999358738841873,0.012263789545978197,0.02753150854825754,0.015535867343756081,0.03202309996313219,0.03319932306706411,0.019142323824882904,0.03377835293292408
1533,0.02256050196131589,0.039008894971265466,0.029565604197391425,0.012502494579752043,0.02653751448090887,0.016152852074318692,0.03168550903118395,0.0327503081233813,0.019726350546790426,0.03276056307795352
1534,0.02406594622242985,0.03964052445783636,0.029724652803960052,0.013309512746444357,0.02491449266120142,0.017612436742162306,0.032303697329274315,0.03294040611061151,0.02103732424581264,0.030746345611662954
1535,0.024690317114154217,0.04073093306906837,0.030920705164044583,0.013805195934538479,0.023388253985554174,0.01821069986504323,0.033518155843349794,0.034091311715664936,0.02208683519689313,0.02854562416595906
1536,0.02344276507067665,0.04164417206220733,0.03291445063250292,0.013513161249310207,0.02232398132022974,0.01696993371276859,0.034605623336130466,0.03592373340533884,0.022251131443414993,0.026453435755906564
1537,0.02313404372006441,0.04249392931921476,0.034754526162580145,0.013906289340247123,0.022076540731965955,0.01674209637721437,0.03559439743387366,0.037596494845090776,0.022568978319796925,0.025211384972095876
1538,0.02372203639163536,0.04241949577243023,0.034587104330058946,0.015330900721242786,0.022543548074606318,0.01729714144631764,0.035353542594456985,0.03749066481322601,0.02340874939631074,0.025170205045115142
1539,0.023783969005374765,0.04000446279944234,0.030694700110167426,0.017802147064601318,0.023697461037110488,0.017005224530771645,0.032067910034509324,0.03414059834985285,0.02502927667281595,0.026779106695308145
1540,0.030169680561741217,0.038034094114660535,0.026713035257894337,0.02315351375439369,0.026591870238808612,0.023221680915905662,0.029325698424533905,0.031161843135322876,0.029655379595768274,0.03181816791405132
1541,0.03760538951781941,0.03869304683692867,0.026410049529681994,0.02647177606855426,0.028828261030309752,0.03007847905824482,0.0298696206577236,0.03102010809135884,0.0326232948584661,0.03547214728288855
1542,0.03031604469071076,0.03801631901707071,0.026605462649276258,0.019466255596252258,0.026578466223223088,0.023217128104986582,0.02917976915585362,0.030879863605560665,0.026549935869029064,0.03222964082697999
1543,0.02699827883269356,0.04598814113447222,0.03699452340791426,0.013249735156624504,0.028527994363777544,0.02029493437130501,0.038918997079288316,0.039899925311881725,0.021917132070684815,0.03464559684004826
1544,0.04906785743332321,0.06916367978301975,0.05021394227736291,0.030996337243353756,0.05624313018113035,0.040065730539351474,0.06192983858169896,0.05442460260083364,0.0386651357495874,0.07439971034870783
1545,0.055991073780495566,0.06899509916331642,0.054026969991810295,0.04060418968350883,0.0633647224636368,0.045566189243508394,0.06067512274097263,0.05896952801805729,0.04869521949740361,0.08234157787918378
1546,0.028026746403984473,0.047774990831088784,0.05129095100237239,0.025490962698404823,0.03841403945440406,0.023124927057142267,0.04343432443824567,0.05277301977419377,0.03206169514535852,0.05157710202634433
1547,0.03852206593164131,0.054212753623762676,0.06155277354583699,0.03488010228441411,0.047875423051328345,0.03460859875390334,0.05262246108733537,0.061741471356132435,0.04061144715981653,0.06579361283839333
1548,0.022428984320371426,0.04097773878836544,0.03539146875295707,0.017550612342670396,0.024875663727196937,0.01683630738049629,0.03426978765174922,0.03872744049449226,0.02545275356622936,0.028403139798470967
1549,0.02525379011495301,0.04323618011193897,0.033225666209561015,0.017247025575091734,0.028683472803662576,0.017585232858479526,0.033675902797897894,0.03693360391152686,0.02522811863345765,0.03440581501295478
1550,0.04173180882998707,0.05874393309564186,0.03250301386764816,0.03342756738337778,0.04047019533620726,0.035107561286750244,0.05732253731612593,0.030765987562110467,0.03772816724478807,0.05553176271884367
1551,0.09553031670374086,0.11932821257009013,0.08574278328276422,0.10955632178852585,0.09923304366868778,0.09080232570449298,0.1440449578267875,0.07470880069832676,0.10787165196728224,0.13726156957124658
1552,0.08457865662812816,0.09516801173222281,0.048008196856055535,0.09281694918298844,0.08911439315171803,0.07897302611603595,0.11227824065739886,0.04269649413291137,0.09080063929482167,0.12983993506400276
1553,0.08248642813796274,0.07548428815159479,0.0709194166700374,0.07170897452480265,0.07647120366985734,0.07141037911950177,0.07808516859562646,0.0682569257233459,0.07429524817288345,0.116702215856146
1554,0.10384245438563813,0.07323794522052801,0.07606939741919785,0.07900349272518634,0.06493387676075278,0.09010765565082775,0.07550081755274915,0.07389216119219663,0.08430794756388586,0.09775950529014561
1555,0.13042912713103944,0.09870021744750093,0.08991659372980682,0.08237669299818366,0.09583072604192136,0.11525994180693157,0.10749042349227848,0.08823242958798597,0.08755580666059451,0.1450157000446725
1556,0.11316769473613249,0.09388809140000892,0.0753084562787639,0.06354126913478648,0.08165370369627178,0.09967996471539899,0.10143277178598717,0.07298501721401485,0.0689558926507892,0.12093925188021266
1557,0.13204891501589677,0.16980098707009642,0.09516961171040027,0.10449931773401995,0.12072831233792332,0.11162314620919991,0.1349425787686198,0.09705283194430757,0.11302591946181478,0.1857412933013067
1558,0.2821006366023393,1.077122146728412,0.4331170109969334,0.4447812820264303,0.3431300704281298,0.37422645858370324,0.3794897916855732,0.4333254347273218,0.46716194879581513,0.9702551441770749
1559,0.4971701449384706,1.0885223123557946,0.4961841270644049,0.47526051014747706,0.3536894686581025,0.36373290667197117,0.3939439131300715,0.45976390914896026,0.4915527451529147,1.2077773579821869
1560,0.1639922080319803,0.14075427548445524,0.19078848084755598,0.1657174869158544,0.16155347061891204,0.1960063799461855,0.18103003905366896,0.1582783304949986,0.17526713160217203,0.21195970727448882
1561,0.2072360842653696,0.20459100527572863,0.2744854510377558,0.22655602928093974,0.0022701010360727733,0.29386102338120973,0.30950327715731935,0.20825713956550962,0.23594924701295147,0.0015974875936887471
1562,0.11337119229902845,0.09632696381662112,0.12295906363105963,0.10347739035617969,0.09988925063677961,0.12132406950772988,0.11401230799086105,0.11046278362795625,0.11225714949312195,0.12431709848166617
1563,0.07931862009193172,0.1097601178448023,0.05951606800296265,0.047766428920105776,0.05104203340606967,0.07176893625415962,0.1066265318254609,0.06055560672786379,0.05446615874448187,0.07259432316057947
1564,0.09052253395483598,0.10690943994783697,0.04778197728116626,0.06015663134341013,0.062430993794594464,0.08160327604745705,0.10695628675720781,0.04940928627998205,0.06774626691900233,0.09060972950561463
1565,0.07910208613717361,0.06954719735883796,0.036953905414969034,0.05118746711008913,0.04633587420615845,0.07481962826305935,0.07685773100104218,0.03828034474592231,0.056457922047766916,0.06613485064138155
1566,0.0799374817845023,0.060547990758590464,0.04995121078243882,0.053874644997771094,0.04358640209504852,0.07641153727815975,0.06841203396716934,0.049985443766697724,0.058208220871956796,0.061544961047400905
1567,0.07560362814573961,0.05819055198587503,0.04796736298041215,0.054652039636165974,0.04055878897679144,0.07053391280510053,0.06372228721107243,0.046972903894328163,0.05909764817276752,0.05726376553479142
1568,0.06730196591245424,0.055626471332075975,0.04100847336244821,0.05341626570323718,0.03935157871517124,0.06113195750370143,0.058552851639731375,0.03915253563982537,0.05804459864076786,0.05564669003686211
1569,0.05608131116772154,0.04917320497551328,0.032434624832423445,0.04517055835406403,0.03586536339379236,0.05049899308418309,0.05082917091969768,0.030110526536092377,0.04907654085689039,0.05082607845315858
1570,0.04458761487667086,0.041777912649442875,0.027355872397415573,0.03439080784442783,0.03320677901815715,0.04024881796461791,0.043064982876219564,0.025227520536657375,0.03709013662043208,0.04753901042852544
1571,0.03514727680344356,0.03687910924331547,0.027638290084812278,0.02731113487548882,0.03368983915030038,0.031717470222952536,0.03779272697847176,0.02585995541923476,0.028998181661572985,0.04897008705353681
1572,0.029893588439681346,0.035228308333732125,0.028271379744885493,0.023486212077626734,0.03406436605715851,0.02679452251361733,0.03558051742849066,0.026812353261624244,0.02496515745334688,0.05032136223396456
1573,0.029993671486512642,0.0361149161875396,0.02880261908219881,0.020892572309113264,0.0329243479641355,0.026824997642467062,0.03622362310187418,0.02770160985545312,0.022796965658502984,0.04917918595264588
1574,0.030221892283555166,0.03468229303152807,0.027768040578114158,0.018186243375722267,0.029987902776316983,0.02699898693222337,0.03496825329112034,0.02705888770882402,0.020490244973355824,0.04481931653120347
1575,0.028050054213583853,0.03025361145171526,0.02593423436041469,0.01604625734691598,0.026336698067478185,0.02495678999441375,0.030752427892726038,0.025522864120471157,0.01848149027245397,0.03900027430383377
1576,0.02612875184826428,0.027143116165904944,0.025551296034562836,0.01566728716075925,0.02331305891949425,0.02302452826483835,0.02748284501431807,0.025358497497042824,0.018123534891889816,0.03406996546665748
1577,0.025354315330466823,0.025928070112658744,0.025046408045611753,0.015973349576818188,0.02020724257999166,0.022105281972181656,0.025708385947695676,0.024778150431585714,0.01836514829654819,0.02912228721677789
1578,0.02542255306536941,0.02530559978558205,0.02396740404709237,0.01726446416401937,0.01729997723406779,0.0220415158925148,0.024612018331726427,0.02348489824677865,0.019684816868293386,0.02460781076667654
1579,0.024692091137041593,0.02458675681169169,0.022914121961641994,0.01835966714993411,0.015041647932788723,0.021389868173808783,0.0237332900691339,0.022345523794524397,0.02082394019449971,0.021207335432797604
1580,0.021360538380465335,0.023642150555304952,0.021419281140992584,0.017182260772764614,0.013489303901218264,0.018504718817484035,0.022764926126998535,0.020897543884684705,0.01949452622489279,0.018962637142201023
1581,0.01696820020439593,0.023051559295894763,0.020009678994067023,0.015075939071810445,0.014368952993043273,0.014724743015596925,0.0221815229922641,0.01965192408904266,0.017087760758505446,0.02029744347691042
1582,0.01325387296486648,0.021418210536525966,0.018812936764870763,0.01344212973250697,0.015391388341726406,0.011550583818362669,0.020628531854454787,0.018674728254461908,0.015142528281513986,0.021985946982824994
1583,0.010586769375735649,0.017820246549489032,0.01750223573399218,0.012380451171606773,0.01460734740298475,0.009288342742083806,0.01722406718614546,0.017531058626463255,0.013891120548743467,0.02099781675807952
1584,0.009459060424109107,0.014327844235642047,0.01646323084604912,0.011942151602736416,0.013585945709069649,0.008316158318642214,0.014038975757729203,0.01653669538029982,0.013429835186648233,0.01961189349676892
1585,0.00906913340260276,0.01191474615976444,0.015534885611814195,0.011164364556983719,0.012795566851084428,0.007922664127109435,0.011824447329613713,0.015516495154626378,0.012657455735616876,0.01854577961308729
1586,0.008759211867938264,0.01045899327345602,0.014720256711900121,0.00958882255325466,0.011713488766584672,0.007588394055725005,0.010381905512042412,0.01455115675990958,0.011019505760145773,0.01703742140305375
1587,0.008875501059426874,0.00979692003233788,0.014424668944411951,0.007912025589532743,0.010228756173730142,0.007664097921807447,0.009675199572232493,0.014133439163026302,0.00922920267912755,0.014920466637248135
1588,0.009158638776431213,0.00901628203521942,0.014591896810372661,0.006481718261773062,0.008158619788507272,0.007915397365011437,0.00884345269055218,0.014239206548949985,0.007650903729277882,0.011908875962273335
1589,0.00928143614321839,0.008200119866219987,0.014932620777527182,0.005508606867104875,0.005968694219802702,0.008023801571245395,0.007997173955481803,0.014577805306726985,0.006526302519660551,0.00868571871365858
1590,0.009046896559458728,0.0077880137940700206,0.015148951104480399,0.005133297388117909,0.004521800792301178,0.007802510041817954,0.007560735991766743,0.01481903783986905,0.005998007231448239,0.006507493963540562
1591,0.008244346616870069,0.007225441329954613,0.01494029725188339,0.005138878934172372,0.003894847361899641,0.007070032230116412,0.006918169631148156,0.01464311635774064,0.005835860180829474,0.00549314845479372
1592,0.007186956963252853,0.006731295179545596,0.014314518033375743,0.005437782986132303,0.0039977581188105306,0.006118997227532712,0.006296151118184783,0.014039391796066905,0.006011898690372494,0.005539003354126625
1593,0.006347392945025917,0.006630011386163383,0.013432492481797268,0.005677339096850761,0.004248713340828808,0.005379171048572409,0.006088351229916057,0.013182215975701876,0.006201249813155564,0.005834352758031059
1594,0.0059539143381830365,0.00664615099889189,0.012553847045211427,0.005478997412146676,0.004072521527333245,0.005042768194698145,0.006029923575205898,0.0123437571958218,0.005985391829482834,0.0055391893836967765
1595,0.005889929812641259,0.00676478100783839,0.012137846483988449,0.005127813384027397,0.003923986648662174,0.004985940819651745,0.006095727515360593,0.011978513784720674,0.00565483468450782,0.005345547035835928
1596,0.0057725009171112115,0.006974250833771894,0.012413858038641196,0.004933698389572264,0.004106580292281647,0.0048498516870513686,0.0062826793113365574,0.012291325922085003,0.005511572850432747,0.005666284868308614
1597,0.005528821273954049,0.00719336266593614,0.0132892423044906,0.004986603758489434,0.004536145761233937,0.004576738825404207,0.006514670779171136,0.013179619791155171,0.005615352455793455,0.006328586719398915
1598,0.00559426132038091,0.007510685494390258,0.014347431077167806,0.005218096029965418,0.005049888562846307,0.004591059109311844,0.006862731323624805,0.014230603194867655,0.005882121579322717,0.007098642108492025
1599,0.0060675160743321535,0.007864181565912478,0.015072571013275351,0.005368752324666809,0.00518248578082093,0.00499971501899378,0.007233322502670324,0.014951152068765381,0.006032172891416331,0.007322497682792522
1600,0.0067475171495354515,0.00815535066556299,0.015266721239788195,0.005247430276439968,0.004932867319404934,0.005608435468341597,0.007523498811726678,0.015131556272141716,0.0058586852644210334,0.007006098763333496
1601,0.007237620778229445,0.008253852378569237,0.015061529539511606,0.004757698328629273,0.00463338627747472,0.006057750335880981,0.007622915629419159,0.01492784717844205,0.0052695537491799895,0.006633368374441659
1602,0.007075067796517138,0.007958074294308871,0.014527824947894603,0.003833074227896663,0.004044715713505621,0.00592405718032132,0.00732408257435067,0.0143920163016174,0.004197618589008437,0.0058267210803886575
1603,0.006440054588845406,0.007472208265908561,0.01389621620088785,0.003003824458541582,0.003119785940003766,0.005376562563128887,0.006844075372046313,0.01376362698074248,0.003269220910750206,0.004493689535393088
1604,0.005745214259675746,0.0070596528906031394,0.013450077209948053,0.00283710326207846,0.002265659408485688,0.004794290640394591,0.006464267754970545,0.013312298422827074,0.0031299569463942353,0.003155605764171549
1605,0.005170159128515858,0.0067414245254045786,0.013289077615357277,0.0029677145143008096,0.0019269322068755088,0.0043260249310118305,0.0061791389462418755,0.013147039088008473,0.0032911011631282156,0.0023952639591991653
1606,0.004863437783930549,0.00644673176642203,0.01332412141604954,0.003103235866212803,0.002225945104696686,0.004091973812562963,0.005909773693887967,0.013165433813088753,0.0034188234173678027,0.0026758755753187946
1607,0.004618416003390959,0.006031013190795845,0.013428657215953547,0.0031779540240995407,0.0025149379703679614,0.0038897591808647724,0.005509491071249484,0.013247153007438443,0.003460107485866311,0.0030865156408349833
1608,0.004206854110133552,0.005483206716726632,0.013522339414560335,0.0032292139729461454,0.002458080368696614,0.00351442498089408,0.0049788061092050084,0.013316238241036183,0.003468964233713538,0.0030168747066877492
1609,0.003798113779149189,0.0050192818194426106,0.013583713876165665,0.003316928087688517,0.0022762215320537653,0.003137379708422058,0.004533988892458836,0.013380499208681325,0.0035262842150030737,0.002798352098374411
1610,0.003487311346783456,0.004607081704055738,0.01359293503229434,0.0032886057881253965,0.002087473015235501,0.0028498871475278313,0.004124765124450744,0.013397730810571173,0.003456248736864371,0.002589753926855263
1611,0.00330715870445451,0.004218062916258997,0.01359610160702288,0.003120550410428602,0.0018883412421624363,0.002686255948586199,0.0037061754268815626,0.013419788257070879,0.00323439137135285,0.002357513854194039
1612,0.0032203794640061315,0.003976978192645596,0.013682295366429835,0.0029542581059856837,0.001689489465132816,0.0026141562843738073,0.0034235470563337227,0.01353517712879893,0.0030343061763786353,0.0020991772554336935
1613,0.0030887165767745826,0.003958132816290879,0.013879343138934427,0.002847503843357756,0.0015523083661215216,0.0025022598576695653,0.003376791627886373,0.013750999861480638,0.0029262228455839124,0.001903330545944894
1614,0.0029258270499774456,0.004086548093985819,0.014153039879747172,0.0027890590530550564,0.0015907747544862522,0.0023581258024070045,0.0034987818909779996,0.014023341078561843,0.0028906230022228423,0.0019687301679316995
1615,0.002777991275497009,0.0041899264378783005,0.014436312387645691,0.002711609926311303,0.0017229281095432901,0.0022228603569370503,0.0035941350397877348,0.014304029144337736,0.002847750051828869,0.00216411109965788
1616,0.002675246111625573,0.0041430808871049316,0.014674503677215721,0.002549986763231966,0.0017877486649855046,0.0021229802708444,0.003529602629464331,0.014535499738841624,0.002724129470190395,0.00223884650035487
1617,0.0026928069303904837,0.004027604263035258,0.014853923089889438,0.0023348852573689166,0.001789628891018714,0.0021315281797043848,0.003398905413793366,0.014711164303668523,0.0025471111707900933,0.0022308022212938015
1618,0.002796429429918783,0.003914307811242712,0.014965016996218316,0.002101169969019013,0.0017659896635363118,0.0022173486283448055,0.0032816404590114132,0.01481704008614962,0.002344251642345101,0.002222780596413596
1619,0.0028965928259571594,0.0038366635869029153,0.015009698784090052,0.0018914969297236948,0.0017717901159511322,0.0022959710037953034,0.003201348082009541,0.014864137347086,0.0021506876406956555,0.0023126997935316797
1620,0.002965189008254376,0.0038022565289381896,0.01500237026762595,0.0017729110160843383,0.0018233293499109666,0.0023469652161876124,0.003163807036434641,0.01485721580914048,0.002029300818096136,0.0024654839731265863
1621,0.002961161712435409,0.003771376855605019,0.014945205498018884,0.001729088863976142,0.0018124933867893762,0.0023360054361673418,0.0031206719908124085,0.014804411872787153,0.0019541221748917417,0.0024698144820265873
1622,0.0028987472103617503,0.0037359807142762994,0.014877288571199078,0.0017646869511691737,0.0017336968235821806,0.0022744708274116095,0.0030711314437523837,0.01474124914843155,0.0019386126880964034,0.002317368509186718
1623,0.0028525480904001174,0.003750444752128167,0.014864952778795142,0.0019120887851447142,0.0016956996584922544,0.002225128518987742,0.0030670565133569788,0.014727615770804026,0.0020501540605776373,0.0021972806262657856
1624,0.0028559718606653746,0.003799563215661974,0.01493765479710338,0.0021453262977766626,0.001705176180401915,0.002216798493263777,0.0031057193982700353,0.014797264851402816,0.002281063222821793,0.0021453948393453763
1625,0.0029049460378574505,0.003860178936550557,0.015063016962648971,0.0023861984792646618,0.0017352871506713847,0.002247247945758686,0.0031616045152013717,0.014918480728086962,0.0025438408912314948,0.0021358559685375118
1626,0.0029704521796492865,0.0039016172677399236,0.01517848180724584,0.0025169224148164546,0.0017723651895414148,0.002293482330598566,0.0032063613150511787,0.01502704806894331,0.0026982709030844,0.0021543061944204753
1627,0.003021891903482375,0.0039036273705388663,0.01523442263248917,0.0024488799419849286,0.0018070337083329713,0.0023285055267740656,0.003216612775777485,0.015078691645165971,0.0026405995003259803,0.002189048311721662
1628,0.003074675146787742,0.003916677830517503,0.015231906202919934,0.0022673719335340944,0.0018561276196569832,0.0023670351855133408,0.0032372942166586645,0.015072666506637647,0.002465027972305375,0.0022599786986945355
1629,0.003141632058705847,0.003984819991432875,0.015170849486131264,0.002089233718987737,0.0019176805997647085,0.0024212007185995714,0.0033076350216963506,0.015012595032986022,0.002304668245885122,0.0023553671145697245
1630,0.0032209458937612137,0.004116934365939632,0.015062928795021576,0.002007360413088601,0.001971443223792684,0.00248937003857386,0.003436951459665731,0.014907550444281006,0.002256679434039752,0.002436209546669342
1631,0.003277781046884201,0.004270411704955063,0.014936015642578265,0.0020237665282875007,0.002000933997899456,0.00254094267572699,0.003590153318034321,0.014784190766293647,0.0023068819358384716,0.002479264392761782
1632,0.003262903787925783,0.004388369100391811,0.014810488764432663,0.0020737007401678714,0.001985291200384231,0.0025309570843543732,0.003709973385487776,0.01466060925620574,0.0023654010693147593,0.0024563880263933488
1633,0.0031964594261242128,0.004451242683488478,0.014693267359264428,0.0021053904951350484,0.0019342394929082539,0.0024783144644211527,0.0037693548442895414,0.01454266142146209,0.0023786220011398924,0.002380446977637594
1634,0.003149886707566393,0.004471915000212101,0.014596180668542026,0.0021014269296911027,0.0018821101327921967,0.0024434643285526705,0.003781382083093526,0.014450787221903965,0.002351916882711582,0.0022909250144608952
1635,0.0031462420129360143,0.004467414051173793,0.014524433921780468,0.0020448116846984612,0.0018665899527769776,0.0024399516702834296,0.00375735214484841,0.014377190576341892,0.0022881891389762475,0.0022385145066522224
1636,0.003177468263949662,0.004454494974874428,0.014485637265175313,0.001962162745623839,0.0019271522918615051,0.0024605546323766526,0.0037176323502417794,0.014333508366310253,0.002218371368847475,0.002299364430081355
1637,0.0032300874597209913,0.004437173417329663,0.014485841333552877,0.0018750134094252882,0.0020154619327924506,0.002497932606742674,0.003675729206747201,0.014328708415980638,0.00215437315948644,0.0024147275691805904
1638,0.0032939382393817247,0.004422578184615549,0.014516423875287492,0.0017922363726158533,0.002041887586627101,0.0025480787345957385,0.0036394432784394885,0.014355280652401861,0.0020970090695295565,0.002448704796756754
1639,0.0033593276896602257,0.004426421748908582,0.01455452540840196,0.0017784968394456567,0.002024495342871776,0.0026055032437369728,0.003631738749993187,0.014388347381152864,0.002114334686570097,0.002418466801780477
1640,0.0033870291824150854,0.004467900319045092,0.014559679580293954,0.0018704253334906817,0.0020168510608035,0.0026373975928197756,0.0036703274117285654,0.014393235133101845,0.0022506056256150217,0.0024143660725869406
1641,0.0033671484210678077,0.0045391576103142,0.014523792633117203,0.0020449855434048233,0.0020447605601938315,0.00263085102218871,0.0037508676441969186,0.014366623298322645,0.0024789249839085497,0.002468003726395327
1642,0.0033519059296218887,0.004631933110265662,0.014462624561474862,0.0022583474242445145,0.0020801800676725998,0.00263157288769096,0.003851026849428618,0.014318972625556897,0.002744163633428984,0.0025405877273115274
1643,0.00338147433862968,0.004705268113701026,0.01439702207083223,0.0024753869786406143,0.0020719009415884563,0.0026704202192453065,0.003933929945143132,0.014272128480036894,0.002999964149382707,0.002550081009600233
1644,0.0034588306539321263,0.004750936835544526,0.014330758224161029,0.002688909041543944,0.002044108332973632,0.0027466179152713832,0.003978968999610151,0.014213466610376006,0.0032381660592642487,0.002536259683685258
1645,0.0035643705252752893,0.004757448808298001,0.014239680032001486,0.0028788930989011247,0.002049162520846422,0.0028444232967418256,0.003974530100292231,0.014134089703877254,0.0034467244427579856,0.0025691474809410066
1646,0.003675707228686513,0.004705062641156435,0.014112367032856385,0.0030061117646341213,0.00207566840351982,0.002943225686703672,0.0039052573978586845,0.014013325860593662,0.0035910644019533813,0.002598170309350752
1647,0.0037826023486921914,0.00465337498751623,0.01399216525282884,0.003105033398286762,0.0021453980798086815,0.0030323389614726427,0.003831789602012755,0.013893597035849243,0.0037089828345507193,0.0026655685150229623
1648,0.003859810834399439,0.004687357604562957,0.013946909425085953,0.003198745760197805,0.0022390232892158055,0.0030877593138676235,0.003849188874487063,0.013845844551413683,0.0038174707002211206,0.0027806068638741212
1649,0.003912051597098149,0.004901747542222422,0.014024816080162315,0.0032891695324792684,0.0022452773295291383,0.0031149338451628584,0.0040500511233143585,0.013906712851946789,0.00390652773301468,0.0027867011442841323
1650,0.004032467603772724,0.005335021299408244,0.014171143288886785,0.0034282998754334108,0.0021745845311205267,0.0032112466971766,0.004485221165559313,0.014027621064115389,0.004038342073653161,0.002683796856601554
1651,0.004291898895023307,0.005941714265922143,0.014262724419767881,0.003561709568688108,0.00211645497373721,0.003452517450675896,0.0051053720823508175,0.014085610146596239,0.004171349993184882,0.002584170189037619
1652,0.004733480688480183,0.006615794092640869,0.01427064901636862,0.0036452651634875073,0.0022215352455037317,0.0038679854144088362,0.005805588948485125,0.014062984218631992,0.004258242668007774,0.0027282520071693793
1653,0.00525537432573524,0.007154675554243276,0.014293882031984246,0.0036704245825493783,0.0025436738011963026,0.004343075358276462,0.006372611616482536,0.014065213688041723,0.004272864639005397,0.003222900090876731
1654,0.0056340468772770125,0.007286785386632475,0.014419667686834704,0.003551362815607488,0.0029503678635209732,0.004665856238420516,0.006521062747918814,0.014170718227502141,0.004109987329015148,0.003852221065438098
1655,0.005812533271411353,0.007109979898934388,0.014597917970531563,0.00342042713352672,0.0033407434038595,0.004797826685138698,0.0063545969079532175,0.014350182965482995,0.003918582741623057,0.004461010518845096
1656,0.005755614990194476,0.00688606595580388,0.014690548808896262,0.0034117694433100053,0.003597263715713215,0.004715758329592226,0.006148290779532191,0.014451851174364011,0.003866129082937993,0.004859983011367033
1657,0.00542648124620799,0.006789677628597537,0.014603018939067564,0.003421192012216863,0.0036731509918591196,0.004386940958398803,0.006070800763273411,0.014378543192353526,0.0038541329498287813,0.004965155153508591
1658,0.005064630423925289,0.006807725723540859,0.014437274960798524,0.003395240025384432,0.0036889470081647078,0.004034024069392011,0.0061008047175279655,0.014232904830093273,0.0038061312389334402,0.004959921274460758
1659,0.004872208499714465,0.006812397217049938,0.014317844326894865,0.0033309665431369077,0.0036338393201047372,0.0038428721588815965,0.006081276086167512,0.014109801121948403,0.003686944042089507,0.004825280621395007
1660,0.0048466041647552485,0.006748943716768924,0.014297852572146746,0.003207309417606404,0.0034753818272721866,0.003811766849688535,0.005968430173171452,0.014067349868240448,0.003468510539621773,0.004527962297281554
1661,0.004916016773042052,0.006714308762964515,0.014380439589958527,0.0029930642088521003,0.003329105795803516,0.0038685044036838186,0.005905982951655528,0.01411741491850414,0.003154721603280861,0.00429258534270522
1662,0.005058697200925597,0.006729155268706874,0.014529995686386472,0.002728303624340918,0.0033273179700729102,0.003989876743699227,0.005937354974442528,0.014242386414806574,0.002858062363605555,0.004362101722247285
1663,0.0052627881997878165,0.0067084397386766815,0.014718158845039088,0.0026231133178783875,0.003570847974184965,0.004170419762846085,0.005959534915299456,0.014412381277130456,0.0028330264263062097,0.004845552465452087
1664,0.00540023032897551,0.006540958601926993,0.014929883461312065,0.0026038644998220522,0.0038515235846172872,0.004336014732053098,0.005882530342227619,0.014732547164253897,0.0029304511452821797,0.005384133704935716
1665,0.005309838363337096,0.00620217825816888,0.015142730909544586,0.002462216309675401,0.003882942343008203,0.004252006497944302,0.005533417110071844,0.014891538047599273,0.0027961754702677194,0.005415680093605795
1666,0.005072440320305934,0.005865516924468815,0.01530911105238504,0.002351022196523754,0.0037000392324525646,0.0040293840325934,0.005156259819528752,0.015008141144122003,0.00267807302411963,0.005078571720773803
1667,0.004843080804842555,0.005670750280424041,0.015350545018460046,0.0023173939340829296,0.003416266722191149,0.003796066962382212,0.004886666384177614,0.015008661694935681,0.0026774430247088737,0.004577073885760049
1668,0.004745799677828465,0.005658419178613054,0.015235560174658325,0.0023401240321298273,0.003151348712924062,0.0036743035537364515,0.004784570963805834,0.014868578976049096,0.0027797594167037944,0.0041216170992699015
1669,0.004781677899116892,0.0057895550800785645,0.01504200638713095,0.002477523705118214,0.002996177429176134,0.003680372516537499,0.004839311679231832,0.014674290725711317,0.0030107125916251864,0.0038484333572814775
1670,0.0048694861387538636,0.00598786921401813,0.014849158184667793,0.002656839073103786,0.0029154109667874533,0.003747005613078932,0.004990021838967105,0.014487354753058526,0.00327110734600769,0.0036927891331743823
1671,0.004937661162402177,0.006200597383686857,0.014714853353807053,0.00277344172622606,0.002862303449382287,0.003803989143872329,0.0051739111313726304,0.014364258262134966,0.003442121898477856,0.0035652261592204553
1672,0.00494460356018557,0.006381459481442946,0.014674515979974653,0.002765297406478913,0.0028317020920870344,0.003812180105778431,0.005338407449277531,0.01432550697727232,0.003458470458343087,0.0034536947993684948
1673,0.004874583195318349,0.006490721998153458,0.014736331461629037,0.0026322344864018426,0.002829664127992987,0.003755249383593674,0.005430542593319017,0.014391837989857083,0.0033213323468106255,0.003367448426617658
1674,0.004772718495046026,0.006498492326719384,0.01485937490361021,0.002486695453869373,0.0028456912644369966,0.0036704871566327034,0.005424095299829228,0.014507539224672404,0.003155521450321079,0.0033244127139835863
1675,0.00466850516659375,0.006379606102176353,0.014989210322967779,0.002405752012307708,0.002825968968442578,0.0035796753913520754,0.005291837903691292,0.014634147962376845,0.003046663863522635,0.0032608155307024666
1676,0.004578349495497129,0.006159160026893538,0.015096558447185847,0.002388249382261041,0.0027552425219266458,0.0034958241025058383,0.005067537414286974,0.014734464160488436,0.003002736379032833,0.0031589728957265605
1677,0.004517568482496007,0.005963054421904006,0.015178933519092323,0.002392625696664665,0.0026859995568270833,0.0034391567200031726,0.004870065342037046,0.014823167893941053,0.0029945394991249476,0.003082256289832087
1678,0.004491751291289434,0.00586902834132933,0.015226758687817702,0.0023909347887441134,0.0026460743394375744,0.0034179819423064703,0.004784050522900095,0.014878627777509432,0.003000608109008234,0.003051625703107002
1679,0.004490031648402526,0.0058822118716197035,0.015231057124610821,0.0024046687564074375,0.002652703835439856,0.0034218770938831957,0.00481083774557794,0.014894623769233062,0.0030335982411577467,0.0030800572461901444
1680,0.0044814602228293735,0.005950732531825051,0.01518327299182684,0.002458127092832648,0.0027156354301050905,0.0034189648654147815,0.004892190390495645,0.014856421583762856,0.0030988970700137814,0.003177948967462308
1681,0.004442332655718626,0.0060193446268712696,0.015083315163491722,0.0025362220583312967,0.0028290424988990886,0.003385018432932783,0.004968827438706564,0.014761904833079658,0.0031708432031913886,0.0033345530534477615
1682,0.0044031012381965055,0.0060712140090879154,0.014985489774723654,0.0026072803960479718,0.0029696722149113786,0.003350004491208807,0.005024147592989247,0.014666513431483959,0.003227632490886327,0.003531049018643106
1683,0.00438776189622542,0.00610670500609625,0.014951635604733072,0.0026456537812660375,0.0030921314222931377,0.003335757053272111,0.005050143839152401,0.014632827631491601,0.003255511274590879,0.0037106321935842135
1684,0.004403199183460791,0.006133065006561924,0.014998367981579419,0.0026509116640726703,0.0031667759906029,0.0033483086673694318,0.005058252510977556,0.014677773225219707,0.0032592183616622075,0.003832998357794409
1685,0.004453582954191376,0.006175067198181589,0.015087751570601651,0.002648885720580896,0.0032111616654589914,0.0033905425820201823,0.00509002252884674,0.014767173007214904,0.003260987588172042,0.003918966639293494
1686,0.004519685875499952,0.006262242709101277,0.015177746178684203,0.0026463030024266514,0.0032409064470304903,0.0034449726896790185,0.005174687011490218,0.014855968561078927,0.0032634205132647818,0.003980025754774805
1687,0.004580657768352506,0.006378564197157568,0.015246050248723612,0.0026461902011929617,0.003262679835073692,0.003492141305000682,0.005304151541638689,0.01491866166828234,0.0032682662833566503,0.004020139012752705
1688,0.004635267875505216,0.006507987971153616,0.015286636953445098,0.0026615195664061674,0.00326823427574646,0.003531977015051776,0.005438053609644232,0.014957585856517016,0.0032909161351852376,0.004018088673879696
1689,0.004688756370285858,0.0065984963500121405,0.015286477144875212,0.0027102905595102274,0.0032438078728375033,0.0035702362959156926,0.005521484197861107,0.014953499662335622,0.003351324017854859,0.0039462016845877215
1690,0.004747653358387441,0.006640651890745758,0.015250885497211908,0.0027908165150301472,0.003209918233797534,0.0036148085065958622,0.00554333905422751,0.014917582004724601,0.003447487279821623,0.0038506246127490026
1691,0.004806935538124553,0.006636339808148704,0.015195868805412413,0.002866107574404543,0.0031867575356186524,0.0036624308379344978,0.005515862648736117,0.014863107760630103,0.0035432344927545205,0.0037788895234402934
1692,0.004856268886649814,0.006606937122097237,0.015136514245728755,0.0029051106608715327,0.0031846179573981497,0.0037037429641860733,0.005471463142942157,0.014804091800235218,0.00360287544297506,0.00375707457616347
1693,0.004890994296630452,0.006609151461743258,0.015094421808153525,0.002924423341672288,0.0032212778410464584,0.003733156680461415,0.005469928353440124,0.014764037022995889,0.003631229846798029,0.0038072894896090284
1694,0.00490011229322545,0.006692595819478957,0.015086280406799189,0.0029411312205997815,0.0033079614213612795,0.003738910782844098,0.005559179582312363,0.01476339228410527,0.0036342728814929472,0.003938986721055454
1695,0.004890884879929163,0.006851003995773195,0.015095292631691837,0.0029671602258383397,0.003433180051779742,0.0037268835666622807,0.00572702585832143,0.014773285002910025,0.003631640452061126,0.004130490864916472
1696,0.00489108382527872,0.007033985308808743,0.015071031573474756,0.003011908093992525,0.003547523660546145,0.003723817354962491,0.005918288104498557,0.014754795303136177,0.0036583453208241315,0.004313532792900591
1697,0.004931973363968501,0.007205346909758864,0.014982963799213753,0.003079022724562134,0.0035856005020160468,0.003756893889114023,0.0060826164353163315,0.01466665106713372,0.0037389183218330584,0.004381676014889837
1698,0.0050144102614220224,0.007338612203602652,0.014866738113087403,0.0031522045061986243,0.0035439394984490015,0.0038294918634013903,0.0062020041086537515,0.014558037142757475,0.003855459943884255,0.004328706272335143
1699,0.00511372143506362,0.007399073939100961,0.01478859189563141,0.0032051170050369435,0.003450222791410922,0.003917395524156292,0.006244955818267117,0.01448699719996691,0.00397064645943297,0.004193290341689785
1700,0.005200474904131059,0.007366553404432556,0.014791767440635472,0.0032275062944043553,0.003343399491929905,0.003991994733917876,0.006195887222711339,0.0144813323876213,0.004058613070817899,0.0040298061189416295
1701,0.005254535616475583,0.007285249634169765,0.014852905473104762,0.0032160873299018726,0.00325415554617394,0.004034996566420759,0.006097426584171526,0.014528520432324133,0.004091419968722102,0.003886621852529051
1702,0.0052499624919134956,0.007206051188011529,0.014936011244400405,0.0031398609378494057,0.003195819425334011,0.0040225238209665405,0.006003896161028202,0.014602935907553962,0.004015378649658095,0.0037794163538644922
1703,0.005198217958450015,0.007162268598888051,0.015029594454515705,0.0030253359541749752,0.003203487401195801,0.003967499058034747,0.005947929909172625,0.014692250702498624,0.003859046181267006,0.00376909569492313
1704,0.0051237042411757415,0.007157719907851618,0.015129418440978868,0.0029214936624622234,0.0033040198648042894,0.0038964737752478842,0.005934079314751514,0.014787627267975964,0.0036910910726729823,0.00390788254618975
1705,0.0050334470592577965,0.007182978413156942,0.015218782280535482,0.002851003385838665,0.003475941820899976,0.0038159352930144047,0.0059536223650303345,0.014863880467830612,0.0035559725422118723,0.004164899243969353
1706,0.004954417036072183,0.007232225642591869,0.015273693021815488,0.0028401124311394385,0.0036596419058554843,0.0037480878284362495,0.0059986157424660996,0.01491498302876334,0.0034999620060804618,0.004450702451676576
1707,0.004912136059497478,0.007270266156302273,0.015271457759261526,0.0028871857209453924,0.0037918341876184754,0.003709563048017353,0.006033269827842184,0.014907348966980203,0.0035391383597589096,0.004667707658351582
1708,0.004929558193395082,0.0072782642558488625,0.01520876693482631,0.0029636110401673197,0.003845380832042292,0.0037194256822187474,0.006034519488641043,0.014849084736296996,0.00364797612072754,0.004769029913786564
1709,0.005020593527932022,0.007273389154208135,0.015116360711661671,0.0030385911798668417,0.00382925426698236,0.0037908588500688784,0.006013854916729371,0.014762590677476192,0.003781450530133266,0.0047511908233297
1710,0.00517067928973274,0.007271653346254627,0.015023244023234142,0.0030777555667216906,0.00374274738103671,0.003911342123016558,0.005988171174147616,0.01466480022171948,0.0038923402614173827,0.004595185786431351
1711,0.0053253359052118,0.0072980300668609496,0.014932926840358315,0.0031016313292806345,0.0036421811789055223,0.004033922897910723,0.005987061809814549,0.01456659812456053,0.0039900601315672095,0.004392779015664925
1712,0.005419220380503433,0.0073543568737253024,0.014832708610203882,0.0031571238623828045,0.0036110226250787225,0.0041062678609901666,0.006026340901112124,0.014461683293769663,0.004111910096555531,0.0042978767508391295
1713,0.005417168567199542,0.007417988845623889,0.014728962914144968,0.00326407608688133,0.0036831892204722693,0.004099495971923598,0.006089975538464487,0.014358672040772433,0.004265684489821024,0.004384190563582131
1714,0.0053668759315245425,0.007485698488279511,0.014681170366260848,0.0034024991277850744,0.0038007733329573313,0.004053169193929008,0.006170172333954162,0.014308285949120108,0.004416532473903006,0.004558106232246423
1715,0.005319033048936207,0.0075527777279375055,0.014739520514043536,0.0035356930561926394,0.0038838676590124046,0.004011819242707288,0.006261404999304152,0.01437013230526577,0.0045196028029955825,0.004690298226748648
1716,0.0053087942331211686,0.007631013566038961,0.01489817547426297,0.003639056640634015,0.003922180108269289,0.0040051954971254125,0.006366088529862908,0.014539217757813461,0.0045697048067783776,0.004757512494633423
1717,0.0053476534833852805,0.007734880427922207,0.015099508262903339,0.003676397172264247,0.003957003996921087,0.004040152814897251,0.006486793218575964,0.014745553184069834,0.00457456786432076,0.004809149652868523
1718,0.005428602062120321,0.007867030970238475,0.015284388361882879,0.0036031741490748356,0.004008149146543108,0.004107438989901437,0.00661516733006771,0.01493074103694073,0.004528749350347752,0.004864456262370948
1719,0.005516042981081719,0.007989111587443119,0.015393245743099332,0.003460820660706393,0.004078470052996676,0.004177990439715316,0.006715262493732913,0.015039325818996589,0.004461230858424607,0.00493828472730754
1720,0.005558931032772789,0.00803597779227014,0.0153607849159005,0.0033062363826245208,0.004147156078023541,0.004251168369564262,0.006798275624382995,0.015151128527678158,0.004435154374123909,0.005061772625390763
1721,0.005552924529630395,0.007996150823794698,0.015179639138897714,0.003165200218870762,0.004191455015188838,0.0042338050887669905,0.006710450393323667,0.014938656760214827,0.004350550600945308,0.005100136605990429
1722,0.005576684207036926,0.007933388086330019,0.014941831131557271,0.003053844805136587,0.004220636375026206,0.004242597721779411,0.006606147126780416,0.014655860452328641,0.004255660660561414,0.005123328959477083
1723,0.00568320342431495,0.007897893389939853,0.014729406471527765,0.00297160418430167,0.004241424015678974,0.004323625465181649,0.006545491083797787,0.014412670407232106,0.0041367009238254425,0.0051437290418129555
1724,0.0058450323770001525,0.00792433037695793,0.014592466477246937,0.002935260917095308,0.004262425151152908,0.004449646295420171,0.006557707713841004,0.014245717301195986,0.004027039150041407,0.005166550711378289
1725,0.0059874859708801565,0.008029907788919328,0.014550190286146307,0.0029622187318246156,0.004285058683891874,0.004550690078806706,0.006644880293683907,0.014152929138760949,0.003987711653318219,0.0051762336289816555
1726,0.006057239010093543,0.008206303111883714,0.014608250007698349,0.0030521438379543203,0.004307477135246566,0.004601116751362715,0.006820555492142728,0.014206794211158622,0.0040729847205138794,0.005189487792382306
1727,0.006071352056578537,0.00841100339176289,0.014733306937819044,0.003189272603915514,0.004335052343381249,0.004606132910158716,0.007020597681023532,0.01432833613211158,0.004236322446203757,0.005214231613428807
1728,0.006053353551418708,0.00858770478310083,0.014884173858899136,0.0033468507589808055,0.004365659581285653,0.00458656287287204,0.007192454163369051,0.014484995291352576,0.004418954135093733,0.0052627075982184
1729,0.006022202032389083,0.008707882808501122,0.015018553043688272,0.0034905835162203883,0.004404762108339017,0.004559527344114058,0.007308521906905121,0.014629468479849217,0.004572631219551318,0.005347977012939256
1730,0.006002146866853012,0.008780444654039333,0.015102209861448446,0.003586126528040127,0.0044660847503596515,0.004543770962551308,0.007375803131495559,0.014723096209906772,0.004666562615112843,0.005468138867700742
1731,0.0060091803820745025,0.00880422011023448,0.015098421823624381,0.003588081833751935,0.004535528112913804,0.004551170425144907,0.0073987795385583,0.01473196624300305,0.0046599221880037275,0.005580939674086104
1732,0.006039735606312376,0.00880287326677483,0.015035380772214781,0.003522722508460624,0.004589918707247907,0.00457730945900201,0.007403708317679903,0.014678690626134876,0.004582904782331355,0.005650711734944046
1733,0.006067009193341851,0.008810658735054796,0.014966717962780951,0.00345996418229453,0.0046042395509064745,0.0045988816071972,0.007416364837318287,0.01461399304310471,0.0045103088892437665,0.005653112332830689
1734,0.006071880925652841,0.00883371756313537,0.014931019651033611,0.003458101408581021,0.00456951670752791,0.004598423404561581,0.007443561982864745,0.014575637952295677,0.004507651777229996,0.005586256773708413
1735,0.006070260728852221,0.00885703980399581,0.014916975279605863,0.003519725904210378,0.004520459201078515,0.004592456090422257,0.007467194477900947,0.014558861951479374,0.0045927575293851506,0.0055008763056629975
1736,0.0060809975707471434,0.008858742748228367,0.014902301224128528,0.0036130123532945274,0.004483531444016563,0.00459746894140141,0.007457771958894741,0.014535498924438625,0.004746997621228873,0.005427759121015216
1737,0.006116025607375207,0.008845482429166242,0.014884334449236127,0.0037074617776881383,0.004479726945021957,0.004622562672433916,0.007422157178300854,0.014511237200208752,0.004926183106258177,0.005397395059894316
1738,0.006176605086530269,0.008847129127487852,0.01487654596435153,0.003782348726775048,0.004526320567962036,0.004667456367827954,0.00740072481685966,0.014495948529117142,0.005072881907265537,0.005444376860037169
1739,0.006256118474998616,0.00888248892893729,0.01488477799133857,0.0038147156944867535,0.004623442199631435,0.004724446995267566,0.007416753917838456,0.014495013823211384,0.0051362965038008026,0.005571657848912448
1740,0.006349006658401751,0.00893641977310288,0.01489284162426224,0.0038114133429806075,0.004745114870244475,0.0047940810137622365,0.00745811537084876,0.01449592135453882,0.005133975065675466,0.005740722682024323
1741,0.006446038558729509,0.0089826242615628,0.014875806677991403,0.003782383593711383,0.0048558213901503935,0.004872975283793611,0.007494796307592519,0.014481906299220445,0.005097078170488679,0.005892547565220446
1742,0.006536302808189992,0.009011361983845362,0.014825518907894276,0.0037401095135391666,0.004927559101226825,0.004951381415295303,0.007512122660684777,0.014438113261253369,0.005048435882548087,0.00598317314377912
1743,0.006607687178576431,0.009032489225827138,0.014747239965163052,0.0037093257056245435,0.004941353649268601,0.005015065974089262,0.007520877707570165,0.014367961541053097,0.005004071413612097,0.005987463292036964
1744,0.006647209678811572,0.009053188917368345,0.014651270219674594,0.003711898150736825,0.0048785295893755765,0.005048691348802173,0.007526578561271766,0.01428465406631594,0.004976323502615258,0.005879962611616291
1745,0.006653318452237224,0.00906661483358769,0.01456004287786874,0.003755217350207983,0.004777449781743645,0.005049274118128242,0.007520698576842901,0.01420178459728752,0.004980769645351297,0.0057188030781905215
1746,0.006629240415537327,0.009056497004974462,0.014501302631687397,0.003832527500679573,0.004710591883809176,0.0050215078652965164,0.007491854568218088,0.014151885535554081,0.0050321147803944425,0.005613832255580978
1747,0.006584781562754429,0.009019721024208631,0.014484211903899872,0.003923890670970745,0.004725803614098334,0.0049732346113154765,0.007439118593634473,0.014129670230930072,0.005122259943612608,0.005636886811283339
1748,0.00655896335426131,0.008997922367688038,0.014480817296212964,0.003998177275393498,0.004801245819043791,0.004940575750389345,0.007408053326771346,0.01411609822238587,0.005212197693685543,0.0057488652383934314
1749,0.006587071681442582,0.009028576637908892,0.014461025935304938,0.004021557655432959,0.004895321164882914,0.004956709965023573,0.007441690535011253,0.01408677815475343,0.0052601930739724695,0.005885081718488645
1750,0.006665935944281886,0.009114949057155097,0.014435155618545165,0.003992397440769243,0.0049751137713224015,0.005017043951398144,0.007536267347944693,0.014048404864457386,0.005253224437002977,0.00599345535949682
1751,0.0067555656652766635,0.0092375421393793,0.014455888184776906,0.0039428071103947806,0.0050196453847164875,0.005091477378799851,0.007667736809248658,0.014064478899758016,0.005219865829545188,0.006057256050836145
1752,0.006809062097278054,0.00937141250776117,0.014560482622428171,0.00390453988279598,0.005013476496405407,0.005139496432262765,0.007805454515749417,0.01416785000624063,0.0051868216841344595,0.006061044350395924
1753,0.006811188496874699,0.009501681459815994,0.014721048845184449,0.0039054494952212456,0.004990158559757185,0.005143365518883717,0.007928346958566377,0.014325210198593102,0.005188749278634009,0.006039978873242005
1754,0.006758998263276342,0.009608323242960997,0.014882919030074155,0.003964828186291305,0.004989150357040832,0.005099164084721699,0.00802020185656767,0.014497172321571938,0.00526039720810831,0.006033863642524983
1755,0.006674758815874917,0.009678948830211188,0.015013367544914079,0.004076468108734449,0.005030639107676779,0.005021184175865864,0.008065387162108629,0.014616880177494157,0.005395690686048377,0.00606109987646859
1756,0.0066108729081267425,0.009700628621025035,0.015100279521776372,0.004182149862149407,0.005105109758882752,0.004958497676475272,0.008060848477042738,0.014698642248426638,0.005526603108389834,0.006129416130425389
1757,0.006616200276135483,0.009657203045435842,0.015135106400701613,0.004217602708434167,0.005195491772378459,0.004957705121789759,0.008006669231793186,0.014734614015185367,0.005581614863675386,0.006235334996526256
1758,0.00669356894948954,0.009589058250569117,0.015111212376292258,0.004184543550947694,0.005288610691808695,0.005020797995458102,0.00794012104267248,0.014724113198663395,0.005556678332712318,0.006359785288130792
1759,0.0068153515786736054,0.009565181564227497,0.015021988212629109,0.004113487477746313,0.005371709939539661,0.0051211347763958715,0.007920172140245254,0.014635390165549994,0.005478412968697197,0.006473891750379887
1760,0.006941884656542622,0.009623911877414336,0.01487013274846299,0.00403364863857373,0.005429482447753457,0.005226791515950696,0.007982990915122957,0.014484914434005547,0.005380986401628799,0.006553249752446365
1761,0.007023654094917936,0.00973462196633839,0.014700129244614718,0.004001317761988569,0.005463422386448721,0.005294556270345332,0.008097514372648494,0.014312215516791314,0.005329495485238042,0.006601498699092308
1762,0.007011444997546855,0.00984689443432928,0.014549649276225872,0.004061457006260882,0.005476958741542305,0.005327297487494738,0.00827870531435722,0.01428505596432465,0.005425188355558317,0.006683180776224903
1763,0.006926280369765409,0.009929868175398114,0.01443881184624562,0.004198805416222944,0.005478276415821802,0.005223992612072598,0.008309874206794032,0.014104733842266409,0.005539664764346779,0.006657853307784648
1764,0.006827228421190266,0.00996074665048085,0.014359617711324374,0.004348035086431302,0.005464579496715668,0.0051217253270729275,0.008307327789284,0.013986650622621987,0.005697936615289662,0.0066240129380579355
1765,0.006761097690560453,0.009934204449867786,0.01431148685301677,0.004453671730075454,0.00543214322353784,0.0050591620519678405,0.008267456435808453,0.013941291552759336,0.005847168404938868,0.006571837839655606
1766,0.006741990975824286,0.009882291085480076,0.014297068341148203,0.004512216822228391,0.005388604040077296,0.005034149145666351,0.008202278169540896,0.013922473351233597,0.0059532054226969595,0.00649492817232739
1767,0.006774779198483969,0.009858607340977392,0.014324594144093655,0.004535097941811368,0.0053407264318059595,0.005053339256172464,0.008162042700006924,0.013935556043184116,0.006012396167149277,0.006407353221862213
1768,0.006846389065554176,0.009876913395265217,0.014388004246055353,0.0045373987429857985,0.005304454234065025,0.005108326768974187,0.008168213322623722,0.013995494430089657,0.006032136636517868,0.006335440214923613
1769,0.006922707692023935,0.009916909176143822,0.014473563692011589,0.004517464464844367,0.005308581810633044,0.005166291930644056,0.008198627368899267,0.014076380530344174,0.006008559778791761,0.006316973332424716
1770,0.006961780830018062,0.009944595151053686,0.014556939226123352,0.004448015163995687,0.005359963135785819,0.005188394228769568,0.008219698663758582,0.014155387158012903,0.005917263188812875,0.00635733344397006
1771,0.006955312901515893,0.009948788664699388,0.014636239446396757,0.004362546757611479,0.005436664982729343,0.0051714968603303706,0.0082235636586357,0.014232572776237623,0.005800213317155297,0.00643885556199529
1772,0.006892908298747469,0.009928671687105069,0.014714952398069655,0.004320260572702586,0.005506099964693422,0.005107710495123154,0.008206517824878396,0.014321275981808275,0.00572205541188617,0.0065277543521376595
1773,0.006787890733995892,0.009911925062379185,0.014785123085644433,0.004351149286280755,0.0055536470306357865,0.005004570611314865,0.008189983997712176,0.014384950540749166,0.00571766723562534,0.0066033230832601725
1774,0.0067119891860888846,0.009960248005858307,0.014798864298855682,0.004433941398119794,0.00558870719405809,0.004928917913043754,0.008235540430261437,0.01439356774675196,0.0057763450762933375,0.006669499447485305
1775,0.006744144437143184,0.010129555065257631,0.014716143675099744,0.004532711046930775,0.0056191361292566725,0.004953008267476568,0.008393899658269685,0.014308734043253389,0.005871836453353059,0.006725073216212658
1776,0.00688377712047613,0.010375754409305056,0.014566590980656026,0.004612274471317912,0.005642714499136343,0.005076852470683632,0.008628068699589446,0.014159705596160222,0.00596631579734793,0.006765380695974388
1777,0.007069748974574581,0.010596020288978712,0.014418524713976736,0.004639712098830272,0.00564692119089505,0.005240924976011474,0.008836721167068094,0.014013210111237281,0.0060138630602519115,0.0067712832055408225
1778,0.007243123934828257,0.01071771643005107,0.014323319372410591,0.004618669004539898,0.005631562678908481,0.005391900151461199,0.008952453102168105,0.013912075189829745,0.006014469350924223,0.006747400062989003
1779,0.007364778862347228,0.010747573334832885,0.014274259108650997,0.004614900119310501,0.0056291003031375885,0.00549716574712876,0.008974887250706878,0.013860284877445983,0.006030685562466812,0.006738174783745256
1780,0.007401018642320196,0.010700302856511789,0.014250334745609551,0.004668360490917111,0.005666020064633697,0.005529376167518393,0.008912518522048411,0.013839943644243347,0.006097869839402602,0.006777785848644688
1781,0.007372358407725289,0.010611299187514458,0.014253913948375949,0.004757397751117762,0.0057295371717494435,0.005503192737492031,0.008794291375347691,0.013845261111035735,0.006191309011229055,0.006843923947673414
1782,0.0073116736879398755,0.010498189197175406,0.014277942502696218,0.004814053025623016,0.005764196238355206,0.005451642922869034,0.00865521006284443,0.013870216280445888,0.006250842892588681,0.0068704614564629755
1783,0.007245841898536447,0.010374663795903518,0.01432344919309805,0.004788088225550791,0.005737703876965651,0.005394247618046126,0.008512037149712945,0.013914033064545932,0.0062269966157446404,0.006812935175569905
1784,0.007222957283662756,0.010260545947861969,0.014407570598574103,0.004699598806487174,0.005696335267043832,0.005371798303387898,0.008384150661871436,0.0139921483349425,0.006140003597418792,0.006736642117879248
1785,0.007290881927838466,0.010171113603014136,0.014546050398315037,0.004576014160571279,0.005694819700599165,0.005428608100322091,0.008290380193483101,0.014131892146419195,0.006021354149345316,0.0067219110901533445
1786,0.007440713835543124,0.010114170533386924,0.014710915786889465,0.004461207766883532,0.005751689202533829,0.005556973575548999,0.008236148377907346,0.0142953173142351,0.005909945659269836,0.006792180455502904
1787,0.007605926229060884,0.010088149026962829,0.014826406546617392,0.004411454622888255,0.005843505854833147,0.005702309765949083,0.008220308573039991,0.014414282189230142,0.00585457276526264,0.006913217304687095
1788,0.007731327084968784,0.010094801152859254,0.014845974928549577,0.004459738504510686,0.005945237257837677,0.005813475194908642,0.008236329771871496,0.014429067273563105,0.005882845158133125,0.007043443571923703
1789,0.007804799459286887,0.01013896759610958,0.01480618544850239,0.004573133126972055,0.006051242484840674,0.005878861078828662,0.00828932234794134,0.014390718064258887,0.005975468733384166,0.007180296637845285
1790,0.00782670264482293,0.010226399772618357,0.01477376043688873,0.00470214799268074,0.006164035111711948,0.005891534078518978,0.00838446657653279,0.014354678526474934,0.0060964076512078046,0.007327305893711604
1791,0.007813221225569973,0.010355590797796745,0.014776190070266482,0.004806722403154498,0.006279361335467799,0.005864880718658394,0.008516493266905546,0.014353919227679859,0.006207126156290138,0.007478198719060945
1792,0.007794517643944602,0.010499462012087254,0.014791383851735848,0.004862853665114941,0.006374393108672108,0.005833988939986012,0.008665288865652189,0.01436649991525695,0.006273963143902229,0.0076033774726027206
1793,0.007788969530691183,0.010639765155794238,0.014804081870879225,0.004859971556967565,0.006422483700435828,0.005818334736548874,0.008807162454932224,0.014381729968523929,0.006276069015109455,0.007661551972770703
1794,0.007780270865599036,0.010762274706230661,0.014799429412031339,0.0048402354306508084,0.006425587649478727,0.005806861981744894,0.008929918454113858,0.014385680253566728,0.00625590435070108,0.007660325925758795
1795,0.007747864675177553,0.010860023824070943,0.014767935565708898,0.004851740786423253,0.006399318188745114,0.005780130207528754,0.009018613595927448,0.014365256779161712,0.006262883080002637,0.007622067010845736
1796,0.007679257277696248,0.010924644348720832,0.014706039728122582,0.00491106765189821,0.0063552405536781926,0.005729205124241153,0.009067688161837027,0.014317534983904366,0.006319985126718547,0.007566483361005524
1797,0.007580207434866696,0.010966055207216453,0.014650481371407816,0.004993050143876453,0.006307060841647735,0.005650271566260466,0.009087150327648957,0.01426968677553955,0.006405405444346879,0.007499844351496672
1798,0.007443286136012881,0.010982964684962784,0.014629188572490848,0.0050542147706307385,0.006253221327197797,0.005534776328284791,0.009088564635498484,0.014249527184299787,0.006485125770116002,0.007420367836129647
1799,0.007312779940226384,0.010980965904516292,0.014648450239703088,0.005076635815670004,0.006204285246460163,0.005420549333053154,0.00907780498957275,0.01427600952117931,0.006535809484768464,0.007345430509053626
1800,0.007256997078811948,0.010964144136256121,0.014694556643258899,0.005042947443299759,0.0061752645523251975,0.005365796128930258,0.00905208440534755,0.01431817314927394,0.006525798550210836,0.00730239890885578
1801,0.007306371908736376,0.010941900183708024,0.014744805234453817,0.0049581725832145715,0.006182865388910044,0.005399924593611291,0.009027173448443542,0.01436913835748725,0.00645932834197297,0.007322228296229272
1802,0.007423473675174714,0.010935019868777039,0.014761476363158707,0.004883671716265467,0.0062444928410019,0.005489707785078024,0.009026172009061126,0.014385837953842484,0.0063990521694057365,0.007425517060224242
1803,0.007567678522607398,0.010960525815889615,0.014712802734552718,0.004873595834805673,0.006362506883416972,0.005605124403616073,0.009080661208703295,0.014350894864169975,0.006408046121654491,0.007616530483471826
1804,0.007716697655460237,0.011033523970776057,0.014610260220202589,0.004906150280526082,0.006488080901604222,0.005725856106987758,0.009187268527595202,0.014260679724747304,0.00646353516064809,0.0078103014469198375
1805,0.007843527987337213,0.011151080337337312,0.01448627180691715,0.004918683640468399,0.006545075173114517,0.00583327363786908,0.009330589567950479,0.014146134347931761,0.006509946997214538,0.007892853145928688
1806,0.00792475218917573,0.01129586726105948,0.014379062617669148,0.004883241954278224,0.006499022016795389,0.0059058550389322,0.009481248437060686,0.014030441865690713,0.006519424412905134,0.007809995967092461
1807,0.007966332219499819,0.011423091974178803,0.014320015929117344,0.004840059612799938,0.006396953811831874,0.00594847398360331,0.00959790434909886,0.013981757674944804,0.006521131023795251,0.007639842527982784
1808,0.007980480983066775,0.011489397007204886,0.014337000317998002,0.004832985643658837,0.006291135771000418,0.005966227856011056,0.009633821750277948,0.014014270191654214,0.00654005265347334,0.007461191869746992
1809,0.007977732501316169,0.011486567626065074,0.01441303187357819,0.004856842971881611,0.006214756260679912,0.005968653312312223,0.00958964163319161,0.0141281164125008,0.006565856597893536,0.007326944370699761
1810,0.007966801562808327,0.011428660368075662,0.0145035413318359,0.004865065434967144,0.006194518116261698,0.005964867566905384,0.009491047146943146,0.014249617579717122,0.006556610168488453,0.0072775958718130935
1811,0.007952366935043366,0.011324674179842054,0.014561576930749292,0.00483315674136016,0.006243129865596003,0.005957203592729565,0.00935401830303052,0.014323174809897546,0.006491894977134701,0.00733007216101604
1812,0.007940671918167134,0.011202132614009729,0.01457084532819956,0.004797070483715608,0.006347684107558444,0.005972522576356886,0.009239926672264405,0.014388014946989599,0.006445489109000933,0.007493569872252759
1813,0.007918746727352101,0.011071795697830634,0.014513108116588158,0.00476874008171742,0.006480909813670336,0.005980093928651273,0.009139151186452577,0.01438557346913437,0.006427233033537656,0.007709188749970584
1814,0.007888065652328167,0.010967017515566063,0.01441480693207401,0.004761905099533504,0.006618143687476931,0.005902057762639438,0.008961824454172167,0.014159706563696667,0.0063745361588666,0.007836771483489489
1815,0.007864514366267915,0.010922897470456477,0.014322358734240771,0.004809920642733487,0.006730290296659116,0.005879234043174622,0.008925036785789507,0.014057681798290493,0.006452434772732997,0.007996944200941077
1816,0.007860673478010335,0.010948579340589938,0.014262776797253395,0.0049301755914746385,0.006790075946336481,0.005873957681237629,0.008954671677095358,0.013981556562109573,0.006615329575650599,0.008080955632899171
1817,0.007878475091536427,0.011010316114423465,0.014232300138192022,0.005075808851979078,0.0068017938800532035,0.005888773333973705,0.009018739289020805,0.013948942275221017,0.006798458198315989,0.008094763475302824
1818,0.00790552178933214,0.011061630226066908,0.014214327288132404,0.005172497172691753,0.006773020436659836,0.005910702464201155,0.009074136556387445,0.01394040703149336,0.006909147475942725,0.008047015222687503
1819,0.007934178866689852,0.011096696321994328,0.014205960875366555,0.0052000692644896965,0.006722703111328619,0.005930911743307422,0.009111215422276506,0.0139459859968386,0.006927449567630768,0.007963990718895983
1820,0.007961481684037874,0.011130655745244463,0.01421396221578591,0.005176023833438506,0.006672780178327631,0.005947350624846583,0.009140777533334619,0.013969196819151137,0.006888871363816027,0.007881465060825887
1821,0.007978969737900838,0.011166075493990388,0.014230612211458363,0.005104972059503156,0.00663159935575406,0.005960146189178548,0.009175520609606271,0.014010843512302631,0.006819514885430669,0.007826519168437249
1822,0.007995378820150426,0.011213305213942058,0.014250129406857036,0.00500705540400203,0.006589117951627533,0.005974828025868766,0.00922623589075134,0.014059238976659073,0.006732300460180075,0.007781766894087236
1823,0.008018268843333185,0.011270738711987525,0.014267480550100091,0.004895578350454801,0.006520629373658665,0.0059938124770993525,0.009290110907937597,0.014085722105627115,0.006628257047515175,0.007705125755178755
1824,0.008043805744541941,0.011338959677148493,0.014282810815056285,0.004793769598767502,0.0064250150771388076,0.006018722736946938,0.009372788172107207,0.014117860999576315,0.006534590019777761,0.007598468022753269
1825,0.008065604103340984,0.01142805836121968,0.014311508440641992,0.00474057547802014,0.006325264100625694,0.006040208021699238,0.009480086421429692,0.014145364804646236,0.006493402628939506,0.007487018894417664
1826,0.008075590247679445,0.011536233446203028,0.014352870609708596,0.004751412640479592,0.006232419087845523,0.006049013100410664,0.009602063239931053,0.014178052079436029,0.006521245600513377,0.007379416571604175
1827,0.008082666748079304,0.011621140465420357,0.014373098241697307,0.0047927157969424455,0.006153481994527224,0.0060569800922372725,0.009698025449112779,0.014200898204699934,0.00658006086728559,0.007285570859023489
1828,0.00810214086732353,0.011631798381302157,0.01433801503654067,0.004825620426072236,0.006095763964376501,0.006107009923191533,0.009758429980695843,0.014241410180435905,0.00665434074873237,0.007244382532324478
1829,0.008137215494281511,0.011578098946938176,0.014259605944137273,0.004858564395211961,0.006070179050781482,0.00615618702039045,0.009718782083181537,0.014217054135042498,0.0067033316513672786,0.007216435419062899
1830,0.008179045629610847,0.011528102142496097,0.014194658661650168,0.004926786840919777,0.006094820535616188,0.006155074761432651,0.009587464333044938,0.014085499904984988,0.006729475456502355,0.007185857533180619
1831,0.008219435660312696,0.011529865867993223,0.014190591338627524,0.005030813611550797,0.006177505935425158,0.006187757546347702,0.009565300227785583,0.014102368599257018,0.0068436844494917225,0.007277215993789053
1832,0.008269916501068704,0.011571828577132558,0.014258558410371958,0.005125483910994636,0.006293400778489825,0.0062212923124800226,0.009576638681432856,0.014177259056635225,0.006946338223046329,0.00741579764989903
1833,0.008340345039672707,0.011609894545894759,0.01439572512121917,0.005169514981426254,0.006402328207637259,0.006265775061433374,0.009582733020466165,0.014305443827056443,0.006985942278102821,0.0075524504312463785
1834,0.008424910453238604,0.01163087560991216,0.01453547553615011,0.005167064362873451,0.0064985424020878695,0.006325012658572152,0.00958116286239902,0.014432534935102678,0.006968133761521335,0.007680593034335856
1835,0.00850615338393562,0.011666296464988913,0.014584817362515502,0.005145618401736162,0.006615889932637777,0.006385728925709253,0.009608625129389635,0.014466079159507837,0.006928617744220614,0.007833863480611818
1836,0.008546126859560008,0.011721569883681815,0.014475628515772512,0.005110023358781353,0.006759761849668643,0.006420323683431241,0.009680979966851314,0.014346078481406578,0.0068848340159880575,0.008018963962473164
1837,0.008541370477391057,0.01179505833409069,0.014303127363560084,0.005074914112107275,0.006902694465496219,0.006420595296023213,0.009785233630131082,0.014165700958131381,0.006852627279847276,0.008197378171817503
1838,0.00848760402911256,0.011868729798374151,0.014169983509804708,0.005054752679235671,0.0070059600111282575,0.006377479343325092,0.009891634393778668,0.014032268237369907,0.00684467166402162,0.008316202676443752
1839,0.008417061624801183,0.011951565691683885,0.014115021987037034,0.005071803524367595,0.007064081036129885,0.006316499574912544,0.009992486474201907,0.013981952164516984,0.006877201125486714,0.008370912560379135
1840,0.008366742358416838,0.012046134694449408,0.014094105923585249,0.005127745009692382,0.007075031597678548,0.006278472087554787,0.010086914888252824,0.01397067299497785,0.006946490463198654,0.008373234648448958
1841,0.008369638689021838,0.012161907559909079,0.014087033985107135,0.005204946608264091,0.007049964726562735,0.006291884219244446,0.010178474151543413,0.013987783805530325,0.0070315232523979745,0.00834369454014136
1842,0.00843976635141882,0.012288456626398535,0.014103191003118758,0.005263631251988928,0.007029882017653385,0.006360641996828542,0.010275143971223208,0.014040804622893888,0.0071008089417813934,0.008340560480157902
1843,0.008581794752473131,0.012411610680669587,0.014146598663465649,0.005262467127254962,0.007050908653336397,0.006475459879196803,0.010374385413251528,0.01410925159957885,0.007118057958646342,0.008407037979803652
1844,0.008756857344787088,0.01250522822395299,0.014188986007706059,0.005218753688182774,0.007109148313487848,0.006608301233749095,0.010460951263951053,0.014184168015741025,0.00710223076601221,0.008532402016323187
1845,0.008890443489914836,0.012536736779364503,0.014183974028600072,0.005177037916856334,0.007178670989638543,0.006704849142136055,0.010495278654880019,0.014212594289654337,0.007092673541515307,0.008667933811496576
1846,0.008926607131829562,0.012485043368404568,0.014107517132163449,0.005155946457508369,0.00723102578096793,0.00672897165921182,0.010462801880736046,0.014178664905786585,0.00711015540782636,0.008772025456578665
1847,0.008891437516749201,0.012397350115055326,0.014010731898642848,0.005160712065128621,0.007247744523178731,0.006693024136853047,0.0103854193189523,0.014109194470497247,0.007143711284401612,0.008796840723294735
1848,0.008810795369291606,0.012308433660078508,0.013934605348280164,0.0051883616059612845,0.00720981407965096,0.006621933364149185,0.010291447579730844,0.014038107138900116,0.007187068755680723,0.00871302882752609
1849,0.008706449983864046,0.012212937112692999,0.013887824656048197,0.005232365095853588,0.007162026252592504,0.006532873505597645,0.010174910394809337,0.013980736052767059,0.007233923154041608,0.008591743751882229
1850,0.008598484300514833,0.012081902614229261,0.013857773843917245,0.005281751825421265,0.007174797450553527,0.0064338797447779485,0.010000605727125673,0.013930031582961695,0.007271137543670836,0.00853800858842209
1851,0.008552583370797413,0.011969293947453677,0.013860052980203059,0.0054332648543763224,0.007330233624019862,0.0063615436954693365,0.009808903605443599,0.01389235955640111,0.007312180061513708,0.008627089996949082
1852,0.008532359829941584,0.011833027607224498,0.013873451259331503,0.005419002391706133,0.007431617114044737,0.0063401483801962515,0.00964069093538382,0.013895376412747837,0.007274272446771831,0.008734139682558323
1853,0.008629642955772157,0.011808783165453609,0.01397765769247778,0.005334046237381576,0.007486302558634715,0.006419073514255099,0.009605904631946853,0.013992885959890804,0.007160823525428034,0.008800325974483946
1854,0.008789165834567734,0.011870613063154319,0.01412477269133948,0.005238347962056198,0.007485736620385071,0.0065561314175717565,0.009686064488436572,0.014134914647148406,0.007045426546028029,0.008814757436952633
1855,0.008917051577171266,0.01196579095271084,0.014234363788494875,0.005228863505159045,0.007444911891997168,0.006668616134162406,0.009815134762314544,0.014244710828412053,0.007034070761170462,0.008785138298493358
1856,0.008966804810025871,0.012054830052004605,0.014256212643442857,0.005326132390690364,0.007379609095513388,0.006721505607483235,0.009948008383452394,0.014283675547357532,0.007151129494862002,0.008729541311318364
1857,0.008956344757474108,0.01211957219417551,0.014183667141048698,0.005435235063919895,0.007312886443509338,0.006727395077038377,0.010049786618452383,0.01422493214523585,0.007278802463966211,0.008670494444609248
1858,0.008896261185712429,0.012148757988182574,0.014021635537536492,0.005467809797875123,0.00726261128464655,0.006688373032056711,0.010090566412125072,0.014056996807183105,0.007308954827073166,0.008619959457068423
1859,0.008810491457182061,0.012160170300170256,0.013834804471477143,0.0054579278333301805,0.007239748233049599,0.006623808551320855,0.01010110163641626,0.013856620791491385,0.00729151044039174,0.008594177185160753
1860,0.008726991635872008,0.012185415045240337,0.013707088287891375,0.005481859343335458,0.007246775158544971,0.006558102384342877,0.010130361572809086,0.013721822971233378,0.007333153718788928,0.00859947578414287
1861,0.00866626387747525,0.012229911192267157,0.013668524189925525,0.005557162255474975,0.007278799699772484,0.00650359386901108,0.010183922967383616,0.013683155376530216,0.00745130438563627,0.008625956936299932
1862,0.008640379319434623,0.01227512263951641,0.01368752598537604,0.005630892739517168,0.007327123717062044,0.006477445956174462,0.010241623954347369,0.013691867307168152,0.007575268960801521,0.008674310348537394
1863,0.008643815315746385,0.01229037083170006,0.013721346775877474,0.0056497822285004945,0.007378321565116562,0.006481107188799073,0.01027257684064676,0.013726363416502454,0.007637025206282154,0.008741593937494484
1864,0.008658469343227245,0.012287207097919424,0.013751198925165683,0.0056490147489916325,0.007429854339948194,0.006489729110789838,0.010281248072310678,0.01374629625304572,0.007660035759137298,0.008822211689988754
1865,0.008651155532596317,0.012282373283256421,0.013753057723972232,0.005679282383268378,0.007461703941369534,0.006467528393411457,0.010286477398717115,0.013752580119461661,0.007691576035360715,0.008888573776495583
1866,0.008630892544841878,0.012290875965857626,0.013743614887489911,0.005743940973574409,0.007444490446456182,0.006428375280572962,0.010297583070783819,0.01374454089977648,0.007738289724864408,0.008896725489907071
1867,0.008641916341057399,0.012310544359241303,0.013783541854965007,0.005794084848337979,0.0073424819715558155,0.006433374027954257,0.010323567957771342,0.013800603180649372,0.007768001834141355,0.008799943440298889
1868,0.008704438112274029,0.012343441258826268,0.013913926652117378,0.005787186233768722,0.007140858993832451,0.00649923081190015,0.010343450538370463,0.013926204858527282,0.007737588771056635,0.008555264151638936
1869,0.008778204036002404,0.012371958280911187,0.014073818383057346,0.005758963672385353,0.006951514230821277,0.006582720828728471,0.010360484590601016,0.014072004349261502,0.007700335946326367,0.008314540561180155
1870,0.008791471846378173,0.012381280907312841,0.014162076742821043,0.005752787121051265,0.006901000622439393,0.006610851390897814,0.010378368609420966,0.014165963351992496,0.0077186730214596575,0.008248373476087282
1871,0.008724022049422013,0.012357681009639512,0.014142464306435404,0.005761842638271891,0.006993359932161323,0.006556450190229299,0.010372993575355751,0.014147986660741017,0.007759815344443336,0.008354361897751243
1872,0.00860943123479623,0.012306342930015894,0.014047210467764571,0.005735276664014357,0.00714663659694848,0.006456385003807967,0.01032917576577257,0.014070675136884463,0.007735066589469758,0.008531333906837761
1873,0.008480212828591667,0.012237425107028748,0.013903801774417692,0.005633406176679919,0.007286611538978314,0.006336887794312115,0.01023143205831535,0.013931669913309932,0.007573872404553984,0.008675656293524337
1874,0.008394794219213601,0.012211152887749486,0.013768167505126232,0.0055165590968537575,0.007402862766062332,0.006258666805887642,0.010168078593896132,0.013803934535541414,0.007377866882918022,0.008792398332842668
1875,0.008402093967304956,0.012292706533280467,0.013699818177925644,0.00544962377310751,0.007497352702193583,0.0062649022635927745,0.010222315871549119,0.013732933396703707,0.0072595906218008545,0.008894170182887831
1876,0.008479066419992583,0.012445141557950672,0.013696404094519362,0.005430478606073393,0.007555098659730651,0.006332566843616057,0.010358274687329732,0.013718521837454641,0.007223927640558375,0.008957453794254857
1877,0.008561688244758546,0.012583482386321412,0.013736567971432873,0.005424852046414732,0.007552851833034363,0.006406284026695626,0.01048899426536719,0.01373837209014155,0.007227551226172695,0.008946059764195168
1878,0.008604341650518108,0.012645167206860571,0.0137963482380462,0.005410329202042128,0.00748343773971419,0.00644807302944904,0.010554483209562178,0.01379183609871031,0.007242006281745757,0.008852832635631415
1879,0.008637166402872454,0.012631167121746768,0.013846683592986214,0.005408427947515171,0.007381213919039895,0.006480079030676044,0.010541695257105492,0.013835335613016503,0.0072707315017647815,0.008717428297281584
1880,0.008696365167010557,0.012549841260503628,0.013863528598256866,0.00543804408755985,0.007277879136457648,0.0065360070899672384,0.01045507375656949,0.013845239794642005,0.007323459944992602,0.008583907714847657
1881,0.0087697015659487,0.012438316648264293,0.013850133266786814,0.0054931372951924845,0.007206788625533912,0.006602288247205567,0.010326226932484939,0.013824942742559878,0.007393760854997701,0.00849106770154699
1882,0.008795798791786814,0.012326674892106369,0.013798385488179393,0.005546774394407072,0.007186506752007192,0.006629790884159506,0.01020569743724807,0.013785352281662628,0.007467978377697325,0.00847019624894014
1883,0.00877182495186026,0.012244227342764294,0.013726571251889207,0.005596922578357514,0.007219695868799071,0.006604614314325484,0.010108430243638826,0.0137214615737346,0.007537900138918263,0.00851264420784909
1884,0.00876618449959906,0.012167132760960578,0.013659976972781292,0.005641082422062365,0.007282515285817117,0.006596107532544342,0.010030896437957354,0.01366482974092852,0.007609538905054549,0.008608333938608017
1885,0.008835079581001123,0.012076370061313966,0.013619610338583497,0.005652917647191305,0.007347830180872271,0.0066502662693236,0.009952303079879132,0.01361750868638471,0.00765364103660698,0.00872350995452312
1886,0.008969813451899643,0.011982539937551514,0.013612551889577305,0.005645385060833687,0.007394020949551793,0.006760237353458151,0.009875067771780337,0.013578973015923973,0.007669274072185578,0.008813424545954187
1887,0.00912615453440433,0.011901807393527603,0.013635824611718935,0.005648540108308211,0.007396552854339155,0.006893854276131241,0.009806422084993013,0.01356504961407051,0.0076740495610067554,0.008832173257636773
1888,0.009256134351641477,0.011856652672251597,0.013685014835364412,0.00568334425444307,0.007360129654205551,0.007014359112930729,0.009776014976342206,0.013574172664235908,0.007690326031126501,0.008794505791429815
1889,0.009301320588064694,0.011872789926115138,0.013735063219336718,0.0057261082168865475,0.007310128339939988,0.007063942453840444,0.009803051457671035,0.013602521622041775,0.007698600218367163,0.00874580604233897
1890,0.009226394445436362,0.011950493463836032,0.013771267185546332,0.005736111937321216,0.007265584468666849,0.007010439588368784,0.009890473512468622,0.01363269439181602,0.007672685139640001,0.008723905655844097
1891,0.00906783800885874,0.012020063460970211,0.013787308971613456,0.00570426143208144,0.007207325389471824,0.006884046371103958,0.009974142059446092,0.013659739298006632,0.007600235151619528,0.008684284231468765
1892,0.008880687965231969,0.012014558591348524,0.013777263631271745,0.005614151593880107,0.0071074629903780506,0.006725312510620721,0.009978221488382845,0.013662865880490259,0.007455891665201167,0.008560495721722308
1893,0.008726551872366728,0.011951265928511307,0.013733186299129452,0.005487303502744439,0.006975101864445092,0.006592961257877149,0.0099203727680874,0.013626901584793086,0.007272556984854453,0.008373927611399731
1894,0.008655116706530864,0.01189737733502363,0.013651589910658438,0.005380356797727148,0.006828360913948166,0.006539126201148422,0.00986966745211005,0.013566509657758461,0.007130447259048741,0.008178786541954116
1895,0.008676778584203798,0.011883456558948196,0.013551925944953426,0.005323770564705551,0.006692882160945008,0.0065738642984946565,0.009856031181282695,0.013488324726510816,0.0070728750403342405,0.008024045969296638
1896,0.008733055285744338,0.011885588838004018,0.013504369454712372,0.00529196441507213,0.006651148083815086,0.006635661572797938,0.00984913616661911,0.013460168521156689,0.007067170517235779,0.008014016102197838
1897,0.00873570279064569,0.011863801282707368,0.013558075912482929,0.005247025657454097,0.006763001286821095,0.006639244971043229,0.009814796917548984,0.01352266319949621,0.007068526500057377,0.008220186975928466
1898,0.008679588320916275,0.011824655283196787,0.013684309020049759,0.005191505960020117,0.006936988780501622,0.00658529557859118,0.009774838941670496,0.013661843781377548,0.007068057562003056,0.00850644657007747
1899,0.008595631887730349,0.011787829859497806,0.013817731529559191,0.0051399866455036644,0.007004318535222295,0.006495725102625044,0.009743168527564426,0.013783963375573747,0.007049115290720288,0.008615695563742216
1900,0.00849335689864292,0.011763065089339322,0.013910406667924745,0.005086475738916444,0.006913217126075381,0.00638776356554917,0.009737764539027449,0.013867563082304621,0.006994850227221503,0.008477872684128442
1901,0.008368720183199516,0.011750536200763533,0.013951887118227027,0.005000203015029964,0.006767954726191364,0.006269178105344193,0.009763122543389272,0.013889928151695163,0.006875470777803521,0.008243087923414915
1902,0.008220119096266347,0.011749595739693725,0.013943870861461451,0.004855662734082069,0.006648739536292739,0.006141662824041641,0.009804754089408705,0.013856910053115793,0.006668245597992699,0.008021515954896556
1903,0.008102827562925017,0.011764946433174158,0.01392409985550894,0.0047206081229917915,0.006582396698358275,0.00605680618840325,0.009872767488129383,0.013823578726744244,0.006465998781796502,0.007872448376097428
1904,0.008087713294738718,0.011805318088026352,0.013935797322714943,0.0046842188075976905,0.006580222949668658,0.006066059236495213,0.009958590377385945,0.013815127320676199,0.006377757763213506,0.007822073835587638
1905,0.008150205995013007,0.011824024428874123,0.01398990327638634,0.004774060854013752,0.006624498339477534,0.006145006122990012,0.010008847975013432,0.013855544388694335,0.006449971020282333,0.007861718555972421
1906,0.00816050721542204,0.011726259504972934,0.014079122998505432,0.0049468125322660724,0.0066747140204016795,0.0061708164313802,0.009912488255327626,0.013936131587062911,0.006644920471528852,0.007940127165241631
1907,0.008055522478795912,0.011472958170593149,0.014190409259793474,0.005144161975158877,0.006700806881885135,0.006077624988356522,0.009621742685315529,0.01402862209451654,0.006889636399531139,0.008007462903779232
1908,0.007962024399920343,0.011184269392491723,0.014264024629697381,0.005305502598090899,0.006689800562000041,0.0059901822540536975,0.009287107659865877,0.01410199953755378,0.00708723139431788,0.008037649927894252
1909,0.007995106784801004,0.010997273352739367,0.014246018812391851,0.0053555541741513255,0.00662767998137639,0.006020709220537163,0.009080649711190237,0.014102969737608903,0.0071373694172739595,0.00799877456652297
1910,0.008129575035172828,0.01093691690703429,0.0141358491034454,0.005299707847395999,0.006536577387119943,0.0061418529916957895,0.009021152516814021,0.014014816187531127,0.007046533007078495,0.00789955517088111
1911,0.008296630779124127,0.010968505126082884,0.013962433659515295,0.0051777629679934985,0.0064562244671793135,0.006296928973292778,0.009067123855741837,0.013857153626300458,0.006884657941602314,0.0077873000820115916
1912,0.008435137072712205,0.01103843692898672,0.013780725500264974,0.005021135567545381,0.006407113890909589,0.006436497012497712,0.00916085310536127,0.013690233559437517,0.006698473138350552,0.007696080779240249
1913,0.008489553779082365,0.011095117032260323,0.013691119074222527,0.004866746438464344,0.0063909013366982015,0.0065012258600947856,0.0092269218447838,0.01359377030318409,0.00650723422418387,0.007638714819125905
1914,0.00842300328496661,0.011096409741379829,0.013762781398221126,0.004742996483993957,0.006398440037328358,0.00645528895198963,0.009219370104624378,0.013635598958716582,0.006333518009397806,0.007620928884701576
1915,0.008314439279448537,0.011074327010270474,0.013942583413465374,0.004659472170506154,0.006393570072951468,0.006367009199891534,0.009186791374020046,0.013786763312422129,0.0062031863255029955,0.0076010233592857775
1916,0.008249504306245704,0.011050470774386392,0.014124167653846966,0.0045819119811135525,0.006308807562573877,0.0063121628711765385,0.009172390672942142,0.013942200163753228,0.0061045608716121256,0.0074853030266603246
1917,0.008230222086824094,0.011003064623750298,0.014236553728579472,0.004492313570420381,0.0061428739616329825,0.006292029362457006,0.009156303144271918,0.014031193080922263,0.006006288028019668,0.007269245691974038
1918,0.008196324190192826,0.01089687861517879,0.014254756473486202,0.004419896386352765,0.0059409107775639505,0.006256925947678081,0.00909596066922857,0.01405383764317658,0.005900090701122131,0.007016524567097129
1919,0.008091212434792484,0.010716185022308559,0.014178203938418222,0.004406724992232459,0.005715562154796487,0.006155349276146659,0.008960585217133799,0.013987743813563292,0.005806415709356921,0.006733457667596177
1920,0.007923356334868343,0.010506326013394103,0.014120453448786532,0.004477747198886564,0.005509802803739982,0.005997651631681769,0.008787882199664627,0.013943974518058923,0.005797052720350347,0.0064678958962990935
1921,0.0077048510512527394,0.010300609770768137,0.014179059755233819,0.004593846185062292,0.005396851013933754,0.0058536788444244455,0.00868431102597395,0.014148104818026546,0.005941963669818826,0.006376339791838766
1922,0.0075015129775820024,0.010135829495634194,0.014302871635997538,0.004727421452182776,0.005452106094254988,0.005666520833602845,0.008518436230943865,0.014258531925429715,0.006098972120539703,0.006452720388202297
1923,0.007389842630970558,0.01003079740350306,0.014375421224180757,0.004874497287609838,0.00568584400876353,0.005552461765170725,0.008382955328491632,0.014276598576508604,0.00629109368347381,0.006767227472264312
1924,0.0073953283799386175,0.009983147578042329,0.01435439067714569,0.005010607261758038,0.006005763156602834,0.005566328686484725,0.008329357931378954,0.014251590741066125,0.0065001956045031865,0.007229287711505268
1925,0.007475213424366216,0.010000152450906,0.014272740086716794,0.005059780728893311,0.00624972312350691,0.0056366663563495,0.00832352967098281,0.014145820468097337,0.006577985524915187,0.007583324012455513
1926,0.007572974986035876,0.010092915681395066,0.014149844189021299,0.0049731762817069565,0.006300339682387784,0.005724768541267237,0.008403814577197943,0.014022398771305473,0.006473383048995986,0.007688353121218215
1927,0.007651175758382621,0.010240133619419544,0.013974982036643003,0.004836242533731173,0.006209137791443509,0.005792017608844742,0.008541895812672042,0.013844282614704379,0.006297435888779777,0.007586565989215084
1928,0.007650194309604324,0.010381999284179697,0.013722632182142308,0.00471570537713415,0.006035424273726433,0.005792391318445907,0.008681327571153741,0.013592340391633045,0.00617326171081538,0.007341292087040938
1929,0.007590414572039767,0.010469221736740145,0.013422533911030116,0.004622036625984521,0.0058633540789897074,0.005745558900995751,0.008767821102982892,0.013272567584070832,0.00611158140709341,0.007066931427218197
1930,0.007524933463628017,0.010476487143597432,0.013141011797789556,0.0045529641036650415,0.00578342100643986,0.005708038020013998,0.00878509374978308,0.012988081301020577,0.006087305348582322,0.006914462682433639
1931,0.007459605218778219,0.010397340614207246,0.01292586519861712,0.0045270994863565815,0.005821169679896605,0.005667893116314357,0.00871079416619499,0.012758393642814891,0.0060852856632515155,0.006920647060790646
1932,0.007378534009447812,0.010244537803190235,0.012803818655885205,0.004542372229099538,0.00593619896867727,0.005599662003110384,0.00856080061981492,0.012622249685602573,0.0060972356955274285,0.007035528044641749
1933,0.0072702234780061955,0.010036434508339825,0.012798327261427688,0.00454442126271075,0.006075516485884486,0.005495941299860754,0.008368186865502064,0.012620400027271356,0.0060802601884275215,0.007201558804057385
1934,0.007148791403152832,0.009830627949624388,0.012926836184730773,0.004541423810050088,0.006164831309501334,0.005376641220529161,0.008177992128472537,0.012753624230470231,0.006039294586293294,0.007323608528630525
1935,0.007027391717542936,0.009692039504806732,0.0132022265323131,0.004596117080536657,0.006091542151105732,0.005263146024863653,0.008028908006063417,0.013014378920896304,0.006032080710036363,0.007245531533121617
1936,0.006952918164737713,0.00963849648097013,0.013566608555798585,0.004709182556690871,0.005873732851368359,0.005212535751942715,0.007965514630286942,0.013365771387462208,0.006081140367589791,0.007002015652758425
1937,0.006973991422693382,0.009649403749583731,0.013882120524034956,0.004738738981466745,0.005661989075607245,0.0052492343123042694,0.007968580561019407,0.013660826767573934,0.006054671325045673,0.0067688697190680614
1938,0.007077701594324809,0.009698836786980232,0.014050078045598555,0.004592968394470379,0.005569312050885623,0.005358947873147295,0.008036843959177187,0.013816843513719496,0.005885124656380092,0.006692474699246552
1939,0.007189185983618239,0.009785647520820067,0.014090732256899125,0.004382227988489486,0.005610417992086224,0.005473167857207756,0.00817464058908228,0.013867919026245259,0.005686276430708109,0.0067832732551237375
1940,0.007229161750830234,0.00989676458997305,0.014047239237663857,0.004221623678333171,0.005755586207129502,0.00551591901419761,0.008358504172538191,0.013830159907151057,0.005566006462114506,0.006985479831090137
1941,0.0072128126941342205,0.00999821576496617,0.013950383432469536,0.0041734466261767345,0.0059402108537336944,0.005501200534540474,0.008522579327247374,0.013727541244020945,0.005554144641214934,0.007213864353609256
1942,0.0071692076142464145,0.010026081050837982,0.01381800076245364,0.004254505703220937,0.006068418855013009,0.005463023789697766,0.008578211352251437,0.013592406045769207,0.005639519416390001,0.007351890452202271
1943,0.007102036841538684,0.009946821394473645,0.013670671512032485,0.0044239398039815385,0.006100859661743261,0.005407397900716154,0.008492780136996905,0.013440408668453524,0.00578592498848786,0.007356827679512847
1944,0.0070089273762650155,0.009754970273221445,0.013522225129272892,0.004593220962273811,0.006040010059710118,0.005337848117056591,0.008286493089562667,0.013302032156516992,0.005935117116319208,0.007247696273185333
1945,0.006908988740317466,0.00947533890552604,0.013383982145454247,0.0046579479877152385,0.005872972183587224,0.005266877540146913,0.007985888440036592,0.013166801341941717,0.005987697046765287,0.007005803658276728
1946,0.00685595668242687,0.009210841605789952,0.013296898733674335,0.004535628874027551,0.005610508698249087,0.0052441372842372104,0.007694432785221096,0.013092126651399378,0.0058542464355936,0.00665758472952501
1947,0.006872406412323,0.009032901627376006,0.013295943029267997,0.004195724064121166,0.005297054000931651,0.00527180815764892,0.007460438237511374,0.013094620901505578,0.005481902819339257,0.006259758141456603
1948,0.006929290129116075,0.008969257431679652,0.01336561701977142,0.003832836603152708,0.005045700404967592,0.005320840293158771,0.00734258208323497,0.013147207077663212,0.005074571793107288,0.005960332394962623
1949,0.006967921961204125,0.009009000976578276,0.013460952639154124,0.00366885035317391,0.004888713996453472,0.005352216446826758,0.007399345644512088,0.013250714340758836,0.004882584380870807,0.005777979952786088
1950,0.006953538693723321,0.009120379452757012,0.013550807461365227,0.0037175665599808844,0.00481610685497416,0.0053221445133354,0.007575878650754299,0.013334281258947282,0.004900534134037235,0.005667094003762093
1951,0.006854058361650781,0.009225130653154417,0.013615467367990323,0.0037736322246997686,0.004802791197520431,0.005218517141461192,0.007757671244615153,0.013395222258799544,0.004912236080400877,0.005638154767304153
1952,0.006664398299746314,0.009250166791902248,0.013636944397784435,0.0036856877797116208,0.004798330546231447,0.00503785730599596,0.007824972020793838,0.013415850638905283,0.004760603328339686,0.0056333329129333466
1953,0.006489527021046007,0.009233178462380677,0.013617995300272774,0.0035448139185329753,0.004852971264549775,0.004886747861499335,0.007835230190126906,0.01340942926835731,0.004583391998595483,0.005714426630335268
1954,0.006392350526235967,0.00921708014517749,0.013544282992763846,0.0034530317595477147,0.005018908956066991,0.004808815373487678,0.007820979342276976,0.01333148210053163,0.0045167798765344165,0.005929530142098434
1955,0.006386986161968437,0.009182760703980952,0.013463363234171613,0.0034475245431631347,0.005295258898151059,0.004803907509224084,0.007765437871006978,0.013203505737173302,0.004580317160901642,0.006290745162792449
1956,0.006475601976928208,0.009101412363779593,0.013455934804721226,0.0035081106997165773,0.005592516702647152,0.004886121116806268,0.007688422001808941,0.013189122788174598,0.0047369075222692195,0.006714289522653583
1957,0.0066387998328376364,0.009001255265548371,0.013532781526020011,0.003590440567084806,0.005794448977990206,0.005027312084866933,0.00760097230532339,0.013262956890479783,0.004900083590215709,0.007019764898599524
1958,0.006796706133804468,0.008925235886408376,0.013621589934018899,0.0036352141534475757,0.005806362629473059,0.005166061608517556,0.007531066485573519,0.013348528401785369,0.004985752036330475,0.007080517893810254
1959,0.006856625637726886,0.008873569801445607,0.013664397591768839,0.0036112192995182016,0.005604762144913779,0.005225828654522778,0.007470885159890536,0.013403242822564628,0.004956404961657918,0.006870790286589184
1960,0.006801769729595077,0.008819740294989623,0.0136357523680428,0.0036110848945635583,0.005300444312480297,0.005184578545064332,0.007383104708950067,0.013379385438765391,0.004907007269005829,0.006527674035292734
1961,0.006654739657551756,0.008754905050007497,0.013535316673254938,0.003768135690790713,0.004980993927525044,0.005068513256200584,0.007269442899877522,0.01328687848427951,0.0049908667539052005,0.006159024469368303
1962,0.006512298828407951,0.008708680551564138,0.013412312113454145,0.00408729038851701,0.00469920111025689,0.004952698904735464,0.0071738147108041704,0.01314694818070511,0.005244314585075612,0.005800726189860489
1963,0.006444914275560741,0.008664875130101399,0.013318488329641819,0.004394040598133214,0.004512805251235707,0.004899148143757688,0.007119321922613021,0.01305453518027494,0.005548140101085708,0.0055164255471885455
1964,0.006434847956497266,0.008616552868139588,0.013279574566258067,0.00456198917333125,0.004450221474381862,0.004878392973092161,0.007089698677143557,0.013003659130561148,0.00575870769067832,0.005354721950908936
1965,0.006428326040839572,0.00860381742569012,0.013326117932295078,0.0045684319803012486,0.004450936696024921,0.004850358594053731,0.007110989497079779,0.013023881827395497,0.005806346711105002,0.005297148154559858
1966,0.006377338602701577,0.00861998539942998,0.013457941939847224,0.004432021124738456,0.004421312567609246,0.004795723574485993,0.007177026567300702,0.013151346941717264,0.00569931424033136,0.00525825786267872
1967,0.006288659677144023,0.008629489906680061,0.013627356193007473,0.004289728559204376,0.004374305667722571,0.00471369615255597,0.00721934276591101,0.013309998477881555,0.00556676706249627,0.005208611943789914
1968,0.0061837518748167055,0.008585801200701527,0.013765774416598067,0.004208518489521125,0.004349200987075488,0.004632519226400403,0.007183350615239048,0.013452207952585442,0.005490199833240286,0.005169329132190534
1969,0.006116962890658351,0.008514023726623904,0.013833366899594942,0.004210701561418735,0.004398830058713267,0.004594369171609023,0.007103531750912438,0.013524899124401262,0.005486551903844071,0.00521824401604239
1970,0.00609625288034466,0.008455623469950229,0.013805431329840684,0.004333166987267245,0.0045234565148640875,0.004587021690599226,0.007032893205286276,0.013493770247170562,0.005582023137331049,0.0053634307708659784
1971,0.006112581493964698,0.008405776913885565,0.013722159297111333,0.0045584241103229445,0.004663296016916492,0.004602244980435925,0.00697975898286077,0.013397702509410771,0.005768927599425641,0.0055398596029700665
1972,0.006139973245965893,0.008301956633420714,0.013639350676422725,0.004777811961027819,0.004717556887683929,0.004623537351729958,0.006869319320929548,0.013309745452721698,0.005944143737794984,0.005621214635545245
1973,0.006142894767179289,0.008136147637998076,0.013584405446833942,0.004905336538193938,0.004643592851733385,0.0046319998122252085,0.006705461417677204,0.013273972121967471,0.006035856529406782,0.005561817859108958
1974,0.006109179028519769,0.008041778431287335,0.013538310410800891,0.004937742980913177,0.004531162650869753,0.0046153970768371706,0.006616873999444688,0.013243351404805663,0.006034143951850028,0.005459744369960496
1975,0.006026354614615199,0.008111958614173609,0.013474042696197678,0.004860862110569631,0.004449890977112471,0.004590017366213719,0.006737476859408109,0.013242211738684402,0.005961484004336655,0.005419553207921682
1976,0.006001307307394594,0.008310804871927254,0.01342115416140628,0.00473314433393372,0.0044250856526651654,0.00461306066477805,0.006997384882248278,0.013234571690199202,0.0058508260335463115,0.005444447273664769
1977,0.006105654892396926,0.008536280749106662,0.01339497060561101,0.004654497757433181,0.004401525719330028,0.004685084078989534,0.007222016067421048,0.013125206585869614,0.005760759244407584,0.005402404062535364
1978,0.006314259733092972,0.008712086313967063,0.013395945138037343,0.004689308557030081,0.004381510544610489,0.004876821936742751,0.007451385630416809,0.013165759128915771,0.005857163646041942,0.005403846339646645
1979,0.006507451495662378,0.008777746502601753,0.013445414199158918,0.004784589729387906,0.004433551547782625,0.005017157445654383,0.007479171110055367,0.013135255793247164,0.005977080242462469,0.005467980780041592
1980,0.006562639719452518,0.008750368211319148,0.013514910207254281,0.004835709041121553,0.0045441822880838475,0.0050552792503805715,0.007404477129680213,0.01316928553898309,0.0060698071211433505,0.005631920507949803
1981,0.006453795934946431,0.008789048135082515,0.013549827023737781,0.0048095453534283536,0.004627263317846971,0.004962480705165074,0.00741512508494856,0.013200292549777481,0.006072613797643999,0.00574157008186425
1982,0.006132301919600848,0.008944969655162803,0.013493213204280397,0.00469285578811128,0.004620399740313978,0.004675429391653379,0.007558544767431089,0.013143650640806031,0.005935103320200522,0.0056745123471433215
1983,0.005740376635090485,0.009085402117715148,0.013378961171394225,0.0045605503192942,0.004600781260707172,0.004326660519046529,0.007701021020013127,0.013021587488347197,0.005754406299051821,0.005573970510316633
1984,0.005484701219407896,0.009039260752875507,0.013254862023182351,0.004468838200332653,0.004596503328729112,0.00410522077455723,0.00766323627631569,0.01289050372335815,0.005614121119211674,0.005507275680127466
1985,0.005477956742409344,0.008818490548928403,0.013172225190917212,0.004423553049951982,0.004577625401409017,0.0041105741452477085,0.0074600851506189635,0.012790390559290123,0.005520334312245902,0.005452694491354231
1986,0.005701738193711065,0.008490967918128537,0.01317189655849051,0.0043801556577434415,0.004440870438754491,0.004317102178246651,0.007154331943404278,0.012784179234680514,0.005418786791984758,0.005276399917582304
1987,0.0060637282307284684,0.00812876083060025,0.013262604086990966,0.00428108619400193,0.004160301914056511,0.004623832612741791,0.006781096852577918,0.01283512434873037,0.0052322165655603,0.004906005490726749
1988,0.006383291710733144,0.007882858470147166,0.01339299067315206,0.004110383666132494,0.00391239670273653,0.004901346543671993,0.006533219188760562,0.01295845343708782,0.004993067077401479,0.004583976479555737
1989,0.006475356555811309,0.007843716991437901,0.013523773340999948,0.003902327472148986,0.0038312973780463477,0.004982069825330472,0.006499651776761063,0.01311255062253255,0.004750583093066611,0.004468648237468584
1990,0.0063733665163198325,0.007963250487458514,0.013660764228538295,0.0037338790004676986,0.00389218205200192,0.004883144427235563,0.006619369034589878,0.013247756423695129,0.0045634940643785055,0.004541984823373283
1991,0.006156502569988899,0.008141679845274679,0.013786912045514056,0.003621687183534292,0.004017945155819937,0.004702321162352549,0.006828364678028652,0.013397789342999185,0.0044589797600621825,0.004746496470822352
1992,0.0059780522989865475,0.008326304272172923,0.013864227156907995,0.0036024282670958484,0.0041673274101838055,0.0045549783966854895,0.007026418295035287,0.01345821966955229,0.004433954063787419,0.004988254755289032
1993,0.005949881830354064,0.008461707129218933,0.013855173948642774,0.0036720160612923707,0.004268908505124145,0.004550552401435549,0.007168567001953185,0.013457604747343435,0.004484544296194017,0.005148972787832802
1994,0.006016973802670771,0.008509244190946164,0.013776865654334882,0.0037614027939822936,0.004312590423117849,0.004620426249219978,0.007197654592004104,0.01337950348630934,0.0045515214321239506,0.005207488044262107
1995,0.006020203156841589,0.008453364914529622,0.013669003157890892,0.00379565131305015,0.004288989236460985,0.004636695991330127,0.007136185525307946,0.013294728076564783,0.00462649617250249,0.005191636951093012
1996,0.005897110267342289,0.008305763085191573,0.013548909925976347,0.003770920144046407,0.004151237462605216,0.004539989836776503,0.006995406180912698,0.013180769213184914,0.004704718907906666,0.005023531759403175
1997,0.00579783562511945,0.008101570458191175,0.013444210547999004,0.0037039183360994938,0.0040392426555080465,0.004471869825603429,0.006801141441308929,0.013076511465477642,0.004712657935946686,0.004880910406381442
1998,0.005792744810392838,0.007833005016724461,0.013349892624401515,0.003507506236113162,0.004084016682903262,0.004488516148278314,0.006527677278141968,0.012975612493528117,0.004490376361968408,0.004929609298723243
1999,0.005852567707668987,0.007645980082490481,0.013257983330919779,0.003380439616489114,0.004212030510829297,0.00454171615161781,0.006323595910962242,0.012840931423860055,0.0042599801933524434,0.005100877257818675
2000,0.00591525555933208,0.007648768254501807,0.01315041834907164,0.003502187409274704,0.004204698186509114,0.004581229174003218,0.006330557644287473,0.012726584794958558,0.004299288195382061,0.0051424455979130765
2001,0.005973278892413991,0.007768377037994712,0.013089398290371793,0.0037560617444799545,0.004062230264321306,0.004619879686948252,0.006488105149362276,0.012698037762937231,0.0045348970463129105,0.0050414883301258965
2002,0.005949418544834134,0.007826469194737317,0.013144121180168458,0.0038348196363355283,0.003898592386949722,0.0045775210297300745,0.006568772182899581,0.012740562304465214,0.004607707430040307,0.004867089816335263
2003,0.005848033502439154,0.007756153414813405,0.013286377324291226,0.00365173509193249,0.003752379675089639,0.004502734942298238,0.006558425384714712,0.012898428509855338,0.004453829033495771,0.0046855206441276265
2004,0.005794057170796083,0.0076096833991760975,0.013404966802326054,0.003375129241031458,0.0035866086632428966,0.004471275517492849,0.0064697260405194345,0.013011120089096056,0.004216863634513712,0.004435850776740264
2005,0.005778133186959005,0.007401273830978712,0.013430791771238036,0.0030969427441393904,0.003410527943756067,0.004467189439497802,0.0063208591446860885,0.01301460306803152,0.003982898480664076,0.004168332159917234
2006,0.00578683358062731,0.007220612233500069,0.013447918587654664,0.0028911533657061113,0.0034567261694116963,0.0044835020015864535,0.0061927455776054005,0.013029409258446837,0.003772800769145823,0.004249876226024641
2007,0.0058347648531944145,0.007081476574234447,0.013516096924801423,0.002677631735364787,0.003769479256699765,0.004562551440901976,0.006108482476511919,0.013190261027401572,0.0034814724672327757,0.0047597690561990745
2008,0.005937381837497126,0.007014364748948239,0.013606281583634422,0.002507621337954729,0.004092243307082855,0.004634769111030731,0.005989972211616441,0.013202479315154825,0.0031444828802526187,0.0051922726182479255
2009,0.006038961324060702,0.00699762536645716,0.013669633598005448,0.002456374618585535,0.004158852875251348,0.004734094709668045,0.005963875534316202,0.013270239127272628,0.0030110404123164405,0.0052252503052873
2010,0.006076908778382002,0.007017766110965331,0.013679045872330948,0.0025672460403403496,0.004052857091276524,0.004808391962993414,0.006022670695173741,0.013387019416565222,0.003162460382696799,0.005006920124591019
2011,0.005985860508206456,0.007110125621338897,0.013620949683995224,0.0028292944167676286,0.003950620423826742,0.004719620444574164,0.006108386078827764,0.013323147802703363,0.0034918399885551584,0.004771292124456782
2012,0.005767228566438058,0.00727560190122792,0.01351697019608502,0.0031524757109674785,0.003907525102066377,0.004465495950041543,0.006204295687104723,0.01309142807622468,0.0038465813638628448,0.004637413999207992
2013,0.005560619404413458,0.007425068375694007,0.013454246262943271,0.003406678316255207,0.003969320155195775,0.004295499438282641,0.006380904353514202,0.013120388953946408,0.004162492747306355,0.004768247013016329
2014,0.0054582729792257,0.007488423410479675,0.013491779914569516,0.003467707823003483,0.004041132405447785,0.004215532050478354,0.006465531789094028,0.013238647813165248,0.00424048969396945,0.004906633686996027
2015,0.005499634999144603,0.007498876894748122,0.013572154887041145,0.0034318499475622035,0.004067706088929214,0.004235452556416981,0.00642259214354087,0.01328505131502968,0.004184628546674474,0.004927448365344875
2016,0.005631514470928701,0.007459795100410385,0.0135949227227365,0.003410353935932892,0.004047358667412325,0.004322854465125154,0.006279630163622729,0.01320911785978898,0.0041807157644757,0.004860414066931063
2017,0.005786831484535885,0.007436074942913589,0.013543591710704657,0.003482909190481469,0.004019592991593068,0.004454987274073813,0.006184336764885319,0.013124639496377825,0.0043248988896350095,0.004811644649319407
2018,0.005852471746779811,0.0073767384127289394,0.013429984243895505,0.0036220374714556877,0.0039621836200760515,0.0045368391475368456,0.006111219492379046,0.013038498640062627,0.00453806465761963,0.004745460256135214
2019,0.005831919375266298,0.007203849803185268,0.013299576505165077,0.0037510567967828537,0.003858226642126604,0.004546849886140646,0.0059505720336040496,0.012921806583804873,0.004677683157217484,0.004615819251440839
2020,0.005755707081980094,0.006872392937416436,0.013235017390498484,0.003696930175998194,0.003717154129764013,0.00452090791565406,0.005674309898446964,0.01291681509272046,0.004558533487028323,0.004466914109894177
2021,0.005636138212544641,0.0064533436042913915,0.013315248694121871,0.0033599988471098344,0.003598975654602509,0.004445698457719687,0.0053205031894957705,0.013052430165540493,0.004071179883939318,0.004364650998161429
2022,0.00563657738364211,0.00621644778826415,0.013537650497182798,0.0029681952929439637,0.0035553707333005427,0.00443518938008215,0.0051060173043302555,0.013202272795576505,0.0035083229046933527,0.004312006850581327
2023,0.005820403581208256,0.006294680902600354,0.013801834701218417,0.0027479412969658172,0.0034996113485240817,0.004676357574621041,0.005300996004729857,0.013662188635069232,0.0033263996979481345,0.0042812958446709565
2024,0.006087368254006935,0.0066471668547596055,0.013956752863182724,0.0028104269097064985,0.003519043959579929,0.004891543222001519,0.005681755438562435,0.013772837154581895,0.003514925883205079,0.004259932766403284
2025,0.006352272065464953,0.007071009621450401,0.013855314595487118,0.003088933113103062,0.0037157072307705524,0.005072389393197801,0.006119078430979142,0.013594474198429652,0.00397872974464255,0.004492729012855305
2026,0.006629207861195929,0.0074218640040603235,0.013625739939535282,0.0034083523636640263,0.003975031568068779,0.005302023515171385,0.006497227703178624,0.013378040312623176,0.004436888819730352,0.004858243306209131
2027,0.006709815162798087,0.007587822227221973,0.013456921934730713,0.003570087281172813,0.003940691149739131,0.005370864372436603,0.00663540645643083,0.013214207955123906,0.004569267293648534,0.004797971687417183
2028,0.006502548097071267,0.007677879323775759,0.013352471961826779,0.0038139316262404558,0.003634588991668481,0.005210678695862008,0.006697320976881987,0.013172636281776501,0.0046576340324582235,0.0043654136849509825
2029,0.006115593196434115,0.007785656730691898,0.01320608899308917,0.00419081560830015,0.0034120072896216803,0.004871926003446303,0.0067734492583195844,0.013015393993625226,0.004859948660542318,0.004056911030428882
2030,0.005700544553571951,0.007806472383215261,0.012993239592737243,0.004382546821362365,0.003434513825848813,0.004483813247084714,0.006734887779918599,0.012713173358637173,0.004898562670937516,0.004110147442784287
2031,0.00546856284875577,0.007650160747224896,0.012811340170993675,0.004348301302026642,0.0035675383274099116,0.004290668112414921,0.006559223452281871,0.012511801108209994,0.0047753733714296625,0.004366234826069119
2032,0.0054755424240401215,0.007279539521977102,0.012693490592337505,0.00416846958676078,0.003656809915247613,0.004303566343747202,0.0061771158230880105,0.01239461738684594,0.004569193673679644,0.004560319520881837
2033,0.0056075752677174386,0.006818484557592612,0.012572702703872254,0.003958595705239275,0.0037735925695373445,0.004434241775723235,0.005736650149794032,0.012299267657175527,0.00444693443537565,0.004771118009376872
2034,0.005662445586584208,0.006339573033743979,0.012390122926269252,0.0038276660280907758,0.0038266847954613902,0.004495797575428456,0.0052852535032673065,0.01212341235802327,0.004512111355946449,0.004825493224995819
2035,0.005720018550607794,0.005994009479123052,0.01227609895568611,0.003987581313229101,0.0037965770436514065,0.00456549730213442,0.0049737496571943245,0.011987005368457131,0.0049008855075345446,0.004720090567593631
2036,0.005763118159801955,0.005879272018408264,0.012341140845730467,0.004306424468903275,0.0036813698488320423,0.004622559843609012,0.004885284796944034,0.012008859400600341,0.005380081151425099,0.004467935490358096
2037,0.005748188969272349,0.006013324395169526,0.012625114678895318,0.004571713844226175,0.003670379241044701,0.004606657717000498,0.005017838071199113,0.012214628402035016,0.0056876057880145495,0.004382108414546704
2038,0.0057010423257419715,0.006211023349201337,0.013136587122918902,0.004603454326422067,0.0038108539012064228,0.0045630873494702014,0.005182950978261987,0.012693034540778126,0.0056723847368855196,0.004591791513354506
2039,0.005642687541654242,0.006332581467246574,0.013732471444117754,0.004445440590150982,0.003954797069474464,0.004488061993454368,0.005216886380792807,0.013258516152050665,0.005370859257195528,0.004823651977611559
2040,0.005605308477655387,0.006392540071309057,0.014109198772547087,0.004407075631682753,0.004000432302836261,0.004421881065409911,0.0052144527264553105,0.013631209050438782,0.005176022067794548,0.004906513732210342
2041,0.005603700831095173,0.0063409972729024915,0.014122695248337905,0.004492814205440935,0.003917368250863093,0.004387518245784242,0.005150763719413367,0.013650049797807737,0.005154169369976487,0.004781037441231668
2042,0.0055925543092138486,0.0061806530947213995,0.014027467699696941,0.004410953250238602,0.003754632934047348,0.0043771381627236245,0.005013100216716562,0.013561869768630072,0.004997231729417084,0.0045400736356722825
2043,0.005472465341090926,0.005948506945406518,0.01403513346618997,0.003966661697088337,0.0034238403540352855,0.004323132183891518,0.0048422434013448284,0.013629567598697967,0.004498942359569707,0.00407653409189946
2044,0.005331816256265979,0.005887948256881242,0.014113341896713988,0.0033427580756206663,0.0031877095604283616,0.0042386352411389085,0.004860030179214893,0.013686211787585936,0.003825839179635182,0.0037533830767611572
2045,0.005171185101959697,0.005968497339709641,0.014169588696728526,0.0028023546341961587,0.0032010161684586647,0.004123536363172851,0.004994692749464511,0.013754291345282433,0.0033160741324059933,0.0038221284503812823
2046,0.005002144942448347,0.006098178929194625,0.014251700484166149,0.0026073800066077693,0.003346905777996348,0.003963330666695908,0.005102118089251163,0.013785923410165461,0.0032069617404763095,0.004065058183247564
2047,0.004856643234531341,0.006258661176893694,0.014400762438872002,0.0026428806100671216,0.0034578373260400076,0.0038284195030571866,0.005252989379673559,0.013927034330371716,0.003359080653232686,0.0042379208638399675
2048,0.004842430566581005,0.006445886158348008,0.014572309361139514,0.0027377930325016495,0.003472033742465408,0.0038074463777421326,0.005462165996453067,0.014099112083547582,0.0035407092648550137,0.004253844411540584
2049,0.005010864009568411,0.006581838160684617,0.0146967250985053,0.0028413188025449036,0.0033186979460457745,0.003924249187224521,0.005633212599124071,0.014199693030833155,0.003630230987013311,0.004030423724819868
2050,0.0053211974442351085,0.0066082916758885436,0.014700731561254683,0.0029148606559053006,0.002959564243900099,0.0041713637451228705,0.005720311988409671,0.014236567578126821,0.003617891456286493,0.0035589635343185244
2051,0.005626578900946322,0.006584825566002943,0.014447359962956536,0.0029658922386371577,0.00246234006356328,0.004435193521549822,0.005735623464849409,0.014011281671844372,0.0035901140051735306,0.0029282539671297743
2052,0.0057360415740871015,0.00655466526632525,0.013976221118610965,0.0029375579721138945,0.0019690836499944952,0.00456569996568615,0.005730540605932896,0.013579310943991164,0.0035654383937865648,0.002351658377040017
2053,0.00567222163874672,0.006549131401447022,0.013619392163644422,0.0029484469113141938,0.0018512108460481127,0.004549922684051819,0.005750848409273785,0.013229951110725254,0.0036553404869200407,0.002283052559164329
2054,0.0054911131723559105,0.006532115722543713,0.013546725360023878,0.0030954715916060313,0.002097261662998032,0.00439981104932042,0.0057571679779299546,0.013098704598356575,0.003917449839446459,0.002562021504136302
2055,0.005522086148976879,0.006438804092700948,0.013813946730872191,0.0033086540094356062,0.0025707475337969597,0.004434410987681009,0.00570937195493973,0.013327812198183265,0.004208905405730321,0.0031329248797296204
2056,0.005853139820941072,0.006111147518892397,0.014349765743769876,0.0032891981785108447,0.0030592744245489826,0.004709142682931691,0.005390246320316476,0.013829615961506328,0.004146906630359802,0.003768615072439943
2057,0.006361529443265416,0.0057327376909026935,0.014862842140303043,0.003183710187569965,0.0035102307191226317,0.0051271732509135335,0.004966473071186672,0.014317512061533429,0.0039305835239528365,0.004408749095365058
2058,0.006810955109490966,0.005497232068015412,0.014887375828711434,0.003236029241434148,0.0035472342725564703,0.005520003979709203,0.004626094844919342,0.014368858438401438,0.003936466035419418,0.004494732539605693
2059,0.007064227956767897,0.005487271894130642,0.014450291160971906,0.0035385006466313435,0.003456878932479176,0.005732838113009073,0.004457882906681635,0.01390922073335727,0.004282981446744173,0.004428205957050808
2060,0.006966191937963867,0.005714214632754251,0.014055848234809704,0.003928214275478305,0.0038444798809510756,0.0056637187735377485,0.004605023276676552,0.013530723008753418,0.004813245267261172,0.0051072305588026334
2061,0.006495476380834461,0.006039386555939313,0.013974870025029326,0.004165788979739253,0.004488708176267734,0.0052611140473066914,0.004941172168136161,0.013438391197584741,0.005195221533624779,0.006100610527726497
2062,0.005942151824550039,0.006215081963111625,0.014096493486045712,0.004145201286553942,0.004733570043557364,0.004799971963724978,0.005195547974783545,0.013556952936114008,0.005256100603943891,0.006454891916046687
2063,0.005529086128136101,0.0061186463594102075,0.014245747659291055,0.0038137044371204408,0.004276898288330877,0.00445932382666766,0.005224613029449569,0.013706504240950294,0.004908334825561589,0.00571692904566253
2064,0.005491916012623858,0.006034667469862739,0.014337946775936522,0.0036616606349948186,0.0037576843123690953,0.004423029709551517,0.0052889068173449525,0.013797842908501893,0.004651532016163462,0.004843230966353901
2065,0.005773555217209516,0.00585039317756357,0.014318342537306298,0.004179509872334992,0.0034200866691225765,0.00464183717506127,0.0051818287248966075,0.013818182847086012,0.005040402946823001,0.00435014684098163
2066,0.006160497178717165,0.005642028933133336,0.014261711085516372,0.004801808723989017,0.003514650083832029,0.004958505974964083,0.004965807086268879,0.013773148329403991,0.005567773361476504,0.004556103740087319
2067,0.006094626751426856,0.005440950710236246,0.014131758027824801,0.004604381942030256,0.0035672914291935724,0.004923312668065979,0.0047435942230558545,0.01367162914534854,0.005302665218341522,0.004652110790407393
2068,0.005814115263757999,0.005194288370220303,0.013950559251714486,0.003942662013015997,0.0032534559887168676,0.004711390440873344,0.004427499579527227,0.013488824046903264,0.0045557202271433095,0.0041770763968288485
2069,0.005748119312412735,0.005002108688328327,0.013767755022742544,0.0033998593956430685,0.0027213493205587025,0.004661180617647024,0.004066966635322443,0.013283331023682772,0.003940695112277826,0.0034144353430189656
2070,0.006376435136223281,0.005358965410697474,0.013655588228633175,0.0035363357371906213,0.0027701624391048506,0.00523240572245887,0.004345118231329551,0.01318180657092636,0.004142825259896254,0.003595733510402051
2071,0.007793045362279315,0.006151426250032452,0.013630699763176352,0.004881977955565943,0.0036900906511730287,0.006492114151296419,0.005215454264152788,0.013161440448506073,0.005707996814572345,0.004991843153120055
2072,0.009277352458923534,0.00685367283991869,0.013772974626724483,0.00682400287366493,0.004638159260978461,0.007797165778989075,0.0060451420884556715,0.013314597105704566,0.007899629607734538,0.006358148992876394
2073,0.009740610549889292,0.007068510018839457,0.014110450031141,0.0078616861894902,0.004789722569987149,0.00818387780392509,0.00631479662420566,0.013642562934315811,0.009066628471080258,0.006582574173877364
2074,0.008874467620521086,0.006824962461855858,0.014471944791605717,0.0073635394566366795,0.004101636046193429,0.00738791760134918,0.006029516530781861,0.013987412937342857,0.008512975898374702,0.005608781199441727
2075,0.007538826460794953,0.006584543913965721,0.014663234364964462,0.00613415469415861,0.0034575595137287893,0.00620136475692222,0.005768663802780435,0.014207580270863739,0.007122676155019019,0.004678898447779348
2076,0.006270976655664054,0.006370955737826169,0.014515004617287938,0.004820841346818721,0.003309075344833603,0.005071765922407066,0.005576446613252232,0.01407253271713515,0.0055642338727078565,0.004405165747452679
2077,0.005351882678946261,0.006208902915816439,0.014282959565109568,0.0036642749445281787,0.003591354753709404,0.0042697264318930905,0.005483201551161735,0.013892098060460958,0.004198979641130347,0.004736139687052962
2078,0.00479463882535612,0.005944737682613164,0.014096618023788851,0.002720628082294393,0.003938134515998959,0.003789578467086239,0.005232404749217341,0.01371744784773255,0.003219028869160689,0.005129123910073288
2079,0.004748859133281942,0.0057180882299961685,0.014001355245700436,0.00249705454024408,0.004212057600156117,0.0037653255644913087,0.004974806481149366,0.013571372239464597,0.0030986661744082152,0.005410264284070297
2080,0.005247210413253897,0.005796137686247032,0.013946088380653185,0.0029588271321814275,0.004019128037528048,0.004244409304231175,0.005065366015021822,0.01353078697404111,0.00358165970274966,0.0050854074343873006
2081,0.005933965938456899,0.0061006520257388345,0.013902275094403314,0.003413428286336476,0.0035931240453597503,0.004863127281111193,0.005388885698812557,0.013474022504904926,0.003941132663595991,0.004482113382028409
2082,0.006304333289038945,0.006192803973600532,0.01384773884811135,0.003455564875709934,0.0032500703902727016,0.005193165355152906,0.005474404020399635,0.013447821822493626,0.0037973940251382955,0.00409562772467508
2083,0.00628697604136312,0.006071034232959624,0.01379865965317132,0.003438455914299579,0.0030552299015081793,0.005162454424617529,0.005306374875870931,0.013421745956709419,0.0035434815972497998,0.003917240873791016
2084,0.00609803835077759,0.006051291112735817,0.013721670856454394,0.003506174596686252,0.0031298381336402987,0.005009699760977013,0.005284969658208425,0.01342281267135524,0.003511476546176326,0.004029299322517598
2085,0.00597596440365062,0.0062956995684638325,0.01360596348627955,0.0033818608296320926,0.003602729011665339,0.004883444715376173,0.005519539297114416,0.013260305363116488,0.003420801492689559,0.004601779653257609
2086,0.006026651751762895,0.006673173145108393,0.013475639039596308,0.0033191100781637963,0.004140069502928453,0.004931043159538599,0.005940782661288218,0.013146273597250992,0.0036164967167853198,0.005323570885719832
2087,0.006262601201844677,0.006984915112877514,0.01332134415646733,0.0037346879717882575,0.00426027147513202,0.005132780283530376,0.006317995590251601,0.01299111617767179,0.004365526166668369,0.0054874392210216135
2088,0.006570528937310564,0.007098951756620009,0.013209080926907674,0.004089056204403805,0.0041201905780268,0.005430732505506726,0.006516183570359415,0.012904124275300336,0.004867629688158358,0.0053272298770743335
2089,0.006572272520463894,0.006796980313818491,0.013213387226034561,0.0038169072159038356,0.004042844636427171,0.0054363304063726105,0.006236320481541978,0.012842256875140635,0.004501971772517203,0.0052653319622990545
2090,0.006299574209772272,0.006400052747256377,0.013281791412732523,0.0036846558354991185,0.0041806327286824764,0.005221175105798067,0.005863110823576629,0.012923225248065997,0.004254506072629924,0.005540852736289009
2091,0.005918719353763573,0.006220104713527692,0.01325027359871969,0.003980055241213057,0.004321730180818083,0.004896234806973243,0.0056848151995115975,0.012932382344060538,0.0045055703010362415,0.00578088180022397
2092,0.005804259273736902,0.006506964331661254,0.013263937321841453,0.004412021110522473,0.004446390792661887,0.004765817196201135,0.005920863923572895,0.012866011434741968,0.004890947669445319,0.005898283499554994
2093,0.005980819226076285,0.007013309202451622,0.013368912854995692,0.004674871872249525,0.004385361637675757,0.004909162246314028,0.00635548249760999,0.012930384128897177,0.0051275583042360295,0.005726118624314178
2094,0.006380867630890741,0.007533164291563825,0.013650585378082048,0.004798391484682358,0.004430785117579124,0.005245427476739573,0.006790753246309942,0.013191188387280239,0.005254862428126461,0.005712474594623484
2095,0.00694599255080957,0.00769096126360327,0.013956768707145122,0.0045252154845619,0.00457594760255486,0.0057564101613787125,0.0069445466550749815,0.013560414985897693,0.005007144817690513,0.005943261610056182
2096,0.007550806658141217,0.007495067359543085,0.01427111963489308,0.0039030942265431143,0.004842925451356983,0.006248001345496347,0.0067234186088105715,0.01377877797473711,0.0043787332125995735,0.006320249555721341
2097,0.007641220430510367,0.006959582879275356,0.01470019139168614,0.003168252663289252,0.005071115734822456,0.006367855514332081,0.006224271812625574,0.014258623088345478,0.0038074967140295382,0.006662605658220522
2098,0.007292792090683091,0.006547235705375487,0.01524045620703839,0.0031707012847074514,0.005274312279937319,0.006066544443432841,0.005774864285576597,0.014730775844871686,0.004041739539805739,0.006852294303316821
2099,0.006783828769174723,0.006448114248506338,0.015482605096016695,0.003960593402731717,0.005549439250038694,0.005636576813960564,0.005658218379261009,0.01495404646561076,0.0050062332952053356,0.007115982157366516
2100,0.006193333966360645,0.006444538398765444,0.01512736988585656,0.00452313281128234,0.0057515773018779,0.005123475121079667,0.005606250943359271,0.014675948449677628,0.005680999546923929,0.007307875778871389
2101,0.005736792888193867,0.006721508333826136,0.013995991420615842,0.004183955276158568,0.005809278894725924,0.0047078180891893225,0.00582916349753328,0.013628737872907918,0.0053286825512668294,0.007410245087414922
2102,0.00554199548439827,0.007187607555462512,0.012332399866952188,0.0030305195136543497,0.005731591164121391,0.004534460185372943,0.006300048320179444,0.012028622834235784,0.00404666807847468,0.0074489205889196304
2103,0.00555864623209491,0.007414170672705113,0.011252243300071825,0.0024563323549419798,0.00555321242873135,0.004554751593844921,0.0065952378839780985,0.010946142197118277,0.0032750244777301897,0.007359713934881108
2104,0.005473354620497197,0.007005110905476721,0.011255875215386112,0.0023698290633818024,0.005107933342681383,0.004475735463466537,0.006279748715319921,0.010882368204941087,0.0030717685333329094,0.006831012648521081
2105,0.005543194938908153,0.006500744291091636,0.011789266002723665,0.002510969341512811,0.004661187650487805,0.004531671121208461,0.005888878362399359,0.011334528560181557,0.00318174372045588,0.006216557063355052
2106,0.005888272779820942,0.00613860534218817,0.01230499080316803,0.002898912427278377,0.0043994056979035035,0.0048318620831120426,0.005627702360272043,0.011782549933194367,0.003559238915006934,0.00576264337424909
2107,0.006717569731943182,0.00600319960133955,0.01275566123525781,0.0032799528516131425,0.004340621200313838,0.005597380538845136,0.005567125004536303,0.012222742658593948,0.003911967693145352,0.005598914912440287
2108,0.007403929824765511,0.006113845953862633,0.013089772156552512,0.003347418402252887,0.004120213382017532,0.006225438177771259,0.005713243940606516,0.012562885383909915,0.003892207720409947,0.0052911199718863764
2109,0.007705642278395954,0.006682975404595562,0.013334269810605717,0.0032130866647594888,0.003770623322124164,0.006486669149197703,0.006318088180634383,0.01282577103887459,0.003638509471397804,0.004885651961534607
2110,0.007416853214392725,0.007451881820622498,0.013435733991281017,0.0025012931802285677,0.0031676758327087175,0.006203745145816905,0.00710858058307812,0.012959716587447385,0.0028322976170919176,0.004129234503962851
2111,0.00696695782649209,0.008117818412451318,0.013511039020885638,0.002293574497439345,0.0031604013285998203,0.005759625162500107,0.007744098368466135,0.013032006725594425,0.0026440343240003886,0.004194840072632927
2112,0.006770254249206952,0.008313987925569234,0.013429644328300504,0.0027137694307911636,0.0038164039176282662,0.005558659281181001,0.007866532545328181,0.012934063635517445,0.0031109040829448618,0.005161295266043742
2113,0.0066881744489136336,0.008185716838207112,0.013199445778429882,0.002881069331292993,0.004279534916765637,0.005483458578153894,0.007664956631055065,0.012699438335398746,0.0032473275822939157,0.005862703333475819
2114,0.00647137063663876,0.008038419852048189,0.012898100195448845,0.0027809458833058073,0.004448848047481284,0.005289094376181943,0.007485307456531729,0.012388198655613917,0.0029852380889989986,0.006178075894791707
2115,0.006264831884121646,0.007978892884893207,0.012686415686573008,0.0032689909554218647,0.00489238469890619,0.0051137630032480315,0.007446936464070482,0.012186824633036025,0.003359464366810108,0.006859499705076643
2116,0.006256351350882964,0.007768689839766105,0.012981600466067058,0.004085853366743826,0.005469223892341376,0.0051125941682892105,0.007206597563291516,0.01249803930502586,0.00430381168625321,0.007648620756339999
2117,0.0065308762179114134,0.007347082577289869,0.013924857135990242,0.004291091504436725,0.00555285345080084,0.005351386397114021,0.006630284257992719,0.013457839063031643,0.0046807959237920695,0.00769148359755717
2118,0.007134345129406961,0.0071964914215467924,0.014821172705178933,0.004084656937146644,0.004894440361213146,0.0059199765317042565,0.006301594749467412,0.014405205456238608,0.004565422090640828,0.006726306432550132
2119,0.008210992788175355,0.0076716610810320905,0.015210316711758352,0.004759621981431936,0.004362885178112868,0.0069288024190016706,0.00671875608564505,0.014829756043993524,0.00531976221927975,0.005992614503149906
2120,0.009420095792677092,0.00830933924893654,0.0153337851787843,0.005681037446309823,0.0050467528905326076,0.008040852490661545,0.007394052178795838,0.014963260529007615,0.006427771392207698,0.006949152681123882
2121,0.010027144546787067,0.008775196314786167,0.015367547164117614,0.005279512106349466,0.006022553687819805,0.008580633048614757,0.007838097296737763,0.014953993095776906,0.0062622992392927495,0.008150357689247191
2122,0.010175924458742354,0.009362372840832868,0.015524275513854064,0.004373934588367573,0.006535551933812541,0.008707828396857895,0.008374206637370357,0.015125414574804255,0.005654390732553157,0.008660764374540868
2123,0.010589819298870337,0.00985494079741921,0.01599878301883841,0.0048926204215207925,0.006006169268987077,0.009031544692695143,0.008783289230669176,0.015618865964649922,0.00624043995360035,0.0077236021165533585
2124,0.011597627318957169,0.01087945415530399,0.01689372042834583,0.007191532473354569,0.005349442390293416,0.009849903723711115,0.009811291550839112,0.016524649017067926,0.0084342456132797,0.006754909872308609
2125,0.012346607772030262,0.01208203630740986,0.017836207418886165,0.008854243049178138,0.006255372936174194,0.010421395713950286,0.01108022482362756,0.017499510565018257,0.009960628167551172,0.008329508734145027
2126,0.012775019255266378,0.012623511899921766,0.018500434560005656,0.00891036789543861,0.008553167762253188,0.01076225536544459,0.01169746817671869,0.018181786463949034,0.009825175595442198,0.011785541403174555
2127,0.012196636184624366,0.011710462967396373,0.018606152521378795,0.007477219954850585,0.009423168877724705,0.010274820869085332,0.010860063978551448,0.018273144962238443,0.00816098025239302,0.01309547694264081
2128,0.011691340771526141,0.01068423021297751,0.018444339947441653,0.0077528663291416494,0.008806708709800286,0.009840126448159164,0.009936132497930487,0.01798782737230195,0.008349741400387512,0.01223262399255395
2129,0.011911780513753866,0.010295708578777306,0.01787101201682689,0.007661587275286727,0.007849702659496822,0.010077664255922594,0.009756056384559465,0.017203137884865997,0.008383875576210568,0.010842405722717907
2130,0.012806231422744152,0.010966500442405762,0.01757387484046883,0.006773842354479743,0.00834407452925791,0.01097974869868698,0.010648875539527784,0.016770618103813043,0.007830174204789148,0.01150929571350047
2131,0.013942700203344349,0.012733649146079386,0.017995484016568225,0.006773540044555906,0.00994768944579116,0.012069738027423085,0.01242138125645568,0.017227833046007605,0.008179343673493142,0.013700374450104684
2132,0.016000337883515597,0.016664188571306637,0.018875160727368022,0.008415252487808446,0.011906065158156464,0.01387553424077377,0.016259500398836543,0.018207313150604455,0.009838454966633355,0.016307529272579585
2133,0.01783523592292456,0.020481711027324438,0.01847148438581871,0.010879528067284181,0.01332138348093691,0.015403817702751591,0.01991025042860661,0.017644386025280345,0.012056922827730443,0.018178998499343683
2134,0.020249706741081945,0.02284385103887355,0.018003556227291526,0.013719577486240446,0.015246491670483338,0.017484844549905516,0.022240026538373845,0.016982508671391023,0.014621200554853263,0.021027015556245095
2135,0.023505694601643645,0.02251661823175863,0.01740412308508091,0.015728625641041126,0.018031883468795157,0.02017774397342438,0.02173361475694429,0.01627134520933941,0.016129436743373957,0.024958645116722068
2136,0.024753491301800244,0.021411909467194186,0.016375922311675412,0.016698178782319842,0.022156838875184753,0.021253165747397405,0.020779655480402216,0.01549736174297277,0.01659410196835684,0.03077308359685154
2137,0.022301492758946526,0.022969351894652965,0.01787290479035148,0.015071443856097244,0.024213627845876714,0.019248989064152976,0.022809579434024146,0.01738042721690739,0.014690010489819197,0.03383894390044342
2138,0.018990904028628873,0.025828445362026355,0.019854387560440594,0.011983070883467858,0.023988930876185272,0.016553115286602176,0.025847009800244437,0.020056567393190658,0.012202415316771024,0.03398520111166889
2139,0.019246797447486173,0.027981021564973733,0.02108392285414889,0.014199465494488089,0.02564414826330965,0.01676111020759365,0.02779196708138098,0.021886996787342863,0.016023743452314092,0.03662562785834717
2140,0.022289533088766408,0.029187429375742834,0.02420009624128198,0.01876463101042673,0.02703522658440319,0.01936721270773715,0.028940335086466498,0.025266972413179073,0.021744424626436522,0.03861325212118974
2141,0.025561399989692576,0.02790128355232815,0.02883760769017909,0.020675971247098635,0.025606781445204067,0.022215213797253292,0.027804651557124426,0.02985131024193097,0.024086697787634604,0.03626417312629459
2142,0.028600505086541144,0.02349635755946964,0.032181070326237286,0.02164824102976234,0.023578462036102314,0.025118212794148366,0.023661245710596003,0.0328014329150925,0.024872680462545153,0.03296306770582939
2143,0.03149815889922439,0.02216221415175223,0.032759962743930005,0.023403319383204682,0.023747853646068313,0.028004660405689247,0.02218385938267819,0.033144727569708106,0.026232565747458848,0.03304354136066919
2144,0.032092639940618096,0.02196779038172878,0.031190562324533082,0.022220645837589672,0.021943570095236918,0.028334506273331016,0.021564466599846475,0.03159726971821415,0.024430072936158283,0.03048766716706543
2145,0.030677210110271906,0.022032868996595446,0.030685609225176307,0.02008030849984289,0.0176727611129745,0.026708757403666693,0.021261834275846738,0.030854788349465152,0.021719836495455485,0.024361558683844365
2146,0.02824593736876977,0.02597952390651881,0.028709325497067242,0.022004232968087872,0.013849975404808396,0.02464842523901718,0.02515938531829441,0.028549272573976634,0.024321292043671814,0.01914669073446511
2147,0.02946870139860916,0.033362777629238664,0.0264845434368924,0.028949954351623227,0.019419829331908625,0.026122449260271963,0.032615497357201644,0.025999942190666186,0.0326774937057469,0.0269759947942246
2148,0.029561328072302454,0.03376184940416271,0.024480876198042685,0.032878657437839694,0.024602103717191078,0.026725533772900878,0.033275374064083686,0.02391431309362966,0.037336032010763805,0.034170716146510384
2149,0.023989216871453754,0.028515496876209558,0.021320103717911744,0.029201480860256535,0.02251703111973542,0.022174561374333355,0.02875805794458107,0.020775025100512694,0.03260088929388959,0.031092185342546194
2150,0.03394988723127316,0.06269005120988451,0.02297191731860371,0.0351056284605699,0.03486644636269937,0.03514647176503353,0.06523077787921963,0.021968305041906402,0.035852423741360766,0.0488945257644597
