,103_AM,105_AM,203_AM,304_AM,104_AM,103_LM,105_LM,203_LM,304_LM,104_LM
0,0.0010416814535793904,0.0014687979440434855,0.002393253746778408,0.0007950412097386353,0.0009437901141347523,0.0007664983177757482,0.0011752890180772603,0.0023108256449305828,0.0009879981579905006,0.0010339522986587074
1,0.0010321950710154722,0.001487223782772555,0.0023920324568362625,0.0008050704709153704,0.0009493286629139216,0.0007715264873052119,0.001202089070237697,0.002329183472010091,0.0010082269995648362,0.0010465826456225087
2,0.0010149803910495941,0.0014784099614962337,0.0023776715063736848,0.0007566733095686468,0.000936593782805692,0.0007572059225549569,0.0011943781062866024,0.0022971642754648315,0.0009510784806100438,0.0010291356534335547
3,0.000997885801576503,0.0014586410210046129,0.0023991388449191332,0.0007445332129622409,0.0009385137179164188,0.0007425629930341737,0.0011733614578845436,0.0023085169761637523,0.0009398615852088876,0.001032942275623822
4,0.0009743301921398777,0.0014263978517243332,0.0024335474434917697,0.0007819911163977921,0.0009548119614269223,0.0007205852702226505,0.0011329083787177245,0.002337495495937102,0.000983850011928546,0.001053437075844168
5,0.0009769706438039498,0.001440901904053711,0.0024608956352857865,0.0007750109500014479,0.0009665481994393411,0.000721355468530582,0.0011493526859895008,0.002373783308802327,0.0009793924844443834,0.0010732633950297492
6,0.0010003539457583512,0.0014672412353085003,0.002468613386821843,0.0007336261808864396,0.0009587476210073621,0.0007351467039230026,0.0011789470204580357,0.0023725719357456224,0.0009265079845159256,0.001062260632421759
7,0.0010240666080882101,0.0014587787320659074,0.0024750561100697274,0.000731555826134665,0.0009441187441529385,0.0007571331578694689,0.0011799284725714588,0.002380809052804868,0.0009228701402007516,0.0010479246316969406
8,0.0010160159725651925,0.001440631670836354,0.00246220642005709,0.000739417710886908,0.0009281106112702225,0.0007519571850133508,0.001157544798708254,0.0023723438174013058,0.0009300804209011755,0.0010281113582301755
9,0.0010039414192679146,0.0014345578553623824,0.00246471331280382,0.0007566202114510568,0.0009088086445608052,0.0007392689769851261,0.0011446803951653786,0.0023645061402110834,0.0009447570129091058,0.001000410905477633
10,0.001007365292171718,0.001440851020653229,0.0024965340392059552,0.0007837672107854818,0.0008893681648234557,0.0007460242053485031,0.0011643416160133794,0.002399916032427065,0.0009798264017186961,0.0009830266800089772
11,0.0010033105660754976,0.0014443576587823616,0.002518272105417443,0.0007876419317645674,0.0008886737251963278,0.0007472036994449248,0.0011757694611674824,0.0024283887133183003,0.0009909379970781788,0.000985520248929706
12,0.0009914131587500756,0.0014379592728918143,0.0025226905903750906,0.0007824023443591817,0.0009096684498365273,0.0007366411213248779,0.0011664498148202583,0.0024278351489205137,0.0009916912742036325,0.0010099157592514596
13,0.0009795589068109774,0.0014229897616729512,0.0025243555775472594,0.000784952766093528,0.0009256476146191421,0.0007270948330631938,0.0011542659365288111,0.002435753115001611,0.0010022414817499193,0.0010357121203505436
14,0.0009769163067572732,0.0014041646515335555,0.0025394673186546336,0.0007750285795872833,0.0009050197130786205,0.0007146899356813045,0.0011221123032589592,0.0024209269130726118,0.0009653616788183797,0.001000317538978037
15,0.0009706291975093401,0.0013957631848816546,0.00254805334960609,0.0007282347242293342,0.0008911419872156045,0.000717190430913499,0.001126033445666125,0.0024516238414006774,0.0009130899884481106,0.0009950677829527626
16,0.0009716880327385113,0.001401252937359459,0.0025691465714615678,0.0006864215827541005,0.0008928912572885601,0.0007141118585437316,0.0011244125057063693,0.0024516321238296575,0.0008662580501971916,0.000990956653346458
17,0.0009879655635679696,0.0013916850887841633,0.0026009772414785186,0.0007078130252521484,0.0008709203653567455,0.0007315168567826318,0.0011240959769421147,0.002493468690328891,0.0008996438595801551,0.0009686096202034434
18,0.0009982766815886531,0.0013963552317727873,0.002620972390918472,0.0007215778257680396,0.0008734131099570484,0.0007378102290019973,0.0011263641987066658,0.0025073802969920096,0.0009169412128292291,0.0009691685489140135
19,0.0009988066261240067,0.001422294920284175,0.002636296148374792,0.0007219517851862075,0.0008961715362608245,0.0007352038758599316,0.001143590986403682,0.002517060334046663,0.0009205267276196531,0.0009952186698663754
20,0.0010000410171541211,0.0014477262635973767,0.002662014740598583,0.0007493121661734586,0.0008989791103662669,0.0007349464551024298,0.0011599758014720224,0.002540446665711292,0.0009546576653973009,0.0009991088366867035
21,0.0010051931341513883,0.001462571829951904,0.0026889002249227247,0.0007711352619145468,0.0009045805152062995,0.0007394409182308436,0.0011719258774423632,0.0025627509055638317,0.0009731416294241586,0.0010060761073866977
22,0.0010136738844097033,0.0014641987980928218,0.002716719143235104,0.0007705797354597065,0.0009238061890449618,0.0007491757809011783,0.0011821515801267181,0.0025891034065684,0.0009664858841452535,0.0010307116557348199
23,0.001021822851249589,0.0014563148207087661,0.0027459315054124936,0.0007556717579845903,0.0009434193635682669,0.0007567700767953941,0.001185612434880215,0.002615520467010133,0.0009531866421463766,0.0010544158051897737
24,0.001034267005823512,0.0014352648232887474,0.0027557580515351087,0.0007432972517356207,0.0009398011906392237,0.0007688115254313419,0.0011690897360959124,0.002629997100821882,0.0009395744503032513,0.001051878138974304
25,0.0010217897173840065,0.001424282141802612,0.0027564766604093725,0.0007426100537503231,0.0009165539515516752,0.0007575901692727216,0.0011521054556933351,0.0026279162144510586,0.000937327720714449,0.0010229117291156923
26,0.0009915500760752471,0.001439225412988286,0.0027724704508615677,0.0007492104903296198,0.0008907542821736254,0.0007309813628322419,0.0011609978200377582,0.002637466813211182,0.0009501577015181904,0.000990806494954357
27,0.0010071711832623756,0.001446448073883249,0.0027964168652491244,0.0007459641694855313,0.000885762846580175,0.0007445821366894544,0.0011680081213720909,0.0026618804696139048,0.0009496994677771494,0.00098850095216784
28,0.0010356331383867621,0.0014562831419254098,0.0028218267554502513,0.0007453618298203024,0.0008966343522773863,0.000770072200397365,0.0011792526517890541,0.0026947857528631875,0.00095078015686298,0.0010062160052108718
29,0.0010479041859151074,0.001475725814702288,0.0028567022942107526,0.0007571673476273112,0.0009115701260553141,0.0007769648594717715,0.001193145660323525,0.002723647588785646,0.0009603908856081558,0.0010205773216248883
30,0.0010623579083515458,0.0014775984872514758,0.0028970985782040895,0.0007592544808038551,0.0009228255144014917,0.0007867564340177599,0.0011977858431861008,0.0027598985047682396,0.0009586834251216,0.0010317962911724704
31,0.001070784813994942,0.0014799510069001328,0.0029267711919616487,0.0007508064341631411,0.0009320498037948656,0.0007932139829798492,0.001201368444703226,0.0027848089234918634,0.0009473283259311391,0.0010410911852819728
32,0.0010742904378231142,0.0014883372690695524,0.002949449586594467,0.0007337311187028041,0.0009340885640062797,0.0007950109762044427,0.0012013925411029575,0.0027980788159510913,0.0009306635296640522,0.0010401822961435742
33,0.0010834634168316562,0.0014842957650992637,0.0029767331659844285,0.0007157067503286776,0.000919918665178765,0.0008108199753621726,0.0012052534334318558,0.0028548512191131897,0.0009279799298624547,0.001034708855163449
34,0.0010792287914177792,0.0014932329404209646,0.0030028230796668807,0.0007353084734047285,0.0009153769775450389,0.0008018158701878405,0.0012002366668751746,0.002860862674636586,0.0009413877151782404,0.00102271327326899
35,0.0010682821277411183,0.00150616870536977,0.003028654732489099,0.0007742759159428665,0.0009227784626034209,0.0007965499336115034,0.0012135667077480589,0.002895787145567996,0.0009824865378970627,0.0010354837264094144
36,0.0010696460022226158,0.001504200535892491,0.0030629964908555018,0.0007893539567074194,0.0009291499303641972,0.0007956524328925418,0.0012106446183493356,0.0029174002058020634,0.0009967843984154947,0.0010395742088558752
37,0.0010651924815463516,0.0014966673541766582,0.003081830130771058,0.0007733572237909837,0.0009313506569436551,0.0007925512462828731,0.0012170351931504383,0.0029333124067212855,0.0009775794318551032,0.0010426179207547054
38,0.0010574667153156927,0.0014900696951211643,0.00309065026805875,0.0007566828131237437,0.0009260374508788911,0.0007843158343496396,0.0012187655451548235,0.0029381752459311057,0.0009533740592142509,0.0010365619604189335
39,0.0010595142778837283,0.0014902335273786426,0.003106335531063881,0.0007599067359475497,0.0009188212741238855,0.0007836717391849126,0.0012143894531679753,0.0029572934950517753,0.0009559401697397652,0.0010299886260388158
40,0.0010662894063146297,0.001501349008788628,0.003112936659900049,0.0007669108364392908,0.0009280155142559562,0.0007872784479917305,0.0012171938103161114,0.0029669612663571297,0.0009686584572124816,0.0010404170147672457
41,0.0010795877629939366,0.0015208079156075571,0.0031238147765741456,0.0007825017997938413,0.0009474463047350633,0.0007974443971723729,0.0012306131169700992,0.00297700559171715,0.0009904896213931782,0.001063614134472038
42,0.001094346539545575,0.0015389273971694313,0.0031485707611984886,0.0008033999883098385,0.0009595891768692965,0.0008107084638785143,0.001247208950279859,0.002999892451132514,0.0010162333713511027,0.0010820014017159133
43,0.001099766817712468,0.001554210857282261,0.0031866891955135675,0.0008087540276199288,0.0009641755714409547,0.0008152927309889709,0.0012569501307796262,0.003035792532098548,0.0010323370926256152,0.001089020445316076
44,0.0010958180238879788,0.0015499103323670374,0.0032321710528525308,0.0008075121456565028,0.0009637669931705995,0.0008131373500061901,0.001253425853064687,0.0030745944935952623,0.001031895759482068,0.0010863165076457658
45,0.001087003646541114,0.001534800414731931,0.0032548126498758378,0.0007997647109138397,0.000964778102935607,0.0008077169712385932,0.0012458085022852925,0.0030917188020659417,0.001014128989597722,0.0010850755247559843
46,0.0010787866490800685,0.0015391257516449153,0.0032504192689917517,0.0007806635031445036,0.0009710975570707037,0.0008016098516624178,0.0012527709773965752,0.0030945777083572733,0.0009940333070612495,0.0010942338796747285
47,0.0010733793015345878,0.001545060445243236,0.0032553485915212234,0.0007773436525985518,0.0009706717298929588,0.0007950804478494196,0.001255804365611638,0.0030943846812025396,0.0009913028872978518,0.0010930909037396633
48,0.0010743797819713508,0.0015471968220161243,0.003265912157519362,0.0007870479190852985,0.0009632465396846302,0.0007967968637062629,0.001258089087331145,0.003108195725690063,0.0010048527545095992,0.0010865280943868217
49,0.001085474855264985,0.0015576728838004859,0.0032710510642783254,0.0007939005824812385,0.0009609700994549565,0.000809852659817201,0.0012702811224467047,0.0031340802718819267,0.0010196207707396116,0.001089883614672841
50,0.001100264576091038,0.0015745534436744657,0.003286907914615765,0.0008070859223762075,0.0009695613902776005,0.0008205121574354241,0.0012797568844590576,0.0031438877897653,0.0010339374518667133,0.0010991562346906872
51,0.0011164316872274392,0.0015988429935785884,0.0033081917556591887,0.0008229974405905021,0.0009832366985479527,0.0008337686541837228,0.0013021417338336956,0.0031629075551305535,0.0010539260827839344,0.0011169147271231363
52,0.001132582716253801,0.0016267863173228796,0.0033193825481313923,0.0008325606740297432,0.0009960113700376325,0.0008459675389271467,0.0013296098104454302,0.003174554048755501,0.0010677065975311546,0.0011322517041614242
53,0.0011454746193882896,0.0016477883542374361,0.003334110203138232,0.0008408864893268706,0.001022092947060598,0.0008574407190718939,0.0013484515825095762,0.0031971171057428565,0.001082951750334988,0.0011663013881194628
54,0.001162888434691688,0.0016724906850587044,0.0033488217333241593,0.0008493583293037667,0.0010420293627041801,0.000866332348508547,0.001358924154722615,0.003195263438687135,0.0010910571275169843,0.0011840203057919526
55,0.0011852228823166094,0.0017051669360476378,0.003355335057261398,0.0008575168932200665,0.0010467091462384687,0.0008884926482428573,0.0013947466851763422,0.0032216206896528527,0.0011119371700496906,0.0011961170828849144
56,0.00119949063064739,0.0017303905138960096,0.0033650215153090057,0.0008722828393332634,0.0010720099152375553,0.0008940746857726707,0.0014084548371510572,0.003220329986285292,0.0011286423015276332,0.001221932068106401
57,0.0012168828587195255,0.00175841278070217,0.003380090910007971,0.000896954572959721,0.0011014981927861432,0.0009059657623892084,0.001428304159518388,0.0032343818084843803,0.001157674157724127,0.0012575282446485145
58,0.0012442856798908389,0.0017979352924062711,0.0033972497535622345,0.000920790067230738,0.0011186008397689677,0.000931239097217902,0.0014660194145606987,0.00326272207631266,0.0011890426181597128,0.0012829479978695778
59,0.0012710388260418037,0.0018404879197201054,0.0034096617484097366,0.0009272894894809109,0.0011342791857553661,0.0009471262956614492,0.001495710169656175,0.00325843529055738,0.0011924897247817161,0.0012935958582799298
60,0.0012964538330334661,0.001881011012581935,0.003426776007334198,0.000935840311341911,0.001156627649632547,0.0009732550083643531,0.0015401171690307726,0.0032999278638992254,0.0012175025859731642,0.0013292440836288136
61,0.001321715567966271,0.0019161756666215988,0.003442183469103376,0.0009529065945532184,0.0011792823578769464,0.0009860695136850919,0.001557337865433984,0.003294539766188001,0.0012367283359970118,0.0013477271747512221
62,0.0013513277596667733,0.0019514476162539808,0.0034498685087396134,0.0009717265316848357,0.0011955721370603858,0.0010070597397536158,0.001583794386727839,0.0032979044822237036,0.0012611731401973869,0.0013636585153477404
63,0.001384417457773258,0.0019888815446026968,0.003455442091087131,0.0009906607654809791,0.001214753871915427,0.0010419447413784282,0.001629146613855429,0.0033382764451006515,0.0012991918002000142,0.0013995691729547315
64,0.0014126807904419648,0.002028077952105889,0.0034667059357631185,0.001013368669856797,0.001238366755047616,0.0010548685460437701,0.0016475040734534889,0.0033282925176477463,0.0013189558088565075,0.0014181127820057716
65,0.0014335011534758644,0.0020699263369318875,0.0034873699195516424,0.0010416365833867886,0.0012639128066345424,0.0010689076815139577,0.0016803987281207647,0.003349979972887441,0.001353724607845757,0.0014485197324976145
66,0.0014629073095057785,0.0021146204470453866,0.0035052898173788573,0.0010641506414722252,0.0012925268406513543,0.0010901287561583576,0.0017157933487721635,0.0033688625630440582,0.001383348934035519,0.0014826345154141105
67,0.0014998955921061404,0.002156702689316328,0.0035130725392378574,0.00107854708095853,0.001320219056352687,0.001118920136205117,0.0017506808608361891,0.0033771895059214727,0.0014036251925374748,0.0015152788029333343
68,0.001534875711102771,0.00219533515538501,0.003519441637095989,0.0010904810787671286,0.0013435607507374704,0.0011473333897061315,0.0017850917586850104,0.00338441705614355,0.0014215209520732732,0.0015424298900376023
69,0.0015635468504130992,0.00223652039993626,0.0035396984868462872,0.0011063743318963576,0.0013639730743512052,0.0011694526902412668,0.0018207769949216987,0.003408877672739962,0.0014489272459844902,0.0015670866651806006
70,0.0015919657246899494,0.0022772602787958676,0.0035589068201953246,0.001127076264836219,0.0013820348027550379,0.0011903708721942594,0.0018533391732530788,0.0034313617816928333,0.0014796966541274124,0.0015886307023904064
71,0.0016244005281719552,0.0023136413805361785,0.003569295697307679,0.0011501040813198754,0.001400485502826571,0.0012142907346394832,0.0018801565436422929,0.0034420567177219884,0.0015080182829714812,0.001609786399557562
72,0.0016606343940966447,0.002350199878480184,0.0035877068961830912,0.0011745097887777302,0.0014249567159202424,0.0012390220748548424,0.001904259127280977,0.0034554837131226305,0.0015363868339822128,0.0016358988494017557
73,0.001691084704012075,0.002386162656891356,0.003605583331675033,0.0011927807503423716,0.001446799006185013,0.001262995856417457,0.0019343813092427497,0.003477886911326121,0.001561896735396298,0.0016639179684565324
74,0.0017158847538031809,0.002421376221957746,0.0036214478794565144,0.0012075006948004223,0.0014640414685712175,0.001282097941245825,0.001962879283358301,0.003495857328336871,0.0015821211511850319,0.0016853088366439062
75,0.0017414337939873632,0.002454014493477235,0.003636200378723449,0.001226034591834425,0.0014801919436183664,0.0013007117773725758,0.0019863312492890417,0.0035104436051345595,0.0016062105638594002,0.0017033279017181972
76,0.0017701557847976592,0.002491077817046923,0.0036536798363014937,0.0012446343456702083,0.001497352487300908,0.0013240455555787929,0.002018017377001762,0.003533419014218001,0.0016329044955538153,0.001725126370876447
77,0.0018011611917368331,0.0025273533118751706,0.0036774786066917876,0.001256516028991092,0.0015158692762631543,0.0013490873248606034,0.0020514542013165367,0.0035609863097443672,0.0016515344227640923,0.0017479063298196109
78,0.0018273246425721962,0.002550866750592884,0.003705112148199642,0.0012605905562635593,0.0015328286937413154,0.001367963400718854,0.0020718907945629626,0.003584598877896549,0.0016581482024965206,0.001765325981274509
79,0.0018431874664370015,0.002571471702742946,0.003733138515865103,0.0012731449931897114,0.0015472596385409762,0.0013779293517687304,0.0020864021556457274,0.003607216380697782,0.0016725493623677256,0.0017799790427862768
80,0.001856962418766101,0.0025901299770598823,0.0037577632204173167,0.0012891156185648833,0.0015598392576743401,0.0013896216330929385,0.002103461645548877,0.0036344512036061145,0.0016926883806298197,0.0017966267050685432
81,0.001875617215939496,0.002607523161256981,0.0037773637952765297,0.001301802768628441,0.0015703890054434885,0.0014047081036877413,0.002119292377041585,0.003654728509767188,0.0017076406218306183,0.0018099393814838577
82,0.0018952663209612678,0.002628159433851357,0.003791867688905453,0.0013150758483517135,0.001577004246021839,0.001418759289220679,0.002134050672586609,0.0036681081983746455,0.0017240088432261941,0.001818578266609238
83,0.0019161079480541372,0.002647512462929642,0.00380789714295658,0.0013224310028199856,0.0015851172944186746,0.0014343655831491262,0.002147496170512452,0.0036835834681043576,0.0017347773978514584,0.0018286450285722952
84,0.001937011720459548,0.002667008065996981,0.0038295016224646505,0.001328144223583089,0.0015959644563205255,0.001449616520672007,0.0021605116478686155,0.0037018170155836676,0.0017432171720477476,0.0018395144365230562
85,0.0019533506438082905,0.0026898516919084624,0.00385224240210957,0.0013420672563337695,0.0016044570050890079,0.00146191088298335,0.002178757968230805,0.003724207140093241,0.0017634687998321836,0.0018491388374296815
86,0.0019679440065460034,0.002710477074605739,0.003875641823694925,0.0013530583519110804,0.0016126881441359169,0.0014730217435126073,0.0021963443514330626,0.003749419360860494,0.001779550209670202,0.0018600585641013168
87,0.001979187641744531,0.0027242594135522273,0.003900218090266398,0.0013571356241741637,0.001620109779908905,0.0014814745301433157,0.00220844500187853,0.003774831005089898,0.001785238369398847,0.001869806490614258
88,0.0019853587597735895,0.0027334294272881453,0.003927179757888749,0.0013612861933019022,0.0016262242159829094,0.001484254454973004,0.00221415909194042,0.003794984825660136,0.0017872592939386634,0.0018740570534111357
89,0.0019940440319753177,0.0027456999749637975,0.003951271482206268,0.0013699345702547566,0.001635547560427589,0.0014983818641632588,0.0022358655911046657,0.0038360459891125204,0.0018052216360045165,0.0018940505524931601
90,0.00200661285508205,0.002759169498784498,0.00397302566106169,0.0013763339676278032,0.0016425084976674916,0.0015003303950022748,0.002233656897565414,0.0038351877824835496,0.0018026416087338945,0.0018917788206534144
91,0.0020197048232296834,0.0027699588984694463,0.003993909706376983,0.001376951499074163,0.0016446287034381343,0.0015126228759786697,0.0022426638539969073,0.003858438001652167,0.0018066091810814298,0.0018960395230981832
92,0.002030872641867677,0.002780565013914478,0.00401165148480928,0.0013805534420295875,0.0016517125197078525,0.001520511371819791,0.0022502724920276883,0.0038748929396984232,0.0018129736579258913,0.0019046891791840608
93,0.002042552595178317,0.002791159942420423,0.004030027832338534,0.0013865003745909957,0.0016594426513068165,0.0015297030192754383,0.0022600775529247694,0.0038940908598024985,0.0018236519638715474,0.001915286184879193
94,0.002053876393799912,0.0028004881702342996,0.004049669332827655,0.0013917941375244107,0.0016630356058262824,0.0015399319101193232,0.0022695083353640793,0.003915711119817972,0.0018336192934777426,0.0019214791597887593
95,0.0020626374423578994,0.002810730131563291,0.004070878651292201,0.001397815829973133,0.0016662580710028534,0.001546145574788915,0.0022766991149889963,0.003935118107982067,0.0018404731714905954,0.0019252932592411492
96,0.002072898804051699,0.0028193994462559152,0.0040936645337724025,0.0014031559604285382,0.0016672752431712307,0.0015535360042648134,0.0022819256541979603,0.003955223075183275,0.0018451021172327937,0.001925685823691337
97,0.0020852458209029445,0.0028282260845219,0.00411247475996597,0.0014080722453419417,0.0016700486228586947,0.001562508435815172,0.0022866444871840787,0.003970237182290707,0.001849565301565196,0.0019273926901691152
98,0.002096553139368616,0.002841414893548763,0.004123867213683102,0.0014145307108389968,0.0016795437616790544,0.0015706585977951083,0.0022953277578653766,0.003979027692027283,0.0018580558984625404,0.0019378735096254186
99,0.0021037730722065244,0.0028516372869486404,0.004137558991982423,0.0014206037694711568,0.0016828781537067908,0.001576832239984034,0.002303580756109526,0.003993243600321236,0.0018670478047954683,0.0019426137527699756
100,0.002108948818439986,0.002861230636621162,0.004155402270440104,0.0014243573580691028,0.0016836629896579453,0.0015830827932130527,0.002314188241563577,0.00401536704861613,0.0018741669765992876,0.0019461388855554482
101,0.002114965160564094,0.002874241210256774,0.004176058120855347,0.0014264617023056515,0.0016904498551277424,0.0015878332034173377,0.0023254472568261645,0.004034702442668252,0.0018770886386954456,0.001954246242191778
102,0.002118089221462337,0.0028804716081939426,0.004199546318780852,0.0014300000527110426,0.001694744359442024,0.0015884387574989255,0.002329351187397519,0.004052371060156157,0.0018810399510598014,0.0019575496891185277
103,0.0021198970532787216,0.00288202499615794,0.004218815089824406,0.001430631344886337,0.0016970905551909618,0.001589288878374369,0.002330091111839719,0.004069665338954879,0.0018817950229009315,0.001959837280791357
104,0.0021233295335440377,0.0028846512841413387,0.004230841142391212,0.0014275855609787427,0.001697878629629108,0.0015922780144395259,0.00233126807150501,0.004082188671969608,0.0018776777030061393,0.001960707747944499
105,0.002130078648020286,0.0028912490290166426,0.004243962247076567,0.0014282264391628577,0.001693866939104396,0.0015970430089892334,0.002335260670958199,0.004092988076961825,0.0018793298792468538,0.0019549066821515884
106,0.0021373965487621995,0.0028993094182549173,0.0042565033199107385,0.0014319804167115542,0.0016923697722599678,0.001603740021322021,0.0023436375475362594,0.004106329858421555,0.0018841774797367277,0.0019540937209582706
107,0.0021431470504942847,0.002905412901274408,0.004269807897655785,0.001435304081881099,0.0016970768900023173,0.0016090008131436993,0.002350291588625217,0.004119812863560243,0.0018868716097699425,0.0019609084672089425
108,0.0021464310158633084,0.0029077632110805092,0.00428684141181299,0.0014360000047508208,0.0017030886679586937,0.0016107240761275745,0.002351133314326341,0.0041335056662203905,0.0018886223993693403,0.0019680678412471756
109,0.002148628377312476,0.0029121856954012057,0.004303782055119871,0.0014395046982638537,0.0017050819068903445,0.0016117685232103942,0.002354384690128124,0.004147939958302079,0.0018928908427228149,0.001970343405743553
110,0.002152108591013265,0.002916703722824963,0.004317282632174131,0.0014413106448178583,0.001702885033625416,0.0016146630072169212,0.002357951062940907,0.00416062869571363,0.0018946036688778814,0.001967552297854877
111,0.002159503134921091,0.002919976217333951,0.004330654949850222,0.0014385357454259156,0.0017012011002572854,0.001620997673715737,0.0023587639165047244,0.004173529377831462,0.0018920898226081851,0.001965051992537344
112,0.002165322088396604,0.0029233935477025537,0.004343267550305957,0.0014404874317674667,0.0017017337490873893,0.0016265566145780327,0.00236053488021277,0.004187949353184921,0.0018953220311598647,0.0019667121580025097
113,0.002167003631574493,0.0029277999191315482,0.004356270837935775,0.001442867549194679,0.0017024480785557549,0.0016287734319116835,0.0023660096770403522,0.004202153920837028,0.0018984408673017577,0.0019684691016148186
114,0.002165229861103711,0.002933323976158917,0.004371489778930013,0.0014413044886625059,0.0017027777278118175,0.0016277984891322117,0.0023744289598700927,0.004216649485744473,0.0018964090878011242,0.001968830826800474
115,0.002161689371397429,0.0029377421678423647,0.00438715257205281,0.0014399999270597,0.0017040481478641884,0.0016231503060788698,0.00237731594572502,0.004227418908791145,0.001892378245305347,0.001968873792435272
116,0.002160266332498262,0.0029390182874015048,0.004401894044509355,0.00144088109332815,0.0017021547959060336,0.0016218350499192069,0.002378714599631109,0.004241336419230983,0.0018931342332785337,0.0019670287270899937
117,0.0021655394507179015,0.002939895567549895,0.004420016424568573,0.0014439625743658429,0.001699844308923008,0.0016268376228917765,0.002379817666780308,0.004259076762827806,0.001897247277137845,0.0019646076159757905
118,0.002174429621278208,0.002941089180863314,0.004437517185473399,0.00144543450166729,0.0017008929083017806,0.0016346222462145393,0.002379313206298317,0.004274790686771108,0.001898469345477085,0.001965392329566707
119,0.002177691400229302,0.0029442161204575276,0.004444719678313962,0.0014433660582890485,0.0016994362687700814,0.0016370067836293922,0.0023812418551205183,0.0042813109527359335,0.0018965785684120595,0.0019631416314798453
120,0.0021781777023288187,0.0029475106253066537,0.004451903577226326,0.0014416292214252007,0.0016972074426472824,0.0016376602253169665,0.0023853411842192094,0.004289910040198567,0.0018953572595305924,0.0019611639641181843
121,0.0021815430516643397,0.0029506259519350214,0.004470835199587436,0.0014452845635343939,0.0016992298187083097,0.001640336654696604,0.002387764236490366,0.004307106562763647,0.0018978500469530198,0.0019637035265626197
122,0.0021816546483821183,0.0029557303257464625,0.004486339368591052,0.0014522151621136842,0.001703027684734711,0.0016398684020037533,0.00239063219252377,0.004320983665671103,0.0019059135529613494,0.001968244164170195
123,0.002184633862957288,0.002962383146059034,0.004501479231970401,0.0014547533378955054,0.0017072044896343458,0.001640843609556061,0.0023947097844295106,0.004332538758364675,0.001909261683737248,0.0019728402342665285
124,0.0021920164332313538,0.0029664743873282053,0.004516905969023116,0.001452587944584545,0.001708404482974956,0.0016470276747900644,0.002399309641255552,0.004347275853692066,0.0019082222916646761,0.001975687529930622
125,0.0021993434713603,0.002970387789664796,0.004532383430839266,0.0014574817458404257,0.0017065453214076816,0.0016540368898276129,0.002402494601255041,0.0043640239175454015,0.001916201616498945,0.0019747271685557977
126,0.0022062058920917582,0.0029757844538225737,0.004548284483736953,0.0014619763601468466,0.001706952091113372,0.0016589773214043622,0.0024051158845999807,0.004377443012780117,0.0019209909718906066,0.001973789283369805
127,0.0022083240360059424,0.00297878733073375,0.004560415549481368,0.0014611787790944708,0.0017090776169527886,0.0016606864369919183,0.0024074694097107503,0.004389034811071911,0.0019196991662172238,0.0019757967707294557
128,0.0022051953513379974,0.0029804360110888715,0.0045735586420043925,0.0014604143412349857,0.0017109362066463157,0.0016595211965627077,0.0024093859766093455,0.004404669049771372,0.0019204035102197644,0.0019796358948586004
129,0.0022037578467163643,0.0029866258327085893,0.004594495595464492,0.0014602639218907493,0.001713997445166201,0.0016588665351381087,0.0024160902341715446,0.004425454845173549,0.0019185877309232367,0.0019831055212296603
130,0.0022045326851779933,0.002992896877042284,0.004615255545673458,0.001459923555031709,0.0017153192003689659,0.001659602214866072,0.0024228036300084337,0.004444810679567327,0.001915407923064241,0.0019840468655198946
131,0.002206101339631172,0.00299633860427804,0.004631218021272501,0.0014612152855074563,0.001712904533143731,0.0016599188160171742,0.0024237300884020793,0.0044566660956069145,0.0019149839679629345,0.0019803719380974702
132,0.0022083491655809553,0.0030019813476844536,0.004649476525826482,0.0014674408117430022,0.001708788347324118,0.0016623854209217499,0.002429326336367535,0.004475498082178281,0.001923217583995374,0.001976662865986325
133,0.002213405645816804,0.0030068595549538535,0.004666987106081252,0.001472105935203108,0.0017072672871580972,0.0016666427473714686,0.0024340357335862414,0.004491889603450515,0.0019293205212691082,0.001974838553247525
134,0.0022193056272466214,0.0030090072945373105,0.00468243629063386,0.0014719201308061012,0.0017098696092952882,0.0016705398312977947,0.002434403336190394,0.004503505373701397,0.0019290705531416455,0.0019763412346827337
135,0.002221353448540946,0.0030133703020454807,0.004705306688737715,0.00147336615815847,0.0017139501949521155,0.001670332446159205,0.0024343759526713866,0.004521655246089731,0.0019307015571940315,0.0019789408091098032
136,0.002221556495799052,0.0030147141068220893,0.00473070163490413,0.0014746775922419868,0.0017144557032877836,0.0016705866923667943,0.0024345237441140075,0.004546679752674958,0.0019321923692707987,0.0019790841720838887
137,0.0022240118243688554,0.003017651061693203,0.004749133317415794,0.0014756361380250135,0.0017139027533273397,0.0016738622967998678,0.002437923764169671,0.004567581150893397,0.001933551379137158,0.0019797530097259643
138,0.002230911742057073,0.0030287401253946944,0.004760897591352034,0.0014785034685786398,0.0017168568289901856,0.001678823846906029,0.0024456724809421362,0.004577983035710349,0.0019366323480012402,0.001983798486692598
139,0.002239508241698097,0.003038943147550214,0.0047811848917581395,0.001483594435517978,0.0017196169276976873,0.0016850097948642412,0.0024534279748177354,0.004595997943925526,0.0019419432373224189,0.001986851324019972
140,0.002246365584168623,0.0030495024194278977,0.004806145611670381,0.001489823819711726,0.0017233610428815137,0.0016898262066559959,0.0024615868497564284,0.004618784610056626,0.0019490158570206351,0.0019903920316857366
141,0.002250399727851454,0.0030612350233962552,0.0048262286887015456,0.0014938224386644614,0.0017282047594025201,0.0016927812997251264,0.002470159776139859,0.004638319298471698,0.0019548253252401914,0.0019955935351968893
142,0.0022559238135486147,0.003068372493168333,0.004847207713480084,0.0014930093383765644,0.001729579600700269,0.001697308063096971,0.0024747167078296127,0.004658930015120901,0.001954534438459229,0.0019968019939650083
143,0.0022616924954635244,0.0030787520926616576,0.00486758058800873,0.0014945366708392803,0.0017299763834565,0.0017020678179222545,0.002483392052441759,0.004680394619852025,0.001956886320662548,0.001997681583248556
144,0.002269300193281561,0.0030964934422222624,0.004888207471044983,0.001500635410016374,0.001732659849366118,0.0017070030629625786,0.0024970238717763656,0.004699685845705682,0.0019635718607732625,0.001999940187863996
145,0.0022800663231135683,0.0031136084853427056,0.004906339162724638,0.0015063399760232975,0.0017364890702776831,0.0017151351777736918,0.002509053777534596,0.004717029722874567,0.001970496850834184,0.0020030800777116817
146,0.002296084672217248,0.0031318540783177654,0.00492661895445711,0.001517437988805352,0.0017435767064282739,0.0017272105068190599,0.002520285707451476,0.004736267572630306,0.0019848261182374275,0.0020107163548456625
147,0.002313289151743901,0.0031547322991451543,0.004949017151678758,0.00153125590580673,0.0017502345556031354,0.0017390565335010724,0.0025349192176436853,0.004754955851715161,0.0020016250335326115,0.002016777840520141
148,0.002327172499511467,0.003180811398226348,0.004968343968079263,0.0015413326571473455,0.001754077136145814,0.0017487836384706052,0.0025548536600028446,0.00477199627246719,0.0020144542972988016,0.002019158207800379
149,0.0023454724259193388,0.0032079193164758703,0.004989259139966708,0.001550879766648466,0.0017661779380217216,0.0017621155634218772,0.0025733536866915747,0.004791734006387765,0.0020288486132766024,0.0020321229296628163
150,0.002366996875229812,0.0032390269144456346,0.005010814504864342,0.0015640767006307981,0.0017797845545798215,0.0017788582900029521,0.002595750465537565,0.004814263649759852,0.002047778661832275,0.0020480100792871717
151,0.002389631501803706,0.0032766535970953398,0.005033051244561275,0.0015815059428441107,0.0017911910307621068,0.0017949235452948478,0.0026228842921079075,0.004833412282843351,0.0020690298940218236,0.0020593707327754797
152,0.0024122939977284474,0.00331462256133003,0.005050852899413335,0.0015978081130948326,0.0018057378003417431,0.0018107518231769788,0.0026502981615525198,0.004849581005166085,0.0020914508670215304,0.002074974259053204
153,0.0024418844447904983,0.0033592729335212377,0.005066086464922608,0.001617952405854713,0.001822498186045798,0.0018321460792657155,0.002682019716817798,0.004864102467799788,0.00211775464779646,0.002093228734598362
154,0.0024757656503318205,0.003410398057122198,0.005082711098994403,0.0016423094631387099,0.0018422330763037057,0.0018573611340892266,0.002719115233979232,0.004881674325400883,0.0021500884361713318,0.002115239058448601
155,0.0025054974653037016,0.0034610663131975123,0.005096426330346077,0.0016652297900216996,0.001863804993753468,0.0018794666196921962,0.002757213704712606,0.004897744003994989,0.002183738185068236,0.0021396679293575996
156,0.0025419104738899963,0.003524128927456757,0.005109715069565333,0.0016899660479285543,0.0018866598064595248,0.001905100591990627,0.0028038236329089813,0.00490882625102559,0.0022161304932342466,0.00216328759372013
157,0.0025861338244132013,0.003597462929599482,0.005123385988754435,0.0017198351203365457,0.0019127674121204982,0.001938249702427886,0.0028601471760401035,0.004923263484245926,0.00225595375602613,0.002191642307563961
158,0.0026344161302423955,0.003674639709210158,0.005136678998581584,0.0017537334538052958,0.001944492893777395,0.001974553607700469,0.002918336753918225,0.004937661680507214,0.0023024780305418865,0.0022268790794883063
159,0.0026871090989301267,0.0037594835154396208,0.005150010796734693,0.0017881309633512566,0.0019833389379335636,0.002012454768662724,0.0029805228994925713,0.004950498580208858,0.0023490872612210775,0.0022706446567361672
160,0.002743495607559818,0.0038493940770343046,0.005159165994209749,0.001827909242429281,0.002023563382923961,0.0020539617301220813,0.003047452470396576,0.004962037395471516,0.002404185284804846,0.0023159339848482013
161,0.002806091555244265,0.003947832327717605,0.005164433494491384,0.0018755561802612382,0.0020638842362552283,0.002100779109524149,0.0031219841338564966,0.004971547886038683,0.0024698689327921786,0.002360317357602398
162,0.002878230528039811,0.004063152411592577,0.005172882844755569,0.001927664246840499,0.0021109151791564294,0.002155313049481919,0.003212685526434039,0.004987156368802259,0.0025420322582695087,0.002414216456059749
163,0.0029518805680934426,0.004187470949195291,0.005185686080292824,0.0019771563014723474,0.002171098557149178,0.002208777749624873,0.003308642690915525,0.005002933927645016,0.002611266652873092,0.0024827166741618824
164,0.0030302036292905923,0.004320861959781733,0.005197943736183408,0.00203217045701298,0.002237183807645053,0.0022649299064067346,0.0034093911681939517,0.0050170738210634,0.0026872646622028997,0.002556589276013919
165,0.0031173345909830947,0.004466102672700391,0.005207645589872131,0.0020991224801338265,0.0023034713267585777,0.002328835328024841,0.003519673841037824,0.005033064933095743,0.0027784499022996054,0.0026306993059670675
166,0.0032048495273385115,0.004616388511461555,0.005212879564264785,0.0021658818344622533,0.002377121810370762,0.0023926518085117606,0.0036353398309264748,0.00504759976364856,0.0028709810379597108,0.002715221169042315
167,0.00330216295148787,0.0047778491312026605,0.005222053763669447,0.0022376813485331585,0.0024596682528375516,0.0024636435110415742,0.0037597194202076733,0.005067018669859045,0.00297090270314286,0.0028096205637799993
168,0.0034033539613422146,0.0049399339101654045,0.0052330009663287165,0.0023106253678191013,0.0025386475247295434,0.002539101755017135,0.0038855822281743642,0.005091191228599108,0.003073789778463468,0.002900187041760055
169,0.003500900072097478,0.005098326297841861,0.005242708442235463,0.0023796089109503547,0.0026105187833466736,0.0026113497309978354,0.004007265773992895,0.0051139482342867915,0.0031713195086888746,0.002982440168994082
170,0.0036059930961266848,0.005270174373370673,0.005255985541162659,0.002454056406241881,0.0026979024632965763,0.0026887259506429588,0.004139932608759143,0.005140695089152143,0.0032764430637921473,0.003083400865695484
171,0.0037207101363911496,0.0054585435063971175,0.005276223983986869,0.002537900708844244,0.002796322048757368,0.0027736153186979137,0.004286850410248306,0.005176363181239204,0.0033937789085284526,0.0031972972446095878
172,0.003832994488308929,0.0056455926963354846,0.005294100476558154,0.0026218527880062332,0.0028852844777961266,0.0028585801748257727,0.0044356370356097435,0.005214147925169537,0.003512394273213713,0.003301168033104099
173,0.003943245269189926,0.005829946220993101,0.005316520935660229,0.0026991248345366596,0.0029763409630081967,0.0029386545655953333,0.0045786956865193455,0.005250810339214339,0.0036206270647200374,0.003404964199085065
174,0.004050036880624152,0.0060109084561477365,0.005341648548245633,0.0027766558753679663,0.0030719697468170664,0.0030173863424457523,0.004721850306551937,0.005294769502116817,0.003731623430164156,0.003516291350249843
175,0.0041559453194309785,0.006188277868448713,0.005367864666200862,0.0028574987309707882,0.0031667920988401126,0.003096265478102016,0.0048619419662477206,0.005342416419095049,0.003846274256788396,0.003626683446675928
176,0.004265318001929606,0.006360629466289043,0.00539356771238091,0.002932747446952865,0.003253826768253009,0.0031792284467002194,0.004997875823386459,0.00538934346756454,0.00395380215387121,0.0037282934539931653
177,0.004374787730671634,0.006534637433168405,0.005429765360956393,0.003007328727074486,0.003339125226165957,0.0032602738352154855,0.005134662623203365,0.005443737133476741,0.00405681023125309,0.00382494728135032
178,0.004469545179701497,0.006693665130721589,0.005462451194003177,0.0030786426833938926,0.003417719406184064,0.0033317582942019616,0.005263426222739817,0.00549734701379875,0.004156526733267175,0.003916403733750674
179,0.004558891006462139,0.006847766721462074,0.005494268532932668,0.003150766902376713,0.0034960469780952867,0.0033980278793945672,0.00538470672552025,0.0055470275169870005,0.004256255298419543,0.00400763308396465
180,0.004641881823635821,0.006987755049003724,0.005525027967559196,0.0032094027040053645,0.0035678494407668146,0.0034599243834732983,0.005497711242142752,0.005595256812648529,0.004339202534338885,0.004091851030778438
181,0.004728933439185446,0.007117887022041627,0.005561229843394466,0.003270284481459154,0.003625319515802531,0.003525080245211765,0.0056020652119656645,0.005645316975849858,0.004421250612303466,0.004156928013571223
182,0.004818651786754128,0.007242912798253488,0.0056065346491237095,0.0033411330806386533,0.0036710390223543003,0.00359199837044518,0.005695923964942522,0.005700308622372646,0.0045120144828644385,0.004204188045678863
183,0.004888102277000064,0.007357414504166723,0.005651033349148893,0.003399844674191058,0.003726023109832928,0.003644835698207437,0.005780513326452127,0.005757521562649469,0.004592509163945568,0.004264756234644726
184,0.004930758913929827,0.00745854618205452,0.0056644595554721944,0.003442179106118792,0.0038131915023300656,0.0036765624632745858,0.005868114001177008,0.005783734202671664,0.004656563039025831,0.004375415183765251
185,0.004961951705470285,0.007568976034716434,0.005670195714772374,0.003475823913587718,0.0038894859468639417,0.0036957151494358682,0.005962039014702526,0.005796130171312457,0.004702997335744078,0.004467669235266963
186,0.0049987693734812695,0.00768949640376956,0.005702369053418697,0.0035087098902770674,0.003903274956571264,0.003724520074867966,0.00605851900128775,0.005842063360535446,0.004744947742867982,0.004474397016867584
187,0.00505559846259371,0.0077760187878139035,0.005746337114632808,0.003549756966130452,0.003910497142263393,0.003770906710926177,0.006128701259849067,0.005901868457745927,0.004792966761464562,0.004477591006582088
188,0.005126867845428306,0.007838063880374044,0.0057852403405521825,0.0035878990577727617,0.003952553927321335,0.003825658880259882,0.006183967358685974,0.005948262083814768,0.004842530355522258,0.004532845032212293
189,0.005198968357457387,0.007906382871674023,0.0058248926200799075,0.0036180277447622946,0.004011611325247589,0.0038759951363399638,0.006242245816554001,0.00598342691051533,0.004886503159498243,0.004607964352240352
190,0.005246823315595634,0.0079776853253689,0.005871419310049472,0.0036436582331227227,0.004021599312846583,0.003913591369862279,0.006303986783260089,0.006033446500508705,0.004926646945425757,0.004617514393068885
191,0.005289870776723742,0.008067639318223812,0.005918052322816231,0.003688685501904656,0.004029766323530924,0.003947900497026019,0.0063736356617934715,0.006077352294266477,0.004986107000487008,0.004616824653279199
192,0.0053258331376638225,0.008138696912409841,0.005944711280997898,0.0037359931468861907,0.004074704385238201,0.003980387972304464,0.006432635468821374,0.006102003627877061,0.005054104215790469,0.004669911068709976
193,0.00535318561224585,0.008175412431388527,0.00595537487618743,0.003763789613680958,0.004160205035808933,0.004001612578182932,0.006460654679931361,0.006106918766971362,0.005097754188363144,0.004778721844596453
194,0.005379694771609334,0.008231309147804249,0.005968200715277715,0.0037913629126422837,0.00423236876336668,0.00402331867969932,0.006508470208944298,0.006119926892811097,0.005138631576376041,0.004872482323668612
195,0.005403306972901364,0.00832874894448502,0.0059887063990588735,0.003816872267668866,0.0042406253306194516,0.004043622878963223,0.006592707709408867,0.006139655734910356,0.005170992967512759,0.0048818849542284415
196,0.005421347765890703,0.008440778581533914,0.00601506428022391,0.0038300520740297346,0.004203448663831006,0.00405601947675589,0.0066859244059969325,0.006158589868220959,0.005179691312846927,0.004827284649844389
197,0.0054462481100205525,0.00852445572831597,0.006049618298043676,0.003835087395060866,0.0042086756387286215,0.004080564838871614,0.0067711188147501575,0.006205446988676943,0.005190780082064282,0.004838280046581076
198,0.005476676878226046,0.008566774747174004,0.0060657483234273024,0.003839233393104715,0.0042742326595134935,0.004104918701281581,0.006815745086235091,0.006226843192600409,0.0052013894067155465,0.004927905498658427
199,0.005514170023988685,0.008591855473814,0.006083427937950805,0.003844585284887033,0.004351987524317568,0.00413544539422003,0.006840881897597163,0.006245978117954826,0.005217042913135823,0.0050325339030687834
200,0.005550833462355313,0.00861346219935836,0.006120016848672509,0.0038422398080113136,0.0043762220171681,0.0041654219221982465,0.006854409027077914,0.00627913184352296,0.005219787672228503,0.005059607431018751
201,0.005592526640379718,0.00864468621680665,0.006157112522276052,0.00384734136777798,0.004362790579131861,0.004198381113973112,0.006876336659721016,0.006302356060463916,0.005226418294552587,0.005035009186897943
202,0.0056085538849582825,0.008662649469938357,0.006182767061835019,0.003859472226302871,0.004346577621303408,0.004210248515323254,0.006889228116026835,0.006316024423180252,0.005239938594845629,0.005008331006601219
203,0.0055868653026239674,0.008658098292989308,0.006202445551590088,0.003884414594159501,0.004342715906115014,0.004192808254231953,0.0068871319487953915,0.006336696851061692,0.0052681170386531815,0.005002150719197479
204,0.005551960314578582,0.008640132924324752,0.006223799426104162,0.003928148720464805,0.0043300417073794326,0.004155783106036157,0.006862739124027383,0.006351072433954874,0.005299212076541624,0.004977383078396536
205,0.0055284342213878694,0.008609759385842432,0.006240064337875764,0.00395305766874292,0.004304125060041901,0.004129928470374441,0.006826559770215307,0.006361616251165934,0.0053076254857101065,0.0049379222687158325
206,0.005516467706775913,0.008563707538074759,0.006249864714186171,0.0039470943337472884,0.004263639102182727,0.004119883665185873,0.006785227585768878,0.006370014171494324,0.005288127964472267,0.004887643647731555
207,0.0055059509779103,0.008508958627569063,0.006264822298052544,0.003931156684913588,0.004211283165282236,0.004114913654037906,0.00674693137490356,0.006383656020077694,0.005261424827910148,0.00482818210183972
208,0.0054853504631528025,0.008445892390688556,0.006283957650648268,0.003917860943965435,0.004147443505570146,0.004101153442558964,0.006699600122269639,0.006394862020313251,0.005232778160653279,0.004752271208837831
209,0.005453037794006282,0.008377164118740251,0.006299509943118772,0.003910497044289762,0.004092010260152819,0.004071788015843507,0.00663761223053605,0.006390983719150309,0.005202552747936573,0.00468277375323572
210,0.005407049186723804,0.008308765533544206,0.006309583724340949,0.003901443854740713,0.004047741816806283,0.004036764160969288,0.006585350627527057,0.006390011159199487,0.005179773859456488,0.004635679118257122
211,0.005342490946973707,0.00823489914513639,0.006313061335178894,0.0038742777367221847,0.003990375239226842,0.0039868522646819594,0.006525961610240835,0.0063788648339804625,0.005135467655223408,0.0045672421058727646
212,0.0052912394002536615,0.008163755476275875,0.006321366682892644,0.003830954982558083,0.0039228341297514275,0.003949595905159914,0.0064674382489254235,0.006366339595158563,0.005071586508671746,0.004481099582050851
213,0.005247295905795975,0.008089695456555763,0.006328978877566568,0.003776833292773143,0.003865839979879028,0.0039183430263041484,0.006405321763313665,0.006345325268686382,0.004996689199045417,0.004407470445875784
214,0.005184292759472086,0.007996267114225476,0.006324053951720298,0.0037133633823101214,0.003826541472404158,0.0038769763723828167,0.006337505233028006,0.006317764949934105,0.004921176213511031,0.004366616681396473
215,0.005105418102563838,0.007891690099682708,0.006322126661441748,0.0036484962280557624,0.0037889605771967466,0.0038234087608828055,0.006262721553210349,0.006297192988781445,0.0048430373552376775,0.004330220707574598
216,0.005034312049099046,0.0077839187044681625,0.006333996913952951,0.003594964063121232,0.0037374975258199646,0.003772226822222006,0.0061793433109802245,0.006285792637939606,0.004768500921042439,0.004271501828708056
217,0.004974458327646211,0.007671685733109005,0.006352228442459876,0.0035464275301152607,0.0036672178848421643,0.003727795440020732,0.0060886701152435855,0.006278135880352771,0.004692436913887713,0.004185904133872595
218,0.0049133175606818225,0.007554537306754913,0.006367702389526473,0.0034913567920089776,0.0035880391145303495,0.003684892508254541,0.005999055420889159,0.006274976053454883,0.004610609415400716,0.0040926125581746175
219,0.0048498026064150435,0.007433598107952347,0.006389048659172784,0.00344837225955249,0.003512406820076341,0.003636169167628898,0.0059014118293156635,0.006272177774275481,0.004538795652189203,0.004001032179489224
220,0.004778053875241258,0.007298037189191763,0.006409590644740023,0.0034012793590795765,0.00343868949420736,0.0035840077622998467,0.005795357382324705,0.0062727176256322965,0.004466304547446428,0.003915471810197435
221,0.004702355909177429,0.007159676370794015,0.006429449397080878,0.0033401744829409576,0.0033671577140315617,0.003530205161019605,0.005686947690664234,0.006275475004457859,0.004379506777092913,0.003833110862277431
222,0.004630637803414672,0.007041823781373928,0.006450688920491712,0.0032863962018053108,0.0033001296966675793,0.003475507389261646,0.0055899848539852975,0.006277374963570145,0.004297208591901856,0.0037520894512698697
223,0.004563794173202121,0.006930460675063854,0.0064713121870603124,0.00323755312087834,0.0032340077201396954,0.003427816936697974,0.005504019402398337,0.006286443798479952,0.00422687541589385,0.003675661330179392
224,0.004501017618058635,0.006821566126387918,0.0064951914942958985,0.003193819826497704,0.0031719375773373035,0.003379742058884967,0.005415296138186152,0.006294118367179491,0.004160329095767586,0.0036004669687514
225,0.004438339552750734,0.006715807004121329,0.006519935014228804,0.0031555193485304843,0.003116118762950243,0.0033350319228591715,0.005335868963567832,0.006311806056258188,0.004104229719205029,0.0035368180629709654
226,0.004380401937560209,0.006614729361580183,0.006543108540635766,0.003118468457375526,0.0030641186434248913,0.003294247566012749,0.005259622248028912,0.006328162765516699,0.0040484922420267935,0.0034779162606030523
227,0.004326297406299996,0.006518022198375559,0.006564271626874645,0.003079706966793249,0.0030144667930957093,0.0032536149743495665,0.005181446866190016,0.006337838601622767,0.003989325083992114,0.0034188152175233686
228,0.004275554973523872,0.006428338878134772,0.006585728761218183,0.0030422449379419645,0.002968404895198651,0.0032185066532368204,0.0051135130383843045,0.006355246193761073,0.003937952434777099,0.003366981960852748
229,0.004229586651833693,0.006348830289905093,0.006608291026106127,0.003012008202023244,0.0029266496245282324,0.0031822739185928674,0.005046208999127932,0.006364486302785083,0.003887317183041608,0.00331473339462678
230,0.004185070886504694,0.006273401852429823,0.006632587726671716,0.0029839134738727886,0.0028830241846851614,0.0031502223234872624,0.004987231024723281,0.006382025332173306,0.003842484753185194,0.003263175632301152
231,0.004143602853065787,0.006205826818266702,0.006659370168133488,0.002958080911490202,0.0028432784435849503,0.003116384845418205,0.004928607701634289,0.006396103577105371,0.0037982961961581124,0.003212719679988992
232,0.004103073900469879,0.006141857332741208,0.006678323736323248,0.0029336840808172,0.002810198282443368,0.003085108196307641,0.004876156227319756,0.006408488499280226,0.003760661626662184,0.003172819512238873
233,0.004068346186294939,0.0060817809521224635,0.006697353220534063,0.002912363426919941,0.0027791651158389137,0.0030604810118791312,0.004829744365536472,0.006423384100092488,0.0037276944645698597,0.003135826801065265
234,0.004035070556367269,0.0060282807233844275,0.006720065530299669,0.0028880054979656664,0.002746953618706522,0.003037026187488814,0.004790066619618763,0.006443447009009659,0.0036925735948022268,0.003097807296045261
235,0.004001746684969211,0.005979781378866258,0.006747191551432294,0.0028587798925497226,0.002715506090502404,0.0030143402715930366,0.004756169259458961,0.006471497459289196,0.00365473880308218,0.0030626202716990104
236,0.0039716558065541465,0.005931192632505506,0.00677932460675199,0.0028304584361259566,0.0026880678039271676,0.0029908058607163454,0.004714601014689844,0.006495095583671978,0.003612943468606132,0.003028337763576177
237,0.003941507702685836,0.005881853461389836,0.006814080926391725,0.0028075949856452205,0.002658227233739946,0.002969775595816393,0.004677416917051862,0.006526454769845498,0.003581111775540783,0.002994006985790632
238,0.003913183561817889,0.00583780930431944,0.006848174252605017,0.0027878488267060668,0.002633869488873021,0.0029722059754088595,0.004681011482074654,0.006607795450434545,0.0035794686221446766,0.002988867213800179
239,0.0038850380837070616,0.00579565091802913,0.00687211016425564,0.0027678584760022877,0.0026165330349844774,0.0029269548948685333,0.004611389601589781,0.0065746812856742895,0.003519650385375119,0.0029443661194439577
240,0.0038603174930643817,0.005757642289169578,0.006893025000859101,0.0027560110970884324,0.002598485517517799,0.0029094968294781894,0.004584477414031638,0.006595775671592553,0.0035022728079895163,0.002924288098673104
241,0.0038396360655361733,0.005724758240675256,0.006913987116814286,0.002747623915858073,0.002581036156804828,0.0028908808893790354,0.004553226603390047,0.006608117267911128,0.003484324605286254,0.002900154906551167
242,0.0038211344707512053,0.005694176894984004,0.006931731714080297,0.0027366493791488363,0.0025629005259560932,0.0028788311055122314,0.004530370641668663,0.006628071608086414,0.0034677592080758347,0.0028794023808006467
243,0.003807789949944344,0.005670922354382065,0.006951600633609785,0.0027260891483321726,0.002547432066530356,0.002868759698826904,0.004510757959620757,0.006644388237111667,0.0034487693198021682,0.00285967477109241
244,0.003793183937318184,0.005647831776312646,0.006966424095679332,0.0027177812074160356,0.0025386446193834595,0.0028618397335384883,0.0044982499666815666,0.006665910209357342,0.003438923276378191,0.0028538359259920754
245,0.0037818741409891238,0.00562762120319694,0.006981066210819441,0.0027106535154295553,0.002528287203544651,0.002853844033647635,0.004482135467682769,0.006678355529869485,0.003425928403370703,0.0028420104688350383
246,0.003772461223554009,0.005609761839800236,0.006995797402334194,0.0027035491741537842,0.0025142022999779063,0.0028465212562346193,0.004467110408539137,0.006689516479482448,0.0034125819253232976,0.0028237755318718046
247,0.0037581206120391526,0.005590330060025934,0.007006391504320096,0.0026970326799458403,0.002502636785195981,0.002833983600016937,0.0044501191844087025,0.006695789827415703,0.0034013997109598646,0.002807791636868732
248,0.0037453083029879448,0.0055734430639141925,0.007019617310732693,0.0026911859459227997,0.0024888582501998518,0.002841331512488378,0.004463684218319702,0.00674688711844447,0.0034122192195886396,0.0028070798385642012
249,0.0037353214329327454,0.005553403430362484,0.0070397102094151166,0.002685358328968178,0.0024769488999092423,0.0028179512291820552,0.004421331402466152,0.0067245902091954855,0.0033816648022245615,0.002775952299104291
250,0.003721555158714785,0.005522775736800369,0.007057968310393901,0.0026766339419573024,0.002468170994324973,0.0028100728322759715,0.00439920373075276,0.006745658291581133,0.003369483795810203,0.0027675542979305567
251,0.0037047025232010223,0.005496169944336815,0.007073681463361711,0.002667244383504395,0.0024573820701949685,0.0027983524364957684,0.00437993905408259,0.006763316436448876,0.0033551881007513537,0.0027556182148567605
252,0.0036863741475432962,0.005467930633008554,0.007089840769396233,0.002657016106060963,0.002444323247529344,0.0027857403449211343,0.004359217816459631,0.006780688896270151,0.0033392154696208994,0.0027414805706284955
253,0.0036661338291914384,0.005434411416398829,0.007106297219891484,0.002644772402270748,0.0024260588992291113,0.0027689757978025384,0.004329229223002244,0.006789926043840329,0.003317044177509646,0.002718741216903752
254,0.0036431178836355436,0.005396364535633997,0.007121697873360118,0.0026297165287802768,0.002401374898764332,0.002751745540547238,0.004298988759342353,0.006802710624565831,0.0032939721191046823,0.002689837954362019
255,0.0036200765826735156,0.005354190967232482,0.007141354991384334,0.002612180343965641,0.0023784567082420368,0.0027351294300109377,0.00426710416788083,0.006821974492143533,0.0032692807044945875,0.0026636078929313414
256,0.0035937387659626396,0.00530906903056844,0.007164703050447777,0.0025902799150116793,0.002355064727984073,0.002715808393089824,0.004232250748457544,0.006844211196258063,0.0032406158012143454,0.0026358326494801214
257,0.0035645977849399586,0.00525963939883194,0.007187970797015859,0.0025666075748869365,0.0023297418019828002,0.002693900707713173,0.00419185672542342,0.00686467243589225,0.003208557448206726,0.0026046418532950683
258,0.0035369393188710973,0.00520583295416067,0.007211734076696085,0.002547029385262659,0.0023053113995175232,0.002673856128135551,0.004147899495676731,0.00688749862309875,0.003178362159548656,0.002575877801452892
259,0.0034990309425356092,0.005144913442821081,0.007231318159056855,0.002524049187121979,0.0022762560211056636,0.002651755460776852,0.004109111968751569,0.00692231517717401,0.003150899730133454,0.0025493142247351402
260,0.003461299915725147,0.005087487717632332,0.007253500670257838,0.0025021322783542327,0.002249496583607424,0.0026404098558109055,0.004090839793942483,0.006988673080711376,0.0031379336827378314,0.0025355068570612855
261,0.003430068851466512,0.005035129745477236,0.007274726166922932,0.002481631688277808,0.002225765510961271,0.00261233607792889,0.004042892108105434,0.006996815003914992,0.0031014371607339017,0.0025028273986693055
262,0.003399583258546997,0.0049840325621536225,0.007296355273429058,0.002456338089050979,0.0021970680834149203,0.0025765519646445524,0.003983543992171042,0.006982342795045813,0.003051602250515103,0.002456416419089781
263,0.0033668706495953156,0.004925998275968565,0.007321536272847429,0.00242578954642412,0.0021660335719440797,0.0025480791282685034,0.003930881279891915,0.0069941423176091404,0.0030038914107756868,0.0024156680211363927
264,0.003330233438276924,0.00486547490892726,0.007348791351276838,0.0023989756774675346,0.0021403160288345586,0.0025201049810055663,0.0038821074290590492,0.007019607597224066,0.002964205088905299,0.002385190292541236
265,0.0032931156446558787,0.004811396075206567,0.007372392712876717,0.0023805155751206925,0.002120910748459913,0.002491490419458448,0.0038400512690399792,0.007043983412561687,0.0029362915255063938,0.002362900941410791
266,0.0032649921305312815,0.004763423668019803,0.007392281876180644,0.002360395544138221,0.0020982312827284265,0.002472703806949709,0.0038047525361323397,0.00706940342260822,0.0029074115226033525,0.0023383050782388812
267,0.003236498228451173,0.004718448166955329,0.0074142885845752725,0.0023412671383707434,0.0020765087042071474,0.0024516203209009914,0.0037690795859127543,0.0070909001373865785,0.0028789296771714076,0.002312802143196677
268,0.0032046418910455328,0.004674633446214735,0.007435593841637082,0.0023244468319738847,0.0020562911704852978,0.002425679102009848,0.003732209025934368,0.007107100554257186,0.0028539142191361267,0.002288423481018993
269,0.0031801468695615872,0.004636705525855295,0.007456338610330167,0.002308847137529735,0.002035605790754889,0.002422719917713304,0.003725710114122751,0.007173893594309402,0.002850976724009084,0.002280658830433268
270,0.003162343878922435,0.004601437544421009,0.007474436727166702,0.002292365267043849,0.0020180184910959333,0.0024125009201036024,0.003701405495451078,0.007201546386058806,0.00283049599564556,0.0022625872739067284
271,0.003146717406310864,0.0045699278256900065,0.007495697041126093,0.002282089415042465,0.002004734956779769,0.002383842219837182,0.0036499161118973586,0.007170957373779244,0.002793069447002407,0.002229349026143558
272,0.0031308264629795013,0.0045413958274496185,0.007515417505302955,0.0022738416235552825,0.0019931193448687145,0.002372034048250985,0.003627331749985515,0.007189118265840237,0.002779413753472244,0.002214631442127288
273,0.003120170116404929,0.004521570705530506,0.007535011144694959,0.002259306028436785,0.00198303757644316,0.002364658047697495,0.003611565760688278,0.007209712105204714,0.002761261199475812,0.0022033124244182894
274,0.003103654287385216,0.004507631733573756,0.007557132085566875,0.0022530862971941504,0.001972090031093595,0.0023506983959783747,0.0035997157680450085,0.007229351474196613,0.0027513592762636167,0.002190426848554178
275,0.003090380634105355,0.004496177585668634,0.007576281854234851,0.0022508022850918335,0.001962050751878459,0.0023384753733539892,0.003588488206948045,0.007243130106644047,0.0027447568055680403,0.002177389743168599
276,0.0030892369606664604,0.004488088097687973,0.007591951857924968,0.002246706477637252,0.0019545015952803185,0.0023423456894353274,0.0035883105150022383,0.007272605483288574,0.0027433830042179388,0.0021723268548231077
277,0.0030861979973847257,0.004479159436760705,0.007602110477646575,0.002244368276155244,0.0019451599736359018,0.002337723288151527,0.0035779925342639784,0.007276910519342905,0.002735831123403316,0.0021592942207081483
278,0.0030813188471268205,0.004469523610428026,0.007617492451533545,0.002239595707761172,0.001940979327651431,0.002340936896384266,0.0035821320111274874,0.007313768973162854,0.002736778753365567,0.0021607479177128183
279,0.0030771927892687683,0.004459853532558479,0.0076314644050613665,0.0022393294688555017,0.0019428288587097012,0.0023373934446211443,0.0035738453829920074,0.007325422808250484,0.002734856711980047,0.0021628303129347616
280,0.0030741130707530383,0.004453096469557803,0.007638506464809409,0.0022461280201327314,0.0019440285386827165,0.0023346382922760176,0.0035666905466874136,0.007332094967027673,0.002740927002720324,0.0021644561127390485
281,0.003065833086522135,0.004446994673916053,0.007644978838444887,0.0022399415776307315,0.0019360178110288961,0.00232594498764648,0.0035590819020557595,0.007332974157872754,0.0027283370836037268,0.0021517581579217817
282,0.00305749988223417,0.004437380397349625,0.00765245772697454,0.0022394473155957703,0.001926083704690015,0.002330442759277319,0.003568975737683602,0.0073752340651895626,0.002737740111944777,0.0021501950831255678
283,0.003048281232530674,0.004419386785019397,0.007660563978037642,0.0022409446688582734,0.0019159301789709881,0.002312524669776729,0.0035372821042607226,0.007347964916018275,0.0027243607939027707,0.002128803138828134
284,0.0030349510136759195,0.004395518703519282,0.0076746018136726385,0.002228765812598462,0.001903553603483533,0.0023057462008491854,0.0035221864435730867,0.007371915112285969,0.0027123482755547603,0.0021160721781411014
285,0.0030189794149320555,0.004373285794955101,0.007693730822108999,0.0022161963479225373,0.0018926404203950572,0.0023016199716441904,0.003517548538222302,0.007415986668325712,0.0027059244553451762,0.002110138364258386
286,0.002998158529687686,0.0043470789217788935,0.007711738870496079,0.002198793534871961,0.0018825842704049273,0.0022727603203254727,0.0034781131082298514,0.007391251663590263,0.002665309106654401,0.00208590428876358
287,0.0029737318682550662,0.004310985765649217,0.007733701106639184,0.002178495307690838,0.0018720100605931944,0.002254769809389031,0.0034498583528297776,0.007414331998541987,0.002635113093496377,0.0020734430735221093
288,0.0029465117198168153,0.004264354860111998,0.007759425741102682,0.002161704547878105,0.0018566187223480915,0.0022355381904516896,0.0034130741068771164,0.007443576637170697,0.0026137720351564436,0.0020576548761888393
289,0.0029193086397681406,0.004229210768235496,0.007785834325609761,0.0021384188617469134,0.0018328317217051833,0.00221519626518228,0.0033861877576374703,0.007469499170239729,0.002583033518744464,0.0020306803455486426
290,0.0028858381724899906,0.004192327900072582,0.007808127046850254,0.002112751935574755,0.001807216594962719,0.002198058981688529,0.0033727287049310334,0.0075212347008389744,0.002558586416971863,0.0020099540115200826
291,0.002849391301887331,0.004140523435922558,0.007823189146238686,0.002089682436904302,0.0017791137862365922,0.002159129289577227,0.003316399534648854,0.0074998402902107224,0.002514001270487076,0.001968223754895558
292,0.002828917111921942,0.004089706662642638,0.00784047618925197,0.0020707329811289776,0.0017453034921592495,0.0021642693423659554,0.003305114799123123,0.007586077626652917,0.0025083576690253725,0.0019436416032444094
293,0.002811827957760615,0.0040394613109323635,0.007857127685865163,0.0020578109979349883,0.0017278324326201167,0.002149722971637194,0.0032589040052942247,0.007592940955381724,0.002484893136204823,0.001917659998396444
294,0.002788001513228287,0.0039961982037419125,0.007875042460241302,0.002038858607033617,0.0017285128773281895,0.002137730181536612,0.003234349311003779,0.007635578588254337,0.00247004344880578,0.0019273326362253406
295,0.0027531238307161054,0.003958368637329203,0.00789397225742851,0.002010906845930278,0.0017271076255627098,0.0020883944163058365,0.003173660129393763,0.007581339856156642,0.0024145201017246997,0.0019123275733272452
296,0.0027132744193455773,0.0039208001127605165,0.007925220418907636,0.0019916295550991736,0.0017080864964273542,0.0020596805537486974,0.0031464977096256927,0.007621652907597684,0.002389640056617396,0.0018902871138308775
297,0.0026782508833735484,0.0038836443498916147,0.007948961535039952,0.001968226654206729,0.001682463788929014,0.002034198720928965,0.003120744645666947,0.007651819135863902,0.002357936221394279,0.0018620425108696692
298,0.002656653816930756,0.00384191001625692,0.007962347510854189,0.001944955451129443,0.0016665393342817658,0.0020207956393595954,0.003094289158575994,0.0076772579278130085,0.0023313431776455645,0.0018498240982955157
299,0.0026456116156128987,0.0037991722592065945,0.007977098699232911,0.001929902564777983,0.001658263547625586,0.002027772606408469,0.003082272443279974,0.007749293110642317,0.0023293668290504405,0.001854038555102241
300,0.0026288522760198442,0.003771958691002519,0.007991146667291171,0.0019126400507458623,0.0016347598713034228,0.0019966904035107614,0.0030316828081710157,0.007696317969866975,0.0022834703484409607,0.0018047129712500292
301,0.002615288455039452,0.0037541169451250364,0.007997719217737289,0.0019011555827341865,0.001614248669728075,0.0019831877604505653,0.003013266016936022,0.007694355633546782,0.002264821809894928,0.0017741863506448728
302,0.002603476066728329,0.0037295513663248084,0.007997954310655846,0.0018960897291737304,0.0016210813351257376,0.0019764265971903188,0.0029983241109304668,0.00770699918265443,0.0022663602100167165,0.0017878009312799219
303,0.002586296491961104,0.003697806347602595,0.00800392182897236,0.001886072556873873,0.0016479641557826206,0.0019772133924574418,0.0029948973187461903,0.00777178196955385,0.0022779227633573634,0.0018414790660950982
304,0.002569260272779348,0.0036816790290507876,0.00802783720702227,0.0018596172637937792,0.0016428069253048524,0.0019602032632954056,0.002976713573174084,0.007779980230148839,0.002242741070433985,0.0018349394813480528
305,0.0025551389051058173,0.0036699656861916424,0.0080641833921645,0.0018341845645467576,0.0016100509009711664,0.0019373703965572216,0.002949253298480844,0.007763581348142063,0.0021935861655000915,0.0017803695068198868
306,0.002538392421719412,0.0036361691421401285,0.008114355413586745,0.0018198866507324316,0.0015813997074877067,0.001942607677966236,0.002948830407843416,0.007880806079543634,0.002190478872793851,0.0017582494654143266
307,0.0025134869055477116,0.003577593259719143,0.008177137717953442,0.0018084231181332026,0.0015740378336297123,0.0019130688588743926,0.0028847749147302808,0.007897500157675428,0.002162213019834953,0.0017429356920774164
308,0.0024829700570541996,0.0035319779421502284,0.008216280070483778,0.0017852908853342245,0.001566060027670936,0.0018906566805146766,0.0028503276922517765,0.007940390593500895,0.0021377293830301593,0.0017398868050683307
309,0.0024561019237649695,0.0034929613990327423,0.00824053831110782,0.0017504839787535204,0.0015580484505624567,0.0018662937673563557,0.0028139140007721482,0.00794864701926254,0.002092600867258814,0.001730481402451292
310,0.002434284516242613,0.0034535878902811506,0.008264817087827588,0.0017118175927693725,0.0015486182552767588,0.0018526773100979044,0.0027871732528517872,0.007985961069744037,0.0020499091550254664,0.0017217529618026312
311,0.00241013187770067,0.00341862665876527,0.008283820897642699,0.001680546102924358,0.0015349046001272135,0.0018405112179929546,0.0027708080731317568,0.008036939087727001,0.002024230805129728,0.0017100568184799094
312,0.00238222538368724,0.0033853308990734717,0.008279746834625588,0.0016686424729412872,0.0015342795390083368,0.0018110384018264326,0.0027364285158683606,0.008009962422015446,0.002004656519237953,0.001708224285696403
313,0.002361630622555267,0.003353261181614273,0.008252947616051763,0.001668391526118672,0.0015338924426354593,0.0017936015066199213,0.0027098712010963297,0.007984936058762378,0.0020019771508402086,0.0017119515180410243
314,0.002353102084336187,0.0033260649576874516,0.008225479852063228,0.001664686943021603,0.001527280772616574,0.0017837469127081399,0.0026823629319193388,0.007943614868169097,0.0019908265175648046,0.0017013077082242579
315,0.0023479864499049664,0.0033059553288184405,0.008218408903234185,0.0016508070991508412,0.0015236509358064097,0.001779833548345018,0.002668488360908047,0.00793840997666162,0.00197302204301329,0.00169797053135391
316,0.0023344329111112494,0.0032830875143915164,0.008212519221252008,0.0016331750265286763,0.0015177342451147603,0.0017835666130251164,0.002673772281101255,0.00800462465622107,0.0019709842807159425,0.0017084338598332101
317,0.0023182315363025597,0.0032644689136920027,0.008205364995082882,0.001625360725376833,0.001511793851616972,0.001760449908875452,0.002646644543951738,0.007963377643093045,0.0019533810513382463,0.0016972951233556325
318,0.0023063117000637627,0.0032549148649146345,0.00820448427741885,0.0016278802897821253,0.001504196957736454,0.0017521620212802562,0.0026458851504590447,0.007977895464517349,0.001959064280059583,0.0016938728704385645
319,0.002297126368916044,0.0032462684529683504,0.008207565580547572,0.0016276715282793825,0.001492877639668484,0.001742050691297771,0.0026385706171301957,0.007970544309474706,0.001957149333838725,0.001678432469092597
320,0.002295172670840661,0.003237644628243878,0.008218290772451972,0.0016214217314856952,0.0014988374653494964,0.001737784621970803,0.0026265014487376038,0.007967182745951384,0.0019458657467209214,0.001683244273215805
321,0.002293886567046133,0.003232666037484303,0.00823903414546602,0.0016098325489136644,0.001510880789436449,0.0017462832954302729,0.002635184799280633,0.008031179108752184,0.0019463950340184231,0.0017062930555824096
322,0.0022879508270095324,0.00323150809949911,0.008260556169928731,0.001596491860537607,0.0015158906244117053,0.0017420046139220275,0.002635128424022661,0.008055105214393399,0.0019378596308907245,0.001711109948926659
323,0.002281589467531595,0.003233844341736083,0.008280492336379291,0.0015871624645538889,0.0015193179326709614,0.0017231758417908989,0.0026163693318287913,0.008009727471770854,0.0019128793888853314,0.0017008240107173483
324,0.0022753974984903867,0.003235093484664709,0.008298565098640664,0.0015801834555370475,0.0015282348655453477,0.0017167854297269291,0.0026155795864854265,0.008023554883696302,0.0019044642938815513,0.001710317769044594
325,0.0022793273294692724,0.0032388153347552608,0.008311891171457444,0.001577917845323005,0.0015374880217256845,0.0017283319924617558,0.002632917305526055,0.008081195206745087,0.0019131742475285503,0.001730955806834971
326,0.002294046833469055,0.0032524098766161923,0.008330356779050689,0.0015821048277091952,0.0015453357578612856,0.0017318433089289632,0.002633259691304636,0.008065450622565529,0.0019106411257490208,0.0017333406722067188
327,0.002302123849637413,0.0032701467007834697,0.008348135165215603,0.001587188296775298,0.0015545719491137629,0.001739797501047265,0.002650277912354758,0.00809401090951278,0.0019204744539037444,0.0017462742690226441
328,0.002311190067984365,0.003287682578016583,0.008361657909957208,0.0015948296094947423,0.001568244186619872,0.0017453552799674543,0.0026624953664288516,0.008103947298140703,0.001931794513291603,0.0017608068146926655
329,0.002331671384109594,0.003313078987903735,0.008377103455824948,0.0016053196514282865,0.001581783800500565,0.0017641385233044687,0.00268748314167575,0.00813376275784259,0.0019511654690542132,0.0017791172946735852
330,0.00236134884688077,0.0033475188277974762,0.008396509445742063,0.001618119949361339,0.001597247218904176,0.0017835452908537774,0.0027088334486111737,0.008137659360801014,0.0019664051568356418,0.0017929841996409052
331,0.0023886307242562436,0.003383798422666168,0.008410214699822012,0.001634417015205541,0.0016209636620768634,0.0018086721431094961,0.002742892001793406,0.008176279802306839,0.00199606095856022,0.001824552355027961
332,0.0024204764357446972,0.0034385270266399644,0.008417029995940739,0.001659267130313412,0.0016391797469717904,0.0018227449718441592,0.0027720641477935325,0.008142525992759268,0.002013597033675627,0.0018344837130670694
333,0.0024640917820774612,0.0035162013059396066,0.008432937862504986,0.0016822578864174452,0.0016642983974710919,0.0018532407388635389,0.0028323192341740805,0.008153271241206109,0.002042653983210378,0.0018601480637618312
334,0.0025253447498366456,0.0036151378811428735,0.008458724777338458,0.0017137508545916258,0.00170622397338428,0.0019167469735319608,0.0029385534085329674,0.00826084396354557,0.002110698467672947,0.0019249679856659862
335,0.0026090472568682703,0.0037363854281753117,0.008484855349940269,0.0017824798066391127,0.001758073482368432,0.001966520420073724,0.0030126092490056463,0.008231075932119499,0.0021816932040462284,0.0019680951069343485
336,0.0027092582809973014,0.0038796543006577706,0.008513873640195676,0.0018531279467558508,0.0018231076387008286,0.0020392063839931003,0.0031180703494342967,0.00824330522082685,0.0022762044275707505,0.002035024213643349
337,0.0028132546136455557,0.004032056005087025,0.008537016070515066,0.0019281317364729096,0.0018877248055111857,0.0021104060417730212,0.00322483318241012,0.008233452407920581,0.002368788620645783,0.002097053059793171
338,0.002920961593810101,0.004198533753371894,0.00855055331693695,0.0020126546923915226,0.0019496303407245308,0.002206106851458415,0.0033775386493056143,0.008298867854465925,0.00249028560208723,0.0021775112883266417
339,0.0030505783046075067,0.004408460836980442,0.008559035744321881,0.0021022511944329856,0.0020264695209708072,0.0022939090777631815,0.0035276267905117354,0.0082644385416581,0.0025978501003347206,0.0022497112632521156
340,0.003209440282048339,0.00466318256695246,0.008565766220551059,0.0022124189603532963,0.002126775834393497,0.0024032050108856342,0.0037132979737741615,0.00823330164908098,0.002730419174357332,0.0023516460039274944
341,0.003382818143021322,0.004945587808382442,0.008569942876924185,0.002333728176641884,0.002246097124214371,0.0025558446647634793,0.00397393612724284,0.00830741297631587,0.0029179182282152247,0.0025078806697151055
342,0.0035830253414931676,0.005273744757606165,0.008571811905506167,0.0024767515573133106,0.002394079459205868,0.002680690792422188,0.0041970385519641855,0.00822124894379567,0.0030849607438310418,0.0026498698074646776
343,0.0038351819266748167,0.0056772168683517305,0.008566481209923817,0.0026595343681271514,0.002584458668177255,0.0028661509303874034,0.004511249166808301,0.008201558357931484,0.003332078572096601,0.0028645636633980558
344,0.004117307634024688,0.006127395607263412,0.00854923956014492,0.0028423128909450656,0.0027998808645217205,0.0030781025535093418,0.004870929382420081,0.00818383068355915,0.003596920113073061,0.003111558996323155
345,0.00443316552311885,0.006631553849665282,0.008541160093836249,0.0030372386117785313,0.00304635971121959,0.0033255154603666244,0.005291575107740681,0.008204356025152423,0.0038955080632754316,0.003405219196814535
346,0.004764559844324837,0.007166341774532432,0.00854349009573466,0.003242920640913514,0.003314154489297852,0.0035553642636060477,0.005690884859595945,0.00817227208239117,0.004174763350297212,0.003696418393437608
347,0.005097643902300688,0.007714655174291835,0.008550500386182876,0.0034454325302948775,0.003592157180092747,0.003817636223032525,0.006152369717719244,0.00822595621226402,0.004492352654366022,0.004034200599447994
348,0.005480936569241815,0.008343926328994358,0.00857643670422123,0.003676014819946917,0.003911086627244992,0.004093056409945558,0.006641057193331958,0.00825367203735717,0.0048273790374850495,0.004392114505710524
349,0.0058933195502455585,0.009018759753036098,0.008624342998830898,0.003926356596957961,0.004270084921614784,0.004398323024569962,0.007179872559608693,0.008328657969701333,0.005203778984331126,0.004807334951006689
350,0.006309557576038283,0.009704262939086905,0.008693449601379064,0.004182155884079787,0.004646631456790642,0.004716662356676498,0.007746227148025914,0.00845416633500581,0.005604631438548805,0.005256864241487578
351,0.006741448019352996,0.01042136372778693,0.008791947497471052,0.004444937419213469,0.00503046558689836,0.005030172080989247,0.008314204066730719,0.008594578561860184,0.006001755533944066,0.005694570706759745
352,0.0071898214332659725,0.011163530387635392,0.008914442647745404,0.004706393419465604,0.005431371505998713,0.0053549850918547534,0.008897718494750215,0.00876854884651024,0.006396721762987585,0.006150052073229405
353,0.00761522423233241,0.011862805995341558,0.009054822477684268,0.0049568308589257315,0.005819804024704595,0.005675798621789653,0.00946480368967953,0.008985613701763033,0.006787502964814005,0.006606857264338199
354,0.008034292526726026,0.012556452623644621,0.009218550778930098,0.005203014181759878,0.006213769840865635,0.005999885514939169,0.010042589543601791,0.009247403193264267,0.007186579333005989,0.0070817303039278495
355,0.008481020667736474,0.013310755236710568,0.00941803411371755,0.005457674333547198,0.006643766309884238,0.006318986276628193,0.010631573769435248,0.009523642244944846,0.0075808829937356196,0.0075708282466775455
356,0.008931024841962253,0.014075360557837414,0.009649187373799838,0.0057232554605456225,0.007078868573983929,0.006698308051882528,0.01132513745358999,0.009924572926456885,0.008062073546364401,0.008136636385612043
357,0.00938798754612494,0.014846058756305819,0.009912544412023197,0.005991660417275309,0.00752424336363619,0.00698842025351233,0.011864438285380268,0.010226076995307734,0.008436604061687834,0.008600696979661803
358,0.00985762223963113,0.015630121312645115,0.010208984066218018,0.006254970941789267,0.007985985566946942,0.0074060499595654675,0.01261511670816519,0.01073959072355411,0.008953005785474023,0.009228214884321559
359,0.010343703727476394,0.016440632237414786,0.010544468487661635,0.006518715586733782,0.008466983662857998,0.0077198920000476285,0.013187389145819078,0.011127684876737588,0.009336536496247261,0.009732301107288104
360,0.010840022376189449,0.017280195771559072,0.010924985698364068,0.006791787813686105,0.00896757904464659,0.008050621543308373,0.01379887013449204,0.01158374764851386,0.009748745968551064,0.01027327310433866
361,0.011298483096379746,0.01807749843561502,0.011304098605187145,0.007052486229909892,0.009459360854710696,0.00839846792153268,0.014458576281150838,0.01210574384585051,0.010195919820343582,0.010866173010108695
362,0.01176701079959443,0.018903543035267874,0.011714839147657856,0.00731867490398654,0.009958529116601602,0.008728017255675166,0.01509979045502065,0.01262961678450014,0.010626905449683042,0.011437324107989937
363,0.01229448936091314,0.01983136973834254,0.012201943286970373,0.00760938734582049,0.010489149443271513,0.009129561482457986,0.01587178135744102,0.013282155448557001,0.011144888675527579,0.012085588219778825
364,0.01282577117419125,0.02077716040905888,0.012716306131740558,0.007893901024361312,0.011032184274618903,0.009514898754800822,0.01662756336142287,0.013934697228892087,0.011643671213901287,0.012729673679382455
365,0.013384006576214389,0.021781293480513178,0.013290845396872775,0.008177119419025165,0.011616707147168453,0.00995339153572295,0.017490798758853964,0.01469169148630345,0.012195806035728979,0.013470798209946297
366,0.013975501612861445,0.022835751795097076,0.013950584297467032,0.008470416228237802,0.012272636102265914,0.010348897713544985,0.018277597718296484,0.015443113062727087,0.012697863621173514,0.014210308300231232
367,0.014604157684879639,0.02391846526933121,0.01470928892696266,0.008787130449949564,0.013036481732767884,0.010798437896177782,0.019137618250023185,0.01635405110830533,0.013281636149514189,0.015119821088496516
368,0.015254910865491751,0.0250196374229989,0.015542077312353013,0.009125382345664197,0.013880393453253191,0.011256924988335562,0.020005520884757558,0.01734098964613257,0.013883445214766137,0.016111173602114403
369,0.015873262004606002,0.02615115948845208,0.01638316651155221,0.009476277669335228,0.014668030699968158,0.011725965810011877,0.020961907959934942,0.018420530255870073,0.014532564849514564,0.017082821450167356
370,0.016474842091769304,0.02728454793354014,0.01721064905104538,0.009836335805201856,0.015405932486568458,0.01213253024742712,0.021823487172751344,0.019408043339296063,0.015124672510897929,0.01792291586579336
371,0.017055893853606445,0.028374088922104163,0.018003319803482958,0.010187454325990986,0.016106780778809962,0.012544506451109539,0.022680658200752362,0.02036819367348685,0.015726172100314083,0.01875068124956367
372,0.017640718157472188,0.02948653928738437,0.01881400304251836,0.010535152473543566,0.016816525775292003,0.01296051021235419,0.023562487502078195,0.02134134408688776,0.01633525146809261,0.019596835154126056
373,0.01829594322234341,0.030708791352233242,0.019768437949725385,0.010903717531985374,0.017660864848830723,0.013434837080945084,0.02454910361434704,0.0224836855092362,0.0170186368513087,0.02062564940247848
374,0.018968686998126767,0.031980538657314456,0.02082710439291646,0.011294617231212532,0.018588803998417096,0.01390030640430021,0.025551416197303358,0.023721611071797443,0.017720967975243876,0.021734096966114825
375,0.019614853125779305,0.033228120915859735,0.021903271638541135,0.011686557029305347,0.019504067044313938,0.014389287304418096,0.02661753491743698,0.02506284989958814,0.0184657307931089,0.022893363746398346
376,0.0202885906142841,0.03451065110143055,0.023020551677568682,0.012086354897405114,0.020428890817877136,0.014844686970423689,0.02759640515870195,0.026346822017000747,0.01914284559659421,0.02396557634276273
377,0.02095744432232828,0.03578993078791767,0.0241746304530626,0.01249705741189114,0.021373743338955236,0.015282512351419992,0.028558922691244666,0.027652036552358285,0.019824147467182994,0.025055134542467453
378,0.021613532250901034,0.03705504095191678,0.025374271664268703,0.01292930121258273,0.022360831163082198,0.01576823080728369,0.029618263165806694,0.029112083644251375,0.020606233549460538,0.02629467383240094
379,0.022257001181088056,0.038301674726457534,0.02660601173299803,0.0133781115737244,0.023368995858655088,0.01618704937145108,0.030550962390059937,0.030502980569328857,0.021325735978970126,0.027458725828461338
380,0.022885473893612403,0.039526386867716534,0.02784190759226109,0.01383468810531527,0.024365080869857954,0.016583113996786313,0.031449613944589054,0.031884837351583366,0.022030718780012212,0.02858690463721754
381,0.023498852472728163,0.04073632262536171,0.029065870447904776,0.014301681529633908,0.0253484008849668,0.017027514983023927,0.032451774231838704,0.03337368677947709,0.02281357131895408,0.029799881584438394
382,0.024106086205036077,0.04194529782532711,0.030282395596096835,0.014768181944321572,0.026285380403373148,0.01744276283724811,0.03339439086122052,0.03479663660326133,0.023548525538246597,0.030906506961571743
383,0.02469095763412472,0.04311716630369538,0.031476319818781,0.015225147710168458,0.027192648122737154,0.017903637608013338,0.03442959189053246,0.03630948060613997,0.024349131288155874,0.032094392079820164
384,0.02527398713296161,0.04429961341702634,0.032693836870533295,0.015693625719473185,0.028128023448548714,0.018347516034191356,0.03545764347714693,0.03782040511468301,0.02514893200698255,0.03330363679479642
385,0.025843211274975166,0.04548712663036224,0.03394049936497959,0.016166568399277603,0.0290633510524229,0.018901022833609362,0.03672331936953061,0.039620747320773246,0.02611902572542533,0.03473955698459473
386,0.02638503638650219,0.04661075967708398,0.03518025668353312,0.016629290211032727,0.03000103672338484,0.019055248897306327,0.03721124093328642,0.040623945083193794,0.02655230396197988,0.03549153087325936
387,0.026906637115999523,0.04770796623142792,0.036415876019790475,0.017091762798503777,0.03092651590920568,0.01947281739860616,0.03821873311739271,0.04220370395700579,0.02735645701849232,0.03673567482343336
388,0.027423127326767213,0.048802450593769545,0.037651231991980214,0.01756346234183096,0.0318437407416432,0.019747970294460522,0.038943671392562274,0.043473904049039176,0.02795810948969703,0.03769525715881844
389,0.027906069705989262,0.04981145061617192,0.038831921171014076,0.01801608601782023,0.03272769310961548,0.02007619673078403,0.03975540964740639,0.04485546559975016,0.028634694048220673,0.03876707973431022
390,0.0283669899892299,0.050798382048203326,0.04000121096304029,0.01845475651666101,0.0335830853318946,0.0202972690229924,0.040377995930260355,0.0460187062252295,0.029168716363303846,0.03963593887389486
391,0.02878871632160165,0.05173789810005397,0.041124646172910506,0.018885587994426824,0.034388887022290364,0.020599733790150423,0.04117283992824853,0.047357834565758684,0.029825095779345563,0.04064233500853956
392,0.029190799971597684,0.05264991074796605,0.04221569463555677,0.01932181164577529,0.03517176468784233,0.020953490710061987,0.042080535411706636,0.048818286087811164,0.030574626914949592,0.04175277350680216
393,0.029559276934764248,0.053489445610758544,0.04323697414884872,0.019735691224001546,0.03589583414580181,0.021193608684435955,0.042762308214043074,0.05001215463438817,0.03117370058241967,0.042638322334866856
394,0.029935459024393103,0.054316424150388135,0.044232905572204405,0.020141441145472835,0.03658158526645574,0.02143180853182795,0.04340031812420027,0.05113471734982845,0.03174295834786761,0.04345494577284695
395,0.03029212925349634,0.05508874342616738,0.0451956732889603,0.020521294753403793,0.0372464459276228,0.021684271559088468,0.044058136587676155,0.052281237551422714,0.032320360545707645,0.04430103470639519
396,0.030609391432831715,0.055805105531554815,0.04609377219570556,0.020885421700690764,0.03787063349526154,0.022076152630077492,0.045022040600347556,0.053782321574709795,0.033127801220726866,0.04545358107020681
397,0.0308998802104566,0.05649659839002314,0.046938680417169455,0.02124595404957817,0.038448657550469625,0.022016718766657537,0.04508446017156687,0.05417907330025893,0.03327462872376758,0.045667845708926055
398,0.03117987438389838,0.05715846666830563,0.04776764350846931,0.021587145127317825,0.039000414052588445,0.022220507284520012,0.04567686119894119,0.05519694837020025,0.03379518616936554,0.046400203742576786
399,0.03141092388244626,0.05771588383638572,0.048515603914714066,0.02188746208807643,0.03948694305998921,0.02236933082960172,0.046133412490853384,0.0560551755812558,0.034215565314213034,0.04699904154986321
400,0.031651887101136485,0.05829988713996392,0.049274669236961055,0.022187746897013524,0.04000159312355905,0.02251082959891015,0.04659107732861012,0.056902534297006035,0.03461552325693764,0.04760695373737346
401,0.031857275443778435,0.05881061220227952,0.049949861461206516,0.022450342625718846,0.04044970476844229,0.02265093957200343,0.047039119885798016,0.05771700412991812,0.034999407882594404,0.04818519559137102
402,0.032041932189000547,0.059254548334182845,0.05054302946755061,0.022685629385270575,0.04081776381373419,0.02279616874177229,0.04745258549438051,0.058466178788565415,0.035375912492403835,0.04869388561017558
403,0.03222312441334745,0.05970411526789204,0.051111441051888036,0.022918817173883388,0.041186479239537555,0.02303155849020049,0.04807334785314322,0.05942925123584041,0.03589724481735641,0.04941310756246777
404,0.03236521505280026,0.060092317868233755,0.05160861935225086,0.02312527983121391,0.041486299897721124,0.02294105205770846,0.048030245523314204,0.0595525303755313,0.035915317919865915,0.049417178199750014
405,0.032517551155544916,0.06052730695801514,0.0520254953950564,0.023320549961788308,0.041652485671758145,0.023015421713102665,0.04836155512474858,0.06003841436100868,0.036205463627804725,0.04963523522762484
406,0.03272873116152586,0.061197462155955805,0.052378774846602874,0.023563241246793525,0.04167401848335456,0.02315050555896679,0.04889900930136746,0.06052039510805638,0.03661352892900869,0.049727816263219246
407,0.0329652003030044,0.06205662761253967,0.052607297841362685,0.023867501232904702,0.04158624251876421,0.023311538255776344,0.049538660679845616,0.06078423911281177,0.03704004337622709,0.04963186916576094
408,0.033344050874338574,0.06275614652466177,0.052789034687584356,0.024157650130604103,0.041771973206465536,0.023681832617271,0.05030862062813573,0.0611666716962591,0.03760851578546192,0.05013467918160277
409,0.033639880030479706,0.06341141839399225,0.053041448863026544,0.024375443719910017,0.04216354764462152,0.023823683938121773,0.05073707623431297,0.06114025180024169,0.03786118711485805,0.05058678750845676
410,0.033602835041406605,0.06373687100190097,0.05357729737831223,0.024337476735311888,0.04284595688956448,0.023770177607647755,0.05111707840431865,0.06158619948097076,0.03797365198125052,0.051581036278489194
411,0.033341163774417405,0.06324582368454194,0.05435579031468932,0.02398855356923926,0.04378830456589132,0.023474429285578968,0.05079560519868612,0.06220989170503519,0.03761538111804563,0.05278322817051364
412,0.03304377050979076,0.063226734011509,0.05481901993097069,0.02384998367827873,0.043931458907363975,0.023183164920379924,0.05070778625252104,0.06265187230891346,0.0373941675815626,0.05284769164413482
413,0.032945856875932836,0.06311973291822988,0.05517217345671608,0.02384176280090329,0.044021115803022516,0.02335076237331972,0.05115924417250453,0.06379042152631116,0.03771403404914689,0.053441622182596946
414,0.032959008406770386,0.06290714579119933,0.05545029299008941,0.023905738845384612,0.0441696481479847,0.023138918342749778,0.05049602635627306,0.06357355821489004,0.03733107704207704,0.053021950833932706
415,0.03297984899595713,0.0628238842165378,0.05557572687435772,0.02402122128028221,0.044154451478220426,0.023131372499944833,0.050321501219033254,0.06371911874485789,0.037318836733414636,0.05282809339789761
416,0.03306074139806697,0.06284733286702969,0.055640627030465815,0.024155061823185442,0.044073833609123744,0.023179565283340003,0.05023985466051847,0.06379246677225525,0.037359452639708954,0.0525667215641029
417,0.033177979141623876,0.06297640136964663,0.05573283243300574,0.0243276744572214,0.04403440638008616,0.023334280581601582,0.05044089393544083,0.0641418756454804,0.03762242922282168,0.05259136765540323
418,0.03326154398665205,0.06307899370678847,0.05580209482310107,0.024465442954835527,0.04399812991900167,0.023425658128978594,0.05054789588362213,0.06434105322557512,0.03780281963512671,0.05256417248371511
419,0.0333461301380858,0.06314920568846295,0.05587157075126781,0.024558639462232325,0.04399403024409325,0.023504583351411413,0.05062207552944658,0.06449470981070533,0.037924588428331116,0.052573927719352265
420,0.033489962630716415,0.06330698825755077,0.05603443768365394,0.02467276302254424,0.04409535529513163,0.023589671302824522,0.050716899775052636,0.06467278611164408,0.03803650726737405,0.0526567193438898
421,0.03350722299160395,0.06333442106131701,0.056069464842744283,0.02473584238116546,0.04409138616433169,0.02360685453007788,0.05074566926826725,0.06474196715109447,0.03809265495658888,0.05264718391737931
422,0.03353649821116142,0.06339804459202068,0.05614863201880777,0.024777584704120777,0.04413325825978703,0.023641699966163696,0.05083842906874059,0.0648798091209895,0.038159389000966645,0.052728940958395594
423,0.03358383420011458,0.06347786014497164,0.05625649574696622,0.02480474085747841,0.04418298991991547,0.02356362743520943,0.05066508746237791,0.0646979612264285,0.03801292283707081,0.052539482423564356
424,0.033602526065610545,0.06351557929525825,0.0563305080884002,0.02482227692661928,0.044195337568686405,0.02361324814739316,0.05076399726457898,0.06488367165919849,0.03808780376473236,0.052628700156584295
425,0.03361978991729485,0.06357397293638059,0.05642116663722904,0.024848390914193868,0.04425312857247721,0.0236721889604438,0.050930867660994875,0.06514190893534548,0.03821654409323619,0.05282372062336365
426,0.033644913735056604,0.0636702487036121,0.056529954848986486,0.024880080266755998,0.044313749881215274,0.023655962581756906,0.05095675694938242,0.06520898067221417,0.03822898929025205,0.05285061712515451
427,0.033658078796391565,0.06371582631359832,0.056582692743026825,0.02489587010349235,0.04431663581468223,0.023700773632723805,0.05107872966217498,0.06538659190647549,0.038305707579242176,0.052939599098169435
428,0.03371724487300528,0.06382088802784135,0.05670014046627908,0.02494966519694073,0.04437790329801118,0.02365557031784944,0.05098592909957396,0.06528507732134957,0.03824044870985852,0.05282298173027446
429,0.03369986222533233,0.06380890830131146,0.05672297640081207,0.02495287656886924,0.04437899653890107,0.02365539805557046,0.05102065953458768,0.0653523176495823,0.03827523028138196,0.05287142733606016
430,0.03369545656788864,0.06386752985393268,0.05678003088276792,0.02495047807691254,0.044401077263664226,0.02366429511964267,0.05109735446560824,0.06546717040712742,0.03828737248077524,0.052919480093085655
431,0.03373177242080036,0.06396891893637664,0.05687316497230621,0.02497820263375176,0.04444733609984764,0.023658055427677384,0.05111158212835601,0.06547610109736342,0.038276809676587954,0.05289768168285223
432,0.03374868608631335,0.06402055028319142,0.05693331635106833,0.02498173119774606,0.04446637619073932,0.023688681575468613,0.05120824332979723,0.06561449466075266,0.03833403676693685,0.05298347315214629
433,0.03375875762945849,0.064062018995387,0.056987199602596635,0.024973567991728257,0.04448512328685499,0.023723323505143484,0.05132050058891944,0.06578392763813747,0.03840030609868335,0.05310221770924584
434,0.03377559853572689,0.06411739986329999,0.05703998804386109,0.024985083613128168,0.04450642464824683,0.023727252705923445,0.0513657378123166,0.06582546720584537,0.03843549902125214,0.05314229750760553
435,0.03380083166773643,0.06424454975635292,0.05713233339808261,0.025013183787396635,0.04454548584194594,0.023630410476803667,0.051255725754761124,0.06565695606973385,0.038334783972218935,0.05298526040101766
436,0.03382156896678385,0.06438752460198084,0.057216666760394455,0.02501828391169609,0.044573605968202416,0.023726439483718862,0.051558751560583926,0.06598458208018498,0.0385064562838478,0.05321797152828203
437,0.033820451291697064,0.06446832393108065,0.057251481330024195,0.025008216031173505,0.044585511667911325,0.023666293548924695,0.05149762545080569,0.06583609278333148,0.03840218481977141,0.05309619789813316
438,0.03382716254390739,0.06453348754434603,0.0572989542347129,0.0250172873816482,0.044632960482952955,0.023671902027715894,0.051577708892710815,0.06590255535880264,0.038435900863836525,0.05318217180479784
439,0.03381313507535605,0.06453495110449632,0.05731641877663107,0.024998318720248727,0.044650509660358606,0.023702656149099735,0.0517014072724105,0.06607287051513243,0.038525261468159884,0.0533442826259317
440,0.033860799809163226,0.06461053592703161,0.057426916503875575,0.025009495603947104,0.04470807413535804,0.023656995385505235,0.05159834756057157,0.0659904124178762,0.0384273777235722,0.053249934525927765
441,0.03384402495615985,0.06455044527284984,0.057429382822194376,0.024994332236465674,0.04468610060751094,0.023644276893221742,0.051547507071112206,0.0660116270631801,0.03839616908749752,0.053221331103225474
442,0.03380745895259528,0.06451720771696155,0.05743965864297,0.0249819079515704,0.04468060978051351,0.02370650925359483,0.051720845878225875,0.06629319632472921,0.03853049707728834,0.05341855799515887
443,0.03381018205134244,0.064592492765732,0.05752360021469297,0.024981008729160852,0.04472740227005418,0.023621076745249426,0.051605043786708035,0.06614711594067943,0.038413472648499314,0.05328690397249241
444,0.03385918183945506,0.06468732348767454,0.057615622290279,0.024991405981313435,0.044780402668808415,0.023702449861391982,0.05179482535242803,0.06637997867787111,0.03852525639710493,0.053467240947173235
445,0.03386787807173857,0.0647668581282262,0.05766782710477503,0.025004964245384686,0.044816200352662504,0.02368767716872043,0.05182988976862967,0.06638628628144097,0.03853119798568863,0.05348898767730121
446,0.03386107044180453,0.0647933431529084,0.057681929281118365,0.02500760855377857,0.0448281672264471,0.023638116870097314,0.051756417481544595,0.06627670200984186,0.03846000440016129,0.05340931064403563
447,0.03386729573315395,0.06479141623404347,0.05767881491064594,0.024987613479824953,0.04482133429027904,0.023777219684586695,0.05205548838447821,0.06665840072400295,0.038661172546695974,0.05371370223398284
448,0.03391618167532162,0.06488891168069129,0.05775386233519353,0.024987036316986868,0.04485713707953865,0.023718277961025776,0.051951932378472954,0.06651175805989445,0.03856073451712602,0.05357928460752981
449,0.03390769175291939,0.06491648016731828,0.05777244704776498,0.02497224487708776,0.04483764199860336,0.023731018738915192,0.052024423027770994,0.06660845455586582,0.03859580351657621,0.05361648110010206
450,0.033887678829826164,0.06492108309736824,0.05776674807338035,0.024952421290713383,0.04485525084835129,0.023800962255148148,0.05223599595144852,0.0668608311300686,0.03872124611796696,0.05385597181257392
451,0.033938330067499606,0.06505246271644424,0.057929506151009634,0.024995199939668426,0.044968077374289796,0.023689425777684705,0.05203441636893279,0.0666415366252268,0.03855794076532911,0.053670587644668026
452,0.033910587829240016,0.06502526271021129,0.05795683523222463,0.024987795813886358,0.04496670529423963,0.02372420210567401,0.052134072426724944,0.06682881240582271,0.038638783157740414,0.053787137653400804
453,0.03388069009459898,0.06497054616233475,0.05790796569553018,0.024967267576594482,0.04495285087606263,0.02358239295521613,0.05182534428453893,0.06644317975280666,0.038413770074457135,0.05349313036627856
454,0.03391817389079959,0.06502928296526572,0.057986865006470545,0.024986264551902292,0.04498327929263729,0.02358790581227547,0.051818482554046356,0.06646778314229598,0.03840342300221581,0.05346821791276635
455,0.033908057894114656,0.06505376203481625,0.05800615168527754,0.024969851926856343,0.04498322661191925,0.02369496457586926,0.05209646065070959,0.06683436346799788,0.03857774247932699,0.05372688070704085
456,0.03393471342294614,0.06509989019620001,0.05801699345743174,0.024951756124850472,0.0449744427171429,0.023778438690256618,0.052287052148363364,0.06706531135663378,0.03868671934013337,0.05389294162494335
457,0.033951575862627044,0.06512182420414814,0.05801172436025595,0.024940639719621467,0.044948759655534395,0.023742962023897436,0.05221321323642234,0.0669340224425169,0.03860913583910772,0.05378473412088492
458,0.03397333936737068,0.0652548357486378,0.058095719365505186,0.024980981660909563,0.045014106799417426,0.02373163751297156,0.05228802487898503,0.06694832102812097,0.038638974924278355,0.053825478783495445
459,0.034014961367252156,0.06543848766169344,0.05815761088501983,0.025003598902724432,0.045059324263996864,0.023602047127776353,0.05211770879976366,0.06659731019620312,0.038481397630786784,0.05358535469690295
460,0.03404583406946239,0.0656159091464878,0.05820318329409823,0.025007525466939937,0.04507466647228427,0.023663994051498372,0.05237466125176581,0.06676411599100404,0.03860496235414038,0.05373931346888367
461,0.03411126692827645,0.06585158487902107,0.05825451074570252,0.02502143056548322,0.04510751297920098,0.02366868425733808,0.0524897468019249,0.0666994210785972,0.03861234656565811,0.05373288106760762
462,0.03417938680180535,0.06610757918390242,0.05828295015840717,0.025025843176585405,0.0451404387710426,0.023780111031905988,0.052849039821962304,0.06690761030372189,0.03879080232032972,0.05397730980515228
463,0.03417907938576785,0.06624836640613069,0.058269946080144984,0.024991955823348466,0.04514569639526348,0.02374815410867111,0.05291198523299747,0.06679239464356448,0.03873808007416269,0.05395638860258317
464,0.03418915772783989,0.06631916182604979,0.058305824065645266,0.024972836599450914,0.04521444147203366,0.023762350226184666,0.053033156770526224,0.06687269366554328,0.038767757887172655,0.05412302639175628
465,0.03418157190977149,0.0663938916427272,0.05842857732623859,0.024966516148736996,0.04531990440013618,0.023673869409225907,0.0529465835398132,0.06678913626147344,0.038676106757477464,0.054113329282847476
466,0.034083111545488085,0.06626621453749425,0.05844479250599098,0.024904083848313985,0.045354221314931685,0.02370835877148024,0.05310956038825486,0.0670606655089122,0.0387690620746375,0.05439851820917696
467,0.0340666064635677,0.0661593621958558,0.05851746707302309,0.02486696554529523,0.04546692540588143,0.023694786623299914,0.053046990813748036,0.06712368173390904,0.038720785245483204,0.05452609551382804
468,0.03404032384487591,0.06600513769992675,0.0584879831519386,0.024794305266132938,0.04544239289430708,0.023589354991762554,0.05273406824009127,0.06689760037201553,0.03850083491705582,0.05430805087877693
469,0.03408840184820256,0.06616907958516813,0.05860588555989877,0.02481907326634809,0.045409758900776136,0.02354167480015029,0.05267663494904452,0.0668387052235101,0.03840905285180189,0.054072089380042765
470,0.03405193033334473,0.0661270593310902,0.05853347256685064,0.024818678443211235,0.0453232641269654,0.023647631137271412,0.052923200837967706,0.06716186495611323,0.03858013804256078,0.05424938540512804
471,0.034076388566685205,0.0661940279533512,0.05853952973586026,0.02487105010990002,0.04534958084534056,0.023649806384786864,0.05294424532579291,0.06715791168041148,0.03861127376832947,0.0542515978783329
472,0.034085486470048075,0.06620650634900119,0.05856991793719522,0.024885044443789268,0.04540387793669951,0.023639139185021432,0.052919993492106784,0.06712587349471784,0.038600460576053035,0.054280208157483245
473,0.034051750236615476,0.06605279388003907,0.05861090025535211,0.024833038999853875,0.045479906714557344,0.023635152585235096,0.05283716255757894,0.06715992960309097,0.03854745099990442,0.05438354291797308
474,0.03405564398726919,0.06600800823773204,0.05870024978611088,0.02480795808970192,0.04553081113505909,0.02364129527294212,0.052813419702926585,0.06724440380794475,0.03853093568692523,0.05442392070827802
475,0.03408312915945708,0.06607812535415836,0.05863973963420087,0.024805950081254823,0.04542323862312793,0.02368869924686167,0.05289818935122619,0.06725750227421107,0.03855584235933181,0.054338871899017475
476,0.03409335257085473,0.06614650014556471,0.05858640783120481,0.024819486444183487,0.045339130562419484,0.023685676143557356,0.05291224966659883,0.06718298713275403,0.03856140071505455,0.05422317263506244
477,0.03410069235348924,0.06614643544080401,0.058566108492896125,0.024830511363331417,0.045326622285402365,0.02370844118033601,0.05296426530892076,0.06722736525526808,0.03861292872188303,0.05426884647585399
478,0.03415568782783272,0.0661746680822083,0.05861022118831033,0.024858416757765033,0.04539386000926359,0.02370582077450241,0.05291019566801981,0.06717315739472257,0.03857294467711886,0.05426160867678368
479,0.03412602264441541,0.06610288384512784,0.05864102890177632,0.024855165174309742,0.04545084626309075,0.0236937938870231,0.052880665901754505,0.06721686225837217,0.038572868121517216,0.05433435748954648
480,0.03404250022625487,0.06596793719643705,0.05855438158556695,0.0248334732034521,0.0453951078320853,0.023700617110062282,0.05290279755805796,0.06722595173311134,0.03858032977573758,0.054341057674987654
481,0.034136315234276904,0.06605381139550588,0.0586407386587124,0.024868973019371,0.04543980015482288,0.02370786830237389,0.052827833399589685,0.06715773995695962,0.0385135597582572,0.05423344251468886
482,0.034131702644652935,0.06597047205876098,0.058625274401261765,0.024832885296445707,0.045408234497926636,0.02373056273376199,0.05281581624789388,0.06724719649144767,0.03851153321906026,0.0542612712952657
483,0.03411753921631865,0.06597115969781467,0.05870321214248383,0.024829636306155957,0.04547257097503819,0.023674055805799316,0.05272202943211239,0.06721429140577662,0.03843370171061823,0.054226108956007484
484,0.03408119867386365,0.06588009733776332,0.058637310069567856,0.024776546604159403,0.04542540451936417,0.023683579080754944,0.0527342596954998,0.06727071511436639,0.03841184241907744,0.054254881082858
485,0.03411255930246735,0.06592939794891145,0.058668523587308403,0.024806436823254074,0.04544921121648008,0.0236843961399525,0.05269615676380673,0.06726951312655498,0.03843376923218266,0.05422731483053061
486,0.03417653009778976,0.06594246219854176,0.05872193582350762,0.024860774143143922,0.045463942884205445,0.023711613510383478,0.05266715173634981,0.06727831285564116,0.03845748907635322,0.05419224492289958
487,0.03416705211677993,0.0658271356323629,0.05865529156927881,0.024850226713237115,0.04538926322239774,0.02378327941090789,0.05273046593219275,0.06733270854267359,0.03850474694911553,0.05421496011089771
488,0.03415693696643134,0.06581191951408039,0.0586539463293349,0.02485847211080405,0.04538126926712039,0.023799916866357896,0.0527331679942436,0.06731877051778633,0.038509900139853,0.05418888993676154
489,0.0341905716319374,0.06591383107360402,0.058778833864245185,0.02491004231525872,0.04546446691321303,0.02377690950312216,0.05272238497332403,0.06738495406786449,0.038518657919294506,0.05420115158817161
490,0.0341771190280744,0.06591894596317151,0.058790527879974595,0.024879216981068222,0.045461036375603954,0.02376210391638319,0.05273277695763656,0.0674206338320662,0.03850276888849495,0.05421768256038023
491,0.03420054876906603,0.06588186705642356,0.05877298641117639,0.024891065472488455,0.04545020371161173,0.023806234446107265,0.05273771223314453,0.06743549997106042,0.038527148971417895,0.05423510867366998
492,0.03425252584562835,0.06585723072821947,0.058774817793864544,0.024912338247473954,0.04545972620991167,0.023845289851692954,0.05270592197179847,0.06744969437880699,0.03852387582476017,0.054229324846033856
493,0.034302254450174575,0.06588677098557406,0.05882547256994148,0.02494336658144514,0.04549462705585397,0.02384058029717511,0.05266153815357623,0.0674342708409356,0.03850310545158829,0.05419424094102445
494,0.0342971866022888,0.0658589936916521,0.058802165276693436,0.024965616885921315,0.04548464301523969,0.02386460648454873,0.05271281050401908,0.06748856524783112,0.038559503607708115,0.054245636417814526
495,0.0343085710706762,0.06588055335140866,0.05878223783369771,0.02497190771124398,0.0454989738392984,0.023885085167435892,0.05273099009058756,0.06750614714554029,0.03855183507254662,0.05426413036568763
496,0.03427169023161723,0.06592052248816947,0.058822588111858275,0.02495510068140488,0.04545515230230212,0.023852810544590684,0.05272150771234789,0.06746172543625478,0.03852032095629724,0.054154527599379096
497,0.034302698918956535,0.06598503702342451,0.05885365304305048,0.02496601381259246,0.045470334584344775,0.023901997482566936,0.05282990378601689,0.0675747504511831,0.0386066152356446,0.05423835553659047
498,0.034358168726955386,0.06603960127302358,0.05889124977908925,0.024983965238676496,0.045521735360713834,0.023886614250490407,0.05278845690039026,0.06752247636478265,0.03857775709551984,0.054225894839949614
499,0.03434415341820224,0.06600604115289639,0.05887862323143323,0.02497109168922611,0.04551800950754021,0.02390874180181096,0.052870371835275445,0.06762137973441254,0.038630820351940216,0.05434395476224475
500,0.03440918589231193,0.06613390164980612,0.05895170056301946,0.025029221560474043,0.04560277935060852,0.023891938443795852,0.052840719437113375,0.06754268714117069,0.038611669096430726,0.05432593915289371
501,0.03439470478978893,0.0661506322617144,0.058920826520692825,0.025017579751033137,0.04550385514281127,0.023886389981875134,0.05287843263627011,0.06755508721732623,0.03858856527007633,0.0542062730209492
502,0.0344020509895144,0.06610225504464644,0.058917377287238,0.02498084281497941,0.04550154148043627,0.023952808395902584,0.05292541521669914,0.06761289506763433,0.0386409318073423,0.05429734806139149
503,0.034364336962701525,0.06609129126098164,0.058978806630825574,0.02496548319438285,0.04558745673808242,0.023914324632195158,0.05290117425076635,0.06761574816245783,0.0386077637563138,0.054375131522593635
504,0.03435910787087781,0.0660842803273454,0.059101367429369694,0.024977811139814367,0.045728895537023785,0.02386370356356582,0.05283228649166303,0.06763771734601993,0.03853636415497576,0.05444900882765487
505,0.03433615304624218,0.06590510392202044,0.05905393118040112,0.024901223915213787,0.04572676238001996,0.023889384201573417,0.05277106929849264,0.06768175399568584,0.03849085729886701,0.05452958745888795
506,0.03436719472193422,0.06605523174771127,0.05912721734379297,0.024866664753032473,0.045726935231658244,0.023881591539821178,0.052845316895473206,0.06777942305063714,0.03845659361576314,0.05449480957374974
507,0.03435097021831551,0.0660561225197419,0.05910673544359163,0.024850823584973036,0.0456577954993874,0.023895085108461733,0.05290405861028295,0.06782150591784802,0.03848909529857417,0.05446651018906356
508,0.034365915360411954,0.06610924146679208,0.05914112932304107,0.02496144109256687,0.0456739692624041,0.023902681022158687,0.052927057754576595,0.0677869728757762,0.03856842307779958,0.054431144718212934
509,0.034310958452158875,0.06607655239434997,0.059081398407746545,0.024979169070581342,0.045633642955595806,0.02389443454077095,0.0529675026558411,0.06781404821142786,0.03861710805931614,0.05445720655191109
510,0.03432109128156724,0.06612877946938783,0.059114168508323225,0.02494783322588095,0.04566533676055825,0.02387038814824617,0.0529508922216238,0.06778869495577201,0.03857814473842653,0.05447268994987035
511,0.03440013211267176,0.06622295095165064,0.059199187908166834,0.024986883407029252,0.045739913888000985,0.023885479513615193,0.05292632802116847,0.06773105957580748,0.03857912843615688,0.054465541414360094
512,0.034457504803266,0.06628657832192085,0.05922279959333759,0.02502688947563853,0.0457385480310346,0.023948711364305326,0.053002158106799396,0.0678472805807375,0.03866371943444269,0.05449986065313554
513,0.03449701222705848,0.0663610936254444,0.05920423793587324,0.024991586555726183,0.045664435047894025,0.023980327371317205,0.05307872623684308,0.06783286040872394,0.038642024521994715,0.05442900035371767
514,0.03452028080280475,0.06638020903815581,0.05918855166266874,0.025017235749197203,0.045654236353202454,0.024005029500556687,0.05309888891303506,0.06783272301510143,0.03865870378101669,0.0544144689127014
515,0.03448046457759561,0.06633291302975786,0.05917801136412079,0.02504373854716703,0.04567697881748716,0.023997641458460995,0.05310558943082322,0.06785135776672108,0.03867772717073548,0.05445642173443274
516,0.03443455986740275,0.06625806337010559,0.05921192470074225,0.024985923203266373,0.0457401912074867,0.023952068765438306,0.05303942601225946,0.06781020155726562,0.03859367379164984,0.05450621219411535
517,0.03441936015118613,0.0661582292202574,0.05925248914071714,0.02490463429193147,0.045817459850742634,0.02395286848960555,0.05299000016425751,0.06788292777956126,0.03856499147489617,0.054654253144987744
518,0.03441146790577957,0.06622969681356763,0.05930927760458137,0.02491949471005805,0.04581366903004335,0.023928264570497612,0.05302486323959141,0.06790362648727931,0.03859114959632389,0.05462919457284798
519,0.03444427754681278,0.06625714145903884,0.059313463486960996,0.024931589246084265,0.04577837604924832,0.02395482960877316,0.05305322288736198,0.0679686313396912,0.03859322328479287,0.05460319961286077
520,0.03449354006818963,0.06632241183036768,0.059328927974097084,0.024958052264980976,0.04577263183788585,0.023980650065059856,0.05310740615959928,0.06798855341797022,0.03861635426304126,0.05459262300222685
521,0.03453104521596948,0.06639206476666247,0.05935151624176039,0.02495630674155137,0.04577220537342641,0.023970860293559042,0.05312455371988147,0.06791064632790081,0.03859917525852717,0.054543128134279195
522,0.034525822509333406,0.06639613564420943,0.059322199051051634,0.02492612404838655,0.04577097890779593,0.023968293454391987,0.0531341494413305,0.06789144537710601,0.038576875639812186,0.05455739539861799
523,0.034482166054408375,0.06644129700723354,0.05929790627083844,0.024957361516945754,0.045809915526218534,0.023947125617170273,0.053162724720380465,0.06791954699907596,0.03860653215369218,0.05460764936909309
524,0.03449926497289938,0.06645436470464877,0.059362610355931676,0.024946256342375874,0.04582529115870424,0.023950017844174915,0.05314643071125759,0.067997390291649,0.03857673494567618,0.054617146127792525
525,0.034491805537699934,0.06646112230656749,0.05939032378867392,0.02497798878885888,0.04582601644650314,0.023992021089322378,0.05320535337945142,0.06803909679478747,0.03863678077700207,0.054631792321053294
526,0.03449557911450609,0.06643954393688686,0.05939850533899958,0.025009699799369532,0.04582843718122865,0.02399996222503414,0.05318337546648775,0.06798992495677225,0.03863644425010912,0.05458660165156608
527,0.0345278875149168,0.06641330719286943,0.05939423385136719,0.024961843387236112,0.045782679476556495,0.024027330678526547,0.05320117300149998,0.06800192446648691,0.03861914178599893,0.05457944378186306
528,0.0345591394541365,0.06647971927080942,0.05940939514192874,0.024926335542726972,0.04575827059941606,0.024033781931883616,0.05323754965202621,0.06797633744463347,0.038599509330255834,0.05455705697755016
529,0.034539537409569124,0.06653462985410241,0.059428829365162965,0.024965531518111806,0.04580604917593391,0.023992602033564046,0.05324421034665025,0.06800680330033937,0.038585224523804244,0.054585522696528346
530,0.034528694621169476,0.06652505091374557,0.05944555714877735,0.02494237524568782,0.045837123552286585,0.023975051571764255,0.05324149743911895,0.06807791078777069,0.03857872439795353,0.05465810379240414
531,0.03455330714702634,0.06650906839549366,0.05941920648567733,0.024954859077124063,0.04591256532882584,0.02400436806749079,0.05321663827260972,0.06798482921117588,0.038570495581211076,0.054719282574218195
532,0.03454967062740195,0.06650775078689389,0.05939026011281578,0.024943554714664622,0.04589219497178643,0.024040023093106665,0.053263068338714775,0.06795540222632107,0.038595685495775585,0.054717535825714064
533,0.03456045972103052,0.06653955026420898,0.05940371952640181,0.024933749883413327,0.04581392823337236,0.024054818394939594,0.05331575018052218,0.06798977378809529,0.03861769329108984,0.05464428842742803
534,0.034613819649520046,0.06660406459258561,0.05943393471887512,0.024919533246134506,0.04581022376220429,0.024060933191830204,0.053342726252754734,0.06797210231079799,0.038559857616530545,0.05461238103053828
535,0.03462461672719817,0.06664754396277298,0.05944203013895945,0.02485284403617885,0.04582200597613194,0.02405651240935144,0.05338923029960767,0.06797058797314356,0.038500968733371624,0.0546543717033752
536,0.0346026637194312,0.06663034129189839,0.05943623914950745,0.02489691185175214,0.04581089270408659,0.024028184081891852,0.053331729745341803,0.0679449473894049,0.038599458221095145,0.054636901164548925
537,0.03458733920636623,0.06659646602175219,0.059413738511334406,0.0248985226292283,0.045865993950487516,0.024004712461158748,0.053303685283415975,0.06796776543990585,0.0386229384234961,0.054731837422032754
538,0.034572706689876206,0.0665911140125364,0.05942846104247126,0.024860167528679825,0.04589855276295697,0.02399863750686376,0.053291319988164186,0.06795799346216867,0.03857164641341538,0.054751179588514484
539,0.03459090238222531,0.06666058021549708,0.0594342298299046,0.02482972202613925,0.04584238229861769,0.024046981004293973,0.053376818155400726,0.06795530960622019,0.038548495503743285,0.05468522077692112
540,0.034637270611401115,0.06676615333933267,0.05941383757687281,0.02484147912341902,0.045784275787380355,0.024085281724844695,0.053483576601536395,0.06793310742476734,0.03857874764535151,0.054649370618454506
541,0.034649591782054186,0.06685585933041586,0.059405218734384396,0.02487716372643068,0.04578688969498922,0.024064387785673824,0.05353217138008832,0.0678631510917177,0.03863178024067217,0.05466402062297919
542,0.03464523364255849,0.06704898860739493,0.059401476706097925,0.02489060261400262,0.04578887981056048,0.02409033540900468,0.05372894721680251,0.06786866425203594,0.03868986628016353,0.0546958481546367
543,0.03466441146827159,0.06728651944668464,0.05932605480140395,0.024929782287069265,0.04579185049365898,0.02406797824458374,0.05385906655612278,0.06773414669950993,0.03871787040416812,0.054702541164033155
544,0.0347209700283093,0.0674627329626078,0.05933971336900093,0.024897513892780408,0.04576501264393535,0.02406616031136459,0.05397542587221006,0.06766480469589409,0.03870281525617337,0.05468699040321133
545,0.03475236449631993,0.06761210634842006,0.059363762773694456,0.0247953503371032,0.04571177365828895,0.02410217406748291,0.054151558759074535,0.06768897979867318,0.038669467103607226,0.054700456155400735
546,0.03470839203390996,0.06766921329675708,0.05934056081278155,0.02472731106202447,0.045713967819798994,0.024085426317055195,0.05421587929178363,0.06759576292456894,0.03860591386419933,0.05471114429053072
547,0.034643250059498865,0.06764171645713177,0.05935144831984872,0.024715227392103047,0.04578909303287205,0.024021020074503335,0.05420434441938026,0.06754749681771849,0.038601572640161376,0.05480607275113911
548,0.03461102359357327,0.06767835585148216,0.05939314395239854,0.024686625626264645,0.04583483870582789,0.02393255457479611,0.05419515209621724,0.06759756507118105,0.03860816852919881,0.05490355390217123
549,0.0345180380368122,0.06758333439487535,0.05938176436193065,0.02466806148867222,0.045868639349019746,0.02389575578439324,0.05416420870541534,0.06756073004711706,0.03855719160206003,0.05496606552617223
550,0.03447525232469779,0.06738684038764593,0.059373495989761965,0.024624530475627522,0.045998472260990915,0.023881926196831105,0.05404339705009733,0.06755583437256947,0.038474776496126115,0.055103118094736545
551,0.03451583808220542,0.06725766408125583,0.059430378473915774,0.02453255373828605,0.046087906686753916,0.02386643384716969,0.053895835156852784,0.06758370256040182,0.03837723170465427,0.05521010480446966
552,0.03456055019592591,0.06720903293074641,0.059474529791765186,0.02449870289104985,0.0461040053627068,0.0238999948590993,0.05385707935771562,0.06767780869521474,0.03837397300142605,0.05525068043056564
553,0.03454122524887291,0.06722298411063296,0.059481800318440185,0.024492577810592102,0.046008393390141046,0.023906647232732888,0.05386432434148594,0.06768676166704496,0.03836714158940999,0.055091790191956126
554,0.034511195681106784,0.06737674860651312,0.05946612126404276,0.024471502357374414,0.04581418942392815,0.023888550113037404,0.05398073836730108,0.06763644656407915,0.0383803017557561,0.054858928481527305
555,0.03456165154465951,0.06761114562762931,0.05931160441747785,0.024543780776936974,0.045703885804407235,0.02392344385384867,0.054146173859765175,0.0675231227050518,0.038504139732752976,0.05475718688470239
556,0.03465692687856393,0.0677534684595756,0.059226752591200256,0.024559299209194054,0.045707536173461155,0.023971333158575386,0.05420475320023157,0.067396649961029,0.03851881670858435,0.05479670701924034
557,0.03469779614209779,0.06770074904595029,0.059160147181779935,0.02459430941210786,0.04575146286751637,0.024011732712608442,0.05420529771321144,0.06726472131265603,0.038571530462273886,0.05486032252655836
558,0.03473642622484337,0.06769216187064685,0.059236730840801964,0.024575934789460963,0.04582666828734848,0.024035562206073544,0.054231694751055076,0.06734392250091358,0.038530984378346296,0.05492811221371291
559,0.03467983755169713,0.06771266786899663,0.059386736587999686,0.024538424910574806,0.04586777557093127,0.023988242316477414,0.05424905658397763,0.06749626834156272,0.038428224795270235,0.05492111917650209
560,0.03458253367896181,0.06768675322561121,0.05938147462207241,0.024516380784841783,0.04582099438785742,0.02392253815434882,0.05423476143214916,0.06747401487005086,0.03842632889780593,0.054894197848847026
561,0.03459299810360045,0.06774034404656182,0.059274842618867285,0.024453210318092042,0.04575529676232926,0.023897659950071894,0.05423224323968518,0.0673465242338645,0.038461809999929555,0.05493403380492472
562,0.034502987251465535,0.0677656213074877,0.05925723874317136,0.024446445171858663,0.04574642841563334,0.02383771437707549,0.05427385848990498,0.06727634113865162,0.03847520061114663,0.05492754805731247
563,0.03459888148091534,0.06772718841810249,0.059202909532956025,0.02437214599732995,0.04579899506955435,0.02388051820159265,0.05420241859007221,0.06721297263705227,0.03825700209052474,0.05493780797835205
564,0.03462844260942326,0.06767771207507077,0.059239681907451894,0.024295795731970278,0.04579796025897424,0.02394573437724206,0.05421486464664826,0.06719217882157509,0.03821068989423495,0.05491751877364842
565,0.03454865560682391,0.0676532190031269,0.059239035089879155,0.0242710899117436,0.045817953200084326,0.02387549332652171,0.05415964790964895,0.06724504417418223,0.03820566817927234,0.05495276128779824
566,0.03443914172293012,0.06755384255445719,0.05919145048891532,0.024211080261298434,0.045822853852357286,0.02377533174824164,0.0540472294390535,0.0672447480701431,0.03812615871433955,0.054975679149157464
567,0.034384686877304116,0.06733481299311832,0.05915489409636783,0.024223170685447024,0.04579470613325131,0.02376219212223699,0.05396050890875995,0.06714639003029327,0.03811830000668249,0.05491495259319969
568,0.034397247372365505,0.0671362133480163,0.059096277517350936,0.024389704039513356,0.045810736697830895,0.023767911149380615,0.05382989264341756,0.06710576153734946,0.03816742919298473,0.05484470486288813
569,0.03434980755280073,0.06703470386923786,0.059051326223882275,0.02435875582933894,0.045725836648615674,0.023812457932716725,0.05377672383729677,0.06713753476277282,0.03813853786962243,0.054722153799695986
570,0.034521803494185786,0.06712048645210712,0.05893531931009439,0.024270956603974343,0.045600670817878594,0.023892472593622864,0.05373404572077465,0.06702040012801251,0.03800651102414198,0.05453547497580933
571,0.034614507008366484,0.06720983646341272,0.058851693096721766,0.02424214114296636,0.04553660702108523,0.023964536222551472,0.053760296638163285,0.06687329182996306,0.03793583038346018,0.05439761710612239
572,0.03457587286237885,0.06715509692865974,0.05879919867135274,0.024249967152828268,0.04546148363765646,0.0239810615413086,0.05374387357930122,0.0668497465236903,0.0380209678375395,0.05439200852915686
573,0.03454442683147777,0.06717139001660856,0.058707790885726634,0.02422474137695431,0.0454447959137633,0.02389936521387487,0.0537233884017165,0.06673196994417181,0.03802078397227839,0.05439522268210955
574,0.034563419353206205,0.06730542368738607,0.05861997325508971,0.02423660560943596,0.045448280701220097,0.02383523078294013,0.053842762228725374,0.0665899643575797,0.0380507832335062,0.05438837680431147
575,0.03462982441978397,0.06742180184927349,0.0585609353935505,0.024302180629242314,0.04531132807735718,0.023910501397710796,0.05401007530630884,0.06652052710899774,0.03820891939989016,0.05431614536630958
576,0.03470196546776677,0.06762085578773863,0.05837705071632847,0.024238749259002417,0.045101479183694206,0.024015609337552337,0.05415689050029948,0.0662540361401569,0.038082864551351785,0.054050089166690005
577,0.03475290719259249,0.06796737401433049,0.05822159965405547,0.02425969936486005,0.04492905893179158,0.023990146610222512,0.05432931004580902,0.06606419572483255,0.03807714526358256,0.05385374477308995
578,0.03473575278001466,0.06829389133150655,0.05792658681443425,0.02423481053576777,0.04478125121863305,0.02401663129125591,0.05457219912371094,0.06574457674647628,0.03811855884690109,0.05375225313480172
579,0.034674509455565924,0.06833158930581358,0.05757465755416782,0.02398423953892668,0.0446115368972821,0.024004603855380863,0.05467348772970794,0.0652240486198806,0.037985776619566716,0.053651798944730704
580,0.034554489267519424,0.06825866558247419,0.05727766086374815,0.023836906209720718,0.04422211606853061,0.02386595130243119,0.054590581329202706,0.06489155024501812,0.037798198364940555,0.053193704005239525
581,0.034479567940048354,0.06801400490836489,0.05691275783799022,0.02383889518135073,0.04383096399637205,0.023799620163672878,0.05433659673038159,0.064501695638151,0.037753316517021934,0.05270943949462278
582,0.034404453073612555,0.06751461569139958,0.056605802248466196,0.02379555164798113,0.04392824480148458,0.023843820671135316,0.0540587140147332,0.0640044917553456,0.037736432476538205,0.05289508691378731
583,0.034034900171980305,0.06724661099311074,0.056609851016331605,0.023842829226017066,0.04408326240832202,0.02354054020423862,0.05381195311936248,0.06403403602921703,0.03743020881024611,0.05299422366180519
584,0.033805869092297144,0.06677688011460063,0.056376699630402906,0.02339975848066244,0.043844146818395706,0.023077102805912575,0.05322360197185872,0.06361052239634699,0.03697951723834792,0.052757104968049355
585,0.03366093452407736,0.06653025381615782,0.05590698845002037,0.02336046242431918,0.04396878965268234,0.02313344110960112,0.053213793713767624,0.06329752208955006,0.03691027179450531,0.052887324731027044
586,0.03353639278903211,0.06588080380861452,0.056174361107658805,0.022926763799831208,0.04421788480281079,0.02331390084999578,0.05282508651849094,0.06373846740749767,0.03642392550600373,0.05323058757210577
587,0.03361508702563621,0.0659650757756304,0.05651881515957634,0.022781882835195954,0.04418750493645632,0.023183049856122875,0.05272693111332466,0.06400038181729473,0.036277664822837175,0.05320439089419842
588,0.03344518083294523,0.06597567545134904,0.056630476403451445,0.023023130720624643,0.04420786498245127,0.023026361974442067,0.052921912810287686,0.06387197113787134,0.03648045218014483,0.05320112467980782
589,0.033440950368457366,0.06596711266587339,0.05654557054932636,0.023044920703274206,0.044087813453544504,0.023067195145220543,0.05299706898269573,0.06371646547554803,0.03658987557603667,0.0530868143037349
590,0.033758925176927655,0.0664012488101052,0.056116633700948916,0.022958366978894022,0.04352176410104974,0.023159186125013307,0.05308211825941828,0.06336023376832307,0.03666055901738451,0.05242641077114393
591,0.0336541765761175,0.06636163661127178,0.055566437935314045,0.02310539935021708,0.04310787908239519,0.023258296627988687,0.05323768373641574,0.06278348588965729,0.03664930372286483,0.05183636538790919
592,0.03372220800050005,0.0663361699795819,0.05532863007905114,0.022981980347064154,0.04321126007346132,0.02344655448776756,0.053223963322919066,0.0627951606011651,0.03640217173676763,0.05195386758017974
593,0.03348646302860324,0.06577448510796834,0.05511502586709692,0.023022628615664037,0.04310459442697307,0.02335874621057774,0.05282294010660856,0.06246344497849253,0.03651720111521434,0.051841715108201646
594,0.03346024191293059,0.06550320838181252,0.054775206170458945,0.0229729251740082,0.043207585807840794,0.02335928657492864,0.05265447802377433,0.06198878098509921,0.036493284523026116,0.05203848712263297
595,0.03326463919317259,0.06522900684507478,0.054772844294599665,0.022718845501364084,0.04303407536511935,0.02310106881088859,0.0524040033191098,0.06190157535165417,0.03627440487541217,0.051889643218236456
596,0.033220328769156114,0.06491421033276062,0.054726030362686834,0.022581228667227622,0.042752007696496896,0.02297279257690393,0.0520716238133494,0.06189725616822181,0.03590494927516903,0.05140428079288563
597,0.033357191744994234,0.0646649963883053,0.05435192214166789,0.022451846235150286,0.042649629431489276,0.02332051217749891,0.05205929968607069,0.0616154297612637,0.03571516236615074,0.05133495323493733
598,0.03336741962154696,0.06451179832512106,0.05394202693889634,0.022207869208191934,0.04248140476398347,0.02352010836491285,0.0521470296551743,0.06116925770328371,0.03579644640814068,0.05138873541092312
599,0.033403279758781254,0.06447053281887444,0.05361229604968587,0.022187538463253345,0.04235113540613917,0.02328705905888208,0.05191190712789806,0.06076376013302292,0.03576244404897967,0.051130371606828415
600,0.0330244211534611,0.06399717812295397,0.05354538722872927,0.02236406802460606,0.04236051295676597,0.023022328360216216,0.051520923014836344,0.06057494819937191,0.035755885998500936,0.051084866371425494
601,0.032692323439692465,0.0636784701669771,0.053610098733365155,0.022280529698613036,0.04196047582327704,0.022650347074631233,0.05114881044672192,0.06070326552388601,0.0352496531548259,0.050431927213392715
602,0.03270369561843629,0.06356664157314015,0.0532776313352112,0.02244596363145951,0.04169395949763181,0.02285698511574022,0.051219939843089334,0.0604668730401505,0.035320373439865625,0.05009631512383602
603,0.03286643921502664,0.06308845616399243,0.05291716074933828,0.02232868693705008,0.04157895683214354,0.023213757866789142,0.05109525707021061,0.06003066107759973,0.035468569147944516,0.05010658242704475
604,0.03283451105431381,0.06280520429160426,0.05215213075259247,0.022084004865577118,0.04129413022642664,0.023166599462817468,0.050680150044165005,0.05930186262767152,0.035374216654981624,0.04983235651173444
605,0.03291867289877818,0.06278743625092749,0.05179279402571971,0.02199527036951214,0.04118790434437202,0.02305897818188391,0.05047022268811089,0.05889875928018849,0.034983237532716135,0.049577610341109926
606,0.032810212712232306,0.06241640095048746,0.0519953897339192,0.02196190527714705,0.04122552305096253,0.022928548066217032,0.0502565787713146,0.059073489397217155,0.03465563822475953,0.04953264044832075
607,0.03235460100457334,0.06186813225192561,0.051850849534818166,0.021826543035698736,0.04095532357379699,0.022703506002355534,0.049901096927156226,0.058993897688877354,0.03455874553649652,0.04922353748721485
608,0.032540307967904615,0.061722662298095664,0.05172564309017747,0.0216465964535399,0.04072794131721411,0.022951690443342155,0.04998564743996875,0.058603839488578155,0.034384698092329524,0.04894226272816073
609,0.032581579464338296,0.061754223440448175,0.05138392997014576,0.02195445908713251,0.040657714654817316,0.023041825782594935,0.049890406284059545,0.0584116542849312,0.03490561020676754,0.04901219616168324
610,0.03265724816530312,0.061525174669890596,0.05134304840813863,0.021772287455811938,0.04055524932841551,0.022985725027634282,0.04958387300238853,0.058313708771565234,0.03477425433194785,0.04883479931357871
611,0.03227651714505511,0.06160058715871787,0.05109660856993895,0.02181861297788467,0.04069414639110452,0.022575282213147602,0.04955988720820304,0.0582240150279641,0.03420422647710203,0.04869567557112003
612,0.03217391381362406,0.061377195656423786,0.05089839849481309,0.02180531300837169,0.0405212770577175,0.022577329575025663,0.04964872925605015,0.05806836389169604,0.03430054317483211,0.04865343598938467
613,0.03209907846086688,0.06110923894247438,0.050956613335429723,0.021497455307595694,0.04032956425683606,0.022645462827318105,0.04953251871481955,0.05797684451013988,0.03428298413641424,0.048695944115283316
614,0.03219379706903588,0.06079428363206478,0.050987974077366806,0.02141920852804398,0.040234575023942815,0.022806821632287956,0.04922827165178655,0.057956539105506806,0.03411931148240268,0.04846749677154573
615,0.03235190261571845,0.0602712692229452,0.05084878581272046,0.02170080262665276,0.0401673477111317,0.02303644020819893,0.04881411536643338,0.05790565004340023,0.0342999332211342,0.04815988075208013
616,0.03245712010888711,0.06027081350941777,0.05068873789071462,0.021918933305761053,0.04031219181417311,0.023109273717577202,0.048698277791706934,0.0578529295961411,0.034461100207666656,0.04827995916858541
617,0.03286623438448469,0.06068665200011921,0.05056981788289944,0.021896379981986965,0.040318902607847616,0.02332898943315983,0.04906788779839681,0.05784868966875961,0.03456431146271946,0.048403457656788
618,0.03258716706275588,0.06031524943098043,0.05029010024206254,0.021701309637155976,0.03991343100044117,0.023152424094827442,0.04887519396817342,0.05742648466009183,0.0343217056121088,0.0479322063268234
619,0.03250640146967487,0.06017096629590328,0.05026362221517292,0.021658952682230972,0.039810305952036495,0.023009601160794,0.04863215724787403,0.057111611241702075,0.034188193728860804,0.047775218881089924
620,0.0326886428517485,0.060330673395626117,0.05049157084609366,0.021687173133856055,0.03996721044005736,0.023054928913029706,0.04860209212723916,0.05751403215032534,0.03435024564486214,0.04804384783103692
621,0.032600240188549984,0.060386608028156534,0.050335875895705096,0.02143090367622305,0.039986262812977034,0.02324454924069699,0.04900276781319864,0.05752788575267074,0.033858601255974057,0.04787859848652634
622,0.03272699338517737,0.0609453699058431,0.05007953039787032,0.021674457445156583,0.03946163863739835,0.02283283062807115,0.048852641810292315,0.057053902104099226,0.03460979167960538,0.047599954099265165
623,0.03209790104558862,0.059654886592511266,0.04974832524441073,0.02161157654777792,0.039520762882187296,0.023179652027953235,0.04864939442608799,0.056858908549352875,0.03382657185324473,0.047215378212920656
624,0.03209310670249934,0.06019791661057933,0.04984248493709965,0.02146664977878541,0.03929210873622358,0.02262393804705476,0.04854385139632053,0.05694498404155319,0.03414250635457018,0.04732074479204222
625,0.032520964639638765,0.059904606029752845,0.050013611634549364,0.021555259554323726,0.03969368663327406,0.023283233942317866,0.048563747053639764,0.05713729535527652,0.034031204214535406,0.047630937217611594
626,0.03235611106978054,0.0598354555380154,0.05012107559529519,0.02126845887429938,0.03971172229767712,0.023020160083019815,0.048309036475166045,0.05730101804823846,0.03333533337636756,0.04731835641946153
627,0.031876346703151495,0.059765309447946655,0.04967097278882043,0.02174539599008658,0.03971947988874959,0.022652325671252835,0.04841841839444281,0.05657086330901867,0.03407080309701063,0.04752761795321131
628,0.032270492304031013,0.0597651008485703,0.04986726246406612,0.021459218762439114,0.03950848642419586,0.02257984551313471,0.04804579126067571,0.05678970271117567,0.0338270259739262,0.047311310386324
629,0.03202012810032977,0.059549284458859444,0.049666839614617,0.021671344488876285,0.03922945215846356,0.022814941578419828,0.04804237459079372,0.056865658143473254,0.033922541729996654,0.04681424889507056
630,0.03185058819835684,0.0598751812772158,0.04993808117867502,0.021021390268566975,0.039395139237824534,0.02228453128898118,0.048416232982904095,0.05739234810176779,0.033794027295919515,0.04745738559498159
631,0.032539344792387744,0.059318981253040935,0.04986938431910327,0.021485942860958517,0.03951751700861295,0.023004709855923292,0.04756357815621484,0.05685687722528308,0.03362192915167368,0.04714175322478897
632,0.032195676176095936,0.059459218406239626,0.049597196606861,0.021370392002017364,0.039499089293542025,0.0226224548290968,0.04772792795867505,0.05693052138083175,0.03340213834146618,0.04703579284527464
633,0.03218342749703363,0.05942149508078115,0.04993270304303506,0.02172637905837197,0.03955539330494922,0.022828413034643773,0.0479784797903914,0.05703021593525249,0.033973857627543375,0.04720990659405437
634,0.032249828259846416,0.05940211033382577,0.04976094888004233,0.021622493592245953,0.039415456597070776,0.022970276361409143,0.048065329298090785,0.05720551220298794,0.033871254102489985,0.04709638515642217
635,0.032404090620016535,0.05890283431144855,0.04973377067432102,0.021718443499592874,0.03934429434400713,0.023115080838008843,0.04766729236078023,0.05676700651976892,0.03371485919626642,0.04690682863041396
636,0.032208659940808716,0.05896632882890774,0.04936815737567224,0.021771312721265677,0.03935082695613496,0.022964581076427303,0.04777583656621313,0.056383934581305056,0.03391907677769922,0.04705233949637016
637,0.03201970837087074,0.05874128064258898,0.04937763746138775,0.021643615737593443,0.039548662065753463,0.022616122260787633,0.04694728087739676,0.0567892716739842,0.03397664371003244,0.04721503659894082
638,0.0320992526604635,0.05887293229577667,0.049508565710702696,0.02166919788568124,0.03904736485501588,0.02284227108674926,0.04750395949371517,0.05652450817251026,0.03403484440117666,0.04663232566112477
639,0.03227531593319981,0.05905258771048691,0.049554647137536136,0.021729560012016126,0.0398144231203667,0.02288597724079641,0.047375091462053716,0.05702008830394238,0.034137083641344775,0.047846595024203624
640,0.03266726294896812,0.05932414518689814,0.04948476178637983,0.021754177257223013,0.04007153994091675,0.023327241702469893,0.04775975307525759,0.05691438357708739,0.03378487932433533,0.04798196874075579
641,0.03228324495431831,0.05861276282674811,0.049822878682294125,0.021817311893505647,0.03914448995338939,0.02309015862604512,0.04721235628616176,0.05710666774914718,0.0345671776328529,0.04712615775115835
642,0.03239093902830184,0.059145420603206655,0.049784783612021516,0.021524478545566796,0.039187888692434135,0.0230040452795364,0.04750337295214706,0.056797761901224555,0.03367568380850514,0.04654194607154691
643,0.03257739991808851,0.059588662223854096,0.04947087842745624,0.021736394757176838,0.03915808469861581,0.022772938651837542,0.047451335253073816,0.056568896010265435,0.034076120889038414,0.046806480766087816
644,0.032333313594556726,0.059329675638200796,0.04999764042377719,0.021529496437445846,0.03939805483134591,0.023143128814004935,0.04783011391838618,0.05719850770037667,0.03350177720788134,0.046802205638826956
645,0.03245669397394487,0.058221931377194606,0.04984433541420037,0.021459156111439795,0.03955378198006796,0.023632306828738212,0.04708668480977544,0.057048210099705746,0.03401866348217461,0.047738679343685184
646,0.03146193289798377,0.059346705255360344,0.049464173028883014,0.021515286391509063,0.03905075511544555,0.022225651428659128,0.04804711177138358,0.056671077952129875,0.03299404395583697,0.04600506968017341
647,0.03203250353986233,0.0587387834396474,0.04891699937765712,0.02120085789735966,0.03894705936337052,0.0226111754589592,0.0469809889776329,0.05569065737781385,0.033457211647040346,0.04660693735927809
648,0.0323828813700018,0.058954257285751425,0.05017749018988137,0.022639510209232754,0.0404992213482349,0.02283405401665692,0.04749677061017217,0.05714078070731045,0.03470003260500292,0.048191537690721785
649,0.03347959943663499,0.05904880694006491,0.05120761061450475,0.024172047323883665,0.04218524974654619,0.023664592758940343,0.047705122754532384,0.057745736894118826,0.03671443735721454,0.05051172734660371
650,0.03356016697686536,0.059414358208362564,0.05133499115583593,0.024199834820862146,0.04231329614146748,0.023613752184541557,0.0480443718281446,0.05799579377016485,0.03673641184282459,0.05064059664511152
651,0.0325296817234928,0.054654629579296767,0.050452949327430524,0.023745962123864366,0.04336532620373235,0.02287296163069789,0.04317361179675796,0.05716050088124992,0.03612367351120476,0.051926428083444255
652,0.03261071381363828,0.054919795692014176,0.0506511136348676,0.02372887768747298,0.04339137423938241,0.022913217953046714,0.04337813283470557,0.05742755807084481,0.03616944384434328,0.051950934233471406
653,0.03283345739667901,0.0551190952124244,0.050979773503711565,0.023983958271868992,0.04377232460400214,0.023063583560264066,0.04345670372287069,0.057809574005892386,0.03648017206573596,0.052382828921175795
654,0.03343605791838835,0.05572039612028745,0.051716583102827625,0.024164639064061976,0.0443993329754672,0.02348989066426054,0.04391278133588384,0.05862409589105634,0.036809518744131325,0.0531779264526872
655,0.03362335297589281,0.056108097046434796,0.052037933166003685,0.024300524175740155,0.04469073558839131,0.023619118811414774,0.04419689094424598,0.05896353928051661,0.03699491508554893,0.05351510945305677
656,0.03374922035774565,0.056481255667460005,0.05244567250175292,0.02447063481299152,0.044922853965873866,0.023701696578477476,0.04447229551587625,0.05941453337294745,0.03723019316921584,0.05378204582094788
657,0.03367145390322589,0.05676555584179748,0.052999047722335615,0.0245800944608586,0.045294566778595884,0.023573499475677447,0.044673353672346365,0.06000367003898728,0.037414788011903864,0.054221546775145756
658,0.03361436145834217,0.05692830723493172,0.053357358297354975,0.024663664610363126,0.045574432014423676,0.02348451777394701,0.044800092013064056,0.06040108168561814,0.03754603932745772,0.05456110947299964
659,0.03367284761809165,0.05701686710146789,0.05350962960170729,0.024724522557845536,0.04566704320698873,0.023521198977251134,0.04486654584971709,0.06056895037925642,0.03763272830405327,0.05466961719201521
660,0.033790414621607125,0.05707583818591597,0.053561031227741564,0.024766255893743462,0.045670484758630905,0.023625011698031422,0.044915415110806364,0.06063525541558404,0.03769749967962867,0.05467995240389555
661,0.03391400844346758,0.05713788902293395,0.05359070424873753,0.024787471081241814,0.045663721092950964,0.02373220765753031,0.04495948744934338,0.06067065018670252,0.03773639084769916,0.05467636469489093
662,0.03401137539057449,0.05725104326246695,0.053683252910504894,0.024798283775536376,0.04572856298857193,0.023801655963408715,0.045032912699427025,0.06076452822416538,0.037767705358454466,0.05475561451708672
663,0.034066817637897845,0.05737670836212987,0.05380504773235333,0.024794782626301765,0.04582953286644388,0.023834106409579992,0.04512444735654804,0.060902897390362865,0.03779334384755944,0.05489299120443431
664,0.034103889538629896,0.05751098187440666,0.053944910231823046,0.024792906008719362,0.04594598697147083,0.02384428141299771,0.045215107696253615,0.061050062962070585,0.03781325199475343,0.055037439767425506
665,0.03413959501016015,0.057642714227770425,0.054085415639996914,0.024802708405677835,0.04605274597591051,0.023859289505888785,0.0453133686404243,0.0612084121172132,0.03784795283788633,0.05517397543611688
666,0.03418641177905924,0.05776718451176718,0.05421667701711354,0.024829404568137776,0.04613631918814464,0.023881630218926996,0.04539626150777372,0.0613407077993217,0.0378855848887444,0.05526095047067441
667,0.03424505196275743,0.05788773177332093,0.05433842199126335,0.024865888037215157,0.04620518213314254,0.023923314558318337,0.045489553517184575,0.061480455331737724,0.037943220796127754,0.05534329182033235
668,0.03431390992278379,0.05800746874350307,0.05445040762109932,0.024903006106841676,0.04627004740944442,0.023968769975253115,0.045570725208200706,0.06159654947411891,0.03799634035726447,0.055411211571082086
669,0.03438735704483064,0.05812209380506081,0.05454551747186996,0.02492908064336942,0.04633563807882333,0.024017475746935777,0.04564526492279673,0.061695736594285566,0.03804438769776167,0.055488595381220036
670,0.03447142758482738,0.05824816017815197,0.05464219984780768,0.024948759813420453,0.0464199600824315,0.024071718907208692,0.04572490985045548,0.061796990913089184,0.03809477490154375,0.05559630216392326
671,0.034545318935002865,0.05835887391787221,0.05472791629103334,0.024959697956082952,0.04650069716074443,0.024119436543702855,0.045795640000737985,0.061890676839695624,0.03813756124049171,0.05570642949125042
672,0.034616467747012714,0.058474999376234,0.0548351515248607,0.02498041265827831,0.04659291187856202,0.024160916453620274,0.04586662900531574,0.06199886216837152,0.038182341046269275,0.05581820473358925
673,0.03466873753959211,0.05857696926426214,0.05495764601549694,0.025011229817673602,0.046679638387046474,0.024192959268474028,0.04593983636119675,0.062133307091819065,0.03823241773878806,0.05592309347252853
674,0.034705497715361654,0.05867241254893626,0.055101152463128404,0.025054873903917342,0.0467654400980706,0.02421657992319053,0.04601855357088901,0.06229717334855837,0.03828999725389355,0.056023152400149205
675,0.03473509972372009,0.058771772024024435,0.055260735846656306,0.02510639407122882,0.046856887205849775,0.024229765983174653,0.04609382054347164,0.062466668633577416,0.038345086502014465,0.05611409449632067
676,0.03475518972664271,0.058867093848397375,0.05541351339462252,0.025152659424280615,0.046945841672231134,0.02423641427505454,0.04616759175926545,0.06263226608729372,0.03839682702184215,0.056205249062625515
677,0.03477719048918667,0.05897317614178618,0.05555867031290128,0.02519092164253192,0.04704232940097003,0.024242812455494204,0.04624598498602523,0.06279057696763488,0.03844821553198071,0.05631062793977375
678,0.0347949379378787,0.05907097697518076,0.055677013185937714,0.025214378435046446,0.04713055881678434,0.02424965855371995,0.04632242967017738,0.06293075124121368,0.038496104998867416,0.056422829699637224
679,0.034819753374018346,0.05916862820322178,0.05578547780236144,0.02523571018642311,0.047217394166769115,0.02425921853952103,0.04639232915692369,0.0630524062756803,0.03854228059894131,0.05653240280623464
680,0.03485934061557856,0.059268790271121946,0.055896128165781205,0.025265187392342073,0.047305440994460345,0.02428065540305818,0.04646487412851196,0.0631743589025313,0.03859997748774939,0.05664685807659181
681,0.03491347260359683,0.0593633623567153,0.05600925582890007,0.025306500492020934,0.04738848228051132,0.02431667040499562,0.046539114221646846,0.06330082614037714,0.03867249730224808,0.056761768901230296
682,0.034982248266912416,0.059461432185947044,0.05612996052561024,0.02535771213490685,0.047471884932876275,0.024358974794470398,0.04660620136159322,0.06341842567416925,0.03874591122230336,0.05686418065832952
683,0.035048591847440504,0.05955004841569037,0.056237496812554764,0.025401814965092705,0.047542445801121894,0.0244068310921064,0.04667734764626445,0.06353803801194469,0.0388182954212654,0.056966030647166384
684,0.035112855587708366,0.059645831055040927,0.056339045912781556,0.025434415363054488,0.04761055595524594,0.02445441473508893,0.04675394792809406,0.06365732504676168,0.038879646099312264,0.05706729883278296
685,0.03517628210830854,0.05976321700096422,0.05644288731406651,0.02545421387399658,0.04768614389523606,0.024488886610616333,0.04682158197700362,0.0637539676863472,0.038910718013119204,0.057149162071079486
686,0.0352229470823877,0.059872698588118944,0.05652831537176766,0.025457230300178553,0.047749232389012825,0.024522029208641022,0.04690324638010374,0.06386251779470031,0.0389388084475549,0.05724051361630402
687,0.035259244056021995,0.059979017831330216,0.05661009466250266,0.02545803124227746,0.04780849443329159,0.024543800587531837,0.04697782216554887,0.06395897733408529,0.03895837610192871,0.057316989067944094
688,0.03529157703419591,0.06008701863239574,0.0567030727133758,0.025471101590725093,0.047872691120736756,0.024554564073071442,0.04704408840209929,0.06404658060208486,0.038980430030383734,0.057378653580437464
689,0.03531341944432592,0.06017941290988351,0.056798188482407704,0.025497239832608574,0.0479322621055267,0.024561757513267165,0.04711272741630679,0.06414427515140017,0.039022382909490005,0.05744208966164743
690,0.03532205100702785,0.06024492259880589,0.05688307084710718,0.025527191088536738,0.047980390550917414,0.024564924832082263,0.0471744813889269,0.06424212515379243,0.03907488350917923,0.057505278412495656
691,0.035333168254042355,0.060303694552904456,0.05697335070577498,0.02556265673852403,0.04803490176015498,0.024563899941713523,0.04721985950165938,0.06432955810552289,0.03912651755265305,0.05756697766226061
692,0.03534805068271718,0.06035152166809979,0.057061674736752825,0.025595028127513072,0.0480941703069824,0.024566816493142837,0.04725556412836392,0.06441803900558815,0.0391792911226863,0.057645544190262944
693,0.0353715269802145,0.06039725863963197,0.057153202360157467,0.025623751278629772,0.048163705052375924,0.02457291023492077,0.0472789930695691,0.06450315532648762,0.03922645475109884,0.05773747558240834
694,0.03539532197770194,0.060439177518829164,0.057243498200539145,0.02564800286823842,0.04823516851472988,0.024582597278703128,0.047302928462779815,0.06459618230925325,0.03927225285901312,0.057840438662344326
695,0.03541055008752483,0.06047569646986196,0.05732847549941712,0.025667349721623305,0.04829996426718705,0.02459328960411707,0.04733571429683246,0.06470215333029575,0.03931714211193423,0.05794531244823097
696,0.03540850376067122,0.06050514929402521,0.05740410316191204,0.025681204888304977,0.048349768345856546,0.024588545426138888,0.04735870515867747,0.06478948275491447,0.03933937058384563,0.05801076670028389
697,0.0354048285569125,0.060554086847459596,0.05749227415317637,0.02570005263369905,0.04840372949769615,0.024576985808199156,0.047389239558254234,0.06487613462385015,0.03935247270570459,0.058055054236897385
698,0.035403930106745043,0.0606159704359837,0.0575823045751691,0.025719424367313184,0.048459348088476524,0.024566840255134306,0.0474311870157266,0.06496168497960161,0.03936433807826319,0.058095544757809085
699,0.03540698616590348,0.060677518888249765,0.05765675182550971,0.02573192147319821,0.04850888605172592,0.02456351272127623,0.04748189832924666,0.06503657489940129,0.03937793561436208,0.05814252893617926
700,0.035425183315363644,0.06074313160602454,0.05771551705576643,0.025737994325248655,0.04855865665039001,0.024570410291365093,0.047535186469218955,0.06508745837383541,0.039393472496299806,0.05820144897135348
701,0.035457608113642985,0.06081027523128338,0.057759702826531104,0.02573896512113468,0.04860716986025093,0.024590403246777665,0.047594380928403665,0.06512619773239445,0.039416852363063117,0.0582776721607732
702,0.035493540812809976,0.06087041953661598,0.05779043636206037,0.02573618498646105,0.048646378338559795,0.024614310973753144,0.04764798425502637,0.0651530835342765,0.03943961418452207,0.058349420979572963
703,0.035536903833927866,0.06094034870218246,0.0578325550032392,0.025741252822304883,0.04868837708591572,0.024644176098745654,0.047706596274227166,0.0651979918668102,0.039471212661688564,0.0584220014714129
704,0.035578523926042625,0.06101317221801985,0.05788667721784919,0.02575467196492595,0.0487262807153276,0.02466361497957642,0.04774459372357337,0.0652381025056341,0.03949065357074341,0.058457310195209035
705,0.035599942770898396,0.06105898129092157,0.0579223412715819,0.025762346706397172,0.048735309151406406,0.024675136430936405,0.04776951302173752,0.06527757334663221,0.03950224860467284,0.058463253399751496
706,0.035624132961712546,0.06111588792724814,0.057969683553249524,0.025776880029731376,0.04874521828287674,0.024691311431784824,0.047806925511394045,0.06533729661213401,0.039524361205422215,0.05847204682840703
707,0.035645124349928795,0.06117242812108281,0.05801180728308822,0.025789946115059522,0.048746167063262694,0.02470164940005987,0.04783785993713544,0.06537719016268324,0.03953854834439648,0.058461335929034755
708,0.035667394873915535,0.0612348274348374,0.05805029102357297,0.02580162074124475,0.04874394327644565,0.024716251894918946,0.04788244475455843,0.06541444675923044,0.039559446902923526,0.05845797528175745
709,0.035683874576353615,0.061288681197329005,0.058074208269538234,0.02580721090022884,0.04873378722182604,0.024727798789721516,0.0479237360738413,0.06543213779010157,0.03957409560907124,0.05844887631527076
710,0.03569444459797453,0.06133130710104548,0.05808563549605868,0.025807974178527177,0.048721948704369564,0.02473897803299824,0.04796331735437465,0.06544307480480424,0.03958564806915732,0.05844515732137443
711,0.0357025016637816,0.06136608967649688,0.05809251103814527,0.025807688817081488,0.04871968532429596,0.024748695459947442,0.047995470999767205,0.06545040248715407,0.03959125399807898,0.058449270038824816
712,0.03571108845279285,0.06139665432441159,0.058102576732875874,0.025809912185495852,0.048735517209863154,0.02475591810038155,0.04801629045922431,0.06545719905698387,0.03959007726850996,0.058463078117238616
713,0.03571507300380135,0.06141512519532717,0.05811123316301135,0.02581253511315586,0.048759767442548216,0.0247608109054347,0.048029319207816314,0.0654685256312785,0.0395889641457064,0.058488715065761
714,0.03570910508275464,0.061413785614429194,0.058113769453485724,0.025813374161201157,0.04878108308499787,0.02475765154953334,0.048027732882889154,0.06547374890104148,0.03958655181210274,0.05851395776734625
715,0.03570220654880346,0.06140974001540189,0.05812890415729448,0.025820637224277635,0.048807719320193864,0.024746820999739672,0.04801666247704581,0.0654784689908049,0.03959129642482516,0.0585410118053602
716,0.035684108944474366,0.0613862802000945,0.0581392146277579,0.025826145904421484,0.04882113417648419,0.024734109370341314,0.048008987606857026,0.06549653002998175,0.039612293386517165,0.058578691121685844
717,0.03566656856111926,0.06136340647303442,0.05815497748053332,0.025833439586278168,0.04883213512959257,0.024711488752955247,0.04798595039688332,0.06549467876037061,0.039622682647555245,0.05859240578882888
718,0.035647347284235936,0.06133696764018005,0.058162827260607466,0.02583546389345415,0.048832317160276084,0.024695266643656063,0.04797555034539893,0.06550305260367531,0.03963314963739225,0.05860413626718383
719,0.03563842933189936,0.06132724807621403,0.0581729268612239,0.02583568286219527,0.04883301436259736,0.024685004000639527,0.0479733132058989,0.06550791835789786,0.03962825952722489,0.05859702986780591
720,0.03563835207277915,0.061329443212057425,0.058179403596738725,0.025832315203149943,0.04883095346598956,0.024682176462188243,0.04797852711142188,0.0655084513920478,0.0396091075137621,0.058573232757342546
721,0.03563939324910192,0.06132609286210894,0.05817205202612184,0.025823449138975486,0.04881803093930383,0.024688799376345105,0.04799169436307584,0.06551310991206241,0.03959084221859866,0.058550355421660566
722,0.035651660024161834,0.06133042795444384,0.05817001612035631,0.02582015180259722,0.04881066616115613,0.0246964235838523,0.04799311376567937,0.06550295492865725,0.039572086663104016,0.05852149946013475
723,0.03567079804916495,0.06133158728329167,0.05816871024438784,0.025822431113364464,0.048805308506579624,0.02471215928759707,0.04799404059896729,0.0655001294980327,0.03957495175370103,0.05851538706096964
724,0.035690522570075364,0.06132469660138404,0.05816129909438778,0.025824626684092144,0.0487963455224719,0.024730618117468253,0.047989775448574676,0.06549403754779276,0.039589856516558455,0.05852212638992595
725,0.03571397313992781,0.06132697608547693,0.05815718710959529,0.025825480590286984,0.04879171102492867,0.02474630658332788,0.04798074697200465,0.06547457614961553,0.03960041344811718,0.05852675530213669
726,0.03573313705187715,0.06133714117726906,0.05814810570469648,0.025815731021187126,0.04878452426843109,0.02499084330291599,0.048427538970654584,0.06605919637090873,0.03996954054735235,0.059075214280418634
727,0.0357445857703992,0.06135908507375629,0.058131854036465036,0.025790712175274812,0.04877298015704916,0.024971457545387054,0.04838462042194684,0.0659491731312775,0.0399031036817718,0.05900038948623496
728,0.035747906553238375,0.06138550502847947,0.05810131660309045,0.025753917250870083,0.048751060627431494,0.02495084527390643,0.04835610770799429,0.06583565112899123,0.03982479214259859,0.05891752662156177
729,0.035759350127359577,0.061432263988823094,0.05807309082693064,0.025722652353939755,0.04873256106030586,0.025018497630378538,0.04850541698736311,0.06594772080709756,0.03988349361879568,0.05903039254504931
730,0.03577341378858997,0.06147827241875514,0.058028441822109554,0.025698267233897537,0.04870159284837746,0.024995704807453886,0.04847641333661952,0.06580724305191527,0.03980016293517929,0.05890978989842907
731,0.035793559895936924,0.06152077229623482,0.05796748779503111,0.025686482362881388,0.04865776022748144,0.025000558397755553,0.04849062003786008,0.06572158390312385,0.03976703453465844,0.05883043285029865
732,0.03582318934920152,0.06156738102837878,0.05790800682463292,0.02568549106678974,0.048614049439736816,0.025018865895555104,0.048521314213387186,0.0656612758240084,0.03975785250021225,0.058768691958318096
733,0.035853037730867725,0.06160646941756206,0.057851678498310945,0.025682554595776078,0.048569485212246216,0.025023160802630676,0.04851799422069002,0.0655653271100645,0.03972358120254013,0.058673328214994054
734,0.03588088883698028,0.061638577069897206,0.057811939510543,0.02566988596742701,0.04853278309509843,0.025052122301540917,0.048558506380770396,0.06554659846042245,0.03972025245770594,0.058648515289105606
735,0.03589590071535204,0.06164923408376485,0.057779976964701996,0.025637421631401768,0.04849621060596396,0.025077832005215857,0.04859202814800446,0.06553743373127802,0.03970218480730267,0.058636959681663096
736,0.03590711904205553,0.061657604304357023,0.05775918100602393,0.025598729828320402,0.04846772625824283,0.02510115498096737,0.04862457906036678,0.06553161473792755,0.03967916556677527,0.05863671069915828
737,0.03591341901200598,0.061665595312132004,0.05773375716644536,0.02556201820094843,0.04844018751364204,0.025105201226516667,0.0486282789180211,0.0654749335638637,0.03963513532062225,0.05860301469817652
738,0.03591002824409542,0.06166904483689563,0.05768208682734972,0.025533411070419752,0.04840161946077998,0.025076953187023625,0.04858296642143525,0.06532393920038668,0.03956090449050474,0.05850036446634153
739,0.035909448079291,0.061690827670259955,0.057618605148568466,0.025523869666208978,0.04836481059066248,0.025069763814946026,0.048593130908066946,0.06521448295957259,0.03954238177061281,0.05844837242791135
740,0.03590493331327509,0.06171726324865454,0.05753754321819442,0.02552026867843756,0.04831837236751572,0.025080496305103953,0.04864868840438765,0.06514264113421836,0.03956310136546801,0.058434991888397014
741,0.03590410416654151,0.061759286220923706,0.057456503302860146,0.025518728848563568,0.04827008190364147,0.02509019966761428,0.04870868802473909,0.0650634229027815,0.039580571283994434,0.05841110490796959
742,0.0358999768913763,0.061803058114077984,0.0573689941661389,0.025505207893492712,0.048207961681234215,0.025087105656043,0.04874655444163596,0.06495005287315345,0.039564194294955925,0.0583446568016511
743,0.035902782425367374,0.06186320316463685,0.05729403845480872,0.02548410537223617,0.048148211511509,0.02507664031576879,0.04877157021341045,0.06482039751989245,0.03952146916937284,0.05825325745253236
744,0.03590025687509074,0.06191416088311504,0.05721395100213935,0.025448786404853325,0.048081457207509476,0.02503580428964276,0.04873928774479352,0.06461997707122531,0.03942396593539147,0.05809689260112047
745,0.03589804495685889,0.061960572196773374,0.05714047736230781,0.02540566318438849,0.04802339619905173,0.025039641467103087,0.0487958869099487,0.06454864995990428,0.0393984961969972,0.05806459905755186
746,0.03588753567509506,0.061982858460339074,0.05706304889873334,0.02535120298564217,0.047969898020328736,0.025025894185367468,0.04881982415441481,0.06445159433950187,0.03935478287711511,0.05802471624256085
747,0.035873475653687065,0.061992018192359694,0.0569896526641827,0.025289975419436183,0.047922678971133274,0.02498441538631774,0.048790114390938714,0.06429918075603581,0.03927351433371293,0.057942644597890156
748,0.03585447231917235,0.06199247201193558,0.05691679416224415,0.025221369341841587,0.047869157565954036,0.024979846625727675,0.048831985074263465,0.06424920736522688,0.039247494170943545,0.05794551308199378
749,0.03583625565556454,0.062001637216725726,0.0568519492723135,0.02514953115022863,0.04780560244484782,0.024959063096786423,0.0488411816745642,0.06415591480569353,0.039184068470642555,0.05788644907110257
750,0.03582516009374175,0.06203609561867704,0.05680068086730485,0.025077870773725256,0.04772909031820025,0.024953159272780877,0.04887738580123025,0.06408830769900542,0.03912301613733073,0.05781576885744514
751,0.03582754212415102,0.06209891266452394,0.05675430730984509,0.02500517627278618,0.04764084163781041,0.02496564333359089,0.04894162680114299,0.06403660695784893,0.039063762653549376,0.057736151439278
752,0.03584783680747629,0.06218460521935805,0.05669501333070991,0.02492700785003687,0.04754065685132834,0.0249784254576213,0.04899061012794481,0.06393202333976855,0.03897281102766067,0.05760603742919392
753,0.035891149424086756,0.06228788274573896,0.05660388137722497,0.0248388466723248,0.0474288257358589,0.025017445871586476,0.04906693253902894,0.0638169660445861,0.038885279631510915,0.05748594514301967
754,0.035968956103074726,0.06241962112010179,0.056482513334049744,0.024746322589243464,0.04731839120554007,0.025096863164320332,0.049194083351493195,0.06371351343451664,0.038824015567239724,0.05741204210888116
755,0.03606248162779441,0.06255714645794257,0.056322782204176476,0.024653084799993858,0.04719630695367667,0.025188272542903914,0.0493260084696621,0.06357182820274024,0.03876641039034147,0.05733178732449481
756,0.036159885075778914,0.06269457328903491,0.056135496536939646,0.02457215269796479,0.04706116885126017,0.02527032769450811,0.049434165039923476,0.06336847863737573,0.03870664438262797,0.05721086465938464
757,0.03624030969491292,0.06281243429844217,0.0559189154987862,0.024512428209064012,0.04689985925753451,0.025350558731714427,0.049548353132733265,0.06315429548760997,0.03868628691340078,0.0570805497186568
758,0.0362965647884639,0.06291126565891464,0.05568030314776953,0.024480757856711777,0.046713249505007576,0.025411885071522172,0.04964603137017487,0.06290485941187526,0.03869366799079969,0.05691237195731339
759,0.03633886309527344,0.06301282600613542,0.05543086059656171,0.02447159493088446,0.04651939344141183,0.025446688417988566,0.04971368700375032,0.06259564757253923,0.038698646059181316,0.056695020262146165
760,0.036363769998048044,0.06311607277885704,0.055160833236947836,0.02446538003973109,0.046322192526597424,0.025461581740428514,0.049765986840572186,0.062238010298484275,0.038686105323976004,0.05645371081622654
761,0.036371232470854074,0.06322754501173831,0.054869076689108204,0.024440684064210693,0.046135288975933796,0.02551361833049466,0.04991775006191277,0.06197003141439299,0.03871226703407711,0.05633176907232272
762,0.03635988098209223,0.06334368581336244,0.05456162461060527,0.02438560757890514,0.04596601017141421,0.025500829408749093,0.04997052045092786,0.0615537994681274,0.03861001625895956,0.056116231188424744
763,0.03632927259341213,0.06345029043773787,0.05425681316088001,0.02430455449876908,0.045814143464370134,0.02544979628495091,0.04997214012508902,0.061079050467619564,0.03843389579838162,0.05586933486255215
764,0.036261553341615134,0.0634959424230676,0.05395549504950817,0.024193954184801213,0.0456570533313619,0.025420137416625722,0.050032868789183865,0.06072368233439699,0.03829586833678981,0.05572486707885355
765,0.03615456611287173,0.06345197865191689,0.053690914954102366,0.024064651215548703,0.04549314184720758,0.025316513525469164,0.04995727760381513,0.06030669354059919,0.0380822781565775,0.05547934039043779
766,0.035983465736164885,0.06327983344635335,0.053459669187602185,0.023914926796262247,0.045312079945881635,0.025190056567387268,0.049858757831793374,0.059998791940725264,0.03789908727973584,0.0552790310483621
767,0.03573841854390318,0.06299388403155122,0.05327597136318222,0.02375493706099775,0.045138733902364295,0.024999225807864033,0.049686745291066044,0.05974795223420739,0.037710978220233664,0.05509090662331717
768,0.03541035219795936,0.06261964205864706,0.053152907465265936,0.023596958380997086,0.04500346419695996,0.024681692657107554,0.04935568617689437,0.05945191661808335,0.037452635191848854,0.05484288309277863
769,0.034990839413958905,0.06217476143995671,0.0530808807272199,0.02344708870065026,0.04492008180682758,0.024296865015856667,0.04900873788005295,0.059267058633413715,0.03722669553154404,0.05470374380632139
770,0.03453766903261911,0.061702284155076566,0.053039357883311766,0.02331185932186,0.0448789905092504,0.02388568876960553,0.048650656827287884,0.059140308585462556,0.03701610000945286,0.05462864822008899
771,0.034126902751989784,0.06123365529715644,0.052976261588724455,0.023185846381024555,0.04483751261959415,0.02352819715114357,0.04831374768652215,0.05902548222129952,0.036814870232285295,0.05456956828802698
772,0.033859814403150626,0.06084139752614333,0.05286637738160057,0.02307237529073467,0.04477389491614067,0.023357399880572022,0.048133289847427235,0.05899342320481927,0.03668989691486348,0.054584318364080314
773,0.033774177166773146,0.06053824742250836,0.05267293514229758,0.02296147116470187,0.04465267052985773,0.023318221729644806,0.047925209053934985,0.058767125663605486,0.03648399645135276,0.054408816183900414
774,0.0337994580407697,0.06028803948951659,0.0524369987884169,0.022864691451822246,0.044497900508320025,0.023314829698761322,0.047609451711205224,0.05832701411668524,0.03618349633200102,0.05402163736858133
775,0.03382806239226593,0.060014452076117594,0.05218763303028367,0.022785601623690744,0.044323619908094664,0.02339482562818411,0.0474329912053843,0.05807780441067999,0.03603262889699233,0.05379718661146216
776,0.033779115557186046,0.05967868496905941,0.05197890715285971,0.022738519043020225,0.04416693636542318,0.023388802312088144,0.047184945358121684,0.057853537683947645,0.03592040496650886,0.053582346155897645
777,0.03361804930271024,0.0592567184749633,0.05181206864415568,0.022714458664082962,0.04402903916262414,0.02326727588842197,0.04685306883440541,0.05765979510517688,0.03584031257572756,0.053387503680362124
778,0.033401942735236896,0.05879283932783757,0.051650876910142786,0.022686347397732738,0.04389191262498143,0.02309089597650124,0.04648400307883148,0.05746942560406813,0.035762153663760954,0.0531997489450362
779,0.03319119653990059,0.05833503532417682,0.05145937812361582,0.022627114968720823,0.043737827460903766,0.02292051127732917,0.04612137302276477,0.057249703459895364,0.0356524989581134,0.05300041197873219
780,0.03303847426967568,0.05792710313580829,0.0512078973237705,0.022514420037474298,0.04355290025417369,0.022810410818403088,0.04580739516249931,0.056978114476287825,0.03548662636470733,0.05277868094506941
781,0.03295935761249368,0.05758954017562874,0.05088961711339701,0.02235934134850766,0.04333339066404008,0.02277328278222692,0.04555406480140456,0.05664170304290009,0.03527029920960423,0.052520747316191455
782,0.032930018597966806,0.05730691330468654,0.0505035828500277,0.022193532531929714,0.04307231345357718,0.022797284782548295,0.04536767311544969,0.05626078870058062,0.03504928052599503,0.052233223497284126
783,0.03294977762203571,0.05709956510669941,0.05007967774102822,0.02205675097221134,0.04278944670642353,0.02285951514271632,0.04522829876205854,0.055822456487575285,0.03484368406024565,0.05189284141660486
784,0.03299337319489184,0.05693866837124971,0.049602881245413386,0.021961661834965725,0.04246729821697166,0.02294388706068145,0.0451233763326228,0.05532164054860463,0.03467139357134129,0.05148596186504768
785,0.03303687770235614,0.05678493858399627,0.049083136882793164,0.021897342955718924,0.04210964460848007,0.02303538929057372,0.04503351279163663,0.05478401926736907,0.03453319783996731,0.051038980994790664
786,0.03307538855596475,0.05662585192463873,0.048570139428882754,0.021854435834838388,0.04175451030181278,0.023114326271197094,0.04492563762458846,0.05423821037740373,0.03441461982401128,0.05058676473843494
787,0.033080936676840686,0.05640937936801679,0.04807562775947257,0.021809514860262932,0.04140781318988625,0.023162350149807262,0.044768593585613886,0.0537119011956285,0.03430368623601618,0.05016280201717892
788,0.03304065516752932,0.05611042697450287,0.04762350537568669,0.021749900325956677,0.041087593047112146,0.02316345756462097,0.0445348605285821,0.05322470774030245,0.03418869637863226,0.04979230009082452
789,0.03295635392851463,0.05573830152240934,0.047188028562546024,0.021671894742864958,0.04077996392530365,0.023119943176438222,0.04422995858954973,0.052741383122267255,0.03405293628212468,0.04944284453720111
790,0.0328383817516962,0.05532417375530177,0.04672865659917679,0.021577142392289327,0.040462178295288094,0.02305318143207637,0.043898506126917945,0.05223268857118615,0.03389462074915609,0.04908364557767873
791,0.03269521171941329,0.05490002758354731,0.04620682702451196,0.021465769304288913,0.04011177100101415,0.022978066332698128,0.043576650630656855,0.05166038684420513,0.033703278686025614,0.04867332885656822
792,0.03254194501932621,0.05450600353600684,0.0456206444306465,0.021346089954178683,0.039731717988555834,0.02290896091682023,0.04330037505800915,0.0510223132122357,0.03348224456156172,0.048202540520088426
793,0.03236244444127052,0.05410782812199505,0.04501528056869261,0.021222794029502966,0.039347170780225045,0.02282365197118211,0.04302936126856659,0.050360088118055514,0.0332359461454012,0.04770365103321092
794,0.032141901044207825,0.05366717075236684,0.04445519968091562,0.021105202356945605,0.03899621410666663,0.022704765590583927,0.042729372019379465,0.04975072975840459,0.03298787824708066,0.047243278199810834
795,0.03185670507435738,0.05313136963068323,0.04398384803519543,0.020995999668943006,0.03870008271015388,0.022524292535260882,0.04234568302935677,0.04923634182604709,0.03274263329122901,0.04685565676085058
796,0.031511820501571024,0.05249545766845044,0.04362159753954041,0.020898995935951372,0.03846643186229128,0.022286632115729888,0.04187700569372039,0.04884644695130212,0.03251484620684488,0.04656291025459867
797,0.03116082338668268,0.05183480246616162,0.043336347231049205,0.020811783830309467,0.03826869432851479,0.022038551090337383,0.04138554216146137,0.04854376678196049,0.03230651770847073,0.046322491390835996
798,0.03085948778735006,0.051230117929163724,0.04309177464123869,0.020729131707647525,0.03807865368092471,0.021820022015154487,0.040920700194700586,0.04826672093202642,0.03210408425535577,0.04606984047450121
799,0.030649904955732096,0.050742139536941316,0.0428477379333045,0.02064077315571703,0.03786543085923514,0.02168155288851914,0.04055540495417912,0.04799769181633175,0.03191871609290793,0.045784653731178376
800,0.030537134061729195,0.05038327360155857,0.042593738293153105,0.02054856049846751,0.03762878654256155,0.02162493890220444,0.04029384103401712,0.047720680941291255,0.031748986828133444,0.045461785739593585
801,0.03048573976046641,0.050112021896183113,0.042349297766068876,0.020467608752042257,0.037398958697700185,0.02161683679313831,0.04009865620198015,0.04745766759731181,0.03160483438938961,0.0451455488987582
802,0.03044942526221,0.04986718040156342,0.04211431608255245,0.02040230871090562,0.037186713015145034,0.021620798708175525,0.03992482833149842,0.04721699059018924,0.03148660894300376,0.044863689243665884
803,0.030404322298641207,0.04962096200491222,0.04190543114110946,0.020363407582754834,0.037014787709075674,0.021610173936104086,0.03974051094935344,0.047008431486818145,0.03139612235574737,0.04463998746481352
804,0.030353445511153772,0.04938049814169872,0.041726649200386476,0.020349243885311476,0.03688663635511219,0.021585880701026492,0.039548528364275644,0.04683116784495858,0.03132905181371225,0.04447255045711537
805,0.030300866075509338,0.049149306686078045,0.04155391791893731,0.02034103204127053,0.036776144051597195,0.02156119957412569,0.039364737691163915,0.04666932196287389,0.03127188026111863,0.04433617505874989
806,0.03025767244619079,0.04894261441156262,0.041377324113105456,0.02032793388831679,0.03667039027309329,0.021546350668420453,0.039200494982435136,0.04650724853782258,0.031211745678033174,0.04420742003613257
807,0.03023740838834489,0.04878030250836847,0.04119836850659131,0.02030627065660096,0.03656680700744613,0.021549707426792793,0.039066226358096964,0.04633711767334728,0.031141818051822878,0.04407188118777505
808,0.030232287483959536,0.048650728569339205,0.0410186625458741,0.020276624348164057,0.0364597705892028,0.021564546369644683,0.03895452534070629,0.046159560270365836,0.031063746247541043,0.043924342989340545
809,0.03023667634074854,0.04854617399998107,0.040851225349981125,0.020246917254254457,0.03635334079012942,0.02158682784503107,0.038865167074021024,0.045993184119315196,0.030992300134868412,0.0437773447902619
810,0.030233932602795787,0.04844051239947097,0.04069016521995298,0.0202156578327967,0.03623579504057989,0.021605191326072297,0.038783013147258315,0.04583574251670385,0.030928065060767087,0.04362388908911291
811,0.030228712997738362,0.048340159338952284,0.04055014005428183,0.020191975702526763,0.03611778029290756,0.02161874498258023,0.03870805649752477,0.04569698269475151,0.03087959715128794,0.043471792848962694
812,0.030222209087724324,0.048241552687737166,0.040419201000942,0.0201732399602797,0.03600006715597921,0.021634512572017366,0.038644201290517974,0.04557632447630324,0.030847907982506775,0.04333197613887083
813,0.030220308365213777,0.04814886848157192,0.04028899546838038,0.02015820869952225,0.035888894057250445,0.021649958832300056,0.03857749636918995,0.045449663631761436,0.03081746511005112,0.0431953475538392
814,0.03022534549170399,0.04806195863487218,0.040149000415934576,0.020143691242162056,0.0357874681305764,0.02166892152736376,0.038507154555312076,0.04530956454942203,0.03078333758244214,0.0430678168112563
815,0.03024420209939397,0.04799393492741692,0.040008426676212454,0.020132239221549355,0.03570765072748628,0.021695442896265005,0.03844130065084089,0.045164984428179775,0.030748188094349514,0.042961705365624415
816,0.030265485457758732,0.04793937496439952,0.03987712314595129,0.020119257703669995,0.035644366557472974,0.021722815437441773,0.03838432564718572,0.045031366769812516,0.030712783825964842,0.04287706845570578
817,0.030277273795875755,0.04789184590324601,0.039764504247421485,0.02009990024680755,0.0355911913249303,0.021744811582506237,0.03834149451111915,0.04492541254570606,0.030678932738700516,0.042813947337375154
818,0.030277761669451276,0.047859166831527564,0.03968969111380142,0.020075416463360383,0.035552132112155174,0.021751790338338465,0.03830976410528389,0.04485258373055823,0.030642020663296837,0.042763363948104975
819,0.030264438055858104,0.047835403088998286,0.03964512613436122,0.020045457636989075,0.03551859807653119,0.02174368105582807,0.03828658446769441,0.04480630061049323,0.030602152314745355,0.04271697298304564
820,0.03024572644666215,0.04782044793576984,0.03961411280229138,0.020016186655386087,0.03548404207123522,0.02173141572903864,0.03827387574648508,0.04477349665550645,0.030567193511784548,0.04267134480095235
821,0.030226986131908152,0.047809589689550326,0.03957614960965708,0.01999179614948498,0.03543843146646535,0.02172513226166878,0.03827243679002765,0.04473979251105785,0.030544110188185637,0.04262171025666386
822,0.030218763434798623,0.04780756869522692,0.03952072592518346,0.019979814378911373,0.03538008043818923,0.021728549926408165,0.03827370166040758,0.04468190204540439,0.030531735889032754,0.042554170191766376
823,0.03022656407788171,0.04782080485009267,0.03945870799570715,0.019983083097899083,0.035322499940521494,0.021740119215516305,0.03827546209735275,0.04460330992139588,0.03052790229280105,0.04247637351452022
824,0.03023588649599229,0.04782965440931351,0.0393911819886384,0.019990429447740987,0.03526815223906101,0.0217563141255992,0.03828105221693509,0.04452539684619489,0.03053139962033283,0.04241071340299309
825,0.030244322432603655,0.04783362754052936,0.039335194379748854,0.019998623315491987,0.035233707892960986,0.021768953477611534,0.03828557129154463,0.0444602244292201,0.03053454130050929,0.04237056628182677
826,0.0302443512314535,0.047823572512025785,0.039296799492163595,0.020000961850743376,0.03522472908337902,0.02177258086997004,0.03828660367406069,0.04441913235738272,0.030532359349859407,0.0423669070251134
827,0.030246029140761653,0.04781525114408376,0.039282301459533875,0.020002195686926003,0.03524072761852812,0.021770162999665426,0.03828479340788727,0.0443973797680455,0.03052596628494857,0.04238717346254362
828,0.030242785010905476,0.04779724636144054,0.03926899243797796,0.019996068698101003,0.035253325474588766,0.02176219281417993,0.03827271419314214,0.04437432922983463,0.030511217738894286,0.042401191412459745
829,0.030237038983438467,0.04777240571559566,0.03924607414643415,0.019982258053165683,0.03524499756667432,0.021759056383320853,0.038260514655421594,0.0443499302996179,0.030497984707693705,0.042398704931811186
830,0.03023252108004709,0.04774694938656983,0.03921218014319609,0.019963415416556083,0.03520957546340408,0.02176239455730755,0.03824736061838681,0.04431747353938467,0.03048723097837397,0.04236684246320085
831,0.030230982740658937,0.047728166528043306,0.03918643954213789,0.01994745681962708,0.03516787587649916,0.02176456933074569,0.03822942845000147,0.04428463168606239,0.030477067530326307,0.04231751360498415
832,0.030221002490523664,0.04770361504583709,0.039175487067824685,0.019935031630367334,0.03513136467055998,0.02175864476786837,0.03820696710143839,0.0442672218063741,0.030468742432275726,0.0422727460655039
833,0.03019150437551803,0.04766138061239696,0.03918544658212576,0.019926795169958055,0.03511158878412411,0.021737328584903376,0.03817945124502627,0.044279275598741216,0.0304626699572904,0.042253441029451576
834,0.030151311046479702,0.04761373502519336,0.039223732748109835,0.019926887540943083,0.035121397674065725,0.021700859880095916,0.03814701967190642,0.04431720938753551,0.030455741081769246,0.04226346954753592
835,0.030117445513894576,0.04757475709504879,0.039271736403960054,0.019930001013145758,0.03514937320154224,0.021667928917417457,0.038122796073862146,0.04436530254548985,0.030449255491614834,0.0422934245867982
836,0.030100116990172655,0.047547972856732894,0.03930316777613792,0.019926407556967587,0.03517624620888631,0.021651997489345796,0.038110894865652584,0.04439851423244028,0.030437656573672825,0.042323846356206674
837,0.030110896195950133,0.04754031356801646,0.03929843771960518,0.01990896928470008,0.035188226456740086,0.021661420669171854,0.03810864054376943,0.04438785291919565,0.030410896288892833,0.04233095758078012
838,0.030149702423255934,0.04755141823595842,0.03925842338562745,0.01987979345642557,0.035183246301988554,0.021704576248857146,0.03813011647303119,0.04435258142877691,0.030385124364265916,0.042330545733302125
839,0.030201921650811217,0.047569317151241644,0.03919988373785753,0.01984847629938322,0.03516651922982177,0.021762043130213227,0.038157034294490536,0.044302178607649734,0.03036389305277512,0.0423222838562278
840,0.03026074669841429,0.04759594679733641,0.03915302408942681,0.019831556662797924,0.03515436217792621,0.021816147939517267,0.038176106353769945,0.04425435536781788,0.030356221146930117,0.04231267109029065
841,0.0303129429822242,0.04762377612040165,0.039138920401175004,0.019840337031979984,0.035155342339686965,0.02185379418998104,0.03818248712137355,0.044234619330983146,0.030375758924437814,0.04231583339855276
842,0.030346517287056722,0.04763810920731075,0.03914401238543192,0.019864553183194463,0.03515873681166015,0.02187701433041333,0.038183778510170505,0.04424603564908173,0.03041942954512243,0.04233522645577466
843,0.030371857372044727,0.0476528206606542,0.03916083860792056,0.019895102488232817,0.03516643570293726,0.021892452200817484,0.0381861272231732,0.04426827797655855,0.030468096268413312,0.04235860352303725
844,0.030396733471073772,0.047677017105365545,0.039178484797670526,0.01992162711326214,0.03517695320529275,0.021906224952993124,0.03819418156720268,0.04428039679899283,0.03050292680217077,0.04237300802480129
845,0.03042488765737156,0.04771363250689108,0.03918573757587106,0.01993480939941821,0.03518645723117989,0.021930168212946268,0.038223448259841725,0.04428128549621466,0.03051989590640297,0.0423826043160614
846,0.030444984896684426,0.04774323183515556,0.039174985138625246,0.019931526106387275,0.035185163954907984,0.021957065426925406,0.038261075041335066,0.04427006723438175,0.030518579627299404,0.042382871248008464
847,0.03046188301670423,0.04777239980064582,0.03916725206647798,0.019924491826732577,0.03518598764427068,0.02197845074684254,0.03829387374991995,0.04425639783460671,0.03050666949537208,0.042376307998930114
848,0.030467748676523385,0.04778796550681527,0.039167779489150595,0.01991832202299236,0.035187485493279096,0.021989382761846272,0.038315034480432705,0.04425801914950646,0.030497286311738737,0.042372832839225764
849,0.030457245119958256,0.04778104631586416,0.03917905467953856,0.01991608652170003,0.03518821845742087,0.021979551792957686,0.03830789909466598,0.04427126253989359,0.03048919914492036,0.0423651103448436
850,0.03044557502090729,0.04777607839289456,0.03921060594996611,0.019923969652181836,0.03520115697679352,0.0219590711453699,0.03828963061101236,0.04429912088929541,0.030487049370245645,0.04236272560067707
851,0.030431109082915384,0.04777128405774255,0.03924630902437363,0.0199350706437773,0.03521791587413098,0.02194364582626246,0.038286763195217316,0.0443489089054845,0.03049879471818823,0.04238155963253252
852,0.030424386998255715,0.04778394649828004,0.03928556393812146,0.019950394685105694,0.035244067814908984,0.021929045291010398,0.03829099110952793,0.04438759800348486,0.030504741798588926,0.042398909551443785
853,0.03042813125404672,0.04781712977662999,0.03932421986547532,0.01996772545084477,0.0352774969973471,0.02192967969882946,0.038324929383947874,0.04443186617615564,0.030518324029986287,0.0424337254843398
854,0.03043420171981253,0.04785375114783285,0.03935525083956783,0.019980975642283648,0.03530601649698991,0.021937151598357674,0.03836897379127559,0.04447269534488791,0.030533356010337027,0.042470665245404444
855,0.030443034403855398,0.04789023419281205,0.03938394750784617,0.019990084504679793,0.0353279246162998,0.021943122444843297,0.03840375843919186,0.044503281080413806,0.0305448594768798,0.04249570820042055
856,0.030449534672822475,0.047914744168756074,0.039408183955062744,0.019991410469422398,0.035335551147970004,0.021943996938626142,0.038418722683642874,0.044525744410400095,0.03055381993722336,0.04250407155075744
857,0.030452225880185278,0.047923579956557646,0.039426761625882864,0.019984514592562612,0.0353298352503759,0.02194170147420692,0.038416143173431776,0.044544665599677374,0.030561319766422384,0.04250121993837198
858,0.03045457522819838,0.0479226213930582,0.03944208930311168,0.01997289528807492,0.0353208027245771,0.021940410625739974,0.03840459439183244,0.044562699847653126,0.030565942611581246,0.042496684906083874
859,0.030463088315088756,0.04792263948232167,0.039460536067609873,0.019962141295347745,0.03532214887502112,0.021947772731730625,0.03839887612124439,0.04458961361509181,0.030571140783225065,0.04250686022782989
860,0.03048612932438498,0.047937802485544495,0.0394913379057217,0.019959256277844173,0.0353489084798058,0.02197060080413474,0.038412744259766506,0.044634544340089594,0.030580665170699906,0.04254639109770204
861,0.030523506532588285,0.04797201186233883,0.039535937430818985,0.01996658438626051,0.03539960784827566,0.022003521204903495,0.03844128720631051,0.044689409743924366,0.030591802981109206,0.04260481585336713
862,0.030564874449853098,0.04801477546272665,0.03958419495663733,0.0199802576418338,0.03545806080008962,0.02203917902250768,0.03847748935880061,0.04474567461929226,0.030603971407932747,0.04266729049344883
863,0.03060266936898805,0.04806022485519216,0.039629792361174754,0.019998293680989668,0.03551139244740927,0.022072681635754286,0.03851891991070371,0.0448002199930262,0.030620338513673122,0.04272405061501494
864,0.030627749443184835,0.04809840885522652,0.03966389282780811,0.020016649266169226,0.03554609385425314,0.022097342658795965,0.03855834488899737,0.04484536601520023,0.030639559068418837,0.042762694979659926
865,0.03064686188805661,0.048137674069085035,0.03969584719185758,0.02003740914349498,0.03557145993416659,0.022112912579237205,0.03859272915614501,0.044881905788874986,0.030660490658710248,0.04278558559949175
866,0.030659235237894877,0.04817299603549999,0.0397246480006147,0.020056660336082655,0.03558909512162408,0.022121385180756757,0.03862128802704781,0.04491399073899551,0.030682827856513814,0.04279983107375191
867,0.030670238805727664,0.04820930472477994,0.03975737798646983,0.020074572325033038,0.03560771858947582,0.022126694869296148,0.03864694550622759,0.044949946929088054,0.030709108902034616,0.0428162751873572
868,0.03067993807937282,0.048242969938219804,0.03979297423326052,0.020089284256097028,0.03562827295257417,0.022133408804831153,0.038673826530076644,0.04499710175730958,0.030741947377322193,0.042843723362561
869,0.03068738944005791,0.048267667023546325,0.03982576287272293,0.020101259518323294,0.03564680244944477,0.0221373839151225,0.03869046106214476,0.04503928637992425,0.03076951037666826,0.04286661853021273
870,0.030707347490160974,0.04830148640126623,0.03986981620657396,0.02012154553097716,0.035677007376494964,0.022153711014802905,0.03871884739987152,0.045098443456323176,0.030806169841319155,0.04290551333292751
871,0.030744892133061478,0.048347524623539855,0.03992668141192565,0.020154726352408326,0.03572140923251933,0.02218106047888423,0.03875253190664407,0.0451632308466724,0.030843541626544374,0.042949368142717076
872,0.030788894993670896,0.04839031728289219,0.03998282888829278,0.020193218440979474,0.035767801113647774,0.022218754412756937,0.03879230386667695,0.04523323104702568,0.030880550006361668,0.04299776725046478
873,0.030838339738782413,0.04843903151371948,0.0400456245403587,0.02023411017705409,0.035820982800479545,0.022258997481285472,0.03883416019410281,0.04530599244518993,0.03091446693441513,0.04304848468590332
874,0.030879575821903663,0.04848326131219744,0.04010638291438068,0.020266059207966505,0.035871252098089286,0.02229059553328412,0.038868421753405887,0.045372772876268966,0.03093819717996648,0.043093193712900144
875,0.030906817161395213,0.04852328202733263,0.04016513896454164,0.02028320101785178,0.035916901583375724,0.022312209726998624,0.03890111345289157,0.04544275899537627,0.030957233763637033,0.04314050610811623
876,0.03091426775494597,0.04854596661618553,0.04020888527780196,0.020283259873631422,0.03594657213304863,0.022321835912050576,0.038925197821846634,0.0455050901998557,0.030968187795816084,0.043180332916636116
877,0.03091871210975602,0.048566085985383985,0.04024655310785658,0.020280858505647585,0.03596970020564107,0.02232699122665672,0.03894353363567203,0.045557660372653935,0.03097641679099201,0.043211153260998475
878,0.030933558805895895,0.048593353382438004,0.04028292554947606,0.0202883487017092,0.03599200480560651,0.0223400109821617,0.03896760199338291,0.045608509327724304,0.03099406561396235,0.04324107730195764
879,0.030966425684032305,0.04863162407768113,0.040318930076902654,0.020313194588461026,0.03601534058085986,0.022365464324578792,0.03899821029540414,0.04565462755274535,0.031023606088627968,0.04326754133148533
880,0.0310060763163037,0.04867081240652322,0.040349031113849625,0.020344917643140663,0.036033595081723845,0.02239654523366538,0.03903024353862698,0.04569327490526342,0.031056799387176832,0.043287111759062746
881,0.031046845107747946,0.048714415402487686,0.04038056292803415,0.020374850962027603,0.03605138573155568,0.022424870804387903,0.03906015084041401,0.045725879833233264,0.031084734703879912,0.04329982177774152
882,0.031080382649459302,0.04876132176778115,0.04041691188502233,0.020392564146113464,0.036069730896004126,0.022449477302187052,0.03909697259557163,0.0457685036950234,0.03110858903066117,0.04331939976855625
883,0.031098954080234643,0.048806386238121266,0.04045625610017774,0.020390685051922722,0.03608658543853676,0.022461839291877537,0.039132091394375304,0.045814320997486606,0.031118429483464268,0.04333928266198121
884,0.031114497927834182,0.04886086379778298,0.04050501085527875,0.020382716170403513,0.036112304955059536,0.02246962303853319,0.039172126402886275,0.04586790082493133,0.031125189650721436,0.04336831027387292
885,0.031137406483680335,0.04893084680522916,0.04056430074587946,0.020382665656972422,0.03615364248833372,0.022481168339484135,0.03922246487869909,0.045931140907166275,0.031140499682557398,0.043413869943669824
886,0.031158805755155675,0.04899194820627924,0.04061005169512889,0.02039182898838318,0.03619490397348585,0.02249272660854773,0.039267267242474105,0.045981151157745294,0.031159151416753343,0.043459933050259095
887,0.031192752690416298,0.0490616036909056,0.04065609441748203,0.02042031981539376,0.03624829563372093,0.022516299887303706,0.03932311955225996,0.04603644076674175,0.03119614817344775,0.0435238769327858
888,0.031229407472930557,0.04912996705826207,0.04069874304619785,0.02045248059128096,0.03630085111279288,0.022545701358475743,0.039383676880276046,0.04609410882432316,0.031238900830472833,0.04359354014454009
889,0.03126205549199456,0.049193299583091765,0.04073946889158662,0.020474034664220795,0.03634377529143509,0.022566328560918215,0.03942898496542617,0.04613549327260899,0.03126312922823825,0.04364141757172589
890,0.031285050756773986,0.04924938731442098,0.040780392009029456,0.02047203034163586,0.036369688050788176,0.022578621777413994,0.0394652732657139,0.046171991254411675,0.03126566109106274,0.04366925518391292
891,0.03129999979665841,0.04930090025029725,0.040822755556303686,0.020448635246152584,0.036380771628346145,0.022591557583186758,0.039508246963799454,0.04622150429599478,0.031260513476953154,0.04369455397937862
892,0.031313736308526255,0.04935307821959386,0.04086612690192447,0.020418182451136174,0.0363862367465538,0.022600366687867884,0.03954487968139344,0.046264835848625764,0.031247417877921766,0.0437075428129842
893,0.0313299311944883,0.04940514340778652,0.04090474152477284,0.020394487258475334,0.03639195217844085,0.02261074301880852,0.0395796845976637,0.046303049451162155,0.031241692625971276,0.04371878765994942
894,0.031360278393536056,0.049469351491382325,0.040944325325900005,0.020396224512168677,0.0364134575470543,0.02263424442329445,0.03962808562870892,0.04635033893327861,0.031266441262631665,0.04375081830820509
895,0.031398032916530476,0.04953798643882933,0.04098011225308628,0.02041812702294789,0.036444110011772654,0.022661648206777407,0.03967774066652341,0.04639206376881827,0.03130798675570746,0.043788293491416365
896,0.03143615442703719,0.049607437257417016,0.04101327190502842,0.020448773646323613,0.03647629658257833,0.022685887073166395,0.03972419839508056,0.04642441310048074,0.0313517663448562,0.043820873032408024
897,0.03146840773088602,0.0496756462917879,0.04104575672759858,0.0204772902084791,0.03650315645620222,0.02270603320519799,0.03977388880031734,0.04645596951509566,0.03139198885147947,0.04384990895141781
898,0.03149108132302038,0.04974231725530569,0.04107955603579304,0.02049562124031688,0.036520624273822806,0.0227202616969978,0.039829155694169976,0.04648998874609835,0.03142229784014989,0.04387416750474673
899,0.03151103892796886,0.04981375065924677,0.04111852817941563,0.020506151924415964,0.036536993237985656,0.02272995516539491,0.03988682927670318,0.04652320028843889,0.03144173039064938,0.04389578019824736
900,0.03152714197818445,0.04988071511454992,0.0411530553511434,0.020506725042566752,0.0365514908736628,0.022741052646813857,0.03994859717114252,0.04655831465829518,0.03145557469322496,0.04392517377960713
901,0.0315476536647467,0.049948174440986724,0.041185406681893535,0.020501198990149277,0.03657448022958497,0.02275398435817105,0.04000578314813789,0.04658641656094227,0.03146133801943047,0.04396231006413373
902,0.03157211754755165,0.050010874670638764,0.04120944451304603,0.02048944064489823,0.03660447976366823,0.022771774733587553,0.04005859353917252,0.046607771391447776,0.031462988037352334,0.04401109129719866
903,0.031604474998370775,0.0500800919707859,0.041232336583496974,0.02047783945401695,0.03664084178956969,0.022792834743973162,0.040110503760753966,0.046622748159032765,0.03146466820841514,0.04406403317873669
904,0.0316351846484935,0.05014747976851688,0.041244852769849974,0.020464549260037074,0.03666654497039606,0.022816989667933225,0.040169513961676104,0.046636143795442966,0.031473541168444356,0.04411601502571836
905,0.03166749856290456,0.05022523178563024,0.04125460391319758,0.020455893152562646,0.036679564165987326,0.022840109763357905,0.04023691674963562,0.04664480528686644,0.03149123383472278,0.04415449899723043
906,0.03169882247577552,0.05031244055552905,0.04126394170457209,0.020452486576598136,0.03667936842581928,0.022854758920774848,0.040302513685019435,0.046639348392343016,0.03150914887497024,0.044166856409053525
907,0.03172048697390816,0.05039435491428496,0.0412700783677685,0.020449229188299386,0.03666721723307637,0.022866877692743773,0.040373548667727285,0.04663856803092129,0.03153132013890838,0.044172981477939875
908,0.03172992704989987,0.050465550794575986,0.0412789453114444,0.020445010041926663,0.03665252602393714,0.02287394362562588,0.04044181199777832,0.04664468002807424,0.0315497857580454,0.04417726152208641
909,0.03173099934020501,0.05053022249709801,0.04130430330751621,0.020442953888458144,0.03665170163163433,0.022873762344817302,0.040499352405184236,0.04666037385719331,0.03155746331682569,0.0441845653771185
910,0.03171698817857472,0.050572466853757714,0.041335263708055736,0.02043965584439537,0.036657527090350486,0.02286491476133675,0.04054075664913685,0.04668266101923707,0.031554795302841665,0.04419430238718279
911,0.03169533521213797,0.05059703357101478,0.04137252792060114,0.0204409807073904,0.0366720004657226,0.022848860383453257,0.04056669772599747,0.04671000101099813,0.03155039983287794,0.04420724477922137
912,0.031663786791632516,0.050593240589498156,0.04140381717321698,0.020446535467225774,0.036685562802820294,0.022823994500417014,0.04057273918771486,0.04673468126822926,0.031549210884292835,0.04421833059628672
913,0.03162024136625447,0.05055230919724265,0.04141839653583906,0.02045504546418721,0.036689375340706584,0.022789298506667284,0.04055582798978924,0.04675066869576008,0.03155482726064741,0.04422314237283195
914,0.03157323364916566,0.050491277687045075,0.04142770569500275,0.020466790986868086,0.03669124066045827,0.022748052859330396,0.040521086898132795,0.04676264538096717,0.031563231886074475,0.044222707942065544
915,0.031522356355517596,0.05041603035677643,0.041433942501978516,0.020474080858841753,0.036689832126506866,0.02270191111952459,0.04047073413734748,0.04677195779689334,0.03156292012320565,0.04421344833833384
916,0.031467455696739484,0.050333087086530934,0.041439151312975736,0.02046909146080027,0.03668386439228346,0.02265503558422648,0.04041148125709462,0.04678445443743172,0.031545616370661535,0.04419642145059871
917,0.03142222897682037,0.05026681121590518,0.04145740594337495,0.020456265945820097,0.03668570765007121,0.022612200942056158,0.040350071929091576,0.04680153610043943,0.031509529776050364,0.0441736098090707
918,0.03138621857810482,0.0502095107378144,0.04147222559648696,0.020438209133078863,0.03668664685149214,0.02258250160312431,0.04029875279980025,0.04682316434877583,0.03147118574217336,0.044155536596500955
919,0.03135823901220864,0.05015166075953056,0.04146654717558888,0.020418133906736975,0.03667767658731432,0.02256380553288156,0.04025004008095934,0.04682727717281718,0.03143331489457297,0.04413211218554391
920,0.03134887964611014,0.050103138401741895,0.0414408329718933,0.020406706980816508,0.03666467093824968,0.022561398883016573,0.04021000129328485,0.04680961574676241,0.03140864505690822,0.044108723093183415
921,0.03136085086935268,0.05006565038987517,0.041398938471356575,0.020407256716962998,0.03665025456850981,0.022576193725568856,0.040179125364015175,0.046772675132305416,0.03140070663961911,0.04408704472556834
922,0.03138500762480477,0.05002757339294588,0.04134575224533524,0.02041272999615085,0.03663019302661864,0.022601085644625395,0.04014661565368588,0.046721383315205235,0.03139831047422749,0.04405888243003871
923,0.031415213140274276,0.049982534453998154,0.04129078220367543,0.020417834244552062,0.03660393646945254,0.02263161009590427,0.04010669924089343,0.04666685979912173,0.03139381106197905,0.04402138533826774
924,0.03144211367417757,0.049920049715244226,0.041238787686316614,0.020415426773060845,0.036567331067463994,0.022664596768766455,0.04005700708489837,0.04662249061176699,0.03138205641041961,0.04397485482227649
925,0.031465880881447854,0.04985390782097212,0.04119730032493863,0.020408465239177286,0.03652824759691589,0.02269093322741244,0.03999514825627192,0.04658084422391029,0.031357476681124506,0.04391388092642258
926,0.03147728816050831,0.049789355423765724,0.04115377242764011,0.020396723694544337,0.036484037787024685,0.022707865467117148,0.03993738447896401,0.0465406215978365,0.03132900898346785,0.04384930728292005
927,0.031473510719981244,0.04974147120178877,0.0411037558053256,0.020384100837486038,0.03643924249016378,0.022706653027018835,0.03988909980563537,0.04648791887399762,0.031297212440086056,0.04378000232361099
928,0.03144118437829734,0.0497022920034731,0.041028182465783096,0.0203661190375284,0.03638366445502844,0.022683980428642003,0.03985856477048843,0.04641729932312078,0.031266323608057874,0.043710274377125005
929,0.03139469463208539,0.049674672587693286,0.040939881600247585,0.020348084728008302,0.036326460049528025,0.022647713513781798,0.03983932675592751,0.04633224128991221,0.03123616244399612,0.04364051056854667
930,0.031352260536527086,0.04965676744104925,0.04085530547921911,0.020335045122545813,0.03627707277091314,0.022607803189930324,0.03981738921187915,0.04623601276175095,0.03120292028750088,0.0435668555384762
931,0.031313005912500066,0.049616627512886625,0.040766115471878306,0.020319604099838073,0.036222911354596356,0.022582028742362304,0.03979270502643728,0.04614808049401626,0.031173657542834323,0.04350067718838736
932,0.031293573209697584,0.04956198145238714,0.040689901163928746,0.02030764308912882,0.03617548805752089,0.022572545911932678,0.03974990397087121,0.04606305681522817,0.03114027150347981,0.043431819993631965
933,0.031283910744064426,0.04949422052380019,0.04061861167423407,0.02029363805526895,0.03612701252553761,0.022575329945444995,0.03969932427423607,0.045983982076217275,0.031105363822018325,0.04336403505270393
934,0.03127445662288301,0.04942241737518116,0.04054665084599022,0.020273483151998926,0.03607253666096161,0.02258107905150752,0.039649022447528805,0.04590723543416799,0.031067939776672486,0.04329594204583262
935,0.031255687856147435,0.04935565412523186,0.04046848090156203,0.020243117897550088,0.03600727921328329,0.022575288727991503,0.03959789874092288,0.045818661746175014,0.031019878893479576,0.043216303706237254
936,0.031224749080345802,0.04929741103271391,0.04038057558208825,0.020202704104013335,0.03593106024344795,0.02255531321107053,0.039549622405427795,0.045715550425087625,0.030962288242885633,0.04312606439402946
937,0.03118429607822221,0.04923857782288673,0.040277671941260695,0.020155725753486575,0.035845762296656716,0.022532425328679908,0.03951103934535296,0.04560650882519988,0.030905910002544258,0.043038608096924474
938,0.031146846411478524,0.04918414365116629,0.04016637390963386,0.02011185978330873,0.03576411902843167,0.02250938425101287,0.03947258868471892,0.045481428246001314,0.03084901758522436,0.04294985946173716
939,0.031114957925396015,0.04912410333223694,0.04004065894712928,0.020074077853574564,0.03568712535197838,0.02249354488058556,0.039433454778915994,0.04534009448743745,0.030796343662669597,0.042864601561803155
940,0.031085988583516414,0.049052923890883754,0.03989891623917268,0.02004047199507839,0.035608865413168135,0.0224855542840128,0.039393262357120463,0.04518640398727297,0.03074854069959931,0.04278049143739348
941,0.031062740027118518,0.04898377250654324,0.039755894376858204,0.020011602204898424,0.03552914253013028,0.022477406174078937,0.039346226961740685,0.04502163015401048,0.0306987376940653,0.04268355000051063
942,0.031038402022064433,0.048915399847559,0.039615281054866516,0.019981884138594166,0.03543693518299179,0.022469247849801227,0.039301607295636275,0.04486535134706403,0.030651791993606223,0.042575991419580975
943,0.03100969235477681,0.04885070672547105,0.03948405799088711,0.019948316676155115,0.035326840979039695,0.022454379718025944,0.03925539392880468,0.044721113273191684,0.030602664387945108,0.04244815315630576
944,0.03097565351692601,0.04878598252563228,0.039359810558386776,0.019910644895242743,0.03520336956128144,0.0224300949145969,0.03920110298058743,0.04458007135774473,0.030546578595593944,0.04230105589955704
945,0.030935989305555474,0.04871494051094149,0.039236344058675855,0.019869386952059805,0.035074276518973775,0.022405228780275965,0.03914910354651317,0.04444883153095476,0.030492564190939146,0.042158507935064087
946,0.030887046930545035,0.048625986743003835,0.039102925952989386,0.019822785402962072,0.03494360481231963,0.022372824741787402,0.03908218397232694,0.04430229094599719,0.03042806219150803,0.04201466048352836
947,0.03083515345711072,0.048525705900330514,0.03896243481147644,0.019774722991750558,0.034823625492130306,0.02233332228222258,0.03899812407477106,0.044132482423853966,0.030350637318109372,0.041874093676114145
948,0.030782590972826762,0.0484218289757204,0.03881613147925365,0.019724502725890027,0.034712677276716175,0.022296438538264574,0.038917120659794316,0.043957663872182536,0.03027085745952151,0.04174789633009671
949,0.030719413617029432,0.048304408202385254,0.03865036305233753,0.01966312346323866,0.03459336962147647,0.022259534356255967,0.03883911102075491,0.04377294947545438,0.030182467375380696,0.04162165118977575
950,0.030663344722918838,0.04820732530803849,0.03848611339523143,0.01959911835851704,0.03447922860792218,0.02222482440164719,0.038772833587931155,0.04358286338887605,0.03008565048037052,0.04148967214988885
951,0.03061071030677089,0.04812730117540226,0.038319759153185716,0.019530696186466995,0.0343630534606864,0.022190960196953463,0.03871786079976243,0.04338703495088464,0.029980090148638894,0.04134544711987775
952,0.030550433282588343,0.048042832871518816,0.03814372896284055,0.0194579642905984,0.03423617156561229,0.022153797715495353,0.038663258841984925,0.04318465303779024,0.029870229339663993,0.041188776174212176
953,0.030480377885141702,0.04794555252891385,0.0379637908590775,0.01938833356732788,0.034101628981851366,0.022109882257386734,0.038598486646949356,0.04297883512381434,0.02976381901586518,0.041023504712918754
954,0.03038984616075399,0.04781321750349589,0.037775968581404126,0.01932389496511942,0.03395350020652422,0.02205416635043581,0.038509874413190454,0.04277090498389185,0.029666979758833773,0.040851606179606204
955,0.0302935366192274,0.047663007541648886,0.037596303791169815,0.019271126050977447,0.033807057910905665,0.021991503085104076,0.03840059004233387,0.04256697546761785,0.029583205140543793,0.040681935835975014
956,0.030192483083895598,0.04749040194682873,0.03741338834703913,0.01921796273041466,0.033655783937693466,0.02192616084207828,0.03827262913587376,0.04235889474039197,0.029501628711326635,0.04051188320315374
957,0.030093203844741324,0.0472994816022562,0.03722141095015961,0.019155120983042437,0.0334984993600426,0.021858169741348393,0.03812060543861304,0.042128759751412476,0.02940468419023062,0.04032987953894967
958,0.030000238594353697,0.047092882811023716,0.03701364998118533,0.019073982093765884,0.03333283107064597,0.02179864548349679,0.03796006574918826,0.041882169592439934,0.02929193541808933,0.04014603830256839
959,0.029909676383337212,0.04687567286561975,0.03679114686494081,0.018977669730769878,0.033159532700187046,0.021743033547399933,0.037793906793842084,0.04161956578489136,0.029162484251909863,0.039956986774799294
960,0.029814175084033712,0.04665614747072496,0.036560288743505316,0.018875421056356464,0.03298232381759299,0.021681810510693646,0.03762452218026492,0.041345337619178496,0.029019053438048854,0.039758643014799616
961,0.029703579366903647,0.04644043361883914,0.03632595486295855,0.01877557683861496,0.03280337522790373,0.02160983812306165,0.03746410975477934,0.041075310589812605,0.028871844671489472,0.039557011876059034
962,0.029580568865800124,0.046246113650575446,0.03610364691164789,0.018689125624988662,0.032634061553781325,0.021522314830013906,0.037317207720555814,0.04081787224322298,0.028726099201184928,0.03935294743661313
963,0.02944875816315448,0.046061813347834706,0.03589021750165768,0.01860933853900658,0.032468426500493024,0.021424159607927314,0.037176174452532774,0.04056888484529717,0.028580172118834866,0.039143412175892504
964,0.02931597173295238,0.04587628890359109,0.035683102414773425,0.018528386404029894,0.03230111733147598,0.021327137382291157,0.03703917146035858,0.040330207792782076,0.028437345015437217,0.0389331145044345
965,0.029189012894701036,0.04567658604123844,0.03547794503620086,0.018437780638565954,0.0321253684692637,0.02123822117235127,0.036896092285478146,0.04009403411409612,0.028294446824134966,0.0387177240724108
966,0.029072986870161483,0.04545959263818956,0.03527038761193992,0.018335645184793938,0.0319384518391224,0.021159676999871944,0.03673933574137793,0.039849948812165345,0.028148424028829763,0.038491904055809205
967,0.028971451243883787,0.04524150599056924,0.0350580865799634,0.018231877471395857,0.03174647453193989,0.021095335659551656,0.036582377761320145,0.03960178873240034,0.028009062089661294,0.038266718085978084
968,0.028885229788708895,0.04503681660659323,0.0348353163860625,0.018135436433430976,0.03155365942989334,0.021044754557705592,0.03643331012481699,0.039346189668240564,0.02788124476424128,0.038047036964033464
969,0.028823586095527664,0.044873788771356504,0.034607084228917534,0.018059823896830782,0.031373976720672735,0.021009802633202897,0.03630499246434324,0.03908485807996692,0.02777263418205764,0.03784274346063466
970,0.02877745850209089,0.04474680412505821,0.03437053073898496,0.018000631624523106,0.031204310783811237,0.020985922036009252,0.036198918911662624,0.038818569479420195,0.027679235202687932,0.03765371608880809
971,0.028735372428019046,0.0446418979045068,0.03413136270535736,0.01794697445965846,0.031040988184136673,0.020961265192713057,0.036103472720593124,0.03854334802925944,0.027584944140580103,0.03746742838395268
972,0.02867248084164012,0.04452439440368221,0.03388045089375624,0.017879032930242483,0.030866106618799696,0.020925984518957913,0.03601081168437529,0.038259890859013324,0.02747606716022511,0.037274924984639836
973,0.0285754990759724,0.04437686433381677,0.03362118478418056,0.017784520562057593,0.030673666152460723,0.020864679274527276,0.03590236695869448,0.037957753836336754,0.027332031228246862,0.037056604825872225
974,0.028450700406247018,0.04420421522957951,0.03336206282957169,0.017671373207575725,0.030471150660284458,0.020779737659000076,0.035776975362212596,0.037643965749631976,0.0271618854073191,0.036817694646989946
975,0.02830043594233457,0.044000922676165906,0.03309912262433275,0.017549933225283847,0.03025884032156117,0.02067464306245496,0.035628486687010526,0.03732158220759186,0.026980500814068355,0.0365629739102908
976,0.028129062937415565,0.04376329863327255,0.032830858132442464,0.017433233943436564,0.030039524441547342,0.020551801737339417,0.03544731550652377,0.0369928533847333,0.026803494434212947,0.03629604559214869
977,0.027937889011257832,0.04348615302988422,0.0325553428576879,0.017329126429654947,0.029814037212008156,0.0204158706502429,0.03523221100457438,0.03666661696775896,0.02664517973186088,0.03602590903712032
978,0.02773516920471593,0.04318886849711124,0.032289019554159956,0.01723640265417782,0.02959425512149151,0.02027045762249678,0.03499844553781944,0.03635555348513509,0.026500574034797934,0.03576287715183378
979,0.02751305429223631,0.04286927840210896,0.03203160408415957,0.017140159093672575,0.029375379577723838,0.020113083428721024,0.03475544366488772,0.03606228821451125,0.026351761021098492,0.03550693802227806
980,0.027274621851064773,0.04254268495871931,0.03179500677273505,0.017031284305316217,0.02916367430809737,0.019937630630143137,0.03450698337924168,0.03578221498243813,0.02617480864347741,0.03525099174635439
981,0.02702881639900608,0.04221560431898461,0.03157630256217672,0.01690573185495858,0.028956641478181545,0.019754458846131615,0.03426405774908737,0.035516792636742206,0.025969250677461794,0.034998592782142623
982,0.02680693679097775,0.04190432596000456,0.031368964474292486,0.01677550126712932,0.028755487821290237,0.01959078964582498,0.034037070908113115,0.035265718807582384,0.02575985884754975,0.034758258819574124
983,0.026642176682574386,0.04162466757912092,0.031164375120299296,0.016653322068883307,0.028560801687484188,0.019468205125606135,0.03382258462728302,0.03501386349889888,0.025563904541209295,0.03452510759195749
984,0.026566272209645966,0.04139122292749336,0.030953340262731256,0.01655143319724531,0.028372670005926578,0.019418505707639772,0.03363587725946469,0.034765620085253364,0.025412731182332927,0.034313362430198516
985,0.02657174732518814,0.04120594211228958,0.030731365171206664,0.016468953011388416,0.028189461530451307,0.019435292404265805,0.033476827253740175,0.03451404353259076,0.025303655278674026,0.03411810791029429
986,0.02663195249101441,0.04107962908231963,0.03050993988448054,0.01640038355933092,0.02801994283704256,0.019491876294347257,0.03335090571669827,0.034259930609461045,0.025219001964774283,0.03393658183127708
987,0.026706763010161418,0.041005161892646864,0.030282807282011097,0.01632925982813471,0.027858208849724755,0.01955717581482004,0.03325878765090642,0.03399466241208341,0.025133814936960125,0.033758783235108517
988,0.026756582736376832,0.04097142690976471,0.030035161629724652,0.016236132608533037,0.027693422209245904,0.01960688506388181,0.03320742201990286,0.033711024642896284,0.025027845841789555,0.033580106702369224
989,0.026780321171036757,0.04096836351508326,0.02975892882073149,0.016122421094047854,0.027521611203514644,0.019642238159813852,0.03319126058030124,0.03340184369040366,0.02490141739018778,0.033398641571550605
990,0.026802130996589214,0.04100096782542729,0.02946339883703514,0.016006014830050697,0.027353576363498167,0.01967936583216696,0.03320729504561634,0.033072077808832784,0.024771000408688466,0.03322321097857286
991,0.026844554065620335,0.0410616060153054,0.02915775214286828,0.015906341170115613,0.027196568995062884,0.019728598469288088,0.03323287049770703,0.03271910065053153,0.0246476201636262,0.03304961671568913
992,0.02691721338804421,0.04112308030175801,0.028845087500802582,0.015836493205683887,0.027046466033909377,0.019805781309439732,0.033255256903858,0.03235965912973265,0.024553019478407198,0.03288574286020317
993,0.02701558532911643,0.04118325583376198,0.028531157143351936,0.015794677759826115,0.026900286683255524,0.01990757291813272,0.033275492976545196,0.03200103836872379,0.0244884489194813,0.03273197085141826
994,0.02712815559864745,0.041248211911263905,0.028223507183088282,0.015770930584675862,0.026755165422438124,0.02001910748713088,0.03329517649409964,0.03164398414303186,0.024442660588197957,0.032582470483797484
995,0.027231955606044755,0.04132339962716975,0.027929363094673833,0.015739540188472883,0.02660475576969148,0.020119270277867196,0.033323987766797035,0.03129590598893895,0.024396472540973806,0.03243642026229747
996,0.02729687925588251,0.04140201128291535,0.02763955870932803,0.015674001742691516,0.026438995685686955,0.020186250605265525,0.03336646678596389,0.030953477471116795,0.02432999546785737,0.03229307773384958
997,0.027298945436898554,0.04146873438013769,0.027328242221685017,0.015580274310051462,0.02625802590968826,0.020203997469556655,0.033412672940457896,0.030594801129857078,0.02424268635321625,0.032153971884085794
998,0.02719990281062151,0.04150116550609424,0.026967119722732108,0.015485934815520805,0.026076680228875132,0.02013795965238182,0.03343278573662736,0.03019083588801044,0.024140869950359342,0.03201997273728606
999,0.026912509076533277,0.0414163039002507,0.02650630941577196,0.015421902488248597,0.025904047209599722,0.01991550925715276,0.033340775429008235,0.029701327761320343,0.024020626696560247,0.03186998286545467
1000,0.026398826278726487,0.041150611951050145,0.025950718692907382,0.015397451117157939,0.025755353777782278,0.0195056336233685,0.03307106001127675,0.029143199185795634,0.02386865546215329,0.03169140265695022
1001,0.025731911788672936,0.040696050213831686,0.025381396760403043,0.015404369689187044,0.025643754669339203,0.01897631346220464,0.032628210627686866,0.028607448112314925,0.023672911197775225,0.03148352369964272
1002,0.025085512963102484,0.04011765132056162,0.024956637369243913,0.015400556460412312,0.02553914566541515,0.018481467500708917,0.03211426865662907,0.02826604418757545,0.02341937837072997,0.031203524693430643
1003,0.024662676774427,0.03956403736902917,0.02489933741478337,0.015260749903276145,0.025346536748343328,0.018168226363333633,0.0317012243770318,0.028327138386435524,0.023040179814490126,0.03072156669676617
1004,0.024556400791066763,0.03912249698071007,0.02533137921629867,0.014959166814095197,0.02515923481200109,0.01810992419307032,0.03148284821380301,0.028884112152520177,0.022569686207918833,0.03023245427652394
1005,0.02475825733501284,0.03877475754474956,0.026170843620999633,0.014589460641112646,0.025171373568511842,0.018318484267378678,0.03140891848671728,0.029806119154930987,0.02215043683985311,0.030122015333443622
1006,0.024933798891387648,0.038341625340786334,0.027028468708707638,0.014254960348331661,0.025323481638193,0.018486599485818017,0.03119797928030663,0.03064482890815251,0.021920060498997012,0.03037996058947389
1007,0.024643016825336584,0.03766205579252461,0.027489067558371955,0.014077695545896064,0.02543335461769639,0.018205998083384307,0.030622115761099557,0.030986516575223576,0.021994648762024994,0.030772901600964925
1008,0.024048486666157626,0.036925905853696615,0.027599095079444955,0.014182377322644784,0.025613939987979322,0.017634049475154515,0.02989214043768597,0.030924567606671297,0.02236412655138421,0.031377994849685974
1009,0.023465206094128402,0.036328324930337025,0.027486233263060114,0.014419789128583077,0.02579072216270302,0.017093427450424335,0.02926408277479648,0.030681799625838533,0.02277228893721356,0.03196717521319045
1010,0.023037135223993654,0.03589600353280157,0.02719086374090412,0.014323516446396404,0.02537054232794613,0.016716522877736745,0.028788017104643387,0.030392946834563752,0.02270058854029613,0.03152756036850207
1011,0.022808887422220397,0.03567442912001833,0.02685099357484635,0.013880101419505339,0.024213787457240038,0.016524631440257218,0.02851715561256803,0.03019382980103469,0.0221250086962934,0.029785370914706483
1012,0.02279498641699937,0.035702423053597526,0.026678293059322303,0.013567381945644464,0.02301176279496094,0.016541503103707993,0.028539255277979767,0.030207547972987737,0.021566404107734593,0.02782006804299253
1013,0.02287471257288861,0.03584380825072861,0.026741418415786665,0.013549971760219558,0.022406205638967946,0.01663375267052825,0.028703952838582448,0.030380053498005547,0.02132027306644124,0.026669989124601078
1014,0.022813860675870476,0.03582228790701431,0.02694281046886217,0.013665612287206079,0.022557897206483372,0.016687685488593444,0.028918380706138433,0.030754245398965315,0.021593761414347535,0.02689870829735291
1015,0.02270217084932659,0.0356954044577878,0.027275491290778102,0.014016191055031728,0.02317003941199103,0.016521158490298584,0.02876883453998624,0.030837413902315498,0.02203648257964883,0.027646797698679084
1016,0.022719255672605878,0.03561055846523746,0.027699654433014604,0.014620284080533145,0.02390266779209104,0.016505484374753146,0.02873769615635191,0.03103324701707694,0.02267248896328214,0.02867011605502111
1017,0.02277084159994669,0.035380281270268356,0.027951519145323372,0.014963236086253688,0.024340024344841872,0.016530632734889885,0.02857473796812314,0.031160720407592275,0.02284093075399848,0.02931042346393442
1018,0.022774661873110124,0.03479784103341846,0.027892604688531088,0.014673331839578018,0.024171613056586286,0.016569303270998467,0.028127735442638774,0.031237717641450866,0.022183243156645063,0.02920012098768512
1019,0.02289523355178523,0.034200011289660506,0.027776546807040683,0.01406123418103811,0.023787205632879494,0.016737324948501445,0.02765366997283914,0.03129912021019322,0.02107944178279449,0.02878024844679847
1020,0.023053793461712834,0.033943878895652105,0.0275568197302379,0.012895479307074137,0.02364356447250044,0.016968097574779732,0.02753126158375642,0.03122935665211529,0.019652237292820344,0.028703449097266538
1021,0.023212448499382136,0.034309716610165956,0.02699859509303188,0.01077388044223803,0.02437874407328549,0.017023285322392903,0.027686833628080502,0.03034717089351028,0.01776607525329949,0.029536399351406145
1022,0.024331612500613876,0.03571491768876094,0.026807453706961536,0.010673566981038435,0.026765590195420085,0.01810950076614967,0.02894413162298407,0.02958082989242933,0.01820093113700523,0.03275923147272458
1023,0.026936931980449247,0.038063055612580304,0.02803461372055109,0.015093185610465883,0.030188271417585906,0.02073557814014688,0.031316511270465835,0.030026455832676744,0.02248022297476762,0.03746033931711436
1024,0.029319578959523453,0.04021274013218897,0.029824168754776382,0.01928537503255641,0.032645110044206636,0.02310546163891492,0.033580031258579876,0.031207390239359954,0.026647832482734713,0.04084013234969563
1025,0.02891427042391699,0.04043757038598868,0.029991261825762998,0.018743908464900042,0.03188687555016614,0.0226508566042471,0.03378589946625524,0.031243270305294692,0.026217009109558338,0.039862816671698324
1026,0.025811556207481257,0.03866362493151073,0.028351206036300283,0.014147853150869447,0.02838911917279669,0.019453385096003303,0.031851750990602425,0.02993868807987633,0.021848032477564488,0.03517287857721871
1027,0.02276897357856952,0.03651579309279374,0.026916809922105406,0.011637699254793951,0.02500820716658106,0.016324917740873742,0.02964956325047041,0.029083229474394085,0.019159239833799357,0.03077169676153857
1028,0.021448985629822725,0.0351589387815075,0.02676919830186662,0.014006036781757158,0.0232164019563543,0.015103447962085362,0.028463525997489438,0.029491895656898835,0.020523042689735885,0.028750096773353412
1029,0.02091376357125461,0.034640464328456334,0.02705273636884249,0.015360121566134805,0.021978703749121514,0.014787814222879489,0.02818952151066623,0.03015892141229615,0.021298693433441564,0.027268199888134115
1030,0.020507379364089865,0.03445683068643459,0.02689837520946672,0.013907156328005679,0.020727588873773968,0.014623531976291654,0.028221490096871207,0.030244949437931355,0.019683272677849566,0.025421927996189374
1031,0.02065312297561536,0.03435635785208983,0.026324820997067084,0.01159201971115957,0.020302892861565863,0.01499742352581602,0.02827742181454894,0.029728945542557474,0.01759118190176098,0.024630575258684676
1032,0.02104880082077442,0.03406492491002217,0.02550794431816118,0.010433615211572133,0.02091738170990075,0.015531881399011677,0.02807942381670097,0.028758397880283115,0.0169296391116371,0.025394725671977657
1033,0.021079270895021308,0.03340955220453773,0.024639518162518026,0.010841652072881972,0.02184961010916268,0.015545323871495594,0.027423527214239875,0.02751406495102186,0.01784583233698451,0.026653061662008568
1034,0.021099727023948786,0.03266750673914007,0.023984567855429007,0.012018186271063398,0.02268139930023878,0.015492825230317336,0.02667670523813734,0.026408470842934396,0.019391090659335006,0.027784064318255065
1035,0.021410655470602273,0.0320437227860184,0.02359004648933016,0.013289020855841376,0.02320915176485389,0.015758245055893235,0.026085063099158503,0.025655960836578035,0.02079426391853193,0.028483653895375022
1036,0.021574139122194164,0.03153646140426374,0.02320779133909643,0.013919069390504302,0.023090405920703883,0.015907770716388225,0.025608242182476162,0.025152272203912245,0.021261378902894746,0.02821804472862288
1037,0.02117353009928183,0.031159349752704395,0.02276186457118345,0.013663985295922733,0.02227356592726403,0.015528068107498516,0.02528886776173089,0.02486424275607837,0.020595845566800497,0.026939771332985342
1038,0.02048486869919716,0.031010248271457843,0.022551524070090506,0.012924823094183161,0.021207663481649767,0.014881515217386633,0.025243223497108763,0.024937132292920754,0.019330444825407248,0.025328265747670147
1039,0.019766155915412816,0.030936248080030114,0.022704032534431914,0.011938842906540027,0.02019657592939384,0.014229325316246952,0.025290488628915548,0.025345190247145842,0.017871480306096477,0.023888312843065862
1040,0.019088714135266076,0.030615081451967768,0.02312911799052462,0.010819033425766377,0.019342907880038132,0.013633494246197149,0.02503669130161101,0.02587256953781194,0.016507017662668037,0.0228252708411948
1041,0.018569453369728987,0.030127611569959075,0.023688963712639982,0.010022451963368616,0.018736882015881664,0.013199242507295697,0.024568501026302696,0.02637699619907462,0.015668672035845505,0.02223067070295391
1042,0.01832163403042238,0.029765739790228205,0.02419521175045742,0.009934893854998185,0.01844042537629346,0.013038646363926352,0.024231724895846206,0.026742344225999866,0.01561664208281253,0.022077519213552242
1043,0.01823144087336681,0.029543430100334844,0.024311408647561143,0.010248373885162467,0.01834417762285807,0.013021227074920481,0.02401837217781262,0.02668768483300288,0.016053581809355906,0.022074730838437102
1044,0.018113510840126905,0.029294231162361396,0.023712965659360565,0.010571245530215616,0.01832849275252221,0.012958306936142035,0.023723746736044844,0.025943500745839062,0.016606790269763264,0.02199567612133894
1045,0.018053009408015016,0.02898411398998704,0.022684159640325264,0.011124372639982902,0.01852331389337316,0.012950506206497986,0.023348103453558772,0.024792875368530445,0.01731842720894257,0.022152920173331335
1046,0.01809540200147433,0.02859122294104291,0.021652535783739348,0.011875371255554957,0.018893851014701493,0.013061765813899518,0.022944188400588567,0.023682087505832804,0.018047907224570395,0.022641390370375068
1047,0.01801604386470961,0.027912961084063753,0.02088873645846795,0.01213398681807678,0.01910692052159835,0.013074305305039018,0.022337652315764817,0.022901482078887894,0.018142973743833408,0.02304291738765701
1048,0.017654854009104215,0.026886485547183134,0.02051332879281692,0.011450223651435769,0.018990839300399704,0.012818230375311056,0.021448743159463813,0.02255537333095526,0.017212220403745197,0.02310178200975551
1049,0.017212002726289703,0.02584288270275697,0.02041513765865659,0.010404925074472885,0.018692258933757398,0.012485485968728713,0.020610788927245032,0.02249154885699781,0.015889688110486966,0.022972043689865766
1050,0.016874019090607872,0.02506491768057404,0.020390355782616693,0.009615804043738877,0.018166576467029297,0.012231281488113588,0.02005338037038738,0.022449442411713944,0.014853343683464196,0.022459926408977395
1051,0.016694576029511632,0.0246670985096998,0.020142776990161346,0.009385111428274638,0.017135277847308974,0.012095626734356456,0.019845352596412687,0.022122521874067,0.014532674079740217,0.021031628004128895
1052,0.016671864171089654,0.024628790861016756,0.019635150741837477,0.009709979389075703,0.015841863256326857,0.012097619297470682,0.019973116345253353,0.021478008937369612,0.014894421396598322,0.01901661368544086
1053,0.016653884650202386,0.02469569086434097,0.01904523921247095,0.010277948661801331,0.014880806019065813,0.01213729317308378,0.020219797304799395,0.02071934565351297,0.015472236553045245,0.017427812356554113
1054,0.016341105414526484,0.024451952508513605,0.01847542007914024,0.010542766651523912,0.014406167577460846,0.011950651096176745,0.020159150480378734,0.019992806981812744,0.015659717021139472,0.016662500482052384
1055,0.015516761944776929,0.02355803457443598,0.017941947719013248,0.01004510816796075,0.014294314704765252,0.011328795104449969,0.019412013574663555,0.01933687002482758,0.014969913975923342,0.01662485939264277
1056,0.014514913088144343,0.02230492141739343,0.01747160608121447,0.009083276724671366,0.01445054428840857,0.010568153658849787,0.018284380606023682,0.01876528452315318,0.013737842064524422,0.017121704087194253
1057,0.013706301555290165,0.021106355125239184,0.01707739712293771,0.008151907107099473,0.014657671710000186,0.00998646959079515,0.017212965668727872,0.018265335588567373,0.012515913936777236,0.017722460522579
1058,0.013192496942581516,0.020144130901481056,0.016728590896861614,0.007512702345882385,0.01448597898321923,0.009640544206616425,0.016378489175900547,0.017794200825478716,0.011638918128028973,0.01771081331160178
1059,0.012953472531826956,0.019444705714555418,0.016406334117290484,0.0072182230210078215,0.013662069458039891,0.00948666756768146,0.01578537601576463,0.017319316609575384,0.0112052500045713,0.01663892102961108
1060,0.012866246216113158,0.018915129315076,0.016113592937709538,0.0071505095750707655,0.012540545513760333,0.009453082434501,0.015361282807571477,0.01687048409276796,0.011052790193663085,0.015072073352575148
1061,0.012742371515185818,0.01844704415787735,0.015822428073105757,0.007167585530059348,0.011499382745884494,0.009396464593943941,0.015013818250170449,0.016446552610322903,0.010992012352720251,0.013614602832287666
1062,0.012336169646428018,0.017907315734884053,0.015477596649462797,0.007117678581219734,0.01072249509786483,0.009093556756297924,0.014605307582412097,0.016006449863602116,0.01084605832762992,0.012572231278482001
1063,0.011619892168727174,0.017258612074139056,0.01509643745727686,0.006952921857718324,0.010248095970301583,0.008512775160962244,0.01409132648033309,0.01556495366162279,0.01055380045916795,0.012012364093460272
1064,0.010876046569270737,0.01660928549593124,0.014775500645882107,0.006731950927576517,0.010020627643075443,0.007910952901818688,0.01358164872463347,0.015206894482834287,0.010179478187905348,0.011835200572266417
1065,0.010313114368754888,0.016036705794392835,0.0145571391924915,0.006462791423797572,0.009933587789355573,0.007462705182515466,0.013129001901023563,0.014940093255506324,0.009728922483853732,0.011836616269990536
1066,0.010033906730079128,0.015572256870512323,0.014443181511398562,0.0061462570161841664,0.009850358506426118,0.007263693083653501,0.012773349438993385,0.014771589251376319,0.009221494139008952,0.01180353936318783
1067,0.009986593312450118,0.015206694289712117,0.014429123978761362,0.0058851435112138506,0.009713662533739998,0.007268576942974054,0.012504656051404826,0.014694585307828797,0.008760337456754266,0.011656790918789052
1068,0.01001651618592712,0.014881117159678662,0.014474378050484342,0.005753530638839603,0.009502898441098006,0.007343887763746172,0.012267223471106432,0.014679996303720404,0.008438014891692474,0.01138869230171931
1069,0.009961237950952051,0.01451933347309805,0.014502594245094938,0.005695008592507398,0.009168974630058155,0.007342245224030955,0.011980691811279375,0.01466194890246613,0.008235268928819246,0.010938717850814243
1070,0.009732909451324023,0.014098233063122861,0.014461314793364086,0.005636069959430059,0.008693070690348581,0.007181535741180243,0.011618396824544061,0.014590490329572338,0.008102219401924389,0.010278704336128966
1071,0.00945066499288706,0.013718868132302229,0.014390569731835418,0.0055893289568727,0.008213461014084716,0.006968286850408655,0.011289498694321597,0.014496941331821306,0.008027030455326715,0.009611331539469919
1072,0.00922494527052809,0.013445115805016795,0.014329680351473181,0.0055552182908830345,0.007857363500382328,0.006800726391268384,0.011063592248047078,0.014416390416766449,0.007986027518030653,0.009132543424468146
1073,0.009094138792735223,0.01326768876790674,0.014276054138492323,0.005473572301959998,0.007684148227475735,0.006704760594472593,0.010922884214900024,0.014336225565818744,0.007904414917607138,0.00893359676810502
1074,0.009065440933927095,0.013160294728566365,0.014219433410179429,0.005306308652161315,0.00769288225463923,0.0066864517786530174,0.010841852069735541,0.014245095789406846,0.00773889278076093,0.009012703383877916
1075,0.009109867198674336,0.013095905820934832,0.014172087891214881,0.005117367960976493,0.0078063335743516786,0.0067288403588900685,0.010801199648606756,0.014159316247799751,0.007545598435770581,0.009242304127459595
1076,0.009165308231756297,0.013027004909372654,0.014143003856082057,0.004975971564349299,0.00793416155070192,0.006785080245630985,0.010760807161630234,0.014100961609384172,0.007387722393158194,0.009480371356626457
1077,0.009139217064340135,0.012879332034811215,0.01413204946905457,0.004931156958514089,0.007977720884105604,0.0067724149492740734,0.01063986703880227,0.014076421612906276,0.007306464612738673,0.009570922998894534
1078,0.009016913746191063,0.012653365339024657,0.014139326765233285,0.00497807850398581,0.007916807449246346,0.006676357082145096,0.010433542058662043,0.014084996698054488,0.007302220606663826,0.00948609045306601
1079,0.008864079946953516,0.012426017882244013,0.014163492532184114,0.005059969547435613,0.007802265853999967,0.006554310463468129,0.010216557433493097,0.014115681878744304,0.007332891806496477,0.009311197767790508
1080,0.008720181302922049,0.01224817957192778,0.014188976021214217,0.005104148297872649,0.007664326954119427,0.006444108746476137,0.010041987934872815,0.014154142312284386,0.007343640396994878,0.009106980425722876
1081,0.008603012734738015,0.012152166320966344,0.014204980010980185,0.0050535068492872336,0.007524562671566893,0.006355401247597838,0.009931572816855526,0.01417838216221473,0.00728447851763876,0.00890899760550214
1082,0.008519204353653942,0.012131810786186902,0.01421208567325453,0.004939826139690344,0.007407210698674536,0.006296033969522963,0.009893551715380124,0.014190811544256565,0.007180866744419352,0.008755568484288087
1083,0.00846914184107537,0.012157826500410245,0.014209928620379722,0.004810503068915889,0.007328566143103627,0.006264774865039695,0.009911174624838088,0.014182814796819232,0.007062802696068697,0.008661953039263003
1084,0.008439166189755197,0.012185434459298828,0.01419522060625057,0.004679259028352393,0.00728491892366103,0.006249559419284041,0.009950621756929826,0.014152209374702986,0.006936036631602518,0.008615466988392774
1085,0.008405584344806254,0.01216788958438565,0.014161261134409152,0.004557343135411927,0.007256021388946901,0.0062302834191083605,0.009970168560377815,0.014095770467700745,0.006805554859332379,0.008583760549473041
1086,0.008366578721030441,0.012110534675343848,0.014131406869237051,0.004496428953795329,0.007228497395460217,0.006202949243403133,0.009960738257834733,0.014033845774853664,0.006718916558476628,0.00855053278335236
1087,0.008309075762066605,0.012008552490778718,0.014109847098592922,0.004522757074670948,0.007179215838794149,0.006163084868751513,0.009916951286270426,0.01398890787392739,0.006712354433018304,0.008500755006754767
1088,0.008215212417673087,0.011850455225148946,0.014097180847871099,0.0046230267003263764,0.0070796111524876765,0.006088340345340316,0.009805194230331812,0.013952454118503608,0.006777176257194975,0.008390956709198115
1089,0.008088828384695374,0.01164682850492408,0.014092007407835639,0.004751159486528825,0.006930371485156114,0.005989076660570014,0.009640772451337537,0.013938975405220108,0.006876924784150592,0.008226640237971154
1090,0.007960833461273997,0.011444225554951547,0.014096986286751352,0.004849081483540388,0.006772379193393839,0.005887495816929333,0.009463074087266229,0.013935675578366086,0.006938521401152738,0.008043451828620728
1091,0.007843941315905769,0.011270844122960614,0.014096221723660532,0.004860222356662629,0.0066332494275567555,0.005798007671914811,0.009308834196804092,0.013932379980247852,0.0069005292557567975,0.007872871182026309
1092,0.007748589800251244,0.011148717692099562,0.014082219799947405,0.004744017151130026,0.006535857646077451,0.0057274629178308435,0.009199063840486096,0.013916963132031545,0.006716844364770776,0.0077366472125572116
1093,0.007675207974866853,0.011068384359327818,0.014060121011478664,0.004550227806253912,0.006477086071135872,0.005676211356414846,0.009127243038386985,0.013889220556234138,0.006443935719838509,0.007639749811065836
1094,0.007614287083663547,0.011009447159142037,0.014042111609471492,0.004365789896667107,0.006438032741023095,0.005639449648714435,0.00908404510660928,0.013867411556537272,0.0061886432612010545,0.007577431099900774
1095,0.007546487248792354,0.010951743962567241,0.014031711489251582,0.004256953522620834,0.006394210489563457,0.005598603191236438,0.009054068523046714,0.013855190905889294,0.006033748684831566,0.007527622070641357
1096,0.007460922864491782,0.010882054875619204,0.014027303021161302,0.004257645506022571,0.006329423079173197,0.00554022726872796,0.009021409512658703,0.013845709877149101,0.006019588037561999,0.0074686412371622575
1097,0.007379421455854231,0.010805527683610991,0.01403022135538868,0.004322338377660552,0.006256789982242616,0.0054841435693915265,0.008984403692394225,0.013842952286650816,0.006088777833095554,0.007407396854783837
1098,0.007317561688027185,0.010722808754806594,0.014036937648286289,0.004386521972237321,0.006187458872702435,0.005445158078796335,0.00893837167201705,0.013847859094558072,0.0061635935740585795,0.007348228353623105
1099,0.007284296996228488,0.010637281264677036,0.014051581497580103,0.0043958229969489546,0.006129626027401546,0.005426577421617842,0.008875355096742999,0.013858513333968031,0.006177144689496055,0.007287552779529123
1100,0.00727871065030784,0.010556032609601258,0.014068393546475547,0.004341783487564606,0.0060875920254442875,0.005427210292052968,0.008800983995309061,0.0138699683163624,0.006118002834875693,0.00722977959562648
1101,0.007289957057859478,0.01049492185642138,0.014070368217948511,0.0042700381496077276,0.0060632685041986205,0.005439782353514764,0.00873742660408169,0.013868677625796294,0.006037829639643171,0.007189162088695207
1102,0.007306026093760179,0.010469380524064164,0.014045203991565542,0.004216399822480891,0.006056864474465142,0.005454142740208562,0.0087043149053683,0.013843999941803466,0.005978502832165633,0.007174933412235042
1103,0.0073146446304772844,0.010489720149358549,0.01398383012945343,0.004203142488204547,0.00606624599824759,0.0054585103580783445,0.008713987406644629,0.013786412819321602,0.005966788421651418,0.007189721588178422
1104,0.007319526530170845,0.01054238108888093,0.013900402166782145,0.004226355236614334,0.00608530733669,0.005458571603813803,0.008756933345420308,0.013711706706375332,0.0059993836455006595,0.007226814544455245
1105,0.007337383170103792,0.01060495162199791,0.013828654557981778,0.004266494226088163,0.0061083080168520005,0.005470187965546482,0.008810673989172858,0.013649679638373609,0.006053305561407663,0.007273468081742879
1106,0.007380827740518115,0.010657494429544969,0.013797349895221907,0.0043010466343910226,0.0061286479712417425,0.005503978650773553,0.008853553653169713,0.013623739914379561,0.006103055084216023,0.0073149829818313595
1107,0.007455088916695673,0.01068296758804875,0.013823569595839542,0.0043105434504791835,0.006140230091604259,0.005566315296414102,0.008871261184656856,0.01365311262736688,0.006129533244998845,0.007342184679813818
1108,0.007549381848332854,0.010695338229477613,0.013892728242989828,0.004302812227479143,0.006152481559077221,0.005648089313622713,0.008877933340384371,0.013726980693706727,0.006142262632594125,0.007369104748922919
1109,0.007644054532405779,0.010715549631399689,0.01397450955623147,0.004289085994531765,0.0061761824111157765,0.005727260909256248,0.008886490392168652,0.013807137262767208,0.006148970013710054,0.007404935871563188
1110,0.007716582991079346,0.010769068152527516,0.014037729852475572,0.004273418842311553,0.006221660514922638,0.0057857706035035926,0.00892478959661026,0.013871868507851716,0.006159599469865215,0.007465797702143816
1111,0.007751075158088536,0.010871490909845048,0.014057658478999436,0.004258170666002117,0.0062940188176051496,0.005807054392564507,0.009004633533053478,0.013893330371827096,0.006175936356742536,0.007555747399386989
1112,0.00776521490904189,0.011018395269064219,0.014048845470523343,0.0042588826889673635,0.006389437359062133,0.005809743524921923,0.009127616615637197,0.013891570128717787,0.00621417240218123,0.007676160539308733
1113,0.007784330504058976,0.011198969584450389,0.014035236827300523,0.004293158080612537,0.00649627340911345,0.005812183288285083,0.009278567532483408,0.013878360914011768,0.006283609443624707,0.007807683770465182
1114,0.007832687132960859,0.011392761657967898,0.01403901831391209,0.004370418275496332,0.006591261043375965,0.005839807778776977,0.009445957316881788,0.013881995077902968,0.006392993242118108,0.007923776773266718
1115,0.007912708539004241,0.011573432796772176,0.0140614650243311,0.004481245227937873,0.006661584716804908,0.005897949972216222,0.009608199470236962,0.01390775474245731,0.006533482801886022,0.008010646817210748
1116,0.008009269416869651,0.011724630667641688,0.01409464232990411,0.004603640711044539,0.006717052444217226,0.005971807151777729,0.009742053414248442,0.01394415382391985,0.006684734382910772,0.008079398334024681
1117,0.008096242634668339,0.011821673039481279,0.014117174995938992,0.004704995550819486,0.006758937064331034,0.006039047863038218,0.009819442417668044,0.013971283135583969,0.006817405694580912,0.008130679930444482
1118,0.008151591371964027,0.011850116704636086,0.014113234257025686,0.0047556170187815,0.006787623718970032,0.006080950721543304,0.009823999374740818,0.013975799508156752,0.006905341094822014,0.00816303732284147
1119,0.008176850228552766,0.011838740718112506,0.014094756978431745,0.004765979637051945,0.0068147688417849244,0.006099515367714872,0.009791729262810777,0.013970222462169337,0.0069540260118240525,0.008194640403465873
1120,0.008180251887155942,0.01183163449247225,0.014084439097087122,0.004760385515566016,0.006851540759086933,0.006099316889873521,0.009772794782146625,0.013970763912593734,0.006976585574933649,0.008240108813800183
1121,0.008164594090205143,0.011866019624154234,0.014101411200180622,0.004754366518630556,0.0068988059852641715,0.00608005026127207,0.009809808877917697,0.013992005075064793,0.006980038921975155,0.00829827965333048
1122,0.008136143899381486,0.01195893964155542,0.014152800498574621,0.004756878718527471,0.006952800263115471,0.006046262722816572,0.009920147012173933,0.014039602902439562,0.006971425589220056,0.008362782422749645
1123,0.00811411201140336,0.012082424211963752,0.014217979986877636,0.0047703744608648384,0.007008869644065107,0.0060193974502970185,0.010066737350477667,0.014099478904237281,0.006965739951573564,0.008432358900241913
1124,0.008114622783701435,0.012202390802516337,0.01427271722171623,0.004792502584505217,0.00706048470454526,0.006015302945176545,0.010201639148197716,0.014147896311467,0.00697116877876257,0.008498791520951272
1125,0.00814705887748674,0.012288107147158167,0.014295620241535903,0.004816734616251585,0.007097421097339075,0.006045514052845819,0.010286989684308896,0.014169916578632239,0.0069934112023599376,0.008550797272109889
1126,0.008204678060845582,0.01233017378805788,0.014283620681318838,0.004839432654303081,0.007115215407622602,0.006102116316760024,0.010311943482346462,0.014160117797870948,0.007028686295399654,0.008579699373915851
1127,0.008266484266515781,0.012344428521472174,0.014256415578924441,0.004862454991255132,0.007119890068053994,0.00616542546062285,0.010307362889851672,0.014141391000055207,0.007073434921193726,0.008594723950354679
1128,0.008310879727580343,0.012343390102800493,0.014230123045863586,0.00488512278900246,0.007115830323335234,0.00620851520704858,0.010288674629999078,0.014117345881701111,0.007114190381766249,0.00859284389284336
1129,0.008318726594788628,0.0123351599457532,0.014213759142503732,0.004903701806165961,0.007105118440823893,0.0062146647753319436,0.010277152256454031,0.014101343823403478,0.007143807983085598,0.008578329921704425
1130,0.008303552948320534,0.01233619390688359,0.014210154361837066,0.004919685438113358,0.007094594005769824,0.006197934026814512,0.010288086735001579,0.014098693450333313,0.007164923137619317,0.008562919602386606
1131,0.008292835757524679,0.012363365546456047,0.01421747007118389,0.004936303241850253,0.0070907493948020655,0.0061841775770755105,0.010327731153690263,0.014106215329288898,0.007182642893452908,0.008556073605849562
1132,0.008308984609963762,0.01242876139186722,0.014233624618903259,0.004955018056231393,0.007096940431735126,0.006195534544847596,0.010400520685790242,0.014123682930810554,0.00720201358782172,0.0085637121614845
1133,0.008360801944496805,0.012531282680390622,0.014252285799504442,0.00497616004185405,0.00711297673498771,0.006242169055119588,0.01050269388328514,0.014147814947907709,0.007226472346055998,0.008587666249735913
1134,0.008431832076994985,0.012651159410004985,0.0142740523170242,0.005005755247153004,0.007140703263663084,0.00630583084869857,0.01061382545855017,0.014173884363268382,0.007261198728690019,0.008627251362729217
1135,0.008496443021327068,0.012759035941177985,0.01429167867041076,0.005046192206456563,0.007176462670631305,0.006366010897770399,0.010715575880849731,0.01420218612861294,0.007312992112202891,0.008682169477434686
1136,0.00853549361705059,0.012834450624802577,0.014304099242533494,0.005099890482339287,0.00721837655853934,0.0064011283343466795,0.010785700579286704,0.014224926308727334,0.007382493583313726,0.00874475891145384
1137,0.008548259585894767,0.012875489309098865,0.014310692606979309,0.005163173673463991,0.007265537353221889,0.006408623981513143,0.01082114707368993,0.014238537263689961,0.00746434923776276,0.008810998924501491
1138,0.008559947940794725,0.01290658267579037,0.014312350800496847,0.005224828809533293,0.007318701406858305,0.006413202593605968,0.010847397011261814,0.014247361758780035,0.00754642446261872,0.008883156625592938
1139,0.008591802339549679,0.012947641522895405,0.014306450950064768,0.005273048704289501,0.007375589254073753,0.006434766015767034,0.010883287995110964,0.014249060101082366,0.007614015412466545,0.008957410980488719
1140,0.00866244273720371,0.013018212635235284,0.014295602654072821,0.005299840644814087,0.007435560581353808,0.006489728794676311,0.010945709705006837,0.014245276401102408,0.00765708052924767,0.009031133201721537
1141,0.008760156922030898,0.013113129849577443,0.014279876561362032,0.005308077746689093,0.007494880250004683,0.0065705578603424035,0.011032939264078402,0.014239858551268383,0.007680832730062223,0.009104240081212318
1142,0.008863019689220498,0.013224764757582955,0.01427078702643294,0.005312536290526997,0.007554946196294882,0.0066558579312837336,0.011133579671057547,0.014239350613343423,0.007701140866278271,0.009178937636070817
1143,0.008948776890116727,0.01334262487615836,0.014272726006586307,0.005324375355863458,0.007613828009987305,0.00672626716605413,0.011237535967643151,0.014248108001827698,0.00773178782350327,0.009255325709138684
1144,0.009005146642859169,0.013460921867539812,0.01428894314784379,0.005352243647999905,0.007671575225239571,0.006770699751655953,0.01133877579593408,0.014269201127864325,0.0077831120660408325,0.009334260469201812
1145,0.009046120817747152,0.013577926751692466,0.014314957211291331,0.005395006108935023,0.0077315965045072375,0.006802180071077947,0.011438059155615785,0.014301238070898191,0.00785338916772415,0.009418541867960456
1146,0.009089859619282863,0.013690734763948269,0.014344383358373852,0.005448366854880624,0.00779636464705266,0.006835099311518046,0.01153143815229266,0.014336118656162975,0.007934088348076592,0.00950552448995852
1147,0.009151954395585863,0.013794066930534327,0.014370433665084583,0.005506559405952267,0.007865893646857178,0.006883086121331492,0.011615242970024475,0.014368341827202851,0.008016796878682474,0.009591236778934616
1148,0.00923535854525437,0.013886134551856794,0.014389291333554127,0.005564615267574936,0.00793833868222786,0.006950089976753587,0.011690988054058625,0.014397502891822109,0.008097143213304138,0.00967464071316318
1149,0.00932577790410793,0.013974040499256444,0.014402635671828172,0.005621183331984955,0.008011876768322717,0.0070215666321017875,0.011762057088500198,0.01442082125054725,0.008173561355382511,0.009755529985031866
1150,0.009409579113109759,0.014066535864489558,0.014412681911275285,0.005676164583618161,0.008085608761943142,0.007085434345712671,0.011836547793378824,0.01444040553868329,0.008248556097558247,0.009837517193705203
1151,0.009479653427967883,0.01417734845622439,0.014425143061173555,0.005737383697452532,0.008163452817995796,0.007169435948314552,0.011985082653121532,0.014533826128466324,0.008369007338108197,0.009975917011901562
1152,0.009533582442484,0.01430009992932162,0.014433942740128042,0.00579130119114348,0.00823753065320925,0.007181097657272938,0.01204875485878996,0.014506179925216332,0.008423569033863258,0.010036779578994086
1153,0.009587612080072843,0.014433449805283473,0.014441765026227692,0.005842992841906754,0.008310707188407691,0.007215321559821998,0.012160769782305141,0.014523534801106852,0.008505769922445507,0.010131034315618364
1154,0.009655860776974057,0.01457301528433424,0.014451306482512602,0.00589070910816637,0.008382818154966845,0.0072619991827701045,0.012278320254974977,0.014540614971879945,0.008586059473833852,0.01022346832660412
1155,0.009744758959265774,0.01470864791622036,0.014460841371525814,0.005931668022498608,0.0084510092166871,0.007334929572948282,0.012404453423640547,0.014569009998853156,0.008667865133121046,0.010318308286164039
1156,0.009843760841556748,0.014835478522424846,0.014470850775148564,0.005968382323177467,0.00851801734331213,0.007421301421545857,0.012528394569159829,0.014602513254277815,0.008747062420333294,0.01041420128538591
1157,0.009941332020965234,0.01495691822816648,0.014486942390765789,0.006005451043126646,0.008591538120300116,0.007489627720647423,0.012617901028063185,0.014608118324626157,0.008803661546603048,0.01049310948679646
1158,0.010024931239967927,0.015073520495667682,0.014510301924812157,0.006043877791309185,0.008677249173911614,0.0075700748259799645,0.01274345650223244,0.014670503887032435,0.008887698571082894,0.010621915188994252
1159,0.010092630341838663,0.015190634247078625,0.014543576760019617,0.006086430445428276,0.008778776056364537,0.007604168453752069,0.012814727538409745,0.014684354055584149,0.008937007151071708,0.010726922917509435
1160,0.010155621479363478,0.015311093233985835,0.014582429697998604,0.006136489427976232,0.008887056395382342,0.007656659181477938,0.012926034888210883,0.014750461628676907,0.009019642497803912,0.010872847500833718
1161,0.010225527976344637,0.01543608485684372,0.014621435607230891,0.006196599028397004,0.008990120266026696,0.007714613842249013,0.013038521531223422,0.01481683304570169,0.009110851256260412,0.011010540688561303
1162,0.01031368645722725,0.015567819983988271,0.014657484134196009,0.006268303282227406,0.009077112895465794,0.007778203597557973,0.013136904622362743,0.014860292315062605,0.00920129876911603,0.011110892965757882
1163,0.010415750230501104,0.015701177295167776,0.01468669843440595,0.006344892949764261,0.00914681167154431,0.007862137542887485,0.013248677070918174,0.0149112343201949,0.009306430591394731,0.01119884630062966
1164,0.01052171530290213,0.015835083297550418,0.014713098065872995,0.006417834921516891,0.009210718504156864,0.007957604513375096,0.013375498633399015,0.014973805318712516,0.00942025352480728,0.011290752319989194
1165,0.01061502829791313,0.015959044454320174,0.014731692497134024,0.006474727862275354,0.009274225811583287,0.008004359920709801,0.013433184818900993,0.014956392920417984,0.009476325657855843,0.011329610982145636
1166,0.010686867469477182,0.01607086463837839,0.01474428808104099,0.0065091107377169295,0.00934475097458726,0.008067354585715076,0.01354366322947915,0.014997439104642176,0.00955566844995918,0.011428916266391517
1167,0.010744599264518234,0.016175938969230884,0.01475567417163576,0.006531354520003637,0.009423185763366194,0.008115579400508012,0.013646990715068478,0.015031589965893216,0.009621726299165042,0.011536030329367212
1168,0.010799798903035061,0.01628101044484694,0.014770299273585426,0.0065562705103898505,0.009507788250543398,0.0081938624030957,0.013804586421962653,0.015127580145988605,0.00972645668410638,0.011696901080615956
1169,0.010866628466851574,0.01639766207413598,0.014796639437174531,0.006599702043286811,0.009599689271581203,0.008188705031632472,0.013812174327091427,0.015062906547188533,0.009733943943122539,0.011732153652700509
1170,0.010948694477505993,0.016526937837934488,0.014833861650147549,0.006665689560104522,0.0096950172467119,0.008254819403789781,0.013924718230617156,0.015116879079889234,0.009826506590195516,0.011852781275147306
1171,0.011040472528282252,0.016666878793800178,0.014879773255171055,0.0067411161145782125,0.009790415841358464,0.008343848201617472,0.014069656302764834,0.015208285242973964,0.009944741803416063,0.011994511038119668
1172,0.011131797658866644,0.016809919961578264,0.014927834448940436,0.006808377442497646,0.00987917442302954,0.008397464302814378,0.014159447880088341,0.015241535378730632,0.010017049303761712,0.01207963794504733
1173,0.011209785962980572,0.01694424399199119,0.014968103420014497,0.006848765298027176,0.009951967415721264,0.008464556234824068,0.0142871460510767,0.015316439384314632,0.010100080773018985,0.012184262523021759
1174,0.011275051767712325,0.017069557405642064,0.014999690366044616,0.00686457848337236,0.010011723152261856,0.008524180761247344,0.014416365317850824,0.015391794088982181,0.01017027458320066,0.012280784403939517
1175,0.011337643685810316,0.017190773694421242,0.015024895065310963,0.006875830674305944,0.01006987557745637,0.008567222723389825,0.014518485457330052,0.015434247682771166,0.010220366183804721,0.012354901556007986
1176,0.011407859642771105,0.017312827722093943,0.015045899680275369,0.006902059538139437,0.010137733809923201,0.00861190829935983,0.014610514394136387,0.015459525144293275,0.010274964749292397,0.012430973505147302
1177,0.011494809340216385,0.017441557965263886,0.015066545911751527,0.006958876396482535,0.010225094694170949,0.008675666715957238,0.014711675939124176,0.015486586759559535,0.010356979079656868,0.01253279368024662
1178,0.01159044123772398,0.017570924969552006,0.015086557739478965,0.007038096476355346,0.010325237253310606,0.008758037462286369,0.014828939132411761,0.015527939983466089,0.010467007282323741,0.012662973295709487
1179,0.0116892443633101,0.01770356282409937,0.015115362932792491,0.007128383972388667,0.010433269303142163,0.00883821442257224,0.014940908218054888,0.015568898856379451,0.010581067933571426,0.012796214422515653
1180,0.011779417322674984,0.017832545523354497,0.015154494517388584,0.007214007805844476,0.010538506293210641,0.008917892386931418,0.015064242381682942,0.015635296899244318,0.010701886356046244,0.012939447755810672
1181,0.01185850072739059,0.017959438023638856,0.01520756475665459,0.0072869695344312995,0.010636783457235028,0.008949994703232473,0.015125823571145126,0.01565472726756784,0.01077121367975665,0.01302377271871788
1182,0.011932402122895008,0.01808628917604366,0.015266249490130423,0.007349276961260089,0.010727552307331632,0.009017593772865207,0.015256603685871823,0.01575364208765984,0.010881910609227542,0.013158579896344126
1183,0.01200569675639482,0.018211866241591997,0.015317699905104884,0.007402277884883286,0.010808396239951557,0.009070436453207507,0.015360586211994107,0.01582157503806746,0.010965558625405679,0.013257807279064929
1184,0.01208456526773284,0.018338009059411214,0.015352223969277896,0.007447715580899899,0.010878638995026961,0.009116074592581031,0.015440252542939698,0.015850763290297058,0.011023198819558707,0.013320010011827936
1185,0.012171265356568305,0.01846786191252217,0.01537350395843858,0.007489268094876687,0.010943886239442183,0.009191776138232112,0.01555869746811122,0.015905929209779957,0.011102239791881003,0.013404936455986094
1186,0.012258146183264677,0.018596811869520575,0.015390791329583335,0.007529393267399851,0.011010487469116849,0.009250802978181682,0.015646982172765746,0.015926410170077236,0.011159278573046567,0.013466979718816418
1187,0.012338192282377343,0.018721854130709665,0.01541490849007878,0.007571139247449831,0.011085463906486301,0.009316551523597214,0.015755723828393697,0.015973931459541523,0.011236235207525386,0.013563063143079394
1188,0.012407227217156609,0.018842790523932503,0.015455536469219506,0.007617666765496443,0.011174886126320865,0.009366210265613384,0.015855115828240594,0.016025541211229805,0.011316004861087848,0.013676736530882397
1189,0.01246721361704989,0.018958834763361198,0.015505002280045603,0.007667923505868632,0.011272589545453106,0.009409450268576683,0.015956101525608394,0.016087724935457515,0.011403380149797604,0.013808211292491495
1190,0.012527283198542325,0.019076732170502035,0.015556230961583295,0.007722467349963855,0.011372869705984874,0.009441184665306919,0.016039745704353493,0.016132974543284724,0.011479492130825247,0.013925646183073195
1191,0.012595287044989892,0.019201464420637318,0.015600761957028324,0.007780914757663412,0.011468771199117963,0.009497453282699613,0.016157140331911627,0.016204447832879696,0.011575627994797815,0.014057641285240913
1192,0.01267520463550508,0.01933514215534629,0.015634773441447262,0.007841519627994233,0.011556265125442574,0.009552813087648163,0.016259526574189425,0.01624968092367641,0.011653547090139015,0.014153652819227971
1193,0.012762050550625945,0.019472743597421995,0.015663877284108594,0.007899356991041087,0.011637606444678171,0.009622704259310139,0.016377659184958825,0.016306159803827148,0.011736130964297485,0.01424927967641213
1194,0.01284793851382373,0.019605799591738443,0.01569265812149066,0.007947938581833656,0.011714262311205042,0.00969339201994605,0.016494133513156848,0.016364087224974927,0.01181226154552915,0.014340269527902813
1195,0.012928669135661174,0.019731410058090072,0.015729468472120894,0.007983237134161728,0.011790551974309272,0.009740698376448437,0.016573655504656205,0.016395508022075164,0.011858192958457144,0.014406079767417234
1196,0.013001868057474872,0.019845971036437652,0.0157740928620362,0.00800806358919542,0.011866269613055234,0.009821068676412047,0.0167125825773767,0.016497793340899725,0.011947430944299193,0.014534163528530398
1197,0.013072325567827569,0.019953416903856828,0.015824609831617705,0.00803508776330443,0.011941843410063251,0.009850312314035395,0.016762548392123457,0.01652189800347801,0.011981168417057762,0.01459312114883485
1198,0.013143620526019011,0.020055861176172723,0.01587736819385451,0.008075992606591966,0.012016492677692827,0.009899423646241716,0.0168392418698337,0.01657957918578275,0.01204910257677592,0.014680984451793912
1199,0.013223512898111042,0.02016334204717787,0.015935085700015953,0.008142109369640766,0.012094423264126956,0.00997718484822574,0.016954360428206486,0.01667936390643033,0.01216382156762045,0.014805552051677372
1200,0.013305487668934118,0.02027276153526873,0.01599017252065101,0.008222281313104745,0.01217306475326883,0.010033269884595122,0.01702981916869409,0.016738347052639924,0.012259408900097711,0.014896015083801522
1201,0.013385725759730217,0.020388581074952505,0.016040866207133183,0.008302511628507281,0.012254589130063097,0.010107904330653672,0.01714563291603457,0.01682785462778542,0.012378483329990116,0.01501926793089712
1202,0.013457059200379179,0.02051075103241407,0.016081650333330918,0.008366665283895167,0.012338315935042195,0.010146054717023493,0.017220774527126087,0.016860812493730115,0.012447462084764938,0.015101072635550139
1203,0.013519655613370178,0.02064206286170654,0.016114564438049917,0.008408514870567213,0.012426201423033538,0.01019517192947766,0.01733887105700121,0.016918320559048742,0.012520632966001954,0.01521415973817096
1204,0.013577517805394295,0.020772296353112743,0.01614327011005348,0.008436385203169718,0.012514407250384763,0.010218428546265855,0.01741952512683892,0.016935571063981986,0.012554336069968869,0.015293581188823012
1205,0.013639615046668309,0.020896734822353262,0.016176923434719704,0.008463344989647561,0.012602507265881644,0.010272177218181534,0.017538637249291045,0.017001752889847774,0.01262031234119511,0.015412080504067704
1206,0.0137059332971894,0.020998853177276938,0.01621419548829786,0.00849638593330664,0.012682526448771606,0.010326912083494738,0.01762801880432881,0.01706430101500811,0.01268497606860589,0.015515117771892463
1207,0.013778422773723794,0.021083465784839356,0.016256948199424356,0.008537193398135134,0.012755818324545247,0.01038903478396708,0.017700868383633127,0.01713338772833186,0.012756521221124376,0.015612143557873484
1208,0.013857033649884838,0.02116595151729278,0.016305083426388967,0.008581222758388933,0.012827477845696622,0.010442644009210418,0.017747506988374264,0.017184543539105535,0.01281386463965587,0.015686767237079523
1209,0.013936218565737726,0.021253564708458537,0.016351804516386827,0.008620369170331902,0.012897529428066046,0.01050176197530051,0.017809569928218784,0.01724256408237813,0.012872693549705619,0.015767593931454375
1210,0.014016343325804276,0.021360383248912245,0.016397598511251044,0.008651445385665833,0.012970867498526207,0.010568375133676776,0.017905467954481252,0.01731245185448437,0.01293493713361224,0.015864264573545433
1211,0.014095770013669084,0.02148420859917731,0.01644371507287021,0.00867746866089533,0.0130472657248825,0.01061337277455982,0.017985310351467776,0.0173499447434439,0.01297016316340712,0.01593506759588997
1212,0.014169400691641028,0.021613190857216913,0.01648909890765003,0.008702178702011633,0.013122165076779152,0.010683264110535884,0.018122123580784622,0.017435718307709253,0.013042783998368349,0.0160502372599481
1213,0.014235327203695065,0.021740203200930498,0.01653706566915456,0.008731710582800097,0.013193820900022293,0.01071994602608592,0.018211402454601736,0.01748007518177125,0.013089898222097841,0.016122715873660286
1214,0.01429233024076527,0.021857474846797877,0.016587398706859567,0.008768789882615634,0.013260143352457105,0.010807418979943613,0.018388764574547523,0.01762039253858056,0.013216248003005616,0.01627696867721315
1215,0.014345580501693066,0.021964271169934328,0.016637037260121067,0.00881080280881775,0.013323205608978496,0.010809648698668704,0.01841441463443456,0.01762407421021662,0.013243847862876003,0.016302266936282218
1216,0.01440157970352255,0.0220621181230396,0.016683025011423713,0.008854513171839017,0.013386276867077513,0.010855074132413454,0.018498913575766645,0.017688489220821245,0.013316399267326955,0.01638592273619152
1217,0.014466842539453427,0.022153748493120632,0.01672303413417434,0.008897289441004994,0.013453019499481364,0.010913696177543203,0.018584426658892306,0.017753693629314417,0.013385213879710886,0.016477324654583524
1218,0.014538727276837677,0.022241234564937113,0.016756532136725916,0.008939861203215842,0.013523459422528803,0.010957450090077765,0.01862989971219819,0.017778079126007842,0.01342131135245176,0.016538187318012407
1219,0.014611662069513446,0.022333298426759848,0.016790322138222458,0.008988167919754196,0.013598981062942786,0.011022684281677646,0.018715288698098617,0.017837556641480058,0.013488809564292808,0.01663554371255959
1220,0.014675023190242763,0.022432773869289324,0.016827469108584764,0.009045275724299091,0.013676862905171318,0.01107637865097581,0.018804593093415603,0.017897873956874547,0.01356836426952682,0.01673304258166224
1221,0.01471668002237741,0.022535380685830154,0.01686692644283707,0.009109618032198227,0.013750898711085698,0.011083035649705846,0.01885273265120748,0.017917729646958837,0.013631355618242866,0.016787070241844795
1222,0.01474541327681236,0.022637540525976895,0.016911033291699715,0.009173258028622167,0.013822526439469685,0.011127691527219341,0.018986815875098616,0.01802397673008757,0.013760650480921113,0.01691520340772437
1223,0.014774624240033193,0.022732347075386017,0.016960065091168108,0.009224727137579972,0.01389375723648603,0.011131013000210107,0.01904321858584109,0.018068327106534925,0.01382458143134127,0.016978936160621266
1224,0.014815977971012566,0.022811618256472637,0.017012789519206272,0.009251969035639311,0.013965768670224438,0.011176140578977912,0.019136732566118152,0.018166504178164178,0.013893429167444264,0.017087723070120603
1225,0.014877226131940376,0.02288031342340991,0.017071982117617412,0.00925698444327409,0.014041811550997369,0.011210066878691267,0.019168987663669458,0.018224493097982485,0.013894252201554139,0.017153930199208134
1226,0.014948942101897641,0.022947962648965942,0.017134414306706088,0.009258599530769076,0.014117688218606515,0.011270397565365884,0.01922814960121173,0.018313168127480656,0.013908495746679479,0.017244402382748623
1227,0.015018414962056189,0.023022133695336573,0.017194460450671967,0.009276191580094751,0.01418685739113569,0.011311174811225466,0.01926267742567122,0.018369469078124635,0.013918091481260884,0.01729969982960742
1228,0.015071730468842498,0.023106728132943146,0.017244493340545525,0.009326208837387185,0.014241449706533774,0.011358412992842744,0.01934206508747238,0.018446583590311583,0.013991088214049261,0.017370116254456235
1229,0.01511238193895566,0.023203012653425167,0.01728620787360924,0.00940545481239857,0.014287140949520018,0.0113776082809982,0.01940391693838316,0.018486221190294826,0.014080429843553875,0.017406940063356895
1230,0.015149471382698294,0.02329882158646638,0.01731993385024244,0.00949117073920358,0.014332717233548441,0.011399607735656065,0.019475588913841154,0.018526650124082708,0.014189064647327648,0.017456541959237924
1231,0.015193426137456395,0.023384407771291495,0.017347920396654663,0.009561434142163278,0.014388313708274906,0.011424226051406501,0.019532042431339807,0.018556455421418254,0.014282104498173341,0.017518024068613563
1232,0.015250541077806455,0.023452486046874943,0.01737147754942525,0.009600161560975803,0.014459781809764675,0.011461360765348825,0.019573951350487274,0.018585044079876788,0.014346926416052924,0.017605214142115133
1233,0.015315924745759815,0.023511201457588626,0.017393096694534205,0.00961470499701272,0.01454013658302015,0.011538330093734712,0.019662851892130837,0.018665643228045026,0.01442698903423708,0.01775453137549414
1234,0.01538047028562598,0.023570344505399167,0.017414100369270928,0.009616404644840022,0.014617734123289892,0.01155834787425262,0.019656563293325133,0.018654853550789524,0.014418276521460697,0.01781021038604403
1235,0.015440833136223164,0.02364871568721254,0.01744272430333437,0.009619350426172126,0.014686417007088582,0.011624386594566558,0.019753486830717135,0.01873292270307934,0.01446591363153594,0.017923953302175926
1236,0.015497370480630709,0.023756224498576898,0.017484802879189982,0.009633941104029035,0.014745741849539877,0.011672340263998757,0.019853393379638047,0.018802134827042363,0.014500988824022776,0.01799540405308083
1237,0.015550659850649877,0.023877941340516625,0.01753467351797834,0.009660614576111974,0.014799003930627995,0.011699585656135991,0.01993597006764151,0.018849768753486127,0.014522252403989239,0.018027545896336962
1238,0.015601453358692055,0.02399664626609863,0.017585594319364094,0.00969821426966219,0.014849820470741012,0.011738784459274678,0.020038536411095206,0.018918431746257108,0.014570854679189576,0.018078438378049694
1239,0.015657380205341825,0.024107360926317302,0.01763917219550041,0.009748734842235674,0.014907873816662857,0.011776524751658829,0.02012184835672692,0.018977579070082472,0.014629839913456396,0.018134302479461212
1240,0.01571435173618598,0.02420243992148113,0.01768909845365852,0.009804657780201375,0.014969046204124793,0.011815073819146987,0.02018928757937798,0.01902978671292976,0.014697431115427591,0.01819950968600101
1241,0.015774742441757156,0.02429298509694853,0.017739214008922876,0.009861583994430342,0.015034027154826721,0.011854648949582047,0.020249760868028557,0.01907862169475417,0.01476706533098092,0.018271988225307637
1242,0.015832114055467365,0.024376337193578963,0.0177831526740966,0.009909452584441614,0.015095235462366694,0.011950110557466361,0.020405206830431778,0.01921525497709287,0.01490028455056324,0.018434200435164288
1243,0.01588617471618274,0.02445675826521989,0.017821306586045443,0.009943253263406318,0.01515088775066126,0.01199366033357968,0.0204767673335457,0.01926845930348986,0.014957369239482694,0.018517083931236
1244,0.015942155751731833,0.02453991290095118,0.017860546427206414,0.00996590076259264,0.01520415137420013,0.012043594251570321,0.020560682373920943,0.019332562012374134,0.015010654787941688,0.018604873283461755
1245,0.016000226115417113,0.024622282613958997,0.017902285066733782,0.009977724609967412,0.015253178427557055,0.012004319782845302,0.02048874013262726,0.019254578829396282,0.014941593597029422,0.01854328989792744
1246,0.01606131280882162,0.024701522869340426,0.017948987297496492,0.009979778640838249,0.015297039478249737,0.012064970538327212,0.02057869373588364,0.01933846245900139,0.014986559007443966,0.018618010876599384
1247,0.016122972180493328,0.02477718011573208,0.01799927782771567,0.009977752784668899,0.015338607720778214,0.012096405056431152,0.02061278352539905,0.019378305244109238,0.01499185953109436,0.018636339827812966
1248,0.016179065845460732,0.024852634946118127,0.018047185965819154,0.009982930214959234,0.0153862701189636,0.012140234658456255,0.020675127066239075,0.019442967783184842,0.015023695621833918,0.018686688888037678
1249,0.01622326127178009,0.02493184532870022,0.018086216060645914,0.010006069897173906,0.01544879988368282,0.012170261127196942,0.020735175729973434,0.01949258383039155,0.015063881185545396,0.018754131492288172
1250,0.016250698483120635,0.02501814129729059,0.01811133187201912,0.0100550384655371,0.015532687831838012,0.012189667601444805,0.020809564419146914,0.019533961329208933,0.015127107478951742,0.01886322485712379
1251,0.016268482670813596,0.02511096472823158,0.018130606088332408,0.010122615550727573,0.015628658818047137,0.012196387450741279,0.0208835029769077,0.01956254602033185,0.015198821646469891,0.018986840025480387
1252,0.016283437552628524,0.02519900493088208,0.018151488644452738,0.010190990612655776,0.015714562586977142,0.012200655230384133,0.020952746091277438,0.01959190001236199,0.015269082916386276,0.01909658240075027
1253,0.01630569529298532,0.025275686093980607,0.018184676617428362,0.010243340417556666,0.015770842165137824,0.012216748022966264,0.021019659355043664,0.019641656587173026,0.015332034302861397,0.019169556626391384
1254,0.0163436302790627,0.025339896582542456,0.018237930191048822,0.010269740762622959,0.01578893260962889,0.012245676924302533,0.02107189759028749,0.019710075078460988,0.015373229801256836,0.019181383433726946
1255,0.01639533379447677,0.025399577186718154,0.018305470347725224,0.010279705406103254,0.015788973367279642,0.012285932709119445,0.021117567508423602,0.019792118963359154,0.015401115301250778,0.019162651965859652
1256,0.016453384494132764,0.02545910519741148,0.018375016570442285,0.010284187504707967,0.015793208155995754,0.012330774310148515,0.02116079356895916,0.019874680160666597,0.015422734272142552,0.019147156617757583
1257,0.01651348994945591,0.025527563992735258,0.01843784884364892,0.010295470583199533,0.015825920699139105,0.01237997624004134,0.021216814683597995,0.01995535426009541,0.015452914658992652,0.019177371701345994
1258,0.016568138353754647,0.025601624634968588,0.018486308386517138,0.010316547050590959,0.015887264829352463,0.012422682491351299,0.02127623218718466,0.02001861991851641,0.015487442102082697,0.019248333685850428
1259,0.016616752049602564,0.0256813433194021,0.018525244518813024,0.010347727296803416,0.015963373697945933,0.012457239188710605,0.02133913756318472,0.020067966158178935,0.015528134214038694,0.01933900612407958
1260,0.01665552155188018,0.025761724629755754,0.018556042822138154,0.010386976853856564,0.01603679335870822,0.012486193763359318,0.021412841443172376,0.02011397306958699,0.015581948089635731,0.01943421884700215
1261,0.016685094556646067,0.025843385297463325,0.018583729819705047,0.010433740945328328,0.016096454916278948,0.012502977824652485,0.02148689967184164,0.020150939319171363,0.015642148093140733,0.019507284446665014
1262,0.016711702060985635,0.025926866655244036,0.018613470924435598,0.01048375843784081,0.016145796952033175,0.012515428421654129,0.02156170702098192,0.020187911895498314,0.015706373192708734,0.019564504183732193
1263,0.01673964393606688,0.026006550201692576,0.018646568486810608,0.010528963134834408,0.0161892472169253,0.012529700683846595,0.021629746282462226,0.020228692975632567,0.015765443825673207,0.019612775995017234
1264,0.01677263668423194,0.026075826377669552,0.018683999998032077,0.010560697918071894,0.016230574824328502,0.012552153893388034,0.021683697404693326,0.02027777770225708,0.015810340535785665,0.019659172949500384
1265,0.01681817616439692,0.026140154849507453,0.01873163401317569,0.01057906572296602,0.016278039631255677,0.01258756458599193,0.021724054055382844,0.020339096055737985,0.015839925728893603,0.019711628473593885
1266,0.016865871007936316,0.02619098568412455,0.018776845217031806,0.010587301619128702,0.01632466462608616,0.012627929998431504,0.02175260771839896,0.020400502222952883,0.01585917904296776,0.019765777085425013
1267,0.016916469723271092,0.026238914827596046,0.018819859301037026,0.01059739321552904,0.01637470476755118,0.012670486118839695,0.021783110328885476,0.02045949162489545,0.01588268332816589,0.019826698456582106
1268,0.016964222543398428,0.026284056123178648,0.018854117519023404,0.010616361275580318,0.016425978500979065,0.012706807976221564,0.021818331726556426,0.02050498133381658,0.01591678245361424,0.019890042787882912
1269,0.017007809872531084,0.026331324612351364,0.018881249534486937,0.010644098970557719,0.016477049330489314,0.01273597281861277,0.02186198963357931,0.020539068081499873,0.015961366978355773,0.01995351811161084
1270,0.017045669610007932,0.0263841764000334,0.018905231128090096,0.010672687010575667,0.016523621821648665,0.012759674948416858,0.02191356926573168,0.02056901195948322,0.016007501590004896,0.020011657497439814
1271,0.017078849163857962,0.02645056847741655,0.018933349518098542,0.010695401198975435,0.016564045655135477,0.012781232528998657,0.02197539582042787,0.020605258782189283,0.016048038153129888,0.020061613051291848
1272,0.017106962702409845,0.02653227263769679,0.018968708738605615,0.010706918990971941,0.016595764008138048,0.012800948005785646,0.022043343251079858,0.020650963194467024,0.0160752194560601,0.02009777756774805
1273,0.01713648917161778,0.026625688116293348,0.019010833247532843,0.010715938083361102,0.01662470069662819,0.01282339862697354,0.022116161571172323,0.020705394735832383,0.016099570258417212,0.02012920931239032
1274,0.01716598675434893,0.026711402337308898,0.01904789292706687,0.010728427615944749,0.016649785045765923,0.012845386338374997,0.02217860247754554,0.020753060223200958,0.01612520671804599,0.020155165171023223
1275,0.01719880114560226,0.026778266102727294,0.019073795363455333,0.010753051977723905,0.016674961758268936,0.012866348625640563,0.02222064749744983,0.020783535273660128,0.01615972643908722,0.020179631231269635
1276,0.017239046499205424,0.02682959542230887,0.019091431745252775,0.01079317184037841,0.01670637148837497,0.012895220557486027,0.022257735251087915,0.020809891885535794,0.01621605539336856,0.020220742712607927
1277,0.017282777827341226,0.026878387274676754,0.019108543954304242,0.010837035828388514,0.01674455736846583,0.012922971573334678,0.022289543789729888,0.02082974137023636,0.0162728595647079,0.02026677108702441
1278,0.01732161970617978,0.026933481123384766,0.01912974759724548,0.010868572036169115,0.016786146662748316,0.012950789989314444,0.022335509992593074,0.020859116065425082,0.01632026338775599,0.020322090933538796
1279,0.017350597512821715,0.02700713373311004,0.019162507015575668,0.010874796420111374,0.016830587750149912,0.012970573073085665,0.02239756039198343,0.02089837016993251,0.0163380190217071,0.02037618957359223
1280,0.017372144814828072,0.027095779303215592,0.01920635216305609,0.010862725258302354,0.016876815218398605,0.012988024483351438,0.022478174601895568,0.02095363161576632,0.016338305486181093,0.02043307758882054
1281,0.01739054853686021,0.02718226032078784,0.019252882613443646,0.01084957206010488,0.016920894127156284,0.013001580532497515,0.022553229646350186,0.021009080033034012,0.01633289080940436,0.02048098339030303
1282,0.017411844351320663,0.027251953408411394,0.01929523443847956,0.010853389727297167,0.016960526444163397,0.013019913784504424,0.022616213024608,0.02106517311347074,0.016346331281922664,0.020524250995003226
1283,0.01743947252553633,0.027294772248125553,0.019327631464876822,0.01088436050168718,0.016993787816571255,0.01303761643807837,0.022644002642228024,0.021103394606865084,0.016379730151887543,0.02054923914607494
1284,0.01747108979539759,0.02731728225796025,0.01935013433333283,0.010930695591495738,0.017021749046147568,0.013058626817757836,0.022652903926867973,0.021131560650988843,0.01642848815656413,0.02056939790474752
1285,0.017507312211853664,0.027335789463943272,0.01936849746391693,0.010978567739273963,0.017050008287884322,0.013086880063808017,0.022663823617747637,0.021159669071567577,0.016484394116444354,0.02060061621356468
1286,0.017551952667436387,0.027371977800320507,0.019392198448650994,0.01101564263085332,0.017087382178280645,0.013122040752387914,0.02269064293295065,0.02119106643943209,0.01653350777613016,0.020652193277051974
1287,0.01759781557776535,0.027424462989556482,0.019419545938770086,0.011033725850133484,0.017130413948184486,0.013157554314943537,0.022731505398932608,0.02122246826169532,0.016565125015514253,0.020717772345427397
1288,0.01763993661086834,0.027487270026390155,0.019452496112068444,0.011041067338242675,0.017175608485427398,0.013188197094325635,0.022779941000921296,0.021257086229415554,0.016585269339513226,0.02078514737672372
1289,0.017667684571132644,0.02754511015154209,0.01948685017666718,0.011043362644388575,0.01721373044692628,0.013205492461827591,0.02282344175898135,0.021293286881128654,0.01659697896315791,0.020836378949685232
1290,0.017672315848568914,0.027584515111937904,0.019518419282283258,0.011045493002739793,0.017236817159701344,0.013208075390701022,0.022860505974020097,0.021338012067999984,0.016609884397120318,0.02086499787298098
1291,0.017664547714622555,0.027613001785082157,0.019548360445621773,0.01105086276691427,0.0172519130385023,0.013193825090291433,0.022877705386805634,0.02137415837314076,0.016615861418696896,0.020865338506885166
1292,0.01765598406356046,0.027635102648969893,0.019571282832429957,0.011057290384564144,0.017265065902451974,0.013183255772642222,0.02289586450586329,0.021410653644698997,0.01662776518379783,0.020868388066067816
1293,0.017658089736117516,0.027655089651846525,0.019581328220198348,0.011062369677993823,0.017282061351222535,0.013180563808131098,0.02290749723234187,0.02142972713263366,0.01663793057916167,0.020879359952338094
1294,0.01768068410048669,0.02768329903450326,0.019582114173902,0.011067705238212378,0.017310273459254608,0.01319715627336,0.022926802442708685,0.02143939446855781,0.016654198889027014,0.020916030906745056
1295,0.017712904061123243,0.02771676808619082,0.0195797461793068,0.011073129717075183,0.017344159069742435,0.013218910973635714,0.02294391908148213,0.02143795686397914,0.016666393679850965,0.020958424106279985
1296,0.017743738196457196,0.027754754843125173,0.019583410972601623,0.011079578016010153,0.0173790430126119,0.013240028973711336,0.022966051353821113,0.021441479771217943,0.01667661475367196,0.02100022359514733
1297,0.017761164186748498,0.02779381982447065,0.01959976249111542,0.01108668317474982,0.017408773906135978,0.01325475331825331,0.022999296579013666,0.021464560227577704,0.016686410138530547,0.02103497177794652
1298,0.01776590187043153,0.027831955277018556,0.019628470897431333,0.011094992022037942,0.017430736392077702,0.013260887959724155,0.02303713270186728,0.021503373953572248,0.01669393031607889,0.021055667788432
1299,0.017774245701424374,0.027876616632610436,0.019669716234761103,0.011109199442405274,0.017450247365087993,0.013265301538563019,0.02307366286198993,0.021549635461912516,0.016702659438541198,0.021064549249203937
1300,0.017790025678892023,0.02791441477060015,0.01970860252971214,0.011125600679322993,0.01745968859107834,0.013273564017677899,0.023099461004167224,0.021591619702703103,0.016714167602346824,0.021061382868776724
1301,0.017817377117896493,0.027938403908508234,0.01973495739719221,0.011142190920127202,0.01745682818458701,0.013293658051031136,0.02311517760019494,0.02162629936138149,0.016734853956539567,0.02105491351443429
1302,0.017851518914700302,0.027953755685603116,0.019749318171415352,0.011159213055924695,0.017451452264514444,0.01331524106720152,0.023115169592574907,0.02164294300152215,0.01675591984997021,0.021044954117858478
1303,0.01788118033225773,0.027961868069750682,0.01975043923539369,0.011174811504063926,0.017451711346042866,0.013336581945380382,0.023115059232117773,0.021650771005729926,0.016781394258922475,0.021049411150939747
1304,0.017899152859639084,0.027969699910531127,0.01974126360004189,0.011189514983895107,0.017468807382285227,0.013346083433687343,0.023112588624567464,0.02164286443445344,0.016802871946376804,0.021069644433962736
1305,0.017901378847448468,0.027977144416650286,0.01972347290643133,0.011201422011217288,0.01750274101645986,0.013349581504139854,0.023123603521548058,0.02163482035899767,0.016827336896956806,0.021117828212114005
1306,0.017901940724389467,0.027992983192726254,0.019711432939812364,0.01121221626208392,0.017547560606096683,0.01335229609781452,0.02314315203884524,0.02163201059873091,0.0168494802465774,0.02117727143793138
1307,0.017908479859808885,0.028014080104032967,0.019711966375965055,0.0112182389009492,0.01758847148135145,0.013353185761305364,0.023153537152918492,0.021629132810490923,0.01685451347293612,0.02121828325770492
1308,0.017923659153554913,0.02803124658263348,0.01972684969870983,0.011213509075187667,0.01760770772542886,0.01336789615569896,0.02316793698665615,0.02164885070003009,0.016850376090701467,0.021240359646569628
1309,0.01794854073153065,0.028052578324707846,0.01975747174771502,0.011204397980243381,0.0176117829395671,0.013385031865700276,0.023174316202121823,0.02167539946464975,0.01683183051177506,0.021234303411134935
1310,0.01796957888163696,0.02807510497924371,0.01978970409257894,0.011196023703668994,0.017608354967001357,0.013403582673988819,0.023191476925349223,0.021712757630867947,0.01681906920156665,0.021227802775990005
1311,0.017972926142253043,0.02809575949798444,0.019808985033406726,0.011193194066902463,0.01760508191684858,0.013405054968777518,0.02320834304965663,0.021736704091774743,0.016810425709329918,0.02122119388095028
1312,0.017955559343398115,0.028119065778561207,0.019811081423733275,0.01120120764841104,0.01761128265926247,0.01338644337662559,0.02323004128689883,0.02174382850237112,0.016814055619641215,0.021226606733108777
1313,0.017924433851307275,0.028135265451275707,0.019797436537137347,0.01121245122480331,0.01761810753396684,0.013358571262072473,0.023251701260572393,0.021738926545335137,0.016825290282191804,0.02123808147123284
1314,0.017897624086777905,0.028144976696937527,0.01978017807021147,0.01122164557455812,0.017621433815616663,0.013332773498293489,0.023261349366000713,0.02172393188342793,0.01683311469900527,0.021241573429563614
1315,0.01788607568026826,0.02813728799129815,0.019763432006415463,0.011218651544549669,0.01760998739051345,0.013325508146737768,0.02325560556618756,0.02170897170153612,0.01683254406871852,0.021230927624160578
1316,0.01789604636629014,0.02812190873495978,0.019757784149585365,0.011207253487500627,0.017590712315666102,0.013334223721366034,0.02323013854285729,0.021694066821527736,0.016819470517543844,0.021202395559984384
1317,0.01790673269326908,0.02809495852088951,0.019755902317542613,0.011191281563527557,0.01756742498207595,0.013346749155872032,0.023197048818016517,0.021685063645423667,0.016803074439322684,0.021170633554660468
1318,0.01790924103167665,0.028072358184161525,0.01976395254078641,0.01118191784937287,0.017556485316951746,0.0133490590591591,0.0231663576645074,0.021685565543863902,0.0167906664251476,0.02114861181086662
1319,0.01789089763924023,0.02805693667626313,0.019779255950823443,0.011183783281411022,0.01756410972656909,0.013333586211311388,0.023151035060517747,0.02170247179770461,0.016791414797936513,0.021150751827752775
1320,0.01785910025104206,0.02804784186806621,0.019797331724191874,0.011194119864615921,0.017583614381223567,0.013307377068224744,0.023149252647689786,0.021729754048652215,0.01680205563338253,0.021170342340556567
1321,0.017827154936854803,0.028042117307549533,0.01981223991520741,0.011206582429265274,0.017603296796754646,0.013278040559601861,0.023147180939943092,0.02175017367509661,0.01680934272035949,0.02118687153036144
1322,0.017808156113494553,0.028036713249676354,0.01981767880686514,0.01121346285099962,0.017611195545463004,0.013260021140527685,0.02314315224201742,0.021757665194483154,0.016807778794988928,0.021190686526823217
1323,0.017807032329493287,0.028029377159180382,0.019810603211263798,0.01121080817926206,0.017601913934093452,0.0132597003961316,0.02313695394799757,0.02175084818751264,0.016796264545550388,0.021178527950781966
1324,0.01781263364864853,0.02801640968102118,0.019791961076884926,0.011201329967841076,0.01757986493024178,0.013264567591604114,0.023122470876520366,0.021728855430623945,0.01677632797381084,0.02115069121676626
1325,0.017817303172445908,0.02800260789443042,0.01976931178576477,0.011191699553173291,0.017555976926675664,0.01326971533227649,0.023110230410846054,0.021707278316741636,0.016762322229905823,0.02112367186959937
1326,0.017808849799152406,0.027984218397881087,0.019743986077153493,0.011183888930032885,0.017535280412857627,0.013254435055890579,0.023081591770331446,0.02167392586919702,0.016746072091905314,0.02108682739506621
1327,0.01778836771013246,0.02795759245456714,0.01971530330893739,0.011173876937704056,0.017517004652370202,0.013232305247024977,0.023053912630592876,0.021645793429294492,0.01673657394712151,0.0210582984586161
1328,0.017769939485939867,0.027927322749120298,0.01968725201465986,0.011157810905802791,0.017502087905505767,0.013213954352948086,0.02302551686032428,0.021619513547402817,0.01672430007799223,0.021036518082978337
1329,0.017759842635601576,0.027886173702169663,0.0196555744075511,0.01112720547054119,0.017484076328097304,0.01320417190932294,0.022985040574956036,0.02158295960679716,0.016693069937142566,0.02101119885624564
1330,0.017766263236544143,0.027839515412619982,0.019625136705316355,0.01108296184128906,0.017464903425815297,0.013215673376736568,0.0229456753921613,0.02154841718075747,0.01664934629713001,0.0209938742796072
1331,0.017775548567892253,0.027785759233461934,0.01959652779309796,0.011036061274349925,0.01744330067912072,0.013236100331576283,0.022907397332762355,0.02151945376044877,0.01660379732255953,0.02098184546852346
1332,0.01777829314500738,0.02773491690263771,0.019578719660126427,0.011004260767037385,0.017425449306741506,0.013243861584039293,0.022859700356291108,0.021490720493228133,0.01656206773929355,0.0209624456187035
1333,0.017759580538788185,0.02768787646485508,0.019574193246812692,0.011001114199420485,0.01741169997027612,0.013235492278384157,0.022822834923900696,0.021485868345691047,0.016551865312128294,0.020951254097776126
1334,0.017719218137690722,0.02764694021686866,0.019579326051812673,0.011024157731087747,0.017400762563530587,0.01319884149526616,0.022779244974226676,0.021483094538549703,0.016557384962859224,0.0209283635742905
1335,0.017670672643253588,0.027613436559894535,0.019582142646075076,0.011052952898811187,0.017387965696483113,0.013152203486467676,0.022740450974122747,0.021477298269069623,0.01656666869183586,0.020899424274727015
1336,0.01762660533244846,0.02758586232330544,0.01956780742826446,0.011063804439141805,0.01736645036633751,0.013114239519770959,0.022717065461835752,0.021461650688648158,0.016565274807278305,0.020868997468467487
1337,0.01760217812694445,0.02756999072989139,0.019531092937191352,0.011040943341582513,0.01733594916598887,0.013204425848519616,0.022897789067801332,0.02160264329414614,0.016673764715284492,0.021007337427802787
1338,0.017588575859639133,0.027555246407038405,0.019479716407006874,0.01099388570514865,0.017296747069711207,0.01314455604531311,0.02280209839323294,0.02146371418709524,0.016557153236322234,0.02088227003989602
1339,0.017578127224942532,0.02754031787501092,0.019435787426211593,0.010946494624721982,0.017258236038954444,0.013151481341343477,0.022815116616822752,0.021434529652432945,0.016521766240963267,0.020859469710200196
1340,0.017555811868414442,0.027512370763070258,0.01941251788790734,0.010917127809814998,0.017222005334747506,0.013118130778918175,0.022760357416023672,0.021374431456751556,0.01646443389006774,0.020788853819224087
1341,0.017521263330129648,0.027473501938492444,0.019417919139723898,0.010915637738155922,0.017194125304315896,0.01306157090423046,0.02267016701079585,0.021321798877153242,0.01641794243751538,0.02070558869946037
1342,0.01748178770792434,0.02742443471294469,0.019432259794108835,0.010927529243419744,0.017171824122690617,0.013033944869456466,0.02262730626271283,0.02133285368446841,0.01642567031884514,0.020680872533657798
1343,0.017449481567365772,0.02737232731125482,0.019436972435654357,0.010938216517437708,0.01715531412337197,0.012980578077893457,0.022528675377166928,0.02128542574950978,0.01639357242580566,0.020614746347170216
1344,0.017430232359695933,0.02731637969490443,0.019409107055088814,0.010930832088769068,0.017139382569739292,0.012964508083445115,0.02247706237226249,0.02125281756837277,0.016378046029448336,0.02059487189798247
1345,0.017424045176207558,0.027264616231738946,0.019355938646711843,0.010907937532954553,0.017124717055542554,0.012959837183755181,0.022433904004774897,0.021199138401333573,0.016349243704976788,0.02058053797097125
1346,0.017421928792151646,0.027222250473599403,0.01929743754957284,0.010880584814830195,0.017110600579316605,0.012955914266232793,0.022395462050757094,0.021136139939468376,0.016312583134374076,0.020563520259612642
1347,0.01741399482587473,0.027194092145724352,0.019253456589366405,0.01085970361605924,0.017095915237935792,0.012945421910334652,0.022364919202470586,0.021082412202395737,0.016278738094869634,0.020541712397138846
1348,0.017388601141375585,0.027172941558184064,0.01923003668196525,0.010847943234150894,0.017073790117741853,0.012930957681961116,0.022355176036933506,0.021060994584491573,0.016262771688379144,0.020524034813265615
1349,0.01736139329821741,0.027166143730430685,0.019228338321590478,0.010843215555724213,0.017052275813675084,0.012912968139515495,0.02235256019785051,0.02105629766244374,0.016252056255123732,0.020501940982680638
1350,0.017333688958906253,0.02715424719050601,0.019227840209695608,0.010830391952880311,0.017023592456596712,0.012892852686835819,0.022341632647979698,0.02104866817877746,0.01623083473151858,0.020466533777040656
1351,0.017311116691282925,0.027126194131712168,0.019214124467013823,0.010797592079323794,0.016985098029693238,0.01287722321816345,0.02231767053065588,0.02102868431404142,0.016191072079569685,0.020418615551757863
1352,0.017293491152466128,0.027080101244990423,0.01918417246154567,0.010746605973147492,0.016940050959878224,0.01286540217475325,0.02227890318480643,0.02099316889595046,0.016134399126741476,0.02036225115950298
1353,0.017274938991475777,0.027023631067935903,0.019146805547085855,0.010693423178466157,0.016898042737647723,0.012851499095053304,0.02223022750988885,0.02094888617804117,0.016075189606654612,0.02030842931840552
1354,0.017248778419813416,0.026965174595707807,0.0191117660640735,0.010654846150790305,0.0168692971091237,0.012831681648505431,0.022182058798553585,0.020908222285344,0.016032341026608266,0.02027342609121687
1355,0.01720982190025167,0.02691199800942947,0.019087308715100407,0.01064426698883017,0.01686125229809837,0.012800632484577003,0.02213890640449094,0.020877741065050456,0.01601767361776521,0.02026531911205986
1356,0.017163201622017378,0.026862920391105362,0.019070977744953393,0.010654937037801567,0.016864074551046354,0.01276640545331967,0.022104447277938744,0.020860481043435627,0.016026378681189363,0.02027503326258103
1357,0.017115529191836693,0.026810869193076806,0.019054341565431385,0.010671511332518268,0.01685981083666462,0.012729441900867363,0.022061321946530498,0.020838514708878517,0.016032560724922186,0.020268085434026674
1358,0.017077925410084283,0.02675667300756635,0.019034539181064847,0.010681151311208323,0.016835349770414947,0.012708845971481928,0.022025571621353525,0.020825411036104167,0.016034175024850564,0.020240411005043698
1359,0.017052007635522958,0.026696701439819212,0.01900720808184253,0.01067481094913983,0.016783886218667065,0.012692209960228596,0.02197025993452958,0.020793887299176788,0.016004238933549728,0.020161829991621603
1360,0.017034007884594943,0.026636326984342217,0.018976936194797688,0.010656646973123934,0.016719293438163366,0.012687547158759782,0.021923133749643834,0.0207677579319022,0.015966454080435556,0.020074487803528905
1361,0.01701861143946748,0.026581043270204177,0.018948416780946394,0.010631274517293123,0.01665632101582885,0.012681475995628395,0.021877714039134494,0.020738324465713706,0.015920447448890797,0.019990284504072878
1362,0.01700013094902184,0.026535480440426806,0.01892548138601089,0.01060256728364664,0.01660801849042835,0.012667158586894739,0.021838305855015214,0.02070727361380085,0.015873404439905408,0.019929120553796795
1363,0.016974928807661056,0.026495997319148597,0.018904814242919617,0.010573444263305903,0.01657449666159956,0.012646023198879941,0.021807344896287096,0.02067723205065007,0.015831766333166054,0.01989556525929238
1364,0.016948349351504962,0.026466343320583275,0.01888733083545176,0.010551278067996129,0.01655557557418972,0.012618934002408879,0.02177680723978532,0.020642364469969785,0.01579494810663285,0.019876086915473098
1365,0.016911170843291804,0.026428354314060935,0.018857707849301426,0.010534385867028076,0.016536388758336268,0.0125927035200628,0.021749693968748093,0.02060703441040092,0.015770400676943443,0.019865711475724343
1366,0.016870552252795705,0.02638877829388799,0.018819878111331956,0.010527415462963284,0.016517748609921574,0.01256600500473193,0.021717099916280718,0.02056445100203616,0.015753675551388936,0.01984968290039577
1367,0.016834398644100773,0.026351786777931496,0.018781436433066543,0.010523952774180927,0.01650086004693953,0.012541490545906605,0.021681577106360227,0.02051952710716269,0.015738940787502795,0.019829588207260045
1368,0.016800707801407997,0.026305655606102075,0.018739641684196593,0.010509092277331643,0.01647698134146001,0.01251350697836076,0.021632606342865617,0.020464978429573333,0.015708951932193432,0.019795649411478343
1369,0.016773425468829234,0.02624889305160125,0.018698713483427096,0.010472127211100978,0.016443128225797212,0.012489662988386876,0.021583329565256264,0.020415776778440795,0.01566402550040346,0.019758730849358412
1370,0.01675352692493917,0.02618530332361927,0.018661528709506523,0.010417813851218961,0.016401123693977792,0.012462618531861936,0.021522450128922413,0.020360812216969414,0.015598270516190326,0.01970707462612533
1371,0.01673570528634782,0.026119205488485887,0.018625916998617993,0.01036470457040858,0.016354832785012444,0.01244000571944088,0.02146605382000638,0.02031166884738716,0.015537214733304185,0.019653946104043227
1372,0.016712051318503705,0.026052627455545846,0.018587171597346536,0.010330921495384351,0.01630628616044519,0.012415732356198592,0.021407642096021917,0.02025797832552204,0.015490443416745683,0.01959110763797142
1373,0.016680194090385018,0.025994440090526205,0.01854653717581213,0.010332801421122258,0.016261784286114713,0.012394697114030614,0.021360111391094963,0.02020873685187888,0.015478088655519187,0.0195290535595097
1374,0.016638812770232516,0.025938558880770343,0.018503725873426902,0.010356179129987965,0.01622074580220606,0.012373211156124669,0.02131793406238983,0.020163185839536156,0.0154875736677331,0.019470916838699757
1375,0.01659021384625659,0.025878599350496093,0.018461524118462816,0.010377883245931507,0.016183216397322456,0.012343875400701613,0.021267678420310063,0.020115913356611104,0.015493661704372521,0.01941584952014133
1376,0.016536067731705354,0.025807572045971235,0.018422165969632767,0.010373645951453915,0.01614834641867779,0.0123061699412293,0.021208149244811382,0.02007302258765734,0.015479376759808854,0.019373381178632732
1377,0.01647712572857161,0.02572265767388703,0.01838585758448153,0.010332946171770687,0.016113706197099002,0.012258817908570304,0.021137438981702398,0.020033502807817117,0.015434150731124134,0.019341916042738754
1378,0.01642283659351707,0.02564344242564183,0.018360379373232007,0.01027604022073179,0.016084566653637673,0.012208390653978133,0.02106721637537953,0.019998473900844634,0.01537024598877974,0.019315664610949728
1379,0.01637272753313258,0.02557480629808179,0.018342027353296927,0.010219641321605058,0.016056495625499084,0.01216470079296533,0.02101444131173018,0.019973147499337315,0.015305474765419783,0.01929226347231079
1380,0.016330750878748423,0.0255269568369521,0.018331289239276898,0.010181442542309821,0.0160288887409677,0.012130737734259305,0.020983004394521935,0.01995166507677659,0.015248852031841186,0.019259330796248822
1381,0.016301123153286457,0.025497072886670077,0.018325891783594398,0.010165008786683347,0.015998520805892407,0.012110823104333326,0.020969655947234198,0.019934644789620204,0.015209806719847592,0.019216586420814686
1382,0.016275476166946846,0.02545597068163162,0.01830820460524901,0.010159612716808262,0.015948447987811615,0.012095721963470474,0.020942758461399993,0.01990303427776798,0.01518087267437334,0.019147133184376712
1383,0.0162532533325811,0.025385674907704055,0.01826925559868315,0.0101592182583114,0.01586973067416957,0.012084586678733843,0.02088401981882838,0.019852046921607545,0.015165680510602552,0.019048351800052443
1384,0.016226832906492617,0.025272040881215097,0.01820006053087475,0.010153995753602095,0.015757977747609522,0.012072712287548882,0.020783752783465052,0.01977675737302667,0.015158131522570655,0.018921515414625806
1385,0.016200311968140247,0.02515569403608446,0.018124862342030798,0.010143446442638954,0.015644429045180507,0.012056043615695296,0.020671125461555206,0.01969031315241479,0.015143860971579971,0.018789212072884427
1386,0.016162876915071872,0.025061260858224348,0.018056271462066998,0.010118141082988766,0.015548502663492227,0.012031144067132609,0.020583807396006758,0.01961314969054761,0.015110485492153394,0.01867720229591629
1387,0.016110171935267446,0.025020941023821422,0.018013602063038144,0.0100728871523223,0.015492956141660158,0.011991794091523397,0.02055183717979318,0.019561309951650795,0.01504397366029054,0.018603542896479763
1388,0.016040976829918018,0.025017629284118877,0.017989906069490767,0.010009188664278506,0.015470987168597712,0.0119424977479667,0.02056779985890941,0.019534245539024823,0.014950574888328606,0.018568098372786074
1389,0.015973776358922748,0.025023283921991848,0.017978020074668095,0.009945069234090661,0.015470217941749022,0.01189401687702003,0.0205925613815025,0.019516855267457726,0.014851303687489983,0.018555154184548235
1390,0.015912502612262732,0.024987559652432545,0.017956514187242548,0.009890607127229641,0.015463738813534357,0.011851133773508923,0.0205774101735539,0.019488739523552026,0.014764436613580461,0.01854056900870207
1391,0.015864189297502593,0.024883529432496273,0.017916527158595753,0.009857091017066314,0.015434984273170957,0.011818651299394781,0.0204927247375436,0.01944132590057211,0.01470895200768965,0.01850844507720595
1392,0.015822266975080733,0.02473274149133964,0.01786113598559913,0.009839238255503186,0.015385106308864884,0.01179542127117223,0.020369045686755856,0.019384852245163026,0.014680747501068628,0.018463875446038454
1393,0.015782096666905603,0.024578107837275393,0.017802200940585697,0.009829421483049206,0.015325127340126974,0.011771812110578315,0.02024062519368753,0.01932201922414991,0.014659135814707892,0.018406187076600668
1394,0.015738855374219953,0.024463818133943372,0.017752847638212256,0.009819178153044972,0.015266606156734149,0.011741548201679415,0.02014929872374616,0.01926342924110462,0.014628227113532342,0.01834132904363465
1395,0.01568996304816148,0.02440293267731119,0.017719897698446046,0.009805518646576087,0.015215726887735452,0.011707526182151607,0.020116321355899962,0.019224790090170547,0.01459070328684706,0.018283021222395154
1396,0.015628189255357,0.024353417614348057,0.017691192291540342,0.009786634823177027,0.015162821156217875,0.011658323193917068,0.020087957328010615,0.019181899546875745,0.014538131607796835,0.018211450608128118
1397,0.01555351031625239,0.024280446992085397,0.017661204187202784,0.009763419848397436,0.015103520074139884,0.011602851561724692,0.020041145592701808,0.019142211766850582,0.01448609128904633,0.018136456241147826
1398,0.015467510928308526,0.024159014271140186,0.017626298611895633,0.009736413081415825,0.015034497208694125,0.011536541224579441,0.019937919677707163,0.01909164524550778,0.014431149063626199,0.018045977664387782
1399,0.015374661194460702,0.024006967522263212,0.017587953053411275,0.009707402399900105,0.014955562958427688,0.011467398693028829,0.01980551791012979,0.019041217687873004,0.014379291246552788,0.017947218550204466
1400,0.015279018933541708,0.02385390683826818,0.01754798100594361,0.009676564268329756,0.01486634932765559,0.011399469204347536,0.0196783383987475,0.018997189724536727,0.01432889219931993,0.017841108855945396
1401,0.015191085396718422,0.02373808149945475,0.017516016587440283,0.009646069321903194,0.014772823649932635,0.011335212369920397,0.01958810732784233,0.01896085171497706,0.014276107799087999,0.017726051989711902
1402,0.015113889930878834,0.02366650442005801,0.017490673823847357,0.009612945319770362,0.014678282310420574,0.011276927754789877,0.019538762623097644,0.018935643335662,0.014215363645291518,0.017606270368106282
1403,0.015052260995837882,0.02361954968584194,0.017468579108332754,0.009576329486885138,0.01459493795585168,0.011226396001393904,0.019505482654433918,0.018906458426183763,0.014145543893120225,0.017494989335766434
1404,0.015003857469441597,0.02356639847156885,0.01743880127203554,0.00953071994013344,0.014527850879413712,0.011193064399251877,0.019474969944718746,0.018874941795083124,0.014074757653111863,0.017417126996960432
1405,0.014975702887679522,0.023496492600397868,0.017403572830921015,0.00947682010139575,0.014489496014902195,0.011175428420143541,0.01942095105091182,0.018827923477769532,0.013998131755615845,0.01737818627464136
1406,0.014958521350798833,0.023408424413626693,0.01736036427358797,0.009416446421322482,0.014469769816309196,0.011166412601291201,0.019344316040200444,0.018764882541360682,0.013918606523459767,0.01736542000930015
1407,0.01493912509034697,0.023313491950457777,0.017309355198476258,0.009355353369709276,0.014451558114313375,0.011159627591043062,0.01926705620964249,0.0186981222517003,0.013848358629482575,0.017362695341428036
1408,0.014910240146379075,0.02323172528530587,0.017256739574418988,0.009302278478197838,0.014423945104382411,0.01114038249079716,0.019196260154676858,0.01862533237935278,0.013788901344017345,0.017341805830308928
1409,0.014870448966884836,0.02317519099916002,0.017207902922543834,0.00926338130451668,0.014381989084018935,0.011109423200831742,0.019148345844698576,0.01855898702821216,0.013750031754630255,0.017298562882708004
1410,0.014824199856301849,0.02312710469872355,0.017159338548238312,0.009235105755634828,0.014326649207319268,0.011071650516022742,0.019108193264660643,0.018494725240325645,0.013722396071575198,0.01723443065129051
1411,0.014783681693654913,0.023077673952658997,0.01711462992775829,0.009216474051208436,0.01426635314825538,0.011036062537061204,0.019062487137154346,0.018432264002835017,0.013698261875033913,0.017157095962193666
1412,0.01475884344438441,0.023015474356679104,0.017075578655457883,0.009204853358371455,0.014208086852141713,0.011016846128241851,0.01900862486437175,0.018381191178059288,0.013676998522309016,0.01708357857389296
1413,0.014750325577499718,0.02294428344660754,0.01704341844394382,0.009196054964711336,0.014158319684594392,0.011010180423758606,0.018942038148295304,0.01833413607209507,0.013649252841341967,0.017017136712593174
1414,0.014749843638342267,0.022876849741198895,0.01701682725360928,0.009183268890063856,0.01412091192530402,0.011014417807612179,0.018884375699726008,0.018297349728579028,0.013618542401343414,0.016974551704229093
1415,0.014752988765003364,0.022832567434988633,0.016999115838829383,0.009160976201351083,0.014103254599322376,0.01102195950480544,0.018847621248532193,0.018267440073765323,0.013580289142540159,0.016963230591225866
1416,0.014753139921677474,0.022820212981426422,0.016988722197659185,0.00912356058098034,0.014106345253654699,0.01102566118428389,0.01883778639586018,0.01823964612128948,0.013531071731946969,0.016984505543142854
1417,0.014744543950189546,0.02281905826712133,0.01697556443272281,0.0090753958362303,0.014113173704912095,0.011023250327083197,0.018840507779606608,0.018209130143862048,0.013479817470084752,0.017016944884059797
1418,0.014725990655314923,0.02280723268785656,0.016952326940421047,0.009026596503469802,0.014104910996307177,0.011014526445130101,0.01883756396347551,0.018173152603739647,0.013441309194765534,0.01703258504196761
1419,0.01469396780159633,0.022758578611478262,0.016909131921755374,0.008986006450143818,0.014059171348645696,0.010989288531137282,0.018793200627268476,0.018113518751739385,0.013419287753916773,0.016985827109905864
1420,0.014653338240387998,0.02267294382954111,0.016849258029745722,0.008957152728817948,0.013978528592306574,0.011018181493718401,0.018820752910264183,0.018144741513894103,0.01349471209764852,0.016980931014641792
1421,0.0146185516959793,0.0225798680588606,0.01679020576238555,0.008937056938197088,0.013893137615624386,0.010926165630724871,0.018626160925030607,0.01797516128856618,0.01342212195825627,0.01677118207172656
1422,0.014605089103458785,0.022512629064731494,0.016750151392538173,0.008919912779053794,0.013834737021421583,0.010909983933755208,0.018552125387777587,0.0179248320240093,0.01340599635889223,0.016684098128369074
1423,0.014624537444845029,0.022499969673004654,0.01674401731633733,0.008898783881340666,0.013828999237799233,0.01092383426660158,0.018528934230131543,0.01791641184596165,0.013359380475710643,0.016670330387107316
1424,0.014663371079480491,0.022529866540303603,0.016767081698933872,0.008873685109885641,0.013863864628420397,0.010951266158618399,0.018539177736765687,0.017933686282129303,0.013284547953613154,0.01670646333785595
1425,0.014696709434620656,0.02257214250043831,0.01680606371988257,0.008846667737517378,0.013910715281998165,0.010977750965154527,0.018569618467093957,0.017969427389735736,0.013208670329166259,0.016763551964550438
1426,0.014695156082439603,0.02259024680447051,0.016843577211874745,0.00881724239214903,0.013933361191828472,0.011005948260013906,0.018636843462095518,0.01804647592001089,0.013184098615458443,0.016834088759114876
1427,0.014645956475547004,0.022565890022838125,0.016866136830908478,0.008787411336527547,0.013910557047801227,0.010940181560545749,0.018581279928116604,0.01801121479130245,0.013121774784423381,0.016759835322490008
1428,0.01457250125345343,0.022521941120470738,0.016872685389624605,0.008767410183526626,0.013859035120721997,0.010900281954602752,0.01858964281611869,0.0180337004540465,0.013142175327726761,0.01671940972158447
1429,0.014504787890959934,0.022488129638707315,0.016863107436678883,0.008768536638488082,0.013802238119683717,0.010829325059384854,0.018544286026395507,0.01798708590368271,0.013144340392988571,0.016622086760543133
1430,0.01447192684296287,0.022492122777639366,0.01683732239600517,0.008798784849354577,0.013762754710451809,0.010799712861263567,0.01854722064222504,0.017959119198612518,0.013180967600286675,0.016574879524554297
1431,0.014475768288823443,0.022530612077263975,0.0168025953971954,0.008847619338413925,0.013743930312033291,0.010816284408001411,0.018601862384851977,0.017959604961498565,0.013245735614305643,0.016584471275007465
1432,0.014503754790305069,0.022584177047343824,0.0167702073369681,0.00889472419914407,0.013739147792349879,0.01082696583252609,0.01862255253384824,0.017921888256924094,0.013274093754860229,0.016572474409395827
1433,0.014539232919871107,0.02262754793986088,0.01674983839668283,0.008914989815427462,0.013738354421422783,0.010900751431360673,0.018732633311435844,0.01798337368637881,0.013349604399879153,0.01664613419381816
1434,0.014573393117865688,0.02264916286576031,0.016752658165918508,0.008897554268854947,0.013739275284836238,0.010889428472435762,0.01868208041101446,0.01791841861923935,0.01329578310814412,0.016584871470475708
1435,0.014606010600895529,0.02265596811564879,0.016776967433033377,0.00886594353456239,0.013748690278031677,0.010900703419858555,0.018661803123347035,0.017909465622156538,0.013267209957410367,0.016570681720110912
1436,0.014634063991937028,0.02265474771297081,0.016814648411335623,0.008851653535854934,0.013772567494939204,0.01093209827886218,0.018676443499105654,0.017957040334009015,0.013291533205367278,0.01662289219222824
1437,0.014658963515182649,0.022662837015650215,0.016861854720900783,0.008892269007680819,0.013821247209358489,0.010938950518268096,0.018662022981408212,0.017993676860980346,0.01334835198056852,0.016698108031496284
1438,0.014679697740540527,0.022686583097720706,0.016908697890557843,0.008977916559844179,0.01388688720763328,0.011005167919111008,0.018767992974719493,0.01814838797618425,0.013526362479568035,0.016911859661210588
1439,0.014701841322021859,0.022737757940186728,0.016949456197175236,0.009064436853339441,0.013955483974452908,0.01094952600919977,0.018687768131545636,0.018101660621483138,0.013550735602448072,0.0169444812644626
1440,0.014727341209848182,0.02282640044555753,0.016971707173864682,0.009090541268799457,0.014005769083879346,0.010947033033991981,0.018726376072583338,0.018120063486027734,0.013572551749489705,0.01701696931612056
1441,0.01475877166088744,0.02295957186548586,0.01696748974895468,0.009005297552724325,0.014022001838917605,0.010955213672387307,0.01881454056199414,0.018116817625769787,0.013487619897324069,0.017026921216831952
1442,0.014805507191234876,0.023124781576676984,0.016955311104033016,0.008842877595421555,0.014021076520422861,0.01103997910184308,0.019041034781122283,0.018202416360307314,0.013402691464015612,0.01708999804000043
1443,0.014878320691469235,0.02329426034048256,0.016961243592481634,0.008675203379160683,0.014029328126493046,0.011012988221734283,0.019040562743336823,0.018072682574445054,0.013152679571343105,0.016943701996347694
1444,0.014982425228532527,0.023416757082600465,0.017006934808641492,0.008599902662920302,0.014071227630105123,0.011099390542164621,0.01914913262713409,0.018107714964386373,0.013105586250294331,0.016973775699650626
1445,0.01511879097405193,0.023475732462083825,0.01709848855755102,0.008654098048436523,0.014158017892969154,0.011213643951719287,0.01920292206427711,0.01817624006084207,0.013197236491262636,0.0170721963799123
1446,0.015266128793086963,0.02349262782400328,0.01720732857577791,0.008769678883068528,0.014271385121002953,0.01133995288794821,0.019223349242078636,0.018269341403018783,0.013359628030840731,0.017225199045377067
1447,0.015390415621674277,0.023510215638920296,0.01729291509425445,0.008849865588064018,0.01438574187796351,0.011435367219469273,0.019226027418297792,0.018351449514803764,0.013482981477215284,0.017388170952202193
1448,0.015458968820384793,0.02357798818622906,0.01731257083399973,0.00880573153314247,0.014475786916951902,0.01146354330850136,0.019242790154418925,0.018395051801856268,0.013474692709671334,0.017523900918377407
1449,0.015492658845016575,0.02371106571038097,0.017288738055510986,0.008673751357982871,0.014553621262935372,0.01144959717671164,0.019295554999256354,0.018419220614240703,0.013371071674492453,0.017645635818149864
1450,0.01553141089443408,0.023915421968158584,0.017280918551058642,0.008543124122870843,0.014645905703015319,0.01143499432629744,0.01939775115705664,0.01845893863675446,0.013255400416563316,0.01777185399656808
1451,0.015812910575987337,0.024919901106370525,0.017539678893627498,0.008687266787910847,0.014619483841573286,0.01164441602079868,0.020330294170769984,0.01876273012205597,0.013449695700063009,0.01771652099275952
1452,0.015931772140865236,0.025250125882579445,0.01775139933834834,0.008854199172823816,0.014788069504420034,0.011733378069762351,0.020603455759359138,0.01897883376282433,0.013636180168424501,0.017890509237653455
1453,0.016122877530992907,0.025584642272477004,0.01804447947935954,0.009153132947579148,0.014995491913913642,0.011911197066208086,0.0209228710930391,0.019273283401477298,0.013975691844910104,0.018113371821119176
1454,0.016397291032298734,0.02584974742892014,0.018337137548034763,0.009473579003812843,0.015221453201771986,0.012163797268752606,0.021177940510178694,0.01956291848215655,0.0143522636111059,0.01835948129412475
1455,0.016737139737700562,0.025986758508644448,0.018543396800873368,0.00966564106097871,0.015437394851828384,0.012446918034148657,0.021275116038223196,0.01977129702736586,0.014623911588640449,0.018596815761431622
1456,0.01708087972319022,0.02606098772066684,0.01867693935355213,0.009715322540977992,0.015627528177658313,0.012715161366504052,0.021301182900234687,0.019936526140034234,0.01478827473284683,0.018829990747157778
1457,0.01732838278154716,0.026193518804967245,0.018798390654514285,0.009688536191149432,0.01576604662536441,0.012892112309465121,0.021392758208522326,0.02012489352713218,0.014898993687751697,0.019034289018805783
1458,0.017320662679553546,0.02651163910984098,0.018975846307964336,0.00967490599878127,0.015791958671835953,0.012816375271043514,0.02163410446422402,0.020360403717742528,0.014986948188556603,0.01908536391730487
1459,0.017026801613055947,0.0270623412479039,0.019238388869990145,0.009740947319297985,0.015710817266893096,0.012470919899381901,0.022084650431965384,0.020676135700383118,0.0151075193031054,0.01899534387918923
1460,0.016687062382941882,0.027743160895957804,0.019538102294310244,0.009886952701189507,0.015656594164108802,0.012087667221025918,0.022676328497999085,0.02104112063970576,0.015294240754583662,0.018957630923278877
1461,0.01660171769034988,0.028340674200947987,0.019771896884467278,0.010070242775166438,0.015752287721021347,0.011918346003513916,0.023170294625319228,0.0213281669306527,0.015530375193212653,0.019082951897491967
1462,0.017059986344776814,0.02852607260288608,0.01978120573751301,0.010249961537732341,0.016088246092892944,0.012224093692204282,0.023246333734509673,0.021404391075879638,0.01583825670935043,0.01946011964863811
1463,0.018071224258245536,0.028339563470664866,0.01963237406313859,0.010505069371056846,0.016741442745717285,0.013028814068658532,0.0229424994266348,0.021335776860312395,0.016262433575954468,0.020210068394570357
1464,0.01934770592668015,0.02808201010952632,0.01955349447706917,0.010823535536617319,0.017651404573878513,0.01409992749745986,0.02257135817960638,0.021344089129163118,0.016723024266246375,0.02129754997197324
1465,0.02025182599337189,0.02811376903933206,0.01981435832247629,0.010914685325872328,0.018429636365739646,0.014874062448003045,0.022495434446886804,0.02171248233013544,0.016911891448182982,0.022207058908011373
1466,0.020281690726919495,0.028694912944734714,0.0205622973028237,0.010703157865968071,0.018766237415021682,0.014876158846026775,0.022944502050427338,0.022560921378191854,0.016715654417740346,0.022485543772335533
1467,0.019749186114653598,0.029765430281906802,0.021627155012017944,0.010719917626517982,0.01891675693559263,0.014397129263894384,0.023911375592941913,0.023701590656800053,0.016646384777496633,0.022540729716169126
1468,0.019160377856126693,0.030990054656099428,0.022639036817935762,0.01115965199212525,0.019058814535547922,0.013893454606491917,0.02507199655399527,0.02474870375430928,0.01700197935046274,0.022660291319576767
1469,0.01893255032390742,0.03185014882486771,0.023134382607488145,0.011696718326866126,0.019105550918969184,0.0136972165965487,0.025850705325666416,0.025223371397431086,0.017678300504850794,0.022691328580401855
1470,0.019133014436108056,0.032343156651037715,0.02315303024083841,0.012362959097050428,0.01917433715776634,0.01385204455717087,0.026258550574086454,0.02519985063742757,0.018651486127347752,0.022796976814626176
1471,0.019660764343938066,0.03281125630599896,0.02307083076977591,0.013226065089138062,0.019455913493298404,0.014272584551919355,0.026687913706618164,0.025112163919298644,0.01978322106889803,0.023233132634058087
1472,0.02036598009265649,0.03337387923474463,0.02317587153924367,0.01353297672790354,0.0196787123856437,0.014832271258476745,0.02728334830524058,0.02534677347145991,0.02027276968009427,0.023571002134537895
1473,0.02120962986228149,0.03402030765791474,0.02367152754474057,0.012778150370416698,0.019679847090413708,0.015521406561742924,0.028016777490068652,0.026145064388704516,0.019596853160998212,0.02358858935020511
1474,0.022232159050288944,0.034916935650285655,0.02460499377703447,0.012185197948820005,0.020024637643386082,0.016395372954907478,0.029014939551420014,0.027429346872916493,0.018893713192851762,0.024144108333618044
1475,0.023034031166617834,0.03605009694634585,0.025693641544656618,0.01255458854160983,0.020648039563368963,0.01705292987943742,0.030180677924806644,0.028790074847327464,0.019088173330637247,0.02507126910872248
1476,0.022983735838419922,0.03712170973563492,0.026391318534389578,0.013254919106882394,0.02086647755996443,0.016838627524484107,0.031065887625741896,0.02956417421254006,0.020054760117745714,0.02522719540074053
1477,0.02243464128317473,0.03796378246910294,0.02670769109783138,0.013959620831223853,0.021269974569470006,0.01613873205801376,0.031541858299924126,0.029768910382255244,0.02148837364327,0.02557261034941918
1478,0.02230025987150184,0.03859637391459924,0.026964855488376332,0.01498304431733952,0.022716570855326513,0.015926302315255908,0.03178073868355848,0.029801495764220746,0.023158393527987965,0.027472529299254887
1479,0.022680313219059493,0.03869746455329561,0.026972166201001777,0.015553848120872144,0.023838863172784226,0.01631346833462139,0.031606658755190524,0.029635410855654902,0.02390643047267036,0.028813669589827746
1480,0.023835792127824756,0.03794504980853434,0.026842725997887923,0.014511590627531013,0.023377684347786483,0.017568020266982287,0.030765954962570848,0.02952626292850479,0.02250535435531686,0.027699373592708073
1481,0.026557891580607073,0.03698052224088176,0.027615314974756108,0.012953535071978647,0.023618620307906322,0.020481830721644913,0.02988620642193142,0.030409805788595878,0.020218654077624836,0.027708278434974015
1482,0.029552338059749775,0.03643831676393548,0.029009077348047748,0.012065186687616554,0.025390630332340736,0.023595781417698473,0.029485490074593983,0.031926730203152696,0.018575453097446255,0.03022174718701096
1483,0.03005353550339372,0.03667323046955257,0.029327644176428247,0.011916902485801876,0.02626417606410189,0.02409434709538369,0.029719287207107484,0.032365928391939476,0.01830948130088941,0.031461439518164845
1484,0.028062270641682045,0.03785111734550171,0.028545501768207665,0.012850794626351794,0.02568415622020649,0.021998305699096266,0.030808088121321197,0.03169839208771968,0.019771381325408833,0.030588903264600273
1485,0.025878360552562808,0.03965386211124909,0.028228389210179776,0.015112906772206749,0.025335448431060677,0.01959934917317682,0.03251958828490163,0.03142607376047663,0.022665683240931288,0.030153327905644206
1486,0.024744142222634873,0.04101387345603714,0.028969389741842076,0.01732400595025496,0.025408746825852348,0.0182554239899281,0.03371516699268082,0.03218568040641846,0.025392770572359058,0.030385345886558182
1487,0.024277622901741944,0.04094006294580736,0.03005435122577268,0.017899136336658374,0.024722053570405536,0.017609651160258102,0.033318781017739704,0.0333707200171457,0.026253936389839326,0.029365451042552705
1488,0.024327470951893984,0.04020246972418612,0.03104103845832118,0.017212975058547558,0.023734684072692414,0.01747759244196444,0.03224941756177904,0.03450098510869891,0.02565522977271928,0.027788800381449538
1489,0.024962224088523756,0.039715778276161344,0.031823482961032656,0.016078957031551645,0.0233647447656592,0.017928733336826142,0.03160541322592151,0.035415304023312166,0.024523294452961433,0.027169212953839502
1490,0.025563505539410367,0.03974003671701488,0.03214881548078728,0.015017027653142797,0.023519727248097436,0.018295576997278608,0.03157904903553369,0.03578353525577009,0.023487812554358903,0.027413330291829466
1491,0.02571308017718092,0.040173529078671215,0.0320421787157858,0.014453023977582892,0.023980306309759353,0.01820537609874294,0.03198130630959064,0.035610714236775864,0.022940247180620262,0.028160737949030217
1492,0.025547700126133277,0.04085217308497043,0.0318526919400461,0.014576758006997816,0.02480982046225211,0.01796554654593599,0.03273482331273454,0.035354076600437156,0.022994556722899632,0.029513029643620178
1493,0.024865740879088917,0.041348765294214794,0.03175721217259613,0.014938548897353656,0.025410831038659244,0.01748920165682975,0.033398695051297306,0.03527985343210794,0.023258929288061555,0.030529566147468077
1494,0.023431936084892715,0.04128190506552849,0.031900279702007504,0.01521165772171211,0.02517087081984238,0.01656951604822139,0.03354922593912242,0.03558472229622037,0.02342911820671694,0.030286733208343204
1495,0.02205330707431772,0.041109609081638375,0.03237600615246588,0.015789254163331285,0.024833585119732205,0.01579760862637253,0.033600047740056524,0.03623014269043339,0.023765037407335092,0.029833495213492503
1496,0.02159041344222617,0.04119894286632927,0.03284585464772569,0.01641008698942827,0.02503126385461642,0.015742367767178477,0.033815046339147704,0.03680160163994731,0.024065113929447757,0.030006425949720136
1497,0.02244087293870098,0.04151858699309352,0.032645906196067824,0.01619280963045349,0.025626689151196418,0.016445992330944195,0.03395560739737833,0.03657932530996431,0.02361856456272793,0.030465799969559754
1498,0.024496354410770103,0.042074403514265155,0.031960421810655705,0.015674504703527128,0.02652263394817198,0.01780527080292726,0.03405781952246915,0.03571404261488567,0.022954730248885922,0.031159754879361106
1499,0.027017958540413476,0.04288435410361595,0.031631567471879986,0.01591803154304245,0.027723539643639307,0.019464333463773884,0.03439595398267506,0.03507861632333107,0.023096278678578535,0.032412136062868954
1500,0.028755883168921265,0.04355188050031719,0.03186879355131027,0.016157657872290537,0.02860791568276103,0.020583690494223907,0.03474444089050719,0.03506838583691766,0.023583959638737072,0.0335902637174516
1501,0.028761866139188928,0.04351076377026408,0.032435573577191665,0.015815869785039776,0.0284336458564025,0.02058402006615824,0.03464240017954825,0.035712796500986806,0.024115177102728536,0.033766230407169674
1502,0.027958280554144593,0.04308121212121298,0.0333474830749568,0.016976123029045633,0.02779526250314096,0.02023638663498061,0.0343830526191478,0.0368842678608114,0.026082811903565324,0.03352094126024346
1503,0.027059149884475442,0.042719732735261154,0.03431128133697401,0.019608230736149063,0.027282554939349883,0.019921815566840584,0.034354136597089434,0.038081870350704844,0.028992254674768334,0.03334185096698179
1504,0.02575067897039095,0.04250086255836639,0.034297353309217356,0.020521066898165113,0.026697667025706744,0.018963169388676728,0.03444443074452705,0.03815872194644998,0.029799016209200006,0.03254683175951348
1505,0.02436940687791608,0.0424500757223476,0.032843426146800435,0.018589600684940817,0.026110585342823008,0.017597961478622005,0.034635267766504746,0.03664318405421638,0.027461949309467167,0.031153196081564513
1506,0.024185479744633472,0.04252621676894763,0.03072050038108886,0.016355106700062173,0.026177360481695288,0.01730292347678089,0.03492571141171404,0.03433825901056568,0.024563347329511643,0.030510771482424245
1507,0.02493118542029168,0.04217304823658927,0.02854973210929714,0.015765620684879914,0.026733219323987898,0.017918268805541,0.0346260802240584,0.031968126630902545,0.02324004476756732,0.030932236415432558
1508,0.025158166433477933,0.04101205408394377,0.026656068365862543,0.016129554078111084,0.02706298043205838,0.01801974887428713,0.03321177616235822,0.030003335459066985,0.023409248273985654,0.031765844873455074
1509,0.025207619545245637,0.040140691923742575,0.02565367779946742,0.016713474065006406,0.027389207265307747,0.018060268365687634,0.03210223600231827,0.029054614671214403,0.024316354550700862,0.03307565894052258
1510,0.025607857375885796,0.04010916877570763,0.02591752153353395,0.01744059912510658,0.027664871706804685,0.018635247232087277,0.03202592763217056,0.029386037825514022,0.025506543297690587,0.0343073013205881
1511,0.02524421112945619,0.039848240924849884,0.026961721151780447,0.017467761881817253,0.026664139169439608,0.018573058763428914,0.031624439209658545,0.030463068312747678,0.025869630196402704,0.033340503500955056
1512,0.023595031289953345,0.0391265182359748,0.02828381766392229,0.01662416594155401,0.024118797590592843,0.017267378273565944,0.03063668607211063,0.03177064598908914,0.02512528036109637,0.029676168514741773
1513,0.022053799396228663,0.03916028763396949,0.029769702518541503,0.015872380161259584,0.02183432093055937,0.016033155308133366,0.030717120487204243,0.03316032180447017,0.02423989567907667,0.02601776269521841
1514,0.021465565940972323,0.039700407375668254,0.030908499941160815,0.015166855691520322,0.021242630292452335,0.01553501900467381,0.03157473115797024,0.034135420337552125,0.023354464047318856,0.02469018316779314
1515,0.021854662565427084,0.03939994117089713,0.030860996310226946,0.014240645012443846,0.022354549902080398,0.015552250012539409,0.031454152146963066,0.03388132986526203,0.022390666501472076,0.02598996483760895
1516,0.023496812692427888,0.038861144113360196,0.029824693551065318,0.01462259924569427,0.024331331182968242,0.016598419057360286,0.031139883075013,0.032671105587150355,0.022583146627684247,0.02875248595914414
1517,0.025945369134388146,0.03904662231796891,0.028484117645281148,0.016557205550372926,0.02622968642302723,0.018558030556879917,0.031761065278600537,0.031290490874618736,0.02419589632380489,0.03154220363243004
1518,0.027399424228050796,0.039381761975856036,0.027504549865174772,0.017596482025005345,0.02662527211593965,0.01991775963349299,0.03252309180027045,0.030718411229992356,0.025413086548349773,0.03245474462930188
1519,0.02704520531786484,0.03925998438231936,0.027406011725206136,0.01674217512542491,0.02500229162105597,0.01963500853381396,0.03207835011116189,0.031043330641349433,0.02493228486590038,0.030248705790092572
1520,0.026105132465176904,0.0392850200631042,0.028096853057450105,0.01595874571568319,0.02276487656246305,0.018990160096927642,0.03173675819556115,0.03217586337481521,0.02448570772743637,0.027135947643710277
1521,0.02513294159229947,0.03941832164585035,0.028955641200081813,0.016028931218205388,0.02130086336036073,0.018344553214687073,0.03174061663849676,0.033208588092356904,0.02450011120631891,0.024980923474939996
1522,0.023770389357473748,0.0390348181752475,0.029477063950374742,0.015721853429755014,0.02190622913807159,0.017102042280993962,0.031396629258172166,0.03338950509956609,0.02380400478750539,0.025558843711798826
1523,0.02250235032722762,0.03879139470186493,0.030128950405543874,0.014926474113131633,0.024683404929513757,0.015775681469512373,0.03137651696589983,0.03332946658211435,0.022469440467194953,0.029170075979421662
1524,0.022189915961444207,0.03923818757562702,0.03100931179060924,0.014503462421467687,0.027865875232766363,0.015427022961944311,0.03229004138817391,0.03366375706868979,0.02162001317588731,0.03346099520126612
1525,0.022819812373642497,0.039637426061402095,0.031222568471622372,0.014604904123888849,0.028947332209040503,0.016010567956348608,0.03298009331625822,0.03378838329144871,0.021632290325311054,0.03485655171302371
1526,0.024056257432592452,0.03969065915398349,0.030454565367258084,0.015185413284786302,0.02742238550659834,0.01720713156759236,0.03300146959924554,0.03343996517358963,0.022488736119839817,0.03272040709835003
1527,0.025546825315099178,0.04020127776048708,0.02967938194837301,0.016298245282194188,0.025588828739215457,0.018575384973561634,0.03312162918896779,0.03296222614045142,0.023658603772658566,0.03006934388746797
1528,0.026349698736271826,0.04100422924687919,0.029331297619799662,0.01703914028626552,0.02482340840884952,0.019459117033051376,0.03388884924014893,0.03305510218956326,0.024483488199071687,0.029283282612226857
1529,0.025446493676715254,0.041005639384515694,0.02919634728686637,0.016228134110058422,0.024983542984199688,0.01864457704792052,0.03386194141205488,0.03301310094810028,0.023562684892471472,0.02962079974163227
1530,0.023715048643184033,0.040368422361576665,0.0294057729989454,0.014426247867305961,0.025828535001007534,0.017035023868090495,0.033208576357944504,0.033020648809916835,0.02153176251799488,0.030842071113276245
1531,0.022404762439416435,0.03973819871450166,0.029911586769384896,0.01290296148038514,0.027066852782551023,0.015906263909066774,0.03260339358965087,0.033232764523505376,0.019781160019880933,0.03276739685350061
1532,0.021914680640708978,0.039198209943322654,0.029991973365424175,0.01226284185652739,0.027531445659890234,0.015535770496590523,0.03202303139685484,0.033138033956208506,0.019142026681866733,0.03377576471500455
1533,0.0225601058462862,0.03900042374327492,0.029564168724796953,0.012501646615174843,0.026537451330140575,0.016152733946611705,0.03168545980526918,0.03268995968465533,0.019726186217677705,0.03275805422979177
1534,0.024065532683113042,0.03963134064506135,0.02972348931130338,0.013308694062555805,0.024914427773608784,0.01761227282014872,0.0323036418420091,0.03288025720332943,0.021037258024502237,0.03074368673099377
1535,0.024689857542953494,0.04072129097530101,0.030919765127480008,0.013804344606464463,0.02338817986382251,0.018210460437156697,0.03351808398699164,0.03403314467924395,0.022086790898546454,0.028542690062717587
1536,0.023442210905504638,0.04163405886503803,0.032913605383878816,0.013512144506992486,0.022323882216196564,0.016969616945198145,0.03460555843700164,0.03586836887331621,0.022251049231605428,0.026450738195076002
1537,0.023133401307998097,0.04248444463516145,0.0347536667535402,0.013905013146156001,0.02207641449211921,0.016741760414191027,0.035594345208598395,0.037543566321137124,0.02256881971725744,0.025208826477403152
1538,0.023721464899821094,0.04241003807922363,0.03458615243769825,0.01532947417401009,0.022543445033518277,0.017296828677103207,0.03535347693605024,0.03743847031580935,0.023408586615499702,0.025167673758636065
1539,0.023783613344292024,0.03999519231531039,0.030693591655599844,0.017800719709216165,0.02369737561087074,0.01700496421103141,0.03206780695497558,0.03408096200004645,0.02502923539590644,0.026776172875323603
1540,0.030169538063902667,0.03802493527832173,0.02671177499823751,0.02315225186356466,0.02659158975200336,0.023221414220237623,0.029325572648021596,0.031098155787622744,0.029655345287599263,0.031814695699381605
1541,0.03760528063701328,0.03868476254325551,0.026408749027690262,0.026470655324410917,0.028827873975013595,0.030078202914944265,0.02986952233984281,0.03095935599522137,0.032623160708462634,0.035468548495346176
1542,0.030315897928461212,0.03800751362035335,0.026604170987464832,0.01946535070412161,0.02657840879360439,0.023216923298589556,0.029179721605573937,0.030817767825174328,0.026549910042703902,0.03222613785526513
1543,0.026997845748562167,0.045981418350242255,0.03699335111899057,0.013248875473584328,0.028527782862902622,0.02029469327211498,0.03891896144888982,0.03984839197050199,0.02191577296926927,0.034642921307968574
1544,0.049066980135054776,0.06916020051522744,0.05021214752643952,0.030993585311071475,0.056241903761282026,0.04006478434628676,0.06192924127064325,0.05437525128010663,0.03865762116058316,0.07439771194068476
1545,0.05598988614248073,0.06899183127503176,0.05402516482449557,0.040600939515146324,0.0633627262483929,0.0455652299830205,0.0606744069314055,0.05892376504045233,0.0486893497209263,0.08233943154429603
1546,0.028023057099927046,0.04776436814281657,0.05129065684798449,0.025489775878682775,0.0384122395081877,0.023123941780544232,0.04343398498328659,0.05274209378470067,0.032060076446595004,0.051576211491283566
1547,0.03851803914033518,0.0542025254388904,0.061552556590694946,0.03487864321066758,0.04787279203495749,0.034607358681428106,0.05262204962333353,0.06171649550792332,0.04060910590320457,0.06579268338993592
1548,0.022428385752375043,0.040970184509412276,0.03539037194540161,0.017550326279236174,0.024875401874689992,0.0168359677599828,0.03426975907491951,0.038681447610002695,0.025452723389410216,0.028399468847549115
1549,0.02525332411255168,0.043228251351385596,0.0332246861905302,0.0172457320009361,0.028683414119992822,0.01758505030703856,0.03367587656533651,0.0368796372794782,0.02522807531252608,0.03440259065925308
1550,0.041730611475900056,0.05873908418486263,0.03250213717749595,0.03342737843791124,0.040467605861644655,0.03510745938383586,0.05732212317359965,0.03071091345648477,0.0377277001919473,0.05553087888384098
1551,0.09552922283381232,0.11932674774157975,0.0857424289977551,0.10955386623739077,0.09922631425838281,0.09080181384922828,0.14404418605574157,0.0746882009566392,0.10787051793225141,0.1372603864070955
1552,0.08457772647280891,0.09516643310241583,0.04800763299667118,0.0928135112923514,0.08910950174989983,0.07897186385677184,0.11227722301151019,0.04265262933676365,0.0908003714021178,0.1298389196224696
1553,0.08248588837254538,0.07547898826190502,0.07091891249318293,0.07170354727078834,0.0764698829647161,0.07140879443595577,0.07808505841551709,0.06822448933897712,0.07429516087757537,0.11670180550075301
1554,0.10384142176494486,0.07322472099578922,0.07606877433274731,0.07899947776470077,0.06493122935214111,0.09010708652139193,0.07549862171511203,0.07386815377677619,0.08430754547320919,0.09775939434725936
1555,0.13042762149601408,0.09868563501602881,0.08991617296848475,0.08237289630435624,0.09582649983259692,0.11525956637208616,0.10748657744200385,0.08821360829464532,0.08755419308492607,0.14501568904853168
1556,0.11316619265437884,0.09387424902890411,0.07530724031780338,0.06353847611617147,0.0816507930448129,0.09967927214491434,0.1014299584728352,0.07296212819881423,0.0689553870685779,0.1209390570498502
1557,0.13204681802555646,0.16979246585369667,0.0951587029185362,0.10449863156114719,0.12072585210357321,0.11162268900507147,0.13494248235813622,0.09704295004664024,0.11302120747986358,0.18574023751638244
1558,0.2820623676653839,1.077098090195306,0.4330934814573243,0.4447617782057504,0.34310835158806297,0.3742235844950146,0.37948555417486035,0.4333196697252645,0.4671481965015128,0.9702390020232811
1559,0.4971443994956841,1.088495231158341,0.49616162970719113,0.4752371469616294,0.3536647509347349,0.36372977204435564,0.39393943241085905,0.4597576857046607,0.49153783867024703,1.2077457918769405
1560,0.1639910465273668,0.14075359911361426,0.1907853190799031,0.16570647811479058,0.16154697024001427,0.1960019034891465,0.18102259440942023,0.15823751006037848,0.17526689471134935,0.2119571881406827
1561,0.20723461031023502,0.20458907875379734,0.27447874879421097,0.22654181167796714,9.678006201326883e-05,0.2938555099444376,0.3094934160393195,0.20821269444572324,0.23594822620921344,9.481399269610007e-05
1562,0.1133709164683484,0.09632690981190689,0.12295813925500326,0.10347022721814918,0.09988593213453643,0.12132153493513603,0.11400511444240805,0.1104239680987144,0.11225705155411769,0.1243135793640643
1563,0.07931678551186334,0.10975587432479388,0.059510101457230874,0.0477662435440669,0.05103724047322308,0.07176880273504135,0.10662559454273234,0.06053393707158635,0.05446240752779834,0.07259387701499773
1564,0.09052106177484444,0.10690534363876361,0.04777375288264277,0.06015631354554282,0.062425994489272135,0.0816030315789028,0.10695572436863311,0.049384848190431055,0.0677439123166566,0.09060934849389515
1565,0.07910184226916422,0.06954461471208746,0.0369511663042963,0.0511867642529365,0.046333161977849494,0.07481920023553763,0.07685628871229035,0.03822906472367183,0.05645719336650204,0.06613125484163926
1566,0.0799374667903326,0.060544884753815205,0.04995078766311666,0.05387249436406461,0.04358518716850596,0.0764109265401783,0.06841044769331797,0.04993853993706494,0.058208009140844855,0.061537964262054455
1567,0.0756035500429754,0.05818486728252152,0.04796702818272348,0.05465005171737485,0.040558474500212355,0.07053351533483823,0.0637213317304253,0.046926507476014345,0.05909708870596582,0.057255876305255846
1568,0.06730185907348311,0.055617055474448195,0.0410077594465312,0.0534148636028337,0.03935154137684618,0.061131793194985705,0.05855212965363489,0.03909932154423741,0.058042838578757354,0.05564004903506531
1569,0.05608121159529649,0.04915897324403798,0.032433226826512715,0.045169341056423264,0.035865236707233177,0.05049895723298599,0.050828460304648285,0.030038448603156416,0.0490727277995662,0.05082047565617907
1570,0.0445874430674972,0.04175921054222202,0.027353463464934575,0.03438932220102882,0.033206396656603535,0.0402486687116315,0.04306433985079719,0.025134187053247364,0.037083522282651396,0.047534794552786225
1571,0.035146889602103534,0.03685725298429686,0.02763519118174613,0.02730932064954415,0.033688938344951076,0.03171694160885017,0.037792162155230354,0.02576429853760821,0.02899023502846759,0.04896754496943049
1572,0.02989300664969818,0.035206936467005935,0.028267930041217828,0.023484232980175063,0.03406278184391318,0.026793667331365806,0.035580039989839676,0.0267200148863064,0.024958705943134502,0.050319873414348605
1573,0.02999303851830502,0.036095691416817996,0.028799157801184177,0.020890371904621917,0.032922332610670096,0.02682416239936334,0.036223312455007595,0.02761720450203011,0.02279343117189148,0.049178333549615774
1574,0.03022131261984992,0.03466481806694366,0.027764331032596436,0.018183814653429695,0.02998605175357349,0.026998308680409353,0.0349681400690139,0.026973437424445704,0.02048893239663594,0.044818675884772945
1575,0.028049423298522183,0.030236054936485617,0.02593010755677452,0.01604346935866602,0.026335457917126485,0.024956160825060685,0.030752423326222272,0.025437696252280175,0.01848122029406287,0.03899945713457685
1576,0.026128060994575264,0.027125672285811663,0.025547039610356505,0.015664515132304917,0.023312416848989187,0.023023934030974205,0.027482806620297073,0.025274294121590338,0.018123334574069335,0.03406865159647937
1577,0.025353637174640797,0.025910923602000258,0.02504243848827013,0.01597086858945466,0.020206864854371676,0.02210474451538964,0.025708251010440244,0.02469252399882628,0.01836473185704997,0.029119854938148535
1578,0.025421938258753,0.02528883232891606,0.02396410287728002,0.01726247205052858,0.017299574412407755,0.022041091562197024,0.02461170124461927,0.023397638192911727,0.01968424823808088,0.02460355901331872
1579,0.02469151214491799,0.02456995394142312,0.022911538943983425,0.018357823502902947,0.015041076305200093,0.02138953039464899,0.023732717585625146,0.02225192933993109,0.02082332782729062,0.021201143266585586
1580,0.021359821104851986,0.023626302385638006,0.021417203599912123,0.017180242343506118,0.013488593659166765,0.01850438545427357,0.02276415240957819,0.020793730060804656,0.019494007066027937,0.01895496713327816
1581,0.01696723063988953,0.02303686723767564,0.02000764324360273,0.015073441400264924,0.014368332541374993,0.014724367998168768,0.022180738122293184,0.019539585237361434,0.017087362290398016,0.020290313766076554
1582,0.013252515417639351,0.021403315561532077,0.018810569090870897,0.013438860005500937,0.015390957762447432,0.011550115031125572,0.0206278828264299,0.018561103177742292,0.015142156412149478,0.021979750057984183
1583,0.01058506204398838,0.017801986736129278,0.017499093662789695,0.012376410943255287,0.014607043356156781,0.009287751894330268,0.017223529900197015,0.01741043315038802,0.013890534980427962,0.02099200068078632
1584,0.009457134081260267,0.014304258425101694,0.01645949778557846,0.011937530937268967,0.013585718785036394,0.008315505642767118,0.014038588303262604,0.016409787263058286,0.013428986901390097,0.019606312428548604
1585,0.009067174309850469,0.011883173674291852,0.015530624487881764,0.011158629188431392,0.012795402988744278,0.00792209207309614,0.011824142894721489,0.015386823224488136,0.012656523708939672,0.01854006983982327
1586,0.008757351197850684,0.010420693498181862,0.014715836663235433,0.009582132672602118,0.011713384431979718,0.007587972643495244,0.010381577709661053,0.014413747401155091,0.011018647764557793,0.01703137111183994
1587,0.008873793945853426,0.009754097312887981,0.014420474750961008,0.007904360179429304,0.010228700451469171,0.0076638056565682495,0.009674736933818158,0.013992360206505126,0.009228482642487544,0.014912948029010721
1588,0.009157130028122708,0.008967317791552938,0.01458811738097512,0.00647357648111943,0.008158591875356655,0.007915128556845875,0.00884280426449979,0.014099955110579274,0.007650263697884653,0.01189852661469177
1589,0.009280102707319474,0.008147833939718305,0.014929269534468478,0.005501260842956146,0.005968677180751637,0.008023474211340467,0.007996344860637454,0.014441395255109584,0.006525735360688651,0.008669686173431253
1590,0.009045545232193065,0.007731529878665275,0.015145878276931531,0.005127151105129504,0.004521780543766795,0.007802057001393366,0.007559894765426974,0.014685765853580205,0.005997528770180815,0.006484728881354791
1591,0.008242833396105003,0.0071651019558932405,0.014937423935199723,0.005133934716390031,0.0038948165112201783,0.007069381406936124,0.006917449780495874,0.014506321326092607,0.005835412734326249,0.005465823520195764
1592,0.00718515794124828,0.006668244368566654,0.014311494327355779,0.005433572385615585,0.003997720990010025,0.006118155175213384,0.006295614590130459,0.013899247158004347,0.0060114335520747905,0.005514002643361662
1593,0.006345314343275271,0.006564087613297155,0.01342932948953627,0.0056733417726080775,0.0042486749172198105,0.005378166625467093,0.0060879907335133765,0.013033147365902886,0.00620075246617059,0.005812774995706107
1594,0.005951762197816113,0.0065805988957507834,0.012550329701010651,0.005474833267282948,0.0040724860486127164,0.005041744470355127,0.006029616622313978,0.012182209647309442,0.005984838851154861,0.00551885912355822
1595,0.005887869234191003,0.006701051789631317,0.012134117629516647,0.00512311057907329,0.003923945962313371,0.004984990569039617,0.006095370744599052,0.011815458333499784,0.005654242827831259,0.005325348509617325
1596,0.0057704326609524905,0.006912633166200355,0.01241027374162101,0.004928898289616946,0.004106516028243097,0.00484895742654998,0.00628223898557258,0.012134877370503368,0.005510929368397191,0.005648330896879581
1597,0.005526754277915114,0.007134859355837335,0.01328592286825476,0.004981584322920924,0.004536013059289751,0.004575893705349359,0.006514130375328865,0.013030674363677611,0.005614749845127193,0.0063116519079548
1598,0.005592199785674022,0.00745562921462496,0.014344322546142036,0.005213463875048629,0.005049639019308156,0.004590288806074438,0.006862131020343657,0.014093251796041935,0.005881593038603919,0.007082465285367064
1599,0.006065648710930421,0.007810877886604326,0.015069801982398507,0.005364319143372556,0.005182061523541561,0.0049990676289372125,0.00723267124127795,0.014817412129991511,0.006031715763573446,0.007305813197125184
1600,0.006745892632452998,0.008103917461290194,0.015263947871569079,0.0052431410693137975,0.004932232650577379,0.0056078499105968104,0.007522803849888033,0.014998986048235317,0.005858254747589677,0.006987774765946017
1601,0.007236155705962197,0.008200811776653343,0.015058790671829053,0.004753171362768503,0.0046325385568148966,0.006057188142140566,0.007622207543444272,0.014790827888652158,0.005269094516580822,0.0066124271515651855
1602,0.00707359545133166,0.00790392282105951,0.014525012910982267,0.0038278425402019406,0.004043707658679446,0.00592345554224521,0.007323440995914608,0.014251043021219332,0.004197026609775655,0.005803096643518544
1603,0.006438424456943225,0.00741441799456766,0.01389317561761298,0.002997710712464797,0.0031185235870347804,0.005375858518281551,0.00684352668016004,0.013611832053606955,0.003268485326841706,0.004463480516213854
1604,0.005743366617503242,0.006998305340480533,0.013447070773811408,0.002831036326828281,0.0022641520607316785,0.0047934984051777665,0.006463771477604522,0.013163850739539787,0.0031292489759957363,0.0031147103848722323
1605,0.005168004818143898,0.0066754822703260115,0.013286099875947146,0.0029623576849581775,0.0019254703194936781,0.004325196949226731,0.006178699211055923,0.01299650065191415,0.003290468452345899,0.0023414749938991965
1606,0.004861061678678025,0.006378489342388007,0.0133210567550887,0.0030980095677086523,0.002224874274837841,0.004091204650383026,0.005909353502371881,0.013017207776616111,0.0034182429937600154,0.0026296733086652183
1607,0.00461579092447509,0.005957496731602501,0.013425694310686817,0.003172663973292177,0.0025141124240649557,0.003889004582779612,0.00550906608637153,0.013101548112178002,0.003459509862509285,0.0030464858275066984
1608,0.004203965042223585,0.005404883862128438,0.013519472384172374,0.003223593301345682,0.002457216581860985,0.003513665372127075,0.004978359451301739,0.013175117956606457,0.0034682405937667307,0.0029763435993819588
1609,0.0037950136443167656,0.004934853733720046,0.013580789602031544,0.0033111814925122825,0.002275267451943575,0.003136515734033488,0.004533510264309968,0.013231765033194193,0.0035254169332793214,0.00275298041131446
1610,0.0034837924500710125,0.004517283524952647,0.013589914409799236,0.0032825272791490627,0.0020864288879661823,0.0028488660463432676,0.004124276404037122,0.013250912259827727,0.0034552282121518276,0.002542140456102637
1611,0.003303656002870174,0.004117928726403263,0.013592921531044432,0.003114007931759945,0.0018871646394689934,0.002685104208201754,0.0037056611741692236,0.013276940126120029,0.0032331956584135337,0.0023060264696479755
1612,0.0032167528424270433,0.0038694158806068446,0.013678977810325177,0.0029472999601531883,0.0016882116882433154,0.0026128019020552114,0.003422992330579875,0.013388318237154839,0.003033006679555841,0.002041652377578228
1613,0.003085018087397927,0.0038510543223854777,0.013875881381978723,0.002840477897724984,0.0015508706176108288,0.002500701781293971,0.003376200836114744,0.013605482422997042,0.002924936070180656,0.0018424237181777533
1614,0.002921808947925643,0.003986159946842279,0.01414949648106714,0.0027817660474607616,0.0015892767510554489,0.002356453918156047,0.0034981519775886976,0.013885049114801564,0.0028893605743709207,0.001909184618385972
1615,0.0027738469312659692,0.004090007430425099,0.014432795417372598,0.002704161231677821,0.001721494687217235,0.002221024529869924,0.003593476324884435,0.014166367283090455,0.0028465181509886406,0.0021101282012611455
1616,0.0026709762809886085,0.004039088174574938,0.014671061272469513,0.0025423060753278614,0.0017863148560091778,0.0021210123134821684,0.003528913951648703,0.014403555342955841,0.0027228578047273516,0.0021863706374389068
1617,0.0026884851123082486,0.003921127434726454,0.014850471207603784,0.002326667790344359,0.0017882149074604113,0.0021295802640674153,0.003398215352237198,0.014578154631889464,0.0025457984568651596,0.002174966557756793
1618,0.0027922410052017618,0.003809270407809627,0.014961561092761559,0.002091991151402298,0.001764593841243484,0.002215525048272352,0.0032809145060448902,0.014686398048535255,0.0023428387729107865,0.002168054701034891
1619,0.002892614407936281,0.003729305460665812,0.015006375908223834,0.0018813258657342019,0.0017704601418905223,0.0022942292924275497,0.003200623147609444,0.014731743640318345,0.0021492498933941666,0.0022576792348449792
1620,0.0029613207812665115,0.0036912384919625773,0.014999017782111325,0.0017616492013687642,0.0018220777977441403,0.002345257277673867,0.0031630532701371963,0.014725009989078391,0.002027876951327137,0.002413367056199123
1621,0.002957298856903922,0.0036564747101102985,0.01494191300395228,0.0017177718345199678,0.0018112546989204488,0.0023342415330568577,0.0031199340347022844,0.014670767081566193,0.0019527123932952686,0.002419396866228672
1622,0.00289488943178085,0.0036242384884650823,0.014873936169735943,0.0017529555418857015,0.0017324526633453817,0.002272670366099913,0.0030704156173911265,0.014608456639125784,0.0019371469898814006,0.002262368801579113
1623,0.0028485447660185925,0.0036374924748016416,0.014861576354968894,0.001901494801119182,0.0016944374612086006,0.0022232397881457888,0.0030663926382896957,0.014594242900220912,0.0020487047811499665,0.0021378458020766492
1624,0.002851876404120348,0.003688396573868109,0.014934401689257396,0.002135791982486096,0.0017039154840139115,0.0022149643428275062,0.0031050994762477123,0.014666440791709054,0.002279660297453895,0.002086157378222252
1625,0.0029009855707719996,0.003751559363573108,0.015059712320806398,0.0023778538931242686,0.001734088830064575,0.0022454370197339322,0.0031610018119277074,0.014786354437072874,0.0025425112201360287,0.002077151869674463
1626,0.0029666552901533904,0.0037966382607574184,0.015175193865551379,0.002509082237721855,0.0017712492765621765,0.0022917485277884103,0.0032057596022003576,0.014897002915064536,0.0026969997479354487,0.0020968898369039266
1627,0.003018109471602168,0.0038018747435330257,0.015231298238256764,0.002441103173504877,0.0018059120181731169,0.002326838080244,0.003215981456807978,0.014950265972929143,0.0026392220482182437,0.002133046292389758
1628,0.0030710470771354,0.0038162768162332086,0.01522884398819506,0.00225858914506261,0.0018550310961419202,0.002365462959940699,0.0032366311492205415,0.01494503306648614,0.002463541298776024,0.0022058934794539483
1629,0.003138031529849001,0.0038840254701028388,0.015167748388217411,0.0020799348533506973,0.0019166189247627858,0.0024196612407521817,0.0033069574361661355,0.014884916568503732,0.0023031271026705898,0.0023027559514554098
1630,0.0032173955224481265,0.0040167895546221345,0.01505985116930258,0.0019976594283471964,0.001970390093504938,0.002487852738839075,0.003436299264034556,0.01477945507037389,0.0022551210822489977,0.002384904783716352
1631,0.0032743651852385268,0.0041741991662537035,0.01493285052984923,0.0020142859978901024,0.0019998910583406662,0.0025394482959783405,0.0035895681873556735,0.014655166902346117,0.002305386198296524,0.0024292510601381045
1632,0.0032595078110234064,0.004297867564547279,0.014807273276388672,0.0020649405033672076,0.0019842753422972446,0.0025294272596745114,0.003709450449178282,0.014529139390640568,0.002363952725863621,0.002405366920013829
1633,0.003193036075236238,0.004361649812793303,0.01468994185957389,0.0020967556986781406,0.001933252039707724,0.0024767025702430836,0.0037688775429323856,0.014412276490084886,0.0023771644683307307,0.002326937378132607
1634,0.003146375060639771,0.004382918488463369,0.014592867211237193,0.002093058345053973,0.0018810928274195456,0.0024417834005437612,0.003780934628344838,0.014315413835585697,0.0023504751134012553,0.0022361460437852272
1635,0.0031427036286815714,0.0043766293334724805,0.014521022398630443,0.0020360390421051925,0.001865554040193617,0.0024382568759161853,0.003756918356150441,0.014243455053848377,0.0022867494907896175,0.002181733822020102
1636,0.0031739323954987427,0.004360961093365086,0.01448219259630905,0.0019530524813140128,0.0019260674228914892,0.002458916817435859,0.003717197875036946,0.01420075222147825,0.002216901744393777,0.002243771260993699
1637,0.0032266232235235556,0.00434415941889344,0.014482440956075354,0.001864930600886386,0.0020143644057421385,0.002496287871563596,0.003675291968194729,0.01419401466699465,0.0021529574799326054,0.002362154827097893
1638,0.0032905706073170695,0.004328633984741125,0.014513100864582917,0.0017816653410430462,0.0020407455195801992,0.002546517766351154,0.0036389754744581074,0.014220005106604728,0.002095615563655065,0.002395829885044943
1639,0.0033560434921372476,0.0043351541032151004,0.014551234742208735,0.0017677056821800725,0.0020233172319126043,0.002603987564034024,0.0036312942617767814,0.014252765322057022,0.0021129614699621825,0.00236791102106959
1640,0.003383828471190131,0.004376547375463067,0.014556330385985883,0.0018602205642986223,0.0020156461800189475,0.002635865652320239,0.003669860940567603,0.014262433781046469,0.0022493442923557966,0.002362189025890442
1641,0.003363930907219457,0.004452164814645895,0.01452051467327717,0.0020357639692414977,0.002043647225618953,0.0026292947975695468,0.003750415487435158,0.014232979801274442,0.002477820533383385,0.00241781818557155
1642,0.003348633291476206,0.004542732250032273,0.014459289643425131,0.002250168032384785,0.0020791335937366015,0.0026299837911371244,0.003850570949848951,0.014185622941794105,0.00274322392182484,0.002492363377303997
1643,0.0033782538897861427,0.004620322063372716,0.01439375055984022,0.002468172853597062,0.0020709060519424095,0.0026688331782728654,0.003933497882035609,0.01413602867949169,0.0029990633370935212,0.0025031402407857013
1644,0.0034555725368404875,0.004669075669607587,0.014327525914185587,0.0026822219648235525,0.002043117048636794,0.0027450496734629823,0.003978558384070593,0.014081172724451885,0.0032373039579642396,0.002489356906475765
1645,0.0035611661609794387,0.004675094878785479,0.014236474467699144,0.0028727536858727575,0.0020481981974802463,0.002842896674587334,0.003974113707695183,0.01400011614784583,0.003445871142645272,0.002522979399608835
1646,0.003672530551395978,0.004623225272823961,0.01410912155511448,0.00300008408943492,0.002074722876298493,0.0029417375298628153,0.003904815840781544,0.01387812315745721,0.0035901987932613942,0.0025532003775016136
1647,0.0037795380890377557,0.004569400110611459,0.013989013261358466,0.003099224419939396,0.002144464582990891,0.00303092826940474,0.0038312728542189384,0.013757654549195253,0.0037081584269807637,0.0026228487074432642
1648,0.003856798216588349,0.004604435213462519,0.013943782224507546,0.0031930372197917604,0.002238136171917314,0.003086327394850257,0.003848673089590613,0.013708360495058839,0.003816685315692048,0.002739655979755357
1649,0.0039092173341655715,0.004822032916368873,0.014021706263262303,0.0032834215955310562,0.0022444346931436753,0.003113466555473112,0.004049563146976481,0.013769669243625495,0.003905762673327696,0.0027465943147542016
1650,0.004029738993381865,0.005264130985513281,0.014168081048677327,0.0034224541723868367,0.0021737262466163363,0.0032097692755155283,0.004484805068915415,0.013887294713726735,0.004037618001186461,0.0026416695056415127
1651,0.004289461311401847,0.005876465587254421,0.01425954133627656,0.003555848399539936,0.002115570693967315,0.0034511122216735646,0.0051050468964789165,0.013949235269564176,0.0041706833276736405,0.00253976401913247
1652,0.0047313137824941875,0.006555489943696732,0.014267276220080533,0.0036396081620564806,0.0022206911154061828,0.003866719088455753,0.005805317408744663,0.013929757394142869,0.00425759455026437,0.0026865021890943204
1653,0.005253431128456164,0.007099232999423131,0.014290479570239262,0.003664809527091949,0.0025429395227393944,0.004341898912082614,0.006372365211480483,0.013927960347889647,0.004272214662182959,0.003186714083198048
1654,0.005632148759915265,0.007234029634495756,0.014416266528572027,0.0035456415149041375,0.00294977334933267,0.00466480035674401,0.006520809426246341,0.014037131231774804,0.004109277624933191,0.0038205798879161913
1655,0.00581060074130978,0.007054557355056309,0.014594624281976007,0.0034143997892818107,0.0033402550311404855,0.004796857756064551,0.006354299991419841,0.01421639999530317,0.003917788820657572,0.004432614058117689
1656,0.0057536379440776,0.00682903759703246,0.01468724220691144,0.0034057465392327863,0.003596815909553042,0.004714850016866837,0.006147967854936661,0.014321912524182651,0.0038652367002129703,0.004833435583275165
1657,0.005424338758086153,0.006731438861352788,0.01459976950358077,0.0034152228599390144,0.0036726713142126687,0.004386007084706903,0.00607044931123706,0.014250771547736138,0.0038531521680256245,0.004938787014433043
1658,0.005062465476813759,0.006750845878352706,0.014434010369646267,0.00338934787749647,0.0036884166349107172,0.004033012412924436,0.006100448617143777,0.014101070297934675,0.0038051115565106695,0.00493313843261743
1659,0.004869979486599779,0.006755813376412296,0.014314501027662008,0.0033252747678664428,0.0036332471617115266,0.0038418475518847608,0.006080930119833108,0.01397599651169109,0.0036859245126812904,0.004797582487147061
1660,0.004844441695255581,0.006691222112477176,0.014294497553393888,0.0032014624669913466,0.0034748097529892965,0.003810791281450713,0.005968098713900478,0.013932783428211973,0.0034675520884531975,0.004499973351076996
1661,0.0049138268475988215,0.0066578498422592905,0.014377111500988514,0.0029868381005999024,0.0033285526226866065,0.0038675534579673495,0.005905690324526723,0.013984334795940684,0.003153787340797105,0.0042629090992329696
1662,0.005056581681731217,0.006671213704087583,0.014526735851498518,0.002721565096303208,0.0033268028255338975,0.003988985727648713,0.005937123662524326,0.014110491861250223,0.002857170219270444,0.004333863015154791
1663,0.005260861795056566,0.00664901539196593,0.014714893175581919,0.0026162400699728475,0.0035703792060117418,0.004169631031202967,0.005959352970551715,0.01428268801922504,0.002832219514674478,0.004820990675378578
1664,0.0053983767073693826,0.006483179099848349,0.014926584651453512,0.002596976213797648,0.0038510901009610474,0.00433526287863389,0.005882363194555485,0.014604111882575007,0.002929638156673978,0.005362772550473263
1665,0.005307938850240948,0.006140076725858342,0.01513950026973192,0.002454856696013339,0.003882493174731918,0.004251214818413297,0.005533216208924913,0.014762402495492802,0.0027951918823416557,0.005394726423214541
1666,0.005070499033810437,0.005799230780896326,0.015305939376285858,0.0023433339235856784,0.003699541266945472,0.004028509783688172,0.005155991785597101,0.01488337251570767,0.002676890640551219,0.00505662123124432
1667,0.004840893112856212,0.005602435818550724,0.015347234480885638,0.0023092964146834327,0.003415711129134985,0.0037950689943697805,0.004886317537667565,0.014882945276873597,0.0026761842508508118,0.004552163721876469
1668,0.004743535713656859,0.0055906719282787,0.015232429600994114,0.0023320942823655674,0.0031507490259486248,0.0036732310619593035,0.004784171868555264,0.014745160594413977,0.002778621866130262,0.004093702103936666
1669,0.004779417259264553,0.005723968597548269,0.015038876091496584,0.0024700045495792333,0.0029955154270220963,0.0036792720189910365,0.00483888201561281,0.014543048141004104,0.0030096741326945697,0.0038184657186345473
1670,0.004867198825187046,0.005924616668587424,0.014846054062515523,0.0026496578156800844,0.002914710554606512,0.0037459221899280534,0.004989593537822497,0.01436061420532074,0.0032701811441499594,0.0036611751573922715
1671,0.004935420047898769,0.00613829170141333,0.014711739862118432,0.0027665579628997363,0.0028615478938517317,0.0038029101709716353,0.005173508788508521,0.014234956655926348,0.0034411861687657043,0.003533209006309615
1672,0.004942358927378718,0.006322118247237444,0.014671512003478658,0.0027584655189857917,0.0028309185951659616,0.0038111006349067903,0.005338009428102991,0.014199949153456164,0.0034575143902360996,0.0034200743561593624
1673,0.004872400144652228,0.006431938489559196,0.014733220843530941,0.0026249724522640103,0.002828879879617616,0.0037542155634360417,0.005430159710534494,0.014260929961993447,0.003320292056074801,0.0033336318615671636
1674,0.004770500151103215,0.006440961539404976,0.014856347323009163,0.002479233890564845,0.002844910594919515,0.003669446675547192,0.005423702296591015,0.014380231835401349,0.003154402968486792,0.0032885686077816587
1675,0.004666200210329154,0.006320053447205298,0.01498612802571433,0.002398061267526679,0.002825220388233557,0.003578580249578111,0.005291452184763769,0.014506371214990928,0.0030454970413551865,0.0032248345320647653
1676,0.004576016253282324,0.006101218532139116,0.015093498973336133,0.002380677734658244,0.002754484389534461,0.003494744640478137,0.00506713571285827,0.01461144938581748,0.0030016418725643326,0.0031215774120674543
1677,0.004515240652668711,0.005900198664965636,0.015175970305013628,0.0023855070888550408,0.0026851929247704207,0.003438047165253105,0.004869686055093605,0.014698995844693998,0.0029934457791798187,0.003044422650248153
1678,0.004489416162838015,0.005804924485491137,0.015223654984457824,0.0023837224485814953,0.002645292622629831,0.0034168902345940886,0.004783695521988083,0.014755679687655829,0.0029995877123975795,0.0030132158641807986
1679,0.004487665873343487,0.005819695722277775,0.015228030065646513,0.0023975456917026783,0.0026518835433446304,0.0034207620522164737,0.004810500684587264,0.01476954944670419,0.0030326053535999673,0.0030417120338143535
1680,0.004479117527290133,0.005888886777850698,0.015180237519008908,0.0024512103580905855,0.002714798028395743,0.003417841739035549,0.004891856832880464,0.014729773250208363,0.00309793913256364,0.003141041300051714
1681,0.004440034299522901,0.005957393113635618,0.015080152677159024,0.0025293597679639747,0.002828220868718663,0.0033838636738428443,0.004968486245038676,0.01463505285540194,0.003169876688747681,0.0032997810058382963
1682,0.004400854262243134,0.006011618456138427,0.014982327292239668,0.0026004452953030943,0.0029688782083170688,0.003348821629518136,0.005023802191293529,0.014541150193875299,0.003226653983286049,0.0034976753802364365
1683,0.004385429355859,0.006047516608741308,0.014948466401170583,0.002639062127077227,0.0030913550372281286,0.0033345435174436957,0.005049779360674817,0.014507351180567608,0.0032545121689035376,0.0036792544115376194
1684,0.004400941546017626,0.0060726571877737,0.014995287876682495,0.0026442514892551653,0.0031660593097111505,0.0033471030035764015,0.005057870281013985,0.01455412421040995,0.003258215496152428,0.0038036411911169903
1685,0.004451313457439305,0.006117718740800723,0.015084766690530752,0.002642376810803244,0.003210500666580589,0.0033893523080520643,0.005089629137795352,0.014641829342247328,0.003259979573526254,0.0038889874180177034
1686,0.004517344327210848,0.006202167517987332,0.015174671550667807,0.002639823833758822,0.003240302415062612,0.0034437865309566856,0.005174317054896056,0.014730700002125742,0.0032624504852900717,0.003950952653840432
1687,0.004578342746077977,0.006322610959440713,0.015243107567553229,0.002639714720194388,0.0032621155178163613,0.003490976367904616,0.005303807946977919,0.014796379449931616,0.003267305025142029,0.003991496969082078
1688,0.004632987822936209,0.006451232419692108,0.015283692538995114,0.0026549993811794807,0.003267679589347961,0.003530801217149847,0.005437744933469954,0.014834388272175293,0.0032899887568579693,0.003989857395297308
1689,0.004686584824722091,0.006544350060336504,0.015283604217348725,0.0027039821100964512,0.0032432431130252344,0.0035691367365858285,0.00552118288178924,0.01483158655740418,0.003350422640899797,0.003918074430182963
1690,0.0047454485424406265,0.0065864926177240405,0.015247893856697671,0.0027843567418922082,0.0032093105515670507,0.003613726192209161,0.005543006655772167,0.014793459360082724,0.0034465914223707913,0.003820703491696498
1691,0.004804758788476757,0.0065803042834000755,0.015192857372792967,0.002859868327471375,0.003186133514075754,0.0036613543139987184,0.005515524588411328,0.01473789928804809,0.003542406051409361,0.003748068925297259
1692,0.004854123755216592,0.006550356965508367,0.015133562601699955,0.002898903303038827,0.0031839619630737105,0.0037027187922745734,0.005471093896563356,0.01468127122607811,0.0036020631708731684,0.003726148312248307
1693,0.004888882637550462,0.006554134170004535,0.015091443468420057,0.0029181795771176028,0.003220607269870808,0.0037321141493512834,0.005469541647757663,0.014642306849390314,0.0036304229447244193,0.0037769445040640582
1694,0.004898000212617952,0.006638225576885476,0.01508330084695892,0.0029349288563287174,0.0033073212590738503,0.0037378854211278646,0.0055588242053205335,0.014636549945279303,0.003633472621593778,0.003909143483004766
1695,0.004888780313931921,0.006796139381644284,0.015092316994097483,0.002961060369675745,0.003432556393041442,0.00372586232781209,0.005726701505975069,0.014646456539583156,0.003630827675733917,0.004103438196108501
1696,0.004888929304652203,0.0069814617866838895,0.015067982666455123,0.0030057675191324297,0.0035469608413903515,0.0037228155127327855,0.005917985716747754,0.014627025470578408,0.003657483162220993,0.004287256871885306
1697,0.004929864681001359,0.0071547694377414135,0.014980018345489454,0.0030730724270475827,0.00358505552586662,0.0037559156964779047,0.006082328935856493,0.014542780179329038,0.003738070951181278,0.004355536310255752
1698,0.005012320739346273,0.0072898771125317835,0.01486371026662015,0.003146397735877223,0.0035434406244192708,0.0038284988802613695,0.006201725553198696,0.014434229091546078,0.0038546249597785722,0.004302475081414933
1699,0.005111687773599221,0.007350334815085073,0.014785539557205936,0.00319952142966682,0.0034497585742860734,0.003916397298573024,0.006244657834457968,0.014358972095574078,0.003969849549059448,0.004165641397308921
1700,0.005198550122080294,0.007318244874916382,0.014788755872361148,0.0032221186987647287,0.003342928953631608,0.003990985460844237,0.006195577274052847,0.014354904952510439,0.004057863735062692,0.004001485174905991
1701,0.005252553584431789,0.007235290920809803,0.014849828345774188,0.003210555109732938,0.0032536724096469453,0.004033956071026835,0.0060971039665781955,0.014404069376449193,0.004090686747262734,0.003857033870401281
1702,0.005247991534277039,0.007155896624218682,0.014932976908482644,0.003134300336608251,0.003195302824124777,0.00402146199666441,0.006003552014677596,0.014477878494771612,0.0040146668518592,0.0037492386401495157
1703,0.00519617908625307,0.007111489059934703,0.015026673531466868,0.0030195109449384153,0.003202907919464082,0.003966455342093824,0.005947599231949534,0.014566274613678154,0.003858313447915329,0.0037388209279573346
1704,0.005121617494011636,0.007105526467224655,0.015126438297337303,0.002915371000098075,0.0033033879350285876,0.003895416079468955,0.005933763518285639,0.014662053861779987,0.003690347834338787,0.003878705412128362
1705,0.005031287400833686,0.007131562578197393,0.015215865953358486,0.0028446764575382187,0.0034752983636942253,0.003814883299508861,0.005953312582642319,0.014742683913112044,0.0035552121088867645,0.004137801235403435
1706,0.004952192316572802,0.0071801942435187095,0.01527081588312255,0.0028335270179138928,0.00365899859412532,0.0037470407691830468,0.005998303009361305,0.01479130667489294,0.003499197064407344,0.004425297588666414
1707,0.004909925870507931,0.007219232764173708,0.015268582899225967,0.0028808217314658423,0.0037912094764059835,0.003708539619224726,0.006032940066586488,0.014786046775868537,0.003538370408105705,0.004643290975357898
1708,0.00492738009164651,0.007227621040144612,0.015205995142697023,0.002957302242317801,0.00384477959060941,0.0037184178162351137,0.00603418334606402,0.014726666775265618,0.003647223484103897,0.004745340131149308
1709,0.005018505953299114,0.00722214255521968,0.015113577324129147,0.003032689569100503,0.003828665987631231,0.0037898698111877853,0.006013489742092465,0.0146353978359817,0.0037806580892095214,0.0047274597920411885
1710,0.005168663990187764,0.007222075853231821,0.015020397543235331,0.0030721377359926782,0.0037421500221751867,0.003910415183540916,0.0059878051457794715,0.014540418048402132,0.0038915242423677265,0.004571110200961827
1711,0.005323299778187281,0.0072495266387442815,0.014930009309698221,0.0030961146636563604,0.003641567985693848,0.004033042339325685,0.005986705093955669,0.014442338667901965,0.003989246969387864,0.004367690487490962
1712,0.00541729888011138,0.007305924854562599,0.014829749562114185,0.0031516623861092496,0.003610378760324312,0.004105393280397456,0.006026002931511516,0.014335857523267093,0.004111059883172335,0.004272270418541614
1713,0.005415272321825213,0.007369899474633731,0.014725985911970572,0.0032589224509334443,0.0036825525465334634,0.004098589348590743,0.006089670554408265,0.014230692570762907,0.0042648282866641065,0.004358623082890897
1714,0.005364936056984187,0.007437635413970959,0.014678140033911217,0.003397669137319114,0.0038001368122930375,0.004052258858759803,0.006169886505414841,0.014182143656948453,0.0044156934849083505,0.004533975126866874
1715,0.005317082185763421,0.007505312467587868,0.014736449666438094,0.003531067858129636,0.0038832168736412796,0.004010884652360877,0.00626114779721118,0.014245555993770241,0.004518761542158436,0.004667199158018282
1716,0.005306847709845299,0.007583503635813736,0.014895249726452335,0.003634627243697233,0.003921556970000726,0.004004288671415514,0.006365845790703259,0.014413962352898775,0.004568914734271316,0.004734088028304085
1717,0.0053457342495014,0.00768871347688761,0.015096565693679273,0.003671874441848712,0.003956376987534178,0.00403925466279509,0.0064865751913683895,0.01462166120347968,0.004573789477950405,0.0047859266540183
1718,0.005426697125129588,0.007822114480525924,0.015281577991874145,0.0035985420437603124,0.0040075513499967345,0.004106580952345202,0.006614962311080587,0.01480913906253699,0.004528017833714109,0.004842097547683582
1719,0.005514209751885749,0.007943995927061628,0.01539046403122372,0.0034558837688187104,0.004077880751721706,0.004177144038069156,0.006715060092028585,0.01491838020316834,0.004460567119950529,0.004916253081859769
1720,0.005557117337554276,0.0079922257536953,0.015358075487683634,0.0033008630230996106,0.00414658615304639,0.004250296870403562,0.006798061003066737,0.01502925814663715,0.004434502623960719,0.005040427286668103
1721,0.0055510932487472285,0.007951575828679336,0.01517678507173902,0.003159605682187626,0.004190883011806638,0.00423292533661114,0.006710210409309136,0.014811313124641255,0.004349915968584726,0.005078891669681551
1722,0.005574848649354443,0.007889139300000311,0.014938940907391167,0.003048121561731151,0.004220078715357026,0.0042417039816913795,0.006605878309550537,0.014531896408090078,0.004255040422073272,0.005101924204033424
1723,0.005681422952027311,0.007853533044746019,0.014726367065204774,0.0029658516910411247,0.004240901738013114,0.00432281337837851,0.0065452194178122446,0.014286102018424984,0.004136082338967956,0.005122665382346821
1724,0.005843333638337833,0.007879451669481124,0.014589421559142498,0.0029294690783538487,0.004261915549820115,0.004448844562103859,0.006557432052330686,0.014117623372290538,0.004026401343941027,0.005145151831514063
1725,0.00598579037541476,0.007985325079069946,0.01454716151987136,0.002956466243592378,0.004284583989096681,0.004549950751993545,0.006644600938684647,0.014026681665485187,0.0039871032476640495,0.005155293751013828
1726,0.006055551702727083,0.008163788254861247,0.014605325467257013,0.0030465545045894223,0.0043070183078919395,0.004600405205706401,0.006820292147341677,0.01407911637846543,0.004072376995311489,0.005168401090528554
1727,0.006069718016924028,0.008368371817075247,0.014730395975195373,0.0031838974405978475,0.004334605362215079,0.004605427145989782,0.0070203546260399555,0.014204448601299345,0.004235713317790446,0.0051934133412340645
1728,0.0060516994374828345,0.008546971315403551,0.014881235296572341,0.0033414281914507923,0.004365226184284505,0.004585837140016765,0.007192219410581222,0.01435932172110237,0.004418360384438552,0.0052423362099341
1729,0.006020437395923736,0.008669163147715937,0.015015712166384977,0.0034853442980353803,0.004404336329797039,0.004558814090552485,0.007308278227932322,0.014503548600700647,0.004572013936316461,0.005327387568264922
1730,0.006000429024031691,0.00874076099978175,0.0150994196633657,0.00358098962876154,0.0044656622674836095,0.004543036171003512,0.007375563033190697,0.014598941059827697,0.004665938304394159,0.005448302768454057
1731,0.006007489315309846,0.008763399748929472,0.015095559172491741,0.0035829611530078243,0.004535106772281405,0.004550403380771107,0.00739853060474717,0.014608156704137919,0.004659294933218247,0.005561757611330795
1732,0.006038027939707781,0.008764479274821227,0.01503256444776679,0.0035177452417219654,0.004589506186158927,0.004576522035527565,0.007403455812187378,0.014555064435427603,0.004582256675700059,0.005631372266321522
1733,0.006065355876582021,0.008771134130046584,0.014963872144436292,0.0034550132814787017,0.00460382379969935,0.004598111051246163,0.007416117079892451,0.014491126948660659,0.004509652201535751,0.005634108421874455
1734,0.006070220895606079,0.008794248609473426,0.014928231219330474,0.003453321545639237,0.004569070312809979,0.004597639675178823,0.0074433359274587284,0.014452834380103013,0.004506957068890337,0.005566801937883932
1735,0.006068587402212999,0.008818071875957803,0.014914192052066306,0.0035152311177497147,0.004520003055639933,0.0045917017147523356,0.00746697680643501,0.014434941847239952,0.004592086851398817,0.005481055525594985
1736,0.00607934700465864,0.008819599073667582,0.0148995895354065,0.0036085007897148965,0.0044830610708076314,0.0045967290945322275,0.007457572879932605,0.014414394140276104,0.004746348344615273,0.005408283234893578
1737,0.006114414516066186,0.008805419584288307,0.014881625434517052,0.003702913820254722,0.004479274287613881,0.00462184480577311,0.007421964887708624,0.014387164389495269,0.004925564330864249,0.005378326782360991
1738,0.006174997762042778,0.008807227926687913,0.014873788948042786,0.0037778682180590116,0.004525871801249008,0.004666733033848833,0.007400542922492944,0.014369686022911542,0.005072294964706447,0.0054248640678971945
1739,0.0062545491694276905,0.008842657525737853,0.014882084744361227,0.003810373080355652,0.00462300739530227,0.004723740689887148,0.0074165782311314135,0.014369050620389918,0.0051357295147462035,0.005552924496925588
1740,0.006347454704159242,0.008897260302232948,0.01489012765572949,0.003806990424363593,0.004744698546375356,0.004793369379411956,0.007457943127308089,0.014374350395510653,0.00513341813537352,0.005722448213018869
1741,0.0064444410724080175,0.008944023913713938,0.014873157022694235,0.0037779053841084376,0.004855429106520128,0.004872265949096611,0.007494615558328409,0.014360136591829196,0.005096544665809026,0.005875198344980342
1742,0.006534770531451719,0.00897277699378602,0.014822851523730331,0.0037356494024423314,0.0049271721559338046,0.0049506685899645434,0.007511930353466711,0.014314426097299606,0.005047906896144839,0.0059660828877417076
1743,0.006606139877698285,0.008994357914590315,0.014744618209011753,0.003704885587897454,0.004940984084279133,0.005014391812760234,0.007520660804601331,0.014244241086737327,0.0050035437268552505,0.0059706410412256284
1744,0.006645698594309946,0.00901588073741946,0.01464863981316293,0.0037074410202398897,0.004878159215883653,0.005048023229620547,0.007526347533935707,0.014159823096130442,0.004975806244744468,0.005863149241878246
1745,0.00665184289096607,0.009029168370289093,0.014557323168336736,0.0037509041082404043,0.0047770671892765956,0.00504862572354377,0.007520445284810271,0.014078403789582259,0.004980271637761342,0.005701385663184799
1746,0.006627728361383568,0.009018699754674302,0.01449859107485632,0.0038282761088831575,0.0047101904067547405,0.005020877840802433,0.007491604853405649,0.014026384511751103,0.00503163502776375,0.0055966856577752645
1747,0.006583304468735751,0.008982409897476255,0.014481539571299783,0.003919940143148115,0.00472538958773891,0.004972582915989534,0.00743887296884708,0.014004863661294805,0.005121772402040235,0.005619297385327982
1748,0.0065575454905816245,0.0089601486592125,0.014478125192205238,0.003994195721133266,0.004800838962823712,0.004939936205971187,0.007407823383035363,0.0139898406092985,0.005211684976939595,0.0057322235611839845
1749,0.006585680693977159,0.008990058941367292,0.014458231543763566,0.0040176307567855035,0.004894930394587344,0.004956058000512032,0.007441477786220074,0.013960268857628568,0.005259677804714165,0.005868609582645409
1750,0.006664544528552449,0.009076876333567926,0.014432398923042426,0.003988360458998411,0.004974737786690812,0.005016427313894633,0.0075360648843857524,0.013920918250201237,0.005252689749528731,0.005977679739682795
1751,0.006754130400237919,0.00920012331389084,0.014453238934442263,0.003938725764291762,0.005019276128705944,0.005090865531336302,0.0076675448476185,0.013934766856628781,0.00521931381049096,0.006041800349275485
1752,0.0068076332671182915,0.009335138668931327,0.014557815493191049,0.003900419121977816,0.00501311514779809,0.005138883623074793,0.0078052664757567785,0.014041627296711039,0.005186257755957497,0.006045538643182854
1753,0.006809724180291997,0.009465027390462774,0.014718415352849838,0.0039012565381686035,0.004989777947244283,0.005142754454709013,0.00792815415408572,0.014206139682066644,0.0051881895719598295,0.006024318369735916
1754,0.006757525974795015,0.009571856205074144,0.014880350130595613,0.003960864369138415,0.0049887541557031975,0.005098565878563816,0.008020010372221591,0.01437296074849756,0.005259825311599012,0.006018035879194206
1755,0.006673246903031554,0.009643715313415251,0.015010859983387628,0.004072604990150054,0.00503024869697624,0.005020564086341689,0.008065199194443774,0.014497426080460186,0.005395134284401345,0.006045430025870874
1756,0.006609349923161578,0.009665116393694306,0.015097760495986115,0.004178353753448717,0.005104725021642915,0.004957865224646109,0.008060671652288178,0.014577052408561742,0.005526062777601883,0.006113777401530844
1757,0.006614646995180986,0.009622157818379143,0.015132624257560156,0.00421382981342572,0.005195131446874901,0.0049570735231119515,0.008006499834342762,0.014616458043891056,0.005581093977372461,0.006219781793923508
1758,0.006691998560562532,0.009554074067843933,0.01510872583834049,0.004180672162467582,0.005288266126911928,0.005020154072565179,0.00793993957689649,0.014602608957848371,0.005556165855377889,0.006344522367062403
1759,0.0068138496062115335,0.009530541390505945,0.01501952176470671,0.004109402853585227,0.005371396345212923,0.005120523259670531,0.007919991356682254,0.01451513375219816,0.005477898601537118,0.006458814046858725
1760,0.0069404512955860455,0.00958888230350321,0.014867581672595187,0.00402952116648977,0.005429163130344919,0.005226202961919224,0.007982798768150737,0.014361324399113957,0.005380453376005576,0.006538663246921545
1761,0.007022279886872425,0.009700744349775837,0.014697521639128283,0.003997118906493976,0.005463100536741184,0.005293976194312901,0.008097313080960337,0.014188804323617483,0.005328950032973391,0.0065870842064654446
1762,0.007010075082910981,0.009813344905019731,0.014547062458587801,0.0040573159722274744,0.005476623263005075,0.005326747345627425,0.008278493022640668,0.014159480152351548,0.005424635785808598,0.006668484784964169
1763,0.006924925642163296,0.009895849749986838,0.014436199077963258,0.004194856501934824,0.005477922201530071,0.005223446806099533,0.008309652515879883,0.013976568107452675,0.005539086415358955,0.0066434797012535065
1764,0.006825840904825354,0.00992768371416613,0.01435697500337629,0.004344344333020784,0.0054642145288475615,0.005121160594769479,0.008307112457490618,0.013861216938394656,0.005697374828864678,0.006609883963975484
1765,0.006759698810317373,0.009900141048701657,0.014308811744976557,0.004450138510950913,0.00543178520283159,0.00505858099008908,0.008267250790274188,0.013814008288085156,0.005846614651118188,0.006557856801040839
1766,0.006740585813337629,0.00984922676712837,0.014294485564803353,0.004508787562972319,0.005388268591147881,0.005033554014739278,0.008202089531502336,0.013795015127819103,0.0059526535162821,0.0064809652115732485
1767,0.0067733827958197795,0.009824798457789307,0.014322021189926084,0.004531651688135067,0.005340421572058153,0.00505273961822463,0.008161871894746438,0.013813413284161948,0.0060118573685282286,0.006393285420434983
1768,0.0068449892427081,0.009843630315868162,0.014385452342960113,0.004534112070260409,0.005304171110412521,0.0051077252508655,0.008168063251859928,0.013870337019864499,0.006031618733147986,0.00632175376024537
1769,0.006921332267410185,0.009883802923615561,0.014471101896872184,0.004514129850971222,0.0053083204858821904,0.005165684157235461,0.008198486596314324,0.013951160468929375,0.006008058410317207,0.0063027868246655384
1770,0.006960461322937253,0.009911142201693448,0.014554504563986635,0.004444555731038655,0.005359701994752447,0.005187807257417463,0.008219561762541202,0.014032058418035299,0.0059167883998606785,0.006343353866048044
1771,0.006953963143729104,0.009915747048604175,0.014633844588556126,0.0043590937136858835,0.0054363957837570195,0.005170909790684176,0.00822342392309972,0.014114321871509452,0.00579977852422733,0.006424994867661489
1772,0.006891579145424869,0.009895533566257473,0.014712491841911736,0.004316626950856351,0.005505814599856898,0.005107097284584121,0.008206366397671534,0.014196863404202693,0.005721646270356089,0.006514552803580777
1773,0.006786544947973565,0.0098790883591169,0.014782810647205434,0.00434756568958885,0.005553330105950205,0.005003960322880617,0.008189811643766934,0.014261652089158675,0.00571728737991032,0.006590066120701974
1774,0.00671058454179175,0.009927886496527118,0.014796542361784619,0.004430433676077268,0.005588374864248774,0.004928316296845262,0.00823536699723688,0.014269736021601444,0.005775963031123653,0.006656354792670189
1775,0.0067427896489610385,0.010096912151761412,0.014713712840507102,0.004529332945851575,0.0056187994772401596,0.004952412518984173,0.00839373162282239,0.014185959226898415,0.00587143297489523,0.006712300205073985
1776,0.0068824122488045794,0.010344198913022908,0.014564137138990931,0.004609026851026391,0.00564239307621064,0.005076258286823483,0.008627911573541334,0.014039693983708409,0.005965858674587479,0.006752695422188737
1777,0.007068449193958456,0.010565070369869208,0.014416098047384038,0.004636468532824466,0.0056466077282760745,0.005240366680134808,0.008836584686245715,0.01388780242141372,0.006013348081184886,0.006759151291284282
1778,0.007241872363797166,0.01068775229559152,0.014320853202340366,0.00461536945003085,0.005631272069108979,0.005391350193894015,0.008952331740053585,0.013786547848232661,0.006013934713199385,0.006735025439478018
1779,0.007363494729689075,0.010717598633287749,0.014271769054986285,0.0046115930384019715,0.005628819694705133,0.005496621682575454,0.008974774516626276,0.013735304594005347,0.006030140599498206,0.006725402029866786
1780,0.007399767476485986,0.010670205139269919,0.014247930700911019,0.004665059623174024,0.0056657678006540885,0.0055288482878909345,0.008912408789689727,0.013716174061980965,0.006097381670992358,0.006764795861750475
1781,0.007371061263937639,0.010580311862773502,0.014251479988058004,0.004754100410375072,0.005729302338747212,0.0055026629734731,0.008794180976195307,0.013719934545566302,0.006190842646477514,0.006831187234820987
1782,0.0073103576217334165,0.010466885657452867,0.01427555188105092,0.004810803530744502,0.005763977162641218,0.005451129090019503,0.008655096670338376,0.013747560254663192,0.00625042580992221,0.006857598820899421
1783,0.007244539472909608,0.010343688303518743,0.014321029772598552,0.00478485792000106,0.005737477489811139,0.0053937465296095555,0.00851192254859264,0.01379312277344923,0.006226597605293053,0.006799932135549101
1784,0.0072216983551830335,0.010229566709761875,0.014405194143215212,0.004696235273888921,0.005696101599361744,0.005371309231334362,0.008384027643591956,0.0138728561894103,0.0061396160864515955,0.006723732682616638
1785,0.007289625686829324,0.01013940436036981,0.014543660923111924,0.0045725796130116,0.005694578685548041,0.0054281081092603465,0.008290259335357963,0.014010128179058478,0.00602096023106198,0.0067091016665195005
1786,0.00743951835173919,0.010081736385907852,0.014708544328973826,0.004457827838945304,0.00575144596015276,0.005556484923773965,0.008236023372512334,0.014174523514381065,0.005909540593077752,0.006779365733694363
1787,0.0076047895781592,0.010055827717301388,0.01482406430270121,0.0044080032719272175,0.005843261682645983,0.00570182267929048,0.008220187775200788,0.01429327520078932,0.005854137095300919,0.006900775066760076
1788,0.007730207781313521,0.010063634310513736,0.014843599147228086,0.004456462822277048,0.005944989685140895,0.005812982345540462,0.00823621379764802,0.014311868697731015,0.005882403288494658,0.007031392216361371
1789,0.007803665181021087,0.010107402082297321,0.014803811535846478,0.004569843880225574,0.006050987252016718,0.005878349836859715,0.008289213673466496,0.014272619842955024,0.005975011175529748,0.0071684688850194075
1790,0.007825555993201349,0.010195788787630262,0.01477131314632901,0.004698974253336378,0.006163767976939984,0.005891024594347644,0.00838436113372905,0.014237123577071738,0.006095942691198131,0.007315626042991412
1791,0.0078120628736407915,0.010324568213461305,0.014773799686723143,0.004803617969004739,0.006279077417816835,0.005864355304535156,0.008516389835415871,0.014232351507438483,0.006206661235022225,0.007466977853400012
1792,0.007793334850747488,0.010469424322959834,0.014788899118113938,0.004859763842041889,0.006374087942281784,0.005833474426633095,0.00866518741829477,0.014244798365846682,0.006273517741630538,0.007592207951105742
1793,0.007787753721339777,0.010609347372731994,0.014801777821189565,0.00485701985075711,0.006422179594750604,0.005817816341627737,0.008807060200262293,0.014260010298825012,0.006275629989420848,0.007650401856725258
1794,0.007779030875277776,0.010732280213022556,0.014797053233740648,0.00483723345850252,0.006425278517482635,0.005806362899459776,0.008929812655954982,0.014265538134303398,0.006255493532200822,0.007649261507761616
1795,0.0077466373478319635,0.01083083238047127,0.01476560056732838,0.004848805735442576,0.006399009888433528,0.005779631431342558,0.009018500611412723,0.014244934768454716,0.006262491140698433,0.007611070070900199
1796,0.007678035236696508,0.010895331345223698,0.014703741455490494,0.0049080200654843375,0.0063549534271701465,0.005728691023871604,0.009067567200510987,0.014197916023306984,0.006319600475089312,0.007555081579343226
1797,0.007578981629817823,0.010936417487033527,0.01464822566352859,0.004989989765909516,0.00630678814476606,0.00564974663106314,0.009087021355592325,0.01414823398039928,0.006405030236728312,0.007488650879660616
1798,0.007442081653989592,0.010953641179982536,0.014626949176989288,0.005051105120255772,0.006252962975155424,0.005534243563124294,0.009088424492011467,0.014131225911418181,0.006484745207859196,0.007408624389818734
1799,0.0073115627561909785,0.010951932874852587,0.014646220875599409,0.00507359112521952,0.0062040368717548216,0.005420045903364629,0.009077652536818692,0.014154463151921764,0.006535420972120225,0.007334120487378095
1800,0.007255817735032102,0.01093483662305238,0.014692310665178971,0.0050397845298572,0.006175009035515022,0.005365296365276873,0.00905193068783452,0.014198348905056328,0.006525414404889332,0.007291036135820792
1801,0.007305177892078006,0.01091292198230225,0.01474255627302939,0.004955072847240432,0.006182611380449254,0.0053994200700114734,0.009027032030245505,0.014248535411529399,0.006458957504100543,0.007310799125860908
1802,0.007422275118840828,0.010905188220167478,0.014759285799104228,0.004880491093919359,0.006244238699437292,0.005489205200381723,0.009026049501411431,0.014266176406184664,0.006398678150943708,0.007414250758909271
1803,0.007566463782181986,0.010931535127167222,0.014710562138588281,0.004870472955739037,0.006362261075054977,0.00560462151451684,0.009080552241155903,0.014232491089959243,0.006407689209907187,0.007605396069215918
1804,0.007715502413305474,0.011004351523263163,0.014608038986200864,0.004903099992258369,0.0064878371958417115,0.005725359053213401,0.009187168104113783,0.014141938719146773,0.006463168625262754,0.00779948566035575
1805,0.00784235803145602,0.011121431434137656,0.014484000832748012,0.004915696824638971,0.0065448300830667295,0.0058327797926400905,0.009330495435615371,0.014022519421645362,0.006509579158774538,0.007881840401477446
1806,0.007923601404348281,0.011266692346199194,0.014376730308942376,0.004880243010159325,0.006498761194308736,0.005905360209473846,0.009481149888704717,0.013909731610758834,0.006519045306592215,0.007799109433298296
1807,0.007965171050056617,0.011394792523473729,0.014317725577696016,0.004837038234886312,0.006396689082160852,0.00594799238728746,0.009597792053938804,0.013854564461760123,0.00652073882791618,0.007628814485755714
1808,0.007979317509261856,0.011461438011101832,0.014334668309249862,0.004830003453398729,0.006290840704746514,0.005965747838206652,0.009633703565324968,0.013892732740776298,0.0065396575923196846,0.007450083973630549
1809,0.007976564671207836,0.011458505722446827,0.01441067400105066,0.004853770038364251,0.006214472013511973,0.005968146363402597,0.0095895241099118,0.014003600259772656,0.006565469390247873,0.007315539202405665
1810,0.0079656435534602,0.011399729168620426,0.014501186542523692,0.004861806050409135,0.006194229954344594,0.005964375461517517,0.009490927488295815,0.014127860082053086,0.006556220859695663,0.007266036253413082
1811,0.007951194584462784,0.011296303578500241,0.014559249888332104,0.004829871412026996,0.006242849115394,0.005956714424112367,0.009353897359900349,0.014201991064499547,0.0064915316285383004,0.007318710688695764
1812,0.007939517531627865,0.01117244675925187,0.014568518185355591,0.0047937004001681145,0.006347420790742618,0.0059720267731258525,0.009239802377171626,0.01426457120138813,0.006445131459090683,0.007482456881628819
1813,0.007917598087086,0.011042560886322465,0.014510804303132155,0.004765368758943397,0.006480649456213595,0.0059796254966546745,0.009139027404070594,0.014261244183490446,0.006426890951798536,0.007698199016853798
1814,0.007886918671215215,0.01093814949747417,0.014412478911407841,0.004758577983440341,0.00661788521807727,0.005901579714061453,0.008961702146686212,0.01403499244668665,0.00637420785873918,0.007826704357759832
1815,0.007863348572746494,0.010893717071352726,0.014319993171273734,0.004806684240717158,0.0067300344628281475,0.005878754978597428,0.008924920381515789,0.013931521877633185,0.006452113107313306,0.007986674746154138
1816,0.007859536830853166,0.01091959879460116,0.014260435407273286,0.004927035018784455,0.006789825519404136,0.005873487832275334,0.008954559362641947,0.01385901191972504,0.006615031810036012,0.00807100760770016
1817,0.007877333964861222,0.010981161632973314,0.014229916468015791,0.005072673758761204,0.006801533185427191,0.005888304239777148,0.009018630485669482,0.013822933364137037,0.006798154065571564,0.008084858494497173
1818,0.00790434447772075,0.011032593654354992,0.01421194035927893,0.005169464546604173,0.006772757395688795,0.005910220470964521,0.009074029854640089,0.013812702452325158,0.006908844384516733,0.008036885281112616
1819,0.007933037108146156,0.011067162405245965,0.014203634287893903,0.00519714058187618,0.00672242468907526,0.005930440689797442,0.009111107795620025,0.01381996887078655,0.006927134596417329,0.007953569978126046
1820,0.007960332282319462,0.011100705692485006,0.014211539743383595,0.005173058262344715,0.00667250754804665,0.0059468597773569155,0.009140666622980034,0.013843404591793453,0.006888547351780241,0.007870987466662876
1821,0.007977807094866002,0.01113690452976253,0.014228268673278848,0.005101914655446448,0.006631336412113397,0.005959660992652542,0.009175406256672061,0.01388551760907377,0.006819173511760231,0.007815635895633584
1822,0.007994215479129164,0.01118425355700986,0.01424782691641714,0.005003980184716586,0.006588860443993323,0.005974340950123641,0.009226126735982804,0.013931226052648717,0.006731949509503331,0.007770737370183796
1823,0.008017076489271342,0.011241903446930669,0.014265164942826801,0.004892341163193683,0.006520375031704469,0.005993323104406912,0.009289998660773267,0.013962972535115204,0.006627885198093812,0.007693810933898669
1824,0.008042658109240784,0.011308730648664231,0.01428044248826269,0.004790360419033322,0.0064247627486356965,0.006018213877083242,0.009372673131120973,0.013990164957025004,0.006534214035298235,0.0075870727476010785
1825,0.008064424139360694,0.011398667040825618,0.014309176996434468,0.00473716308895179,0.006325021204489437,0.006039715005101025,0.009479975595888604,0.014021786243067741,0.006493003561235625,0.007475520811428276
1826,0.008074418422520976,0.01150747027418211,0.01435052636984643,0.00474800899377985,0.006232173444744241,0.006048531702330353,0.009601953498317084,0.014055334960968136,0.006520856867986151,0.007367737413951118
1827,0.008081489123723504,0.011592277580968957,0.014370668626839488,0.004789295685406441,0.00615324101799597,0.006056521364972243,0.009697919150843046,0.014072490689762964,0.0065796661772917165,0.007273652779394079
1828,0.00810096918760642,0.011603118587463138,0.014335670388198541,0.004822182083736184,0.006095517274777021,0.006106551065573947,0.009758317589759426,0.014114877511815456,0.006653946158871654,0.007232498616694934
1829,0.008136062393914078,0.011549851854571516,0.014257153126430291,0.004855217670028161,0.006069928565219489,0.0061557342935658396,0.009718669602897058,0.01408840407761063,0.006702936644799604,0.007204636673288643
1830,0.008177869056283727,0.011499030350766713,0.01419231557885773,0.004923513876944912,0.006094554285894915,0.006154619764146816,0.009587351542141,0.01395609434369116,0.006729102644533236,0.007173901882892317
1831,0.008218292998557555,0.011501158874290533,0.014188187146474815,0.00502753094606588,0.006177229130088399,0.006187295880795168,0.00956518990147134,0.013973284668327807,0.006843309874527662,0.007265864163310351
1832,0.00826876528107183,0.0115429842142006,0.0142561547907672,0.005122227530939042,0.0062931195917868485,0.006220811431279986,0.009576531170891626,0.014049234951697165,0.00694597608990732,0.007404626185668784
1833,0.008339211923332882,0.011581725513632892,0.014393408045820164,0.005166395008336194,0.006402040158827614,0.006265287421577611,0.009582629095945606,0.014180082111596113,0.006985573265999544,0.007541264189150584
1834,0.008423778714180886,0.011602670759277612,0.014533162365660596,0.005163822350365243,0.006498257776599546,0.006324525268300834,0.009581058639425146,0.014308437435103679,0.006967751072743052,0.007669340737282723
1835,0.008505048600727113,0.011638478915393666,0.014582517572041112,0.0051423489859182105,0.006615617506212586,0.006385242360668819,0.009608523362311125,0.014339480390972402,0.0069282183766871865,0.00782275261246888
1836,0.008545049938660758,0.011693644433337274,0.01447333543620817,0.005106699613091243,0.006759504741645103,0.006419864171875448,0.009680877923468131,0.014217463432177738,0.006884435742678007,0.008008258397618793
1837,0.008540293568053468,0.011766681142079917,0.014300699482501327,0.005071575333186558,0.006902457138059661,0.006420133634294175,0.00978513410778545,0.014037036181417474,0.006852229677802108,0.00818682064566744
1838,0.008486522556626054,0.011840543881014257,0.014167620691595854,0.00505152093301736,0.00700572665440064,0.006377017285722841,0.009891529332835863,0.013902176428278625,0.0068442740776648225,0.008305861166731578
1839,0.008415936360960516,0.011923580454784748,0.01411262457884685,0.0050686396252465574,0.007063847878070198,0.006316023967130444,0.009992378493500223,0.013848801526991908,0.006876815144510128,0.008360743067502624
1840,0.008365649675791882,0.012018530378843113,0.014091752624090337,0.005124751055710837,0.007074790316280367,0.00627799189171597,0.01008680024742597,0.013841481537076117,0.00694609206415583,0.008363170525338415
1841,0.008368529818636455,0.012134194030929846,0.014084654734795763,0.005202067155944522,0.007049708641279392,0.006291384932347493,0.010178365609781612,0.013858825895421803,0.007031125650981805,0.00833368055540818
1842,0.008438681150753953,0.012261664155846518,0.01410084013513441,0.00526074266882158,0.007029612584296722,0.006360142543372631,0.010275031295919501,0.013908318176903243,0.007100416539841416,0.008330447968113623
1843,0.008580688948896286,0.012384618812006606,0.014144231887338982,0.005259577310047865,0.007050626559517387,0.006474961045368816,0.010374267236268424,0.013982373931984864,0.007117685299928557,0.00839717270661529
1844,0.00875576155353037,0.012479122179116446,0.01418661229823809,0.005215845642021586,0.007108865206247249,0.006607821288159332,0.010460834159016037,0.014055512699072476,0.007101868486401126,0.008522524969116948
1845,0.00888939099431867,0.012509918723354406,0.014181511067385182,0.005173992832533913,0.007178394826398673,0.006704393318639334,0.010495163471332562,0.014081351919684792,0.007092331296105218,0.008658433877551861
1846,0.008925523240807996,0.012458122327539985,0.014105054907410788,0.0051530086605233606,0.007230757719128661,0.006728524020791417,0.01046269530631361,0.014047123784485844,0.007109833844935787,0.008762615367295841
1847,0.008890356337886181,0.012370781658269466,0.014008236890748814,0.005157800840955041,0.007247487551876206,0.0066925807205489496,0.01038532114770419,0.013975283840406489,0.007143409677820191,0.008787304442677326
1848,0.008809740053341779,0.012281170333025554,0.01393215203362808,0.005185501857867691,0.007209545517290566,0.006621493249731971,0.010291356091871961,0.013905466185744626,0.007186784393904787,0.00870363292015615
1849,0.008705376527568651,0.01218495145520974,0.013885351167254522,0.005229527536746319,0.0071617499451423735,0.006532435937276231,0.010174817576333511,0.01385107594110085,0.007233632258327916,0.008581923941689468
1850,0.008597375165482514,0.01205422261522875,0.013855311486173928,0.005278952505042107,0.007174496585051449,0.006433426910753129,0.010000510344022958,0.013798916468139693,0.007270853804413145,0.008528195527845136
1851,0.008551455047095122,0.011940937738970965,0.013857619552490852,0.005430590761716781,0.007329925310847769,0.0063610803732262,0.009808804488267483,0.013757537767436278,0.007311889909631362,0.008617170752040323
1852,0.008531196978445926,0.011804535290669022,0.013871056726949701,0.005416345267013939,0.007431297480672378,0.00633967604294081,0.00964059073523099,0.01376400754956662,0.0072739643917949836,0.008724283863988205
1853,0.00862851808224084,0.011779454114471654,0.013975321450425009,0.005331360170679594,0.007485989516549373,0.00641860333371943,0.009605807836631392,0.01385688211772819,0.007160486995091823,0.00879064428070824
1854,0.008788045464323234,0.011841718109562006,0.014122398260385072,0.005235438275018625,0.007485451913450426,0.0065556532697689605,0.009685973908390521,0.01400010906151568,0.007045067987824702,0.008805175195682784
1855,0.008915962340456433,0.011937414118596371,0.014231968400549435,0.005225916348282185,0.007444648176468647,0.006668147352716653,0.009815046824106766,0.014112510381662894,0.007033706385711155,0.008775534108976588
1856,0.008965730752579209,0.012026450847578023,0.014253786161097006,0.005323228571980012,0.007379359146015625,0.006721048491690253,0.009947919431692109,0.014151239836830656,0.0071507527589816985,0.008720138861620971
1857,0.008955278222437371,0.012091432072987853,0.014181278752825852,0.005432355311962037,0.007312652433442472,0.006726962210271391,0.010049695244260286,0.014093420385824701,0.007278426907983974,0.008660895845877202
1858,0.008895214112124825,0.012119796263674043,0.014019262570555314,0.005464955444135826,0.00726238105615893,0.006687946981893958,0.010090467767944509,0.013926538068173119,0.007308597588592117,0.00861067504339946
1859,0.008809404109277382,0.012132096993124716,0.0138324205306625,0.005455043445586048,0.0072395342779147135,0.006623397190553922,0.01010100132622313,0.01372477586354968,0.007291184953321648,0.008584826310259502
1860,0.008725919359176436,0.012157216906985655,0.013704678808380829,0.005478983770073902,0.007246559640099579,0.006557679828289918,0.010130259227138212,0.013590379742695738,0.0073328552309018255,0.0085901775790433
1861,0.008665195649257594,0.012202166853537963,0.013666025189218427,0.005554380180419468,0.007278570137445646,0.006503179657462964,0.0101838280193603,0.013546008721621077,0.007451026177156948,0.008616509585750734
1862,0.00863925640794624,0.0122478494406546,0.013685016028178456,0.0056282030940131905,0.007326875229216826,0.006477007398849597,0.010241538936918794,0.013559069037073823,0.007575009482329947,0.00866477787609239
1863,0.008642699016148827,0.012262605959503889,0.013718891385925087,0.005647144994472987,0.007378060970921571,0.006480653916486127,0.010272506029513575,0.013589316920757809,0.007636762280894238,0.008731783215200368
1864,0.008657339233870083,0.012259164680492474,0.013748730193654203,0.005646296165444685,0.0074295768043249775,0.006489264755191867,0.010281188272948135,0.013613641581109748,0.00765975911459322,0.008812573323880836
1865,0.008650039920434605,0.012255729938536025,0.013750642161037647,0.0056765412178323826,0.007461428338112497,0.006467068590455775,0.010286420934294743,0.013615493818285957,0.007691272883454421,0.008879099020562192
1866,0.00862978861657154,0.012262760367913154,0.013741203426163282,0.005741283693796682,0.007444227789485127,0.006427914551203852,0.010297522260149797,0.013610809891369735,0.0077379715360716755,0.008887361941738253
1867,0.008640820370749954,0.01228362170429168,0.013781178784835786,0.0057913600952232015,0.007342231138297812,0.006432926621940353,0.010323493515934704,0.013664447787248185,0.007767656517238822,0.008790075698103927
1868,0.008703390193332107,0.012315387505459439,0.013911655042923243,0.005784386750571741,0.0071406270899654735,0.006498772952989523,0.010343360894802731,0.013791434546091596,0.0077372306948516375,0.008545394527193075
1869,0.008777174759036784,0.012345022120104169,0.014071589334770693,0.00575614095955572,0.006951299540065051,0.006582275521581719,0.010360378331889459,0.013941943863812168,0.00769996454911448,0.008304377857298356
1870,0.008790445616523,0.012353111416383863,0.014159769960501794,0.005749892268316727,0.006900796108908121,0.006610399945432786,0.010378250673778027,0.014032323556357128,0.007718308208701063,0.008238066562854076
1871,0.008722984252464771,0.012330141142471067,0.0141402345967064,0.0057590206111909435,0.006993159570605285,0.006555998045842265,0.010372872625066785,0.01401726267920039,0.007759461632087211,0.008344374068572875
1872,0.008608355719559747,0.012279620193063875,0.014044875463058383,0.005732284506660207,0.0071464355359955045,0.006455907584545909,0.010329057262947564,0.013935205599276997,0.007734739445317035,0.008521654444614309
1873,0.00847910205271725,0.012209878789296061,0.01390139254478797,0.005630444183452023,0.00728640291681861,0.006336408804593467,0.010231321499264163,0.013797497900964175,0.007573561624148588,0.008666244305976458
1874,0.008393664533614618,0.012183522440188034,0.013765760460404508,0.005513644940195279,0.007402647502409301,0.006258194179529464,0.010167973858200773,0.013667440091638665,0.007377560896939632,0.008783037736993644
1875,0.008400946749369472,0.012265024958954821,0.013697358238980129,0.005446751965380331,0.007497130825768857,0.006264426128917093,0.010222213133286095,0.013598511295757683,0.007259261372842867,0.008884961536071188
1876,0.008477899283292347,0.012417977224238805,0.013694002057373325,0.005427710464208338,0.007554880231203403,0.006332117663600014,0.010358172812164255,0.013581477587764961,0.007223599367752051,0.008948160953596023
1877,0.008560544415788568,0.012556522418222854,0.013734204322255408,0.00542203658411502,0.0075526355018565566,0.00640583902982023,0.010488890698763364,0.013604173672431696,0.007227216395460884,0.008937167461501874
1878,0.00860318769286187,0.012618502751039345,0.013793944723039674,0.005407576795223047,0.007483228504000312,0.0064476349790141795,0.010554386220055735,0.013656352158636507,0.00724167643923068,0.008843741255399024
1879,0.008636033023054072,0.012604451447353783,0.013844342085325048,0.0054057063276267865,0.007381013103396546,0.0064796524140431746,0.010541608088443162,0.013698989648491866,0.007270399842557858,0.008708394196389899
1880,0.008695276325251796,0.012522959988089501,0.013861099805719031,0.005435317244188298,0.007277675575594651,0.0065355810615261925,0.010454983804363438,0.013710076986314695,0.007323115568449654,0.008574503935215753
1881,0.008768599004227414,0.012409623946377023,0.013847690582568628,0.005490408948597194,0.007206565837977217,0.006601880986951495,0.01032613602450894,0.013690661733178745,0.007393422181394594,0.008481662293448766
1882,0.008794740205563251,0.012299175925005698,0.013795942543113905,0.005543995203983326,0.007186270534778039,0.0066293838005497254,0.010205606838020428,0.013650303723832375,0.007467640967716617,0.008460462737650153
1883,0.008770766183983312,0.012216438924957815,0.01372407861876008,0.005594168671318545,0.007219452474176544,0.006604207078013209,0.010108344068369246,0.013586124134507953,0.007537564476095824,0.008503115020914609
1884,0.008765134502217047,0.012138982213217924,0.01365743955532636,0.005638409784492441,0.007282272051155486,0.006595710356928782,0.010030817145148072,0.013528690808264496,0.007609210070754059,0.00859875091584087
1885,0.008833999146343308,0.012047184792565151,0.013617138113951092,0.005650088480841716,0.007347594096317604,0.006649883249057564,0.009952225711730054,0.013481474313019225,0.0076533366644981875,0.008713985429680044
1886,0.008968759185611795,0.011954334769842033,0.013610082662597715,0.005642601814121449,0.007393784187893833,0.006759853124608661,0.009874991311062089,0.013445289416062978,0.007668989246063406,0.008803929507200207
1887,0.00912511212844885,0.011872639506297572,0.013633380365353494,0.005645676278051882,0.007396319012461309,0.006893487145866067,0.009806347166474282,0.013428088378797935,0.007673786903964917,0.008822929688251296
1888,0.009255090913841704,0.01182829720213801,0.013682578968850704,0.005680442434478173,0.0073598978310089255,0.007013983023165064,0.009775934744378838,0.01344338382292452,0.007690079361609276,0.008784878483187134
1889,0.009300281111235504,0.01184485807836606,0.013732544115557205,0.005723272299210933,0.0073098914907988,0.007063567723972361,0.009802969358535783,0.013467907756241716,0.007698352841500547,0.00873633333670067
1890,0.009225329907669524,0.011921831270717229,0.013768733434953023,0.005733329267691143,0.007265354053103295,0.007010053522378229,0.009890388179495361,0.013499386384025728,0.007672421468013783,0.008714500062156448
1891,0.009066811621546315,0.011991796806645241,0.013784802906347253,0.005701628380818095,0.007207094699271116,0.006883649603589111,0.009974053156093109,0.01352755678570555,0.0075999469075838195,0.008675003063524969
1892,0.008879594645399952,0.011986329173453993,0.01377476280615981,0.005611560623772005,0.007107229860736496,0.00672490950673467,0.009978125030162268,0.01352833128380881,0.007455572729001333,0.008550964956530167
1893,0.008725437932077387,0.01192317354479485,0.013730715261727132,0.005484636226979404,0.006974864104346769,0.006592523414309188,0.009920268554912346,0.013492636834765427,0.007272234515199734,0.008364054985572715
1894,0.008654002652542545,0.01186840662927739,0.013649138002408554,0.005377670904339566,0.006828112077252556,0.006538691101784899,0.009869551380199234,0.013426921020350814,0.00713012344864293,0.008168305136780567
1895,0.008675690165615679,0.011854647585070563,0.013549574851858292,0.005320931120091952,0.006692618636400411,0.006573401810326163,0.009855914233529835,0.013351664373968425,0.007072564757426841,0.008013688142424471
1896,0.008731927716591247,0.011856189639417505,0.013501967182562507,0.00528919698863793,0.006650866816776125,0.006635191551409955,0.009849019254520967,0.013323929237926338,0.007066867568236817,0.00800387252865108
1897,0.00873455122150957,0.011834255764871132,0.013555762474339175,0.0052440831356180195,0.006762731050039325,0.0066387599304875726,0.009814688418458754,0.013389156297612285,0.0070682171648621325,0.00821023913725759
1898,0.008678441913593654,0.011795325304959057,0.013682003149253668,0.00518854327502051,0.006936743583638638,0.006584804630501109,0.009774742681410672,0.013527185214537824,0.0070677339928085685,0.008496934303804694
1899,0.008594486809160794,0.011758616715962603,0.01381537415376987,0.00513699194377811,0.007004094284833082,0.006495235702697236,0.00974307581030966,0.013655055320895258,0.007048791276260172,0.008606574624269623
1900,0.008492223680756694,0.011732815468444721,0.01390808040657587,0.005083529932289002,0.0069129915040305745,0.006387286231614075,0.009737668953647612,0.013732398039186819,0.006994543229381001,0.008468449807650397
1901,0.008367603183613693,0.011721020130581778,0.013949502894988657,0.004997189062836515,0.006767732463993385,0.0062686940551336,0.009763023672433088,0.013755888773356801,0.0068751834731844525,0.008233316040603563
1902,0.008219009772823272,0.011719196645700088,0.013941513662748378,0.004852498249184278,0.006648501956247283,0.006141171689442319,0.009804651194386968,0.01372426999481368,0.006667939910359993,0.008011429280731959
1903,0.008101700263822715,0.011734818227391143,0.013921676847494234,0.004717457661310722,0.006582148047945873,0.006056330925524478,0.009872667627768313,0.013689054502648824,0.006465657868762234,0.007861895120590608
1904,0.008086562468158583,0.011775683790417971,0.01393342349125254,0.004681041070370701,0.006579954345489794,0.006065587308935283,0.009958491931396772,0.013682625260556806,0.006377385357395396,0.007811682013354173
1905,0.008149050801954496,0.011795070472365375,0.013987583984588178,0.004771051151660102,0.006624225298193786,0.006144548087342946,0.010008751499125694,0.01372209464398109,0.006449585405477054,0.007851366830780852
1906,0.008159389815071815,0.011695729787158231,0.0140768090091147,0.004943816623605302,0.006674442130986818,0.006170356806844814,0.009912390892425347,0.013801953198511413,0.0066445395650516345,0.007929759024453741
1907,0.008054379425926649,0.011442189128895884,0.014188060223199114,0.0051412444114349925,0.006700526591528739,0.006077160238330608,0.009621642410868967,0.013901265322702996,0.0068892882112687745,0.007997239699870259
1908,0.00796084634926835,0.011153031093632172,0.014261609197955162,0.00530265500584276,0.006689531470084335,0.0059897171325944635,0.009287001702960112,0.013972242657488693,0.0070869263760369935,0.008027515462674752
1909,0.007993921353248003,0.01096572692450364,0.01424366758117295,0.0053527377372236725,0.0066274127839273346,0.0060202524485671325,0.00908054287774492,0.013974544253133948,0.007137095474687001,0.007988989337343643
1910,0.008128416645350158,0.010905383508368931,0.01413350159187433,0.005296807419446719,0.006536311831015907,0.00614138150006412,0.009021044438003828,0.013883723347315758,0.007046282120473986,0.00788974971065825
1911,0.00829549467126288,0.01093674055767829,0.01396001856906911,0.0051747972134557,0.006455964771366525,0.006296476351112267,0.00906701474416814,0.013724254400383384,0.006884399541929552,0.00777727733839519
1912,0.008434053761409335,0.011007741858828258,0.013778275509765982,0.005018146368868481,0.006406857359537533,0.006436039312106924,0.009160740973760911,0.013554084041522474,0.0066981838891646776,0.007686052743790957
1913,0.008488439308077137,0.011064309607529759,0.01368858733918155,0.004863735569925699,0.006390636836219215,0.006500751040141191,0.009226805538686373,0.013456658488280444,0.006506907327750053,0.007628143549336963
1914,0.00842194624658307,0.011065499885298988,0.013760342792489836,0.004739904501479369,0.0063981463718541225,0.006454804512571171,0.009219251662078006,0.013503465618743752,0.0063331545864457675,0.007610364131805072
1915,0.008313313567117502,0.011042968335036056,0.013940216839265435,0.004656348078793622,0.006393252356908561,0.006366506605827786,0.009186665771693903,0.013651657222285755,0.006202803271561714,0.007590160405514419
1916,0.008248338398559664,0.011018187307975514,0.014121775426728345,0.004578812871707505,0.006308474761096023,0.006311642807930466,0.009172268131176962,0.013807740534927511,0.006104175806515441,0.007474008725600389
1917,0.008229049264979325,0.010970639769564377,0.0142341810869896,0.004489177229558806,0.006142534905345793,0.006291521865575184,0.009156182724518807,0.013903890659765146,0.006005900707721681,0.007257344438565858
1918,0.008195137192047312,0.010865184880107109,0.014252388330640573,0.004416646629588109,0.005940578520122601,0.006256427493677989,0.009095833810914573,0.013923577122259565,0.005899686744010228,0.007004077523699298
1919,0.008090040746807718,0.01068324644733455,0.014175752700867395,0.0044034694298631435,0.005715246914298885,0.006154860515342544,0.008960446993441416,0.01385825542568689,0.005806022941478289,0.006720984488409579
1920,0.00792220618609785,0.01047264013023864,0.014117971285490754,0.004474288039536299,0.005509493512338783,0.005997171223559728,0.008787732731087983,0.013813307074774524,0.005796642130092004,0.00645501820406909
1921,0.007703672966673169,0.010266852154820018,0.014176656601946731,0.004590534863631,0.005396556426668567,0.005853188627826744,0.008684154397302546,0.014014160295237202,0.005941537977966548,0.006363202754591361
1922,0.007500363784700203,0.010101760870445698,0.014300542274921748,0.004724018167043959,0.0054518434284063725,0.005666011435072834,0.008518281687745696,0.014130966163202334,0.006098520172005387,0.006439942591328947
1923,0.007388698087329993,0.009995156072039303,0.014373241133986114,0.0048712441336316616,0.005685622059028082,0.0055519358691210755,0.008382816114720562,0.01415049166933836,0.006290629219758666,0.006755235240656657
1924,0.007394179759389505,0.009947790847963031,0.014352227129751052,0.00500758763960632,0.006005577124588987,0.005565792564722042,0.008329235113735239,0.014120538677615473,0.006499719770769084,0.007218067453633929
1925,0.00747401689387286,0.009965835733916134,0.014270546510998204,0.005056884007754105,0.006249549042190117,0.0056361387801810705,0.008323424925187358,0.014014093570379412,0.00657748580026695,0.007572617181061898
1926,0.007571785874718312,0.010058521470580464,0.01414751338772296,0.004970301919456447,0.006300154248895267,0.0057242167351481,0.008403716437878116,0.013893276124339844,0.006472875979088283,0.007677672102904823
1927,0.007649979736011013,0.010206291693698051,0.013972701838048662,0.004833359045961285,0.006208923838692487,0.005791466935508605,0.008541798339387063,0.013713541067747142,0.0062969406904138416,0.007575112246609794
1928,0.007648955624645878,0.010348222452600753,0.013720167155146172,0.004712687821940605,0.00603517514141078,0.005791840551678345,0.008681218907876936,0.013452764805503099,0.006172764765593827,0.007329813031276992
1929,0.007589174560706282,0.01043625635814778,0.013419937647527299,0.0046187911817898095,0.005863069620002847,0.0057450140958499405,0.008767696942847814,0.01313568600160186,0.006111090229691421,0.007055179850662084
1930,0.007523645126199428,0.010443678053467598,0.013138397025465,0.004549613257272225,0.005783099278036713,0.005707503170210194,0.008784964654610537,0.012848202263581576,0.0060868135025175865,0.006902577824454234
1931,0.007458309459938631,0.01036414457979721,0.012923269982149689,0.004523621707667354,0.005820815237996171,0.005667360875704054,0.008710670131342985,0.012617561740355297,0.006084809068096137,0.006908783492733512
1932,0.007377236430985509,0.01021054512464711,0.012801258117691982,0.004539052971378917,0.005935836300767644,0.005599136362079539,0.008560688917240678,0.012476602836902868,0.006096779355959176,0.007023988190869617
1933,0.00726890414481213,0.010000587217645554,0.012795813422863254,0.004541248642513357,0.006075167772161763,0.00549540793849092,0.008368090939036097,0.012474438389777378,0.006079841466496421,0.007190809977376419
1934,0.007147542886500835,0.009795298093864991,0.012924475041391595,0.004538063434345758,0.006164518300662288,0.005376107919403132,0.008177900225584176,0.012609948446306554,0.006038921382146635,0.007312679155141641
1935,0.0070261002579218215,0.009655422815807634,0.013199966716835406,0.004592829130657474,0.00609125046784551,0.005262606418308401,0.008028804926582082,0.012872281030743055,0.006031739881240349,0.007234558722697877
1936,0.006951552301383972,0.00960269286734998,0.013564369338671188,0.00470600734699592,0.005873452755210646,0.005212003786417967,0.007965383770623065,0.013229689561048462,0.00608081506065744,0.006990506185897866
1937,0.0069725938953112045,0.009613267802611547,0.013879926845111216,0.004735522509230547,0.005661729021072771,0.0052486978087119135,0.007968423738813379,0.013526945815536956,0.006054344247047412,0.006756896544312708
1938,0.007076354628731269,0.009662281870162812,0.014047873630341236,0.004589642714258883,0.005569066994623563,0.005358408285897585,0.008036672066923456,0.013687576808671024,0.005884763537111627,0.006680596482603616
1939,0.007187890316434137,0.009749640330979954,0.014088421846847375,0.004378913618143254,0.005610182613523106,0.0054726258729261386,0.008174465680998323,0.013732815172563938,0.005685872737090734,0.006771402037980352
1940,0.007227905971112936,0.009862298762569643,0.01404489259091688,0.004218052614280571,0.005755347010609172,0.005515395778902912,0.008358354014217036,0.013696427203493228,0.005565575913105686,0.006974185093108576
1941,0.007211528946944892,0.00996410658337033,0.01394798838178121,0.004169856958938857,0.005939967091333638,0.005500666792783498,0.00852245694133263,0.013596233548581095,0.005553717472304097,0.0072028486419914925
1942,0.0071679026284294746,0.009991417059769303,0.013815577363408283,0.0042510875976607045,0.006068170938386626,0.0054625017950396745,0.00857810923169411,0.013458985506707564,0.00563910615218172,0.007340746465262898
1943,0.007100714635746332,0.009911801770580328,0.013668242241862201,0.004420708834029282,0.006100605641203438,0.005406855208970571,0.008492684721380272,0.013308107465021137,0.005785531187127497,0.0073455400307606685
1944,0.007007587081701016,0.009719355084255523,0.013519819619806561,0.0045900760695120005,0.006039745793945253,0.005337299815822316,0.008286392141135485,0.01316552699042769,0.005934742458560565,0.00723639735548246
1945,0.006907634345123885,0.009438443578809762,0.013381451161672263,0.004654680395382724,0.0058726685161221755,0.005266328354546944,0.007985776650931194,0.013027622331734923,0.005987341485686421,0.006993765446260755
1946,0.006854621494873064,0.009172386310313722,0.01329433732265943,0.00453212568156489,0.005610164245298867,0.005243590268111361,0.007694310784206958,0.01295262641140734,0.005853898023489346,0.0066451333824600126
1947,0.0068711128038138935,0.00899480606370174,0.013293289101406007,0.004191711532601777,0.005296656160818331,0.005271250085393145,0.007460322641216909,0.012953366704347059,0.005481550163780225,0.006246739751513174
1948,0.006928000861657821,0.008930217291780918,0.013363123531625753,0.0038282399272783893,0.005045243862435714,0.005320285784002697,0.007342484777062412,0.013012866117677187,0.005074187677953751,0.005946981505065221
1949,0.006966649957904821,0.008970349660153443,0.013458354569663693,0.003663962731466164,0.0048882319626264315,0.0053516469192511846,0.007399268955802822,0.013116938658019828,0.004882160569621262,0.005764384885682782
1950,0.00695220924223261,0.00908320034875207,0.013548267022346874,0.0037128570204401643,0.004815644807003558,0.005321585449996631,0.007575815255016061,0.013194977259304162,0.0049000725033138915,0.005652823179186738
1951,0.006852765852121754,0.009189025557066507,0.013612859236718332,0.0037691304235909994,0.004802350307241994,0.005217959908094987,0.0077576094713460745,0.01325780241206275,0.004911746373550669,0.00562376559132621
1952,0.006663076628902394,0.009211393271218416,0.01363432730287127,0.003681256756569406,0.0047978974567089595,0.005037281857166397,0.007824897531636326,0.013279589372208118,0.0047600914870544846,0.005618888696215565
1953,0.006488179696367971,0.009194776244460846,0.013615482941331093,0.0035404540924879884,0.0048525427752658555,0.004886159094327468,0.00783512622467824,0.013273217531019796,0.00458288005838505,0.005699870924125145
1954,0.006391002033183722,0.009179885622755422,0.013541722874450685,0.0034484578978956097,0.005018532892427281,0.004808230229373858,0.007820835939926015,0.013188731670869213,0.004516287281958119,0.005915267079454376
1955,0.006385619436975924,0.009145472160786462,0.013460752934517374,0.003442952024649576,0.0052949050198181835,0.004803323470603087,0.007765262495023334,0.013065519849643001,0.0045798709379287214,0.006277475732455449
1956,0.006474178756276088,0.009063141998992321,0.013453351530744475,0.0035036002689593036,0.005592192046574383,0.004885550412330471,0.007688225545358119,0.013050717401744318,0.004736487940715905,0.006701494341354173
1957,0.006637460114219662,0.00896293195507886,0.013530294925250548,0.0035860119635296333,0.005794154301979184,0.005026742127256252,0.007600772137336451,0.01312249715074567,0.004899695619237971,0.007007839134088236
1958,0.006795362122851923,0.008886235266429059,0.013619190892661356,0.0036308773955294896,0.005806081496516937,0.005165499801582027,0.007530869956955959,0.013210941622914439,0.004985362335732392,0.007068336391435666
1959,0.006855227285549398,0.00883443383507784,0.013661892952253273,0.0036068588197169724,0.00560450469969959,0.005225259298679694,0.007470702818568265,0.013267371786885154,0.004955994690023564,0.006858543205405203
1960,0.006800333092123261,0.008779958236678645,0.013633357038825105,0.0036068633610443802,0.005300209710525694,0.0051839983338629715,0.007382930634701677,0.013242835126181823,0.004906549873300408,0.006515050540799799
1961,0.00665326818186346,0.008713735519542869,0.013532730950229136,0.003763953941614167,0.004980761889495106,0.005067909259879331,0.007269292006087283,0.01314664758703148,0.004990383048024656,0.006145811866386102
1962,0.006510818673978816,0.008667652623597337,0.013409671645954455,0.004083514134680498,0.004698963515735925,0.004952043636474608,0.007173686180237493,0.01300908792317384,0.0052438183412594555,0.0057867852784255994
1963,0.006443412922966435,0.008624274736755142,0.013315743336440138,0.004390567675992876,0.004512544418723887,0.004898473204998526,0.00711920230079648,0.012913214590533845,0.005547659210558129,0.005502029618144454
1964,0.006433319024096151,0.00857565018112938,0.013276774523053902,0.004558705214289228,0.004449938152054081,0.004877759161394952,0.007089573868484356,0.012862164670175614,0.005758243835772587,0.005339844220505156
1965,0.00642674293241199,0.008563119541723369,0.013323296895583174,0.004565150640953689,0.004450627703914352,0.004849747256204226,0.007110851261652672,0.012881353801435113,0.00580590008169991,0.005281462434036042
1966,0.006375701695381677,0.008578920557147058,0.013455217667925953,0.004428632317562028,0.00442095859162136,0.004795110434716308,0.007176871263499381,0.013009304038365211,0.005698854346520481,0.005242669356233506
1967,0.00628698412758086,0.008589206603586261,0.013624777410505228,0.004286195771230068,0.00437394549618563,0.004713073842072467,0.007219185839782443,0.013172023679007015,0.005566322614460929,0.005192211417425159
1968,0.006182053017139402,0.008545447183872535,0.01376330993037368,0.004204901006484983,0.004348827088744543,0.0046318789571285065,0.007183195417441652,0.013317009780656827,0.005489752142258054,0.005152442728482973
1969,0.006115270109121345,0.00847342542031715,0.013830883148428137,0.004207059943466712,0.004398470180686547,0.004593728531856885,0.007103389150741642,0.013392125113460296,0.0054861322905957535,0.005201379885854201
1970,0.006094609483049241,0.0084148301785444,0.013803008336331912,0.004329596543757021,0.004523105870588325,0.004586400879197975,0.007032768519716492,0.0133556708364701,0.00558160459723779,0.00534722406016748
1971,0.006110997229683542,0.008366207838536985,0.013719724064845345,0.004555014079603273,0.0046629601321414365,0.004601607017768968,0.0069796460140590525,0.013262939267436243,0.00576852103624698,0.005524162888398078
1972,0.006138436637470784,0.008260591004640525,0.01363685710557858,0.004774501593415073,0.004717224968436765,0.0046229039692927505,0.006869210096024344,0.013172089609643913,0.0059437554880674235,0.005606077773695934
1973,0.006141367095567786,0.008093845555730885,0.013581962000292908,0.004902073711205216,0.004643267192213763,0.004631409330807367,0.006705348331255818,0.013135408133814192,0.006035472296779711,0.005546541123054511
1974,0.006107603683383824,0.007999234929311504,0.013535900968283434,0.004934399612936204,0.004530825061231485,0.004614829776028758,0.006616752812346401,0.013101541401061196,0.006033787939250002,0.005444222640977765
1975,0.006024776458120798,0.008069374796049446,0.013471639610062465,0.004857498671585064,0.004449525348267198,0.004589460698092483,0.006737348628045921,0.013103565607561679,0.005961119455926724,0.005404193426925364
1976,0.0059996837372680864,0.008269905876383897,0.013418740794603538,0.004729810910149,0.0044246763722720385,0.004612500323700081,0.006997248728056321,0.013096529581722884,0.0058504579375307205,0.005428331245732536
1977,0.006104080019940984,0.008495792962044484,0.013392520652188718,0.004651101392125239,0.004401058531481813,0.004684536466037755,0.007221878233097491,0.012987532703279714,0.0057603838994994055,0.0053859961090120465
1978,0.006312690030216964,0.008670145780097584,0.01339343317396622,0.004685996884622831,0.004380991981111611,0.0048762850075447116,0.0074512518429812324,0.013023014692197216,0.005856788131670682,0.0053874032813987826
1979,0.0065059164518346336,0.008736896145773113,0.013442804366323054,0.004781359082917189,0.004433021530184232,0.005016644878475998,0.007479043286827711,0.01299784903626522,0.005976724365095068,0.005451793344718797
1980,0.00656107669980185,0.008709457287182028,0.013512359339028791,0.004832609672888768,0.004543732765335691,0.005054774680386886,0.007404361815023473,0.013031098822700189,0.006069481803728546,0.005616765536297165
1981,0.006452216235139726,0.008747861880291023,0.0135473135610088,0.0048063709782166664,0.004626899385713539,0.004961986292423491,0.00741502009952097,0.013063209579757287,0.006072290325985905,0.005726988106679037
1982,0.006130585189348073,0.008904656568006871,0.013490836363636289,0.004689652954658744,0.004620103102788067,0.004674880334372594,0.007558425753358112,0.013002821394146366,0.005934763882383485,0.005660265174297126
1983,0.0057385687355850385,0.009046532955089765,0.013376494894218756,0.004557056580363276,0.004600521257617323,0.004326053994226521,0.007700890429693142,0.01288540822287913,0.005754036706958474,0.0055589471342760485
1984,0.005482808799707157,0.009000712691076258,0.013252384352524833,0.0044651797768239946,0.004596261077962803,0.004104580826887496,0.0076630968425570704,0.01275025718140825,0.005613708291764611,0.0054924227484430335
1985,0.005476068163298471,0.008780095255097823,0.013169724386934032,0.0044197350051837486,0.0045773623353397765,0.004109926763685063,0.0074599505623064435,0.01265024290545486,0.005519889245718925,0.005437635481923971
1986,0.005699873582855604,0.008449806842040749,0.013169335721740161,0.004376541048668145,0.0044405528575690795,0.004316472186462568,0.007154205276809459,0.01264452487459826,0.0054183124563114285,0.005260806192390445
1987,0.006062084343020005,0.008085082385209332,0.01325999929999645,0.004277476032633741,0.004159929300717552,0.004623241194261482,0.006780978249636896,0.0126975284943224,0.005231703567173181,0.0048895767290779235
1988,0.00638171665494402,0.0078386081100664,0.013390336689718573,0.004106736174395868,0.003911987074057186,0.004900790711361742,0.006533106933933623,0.0128238448999534,0.0049925456943925705,0.004565962967746171
1989,0.006473883079676855,0.007800493842140874,0.01352116256759668,0.0038985162376590347,0.0038308898235133696,0.004981505074188648,0.006499537733474151,0.012976894031488552,0.004750059585725788,0.004449236827274196
1990,0.006371870381636421,0.007919581333324011,0.013658199168934508,0.00372983427578855,0.0038918107506872627,0.004882580343630927,0.006619242155487883,0.013111927207994737,0.004562971030976203,0.004522853215136741
1991,0.0061550201196177694,0.008099706915419428,0.013784342371768177,0.0036174901689743906,0.004017604681387059,0.0047017203361773095,0.006828214090860861,0.01325983056380351,0.00445844492449173,0.004728682184406579
1992,0.005976470703433176,0.008284858345821674,0.013861738216966327,0.003597939874685598,0.0041670199407263485,0.004554362921301739,0.0070262488733031725,0.013323488352460031,0.004433397080951136,0.0049713389548916645
1993,0.005948299982203383,0.008421005381457397,0.01385264568479152,0.003667670289313902,0.004268634328246168,0.0045499518009893885,0.007168393946563696,0.013322750700757398,0.004483994517286329,0.005132586756752171
1994,0.006015432842459944,0.008467793625348795,0.013774324566797705,0.003757077735454575,0.0043123234999570235,0.0046198400087915995,0.007197494899528001,0.013244218670385081,0.004550985556949498,0.005191462448116825
1995,0.006018681995454669,0.008411372775960135,0.01366644706442153,0.003791276415474797,0.004288694025685127,0.004636130309575036,0.007136033314094616,0.013157215156820293,0.004625986826185945,0.005175863862672443
1996,0.005895590111139759,0.008264710612543295,0.013546365790820606,0.0037667242803387834,0.0041508631680253925,0.004539392258724638,0.0069952374613819635,0.013044928804751879,0.004704228408341492,0.005007620941031994
1997,0.005796286467796979,0.008058685035182672,0.013441691584221947,0.003699709979088563,0.004038783589665416,0.0044712698236647665,0.006800954989843282,0.012940643164162813,0.004712194097973204,0.0048634809779937
1998,0.00579118633151021,0.007788215898116123,0.013347324491047075,0.0035031539651353906,0.004083506498569278,0.004487889573489606,0.006527479069804979,0.012837444493097845,0.00448993655966627,0.004912380320179371
1999,0.005850957347067692,0.007601255137684835,0.013255366430717556,0.0033759514813006546,0.004211529715647555,0.004541066683773309,0.006323393956025873,0.012706330384571687,0.004259532909789438,0.005084074085764288
2000,0.005913667608837725,0.007602719389214778,0.013147742374748545,0.0034980117749021564,0.004204221231557536,0.004580586833501843,0.006330347778341632,0.01258602833830975,0.004298831159728026,0.0051260173999063035
2001,0.005971673703116564,0.007723319844800195,0.013086609891345214,0.003752327240858616,0.004061773233645168,0.004619214049451844,0.006487889129061283,0.012556570741878756,0.004534430987721434,0.005024845726613697
2002,0.00594769820814871,0.007782756105612236,0.013141358524536578,0.003831267276896217,0.00389814253858173,0.004576838590500529,0.006568547270517656,0.012593591858511465,0.004607213740699238,0.004849376233426443
2003,0.005846297376109431,0.0077115463564779805,0.013283645923139577,0.0036479171398650896,0.0037519120977772672,0.004502034063361643,0.006558201623772841,0.0127611402151112,0.004453304855649328,0.004666251042567466
2004,0.005792422816807993,0.0075635674360086886,0.013402194470955468,0.003370798409442707,0.0035860821237361016,0.004470602163710305,0.006469510562341389,0.012867803956554824,0.004216286302853887,0.004415312464496136
2005,0.00577646141656474,0.007354871266765011,0.013427950828627615,0.003092245974898421,0.0034099364811317457,0.004466535645943065,0.0063206438891028815,0.012875940619514812,0.0039822612035187105,0.004146786340701071
2006,0.005785180991180874,0.007171062961729003,0.013445117260087219,0.0028858449542937,0.003456122665889504,0.004482889643833966,0.006192526096228146,0.0128958678043928,0.003772097901534124,0.0042287843400204425
2007,0.005833088517677631,0.007031486569695791,0.013513278478437082,0.002671853671543409,0.003768941462251199,0.004561966208451455,0.006108226491733409,0.013053189210174537,0.0034807221052524833,0.004742292275210996
2008,0.005935753805062237,0.006963173964345054,0.013603415272696632,0.0025015521452809823,0.004091768856658521,0.004634189761107886,0.005989664298471686,0.01306482598443603,0.0031436847776300197,0.005176879284463081
2009,0.006037325578766466,0.006948081226586922,0.013666821001490454,0.0024503348661559926,0.004158358339884523,0.004733514152480782,0.00596353310274426,0.013134904479945851,0.0030102389708670414,0.005210357408318601
2010,0.006075223483936904,0.006966613311039115,0.013676464291109712,0.0025613442186304194,0.004052324264801448,0.004807763049167743,0.00602232680880686,0.013250105549232326,0.003161720231287127,0.004990031015856052
2011,0.00598412665561324,0.00706041285569166,0.013618426228297141,0.0028240421647148916,0.003950069512369521,0.004718938525272485,0.006108096947809558,0.013186281460118198,0.0034911964520862654,0.004753385912140183
2012,0.005765433193259057,0.007227112740925433,0.013514444697268509,0.0031478720991155126,0.003906984589121926,0.004464780873198265,0.006204094580911007,0.012953935832336628,0.003845997749271155,0.004618732344041773
2013,0.005558714762949295,0.00737641553662973,0.013451794021369914,0.003402660027899803,0.003968797227991557,0.0042947429165520945,0.006380772111669843,0.012980457966780034,0.0041619415188554635,0.004750147632260616
2014,0.005456359493864984,0.007441701422398887,0.013489385151066558,0.003463810728332395,0.004040610293713357,0.004214775577848855,0.00646542027324676,0.01310005425538539,0.004239893744825292,0.004889170234882716
2015,0.00549770040757274,0.007450905411927715,0.013569716155704145,0.0034278324524484724,0.004067188433456887,0.004234751597585945,0.006422474622205179,0.013146036440867507,0.004183993945698318,0.004910448308176492
2016,0.0056296519058060875,0.007411704772992839,0.013592396242766258,0.0034061074277732207,0.00404689398462342,0.00432217824031455,0.0062794841990760405,0.013075833930502219,0.004180071692503645,0.004843205997769413
2017,0.005785054093676589,0.007388646613741025,0.013541027218662478,0.0034785968799879072,0.0040192030735496315,0.004454338932470387,0.006184165455440365,0.012988303007564808,0.004324308509347356,0.004793737221598021
2018,0.005850725602848591,0.007329948174163333,0.013427396730354374,0.0036177048605245034,0.00396187030528,0.004536185978644342,0.006111021427165141,0.012901784771734483,0.004537500122216179,0.004726595560174749
2019,0.005830260918663736,0.007156116656115641,0.013296975661582978,0.0037468587917613163,0.0038579644255385065,0.004546206053489484,0.005950368112104097,0.012787286201629465,0.004677079785072906,0.004596362588780611
2020,0.0057540252155773705,0.006823710053878851,0.013232422729674436,0.003692504276909243,0.0037169244993805624,0.004520225461554569,0.005674087507400891,0.01277907891826407,0.00455794082534048,0.004447247716479014
2021,0.0056344319291267405,0.006401845803346713,0.013312674494910613,0.0033548727331982877,0.0035987295708966673,0.004444976572046105,0.005320223257815523,0.012913876130701439,0.004070613797781153,0.004344775353501397
2022,0.00563488432274737,0.006161540460062887,0.013535280729708348,0.0029623740297114436,0.003555097331444997,0.0044345028883780255,0.005105665158044332,0.013067975455628465,0.00350778382096262,0.004292142219705873
2023,0.005818748294870836,0.006240301512718614,0.013799637732496392,0.002741633840357262,0.003499284214041793,0.004675739896322567,0.005300550303918923,0.013529267252898223,0.003325836525543317,0.004260915027613235
2024,0.006085769012860185,0.006595146575394758,0.013954570432311183,0.002804425255349556,0.0035186709084985327,0.004891003261418404,0.005681312700085264,0.013638654681141098,0.0035143247351415922,0.004239404089835586
2025,0.006350744065668948,0.007020709879065776,0.013853113486370446,0.0030837901342249297,0.003715341409595625,0.005071860195680813,0.006118669114872709,0.013461607623605603,0.0039781122224696805,0.004473464434188136
2026,0.006627743341425183,0.0073740835531180375,0.013623309403490597,0.0034039513967495665,0.0039746936839465214,0.005301505041722715,0.0064968604968458615,0.013241701782075841,0.00443623113047583,0.004839875808960538
2027,0.006708302796895533,0.007542024725489002,0.013454268344004892,0.003565999395858483,0.003940375725706371,0.0053702908754179055,0.006635082528971187,0.013080744282986325,0.004568597111830397,0.004778283044597142
2028,0.006500971914996665,0.0076325163824588725,0.013349693784693847,0.003810226653767715,0.0036342299229458353,0.005210044988377668,0.006697014035252467,0.013030413205541908,0.004656992575199906,0.004342992530171523
2029,0.006113819841598557,0.007741978684260681,0.013203350782850308,0.004187550252334138,0.0034115530254555703,0.0048712090022872976,0.0067731587612808895,0.012877367060371308,0.004859314715319326,0.004032647441032024
2030,0.005698669905450475,0.0077624035395870835,0.01299052572020237,0.004379255123259263,0.0034339447789558967,0.004483059926120815,0.006734591345732056,0.012570458410808347,0.004897875387842849,0.00408573881969139
2031,0.005466628183268468,0.007604543571138987,0.012808588517284948,0.0043449651287389025,0.0035668631777508145,0.004289939674805406,0.006558926252701882,0.012368777967058514,0.004774569366060548,0.0043440344060787246
2032,0.005473619155516883,0.007231192816973687,0.01269073120353176,0.004164771371199417,0.003656127319441989,0.004302900444663512,0.006176801055956327,0.012247184779172127,0.004568296508652923,0.00453910658438481
2033,0.005605781431500377,0.0067660994246056495,0.012569977015899967,0.003954593814647332,0.0037729593131358022,0.004433640274098308,0.005736336501460113,0.012151130158857899,0.004445988898118245,0.004750787452850312
2034,0.005660686150396454,0.006281742922774036,0.012387496595279672,0.003823264759469009,0.00382616610302935,0.004495243252346219,0.00528499835872318,0.011972173670678462,0.004511232985799096,0.0048068370992497
2035,0.0057183231325191874,0.005932698898760094,0.01227353536561596,0.003983157337269425,0.003796173923105653,0.004564974087861652,0.0049735608273817405,0.011837938506886183,0.004900185711966865,0.004701400547294776
2036,0.005761488585591822,0.005818214314532273,0.012338675245165314,0.004302299592747547,0.0036810219829998022,0.0046220244327352476,0.004885132555674789,0.011861504144289126,0.005379582204960668,0.004447763960807013
2037,0.005746504471027475,0.00595379636328768,0.01262266422647196,0.004567678601857978,0.0036700617171925394,0.00460606017320812,0.005017690386590728,0.012066046023019687,0.005687253391862296,0.004361319324188686
2038,0.0056993245221568355,0.00615392803586043,0.01313407595462149,0.004599542971988528,0.0038105656591954935,0.004562424719045239,0.005182748746008222,0.012550791988685535,0.005672102014961941,0.004571365121789933
2039,0.005640919687474011,0.006276400467853402,0.013729993437046187,0.004441543747263334,0.0039545216796976574,0.0044874036531857295,0.005216599515601919,0.013125048126279728,0.005370581738302381,0.004803721197357261
2040,0.005603601681816991,0.006336144783576165,0.014106740797716982,0.00440330065428402,0.004000135186376849,0.004421198141758573,0.005214057439396152,0.013503761040581631,0.005175742723264566,0.004886478106477819
2041,0.005601984917670764,0.006284174436030378,0.014120144538950991,0.004489064595548204,0.0039169885270363075,0.004386869899677181,0.005150281403217249,0.01352013282367071,0.005153905819057671,0.004761265424430671
2042,0.005590844579969742,0.006124220330575699,0.014025030422986957,0.0044071924733328615,0.003754159571846228,0.00437650729782842,0.005012603713484738,0.013432971571384116,0.004996963214296234,0.004519188085001121
2043,0.005470719935500506,0.005888841413927174,0.014032706838970071,0.003962521628054319,0.003423309623873248,0.004322488145296364,0.004841767367146079,0.013495424538999077,0.004498596360597166,0.004054133162054298
2044,0.005330022669220634,0.005828867980009935,0.014110913236315779,0.003337793648554962,0.00318715458546824,0.004237943741553986,0.004859622111226926,0.01355654032806973,0.003825323406348859,0.003728133844321578
2045,0.0051692827453693815,0.005910019832287631,0.014167157456907487,0.0027964668106225652,0.003200480298770978,0.004122817814001357,0.004994285775838436,0.013625098941883521,0.003315399446203313,0.003798669701770104
2046,0.005000207275846654,0.006039026307897418,0.014249178094392391,0.0026007840127217283,0.003346397562140947,0.003962527733297738,0.0051016707178524285,0.013661283210749242,0.0032061842565889597,0.004043426532776029
2047,0.004854597419342509,0.00620157238412452,0.014398150436987821,0.0026362061011110183,0.0034573694223973754,0.003827533675849404,0.005252490197247376,0.0138016048330593,0.0033583466179478117,0.004218518046125809
2048,0.004840400270821558,0.006390381975535911,0.014569608077486312,0.002731410815122409,0.003471625058515592,0.0038065390483970783,0.00546164834028722,0.013972614035851365,0.003540068162770187,0.004234245023971198
2049,0.005008902021572733,0.006527152924979475,0.014693960289621883,0.002835245232092595,0.003318266395099933,0.003923385691669977,0.005632672703109056,0.014075913307923802,0.003629657836829505,0.004011329558464111
2050,0.005319382600378653,0.006556338299497562,0.014698172742108237,0.002908826811207986,0.0029590881572338548,0.004170512064388671,0.005719805138555595,0.014113589312901834,0.0036173662633275736,0.0035374081222630843
2051,0.00562487840009767,0.00653141623823945,0.014444944338974077,0.0029598417732072104,0.002461708061752553,0.0044344261502727534,0.005735214226897367,0.013880733993196838,0.0035895140798340728,0.0029008677761270013
2052,0.00573441724556483,0.006498666599720029,0.013973964496563705,0.0029312958790038315,0.0019681334400863523,0.004565023825585854,0.005730249219711452,0.013444419628170461,0.003564632061204604,0.002317414676602187
2053,0.005670532027333314,0.006495321041658569,0.013617239617439315,0.002942103779009954,0.0018500804098679855,0.004549286524246344,0.0057506415948301,0.013095870640327302,0.003654385976247134,0.002245203341692331
2054,0.005489354834617127,0.006477561600566211,0.01354465137816845,0.0030894153659193676,0.0020961992643461426,0.0043992239699457815,0.005756954869226816,0.012960423109450975,0.003916589836093549,0.0025285988791228778
2055,0.005520291823366867,0.006383194831267591,0.013811802335782554,0.0033029584315741253,0.0025698851599160817,0.004433885419332851,0.005709094115324394,0.013192158444784746,0.00420818908799073,0.0031059754366054852
2056,0.005851478447121067,0.006052760095772772,0.014347545183236155,0.0032836926080120994,0.003058636678690656,0.004708628390465741,0.005389865298156791,0.0136987814066438,0.004146245110175864,0.003746087183453811
2057,0.0063600833222063275,0.005673203646778051,0.014860620067082641,0.0031783126936146956,0.0035097788733709804,0.005126665311290002,0.004966000272909358,0.014191662894246995,0.003929878452109868,0.004389694520358277
2058,0.006809621895643613,0.00543545880786353,0.014885222812096548,0.0032309372405715723,0.0035468037404815045,0.0055195001665941995,0.00462560485554214,0.014246562374729604,0.0039357334012819776,0.0044767211569501164
2059,0.007062896513051112,0.005425993662888828,0.014448278521869964,0.003533623981600927,0.003456371337417045,0.005732313253134384,0.00445746619902237,0.013777755878751506,0.004282287755410997,0.004409695525026476
2060,0.006964759791257556,0.0056557087163207525,0.01405397913137964,0.003923671485885487,0.0038439471600322803,0.005663176887495161,0.004604676001540752,0.013401133713138221,0.004812675796288886,0.005092170575670637
2061,0.00649390398478613,0.005983812402733222,0.013973124305155432,0.004161270159852212,0.004488184490187787,0.005260530489745637,0.004940863181441716,0.013309546581375321,0.005194769671511509,0.00608775320926318
2062,0.0059404085579428,0.006158741308642298,0.01409472542644093,0.004140740589325852,0.004733035683023346,0.0047993429198136895,0.005195195668421351,0.013426255483102407,0.0052557119271384916,0.006442334357867169
2063,0.0055271863428293655,0.006059118221104904,0.014243687822266577,0.00380890609267851,0.0042762743935839355,0.004458683245967297,0.005224127831989729,0.013574742310658243,0.00490789515058855,0.005702735229596772
2064,0.005489906061889537,0.005971882802666655,0.014335588353995024,0.00365670083256123,0.0037569547789759496,0.004422451111204151,0.005288246527897971,0.013669107304428357,0.00465095686858938,0.004825804044953487
2065,0.005771649692919805,0.005781822357148751,0.014315720330030387,0.004175349080047596,0.0034193651166211504,0.004641393818460562,0.005181081291076357,0.0136914172392754,0.005039666416738835,0.004329752923874035
2066,0.0061586383582954195,0.00557289656249859,0.01425888776187568,0.0047981172960067245,0.003514080497431922,0.004958148541159898,0.004965057681307069,0.01364270105145608,0.005566977689375058,0.004536055350892918
2067,0.006092660737807979,0.005369957081155444,0.014129081741386953,0.0046006396366346375,0.003566879654113717,0.004922954441980098,0.004742906526680718,0.013536628576038568,0.0053019473406972955,0.004632664769404153
2068,0.005812109572691004,0.005123705783795105,0.013948016783781938,0.0039381569377112844,0.003253112059511125,0.004710969564925255,0.004426953892351319,0.01335905283461144,0.004555094231266504,0.004156707517843172
2069,0.005746167521416953,0.004929186209372262,0.013765367660240313,0.0033946326129581247,0.002720912194866601,0.004660645141571908,0.004066574691716421,0.013146279804105912,0.003940021226136374,0.0033899901513461538
2070,0.006374806545340878,0.0052897520929600875,0.013653415120770701,0.003531271031144818,0.002769609690020059,0.0052318048486746345,0.004344888183926657,0.013050066613344964,0.004141958421214874,0.0035727778020042825
2071,0.007791837633691132,0.006090050082673938,0.013628585275836984,0.0048783397248592705,0.0036895228822225613,0.006491573337485159,0.005215292986364054,0.013030615359436696,0.00570696887794936,0.0049747803053249405
2072,0.00927635836972377,0.006797583914086829,0.01377089262925299,0.006821403969880282,0.00463755820203618,0.007796709253751337,0.006044975406947211,0.013181443626229902,0.007898468277493596,0.006344320334420759
2073,0.00973967651124476,0.007013751100694913,0.014108419429652996,0.007859467577028966,0.004789065380891969,0.008183472461775603,0.00631458713650919,0.013514798571446242,0.009065432570821035,0.006568866480905754
2074,0.008873453652028697,0.00676847768494699,0.014469748566713545,0.007361154618313427,0.0041008783329231436,0.007387525558598692,0.006029240922171576,0.013860820367773842,0.008511783812149802,0.005593013236141736
2075,0.007537597631276863,0.006527392566039652,0.01466091679910655,0.006131474073940481,0.003456794322896975,0.006200901332095201,0.005768336826996388,0.014080191895066032,0.007121471234352979,0.004660760133090316
2076,0.0062693329795621335,0.006312651721261463,0.014512605332003096,0.004817462903017619,0.0033084301827887397,0.0050711814439931635,0.005576103636930068,0.01394555140883075,0.005563085751787273,0.004388094310660397
2077,0.0053498435387718994,0.006153171072886528,0.014280545616242715,0.003659722510275212,0.003590856280323934,0.004268950877345868,0.005482889984392624,0.013759725580911073,0.00419786857640115,0.004720774846731204
2078,0.004792504452189568,0.005883099910732831,0.01409403618806329,0.002714472580568424,0.003937730404455209,0.003788660167399201,0.005232163777088657,0.01358364759410508,0.0032179648893841755,0.005115547928844266
2079,0.004746789048827869,0.005654965697992329,0.013998639603120897,0.0024900587069090095,0.004211694629078458,0.0037644106060569188,0.0049746307326725865,0.01343877055202976,0.003097785684083126,0.005397364101191436
2080,0.005245427361261843,0.0057327692316623624,0.013943270869222407,0.002952817233935832,0.004018723649143669,0.0042436948929392895,0.005065228226992683,0.013398632433847438,0.0035809239570242343,0.00507091689391495
2081,0.005932418789103262,0.006041165548122002,0.01389940742067813,0.003408082707970674,0.0035925851040356587,0.004862590405093512,0.005388759150913265,0.013341892914143469,0.00394037121286887,0.004464543966257927
2082,0.006302837665786676,0.006133490526416995,0.013844880872051843,0.0034500682264450803,0.0032492793793636675,0.005192707347152793,0.005474265727663045,0.013317486859560372,0.0037964313747298247,0.004076597326913721
2083,0.006285426365011727,0.006010929934052653,0.013795724214581946,0.0034328009394879845,0.0030542271116403828,0.0051620186623515755,0.005306212434408962,0.013284001814653638,0.003542352436485852,0.0038975658179420444
2084,0.006096456412360395,0.005991104354287919,0.013718844226649015,0.003501174961034156,0.0031288909820273406,0.005009240524322997,0.0052847369248040215,0.013286177598798141,0.0035102825761378046,0.004010654944193103
2085,0.0059742786574381885,0.00623739986142971,0.013603250493209493,0.003376882656877469,0.0036020121969271763,0.004882974914245947,0.005519205459508777,0.013121891891751234,0.0034197784904089878,0.0045849641456501234
2086,0.006024914424907398,0.0066169555808412855,0.013473055144243464,0.003314379247269586,0.004139636690031505,0.004930612481342975,0.005940347871599889,0.013004094002346039,0.0036156313981751155,0.0053083825922974615
2087,0.006260973400857478,0.006932233211333763,0.01331881312284591,0.003730798760318608,0.0042600098159442275,0.0051323752299924025,0.006317492382881413,0.012850844814277658,0.004364900590421605,0.005472451885653034
2088,0.006568992336360008,0.0070453586692282855,0.013206637403163106,0.004085778286662905,0.004120000692302272,0.0054303567241942765,0.006515658029518037,0.012761201277120854,0.0048671379339827224,0.005310506387247745
2089,0.006570703190083047,0.006742802300766075,0.013211011758808674,0.0038135337328203517,0.004042667908440313,0.005435969785970023,0.0062357979208716155,0.012702561853990995,0.004501503927584409,0.005248960390785436
2090,0.006297928962948886,0.00634337132493591,0.013279410673390737,0.0036813661273722956,0.004180423435461586,0.00522078739285295,0.005862658486041094,0.012784721553212133,0.004254054103494257,0.005525318213448426
2091,0.005916952517313922,0.006162096805172593,0.013247798279541579,0.003976928238731672,0.0043214827749215295,0.004895774233126541,0.005684448864077183,0.012787786928569224,0.004505130153795761,0.005766624170194484
2092,0.005802603205018605,0.006449433987296442,0.01326154294474943,0.0044089459631049144,0.00444612809511878,0.004765300766729256,0.005920534404833614,0.012723684002988837,0.004890559408343511,0.005885045259409546
2093,0.005979258885821145,0.006961572928181732,0.013366523747221646,0.004671776155739567,0.00438514261848229,0.004908653877588274,0.006355055362951213,0.012787203228322105,0.005127213304547957,0.005712797099014396
2094,0.006379400470999875,0.00748448821978691,0.013648298796582924,0.004795176933563172,0.004430613916909409,0.005244998239486405,0.006790239154737599,0.013051201866962682,0.005254597947899461,0.005698586027112559
2095,0.006944601702500983,0.007643217942757356,0.013954563335778361,0.004521670774636227,0.004575740725548044,0.005756008458072656,0.006943973758480798,0.013425462635107473,0.005006949308643339,0.005929479950421791
2096,0.007549367250746841,0.0074450797765051036,0.014269025590469093,0.0038982759969762,0.00484262527814448,0.006247577993458972,0.006722848533323447,0.013650557763712682,0.004378575272590615,0.00630750852801299
2097,0.007639628511897096,0.006905466513474617,0.014698171758036569,0.0031617299784180855,0.00507068566771734,0.00636733428920334,0.006223774977435709,0.014133908321280303,0.003807303576726648,0.0066508664831375994
2098,0.007291019674948937,0.006488777943511738,0.015238527264658575,0.003164004988219905,0.005273806242973506,0.006065871011814323,0.005774452572024003,0.014607757025134102,0.004041482723554773,0.0068415240100074826
2099,0.006781853887073596,0.006388660050200439,0.015480636727002587,0.00395510560098435,0.005548940856705052,0.00563584081659958,0.005657816264687419,0.014834423844550224,0.005005969162493507,0.007105934466531242
2100,0.006191145830710651,0.006383461456845294,0.015125302293170013,0.0045185373655198405,0.005751125503562533,0.005122788384882629,0.005605741209476376,0.014552626304179021,0.005680688942045738,0.007297927192477494
2101,0.00573440115041018,0.006662995315708935,0.013993568231575096,0.004179311571235883,0.005808898810686106,0.004707251703401342,0.00582862416443361,0.013496457841186036,0.005328214558016479,0.00739980449705301
2102,0.0055393511953065674,0.007134949419055522,0.01232970364944109,0.003024811181420266,0.005731252453753476,0.004534011770023975,0.006299611554345954,0.011876498923868698,0.004045809309741306,0.0074378425838571675
2103,0.005556103573429724,0.0073657131179329025,0.011249084081784497,0.0024497082885196,0.0055528888761187,0.004554349412451112,0.006594908402498409,0.010776566409458292,0.003273777718355434,0.007347541249513381
2104,0.005470834951150527,0.006954240949712441,0.011252821004012715,0.0023628568125255685,0.0051075983863090625,0.0044752945329552376,0.006279470575974066,0.010710261427173063,0.003070396917848563,0.006817140074599806
2105,0.005540808103753047,0.0064450104955557615,0.01178630426535586,0.0025042531917112134,0.004660857965137335,0.004531191451839343,0.005888641081687139,0.011168729857608148,0.003180412545077242,0.006201549858540869
2106,0.0058863065356519195,0.0060783865428577066,0.012302166489970076,0.0028933186823362957,0.004399114972212706,0.004831340609805275,0.005627532417706471,0.011624652822247778,0.0035580608025225086,0.005746865299345678
2107,0.006715910246735721,0.00594085768430577,0.012752851415459055,0.0032750563722411387,0.004340367659614519,0.005596883380169436,0.005567002667133633,0.012065985895745944,0.003910973377421284,0.005583711677896691
2108,0.00740244336483432,0.006051448827060337,0.01308692258927658,0.0033425121703104807,0.004119936289549314,0.006224946843890633,0.005713139250951155,0.012415657968593619,0.0038913470329242535,0.005275244437253915
2109,0.007704131871619391,0.006626936151013645,0.013331459207835994,0.0032076857049443573,0.003770247126911769,0.006486167561284325,0.006317979157271688,0.012685712601327096,0.00363762611064208,0.004868489558445887
2110,0.00741522385973675,0.007401683097712919,0.013432803952775761,0.002494243414626029,0.0031670514171508782,0.006203205217587535,0.007108454743877196,0.012821671722927157,0.0028310572840341353,0.004108868706603691
2111,0.006965163044425428,0.008073819544901717,0.01350800068114577,0.0022858962321173517,0.0031596915395422803,0.0057590411902346105,0.0077439462729987875,0.012897445443412587,0.002642585136666206,0.004173543676457182
2112,0.0067684869904433035,0.008272030576898452,0.013426585572275948,0.002707142959170756,0.0038159527983784914,0.005558100652536975,0.007866369096269083,0.012795471242226965,0.0031096136684716134,0.005143502642592626
2113,0.006686497149812552,0.008144368670134253,0.013196454489343102,0.0028746214621049072,0.004279307410520656,0.0054829592592831,0.00766478748018646,0.012556218827992342,0.0032462515378512244,0.00584706528723784
2114,0.006469765570071517,0.007994463750188073,0.012894998719080166,0.0027738958455604903,0.004448648853150311,0.0052886074240975365,0.007485083684691403,0.012244770925720676,0.002984313535624189,0.0061635911573948935
2115,0.006263179124054142,0.007932745630702483,0.012683123916888786,0.003263191660377585,0.00489211967402996,0.005113241244397731,0.007446637080580665,0.012037174395159453,0.00335899392713088,0.006847915694056478
2116,0.006254581931428651,0.007722093045097162,0.012978319287979151,0.0040814548162440185,0.005468827078770515,0.00511198866359446,0.007206273521649851,0.012349772489904473,0.004303635155997582,0.00763857464734348
2117,0.006528975834952292,0.007298911878918126,0.01392187954896249,0.004287563967413088,0.005552240843812737,0.005350739848856204,0.006630038107087862,0.013316498716180685,0.0046807378989916154,0.007681126918919727
2118,0.0071324183134016984,0.007148647132221747,0.014818563104992799,0.004081359250081146,0.0048936054215555054,0.005919265230979266,0.006301434909952868,0.014272598301128274,0.004565387646189459,0.006713105365071636
2119,0.00820925327099692,0.00762805991540946,0.015207824237982576,0.004756713329162069,0.004361977999113668,0.006927973892542126,0.006718630214197267,0.014701830768063027,0.00531966201821694,0.005976462860656701
2120,0.009418634464570662,0.008268800277459427,0.015331358305543346,0.005678285528993954,0.005046179234640133,0.008040060302101637,0.007393901058364494,0.014835364648716385,0.006427471049787883,0.006933850533411309
2121,0.010025835197886048,0.00873603967918152,0.015365020296896924,0.005276396256881429,0.006022293844423936,0.008579934533674723,0.007837853144981288,0.014824633625700622,0.006261519796260509,0.008136202398488739
2122,0.010174755444395387,0.009324744060733435,0.015521615767402675,0.0043699326849742275,0.006535381607526327,0.008707233135910226,0.00837387900125848,0.014997664960856852,0.00565295366546232,0.00864640308528564
2123,0.010588840613584434,0.009816579230360065,0.015996214414930928,0.004888339794315035,0.006005913218425677,0.009031063938237813,0.008782896711257407,0.015495150418814866,0.0062388252551249,0.0077071018904581266
2124,0.01159684223760335,0.010843049589609964,0.016891273638318775,0.007188161210246531,0.005349092500006118,0.009849529957925634,0.00981091843679076,0.016408764989294156,0.008433031531340588,0.0067362611123550605
2125,0.012345823819015198,0.012051002370901476,0.017833979354797906,0.008851238359125343,0.006255151633130668,0.010421147132009811,0.0110798939942481,0.017388236604096493,0.00995967936830357,0.008314264611710248
2126,0.012774174643659701,0.012595540748891163,0.01849828590989486,0.008907535833762468,0.008553058491158689,0.010762089766361314,0.011697142464073117,0.018071867994403825,0.009824375885489246,0.011774806181374622
2127,0.012195664473279034,0.01167984418302159,0.01860395391223594,0.007474353014803691,0.009423088774476184,0.010274710801116485,0.010859642936130686,0.01816319775093592,0.008160040931631576,0.01308629125984851
2128,0.011690276678118212,0.01064964475883331,0.018442324126772085,0.007750667497957338,0.008806618665265702,0.009840052880450265,0.009935464034062987,0.01787726736491471,0.008348818867482006,0.012223672148427287
2129,0.011910705400105734,0.01025881830223766,0.01786918155209082,0.007659678816642229,0.007849516165346302,0.010077599646261412,0.009755280556259465,0.017088816072503916,0.008382950328805112,0.010832373389737813
2130,0.012805139343674402,0.010931650651651095,0.017572307021347107,0.006771830487359295,0.008343716519783736,0.010979664229152575,0.010648228424121617,0.016653563101589046,0.007829208999873842,0.011500076815332905
2131,0.013941565026895222,0.012703929682624529,0.01799424416475131,0.006771981615865311,0.00994718394399658,0.012069606423589773,0.012420896804280249,0.01711445236331981,0.00817845080513153,0.013693087667526305
2132,0.01599926022173846,0.016643216436056374,0.018874103882720594,0.008414257770719623,0.011905502060201025,0.013875350379430643,0.016259181132018873,0.01809732495279588,0.009837701608283072,0.016302263345255922
2133,0.01783419959058693,0.020466818176687697,0.018470106040264986,0.010878685026765526,0.013320967291018995,0.015403628847737447,0.019910022259789852,0.01753648812014194,0.012056244950784414,0.018174553402485177
2134,0.020248782316047303,0.022832220409411096,0.01800138705162597,0.01371850144600244,0.015246329029423198,0.017484700900846036,0.02223980650375677,0.016877986777878672,0.014620551307430531,0.021022918717369395
2135,0.02350489140827863,0.02250539040731432,0.017401170181028613,0.015726790592349184,0.01803185224835496,0.020177644404036653,0.021733254869506124,0.01616969816740187,0.01612874121873215,0.02495420996017899
2136,0.024752783121311968,0.021401219777535434,0.016372618309171385,0.016695407333822562,0.022156835919087552,0.021253031534926487,0.02077902587611948,0.015391854007019905,0.01659337581000909,0.030768360327451744
2137,0.022300737254403815,0.022960196971668467,0.017869539511114644,0.015067710069440767,0.02421357887015013,0.019248704001336284,0.02280901785659278,0.017280632107316236,0.01468916164229242,0.03383385420800702
2138,0.018989969366250293,0.02581986506203393,0.019850570414966115,0.011979222027522623,0.023988714778179696,0.016552626043417527,0.025846712300067572,0.019962708243690584,0.012201232735859796,0.03398023531980661
2139,0.019245773445503725,0.027970579128774983,0.02107991634017953,0.014197138084561692,0.0256438384868663,0.016760518767585192,0.027791742062490403,0.021799988558482686,0.016022861821851243,0.03662091231161646
2140,0.022288388658944926,0.029173163777606054,0.02419690698161847,0.01876322986709951,0.027035016720249317,0.019366749675462255,0.028939953858564994,0.025190022830422137,0.021744091498078554,0.0386085545964905
2141,0.02556022325334257,0.027880018644511572,0.028835755713089817,0.020674816183370096,0.02560664257419784,0.022214907028605024,0.02780395711609617,0.029787382136056872,0.024086595994614962,0.0362595972821969
2142,0.028599447955188113,0.02346428402492453,0.03218037284067237,0.021647202054289067,0.023578206409509746,0.025117995794203818,0.023660015091389208,0.03274471267385624,0.024872604493868196,0.0329600853964765
2143,0.031497335806871155,0.02212673151215088,0.03275980016265654,0.023402717517955796,0.023747556297607202,0.028004461332222015,0.02218184856166374,0.03308785258714376,0.026232474532966298,0.03304275927078547
2144,0.03209198992962294,0.021936230682150216,0.03119054596037112,0.02222037948355472,0.021943283745032204,0.02833429571256619,0.021561854237544337,0.0315320308670011,0.024429954273456008,0.030487072380313854
2145,0.030676603386695273,0.02200809905509699,0.0306855348637628,0.020080115225990267,0.01767220486163386,0.026708486132615256,0.021259019085950383,0.030786261941822296,0.021719663998538356,0.024358893070964057
2146,0.028245448501347435,0.025963970409341734,0.028708956409327625,0.02200382928015835,0.013849250789854014,0.02464804593594613,0.0251572298957748,0.028466556759342267,0.024321072330272267,0.019142119723979993
2147,0.029468282905669052,0.03335347789623477,0.026483345250584826,0.02894924479895879,0.019419655786802922,0.026121982452410104,0.03261401252058314,0.025907152298490478,0.03267726447191607,0.0269717847779589
2148,0.0295607670272102,0.033753790877048884,0.024478917442036854,0.03287764692914712,0.024602061831709647,0.026724983307730054,0.03327411257810979,0.023818888946680435,0.03733574550623146,0.03416610644541693
2149,0.023988248524459264,0.028504441174103185,0.02131842926566794,0.029200333884044943,0.022515682652821913,0.02217371581229078,0.028757156806124947,0.0206753689576326,0.032600396268539965,0.031086353836663076
2150,0.03394894379447067,0.06268173053088451,0.02297087969872077,0.035105032744272596,0.03486227673734638,0.03514543410176041,0.06523071905219872,0.021896824013748862,0.03585160663285546,0.04889182461193387
