4250	4250	4250	4250	4250	
7.13825e+06	7.13825e+06	7.13825e+06	7.13825e+06	7.13825e+06	
541750	521000	523000	525500	533500	
519750	513500	511000	512250	522250	
519750	512750	500750	520250	523000	
507750	484500	489500	502000	504500	
506000	501500	495250	504000	529750	
509750	488750	506500	502000	489500	
516500	518500	504500	520250	514000	
528000	509750	527250	495750	519750	
529750	512750	535500	507750	504000	
528500	534250	529750	526750	526750	
524250	523000	515250	541750	514000	
511500	537500	524250	518500	531750	
524750	523000	539250	531000	531750	
546750	529750	547500	527250	523000	
534750	558250	540500	548000	540500	
538000	555000	543750	552000	546750	
560750	554500	546750	541250	540500	
550500	575250	552000	567750	552000	
569500	570750	557000	569500	556250	
563250	585250	567750	557500	572750	
580250	596000	580250	573250	579500	
639500	642500	625000	635750	659750	
800750	795000	793750	768750	791250	
805250	808250	797750	768750	817250	
802000	826500	791250	826500	797750	
812750	828500	822750	812250	814000	
839750	811500	822750	820250	833500	
841000	850000	821500	834250	816500	
837250	845000	853750	846750	820250	
843000	860750	864500	836750	848750	
868750	862500	847500	846750	873250	
884500	887000	881500	902750	884000	
915500	887000	867000	882000	875750	
903500	877000	887750	878250	884000	
897750	890250	875750	887000	876500	
874000	897250	844250	868250	897750	
906000	862000	885250	885750	885250	
904750	899750	889750	899750	879000	
905500	906000	908500	895250	884000	
914750	904750	910500	902250	915500	
948250	932500	920000	926750	925000	
929250	911000	926250	950750	935000	
945000	927500	946250	955250	931750	
955250	923000	934500	951500	944500	
956500	957750	931250	911000	946250	
930000	961500	955250	928000	931250	
928000	921750	924250	946250	936250	
913500	926250	935750	918750	914250	
904750	922500	916750	875250	923000	
923000	883250	891500	881500	910500	
887000	887750	908500	908500	895250	
889750	880250	880250	890250	886500	
886500	866250	870750	858750	895250	
878250	880750	899000	896000	878250	
909750	945750	931750	934500	918750	
976500	969000	957000	976000	986750	
994250	986750	971500	1.00175e+06	987250	
1.00375e+06	982250	977250	988500	977750	
947000	982250	954500	969750	988500	
936250	956500	948250	959500	949500	
966000	955750	948250	947500	938250	
988500	952000	957000	950750	957000	
989250	979750	972250	962750	960250	
1.0315e+06	1e+06	1.02e+06	994750	990500	
1.01e+06	992250	1.02325e+06	1.025e+06	1.01875e+06	
1.027e+06	1.012e+06	1.02075e+06	1.00675e+06	1.01825e+06	
1.04975e+06	1.02375e+06	1.0175e+06	1.03325e+06	1.01125e+06	
1.05025e+06	1.02375e+06	1.049e+06	1.032e+06	1.04225e+06	
1.04725e+06	1.01375e+06	1.0225e+06	1.063e+06	1.04975e+06	
1.02775e+06	1.044e+06	1.01575e+06	997500	1.022e+06	
1.083e+06	1.05925e+06	1.0585e+06	1.068e+06	1.02575e+06	
1.09325e+06	1.085e+06	1.09825e+06	1.0925e+06	1.09625e+06	
1.12475e+06	1.124e+06	1.13925e+06	1.1235e+06	1.117e+06	
1.15375e+06	1.138e+06	1.13975e+06	1.17125e+06	1.15e+06	
1.14475e+06	1.12275e+06	1.153e+06	1.141e+06	1.141e+06	
1.12725e+06	1.15425e+06	1.153e+06	1.11575e+06	1.09625e+06	
1.16625e+06	1.1185e+06	1.112e+06	1.13725e+06	1.10525e+06	
1.12775e+06	1.13025e+06	1.11025e+06	1.12225e+06	1.109e+06	
1.1185e+06	1.09575e+06	1.0975e+06	1.1185e+06	1.153e+06	
1.1355e+06	1.1095e+06	1.10575e+06	1.117e+06	1.13725e+06	
1.12775e+06	1.1405e+06	1.131e+06	1.13225e+06	1.15175e+06	
1.189e+06	1.17625e+06	1.14425e+06	1.16575e+06	1.16125e+06	
1.22675e+06	1.20275e+06	1.18275e+06	1.16825e+06	1.18825e+06	
1.1525e+06	1.22175e+06	1.194e+06	1.19525e+06	1.19525e+06	
1.15875e+06	1.19075e+06	1.18275e+06	1.1645e+06	1.1845e+06	
1.1815e+06	1.1725e+06	1.15e+06	1.172e+06	1.12275e+06	
1.1675e+06	1.14875e+06	1.19475e+06	1.2155e+06	1.155e+06	
1.1865e+06	1.19325e+06	1.20975e+06	1.175e+06	1.17125e+06	
1.172e+06	1.1575e+06	1.15625e+06	1.177e+06	1.17075e+06	
1.11325e+06	1.0945e+06	1.11275e+06	1.11025e+06	1.09625e+06	
1.1335e+06	1.109e+06	1.1215e+06	1.10525e+06	1.1145e+06	
1.153e+06	1.10575e+06	1.119e+06	1.1315e+06	1.15175e+06	
1.0605e+06	1.09575e+06	1.06725e+06	1.0975e+06	1.06675e+06	
1.06975e+06	1.061e+06	1.04775e+06	1.0975e+06	1.049e+06	
1.054e+06	1.04725e+06	1.04525e+06	1.058e+06	1.07375e+06	
1.0855e+06	1.08125e+06	1.0925e+06	1.11075e+06	1.09e+06	
1.05675e+06	1.05025e+06	1.10775e+06	1.0975e+06	1.104e+06	
1.14875e+06	1.11575e+06	1.155e+06	1.121e+06	1.12275e+06	
1.146e+06	1.201e+06	1.16375e+06	1.1775e+06	1.19725e+06	
1.192e+06	1.189e+06	1.194e+06	1.20525e+06	1.19475e+06	
1.228e+06	1.1845e+06	1.16875e+06	1.21675e+06	1.2255e+06	
1.216e+06	1.24075e+06	1.20275e+06	1.23175e+06	1.20475e+06	
1.252e+06	1.2495e+06	1.24625e+06	1.2495e+06	1.23925e+06	
1.28475e+06	1.27475e+06	1.2835e+06	1.264e+06	1.2565e+06	
1.332e+06	1.33e+06	1.3365e+06	1.33325e+06	1.298e+06	
1.313e+06	1.36725e+06	1.33775e+06	1.33e+06	1.3345e+06	
1.3225e+06	1.3245e+06	1.269e+06	1.31875e+06	1.2955e+06	
1.2695e+06	1.29225e+06	1.27225e+06	1.25825e+06	1.2595e+06	
1.209e+06	1.209e+06	1.21475e+06	1.242e+06	1.27225e+06	
1.252e+06	1.21675e+06	1.23375e+06	1.23375e+06	1.245e+06	
1.27025e+06	1.262e+06	1.271e+06	1.27975e+06	1.27725e+06	
1.30625e+06	1.3415e+06	1.2935e+06	1.33825e+06	1.2665e+06	
1.3805e+06	1.37675e+06	1.35525e+06	1.3535e+06	1.3415e+06	
1.30625e+06	1.2835e+06	1.28025e+06	1.305e+06	1.31625e+06	
1.2645e+06	1.31375e+06	1.27475e+06	1.257e+06	1.25375e+06	
1.19075e+06	1.17375e+06	1.21225e+06	1.22925e+06	1.199e+06	
1.15675e+06	1.16575e+06	1.13925e+06	1.1645e+06	1.15625e+06	
1.1235e+06	1.09625e+06	1.10325e+06	1.11525e+06	1.109e+06	
1.10125e+06	1.08875e+06	1.11275e+06	1.09575e+06	1.0875e+06	
1.08425e+06	1.12775e+06	1.0895e+06	1.10325e+06	1.0945e+06	
1.14875e+06	1.11975e+06	1.1405e+06	1.155e+06	1.14225e+06	
1.221e+06	1.23675e+06	1.23125e+06	1.235e+06	1.22175e+06	
1.2985e+06	1.3055e+06	1.32375e+06	1.3025e+06	1.32575e+06	
1.3395e+06	1.3485e+06	1.36675e+06	1.339e+06	1.325e+06	
1.3485e+06	1.3125e+06	1.3395e+06	1.32125e+06	1.34075e+06	
1.32375e+06	1.308e+06	1.301e+06	1.347e+06	1.3155e+06	
1.34025e+06	1.3565e+06	1.315e+06	1.3105e+06	1.28725e+06	
1.38625e+06	1.36975e+06	1.3295e+06	1.3655e+06	1.35225e+06	
1.40075e+06	1.395e+06	1.371e+06	1.414e+06	1.38925e+06	
1.37475e+06	1.40075e+06	1.38675e+06	1.37725e+06	1.3685e+06	
1.38625e+06	1.4e+06	1.38625e+06	1.363e+06	1.385e+06	
1.383e+06	1.3925e+06	1.41075e+06	1.38125e+06	1.3805e+06	
1.39875e+06	1.40575e+06	1.36675e+06	1.38925e+06	1.39825e+06	
1.4195e+06	1.402e+06	1.3975e+06	1.39125e+06	1.443e+06	
1.504e+06	1.50025e+06	1.48575e+06	1.49275e+06	1.506e+06	
1.59675e+06	1.5935e+06	1.569e+06	1.58225e+06	1.56825e+06	
1.62125e+06	1.60475e+06	1.659e+06	1.63075e+06	1.66275e+06	
1.62175e+06	1.62375e+06	1.63075e+06	1.63075e+06	1.61875e+06	
1.6925e+06	1.64825e+06	1.673e+06	1.676e+06	1.644e+06	
1.72575e+06	1.6875e+06	1.6955e+06	1.6875e+06	1.68925e+06	
1.75475e+06	1.7365e+06	1.775e+06	1.7385e+06	1.768e+06	
1.7075e+06	1.76375e+06	1.73025e+06	1.7315e+06	1.7295e+06	
1.66775e+06	1.627e+06	1.6395e+06	1.63325e+06	1.66475e+06	
1.528e+06	1.55e+06	1.567e+06	1.5425e+06	1.521e+06	
1.3275e+06	1.36425e+06	1.33775e+06	1.34525e+06	1.37725e+06	
1.221e+06	1.23375e+06	1.2425e+06	1.22175e+06	1.2105e+06	
1.2255e+06	1.17375e+06	1.209e+06	1.18075e+06	1.1745e+06	
1.3275e+06	1.28225e+06	1.29975e+06	1.30675e+06	1.29475e+06	
1.49575e+06	1.506e+06	1.49275e+06	1.5085e+06	1.5115e+06	
1.678e+06	1.66725e+06	1.65525e+06	1.649e+06	1.6615e+06	
1.75975e+06	1.75725e+06	1.7755e+06	1.7675e+06	1.80075e+06	
1.85875e+06	1.79e+06	1.80525e+06	1.86075e+06	1.83225e+06	
1.83675e+06	1.77375e+06	1.73975e+06	1.756e+06	1.78125e+06	
1.62e+06	1.64025e+06	1.6155e+06	1.60475e+06	1.61125e+06	
1.43975e+06	1.451e+06	1.451e+06	1.4315e+06	1.429e+06	
1.327e+06	1.33075e+06	1.349e+06	1.32325e+06	1.33275e+06	
1.441e+06	1.46175e+06	1.443e+06	1.4455e+06	1.4455e+06	
1.73975e+06	1.7145e+06	1.7165e+06	1.67425e+06	1.69675e+06	
1.96525e+06	1.9665e+06	1.95075e+06	1.96275e+06	1.942e+06	
2.16125e+06	2.1065e+06	2.11775e+06	2.1185e+06	2.11475e+06	
2.2375e+06	2.29225e+06	2.237e+06	2.24575e+06	2.2425e+06	
2.35225e+06	2.3175e+06	2.327e+06	2.3295e+06	2.3195e+06	
2.36425e+06	2.39075e+06	2.34525e+06	2.36925e+06	2.31625e+06	
2.37625e+06	2.392e+06	2.3755e+06	2.39375e+06	2.32575e+06	
2.38375e+06	2.404e+06	2.431e+06	2.35475e+06	2.43725e+06	
2.429e+06	2.4115e+06	2.42775e+06	2.45e+06	2.4065e+06	
2.45625e+06	2.48825e+06	2.4335e+06	2.42725e+06	2.43975e+06	
2.53175e+06	2.5525e+06	2.54125e+06	2.55575e+06	2.54325e+06	
2.5955e+06	2.57075e+06	2.555e+06	2.521e+06	2.559e+06	
2.5905e+06	2.564e+06	2.598e+06	2.58975e+06	2.6175e+06	
2.6585e+06	2.64825e+06	2.6225e+06	2.69575e+06	2.65475e+06	
2.6345e+06	2.63525e+06	2.56275e+06	2.6515e+06	2.6225e+06	
2.54625e+06	2.55125e+06	2.557e+06	2.5355e+06	2.5595e+06	
2.608e+06	2.62625e+06	2.613e+06	2.56575e+06	2.61375e+06	
2.6785e+06	2.625e+06	2.65475e+06	2.6925e+06	2.60925e+06	
2.60925e+06	2.59175e+06	2.61425e+06	2.6195e+06	2.601e+06	
2.5935e+06	2.6195e+06	2.60425e+06	2.58975e+06	2.57275e+06	
2.66025e+06	2.659e+06	2.6535e+06	2.664e+06	2.6055e+06	
2.661e+06	2.67425e+06	2.6925e+06	2.683e+06	2.596e+06	
2.63325e+06	2.59675e+06	2.61875e+06	2.5695e+06	2.58725e+06	
2.65525e+06	2.59725e+06	2.64775e+06	2.62125e+06	2.62e+06	
2.6125e+06	2.61625e+06	2.62875e+06	2.6055e+06	2.65725e+06	
2.65975e+06	2.6365e+06	2.67725e+06	2.64775e+06	2.61675e+06	
2.7075e+06	2.72975e+06	2.6655e+06	2.66225e+06	2.73475e+06	
2.73525e+06	2.6855e+06	2.722e+06	2.73775e+06	2.75425e+06	
2.80225e+06	2.79325e+06	2.76175e+06	2.7725e+06	2.7745e+06	
2.8865e+06	2.877e+06	2.85825e+06	2.86525e+06	2.82175e+06	
2.99175e+06	2.993e+06	2.9515e+06	2.9735e+06	2.93875e+06	
2.97025e+06	2.9275e+06	2.94825e+06	2.8935e+06	2.969e+06	
2.88475e+06	2.86525e+06	2.8835e+06	2.87975e+06	2.89025e+06	
2.74425e+06	2.7245e+06	2.73775e+06	2.72325e+06	2.685e+06	
2.7285e+06	2.75675e+06	2.678e+06	2.67725e+06	2.67725e+06	
2.83925e+06	2.782e+06	2.7825e+06	2.73275e+06	2.751e+06	
3.02275e+06	2.9495e+06	2.95075e+06	2.94025e+06	2.93375e+06	
3.0655e+06	3.06925e+06	2.9905e+06	3.03775e+06	3.06175e+06	
3.05925e+06	3.11525e+06	3.09125e+06	3.02525e+06	3.08625e+06	
3.15875e+06	3.2105e+06	3.14125e+06	3.14425e+06	3.1505e+06	
3.1525e+06	3.18275e+06	3.10525e+06	3.1215e+06	3.10075e+06	
3.09775e+06	3.0535e+06	3.09575e+06	3.0605e+06	3.05975e+06	
3.036e+06	3.0705e+06	3.03275e+06	3.094e+06	2.97475e+06	
3.16125e+06	3.2325e+06	3.1575e+06	3.17825e+06	3.097e+06	
3.2515e+06	3.23325e+06	3.20725e+06	3.19025e+06	3.13925e+06	
3.15e+06	3.15375e+06	3.09125e+06	3.1425e+06	3.1645e+06	
3.18975e+06	3.1475e+06	3.1645e+06	3.1645e+06	3.13425e+06	
3.1185e+06	3.1215e+06	3.157e+06	3.18275e+06	3.2085e+06	
3.18075e+06	3.237e+06	3.208e+06	3.23e+06	3.189e+06	
3.254e+06	3.22925e+06	3.24325e+06	3.27725e+06	3.27975e+06	
3.441e+06	3.33075e+06	3.3705e+06	3.363e+06	3.32e+06	
3.37925e+06	3.32525e+06	3.32775e+06	3.35025e+06	3.26225e+06	
3.25275e+06	3.31625e+06	3.2305e+06	3.26725e+06	3.2665e+06	
3.20225e+06	3.1985e+06	3.17525e+06	3.17275e+06	3.269e+06	
3.201e+06	3.20475e+06	3.23325e+06	3.19225e+06	3.20975e+06	
3.274e+06	3.189e+06	3.1745e+06	3.19725e+06	3.19725e+06	
3.276e+06	3.21475e+06	3.20475e+06	3.25275e+06	3.25775e+06	
3.25825e+06	3.2835e+06	3.25075e+06	3.269e+06	3.26525e+06	
3.32275e+06	3.31575e+06	3.3175e+06	3.30875e+06	3.33325e+06	
3.29675e+06	3.344e+06	3.3465e+06	3.334e+06	3.32525e+06	
3.33325e+06	3.2515e+06	3.26475e+06	3.2885e+06	3.2685e+06	
3.41975e+06	3.39325e+06	3.34025e+06	3.37425e+06	3.3365e+06	
3.53675e+06	3.47775e+06	3.45875e+06	3.47575e+06	3.47375e+06	
3.58925e+06	3.58475e+06	3.55125e+06	3.5735e+06	3.557e+06	
3.64975e+06	3.605e+06	3.5685e+06	3.53825e+06	3.583e+06	
3.6075e+06	3.5955e+06	3.632e+06	3.56975e+06	3.58475e+06	
3.48025e+06	3.44425e+06	3.5085e+06	3.45375e+06	3.47125e+06	
3.4265e+06	3.4045e+06	3.40025e+06	3.38625e+06	3.36225e+06	
3.3875e+06	3.37625e+06	3.409e+06	3.3755e+06	3.3635e+06	
3.33575e+06	3.3585e+06	3.36175e+06	3.3995e+06	3.33775e+06	
3.52375e+06	3.48525e+06	3.409e+06	3.50725e+06	3.438e+06	
3.6125e+06	3.59225e+06	3.55775e+06	3.5815e+06	3.54125e+06	
3.6415e+06	3.586e+06	3.55125e+06	3.58225e+06	3.57525e+06	
3.6345e+06	3.629e+06	3.6025e+06	3.60175e+06	3.576e+06	
3.6175e+06	3.56975e+06	3.55325e+06	3.54325e+06	3.61575e+06	
3.569e+06	3.5545e+06	3.50675e+06	3.57225e+06	3.49725e+06	
3.627e+06	3.675e+06	3.6e+06	3.5815e+06	3.60175e+06	
3.71325e+06	3.71325e+06	3.68125e+06	3.6925e+06	3.69575e+06	
3.613e+06	3.64525e+06	3.646e+06	3.651e+06	3.6075e+06	
3.637e+06	3.6735e+06	3.5785e+06	3.59225e+06	3.5885e+06	
3.4895e+06	3.48575e+06	3.48075e+06	3.5275e+06	3.4725e+06	
3.53125e+06	3.545e+06	3.55775e+06	3.53e+06	3.49075e+06	
3.63325e+06	3.59175e+06	3.51425e+06	3.5615e+06	3.598e+06	
3.63775e+06	3.622e+06	3.6465e+06	3.697e+06	3.64325e+06	
3.5955e+06	3.60125e+06	3.57475e+06	3.6395e+06	3.54575e+06	
3.4765e+06	3.49975e+06	3.49475e+06	3.508e+06	3.46625e+06	
3.35475e+06	3.349e+06	3.363e+06	3.36925e+06	3.36875e+06	
3.18025e+06	3.1845e+06	3.177e+06	3.109e+06	3.17275e+06	
2.969e+06	2.93125e+06	2.94075e+06	2.97725e+06	2.966e+06	
2.91175e+06	2.91675e+06	2.9035e+06	2.877e+06	2.826e+06	
2.9805e+06	2.99625e+06	2.96225e+06	2.976e+06	2.9515e+06	
3.39625e+06	3.41475e+06	3.34225e+06	3.41325e+06	3.344e+06	
3.6855e+06	3.66425e+06	3.70325e+06	3.755e+06	3.6945e+06	
3.99625e+06	3.874e+06	3.92125e+06	3.9735e+06	3.8595e+06	
3.93075e+06	3.92825e+06	3.826e+06	3.83675e+06	3.884e+06	
3.896e+06	3.881e+06	3.85625e+06	3.91e+06	3.864e+06	
4.04975e+06	3.97425e+06	3.99375e+06	3.96225e+06	3.93525e+06	
4.0075e+06	3.9805e+06	3.9685e+06	3.9615e+06	3.9615e+06	
3.79525e+06	3.7655e+06	3.74475e+06	3.79025e+06	3.78825e+06	
3.78525e+06	3.78e+06	3.75675e+06	3.748e+06	3.763e+06	
3.93525e+06	3.98675e+06	3.922e+06	3.879e+06	3.8765e+06	
4.09275e+06	4.06125e+06	4.01075e+06	4.034e+06	4.07575e+06	
4.15625e+06	4.18025e+06	4.07875e+06	4.0435e+06	4.06875e+06	
4.1745e+06	4.21925e+06	4.2715e+06	4.2615e+06	4.23075e+06	
4.3535e+06	4.45425e+06	4.36875e+06	4.387e+06	4.36675e+06	
4.38825e+06	4.40525e+06	4.474e+06	4.41725e+06	4.387e+06	
4.43425e+06	4.445e+06	4.373e+06	4.38625e+06	4.38575e+06	
4.44125e+06	4.37125e+06	4.33275e+06	4.315e+06	4.28475e+06	
4.319e+06	4.353e+06	4.25525e+06	4.249e+06	4.3245e+06	
4.1375e+06	4.17275e+06	4.194e+06	4.1695e+06	4.17825e+06	
4.082e+06	4.02325e+06	4.04425e+06	4.02575e+06	4.00825e+06	
3.99375e+06	3.94775e+06	3.94825e+06	4.00125e+06	4.03275e+06	
4.11725e+06	4.17525e+06	4.14375e+06	4.1625e+06	4.15625e+06	
4.3385e+06	4.34025e+06	4.3025e+06	4.28175e+06	4.30175e+06	
4.375e+06	4.3965e+06	4.3215e+06	4.35925e+06	4.32825e+06	
4.36225e+06	4.39325e+06	4.4165e+06	4.397e+06	4.2785e+06	
4.375e+06	4.30375e+06	4.3095e+06	4.29175e+06	4.33025e+06	
4.49475e+06	4.48575e+06	4.43475e+06	4.44675e+06	4.4235e+06	
4.61875e+06	4.61e+06	4.5635e+06	4.5855e+06	4.617e+06	
4.8275e+06	4.804e+06	4.83e+06	4.7265e+06	4.75125e+06	
4.78575e+06	4.75625e+06	4.82175e+06	4.714e+06	4.73025e+06	
4.8815e+06	4.8815e+06	4.89675e+06	4.869e+06	4.813e+06	
4.944e+06	4.98375e+06	4.93825e+06	4.95275e+06	4.915e+06	
4.89425e+06	4.86825e+06	4.81225e+06	4.92625e+06	4.89175e+06	
4.82175e+06	4.73225e+06	4.847e+06	4.79275e+06	4.8105e+06	
4.84625e+06	4.86975e+06	4.83675e+06	4.847e+06	4.81475e+06	
4.87775e+06	4.884e+06	4.83375e+06	4.83875e+06	4.88025e+06	
4.9345e+06	4.939e+06	4.98675e+06	4.983e+06	4.852e+06	
5.02025e+06	5.0165e+06	4.905e+06	4.961e+06	4.98375e+06	
4.96175e+06	4.9395e+06	4.896e+06	4.893e+06	4.913e+06	
4.80475e+06	4.76375e+06	4.75e+06	4.80025e+06	4.78275e+06	
4.69575e+06	4.69e+06	4.70775e+06	4.7e+06	4.62e+06	
4.893e+06	4.90175e+06	4.81475e+06	4.7575e+06	4.77775e+06	
4.917e+06	4.896e+06	4.88975e+06	4.8985e+06	4.9175e+06	
5.063e+06	4.97475e+06	5.005e+06	5.00825e+06	4.93775e+06	
5.23e+06	5.21625e+06	5.11725e+06	5.2155e+06	5.2205e+06	
5.27175e+06	5.20675e+06	5.15125e+06	5.20425e+06	5.22375e+06	
5.27175e+06	5.2155e+06	5.17075e+06	5.179e+06	5.18775e+06	
5.28875e+06	5.281e+06	5.2075e+06	5.2245e+06	5.172e+06	
5.276e+06	5.17775e+06	5.2295e+06	5.2075e+06	5.143e+06	
5.27175e+06	5.3075e+06	5.19975e+06	5.25275e+06	5.17075e+06	
5.42475e+06	5.319e+06	5.3315e+06	5.256e+06	5.31775e+06	
5.41725e+06	5.37625e+06	5.29375e+06	5.3505e+06	5.30325e+06	
5.423e+06	5.477e+06	5.433e+06	5.523e+06	5.45575e+06	
5.6585e+06	5.57925e+06	5.63525e+06	5.627e+06	5.494e+06	
5.557e+06	5.5635e+06	5.5465e+06	5.578e+06	5.542e+06	
5.4745e+06	5.47575e+06	5.467e+06	5.433e+06	5.494e+06	
5.57675e+06	5.4985e+06	5.51375e+06	5.557e+06	5.51625e+06	
5.35175e+06	5.3145e+06	5.36425e+06	5.327e+06	5.41475e+06	
5.32575e+06	5.2295e+06	5.193e+06	5.16775e+06	5.23575e+06	
5.08075e+06	5.0725e+06	5.08075e+06	5.10025e+06	5.03525e+06	
5.2275e+06	5.164e+06	5.22375e+06	5.17025e+06	5.14375e+06	
5.23825e+06	5.24575e+06	5.1765e+06	5.23325e+06	5.11725e+06	
5.2905e+06	5.3745e+06	5.356e+06	5.31125e+06	5.385e+06	
5.3915e+06	5.37575e+06	5.31325e+06	5.37875e+06	5.331e+06	
5.3315e+06	5.29875e+06	5.3415e+06	5.29e+06	5.34675e+06	
5.4165e+06	5.33275e+06	5.358e+06	5.36875e+06	5.26225e+06	
5.5085e+06	5.491e+06	5.45625e+06	5.4065e+06	5.44925e+06	
5.45325e+06	5.46075e+06	5.472e+06	5.41775e+06	5.47275e+06	
5.59425e+06	5.5785e+06	5.57425e+06	5.56275e+06	5.45575e+06	
5.5565e+06	5.48725e+06	5.5565e+06	5.49525e+06	5.5665e+06	
5.62575e+06	5.60625e+06	5.57975e+06	5.54e+06	5.557e+06	
5.7235e+06	5.707e+06	5.71475e+06	5.74425e+06	5.6635e+06	
5.658e+06	5.64025e+06	5.6045e+06	5.5835e+06	5.5855e+06	
5.595e+06	5.5715e+06	5.54825e+06	5.49225e+06	5.49025e+06	
5.50675e+06	5.54e+06	5.5785e+06	5.491e+06	5.5395e+06	
5.612e+06	5.578e+06	5.48025e+06	5.50725e+06	5.52425e+06	
5.624e+06	5.64225e+06	5.5425e+06	5.57025e+06	5.515e+06	
5.55325e+06	5.586e+06	5.581e+06	5.62075e+06	5.52625e+06	
5.59375e+06	5.605e+06	5.52875e+06	5.54125e+06	5.559e+06	
5.6315e+06	5.6385e+06	5.60575e+06	5.61625e+06	5.61125e+06	
5.6605e+06	5.65225e+06	5.63725e+06	5.5905e+06	5.6465e+06	
5.82375e+06	5.7965e+06	5.75825e+06	5.83375e+06	5.78575e+06	
5.879e+06	5.78575e+06	5.724e+06	5.767e+06	5.639e+06	
5.8715e+06	5.79025e+06	5.85075e+06	5.784e+06	5.8445e+06	
5.9535e+06	5.956e+06	5.8905e+06	5.9635e+06	5.859e+06	
6.01575e+06	5.87725e+06	5.8305e+06	5.917e+06	5.87775e+06	
5.93025e+06	5.9225e+06	5.83825e+06	5.8255e+06	5.7965e+06	
5.958e+06	5.98175e+06	5.9055e+06	5.927e+06	5.874e+06	
5.987e+06	5.879e+06	5.87025e+06	5.8595e+06	5.83175e+06	
5.92325e+06	5.81225e+06	5.743e+06	5.81875e+06	5.8395e+06	
5.8105e+06	5.75e+06	5.811e+06	5.774e+06	5.82125e+06	
5.87975e+06	5.85825e+06	5.77325e+06	5.83375e+06	5.8155e+06	
5.77525e+06	5.7015e+06	5.7795e+06	5.6995e+06	5.72975e+06	
5.90675e+06	5.87475e+06	5.86775e+06	5.87725e+06	5.84325e+06	
5.94225e+06	5.9485e+06	5.82425e+06	5.9025e+06	5.8685e+06	
6.082e+06	6.087e+06	5.992e+06	5.99575e+06	5.98425e+06	
5.92e+06	5.88175e+06	5.8495e+06	5.77525e+06	5.74675e+06	
5.9725e+06	5.86525e+06	5.8905e+06	5.78575e+06	5.825e+06	
5.98175e+06	5.88225e+06	5.874e+06	5.915e+06	5.879e+06	
6.0525e+06	5.95975e+06	5.99325e+06	5.9465e+06	5.9875e+06	
6.0315e+06	6.082e+06	5.91575e+06	5.987e+06	6.00775e+06	
6.00575e+06	6.04225e+06	5.9605e+06	6.038e+06	6.07825e+06	
6.22625e+06	6.22325e+06	6.13e+06	6.17475e+06	6.2055e+06	
6.10975e+06	6.2125e+06	6.23525e+06	6.2075e+06	6.1595e+06	
6.266e+06	6.22375e+06	6.2025e+06	6.164e+06	6.1545e+06	
6.2245e+06	6.17525e+06	6.16275e+06	6.23825e+06	6.14325e+06	
6.32725e+06	6.155e+06	6.15075e+06	6.186e+06	6.18975e+06	
6.106e+06	6.09325e+06	6.07825e+06	5.987e+06	6.0605e+06	
6.20175e+06	6.21875e+06	6.13175e+06	6.21125e+06	6.19225e+06	
6.2685e+06	6.25475e+06	6.22e+06	6.28925e+06	6.24525e+06	
6.423e+06	6.4035e+06	6.39075e+06	6.3075e+06	6.42225e+06	
6.629e+06	6.66925e+06	6.634e+06	6.52825e+06	6.593e+06	
6.69e+06	6.7015e+06	6.5415e+06	6.6555e+06	6.593e+06	
6.69e+06	6.6415e+06	6.627e+06	6.5925e+06	6.6145e+06	
6.595e+06	6.60825e+06	6.52625e+06	6.503e+06	6.52875e+06	
6.7525e+06	6.63725e+06	6.64725e+06	6.7115e+06	6.682e+06	
6.73875e+06	6.63775e+06	6.7235e+06	6.63275e+06	6.62575e+06	
6.81675e+06	6.835e+06	6.7865e+06	6.76825e+06	6.80975e+06	
7.0185e+06	6.963e+06	6.929e+06	6.995e+06	6.99825e+06	
7.067e+06	6.97375e+06	6.9265e+06	6.98575e+06	6.963e+06	
7.084e+06	6.987e+06	6.997e+06	7.009e+06	6.929e+06	
7.0405e+06	7.019e+06	6.97375e+06	6.898e+06	6.8565e+06	
7.08075e+06	7.0215e+06	6.9385e+06	6.992e+06	6.9725e+06	
7.01275e+06	7.053e+06	7.0285e+06	7.079e+06	7.1475e+06	
7.16025e+06	7.12125e+06	7.06e+06	7.058e+06	7.01025e+06	
7.30125e+06	7.1785e+06	7.22125e+06	7.20175e+06	7.11675e+06	
7.4305e+06	7.34175e+06	7.40475e+06	7.3115e+06	7.41425e+06	
7.5465e+06	7.682e+06	7.566e+06	7.50625e+06	7.50225e+06	
7.56025e+06	7.549e+06	7.44375e+06	7.585e+06	7.53075e+06	
7.62275e+06	7.62725e+06	7.54275e+06	7.56675e+06	7.5705e+06	
7.6115e+06	7.68375e+06	7.4785e+06	7.52e+06	7.537e+06	
7.84025e+06	7.86475e+06	7.75625e+06	7.82575e+06	7.72725e+06	
7.82125e+06	7.8585e+06	7.89125e+06	7.8465e+06	7.88225e+06	
7.92275e+06	7.873e+06	7.8035e+06	7.78975e+06	7.7575e+06	
8.11475e+06	8.14775e+06	8.0185e+06	7.99525e+06	7.9895e+06	
8.06e+06	8.05625e+06	8.06825e+06	7.9465e+06	8.067e+06	
8.04625e+06	8.0885e+06	7.999e+06	7.97675e+06	8.00325e+06	
8.1325e+06	8.17225e+06	8.08275e+06	8.0745e+06	8.096e+06	
8.338e+06	8.30325e+06	8.217e+06	8.38025e+06	8.29575e+06	
8.31475e+06	8.37775e+06	8.217e+06	8.266e+06	8.2175e+06	
8.53025e+06	8.43625e+06	8.39725e+06	8.384e+06	8.30325e+06	
8.34425e+06	8.256e+06	8.29325e+06	8.2315e+06	8.28375e+06	
8.45825e+06	8.4565e+06	8.404e+06	8.41425e+06	8.44125e+06	
8.4565e+06	8.34425e+06	8.391e+06	8.336e+06	8.36075e+06	
8.53025e+06	8.44825e+06	8.3305e+06	8.341e+06	8.32025e+06	
8.38075e+06	8.34175e+06	8.341e+06	8.29625e+06	8.32525e+06	
8.573e+06	8.47725e+06	8.421e+06	8.43425e+06	8.5415e+06	
8.4015e+06	8.36075e+06	8.43625e+06	8.33675e+06	8.3305e+06	
8.21825e+06	8.17725e+06	8.135e+06	8.22825e+06	8.135e+06	
7.7355e+06	7.6655e+06	7.6575e+06	7.626e+06	7.675e+06	
7.447e+06	7.551e+06	7.4545e+06	7.4275e+06	7.2755e+06	
7.389e+06	7.40525e+06	7.331e+06	7.3525e+06	7.34925e+06	
7.68775e+06	7.7115e+06	7.65225e+06	7.62525e+06	7.539e+06	
8.07025e+06	8.0545e+06	8.045e+06	8.12175e+06	8.01975e+06	
8.33175e+06	8.24475e+06	8.3165e+06	8.26425e+06	8.222e+06	
8.54775e+06	8.6525e+06	8.49875e+06	8.68525e+06	8.48475e+06	
8.7885e+06	8.706e+06	8.723e+06	8.67075e+06	8.70275e+06	
8.7085e+06	8.573e+06	8.55225e+06	8.63525e+06	8.58e+06	
8.733e+06	8.71425e+06	8.67875e+06	8.619e+06	8.65125e+06	
8.97e+06	9.05625e+06	8.98375e+06	8.91825e+06	8.9605e+06	
9.3715e+06	9.25475e+06	9.1035e+06	9.06075e+06	9.205e+06	
9.40725e+06	9.30825e+06	9.38975e+06	9.466e+06	9.4085e+06	
9.399e+06	9.3575e+06	9.2945e+06	9.22775e+06	9.20375e+06	
9.5485e+06	9.42925e+06	9.39025e+06	9.42625e+06	9.36375e+06	
9.3355e+06	9.23525e+06	9.0955e+06	9.2505e+06	9.292e+06	
9.15575e+06	9.183e+06	9.0595e+06	8.99025e+06	9.06775e+06	
8.98075e+06	9.002e+06	8.9415e+06	9.0695e+06	8.96625e+06	
9.03875e+06	9.04425e+06	8.94475e+06	8.92525e+06	8.86925e+06	
9.19875e+06	9.15975e+06	9.2095e+06	9.033e+06	9.12175e+06	
9.49675e+06	9.4975e+06	9.401e+06	9.4345e+06	9.44125e+06	
9.488e+06	9.4595e+06	9.35625e+06	9.42125e+06	9.4225e+06	
9.44825e+06	9.44375e+06	9.3985e+06	9.47725e+06	9.399e+06	
9.621e+06	9.684e+06	9.64925e+06	9.67e+06	9.59625e+06	
9.8245e+06	9.76575e+06	9.73625e+06	9.75e+06	9.791e+06	
9.885e+06	9.84275e+06	9.80175e+06	9.8175e+06	9.78675e+06	
9.88175e+06	9.8565e+06	9.80375e+06	9.77275e+06	9.723e+06	
9.9605e+06	9.74375e+06	9.73625e+06	9.76975e+06	9.636e+06	
9.7985e+06	9.781e+06	9.71925e+06	9.7855e+06	9.771e+06	
1.00665e+07	9.88625e+06	9.98575e+06	9.80375e+06	9.8445e+06	
9.89125e+06	9.854e+06	9.866e+06	9.84025e+06	9.85475e+06	
1.00525e+07	1.00702e+07	9.95425e+06	9.94225e+06	9.87475e+06	
1.01192e+07	9.958e+06	1.00148e+07	1.00155e+07	1.00368e+07	
9.93025e+06	9.89375e+06	9.752e+06	9.96625e+06	9.86475e+06	
9.808e+06	9.74825e+06	9.6e+06	9.7715e+06	9.71475e+06	
9.689e+06	9.65675e+06	9.704e+06	9.69275e+06	9.69475e+06	
9.723e+06	9.6435e+06	9.76825e+06	9.53975e+06	9.5975e+06	
9.82575e+06	9.79675e+06	9.82e+06	9.78025e+06	9.708e+06	
9.9745e+06	9.85775e+06	9.8225e+06	9.77975e+06	9.79675e+06	
9.859e+06	9.914e+06	9.85725e+06	9.75775e+06	9.82875e+06	
9.8175e+06	9.723e+06	9.70275e+06	9.653e+06	9.68775e+06	
9.532e+06	9.544e+06	9.493e+06	9.49175e+06	9.51325e+06	
9.558e+06	9.52325e+06	9.413e+06	9.428e+06	9.51325e+06	
9.471e+06	9.43825e+06	9.5025e+06	9.46975e+06	9.508e+06	
9.3985e+06	9.49225e+06	9.5095e+06	9.47975e+06	9.532e+06	
9.4545e+06	9.38575e+06	9.4855e+06	9.39725e+06	9.44e+06	
9.58625e+06	9.46525e+06	9.447e+06	9.52325e+06	9.4595e+06	
9.7835e+06	9.73675e+06	9.653e+06	9.774e+06	9.66125e+06	
9.8685e+06	9.83575e+06	9.762e+06	9.79475e+06	9.77725e+06	
9.81175e+06	9.80375e+06	9.817e+06	9.723e+06	9.6645e+06	
9.67e+06	9.65675e+06	9.71925e+06	9.68525e+06	9.63975e+06	
9.675e+06	9.54025e+06	9.56675e+06	9.55275e+06	9.549e+06	
9.83825e+06	9.88925e+06	9.75775e+06	9.706e+06	9.767e+06	
9.931e+06	9.90825e+06	9.902e+06	9.8125e+06	9.86925e+06	
1.01825e+07	1.003e+07	9.972e+06	9.96825e+06	9.9285e+06	
1.0408e+07	1.0183e+07	1.02195e+07	1.0137e+07	1.01748e+07	
1.02908e+07	1.02208e+07	1.02995e+07	1.01842e+07	1.01585e+07	
1.03115e+07	1.0302e+07	1.02952e+07	1.02555e+07	1.03078e+07	
1.00885e+07	1.00155e+07	1.00072e+07	1.00292e+07	9.97825e+06	
1.02705e+07	1.01138e+07	1.01705e+07	1.01382e+07	9.96125e+06	
9.99275e+06	1.0086e+07	9.958e+06	9.9315e+06	9.992e+06	
9.86475e+06	9.796e+06	9.81125e+06	9.788e+06	9.81125e+06	
9.94725e+06	9.80625e+06	9.76525e+06	9.76275e+06	9.74875e+06	
9.90375e+06	9.83825e+06	9.82375e+06	9.78975e+06	9.82825e+06	
1.0219e+07	1.01975e+07	1.0076e+07	1.01602e+07	1.00368e+07	
1.02442e+07	1.02228e+07	1.00955e+07	1.01402e+07	1.00772e+07	
1.02178e+07	1.01105e+07	1.0098e+07	1.01602e+07	1.0166e+07	
1.02202e+07	1.01358e+07	1.00898e+07	1.00822e+07	1.00235e+07	
1.0052e+07	1.00898e+07	9.99075e+06	1.00205e+07	9.9575e+06	
1.00885e+07	1.00665e+07	9.9505e+06	9.9965e+06	1.00495e+07	
1.02298e+07	1.0161e+07	1.0043e+07	1.01892e+07	1.01035e+07	
1.04735e+07	1.03898e+07	1.04225e+07	1.02888e+07	1.0222e+07	
1.03512e+07	1.02725e+07	1.00998e+07	1.01842e+07	1.00902e+07	
1.02158e+07	1.02522e+07	1.0098e+07	1.01672e+07	1.01862e+07	
1.03222e+07	1.02228e+07	1.01938e+07	1.01942e+07	1.01918e+07	
1.01735e+07	1.0086e+07	9.9165e+06	1.01282e+07	1.00615e+07	
9.87425e+06	9.94475e+06	9.83275e+06	9.89575e+06	9.9695e+06	
1.01522e+07	1.01232e+07	9.888e+06	9.98825e+06	9.878e+06	
9.8855e+06	9.8445e+06	9.8705e+06	9.871e+06	9.91075e+06	
9.83775e+06	9.78925e+06	9.78225e+06	9.80175e+06	9.75525e+06	
9.89825e+06	9.8055e+06	9.77225e+06	9.8225e+06	9.7665e+06	
9.93025e+06	9.851e+06	9.81125e+06	9.9485e+06	9.86675e+06	
9.977e+06	9.9485e+06	9.99775e+06	9.982e+06	1.00218e+07	
1.00508e+07	1.0127e+07	9.931e+06	1.00732e+07	9.98525e+06	
9.95225e+06	9.87225e+06	9.74325e+06	9.9e+06	9.78725e+06	
9.6235e+06	9.4975e+06	9.45075e+06	9.44325e+06	9.56725e+06	
9.14525e+06	9.103e+06	9.0355e+06	9.1005e+06	8.956e+06	
8.9555e+06	8.8635e+06	8.86925e+06	8.8685e+06	8.81175e+06	
9.04175e+06	9.0305e+06	8.98325e+06	9.0205e+06	9.023e+06	
9.178e+06	9.22575e+06	9.10225e+06	9.086e+06	9.17975e+06	
9.287e+06	9.19e+06	9.16525e+06	9.193e+06	9.08725e+06	
9.35e+06	9.314e+06	9.188e+06	9.2825e+06	9.234e+06	
9.5465e+06	9.37325e+06	9.45025e+06	9.45775e+06	9.37e+06	
9.6145e+06	9.57e+06	9.53525e+06	9.5685e+06	9.595e+06	
9.8465e+06	9.917e+06	9.8075e+06	9.83075e+06	9.76825e+06	
1.004e+07	1.00115e+07	9.8905e+06	1.00102e+07	9.863e+06	
1.0132e+07	1.00848e+07	9.975e+06	1.004e+07	1.00438e+07	
1.0181e+07	1.00338e+07	1.00002e+07	9.98125e+06	9.9795e+06	
1.01888e+07	1.0195e+07	1.02498e+07	1.0183e+07	1.0127e+07	
1.02468e+07	1.0219e+07	1.01615e+07	1.0227e+07	1.01482e+07	
1.04465e+07	1.0328e+07	1.01892e+07	1.02932e+07	1.02762e+07	
1.03575e+07	1.0386e+07	1.02178e+07	1.0256e+07	1.02758e+07	
1.01652e+07	1.02302e+07	1.0132e+07	1.01125e+07	1.01452e+07	
1.02108e+07	1.0229e+07	1.01382e+07	1.0086e+07	1.00702e+07	
1.00985e+07	1.01578e+07	1.00222e+07	1.01282e+07	1.0149e+07	
1.03778e+07	1.03322e+07	1.03512e+07	1.01888e+07	1.0222e+07	
1.06102e+07	1.04558e+07	1.04925e+07	1.0536e+07	1.03702e+07	
1.06178e+07	1.0616e+07	1.06488e+07	1.05132e+07	1.05812e+07	
1.07552e+07	1.07615e+07	1.0624e+07	1.0684e+07	1.07425e+07	
1.06675e+07	1.06782e+07	1.07412e+07	1.059e+07	1.06488e+07	
1.0764e+07	1.05762e+07	1.06852e+07	1.0633e+07	1.06185e+07	
1.0689e+07	1.07148e+07	1.05568e+07	1.04312e+07	1.05422e+07	
1.05365e+07	1.04735e+07	1.0408e+07	1.0372e+07	1.0401e+07	
1.00872e+07	1.01862e+07	1.0101e+07	1.0001e+07	9.99275e+06	
9.8175e+06	9.75525e+06	9.66325e+06	9.70725e+06	9.614e+06	
9.84975e+06	9.8e+06	9.786e+06	9.67575e+06	9.70975e+06	
1.00185e+07	1.00015e+07	9.859e+06	9.94425e+06	9.85225e+06	
1.02108e+07	1.011e+07	1.00935e+07	1.013e+07	1.0161e+07	
1.04515e+07	1.03595e+07	1.03272e+07	1.02505e+07	1.0432e+07	
1.05862e+07	1.06102e+07	1.0534e+07	1.06885e+07	1.05435e+07	
1.08402e+07	1.0687e+07	1.07735e+07	1.07482e+07	1.07805e+07	
1.097e+07	1.10338e+07	1.08855e+07	1.08788e+07	1.08415e+07	
1.1035e+07	1.07715e+07	1.07445e+07	1.08005e+07	1.06885e+07	
1.0863e+07	1.08145e+07	1.08395e+07	1.0795e+07	1.0858e+07	
1.0948e+07	1.07685e+07	1.07388e+07	1.08568e+07	1.0827e+07	
1.10305e+07	1.0967e+07	1.09948e+07	1.09808e+07	1.10362e+07	
1.1045e+07	1.10682e+07	1.0897e+07	1.0827e+07	1.08825e+07	
1.12252e+07	1.09322e+07	1.09082e+07	1.09555e+07	1.0786e+07	
1.11718e+07	1.10972e+07	1.097e+07	1.08668e+07	1.09185e+07	
1.07822e+07	1.0803e+07	1.06802e+07	1.06102e+07	1.06778e+07	
1.05598e+07	1.05182e+07	1.05788e+07	1.04835e+07	1.04988e+07	
1.04652e+07	1.03948e+07	1.02725e+07	1.0277e+07	1.03298e+07	
1.04975e+07	1.04502e+07	1.034e+07	1.0355e+07	1.03218e+07	
1.0599e+07	1.05062e+07	1.04968e+07	1.04868e+07	1.04938e+07	
1.07142e+07	1.05208e+07	1.05308e+07	1.05112e+07	1.04868e+07	
1.06675e+07	1.05145e+07	1.0556e+07	1.04968e+07	1.06102e+07	
1.06745e+07	1.05978e+07	1.05415e+07	1.04502e+07	1.06318e+07	
1.07155e+07	1.07288e+07	1.07225e+07	1.07148e+07	1.0793e+07	
1.0987e+07	1.09405e+07	1.081e+07	1.07558e+07	1.08422e+07	
1.0989e+07	1.08825e+07	1.0895e+07	1.08975e+07	1.0858e+07	
1.08672e+07	1.08932e+07	1.08382e+07	1.08428e+07	1.07785e+07	
1.08308e+07	1.08238e+07	1.06922e+07	1.0662e+07	1.0682e+07	
1.0556e+07	1.05755e+07	1.05082e+07	1.05245e+07	1.05045e+07	
1.06795e+07	1.05592e+07	1.0607e+07	1.05762e+07	1.04888e+07	
1.0558e+07	1.04622e+07	1.05642e+07	1.05188e+07	1.04685e+07	
1.05908e+07	1.04988e+07	1.05535e+07	1.05188e+07	1.0556e+07	
1.07048e+07	1.06898e+07	1.0653e+07	1.05372e+07	1.06318e+07	
1.07992e+07	1.06828e+07	1.07325e+07	1.06425e+07	1.06488e+07	
1.0609e+07	1.06695e+07	1.05712e+07	1.05825e+07	1.0706e+07	
1.07748e+07	1.07068e+07	1.0575e+07	1.06795e+07	1.0609e+07	
1.0616e+07	1.04652e+07	1.04362e+07	1.05208e+07	1.0469e+07	
1.0493e+07	1.03002e+07	1.01572e+07	1.0263e+07	1.0299e+07	
1.02505e+07	1.02825e+07	1.01478e+07	1.01175e+07	1.01522e+07	
1.01892e+07	1.00595e+07	1.00418e+07	1.00815e+07	1.01408e+07	
1.01648e+07	1.02352e+07	1.01522e+07	1.01602e+07	1.02498e+07	
1.03045e+07	1.02372e+07	1.00802e+07	1.0193e+07	1.02075e+07	
1.05535e+07	1.04142e+07	1.03298e+07	1.03235e+07	1.03972e+07	
1.04055e+07	1.0365e+07	1.02952e+07	1.02232e+07	1.03072e+07	
1.03512e+07	1.03015e+07	1.01982e+07	1.03752e+07	1.026e+07	
1.04585e+07	1.0529e+07	1.03992e+07	1.03658e+07	1.03122e+07	
1.0459e+07	1.03765e+07	1.02385e+07	1.03165e+07	1.02705e+07	
1.05232e+07	1.04598e+07	1.03998e+07	1.0345e+07	1.0231e+07	
1.05108e+07	1.04715e+07	1.03612e+07	1.04452e+07	1.04035e+07	
1.05378e+07	1.04375e+07	1.0493e+07	1.04842e+07	1.04255e+07	
1.05208e+07	1.04162e+07	1.04332e+07	1.0369e+07	1.0391e+07	
1.06525e+07	1.05568e+07	1.05675e+07	1.03745e+07	1.05352e+07	
1.07048e+07	1.05112e+07	1.04842e+07	1.06202e+07	1.05195e+07	
1.04452e+07	1.0481e+07	1.0452e+07	1.04552e+07	1.03298e+07	
1.0573e+07	1.06128e+07	1.04578e+07	1.03702e+07	1.057e+07	
1.04515e+07	1.0413e+07	1.03608e+07	1.02982e+07	1.04785e+07	
1.04375e+07	1.0532e+07	1.04118e+07	1.044e+07	1.03828e+07	
1.05635e+07	1.05208e+07	1.03562e+07	1.04532e+07	1.03815e+07	
1.03205e+07	1.03078e+07	1.02365e+07	1.0202e+07	1.02952e+07	
1.02505e+07	1.02038e+07	1.00368e+07	1.01968e+07	1.01155e+07	
1.03412e+07	1.02548e+07	1.01635e+07	1.01572e+07	1.00822e+07	
1.03405e+07	1.03135e+07	1.0156e+07	1.02612e+07	1.02335e+07	
1.04275e+07	1.03028e+07	1.0306e+07	1.02812e+07	1.02795e+07	
1.0413e+07	1.0447e+07	1.02045e+07	1.02705e+07	1.02908e+07	
1.04308e+07	1.04022e+07	1.03128e+07	1.0369e+07	1.03658e+07	
1.03878e+07	1.0423e+07	1.02725e+07	1.02302e+07	1.0294e+07	
1.04255e+07	1.0423e+07	1.02472e+07	1.04238e+07	1.0202e+07	
1.03632e+07	1.04255e+07	1.02492e+07	1.03758e+07	1.02978e+07	
1.03492e+07	1.03348e+07	1.02442e+07	1.0253e+07	1.02468e+07	
1.04022e+07	1.03368e+07	1.02025e+07	1.0147e+07	1.02468e+07	
1.03758e+07	1.03492e+07	1.0127e+07	1.0297e+07	1.02812e+07	
1.03985e+07	1.03972e+07	1.04495e+07	1.0292e+07	1.0287e+07	
1.03992e+07	1.02572e+07	1.02372e+07	1.02442e+07	1.03045e+07	
1.02902e+07	1.02688e+07	1.02398e+07	1.00992e+07	1.02775e+07	
1.02915e+07	1.03305e+07	1.02618e+07	1.03008e+07	1.0178e+07	
1.02428e+07	1.02158e+07	1.01308e+07	1.02082e+07	1.02058e+07	
1.04205e+07	1.0241e+07	1.02542e+07	1.02675e+07	1.02195e+07	
1.03272e+07	1.03765e+07	1.02202e+07	1.02775e+07	1.02058e+07	
1.03512e+07	1.04478e+07	1.03588e+07	1.02832e+07	1.02605e+07	
1.05332e+07	1.05265e+07	1.02712e+07	1.04018e+07	1.0275e+07	
1.04445e+07	1.03998e+07	1.03342e+07	1.03808e+07	1.0294e+07	
1.05005e+07	1.03115e+07	1.02888e+07	1.03525e+07	1.03335e+07	
1.0256e+07	1.02845e+07	1.0224e+07	1.01735e+07	1.011e+07	
1.02605e+07	1.0222e+07	1.01748e+07	1.01432e+07	1.01432e+07	
1.0178e+07	1.01022e+07	1.01225e+07	1.01005e+07	1.0064e+07	
1.01232e+07	1.00028e+07	9.8705e+06	9.98325e+06	9.8125e+06	
1.0067e+07	1.00998e+07	9.9385e+06	9.8855e+06	9.88625e+06	
9.97e+06	9.97375e+06	9.98775e+06	9.96375e+06	1.00458e+07	
1.00388e+07	1.00375e+07	9.92525e+06	1.00355e+07	9.82875e+06	
1.0062e+07	9.94475e+06	9.946e+06	9.99525e+06	9.8975e+06	
9.8995e+06	9.73625e+06	9.66875e+06	9.67075e+06	9.665e+06	
9.7735e+06	9.771e+06	9.75075e+06	9.76825e+06	9.72925e+06	
9.72625e+06	9.74575e+06	9.7855e+06	9.67375e+06	9.6645e+06	
9.8005e+06	9.67e+06	9.64425e+06	9.687e+06	9.72875e+06	
9.89325e+06	9.7955e+06	9.7355e+06	9.803e+06	9.73625e+06	
9.99825e+06	9.98325e+06	9.8465e+06	9.9315e+06	9.83825e+06	
1.00198e+07	9.9115e+06	9.94425e+06	9.977e+06	9.8415e+06	
1.00285e+07	1.01585e+07	1.00115e+07	9.9575e+06	1.00355e+07	
9.97875e+06	1.00388e+07	1.0009e+07	9.97e+06	1.0021e+07	
9.94475e+06	1.00658e+07	9.871e+06	9.80375e+06	9.84975e+06	
9.98075e+06	9.91275e+06	9.83075e+06	9.941e+06	9.83775e+06	
9.99775e+06	9.94475e+06	9.88425e+06	9.86175e+06	9.9e+06	
1.00172e+07	1.00442e+07	1.00392e+07	9.953e+06	9.948e+06	
1.01225e+07	1.0064e+07	9.96125e+06	1.00525e+07	1.00285e+07	
1.00235e+07	9.97325e+06	9.93975e+06	1.00098e+07	1.0055e+07	
9.99325e+06	9.9695e+06	9.83025e+06	9.863e+06	9.8515e+06	
9.97325e+06	9.943e+06	9.8825e+06	1.00035e+07	9.9605e+06	
1.00458e+07	9.96875e+06	9.88425e+06	9.982e+06	9.98325e+06	
1.00268e+07	9.934e+06	9.89325e+06	9.7785e+06	9.7565e+06	
9.9265e+06	9.81425e+06	9.78025e+06	9.723e+06	9.9095e+06	
9.7905e+06	9.79225e+06	9.78975e+06	9.81875e+06	9.677e+06	
9.85225e+06	9.64425e+06	9.638e+06	9.71475e+06	9.63425e+06	
9.779e+06	9.8025e+06	9.63175e+06	9.72425e+06	9.73875e+06	
9.82625e+06	9.805e+06	9.80625e+06	9.80425e+06	9.75525e+06	
1.00192e+07	9.8395e+06	9.88675e+06	9.95425e+06	9.9115e+06	
9.9485e+06	1.00052e+07	9.92725e+06	9.9845e+06	9.82875e+06	
9.9315e+06	9.9435e+06	9.784e+06	9.8905e+06	9.8075e+06	
9.9655e+06	9.75325e+06	9.8e+06	9.791e+06	9.74125e+06	
9.74875e+06	9.762e+06	9.5925e+06	9.701e+06	9.67775e+06	
9.7395e+06	9.79175e+06	9.7375e+06	9.66125e+06	9.75825e+06	
9.81e+06	9.60525e+06	9.6745e+06	9.60825e+06	9.725e+06	
9.742e+06	9.757e+06	9.67575e+06	9.59075e+06	9.6675e+06	
9.759e+06	9.72225e+06	9.56425e+06	9.59375e+06	9.6015e+06	
9.70225e+06	9.723e+06	9.57625e+06	9.62525e+06	9.55975e+06	
9.46975e+06	9.5685e+06	9.4685e+06	9.4105e+06	9.36325e+06	
9.54025e+06	9.4135e+06	9.4155e+06	9.33725e+06	9.30075e+06	
9.57675e+06	9.476e+06	9.35575e+06	9.41425e+06	9.45525e+06	
9.65425e+06	9.63475e+06	9.5195e+06	9.5605e+06	9.5995e+06	
9.65625e+06	9.61025e+06	9.59825e+06	9.52325e+06	9.43625e+06	
9.82875e+06	9.679e+06	9.66325e+06	9.74875e+06	9.63425e+06	
9.7395e+06	9.7615e+06	9.62525e+06	9.57625e+06	9.6625e+06	
9.846e+06	9.711e+06	9.77025e+06	9.64225e+06	9.8415e+06	
9.78475e+06	9.7765e+06	9.7275e+06	9.60825e+06	9.672e+06	
9.83275e+06	9.706e+06	9.67375e+06	9.71675e+06	9.69475e+06	
9.7475e+06	9.65875e+06	9.68325e+06	9.677e+06	9.76825e+06	
9.59825e+06	9.66325e+06	9.52575e+06	9.534e+06	9.54475e+06	
9.7065e+06	9.64175e+06	9.539e+06	9.55475e+06	9.66575e+06	
9.49225e+06	9.556e+06	9.48725e+06	9.43575e+06	9.4205e+06	
9.52525e+06	9.5725e+06	9.44575e+06	9.4545e+06	9.45325e+06	
9.558e+06	9.49375e+06	9.45275e+06	9.41175e+06	9.45025e+06	
9.5125e+06	9.52075e+06	9.39025e+06	9.5005e+06	9.49425e+06	
9.51375e+06	9.4395e+06	9.39975e+06	9.454e+06	9.44775e+06	
9.641e+06	9.4885e+06	9.39275e+06	9.4955e+06	9.44e+06	
9.47475e+06	9.43125e+06	9.38575e+06	9.5125e+06	9.401e+06	
9.505e+06	9.41475e+06	9.40675e+06	9.4105e+06	9.3185e+06	
9.31475e+06	9.2795e+06	9.2925e+06	9.24025e+06	9.178e+06	
9.4035e+06	9.3425e+06	9.31475e+06	9.3015e+06	9.25925e+06	
9.28075e+06	9.28125e+06	9.232e+06	9.23025e+06	9.13575e+06	
9.311e+06	9.24225e+06	9.16275e+06	9.278e+06	9.251e+06	
9.36e+06	9.35875e+06	9.239e+06	9.445e+06	9.39525e+06	
9.4565e+06	9.42375e+06	9.26625e+06	9.2655e+06	9.326e+06	
9.396e+06	9.2965e+06	9.29525e+06	9.29825e+06	9.3505e+06	
9.38525e+06	9.40025e+06	9.29e+06	9.35e+06	9.3255e+06	
9.44575e+06	9.36575e+06	9.3475e+06	9.28075e+06	9.2795e+06	
9.382e+06	9.3865e+06	9.33925e+06	9.2605e+06	9.35575e+06	
9.469e+06	9.4085e+06	9.34625e+06	9.37775e+06	9.35625e+06	
9.42125e+06	9.41425e+06	9.34425e+06	9.36375e+06	9.3405e+06	
9.3935e+06	9.4765e+06	9.3305e+06	9.28625e+06	9.4325e+06	
9.55975e+06	9.4425e+06	9.4805e+06	9.442e+06	9.4805e+06	
9.38525e+06	9.37775e+06	9.36875e+06	9.2755e+06	9.36825e+06	
9.49425e+06	9.5245e+06	9.34125e+06	9.51825e+06	9.428e+06	
9.49925e+06	9.4395e+06	9.311e+06	9.3285e+06	9.324e+06	
9.44125e+06	9.44125e+06	9.39475e+06	9.40175e+06	9.3525e+06	
9.377e+06	9.3815e+06	9.30825e+06	9.24275e+06	9.3185e+06	
9.30525e+06	9.30275e+06	9.24525e+06	9.181e+06	9.19925e+06	
9.333e+06	9.16525e+06	9.21625e+06	9.123e+06	9.25475e+06	
9.21575e+06	9.035e+06	9.0525e+06	9.01725e+06	9.08775e+06	
9.1275e+06	9.11875e+06	8.9895e+06	9.02975e+06	8.922e+06	
9.09675e+06	9.00475e+06	8.96675e+06	8.88375e+06	8.84075e+06	
9.01275e+06	9.00275e+06	8.99325e+06	9.0115e+06	9.0695e+06	
9.10725e+06	9.00475e+06	9.03675e+06	8.97e+06	8.97e+06	
8.9895e+06	9.04175e+06	9.0305e+06	8.917e+06	9.038e+06	
8.9505e+06	8.946e+06	8.868e+06	8.8565e+06	8.90825e+06	
9.04375e+06	8.90075e+06	8.9335e+06	8.902e+06	8.85775e+06	
8.81125e+06	8.74175e+06	8.66425e+06	8.7035e+06	8.7955e+06	
8.53575e+06	8.5315e+06	8.48925e+06	8.43825e+06	8.4445e+06	
8.263e+06	8.22825e+06	8.29075e+06	8.15825e+06	8.181e+06	
8.14e+06	8.082e+06	7.965e+06	7.96425e+06	8.05825e+06	
8.0115e+06	7.965e+06	7.927e+06	7.89375e+06	7.878e+06	
8.0865e+06	8.07825e+06	7.94025e+06	7.8855e+06	7.93775e+06	
8.128e+06	8.04875e+06	8.10475e+06	8.0915e+06	8.09725e+06	
8.15275e+06	8.2555e+06	8.23325e+06	8.16075e+06	8.239e+06	
8.21875e+06	8.09525e+06	8.13375e+06	8.1885e+06	8.1665e+06	
8.355e+06	8.382e+06	8.3115e+06	8.28175e+06	8.2415e+06	
8.425e+06	8.256e+06	8.2585e+06	8.22125e+06	8.22825e+06	
8.3335e+06	8.343e+06	8.39775e+06	8.27875e+06	8.34625e+06	
8.44325e+06	8.353e+06	8.249e+06	8.3185e+06	8.3335e+06	
8.3575e+06	8.2705e+06	8.343e+06	8.2805e+06	8.193e+06	
8.345e+06	8.5e+06	8.316e+06	8.35125e+06	8.30325e+06	
8.3815e+06	8.4305e+06	8.2805e+06	8.27425e+06	8.2995e+06	
8.2825e+06	8.2925e+06	8.25675e+06	8.2515e+06	8.1955e+06	
8.442e+06	8.3895e+06	8.24525e+06	8.25725e+06	8.2145e+06	
8.3575e+06	8.2435e+06	8.27e+06	8.14775e+06	8.25425e+06	
8.195e+06	8.17675e+06	8.15025e+06	8.16525e+06	8.15025e+06	
8.2145e+06	8.0915e+06	8.1325e+06	8.0765e+06	8.123e+06	
8.2055e+06	8.26225e+06	8.103e+06	8.09275e+06	8.11175e+06	
8.26875e+06	8.2265e+06	8.15525e+06	8.24475e+06	8.125e+06	
8.41925e+06	8.22525e+06	8.15775e+06	8.21625e+06	8.13075e+06	
8.241e+06	8.24725e+06	8.191e+06	8.19625e+06	8.1345e+06	
8.329e+06	8.212e+06	8.29825e+06	8.13375e+06	8.1595e+06	
8.26925e+06	8.285e+06	8.229e+06	8.27675e+06	8.28e+06	
8.22125e+06	8.205e+06	8.2515e+06	8.2005e+06	8.2755e+06	
8.125e+06	8.048e+06	8.016e+06	8.00575e+06	8.0335e+06	
8.20625e+06	8.1325e+06	8.1975e+06	8.1005e+06	8.21825e+06	
8.0385e+06	8.0355e+06	8.08975e+06	8.11475e+06	8.15025e+06	
8.25925e+06	8.19675e+06	8.09025e+06	8.157e+06	8.17025e+06	
8.20375e+06	8.19925e+06	8.065e+06	8.13825e+06	8.0795e+06	
8.25275e+06	8.169e+06	8.048e+06	8.2055e+06	8.183e+06	
8.1835e+06	8.16975e+06	8.10725e+06	8.16725e+06	8.0715e+06	
8.09225e+06	8.1085e+06	8.089e+06	8.074e+06	8.07775e+06	
8.2075e+06	8.145e+06	8.147e+06	8.111e+06	8.123e+06	
7.99575e+06	7.99775e+06	7.92025e+06	8.079e+06	7.948e+06	
7.99e+06	8.0595e+06	8.00775e+06	7.99075e+06	7.9465e+06	
8.0915e+06	7.98e+06	8.0525e+06	7.91575e+06	8.0795e+06	
8.0235e+06	8.03925e+06	7.93075e+06	7.873e+06	7.934e+06	
7.97875e+06	8.0575e+06	8.014e+06	8.02425e+06	7.9365e+06	
8.03425e+06	8.01525e+06	7.9675e+06	7.936e+06	7.927e+06	
8.1325e+06	8.0915e+06	7.9625e+06	7.946e+06	8.06375e+06	
8.1565e+06	8.07825e+06	8.03475e+06	8.157e+06	8.1635e+06	
8.135e+06	8.19875e+06	8.1635e+06	8.0965e+06	8.08525e+06	
8.1885e+06	8.15575e+06	8.0525e+06	8.14825e+06	8.09775e+06	
8.1105e+06	8.12625e+06	8.159e+06	8.108e+06	8.0405e+06	
8.18975e+06	8.15025e+06	8.009e+06	8.08525e+06	8.07825e+06	
8.22825e+06	8.10475e+06	8.1205e+06	8.145e+06	8.1155e+06	
8.13075e+06	8.14325e+06	8.14075e+06	8.135e+06	8.09775e+06	
8.09775e+06	8.142e+06	8.00075e+06	8.00975e+06	8.099e+06	
8.04875e+06	8.09725e+06	7.951e+06	8.055e+06	8.0455e+06	
8.09225e+06	8.0425e+06	8.036e+06	8.09775e+06	8.033e+06	
8.055e+06	8.00075e+06	8.11175e+06	8.0525e+06	8.0475e+06	
8.1155e+06	8.065e+06	7.98825e+06	8.01975e+06	8.002e+06	
8.01475e+06	8.05175e+06	8.072e+06	7.9995e+06	8.01025e+06	
8.05175e+06	7.96675e+06	7.9555e+06	7.9755e+06	7.8275e+06	
7.997e+06	8.021e+06	7.9435e+06	7.88225e+06	7.91575e+06	
8.021e+06	7.956e+06	8.02275e+06	7.82575e+06	7.881e+06	
7.9125e+06	7.9605e+06	7.893e+06	7.8005e+06	7.85325e+06	
8.02225e+06	7.8295e+06	7.847e+06	7.86475e+06	7.86775e+06	
7.89875e+06	7.93025e+06	7.8085e+06	7.83375e+06	7.7715e+06	
7.86225e+06	7.86025e+06	7.80925e+06	7.7205e+06	7.77525e+06	
7.854e+06	7.8735e+06	7.8515e+06	7.78025e+06	7.79925e+06	
7.8035e+06	7.83625e+06	7.769e+06	7.70975e+06	7.7815e+06	
7.93525e+06	7.7785e+06	7.79225e+06	7.70775e+06	7.8785e+06	
7.96925e+06	7.912e+06	7.83875e+06	7.76825e+06	7.7835e+06	
7.91825e+06	7.8345e+06	7.82375e+06	7.67875e+06	7.7285e+06	
7.869e+06	7.803e+06	7.75325e+06	7.6605e+06	7.6825e+06	
7.82375e+06	7.90575e+06	7.835e+06	7.67325e+06	7.854e+06	
7.73425e+06	7.757e+06	7.66675e+06	7.73675e+06	7.66675e+06	
7.8055e+06	7.849e+06	7.71525e+06	7.6915e+06	7.7255e+06	
7.75875e+06	7.71525e+06	7.63975e+06	7.6795e+06	7.66125e+06	
7.69025e+06	7.66675e+06	7.593e+06	7.60575e+06	7.62975e+06	
7.68375e+06	7.66425e+06	7.68325e+06	7.56025e+06	7.57675e+06	
7.6215e+06	7.66925e+06	7.64925e+06	7.5585e+06	7.57225e+06	
7.7715e+06	7.66375e+06	7.6245e+06	7.6265e+06	7.69275e+06	
7.73425e+06	7.66625e+06	7.607e+06	7.60375e+06	7.551e+06	
7.62075e+06	7.61025e+06	7.47025e+06	7.44375e+06	7.573e+06	
7.52325e+06	7.63525e+06	7.52375e+06	7.4615e+06	7.55025e+06	
7.4765e+06	7.5005e+06	7.38075e+06	7.377e+06	7.312e+06	
7.4885e+06	7.44625e+06	7.45325e+06	7.3405e+06	7.346e+06	
7.5535e+06	7.3945e+06	7.4305e+06	7.39975e+06	7.40725e+06	
7.51675e+06	7.3725e+06	7.39975e+06	7.40525e+06	7.3e+06	
7.53075e+06	7.45575e+06	7.491e+06	7.46325e+06	7.47775e+06	
7.63725e+06	7.464e+06	7.462e+06	7.474e+06	7.45825e+06	
7.549e+06	7.59825e+06	7.47975e+06	7.491e+06	7.5055e+06	
7.508e+06	7.50175e+06	7.39775e+06	7.435e+06	7.488e+06	
7.5465e+06	7.58175e+06	7.59125e+06	7.675e+06	7.47725e+06	
7.63525e+06	7.60325e+06	7.4065e+06	7.48475e+06	7.576e+06	
7.53e+06	7.607e+06	7.484e+06	7.5125e+06	7.607e+06	
7.59175e+06	7.67325e+06	7.56975e+06	7.631e+06	7.5005e+06	
7.6215e+06	7.56675e+06	7.4255e+06	7.52325e+06	7.4665e+06	
7.58925e+06	7.51375e+06	7.5535e+06	7.496e+06	7.48525e+06	
7.5905e+06	7.6e+06	7.542e+06	7.57725e+06	7.426e+06	
7.44375e+06	7.48225e+06	7.3435e+06	7.387e+06	7.39275e+06	
7.55775e+06	7.4835e+06	7.50225e+06	7.53575e+06	7.42225e+06	
7.37825e+06	7.496e+06	7.3095e+06	7.35425e+06	7.355e+06	
7.394e+06	7.41425e+06	7.3355e+06	7.30825e+06	7.3165e+06	
7.36425e+06	7.30075e+06	7.331e+06	7.384e+06	7.428e+06	
7.3285e+06	7.25725e+06	7.198e+06	7.20425e+06	7.292e+06	
7.401e+06	7.36e+06	7.203e+06	7.353e+06	7.25225e+06	
7.3525e+06	7.35875e+06	7.2605e+06	7.3115e+06	7.2415e+06	
7.13625e+06	7.309e+06	7.13575e+06	7.23575e+06	7.23075e+06	
7.183e+06	7.02525e+06	7.13e+06	7.091e+06	7.17725e+06	
7.15275e+06	7.09275e+06	7.07325e+06	7.002e+06	7.0385e+06	
7.0675e+06	7.0965e+06	7.11475e+06	7.07125e+06	7.06125e+06	
7.13575e+06	7.111e+06	6.9925e+06	6.94225e+06	6.89625e+06	
7.06125e+06	7.07825e+06	7.07125e+06	7.0265e+06	6.94475e+06	
7.1325e+06	7.05875e+06	7.082e+06	7.02225e+06	7.014e+06	
7.11225e+06	7.05875e+06	7.00825e+06	6.99325e+06	7.0355e+06	
7.084e+06	7.03175e+06	7.0595e+06	6.96475e+06	7.05425e+06	
7.04625e+06	6.95025e+06	6.93025e+06	6.895e+06	6.886e+06	
6.9435e+06	6.852e+06	6.8715e+06	6.7985e+06	6.81425e+06	
6.88175e+06	6.8515e+06	6.869e+06	6.82175e+06	6.7885e+06	
6.9245e+06	6.85775e+06	6.8515e+06	6.864e+06	6.871e+06	
6.7935e+06	6.84775e+06	6.825e+06	6.7475e+06	6.77075e+06	
6.81625e+06	6.83125e+06	6.7885e+06	6.757e+06	6.80425e+06	
6.849e+06	6.777e+06	6.76375e+06	6.79525e+06	6.704e+06	
6.8205e+06	6.75875e+06	6.711e+06	6.6675e+06	6.7085e+06	
6.72225e+06	6.704e+06	6.66175e+06	6.6505e+06	6.59125e+06	
6.7915e+06	6.76325e+06	6.7215e+06	6.7915e+06	6.71225e+06	
6.90625e+06	6.80675e+06	6.6895e+06	6.76575e+06	6.67875e+06	
6.745e+06	6.675e+06	6.63225e+06	6.59625e+06	6.63725e+06	
6.687e+06	6.6915e+06	6.631e+06	6.70575e+06	6.61075e+06	
6.71975e+06	6.65225e+06	6.52825e+06	6.559e+06	6.6365e+06	
6.65725e+06	6.6605e+06	6.68125e+06	6.6335e+06	6.566e+06	
6.61375e+06	6.63225e+06	6.6215e+06	6.619e+06	6.65475e+06	
6.6755e+06	6.721e+06	6.692e+06	6.68575e+06	6.6505e+06	
6.70725e+06	6.68625e+06	6.64725e+06	6.66875e+06	6.63225e+06	
6.5495e+06	6.537e+06	6.5155e+06	6.58625e+06	6.4955e+06	
6.5835e+06	6.578e+06	6.55275e+06	6.612e+06	6.489e+06	
6.677e+06	6.64675e+06	6.46775e+06	6.53575e+06	6.50925e+06	
6.61575e+06	6.6095e+06	6.57725e+06	6.544e+06	6.564e+06	
6.605e+06	6.62075e+06	6.5925e+06	6.57925e+06	6.61375e+06	
6.573e+06	6.66375e+06	6.5835e+06	6.5055e+06	6.54825e+06	
6.55075e+06	6.45825e+06	6.4205e+06	6.508e+06	6.46575e+06	
6.5685e+06	6.4715e+06	6.52325e+06	6.5155e+06	6.457e+06	
6.51625e+06	6.43875e+06	6.4305e+06	6.4185e+06	6.33925e+06	
6.54775e+06	6.5275e+06	6.49975e+06	6.484e+06	6.46275e+06	
6.49725e+06	6.47725e+06	6.54575e+06	6.51675e+06	6.47025e+06	
6.50175e+06	6.484e+06	6.44875e+06	6.38075e+06	6.52825e+06	
6.55475e+06	6.544e+06	6.49425e+06	6.474e+06	6.50875e+06	
6.4955e+06	6.46825e+06	6.39825e+06	6.486e+06	6.36175e+06	
6.56775e+06	6.47725e+06	6.41275e+06	6.4115e+06	6.464e+06	
6.53e+06	6.4305e+06	6.474e+06	6.51125e+06	6.51175e+06	
6.51125e+06	6.47325e+06	6.389e+06	6.472e+06	6.3995e+06	
6.38125e+06	6.36175e+06	6.4065e+06	6.37875e+06	6.329e+06	
6.37325e+06	6.33925e+06	6.3725e+06	6.41225e+06	6.28e+06	
6.37375e+06	6.244e+06	6.256e+06	6.2465e+06	6.26425e+06	
6.33725e+06	6.23325e+06	6.2805e+06	6.251e+06	6.239e+06	
6.24975e+06	6.21175e+06	6.14825e+06	6.12675e+06	6.2395e+06	
6.2465e+06	6.2685e+06	6.225e+06	6.17225e+06	6.14375e+06	
6.1835e+06	6.19425e+06	6.11725e+06	6.198e+06	6.041e+06	
6.13675e+06	6.17025e+06	6.14625e+06	6.087e+06	6.067e+06	
6.1715e+06	6.17025e+06	6.0575e+06	6.1185e+06	6.0455e+06	
6.22375e+06	6.11675e+06	6.12875e+06	6.1065e+06	6.1305e+06	
6.11225e+06	6.10975e+06	6.079e+06	6.0815e+06	6.04475e+06	
6.17525e+06	6.11425e+06	6.15775e+06	6.111e+06	6.094e+06	
6.128e+06	6.15125e+06	6.09775e+06	6.09075e+06	6.0065e+06	
6.0775e+06	6.09325e+06	6.07575e+06	6.017e+06	6.07375e+06	
6.135e+06	6.15825e+06	6.012e+06	6.118e+06	6.02025e+06	
6.024e+06	6.038e+06	6.05125e+06	6.01975e+06	5.9635e+06	
6.0795e+06	5.98825e+06	6.0165e+06	5.95275e+06	5.963e+06	
6.0405e+06	6.04225e+06	5.8715e+06	5.95525e+06	5.8765e+06	
5.92325e+06	5.944e+06	5.91875e+06	5.93325e+06	5.93275e+06	
5.95725e+06	5.9195e+06	5.85025e+06	5.917e+06	5.8105e+06	
5.9145e+06	5.94275e+06	5.8395e+06	5.91075e+06	5.85775e+06	
5.89925e+06	5.83175e+06	5.84625e+06	5.7475e+06	5.794e+06	
5.7865e+06	5.85525e+06	5.79025e+06	5.77125e+06	5.67675e+06	
5.7885e+06	5.8035e+06	5.74675e+06	5.66475e+06	5.716e+06	
5.77275e+06	5.6705e+06	5.598e+06	5.71475e+06	5.67e+06	
5.697e+06	5.62275e+06	5.6655e+06	5.67875e+06	5.66475e+06	
5.668e+06	5.65925e+06	5.741e+06	5.73425e+06	5.6755e+06	
5.61125e+06	5.6345e+06	5.62075e+06	5.67175e+06	5.641e+06	
5.6075e+06	5.60625e+06	5.5175e+06	5.58725e+06	5.523e+06	
5.607e+06	5.5685e+06	5.535e+06	5.50725e+06	5.53325e+06	
5.49225e+06	5.4665e+06	5.48775e+06	5.46575e+06	5.44375e+06	
5.50925e+06	5.47575e+06	5.40975e+06	5.48225e+06	5.47775e+06	
5.5425e+06	5.547e+06	5.58675e+06	5.5325e+06	5.46825e+06	
5.5685e+06	5.48225e+06	5.4455e+06	5.5345e+06	5.48075e+06	
5.62775e+06	5.569e+06	5.5125e+06	5.53625e+06	5.53625e+06	
5.58175e+06	5.523e+06	5.4205e+06	5.55325e+06	5.5835e+06	
5.55975e+06	5.60125e+06	5.54125e+06	5.4645e+06	5.52875e+06	
5.53875e+06	5.56475e+06	5.5005e+06	5.52e+06	5.44625e+06	
5.53375e+06	5.51375e+06	5.49025e+06	5.44e+06	5.44625e+06	
5.61875e+06	5.595e+06	5.49725e+06	5.53825e+06	5.494e+06	
5.58225e+06	5.55275e+06	5.55075e+06	5.51875e+06	5.4795e+06	
5.5205e+06	5.5615e+06	5.469e+06	5.5565e+06	5.4525e+06	
5.51425e+06	5.455e+06	5.46825e+06	5.43675e+06	5.4525e+06	
5.49275e+06	5.498e+06	5.462e+06	5.45825e+06	5.4715e+06	
5.4835e+06	5.49525e+06	5.4455e+06	5.428e+06	5.3555e+06	
5.4765e+06	5.3675e+06	5.4695e+06	5.392e+06	5.3965e+06	
5.346e+06	5.358e+06	5.36175e+06	5.353e+06	5.307e+06	
5.266e+06	5.25775e+06	5.2055e+06	5.225e+06	5.2175e+06	
5.0725e+06	5.12425e+06	5.06625e+06	5.06675e+06	5.0655e+06	
4.90425e+06	4.85325e+06	4.89175e+06	4.83125e+06	4.8525e+06	
4.74425e+06	4.7265e+06	4.68825e+06	4.69575e+06	4.668e+06	
4.75e+06	4.685e+06	4.71575e+06	4.77325e+06	4.704e+06	
4.84325e+06	4.86825e+06	4.8305e+06	4.7865e+06	4.794e+06	
4.89675e+06	4.96025e+06	4.86575e+06	4.91e+06	4.90925e+06	
5.0215e+06	4.971e+06	4.92825e+06	4.90425e+06	5.041e+06	
5.09525e+06	5.162e+06	5.0865e+06	5.14575e+06	5.055e+06	
5.15375e+06	5.21675e+06	5.16575e+06	5.1325e+06	5.13175e+06	
5.213e+06	5.218e+06	5.20425e+06	5.21125e+06	5.152e+06	
5.18275e+06	5.29675e+06	5.25725e+06	5.13675e+06	5.1285e+06	
5.239e+06	5.29175e+06	5.1885e+06	5.2155e+06	5.1355e+06	
5.27225e+06	5.2805e+06	5.268e+06	5.1665e+06	5.2535e+06	
5.29125e+06	5.2585e+06	5.23825e+06	5.23125e+06	5.2665e+06	
5.34475e+06	5.2805e+06	5.27475e+06	5.2685e+06	5.268e+06	
5.283e+06	5.25225e+06	5.24575e+06	5.283e+06	5.25075e+06	
5.3165e+06	5.2685e+06	5.23825e+06	5.259e+06	5.2155e+06	
5.30875e+06	5.3095e+06	5.1985e+06	5.25975e+06	5.24025e+06	
5.30075e+06	5.283e+06	5.28175e+06	5.232e+06	5.22575e+06	
5.32775e+06	5.22e+06	5.2105e+06	5.27675e+06	5.201e+06	
5.27925e+06	5.24825e+06	5.201e+06	5.2415e+06	5.2515e+06	
5.25025e+06	5.259e+06	5.2075e+06	5.18775e+06	5.2125e+06	
5.26925e+06	5.218e+06	5.19175e+06	5.21175e+06	5.25025e+06	
5.31825e+06	5.1985e+06	5.198e+06	5.20175e+06	5.225e+06	
5.2445e+06	5.20875e+06	5.133e+06	5.164e+06	5.184e+06	
5.19675e+06	5.2175e+06	5.15375e+06	5.22575e+06	5.14e+06	
5.2035e+06	5.237e+06	5.181e+06	5.167e+06	5.2035e+06	
5.29125e+06	5.23625e+06	5.17025e+06	5.13125e+06	5.19975e+06	
5.215e+06	5.17275e+06	5.201e+06	5.08075e+06	5.133e+06	
5.20175e+06	5.2205e+06	5.2055e+06	5.145e+06	5.17775e+06	
5.2345e+06	5.18475e+06	5.174e+06	5.16325e+06	5.1595e+06	
5.21175e+06	5.15375e+06	5.14e+06	5.15325e+06	5.1285e+06	
5.1695e+06	5.18275e+06	5.20225e+06	5.193e+06	5.0725e+06	
5.123e+06	5.133e+06	5.048e+06	5.1135e+06	5.0945e+06	
5.16025e+06	5.123e+06	5.06125e+06	5.08775e+06	5.1205e+06	
5.121e+06	5.094e+06	5.13e+06	5.097e+06	5.10775e+06	
5.13625e+06	5.10225e+06	5.07e+06	5.09575e+06	5.11725e+06	
5.147e+06	5.1545e+06	5.09275e+06	5.0865e+06	5.07075e+06	
5.1235e+06	5.038e+06	5.07325e+06	5.043e+06	5.07375e+06	
5.12925e+06	5.12475e+06	5.03725e+06	5.06175e+06	5.043e+06	
5.13625e+06	5.07875e+06	5.026e+06	5.01075e+06	5.07575e+06	
5.087e+06	5.05225e+06	5.01025e+06	5.048e+06	4.99575e+06	
5.109e+06	5.036e+06	4.98e+06	5.0045e+06	5.019e+06	
5.0405e+06	5.019e+06	5.04425e+06	4.956e+06	4.949e+06	
4.98925e+06	4.98925e+06	5.014e+06	4.992e+06	5.00625e+06	
5.0365e+06	5.02075e+06	5.031e+06	4.90875e+06	5.03925e+06	
4.9755e+06	4.95225e+06	4.976e+06	4.99875e+06	4.88225e+06	
4.98675e+06	4.97675e+06	4.88675e+06	4.94075e+06	4.949e+06	
4.98875e+06	4.92125e+06	4.94025e+06	4.88225e+06	4.92825e+06	
4.9735e+06	4.8765e+06	4.9e+06	4.88925e+06	4.83425e+06	
4.968e+06	4.944e+06	4.833e+06	4.946e+06	4.847e+06	
4.997e+06	4.98375e+06	4.89725e+06	4.92875e+06	4.93275e+06	
4.971e+06	4.93575e+06	4.93075e+06	4.876e+06	4.95975e+06	
4.94525e+06	4.946e+06	4.88975e+06	4.9465e+06	4.92375e+06	
4.93e+06	4.927e+06	4.8785e+06	4.8815e+06	4.89475e+06	
4.944e+06	4.9055e+06	4.90925e+06	4.9565e+06	4.86575e+06	
4.9635e+06	4.8935e+06	4.84075e+06	4.82625e+06	4.8835e+06	
4.925e+06	4.85575e+06	4.84325e+06	4.8085e+06	4.89425e+06	
4.80525e+06	4.88225e+06	4.84075e+06	4.78075e+06	4.82375e+06	
4.9315e+06	4.8955e+06	4.835e+06	4.79475e+06	4.828e+06	
4.884e+06	4.9125e+06	4.80975e+06	4.85e+06	4.82225e+06	
4.8015e+06	4.8715e+06	4.84375e+06	4.85525e+06	4.8275e+06	
4.9175e+06	4.84875e+06	4.825e+06	4.84375e+06	4.84875e+06	
4.845e+06	4.871e+06	4.76575e+06	4.7605e+06	4.8085e+06	
4.90175e+06	4.78775e+06	4.808e+06	4.77125e+06	4.76175e+06	
4.83625e+06	4.7525e+06	4.7575e+06	4.79025e+06	4.8155e+06	
4.8495e+06	4.8765e+06	4.85775e+06	4.79525e+06	4.78775e+06	
4.8305e+06	4.738e+06	4.71075e+06	4.796e+06	4.71525e+06	
4.779e+06	4.7695e+06	4.78075e+06	4.7355e+06	4.7695e+06	
4.77825e+06	4.77325e+06	4.7115e+06	4.6705e+06	4.7815e+06	
4.76325e+06	4.767e+06	4.72775e+06	4.719e+06	4.738e+06	
4.8105e+06	4.7455e+06	4.6465e+06	4.6635e+06	4.6975e+06	
4.704e+06	4.76575e+06	4.755e+06	4.738e+06	4.6535e+06	
4.75375e+06	4.784e+06	4.71775e+06	4.666e+06	4.644e+06	
4.65975e+06	4.61575e+06	4.62375e+06	4.66425e+06	4.6805e+06	
4.7355e+06	4.74875e+06	4.7115e+06	4.70825e+06	4.6635e+06	
4.6535e+06	4.729e+06	4.651e+06	4.692e+06	4.65475e+06	
4.64525e+06	4.64225e+06	4.62825e+06	4.58925e+06	4.586e+06	
4.73975e+06	4.70075e+06	4.63325e+06	4.61625e+06	4.64725e+06	
4.59925e+06	4.654e+06	4.6725e+06	4.66225e+06	4.6025e+06	
4.6245e+06	4.61625e+06	4.55575e+06	4.5735e+06	4.61125e+06	
4.673e+06	4.6075e+06	4.56475e+06	4.7115e+06	4.6245e+06	
4.53175e+06	4.6055e+06	4.552e+06	4.61825e+06	4.56525e+06	
4.6435e+06	4.50425e+06	4.47e+06	4.55775e+06	4.5175e+06	
4.54e+06	4.545e+06	4.48575e+06	4.52e+06	4.47e+06	
4.48975e+06	4.482e+06	4.4645e+06	4.5175e+06	4.43925e+06	
4.50675e+06	4.49025e+06	4.42725e+06	4.46e+06	4.46075e+06	
4.56475e+06	4.55075e+06	4.4765e+06	4.47525e+06	4.4045e+06	
4.53825e+06	4.503e+06	4.42925e+06	4.392e+06	4.42475e+06	
4.45e+06	4.46e+06	4.467e+06	4.4285e+06	4.346e+06	
4.34525e+06	4.3175e+06	4.334e+06	4.3895e+06	4.3755e+06	
4.2495e+06	4.22875e+06	4.15575e+06	4.26775e+06	4.2175e+06	
3.98875e+06	3.915e+06	3.869e+06	3.94275e+06	3.891e+06	
3.7435e+06	3.7285e+06	3.69125e+06	3.741e+06	3.69575e+06	
3.56975e+06	3.518e+06	3.60925e+06	3.53625e+06	3.57525e+06	
3.622e+06	3.5905e+06	3.649e+06	3.5835e+06	3.62325e+06	
3.64325e+06	3.605e+06	3.60375e+06	3.61175e+06	3.6295e+06	
3.668e+06	3.60175e+06	3.67225e+06	3.6345e+06	3.6465e+06	
3.6535e+06	3.61825e+06	3.65275e+06	3.6395e+06	3.598e+06	
3.6825e+06	3.683e+06	3.65225e+06	3.671e+06	3.64275e+06	
3.69625e+06	3.74225e+06	3.66925e+06	3.71075e+06	3.625e+06	
3.726e+06	3.71525e+06	3.688e+06	3.6635e+06	3.79575e+06	
3.7605e+06	3.76175e+06	3.71775e+06	3.734e+06	3.7045e+06	
3.804e+06	3.775e+06	3.782e+06	3.675e+06	3.66675e+06	
3.78075e+06	3.801e+06	3.73025e+06	3.8065e+06	3.7115e+06	
3.83925e+06	3.83175e+06	3.78775e+06	3.84125e+06	3.7655e+06	
3.81475e+06	3.7745e+06	3.8235e+06	3.80775e+06	3.82225e+06	
3.86525e+06	3.86825e+06	3.88025e+06	3.8885e+06	3.85825e+06	
3.93575e+06	3.87475e+06	3.833e+06	3.826e+06	3.852e+06	
3.893e+06	3.85625e+06	3.90925e+06	3.816e+06	3.80525e+06	
3.8665e+06	3.83875e+06	3.813e+06	3.8615e+06	3.7985e+06	
3.87475e+06	3.8205e+06	3.7985e+06	3.799e+06	3.847e+06	
3.80275e+06	3.77875e+06	3.7435e+06	3.85075e+06	3.7235e+06	
3.77875e+06	3.80225e+06	3.789e+06	3.7455e+06	3.763e+06	
3.79275e+06	3.695e+06	3.74175e+06	3.74675e+06	3.75375e+06	
3.709e+06	3.734e+06	3.72975e+06	3.78325e+06	3.69625e+06	
3.73925e+06	3.707e+06	3.7655e+06	3.777e+06	3.7025e+06	
3.7965e+06	3.77325e+06	3.76825e+06	3.7235e+06	3.75175e+06	
3.705e+06	3.755e+06	3.74925e+06	3.6585e+06	3.64325e+06	
3.78775e+06	3.7555e+06	3.73225e+06	3.74975e+06	3.68625e+06	
3.77125e+06	3.68925e+06	3.7485e+06	3.72775e+06	3.707e+06	
3.7485e+06	3.78275e+06	3.7555e+06	3.7485e+06	3.74425e+06	
3.84125e+06	3.79075e+06	3.806e+06	3.787e+06	3.8495e+06	
3.83375e+06	3.8065e+06	3.78525e+06	3.76625e+06	3.7965e+06	
3.78775e+06	3.85625e+06	3.8405e+06	3.87325e+06	3.7435e+06	
3.7505e+06	3.765e+06	3.7945e+06	3.74675e+06	3.7485e+06	
3.7695e+06	3.7525e+06	3.782e+06	3.71025e+06	3.7865e+06	
3.7315e+06	3.7405e+06	3.73025e+06	3.69575e+06	3.70775e+06	
3.71275e+06	3.6735e+06	3.65775e+06	3.6825e+06	3.69625e+06	
3.70575e+06	3.6195e+06	3.69325e+06	3.64525e+06	3.62075e+06	
3.6295e+06	3.6565e+06	3.591e+06	3.6415e+06	3.62325e+06	
3.67175e+06	3.64525e+06	3.6465e+06	3.64975e+06	3.603e+06	
3.53175e+06	3.559e+06	3.56025e+06	3.617e+06	3.60175e+06	
3.60675e+06	3.51675e+06	3.5185e+06	3.545e+06	3.54825e+06	
3.58025e+06	3.56775e+06	3.482e+06	3.47075e+06	3.562e+06	
3.53e+06	3.50925e+06	3.50675e+06	3.49025e+06	3.56075e+06	
3.52925e+06	3.55125e+06	3.52425e+06	3.52875e+06	3.513e+06	
3.49225e+06	3.54625e+06	3.38825e+06	3.511e+06	3.47825e+06	
3.47825e+06	3.44675e+06	3.472e+06	3.499e+06	3.475e+06	
3.4285e+06	3.49275e+06	3.39575e+06	3.47325e+06	3.42525e+06	
3.45625e+06	3.45675e+06	3.4745e+06	3.4335e+06	3.46e+06	
3.45425e+06	3.46325e+06	3.47825e+06	3.49475e+06	3.4965e+06	
3.465e+06	3.48325e+06	3.43175e+06	3.43675e+06	3.472e+06	
3.49225e+06	3.47e+06	3.41325e+06	3.496e+06	3.47775e+06	
3.501e+06	3.49525e+06	3.438e+06	3.4265e+06	3.49075e+06	
3.5475e+06	3.489e+06	3.499e+06	3.45925e+06	3.494e+06	
3.52175e+06	3.453e+06	3.458e+06	3.47125e+06	3.49075e+06	
3.591e+06	3.4455e+06	3.46375e+06	3.44475e+06	3.4575e+06	
3.4915e+06	3.489e+06	3.4265e+06	3.472e+06	3.42725e+06	
3.45925e+06	3.455e+06	3.4305e+06	3.45375e+06	3.462e+06	
3.43475e+06	3.38875e+06	3.42775e+06	3.40325e+06	3.41525e+06	
3.42775e+06	3.41525e+06	3.42275e+06	3.419e+06	3.40525e+06	
3.46125e+06	3.443e+06	3.42775e+06	3.441e+06	3.40075e+06	
3.4555e+06	3.4455e+06	3.4335e+06	3.4095e+06	3.392e+06	
3.42975e+06	3.4725e+06	3.41775e+06	3.36875e+06	3.378e+06	
3.35675e+06	3.40825e+06	3.40525e+06	3.351e+06	3.3535e+06	
3.38625e+06	3.3975e+06	3.3585e+06	3.3415e+06	3.35225e+06	
3.41025e+06	3.3635e+06	3.3145e+06	3.3345e+06	3.35225e+06	
3.37875e+06	3.346e+06	3.3535e+06	3.378e+06	3.3515e+06	
3.3995e+06	3.3025e+06	3.35975e+06	3.397e+06	3.36875e+06	
3.41325e+06	3.274e+06	3.2565e+06	3.3125e+06	3.291e+06	
3.35425e+06	3.34975e+06	3.36925e+06	3.31625e+06	3.3245e+06	
3.317e+06	3.3125e+06	3.27925e+06	3.27525e+06	3.2515e+06	
3.3025e+06	3.3025e+06	3.2975e+06	3.274e+06	3.26975e+06	
3.27975e+06	3.3345e+06	3.34225e+06	3.242e+06	3.305e+06	
3.312e+06	3.31825e+06	3.29675e+06	3.3005e+06	3.334e+06	
3.3e+06	3.2565e+06	3.29875e+06	3.26075e+06	3.27525e+06	
3.3635e+06	3.26775e+06	3.2665e+06	3.29625e+06	3.269e+06	
3.29925e+06	3.2515e+06	3.245e+06	3.23e+06	3.264e+06	
3.21625e+06	3.29925e+06	3.30825e+06	3.26025e+06	3.22125e+06	
3.2135e+06	3.228e+06	3.21875e+06	3.17775e+06	3.20175e+06	
3.21625e+06	3.18075e+06	3.208e+06	3.228e+06	3.184e+06	
3.223e+06	3.1965e+06	3.21225e+06	3.22175e+06	3.211e+06	
3.22e+06	3.18975e+06	3.1765e+06	3.13725e+06	3.1455e+06	
3.1985e+06	3.2135e+06	3.19775e+06	3.18275e+06	3.2085e+06	
3.201e+06	3.16875e+06	3.14675e+06	3.1815e+06	3.133e+06	
3.201e+06	3.15825e+06	3.145e+06	3.1045e+06	3.12675e+06	
3.16625e+06	3.12425e+06	3.07175e+06	3.11775e+06	3.0825e+06	
3.131e+06	3.12475e+06	3.0725e+06	3.11975e+06	3.0875e+06	
3.0675e+06	3.08625e+06	3.10975e+06	3.0655e+06	3.06625e+06	
3.01075e+06	3.05975e+06	3.0555e+06	3.017e+06	3.03075e+06	
3.01075e+06	2.988e+06	2.9345e+06	2.93575e+06	2.91425e+06	
2.90225e+06	2.8715e+06	2.855e+06	2.83675e+06	2.86325e+06	
2.83675e+06	2.80075e+06	2.75625e+06	2.748e+06	2.74975e+06	
2.6995e+06	2.68625e+06	2.6585e+06	2.64025e+06	2.65725e+06	
2.6105e+06	2.62e+06	2.59225e+06	2.63775e+06	2.622e+06	
2.5715e+06	2.51975e+06	2.5305e+06	2.54375e+06	2.567e+06	
2.50975e+06	2.4625e+06	2.4945e+06	2.472e+06	2.4775e+06	
2.44175e+06	2.45875e+06	2.4405e+06	2.4095e+06	2.407e+06	
2.4045e+06	2.40525e+06	2.366e+06	2.37225e+06	2.383e+06	
2.4115e+06	2.4025e+06	2.36725e+06	2.4265e+06	2.344e+06	
2.39825e+06	2.33075e+06	2.3805e+06	2.325e+06	2.36725e+06	
2.39e+06	2.40825e+06	2.39625e+06	2.38875e+06	2.3655e+06	
2.424e+06	2.366e+06	2.35025e+06	2.3755e+06	2.40075e+06	
2.45e+06	2.40325e+06	2.4165e+06	2.46e+06	2.419e+06	
2.5085e+06	2.4915e+06	2.51175e+06	2.53e+06	2.47375e+06	
2.545e+06	2.5325e+06	2.5375e+06	2.593e+06	2.5545e+06	
2.6565e+06	2.63325e+06	2.64825e+06	2.6535e+06	2.6155e+06	
2.66225e+06	2.66725e+06	2.6875e+06	2.70125e+06	2.6345e+06	
2.6705e+06	2.72775e+06	2.714e+06	2.702e+06	2.7165e+06	
2.751e+06	2.695e+06	2.6245e+06	2.66975e+06	2.70375e+06	
2.68375e+06	2.67225e+06	2.671e+06	2.66225e+06	2.6685e+06	
2.6565e+06	2.521e+06	2.574e+06	2.651e+06	2.59175e+06	
2.5305e+06	2.51675e+06	2.52675e+06	2.55775e+06	2.5015e+06	
2.5135e+06	2.49525e+06	2.53e+06	2.50525e+06	2.49075e+06	
2.49975e+06	2.52925e+06	2.42725e+06	2.4965e+06	2.47325e+06	
2.49075e+06	2.494e+06	2.48075e+06	2.45875e+06	2.434e+06	
2.441e+06	2.4525e+06	2.4815e+06	2.424e+06	2.40575e+06	
2.43975e+06	2.47575e+06	2.4355e+06	2.4265e+06	2.4555e+06	
2.43725e+06	2.43475e+06	2.424e+06	2.426e+06	2.431e+06	
2.45925e+06	2.4315e+06	2.45e+06	2.443e+06	2.41575e+06	
2.4815e+06	2.42525e+06	2.4575e+06	2.424e+06	2.45175e+06	
2.4945e+06	2.46375e+06	2.4355e+06	2.487e+06	2.46175e+06	
2.4485e+06	2.46125e+06	2.4775e+06	2.463e+06	2.46875e+06	
2.47125e+06	2.44725e+06	2.43925e+06	2.48075e+06	2.43925e+06	
2.39625e+06	2.3975e+06	2.3945e+06	2.39325e+06	2.3975e+06	
2.41275e+06	2.4385e+06	2.426e+06	2.448e+06	2.3975e+06	
2.477e+06	2.44675e+06	2.4335e+06	2.38125e+06	2.45175e+06	
2.424e+06	2.4265e+06	2.41325e+06	2.45625e+06	2.39625e+06	
2.44925e+06	2.3805e+06	2.43675e+06	2.41975e+06	2.43925e+06	
2.404e+06	2.46e+06	2.42975e+06	2.39875e+06	2.36425e+06	
2.39075e+06	2.42025e+06	2.4115e+06	2.402e+06	2.388e+06	
2.4355e+06	2.3925e+06	2.42525e+06	2.3875e+06	2.4165e+06	
2.43275e+06	2.43925e+06	2.37225e+06	2.3975e+06	2.41275e+06	
2.4455e+06	2.4215e+06	2.3925e+06	2.44725e+06	2.385e+06	
2.4355e+06	2.44725e+06	2.42975e+06	2.4025e+06	2.41825e+06	
2.49325e+06	2.4435e+06	2.4895e+06	2.46625e+06	2.4505e+06	
2.45e+06	2.4675e+06	2.46875e+06	2.45375e+06	2.472e+06	
2.45375e+06	2.45675e+06	2.455e+06	2.4485e+06	2.41325e+06	
2.50275e+06	2.482e+06	2.489e+06	2.49025e+06	2.51025e+06	
2.523e+06	2.513e+06	2.5595e+06	2.47375e+06	2.50975e+06	
2.57475e+06	2.574e+06	2.5035e+06	2.52475e+06	2.547e+06	
2.58475e+06	2.55825e+06	2.54125e+06	2.55625e+06	2.5375e+06	
2.584e+06	2.62825e+06	2.605e+06	2.588e+06	2.60675e+06	
2.61375e+06	2.632e+06	2.59425e+06	2.625e+06	2.58475e+06	
2.6075e+06	2.625e+06	2.6005e+06	2.588e+06	2.62825e+06	
2.69125e+06	2.64025e+06	2.634e+06	2.61675e+06	2.63325e+06	
2.57275e+06	2.60625e+06	2.61e+06	2.62e+06	2.58925e+06	
2.61375e+06	2.666e+06	2.6395e+06	2.5955e+06	2.61375e+06	
2.58225e+06	2.5985e+06	2.64275e+06	2.60175e+06	2.6155e+06	
2.64825e+06	2.5715e+06	2.60175e+06	2.62825e+06	2.55125e+06	
2.61175e+06	2.62575e+06	2.5445e+06	2.52675e+06	2.5615e+06	
2.545e+06	2.576e+06	2.569e+06	2.56525e+06	2.528e+06	
2.58725e+06	2.60425e+06	2.504e+06	2.55625e+06	2.57725e+06	
2.59925e+06	2.5785e+06	2.59175e+06	2.615e+06	2.5475e+06	
2.59925e+06	2.634e+06	2.5495e+06	2.5665e+06	2.58725e+06	
2.62125e+06	2.67475e+06	2.60175e+06	2.6155e+06	2.55325e+06	
2.6005e+06	2.59725e+06	2.6125e+06	2.55775e+06	2.52925e+06	
2.613e+06	2.5545e+06	2.55375e+06	2.50275e+06	2.58025e+06	
2.58725e+06	2.56575e+06	2.523e+06	2.564e+06	2.55375e+06	
2.5735e+06	2.576e+06	2.55e+06	2.5935e+06	2.5425e+06	
2.557e+06	2.5545e+06	2.567e+06	2.61175e+06	2.552e+06	
2.56025e+06	2.598e+06	2.5955e+06	2.535e+06	2.588e+06	
2.53e+06	2.5815e+06	2.59975e+06	2.5545e+06	2.56275e+06	
2.579e+06	2.581e+06	2.5785e+06	2.57475e+06	2.55575e+06	
2.552e+06	2.55075e+06	2.5525e+06	2.557e+06	2.53625e+06	
2.5665e+06	2.5475e+06	2.5375e+06	2.52925e+06	2.608e+06	
2.58525e+06	2.5235e+06	2.579e+06	2.54375e+06	2.5275e+06	
2.55625e+06	2.53675e+06	2.53125e+06	2.526e+06	2.574e+06	
2.55825e+06	2.552e+06	2.528e+06	2.56775e+06	2.49775e+06	
2.5765e+06	2.5645e+06	2.54875e+06	2.49725e+06	2.54575e+06	
2.557e+06	2.559e+06	2.55625e+06	2.52225e+06	2.53e+06	
2.5525e+06	2.5445e+06	2.56825e+06	2.58725e+06	2.51475e+06	
2.572e+06	2.5905e+06	2.55075e+06	2.53675e+06	2.60225e+06	
2.562e+06	2.5905e+06	2.5405e+06	2.53375e+06	2.56075e+06	
2.6175e+06	2.58275e+06	2.5355e+06	2.574e+06	2.581e+06	
2.5425e+06	2.5355e+06	2.5935e+06	2.58275e+06	2.579e+06	
2.54125e+06	2.56525e+06	2.55825e+06	2.53375e+06	2.55625e+06	
2.5085e+06	2.5325e+06	2.55325e+06	2.521e+06	2.4985e+06	
2.55625e+06	2.5665e+06	2.538e+06	2.552e+06	2.5495e+06	
2.584e+06	2.55375e+06	2.55825e+06	2.52675e+06	2.5645e+06	
2.5235e+06	2.547e+06	2.547e+06	2.564e+06	2.57975e+06	
2.54575e+06	2.526e+06	2.5495e+06	2.49775e+06	2.557e+06	
2.5065e+06	2.54e+06	2.581e+06	2.552e+06	2.509e+06	
2.53425e+06	2.538e+06	2.5155e+06	2.501e+06	2.506e+06	
2.56325e+06	2.58475e+06	2.53675e+06	2.5035e+06	2.56025e+06	
2.54825e+06	2.55375e+06	2.48575e+06	2.56825e+06	2.5615e+06	
2.53175e+06	2.56075e+06	2.50475e+06	2.489e+06	2.53625e+06	
2.55375e+06	2.5085e+06	2.5015e+06	2.50725e+06	2.4795e+06	
2.5085e+06	2.5015e+06	2.52675e+06	2.56575e+06	2.56825e+06	
2.55075e+06	2.53625e+06	2.55375e+06	2.48775e+06	2.477e+06	
2.4915e+06	2.51425e+06	2.48275e+06	2.4435e+06	2.48e+06	
2.496e+06	2.5205e+06	2.4745e+06	2.43025e+06	2.48e+06	
2.4575e+06	2.49275e+06	2.467e+06	2.42525e+06	2.47075e+06	
2.43225e+06	2.4745e+06	2.44175e+06	2.4435e+06	2.43225e+06	
2.43475e+06	2.499e+06	2.436e+06	2.4335e+06	2.448e+06	
2.4745e+06	2.438e+06	2.421e+06	2.438e+06	2.43225e+06	
2.484e+06	2.39075e+06	2.45925e+06	2.44475e+06	2.44225e+06	
2.47125e+06	2.46e+06	2.4165e+06	2.47375e+06	2.455e+06	
2.4525e+06	2.4695e+06	2.4265e+06	2.4215e+06	2.421e+06	
2.3945e+06	2.46425e+06	2.45675e+06	2.4165e+06	2.45625e+06	
2.443e+06	2.41575e+06	2.39375e+06	2.446e+06	2.3945e+06	
2.477e+06	2.4025e+06	2.366e+06	2.38675e+06	2.392e+06	
2.43675e+06	2.421e+06	2.41525e+06	2.3435e+06	2.38675e+06	
2.431e+06	2.43675e+06	2.41025e+06	2.37225e+06	2.38625e+06	
2.4145e+06	2.463e+06	2.4265e+06	2.4165e+06	2.404e+06	
2.38175e+06	2.40775e+06	2.40525e+06	2.4315e+06	2.3945e+06	
2.44425e+06	2.4575e+06	2.4265e+06	2.4235e+06	2.40075e+06	
2.3875e+06	2.39e+06	2.40825e+06	2.3825e+06	2.42725e+06	
2.409e+06	2.39875e+06	2.37925e+06	2.38425e+06	2.39375e+06	
2.3855e+06	2.38175e+06	2.37625e+06	2.385e+06	2.38875e+06	
2.3655e+06	2.407e+06	2.349e+06	2.3585e+06	2.3705e+06	
2.35975e+06	2.39075e+06	2.35975e+06	2.385e+06	2.35725e+06	
2.38425e+06	2.334e+06	2.395e+06	2.34275e+06	2.32625e+06	
2.356e+06	2.35975e+06	2.3705e+06	2.3705e+06	2.32075e+06	
2.32075e+06	2.3605e+06	2.3345e+06	2.3175e+06	2.332e+06	
2.36725e+06	2.35525e+06	2.32375e+06	2.3585e+06	2.351e+06	
2.33775e+06	2.34975e+06	2.32775e+06	2.334e+06	2.29225e+06	
2.32625e+06	2.31e+06	2.305e+06	2.283e+06	2.3175e+06	
2.29675e+06	2.3025e+06	2.283e+06	2.269e+06	2.31575e+06	
2.264e+06	2.29175e+06	2.262e+06	2.26275e+06	2.257e+06	
2.19525e+06	2.16325e+06	2.126e+06	2.2185e+06	2.18075e+06	
1.9715e+06	2.02775e+06	2.003e+06	1.99125e+06	2.00175e+06	
1.75425e+06	1.7625e+06	1.76875e+06	1.77375e+06	1.77375e+06	
1.5575e+06	1.51025e+06	1.53175e+06	1.4895e+06	1.50275e+06	
1.303e+06	1.30675e+06	1.296e+06	1.31e+06	1.30875e+06	
1.1695e+06	1.16575e+06	1.1625e+06	1.167e+06	1.16175e+06	
1.104e+06	1.09825e+06	1.09325e+06	1.1115e+06	1.09125e+06	
1.114e+06	1.14675e+06	1.136e+06	1.126e+06	1.126e+06	
1.18575e+06	1.21975e+06	1.20275e+06	1.20225e+06	1.211e+06	
1.29675e+06	1.29975e+06	1.30175e+06	1.31625e+06	1.2905e+06	
1.34325e+06	1.31125e+06	1.3195e+06	1.33075e+06	1.33575e+06	
1.3245e+06	1.3275e+06	1.3125e+06	1.32825e+06	1.31425e+06	
1.3155e+06	1.31175e+06	1.30625e+06	1.339e+06	1.301e+06	
1.32375e+06	1.29675e+06	1.332e+06	1.30425e+06	1.301e+06	
1.33125e+06	1.3225e+06	1.3365e+06	1.3155e+06	1.3005e+06	
1.3245e+06	1.347e+06	1.32625e+06	1.34975e+06	1.31425e+06	
1.354e+06	1.35525e+06	1.3275e+06	1.33075e+06	1.35525e+06	
1.36225e+06	1.417e+06	1.42525e+06	1.42025e+06	1.4265e+06	
1.48075e+06	1.4285e+06	1.504e+06	1.44225e+06	1.41525e+06	
1.52725e+06	1.52425e+06	1.492e+06	1.501e+06	1.4795e+06	
1.58225e+06	1.5595e+06	1.57525e+06	1.56575e+06	1.572e+06	
1.62575e+06	1.64525e+06	1.635e+06	1.656e+06	1.60725e+06	
1.6955e+06	1.69375e+06	1.70075e+06	1.69675e+06	1.6785e+06	
1.77375e+06	1.7485e+06	1.76125e+06	1.73525e+06	1.7295e+06	
1.78575e+06	1.8215e+06	1.821e+06	1.8165e+06	1.79325e+06	
1.8745e+06	1.84175e+06	1.86375e+06	1.84625e+06	1.8695e+06	
1.92175e+06	1.9425e+06	1.94375e+06	1.88775e+06	1.90475e+06	
1.95275e+06	1.9835e+06	1.98675e+06	1.918e+06	1.971e+06	
2.003e+06	1.98925e+06	1.96775e+06	1.94775e+06	1.97725e+06	
2.02575e+06	2.00425e+06	2.017e+06	2.01325e+06	2.0145e+06	
2.04475e+06	2.0195e+06	2.02075e+06	2.00825e+06	2.04225e+06	
2.03975e+06	2.0385e+06	1.98225e+06	1.9975e+06	2.003e+06	
2.0485e+06	2.015e+06	2.03525e+06	2.029e+06	2.039e+06	
2.046e+06	2.0515e+06	2.03725e+06	2.0635e+06	2.02075e+06	
2.05975e+06	2e+06	2.0465e+06	2.041e+06	2.02525e+06	
2.04775e+06	2.0365e+06	2.066e+06	2.06225e+06	2.02775e+06	
2.05675e+06	2.061e+06	2.0345e+06	2.051e+06	2.05225e+06	
2.0775e+06	2.041e+06	2.0585e+06	2.049e+06	2.07425e+06	
2.02075e+06	2.073e+06	2.02775e+06	2.022e+06	2.012e+06	
2.039e+06	2.04225e+06	2.05925e+06	2.06225e+06	2.02575e+06	
2.07125e+06	2.03275e+06	1.99675e+06	2.029e+06	2.01325e+06	
2.02525e+06	2.01825e+06	2.044e+06	2.027e+06	2.0265e+06	
2.073e+06	2.022e+06	2.0095e+06	2.06675e+06	2.01125e+06	
2.032e+06	2.01825e+06	2.02825e+06	2.0075e+06	2.03275e+06	
2.01375e+06	2.034e+06	1.9785e+06	2.06175e+06	1.998e+06	
2.01825e+06	2.0055e+06	2.0215e+06	2.00625e+06	2.0145e+06	
2.007e+06	2.02075e+06	2.02775e+06	1.94825e+06	2.04025e+06	
2.02325e+06	2.00625e+06	2.01e+06	1.9735e+06	2.0265e+06	
1.9975e+06	1.998e+06	1.974e+06	1.98175e+06	1.98175e+06	
1.98725e+06	1.99375e+06	1.99375e+06	1.99625e+06	1.9615e+06	
1.9805e+06	1.98175e+06	1.96225e+06	1.9545e+06	1.937e+06	
1.98475e+06	2.00175e+06	2.01325e+06	1.986e+06	1.94125e+06	
2.00425e+06	1.96225e+06	1.949e+06	1.99125e+06	1.98975e+06	
1.98175e+06	1.97675e+06	1.97225e+06	1.96975e+06	2.02525e+06	
1.96775e+06	1.9835e+06	1.971e+06	2.00375e+06	1.98225e+06	
1.98675e+06	2.02525e+06	1.964e+06	1.97275e+06	1.99675e+06	
1.94e+06	1.98975e+06	1.974e+06	1.97725e+06	1.9345e+06	
1.9975e+06	1.9565e+06	1.9495e+06	1.92425e+06	1.93875e+06	
1.94825e+06	1.923e+06	1.9275e+06	1.94e+06	1.93375e+06	
1.94e+06	1.9445e+06	1.918e+06	1.9205e+06	1.9085e+06	
1.9545e+06	1.92625e+06	1.92675e+06	1.9425e+06	1.908e+06	
1.89725e+06	1.92375e+06	1.91675e+06	1.8885e+06	1.9035e+06	
1.93625e+06	1.947e+06	1.93625e+06	1.925e+06	1.9685e+06	
1.89925e+06	1.937e+06	1.9565e+06	1.94775e+06	1.889e+06	
1.94375e+06	1.9325e+06	1.91675e+06	1.91175e+06	1.9155e+06	
1.949e+06	1.92675e+06	1.92875e+06	1.92125e+06	1.91175e+06	
1.92125e+06	1.93325e+06	1.94e+06	1.91175e+06	1.8675e+06	
1.894e+06	1.8985e+06	1.89925e+06	1.88975e+06	1.8915e+06	
1.90975e+06	1.89975e+06	1.90675e+06	1.891e+06	1.88975e+06	
1.93825e+06	1.90975e+06	1.906e+06	1.88475e+06	1.913e+06	
1.92425e+06	1.9275e+06	1.869e+06	1.91925e+06	1.89725e+06	
1.93325e+06	1.9155e+06	1.9035e+06	1.90225e+06	1.86e+06	
1.8695e+06	1.92425e+06	1.90975e+06	1.8835e+06	1.86325e+06	
1.89975e+06	1.91625e+06	1.88075e+06	1.889e+06	1.88975e+06	
1.913e+06	1.8885e+06	1.90425e+06	1.88975e+06	1.89525e+06	
1.901e+06	1.93e+06	1.89975e+06	1.90225e+06	1.9175e+06	
1.91175e+06	1.8765e+06	1.88025e+06	1.88975e+06	1.88025e+06	
1.862e+06	1.8545e+06	1.89475e+06	1.83475e+06	1.88025e+06	
1.87325e+06	1.88275e+06	1.87775e+06	1.8545e+06	1.862e+06	
1.8815e+06	1.85125e+06	1.85325e+06	1.87575e+06	1.8525e+06	
1.879e+06	1.8935e+06	1.8835e+06	1.8795e+06	1.8695e+06	
1.85175e+06	1.872e+06	1.836e+06	1.848e+06	1.87775e+06	
1.88975e+06	1.84925e+06	1.872e+06	1.8865e+06	1.85125e+06	
1.86e+06	1.821e+06	1.85125e+06	1.8255e+06	1.862e+06	
1.86575e+06	1.88475e+06	1.86125e+06	1.8525e+06	1.85875e+06	
1.819e+06	1.8475e+06	1.8475e+06	1.857e+06	1.8305e+06	
1.848e+06	1.87325e+06	1.799e+06	1.845e+06	1.83875e+06	
1.867e+06	1.819e+06	1.8595e+06	1.81025e+06	1.8455e+06	
1.81475e+06	1.81275e+06	1.81275e+06	1.8135e+06	1.79525e+06	
1.787e+06	1.7825e+06	1.809e+06	1.748e+06	1.80025e+06	
1.81025e+06	1.836e+06	1.777e+06	1.804e+06	1.7555e+06	
1.78825e+06	1.802e+06	1.79e+06	1.816e+06	1.76625e+06	
1.8015e+06	1.785e+06	1.77125e+06	1.79575e+06	1.768e+06	
1.7895e+06	1.739e+06	1.74925e+06	1.785e+06	1.74675e+06	
1.7845e+06	1.758e+06	1.7825e+06	1.765e+06	1.73525e+06	
1.758e+06	1.75975e+06	1.6735e+06	1.76625e+06	1.7535e+06	
1.77875e+06	1.753e+06	1.75175e+06	1.76625e+06	1.7435e+06	
1.75225e+06	1.763e+06	1.72325e+06	1.79e+06	1.74475e+06	
1.758e+06	1.739e+06	1.74275e+06	1.72275e+06	1.734e+06	
1.75675e+06	1.74475e+06	1.705e+06	1.7315e+06	1.71575e+06	
1.7535e+06	1.7415e+06	1.69625e+06	1.71825e+06	1.72825e+06	
1.72825e+06	1.7435e+06	1.6975e+06	1.73725e+06	1.71575e+06	
1.73775e+06	1.707e+06	1.722e+06	1.7165e+06	1.7265e+06	
1.69425e+06	1.7265e+06	1.727e+06	1.74225e+06	1.7315e+06	
1.7075e+06	1.7025e+06	1.66925e+06	1.70875e+06	1.765e+06	
1.712e+06	1.71125e+06	1.661e+06	1.702e+06	1.746e+06	
1.67425e+06	1.71075e+06	1.693e+06	1.67475e+06	1.6565e+06	
1.6705e+06	1.6735e+06	1.68625e+06	1.66725e+06	1.69625e+06	
1.68225e+06	1.69375e+06	1.6975e+06	1.685e+06	1.695e+06	
1.67425e+06	1.698e+06	1.69e+06	1.6925e+06	1.68625e+06	
1.69375e+06	1.66225e+06	1.685e+06	1.6875e+06	1.731e+06	
1.7e+06	1.65775e+06	1.66275e+06	1.68175e+06	1.65325e+06	
1.6415e+06	1.637e+06	1.666e+06	1.6565e+06	1.6685e+06	
1.6615e+06	1.66725e+06	1.65775e+06	1.678e+06	1.62625e+06	
1.6835e+06	1.65775e+06	1.6275e+06	1.673e+06	1.64075e+06	
1.6395e+06	1.6615e+06	1.635e+06	1.62375e+06	1.654e+06	
1.63375e+06	1.659e+06	1.62e+06	1.6585e+06	1.61425e+06	
1.61425e+06	1.64525e+06	1.63825e+06	1.5865e+06	1.647e+06	
1.6585e+06	1.649e+06	1.63e+06	1.61125e+06	1.6105e+06	
1.65475e+06	1.63e+06	1.639e+06	1.62e+06	1.63825e+06	
1.65525e+06	1.60175e+06	1.61125e+06	1.6295e+06	1.63575e+06	
1.656e+06	1.64325e+06	1.63625e+06	1.64825e+06	1.6225e+06	
1.62875e+06	1.63375e+06	1.65325e+06	1.6515e+06	1.62875e+06	
1.6295e+06	1.63075e+06	1.625e+06	1.63825e+06	1.58025e+06	
1.6465e+06	1.6225e+06	1.618e+06	1.59225e+06	1.5955e+06	
1.62125e+06	1.58225e+06	1.60175e+06	1.61625e+06	1.63825e+06	
1.652e+06	1.584e+06	1.57525e+06	1.5865e+06	1.591e+06	
1.58775e+06	1.59675e+06	1.569e+06	1.59425e+06	1.59025e+06	
1.59475e+06	1.57775e+06	1.56075e+06	1.603e+06	1.5715e+06	
1.55375e+06	1.55075e+06	1.5765e+06	1.5785e+06	1.5815e+06	
1.58025e+06	1.5695e+06	1.538e+06	1.55e+06	1.569e+06	
1.5545e+06	1.54425e+06	1.53125e+06	1.5495e+06	1.55375e+06	
1.54e+06	1.581e+06	1.55825e+06	1.53425e+06	1.5375e+06	
1.53675e+06	1.5375e+06	1.56125e+06	1.5575e+06	1.5305e+06	
1.557e+06	1.54375e+06	1.48775e+06	1.5425e+06	1.514e+06	
1.53875e+06	1.5545e+06	1.516e+06	1.5135e+06	1.533e+06	
1.5255e+06	1.54425e+06	1.51925e+06	1.528e+06	1.51675e+06	
1.51975e+06	1.50725e+06	1.5425e+06	1.53175e+06	1.53125e+06	
1.52425e+06	1.51475e+06	1.5115e+06	1.5325e+06	1.50225e+06	
1.543e+06	1.53925e+06	1.4995e+06	1.506e+06	1.5355e+06	
1.49275e+06	1.52675e+06	1.48125e+06	1.4915e+06	1.49825e+06	
1.492e+06	1.4825e+06	1.50525e+06	1.51725e+06	1.50025e+06	
1.506e+06	1.54625e+06	1.47825e+06	1.47125e+06	1.485e+06	
1.46375e+06	1.49575e+06	1.47e+06	1.4505e+06	1.492e+06	
1.52225e+06	1.5205e+06	1.5135e+06	1.48775e+06	1.5085e+06	
1.49325e+06	1.51275e+06	1.49025e+06	1.49525e+06	1.494e+06	
1.53375e+06	1.487e+06	1.48825e+06	1.50225e+06	1.477e+06	
1.4965e+06	1.49525e+06	1.5255e+06	1.514e+06	1.47825e+06	
1.489e+06	1.48e+06	1.51225e+06	1.48775e+06	1.47575e+06	
1.5285e+06	1.47825e+06	1.48e+06	1.448e+06	1.46875e+06	
1.49525e+06	1.45925e+06	1.4845e+06	1.48325e+06	1.4725e+06	
1.4865e+06	1.50225e+06	1.455e+06	1.46675e+06	1.4795e+06	
1.4865e+06	1.4555e+06	1.45925e+06	1.46e+06	1.44725e+06	
1.48375e+06	1.44925e+06	1.424e+06	1.46175e+06	1.46375e+06	
1.46e+06	1.48125e+06	1.45425e+06	1.44975e+06	1.4675e+06	
1.44925e+06	1.44425e+06	1.429e+06	1.431e+06	1.45175e+06	
1.4335e+06	1.448e+06	1.4215e+06	1.39375e+06	1.43025e+06	
1.4095e+06	1.43975e+06	1.414e+06	1.43275e+06	1.4405e+06	
1.42725e+06	1.4215e+06	1.41025e+06	1.3825e+06	1.43475e+06	
1.39125e+06	1.3945e+06	1.41525e+06	1.4365e+06	1.42525e+06	
1.39e+06	1.40625e+06	1.41775e+06	1.36925e+06	1.385e+06	
1.3905e+06	1.3805e+06	1.4165e+06	1.366e+06	1.37175e+06	
1.405e+06	1.37875e+06	1.371e+06	1.3705e+06	1.40575e+06	
1.40125e+06	1.36475e+06	1.39175e+06	1.388e+06	1.3925e+06	
1.38875e+06	1.35725e+06	1.359e+06	1.35475e+06	1.383e+06	
1.3615e+06	1.37725e+06	1.36425e+06	1.35975e+06	1.3565e+06	
1.378e+06	1.33275e+06	1.37875e+06	1.3295e+06	1.356e+06	
1.363e+06	1.3585e+06	1.366e+06	1.349e+06	1.37175e+06	
1.34975e+06	1.3515e+06	1.361e+06	1.349e+06	1.3275e+06	
1.34575e+06	1.33275e+06	1.3005e+06	1.296e+06	1.29475e+06	
1.317e+06	1.3075e+06	1.29675e+06	1.29475e+06	1.29425e+06	
1.29475e+06	1.2985e+06	1.27525e+06	1.271e+06	1.26775e+06	
1.30375e+06	1.264e+06	1.29925e+06	1.24875e+06	1.25775e+06	
1.252e+06	1.25375e+06	1.2235e+06	1.25375e+06	1.24075e+06	
1.2185e+06	1.23425e+06	1.216e+06	1.21975e+06	1.19275e+06	
1.24825e+06	1.22675e+06	1.21675e+06	1.19025e+06	1.228e+06	
1.2355e+06	1.20475e+06	1.1985e+06	1.2135e+06	1.19325e+06	
1.177e+06	1.18275e+06	1.204e+06	1.18025e+06	1.1985e+06	
1.199e+06	1.18025e+06	1.15875e+06	1.1865e+06	1.19325e+06	
1.17375e+06	1.14725e+06	1.17875e+06	1.1795e+06	1.15925e+06	
1.18075e+06	1.15875e+06	1.16e+06	1.17825e+06	1.17825e+06	
1.172e+06	1.1845e+06	1.14225e+06	1.15125e+06	1.17625e+06	
1.19975e+06	1.18575e+06	1.15e+06	1.1795e+06	1.17125e+06	
1.18775e+06	1.14425e+06	1.13975e+06	1.1775e+06	1.146e+06	
1.155e+06	1.13025e+06	1.1725e+06	1.1745e+06	1.143e+06	
1.175e+06	1.1625e+06	1.1645e+06	1.16e+06	1.17375e+06	
1.14425e+06	1.18575e+06	1.17825e+06	1.1725e+06	1.1725e+06	
1.182e+06	1.1625e+06	1.16575e+06	1.18325e+06	1.16e+06	
1.15675e+06	1.16575e+06	1.17325e+06	1.16825e+06	1.1725e+06	
1.167e+06	1.17e+06	1.158e+06	1.16175e+06	1.18775e+06	
1.15175e+06	1.167e+06	1.18325e+06	1.16175e+06	1.15e+06	
1.1895e+06	1.1815e+06	1.189e+06	1.1695e+06	1.1895e+06	
1.17325e+06	1.1895e+06	1.175e+06	1.19775e+06	1.192e+06	
1.24125e+06	1.21425e+06	1.204e+06	1.22675e+06	1.2375e+06	
1.216e+06	1.19325e+06	1.213e+06	1.1845e+06	1.182e+06	
1.2035e+06	1.196e+06	1.21175e+06	1.201e+06	1.23e+06	
1.1985e+06	1.20775e+06	1.20025e+06	1.18825e+06	1.2135e+06	
1.209e+06	1.196e+06	1.18075e+06	1.20475e+06	1.1605e+06	
1.1525e+06	1.13225e+06	1.16375e+06	1.1435e+06	1.16175e+06	
1.092e+06	1.102e+06	1.1e+06	1.06225e+06	1.09625e+06	
1.08175e+06	1.097e+06	1.0855e+06	1.0945e+06	1.09125e+06	
1.0945e+06	1.0975e+06	1.0925e+06	1.092e+06	1.1045e+06	
1.11975e+06	1.1095e+06	1.12725e+06	1.1115e+06	1.136e+06	
1.14925e+06	1.1605e+06	1.12725e+06	1.131e+06	1.143e+06	
1.15675e+06	1.1645e+06	1.14725e+06	1.141e+06	1.14675e+06	
1.1745e+06	1.172e+06	1.204e+06	1.1645e+06	1.19075e+06	
1.16575e+06	1.1675e+06	1.184e+06	1.15675e+06	1.196e+06	
1.158e+06	1.16175e+06	1.19075e+06	1.18825e+06	1.17875e+06	
1.18325e+06	1.19525e+06	1.1795e+06	1.189e+06	1.1725e+06	
1.18325e+06	1.177e+06	1.1795e+06	1.16e+06	1.15925e+06	
1.17325e+06	1.2275e+06	1.1775e+06	1.172e+06	1.1525e+06	
1.17125e+06	1.187e+06	1.15875e+06	1.18825e+06	1.199e+06	
1.21425e+06	1.2035e+06	1.1865e+06	1.20275e+06	1.17375e+06	
1.1865e+06	1.17325e+06	1.18075e+06	1.18525e+06	1.16825e+06	
1.1625e+06	1.148e+06	1.13925e+06	1.1405e+06	1.1455e+06	
1.13225e+06	1.13925e+06	1.12025e+06	1.13425e+06	1.11775e+06	
1.1725e+06	1.12525e+06	1.12975e+06	1.1435e+06	1.121e+06	
1.131e+06	1.13725e+06	1.12725e+06	1.1165e+06	1.1285e+06	
1.136e+06	1.12225e+06	1.12975e+06	1.12775e+06	1.1525e+06	
1.11525e+06	1.136e+06	1.13925e+06	1.11575e+06	1.13725e+06	
1.1315e+06	1.1165e+06	1.11325e+06	1.12525e+06	1.1385e+06	
1.1165e+06	1.136e+06	1.13425e+06	1.1285e+06	1.1045e+06	
1.12475e+06	1.1065e+06	1.12275e+06	1.148e+06	1.1095e+06	
1.16625e+06	1.1215e+06	1.138e+06	1.1095e+06	1.11525e+06	
1.15625e+06	1.14875e+06	1.1265e+06	1.11975e+06	1.1215e+06	
1.10275e+06	1.1115e+06	1.11975e+06	1.1145e+06	1.102e+06	
1.1355e+06	1.117e+06	1.13925e+06	1.1045e+06	1.1405e+06	
1.1405e+06	1.10525e+06	1.1145e+06	1.1185e+06	1.12275e+06	
1.1525e+06	1.13425e+06	1.0995e+06	1.13925e+06	1.10075e+06	
1.12725e+06	1.09575e+06	1.09625e+06	1.11775e+06	1.1215e+06	
1.13975e+06	1.12025e+06	1.104e+06	1.1215e+06	1.09875e+06	
1.1335e+06	1.11025e+06	1.109e+06	1.11775e+06	1.1145e+06	
1.10575e+06	1.10825e+06	1.109e+06	1.13975e+06	1.0895e+06	
1.10525e+06	1.12525e+06	1.124e+06	1.11025e+06	1.117e+06	
1.13275e+06	1.097e+06	1.1215e+06	1.1435e+06	1.114e+06	
1.12525e+06	1.12975e+06	1.1265e+06	1.11275e+06	1.13425e+06	
1.14725e+06	1.092e+06	1.119e+06	1.1235e+06	1.12525e+06	
1.14225e+06	1.14475e+06	1.138e+06	1.11275e+06	1.11275e+06	
1.1095e+06	1.09325e+06	1.15675e+06	1.15e+06	1.11525e+06	
1.13725e+06	1.124e+06	1.12775e+06	1.14725e+06	1.12775e+06	
1.14475e+06	1.153e+06	1.129e+06	1.1095e+06	1.1315e+06	
1.1065e+06	1.11775e+06	1.11775e+06	1.10075e+06	1.13475e+06	
1.104e+06	1.153e+06	1.117e+06	1.117e+06	1.121e+06	
1.129e+06	1.1525e+06	1.13275e+06	1.1355e+06	1.11325e+06	
1.15425e+06	1.129e+06	1.11975e+06	1.12775e+06	1.146e+06	
1.119e+06	1.15125e+06	1.11025e+06	1.1165e+06	1.095e+06	
1.14675e+06	1.10825e+06	1.09075e+06	1.117e+06	1.13025e+06	
1.1215e+06	1.09575e+06	1.13425e+06	1.1165e+06	1.09075e+06	
1.158e+06	1.13275e+06	1.117e+06	1.10075e+06	1.1235e+06	
1.12775e+06	1.1405e+06	1.13025e+06	1.12475e+06	1.11975e+06	
1.1115e+06	1.141e+06	1.121e+06	1.11775e+06	1.112e+06	
1.1165e+06	1.107e+06	1.09075e+06	1.1065e+06	1.102e+06	
1.1165e+06	1.1435e+06	1.11525e+06	1.13925e+06	1.097e+06	
1.1575e+06	1.13975e+06	1.13275e+06	1.117e+06	1.13475e+06	
1.15e+06	1.136e+06	1.126e+06	1.1315e+06	1.11275e+06	
1.1215e+06	1.10325e+06	1.1185e+06	1.102e+06	1.10275e+06	
1.10525e+06	1.119e+06	1.09825e+06	1.10275e+06	1.10275e+06	
1.12775e+06	1.0995e+06	1.083e+06	1.1265e+06	1.0875e+06	
1.114e+06	1.13425e+06	1.11325e+06	1.1e+06	1.104e+06	
1.124e+06	1.1385e+06	1.12225e+06	1.0825e+06	1.102e+06	
1.10125e+06	1.117e+06	1.09575e+06	1.13425e+06	1.07925e+06	
1.09325e+06	1.0975e+06	1.1095e+06	1.1045e+06	1.10075e+06	
1.10575e+06	1.08125e+06	1.102e+06	1.104e+06	1.0995e+06	
1.11025e+06	1.10275e+06	1.1045e+06	1.07675e+06	1.109e+06	
1.1e+06	1.08425e+06	1.10125e+06	1.10575e+06	1.10275e+06	
1.0875e+06	1.0685e+06	1.07175e+06	1.08875e+06	1.1065e+06	
1.10825e+06	1.08675e+06	1.08875e+06	1.095e+06	1.092e+06	
1.09075e+06	1.11275e+06	1.09625e+06	1.0875e+06	1.12525e+06	
1.09325e+06	1.097e+06	1.0975e+06	1.07875e+06	1.0975e+06	
1.10325e+06	1.08375e+06	1.0975e+06	1.0895e+06	1.078e+06	
1.12225e+06	1.11775e+06	1.109e+06	1.08625e+06	1.0825e+06	
1.107e+06	1.095e+06	1.095e+06	1.083e+06	1.104e+06	
1.09575e+06	1.11575e+06	1.061e+06	1.12725e+06	1.092e+06	
1.097e+06	1.08875e+06	1.07425e+06	1.1065e+06	1.08175e+06	
1.07925e+06	1.12025e+06	1.05275e+06	1.11525e+06	1.126e+06	
1.08e+06	1.08675e+06	1.10525e+06	1.071e+06	1.08825e+06	
1.11025e+06	1.1045e+06	1.078e+06	1.073e+06	1.07875e+06	
1.09075e+06	1.0855e+06	1.06725e+06	1.06475e+06	1.10125e+06	
1.051e+06	1.095e+06	1.05225e+06	1.0435e+06	1.056e+06	
1.08125e+06	1.08425e+06	1.073e+06	1.063e+06	1.05525e+06	
1.073e+06	1.08375e+06	1.073e+06	1.09125e+06	1.06675e+06	
1.05925e+06	1.071e+06	1.092e+06	1.0605e+06	1.0685e+06	
1.08675e+06	1.073e+06	1.0605e+06	1.04525e+06	1.056e+06	
1.0685e+06	1.07425e+06	1.05925e+06	1.0435e+06	1.07875e+06	
1.03575e+06	1.04075e+06	1.08825e+06	1.06675e+06	1.03525e+06	
1.0515e+06	1.01825e+06	1.034e+06	1.0395e+06	1.04725e+06	
1.0245e+06	1.03325e+06	1.04225e+06	1.044e+06	1.00425e+06	
1.0395e+06	1.03775e+06	1.04025e+06	1.01e+06	1.04725e+06	
1.04475e+06	1.03325e+06	1.0345e+06	1.02575e+06	1.032e+06	
1.037e+06	1.061e+06	1.03525e+06	1.04225e+06	1.04525e+06	
1.0345e+06	1.05225e+06	1.03575e+06	1.02775e+06	1.054e+06	
1.02e+06	1.06975e+06	1.01875e+06	1.0485e+06	1.0265e+06	
1.05675e+06	1.03775e+06	1.02e+06	1.039e+06	1.0075e+06	
1.054e+06	1.03075e+06	1.0175e+06	1.03825e+06	1.01875e+06	
1.015e+06	1.03825e+06	1.00625e+06	1.025e+06	1.049e+06	
1.04775e+06	1.034e+06	1.0345e+06	1.03775e+06	1.01575e+06	
1.04775e+06	1.03775e+06	1.027e+06	1.022e+06	1.04075e+06	
1.0245e+06	1.029e+06	1.0265e+06	1.0245e+06	1.02125e+06	
1.01075e+06	1.00675e+06	1.01375e+06	1.01575e+06	1.00675e+06	
1.00625e+06	989250	971500	982250	985500	
958250	977750	964750	964750	952750	
993500	992250	987250	979750	972750	
969750	1.01325e+06	974000	976000	991750	
979000	1.01375e+06	1.0005e+06	1.01075e+06	1.005e+06	
996750	996250	997500	984750	1.003e+06	
1.02075e+06	1.00175e+06	1.02125e+06	994750	979000	
1.00175e+06	1.01e+06	1.01125e+06	1.034e+06	1.003e+06	
1.0125e+06	1.008e+06	986000	999250	1.0265e+06	
1.0265e+06	1.00675e+06	1.01325e+06	1.0345e+06	993500	
1.02125e+06	1.02325e+06	1.0175e+06	1.00125e+06	1.0195e+06	
998000	994750	1.01825e+06	1.00875e+06	1.0175e+06	
997500	1e+06	1.00675e+06	1.003e+06	1.0395e+06	
1.0125e+06	1.017e+06	998000	1.005e+06	993000	
1.00925e+06	1.00875e+06	1.02825e+06	1.03025e+06	1.02575e+06	
1.008e+06	990500	1.0075e+06	1.02075e+06	1.0125e+06	
995500	986000	1.02075e+06	1.0055e+06	1.01e+06	
1.01e+06	996250	1.0025e+06	990500	989750	
1.00125e+06	991000	989250	993500	1.02075e+06	
986000	998000	979000	986000	1.00675e+06	
1.012e+06	996750	1e+06	1.0145e+06	1.0125e+06	
1.0005e+06	988000	995500	980500	1.00125e+06	
993500	1.017e+06	984750	1.00675e+06	984750	
977750	999250	966000	1.00425e+06	984250	
981750	999250	993500	1.01075e+06	976000	
981000	1.00625e+06	992250	1.00125e+06	983500	
980500	991750	962750	983000	952750	
990500	1.00625e+06	987250	982250	987250	
990500	1.00625e+06	983000	1.01125e+06	989750	
967250	981000	974000	989250	1.003e+06	
989250	1.00175e+06	988500	966500	961500	
1.00175e+06	972250	976500	966500	998000	
962750	972750	971000	979750	958250	
993000	967750	991750	972750	955750	
986000	981750	973500	968500	962750	
1.00875e+06	978500	967750	976000	963250	
973500	986000	987250	978500	962750	
967750	980500	966500	962000	956500	
952750	960250	947000	950250	962750	
896000	947000	930000	950250	902250	
941250	923750	936250	946250	925000	
928750	928750	915500	916000	933750	
921250	920000	942000	923000	947000	
938750	936250	918000	918750	936250	
901500	958250	948750	937500	918750	
945750	964750	928000	934500	926250	
935750	925500	946250	937000	931750	
959500	950250	944500	912250	955750	
947000	957000	921250	940750	930500	
935750	940000	913000	947500	943250	
921250	947000	945000	931750	963250	
942500	932500	933000	923000	929250	
930500	937500	920500	941250	946250	
938250	940750	940750	952750	942500	
965250	921250	912250	928750	926250	
928000	950750	917250	960750	937500	
927500	948750	917250	940000	911750	
938750	946250	926250	940750	924250	
918750	913500	938750	948750	918750	
954000	928000	930000	915500	938250	
943750	966500	914750	936250	923750	
930000	920500	925000	918750	916750	
933000	928000	909250	923750	902750	
915500	950750	913000	925500	935750	
949500	899750	912250	923750	922500	
926750	914250	922500	891500	908000	
913500	909750	912250	918000	884000	
932500	917250	923000	920500	931250	
914750	922500	899750	923750	896000	
901500	928750	913500	906750	899750	
923000	937000	907250	915500	912250	
924250	893500	914750	914750	872500	
913500	892250	909750	922500	894000	
902250	917250	899750	916750	905500	
904250	919250	921750	908000	892250	
909750	915500	916000	882000	908500	
909250	895250	893500	892250	903500	
899000	928750	896000	899750	918000	
911000	904750	893500	901500	899750	
895250	899000	887750	892250	891000	
897250	909750	892750	897250	882750	
875250	889750	891500	873250	897750	
911750	911750	908000	889750	893500	
877750	879500	890250	863750	893500	
912250	901500	887000	874500	879000	
907250	889750	858250	897250	902250	
879500	870750	879000	876500	882000	
872500	882750	884500	878250	884000	
859500	870750	885750	871250	845000	
892250	871250	868250	897250	845000	
874500	897250	894000	888500	894750	
878250	875250	867500	845000	856750	
870750	877000	883250	866250	850000	
877000	865000	868750	852500	874500	
885750	860000	887750	869500	862000	
880750	872000	881500	852500	848000	
866250	855500	874500	843000	883250	
855000	853000	857500	879000	870750	
882000	873250	870000	882000	859500	
843750	888500	840500	860750	845500	
865000	865750	856250	841750	857500	
845000	855000	846750	876500	856250	
867000	875250	864500	843750	853750	
851750	856250	853000	848000	868250	
870000	861250	851250	838500	856250	
845500	868750	826000	849250	829250	
858250	846750	829250	850000	829750	
851750	856750	846750	846250	829750	
830500	837250	827250	863750	837250	
848000	837250	846250	857500	858750	
851250	855000	848750	854250	835500	
826000	845500	840500	846750	825250	
855500	835500	846750	851250	846750	
865000	844250	819000	842500	835500	
827250	846750	841000	836750	851250	
856250	848000	831000	836750	841000	
868750	828500	833500	853000	833500	
818500	846250	835500	839750	816500	
836750	834250	826500	814000	834750	
819000	846750	838500	844250	827250	
832250	834750	845000	848000	855000	
818500	846250	819750	828500	821000	
803250	838500	834750	819000	819000	
830500	829250	835500	806500	814000	
834250	831750	827250	822750	822750	
810250	815250	822750	814750	824000	
816000	822250	831750	808250	823500	
827250	814750	801500	799000	806500	
807000	819000	774250	806500	796500	
812750	816500	796500	813500	817250	
816000	804500	797000	819000	802750	
813500	835500	801500	805750	817250	
799000	800250	796500	796500	783750	
782500	801500	793750	804000	811500	
798250	786250	796500	784500	814000	
782000	797750	809000	790000	778000	
794500	792000	787500	780500	800250	
762250	775500	778750	791250	783750	
779250	771250	771250	804000	807750	
769250	773750	775000	770000	773750	
753500	764250	768750	770500	731500	
771250	778750	768000	782000	774250	
789500	774250	786250	766250	772500	
763500	781250	772500	748500	771750	
778750	781250	769250	788250	802750	
753500	792500	771250	766750	742250	
776250	758500	750500	759750	757250	
737250	767500	761000	764750	755500	
734500	757250	761750	743500	753500	
739750	752250	752250	749000	741500	
751000	756750	751000	757250	753000	
749750	754750	758000	747750	736500	
761750	765500	752250	735250	734000	
754250	761750	747250	751000	752250	
759250	764250	727750	743500	734500	
739750	759750	742250	745250	756750	
737750	744000	765500	746500	747250	
764750	740250	735250	756750	753500	
741000	739750	751750	741000	734000	
757250	753500	745250	734500	758000	
763000	746500	742750	741500	762250	
745250	749750	750500	739750	736500	
764250	784500	753000	756000	762250	
775000	760500	766250	747250	781250	
775500	759750	756750	761750	774250	
780500	759750	779250	771250	790750	
775500	775500	771750	756750	763500	
759750	768750	783250	770000	770500	
765500	758000	775000	771750	801500	
769250	776750	772500	772500	775000	
766750	780500	777500	762250	766750	
769250	774250	752250	788750	756000	
766750	778750	755500	758000	758000	
745250	765500	759250	746000	739750	
746000	752250	753000	736500	740250	
752250	755500	749000	751750	747250	
758500	753500	758000	756000	753500	
736000	759750	735250	755500	753000	
756750	755500	734500	770000	737750	
746000	744000	740250	749750	749000	
739000	745250	738500	758500	755500	
722000	744750	742750	751000	732000	
737250	744000	753000	740250	736500	
741000	740250	736500	741500	740250	
723250	734500	732750	734000	729500	
727000	736500	725750	738500	741500	
740250	742750	726500	728250	735250	
746500	728250	756750	745250	712000	
747250	742750	737250	723250	735250	
724500	744000	721500	718250	726500	
742750	732000	741000	754750	741000	
716250	729000	751000	725750	744000	
746000	743500	739750	725250	759250	
739000	739000	747750	727000	730250	
727750	714500	727000	724500	742250	
731500	725250	720750	734000	708250	
714500	736000	719500	729500	720750	
733250	736000	736500	731500	732000	
730750	728250	754250	732750	736500	
730250	725250	735250	724000	735250	
723250	725250	725750	715750	729500	
737750	719500	725250	729000	727000	
732000	729500	736000	718250	720250	
741000	717000	707000	711250	724500	
716250	742750	730250	717000	732750	
707000	732750	732000	742250	745250	
724000	722750	735250	719500	720250	
717500	730250	715750	738500	727750	
708250	727750	722750	719500	727750	
712000	721500	721500	718750	735250	
725250	721500	713750	712500	729000	
712000	711250	727750	712500	726500	
724000	731500	717000	717000	726500	
718250	691250	703750	720250	711250	
718750	734500	713250	738500	732750	
716250	741000	730750	722750	743500	
701250	715750	729000	729000	741000	
727000	723250	734000	739000	742250	
715750	727000	714500	732750	720750	
728250	721500	741000	725750	725250	
747250	743500	744750	736500	714500	
732000	718250	727000	725750	741000	
695000	720750	709500	722000	732750	
713250	726500	731500	726500	728250	
742250	732000	736000	727000	715000	
707500	719500	706250	732000	720250	
724000	734500	735250	713250	714500	
715000	704500	724000	736500	720250	
734500	722000	729500	718250	714500	
708750	712500	728250	729000	725250	
711250	720250	719500	702500	732750	
730750	703750	736500	713250	715000	
730250	711250	722000	723250	726500	
713750	718750	737750	727000	716250	
728250	722750	703000	710750	721500	
695500	707500	710000	710000	705000	
738500	733250	698000	690500	713750	
712500	712000	691250	691750	712000	
719500	717000	707500	721500	704500	
705750	706250	717000	707000	724500	
707000	724000	739000	715000	715000	
709500	707000	704500	709500	700500	
715000	700000	703000	705000	710000	
696250	703750	710000	713250	700000	
705750	712000	703750	698750	712500	
721500	694250	700500	707500	701250	
707500	686000	693750	713750	703000	
717500	683500	703000	679750	695000	
707000	688000	706250	699250	686000	
707000	687250	686750	678000	690000	
679250	687250	680500	688500	691750	
690000	699250	700500	694250	694250	
671000	704500	695500	681000	679750	
683500	665250	670250	669750	686750	
681000	693750	688500	679250	678500	
684750	676000	666500	681750	693750	
684750	661000	669000	659750	686000	
698000	678500	676750	655250	686000	
659000	684250	652750	663500	657000	
675500	671500	669000	658500	672750	
666000	674250	659750	666000	661500	
659750	661500	653250	658500	650250	
649000	678000	634500	644000	651500	
662250	664750	651500	670250	650750	
652750	653250	655750	649000	656500	
647750	652000	653250	640000	647000	
648250	659750	652750	652750	660250	
655750	656500	659750	639500	655750	
633250	649500	650750	644000	647750	
640000	650250	656500	635750	647000	
655250	643250	651500	651500	629500	
659000	645750	660250	641250	640000	
651500	640750	642000	653250	644000	
656500	648250	638750	659750	630000	
647750	649000	673500	656500	649500	
640000	660250	642000	653250	649500	
650750	645250	631250	647000	637500	
643250	645250	658500	630000	643250	
653250	649000	640750	642000	640000	
664000	644500	640000	666000	637000	
646500	650250	620500	635000	653250	
655250	642500	649500	658500	638750	
638750	650250	654000	654000	647750	
646500	657000	646500	677250	665250	
661000	640750	666500	655250	666000	
653250	651500	641250	659000	647750	
650250	670250	639500	662750	671000	
673500	647750	658500	658500	651500	
661000	644500	658500	652000	659000	
659000	655250	650750	671500	650250	
651500	649500	659750	663500	647750	
651500	662750	648250	651500	665250	
656500	657750	666500	656500	653250	
657750	653250	641250	647000	649500	
643250	664000	659000	649500	654000	
653250	654500	667250	659000	640000	
638250	642500	644000	662250	645250	
640750	651500	657000	649500	664000	
657750	669000	644500	649500	647000	
666500	668500	644500	658500	661000	
669000	650750	655750	658500	662750	
652750	637500	648250	653250	662750	
640000	644500	649500	629500	674750	
666500	640750	648250	653250	645750	
649500	662750	640750	652750	650250	
662250	650250	620000	655250	651500	
654000	659000	649000	651500	650250	
642500	645750	634500	644500	654500	
645750	655250	644000	652750	656500	
652000	641250	647750	651500	647750	
642000	633750	640000	661500	640750	
645750	647000	643250	653250	646500	
627500	640000	650750	677250	648250	
640000	647750	652000	661500	650750	
644500	642000	647750	642000	641250	
650750	645750	638750	633250	635000	
647750	653250	660250	636250	668500	
645250	642500	638750	639500	646500	
664000	661500	644500	639500	647750	
642000	644500	654000	654500	659750	
636250	646500	649500	644000	650250	
640000	656500	641250	643250	659000	
635000	642500	643250	640750	663500	
642000	645750	638250	638250	627500	
668500	658500	667250	658500	645750	
652000	644500	644500	657000	656500	
647750	657000	639500	654000	647000	
657750	642500	675500	640000	636250	
649500	647750	637500	660250	646500	
655250	651500	645750	637500	667750	
658500	649500	633250	644500	654500	
659000	647000	635750	639500	659750	
637500	647750	635000	651500	643250	
637000	642500	630000	628750	634500	
652750	643250	641250	633750	641250	
645250	653250	627500	642000	642000	
635750	642000	654000	648250	644500	
649000	644000	637500	653250	679250	
652000	644000	632500	637000	647000	
635000	645250	638250	649500	634500	
640000	652750	659000	638250	644500	
642500	640750	645750	623750	648250	
663500	645750	644000	636250	653250	
643250	662250	641250	645750	661000	
655250	637500	630000	643250	643250	
661500	650250	640750	645250	626750	
646500	640000	649000	649500	642500	
630000	637500	645750	640750	647750	
632500	645750	633250	635000	627500	
631250	651500	647750	638750	657750	
639500	642500	640000	637500	642000	
662250	631250	630750	648250	652750	
664000	640000	671500	637500	636250	
641250	632500	656500	647750	633750	
644500	653250	651500	635750	641250	
648250	645250	659000	646500	654500	
653250	623000	640000	628750	636250	
637000	633750	632000	649000	633250	
635750	652750	628250	645250	639500	
640750	635000	648250	647750	649500	
642500	640000	639500	642000	642000	
661500	662750	637500	643250	639500	
640750	635750	653250	637000	649000	
660250	645250	644000	656500	645750	
659000	638750	642500	649000	648250	
646500	625000	632000	647000	645750	
647000	641250	649000	650250	642000	
652750	633750	642500	653250	638250	
650250	630000	632000	645750	636250	
664750	632000	646500	637000	626250	
630750	636250	649500	664750	650250	
637000	640750	645750	651500	644500	
660250	637000	649000	628750	655250	
652750	635000	639500	649000	637000	
637000	645750	640750	638250	638250	
649000	654500	640750	649500	631250	
659750	637500	640000	629500	648250	
652750	644500	632000	653250	654000	
630000	649000	640750	635750	649500	
654500	662750	651500	650250	630000	
667250	637000	655250	658500	634500	
634500	646500	656500	658500	636250	
655250	635750	642000	638750	633250	
635000	649500	638750	651500	647000	
647000	644000	639500	642500	638750	
649500	667250	646500	646500	640750	
644500	643250	639500	655250	633250	
642500	644000	650750	632000	640000	
647750	630750	644500	638250	645750	
635750	644500	644500	640000	659750	
655750	647000	654500	635750	627500	
652000	646500	652000	642500	641250	
656500	637000	622500	645750	649000	
645250	628750	643250	637500	636250	
645250	654500	649500	628750	638250	
649000	663500	649500	646500	640000	
621750	639500	647000	640000	633250	
650750	654500	657750	638750	645750	
647750	644500	647750	651500	643250	
657750	650750	633250	637000	667750	
655750	633750	644500	645750	618750	
634500	639500	630750	635000	644000	
660250	634500	642500	644500	644000	
637500	652000	637500	634500	644000	
640000	644000	659000	635750	633750	
637500	649500	650750	637500	654500	
624250	644500	641250	649000	662250	
650250	638250	649000	637000	644500	
642500	643250	641250	645750	635750	
630000	647000	643250	645250	625500	
647750	635750	644000	627500	652000	
648250	635750	634500	644500	640750	
626250	636250	655750	653250	642000	
670250	640000	659750	636250	660250	
640000	642000	632500	646500	641250	
623750	651500	645750	646500	655750	
647750	649000	629500	633250	645250	
626750	625500	645250	645250	645750	
630000	633750	633250	639500	632500	
649000	632000	640000	624250	657000	
648250	653250	642500	629500	631250	
637500	630750	648250	640000	638750	
611750	644000	642500	637500	627500	
652750	649500	641250	633250	635000	
624250	640750	651500	634500	648250	
636250	646500	637500	618000	649500	
637500	633750	627500	641250	664750	
639500	634500	649000	637500	636250	
627500	632000	630750	611000	638750	
629500	640000	626750	628250	623750	
624250	638250	630000	638750	643250	
640000	649500	635000	620500	640750	
626750	649500	637000	640000	649500	
631250	624250	621250	661000	621750	
635750	646500	639500	631250	615500	
626750	633750	641250	648250	647750	
644000	643250	635000	644000	637500	
647000	621750	637000	635000	643250	
626750	648250	634500	640000	624250	
640000	630750	634500	645750	637500	
628250	629500	644500	641250	641250	
643250	638750	650250	648250	632500	
633250	629500	647000	630000	647750	
624250	632500	634500	637500	638250	
644000	636250	647000	647750	632500	
631250	653250	628250	618000	640750	
640000	642000	625000	637500	635000	
623750	639500	634500	644000	627500	
639500	641250	628250	627500	607250	
644500	638250	634500	632500	630000	
638250	633750	626250	622500	646500	
637500	650750	642500	627500	638750	
642000	638250	645750	635750	630000	
637000	639500	646500	625000	642500	
647000	632500	634500	633750	616250	
628750	643250	630750	630000	630750	
631250	641250	637500	637500	637000	
644500	641250	633750	626250	637500	
629500	638250	630750	642500	645250	
650750	638750	629500	640750	634500	
644500	640000	646500	633750	632500	
618000	634500	625000	640000	629500	
628250	619250	629500	640750	615000	
638250	635000	635000	623750	622500	
641250	628250	634500	641250	624250	
645750	622500	634500	628250	632500	
632500	619250	640000	651500	621750	
630000	638250	663500	633750	651500	
620000	637500	637500	634500	626250	
637000	633750	637000	635750	632000	
631250	625000	639500	636250	641250	
637500	638250	650250	649500	649500	
630000	623750	641250	630750	640750	
635000	642500	644000	637000	633250	
649500	639500	638250	636250	632000	
635750	633750	626750	637000	633250	
642500	631250	630000	663500	626750	
631250	626750	632000	633750	613750	
638750	644000	630750	634500	627500	
644500	625500	623750	642000	640750	
618750	634500	634500	632000	626250	
632500	647000	635000	636250	649500	
649500	630750	619250	629500	637000	
635750	638250	621250	624250	657750	
639500	638750	639500	649500	630000	
633250	637000	615500	657000	634500	
622500	635750	642500	648250	639500	
642000	635000	647000	647000	624250	
636250	645250	624250	632000	635000	
630750	639500	630750	629500	628750	
628750	632000	635000	638250	630750	
635000	638750	662750	620000	632000	
628250	628750	633250	624250	619250	
614250	626250	649500	637000	644000	
630000	639500	621250	634500	633250	
635750	644500	641250	641250	615000	
640000	630750	638750	638750	619250	
633750	611750	641250	645750	624250	
644500	635750	658500	635750	630750	
649000	634500	633250	629500	636250	
630000	624250	650750	642000	621250	
640000	640000	650750	648250	620500	
629500	637000	621750	628750	624250	
633250	618750	613750	623750	617500	
642000	634500	656500	634500	643250	
612500	645750	616250	614250	620500	
642500	628750	625000	621250	635000	
635750	633250	610500	632000	639500	
633750	624250	635750	630750	630000	
624250	628250	629500	634500	622500	
645250	635000	643250	621750	617500	
623750	645750	633750	633250	618750	
618750	612500	627500	620500	635750	
618000	648250	620000	632500	640000	
632000	621250	642000	626750	633750	
608500	631250	647750	635750	632500	
619250	628750	650750	632500	638250	
624250	633750	642500	631250	609750	
627500	645250	628750	613750	603500	
633250	621750	619250	618000	633250	
650750	630750	627500	635000	628750	
628250	625500	637500	606000	618750	
640750	634500	632500	635750	651500	
627500	633750	632000	644500	626750	
628750	626750	638250	626250	631250	
616250	638750	627500	613750	633250	
625000	627500	625000	628250	632000	
612500	628250	631250	638750	640750	
631250	637000	628250	629500	652000	
623000	618000	637500	634500	630750	
628250	630750	635000	638250	623750	
642500	647750	615000	626250	616750	
623750	621250	629500	637000	630000	
632000	638250	625000	637000	603000	
633750	656500	640000	620500	636250	
633750	628750	618750	640000	637000	
633750	637500	649000	628250	629500	
624250	628250	629500	629500	631250	
623000	640000	641250	614250	638750	
637000	624250	637500	644000	630750	
623000	638250	623000	635000	633250	
620500	631250	618000	646500	619250	
608000	635000	634500	635750	640750	
631250	641250	615500	624250	634500	
621750	634500	650250	634500	630000	
633750	642500	640000	630000	631250	
620000	625500	628750	637000	644500	
620000	633750	632000	630000	625000	
634500	625500	627500	608000	632000	
623000	635750	617500	629500	635000	
637000	633750	631250	616250	623000	
638750	636250	634500	618000	630750	
638750	639500	625500	647750	620000	
638750	639500	625500	647750	620000	
638750	639500	625500	647750	620000	
