4250	4250	4250	4250	4250	
7.13825e+06	7.13825e+06	7.13825e+06	7.13825e+06	7.13825e+06	
546750	545000	534250	535500	538000	
497000	522250	516000	523500	511000	
502750	519750	526000	492750	523500	
533000	501500	511500	537500	536250	
514000	508500	505250	527250	525500	
499500	511500	504500	515250	509000	
504000	523000	508500	517250	513500	
537500	515250	519750	513500	507250	
524750	519000	519000	506500	523500	
520250	516000	519750	526750	527250	
531750	539250	523000	527250	528000	
525500	537500	543750	505250	529750	
531750	541250	539250	547500	528000	
557000	536750	557000	534250	527250	
551250	574000	565750	553250	557000	
540500	541750	538750	549250	560000	
551250	553250	569000	551250	562000	
557000	569000	558250	572000	565000	
577000	545500	567000	554500	557000	
572750	557500	574000	565000	564500	
579000	586000	582750	582250	570750	
643250	639500	666000	639500	650250	
811500	824750	828500	838000	836750	
850500	828500	819000	855500	840500	
862000	854250	855000	830500	864500	
853750	848750	849250	853000	837250	
850500	860000	853000	857500	853000	
851750	858250	852500	866250	864500	
855000	865000	849250	866250	861250	
906000	906000	859500	880250	872000	
919250	896500	918750	920500	912250	
920500	926250	918000	918750	935750	
913500	925500	907250	933000	917250	
922500	928750	904750	935750	928000	
910500	921750	906000	931250	914750	
909250	924250	925500	933750	907250	
923750	905500	926250	937000	908500	
920500	917250	917250	918750	917250	
947500	955750	940000	952750	941250	
945000	957000	962000	958250	933750	
963250	988500	983000	934500	1.0145e+06	
973500	972750	969750	988500	994750	
1.0005e+06	1.012e+06	965250	1.005e+06	1.003e+06	
1.00425e+06	1.00175e+06	1.00175e+06	995500	997500	
979000	984750	972250	960250	987250	
986750	956500	1.00175e+06	983500	977250	
981750	950250	987250	981750	977250	
957750	945750	947500	964750	954000	
937000	928000	943250	965250	942000	
939500	933000	939500	911000	937000	
938250	955750	937000	926250	950750	
924250	907250	925500	894000	897750	
917250	913500	899750	913000	879000	
926750	917250	903500	928750	966000	
964750	962750	959500	952000	949500	
1.02075e+06	1.0195e+06	1.0365e+06	1.0225e+06	1.0345e+06	
1.0755e+06	1.0345e+06	1.046e+06	1.04025e+06	1.05475e+06	
1.05225e+06	1.029e+06	1.05225e+06	1.02075e+06	1.025e+06	
1.00375e+06	1.02325e+06	1.00625e+06	1.00625e+06	985500	
1.0025e+06	993000	1.00125e+06	1.0025e+06	1.0075e+06	
988000	1.02125e+06	1.00175e+06	993500	1.01375e+06	
1.00625e+06	1.00875e+06	979000	1.01125e+06	997500	
1.04775e+06	1.0345e+06	1.03275e+06	1.0395e+06	1.039e+06	
1.05725e+06	1.05225e+06	1.0535e+06	1.04225e+06	1.06225e+06	
1.078e+06	1.05475e+06	1.09375e+06	1.05925e+06	1.07175e+06	
1.056e+06	1.08375e+06	1.07675e+06	1.0635e+06	1.05725e+06	
1.071e+06	1.0685e+06	1.073e+06	1.06225e+06	1.073e+06	
1.08425e+06	1.09825e+06	1.07925e+06	1.092e+06	1.08625e+06	
1.10075e+06	1.08425e+06	1.11275e+06	1.107e+06	1.09075e+06	
1.08675e+06	1.08175e+06	1.07625e+06	1.10125e+06	1.1e+06	
1.1355e+06	1.1315e+06	1.1215e+06	1.11525e+06	1.1335e+06	
1.17825e+06	1.18325e+06	1.15625e+06	1.1915e+06	1.14875e+06	
1.2235e+06	1.2015e+06	1.182e+06	1.22625e+06	1.20475e+06	
1.23925e+06	1.24875e+06	1.22425e+06	1.20975e+06	1.2155e+06	
1.21475e+06	1.2375e+06	1.21475e+06	1.20975e+06	1.21925e+06	
1.2305e+06	1.2185e+06	1.17325e+06	1.21925e+06	1.22925e+06	
1.21175e+06	1.199e+06	1.20775e+06	1.23675e+06	1.223e+06	
1.189e+06	1.1865e+06	1.221e+06	1.20275e+06	1.18075e+06	
1.184e+06	1.18775e+06	1.18025e+06	1.18075e+06	1.187e+06	
1.19075e+06	1.158e+06	1.19325e+06	1.192e+06	1.189e+06	
1.201e+06	1.19275e+06	1.22175e+06	1.18525e+06	1.213e+06	
1.22675e+06	1.24075e+06	1.2565e+06	1.27225e+06	1.23875e+06	
1.2785e+06	1.2645e+06	1.2695e+06	1.269e+06	1.291e+06	
1.28475e+06	1.28675e+06	1.26775e+06	1.2595e+06	1.298e+06	
1.2495e+06	1.26825e+06	1.2155e+06	1.29175e+06	1.24325e+06	
1.2305e+06	1.22225e+06	1.24075e+06	1.25e+06	1.25e+06	
1.238e+06	1.245e+06	1.25575e+06	1.262e+06	1.2735e+06	
1.27525e+06	1.26825e+06	1.25575e+06	1.25325e+06	1.28525e+06	
1.2255e+06	1.24325e+06	1.2425e+06	1.23425e+06	1.23375e+06	
1.18025e+06	1.1985e+06	1.18325e+06	1.1865e+06	1.2085e+06	
1.187e+06	1.196e+06	1.21225e+06	1.18325e+06	1.17325e+06	
1.19325e+06	1.211e+06	1.225e+06	1.1725e+06	1.19325e+06	
1.129e+06	1.14175e+06	1.1405e+06	1.15675e+06	1.1215e+06	
1.12025e+06	1.15425e+06	1.143e+06	1.12475e+06	1.1185e+06	
1.1215e+06	1.13725e+06	1.11325e+06	1.1145e+06	1.13475e+06	
1.1555e+06	1.14475e+06	1.15425e+06	1.1775e+06	1.175e+06	
1.12975e+06	1.14725e+06	1.1265e+06	1.14175e+06	1.146e+06	
1.19975e+06	1.18575e+06	1.20025e+06	1.19325e+06	1.21475e+06	
1.27975e+06	1.2235e+06	1.24825e+06	1.28525e+06	1.267e+06	
1.2905e+06	1.27025e+06	1.2935e+06	1.2815e+06	1.2715e+06	
1.25075e+06	1.28525e+06	1.32075e+06	1.28675e+06	1.28025e+06	
1.28675e+06	1.28925e+06	1.3105e+06	1.27775e+06	1.291e+06	
1.29925e+06	1.32625e+06	1.30425e+06	1.34525e+06	1.32575e+06	
1.40075e+06	1.3705e+06	1.38625e+06	1.3875e+06	1.37925e+06	
1.429e+06	1.443e+06	1.43525e+06	1.402e+06	1.44975e+06	
1.4655e+06	1.44425e+06	1.429e+06	1.44975e+06	1.42775e+06	
1.436e+06	1.3755e+06	1.4115e+06	1.405e+06	1.39375e+06	
1.3655e+06	1.371e+06	1.36675e+06	1.349e+06	1.36225e+06	
1.30625e+06	1.32625e+06	1.30925e+06	1.305e+06	1.31175e+06	
1.33825e+06	1.315e+06	1.35775e+06	1.32575e+06	1.332e+06	
1.368e+06	1.3825e+06	1.37225e+06	1.3485e+06	1.3565e+06	
1.368e+06	1.42475e+06	1.424e+06	1.4385e+06	1.39375e+06	
1.46125e+06	1.4795e+06	1.4655e+06	1.44175e+06	1.49775e+06	
1.4315e+06	1.40625e+06	1.3905e+06	1.3945e+06	1.3855e+06	
1.36725e+06	1.359e+06	1.34525e+06	1.37875e+06	1.3365e+06	
1.32375e+06	1.2835e+06	1.31625e+06	1.303e+06	1.30925e+06	
1.238e+06	1.21225e+06	1.2375e+06	1.21675e+06	1.2475e+06	
1.1725e+06	1.163e+06	1.1725e+06	1.18325e+06	1.19075e+06	
1.187e+06	1.18075e+06	1.17e+06	1.12025e+06	1.17375e+06	
1.17375e+06	1.177e+06	1.16e+06	1.1695e+06	1.18075e+06	
1.24625e+06	1.2425e+06	1.206e+06	1.221e+06	1.20275e+06	
1.327e+06	1.30175e+06	1.2815e+06	1.296e+06	1.29675e+06	
1.43025e+06	1.4045e+06	1.41525e+06	1.41325e+06	1.41575e+06	
1.463e+06	1.46125e+06	1.42775e+06	1.436e+06	1.43475e+06	
1.46e+06	1.453e+06	1.45425e+06	1.4455e+06	1.42475e+06	
1.44225e+06	1.419e+06	1.4285e+06	1.41825e+06	1.42025e+06	
1.4575e+06	1.45875e+06	1.43225e+06	1.443e+06	1.436e+06	
1.47125e+06	1.468e+06	1.455e+06	1.4625e+06	1.43975e+06	
1.53675e+06	1.504e+06	1.499e+06	1.489e+06	1.501e+06	
1.46925e+06	1.51525e+06	1.51475e+06	1.4915e+06	1.4895e+06	
1.50475e+06	1.5185e+06	1.49525e+06	1.49025e+06	1.5065e+06	
1.487e+06	1.4865e+06	1.52475e+06	1.533e+06	1.49525e+06	
1.5015e+06	1.50525e+06	1.50725e+06	1.468e+06	1.492e+06	
1.49775e+06	1.557e+06	1.49525e+06	1.5645e+06	1.50025e+06	
1.6205e+06	1.58775e+06	1.5915e+06	1.59225e+06	1.598e+06	
1.6785e+06	1.722e+06	1.6925e+06	1.69e+06	1.69675e+06	
1.77825e+06	1.7535e+06	1.739e+06	1.777e+06	1.73275e+06	
1.7775e+06	1.80075e+06	1.76675e+06	1.78875e+06	1.81975e+06	
1.79825e+06	1.82425e+06	1.8045e+06	1.80525e+06	1.777e+06	
1.8425e+06	1.8525e+06	1.87825e+06	1.85575e+06	1.87275e+06	
1.952e+06	1.94575e+06	1.915e+06	1.949e+06	1.9595e+06	
1.8835e+06	1.90725e+06	1.91925e+06	1.88275e+06	1.9135e+06	
1.82725e+06	1.79525e+06	1.777e+06	1.82425e+06	1.82225e+06	
1.66925e+06	1.688e+06	1.6105e+06	1.68625e+06	1.6875e+06	
1.47325e+06	1.48825e+06	1.46175e+06	1.4745e+06	1.48575e+06	
1.29975e+06	1.32075e+06	1.315e+06	1.30925e+06	1.325e+06	
1.2955e+06	1.257e+06	1.25575e+06	1.27275e+06	1.298e+06	
1.40125e+06	1.4075e+06	1.4075e+06	1.40825e+06	1.405e+06	
1.64575e+06	1.635e+06	1.63325e+06	1.6445e+06	1.63375e+06	
1.8355e+06	1.809e+06	1.79575e+06	1.83225e+06	1.7965e+06	
1.91625e+06	1.94075e+06	1.915e+06	1.97025e+06	1.94525e+06	
2.04525e+06	2.0345e+06	2.0175e+06	2.005e+06	1.971e+06	
1.94825e+06	1.95775e+06	1.97275e+06	1.9275e+06	1.93375e+06	
1.777e+06	1.78125e+06	1.734e+06	1.765e+06	1.75675e+06	
1.57775e+06	1.5545e+06	1.562e+06	1.584e+06	1.58475e+06	
1.42525e+06	1.4605e+06	1.4435e+06	1.42475e+06	1.42725e+06	
1.54175e+06	1.52725e+06	1.5305e+06	1.51275e+06	1.5865e+06	
1.82975e+06	1.862e+06	1.828e+06	1.862e+06	1.85875e+06	
2.1475e+06	2.1065e+06	2.14625e+06	2.12975e+06	2.11725e+06	
2.34525e+06	2.3195e+06	2.337e+06	2.39875e+06	2.39125e+06	
2.458e+06	2.458e+06	2.4505e+06	2.49275e+06	2.47375e+06	
2.55125e+06	2.5985e+06	2.5545e+06	2.557e+06	2.58925e+06	
2.60625e+06	2.61425e+06	2.62875e+06	2.58925e+06	2.59675e+06	
2.62625e+06	2.613e+06	2.64975e+06	2.58225e+06	2.63775e+06	
2.64075e+06	2.6805e+06	2.6705e+06	2.627e+06	2.661e+06	
2.659e+06	2.66925e+06	2.69425e+06	2.70075e+06	2.70375e+06	
2.74225e+06	2.70575e+06	2.73525e+06	2.719e+06	2.7045e+06	
2.8455e+06	2.8745e+06	2.87575e+06	2.82925e+06	2.833e+06	
2.857e+06	2.88775e+06	2.89225e+06	2.81725e+06	2.8235e+06	
2.92175e+06	2.961e+06	2.8715e+06	2.9035e+06	2.86e+06	
2.906e+06	2.98425e+06	2.97175e+06	3.00875e+06	2.937e+06	
2.88475e+06	2.981e+06	2.92125e+06	2.94575e+06	2.9415e+06	
2.877e+06	2.8715e+06	2.82175e+06	2.80475e+06	2.84425e+06	
2.90925e+06	2.9495e+06	2.879e+06	2.9105e+06	2.8165e+06	
2.95775e+06	3.00125e+06	2.94025e+06	2.97675e+06	2.90425e+06	
2.95025e+06	2.896e+06	2.87575e+06	2.8765e+06	2.91375e+06	
2.9295e+06	2.889e+06	2.862e+06	2.9155e+06	2.8935e+06	
2.9345e+06	2.95775e+06	2.9205e+06	2.92175e+06	2.95075e+06	
2.98925e+06	2.9465e+06	2.92e+06	2.95325e+06	2.96725e+06	
2.913e+06	2.88525e+06	2.90925e+06	2.8745e+06	2.90725e+06	
2.821e+06	2.89725e+06	2.94775e+06	2.92e+06	2.89975e+06	
2.88225e+06	2.90725e+06	2.903e+06	2.90175e+06	2.925e+06	
2.877e+06	2.89425e+06	2.93075e+06	2.9035e+06	2.89275e+06	
2.97025e+06	2.9515e+06	3.00375e+06	2.97725e+06	3.01575e+06	
3.04525e+06	2.99625e+06	3.01075e+06	2.995e+06	3.0125e+06	
3.1115e+06	3.063e+06	3.1045e+06	3.0705e+06	3.11225e+06	
3.184e+06	3.174e+06	3.2205e+06	3.1355e+06	3.194e+06	
3.30375e+06	3.32325e+06	3.291e+06	3.35725e+06	3.3e+06	
3.31375e+06	3.366e+06	3.30125e+06	3.32325e+06	3.28725e+06	
3.21625e+06	3.271e+06	3.194e+06	3.22375e+06	3.191e+06	
3.04275e+06	3.05225e+06	3.02025e+06	3.07875e+06	3.03525e+06	
3.061e+06	3.00575e+06	2.971e+06	3.027e+06	3.007e+06	
3.097e+06	3.10575e+06	3.092e+06	3.07375e+06	3.08875e+06	
3.2785e+06	3.2785e+06	3.2345e+06	3.24575e+06	3.2855e+06	
3.46825e+06	3.45625e+06	3.41775e+06	3.42275e+06	3.4115e+06	
3.4215e+06	3.472e+06	3.44175e+06	3.4575e+06	3.4455e+06	
3.54825e+06	3.518e+06	3.547e+06	3.5185e+06	3.583e+06	
3.45e+06	3.50975e+06	3.51175e+06	3.4815e+06	3.5445e+06	
3.397e+06	3.47e+06	3.4355e+06	3.4675e+06	3.4965e+06	
3.37e+06	3.38875e+06	3.37625e+06	3.419e+06	3.484e+06	
3.52425e+06	3.56325e+06	3.53675e+06	3.52675e+06	3.51975e+06	
3.552e+06	3.562e+06	3.59175e+06	3.5375e+06	3.58225e+06	
3.49025e+06	3.54575e+06	3.545e+06	3.53125e+06	3.50725e+06	
3.5445e+06	3.58225e+06	3.545e+06	3.53675e+06	3.59925e+06	
3.5225e+06	3.4815e+06	3.5445e+06	3.542e+06	3.5225e+06	
3.5565e+06	3.57975e+06	3.58025e+06	3.6195e+06	3.5785e+06	
3.637e+06	3.68125e+06	3.651e+06	3.67925e+06	3.637e+06	
3.80275e+06	3.72975e+06	3.7625e+06	3.74925e+06	3.775e+06	
3.753e+06	3.81225e+06	3.712e+06	3.7695e+06	3.77825e+06	
3.65275e+06	3.68875e+06	3.69125e+06	3.666e+06	3.67425e+06	
3.583e+06	3.5715e+06	3.528e+06	3.59175e+06	3.6175e+06	
3.5475e+06	3.64025e+06	3.547e+06	3.571e+06	3.64325e+06	
3.64275e+06	3.6275e+06	3.63525e+06	3.61e+06	3.528e+06	
3.63075e+06	3.576e+06	3.60875e+06	3.63275e+06	3.57525e+06	
3.685e+06	3.69075e+06	3.663e+06	3.7485e+06	3.688e+06	
3.70575e+06	3.72525e+06	3.7145e+06	3.729e+06	3.758e+06	
3.7335e+06	3.73025e+06	3.7405e+06	3.68675e+06	3.663e+06	
3.63575e+06	3.66475e+06	3.734e+06	3.6485e+06	3.688e+06	
3.7725e+06	3.81025e+06	3.80025e+06	3.7405e+06	3.8155e+06	
3.884e+06	3.922e+06	3.88525e+06	3.918e+06	3.8665e+06	
3.9635e+06	4.014e+06	3.95525e+06	3.949e+06	4.0165e+06	
4.043e+06	4.034e+06	4.08575e+06	4.08125e+06	4.09075e+06	
4.06375e+06	4.0995e+06	4.06e+06	3.98675e+06	4.005e+06	
3.862e+06	3.89475e+06	3.8355e+06	3.88275e+06	3.91625e+06	
3.811e+06	3.8325e+06	3.8155e+06	3.852e+06	3.82875e+06	
3.8205e+06	3.83925e+06	3.79325e+06	3.78275e+06	3.799e+06	
3.7655e+06	3.74975e+06	3.797e+06	3.7655e+06	3.72025e+06	
3.8765e+06	3.847e+06	3.87325e+06	3.86575e+06	3.81475e+06	
3.99625e+06	4.02275e+06	3.97675e+06	3.9275e+06	3.98425e+06	
3.94825e+06	3.988e+06	4.031e+06	3.995e+06	4.04925e+06	
4.0675e+06	4.005e+06	4.0315e+06	4.046e+06	4.0455e+06	
3.99875e+06	4.04725e+06	4.08e+06	4.04925e+06	4.04025e+06	
3.93575e+06	3.89675e+06	4.0095e+06	3.96275e+06	3.9855e+06	
4.0335e+06	4.03525e+06	4.05875e+06	4.05675e+06	4.1015e+06	
4.143e+06	4.14125e+06	4.1865e+06	4.08825e+06	4.16325e+06	
4.0625e+06	4.053e+06	4.065e+06	4.0745e+06	4.07575e+06	
4.089e+06	4.09275e+06	4.10275e+06	4.08375e+06	4.07825e+06	
3.9035e+06	3.855e+06	3.9175e+06	3.874e+06	3.95975e+06	
3.90675e+06	3.91425e+06	4.02525e+06	3.95775e+06	3.91675e+06	
4.07125e+06	4.01125e+06	4.02525e+06	3.9875e+06	4.017e+06	
4.1065e+06	4.03025e+06	4.11525e+06	4.0485e+06	4.08575e+06	
4.04925e+06	4.04975e+06	4.01825e+06	3.99875e+06	4.04675e+06	
3.9415e+06	3.92e+06	3.9295e+06	3.898e+06	3.985e+06	
3.7555e+06	3.75425e+06	3.748e+06	3.75175e+06	3.73525e+06	
3.51725e+06	3.56975e+06	3.5425e+06	3.5855e+06	3.55075e+06	
3.28925e+06	3.3145e+06	3.3125e+06	3.3535e+06	3.298e+06	
3.2055e+06	3.23825e+06	3.186e+06	3.276e+06	3.19775e+06	
3.26725e+06	3.312e+06	3.3345e+06	3.35425e+06	3.3055e+06	
3.7895e+06	3.75625e+06	3.75675e+06	3.77875e+06	3.77575e+06	
4.16075e+06	4.1765e+06	4.10775e+06	4.12675e+06	4.1795e+06	
4.45e+06	4.41475e+06	4.4385e+06	4.37125e+06	4.45425e+06	
4.341e+06	4.361e+06	4.3655e+06	4.3825e+06	4.37625e+06	
4.3555e+06	4.4095e+06	4.3945e+06	4.37375e+06	4.38875e+06	
4.48075e+06	4.426e+06	4.4555e+06	4.45375e+06	4.38325e+06	
4.4405e+06	4.45e+06	4.52e+06	4.4675e+06	4.50925e+06	
4.172e+06	4.269e+06	4.179e+06	4.20425e+06	4.19025e+06	
4.2835e+06	4.194e+06	4.237e+06	4.278e+06	4.27225e+06	
4.4045e+06	4.41025e+06	4.39e+06	4.34525e+06	4.4095e+06	
4.53375e+06	4.562e+06	4.5175e+06	4.547e+06	4.54325e+06	
4.58425e+06	4.61575e+06	4.61875e+06	4.6775e+06	4.6705e+06	
4.7435e+06	4.71275e+06	4.70325e+06	4.847e+06	4.6775e+06	
4.985e+06	4.96425e+06	4.9705e+06	4.9565e+06	5.01325e+06	
5.00625e+06	4.99375e+06	4.99375e+06	4.96675e+06	4.9975e+06	
5.014e+06	5.0385e+06	5.0095e+06	5.00825e+06	5.04425e+06	
4.88275e+06	4.9275e+06	4.9295e+06	4.94075e+06	4.87975e+06	
4.8785e+06	4.87525e+06	4.87975e+06	4.862e+06	4.90175e+06	
4.73025e+06	4.69875e+06	4.746e+06	4.7355e+06	4.73475e+06	
4.56725e+06	4.5835e+06	4.54325e+06	4.59675e+06	4.593e+06	
4.46125e+06	4.465e+06	4.453e+06	4.42725e+06	4.4715e+06	
4.65025e+06	4.6415e+06	4.646e+06	4.71725e+06	4.6945e+06	
4.898e+06	4.90125e+06	4.842e+06	4.9025e+06	4.8855e+06	
4.95725e+06	4.88975e+06	4.87225e+06	4.91575e+06	4.898e+06	
4.93775e+06	4.966e+06	4.9195e+06	4.85525e+06	4.91e+06	
4.94525e+06	4.84625e+06	4.898e+06	4.87525e+06	4.891e+06	
5.051e+06	5.0165e+06	5.04725e+06	5.121e+06	5.02025e+06	
5.1835e+06	5.2055e+06	5.1745e+06	5.15575e+06	5.1835e+06	
5.397e+06	5.38625e+06	5.39275e+06	5.38e+06	5.40775e+06	
5.3825e+06	5.38e+06	5.36175e+06	5.3675e+06	5.32075e+06	
5.52375e+06	5.51425e+06	5.48725e+06	5.559e+06	5.51425e+06	
5.51625e+06	5.52875e+06	5.5835e+06	5.53575e+06	5.55075e+06	
5.53825e+06	5.53e+06	5.5085e+06	5.56225e+06	5.4965e+06	
5.4255e+06	5.486e+06	5.513e+06	5.4045e+06	5.33025e+06	
5.5005e+06	5.547e+06	5.44425e+06	5.44875e+06	5.4885e+06	
5.59e+06	5.5585e+06	5.554e+06	5.54575e+06	5.49525e+06	
5.649e+06	5.63775e+06	5.61575e+06	5.6095e+06	5.5375e+06	
5.632e+06	5.6965e+06	5.60375e+06	5.69075e+06	5.59375e+06	
5.67675e+06	5.54075e+06	5.60575e+06	5.54e+06	5.56725e+06	
5.43925e+06	5.4235e+06	5.4255e+06	5.3895e+06	5.4235e+06	
5.261e+06	5.2615e+06	5.271e+06	5.26275e+06	5.36375e+06	
5.46575e+06	5.4625e+06	5.4505e+06	5.48025e+06	5.433e+06	
5.561e+06	5.636e+06	5.5955e+06	5.4625e+06	5.60575e+06	
5.6585e+06	5.7115e+06	5.6675e+06	5.6825e+06	5.6175e+06	
5.9145e+06	5.82425e+06	5.8735e+06	5.86775e+06	5.837e+06	
5.8805e+06	5.944e+06	5.86025e+06	5.903e+06	5.869e+06	
5.94025e+06	5.83e+06	5.85325e+06	5.86775e+06	5.85075e+06	
5.88175e+06	5.94975e+06	5.89175e+06	5.874e+06	5.98125e+06	
5.8805e+06	5.8615e+06	5.891e+06	5.8885e+06	5.90625e+06	
5.97175e+06	5.9805e+06	6.00125e+06	5.8905e+06	5.9995e+06	
5.9975e+06	6.10475e+06	6.0165e+06	6.05675e+06	6.07125e+06	
5.9995e+06	6.0115e+06	6.014e+06	6.02775e+06	6.05925e+06	
6.17725e+06	6.15075e+06	6.19725e+06	6.1445e+06	6.1615e+06	
6.334e+06	6.34725e+06	6.40725e+06	6.309e+06	6.314e+06	
6.22325e+06	6.259e+06	6.271e+06	6.222e+06	6.22325e+06	
6.17725e+06	6.1715e+06	6.20675e+06	6.16025e+06	6.23525e+06	
6.23575e+06	6.217e+06	6.2395e+06	6.2365e+06	6.28625e+06	
6.02475e+06	6.02525e+06	6.00575e+06	6.04475e+06	6.08525e+06	
5.93075e+06	5.932e+06	5.95725e+06	5.9535e+06	5.92325e+06	
5.85525e+06	5.74425e+06	5.71525e+06	5.75125e+06	5.7595e+06	
5.86325e+06	5.82175e+06	5.823e+06	5.82875e+06	5.9415e+06	
5.98e+06	5.88225e+06	5.886e+06	5.92825e+06	5.8905e+06	
6.05175e+06	6.09775e+06	6.04875e+06	6.077e+06	6.033e+06	
6.04675e+06	6.06625e+06	6.1105e+06	5.9345e+06	6.08825e+06	
6.07325e+06	6.072e+06	6.017e+06	5.968e+06	5.99875e+06	
6.0605e+06	6.02975e+06	6.04675e+06	6.002e+06	6.0745e+06	
6.12925e+06	6.1305e+06	6.16275e+06	6.179e+06	6.14625e+06	
6.1765e+06	6.12625e+06	6.104e+06	6.1135e+06	6.1105e+06	
6.3115e+06	6.2805e+06	6.251e+06	6.20625e+06	6.29175e+06	
6.2905e+06	6.3075e+06	6.198e+06	6.302e+06	6.208e+06	
6.326e+06	6.435e+06	6.232e+06	6.2925e+06	6.261e+06	
6.41025e+06	6.5005e+06	6.5245e+06	6.5375e+06	6.409e+06	
6.30825e+06	6.40275e+06	6.3045e+06	6.39275e+06	6.41225e+06	
6.247e+06	6.32475e+06	6.2875e+06	6.309e+06	6.26725e+06	
6.322e+06	6.27425e+06	6.22825e+06	6.256e+06	6.24575e+06	
6.2365e+06	6.3655e+06	6.17225e+06	6.2175e+06	6.309e+06	
6.33775e+06	6.3405e+06	6.283e+06	6.37625e+06	6.2905e+06	
6.336e+06	6.29875e+06	6.2825e+06	6.2485e+06	6.26475e+06	
6.29825e+06	6.29125e+06	6.28175e+06	6.29e+06	6.30325e+06	
6.43875e+06	6.5005e+06	6.387e+06	6.28625e+06	6.3505e+06	
6.3315e+06	6.36375e+06	6.4495e+06	6.25025e+06	6.30375e+06	
6.56775e+06	6.481e+06	6.49475e+06	6.52625e+06	6.55525e+06	
6.5375e+06	6.55475e+06	6.486e+06	6.508e+06	6.55025e+06	
6.617e+06	6.653e+06	6.576e+06	6.5805e+06	6.5855e+06	
6.815e+06	6.63775e+06	6.68575e+06	6.7045e+06	6.733e+06	
6.64275e+06	6.66875e+06	6.699e+06	6.67125e+06	6.65425e+06	
6.67375e+06	6.64925e+06	6.6585e+06	6.65175e+06	6.56025e+06	
6.7935e+06	6.67375e+06	6.71975e+06	6.61e+06	6.69525e+06	
6.65175e+06	6.64975e+06	6.673e+06	6.6435e+06	6.67375e+06	
6.61325e+06	6.58175e+06	6.59175e+06	6.63525e+06	6.68825e+06	
6.6045e+06	6.57675e+06	6.6485e+06	6.5325e+06	6.56225e+06	
6.593e+06	6.59875e+06	6.573e+06	6.60125e+06	6.617e+06	
6.542e+06	6.52125e+06	6.547e+06	6.4495e+06	6.43125e+06	
6.7085e+06	6.59875e+06	6.64225e+06	6.57675e+06	6.6095e+06	
6.6965e+06	6.634e+06	6.711e+06	6.66625e+06	6.636e+06	
6.842e+06	6.91e+06	6.75175e+06	6.88175e+06	6.83375e+06	
6.7015e+06	6.673e+06	6.6725e+06	6.65175e+06	6.639e+06	
6.63975e+06	6.59125e+06	6.58425e+06	6.622e+06	6.68375e+06	
6.78975e+06	6.71225e+06	6.6655e+06	6.64675e+06	6.74125e+06	
6.76575e+06	6.75375e+06	6.738e+06	6.7795e+06	6.76825e+06	
6.88675e+06	6.84125e+06	6.869e+06	6.88475e+06	6.89375e+06	
6.903e+06	6.82125e+06	6.8055e+06	6.83075e+06	6.82675e+06	
7.06e+06	7.002e+06	7.04375e+06	7.08025e+06	7.1135e+06	
7.11725e+06	7.0815e+06	6.9675e+06	7.07525e+06	7.04175e+06	
7.1015e+06	7.058e+06	7.094e+06	7.082e+06	7.0915e+06	
7.04625e+06	7.06125e+06	6.97675e+06	6.9535e+06	6.97925e+06	
7.03675e+06	7.012e+06	7.10675e+06	7.00075e+06	7.08075e+06	
6.837e+06	6.92275e+06	6.9245e+06	6.90125e+06	6.8105e+06	
7.0355e+06	7.033e+06	6.98175e+06	7.05e+06	6.98125e+06	
7.14625e+06	7.0865e+06	7.14875e+06	7.12875e+06	7.1325e+06	
7.2975e+06	7.25475e+06	7.37375e+06	7.30125e+06	7.2945e+06	
7.60375e+06	7.53525e+06	7.50925e+06	7.537e+06	7.4015e+06	
7.64425e+06	7.5925e+06	7.46325e+06	7.593e+06	7.612e+06	
7.554e+06	7.5325e+06	7.53775e+06	7.45575e+06	7.522e+06	
7.515e+06	7.46775e+06	7.4785e+06	7.42175e+06	7.4475e+06	
7.65225e+06	7.573e+06	7.61275e+06	7.58e+06	7.57425e+06	
7.65175e+06	7.59875e+06	7.66875e+06	7.6045e+06	7.663e+06	
7.7425e+06	7.733e+06	7.7065e+06	7.74625e+06	7.70775e+06	
8.03425e+06	8.04875e+06	7.9945e+06	7.9535e+06	7.93075e+06	
7.953e+06	7.944e+06	7.93225e+06	8.016e+06	7.85325e+06	
7.941e+06	7.98575e+06	7.97625e+06	7.97375e+06	8.00775e+06	
8.06625e+06	7.97175e+06	7.96925e+06	7.927e+06	7.96625e+06	
7.97675e+06	8.0695e+06	8.02475e+06	7.9675e+06	7.907e+06	
8.02475e+06	8.03925e+06	8.094e+06	7.96925e+06	7.96175e+06	
8.09975e+06	7.99325e+06	7.99e+06	8.06075e+06	7.9845e+06	
8.29575e+06	8.3555e+06	8.2315e+06	8.23525e+06	8.17925e+06	
8.34675e+06	8.44325e+06	8.47475e+06	8.3405e+06	8.312e+06	
8.66875e+06	8.5655e+06	8.6965e+06	8.67325e+06	8.66425e+06	
8.6095e+06	8.59825e+06	8.5975e+06	8.515e+06	8.6385e+06	
8.57425e+06	8.5975e+06	8.68575e+06	8.74875e+06	8.7115e+06	
8.6405e+06	8.69075e+06	8.675e+06	8.62025e+06	8.66825e+06	
8.8855e+06	8.98125e+06	9.0035e+06	8.87475e+06	8.90325e+06	
9.04375e+06	8.8825e+06	8.948e+06	8.98825e+06	8.95225e+06	
8.8805e+06	8.885e+06	8.95425e+06	8.9215e+06	8.9215e+06	
9.14525e+06	9.2605e+06	9.244e+06	9.17475e+06	9.147e+06	
9.1635e+06	9.074e+06	9.212e+06	9.1975e+06	9.229e+06	
9.09275e+06	9.21125e+06	9.1685e+06	9.18475e+06	9.103e+06	
9.2605e+06	9.127e+06	9.26175e+06	9.253e+06	9.25475e+06	
9.46475e+06	9.428e+06	9.43125e+06	9.42125e+06	9.48925e+06	
9.44575e+06	9.4545e+06	9.44775e+06	9.374e+06	9.4445e+06	
9.677e+06	9.5755e+06	9.435e+06	9.60075e+06	9.53075e+06	
9.47525e+06	9.5095e+06	9.51325e+06	9.428e+06	9.46025e+06	
9.45075e+06	9.718e+06	9.5725e+06	9.47975e+06	9.54725e+06	
9.52e+06	9.508e+06	9.6e+06	9.46775e+06	9.56225e+06	
9.59625e+06	9.58425e+06	9.5175e+06	9.534e+06	9.573e+06	
9.4735e+06	9.4345e+06	9.53275e+06	9.4835e+06	9.47975e+06	
9.78225e+06	9.63675e+06	9.66875e+06	9.67825e+06	9.612e+06	
9.5585e+06	9.5055e+06	9.50675e+06	9.544e+06	9.49175e+06	
9.31975e+06	9.292e+06	9.348e+06	9.23525e+06	9.37325e+06	
8.784e+06	8.6625e+06	8.78025e+06	8.68775e+06	8.6895e+06	
8.48975e+06	8.47525e+06	8.5245e+06	8.4305e+06	8.40975e+06	
8.40975e+06	8.38325e+06	8.3645e+06	8.38275e+06	8.384e+06	
8.59375e+06	8.71975e+06	8.67125e+06	8.74575e+06	8.689e+06	
9.14e+06	9.11625e+06	9.07325e+06	9.08775e+06	9.06325e+06	
9.3865e+06	9.43625e+06	9.3885e+06	9.48175e+06	9.38725e+06	
9.82875e+06	9.7715e+06	9.776e+06	9.78275e+06	9.82575e+06	
9.92525e+06	9.8365e+06	9.88125e+06	9.7815e+06	9.9775e+06	
9.84075e+06	9.8195e+06	9.863e+06	9.842e+06	9.69525e+06	
9.8755e+06	9.88875e+06	9.93025e+06	9.813e+06	9.93275e+06	
1.02245e+07	1.02178e+07	1.02228e+07	1.0253e+07	1.02058e+07	
1.0539e+07	1.04912e+07	1.05278e+07	1.0498e+07	1.04968e+07	
1.07068e+07	1.0645e+07	1.06998e+07	1.07042e+07	1.0655e+07	
1.06885e+07	1.05755e+07	1.06292e+07	1.06082e+07	1.0587e+07	
1.07338e+07	1.07515e+07	1.07532e+07	1.0759e+07	1.0645e+07	
1.0515e+07	1.04532e+07	1.04912e+07	1.04798e+07	1.04905e+07	
1.03658e+07	1.03732e+07	1.04255e+07	1.03935e+07	1.03878e+07	
1.03185e+07	1.02875e+07	1.026e+07	1.01495e+07	1.0096e+07	
1.02075e+07	1.0287e+07	1.03745e+07	1.0234e+07	1.02058e+07	
1.04925e+07	1.04268e+07	1.04652e+07	1.04735e+07	1.0396e+07	
1.08175e+07	1.0793e+07	1.08282e+07	1.0757e+07	1.07502e+07	
1.07848e+07	1.0834e+07	1.07578e+07	1.07358e+07	1.07702e+07	
1.07648e+07	1.07885e+07	1.07028e+07	1.07218e+07	1.07495e+07	
1.0979e+07	1.09972e+07	1.08585e+07	1.089e+07	1.0827e+07	
1.1052e+07	1.10658e+07	1.10942e+07	1.10552e+07	1.10558e+07	
1.11818e+07	1.11772e+07	1.1287e+07	1.1173e+07	1.12945e+07	
1.1226e+07	1.1122e+07	1.11182e+07	1.11345e+07	1.12555e+07	
1.11918e+07	1.11105e+07	1.10918e+07	1.1168e+07	1.11805e+07	
1.11855e+07	1.11772e+07	1.1108e+07	1.11615e+07	1.11705e+07	
1.11945e+07	1.12252e+07	1.12522e+07	1.1258e+07	1.11548e+07	
1.12328e+07	1.12232e+07	1.12795e+07	1.1372e+07	1.11888e+07	
1.13152e+07	1.1406e+07	1.12908e+07	1.12712e+07	1.12422e+07	
1.13185e+07	1.13942e+07	1.14138e+07	1.11958e+07	1.12902e+07	
1.12385e+07	1.13355e+07	1.1272e+07	1.12692e+07	1.1226e+07	
1.10525e+07	1.10822e+07	1.10905e+07	1.1033e+07	1.1071e+07	
1.0979e+07	1.09562e+07	1.10275e+07	1.09082e+07	1.09758e+07	
1.09972e+07	1.1098e+07	1.097e+07	1.09878e+07	1.09468e+07	
1.113e+07	1.10948e+07	1.12e+07	1.11805e+07	1.11472e+07	
1.13218e+07	1.12328e+07	1.12405e+07	1.11975e+07	1.11982e+07	
1.12302e+07	1.12108e+07	1.12315e+07	1.1195e+07	1.12038e+07	
1.10695e+07	1.10998e+07	1.1074e+07	1.10658e+07	1.1004e+07	
1.0832e+07	1.08648e+07	1.10185e+07	1.08005e+07	1.0803e+07	
1.08402e+07	1.0844e+07	1.0917e+07	1.05832e+07	1.08138e+07	
1.08502e+07	1.081e+07	1.0752e+07	1.08225e+07	1.07042e+07	
1.08175e+07	1.07608e+07	1.08092e+07	1.07358e+07	1.06858e+07	
1.07218e+07	1.07975e+07	1.08278e+07	1.0754e+07	1.07458e+07	
1.08428e+07	1.0747e+07	1.08315e+07	1.07892e+07	1.0885e+07	
1.11515e+07	1.1108e+07	1.09882e+07	1.09915e+07	1.105e+07	
1.12082e+07	1.12978e+07	1.12335e+07	1.11428e+07	1.11402e+07	
1.11615e+07	1.13185e+07	1.12588e+07	1.1151e+07	1.11162e+07	
1.11288e+07	1.11175e+07	1.12208e+07	1.1071e+07	1.10475e+07	
1.09852e+07	1.09662e+07	1.09505e+07	1.0946e+07	1.0994e+07	
1.10728e+07	1.1171e+07	1.11415e+07	1.111e+07	1.11585e+07	
1.13152e+07	1.13248e+07	1.12978e+07	1.1159e+07	1.11868e+07	
1.1345e+07	1.14805e+07	1.13798e+07	1.1389e+07	1.13828e+07	
1.16715e+07	1.16532e+07	1.15385e+07	1.15062e+07	1.16575e+07	
1.1669e+07	1.159e+07	1.1711e+07	1.16582e+07	1.15915e+07	
1.17218e+07	1.17218e+07	1.18e+07	1.17955e+07	1.18518e+07	
1.1403e+07	1.15228e+07	1.14772e+07	1.14622e+07	1.15012e+07	
1.15138e+07	1.1498e+07	1.157e+07	1.15195e+07	1.14835e+07	
1.13872e+07	1.14395e+07	1.13028e+07	1.12655e+07	1.13462e+07	
1.12775e+07	1.12392e+07	1.12075e+07	1.11888e+07	1.11578e+07	
1.1231e+07	1.11982e+07	1.12132e+07	1.12498e+07	1.10942e+07	
1.12025e+07	1.113e+07	1.11932e+07	1.11668e+07	1.11938e+07	
1.15228e+07	1.15625e+07	1.15982e+07	1.14772e+07	1.15125e+07	
1.15638e+07	1.1546e+07	1.15178e+07	1.1502e+07	1.15915e+07	
1.16085e+07	1.16425e+07	1.15435e+07	1.15428e+07	1.15372e+07	
1.15258e+07	1.15322e+07	1.15245e+07	1.14495e+07	1.1493e+07	
1.1304e+07	1.15008e+07	1.14692e+07	1.13512e+07	1.14548e+07	
1.12878e+07	1.13942e+07	1.1415e+07	1.1406e+07	1.15625e+07	
1.16268e+07	1.15322e+07	1.16595e+07	1.15505e+07	1.15625e+07	
1.17842e+07	1.17872e+07	1.1895e+07	1.17138e+07	1.17358e+07	
1.15585e+07	1.15995e+07	1.15932e+07	1.16808e+07	1.16292e+07	
1.16078e+07	1.14995e+07	1.1626e+07	1.15158e+07	1.15535e+07	
1.16438e+07	1.1764e+07	1.17768e+07	1.1655e+07	1.1558e+07	
1.1478e+07	1.1476e+07	1.14362e+07	1.14955e+07	1.15328e+07	
1.1384e+07	1.13495e+07	1.13615e+07	1.12832e+07	1.1219e+07	
1.14162e+07	1.14042e+07	1.1449e+07	1.13955e+07	1.14678e+07	
1.1171e+07	1.13412e+07	1.12132e+07	1.11805e+07	1.11892e+07	
1.11312e+07	1.11572e+07	1.1205e+07	1.11722e+07	1.1183e+07	
1.11792e+07	1.11788e+07	1.11748e+07	1.1202e+07	1.11602e+07	
1.12522e+07	1.1207e+07	1.12562e+07	1.1304e+07	1.12668e+07	
1.13235e+07	1.14075e+07	1.13728e+07	1.13438e+07	1.13558e+07	
1.14622e+07	1.1444e+07	1.143e+07	1.13405e+07	1.136e+07	
1.12568e+07	1.13168e+07	1.13582e+07	1.11982e+07	1.12575e+07	
1.0759e+07	1.08672e+07	1.07962e+07	1.0793e+07	1.0917e+07	
1.03318e+07	1.0333e+07	1.03335e+07	1.0277e+07	1.03152e+07	
1.01672e+07	1.0122e+07	1.00658e+07	1.00615e+07	1.01665e+07	
1.03588e+07	1.02812e+07	1.01548e+07	1.0251e+07	1.01818e+07	
1.04238e+07	1.04268e+07	1.04275e+07	1.0374e+07	1.04138e+07	
1.0394e+07	1.0437e+07	1.04628e+07	1.0299e+07	1.03658e+07	
1.04702e+07	1.05012e+07	1.05428e+07	1.0483e+07	1.04848e+07	
1.07848e+07	1.07545e+07	1.06828e+07	1.07822e+07	1.08162e+07	
1.0965e+07	1.09228e+07	1.09385e+07	1.09492e+07	1.08692e+07	
1.12372e+07	1.1275e+07	1.12e+07	1.10922e+07	1.1197e+07	
1.13558e+07	1.1415e+07	1.12858e+07	1.1326e+07	1.13455e+07	
1.15315e+07	1.14232e+07	1.14375e+07	1.13915e+07	1.14995e+07	
1.15058e+07	1.14678e+07	1.1418e+07	1.1401e+07	1.14672e+07	
1.1592e+07	1.1633e+07	1.16218e+07	1.15e+07	1.1703e+07	
1.17255e+07	1.16802e+07	1.16318e+07	1.16065e+07	1.15378e+07	
1.18088e+07	1.17992e+07	1.1696e+07	1.16898e+07	1.17105e+07	
1.18465e+07	1.17648e+07	1.1682e+07	1.17502e+07	1.17458e+07	
1.16165e+07	1.1628e+07	1.1602e+07	1.15605e+07	1.16342e+07	
1.15252e+07	1.1534e+07	1.14805e+07	1.14628e+07	1.14648e+07	
1.1519e+07	1.15428e+07	1.15825e+07	1.14602e+07	1.15398e+07	
1.17255e+07	1.18025e+07	1.17648e+07	1.1682e+07	1.18138e+07	
1.19462e+07	1.18498e+07	1.19178e+07	1.18058e+07	1.19588e+07	
1.21332e+07	1.21025e+07	1.21e+07	1.2069e+07	1.20375e+07	
1.20288e+07	1.226e+07	1.2035e+07	1.20325e+07	1.22252e+07	
1.22422e+07	1.21055e+07	1.21062e+07	1.21535e+07	1.20508e+07	
1.20645e+07	1.21068e+07	1.21345e+07	1.20702e+07	1.21212e+07	
1.2127e+07	1.20142e+07	1.20885e+07	1.19732e+07	1.205e+07	
1.1866e+07	1.18888e+07	1.18598e+07	1.17358e+07	1.1861e+07	
1.1466e+07	1.1485e+07	1.1483e+07	1.14325e+07	1.14218e+07	
1.10615e+07	1.10495e+07	1.10362e+07	1.10368e+07	1.0982e+07	
1.11565e+07	1.11042e+07	1.11282e+07	1.1105e+07	1.1176e+07	
1.12808e+07	1.13848e+07	1.12455e+07	1.1297e+07	1.13632e+07	
1.15548e+07	1.15108e+07	1.16198e+07	1.14822e+07	1.1541e+07	
1.18125e+07	1.1885e+07	1.18332e+07	1.17138e+07	1.17955e+07	
1.20942e+07	1.20185e+07	1.19505e+07	1.1958e+07	1.20002e+07	
1.22865e+07	1.21448e+07	1.22638e+07	1.21912e+07	1.23972e+07	
1.23602e+07	1.24258e+07	1.233e+07	1.23268e+07	1.23985e+07	
1.22852e+07	1.22605e+07	1.23015e+07	1.2316e+07	1.23288e+07	
1.22695e+07	1.21792e+07	1.22972e+07	1.22738e+07	1.22518e+07	
1.2313e+07	1.22538e+07	1.2318e+07	1.22662e+07	1.22915e+07	
1.24042e+07	1.24578e+07	1.2442e+07	1.24988e+07	1.24245e+07	
1.24332e+07	1.2408e+07	1.24572e+07	1.24938e+07	1.24958e+07	
1.24792e+07	1.25145e+07	1.25025e+07	1.25008e+07	1.24692e+07	
1.25215e+07	1.23872e+07	1.2568e+07	1.24308e+07	1.25265e+07	
1.22198e+07	1.22618e+07	1.2217e+07	1.2137e+07	1.2127e+07	
1.20318e+07	1.19505e+07	1.19438e+07	1.18912e+07	1.18882e+07	
1.1812e+07	1.18498e+07	1.18402e+07	1.17478e+07	1.18345e+07	
1.17622e+07	1.1945e+07	1.18592e+07	1.18372e+07	1.19222e+07	
1.19518e+07	1.2016e+07	1.18945e+07	1.18422e+07	1.20135e+07	
1.18792e+07	1.20678e+07	1.20342e+07	1.19675e+07	1.20458e+07	
1.20412e+07	1.2129e+07	1.21345e+07	1.1987e+07	1.21068e+07	
1.196e+07	1.20342e+07	1.2006e+07	1.21295e+07	1.21162e+07	
1.22932e+07	1.22158e+07	1.20292e+07	1.21692e+07	1.2154e+07	
1.23338e+07	1.23772e+07	1.22285e+07	1.21842e+07	1.22525e+07	
1.23785e+07	1.24535e+07	1.2369e+07	1.24022e+07	1.2381e+07	
1.23482e+07	1.23155e+07	1.23582e+07	1.23412e+07	1.23458e+07	
1.22322e+07	1.22102e+07	1.22978e+07	1.22158e+07	1.22235e+07	
1.2018e+07	1.20765e+07	1.20338e+07	1.19712e+07	1.20495e+07	
1.2057e+07	1.2132e+07	1.20172e+07	1.18465e+07	1.21818e+07	
1.1984e+07	1.20778e+07	1.19725e+07	1.18688e+07	1.1941e+07	
1.20342e+07	1.2037e+07	1.1815e+07	1.19815e+07	1.2042e+07	
1.22472e+07	1.23065e+07	1.22852e+07	1.19795e+07	1.218e+07	
1.20848e+07	1.2255e+07	1.21465e+07	1.21195e+07	1.2219e+07	
1.21055e+07	1.20582e+07	1.2079e+07	1.20698e+07	1.21e+07	
1.21055e+07	1.22455e+07	1.20318e+07	1.2093e+07	1.20462e+07	
1.19455e+07	1.1972e+07	1.19442e+07	1.1982e+07	1.18598e+07	
1.17482e+07	1.1735e+07	1.16915e+07	1.1706e+07	1.16978e+07	
1.1686e+07	1.15505e+07	1.16575e+07	1.15882e+07	1.1633e+07	
1.15725e+07	1.1519e+07	1.1471e+07	1.1493e+07	1.1522e+07	
1.16178e+07	1.1587e+07	1.15762e+07	1.1493e+07	1.16512e+07	
1.1616e+07	1.1667e+07	1.17262e+07	1.1638e+07	1.17155e+07	
1.17345e+07	1.18648e+07	1.18385e+07	1.17558e+07	1.17445e+07	
1.18568e+07	1.1735e+07	1.17495e+07	1.17465e+07	1.17798e+07	
1.17255e+07	1.18112e+07	1.182e+07	1.17855e+07	1.1674e+07	
1.18908e+07	1.17648e+07	1.1793e+07	1.17855e+07	1.17602e+07	
1.17678e+07	1.18522e+07	1.17105e+07	1.18112e+07	1.18e+07	
1.19368e+07	1.18175e+07	1.17755e+07	1.17735e+07	1.17552e+07	
1.19135e+07	1.1885e+07	1.18398e+07	1.18705e+07	1.19392e+07	
1.18858e+07	1.19725e+07	1.20362e+07	1.189e+07	1.1933e+07	
1.18308e+07	1.18422e+07	1.1924e+07	1.1909e+07	1.17868e+07	
1.19632e+07	1.18555e+07	1.19422e+07	1.19512e+07	1.1962e+07	
1.20212e+07	1.20312e+07	1.20602e+07	1.2062e+07	1.1967e+07	
1.19102e+07	1.18465e+07	1.18088e+07	1.19492e+07	1.1841e+07	
1.19782e+07	1.19725e+07	1.18768e+07	1.19778e+07	1.19135e+07	
1.1866e+07	1.19475e+07	1.18888e+07	1.17792e+07	1.17698e+07	
1.17872e+07	1.1832e+07	1.18718e+07	1.17452e+07	1.1735e+07	
1.1907e+07	1.18568e+07	1.18522e+07	1.18308e+07	1.17678e+07	
1.16272e+07	1.1728e+07	1.16148e+07	1.16102e+07	1.16305e+07	
1.1587e+07	1.13802e+07	1.15618e+07	1.14358e+07	1.14995e+07	
1.1575e+07	1.16978e+07	1.16405e+07	1.16285e+07	1.16342e+07	
1.16795e+07	1.17055e+07	1.15568e+07	1.16368e+07	1.17225e+07	
1.18302e+07	1.16852e+07	1.1674e+07	1.17312e+07	1.16985e+07	
1.16852e+07	1.17445e+07	1.17142e+07	1.16475e+07	1.1669e+07	
1.17885e+07	1.17168e+07	1.18012e+07	1.18618e+07	1.1723e+07	
1.17925e+07	1.17408e+07	1.17872e+07	1.17768e+07	1.16595e+07	
1.18295e+07	1.18518e+07	1.17912e+07	1.17942e+07	1.1706e+07	
1.17275e+07	1.17988e+07	1.18332e+07	1.16222e+07	1.16488e+07	
1.1713e+07	1.17768e+07	1.1633e+07	1.1669e+07	1.16492e+07	
1.1655e+07	1.16682e+07	1.16588e+07	1.16298e+07	1.16488e+07	
1.17678e+07	1.16828e+07	1.1643e+07	1.15755e+07	1.16418e+07	
1.18378e+07	1.17772e+07	1.17872e+07	1.16512e+07	1.17532e+07	
1.17425e+07	1.16475e+07	1.17502e+07	1.17105e+07	1.17792e+07	
1.17155e+07	1.1703e+07	1.16915e+07	1.1551e+07	1.16898e+07	
1.1728e+07	1.15302e+07	1.16505e+07	1.164e+07	1.17992e+07	
1.17438e+07	1.15808e+07	1.16678e+07	1.1672e+07	1.16305e+07	
1.17805e+07	1.17465e+07	1.1677e+07	1.158e+07	1.16185e+07	
1.17565e+07	1.17822e+07	1.1715e+07	1.16322e+07	1.1621e+07	
1.1849e+07	1.1747e+07	1.17755e+07	1.1778e+07	1.18208e+07	
1.17975e+07	1.18208e+07	1.18882e+07	1.1776e+07	1.17748e+07	
1.18668e+07	1.18962e+07	1.1829e+07	1.18082e+07	1.17835e+07	
1.19178e+07	1.1868e+07	1.18332e+07	1.17558e+07	1.18095e+07	
1.15455e+07	1.1662e+07	1.1551e+07	1.15808e+07	1.16898e+07	
1.1713e+07	1.16342e+07	1.16972e+07	1.1623e+07	1.1628e+07	
1.14868e+07	1.14048e+07	1.15195e+07	1.15605e+07	1.1478e+07	
1.13462e+07	1.13608e+07	1.13475e+07	1.12248e+07	1.1311e+07	
1.14332e+07	1.14338e+07	1.1367e+07	1.13702e+07	1.13902e+07	
1.14428e+07	1.15208e+07	1.1352e+07	1.12915e+07	1.13455e+07	
1.1369e+07	1.13935e+07	1.1328e+07	1.13815e+07	1.1413e+07	
1.13852e+07	1.12398e+07	1.14332e+07	1.13798e+07	1.14238e+07	
1.11188e+07	1.10035e+07	1.10275e+07	1.11258e+07	1.10922e+07	
1.1084e+07	1.10135e+07	1.10432e+07	1.10035e+07	1.11332e+07	
1.10242e+07	1.10695e+07	1.10558e+07	1.1038e+07	1.10235e+07	
1.11415e+07	1.11055e+07	1.1151e+07	1.10695e+07	1.10425e+07	
1.11535e+07	1.1185e+07	1.1117e+07	1.11478e+07	1.1151e+07	
1.12895e+07	1.13595e+07	1.135e+07	1.12352e+07	1.12712e+07	
1.13002e+07	1.13695e+07	1.14105e+07	1.13028e+07	1.12732e+07	
1.14818e+07	1.14842e+07	1.15315e+07	1.14332e+07	1.13745e+07	
1.13678e+07	1.13815e+07	1.1379e+07	1.1396e+07	1.13615e+07	
1.12378e+07	1.12182e+07	1.12675e+07	1.12158e+07	1.12165e+07	
1.12202e+07	1.12762e+07	1.12592e+07	1.1314e+07	1.1265e+07	
1.12605e+07	1.12498e+07	1.1316e+07	1.13512e+07	1.12232e+07	
1.13865e+07	1.13312e+07	1.13198e+07	1.135e+07	1.14565e+07	
1.14748e+07	1.1362e+07	1.14705e+07	1.14358e+07	1.14162e+07	
1.14022e+07	1.1425e+07	1.14495e+07	1.13835e+07	1.14648e+07	
1.13418e+07	1.13545e+07	1.12845e+07	1.1333e+07	1.13462e+07	
1.13695e+07	1.13185e+07	1.1444e+07	1.13205e+07	1.1343e+07	
1.12485e+07	1.13885e+07	1.12568e+07	1.1403e+07	1.1306e+07	
1.12032e+07	1.1318e+07	1.12082e+07	1.11698e+07	1.12982e+07	
1.12145e+07	1.13418e+07	1.12195e+07	1.12202e+07	1.1086e+07	
1.1163e+07	1.11932e+07	1.1084e+07	1.11408e+07	1.12575e+07	
1.10368e+07	1.10922e+07	1.10652e+07	1.10955e+07	1.10338e+07	
1.10658e+07	1.11522e+07	1.10072e+07	1.10702e+07	1.11465e+07	
1.11578e+07	1.12062e+07	1.10848e+07	1.111e+07	1.11705e+07	
1.13222e+07	1.13052e+07	1.13285e+07	1.12045e+07	1.12518e+07	
1.1357e+07	1.13355e+07	1.13168e+07	1.12468e+07	1.12365e+07	
1.12095e+07	1.12965e+07	1.1214e+07	1.12782e+07	1.11905e+07	
1.1219e+07	1.1173e+07	1.1132e+07	1.11685e+07	1.12352e+07	
1.10748e+07	1.1103e+07	1.11755e+07	1.10408e+07	1.1023e+07	
1.10362e+07	1.10375e+07	1.1071e+07	1.10072e+07	1.09745e+07	
1.11602e+07	1.11572e+07	1.10408e+07	1.0967e+07	1.12202e+07	
1.10098e+07	1.10268e+07	1.09252e+07	1.09525e+07	1.10052e+07	
1.10048e+07	1.10078e+07	1.09512e+07	1.09392e+07	1.10028e+07	
1.09472e+07	1.0982e+07	1.09762e+07	1.09265e+07	1.09555e+07	
1.07648e+07	1.08825e+07	1.0754e+07	1.07325e+07	1.07818e+07	
1.0795e+07	1.07318e+07	1.073e+07	1.08485e+07	1.07495e+07	
1.07188e+07	1.07935e+07	1.0679e+07	1.08258e+07	1.07765e+07	
1.08925e+07	1.1016e+07	1.09738e+07	1.09302e+07	1.09368e+07	
1.09782e+07	1.09178e+07	1.09422e+07	1.1001e+07	1.0984e+07	
1.11528e+07	1.11515e+07	1.1038e+07	1.11245e+07	1.10218e+07	
1.112e+07	1.10735e+07	1.0992e+07	1.10578e+07	1.10772e+07	
1.12195e+07	1.1205e+07	1.11328e+07	1.12365e+07	1.1173e+07	
1.11958e+07	1.11642e+07	1.1159e+07	1.1047e+07	1.10578e+07	
1.113e+07	1.10052e+07	1.1113e+07	1.11012e+07	1.11552e+07	
1.10342e+07	1.11875e+07	1.1127e+07	1.11012e+07	1.10748e+07	
1.10192e+07	1.11182e+07	1.09882e+07	1.10148e+07	1.09298e+07	
1.10652e+07	1.09525e+07	1.10835e+07	1.0938e+07	1.09145e+07	
1.0771e+07	1.09065e+07	1.07578e+07	1.08e+07	1.0769e+07	
1.0791e+07	1.07652e+07	1.06745e+07	1.07892e+07	1.08025e+07	
1.07495e+07	1.0849e+07	1.09488e+07	1.0716e+07	1.07785e+07	
1.0752e+07	1.08295e+07	1.07722e+07	1.0812e+07	1.0754e+07	
1.0783e+07	1.08232e+07	1.08145e+07	1.07408e+07	1.08108e+07	
1.0924e+07	1.07715e+07	1.08132e+07	1.082e+07	1.0805e+07	
1.07475e+07	1.0725e+07	1.0749e+07	1.07698e+07	1.07268e+07	
1.07358e+07	1.07388e+07	1.07935e+07	1.07068e+07	1.07842e+07	
1.06525e+07	1.06475e+07	1.06778e+07	1.05808e+07	1.0563e+07	
1.0619e+07	1.05675e+07	1.06512e+07	1.0749e+07	1.06595e+07	
1.05182e+07	1.05215e+07	1.05965e+07	1.06108e+07	1.0587e+07	
1.06518e+07	1.05372e+07	1.05858e+07	1.0515e+07	1.04772e+07	
1.05195e+07	1.04925e+07	1.06858e+07	1.06575e+07	1.05265e+07	
1.0653e+07	1.059e+07	1.0701e+07	1.0587e+07	1.06562e+07	
1.06708e+07	1.07092e+07	1.0708e+07	1.06248e+07	1.06985e+07	
1.0706e+07	1.07502e+07	1.05912e+07	1.0713e+07	1.06115e+07	
1.072e+07	1.07068e+07	1.066e+07	1.06272e+07	1.07192e+07	
1.0752e+07	1.0689e+07	1.07975e+07	1.06885e+07	1.07225e+07	
1.07242e+07	1.07395e+07	1.0805e+07	1.08068e+07	1.0674e+07	
1.06122e+07	1.0641e+07	1.06708e+07	1.06052e+07	1.06965e+07	
1.08075e+07	1.08448e+07	1.08485e+07	1.06492e+07	1.07992e+07	
1.0861e+07	1.08e+07	1.07918e+07	1.07752e+07	1.07155e+07	
1.06372e+07	1.06752e+07	1.0776e+07	1.06675e+07	1.05978e+07	
1.08062e+07	1.06385e+07	1.07382e+07	1.0665e+07	1.07002e+07	
1.06998e+07	1.06688e+07	1.05792e+07	1.0762e+07	1.06815e+07	
1.07935e+07	1.0728e+07	1.07475e+07	1.07338e+07	1.06588e+07	
1.0643e+07	1.06765e+07	1.0549e+07	1.06998e+07	1.06542e+07	
1.06948e+07	1.06542e+07	1.05712e+07	1.06305e+07	1.06298e+07	
1.05585e+07	1.0471e+07	1.04515e+07	1.04842e+07	1.0464e+07	
1.03632e+07	1.03828e+07	1.03848e+07	1.04358e+07	1.0423e+07	
1.0323e+07	1.03645e+07	1.02245e+07	1.02505e+07	1.02302e+07	
1.02302e+07	1.03045e+07	1.02145e+07	1.01312e+07	1.03368e+07	
1.0338e+07	1.02612e+07	1.0217e+07	1.02252e+07	1.02965e+07	
1.03405e+07	1.02258e+07	1.04282e+07	1.0311e+07	1.02882e+07	
1.03348e+07	1.0275e+07	1.03052e+07	1.0304e+07	1.01892e+07	
1.02692e+07	1.0304e+07	1.01988e+07	1.02415e+07	1.01358e+07	
1.01735e+07	1.0081e+07	1.0171e+07	1.0181e+07	1.01338e+07	
1.0026e+07	9.994e+06	1.00575e+07	1.00362e+07	1.01288e+07	
9.692e+06	9.74825e+06	9.78475e+06	9.67825e+06	9.7035e+06	
9.5315e+06	9.43875e+06	9.40475e+06	9.3865e+06	9.362e+06	
9.14075e+06	9.12425e+06	9.17975e+06	9.1545e+06	9.195e+06	
9.21125e+06	9.11625e+06	9.10925e+06	9.011e+06	9.081e+06	
9.207e+06	9.09275e+06	9.17975e+06	9.04675e+06	9.15775e+06	
9.3385e+06	9.227e+06	9.2895e+06	9.32675e+06	9.178e+06	
9.4765e+06	9.3695e+06	9.41675e+06	9.437e+06	9.4635e+06	
9.40975e+06	9.3625e+06	9.32475e+06	9.31725e+06	9.326e+06	
9.55225e+06	9.44375e+06	9.48475e+06	9.53275e+06	9.44e+06	
9.47925e+06	9.406e+06	9.38775e+06	9.505e+06	9.4205e+06	
9.48725e+06	9.50175e+06	9.5925e+06	9.5465e+06	9.49625e+06	
9.44375e+06	9.457e+06	9.612e+06	9.5265e+06	9.503e+06	
9.38025e+06	9.5145e+06	9.44775e+06	9.54475e+06	9.38025e+06	
9.56725e+06	9.6165e+06	9.5895e+06	9.51875e+06	9.554e+06	
9.619e+06	9.55975e+06	9.541e+06	9.52125e+06	9.45775e+06	
9.48475e+06	9.469e+06	9.43625e+06	9.449e+06	9.57875e+06	
9.41875e+06	9.539e+06	9.52075e+06	9.4325e+06	9.39275e+06	
9.43125e+06	9.48175e+06	9.48975e+06	9.37075e+06	9.43375e+06	
9.40475e+06	9.3135e+06	9.36575e+06	9.367e+06	9.28875e+06	
9.34625e+06	9.31025e+06	9.34375e+06	9.21325e+06	9.355e+06	
9.379e+06	9.367e+06	9.2825e+06	9.33925e+06	9.27175e+06	
9.40975e+06	9.38725e+06	9.41175e+06	9.3385e+06	9.42875e+06	
9.595e+06	9.4275e+06	9.43575e+06	9.28625e+06	9.4275e+06	
9.3815e+06	9.365e+06	9.3505e+06	9.31975e+06	9.29575e+06	
9.38275e+06	9.401e+06	9.37e+06	9.495e+06	9.45525e+06	
9.437e+06	9.428e+06	9.411e+06	9.40175e+06	9.338e+06	
9.33225e+06	9.37275e+06	9.39025e+06	9.3475e+06	9.333e+06	
9.14275e+06	9.2605e+06	9.3165e+06	9.2415e+06	9.31725e+06	
9.3675e+06	9.33425e+06	9.3255e+06	9.29525e+06	9.27175e+06	
9.246e+06	9.29525e+06	9.22075e+06	9.1975e+06	9.166e+06	
9.3235e+06	9.3255e+06	9.3215e+06	9.38775e+06	9.19175e+06	
9.36575e+06	9.319e+06	9.261e+06	9.275e+06	9.29e+06	
9.25175e+06	9.26925e+06	9.37775e+06	9.27e+06	9.21075e+06	
9.37075e+06	9.34375e+06	9.28625e+06	9.21825e+06	9.31775e+06	
9.25175e+06	9.37825e+06	9.258e+06	9.1445e+06	9.29525e+06	
9.3385e+06	9.2965e+06	9.24925e+06	9.2675e+06	9.24475e+06	
9.10475e+06	9.1445e+06	9.132e+06	9.12125e+06	9.0835e+06	
9.15275e+06	9.169e+06	9.17025e+06	9.154e+06	9.2e+06	
9.091e+06	9.1445e+06	9.22275e+06	9.16225e+06	9.18425e+06	
9.0065e+06	9.06325e+06	9.07525e+06	9.1105e+06	9.1275e+06	
9.15325e+06	9.1925e+06	9.048e+06	9.0165e+06	9.106e+06	
9.17475e+06	9.181e+06	9.186e+06	9.12125e+06	9.24975e+06	
9.19e+06	9.27375e+06	9.278e+06	9.10225e+06	9.21625e+06	
9.32275e+06	9.307e+06	9.30575e+06	9.31725e+06	9.22825e+06	
9.17225e+06	9.241e+06	9.3165e+06	9.227e+06	9.2175e+06	
9.2295e+06	9.278e+06	9.2775e+06	9.28575e+06	9.27625e+06	
9.22275e+06	9.27875e+06	9.29125e+06	9.37325e+06	9.1905e+06	
9.22025e+06	9.34125e+06	9.32975e+06	9.26925e+06	9.2385e+06	
9.241e+06	9.38075e+06	9.27175e+06	9.2775e+06	9.24275e+06	
9.23525e+06	9.215e+06	9.23775e+06	9.21325e+06	9.2655e+06	
9.2485e+06	9.2705e+06	9.227e+06	9.28825e+06	9.20625e+06	
9.2175e+06	9.15575e+06	9.089e+06	9.14275e+06	9.123e+06	
9.19125e+06	9.22275e+06	9.29525e+06	9.2145e+06	9.297e+06	
9.21625e+06	9.19925e+06	9.1225e+06	9.25975e+06	9.2265e+06	
9.17475e+06	9.1785e+06	9.215e+06	9.094e+06	9.2125e+06	
9.18225e+06	9.195e+06	9.13375e+06	9.21e+06	9.19925e+06	
9.01475e+06	9.08725e+06	9.00975e+06	9.09675e+06	9.081e+06	
9.03925e+06	8.97825e+06	9.00275e+06	9.091e+06	9.08225e+06	
9.09475e+06	9.0885e+06	9.01225e+06	9.04175e+06	8.9875e+06	
9.089e+06	8.97e+06	9.055e+06	9.05875e+06	9.016e+06	
9.0285e+06	8.9945e+06	8.96375e+06	9.021e+06	8.88425e+06	
9.01525e+06	8.92525e+06	8.90575e+06	8.89625e+06	9.004e+06	
8.98075e+06	8.98325e+06	8.946e+06	8.97125e+06	8.842e+06	
8.9505e+06	9.10475e+06	9.0495e+06	8.94025e+06	9.00275e+06	
8.8735e+06	8.873e+06	8.8755e+06	8.87725e+06	8.7665e+06	
8.91125e+06	8.95875e+06	8.8825e+06	8.98575e+06	8.91325e+06	
8.89425e+06	9.069e+06	8.92025e+06	8.88425e+06	8.99825e+06	
8.9505e+06	8.803e+06	8.86475e+06	8.89125e+06	8.9555e+06	
8.832e+06	8.81925e+06	8.813e+06	8.77525e+06	8.7885e+06	
8.93975e+06	8.9265e+06	8.97325e+06	8.9745e+06	8.91125e+06	
8.84025e+06	8.8345e+06	8.871e+06	8.85975e+06	8.83325e+06	
8.82875e+06	8.8535e+06	8.84075e+06	8.815e+06	8.8105e+06	
8.84325e+06	8.8035e+06	8.803e+06	8.83525e+06	8.72875e+06	
8.70475e+06	8.73e+06	8.79475e+06	8.77975e+06	8.805e+06	
8.74175e+06	8.7155e+06	8.67575e+06	8.61325e+06	8.77475e+06	
8.75625e+06	8.784e+06	8.71925e+06	8.7235e+06	8.7355e+06	
8.81375e+06	8.7255e+06	8.71025e+06	8.71725e+06	8.689e+06	
8.72675e+06	8.64975e+06	8.786e+06	8.75125e+06	8.70975e+06	
8.612e+06	8.66625e+06	8.595e+06	8.605e+06	8.63925e+06	
8.58625e+06	8.578e+06	8.5825e+06	8.595e+06	8.6165e+06	
8.53825e+06	8.48925e+06	8.52575e+06	8.4855e+06	8.433e+06	
8.447e+06	8.43175e+06	8.4735e+06	8.39025e+06	8.396e+06	
8.445e+06	8.48225e+06	8.48725e+06	8.406e+06	8.389e+06	
8.4395e+06	8.42375e+06	8.406e+06	8.454e+06	8.326e+06	
8.50625e+06	8.4665e+06	8.57225e+06	8.493e+06	8.49875e+06	
8.63725e+06	8.5875e+06	8.58425e+06	8.57675e+06	8.5465e+06	
8.58625e+06	8.59375e+06	8.4935e+06	8.505e+06	8.6065e+06	
8.5705e+06	8.4855e+06	8.54075e+06	8.47025e+06	8.498e+06	
8.464e+06	8.53325e+06	8.60375e+06	8.6e+06	8.58e+06	
8.60075e+06	8.50425e+06	8.47275e+06	8.55775e+06	8.549e+06	
8.626e+06	8.70975e+06	8.626e+06	8.61575e+06	8.772e+06	
8.56175e+06	8.6385e+06	8.6145e+06	8.64925e+06	8.7445e+06	
8.65425e+06	8.68125e+06	8.636e+06	8.59575e+06	8.66625e+06	
8.63525e+06	8.631e+06	8.6095e+06	8.648e+06	8.629e+06	
8.45e+06	8.59125e+06	8.525e+06	8.56725e+06	8.568e+06	
8.49925e+06	8.47475e+06	8.532e+06	8.5055e+06	8.517e+06	
8.47475e+06	8.52575e+06	8.563e+06	8.49875e+06	8.61775e+06	
8.42425e+06	8.5245e+06	8.54725e+06	8.3895e+06	8.36825e+06	
8.4225e+06	8.39475e+06	8.42425e+06	8.42625e+06	8.4205e+06	
8.4155e+06	8.37775e+06	8.3555e+06	8.39475e+06	8.38575e+06	
8.37075e+06	8.309e+06	8.34675e+06	8.33475e+06	8.33925e+06	
8.43e+06	8.47475e+06	8.32775e+06	8.326e+06	8.338e+06	
8.30275e+06	8.343e+06	8.2585e+06	8.23775e+06	8.33175e+06	
8.2555e+06	8.27675e+06	8.227e+06	8.1135e+06	8.23275e+06	
8.1685e+06	8.1205e+06	8.1175e+06	8.1055e+06	8.18425e+06	
8.159e+06	8.065e+06	8.0815e+06	8.1445e+06	8.094e+06	
7.99075e+06	8.10475e+06	8.14125e+06	8.08475e+06	8.05825e+06	
7.941e+06	8.004e+06	8.04875e+06	7.94725e+06	7.98575e+06	
8.038e+06	8.0385e+06	7.985e+06	7.97625e+06	8.0305e+06	
8.031e+06	8.089e+06	7.99325e+06	7.9315e+06	8.082e+06	
8.038e+06	7.99075e+06	8.0165e+06	8.048e+06	8.05575e+06	
8.07325e+06	7.9705e+06	8.0545e+06	7.96425e+06	8.02675e+06	
8.00975e+06	8.02725e+06	7.9825e+06	7.89925e+06	7.927e+06	
7.9295e+06	8.0305e+06	7.8375e+06	7.87725e+06	7.90825e+06	
7.8085e+06	7.762e+06	7.77575e+06	7.89375e+06	7.80675e+06	
7.777e+06	7.81125e+06	7.7865e+06	7.8275e+06	7.83125e+06	
7.66875e+06	7.76575e+06	7.716e+06	7.663e+06	7.735e+06	
7.8445e+06	7.8685e+06	7.7645e+06	7.786e+06	7.67875e+06	
7.78475e+06	7.76575e+06	7.68575e+06	7.76325e+06	7.7715e+06	
7.6625e+06	7.69325e+06	7.5905e+06	7.67575e+06	7.7015e+06	
7.7035e+06	7.65225e+06	7.689e+06	7.7285e+06	7.65225e+06	
7.69325e+06	7.67375e+06	7.73675e+06	7.699e+06	7.71975e+06	
7.67125e+06	7.726e+06	7.69075e+06	7.68375e+06	7.74125e+06	
7.6215e+06	7.5995e+06	7.5705e+06	7.61075e+06	7.57175e+06	
7.64225e+06	7.597e+06	7.62275e+06	7.5615e+06	7.57475e+06	
7.583e+06	7.48225e+06	7.58e+06	7.602e+06	7.56925e+06	
7.5805e+06	7.5245e+06	7.55225e+06	7.537e+06	7.59375e+06	
7.64675e+06	7.617e+06	7.64225e+06	7.4955e+06	7.51875e+06	
7.634e+06	7.583e+06	7.4955e+06	7.62525e+06	7.5805e+06	
7.583e+06	7.704e+06	7.59175e+06	7.65475e+06	7.6285e+06	
7.53325e+06	7.4815e+06	7.568e+06	7.46575e+06	7.50225e+06	
7.60125e+06	7.534e+06	7.49475e+06	7.37375e+06	7.45125e+06	
7.56225e+06	7.51625e+06	7.56675e+06	7.45775e+06	7.5075e+06	
7.5635e+06	7.4905e+06	7.542e+06	7.3865e+06	7.4615e+06	
7.54975e+06	7.4715e+06	7.56275e+06	7.50625e+06	7.44625e+06	
7.503e+06	7.48225e+06	7.4525e+06	7.5075e+06	7.585e+06	
7.46275e+06	7.486e+06	7.4135e+06	7.42225e+06	7.45575e+06	
7.42675e+06	7.44575e+06	7.49225e+06	7.36575e+06	7.39725e+06	
7.3455e+06	7.46775e+06	7.4835e+06	7.3745e+06	7.36125e+06	
7.321e+06	7.35375e+06	7.421e+06	7.317e+06	7.36e+06	
7.387e+06	7.319e+06	7.4275e+06	7.45375e+06	7.36875e+06	
7.38825e+06	7.346e+06	7.312e+06	7.3165e+06	7.31075e+06	
7.47275e+06	7.46575e+06	7.47775e+06	7.36125e+06	7.3985e+06	
7.438e+06	7.37825e+06	7.33975e+06	7.38825e+06	7.406e+06	
7.358e+06	7.3695e+06	7.40275e+06	7.41025e+06	7.2945e+06	
7.33025e+06	7.382e+06	7.39975e+06	7.27675e+06	7.329e+06	
7.41925e+06	7.353e+06	7.33225e+06	7.33275e+06	7.25975e+06	
7.183e+06	7.27425e+06	7.1955e+06	7.19175e+06	7.142e+06	
7.1975e+06	7.31825e+06	7.27425e+06	7.13825e+06	7.297e+06	
7.22625e+06	7.15275e+06	7.147e+06	7.04225e+06	7.142e+06	
7.13425e+06	7.193e+06	7.111e+06	7.0865e+06	7.07075e+06	
7.145e+06	7.012e+06	6.92e+06	7.06875e+06	7.07125e+06	
7.10225e+06	7.0335e+06	7.14625e+06	7.09025e+06	7.00275e+06	
7.0845e+06	6.96225e+06	6.958e+06	7.01975e+06	7.002e+06	
6.91125e+06	6.927e+06	7.04925e+06	6.85075e+06	6.98875e+06	
6.98125e+06	6.927e+06	6.97175e+06	6.9925e+06	6.929e+06	
6.96225e+06	7.04375e+06	6.9485e+06	7.01025e+06	7.009e+06	
6.9825e+06	6.95225e+06	6.876e+06	6.9605e+06	6.95175e+06	
7.009e+06	6.89875e+06	6.8805e+06	6.94775e+06	6.99575e+06	
6.95675e+06	6.94025e+06	7.0065e+06	7.00825e+06	6.96475e+06	
6.90175e+06	6.915e+06	6.8635e+06	6.9075e+06	6.8735e+06	
7.041e+06	6.9725e+06	6.91825e+06	6.95925e+06	6.9435e+06	
6.87725e+06	6.9265e+06	6.774e+06	6.85275e+06	6.8345e+06	
6.8175e+06	6.80175e+06	6.8175e+06	6.694e+06	6.7645e+06	
6.895e+06	6.806e+06	6.8135e+06	6.8085e+06	6.79925e+06	
6.76e+06	6.8035e+06	6.67175e+06	6.8325e+06	6.813e+06	
6.6385e+06	6.716e+06	6.6385e+06	6.677e+06	6.67e+06	
6.72025e+06	6.73225e+06	6.651e+06	6.6825e+06	6.70525e+06	
6.59175e+06	6.56025e+06	6.5805e+06	6.5805e+06	6.5225e+06	
6.6245e+06	6.47775e+06	6.52575e+06	6.63025e+06	6.6145e+06	
6.571e+06	6.4915e+06	6.576e+06	6.55025e+06	6.4955e+06	
6.57675e+06	6.564e+06	6.544e+06	6.50675e+06	6.503e+06	
6.39575e+06	6.46775e+06	6.45325e+06	6.445e+06	6.48275e+06	
6.5295e+06	6.39275e+06	6.40775e+06	6.4255e+06	6.45575e+06	
6.387e+06	6.4765e+06	6.3115e+06	6.346e+06	6.3165e+06	
6.353e+06	6.39275e+06	6.30125e+06	6.27925e+06	6.33025e+06	
6.34425e+06	6.2245e+06	6.3455e+06	6.3095e+06	6.20175e+06	
6.2655e+06	6.34675e+06	6.32025e+06	6.227e+06	6.222e+06	
6.181e+06	6.23075e+06	6.19175e+06	6.2195e+06	6.18025e+06	
6.295e+06	6.31825e+06	6.22575e+06	6.297e+06	6.28125e+06	
6.19975e+06	6.227e+06	6.23575e+06	6.29125e+06	6.297e+06	
6.31525e+06	6.31075e+06	6.3535e+06	6.29375e+06	6.27175e+06	
6.3435e+06	6.30625e+06	6.31575e+06	6.30325e+06	6.2025e+06	
6.29e+06	6.18675e+06	6.23e+06	6.21875e+06	6.174e+06	
6.20875e+06	6.244e+06	6.28e+06	6.14875e+06	6.28375e+06	
6.249e+06	6.31325e+06	6.18525e+06	6.242e+06	6.23075e+06	
6.25025e+06	6.31825e+06	6.28925e+06	6.26475e+06	6.32275e+06	
6.22375e+06	6.305e+06	6.26925e+06	6.19475e+06	6.22375e+06	
6.288e+06	6.3435e+06	6.24525e+06	6.2685e+06	6.29175e+06	
6.21825e+06	6.3e+06	6.20375e+06	6.2655e+06	6.22325e+06	
6.19675e+06	6.14575e+06	6.193e+06	6.157e+06	6.18025e+06	
6.21875e+06	6.1305e+06	6.1425e+06	6.16575e+06	6.19725e+06	
6.159e+06	6.254e+06	6.11475e+06	6.08525e+06	6.1135e+06	
6.1015e+06	6.065e+06	6.04225e+06	6.0505e+06	6.0745e+06	
5.97375e+06	6.01575e+06	5.89925e+06	5.90375e+06	5.937e+06	
5.79525e+06	5.7215e+06	5.78075e+06	5.77525e+06	5.75825e+06	
5.60175e+06	5.56775e+06	5.45825e+06	5.559e+06	5.552e+06	
5.33525e+06	5.2995e+06	5.312e+06	5.375e+06	5.3415e+06	
5.382e+06	5.399e+06	5.42425e+06	5.3505e+06	5.37375e+06	
5.4545e+06	5.4625e+06	5.47525e+06	5.41525e+06	5.54825e+06	
5.61325e+06	5.5615e+06	5.54325e+06	5.57025e+06	5.61375e+06	
5.6895e+06	5.70275e+06	5.697e+06	5.7185e+06	5.523e+06	
5.837e+06	5.85075e+06	5.8305e+06	5.8255e+06	5.78975e+06	
5.8375e+06	5.8375e+06	5.8515e+06	5.8155e+06	5.816e+06	
5.9395e+06	5.9005e+06	5.8855e+06	5.83825e+06	5.8855e+06	
5.9145e+06	5.87475e+06	5.9585e+06	5.8515e+06	5.87775e+06	
5.92575e+06	5.91125e+06	5.89425e+06	5.881e+06	5.94725e+06	
5.9895e+06	6.0115e+06	5.85525e+06	5.9295e+06	5.9005e+06	
5.932e+06	5.89925e+06	6.065e+06	5.8955e+06	5.9225e+06	
5.958e+06	5.97375e+06	6.0115e+06	5.96725e+06	5.96725e+06	
5.97925e+06	5.94275e+06	6.019e+06	5.876e+06	5.88925e+06	
5.946e+06	5.90175e+06	5.9025e+06	5.99e+06	6.017e+06	
5.98875e+06	5.9585e+06	5.94975e+06	5.93775e+06	5.9245e+06	
6.04725e+06	5.95675e+06	5.92325e+06	6.02025e+06	5.9415e+06	
6.002e+06	6.019e+06	6.00275e+06	5.92375e+06	6.002e+06	
5.99e+06	6.0185e+06	5.95725e+06	5.96725e+06	5.98825e+06	
5.90925e+06	5.91375e+06	5.91875e+06	5.95025e+06	5.95725e+06	
5.908e+06	5.89675e+06	5.97925e+06	5.82425e+06	5.92775e+06	
5.932e+06	5.94475e+06	5.9485e+06	5.89475e+06	5.898e+06	
5.86775e+06	5.82625e+06	5.88225e+06	5.91825e+06	5.91075e+06	
5.82925e+06	5.91e+06	5.8305e+06	5.78775e+06	5.91875e+06	
5.818e+06	5.8565e+06	5.85025e+06	5.9125e+06	5.86325e+06	
5.98375e+06	5.86725e+06	5.86525e+06	5.876e+06	5.82175e+06	
5.847e+06	5.8685e+06	5.88425e+06	5.80675e+06	5.7985e+06	
5.835e+06	5.83175e+06	5.799e+06	5.85025e+06	5.84625e+06	
5.86725e+06	5.90125e+06	5.80975e+06	5.88675e+06	5.903e+06	
5.8225e+06	5.80275e+06	5.7455e+06	5.8105e+06	5.8085e+06	
5.84125e+06	5.8255e+06	5.879e+06	5.86775e+06	5.86475e+06	
5.779e+06	5.82375e+06	5.81425e+06	5.789e+06	5.80925e+06	
5.8275e+06	5.82175e+06	5.74375e+06	5.7695e+06	5.7965e+06	
5.82925e+06	5.76075e+06	5.8515e+06	5.80025e+06	5.81475e+06	
5.767e+06	5.7405e+06	5.79525e+06	5.7595e+06	5.76625e+06	
5.8395e+06	5.80475e+06	5.75625e+06	5.73675e+06	5.76e+06	
5.77e+06	5.8015e+06	5.73225e+06	5.7095e+06	5.73975e+06	
5.8275e+06	5.76375e+06	5.808e+06	5.77825e+06	5.83175e+06	
5.789e+06	5.71225e+06	5.76375e+06	5.74425e+06	5.782e+06	
5.77075e+06	5.833e+06	5.67e+06	5.72675e+06	5.68825e+06	
5.7095e+06	5.73425e+06	5.63775e+06	5.6775e+06	5.733e+06	
5.67625e+06	5.76875e+06	5.70525e+06	5.70275e+06	5.68375e+06	
5.6775e+06	5.702e+06	5.7165e+06	5.6365e+06	5.73975e+06	
5.7185e+06	5.627e+06	5.6895e+06	5.67e+06	5.73175e+06	
5.65675e+06	5.67125e+06	5.634e+06	5.68875e+06	5.6465e+06	
5.62075e+06	5.70275e+06	5.6655e+06	5.61625e+06	5.61625e+06	
5.656e+06	5.6e+06	5.57475e+06	5.595e+06	5.6345e+06	
5.63275e+06	5.5715e+06	5.5275e+06	5.52375e+06	5.56275e+06	
5.51425e+06	5.6415e+06	5.5905e+06	5.59875e+06	5.63075e+06	
5.59425e+06	5.6245e+06	5.5805e+06	5.56025e+06	5.54525e+06	
5.62075e+06	5.47775e+06	5.6125e+06	5.5805e+06	5.525e+06	
5.593e+06	5.58725e+06	5.57475e+06	5.59125e+06	5.64525e+06	
5.55325e+06	5.61625e+06	5.6295e+06	5.557e+06	5.53625e+06	
5.63775e+06	5.55275e+06	5.54775e+06	5.5715e+06	5.63075e+06	
5.58725e+06	5.5205e+06	5.53375e+06	5.46325e+06	5.559e+06	
5.52625e+06	5.603e+06	5.52425e+06	5.53875e+06	5.5425e+06	
5.48475e+06	5.474e+06	5.54075e+06	5.4545e+06	5.52425e+06	
5.57275e+06	5.44675e+06	5.51175e+06	5.51175e+06	5.48525e+06	
5.54075e+06	5.51875e+06	5.50975e+06	5.51425e+06	5.607e+06	
5.52675e+06	5.45575e+06	5.4335e+06	5.42975e+06	5.484e+06	
5.426e+06	5.433e+06	5.421e+06	5.4815e+06	5.47575e+06	
5.44175e+06	5.41975e+06	5.457e+06	5.4455e+06	5.4425e+06	
5.47075e+06	5.477e+06	5.43225e+06	5.50425e+06	5.34975e+06	
5.5125e+06	5.5005e+06	5.39025e+06	5.40975e+06	5.44125e+06	
5.479e+06	5.43625e+06	5.3795e+06	5.501e+06	5.43225e+06	
5.46775e+06	5.42225e+06	5.4575e+06	5.45875e+06	5.3845e+06	
5.4835e+06	5.37375e+06	5.4115e+06	5.4525e+06	5.39025e+06	
5.43475e+06	5.42675e+06	5.346e+06	5.295e+06	5.3075e+06	
5.36875e+06	5.3775e+06	5.382e+06	5.28675e+06	5.29375e+06	
5.3215e+06	5.36675e+06	5.41275e+06	5.37175e+06	5.35475e+06	
5.356e+06	5.419e+06	5.394e+06	5.37575e+06	5.36e+06	
5.387e+06	5.34225e+06	5.2905e+06	5.36125e+06	5.3215e+06	
5.31825e+06	5.288e+06	5.30325e+06	5.29375e+06	5.25725e+06	
5.38625e+06	5.3995e+06	5.2805e+06	5.26225e+06	5.30325e+06	
5.32825e+06	5.30325e+06	5.3215e+06	5.31325e+06	5.29125e+06	
5.25275e+06	5.33975e+06	5.24775e+06	5.23825e+06	5.2925e+06	
5.2955e+06	5.24825e+06	5.22375e+06	5.30825e+06	5.27425e+06	
5.24275e+06	5.33975e+06	5.27925e+06	5.2465e+06	5.319e+06	
5.21e+06	5.24275e+06	5.1985e+06	5.14e+06	5.1495e+06	
5.19725e+06	5.2665e+06	5.1985e+06	5.20875e+06	5.147e+06	
5.167e+06	5.1375e+06	5.21e+06	5.21125e+06	5.24075e+06	
5.13425e+06	5.15075e+06	5.12725e+06	5.08525e+06	5.13625e+06	
5.157e+06	5.11975e+06	5.06825e+06	5.179e+06	5.1495e+06	
5.08775e+06	5.13925e+06	5.063e+06	5.10275e+06	5.12425e+06	
5.0625e+06	5.05175e+06	5.155e+06	5.04175e+06	5.06e+06	
5.01075e+06	5.13925e+06	5.0775e+06	5.10725e+06	5.0625e+06	
5.06375e+06	5.092e+06	5.04475e+06	5.038e+06	5.0405e+06	
5.01075e+06	4.98675e+06	4.9925e+06	5.038e+06	5.01825e+06	
4.93075e+06	4.92125e+06	4.91575e+06	4.95975e+06	4.9515e+06	
4.75925e+06	4.7865e+06	4.73725e+06	4.78025e+06	4.792e+06	
4.4525e+06	4.4815e+06	4.48075e+06	4.41225e+06	4.438e+06	
4.19675e+06	4.15e+06	4.1645e+06	4.2085e+06	4.22125e+06	
4.12225e+06	4.0825e+06	4.04975e+06	4.075e+06	4.082e+06	
4.039e+06	4.0675e+06	4.0265e+06	4.099e+06	4.06e+06	
4.11225e+06	4.11475e+06	4.11925e+06	4.148e+06	4.0795e+06	
4.1405e+06	4.16525e+06	4.075e+06	4.16325e+06	4.12425e+06	
4.10725e+06	4.157e+06	4.1475e+06	4.138e+06	4.10025e+06	
4.148e+06	4.18725e+06	4.181e+06	4.11525e+06	4.133e+06	
4.22625e+06	4.138e+06	4.12925e+06	4.13625e+06	4.18975e+06	
4.23125e+06	4.13675e+06	4.21925e+06	4.18225e+06	4.28175e+06	
4.244e+06	4.19225e+06	4.2325e+06	4.1255e+06	4.20425e+06	
4.317e+06	4.26225e+06	4.1985e+06	4.1645e+06	4.20725e+06	
4.2465e+06	4.32275e+06	4.26775e+06	4.2415e+06	4.22125e+06	
4.3245e+06	4.31575e+06	4.315e+06	4.28475e+06	4.3125e+06	
4.269e+06	4.34525e+06	4.22825e+06	4.30875e+06	4.37e+06	
4.3965e+06	4.35675e+06	4.34275e+06	4.34725e+06	4.37175e+06	
4.36875e+06	4.34775e+06	4.3295e+06	4.40575e+06	4.382e+06	
4.375e+06	4.37425e+06	4.324e+06	4.414e+06	4.37125e+06	
4.409e+06	4.3465e+06	4.281e+06	4.3215e+06	4.38825e+06	
4.37625e+06	4.3125e+06	4.43175e+06	4.3535e+06	4.38375e+06	
4.29625e+06	4.31825e+06	4.28225e+06	4.26025e+06	4.30175e+06	
4.2585e+06	4.281e+06	4.21375e+06	4.223e+06	4.25525e+06	
4.26775e+06	4.288e+06	4.17075e+06	4.25325e+06	4.26975e+06	
4.261e+06	4.191e+06	4.244e+06	4.28925e+06	4.25325e+06	
4.2345e+06	4.247e+06	4.18525e+06	4.23075e+06	4.20675e+06	
4.1405e+06	4.194e+06	4.2155e+06	4.2545e+06	4.2085e+06	
4.25275e+06	4.269e+06	4.17575e+06	4.201e+06	4.155e+06	
4.266e+06	4.23325e+06	4.2415e+06	4.23875e+06	4.1285e+06	
4.2415e+06	4.2175e+06	4.201e+06	4.19975e+06	4.244e+06	
4.2635e+06	4.247e+06	4.2905e+06	4.2615e+06	4.198e+06	
4.312e+06	4.29375e+06	4.2805e+06	4.32775e+06	4.264e+06	
4.276e+06	4.332e+06	4.273e+06	4.273e+06	4.3145e+06	
4.34975e+06	4.29175e+06	4.31325e+06	4.30175e+06	4.353e+06	
4.259e+06	4.26475e+06	4.38625e+06	4.218e+06	4.191e+06	
4.2565e+06	4.2105e+06	4.28875e+06	4.26775e+06	4.254e+06	
4.133e+06	4.21625e+06	4.1525e+06	4.184e+06	4.191e+06	
4.16075e+06	4.2465e+06	4.17025e+06	4.09075e+06	4.1745e+06	
4.094e+06	4.12425e+06	4.23075e+06	4.17825e+06	4.17525e+06	
4.14425e+06	4.17025e+06	4.174e+06	4.09025e+06	4.13175e+06	
4.16325e+06	4.07625e+06	4.1305e+06	4.14125e+06	4.08125e+06	
4.03225e+06	4.02725e+06	4.046e+06	4.0165e+06	4.02575e+06	
3.97175e+06	4.02725e+06	4.0535e+06	4.0315e+06	4.121e+06	
3.961e+06	3.96225e+06	4.0535e+06	3.93125e+06	3.973e+06	
4.02025e+06	3.90625e+06	3.99125e+06	3.949e+06	3.961e+06	
3.964e+06	4.029e+06	3.95775e+06	3.884e+06	3.94825e+06	
3.9415e+06	3.9805e+06	3.937e+06	3.94525e+06	3.92825e+06	
3.87975e+06	3.9225e+06	3.961e+06	3.8835e+06	3.908e+06	
3.93775e+06	3.92575e+06	3.87525e+06	3.89475e+06	3.83375e+06	
3.88925e+06	3.91625e+06	3.91375e+06	3.8885e+06	3.92875e+06	
3.9755e+06	3.905e+06	3.8905e+06	3.956e+06	3.91625e+06	
3.8985e+06	3.98375e+06	3.92825e+06	3.898e+06	3.92375e+06	
3.9295e+06	3.90675e+06	3.9225e+06	3.9615e+06	3.881e+06	
3.961e+06	3.92375e+06	3.9075e+06	3.88925e+06	3.9445e+06	
3.9735e+06	3.96025e+06	3.93e+06	3.891e+06	3.881e+06	
3.908e+06	3.9395e+06	3.896e+06	3.9465e+06	3.8595e+06	
3.901e+06	3.84175e+06	3.92625e+06	3.96025e+06	3.90625e+06	
3.86275e+06	3.86775e+06	3.89925e+06	3.876e+06	3.896e+06	
3.876e+06	3.881e+06	3.83875e+06	3.864e+06	3.89925e+06	
3.886e+06	3.79075e+06	3.8615e+06	3.8065e+06	3.83675e+06	
3.87725e+06	3.89675e+06	3.896e+06	3.8595e+06	3.81725e+06	
3.81425e+06	3.87025e+06	3.87975e+06	3.83625e+06	3.8445e+06	
3.87325e+06	3.862e+06	3.855e+06	3.823e+06	3.8155e+06	
3.83175e+06	3.88225e+06	3.8185e+06	3.73675e+06	3.85125e+06	
3.76125e+06	3.82725e+06	3.83e+06	3.855e+06	3.85e+06	
3.7745e+06	3.75175e+06	3.8065e+06	3.7455e+06	3.76e+06	
3.7555e+06	3.79275e+06	3.8085e+06	3.7795e+06	3.77325e+06	
3.76e+06	3.7115e+06	3.74725e+06	3.7485e+06	3.77875e+06	
3.73925e+06	3.772e+06	3.792e+06	3.7235e+06	3.78325e+06	
3.777e+06	3.76625e+06	3.7725e+06	3.68675e+06	3.7095e+06	
3.71825e+06	3.79775e+06	3.72025e+06	3.68625e+06	3.7285e+06	
3.73275e+06	3.71075e+06	3.738e+06	3.746e+06	3.70125e+06	
3.74725e+06	3.7725e+06	3.78525e+06	3.729e+06	3.74675e+06	
3.794e+06	3.765e+06	3.7525e+06	3.6875e+06	3.65225e+06	
3.7145e+06	3.7555e+06	3.7285e+06	3.697e+06	3.72725e+06	
3.64975e+06	3.70575e+06	3.64725e+06	3.69575e+06	3.68e+06	
3.6485e+06	3.65725e+06	3.6875e+06	3.73925e+06	3.6565e+06	
3.726e+06	3.639e+06	3.6125e+06	3.66175e+06	3.64775e+06	
3.67625e+06	3.7285e+06	3.64275e+06	3.64325e+06	3.60175e+06	
3.60125e+06	3.5665e+06	3.57025e+06	3.586e+06	3.5785e+06	
3.6005e+06	3.64975e+06	3.61175e+06	3.64475e+06	3.6055e+06	
3.5935e+06	3.56775e+06	3.52875e+06	3.54825e+06	3.562e+06	
3.5765e+06	3.552e+06	3.55125e+06	3.59225e+06	3.56525e+06	
3.64275e+06	3.58025e+06	3.5855e+06	3.591e+06	3.535e+06	
3.43975e+06	3.525e+06	3.52675e+06	3.547e+06	3.52925e+06	
3.50525e+06	3.51975e+06	3.54375e+06	3.501e+06	3.4865e+06	
3.48525e+06	3.513e+06	3.52375e+06	3.499e+06	3.458e+06	
3.56525e+06	3.48075e+06	3.48575e+06	3.438e+06	3.5155e+06	
3.4845e+06	3.47125e+06	3.4675e+06	3.35675e+06	3.42225e+06	
3.4185e+06	3.41975e+06	3.38625e+06	3.375e+06	3.38e+06	
3.35425e+06	3.35425e+06	3.332e+06	3.32075e+06	3.332e+06	
3.26725e+06	3.22425e+06	3.201e+06	3.1645e+06	3.22875e+06	
3.10575e+06	3.12925e+06	3.075e+06	3.10025e+06	3.12725e+06	
3.063e+06	3.0145e+06	3.02775e+06	3.039e+06	3.04025e+06	
2.9325e+06	2.96725e+06	2.913e+06	2.94775e+06	2.91e+06	
2.94575e+06	2.9005e+06	2.92375e+06	2.8815e+06	2.867e+06	
2.80775e+06	2.76125e+06	2.8115e+06	2.77325e+06	2.82425e+06	
2.712e+06	2.77325e+06	2.76e+06	2.639e+06	2.748e+06	
2.68675e+06	2.73975e+06	2.664e+06	2.6975e+06	2.73225e+06	
2.647e+06	2.66925e+06	2.68875e+06	2.6685e+06	2.66225e+06	
2.65475e+06	2.62825e+06	2.6075e+06	2.60375e+06	2.63825e+06	
2.6175e+06	2.661e+06	2.67225e+06	2.683e+06	2.6155e+06	
2.6995e+06	2.6515e+06	2.683e+06	2.66925e+06	2.6565e+06	
2.726e+06	2.7045e+06	2.668e+06	2.6755e+06	2.71575e+06	
2.74475e+06	2.809e+06	2.821e+06	2.77825e+06	2.78125e+06	
2.92375e+06	2.86125e+06	2.83375e+06	2.881e+06	2.93575e+06	
2.93825e+06	2.961e+06	2.92e+06	2.91925e+06	2.92825e+06	
2.98925e+06	3.05225e+06	3.05425e+06	2.94775e+06	3.0145e+06	
3.09075e+06	3.036e+06	3.0125e+06	2.98225e+06	2.97975e+06	
2.9905e+06	3.03775e+06	3.02075e+06	2.94525e+06	3.005e+06	
3.0005e+06	2.969e+06	3.0195e+06	2.97675e+06	3.02025e+06	
2.937e+06	2.95325e+06	2.89675e+06	2.87975e+06	2.95075e+06	
2.83675e+06	2.84825e+06	2.787e+06	2.78825e+06	2.8355e+06	
2.7675e+06	2.83225e+06	2.8455e+06	2.83175e+06	2.77e+06	
2.8625e+06	2.77625e+06	2.83875e+06	2.792e+06	2.785e+06	
2.7605e+06	2.76e+06	2.7965e+06	2.7385e+06	2.736e+06	
2.7675e+06	2.734e+06	2.75475e+06	2.7265e+06	2.71525e+06	
2.7655e+06	2.77375e+06	2.70375e+06	2.70575e+06	2.7485e+06	
2.76375e+06	2.73275e+06	2.712e+06	2.73525e+06	2.697e+06	
2.743e+06	2.70625e+06	2.7625e+06	2.74025e+06	2.73475e+06	
2.7095e+06	2.73225e+06	2.74175e+06	2.734e+06	2.743e+06	
2.76875e+06	2.7655e+06	2.741e+06	2.73775e+06	2.79025e+06	
2.76375e+06	2.743e+06	2.7025e+06	2.69875e+06	2.758e+06	
2.71775e+06	2.76e+06	2.688e+06	2.7825e+06	2.74975e+06	
2.64525e+06	2.7165e+06	2.731e+06	2.712e+06	2.6655e+06	
2.7145e+06	2.7145e+06	2.7115e+06	2.65475e+06	2.70575e+06	
2.71275e+06	2.751e+06	2.7115e+06	2.72725e+06	2.71575e+06	
2.70625e+06	2.6655e+06	2.68175e+06	2.68625e+06	2.68425e+06	
2.7335e+06	2.7145e+06	2.68125e+06	2.6615e+06	2.6855e+06	
2.7165e+06	2.67475e+06	2.685e+06	2.659e+06	2.6245e+06	
2.70575e+06	2.74225e+06	2.6785e+06	2.70825e+06	2.69e+06	
2.688e+06	2.71025e+06	2.729e+06	2.722e+06	2.685e+06	
2.74025e+06	2.729e+06	2.74225e+06	2.71525e+06	2.726e+06	
2.70625e+06	2.678e+06	2.70375e+06	2.69175e+06	2.7075e+06	
2.69625e+06	2.76125e+06	2.741e+06	2.7095e+06	2.65275e+06	
2.71525e+06	2.68675e+06	2.75425e+06	2.7455e+06	2.72075e+06	
2.77575e+06	2.70575e+06	2.729e+06	2.71075e+06	2.72975e+06	
2.78775e+06	2.76925e+06	2.7285e+06	2.73225e+06	2.685e+06	
2.76925e+06	2.74925e+06	2.80975e+06	2.76875e+06	2.77375e+06	
2.84875e+06	2.80975e+06	2.83875e+06	2.76625e+06	2.78325e+06	
2.86825e+06	2.862e+06	2.8665e+06	2.818e+06	2.84125e+06	
2.84425e+06	2.88775e+06	2.8475e+06	2.8235e+06	2.872e+06	
2.91e+06	2.92425e+06	2.903e+06	2.89975e+06	2.8885e+06	
2.913e+06	2.93325e+06	2.9345e+06	2.971e+06	2.95075e+06	
2.8985e+06	2.9925e+06	2.95275e+06	2.879e+06	2.9275e+06	
2.87975e+06	2.93825e+06	2.89725e+06	2.87325e+06	2.9275e+06	
2.9055e+06	2.927e+06	2.88775e+06	2.9225e+06	2.85875e+06	
2.91925e+06	2.93e+06	2.89675e+06	2.90425e+06	2.87325e+06	
2.93825e+06	2.8815e+06	2.94275e+06	2.88275e+06	2.8765e+06	
2.9325e+06	2.9125e+06	2.874e+06	2.86825e+06	2.8815e+06	
2.90925e+06	2.8575e+06	2.87775e+06	2.87975e+06	2.94075e+06	
2.83375e+06	2.86825e+06	2.86125e+06	2.86525e+06	2.85075e+06	
2.84175e+06	2.8915e+06	2.8305e+06	2.862e+06	2.84675e+06	
2.9055e+06	2.862e+06	2.87025e+06	2.855e+06	2.86325e+06	
2.91175e+06	2.8765e+06	2.84675e+06	2.89225e+06	2.906e+06	
2.915e+06	2.95725e+06	2.93325e+06	2.90425e+06	2.92575e+06	
2.90225e+06	2.93375e+06	2.9375e+06	2.86775e+06	2.838e+06	
2.9105e+06	2.8255e+06	2.86325e+06	2.81975e+06	2.855e+06	
2.8765e+06	2.84e+06	2.85e+06	2.8085e+06	2.83925e+06	
2.87325e+06	2.8595e+06	2.845e+06	2.86775e+06	2.85325e+06	
2.84875e+06	2.891e+06	2.855e+06	2.79025e+06	2.908e+06	
2.88275e+06	2.91e+06	2.932e+06	2.88525e+06	2.89225e+06	
2.86e+06	2.84675e+06	2.8935e+06	2.86525e+06	2.83225e+06	
2.82425e+06	2.85e+06	2.8375e+06	2.843e+06	2.903e+06	
2.818e+06	2.85875e+06	2.8715e+06	2.8575e+06	2.814e+06	
2.896e+06	2.852e+06	2.8375e+06	2.8455e+06	2.816e+06	
2.84875e+06	2.80075e+06	2.809e+06	2.8575e+06	2.82975e+06	
2.80225e+06	2.84875e+06	2.84175e+06	2.8085e+06	2.821e+06	
2.74675e+06	2.816e+06	2.78325e+06	2.8495e+06	2.831e+06	
2.814e+06	2.79025e+06	2.87075e+06	2.84e+06	2.8235e+06	
2.82175e+06	2.85125e+06	2.81975e+06	2.81275e+06	2.8255e+06	
2.88225e+06	2.818e+06	2.84875e+06	2.831e+06	2.89025e+06	
2.8525e+06	2.877e+06	2.84375e+06	2.818e+06	2.818e+06	
2.8715e+06	2.84675e+06	2.86825e+06	2.86e+06	2.8545e+06	
2.86775e+06	2.87075e+06	2.82925e+06	2.84625e+06	2.896e+06	
2.874e+06	2.83175e+06	2.85e+06	2.852e+06	2.886e+06	
2.88525e+06	2.8495e+06	2.8255e+06	2.83425e+06	2.82975e+06	
2.84e+06	2.81975e+06	2.823e+06	2.7625e+06	2.82925e+06	
2.809e+06	2.83875e+06	2.82675e+06	2.792e+06	2.81975e+06	
2.89675e+06	2.84175e+06	2.826e+06	2.82425e+06	2.828e+06	
2.8355e+06	2.826e+06	2.84e+06	2.7895e+06	2.82425e+06	
2.8185e+06	2.79075e+06	2.8015e+06	2.80225e+06	2.81225e+06	
2.79075e+06	2.80725e+06	2.80275e+06	2.75475e+06	2.797e+06	
2.8285e+06	2.8015e+06	2.83875e+06	2.8035e+06	2.80475e+06	
2.80775e+06	2.89025e+06	2.79775e+06	2.81975e+06	2.79775e+06	
2.818e+06	2.785e+06	2.82225e+06	2.797e+06	2.7995e+06	
2.7775e+06	2.7725e+06	2.80475e+06	2.76925e+06	2.76175e+06	
2.7725e+06	2.7365e+06	2.74725e+06	2.775e+06	2.74025e+06	
2.81275e+06	2.831e+06	2.799e+06	2.722e+06	2.7795e+06	
2.7725e+06	2.80725e+06	2.8205e+06	2.763e+06	2.7775e+06	
2.80775e+06	2.765e+06	2.73775e+06	2.71775e+06	2.80975e+06	
2.72725e+06	2.77375e+06	2.6975e+06	2.75425e+06	2.748e+06	
2.70325e+06	2.74925e+06	2.7335e+06	2.6755e+06	2.726e+06	
2.71575e+06	2.741e+06	2.7265e+06	2.67425e+06	2.7455e+06	
2.6805e+06	2.695e+06	2.693e+06	2.7045e+06	2.70575e+06	
2.68425e+06	2.702e+06	2.7195e+06	2.697e+06	2.6925e+06	
2.70075e+06	2.68125e+06	2.66675e+06	2.729e+06	2.697e+06	
2.74025e+06	2.74425e+06	2.71525e+06	2.7025e+06	2.7115e+06	
2.71525e+06	2.714e+06	2.69125e+06	2.7435e+06	2.7385e+06	
2.714e+06	2.68425e+06	2.7e+06	2.693e+06	2.66475e+06	
2.68675e+06	2.7145e+06	2.678e+06	2.6905e+06	2.68675e+06	
2.6975e+06	2.70625e+06	2.70825e+06	2.6785e+06	2.66925e+06	
2.717e+06	2.6875e+06	2.644e+06	2.697e+06	2.69375e+06	
2.7095e+06	2.666e+06	2.70375e+06	2.666e+06	2.63575e+06	
2.6585e+06	2.70575e+06	2.683e+06	2.65225e+06	2.644e+06	
2.6275e+06	2.66925e+06	2.72025e+06	2.64975e+06	2.673e+06	
2.70325e+06	2.71025e+06	2.66725e+06	2.62825e+06	2.6995e+06	
2.6655e+06	2.68425e+06	2.63125e+06	2.6415e+06	2.666e+06	
2.6325e+06	2.67225e+06	2.6245e+06	2.64975e+06	2.62825e+06	
2.62575e+06	2.651e+06	2.671e+06	2.62625e+06	2.6705e+06	
2.57525e+06	2.65525e+06	2.63525e+06	2.62125e+06	2.5955e+06	
2.64325e+06	2.5935e+06	2.62875e+06	2.59175e+06	2.62625e+06	
2.6055e+06	2.60375e+06	2.6075e+06	2.58975e+06	2.6395e+06	
2.5955e+06	2.581e+06	2.591e+06	2.56825e+06	2.5615e+06	
2.55625e+06	2.58525e+06	2.6345e+06	2.581e+06	2.5765e+06	
2.54125e+06	2.579e+06	2.584e+06	2.60225e+06	2.61175e+06	
2.60425e+06	2.5735e+06	2.576e+06	2.533e+06	2.5935e+06	
2.55375e+06	2.56825e+06	2.574e+06	2.52875e+06	2.538e+06	
2.5475e+06	2.552e+06	2.55825e+06	2.57075e+06	2.5495e+06	
2.538e+06	2.54625e+06	2.54825e+06	2.46875e+06	2.52425e+06	
2.41075e+06	2.43475e+06	2.37925e+06	2.395e+06	2.392e+06	
2.199e+06	2.233e+06	2.204e+06	2.237e+06	2.17375e+06	
1.957e+06	1.9105e+06	1.88525e+06	1.908e+06	1.9155e+06	
1.65525e+06	1.66775e+06	1.652e+06	1.59925e+06	1.67675e+06	
1.38375e+06	1.43275e+06	1.41525e+06	1.3995e+06	1.402e+06	
1.242e+06	1.26025e+06	1.22625e+06	1.24125e+06	1.25e+06	
1.18275e+06	1.18575e+06	1.1815e+06	1.1775e+06	1.16375e+06	
1.20775e+06	1.18575e+06	1.18325e+06	1.23875e+06	1.2035e+06	
1.30625e+06	1.31875e+06	1.26575e+06	1.3075e+06	1.3155e+06	
1.3975e+06	1.412e+06	1.43225e+06	1.39e+06	1.39125e+06	
1.4385e+06	1.4555e+06	1.436e+06	1.4485e+06	1.43525e+06	
1.42275e+06	1.44475e+06	1.4625e+06	1.439e+06	1.422e+06	
1.42525e+06	1.39175e+06	1.44725e+06	1.4285e+06	1.45875e+06	
1.42525e+06	1.42525e+06	1.4405e+06	1.41575e+06	1.45925e+06	
1.41825e+06	1.45425e+06	1.42525e+06	1.43225e+06	1.44425e+06	
1.436e+06	1.412e+06	1.45225e+06	1.42075e+06	1.43225e+06	
1.49275e+06	1.51475e+06	1.43525e+06	1.43025e+06	1.4555e+06	
1.533e+06	1.54125e+06	1.5475e+06	1.514e+06	1.53925e+06	
1.61125e+06	1.6325e+06	1.5545e+06	1.5545e+06	1.59675e+06	
1.6855e+06	1.64075e+06	1.64525e+06	1.65475e+06	1.66475e+06	
1.69675e+06	1.724e+06	1.72775e+06	1.67675e+06	1.729e+06	
1.77825e+06	1.77825e+06	1.78875e+06	1.79e+06	1.7875e+06	
1.855e+06	1.8115e+06	1.80325e+06	1.83675e+06	1.83425e+06	
1.92175e+06	1.9615e+06	1.9085e+06	1.93375e+06	1.93e+06	
1.969e+06	1.947e+06	2.01325e+06	2.0095e+06	1.99675e+06	
2.03525e+06	2.06925e+06	1.99675e+06	2.06675e+06	2.05025e+06	
2.10275e+06	2.12775e+06	2.09125e+06	2.1095e+06	2.12975e+06	
2.16375e+06	2.1745e+06	2.133e+06	2.133e+06	2.12925e+06	
2.216e+06	2.1815e+06	2.14875e+06	2.19525e+06	2.17825e+06	
2.22675e+06	2.1795e+06	2.19475e+06	2.2105e+06	2.218e+06	
2.24125e+06	2.179e+06	2.2735e+06	2.28975e+06	2.21225e+06	
2.276e+06	2.213e+06	2.22125e+06	2.2105e+06	2.23575e+06	
2.2665e+06	2.25525e+06	2.247e+06	2.242e+06	2.20725e+06	
2.276e+06	2.2475e+06	2.28025e+06	2.228e+06	2.28225e+06	
2.298e+06	2.27525e+06	2.2425e+06	2.21675e+06	2.24575e+06	
2.252e+06	2.25775e+06	2.23175e+06	2.27275e+06	2.2565e+06	
2.22425e+06	2.21675e+06	2.26575e+06	2.21925e+06	2.22925e+06	
2.2495e+06	2.25525e+06	2.26775e+06	2.2375e+06	2.30425e+06	
2.2685e+06	2.2565e+06	2.245e+06	2.242e+06	2.2565e+06	
2.22125e+06	2.2515e+06	2.259e+06	2.2515e+06	2.24075e+06	
2.264e+06	2.196e+06	2.259e+06	2.26525e+06	2.23575e+06	
2.24375e+06	2.19225e+06	2.23425e+06	2.20975e+06	2.23e+06	
2.23e+06	2.17075e+06	2.23125e+06	2.201e+06	2.25325e+06	
2.2155e+06	2.17125e+06	2.21725e+06	2.2035e+06	2.2055e+06	
2.233e+06	2.20275e+06	2.20675e+06	2.21925e+06	2.22925e+06	
2.24325e+06	2.21675e+06	2.223e+06	2.21975e+06	2.228e+06	
2.18775e+06	2.19725e+06	2.225e+06	2.21225e+06	2.19975e+06	
2.18575e+06	2.17775e+06	2.208e+06	2.18775e+06	2.20675e+06	
2.18525e+06	2.19975e+06	2.143e+06	2.1965e+06	2.2055e+06	
2.18025e+06	2.184e+06	2.18075e+06	2.14175e+06	2.17325e+06	
2.17525e+06	2.153e+06	2.14225e+06	2.1695e+06	2.1675e+06	
2.17525e+06	2.17575e+06	2.1595e+06	2.13675e+06	2.19225e+06	
2.17e+06	2.184e+06	2.141e+06	2.12975e+06	2.13175e+06	
2.1915e+06	2.17825e+06	2.145e+06	2.15675e+06	2.17125e+06	
2.1675e+06	2.13425e+06	2.16125e+06	2.143e+06	2.1525e+06	
2.126e+06	2.16375e+06	2.14225e+06	2.18075e+06	2.16375e+06	
2.1675e+06	2.155e+06	2.148e+06	2.1985e+06	2.15175e+06	
2.1525e+06	2.119e+06	2.1595e+06	2.1285e+06	2.1505e+06	
2.138e+06	2.17375e+06	2.1625e+06	2.153e+06	2.15425e+06	
2.15125e+06	2.1065e+06	2.14425e+06	2.121e+06	2.10825e+06	
2.1355e+06	2.11525e+06	2.14625e+06	2.1385e+06	2.08875e+06	
2.13975e+06	2.1095e+06	2.15875e+06	2.08175e+06	2.11275e+06	
2.15e+06	2.11025e+06	2.11525e+06	2.09375e+06	2.10825e+06	
2.1185e+06	2.095e+06	2.1135e+06	2.136e+06	2.0925e+06	
2.0775e+06	2.061e+06	2.0585e+06	2.08125e+06	2.12925e+06	
2.11075e+06	2.102e+06	2.0775e+06	2.12025e+06	2.109e+06	
2.10575e+06	2.097e+06	2.08875e+06	2.0805e+06	2.0605e+06	
2.0845e+06	2.06675e+06	2.10325e+06	2.10275e+06	2.08375e+06	
2.08125e+06	2.053e+06	2.08875e+06	2.06475e+06	2.0945e+06	
2.078e+06	2.08875e+06	2.12525e+06	2.095e+06	2.109e+06	
2.1265e+06	2.11075e+06	2.10325e+06	2.08575e+06	2.1115e+06	
2.07625e+06	2.10825e+06	2.075e+06	2.08125e+06	2.10775e+06	
2.0655e+06	2.0655e+06	2.1015e+06	2.102e+06	2.085e+06	
2.09375e+06	2.06225e+06	2.085e+06	2.053e+06	2.07175e+06	
2.07875e+06	2.114e+06	2.0265e+06	2.06175e+06	2.032e+06	
2.07e+06	2.1015e+06	2.0585e+06	2.0535e+06	2.04975e+06	
2.0435e+06	2.05725e+06	2.073e+06	2.012e+06	2.0845e+06	
2.07e+06	2.03575e+06	2.03975e+06	2.09575e+06	2.02775e+06	
2.0145e+06	2.03775e+06	2.0655e+06	2.032e+06	2.058e+06	
2.01075e+06	1.993e+06	2.03775e+06	2.034e+06	1.97975e+06	
2.049e+06	2.02825e+06	2.0635e+06	2.051e+06	2.053e+06	
2.03725e+06	2.039e+06	2.04475e+06	2.07425e+06	2.03275e+06	
2.04025e+06	2.0725e+06	2.0175e+06	2.0055e+06	2.04475e+06	
2.053e+06	2.027e+06	2.0245e+06	2.02275e+06	1.99675e+06	
2.00425e+06	2.0095e+06	2.012e+06	1.98475e+06	2.0635e+06	
2.029e+06	1.988e+06	2.0005e+06	1.9905e+06	2.027e+06	
1.9595e+06	2.024e+06	1.97975e+06	2.00875e+06	1.99175e+06	
2.007e+06	1.96225e+06	1.988e+06	2.027e+06	1.96225e+06	
1.998e+06	2.005e+06	1.995e+06	1.9755e+06	1.93825e+06	
1.97725e+06	1.9785e+06	1.96475e+06	1.959e+06	1.96025e+06	
1.97475e+06	1.98425e+06	1.974e+06	2.0055e+06	1.9735e+06	
1.9805e+06	1.99375e+06	1.9715e+06	1.928e+06	1.96475e+06	
1.95325e+06	1.97675e+06	1.94525e+06	1.94575e+06	1.95525e+06	
1.96775e+06	1.94775e+06	1.886e+06	1.93875e+06	1.90425e+06	
1.94e+06	1.91925e+06	1.94125e+06	1.889e+06	1.896e+06	
1.9375e+06	1.95575e+06	1.923e+06	1.90225e+06	1.908e+06	
1.90725e+06	1.89925e+06	1.91175e+06	1.903e+06	1.9275e+06	
1.913e+06	1.8915e+06	1.88975e+06	1.93075e+06	1.92e+06	
1.89975e+06	1.88725e+06	1.89025e+06	1.923e+06	1.90225e+06	
1.9135e+06	1.9175e+06	1.91675e+06	1.906e+06	1.88775e+06	
1.882e+06	1.8865e+06	1.8865e+06	1.86575e+06	1.87775e+06	
1.92e+06	1.86325e+06	1.8745e+06	1.86125e+06	1.86075e+06	
1.91175e+06	1.877e+06	1.87825e+06	1.8715e+06	1.8745e+06	
1.872e+06	1.901e+06	1.88775e+06	1.84625e+06	1.925e+06	
1.85625e+06	1.85825e+06	1.862e+06	1.85e+06	1.88525e+06	
1.8355e+06	1.86075e+06	1.81525e+06	1.86125e+06	1.8375e+06	
1.78375e+06	1.84625e+06	1.85175e+06	1.80525e+06	1.85125e+06	
1.823e+06	1.823e+06	1.83875e+06	1.83675e+06	1.84175e+06	
1.814e+06	1.83875e+06	1.797e+06	1.8405e+06	1.84675e+06	
1.84675e+06	1.84e+06	1.8255e+06	1.83475e+06	1.831e+06	
1.81475e+06	1.8185e+06	1.80575e+06	1.8215e+06	1.85375e+06	
1.8115e+06	1.83175e+06	1.799e+06	1.821e+06	1.82025e+06	
1.81725e+06	1.80725e+06	1.82025e+06	1.80525e+06	1.7875e+06	
1.8015e+06	1.8355e+06	1.802e+06	1.782e+06	1.838e+06	
1.8255e+06	1.79575e+06	1.768e+06	1.8135e+06	1.78625e+06	
1.79825e+06	1.75475e+06	1.78625e+06	1.7825e+06	1.79775e+06	
1.77125e+06	1.7625e+06	1.794e+06	1.74975e+06	1.7795e+06	
1.7945e+06	1.77825e+06	1.76425e+06	1.7995e+06	1.7945e+06	
1.7915e+06	1.768e+06	1.76925e+06	1.79075e+06	1.78575e+06	
1.7795e+06	1.794e+06	1.80775e+06	1.80525e+06	1.7625e+06	
1.8065e+06	1.7895e+06	1.7535e+06	1.76425e+06	1.777e+06	
1.79525e+06	1.77825e+06	1.8165e+06	1.7655e+06	1.76675e+06	
1.76425e+06	1.7585e+06	1.78325e+06	1.7655e+06	1.74675e+06	
1.736e+06	1.7775e+06	1.76425e+06	1.75475e+06	1.75725e+06	
1.74925e+06	1.7335e+06	1.7315e+06	1.7315e+06	1.7365e+06	
1.7485e+06	1.75675e+06	1.74225e+06	1.75175e+06	1.7215e+06	
1.72275e+06	1.7385e+06	1.76625e+06	1.75225e+06	1.73525e+06	
1.729e+06	1.707e+06	1.698e+06	1.6855e+06	1.719e+06	
1.736e+06	1.75675e+06	1.681e+06	1.68875e+06	1.71525e+06	
1.68625e+06	1.71575e+06	1.685e+06	1.69125e+06	1.724e+06	
1.69175e+06	1.70375e+06	1.6975e+06	1.69625e+06	1.71125e+06	
1.6705e+06	1.664e+06	1.68425e+06	1.69e+06	1.6955e+06	
1.6975e+06	1.68875e+06	1.683e+06	1.65025e+06	1.67725e+06	
1.71075e+06	1.695e+06	1.671e+06	1.6785e+06	1.702e+06	
1.69875e+06	1.6755e+06	1.6755e+06	1.6495e+06	1.68875e+06	
1.69375e+06	1.681e+06	1.707e+06	1.661e+06	1.64325e+06	
1.664e+06	1.66225e+06	1.6925e+06	1.693e+06	1.664e+06	
1.659e+06	1.61925e+06	1.6665e+06	1.6275e+06	1.63e+06	
1.65275e+06	1.65025e+06	1.661e+06	1.652e+06	1.61925e+06	
1.647e+06	1.66025e+06	1.659e+06	1.664e+06	1.6585e+06	
1.642e+06	1.666e+06	1.6205e+06	1.618e+06	1.62825e+06	
1.62325e+06	1.6415e+06	1.61375e+06	1.59225e+06	1.6395e+06	
1.6155e+06	1.644e+06	1.65325e+06	1.64025e+06	1.58725e+06	
1.61125e+06	1.64275e+06	1.62825e+06	1.635e+06	1.5935e+06	
1.61e+06	1.63e+06	1.613e+06	1.6105e+06	1.61175e+06	
1.61e+06	1.6295e+06	1.64825e+06	1.6395e+06	1.60675e+06	
1.637e+06	1.5915e+06	1.62825e+06	1.601e+06	1.64025e+06	
1.6205e+06	1.603e+06	1.62575e+06	1.5985e+06	1.64275e+06	
1.61675e+06	1.63125e+06	1.58525e+06	1.60475e+06	1.63575e+06	
1.6175e+06	1.639e+06	1.6105e+06	1.6205e+06	1.60725e+06	
1.557e+06	1.58225e+06	1.59425e+06	1.58725e+06	1.606e+06	
1.6035e+06	1.5745e+06	1.5715e+06	1.564e+06	1.63125e+06	
1.60425e+06	1.55625e+06	1.60425e+06	1.57775e+06	1.58475e+06	
1.57975e+06	1.574e+06	1.5665e+06	1.57325e+06	1.5715e+06	
1.5785e+06	1.62325e+06	1.60925e+06	1.5955e+06	1.581e+06	
1.5985e+06	1.581e+06	1.54825e+06	1.557e+06	1.55625e+06	
1.52975e+06	1.523e+06	1.54825e+06	1.5545e+06	1.5475e+06	
1.5405e+06	1.572e+06	1.50025e+06	1.545e+06	1.55575e+06	
1.55825e+06	1.52675e+06	1.56325e+06	1.52975e+06	1.5495e+06	
1.5235e+06	1.49825e+06	1.49775e+06	1.54875e+06	1.5375e+06	
1.54e+06	1.4845e+06	1.516e+06	1.485e+06	1.533e+06	
1.492e+06	1.506e+06	1.51975e+06	1.528e+06	1.5035e+06	
1.52225e+06	1.51525e+06	1.49575e+06	1.5475e+06	1.51225e+06	
1.477e+06	1.4675e+06	1.506e+06	1.48325e+06	1.494e+06	
1.51275e+06	1.48775e+06	1.453e+06	1.4775e+06	1.4795e+06	
1.46675e+06	1.4845e+06	1.451e+06	1.46425e+06	1.43275e+06	
1.45175e+06	1.4675e+06	1.48825e+06	1.45925e+06	1.4485e+06	
1.45925e+06	1.46425e+06	1.47125e+06	1.463e+06	1.468e+06	
1.46925e+06	1.41025e+06	1.45625e+06	1.43225e+06	1.44725e+06	
1.39125e+06	1.39875e+06	1.42075e+06	1.4e+06	1.41525e+06	
1.39e+06	1.38875e+06	1.39575e+06	1.4025e+06	1.397e+06	
1.4075e+06	1.39125e+06	1.39575e+06	1.36475e+06	1.39575e+06	
1.366e+06	1.361e+06	1.36425e+06	1.36425e+06	1.37425e+06	
1.351e+06	1.3415e+06	1.32125e+06	1.3345e+06	1.385e+06	
1.332e+06	1.32325e+06	1.32375e+06	1.32e+06	1.33e+06	
1.29475e+06	1.322e+06	1.3025e+06	1.32375e+06	1.27525e+06	
1.29975e+06	1.28275e+06	1.3125e+06	1.296e+06	1.29975e+06	
1.2905e+06	1.3005e+06	1.288e+06	1.27275e+06	1.30175e+06	
1.27275e+06	1.293e+06	1.2955e+06	1.291e+06	1.26825e+06	
1.27475e+06	1.26775e+06	1.245e+06	1.27475e+06	1.2645e+06	
1.2545e+06	1.25825e+06	1.242e+06	1.2275e+06	1.274e+06	
1.26075e+06	1.25775e+06	1.27975e+06	1.2665e+06	1.2495e+06	
1.2615e+06	1.2475e+06	1.3005e+06	1.2615e+06	1.257e+06	
1.2615e+06	1.22875e+06	1.2765e+06	1.22875e+06	1.2235e+06	
1.24075e+06	1.2425e+06	1.245e+06	1.218e+06	1.23925e+06	
1.2545e+06	1.24375e+06	1.2645e+06	1.225e+06	1.24075e+06	
1.25375e+06	1.27775e+06	1.25575e+06	1.252e+06	1.25075e+06	
1.28975e+06	1.25375e+06	1.24875e+06	1.27475e+06	1.25825e+06	
1.267e+06	1.23675e+06	1.2695e+06	1.26325e+06	1.23425e+06	
1.23875e+06	1.259e+06	1.22625e+06	1.25775e+06	1.25575e+06	
1.28225e+06	1.24075e+06	1.2595e+06	1.23125e+06	1.2475e+06	
1.28225e+06	1.24375e+06	1.264e+06	1.25825e+06	1.2615e+06	
1.2785e+06	1.28725e+06	1.267e+06	1.29475e+06	1.298e+06	
1.31375e+06	1.2935e+06	1.33e+06	1.3055e+06	1.2835e+06	
1.31e+06	1.3225e+06	1.30875e+06	1.3005e+06	1.27275e+06	
1.296e+06	1.29425e+06	1.32375e+06	1.29225e+06	1.3055e+06	
1.3075e+06	1.2695e+06	1.30625e+06	1.29675e+06	1.28975e+06	
1.27775e+06	1.26575e+06	1.24575e+06	1.267e+06	1.264e+06	
1.2325e+06	1.23375e+06	1.2355e+06	1.225e+06	1.23125e+06	
1.165e+06	1.209e+06	1.17075e+06	1.182e+06	1.18825e+06	
1.1795e+06	1.17e+06	1.172e+06	1.16875e+06	1.17075e+06	
1.1915e+06	1.17875e+06	1.13925e+06	1.1525e+06	1.184e+06	
1.187e+06	1.196e+06	1.20475e+06	1.17375e+06	1.1965e+06	
1.211e+06	1.22925e+06	1.20225e+06	1.2375e+06	1.213e+06	
1.264e+06	1.2545e+06	1.2445e+06	1.264e+06	1.252e+06	
1.259e+06	1.2425e+06	1.24125e+06	1.26325e+06	1.247e+06	
1.28225e+06	1.2595e+06	1.27025e+06	1.255e+06	1.2445e+06	
1.31425e+06	1.26075e+06	1.26025e+06	1.26825e+06	1.2785e+06	
1.267e+06	1.271e+06	1.288e+06	1.284e+06	1.26775e+06	
1.25075e+06	1.24575e+06	1.24575e+06	1.25575e+06	1.24575e+06	
1.23675e+06	1.2765e+06	1.27725e+06	1.2665e+06	1.25075e+06	
1.28225e+06	1.26325e+06	1.2475e+06	1.26025e+06	1.252e+06	
1.27225e+06	1.24e+06	1.279e+06	1.279e+06	1.2615e+06	
1.252e+06	1.2615e+06	1.2665e+06	1.21425e+06	1.264e+06	
1.2425e+06	1.2035e+06	1.22875e+06	1.192e+06	1.2185e+06	
1.233e+06	1.242e+06	1.22675e+06	1.20775e+06	1.23375e+06	
1.23175e+06	1.206e+06	1.187e+06	1.2185e+06	1.218e+06	
1.23925e+06	1.211e+06	1.233e+06	1.21175e+06	1.2015e+06	
1.2105e+06	1.2255e+06	1.20025e+06	1.2305e+06	1.1725e+06	
1.20475e+06	1.19275e+06	1.22175e+06	1.20975e+06	1.20275e+06	
1.221e+06	1.1915e+06	1.242e+06	1.19975e+06	1.20275e+06	
1.213e+06	1.204e+06	1.21975e+06	1.20025e+06	1.216e+06	
1.194e+06	1.1965e+06	1.19325e+06	1.21425e+06	1.2065e+06	
1.2275e+06	1.211e+06	1.201e+06	1.19325e+06	1.211e+06	
1.2035e+06	1.2085e+06	1.24325e+06	1.20475e+06	1.206e+06	
1.20275e+06	1.20525e+06	1.189e+06	1.21975e+06	1.21725e+06	
1.206e+06	1.1965e+06	1.20975e+06	1.177e+06	1.22925e+06	
1.223e+06	1.2105e+06	1.2105e+06	1.19025e+06	1.15875e+06	
1.19325e+06	1.184e+06	1.199e+06	1.15375e+06	1.18775e+06	
1.1965e+06	1.19025e+06	1.1845e+06	1.19725e+06	1.19275e+06	
1.19325e+06	1.18075e+06	1.175e+06	1.177e+06	1.20975e+06	
1.19775e+06	1.213e+06	1.2035e+06	1.196e+06	1.19275e+06	
1.19075e+06	1.20225e+06	1.20975e+06	1.1795e+06	1.184e+06	
1.2065e+06	1.199e+06	1.1865e+06	1.1775e+06	1.20225e+06	
1.20275e+06	1.17825e+06	1.1695e+06	1.15925e+06	1.1845e+06	
1.2015e+06	1.194e+06	1.17075e+06	1.1985e+06	1.1745e+06	
1.1845e+06	1.182e+06	1.1725e+06	1.15875e+06	1.2035e+06	
1.19025e+06	1.19475e+06	1.201e+06	1.21225e+06	1.21675e+06	
1.2065e+06	1.22425e+06	1.213e+06	1.2135e+06	1.1895e+06	
1.19725e+06	1.1915e+06	1.192e+06	1.182e+06	1.196e+06	
1.184e+06	1.20275e+06	1.19525e+06	1.16125e+06	1.2325e+06	
1.1895e+06	1.167e+06	1.167e+06	1.17e+06	1.21175e+06	
1.206e+06	1.196e+06	1.20025e+06	1.1895e+06	1.228e+06	
1.2065e+06	1.175e+06	1.18825e+06	1.2065e+06	1.20975e+06	
1.21475e+06	1.223e+06	1.19075e+06	1.1745e+06	1.20025e+06	
1.213e+06	1.18825e+06	1.18075e+06	1.18275e+06	1.20225e+06	
1.21725e+06	1.19075e+06	1.19325e+06	1.2085e+06	1.204e+06	
1.19525e+06	1.18775e+06	1.1985e+06	1.1895e+06	1.1895e+06	
1.19275e+06	1.201e+06	1.18275e+06	1.2105e+06	1.18825e+06	
1.16175e+06	1.1695e+06	1.194e+06	1.18575e+06	1.23375e+06	
1.192e+06	1.20525e+06	1.21425e+06	1.19975e+06	1.1985e+06	
1.18325e+06	1.213e+06	1.184e+06	1.22175e+06	1.19775e+06	
1.20225e+06	1.19975e+06	1.189e+06	1.17575e+06	1.1895e+06	
1.172e+06	1.20275e+06	1.1985e+06	1.17575e+06	1.189e+06	
1.17325e+06	1.18575e+06	1.17625e+06	1.1865e+06	1.18775e+06	
1.17075e+06	1.18075e+06	1.19275e+06	1.148e+06	1.194e+06	
1.2065e+06	1.167e+06	1.19025e+06	1.1575e+06	1.216e+06	
1.211e+06	1.1845e+06	1.19025e+06	1.18775e+06	1.20475e+06	
1.177e+06	1.172e+06	1.19025e+06	1.20025e+06	1.1525e+06	
1.1865e+06	1.19275e+06	1.17e+06	1.17125e+06	1.177e+06	
1.189e+06	1.15625e+06	1.192e+06	1.194e+06	1.16875e+06	
1.189e+06	1.1795e+06	1.17575e+06	1.177e+06	1.199e+06	
1.19775e+06	1.18075e+06	1.20975e+06	1.13925e+06	1.177e+06	
1.1745e+06	1.19975e+06	1.196e+06	1.1795e+06	1.177e+06	
1.1725e+06	1.2085e+06	1.1555e+06	1.17625e+06	1.15925e+06	
1.17375e+06	1.1815e+06	1.13425e+06	1.16625e+06	1.146e+06	
1.15625e+06	1.16825e+06	1.15e+06	1.1555e+06	1.16e+06	
1.13675e+06	1.16875e+06	1.15675e+06	1.1605e+06	1.1455e+06	
1.19475e+06	1.13675e+06	1.16125e+06	1.13275e+06	1.14925e+06	
1.138e+06	1.1285e+06	1.146e+06	1.17125e+06	1.1605e+06	
1.136e+06	1.15375e+06	1.14175e+06	1.1435e+06	1.15e+06	
1.15375e+06	1.14225e+06	1.153e+06	1.16375e+06	1.158e+06	
1.143e+06	1.14875e+06	1.16825e+06	1.16375e+06	1.165e+06	
1.13675e+06	1.13675e+06	1.1625e+06	1.16e+06	1.14675e+06	
1.15375e+06	1.16625e+06	1.15375e+06	1.1815e+06	1.18275e+06	
1.16625e+06	1.146e+06	1.1505e+06	1.165e+06	1.1605e+06	
1.1435e+06	1.14175e+06	1.15875e+06	1.10575e+06	1.1335e+06	
1.14225e+06	1.15e+06	1.1525e+06	1.141e+06	1.14175e+06	
1.14175e+06	1.12775e+06	1.13925e+06	1.1795e+06	1.143e+06	
1.14875e+06	1.14225e+06	1.14225e+06	1.18275e+06	1.12525e+06	
1.13475e+06	1.13725e+06	1.14875e+06	1.14175e+06	1.1525e+06	
1.10825e+06	1.158e+06	1.1185e+06	1.13225e+06	1.13725e+06	
1.143e+06	1.114e+06	1.158e+06	1.1575e+06	1.1645e+06	
1.13675e+06	1.126e+06	1.1065e+06	1.11525e+06	1.13975e+06	
1.1095e+06	1.1265e+06	1.12275e+06	1.13925e+06	1.121e+06	
1.09125e+06	1.114e+06	1.1095e+06	1.08125e+06	1.1165e+06	
1.0945e+06	1.08425e+06	1.10325e+06	1.08625e+06	1.071e+06	
1.0945e+06	1.11025e+06	1.08825e+06	1.10125e+06	1.09125e+06	
1.104e+06	1.1045e+06	1.09125e+06	1.06925e+06	1.12525e+06	
1.10775e+06	1.10275e+06	1.107e+06	1.10525e+06	1.0945e+06	
1.09875e+06	1.08625e+06	1.09125e+06	1.1e+06	1.09625e+06	
1.1e+06	1.11025e+06	1.0995e+06	1.0975e+06	1.09625e+06	
1.08375e+06	1.11075e+06	1.10075e+06	1.0775e+06	1.09375e+06	
1.09375e+06	1.095e+06	1.12025e+06	1.1e+06	1.107e+06	
1.08825e+06	1.0855e+06	1.0925e+06	1.073e+06	1.09875e+06	
1.1065e+06	1.08875e+06	1.0875e+06	1.102e+06	1.06725e+06	
1.083e+06	1.07175e+06	1.075e+06	1.0755e+06	1.08875e+06	
1.0975e+06	1.0855e+06	1.0855e+06	1.0945e+06	1.08375e+06	
1.08125e+06	1.03775e+06	1.07925e+06	1.039e+06	1.07875e+06	
1.0315e+06	1.029e+06	1.02125e+06	1.05275e+06	1.0395e+06	
1.0055e+06	1.037e+06	1.029e+06	1.04475e+06	1.01e+06	
1.0075e+06	1.00425e+06	1.01125e+06	1.01125e+06	1.0145e+06	
1.04275e+06	1.0075e+06	1.0465e+06	1.0435e+06	1.04725e+06	
1.0485e+06	1.058e+06	1.046e+06	1.0725e+06	1.0435e+06	
1.05975e+06	1.05225e+06	1.03075e+06	1.03775e+06	1.0365e+06	
1.075e+06	1.06175e+06	1.0635e+06	1.05675e+06	1.078e+06	
1.08175e+06	1.07925e+06	1.05475e+06	1.0875e+06	1.0265e+06	
1.07925e+06	1.05275e+06	1.07625e+06	1.0725e+06	1.04775e+06	
1.05975e+06	1.06675e+06	1.08625e+06	1.06175e+06	1.0825e+06	
1.058e+06	1.06425e+06	1.06225e+06	1.0605e+06	1.0635e+06	
1.063e+06	1.04975e+06	1.0725e+06	1.06725e+06	1.06175e+06	
1.0585e+06	1.0635e+06	1.0995e+06	1.06425e+06	1.05725e+06	
1.0775e+06	1.08175e+06	1.0435e+06	1.054e+06	1.05525e+06	
1.06175e+06	1.066e+06	1.04475e+06	1.0535e+06	1.06925e+06	
1.092e+06	1.085e+06	1.06425e+06	1.04275e+06	1.04725e+06	
1.068e+06	1.049e+06	1.05675e+06	1.04025e+06	1.0725e+06	
1.0875e+06	1.0245e+06	1.03075e+06	1.05475e+06	1.04775e+06	
1.05025e+06	1.0485e+06	1.05725e+06	1.061e+06	1.08425e+06	
1.061e+06	1.056e+06	1.03025e+06	1.06225e+06	1.04725e+06	
1.0395e+06	1.05525e+06	1.05975e+06	1.054e+06	1.05525e+06	
1.068e+06	1.0535e+06	1.056e+06	1.04275e+06	1.05675e+06	
1.06175e+06	1.068e+06	1.066e+06	1.03525e+06	1.0415e+06	
1.08425e+06	1.05725e+06	1.0265e+06	1.03575e+06	1.04075e+06	
1.066e+06	1.037e+06	1.05025e+06	1.05525e+06	1.02125e+06	
1.049e+06	1.00875e+06	1.02e+06	1.03075e+06	1.0655e+06	
1.073e+06	1.04725e+06	1.032e+06	1.05275e+06	1.03825e+06	
1.04225e+06	1.068e+06	1.0395e+06	1.02125e+06	1.03325e+06	
1.0395e+06	1.01625e+06	1.0345e+06	1.05975e+06	1.05225e+06	
1.0345e+06	1.034e+06	1.0415e+06	1.03275e+06	1.022e+06	
1.03575e+06	1.0345e+06	1.03775e+06	1.05475e+06	1.0465e+06	
1.04775e+06	1.04275e+06	1.04275e+06	1.015e+06	1.04975e+06	
1.00875e+06	1.025e+06	1.03275e+06	1.0345e+06	1.032e+06	
1.029e+06	1.027e+06	1.0315e+06	1.025e+06	1.01125e+06	
1.0415e+06	1.032e+06	1.032e+06	1.025e+06	1.0175e+06	
1.032e+06	1.03025e+06	1.01375e+06	1.0365e+06	1.01325e+06	
1.02125e+06	1.01625e+06	997500	1.01375e+06	1.01e+06	
1.0245e+06	1.01125e+06	1.0025e+06	1.0315e+06	1.0075e+06	
989250	989750	991750	1.00875e+06	991750	
967750	983500	981000	953250	983500	
966000	973500	947500	967750	962750	
960250	964000	973500	951500	967250	
972250	964000	983500	1.003e+06	972250	
979750	984750	958250	957750	967250	
979000	988000	972750	991750	983000	
988000	976500	993000	966500	985500	
983000	1.00125e+06	970250	964750	984750	
974750	986000	985500	967750	1.00875e+06	
998750	979750	967750	990500	967250	
973500	986750	984250	986000	961500	
1.003e+06	982250	971500	971000	1.00425e+06	
1.00425e+06	1.01075e+06	998000	969750	973500	
991000	981750	984250	950250	981750	
976500	986000	989250	996750	1e+06	
977750	1.02125e+06	1.00375e+06	969000	967250	
994250	974750	968500	986750	944500	
968500	991750	976500	962000	979000	
985500	992250	976000	965250	978500	
982250	977750	955750	955750	971000	
980500	965250	971500	973500	979750	
962000	977250	990500	979750	948250	
951500	962000	971000	947000	940750	
945000	969750	983000	964000	972750	
973500	964000	962750	952750	974000	
960250	983000	969750	964000	950750	
940750	958250	974000	949500	972750	
950750	925500	959000	939500	962750	
965250	972250	961500	953250	977750	
945000	943250	946250	955250	964750	
941250	956500	937000	966000	969000	
946250	959000	939500	950750	957750	
936250	932500	955750	953250	954000	
960250	953250	930500	943750	957750	
940000	972750	944500	930000	910500	
934500	891500	959500	933750	952000	
935750	928000	939500	950250	943750	
935750	928750	923750	938750	933000	
940000	931250	932500	938250	931250	
962750	940000	944500	933750	954000	
947000	920500	939500	933000	943250	
916000	930000	929250	927500	930500	
926250	948250	921750	945750	943750	
920000	929250	938750	942500	916750	
941250	937500	934500	930500	924250	
937000	920000	920500	932500	922500	
940750	891000	919250	927500	922500	
923000	902250	910500	928750	894000	
913500	915500	920500	921250	899000	
916750	925000	933000	902250	923000	
914250	937500	908500	907250	933750	
896000	914250	914250	909750	920000	
914750	894750	903500	885250	938250	
908000	898500	916000	911750	919250	
910500	908500	897250	906000	898500	
908000	930000	905500	902250	925500	
887750	897750	886500	896000	911000	
898500	894750	908000	897250	928750	
923750	894000	885250	905500	913000	
898500	920500	908500	870000	886500	
899750	918750	894750	882000	888500	
885750	903500	881500	867500	899000	
908000	897250	893500	917250	889000	
900250	910500	899750	883250	904750	
910500	873250	874000	877000	906750	
894750	877750	885750	913500	865000	
871250	876500	874000	875750	875250	
898500	891000	877750	873250	877750	
863250	875750	860750	874000	892250	
872000	863750	880250	894750	889000	
896000	870750	871250	865000	882000	
880250	860000	865000	871250	891000	
880250	876500	892250	872500	891000	
871250	882750	847500	834750	862000	
864500	874000	856750	873250	866250	
855000	850000	846250	869500	878250	
869500	870750	849250	842500	870000	
863250	851250	856750	850500	848750	
871250	874500	850500	865750	860750	
839250	867500	848000	860000	848750	
854250	841750	856250	873250	856250	
846750	856250	825250	859500	865750	
845000	845000	860750	856250	858750	
851250	830500	857500	848750	852500	
864500	855500	856250	858250	838500	
838000	841750	838500	827250	850000	
859500	836000	861250	863250	838500	
848000	830500	826000	829750	839750	
862500	829750	841750	831000	840500	
841750	831000	847500	852500	829750	
832250	844250	828500	815250	850500	
844250	828500	852500	829750	827250	
833500	821000	807000	841750	840500	
836750	834250	816500	836000	832250	
815250	838500	817750	830500	838000	
805250	814000	837250	810750	823500	
822750	802000	815250	825250	820250	
826000	822250	824000	820250	826000	
839250	806500	800250	816000	797750	
797000	800750	793250	813500	816000	
797000	800250	785000	789500	813500	
805750	801500	799500	800750	784500	
804500	801500	766250	778000	803250	
799000	819000	785750	787000	793250	
792500	800750	803250	782000	808250	
799000	782000	802000	820250	804500	
795750	797750	800250	809500	770000	
778750	780000	787500	776750	746500	
778750	757250	779250	770000	787000	
774250	753000	765500	766250	764250	
778750	777500	768750	774250	778750	
785750	780500	766750	783750	766750	
773750	784500	768000	778750	786250	
764750	774250	777500	776750	773750	
756000	768000	758000	764750	766250	
764750	783250	781250	767500	766250	
771750	732750	781250	781250	778750	
767500	766250	745250	771250	785000	
784500	727000	771750	762250	758500	
754750	769250	761750	775500	762250	
769250	753000	786250	793250	767500	
763500	774250	759750	775000	767500	
802000	783750	774250	783750	800750	
786250	775500	778750	793250	778750	
793250	763500	786250	778000	785750	
787500	797000	817750	793250	788250	
782500	799000	792000	819750	789500	
780000	780000	777500	802750	784500	
783750	787000	795000	805750	802750	
776750	797750	787500	790750	779250	
780500	768750	778000	793250	793250	
802000	777500	780000	790000	793750	
793250	770500	804500	795750	800250	
766250	770000	785750	766750	770500	
787500	779250	770500	780500	762250	
782000	771250	766750	768000	778000	
776250	775500	766750	792000	772500	
764250	764250	771250	769250	793250	
783750	769250	759250	752250	780500	
771750	763500	763000	754250	764250	
773750	757250	749750	760500	768000	
763500	751750	757250	758500	761750	
748500	746000	751000	756000	753000	
747250	748500	776250	758000	774250	
763500	757250	763000	753500	747250	
754750	737750	740250	747750	744000	
766250	757250	756750	752250	734500	
741000	754750	746000	778750	760500	
766750	743500	770000	749000	752250	
754750	769250	759250	749750	739000	
764250	778000	747750	758000	747250	
743500	754250	761000	782000	755500	
767500	749000	762250	762250	749000	
767500	746000	750500	739750	749000	
764250	759750	763500	745250	756000	
741000	759250	742750	761750	760500	
730750	741000	752250	734500	749000	
736500	741000	745250	747750	737250	
742750	749750	756750	742750	742250	
753500	750500	746000	759250	762250	
772500	759750	742750	747250	773000	
742250	746000	731500	753000	748500	
754750	730750	746500	771750	737750	
727750	722750	751000	729000	761750	
739750	732750	746000	734500	741500	
724000	724000	734000	735250	711250	
722750	748500	737250	747750	756000	
739000	761000	728250	738500	761750	
744000	731500	744750	719500	733250	
735250	737750	741000	732750	737250	
741000	723250	754750	739000	725750	
726500	713250	735250	720250	720750	
734500	754750	733250	736000	739750	
747250	724500	726500	735250	719500	
735250	740250	725750	745250	735250	
748500	763500	750500	729500	738500	
734500	748500	730250	724000	761000	
739000	755500	734500	746000	721500	
741500	760500	744750	727750	745250	
720250	754250	730750	735250	731500	
753500	756000	746500	751750	757250	
727750	753500	749000	746000	758500	
766250	749000	732750	739750	754750	
754750	734000	737750	750500	756750	
744000	746000	744750	742750	734500	
744750	744750	738500	743500	734000	
758000	758500	724500	737250	737250	
748500	734500	722750	731500	756750	
735250	748500	726500	744000	732000	
736000	746000	750500	756750	740250	
722750	725250	723250	732000	737250	
722750	703000	736500	735250	729000	
732000	730250	734000	734500	747250	
717500	722000	732000	729500	735250	
734500	727000	735250	733250	730250	
729000	716250	725750	736500	754250	
736500	733250	746000	727750	718250	
721500	731500	713250	718750	729000	
717500	736500	718750	721500	736500	
711250	715000	721500	730750	731500	
729500	703000	712000	722000	733250	
709500	724500	718250	729000	712000	
722000	700500	715750	747250	730750	
726500	720750	728250	705750	736000	
725750	732750	700500	732000	705750	
721500	732000	721500	711250	725750	
711250	717500	703000	710750	724000	
698750	720750	713250	726500	713250	
719500	712000	707000	739750	718250	
714500	703750	707000	706250	718250	
701750	698750	722000	722000	698000	
705750	697500	684250	705750	699250	
688000	712000	698000	700500	703000	
702500	702500	695000	713750	685500	
703750	708250	713750	685500	679250	
707500	689250	691250	705000	694250	
694250	683500	691250	700500	681000	
672750	678500	686750	680500	703000	
691250	681000	678500	691750	675500	
688000	660250	678000	689250	696250	
683500	677250	681750	662250	662250	
662250	670250	671500	660250	679250	
680500	674250	658500	672750	676750	
661500	680500	661500	682250	680500	
678000	672750	659000	663500	666500	
642500	667250	655750	653250	654500	
643250	664000	654500	652750	663500	
652750	666000	649000	660250	649500	
669750	655250	664750	672250	656500	
646500	660250	657000	660250	637000	
645250	654500	665250	657750	657000	
647750	650750	633250	649000	649000	
647750	661500	645750	660250	652000	
655750	654000	664750	658500	663500	
663500	652750	655750	638750	657000	
671500	640750	661500	652750	652000	
664000	655250	667750	664750	642000	
645250	664750	669000	662750	671000	
661500	645750	650750	649000	666500	
646500	659000	652750	647000	658500	
640750	645250	659750	671500	648250	
645750	651500	656500	668500	644500	
661500	666000	654500	657750	667750	
653250	666500	660250	663500	645750	
664750	671000	666500	643250	657750	
650250	650250	642000	662250	645250	
685500	677250	652000	654000	639500	
674750	664000	662250	684250	674250	
652750	655750	656500	657750	656500	
674750	671500	677250	671500	661500	
678000	688000	676000	658500	661500	
662750	666000	664750	664750	676000	
672250	673500	663500	652000	642000	
665250	651500	671000	674250	662250	
671000	671000	666000	662250	652000	
674250	651500	662750	664000	645750	
646500	674250	667250	657000	671500	
671000	652750	662750	662250	662250	
670250	671000	642500	673500	663500	
651500	672750	667750	633250	668500	
642000	672250	655250	666000	656500	
654500	645750	624250	647000	663500	
681750	640000	661500	655750	644500	
635000	665250	660250	642500	661500	
662250	672750	632500	650250	659000	
647000	640750	645250	640000	664750	
658500	670250	652000	649500	665250	
650750	659000	644500	655250	664750	
646500	649000	652750	665250	648250	
644500	652750	651500	670250	653250	
662250	656500	651500	660250	643250	
665250	649000	662250	682250	649000	
652750	655750	643250	652750	667250	
654500	649500	661500	647750	645250	
657000	645250	653250	656500	649000	
629500	648250	644500	647750	654000	
649000	664750	638250	644500	666000	
664000	665250	656500	646500	671000	
663500	642000	666000	656500	669000	
639500	656500	661500	652000	657000	
655750	660250	649500	650250	664750	
642000	658500	662750	638250	642500	
653250	642500	649500	653250	656500	
640000	654500	647750	640750	667250	
647000	649500	661000	639500	661000	
652750	647750	649500	656500	664750	
662250	666500	645250	645250	642500	
666500	661500	650750	651500	632000	
644000	662250	657750	660250	650750	
650750	663500	650250	672250	666500	
656500	660250	654500	659750	625500	
648250	637000	656500	640000	638750	
653250	644500	651500	647000	653250	
658500	664750	640000	655250	647750	
637500	649000	650250	649500	643250	
659750	669000	654500	654500	664000	
642500	628250	658500	646500	674750	
647750	649500	671000	657000	646500	
641250	649500	647750	647750	654000	
656500	639500	635000	649500	635000	
658500	648250	648250	653250	644500	
656500	641250	655250	647000	661000	
652750	642000	661500	633250	683500	
658500	653250	654000	647750	655750	
645750	633250	669000	638250	649000	
651500	640000	657750	641250	654500	
642000	648250	664000	668500	661500	
659000	639500	657000	657750	654000	
662750	638750	657000	656500	645250	
654000	654000	659750	651500	645750	
645750	647750	657750	653250	661000	
640750	675500	669750	647750	628250	
649500	650750	668500	649000	648250	
652750	657000	648250	652000	647750	
637000	630750	643250	654500	652750	
650250	642500	640000	662750	651500	
631250	664000	645750	652750	660250	
673500	656500	644000	644500	655250	
633750	630750	638750	661000	665250	
647000	661500	651500	644500	655250	
641250	644000	635000	635000	647000	
650750	655750	651500	661500	662750	
656500	640750	632000	650750	654000	
639500	656500	639500	637500	660250	
658500	642000	663500	630750	646500	
647000	639500	642500	638750	653250	
650250	652750	655750	650750	652750	
650750	652750	645750	652750	653250	
645750	647000	674750	664000	640000	
657750	650750	661500	636250	647000	
650750	648250	650250	639500	645250	
646500	642500	654000	650250	652750	
642500	642500	650250	641250	650250	
638750	643250	647000	648250	659000	
651500	665250	643250	644500	647000	
638750	652750	651500	666000	654000	
643250	649000	645750	660250	646500	
647750	638750	656500	663500	655250	
653250	649000	659750	657750	662250	
635750	645250	655250	659750	647000	
635750	666500	638250	641250	640750	
633750	649500	637500	652750	649500	
652750	639500	645750	655250	645250	
647750	642000	667250	660250	632000	
644000	640000	628750	653250	668500	
666500	652000	662750	677250	647750	
644500	658500	637500	640000	638250	
664000	653250	645250	652750	652750	
657750	658500	650750	661500	644500	
647000	650250	639500	649000	632500	
643250	644500	640000	664750	664000	
652000	633750	667750	625000	622500	
649500	649000	621250	657750	654000	
647750	632500	659000	661000	634500	
649500	649000	650750	629500	642500	
635000	649500	647750	648250	650750	
669750	654500	627500	642500	662750	
648250	657000	658500	655250	655750	
655250	652750	655750	654000	659750	
643250	645750	635000	650750	652750	
642500	658500	656500	664000	659000	
634500	648250	638750	640000	649000	
656500	659750	622500	655250	654000	
665250	651500	640000	662250	654500	
641250	645250	644000	647750	637500	
651500	659000	648250	653250	673500	
649500	637500	638250	644000	658500	
643250	657000	641250	647750	657000	
650250	630750	647750	652000	655750	
657000	656500	655750	626250	661500	
643250	648250	641250	633750	647750	
652000	644000	647750	655750	641250	
645250	640750	659750	627500	630750	
630000	645250	654000	638250	660250	
652000	633250	638750	640750	648250	
656500	647750	638250	638250	661500	
647000	629500	659000	655250	657000	
657750	616250	650750	641250	632500	
630000	622500	655750	656500	622500	
645750	651500	644500	647750	636250	
662250	632500	654000	642500	638250	
658500	638250	654500	646500	637000	
638750	645750	667750	643250	655250	
660250	631250	640000	640750	649000	
640000	653250	642000	646500	645750	
642000	622500	635750	649000	654000	
641250	641250	649500	654500	655750	
644500	654000	636250	623750	635000	
637500	633250	659000	644000	640750	
665250	645250	644500	647000	622500	
653250	647750	644000	645750	624250	
634500	638250	652000	652000	630000	
624250	658500	644500	650750	637500	
642500	642500	634500	640750	647750	
637500	650250	638250	635750	640000	
649000	638750	639500	640000	652000	
624250	647750	645750	626750	635000	
628250	649000	661000	638750	637500	
650250	635000	649500	638750	630000	
660250	642500	635000	627500	641250	
635750	624250	639500	642500	650750	
623000	656500	654000	637000	638750	
635000	640750	632500	655750	644000	
628750	633750	633250	637000	650250	
640000	632500	652750	646500	645750	
642500	645750	635750	641250	620000	
638750	654500	629500	642000	643250	
638750	636250	626250	637500	648250	
623000	629500	640000	630750	650250	
655250	650250	633750	626750	651500	
632500	631250	635000	634500	652750	
625500	653250	637000	659750	646500	
643250	648250	642000	635000	632500	
632500	626750	649000	626250	633750	
642500	636250	642000	645750	629500	
638750	642000	641250	634500	627500	
650250	628750	628250	635750	632000	
631250	640000	642000	641250	647750	
640000	624250	625500	635750	634500	
631250	643250	647000	652750	642000	
640750	655750	637000	655750	640000	
620000	639500	638750	637500	633250	
647000	649000	635750	650750	621250	
623750	640750	638750	626250	661000	
621750	631250	642000	651500	626750	
642500	641250	630750	632500	623750	
644000	640750	628250	633750	647750	
644500	644500	644000	645250	615500	
634500	644000	645750	659750	618750	
628250	650750	638250	638250	624250	
621250	633250	626250	622500	642000	
655750	645250	623750	644500	627500	
650750	642000	645750	657750	628750	
649500	635750	622500	640750	645750	
646500	633750	641250	635000	620500	
616750	636250	620500	644000	655750	
646500	632500	642000	635750	638750	
642500	650750	646500	627500	634500	
649500	628750	637500	642500	636250	
653250	645750	644500	637500	637500	
625500	639500	642500	623000	637500	
628250	625000	648250	628750	621750	
637500	633750	637000	630000	652000	
647000	649500	650250	654000	645750	
631250	645250	643250	651500	633750	
640000	644500	649000	642500	628750	
632500	649000	621250	638250	613000	
630000	614250	632000	644000	637000	
649500	637000	622500	639500	618750	
644500	628750	626250	648250	618000	
647750	632000	652000	642500	634500	
635000	637000	629500	642500	632500	
623750	633250	642000	626750	645750	
628250	625500	620000	632000	635750	
632000	640750	624250	626250	651500	
644000	632000	620500	631250	648250	
657750	650750	639500	640000	626250	
630750	638750	637000	638250	640000	
636250	631250	640000	632000	627500	
623000	645250	624250	632000	638250	
637000	637000	646500	638250	625000	
632500	633750	626750	631250	640750	
646500	640750	640750	633750	635000	
630750	638250	636250	628250	649000	
636250	640000	629500	632000	617500	
623000	642000	614250	645250	633750	
630000	626750	632000	637000	644000	
626750	644000	641250	632000	651500	
627500	646500	640750	632500	639500	
633250	645250	628250	647000	638750	
642500	624250	638250	637500	649500	
640000	632000	632000	634500	637000	
626750	629500	639500	633250	629500	
622500	614250	617500	627500	633250	
638750	642500	656500	628250	616750	
644000	628250	645250	627500	635750	
632500	625500	634500	640750	628250	
634500	633250	640750	641250	642000	
661500	654500	630000	637500	640000	
643250	637500	634500	637500	635750	
614250	636250	628750	623750	626250	
654000	633750	611750	625000	630000	
635750	646500	636250	642000	639500	
633250	621750	650250	631250	641250	
632500	626250	643250	623750	618750	
648250	630750	626750	621750	630750	
633250	603000	632000	633750	654000	
630000	640750	648250	643250	653250	
641250	618000	631250	625500	654500	
631250	668500	638750	632000	640750	
638750	641250	633250	632000	628750	
633750	625000	623000	621750	637000	
647750	623750	615000	617500	651500	
626750	651500	640750	625000	637000	
620500	645250	635750	640750	646500	
619250	632000	638750	621750	643250	
635750	642500	641250	638250	639500	
628750	633250	635000	631250	628250	
652000	620500	642500	636250	652000	
641250	638750	620000	647750	637000	
634500	630750	621750	637000	628750	
631250	641250	644500	631250	647000	
626750	642500	627500	652000	649000	
654500	613750	650250	629500	629500	
624250	625500	636250	630000	648250	
630750	646500	620500	649500	632000	
628250	626750	635750	628250	633250	
634500	627500	621250	626750	635750	
639500	650750	625000	624250	634500	
637000	635000	647000	632500	637500	
640000	639500	628750	655750	640750	
627500	637000	626250	633750	637500	
635750	627500	639500	633250	655250	
614250	633750	655250	638250	652000	
614250	633750	655250	638250	652000	
614250	633750	655250	638250	652000	
