4250	4250	4250	4250	4250	
7.13825e+06	7.13825e+06	7.13825e+06	7.13825e+06	7.13825e+06	
530500	533500	527250	536750	523000	
506000	514750	518500	528500	514750	
510250	531000	507250	510250	515250	
516000	522250	520250	505250	524750	
506000	514750	520250	506000	509000	
495250	512750	517250	512750	517250	
512250	497750	509750	513500	509000	
540000	514750	517750	528500	518500	
531000	521750	516000	527250	521750	
522250	519000	523500	524750	521750	
537500	529750	541750	526000	529250	
544250	537500	536750	527250	535500	
520250	553250	529750	541250	553750	
547500	545500	522250	528000	541750	
552000	535500	555000	548000	558250	
545500	557000	550500	556250	553250	
554500	554500	552000	557000	552500	
560000	543750	550500	556250	566250	
559500	563750	578250	567750	574500	
559500	581500	588500	592750	577750	
579000	572000	594000	572750	585250	
649000	654000	655250	638750	652750	
840500	829750	848750	853750	819750	
843000	827250	842500	872000	831750	
860750	866250	863750	858250	851750	
852500	853000	866250	851750	854250	
863750	843750	863250	886500	845500	
863750	850500	891500	881500	854250	
877750	869500	864500	870750	885750	
885250	879000	874000	884000	909750	
901000	933000	913000	930000	928750	
942000	953250	918000	935750	931750	
919250	916750	933000	929250	947500	
917250	933750	907250	931750	943250	
917250	897750	950750	930500	932500	
926750	942500	954000	931250	952000	
931750	920000	948750	927500	929250	
924250	930500	940000	937000	951500	
959000	948250	948750	955750	948750	
976500	979000	975250	979000	966500	
1.00125e+06	988000	1e+06	976000	991000	
997500	1.003e+06	991000	989250	1.0175e+06	
1.034e+06	1.02075e+06	986750	1.029e+06	1.0315e+06	
1.02375e+06	1.017e+06	1.02125e+06	1.008e+06	1e+06	
986000	996250	999250	963250	1.005e+06	
986750	1.00425e+06	971000	1.00175e+06	1.012e+06	
1.005e+06	999250	1.0005e+06	982250	992250	
983000	962750	947000	975250	981750	
969000	955750	950250	947500	966000	
946250	941250	957000	954000	952000	
987250	966000	965250	940750	925500	
950750	924250	946250	939500	905500	
901000	935000	915500	920000	918000	
943250	941250	936250	945000	943750	
963250	977250	988500	1.0025e+06	987250	
1.049e+06	1.02575e+06	1.04475e+06	1.04075e+06	1.03075e+06	
1.056e+06	1.058e+06	1.05275e+06	1.05275e+06	1.08125e+06	
1.05025e+06	1.04075e+06	1.0635e+06	1.04725e+06	1.02325e+06	
1.008e+06	1.02375e+06	1.0265e+06	1.02075e+06	1.0465e+06	
1.02075e+06	1.0125e+06	1.00925e+06	996250	1.02375e+06	
994250	1.00675e+06	1.0125e+06	1.01825e+06	1.00425e+06	
1.00425e+06	996250	1.02375e+06	1.00375e+06	1.0245e+06	
1.0415e+06	1.0295e+06	1.0485e+06	1.0515e+06	1.01575e+06	
1.085e+06	1.085e+06	1.09875e+06	1.07625e+06	1.06475e+06	
1.0585e+06	1.1145e+06	1.07925e+06	1.1215e+06	1.09875e+06	
1.063e+06	1.06425e+06	1.07675e+06	1.085e+06	1.1045e+06	
1.05925e+06	1.085e+06	1.09875e+06	1.10125e+06	1.09575e+06	
1.1115e+06	1.0895e+06	1.109e+06	1.109e+06	1.07875e+06	
1.112e+06	1.14875e+06	1.0875e+06	1.1115e+06	1.1185e+06	
1.11025e+06	1.12275e+06	1.0875e+06	1.1e+06	1.1405e+06	
1.126e+06	1.09125e+06	1.13275e+06	1.1575e+06	1.15425e+06	
1.17825e+06	1.21175e+06	1.1895e+06	1.19325e+06	1.1865e+06	
1.24e+06	1.216e+06	1.2375e+06	1.23125e+06	1.2475e+06	
1.225e+06	1.218e+06	1.24325e+06	1.26275e+06	1.23925e+06	
1.262e+06	1.238e+06	1.25075e+06	1.2105e+06	1.24575e+06	
1.24075e+06	1.2275e+06	1.24325e+06	1.25375e+06	1.235e+06	
1.22675e+06	1.257e+06	1.2275e+06	1.247e+06	1.238e+06	
1.21975e+06	1.194e+06	1.2375e+06	1.204e+06	1.216e+06	
1.201e+06	1.18575e+06	1.22625e+06	1.19475e+06	1.20275e+06	
1.20025e+06	1.21725e+06	1.206e+06	1.206e+06	1.23e+06	
1.221e+06	1.2235e+06	1.2325e+06	1.22425e+06	1.24125e+06	
1.28475e+06	1.2595e+06	1.28925e+06	1.271e+06	1.269e+06	
1.274e+06	1.30875e+06	1.31825e+06	1.2935e+06	1.296e+06	
1.296e+06	1.29725e+06	1.29475e+06	1.29925e+06	1.293e+06	
1.30425e+06	1.2615e+06	1.2835e+06	1.29975e+06	1.30175e+06	
1.22925e+06	1.2645e+06	1.26275e+06	1.2495e+06	1.22425e+06	
1.25325e+06	1.262e+06	1.252e+06	1.28925e+06	1.26575e+06	
1.26575e+06	1.27775e+06	1.2715e+06	1.288e+06	1.2815e+06	
1.26275e+06	1.262e+06	1.2695e+06	1.28225e+06	1.30175e+06	
1.2065e+06	1.21675e+06	1.24125e+06	1.21675e+06	1.22675e+06	
1.2255e+06	1.2305e+06	1.21475e+06	1.2205e+06	1.20775e+06	
1.21225e+06	1.1865e+06	1.20025e+06	1.223e+06	1.206e+06	
1.187e+06	1.17075e+06	1.1775e+06	1.18825e+06	1.14875e+06	
1.104e+06	1.1385e+06	1.13225e+06	1.1575e+06	1.131e+06	
1.1525e+06	1.146e+06	1.13725e+06	1.131e+06	1.1625e+06	
1.15925e+06	1.1555e+06	1.15675e+06	1.17575e+06	1.1895e+06	
1.1555e+06	1.18275e+06	1.17825e+06	1.172e+06	1.1775e+06	
1.201e+06	1.233e+06	1.2185e+06	1.23925e+06	1.22925e+06	
1.26275e+06	1.271e+06	1.264e+06	1.28525e+06	1.25825e+06	
1.26775e+06	1.32875e+06	1.30925e+06	1.31875e+06	1.33325e+06	
1.3055e+06	1.339e+06	1.28275e+06	1.31375e+06	1.317e+06	
1.32125e+06	1.33575e+06	1.32875e+06	1.34975e+06	1.342e+06	
1.36675e+06	1.37225e+06	1.378e+06	1.35775e+06	1.3855e+06	
1.395e+06	1.3925e+06	1.40575e+06	1.453e+06	1.39375e+06	
1.45675e+06	1.43775e+06	1.43475e+06	1.4995e+06	1.48075e+06	
1.4995e+06	1.468e+06	1.50475e+06	1.468e+06	1.49025e+06	
1.4655e+06	1.443e+06	1.44425e+06	1.475e+06	1.45625e+06	
1.4e+06	1.38925e+06	1.39575e+06	1.38925e+06	1.36925e+06	
1.35525e+06	1.35775e+06	1.34025e+06	1.36025e+06	1.35725e+06	
1.40625e+06	1.349e+06	1.37875e+06	1.34325e+06	1.35525e+06	
1.419e+06	1.34775e+06	1.40125e+06	1.41825e+06	1.41025e+06	
1.43725e+06	1.46125e+06	1.42525e+06	1.47325e+06	1.43975e+06	
1.514e+06	1.53875e+06	1.4825e+06	1.5185e+06	1.52975e+06	
1.446e+06	1.436e+06	1.4575e+06	1.455e+06	1.45875e+06	
1.38125e+06	1.36475e+06	1.3735e+06	1.3925e+06	1.41075e+06	
1.279e+06	1.2835e+06	1.31175e+06	1.3175e+06	1.33125e+06	
1.259e+06	1.27975e+06	1.27225e+06	1.2935e+06	1.26525e+06	
1.22175e+06	1.2065e+06	1.2235e+06	1.2065e+06	1.21975e+06	
1.1525e+06	1.1775e+06	1.19475e+06	1.18325e+06	1.18025e+06	
1.20225e+06	1.18525e+06	1.1845e+06	1.194e+06	1.165e+06	
1.242e+06	1.24e+06	1.238e+06	1.238e+06	1.25125e+06	
1.3365e+06	1.34275e+06	1.33275e+06	1.37725e+06	1.3295e+06	
1.402e+06	1.47125e+06	1.43225e+06	1.4625e+06	1.468e+06	
1.48825e+06	1.4505e+06	1.46425e+06	1.49525e+06	1.487e+06	
1.4605e+06	1.46425e+06	1.49575e+06	1.4725e+06	1.4845e+06	
1.44225e+06	1.46175e+06	1.477e+06	1.4365e+06	1.4775e+06	
1.47325e+06	1.48e+06	1.47375e+06	1.45225e+06	1.494e+06	
1.5185e+06	1.53175e+06	1.51725e+06	1.49325e+06	1.51525e+06	
1.509e+06	1.53425e+06	1.51975e+06	1.5325e+06	1.51225e+06	
1.5455e+06	1.52225e+06	1.49275e+06	1.54375e+06	1.52475e+06	
1.51225e+06	1.53125e+06	1.55e+06	1.53875e+06	1.52225e+06	
1.51275e+06	1.57025e+06	1.547e+06	1.54625e+06	1.5495e+06	
1.5305e+06	1.538e+06	1.5375e+06	1.528e+06	1.5525e+06	
1.55825e+06	1.5595e+06	1.579e+06	1.579e+06	1.57525e+06	
1.64325e+06	1.5955e+06	1.6445e+06	1.68175e+06	1.64325e+06	
1.76425e+06	1.741e+06	1.73775e+06	1.7295e+06	1.748e+06	
1.79075e+06	1.8135e+06	1.8355e+06	1.83675e+06	1.838e+06	
1.79075e+06	1.77175e+06	1.82725e+06	1.8085e+06	1.836e+06	
1.89925e+06	1.82925e+06	1.87325e+06	1.84675e+06	1.8675e+06	
1.93075e+06	1.91175e+06	1.93875e+06	1.91425e+06	1.87275e+06	
1.95575e+06	1.993e+06	2.0245e+06	2.0075e+06	1.95525e+06	
1.9715e+06	1.954e+06	1.94575e+06	1.93375e+06	1.91925e+06	
1.82675e+06	1.81975e+06	1.82475e+06	1.81775e+06	1.87075e+06	
1.70825e+06	1.717e+06	1.69875e+06	1.72325e+06	1.68875e+06	
1.48575e+06	1.4825e+06	1.53375e+06	1.51025e+06	1.4895e+06	
1.317e+06	1.31875e+06	1.3345e+06	1.3275e+06	1.296e+06	
1.26525e+06	1.2375e+06	1.28675e+06	1.3005e+06	1.296e+06	
1.42325e+06	1.414e+06	1.42275e+06	1.4405e+06	1.424e+06	
1.65775e+06	1.6635e+06	1.661e+06	1.6175e+06	1.6735e+06	
1.82925e+06	1.87025e+06	1.8355e+06	1.85e+06	1.8285e+06	
2.007e+06	2.01125e+06	1.988e+06	1.95775e+06	1.9595e+06	
2.112e+06	2.04525e+06	2.05975e+06	2.07425e+06	2.0515e+06	
1.959e+06	2e+06	1.988e+06	2.0005e+06	2.02525e+06	
1.7725e+06	1.84e+06	1.82975e+06	1.823e+06	1.8425e+06	
1.57975e+06	1.61425e+06	1.579e+06	1.63325e+06	1.60225e+06	
1.506e+06	1.43775e+06	1.4775e+06	1.47375e+06	1.4865e+06	
1.574e+06	1.58975e+06	1.6295e+06	1.59025e+06	1.593e+06	
1.85375e+06	1.8405e+06	1.86325e+06	1.8695e+06	1.9035e+06	
2.17775e+06	2.1965e+06	2.19775e+06	2.252e+06	2.21925e+06	
2.39e+06	2.371e+06	2.3975e+06	2.412e+06	2.41275e+06	
2.5185e+06	2.51225e+06	2.538e+06	2.5235e+06	2.5865e+06	
2.61675e+06	2.62075e+06	2.661e+06	2.64275e+06	2.64775e+06	
2.622e+06	2.6615e+06	2.65525e+06	2.69875e+06	2.70575e+06	
2.66675e+06	2.66475e+06	2.69575e+06	2.66975e+06	2.7025e+06	
2.73725e+06	2.71025e+06	2.77625e+06	2.722e+06	2.7335e+06	
2.717e+06	2.758e+06	2.77125e+06	2.751e+06	2.8355e+06	
2.76e+06	2.82475e+06	2.79325e+06	2.80475e+06	2.84125e+06	
2.89975e+06	2.90725e+06	2.9395e+06	2.937e+06	2.94575e+06	
2.9035e+06	2.94275e+06	2.97225e+06	2.949e+06	3.01075e+06	
3.00325e+06	2.93e+06	3.01125e+06	3.04975e+06	2.98625e+06	
3.02075e+06	3.01575e+06	3.03025e+06	3.039e+06	3.01575e+06	
2.97925e+06	2.966e+06	3.03475e+06	3.0265e+06	3.0195e+06	
2.889e+06	2.9155e+06	2.88975e+06	2.983e+06	2.95725e+06	
2.93375e+06	2.91925e+06	2.978e+06	2.98175e+06	3.00125e+06	
3e+06	3.02275e+06	3.03525e+06	3.05225e+06	3.0165e+06	
2.9685e+06	3.0315e+06	3.0145e+06	3e+06	2.97225e+06	
2.98425e+06	2.9105e+06	2.93125e+06	3.07175e+06	3.04475e+06	
2.99175e+06	2.98875e+06	3.01e+06	3.06675e+06	3.00575e+06	
3.04225e+06	3.002e+06	3.0125e+06	3.07875e+06	3.05675e+06	
2.9855e+06	2.99175e+06	2.99925e+06	3.012e+06	2.96475e+06	
3.0075e+06	3.0165e+06	2.998e+06	2.9855e+06	3.02325e+06	
2.954e+06	2.981e+06	3.0095e+06	2.99375e+06	2.9855e+06	
3.0195e+06	3.0125e+06	3.08375e+06	2.995e+06	3.044e+06	
3.02325e+06	3.0535e+06	3.138e+06	3.2105e+06	3.0895e+06	
3.102e+06	3.0625e+06	3.09775e+06	3.11025e+06	3.16575e+06	
3.19975e+06	3.21675e+06	3.2595e+06	3.213e+06	3.2105e+06	
3.22e+06	3.26725e+06	3.2855e+06	3.32e+06	3.291e+06	
3.33575e+06	3.3435e+06	3.41975e+06	3.45675e+06	3.39075e+06	
3.42475e+06	3.4185e+06	3.47825e+06	3.45875e+06	3.43975e+06	
3.305e+06	3.34225e+06	3.29425e+06	3.3385e+06	3.32825e+06	
3.12975e+06	3.17825e+06	3.10275e+06	3.131e+06	3.16875e+06	
3.10325e+06	3.09125e+06	3.121e+06	3.133e+06	3.14875e+06	
3.17025e+06	3.218e+06	3.208e+06	3.1865e+06	3.20725e+06	
3.38175e+06	3.366e+06	3.4065e+06	3.47575e+06	3.436e+06	
3.496e+06	3.5225e+06	3.545e+06	3.52675e+06	3.5645e+06	
3.51925e+06	3.5565e+06	3.569e+06	3.5815e+06	3.583e+06	
3.5855e+06	3.6125e+06	3.61825e+06	3.71275e+06	3.67225e+06	
3.52175e+06	3.5885e+06	3.6025e+06	3.66225e+06	3.61125e+06	
3.5305e+06	3.504e+06	3.562e+06	3.59175e+06	3.617e+06	
3.51225e+06	3.53175e+06	3.5355e+06	3.48575e+06	3.477e+06	
3.60425e+06	3.65975e+06	3.62825e+06	3.69e+06	3.65275e+06	
3.65525e+06	3.7e+06	3.7095e+06	3.72525e+06	3.7115e+06	
3.656e+06	3.60125e+06	3.64725e+06	3.729e+06	3.6315e+06	
3.68175e+06	3.675e+06	3.68625e+06	3.671e+06	3.709e+06	
3.65775e+06	3.5855e+06	3.673e+06	3.656e+06	3.63775e+06	
3.65975e+06	3.63825e+06	3.75625e+06	3.7315e+06	3.74175e+06	
3.685e+06	3.71275e+06	3.707e+06	3.763e+06	3.78125e+06	
3.862e+06	3.8885e+06	3.8865e+06	3.87975e+06	3.86825e+06	
3.8155e+06	3.85625e+06	3.93775e+06	3.89725e+06	3.85075e+06	
3.74175e+06	3.741e+06	3.8135e+06	3.82175e+06	3.80725e+06	
3.69625e+06	3.7145e+06	3.70375e+06	3.76375e+06	3.78275e+06	
3.622e+06	3.772e+06	3.731e+06	3.72525e+06	3.68375e+06	
3.69875e+06	3.69325e+06	3.7605e+06	3.76825e+06	3.81025e+06	
3.71575e+06	3.758e+06	3.714e+06	3.7945e+06	3.799e+06	
3.731e+06	3.8085e+06	3.84375e+06	3.79325e+06	3.86575e+06	
3.818e+06	3.8545e+06	3.83925e+06	3.8905e+06	3.87075e+06	
3.82475e+06	3.833e+06	3.85625e+06	3.8905e+06	3.8985e+06	
3.794e+06	3.83125e+06	3.816e+06	3.7945e+06	3.86575e+06	
3.85e+06	3.932e+06	3.92125e+06	3.891e+06	3.87775e+06	
3.9785e+06	3.966e+06	4.02525e+06	4.05425e+06	4.05875e+06	
4.01825e+06	4.11475e+06	4.17525e+06	4.0875e+06	4.11925e+06	
4.17825e+06	4.1985e+06	4.198e+06	4.206e+06	4.18975e+06	
4.1625e+06	4.15625e+06	4.14375e+06	4.181e+06	4.19225e+06	
4.00075e+06	3.99875e+06	4.02325e+06	4.03225e+06	4.099e+06	
3.90625e+06	3.905e+06	4.0075e+06	3.9805e+06	3.94825e+06	
3.8715e+06	3.9515e+06	3.9565e+06	3.94775e+06	3.89425e+06	
3.886e+06	3.852e+06	3.88975e+06	3.87975e+06	3.869e+06	
3.9325e+06	3.98625e+06	4.00375e+06	3.997e+06	4.0265e+06	
4.09325e+06	4.11525e+06	4.10725e+06	4.104e+06	4.194e+06	
4.1205e+06	4.198e+06	4.07175e+06	4.22175e+06	4.1595e+06	
4.1715e+06	4.13675e+06	4.196e+06	4.194e+06	4.17275e+06	
4.1065e+06	4.11225e+06	4.20425e+06	4.17775e+06	4.1765e+06	
4.0655e+06	4.0245e+06	4.0915e+06	4.11775e+06	4.15825e+06	
4.111e+06	4.172e+06	4.2035e+06	4.24075e+06	4.16e+06	
4.186e+06	4.2465e+06	4.28925e+06	4.2005e+06	4.334e+06	
4.14375e+06	4.194e+06	4.23625e+06	4.27225e+06	4.2225e+06	
4.18775e+06	4.18225e+06	4.22825e+06	4.269e+06	4.24075e+06	
3.98375e+06	4.0775e+06	4.077e+06	4.07875e+06	4.123e+06	
4.07575e+06	4.08575e+06	4.12425e+06	4.148e+06	4.07625e+06	
4.15325e+06	4.15575e+06	4.16325e+06	4.1745e+06	4.191e+06	
4.18775e+06	4.2685e+06	4.23e+06	4.2205e+06	4.203e+06	
4.2035e+06	4.12975e+06	4.191e+06	4.22125e+06	4.20725e+06	
4.03475e+06	4.0285e+06	4.05875e+06	4.00875e+06	4.08625e+06	
3.84e+06	3.8665e+06	3.87275e+06	3.964e+06	3.90925e+06	
3.6415e+06	3.663e+06	3.659e+06	3.70375e+06	3.7195e+06	
3.37675e+06	3.407e+06	3.4355e+06	3.465e+06	3.48275e+06	
3.29875e+06	3.34525e+06	3.34775e+06	3.33775e+06	3.322e+06	
3.40575e+06	3.35225e+06	3.4405e+06	3.44625e+06	3.409e+06	
3.87475e+06	3.89675e+06	3.959e+06	3.83175e+06	3.893e+06	
4.25275e+06	4.33525e+06	4.283e+06	4.38625e+06	4.317e+06	
4.53375e+06	4.51875e+06	4.591e+06	4.617e+06	4.564e+06	
4.52375e+06	4.57975e+06	4.4915e+06	4.576e+06	4.566e+06	
4.42225e+06	4.537e+06	4.5155e+06	4.51675e+06	4.559e+06	
4.61875e+06	4.61875e+06	4.63325e+06	4.6605e+06	4.733e+06	
4.57475e+06	4.62375e+06	4.6175e+06	4.678e+06	4.603e+06	
4.3725e+06	4.35975e+06	4.41775e+06	4.44425e+06	4.40275e+06	
4.44175e+06	4.36925e+06	4.38325e+06	4.4405e+06	4.30825e+06	
4.4885e+06	4.562e+06	4.4595e+06	4.51425e+06	4.57025e+06	
4.67375e+06	4.64225e+06	4.654e+06	4.65925e+06	4.78325e+06	
4.7675e+06	4.77825e+06	4.91875e+06	4.8065e+06	4.84075e+06	
4.8565e+06	4.95475e+06	4.976e+06	4.93525e+06	4.95725e+06	
5.08775e+06	5.077e+06	5.14575e+06	5.11725e+06	5.0625e+06	
5.1185e+06	5.143e+06	5.13675e+06	5.094e+06	5.16325e+06	
5.11675e+06	5.14e+06	5.155e+06	5.14375e+06	5.19425e+06	
5.058e+06	5.04175e+06	5.05925e+06	5.1645e+06	5.11725e+06	
5.02025e+06	5.0215e+06	5.05375e+06	5.0145e+06	5.05925e+06	
4.77075e+06	4.8395e+06	4.869e+06	4.84825e+06	4.898e+06	
4.68e+06	4.73425e+06	4.78525e+06	4.79525e+06	4.74925e+06	
4.53325e+06	4.60875e+06	4.6605e+06	4.661e+06	4.71525e+06	
4.782e+06	4.72725e+06	4.83675e+06	4.852e+06	4.85325e+06	
4.966e+06	5.0485e+06	5.06625e+06	5.097e+06	5.04475e+06	
4.9685e+06	5.1355e+06	5.058e+06	5.14125e+06	5.13425e+06	
5.082e+06	5.0915e+06	5.05925e+06	5.097e+06	5.17075e+06	
5.03925e+06	5e+06	5.05625e+06	5.084e+06	5.08575e+06	
5.17725e+06	5.26475e+06	5.20225e+06	5.264e+06	5.285e+06	
5.312e+06	5.29675e+06	5.331e+06	5.42175e+06	5.416e+06	
5.55275e+06	5.571e+06	5.6505e+06	5.53575e+06	5.6485e+06	
5.559e+06	5.50975e+06	5.569e+06	5.65975e+06	5.6075e+06	
5.62325e+06	5.658e+06	5.63725e+06	5.7745e+06	5.6995e+06	
5.72925e+06	5.71725e+06	5.6675e+06	5.76625e+06	5.8495e+06	
5.7675e+06	5.74375e+06	5.71025e+06	5.777e+06	5.75125e+06	
5.62325e+06	5.54125e+06	5.5835e+06	5.714e+06	5.62075e+06	
5.69325e+06	5.67875e+06	5.70825e+06	5.663e+06	5.78525e+06	
5.68625e+06	5.67675e+06	5.75625e+06	5.7845e+06	5.77825e+06	
5.816e+06	5.77825e+06	5.8105e+06	5.80675e+06	5.82425e+06	
5.8325e+06	5.823e+06	5.82675e+06	5.825e+06	5.87475e+06	
5.685e+06	5.80675e+06	5.7595e+06	5.8765e+06	5.79975e+06	
5.50175e+06	5.56275e+06	5.58225e+06	5.586e+06	5.699e+06	
5.404e+06	5.423e+06	5.47275e+06	5.58175e+06	5.59125e+06	
5.62525e+06	5.61e+06	5.578e+06	5.6315e+06	5.64525e+06	
5.71775e+06	5.7595e+06	5.69075e+06	5.80725e+06	5.8685e+06	
5.83825e+06	5.75e+06	5.91075e+06	5.85325e+06	5.85525e+06	
5.987e+06	6.09075e+06	6.08525e+06	6.06175e+06	6.11225e+06	
6.014e+06	6.1015e+06	6.067e+06	6.1305e+06	6.1425e+06	
6.0285e+06	6.0675e+06	6.1235e+06	6.07075e+06	6.11425e+06	
6.031e+06	6.0845e+06	6.11675e+06	6.14875e+06	6.101e+06	
6.0405e+06	6.08075e+06	6.10475e+06	6.13125e+06	6.03425e+06	
6.04925e+06	6.1355e+06	6.237e+06	6.217e+06	6.096e+06	
6.1765e+06	6.1305e+06	6.276e+06	6.343e+06	6.30125e+06	
6.138e+06	6.28875e+06	6.1985e+06	6.29825e+06	6.17725e+06	
6.35225e+06	6.33025e+06	6.46825e+06	6.4065e+06	6.3675e+06	
6.4645e+06	6.5705e+06	6.527e+06	6.64225e+06	6.581e+06	
6.5155e+06	6.46e+06	6.467e+06	6.4985e+06	6.49975e+06	
6.38125e+06	6.37075e+06	6.4955e+06	6.4495e+06	6.421e+06	
6.40225e+06	6.38825e+06	6.426e+06	6.5225e+06	6.506e+06	
6.19675e+06	6.234e+06	6.3e+06	6.30825e+06	6.31775e+06	
6.1305e+06	6.11175e+06	6.11425e+06	6.1425e+06	6.15775e+06	
5.92075e+06	5.9195e+06	5.99575e+06	6.0315e+06	6.0525e+06	
6.007e+06	6.03475e+06	6.0845e+06	6.03475e+06	6.1255e+06	
6.09075e+06	6.128e+06	6.123e+06	6.07e+06	6.09725e+06	
6.162e+06	6.23825e+06	6.22375e+06	6.26675e+06	6.34725e+06	
6.2195e+06	6.22e+06	6.215e+06	6.3165e+06	6.23575e+06	
6.106e+06	6.19475e+06	6.24525e+06	6.26725e+06	6.27725e+06	
6.19425e+06	6.1525e+06	6.20925e+06	6.2155e+06	6.3e+06	
6.3625e+06	6.32525e+06	6.406e+06	6.43875e+06	6.4375e+06	
6.3675e+06	6.29875e+06	6.3365e+06	6.44125e+06	6.4135e+06	
6.4205e+06	6.414e+06	6.46325e+06	6.5685e+06	6.52575e+06	
6.3825e+06	6.53125e+06	6.52375e+06	6.4785e+06	6.56925e+06	
6.496e+06	6.51425e+06	6.56525e+06	6.54825e+06	6.4695e+06	
6.561e+06	6.62575e+06	6.78975e+06	6.7115e+06	6.74875e+06	
6.55475e+06	6.6e+06	6.5055e+06	6.6385e+06	6.63225e+06	
6.42725e+06	6.554e+06	6.51425e+06	6.51925e+06	6.46275e+06	
6.426e+06	6.46e+06	6.53575e+06	6.4915e+06	6.49025e+06	
6.4185e+06	6.46325e+06	6.51375e+06	6.47525e+06	6.47725e+06	
6.484e+06	6.4695e+06	6.52625e+06	6.51375e+06	6.55275e+06	
6.50875e+06	6.55025e+06	6.484e+06	6.573e+06	6.508e+06	
6.49025e+06	6.4665e+06	6.573e+06	6.59425e+06	6.57725e+06	
6.52875e+06	6.61525e+06	6.7085e+06	6.6725e+06	6.716e+06	
6.5615e+06	6.6075e+06	6.5585e+06	6.71725e+06	6.675e+06	
6.78725e+06	6.8375e+06	6.794e+06	6.84325e+06	6.8325e+06	
6.6895e+06	6.72925e+06	6.791e+06	6.82375e+06	6.83075e+06	
6.8685e+06	6.8615e+06	6.8565e+06	6.9e+06	6.883e+06	
6.9895e+06	7.0555e+06	6.917e+06	7.00575e+06	6.96875e+06	
6.85075e+06	6.94725e+06	6.91125e+06	6.915e+06	6.92775e+06	
6.67375e+06	6.88425e+06	6.98e+06	6.95925e+06	6.87925e+06	
6.9705e+06	6.91075e+06	6.9945e+06	7.00575e+06	6.9845e+06	
6.8885e+06	6.978e+06	7.0135e+06	7.058e+06	6.92825e+06	
6.7525e+06	6.78775e+06	6.9315e+06	6.85275e+06	6.91075e+06	
6.79775e+06	6.78275e+06	6.77275e+06	6.888e+06	6.8465e+06	
6.7595e+06	6.8255e+06	6.78275e+06	6.8255e+06	6.857e+06	
6.6535e+06	6.743e+06	6.75e+06	6.77575e+06	6.7915e+06	
6.81675e+06	6.893e+06	6.849e+06	6.89125e+06	6.88675e+06	
6.83075e+06	6.91625e+06	6.847e+06	6.922e+06	6.946e+06	
7.084e+06	7.03475e+06	7.104e+06	7.111e+06	7.1205e+06	
6.82625e+06	6.871e+06	6.881e+06	6.93775e+06	6.9295e+06	
6.8275e+06	6.7575e+06	6.76625e+06	6.90375e+06	6.89675e+06	
6.985e+06	6.87675e+06	6.9465e+06	7.03225e+06	6.987e+06	
6.91875e+06	7.1205e+06	6.9825e+06	7.12175e+06	7.0845e+06	
7.08325e+06	6.997e+06	7.179e+06	7.10675e+06	7.099e+06	
7.118e+06	7.0335e+06	7.065e+06	7.14e+06	7.162e+06	
7.2535e+06	7.31325e+06	7.3025e+06	7.2895e+06	7.404e+06	
7.25925e+06	7.278e+06	7.3235e+06	7.3435e+06	7.3385e+06	
7.2225e+06	7.3285e+06	7.27925e+06	7.36175e+06	7.4665e+06	
7.17725e+06	7.249e+06	7.30825e+06	7.36575e+06	7.285e+06	
7.244e+06	7.237e+06	7.32725e+06	7.217e+06	7.40225e+06	
7.04925e+06	7.1515e+06	7.079e+06	7.2315e+06	7.08575e+06	
7.1785e+06	7.2055e+06	7.2685e+06	7.33275e+06	7.222e+06	
7.2775e+06	7.3e+06	7.326e+06	7.47525e+06	7.39025e+06	
7.52075e+06	7.52875e+06	7.5825e+06	7.617e+06	7.61825e+06	
7.728e+06	7.80225e+06	7.8275e+06	7.902e+06	7.91775e+06	
7.7865e+06	7.83875e+06	7.861e+06	7.80725e+06	7.936e+06	
7.63475e+06	7.7665e+06	7.75875e+06	7.81e+06	7.82e+06	
7.69275e+06	7.73675e+06	7.72475e+06	7.8295e+06	7.694e+06	
7.74375e+06	7.7885e+06	7.941e+06	7.95725e+06	7.9895e+06	
7.7935e+06	7.876e+06	7.93775e+06	7.97125e+06	7.97875e+06	
7.941e+06	8.04175e+06	8.06125e+06	8.03725e+06	8.1395e+06	
8.24475e+06	8.24975e+06	8.256e+06	8.30325e+06	8.3475e+06	
8.19175e+06	8.239e+06	8.176e+06	8.33675e+06	8.35375e+06	
8.19425e+06	8.2435e+06	8.2705e+06	8.34425e+06	8.307e+06	
8.1375e+06	8.181e+06	8.26875e+06	8.27925e+06	8.2755e+06	
8.1975e+06	8.25425e+06	8.19675e+06	8.321e+06	8.25975e+06	
8.21825e+06	8.2975e+06	8.32725e+06	8.37075e+06	8.384e+06	
8.29e+06	8.331e+06	8.4155e+06	8.37125e+06	8.39975e+06	
8.47525e+06	8.447e+06	8.464e+06	8.52625e+06	8.56675e+06	
8.6385e+06	8.718e+06	8.7835e+06	8.7885e+06	8.7715e+06	
8.9215e+06	8.89825e+06	8.97825e+06	9.0425e+06	8.99325e+06	
8.82625e+06	8.842e+06	8.86025e+06	8.8975e+06	9.02725e+06	
8.96425e+06	8.93275e+06	8.90575e+06	9.0035e+06	9.048e+06	
8.85775e+06	8.8345e+06	9.02475e+06	9.081e+06	8.9875e+06	
9.186e+06	9.2095e+06	9.39725e+06	9.26375e+06	9.36125e+06	
9.227e+06	9.20875e+06	9.273e+06	9.3405e+06	9.321e+06	
9.2095e+06	9.224e+06	9.224e+06	9.33475e+06	9.2675e+06	
9.4135e+06	9.408e+06	9.50625e+06	9.56425e+06	9.59125e+06	
9.40925e+06	9.50375e+06	9.49925e+06	9.59125e+06	9.5925e+06	
9.474e+06	9.44625e+06	9.51875e+06	9.481e+06	9.563e+06	
9.60275e+06	9.512e+06	9.58175e+06	9.52575e+06	9.6675e+06	
9.711e+06	9.75e+06	9.86975e+06	9.87475e+06	9.8825e+06	
9.667e+06	9.79675e+06	9.84075e+06	9.914e+06	9.8025e+06	
9.738e+06	9.87225e+06	9.99325e+06	9.99775e+06	9.91775e+06	
9.648e+06	9.7615e+06	9.76525e+06	9.8825e+06	9.79475e+06	
9.89625e+06	9.80175e+06	9.9605e+06	1.00052e+07	9.89375e+06	
9.75775e+06	9.936e+06	9.784e+06	1.00248e+07	9.8585e+06	
9.839e+06	9.9025e+06	9.90075e+06	9.97125e+06	9.94975e+06	
9.6265e+06	9.77775e+06	9.82575e+06	9.8735e+06	9.82575e+06	
9.934e+06	1.01358e+07	1.01238e+07	1.00852e+07	1.00645e+07	
9.83025e+06	9.851e+06	9.8925e+06	9.929e+06	1.00545e+07	
9.59575e+06	9.60825e+06	9.6505e+06	9.631e+06	9.6725e+06	
9.04175e+06	8.917e+06	9.137e+06	9.19e+06	9.067e+06	
8.76525e+06	8.65925e+06	8.8005e+06	8.75625e+06	8.82325e+06	
8.575e+06	8.68075e+06	8.631e+06	8.7235e+06	8.75625e+06	
8.943e+06	8.96925e+06	9.01925e+06	9.0525e+06	9.05125e+06	
9.43575e+06	9.4545e+06	9.48425e+06	9.5895e+06	9.52575e+06	
9.69775e+06	9.6795e+06	9.7255e+06	9.873e+06	9.96875e+06	
1.00198e+07	1.0118e+07	1.01748e+07	1.01088e+07	1.02302e+07	
1.02472e+07	1.02145e+07	1.02335e+07	1.0299e+07	1.03835e+07	
1.01528e+07	1.02758e+07	1.02612e+07	1.02112e+07	1.02285e+07	
1.01798e+07	1.02928e+07	1.03032e+07	1.02378e+07	1.02712e+07	
1.0568e+07	1.057e+07	1.06235e+07	1.05938e+07	1.0619e+07	
1.07048e+07	1.07728e+07	1.09235e+07	1.09222e+07	1.08655e+07	
1.10002e+07	1.11352e+07	1.10602e+07	1.1209e+07	1.11125e+07	
1.09252e+07	1.09512e+07	1.10338e+07	1.1025e+07	1.09932e+07	
1.09612e+07	1.1139e+07	1.1013e+07	1.11478e+07	1.1209e+07	
1.08352e+07	1.08125e+07	1.10482e+07	1.10652e+07	1.10538e+07	
1.07172e+07	1.0745e+07	1.081e+07	1.08435e+07	1.0839e+07	
1.04818e+07	1.0553e+07	1.06758e+07	1.06898e+07	1.0708e+07	
1.05352e+07	1.0529e+07	1.05618e+07	1.07702e+07	1.06512e+07	
1.07345e+07	1.07765e+07	1.07892e+07	1.09538e+07	1.089e+07	
1.08945e+07	1.10582e+07	1.11055e+07	1.12128e+07	1.11918e+07	
1.10235e+07	1.10992e+07	1.11692e+07	1.12152e+07	1.11912e+07	
1.10268e+07	1.09852e+07	1.10985e+07	1.12102e+07	1.12982e+07	
1.11995e+07	1.11862e+07	1.1321e+07	1.14798e+07	1.1333e+07	
1.141e+07	1.14048e+07	1.14968e+07	1.14428e+07	1.15598e+07	
1.14648e+07	1.16008e+07	1.16412e+07	1.16305e+07	1.1616e+07	
1.14275e+07	1.14565e+07	1.15982e+07	1.16202e+07	1.16172e+07	
1.14818e+07	1.1485e+07	1.15718e+07	1.1662e+07	1.15082e+07	
1.14672e+07	1.14785e+07	1.16658e+07	1.16015e+07	1.16098e+07	
1.1594e+07	1.16028e+07	1.16348e+07	1.16532e+07	1.15945e+07	
1.15245e+07	1.16102e+07	1.16608e+07	1.17018e+07	1.16972e+07	
1.15572e+07	1.16828e+07	1.17855e+07	1.17192e+07	1.17988e+07	
1.16815e+07	1.18058e+07	1.17458e+07	1.18712e+07	1.18448e+07	
1.14905e+07	1.166e+07	1.16952e+07	1.17702e+07	1.17938e+07	
1.13985e+07	1.14445e+07	1.16072e+07	1.15642e+07	1.15568e+07	
1.13915e+07	1.14018e+07	1.14218e+07	1.13972e+07	1.14035e+07	
1.12795e+07	1.1379e+07	1.1449e+07	1.15095e+07	1.14232e+07	
1.14035e+07	1.1609e+07	1.16008e+07	1.16972e+07	1.17068e+07	
1.1512e+07	1.15618e+07	1.17268e+07	1.17578e+07	1.15995e+07	
1.15278e+07	1.15598e+07	1.16222e+07	1.16678e+07	1.1737e+07	
1.1372e+07	1.14188e+07	1.14628e+07	1.1536e+07	1.1553e+07	
1.1156e+07	1.13102e+07	1.12178e+07	1.13272e+07	1.14912e+07	
1.11155e+07	1.1134e+07	1.11995e+07	1.12852e+07	1.13115e+07	
1.10488e+07	1.10752e+07	1.1226e+07	1.13305e+07	1.13325e+07	
1.1004e+07	1.12592e+07	1.11408e+07	1.13035e+07	1.12008e+07	
1.09915e+07	1.10992e+07	1.1149e+07	1.12865e+07	1.1173e+07	
1.11548e+07	1.11245e+07	1.12232e+07	1.12958e+07	1.13538e+07	
1.1379e+07	1.14155e+07	1.134e+07	1.1481e+07	1.14402e+07	
1.15472e+07	1.14548e+07	1.16342e+07	1.16625e+07	1.1616e+07	
1.15625e+07	1.15705e+07	1.15858e+07	1.17048e+07	1.1623e+07	
1.1372e+07	1.14868e+07	1.13878e+07	1.1575e+07	1.14692e+07	
1.13015e+07	1.12762e+07	1.14312e+07	1.15008e+07	1.15335e+07	
1.14478e+07	1.14382e+07	1.1611e+07	1.1573e+07	1.16268e+07	
1.15618e+07	1.15385e+07	1.16052e+07	1.17648e+07	1.17502e+07	
1.17395e+07	1.18472e+07	1.18712e+07	1.19708e+07	1.18755e+07	
1.19858e+07	1.19032e+07	1.20242e+07	1.21855e+07	1.21365e+07	
1.19568e+07	1.20035e+07	1.21238e+07	1.21572e+07	1.205e+07	
1.2098e+07	1.20722e+07	1.219e+07	1.2287e+07	1.23148e+07	
1.18542e+07	1.1928e+07	1.1873e+07	1.2074e+07	1.19568e+07	
1.18435e+07	1.18858e+07	1.18775e+07	1.18945e+07	1.20185e+07	
1.16778e+07	1.18145e+07	1.1798e+07	1.17702e+07	1.18428e+07	
1.14892e+07	1.16072e+07	1.16058e+07	1.16765e+07	1.17818e+07	
1.14415e+07	1.14742e+07	1.16335e+07	1.17098e+07	1.1657e+07	
1.15025e+07	1.15858e+07	1.16392e+07	1.16525e+07	1.1662e+07	
1.19078e+07	1.19015e+07	1.1994e+07	1.2057e+07	1.20015e+07	
1.18428e+07	1.2037e+07	1.20702e+07	1.2064e+07	1.21092e+07	
1.18618e+07	1.19108e+07	1.19882e+07	1.20488e+07	1.20432e+07	
1.1776e+07	1.19298e+07	1.19568e+07	1.19708e+07	1.20325e+07	
1.17098e+07	1.1648e+07	1.18132e+07	1.18792e+07	1.19078e+07	
1.17118e+07	1.17072e+07	1.18358e+07	1.18925e+07	1.19392e+07	
1.18498e+07	1.18158e+07	1.20312e+07	1.20785e+07	1.1999e+07	
1.2086e+07	1.2103e+07	1.21428e+07	1.22738e+07	1.2323e+07	
1.19488e+07	1.1989e+07	1.20802e+07	1.20975e+07	1.21295e+07	
1.1895e+07	1.20068e+07	1.19935e+07	1.2096e+07	1.1974e+07	
1.20035e+07	1.189e+07	1.202e+07	1.22562e+07	1.21092e+07	
1.17432e+07	1.18095e+07	1.19082e+07	1.197e+07	1.20035e+07	
1.17168e+07	1.16632e+07	1.1711e+07	1.18345e+07	1.18e+07	
1.17162e+07	1.17465e+07	1.1793e+07	1.18762e+07	1.18315e+07	
1.16172e+07	1.157e+07	1.1689e+07	1.16702e+07	1.17375e+07	
1.1452e+07	1.14635e+07	1.15245e+07	1.159e+07	1.15958e+07	
1.1611e+07	1.1592e+07	1.1594e+07	1.18038e+07	1.16475e+07	
1.15965e+07	1.15112e+07	1.16992e+07	1.1757e+07	1.17842e+07	
1.16778e+07	1.1718e+07	1.1754e+07	1.19292e+07	1.1936e+07	
1.16965e+07	1.1742e+07	1.18232e+07	1.18718e+07	1.18925e+07	
1.15625e+07	1.16678e+07	1.17582e+07	1.1786e+07	1.17362e+07	
1.10735e+07	1.11838e+07	1.12032e+07	1.13098e+07	1.13512e+07	
1.06235e+07	1.0735e+07	1.0805e+07	1.09158e+07	1.08005e+07	
1.03822e+07	1.0478e+07	1.0517e+07	1.06425e+07	1.05895e+07	
1.05265e+07	1.05858e+07	1.07205e+07	1.07868e+07	1.0725e+07	
1.0653e+07	1.07072e+07	1.07438e+07	1.08788e+07	1.08698e+07	
1.06102e+07	1.0788e+07	1.07268e+07	1.08472e+07	1.08655e+07	
1.08365e+07	1.08598e+07	1.09775e+07	1.10142e+07	1.09542e+07	
1.1127e+07	1.12115e+07	1.10985e+07	1.12178e+07	1.1321e+07	
1.12795e+07	1.12372e+07	1.12882e+07	1.1454e+07	1.14445e+07	
1.14602e+07	1.16815e+07	1.1546e+07	1.16828e+07	1.14918e+07	
1.16518e+07	1.17622e+07	1.1783e+07	1.18358e+07	1.17728e+07	
1.17192e+07	1.1754e+07	1.18125e+07	1.19898e+07	1.19512e+07	
1.17565e+07	1.17685e+07	1.19612e+07	1.2074e+07	1.20802e+07	
1.19422e+07	1.19952e+07	1.20225e+07	1.2037e+07	1.20628e+07	
1.19745e+07	1.20098e+07	1.20678e+07	1.21e+07	1.20595e+07	
1.20275e+07	1.21232e+07	1.2204e+07	1.22895e+07	1.23362e+07	
1.21005e+07	1.20092e+07	1.21158e+07	1.21962e+07	1.2156e+07	
1.18768e+07	1.19688e+07	1.19115e+07	1.2071e+07	1.20172e+07	
1.18162e+07	1.19688e+07	1.1972e+07	1.21145e+07	1.20185e+07	
1.1769e+07	1.17602e+07	1.19265e+07	1.1953e+07	1.21282e+07	
1.2103e+07	1.21195e+07	1.22115e+07	1.21232e+07	1.22485e+07	
1.23262e+07	1.21685e+07	1.24245e+07	1.24168e+07	1.23828e+07	
1.23065e+07	1.24182e+07	1.25075e+07	1.25928e+07	1.25795e+07	
1.24502e+07	1.25302e+07	1.25315e+07	1.26355e+07	1.26115e+07	
1.22788e+07	1.23802e+07	1.25102e+07	1.2662e+07	1.27105e+07	
1.23905e+07	1.24892e+07	1.25025e+07	1.25178e+07	1.26512e+07	
1.22865e+07	1.24635e+07	1.24982e+07	1.2512e+07	1.25808e+07	
1.2175e+07	1.2171e+07	1.21855e+07	1.2333e+07	1.24245e+07	
1.1803e+07	1.18755e+07	1.1924e+07	1.20318e+07	1.19342e+07	
1.12638e+07	1.1498e+07	1.1481e+07	1.15548e+07	1.15008e+07	
1.13835e+07	1.13815e+07	1.16008e+07	1.15215e+07	1.16285e+07	
1.158e+07	1.1604e+07	1.1754e+07	1.18062e+07	1.17295e+07	
1.19108e+07	1.17792e+07	1.20238e+07	1.20922e+07	1.19285e+07	
1.20212e+07	1.2093e+07	1.2267e+07	1.23942e+07	1.23905e+07	
1.2359e+07	1.23968e+07	1.24578e+07	1.25638e+07	1.25025e+07	
1.25045e+07	1.26035e+07	1.2635e+07	1.26798e+07	1.27862e+07	
1.2662e+07	1.27395e+07	1.28762e+07	1.28308e+07	1.29272e+07	
1.26185e+07	1.27615e+07	1.273e+07	1.27395e+07	1.27042e+07	
1.25045e+07	1.27192e+07	1.264e+07	1.2909e+07	1.27735e+07	
1.25045e+07	1.27755e+07	1.27862e+07	1.28178e+07	1.28058e+07	
1.27262e+07	1.27528e+07	1.28995e+07	1.2868e+07	1.2902e+07	
1.26992e+07	1.28232e+07	1.2955e+07	1.2858e+07	1.29702e+07	
1.27085e+07	1.28195e+07	1.29425e+07	1.29202e+07	1.30148e+07	
1.273e+07	1.28182e+07	1.30068e+07	1.29272e+07	1.29438e+07	
1.23558e+07	1.24912e+07	1.26488e+07	1.2667e+07	1.26955e+07	
1.2183e+07	1.23578e+07	1.2388e+07	1.24162e+07	1.2408e+07	
1.21262e+07	1.22265e+07	1.2277e+07	1.23205e+07	1.22368e+07	
1.21855e+07	1.2149e+07	1.22065e+07	1.23218e+07	1.22908e+07	
1.23525e+07	1.22658e+07	1.24225e+07	1.25518e+07	1.23682e+07	
1.2313e+07	1.23578e+07	1.25195e+07	1.24672e+07	1.24648e+07	
1.24232e+07	1.24068e+07	1.2553e+07	1.2643e+07	1.24825e+07	
1.22662e+07	1.24962e+07	1.24548e+07	1.26065e+07	1.24168e+07	
1.2451e+07	1.25132e+07	1.26248e+07	1.26852e+07	1.26028e+07	
1.26462e+07	1.27402e+07	1.27495e+07	1.28908e+07	1.28082e+07	
1.27175e+07	1.28328e+07	1.27325e+07	1.28952e+07	1.29418e+07	
1.266e+07	1.26872e+07	1.26872e+07	1.28862e+07	1.27855e+07	
1.25265e+07	1.24825e+07	1.26758e+07	1.27748e+07	1.26885e+07	
1.22932e+07	1.24458e+07	1.24772e+07	1.24482e+07	1.25232e+07	
1.2376e+07	1.2427e+07	1.2478e+07	1.2454e+07	1.24685e+07	
1.23652e+07	1.24125e+07	1.2451e+07	1.25548e+07	1.23578e+07	
1.23122e+07	1.24735e+07	1.2393e+07	1.24535e+07	1.25995e+07	
1.25178e+07	1.25348e+07	1.25662e+07	1.257e+07	1.25285e+07	
1.242e+07	1.25832e+07	1.26218e+07	1.26902e+07	1.26438e+07	
1.23948e+07	1.24465e+07	1.26072e+07	1.26885e+07	1.24812e+07	
1.24962e+07	1.2359e+07	1.24785e+07	1.25008e+07	1.26902e+07	
1.2258e+07	1.21862e+07	1.219e+07	1.23665e+07	1.23362e+07	
1.20748e+07	1.20445e+07	1.21722e+07	1.227e+07	1.2146e+07	
1.1875e+07	1.19095e+07	1.20172e+07	1.21408e+07	1.2047e+07	
1.189e+07	1.1931e+07	1.20238e+07	1.20105e+07	1.20515e+07	
1.17868e+07	1.19045e+07	1.1958e+07	1.21585e+07	1.20462e+07	
1.19108e+07	1.20185e+07	1.20545e+07	1.21415e+07	1.21515e+07	
1.2204e+07	1.2171e+07	1.22372e+07	1.22638e+07	1.2243e+07	
1.21452e+07	1.20545e+07	1.22102e+07	1.21775e+07	1.21962e+07	
1.20015e+07	1.20085e+07	1.20432e+07	1.22562e+07	1.2188e+07	
1.20558e+07	1.2236e+07	1.22952e+07	1.23235e+07	1.22638e+07	
1.2059e+07	1.21062e+07	1.21635e+07	1.22538e+07	1.226e+07	
1.2098e+07	1.22302e+07	1.2207e+07	1.23665e+07	1.23885e+07	
1.21182e+07	1.21585e+07	1.23342e+07	1.23772e+07	1.24395e+07	
1.24068e+07	1.2265e+07	1.2415e+07	1.25165e+07	1.24245e+07	
1.22145e+07	1.2253e+07	1.2333e+07	1.24515e+07	1.22745e+07	
1.23355e+07	1.22045e+07	1.23602e+07	1.2505e+07	1.2425e+07	
1.2388e+07	1.23405e+07	1.25145e+07	1.26268e+07	1.26785e+07	
1.22025e+07	1.23828e+07	1.2316e+07	1.233e+07	1.23645e+07	
1.21932e+07	1.23898e+07	1.23275e+07	1.24962e+07	1.26342e+07	
1.2168e+07	1.22248e+07	1.23065e+07	1.23658e+07	1.2364e+07	
1.20848e+07	1.22625e+07	1.2267e+07	1.24112e+07	1.24332e+07	
1.20565e+07	1.21705e+07	1.2221e+07	1.23715e+07	1.23545e+07	
1.19525e+07	1.1991e+07	1.20835e+07	1.21648e+07	1.2209e+07	
1.18132e+07	1.19202e+07	1.19202e+07	1.2025e+07	1.19695e+07	
1.18498e+07	1.1989e+07	1.20225e+07	1.21378e+07	1.20698e+07	
1.18132e+07	1.2105e+07	1.20752e+07	1.21378e+07	1.2045e+07	
1.2076e+07	1.20085e+07	1.22012e+07	1.21995e+07	1.22078e+07	
1.2081e+07	1.21328e+07	1.2168e+07	1.22575e+07	1.21295e+07	
1.2069e+07	1.21225e+07	1.22485e+07	1.2195e+07	1.23628e+07	
1.19878e+07	1.21548e+07	1.21358e+07	1.22152e+07	1.2127e+07	
1.2045e+07	1.21938e+07	1.22102e+07	1.2369e+07	1.2243e+07	
1.2028e+07	1.2226e+07	1.22342e+07	1.22095e+07	1.22725e+07	
1.18945e+07	1.19882e+07	1.2079e+07	1.22145e+07	1.21842e+07	
1.1994e+07	1.21938e+07	1.21158e+07	1.21642e+07	1.2117e+07	
1.19095e+07	1.2115e+07	1.21068e+07	1.2144e+07	1.21415e+07	
1.21208e+07	1.21635e+07	1.22638e+07	1.22512e+07	1.2294e+07	
1.19198e+07	1.20652e+07	1.2151e+07	1.22738e+07	1.22198e+07	
1.20935e+07	1.19902e+07	1.22008e+07	1.21592e+07	1.20735e+07	
1.20868e+07	1.21308e+07	1.21622e+07	1.22082e+07	1.22712e+07	
1.1921e+07	1.19228e+07	1.20698e+07	1.22045e+07	1.20975e+07	
1.1928e+07	1.20362e+07	1.2025e+07	1.21245e+07	1.2161e+07	
1.20118e+07	1.21055e+07	1.21522e+07	1.21345e+07	1.22738e+07	
1.20482e+07	1.21238e+07	1.21295e+07	1.225e+07	1.2284e+07	
1.20935e+07	1.21838e+07	1.22008e+07	1.2384e+07	1.2345e+07	
1.21825e+07	1.22915e+07	1.23968e+07	1.23015e+07	1.2311e+07	
1.22008e+07	1.22538e+07	1.23085e+07	1.22248e+07	1.23098e+07	
1.19468e+07	1.20475e+07	1.2047e+07	1.19575e+07	1.22315e+07	
1.20432e+07	1.1902e+07	1.21188e+07	1.21365e+07	1.2093e+07	
1.16678e+07	1.17452e+07	1.19028e+07	1.19902e+07	1.19305e+07	
1.16562e+07	1.16418e+07	1.17345e+07	1.18648e+07	1.1839e+07	
1.1565e+07	1.16795e+07	1.1732e+07	1.1829e+07	1.17702e+07	
1.1682e+07	1.1798e+07	1.18158e+07	1.18605e+07	1.1788e+07	
1.16475e+07	1.1694e+07	1.1718e+07	1.1757e+07	1.17805e+07	
1.15982e+07	1.174e+07	1.17345e+07	1.18555e+07	1.19248e+07	
1.13972e+07	1.14225e+07	1.14742e+07	1.14672e+07	1.15228e+07	
1.13438e+07	1.14275e+07	1.15095e+07	1.1568e+07	1.15812e+07	
1.1294e+07	1.14552e+07	1.14842e+07	1.1531e+07	1.15585e+07	
1.134e+07	1.1459e+07	1.15215e+07	1.15675e+07	1.16608e+07	
1.14768e+07	1.14402e+07	1.15082e+07	1.14842e+07	1.16235e+07	
1.15535e+07	1.16052e+07	1.16248e+07	1.18082e+07	1.17702e+07	
1.16985e+07	1.16545e+07	1.17105e+07	1.18182e+07	1.18385e+07	
1.17085e+07	1.17515e+07	1.18e+07	1.1875e+07	1.18675e+07	
1.1679e+07	1.1752e+07	1.19082e+07	1.181e+07	1.18718e+07	
1.15718e+07	1.1609e+07	1.1735e+07	1.17458e+07	1.16872e+07	
1.1696e+07	1.17068e+07	1.17482e+07	1.18258e+07	1.17855e+07	
1.14772e+07	1.1623e+07	1.16612e+07	1.17602e+07	1.174e+07	
1.15895e+07	1.17192e+07	1.18058e+07	1.18415e+07	1.18542e+07	
1.1638e+07	1.188e+07	1.1861e+07	1.17755e+07	1.18805e+07	
1.15995e+07	1.17652e+07	1.17552e+07	1.19285e+07	1.1904e+07	
1.1621e+07	1.17312e+07	1.17648e+07	1.17768e+07	1.17792e+07	
1.1623e+07	1.16992e+07	1.17325e+07	1.17528e+07	1.17868e+07	
1.1732e+07	1.1604e+07	1.17755e+07	1.17068e+07	1.18568e+07	
1.14548e+07	1.16802e+07	1.17892e+07	1.1846e+07	1.18182e+07	
1.15012e+07	1.15108e+07	1.16608e+07	1.17212e+07	1.159e+07	
1.13658e+07	1.15202e+07	1.15422e+07	1.16148e+07	1.16678e+07	
1.13728e+07	1.14602e+07	1.14805e+07	1.1517e+07	1.1476e+07	
1.13015e+07	1.143e+07	1.15398e+07	1.16292e+07	1.16488e+07	
1.15348e+07	1.15202e+07	1.16335e+07	1.16595e+07	1.16492e+07	
1.15505e+07	1.16848e+07	1.16902e+07	1.1737e+07	1.1723e+07	
1.165e+07	1.1575e+07	1.1757e+07	1.17358e+07	1.17885e+07	
1.15062e+07	1.16645e+07	1.16405e+07	1.1829e+07	1.18125e+07	
1.14805e+07	1.15322e+07	1.1568e+07	1.17855e+07	1.1614e+07	
1.13765e+07	1.14212e+07	1.1546e+07	1.16532e+07	1.14692e+07	
1.13318e+07	1.14362e+07	1.15075e+07	1.15385e+07	1.14585e+07	
1.1369e+07	1.15038e+07	1.1527e+07	1.149e+07	1.15492e+07	
1.13615e+07	1.13898e+07	1.14232e+07	1.15945e+07	1.15385e+07	
1.12965e+07	1.13148e+07	1.14312e+07	1.14465e+07	1.15372e+07	
1.13192e+07	1.12995e+07	1.1352e+07	1.14295e+07	1.13475e+07	
1.10998e+07	1.12202e+07	1.1236e+07	1.1362e+07	1.12315e+07	
1.09688e+07	1.1171e+07	1.11962e+07	1.11502e+07	1.1243e+07	
1.1081e+07	1.1081e+07	1.12e+07	1.10968e+07	1.1188e+07	
1.1275e+07	1.11838e+07	1.13035e+07	1.13765e+07	1.1301e+07	
1.1188e+07	1.12012e+07	1.14075e+07	1.14478e+07	1.13222e+07	
1.14665e+07	1.15158e+07	1.15232e+07	1.1483e+07	1.16045e+07	
1.12915e+07	1.1364e+07	1.15265e+07	1.14868e+07	1.14312e+07	
1.15e+07	1.14572e+07	1.15725e+07	1.16202e+07	1.17528e+07	
1.14585e+07	1.13992e+07	1.1527e+07	1.159e+07	1.15838e+07	
1.13682e+07	1.14535e+07	1.14968e+07	1.1643e+07	1.15568e+07	
1.1398e+07	1.141e+07	1.15662e+07	1.158e+07	1.15215e+07	
1.1289e+07	1.13115e+07	1.1466e+07	1.15518e+07	1.14408e+07	
1.12625e+07	1.143e+07	1.14382e+07	1.14105e+07	1.15158e+07	
1.11735e+07	1.1217e+07	1.1287e+07	1.13575e+07	1.12472e+07	
1.10918e+07	1.11472e+07	1.12215e+07	1.12468e+07	1.12982e+07	
1.11572e+07	1.11868e+07	1.11365e+07	1.12908e+07	1.12215e+07	
1.11038e+07	1.1173e+07	1.13235e+07	1.1379e+07	1.11825e+07	
1.10678e+07	1.1159e+07	1.11812e+07	1.11988e+07	1.1333e+07	
1.11018e+07	1.1316e+07	1.1355e+07	1.14192e+07	1.13752e+07	
1.1057e+07	1.11668e+07	1.12062e+07	1.1185e+07	1.12195e+07	
1.10318e+07	1.1122e+07	1.11432e+07	1.12952e+07	1.12025e+07	
1.09355e+07	1.08855e+07	1.09625e+07	1.1115e+07	1.11428e+07	
1.09228e+07	1.0953e+07	1.11458e+07	1.104e+07	1.1161e+07	
1.0815e+07	1.08e+07	1.09932e+07	1.10105e+07	1.10602e+07	
1.0708e+07	1.0812e+07	1.09505e+07	1.11075e+07	1.09518e+07	
1.08842e+07	1.09045e+07	1.10942e+07	1.1069e+07	1.1071e+07	
1.09435e+07	1.10368e+07	1.11282e+07	1.1047e+07	1.1139e+07	
1.09185e+07	1.10482e+07	1.1006e+07	1.11598e+07	1.11938e+07	
1.10255e+07	1.1023e+07	1.1149e+07	1.11332e+07	1.10852e+07	
1.10462e+07	1.1038e+07	1.10305e+07	1.10482e+07	1.11208e+07	
1.1001e+07	1.10615e+07	1.11238e+07	1.12195e+07	1.11232e+07	
1.10305e+07	1.11465e+07	1.11472e+07	1.1246e+07	1.12782e+07	
1.1023e+07	1.1016e+07	1.10532e+07	1.11932e+07	1.11888e+07	
1.10072e+07	1.1132e+07	1.11875e+07	1.11825e+07	1.12012e+07	
1.10848e+07	1.11838e+07	1.12982e+07	1.1248e+07	1.13678e+07	
1.09915e+07	1.1096e+07	1.12945e+07	1.12025e+07	1.10288e+07	
1.11142e+07	1.11018e+07	1.10998e+07	1.12285e+07	1.1212e+07	
1.0977e+07	1.10052e+07	1.11522e+07	1.10935e+07	1.1166e+07	
1.10388e+07	1.1086e+07	1.11718e+07	1.11768e+07	1.12542e+07	
1.09398e+07	1.09542e+07	1.1047e+07	1.11855e+07	1.1176e+07	
1.08302e+07	1.08938e+07	1.09455e+07	1.11225e+07	1.10015e+07	
1.07408e+07	1.08162e+07	1.0912e+07	1.10695e+07	1.0929e+07	
1.0667e+07	1.0561e+07	1.08025e+07	1.08622e+07	1.08382e+07	
1.05505e+07	1.06102e+07	1.0711e+07	1.08092e+07	1.0677e+07	
1.04362e+07	1.05838e+07	1.06385e+07	1.0665e+07	1.07212e+07	
1.05378e+07	1.06078e+07	1.065e+07	1.07595e+07	1.06878e+07	
1.05762e+07	1.06632e+07	1.07628e+07	1.0757e+07	1.07172e+07	
1.05082e+07	1.05788e+07	1.0665e+07	1.07962e+07	1.07992e+07	
1.0452e+07	1.05478e+07	1.05465e+07	1.0718e+07	1.07212e+07	
1.03702e+07	1.05585e+07	1.05278e+07	1.05572e+07	1.05958e+07	
1.02705e+07	1.02958e+07	1.03492e+07	1.05845e+07	1.04312e+07	
9.94225e+06	1.00828e+07	1.0076e+07	1.01055e+07	1.01062e+07	
9.6675e+06	9.77225e+06	9.8275e+06	9.9865e+06	9.86475e+06	
9.49925e+06	9.4085e+06	9.48725e+06	9.694e+06	9.59875e+06	
9.253e+06	9.3765e+06	9.37825e+06	9.40225e+06	9.49425e+06	
9.41225e+06	9.44625e+06	9.636e+06	9.568e+06	9.62025e+06	
9.503e+06	9.597e+06	9.69075e+06	9.69275e+06	9.5685e+06	
9.64675e+06	9.66125e+06	9.82875e+06	9.82375e+06	9.8005e+06	
9.71725e+06	9.6935e+06	9.8995e+06	9.7785e+06	9.81875e+06	
9.757e+06	9.7885e+06	9.91275e+06	9.9965e+06	9.948e+06	
9.69025e+06	9.754e+06	9.8415e+06	9.9385e+06	9.87875e+06	
9.78725e+06	9.87875e+06	9.80425e+06	9.98825e+06	1.00128e+07	
9.77725e+06	9.849e+06	9.92775e+06	9.9895e+06	1.00368e+07	
9.71675e+06	9.759e+06	9.85975e+06	9.9115e+06	9.86975e+06	
9.849e+06	9.86225e+06	9.963e+06	1.00002e+07	9.90775e+06	
9.7565e+06	9.9795e+06	9.87475e+06	1.00785e+07	9.9385e+06	
9.7065e+06	9.75825e+06	9.95675e+06	9.90125e+06	9.88625e+06	
9.72425e+06	9.77525e+06	9.8685e+06	9.839e+06	9.82125e+06	
9.747e+06	9.81175e+06	9.682e+06	9.9095e+06	9.938e+06	
9.59375e+06	9.7135e+06	9.69475e+06	9.79675e+06	9.779e+06	
9.55225e+06	9.61725e+06	9.74875e+06	9.72225e+06	9.7395e+06	
9.612e+06	9.70975e+06	9.71175e+06	9.81125e+06	9.79225e+06	
9.60575e+06	9.7065e+06	9.75575e+06	9.73125e+06	9.75125e+06	
9.781e+06	9.6745e+06	9.757e+06	9.85975e+06	9.8875e+06	
9.6335e+06	9.72875e+06	9.77975e+06	9.8005e+06	9.754e+06	
9.6605e+06	9.73625e+06	9.68825e+06	9.839e+06	9.76975e+06	
9.609e+06	9.75075e+06	9.8465e+06	9.769e+06	9.75575e+06	
9.689e+06	9.67375e+06	9.842e+06	9.79925e+06	9.72375e+06	
9.609e+06	9.554e+06	9.59325e+06	9.793e+06	9.68325e+06	
9.61975e+06	9.74125e+06	9.74825e+06	9.72675e+06	9.745e+06	
9.55475e+06	9.5825e+06	9.57375e+06	9.75e+06	9.6725e+06	
9.50125e+06	9.653e+06	9.6985e+06	9.74e+06	9.75525e+06	
9.59825e+06	9.5605e+06	9.61525e+06	9.70475e+06	9.6985e+06	
9.56675e+06	9.53075e+06	9.66e+06	9.64475e+06	9.74875e+06	
9.454e+06	9.55725e+06	9.73375e+06	9.6675e+06	9.805e+06	
9.5685e+06	9.517e+06	9.6145e+06	9.68775e+06	9.59125e+06	
9.52575e+06	9.609e+06	9.643e+06	9.68775e+06	9.7785e+06	
9.36125e+06	9.59075e+06	9.5095e+06	9.46475e+06	9.50175e+06	
9.42625e+06	9.554e+06	9.53575e+06	9.4715e+06	9.5535e+06	
9.39975e+06	9.40475e+06	9.435e+06	9.49425e+06	9.529e+06	
9.3965e+06	9.51325e+06	9.45275e+06	9.54725e+06	9.5075e+06	
9.31225e+06	9.38025e+06	9.517e+06	9.58625e+06	9.5685e+06	
9.35125e+06	9.442e+06	9.51325e+06	9.5655e+06	9.57875e+06	
9.4175e+06	9.53325e+06	9.57425e+06	9.67575e+06	9.59075e+06	
9.52125e+06	9.54525e+06	9.59825e+06	9.79675e+06	9.54975e+06	
9.51875e+06	9.679e+06	9.583e+06	9.7855e+06	9.641e+06	
9.566e+06	9.53325e+06	9.60275e+06	9.72675e+06	9.694e+06	
9.4975e+06	9.5805e+06	9.602e+06	9.6625e+06	9.67375e+06	
9.4445e+06	9.5755e+06	9.6895e+06	9.67075e+06	9.68775e+06	
9.522e+06	9.5125e+06	9.67625e+06	9.53825e+06	9.73875e+06	
9.551e+06	9.49625e+06	9.53275e+06	9.71175e+06	9.7065e+06	
9.42925e+06	9.4735e+06	9.55225e+06	9.679e+06	9.6285e+06	
9.36125e+06	9.384e+06	9.5055e+06	9.5585e+06	9.45075e+06	
9.46975e+06	9.529e+06	9.48225e+06	9.43875e+06	9.6115e+06	
9.382e+06	9.48225e+06	9.602e+06	9.62975e+06	9.64675e+06	
9.423e+06	9.3695e+06	9.5755e+06	9.65875e+06	9.51875e+06	
9.39025e+06	9.4035e+06	9.54475e+06	9.495e+06	9.45075e+06	
9.31725e+06	9.42425e+06	9.44575e+06	9.53525e+06	9.45275e+06	
9.321e+06	9.37825e+06	9.39525e+06	9.55225e+06	9.4155e+06	
9.28825e+06	9.3385e+06	9.4565e+06	9.47025e+06	9.452e+06	
9.1755e+06	9.26175e+06	9.321e+06	9.39275e+06	9.4715e+06	
9.1715e+06	9.29e+06	9.372e+06	9.37525e+06	9.37825e+06	
9.24975e+06	9.21375e+06	9.27125e+06	9.3715e+06	9.3235e+06	
9.18875e+06	9.18675e+06	9.26875e+06	9.39975e+06	9.37325e+06	
9.176e+06	9.219e+06	9.3405e+06	9.2505e+06	9.42425e+06	
9.098e+06	9.20175e+06	9.16225e+06	9.32275e+06	9.30525e+06	
9.222e+06	9.21575e+06	9.2e+06	9.362e+06	9.357e+06	
9.236e+06	9.232e+06	9.33225e+06	9.3625e+06	9.31475e+06	
9.20175e+06	9.154e+06	9.32975e+06	9.23775e+06	9.232e+06	
9.13e+06	9.17925e+06	9.14525e+06	9.2945e+06	9.3135e+06	
9.077e+06	9.25475e+06	9.239e+06	9.21075e+06	9.27375e+06	
9.10975e+06	9.08275e+06	9.23025e+06	9.20125e+06	9.22025e+06	
9.07275e+06	9.02425e+06	9.14525e+06	9.178e+06	9.1415e+06	
9.06075e+06	9.02425e+06	9.0495e+06	9.0815e+06	9.14275e+06	
8.948e+06	9.0835e+06	9.00475e+06	9.048e+06	9.123e+06	
8.89625e+06	8.87675e+06	8.9875e+06	9.0135e+06	9.12825e+06	
8.84825e+06	8.9915e+06	9.08775e+06	9.09475e+06	9.13075e+06	
8.96375e+06	9.00725e+06	9.1205e+06	9.1105e+06	9.0835e+06	
8.8125e+06	8.96175e+06	9.132e+06	9.084e+06	9.0715e+06	
8.78925e+06	8.87675e+06	9.05075e+06	9.077e+06	8.98e+06	
8.90825e+06	8.8175e+06	8.9335e+06	8.953e+06	8.917e+06	
8.67125e+06	8.716e+06	8.738e+06	8.84325e+06	8.79225e+06	
8.6455e+06	8.6865e+06	8.73175e+06	8.78475e+06	8.825e+06	
8.67075e+06	8.68525e+06	8.87475e+06	8.78775e+06	8.8105e+06	
8.63025e+06	8.73675e+06	8.7545e+06	8.84075e+06	8.75075e+06	
8.8295e+06	8.83825e+06	8.84075e+06	8.87725e+06	8.93475e+06	
8.82325e+06	8.8535e+06	8.893e+06	8.96875e+06	8.905e+06	
8.813e+06	8.82325e+06	8.90375e+06	9.0185e+06	8.9605e+06	
8.71975e+06	8.78475e+06	8.78525e+06	8.92975e+06	8.97625e+06	
8.85725e+06	8.9365e+06	8.96175e+06	9.0015e+06	8.936e+06	
8.82075e+06	8.8515e+06	8.8805e+06	9.0135e+06	8.9045e+06	
8.83e+06	8.868e+06	9.05e+06	9.05125e+06	8.997e+06	
8.82375e+06	8.89425e+06	9.00025e+06	9.04625e+06	8.953e+06	
8.83525e+06	8.871e+06	8.9535e+06	9.004e+06	8.93025e+06	
8.86475e+06	8.84275e+06	8.9675e+06	9.04125e+06	8.92275e+06	
8.77475e+06	9.0165e+06	8.89e+06	8.9995e+06	9.01025e+06	
8.77525e+06	8.72225e+06	8.8075e+06	8.914e+06	8.9385e+06	
8.80625e+06	8.77475e+06	8.83775e+06	8.8685e+06	8.866e+06	
8.634e+06	8.665e+06	8.79425e+06	8.73e+06	8.8295e+06	
8.6165e+06	8.63925e+06	8.7305e+06	8.77025e+06	8.8535e+06	
8.62275e+06	8.6945e+06	8.663e+06	8.7985e+06	8.7645e+06	
8.5605e+06	8.67625e+06	8.57625e+06	8.675e+06	8.71975e+06	
8.5565e+06	8.726e+06	8.721e+06	8.66375e+06	8.718e+06	
8.471e+06	8.573e+06	8.62275e+06	8.65875e+06	8.677e+06	
8.39525e+06	8.51e+06	8.49475e+06	8.5565e+06	8.55275e+06	
8.33425e+06	8.447e+06	8.46525e+06	8.442e+06	8.5105e+06	
8.34925e+06	8.3115e+06	8.525e+06	8.4835e+06	8.52e+06	
8.3575e+06	8.36325e+06	8.4665e+06	8.45775e+06	8.48225e+06	
8.278e+06	8.314e+06	8.29875e+06	8.42875e+06	8.336e+06	
8.23525e+06	8.36825e+06	8.3355e+06	8.331e+06	8.3985e+06	
8.2125e+06	8.30275e+06	8.3675e+06	8.36825e+06	8.2805e+06	
8.23525e+06	8.27675e+06	8.44375e+06	8.32475e+06	8.40725e+06	
8.249e+06	8.29375e+06	8.37325e+06	8.33225e+06	8.396e+06	
8.19425e+06	8.1835e+06	8.249e+06	8.2975e+06	8.333e+06	
8.07075e+06	8.15275e+06	8.22075e+06	8.2585e+06	8.246e+06	
8.0505e+06	8.03425e+06	8.1255e+06	8.1855e+06	8.12875e+06	
8.14775e+06	8.08025e+06	8.1325e+06	8.19625e+06	8.0765e+06	
8.031e+06	7.9755e+06	8.06825e+06	8.0865e+06	8.08075e+06	
7.97e+06	8.045e+06	8.103e+06	8.13625e+06	8.0545e+06	
7.95975e+06	8.0425e+06	8.06375e+06	8.0285e+06	8.1445e+06	
7.912e+06	7.905e+06	8.07525e+06	8.13325e+06	8.106e+06	
7.95675e+06	7.95675e+06	7.97825e+06	7.97425e+06	8.05825e+06	
8.0505e+06	8.0505e+06	8.004e+06	8.13e+06	8.0505e+06	
7.849e+06	7.9555e+06	8.05625e+06	8.067e+06	8.0085e+06	
7.8275e+06	7.92025e+06	7.907e+06	7.9775e+06	7.9535e+06	
7.76575e+06	7.87425e+06	7.9265e+06	8.0185e+06	7.9675e+06	
7.837e+06	7.8685e+06	7.87675e+06	7.8835e+06	7.8515e+06	
7.79225e+06	7.8325e+06	7.8295e+06	7.90625e+06	7.97625e+06	
7.73675e+06	7.8035e+06	7.81e+06	7.93025e+06	7.83625e+06	
7.8205e+06	7.79975e+06	7.92075e+06	7.97375e+06	7.924e+06	
7.7885e+06	7.82625e+06	7.88875e+06	7.9435e+06	7.965e+06	
7.6095e+06	7.721e+06	7.772e+06	7.74875e+06	7.85775e+06	
7.62025e+06	7.78275e+06	7.81625e+06	7.86975e+06	7.929e+06	
7.76e+06	7.79975e+06	7.7715e+06	7.81125e+06	7.796e+06	
7.63525e+06	7.75375e+06	7.76775e+06	7.87975e+06	7.83325e+06	
7.71925e+06	7.88425e+06	7.76525e+06	7.8155e+06	7.873e+06	
7.704e+06	7.72175e+06	7.7285e+06	7.84775e+06	7.8005e+06	
7.63225e+06	7.745e+06	7.7305e+06	7.7495e+06	7.6845e+06	
7.706e+06	7.66175e+06	7.7165e+06	7.76325e+06	7.77975e+06	
7.60325e+06	7.607e+06	7.68575e+06	7.69025e+06	7.62275e+06	
7.66175e+06	7.626e+06	7.70475e+06	7.69075e+06	7.67575e+06	
7.6025e+06	7.64925e+06	7.738e+06	7.832e+06	7.8835e+06	
7.56275e+06	7.6165e+06	7.6675e+06	7.75125e+06	7.66925e+06	
7.602e+06	7.65425e+06	7.6655e+06	7.791e+06	7.80175e+06	
7.58875e+06	7.67e+06	7.6245e+06	7.71275e+06	7.68375e+06	
7.58125e+06	7.576e+06	7.68075e+06	7.72675e+06	7.72175e+06	
7.48225e+06	7.63275e+06	7.646e+06	7.723e+06	7.5975e+06	
7.4955e+06	7.5585e+06	7.593e+06	7.738e+06	7.639e+06	
7.43175e+06	7.5245e+06	7.56275e+06	7.5705e+06	7.5855e+06	
7.42475e+06	7.4155e+06	7.505e+06	7.65475e+06	7.59625e+06	
7.39075e+06	7.30125e+06	7.346e+06	7.42225e+06	7.4425e+06	
7.30775e+06	7.35125e+06	7.38825e+06	7.48225e+06	7.438e+06	
7.29e+06	7.32025e+06	7.32525e+06	7.41675e+06	7.459e+06	
7.2925e+06	7.31575e+06	7.28375e+06	7.3215e+06	7.38825e+06	
7.1185e+06	7.283e+06	7.2345e+06	7.3525e+06	7.35925e+06	
7.14575e+06	7.1515e+06	7.32275e+06	7.285e+06	7.324e+06	
7.1445e+06	7.198e+06	7.22775e+06	7.27375e+06	7.23775e+06	
7.1305e+06	7.249e+06	7.2945e+06	7.358e+06	7.30075e+06	
7.1395e+06	7.1275e+06	7.329e+06	7.222e+06	7.229e+06	
7.13175e+06	7.227e+06	7.302e+06	7.27925e+06	7.309e+06	
7.123e+06	7.14075e+06	7.2655e+06	7.1835e+06	7.2635e+06	
7.15775e+06	7.19675e+06	7.2105e+06	7.2195e+06	7.285e+06	
7.09275e+06	7.104e+06	7.14325e+06	7.16325e+06	7.26225e+06	
7.062e+06	7.08975e+06	7.1185e+06	7.1645e+06	7.18475e+06	
6.97875e+06	7.065e+06	6.99575e+06	7.13175e+06	7.02275e+06	
6.89125e+06	7.04875e+06	7.0985e+06	7.18475e+06	7.087e+06	
7.01275e+06	7.03225e+06	7.0065e+06	7.1445e+06	7.104e+06	
6.857e+06	6.85775e+06	6.963e+06	6.997e+06	7.0815e+06	
6.96475e+06	6.88175e+06	6.9365e+06	6.98875e+06	7.019e+06	
6.74925e+06	6.85825e+06	6.864e+06	6.92075e+06	6.94525e+06	
6.80925e+06	6.786e+06	6.8835e+06	6.883e+06	6.8375e+06	
6.7915e+06	6.74375e+06	6.704e+06	6.7795e+06	6.84125e+06	
6.675e+06	6.72425e+06	6.7015e+06	6.8785e+06	6.8275e+06	
6.5685e+06	6.67425e+06	6.71725e+06	6.73425e+06	6.728e+06	
6.64475e+06	6.6025e+06	6.79275e+06	6.665e+06	6.723e+06	
6.56275e+06	6.62025e+06	6.6075e+06	6.6535e+06	6.622e+06	
6.5225e+06	6.49725e+06	6.55275e+06	6.612e+06	6.65425e+06	
6.5345e+06	6.42425e+06	6.53e+06	6.53325e+06	6.56925e+06	
6.4475e+06	6.4665e+06	6.45625e+06	6.52e+06	6.556e+06	
6.45125e+06	6.3825e+06	6.39825e+06	6.5345e+06	6.4285e+06	
6.38775e+06	6.501e+06	6.47575e+06	6.5855e+06	6.53075e+06	
6.48725e+06	6.4255e+06	6.4885e+06	6.54075e+06	6.55725e+06	
6.49225e+06	6.5955e+06	6.6295e+06	6.61e+06	6.59e+06	
6.45125e+06	6.564e+06	6.49225e+06	6.61325e+06	6.605e+06	
6.39525e+06	6.36675e+06	6.54525e+06	6.48975e+06	6.4785e+06	
6.41725e+06	6.4375e+06	6.4425e+06	6.5415e+06	6.55725e+06	
6.41925e+06	6.4285e+06	6.484e+06	6.4955e+06	6.48225e+06	
6.55275e+06	6.44425e+06	6.6455e+06	6.63225e+06	6.53375e+06	
6.40775e+06	6.47525e+06	6.554e+06	6.60075e+06	6.51e+06	
6.401e+06	6.5535e+06	6.44425e+06	6.57925e+06	6.52575e+06	
6.43625e+06	6.445e+06	6.43125e+06	6.44375e+06	6.49225e+06	
6.39025e+06	6.4115e+06	6.40525e+06	6.44125e+06	6.43175e+06	
6.3865e+06	6.34725e+06	6.45325e+06	6.44e+06	6.4285e+06	
6.30375e+06	6.28125e+06	6.42225e+06	6.4495e+06	6.45575e+06	
6.16825e+06	6.2685e+06	6.239e+06	6.3115e+06	6.29e+06	
6.09025e+06	6.14375e+06	6.17225e+06	6.18975e+06	6.234e+06	
5.91575e+06	5.86725e+06	5.94075e+06	5.997e+06	6.0235e+06	
5.707e+06	5.72275e+06	5.685e+06	5.782e+06	5.755e+06	
5.5325e+06	5.535e+06	5.6635e+06	5.586e+06	5.59175e+06	
5.578e+06	5.549e+06	5.55025e+06	5.58675e+06	5.6175e+06	
5.66625e+06	5.69575e+06	5.716e+06	5.7285e+06	5.743e+06	
5.685e+06	5.77775e+06	5.83125e+06	5.79975e+06	5.79275e+06	
5.7745e+06	5.86325e+06	5.90375e+06	5.908e+06	5.90425e+06	
5.92575e+06	5.93825e+06	6.04175e+06	6.0315e+06	6.05e+06	
5.95975e+06	5.96425e+06	6.04925e+06	6.06375e+06	6.13675e+06	
6.00125e+06	6.0865e+06	6.0725e+06	6.152e+06	6.128e+06	
6.10275e+06	6.06825e+06	6.09775e+06	6.17525e+06	6.1425e+06	
6.11725e+06	6.11225e+06	6.1185e+06	6.17525e+06	6.13175e+06	
6.12875e+06	6.05175e+06	6.19175e+06	6.1375e+06	6.21175e+06	
6.10025e+06	6.1325e+06	6.179e+06	6.20625e+06	6.2905e+06	
6.0985e+06	6.152e+06	6.20675e+06	6.26925e+06	6.19925e+06	
6.14875e+06	6.234e+06	6.15125e+06	6.217e+06	6.17525e+06	
6.1135e+06	6.1325e+06	6.18725e+06	6.18275e+06	6.1305e+06	
6.1645e+06	6.1955e+06	6.29825e+06	6.368e+06	6.1495e+06	
6.043e+06	6.19175e+06	6.21125e+06	6.28e+06	6.27175e+06	
6.09275e+06	6.109e+06	6.28675e+06	6.25225e+06	6.239e+06	
6.0865e+06	6.135e+06	6.11425e+06	6.2945e+06	6.14625e+06	
6.06e+06	6.188e+06	6.171e+06	6.17025e+06	6.16775e+06	
6.1445e+06	6.155e+06	6.1595e+06	6.1255e+06	6.10775e+06	
6.11175e+06	6.07e+06	6.208e+06	6.17725e+06	6.21825e+06	
6.02775e+06	6.10025e+06	6.05175e+06	6.1205e+06	6.087e+06	
6.00825e+06	6.0405e+06	6.12925e+06	6.082e+06	6.094e+06	
6.07825e+06	6.033e+06	6.08075e+06	6.092e+06	6.0745e+06	
6.02975e+06	6.1035e+06	6.055e+06	6.1665e+06	6.16275e+06	
6.026e+06	5.956e+06	6.063e+06	6.113e+06	6.038e+06	
6.079e+06	6.029e+06	6.067e+06	6.10725e+06	6.11975e+06	
6.00075e+06	5.9705e+06	6.0525e+06	6.09975e+06	6.0575e+06	
6.04875e+06	6.03225e+06	6.13425e+06	6.077e+06	6.03925e+06	
5.927e+06	6.055e+06	6.1085e+06	6.1015e+06	6.0555e+06	
5.934e+06	5.995e+06	5.98425e+06	6.0315e+06	6.06125e+06	
6.02975e+06	6.0165e+06	5.99875e+06	6.05925e+06	6.05925e+06	
5.915e+06	5.9415e+06	5.9635e+06	6.02275e+06	5.99625e+06	
5.891e+06	5.8955e+06	6.00825e+06	6.0555e+06	6.01775e+06	
5.95025e+06	5.917e+06	6.041e+06	6.01975e+06	6.002e+06	
5.85275e+06	5.847e+06	5.995e+06	6.00525e+06	5.949e+06	
5.9295e+06	6.024e+06	5.98e+06	6.04675e+06	6.058e+06	
5.94025e+06	5.93325e+06	5.97625e+06	5.99325e+06	5.94975e+06	
5.86025e+06	5.94075e+06	5.92125e+06	6.05e+06	5.9605e+06	
5.87225e+06	5.88225e+06	5.94775e+06	5.9685e+06	5.95475e+06	
5.86275e+06	5.8885e+06	5.91e+06	5.954e+06	5.96975e+06	
5.79525e+06	5.85025e+06	5.871e+06	5.9055e+06	6.00575e+06	
5.741e+06	5.84125e+06	5.8805e+06	5.91875e+06	5.8735e+06	
5.8375e+06	5.7985e+06	5.8715e+06	5.8715e+06	5.88975e+06	
5.70075e+06	5.818e+06	5.86725e+06	5.84375e+06	5.85575e+06	
5.72025e+06	5.777e+06	5.818e+06	5.86025e+06	5.852e+06	
5.719e+06	5.72925e+06	5.82375e+06	5.7595e+06	5.799e+06	
5.70825e+06	5.73975e+06	5.7935e+06	5.82875e+06	5.82375e+06	
5.72025e+06	5.76e+06	5.765e+06	5.7865e+06	5.76125e+06	
5.6845e+06	5.753e+06	5.88225e+06	5.8885e+06	5.82125e+06	
5.7385e+06	5.83625e+06	5.82125e+06	5.864e+06	5.75e+06	
5.6295e+06	5.69775e+06	5.78525e+06	5.7165e+06	5.86075e+06	
5.72225e+06	5.748e+06	5.80425e+06	5.87225e+06	5.83825e+06	
5.59625e+06	5.7355e+06	5.7595e+06	5.76125e+06	5.76625e+06	
5.70275e+06	5.69075e+06	5.79025e+06	5.64225e+06	5.75e+06	
5.5975e+06	5.6995e+06	5.67175e+06	5.77275e+06	5.7505e+06	
5.67925e+06	5.6215e+06	5.72925e+06	5.695e+06	5.82375e+06	
5.56025e+06	5.72975e+06	5.7675e+06	5.736e+06	5.65975e+06	
5.593e+06	5.68075e+06	5.63725e+06	5.697e+06	5.70325e+06	
5.658e+06	5.61875e+06	5.69125e+06	5.73225e+06	5.67625e+06	
5.62525e+06	5.69375e+06	5.61325e+06	5.63075e+06	5.7045e+06	
5.64975e+06	5.651e+06	5.60175e+06	5.76125e+06	5.63525e+06	
5.5955e+06	5.6095e+06	5.61075e+06	5.59375e+06	5.6655e+06	
5.53125e+06	5.5495e+06	5.605e+06	5.675e+06	5.716e+06	
5.595e+06	5.569e+06	5.661e+06	5.6925e+06	5.6435e+06	
5.595e+06	5.4795e+06	5.6345e+06	5.656e+06	5.70775e+06	
5.5155e+06	5.549e+06	5.6315e+06	5.692e+06	5.6415e+06	
5.5515e+06	5.54575e+06	5.52125e+06	5.622e+06	5.5835e+06	
5.469e+06	5.5155e+06	5.56975e+06	5.61625e+06	5.64275e+06	
5.52425e+06	5.56225e+06	5.52125e+06	5.58225e+06	5.5275e+06	
5.4135e+06	5.52375e+06	5.615e+06	5.588e+06	5.5295e+06	
5.38e+06	5.41975e+06	5.491e+06	5.47575e+06	5.51625e+06	
5.4915e+06	5.4595e+06	5.5395e+06	5.57225e+06	5.50725e+06	
5.40075e+06	5.5325e+06	5.4815e+06	5.5275e+06	5.5255e+06	
5.4185e+06	5.39075e+06	5.494e+06	5.5255e+06	5.50475e+06	
5.42725e+06	5.39575e+06	5.503e+06	5.511e+06	5.45e+06	
5.3705e+06	5.45575e+06	5.4185e+06	5.445e+06	5.494e+06	
5.266e+06	5.404e+06	5.377e+06	5.387e+06	5.452e+06	
5.416e+06	5.37625e+06	5.43625e+06	5.4505e+06	5.438e+06	
5.319e+06	5.35425e+06	5.421e+06	5.35225e+06	5.43425e+06	
5.24775e+06	5.3215e+06	5.32575e+06	5.358e+06	5.34725e+06	
5.2155e+06	5.31775e+06	5.34275e+06	5.404e+06	5.30625e+06	
5.11675e+06	5.22875e+06	5.2565e+06	5.293e+06	5.268e+06	
5.203e+06	5.225e+06	5.25725e+06	5.2785e+06	5.2395e+06	
5.18725e+06	5.19225e+06	5.26225e+06	5.38075e+06	5.2705e+06	
5.14575e+06	5.14175e+06	5.25025e+06	5.23075e+06	5.23325e+06	
5.15075e+06	5.18525e+06	5.261e+06	5.21625e+06	5.14425e+06	
5.046e+06	5.11225e+06	5.13e+06	5.14575e+06	5.1305e+06	
4.91e+06	4.91125e+06	4.98125e+06	4.9275e+06	4.97875e+06	
4.5835e+06	4.5595e+06	4.63825e+06	4.65975e+06	4.702e+06	
4.37e+06	4.344e+06	4.397e+06	4.42225e+06	4.4095e+06	
4.19725e+06	4.1955e+06	4.20675e+06	4.2225e+06	4.271e+06	
4.13225e+06	4.2925e+06	4.1625e+06	4.346e+06	4.273e+06	
4.218e+06	4.22625e+06	4.261e+06	4.31e+06	4.286e+06	
4.23125e+06	4.3075e+06	4.261e+06	4.2665e+06	4.264e+06	
4.2715e+06	4.26525e+06	4.28925e+06	4.3675e+06	4.3585e+06	
4.2205e+06	4.2955e+06	4.334e+06	4.33275e+06	4.361e+06	
4.2805e+06	4.358e+06	4.32825e+06	4.3265e+06	4.397e+06	
4.30175e+06	4.32825e+06	4.3725e+06	4.4045e+06	4.4065e+06	
4.25275e+06	4.3555e+06	4.3535e+06	4.39775e+06	4.41525e+06	
4.298e+06	4.38325e+06	4.4165e+06	4.428e+06	4.3705e+06	
4.404e+06	4.474e+06	4.3775e+06	4.45625e+06	4.4815e+06	
4.387e+06	4.42225e+06	4.49275e+06	4.472e+06	4.55025e+06	
4.43925e+06	4.4335e+06	4.53875e+06	4.5375e+06	4.50425e+06	
4.5205e+06	4.4765e+06	4.55825e+06	4.5805e+06	4.6145e+06	
4.55075e+06	4.5105e+06	4.6125e+06	4.57525e+06	4.581e+06	
4.513e+06	4.5495e+06	4.5085e+06	4.6075e+06	4.54075e+06	
4.50475e+06	4.462e+06	4.51475e+06	4.55575e+06	4.49775e+06	
4.431e+06	4.54575e+06	4.5175e+06	4.542e+06	4.58475e+06	
4.41275e+06	4.407e+06	4.49725e+06	4.49525e+06	4.482e+06	
4.38875e+06	4.38875e+06	4.4625e+06	4.5055e+06	4.4885e+06	
4.35725e+06	4.3365e+06	4.448e+06	4.4625e+06	4.419e+06	
4.3505e+06	4.3755e+06	4.33775e+06	4.48325e+06	4.433e+06	
4.31375e+06	4.365e+06	4.392e+06	4.43975e+06	4.426e+06	
4.33475e+06	4.3675e+06	4.40325e+06	4.43925e+06	4.4185e+06	
4.2835e+06	4.37175e+06	4.42025e+06	4.37625e+06	4.35975e+06	
4.38125e+06	4.356e+06	4.43175e+06	4.38125e+06	4.42225e+06	
4.3465e+06	4.324e+06	4.43975e+06	4.43425e+06	4.433e+06	
4.3725e+06	4.37625e+06	4.41525e+06	4.42025e+06	4.44125e+06	
4.45175e+06	4.46075e+06	4.431e+06	4.41475e+06	4.54325e+06	
4.40525e+06	4.42025e+06	4.4505e+06	4.43475e+06	4.46575e+06	
4.4285e+06	4.45e+06	4.5345e+06	4.45125e+06	4.48725e+06	
4.4405e+06	4.4255e+06	4.41275e+06	4.43975e+06	4.44925e+06	
4.3585e+06	4.3895e+06	4.48325e+06	4.42925e+06	4.47275e+06	
4.3025e+06	4.2755e+06	4.3755e+06	4.38125e+06	4.3385e+06	
4.29425e+06	4.27925e+06	4.26025e+06	4.37875e+06	4.3145e+06	
4.25975e+06	4.23875e+06	4.30875e+06	4.266e+06	4.3125e+06	
4.2415e+06	4.3245e+06	4.26275e+06	4.3245e+06	4.25975e+06	
4.14875e+06	4.128e+06	4.23125e+06	4.266e+06	4.298e+06	
4.16375e+06	4.198e+06	4.14125e+06	4.21925e+06	4.23325e+06	
4.1645e+06	4.09525e+06	4.18275e+06	4.2005e+06	4.1745e+06	
4.10975e+06	4.046e+06	4.104e+06	4.1695e+06	4.14375e+06	
4.0725e+06	4.09275e+06	4.131e+06	4.10775e+06	4.05675e+06	
4.0605e+06	4.05725e+06	4.152e+06	4.152e+06	4.1425e+06	
4.0505e+06	4.05875e+06	4.04925e+06	4.16e+06	4.13425e+06	
3.995e+06	4.05875e+06	4.04475e+06	4.0675e+06	4.04025e+06	
3.98675e+06	4.034e+06	4.048e+06	4.0705e+06	4.024e+06	
4.02075e+06	3.9955e+06	4.10075e+06	4.07625e+06	4.1255e+06	
4.03775e+06	3.9955e+06	4.0505e+06	4.14875e+06	4.08375e+06	
3.98875e+06	3.99375e+06	4.056e+06	4.11025e+06	4.02525e+06	
4.029e+06	4.02275e+06	4.03475e+06	4.06375e+06	4.08575e+06	
4.012e+06	4.01075e+06	4.0995e+06	4.1285e+06	4.03225e+06	
4.00875e+06	4.00125e+06	4.05175e+06	4.09575e+06	4.11275e+06	
4.02775e+06	4.0505e+06	4.0505e+06	4.07575e+06	4.019e+06	
3.95025e+06	4.06e+06	4.07325e+06	4.09025e+06	4.07825e+06	
3.96025e+06	4.04925e+06	4.05225e+06	4.08075e+06	4.019e+06	
3.9415e+06	3.947e+06	4.0875e+06	4.0265e+06	4.0195e+06	
3.9615e+06	3.949e+06	4.0285e+06	4.02275e+06	4.02075e+06	
3.99875e+06	4.034e+06	3.9535e+06	4.03525e+06	4.0335e+06	
3.927e+06	3.9325e+06	4.00125e+06	3.95525e+06	4.00375e+06	
3.90675e+06	3.92875e+06	3.9955e+06	4.03025e+06	4.0485e+06	
3.96675e+06	3.9105e+06	3.9705e+06	4.00575e+06	4.01325e+06	
3.92e+06	3.90625e+06	3.9495e+06	3.9535e+06	3.99125e+06	
3.9075e+06	3.89475e+06	3.89225e+06	3.95475e+06	3.93575e+06	
3.85625e+06	3.918e+06	3.8885e+06	3.9445e+06	3.9415e+06	
3.82725e+06	3.8835e+06	3.864e+06	3.90675e+06	3.9245e+06	
3.847e+06	3.85075e+06	3.91175e+06	3.89175e+06	3.8955e+06	
3.84625e+06	3.77875e+06	3.89925e+06	3.876e+06	3.915e+06	
3.8715e+06	3.83e+06	3.86025e+06	3.88775e+06	3.90625e+06	
3.787e+06	3.79025e+06	3.847e+06	3.922e+06	3.89475e+06	
3.78775e+06	3.84575e+06	3.84625e+06	3.84375e+06	3.86275e+06	
3.84e+06	3.8205e+06	3.92825e+06	3.88925e+06	3.847e+06	
3.821e+06	3.8425e+06	3.85125e+06	3.87075e+06	3.8665e+06	
3.77825e+06	3.80775e+06	3.862e+06	3.78e+06	3.77625e+06	
3.73475e+06	3.7775e+06	3.7985e+06	3.864e+06	3.816e+06	
3.71325e+06	3.7625e+06	3.7455e+06	3.82725e+06	3.8065e+06	
3.71575e+06	3.726e+06	3.7965e+06	3.753e+06	3.79575e+06	
3.66725e+06	3.74225e+06	3.7315e+06	3.80525e+06	3.74925e+06	
3.66975e+06	3.702e+06	3.6825e+06	3.77625e+06	3.714e+06	
3.70325e+06	3.7095e+06	3.777e+06	3.6345e+06	3.7065e+06	
3.65725e+06	3.654e+06	3.6735e+06	3.73725e+06	3.705e+06	
3.642e+06	3.6535e+06	3.68375e+06	3.763e+06	3.70125e+06	
3.59175e+06	3.6415e+06	3.66175e+06	3.67925e+06	3.717e+06	
3.5855e+06	3.586e+06	3.59675e+06	3.6685e+06	3.649e+06	
3.53e+06	3.59225e+06	3.6175e+06	3.60925e+06	3.67425e+06	
3.5905e+06	3.57725e+06	3.62375e+06	3.639e+06	3.6395e+06	
3.53125e+06	3.56575e+06	3.51425e+06	3.583e+06	3.5595e+06	
3.4405e+06	3.41975e+06	3.49275e+06	3.51925e+06	3.5015e+06	
3.37675e+06	3.45625e+06	3.51225e+06	3.50025e+06	3.4525e+06	
3.2835e+06	3.28175e+06	3.36725e+06	3.312e+06	3.373e+06	
3.21675e+06	3.26025e+06	3.2545e+06	3.21425e+06	3.17575e+06	
3.09525e+06	3.12725e+06	3.13175e+06	3.102e+06	3.1505e+06	
3.0195e+06	3.0655e+06	3.0465e+06	3.0625e+06	3.08e+06	
2.9395e+06	2.96275e+06	3.0265e+06	2.99e+06	2.99e+06	
2.879e+06	2.8595e+06	2.862e+06	2.91625e+06	2.89975e+06	
2.79025e+06	2.83225e+06	2.82175e+06	2.81025e+06	2.8455e+06	
2.75875e+06	2.75925e+06	2.8035e+06	2.80975e+06	2.78625e+06	
2.7915e+06	2.78625e+06	2.7895e+06	2.746e+06	2.731e+06	
2.7285e+06	2.72275e+06	2.714e+06	2.7825e+06	2.75875e+06	
2.697e+06	2.724e+06	2.763e+06	2.74475e+06	2.79075e+06	
2.7285e+06	2.76925e+06	2.76175e+06	2.78775e+06	2.68175e+06	
2.7845e+06	2.753e+06	2.76e+06	2.8475e+06	2.8035e+06	
2.85e+06	2.87275e+06	2.85e+06	2.87775e+06	2.91675e+06	
2.95075e+06	2.92e+06	2.99e+06	2.95275e+06	3.024e+06	
3.0005e+06	3.01375e+06	3.06375e+06	3.085e+06	3.08125e+06	
3.10325e+06	3.07675e+06	3.08325e+06	3.14925e+06	3.11525e+06	
3.07825e+06	3.11275e+06	3.075e+06	3.1425e+06	3.15175e+06	
3.058e+06	3.0705e+06	3.11475e+06	3.145e+06	3.15825e+06	
3.063e+06	3.06925e+06	3.08625e+06	3.11975e+06	3.09075e+06	
2.9875e+06	3.053e+06	3.04275e+06	3.07125e+06	3.0125e+06	
2.877e+06	2.908e+06	2.915e+06	2.93575e+06	2.9035e+06	
2.8205e+06	2.85325e+06	2.90725e+06	2.9875e+06	2.85e+06	
2.8645e+06	2.83175e+06	2.942e+06	2.87275e+06	2.84675e+06	
2.80275e+06	2.864e+06	2.7845e+06	2.898e+06	2.84825e+06	
2.81275e+06	2.82925e+06	2.8255e+06	2.80725e+06	2.82175e+06	
2.7845e+06	2.80975e+06	2.83625e+06	2.8475e+06	2.794e+06	
2.789e+06	2.789e+06	2.81975e+06	2.785e+06	2.821e+06	
2.82975e+06	2.85375e+06	2.83175e+06	2.908e+06	2.82475e+06	
2.79775e+06	2.82675e+06	2.83375e+06	2.83875e+06	2.8305e+06	
2.81275e+06	2.84e+06	2.83675e+06	2.83875e+06	2.86775e+06	
2.8135e+06	2.816e+06	2.862e+06	2.88775e+06	2.831e+06	
2.816e+06	2.75675e+06	2.82975e+06	2.828e+06	2.85575e+06	
2.729e+06	2.77625e+06	2.772e+06	2.8085e+06	2.816e+06	
2.77875e+06	2.81225e+06	2.7775e+06	2.828e+06	2.79775e+06	
2.79275e+06	2.7895e+06	2.78575e+06	2.78775e+06	2.80725e+06	
2.77125e+06	2.75875e+06	2.7705e+06	2.84125e+06	2.77e+06	
2.75875e+06	2.758e+06	2.753e+06	2.79525e+06	2.81525e+06	
2.72775e+06	2.74175e+06	2.73025e+06	2.75875e+06	2.77875e+06	
2.74025e+06	2.78325e+06	2.789e+06	2.814e+06	2.789e+06	
2.73975e+06	2.79825e+06	2.83425e+06	2.7825e+06	2.79575e+06	
2.74425e+06	2.782e+06	2.81525e+06	2.82675e+06	2.82925e+06	
2.75175e+06	2.78125e+06	2.77125e+06	2.78625e+06	2.78775e+06	
2.78e+06	2.7655e+06	2.82425e+06	2.82975e+06	2.80725e+06	
2.76375e+06	2.79275e+06	2.797e+06	2.77825e+06	2.80075e+06	
2.775e+06	2.80775e+06	2.84e+06	2.83425e+06	2.823e+06	
2.78325e+06	2.80075e+06	2.8495e+06	2.82475e+06	2.80475e+06	
2.86525e+06	2.84625e+06	2.8185e+06	2.91925e+06	2.862e+06	
2.88225e+06	2.877e+06	2.908e+06	2.94075e+06	2.9205e+06	
2.8765e+06	2.91125e+06	2.92825e+06	2.92625e+06	2.9275e+06	
2.8885e+06	2.9515e+06	2.91175e+06	2.94825e+06	2.92e+06	
2.98675e+06	2.94775e+06	2.93575e+06	2.95975e+06	3.02025e+06	
2.98225e+06	2.95525e+06	2.998e+06	3.06625e+06	3.0025e+06	
2.9395e+06	2.981e+06	3.00375e+06	3.034e+06	2.99e+06	
2.96275e+06	2.9905e+06	3.03775e+06	3.02325e+06	3.034e+06	
2.9415e+06	2.9905e+06	2.97025e+06	2.976e+06	3.0655e+06	
2.93375e+06	3.03775e+06	2.98225e+06	2.99675e+06	3.041e+06	
2.91e+06	2.89275e+06	3.04025e+06	3.06675e+06	3.007e+06	
2.988e+06	2.95325e+06	3.005e+06	2.976e+06	3.0385e+06	
2.93325e+06	2.91925e+06	2.94525e+06	2.9785e+06	2.976e+06	
2.91e+06	2.87775e+06	2.908e+06	2.942e+06	2.94025e+06	
2.86825e+06	2.91875e+06	2.99175e+06	2.93875e+06	3.0075e+06	
2.8865e+06	2.923e+06	2.949e+06	2.99125e+06	2.988e+06	
2.92175e+06	2.971e+06	2.96525e+06	2.976e+06	2.956e+06	
2.96725e+06	2.949e+06	2.95325e+06	3.0215e+06	3.0125e+06	
2.94075e+06	2.94825e+06	2.94825e+06	2.97425e+06	2.9925e+06	
2.87975e+06	2.901e+06	2.93125e+06	2.91875e+06	2.93125e+06	
2.92125e+06	2.89425e+06	2.9275e+06	2.966e+06	2.88775e+06	
2.9175e+06	2.966e+06	2.9205e+06	2.99125e+06	2.9785e+06	
2.8645e+06	2.89725e+06	2.952e+06	2.9585e+06	2.959e+06	
2.8285e+06	2.90175e+06	2.93075e+06	2.96775e+06	2.969e+06	
2.913e+06	2.89975e+06	2.9175e+06	2.944e+06	2.96275e+06	
2.881e+06	2.89225e+06	2.92575e+06	2.95975e+06	2.9585e+06	
2.8185e+06	2.8575e+06	2.92575e+06	2.96475e+06	2.932e+06	
2.85e+06	2.90175e+06	2.9125e+06	2.9295e+06	2.92375e+06	
2.857e+06	2.87575e+06	2.90425e+06	2.903e+06	2.896e+06	
2.85625e+06	2.86525e+06	2.8765e+06	2.92875e+06	2.90925e+06	
2.8645e+06	2.87025e+06	2.87775e+06	2.91e+06	2.89025e+06	
2.88725e+06	2.8715e+06	2.9445e+06	2.86075e+06	2.91625e+06	
2.898e+06	2.89725e+06	2.9055e+06	2.88725e+06	2.881e+06	
2.86125e+06	2.9175e+06	2.84825e+06	2.94325e+06	2.92125e+06	
2.8835e+06	2.86775e+06	2.92875e+06	2.92375e+06	2.90225e+06	
2.9055e+06	2.908e+06	2.9295e+06	2.92175e+06	2.92425e+06	
2.879e+06	2.87575e+06	2.88975e+06	2.954e+06	2.9465e+06	
2.8185e+06	2.90175e+06	2.90425e+06	2.92575e+06	2.95025e+06	
2.86825e+06	2.84e+06	2.8745e+06	2.90675e+06	2.915e+06	
2.8545e+06	2.855e+06	2.906e+06	2.85075e+06	2.82725e+06	
2.874e+06	2.8425e+06	2.896e+06	2.896e+06	2.906e+06	
2.843e+06	2.87825e+06	2.937e+06	2.93625e+06	2.881e+06	
2.87975e+06	2.88225e+06	2.88225e+06	2.9205e+06	2.89925e+06	
2.794e+06	2.80975e+06	2.8955e+06	2.8985e+06	2.927e+06	
2.88275e+06	2.874e+06	2.88225e+06	2.86825e+06	2.87275e+06	
2.84675e+06	2.845e+06	2.872e+06	2.872e+06	2.906e+06	
2.804e+06	2.789e+06	2.862e+06	2.9085e+06	2.877e+06	
2.8815e+06	2.9055e+06	2.83625e+06	2.9295e+06	2.901e+06	
2.80725e+06	2.8815e+06	2.81475e+06	2.86075e+06	2.872e+06	
2.782e+06	2.823e+06	2.81725e+06	2.852e+06	2.884e+06	
2.83625e+06	2.816e+06	2.8135e+06	2.879e+06	2.906e+06	
2.82975e+06	2.7945e+06	2.86125e+06	2.852e+06	2.8425e+06	
2.7435e+06	2.78075e+06	2.77625e+06	2.8205e+06	2.81025e+06	
2.739e+06	2.746e+06	2.7995e+06	2.80525e+06	2.80475e+06	
2.73025e+06	2.75875e+06	2.7455e+06	2.8035e+06	2.799e+06	
2.72975e+06	2.794e+06	2.79275e+06	2.799e+06	2.81275e+06	
2.72275e+06	2.73525e+06	2.7485e+06	2.75925e+06	2.763e+06	
2.729e+06	2.75875e+06	2.79075e+06	2.74475e+06	2.8165e+06	
2.7365e+06	2.78325e+06	2.763e+06	2.75475e+06	2.82475e+06	
2.7535e+06	2.72775e+06	2.7385e+06	2.79025e+06	2.74175e+06	
2.68925e+06	2.76425e+06	2.79775e+06	2.7845e+06	2.75225e+06	
2.74475e+06	2.74975e+06	2.71525e+06	2.792e+06	2.765e+06	
2.68875e+06	2.7025e+06	2.75875e+06	2.702e+06	2.763e+06	
2.74175e+06	2.73725e+06	2.77e+06	2.814e+06	2.743e+06	
2.68625e+06	2.75875e+06	2.71275e+06	2.73475e+06	2.72025e+06	
2.67675e+06	2.7365e+06	2.75225e+06	2.7945e+06	2.7385e+06	
2.69425e+06	2.726e+06	2.72975e+06	2.797e+06	2.7145e+06	
2.6735e+06	2.683e+06	2.7365e+06	2.77125e+06	2.71325e+06	
2.70125e+06	2.69575e+06	2.72075e+06	2.74925e+06	2.6615e+06	
2.68e+06	2.66975e+06	2.72725e+06	2.741e+06	2.67675e+06	
2.63e+06	2.6875e+06	2.64775e+06	2.73775e+06	2.65475e+06	
2.683e+06	2.65225e+06	2.693e+06	2.72025e+06	2.664e+06	
2.62325e+06	2.647e+06	2.68875e+06	2.69375e+06	2.69625e+06	
2.651e+06	2.637e+06	2.67225e+06	2.7e+06	2.688e+06	
2.63775e+06	2.615e+06	2.66025e+06	2.67225e+06	2.673e+06	
2.61175e+06	2.68675e+06	2.637e+06	2.65775e+06	2.6615e+06	
2.6295e+06	2.6325e+06	2.64575e+06	2.6415e+06	2.6325e+06	
2.59425e+06	2.60375e+06	2.66225e+06	2.6445e+06	2.62075e+06	
2.6345e+06	2.5785e+06	2.6225e+06	2.62375e+06	2.632e+06	
2.6395e+06	2.57525e+06	2.63325e+06	2.668e+06	2.63325e+06	
2.5785e+06	2.61875e+06	2.605e+06	2.637e+06	2.62875e+06	
2.56825e+06	2.58525e+06	2.5955e+06	2.5985e+06	2.5665e+06	
2.48525e+06	2.4435e+06	2.4285e+06	2.43725e+06	2.438e+06	
2.271e+06	2.27225e+06	2.26275e+06	2.291e+06	2.25825e+06	
1.98725e+06	1.97025e+06	1.97025e+06	2.0005e+06	1.98175e+06	
1.65075e+06	1.71125e+06	1.688e+06	1.7075e+06	1.6975e+06	
1.44675e+06	1.465e+06	1.46625e+06	1.429e+06	1.4555e+06	
1.288e+06	1.26825e+06	1.2835e+06	1.288e+06	1.293e+06	
1.19975e+06	1.213e+06	1.21425e+06	1.201e+06	1.2035e+06	
1.2445e+06	1.22425e+06	1.218e+06	1.223e+06	1.235e+06	
1.3535e+06	1.3195e+06	1.31875e+06	1.33525e+06	1.3465e+06	
1.4505e+06	1.434e+06	1.436e+06	1.448e+06	1.4335e+06	
1.48325e+06	1.4795e+06	1.47575e+06	1.50725e+06	1.46425e+06	
1.48075e+06	1.429e+06	1.47125e+06	1.4625e+06	1.47375e+06	
1.475e+06	1.47625e+06	1.46925e+06	1.49075e+06	1.482e+06	
1.47075e+06	1.45625e+06	1.472e+06	1.47625e+06	1.419e+06	
1.46125e+06	1.4745e+06	1.47125e+06	1.4915e+06	1.4675e+06	
1.4775e+06	1.47325e+06	1.49275e+06	1.47075e+06	1.4895e+06	
1.538e+06	1.4995e+06	1.49275e+06	1.54625e+06	1.52675e+06	
1.56525e+06	1.56325e+06	1.55e+06	1.58975e+06	1.55625e+06	
1.6225e+06	1.64025e+06	1.6205e+06	1.61875e+06	1.6445e+06	
1.693e+06	1.67475e+06	1.6855e+06	1.67675e+06	1.6875e+06	
1.72025e+06	1.72825e+06	1.7945e+06	1.7535e+06	1.75925e+06	
1.85625e+06	1.8425e+06	1.86375e+06	1.82425e+06	1.88725e+06	
1.91175e+06	1.9545e+06	1.942e+06	1.88075e+06	1.88075e+06	
1.95775e+06	1.92625e+06	2.02775e+06	2.015e+06	1.9425e+06	
1.98175e+06	2.03325e+06	2.02825e+06	2.039e+06	2.0535e+06	
2.1165e+06	2.0925e+06	2.078e+06	2.0675e+06	2.07175e+06	
2.14675e+06	2.092e+06	2.14675e+06	2.19225e+06	2.12275e+06	
2.16575e+06	2.17325e+06	2.1985e+06	2.20275e+06	2.21175e+06	
2.21725e+06	2.22675e+06	2.2225e+06	2.225e+06	2.26275e+06	
2.25575e+06	2.216e+06	2.2765e+06	2.237e+06	2.264e+06	
2.303e+06	2.2735e+06	2.28025e+06	2.25825e+06	2.27225e+06	
2.23625e+06	2.23425e+06	2.288e+06	2.33325e+06	2.305e+06	
2.21425e+06	2.271e+06	2.23825e+06	2.27475e+06	2.25775e+06	
2.2615e+06	2.269e+06	2.30675e+06	2.35475e+06	2.274e+06	
2.25575e+06	2.30375e+06	2.354e+06	2.293e+06	2.30625e+06	
2.288e+06	2.286e+06	2.30675e+06	2.2785e+06	2.31575e+06	
2.2975e+06	2.2905e+06	2.308e+06	2.30675e+06	2.34975e+06	
2.298e+06	2.3225e+06	2.2645e+06	2.32575e+06	2.3005e+06	
2.25075e+06	2.2935e+06	2.26975e+06	2.31e+06	2.281e+06	
2.213e+06	2.27975e+06	2.2885e+06	2.288e+06	2.233e+06	
2.22875e+06	2.2645e+06	2.2645e+06	2.30125e+06	2.28925e+06	
2.29925e+06	2.264e+06	2.259e+06	2.2785e+06	2.3025e+06	
2.206e+06	2.28425e+06	2.245e+06	2.27775e+06	2.2765e+06	
2.2495e+06	2.26575e+06	2.269e+06	2.23875e+06	2.2545e+06	
2.26975e+06	2.25525e+06	2.28475e+06	2.2425e+06	2.2735e+06	
2.23175e+06	2.24875e+06	2.29425e+06	2.315e+06	2.2935e+06	
2.218e+06	2.24575e+06	2.242e+06	2.26325e+06	2.21975e+06	
2.1965e+06	2.281e+06	2.2425e+06	2.27025e+06	2.23175e+06	
2.19475e+06	2.23175e+06	2.17375e+06	2.1965e+06	2.22375e+06	
2.1745e+06	2.2515e+06	2.23625e+06	2.23e+06	2.22175e+06	
2.177e+06	2.1675e+06	2.184e+06	2.254e+06	2.2105e+06	
2.213e+06	2.1965e+06	2.17325e+06	2.2015e+06	2.26025e+06	
2.211e+06	2.21175e+06	2.23875e+06	2.1645e+06	2.19475e+06	
2.18575e+06	2.20475e+06	2.25525e+06	2.187e+06	2.15875e+06	
2.17325e+06	2.17375e+06	2.179e+06	2.25e+06	2.2135e+06	
2.16325e+06	2.21425e+06	2.206e+06	2.21425e+06	2.2055e+06	
2.2015e+06	2.18575e+06	2.19275e+06	2.21475e+06	2.2035e+06	
2.16375e+06	2.14925e+06	2.16625e+06	2.2035e+06	2.14175e+06	
2.1095e+06	2.17325e+06	2.143e+06	2.18975e+06	2.1265e+06	
2.165e+06	2.18575e+06	2.191e+06	2.15675e+06	2.18525e+06	
2.12975e+06	2.1595e+06	2.15e+06	2.206e+06	2.17525e+06	
2.143e+06	2.1285e+06	2.107e+06	2.2085e+06	2.16875e+06	
2.1455e+06	2.1645e+06	2.167e+06	2.18525e+06	2.18825e+06	
2.14375e+06	2.14875e+06	2.19275e+06	2.17825e+06	2.18075e+06	
2.11075e+06	2.155e+06	2.14225e+06	2.14925e+06	2.131e+06	
2.0945e+06	2.1405e+06	2.155e+06	2.179e+06	2.112e+06	
2.112e+06	2.16325e+06	2.102e+06	2.18775e+06	2.16575e+06	
2.12975e+06	2.09375e+06	2.12275e+06	2.15875e+06	2.14875e+06	
2.11275e+06	2.13675e+06	2.097e+06	2.0655e+06	2.121e+06	
2.13675e+06	2.1095e+06	2.1385e+06	2.13675e+06	2.143e+06	
2.10825e+06	2.0995e+06	2.12975e+06	2.09625e+06	2.08825e+06	
2.102e+06	2.126e+06	2.12975e+06	2.18025e+06	2.1285e+06	
2.09825e+06	2.12925e+06	2.1285e+06	2.148e+06	2.1305e+06	
2.102e+06	2.119e+06	2.13225e+06	2.124e+06	2.1455e+06	
2.0825e+06	2.06675e+06	2.07625e+06	2.13425e+06	2.1235e+06	
2.11775e+06	2.08175e+06	2.10825e+06	2.0725e+06	2.1555e+06	
2.0075e+06	2.06875e+06	2.107e+06	2.053e+06	2.095e+06	
2.1115e+06	2.07625e+06	2.07875e+06	2.10075e+06	2.11475e+06	
2.049e+06	2.075e+06	2.087e+06	2.09625e+06	2.12225e+06	
2.0515e+06	2.04525e+06	2.066e+06	2.07e+06	2.0825e+06	
2.0655e+06	2.07175e+06	2.08125e+06	2.08825e+06	2.0415e+06	
2.03975e+06	2.09125e+06	2.03275e+06	2.09375e+06	2.09325e+06	
2.03725e+06	2.0435e+06	2.09e+06	2.1015e+06	2.0945e+06	
2.0705e+06	2.087e+06	2.10575e+06	2.06475e+06	2.03525e+06	
2.02525e+06	2.0725e+06	2.032e+06	2.07425e+06	2.073e+06	
2.05975e+06	2e+06	2.08125e+06	2.041e+06	2.09325e+06	
1.99125e+06	2.0145e+06	2.0385e+06	2.06475e+06	2.061e+06	
2.03525e+06	2.0095e+06	2.01625e+06	2.04975e+06	1.97725e+06	
2.0195e+06	2.024e+06	2.0055e+06	1.98225e+06	2.02075e+06	
1.98925e+06	2.024e+06	2.03025e+06	2.015e+06	2.0635e+06	
1.97725e+06	2.032e+06	2.01325e+06	2.01325e+06	2.017e+06	
1.9635e+06	2.0025e+06	2.007e+06	1.99125e+06	2.0055e+06	
1.93125e+06	1.966e+06	2.02e+06	1.98975e+06	2.051e+06	
1.96725e+06	1.98975e+06	1.96025e+06	1.9465e+06	1.95525e+06	
1.9445e+06	1.94075e+06	2.00825e+06	1.954e+06	1.97025e+06	
1.9565e+06	1.9205e+06	1.97025e+06	1.925e+06	1.93825e+06	
1.92675e+06	1.93625e+06	1.976e+06	1.9255e+06	1.9805e+06	
1.93325e+06	1.95575e+06	1.935e+06	1.96775e+06	1.9425e+06	
1.92875e+06	1.94e+06	1.95025e+06	1.942e+06	1.95025e+06	
1.87325e+06	1.95325e+06	1.91225e+06	1.957e+06	1.98175e+06	
1.91675e+06	1.9395e+06	1.9465e+06	1.9615e+06	1.889e+06	
1.9085e+06	1.84875e+06	1.918e+06	1.94325e+06	1.93e+06	
1.8965e+06	1.9055e+06	1.89975e+06	1.94e+06	1.915e+06	
1.8915e+06	1.86575e+06	1.911e+06	1.88725e+06	1.901e+06	
1.884e+06	1.90675e+06	1.86325e+06	1.86575e+06	1.889e+06	
1.857e+06	1.872e+06	1.894e+06	1.89025e+06	1.901e+06	
1.8525e+06	1.848e+06	1.82725e+06	1.908e+06	1.89225e+06	
1.84425e+06	1.84875e+06	1.87825e+06	1.857e+06	1.88075e+06	
1.80275e+06	1.84375e+06	1.869e+06	1.83175e+06	1.869e+06	
1.819e+06	1.82675e+06	1.85875e+06	1.85375e+06	1.88475e+06	
1.82925e+06	1.86325e+06	1.84175e+06	1.836e+06	1.884e+06	
1.8285e+06	1.86125e+06	1.874e+06	1.87775e+06	1.8545e+06	
1.82675e+06	1.819e+06	1.85e+06	1.8455e+06	1.855e+06	
1.836e+06	1.86075e+06	1.8455e+06	1.85575e+06	1.8545e+06	
1.82925e+06	1.84675e+06	1.85175e+06	1.83425e+06	1.85175e+06	
1.76375e+06	1.797e+06	1.857e+06	1.843e+06	1.848e+06	
1.81525e+06	1.7825e+06	1.80775e+06	1.8285e+06	1.7915e+06	
1.77875e+06	1.8065e+06	1.8085e+06	1.821e+06	1.7945e+06	
1.741e+06	1.802e+06	1.82475e+06	1.816e+06	1.8015e+06	
1.79775e+06	1.78875e+06	1.8015e+06	1.8305e+06	1.83675e+06	
1.751e+06	1.797e+06	1.78375e+06	1.8285e+06	1.80725e+06	
1.75925e+06	1.79325e+06	1.792e+06	1.80525e+06	1.80275e+06	
1.765e+06	1.7875e+06	1.823e+06	1.81775e+06	1.826e+06	
1.7385e+06	1.79825e+06	1.8045e+06	1.82025e+06	1.8065e+06	
1.77175e+06	1.804e+06	1.78125e+06	1.79575e+06	1.7875e+06	
1.794e+06	1.787e+06	1.8115e+06	1.765e+06	1.782e+06	
1.74925e+06	1.751e+06	1.78075e+06	1.73275e+06	1.78075e+06	
1.7555e+06	1.7365e+06	1.73525e+06	1.77175e+06	1.7295e+06	
1.765e+06	1.756e+06	1.74525e+06	1.7215e+06	1.75225e+06	
1.7075e+06	1.72325e+06	1.71575e+06	1.775e+06	1.744e+06	
1.702e+06	1.74275e+06	1.71075e+06	1.739e+06	1.739e+06	
1.70625e+06	1.73225e+06	1.73475e+06	1.7095e+06	1.71325e+06	
1.6755e+06	1.739e+06	1.69925e+06	1.73275e+06	1.7265e+06	
1.7265e+06	1.71075e+06	1.698e+06	1.719e+06	1.72775e+06	
1.6855e+06	1.72825e+06	1.707e+06	1.729e+06	1.681e+06	
1.695e+06	1.6805e+06	1.712e+06	1.69375e+06	1.71525e+06	
1.66475e+06	1.68225e+06	1.6975e+06	1.7365e+06	1.698e+06	
1.64525e+06	1.6585e+06	1.68625e+06	1.6755e+06	1.7075e+06	
1.6785e+06	1.6705e+06	1.6705e+06	1.65325e+06	1.71825e+06	
1.6905e+06	1.683e+06	1.67475e+06	1.7075e+06	1.69875e+06	
1.65025e+06	1.615e+06	1.656e+06	1.6835e+06	1.67675e+06	
1.63e+06	1.6415e+06	1.644e+06	1.661e+06	1.64025e+06	
1.64025e+06	1.64575e+06	1.65975e+06	1.64025e+06	1.66275e+06	
1.603e+06	1.6615e+06	1.66525e+06	1.63575e+06	1.644e+06	
1.65775e+06	1.63625e+06	1.67925e+06	1.6375e+06	1.67225e+06	
1.64025e+06	1.61125e+06	1.6635e+06	1.68625e+06	1.70625e+06	
1.6275e+06	1.637e+06	1.63825e+06	1.64075e+06	1.635e+06	
1.61125e+06	1.5915e+06	1.67425e+06	1.64275e+06	1.63625e+06	
1.65075e+06	1.6295e+06	1.6565e+06	1.6735e+06	1.6295e+06	
1.62625e+06	1.6205e+06	1.60175e+06	1.6515e+06	1.678e+06	
1.61875e+06	1.64075e+06	1.62175e+06	1.637e+06	1.61425e+06	
1.63625e+06	1.63e+06	1.62175e+06	1.63075e+06	1.61625e+06	
1.608e+06	1.61125e+06	1.60925e+06	1.62e+06	1.61675e+06	
1.61675e+06	1.606e+06	1.6105e+06	1.59675e+06	1.62125e+06	
1.59675e+06	1.58775e+06	1.57075e+06	1.62325e+06	1.59975e+06	
1.5665e+06	1.56125e+06	1.5545e+06	1.59975e+06	1.596e+06	
1.52725e+06	1.5935e+06	1.5695e+06	1.56125e+06	1.58775e+06	
1.55125e+06	1.56e+06	1.5745e+06	1.5785e+06	1.543e+06	
1.55075e+06	1.5715e+06	1.579e+06	1.562e+06	1.5865e+06	
1.51925e+06	1.5475e+06	1.56125e+06	1.58025e+06	1.56575e+06	
1.48e+06	1.54425e+06	1.54825e+06	1.567e+06	1.55625e+06	
1.526e+06	1.55375e+06	1.53175e+06	1.54825e+06	1.555e+06	
1.52675e+06	1.51975e+06	1.5015e+06	1.492e+06	1.52725e+06	
1.545e+06	1.523e+06	1.528e+06	1.53675e+06	1.52675e+06	
1.499e+06	1.482e+06	1.53175e+06	1.526e+06	1.5475e+06	
1.51225e+06	1.50275e+06	1.4795e+06	1.53425e+06	1.53675e+06	
1.47875e+06	1.47125e+06	1.5015e+06	1.51975e+06	1.4655e+06	
1.46625e+06	1.47075e+06	1.50025e+06	1.46675e+06	1.46925e+06	
1.4795e+06	1.44675e+06	1.4315e+06	1.46375e+06	1.465e+06	
1.417e+06	1.4845e+06	1.4385e+06	1.451e+06	1.44925e+06	
1.434e+06	1.4215e+06	1.43775e+06	1.4435e+06	1.407e+06	
1.3995e+06	1.42975e+06	1.4145e+06	1.4025e+06	1.39825e+06	
1.383e+06	1.38675e+06	1.39625e+06	1.4025e+06	1.39625e+06	
1.36225e+06	1.36225e+06	1.39375e+06	1.35275e+06	1.40125e+06	
1.35475e+06	1.3295e+06	1.33525e+06	1.36675e+06	1.35225e+06	
1.32075e+06	1.337e+06	1.32125e+06	1.3655e+06	1.33825e+06	
1.31825e+06	1.33575e+06	1.32075e+06	1.34025e+06	1.30625e+06	
1.281e+06	1.32075e+06	1.317e+06	1.3175e+06	1.3105e+06	
1.291e+06	1.29975e+06	1.28525e+06	1.3075e+06	1.31425e+06	
1.29975e+06	1.28725e+06	1.296e+06	1.29425e+06	1.2835e+06	
1.26525e+06	1.27225e+06	1.264e+06	1.27725e+06	1.26525e+06	
1.28525e+06	1.2665e+06	1.279e+06	1.30875e+06	1.284e+06	
1.26775e+06	1.25e+06	1.271e+06	1.30625e+06	1.31825e+06	
1.245e+06	1.257e+06	1.264e+06	1.2885e+06	1.271e+06	
1.2445e+06	1.2445e+06	1.2665e+06	1.2545e+06	1.28675e+06	
1.259e+06	1.25575e+06	1.262e+06	1.28975e+06	1.2765e+06	
1.30425e+06	1.25825e+06	1.2695e+06	1.293e+06	1.257e+06	
1.28025e+06	1.2765e+06	1.288e+06	1.25775e+06	1.313e+06	
1.2955e+06	1.286e+06	1.291e+06	1.2955e+06	1.25375e+06	
1.28225e+06	1.276e+06	1.26825e+06	1.26325e+06	1.27975e+06	
1.2445e+06	1.2765e+06	1.262e+06	1.27725e+06	1.271e+06	
1.2885e+06	1.25775e+06	1.29475e+06	1.3005e+06	1.31125e+06	
1.298e+06	1.30625e+06	1.308e+06	1.3155e+06	1.30425e+06	
1.322e+06	1.3445e+06	1.3395e+06	1.35725e+06	1.38175e+06	
1.31625e+06	1.31175e+06	1.34075e+06	1.3195e+06	1.32e+06	
1.32125e+06	1.32125e+06	1.3465e+06	1.33525e+06	1.332e+06	
1.303e+06	1.3055e+06	1.31125e+06	1.32075e+06	1.30175e+06	
1.28525e+06	1.28275e+06	1.29675e+06	1.30925e+06	1.29725e+06	
1.24575e+06	1.2355e+06	1.22675e+06	1.267e+06	1.24875e+06	
1.1895e+06	1.20025e+06	1.196e+06	1.20275e+06	1.2105e+06	
1.16575e+06	1.17325e+06	1.163e+06	1.1385e+06	1.14725e+06	
1.16175e+06	1.16175e+06	1.17325e+06	1.2085e+06	1.17625e+06	
1.211e+06	1.19725e+06	1.1815e+06	1.252e+06	1.22425e+06	
1.22625e+06	1.24375e+06	1.233e+06	1.228e+06	1.28725e+06	
1.28525e+06	1.25775e+06	1.2545e+06	1.28275e+06	1.2615e+06	
1.252e+06	1.2595e+06	1.2595e+06	1.2785e+06	1.2765e+06	
1.288e+06	1.2715e+06	1.31e+06	1.2885e+06	1.29725e+06	
1.276e+06	1.30425e+06	1.276e+06	1.286e+06	1.2785e+06	
1.291e+06	1.271e+06	1.29925e+06	1.29925e+06	1.291e+06	
1.28025e+06	1.2765e+06	1.2785e+06	1.255e+06	1.291e+06	
1.2735e+06	1.2645e+06	1.26075e+06	1.26525e+06	1.28725e+06	
1.2715e+06	1.3075e+06	1.271e+06	1.2715e+06	1.29975e+06	
1.28525e+06	1.27475e+06	1.28275e+06	1.308e+06	1.30425e+06	
1.259e+06	1.264e+06	1.26575e+06	1.32e+06	1.27525e+06	
1.27775e+06	1.247e+06	1.2615e+06	1.25375e+06	1.2565e+06	
1.221e+06	1.2065e+06	1.2185e+06	1.22875e+06	1.23925e+06	
1.21675e+06	1.2355e+06	1.26025e+06	1.24325e+06	1.2305e+06	
1.206e+06	1.2015e+06	1.23875e+06	1.20725e+06	1.242e+06	
1.233e+06	1.25075e+06	1.21725e+06	1.24325e+06	1.2375e+06	
1.24625e+06	1.2305e+06	1.238e+06	1.23925e+06	1.23675e+06	
1.23425e+06	1.2015e+06	1.233e+06	1.22925e+06	1.22675e+06	
1.22175e+06	1.23625e+06	1.21475e+06	1.2565e+06	1.235e+06	
1.228e+06	1.233e+06	1.22175e+06	1.22625e+06	1.2205e+06	
1.23625e+06	1.221e+06	1.211e+06	1.2085e+06	1.2085e+06	
1.218e+06	1.201e+06	1.221e+06	1.213e+06	1.233e+06	
1.22425e+06	1.22675e+06	1.20725e+06	1.24825e+06	1.2205e+06	
1.204e+06	1.194e+06	1.2085e+06	1.20275e+06	1.2565e+06	
1.22875e+06	1.21475e+06	1.2065e+06	1.24075e+06	1.23375e+06	
1.228e+06	1.2065e+06	1.20775e+06	1.22425e+06	1.1965e+06	
1.216e+06	1.20025e+06	1.19275e+06	1.2235e+06	1.19475e+06	
1.165e+06	1.1725e+06	1.2035e+06	1.235e+06	1.182e+06	
1.209e+06	1.1965e+06	1.233e+06	1.2135e+06	1.19025e+06	
1.199e+06	1.1985e+06	1.21675e+06	1.2035e+06	1.165e+06	
1.192e+06	1.19025e+06	1.1795e+06	1.22675e+06	1.2155e+06	
1.204e+06	1.2035e+06	1.18575e+06	1.199e+06	1.19975e+06	
1.192e+06	1.211e+06	1.2065e+06	1.20475e+06	1.235e+06	
1.20525e+06	1.2015e+06	1.21975e+06	1.189e+06	1.22875e+06	
1.19775e+06	1.1915e+06	1.20525e+06	1.20775e+06	1.2185e+06	
1.196e+06	1.22225e+06	1.24875e+06	1.223e+06	1.23375e+06	
1.20525e+06	1.21675e+06	1.2065e+06	1.2105e+06	1.2235e+06	
1.20475e+06	1.2155e+06	1.233e+06	1.245e+06	1.235e+06	
1.2185e+06	1.204e+06	1.16575e+06	1.2205e+06	1.223e+06	
1.19075e+06	1.21675e+06	1.2275e+06	1.21225e+06	1.23425e+06	
1.218e+06	1.19475e+06	1.21675e+06	1.20975e+06	1.23675e+06	
1.20975e+06	1.21425e+06	1.213e+06	1.23625e+06	1.20775e+06	
1.18825e+06	1.206e+06	1.2375e+06	1.19075e+06	1.221e+06	
1.20025e+06	1.1865e+06	1.2205e+06	1.225e+06	1.2085e+06	
1.1775e+06	1.18275e+06	1.22225e+06	1.20725e+06	1.209e+06	
1.2085e+06	1.201e+06	1.21675e+06	1.19475e+06	1.1915e+06	
1.20225e+06	1.2155e+06	1.216e+06	1.23175e+06	1.20225e+06	
1.18775e+06	1.21925e+06	1.216e+06	1.2105e+06	1.24325e+06	
1.153e+06	1.18525e+06	1.19975e+06	1.19725e+06	1.2355e+06	
1.20225e+06	1.196e+06	1.19075e+06	1.18825e+06	1.19275e+06	
1.19525e+06	1.2065e+06	1.21175e+06	1.23375e+06	1.213e+06	
1.196e+06	1.182e+06	1.20275e+06	1.21425e+06	1.1985e+06	
1.206e+06	1.17125e+06	1.20775e+06	1.23e+06	1.2035e+06	
1.194e+06	1.2185e+06	1.21225e+06	1.22875e+06	1.221e+06	
1.1745e+06	1.21925e+06	1.1815e+06	1.18775e+06	1.1985e+06	
1.18325e+06	1.17e+06	1.1865e+06	1.17125e+06	1.187e+06	
1.16e+06	1.19075e+06	1.172e+06	1.19775e+06	1.20025e+06	
1.1675e+06	1.19025e+06	1.211e+06	1.163e+06	1.19775e+06	
1.1915e+06	1.17875e+06	1.20225e+06	1.20025e+06	1.1865e+06	
1.17075e+06	1.18025e+06	1.1815e+06	1.1985e+06	1.165e+06	
1.1865e+06	1.177e+06	1.1865e+06	1.184e+06	1.21975e+06	
1.15175e+06	1.184e+06	1.20475e+06	1.19075e+06	1.18075e+06	
1.158e+06	1.1555e+06	1.18025e+06	1.194e+06	1.20225e+06	
1.1725e+06	1.1815e+06	1.192e+06	1.167e+06	1.16125e+06	
1.15375e+06	1.16575e+06	1.17125e+06	1.20025e+06	1.18575e+06	
1.199e+06	1.182e+06	1.175e+06	1.17875e+06	1.18575e+06	
1.17325e+06	1.18025e+06	1.17825e+06	1.18775e+06	1.16e+06	
1.17625e+06	1.17125e+06	1.167e+06	1.17e+06	1.16575e+06	
1.138e+06	1.19025e+06	1.1745e+06	1.167e+06	1.175e+06	
1.1285e+06	1.15e+06	1.1725e+06	1.17575e+06	1.18775e+06	
1.17375e+06	1.15675e+06	1.1745e+06	1.16625e+06	1.165e+06	
1.146e+06	1.1645e+06	1.121e+06	1.1555e+06	1.18325e+06	
1.1385e+06	1.16625e+06	1.19325e+06	1.1745e+06	1.141e+06	
1.146e+06	1.158e+06	1.18075e+06	1.16175e+06	1.16175e+06	
1.14725e+06	1.1555e+06	1.14675e+06	1.1575e+06	1.15675e+06	
1.1575e+06	1.153e+06	1.15425e+06	1.184e+06	1.192e+06	
1.1525e+06	1.14675e+06	1.165e+06	1.14225e+06	1.16125e+06	
1.1435e+06	1.16e+06	1.175e+06	1.15175e+06	1.14725e+06	
1.13725e+06	1.1335e+06	1.16875e+06	1.177e+06	1.14425e+06	
1.1405e+06	1.13225e+06	1.12275e+06	1.14175e+06	1.172e+06	
1.153e+06	1.14725e+06	1.14925e+06	1.1525e+06	1.1645e+06	
1.119e+06	1.119e+06	1.1265e+06	1.1315e+06	1.1385e+06	
1.13225e+06	1.10275e+06	1.0975e+06	1.11775e+06	1.1405e+06	
1.0685e+06	1.126e+06	1.0855e+06	1.13925e+06	1.09e+06	
1.1235e+06	1.09625e+06	1.107e+06	1.10775e+06	1.0975e+06	
1.07925e+06	1.13425e+06	1.09375e+06	1.1115e+06	1.10125e+06	
1.10125e+06	1.11025e+06	1.124e+06	1.124e+06	1.0805e+06	
1.10525e+06	1.1045e+06	1.131e+06	1.1235e+06	1.11975e+06	
1.09875e+06	1.14225e+06	1.1145e+06	1.11525e+06	1.1095e+06	
1.10075e+06	1.10775e+06	1.124e+06	1.1235e+06	1.121e+06	
1.09e+06	1.09e+06	1.085e+06	1.09875e+06	1.1065e+06	
1.11025e+06	1.11075e+06	1.1065e+06	1.13925e+06	1.10825e+06	
1.11575e+06	1.09875e+06	1.09325e+06	1.07925e+06	1.109e+06	
1.095e+06	1.0925e+06	1.104e+06	1.08425e+06	1.1215e+06	
1.0755e+06	1.0945e+06	1.09125e+06	1.08675e+06	1.1095e+06	
1.0705e+06	1.07425e+06	1.08425e+06	1.08875e+06	1.06725e+06	
1.06425e+06	1.029e+06	1.056e+06	1.03825e+06	1.054e+06	
1.039e+06	1.0295e+06	1.01875e+06	1.03075e+06	1.02075e+06	
1.01375e+06	1.0415e+06	1.02575e+06	1.06475e+06	1.02825e+06	
1.02125e+06	1.04075e+06	1.04725e+06	1.05975e+06	1.04725e+06	
1.025e+06	1.06225e+06	1.046e+06	1.02325e+06	1.0705e+06	
1.0535e+06	1.05475e+06	1.0485e+06	1.0825e+06	1.066e+06	
1.0725e+06	1.0655e+06	1.04725e+06	1.075e+06	1.05225e+06	
1.0925e+06	1.0585e+06	1.066e+06	1.0705e+06	1.071e+06	
1.071e+06	1.07875e+06	1.068e+06	1.08675e+06	1.05675e+06	
1.0895e+06	1.0515e+06	1.08125e+06	1.0875e+06	1.07925e+06	
1.0585e+06	1.068e+06	1.06725e+06	1.07175e+06	1.06975e+06	
1.05025e+06	1.092e+06	1.049e+06	1.0945e+06	1.07675e+06	
1.0805e+06	1.085e+06	1.0685e+06	1.0805e+06	1.06225e+06	
1.09e+06	1.0725e+06	1.08175e+06	1.05725e+06	1.09625e+06	
1.0825e+06	1.095e+06	1.0875e+06	1.054e+06	1.10525e+06	
1.0635e+06	1.0755e+06	1.0805e+06	1.08375e+06	1.058e+06	
1.09575e+06	1.056e+06	1.04225e+06	1.08625e+06	1.06975e+06	
1.06425e+06	1.06425e+06	1.05225e+06	1.05675e+06	1.08175e+06	
1.058e+06	1.06675e+06	1.0585e+06	1.06675e+06	1.07375e+06	
1.058e+06	1.068e+06	1.07675e+06	1.085e+06	1.04525e+06	
1.05725e+06	1.06175e+06	1.073e+06	1.05475e+06	1.06675e+06	
1.08825e+06	1.05475e+06	1.05925e+06	1.08e+06	1.0515e+06	
1.0485e+06	1.071e+06	1.03525e+06	1.06975e+06	1.04475e+06	
1.0515e+06	1.04075e+06	1.05725e+06	1.075e+06	1.037e+06	
1.06175e+06	1.03775e+06	1.04975e+06	1.0465e+06	1.044e+06	
1.03525e+06	1.06725e+06	1.044e+06	1.01125e+06	1.07375e+06	
1.06175e+06	1.04025e+06	1.05975e+06	1.0705e+06	1.046e+06	
1.06225e+06	1.0435e+06	1.03525e+06	1.04775e+06	1.0705e+06	
1.0585e+06	1.04075e+06	1.04275e+06	1.03025e+06	1.04525e+06	
1.05475e+06	1.0465e+06	1.068e+06	1.0435e+06	1.0635e+06	
1.063e+06	1.02125e+06	1.03825e+06	1.03575e+06	1.05475e+06	
1.04075e+06	1.0415e+06	1.034e+06	1.04025e+06	1.0535e+06	
1.01625e+06	1.056e+06	1.049e+06	1.07175e+06	1.02375e+06	
1.0485e+06	1.037e+06	1.0315e+06	1.02e+06	1.04025e+06	
1.01125e+06	1.0485e+06	1.05025e+06	1.0345e+06	1.02325e+06	
1.01625e+06	1.022e+06	1.0485e+06	1.03575e+06	1.00875e+06	
1.04975e+06	1.03825e+06	1.051e+06	1.03775e+06	1.02325e+06	
1.008e+06	1.0295e+06	1.0055e+06	1.04075e+06	1.0295e+06	
1.00925e+06	1.01375e+06	1.0005e+06	996250	958250	
998000	965250	994750	984750	990500	
960250	993500	985500	976500	993000	
959500	985500	972750	993500	966500	
980500	977250	1.00425e+06	962750	1.0025e+06	
967250	985500	999250	1.0005e+06	996750	
977750	1.008e+06	998750	989750	996750	
998000	991750	989250	969750	998000	
991000	1.0295e+06	1.01825e+06	990500	1.0025e+06	
998000	983500	1.01875e+06	995500	978500	
997500	1.0055e+06	1.015e+06	989250	1.00375e+06	
985500	980500	996750	971000	981000	
985500	973500	993500	1.01375e+06	1.01325e+06	
993000	1.01125e+06	974000	985500	1.02e+06	
976500	974000	967750	990500	1.00175e+06	
997500	989250	996250	997500	1.008e+06	
998000	986750	1.00375e+06	1.00425e+06	991750	
990500	993000	986750	998000	1.00675e+06	
966500	974000	993500	971500	977250	
964750	998750	964000	976500	964750	
976000	966000	961500	984750	970250	
979000	971000	957750	976000	963250	
952750	1.0055e+06	964750	976500	994750	
1.01125e+06	972250	952750	964750	967250	
964750	967750	947000	968500	996250	
961500	956500	974750	994750	972750	
962000	988000	969000	983000	970250	
957750	956500	955750	988500	935750	
972750	949500	961500	960750	964750	
942000	956500	959500	993000	975250	
976000	958250	998750	964750	969000	
974750	931250	967250	962750	947500	
952750	930500	961500	974000	959000	
936250	950750	963250	974000	973500	
944500	934500	964750	943750	954000	
957750	948750	936250	948250	933000	
953250	958250	948250	948750	952750	
927500	950250	944500	963250	962000	
924250	947500	945000	953250	979000	
925500	940750	935750	934500	962000	
948750	939500	959500	966500	940000	
930000	965250	935000	931750	951500	
906000	946250	954500	932500	950750	
929250	940000	943750	945000	920500	
940000	906000	948750	931750	934500	
944500	923000	925500	952000	937500	
916000	943750	940000	919250	924250	
935750	943250	911750	943750	935000	
918000	917250	930500	930000	932500	
930000	945750	935750	931750	921750	
935750	921250	918750	918000	907250	
914250	933000	913500	952000	916750	
916000	942500	924250	933000	925000	
930000	911000	913500	926250	920000	
907250	920000	903500	918000	918000	
920000	916750	921750	903500	917250	
921750	898500	901500	920500	905500	
904250	912250	904250	899750	902250	
912250	911750	934500	909250	901000	
930000	889750	916750	892250	901000	
892250	905500	918000	914250	899750	
914250	911750	906750	901000	879500	
897750	909750	921750	920000	912250	
872000	894000	911750	897750	911750	
897250	897250	913000	909750	905500	
913500	879500	913500	900250	896000	
901500	882750	887750	879000	891000	
893500	867000	902750	874500	891000	
878250	895250	915500	894750	877750	
860750	874500	878250	908500	872000	
880250	896000	866250	894750	879000	
855000	887000	875750	876500	876500	
874000	862000	906000	884500	876500	
870000	865750	897250	874500	892250	
862500	875750	877750	862500	869500	
855500	876500	889000	897250	884000	
864500	868250	874000	857500	865000	
880250	859500	886500	854250	876500	
862000	861250	863250	879500	863250	
849250	874000	880750	873250	891000	
874000	856250	874000	858250	875250	
869500	872500	848750	845500	864500	
851750	850500	872500	846750	868750	
856750	843750	874000	878250	865000	
868250	863750	843750	843750	862500	
858750	827250	870000	845000	862000	
849250	851750	847500	872500	850500	
849250	866250	858250	853000	855000	
839250	870000	860000	855000	850500	
850000	841000	828500	821000	864500	
851250	860750	836750	843000	844250	
860750	845500	867000	855500	852500	
834250	852500	839750	831000	870750	
841750	835500	839250	816500	842500	
843000	841000	833500	837250	867000	
846250	816000	841750	831000	816500	
813500	834750	829250	822250	856750	
817750	811500	828000	848750	828500	
822750	816000	801500	815250	838000	
813500	809500	822250	787500	834250	
809500	828500	830500	826000	807750	
788250	802750	777500	816500	783750	
817250	806500	808250	797000	807000	
798250	789500	767500	812250	802000	
816000	792500	814000	802000	797750	
793750	795750	795750	793250	803250	
817250	799500	798250	797750	792500	
783750	799000	798250	792500	796500	
770500	771250	802000	799000	781250	
782000	753000	754750	795000	793250	
781250	770500	778000	785750	784500	
772500	776250	792000	784500	774250	
791250	775000	787000	775500	775000	
789500	799000	800250	793750	783750	
770000	776750	776750	770500	771750	
788750	765500	763000	774250	770000	
760500	777500	758500	748500	772500	
796500	776750	785000	778000	784500	
771250	768750	795750	787500	764750	
760500	778750	792500	784500	758500	
757250	770500	770500	754750	787000	
773000	773000	780000	773750	768000	
756000	793750	763000	783250	800250	
800250	777500	779250	789500	787000	
792000	800250	812250	793750	807750	
794500	787000	783250	784500	809000	
816000	788250	809500	817750	804500	
780000	773750	783250	807000	782000	
804500	803250	805250	821500	804000	
783750	804500	783750	786250	807000	
791250	816500	802000	801500	804000	
800750	782000	795000	810750	797750	
783250	778750	810750	815250	795000	
780000	788250	810750	792500	792500	
795000	770000	793750	780000	792500	
780000	778750	795000	796500	787500	
785750	785000	795750	784500	778000	
758000	777500	787000	769250	773000	
792000	776750	771750	760500	782000	
764250	758000	761000	760500	770500	
758000	768750	770500	791250	778000	
750500	779250	766750	764750	741500	
769250	794500	759750	770000	740250	
746000	763500	759750	774250	744750	
768750	755500	775000	759250	771750	
737750	775000	761750	761000	765500	
759250	767500	753500	735250	764750	
770000	744750	758000	764250	771750	
770000	775000	763000	751000	773000	
783750	769250	761750	767500	761000	
778000	774250	762250	790000	745250	
786250	746500	754750	769250	780500	
789500	785750	754250	785000	772500	
751750	756750	765500	756000	749000	
766250	770000	786250	774250	748500	
756750	781250	761750	746500	784500	
752250	748500	749000	739750	758000	
759750	758000	749750	731500	758000	
742250	757250	740250	751000	749750	
744750	768000	734500	756000	757250	
761000	749750	741000	758500	781250	
764250	747250	741000	766750	755500	
747750	754250	766750	759750	763000	
741500	760500	747750	737250	737750	
740250	741500	769250	759750	745250	
743500	737750	734500	770000	719500	
733250	746500	741000	741000	755500	
736500	746000	753500	759250	732750	
742250	766750	764250	749000	750500	
729000	739750	744750	750500	755500	
742250	727750	761750	742750	773000	
742250	746000	747250	770000	736500	
732000	733250	749750	738500	736500	
734000	725750	719500	722000	747750	
752250	731500	753000	737750	729000	
756750	732750	744750	759250	741500	
737750	763500	734000	750500	738500	
745250	743500	737750	751000	743500	
758500	742250	754250	754250	736500	
749000	752250	756750	765500	751000	
748500	729000	751750	754750	751000	
735250	756000	758500	741500	754750	
736500	757250	751750	754750	733250	
753500	753000	763500	747250	754750	
744750	741500	758500	751750	734500	
747250	749750	733250	764250	751000	
739000	741000	742250	733250	732750	
736000	746500	741000	740250	742250	
754750	754250	758500	764250	732750	
746500	734500	747250	756000	745250	
729000	736500	730750	743500	739750	
737250	756000	731500	756000	742750	
748500	736000	747250	744000	727750	
732750	737250	751000	723250	731500	
753500	749000	763000	730750	744000	
718250	736000	725750	752250	720250	
725250	754750	734500	722000	727750	
730750	736000	727750	754750	745250	
736500	735250	733250	739750	746000	
727000	737250	737750	725750	727000	
737250	724500	746000	727750	737750	
741500	736500	702500	727750	727750	
723250	724500	731500	731500	717500	
743500	721500	729500	730250	725750	
717500	722750	735250	737250	735250	
732750	724000	724500	725250	736500	
727000	734500	715000	722750	732750	
733250	715000	717000	705750	730250	
719500	725750	718750	701250	714500	
716250	707500	705000	698750	717500	
705000	713250	712500	710000	710750	
705000	701250	692500	717500	707500	
714500	707500	705000	713250	705000	
720250	714500	691750	712000	695000	
707000	688500	697500	696750	702500	
691250	700500	690000	684750	680500	
691250	691750	693750	712500	696250	
687250	697500	686000	683000	692500	
690000	692500	696250	688500	688500	
684750	676750	669750	688500	686000	
674250	680500	700000	692500	690500	
681750	664750	674250	676000	681750	
666000	676000	683000	686750	687250	
659750	671000	670250	676750	678000	
650750	674750	686000	666500	661500	
678500	670250	668500	659750	690500	
673500	668500	642000	664000	662250	
662750	662750	657750	678500	666000	
648250	647750	671500	672250	678000	
665250	652000	671500	650750	664750	
656500	656500	650250	648250	647750	
662750	656500	657000	681000	647000	
640000	642500	664000	662750	650250	
666500	664000	661000	668500	651500	
645250	657000	659750	661500	672250	
659750	655750	666500	671500	652750	
654000	652000	637000	674250	672250	
670250	670250	644500	660250	645250	
650750	654500	660250	661500	638250	
661500	661000	655750	666000	667250	
678500	650250	648250	663500	636250	
661000	654500	661000	638250	659750	
651500	655250	655750	660250	660250	
646500	659750	650250	647000	655250	
663500	640000	667750	657750	668500	
669000	674250	672750	671500	664750	
655250	662250	665250	665250	657000	
674750	666500	669000	666500	662750	
666000	672250	667750	679750	660250	
669000	665250	674250	657750	670250	
669750	649500	667750	664750	679750	
659000	668500	679250	665250	657000	
663500	661000	664750	654500	676750	
674250	676000	676750	698750	678000	
662250	655250	667250	638750	672750	
657000	664750	654000	642000	673500	
657000	664000	654500	683000	682250	
675500	651500	654500	663500	664750	
667250	666500	678500	657750	666500	
679750	650250	679750	671000	670250	
661000	666000	673500	659750	669000	
654500	663500	650750	655250	664750	
651500	644500	628250	646500	668500	
657000	654500	633750	670250	686000	
649500	669000	639500	674250	670250	
660250	660250	664000	650750	676000	
654500	642500	651500	659000	661000	
664750	638250	656500	650750	662750	
643250	642000	657000	647750	652750	
666000	645750	633250	668500	623750	
665250	651500	644500	646500	642500	
658500	670250	648250	644500	655250	
654500	669000	661000	659000	665250	
657750	666000	661000	665250	678000	
662750	654000	664000	665250	655750	
656500	653250	661000	668500	662750	
666500	669000	661500	648250	650250	
661000	650750	664000	667250	672750	
651500	667750	669000	659000	657750	
642500	645750	657000	660250	655250	
659750	659000	645250	652750	645250	
667250	658500	657000	654000	655250	
651500	665250	661000	666000	638750	
644500	662750	654500	659750	636250	
651500	657750	663500	655250	646500	
666000	671000	660250	660250	652750	
659750	672750	650750	655750	652750	
661000	657750	642500	670250	652000	
664750	662750	662250	648250	669750	
652000	647750	659000	642500	642000	
656500	655250	676750	656500	644000	
661000	654000	642500	657750	650250	
655250	657750	644000	650250	649500	
654500	670250	653250	652750	652000	
655750	660250	649500	665250	661000	
639500	650250	650750	648250	659750	
656500	650750	647750	662750	661500	
654000	650250	652000	655250	652000	
655750	652750	632500	671500	647000	
659000	667750	674750	640000	656500	
649500	659000	670250	662750	649500	
635750	652750	654000	661500	657000	
653250	662750	658500	637500	679750	
641250	664000	659000	664750	637000	
663500	664000	671000	646500	643250	
649500	650750	645250	647750	645750	
664000	661500	663500	655750	648250	
667750	664000	649000	644000	640750	
654500	652000	648250	648250	643250	
647750	644500	651500	667250	654000	
633250	644000	642500	654000	652750	
669750	644500	650250	641250	667750	
662750	664750	645750	673500	654000	
658500	668500	667750	638750	665250	
657750	672250	639500	652000	659750	
659000	667250	652750	655750	633750	
644500	668500	657750	652000	659000	
652750	664750	650250	636250	667250	
633750	661500	644000	667250	666500	
652750	654500	667250	654500	645750	
655750	654500	661500	647750	657000	
644500	654000	640000	669750	669750	
644000	635750	660250	647000	664750	
649500	662250	650750	654500	659750	
655250	644500	653250	654500	628750	
674250	644500	676000	645250	654500	
664750	643250	665250	667250	648250	
645750	656500	661500	649500	658500	
649500	644500	647750	661000	630750	
659000	659750	660250	667250	657000	
667250	640750	664000	638750	639500	
638250	659000	645250	650750	642500	
654000	652000	645750	659750	664000	
652000	652000	638750	657750	646500	
637000	664750	652750	673500	644500	
657000	650250	667250	669750	644500	
655250	654500	635000	661500	652750	
640750	647000	651500	639500	657000	
643250	664750	647000	671500	655750	
659750	644500	627500	659000	659750	
649500	649000	663500	638250	649500	
650250	661000	662750	659750	642500	
661500	644500	645750	658500	652000	
654000	654500	645750	647000	651500	
648250	650750	660250	662250	648250	
638250	654500	665250	670250	652000	
647750	654000	646500	639500	654000	
649500	648250	654000	642500	654500	
637000	668500	646500	647000	658500	
646500	641250	645250	652000	657750	
659000	649500	659000	633750	653250	
638750	671000	647000	639500	650750	
650750	635000	649500	638750	655750	
655750	638750	634500	637000	651500	
654500	624250	651500	659750	664000	
647000	648250	637000	666000	641250	
655750	666500	659750	644500	655250	
631250	642500	640750	662250	649000	
632500	667250	663500	643250	643250	
655750	649500	645750	666000	644500	
653250	640000	647000	644000	661000	
645250	639500	664750	649500	657750	
658500	646500	655250	650750	659750	
659000	645750	657750	659000	644000	
638750	657000	644000	645250	642000	
656500	659000	639500	640750	666500	
633750	659750	657000	647000	633750	
645250	657000	644000	636250	644500	
635750	664000	645250	639500	654500	
635750	649500	643250	637500	645750	
658500	633250	640750	652750	640750	
650750	632000	655750	654500	653250	
638750	648250	659750	653250	650750	
656500	637000	654000	639500	647000	
637500	645750	655250	641250	651500	
642500	641250	651500	631250	625000	
666500	630750	644000	626750	652750	
638250	636250	647000	645250	647750	
669750	649500	634500	626750	645750	
654000	632500	642500	654500	652000	
642500	635750	650750	634500	635000	
657000	636250	623000	648250	652750	
642500	664750	638250	659000	657750	
652000	642000	643250	643250	633750	
634500	659000	616250	649500	642000	
655250	641250	645250	637000	632500	
643250	632000	659000	655250	650250	
652750	649500	647750	644500	641250	
634500	648250	650250	638750	634500	
648250	652000	639500	633250	654500	
647750	629500	630000	645750	651500	
647750	639500	648250	642500	655250	
641250	645750	650250	666000	635750	
664750	654000	644000	644500	643250	
647750	635750	643250	661500	626750	
655250	643250	647750	652750	648250	
646500	650750	626250	661500	632500	
648250	630000	649000	657750	644000	
637000	633250	654500	647000	642500	
656500	637500	642500	658500	645750	
642500	633750	659000	649000	641250	
634500	644000	638250	639500	630000	
638750	635000	650750	642500	649500	
644500	649000	643250	650750	641250	
640750	632500	631250	651500	635000	
645250	628250	624250	635750	650750	
642000	659750	645250	650750	635000	
639500	644000	638750	649000	652000	
630750	649500	630000	626250	638250	
660250	631250	663500	634500	613750	
635000	640000	647000	646500	650250	
649500	621750	631250	626250	640000	
642000	649500	644500	648250	629500	
652750	638250	644000	648250	640000	
645250	635750	645250	637000	633250	
645250	661500	640750	655750	657750	
647000	633250	639500	640750	642500	
645750	647000	634500	644000	642000	
651500	640000	609250	631250	644000	
628750	641250	635000	643250	659000	
650250	659750	640000	635000	646500	
629500	631250	638250	647750	638750	
644000	628250	637000	640750	637000	
629500	640000	640750	639500	639500	
626750	629500	664000	666500	640750	
635000	649500	645250	647750	644500	
633250	653250	635000	633750	647000	
633250	638750	650750	644000	630750	
629500	649000	621250	642000	628250	
661000	653250	654500	632000	645250	
644000	655750	620000	642500	632000	
635000	646500	623750	635750	648250	
642500	628250	631250	634500	620000	
640750	634500	633250	619250	633750	
635000	633750	643250	648250	644000	
637000	638750	636250	665250	644500	
635000	638250	650750	636250	631250	
642500	638750	650750	647000	622500	
640000	639500	646500	649500	624250	
633750	643250	637500	641250	625500	
640750	640750	625500	617500	633250	
636250	635000	637500	637000	628250	
631250	624250	630000	620500	638750	
618750	630750	635750	645750	649500	
649500	630000	647750	626750	636250	
632500	625000	633750	640000	636250	
616750	621250	632500	625500	637500	
640750	640750	650250	641250	634500	
633250	626250	646500	621250	644500	
633250	649000	645250	619250	647000	
627500	626250	638250	655250	620500	
642000	639500	627500	633750	647750	
622500	632500	646500	623000	638250	
637500	642000	654500	630750	624250	
641250	642000	638750	619250	626750	
642500	648250	638750	655250	638750	
644500	662250	645250	629500	625000	
620000	630000	649500	637500	625000	
649000	625500	629500	621250	642000	
637000	632000	649500	638250	638250	
612500	641250	634500	632500	647000	
638250	634500	633750	659750	657750	
641250	637500	634500	655250	641250	
635750	652750	628250	642000	630750	
657000	650750	626750	627500	625000	
630000	642000	626750	641250	625500	
623750	629500	652000	644500	652750	
635750	635000	640750	656500	657000	
636250	627500	651500	637000	630000	
625500	623750	626750	644000	628750	
616250	648250	639500	615500	638750	
655750	647000	621750	623000	640000	
636250	645250	621250	643250	630750	
635750	633750	640750	629500	637500	
631250	645750	638250	635750	625500	
632000	633750	635750	623750	640750	
646500	637000	628250	649000	632500	
626750	626250	637000	646500	632500	
627500	634500	620000	628250	650250	
640750	632500	631250	625000	642500	
640750	621750	626250	643250	641250	
647000	632000	635000	655750	628750	
629500	623000	629500	634500	640000	
632500	620500	654000	644000	635000	
626250	645250	629500	631250	627500	
633750	633250	630750	612500	633250	
653250	650750	633750	617500	614250	
630750	637500	642000	630750	637500	
630000	645250	625500	652000	641250	
633250	628750	630750	628250	637500	
640750	635000	628750	638750	644000	
607250	618750	639500	626250	625500	
637500	641250	635750	652750	656500	
630000	647750	651500	630750	632000	
622500	630750	638750	640000	635000	
625000	655250	633250	620500	635750	
635000	623000	638250	637000	623750	
649000	635750	637500	637500	629500	
627500	646500	624250	656500	642000	
631250	625000	635750	625000	631250	
637500	631250	626250	642500	631250	
635000	635000	640000	633250	637000	
638250	618750	646500	622500	640750	
647750	637000	644500	644500	643250	
640750	631250	623750	662750	621750	
626250	635750	639500	650250	630750	
646500	642500	640000	637500	630750	
621250	609250	640750	650250	626250	
628750	634500	632000	630750	637500	
637500	637000	647000	642500	639500	
615500	628750	639500	622500	627500	
637000	642500	632500	631250	627500	
642000	606750	628750	625000	638250	
624250	613000	623000	631250	632500	
636250	634500	642000	638750	630750	
636250	634500	642000	638750	630750	
636250	634500	642000	638750	630750	
