4250	4250	4250	4250	4250	
7.13825e+06	7.13825e+06	7.13825e+06	7.13825e+06	7.13825e+06	
524250	512750	524750	523500	538000	
502750	509750	516500	506500	507250	
519000	522250	507750	492000	526000	
509000	529750	520250	519750	512250	
519000	506000	494000	509750	516500	
509000	508500	511000	514750	495750	
508500	524250	519000	543000	506500	
525500	515250	523500	519000	524750	
520250	523000	533500	512750	529250	
509000	528500	528000	514000	526750	
534250	523500	516000	539250	521000	
521000	545500	546750	551250	525500	
548750	543750	531000	540500	543000	
536250	547500	533500	529750	543000	
539250	548750	541250	549250	540500	
538000	546250	545000	568250	571500	
537500	566250	554500	550000	560000	
555000	555000	553750	563750	571500	
569000	579500	562500	572000	555000	
567000	566250	557500	565750	582750	
571500	587750	578250	582750	572750	
651500	659750	659000	657750	630000	
815250	790000	797000	803250	816000	
829750	844250	833000	824000	824000	
833000	839750	839250	845000	829250	
833500	834250	836000	816500	816500	
845000	845000	818500	828000	830500	
851250	857500	817750	848750	821000	
846750	868250	839750	859500	845500	
860000	860750	851750	858250	870750	
877750	870750	891500	889750	877000	
904750	912250	897750	900250	909250	
915500	901000	894000	914250	882750	
921250	884000	899750	901000	905500	
902250	906750	926250	902750	870000	
932500	897750	894000	911000	893500	
902250	903500	914750	889750	891500	
903500	916750	885250	881500	913500	
920500	920500	925000	906750	917250	
943750	953250	939500	930000	946250	
946250	945000	954500	950750	968500	
969000	972250	959000	972750	959500	
986000	964750	959000	991000	966000	
979000	952750	975250	957000	971500	
955750	938750	964750	946250	971000	
963250	961500	962000	943750	966500	
957000	968500	958250	941250	969750	
943750	915500	958250	942500	960250	
896500	908500	921250	920500	930500	
908500	934500	920500	897750	917250	
914750	910500	925500	942000	925500	
881500	897250	907250	916750	891500	
897750	889750	911000	892250	887000	
919250	892750	921750	891000	908500	
957000	931750	952750	946250	940000	
1.0005e+06	1.00175e+06	1.008e+06	1.01125e+06	1.00925e+06	
1.02775e+06	1.03075e+06	1.02575e+06	984750	1.029e+06	
1.00675e+06	1.02825e+06	1.015e+06	1.0295e+06	1.008e+06	
991000	989250	977250	976000	986000	
955750	959500	962750	960750	960250	
969000	967250	990500	981750	983500	
991000	988000	960250	969750	966500	
1.02e+06	1.02325e+06	1.01125e+06	1.00125e+06	985500	
1.02575e+06	1.0465e+06	1.01875e+06	1.01825e+06	1.03075e+06	
1.0485e+06	1.039e+06	1.04475e+06	1.04225e+06	1.0635e+06	
1.058e+06	1.03025e+06	1.051e+06	1.02125e+06	1.03075e+06	
1.03825e+06	1.05725e+06	1.0395e+06	1.0315e+06	1.044e+06	
1.0605e+06	1.05725e+06	1.0345e+06	1.0435e+06	1.0635e+06	
1.06975e+06	1.08e+06	1.075e+06	1.06475e+06	1.0775e+06	
1.08875e+06	1.0435e+06	1.054e+06	1.06675e+06	1.06975e+06	
1.06925e+06	1.09075e+06	1.0775e+06	1.09375e+06	1.09875e+06	
1.13275e+06	1.1145e+06	1.1285e+06	1.14175e+06	1.13925e+06	
1.1675e+06	1.1815e+06	1.15125e+06	1.19475e+06	1.1455e+06	
1.21175e+06	1.19025e+06	1.1525e+06	1.16e+06	1.1775e+06	
1.19475e+06	1.192e+06	1.19975e+06	1.2035e+06	1.17625e+06	
1.192e+06	1.17375e+06	1.155e+06	1.1505e+06	1.177e+06	
1.16625e+06	1.21725e+06	1.209e+06	1.18575e+06	1.167e+06	
1.18075e+06	1.18275e+06	1.13225e+06	1.16575e+06	1.13225e+06	
1.146e+06	1.1455e+06	1.1265e+06	1.158e+06	1.1265e+06	
1.16825e+06	1.14675e+06	1.167e+06	1.131e+06	1.15875e+06	
1.18075e+06	1.16375e+06	1.1795e+06	1.16375e+06	1.1845e+06	
1.20275e+06	1.21975e+06	1.21425e+06	1.18525e+06	1.18325e+06	
1.23425e+06	1.2475e+06	1.21975e+06	1.22425e+06	1.216e+06	
1.22675e+06	1.26325e+06	1.2375e+06	1.2255e+06	1.22225e+06	
1.2155e+06	1.2325e+06	1.24375e+06	1.2015e+06	1.1965e+06	
1.223e+06	1.2255e+06	1.201e+06	1.20275e+06	1.18825e+06	
1.24125e+06	1.19325e+06	1.228e+06	1.221e+06	1.213e+06	
1.23425e+06	1.235e+06	1.2235e+06	1.22925e+06	1.22675e+06	
1.21175e+06	1.20725e+06	1.20725e+06	1.22875e+06	1.17075e+06	
1.182e+06	1.14175e+06	1.16625e+06	1.13975e+06	1.16875e+06	
1.148e+06	1.17325e+06	1.17e+06	1.13925e+06	1.13225e+06	
1.1285e+06	1.18025e+06	1.15675e+06	1.16875e+06	1.15675e+06	
1.12725e+06	1.13275e+06	1.11325e+06	1.09825e+06	1.10825e+06	
1.09075e+06	1.114e+06	1.0925e+06	1.092e+06	1.06675e+06	
1.0925e+06	1.08375e+06	1.0895e+06	1.095e+06	1.11075e+06	
1.13225e+06	1.12475e+06	1.1215e+06	1.085e+06	1.11775e+06	
1.11975e+06	1.0975e+06	1.13925e+06	1.102e+06	1.114e+06	
1.153e+06	1.16625e+06	1.17e+06	1.12975e+06	1.14725e+06	
1.21925e+06	1.19075e+06	1.20275e+06	1.225e+06	1.24125e+06	
1.24575e+06	1.2235e+06	1.25375e+06	1.2545e+06	1.228e+06	
1.2475e+06	1.24625e+06	1.23375e+06	1.252e+06	1.2495e+06	
1.274e+06	1.2645e+06	1.26275e+06	1.221e+06	1.26775e+06	
1.32e+06	1.296e+06	1.31425e+06	1.30425e+06	1.284e+06	
1.32375e+06	1.3515e+06	1.34075e+06	1.33075e+06	1.3415e+06	
1.38e+06	1.368e+06	1.378e+06	1.36025e+06	1.38e+06	
1.41775e+06	1.38925e+06	1.41825e+06	1.407e+06	1.40825e+06	
1.3905e+06	1.3855e+06	1.36225e+06	1.38175e+06	1.35225e+06	
1.32625e+06	1.30925e+06	1.32625e+06	1.32625e+06	1.28725e+06	
1.30175e+06	1.27775e+06	1.264e+06	1.27775e+06	1.2715e+06	
1.276e+06	1.262e+06	1.29975e+06	1.28225e+06	1.28725e+06	
1.32125e+06	1.30675e+06	1.30625e+06	1.34575e+06	1.3275e+06	
1.359e+06	1.4095e+06	1.354e+06	1.34075e+06	1.38175e+06	
1.43275e+06	1.4045e+06	1.414e+06	1.38875e+06	1.4195e+06	
1.35275e+06	1.37225e+06	1.34525e+06	1.3295e+06	1.32625e+06	
1.29425e+06	1.30375e+06	1.29725e+06	1.2935e+06	1.29475e+06	
1.24625e+06	1.2255e+06	1.21975e+06	1.22875e+06	1.1965e+06	
1.196e+06	1.211e+06	1.1985e+06	1.17575e+06	1.192e+06	
1.16875e+06	1.13675e+06	1.1215e+06	1.1555e+06	1.1505e+06	
1.11975e+06	1.14725e+06	1.13225e+06	1.10575e+06	1.143e+06	
1.121e+06	1.14175e+06	1.10575e+06	1.109e+06	1.15e+06	
1.1725e+06	1.1695e+06	1.163e+06	1.17e+06	1.1815e+06	
1.2695e+06	1.27725e+06	1.26075e+06	1.25325e+06	1.2565e+06	
1.3615e+06	1.36475e+06	1.3685e+06	1.36925e+06	1.3565e+06	
1.4e+06	1.395e+06	1.3975e+06	1.397e+06	1.407e+06	
1.402e+06	1.39625e+06	1.368e+06	1.4e+06	1.409e+06	
1.3975e+06	1.37875e+06	1.37675e+06	1.3685e+06	1.36425e+06	
1.3905e+06	1.3905e+06	1.356e+06	1.3925e+06	1.37675e+06	
1.42775e+06	1.4485e+06	1.4505e+06	1.40125e+06	1.39e+06	
1.43475e+06	1.44725e+06	1.422e+06	1.4555e+06	1.4365e+06	
1.419e+06	1.42025e+06	1.43725e+06	1.43225e+06	1.443e+06	
1.436e+06	1.42025e+06	1.43525e+06	1.43275e+06	1.4025e+06	
1.465e+06	1.4485e+06	1.4505e+06	1.44975e+06	1.443e+06	
1.46375e+06	1.46875e+06	1.436e+06	1.41025e+06	1.4335e+06	
1.4845e+06	1.47825e+06	1.45925e+06	1.46875e+06	1.4365e+06	
1.5375e+06	1.5405e+06	1.50975e+06	1.5425e+06	1.51525e+06	
1.63375e+06	1.6325e+06	1.5885e+06	1.654e+06	1.6615e+06	
1.7215e+06	1.71825e+06	1.69425e+06	1.68225e+06	1.74475e+06	
1.678e+06	1.71075e+06	1.698e+06	1.6615e+06	1.69925e+06	
1.71525e+06	1.741e+06	1.7075e+06	1.71325e+06	1.73025e+06	
1.7705e+06	1.7605e+06	1.75675e+06	1.75675e+06	1.7655e+06	
1.80725e+06	1.84925e+06	1.8185e+06	1.826e+06	1.84375e+06	
1.811e+06	1.7875e+06	1.821e+06	1.88075e+06	1.80325e+06	
1.73725e+06	1.71075e+06	1.7095e+06	1.71375e+06	1.72275e+06	
1.606e+06	1.62375e+06	1.57725e+06	1.5785e+06	1.58975e+06	
1.44225e+06	1.43475e+06	1.4265e+06	1.3925e+06	1.3855e+06	
1.24e+06	1.271e+06	1.252e+06	1.247e+06	1.25825e+06	
1.218e+06	1.235e+06	1.2355e+06	1.21725e+06	1.19775e+06	
1.33825e+06	1.33125e+06	1.327e+06	1.337e+06	1.3175e+06	
1.55875e+06	1.5665e+06	1.5405e+06	1.54e+06	1.52425e+06	
1.69375e+06	1.724e+06	1.71e+06	1.712e+06	1.712e+06	
1.87025e+06	1.889e+06	1.83175e+06	1.86075e+06	1.84875e+06	
1.9155e+06	1.96225e+06	1.9395e+06	1.9055e+06	1.908e+06	
1.894e+06	1.86375e+06	1.7915e+06	1.87325e+06	1.83675e+06	
1.70825e+06	1.67925e+06	1.7215e+06	1.70625e+06	1.6615e+06	
1.50225e+06	1.5235e+06	1.48775e+06	1.50475e+06	1.49575e+06	
1.409e+06	1.40825e+06	1.38175e+06	1.35725e+06	1.3415e+06	
1.48575e+06	1.50775e+06	1.51025e+06	1.48325e+06	1.46675e+06	
1.75725e+06	1.77625e+06	1.73225e+06	1.76675e+06	1.7195e+06	
2.0435e+06	2.04775e+06	2.0555e+06	1.98725e+06	2.015e+06	
2.2205e+06	2.22625e+06	2.26325e+06	2.20675e+06	2.21725e+06	
2.354e+06	2.404e+06	2.3565e+06	2.337e+06	2.3315e+06	
2.4555e+06	2.47125e+06	2.4435e+06	2.4455e+06	2.44225e+06	
2.50775e+06	2.4795e+06	2.4815e+06	2.49775e+06	2.455e+06	
2.44675e+06	2.47075e+06	2.477e+06	2.47325e+06	2.44425e+06	
2.5205e+06	2.484e+06	2.47875e+06	2.4745e+06	2.487e+06	
2.5595e+06	2.54625e+06	2.51175e+06	2.518e+06	2.53675e+06	
2.586e+06	2.62075e+06	2.61675e+06	2.5785e+06	2.51425e+06	
2.66025e+06	2.72775e+06	2.7025e+06	2.7195e+06	2.639e+06	
2.68375e+06	2.78625e+06	2.6925e+06	2.64025e+06	2.65475e+06	
2.77125e+06	2.74675e+06	2.743e+06	2.74175e+06	2.7215e+06	
2.8085e+06	2.785e+06	2.78325e+06	2.81525e+06	2.77825e+06	
2.7915e+06	2.7365e+06	2.74225e+06	2.7535e+06	2.782e+06	
2.70125e+06	2.659e+06	2.71825e+06	2.6615e+06	2.71075e+06	
2.69e+06	2.74175e+06	2.73225e+06	2.666e+06	2.73475e+06	
2.821e+06	2.816e+06	2.76625e+06	2.7365e+06	2.78825e+06	
2.7625e+06	2.77e+06	2.7195e+06	2.746e+06	2.74725e+06	
2.7745e+06	2.7115e+06	2.73975e+06	2.70875e+06	2.6975e+06	
2.79075e+06	2.78625e+06	2.748e+06	2.78775e+06	2.768e+06	
2.8065e+06	2.787e+06	2.76375e+06	2.79075e+06	2.741e+06	
2.7435e+06	2.7915e+06	2.7315e+06	2.724e+06	2.6995e+06	
2.81525e+06	2.78625e+06	2.775e+06	2.719e+06	2.6995e+06	
2.77325e+06	2.76425e+06	2.746e+06	2.671e+06	2.7095e+06	
2.7485e+06	2.75675e+06	2.7435e+06	2.7435e+06	2.71575e+06	
2.864e+06	2.845e+06	2.845e+06	2.818e+06	2.77575e+06	
2.89275e+06	2.91425e+06	2.8665e+06	2.84625e+06	2.8405e+06	
2.944e+06	2.932e+06	2.92125e+06	2.9005e+06	2.891e+06	
3.01325e+06	3.0365e+06	2.99125e+06	2.942e+06	3.007e+06	
3.1185e+06	3.16625e+06	3.12475e+06	3.12475e+06	3.1335e+06	
3.0825e+06	3.136e+06	3.1285e+06	3.09125e+06	3.119e+06	
3.02275e+06	3.07e+06	3.022e+06	3.03225e+06	2.99675e+06	
2.852e+06	2.881e+06	2.85575e+06	2.8285e+06	2.818e+06	
2.8665e+06	2.88525e+06	2.8425e+06	2.81525e+06	2.789e+06	
2.93875e+06	2.9275e+06	2.88025e+06	2.898e+06	2.90725e+06	
3.07625e+06	3.1595e+06	3.109e+06	3.1475e+06	3.09325e+06	
3.24e+06	3.22375e+06	3.12025e+06	3.1455e+06	3.1845e+06	
3.25575e+06	3.3245e+06	3.26025e+06	3.18325e+06	3.2325e+06	
3.3295e+06	3.2925e+06	3.28475e+06	3.288e+06	3.32275e+06	
3.337e+06	3.3265e+06	3.295e+06	3.26225e+06	3.2495e+06	
3.26225e+06	3.25075e+06	3.2155e+06	3.223e+06	3.25275e+06	
3.2305e+06	3.2515e+06	3.2135e+06	3.1305e+06	3.1525e+06	
3.38825e+06	3.36725e+06	3.3025e+06	3.2515e+06	3.33025e+06	
3.346e+06	3.39875e+06	3.3145e+06	3.32125e+06	3.31575e+06	
3.404e+06	3.36175e+06	3.27275e+06	3.34475e+06	3.288e+06	
3.395e+06	3.349e+06	3.31375e+06	3.26975e+06	3.305e+06	
3.36175e+06	3.36875e+06	3.2905e+06	3.3005e+06	3.26225e+06	
3.4065e+06	3.341e+06	3.37e+06	3.35225e+06	3.37375e+06	
3.4915e+06	3.4385e+06	3.41025e+06	3.35275e+06	3.38175e+06	
3.51425e+06	3.552e+06	3.4865e+06	3.45425e+06	3.436e+06	
3.569e+06	3.533e+06	3.50025e+06	3.535e+06	3.44425e+06	
3.489e+06	3.4625e+06	3.45875e+06	3.45625e+06	3.4215e+06	
3.41725e+06	3.41475e+06	3.361e+06	3.351e+06	3.358e+06	
3.47825e+06	3.3875e+06	3.39e+06	3.3585e+06	3.35425e+06	
3.42775e+06	3.37625e+06	3.3975e+06	3.2975e+06	3.39875e+06	
3.414e+06	3.38825e+06	3.431e+06	3.3805e+06	3.339e+06	
3.51725e+06	3.504e+06	3.40025e+06	3.46075e+06	3.45875e+06	
3.523e+06	3.56975e+06	3.39825e+06	3.4335e+06	3.467e+06	
3.5615e+06	3.564e+06	3.5085e+06	3.47775e+06	3.48525e+06	
3.46325e+06	3.45125e+06	3.487e+06	3.433e+06	3.4675e+06	
3.542e+06	3.59425e+06	3.569e+06	3.49225e+06	3.518e+06	
3.65275e+06	3.6775e+06	3.6055e+06	3.593e+06	3.61175e+06	
3.736e+06	3.78325e+06	3.69125e+06	3.743e+06	3.712e+06	
3.77825e+06	3.8375e+06	3.76425e+06	3.8015e+06	3.7435e+06	
3.81975e+06	3.84125e+06	3.765e+06	3.714e+06	3.74225e+06	
3.72275e+06	3.7315e+06	3.58425e+06	3.56325e+06	3.5685e+06	
3.588e+06	3.622e+06	3.6075e+06	3.5305e+06	3.487e+06	
3.5425e+06	3.60925e+06	3.542e+06	3.55525e+06	3.508e+06	
3.55275e+06	3.576e+06	3.5395e+06	3.5225e+06	3.4985e+06	
3.67675e+06	3.68125e+06	3.65525e+06	3.586e+06	3.5685e+06	
3.74425e+06	3.76125e+06	3.73025e+06	3.66675e+06	3.71825e+06	
3.82675e+06	3.7555e+06	3.77075e+06	3.74475e+06	3.7625e+06	
3.7965e+06	3.80475e+06	3.78325e+06	3.799e+06	3.775e+06	
3.775e+06	3.794e+06	3.84e+06	3.7045e+06	3.7065e+06	
3.7435e+06	3.794e+06	3.695e+06	3.67175e+06	3.7095e+06	
3.79775e+06	3.8085e+06	3.7985e+06	3.73975e+06	3.67875e+06	
3.87525e+06	3.88275e+06	3.9055e+06	3.828e+06	3.80525e+06	
3.80475e+06	3.8115e+06	3.879e+06	3.7455e+06	3.789e+06	
3.799e+06	3.88525e+06	3.80275e+06	3.77125e+06	3.751e+06	
3.66475e+06	3.6875e+06	3.69625e+06	3.68175e+06	3.62125e+06	
3.741e+06	3.7845e+06	3.7695e+06	3.683e+06	3.7045e+06	
3.7865e+06	3.78275e+06	3.6855e+06	3.68425e+06	3.7435e+06	
3.8645e+06	3.80725e+06	3.787e+06	3.78575e+06	3.81225e+06	
3.81725e+06	3.79525e+06	3.794e+06	3.75175e+06	3.763e+06	
3.709e+06	3.68875e+06	3.712e+06	3.654e+06	3.5935e+06	
3.57025e+06	3.53425e+06	3.51675e+06	3.501e+06	3.4435e+06	
3.35475e+06	3.37425e+06	3.31825e+06	3.3515e+06	3.259e+06	
3.12425e+06	3.1185e+06	3.1085e+06	3.138e+06	3.07175e+06	
3.03525e+06	3.063e+06	3.04725e+06	2.96975e+06	3.0045e+06	
3.145e+06	3.12475e+06	3.09825e+06	3.13475e+06	3.11475e+06	
3.53425e+06	3.50975e+06	3.50225e+06	3.487e+06	3.47575e+06	
3.87775e+06	3.94775e+06	3.9515e+06	3.8405e+06	3.86025e+06	
4.16325e+06	4.10975e+06	4.12225e+06	4.10725e+06	4.0485e+06	
4.14875e+06	4.14375e+06	4.06925e+06	4.034e+06	4.02775e+06	
4.12175e+06	4.15825e+06	4.10975e+06	4.056e+06	4.02975e+06	
4.24325e+06	4.1885e+06	4.162e+06	4.16575e+06	4.121e+06	
4.17075e+06	4.135e+06	4.1205e+06	4.1205e+06	4.15325e+06	
4.00575e+06	3.988e+06	3.954e+06	3.973e+06	3.94825e+06	
3.98875e+06	4.01275e+06	3.9465e+06	3.896e+06	3.92825e+06	
4.09575e+06	4.11525e+06	4.10275e+06	4.14375e+06	4.056e+06	
4.31325e+06	4.298e+06	4.2545e+06	4.23e+06	4.194e+06	
4.44425e+06	4.419e+06	4.36225e+06	4.28675e+06	4.34225e+06	
4.50425e+06	4.4965e+06	4.36875e+06	4.43725e+06	4.38125e+06	
4.66975e+06	4.5885e+06	4.63575e+06	4.57025e+06	4.54625e+06	
4.6515e+06	4.7065e+06	4.6195e+06	4.6075e+06	4.60125e+06	
4.6705e+06	4.692e+06	4.658e+06	4.56475e+06	4.58975e+06	
4.562e+06	4.62125e+06	4.55525e+06	4.54375e+06	4.53e+06	
4.58725e+06	4.5445e+06	4.51175e+06	4.47075e+06	4.46875e+06	
4.4115e+06	4.4255e+06	4.34525e+06	4.339e+06	4.35225e+06	
4.33725e+06	4.32025e+06	4.2755e+06	4.20425e+06	4.21625e+06	
4.1335e+06	4.2615e+06	4.261e+06	4.16e+06	4.1525e+06	
4.40575e+06	4.375e+06	4.34525e+06	4.3195e+06	4.32525e+06	
4.557e+06	4.57475e+06	4.52425e+06	4.482e+06	4.479e+06	
4.605e+06	4.71525e+06	4.57725e+06	4.61825e+06	4.57025e+06	
4.68e+06	4.581e+06	4.605e+06	4.55325e+06	4.56525e+06	
4.523e+06	4.55025e+06	4.5085e+06	4.48575e+06	4.4455e+06	
4.6555e+06	4.74675e+06	4.6465e+06	4.74925e+06	4.65675e+06	
4.84825e+06	4.813e+06	4.87975e+06	4.7575e+06	4.7475e+06	
5.0235e+06	5.0795e+06	5.04975e+06	4.92125e+06	5.00825e+06	
5.0025e+06	5.024e+06	5.0675e+06	4.89925e+06	4.944e+06	
5.1865e+06	5.18225e+06	5.11475e+06	5.19675e+06	5.05925e+06	
5.23e+06	5.14825e+06	5.20425e+06	5.13425e+06	5.0845e+06	
5.14625e+06	5.1815e+06	5.12675e+06	5.1085e+06	5.097e+06	
5.147e+06	5.08775e+06	5.1085e+06	4.9875e+06	5.055e+06	
5.21675e+06	5.1545e+06	5.11975e+06	5.10725e+06	5.063e+06	
5.17775e+06	5.2275e+06	5.15575e+06	5.08575e+06	5.11675e+06	
5.2225e+06	5.2495e+06	5.174e+06	5.152e+06	5.10025e+06	
5.34275e+06	5.29625e+06	5.23125e+06	5.16025e+06	5.22625e+06	
5.235e+06	5.242e+06	5.19425e+06	5.17275e+06	5.12475e+06	
5.00625e+06	5.10775e+06	5.00575e+06	5.0335e+06	5.00125e+06	
5.0095e+06	5.002e+06	4.96975e+06	4.913e+06	4.867e+06	
5.13675e+06	5.10975e+06	5.07825e+06	5.031e+06	4.98125e+06	
5.19925e+06	5.288e+06	5.16775e+06	5.2665e+06	5.11725e+06	
5.259e+06	5.32525e+06	5.2395e+06	5.2565e+06	5.2125e+06	
5.44175e+06	5.4965e+06	5.4255e+06	5.39025e+06	5.44925e+06	
5.50175e+06	5.55975e+06	5.523e+06	5.43925e+06	5.467e+06	
5.42425e+06	5.52375e+06	5.45125e+06	5.3875e+06	5.40525e+06	
5.5205e+06	5.5715e+06	5.5125e+06	5.4625e+06	5.42175e+06	
5.50675e+06	5.5735e+06	5.46775e+06	5.474e+06	5.36375e+06	
5.6095e+06	5.55975e+06	5.5395e+06	5.421e+06	5.52e+06	
5.66925e+06	5.71075e+06	5.6245e+06	5.491e+06	5.52e+06	
5.61575e+06	5.731e+06	5.557e+06	5.518e+06	5.51425e+06	
5.796e+06	5.8935e+06	5.8515e+06	5.65975e+06	5.699e+06	
5.95525e+06	5.93825e+06	5.8665e+06	5.8685e+06	5.83375e+06	
5.8445e+06	5.84075e+06	5.765e+06	5.76375e+06	5.79225e+06	
5.8325e+06	5.79025e+06	5.75e+06	5.68075e+06	5.73925e+06	
5.92575e+06	5.881e+06	5.7575e+06	5.78575e+06	5.73475e+06	
5.7095e+06	5.62075e+06	5.66175e+06	5.51175e+06	5.544e+06	
5.52175e+06	5.632e+06	5.45375e+06	5.44675e+06	5.46125e+06	
5.39575e+06	5.41525e+06	5.24775e+06	5.353e+06	5.3825e+06	
5.52125e+06	5.55775e+06	5.4355e+06	5.36425e+06	5.4205e+06	
5.486e+06	5.51625e+06	5.55275e+06	5.40075e+06	5.38875e+06	
5.77825e+06	5.67375e+06	5.627e+06	5.57975e+06	5.6215e+06	
5.69575e+06	5.6995e+06	5.63525e+06	5.5565e+06	5.63275e+06	
5.702e+06	5.72225e+06	5.54125e+06	5.65425e+06	5.5445e+06	
5.64275e+06	5.617e+06	5.69575e+06	5.57025e+06	5.532e+06	
5.74875e+06	5.7475e+06	5.738e+06	5.7475e+06	5.6825e+06	
5.75375e+06	5.8475e+06	5.80425e+06	5.72725e+06	5.6045e+06	
5.92375e+06	5.859e+06	5.8015e+06	5.862e+06	5.8305e+06	
5.8715e+06	5.89425e+06	5.808e+06	5.835e+06	5.70825e+06	
5.9025e+06	5.86325e+06	5.87975e+06	5.8225e+06	5.80925e+06	
6.02975e+06	6.08325e+06	6.00825e+06	5.927e+06	5.8885e+06	
6.00575e+06	5.9975e+06	5.939e+06	5.835e+06	5.92e+06	
5.78975e+06	5.8785e+06	5.78275e+06	5.78025e+06	5.782e+06	
5.925e+06	5.97675e+06	5.82625e+06	5.791e+06	5.74875e+06	
5.85075e+06	5.8275e+06	5.81925e+06	5.73425e+06	5.7475e+06	
5.893e+06	5.9315e+06	5.881e+06	5.7675e+06	5.87525e+06	
5.9365e+06	5.94275e+06	5.74675e+06	5.801e+06	5.83175e+06	
5.956e+06	5.9145e+06	5.825e+06	5.835e+06	5.772e+06	
5.96925e+06	6.00775e+06	5.958e+06	5.94275e+06	5.8885e+06	
5.8905e+06	6.092e+06	5.85075e+06	5.85525e+06	5.883e+06	
6.2155e+06	6.213e+06	6.08825e+06	5.975e+06	6.05425e+06	
6.11725e+06	6.13175e+06	6.11475e+06	6.04725e+06	5.978e+06	
6.1815e+06	6.157e+06	6.0845e+06	6.04425e+06	6.09475e+06	
6.26475e+06	6.3195e+06	6.2365e+06	6.17475e+06	6.23325e+06	
6.2975e+06	6.25725e+06	6.25975e+06	6.11725e+06	6.15375e+06	
6.188e+06	6.18525e+06	6.20375e+06	6.1205e+06	6.1375e+06	
6.3405e+06	6.34475e+06	6.2345e+06	6.188e+06	6.123e+06	
6.30325e+06	6.29825e+06	6.2345e+06	6.18525e+06	6.14875e+06	
6.1935e+06	6.217e+06	6.12625e+06	6.05375e+06	5.96975e+06	
6.15825e+06	6.1445e+06	6.12925e+06	6.072e+06	6.002e+06	
6.15375e+06	6.2535e+06	6.087e+06	6e+06	6.0355e+06	
6.094e+06	6.0455e+06	6.089e+06	6.02275e+06	5.937e+06	
6.25775e+06	6.278e+06	6.1015e+06	6.0355e+06	6.079e+06	
6.27475e+06	6.23e+06	6.1445e+06	6.05625e+06	6.05625e+06	
6.29625e+06	6.414e+06	6.34975e+06	6.26225e+06	6.28375e+06	
6.2365e+06	6.22325e+06	6.20675e+06	6.18225e+06	6.16825e+06	
6.1935e+06	6.133e+06	6.10025e+06	6.12175e+06	6.04725e+06	
6.24775e+06	6.26025e+06	6.19475e+06	6.1495e+06	6.099e+06	
6.32725e+06	6.312e+06	6.3195e+06	6.268e+06	6.17475e+06	
6.39825e+06	6.45825e+06	6.372e+06	6.25275e+06	6.24975e+06	
6.37325e+06	6.4575e+06	6.3095e+06	6.2615e+06	6.2975e+06	
6.56725e+06	6.5535e+06	6.50425e+06	6.46075e+06	6.42225e+06	
6.5275e+06	6.559e+06	6.4835e+06	6.433e+06	6.41675e+06	
6.6025e+06	6.59e+06	6.445e+06	6.51625e+06	6.39775e+06	
6.4835e+06	6.5105e+06	6.4815e+06	6.3915e+06	6.42675e+06	
6.58175e+06	6.5495e+06	6.445e+06	6.50925e+06	6.41925e+06	
6.3725e+06	6.4185e+06	6.375e+06	6.25475e+06	6.20925e+06	
6.554e+06	6.52575e+06	6.45125e+06	6.43875e+06	6.3535e+06	
6.709e+06	6.656e+06	6.561e+06	6.55075e+06	6.52175e+06	
6.8545e+06	6.88725e+06	6.7165e+06	6.6535e+06	6.61575e+06	
7.0185e+06	7.0405e+06	6.9465e+06	6.82875e+06	6.89675e+06	
7.055e+06	7.18175e+06	6.93775e+06	6.9485e+06	6.903e+06	
7.036e+06	7.06e+06	6.912e+06	6.849e+06	6.903e+06	
6.922e+06	6.99375e+06	6.86475e+06	6.81925e+06	6.757e+06	
7.13375e+06	7.0115e+06	6.961e+06	6.94975e+06	7.043e+06	
7.2005e+06	7.1785e+06	6.9945e+06	6.95025e+06	7.00075e+06	
7.1835e+06	7.25525e+06	7.18675e+06	7.183e+06	7.116e+06	
7.44375e+06	7.46075e+06	7.35375e+06	7.288e+06	7.25475e+06	
7.36e+06	7.4135e+06	7.358e+06	7.3165e+06	7.36825e+06	
7.39525e+06	7.4525e+06	7.39075e+06	7.326e+06	7.239e+06	
7.39975e+06	7.452e+06	7.38525e+06	7.319e+06	7.27225e+06	
7.51375e+06	7.445e+06	7.35875e+06	7.34925e+06	7.2465e+06	
7.4645e+06	7.40525e+06	7.4135e+06	7.401e+06	7.326e+06	
7.491e+06	7.4495e+06	7.4155e+06	7.358e+06	7.297e+06	
7.752e+06	7.6895e+06	7.53775e+06	7.5445e+06	7.54525e+06	
7.83575e+06	7.80675e+06	7.78725e+06	7.70725e+06	7.68775e+06	
8.01775e+06	8.128e+06	7.95425e+06	7.948e+06	7.9295e+06	
8.089e+06	8.06575e+06	7.92575e+06	7.9195e+06	7.861e+06	
7.9825e+06	8.08525e+06	8.0215e+06	7.9775e+06	7.87175e+06	
8.1255e+06	8.103e+06	8.05e+06	7.92825e+06	7.91125e+06	
8.40925e+06	8.314e+06	8.32725e+06	8.17475e+06	8.1425e+06	
8.348e+06	8.40275e+06	8.28825e+06	8.1905e+06	8.14775e+06	
8.36825e+06	8.22825e+06	8.30575e+06	8.19675e+06	8.1345e+06	
8.5345e+06	8.54025e+06	8.43425e+06	8.42375e+06	8.34175e+06	
8.544e+06	8.5605e+06	8.5075e+06	8.42925e+06	8.307e+06	
8.464e+06	8.621e+06	8.4545e+06	8.401e+06	8.36625e+06	
8.63675e+06	8.59825e+06	8.5735e+06	8.43175e+06	8.462e+06	
8.71975e+06	8.87175e+06	8.71475e+06	8.66825e+06	8.672e+06	
8.83075e+06	8.89125e+06	8.74625e+06	8.813e+06	8.61075e+06	
8.87175e+06	8.94025e+06	8.84075e+06	8.7865e+06	8.67e+06	
8.8345e+06	8.88625e+06	8.7425e+06	8.6945e+06	8.6505e+06	
8.94225e+06	8.97175e+06	8.8465e+06	8.82825e+06	8.65925e+06	
8.96625e+06	8.8905e+06	8.8075e+06	8.72725e+06	8.75825e+06	
8.99275e+06	8.90075e+06	8.79175e+06	8.7405e+06	8.71475e+06	
8.84775e+06	8.86475e+06	8.781e+06	8.62775e+06	8.55025e+06	
9.0865e+06	9.00275e+06	8.902e+06	8.86275e+06	8.84075e+06	
8.91575e+06	8.917e+06	8.839e+06	8.689e+06	8.5755e+06	
8.71475e+06	8.6795e+06	8.56975e+06	8.48475e+06	8.4595e+06	
8.186e+06	8.1805e+06	8.1565e+06	7.96175e+06	8.045e+06	
7.8565e+06	7.859e+06	7.82825e+06	7.777e+06	7.7115e+06	
7.7985e+06	7.74375e+06	7.76775e+06	7.71525e+06	7.6265e+06	
8.02275e+06	8.103e+06	7.9945e+06	7.95975e+06	7.9045e+06	
8.63225e+06	8.48225e+06	8.488e+06	8.2485e+06	8.43e+06	
8.738e+06	8.7835e+06	8.66825e+06	8.60325e+06	8.6865e+06	
9.12425e+06	9.1585e+06	9.02675e+06	8.90825e+06	8.91325e+06	
9.239e+06	9.3865e+06	9.21325e+06	9.08775e+06	9.106e+06	
9.16225e+06	9.115e+06	9.11875e+06	9.0865e+06	8.96925e+06	
9.275e+06	9.22275e+06	9.169e+06	9.13875e+06	9.1565e+06	
9.58125e+06	9.527e+06	9.41675e+06	9.38525e+06	9.3185e+06	
9.7735e+06	9.71725e+06	9.55275e+06	9.58425e+06	9.51125e+06	
9.9695e+06	9.98125e+06	9.907e+06	9.76025e+06	9.7565e+06	
9.917e+06	9.94225e+06	9.8195e+06	9.7305e+06	9.7325e+06	
1.00272e+07	1.00785e+07	9.91275e+06	9.73e+06	9.77525e+06	
9.839e+06	9.93025e+06	9.71175e+06	9.68075e+06	9.60075e+06	
9.7955e+06	9.7155e+06	9.5755e+06	9.51825e+06	9.474e+06	
9.5655e+06	9.5705e+06	9.503e+06	9.37e+06	9.32925e+06	
9.64175e+06	9.6115e+06	9.42125e+06	9.33175e+06	9.28325e+06	
9.7735e+06	9.82825e+06	9.64925e+06	9.48725e+06	9.486e+06	
1.00122e+07	1.00525e+07	9.89575e+06	9.81575e+06	9.8175e+06	
1.0057e+07	9.929e+06	9.9285e+06	9.81125e+06	9.817e+06	
1.00998e+07	9.94975e+06	9.951e+06	9.8105e+06	9.728e+06	
1.01665e+07	1.00848e+07	1.01772e+07	9.97625e+06	9.84025e+06	
1.04055e+07	1.03848e+07	1.02662e+07	1.01288e+07	1.01685e+07	
1.05058e+07	1.05045e+07	1.0362e+07	1.02132e+07	1.0299e+07	
1.0425e+07	1.03758e+07	1.02095e+07	1.02505e+07	1.02228e+07	
1.044e+07	1.0287e+07	1.01652e+07	1.02498e+07	1.01962e+07	
1.0369e+07	1.04238e+07	1.0224e+07	1.02348e+07	1.0212e+07	
1.05548e+07	1.04942e+07	1.0503e+07	1.03438e+07	1.01742e+07	
1.0425e+07	1.05112e+07	1.03595e+07	1.02422e+07	1.0193e+07	
1.05635e+07	1.06248e+07	1.0524e+07	1.04482e+07	1.03198e+07	
1.05738e+07	1.07602e+07	1.04992e+07	1.03085e+07	1.02158e+07	
1.0534e+07	1.06135e+07	1.0425e+07	1.03272e+07	1.04068e+07	
1.03475e+07	1.02958e+07	1.03002e+07	1.0118e+07	1.01522e+07	
1.01982e+07	1.0265e+07	9.9965e+06	1.00135e+07	1.00305e+07	
1.02688e+07	1.02612e+07	1.01652e+07	1.00218e+07	1.00368e+07	
1.04602e+07	1.04375e+07	1.03072e+07	1.03072e+07	1.01652e+07	
1.0488e+07	1.0505e+07	1.03545e+07	1.0309e+07	1.0181e+07	
1.04138e+07	1.04005e+07	1.03222e+07	1.02008e+07	1.01672e+07	
1.03492e+07	1.034e+07	1.012e+07	1.02592e+07	1.00488e+07	
1.02032e+07	1.011e+07	1.00682e+07	9.95225e+06	9.9145e+06	
1.0101e+07	1.00508e+07	9.95225e+06	9.9235e+06	9.86175e+06	
1.00885e+07	1.01672e+07	9.91325e+06	9.85525e+06	9.9235e+06	
1.00248e+07	1.00822e+07	9.965e+06	9.87175e+06	9.81175e+06	
9.96875e+06	1.00582e+07	1.00015e+07	9.92475e+06	9.721e+06	
9.9675e+06	1.00835e+07	9.87225e+06	9.86475e+06	9.88375e+06	
1.01548e+07	1.02605e+07	1.01445e+07	1.00582e+07	1.0093e+07	
1.03248e+07	1.04155e+07	1.03078e+07	1.01755e+07	1.02435e+07	
1.0444e+07	1.057e+07	1.03085e+07	1.01925e+07	1.01345e+07	
1.03368e+07	1.04068e+07	1.03078e+07	1.01838e+07	1.00852e+07	
1.03122e+07	1.02125e+07	1.01838e+07	1.00388e+07	1.00002e+07	
1.02555e+07	1.04218e+07	1.02202e+07	1.02202e+07	1.0144e+07	
1.05132e+07	1.0498e+07	1.03638e+07	1.0294e+07	1.02638e+07	
1.07255e+07	1.06625e+07	1.04938e+07	1.05505e+07	1.04332e+07	
1.0769e+07	1.08515e+07	1.07292e+07	1.0624e+07	1.06518e+07	
1.08875e+07	1.0854e+07	1.06745e+07	1.06588e+07	1.0534e+07	
1.0921e+07	1.09348e+07	1.07885e+07	1.07445e+07	1.08138e+07	
1.07135e+07	1.0783e+07	1.06108e+07	1.05348e+07	1.04125e+07	
1.07842e+07	1.0662e+07	1.0561e+07	1.05555e+07	1.04805e+07	
1.04648e+07	1.06682e+07	1.05378e+07	1.04905e+07	1.0314e+07	
1.04888e+07	1.04942e+07	1.03532e+07	1.02758e+07	1.02738e+07	
1.04848e+07	1.03052e+07	1.0285e+07	1.01572e+07	1.0135e+07	
1.05228e+07	1.04175e+07	1.0365e+07	1.0287e+07	1.0168e+07	
1.07268e+07	1.08232e+07	1.06392e+07	1.0626e+07	1.06102e+07	
1.07785e+07	1.06625e+07	1.05882e+07	1.05675e+07	1.05082e+07	
1.0779e+07	1.07898e+07	1.0679e+07	1.0568e+07	1.059e+07	
1.0708e+07	1.07015e+07	1.06122e+07	1.04962e+07	1.04892e+07	
1.05932e+07	1.06405e+07	1.05108e+07	1.04375e+07	1.03782e+07	
1.05692e+07	1.05812e+07	1.04968e+07	1.03462e+07	1.0466e+07	
1.07238e+07	1.09012e+07	1.0723e+07	1.06045e+07	1.0551e+07	
1.09285e+07	1.10342e+07	1.08428e+07	1.07168e+07	1.0844e+07	
1.08132e+07	1.08528e+07	1.06632e+07	1.06898e+07	1.0631e+07	
1.08125e+07	1.08692e+07	1.06972e+07	1.05838e+07	1.05742e+07	
1.09252e+07	1.09e+07	1.07545e+07	1.06638e+07	1.06858e+07	
1.07168e+07	1.08108e+07	1.059e+07	1.05572e+07	1.04362e+07	
1.0505e+07	1.0544e+07	1.05378e+07	1.0437e+07	1.02612e+07	
1.06405e+07	1.06248e+07	1.05655e+07	1.04478e+07	1.02492e+07	
1.04432e+07	1.0517e+07	1.04072e+07	1.0294e+07	1.02422e+07	
1.0418e+07	1.0389e+07	1.0316e+07	1.0127e+07	1.0137e+07	
1.03915e+07	1.05195e+07	1.04295e+07	1.02038e+07	1.01042e+07	
1.0563e+07	1.0469e+07	1.0316e+07	1.03665e+07	1.01968e+07	
1.06438e+07	1.0614e+07	1.06172e+07	1.0425e+07	1.0411e+07	
1.06795e+07	1.06575e+07	1.05422e+07	1.05045e+07	1.0384e+07	
1.04665e+07	1.05162e+07	1.05162e+07	1.03865e+07	1.02378e+07	
9.99575e+06	1.0103e+07	9.88875e+06	9.975e+06	9.78925e+06	
9.677e+06	9.65425e+06	9.51325e+06	9.48675e+06	9.3795e+06	
9.377e+06	9.452e+06	9.287e+06	9.307e+06	9.275e+06	
9.55675e+06	9.5705e+06	9.41225e+06	9.377e+06	9.3215e+06	
9.73e+06	9.77225e+06	9.61975e+06	9.7275e+06	9.53975e+06	
9.71225e+06	9.7445e+06	9.51e+06	9.629e+06	9.46025e+06	
9.7395e+06	9.805e+06	9.7105e+06	9.61025e+06	9.61075e+06	
1.00495e+07	9.97875e+06	9.90775e+06	9.86225e+06	9.77275e+06	
1.01192e+07	1.01338e+07	1.01325e+07	9.98125e+06	9.946e+06	
1.04188e+07	1.04275e+07	1.02378e+07	1.02182e+07	1.0239e+07	
1.05775e+07	1.05472e+07	1.04312e+07	1.04768e+07	1.04162e+07	
1.0691e+07	1.06758e+07	1.0578e+07	1.04722e+07	1.04478e+07	
1.06342e+07	1.06268e+07	1.05402e+07	1.04308e+07	1.03985e+07	
1.08025e+07	1.0936e+07	1.0725e+07	1.05332e+07	1.06658e+07	
1.08502e+07	1.08962e+07	1.06688e+07	1.07122e+07	1.0483e+07	
1.09272e+07	1.1028e+07	1.08062e+07	1.07155e+07	1.0621e+07	
1.09322e+07	1.09625e+07	1.0805e+07	1.0742e+07	1.0624e+07	
1.0812e+07	1.0735e+07	1.06662e+07	1.05622e+07	1.05138e+07	
1.0829e+07	1.07872e+07	1.06845e+07	1.04955e+07	1.0515e+07	
1.07028e+07	1.06342e+07	1.06322e+07	1.04452e+07	1.04768e+07	
1.0846e+07	1.0851e+07	1.08925e+07	1.0667e+07	1.07345e+07	
1.1132e+07	1.11105e+07	1.10155e+07	1.10192e+07	1.09202e+07	
1.12612e+07	1.12328e+07	1.11755e+07	1.10532e+07	1.10565e+07	
1.12555e+07	1.13115e+07	1.11938e+07	1.11472e+07	1.10432e+07	
1.12945e+07	1.12958e+07	1.1287e+07	1.11295e+07	1.09688e+07	
1.1301e+07	1.1185e+07	1.11075e+07	1.11358e+07	1.1134e+07	
1.12612e+07	1.12302e+07	1.11735e+07	1.1028e+07	1.0892e+07	
1.1067e+07	1.10445e+07	1.08112e+07	1.0866e+07	1.08162e+07	
1.06248e+07	1.07848e+07	1.06015e+07	1.05188e+07	1.05725e+07	
1.02045e+07	1.02932e+07	1.01868e+07	1.00072e+07	1.00425e+07	
1.04458e+07	1.03878e+07	1.02428e+07	1.0139e+07	1.01188e+07	
1.05112e+07	1.05025e+07	1.04238e+07	1.02838e+07	1.0275e+07	
1.08668e+07	1.07962e+07	1.0585e+07	1.04868e+07	1.0604e+07	
1.09808e+07	1.09108e+07	1.07855e+07	1.07905e+07	1.08025e+07	
1.12928e+07	1.11932e+07	1.10998e+07	1.0943e+07	1.08862e+07	
1.1485e+07	1.13412e+07	1.13758e+07	1.11995e+07	1.10922e+07	
1.16715e+07	1.15625e+07	1.141e+07	1.1277e+07	1.13268e+07	
1.15352e+07	1.1505e+07	1.13002e+07	1.12008e+07	1.11925e+07	
1.14288e+07	1.1391e+07	1.12895e+07	1.13272e+07	1.1207e+07	
1.14622e+07	1.15058e+07	1.1347e+07	1.12095e+07	1.1258e+07	
1.16268e+07	1.16582e+07	1.1495e+07	1.13615e+07	1.1309e+07	
1.15485e+07	1.16438e+07	1.1459e+07	1.13752e+07	1.13582e+07	
1.16808e+07	1.17628e+07	1.15505e+07	1.13885e+07	1.14692e+07	
1.17055e+07	1.16702e+07	1.14345e+07	1.1524e+07	1.1374e+07	
1.1328e+07	1.1464e+07	1.12195e+07	1.11522e+07	1.1105e+07	
1.11365e+07	1.10852e+07	1.095e+07	1.09422e+07	1.08842e+07	
1.10155e+07	1.09448e+07	1.08622e+07	1.0779e+07	1.0764e+07	
1.10665e+07	1.09612e+07	1.09612e+07	1.08598e+07	1.07752e+07	
1.11395e+07	1.1185e+07	1.09512e+07	1.10172e+07	1.10342e+07	
1.11432e+07	1.1195e+07	1.11498e+07	1.0955e+07	1.095e+07	
1.11938e+07	1.119e+07	1.10955e+07	1.10035e+07	1.09065e+07	
1.12025e+07	1.12405e+07	1.10482e+07	1.10392e+07	1.10242e+07	
1.13255e+07	1.1396e+07	1.12522e+07	1.10682e+07	1.1161e+07	
1.14602e+07	1.15485e+07	1.13985e+07	1.12075e+07	1.12032e+07	
1.16272e+07	1.14692e+07	1.15335e+07	1.13852e+07	1.12505e+07	
1.14988e+07	1.1507e+07	1.14535e+07	1.1265e+07	1.12708e+07	
1.14075e+07	1.141e+07	1.13135e+07	1.11212e+07	1.11162e+07	
1.1103e+07	1.12215e+07	1.1161e+07	1.09845e+07	1.0924e+07	
1.1173e+07	1.127e+07	1.11408e+07	1.09738e+07	1.0873e+07	
1.1098e+07	1.1253e+07	1.10432e+07	1.09202e+07	1.09422e+07	
1.13628e+07	1.1272e+07	1.11395e+07	1.10538e+07	1.09928e+07	
1.12082e+07	1.13052e+07	1.1125e+07	1.10715e+07	1.11042e+07	
1.13135e+07	1.13375e+07	1.11382e+07	1.09355e+07	1.1064e+07	
1.1255e+07	1.12795e+07	1.12932e+07	1.11478e+07	1.09915e+07	
1.1234e+07	1.1251e+07	1.11622e+07	1.11328e+07	1.10325e+07	
1.1161e+07	1.11498e+07	1.10495e+07	1.08618e+07	1.08775e+07	
1.08742e+07	1.0967e+07	1.07648e+07	1.07532e+07	1.0791e+07	
1.08378e+07	1.08358e+07	1.06948e+07	1.05982e+07	1.05e+07	
1.07238e+07	1.06658e+07	1.06488e+07	1.05162e+07	1.0563e+07	
1.08005e+07	1.06778e+07	1.06372e+07	1.05252e+07	1.0493e+07	
1.0909e+07	1.08642e+07	1.0733e+07	1.06708e+07	1.06372e+07	
1.09832e+07	1.1113e+07	1.08428e+07	1.072e+07	1.07805e+07	
1.09348e+07	1.09152e+07	1.07905e+07	1.08225e+07	1.05605e+07	
1.09638e+07	1.10118e+07	1.08138e+07	1.0662e+07	1.07042e+07	
1.10262e+07	1.10778e+07	1.08812e+07	1.07648e+07	1.08448e+07	
1.0924e+07	1.10412e+07	1.0759e+07	1.0757e+07	1.0682e+07	
1.10558e+07	1.10578e+07	1.10002e+07	1.08535e+07	1.07565e+07	
1.11018e+07	1.11275e+07	1.09658e+07	1.082e+07	1.09952e+07	
1.11175e+07	1.1125e+07	1.10375e+07	1.08132e+07	1.08162e+07	
1.0921e+07	1.10462e+07	1.0909e+07	1.08605e+07	1.07408e+07	
1.1234e+07	1.11478e+07	1.10722e+07	1.09928e+07	1.089e+07	
1.12518e+07	1.1205e+07	1.1113e+07	1.09518e+07	1.10142e+07	
1.10368e+07	1.11075e+07	1.0975e+07	1.08062e+07	1.07868e+07	
1.09588e+07	1.11328e+07	1.09645e+07	1.09252e+07	1.0832e+07	
1.1076e+07	1.10985e+07	1.0938e+07	1.07848e+07	1.07628e+07	
1.10185e+07	1.10142e+07	1.09662e+07	1.08598e+07	1.08265e+07	
1.10048e+07	1.10155e+07	1.09858e+07	1.0817e+07	1.08062e+07	
1.09298e+07	1.08265e+07	1.07678e+07	1.06948e+07	1.05908e+07	
1.0699e+07	1.07318e+07	1.06758e+07	1.04988e+07	1.05415e+07	
1.09418e+07	1.07148e+07	1.06802e+07	1.0505e+07	1.0551e+07	
1.0844e+07	1.08755e+07	1.06082e+07	1.07292e+07	1.06355e+07	
1.09658e+07	1.09708e+07	1.08138e+07	1.0728e+07	1.0691e+07	
1.09418e+07	1.09152e+07	1.0822e+07	1.06505e+07	1.06978e+07	
1.10898e+07	1.10205e+07	1.0883e+07	1.0774e+07	1.0783e+07	
1.09758e+07	1.08332e+07	1.08068e+07	1.08352e+07	1.06542e+07	
1.104e+07	1.08365e+07	1.0936e+07	1.07785e+07	1.0713e+07	
1.09435e+07	1.09285e+07	1.07955e+07	1.08055e+07	1.06902e+07	
1.0875e+07	1.09512e+07	1.06398e+07	1.07445e+07	1.0687e+07	
1.08692e+07	1.0909e+07	1.0742e+07	1.0636e+07	1.0517e+07	
1.09435e+07	1.09418e+07	1.08088e+07	1.06865e+07	1.06948e+07	
1.0977e+07	1.1079e+07	1.0912e+07	1.07325e+07	1.06505e+07	
1.09222e+07	1.08515e+07	1.0822e+07	1.07578e+07	1.073e+07	
1.08062e+07	1.07672e+07	1.0701e+07	1.06952e+07	1.0735e+07	
1.08585e+07	1.08672e+07	1.07068e+07	1.0563e+07	1.0718e+07	
1.08705e+07	1.08295e+07	1.06252e+07	1.0587e+07	1.0541e+07	
1.09012e+07	1.0873e+07	1.07275e+07	1.06922e+07	1.06638e+07	
1.10085e+07	1.09542e+07	1.07608e+07	1.06342e+07	1.0662e+07	
1.09405e+07	1.09815e+07	1.08465e+07	1.07528e+07	1.07905e+07	
1.10552e+07	1.09775e+07	1.0892e+07	1.0858e+07	1.06845e+07	
1.10822e+07	1.1047e+07	1.0897e+07	1.0909e+07	1.07955e+07	
1.10488e+07	1.10368e+07	1.08295e+07	1.08435e+07	1.07345e+07	
1.07395e+07	1.08448e+07	1.07578e+07	1.06002e+07	1.04768e+07	
1.09588e+07	1.0897e+07	1.08282e+07	1.07325e+07	1.06455e+07	
1.0764e+07	1.0716e+07	1.07098e+07	1.04218e+07	1.05435e+07	
1.05555e+07	1.0592e+07	1.03645e+07	1.03558e+07	1.03355e+07	
1.05415e+07	1.0544e+07	1.0515e+07	1.03205e+07	1.0282e+07	
1.05e+07	1.05792e+07	1.04602e+07	1.03702e+07	1.04155e+07	
1.05328e+07	1.04955e+07	1.04338e+07	1.02812e+07	1.02982e+07	
1.04748e+07	1.05895e+07	1.0362e+07	1.036e+07	1.04085e+07	
1.02932e+07	1.0362e+07	1.02232e+07	1.00665e+07	1.01042e+07	
1.03782e+07	1.0227e+07	1.02228e+07	1.01155e+07	1.0047e+07	
1.0369e+07	1.02838e+07	1.01692e+07	1.00015e+07	1.00732e+07	
1.02492e+07	1.02902e+07	1.02252e+07	1.0115e+07	1.00802e+07	
1.0379e+07	1.03985e+07	1.0265e+07	1.012e+07	1.01105e+07	
1.04835e+07	1.05485e+07	1.03822e+07	1.02845e+07	1.02782e+07	
1.06385e+07	1.05858e+07	1.03952e+07	1.0377e+07	1.02712e+07	
1.07255e+07	1.0803e+07	1.04848e+07	1.04338e+07	1.03638e+07	
1.05448e+07	1.06082e+07	1.05542e+07	1.02978e+07	1.03242e+07	
1.04962e+07	1.05265e+07	1.03122e+07	1.03115e+07	1.03305e+07	
1.0517e+07	1.05825e+07	1.03948e+07	1.03835e+07	1.01722e+07	
1.05555e+07	1.05518e+07	1.0386e+07	1.02862e+07	1.02738e+07	
1.0595e+07	1.06568e+07	1.04872e+07	1.04068e+07	1.0331e+07	
1.07042e+07	1.06612e+07	1.0546e+07	1.03362e+07	1.03292e+07	
1.0662e+07	1.06568e+07	1.04992e+07	1.03682e+07	1.03045e+07	
1.05505e+07	1.0587e+07	1.04238e+07	1.03512e+07	1.03072e+07	
1.05302e+07	1.0522e+07	1.04735e+07	1.0367e+07	1.03545e+07	
1.04925e+07	1.05208e+07	1.04345e+07	1.03085e+07	1.02832e+07	
1.04432e+07	1.04698e+07	1.03065e+07	1.03902e+07	1.0241e+07	
1.0411e+07	1.04452e+07	1.02958e+07	1.01988e+07	1.01238e+07	
1.0326e+07	1.03808e+07	1.02668e+07	1.02568e+07	1.0154e+07	
1.01408e+07	1.02808e+07	1.02585e+07	1.00192e+07	1.00798e+07	
1.03085e+07	1.03028e+07	1.0273e+07	1.0161e+07	1.00802e+07	
1.04565e+07	1.03625e+07	1.0212e+07	1.01842e+07	1.01705e+07	
1.0457e+07	1.05045e+07	1.03148e+07	1.02928e+07	1.02858e+07	
1.04532e+07	1.0529e+07	1.03342e+07	1.0304e+07	1.03172e+07	
1.059e+07	1.05655e+07	1.03028e+07	1.0348e+07	1.01465e+07	
1.03348e+07	1.03715e+07	1.03248e+07	1.01718e+07	1.00582e+07	
1.0287e+07	1.01742e+07	1.02062e+07	1.01042e+07	1.01035e+07	
1.03298e+07	1.02795e+07	1.01718e+07	1.00375e+07	1.01055e+07	
1.02485e+07	1.03442e+07	1.02095e+07	1.01652e+07	1.00745e+07	
1.01862e+07	1.01535e+07	1.00992e+07	1.01068e+07	1.01508e+07	
1.0241e+07	1.02215e+07	1.01048e+07	1.0122e+07	1.00615e+07	
1.01768e+07	1.01938e+07	1.01075e+07	1.00172e+07	9.99575e+06	
1.01125e+07	1.00582e+07	9.95675e+06	9.815e+06	9.80125e+06	
1.00405e+07	1.00785e+07	9.9025e+06	9.708e+06	9.7445e+06	
9.936e+06	1.0023e+07	1.00312e+07	9.87875e+06	9.76825e+06	
1.01312e+07	1.01565e+07	1.01162e+07	1.00085e+07	1.00248e+07	
1.02252e+07	1.02875e+07	9.955e+06	1.00015e+07	9.99825e+06	
1.0314e+07	1.02858e+07	1.0227e+07	1.01212e+07	1.00325e+07	
1.02542e+07	1.0292e+07	1.01282e+07	1.01282e+07	1.0018e+07	
1.03682e+07	1.0471e+07	1.03525e+07	1.0154e+07	1.0103e+07	
1.04848e+07	1.03198e+07	1.02642e+07	1.0103e+07	1.01312e+07	
1.04295e+07	1.03638e+07	1.02758e+07	1.01288e+07	1.00562e+07	
1.02978e+07	1.034e+07	1.0185e+07	1.01068e+07	1.0193e+07	
1.01768e+07	1.03065e+07	1.0067e+07	1.0125e+07	9.96675e+06	
1.02518e+07	1.01892e+07	1.01415e+07	1.005e+07	1.0009e+07	
1.01005e+07	1.00798e+07	1.0009e+07	9.7935e+06	9.7565e+06	
1.00512e+07	1.01585e+07	9.90775e+06	9.87475e+06	9.94175e+06	
1.00172e+07	1.00255e+07	1.00135e+07	9.8345e+06	9.781e+06	
1.01395e+07	1.01075e+07	9.99775e+06	9.951e+06	9.8275e+06	
1.01175e+07	1.01105e+07	9.90775e+06	9.83275e+06	9.926e+06	
1.00885e+07	1.00015e+07	9.9865e+06	9.846e+06	9.75775e+06	
9.99075e+06	1.00342e+07	9.846e+06	9.7565e+06	9.7495e+06	
1.00558e+07	9.99325e+06	9.89375e+06	9.84325e+06	9.77775e+06	
9.972e+06	9.92975e+06	9.71725e+06	9.733e+06	9.6915e+06	
9.92225e+06	9.91075e+06	9.76775e+06	9.699e+06	9.5755e+06	
9.82825e+06	9.90825e+06	9.679e+06	9.5995e+06	9.694e+06	
9.8485e+06	9.77725e+06	9.7395e+06	9.5825e+06	9.57425e+06	
9.929e+06	9.86225e+06	9.73425e+06	9.6965e+06	9.72925e+06	
9.82375e+06	9.99075e+06	9.76325e+06	9.70225e+06	9.679e+06	
9.97575e+06	9.917e+06	9.74825e+06	9.631e+06	9.621e+06	
9.83025e+06	9.9435e+06	9.85525e+06	9.77275e+06	9.67125e+06	
9.92475e+06	9.83275e+06	9.8855e+06	9.7425e+06	9.71975e+06	
9.951e+06	9.977e+06	9.8805e+06	9.742e+06	9.77725e+06	
9.9795e+06	9.9945e+06	9.7855e+06	9.8025e+06	9.733e+06	
9.93275e+06	9.98575e+06	9.856e+06	9.7305e+06	9.738e+06	
9.9825e+06	9.955e+06	9.87675e+06	9.74325e+06	9.757e+06	
1.00248e+07	1.01415e+07	9.95225e+06	9.8175e+06	9.7445e+06	
9.91075e+06	9.92725e+06	9.81e+06	9.849e+06	9.684e+06	
9.94475e+06	9.9675e+06	9.95625e+06	9.78225e+06	9.84725e+06	
9.86475e+06	9.85475e+06	9.892e+06	9.7325e+06	9.76275e+06	
9.9215e+06	9.9655e+06	9.81575e+06	9.803e+06	9.694e+06	
9.90825e+06	9.98075e+06	9.85725e+06	9.72425e+06	9.68775e+06	
9.84275e+06	9.7955e+06	9.71175e+06	9.6845e+06	9.5755e+06	
9.832e+06	9.69075e+06	9.563e+06	9.46975e+06	9.401e+06	
9.609e+06	9.71975e+06	9.556e+06	9.4205e+06	9.37e+06	
9.626e+06	9.5685e+06	9.4155e+06	9.4545e+06	9.418e+06	
9.554e+06	9.55475e+06	9.4515e+06	9.35125e+06	9.2925e+06	
9.54025e+06	9.452e+06	9.4635e+06	9.35125e+06	9.25925e+06	
9.643e+06	9.57875e+06	9.4685e+06	9.37775e+06	9.362e+06	
9.583e+06	9.64875e+06	9.44325e+06	9.35825e+06	9.3935e+06	
9.46475e+06	9.573e+06	9.3745e+06	9.3815e+06	9.29e+06	
9.435e+06	9.435e+06	9.4275e+06	9.29325e+06	9.2485e+06	
9.26425e+06	9.278e+06	9.13375e+06	9.123e+06	9.0935e+06	
9.1085e+06	8.99825e+06	8.86275e+06	8.796e+06	8.876e+06	
8.69075e+06	8.827e+06	8.65875e+06	8.713e+06	8.5415e+06	
8.53575e+06	8.6115e+06	8.493e+06	8.377e+06	8.35875e+06	
8.435e+06	8.44625e+06	8.3215e+06	8.20675e+06	8.26225e+06	
8.5175e+06	8.5295e+06	8.48475e+06	8.3865e+06	8.40025e+06	
8.50625e+06	8.56225e+06	8.54475e+06	8.39525e+06	8.4545e+06	
8.69325e+06	8.71725e+06	8.57875e+06	8.549e+06	8.4595e+06	
8.83125e+06	8.77325e+06	8.72425e+06	8.525e+06	8.55475e+06	
8.89825e+06	8.82575e+06	8.7835e+06	8.72725e+06	8.6745e+06	
8.95175e+06	8.77275e+06	8.76025e+06	8.6455e+06	8.6575e+06	
8.83525e+06	8.8785e+06	8.74375e+06	8.655e+06	8.59625e+06	
8.86475e+06	8.84025e+06	8.8125e+06	8.6525e+06	8.64175e+06	
8.83525e+06	8.83125e+06	8.6695e+06	8.59125e+06	8.6555e+06	
8.9265e+06	8.96875e+06	8.8125e+06	8.73925e+06	8.63475e+06	
8.88425e+06	8.9195e+06	8.79475e+06	8.64175e+06	8.6385e+06	
8.8635e+06	8.88175e+06	8.726e+06	8.6145e+06	8.544e+06	
8.77775e+06	8.74e+06	8.658e+06	8.583e+06	8.534e+06	
8.79925e+06	8.83375e+06	8.63725e+06	8.59825e+06	8.5245e+06	
8.78475e+06	8.79425e+06	8.59875e+06	8.585e+06	8.45825e+06	
8.64975e+06	8.6095e+06	8.595e+06	8.486e+06	8.4425e+06	
8.883e+06	8.738e+06	8.537e+06	8.54775e+06	8.51375e+06	
8.6915e+06	8.81375e+06	8.70475e+06	8.5635e+06	8.51625e+06	
8.67325e+06	8.81125e+06	8.75075e+06	8.5345e+06	8.493e+06	
8.71725e+06	8.69725e+06	8.6095e+06	8.6025e+06	8.40675e+06	
8.7985e+06	8.7545e+06	8.71975e+06	8.56925e+06	8.6235e+06	
8.77525e+06	8.776e+06	8.6985e+06	8.5195e+06	8.49475e+06	
8.71225e+06	8.8035e+06	8.52375e+06	8.47225e+06	8.433e+06	
8.54075e+06	8.65125e+06	8.51e+06	8.45e+06	8.40025e+06	
8.66875e+06	8.71425e+06	8.607e+06	8.4565e+06	8.4905e+06	
8.52e+06	8.6555e+06	8.57675e+06	8.5465e+06	8.36325e+06	
8.61325e+06	8.67375e+06	8.49175e+06	8.45e+06	8.38325e+06	
8.6915e+06	8.68525e+06	8.607e+06	8.4615e+06	8.437e+06	
8.6385e+06	8.6745e+06	8.493e+06	8.41175e+06	8.51e+06	
8.6315e+06	8.54725e+06	8.53775e+06	8.45275e+06	8.544e+06	
8.648e+06	8.629e+06	8.56675e+06	8.5075e+06	8.3405e+06	
8.58e+06	8.62025e+06	8.503e+06	8.40925e+06	8.4475e+06	
8.54975e+06	8.5075e+06	8.39275e+06	8.309e+06	8.3355e+06	
8.5245e+06	8.57175e+06	8.36625e+06	8.35425e+06	8.32525e+06	
8.4205e+06	8.469e+06	8.45775e+06	8.4205e+06	8.39025e+06	
8.421e+06	8.50375e+06	8.37125e+06	8.3505e+06	8.27375e+06	
8.38825e+06	8.517e+06	8.35125e+06	8.237e+06	8.26175e+06	
8.53075e+06	8.39225e+06	8.38275e+06	8.3435e+06	8.27125e+06	
8.5585e+06	8.63475e+06	8.42625e+06	8.3575e+06	8.416e+06	
8.64475e+06	8.67575e+06	8.481e+06	8.47725e+06	8.46575e+06	
8.63025e+06	8.5995e+06	8.54975e+06	8.38075e+06	8.50375e+06	
8.648e+06	8.65925e+06	8.61525e+06	8.45e+06	8.35375e+06	
8.59325e+06	8.67125e+06	8.51125e+06	8.44e+06	8.36625e+06	
8.631e+06	8.665e+06	8.5395e+06	8.4355e+06	8.4715e+06	
8.6095e+06	8.6265e+06	8.4835e+06	8.377e+06	8.379e+06	
8.65175e+06	8.63225e+06	8.5245e+06	8.498e+06	8.394e+06	
8.54725e+06	8.51e+06	8.49425e+06	8.34225e+06	8.4665e+06	
8.49425e+06	8.54975e+06	8.4355e+06	8.341e+06	8.295e+06	
8.575e+06	8.58425e+06	8.47775e+06	8.25425e+06	8.3405e+06	
8.51125e+06	8.5175e+06	8.4305e+06	8.3725e+06	8.37325e+06	
8.5465e+06	8.53275e+06	8.3745e+06	8.30575e+06	8.3015e+06	
8.517e+06	8.48025e+06	8.35925e+06	8.38775e+06	8.18175e+06	
8.41975e+06	8.425e+06	8.37775e+06	8.3065e+06	8.20825e+06	
8.3745e+06	8.53275e+06	8.33725e+06	8.28175e+06	8.20425e+06	
8.447e+06	8.41975e+06	8.31325e+06	8.2415e+06	8.1615e+06	
8.35e+06	8.3065e+06	8.18225e+06	8.237e+06	8.14325e+06	
8.285e+06	8.39275e+06	8.307e+06	8.18725e+06	8.1425e+06	
8.375e+06	8.3865e+06	8.29075e+06	8.17725e+06	8.1395e+06	
8.27175e+06	8.2825e+06	8.181e+06	8.2075e+06	8.11625e+06	
8.29875e+06	8.331e+06	8.2535e+06	8.137e+06	8.17525e+06	
8.24275e+06	8.186e+06	8.16525e+06	8.0355e+06	8.06625e+06	
8.275e+06	8.2995e+06	8.23025e+06	8.17525e+06	8.1635e+06	
8.28825e+06	8.3065e+06	8.23975e+06	8.12e+06	8.02925e+06	
8.331e+06	8.266e+06	8.171e+06	8.03175e+06	8.0695e+06	
8.2705e+06	8.2055e+06	8.19625e+06	8.1085e+06	7.953e+06	
8.319e+06	8.2895e+06	8.1635e+06	8.174e+06	8.08075e+06	
8.169e+06	8.14575e+06	8.1035e+06	8.1055e+06	8.1055e+06	
8.222e+06	8.2075e+06	8.1465e+06	7.96175e+06	7.97425e+06	
8.04925e+06	8.2e+06	8.09775e+06	7.992e+06	7.929e+06	
8.0985e+06	8.11425e+06	8.05e+06	7.9675e+06	8.0215e+06	
8.10175e+06	8.07775e+06	7.85975e+06	7.85775e+06	7.83e+06	
8.07575e+06	8.13825e+06	8.06825e+06	7.9365e+06	7.939e+06	
8.111e+06	8.0695e+06	8.04675e+06	8.02225e+06	7.905e+06	
8.065e+06	8.15275e+06	8.08275e+06	7.94925e+06	7.861e+06	
7.96625e+06	8.0355e+06	7.90875e+06	7.8705e+06	7.80925e+06	
7.946e+06	7.9845e+06	7.893e+06	7.7815e+06	7.75875e+06	
7.888e+06	7.77275e+06	7.71025e+06	7.66925e+06	7.64425e+06	
7.85275e+06	7.8205e+06	7.764e+06	7.63275e+06	7.62325e+06	
7.784e+06	7.852e+06	7.7625e+06	7.726e+06	7.6705e+06	
7.87475e+06	7.869e+06	7.7955e+06	7.70075e+06	7.60575e+06	
7.95175e+06	8.011e+06	7.847e+06	7.8325e+06	7.743e+06	
8.00575e+06	7.98075e+06	7.898e+06	7.803e+06	7.7625e+06	
7.91775e+06	8.0135e+06	7.81875e+06	7.7645e+06	7.7475e+06	
7.87925e+06	7.9625e+06	7.74625e+06	7.77325e+06	7.66e+06	
8.00775e+06	7.9675e+06	7.79675e+06	7.9145e+06	7.808e+06	
8.03725e+06	7.951e+06	7.8705e+06	7.7815e+06	7.77075e+06	
8.0115e+06	7.9335e+06	7.98075e+06	7.80675e+06	7.76125e+06	
7.9775e+06	7.994e+06	7.965e+06	7.81175e+06	7.80425e+06	
7.97625e+06	8.0215e+06	7.87925e+06	7.80725e+06	7.83e+06	
7.98125e+06	8.06075e+06	7.95725e+06	7.8615e+06	7.87975e+06	
8.01225e+06	8.00325e+06	7.9365e+06	7.8665e+06	7.7885e+06	
7.96425e+06	7.86725e+06	7.82875e+06	7.65225e+06	7.6385e+06	
7.946e+06	7.915e+06	7.79975e+06	7.714e+06	7.709e+06	
7.75625e+06	7.76125e+06	7.75575e+06	7.7375e+06	7.65925e+06	
7.85325e+06	7.864e+06	7.77975e+06	7.71525e+06	7.57925e+06	
7.7765e+06	7.72925e+06	7.764e+06	7.59575e+06	7.5755e+06	
7.79425e+06	7.77575e+06	7.69525e+06	7.6385e+06	7.51675e+06	
7.70075e+06	7.6535e+06	7.6945e+06	7.63275e+06	7.5785e+06	
7.704e+06	7.68125e+06	7.64975e+06	7.54075e+06	7.5685e+06	
7.6115e+06	7.6095e+06	7.50675e+06	7.365e+06	7.418e+06	
7.64725e+06	7.605e+06	7.49975e+06	7.3895e+06	7.382e+06	
7.5565e+06	7.58675e+06	7.45075e+06	7.31775e+06	7.321e+06	
7.49725e+06	7.55475e+06	7.51825e+06	7.38e+06	7.36825e+06	
7.4275e+06	7.4375e+06	7.447e+06	7.30525e+06	7.28e+06	
7.4955e+06	7.54025e+06	7.38775e+06	7.375e+06	7.283e+06	
7.45325e+06	7.43675e+06	7.39725e+06	7.3025e+06	7.35675e+06	
7.5125e+06	7.4445e+06	7.433e+06	7.38275e+06	7.27375e+06	
7.55225e+06	7.491e+06	7.37075e+06	7.26925e+06	7.2515e+06	
7.4615e+06	7.401e+06	7.3215e+06	7.30575e+06	7.215e+06	
7.271e+06	7.3025e+06	7.1975e+06	7.22e+06	7.08325e+06	
7.24275e+06	7.27375e+06	7.106e+06	7.133e+06	6.9925e+06	
7.2685e+06	7.26225e+06	7.18225e+06	7.11425e+06	7.08975e+06	
7.176e+06	7.171e+06	7.07e+06	7.05625e+06	7.0185e+06	
7.22775e+06	7.176e+06	7.067e+06	7.02775e+06	7.0745e+06	
7.22075e+06	7.331e+06	7.1765e+06	7.08325e+06	7.002e+06	
7.174e+06	7.2535e+06	7.03975e+06	6.9945e+06	7.02475e+06	
7.13e+06	7.1495e+06	7.06075e+06	6.99125e+06	6.932e+06	
7.15325e+06	7.1835e+06	7.03475e+06	7.0215e+06	7.014e+06	
7.2485e+06	7.19475e+06	7.0845e+06	7.041e+06	6.9825e+06	
7.048e+06	7.0405e+06	6.88475e+06	6.86975e+06	6.95425e+06	
7.14075e+06	7.09725e+06	7.06875e+06	6.93775e+06	6.953e+06	
7.02775e+06	6.96875e+06	6.91e+06	6.82125e+06	6.9125e+06	
6.9705e+06	7.10025e+06	6.958e+06	6.927e+06	6.8275e+06	
7.00025e+06	6.927e+06	6.8955e+06	6.854e+06	6.852e+06	
7.142e+06	7.079e+06	7.01025e+06	6.92825e+06	6.93275e+06	
7.1205e+06	7.12125e+06	6.999e+06	6.95725e+06	6.975e+06	
7.03475e+06	6.912e+06	6.85775e+06	6.80425e+06	6.79725e+06	
6.94725e+06	7.02975e+06	6.8955e+06	6.82675e+06	6.82125e+06	
6.958e+06	6.94525e+06	6.8665e+06	6.8395e+06	6.7835e+06	
7.06825e+06	6.96475e+06	6.81925e+06	6.8425e+06	6.796e+06	
7.01075e+06	6.8885e+06	6.9435e+06	6.96675e+06	6.7865e+06	
6.92e+06	7.0045e+06	6.89175e+06	6.743e+06	6.83375e+06	
6.934e+06	6.95925e+06	6.74175e+06	6.79975e+06	6.7085e+06	
6.9145e+06	6.8855e+06	6.7865e+06	6.6915e+06	6.73875e+06	
6.823e+06	6.847e+06	6.83875e+06	6.67875e+06	6.8005e+06	
6.86275e+06	6.85575e+06	6.82375e+06	6.70325e+06	6.70275e+06	
6.85775e+06	6.84325e+06	6.71475e+06	6.72725e+06	6.67425e+06	
6.7865e+06	6.79275e+06	6.7015e+06	6.71775e+06	6.67e+06	
6.94275e+06	6.917e+06	6.7985e+06	6.71025e+06	6.7505e+06	
6.78275e+06	6.849e+06	6.76125e+06	6.71775e+06	6.66925e+06	
6.7935e+06	6.915e+06	6.76e+06	6.723e+06	6.6125e+06	
6.8715e+06	6.8685e+06	6.7675e+06	6.74125e+06	6.68825e+06	
6.86525e+06	6.78525e+06	6.65975e+06	6.716e+06	6.61e+06	
6.77575e+06	6.74375e+06	6.6655e+06	6.61125e+06	6.508e+06	
6.71725e+06	6.74625e+06	6.62825e+06	6.566e+06	6.61375e+06	
6.6075e+06	6.63975e+06	6.55975e+06	6.53575e+06	6.50725e+06	
6.65425e+06	6.64025e+06	6.61125e+06	6.539e+06	6.50225e+06	
6.59675e+06	6.59e+06	6.5295e+06	6.49975e+06	6.443e+06	
6.585e+06	6.54775e+06	6.48725e+06	6.40225e+06	6.4035e+06	
6.53075e+06	6.47075e+06	6.46075e+06	6.411e+06	6.4375e+06	
6.549e+06	6.4525e+06	6.39775e+06	6.3795e+06	6.4065e+06	
6.45875e+06	6.49975e+06	6.51425e+06	6.33775e+06	6.40025e+06	
6.42975e+06	6.5275e+06	6.452e+06	6.34475e+06	6.35425e+06	
6.43675e+06	6.46325e+06	6.3385e+06	6.271e+06	6.346e+06	
6.51175e+06	6.484e+06	6.3605e+06	6.42425e+06	6.372e+06	
6.4575e+06	6.46525e+06	6.39075e+06	6.34925e+06	6.3285e+06	
6.46075e+06	6.3825e+06	6.3865e+06	6.26675e+06	6.29e+06	
6.44e+06	6.462e+06	6.41525e+06	6.27475e+06	6.276e+06	
6.355e+06	6.40725e+06	6.3195e+06	6.23825e+06	6.3045e+06	
6.375e+06	6.37e+06	6.302e+06	6.1305e+06	6.1185e+06	
6.33275e+06	6.37575e+06	6.25775e+06	6.208e+06	6.18475e+06	
6.3165e+06	6.2925e+06	6.22125e+06	6.1765e+06	6.17975e+06	
6.266e+06	6.1985e+06	6.11975e+06	6.05125e+06	6.077e+06	
6.1905e+06	6.242e+06	6.15125e+06	6.00125e+06	6.029e+06	
6.16775e+06	6.106e+06	6.087e+06	6.0795e+06	6.04225e+06	
6.11675e+06	6.1545e+06	5.987e+06	5.95475e+06	5.949e+06	
6.07575e+06	6.0775e+06	6.00125e+06	5.9945e+06	5.997e+06	
6.07825e+06	6.048e+06	6.009e+06	5.8785e+06	5.9195e+06	
5.9875e+06	6.036e+06	5.90625e+06	5.83875e+06	5.903e+06	
5.99e+06	5.983e+06	5.874e+06	5.87525e+06	5.89675e+06	
5.925e+06	5.90625e+06	5.88425e+06	5.8395e+06	5.811e+06	
5.87975e+06	5.93075e+06	5.89425e+06	5.845e+06	5.79225e+06	
5.852e+06	5.92125e+06	5.8225e+06	5.772e+06	5.73225e+06	
5.75125e+06	5.8345e+06	5.7455e+06	5.67675e+06	5.704e+06	
5.75625e+06	5.79775e+06	5.745e+06	5.6435e+06	5.70825e+06	
5.891e+06	5.83875e+06	5.78025e+06	5.70825e+06	5.7185e+06	
5.86725e+06	5.8665e+06	5.736e+06	5.72025e+06	5.733e+06	
5.88225e+06	5.86275e+06	5.82625e+06	5.748e+06	5.69125e+06	
5.881e+06	5.86975e+06	5.731e+06	5.81875e+06	5.77575e+06	
5.8205e+06	5.854e+06	5.73675e+06	5.63725e+06	5.736e+06	
5.83625e+06	5.86975e+06	5.8425e+06	5.69075e+06	5.6945e+06	
5.794e+06	5.8545e+06	5.80275e+06	5.70325e+06	5.71075e+06	
5.876e+06	5.82875e+06	5.84325e+06	5.73725e+06	5.73175e+06	
5.8565e+06	5.79525e+06	5.731e+06	5.6845e+06	5.72475e+06	
5.78325e+06	5.86475e+06	5.796e+06	5.71975e+06	5.697e+06	
5.83825e+06	5.7815e+06	5.77325e+06	5.62525e+06	5.719e+06	
5.76625e+06	5.736e+06	5.77075e+06	5.67675e+06	5.6845e+06	
5.69125e+06	5.79525e+06	5.627e+06	5.68e+06	5.6295e+06	
5.71725e+06	5.719e+06	5.59875e+06	5.59925e+06	5.5515e+06	
5.71475e+06	5.6125e+06	5.5925e+06	5.47075e+06	5.43925e+06	
5.549e+06	5.537e+06	5.39325e+06	5.34025e+06	5.3825e+06	
5.3075e+06	5.29875e+06	5.28875e+06	5.1985e+06	5.2855e+06	
5.128e+06	5.18475e+06	5.06425e+06	4.99875e+06	5.038e+06	
4.934e+06	5.026e+06	4.92e+06	4.8855e+06	4.91425e+06	
4.9365e+06	5.014e+06	4.97875e+06	4.95475e+06	4.95025e+06	
5.058e+06	5.0845e+06	5.09075e+06	4.98875e+06	4.94075e+06	
5.20425e+06	5.17075e+06	5.11675e+06	5.1035e+06	5.051e+06	
5.256e+06	5.2325e+06	5.264e+06	5.19975e+06	5.17525e+06	
5.4335e+06	5.41025e+06	5.33975e+06	5.31075e+06	5.25075e+06	
5.44375e+06	5.423e+06	5.31825e+06	5.3365e+06	5.2905e+06	
5.46125e+06	5.45825e+06	5.402e+06	5.39275e+06	5.3625e+06	
5.46775e+06	5.50175e+06	5.42175e+06	5.4235e+06	5.35725e+06	
5.5085e+06	5.419e+06	5.49275e+06	5.46325e+06	5.4505e+06	
5.60375e+06	5.56225e+06	5.5205e+06	5.53125e+06	5.365e+06	
5.59e+06	5.55975e+06	5.4305e+06	5.50725e+06	5.356e+06	
5.56475e+06	5.60875e+06	5.49475e+06	5.508e+06	5.45625e+06	
5.6245e+06	5.537e+06	5.56275e+06	5.41475e+06	5.47775e+06	
5.547e+06	5.5515e+06	5.5225e+06	5.445e+06	5.4665e+06	
5.5085e+06	5.566e+06	5.5465e+06	5.4665e+06	5.494e+06	
5.52825e+06	5.561e+06	5.5445e+06	5.44675e+06	5.50975e+06	
5.58225e+06	5.60825e+06	5.53e+06	5.438e+06	5.46775e+06	
5.5835e+06	5.62275e+06	5.544e+06	5.50225e+06	5.47325e+06	
5.59125e+06	5.54075e+06	5.46325e+06	5.438e+06	5.44375e+06	
5.54075e+06	5.549e+06	5.4965e+06	5.406e+06	5.3315e+06	
5.50475e+06	5.44425e+06	5.53575e+06	5.351e+06	5.3965e+06	
5.4335e+06	5.48975e+06	5.467e+06	5.3745e+06	5.35475e+06	
5.45575e+06	5.38075e+06	5.39075e+06	5.2565e+06	5.39075e+06	
5.39275e+06	5.46825e+06	5.4475e+06	5.37575e+06	5.3365e+06	
5.53125e+06	5.47775e+06	5.4235e+06	5.334e+06	5.3435e+06	
5.467e+06	5.45575e+06	5.404e+06	5.32325e+06	5.34975e+06	
5.474e+06	5.4545e+06	5.40025e+06	5.3725e+06	5.26475e+06	
5.56475e+06	5.4665e+06	5.44375e+06	5.3265e+06	5.34275e+06	
5.523e+06	5.35175e+06	5.414e+06	5.36425e+06	5.37125e+06	
5.44e+06	5.35475e+06	5.42975e+06	5.288e+06	5.278e+06	
5.46325e+06	5.41475e+06	5.2565e+06	5.25525e+06	5.30125e+06	
5.4045e+06	5.4505e+06	5.3455e+06	5.21675e+06	5.232e+06	
5.40975e+06	5.4235e+06	5.36425e+06	5.2955e+06	5.22825e+06	
5.3825e+06	5.375e+06	5.2995e+06	5.24275e+06	5.28425e+06	
5.3965e+06	5.37575e+06	5.27925e+06	5.31575e+06	5.29825e+06	
5.3505e+06	5.3675e+06	5.339e+06	5.28425e+06	5.22e+06	
5.39025e+06	5.38325e+06	5.35675e+06	5.2735e+06	5.31e+06	
5.399e+06	5.3745e+06	5.31325e+06	5.2665e+06	5.2615e+06	
5.421e+06	5.3995e+06	5.33525e+06	5.25275e+06	5.261e+06	
5.30075e+06	5.2685e+06	5.29e+06	5.18975e+06	5.2465e+06	
5.27725e+06	5.34025e+06	5.2035e+06	5.18025e+06	5.13675e+06	
5.28875e+06	5.30125e+06	5.23e+06	5.1885e+06	5.20175e+06	
5.29675e+06	5.2805e+06	5.18725e+06	5.179e+06	5.092e+06	
5.25075e+06	5.254e+06	5.17275e+06	5.167e+06	5.196e+06	
5.2075e+06	5.2415e+06	5.169e+06	5.22875e+06	5.10975e+06	
5.203e+06	5.2155e+06	5.08075e+06	5.147e+06	5.1255e+06	
5.181e+06	5.176e+06	5.0915e+06	5.09325e+06	5.0745e+06	
5.2005e+06	5.21625e+06	5.12675e+06	5.03925e+06	5.118e+06	
5.23625e+06	5.2205e+06	5.1495e+06	5.09025e+06	5.04925e+06	
5.22625e+06	5.23325e+06	5.08825e+06	5.07825e+06	5.1065e+06	
5.1885e+06	5.24775e+06	5.106e+06	5.138e+06	5.06675e+06	
5.193e+06	5.15e+06	5.17725e+06	5.0695e+06	5.13425e+06	
5.14825e+06	5.203e+06	5.16075e+06	5.05225e+06	5.05175e+06	
5.07075e+06	5.109e+06	5.1065e+06	5.097e+06	4.9655e+06	
5.1235e+06	5.186e+06	5.07825e+06	5.03275e+06	5.007e+06	
5.1715e+06	5.1595e+06	5.08575e+06	5.09575e+06	5.0385e+06	
5.0625e+06	5.09025e+06	5.0625e+06	5.00075e+06	4.95025e+06	
5.1525e+06	5.15325e+06	5.14125e+06	5.05425e+06	5.0195e+06	
5.07575e+06	5.0625e+06	5.0385e+06	4.9415e+06	4.98175e+06	
5.08075e+06	5.0895e+06	4.99875e+06	4.93825e+06	4.97875e+06	
5.101e+06	5.099e+06	4.97875e+06	4.9585e+06	4.954e+06	
5.05675e+06	5.092e+06	4.9635e+06	5.03225e+06	5.02475e+06	
5.06125e+06	5.077e+06	5.04175e+06	4.9125e+06	4.94075e+06	
5.05175e+06	5.053e+06	5.0335e+06	4.9685e+06	5.00375e+06	
5.10475e+06	5.09025e+06	4.973e+06	5.00825e+06	4.978e+06	
5.10225e+06	5.08e+06	5.041e+06	4.8935e+06	4.83e+06	
5.04225e+06	5.051e+06	5.01075e+06	4.8565e+06	4.87775e+06	
4.9855e+06	5.017e+06	4.93525e+06	4.91e+06	4.89475e+06	
4.9805e+06	4.927e+06	4.91875e+06	4.91e+06	4.88475e+06	
4.9995e+06	5.048e+06	5.0335e+06	4.89225e+06	4.93275e+06	
4.9755e+06	5.00775e+06	4.94525e+06	4.8525e+06	4.8545e+06	
4.932e+06	4.93e+06	4.89225e+06	4.7935e+06	4.8205e+06	
4.94525e+06	4.98125e+06	4.94025e+06	4.847e+06	4.89475e+06	
4.9805e+06	4.985e+06	4.8565e+06	4.83175e+06	4.84075e+06	
4.97475e+06	4.9295e+06	4.8785e+06	4.7675e+06	4.84075e+06	
4.871e+06	4.922e+06	4.87975e+06	4.88475e+06	4.73225e+06	
4.8375e+06	4.89725e+06	4.83675e+06	4.81725e+06	4.86275e+06	
4.828e+06	4.876e+06	4.74475e+06	4.73725e+06	4.687e+06	
4.8835e+06	4.8525e+06	4.75175e+06	4.66925e+06	4.7555e+06	
4.81225e+06	4.854e+06	4.7935e+06	4.76175e+06	4.64975e+06	
4.8615e+06	4.772e+06	4.673e+06	4.697e+06	4.68875e+06	
4.73225e+06	4.8065e+06	4.69575e+06	4.73225e+06	4.67925e+06	
4.75675e+06	4.75175e+06	4.666e+06	4.6095e+06	4.65475e+06	
4.7115e+06	4.746e+06	4.639e+06	4.622e+06	4.58175e+06	
4.75625e+06	4.77075e+06	4.66975e+06	4.62125e+06	4.617e+06	
4.6685e+06	4.721e+06	4.6365e+06	4.54125e+06	4.615e+06	
4.65225e+06	4.6605e+06	4.65925e+06	4.57275e+06	4.588e+06	
4.5885e+06	4.58475e+06	4.566e+06	4.49225e+06	4.4935e+06	
4.44375e+06	4.38325e+06	4.42025e+06	4.30825e+06	4.3775e+06	
4.1955e+06	4.17575e+06	4.196e+06	4.085e+06	4.09775e+06	
3.9685e+06	3.94075e+06	3.9225e+06	3.905e+06	3.87275e+06	
3.7775e+06	3.8085e+06	3.76e+06	3.70775e+06	3.734e+06	
3.8255e+06	3.80225e+06	3.80025e+06	3.772e+06	3.74225e+06	
3.879e+06	3.84375e+06	3.7865e+06	3.77575e+06	3.784e+06	
3.88725e+06	3.9225e+06	3.8305e+06	3.85575e+06	3.813e+06	
3.86325e+06	3.891e+06	3.8185e+06	3.75175e+06	3.77125e+06	
3.818e+06	3.826e+06	3.8645e+06	3.787e+06	3.8255e+06	
3.9075e+06	3.87975e+06	3.84825e+06	3.86075e+06	3.8015e+06	
3.92825e+06	3.9345e+06	3.8765e+06	3.83e+06	3.78825e+06	
3.9785e+06	3.893e+06	3.8935e+06	3.91375e+06	3.828e+06	
3.954e+06	3.988e+06	3.8525e+06	3.9275e+06	3.8325e+06	
4.03475e+06	4.0075e+06	3.99e+06	3.90625e+06	3.91e+06	
4.039e+06	4.0505e+06	3.9225e+06	3.8785e+06	3.95725e+06	
4.03225e+06	4.0415e+06	4.0215e+06	3.944e+06	3.92575e+06	
4.05725e+06	4.0535e+06	4.06375e+06	4.0435e+06	3.944e+06	
4.07125e+06	4.0845e+06	4.01825e+06	4.05675e+06	3.9955e+06	
4.157e+06	4.07825e+06	4.01775e+06	4.02975e+06	4.06925e+06	
4.133e+06	4.05425e+06	4.0455e+06	3.97175e+06	4.04025e+06	
4.1065e+06	4.1205e+06	4.012e+06	3.96525e+06	3.968e+06	
4.00575e+06	4.03525e+06	4.014e+06	3.90175e+06	3.93125e+06	
3.99125e+06	4.03225e+06	4.00625e+06	3.94025e+06	3.874e+06	
3.9785e+06	3.995e+06	3.98125e+06	3.89225e+06	3.8595e+06	
3.91625e+06	3.96275e+06	3.89175e+06	3.8885e+06	3.87525e+06	
3.9495e+06	3.93375e+06	3.8835e+06	3.87775e+06	3.85e+06	
3.99375e+06	3.956e+06	3.959e+06	3.86275e+06	3.86325e+06	
3.9805e+06	3.915e+06	3.90625e+06	3.8905e+06	3.83625e+06	
3.973e+06	3.9635e+06	3.881e+06	3.83875e+06	3.8955e+06	
3.9565e+06	3.94575e+06	3.89425e+06	3.8885e+06	3.87725e+06	
3.96725e+06	4.0145e+06	3.8885e+06	3.872e+06	3.89975e+06	
3.99175e+06	4.0245e+06	3.99425e+06	3.96925e+06	3.93e+06	
4.00875e+06	4.063e+06	4.0045e+06	3.8985e+06	3.9635e+06	
4.019e+06	4.0285e+06	4.02325e+06	3.9635e+06	3.91375e+06	
3.978e+06	3.954e+06	3.93075e+06	3.925e+06	3.8865e+06	
3.94325e+06	3.96925e+06	3.944e+06	3.8955e+06	3.9585e+06	
3.91375e+06	3.95025e+06	3.857e+06	3.8785e+06	3.83125e+06	
3.9515e+06	3.89925e+06	3.81025e+06	3.8595e+06	3.79775e+06	
3.838e+06	3.87025e+06	3.8425e+06	3.77375e+06	3.83175e+06	
3.84875e+06	3.87475e+06	3.7775e+06	3.7795e+06	3.7895e+06	
3.867e+06	3.847e+06	3.83675e+06	3.717e+06	3.73975e+06	
3.73475e+06	3.79325e+06	3.734e+06	3.7235e+06	3.6145e+06	
3.73725e+06	3.724e+06	3.688e+06	3.67225e+06	3.707e+06	
3.74475e+06	3.74225e+06	3.625e+06	3.60425e+06	3.63325e+06	
3.70375e+06	3.70375e+06	3.64525e+06	3.615e+06	3.591e+06	
3.66225e+06	3.685e+06	3.6735e+06	3.62625e+06	3.68425e+06	
3.683e+06	3.70125e+06	3.64025e+06	3.6145e+06	3.61825e+06	
3.6605e+06	3.67425e+06	3.6005e+06	3.6245e+06	3.6075e+06	
3.62125e+06	3.6605e+06	3.613e+06	3.52625e+06	3.5445e+06	
3.63275e+06	3.6315e+06	3.5815e+06	3.56525e+06	3.58475e+06	
3.68125e+06	3.68125e+06	3.571e+06	3.6e+06	3.591e+06	
3.63325e+06	3.6315e+06	3.60425e+06	3.593e+06	3.53425e+06	
3.661e+06	3.65275e+06	3.66425e+06	3.622e+06	3.608e+06	
3.6705e+06	3.64075e+06	3.62375e+06	3.6295e+06	3.4935e+06	
3.68125e+06	3.6755e+06	3.554e+06	3.60625e+06	3.59675e+06	
3.6805e+06	3.6855e+06	3.64775e+06	3.59925e+06	3.57225e+06	
3.6855e+06	3.66175e+06	3.63075e+06	3.58475e+06	3.6055e+06	
3.66175e+06	3.60425e+06	3.5255e+06	3.5225e+06	3.56075e+06	
3.62575e+06	3.66175e+06	3.54825e+06	3.51225e+06	3.54375e+06	
3.6e+06	3.58425e+06	3.5475e+06	3.56075e+06	3.5185e+06	
3.69125e+06	3.62575e+06	3.593e+06	3.54375e+06	3.559e+06	
3.59675e+06	3.61125e+06	3.58225e+06	3.51725e+06	3.542e+06	
3.6075e+06	3.666e+06	3.50925e+06	3.5495e+06	3.55325e+06	
3.61375e+06	3.63275e+06	3.54575e+06	3.50275e+06	3.53e+06	
3.59675e+06	3.47325e+06	3.499e+06	3.504e+06	3.472e+06	
3.552e+06	3.57975e+06	3.49775e+06	3.516e+06	3.4795e+06	
3.56275e+06	3.50925e+06	3.48325e+06	3.4475e+06	3.501e+06	
3.53625e+06	3.504e+06	3.47575e+06	3.443e+06	3.455e+06	
3.52675e+06	3.51725e+06	3.513e+06	3.513e+06	3.49525e+06	
3.5035e+06	3.5275e+06	3.48325e+06	3.43425e+06	3.4815e+06	
3.506e+06	3.5475e+06	3.4525e+06	3.4305e+06	3.4285e+06	
3.5105e+06	3.45675e+06	3.4215e+06	3.44625e+06	3.443e+06	
3.48075e+06	3.4745e+06	3.44675e+06	3.38375e+06	3.39075e+06	
3.472e+06	3.47125e+06	3.4335e+06	3.4335e+06	3.402e+06	
3.46825e+06	3.489e+06	3.40775e+06	3.41325e+06	3.3825e+06	
3.46075e+06	3.5105e+06	3.41475e+06	3.409e+06	3.39e+06	
3.45e+06	3.4235e+06	3.41725e+06	3.38625e+06	3.366e+06	
3.4555e+06	3.4575e+06	3.358e+06	3.339e+06	3.337e+06	
3.50525e+06	3.419e+06	3.414e+06	3.3585e+06	3.34025e+06	
3.37875e+06	3.366e+06	3.3295e+06	3.27525e+06	3.28425e+06	
3.3825e+06	3.378e+06	3.358e+06	3.33275e+06	3.31575e+06	
3.35675e+06	3.30425e+06	3.3315e+06	3.27725e+06	3.2925e+06	
3.293e+06	3.33775e+06	3.2855e+06	3.2595e+06	3.28175e+06	
3.305e+06	3.3515e+06	3.28975e+06	3.30375e+06	3.2955e+06	
3.2635e+06	3.315e+06	3.27675e+06	3.2445e+06	3.22125e+06	
3.2855e+06	3.2565e+06	3.2425e+06	3.1985e+06	3.2495e+06	
3.2635e+06	3.3295e+06	3.218e+06	3.24125e+06	3.22625e+06	
3.24825e+06	3.2515e+06	3.22175e+06	3.2225e+06	3.20225e+06	
3.21475e+06	3.203e+06	3.24125e+06	3.145e+06	3.179e+06	
3.2005e+06	3.182e+06	3.1065e+06	3.109e+06	3.14425e+06	
3.11225e+06	3.12025e+06	3.102e+06	3.04975e+06	3.056e+06	
3.02525e+06	2.964e+06	2.99625e+06	2.95275e+06	2.925e+06	
2.903e+06	2.91625e+06	2.8935e+06	2.9055e+06	2.86125e+06	
2.768e+06	2.80975e+06	2.8015e+06	2.79575e+06	2.785e+06	
2.80975e+06	2.734e+06	2.72525e+06	2.7115e+06	2.69625e+06	
2.758e+06	2.73975e+06	2.65975e+06	2.6655e+06	2.64975e+06	
2.702e+06	2.644e+06	2.60675e+06	2.593e+06	2.555e+06	
2.57525e+06	2.605e+06	2.51925e+06	2.53e+06	2.51925e+06	
2.52425e+06	2.56275e+06	2.5235e+06	2.455e+06	2.484e+06	
2.51475e+06	2.55625e+06	2.4965e+06	2.48575e+06	2.477e+06	
2.465e+06	2.4815e+06	2.4965e+06	2.409e+06	2.378e+06	
2.51675e+06	2.523e+06	2.455e+06	2.46175e+06	2.443e+06	
2.492e+06	2.4985e+06	2.46425e+06	2.4505e+06	2.4985e+06	
2.535e+06	2.58925e+06	2.5065e+06	2.4725e+06	2.4795e+06	
2.63825e+06	2.56575e+06	2.60175e+06	2.54825e+06	2.598e+06	
2.70575e+06	2.68e+06	2.6535e+06	2.65975e+06	2.6585e+06	
2.7895e+06	2.751e+06	2.72975e+06	2.69375e+06	2.688e+06	
2.81975e+06	2.87975e+06	2.81475e+06	2.76375e+06	2.794e+06	
2.79575e+06	2.818e+06	2.8235e+06	2.79775e+06	2.78325e+06	
2.82225e+06	2.83425e+06	2.804e+06	2.81525e+06	2.768e+06	
2.797e+06	2.833e+06	2.78325e+06	2.73975e+06	2.734e+06	
2.739e+06	2.7455e+06	2.731e+06	2.71525e+06	2.66475e+06	
2.729e+06	2.64325e+06	2.627e+06	2.61425e+06	2.68625e+06	
2.6415e+06	2.634e+06	2.63125e+06	2.6075e+06	2.5885e+06	
2.6105e+06	2.637e+06	2.59425e+06	2.5695e+06	2.56575e+06	
2.5715e+06	2.62125e+06	2.59225e+06	2.58225e+06	2.5615e+06	
2.6245e+06	2.576e+06	2.55375e+06	2.57975e+06	2.5445e+06	
2.54625e+06	2.56775e+06	2.52175e+06	2.52425e+06	2.51975e+06	
2.567e+06	2.581e+06	2.55825e+06	2.49325e+06	2.5405e+06	
2.5475e+06	2.57725e+06	2.538e+06	2.5525e+06	2.5695e+06	
2.576e+06	2.586e+06	2.6155e+06	2.53625e+06	2.49025e+06	
2.6415e+06	2.605e+06	2.581e+06	2.5235e+06	2.545e+06	
2.54825e+06	2.58025e+06	2.5905e+06	2.53e+06	2.545e+06	
2.56025e+06	2.57075e+06	2.5445e+06	2.5155e+06	2.5305e+06	
2.5425e+06	2.51975e+06	2.4915e+06	2.49975e+06	2.47825e+06	
2.54575e+06	2.5355e+06	2.50975e+06	2.46e+06	2.45875e+06	
2.552e+06	2.56025e+06	2.557e+06	2.513e+06	2.506e+06	
2.552e+06	2.57775e+06	2.50475e+06	2.52475e+06	2.46825e+06	
2.56025e+06	2.54825e+06	2.53375e+06	2.51025e+06	2.4865e+06	
2.46175e+06	2.5185e+06	2.48075e+06	2.48825e+06	2.494e+06	
2.51025e+06	2.4965e+06	2.52875e+06	2.46625e+06	2.4405e+06	
2.6005e+06	2.51975e+06	2.53875e+06	2.48275e+06	2.5155e+06	
2.5475e+06	2.5665e+06	2.521e+06	2.52875e+06	2.53925e+06	
2.55375e+06	2.52675e+06	2.475e+06	2.5065e+06	2.472e+06	
2.535e+06	2.547e+06	2.518e+06	2.51925e+06	2.47825e+06	
2.528e+06	2.6005e+06	2.51175e+06	2.526e+06	2.4775e+06	
2.55e+06	2.555e+06	2.518e+06	2.49275e+06	2.5495e+06	
2.60425e+06	2.601e+06	2.60875e+06	2.54325e+06	2.48075e+06	
2.62e+06	2.6785e+06	2.625e+06	2.5955e+06	2.5615e+06	
2.6445e+06	2.64975e+06	2.62625e+06	2.6005e+06	2.591e+06	
2.67425e+06	2.69125e+06	2.6825e+06	2.62625e+06	2.5695e+06	
2.66725e+06	2.73025e+06	2.6175e+06	2.6225e+06	2.58525e+06	
2.668e+06	2.73475e+06	2.70825e+06	2.67925e+06	2.69425e+06	
2.74025e+06	2.73025e+06	2.69375e+06	2.6685e+06	2.68175e+06	
2.7625e+06	2.76625e+06	2.68675e+06	2.68125e+06	2.736e+06	
2.722e+06	2.7845e+06	2.69575e+06	2.693e+06	2.64575e+06	
2.74725e+06	2.693e+06	2.77325e+06	2.622e+06	2.6925e+06	
2.68875e+06	2.75225e+06	2.69875e+06	2.644e+06	2.668e+06	
2.7535e+06	2.72725e+06	2.7165e+06	2.70375e+06	2.6125e+06	
2.70825e+06	2.6635e+06	2.731e+06	2.63825e+06	2.62325e+06	
2.67925e+06	2.68375e+06	2.6825e+06	2.6585e+06	2.6585e+06	
2.66275e+06	2.6975e+06	2.5935e+06	2.6655e+06	2.634e+06	
2.67725e+06	2.6905e+06	2.59175e+06	2.66025e+06	2.6735e+06	
2.69875e+06	2.7245e+06	2.729e+06	2.64825e+06	2.66475e+06	
2.724e+06	2.714e+06	2.676e+06	2.70625e+06	2.608e+06	
2.71575e+06	2.7365e+06	2.678e+06	2.69625e+06	2.6445e+06	
2.70125e+06	2.71325e+06	2.71075e+06	2.695e+06	2.6225e+06	
2.69175e+06	2.6445e+06	2.61625e+06	2.588e+06	2.59675e+06	
2.66475e+06	2.6805e+06	2.661e+06	2.6195e+06	2.63525e+06	
2.69e+06	2.6925e+06	2.62325e+06	2.6245e+06	2.62825e+06	
2.685e+06	2.588e+06	2.6005e+06	2.58925e+06	2.59725e+06	
2.67475e+06	2.64975e+06	2.63825e+06	2.5985e+06	2.59425e+06	
2.693e+06	2.664e+06	2.64025e+06	2.58275e+06	2.61875e+06	
2.61875e+06	2.642e+06	2.6155e+06	2.58475e+06	2.6345e+06	
2.6365e+06	2.65525e+06	2.6445e+06	2.57075e+06	2.62075e+06	
2.66025e+06	2.6875e+06	2.627e+06	2.63125e+06	2.647e+06	
2.63775e+06	2.62375e+06	2.564e+06	2.6075e+06	2.567e+06	
2.6295e+06	2.6415e+06	2.63575e+06	2.627e+06	2.586e+06	
2.64775e+06	2.659e+06	2.59675e+06	2.5715e+06	2.59475e+06	
2.67175e+06	2.66225e+06	2.596e+06	2.581e+06	2.62075e+06	
2.65225e+06	2.639e+06	2.64525e+06	2.6075e+06	2.5645e+06	
2.66975e+06	2.688e+06	2.697e+06	2.64975e+06	2.5765e+06	
2.67175e+06	2.654e+06	2.6345e+06	2.6415e+06	2.63775e+06	
2.68625e+06	2.70575e+06	2.649e+06	2.668e+06	2.642e+06	
2.69425e+06	2.65775e+06	2.60375e+06	2.6125e+06	2.6055e+06	
2.664e+06	2.664e+06	2.65725e+06	2.535e+06	2.59925e+06	
2.63525e+06	2.66225e+06	2.60625e+06	2.6325e+06	2.601e+06	
2.63125e+06	2.64275e+06	2.55325e+06	2.6125e+06	2.61425e+06	
2.62075e+06	2.65475e+06	2.552e+06	2.59425e+06	2.56825e+06	
2.664e+06	2.6295e+06	2.6465e+06	2.613e+06	2.6445e+06	
2.639e+06	2.60225e+06	2.6125e+06	2.6295e+06	2.634e+06	
2.6195e+06	2.649e+06	2.625e+06	2.58275e+06	2.59475e+06	
2.61e+06	2.627e+06	2.5985e+06	2.5715e+06	2.54575e+06	
2.63575e+06	2.63125e+06	2.63825e+06	2.57725e+06	2.56075e+06	
2.639e+06	2.6125e+06	2.59225e+06	2.622e+06	2.5785e+06	
2.64025e+06	2.65725e+06	2.6055e+06	2.60875e+06	2.62875e+06	
2.63e+06	2.60375e+06	2.59175e+06	2.5425e+06	2.59675e+06	
2.63325e+06	2.63e+06	2.50775e+06	2.5735e+06	2.5595e+06	
2.627e+06	2.59975e+06	2.516e+06	2.535e+06	2.55825e+06	
2.605e+06	2.632e+06	2.569e+06	2.5495e+06	2.5305e+06	
2.56775e+06	2.572e+06	2.58275e+06	2.4915e+06	2.50775e+06	
2.53125e+06	2.5445e+06	2.52175e+06	2.5135e+06	2.52175e+06	
2.58275e+06	2.55775e+06	2.557e+06	2.528e+06	2.48325e+06	
2.591e+06	2.54625e+06	2.53175e+06	2.45925e+06	2.48525e+06	
2.5325e+06	2.53175e+06	2.504e+06	2.4795e+06	2.4965e+06	
2.5135e+06	2.5815e+06	2.511e+06	2.482e+06	2.465e+06	
2.53675e+06	2.54e+06	2.487e+06	2.48775e+06	2.47825e+06	
2.50975e+06	2.54e+06	2.49725e+06	2.50275e+06	2.46e+06	
2.542e+06	2.49525e+06	2.50225e+06	2.472e+06	2.47875e+06	
2.52225e+06	2.49975e+06	2.53e+06	2.43675e+06	2.43275e+06	
2.49775e+06	2.46875e+06	2.475e+06	2.49325e+06	2.4915e+06	
2.501e+06	2.50225e+06	2.50725e+06	2.484e+06	2.509e+06	
2.52475e+06	2.50475e+06	2.5135e+06	2.4525e+06	2.47875e+06	
2.53125e+06	2.4815e+06	2.50475e+06	2.453e+06	2.506e+06	
2.47575e+06	2.49725e+06	2.49725e+06	2.49325e+06	2.47375e+06	
2.55325e+06	2.46825e+06	2.46625e+06	2.46e+06	2.4265e+06	
2.4865e+06	2.5035e+06	2.49725e+06	2.4555e+06	2.41525e+06	
2.45175e+06	2.482e+06	2.42975e+06	2.46875e+06	2.45425e+06	
2.494e+06	2.45425e+06	2.49075e+06	2.4335e+06	2.41825e+06	
2.48525e+06	2.49725e+06	2.4555e+06	2.4235e+06	2.42525e+06	
2.44475e+06	2.44725e+06	2.438e+06	2.407e+06	2.4065e+06	
2.419e+06	2.46625e+06	2.44925e+06	2.441e+06	2.40825e+06	
2.4315e+06	2.46175e+06	2.3995e+06	2.443e+06	2.375e+06	
2.44175e+06	2.4795e+06	2.41975e+06	2.36975e+06	2.3875e+06	
2.4235e+06	2.41025e+06	2.349e+06	2.34475e+06	2.3855e+06	
2.402e+06	2.42225e+06	2.39575e+06	2.3605e+06	2.366e+06	
2.40775e+06	2.45925e+06	2.39875e+06	2.36975e+06	2.33075e+06	
2.38e+06	2.385e+06	2.4045e+06	2.392e+06	2.34775e+06	
2.42025e+06	2.4505e+06	2.3805e+06	2.36425e+06	2.3655e+06	
2.33575e+06	2.35025e+06	2.33275e+06	2.32375e+06	2.31175e+06	
2.25075e+06	2.2595e+06	2.2665e+06	2.245e+06	2.24375e+06	
2.078e+06	2.1115e+06	2.1065e+06	2.06425e+06	2.08875e+06	
1.8425e+06	1.821e+06	1.802e+06	1.8085e+06	1.828e+06	
1.58025e+06	1.55e+06	1.53925e+06	1.53375e+06	1.53175e+06	
1.35025e+06	1.3755e+06	1.3565e+06	1.32825e+06	1.33825e+06	
1.206e+06	1.1865e+06	1.21725e+06	1.194e+06	1.1895e+06	
1.1435e+06	1.131e+06	1.136e+06	1.13425e+06	1.11325e+06	
1.177e+06	1.17e+06	1.14175e+06	1.17375e+06	1.16575e+06	
1.28275e+06	1.26025e+06	1.23675e+06	1.2645e+06	1.2445e+06	
1.31375e+06	1.34025e+06	1.3535e+06	1.32575e+06	1.317e+06	
1.407e+06	1.4045e+06	1.38375e+06	1.39175e+06	1.36475e+06	
1.38175e+06	1.37675e+06	1.349e+06	1.34325e+06	1.378e+06	
1.3585e+06	1.33575e+06	1.385e+06	1.37675e+06	1.3855e+06	
1.3875e+06	1.39e+06	1.33125e+06	1.3655e+06	1.3655e+06	
1.361e+06	1.39825e+06	1.3975e+06	1.37875e+06	1.35525e+06	
1.39125e+06	1.37875e+06	1.36975e+06	1.36725e+06	1.359e+06	
1.42525e+06	1.414e+06	1.39125e+06	1.4215e+06	1.388e+06	
1.46425e+06	1.46425e+06	1.43475e+06	1.46425e+06	1.455e+06	
1.51275e+06	1.53675e+06	1.4945e+06	1.489e+06	1.44475e+06	
1.57525e+06	1.5645e+06	1.5595e+06	1.55875e+06	1.562e+06	
1.62175e+06	1.642e+06	1.58975e+06	1.61375e+06	1.5915e+06	
1.717e+06	1.74525e+06	1.6875e+06	1.66475e+06	1.67925e+06	
1.773e+06	1.74675e+06	1.69e+06	1.68875e+06	1.74925e+06	
1.82725e+06	1.81025e+06	1.821e+06	1.78875e+06	1.78825e+06	
1.93075e+06	1.877e+06	1.8935e+06	1.87325e+06	1.8595e+06	
1.9175e+06	1.9135e+06	1.85325e+06	1.92675e+06	1.91875e+06	
1.952e+06	1.96775e+06	1.959e+06	1.9425e+06	1.93575e+06	
2.04975e+06	2.01e+06	2.02325e+06	1.97225e+06	1.98975e+06	
2.07175e+06	2.0365e+06	2.02825e+06	2.00175e+06	2.0385e+06	
2.1045e+06	2.06225e+06	2.04525e+06	2.07425e+06	2.03975e+06	
2.138e+06	2.07925e+06	2.102e+06	2.041e+06	2.07175e+06	
2.085e+06	2.1065e+06	2.107e+06	2.0635e+06	2.03025e+06	
2.10575e+06	2.13425e+06	2.0635e+06	2.0775e+06	2.07125e+06	
2.10825e+06	2.126e+06	2.09e+06	2.0515e+06	2.08625e+06	
2.16125e+06	2.1525e+06	2.0775e+06	2.0755e+06	2.08825e+06	
2.13725e+06	2.12225e+06	2.08575e+06	2.04475e+06	2.0555e+06	
2.126e+06	2.085e+06	2.12225e+06	2.1015e+06	2.09125e+06	
2.1265e+06	2.13675e+06	2.061e+06	2.07175e+06	2.095e+06	
2.1065e+06	2.12525e+06	2.04775e+06	2.11475e+06	2.07875e+06	
2.08125e+06	2.112e+06	2.12725e+06	2.1015e+06	2.06475e+06	
2.131e+06	2.0945e+06	2.11025e+06	2.02525e+06	2.08375e+06	
2.09e+06	2.102e+06	2.0995e+06	2.0925e+06	2.06875e+06	
2.085e+06	2.10025e+06	2.11275e+06	2.09075e+06	2.00375e+06	
2.06875e+06	2.1185e+06	2.06475e+06	2.04275e+06	2.0485e+06	
2.0875e+06	2.097e+06	2.09325e+06	2.0245e+06	2.06425e+06	
2.09775e+06	2.087e+06	2.02e+06	2.03975e+06	2.046e+06	
2.08825e+06	2.0805e+06	2.01875e+06	2.0365e+06	2.03725e+06	
2.0655e+06	2.04525e+06	2.07925e+06	1.99175e+06	2.0555e+06	
2.00425e+06	2.04975e+06	2.01125e+06	2.051e+06	2.0195e+06	
2.03275e+06	2.03025e+06	2.04725e+06	2.00625e+06	2.01e+06	
2.044e+06	2.063e+06	2.0245e+06	2.00125e+06	1.98175e+06	
2.05475e+06	2.04725e+06	2.01125e+06	1.981e+06	1.97725e+06	
2.056e+06	2.05475e+06	2.01625e+06	1.98975e+06	2.0145e+06	
2.073e+06	2.029e+06	1.986e+06	1.969e+06	2.02775e+06	
2.0345e+06	2.0295e+06	2.0125e+06	2.0025e+06	1.98175e+06	
2.049e+06	2.04975e+06	2.03025e+06	2.00875e+06	1.99375e+06	
2.0215e+06	2.01375e+06	2.03275e+06	1.97725e+06	1.998e+06	
1.969e+06	1.9835e+06	2.015e+06	1.96025e+06	1.9925e+06	
1.983e+06	2.01875e+06	1.995e+06	1.9735e+06	1.94775e+06	
1.9595e+06	2.00375e+06	1.98675e+06	1.974e+06	1.971e+06	
2.00375e+06	2.005e+06	1.95775e+06	1.9975e+06	1.90675e+06	
1.96475e+06	1.942e+06	1.97025e+06	1.95025e+06	1.91625e+06	
1.98975e+06	1.99875e+06	1.9565e+06	1.97675e+06	1.9615e+06	
2.012e+06	1.96475e+06	1.9465e+06	1.9495e+06	1.92e+06	
2.0145e+06	1.9395e+06	1.9595e+06	1.98475e+06	1.96225e+06	
2e+06	1.99175e+06	1.94525e+06	1.89225e+06	1.988e+06	
2.0055e+06	2.0005e+06	1.92125e+06	1.925e+06	1.966e+06	
1.95525e+06	1.97225e+06	1.95825e+06	1.9005e+06	1.95575e+06	
1.96225e+06	1.983e+06	1.96725e+06	1.99925e+06	1.896e+06	
1.94075e+06	1.97675e+06	1.93625e+06	1.93e+06	1.94125e+06	
1.94e+06	1.952e+06	1.906e+06	1.8835e+06	1.92125e+06	
2.0005e+06	1.96525e+06	1.91675e+06	1.9805e+06	1.94575e+06	
1.98425e+06	1.96275e+06	1.92425e+06	1.97475e+06	1.9785e+06	
1.9805e+06	1.9325e+06	1.94525e+06	1.94575e+06	1.89275e+06	
1.957e+06	1.95825e+06	1.91175e+06	1.87825e+06	1.89275e+06	
1.93875e+06	1.9465e+06	1.90925e+06	1.9395e+06	1.9255e+06	
1.88475e+06	1.96275e+06	1.92625e+06	1.91875e+06	1.913e+06	
1.95825e+06	1.88475e+06	1.949e+06	1.9135e+06	1.884e+06	
1.891e+06	1.925e+06	1.9135e+06	1.903e+06	1.894e+06	
1.93e+06	1.92175e+06	1.94e+06	1.8915e+06	1.88025e+06	
1.93575e+06	1.937e+06	1.89725e+06	1.915e+06	1.89025e+06	
1.911e+06	1.92e+06	1.8675e+06	1.87775e+06	1.89025e+06	
1.889e+06	1.93875e+06	1.879e+06	1.9295e+06	1.9175e+06	
1.9345e+06	1.94125e+06	1.8815e+06	1.855e+06	1.87325e+06	
1.857e+06	1.92e+06	1.9275e+06	1.9175e+06	1.821e+06	
1.9345e+06	1.89475e+06	1.8505e+06	1.8795e+06	1.85625e+06	
1.89525e+06	1.90725e+06	1.869e+06	1.83875e+06	1.8375e+06	
1.872e+06	1.8715e+06	1.886e+06	1.8455e+06	1.8455e+06	
1.86575e+06	1.8765e+06	1.83175e+06	1.831e+06	1.83475e+06	
1.8455e+06	1.85175e+06	1.85325e+06	1.81025e+06	1.828e+06	
1.83675e+06	1.8405e+06	1.84375e+06	1.8355e+06	1.843e+06	
1.87025e+06	1.833e+06	1.84925e+06	1.8065e+06	1.821e+06	
1.84175e+06	1.8545e+06	1.8285e+06	1.86625e+06	1.8185e+06	
1.8335e+06	1.85175e+06	1.8165e+06	1.828e+06	1.80325e+06	
1.8085e+06	1.81775e+06	1.80725e+06	1.8185e+06	1.79575e+06	
1.8015e+06	1.816e+06	1.79e+06	1.7705e+06	1.77825e+06	
1.7705e+06	1.81225e+06	1.7915e+06	1.81275e+06	1.7915e+06	
1.8065e+06	1.7875e+06	1.794e+06	1.77875e+06	1.76125e+06	
1.77125e+06	1.77375e+06	1.785e+06	1.78325e+06	1.78875e+06	
1.73225e+06	1.7945e+06	1.777e+06	1.77125e+06	1.75225e+06	
1.746e+06	1.7775e+06	1.74925e+06	1.75475e+06	1.7675e+06	
1.809e+06	1.79825e+06	1.74975e+06	1.74675e+06	1.7335e+06	
1.78375e+06	1.78325e+06	1.7195e+06	1.75475e+06	1.74225e+06	
1.72825e+06	1.751e+06	1.73775e+06	1.7385e+06	1.722e+06	
1.73275e+06	1.75425e+06	1.74275e+06	1.72825e+06	1.739e+06	
1.74225e+06	1.76925e+06	1.72525e+06	1.719e+06	1.7555e+06	
1.717e+06	1.71575e+06	1.71375e+06	1.7265e+06	1.7245e+06	
1.71325e+06	1.73725e+06	1.724e+06	1.68225e+06	1.695e+06	
1.7145e+06	1.74475e+06	1.70075e+06	1.68675e+06	1.7075e+06	
1.71325e+06	1.72275e+06	1.727e+06	1.68175e+06	1.6585e+06	
1.75175e+06	1.74275e+06	1.73725e+06	1.7025e+06	1.702e+06	
1.71775e+06	1.72075e+06	1.71375e+06	1.7165e+06	1.67975e+06	
1.736e+06	1.70125e+06	1.70625e+06	1.6905e+06	1.698e+06	
1.695e+06	1.71125e+06	1.70075e+06	1.705e+06	1.68925e+06	
1.69925e+06	1.7385e+06	1.6835e+06	1.69375e+06	1.6785e+06	
1.68225e+06	1.7195e+06	1.685e+06	1.635e+06	1.63325e+06	
1.69675e+06	1.6905e+06	1.666e+06	1.66475e+06	1.6705e+06	
1.6805e+06	1.68225e+06	1.64325e+06	1.66525e+06	1.64275e+06	
1.66275e+06	1.656e+06	1.693e+06	1.65525e+06	1.637e+06	
1.6875e+06	1.6855e+06	1.6735e+06	1.642e+06	1.6345e+06	
1.6855e+06	1.72025e+06	1.6705e+06	1.65775e+06	1.6395e+06	
1.661e+06	1.683e+06	1.70875e+06	1.606e+06	1.67425e+06	
1.65525e+06	1.65775e+06	1.671e+06	1.6515e+06	1.6565e+06	
1.683e+06	1.68225e+06	1.6755e+06	1.63125e+06	1.6325e+06	
1.66925e+06	1.62125e+06	1.632e+06	1.6415e+06	1.615e+06	
1.64025e+06	1.6565e+06	1.6565e+06	1.6565e+06	1.6325e+06	
1.68225e+06	1.63625e+06	1.63825e+06	1.593e+06	1.6205e+06	
1.62375e+06	1.61125e+06	1.62575e+06	1.60675e+06	1.6155e+06	
1.6615e+06	1.59975e+06	1.63625e+06	1.6155e+06	1.6125e+06	
1.62175e+06	1.6345e+06	1.6035e+06	1.6295e+06	1.5935e+06	
1.6275e+06	1.61175e+06	1.59925e+06	1.584e+06	1.60725e+06	
1.63375e+06	1.632e+06	1.564e+06	1.59425e+06	1.59425e+06	
1.6105e+06	1.57275e+06	1.584e+06	1.58975e+06	1.6005e+06	
1.608e+06	1.56075e+06	1.59025e+06	1.5765e+06	1.5695e+06	
1.60225e+06	1.56075e+06	1.5715e+06	1.581e+06	1.56275e+06	
1.601e+06	1.55575e+06	1.56825e+06	1.5545e+06	1.54425e+06	
1.58025e+06	1.5495e+06	1.5495e+06	1.53925e+06	1.51525e+06	
1.55125e+06	1.53875e+06	1.55825e+06	1.562e+06	1.5475e+06	
1.58525e+06	1.56e+06	1.52225e+06	1.52925e+06	1.5305e+06	
1.543e+06	1.5665e+06	1.552e+06	1.57775e+06	1.57275e+06	
1.5765e+06	1.579e+06	1.53125e+06	1.5745e+06	1.533e+06	
1.55e+06	1.5495e+06	1.499e+06	1.4965e+06	1.5035e+06	
1.557e+06	1.552e+06	1.52725e+06	1.514e+06	1.506e+06	
1.54e+06	1.52475e+06	1.555e+06	1.56075e+06	1.50225e+06	
1.54375e+06	1.5115e+06	1.494e+06	1.54e+06	1.535e+06	
1.51925e+06	1.53175e+06	1.54175e+06	1.50525e+06	1.516e+06	
1.54375e+06	1.533e+06	1.56575e+06	1.5065e+06	1.5305e+06	
1.52425e+06	1.523e+06	1.511e+06	1.53425e+06	1.5205e+06	
1.53875e+06	1.51475e+06	1.51225e+06	1.511e+06	1.477e+06	
1.53675e+06	1.509e+06	1.5255e+06	1.46175e+06	1.52475e+06	
1.533e+06	1.528e+06	1.504e+06	1.49825e+06	1.494e+06	
1.499e+06	1.51225e+06	1.5035e+06	1.49025e+06	1.48075e+06	
1.47e+06	1.51225e+06	1.48e+06	1.47125e+06	1.492e+06	
1.52175e+06	1.47075e+06	1.4795e+06	1.485e+06	1.468e+06	
1.465e+06	1.48e+06	1.492e+06	1.47575e+06	1.48325e+06	
1.477e+06	1.482e+06	1.45225e+06	1.4485e+06	1.47875e+06	
1.4675e+06	1.45175e+06	1.426e+06	1.472e+06	1.46e+06	
1.48325e+06	1.448e+06	1.487e+06	1.46125e+06	1.44925e+06	
1.4485e+06	1.43725e+06	1.44175e+06	1.42775e+06	1.44475e+06	
1.48325e+06	1.4215e+06	1.414e+06	1.42725e+06	1.436e+06	
1.4405e+06	1.4605e+06	1.42775e+06	1.42325e+06	1.422e+06	
1.468e+06	1.4655e+06	1.4285e+06	1.44175e+06	1.42525e+06	
1.46375e+06	1.4335e+06	1.44675e+06	1.41325e+06	1.405e+06	
1.40575e+06	1.419e+06	1.44925e+06	1.42075e+06	1.39375e+06	
1.43725e+06	1.41025e+06	1.376e+06	1.409e+06	1.4095e+06	
1.42975e+06	1.402e+06	1.402e+06	1.38425e+06	1.3975e+06	
1.3995e+06	1.3855e+06	1.42075e+06	1.3735e+06	1.3515e+06	
1.41325e+06	1.41075e+06	1.38875e+06	1.37425e+06	1.36025e+06	
1.3945e+06	1.35225e+06	1.35725e+06	1.344e+06	1.35725e+06	
1.37225e+06	1.3465e+06	1.31175e+06	1.3485e+06	1.35225e+06	
1.3445e+06	1.32075e+06	1.33075e+06	1.32825e+06	1.30625e+06	
1.342e+06	1.33125e+06	1.33e+06	1.3155e+06	1.30925e+06	
1.2785e+06	1.33275e+06	1.30175e+06	1.29425e+06	1.291e+06	
1.29925e+06	1.3025e+06	1.30375e+06	1.27025e+06	1.276e+06	
1.25575e+06	1.27775e+06	1.2545e+06	1.23e+06	1.2495e+06	
1.24575e+06	1.26025e+06	1.235e+06	1.255e+06	1.23375e+06	
1.26075e+06	1.269e+06	1.24325e+06	1.24e+06	1.22425e+06	
1.24375e+06	1.2495e+06	1.262e+06	1.184e+06	1.235e+06	
1.2155e+06	1.2205e+06	1.23e+06	1.196e+06	1.20475e+06	
1.21975e+06	1.20225e+06	1.22425e+06	1.1985e+06	1.20525e+06	
1.22225e+06	1.2235e+06	1.19075e+06	1.2035e+06	1.18525e+06	
1.21975e+06	1.209e+06	1.21475e+06	1.23375e+06	1.18775e+06	
1.21675e+06	1.209e+06	1.2155e+06	1.199e+06	1.17825e+06	
1.2135e+06	1.20475e+06	1.21725e+06	1.20525e+06	1.19475e+06	
1.18825e+06	1.16175e+06	1.1865e+06	1.18275e+06	1.17075e+06	
1.19325e+06	1.18775e+06	1.20025e+06	1.17875e+06	1.18825e+06	
1.177e+06	1.1915e+06	1.182e+06	1.204e+06	1.182e+06	
1.2155e+06	1.2105e+06	1.17325e+06	1.2155e+06	1.22425e+06	
1.18775e+06	1.1895e+06	1.20225e+06	1.20725e+06	1.201e+06	
1.218e+06	1.201e+06	1.1915e+06	1.19325e+06	1.19275e+06	
1.2015e+06	1.21725e+06	1.21475e+06	1.1865e+06	1.17125e+06	
1.2275e+06	1.2255e+06	1.23875e+06	1.2015e+06	1.20475e+06	
1.23875e+06	1.24e+06	1.21925e+06	1.23375e+06	1.20525e+06	
1.27775e+06	1.2425e+06	1.2615e+06	1.25125e+06	1.2495e+06	
1.27525e+06	1.223e+06	1.23675e+06	1.228e+06	1.26775e+06	
1.2695e+06	1.25e+06	1.24625e+06	1.23175e+06	1.2545e+06	
1.245e+06	1.22625e+06	1.204e+06	1.21175e+06	1.2085e+06	
1.209e+06	1.2325e+06	1.19275e+06	1.20775e+06	1.21975e+06	
1.1795e+06	1.18075e+06	1.1915e+06	1.17875e+06	1.1575e+06	
1.167e+06	1.13425e+06	1.131e+06	1.13925e+06	1.114e+06	
1.10825e+06	1.10525e+06	1.10325e+06	1.1045e+06	1.08675e+06	
1.11775e+06	1.12975e+06	1.0895e+06	1.11975e+06	1.0945e+06	
1.13475e+06	1.153e+06	1.11275e+06	1.138e+06	1.10775e+06	
1.17075e+06	1.15e+06	1.16625e+06	1.141e+06	1.12025e+06	
1.172e+06	1.1895e+06	1.19025e+06	1.1985e+06	1.19725e+06	
1.18525e+06	1.17e+06	1.18525e+06	1.19725e+06	1.17575e+06	
1.218e+06	1.2325e+06	1.20475e+06	1.1845e+06	1.20225e+06	
1.19325e+06	1.228e+06	1.17875e+06	1.2015e+06	1.204e+06	
1.19775e+06	1.235e+06	1.1865e+06	1.2105e+06	1.21675e+06	
1.182e+06	1.25125e+06	1.18575e+06	1.17375e+06	1.2085e+06	
1.21975e+06	1.221e+06	1.201e+06	1.19725e+06	1.1865e+06	
1.2135e+06	1.1985e+06	1.21225e+06	1.18325e+06	1.18575e+06	
1.19775e+06	1.2185e+06	1.213e+06	1.20525e+06	1.1915e+06	
1.18325e+06	1.19325e+06	1.20525e+06	1.19475e+06	1.1775e+06	
1.16175e+06	1.2105e+06	1.1965e+06	1.184e+06	1.16625e+06	
1.19475e+06	1.16875e+06	1.1775e+06	1.17325e+06	1.16625e+06	
1.14875e+06	1.184e+06	1.148e+06	1.1775e+06	1.16375e+06	
1.163e+06	1.15625e+06	1.158e+06	1.138e+06	1.13725e+06	
1.1285e+06	1.13975e+06	1.148e+06	1.1405e+06	1.1455e+06	
1.15925e+06	1.148e+06	1.1625e+06	1.1235e+06	1.146e+06	
1.1745e+06	1.165e+06	1.153e+06	1.1385e+06	1.14225e+06	
1.16125e+06	1.1575e+06	1.131e+06	1.15175e+06	1.15e+06	
1.1435e+06	1.13475e+06	1.1575e+06	1.11575e+06	1.16825e+06	
1.13725e+06	1.15675e+06	1.16e+06	1.14475e+06	1.15375e+06	
1.16575e+06	1.1775e+06	1.1355e+06	1.165e+06	1.1575e+06	
1.1505e+06	1.172e+06	1.136e+06	1.15e+06	1.14425e+06	
1.165e+06	1.138e+06	1.14875e+06	1.16175e+06	1.143e+06	
1.15875e+06	1.172e+06	1.16175e+06	1.14475e+06	1.1235e+06	
1.14675e+06	1.11025e+06	1.14675e+06	1.1165e+06	1.14225e+06	
1.14225e+06	1.148e+06	1.117e+06	1.1355e+06	1.1215e+06	
1.16375e+06	1.11775e+06	1.12975e+06	1.1455e+06	1.1355e+06	
1.17325e+06	1.1625e+06	1.13225e+06	1.13925e+06	1.1525e+06	
1.12975e+06	1.1315e+06	1.1505e+06	1.104e+06	1.10575e+06	
1.1265e+06	1.155e+06	1.14175e+06	1.14175e+06	1.13275e+06	
1.13275e+06	1.1235e+06	1.14175e+06	1.13975e+06	1.1355e+06	
1.14725e+06	1.131e+06	1.13425e+06	1.146e+06	1.13975e+06	
1.16e+06	1.14175e+06	1.124e+06	1.1455e+06	1.12025e+06	
1.17075e+06	1.17325e+06	1.16375e+06	1.13925e+06	1.14875e+06	
1.138e+06	1.1405e+06	1.172e+06	1.13025e+06	1.117e+06	
1.13475e+06	1.175e+06	1.1505e+06	1.13275e+06	1.13975e+06	
1.1795e+06	1.16e+06	1.16175e+06	1.16625e+06	1.12775e+06	
1.172e+06	1.163e+06	1.1265e+06	1.13475e+06	1.15375e+06	
1.13475e+06	1.12975e+06	1.1435e+06	1.13275e+06	1.1335e+06	
1.15125e+06	1.16125e+06	1.158e+06	1.1575e+06	1.124e+06	
1.1215e+06	1.14425e+06	1.15625e+06	1.16375e+06	1.148e+06	
1.17325e+06	1.163e+06	1.14675e+06	1.1525e+06	1.14725e+06	
1.17075e+06	1.16125e+06	1.13275e+06	1.153e+06	1.1335e+06	
1.13025e+06	1.16825e+06	1.13475e+06	1.1625e+06	1.12475e+06	
1.199e+06	1.14725e+06	1.1625e+06	1.1405e+06	1.143e+06	
1.1455e+06	1.12775e+06	1.15e+06	1.126e+06	1.1145e+06	
1.14225e+06	1.1525e+06	1.13925e+06	1.11775e+06	1.12275e+06	
1.15125e+06	1.17375e+06	1.14725e+06	1.12475e+06	1.11975e+06	
1.146e+06	1.14475e+06	1.13025e+06	1.109e+06	1.1e+06	
1.14725e+06	1.15925e+06	1.1505e+06	1.131e+06	1.121e+06	
1.1435e+06	1.13475e+06	1.1215e+06	1.13975e+06	1.129e+06	
1.14675e+06	1.15925e+06	1.1555e+06	1.1145e+06	1.1285e+06	
1.17125e+06	1.16e+06	1.1405e+06	1.148e+06	1.13425e+06	
1.1335e+06	1.15175e+06	1.14225e+06	1.14675e+06	1.112e+06	
1.12025e+06	1.1455e+06	1.09325e+06	1.13475e+06	1.1285e+06	
1.10825e+06	1.1455e+06	1.1065e+06	1.12275e+06	1.11775e+06	
1.1165e+06	1.143e+06	1.131e+06	1.11025e+06	1.11575e+06	
1.1235e+06	1.10775e+06	1.13225e+06	1.131e+06	1.119e+06	
1.12225e+06	1.129e+06	1.129e+06	1.119e+06	1.12775e+06	
1.13225e+06	1.1185e+06	1.1385e+06	1.119e+06	1.102e+06	
1.136e+06	1.1235e+06	1.095e+06	1.09075e+06	1.1145e+06	
1.14425e+06	1.12725e+06	1.08425e+06	1.11975e+06	1.08425e+06	
1.1285e+06	1.1045e+06	1.07375e+06	1.092e+06	1.12525e+06	
1.1215e+06	1.1115e+06	1.1315e+06	1.124e+06	1.1045e+06	
1.12025e+06	1.121e+06	1.11075e+06	1.124e+06	1.08625e+06	
1.0995e+06	1.13225e+06	1.08175e+06	1.08425e+06	1.07375e+06	
1.10525e+06	1.10125e+06	1.11775e+06	1.09125e+06	1.08375e+06	
1.10325e+06	1.13025e+06	1.1165e+06	1.0875e+06	1.1095e+06	
1.124e+06	1.1315e+06	1.0975e+06	1.114e+06	1.08375e+06	
1.11075e+06	1.1095e+06	1.10075e+06	1.1115e+06	1.09625e+06	
1.11775e+06	1.08625e+06	1.051e+06	1.09875e+06	1.104e+06	
1.1385e+06	1.0825e+06	1.1145e+06	1.12025e+06	1.0825e+06	
1.1185e+06	1.117e+06	1.085e+06	1.11325e+06	1.085e+06	
1.124e+06	1.10275e+06	1.0705e+06	1.06225e+06	1.0725e+06	
1.092e+06	1.095e+06	1.10325e+06	1.08e+06	1.09875e+06	
1.078e+06	1.12275e+06	1.09e+06	1.0725e+06	1.1555e+06	
1.0895e+06	1.06175e+06	1.0875e+06	1.0855e+06	1.10325e+06	
1.0855e+06	1.07375e+06	1.0895e+06	1.10325e+06	1.08175e+06	
1.08125e+06	1.1045e+06	1.0945e+06	1.102e+06	1.05675e+06	
1.1e+06	1.08825e+06	1.06925e+06	1.097e+06	1.07625e+06	
1.07925e+06	1.07675e+06	1.078e+06	1.06175e+06	1.063e+06	
1.075e+06	1.0825e+06	1.05025e+06	1.049e+06	1.06175e+06	
1.073e+06	1.06225e+06	1.0435e+06	1.03775e+06	1.037e+06	
1.05475e+06	1.04475e+06	1.05475e+06	1.04225e+06	1.051e+06	
1.049e+06	1.049e+06	1.03825e+06	1.04725e+06	1.0535e+06	
1.0585e+06	1.046e+06	1.054e+06	1.04075e+06	1.05275e+06	
1.06425e+06	1.06675e+06	1.0265e+06	1.05225e+06	1.0775e+06	
1.06925e+06	1.078e+06	1.06225e+06	1.0705e+06	1.06425e+06	
1.054e+06	1.04525e+06	1.034e+06	1.05025e+06	1.05975e+06	
1.075e+06	1.06975e+06	1.02575e+06	1.08175e+06	1.0395e+06	
1.05975e+06	1.04475e+06	1.02575e+06	1.06725e+06	1.04775e+06	
1.0245e+06	1.06725e+06	1.05475e+06	1.04525e+06	1.0605e+06	
1.08e+06	1.049e+06	1.0025e+06	1.0315e+06	1.0395e+06	
1.0435e+06	1.0265e+06	1.03575e+06	1.0315e+06	1.00625e+06	
1.058e+06	1.0125e+06	1.0145e+06	1.01825e+06	998750	
1.01625e+06	1.01375e+06	1.008e+06	986000	991000	
993500	979750	978500	982250	993500	
994750	1.008e+06	979750	984250	959500	
1.012e+06	998000	999250	1.00925e+06	991750	
1.0265e+06	998750	996250	1.022e+06	999250	
1.02825e+06	1.03075e+06	1.02325e+06	1.008e+06	1.008e+06	
1.02075e+06	1.02125e+06	1.0055e+06	1.01375e+06	1.01825e+06	
1.0315e+06	1.0145e+06	1.02375e+06	1.01875e+06	1.02375e+06	
1.0415e+06	1.01575e+06	1.01875e+06	1.04025e+06	1.025e+06	
1.0345e+06	1.0195e+06	1.00425e+06	1.01125e+06	1.01875e+06	
1.02325e+06	1.01575e+06	1.00425e+06	1.02075e+06	1.01075e+06	
1.03575e+06	1.03325e+06	1.01575e+06	1.03075e+06	1.04975e+06	
1.03325e+06	1.01125e+06	1.0295e+06	1.0435e+06	999250	
1.01825e+06	1.01825e+06	1.03825e+06	1.0025e+06	1.034e+06	
1.03025e+06	1.034e+06	1.039e+06	1.032e+06	1.0245e+06	
1.00175e+06	1.008e+06	1.03525e+06	1.03575e+06	1.022e+06	
1.04075e+06	995500	1.0195e+06	1.01075e+06	1.025e+06	
1.01825e+06	1.0295e+06	1.029e+06	1.04475e+06	998750	
1.04075e+06	1.022e+06	1.003e+06	1.0075e+06	999250	
1.0175e+06	1.003e+06	995500	1.0025e+06	997500	
996250	1.02075e+06	1.005e+06	1.01075e+06	1.00625e+06	
1.0295e+06	1.012e+06	1.0125e+06	1.01075e+06	1.00125e+06	
1.0005e+06	1.0175e+06	1.008e+06	1.0025e+06	1.003e+06	
1.00925e+06	1.044e+06	1.00425e+06	1.02125e+06	984750	
984750	990500	1.00175e+06	991000	973500	
993000	996750	973500	1.0005e+06	1.008e+06	
1.0225e+06	998750	987250	1.00425e+06	975250	
1.008e+06	992250	990500	998750	977750	
991000	986750	983500	975250	1.02125e+06	
1.0125e+06	1.008e+06	1.015e+06	988000	990500	
981750	984750	1.0295e+06	1.0005e+06	962750	
983500	1.0005e+06	998750	1.01e+06	986750	
1.00425e+06	1.01125e+06	975250	986750	989250	
1.00425e+06	992250	981750	993000	994250	
1.00625e+06	998000	1.0125e+06	974000	975250	
1.02775e+06	984750	998750	993000	976500	
990500	996750	976500	988500	979750	
973500	976500	979000	984750	967250	
967250	952000	933000	960250	966000	
950250	955250	959500	947000	945000	
960750	940750	935000	935000	924250	
914750	939500	938250	907250	944500	
941250	938250	953250	935750	929250	
973500	944500	940000	925000	927500	
983000	955250	942000	972250	917250	
955250	971500	969000	956500	923000	
964000	960750	969000	971500	979750	
959500	986750	959000	937500	954500	
961500	967250	954000	965250	970250	
942500	952750	953250	952000	951500	
974000	944500	942000	947000	941250	
967250	948750	924250	958250	924250	
948250	947000	960750	951500	937000	
967250	948250	942000	947500	932500	
954000	964000	937500	953250	958250	
954500	954500	954500	949500	945750	
962000	931750	960750	961500	933000	
921250	953250	928750	935750	947000	
938250	951500	926750	938750	971500	
964750	943250	943750	946250	932500	
934500	924250	952000	931750	935000	
919250	940750	936250	948250	955250	
967250	947500	930500	937500	934500	
930000	939500	954500	924250	938250	
925500	916000	935750	938250	904750	
911750	920500	909250	926750	922500	
934500	920000	928000	920000	935000	
933000	904750	950250	930000	943250	
922500	930500	915500	943250	925000	
935000	915500	956500	930000	925000	
915500	901000	921750	928000	911000	
920500	923750	932500	931250	926250	
918750	931250	906000	902250	913500	
933750	936250	936250	938750	904750	
933750	932500	911750	916000	891000	
943750	910500	904250	884500	872500	
921250	921750	914750	901500	892750	
908000	901500	915500	875750	913000	
934500	918000	910500	918000	926250	
914250	907250	892750	909250	918000	
905500	908500	911750	888500	902250	
904250	902750	904750	886500	906000	
903500	908000	893500	877750	899750	
885250	925000	896000	887000	908000	
919250	903500	902250	918000	867000	
884500	899000	899000	884000	908500	
887750	892250	887000	889000	879000	
896500	870750	887750	872000	887000	
889750	884500	887750	884500	870750	
876500	890250	880750	885750	875750	
899750	874000	875250	887750	896500	
907250	898500	879500	881500	891500	
886500	887750	899750	901000	862000	
893500	902250	913500	879500	887750	
880250	897250	901500	881500	880250	
887000	868750	885750	877000	882750	
884500	872500	897250	861250	881500	
881500	887000	883250	891500	892250	
886500	888500	867500	883250	868250	
889750	889750	895250	874000	869500	
880750	868750	870000	860750	859500	
870750	859500	873250	874000	866250	
874000	855500	867500	884000	878250	
836000	868750	845500	860000	863750	
878250	863250	864500	860000	855500	
866250	852500	868250	834750	853000	
858750	851750	853750	870000	852500	
855000	865000	878250	857500	865000	
853750	856250	845000	862000	850000	
846250	868750	855500	848000	836000	
853750	862000	860000	851750	858750	
834750	850500	855000	848000	848000	
849250	843000	848750	858250	834250	
876500	852500	850500	877000	840500	
851250	874000	817250	836000	850000	
834750	854250	851750	853000	850000	
850500	857500	844250	823500	845000	
841750	824750	827250	819750	833000	
857500	835500	837250	854250	839750	
867500	816000	817750	828500	838000	
829250	855500	846750	832250	844250	
846250	825250	838000	846250	844250	
850500	844250	826500	833000	848750	
863250	839750	836750	845500	860750	
826500	837250	821000	848750	822250	
840500	843750	816500	809000	811500	
816000	827250	809500	824750	828000	
826000	824000	819000	824750	821000	
828500	821500	807750	823500	792000	
834250	816500	802000	836000	824000	
826000	804500	801500	807750	836750	
800750	824000	835500	804000	804500	
804500	817750	804000	810250	807000	
807000	802750	810750	794500	793750	
811500	800250	817750	826000	809000	
788250	800250	831750	775500	790000	
787000	807750	818500	800250	806500	
800250	809500	783750	780500	807750	
797750	780500	794500	773750	783750	
801500	807000	788250	797000	809000	
800750	784500	775000	809500	770500	
763500	792000	764250	778000	771250	
785750	776250	777500	760500	771750	
782000	793250	773750	793750	800250	
778750	793750	774250	785000	772500	
771750	771250	773000	753500	771750	
773750	773750	772500	753000	754750	
780500	763500	768000	734000	753500	
772500	768000	767500	743500	745250	
786250	764750	741000	749000	746500	
767500	781250	746500	758500	767500	
763500	785000	755500	731500	769250	
753000	770000	773000	756000	758500	
773000	763000	773000	776250	755500	
744750	744000	734500	764750	754750	
769250	746000	783750	738500	745250	
748500	749000	758000	751000	752250	
771750	753000	773000	757250	748500	
755500	783250	755500	756000	747750	
769250	793750	759250	763000	751750	
762250	757250	772500	753500	756750	
770000	766250	763000	791250	770500	
747250	770500	771750	766750	772500	
776750	789500	775500	773750	778000	
776250	785000	780000	754250	780000	
769250	759250	774250	782500	777500	
793250	772500	778000	752250	776750	
776750	778000	762250	786250	768000	
787500	788750	771750	761000	765500	
786250	783250	774250	786250	766750	
778750	778750	770000	783250	787000	
765500	789500	782000	784500	763500	
764750	765500	776750	777500	782000	
774250	787500	775000	772500	761750	
776250	758000	771250	777500	762250	
767500	761000	756750	753000	759750	
759250	743500	772500	768750	746000	
754250	756750	738500	737750	756000	
746000	751750	758000	740250	739750	
753500	784500	757250	730250	756750	
739000	783750	758500	742750	742750	
759750	762250	729000	746000	746000	
743500	737250	754750	736500	752250	
739750	725750	763000	740250	747750	
753500	741000	755500	749000	720750	
748500	738500	742250	765500	756750	
759250	739000	752250	737250	749750	
758500	736500	742750	728250	737750	
734000	743500	737750	749000	739000	
729500	737250	750500	739750	744750	
748500	744750	735250	749000	722000	
746000	770000	734000	756750	737750	
757250	756000	747750	763500	754250	
732000	754750	735250	739750	763500	
736500	773000	740250	746500	735250	
729500	744000	735250	757250	742750	
725750	741500	724500	751000	729000	
755500	733250	735250	754750	741000	
727750	746500	727750	744000	739750	
764750	741500	742750	742250	734000	
744000	739750	746500	740250	705000	
737250	732000	750500	746000	737250	
747750	737250	737750	740250	725750	
713750	708250	718750	738500	721500	
740250	725750	722750	736500	728250	
720750	732750	715750	730250	735250	
741500	746500	726500	714500	732750	
730250	754250	737750	729000	746000	
736000	734500	734500	732000	734500	
725250	732000	737750	719500	725750	
717000	725250	701750	726500	710000	
723250	743500	719500	712500	720250	
725250	710750	740250	724500	734500	
712000	731500	708750	730250	741500	
735250	736500	735250	749000	738500	
729000	722750	737750	738500	739000	
724500	732000	726500	732750	712500	
727750	707000	725250	731500	736500	
726500	728250	744750	734000	747250	
754250	728250	735250	733250	723250	
724500	740250	725250	741000	717000	
744000	732750	737250	741500	747750	
744000	726500	731500	734500	756000	
724500	730750	750500	727000	727750	
724500	708250	745250	732000	742250	
735250	739000	730250	751000	729000	
732000	734000	710000	732000	734000	
736000	724500	733250	730250	741000	
727750	732000	745250	724000	734000	
727750	717000	732750	712500	730250	
720250	727000	734000	724500	712000	
711250	715750	744000	720250	736000	
739750	724000	727000	712500	715750	
722750	739000	727750	709500	724500	
717500	731500	732750	720250	729000	
722750	744000	715750	711250	718750	
710750	732000	717000	729000	703000	
731500	715750	710000	706250	738500	
730250	713250	695000	720250	724000	
712500	720750	702500	720250	701750	
722750	715750	719500	729500	690500	
728250	724000	729000	720750	718250	
724500	727000	720250	714500	703000	
722750	733250	705000	725250	704500	
690000	714500	716250	703750	727750	
707500	710750	720250	706250	727000	
688000	703000	701750	693000	712000	
703750	707500	693750	708750	719500	
700000	704500	705000	700000	716250	
693750	716250	708250	684250	698750	
690000	698000	700000	696750	695000	
707000	718250	715000	674250	686000	
690500	677250	686750	659000	698750	
668500	693750	701250	691250	689250	
679250	680500	699250	695000	678000	
690000	683000	683500	682250	682250	
681000	686750	673500	672250	679250	
676750	690000	683500	671000	669000	
672750	662750	696750	672750	676000	
658500	679250	667250	668500	664000	
672250	676750	667750	683500	652000	
690500	650750	681750	658500	658500	
653250	659750	656500	662750	659750	
650250	666500	668500	665250	671500	
654000	645750	662250	659000	658500	
649500	672250	666500	681750	666000	
665250	665250	644500	649000	640000	
666500	666000	652000	655250	655750	
667750	667250	669000	637500	639500	
638250	641250	654500	659750	656500	
654500	638250	662250	673500	655250	
669000	654000	666000	648250	642500	
666000	650250	658500	642500	651500	
638750	648250	657000	669000	642000	
661500	666000	655750	659750	652000	
673500	656500	658500	652750	666500	
662250	652000	656500	644000	649000	
647750	670250	645250	659000	653250	
654500	637500	649500	655750	639500	
659750	655250	642500	653250	648250	
650250	664750	657750	667750	668500	
652000	654500	650750	658500	662250	
654000	656500	661500	684750	641250	
652000	644000	642000	646500	644500	
664750	656500	666500	674250	679250	
652750	657000	656500	651500	644000	
653250	659750	656500	655250	667250	
655750	669750	669750	663500	653250	
682250	666000	663500	655750	655750	
682250	667250	669750	650750	654500	
650250	667250	662250	666000	673500	
676750	666000	667250	659000	673500	
669000	672250	654500	664000	671500	
655750	671500	675500	649000	655250	
649500	661000	666000	665250	634500	
651500	657000	669750	650250	642500	
647000	650250	659750	658500	650250	
657000	645750	672250	644500	647000	
641250	650750	661500	654500	659000	
678500	656500	656500	654000	661000	
645750	635750	648250	664000	649000	
662250	657750	673500	657750	657750	
657000	678000	654500	650750	664750	
659750	640000	655750	639500	657000	
656500	663500	653250	650750	655250	
642500	651500	662750	648250	661000	
647000	651500	665250	642500	656500	
648250	664000	632000	654000	654500	
633250	651500	641250	643250	652000	
640750	649000	656500	647750	650250	
645250	661000	645250	645250	650250	
648250	652000	656500	633750	652000	
659000	647000	667250	657000	642000	
644000	657000	640750	665250	652000	
641250	632000	642000	650250	646500	
661500	646500	640000	650250	671500	
641250	637000	640750	640750	681000	
652000	657000	632000	650750	640750	
661000	668500	652750	652750	642000	
649500	657000	661000	657750	654500	
649500	655750	666500	640000	650750	
653250	668500	676750	655250	654000	
655750	644500	653250	659000	651500	
659000	659000	650250	655250	666000	
655750	658500	661500	655250	650750	
650750	664000	644500	651500	646500	
669000	656500	644500	646500	644500	
655250	640750	647750	652000	655750	
642000	661000	651500	655250	649000	
652750	645250	663500	642500	655250	
638750	652000	625500	639500	648250	
643250	667250	655750	657000	653250	
666500	672750	657750	638250	662750	
654500	649000	659750	655250	639500	
645250	656500	649000	642500	650250	
661000	663500	654000	634500	657750	
652750	657000	646500	655750	646500	
659750	638750	667750	667750	649000	
642000	654500	654500	646500	638250	
646500	659750	642000	633750	650250	
650250	652750	647000	662250	641250	
661500	649500	652000	633750	640750	
657000	640750	651500	646500	639500	
677250	667250	666000	662250	651500	
645750	662250	642000	643250	654000	
644000	650250	640750	642000	642000	
637000	642000	652000	644500	632500	
642000	664000	645750	644500	657000	
664750	632000	652750	661000	655750	
641250	647000	653250	650250	642000	
668500	675500	659000	645750	647000	
648250	645750	633250	676000	652750	
648250	648250	654000	639500	654500	
640750	645750	662750	652750	637500	
658500	649500	641250	661500	637000	
631250	644000	663500	642500	645750	
649000	659000	650250	647750	664000	
660250	654000	655750	648250	654500	
660250	649000	664000	644000	649000	
630000	659750	666000	657000	655750	
643250	658500	644000	656500	654000	
643250	659750	656500	660250	633250	
652750	645750	667750	642500	662250	
633750	644500	647000	659750	644500	
664000	650750	659000	647000	657750	
627500	647750	655750	632000	652000	
627500	644500	649500	655250	642500	
623750	651500	657750	641250	649500	
652000	649500	633250	637000	650750	
643250	644000	645750	655750	659000	
654000	655250	651500	650750	645750	
646500	649500	638250	647750	662750	
630750	648250	662750	633250	649500	
650750	638250	641250	644500	641250	
655250	663500	642500	647750	657000	
652000	646500	640750	651500	642500	
652000	650750	645250	652750	645250	
645250	647750	672750	652750	638250	
657750	632500	644500	644500	640750	
656500	646500	650250	652750	652000	
666000	639500	632500	650750	660250	
661000	641250	651500	650250	678000	
646500	662750	645250	662750	646500	
621250	649000	629500	653250	637500	
662250	648250	638750	630000	643250	
630000	650750	654000	633750	656500	
660250	645750	649500	645250	659000	
662250	654000	631250	650250	642000	
648250	649500	644500	642500	655250	
659750	647750	645750	631250	665250	
645250	635000	649500	644500	630750	
626250	664000	655750	656500	648250	
647000	648250	655750	655250	661000	
641250	652000	639500	650250	669000	
657000	655250	649000	637000	651500	
637500	649000	634500	643250	642500	
655750	645750	649000	642000	647750	
650750	662750	654000	642500	632500	
650750	657000	655750	665250	653250	
649500	641250	626750	642000	628250	
642500	655750	640750	656500	633750	
656500	642500	639500	652000	675500	
656500	647750	649500	633750	633750	
656500	648250	646500	645250	656500	
639500	663500	659750	639500	659000	
627500	649000	650250	654500	659750	
630750	640000	632000	647000	644000	
650750	651500	650750	663500	644500	
650750	642500	657000	633750	661000	
639500	642500	644500	634500	661000	
661500	633250	626250	663500	640750	
632500	651500	655750	643250	661000	
632500	635750	641250	652750	638250	
640000	644000	640750	640750	654000	
642000	628750	616750	655750	644000	
645750	645250	642000	635000	625000	
646500	648250	652750	649000	660250	
645250	640000	663500	633750	641250	
635000	640750	659000	630000	638250	
650750	639500	644500	642500	630750	
641250	633750	661000	638750	628750	
658500	637500	644000	642000	656500	
633750	641250	652750	640750	648250	
632500	637500	643250	652750	631250	
638750	633250	644500	664000	645250	
630750	652000	652750	638250	647000	
641250	644000	644500	649500	655750	
650750	640750	637500	636250	638750	
642500	651500	638750	640000	639500	
643250	637500	650750	633250	649000	
636250	625500	637500	633750	648250	
658500	634500	657000	647000	627500	
655250	647750	632500	652000	638250	
618750	643250	648250	657750	649500	
645250	621250	638750	647750	629500	
640750	632500	640000	621750	647750	
642500	634500	643250	634500	637500	
628750	631250	641250	654500	641250	
640750	635000	664000	645250	645750	
637500	645750	640750	662750	654500	
659000	636250	644000	632000	659000	
640000	638250	637500	645750	649000	
640750	648250	647000	652000	634500	
664000	636250	616750	642500	642500	
630000	636250	625000	636250	629500	
643250	645750	649500	630750	619250	
635000	646500	644000	626250	645750	
647750	638750	644500	632000	645750	
633250	625500	640750	625000	640000	
622500	644500	627500	647000	630750	
654000	654000	648250	631250	647000	
632500	633250	630750	640750	632500	
632500	629500	642000	637000	650250	
626250	621250	633750	652750	627500	
633750	639500	631250	635750	647750	
657000	632000	636250	658500	635750	
644000	644000	636250	627500	625000	
633750	642000	657000	642000	651500	
635750	643250	637000	652750	652750	
633250	649500	637000	642500	621250	
654500	637000	645750	642500	628750	
647000	633250	652000	630000	620000	
626750	644500	647000	647000	647000	
633750	636250	625500	633750	647750	
646500	629500	645750	630000	629500	
647000	644500	618750	632500	645750	
639500	637500	634500	625000	646500	
639500	626750	634500	635750	642000	
653250	652000	661500	645750	636250	
637000	632000	635000	646500	643250	
639500	632000	635750	636250	635000	
662250	631250	643250	641250	654500	
648250	652000	666000	659000	638250	
633750	632000	616750	638750	657000	
637000	642000	647750	639500	646500	
639500	647000	652750	650750	662750	
643250	640750	637500	634500	629500	
630000	662250	626250	668500	651500	
644500	657000	632000	644500	616750	
637000	667250	636250	638250	633250	
663500	630750	633750	633750	644000	
642500	626250	641250	647000	638250	
644000	642000	635750	642500	634500	
630750	621750	642000	649500	644500	
653250	632000	637000	627500	633750	
631250	644000	637000	625500	643250	
641250	640750	610500	632000	640000	
637000	642000	636250	645250	648250	
649000	635750	643250	640750	625500	
623750	642000	643250	649000	642000	
640750	637000	642000	644000	650250	
644500	635000	625000	640750	640000	
644500	634500	661000	640000	620000	
625500	626250	622500	637500	636250	
623000	652000	641250	632000	632000	
644000	647000	630750	639500	635000	
654500	638750	623750	626250	638750	
643250	634500	628750	632500	628750	
647750	623000	640000	626250	642000	
645250	619250	620500	635750	619250	
621750	619250	645250	625500	627500	
643250	635750	640750	645750	640750	
636250	633250	634500	645250	649500	
642500	649000	618750	642000	633250	
638750	644500	647750	631250	640750	
657000	630750	638750	633750	638750	
636250	644000	636250	645250	637500	
624250	646500	650750	628750	638250	
620000	635750	638250	637000	640000	
625500	632000	633750	614250	627500	
639500	637500	645750	644500	637000	
649500	625500	621750	641250	637500	
638250	642000	646500	638250	631250	
626250	649000	638750	637000	636250	
628750	624250	642000	628250	637500	
626750	631250	627500	628250	628250	
625500	667750	630750	638250	637500	
626250	639500	644500	640000	637000	
638250	619250	638250	615500	632000	
647000	644500	629500	642500	628750	
640750	635750	641250	641250	627500	
632500	633750	645250	642500	644000	
635750	647000	635750	651500	650750	
638750	626750	646500	627500	633250	
628250	640750	620500	633750	621750	
625000	631250	648250	640750	628750	
632500	628250	623750	627500	654500	
623750	629500	641250	630750	636250	
645750	637000	647000	635000	628750	
646500	641250	628750	634500	632000	
640000	647000	640000	641250	650750	
640000	636250	639500	627500	629500	
634500	643250	642000	641250	633250	
625000	632000	638250	628750	619250	
634500	611750	634500	635750	630750	
659000	628250	635000	639500	633750	
646500	625500	642000	607250	644500	
643250	636250	640750	629500	632500	
632500	655750	622500	633250	633250	
634500	647000	629500	628750	620000	
625500	636250	636250	637000	635750	
623000	642500	635750	641250	633250	
642500	640750	631250	630750	637500	
638750	631250	633750	633750	644000	
643250	647000	638250	638250	640000	
627500	628250	632000	623000	641250	
628750	640000	646500	630750	638750	
651500	636250	621750	622500	625000	
638250	638250	621750	629500	633250	
650250	628250	627500	627500	638750	
644000	631250	648250	621250	642000	
620500	632500	644500	637500	639500	
643250	634500	635750	637500	642500	
643250	634500	635750	637500	642500	
643250	634500	635750	637500	642500	
