4250	4250	4250	4250	4250	
7.13825e+06	7.13825e+06	7.13825e+06	7.13825e+06	7.13825e+06	
524250	543750	541250	533000	532250	
514750	512250	529750	513500	511500	
520250	507750	532250	501500	533500	
517750	513500	522250	498250	525500	
514000	495250	522250	514750	521750	
514750	517250	516500	511000	533000	
512750	510250	516500	517250	520250	
534750	517250	536750	521750	514750	
518500	527250	533000	534750	537500	
533000	521000	516500	525500	519000	
529250	523000	514000	521000	514750	
524750	550000	557000	528000	528500	
531750	534250	531750	538000	519000	
557500	530500	545000	530500	533000	
533500	542500	540500	555000	558250	
552000	543750	552000	557500	552000	
558250	569500	552000	563750	550000	
569500	572000	583500	553750	557000	
574500	571500	558250	575250	572750	
561250	578250	572750	579500	570250	
582250	579000	579500	586000	578250	
676000	645250	671500	657000	646500	
844250	819000	824750	824750	821500	
835500	865000	850000	820250	850500	
872500	850000	851750	859500	877000	
855500	863750	850500	866250	872500	
840500	874500	879000	845000	891500	
894750	864500	850500	877000	873250	
896500	885750	875750	867500	904250	
901000	912250	916000	903500	893500	
913000	916750	920500	890250	925000	
947000	931250	944500	952750	930500	
933750	930000	929250	960250	916750	
963250	931750	940750	942500	940750	
950750	925000	947000	937000	929250	
933750	921750	943750	959000	942500	
938250	926750	918000	930000	941250	
929250	927500	926750	962750	947000	
940000	943250	954000	954000	935000	
977750	981750	987250	953250	986000	
1e+06	984750	1.01375e+06	987250	1.022e+06	
1.00425e+06	1.01125e+06	1.00425e+06	1.0005e+06	987250	
994750	1.02075e+06	1.034e+06	991750	1.00875e+06	
996750	1.008e+06	1.03025e+06	996250	1.0055e+06	
983000	1.00875e+06	1.0175e+06	984250	1.00925e+06	
1.00875e+06	1.02125e+06	999250	989750	1.01e+06	
1.005e+06	1.012e+06	991000	1.008e+06	993500	
981000	985500	1.008e+06	978500	986750	
972250	956500	960750	932500	971500	
959000	954000	955750	962000	963250	
981750	943750	969750	960750	958250	
929250	949500	948750	940000	951500	
923750	920000	932500	928750	913000	
939500	942000	933750	931250	933000	
982250	972250	994250	983500	964000	
1.063e+06	1.03775e+06	1.05275e+06	1.06475e+06	1.04725e+06	
1.0515e+06	1.06925e+06	1.078e+06	1.07875e+06	1.07425e+06	
1.05275e+06	1.046e+06	1.027e+06	1.06675e+06	1.0485e+06	
1.0225e+06	987250	1.0225e+06	1.02775e+06	1.02075e+06	
1.00125e+06	1.0175e+06	1.0225e+06	980500	997500	
1.00625e+06	1.02125e+06	1.025e+06	1.02e+06	1.03275e+06	
1.0195e+06	1.00675e+06	1.01375e+06	1.00925e+06	1.02575e+06	
1.063e+06	1.0485e+06	1.02125e+06	1.0535e+06	1.0395e+06	
1.0465e+06	1.083e+06	1.068e+06	1.05925e+06	1.08875e+06	
1.08375e+06	1.097e+06	1.0995e+06	1.104e+06	1.09825e+06	
1.0875e+06	1.104e+06	1.07425e+06	1.092e+06	1.1045e+06	
1.0895e+06	1.10575e+06	1.0925e+06	1.1095e+06	1.11275e+06	
1.097e+06	1.11275e+06	1.124e+06	1.0925e+06	1.097e+06	
1.12525e+06	1.13225e+06	1.14225e+06	1.1355e+06	1.12275e+06	
1.1455e+06	1.12775e+06	1.167e+06	1.1065e+06	1.11075e+06	
1.12225e+06	1.14675e+06	1.13675e+06	1.129e+06	1.153e+06	
1.2085e+06	1.1865e+06	1.22175e+06	1.20725e+06	1.2015e+06	
1.245e+06	1.228e+06	1.255e+06	1.247e+06	1.23e+06	
1.27475e+06	1.2815e+06	1.2475e+06	1.257e+06	1.2495e+06	
1.2445e+06	1.24325e+06	1.24875e+06	1.2135e+06	1.267e+06	
1.22875e+06	1.2665e+06	1.264e+06	1.25e+06	1.262e+06	
1.2495e+06	1.21675e+06	1.242e+06	1.259e+06	1.2445e+06	
1.2085e+06	1.25e+06	1.21475e+06	1.21425e+06	1.2475e+06	
1.20525e+06	1.20775e+06	1.2035e+06	1.228e+06	1.2065e+06	
1.21675e+06	1.20475e+06	1.22675e+06	1.21425e+06	1.20525e+06	
1.23425e+06	1.23175e+06	1.23175e+06	1.25125e+06	1.25075e+06	
1.28725e+06	1.25575e+06	1.257e+06	1.2695e+06	1.2885e+06	
1.32875e+06	1.264e+06	1.28675e+06	1.31875e+06	1.32075e+06	
1.29175e+06	1.29925e+06	1.31125e+06	1.3195e+06	1.305e+06	
1.26325e+06	1.27525e+06	1.2985e+06	1.267e+06	1.279e+06	
1.22675e+06	1.25575e+06	1.257e+06	1.26325e+06	1.25775e+06	
1.26825e+06	1.27775e+06	1.3125e+06	1.291e+06	1.25775e+06	
1.31425e+06	1.28225e+06	1.29725e+06	1.3245e+06	1.28275e+06	
1.267e+06	1.252e+06	1.24625e+06	1.262e+06	1.26075e+06	
1.2235e+06	1.21725e+06	1.22875e+06	1.24575e+06	1.2305e+06	
1.21425e+06	1.23125e+06	1.21925e+06	1.2375e+06	1.21225e+06	
1.20975e+06	1.22625e+06	1.24575e+06	1.2185e+06	1.25125e+06	
1.15125e+06	1.1625e+06	1.1815e+06	1.18025e+06	1.19475e+06	
1.146e+06	1.117e+06	1.1675e+06	1.13975e+06	1.1355e+06	
1.17e+06	1.1895e+06	1.15875e+06	1.15925e+06	1.15175e+06	
1.1575e+06	1.1675e+06	1.1915e+06	1.192e+06	1.1505e+06	
1.1555e+06	1.1725e+06	1.18075e+06	1.18025e+06	1.17625e+06	
1.2255e+06	1.21725e+06	1.2105e+06	1.22225e+06	1.26775e+06	
1.305e+06	1.274e+06	1.298e+06	1.2665e+06	1.27475e+06	
1.322e+06	1.30675e+06	1.30375e+06	1.29175e+06	1.33825e+06	
1.33075e+06	1.288e+06	1.3125e+06	1.30675e+06	1.32e+06	
1.34025e+06	1.3485e+06	1.35525e+06	1.3195e+06	1.3415e+06	
1.34975e+06	1.3735e+06	1.3585e+06	1.37225e+06	1.35225e+06	
1.402e+06	1.40575e+06	1.42275e+06	1.422e+06	1.412e+06	
1.465e+06	1.49775e+06	1.4655e+06	1.4575e+06	1.5185e+06	
1.47575e+06	1.463e+06	1.48775e+06	1.47375e+06	1.5205e+06	
1.4625e+06	1.4605e+06	1.455e+06	1.4485e+06	1.46925e+06	
1.397e+06	1.39125e+06	1.41525e+06	1.3855e+06	1.39575e+06	
1.3635e+06	1.36425e+06	1.36675e+06	1.3535e+06	1.33825e+06	
1.3635e+06	1.3585e+06	1.36425e+06	1.3975e+06	1.37675e+06	
1.40325e+06	1.417e+06	1.38e+06	1.39175e+06	1.42025e+06	
1.439e+06	1.45875e+06	1.453e+06	1.46875e+06	1.463e+06	
1.511e+06	1.511e+06	1.514e+06	1.533e+06	1.53425e+06	
1.4315e+06	1.4455e+06	1.4315e+06	1.4605e+06	1.492e+06	
1.38e+06	1.36725e+06	1.41525e+06	1.35775e+06	1.405e+06	
1.29725e+06	1.33325e+06	1.349e+06	1.3345e+06	1.301e+06	
1.2715e+06	1.25075e+06	1.25575e+06	1.25825e+06	1.24825e+06	
1.19775e+06	1.22675e+06	1.22175e+06	1.23125e+06	1.20275e+06	
1.19075e+06	1.199e+06	1.19975e+06	1.16125e+06	1.2035e+06	
1.194e+06	1.184e+06	1.2155e+06	1.184e+06	1.21925e+06	
1.271e+06	1.21225e+06	1.24e+06	1.238e+06	1.23875e+06	
1.3125e+06	1.34575e+06	1.3585e+06	1.3485e+06	1.33825e+06	
1.4455e+06	1.46125e+06	1.455e+06	1.49775e+06	1.46675e+06	
1.4915e+06	1.47e+06	1.4945e+06	1.5065e+06	1.4775e+06	
1.4335e+06	1.465e+06	1.47325e+06	1.46875e+06	1.51275e+06	
1.43275e+06	1.46925e+06	1.48075e+06	1.46425e+06	1.465e+06	
1.48e+06	1.448e+06	1.47075e+06	1.51725e+06	1.497e+06	
1.4965e+06	1.55325e+06	1.53375e+06	1.5865e+06	1.52725e+06	
1.53425e+06	1.564e+06	1.58525e+06	1.54825e+06	1.53875e+06	
1.52175e+06	1.526e+06	1.57975e+06	1.533e+06	1.574e+06	
1.51275e+06	1.54e+06	1.58725e+06	1.535e+06	1.55125e+06	
1.49325e+06	1.57575e+06	1.54425e+06	1.54875e+06	1.54375e+06	
1.56075e+06	1.5665e+06	1.54425e+06	1.5455e+06	1.5665e+06	
1.59975e+06	1.5985e+06	1.58275e+06	1.5955e+06	1.596e+06	
1.66925e+06	1.62875e+06	1.654e+06	1.661e+06	1.6665e+06	
1.734e+06	1.77175e+06	1.75225e+06	1.74925e+06	1.765e+06	
1.843e+06	1.84625e+06	1.882e+06	1.8065e+06	1.83675e+06	
1.8185e+06	1.86825e+06	1.843e+06	1.88525e+06	1.87075e+06	
1.8455e+06	1.8575e+06	1.8915e+06	1.89525e+06	1.86625e+06	
1.89275e+06	1.90675e+06	1.90925e+06	1.90675e+06	1.9105e+06	
2.02775e+06	1.99875e+06	1.97225e+06	2.01e+06	1.9885e+06	
1.957e+06	1.94375e+06	1.97275e+06	1.98175e+06	1.99675e+06	
1.857e+06	1.8625e+06	1.8375e+06	1.87525e+06	1.8625e+06	
1.748e+06	1.7365e+06	1.71575e+06	1.71375e+06	1.74475e+06	
1.511e+06	1.509e+06	1.54175e+06	1.50275e+06	1.51475e+06	
1.349e+06	1.3445e+06	1.3175e+06	1.37175e+06	1.32575e+06	
1.27225e+06	1.2815e+06	1.301e+06	1.32575e+06	1.29175e+06	
1.42075e+06	1.44175e+06	1.439e+06	1.41525e+06	1.4555e+06	
1.6615e+06	1.666e+06	1.67925e+06	1.69125e+06	1.66975e+06	
1.8545e+06	1.83425e+06	1.882e+06	1.884e+06	1.879e+06	
1.9975e+06	2.007e+06	2.0195e+06	2.0025e+06	1.99625e+06	
2.09775e+06	2.061e+06	2.05025e+06	2.09075e+06	2.10025e+06	
2.017e+06	2.015e+06	2.0655e+06	2.0345e+06	2.0345e+06	
1.80075e+06	1.83225e+06	1.84e+06	1.87775e+06	1.84425e+06	
1.61375e+06	1.62e+06	1.61e+06	1.65025e+06	1.6175e+06	
1.4575e+06	1.48075e+06	1.497e+06	1.47875e+06	1.51725e+06	
1.58025e+06	1.635e+06	1.649e+06	1.61375e+06	1.608e+06	
1.8765e+06	1.85825e+06	1.93625e+06	1.869e+06	1.88525e+06	
2.2085e+06	2.208e+06	2.26075e+06	2.24325e+06	2.211e+06	
2.455e+06	2.4315e+06	2.419e+06	2.487e+06	2.4115e+06	
2.5495e+06	2.5325e+06	2.54325e+06	2.545e+06	2.56075e+06	
2.64275e+06	2.68625e+06	2.64775e+06	2.668e+06	2.6565e+06	
2.719e+06	2.6755e+06	2.73725e+06	2.7e+06	2.673e+06	
2.67925e+06	2.70575e+06	2.70825e+06	2.741e+06	2.7045e+06	
2.702e+06	2.77325e+06	2.73025e+06	2.73775e+06	2.7795e+06	
2.76425e+06	2.7995e+06	2.77125e+06	2.77825e+06	2.77125e+06	
2.84e+06	2.826e+06	2.81475e+06	2.908e+06	2.82175e+06	
2.91425e+06	2.96225e+06	2.9565e+06	2.96525e+06	2.9685e+06	
2.95775e+06	2.952e+06	2.97475e+06	2.9785e+06	2.98925e+06	
2.96025e+06	2.97925e+06	3.04725e+06	3.0725e+06	3.02275e+06	
3.05675e+06	3.04275e+06	3.1335e+06	3.1065e+06	3.0655e+06	
3.00625e+06	3.02825e+06	3.04025e+06	3.02025e+06	3.00875e+06	
2.94775e+06	2.94275e+06	2.95025e+06	2.966e+06	2.947e+06	
3.01375e+06	2.9665e+06	3.05225e+06	3.0125e+06	2.9615e+06	
3.03025e+06	3.07375e+06	3.07375e+06	3.0625e+06	3.05975e+06	
3.06925e+06	3.0385e+06	3.036e+06	3.03275e+06	3.04475e+06	
2.9685e+06	3.05175e+06	3.056e+06	3.00575e+06	3.03025e+06	
2.9685e+06	3.05425e+06	3.08825e+06	3.04525e+06	3.07125e+06	
3.0605e+06	3.085e+06	3.07125e+06	3.12425e+06	3.04725e+06	
2.969e+06	3.02775e+06	2.99e+06	3.046e+06	3.002e+06	
3.05425e+06	3.01775e+06	3.029e+06	3.0295e+06	3.07375e+06	
2.981e+06	3.00125e+06	3.0075e+06	3.01775e+06	3.04975e+06	
3.0215e+06	3.04525e+06	3.08375e+06	3.06875e+06	3.06175e+06	
3.10775e+06	3.09775e+06	3.16375e+06	3.15375e+06	3.1165e+06	
3.17325e+06	3.1215e+06	3.15825e+06	3.199e+06	3.1795e+06	
3.2545e+06	3.235e+06	3.22925e+06	3.283e+06	3.2735e+06	
3.305e+06	3.2925e+06	3.35975e+06	3.3345e+06	3.375e+06	
3.41475e+06	3.4165e+06	3.50675e+06	3.4575e+06	3.48025e+06	
3.453e+06	3.4455e+06	3.50475e+06	3.49725e+06	3.51675e+06	
3.3055e+06	3.324e+06	3.39125e+06	3.42525e+06	3.37175e+06	
3.167e+06	3.14875e+06	3.17075e+06	3.1235e+06	3.1965e+06	
3.114e+06	3.08875e+06	3.17325e+06	3.191e+06	3.1885e+06	
3.22175e+06	3.19275e+06	3.23e+06	3.213e+06	3.189e+06	
3.44425e+06	3.41525e+06	3.4625e+06	3.45125e+06	3.433e+06	
3.55325e+06	3.57975e+06	3.6125e+06	3.54875e+06	3.56575e+06	
3.56075e+06	3.5855e+06	3.5375e+06	3.6195e+06	3.62575e+06	
3.6705e+06	3.644e+06	3.675e+06	3.70125e+06	3.65975e+06	
3.67625e+06	3.60375e+06	3.67925e+06	3.663e+06	3.69125e+06	
3.5785e+06	3.6145e+06	3.605e+06	3.67225e+06	3.57775e+06	
3.5545e+06	3.51975e+06	3.58425e+06	3.5475e+06	3.5595e+06	
3.64275e+06	3.6605e+06	3.66925e+06	3.66225e+06	3.72225e+06	
3.73525e+06	3.688e+06	3.705e+06	3.765e+06	3.80975e+06	
3.6515e+06	3.615e+06	3.70575e+06	3.603e+06	3.6995e+06	
3.71575e+06	3.66975e+06	3.78075e+06	3.738e+06	3.7145e+06	
3.7e+06	3.66175e+06	3.71025e+06	3.68675e+06	3.72525e+06	
3.72775e+06	3.7115e+06	3.75875e+06	3.734e+06	3.73725e+06	
3.71525e+06	3.772e+06	3.7745e+06	3.79025e+06	3.7235e+06	
3.9175e+06	3.89925e+06	3.90925e+06	3.9415e+06	3.92625e+06	
3.94575e+06	3.9105e+06	3.99125e+06	3.956e+06	3.93775e+06	
3.82875e+06	3.80525e+06	3.86775e+06	3.8495e+06	3.86775e+06	
3.729e+06	3.70325e+06	3.77825e+06	3.80775e+06	3.784e+06	
3.6775e+06	3.71075e+06	3.809e+06	3.755e+06	3.748e+06	
3.74925e+06	3.77575e+06	3.82475e+06	3.7915e+06	3.77875e+06	
3.82675e+06	3.731e+06	3.77625e+06	3.84175e+06	3.74175e+06	
3.79575e+06	3.886e+06	3.86575e+06	3.88925e+06	3.8495e+06	
3.90875e+06	3.86775e+06	3.95225e+06	3.8985e+06	3.913e+06	
3.8525e+06	3.91175e+06	3.88275e+06	3.86575e+06	3.91425e+06	
3.8545e+06	3.83e+06	3.92875e+06	3.9345e+06	3.85125e+06	
3.90925e+06	3.97725e+06	3.922e+06	3.97225e+06	3.9995e+06	
3.98625e+06	4.07875e+06	4.089e+06	4.17525e+06	4.06675e+06	
4.1455e+06	4.13675e+06	4.184e+06	4.191e+06	4.128e+06	
4.1885e+06	4.23325e+06	4.2665e+06	4.28925e+06	4.2055e+06	
4.15375e+06	4.215e+06	4.17325e+06	4.2255e+06	4.218e+06	
4.068e+06	4.034e+06	4.12725e+06	4.09575e+06	4.138e+06	
3.95275e+06	3.96725e+06	3.976e+06	4.04475e+06	3.9955e+06	
3.896e+06	3.92075e+06	3.97475e+06	3.98925e+06	3.944e+06	
3.85325e+06	3.8695e+06	3.92625e+06	3.959e+06	4.01825e+06	
4.0455e+06	4.03525e+06	4.133e+06	4.04725e+06	4.07e+06	
4.13225e+06	4.18475e+06	4.19975e+06	4.14375e+06	4.19225e+06	
4.203e+06	4.2295e+06	4.2515e+06	4.22375e+06	4.19675e+06	
4.24e+06	4.2465e+06	4.20925e+06	4.2565e+06	4.2805e+06	
4.1985e+06	4.1525e+06	4.206e+06	4.3005e+06	4.2495e+06	
4.121e+06	4.11725e+06	4.16075e+06	4.1405e+06	4.1165e+06	
4.18475e+06	4.2395e+06	4.28475e+06	4.30375e+06	4.23575e+06	
4.356e+06	4.3e+06	4.3725e+06	4.35725e+06	4.3505e+06	
4.33525e+06	4.27675e+06	4.24325e+06	4.273e+06	4.29e+06	
4.254e+06	4.2175e+06	4.2755e+06	4.2875e+06	4.25575e+06	
4.1575e+06	4.07625e+06	4.157e+06	4.14175e+06	4.14625e+06	
4.0605e+06	4.15e+06	4.1285e+06	4.18475e+06	4.172e+06	
4.17275e+06	4.1525e+06	4.2665e+06	4.269e+06	4.25325e+06	
4.21925e+06	4.32825e+06	4.35725e+06	4.32275e+06	4.2835e+06	
4.1405e+06	4.19025e+06	4.2395e+06	4.23325e+06	4.26275e+06	
4.1165e+06	4.14375e+06	4.09575e+06	4.0655e+06	4.131e+06	
3.96975e+06	3.9225e+06	3.9295e+06	3.9345e+06	3.98625e+06	
3.668e+06	3.66175e+06	3.7335e+06	3.77e+06	3.712e+06	
3.46575e+06	3.42525e+06	3.46875e+06	3.5185e+06	3.49775e+06	
3.3175e+06	3.32775e+06	3.366e+06	3.344e+06	3.42025e+06	
3.48575e+06	3.48325e+06	3.448e+06	3.49225e+06	3.50975e+06	
3.9445e+06	3.91425e+06	3.98125e+06	3.947e+06	4.00825e+06	
4.223e+06	4.3295e+06	4.3365e+06	4.3245e+06	4.351e+06	
4.65675e+06	4.615e+06	4.61875e+06	4.70325e+06	4.719e+06	
4.56075e+06	4.59875e+06	4.685e+06	4.66225e+06	4.6265e+06	
4.56075e+06	4.57725e+06	4.562e+06	4.64475e+06	4.525e+06	
4.60875e+06	4.6605e+06	4.67375e+06	4.68175e+06	4.68425e+06	
4.68375e+06	4.69875e+06	4.70275e+06	4.71025e+06	4.687e+06	
4.41525e+06	4.44875e+06	4.46075e+06	4.47e+06	4.40825e+06	
4.4065e+06	4.37125e+06	4.46575e+06	4.44675e+06	4.40275e+06	
4.58425e+06	4.53825e+06	4.61875e+06	4.6535e+06	4.62375e+06	
4.75425e+06	4.84325e+06	4.7475e+06	4.75425e+06	4.7505e+06	
4.784e+06	4.78275e+06	4.86025e+06	4.908e+06	4.91425e+06	
4.9245e+06	4.96175e+06	4.93325e+06	4.917e+06	4.954e+06	
5.1785e+06	5.1545e+06	5.23825e+06	5.12175e+06	5.25475e+06	
5.17275e+06	5.14375e+06	5.256e+06	5.312e+06	5.1955e+06	
5.18475e+06	5.1865e+06	5.227e+06	5.2855e+06	5.19925e+06	
5.2125e+06	5.0695e+06	5.2175e+06	5.18225e+06	5.1425e+06	
5.038e+06	5.03275e+06	5.07875e+06	5.1715e+06	5.09825e+06	
4.888e+06	4.86575e+06	4.90875e+06	4.944e+06	4.94075e+06	
4.692e+06	4.7605e+06	4.79025e+06	4.7455e+06	4.81425e+06	
4.644e+06	4.5085e+06	4.7695e+06	4.673e+06	4.63575e+06	
4.838e+06	4.82425e+06	4.959e+06	4.91125e+06	4.8735e+06	
5.07075e+06	5.09075e+06	5.089e+06	5.14625e+06	5.0945e+06	
5.07625e+06	5.1525e+06	5.15375e+06	5.15875e+06	5.138e+06	
5.0895e+06	5.14125e+06	5.1525e+06	5.25075e+06	5.162e+06	
5.092e+06	5.10225e+06	5.15075e+06	5.12175e+06	5.1065e+06	
5.32025e+06	5.25275e+06	5.36425e+06	5.33275e+06	5.2975e+06	
5.4235e+06	5.39325e+06	5.5225e+06	5.4625e+06	5.5375e+06	
5.5855e+06	5.588e+06	5.663e+06	5.5975e+06	5.6555e+06	
5.64225e+06	5.56225e+06	5.67375e+06	5.6775e+06	5.6095e+06	
5.73175e+06	5.7355e+06	5.7625e+06	5.825e+06	5.7935e+06	
5.73475e+06	5.724e+06	5.8035e+06	5.929e+06	5.7915e+06	
5.7625e+06	5.77275e+06	5.83875e+06	5.83e+06	5.80725e+06	
5.627e+06	5.74175e+06	5.7675e+06	5.7135e+06	5.75625e+06	
5.7335e+06	5.721e+06	5.85525e+06	5.85325e+06	5.7765e+06	
5.80225e+06	5.73975e+06	5.87275e+06	5.811e+06	5.774e+06	
5.83625e+06	5.88425e+06	5.93525e+06	5.85775e+06	5.8735e+06	
5.80225e+06	5.874e+06	5.949e+06	5.92075e+06	5.90175e+06	
5.78525e+06	5.796e+06	5.879e+06	5.847e+06	5.9315e+06	
5.682e+06	5.6125e+06	5.70775e+06	5.72525e+06	5.72475e+06	
5.51625e+06	5.53625e+06	5.5715e+06	5.66175e+06	5.49525e+06	
5.73725e+06	5.65925e+06	5.75e+06	5.73925e+06	5.70275e+06	
5.806e+06	5.81425e+06	5.859e+06	5.85525e+06	5.92125e+06	
5.91825e+06	5.8935e+06	5.99075e+06	5.95525e+06	5.93575e+06	
6.08825e+06	6.06125e+06	6.21875e+06	6.12925e+06	6.12625e+06	
6.0525e+06	6.15075e+06	6.23125e+06	6.213e+06	6.16275e+06	
6.05425e+06	6.09725e+06	6.1475e+06	6.16025e+06	6.1155e+06	
6.171e+06	6.20625e+06	6.23125e+06	6.23325e+06	6.1235e+06	
6.04925e+06	6.169e+06	6.1785e+06	6.23e+06	6.15375e+06	
6.1785e+06	6.17975e+06	6.2395e+06	6.19225e+06	6.24525e+06	
6.3405e+06	6.3505e+06	6.2825e+06	6.3895e+06	6.3795e+06	
6.27475e+06	6.2585e+06	6.363e+06	6.39325e+06	6.32525e+06	
6.3945e+06	6.43625e+06	6.6075e+06	6.4815e+06	6.544e+06	
6.67825e+06	6.56775e+06	6.6655e+06	6.71775e+06	6.6965e+06	
6.556e+06	6.5515e+06	6.64225e+06	6.59425e+06	6.617e+06	
6.5035e+06	6.45825e+06	6.5225e+06	6.493e+06	6.527e+06	
6.47325e+06	6.53075e+06	6.622e+06	6.5755e+06	6.6535e+06	
6.21425e+06	6.288e+06	6.33475e+06	6.4405e+06	6.3795e+06	
6.1545e+06	6.1255e+06	6.27175e+06	6.271e+06	6.22125e+06	
5.961e+06	6.038e+06	6.116e+06	6.08325e+06	6.07325e+06	
6.0405e+06	6.09975e+06	6.14325e+06	6.21425e+06	6.201e+06	
6.0645e+06	6.227e+06	6.20675e+06	6.186e+06	6.17225e+06	
6.3775e+06	6.394e+06	6.29625e+06	6.4085e+06	6.319e+06	
6.2805e+06	6.329e+06	6.3945e+06	6.3845e+06	6.35175e+06	
6.251e+06	6.263e+06	6.4065e+06	6.41275e+06	6.31575e+06	
6.234e+06	6.3115e+06	6.348e+06	6.365e+06	6.39575e+06	
6.40975e+06	6.33725e+06	6.5325e+06	6.42475e+06	6.472e+06	
6.3845e+06	6.4255e+06	6.46e+06	6.50475e+06	6.49425e+06	
6.515e+06	6.55975e+06	6.624e+06	6.6795e+06	6.50925e+06	
6.49025e+06	6.58175e+06	6.72425e+06	6.64675e+06	6.55275e+06	
6.51675e+06	6.556e+06	6.651e+06	6.64675e+06	6.70275e+06	
6.69075e+06	6.8005e+06	6.83375e+06	6.8885e+06	6.738e+06	
6.644e+06	6.65175e+06	6.73475e+06	6.74675e+06	6.77325e+06	
6.51625e+06	6.5465e+06	6.60125e+06	6.61e+06	6.62825e+06	
6.4665e+06	6.5395e+06	6.5855e+06	6.668e+06	6.602e+06	
6.56275e+06	6.532e+06	6.598e+06	6.55475e+06	6.581e+06	
6.5665e+06	6.5395e+06	6.64675e+06	6.6845e+06	6.634e+06	
6.527e+06	6.6415e+06	6.658e+06	6.63975e+06	6.59125e+06	
6.53325e+06	6.59875e+06	6.64925e+06	6.69775e+06	6.62575e+06	
6.64225e+06	6.71025e+06	6.767e+06	6.714e+06	6.7185e+06	
6.65475e+06	6.60575e+06	6.64975e+06	6.7065e+06	6.697e+06	
6.8295e+06	6.83375e+06	6.934e+06	6.88725e+06	7.00825e+06	
6.78975e+06	6.78275e+06	6.92325e+06	6.8685e+06	6.93275e+06	
6.90375e+06	6.881e+06	6.97675e+06	6.93775e+06	6.9775e+06	
7.016e+06	7.05375e+06	7.08075e+06	7.09225e+06	6.9825e+06	
6.9805e+06	6.91825e+06	7.0285e+06	6.995e+06	7.00575e+06	
6.9385e+06	6.87725e+06	6.99075e+06	7.04175e+06	6.999e+06	
7.03175e+06	7.0475e+06	7.091e+06	7.1155e+06	7.0355e+06	
6.939e+06	6.99075e+06	7.0475e+06	7.072e+06	7.01475e+06	
6.8805e+06	6.8715e+06	6.9895e+06	6.927e+06	7.0135e+06	
6.907e+06	6.87675e+06	7.01275e+06	6.93525e+06	6.9535e+06	
6.9435e+06	6.883e+06	6.966e+06	6.99625e+06	6.8905e+06	
6.748e+06	6.784e+06	6.8685e+06	6.8055e+06	6.8105e+06	
6.93525e+06	7.00525e+06	7.06625e+06	6.956e+06	7.08525e+06	
6.97625e+06	7.00575e+06	7.09275e+06	6.997e+06	7.058e+06	
7.234e+06	7.10675e+06	7.27425e+06	7.19425e+06	7.26975e+06	
6.9535e+06	6.94975e+06	7.00525e+06	7.02525e+06	7.009e+06	
6.84575e+06	6.95975e+06	7.0475e+06	7.06625e+06	6.9805e+06	
6.98875e+06	6.949e+06	7.04175e+06	7.12625e+06	7.10025e+06	
7.04675e+06	7.12625e+06	7.1645e+06	7.113e+06	7.1545e+06	
6.97425e+06	7.12375e+06	7.22375e+06	7.2315e+06	7.1835e+06	
7.11475e+06	7.113e+06	7.1305e+06	7.229e+06	7.1765e+06	
7.2995e+06	7.34225e+06	7.481e+06	7.42875e+06	7.4275e+06	
7.285e+06	7.29575e+06	7.44e+06	7.438e+06	7.42675e+06	
7.343e+06	7.31575e+06	7.47275e+06	7.51625e+06	7.45e+06	
7.321e+06	7.31975e+06	7.41675e+06	7.447e+06	7.43675e+06	
7.29375e+06	7.2895e+06	7.37625e+06	7.41675e+06	7.501e+06	
7.094e+06	7.186e+06	7.2805e+06	7.18475e+06	7.27375e+06	
7.312e+06	7.3455e+06	7.37825e+06	7.47225e+06	7.45625e+06	
7.3865e+06	7.469e+06	7.46525e+06	7.6045e+06	7.5055e+06	
7.61275e+06	7.60575e+06	7.7915e+06	7.643e+06	7.73375e+06	
7.90375e+06	7.95225e+06	7.98075e+06	7.93025e+06	8.009e+06	
7.93025e+06	7.96625e+06	7.97425e+06	8.026e+06	7.99825e+06	
7.8465e+06	7.81e+06	7.88925e+06	7.97175e+06	7.87425e+06	
7.74625e+06	7.71525e+06	7.84825e+06	7.85025e+06	7.92025e+06	
7.8565e+06	7.934e+06	8.053e+06	8.02675e+06	8.01775e+06	
7.9265e+06	7.9535e+06	8.053e+06	8.0455e+06	8.06875e+06	
8.02675e+06	8.08275e+06	8.1635e+06	8.1275e+06	8.11475e+06	
8.3115e+06	8.27675e+06	8.37325e+06	8.40675e+06	8.391e+06	
8.32275e+06	8.2925e+06	8.4785e+06	8.42925e+06	8.55225e+06	
8.36075e+06	8.326e+06	8.474e+06	8.428e+06	8.3215e+06	
8.3045e+06	8.2265e+06	8.4185e+06	8.35925e+06	8.3645e+06	
8.28175e+06	8.37775e+06	8.46575e+06	8.37125e+06	8.3915e+06	
8.31725e+06	8.36e+06	8.56225e+06	8.483e+06	8.513e+06	
8.391e+06	8.4225e+06	8.51e+06	8.52325e+06	8.46275e+06	
8.5685e+06	8.61775e+06	8.74125e+06	8.74325e+06	8.689e+06	
8.7065e+06	8.8325e+06	8.87725e+06	8.93475e+06	8.8755e+06	
8.89825e+06	9.05075e+06	9.16275e+06	9.195e+06	9.1205e+06	
9.0015e+06	8.91075e+06	9.098e+06	9.08225e+06	9.08225e+06	
8.8975e+06	9.0115e+06	9.15325e+06	9.1125e+06	9.11875e+06	
8.97875e+06	9.02725e+06	9.15725e+06	9.159e+06	9.132e+06	
9.31225e+06	9.35e+06	9.33475e+06	9.40975e+06	9.384e+06	
9.215e+06	9.26875e+06	9.5075e+06	9.394e+06	9.47775e+06	
9.30075e+06	9.36e+06	9.38575e+06	9.48225e+06	9.4495e+06	
9.49225e+06	9.55025e+06	9.653e+06	9.69775e+06	9.64675e+06	
9.50625e+06	9.68825e+06	9.612e+06	9.7855e+06	9.6625e+06	
9.4955e+06	9.54225e+06	9.73e+06	9.58575e+06	9.563e+06	
9.534e+06	9.63725e+06	9.7495e+06	9.73675e+06	9.738e+06	
9.79725e+06	9.79925e+06	1.00035e+07	1.00065e+07	9.96e+06	
9.9385e+06	9.85775e+06	1.0021e+07	9.9e+06	1.00192e+07	
9.96425e+06	1.00438e+07	1.00968e+07	1.00972e+07	1.00942e+07	
9.79475e+06	9.84325e+06	1.00218e+07	1.00078e+07	1.00785e+07	
9.9845e+06	1.0055e+07	1.00168e+07	1.00405e+07	1.01142e+07	
9.86425e+06	9.99575e+06	1.0127e+07	1.01225e+07	1.00752e+07	
9.9865e+06	9.91075e+06	1.01068e+07	1.00942e+07	1.0144e+07	
9.97375e+06	9.90375e+06	1.0089e+07	9.99275e+06	1.00412e+07	
1.01502e+07	1.00482e+07	1.02448e+07	1.02228e+07	1.02832e+07	
9.94475e+06	9.97625e+06	1.0004e+07	1.01005e+07	1.00285e+07	
9.629e+06	9.8055e+06	9.79175e+06	9.80875e+06	9.7395e+06	
9.14575e+06	9.1685e+06	9.2295e+06	9.28125e+06	9.30525e+06	
8.7185e+06	8.83075e+06	9.004e+06	8.8705e+06	8.82125e+06	
8.63925e+06	8.7255e+06	8.8755e+06	8.84775e+06	8.86525e+06	
9.0205e+06	9.1005e+06	9.123e+06	9.10925e+06	9.13e+06	
9.505e+06	9.558e+06	9.7135e+06	9.62275e+06	9.6725e+06	
9.759e+06	9.78675e+06	9.88875e+06	9.9045e+06	9.9845e+06	
1.02195e+07	1.0089e+07	1.02638e+07	1.03342e+07	1.03715e+07	
1.035e+07	1.03952e+07	1.04338e+07	1.0488e+07	1.0459e+07	
1.0302e+07	1.02668e+07	1.04508e+07	1.027e+07	1.0415e+07	
1.0391e+07	1.03455e+07	1.05792e+07	1.03538e+07	1.03388e+07	
1.07055e+07	1.0723e+07	1.0851e+07	1.08642e+07	1.07578e+07	
1.09348e+07	1.08982e+07	1.09758e+07	1.10538e+07	1.10822e+07	
1.10918e+07	1.11232e+07	1.12725e+07	1.12442e+07	1.1304e+07	
1.09998e+07	1.10362e+07	1.11862e+07	1.11025e+07	1.10918e+07	
1.12232e+07	1.11692e+07	1.13678e+07	1.13405e+07	1.1415e+07	
1.09128e+07	1.1084e+07	1.12315e+07	1.11925e+07	1.11735e+07	
1.072e+07	1.08302e+07	1.09638e+07	1.10972e+07	1.09725e+07	
1.06512e+07	1.0633e+07	1.09065e+07	1.07288e+07	1.0747e+07	
1.0638e+07	1.07218e+07	1.0861e+07	1.07722e+07	1.07672e+07	
1.09675e+07	1.09028e+07	1.09782e+07	1.09972e+07	1.10558e+07	
1.11365e+07	1.10822e+07	1.13375e+07	1.13028e+07	1.13285e+07	
1.12252e+07	1.12638e+07	1.14075e+07	1.13745e+07	1.13828e+07	
1.11312e+07	1.11705e+07	1.12555e+07	1.12725e+07	1.1352e+07	
1.13758e+07	1.13052e+07	1.15228e+07	1.1531e+07	1.1498e+07	
1.15568e+07	1.16632e+07	1.1706e+07	1.1723e+07	1.1737e+07	
1.16488e+07	1.17728e+07	1.182e+07	1.1868e+07	1.17412e+07	
1.16695e+07	1.15448e+07	1.18548e+07	1.17942e+07	1.17142e+07	
1.1573e+07	1.16368e+07	1.1803e+07	1.17635e+07	1.18385e+07	
1.16488e+07	1.16512e+07	1.17768e+07	1.1778e+07	1.1764e+07	
1.1636e+07	1.16412e+07	1.17622e+07	1.18692e+07	1.18258e+07	
1.16808e+07	1.16682e+07	1.19265e+07	1.1866e+07	1.19438e+07	
1.18108e+07	1.181e+07	1.1916e+07	1.20055e+07	1.1967e+07	
1.1783e+07	1.19215e+07	1.20488e+07	1.20318e+07	1.1938e+07	
1.17728e+07	1.17842e+07	1.18895e+07	1.1977e+07	1.19675e+07	
1.15812e+07	1.16028e+07	1.16595e+07	1.17458e+07	1.16368e+07	
1.14672e+07	1.14585e+07	1.16318e+07	1.16708e+07	1.15928e+07	
1.1343e+07	1.14892e+07	1.16732e+07	1.1577e+07	1.1657e+07	
1.15032e+07	1.16885e+07	1.17395e+07	1.17388e+07	1.1728e+07	
1.17072e+07	1.17872e+07	1.19675e+07	1.18688e+07	1.1897e+07	
1.16442e+07	1.1771e+07	1.18358e+07	1.1781e+07	1.1778e+07	
1.1488e+07	1.15352e+07	1.17175e+07	1.16965e+07	1.16322e+07	
1.13615e+07	1.1316e+07	1.1427e+07	1.15542e+07	1.14755e+07	
1.12422e+07	1.1301e+07	1.13848e+07	1.15112e+07	1.15378e+07	
1.12485e+07	1.12762e+07	1.1393e+07	1.13645e+07	1.14105e+07	
1.11905e+07	1.1185e+07	1.1314e+07	1.13968e+07	1.13885e+07	
1.12058e+07	1.12348e+07	1.13205e+07	1.1401e+07	1.12958e+07	
1.11312e+07	1.12675e+07	1.15598e+07	1.14155e+07	1.1396e+07	
1.1408e+07	1.15788e+07	1.1841e+07	1.16852e+07	1.16758e+07	
1.1706e+07	1.1657e+07	1.18642e+07	1.19052e+07	1.18402e+07	
1.16128e+07	1.17188e+07	1.17212e+07	1.18108e+07	1.18e+07	
1.15965e+07	1.15278e+07	1.17482e+07	1.16765e+07	1.17452e+07	
1.13438e+07	1.14332e+07	1.16678e+07	1.16992e+07	1.16815e+07	
1.1524e+07	1.16102e+07	1.17652e+07	1.1781e+07	1.16412e+07	
1.1631e+07	1.18838e+07	1.19348e+07	1.19475e+07	1.18675e+07	
1.19185e+07	1.18502e+07	1.21062e+07	1.21042e+07	1.19758e+07	
1.21448e+07	1.21585e+07	1.225e+07	1.23198e+07	1.22405e+07	
1.2098e+07	1.21792e+07	1.22108e+07	1.22972e+07	1.22642e+07	
1.21755e+07	1.2333e+07	1.24498e+07	1.24262e+07	1.2466e+07	
1.2006e+07	1.20172e+07	1.2226e+07	1.22248e+07	1.22248e+07	
1.20652e+07	1.203e+07	1.2231e+07	1.22132e+07	1.2081e+07	
1.18502e+07	1.18145e+07	1.20155e+07	1.2011e+07	1.20242e+07	
1.16808e+07	1.17218e+07	1.19455e+07	1.1793e+07	1.18332e+07	
1.16015e+07	1.16978e+07	1.17898e+07	1.18895e+07	1.18108e+07	
1.16662e+07	1.1735e+07	1.18548e+07	1.1907e+07	1.1781e+07	
1.20085e+07	1.20942e+07	1.21938e+07	1.21988e+07	1.2173e+07	
1.203e+07	1.211e+07	1.22145e+07	1.2173e+07	1.22342e+07	
1.20848e+07	1.21005e+07	1.22512e+07	1.22405e+07	1.22708e+07	
1.19002e+07	1.20255e+07	1.21448e+07	1.21225e+07	1.21132e+07	
1.18572e+07	1.19228e+07	1.212e+07	1.20358e+07	1.20292e+07	
1.18465e+07	1.19032e+07	1.2035e+07	1.20565e+07	1.21812e+07	
1.20338e+07	1.19505e+07	1.21855e+07	1.21382e+07	1.21635e+07	
1.2224e+07	1.22165e+07	1.2466e+07	1.2401e+07	1.256e+07	
1.2149e+07	1.21855e+07	1.22575e+07	1.22302e+07	1.23412e+07	
1.20885e+07	1.21565e+07	1.22442e+07	1.2275e+07	1.2209e+07	
1.22032e+07	1.21862e+07	1.2321e+07	1.2265e+07	1.21938e+07	
1.1994e+07	1.19815e+07	1.21358e+07	1.21195e+07	1.21068e+07	
1.18762e+07	1.16885e+07	1.19468e+07	1.20608e+07	1.19828e+07	
1.18378e+07	1.19882e+07	1.21088e+07	1.20735e+07	1.2081e+07	
1.1631e+07	1.16852e+07	1.19028e+07	1.18265e+07	1.1832e+07	
1.15258e+07	1.1648e+07	1.17142e+07	1.18e+07	1.1759e+07	
1.16342e+07	1.16065e+07	1.17465e+07	1.18618e+07	1.1858e+07	
1.172e+07	1.16902e+07	1.18912e+07	1.1858e+07	1.17988e+07	
1.19368e+07	1.19335e+07	1.20292e+07	1.20318e+07	1.19965e+07	
1.18332e+07	1.18958e+07	1.2008e+07	1.19422e+07	1.2091e+07	
1.16468e+07	1.16752e+07	1.19922e+07	1.19128e+07	1.1829e+07	
1.12638e+07	1.1338e+07	1.13715e+07	1.1495e+07	1.14188e+07	
1.0757e+07	1.0841e+07	1.09272e+07	1.1042e+07	1.10035e+07	
1.0495e+07	1.05995e+07	1.07482e+07	1.06095e+07	1.0636e+07	
1.0631e+07	1.08e+07	1.08282e+07	1.0716e+07	1.08925e+07	
1.07495e+07	1.0812e+07	1.09675e+07	1.10362e+07	1.0948e+07	
1.0917e+07	1.08435e+07	1.10735e+07	1.10028e+07	1.09682e+07	
1.0892e+07	1.089e+07	1.10815e+07	1.112e+07	1.1134e+07	
1.12812e+07	1.11825e+07	1.13272e+07	1.13285e+07	1.13268e+07	
1.14162e+07	1.13305e+07	1.16285e+07	1.15032e+07	1.13785e+07	
1.16442e+07	1.16165e+07	1.18315e+07	1.18058e+07	1.17665e+07	
1.1815e+07	1.19712e+07	1.1979e+07	1.20935e+07	1.1972e+07	
1.19285e+07	1.19418e+07	1.21245e+07	1.21105e+07	1.20382e+07	
1.19858e+07	1.1972e+07	1.2129e+07	1.21888e+07	1.21232e+07	
1.20482e+07	1.20292e+07	1.21282e+07	1.22642e+07	1.22322e+07	
1.19292e+07	1.2127e+07	1.21958e+07	1.22265e+07	1.23405e+07	
1.20802e+07	1.2238e+07	1.25252e+07	1.2352e+07	1.24585e+07	
1.22115e+07	1.22115e+07	1.24602e+07	1.24042e+07	1.24275e+07	
1.20015e+07	1.21068e+07	1.22158e+07	1.22392e+07	1.2248e+07	
1.1921e+07	1.20172e+07	1.21472e+07	1.2175e+07	1.22108e+07	
1.20148e+07	1.20988e+07	1.2098e+07	1.21838e+07	1.21238e+07	
1.22012e+07	1.22385e+07	1.23748e+07	1.22945e+07	1.24068e+07	
1.24535e+07	1.23905e+07	1.2655e+07	1.26885e+07	1.2466e+07	
1.26048e+07	1.26608e+07	1.28012e+07	1.27382e+07	1.2749e+07	
1.25468e+07	1.26462e+07	1.2735e+07	1.27792e+07	1.28e+07	
1.27155e+07	1.25965e+07	1.28278e+07	1.27785e+07	1.27188e+07	
1.24988e+07	1.26665e+07	1.27772e+07	1.2819e+07	1.2749e+07	
1.2534e+07	1.26085e+07	1.28165e+07	1.2677e+07	1.27585e+07	
1.22202e+07	1.23695e+07	1.2456e+07	1.24685e+07	1.2352e+07	
1.18978e+07	1.20168e+07	1.21775e+07	1.22032e+07	1.20685e+07	
1.1551e+07	1.15738e+07	1.16992e+07	1.1672e+07	1.15958e+07	
1.15812e+07	1.15152e+07	1.1665e+07	1.1706e+07	1.17685e+07	
1.1706e+07	1.17268e+07	1.1827e+07	1.19568e+07	1.19972e+07	
1.2052e+07	1.20022e+07	1.21295e+07	1.2248e+07	1.21988e+07	
1.21842e+07	1.21875e+07	1.23935e+07	1.24358e+07	1.23998e+07	
1.24875e+07	1.25618e+07	1.27482e+07	1.27258e+07	1.26715e+07	
1.27822e+07	1.27988e+07	1.2982e+07	1.29128e+07	1.28472e+07	
1.2904e+07	1.28808e+07	1.3049e+07	1.31792e+07	1.31945e+07	
1.2674e+07	1.28252e+07	1.3045e+07	1.2861e+07	1.28468e+07	
1.27818e+07	1.2841e+07	1.29898e+07	1.29538e+07	1.29032e+07	
1.2851e+07	1.2761e+07	1.30105e+07	1.29852e+07	1.29898e+07	
1.28435e+07	1.2974e+07	1.30835e+07	1.31598e+07	1.29318e+07	
1.30432e+07	1.29782e+07	1.30375e+07	1.31328e+07	1.30242e+07	
1.28788e+07	1.29028e+07	1.32095e+07	1.31895e+07	1.3139e+07	
1.28738e+07	1.3081e+07	1.31228e+07	1.31688e+07	1.30728e+07	
1.26652e+07	1.2718e+07	1.2839e+07	1.28718e+07	1.27532e+07	
1.24358e+07	1.24768e+07	1.2476e+07	1.2618e+07	1.264e+07	
1.22972e+07	1.2221e+07	1.24875e+07	1.24188e+07	1.25298e+07	
1.23752e+07	1.23192e+07	1.24925e+07	1.24862e+07	1.23425e+07	
1.24282e+07	1.25592e+07	1.26645e+07	1.2621e+07	1.2679e+07	
1.24598e+07	1.2534e+07	1.26235e+07	1.27408e+07	1.27495e+07	
1.24572e+07	1.25298e+07	1.27382e+07	1.26922e+07	1.28012e+07	
1.24482e+07	1.25075e+07	1.2793e+07	1.26418e+07	1.2657e+07	
1.25882e+07	1.2635e+07	1.29885e+07	1.2863e+07	1.27545e+07	
1.27458e+07	1.29298e+07	1.29802e+07	1.29695e+07	1.29632e+07	
1.28762e+07	1.28215e+07	1.30942e+07	1.30268e+07	1.30905e+07	
1.2749e+07	1.28195e+07	1.30735e+07	1.29562e+07	1.29085e+07	
1.26072e+07	1.26998e+07	1.28228e+07	1.28618e+07	1.2858e+07	
1.24692e+07	1.25215e+07	1.26985e+07	1.28308e+07	1.25775e+07	
1.25178e+07	1.2456e+07	1.2698e+07	1.26098e+07	1.26822e+07	
1.2471e+07	1.2495e+07	1.27755e+07	1.26242e+07	1.2727e+07	
1.24855e+07	1.2478e+07	1.26802e+07	1.2604e+07	1.26645e+07	
1.25692e+07	1.26942e+07	1.28322e+07	1.27635e+07	1.27552e+07	
1.24995e+07	1.25945e+07	1.2798e+07	1.28202e+07	1.2783e+07	
1.24918e+07	1.2669e+07	1.2761e+07	1.2839e+07	1.28012e+07	
1.25745e+07	1.2638e+07	1.28062e+07	1.28038e+07	1.2715e+07	
1.24258e+07	1.24118e+07	1.26512e+07	1.2621e+07	1.2529e+07	
1.21105e+07	1.22852e+07	1.23192e+07	1.24168e+07	1.23135e+07	
1.20395e+07	1.20728e+07	1.2272e+07	1.22348e+07	1.22215e+07	
1.19688e+07	1.20848e+07	1.2209e+07	1.22178e+07	1.22328e+07	
1.20122e+07	1.2125e+07	1.22858e+07	1.2171e+07	1.21258e+07	
1.20752e+07	1.20458e+07	1.2342e+07	1.22915e+07	1.22025e+07	
1.2258e+07	1.22562e+07	1.24155e+07	1.24188e+07	1.2468e+07	
1.2127e+07	1.22328e+07	1.23412e+07	1.23495e+07	1.2355e+07	
1.22518e+07	1.23262e+07	1.2398e+07	1.23482e+07	1.23405e+07	
1.23475e+07	1.22695e+07	1.25032e+07	1.2485e+07	1.24838e+07	
1.2243e+07	1.22095e+07	1.23802e+07	1.2519e+07	1.24062e+07	
1.22435e+07	1.2316e+07	1.24622e+07	1.25348e+07	1.24408e+07	
1.2425e+07	1.2396e+07	1.25322e+07	1.26828e+07	1.25088e+07	
1.24685e+07	1.25158e+07	1.25605e+07	1.26745e+07	1.26115e+07	
1.23262e+07	1.23022e+07	1.25692e+07	1.24162e+07	1.25102e+07	
1.25158e+07	1.2381e+07	1.266e+07	1.26815e+07	1.26508e+07	
1.24258e+07	1.25878e+07	1.26152e+07	1.26798e+07	1.26802e+07	
1.2359e+07	1.24655e+07	1.2522e+07	1.2572e+07	1.2505e+07	
1.2359e+07	1.2447e+07	1.26002e+07	1.25895e+07	1.26172e+07	
1.24112e+07	1.23235e+07	1.25518e+07	1.26608e+07	1.2497e+07	
1.23338e+07	1.22978e+07	1.25568e+07	1.2473e+07	1.24528e+07	
1.2292e+07	1.24628e+07	1.23558e+07	1.24408e+07	1.24432e+07	
1.20835e+07	1.20338e+07	1.23682e+07	1.22618e+07	1.23292e+07	
1.19398e+07	1.20218e+07	1.22032e+07	1.21622e+07	1.2132e+07	
1.19638e+07	1.2134e+07	1.23325e+07	1.2265e+07	1.22588e+07	
1.2125e+07	1.21618e+07	1.23312e+07	1.23778e+07	1.22758e+07	
1.22492e+07	1.23085e+07	1.2376e+07	1.24195e+07	1.24548e+07	
1.22688e+07	1.22248e+07	1.2367e+07	1.24245e+07	1.2432e+07	
1.21868e+07	1.23702e+07	1.2408e+07	1.24578e+07	1.23935e+07	
1.2243e+07	1.23632e+07	1.24432e+07	1.2425e+07	1.23325e+07	
1.22065e+07	1.22588e+07	1.243e+07	1.2374e+07	1.24428e+07	
1.22152e+07	1.22335e+07	1.2478e+07	1.2347e+07	1.24125e+07	
1.21788e+07	1.21302e+07	1.23312e+07	1.2294e+07	1.23052e+07	
1.21278e+07	1.2166e+07	1.23135e+07	1.23702e+07	1.2275e+07	
1.21755e+07	1.21365e+07	1.22732e+07	1.2321e+07	1.23098e+07	
1.22202e+07	1.22228e+07	1.24345e+07	1.25158e+07	1.23338e+07	
1.23255e+07	1.218e+07	1.25202e+07	1.23275e+07	1.23262e+07	
1.21055e+07	1.21788e+07	1.22828e+07	1.23892e+07	1.2265e+07	
1.21105e+07	1.21598e+07	1.2246e+07	1.2272e+07	1.23645e+07	
1.205e+07	1.20395e+07	1.22198e+07	1.2313e+07	1.22642e+07	
1.2144e+07	1.22638e+07	1.2391e+07	1.23262e+07	1.23458e+07	
1.2134e+07	1.22082e+07	1.23305e+07	1.23968e+07	1.24465e+07	
1.22845e+07	1.23462e+07	1.2401e+07	1.23822e+07	1.2401e+07	
1.22605e+07	1.2381e+07	1.2572e+07	1.2529e+07	1.24838e+07	
1.23072e+07	1.24458e+07	1.24088e+07	1.2396e+07	1.24118e+07	
1.2178e+07	1.22555e+07	1.25208e+07	1.25322e+07	1.2512e+07	
1.2057e+07	1.20388e+07	1.2202e+07	1.22852e+07	1.23318e+07	
1.22355e+07	1.22562e+07	1.22712e+07	1.22315e+07	1.22978e+07	
1.1907e+07	1.20785e+07	1.2079e+07	1.21005e+07	1.20955e+07	
1.18862e+07	1.17375e+07	1.20168e+07	1.20118e+07	1.19675e+07	
1.16732e+07	1.1766e+07	1.20488e+07	1.19488e+07	1.1931e+07	
1.1875e+07	1.1916e+07	1.21188e+07	1.2071e+07	1.20968e+07	
1.1737e+07	1.19152e+07	1.20275e+07	1.20148e+07	1.1902e+07	
1.18175e+07	1.18832e+07	1.20445e+07	1.19695e+07	1.20715e+07	
1.1517e+07	1.14892e+07	1.1696e+07	1.1725e+07	1.17408e+07	
1.14798e+07	1.1563e+07	1.17458e+07	1.1628e+07	1.1807e+07	
1.15668e+07	1.14692e+07	1.16678e+07	1.17155e+07	1.16865e+07	
1.15245e+07	1.1529e+07	1.17122e+07	1.17098e+07	1.16715e+07	
1.16658e+07	1.16758e+07	1.18358e+07	1.17955e+07	1.16965e+07	
1.16915e+07	1.1907e+07	1.19562e+07	1.1962e+07	1.196e+07	
1.1807e+07	1.18358e+07	1.20205e+07	1.20872e+07	1.2028e+07	
1.18768e+07	1.20028e+07	1.19058e+07	1.20735e+07	1.2006e+07	
1.18668e+07	1.1858e+07	1.20602e+07	1.21308e+07	1.19165e+07	
1.16828e+07	1.17735e+07	1.18448e+07	1.18448e+07	1.189e+07	
1.17122e+07	1.17785e+07	1.19595e+07	1.2011e+07	1.19422e+07	
1.17118e+07	1.19028e+07	1.19095e+07	1.19985e+07	1.1902e+07	
1.18692e+07	1.19488e+07	1.20098e+07	1.20068e+07	1.19712e+07	
1.19185e+07	1.19065e+07	1.21775e+07	1.22025e+07	1.20602e+07	
1.19272e+07	1.19058e+07	1.2144e+07	1.20105e+07	1.20292e+07	
1.17665e+07	1.17848e+07	1.20185e+07	1.19045e+07	1.18932e+07	
1.1764e+07	1.18502e+07	1.2081e+07	1.19248e+07	1.18692e+07	
1.18932e+07	1.17968e+07	1.20488e+07	1.20185e+07	1.20438e+07	
1.16518e+07	1.1774e+07	1.19802e+07	1.1984e+07	1.19152e+07	
1.15832e+07	1.1706e+07	1.19462e+07	1.18768e+07	1.18622e+07	
1.15958e+07	1.16808e+07	1.18075e+07	1.17748e+07	1.1793e+07	
1.13852e+07	1.1628e+07	1.1786e+07	1.1684e+07	1.16172e+07	
1.15182e+07	1.15518e+07	1.17722e+07	1.1761e+07	1.16865e+07	
1.17072e+07	1.1728e+07	1.16778e+07	1.17312e+07	1.18882e+07	
1.16455e+07	1.16625e+07	1.18725e+07	1.20408e+07	1.19095e+07	
1.17425e+07	1.17092e+07	1.19202e+07	1.19165e+07	1.18978e+07	
1.16298e+07	1.1728e+07	1.19475e+07	1.1928e+07	1.2013e+07	
1.16355e+07	1.17118e+07	1.18472e+07	1.17532e+07	1.1807e+07	
1.1478e+07	1.15795e+07	1.16222e+07	1.1548e+07	1.16532e+07	
1.15228e+07	1.15125e+07	1.17345e+07	1.17382e+07	1.16878e+07	
1.14892e+07	1.15952e+07	1.18278e+07	1.17602e+07	1.17458e+07	
1.15e+07	1.15568e+07	1.16135e+07	1.165e+07	1.16662e+07	
1.14635e+07	1.14428e+07	1.16512e+07	1.1684e+07	1.1631e+07	
1.14918e+07	1.1524e+07	1.15265e+07	1.1623e+07	1.15895e+07	
1.12108e+07	1.13835e+07	1.1459e+07	1.13878e+07	1.1393e+07	
1.1195e+07	1.11382e+07	1.1318e+07	1.14022e+07	1.1403e+07	
1.12902e+07	1.12542e+07	1.12812e+07	1.1326e+07	1.13405e+07	
1.13135e+07	1.1362e+07	1.15598e+07	1.15295e+07	1.15232e+07	
1.13955e+07	1.14042e+07	1.15908e+07	1.15252e+07	1.14585e+07	
1.1522e+07	1.1582e+07	1.1669e+07	1.17898e+07	1.17685e+07	
1.1507e+07	1.14862e+07	1.16135e+07	1.1686e+07	1.17458e+07	
1.1577e+07	1.1587e+07	1.1769e+07	1.17805e+07	1.19462e+07	
1.15585e+07	1.15258e+07	1.17685e+07	1.17332e+07	1.17968e+07	
1.15365e+07	1.15612e+07	1.17175e+07	1.1614e+07	1.17822e+07	
1.15402e+07	1.16715e+07	1.1803e+07	1.17602e+07	1.16928e+07	
1.1442e+07	1.16058e+07	1.1638e+07	1.16222e+07	1.15908e+07	
1.14722e+07	1.15655e+07	1.16462e+07	1.157e+07	1.16998e+07	
1.12662e+07	1.13002e+07	1.1534e+07	1.14282e+07	1.14735e+07	
1.12745e+07	1.1309e+07	1.1531e+07	1.14628e+07	1.14288e+07	
1.12232e+07	1.11718e+07	1.1478e+07	1.13898e+07	1.1432e+07	
1.1236e+07	1.13532e+07	1.14018e+07	1.1573e+07	1.15258e+07	
1.13682e+07	1.12775e+07	1.1464e+07	1.14548e+07	1.13192e+07	
1.12838e+07	1.12365e+07	1.15112e+07	1.14585e+07	1.13715e+07	
1.11672e+07	1.13115e+07	1.1323e+07	1.1386e+07	1.13375e+07	
1.12952e+07	1.12882e+07	1.14478e+07	1.14162e+07	1.14188e+07	
1.11075e+07	1.11068e+07	1.13405e+07	1.1323e+07	1.12662e+07	
1.11195e+07	1.10412e+07	1.12945e+07	1.12535e+07	1.1222e+07	
1.10305e+07	1.11838e+07	1.12592e+07	1.1122e+07	1.1197e+07	
1.10798e+07	1.1047e+07	1.12642e+07	1.11635e+07	1.12e+07	
1.1059e+07	1.11615e+07	1.1294e+07	1.1263e+07	1.12468e+07	
1.1154e+07	1.11415e+07	1.13752e+07	1.1301e+07	1.12965e+07	
1.11578e+07	1.11982e+07	1.12758e+07	1.13545e+07	1.13562e+07	
1.11182e+07	1.1156e+07	1.13852e+07	1.1299e+07	1.12945e+07	
1.0989e+07	1.1159e+07	1.12692e+07	1.118e+07	1.12272e+07	
1.12472e+07	1.12668e+07	1.1333e+07	1.1406e+07	1.1316e+07	
1.12102e+07	1.13098e+07	1.13412e+07	1.13355e+07	1.12472e+07	
1.11138e+07	1.11138e+07	1.1265e+07	1.13115e+07	1.12852e+07	
1.11498e+07	1.12352e+07	1.1306e+07	1.13168e+07	1.13628e+07	
1.11892e+07	1.13538e+07	1.1427e+07	1.14515e+07	1.13865e+07	
1.11648e+07	1.11208e+07	1.13098e+07	1.13425e+07	1.13368e+07	
1.11792e+07	1.12505e+07	1.13785e+07	1.12542e+07	1.1335e+07	
1.1127e+07	1.10652e+07	1.1311e+07	1.12852e+07	1.12708e+07	
1.11352e+07	1.11378e+07	1.12928e+07	1.13558e+07	1.12265e+07	
1.10892e+07	1.1086e+07	1.12398e+07	1.12025e+07	1.11868e+07	
1.1004e+07	1.10942e+07	1.11585e+07	1.11685e+07	1.11932e+07	
1.08648e+07	1.09928e+07	1.12012e+07	1.11838e+07	1.11635e+07	
1.07822e+07	1.08282e+07	1.09828e+07	1.08938e+07	1.09852e+07	
1.05958e+07	1.07458e+07	1.09405e+07	1.09758e+07	1.09302e+07	
1.06512e+07	1.07288e+07	1.0837e+07	1.08568e+07	1.0711e+07	
1.07268e+07	1.0708e+07	1.0924e+07	1.0841e+07	1.08605e+07	
1.07848e+07	1.07262e+07	1.07765e+07	1.09932e+07	1.08498e+07	
1.07445e+07	1.08132e+07	1.07805e+07	1.09808e+07	1.0885e+07	
1.06965e+07	1.06732e+07	1.08025e+07	1.07698e+07	1.07408e+07	
1.05605e+07	1.0689e+07	1.07582e+07	1.0735e+07	1.07922e+07	
1.03778e+07	1.04768e+07	1.06442e+07	1.06935e+07	1.0558e+07	
1.0234e+07	1.01798e+07	1.0316e+07	1.02982e+07	1.03198e+07	
9.90125e+06	9.873e+06	9.989e+06	9.924e+06	1.00135e+07	
9.52325e+06	9.59e+06	9.76025e+06	9.6645e+06	9.70025e+06	
9.47275e+06	9.50675e+06	9.612e+06	9.64475e+06	9.56225e+06	
9.563e+06	9.57875e+06	9.704e+06	9.7855e+06	9.687e+06	
9.631e+06	9.72225e+06	9.81425e+06	9.7815e+06	9.7645e+06	
9.78725e+06	9.8365e+06	9.9775e+06	1.00268e+07	9.95175e+06	
9.7015e+06	9.80675e+06	9.97375e+06	9.91825e+06	9.99075e+06	
9.89575e+06	9.856e+06	1.00235e+07	1.01168e+07	1.0026e+07	
9.92475e+06	9.9335e+06	1.01692e+07	1.01818e+07	9.91825e+06	
9.77225e+06	1.00872e+07	1.0137e+07	1.01358e+07	1.0018e+07	
9.94975e+06	9.9695e+06	1.00602e+07	1.01692e+07	1.01338e+07	
9.88425e+06	9.95425e+06	1.0023e+07	9.975e+06	1.01118e+07	
1.0018e+07	1.00355e+07	1.0127e+07	1.01685e+07	1.01142e+07	
9.9555e+06	9.999e+06	1.01308e+07	9.997e+06	1.00028e+07	
9.92225e+06	9.84025e+06	1.00628e+07	1.00582e+07	1.00852e+07	
9.80925e+06	9.902e+06	1.00355e+07	1.00135e+07	9.95675e+06	
9.85725e+06	9.9865e+06	1.00588e+07	1.00235e+07	9.98825e+06	
9.7715e+06	9.83575e+06	9.9365e+06	9.8905e+06	9.93025e+06	
9.72625e+06	9.79225e+06	9.767e+06	9.85775e+06	9.8685e+06	
9.711e+06	9.69525e+06	9.941e+06	9.914e+06	9.88175e+06	
9.8055e+06	9.76025e+06	9.943e+06	1.00765e+07	9.93725e+06	
9.682e+06	9.7985e+06	9.99325e+06	1.00362e+07	9.93025e+06	
9.7955e+06	9.883e+06	1.00002e+07	9.9625e+06	9.97825e+06	
9.7135e+06	9.87175e+06	9.98525e+06	1.00218e+07	1.00052e+07	
9.8245e+06	9.8195e+06	9.94475e+06	9.88175e+06	1.01055e+07	
9.69775e+06	9.8365e+06	9.96825e+06	9.958e+06	9.9315e+06	
9.63225e+06	9.6265e+06	9.82575e+06	9.992e+06	9.8105e+06	
9.7205e+06	9.786e+06	9.8825e+06	9.95925e+06	9.88625e+06	
9.72375e+06	9.604e+06	9.84725e+06	9.81375e+06	9.745e+06	
9.7135e+06	9.66325e+06	9.837e+06	9.87475e+06	9.95625e+06	
9.84325e+06	9.70975e+06	9.948e+06	9.866e+06	9.74825e+06	
9.6935e+06	9.805e+06	9.79475e+06	9.88925e+06	9.86675e+06	
9.78275e+06	9.85725e+06	9.861e+06	9.7835e+06	9.859e+06	
9.7035e+06	9.69525e+06	9.7085e+06	9.827e+06	9.66375e+06	
9.69975e+06	9.78025e+06	9.842e+06	9.8775e+06	9.8515e+06	
9.4785e+06	9.5945e+06	9.68325e+06	9.65125e+06	9.61525e+06	
9.5775e+06	9.56675e+06	9.72925e+06	9.74125e+06	9.63675e+06	
9.481e+06	9.58e+06	9.7255e+06	9.77525e+06	9.69975e+06	
9.56225e+06	9.62275e+06	9.556e+06	9.57375e+06	9.62225e+06	
9.56425e+06	9.4885e+06	9.5825e+06	9.6065e+06	9.662e+06	
9.54975e+06	9.58625e+06	9.7425e+06	9.757e+06	9.73375e+06	
9.47925e+06	9.64925e+06	9.72925e+06	9.7525e+06	9.81875e+06	
9.63175e+06	9.6505e+06	9.81575e+06	9.77225e+06	9.771e+06	
9.6845e+06	9.7375e+06	9.8175e+06	9.805e+06	9.798e+06	
9.624e+06	9.6795e+06	9.8005e+06	9.77225e+06	9.8565e+06	
9.65175e+06	9.6865e+06	9.82625e+06	9.77975e+06	9.73875e+06	
9.677e+06	9.69275e+06	9.86925e+06	9.849e+06	9.808e+06	
9.6235e+06	9.735e+06	9.74325e+06	9.94225e+06	9.8485e+06	
9.7255e+06	9.742e+06	9.90325e+06	9.834e+06	9.752e+06	
9.62475e+06	9.56425e+06	9.80125e+06	9.7495e+06	9.759e+06	
9.51625e+06	9.59825e+06	9.74875e+06	9.6045e+06	9.7765e+06	
9.5465e+06	9.75775e+06	9.82575e+06	9.725e+06	9.7885e+06	
9.60075e+06	9.67625e+06	9.759e+06	9.67325e+06	9.77225e+06	
9.55475e+06	9.51375e+06	9.752e+06	9.72375e+06	9.7645e+06	
9.52575e+06	9.49675e+06	9.70225e+06	9.7355e+06	9.6895e+06	
9.556e+06	9.4545e+06	9.50175e+06	9.629e+06	9.6215e+06	
9.45275e+06	9.5315e+06	9.689e+06	9.665e+06	9.5875e+06	
9.35625e+06	9.4885e+06	9.64675e+06	9.64925e+06	9.5515e+06	
9.4715e+06	9.396e+06	9.5805e+06	9.575e+06	9.597e+06	
9.35875e+06	9.4325e+06	9.5265e+06	9.483e+06	9.457e+06	
9.25175e+06	9.33725e+06	9.5535e+06	9.544e+06	9.549e+06	
9.2945e+06	9.30025e+06	9.40925e+06	9.3595e+06	9.50425e+06	
9.2315e+06	9.3695e+06	9.5225e+06	9.5265e+06	9.45025e+06	
9.19925e+06	9.3015e+06	9.4155e+06	9.333e+06	9.3405e+06	
9.29325e+06	9.27425e+06	9.45775e+06	9.43325e+06	9.457e+06	
9.251e+06	9.36325e+06	9.51125e+06	9.50175e+06	9.41475e+06	
9.14775e+06	9.2195e+06	9.418e+06	9.4105e+06	9.38575e+06	
9.12375e+06	9.17975e+06	9.34625e+06	9.44625e+06	9.33975e+06	
9.2925e+06	9.29325e+06	9.47275e+06	9.44775e+06	9.406e+06	
9.21125e+06	9.1515e+06	9.40175e+06	9.27375e+06	9.28325e+06	
9.17975e+06	9.23975e+06	9.3795e+06	9.367e+06	9.311e+06	
9.1545e+06	9.1085e+06	9.2245e+06	9.3165e+06	9.2335e+06	
9.072e+06	9.14325e+06	9.20125e+06	9.2825e+06	9.29125e+06	
9.07075e+06	9.166e+06	9.25425e+06	9.24025e+06	9.14775e+06	
9.09225e+06	9.1225e+06	9.21625e+06	9.258e+06	9.195e+06	
9.21375e+06	9.1855e+06	9.17725e+06	9.32725e+06	9.24525e+06	
9.006e+06	9.03675e+06	9.25475e+06	9.2075e+06	9.263e+06	
8.987e+06	9.00025e+06	9.20175e+06	9.03425e+06	9.1635e+06	
8.96375e+06	9.048e+06	9.06825e+06	9.01725e+06	9.0135e+06	
8.914e+06	8.83575e+06	8.9245e+06	8.91e+06	8.92275e+06	
8.71675e+06	8.87725e+06	8.8825e+06	8.92325e+06	8.9705e+06	
8.90375e+06	8.80675e+06	8.97125e+06	9.0135e+06	8.91275e+06	
8.762e+06	8.88925e+06	9.01525e+06	9.0285e+06	8.99275e+06	
8.9215e+06	8.82375e+06	8.99775e+06	9.02425e+06	8.9895e+06	
8.86525e+06	9.06575e+06	9.0065e+06	9.17225e+06	9.08525e+06	
8.9315e+06	8.943e+06	9.12425e+06	9.07025e+06	9.08025e+06	
8.83775e+06	8.861e+06	9.14575e+06	9.0185e+06	8.99825e+06	
8.8925e+06	8.9335e+06	9.1755e+06	9.06775e+06	9.048e+06	
8.946e+06	8.97625e+06	9.05825e+06	9.1105e+06	9.1415e+06	
8.943e+06	8.91075e+06	9.08275e+06	9.06e+06	9.1375e+06	
8.999e+06	9.03625e+06	9.10675e+06	9.14e+06	9.1855e+06	
8.98825e+06	8.9725e+06	9.115e+06	9.0865e+06	9.11425e+06	
9.0335e+06	9.0135e+06	9.161e+06	9.16775e+06	9.173e+06	
8.91775e+06	9.04375e+06	9.03675e+06	9.12875e+06	9.09475e+06	
8.87975e+06	8.8685e+06	9.0495e+06	9.135e+06	9.01475e+06	
8.8295e+06	8.876e+06	9.11425e+06	9.08525e+06	9.05e+06	
8.7905e+06	8.83775e+06	8.89875e+06	8.8535e+06	8.95175e+06	
8.81925e+06	8.91775e+06	8.989e+06	8.9895e+06	8.95925e+06	
8.711e+06	8.8345e+06	8.982e+06	8.9095e+06	8.77275e+06	
8.63275e+06	8.8175e+06	8.871e+06	8.83075e+06	8.878e+06	
8.68325e+06	8.71675e+06	9.0035e+06	8.8515e+06	8.88425e+06	
8.71925e+06	8.74875e+06	8.82875e+06	8.83375e+06	8.80625e+06	
8.55475e+06	8.5825e+06	8.7035e+06	8.70025e+06	8.772e+06	
8.43625e+06	8.49675e+06	8.5755e+06	8.6485e+06	8.6725e+06	
8.338e+06	8.52075e+06	8.57925e+06	8.6525e+06	8.532e+06	
8.4765e+06	8.55475e+06	8.5825e+06	8.602e+06	8.59325e+06	
8.37075e+06	8.30525e+06	8.46325e+06	8.45825e+06	8.505e+06	
8.333e+06	8.3935e+06	8.5195e+06	8.5025e+06	8.546e+06	
8.421e+06	8.3795e+06	8.53325e+06	8.57875e+06	8.5175e+06	
8.324e+06	8.4015e+06	8.49875e+06	8.5225e+06	8.57625e+06	
8.3455e+06	8.3795e+06	8.5395e+06	8.491e+06	8.58375e+06	
8.40725e+06	8.3355e+06	8.44075e+06	8.41425e+06	8.52825e+06	
8.29125e+06	8.188e+06	8.35175e+06	8.43375e+06	8.3815e+06	
8.11225e+06	8.28825e+06	8.31325e+06	8.24775e+06	8.3405e+06	
8.166e+06	8.2055e+06	8.26675e+06	8.2725e+06	8.32225e+06	
8.0695e+06	8.02475e+06	8.17025e+06	8.2e+06	8.26425e+06	
8.1105e+06	8.145e+06	8.13825e+06	8.261e+06	8.205e+06	
8.1255e+06	8.18975e+06	8.37125e+06	8.169e+06	8.222e+06	
8.05875e+06	8.1225e+06	8.2245e+06	8.188e+06	8.1615e+06	
8.00975e+06	8.05875e+06	8.1735e+06	8.1085e+06	8.055e+06	
8.1255e+06	8.0285e+06	8.16975e+06	8.29875e+06	8.19875e+06	
8.00575e+06	8.103e+06	8.186e+06	8.20625e+06	8.174e+06	
7.9465e+06	7.97875e+06	8.077e+06	8.10725e+06	8.125e+06	
7.92825e+06	8.01225e+06	8.17025e+06	8.09775e+06	8.02425e+06	
7.96425e+06	7.84025e+06	8.0235e+06	8.03425e+06	8.01725e+06	
7.82825e+06	7.92325e+06	8.04175e+06	7.99075e+06	8.01475e+06	
7.9005e+06	7.86725e+06	8.03725e+06	7.95675e+06	7.87675e+06	
7.944e+06	7.9165e+06	8.09025e+06	8.09275e+06	8.00975e+06	
7.90875e+06	7.95175e+06	8.016e+06	8.099e+06	8.0765e+06	
7.82575e+06	7.895e+06	7.99525e+06	7.89e+06	7.968e+06	
7.755e+06	7.81925e+06	8.05875e+06	7.96625e+06	7.856e+06	
7.779e+06	7.9005e+06	7.9795e+06	8.0335e+06	7.99525e+06	
7.8055e+06	7.86975e+06	7.95925e+06	7.91775e+06	7.9995e+06	
7.93025e+06	7.8975e+06	8.03425e+06	7.95725e+06	7.9825e+06	
7.84325e+06	7.9145e+06	8.04175e+06	7.956e+06	7.99e+06	
7.7035e+06	7.69025e+06	7.85275e+06	7.9025e+06	7.8245e+06	
7.73175e+06	7.75875e+06	7.876e+06	7.7495e+06	7.86025e+06	
7.697e+06	7.651e+06	7.78775e+06	7.815e+06	7.79425e+06	
7.7595e+06	7.75325e+06	7.85975e+06	7.88425e+06	7.86525e+06	
7.7425e+06	7.75825e+06	7.7815e+06	7.924e+06	7.87675e+06	
7.64975e+06	7.60825e+06	7.80925e+06	7.83625e+06	7.76075e+06	
7.682e+06	7.83125e+06	7.83575e+06	7.86975e+06	7.80925e+06	
7.6745e+06	7.76e+06	7.8155e+06	7.842e+06	7.82125e+06	
7.682e+06	7.62325e+06	7.7835e+06	7.82e+06	7.78775e+06	
7.6995e+06	7.69775e+06	7.7695e+06	7.779e+06	7.772e+06	
7.5905e+06	7.653e+06	7.81125e+06	7.81e+06	7.825e+06	
7.426e+06	7.5855e+06	7.76125e+06	7.59575e+06	7.64975e+06	
7.561e+06	7.576e+06	7.70975e+06	7.70525e+06	7.704e+06	
7.4425e+06	7.542e+06	7.65625e+06	7.54075e+06	7.5395e+06	
7.41475e+06	7.409e+06	7.54975e+06	7.5125e+06	7.6215e+06	
7.3165e+06	7.4545e+06	7.50875e+06	7.53825e+06	7.49675e+06	
7.37875e+06	7.3315e+06	7.51375e+06	7.51675e+06	7.5225e+06	
7.27375e+06	7.38325e+06	7.56225e+06	7.42925e+06	7.46025e+06	
7.237e+06	7.336e+06	7.363e+06	7.46275e+06	7.31075e+06	
7.23325e+06	7.2635e+06	7.40775e+06	7.33925e+06	7.36825e+06	
7.26475e+06	7.34175e+06	7.38e+06	7.43375e+06	7.40275e+06	
7.164e+06	7.237e+06	7.4065e+06	7.3775e+06	7.35425e+06	
7.217e+06	7.2705e+06	7.47725e+06	7.5005e+06	7.3605e+06	
7.25925e+06	7.29625e+06	7.31075e+06	7.43625e+06	7.3505e+06	
7.145e+06	7.2395e+06	7.29325e+06	7.3795e+06	7.346e+06	
7.1885e+06	7.28875e+06	7.3525e+06	7.31575e+06	7.38775e+06	
7.1015e+06	7.0815e+06	7.2775e+06	7.268e+06	7.285e+06	
7.113e+06	7.16275e+06	7.26225e+06	7.24725e+06	7.2125e+06	
6.98325e+06	7.0745e+06	7.24725e+06	7.18225e+06	7.21125e+06	
7.05175e+06	7.09025e+06	7.164e+06	7.1765e+06	7.145e+06	
6.9465e+06	7.0015e+06	7.12675e+06	7.058e+06	7.0525e+06	
7.004e+06	6.90575e+06	7.084e+06	7.14e+06	7.0475e+06	
6.87975e+06	6.82125e+06	7.06e+06	7.02975e+06	6.97e+06	
6.7935e+06	6.85525e+06	6.94275e+06	7.03175e+06	6.97675e+06	
6.835e+06	6.818e+06	6.94775e+06	6.88225e+06	6.92325e+06	
6.774e+06	6.8275e+06	6.985e+06	6.92e+06	6.9265e+06	
6.64225e+06	6.79225e+06	6.86025e+06	6.79475e+06	6.813e+06	
6.67875e+06	6.74875e+06	6.78525e+06	6.85325e+06	6.78525e+06	
6.6555e+06	6.723e+06	6.786e+06	6.88425e+06	6.823e+06	
6.61075e+06	6.60125e+06	6.6965e+06	6.80475e+06	6.74175e+06	
6.53625e+06	6.593e+06	6.62525e+06	6.66125e+06	6.619e+06	
6.4715e+06	6.5175e+06	6.60325e+06	6.627e+06	6.6215e+06	
6.41275e+06	6.46325e+06	6.63275e+06	6.52325e+06	6.629e+06	
6.452e+06	6.54325e+06	6.6415e+06	6.60875e+06	6.653e+06	
6.57425e+06	6.50675e+06	6.56925e+06	6.72425e+06	6.67375e+06	
6.57725e+06	6.66125e+06	6.71275e+06	6.73425e+06	6.726e+06	
6.52875e+06	6.61825e+06	6.67125e+06	6.692e+06	6.62025e+06	
6.55975e+06	6.537e+06	6.63475e+06	6.68075e+06	6.5295e+06	
6.4935e+06	6.5875e+06	6.59125e+06	6.576e+06	6.5905e+06	
6.42975e+06	6.4835e+06	6.52575e+06	6.602e+06	6.6915e+06	
6.5565e+06	6.56775e+06	6.648e+06	6.67875e+06	6.6965e+06	
6.4865e+06	6.47575e+06	6.67875e+06	6.65925e+06	6.5995e+06	
6.49225e+06	6.409e+06	6.65425e+06	6.73175e+06	6.63475e+06	
6.5345e+06	6.515e+06	6.55075e+06	6.595e+06	6.61825e+06	
6.46125e+06	6.4185e+06	6.542e+06	6.4915e+06	6.5615e+06	
6.39575e+06	6.42675e+06	6.54525e+06	6.52125e+06	6.55525e+06	
6.37625e+06	6.47775e+06	6.50225e+06	6.5295e+06	6.5005e+06	
6.25275e+06	6.297e+06	6.4235e+06	6.46575e+06	6.3e+06	
6.1695e+06	6.19975e+06	6.2925e+06	6.30325e+06	6.32325e+06	
5.98825e+06	6.03225e+06	6.08775e+06	6.1785e+06	6.03675e+06	
5.74375e+06	5.85325e+06	5.8395e+06	5.81225e+06	5.82925e+06	
5.5105e+06	5.55775e+06	5.6025e+06	5.731e+06	5.7015e+06	
5.60125e+06	5.58675e+06	5.6365e+06	5.67375e+06	5.71075e+06	
5.663e+06	5.71975e+06	5.818e+06	5.799e+06	5.784e+06	
5.765e+06	5.816e+06	5.8715e+06	5.84e+06	5.8325e+06	
5.89625e+06	5.87775e+06	5.96675e+06	5.98875e+06	5.95675e+06	
5.971e+06	6.0455e+06	6.1255e+06	6.1305e+06	6.11975e+06	
6.04925e+06	6.1255e+06	6.2005e+06	6.1375e+06	6.14325e+06	
6.0775e+06	6.1525e+06	6.203e+06	6.2225e+06	6.24025e+06	
6.1525e+06	6.1695e+06	6.24775e+06	6.159e+06	6.179e+06	
6.1475e+06	6.1815e+06	6.32275e+06	6.319e+06	6.3025e+06	
6.14125e+06	6.21875e+06	6.324e+06	6.3605e+06	6.31525e+06	
6.251e+06	6.2295e+06	6.256e+06	6.29e+06	6.27475e+06	
6.208e+06	6.22325e+06	6.3115e+06	6.31325e+06	6.3675e+06	
6.22825e+06	6.1735e+06	6.263e+06	6.259e+06	6.34475e+06	
6.1425e+06	6.21e+06	6.34975e+06	6.4035e+06	6.30075e+06	
6.24025e+06	6.17775e+06	6.3655e+06	6.3145e+06	6.30325e+06	
6.1765e+06	6.22e+06	6.29375e+06	6.34475e+06	6.2365e+06	
6.21175e+06	6.24325e+06	6.34425e+06	6.331e+06	6.28875e+06	
6.232e+06	6.28625e+06	6.26025e+06	6.34175e+06	6.3315e+06	
6.169e+06	6.225e+06	6.32775e+06	6.34975e+06	6.3285e+06	
6.13175e+06	6.159e+06	6.27925e+06	6.2535e+06	6.2905e+06	
6.13925e+06	6.13175e+06	6.1615e+06	6.2295e+06	6.33025e+06	
6.10775e+06	6.0695e+06	6.2825e+06	6.23525e+06	6.15e+06	
6.10025e+06	6.11725e+06	6.17475e+06	6.237e+06	6.198e+06	
6.079e+06	6.05875e+06	6.26425e+06	6.21825e+06	6.19725e+06	
6.07625e+06	6.07e+06	6.25725e+06	6.261e+06	6.23275e+06	
6.094e+06	6.123e+06	6.2075e+06	6.18475e+06	6.1785e+06	
6.11225e+06	6.09975e+06	6.17225e+06	6.21125e+06	6.21825e+06	
6.07575e+06	6.10475e+06	6.1735e+06	6.18975e+06	6.159e+06	
6.0915e+06	6.11425e+06	6.174e+06	6.17525e+06	6.15825e+06	
6.04875e+06	6.12625e+06	6.21375e+06	6.15775e+06	6.1835e+06	
6.00825e+06	6.05675e+06	6.16075e+06	6.099e+06	6.1375e+06	
6.014e+06	6.058e+06	6.12425e+06	6.18675e+06	6.1815e+06	
6.05875e+06	5.985e+06	6.15e+06	6.11175e+06	6.157e+06	
5.95275e+06	6.02725e+06	6.1205e+06	6.10725e+06	6.11475e+06	
6.0045e+06	6.05375e+06	6.188e+06	6.10225e+06	6.087e+06	
5.95025e+06	6.01275e+06	6.02775e+06	6.05625e+06	6.08325e+06	
5.93325e+06	6.0815e+06	6.133e+06	6.1105e+06	6.04475e+06	
5.91875e+06	6.0525e+06	6.03925e+06	6.0865e+06	6.036e+06	
5.91875e+06	6.04925e+06	6.179e+06	6.048e+06	6.05925e+06	
5.89425e+06	5.9705e+06	6.08575e+06	6.14875e+06	6.014e+06	
5.8495e+06	6.036e+06	5.97425e+06	6.00325e+06	6.04475e+06	
5.869e+06	5.8885e+06	5.96975e+06	6.0265e+06	5.94075e+06	
5.83875e+06	5.97375e+06	6.048e+06	5.96925e+06	5.96675e+06	
5.91075e+06	5.92075e+06	5.99825e+06	6.04475e+06	5.99375e+06	
5.77275e+06	5.90625e+06	5.8935e+06	5.85575e+06	5.93575e+06	
5.9125e+06	5.81675e+06	5.93325e+06	5.97175e+06	5.94975e+06	
5.78275e+06	5.78575e+06	5.905e+06	5.85525e+06	5.782e+06	
5.80275e+06	5.7985e+06	5.87475e+06	5.8765e+06	5.82625e+06	
5.75175e+06	5.893e+06	5.89625e+06	5.90675e+06	6.004e+06	
5.796e+06	5.90175e+06	5.91325e+06	5.888e+06	5.94725e+06	
5.8445e+06	5.8835e+06	5.90925e+06	5.92325e+06	5.87725e+06	
5.7795e+06	5.745e+06	5.866e+06	5.90675e+06	5.9245e+06	
5.84625e+06	5.7765e+06	5.93775e+06	5.8975e+06	5.9315e+06	
5.74675e+06	5.796e+06	5.89425e+06	5.939e+06	5.79975e+06	
5.842e+06	5.75625e+06	5.8565e+06	5.835e+06	5.8255e+06	
5.6505e+06	5.7505e+06	5.87225e+06	5.87775e+06	5.721e+06	
5.753e+06	5.76575e+06	5.782e+06	5.886e+06	5.78025e+06	
5.721e+06	5.75625e+06	5.823e+06	5.8445e+06	5.796e+06	
5.6965e+06	5.755e+06	5.7815e+06	5.83875e+06	5.76825e+06	
5.736e+06	5.707e+06	5.75875e+06	5.777e+06	5.72925e+06	
5.60125e+06	5.71225e+06	5.7965e+06	5.7455e+06	5.823e+06	
5.66925e+06	5.6605e+06	5.7645e+06	5.72675e+06	5.806e+06	
5.586e+06	5.692e+06	5.7505e+06	5.7965e+06	5.6895e+06	
5.69125e+06	5.6295e+06	5.7235e+06	5.7525e+06	5.81175e+06	
5.6505e+06	5.66625e+06	5.75875e+06	5.73425e+06	5.7305e+06	
5.6435e+06	5.6485e+06	5.78275e+06	5.818e+06	5.748e+06	
5.5225e+06	5.6125e+06	5.656e+06	5.748e+06	5.62275e+06	
5.59675e+06	5.656e+06	5.65925e+06	5.62025e+06	5.60575e+06	
5.59675e+06	5.523e+06	5.6605e+06	5.6675e+06	5.63275e+06	
5.5445e+06	5.5805e+06	5.71975e+06	5.7165e+06	5.634e+06	
5.525e+06	5.55025e+06	5.76075e+06	5.641e+06	5.6465e+06	
5.54e+06	5.5395e+06	5.5805e+06	5.52425e+06	5.47025e+06	
5.4575e+06	5.48975e+06	5.5715e+06	5.65925e+06	5.617e+06	
5.51675e+06	5.5085e+06	5.5545e+06	5.64025e+06	5.6215e+06	
5.52175e+06	5.47075e+06	5.535e+06	5.6005e+06	5.5805e+06	
5.50225e+06	5.61575e+06	5.5925e+06	5.549e+06	5.55775e+06	
5.49225e+06	5.445e+06	5.457e+06	5.5635e+06	5.5425e+06	
5.4505e+06	5.39275e+06	5.4865e+06	5.5325e+06	5.503e+06	
5.392e+06	5.50175e+06	5.46775e+06	5.489e+06	5.46825e+06	
5.39325e+06	5.4185e+06	5.43175e+06	5.50475e+06	5.4545e+06	
5.30575e+06	5.394e+06	5.4335e+06	5.49275e+06	5.40525e+06	
5.37e+06	5.2955e+06	5.356e+06	5.40525e+06	5.433e+06	
5.314e+06	5.334e+06	5.3415e+06	5.34725e+06	5.36875e+06	
5.22625e+06	5.198e+06	5.356e+06	5.34925e+06	5.3075e+06	
5.28875e+06	5.39325e+06	5.39025e+06	5.4015e+06	5.35225e+06	
5.28175e+06	5.268e+06	5.34025e+06	5.30825e+06	5.319e+06	
5.17275e+06	5.18725e+06	5.2855e+06	5.26225e+06	5.31e+06	
5.128e+06	5.196e+06	5.235e+06	5.271e+06	5.24025e+06	
4.9825e+06	5.0095e+06	5.0235e+06	5.05875e+06	5.01525e+06	
4.67675e+06	4.65475e+06	4.75675e+06	4.721e+06	4.73925e+06	
4.43425e+06	4.445e+06	4.4795e+06	4.494e+06	4.4475e+06	
4.3175e+06	4.3075e+06	4.3415e+06	4.31825e+06	4.356e+06	
4.2275e+06	4.254e+06	4.353e+06	4.3755e+06	4.339e+06	
4.25775e+06	4.2855e+06	4.3655e+06	4.31125e+06	4.351e+06	
4.283e+06	4.27675e+06	4.38075e+06	4.392e+06	4.3705e+06	
4.2875e+06	4.32075e+06	4.37175e+06	4.40575e+06	4.39e+06	
4.3125e+06	4.2685e+06	4.448e+06	4.416e+06	4.3215e+06	
4.29375e+06	4.332e+06	4.392e+06	4.50425e+06	4.457e+06	
4.2875e+06	4.40325e+06	4.421e+06	4.45425e+06	4.4575e+06	
4.35175e+06	4.375e+06	4.4385e+06	4.41775e+06	4.508e+06	
4.392e+06	4.45375e+06	4.5225e+06	4.48775e+06	4.45175e+06	
4.436e+06	4.414e+06	4.506e+06	4.47775e+06	4.496e+06	
4.45425e+06	4.4845e+06	4.511e+06	4.5055e+06	4.5975e+06	
4.46125e+06	4.44625e+06	4.62375e+06	4.5635e+06	4.52375e+06	
4.57275e+06	4.5955e+06	4.60375e+06	4.63825e+06	4.632e+06	
4.583e+06	4.6945e+06	4.6225e+06	4.6775e+06	4.707e+06	
4.52925e+06	4.6125e+06	4.68375e+06	4.603e+06	4.63975e+06	
4.5595e+06	4.508e+06	4.61325e+06	4.63075e+06	4.59625e+06	
4.52175e+06	4.5635e+06	4.6195e+06	4.5955e+06	4.6095e+06	
4.4715e+06	4.5055e+06	4.608e+06	4.56075e+06	4.525e+06	
4.4425e+06	4.49475e+06	4.542e+06	4.5085e+06	4.54775e+06	
4.3655e+06	4.44375e+06	4.513e+06	4.50675e+06	4.5275e+06	
4.38075e+06	4.45825e+06	4.47e+06	4.4575e+06	4.50975e+06	
4.484e+06	4.424e+06	4.44175e+06	4.5055e+06	4.399e+06	
4.421e+06	4.46325e+06	4.4625e+06	4.47325e+06	4.4385e+06	
4.428e+06	4.38075e+06	4.465e+06	4.4645e+06	4.436e+06	
4.41225e+06	4.4135e+06	4.51475e+06	4.494e+06	4.455e+06	
4.35425e+06	4.3485e+06	4.56775e+06	4.4555e+06	4.5205e+06	
4.41225e+06	4.4385e+06	4.46875e+06	4.56025e+06	4.56725e+06	
4.52925e+06	4.48075e+06	4.56025e+06	4.588e+06	4.55075e+06	
4.453e+06	4.5205e+06	4.545e+06	4.5735e+06	4.53825e+06	
4.49975e+06	4.508e+06	4.5595e+06	4.557e+06	4.559e+06	
4.41525e+06	4.38325e+06	4.479e+06	4.48725e+06	4.48075e+06	
4.40275e+06	4.455e+06	4.46125e+06	4.5345e+06	4.49025e+06	
4.3755e+06	4.409e+06	4.45875e+06	4.4575e+06	4.45425e+06	
4.404e+06	4.34225e+06	4.46375e+06	4.443e+06	4.4215e+06	
4.324e+06	4.27675e+06	4.3895e+06	4.38325e+06	4.385e+06	
4.22875e+06	4.34525e+06	4.32025e+06	4.3945e+06	4.30825e+06	
4.2615e+06	4.3045e+06	4.40325e+06	4.2875e+06	4.34475e+06	
4.19275e+06	4.20175e+06	4.33025e+06	4.2715e+06	4.2785e+06	
4.16525e+06	4.181e+06	4.2395e+06	4.32075e+06	4.223e+06	
4.09275e+06	4.13925e+06	4.09275e+06	4.28225e+06	4.19225e+06	
4.13675e+06	4.10075e+06	4.208e+06	4.162e+06	4.189e+06	
4.10275e+06	4.18225e+06	4.2255e+06	4.17775e+06	4.2275e+06	
4.08e+06	4.1525e+06	4.15875e+06	4.1405e+06	4.09025e+06	
4.036e+06	4.08e+06	4.145e+06	4.16775e+06	4.138e+06	
4.017e+06	4.0705e+06	4.085e+06	4.111e+06	4.04925e+06	
4.048e+06	4.0605e+06	4.10525e+06	4.14125e+06	4.092e+06	
4.041e+06	4.07175e+06	4.0875e+06	4.14425e+06	4.1285e+06	
4.0535e+06	4.056e+06	4.10075e+06	4.11775e+06	4.12425e+06	
4.092e+06	4.05725e+06	4.172e+06	4.15325e+06	4.148e+06	
4.06375e+06	4.07825e+06	4.181e+06	4.17775e+06	4.15325e+06	
4.05175e+06	4.063e+06	4.1455e+06	4.11725e+06	4.17325e+06	
4.0455e+06	4.13425e+06	4.16325e+06	4.16525e+06	4.16375e+06	
4.005e+06	4.03775e+06	4.2055e+06	4.1405e+06	4.097e+06	
4.07e+06	4.04975e+06	4.11975e+06	4.07125e+06	4.128e+06	
3.98875e+06	4.063e+06	4.07e+06	4.08625e+06	4.08375e+06	
3.9955e+06	4.02025e+06	4.007e+06	4.104e+06	4.1115e+06	
3.99875e+06	4.05675e+06	4.00825e+06	4.09275e+06	4.04925e+06	
4.01525e+06	3.9735e+06	4.0625e+06	4.065e+06	4.04225e+06	
4.01575e+06	4.04975e+06	4.065e+06	4.01275e+06	4.05875e+06	
3.96675e+06	3.97475e+06	4.07625e+06	4.03775e+06	4.05925e+06	
3.9585e+06	3.96475e+06	4.0045e+06	4.02025e+06	3.9925e+06	
3.8935e+06	3.94275e+06	4.03775e+06	4.0245e+06	3.9905e+06	
3.91175e+06	3.91875e+06	3.9955e+06	4.0385e+06	4.00325e+06	
3.92575e+06	3.9325e+06	3.973e+06	3.9875e+06	3.96225e+06	
3.8835e+06	3.879e+06	4.048e+06	3.97225e+06	3.95525e+06	
3.91625e+06	3.90175e+06	3.93125e+06	4.01e+06	3.9295e+06	
3.84825e+06	3.9105e+06	3.961e+06	3.968e+06	3.942e+06	
3.85625e+06	3.8695e+06	4.0505e+06	3.90675e+06	3.918e+06	
3.818e+06	3.93075e+06	3.9585e+06	3.89925e+06	3.89925e+06	
3.8495e+06	3.88775e+06	3.97725e+06	3.9345e+06	3.91175e+06	
3.847e+06	3.84375e+06	3.92e+06	3.8815e+06	3.94325e+06	
3.85575e+06	3.9275e+06	3.8405e+06	3.84875e+06	3.8815e+06	
3.748e+06	3.80725e+06	3.85625e+06	3.88275e+06	3.8695e+06	
3.736e+06	3.82925e+06	3.8495e+06	3.80475e+06	3.864e+06	
3.81225e+06	3.8155e+06	3.75175e+06	3.86025e+06	3.787e+06	
3.772e+06	3.76825e+06	3.787e+06	3.78825e+06	3.74225e+06	
3.746e+06	3.7895e+06	3.79275e+06	3.7985e+06	3.81475e+06	
3.68375e+06	3.72975e+06	3.7795e+06	3.8115e+06	3.78825e+06	
3.68875e+06	3.661e+06	3.811e+06	3.746e+06	3.797e+06	
3.683e+06	3.69825e+06	3.78e+06	3.804e+06	3.751e+06	
3.66675e+06	3.67225e+06	3.67675e+06	3.68625e+06	3.72225e+06	
3.656e+06	3.625e+06	3.7145e+06	3.695e+06	3.66175e+06	
3.63775e+06	3.615e+06	3.712e+06	3.7e+06	3.632e+06	
3.59475e+06	3.59725e+06	3.66475e+06	3.637e+06	3.67425e+06	
3.54375e+06	3.59925e+06	3.62625e+06	3.646e+06	3.59925e+06	
3.54575e+06	3.49225e+06	3.58975e+06	3.61125e+06	3.54575e+06	
3.4575e+06	3.51225e+06	3.49525e+06	3.5135e+06	3.533e+06	
3.327e+06	3.36725e+06	3.363e+06	3.4115e+06	3.4115e+06	
3.20975e+06	3.28175e+06	3.30175e+06	3.30825e+06	3.2785e+06	
3.10025e+06	3.13175e+06	3.19525e+06	3.1525e+06	3.191e+06	
3.04925e+06	3.0505e+06	3.07375e+06	3.14e+06	3.10975e+06	
2.947e+06	2.99125e+06	3.04525e+06	3.046e+06	3.0465e+06	
2.8595e+06	2.93e+06	2.9755e+06	2.961e+06	2.9205e+06	
2.87275e+06	2.85575e+06	2.94025e+06	2.85e+06	2.82725e+06	
2.7535e+06	2.7995e+06	2.76675e+06	2.8815e+06	2.809e+06	
2.76175e+06	2.789e+06	2.86e+06	2.79825e+06	2.79575e+06	
2.71325e+06	2.748e+06	2.78375e+06	2.7655e+06	2.826e+06	
2.73525e+06	2.7655e+06	2.78325e+06	2.821e+06	2.8085e+06	
2.772e+06	2.775e+06	2.79825e+06	2.8235e+06	2.811e+06	
2.772e+06	2.82225e+06	2.8955e+06	2.87075e+06	2.8285e+06	
2.88525e+06	2.90175e+06	2.947e+06	2.95025e+06	2.95025e+06	
2.95325e+06	3.007e+06	3.05675e+06	3.01825e+06	3.0045e+06	
3.01075e+06	3.03475e+06	3.051e+06	3.0675e+06	3.10775e+06	
3.097e+06	3.11025e+06	3.17075e+06	3.14675e+06	3.1795e+06	
3.11975e+06	3.1675e+06	3.145e+06	3.18725e+06	3.19975e+06	
3.111e+06	3.1115e+06	3.1355e+06	3.1715e+06	3.18775e+06	
3.08825e+06	3.119e+06	3.14e+06	3.15375e+06	3.11525e+06	
2.97975e+06	3.0095e+06	3.063e+06	3.09525e+06	3.07e+06	
2.90675e+06	2.93875e+06	2.944e+06	2.9835e+06	2.9835e+06	
2.93325e+06	2.87775e+06	2.97725e+06	2.93825e+06	2.99e+06	
2.862e+06	2.89425e+06	2.94275e+06	2.9375e+06	2.88525e+06	
2.86575e+06	2.86525e+06	2.92575e+06	2.9615e+06	2.881e+06	
2.823e+06	2.82675e+06	2.87825e+06	2.90475e+06	2.852e+06	
2.8355e+06	2.85325e+06	2.8065e+06	2.88025e+06	2.8375e+06	
2.80075e+06	2.82225e+06	2.872e+06	2.87775e+06	2.93625e+06	
2.82475e+06	2.877e+06	2.923e+06	2.88025e+06	2.8425e+06	
2.80525e+06	2.88775e+06	2.864e+06	2.85575e+06	2.83925e+06	
2.8015e+06	2.87525e+06	2.8545e+06	2.83625e+06	2.869e+06	
2.8495e+06	2.8165e+06	2.88275e+06	2.91175e+06	2.90175e+06	
2.843e+06	2.92175e+06	2.869e+06	2.89275e+06	2.79275e+06	
2.7745e+06	2.72775e+06	2.821e+06	2.81975e+06	2.80975e+06	
2.78125e+06	2.85375e+06	2.82675e+06	2.804e+06	2.80475e+06	
2.84625e+06	2.845e+06	2.81725e+06	2.8255e+06	2.843e+06	
2.81975e+06	2.76175e+06	2.8865e+06	2.85075e+06	2.84425e+06	
2.814e+06	2.7625e+06	2.789e+06	2.8475e+06	2.814e+06	
2.74425e+06	2.726e+06	2.82425e+06	2.80475e+06	2.724e+06	
2.787e+06	2.73975e+06	2.82725e+06	2.87275e+06	2.84125e+06	
2.8305e+06	2.8085e+06	2.83375e+06	2.88475e+06	2.85825e+06	
2.79825e+06	2.864e+06	2.87825e+06	2.91125e+06	2.864e+06	
2.78575e+06	2.7575e+06	2.84625e+06	2.84375e+06	2.8085e+06	
2.81475e+06	2.77575e+06	2.797e+06	2.8665e+06	2.87025e+06	
2.83625e+06	2.789e+06	2.884e+06	2.85375e+06	2.8545e+06	
2.80525e+06	2.8165e+06	2.85075e+06	2.8285e+06	2.8255e+06	
2.8065e+06	2.7775e+06	2.838e+06	2.86825e+06	2.843e+06	
2.906e+06	2.852e+06	2.89475e+06	2.89975e+06	2.97425e+06	
2.89425e+06	2.9125e+06	2.94825e+06	2.90225e+06	2.95075e+06	
2.8645e+06	2.88525e+06	2.9905e+06	2.98175e+06	2.94825e+06	
2.93625e+06	2.94825e+06	2.99175e+06	3.00575e+06	3.02325e+06	
2.9835e+06	2.9665e+06	3.05975e+06	3.0145e+06	3.02075e+06	
2.92625e+06	2.99125e+06	3.01375e+06	3.01e+06	3.0535e+06	
2.988e+06	3.0265e+06	2.9685e+06	3.068e+06	3.058e+06	
3.019e+06	2.9875e+06	3.0795e+06	3.03725e+06	3.02525e+06	
2.998e+06	2.995e+06	3.0145e+06	3.04525e+06	3.04275e+06	
3.00625e+06	3.0625e+06	3.056e+06	3.012e+06	3.03275e+06	
3.01075e+06	2.92425e+06	3.063e+06	3.0295e+06	3.06925e+06	
2.94325e+06	2.95975e+06	3.01375e+06	3.007e+06	2.9905e+06	
2.94325e+06	2.95775e+06	2.94575e+06	2.96525e+06	2.94775e+06	
2.947e+06	2.9225e+06	2.9855e+06	3.0095e+06	2.98675e+06	
2.9055e+06	2.9615e+06	3.03775e+06	2.97425e+06	2.97425e+06	
2.8865e+06	2.96525e+06	2.9565e+06	3.06875e+06	2.98475e+06	
2.932e+06	2.98925e+06	2.97725e+06	3.0145e+06	3.02025e+06	
2.99e+06	2.99125e+06	3.02275e+06	3.0755e+06	3.0465e+06	
2.9515e+06	2.9735e+06	2.97225e+06	2.97925e+06	3.0095e+06	
2.961e+06	2.969e+06	2.95525e+06	3.0005e+06	2.93375e+06	
2.872e+06	2.95975e+06	2.90475e+06	2.9785e+06	2.96025e+06	
2.9175e+06	2.91e+06	3.03475e+06	2.95275e+06	2.9615e+06	
2.91e+06	2.86525e+06	2.9665e+06	2.969e+06	2.9925e+06	
2.92e+06	2.966e+06	2.98425e+06	2.9615e+06	2.98425e+06	
2.918e+06	2.964e+06	2.95725e+06	2.9735e+06	2.954e+06	
2.918e+06	2.935e+06	2.96225e+06	2.98875e+06	2.9295e+06	
2.89675e+06	2.92175e+06	2.959e+06	2.947e+06	2.95025e+06	
2.937e+06	2.87275e+06	2.95525e+06	2.95275e+06	2.95525e+06	
2.9495e+06	2.89275e+06	2.87825e+06	2.93125e+06	2.9415e+06	
2.82975e+06	2.9275e+06	2.93375e+06	2.918e+06	2.91375e+06	
2.91175e+06	2.90675e+06	2.8935e+06	2.9635e+06	2.92375e+06	
2.88975e+06	2.92875e+06	2.9325e+06	2.94275e+06	2.94825e+06	
2.89725e+06	2.898e+06	2.9495e+06	2.923e+06	2.96975e+06	
2.9275e+06	2.9055e+06	3.012e+06	2.95525e+06	2.959e+06	
2.913e+06	2.90675e+06	3.00575e+06	2.95975e+06	2.97675e+06	
2.9415e+06	2.896e+06	3.002e+06	2.98875e+06	2.99425e+06	
2.94075e+06	2.89475e+06	2.95975e+06	2.966e+06	2.99e+06	
2.932e+06	2.8955e+06	2.9665e+06	2.93825e+06	2.92375e+06	
2.89025e+06	2.8665e+06	2.93875e+06	2.92825e+06	2.9375e+06	
2.864e+06	2.85825e+06	2.92825e+06	2.95525e+06	2.9415e+06	
2.84175e+06	2.9175e+06	2.91e+06	2.91925e+06	2.95525e+06	
2.89925e+06	2.93075e+06	3.002e+06	2.95725e+06	2.9225e+06	
2.886e+06	2.8815e+06	2.9565e+06	2.9295e+06	2.9375e+06	
2.8665e+06	2.8745e+06	2.94525e+06	2.952e+06	2.8955e+06	
2.88475e+06	2.86575e+06	2.937e+06	2.89675e+06	2.9125e+06	
2.8575e+06	2.8665e+06	2.95725e+06	2.9035e+06	2.9295e+06	
2.8745e+06	2.91425e+06	2.93e+06	2.89725e+06	2.9105e+06	
2.89475e+06	2.867e+06	2.993e+06	2.964e+06	2.9155e+06	
2.8455e+06	2.84625e+06	2.88775e+06	2.90725e+06	2.889e+06	
2.85875e+06	2.87825e+06	2.87325e+06	2.91e+06	2.84125e+06	
2.8715e+06	2.83175e+06	2.90225e+06	2.91125e+06	2.8695e+06	
2.83375e+06	2.823e+06	2.86e+06	2.8815e+06	2.85625e+06	
2.8575e+06	2.8185e+06	2.8135e+06	2.7965e+06	2.83625e+06	
2.7575e+06	2.8255e+06	2.8665e+06	2.83625e+06	2.8205e+06	
2.7535e+06	2.799e+06	2.78125e+06	2.81725e+06	2.83925e+06	
2.7675e+06	2.78575e+06	2.82725e+06	2.83175e+06	2.82225e+06	
2.7535e+06	2.78375e+06	2.81475e+06	2.85325e+06	2.823e+06	
2.74025e+06	2.74725e+06	2.794e+06	2.80225e+06	2.83175e+06	
2.76125e+06	2.72325e+06	2.76625e+06	2.77375e+06	2.8065e+06	
2.71525e+06	2.7605e+06	2.83375e+06	2.73525e+06	2.80475e+06	
2.73975e+06	2.82425e+06	2.81475e+06	2.81975e+06	2.811e+06	
2.748e+06	2.763e+06	2.79075e+06	2.76375e+06	2.7335e+06	
2.6995e+06	2.70825e+06	2.7555e+06	2.758e+06	2.80075e+06	
2.77575e+06	2.78575e+06	2.76425e+06	2.80075e+06	2.7995e+06	
2.726e+06	2.71575e+06	2.81275e+06	2.79025e+06	2.79075e+06	
2.75475e+06	2.7365e+06	2.80475e+06	2.7165e+06	2.77625e+06	
2.74975e+06	2.77e+06	2.76625e+06	2.76175e+06	2.7945e+06	
2.69175e+06	2.76925e+06	2.78375e+06	2.799e+06	2.765e+06	
2.69425e+06	2.765e+06	2.74925e+06	2.7725e+06	2.7795e+06	
2.69875e+06	2.73025e+06	2.73225e+06	2.683e+06	2.77875e+06	
2.697e+06	2.74925e+06	2.78575e+06	2.74025e+06	2.7265e+06	
2.69175e+06	2.72325e+06	2.748e+06	2.719e+06	2.758e+06	
2.67425e+06	2.68625e+06	2.75425e+06	2.7365e+06	2.751e+06	
2.6855e+06	2.70575e+06	2.7365e+06	2.717e+06	2.75175e+06	
2.647e+06	2.693e+06	2.71575e+06	2.666e+06	2.70125e+06	
2.64025e+06	2.71525e+06	2.69175e+06	2.71825e+06	2.6925e+06	
2.5885e+06	2.6445e+06	2.69825e+06	2.685e+06	2.68425e+06	
2.634e+06	2.666e+06	2.65475e+06	2.6735e+06	2.69e+06	
2.64975e+06	2.65475e+06	2.67725e+06	2.64525e+06	2.64325e+06	
2.61125e+06	2.59675e+06	2.6635e+06	2.70875e+06	2.6685e+06	
2.61175e+06	2.634e+06	2.64275e+06	2.676e+06	2.64525e+06	
2.5885e+06	2.60625e+06	2.6245e+06	2.58975e+06	2.5785e+06	
2.426e+06	2.438e+06	2.484e+06	2.5425e+06	2.48525e+06	
2.19275e+06	2.2685e+06	2.32125e+06	2.27775e+06	2.33075e+06	
1.9495e+06	1.976e+06	1.95525e+06	1.998e+06	1.9515e+06	
1.695e+06	1.68625e+06	1.7335e+06	1.73225e+06	1.74725e+06	
1.45425e+06	1.45425e+06	1.453e+06	1.485e+06	1.46925e+06	
1.3025e+06	1.30425e+06	1.291e+06	1.2935e+06	1.28275e+06	
1.211e+06	1.23375e+06	1.2185e+06	1.19025e+06	1.22675e+06	
1.213e+06	1.24625e+06	1.238e+06	1.26575e+06	1.2765e+06	
1.3225e+06	1.33575e+06	1.325e+06	1.33575e+06	1.3295e+06	
1.429e+06	1.4605e+06	1.4725e+06	1.448e+06	1.4405e+06	
1.48125e+06	1.5065e+06	1.4795e+06	1.482e+06	1.4895e+06	
1.46375e+06	1.49025e+06	1.4775e+06	1.477e+06	1.5205e+06	
1.4845e+06	1.455e+06	1.51975e+06	1.47825e+06	1.4965e+06	
1.4625e+06	1.47325e+06	1.475e+06	1.47325e+06	1.48125e+06	
1.48325e+06	1.47125e+06	1.492e+06	1.504e+06	1.4825e+06	
1.48775e+06	1.50275e+06	1.497e+06	1.5085e+06	1.52725e+06	
1.54825e+06	1.50725e+06	1.506e+06	1.55375e+06	1.5575e+06	
1.584e+06	1.589e+06	1.58275e+06	1.5745e+06	1.62875e+06	
1.6205e+06	1.6375e+06	1.66475e+06	1.65275e+06	1.62625e+06	
1.72825e+06	1.70825e+06	1.72775e+06	1.7095e+06	1.734e+06	
1.773e+06	1.7845e+06	1.74675e+06	1.77375e+06	1.7945e+06	
1.811e+06	1.84625e+06	1.84425e+06	1.88725e+06	1.8575e+06	
1.848e+06	1.915e+06	1.90175e+06	1.9425e+06	1.93075e+06	
2.02275e+06	1.97275e+06	2.0195e+06	1.9855e+06	1.96725e+06	
2.04475e+06	2.0535e+06	2.10775e+06	2.05025e+06	2.09075e+06	
2.09125e+06	2.09075e+06	2.10075e+06	2.138e+06	2.10825e+06	
2.104e+06	2.18975e+06	2.133e+06	2.191e+06	2.1625e+06	
2.21675e+06	2.16575e+06	2.23125e+06	2.23375e+06	2.2395e+06	
2.25275e+06	2.2615e+06	2.21175e+06	2.298e+06	2.29675e+06	
2.2495e+06	2.28925e+06	2.2935e+06	2.31575e+06	2.279e+06	
2.25775e+06	2.30425e+06	2.28425e+06	2.34525e+06	2.28925e+06	
2.2615e+06	2.3055e+06	2.26325e+06	2.2835e+06	2.27725e+06	
2.259e+06	2.2975e+06	2.33025e+06	2.2645e+06	2.3295e+06	
2.26025e+06	2.28975e+06	2.28425e+06	2.346e+06	2.2835e+06	
2.25e+06	2.291e+06	2.3025e+06	2.28025e+06	2.33025e+06	
2.2515e+06	2.29225e+06	2.33775e+06	2.37225e+06	2.31125e+06	
2.32e+06	2.332e+06	2.3225e+06	2.31875e+06	2.32075e+06	
2.3e+06	2.32825e+06	2.32075e+06	2.33825e+06	2.36425e+06	
2.298e+06	2.30425e+06	2.30625e+06	2.283e+06	2.2835e+06	
2.27275e+06	2.27225e+06	2.33325e+06	2.31575e+06	2.3055e+06	
2.28725e+06	2.28175e+06	2.30675e+06	2.3025e+06	2.315e+06	
2.23625e+06	2.26325e+06	2.2955e+06	2.3365e+06	2.31825e+06	
2.27775e+06	2.2765e+06	2.33575e+06	2.33075e+06	2.29225e+06	
2.24875e+06	2.26975e+06	2.315e+06	2.288e+06	2.28975e+06	
2.259e+06	2.26275e+06	2.293e+06	2.30675e+06	2.25e+06	
2.25525e+06	2.24325e+06	2.26975e+06	2.308e+06	2.3295e+06	
2.25575e+06	2.2395e+06	2.259e+06	2.242e+06	2.259e+06	
2.22375e+06	2.22175e+06	2.26025e+06	2.2665e+06	2.259e+06	
2.21175e+06	2.235e+06	2.24e+06	2.2565e+06	2.24625e+06	
2.19775e+06	2.2135e+06	2.3055e+06	2.25075e+06	2.25275e+06	
2.177e+06	2.19525e+06	2.26275e+06	2.2185e+06	2.2155e+06	
2.184e+06	2.22625e+06	2.2545e+06	2.274e+06	2.2495e+06	
2.17125e+06	2.1845e+06	2.26025e+06	2.286e+06	2.24075e+06	
2.1985e+06	2.158e+06	2.254e+06	2.23575e+06	2.24825e+06	
2.1725e+06	2.20275e+06	2.24375e+06	2.199e+06	2.19225e+06	
2.20975e+06	2.165e+06	2.235e+06	2.23175e+06	2.20925e+06	
2.1935e+06	2.18025e+06	2.23875e+06	2.2255e+06	2.21975e+06	
2.19225e+06	2.20225e+06	2.187e+06	2.19275e+06	2.20925e+06	
2.14375e+06	2.18525e+06	2.2255e+06	2.19525e+06	2.208e+06	
2.141e+06	2.17525e+06	2.194e+06	2.187e+06	2.1935e+06	
2.12775e+06	2.19775e+06	2.2185e+06	2.23875e+06	2.19975e+06	
2.116e+06	2.13725e+06	2.199e+06	2.17e+06	2.1745e+06	
2.13675e+06	2.138e+06	2.17575e+06	2.22675e+06	2.16075e+06	
2.138e+06	2.17375e+06	2.20275e+06	2.12975e+06	2.18525e+06	
2.119e+06	2.1575e+06	2.1795e+06	2.172e+06	2.189e+06	
2.112e+06	2.13725e+06	2.19025e+06	2.14625e+06	2.167e+06	
2.13925e+06	2.12475e+06	2.167e+06	2.1815e+06	2.177e+06	
2.13675e+06	2.15625e+06	2.189e+06	2.13925e+06	2.13225e+06	
2.10325e+06	2.1695e+06	2.15e+06	2.121e+06	2.13225e+06	
2.1595e+06	2.1185e+06	2.177e+06	2.1595e+06	2.09e+06	
2.11075e+06	2.0945e+06	2.21175e+06	2.1405e+06	2.1215e+06	
2.119e+06	2.145e+06	2.138e+06	2.12775e+06	2.153e+06	
2.1505e+06	2.11775e+06	2.1015e+06	2.182e+06	2.1965e+06	
2.162e+06	2.095e+06	2.15625e+06	2.20475e+06	2.16e+06	
2.10025e+06	2.10025e+06	2.104e+06	2.14175e+06	2.1045e+06	
2.06475e+06	2.09325e+06	2.153e+06	2.1865e+06	2.15425e+06	
2.0725e+06	2.10325e+06	2.12975e+06	2.145e+06	2.10825e+06	
2.1235e+06	2.11975e+06	2.13675e+06	2.1405e+06	2.138e+06	
2.07875e+06	2.09825e+06	2.1015e+06	2.1165e+06	2.12475e+06	
2.0945e+06	2.07675e+06	2.133e+06	2.09775e+06	2.10075e+06	
2.0705e+06	2.1115e+06	2.0945e+06	2.09e+06	2.11525e+06	
2.07175e+06	2.0635e+06	2.07675e+06	2.097e+06	2.095e+06	
2.085e+06	2.12725e+06	2.10275e+06	2.10575e+06	2.136e+06	
2.02075e+06	2.08625e+06	2.0725e+06	2.1215e+06	2.07925e+06	
2.073e+06	2.09325e+06	2.0945e+06	2.073e+06	2.06875e+06	
2.07625e+06	2.05725e+06	2.0755e+06	2.0705e+06	2.05925e+06	
2.053e+06	2.03075e+06	2.053e+06	2.06175e+06	2.068e+06	
2.0465e+06	2.03275e+06	2.03525e+06	2.08375e+06	2.027e+06	
2.032e+06	2.0345e+06	2.0515e+06	2.05975e+06	2.05425e+06	
2.003e+06	2.0195e+06	2.03275e+06	2.00825e+06	2.0245e+06	
1.9715e+06	1.971e+06	2.03325e+06	2.01325e+06	2.039e+06	
2.01825e+06	2.04225e+06	2.02825e+06	2.04525e+06	2.032e+06	
1.97975e+06	1.964e+06	2.02325e+06	2.017e+06	2.0315e+06	
1.9975e+06	1.9685e+06	1.97975e+06	1.99375e+06	1.98225e+06	
2.012e+06	1.9735e+06	1.988e+06	1.9855e+06	2.01625e+06	
1.90175e+06	1.9495e+06	1.97025e+06	1.98175e+06	1.99125e+06	
1.93625e+06	1.9925e+06	1.99925e+06	1.97675e+06	1.98725e+06	
1.92e+06	1.95325e+06	1.99925e+06	1.957e+06	1.937e+06	
1.93625e+06	1.961e+06	1.9715e+06	1.95575e+06	1.99175e+06	
1.94075e+06	1.9345e+06	1.94525e+06	1.949e+06	1.90675e+06	
1.9085e+06	1.89225e+06	1.94375e+06	1.9545e+06	1.961e+06	
1.91925e+06	1.93875e+06	1.91175e+06	1.92425e+06	1.90725e+06	
1.92e+06	1.93075e+06	1.928e+06	1.925e+06	1.94e+06	
1.89025e+06	1.86125e+06	1.89775e+06	1.923e+06	1.9345e+06	
1.90925e+06	1.8645e+06	1.91225e+06	1.89775e+06	1.88725e+06	
1.84625e+06	1.88725e+06	1.894e+06	1.886e+06	1.91925e+06	
1.891e+06	1.8815e+06	1.872e+06	1.92875e+06	1.85575e+06	
1.843e+06	1.83875e+06	1.88275e+06	1.88725e+06	1.91875e+06	
1.8335e+06	1.882e+06	1.88775e+06	1.87775e+06	1.896e+06	
1.8455e+06	1.867e+06	1.87575e+06	1.8965e+06	1.86325e+06	
1.848e+06	1.8795e+06	1.88075e+06	1.93575e+06	1.83675e+06	
1.816e+06	1.8355e+06	1.8795e+06	1.87775e+06	1.89025e+06	
1.80325e+06	1.848e+06	1.884e+06	1.88975e+06	1.86625e+06	
1.8355e+06	1.84675e+06	1.87025e+06	1.85e+06	1.90175e+06	
1.869e+06	1.8595e+06	1.85125e+06	1.87825e+06	1.8815e+06	
1.82725e+06	1.84425e+06	1.85125e+06	1.86e+06	1.85825e+06	
1.80775e+06	1.836e+06	1.83175e+06	1.8285e+06	1.83875e+06	
1.794e+06	1.80975e+06	1.8165e+06	1.82925e+06	1.84925e+06	
1.7895e+06	1.79275e+06	1.83225e+06	1.85125e+06	1.84425e+06	
1.80525e+06	1.8115e+06	1.828e+06	1.821e+06	1.8255e+06	
1.8045e+06	1.80025e+06	1.8305e+06	1.821e+06	1.84125e+06	
1.7705e+06	1.809e+06	1.81775e+06	1.84925e+06	1.83425e+06	
1.7775e+06	1.84e+06	1.794e+06	1.78875e+06	1.8455e+06	
1.81975e+06	1.7755e+06	1.81225e+06	1.88075e+06	1.80025e+06	
1.777e+06	1.7775e+06	1.82475e+06	1.843e+06	1.78825e+06	
1.7705e+06	1.79325e+06	1.78825e+06	1.81025e+06	1.7825e+06	
1.72575e+06	1.75225e+06	1.78825e+06	1.79e+06	1.804e+06	
1.74025e+06	1.76925e+06	1.7195e+06	1.73225e+06	1.758e+06	
1.71775e+06	1.741e+06	1.75675e+06	1.7605e+06	1.77425e+06	
1.734e+06	1.74025e+06	1.75175e+06	1.744e+06	1.7775e+06	
1.7485e+06	1.736e+06	1.727e+06	1.7605e+06	1.7315e+06	
1.7385e+06	1.71e+06	1.727e+06	1.74675e+06	1.72825e+06	
1.71325e+06	1.74275e+06	1.7505e+06	1.729e+06	1.7295e+06	
1.7435e+06	1.727e+06	1.7365e+06	1.736e+06	1.74275e+06	
1.719e+06	1.68675e+06	1.724e+06	1.73525e+06	1.7315e+06	
1.66025e+06	1.70575e+06	1.69e+06	1.71075e+06	1.6975e+06	
1.698e+06	1.68925e+06	1.72775e+06	1.72775e+06	1.717e+06	
1.69675e+06	1.68675e+06	1.688e+06	1.7415e+06	1.7215e+06	
1.66775e+06	1.66225e+06	1.68875e+06	1.7295e+06	1.71075e+06	
1.67725e+06	1.7215e+06	1.7075e+06	1.66925e+06	1.695e+06	
1.673e+06	1.639e+06	1.66925e+06	1.67425e+06	1.66925e+06	
1.64525e+06	1.67725e+06	1.6565e+06	1.66525e+06	1.68625e+06	
1.63825e+06	1.65725e+06	1.6515e+06	1.67975e+06	1.6875e+06	
1.664e+06	1.6565e+06	1.67975e+06	1.6975e+06	1.6805e+06	
1.6375e+06	1.666e+06	1.68175e+06	1.65725e+06	1.66775e+06	
1.64775e+06	1.63825e+06	1.647e+06	1.68875e+06	1.661e+06	
1.654e+06	1.63625e+06	1.65725e+06	1.6465e+06	1.67725e+06	
1.6685e+06	1.62875e+06	1.6925e+06	1.707e+06	1.683e+06	
1.6585e+06	1.671e+06	1.67675e+06	1.635e+06	1.6615e+06	
1.6515e+06	1.61925e+06	1.6875e+06	1.66775e+06	1.65275e+06	
1.6375e+06	1.6495e+06	1.654e+06	1.63825e+06	1.6345e+06	
1.62575e+06	1.63075e+06	1.68175e+06	1.61425e+06	1.654e+06	
1.6345e+06	1.63075e+06	1.6225e+06	1.6155e+06	1.62625e+06	
1.59925e+06	1.6245e+06	1.6395e+06	1.61875e+06	1.6205e+06	
1.58775e+06	1.59975e+06	1.62375e+06	1.6225e+06	1.6175e+06	
1.53675e+06	1.56825e+06	1.589e+06	1.579e+06	1.6465e+06	
1.57025e+06	1.56275e+06	1.589e+06	1.6035e+06	1.59025e+06	
1.60725e+06	1.53375e+06	1.58975e+06	1.59025e+06	1.58525e+06	
1.547e+06	1.58725e+06	1.5935e+06	1.564e+06	1.535e+06	
1.54125e+06	1.562e+06	1.58275e+06	1.55575e+06	1.5595e+06	
1.52925e+06	1.55625e+06	1.57575e+06	1.55325e+06	1.53875e+06	
1.55625e+06	1.54375e+06	1.53175e+06	1.56775e+06	1.545e+06	
1.51275e+06	1.547e+06	1.57075e+06	1.54125e+06	1.53875e+06	
1.4965e+06	1.4965e+06	1.5665e+06	1.54825e+06	1.57775e+06	
1.518e+06	1.523e+06	1.52475e+06	1.54e+06	1.53425e+06	
1.54825e+06	1.514e+06	1.5425e+06	1.51725e+06	1.5205e+06	
1.47125e+06	1.4725e+06	1.5065e+06	1.501e+06	1.50725e+06	
1.439e+06	1.50025e+06	1.4945e+06	1.55575e+06	1.485e+06	
1.45875e+06	1.47625e+06	1.4915e+06	1.497e+06	1.463e+06	
1.429e+06	1.453e+06	1.45425e+06	1.45175e+06	1.46375e+06	
1.40375e+06	1.40575e+06	1.44675e+06	1.429e+06	1.41525e+06	
1.39575e+06	1.44675e+06	1.41575e+06	1.4195e+06	1.453e+06	
1.38875e+06	1.39125e+06	1.4115e+06	1.4025e+06	1.42525e+06	
1.363e+06	1.388e+06	1.39825e+06	1.4e+06	1.41325e+06	
1.32075e+06	1.38175e+06	1.37225e+06	1.3735e+06	1.36925e+06	
1.332e+06	1.34025e+06	1.34575e+06	1.3395e+06	1.37175e+06	
1.33775e+06	1.33325e+06	1.36025e+06	1.3445e+06	1.339e+06	
1.29925e+06	1.3245e+06	1.34975e+06	1.30375e+06	1.3225e+06	
1.2835e+06	1.3415e+06	1.325e+06	1.305e+06	1.3125e+06	
1.2955e+06	1.2715e+06	1.286e+06	1.32325e+06	1.3005e+06	
1.27225e+06	1.2735e+06	1.28025e+06	1.28475e+06	1.29675e+06	
1.271e+06	1.2955e+06	1.291e+06	1.27225e+06	1.308e+06	
1.267e+06	1.2595e+06	1.26825e+06	1.28925e+06	1.30625e+06	
1.279e+06	1.264e+06	1.301e+06	1.281e+06	1.267e+06	
1.26025e+06	1.2695e+06	1.30925e+06	1.3005e+06	1.29925e+06	
1.27975e+06	1.284e+06	1.2955e+06	1.29725e+06	1.2885e+06	
1.27775e+06	1.27525e+06	1.26525e+06	1.31e+06	1.28025e+06	
1.262e+06	1.3075e+06	1.30175e+06	1.31375e+06	1.303e+06	
1.28475e+06	1.2935e+06	1.29925e+06	1.28275e+06	1.3075e+06	
1.25375e+06	1.262e+06	1.247e+06	1.2615e+06	1.276e+06	
1.26825e+06	1.29225e+06	1.2955e+06	1.27475e+06	1.26775e+06	
1.27525e+06	1.308e+06	1.27025e+06	1.31375e+06	1.3105e+06	
1.29725e+06	1.31625e+06	1.33775e+06	1.342e+06	1.32075e+06	
1.3025e+06	1.3055e+06	1.34275e+06	1.35225e+06	1.3705e+06	
1.29225e+06	1.344e+06	1.34025e+06	1.37675e+06	1.337e+06	
1.3535e+06	1.3175e+06	1.3535e+06	1.33125e+06	1.337e+06	
1.308e+06	1.3295e+06	1.3395e+06	1.317e+06	1.34325e+06	
1.296e+06	1.303e+06	1.3025e+06	1.29975e+06	1.2905e+06	
1.23425e+06	1.2375e+06	1.262e+06	1.22425e+06	1.26075e+06	
1.218e+06	1.19475e+06	1.199e+06	1.206e+06	1.223e+06	
1.1745e+06	1.175e+06	1.1745e+06	1.17075e+06	1.18275e+06	
1.19975e+06	1.213e+06	1.19775e+06	1.175e+06	1.1985e+06	
1.221e+06	1.20475e+06	1.233e+06	1.2355e+06	1.23875e+06	
1.242e+06	1.24375e+06	1.2355e+06	1.22675e+06	1.2425e+06	
1.2475e+06	1.284e+06	1.267e+06	1.2935e+06	1.2715e+06	
1.28925e+06	1.28525e+06	1.29175e+06	1.2835e+06	1.2665e+06	
1.2815e+06	1.28025e+06	1.298e+06	1.2905e+06	1.2835e+06	
1.3125e+06	1.30425e+06	1.284e+06	1.28925e+06	1.2545e+06	
1.2735e+06	1.281e+06	1.284e+06	1.31125e+06	1.26775e+06	
1.26275e+06	1.29475e+06	1.29225e+06	1.279e+06	1.26825e+06	
1.2545e+06	1.2955e+06	1.301e+06	1.25775e+06	1.296e+06	
1.26825e+06	1.2905e+06	1.25775e+06	1.28675e+06	1.3195e+06	
1.2885e+06	1.305e+06	1.31375e+06	1.296e+06	1.31e+06	
1.28025e+06	1.30675e+06	1.2835e+06	1.28675e+06	1.2955e+06	
1.2665e+06	1.24575e+06	1.2695e+06	1.2695e+06	1.2565e+06	
1.26325e+06	1.2375e+06	1.25775e+06	1.24625e+06	1.2425e+06	
1.2275e+06	1.24625e+06	1.225e+06	1.22175e+06	1.2305e+06	
1.245e+06	1.2305e+06	1.225e+06	1.225e+06	1.24825e+06	
1.20975e+06	1.228e+06	1.2615e+06	1.252e+06	1.2325e+06	
1.2255e+06	1.211e+06	1.22175e+06	1.24075e+06	1.24825e+06	
1.21225e+06	1.225e+06	1.245e+06	1.2205e+06	1.25775e+06	
1.25125e+06	1.233e+06	1.24625e+06	1.242e+06	1.23875e+06	
1.2135e+06	1.24125e+06	1.2525e+06	1.2235e+06	1.23875e+06	
1.22225e+06	1.2715e+06	1.2255e+06	1.2255e+06	1.2375e+06	
1.20475e+06	1.242e+06	1.233e+06	1.23e+06	1.225e+06	
1.20475e+06	1.21475e+06	1.221e+06	1.2235e+06	1.2235e+06	
1.247e+06	1.19975e+06	1.2305e+06	1.23425e+06	1.22175e+06	
1.204e+06	1.2015e+06	1.24e+06	1.23675e+06	1.21175e+06	
1.216e+06	1.213e+06	1.24625e+06	1.26775e+06	1.24375e+06	
1.24e+06	1.21925e+06	1.2035e+06	1.20725e+06	1.221e+06	
1.19975e+06	1.206e+06	1.2495e+06	1.184e+06	1.20275e+06	
1.18775e+06	1.20975e+06	1.235e+06	1.24075e+06	1.21675e+06	
1.1865e+06	1.19525e+06	1.21475e+06	1.2205e+06	1.218e+06	
1.194e+06	1.216e+06	1.213e+06	1.21725e+06	1.2155e+06	
1.2135e+06	1.1915e+06	1.20275e+06	1.21975e+06	1.2255e+06	
1.20225e+06	1.2305e+06	1.23175e+06	1.233e+06	1.216e+06	
1.20225e+06	1.206e+06	1.20725e+06	1.216e+06	1.242e+06	
1.21675e+06	1.24e+06	1.22625e+06	1.26525e+06	1.2375e+06	
1.209e+06	1.199e+06	1.2235e+06	1.23125e+06	1.2235e+06	
1.18025e+06	1.22425e+06	1.21975e+06	1.21475e+06	1.2275e+06	
1.2135e+06	1.23375e+06	1.238e+06	1.259e+06	1.23175e+06	
1.17325e+06	1.22175e+06	1.26775e+06	1.20025e+06	1.247e+06	
1.21425e+06	1.23875e+06	1.199e+06	1.23375e+06	1.24875e+06	
1.20525e+06	1.2015e+06	1.23675e+06	1.22925e+06	1.2355e+06	
1.2275e+06	1.1965e+06	1.20975e+06	1.22225e+06	1.25e+06	
1.204e+06	1.233e+06	1.221e+06	1.23425e+06	1.21425e+06	
1.2105e+06	1.2255e+06	1.21225e+06	1.21225e+06	1.238e+06	
1.19775e+06	1.19025e+06	1.233e+06	1.21675e+06	1.209e+06	
1.235e+06	1.18525e+06	1.209e+06	1.223e+06	1.21975e+06	
1.192e+06	1.209e+06	1.24625e+06	1.245e+06	1.20975e+06	
1.18025e+06	1.24125e+06	1.21175e+06	1.20775e+06	1.21675e+06	
1.21475e+06	1.1895e+06	1.23e+06	1.2375e+06	1.19325e+06	
1.19975e+06	1.1985e+06	1.2325e+06	1.2065e+06	1.218e+06	
1.24e+06	1.196e+06	1.2155e+06	1.2035e+06	1.2135e+06	
1.1895e+06	1.20775e+06	1.2355e+06	1.2085e+06	1.23e+06	
1.2275e+06	1.22425e+06	1.223e+06	1.20725e+06	1.21675e+06	
1.1645e+06	1.19475e+06	1.201e+06	1.23625e+06	1.20775e+06	
1.20725e+06	1.21175e+06	1.2425e+06	1.199e+06	1.21975e+06	
1.19975e+06	1.21425e+06	1.2135e+06	1.218e+06	1.18775e+06	
1.196e+06	1.19475e+06	1.21225e+06	1.16625e+06	1.206e+06	
1.20975e+06	1.20275e+06	1.1985e+06	1.1895e+06	1.204e+06	
1.18825e+06	1.206e+06	1.21175e+06	1.20525e+06	1.187e+06	
1.163e+06	1.20525e+06	1.20475e+06	1.19775e+06	1.1845e+06	
1.2235e+06	1.2065e+06	1.18775e+06	1.187e+06	1.17325e+06	
1.1625e+06	1.19075e+06	1.187e+06	1.175e+06	1.218e+06	
1.1795e+06	1.158e+06	1.228e+06	1.216e+06	1.1675e+06	
1.19025e+06	1.15375e+06	1.2445e+06	1.1555e+06	1.15425e+06	
1.16625e+06	1.16175e+06	1.18075e+06	1.19325e+06	1.153e+06	
1.16875e+06	1.1775e+06	1.192e+06	1.20225e+06	1.1865e+06	
1.2085e+06	1.1775e+06	1.18575e+06	1.172e+06	1.1845e+06	
1.1695e+06	1.15375e+06	1.18075e+06	1.18525e+06	1.1745e+06	
1.17325e+06	1.17e+06	1.19775e+06	1.2015e+06	1.1555e+06	
1.15875e+06	1.1795e+06	1.20025e+06	1.19275e+06	1.16125e+06	
1.16375e+06	1.148e+06	1.20975e+06	1.17825e+06	1.1675e+06	
1.15625e+06	1.19075e+06	1.18275e+06	1.177e+06	1.1555e+06	
1.1555e+06	1.15875e+06	1.18275e+06	1.15925e+06	1.17075e+06	
1.1335e+06	1.153e+06	1.17575e+06	1.1725e+06	1.1525e+06	
1.15625e+06	1.16825e+06	1.18075e+06	1.1745e+06	1.1775e+06	
1.16625e+06	1.18275e+06	1.1845e+06	1.184e+06	1.1695e+06	
1.15625e+06	1.12975e+06	1.163e+06	1.1505e+06	1.141e+06	
1.141e+06	1.15375e+06	1.15425e+06	1.158e+06	1.1725e+06	
1.12975e+06	1.1435e+06	1.12975e+06	1.163e+06	1.13425e+06	
1.1335e+06	1.13725e+06	1.1575e+06	1.1895e+06	1.14175e+06	
1.13725e+06	1.153e+06	1.158e+06	1.141e+06	1.1555e+06	
1.1385e+06	1.0975e+06	1.1435e+06	1.1625e+06	1.13225e+06	
1.112e+06	1.107e+06	1.08875e+06	1.11575e+06	1.12275e+06	
1.119e+06	1.10075e+06	1.1115e+06	1.1235e+06	1.10525e+06	
1.12475e+06	1.13425e+06	1.10525e+06	1.1165e+06	1.12275e+06	
1.09875e+06	1.126e+06	1.13225e+06	1.12475e+06	1.12225e+06	
1.107e+06	1.165e+06	1.12475e+06	1.13425e+06	1.119e+06	
1.1215e+06	1.14175e+06	1.12525e+06	1.117e+06	1.12725e+06	
1.07875e+06	1.092e+06	1.13025e+06	1.097e+06	1.09575e+06	
1.104e+06	1.119e+06	1.10075e+06	1.124e+06	1.117e+06	
1.11525e+06	1.09575e+06	1.10275e+06	1.119e+06	1.1355e+06	
1.10775e+06	1.10775e+06	1.14425e+06	1.10775e+06	1.1165e+06	
1.114e+06	1.0875e+06	1.13225e+06	1.1315e+06	1.11525e+06	
1.06975e+06	1.09875e+06	1.1335e+06	1.08875e+06	1.11325e+06	
1.11275e+06	1.09625e+06	1.10325e+06	1.11025e+06	1.11275e+06	
1.083e+06	1.0655e+06	1.0895e+06	1.0685e+06	1.09325e+06	
1.05525e+06	1.0805e+06	1.02575e+06	1.068e+06	1.0535e+06	
1.0245e+06	1.0415e+06	1.027e+06	1.046e+06	1.029e+06	
1.03025e+06	1.0485e+06	1.03275e+06	1.051e+06	1.044e+06	
1.04025e+06	1.05975e+06	1.05925e+06	1.05675e+06	1.04525e+06	
1.08425e+06	1.0415e+06	1.0725e+06	1.05475e+06	1.0805e+06	
1.068e+06	1.063e+06	1.09375e+06	1.08425e+06	1.04075e+06	
1.0895e+06	1.0825e+06	1.07675e+06	1.06975e+06	1.0635e+06	
1.07675e+06	1.075e+06	1.06925e+06	1.08125e+06	1.05475e+06	
1.06175e+06	1.09325e+06	1.095e+06	1.0635e+06	1.07675e+06	
1.075e+06	1.0725e+06	1.039e+06	1.09075e+06	1.05275e+06	
1.06175e+06	1.08425e+06	1.06975e+06	1.0775e+06	1.104e+06	
1.09e+06	1.097e+06	1.0825e+06	1.06175e+06	1.09875e+06	
1.10775e+06	1.07175e+06	1.06475e+06	1.09625e+06	1.08425e+06	
1.0725e+06	1.09325e+06	1.0855e+06	1.08e+06	1.08875e+06	
1.083e+06	1.06425e+06	1.09375e+06	1.0805e+06	1.0945e+06	
1.08e+06	1.11025e+06	1.07925e+06	1.10575e+06	1.0875e+06	
1.06675e+06	1.109e+06	1.078e+06	1.06975e+06	1.09875e+06	
1.06675e+06	1.08125e+06	1.07675e+06	1.0685e+06	1.09125e+06	
1.078e+06	1.054e+06	1.0465e+06	1.04025e+06	1.07875e+06	
1.03025e+06	1.07875e+06	1.05225e+06	1.0705e+06	1.05225e+06	
1.05275e+06	1.06425e+06	1.08125e+06	1.0705e+06	1.0465e+06	
1.08625e+06	1.05225e+06	1.08825e+06	1.0755e+06	1.04725e+06	
1.06475e+06	1.03575e+06	1.07625e+06	1.08625e+06	1.0685e+06	
1.063e+06	1.0725e+06	1.04725e+06	1.029e+06	1.09625e+06	
1.05025e+06	1.071e+06	1.0465e+06	1.0705e+06	1.08175e+06	
1.058e+06	1.06975e+06	1.095e+06	1.07175e+06	1.0585e+06	
1.046e+06	1.0655e+06	1.08825e+06	1.05675e+06	1.05925e+06	
1.05275e+06	1.04075e+06	1.08875e+06	1.06225e+06	1.06475e+06	
1.00875e+06	1.03525e+06	1.05025e+06	1.0485e+06	1.061e+06	
1.05275e+06	1.061e+06	1.0435e+06	1.07175e+06	1.04975e+06	
1.0365e+06	1.05025e+06	1.07675e+06	1.075e+06	1.05225e+06	
1.01325e+06	1.05025e+06	1.058e+06	1.0345e+06	1.071e+06	
1.03775e+06	1.03825e+06	1.0585e+06	1.049e+06	1.029e+06	
1.0435e+06	1.06425e+06	1.03025e+06	1.032e+06	1.05225e+06	
1.04025e+06	1.0435e+06	1.03575e+06	1.0485e+06	1.0365e+06	
1.03325e+06	1.0415e+06	1.04475e+06	1.025e+06	1.05275e+06	
1.0245e+06	1.02775e+06	1.01875e+06	1.0415e+06	1.04475e+06	
1.01e+06	1.03825e+06	1.03075e+06	1.02325e+06	1.03575e+06	
1.0055e+06	993000	1.005e+06	1.02e+06	1.0175e+06	
966000	999250	989250	977750	971500	
951500	970250	979750	984750	998750	
981000	977250	986750	979000	978500	
963250	969000	1.0145e+06	983000	1.00925e+06	
990500	993000	991000	969750	996250	
1.00425e+06	997500	1.00375e+06	995500	1.00375e+06	
967250	990500	1.00375e+06	1.01125e+06	1.022e+06	
1.0005e+06	1.00875e+06	1.00875e+06	987250	1.0005e+06	
1.00175e+06	960750	983500	1.00175e+06	1.005e+06	
1.008e+06	984250	1.0195e+06	1.01e+06	1.0345e+06	
989750	1e+06	1.022e+06	1.00925e+06	1.003e+06	
1.00125e+06	996750	1.00675e+06	994250	1.0075e+06	
985500	1.01825e+06	993000	994750	1.008e+06	
978500	998000	1.00925e+06	992250	1.02e+06	
999250	979750	1e+06	998750	1.0025e+06	
979750	989750	1.0075e+06	1e+06	983000	
989250	1.00375e+06	998750	992250	984750	
990500	1.0005e+06	1.01575e+06	1.00875e+06	994250	
955250	991750	983500	1.00875e+06	983500	
978500	993500	1.00125e+06	975250	984750	
984750	987250	967250	979750	991750	
972250	996750	994250	977250	962000	
985500	996750	990500	984250	994750	
986750	972250	988000	975250	964000	
971500	980500	999250	974000	955750	
967250	967250	969750	967250	1.0025e+06	
971000	979750	971000	972250	979750	
955250	982250	983000	960750	979750	
958250	978500	985500	961500	977250	
972250	956500	977250	979750	974000	
947000	958250	931750	978500	968500	
945000	976000	945000	945750	977250	
942500	966000	947500	956500	967250	
955250	970250	957750	952000	957000	
974750	988500	955750	967250	971000	
958250	957750	957000	941250	967750	
950250	971500	976500	945000	959500	
940000	940000	980500	947000	964750	
947500	954000	952750	957000	962000	
935750	965250	977750	931750	954000	
962750	966500	968500	948250	951500	
957750	926750	947000	950250	957000	
940000	965250	955250	933000	926750	
937500	931750	935000	943250	958250	
956500	942500	943750	920500	949500	
933750	924250	927500	937500	952000	
936250	948250	924250	956500	928000	
935000	903500	937500	903500	947000	
927500	924250	908500	925000	923750	
933000	932500	925500	927500	920500	
915500	930500	922500	906000	939500	
908000	938750	938250	919250	911000	
894750	915500	914750	929250	913000	
911000	924250	911750	940000	916750	
947500	925000	909750	913500	923750	
925000	911000	899750	918000	935750	
937500	919250	916000	902750	913000	
906000	913500	907250	904250	940000	
911750	913000	887750	909750	931750	
920000	896000	941250	906750	890250	
893500	905500	925000	903500	917250	
906000	908000	918000	902250	938750	
911750	902750	926250	902750	923750	
896500	885750	874500	917250	891500	
888500	889000	904250	885250	911000	
896500	893500	873250	901500	897250	
887750	902250	880750	878250	884000	
897750	909750	906750	911000	891500	
895250	860000	879500	892250	894000	
887750	902750	877750	894750	901500	
867500	894000	897750	879000	893500	
899750	885750	910500	885250	868750	
863250	894750	896500	901500	856250	
883250	865750	879500	902250	889000	
885750	883250	880750	869500	886500	
872000	872500	894750	885250	871250	
878250	885250	885750	901000	861250	
868750	884500	889000	872500	866250	
875250	851250	883250	865750	870000	
857500	887750	901500	885750	877750	
867000	864500	863250	870750	875250	
861250	873250	881500	887750	861250	
866250	869500	861250	880750	861250	
858250	886500	871250	876500	870750	
844250	872000	868750	885250	869500	
848000	844250	856250	867500	862000	
863750	852500	827250	860750	866250	
861250	839250	863750	862500	847500	
832250	855000	852500	862500	856250	
859500	829250	866250	829250	858250	
845000	839250	867500	834250	859500	
833500	838000	856750	842500	831000	
838500	836750	842500	845500	848000	
815250	841750	843000	838000	841000	
816500	825250	842500	824000	833500	
836750	815250	848000	836750	848000	
827250	836000	816500	848000	803250	
834750	833000	826500	822250	836000	
813500	836750	827250	819750	833500	
800250	837250	810250	820250	818500	
797750	824750	804500	804000	807000	
819000	800750	802750	790750	824750	
799000	788250	817750	793750	794500	
792000	790000	805250	809000	797000	
819750	787500	803250	793250	812250	
819750	799000	812750	807750	786250	
786250	769250	793250	798250	809000	
787500	800750	783250	776250	786250	
785000	799500	782000	782500	792500	
788750	785750	778000	768000	770000	
771250	777500	792000	778000	788750	
761000	787500	769250	779250	792500	
776750	805750	802000	759750	800250	
784500	799000	780000	780500	800750	
771250	775500	756750	797000	788250	
781250	763000	771250	784500	781250	
768750	768000	797750	787500	778000	
768750	784500	783750	812250	790750	
771250	788750	774250	788250	785750	
757250	770500	790000	797750	760500	
776250	759250	776250	785000	767500	
781250	792000	792000	790750	760500	
763500	799000	790000	780000	754250	
753500	788750	796500	792000	792000	
802000	789500	783250	809500	787000	
801500	811500	809000	813500	805750	
792500	802750	805250	816000	795750	
797750	801500	810750	799500	795000	
797750	814000	800250	783750	807750	
791250	802750	798250	811500	812750	
804000	795000	809000	833500	824750	
795750	799500	795750	803250	784500	
769250	805250	822250	796500	798250	
774250	801500	793250	799000	788250	
782500	790750	807000	797750	790750	
785000	771750	788750	765500	773750	
788250	782500	770500	788250	780000	
780000	785750	790000	776250	807000	
772500	783750	785750	782500	795750	
773000	779250	787500	780500	773000	
775500	771250	787500	776750	751000	
776750	780500	780500	758000	753000	
765500	763000	790750	766250	777500	
778000	775000	770500	770500	773000	
739000	776250	758000	778000	759250	
753000	759750	742750	756000	753500	
762250	763000	766750	751750	766750	
753000	758000	771750	754750	779250	
741500	761750	766750	756750	754250	
778750	772500	770500	778000	776250	
759250	773000	761750	773750	770000	
746500	763000	762250	773750	775000	
766750	774250	766250	771750	773750	
764750	775000	764750	753500	758500	
747250	773000	771750	765500	759750	
782500	751750	768750	736000	756750	
764750	761750	741500	752250	751750	
756000	748500	754750	736000	738500	
756750	741500	753000	758500	749750	
760500	747750	768750	751750	761750	
770500	762250	761000	744750	761000	
740250	773750	764750	758000	737250	
747250	758500	765500	734500	757250	
746000	748500	768000	747250	750500	
732750	741500	719500	746000	749750	
740250	744000	739750	741500	730750	
753000	771250	747750	755500	744000	
765500	754750	747750	753000	744000	
759750	749750	739000	761750	734000	
759250	771250	746500	744750	755500	
754250	720750	744000	759750	749750	
746500	734500	734000	744000	747250	
746500	737750	737750	749000	768750	
742750	736500	728250	719500	741000	
739750	761000	741000	746500	735250	
748500	747250	733250	745250	749000	
753500	720250	753500	756000	758000	
758500	742750	747750	727000	752250	
740250	766250	761000	739000	734500	
764250	748500	738500	741000	749000	
743500	758000	756000	737750	751000	
752250	751750	742250	761000	750500	
746000	751750	744000	754250	773000	
718750	752250	742250	743500	765500	
754750	763500	766250	746000	753500	
738500	729000	758500	737750	766250	
755500	719500	720250	741000	758000	
729500	754750	752250	733250	746500	
758500	747750	747750	752250	731500	
740250	751000	764750	746000	748500	
744750	756000	758500	737750	724500	
746500	742750	744000	734500	749000	
734000	749000	713750	744750	746000	
733250	730250	758000	730250	743500	
730250	741000	739000	733250	733250	
716250	752250	739750	730250	751750	
751000	731500	737250	740250	734500	
744750	722000	728250	734000	742250	
730750	754250	732750	731500	741000	
726500	730750	720750	725750	722000	
713250	716250	732750	724000	710750	
722000	741000	745250	727750	726500	
745250	722750	725750	757250	711250	
729500	701750	741500	714500	729500	
747250	747250	732000	719500	734000	
737250	737250	726500	728250	728250	
747750	724500	713750	717500	728250	
735250	727750	696750	739000	708250	
716250	700000	729500	722750	722750	
725250	703750	713750	687250	707000	
692500	716250	705750	734500	699250	
690000	713750	714500	690000	708250	
720250	691250	711250	713250	723250	
691750	690000	693750	702500	687250	
686000	701750	708250	701250	705000	
713750	698000	675500	702500	703750	
703750	693000	687250	701250	694250	
679750	675500	678000	681750	681750	
682250	691250	676750	705000	683500	
691750	681000	686750	669000	676000	
684250	685500	664000	698750	684250	
656500	676750	671000	667750	677250	
645750	678000	680500	677250	676000	
671000	669000	674750	683500	646500	
673500	683000	642000	668500	672750	
666000	672750	655750	670250	671000	
677250	650750	669000	656500	664750	
651500	651500	656500	661000	644000	
649000	674750	662250	666500	668500	
661500	664000	679750	662750	654000	
650250	664000	667750	640000	650250	
654500	660250	672250	634500	663500	
659750	658500	655750	667750	663500	
661000	658500	677250	652000	672750	
657000	642000	674750	652750	640750	
659000	661000	636250	656500	646500	
655750	672750	663500	661000	660250	
676000	661500	674250	657750	646500	
655250	660250	663500	673500	664000	
648250	668500	674750	650250	666500	
653250	654000	661000	662250	652000	
657750	666500	646500	665250	645250	
656500	659750	658500	662750	657000	
661500	655250	655250	642500	653250	
652750	666500	661000	654000	669750	
640000	663500	656500	657000	677250	
660250	678500	671000	654000	632500	
684750	674750	694250	660250	654500	
688500	680500	674250	675500	669000	
662750	683500	666500	674750	678500	
665250	662750	678500	671000	667250	
666500	647750	661500	663500	666500	
673500	657000	666000	661500	663500	
671500	672750	664750	661500	662250	
666500	685500	645750	669750	665250	
654000	675500	667750	660250	667250	
674750	667750	669750	665250	659750	
664000	684750	660250	688500	670250	
684750	674250	658500	663500	662250	
671000	651500	681750	659750	660250	
661000	666500	657750	657750	662250	
672250	674250	676000	661500	650750	
647000	667250	675500	655250	676750	
667250	658500	667750	646500	678500	
655250	648250	648250	664750	661500	
660250	661000	641250	662750	638250	
654500	657000	657750	668500	665250	
676000	678500	645250	665250	652000	
645750	661500	654000	653250	649000	
655250	659000	657750	673500	654500	
654000	669000	664750	667750	649000	
654500	652000	657750	661500	654000	
660250	655250	652750	646500	654500	
657750	672250	659750	656500	664750	
656500	668500	672750	656500	652000	
655750	667250	678500	652750	667250	
669750	647000	645250	640750	655750	
655250	655250	661500	638250	653250	
661500	669750	664750	638250	687250	
662250	652750	649000	663500	659750	
651500	645750	654000	654000	652000	
671000	640750	661500	660250	665250	
675500	656500	659750	661500	657750	
664750	652000	667250	678000	635750	
655750	664000	650750	647750	643250	
655750	657750	639500	668500	671000	
647750	657750	642000	646500	670250	
657750	655750	648250	669750	640000	
662250	661000	652000	660250	641250	
651500	657000	656500	662750	659000	
664000	670250	659750	651500	665250	
647750	656500	667250	662250	642500	
640000	660250	642500	654500	626250	
653250	651500	635750	650250	642000	
667250	650750	639500	650250	654500	
640750	651500	659750	650750	654000	
661500	643250	647000	644500	646500	
661500	652750	679250	658500	652000	
672750	654500	670250	637500	643250	
661000	646500	640750	647750	645750	
667750	662250	676000	641250	649500	
667250	647750	653250	669750	671000	
655750	651500	644500	642500	645750	
652750	666000	654000	654000	660250	
647750	661000	636250	650250	650250	
656500	643250	651500	661000	638250	
659750	660250	650250	664750	666500	
641250	648250	637000	647750	649000	
660250	660250	642000	655750	659000	
666500	637500	654500	645250	676750	
661000	654000	664750	646500	652750	
645750	667750	651500	653250	633250	
648250	659000	648250	649000	639500	
657750	647750	657000	662750	655750	
638250	650250	648250	637500	644500	
645250	663500	655750	645750	665250	
675500	660250	669750	662750	640000	
666500	653250	627500	638250	662250	
650250	647750	650750	667750	666500	
656500	661500	656500	641250	657000	
644000	631250	640000	659000	670250	
640000	647750	663500	647750	655250	
653250	662750	640000	660250	644500	
647750	647750	644000	660250	644500	
652000	647000	628250	639500	639500	
654500	653250	645250	649500	640000	
647750	633750	657750	667750	664000	
650250	657750	659000	661500	654500	
655250	664000	661000	649000	668500	
638250	642000	651500	647000	661000	
643250	626250	666500	652000	650250	
656500	652000	670250	652750	637000	
647750	645250	669750	653250	653250	
626250	659750	656500	654500	637500	
662750	653250	663500	653250	633750	
661500	655750	652000	653250	659000	
647000	674750	647750	654000	661000	
618750	650250	644500	662750	642500	
659750	649500	637000	664750	651500	
655250	656500	649000	641250	637000	
662250	664000	654500	664000	653250	
648250	648250	659000	661000	642500	
649500	640000	669750	655250	660250	
642000	654500	647000	652000	661000	
665250	650750	661000	653250	647000	
663500	650750	650750	645750	647750	
650250	680500	642000	657750	657750	
648250	649000	647000	640000	650250	
654500	648250	643250	662250	659000	
647750	657750	637500	646500	652000	
657750	655250	656500	666500	661500	
656500	649000	666000	645250	650250	
638750	643250	649500	659000	647750	
658500	664000	631250	643250	648250	
638750	647750	659000	645750	647000	
665250	654000	657000	654500	649500	
648250	640750	641250	656500	651500	
658500	646500	657000	672250	652750	
659000	642000	640750	649000	641250	
661000	636250	638250	649000	643250	
661500	645750	649500	661000	637000	
650250	644000	648250	662250	640750	
654000	643250	659750	650750	661500	
645750	673500	641250	648250	655750	
647750	645750	649000	633250	662750	
647000	641250	644500	656500	662250	
651500	639500	657750	672250	655250	
671000	638750	645750	646500	649500	
647750	657750	652000	655250	636250	
651500	650250	658500	631250	655250	
661000	657000	634500	645750	655750	
667250	662250	650250	628250	640000	
651500	638250	656500	673500	666000	
631250	655250	629500	642500	668500	
643250	664000	650250	684750	650250	
669000	658500	634500	662750	657750	
649500	643250	680500	646500	655250	
645750	647750	647000	666500	650250	
639500	650250	647000	652750	670250	
652750	648250	651500	653250	652750	
635750	631250	658500	649000	644000	
637000	652750	632500	647000	640000	
642500	665250	647000	640750	652750	
650750	651500	654500	633750	642500	
632500	642500	618000	650250	670250	
655250	639500	649000	647000	640750	
634500	652750	652750	633250	621250	
651500	660250	632000	642500	641250	
632500	633250	645750	653250	641250	
651500	647750	660250	627500	637500	
647750	653250	649500	643250	641250	
669750	630000	636250	641250	647000	
639500	656500	643250	647750	638250	
640000	642500	662750	651500	661000	
642000	628750	642500	652750	654000	
640000	670250	664750	654000	652000	
648250	649000	644500	645750	642000	
644500	647000	636250	656500	656500	
641250	638750	645250	645750	638750	
639500	648250	647750	646500	652000	
656500	638750	649500	642000	634500	
645250	647000	648250	640000	644500	
639500	648250	643250	639500	638250	
654500	642000	642500	650250	654500	
632000	638750	636250	642000	647000	
644500	644500	645750	649500	648250	
655250	626750	654000	645250	657000	
652000	637500	654000	635750	626250	
635750	640750	645250	655250	643250	
638250	642000	633250	637000	645750	
652000	640750	642500	635750	637500	
638750	639500	632000	638750	645750	
653250	633750	629500	646500	639500	
647750	644000	635000	645250	638750	
649000	645750	649000	624250	633750	
644500	656500	647750	637500	632500	
632000	640750	638250	653250	633750	
637500	638250	638250	658500	640750	
638750	655750	657750	632500	628250	
637000	626250	633250	638250	632000	
655750	645750	642500	642500	633750	
645750	632500	647750	627500	629500	
636250	646500	661500	636250	644000	
655750	628750	651500	628750	638750	
642000	629500	633750	636250	661000	
641250	641250	632500	665250	642000	
660250	641250	637500	617500	642000	
639500	648250	632000	644500	637000	
630000	647000	628250	632000	621750	
649500	655750	642000	638250	654000	
638250	645750	644000	655250	632000	
649000	647000	637500	642500	635750	
652000	651500	653250	647000	653250	
632500	640750	625000	630750	652000	
637000	656500	650750	638750	640750	
647750	640000	629500	633750	628250	
642000	653250	644000	641250	642500	
625500	642000	637500	650750	655250	
635000	640000	659000	633750	632000	
630750	624250	652750	625500	635000	
638750	630000	632000	647000	628750	
639500	640000	624250	639500	656500	
618750	654500	633750	631250	625000	
645250	649000	634500	632000	640750	
626250	649500	637500	652750	631250	
634500	632500	655750	638250	667250	
630750	635000	648250	638250	645750	
647000	637000	625500	650750	654000	
646500	639500	633250	628250	633750	
642000	628250	654000	651500	645750	
625500	636250	656500	622500	639500	
632500	625000	642500	633750	646500	
643250	634500	636250	627500	654500	
643250	639500	631250	642500	635750	
626750	647750	615500	645750	640000	
644000	634500	623000	638750	632000	
646500	641250	623750	655750	644500	
650250	643250	628250	654000	647000	
635000	639500	653250	635000	645250	
653250	631250	646500	630000	651500	
634500	637000	621250	652000	638250	
643250	635750	625500	665250	644500	
655250	637500	647750	630750	650750	
640000	637000	644000	641250	638750	
630000	634500	648250	630000	637000	
643250	638250	621750	624250	637500	
656500	630000	655250	625000	657000	
641250	632500	635000	632500	650250	
641250	625500	635750	635750	624250	
641250	649500	651500	618750	642000	
636250	637500	621750	654500	654000	
635750	644000	622500	657750	626750	
628250	626250	637500	651500	631250	
630750	647750	638750	640000	624250	
640750	635750	634500	620500	613000	
642000	631250	624250	647000	643250	
632500	632000	631250	640000	645750	
645250	624250	640000	635750	662250	
642500	654000	629500	621250	630750	
642500	641250	639500	640000	640000	
635750	654500	629500	648250	642500	
632500	647000	624250	646500	638750	
647750	635750	647750	651500	638250	
631250	643250	642000	616750	620000	
641250	655750	638250	616250	627500	
640000	624250	639500	633750	635000	
623750	635750	634500	634500	619250	
618750	641250	637500	638250	644000	
648250	625000	615500	633250	646500	
645750	640000	636250	629500	630000	
660250	647000	650750	640750	632500	
637000	640000	623000	633250	626750	
634500	634500	642500	642500	615500	
632500	612500	626250	646500	626750	
630000	636250	630750	611750	633750	
640000	626750	621250	650250	636250	
629500	637500	640000	656500	628250	
643250	649500	642500	626250	635000	
628750	645250	637000	639500	648250	
649000	645750	650250	621750	648250	
630000	647000	634500	644000	632000	
624250	641250	656500	652000	641250	
631250	632000	640000	637000	650250	
611750	628750	626750	629500	645250	
642000	632500	620000	618000	641250	
637500	638250	657000	640750	642000	
638250	628250	630750	647000	623000	
626750	633250	625000	639500	628750	
624250	634500	629500	626750	647750	
649500	652750	654000	637500	648250	
636250	635000	635750	632500	628250	
637500	626250	641250	634500	647750	
638250	633750	633750	626750	635750	
623000	659750	634500	637000	641250	
623000	659750	634500	637000	641250	
623000	659750	634500	637000	641250	
