4250	4250	4250	4250	4250	
7.13825e+06	7.13825e+06	7.13825e+06	7.13825e+06	7.13825e+06	
543750	536750	545500	534750	518500	
528000	508500	512250	522250	534250	
513500	511000	504000	503250	516500	
532250	514000	498250	539250	514750	
515250	521750	515250	517250	509750	
523000	524750	506500	508500	540500	
518500	508500	515250	517750	529250	
528500	529750	514000	514750	504000	
499000	523000	519750	539250	512750	
526000	526750	531000	544250	530500	
531000	505250	533000	540000	532250	
537500	547500	536250	533500	530500	
552500	530500	541750	545500	534250	
533000	541250	534250	540500	547500	
551250	570750	547500	553250	550000	
555000	555000	548750	553250	544250	
583500	567000	563750	562500	562500	
545500	574000	573250	569000	558250	
565000	560000	569500	584000	557000	
581500	563750	583500	565000	588500	
602250	575750	594000	577750	597250	
662250	678000	658500	646500	642500	
852500	841000	828500	823500	841000	
840500	846750	851750	843750	819000	
882750	867500	856250	848000	855000	
850500	855000	870000	864500	870750	
876500	867000	862000	866250	880750	
870750	855000	858750	886500	877750	
882750	892250	883250	902750	896000	
875750	903500	900250	894000	908500	
910500	932500	908500	907250	891500	
929250	914750	936250	950750	938250	
957000	925000	935750	942000	948750	
933750	897250	945750	955250	934500	
938250	925500	927500	938250	945750	
921250	921250	953250	925000	964750	
953250	960250	953250	926250	957750	
957000	955250	955250	947000	954500	
947000	967750	945000	980500	954500	
996750	999250	980500	1.00175e+06	995500	
1.0225e+06	1.0025e+06	1.003e+06	994250	969750	
984250	1.01325e+06	1.00925e+06	979750	995500	
1.00875e+06	1.00175e+06	1.022e+06	1.00375e+06	1.00375e+06	
996250	1.00425e+06	1.012e+06	999250	1.03275e+06	
988500	997500	1.00925e+06	971000	1.017e+06	
991000	1.01125e+06	975250	988500	979750	
1.00625e+06	1.022e+06	1.00625e+06	1.005e+06	994250	
995500	966000	1.00125e+06	1.0005e+06	966500	
948750	952000	949500	994750	958250	
955250	942000	959500	951500	962000	
955250	921250	942500	961500	969750	
943750	925500	969000	931750	926750	
917250	921250	923750	930000	930500	
938250	959500	929250	942000	932500	
986750	973500	1.0175e+06	997500	962000	
1.0435e+06	1.05025e+06	1.0485e+06	1.063e+06	1.025e+06	
1.07425e+06	1.06975e+06	1.0895e+06	1.05525e+06	1.0755e+06	
1.06225e+06	1.07675e+06	1.058e+06	1.066e+06	1.08e+06	
1.02825e+06	1.0225e+06	1.04025e+06	1.02125e+06	1.02075e+06	
1.00875e+06	1.00925e+06	1.01e+06	1.029e+06	1.01625e+06	
1.00425e+06	1.02125e+06	1.022e+06	1.03275e+06	1.04275e+06	
1.0535e+06	1.02375e+06	1.032e+06	1.04275e+06	1.03525e+06	
1.05025e+06	1.0685e+06	1.04775e+06	1.06475e+06	1.0025e+06	
1.0775e+06	1.05275e+06	1.06425e+06	1.09375e+06	1.08625e+06	
1.07375e+06	1.09075e+06	1.0895e+06	1.1115e+06	1.12025e+06	
1.05675e+06	1.08e+06	1.0945e+06	1.10575e+06	1.0705e+06	
1.10125e+06	1.109e+06	1.0805e+06	1.0995e+06	1.107e+06	
1.11575e+06	1.1315e+06	1.12475e+06	1.10325e+06	1.1095e+06	
1.1235e+06	1.1335e+06	1.14175e+06	1.12025e+06	1.12025e+06	
1.08e+06	1.15e+06	1.129e+06	1.13025e+06	1.131e+06	
1.167e+06	1.112e+06	1.15675e+06	1.13225e+06	1.13225e+06	
1.18825e+06	1.206e+06	1.20025e+06	1.216e+06	1.19075e+06	
1.21675e+06	1.23e+06	1.23625e+06	1.233e+06	1.2615e+06	
1.22925e+06	1.25075e+06	1.25125e+06	1.267e+06	1.238e+06	
1.27475e+06	1.22625e+06	1.24375e+06	1.24825e+06	1.233e+06	
1.2235e+06	1.2665e+06	1.235e+06	1.259e+06	1.23e+06	
1.257e+06	1.257e+06	1.2615e+06	1.257e+06	1.262e+06	
1.21425e+06	1.24375e+06	1.2835e+06	1.235e+06	1.218e+06	
1.189e+06	1.2035e+06	1.213e+06	1.23925e+06	1.21225e+06	
1.209e+06	1.22425e+06	1.23425e+06	1.187e+06	1.17325e+06	
1.22425e+06	1.23175e+06	1.26775e+06	1.26325e+06	1.2475e+06	
1.29475e+06	1.2595e+06	1.291e+06	1.271e+06	1.25575e+06	
1.3125e+06	1.2645e+06	1.3195e+06	1.32075e+06	1.30175e+06	
1.315e+06	1.31125e+06	1.31175e+06	1.3515e+06	1.33075e+06	
1.2785e+06	1.291e+06	1.29475e+06	1.288e+06	1.2885e+06	
1.262e+06	1.286e+06	1.28525e+06	1.255e+06	1.27025e+06	
1.28725e+06	1.26575e+06	1.2905e+06	1.288e+06	1.31425e+06	
1.31625e+06	1.30375e+06	1.301e+06	1.2815e+06	1.33e+06	
1.2735e+06	1.28275e+06	1.26325e+06	1.2715e+06	1.29925e+06	
1.21975e+06	1.21975e+06	1.22175e+06	1.20475e+06	1.225e+06	
1.18775e+06	1.25375e+06	1.2235e+06	1.2135e+06	1.2235e+06	
1.2355e+06	1.23625e+06	1.2475e+06	1.2425e+06	1.2355e+06	
1.167e+06	1.18325e+06	1.19325e+06	1.18025e+06	1.184e+06	
1.16825e+06	1.17075e+06	1.1505e+06	1.15625e+06	1.17625e+06	
1.16825e+06	1.18825e+06	1.1675e+06	1.167e+06	1.18825e+06	
1.182e+06	1.16875e+06	1.17e+06	1.18775e+06	1.15875e+06	
1.18575e+06	1.15125e+06	1.187e+06	1.20725e+06	1.20725e+06	
1.2085e+06	1.213e+06	1.228e+06	1.20475e+06	1.2355e+06	
1.3125e+06	1.2835e+06	1.28975e+06	1.29975e+06	1.31125e+06	
1.3175e+06	1.29475e+06	1.308e+06	1.30925e+06	1.3025e+06	
1.337e+06	1.33e+06	1.30675e+06	1.31175e+06	1.31e+06	
1.373e+06	1.33775e+06	1.342e+06	1.33825e+06	1.337e+06	
1.373e+06	1.35975e+06	1.3825e+06	1.36975e+06	1.385e+06	
1.4385e+06	1.41775e+06	1.431e+06	1.455e+06	1.47825e+06	
1.499e+06	1.48125e+06	1.47325e+06	1.4965e+06	1.47125e+06	
1.499e+06	1.50275e+06	1.51275e+06	1.4965e+06	1.509e+06	
1.44475e+06	1.485e+06	1.51275e+06	1.463e+06	1.46125e+06	
1.3755e+06	1.38175e+06	1.407e+06	1.40825e+06	1.412e+06	
1.378e+06	1.36025e+06	1.36925e+06	1.37725e+06	1.36925e+06	
1.383e+06	1.3755e+06	1.37925e+06	1.36925e+06	1.38175e+06	
1.407e+06	1.41775e+06	1.43275e+06	1.42475e+06	1.39175e+06	
1.45925e+06	1.48075e+06	1.477e+06	1.47125e+06	1.455e+06	
1.499e+06	1.52725e+06	1.51725e+06	1.5015e+06	1.49825e+06	
1.441e+06	1.44725e+06	1.47325e+06	1.465e+06	1.46425e+06	
1.41325e+06	1.37675e+06	1.39e+06	1.37475e+06	1.37875e+06	
1.32075e+06	1.3275e+06	1.32e+06	1.327e+06	1.3245e+06	
1.27775e+06	1.267e+06	1.2665e+06	1.252e+06	1.255e+06	
1.21175e+06	1.211e+06	1.21475e+06	1.22425e+06	1.21425e+06	
1.1865e+06	1.1985e+06	1.20025e+06	1.182e+06	1.21225e+06	
1.184e+06	1.21725e+06	1.194e+06	1.189e+06	1.2325e+06	
1.225e+06	1.228e+06	1.2205e+06	1.24575e+06	1.228e+06	
1.317e+06	1.34275e+06	1.35025e+06	1.3465e+06	1.3535e+06	
1.4435e+06	1.48775e+06	1.4745e+06	1.4625e+06	1.4625e+06	
1.489e+06	1.50275e+06	1.49075e+06	1.50475e+06	1.5325e+06	
1.46125e+06	1.5035e+06	1.4725e+06	1.51675e+06	1.501e+06	
1.448e+06	1.48825e+06	1.47575e+06	1.477e+06	1.4605e+06	
1.48125e+06	1.48125e+06	1.47875e+06	1.51475e+06	1.468e+06	
1.52425e+06	1.56775e+06	1.51975e+06	1.516e+06	1.55125e+06	
1.5255e+06	1.54e+06	1.55325e+06	1.51975e+06	1.574e+06	
1.5645e+06	1.543e+06	1.52225e+06	1.52675e+06	1.5355e+06	
1.53925e+06	1.55325e+06	1.53175e+06	1.564e+06	1.5255e+06	
1.55575e+06	1.55075e+06	1.557e+06	1.55e+06	1.57075e+06	
1.55075e+06	1.52475e+06	1.52975e+06	1.55325e+06	1.54425e+06	
1.5425e+06	1.5915e+06	1.61425e+06	1.564e+06	1.59475e+06	
1.66025e+06	1.62575e+06	1.67225e+06	1.69425e+06	1.6685e+06	
1.74725e+06	1.724e+06	1.77125e+06	1.8015e+06	1.7605e+06	
1.82725e+06	1.84e+06	1.86075e+06	1.85375e+06	1.85625e+06	
1.855e+06	1.86e+06	1.81975e+06	1.8335e+06	1.877e+06	
1.8575e+06	1.87825e+06	1.925e+06	1.896e+06	1.88475e+06	
1.9375e+06	1.9635e+06	1.92875e+06	1.90425e+06	1.966e+06	
1.986e+06	1.995e+06	1.9665e+06	2.00175e+06	2.00425e+06	
1.9685e+06	1.99625e+06	1.9595e+06	1.95525e+06	2.01325e+06	
1.855e+06	1.8625e+06	1.889e+06	1.85325e+06	1.848e+06	
1.6975e+06	1.71775e+06	1.707e+06	1.763e+06	1.688e+06	
1.547e+06	1.48075e+06	1.50225e+06	1.5355e+06	1.521e+06	
1.356e+06	1.315e+06	1.3535e+06	1.37225e+06	1.3445e+06	
1.284e+06	1.30675e+06	1.2985e+06	1.32125e+06	1.26825e+06	
1.4405e+06	1.45925e+06	1.465e+06	1.453e+06	1.44175e+06	
1.71575e+06	1.67425e+06	1.67225e+06	1.65525e+06	1.67175e+06	
1.85175e+06	1.87575e+06	1.8715e+06	1.894e+06	1.857e+06	
1.99625e+06	2.0195e+06	2.0315e+06	2.00825e+06	1.993e+06	
2.104e+06	2.0825e+06	2.097e+06	2.1045e+06	2.1045e+06	
2.00825e+06	2.0075e+06	2.039e+06	2.03325e+06	2.00625e+06	
1.867e+06	1.8285e+06	1.833e+06	1.8215e+06	1.84e+06	
1.62125e+06	1.59925e+06	1.66025e+06	1.6515e+06	1.601e+06	
1.487e+06	1.487e+06	1.48825e+06	1.4865e+06	1.4775e+06	
1.581e+06	1.61175e+06	1.66475e+06	1.627e+06	1.60925e+06	
1.95275e+06	1.9425e+06	1.971e+06	1.8985e+06	1.89925e+06	
2.20975e+06	2.23625e+06	2.213e+06	2.2325e+06	2.237e+06	
2.412e+06	2.472e+06	2.4555e+06	2.417e+06	2.455e+06	
2.5645e+06	2.562e+06	2.598e+06	2.564e+06	2.59975e+06	
2.644e+06	2.6785e+06	2.64075e+06	2.6585e+06	2.6875e+06	
2.68875e+06	2.7075e+06	2.71575e+06	2.7245e+06	2.753e+06	
2.68875e+06	2.7535e+06	2.76625e+06	2.67725e+06	2.729e+06	
2.7095e+06	2.74175e+06	2.828e+06	2.7575e+06	2.76125e+06	
2.77325e+06	2.80975e+06	2.782e+06	2.78775e+06	2.83375e+06	
2.81525e+06	2.8665e+06	2.8665e+06	2.879e+06	2.8165e+06	
2.94075e+06	2.9665e+06	2.98475e+06	2.9515e+06	2.98675e+06	
2.99125e+06	2.9635e+06	3.024e+06	3.002e+06	3.04025e+06	
3.01575e+06	2.9875e+06	3.06875e+06	3.05725e+06	3.02275e+06	
3.04975e+06	3.08825e+06	3.111e+06	3.14925e+06	3.10775e+06	
3.07625e+06	3.04725e+06	3.05475e+06	3.12025e+06	3.01e+06	
2.91425e+06	2.94525e+06	2.9905e+06	2.988e+06	3.0045e+06	
3.00125e+06	3.0265e+06	3.03775e+06	3.05475e+06	3.02075e+06	
3.06925e+06	2.98175e+06	3.073e+06	3.14425e+06	3.03725e+06	
3.0295e+06	3.04725e+06	3.07875e+06	3.107e+06	3.05225e+06	
3.0025e+06	3.03725e+06	3.04475e+06	3.01575e+06	3.041e+06	
2.99175e+06	3.02525e+06	3.10075e+06	3.082e+06	3.056e+06	
3.048e+06	3.07425e+06	3.07e+06	3.1165e+06	3.08075e+06	
3.04525e+06	2.988e+06	3.027e+06	3.04925e+06	3.007e+06	
3.0725e+06	3.099e+06	3.073e+06	3.06175e+06	3.03725e+06	
3.02325e+06	3.06375e+06	3.03225e+06	3.0555e+06	3.02025e+06	
3.02825e+06	3.08875e+06	3.0145e+06	3.07175e+06	3.05925e+06	
3.1455e+06	3.1185e+06	3.143e+06	3.14e+06	3.18325e+06	
3.0925e+06	3.1285e+06	3.2035e+06	3.2255e+06	3.13925e+06	
3.20475e+06	3.31125e+06	3.25025e+06	3.266e+06	3.20725e+06	
3.36675e+06	3.29875e+06	3.34975e+06	3.37e+06	3.385e+06	
3.44625e+06	3.40575e+06	3.5225e+06	3.4725e+06	3.43725e+06	
3.40275e+06	3.46075e+06	3.48075e+06	3.50025e+06	3.472e+06	
3.3245e+06	3.3195e+06	3.346e+06	3.407e+06	3.378e+06	
3.20675e+06	3.1475e+06	3.23575e+06	3.208e+06	3.17025e+06	
3.174e+06	3.1475e+06	3.21875e+06	3.15175e+06	3.138e+06	
3.24125e+06	3.23e+06	3.24825e+06	3.26725e+06	3.29625e+06	
3.4265e+06	3.48075e+06	3.42025e+06	3.5105e+06	3.412e+06	
3.59925e+06	3.54625e+06	3.639e+06	3.5545e+06	3.5855e+06	
3.71525e+06	3.59725e+06	3.644e+06	3.69825e+06	3.5595e+06	
3.63575e+06	3.68675e+06	3.67875e+06	3.7235e+06	3.68375e+06	
3.62575e+06	3.688e+06	3.7045e+06	3.656e+06	3.702e+06	
3.6075e+06	3.617e+06	3.62325e+06	3.6275e+06	3.5935e+06	
3.48575e+06	3.57775e+06	3.596e+06	3.608e+06	3.58975e+06	
3.656e+06	3.77075e+06	3.751e+06	3.714e+06	3.7215e+06	
3.74475e+06	3.751e+06	3.7575e+06	3.80475e+06	3.75875e+06	
3.6995e+06	3.68e+06	3.755e+06	3.72725e+06	3.736e+06	
3.685e+06	3.719e+06	3.74975e+06	3.73275e+06	3.72475e+06	
3.64725e+06	3.74225e+06	3.7045e+06	3.68925e+06	3.7e+06	
3.765e+06	3.77575e+06	3.709e+06	3.84825e+06	3.7625e+06	
3.75625e+06	3.801e+06	3.78e+06	3.8065e+06	3.84125e+06	
3.86575e+06	3.92575e+06	3.9225e+06	3.91875e+06	3.93075e+06	
3.96225e+06	3.95275e+06	3.939e+06	3.9825e+06	3.99425e+06	
3.80475e+06	3.8355e+06	3.8595e+06	3.84825e+06	3.87775e+06	
3.77375e+06	3.78075e+06	3.83675e+06	3.8155e+06	3.79525e+06	
3.72775e+06	3.7505e+06	3.7865e+06	3.77575e+06	3.797e+06	
3.76e+06	3.7435e+06	3.76175e+06	3.74975e+06	3.8305e+06	
3.7745e+06	3.77325e+06	3.8405e+06	3.84e+06	3.8065e+06	
3.85575e+06	3.84175e+06	3.9105e+06	3.87975e+06	3.8695e+06	
3.884e+06	3.91675e+06	3.9495e+06	3.939e+06	3.92625e+06	
3.898e+06	3.9245e+06	3.9245e+06	3.97725e+06	3.89725e+06	
3.833e+06	3.8815e+06	3.92125e+06	3.92875e+06	3.89225e+06	
3.9465e+06	4e+06	3.9955e+06	4.00075e+06	4.014e+06	
4.06875e+06	4.039e+06	4.0775e+06	4.13875e+06	4.05675e+06	
4.1425e+06	4.1425e+06	4.145e+06	4.181e+06	4.1695e+06	
4.1545e+06	4.28875e+06	4.25575e+06	4.31e+06	4.20425e+06	
4.249e+06	4.23825e+06	4.2175e+06	4.269e+06	4.23575e+06	
4.1115e+06	4.097e+06	4.0945e+06	4.116e+06	4.07375e+06	
4.005e+06	4.02575e+06	4.0145e+06	4.014e+06	3.9565e+06	
4.01825e+06	4.0435e+06	4.01825e+06	3.95275e+06	4.00125e+06	
3.97475e+06	3.92e+06	3.9565e+06	3.951e+06	3.94825e+06	
4.0775e+06	4.1205e+06	4.024e+06	4.1205e+06	4.056e+06	
4.135e+06	4.27025e+06	4.15825e+06	4.25075e+06	4.131e+06	
4.227e+06	4.23325e+06	4.3005e+06	4.16825e+06	4.273e+06	
4.21175e+06	4.281e+06	4.3265e+06	4.28225e+06	4.23375e+06	
4.21425e+06	4.29e+06	4.19475e+06	4.2905e+06	4.1695e+06	
4.172e+06	4.23e+06	4.22375e+06	4.206e+06	4.16525e+06	
4.22875e+06	4.2585e+06	4.32825e+06	4.22125e+06	4.23575e+06	
4.35175e+06	4.32325e+06	4.34775e+06	4.3675e+06	4.30625e+06	
4.26225e+06	4.3045e+06	4.39125e+06	4.339e+06	4.2755e+06	
4.22425e+06	4.2155e+06	4.295e+06	4.29125e+06	4.25975e+06	
4.106e+06	4.12475e+06	4.12425e+06	4.09525e+06	4.11525e+06	
4.15325e+06	4.2035e+06	4.1915e+06	4.20225e+06	4.1355e+06	
4.21875e+06	4.2255e+06	4.29625e+06	4.25025e+06	4.2665e+06	
4.295e+06	4.27425e+06	4.334e+06	4.3385e+06	4.339e+06	
4.26475e+06	4.2225e+06	4.20675e+06	4.254e+06	4.2545e+06	
4.077e+06	4.19225e+06	4.1375e+06	4.15325e+06	4.0775e+06	
3.9225e+06	3.92e+06	3.95475e+06	4.0365e+06	3.988e+06	
3.70825e+06	3.66675e+06	3.77875e+06	3.71275e+06	3.707e+06	
3.42275e+06	3.49025e+06	3.49775e+06	3.5565e+06	3.4725e+06	
3.37375e+06	3.3725e+06	3.4215e+06	3.40075e+06	3.36225e+06	
3.44625e+06	3.53375e+06	3.465e+06	3.547e+06	3.4575e+06	
3.94575e+06	3.9395e+06	3.94325e+06	3.9175e+06	3.95725e+06	
4.3025e+06	4.36625e+06	4.4525e+06	4.42475e+06	4.3965e+06	
4.64275e+06	4.6775e+06	4.6535e+06	4.7435e+06	4.651e+06	
4.5765e+06	4.58475e+06	4.593e+06	4.61875e+06	4.62525e+06	
4.6025e+06	4.6365e+06	4.6345e+06	4.59225e+06	4.62575e+06	
4.719e+06	4.6315e+06	4.7215e+06	4.731e+06	4.697e+06	
4.62125e+06	4.71325e+06	4.709e+06	4.72275e+06	4.62525e+06	
4.4135e+06	4.47075e+06	4.421e+06	4.50425e+06	4.46e+06	
4.43675e+06	4.5155e+06	4.48025e+06	4.49725e+06	4.44625e+06	
4.644e+06	4.62325e+06	4.62575e+06	4.639e+06	4.668e+06	
4.731e+06	4.77325e+06	4.8885e+06	4.8735e+06	4.80225e+06	
4.80975e+06	4.94525e+06	4.92125e+06	4.937e+06	4.8985e+06	
4.9855e+06	4.9975e+06	5.0675e+06	5.06125e+06	5.03925e+06	
5.12425e+06	5.21675e+06	5.16525e+06	5.25025e+06	5.21e+06	
5.19175e+06	5.2465e+06	5.215e+06	5.2785e+06	5.244e+06	
5.2175e+06	5.324e+06	5.25475e+06	5.2585e+06	5.24275e+06	
5.11025e+06	5.1695e+06	5.232e+06	5.19025e+06	5.189e+06	
5.05225e+06	5.10975e+06	5.2005e+06	5.18725e+06	5.06875e+06	
4.97425e+06	4.94075e+06	4.96175e+06	4.95775e+06	4.963e+06	
4.81975e+06	4.74675e+06	4.7575e+06	4.80925e+06	4.84875e+06	
4.736e+06	4.72225e+06	4.80475e+06	4.7385e+06	4.7045e+06	
4.8765e+06	4.92e+06	4.93575e+06	4.97675e+06	4.879e+06	
5.12225e+06	5.11925e+06	5.21625e+06	5.186e+06	5.18225e+06	
5.218e+06	5.22625e+06	5.3025e+06	5.1695e+06	5.1785e+06	
5.17075e+06	5.1695e+06	5.266e+06	5.21625e+06	5.2055e+06	
5.15075e+06	5.1815e+06	5.25525e+06	5.2075e+06	5.14625e+06	
5.31e+06	5.4015e+06	5.36e+06	5.34675e+06	5.26225e+06	
5.46075e+06	5.428e+06	5.50925e+06	5.45375e+06	5.5225e+06	
5.59925e+06	5.7385e+06	5.62775e+06	5.71525e+06	5.56225e+06	
5.63275e+06	5.6095e+06	5.66875e+06	5.678e+06	5.67125e+06	
5.76375e+06	5.80425e+06	5.85525e+06	5.82875e+06	5.75e+06	
5.9075e+06	5.90175e+06	5.8395e+06	5.94475e+06	5.81925e+06	
5.80675e+06	5.81675e+06	5.85325e+06	5.84325e+06	5.75175e+06	
5.76375e+06	5.79275e+06	5.76375e+06	5.7475e+06	5.72975e+06	
5.83825e+06	5.85325e+06	5.87025e+06	5.833e+06	5.7885e+06	
5.80425e+06	5.857e+06	5.87025e+06	5.85575e+06	5.801e+06	
5.91625e+06	5.95675e+06	5.949e+06	5.9945e+06	5.847e+06	
5.8395e+06	5.9515e+06	5.9345e+06	6.00275e+06	5.9195e+06	
5.84825e+06	5.8955e+06	5.8835e+06	5.864e+06	5.81725e+06	
5.6925e+06	5.7165e+06	5.77325e+06	5.738e+06	5.73225e+06	
5.5685e+06	5.62275e+06	5.57425e+06	5.52125e+06	5.5975e+06	
5.69125e+06	5.76575e+06	5.7555e+06	5.7405e+06	5.76375e+06	
5.8685e+06	5.85775e+06	5.9075e+06	5.9225e+06	5.86325e+06	
5.95725e+06	6.02275e+06	5.903e+06	6.04725e+06	6.0315e+06	
6.17975e+06	6.121e+06	6.2125e+06	6.22375e+06	6.18525e+06	
6.14625e+06	6.2175e+06	6.23125e+06	6.2805e+06	6.19225e+06	
6.06825e+06	6.1495e+06	6.18475e+06	6.2225e+06	6.1935e+06	
6.2105e+06	6.188e+06	6.26425e+06	6.2365e+06	6.14e+06	
6.15825e+06	6.21125e+06	6.25475e+06	6.21175e+06	6.2345e+06	
6.24275e+06	6.1885e+06	6.33475e+06	6.3025e+06	6.2345e+06	
6.346e+06	6.36875e+06	6.4475e+06	6.3825e+06	6.31575e+06	
6.30325e+06	6.34975e+06	6.3675e+06	6.2945e+06	6.387e+06	
6.49425e+06	6.49425e+06	6.60125e+06	6.5875e+06	6.51425e+06	
6.668e+06	6.6455e+06	6.7115e+06	6.74425e+06	6.767e+06	
6.55775e+06	6.5875e+06	6.62275e+06	6.5565e+06	6.5755e+06	
6.48225e+06	6.544e+06	6.59875e+06	6.5685e+06	6.5225e+06	
6.564e+06	6.58625e+06	6.629e+06	6.61375e+06	6.5495e+06	
6.4115e+06	6.49225e+06	6.479e+06	6.3485e+06	6.39525e+06	
6.2515e+06	6.2855e+06	6.3045e+06	6.29825e+06	6.244e+06	
5.987e+06	6.0435e+06	6.1255e+06	6.12225e+06	6.06875e+06	
6.1735e+06	6.18025e+06	6.159e+06	6.314e+06	6.181e+06	
6.2005e+06	6.24975e+06	6.22075e+06	6.2055e+06	6.239e+06	
6.312e+06	6.4205e+06	6.43425e+06	6.43425e+06	6.39075e+06	
6.32025e+06	6.32975e+06	6.36925e+06	6.4115e+06	6.30125e+06	
6.35425e+06	6.37875e+06	6.43125e+06	6.33525e+06	6.42175e+06	
6.36425e+06	6.31775e+06	6.3775e+06	6.34425e+06	6.34175e+06	
6.41225e+06	6.56775e+06	6.50675e+06	6.556e+06	6.46775e+06	
6.42225e+06	6.5635e+06	6.6195e+06	6.56275e+06	6.4305e+06	
6.62075e+06	6.63525e+06	6.65425e+06	6.65975e+06	6.6605e+06	
6.498e+06	6.59675e+06	6.6675e+06	6.62575e+06	6.6335e+06	
6.53575e+06	6.69775e+06	6.6995e+06	6.74125e+06	6.6125e+06	
6.8445e+06	6.864e+06	6.7505e+06	6.9125e+06	6.84325e+06	
6.6265e+06	6.76e+06	6.81175e+06	6.772e+06	6.7475e+06	
6.57175e+06	6.5805e+06	6.692e+06	6.6845e+06	6.65225e+06	
6.56475e+06	6.5785e+06	6.711e+06	6.62575e+06	6.68125e+06	
6.547e+06	6.63275e+06	6.5735e+06	6.65225e+06	6.5705e+06	
6.583e+06	6.566e+06	6.66675e+06	6.7645e+06	6.639e+06	
6.6655e+06	6.629e+06	6.68625e+06	6.71775e+06	6.62275e+06	
6.5005e+06	6.6045e+06	6.6895e+06	6.71225e+06	6.6605e+06	
6.704e+06	6.69825e+06	6.709e+06	6.8515e+06	6.7835e+06	
6.738e+06	6.7505e+06	6.81425e+06	6.7045e+06	6.796e+06	
7.004e+06	6.924e+06	7.00075e+06	6.8905e+06	6.9705e+06	
6.8515e+06	6.929e+06	7.0065e+06	6.96925e+06	6.9585e+06	
7.00575e+06	6.92775e+06	7.05125e+06	7.06e+06	6.91075e+06	
6.97875e+06	7.164e+06	7.12625e+06	7.08025e+06	7.0815e+06	
7.03475e+06	7.036e+06	7.0505e+06	7.055e+06	7.036e+06	
6.99125e+06	7.036e+06	7.058e+06	7.048e+06	6.9295e+06	
7.05375e+06	7.0625e+06	7.116e+06	7.0675e+06	7.01025e+06	
7.06825e+06	7.06825e+06	7.08075e+06	7.113e+06	7.10225e+06	
6.92325e+06	6.987e+06	7.0095e+06	7.00325e+06	7.01525e+06	
6.886e+06	6.90825e+06	6.95025e+06	6.9555e+06	6.9775e+06	
6.92575e+06	6.88175e+06	6.9845e+06	6.96925e+06	6.91625e+06	
6.84775e+06	6.8925e+06	6.895e+06	6.81925e+06	6.823e+06	
6.958e+06	7.08275e+06	7.06375e+06	7.08525e+06	6.96225e+06	
6.98125e+06	7.11175e+06	7.113e+06	7.10225e+06	7.07e+06	
7.16975e+06	7.30525e+06	7.29125e+06	7.1715e+06	7.19875e+06	
6.9005e+06	6.978e+06	7.0045e+06	7.0865e+06	7.02475e+06	
6.9825e+06	7.07575e+06	7.02775e+06	7.01275e+06	6.96675e+06	
7.08075e+06	7.08525e+06	7.072e+06	7.123e+06	7.06625e+06	
7.1905e+06	7.1905e+06	7.2225e+06	7.19425e+06	7.089e+06	
7.164e+06	7.20125e+06	7.22325e+06	7.2605e+06	7.18475e+06	
7.319e+06	7.2145e+06	7.317e+06	7.2925e+06	7.1495e+06	
7.38775e+06	7.5225e+06	7.4595e+06	7.4645e+06	7.4255e+06	
7.40275e+06	7.452e+06	7.484e+06	7.4835e+06	7.493e+06	
7.44375e+06	7.42875e+06	7.44e+06	7.42925e+06	7.51675e+06	
7.4835e+06	7.38525e+06	7.36175e+06	7.4375e+06	7.42875e+06	
7.41975e+06	7.4065e+06	7.52625e+06	7.44825e+06	7.48275e+06	
7.29825e+06	7.18925e+06	7.295e+06	7.21325e+06	7.2225e+06	
7.35625e+06	7.4425e+06	7.3725e+06	7.447e+06	7.39075e+06	
7.4695e+06	7.55775e+06	7.52575e+06	7.6215e+06	7.58175e+06	
7.694e+06	7.728e+06	7.8105e+06	7.71475e+06	7.7595e+06	
7.94925e+06	8.026e+06	8.0745e+06	8.02275e+06	7.95675e+06	
7.973e+06	8.01775e+06	8.06075e+06	8.021e+06	7.9945e+06	
7.81425e+06	8.045e+06	7.96375e+06	7.89875e+06	7.94225e+06	
7.8835e+06	7.9125e+06	7.94525e+06	7.9315e+06	7.8225e+06	
7.9605e+06	8.12375e+06	7.9895e+06	8.12675e+06	8.01725e+06	
8.03725e+06	7.99775e+06	8.13575e+06	8.111e+06	7.9895e+06	
8.09725e+06	8.13625e+06	8.15775e+06	8.2775e+06	8.191e+06	
8.28625e+06	8.42925e+06	8.5275e+06	8.3965e+06	8.40475e+06	
8.40925e+06	8.421e+06	8.3895e+06	8.447e+06	8.44325e+06	
8.343e+06	8.43e+06	8.43825e+06	8.47525e+06	8.3915e+06	
8.38275e+06	8.47275e+06	8.4645e+06	8.396e+06	8.36375e+06	
8.34225e+06	8.3795e+06	8.47225e+06	8.50425e+06	8.53025e+06	
8.42175e+06	8.556e+06	8.6e+06	8.58375e+06	8.491e+06	
8.469e+06	8.483e+06	8.486e+06	8.4715e+06	8.49725e+06	
8.60375e+06	8.71925e+06	8.73925e+06	8.752e+06	8.677e+06	
8.78475e+06	8.864e+06	8.968e+06	8.86225e+06	8.832e+06	
9.028e+06	9.03675e+06	9.171e+06	9.09025e+06	9.1005e+06	
9.05375e+06	9.1085e+06	9.113e+06	9.06825e+06	9.096e+06	
9.04375e+06	9.101e+06	9.21575e+06	9.13075e+06	9.11925e+06	
9.16775e+06	9.16975e+06	9.2505e+06	9.19125e+06	9.13375e+06	
9.38775e+06	9.464e+06	9.54775e+06	9.46975e+06	9.4345e+06	
9.3985e+06	9.4635e+06	9.508e+06	9.5725e+06	9.416e+06	
9.4055e+06	9.46025e+06	9.51325e+06	9.47025e+06	9.45775e+06	
9.563e+06	9.6215e+06	9.752e+06	9.72225e+06	9.7065e+06	
9.59575e+06	9.82e+06	9.7355e+06	9.721e+06	9.6645e+06	
9.55225e+06	9.67575e+06	9.73425e+06	9.67625e+06	9.549e+06	
9.74125e+06	9.779e+06	9.8855e+06	9.86725e+06	9.73375e+06	
9.89625e+06	9.96375e+06	1.00205e+07	9.994e+06	9.97125e+06	
9.9825e+06	1.00052e+07	1.00822e+07	1.01552e+07	9.99775e+06	
1.0047e+07	1.01842e+07	1.0176e+07	1.00665e+07	1.0018e+07	
9.982e+06	9.9655e+06	1.00632e+07	1.00482e+07	9.92525e+06	
1.00778e+07	1.01458e+07	1.01692e+07	1.00752e+07	1.00828e+07	
1.00732e+07	1.00998e+07	1.01068e+07	1.01968e+07	1.0135e+07	
1.00122e+07	1.01938e+07	1.01378e+07	1.02322e+07	1.0055e+07	
9.88175e+06	9.93525e+06	1.00848e+07	9.97325e+06	1.0103e+07	
1.02258e+07	1.02e+07	1.03045e+07	1.03032e+07	1.01798e+07	
9.9575e+06	1.0115e+07	1.01748e+07	1.0086e+07	1.00772e+07	
9.85225e+06	9.8415e+06	9.85975e+06	9.8485e+06	9.926e+06	
9.089e+06	9.35125e+06	9.1585e+06	9.324e+06	9.1295e+06	
8.8225e+06	8.8705e+06	9.0135e+06	8.946e+06	8.9895e+06	
8.78025e+06	8.70525e+06	8.88875e+06	8.8905e+06	8.849e+06	
9.16775e+06	9.0955e+06	9.21325e+06	9.164e+06	9.13575e+06	
9.6645e+06	9.66325e+06	9.803e+06	9.742e+06	9.621e+06	
9.92075e+06	9.93475e+06	1.00488e+07	1.00885e+07	9.8855e+06	
1.02688e+07	1.04262e+07	1.03658e+07	1.03595e+07	1.02618e+07	
1.04508e+07	1.05112e+07	1.04872e+07	1.06102e+07	1.05655e+07	
1.03342e+07	1.03852e+07	1.0372e+07	1.05175e+07	1.04282e+07	
1.0512e+07	1.05038e+07	1.0633e+07	1.06152e+07	1.04678e+07	
1.072e+07	1.097e+07	1.0873e+07	1.08592e+07	1.07122e+07	
1.09658e+07	1.10342e+07	1.10998e+07	1.12165e+07	1.10185e+07	
1.12455e+07	1.1374e+07	1.12865e+07	1.1251e+07	1.13065e+07	
1.11232e+07	1.1132e+07	1.12378e+07	1.12865e+07	1.11698e+07	
1.1241e+07	1.13248e+07	1.13922e+07	1.13508e+07	1.135e+07	
1.11282e+07	1.11408e+07	1.12045e+07	1.12278e+07	1.11485e+07	
1.08692e+07	1.096e+07	1.10355e+07	1.1064e+07	1.1081e+07	
1.0795e+07	1.09575e+07	1.08515e+07	1.09488e+07	1.0776e+07	
1.08158e+07	1.0834e+07	1.08038e+07	1.0907e+07	1.0873e+07	
1.09525e+07	1.10098e+07	1.10508e+07	1.10512e+07	1.10375e+07	
1.12442e+07	1.13538e+07	1.12468e+07	1.14578e+07	1.1253e+07	
1.1316e+07	1.14142e+07	1.14432e+07	1.14188e+07	1.1268e+07	
1.1188e+07	1.13425e+07	1.1398e+07	1.14768e+07	1.13272e+07	
1.1403e+07	1.1573e+07	1.1577e+07	1.15062e+07	1.1517e+07	
1.15932e+07	1.17295e+07	1.18278e+07	1.17855e+07	1.17582e+07	
1.18402e+07	1.19355e+07	1.1907e+07	1.19658e+07	1.18875e+07	
1.17905e+07	1.1807e+07	1.18278e+07	1.18932e+07	1.17312e+07	
1.17238e+07	1.18655e+07	1.18228e+07	1.17482e+07	1.16575e+07	
1.17218e+07	1.18208e+07	1.18215e+07	1.18038e+07	1.17785e+07	
1.17955e+07	1.18195e+07	1.1885e+07	1.1928e+07	1.18415e+07	
1.17805e+07	1.18642e+07	1.18818e+07	1.19285e+07	1.19108e+07	
1.19405e+07	1.19322e+07	1.19695e+07	1.19935e+07	1.19688e+07	
1.19462e+07	1.21258e+07	1.21862e+07	1.20608e+07	1.20608e+07	
1.19028e+07	1.1948e+07	1.19372e+07	1.2023e+07	1.19322e+07	
1.172e+07	1.17155e+07	1.17975e+07	1.17118e+07	1.16475e+07	
1.15232e+07	1.1645e+07	1.17068e+07	1.16608e+07	1.158e+07	
1.1553e+07	1.15088e+07	1.15662e+07	1.16285e+07	1.15195e+07	
1.16935e+07	1.18572e+07	1.188e+07	1.18958e+07	1.18315e+07	
1.18555e+07	1.17912e+07	1.18088e+07	1.19512e+07	1.17382e+07	
1.18208e+07	1.1694e+07	1.19405e+07	1.1938e+07	1.1931e+07	
1.1677e+07	1.17872e+07	1.17225e+07	1.1703e+07	1.16802e+07	
1.14452e+07	1.15228e+07	1.16492e+07	1.15788e+07	1.1485e+07	
1.13122e+07	1.1529e+07	1.15958e+07	1.14428e+07	1.13878e+07	
1.13708e+07	1.13752e+07	1.1442e+07	1.14428e+07	1.14345e+07	
1.13128e+07	1.13745e+07	1.1374e+07	1.14005e+07	1.14428e+07	
1.13115e+07	1.14225e+07	1.14552e+07	1.14912e+07	1.13172e+07	
1.13972e+07	1.14478e+07	1.1517e+07	1.14768e+07	1.1391e+07	
1.15378e+07	1.16662e+07	1.18308e+07	1.17652e+07	1.16992e+07	
1.16952e+07	1.18415e+07	1.1958e+07	1.18598e+07	1.17072e+07	
1.16728e+07	1.18282e+07	1.18385e+07	1.19172e+07	1.19015e+07	
1.16392e+07	1.18245e+07	1.18182e+07	1.18705e+07	1.17092e+07	
1.1599e+07	1.16292e+07	1.16802e+07	1.16172e+07	1.15782e+07	
1.1706e+07	1.17312e+07	1.17362e+07	1.1817e+07	1.16935e+07	
1.1892e+07	1.1902e+07	1.18315e+07	1.20318e+07	1.1774e+07	
1.18605e+07	1.21092e+07	1.20312e+07	1.20268e+07	1.20425e+07	
1.21672e+07	1.22435e+07	1.22795e+07	1.23262e+07	1.2243e+07	
1.2137e+07	1.22165e+07	1.23065e+07	1.24038e+07	1.23035e+07	
1.23595e+07	1.24615e+07	1.25032e+07	1.25108e+07	1.23972e+07	
1.19525e+07	1.21352e+07	1.22625e+07	1.22078e+07	1.21605e+07	
1.2137e+07	1.22285e+07	1.22045e+07	1.22518e+07	1.2156e+07	
1.19438e+07	1.2146e+07	1.20212e+07	1.21465e+07	1.2062e+07	
1.19462e+07	1.1807e+07	1.19658e+07	1.18845e+07	1.1897e+07	
1.1832e+07	1.18088e+07	1.17438e+07	1.1832e+07	1.1667e+07	
1.17345e+07	1.19078e+07	1.19422e+07	1.18932e+07	1.18648e+07	
1.20988e+07	1.22178e+07	1.2192e+07	1.22555e+07	1.22025e+07	
1.22102e+07	1.21648e+07	1.22638e+07	1.23255e+07	1.22178e+07	
1.21622e+07	1.22815e+07	1.23168e+07	1.2318e+07	1.21982e+07	
1.20382e+07	1.2217e+07	1.2226e+07	1.226e+07	1.21435e+07	
1.20362e+07	1.20608e+07	1.21792e+07	1.21472e+07	1.19475e+07	
1.20685e+07	1.20948e+07	1.21428e+07	1.21592e+07	1.20822e+07	
1.2023e+07	1.21718e+07	1.22025e+07	1.22662e+07	1.2192e+07	
1.23632e+07	1.2393e+07	1.24092e+07	1.26368e+07	1.24672e+07	
1.23142e+07	1.23002e+07	1.23072e+07	1.24402e+07	1.22492e+07	
1.21768e+07	1.23052e+07	1.2183e+07	1.23318e+07	1.22588e+07	
1.2231e+07	1.22658e+07	1.22908e+07	1.22915e+07	1.22985e+07	
1.20935e+07	1.20822e+07	1.22045e+07	1.21105e+07	1.21062e+07	
1.19915e+07	1.1885e+07	1.20698e+07	1.1958e+07	1.19612e+07	
1.2093e+07	1.2033e+07	1.21018e+07	1.2088e+07	1.20072e+07	
1.18478e+07	1.18265e+07	1.19252e+07	1.19708e+07	1.18082e+07	
1.17425e+07	1.1805e+07	1.17988e+07	1.18485e+07	1.16765e+07	
1.17218e+07	1.18385e+07	1.18465e+07	1.18635e+07	1.18692e+07	
1.18962e+07	1.18175e+07	1.19632e+07	1.2086e+07	1.18648e+07	
1.1962e+07	1.2134e+07	1.20305e+07	1.20362e+07	1.20172e+07	
1.1953e+07	1.20835e+07	1.20092e+07	1.21982e+07	1.2011e+07	
1.17628e+07	1.19782e+07	1.1984e+07	1.19405e+07	1.1899e+07	
1.12915e+07	1.14868e+07	1.1485e+07	1.14615e+07	1.15062e+07	
1.09222e+07	1.09865e+07	1.10288e+07	1.088e+07	1.08672e+07	
1.06488e+07	1.06758e+07	1.07728e+07	1.08145e+07	1.0733e+07	
1.08108e+07	1.08308e+07	1.08768e+07	1.07632e+07	1.07778e+07	
1.09488e+07	1.1064e+07	1.10985e+07	1.11772e+07	1.1038e+07	
1.09965e+07	1.11522e+07	1.10885e+07	1.10815e+07	1.09882e+07	
1.1074e+07	1.11905e+07	1.11328e+07	1.11755e+07	1.10242e+07	
1.13318e+07	1.1347e+07	1.13878e+07	1.14842e+07	1.13778e+07	
1.14798e+07	1.15492e+07	1.16058e+07	1.15895e+07	1.1452e+07	
1.1769e+07	1.1827e+07	1.19108e+07	1.17438e+07	1.17495e+07	
1.20325e+07	1.20072e+07	1.19248e+07	1.19695e+07	1.20992e+07	
1.18725e+07	1.20765e+07	1.2108e+07	1.2156e+07	1.21282e+07	
1.20565e+07	1.22605e+07	1.21768e+07	1.2188e+07	1.20735e+07	
1.22102e+07	1.22285e+07	1.22592e+07	1.23558e+07	1.21812e+07	
1.22032e+07	1.2183e+07	1.21888e+07	1.23015e+07	1.2301e+07	
1.2364e+07	1.24598e+07	1.23368e+07	1.23968e+07	1.24238e+07	
1.2241e+07	1.24312e+07	1.24345e+07	1.24748e+07	1.23628e+07	
1.21428e+07	1.22675e+07	1.22965e+07	1.23375e+07	1.21995e+07	
1.20168e+07	1.21775e+07	1.21382e+07	1.22132e+07	1.21548e+07	
1.21358e+07	1.21068e+07	1.22165e+07	1.2263e+07	1.21175e+07	
1.23608e+07	1.23682e+07	1.24572e+07	1.23645e+07	1.22612e+07	
1.2519e+07	1.26708e+07	1.26405e+07	1.273e+07	1.27142e+07	
1.27382e+07	1.28282e+07	1.27445e+07	1.28895e+07	1.27942e+07	
1.2655e+07	1.29052e+07	1.2819e+07	1.28618e+07	1.27792e+07	
1.26828e+07	1.28472e+07	1.2747e+07	1.2812e+07	1.2752e+07	
1.27388e+07	1.27678e+07	1.2875e+07	1.27532e+07	1.27835e+07	
1.25858e+07	1.27375e+07	1.27112e+07	1.27988e+07	1.27288e+07	
1.24105e+07	1.24282e+07	1.24755e+07	1.25568e+07	1.24842e+07	
1.2074e+07	1.20582e+07	1.22202e+07	1.22228e+07	1.2197e+07	
1.1682e+07	1.17142e+07	1.18075e+07	1.17735e+07	1.16462e+07	
1.17192e+07	1.17918e+07	1.17988e+07	1.16782e+07	1.18058e+07	
1.18995e+07	1.19608e+07	1.19638e+07	1.18925e+07	1.1916e+07	
1.20552e+07	1.2093e+07	1.2267e+07	1.22328e+07	1.21402e+07	
1.2434e+07	1.24755e+07	1.24755e+07	1.257e+07	1.23748e+07	
1.25315e+07	1.26575e+07	1.26942e+07	1.26985e+07	1.2606e+07	
1.28832e+07	1.29215e+07	1.29758e+07	1.29985e+07	1.28755e+07	
1.30362e+07	1.30615e+07	1.31365e+07	1.31055e+07	1.30168e+07	
1.29525e+07	1.30582e+07	1.29815e+07	1.2991e+07	1.2887e+07	
1.29052e+07	1.2974e+07	1.30068e+07	1.30098e+07	1.29778e+07	
1.2892e+07	1.29815e+07	1.30048e+07	1.30275e+07	1.29492e+07	
1.2996e+07	1.3066e+07	1.31888e+07	1.32658e+07	1.30955e+07	
1.30175e+07	1.31258e+07	1.31958e+07	1.3197e+07	1.31108e+07	
1.30772e+07	1.31465e+07	1.32405e+07	1.3146e+07	1.31175e+07	
1.30678e+07	1.31838e+07	1.3238e+07	1.32348e+07	1.32148e+07	
1.2824e+07	1.289e+07	1.29715e+07	1.2974e+07	1.28655e+07	
1.256e+07	1.25518e+07	1.25505e+07	1.25788e+07	1.2495e+07	
1.24258e+07	1.25062e+07	1.26192e+07	1.2495e+07	1.2345e+07	
1.24792e+07	1.25215e+07	1.26545e+07	1.2524e+07	1.2434e+07	
1.26338e+07	1.26285e+07	1.26785e+07	1.26198e+07	1.26625e+07	
1.26048e+07	1.2585e+07	1.2691e+07	1.28472e+07	1.26495e+07	
1.26318e+07	1.26462e+07	1.26972e+07	1.27068e+07	1.26078e+07	
1.25832e+07	1.27308e+07	1.2747e+07	1.2807e+07	1.28328e+07	
1.28208e+07	1.2853e+07	1.2926e+07	1.28228e+07	1.27768e+07	
1.2856e+07	1.29872e+07	1.30438e+07	1.3139e+07	1.30242e+07	
1.30408e+07	1.31635e+07	1.31912e+07	1.30728e+07	1.296e+07	
1.28352e+07	1.30188e+07	1.2984e+07	1.31082e+07	1.30325e+07	
1.2759e+07	1.28932e+07	1.29732e+07	1.29065e+07	1.29405e+07	
1.25555e+07	1.272e+07	1.27465e+07	1.28005e+07	1.26102e+07	
1.25945e+07	1.26865e+07	1.27478e+07	1.27345e+07	1.2681e+07	
1.25795e+07	1.26072e+07	1.266e+07	1.26878e+07	1.26438e+07	
1.26165e+07	1.27792e+07	1.26798e+07	1.27975e+07	1.26942e+07	
1.2701e+07	1.27905e+07	1.28662e+07	1.28618e+07	1.26632e+07	
1.27868e+07	1.2819e+07	1.27312e+07	1.28692e+07	1.28132e+07	
1.26035e+07	1.28928e+07	1.28468e+07	1.28738e+07	1.2735e+07	
1.26968e+07	1.2815e+07	1.2815e+07	1.28618e+07	1.27992e+07	
1.24975e+07	1.26342e+07	1.27068e+07	1.26935e+07	1.27175e+07	
1.22662e+07	1.23815e+07	1.24055e+07	1.23085e+07	1.23935e+07	
1.2231e+07	1.22368e+07	1.23192e+07	1.2292e+07	1.2171e+07	
1.21452e+07	1.22235e+07	1.23865e+07	1.22455e+07	1.2282e+07	
1.22322e+07	1.23255e+07	1.22348e+07	1.2238e+07	1.22182e+07	
1.2231e+07	1.23312e+07	1.24275e+07	1.2367e+07	1.23135e+07	
1.2398e+07	1.24112e+07	1.24345e+07	1.23948e+07	1.2415e+07	
1.22252e+07	1.24548e+07	1.24105e+07	1.24522e+07	1.2408e+07	
1.23955e+07	1.23362e+07	1.2347e+07	1.2459e+07	1.24118e+07	
1.23695e+07	1.25182e+07	1.25385e+07	1.25208e+07	1.2427e+07	
1.22442e+07	1.23155e+07	1.248e+07	1.24925e+07	1.23192e+07	
1.2359e+07	1.2536e+07	1.26128e+07	1.25655e+07	1.24142e+07	
1.24868e+07	1.2662e+07	1.26272e+07	1.25902e+07	1.24825e+07	
1.25455e+07	1.25675e+07	1.26325e+07	1.2551e+07	1.26165e+07	
1.25e+07	1.25692e+07	1.26085e+07	1.25945e+07	1.25575e+07	
1.25908e+07	1.25865e+07	1.26985e+07	1.2681e+07	1.25908e+07	
1.26885e+07	1.27848e+07	1.27465e+07	1.27678e+07	1.27578e+07	
1.2502e+07	1.24975e+07	1.25555e+07	1.256e+07	1.25335e+07	
1.24842e+07	1.25398e+07	1.26625e+07	1.2664e+07	1.26248e+07	
1.2401e+07	1.25592e+07	1.26608e+07	1.24938e+07	1.2517e+07	
1.24415e+07	1.25945e+07	1.25485e+07	1.25548e+07	1.25272e+07	
1.25232e+07	1.24692e+07	1.25548e+07	1.2597e+07	1.25315e+07	
1.22712e+07	1.2226e+07	1.2284e+07	1.2328e+07	1.23072e+07	
1.2066e+07	1.2221e+07	1.2287e+07	1.2318e+07	1.21195e+07	
1.22472e+07	1.22355e+07	1.2328e+07	1.22745e+07	1.22272e+07	
1.2255e+07	1.2393e+07	1.23148e+07	1.22915e+07	1.22738e+07	
1.23312e+07	1.24125e+07	1.24918e+07	1.23728e+07	1.24672e+07	
1.22895e+07	1.23615e+07	1.24182e+07	1.25008e+07	1.25202e+07	
1.23595e+07	1.25302e+07	1.2471e+07	1.24842e+07	1.24378e+07	
1.23972e+07	1.23898e+07	1.24818e+07	1.2539e+07	1.23772e+07	
1.23922e+07	1.23852e+07	1.24408e+07	1.24522e+07	1.23678e+07	
1.2415e+07	1.24118e+07	1.25725e+07	1.25165e+07	1.23885e+07	
1.21925e+07	1.22915e+07	1.24295e+07	1.2388e+07	1.23495e+07	
1.22758e+07	1.2386e+07	1.23362e+07	1.23948e+07	1.234e+07	
1.23615e+07	1.24155e+07	1.23218e+07	1.23562e+07	1.2287e+07	
1.2258e+07	1.2519e+07	1.25025e+07	1.24918e+07	1.24282e+07	
1.2282e+07	1.24578e+07	1.24275e+07	1.24925e+07	1.23445e+07	
1.22588e+07	1.23652e+07	1.23078e+07	1.23275e+07	1.23198e+07	
1.23545e+07	1.23192e+07	1.2381e+07	1.24155e+07	1.22895e+07	
1.22588e+07	1.22985e+07	1.2287e+07	1.2449e+07	1.22102e+07	
1.22108e+07	1.23715e+07	1.23835e+07	1.24075e+07	1.23035e+07	
1.23325e+07	1.23865e+07	1.24182e+07	1.23748e+07	1.23538e+07	
1.2456e+07	1.2563e+07	1.24415e+07	1.2539e+07	1.23865e+07	
1.2432e+07	1.25568e+07	1.2522e+07	1.26815e+07	1.25088e+07	
1.24018e+07	1.2594e+07	1.24168e+07	1.26558e+07	1.24668e+07	
1.24812e+07	1.2526e+07	1.24705e+07	1.2471e+07	1.24655e+07	
1.22908e+07	1.22008e+07	1.22795e+07	1.2413e+07	1.21868e+07	
1.22555e+07	1.2309e+07	1.23268e+07	1.2321e+07	1.23645e+07	
1.19765e+07	1.20475e+07	1.21818e+07	1.225e+07	1.2267e+07	
1.20155e+07	1.19015e+07	1.20608e+07	1.20092e+07	1.20015e+07	
1.19178e+07	1.2074e+07	1.20905e+07	1.21572e+07	1.21055e+07	
1.20255e+07	1.20148e+07	1.20275e+07	1.21282e+07	1.19778e+07	
1.20092e+07	1.20892e+07	1.2083e+07	1.2081e+07	1.1885e+07	
1.202e+07	1.1861e+07	1.20155e+07	1.2134e+07	1.20515e+07	
1.16172e+07	1.16745e+07	1.16865e+07	1.17652e+07	1.16242e+07	
1.15692e+07	1.18112e+07	1.19202e+07	1.17988e+07	1.16545e+07	
1.15315e+07	1.16758e+07	1.16732e+07	1.1774e+07	1.16248e+07	
1.16795e+07	1.17168e+07	1.16848e+07	1.18215e+07	1.17268e+07	
1.17238e+07	1.187e+07	1.19248e+07	1.18265e+07	1.1853e+07	
1.17988e+07	1.1914e+07	1.2059e+07	1.19708e+07	1.19542e+07	
1.18845e+07	1.20268e+07	1.20798e+07	1.20358e+07	1.20375e+07	
1.21302e+07	1.21188e+07	1.22865e+07	1.21452e+07	1.21038e+07	
1.18912e+07	1.20615e+07	1.21635e+07	1.20748e+07	1.21092e+07	
1.182e+07	1.1902e+07	1.19348e+07	1.18402e+07	1.18398e+07	
1.19008e+07	1.18485e+07	1.20255e+07	1.20608e+07	1.19392e+07	
1.1892e+07	1.2001e+07	1.1972e+07	1.19422e+07	1.1875e+07	
1.19252e+07	1.20582e+07	1.2122e+07	1.2132e+07	1.2042e+07	
1.20375e+07	1.20632e+07	1.21722e+07	1.2171e+07	1.196e+07	
1.20048e+07	1.20495e+07	1.20558e+07	1.20438e+07	1.20508e+07	
1.1861e+07	1.1987e+07	1.19952e+07	1.19462e+07	1.19178e+07	
1.19058e+07	1.20545e+07	1.1953e+07	1.19625e+07	1.20168e+07	
1.1974e+07	1.19965e+07	1.20255e+07	1.19562e+07	1.187e+07	
1.1788e+07	1.19298e+07	1.1916e+07	1.20072e+07	1.19108e+07	
1.17515e+07	1.17452e+07	1.19248e+07	1.18792e+07	1.1902e+07	
1.1711e+07	1.1769e+07	1.1824e+07	1.18145e+07	1.18415e+07	
1.1633e+07	1.1696e+07	1.17885e+07	1.17798e+07	1.1769e+07	
1.16218e+07	1.18005e+07	1.17672e+07	1.1909e+07	1.1645e+07	
1.17438e+07	1.18075e+07	1.19758e+07	1.1909e+07	1.18018e+07	
1.1766e+07	1.1991e+07	1.18805e+07	1.1916e+07	1.18832e+07	
1.1892e+07	1.19612e+07	1.1979e+07	1.20432e+07	1.18605e+07	
1.17925e+07	1.19335e+07	1.19612e+07	1.19418e+07	1.19335e+07	
1.1715e+07	1.1822e+07	1.19292e+07	1.1914e+07	1.18112e+07	
1.15718e+07	1.17072e+07	1.16612e+07	1.17728e+07	1.18025e+07	
1.1587e+07	1.17822e+07	1.17892e+07	1.17665e+07	1.17035e+07	
1.16752e+07	1.18095e+07	1.17842e+07	1.18642e+07	1.16935e+07	
1.16758e+07	1.16758e+07	1.16532e+07	1.1701e+07	1.16582e+07	
1.15385e+07	1.1766e+07	1.1769e+07	1.17992e+07	1.16752e+07	
1.15415e+07	1.1604e+07	1.1725e+07	1.17438e+07	1.1672e+07	
1.1403e+07	1.15282e+07	1.15882e+07	1.15468e+07	1.1534e+07	
1.13538e+07	1.13652e+07	1.1495e+07	1.14508e+07	1.1355e+07	
1.13575e+07	1.1466e+07	1.1481e+07	1.14142e+07	1.1432e+07	
1.14515e+07	1.15365e+07	1.1568e+07	1.1597e+07	1.1597e+07	
1.1442e+07	1.16532e+07	1.1614e+07	1.15895e+07	1.15498e+07	
1.1752e+07	1.1866e+07	1.17628e+07	1.1781e+07	1.1694e+07	
1.15485e+07	1.1602e+07	1.1817e+07	1.1747e+07	1.17308e+07	
1.18365e+07	1.18075e+07	1.19032e+07	1.18635e+07	1.17868e+07	
1.164e+07	1.18792e+07	1.18208e+07	1.17988e+07	1.17395e+07	
1.16658e+07	1.1694e+07	1.1885e+07	1.17772e+07	1.18088e+07	
1.1691e+07	1.18132e+07	1.17918e+07	1.18365e+07	1.16745e+07	
1.16268e+07	1.16978e+07	1.17042e+07	1.17615e+07	1.1684e+07	
1.1553e+07	1.15915e+07	1.17438e+07	1.17578e+07	1.15592e+07	
1.1408e+07	1.1568e+07	1.15535e+07	1.15642e+07	1.1386e+07	
1.13778e+07	1.15058e+07	1.15315e+07	1.15232e+07	1.1476e+07	
1.13902e+07	1.14225e+07	1.14572e+07	1.1447e+07	1.15145e+07	
1.13545e+07	1.1432e+07	1.15182e+07	1.1534e+07	1.14402e+07	
1.13608e+07	1.13798e+07	1.14408e+07	1.1502e+07	1.15088e+07	
1.13828e+07	1.14402e+07	1.15422e+07	1.15945e+07	1.1442e+07	
1.1379e+07	1.1449e+07	1.14308e+07	1.13758e+07	1.14205e+07	
1.14232e+07	1.1565e+07	1.14175e+07	1.15058e+07	1.13865e+07	
1.11855e+07	1.127e+07	1.1381e+07	1.1263e+07	1.13255e+07	
1.1137e+07	1.12398e+07	1.13148e+07	1.14092e+07	1.12e+07	
1.11092e+07	1.1226e+07	1.12945e+07	1.1301e+07	1.111e+07	
1.11225e+07	1.11888e+07	1.136e+07	1.12518e+07	1.119e+07	
1.11598e+07	1.136e+07	1.1309e+07	1.12485e+07	1.12762e+07	
1.12762e+07	1.13968e+07	1.13968e+07	1.13115e+07	1.13135e+07	
1.11768e+07	1.12845e+07	1.12995e+07	1.13758e+07	1.12965e+07	
1.128e+07	1.1362e+07	1.14888e+07	1.13355e+07	1.14225e+07	
1.1222e+07	1.12418e+07	1.1369e+07	1.13802e+07	1.13848e+07	
1.12825e+07	1.136e+07	1.1372e+07	1.13115e+07	1.12965e+07	
1.12928e+07	1.13885e+07	1.14528e+07	1.14652e+07	1.13972e+07	
1.1142e+07	1.13135e+07	1.1219e+07	1.14308e+07	1.13682e+07	
1.135e+07	1.13645e+07	1.1316e+07	1.14192e+07	1.1493e+07	
1.13148e+07	1.14648e+07	1.15688e+07	1.14295e+07	1.1289e+07	
1.13362e+07	1.13588e+07	1.13405e+07	1.14528e+07	1.1406e+07	
1.1413e+07	1.12995e+07	1.14465e+07	1.15195e+07	1.13152e+07	
1.11692e+07	1.13242e+07	1.14432e+07	1.14092e+07	1.13665e+07	
1.1156e+07	1.13292e+07	1.13268e+07	1.14428e+07	1.1318e+07	
1.1326e+07	1.13218e+07	1.14275e+07	1.12498e+07	1.12058e+07	
1.11805e+07	1.13192e+07	1.12492e+07	1.13532e+07	1.12215e+07	
1.11068e+07	1.1166e+07	1.1171e+07	1.12758e+07	1.10198e+07	
1.1021e+07	1.09902e+07	1.10552e+07	1.10632e+07	1.10305e+07	
1.08108e+07	1.0902e+07	1.09385e+07	1.09448e+07	1.09115e+07	
1.081e+07	1.0858e+07	1.0941e+07	1.08788e+07	1.08315e+07	
1.08012e+07	1.08792e+07	1.0909e+07	1.09455e+07	1.0885e+07	
1.08e+07	1.1001e+07	1.1001e+07	1.09802e+07	1.08232e+07	
1.07595e+07	1.09455e+07	1.1025e+07	1.0963e+07	1.09078e+07	
1.0764e+07	1.09052e+07	1.0829e+07	1.07312e+07	1.07312e+07	
1.06802e+07	1.0795e+07	1.0825e+07	1.07918e+07	1.06708e+07	
1.04702e+07	1.06845e+07	1.07275e+07	1.06322e+07	1.0674e+07	
1.03475e+07	1.03902e+07	1.03865e+07	1.03442e+07	1.03205e+07	
9.817e+06	9.8775e+06	9.96625e+06	1.00878e+07	1.0016e+07	
9.72375e+06	9.8055e+06	9.7595e+06	9.745e+06	9.774e+06	
9.53275e+06	9.69475e+06	9.63175e+06	9.759e+06	9.6015e+06	
9.63225e+06	9.626e+06	9.76075e+06	9.718e+06	9.80925e+06	
9.612e+06	9.8705e+06	9.837e+06	9.9145e+06	9.7765e+06	
9.8445e+06	9.86475e+06	1.00532e+07	9.989e+06	9.8975e+06	
9.87475e+06	9.994e+06	1.00645e+07	9.97625e+06	9.94675e+06	
1.00102e+07	1.00028e+07	1.0168e+07	1.0248e+07	1.00028e+07	
1.00048e+07	1.00482e+07	1.00702e+07	1.0185e+07	1.0122e+07	
9.9115e+06	1.00368e+07	1.01508e+07	1.01648e+07	1.01432e+07	
1.0108e+07	1.01598e+07	1.01018e+07	1.01705e+07	1.0045e+07	
9.94175e+06	1.01325e+07	1.01325e+07	1.01742e+07	1.00155e+07	
1.00285e+07	1.01382e+07	1.02258e+07	1.01445e+07	1.01205e+07	
1.00192e+07	1.01055e+07	1.01982e+07	1.01168e+07	1.00765e+07	
9.96e+06	1.00142e+07	1.01528e+07	1.01585e+07	1.00532e+07	
9.91325e+06	1.00312e+07	1.01395e+07	1.00292e+07	1.00695e+07	
1.00015e+07	1.00922e+07	1.00002e+07	1.00588e+07	1.00362e+07	
9.8775e+06	9.9725e+06	9.989e+06	1.00652e+07	9.926e+06	
9.77975e+06	9.936e+06	9.9575e+06	9.87475e+06	9.8195e+06	
9.9215e+06	9.99525e+06	9.98775e+06	9.97625e+06	9.987e+06	
9.90325e+06	1.00272e+07	1.00235e+07	9.95875e+06	9.907e+06	
9.90325e+06	1.00065e+07	1.00702e+07	9.9845e+06	1.00715e+07	
9.88375e+06	9.97825e+06	9.999e+06	1.0057e+07	9.92225e+06	
1.00142e+07	9.88175e+06	9.98575e+06	1.0074e+07	1.00388e+07	
9.859e+06	9.92275e+06	1.0045e+07	1.01125e+07	9.95625e+06	
9.87175e+06	9.90575e+06	9.95425e+06	1.00192e+07	1.00488e+07	
9.7935e+06	9.88425e+06	9.84025e+06	9.90575e+06	9.79925e+06	
9.8275e+06	9.82575e+06	9.9435e+06	9.9385e+06	9.96425e+06	
9.80875e+06	9.817e+06	1.0035e+07	9.90375e+06	9.808e+06	
9.81425e+06	9.856e+06	9.9435e+06	9.9775e+06	9.781e+06	
9.8105e+06	9.8515e+06	9.9435e+06	9.863e+06	9.8295e+06	
9.798e+06	9.86475e+06	9.8515e+06	9.83275e+06	9.8775e+06	
9.78475e+06	9.81375e+06	9.9235e+06	9.8755e+06	9.742e+06	
9.701e+06	9.78275e+06	9.7935e+06	9.80875e+06	9.75325e+06	
9.77775e+06	9.87175e+06	9.7935e+06	9.99575e+06	9.817e+06	
9.56675e+06	9.70225e+06	9.762e+06	9.6815e+06	9.65675e+06	
9.59075e+06	9.73375e+06	9.79175e+06	9.91075e+06	9.6605e+06	
9.646e+06	9.7325e+06	9.71175e+06	9.72425e+06	9.708e+06	
9.54475e+06	9.602e+06	9.735e+06	9.6935e+06	9.7565e+06	
9.50625e+06	9.619e+06	9.817e+06	9.6505e+06	9.69475e+06	
9.6355e+06	9.66625e+06	9.7935e+06	9.8855e+06	9.699e+06	
9.65e+06	9.7375e+06	9.7815e+06	9.6815e+06	9.77275e+06	
9.79475e+06	9.91825e+06	9.9485e+06	9.92975e+06	9.82825e+06	
9.74875e+06	9.80675e+06	9.883e+06	9.8535e+06	9.79175e+06	
9.7615e+06	9.76325e+06	9.89875e+06	9.91025e+06	9.77225e+06	
9.7765e+06	9.863e+06	9.842e+06	9.84275e+06	9.897e+06	
9.745e+06	9.85525e+06	9.86475e+06	9.8315e+06	9.85025e+06	
9.767e+06	9.86025e+06	9.834e+06	9.842e+06	9.67e+06	
9.667e+06	9.88e+06	9.8755e+06	9.8655e+06	9.79175e+06	
9.672e+06	9.77025e+06	9.781e+06	9.81425e+06	9.786e+06	
9.6405e+06	9.81e+06	9.7565e+06	9.781e+06	9.725e+06	
9.6725e+06	9.7015e+06	9.817e+06	9.84075e+06	9.655e+06	
9.7105e+06	9.767e+06	9.72375e+06	9.79425e+06	9.75775e+06	
9.641e+06	9.80675e+06	9.8855e+06	9.74075e+06	9.70225e+06	
9.646e+06	9.65375e+06	9.711e+06	9.70725e+06	9.70975e+06	
9.51575e+06	9.5755e+06	9.629e+06	9.6795e+06	9.63475e+06	
9.61525e+06	9.56425e+06	9.68075e+06	9.66625e+06	9.55725e+06	
9.47025e+06	9.5705e+06	9.643e+06	9.721e+06	9.61725e+06	
9.46475e+06	9.58375e+06	9.56175e+06	9.7375e+06	9.544e+06	
9.5895e+06	9.60325e+06	9.52075e+06	9.626e+06	9.44575e+06	
9.45825e+06	9.61075e+06	9.56925e+06	9.55025e+06	9.4955e+06	
9.483e+06	9.3595e+06	9.49925e+06	9.568e+06	9.3745e+06	
9.41425e+06	9.45575e+06	9.5685e+06	9.4665e+06	9.5005e+06	
9.31225e+06	9.384e+06	9.45525e+06	9.394e+06	9.42e+06	
9.40725e+06	9.471e+06	9.578e+06	9.4635e+06	9.464e+06	
9.44625e+06	9.583e+06	9.57875e+06	9.612e+06	9.394e+06	
9.2895e+06	9.374e+06	9.4375e+06	9.61075e+06	9.33225e+06	
9.2655e+06	9.3985e+06	9.48225e+06	9.445e+06	9.36875e+06	
9.45275e+06	9.5e+06	9.4345e+06	9.457e+06	9.35875e+06	
9.263e+06	9.3795e+06	9.34625e+06	9.464e+06	9.3115e+06	
9.34175e+06	9.3815e+06	9.40175e+06	9.449e+06	9.3425e+06	
9.25725e+06	9.282e+06	9.37525e+06	9.32225e+06	9.33925e+06	
9.22025e+06	9.27e+06	9.25675e+06	9.2265e+06	9.30575e+06	
9.1875e+06	9.11925e+06	9.21e+06	9.19875e+06	9.20625e+06	
9.147e+06	9.1835e+06	9.229e+06	9.353e+06	9.215e+06	
9.258e+06	9.35625e+06	9.22525e+06	9.29e+06	9.26225e+06	
9.16775e+06	9.29e+06	9.28e+06	9.2675e+06	9.18225e+06	
9.089e+06	9.1415e+06	9.198e+06	9.20575e+06	9.2125e+06	
9.0285e+06	8.95175e+06	9.16475e+06	9.22075e+06	9.08725e+06	
8.95925e+06	8.9875e+06	9.01525e+06	8.97625e+06	8.94025e+06	
8.88125e+06	8.94425e+06	8.97325e+06	9.048e+06	8.86925e+06	
8.929e+06	9.10225e+06	9.0065e+06	9.13625e+06	9.02975e+06	
8.958e+06	8.93975e+06	9.01475e+06	9.016e+06	8.91275e+06	
8.97175e+06	9.05825e+06	9.15575e+06	9.108e+06	9.031e+06	
9.0595e+06	8.999e+06	9.101e+06	9.1925e+06	9.00075e+06	
9.0405e+06	9.0885e+06	9.026e+06	8.975e+06	9.05575e+06	
8.985e+06	9.10675e+06	9.0235e+06	8.931e+06	8.96625e+06	
9.11425e+06	9.13e+06	9.12875e+06	9.14325e+06	9.08025e+06	
9.0305e+06	9.091e+06	9.1465e+06	9.043e+06	9.0665e+06	
9.13575e+06	9.24925e+06	9.13875e+06	9.24775e+06	9.084e+06	
9.125e+06	9.11875e+06	9.1105e+06	9.236e+06	9.0935e+06	
8.999e+06	9.118e+06	9.15325e+06	9.16225e+06	9.11925e+06	
9.035e+06	9.19e+06	9.13375e+06	9.198e+06	9.052e+06	
9.09975e+06	9.09725e+06	9.1855e+06	9.20825e+06	9.14825e+06	
8.9875e+06	9.15775e+06	8.98625e+06	9.01725e+06	8.866e+06	
9.06525e+06	9.0205e+06	9.13125e+06	9.15575e+06	9.01025e+06	
8.8395e+06	8.94225e+06	9.12125e+06	9.00725e+06	8.96675e+06	
8.83125e+06	8.968e+06	9.02675e+06	9.045e+06	8.953e+06	
8.84075e+06	8.86725e+06	8.94025e+06	8.96175e+06	8.878e+06	
8.7255e+06	8.82075e+06	8.86225e+06	8.79725e+06	8.907e+06	
8.82875e+06	8.8325e+06	8.88175e+06	8.91575e+06	8.90825e+06	
8.73625e+06	8.796e+06	8.83375e+06	8.805e+06	8.74575e+06	
8.71425e+06	8.6315e+06	8.83575e+06	8.73175e+06	8.721e+06	
8.67875e+06	8.7035e+06	8.53325e+06	8.78725e+06	8.701e+06	
8.5855e+06	8.70025e+06	8.70225e+06	8.6895e+06	8.592e+06	
8.486e+06	8.47025e+06	8.636e+06	8.687e+06	8.6025e+06	
8.38075e+06	8.4935e+06	8.60575e+06	8.56225e+06	8.51e+06	
8.5345e+06	8.5315e+06	8.59075e+06	8.55475e+06	8.55725e+06	
8.41225e+06	8.542e+06	8.5605e+06	8.5345e+06	8.46275e+06	
8.41725e+06	8.529e+06	8.592e+06	8.5855e+06	8.55775e+06	
8.44825e+06	8.51375e+06	8.74375e+06	8.58425e+06	8.42625e+06	
8.33425e+06	8.505e+06	8.479e+06	8.5485e+06	8.5055e+06	
8.33425e+06	8.35875e+06	8.4275e+06	8.469e+06	8.41725e+06	
8.24025e+06	8.34175e+06	8.35425e+06	8.3455e+06	8.28175e+06	
8.26675e+06	8.30575e+06	8.32225e+06	8.362e+06	8.329e+06	
8.1635e+06	8.29575e+06	8.3305e+06	8.26675e+06	8.21075e+06	
8.23275e+06	8.25225e+06	8.2145e+06	8.384e+06	8.22525e+06	
8.25675e+06	8.17675e+06	8.2945e+06	8.25975e+06	8.23775e+06	
8.241e+06	8.2805e+06	8.22775e+06	8.17925e+06	8.128e+06	
8.07775e+06	8.16025e+06	8.176e+06	8.19625e+06	8.089e+06	
8.09525e+06	8.169e+06	8.26225e+06	8.229e+06	8.263e+06	
8.1565e+06	8.09225e+06	8.217e+06	8.18925e+06	8.15775e+06	
8.0045e+06	8.0165e+06	8.079e+06	8.1565e+06	8.09725e+06	
8.10425e+06	8.038e+06	8.13125e+06	8.096e+06	8.094e+06	
7.9075e+06	8.09025e+06	8.0285e+06	8.07525e+06	8.00775e+06	
7.9555e+06	8.1325e+06	8.004e+06	8.0525e+06	7.9485e+06	
7.97625e+06	8.1055e+06	8.04675e+06	8.0405e+06	8.05e+06	
8.036e+06	8.045e+06	8.07575e+06	8.174e+06	8.0575e+06	
7.98125e+06	8.05825e+06	8.086e+06	8.1325e+06	7.961e+06	
7.84025e+06	7.85325e+06	7.89925e+06	7.99575e+06	7.95975e+06	
7.91575e+06	8.00575e+06	8.02225e+06	8.00325e+06	8.00075e+06	
7.9605e+06	7.8685e+06	7.98325e+06	8.04925e+06	7.91375e+06	
7.99775e+06	7.94925e+06	7.96625e+06	8.033e+06	7.85325e+06	
7.982e+06	7.92325e+06	8.0595e+06	8.00325e+06	7.97425e+06	
7.89375e+06	7.9705e+06	7.97875e+06	8.0215e+06	7.9925e+06	
7.80675e+06	7.96875e+06	7.9505e+06	7.95475e+06	7.8565e+06	
7.79725e+06	7.9215e+06	7.869e+06	7.8835e+06	7.84575e+06	
7.7545e+06	7.7575e+06	7.9755e+06	7.806e+06	7.7955e+06	
7.7475e+06	7.91775e+06	7.92025e+06	7.8955e+06	7.86475e+06	
7.85325e+06	7.86775e+06	7.866e+06	7.8495e+06	7.87425e+06	
7.762e+06	7.856e+06	7.8375e+06	7.83625e+06	7.7545e+06	
7.8395e+06	7.73875e+06	7.806e+06	7.87725e+06	7.89375e+06	
7.83575e+06	7.90125e+06	7.864e+06	7.7935e+06	7.84575e+06	
7.7715e+06	7.75825e+06	7.815e+06	7.84325e+06	7.72925e+06	
7.692e+06	7.77025e+06	7.87475e+06	7.786e+06	7.791e+06	
7.7185e+06	7.798e+06	7.89625e+06	7.8465e+06	7.7955e+06	
7.714e+06	7.7495e+06	7.714e+06	7.71525e+06	7.7815e+06	
7.57475e+06	7.70725e+06	7.6775e+06	7.728e+06	7.571e+06	
7.57425e+06	7.56425e+06	7.62025e+06	7.5685e+06	7.605e+06	
7.52075e+06	7.6215e+06	7.62325e+06	7.51625e+06	7.52875e+06	
7.423e+06	7.50425e+06	7.5395e+06	7.6335e+06	7.445e+06	
7.3695e+06	7.3895e+06	7.48925e+06	7.60075e+06	7.52125e+06	
7.39025e+06	7.416e+06	7.491e+06	7.568e+06	7.401e+06	
7.27925e+06	7.45575e+06	7.31825e+06	7.51825e+06	7.47475e+06	
7.227e+06	7.40725e+06	7.38575e+06	7.42675e+06	7.3145e+06	
7.41675e+06	7.38525e+06	7.4695e+06	7.41475e+06	7.38575e+06	
7.29e+06	7.2825e+06	7.39025e+06	7.35675e+06	7.27925e+06	
7.42925e+06	7.42675e+06	7.40025e+06	7.47025e+06	7.38775e+06	
7.36625e+06	7.3335e+06	7.44625e+06	7.4665e+06	7.3115e+06	
7.2175e+06	7.32025e+06	7.375e+06	7.4135e+06	7.2945e+06	
7.285e+06	7.34725e+06	7.382e+06	7.37825e+06	7.321e+06	
7.29325e+06	7.2805e+06	7.307e+06	7.32025e+06	7.22625e+06	
7.17025e+06	7.17275e+06	7.2465e+06	7.29625e+06	7.23275e+06	
7.1715e+06	7.34675e+06	7.23525e+06	7.244e+06	7.14625e+06	
7.14e+06	7.12675e+06	7.1885e+06	7.24275e+06	7.123e+06	
6.96925e+06	7.16075e+06	7.125e+06	7.15325e+06	7.11975e+06	
7.00275e+06	7.12875e+06	7.094e+06	7.104e+06	7.1255e+06	
7.02525e+06	7.04175e+06	7.08275e+06	7.019e+06	7.0065e+06	
6.934e+06	6.96225e+06	6.98375e+06	7.012e+06	6.96425e+06	
6.7985e+06	6.97125e+06	6.9655e+06	6.98875e+06	6.84575e+06	
6.9e+06	6.8635e+06	7.01025e+06	6.97425e+06	6.8515e+06	
6.842e+06	6.7865e+06	6.78475e+06	6.86525e+06	6.905e+06	
6.69075e+06	6.82125e+06	6.87225e+06	6.864e+06	6.7695e+06	
6.7575e+06	6.8105e+06	6.84525e+06	6.80425e+06	6.80175e+06	
6.687e+06	6.7835e+06	6.69e+06	6.7505e+06	6.7285e+06	
6.588e+06	6.658e+06	6.67425e+06	6.6755e+06	6.648e+06	
6.5995e+06	6.68125e+06	6.6585e+06	6.636e+06	6.573e+06	
6.58425e+06	6.5975e+06	6.64725e+06	6.658e+06	6.61325e+06	
6.64275e+06	6.673e+06	6.71025e+06	6.68875e+06	6.665e+06	
6.60625e+06	6.663e+06	6.68075e+06	6.74375e+06	6.6485e+06	
6.74175e+06	6.71525e+06	6.71725e+06	6.70775e+06	6.75325e+06	
6.6415e+06	6.62825e+06	6.67375e+06	6.733e+06	6.656e+06	
6.65925e+06	6.675e+06	6.65675e+06	6.69275e+06	6.63975e+06	
6.5375e+06	6.61575e+06	6.711e+06	6.66125e+06	6.53825e+06	
6.63775e+06	6.63975e+06	6.67375e+06	6.7405e+06	6.65225e+06	
6.62075e+06	6.64675e+06	6.726e+06	6.67825e+06	6.70975e+06	
6.68825e+06	6.62075e+06	6.7065e+06	6.692e+06	6.61075e+06	
6.61375e+06	6.5785e+06	6.67175e+06	6.702e+06	6.56225e+06	
6.5755e+06	6.58675e+06	6.60075e+06	6.57175e+06	6.464e+06	
6.564e+06	6.547e+06	6.60075e+06	6.6125e+06	6.53825e+06	
6.4545e+06	6.5245e+06	6.5325e+06	6.62575e+06	6.5685e+06	
6.37375e+06	6.46825e+06	6.55025e+06	6.51175e+06	6.452e+06	
6.40975e+06	6.41225e+06	6.43375e+06	6.48275e+06	6.438e+06	
6.20625e+06	6.324e+06	6.31075e+06	6.42475e+06	6.26675e+06	
6.0315e+06	6.14325e+06	6.142e+06	6.10525e+06	6.092e+06	
5.84575e+06	5.81175e+06	5.84075e+06	5.881e+06	5.86775e+06	
5.66925e+06	5.67125e+06	5.6895e+06	5.67675e+06	5.6125e+06	
5.7305e+06	5.66625e+06	5.76e+06	5.7595e+06	5.68e+06	
5.71275e+06	5.7595e+06	5.7815e+06	5.84375e+06	5.806e+06	
5.82375e+06	5.888e+06	5.93775e+06	5.97625e+06	5.88425e+06	
6.08575e+06	5.99325e+06	5.95725e+06	6.00275e+06	6.0115e+06	
6.07325e+06	6.08825e+06	6.20425e+06	6.2295e+06	6.1065e+06	
6.21125e+06	6.18025e+06	6.2345e+06	6.18275e+06	6.191e+06	
6.186e+06	6.184e+06	6.191e+06	6.36e+06	6.1885e+06	
6.268e+06	6.2055e+06	6.259e+06	6.261e+06	6.28425e+06	
6.29825e+06	6.28675e+06	6.28175e+06	6.32725e+06	6.19175e+06	
6.22125e+06	6.27175e+06	6.41925e+06	6.31575e+06	6.28175e+06	
6.251e+06	6.26725e+06	6.2995e+06	6.329e+06	6.20925e+06	
6.305e+06	6.35875e+06	6.33775e+06	6.35925e+06	6.33925e+06	
6.27675e+06	6.305e+06	6.35175e+06	6.32525e+06	6.266e+06	
6.26025e+06	6.3505e+06	6.37575e+06	6.34675e+06	6.38e+06	
6.30625e+06	6.3405e+06	6.346e+06	6.36e+06	6.3165e+06	
6.30125e+06	6.32725e+06	6.34175e+06	6.41475e+06	6.27175e+06	
6.2805e+06	6.24025e+06	6.3285e+06	6.3895e+06	6.26725e+06	
6.242e+06	6.32725e+06	6.3505e+06	6.39775e+06	6.348e+06	
6.2365e+06	6.29175e+06	6.3915e+06	6.34425e+06	6.3075e+06	
6.18275e+06	6.268e+06	6.18225e+06	6.2485e+06	6.24325e+06	
6.21425e+06	6.2155e+06	6.23075e+06	6.3455e+06	6.26975e+06	
6.13675e+06	6.23e+06	6.201e+06	6.247e+06	6.1205e+06	
6.0625e+06	6.13125e+06	6.2615e+06	6.21425e+06	6.20875e+06	
6.1905e+06	6.1525e+06	6.186e+06	6.2105e+06	6.20875e+06	
6.2055e+06	6.162e+06	6.2995e+06	6.2875e+06	6.14375e+06	
6.2125e+06	6.24075e+06	6.17525e+06	6.2515e+06	6.16325e+06	
6.268e+06	6.22875e+06	6.26475e+06	6.24525e+06	6.25475e+06	
6.22825e+06	6.19725e+06	6.26225e+06	6.2125e+06	6.22075e+06	
6.03675e+06	6.121e+06	6.1905e+06	6.251e+06	6.08825e+06	
6.06575e+06	6.21875e+06	6.15775e+06	6.28175e+06	6.1785e+06	
6.10025e+06	6.15375e+06	6.1525e+06	6.1715e+06	6.1325e+06	
6.0965e+06	6.05175e+06	6.1835e+06	6.14575e+06	6.1595e+06	
6.12225e+06	6.10525e+06	6.11425e+06	6.11425e+06	6.087e+06	
6.033e+06	6.0625e+06	6.1525e+06	6.13625e+06	6.09275e+06	
6.1445e+06	6.135e+06	6.18275e+06	6.111e+06	6.169e+06	
6.03675e+06	6.11175e+06	6.11225e+06	6.0815e+06	6.13e+06	
6.06e+06	6.07325e+06	6.1765e+06	6.096e+06	6.00575e+06	
6.12625e+06	6.11725e+06	6.05875e+06	6.16075e+06	6.12625e+06	
6.0285e+06	6.111e+06	6.13875e+06	6.12925e+06	6.17775e+06	
6.10025e+06	6.05675e+06	6.0505e+06	6.11675e+06	6.08025e+06	
6.02025e+06	6.036e+06	6.082e+06	6.0185e+06	6.0115e+06	
6.009e+06	6.00575e+06	6.041e+06	6.031e+06	5.9895e+06	
5.915e+06	5.94975e+06	6.01975e+06	6.05425e+06	6.00075e+06	
5.9365e+06	6.03725e+06	6.03225e+06	6.04475e+06	6.014e+06	
5.90425e+06	5.88925e+06	5.997e+06	5.9945e+06	5.96975e+06	
5.90625e+06	5.915e+06	6e+06	6.0045e+06	5.91575e+06	
5.86525e+06	5.92e+06	5.842e+06	5.89475e+06	5.903e+06	
5.80275e+06	5.8785e+06	5.88175e+06	5.85775e+06	5.8445e+06	
5.8805e+06	5.927e+06	5.99625e+06	5.961e+06	5.80725e+06	
5.88725e+06	5.905e+06	5.946e+06	5.975e+06	5.934e+06	
5.85025e+06	5.9365e+06	5.93025e+06	5.96225e+06	5.903e+06	
5.88925e+06	5.8495e+06	5.934e+06	5.8935e+06	5.98375e+06	
5.7985e+06	5.89425e+06	5.944e+06	5.96725e+06	5.86725e+06	
5.7795e+06	5.8885e+06	5.9145e+06	5.869e+06	5.8565e+06	
5.71225e+06	5.847e+06	5.93325e+06	5.891e+06	5.78075e+06	
5.762e+06	5.8425e+06	5.905e+06	5.82675e+06	5.748e+06	
5.83175e+06	5.81425e+06	5.84875e+06	5.8325e+06	5.82125e+06	
5.80675e+06	5.83575e+06	5.9005e+06	5.842e+06	5.8345e+06	
5.79475e+06	5.7795e+06	5.8055e+06	5.77125e+06	5.71975e+06	
5.7505e+06	5.857e+06	5.74925e+06	5.83e+06	5.86475e+06	
5.79225e+06	5.748e+06	5.84575e+06	5.7865e+06	5.731e+06	
5.76125e+06	5.6895e+06	5.75875e+06	5.796e+06	5.77e+06	
5.7965e+06	5.80725e+06	5.724e+06	5.76e+06	5.73225e+06	
5.75425e+06	5.77075e+06	5.76325e+06	5.75875e+06	5.77075e+06	
5.7425e+06	5.7625e+06	5.72925e+06	5.79725e+06	5.6845e+06	
5.72925e+06	5.6845e+06	5.69775e+06	5.77775e+06	5.70325e+06	
5.6415e+06	5.6195e+06	5.77e+06	5.7425e+06	5.661e+06	
5.65675e+06	5.7505e+06	5.767e+06	5.748e+06	5.74425e+06	
5.564e+06	5.65925e+06	5.697e+06	5.65675e+06	5.6505e+06	
5.6435e+06	5.61825e+06	5.68875e+06	5.733e+06	5.65225e+06	
5.65725e+06	5.64725e+06	5.697e+06	5.728e+06	5.64775e+06	
5.5125e+06	5.58725e+06	5.62325e+06	5.612e+06	5.5715e+06	
5.632e+06	5.7135e+06	5.6095e+06	5.61375e+06	5.646e+06	
5.61125e+06	5.6875e+06	5.59675e+06	5.617e+06	5.5445e+06	
5.52875e+06	5.5715e+06	5.6145e+06	5.64525e+06	5.581e+06	
5.52675e+06	5.56975e+06	5.59675e+06	5.59e+06	5.5585e+06	
5.55025e+06	5.63025e+06	5.607e+06	5.673e+06	5.52825e+06	
5.49525e+06	5.508e+06	5.445e+06	5.5035e+06	5.5515e+06	
5.56025e+06	5.47775e+06	5.557e+06	5.53825e+06	5.489e+06	
5.47775e+06	5.47025e+06	5.52675e+06	5.49525e+06	5.46075e+06	
5.358e+06	5.4335e+06	5.4375e+06	5.348e+06	5.477e+06	
5.41775e+06	5.39825e+06	5.47775e+06	5.44875e+06	5.45825e+06	
5.3585e+06	5.37625e+06	5.39275e+06	5.38825e+06	5.34025e+06	
5.278e+06	5.35475e+06	5.41475e+06	5.40275e+06	5.348e+06	
5.33975e+06	5.404e+06	5.46125e+06	5.37e+06	5.382e+06	
5.26475e+06	5.3025e+06	5.29825e+06	5.38325e+06	5.35225e+06	
5.261e+06	5.3075e+06	5.25525e+06	5.2635e+06	5.295e+06	
5.14425e+06	5.27425e+06	5.25075e+06	5.242e+06	5.193e+06	
5.06e+06	5.07825e+06	5.05625e+06	5.12475e+06	5.077e+06	
4.72275e+06	4.7285e+06	4.70775e+06	4.792e+06	4.639e+06	
4.45175e+06	4.47575e+06	4.552e+06	4.47325e+06	4.428e+06	
4.286e+06	4.31575e+06	4.339e+06	4.31e+06	4.25775e+06	
4.34025e+06	4.37e+06	4.29125e+06	4.3295e+06	4.28475e+06	
4.33075e+06	4.30825e+06	4.41225e+06	4.426e+06	4.334e+06	
4.37125e+06	4.3505e+06	4.4115e+06	4.44875e+06	4.32075e+06	
4.4385e+06	4.433e+06	4.46625e+06	4.3775e+06	4.34225e+06	
4.419e+06	4.35925e+06	4.43675e+06	4.41975e+06	4.4285e+06	
4.41725e+06	4.41275e+06	4.433e+06	4.4795e+06	4.3945e+06	
4.344e+06	4.43225e+06	4.46075e+06	4.503e+06	4.43925e+06	
4.4765e+06	4.4385e+06	4.50425e+06	4.45e+06	4.426e+06	
4.4965e+06	4.49725e+06	4.503e+06	4.4745e+06	4.50975e+06	
4.48775e+06	4.50225e+06	4.53575e+06	4.472e+06	4.4185e+06	
4.5955e+06	4.545e+06	4.54125e+06	4.59875e+06	4.588e+06	
4.56275e+06	4.55275e+06	4.55775e+06	4.6485e+06	4.528e+06	
4.586e+06	4.702e+06	4.586e+06	4.62325e+06	4.66925e+06	
4.58475e+06	4.60875e+06	4.65475e+06	4.67425e+06	4.547e+06	
4.6725e+06	4.64525e+06	4.68125e+06	4.5785e+06	4.58975e+06	
4.56975e+06	4.64275e+06	4.62825e+06	4.637e+06	4.6265e+06	
4.5635e+06	4.591e+06	4.6315e+06	4.6655e+06	4.617e+06	
4.61325e+06	4.61325e+06	4.56275e+06	4.5835e+06	4.53375e+06	
4.508e+06	4.4935e+06	4.60425e+06	4.57525e+06	4.51925e+06	
4.49475e+06	4.52175e+06	4.5495e+06	4.57925e+06	4.508e+06	
4.513e+06	4.566e+06	4.5105e+06	4.52125e+06	4.51475e+06	
4.47325e+06	4.51475e+06	4.525e+06	4.48525e+06	4.46825e+06	
4.46125e+06	4.489e+06	4.5055e+06	4.457e+06	4.51475e+06	
4.40025e+06	4.44425e+06	4.50725e+06	4.52925e+06	4.445e+06	
4.4965e+06	4.47e+06	4.50175e+06	4.5615e+06	4.52875e+06	
4.48575e+06	4.4885e+06	4.5175e+06	4.516e+06	4.494e+06	
4.47325e+06	4.51175e+06	4.5395e+06	4.54e+06	4.462e+06	
4.5545e+06	4.5495e+06	4.5905e+06	4.60875e+06	4.4235e+06	
4.53e+06	4.5885e+06	4.6025e+06	4.53575e+06	4.55775e+06	
4.503e+06	4.61325e+06	4.60625e+06	4.59175e+06	4.53875e+06	
4.43925e+06	4.50225e+06	4.47275e+06	4.53875e+06	4.45125e+06	
4.48075e+06	4.479e+06	4.53575e+06	4.52175e+06	4.53325e+06	
4.43975e+06	4.465e+06	4.45625e+06	4.48075e+06	4.42225e+06	
4.42725e+06	4.428e+06	4.40075e+06	4.4555e+06	4.40825e+06	
4.33975e+06	4.38575e+06	4.41275e+06	4.34975e+06	4.356e+06	
4.36425e+06	4.33025e+06	4.41775e+06	4.3775e+06	4.266e+06	
4.341e+06	4.329e+06	4.3675e+06	4.358e+06	4.293e+06	
4.26275e+06	4.26775e+06	4.34275e+06	4.3585e+06	4.29675e+06	
4.2275e+06	4.21875e+06	4.2785e+06	4.24525e+06	4.32275e+06	
4.1595e+06	4.218e+06	4.191e+06	4.249e+06	4.174e+06	
4.19225e+06	4.1765e+06	4.2325e+06	4.19475e+06	4.162e+06	
4.20425e+06	4.19475e+06	4.18975e+06	4.20175e+06	4.18275e+06	
4.126e+06	4.15375e+06	4.1235e+06	4.18775e+06	4.12675e+06	
4.087e+06	4.18725e+06	4.14925e+06	4.1865e+06	4.07325e+06	
4.097e+06	4.0725e+06	4.14675e+06	4.07375e+06	4.10075e+06	
4.0745e+06	4.169e+06	4.1765e+06	4.21425e+06	4.14875e+06	
4.15625e+06	4.1765e+06	4.1425e+06	4.19275e+06	4.1885e+06	
4.08575e+06	4.053e+06	4.1865e+06	4.162e+06	4.06925e+06	
4.10525e+06	4.17775e+06	4.12975e+06	4.18775e+06	4.106e+06	
4.181e+06	4.1745e+06	4.1625e+06	4.1575e+06	4.0655e+06	
4.1015e+06	4.15e+06	4.1575e+06	4.16775e+06	4.16525e+06	
4.087e+06	4.17275e+06	4.1645e+06	4.14675e+06	4.13425e+06	
4.12475e+06	4.12225e+06	4.1335e+06	4.18025e+06	4.123e+06	
4.0535e+06	4.1015e+06	4.099e+06	4.12425e+06	4.058e+06	
4.03475e+06	4.08575e+06	4.06125e+06	4.08e+06	4.0845e+06	
4.058e+06	4.1115e+06	4.094e+06	4.10275e+06	4.10775e+06	
4.0725e+06	4.04225e+06	4.0845e+06	4.09825e+06	4.13875e+06	
4.10525e+06	4.089e+06	4.1085e+06	4.09525e+06	4.04725e+06	
4.02525e+06	4.097e+06	4.1235e+06	4.03775e+06	4.01125e+06	
4.056e+06	4.00375e+06	4.03775e+06	4.07875e+06	4.0485e+06	
3.96225e+06	3.99e+06	4.0315e+06	4.08125e+06	4.07875e+06	
3.96925e+06	4.0145e+06	4.10025e+06	4.02025e+06	3.98875e+06	
3.99425e+06	3.976e+06	4.06675e+06	4.04975e+06	4.00825e+06	
3.956e+06	3.9125e+06	4.0025e+06	3.951e+06	3.99825e+06	
3.99125e+06	4.01825e+06	3.932e+06	4.00375e+06	3.98125e+06	
3.947e+06	3.9585e+06	3.997e+06	3.94325e+06	3.98375e+06	
3.88225e+06	3.94025e+06	3.91375e+06	3.99375e+06	3.87475e+06	
3.95525e+06	3.964e+06	3.939e+06	3.96275e+06	3.893e+06	
3.88975e+06	3.9055e+06	3.927e+06	3.89475e+06	3.8865e+06	
3.89725e+06	3.95475e+06	3.966e+06	3.93375e+06	3.915e+06	
3.9005e+06	3.9805e+06	3.9075e+06	3.9705e+06	3.891e+06	
3.874e+06	3.913e+06	3.92375e+06	3.8885e+06	3.932e+06	
3.82725e+06	3.9175e+06	3.84175e+06	3.874e+06	3.86825e+06	
3.87775e+06	3.90625e+06	3.811e+06	3.879e+06	3.81725e+06	
3.8375e+06	3.85375e+06	3.847e+06	3.823e+06	3.85125e+06	
3.7675e+06	3.78325e+06	3.78325e+06	3.7985e+06	3.799e+06	
3.81975e+06	3.77875e+06	3.818e+06	3.8065e+06	3.758e+06	
3.721e+06	3.811e+06	3.7795e+06	3.787e+06	3.76e+06	
3.741e+06	3.7435e+06	3.77575e+06	3.797e+06	3.7525e+06	
3.7195e+06	3.80975e+06	3.767e+06	3.775e+06	3.80475e+06	
3.7145e+06	3.7505e+06	3.76425e+06	3.77325e+06	3.70375e+06	
3.65775e+06	3.714e+06	3.731e+06	3.7165e+06	3.7115e+06	
3.71775e+06	3.661e+06	3.76125e+06	3.69325e+06	3.70575e+06	
3.7405e+06	3.6685e+06	3.72525e+06	3.6415e+06	3.6995e+06	
3.57225e+06	3.62125e+06	3.64775e+06	3.63775e+06	3.6315e+06	
3.58225e+06	3.62325e+06	3.5395e+06	3.574e+06	3.5355e+06	
3.49225e+06	3.56975e+06	3.53625e+06	3.5015e+06	3.5105e+06	
3.3145e+06	3.344e+06	3.38625e+06	3.38375e+06	3.3975e+06	
3.30425e+06	3.281e+06	3.3195e+06	3.23825e+06	3.291e+06	
3.1885e+06	3.1915e+06	3.191e+06	3.191e+06	3.17025e+06	
3.08375e+06	3.0895e+06	3.0925e+06	3.148e+06	3.15875e+06	
3.06175e+06	3.0485e+06	3.06625e+06	3.08125e+06	3.029e+06	
2.92625e+06	2.995e+06	2.942e+06	2.99875e+06	2.96525e+06	
2.83925e+06	2.8955e+06	2.8835e+06	2.92425e+06	2.8575e+06	
2.74975e+06	2.83425e+06	2.891e+06	2.84825e+06	2.821e+06	
2.8475e+06	2.83625e+06	2.84675e+06	2.8065e+06	2.8015e+06	
2.78825e+06	2.80075e+06	2.768e+06	2.772e+06	2.7795e+06	
2.78375e+06	2.804e+06	2.7965e+06	2.835e+06	2.78075e+06	
2.76175e+06	2.78075e+06	2.85075e+06	2.82675e+06	2.811e+06	
2.8455e+06	2.908e+06	2.8405e+06	2.867e+06	2.823e+06	
2.96225e+06	2.94775e+06	3.00375e+06	2.92175e+06	2.9925e+06	
2.988e+06	3.012e+06	3.07375e+06	3.07825e+06	2.97975e+06	
3.09575e+06	3.102e+06	3.097e+06	3.08825e+06	3.08625e+06	
3.1675e+06	3.1355e+06	3.1745e+06	3.218e+06	3.14425e+06	
3.1355e+06	3.2155e+06	3.254e+06	3.22675e+06	3.15575e+06	
3.1255e+06	3.15875e+06	3.14375e+06	3.206e+06	3.14675e+06	
3.14e+06	3.14175e+06	3.203e+06	3.1255e+06	3.13925e+06	
3.0485e+06	3.05175e+06	3.0415e+06	3.08875e+06	3.09075e+06	
3.0025e+06	2.97925e+06	2.9585e+06	3.01e+06	2.94325e+06	
2.89975e+06	2.99125e+06	2.9415e+06	2.964e+06	2.92375e+06	
2.978e+06	2.94275e+06	2.96025e+06	2.9415e+06	2.86525e+06	
2.884e+06	2.86e+06	2.94325e+06	2.915e+06	2.855e+06	
2.85125e+06	2.835e+06	2.89425e+06	2.9395e+06	2.872e+06	
2.84825e+06	2.867e+06	2.8765e+06	2.925e+06	2.8625e+06	
2.82975e+06	2.93575e+06	2.8745e+06	2.85075e+06	2.867e+06	
2.88275e+06	2.956e+06	2.87775e+06	2.90725e+06	2.8815e+06	
2.86825e+06	2.898e+06	2.8865e+06	2.90675e+06	2.84625e+06	
2.86325e+06	2.86775e+06	2.87825e+06	2.89975e+06	2.87025e+06	
2.8835e+06	2.874e+06	2.89975e+06	2.90675e+06	2.88275e+06	
2.8715e+06	2.9005e+06	2.889e+06	2.85075e+06	2.88025e+06	
2.7995e+06	2.82725e+06	2.811e+06	2.87525e+06	2.8255e+06	
2.814e+06	2.85375e+06	2.84175e+06	2.8015e+06	2.85075e+06	
2.818e+06	2.81975e+06	2.92e+06	2.884e+06	2.80725e+06	
2.8065e+06	2.872e+06	2.90175e+06	2.84825e+06	2.8425e+06	
2.83425e+06	2.87525e+06	2.85575e+06	2.86325e+06	2.84375e+06	
2.79825e+06	2.83375e+06	2.8495e+06	2.85625e+06	2.79775e+06	
2.84375e+06	2.9085e+06	2.826e+06	2.82225e+06	2.83175e+06	
2.82675e+06	2.869e+06	2.8285e+06	2.8595e+06	2.87275e+06	
2.86775e+06	2.826e+06	2.8695e+06	2.891e+06	2.82225e+06	
2.84125e+06	2.86775e+06	2.81525e+06	2.8405e+06	2.862e+06	
2.8165e+06	2.8695e+06	2.826e+06	2.8495e+06	2.84675e+06	
2.7965e+06	2.8745e+06	2.85075e+06	2.87775e+06	2.816e+06	
2.797e+06	2.857e+06	2.8745e+06	2.89675e+06	2.85375e+06	
2.87525e+06	2.91625e+06	2.88525e+06	2.8835e+06	2.85e+06	
2.9085e+06	2.903e+06	2.935e+06	2.89225e+06	2.8915e+06	
2.937e+06	2.92575e+06	2.964e+06	2.95975e+06	2.95325e+06	
2.9395e+06	3.0165e+06	2.973e+06	3.0125e+06	2.9805e+06	
2.97475e+06	2.971e+06	3.048e+06	3.04475e+06	2.93875e+06	
3.0315e+06	2.97025e+06	3.034e+06	3.05475e+06	3.08825e+06	
3.0045e+06	3.06925e+06	3.08075e+06	3.1085e+06	3.0485e+06	
3.0295e+06	3.0075e+06	3.0435e+06	3.08e+06	3.0655e+06	
3.0335e+06	3.06425e+06	3.087e+06	3.061e+06	3.03275e+06	
3.04975e+06	3.044e+06	3.06375e+06	3.02825e+06	3.0725e+06	
3.0505e+06	3.0265e+06	3.06925e+06	3.05225e+06	3.0095e+06	
3.0585e+06	3.00375e+06	3.03975e+06	3.06625e+06	3.0365e+06	
3.02325e+06	3.00575e+06	3.044e+06	2.98925e+06	3.027e+06	
3.019e+06	3e+06	3.01e+06	3.01e+06	3.03075e+06	
2.95775e+06	3.0025e+06	2.9585e+06	2.9735e+06	2.98175e+06	
2.97425e+06	3.04525e+06	3.00375e+06	2.9515e+06	2.988e+06	
3.01125e+06	2.9875e+06	2.983e+06	3.0705e+06	2.98225e+06	
2.995e+06	3.024e+06	2.966e+06	3.07125e+06	2.969e+06	
3.0365e+06	3.0295e+06	3.0335e+06	3.012e+06	2.966e+06	
2.9735e+06	3.027e+06	3.00875e+06	3.05425e+06	2.9805e+06	
2.95525e+06	2.969e+06	2.9445e+06	2.98425e+06	2.95975e+06	
2.96725e+06	2.998e+06	2.9875e+06	2.9805e+06	2.93875e+06	
2.9805e+06	2.96475e+06	3.015e+06	2.99e+06	2.9855e+06	
2.995e+06	2.9325e+06	2.97225e+06	3.01325e+06	2.98875e+06	
2.97225e+06	2.935e+06	3.04025e+06	3.0415e+06	2.9495e+06	
2.9545e+06	2.969e+06	2.9225e+06	2.983e+06	3.01325e+06	
2.9805e+06	3.034e+06	2.97175e+06	2.927e+06	2.97025e+06	
2.90925e+06	2.95775e+06	2.9415e+06	2.96525e+06	2.96225e+06	
2.96775e+06	2.9205e+06	2.98175e+06	2.98875e+06	2.961e+06	
2.9375e+06	2.9545e+06	2.9035e+06	2.94075e+06	2.95275e+06	
2.96775e+06	2.95275e+06	2.93075e+06	2.99e+06	2.9205e+06	
2.93575e+06	2.956e+06	2.9615e+06	2.9615e+06	2.97475e+06	
2.88975e+06	2.91675e+06	2.9955e+06	2.9785e+06	2.96775e+06	
2.8955e+06	2.94325e+06	2.93875e+06	2.92825e+06	2.937e+06	
2.937e+06	2.93e+06	2.96525e+06	2.99e+06	2.9785e+06	
2.97975e+06	3.0025e+06	3e+06	3.01825e+06	2.96975e+06	
2.966e+06	2.952e+06	3.0295e+06	2.993e+06	2.93875e+06	
2.9345e+06	3.027e+06	2.956e+06	2.98875e+06	2.9875e+06	
2.94825e+06	2.9635e+06	2.98925e+06	2.92575e+06	2.969e+06	
2.8985e+06	2.952e+06	2.95325e+06	2.96775e+06	2.93575e+06	
2.93125e+06	2.93e+06	2.95775e+06	2.93075e+06	2.88725e+06	
2.8475e+06	2.95775e+06	2.94775e+06	2.98225e+06	2.8885e+06	
2.949e+06	2.92375e+06	2.97475e+06	2.95725e+06	2.94525e+06	
2.89925e+06	2.937e+06	2.8985e+06	2.937e+06	2.944e+06	
2.89975e+06	2.9325e+06	2.9295e+06	2.91925e+06	2.8955e+06	
2.881e+06	2.91425e+06	2.923e+06	2.91175e+06	2.9395e+06	
2.913e+06	2.903e+06	2.86e+06	2.9755e+06	2.91e+06	
2.92125e+06	2.94525e+06	2.93875e+06	2.92125e+06	2.94825e+06	
2.91375e+06	2.94025e+06	2.95025e+06	2.93125e+06	2.925e+06	
2.9155e+06	2.87525e+06	2.96775e+06	2.90725e+06	2.87025e+06	
2.8405e+06	2.8935e+06	2.91675e+06	2.915e+06	2.88725e+06	
2.88025e+06	2.937e+06	2.9585e+06	2.89675e+06	2.92825e+06	
2.886e+06	2.86775e+06	2.86825e+06	2.901e+06	2.8765e+06	
2.83425e+06	2.792e+06	2.89275e+06	2.8935e+06	2.8915e+06	
2.81975e+06	2.80475e+06	2.826e+06	2.8575e+06	2.81475e+06	
2.82425e+06	2.8165e+06	2.838e+06	2.86125e+06	2.79325e+06	
2.806e+06	2.83175e+06	2.85125e+06	2.8595e+06	2.8135e+06	
2.79775e+06	2.84e+06	2.8935e+06	2.867e+06	2.8305e+06	
2.80975e+06	2.83625e+06	2.82975e+06	2.852e+06	2.78125e+06	
2.7845e+06	2.763e+06	2.8015e+06	2.821e+06	2.816e+06	
2.8035e+06	2.84875e+06	2.8595e+06	2.814e+06	2.76625e+06	
2.823e+06	2.76675e+06	2.79275e+06	2.7795e+06	2.7675e+06	
2.8065e+06	2.79825e+06	2.82925e+06	2.80475e+06	2.823e+06	
2.787e+06	2.78375e+06	2.8035e+06	2.77825e+06	2.772e+06	
2.75925e+06	2.82925e+06	2.78825e+06	2.775e+06	2.8015e+06	
2.76125e+06	2.7775e+06	2.826e+06	2.77575e+06	2.743e+06	
2.77625e+06	2.787e+06	2.8205e+06	2.80975e+06	2.78775e+06	
2.76925e+06	2.76375e+06	2.79575e+06	2.82475e+06	2.8205e+06	
2.73025e+06	2.78075e+06	2.785e+06	2.72725e+06	2.7555e+06	
2.72275e+06	2.76925e+06	2.75875e+06	2.8015e+06	2.782e+06	
2.75925e+06	2.7095e+06	2.794e+06	2.76375e+06	2.73475e+06	
2.787e+06	2.76175e+06	2.736e+06	2.76175e+06	2.736e+06	
2.7365e+06	2.79575e+06	2.7385e+06	2.7605e+06	2.77875e+06	
2.697e+06	2.7775e+06	2.736e+06	2.7435e+06	2.70825e+06	
2.73225e+06	2.7115e+06	2.748e+06	2.7075e+06	2.72275e+06	
2.6925e+06	2.712e+06	2.73525e+06	2.705e+06	2.6415e+06	
2.782e+06	2.69e+06	2.69e+06	2.71025e+06	2.7215e+06	
2.71025e+06	2.71325e+06	2.69625e+06	2.6755e+06	2.7115e+06	
2.69425e+06	2.64025e+06	2.69e+06	2.6975e+06	2.651e+06	
2.66925e+06	2.6635e+06	2.7285e+06	2.6855e+06	2.6415e+06	
2.668e+06	2.66925e+06	2.659e+06	2.66675e+06	2.67425e+06	
2.6875e+06	2.62875e+06	2.6565e+06	2.6465e+06	2.618e+06	
2.567e+06	2.59675e+06	2.59675e+06	2.598e+06	2.5815e+06	
2.49775e+06	2.53375e+06	2.50025e+06	2.5065e+06	2.48575e+06	
2.26725e+06	2.32325e+06	2.32325e+06	2.29175e+06	2.27725e+06	
2.022e+06	2.00375e+06	2.0265e+06	1.99875e+06	2.02525e+06	
1.68625e+06	1.7e+06	1.72275e+06	1.7265e+06	1.7195e+06	
1.45875e+06	1.43775e+06	1.45925e+06	1.4575e+06	1.47575e+06	
1.30675e+06	1.29175e+06	1.2815e+06	1.31625e+06	1.28025e+06	
1.22425e+06	1.23425e+06	1.21675e+06	1.225e+06	1.2105e+06	
1.2525e+06	1.25375e+06	1.25375e+06	1.25375e+06	1.23425e+06	
1.3535e+06	1.36025e+06	1.349e+06	1.3445e+06	1.366e+06	
1.47125e+06	1.475e+06	1.439e+06	1.4505e+06	1.47375e+06	
1.518e+06	1.465e+06	1.49775e+06	1.51975e+06	1.487e+06	
1.49525e+06	1.50275e+06	1.47125e+06	1.51475e+06	1.48825e+06	
1.497e+06	1.5015e+06	1.4865e+06	1.5115e+06	1.475e+06	
1.4795e+06	1.5015e+06	1.50225e+06	1.47e+06	1.4845e+06	
1.47e+06	1.48575e+06	1.51225e+06	1.48375e+06	1.4775e+06	
1.497e+06	1.49825e+06	1.492e+06	1.4995e+06	1.49575e+06	
1.574e+06	1.569e+06	1.55075e+06	1.535e+06	1.54825e+06	
1.589e+06	1.60875e+06	1.58725e+06	1.6175e+06	1.57275e+06	
1.661e+06	1.6565e+06	1.681e+06	1.64825e+06	1.6635e+06	
1.71375e+06	1.7095e+06	1.74925e+06	1.73725e+06	1.71125e+06	
1.753e+06	1.81025e+06	1.773e+06	1.811e+06	1.809e+06	
1.85575e+06	1.838e+06	1.87775e+06	1.8815e+06	1.874e+06	
1.949e+06	1.92175e+06	1.94775e+06	1.93875e+06	1.92425e+06	
2.01625e+06	2.01875e+06	2.024e+06	2.02e+06	1.97225e+06	
2.01625e+06	2.073e+06	2.1235e+06	2.044e+06	2.06675e+06	
2.09375e+06	2.11725e+06	2.1305e+06	2.075e+06	2.14925e+06	
2.21175e+06	2.20925e+06	2.155e+06	2.19975e+06	2.19975e+06	
2.223e+06	2.23625e+06	2.30925e+06	2.242e+06	2.1935e+06	
2.25325e+06	2.28975e+06	2.262e+06	2.27525e+06	2.28025e+06	
2.24325e+06	2.26775e+06	2.30425e+06	2.2885e+06	2.31e+06	
2.30175e+06	2.26725e+06	2.3465e+06	2.3565e+06	2.33075e+06	
2.298e+06	2.28925e+06	2.339e+06	2.3825e+06	2.30925e+06	
2.34275e+06	2.281e+06	2.32375e+06	2.3195e+06	2.291e+06	
2.3175e+06	2.3145e+06	2.35475e+06	2.34725e+06	2.31175e+06	
2.31625e+06	2.30175e+06	2.3315e+06	2.33275e+06	2.322e+06	
2.34775e+06	2.322e+06	2.33025e+06	2.383e+06	2.33075e+06	
2.361e+06	2.36425e+06	2.36925e+06	2.334e+06	2.30375e+06	
2.3435e+06	2.39075e+06	2.37425e+06	2.36925e+06	2.349e+06	
2.24625e+06	2.315e+06	2.3125e+06	2.3655e+06	2.3e+06	
2.25825e+06	2.32625e+06	2.3315e+06	2.3105e+06	2.368e+06	
2.293e+06	2.2885e+06	2.298e+06	2.3005e+06	2.31175e+06	
2.279e+06	2.30875e+06	2.28475e+06	2.29225e+06	2.27725e+06	
2.32075e+06	2.34075e+06	2.3025e+06	2.383e+06	2.31375e+06	
2.3075e+06	2.25e+06	2.31575e+06	2.274e+06	2.279e+06	
2.2595e+06	2.30125e+06	2.296e+06	2.32325e+06	2.29175e+06	
2.23625e+06	2.3075e+06	2.3395e+06	2.34075e+06	2.33275e+06	
2.2645e+06	2.2835e+06	2.28925e+06	2.30425e+06	2.2515e+06	
2.264e+06	2.29425e+06	2.24875e+06	2.26775e+06	2.27725e+06	
2.23125e+06	2.279e+06	2.235e+06	2.2495e+06	2.22925e+06	
2.2475e+06	2.23825e+06	2.26575e+06	2.3245e+06	2.2595e+06	
2.223e+06	2.22125e+06	2.24575e+06	2.24625e+06	2.20475e+06	
2.23125e+06	2.237e+06	2.22425e+06	2.2835e+06	2.2495e+06	
2.2495e+06	2.2785e+06	2.23425e+06	2.22875e+06	2.1985e+06	
2.2155e+06	2.24825e+06	2.22875e+06	2.24625e+06	2.1985e+06	
2.1935e+06	2.23575e+06	2.27475e+06	2.26975e+06	2.23875e+06	
2.24075e+06	2.228e+06	2.2545e+06	2.2395e+06	2.23125e+06	
2.25075e+06	2.21475e+06	2.18975e+06	2.20275e+06	2.2425e+06	
2.21475e+06	2.204e+06	2.1985e+06	2.2055e+06	2.19775e+06	
2.1865e+06	2.20925e+06	2.247e+06	2.21425e+06	2.1915e+06	
2.19025e+06	2.2105e+06	2.21975e+06	2.2135e+06	2.17375e+06	
2.19775e+06	2.2055e+06	2.177e+06	2.177e+06	2.1965e+06	
2.1725e+06	2.1795e+06	2.25275e+06	2.1675e+06	2.16075e+06	
2.20225e+06	2.2035e+06	2.18525e+06	2.18025e+06	2.141e+06	
2.1745e+06	2.2035e+06	2.18975e+06	2.19225e+06	2.1595e+06	
2.18525e+06	2.1475e+06	2.2085e+06	2.189e+06	2.18575e+06	
2.1335e+06	2.1725e+06	2.20725e+06	2.158e+06	2.124e+06	
2.1575e+06	2.19225e+06	2.191e+06	2.16875e+06	2.15e+06	
2.11525e+06	2.17125e+06	2.1575e+06	2.179e+06	2.18575e+06	
2.1795e+06	2.1575e+06	2.18575e+06	2.14675e+06	2.14675e+06	
2.13975e+06	2.1385e+06	2.1185e+06	2.1795e+06	2.13725e+06	
2.15675e+06	2.15e+06	2.16075e+06	2.17375e+06	2.13425e+06	
2.1285e+06	2.182e+06	2.16125e+06	2.167e+06	2.13725e+06	
2.14625e+06	2.177e+06	2.1235e+06	2.18575e+06	2.141e+06	
2.13425e+06	2.18025e+06	2.15875e+06	2.16575e+06	2.119e+06	
2.14375e+06	2.09625e+06	2.16325e+06	2.177e+06	2.112e+06	
2.12925e+06	2.16125e+06	2.16125e+06	2.12925e+06	2.10025e+06	
2.14175e+06	2.153e+06	2.1015e+06	2.153e+06	2.1095e+06	
2.11025e+06	2.09625e+06	2.14175e+06	2.13725e+06	2.1265e+06	
2.119e+06	2.1575e+06	2.12025e+06	2.131e+06	2.158e+06	
2.05475e+06	2.085e+06	2.12475e+06	2.11275e+06	2.09075e+06	
2.075e+06	2.095e+06	2.1065e+06	2.15175e+06	2.12725e+06	
2.06875e+06	2.07175e+06	2.13925e+06	2.10825e+06	2.10325e+06	
2.08175e+06	2.11775e+06	2.12775e+06	2.097e+06	2.0825e+06	
2.10275e+06	2.0555e+06	2.1235e+06	2.05975e+06	2.08175e+06	
2.049e+06	2.116e+06	2.11975e+06	2.04775e+06	2.046e+06	
2.07675e+06	2.1185e+06	2.0435e+06	2.109e+06	2.09325e+06	
2.0585e+06	2.08175e+06	2.05975e+06	2.0825e+06	2.041e+06	
2.005e+06	2.053e+06	2.087e+06	2.063e+06	2.015e+06	
2.01125e+06	2.04475e+06	2.06475e+06	2.0655e+06	2.044e+06	
2.0555e+06	2.075e+06	2.04025e+06	2.0585e+06	2.0005e+06	
2.02275e+06	2.041e+06	2.0295e+06	2.03725e+06	2.0435e+06	
2.0055e+06	2.04025e+06	2.049e+06	2.0175e+06	2.0535e+06	
2.012e+06	2.06225e+06	2e+06	2.02575e+06	2.0675e+06	
2.058e+06	1.95325e+06	2.01625e+06	2.01575e+06	2.01625e+06	
1.97925e+06	2.04525e+06	2.041e+06	1.964e+06	2.022e+06	
1.96275e+06	1.96775e+06	1.981e+06	1.95825e+06	2.01825e+06	
1.9955e+06	1.983e+06	1.976e+06	1.96025e+06	1.97025e+06	
1.98725e+06	2.0025e+06	1.978e+06	1.94125e+06	1.981e+06	
1.93e+06	1.9395e+06	1.9925e+06	1.97275e+06	1.918e+06	
1.908e+06	1.96275e+06	1.959e+06	1.9635e+06	1.976e+06	
1.94e+06	1.954e+06	1.93325e+06	1.97225e+06	1.94525e+06	
1.9465e+06	1.95025e+06	1.981e+06	1.95775e+06	1.964e+06	
1.925e+06	1.93125e+06	1.92e+06	1.903e+06	1.908e+06	
1.88475e+06	1.90475e+06	1.92125e+06	1.978e+06	1.923e+06	
1.90925e+06	1.91225e+06	1.90175e+06	1.90675e+06	1.9005e+06	
1.88725e+06	1.9005e+06	1.932e+06	1.92375e+06	1.90725e+06	
1.9005e+06	1.8885e+06	1.8625e+06	1.9175e+06	1.879e+06	
1.88725e+06	1.89525e+06	1.91625e+06	1.88025e+06	1.8575e+06	
1.8885e+06	1.8835e+06	1.8425e+06	1.89725e+06	1.87275e+06	
1.8885e+06	1.89225e+06	1.90225e+06	1.88975e+06	1.884e+06	
1.8545e+06	1.8675e+06	1.87575e+06	1.89925e+06	1.93625e+06	
1.879e+06	1.8815e+06	1.908e+06	1.87575e+06	1.89225e+06	
1.872e+06	1.91675e+06	1.90925e+06	1.9155e+06	1.869e+06	
1.89025e+06	1.87775e+06	1.90925e+06	1.92e+06	1.855e+06	
1.86e+06	1.8645e+06	1.8795e+06	1.8695e+06	1.8505e+06	
1.794e+06	1.855e+06	1.8765e+06	1.87075e+06	1.9005e+06	
1.8255e+06	1.83675e+06	1.8375e+06	1.83475e+06	1.8455e+06	
1.81025e+06	1.81275e+06	1.8405e+06	1.855e+06	1.82025e+06	
1.84125e+06	1.80725e+06	1.82925e+06	1.8745e+06	1.81975e+06	
1.83475e+06	1.867e+06	1.85175e+06	1.877e+06	1.84375e+06	
1.82425e+06	1.85375e+06	1.87075e+06	1.8475e+06	1.87025e+06	
1.8425e+06	1.84175e+06	1.85125e+06	1.81725e+06	1.81225e+06	
1.8135e+06	1.81725e+06	1.82725e+06	1.86e+06	1.85e+06	
1.79525e+06	1.821e+06	1.81775e+06	1.85175e+06	1.8085e+06	
1.792e+06	1.80025e+06	1.82025e+06	1.799e+06	1.819e+06	
1.809e+06	1.80775e+06	1.8285e+06	1.811e+06	1.80975e+06	
1.782e+06	1.82425e+06	1.82025e+06	1.79575e+06	1.79075e+06	
1.77625e+06	1.758e+06	1.8135e+06	1.80575e+06	1.8045e+06	
1.76175e+06	1.79e+06	1.78825e+06	1.8015e+06	1.785e+06	
1.71525e+06	1.75425e+06	1.787e+06	1.75725e+06	1.741e+06	
1.75225e+06	1.7505e+06	1.77e+06	1.7825e+06	1.77425e+06	
1.7755e+06	1.712e+06	1.75675e+06	1.77125e+06	1.741e+06	
1.751e+06	1.7435e+06	1.72825e+06	1.7625e+06	1.73275e+06	
1.71125e+06	1.744e+06	1.71325e+06	1.7675e+06	1.71375e+06	
1.7145e+06	1.71775e+06	1.71775e+06	1.734e+06	1.6905e+06	
1.70875e+06	1.71575e+06	1.7315e+06	1.6975e+06	1.6875e+06	
1.7245e+06	1.705e+06	1.7215e+06	1.707e+06	1.73975e+06	
1.698e+06	1.712e+06	1.70575e+06	1.72775e+06	1.702e+06	
1.7075e+06	1.70375e+06	1.7045e+06	1.719e+06	1.7125e+06	
1.7e+06	1.69175e+06	1.7145e+06	1.70625e+06	1.70575e+06	
1.67475e+06	1.6855e+06	1.7025e+06	1.68925e+06	1.71325e+06	
1.66975e+06	1.6705e+06	1.68625e+06	1.65325e+06	1.666e+06	
1.664e+06	1.69875e+06	1.688e+06	1.66775e+06	1.652e+06	
1.66925e+06	1.6735e+06	1.69e+06	1.671e+06	1.6805e+06	
1.68175e+06	1.666e+06	1.671e+06	1.68625e+06	1.67675e+06	
1.702e+06	1.70075e+06	1.673e+06	1.68875e+06	1.67425e+06	
1.65775e+06	1.7095e+06	1.661e+06	1.71125e+06	1.681e+06	
1.6975e+06	1.66225e+06	1.69175e+06	1.6565e+06	1.678e+06	
1.695e+06	1.6395e+06	1.66775e+06	1.67975e+06	1.6705e+06	
1.6835e+06	1.656e+06	1.6585e+06	1.642e+06	1.6785e+06	
1.63825e+06	1.65525e+06	1.66775e+06	1.61175e+06	1.627e+06	
1.61875e+06	1.666e+06	1.67975e+06	1.70625e+06	1.61675e+06	
1.60875e+06	1.66025e+06	1.62825e+06	1.656e+06	1.6175e+06	
1.649e+06	1.62e+06	1.56825e+06	1.635e+06	1.67675e+06	
1.61425e+06	1.62825e+06	1.618e+06	1.66275e+06	1.61925e+06	
1.60425e+06	1.596e+06	1.61375e+06	1.64275e+06	1.635e+06	
1.6105e+06	1.613e+06	1.591e+06	1.603e+06	1.57975e+06	
1.57775e+06	1.58725e+06	1.608e+06	1.5955e+06	1.59225e+06	
1.53625e+06	1.601e+06	1.6105e+06	1.59725e+06	1.5665e+06	
1.56825e+06	1.58025e+06	1.584e+06	1.56825e+06	1.5785e+06	
1.55325e+06	1.58775e+06	1.574e+06	1.55825e+06	1.58225e+06	
1.56525e+06	1.5525e+06	1.569e+06	1.5665e+06	1.57325e+06	
1.54125e+06	1.55825e+06	1.54375e+06	1.50725e+06	1.543e+06	
1.51925e+06	1.58025e+06	1.54625e+06	1.5495e+06	1.55325e+06	
1.52975e+06	1.516e+06	1.5455e+06	1.545e+06	1.574e+06	
1.50475e+06	1.52725e+06	1.509e+06	1.521e+06	1.489e+06	
1.4945e+06	1.4795e+06	1.53925e+06	1.5115e+06	1.468e+06	
1.53175e+06	1.50975e+06	1.52175e+06	1.487e+06	1.4845e+06	
1.46e+06	1.49075e+06	1.49275e+06	1.494e+06	1.492e+06	
1.46675e+06	1.4825e+06	1.458e+06	1.458e+06	1.4675e+06	
1.44175e+06	1.4505e+06	1.4485e+06	1.4195e+06	1.44725e+06	
1.434e+06	1.41525e+06	1.4485e+06	1.43475e+06	1.40825e+06	
1.43725e+06	1.4e+06	1.422e+06	1.419e+06	1.41025e+06	
1.366e+06	1.359e+06	1.43025e+06	1.4045e+06	1.39e+06	
1.36725e+06	1.40125e+06	1.36025e+06	1.36925e+06	1.3635e+06	
1.35225e+06	1.34275e+06	1.3615e+06	1.36475e+06	1.3635e+06	
1.38875e+06	1.33275e+06	1.339e+06	1.34575e+06	1.33275e+06	
1.308e+06	1.3365e+06	1.3395e+06	1.3535e+06	1.3175e+06	
1.317e+06	1.313e+06	1.34025e+06	1.32325e+06	1.32125e+06	
1.301e+06	1.3055e+06	1.315e+06	1.298e+06	1.30175e+06	
1.262e+06	1.31e+06	1.274e+06	1.3225e+06	1.2765e+06	
1.269e+06	1.31e+06	1.293e+06	1.29425e+06	1.30875e+06	
1.29175e+06	1.3155e+06	1.32125e+06	1.30675e+06	1.29475e+06	
1.2935e+06	1.28675e+06	1.301e+06	1.2815e+06	1.303e+06	
1.26775e+06	1.274e+06	1.27475e+06	1.29925e+06	1.28975e+06	
1.291e+06	1.3075e+06	1.29975e+06	1.2935e+06	1.31375e+06	
1.29475e+06	1.2935e+06	1.3155e+06	1.30625e+06	1.308e+06	
1.271e+06	1.30175e+06	1.30425e+06	1.30875e+06	1.2785e+06	
1.3005e+06	1.29975e+06	1.2815e+06	1.29225e+06	1.27025e+06	
1.298e+06	1.30875e+06	1.2985e+06	1.29975e+06	1.2785e+06	
1.284e+06	1.2885e+06	1.2935e+06	1.30175e+06	1.28275e+06	
1.31e+06	1.28925e+06	1.30675e+06	1.3295e+06	1.308e+06	
1.32825e+06	1.3465e+06	1.3125e+06	1.3345e+06	1.317e+06	
1.3345e+06	1.36025e+06	1.3565e+06	1.32875e+06	1.33575e+06	
1.35225e+06	1.34575e+06	1.3485e+06	1.349e+06	1.33825e+06	
1.34025e+06	1.32825e+06	1.37225e+06	1.34525e+06	1.32575e+06	
1.32875e+06	1.31125e+06	1.34775e+06	1.325e+06	1.3485e+06	
1.32575e+06	1.322e+06	1.29975e+06	1.334e+06	1.296e+06	
1.2595e+06	1.228e+06	1.26775e+06	1.259e+06	1.25375e+06	
1.19775e+06	1.206e+06	1.24125e+06	1.216e+06	1.2475e+06	
1.1915e+06	1.1845e+06	1.19025e+06	1.19275e+06	1.18075e+06	
1.18575e+06	1.172e+06	1.18525e+06	1.1865e+06	1.163e+06	
1.20725e+06	1.238e+06	1.257e+06	1.21975e+06	1.23625e+06	
1.2545e+06	1.26025e+06	1.25e+06	1.2885e+06	1.262e+06	
1.255e+06	1.27225e+06	1.276e+06	1.26075e+06	1.269e+06	
1.31625e+06	1.284e+06	1.298e+06	1.2815e+06	1.281e+06	
1.2735e+06	1.30675e+06	1.313e+06	1.3175e+06	1.286e+06	
1.32075e+06	1.313e+06	1.32125e+06	1.31825e+06	1.2735e+06	
1.296e+06	1.33075e+06	1.30425e+06	1.298e+06	1.305e+06	
1.259e+06	1.2645e+06	1.29425e+06	1.298e+06	1.2935e+06	
1.29175e+06	1.29725e+06	1.279e+06	1.2885e+06	1.274e+06	
1.313e+06	1.3075e+06	1.29675e+06	1.31625e+06	1.30675e+06	
1.288e+06	1.298e+06	1.2905e+06	1.3055e+06	1.29675e+06	
1.27775e+06	1.2815e+06	1.29725e+06	1.279e+06	1.27725e+06	
1.27225e+06	1.2645e+06	1.2255e+06	1.24625e+06	1.27275e+06	
1.242e+06	1.271e+06	1.247e+06	1.25e+06	1.2495e+06	
1.1985e+06	1.24575e+06	1.2785e+06	1.2425e+06	1.2545e+06	
1.24e+06	1.25375e+06	1.264e+06	1.259e+06	1.24575e+06	
1.26275e+06	1.276e+06	1.233e+06	1.25825e+06	1.23925e+06	
1.228e+06	1.2355e+06	1.255e+06	1.23675e+06	1.1985e+06	
1.2595e+06	1.25125e+06	1.213e+06	1.23625e+06	1.25325e+06	
1.242e+06	1.22225e+06	1.23625e+06	1.25375e+06	1.23175e+06	
1.26525e+06	1.2255e+06	1.25825e+06	1.23175e+06	1.26025e+06	
1.23875e+06	1.2085e+06	1.211e+06	1.259e+06	1.21175e+06	
1.25125e+06	1.22225e+06	1.23625e+06	1.25825e+06	1.233e+06	
1.21925e+06	1.204e+06	1.24375e+06	1.262e+06	1.2565e+06	
1.2255e+06	1.225e+06	1.21925e+06	1.238e+06	1.23175e+06	
1.22625e+06	1.235e+06	1.255e+06	1.233e+06	1.22225e+06	
1.24825e+06	1.2355e+06	1.22425e+06	1.2355e+06	1.2255e+06	
1.21175e+06	1.21725e+06	1.21925e+06	1.24875e+06	1.19975e+06	
1.21925e+06	1.2205e+06	1.2305e+06	1.2155e+06	1.213e+06	
1.225e+06	1.1985e+06	1.20775e+06	1.2375e+06	1.22425e+06	
1.223e+06	1.21475e+06	1.21725e+06	1.24125e+06	1.19475e+06	
1.221e+06	1.2425e+06	1.2015e+06	1.24375e+06	1.2235e+06	
1.223e+06	1.19975e+06	1.228e+06	1.21425e+06	1.24e+06	
1.2155e+06	1.2185e+06	1.22625e+06	1.19975e+06	1.22625e+06	
1.25e+06	1.252e+06	1.23e+06	1.23e+06	1.24075e+06	
1.2325e+06	1.264e+06	1.21975e+06	1.22425e+06	1.2085e+06	
1.2355e+06	1.255e+06	1.2355e+06	1.24825e+06	1.21675e+06	
1.245e+06	1.24625e+06	1.2375e+06	1.23175e+06	1.19325e+06	
1.23e+06	1.22675e+06	1.2255e+06	1.2235e+06	1.22675e+06	
1.235e+06	1.1965e+06	1.211e+06	1.235e+06	1.23375e+06	
1.20975e+06	1.22425e+06	1.2325e+06	1.2015e+06	1.189e+06	
1.25e+06	1.2185e+06	1.225e+06	1.23e+06	1.21175e+06	
1.211e+06	1.23675e+06	1.22625e+06	1.2595e+06	1.2205e+06	
1.1985e+06	1.22925e+06	1.23e+06	1.22925e+06	1.20525e+06	
1.2085e+06	1.247e+06	1.22675e+06	1.2375e+06	1.2155e+06	
1.2375e+06	1.20025e+06	1.22225e+06	1.22675e+06	1.228e+06	
1.24e+06	1.213e+06	1.2185e+06	1.21975e+06	1.22175e+06	
1.23425e+06	1.2065e+06	1.24825e+06	1.209e+06	1.23625e+06	
1.19775e+06	1.2255e+06	1.2035e+06	1.2305e+06	1.21725e+06	
1.24825e+06	1.209e+06	1.22925e+06	1.23e+06	1.2275e+06	
1.23125e+06	1.18575e+06	1.2085e+06	1.2445e+06	1.24125e+06	
1.23125e+06	1.20725e+06	1.2355e+06	1.2185e+06	1.20275e+06	
1.228e+06	1.22675e+06	1.235e+06	1.1965e+06	1.21675e+06	
1.206e+06	1.221e+06	1.218e+06	1.255e+06	1.20725e+06	
1.22625e+06	1.213e+06	1.23925e+06	1.21225e+06	1.20475e+06	
1.204e+06	1.20025e+06	1.25075e+06	1.213e+06	1.228e+06	
1.218e+06	1.182e+06	1.20975e+06	1.20025e+06	1.20225e+06	
1.19325e+06	1.223e+06	1.1985e+06	1.2015e+06	1.20525e+06	
1.1915e+06	1.18275e+06	1.22225e+06	1.18825e+06	1.216e+06	
1.1815e+06	1.2135e+06	1.1965e+06	1.21475e+06	1.21475e+06	
1.2015e+06	1.211e+06	1.18325e+06	1.201e+06	1.206e+06	
1.2035e+06	1.20475e+06	1.1895e+06	1.18825e+06	1.2235e+06	
1.199e+06	1.19325e+06	1.22675e+06	1.21425e+06	1.1985e+06	
1.194e+06	1.17325e+06	1.18075e+06	1.19275e+06	1.184e+06	
1.19275e+06	1.184e+06	1.184e+06	1.14925e+06	1.15175e+06	
1.155e+06	1.15875e+06	1.184e+06	1.17375e+06	1.18025e+06	
1.1775e+06	1.2035e+06	1.192e+06	1.16625e+06	1.1675e+06	
1.1675e+06	1.1675e+06	1.20025e+06	1.199e+06	1.21425e+06	
1.1525e+06	1.1725e+06	1.20275e+06	1.167e+06	1.20025e+06	
1.17575e+06	1.1815e+06	1.20275e+06	1.1895e+06	1.1895e+06	
1.17575e+06	1.1915e+06	1.18025e+06	1.17e+06	1.19075e+06	
1.18575e+06	1.18275e+06	1.19075e+06	1.194e+06	1.21975e+06	
1.17825e+06	1.1605e+06	1.187e+06	1.16875e+06	1.184e+06	
1.1745e+06	1.17325e+06	1.16175e+06	1.19725e+06	1.18575e+06	
1.17875e+06	1.17625e+06	1.15675e+06	1.1795e+06	1.15675e+06	
1.16375e+06	1.16625e+06	1.13925e+06	1.15925e+06	1.17e+06	
1.16375e+06	1.163e+06	1.18525e+06	1.14475e+06	1.17325e+06	
1.14725e+06	1.175e+06	1.163e+06	1.19025e+06	1.16e+06	
1.1645e+06	1.17e+06	1.17825e+06	1.17075e+06	1.16625e+06	
1.17375e+06	1.17875e+06	1.153e+06	1.19975e+06	1.1605e+06	
1.16375e+06	1.15625e+06	1.158e+06	1.177e+06	1.1745e+06	
1.12975e+06	1.155e+06	1.15175e+06	1.1605e+06	1.146e+06	
1.12525e+06	1.1165e+06	1.14875e+06	1.1405e+06	1.119e+06	
1.12025e+06	1.11025e+06	1.15625e+06	1.15375e+06	1.121e+06	
1.09575e+06	1.11075e+06	1.16125e+06	1.09875e+06	1.13725e+06	
1.11325e+06	1.10575e+06	1.121e+06	1.104e+06	1.0975e+06	
1.104e+06	1.1165e+06	1.124e+06	1.1145e+06	1.12475e+06	
1.12225e+06	1.138e+06	1.1385e+06	1.1285e+06	1.10125e+06	
1.1145e+06	1.11325e+06	1.165e+06	1.13475e+06	1.12725e+06	
1.10075e+06	1.11975e+06	1.1045e+06	1.124e+06	1.1215e+06	
1.10075e+06	1.117e+06	1.1095e+06	1.13675e+06	1.09825e+06	
1.1215e+06	1.11275e+06	1.158e+06	1.129e+06	1.12775e+06	
1.114e+06	1.12475e+06	1.131e+06	1.12475e+06	1.11525e+06	
1.104e+06	1.11575e+06	1.15425e+06	1.109e+06	1.13275e+06	
1.1185e+06	1.1e+06	1.1e+06	1.1115e+06	1.1215e+06	
1.117e+06	1.0975e+06	1.0875e+06	1.0725e+06	1.08825e+06	
1.0775e+06	1.08675e+06	1.0945e+06	1.07375e+06	1.09325e+06	
1.06225e+06	1.06975e+06	1.05025e+06	1.056e+06	1.07425e+06	
1.0635e+06	1.04525e+06	1.032e+06	1.027e+06	1.04525e+06	
1.0365e+06	1.039e+06	1.029e+06	1.037e+06	1.05225e+06	
1.0435e+06	1.06425e+06	1.0415e+06	1.0415e+06	1.07925e+06	
1.0855e+06	1.075e+06	1.0685e+06	1.06975e+06	1.0655e+06	
1.08425e+06	1.07175e+06	1.083e+06	1.06975e+06	1.06975e+06	
1.08e+06	1.0605e+06	1.07175e+06	1.10325e+06	1.09575e+06	
1.06975e+06	1.104e+06	1.10275e+06	1.08175e+06	1.0515e+06	
1.10275e+06	1.09e+06	1.06475e+06	1.07375e+06	1.114e+06	
1.08675e+06	1.097e+06	1.09875e+06	1.05925e+06	1.07425e+06	
1.0975e+06	1.07375e+06	1.083e+06	1.107e+06	1.097e+06	
1.07675e+06	1.1095e+06	1.08375e+06	1.102e+06	1.08425e+06	
1.0895e+06	1.1e+06	1.10075e+06	1.1065e+06	1.0875e+06	
1.07675e+06	1.0655e+06	1.07175e+06	1.1e+06	1.08125e+06	
1.08875e+06	1.0825e+06	1.0825e+06	1.11525e+06	1.06975e+06	
1.0895e+06	1.09625e+06	1.08425e+06	1.07625e+06	1.0585e+06	
1.085e+06	1.12025e+06	1.09625e+06	1.10525e+06	1.08625e+06	
1.056e+06	1.0855e+06	1.102e+06	1.0775e+06	1.07175e+06	
1.08125e+06	1.06925e+06	1.10275e+06	1.0655e+06	1.11025e+06	
1.07375e+06	1.09075e+06	1.0755e+06	1.073e+06	1.08675e+06	
1.09e+06	1.1115e+06	1.05475e+06	1.056e+06	1.0725e+06	
1.08175e+06	1.07175e+06	1.04975e+06	1.08825e+06	1.05975e+06	
1.0725e+06	1.078e+06	1.05725e+06	1.08825e+06	1.05225e+06	
1.06725e+06	1.04975e+06	1.0655e+06	1.05275e+06	1.078e+06	
1.03575e+06	1.08825e+06	1.078e+06	1.05925e+06	1.05475e+06	
1.0315e+06	1.046e+06	1.07675e+06	1.05225e+06	1.05025e+06	
1.0485e+06	1.06725e+06	1.06675e+06	1.05275e+06	1.0655e+06	
1.0605e+06	1.04275e+06	1.06925e+06	1.0605e+06	1.0655e+06	
1.0365e+06	1.06175e+06	1.04275e+06	1.049e+06	1.044e+06	
1.05475e+06	1.0415e+06	1.06175e+06	1.0635e+06	1.0365e+06	
1.07625e+06	1.02575e+06	1.06225e+06	1.06925e+06	1.0415e+06	
1.056e+06	1.06175e+06	1.075e+06	1.06175e+06	1.06675e+06	
1.03525e+06	1.03775e+06	1.06725e+06	1.063e+06	1.05275e+06	
1.0485e+06	1.051e+06	1.0415e+06	1.032e+06	1.037e+06	
1.05025e+06	1.03575e+06	1.03825e+06	1.05225e+06	1.01825e+06	
1.02825e+06	1.03325e+06	1.039e+06	1.0435e+06	1.04225e+06	
1.017e+06	1.056e+06	1.0415e+06	1.07375e+06	1.003e+06	
1.015e+06	1.029e+06	1.034e+06	1.03275e+06	1.05675e+06	
1.01575e+06	1.037e+06	1.012e+06	1.0175e+06	1.01e+06	
994750	971500	995500	1e+06	1.003e+06	
971500	971500	975250	1.008e+06	998750	
991000	981750	983000	986750	979000	
993500	990500	1.003e+06	991000	1.0005e+06	
979000	992250	1.0075e+06	1.005e+06	1e+06	
1.00875e+06	997500	1.0145e+06	974750	1.0055e+06	
972250	996250	1.00925e+06	1.0055e+06	986750	
1.00175e+06	1.00625e+06	999250	1.00625e+06	984750	
1.01325e+06	998000	988000	1.017e+06	1.00925e+06	
986000	989750	1.029e+06	994750	1.0125e+06	
990500	984750	993500	998750	994250	
997500	999250	973500	1.003e+06	1.01625e+06	
1.01375e+06	993000	1.015e+06	1.02075e+06	1.02375e+06	
993000	990500	1.008e+06	996250	986000	
984250	1.005e+06	984250	972250	994750	
1.0195e+06	1.00375e+06	1.0005e+06	1.0055e+06	986000	
994750	1.0075e+06	990500	998000	988000	
983000	986750	983500	1.03075e+06	996750	
993000	988000	1.01075e+06	993000	976500	
983500	992250	979750	1.01875e+06	981000	
992250	981750	984250	989250	996750	
1.005e+06	1.01625e+06	985500	983000	989250	
1.00675e+06	993500	1.00425e+06	988000	1.005e+06	
961500	970250	981750	983000	974750	
981750	964750	983500	979000	956500	
983500	993500	969750	986000	962000	
972250	974000	985500	962750	978500	
982250	981750	986000	981750	971000	
968500	961500	963250	954000	983500	
969750	960750	981750	976000	992250	
964000	962750	950750	951500	968500	
958250	971000	952750	960250	991750	
960750	966000	980500	969750	961500	
967750	988500	979000	958250	957750	
994750	955250	971000	970250	960750	
949500	955250	946250	931750	965250	
959000	971500	985500	965250	950750	
945000	954000	955250	942000	959500	
925000	965250	949500	979000	948750	
935750	941250	970250	942500	976500	
976000	964000	954500	954500	937500	
940750	967250	955250	964000	959000	
950250	959500	955250	933000	949500	
935000	959000	954500	929250	924250	
940000	945750	933750	926250	945750	
938750	925500	929250	935750	918750	
928750	933000	933750	943250	924250	
932500	949500	921250	936250	899000	
903500	902750	913000	944500	940750	
923750	936250	926750	914250	904750	
931750	914750	918000	927500	933000	
919250	942500	958250	941250	915500	
954000	933000	926750	924250	921750	
921750	937500	926250	925500	947500	
915500	924250	923000	908000	931250	
910500	906000	920000	904750	908500	
913000	938750	931250	919250	920000	
918000	918750	910500	926750	935750	
908000	889750	935750	928750	906000	
930000	923000	903500	904750	908000	
917250	909250	891000	891000	928000	
904750	904250	909250	904250	914750	
906000	884000	920000	896500	917250	
893500	904750	917250	911750	891500	
883250	928750	926750	908500	911000	
888500	909250	906750	916750	912250	
911000	905500	905500	879000	879500	
882750	885250	920000	889000	880750	
887750	899750	893500	880250	899000	
889000	905500	891500	889000	915500	
899000	904250	875250	890250	869500	
881500	884500	888500	890250	879500	
856750	879500	889750	905500	860000	
891000	870750	866250	885750	874000	
881500	882000	879000	863750	869500	
901500	876500	887000	875750	858250	
860000	879500	866250	872000	872000	
872000	856750	887000	874500	870750	
887750	877750	868750	860000	863750	
866250	883250	886500	882750	884500	
866250	867500	878250	902750	884000	
858250	882000	866250	851750	873250	
845500	875750	877000	858250	871250	
868250	862000	875250	873250	860000	
850000	880250	885250	851750	850500	
872500	851750	875250	873250	860000	
865000	853000	851250	873250	865000	
868750	858750	851750	861250	874000	
841000	845500	858250	868750	841750	
829250	846750	869500	865750	843750	
821500	841750	853000	865000	856750	
845500	848750	845000	836000	835500	
822250	845000	858250	867500	837250	
845000	846250	851250	853750	824000	
831750	825250	831750	855000	831000	
838000	825250	819750	829250	836750	
813500	846250	830500	837250	848750	
788750	826500	823500	806500	826500	
836750	829750	828500	804500	844250	
826500	828500	821500	819000	842500	
827250	842500	814000	791250	817750	
784500	817250	821000	805250	803250	
796500	797750	789500	797750	797750	
809000	830500	790750	792500	810250	
807750	783250	793750	791250	814000	
825250	802750	788750	788750	817250	
829250	787500	782000	795750	800750	
781250	807000	754750	805750	759250	
776250	779250	776750	788250	793250	
789500	784500	790000	786250	790000	
774250	784500	783750	770000	787500	
772500	766750	788750	800750	774250	
786250	791250	784500	776750	786250	
782500	772500	781250	773000	769250	
792500	772500	779250	771250	776750	
780000	811500	790000	774250	793250	
782000	777500	780000	794500	792500	
783750	786250	781250	795000	782500	
782000	780500	759750	776750	791250	
793250	759250	791250	759750	783750	
776750	766250	794500	767500	793250	
776250	775500	759250	787500	774250	
790000	782500	788750	765500	809500	
787500	793250	800750	816500	793750	
793250	815250	800250	794500	783750	
802750	778750	799000	797000	818500	
783750	807000	801500	809500	788750	
814750	808250	815250	814750	814000	
821000	788250	822250	828000	815250	
824750	812250	804500	791250	815250	
797000	796500	815250	811500	812250	
807750	796500	814000	811500	825250	
822750	805750	794500	800250	804000	
787000	803250	782500	790750	794500	
807750	795000	791250	785000	782000	
786250	761000	780500	762250	786250	
773000	781250	772500	756000	788250	
774250	785750	756000	785750	763500	
773750	773000	794500	787000	763500	
764250	792000	772500	779250	756000	
783750	778750	763000	758000	793750	
789500	756000	774250	753500	766750	
775000	760500	790000	785750	764750	
759750	760500	781250	763500	744750	
780000	761000	773000	762250	775000	
766250	733250	756750	759250	768750	
761000	752250	761000	751000	762250	
773000	764250	768000	787000	759250	
774250	761750	741000	785000	765500	
749000	764750	768000	778000	760500	
744750	783750	759750	768750	747250	
780000	763000	767500	749750	769250	
778000	758500	775500	764750	759750	
754750	758500	762250	764250	747750	
773750	787000	760500	759250	761750	
750500	763500	778000	786250	735250	
753000	771750	745250	764250	743500	
749000	758500	769250	753000	763000	
774250	748500	735250	746000	756750	
756000	757250	747750	749750	762250	
765500	766250	756750	776250	770500	
771750	754750	750500	754750	771250	
764750	771250	766250	742750	740250	
749750	730750	742750	762250	757250	
751000	736500	745250	736500	726500	
744000	758500	733250	761000	729000	
743500	763000	756750	746500	730750	
749000	746000	768750	749000	734000	
744000	747250	747750	740250	745250	
747250	709500	750500	751000	746000	
749750	742250	754750	723250	733250	
737250	750500	733250	756000	739750	
762250	754750	759750	742250	728250	
730750	744000	739000	737750	744000	
749000	736500	747750	757250	747250	
765500	770500	742750	764750	737250	
754250	749000	739750	738500	758000	
758000	740250	740250	741500	749750	
775000	734500	764750	740250	758500	
749750	752250	751750	761750	751750	
739000	758000	763000	747750	774250	
756000	768750	742750	751000	746500	
759250	747750	750500	758500	753000	
755500	771750	747750	746500	749750	
759250	766750	771250	744750	742250	
739750	730250	759250	744000	749750	
734500	753500	755500	738500	737250	
746000	745250	737750	746000	759250	
751750	756000	759250	761000	744000	
744750	737250	741000	740250	727750	
742750	724000	738500	743500	744000	
744000	744750	749000	737250	753000	
751000	759250	736500	749750	759750	
746000	739750	748500	748500	737250	
730250	740250	744750	741500	742750	
741500	748500	725750	746000	744750	
741000	739000	736000	731500	730250	
712000	729500	752250	753000	731500	
742250	732750	728250	728250	744000	
744000	741500	750500	733250	737750	
737250	742250	714500	732000	744000	
728250	736000	723250	729500	718750	
716250	730250	732750	734000	743500	
724000	734000	727000	736000	737250	
730750	739750	741500	729500	736500	
731500	729000	722750	736500	718250	
709500	724500	741000	731500	718250	
718250	715000	726500	717000	724500	
686750	701750	727750	684250	725250	
727000	708750	720750	713750	705750	
736000	708250	712500	717000	708250	
720250	716250	703000	710750	699250	
703000	698750	693000	707500	692500	
695000	696250	700000	713750	688500	
708750	703000	701750	696750	691750	
700500	710750	727750	702500	695500	
686000	686750	688000	698000	695000	
689250	699250	681750	688500	672250	
679750	690500	697500	684250	694250	
689250	676750	687250	678500	686000	
698000	700500	679750	684750	688000	
684250	690000	695500	676750	679750	
662250	657000	679750	691750	674750	
681000	655250	647000	676000	677250	
672250	661000	679750	669000	667750	
667750	662750	664750	681000	680500	
672250	668500	674250	667250	667250	
677250	640750	664750	667250	679750	
662750	660250	678500	664000	666000	
647000	656500	667250	664750	632500	
647750	655250	672250	662750	672750	
649500	660250	659750	652000	659750	
644500	667750	663500	677250	645750	
664000	650250	662750	648250	676750	
658500	644500	674750	645750	662750	
665250	646500	667250	667750	661500	
655750	654000	648250	661000	659750	
649500	661500	660250	662250	652750	
666000	655250	667750	661500	653250	
635000	655750	649500	647750	646500	
665250	659750	649500	646500	630750	
667750	669750	652750	674250	663500	
663500	648250	638750	666000	655250	
661500	678000	672750	667250	651500	
666500	674250	667250	635000	650750	
676750	672250	677250	633250	675500	
671500	676000	657750	654500	660250	
670250	678000	682250	670250	662750	
663500	669000	679250	688500	669750	
674750	669750	662250	674250	660250	
669750	674750	673500	680500	671500	
669750	675500	681750	662250	662750	
680500	666500	667250	650250	670250	
662750	657000	681000	656500	668500	
677250	648250	681000	684750	654000	
673500	677250	665250	664000	663500	
655750	678000	672250	671000	680500	
665250	673500	686000	660250	660250	
660250	663500	676750	659750	664000	
666000	671500	675500	653250	659750	
666500	663500	645250	653250	657750	
641250	660250	655750	679250	669000	
665250	646500	637500	646500	666500	
633750	670250	659750	657000	664750	
664000	679750	636250	664000	663500	
658500	657750	640000	666500	657750	
658500	664000	657750	653250	674750	
645250	655750	659000	647000	669750	
652000	649000	642000	659750	661000	
661000	676000	647000	652000	661500	
657750	666500	651500	667250	680500	
656500	661000	680500	646500	659750	
652750	652750	640750	659750	648250	
648250	666000	649500	666000	665250	
652750	654000	657000	666000	642000	
647750	664750	667250	650750	672750	
652000	654000	665250	659750	643250	
661500	669000	667750	663500	654000	
659000	665250	653250	660250	656500	
667750	649500	667250	652750	645750	
644000	663500	661000	649000	660250	
647000	663500	657750	639500	655250	
645750	659750	664000	636250	659750	
638250	669000	660250	659000	667250	
684250	657000	652000	652750	646500	
647000	669000	640000	653250	640000	
652000	652750	647750	664750	660250	
669000	658500	652000	667250	633250	
657750	663500	665250	661000	672250	
663500	661000	659750	674250	658500	
658500	666000	650250	661500	646500	
654500	630000	660250	648250	664000	
649500	642500	639500	647000	655250	
666500	667750	657750	659000	658500	
644000	649000	653250	664750	672750	
651500	660250	631250	668500	659750	
653250	675500	665250	645250	667250	
667250	665250	658500	668500	649000	
658500	642500	650250	658500	669000	
653250	649500	660250	649500	661500	
663500	650250	655750	646500	671000	
667750	649000	635000	652750	662250	
652000	650250	644000	635000	653250	
633750	676750	656500	657750	650750	
654000	659750	646500	655750	650750	
645250	632500	626250	647000	667750	
644000	661000	635000	665250	663500	
645750	646500	645750	665250	670250	
676000	658500	652000	649000	652750	
644500	648250	662250	645250	650250	
667750	672750	647000	629500	652750	
640750	656500	672750	654000	659000	
647750	657000	660250	654000	642500	
647750	649000	652000	626750	664000	
658500	654000	654500	659000	641250	
642500	644000	654500	644500	645250	
651500	643250	644000	630750	666000	
641250	657000	656500	648250	632500	
662750	634500	649500	648250	648250	
644000	645750	639500	648250	648250	
647750	634500	655750	662250	689250	
639500	655250	652000	637500	651500	
648250	657000	657000	645250	627500	
656500	638250	672250	654000	659000	
650750	652750	650750	657750	655250	
635000	661000	655250	661000	667250	
638250	671500	650750	644000	643250	
670250	647000	659750	655250	638750	
657000	667750	630750	652000	659750	
675500	651500	675500	654000	676750	
661500	644000	644000	659000	647000	
676750	659750	640000	649500	641250	
646500	630750	645750	647750	667250	
664750	645250	652750	649500	640750	
645250	648250	655250	650750	637000	
654500	653250	649500	644500	658500	
642000	674750	640000	667250	644500	
654500	651500	655250	666500	652000	
650750	642500	671500	658500	645250	
665250	651500	651500	642500	655750	
654500	654000	667250	655750	633750	
647000	664750	638750	642000	642000	
650750	639500	672750	673500	650750	
642500	665250	647000	659000	650250	
655250	643250	649500	638750	636250	
653250	645750	633250	644000	647000	
653250	652000	661000	657000	650750	
651500	643250	632500	654000	640000	
657750	667750	666000	654500	670250	
644000	647750	645750	654500	661000	
645250	654000	666500	650750	649500	
649000	659750	641250	647000	642500	
658500	659000	641250	668500	664000	
651500	652750	656500	652000	651500	
643250	678000	671500	658500	649000	
656500	643250	668500	654000	640750	
645750	648250	657000	643250	659000	
649000	659750	673500	657750	648250	
629500	647750	647000	657000	655750	
642500	665250	642000	655250	654500	
671000	646500	674250	658500	654000	
655250	649000	666000	657750	658500	
632000	647000	647750	645250	659000	
640750	652750	644500	668500	660250	
651500	656500	633250	641250	647000	
637500	671000	639500	650250	645750	
632500	653250	651500	651500	654000	
659750	640750	646500	657750	648250	
646500	652750	661000	646500	651500	
653250	659750	655250	654500	640750	
649000	646500	657000	649000	642500	
657750	622500	659750	639500	642000	
658500	642500	638250	655250	652750	
635750	642500	652750	652000	647000	
647750	648250	645250	623000	640000	
643250	638250	639500	650750	644000	
637500	655250	642000	645750	648250	
652750	632500	625000	647750	655250	
647750	661500	631250	648250	659750	
635000	665250	630000	656500	647750	
646500	651500	650750	638750	644500	
641250	628750	662250	636250	644000	
650250	641250	632500	636250	637500	
650250	661000	640750	642500	626750	
630000	647750	635000	634500	651500	
662250	661000	638750	657000	625500	
643250	649500	659750	653250	640750	
645250	648250	627500	639500	645250	
659000	638750	644000	642500	661000	
651500	660250	642500	628250	635750	
638250	646500	645750	655750	645250	
628750	663500	658500	659000	645250	
633750	632500	631250	630750	654000	
658500	644500	638250	649000	636250	
652000	650250	633750	650250	638750	
637500	658500	647750	641250	662750	
644500	638750	645250	643250	640000	
632000	651500	653250	633750	640750	
638750	644500	630000	645750	640750	
632000	641250	647000	644000	652000	
636250	637500	638750	644500	638750	
624250	639500	642500	645250	641250	
640750	638250	631250	638250	637500	
643250	634500	618750	640000	654000	
647000	638250	642000	647000	637000	
645750	650250	657000	650750	634500	
635750	638250	640000	659000	639500	
647750	632500	635750	633750	631250	
633750	640750	655750	641250	648250	
637000	651500	639500	667250	653250	
656500	647750	647000	635000	649500	
647750	645250	655250	619250	642000	
633750	645250	638750	638250	642000	
659750	627500	660250	648250	638750	
632000	642000	640750	629500	620000	
649500	636250	634500	647750	643250	
644000	659000	647750	635750	635750	
625500	626250	643250	647750	643250	
628250	641250	636250	627500	640750	
644500	643250	632500	645750	647750	
628250	648250	634500	647750	644000	
659750	647000	640000	635000	645250	
636250	650750	645250	649000	655250	
651500	632000	647000	651500	650250	
633250	625000	636250	645250	630000	
630000	655250	662250	637500	629500	
632000	653250	662750	652750	638750	
624250	641250	626250	657000	650250	
629500	638250	638250	666000	646500	
645250	649000	653250	654000	638750	
625000	656500	661000	625000	638250	
638250	632500	627500	633750	648250	
638250	626750	638250	648250	644000	
620500	638750	649000	623750	638250	
628750	648250	656500	643250	640750	
623750	621750	622500	626250	638750	
622500	652750	636250	644500	650250	
623750	640750	636250	644000	643250	
623750	640750	642000	639500	645250	
650750	646500	639500	657750	631250	
633250	644500	651500	644500	637000	
641250	647750	634500	642000	654000	
632000	647750	638250	639500	652750	
630750	636250	640750	632000	633750	
626250	624250	649500	617500	644500	
620000	645750	637000	630750	655750	
625500	632500	648250	632000	642000	
638250	638750	640000	640750	640000	
644000	635750	650250	633250	620500	
628250	628250	649500	632500	637000	
642500	644000	633250	633750	651500	
637500	635000	649000	645750	624250	
617500	659750	642500	630000	628750	
628250	646500	633750	625000	627500	
644000	631250	647000	637500	642000	
636250	652000	637500	620500	637000	
637500	646500	633250	627500	616750	
635000	634500	636250	627500	649500	
633750	625500	652000	628750	633750	
642000	611750	634500	637500	644500	
649500	625500	645250	644000	628250	
641250	633250	649000	632500	638250	
635000	638250	639500	636250	635750	
626750	646500	624250	634500	638250	
613000	635750	643250	625000	643250	
634500	621250	650250	629500	641250	
642000	627500	649500	650250	636250	
622500	626250	638250	645750	633750	
629500	635750	616750	634500	633750	
635000	633750	640000	638750	645250	
635750	639500	630000	629500	642000	
642000	638750	635750	635000	626750	
633750	637000	623750	640000	625500	
630750	638750	635750	634500	633250	
644000	638250	625000	649500	631250	
623750	634500	640000	640750	630750	
638250	645750	636250	636250	616750	
648250	619250	621750	644000	651500	
636250	634500	620000	624250	625000	
635750	636250	618750	644500	626750	
637000	640750	627500	632500	628750	
625000	621250	638250	632000	632000	
647750	620500	638250	640750	640750	
624250	647000	621250	643250	637500	
652750	633250	642000	628250	620500	
644500	640000	622500	641250	647000	
642500	629500	645250	642000	637000	
632500	650250	652750	636250	625000	
629500	645750	639500	622500	622500	
641250	632500	626750	638750	630000	
629500	620000	622500	644500	642000	
650250	648250	640000	630750	630750	
628750	654000	633750	633250	638750	
647000	627500	628250	617500	656500	
630750	649000	635750	648250	631250	
616750	644000	633750	624250	640750	
636250	650250	633750	620000	628750	
637000	626750	650750	633750	624250	
637000	637500	637500	623750	628250	
625000	630750	637500	638750	606750	
637000	649500	644500	630750	649000	
616750	635000	616750	633750	634500	
630750	645750	622500	633250	654500	
645750	638750	631250	637000	642500	
638750	642500	625000	628250	650750	
644500	628250	620500	633750	625500	
609250	645250	638250	628250	625500	
637500	641250	636250	647750	638250	
645250	624250	630750	635750	650250	
621750	633750	632500	632500	641250	
637000	626250	642500	638250	650250	
633250	637500	650250	644000	635000	
635000	637000	634500	626250	637500	
617500	621750	642500	636250	659000	
617500	621750	642500	636250	659000	
617500	621750	642500	636250	659000	
