4250	4250	4250	4250	4250	
7.13825e+06	7.13825e+06	7.13825e+06	7.13825e+06	7.13825e+06	
528500	551250	538000	537500	541250	
517250	493250	512750	498250	517250	
501500	528000	520250	521000	515250	
503250	518500	516000	516500	512250	
518500	500250	502000	514000	500750	
520250	524750	507250	517250	514750	
502750	516000	516000	508500	505250	
517750	511000	526000	519750	513500	
509750	531000	524750	520250	519000	
506000	521000	523000	525500	533500	
531000	531750	545500	529250	534250	
534750	522250	536250	533500	528500	
537500	528500	541250	528000	545000	
543000	533500	535500	551250	543000	
548750	537500	533500	532250	548750	
550000	548000	551250	546750	546750	
564500	549250	548750	565000	553750	
562000	562500	552500	553750	559500	
561250	553750	551250	574000	558750	
558750	573250	567750	591000	565000	
570750	599250	566250	573250	582250	
636250	657750	663500	655250	642000	
828000	836750	809000	838500	831750	
827250	816000	828500	839750	834750	
847500	855000	833000	839750	835500	
819750	833500	846250	834750	867000	
857500	845500	856750	849250	882750	
882750	849250	844250	872500	872000	
868250	851250	868750	872000	867000	
880750	858250	865000	875750	866250	
907250	908000	914250	907250	893500	
943750	929250	911000	918750	913500	
936250	927500	911000	913500	917250	
906750	913000	915500	906000	922500	
910500	931750	908500	901500	928000	
880750	907250	904250	912250	930500	
928000	909250	916750	915500	929250	
896500	921250	901500	895250	933750	
940750	937500	954000	933000	921250	
977750	967250	988500	960750	967750	
938250	966500	962000	967750	977750	
975250	966000	986000	1.003e+06	973500	
1.00875e+06	1.00625e+06	983500	989250	994750	
981750	1.003e+06	998750	975250	969750	
974000	991000	999250	984250	976500	
972750	974750	987250	977750	984250	
983000	986750	977750	981750	984250	
945000	960250	932500	963250	954500	
931750	923750	937500	916000	924250	
929250	933750	943250	937000	953250	
920000	974750	939500	943750	924250	
897250	911750	931250	940750	908000	
911000	916000	904750	916000	908000	
931750	931750	926250	915500	915500	
952000	968500	972750	982250	950250	
1.04075e+06	1.025e+06	1.029e+06	1.01375e+06	1.0415e+06	
1.051e+06	1.04275e+06	1.03025e+06	1.0145e+06	1.03825e+06	
1.03525e+06	1.02775e+06	1.037e+06	1.01875e+06	1.0145e+06	
1.02375e+06	976000	1.00875e+06	995500	1.01075e+06	
1.00625e+06	984250	991750	981000	1.008e+06	
1.01825e+06	1.02e+06	991750	1.0145e+06	990500	
996750	1.0025e+06	998750	989750	990500	
998750	1.02e+06	1.0225e+06	1.00675e+06	1.0265e+06	
1.05475e+06	1.06975e+06	1.0685e+06	1.0875e+06	1.0685e+06	
1.06725e+06	1.08175e+06	1.05525e+06	1.07375e+06	1.061e+06	
1.0685e+06	1.06675e+06	1.06175e+06	1.068e+06	1.061e+06	
1.06925e+06	1.0655e+06	1.08125e+06	1.06925e+06	1.066e+06	
1.06725e+06	1.08675e+06	1.07925e+06	1.07425e+06	1.0775e+06	
1.07175e+06	1.092e+06	1.0875e+06	1.092e+06	1.12525e+06	
1.07425e+06	1.0725e+06	1.07925e+06	1.10125e+06	1.095e+06	
1.1065e+06	1.13025e+06	1.09125e+06	1.12975e+06	1.13025e+06	
1.15675e+06	1.199e+06	1.1555e+06	1.163e+06	1.14425e+06	
1.22675e+06	1.23e+06	1.20225e+06	1.192e+06	1.194e+06	
1.2375e+06	1.22875e+06	1.20275e+06	1.23e+06	1.20775e+06	
1.2135e+06	1.2015e+06	1.1985e+06	1.23625e+06	1.1965e+06	
1.2325e+06	1.199e+06	1.2185e+06	1.19975e+06	1.218e+06	
1.20225e+06	1.18775e+06	1.2205e+06	1.218e+06	1.17825e+06	
1.2205e+06	1.17325e+06	1.2135e+06	1.21475e+06	1.17875e+06	
1.1695e+06	1.1965e+06	1.18575e+06	1.177e+06	1.17075e+06	
1.1815e+06	1.18275e+06	1.18775e+06	1.1775e+06	1.18775e+06	
1.2085e+06	1.20025e+06	1.21175e+06	1.18075e+06	1.196e+06	
1.2565e+06	1.23625e+06	1.25375e+06	1.26525e+06	1.252e+06	
1.26025e+06	1.28975e+06	1.27975e+06	1.26025e+06	1.2885e+06	
1.27275e+06	1.25825e+06	1.27725e+06	1.288e+06	1.28725e+06	
1.247e+06	1.2615e+06	1.2715e+06	1.25e+06	1.2715e+06	
1.24325e+06	1.23875e+06	1.24075e+06	1.247e+06	1.21925e+06	
1.21425e+06	1.26825e+06	1.24325e+06	1.25e+06	1.2545e+06	
1.25125e+06	1.271e+06	1.26825e+06	1.274e+06	1.2565e+06	
1.22225e+06	1.25125e+06	1.247e+06	1.26275e+06	1.2595e+06	
1.184e+06	1.22175e+06	1.18275e+06	1.2035e+06	1.155e+06	
1.2085e+06	1.17625e+06	1.192e+06	1.19275e+06	1.1775e+06	
1.1965e+06	1.1605e+06	1.18075e+06	1.2135e+06	1.18025e+06	
1.14225e+06	1.16175e+06	1.13275e+06	1.141e+06	1.16625e+06	
1.09e+06	1.13225e+06	1.1235e+06	1.109e+06	1.12975e+06	
1.13475e+06	1.12225e+06	1.1355e+06	1.141e+06	1.12775e+06	
1.15375e+06	1.15125e+06	1.148e+06	1.1355e+06	1.1265e+06	
1.165e+06	1.15375e+06	1.141e+06	1.1815e+06	1.14425e+06	
1.21475e+06	1.182e+06	1.19275e+06	1.21675e+06	1.18775e+06	
1.267e+06	1.23e+06	1.2595e+06	1.23375e+06	1.26025e+06	
1.26525e+06	1.269e+06	1.29475e+06	1.271e+06	1.27975e+06	
1.28475e+06	1.29725e+06	1.29475e+06	1.262e+06	1.27775e+06	
1.3105e+06	1.29475e+06	1.325e+06	1.315e+06	1.2955e+06	
1.33325e+06	1.3055e+06	1.3445e+06	1.32375e+06	1.327e+06	
1.3945e+06	1.36725e+06	1.3855e+06	1.3705e+06	1.38e+06	
1.4315e+06	1.4195e+06	1.44225e+06	1.4555e+06	1.45625e+06	
1.455e+06	1.46875e+06	1.4535e+06	1.4825e+06	1.463e+06	
1.405e+06	1.436e+06	1.42325e+06	1.42325e+06	1.41525e+06	
1.35225e+06	1.30175e+06	1.37925e+06	1.3585e+06	1.3565e+06	
1.32825e+06	1.315e+06	1.296e+06	1.29725e+06	1.33275e+06	
1.3395e+06	1.32325e+06	1.3155e+06	1.31875e+06	1.31e+06	
1.34975e+06	1.35525e+06	1.33125e+06	1.39625e+06	1.35275e+06	
1.41075e+06	1.43225e+06	1.4285e+06	1.43725e+06	1.4195e+06	
1.47125e+06	1.44975e+06	1.4655e+06	1.44925e+06	1.439e+06	
1.434e+06	1.40575e+06	1.42525e+06	1.3615e+06	1.402e+06	
1.36675e+06	1.371e+06	1.33325e+06	1.3445e+06	1.334e+06	
1.3025e+06	1.31875e+06	1.27775e+06	1.2815e+06	1.28725e+06	
1.26325e+06	1.2425e+06	1.23175e+06	1.24125e+06	1.2425e+06	
1.19025e+06	1.177e+06	1.1815e+06	1.17825e+06	1.172e+06	
1.177e+06	1.165e+06	1.15875e+06	1.114e+06	1.18575e+06	
1.17325e+06	1.17825e+06	1.192e+06	1.16875e+06	1.14425e+06	
1.22175e+06	1.20225e+06	1.2185e+06	1.22425e+06	1.22425e+06	
1.317e+06	1.30425e+06	1.29975e+06	1.2885e+06	1.313e+06	
1.419e+06	1.424e+06	1.42475e+06	1.39575e+06	1.43275e+06	
1.44425e+06	1.424e+06	1.4285e+06	1.4455e+06	1.47375e+06	
1.431e+06	1.43725e+06	1.43275e+06	1.46375e+06	1.4405e+06	
1.4095e+06	1.4025e+06	1.41325e+06	1.431e+06	1.397e+06	
1.46625e+06	1.42725e+06	1.45225e+06	1.4455e+06	1.44925e+06	
1.47575e+06	1.4845e+06	1.47575e+06	1.4485e+06	1.46625e+06	
1.4845e+06	1.47075e+06	1.48125e+06	1.48125e+06	1.504e+06	
1.49275e+06	1.497e+06	1.46875e+06	1.48775e+06	1.49775e+06	
1.501e+06	1.51925e+06	1.4825e+06	1.4675e+06	1.4555e+06	
1.4915e+06	1.50975e+06	1.4795e+06	1.50025e+06	1.506e+06	
1.48125e+06	1.48325e+06	1.46875e+06	1.499e+06	1.51025e+06	
1.5575e+06	1.5405e+06	1.55825e+06	1.49025e+06	1.5455e+06	
1.61175e+06	1.637e+06	1.61125e+06	1.627e+06	1.603e+06	
1.6515e+06	1.6855e+06	1.68875e+06	1.72275e+06	1.7295e+06	
1.7725e+06	1.79575e+06	1.7845e+06	1.777e+06	1.77625e+06	
1.76875e+06	1.76625e+06	1.7725e+06	1.765e+06	1.75675e+06	
1.8135e+06	1.7945e+06	1.85375e+06	1.81975e+06	1.80575e+06	
1.83675e+06	1.8645e+06	1.89275e+06	1.867e+06	1.884e+06	
1.918e+06	1.95275e+06	1.88775e+06	1.8935e+06	1.96225e+06	
1.89775e+06	1.8885e+06	1.89775e+06	1.8915e+06	1.925e+06	
1.79775e+06	1.77875e+06	1.758e+06	1.78575e+06	1.7845e+06	
1.63625e+06	1.69625e+06	1.64775e+06	1.61425e+06	1.654e+06	
1.475e+06	1.45225e+06	1.48325e+06	1.4965e+06	1.49525e+06	
1.3005e+06	1.35275e+06	1.279e+06	1.29675e+06	1.32e+06	
1.24125e+06	1.26775e+06	1.24375e+06	1.2255e+06	1.25575e+06	
1.42775e+06	1.38675e+06	1.38175e+06	1.3805e+06	1.40625e+06	
1.63075e+06	1.59925e+06	1.63125e+06	1.6275e+06	1.6205e+06	
1.78825e+06	1.80575e+06	1.84675e+06	1.78875e+06	1.78575e+06	
1.9545e+06	1.94525e+06	1.90975e+06	1.935e+06	1.9085e+06	
2.00175e+06	2.04775e+06	1.98425e+06	2.024e+06	2e+06	
1.94e+06	1.971e+06	1.95825e+06	1.92625e+06	1.9495e+06	
1.7845e+06	1.775e+06	1.75175e+06	1.785e+06	1.768e+06	
1.5935e+06	1.57075e+06	1.5745e+06	1.596e+06	1.59225e+06	
1.42725e+06	1.4625e+06	1.4385e+06	1.426e+06	1.4365e+06	
1.564e+06	1.57325e+06	1.54125e+06	1.593e+06	1.57575e+06	
1.8455e+06	1.86625e+06	1.81725e+06	1.84125e+06	1.83175e+06	
2.15875e+06	2.14225e+06	2.131e+06	2.1385e+06	2.1405e+06	
2.3025e+06	2.28725e+06	2.32075e+06	2.3895e+06	2.404e+06	
2.44475e+06	2.48275e+06	2.448e+06	2.48575e+06	2.43975e+06	
2.58925e+06	2.53925e+06	2.57525e+06	2.5405e+06	2.572e+06	
2.5405e+06	2.588e+06	2.64775e+06	2.555e+06	2.59425e+06	
2.637e+06	2.59725e+06	2.5615e+06	2.5615e+06	2.64775e+06	
2.67225e+06	2.64575e+06	2.65475e+06	2.66275e+06	2.6195e+06	
2.6655e+06	2.6565e+06	2.69425e+06	2.68425e+06	2.717e+06	
2.693e+06	2.74425e+06	2.74025e+06	2.6655e+06	2.743e+06	
2.8745e+06	2.82225e+06	2.80725e+06	2.8425e+06	2.838e+06	
2.8835e+06	2.86525e+06	2.82175e+06	2.84825e+06	2.923e+06	
2.87325e+06	2.89275e+06	2.9085e+06	2.918e+06	2.8695e+06	
2.92825e+06	2.993e+06	2.98675e+06	2.9325e+06	2.93875e+06	
2.9005e+06	2.90175e+06	2.89225e+06	2.8865e+06	2.91125e+06	
2.8625e+06	2.89925e+06	2.8185e+06	2.86e+06	2.90475e+06	
2.88475e+06	2.8475e+06	2.8575e+06	2.8355e+06	2.89925e+06	
2.9175e+06	2.942e+06	2.9515e+06	2.90675e+06	2.92575e+06	
2.92175e+06	2.9445e+06	2.8985e+06	2.89925e+06	2.92875e+06	
2.8425e+06	2.91375e+06	2.85625e+06	2.872e+06	2.89725e+06	
2.9295e+06	2.96025e+06	2.9465e+06	2.90675e+06	2.942e+06	
2.947e+06	2.981e+06	2.84125e+06	2.935e+06	2.949e+06	
2.918e+06	2.8885e+06	2.92625e+06	2.91625e+06	2.903e+06	
2.87575e+06	2.935e+06	2.9175e+06	2.867e+06	2.90475e+06	
2.855e+06	2.9035e+06	2.89475e+06	2.89275e+06	2.8865e+06	
2.95025e+06	2.927e+06	2.91e+06	2.92875e+06	2.891e+06	
2.9615e+06	3.005e+06	2.9805e+06	2.97725e+06	2.97175e+06	
3.04525e+06	3.03075e+06	3.046e+06	3.04725e+06	2.995e+06	
3.094e+06	3.1285e+06	3.11475e+06	3.12475e+06	3.07825e+06	
3.18525e+06	3.19725e+06	3.1815e+06	3.1865e+06	3.21625e+06	
3.295e+06	3.317e+06	3.3025e+06	3.29925e+06	3.2325e+06	
3.28675e+06	3.27275e+06	3.31375e+06	3.30675e+06	3.3145e+06	
3.15825e+06	3.19775e+06	3.179e+06	3.19225e+06	3.24e+06	
3.0705e+06	3.03225e+06	3.0755e+06	2.99125e+06	3.017e+06	
3.01e+06	3.01125e+06	2.983e+06	2.988e+06	3.0195e+06	
3.07125e+06	3.08875e+06	3.09525e+06	3.099e+06	3.097e+06	
3.259e+06	3.28725e+06	3.30375e+06	3.2905e+06	3.3195e+06	
3.40275e+06	3.40825e+06	3.43675e+06	3.41475e+06	3.44475e+06	
3.45675e+06	3.4745e+06	3.4935e+06	3.46875e+06	3.467e+06	
3.482e+06	3.50525e+06	3.52175e+06	3.50025e+06	3.48325e+06	
3.50925e+06	3.49275e+06	3.4215e+06	3.45375e+06	3.4865e+06	
3.409e+06	3.453e+06	3.4185e+06	3.494e+06	3.46325e+06	
3.3825e+06	3.395e+06	3.3945e+06	3.4045e+06	3.4185e+06	
3.533e+06	3.605e+06	3.477e+06	3.47575e+06	3.5305e+06	
3.60375e+06	3.55075e+06	3.583e+06	3.5545e+06	3.5905e+06	
3.55e+06	3.518e+06	3.494e+06	3.5565e+06	3.5035e+06	
3.562e+06	3.54625e+06	3.569e+06	3.6635e+06	3.51475e+06	
3.4895e+06	3.50225e+06	3.57725e+06	3.50275e+06	3.6295e+06	
3.56575e+06	3.559e+06	3.55075e+06	3.5765e+06	3.6075e+06	
3.57975e+06	3.6855e+06	3.62125e+06	3.60925e+06	3.629e+06	
3.7095e+06	3.7725e+06	3.74925e+06	3.77575e+06	3.7165e+06	
3.77325e+06	3.72025e+06	3.71025e+06	3.72225e+06	3.66925e+06	
3.68425e+06	3.668e+06	3.642e+06	3.61125e+06	3.64975e+06	
3.65525e+06	3.61175e+06	3.5785e+06	3.622e+06	3.6105e+06	
3.59675e+06	3.5225e+06	3.5685e+06	3.60675e+06	3.615e+06	
3.5885e+06	3.60125e+06	3.60375e+06	3.60675e+06	3.625e+06	
3.666e+06	3.61825e+06	3.598e+06	3.65025e+06	3.59875e+06	
3.70325e+06	3.70125e+06	3.64075e+06	3.68175e+06	3.7115e+06	
3.73675e+06	3.7315e+06	3.69075e+06	3.734e+06	3.74475e+06	
3.74675e+06	3.726e+06	3.66425e+06	3.724e+06	3.73525e+06	
3.6565e+06	3.68675e+06	3.6945e+06	3.71275e+06	3.67875e+06	
3.76375e+06	3.784e+06	3.75875e+06	3.79975e+06	3.78775e+06	
3.8375e+06	3.8545e+06	3.896e+06	3.87475e+06	3.94275e+06	
3.98425e+06	4.01075e+06	3.951e+06	3.959e+06	3.94525e+06	
4.01825e+06	4.0655e+06	4.0285e+06	4.012e+06	4.039e+06	
4.00825e+06	4.06375e+06	3.98175e+06	4.029e+06	4.031e+06	
3.9105e+06	3.90425e+06	3.869e+06	3.8935e+06	3.89975e+06	
3.82675e+06	3.816e+06	3.82675e+06	3.83375e+06	3.80725e+06	
3.8115e+06	3.76425e+06	3.76125e+06	3.804e+06	3.772e+06	
3.74925e+06	3.7215e+06	3.77825e+06	3.77625e+06	3.77125e+06	
3.84e+06	3.9245e+06	3.8645e+06	3.891e+06	3.913e+06	
3.9415e+06	3.9735e+06	3.9875e+06	4.01075e+06	3.9685e+06	
4.07175e+06	3.98375e+06	3.96725e+06	3.9925e+06	4.0385e+06	
4.10075e+06	3.99425e+06	4.07325e+06	4.03775e+06	4.05875e+06	
4.06125e+06	3.97925e+06	4.0025e+06	4.03275e+06	4.0025e+06	
3.96025e+06	3.96475e+06	3.92825e+06	3.93125e+06	3.99425e+06	
4.0195e+06	4.07375e+06	4.0455e+06	4.0455e+06	4.01575e+06	
4.15825e+06	4.099e+06	4.15625e+06	4.1085e+06	4.18525e+06	
4.116e+06	4.12175e+06	4.0945e+06	4.05175e+06	4.12225e+06	
4.0845e+06	4.03975e+06	4.092e+06	4.08075e+06	4.02775e+06	
3.855e+06	3.898e+06	3.89475e+06	3.9075e+06	3.872e+06	
3.881e+06	4.03275e+06	3.961e+06	3.95975e+06	4.01275e+06	
4.046e+06	4.05425e+06	4.00375e+06	4.03025e+06	4.04225e+06	
4.106e+06	4.03525e+06	4.11275e+06	4.1205e+06	4.11275e+06	
4.04475e+06	4.007e+06	3.99425e+06	4.02525e+06	4.05425e+06	
3.92375e+06	3.95025e+06	3.88775e+06	3.942e+06	3.89175e+06	
3.813e+06	3.792e+06	3.79775e+06	3.782e+06	3.76175e+06	
3.564e+06	3.5355e+06	3.5255e+06	3.54125e+06	3.5205e+06	
3.31825e+06	3.361e+06	3.2925e+06	3.36175e+06	3.3315e+06	
3.24075e+06	3.19775e+06	3.2155e+06	3.2515e+06	3.25825e+06	
3.3415e+06	3.337e+06	3.2975e+06	3.27925e+06	3.28925e+06	
3.702e+06	3.69825e+06	3.77e+06	3.784e+06	3.79775e+06	
4.09325e+06	4.1405e+06	4.1935e+06	4.1815e+06	4.15325e+06	
4.44175e+06	4.42275e+06	4.43475e+06	4.4305e+06	4.438e+06	
4.3925e+06	4.36225e+06	4.41275e+06	4.3995e+06	4.40525e+06	
4.42675e+06	4.39075e+06	4.37675e+06	4.38075e+06	4.3705e+06	
4.535e+06	4.5305e+06	4.443e+06	4.571e+06	4.5225e+06	
4.53175e+06	4.399e+06	4.4645e+06	4.40825e+06	4.48725e+06	
4.21925e+06	4.26025e+06	4.259e+06	4.327e+06	4.27925e+06	
4.278e+06	4.25525e+06	4.1985e+06	4.2715e+06	4.273e+06	
4.41725e+06	4.3215e+06	4.41775e+06	4.4095e+06	4.35925e+06	
4.53825e+06	4.5425e+06	4.5425e+06	4.554e+06	4.576e+06	
4.639e+06	4.6075e+06	4.68175e+06	4.639e+06	4.6655e+06	
4.7815e+06	4.67675e+06	4.743e+06	4.75175e+06	4.729e+06	
5.026e+06	5.0195e+06	4.95975e+06	4.942e+06	4.978e+06	
4.98375e+06	5.034e+06	4.99625e+06	4.98875e+06	4.98125e+06	
4.95975e+06	5.01325e+06	5.002e+06	5e+06	4.98875e+06	
5.009e+06	4.862e+06	4.95975e+06	4.9445e+06	4.9275e+06	
4.9e+06	4.85e+06	4.8615e+06	4.78275e+06	4.828e+06	
4.63775e+06	4.6725e+06	4.70775e+06	4.66225e+06	4.73225e+06	
4.5305e+06	4.595e+06	4.57225e+06	4.51175e+06	4.58475e+06	
4.491e+06	4.4045e+06	4.40275e+06	4.462e+06	4.48025e+06	
4.70075e+06	4.64525e+06	4.68875e+06	4.6345e+06	4.6605e+06	
4.91375e+06	4.8065e+06	4.92075e+06	4.86275e+06	4.89425e+06	
4.963e+06	4.9295e+06	4.9295e+06	4.89675e+06	4.84875e+06	
5.0265e+06	5.00325e+06	4.88225e+06	4.9175e+06	4.973e+06	
4.88675e+06	4.9055e+06	4.90925e+06	4.87225e+06	4.927e+06	
5.065e+06	5.036e+06	5.0675e+06	5.07325e+06	5.109e+06	
5.15375e+06	5.20875e+06	5.2515e+06	5.22625e+06	5.2055e+06	
5.3335e+06	5.3165e+06	5.35925e+06	5.41975e+06	5.329e+06	
5.33225e+06	5.34475e+06	5.385e+06	5.37125e+06	5.341e+06	
5.57725e+06	5.49975e+06	5.542e+06	5.53125e+06	5.5295e+06	
5.55325e+06	5.56525e+06	5.49275e+06	5.5585e+06	5.5855e+06	
5.5155e+06	5.51675e+06	5.48775e+06	5.50675e+06	5.46075e+06	
5.50975e+06	5.46075e+06	5.4305e+06	5.496e+06	5.39275e+06	
5.54325e+06	5.4965e+06	5.52175e+06	5.48725e+06	5.515e+06	
5.518e+06	5.583e+06	5.5205e+06	5.5445e+06	5.586e+06	
5.5275e+06	5.5515e+06	5.60825e+06	5.57275e+06	5.6095e+06	
5.62075e+06	5.61875e+06	5.57425e+06	5.634e+06	5.56975e+06	
5.64975e+06	5.59875e+06	5.557e+06	5.58475e+06	5.615e+06	
5.4835e+06	5.38325e+06	5.47525e+06	5.43925e+06	5.4745e+06	
5.30575e+06	5.3335e+06	5.29425e+06	5.3455e+06	5.293e+06	
5.44175e+06	5.469e+06	5.49475e+06	5.4595e+06	5.51175e+06	
5.57275e+06	5.54e+06	5.57225e+06	5.55275e+06	5.56725e+06	
5.64525e+06	5.74675e+06	5.644e+06	5.63525e+06	5.5735e+06	
5.8545e+06	5.8395e+06	5.9195e+06	5.879e+06	5.87525e+06	
5.9055e+06	5.88675e+06	5.799e+06	5.9465e+06	5.94725e+06	
5.76325e+06	5.862e+06	5.84625e+06	5.87025e+06	5.837e+06	
5.90675e+06	5.8515e+06	5.929e+06	5.90675e+06	5.862e+06	
5.84575e+06	5.8905e+06	5.82125e+06	5.82925e+06	5.93325e+06	
5.9365e+06	5.91875e+06	5.98425e+06	5.97925e+06	5.879e+06	
6.0265e+06	6.00575e+06	5.96925e+06	5.985e+06	6.03475e+06	
6.05125e+06	6.007e+06	6.021e+06	5.9685e+06	6.0185e+06	
6.215e+06	6.08775e+06	6.2395e+06	6.1445e+06	6.16075e+06	
6.3405e+06	6.416e+06	6.346e+06	6.42675e+06	6.37325e+06	
6.30125e+06	6.27475e+06	6.28125e+06	6.18525e+06	6.1985e+06	
6.24575e+06	6.1985e+06	6.21425e+06	6.19725e+06	6.1765e+06	
6.19225e+06	6.203e+06	6.27425e+06	6.2195e+06	6.23275e+06	
6.01325e+06	6.0895e+06	6.11175e+06	6.07375e+06	6.09975e+06	
5.86475e+06	5.9755e+06	6.0045e+06	5.929e+06	5.925e+06	
5.83625e+06	5.745e+06	5.7355e+06	5.83125e+06	5.79225e+06	
5.8425e+06	5.9145e+06	5.881e+06	5.9025e+06	5.8155e+06	
5.8155e+06	5.854e+06	5.854e+06	5.9125e+06	5.85075e+06	
6.109e+06	6.0605e+06	6.07625e+06	6.04475e+06	6.0745e+06	
6.055e+06	6.07e+06	6.0745e+06	5.961e+06	6.05625e+06	
6.0095e+06	5.99875e+06	6.007e+06	6.0185e+06	6.0845e+06	
6.024e+06	6.036e+06	6.0745e+06	5.92775e+06	6.02025e+06	
6.16525e+06	6.12425e+06	6.123e+06	6.191e+06	6.12225e+06	
6.18475e+06	6.10525e+06	6.17225e+06	6.121e+06	6.14125e+06	
6.29e+06	6.24075e+06	6.198e+06	6.2735e+06	6.234e+06	
6.2345e+06	6.3405e+06	6.2485e+06	6.2275e+06	6.2155e+06	
6.353e+06	6.26925e+06	6.33025e+06	6.27425e+06	6.32725e+06	
6.3895e+06	6.39275e+06	6.5055e+06	6.43375e+06	6.49675e+06	
6.3625e+06	6.426e+06	6.3915e+06	6.41925e+06	6.34975e+06	
6.3045e+06	6.24975e+06	6.3075e+06	6.2735e+06	6.30375e+06	
6.2465e+06	6.273e+06	6.23075e+06	6.307e+06	6.309e+06	
6.27425e+06	6.2825e+06	6.201e+06	6.2825e+06	6.2585e+06	
6.2635e+06	6.27875e+06	6.309e+06	6.30075e+06	6.33225e+06	
6.28625e+06	6.37125e+06	6.23275e+06	6.31575e+06	6.29375e+06	
6.38575e+06	6.3045e+06	6.28425e+06	6.25975e+06	6.184e+06	
6.40725e+06	6.443e+06	6.40225e+06	6.40475e+06	6.45375e+06	
6.387e+06	6.438e+06	6.30125e+06	6.32975e+06	6.38075e+06	
6.56225e+06	6.5925e+06	6.52825e+06	6.56775e+06	6.61375e+06	
6.59125e+06	6.544e+06	6.51375e+06	6.5125e+06	6.469e+06	
6.6875e+06	6.5975e+06	6.6795e+06	6.491e+06	6.554e+06	
6.74125e+06	6.639e+06	6.61775e+06	6.561e+06	6.7015e+06	
6.63025e+06	6.67425e+06	6.736e+06	6.66425e+06	6.728e+06	
6.66875e+06	6.685e+06	6.66175e+06	6.6435e+06	6.6555e+06	
6.7575e+06	6.7135e+06	6.67425e+06	6.748e+06	6.70025e+06	
6.7235e+06	6.728e+06	6.68075e+06	6.6755e+06	6.639e+06	
6.6675e+06	6.552e+06	6.58425e+06	6.663e+06	6.53375e+06	
6.612e+06	6.59375e+06	6.61325e+06	6.60375e+06	6.55075e+06	
6.5995e+06	6.5445e+06	6.63525e+06	6.4885e+06	6.578e+06	
6.532e+06	6.525e+06	6.44375e+06	6.513e+06	6.5535e+06	
6.63975e+06	6.63525e+06	6.68125e+06	6.738e+06	6.65925e+06	
6.6895e+06	6.66125e+06	6.682e+06	6.62825e+06	6.64275e+06	
6.85575e+06	6.818e+06	6.815e+06	6.81675e+06	6.7965e+06	
6.59e+06	6.65225e+06	6.66125e+06	6.6945e+06	6.6825e+06	
6.656e+06	6.646e+06	6.6245e+06	6.59e+06	6.68325e+06	
6.75875e+06	6.6625e+06	6.723e+06	6.6845e+06	6.721e+06	
6.81675e+06	6.78725e+06	6.745e+06	6.796e+06	6.782e+06	
6.8885e+06	6.818e+06	6.8175e+06	6.85775e+06	6.7505e+06	
6.91075e+06	6.9025e+06	6.87275e+06	6.83075e+06	6.91375e+06	
7.014e+06	7.0305e+06	7.02725e+06	7.02775e+06	7.07075e+06	
7.014e+06	7.03975e+06	7.036e+06	7.0235e+06	7.091e+06	
7.10725e+06	7.04425e+06	7.04625e+06	7.0525e+06	7.062e+06	
7.026e+06	7.02975e+06	7.0015e+06	7.03675e+06	7.02725e+06	
7.04925e+06	7.116e+06	7.02525e+06	6.992e+06	7.0675e+06	
6.83375e+06	6.779e+06	6.871e+06	6.78275e+06	6.90375e+06	
7.02775e+06	6.98175e+06	7.0265e+06	6.9775e+06	6.95925e+06	
7.116e+06	7.18425e+06	7.1135e+06	7.036e+06	7.232e+06	
7.23325e+06	7.3385e+06	7.23825e+06	7.20425e+06	7.25275e+06	
7.64025e+06	7.56925e+06	7.505e+06	7.5175e+06	7.6195e+06	
7.515e+06	7.55225e+06	7.549e+06	7.60575e+06	7.53525e+06	
7.51125e+06	7.5515e+06	7.52075e+06	7.47075e+06	7.4735e+06	
7.554e+06	7.4645e+06	7.4405e+06	7.44625e+06	7.457e+06	
7.556e+06	7.57225e+06	7.5685e+06	7.5805e+06	7.64175e+06	
7.593e+06	7.59575e+06	7.55975e+06	7.56975e+06	7.636e+06	
7.74625e+06	7.7985e+06	7.709e+06	7.716e+06	7.67325e+06	
7.99775e+06	8.02275e+06	7.89625e+06	8.02425e+06	7.92825e+06	
7.985e+06	7.982e+06	7.92325e+06	8.0165e+06	7.96675e+06	
7.92025e+06	7.97875e+06	7.8875e+06	7.9755e+06	8.0625e+06	
8.09025e+06	7.87475e+06	8.01275e+06	8.02425e+06	8.0285e+06	
7.922e+06	8.0985e+06	8.00325e+06	8.0065e+06	7.95725e+06	
8.04425e+06	8.01525e+06	8.04875e+06	8.1005e+06	7.98575e+06	
8.0545e+06	8.0865e+06	7.95675e+06	8.1885e+06	8.06875e+06	
8.2825e+06	8.2465e+06	8.1805e+06	8.22075e+06	8.14075e+06	
8.32475e+06	8.41475e+06	8.3845e+06	8.4305e+06	8.38575e+06	
8.6215e+06	8.614e+06	8.6555e+06	8.563e+06	8.60125e+06	
8.52125e+06	8.5535e+06	8.58e+06	8.641e+06	8.556e+06	
8.61825e+06	8.64175e+06	8.65125e+06	8.67e+06	8.716e+06	
8.7765e+06	8.617e+06	8.5565e+06	8.7115e+06	8.602e+06	
8.994e+06	8.897e+06	8.8995e+06	8.8955e+06	8.9315e+06	
8.9485e+06	8.99525e+06	9.0035e+06	8.934e+06	8.96625e+06	
9.05075e+06	8.9825e+06	8.8585e+06	8.87725e+06	8.9775e+06	
9.16225e+06	9.25225e+06	9.103e+06	9.12625e+06	9.23275e+06	
9.24025e+06	9.17025e+06	9.212e+06	9.1005e+06	9.3165e+06	
9.09025e+06	9.10975e+06	9.16025e+06	9.1345e+06	9.08725e+06	
9.32225e+06	9.26225e+06	9.215e+06	9.25475e+06	9.2365e+06	
9.425e+06	9.47525e+06	9.367e+06	9.44825e+06	9.3645e+06	
9.471e+06	9.546e+06	9.57375e+06	9.4715e+06	9.452e+06	
9.621e+06	9.554e+06	9.66575e+06	9.5925e+06	9.63725e+06	
9.4325e+06	9.40025e+06	9.42425e+06	9.4445e+06	9.491e+06	
9.56475e+06	9.46525e+06	9.568e+06	9.54725e+06	9.59125e+06	
9.5605e+06	9.544e+06	9.563e+06	9.5925e+06	9.55025e+06	
9.62025e+06	9.52e+06	9.5605e+06	9.63025e+06	9.5605e+06	
9.4595e+06	9.546e+06	9.37325e+06	9.51825e+06	9.46775e+06	
9.7785e+06	9.7615e+06	9.5605e+06	9.68275e+06	9.832e+06	
9.653e+06	9.5125e+06	9.53775e+06	9.585e+06	9.616e+06	
9.2995e+06	9.46275e+06	9.23275e+06	9.24725e+06	9.2365e+06	
8.7305e+06	8.7865e+06	8.774e+06	8.8175e+06	8.78925e+06	
8.43625e+06	8.4475e+06	8.53025e+06	8.4715e+06	8.39475e+06	
8.41675e+06	8.44825e+06	8.4565e+06	8.33225e+06	8.4155e+06	
8.61575e+06	8.69725e+06	8.721e+06	8.67e+06	8.59875e+06	
9.22575e+06	9.1005e+06	9.0185e+06	9.13125e+06	9.19425e+06	
9.4085e+06	9.40025e+06	9.413e+06	9.39525e+06	9.302e+06	
9.742e+06	9.837e+06	9.82625e+06	9.86425e+06	9.822e+06	
9.95225e+06	9.89e+06	9.93225e+06	9.919e+06	9.89625e+06	
9.7985e+06	9.89125e+06	9.91325e+06	9.8345e+06	9.93525e+06	
9.975e+06	9.96425e+06	9.83025e+06	1.00085e+07	9.9365e+06	
1.02795e+07	1.02352e+07	1.02745e+07	1.0321e+07	1.03098e+07	
1.0532e+07	1.05025e+07	1.03902e+07	1.04598e+07	1.04495e+07	
1.07672e+07	1.0742e+07	1.0616e+07	1.06695e+07	1.0716e+07	
1.06298e+07	1.06052e+07	1.05535e+07	1.05882e+07	1.0641e+07	
1.08502e+07	1.06972e+07	1.07135e+07	1.07432e+07	1.07502e+07	
1.05572e+07	1.0452e+07	1.0507e+07	1.05252e+07	1.04892e+07	
1.04295e+07	1.03185e+07	1.03115e+07	1.03438e+07	1.03525e+07	
1.02542e+07	1.01508e+07	1.0132e+07	1.02585e+07	1.0287e+07	
1.03318e+07	1.03235e+07	1.02208e+07	1.01685e+07	1.02202e+07	
1.05038e+07	1.0338e+07	1.03815e+07	1.0338e+07	1.04225e+07	
1.0689e+07	1.07698e+07	1.06965e+07	1.0679e+07	1.07848e+07	
1.07458e+07	1.08378e+07	1.07072e+07	1.0849e+07	1.07955e+07	
1.0759e+07	1.0672e+07	1.07722e+07	1.07728e+07	1.07728e+07	
1.09418e+07	1.0917e+07	1.10085e+07	1.09265e+07	1.09095e+07	
1.11458e+07	1.10632e+07	1.1067e+07	1.11528e+07	1.10565e+07	
1.10632e+07	1.12448e+07	1.12032e+07	1.12902e+07	1.12322e+07	
1.12455e+07	1.11982e+07	1.1059e+07	1.11332e+07	1.11195e+07	
1.11818e+07	1.1079e+07	1.1139e+07	1.11672e+07	1.11345e+07	
1.12075e+07	1.1195e+07	1.11692e+07	1.12025e+07	1.12025e+07	
1.12062e+07	1.1122e+07	1.12272e+07	1.12298e+07	1.13835e+07	
1.12075e+07	1.13098e+07	1.1207e+07	1.13185e+07	1.11975e+07	
1.12902e+07	1.1318e+07	1.13482e+07	1.13388e+07	1.12902e+07	
1.13525e+07	1.13342e+07	1.13575e+07	1.1396e+07	1.14755e+07	
1.12965e+07	1.12952e+07	1.1253e+07	1.14428e+07	1.13922e+07	
1.1064e+07	1.1139e+07	1.10702e+07	1.10325e+07	1.10778e+07	
1.08932e+07	1.10135e+07	1.0938e+07	1.10192e+07	1.09952e+07	
1.10135e+07	1.08838e+07	1.08988e+07	1.08895e+07	1.0924e+07	
1.10942e+07	1.111e+07	1.11622e+07	1.13072e+07	1.12285e+07	
1.12398e+07	1.12758e+07	1.1236e+07	1.11932e+07	1.11892e+07	
1.11768e+07	1.11825e+07	1.13362e+07	1.12025e+07	1.12102e+07	
1.10105e+07	1.11225e+07	1.10482e+07	1.1091e+07	1.10615e+07	
1.08038e+07	1.09858e+07	1.09265e+07	1.07968e+07	1.09078e+07	
1.0844e+07	1.0887e+07	1.0815e+07	1.07552e+07	1.08265e+07	
1.08522e+07	1.0878e+07	1.08428e+07	1.082e+07	1.0851e+07	
1.07652e+07	1.07835e+07	1.07898e+07	1.065e+07	1.07242e+07	
1.0687e+07	1.06802e+07	1.0701e+07	1.07528e+07	1.0733e+07	
1.08698e+07	1.08212e+07	1.0929e+07	1.0786e+07	1.09525e+07	
1.1093e+07	1.118e+07	1.10268e+07	1.10262e+07	1.10715e+07	
1.11692e+07	1.12298e+07	1.11125e+07	1.1246e+07	1.12115e+07	
1.11548e+07	1.11888e+07	1.11262e+07	1.10362e+07	1.12738e+07	
1.1224e+07	1.1156e+07	1.1144e+07	1.11812e+07	1.10375e+07	
1.09348e+07	1.1011e+07	1.09518e+07	1.09808e+07	1.09645e+07	
1.1098e+07	1.1013e+07	1.11552e+07	1.11428e+07	1.11478e+07	
1.1219e+07	1.12418e+07	1.13318e+07	1.1236e+07	1.12895e+07	
1.13442e+07	1.14218e+07	1.14598e+07	1.1435e+07	1.14338e+07	
1.1626e+07	1.1679e+07	1.1592e+07	1.15605e+07	1.16715e+07	
1.16678e+07	1.16342e+07	1.1636e+07	1.16608e+07	1.1694e+07	
1.18215e+07	1.17748e+07	1.17212e+07	1.17388e+07	1.1696e+07	
1.14798e+07	1.14548e+07	1.1565e+07	1.14288e+07	1.1471e+07	
1.14755e+07	1.14262e+07	1.1565e+07	1.14552e+07	1.16952e+07	
1.1391e+07	1.14955e+07	1.1384e+07	1.1347e+07	1.13442e+07	
1.1277e+07	1.12095e+07	1.1159e+07	1.12115e+07	1.13028e+07	
1.11988e+07	1.11602e+07	1.11232e+07	1.11498e+07	1.1084e+07	
1.1178e+07	1.12158e+07	1.11962e+07	1.11875e+07	1.1171e+07	
1.1556e+07	1.1645e+07	1.15402e+07	1.15245e+07	1.15038e+07	
1.16098e+07	1.16368e+07	1.1585e+07	1.14768e+07	1.1706e+07	
1.1573e+07	1.15895e+07	1.15415e+07	1.15415e+07	1.15882e+07	
1.14925e+07	1.15335e+07	1.15252e+07	1.1541e+07	1.14705e+07	
1.14478e+07	1.1449e+07	1.13652e+07	1.14465e+07	1.13815e+07	
1.15535e+07	1.1398e+07	1.13972e+07	1.13425e+07	1.14218e+07	
1.15958e+07	1.15335e+07	1.1636e+07	1.15365e+07	1.1626e+07	
1.17602e+07	1.182e+07	1.18278e+07	1.1834e+07	1.18042e+07	
1.16115e+07	1.1691e+07	1.16002e+07	1.16202e+07	1.16505e+07	
1.17022e+07	1.15062e+07	1.15895e+07	1.17395e+07	1.1599e+07	
1.16708e+07	1.1694e+07	1.1643e+07	1.15882e+07	1.16972e+07	
1.15585e+07	1.15008e+07	1.14565e+07	1.1471e+07	1.15032e+07	
1.1333e+07	1.13168e+07	1.13732e+07	1.13412e+07	1.13362e+07	
1.14112e+07	1.14358e+07	1.1418e+07	1.15152e+07	1.13362e+07	
1.13168e+07	1.12518e+07	1.12505e+07	1.12422e+07	1.126e+07	
1.11155e+07	1.1163e+07	1.1108e+07	1.1139e+07	1.10872e+07	
1.12032e+07	1.12182e+07	1.11648e+07	1.11432e+07	1.1134e+07	
1.134e+07	1.13078e+07	1.13122e+07	1.13128e+07	1.12852e+07	
1.1374e+07	1.13968e+07	1.13702e+07	1.13885e+07	1.1323e+07	
1.14088e+07	1.1534e+07	1.13848e+07	1.14598e+07	1.13815e+07	
1.13148e+07	1.13985e+07	1.12302e+07	1.1195e+07	1.13935e+07	
1.07885e+07	1.08705e+07	1.08692e+07	1.07868e+07	1.08208e+07	
1.03922e+07	1.0207e+07	1.03268e+07	1.03758e+07	1.04212e+07	
1.01548e+07	1.02e+07	1.01842e+07	1.01755e+07	1.0125e+07	
1.02928e+07	1.02385e+07	1.02428e+07	1.0224e+07	1.01508e+07	
1.04212e+07	1.0551e+07	1.0374e+07	1.04888e+07	1.04325e+07	
1.04805e+07	1.04308e+07	1.05348e+07	1.04142e+07	1.05158e+07	
1.0449e+07	1.049e+07	1.04428e+07	1.05555e+07	1.0457e+07	
1.082e+07	1.07118e+07	1.07898e+07	1.0808e+07	1.07338e+07	
1.09082e+07	1.09568e+07	1.09222e+07	1.0938e+07	1.0967e+07	
1.12588e+07	1.12202e+07	1.1212e+07	1.10565e+07	1.1151e+07	
1.14295e+07	1.13298e+07	1.13078e+07	1.14288e+07	1.13562e+07	
1.14615e+07	1.1415e+07	1.1481e+07	1.1328e+07	1.15322e+07	
1.15335e+07	1.1527e+07	1.14428e+07	1.14495e+07	1.1449e+07	
1.1691e+07	1.16222e+07	1.15455e+07	1.15485e+07	1.1563e+07	
1.16442e+07	1.16682e+07	1.15755e+07	1.16418e+07	1.16085e+07	
1.17022e+07	1.17988e+07	1.18012e+07	1.17748e+07	1.17035e+07	
1.1795e+07	1.174e+07	1.17068e+07	1.16902e+07	1.17898e+07	
1.16202e+07	1.1645e+07	1.15978e+07	1.16052e+07	1.15742e+07	
1.15742e+07	1.14598e+07	1.15498e+07	1.16015e+07	1.15335e+07	
1.14338e+07	1.15428e+07	1.1556e+07	1.16242e+07	1.1444e+07	
1.17565e+07	1.1708e+07	1.17445e+07	1.17212e+07	1.1776e+07	
1.205e+07	1.19318e+07	1.18978e+07	1.20002e+07	1.19542e+07	
1.2154e+07	1.21e+07	1.21378e+07	1.20508e+07	1.2057e+07	
1.21805e+07	1.21875e+07	1.21792e+07	1.21232e+07	1.2229e+07	
1.21315e+07	1.21295e+07	1.21055e+07	1.20842e+07	1.22082e+07	
1.2144e+07	1.2076e+07	1.20842e+07	1.2066e+07	1.22182e+07	
1.19732e+07	1.21245e+07	1.2066e+07	1.20432e+07	1.21875e+07	
1.17938e+07	1.18522e+07	1.18762e+07	1.17735e+07	1.1904e+07	
1.14755e+07	1.1539e+07	1.1519e+07	1.1517e+07	1.15348e+07	
1.09908e+07	1.10525e+07	1.10722e+07	1.1059e+07	1.10632e+07	
1.1176e+07	1.10362e+07	1.10955e+07	1.12102e+07	1.11378e+07	
1.1306e+07	1.1321e+07	1.12128e+07	1.12932e+07	1.13375e+07	
1.16638e+07	1.1577e+07	1.15322e+07	1.1573e+07	1.14602e+07	
1.17615e+07	1.19272e+07	1.18252e+07	1.1849e+07	1.18302e+07	
1.21005e+07	1.20055e+07	1.2079e+07	1.20172e+07	1.2004e+07	
1.22625e+07	1.2345e+07	1.2197e+07	1.22228e+07	1.22568e+07	
1.25252e+07	1.24245e+07	1.24772e+07	1.23892e+07	1.23405e+07	
1.23172e+07	1.2347e+07	1.23532e+07	1.23248e+07	1.22165e+07	
1.23078e+07	1.22725e+07	1.22998e+07	1.22878e+07	1.2355e+07	
1.2374e+07	1.23318e+07	1.2081e+07	1.22858e+07	1.219e+07	
1.25095e+07	1.24598e+07	1.25435e+07	1.25562e+07	1.23892e+07	
1.2459e+07	1.23595e+07	1.23922e+07	1.2497e+07	1.2517e+07	
1.25492e+07	1.26222e+07	1.25625e+07	1.24408e+07	1.24838e+07	
1.24942e+07	1.25008e+07	1.24735e+07	1.2449e+07	1.24988e+07	
1.21908e+07	1.23728e+07	1.2163e+07	1.21842e+07	1.2212e+07	
1.19928e+07	1.20092e+07	1.1943e+07	1.19002e+07	1.18692e+07	
1.18138e+07	1.1885e+07	1.18398e+07	1.17598e+07	1.18402e+07	
1.18182e+07	1.17288e+07	1.18845e+07	1.18485e+07	1.18585e+07	
1.20028e+07	1.202e+07	1.19368e+07	1.19802e+07	1.20388e+07	
1.1967e+07	1.19898e+07	1.204e+07	1.19512e+07	1.20192e+07	
1.21315e+07	1.20122e+07	1.20092e+07	1.21125e+07	1.20988e+07	
1.20558e+07	1.21378e+07	1.20885e+07	1.1991e+07	1.202e+07	
1.234e+07	1.226e+07	1.21138e+07	1.22128e+07	1.2108e+07	
1.2367e+07	1.2301e+07	1.2238e+07	1.23305e+07	1.23898e+07	
1.24938e+07	1.23905e+07	1.23615e+07	1.24358e+07	1.2379e+07	
1.23118e+07	1.23562e+07	1.23388e+07	1.2447e+07	1.2347e+07	
1.23118e+07	1.22202e+07	1.22372e+07	1.22588e+07	1.22102e+07	
1.2011e+07	1.19272e+07	1.19815e+07	1.21415e+07	1.20628e+07	
1.21005e+07	1.21278e+07	1.20935e+07	1.20395e+07	1.19782e+07	
1.20728e+07	1.20565e+07	1.19185e+07	1.20172e+07	1.21805e+07	
1.20425e+07	1.2086e+07	1.21088e+07	1.1984e+07	1.20905e+07	
1.22012e+07	1.21742e+07	1.22285e+07	1.20955e+07	1.21855e+07	
1.2129e+07	1.21868e+07	1.2064e+07	1.20748e+07	1.21245e+07	
1.204e+07	1.21548e+07	1.21075e+07	1.20275e+07	1.21692e+07	
1.22e+07	1.2158e+07	1.21485e+07	1.20918e+07	1.21042e+07	
1.18938e+07	1.1965e+07	1.18428e+07	1.19252e+07	1.18522e+07	
1.16935e+07	1.17345e+07	1.1619e+07	1.16998e+07	1.17855e+07	
1.15415e+07	1.1679e+07	1.16235e+07	1.15675e+07	1.15518e+07	
1.15335e+07	1.1587e+07	1.15422e+07	1.14892e+07	1.16488e+07	
1.15605e+07	1.15398e+07	1.15725e+07	1.15795e+07	1.16172e+07	
1.16392e+07	1.16085e+07	1.1643e+07	1.17395e+07	1.17068e+07	
1.1761e+07	1.187e+07	1.17968e+07	1.17552e+07	1.17652e+07	
1.17988e+07	1.189e+07	1.1643e+07	1.17748e+07	1.16575e+07	
1.16998e+07	1.17168e+07	1.17408e+07	1.17445e+07	1.17868e+07	
1.18535e+07	1.19272e+07	1.1955e+07	1.18112e+07	1.18932e+07	
1.17362e+07	1.17388e+07	1.18542e+07	1.1711e+07	1.16532e+07	
1.1844e+07	1.18605e+07	1.19108e+07	1.1875e+07	1.19228e+07	
1.18655e+07	1.19108e+07	1.17872e+07	1.18535e+07	1.19438e+07	
1.19542e+07	1.18788e+07	1.1984e+07	1.19052e+07	1.20432e+07	
1.19078e+07	1.18188e+07	1.1829e+07	1.17962e+07	1.19128e+07	
1.18755e+07	1.2028e+07	1.19765e+07	1.19878e+07	1.19902e+07	
1.20822e+07	1.21308e+07	1.21092e+07	1.2057e+07	1.20935e+07	
1.1812e+07	1.18258e+07	1.19078e+07	1.19355e+07	1.18005e+07	
1.19442e+07	1.19078e+07	1.19355e+07	1.18805e+07	1.19372e+07	
1.18592e+07	1.1863e+07	1.18792e+07	1.1974e+07	1.19752e+07	
1.18485e+07	1.18932e+07	1.18875e+07	1.17925e+07	1.18542e+07	
1.1875e+07	1.17918e+07	1.17598e+07	1.19228e+07	1.18768e+07	
1.16375e+07	1.17098e+07	1.17308e+07	1.17205e+07	1.1672e+07	
1.16255e+07	1.14735e+07	1.15328e+07	1.1546e+07	1.15265e+07	
1.1679e+07	1.17728e+07	1.15958e+07	1.15838e+07	1.16185e+07	
1.1725e+07	1.1803e+07	1.17358e+07	1.172e+07	1.16952e+07	
1.17962e+07	1.1781e+07	1.1648e+07	1.17582e+07	1.16902e+07	
1.16978e+07	1.16872e+07	1.16322e+07	1.1839e+07	1.16582e+07	
1.17735e+07	1.18025e+07	1.18912e+07	1.18875e+07	1.18025e+07	
1.17842e+07	1.16492e+07	1.1803e+07	1.18598e+07	1.17325e+07	
1.18585e+07	1.18332e+07	1.17798e+07	1.18435e+07	1.17155e+07	
1.18742e+07	1.18228e+07	1.1747e+07	1.1776e+07	1.19082e+07	
1.1737e+07	1.17755e+07	1.16915e+07	1.166e+07	1.17545e+07	
1.1645e+07	1.1682e+07	1.16708e+07	1.16525e+07	1.17755e+07	
1.17192e+07	1.1691e+07	1.17918e+07	1.16625e+07	1.16922e+07	
1.18398e+07	1.1885e+07	1.1827e+07	1.17578e+07	1.18302e+07	
1.17722e+07	1.18925e+07	1.17035e+07	1.17018e+07	1.1803e+07	
1.17022e+07	1.17465e+07	1.17578e+07	1.16425e+07	1.1628e+07	
1.1694e+07	1.17478e+07	1.1655e+07	1.1771e+07	1.17452e+07	
1.16368e+07	1.17005e+07	1.16438e+07	1.16008e+07	1.17438e+07	
1.18655e+07	1.17168e+07	1.16702e+07	1.16632e+07	1.1783e+07	
1.18245e+07	1.17698e+07	1.1747e+07	1.1677e+07	1.17702e+07	
1.17715e+07	1.17925e+07	1.18282e+07	1.17532e+07	1.1761e+07	
1.18925e+07	1.1909e+07	1.18518e+07	1.18315e+07	1.18108e+07	
1.18332e+07	1.18075e+07	1.1904e+07	1.18498e+07	1.19372e+07	
1.18018e+07	1.1895e+07	1.18845e+07	1.17925e+07	1.19065e+07	
1.1577e+07	1.16002e+07	1.17098e+07	1.16558e+07	1.17565e+07	
1.17358e+07	1.1614e+07	1.15762e+07	1.1728e+07	1.16525e+07	
1.15402e+07	1.15058e+07	1.14585e+07	1.15265e+07	1.15385e+07	
1.12775e+07	1.13368e+07	1.1318e+07	1.14258e+07	1.13375e+07	
1.1393e+07	1.13665e+07	1.134e+07	1.13078e+07	1.13508e+07	
1.1384e+07	1.1403e+07	1.1459e+07	1.14168e+07	1.14482e+07	
1.1413e+07	1.14175e+07	1.14615e+07	1.14408e+07	1.14445e+07	
1.14602e+07	1.1352e+07	1.13765e+07	1.14245e+07	1.1435e+07	
1.10702e+07	1.09915e+07	1.12178e+07	1.11395e+07	1.11068e+07	
1.1108e+07	1.11655e+07	1.11105e+07	1.09492e+07	1.104e+07	
1.10508e+07	1.1103e+07	1.1088e+07	1.1057e+07	1.10035e+07	
1.11585e+07	1.1149e+07	1.10802e+07	1.11005e+07	1.11452e+07	
1.1159e+07	1.11642e+07	1.11328e+07	1.12422e+07	1.11578e+07	
1.1326e+07	1.12638e+07	1.11995e+07	1.12812e+07	1.14212e+07	
1.14635e+07	1.13508e+07	1.13815e+07	1.13222e+07	1.13388e+07	
1.14168e+07	1.1437e+07	1.14912e+07	1.1362e+07	1.14338e+07	
1.1384e+07	1.13375e+07	1.134e+07	1.1389e+07	1.1391e+07	
1.13955e+07	1.12732e+07	1.13482e+07	1.13072e+07	1.12812e+07	
1.13508e+07	1.13305e+07	1.13085e+07	1.14238e+07	1.13388e+07	
1.1345e+07	1.12128e+07	1.1294e+07	1.13715e+07	1.13168e+07	
1.14188e+07	1.1362e+07	1.14245e+07	1.13785e+07	1.14482e+07	
1.14805e+07	1.14962e+07	1.14408e+07	1.14768e+07	1.15138e+07	
1.13815e+07	1.1381e+07	1.14005e+07	1.14495e+07	1.13582e+07	
1.13022e+07	1.12152e+07	1.13545e+07	1.12758e+07	1.1347e+07	
1.13652e+07	1.13935e+07	1.13695e+07	1.13582e+07	1.1347e+07	
1.1326e+07	1.13732e+07	1.12472e+07	1.12378e+07	1.13512e+07	
1.12838e+07	1.13538e+07	1.13048e+07	1.1301e+07	1.12708e+07	
1.11378e+07	1.13048e+07	1.119e+07	1.12348e+07	1.11585e+07	
1.1127e+07	1.1188e+07	1.12008e+07	1.11402e+07	1.11945e+07	
1.11258e+07	1.10715e+07	1.0955e+07	1.11182e+07	1.10078e+07	
1.11465e+07	1.11735e+07	1.11458e+07	1.10645e+07	1.1091e+07	
1.13015e+07	1.12182e+07	1.12252e+07	1.12638e+07	1.12472e+07	
1.12625e+07	1.12418e+07	1.11995e+07	1.12228e+07	1.12352e+07	
1.13368e+07	1.1275e+07	1.13658e+07	1.12195e+07	1.13765e+07	
1.13338e+07	1.1328e+07	1.13425e+07	1.13968e+07	1.12265e+07	
1.1219e+07	1.12165e+07	1.11042e+07	1.12158e+07	1.1108e+07	
1.10318e+07	1.112e+07	1.1071e+07	1.11125e+07	1.1132e+07	
1.11735e+07	1.1035e+07	1.10475e+07	1.11718e+07	1.10835e+07	
1.1173e+07	1.10678e+07	1.1074e+07	1.10765e+07	1.11805e+07	
1.1042e+07	1.09392e+07	1.1035e+07	1.0989e+07	1.1127e+07	
1.09645e+07	1.10602e+07	1.10582e+07	1.09575e+07	1.09468e+07	
1.09775e+07	1.096e+07	1.09418e+07	1.10872e+07	1.09802e+07	
1.08522e+07	1.09405e+07	1.08132e+07	1.08672e+07	1.07955e+07	
1.08112e+07	1.08018e+07	1.08212e+07	1.07168e+07	1.08088e+07	
1.07632e+07	1.06695e+07	1.06948e+07	1.07068e+07	1.0839e+07	
1.09732e+07	1.09405e+07	1.0963e+07	1.09468e+07	1.09012e+07	
1.1035e+07	1.0938e+07	1.09592e+07	1.09712e+07	1.10275e+07	
1.1125e+07	1.1067e+07	1.11722e+07	1.11705e+07	1.10752e+07	
1.11105e+07	1.10168e+07	1.10628e+07	1.10722e+07	1.1127e+07	
1.11912e+07	1.11975e+07	1.10488e+07	1.12535e+07	1.1161e+07	
1.11478e+07	1.11088e+07	1.1217e+07	1.10918e+07	1.11055e+07	
1.10828e+07	1.1188e+07	1.10388e+07	1.1139e+07	1.12442e+07	
1.11062e+07	1.11958e+07	1.11062e+07	1.1071e+07	1.11345e+07	
1.09758e+07	1.0984e+07	1.10085e+07	1.10495e+07	1.09385e+07	
1.09832e+07	1.10508e+07	1.10292e+07	1.0892e+07	1.11055e+07	
1.08515e+07	1.0817e+07	1.08572e+07	1.08718e+07	1.08485e+07	
1.08395e+07	1.08415e+07	1.07305e+07	1.08345e+07	1.0837e+07	
1.08195e+07	1.0863e+07	1.08132e+07	1.0812e+07	1.0834e+07	
1.09032e+07	1.07558e+07	1.07648e+07	1.0849e+07	1.08528e+07	
1.0708e+07	1.08068e+07	1.07495e+07	1.08158e+07	1.0875e+07	
1.08308e+07	1.09058e+07	1.08605e+07	1.10085e+07	1.0871e+07	
1.06965e+07	1.08435e+07	1.07362e+07	1.07192e+07	1.08378e+07	
1.07798e+07	1.08452e+07	1.07262e+07	1.0815e+07	1.07715e+07	
1.05742e+07	1.06202e+07	1.065e+07	1.06808e+07	1.06222e+07	
1.06985e+07	1.06372e+07	1.0747e+07	1.06708e+07	1.06398e+07	
1.05018e+07	1.0607e+07	1.05555e+07	1.05592e+07	1.05825e+07	
1.05555e+07	1.05622e+07	1.05808e+07	1.06235e+07	1.06285e+07	
1.06512e+07	1.06008e+07	1.0771e+07	1.05518e+07	1.07268e+07	
1.06455e+07	1.06108e+07	1.06002e+07	1.07495e+07	1.06935e+07	
1.07002e+07	1.07148e+07	1.06298e+07	1.0795e+07	1.0759e+07	
1.07608e+07	1.0648e+07	1.0728e+07	1.0725e+07	1.06752e+07	
1.06538e+07	1.07495e+07	1.0655e+07	1.07822e+07	1.07192e+07	
1.05882e+07	1.07382e+07	1.07855e+07	1.0691e+07	1.08378e+07	
1.0757e+07	1.07345e+07	1.0733e+07	1.07508e+07	1.0839e+07	
1.07085e+07	1.07818e+07	1.06268e+07	1.08162e+07	1.0723e+07	
1.0643e+07	1.08012e+07	1.06998e+07	1.07238e+07	1.07072e+07	
1.08742e+07	1.08112e+07	1.06985e+07	1.08958e+07	1.07445e+07	
1.07748e+07	1.0653e+07	1.07122e+07	1.06562e+07	1.08212e+07	
1.07748e+07	1.0844e+07	1.07122e+07	1.0774e+07	1.07868e+07	
1.07242e+07	1.07582e+07	1.07502e+07	1.06948e+07	1.07942e+07	
1.066e+07	1.0745e+07	1.0648e+07	1.07772e+07	1.07805e+07	
1.06492e+07	1.07122e+07	1.0723e+07	1.06045e+07	1.07722e+07	
1.05642e+07	1.06865e+07	1.06215e+07	1.06135e+07	1.0648e+07	
1.05932e+07	1.04918e+07	1.06152e+07	1.06198e+07	1.04822e+07	
1.04532e+07	1.04085e+07	1.04968e+07	1.03822e+07	1.04698e+07	
1.03455e+07	1.03532e+07	1.0282e+07	1.0268e+07	1.027e+07	
1.01995e+07	1.02398e+07	1.0333e+07	1.03078e+07	1.02668e+07	
1.0265e+07	1.0277e+07	1.02472e+07	1.0224e+07	1.0263e+07	
1.03828e+07	1.03462e+07	1.02468e+07	1.0328e+07	1.03878e+07	
1.0227e+07	1.01862e+07	1.02592e+07	1.02208e+07	1.02718e+07	
1.021e+07	1.01535e+07	1.01868e+07	1.02215e+07	1.0326e+07	
1.02315e+07	1.0282e+07	1.01862e+07	1.01825e+07	1.02522e+07	
1.00072e+07	1.00885e+07	9.92025e+06	1.00582e+07	1.00325e+07	
9.74575e+06	9.73375e+06	9.77975e+06	9.79175e+06	9.74825e+06	
9.45275e+06	9.5315e+06	9.45075e+06	9.466e+06	9.50125e+06	
9.21075e+06	9.1835e+06	9.24475e+06	9.181e+06	9.2195e+06	
9.1685e+06	9.1735e+06	9.0955e+06	9.10725e+06	8.96875e+06	
9.19125e+06	9.11375e+06	9.19925e+06	9.12625e+06	9.10925e+06	
9.27875e+06	9.3745e+06	9.316e+06	9.32925e+06	9.26375e+06	
9.365e+06	9.37825e+06	9.37325e+06	9.40725e+06	9.3355e+06	
9.355e+06	9.35575e+06	9.343e+06	9.2825e+06	9.42e+06	
9.51075e+06	9.55475e+06	9.503e+06	9.54525e+06	9.49625e+06	
9.44e+06	9.46275e+06	9.498e+06	9.55475e+06	9.4205e+06	
9.558e+06	9.50875e+06	9.45325e+06	9.4445e+06	9.6045e+06	
9.58125e+06	9.5535e+06	9.575e+06	9.6335e+06	9.449e+06	
9.4325e+06	9.51575e+06	9.464e+06	9.47775e+06	9.437e+06	
9.62225e+06	9.59625e+06	9.616e+06	9.63975e+06	9.5875e+06	
9.61075e+06	9.607e+06	9.56675e+06	9.55475e+06	9.61775e+06	
9.4785e+06	9.47925e+06	9.38325e+06	9.5025e+06	9.57375e+06	
9.51e+06	9.495e+06	9.4615e+06	9.4255e+06	9.4565e+06	
9.43175e+06	9.4685e+06	9.38575e+06	9.4155e+06	9.4495e+06	
9.35825e+06	9.35125e+06	9.4595e+06	9.2535e+06	9.3985e+06	
9.25675e+06	9.30275e+06	9.338e+06	9.36325e+06	9.333e+06	
9.30525e+06	9.382e+06	9.3455e+06	9.4155e+06	9.316e+06	
9.4975e+06	9.35875e+06	9.33425e+06	9.556e+06	9.42125e+06	
9.45075e+06	9.3845e+06	9.43e+06	9.40475e+06	9.587e+06	
9.464e+06	9.394e+06	9.3765e+06	9.4635e+06	9.35575e+06	
9.38075e+06	9.3255e+06	9.37825e+06	9.3405e+06	9.546e+06	
9.35575e+06	9.51875e+06	9.39475e+06	9.435e+06	9.457e+06	
9.42425e+06	9.3475e+06	9.345e+06	9.38025e+06	9.3695e+06	
9.27e+06	9.23775e+06	9.23525e+06	9.28075e+06	9.261e+06	
9.37325e+06	9.4205e+06	9.38775e+06	9.18675e+06	9.4225e+06	
9.31775e+06	9.32025e+06	9.24475e+06	9.2875e+06	9.32975e+06	
9.42375e+06	9.304e+06	9.2795e+06	9.33975e+06	9.34875e+06	
9.268e+06	9.2385e+06	9.29125e+06	9.34675e+06	9.37775e+06	
9.27375e+06	9.35e+06	9.31225e+06	9.321e+06	9.28325e+06	
9.2725e+06	9.3065e+06	9.32675e+06	9.32275e+06	9.302e+06	
9.24225e+06	9.31275e+06	9.2335e+06	9.2535e+06	9.28125e+06	
9.367e+06	9.29575e+06	9.27125e+06	9.43e+06	9.2995e+06	
9.098e+06	9.0865e+06	9.13075e+06	9.24275e+06	9.18675e+06	
9.24775e+06	9.115e+06	9.0885e+06	9.171e+06	9.186e+06	
9.15025e+06	9.1785e+06	9.19e+06	9.1565e+06	9.30025e+06	
9.12375e+06	9.06825e+06	9.1155e+06	9.07275e+06	9.137e+06	
9.108e+06	9.195e+06	9.12425e+06	9.08525e+06	9.198e+06	
9.14775e+06	9.18225e+06	9.18425e+06	9.20375e+06	9.23475e+06	
9.1875e+06	9.30825e+06	9.20175e+06	9.1415e+06	9.28e+06	
9.3765e+06	9.32025e+06	9.33475e+06	9.2875e+06	9.3305e+06	
9.23725e+06	9.39975e+06	9.26375e+06	9.319e+06	9.32475e+06	
9.29e+06	9.3525e+06	9.23025e+06	9.24975e+06	9.29575e+06	
9.34875e+06	9.40175e+06	9.28625e+06	9.26375e+06	9.324e+06	
9.32975e+06	9.34375e+06	9.31275e+06	9.338e+06	9.34675e+06	
9.35125e+06	9.3595e+06	9.26375e+06	9.24975e+06	9.22075e+06	
9.3255e+06	9.2175e+06	9.29825e+06	9.24775e+06	9.18425e+06	
9.24975e+06	9.25725e+06	9.24275e+06	9.2335e+06	9.2795e+06	
9.0665e+06	9.08275e+06	9.1685e+06	9.13075e+06	9.127e+06	
9.227e+06	9.219e+06	9.21325e+06	9.2335e+06	9.229e+06	
9.29575e+06	9.28075e+06	9.2025e+06	9.28125e+06	9.28825e+06	
9.2335e+06	9.20375e+06	9.1105e+06	9.074e+06	9.20575e+06	
9.164e+06	9.1465e+06	9.0665e+06	9.1685e+06	9.1905e+06	
9.18475e+06	9.14775e+06	9.11375e+06	9.207e+06	9.03625e+06	
9.1085e+06	8.97625e+06	9.10175e+06	9.13325e+06	9.08225e+06	
9.1635e+06	9.055e+06	9.1495e+06	9.0865e+06	8.997e+06	
9.05625e+06	8.96375e+06	8.994e+06	9.05375e+06	9.10925e+06	
9.01025e+06	8.9965e+06	9.07275e+06	8.98625e+06	9.08275e+06	
8.96675e+06	8.99325e+06	9.096e+06	9.03425e+06	9.04375e+06	
8.989e+06	8.9415e+06	8.98575e+06	8.98e+06	9.0185e+06	
8.98e+06	8.989e+06	9.04625e+06	9.02975e+06	8.88675e+06	
8.93525e+06	8.8825e+06	8.83075e+06	8.94425e+06	8.9705e+06	
8.9965e+06	9.0235e+06	8.888e+06	9.00975e+06	9.014e+06	
8.946e+06	9.05e+06	8.97125e+06	8.9505e+06	8.9845e+06	
8.8975e+06	8.893e+06	8.92775e+06	8.8615e+06	8.93775e+06	
8.8515e+06	8.9075e+06	8.86975e+06	8.90575e+06	8.86275e+06	
8.8785e+06	8.977e+06	8.89825e+06	8.9385e+06	8.93275e+06	
8.837e+06	8.827e+06	8.76025e+06	8.97e+06	8.90625e+06	
8.822e+06	8.87925e+06	8.84825e+06	8.84825e+06	8.84525e+06	
8.798e+06	8.7085e+06	8.81675e+06	8.77975e+06	8.7865e+06	
8.70525e+06	8.7085e+06	8.769e+06	8.77525e+06	8.692e+06	
8.69775e+06	8.72675e+06	8.65175e+06	8.66175e+06	8.70975e+06	
8.7865e+06	8.759e+06	8.728e+06	8.7355e+06	8.73675e+06	
8.808e+06	8.8035e+06	8.844e+06	8.82e+06	8.83075e+06	
8.75075e+06	8.78275e+06	8.687e+06	8.78925e+06	8.764e+06	
8.728e+06	8.70975e+06	8.6505e+06	8.5805e+06	8.6575e+06	
8.55275e+06	8.585e+06	8.55025e+06	8.61575e+06	8.602e+06	
8.46025e+06	8.493e+06	8.423e+06	8.48975e+06	8.5295e+06	
8.40275e+06	8.44075e+06	8.5225e+06	8.43125e+06	8.3675e+06	
8.44325e+06	8.529e+06	8.4445e+06	8.50175e+06	8.54975e+06	
8.50125e+06	8.48975e+06	8.4665e+06	8.5535e+06	8.5e+06	
8.54325e+06	8.55475e+06	8.6215e+06	8.5875e+06	8.58925e+06	
8.5515e+06	8.62225e+06	8.59075e+06	8.5975e+06	8.6695e+06	
8.61575e+06	8.6095e+06	8.5585e+06	8.67825e+06	8.6195e+06	
8.592e+06	8.5655e+06	8.52825e+06	8.58375e+06	8.47525e+06	
8.60325e+06	8.605e+06	8.58875e+06	8.5855e+06	8.619e+06	
8.5995e+06	8.551e+06	8.67125e+06	8.546e+06	8.6195e+06	
8.61075e+06	8.51375e+06	8.53825e+06	8.62275e+06	8.58925e+06	
8.663e+06	8.7255e+06	8.6625e+06	8.71975e+06	8.68125e+06	
8.6195e+06	8.60375e+06	8.578e+06	8.6045e+06	8.6965e+06	
8.6985e+06	8.6025e+06	8.631e+06	8.643e+06	8.6775e+06	
8.63725e+06	8.646e+06	8.52825e+06	8.58675e+06	8.62225e+06	
8.42625e+06	8.56425e+06	8.5655e+06	8.54075e+06	8.51375e+06	
8.61525e+06	8.515e+06	8.559e+06	8.62225e+06	8.63275e+06	
8.5175e+06	8.44825e+06	8.4615e+06	8.515e+06	8.52325e+06	
8.40475e+06	8.44375e+06	8.45125e+06	8.454e+06	8.5515e+06	
8.375e+06	8.42625e+06	8.37775e+06	8.336e+06	8.36625e+06	
8.37325e+06	8.389e+06	8.44875e+06	8.3765e+06	8.28825e+06	
8.37575e+06	8.38575e+06	8.41925e+06	8.4205e+06	8.3745e+06	
8.251e+06	8.2995e+06	8.39225e+06	8.319e+06	8.25925e+06	
8.2515e+06	8.3115e+06	8.193e+06	8.1425e+06	8.31475e+06	
8.11425e+06	8.13625e+06	8.19875e+06	8.21325e+06	8.2095e+06	
8.10225e+06	8.14375e+06	8.1035e+06	8.13625e+06	8.10975e+06	
8.067e+06	8.14125e+06	8.12875e+06	8.113e+06	8.249e+06	
7.9845e+06	8.1205e+06	8.02475e+06	8.0525e+06	7.9025e+06	
8.031e+06	8.06375e+06	8.11425e+06	8.11175e+06	8.0085e+06	
8.1175e+06	8.09475e+06	8.0575e+06	8.1445e+06	7.97625e+06	
7.94525e+06	8.1085e+06	8.08325e+06	8.08475e+06	8.07025e+06	
8.147e+06	8.1175e+06	8.0405e+06	8.05625e+06	8.03475e+06	
7.968e+06	7.968e+06	7.944e+06	8.021e+06	7.956e+06	
7.961e+06	7.88925e+06	7.9585e+06	7.912e+06	7.859e+06	
7.90375e+06	7.818e+06	7.8105e+06	7.825e+06	7.7715e+06	
7.86525e+06	7.8565e+06	7.83625e+06	7.823e+06	7.876e+06	
7.8085e+06	7.74875e+06	7.772e+06	7.7595e+06	7.81925e+06	
7.844e+06	7.815e+06	7.8205e+06	7.772e+06	7.8345e+06	
7.7375e+06	7.8175e+06	7.75875e+06	7.81125e+06	7.77325e+06	
7.731e+06	7.6705e+06	7.721e+06	7.67575e+06	7.626e+06	
7.7085e+06	7.70025e+06	7.68375e+06	7.67325e+06	7.6745e+06	
7.791e+06	7.68375e+06	7.687e+06	7.7765e+06	7.74175e+06	
7.689e+06	7.711e+06	7.73225e+06	7.78025e+06	7.77575e+06	
7.5295e+06	7.639e+06	7.67375e+06	7.70275e+06	7.6285e+06	
7.72675e+06	7.5415e+06	7.6535e+06	7.6195e+06	7.6655e+06	
7.4935e+06	7.56675e+06	7.55725e+06	7.6245e+06	7.6655e+06	
7.5325e+06	7.53575e+06	7.61775e+06	7.55275e+06	7.54975e+06	
7.576e+06	7.58425e+06	7.57475e+06	7.5195e+06	7.54275e+06	
7.53e+06	7.605e+06	7.648e+06	7.646e+06	7.65925e+06	
7.5875e+06	7.718e+06	7.64675e+06	7.646e+06	7.651e+06	
7.4985e+06	7.5325e+06	7.5275e+06	7.47475e+06	7.486e+06	
7.53325e+06	7.44625e+06	7.5615e+06	7.57725e+06	7.54025e+06	
7.50675e+06	7.50625e+06	7.491e+06	7.5705e+06	7.4765e+06	
7.4375e+06	7.5615e+06	7.53525e+06	7.52325e+06	7.5975e+06	
7.51875e+06	7.52375e+06	7.46025e+06	7.45775e+06	7.53825e+06	
7.51375e+06	7.47525e+06	7.55475e+06	7.522e+06	7.56425e+06	
7.37325e+06	7.43675e+06	7.40775e+06	7.2995e+06	7.5195e+06	
7.40525e+06	7.409e+06	7.46825e+06	7.421e+06	7.43675e+06	
7.3355e+06	7.31325e+06	7.334e+06	7.39075e+06	7.54775e+06	
7.45825e+06	7.43175e+06	7.3845e+06	7.40975e+06	7.41975e+06	
7.4695e+06	7.36825e+06	7.47225e+06	7.423e+06	7.34225e+06	
7.4015e+06	7.35425e+06	7.44825e+06	7.365e+06	7.34225e+06	
7.48475e+06	7.43375e+06	7.5755e+06	7.428e+06	7.4135e+06	
7.4155e+06	7.35925e+06	7.39075e+06	7.4065e+06	7.39325e+06	
7.365e+06	7.324e+06	7.3455e+06	7.411e+06	7.348e+06	
7.392e+06	7.31975e+06	7.3945e+06	7.48975e+06	7.3965e+06	
7.3025e+06	7.416e+06	7.30575e+06	7.30325e+06	7.4735e+06	
7.33275e+06	7.30825e+06	7.18175e+06	7.3045e+06	7.283e+06	
7.2315e+06	7.193e+06	7.239e+06	7.212e+06	7.2415e+06	
7.13425e+06	7.17775e+06	7.10275e+06	7.089e+06	7.14825e+06	
7.217e+06	7.1545e+06	7.04925e+06	7.101e+06	7.1515e+06	
7.0575e+06	7.08525e+06	7.048e+06	7.062e+06	7.0675e+06	
7.1305e+06	7.0455e+06	7.03225e+06	7.128e+06	7.12875e+06	
7.00325e+06	7.05175e+06	7.0915e+06	6.98175e+06	7.05375e+06	
6.98625e+06	6.99625e+06	6.929e+06	7.014e+06	6.95675e+06	
6.97175e+06	7.00275e+06	6.96875e+06	7.0385e+06	7.0335e+06	
6.90875e+06	6.99825e+06	7.0095e+06	7.07325e+06	7.05125e+06	
6.9755e+06	6.9895e+06	7.00575e+06	6.9945e+06	6.92775e+06	
6.93725e+06	7.0555e+06	6.95725e+06	6.97675e+06	7.009e+06	
6.97875e+06	6.94725e+06	6.866e+06	6.98e+06	6.99075e+06	
6.88225e+06	6.847e+06	6.917e+06	6.888e+06	6.9345e+06	
6.842e+06	6.85775e+06	6.96925e+06	6.8735e+06	7.00775e+06	
6.8565e+06	6.89625e+06	6.9095e+06	6.8495e+06	6.917e+06	
6.876e+06	6.86725e+06	6.8635e+06	6.80925e+06	6.8515e+06	
6.82625e+06	6.84325e+06	6.774e+06	6.84325e+06	6.81875e+06	
6.7835e+06	6.733e+06	6.8255e+06	6.7935e+06	6.784e+06	
6.617e+06	6.709e+06	6.69575e+06	6.731e+06	6.663e+06	
6.69325e+06	6.75375e+06	6.76125e+06	6.63225e+06	6.65675e+06	
6.68575e+06	6.612e+06	6.6165e+06	6.60075e+06	6.62775e+06	
6.5445e+06	6.673e+06	6.55775e+06	6.61525e+06	6.576e+06	
6.52325e+06	6.581e+06	6.5105e+06	6.53575e+06	6.52625e+06	
6.54075e+06	6.554e+06	6.4885e+06	6.5375e+06	6.55775e+06	
6.5125e+06	6.404e+06	6.4255e+06	6.464e+06	6.435e+06	
6.5325e+06	6.46525e+06	6.43625e+06	6.428e+06	6.42675e+06	
6.486e+06	6.3575e+06	6.404e+06	6.38775e+06	6.3555e+06	
6.34675e+06	6.2925e+06	6.2925e+06	6.39575e+06	6.35925e+06	
6.382e+06	6.30375e+06	6.31025e+06	6.38375e+06	6.36125e+06	
6.25525e+06	6.2905e+06	6.36675e+06	6.20375e+06	6.30625e+06	
6.201e+06	6.2975e+06	6.1255e+06	6.18925e+06	6.268e+06	
6.305e+06	6.21825e+06	6.33475e+06	6.28125e+06	6.254e+06	
6.285e+06	6.24525e+06	6.29175e+06	6.27425e+06	6.242e+06	
6.34175e+06	6.29625e+06	6.30325e+06	6.35625e+06	6.30825e+06	
6.3435e+06	6.438e+06	6.3165e+06	6.27875e+06	6.30625e+06	
6.276e+06	6.2565e+06	6.29e+06	6.2275e+06	6.2415e+06	
6.21875e+06	6.26225e+06	6.2245e+06	6.256e+06	6.2685e+06	
6.2465e+06	6.2905e+06	6.2825e+06	6.305e+06	6.2175e+06	
6.2485e+06	6.34425e+06	6.34975e+06	6.30575e+06	6.31825e+06	
6.2805e+06	6.3405e+06	6.20925e+06	6.29875e+06	6.29875e+06	
6.18675e+06	6.2345e+06	6.27675e+06	6.29575e+06	6.23825e+06	
6.29375e+06	6.302e+06	6.25525e+06	6.20425e+06	6.29e+06	
6.23075e+06	6.17475e+06	6.2175e+06	6.22375e+06	6.23525e+06	
6.2055e+06	6.19425e+06	6.164e+06	6.215e+06	6.1935e+06	
6.1785e+06	6.21625e+06	6.113e+06	6.227e+06	6.13625e+06	
6.09025e+06	6.026e+06	6.174e+06	6.06125e+06	6.063e+06	
5.98e+06	5.95725e+06	5.92125e+06	5.915e+06	5.93525e+06	
5.85525e+06	5.75625e+06	5.755e+06	5.806e+06	5.85575e+06	
5.47825e+06	5.56225e+06	5.54325e+06	5.61625e+06	5.58175e+06	
5.36875e+06	5.33725e+06	5.38375e+06	5.353e+06	5.431e+06	
5.3915e+06	5.3655e+06	5.411e+06	5.3745e+06	5.40075e+06	
5.53075e+06	5.48025e+06	5.4015e+06	5.44375e+06	5.48525e+06	
5.57925e+06	5.5975e+06	5.593e+06	5.59e+06	5.55275e+06	
5.6465e+06	5.70825e+06	5.73675e+06	5.62325e+06	5.71475e+06	
5.76825e+06	5.8345e+06	5.748e+06	5.86475e+06	5.7475e+06	
5.8765e+06	5.8205e+06	5.78775e+06	5.8085e+06	5.8445e+06	
5.8765e+06	5.88925e+06	5.90425e+06	5.94025e+06	5.9345e+06	
5.8835e+06	5.9315e+06	5.8905e+06	5.9315e+06	5.946e+06	
5.975e+06	5.97675e+06	5.94225e+06	5.97375e+06	5.92325e+06	
5.9315e+06	5.90875e+06	6.02475e+06	5.997e+06	6.0315e+06	
5.9605e+06	5.932e+06	5.93075e+06	5.92775e+06	5.95675e+06	
5.987e+06	6.0285e+06	5.93525e+06	5.958e+06	5.99075e+06	
6.0115e+06	5.96725e+06	5.98375e+06	6.0455e+06	5.98125e+06	
6.0185e+06	6.01025e+06	5.9465e+06	6.00275e+06	5.95225e+06	
5.99875e+06	6.02275e+06	5.94225e+06	5.96475e+06	5.98875e+06	
5.96675e+06	6.01325e+06	6.014e+06	5.99325e+06	5.9725e+06	
5.932e+06	5.983e+06	6.017e+06	6.00075e+06	5.9605e+06	
5.98e+06	5.95525e+06	5.995e+06	5.954e+06	5.96475e+06	
5.97925e+06	5.973e+06	5.92075e+06	5.9e+06	5.96925e+06	
5.99e+06	5.91125e+06	5.9605e+06	5.925e+06	5.97875e+06	
5.9005e+06	5.92775e+06	5.97375e+06	5.85825e+06	5.9125e+06	
5.83825e+06	5.80425e+06	5.82125e+06	5.94525e+06	5.9225e+06	
5.86975e+06	5.9175e+06	5.8685e+06	5.8475e+06	5.881e+06	
5.8855e+06	5.90375e+06	5.84875e+06	5.90875e+06	5.87025e+06	
5.97175e+06	5.9245e+06	5.915e+06	5.983e+06	5.8855e+06	
5.96975e+06	5.857e+06	5.835e+06	5.8085e+06	5.86075e+06	
5.85775e+06	5.84325e+06	5.90375e+06	5.847e+06	5.92e+06	
5.9655e+06	5.85825e+06	5.90675e+06	5.859e+06	5.91325e+06	
5.908e+06	5.854e+06	5.828e+06	5.86025e+06	5.87025e+06	
5.908e+06	5.84325e+06	5.83575e+06	5.83575e+06	5.89925e+06	
5.77125e+06	5.81425e+06	5.787e+06	5.823e+06	5.83e+06	
5.835e+06	5.83e+06	5.7695e+06	5.8305e+06	5.79525e+06	
5.85575e+06	5.7695e+06	5.774e+06	5.79775e+06	5.77575e+06	
5.787e+06	5.80025e+06	5.78575e+06	5.825e+06	5.724e+06	
5.816e+06	5.825e+06	5.8615e+06	5.75175e+06	5.774e+06	
5.74625e+06	5.75375e+06	5.70525e+06	5.753e+06	5.72675e+06	
5.801e+06	5.743e+06	5.8515e+06	5.83375e+06	5.82e+06	
5.78075e+06	5.84125e+06	5.77125e+06	5.7555e+06	5.7625e+06	
5.78325e+06	5.76825e+06	5.75125e+06	5.83125e+06	5.748e+06	
5.78275e+06	5.7455e+06	5.7235e+06	5.714e+06	5.78275e+06	
5.70825e+06	5.64025e+06	5.7385e+06	5.68575e+06	5.7795e+06	
5.726e+06	5.66175e+06	5.687e+06	5.68825e+06	5.72675e+06	
5.6895e+06	5.736e+06	5.67675e+06	5.68575e+06	5.66225e+06	
5.663e+06	5.57475e+06	5.629e+06	5.62775e+06	5.6415e+06	
5.632e+06	5.67175e+06	5.5885e+06	5.60825e+06	5.58925e+06	
5.63275e+06	5.67675e+06	5.60625e+06	5.64025e+06	5.636e+06	
5.663e+06	5.554e+06	5.6145e+06	5.56725e+06	5.55525e+06	
5.64975e+06	5.5925e+06	5.57925e+06	5.576e+06	5.6025e+06	
5.56975e+06	5.56725e+06	5.61325e+06	5.5585e+06	5.603e+06	
5.586e+06	5.57275e+06	5.63975e+06	5.57925e+06	5.653e+06	
5.60625e+06	5.5565e+06	5.491e+06	5.66925e+06	5.59675e+06	
5.62525e+06	5.595e+06	5.5975e+06	5.508e+06	5.622e+06	
5.6125e+06	5.561e+06	5.61125e+06	5.5955e+06	5.62025e+06	
5.63525e+06	5.53325e+06	5.5565e+06	5.5515e+06	5.627e+06	
5.52375e+06	5.47825e+06	5.5255e+06	5.57725e+06	5.469e+06	
5.48725e+06	5.5005e+06	5.41725e+06	5.58925e+06	5.51675e+06	
5.55075e+06	5.56975e+06	5.49275e+06	5.5465e+06	5.49275e+06	
5.5585e+06	5.48475e+06	5.57425e+06	5.50975e+06	5.53075e+06	
5.3895e+06	5.5325e+06	5.45875e+06	5.44e+06	5.532e+06	
5.474e+06	5.513e+06	5.496e+06	5.5255e+06	5.5685e+06	
5.4205e+06	5.423e+06	5.4835e+06	5.57975e+06	5.4375e+06	
5.48975e+06	5.484e+06	5.3875e+06	5.54075e+06	5.506e+06	
5.491e+06	5.52875e+06	5.5395e+06	5.3775e+06	5.4505e+06	
5.52375e+06	5.50725e+06	5.45e+06	5.47825e+06	5.4425e+06	
5.557e+06	5.4355e+06	5.49525e+06	5.44175e+06	5.4745e+06	
5.4135e+06	5.44625e+06	5.42725e+06	5.38075e+06	5.41025e+06	
5.433e+06	5.33275e+06	5.4235e+06	5.38375e+06	5.397e+06	
5.324e+06	5.3995e+06	5.32775e+06	5.33525e+06	5.3845e+06	
5.363e+06	5.32975e+06	5.31825e+06	5.38325e+06	5.3245e+06	
5.3455e+06	5.34675e+06	5.36875e+06	5.40275e+06	5.33225e+06	
5.38075e+06	5.35175e+06	5.3625e+06	5.3365e+06	5.3705e+06	
5.29375e+06	5.29875e+06	5.32775e+06	5.2995e+06	5.288e+06	
5.351e+06	5.3145e+06	5.32775e+06	5.358e+06	5.40275e+06	
5.33275e+06	5.2875e+06	5.36375e+06	5.32025e+06	5.334e+06	
5.30875e+06	5.302e+06	5.346e+06	5.29125e+06	5.3125e+06	
5.324e+06	5.24525e+06	5.3025e+06	5.3535e+06	5.285e+06	
5.34975e+06	5.27925e+06	5.261e+06	5.23825e+06	5.28675e+06	
5.23775e+06	5.2495e+06	5.19175e+06	5.24825e+06	5.25725e+06	
5.29125e+06	5.18525e+06	5.25775e+06	5.21925e+06	5.20225e+06	
5.293e+06	5.17775e+06	5.2175e+06	5.2125e+06	5.2735e+06	
5.1985e+06	5.09525e+06	5.23825e+06	5.1545e+06	5.2395e+06	
5.155e+06	5.1525e+06	5.11425e+06	5.17975e+06	5.14125e+06	
5.0915e+06	5.0795e+06	5.106e+06	5.12175e+06	5.15875e+06	
5.0575e+06	5.00325e+06	5.02475e+06	5.07825e+06	5.123e+06	
5.0195e+06	5.0335e+06	5.05225e+06	5.157e+06	5.089e+06	
5.0405e+06	5.0115e+06	5.031e+06	5.05225e+06	5.0455e+06	
5.01825e+06	5.0825e+06	5.01075e+06	5.03475e+06	5.072e+06	
4.939e+06	4.98175e+06	4.97875e+06	4.96675e+06	5.01525e+06	
4.8035e+06	4.8545e+06	4.80975e+06	4.80975e+06	4.806e+06	
4.44675e+06	4.52675e+06	4.45425e+06	4.51175e+06	4.43725e+06	
4.244e+06	4.18525e+06	4.25075e+06	4.23125e+06	4.269e+06	
4.17525e+06	4.01825e+06	4.08325e+06	4.051e+06	4.063e+06	
4.0915e+06	4.10525e+06	4.097e+06	4.12925e+06	4.13175e+06	
4.162e+06	4.1085e+06	4.13625e+06	4.15e+06	4.152e+06	
4.1285e+06	4.20175e+06	4.14375e+06	4.18025e+06	4.16825e+06	
4.191e+06	4.167e+06	4.167e+06	4.18475e+06	4.13425e+06	
4.10275e+06	4.189e+06	4.15875e+06	4.169e+06	4.169e+06	
4.12225e+06	4.2225e+06	4.16825e+06	4.179e+06	4.10725e+06	
4.203e+06	4.2005e+06	4.218e+06	4.1645e+06	4.21925e+06	
4.203e+06	4.18775e+06	4.21175e+06	4.15575e+06	4.2465e+06	
4.244e+06	4.29625e+06	4.27725e+06	4.19675e+06	4.237e+06	
4.2905e+06	4.252e+06	4.29375e+06	4.23075e+06	4.34025e+06	
4.3435e+06	4.3315e+06	4.31575e+06	4.4425e+06	4.433e+06	
4.33975e+06	4.28675e+06	4.34975e+06	4.3555e+06	4.31e+06	
4.34975e+06	4.40525e+06	4.368e+06	4.4305e+06	4.3965e+06	
4.40275e+06	4.45425e+06	4.305e+06	4.3755e+06	4.3845e+06	
4.39075e+06	4.402e+06	4.414e+06	4.38e+06	4.4185e+06	
4.3125e+06	4.41025e+06	4.3655e+06	4.3435e+06	4.3825e+06	
4.3635e+06	4.3585e+06	4.37125e+06	4.3465e+06	4.3605e+06	
4.33725e+06	4.33075e+06	4.26975e+06	4.4015e+06	4.32525e+06	
4.29675e+06	4.28875e+06	4.334e+06	4.358e+06	4.307e+06	
4.23075e+06	4.32325e+06	4.23325e+06	4.25025e+06	4.27225e+06	
4.2735e+06	4.254e+06	4.26225e+06	4.23575e+06	4.29425e+06	
4.2255e+06	4.19275e+06	4.24325e+06	4.23875e+06	4.20925e+06	
4.23875e+06	4.22425e+06	4.1665e+06	4.266e+06	4.26975e+06	
4.23e+06	4.26275e+06	4.2225e+06	4.18275e+06	4.177e+06	
4.3005e+06	4.208e+06	4.21625e+06	4.27225e+06	4.174e+06	
4.293e+06	4.2855e+06	4.1915e+06	4.30175e+06	4.244e+06	
4.31825e+06	4.27925e+06	4.2085e+06	4.22e+06	4.319e+06	
4.3385e+06	4.281e+06	4.38075e+06	4.2905e+06	4.31125e+06	
4.3315e+06	4.34275e+06	4.27475e+06	4.34975e+06	4.35175e+06	
4.3415e+06	4.2855e+06	4.317e+06	4.315e+06	4.40575e+06	
4.324e+06	4.25975e+06	4.25725e+06	4.2615e+06	4.26775e+06	
4.27225e+06	4.26025e+06	4.27925e+06	4.26475e+06	4.3245e+06	
4.179e+06	4.21875e+06	4.23825e+06	4.218e+06	4.22375e+06	
4.2415e+06	4.25325e+06	4.15875e+06	4.22875e+06	4.21125e+06	
4.2125e+06	4.131e+06	4.19975e+06	4.155e+06	4.17025e+06	
4.12675e+06	4.1765e+06	4.12975e+06	4.162e+06	4.2055e+06	
4.058e+06	4.07175e+06	4.1645e+06	4.10325e+06	4.206e+06	
4.03775e+06	4.065e+06	4.03225e+06	4.046e+06	4.05875e+06	
3.95525e+06	4.0245e+06	3.99875e+06	4.05875e+06	4.031e+06	
3.97475e+06	4.0025e+06	3.956e+06	4.036e+06	4.04975e+06	
3.95475e+06	3.966e+06	3.9705e+06	3.93075e+06	3.99175e+06	
3.95225e+06	4.022e+06	3.947e+06	3.90925e+06	3.9615e+06	
3.88775e+06	3.983e+06	3.9415e+06	3.91675e+06	3.937e+06	
3.94075e+06	3.9365e+06	3.92625e+06	3.95225e+06	3.8665e+06	
3.88775e+06	3.88775e+06	3.89225e+06	3.85375e+06	3.876e+06	
3.9245e+06	3.905e+06	3.94325e+06	3.92375e+06	3.925e+06	
3.937e+06	3.939e+06	3.94575e+06	3.89425e+06	3.93125e+06	
3.8595e+06	3.9005e+06	3.86825e+06	3.94575e+06	3.95225e+06	
3.98925e+06	3.94275e+06	3.93e+06	3.89925e+06	3.8865e+06	
3.97175e+06	3.92875e+06	3.91175e+06	3.961e+06	3.94025e+06	
3.91175e+06	4.00375e+06	3.944e+06	3.939e+06	3.93075e+06	
3.89925e+06	3.9175e+06	3.96925e+06	3.92325e+06	3.9125e+06	
3.91175e+06	3.89725e+06	3.92625e+06	3.95025e+06	3.90675e+06	
3.88225e+06	3.908e+06	3.89175e+06	3.9295e+06	3.94575e+06	
3.89475e+06	3.87475e+06	3.951e+06	3.87725e+06	3.85375e+06	
3.88025e+06	3.88225e+06	3.8985e+06	3.86075e+06	3.8645e+06	
3.88025e+06	3.86525e+06	3.84175e+06	3.95025e+06	3.8905e+06	
3.81225e+06	3.859e+06	3.86325e+06	3.89925e+06	3.88275e+06	
3.89675e+06	3.8405e+06	3.86775e+06	3.8865e+06	3.9035e+06	
3.82475e+06	3.84625e+06	3.847e+06	3.83375e+06	3.89925e+06	
3.81025e+06	3.864e+06	3.813e+06	3.86575e+06	3.8765e+06	
3.78e+06	3.8065e+06	3.8035e+06	3.80975e+06	3.79275e+06	
3.78525e+06	3.79975e+06	3.81925e+06	3.821e+06	3.867e+06	
3.7795e+06	3.78525e+06	3.7235e+06	3.772e+06	3.83675e+06	
3.7865e+06	3.80225e+06	3.81225e+06	3.80225e+06	3.748e+06	
3.75375e+06	3.80725e+06	3.7335e+06	3.7485e+06	3.7985e+06	
3.75875e+06	3.787e+06	3.74425e+06	3.707e+06	3.755e+06	
3.7435e+06	3.765e+06	3.7695e+06	3.73525e+06	3.80725e+06	
3.741e+06	3.67675e+06	3.724e+06	3.72475e+06	3.738e+06	
3.71525e+06	3.6945e+06	3.6605e+06	3.7435e+06	3.7e+06	
3.705e+06	3.74725e+06	3.71025e+06	3.6825e+06	3.7115e+06	
3.73275e+06	3.74975e+06	3.71825e+06	3.65275e+06	3.71325e+06	
3.661e+06	3.67425e+06	3.712e+06	3.724e+06	3.726e+06	
3.66975e+06	3.692e+06	3.63775e+06	3.70825e+06	3.666e+06	
3.65725e+06	3.65275e+06	3.64475e+06	3.6245e+06	3.68125e+06	
3.55525e+06	3.61625e+06	3.6345e+06	3.6395e+06	3.654e+06	
3.5905e+06	3.5935e+06	3.62075e+06	3.6245e+06	3.61825e+06	
3.57725e+06	3.571e+06	3.55575e+06	3.63275e+06	3.593e+06	
3.58425e+06	3.5935e+06	3.593e+06	3.593e+06	3.5835e+06	
3.5815e+06	3.583e+06	3.56775e+06	3.58025e+06	3.6025e+06	
3.51425e+06	3.479e+06	3.57525e+06	3.53875e+06	3.5545e+06	
3.55075e+06	3.51925e+06	3.49275e+06	3.535e+06	3.52425e+06	
3.535e+06	3.475e+06	3.53825e+06	3.48825e+06	3.4865e+06	
3.47325e+06	3.53675e+06	3.4865e+06	3.4915e+06	3.4625e+06	
3.44925e+06	3.4435e+06	3.4725e+06	3.47e+06	3.4265e+06	
3.38625e+06	3.41275e+06	3.33525e+06	3.4015e+06	3.44175e+06	
3.39575e+06	3.312e+06	3.34525e+06	3.349e+06	3.36225e+06	
3.237e+06	3.203e+06	3.16e+06	3.20475e+06	3.235e+06	
3.09e+06	3.1015e+06	3.128e+06	3.0965e+06	3.179e+06	
3.029e+06	3.046e+06	3.06925e+06	3.03275e+06	3.04025e+06	
2.95325e+06	2.9225e+06	2.9615e+06	2.90175e+06	2.9585e+06	
2.94525e+06	2.8595e+06	2.87575e+06	2.91925e+06	2.906e+06	
2.78625e+06	2.777e+06	2.8035e+06	2.792e+06	2.772e+06	
2.75875e+06	2.7365e+06	2.74225e+06	2.7505e+06	2.72075e+06	
2.627e+06	2.6585e+06	2.71275e+06	2.6515e+06	2.683e+06	
2.68375e+06	2.64325e+06	2.70325e+06	2.71325e+06	2.69375e+06	
2.62825e+06	2.6295e+06	2.625e+06	2.64525e+06	2.62875e+06	
2.6735e+06	2.64575e+06	2.634e+06	2.6395e+06	2.6295e+06	
2.7025e+06	2.6635e+06	2.67425e+06	2.6905e+06	2.68375e+06	
2.71575e+06	2.7025e+06	2.69175e+06	2.736e+06	2.6685e+06	
2.83375e+06	2.80475e+06	2.78825e+06	2.85625e+06	2.7845e+06	
2.85125e+06	2.8695e+06	2.87275e+06	2.879e+06	2.8885e+06	
2.98625e+06	2.96725e+06	2.97025e+06	2.96275e+06	2.92375e+06	
2.98675e+06	3.005e+06	3.041e+06	3.0315e+06	3.02525e+06	
3.048e+06	3.0485e+06	3.03075e+06	3.04025e+06	2.99875e+06	
3.00575e+06	3.06675e+06	3.012e+06	3.01325e+06	3.04025e+06	
3.01575e+06	2.9835e+06	3.024e+06	3.01075e+06	3.0295e+06	
2.9205e+06	2.91625e+06	2.90925e+06	2.96225e+06	2.91875e+06	
2.84425e+06	2.8065e+06	2.87525e+06	2.8715e+06	2.823e+06	
2.785e+06	2.8285e+06	2.782e+06	2.77125e+06	2.81475e+06	
2.79325e+06	2.77325e+06	2.77375e+06	2.75175e+06	2.79775e+06	
2.77325e+06	2.748e+06	2.77325e+06	2.73275e+06	2.7535e+06	
2.7655e+06	2.789e+06	2.74725e+06	2.7245e+06	2.70825e+06	
2.72775e+06	2.782e+06	2.74175e+06	2.75475e+06	2.75875e+06	
2.72075e+06	2.7485e+06	2.71775e+06	2.80075e+06	2.7e+06	
2.71825e+06	2.76375e+06	2.7795e+06	2.7795e+06	2.75875e+06	
2.717e+06	2.72325e+06	2.6855e+06	2.7485e+06	2.71275e+06	
2.76375e+06	2.7315e+06	2.80525e+06	2.7435e+06	2.739e+06	
2.741e+06	2.79825e+06	2.743e+06	2.73975e+06	2.73275e+06	
2.743e+06	2.70625e+06	2.731e+06	2.75875e+06	2.72975e+06	
2.65725e+06	2.7215e+06	2.73525e+06	2.6685e+06	2.70125e+06	
2.6705e+06	2.69625e+06	2.7075e+06	2.618e+06	2.75225e+06	
2.7455e+06	2.7165e+06	2.7285e+06	2.70375e+06	2.71775e+06	
2.7365e+06	2.731e+06	2.659e+06	2.72725e+06	2.75475e+06	
2.731e+06	2.70375e+06	2.69e+06	2.69375e+06	2.6995e+06	
2.688e+06	2.71275e+06	2.67675e+06	2.647e+06	2.74025e+06	
2.6785e+06	2.6785e+06	2.6805e+06	2.69375e+06	2.72725e+06	
2.6805e+06	2.78075e+06	2.72525e+06	2.70375e+06	2.741e+06	
2.73775e+06	2.7025e+06	2.71075e+06	2.741e+06	2.71825e+06	
2.748e+06	2.73025e+06	2.707e+06	2.7165e+06	2.68925e+06	
2.68625e+06	2.65775e+06	2.717e+06	2.7195e+06	2.77125e+06	
2.72025e+06	2.71275e+06	2.6635e+06	2.69625e+06	2.702e+06	
2.72525e+06	2.71325e+06	2.74475e+06	2.7455e+06	2.74925e+06	
2.78e+06	2.76e+06	2.7555e+06	2.81725e+06	2.71525e+06	
2.76625e+06	2.838e+06	2.74225e+06	2.7705e+06	2.7535e+06	
2.8525e+06	2.8185e+06	2.7535e+06	2.833e+06	2.8135e+06	
2.823e+06	2.85325e+06	2.8575e+06	2.8575e+06	2.85075e+06	
2.8255e+06	2.84e+06	2.87575e+06	2.87825e+06	2.8625e+06	
2.83175e+06	2.88225e+06	2.9125e+06	2.90425e+06	2.86325e+06	
2.918e+06	2.9325e+06	2.9375e+06	2.91125e+06	2.952e+06	
2.93075e+06	2.91875e+06	2.9445e+06	2.93875e+06	2.954e+06	
2.90475e+06	2.96275e+06	2.981e+06	2.92825e+06	2.9905e+06	
2.93375e+06	2.89275e+06	2.87975e+06	2.95025e+06	2.93325e+06	
2.9205e+06	2.9495e+06	2.8955e+06	2.901e+06	2.935e+06	
2.913e+06	2.87775e+06	2.8525e+06	2.872e+06	2.88475e+06	
2.869e+06	2.915e+06	2.88225e+06	2.85325e+06	2.8835e+06	
2.92825e+06	2.88275e+06	2.87525e+06	2.86525e+06	2.93075e+06	
2.891e+06	2.8865e+06	2.831e+06	2.85375e+06	2.87525e+06	
2.87525e+06	2.91e+06	2.83875e+06	2.8835e+06	2.835e+06	
2.88775e+06	2.8765e+06	2.908e+06	2.86e+06	2.879e+06	
2.86075e+06	2.913e+06	2.85875e+06	2.91125e+06	2.87575e+06	
2.8915e+06	2.90925e+06	2.90925e+06	2.94575e+06	2.88025e+06	
2.9225e+06	2.87825e+06	2.89725e+06	2.86075e+06	2.9155e+06	
2.903e+06	2.8425e+06	2.88725e+06	2.82425e+06	2.8865e+06	
2.80725e+06	2.86825e+06	2.86525e+06	2.83375e+06	2.87825e+06	
2.9085e+06	2.90175e+06	2.867e+06	2.833e+06	2.86325e+06	
2.8935e+06	2.90225e+06	2.85075e+06	2.816e+06	2.84375e+06	
2.85375e+06	2.818e+06	2.90425e+06	2.8545e+06	2.84875e+06	
2.8525e+06	2.82475e+06	2.932e+06	2.8955e+06	2.84425e+06	
2.932e+06	2.80775e+06	2.8525e+06	2.8645e+06	2.8695e+06	
2.8165e+06	2.81275e+06	2.82475e+06	2.82175e+06	2.84675e+06	
2.86325e+06	2.831e+06	2.8495e+06	2.901e+06	2.8745e+06	
2.8305e+06	2.81275e+06	2.852e+06	2.7945e+06	2.79525e+06	
2.835e+06	2.8475e+06	2.82925e+06	2.8135e+06	2.821e+06	
2.80525e+06	2.857e+06	2.82975e+06	2.826e+06	2.78075e+06	
2.8375e+06	2.78625e+06	2.8185e+06	2.8575e+06	2.83625e+06	
2.83925e+06	2.857e+06	2.82225e+06	2.82425e+06	2.797e+06	
2.83425e+06	2.9275e+06	2.83225e+06	2.8085e+06	2.86575e+06	
2.87025e+06	2.85125e+06	2.82975e+06	2.86575e+06	2.87975e+06	
2.838e+06	2.8815e+06	2.85125e+06	2.86575e+06	2.89225e+06	
2.864e+06	2.8525e+06	2.8935e+06	2.84e+06	2.87075e+06	
2.80475e+06	2.83625e+06	2.8525e+06	2.80975e+06	2.8285e+06	
2.855e+06	2.83375e+06	2.777e+06	2.8495e+06	2.891e+06	
2.85875e+06	2.838e+06	2.8625e+06	2.80775e+06	2.7845e+06	
2.84425e+06	2.809e+06	2.83175e+06	2.838e+06	2.84375e+06	
2.80025e+06	2.835e+06	2.7775e+06	2.85125e+06	2.809e+06	
2.86125e+06	2.8595e+06	2.8235e+06	2.811e+06	2.818e+06	
2.86125e+06	2.7915e+06	2.80225e+06	2.76675e+06	2.81275e+06	
2.79775e+06	2.76625e+06	2.79825e+06	2.80525e+06	2.8575e+06	
2.79825e+06	2.80225e+06	2.80075e+06	2.823e+06	2.82925e+06	
2.785e+06	2.85125e+06	2.823e+06	2.79025e+06	2.84625e+06	
2.83425e+06	2.816e+06	2.80275e+06	2.8305e+06	2.80525e+06	
2.79025e+06	2.797e+06	2.831e+06	2.81475e+06	2.79025e+06	
2.76e+06	2.77575e+06	2.7575e+06	2.823e+06	2.75675e+06	
2.7915e+06	2.7895e+06	2.77375e+06	2.814e+06	2.816e+06	
2.794e+06	2.78775e+06	2.76875e+06	2.79275e+06	2.74975e+06	
2.7795e+06	2.80025e+06	2.751e+06	2.76875e+06	2.7725e+06	
2.79025e+06	2.7655e+06	2.72975e+06	2.74425e+06	2.7535e+06	
2.78125e+06	2.70325e+06	2.741e+06	2.74475e+06	2.73525e+06	
2.71525e+06	2.7795e+06	2.724e+06	2.719e+06	2.71075e+06	
2.7165e+06	2.72975e+06	2.6925e+06	2.717e+06	2.72725e+06	
2.73525e+06	2.69175e+06	2.6825e+06	2.705e+06	2.7285e+06	
2.69425e+06	2.71825e+06	2.68425e+06	2.685e+06	2.7165e+06	
2.74175e+06	2.671e+06	2.68625e+06	2.73975e+06	2.722e+06	
2.702e+06	2.6785e+06	2.705e+06	2.73775e+06	2.71275e+06	
2.64575e+06	2.6995e+06	2.702e+06	2.68925e+06	2.7195e+06	
2.678e+06	2.67175e+06	2.6705e+06	2.68175e+06	2.68125e+06	
2.702e+06	2.72275e+06	2.7045e+06	2.67925e+06	2.67475e+06	
2.69125e+06	2.6445e+06	2.67725e+06	2.7335e+06	2.6465e+06	
2.7045e+06	2.656e+06	2.668e+06	2.649e+06	2.64275e+06	
2.68625e+06	2.693e+06	2.65025e+06	2.6655e+06	2.70825e+06	
2.70375e+06	2.63e+06	2.666e+06	2.625e+06	2.73275e+06	
2.66275e+06	2.6515e+06	2.6415e+06	2.639e+06	2.70075e+06	
2.61175e+06	2.649e+06	2.625e+06	2.63325e+06	2.664e+06	
2.64025e+06	2.62075e+06	2.656e+06	2.6365e+06	2.637e+06	
2.6785e+06	2.719e+06	2.661e+06	2.64575e+06	2.647e+06	
2.63825e+06	2.622e+06	2.61675e+06	2.60425e+06	2.615e+06	
2.64975e+06	2.664e+06	2.62625e+06	2.62375e+06	2.6055e+06	
2.581e+06	2.6125e+06	2.59675e+06	2.6445e+06	2.5935e+06	
2.5615e+06	2.627e+06	2.61675e+06	2.63775e+06	2.6565e+06	
2.598e+06	2.5815e+06	2.58525e+06	2.6005e+06	2.61e+06	
2.5615e+06	2.601e+06	2.557e+06	2.64775e+06	2.642e+06	
2.576e+06	2.57475e+06	2.52425e+06	2.538e+06	2.60425e+06	
2.538e+06	2.54875e+06	2.528e+06	2.57475e+06	2.55325e+06	
2.6275e+06	2.51175e+06	2.5885e+06	2.55125e+06	2.5495e+06	
2.5275e+06	2.465e+06	2.53625e+06	2.5275e+06	2.608e+06	
2.441e+06	2.4095e+06	2.419e+06	2.371e+06	2.412e+06	
2.19275e+06	2.216e+06	2.21225e+06	2.21425e+06	2.208e+06	
1.937e+06	1.95075e+06	1.9495e+06	1.93e+06	1.94075e+06	
1.6175e+06	1.639e+06	1.66975e+06	1.66475e+06	1.66775e+06	
1.40575e+06	1.41025e+06	1.448e+06	1.422e+06	1.4485e+06	
1.25825e+06	1.26525e+06	1.2595e+06	1.22925e+06	1.2615e+06	
1.1895e+06	1.1745e+06	1.165e+06	1.1725e+06	1.15425e+06	
1.21425e+06	1.177e+06	1.20275e+06	1.2015e+06	1.216e+06	
1.30625e+06	1.2905e+06	1.2985e+06	1.29225e+06	1.29725e+06	
1.43475e+06	1.422e+06	1.39825e+06	1.35975e+06	1.4095e+06	
1.4655e+06	1.4505e+06	1.431e+06	1.44225e+06	1.441e+06	
1.47825e+06	1.414e+06	1.4265e+06	1.45425e+06	1.434e+06	
1.42975e+06	1.458e+06	1.40125e+06	1.4575e+06	1.43725e+06	
1.4165e+06	1.44925e+06	1.4215e+06	1.4285e+06	1.422e+06	
1.4215e+06	1.4555e+06	1.43725e+06	1.43725e+06	1.4455e+06	
1.4725e+06	1.41325e+06	1.4335e+06	1.45175e+06	1.42975e+06	
1.4675e+06	1.468e+06	1.4895e+06	1.45925e+06	1.511e+06	
1.526e+06	1.528e+06	1.51975e+06	1.56e+06	1.53875e+06	
1.60425e+06	1.57775e+06	1.5955e+06	1.5835e+06	1.61675e+06	
1.6685e+06	1.66025e+06	1.6635e+06	1.67975e+06	1.649e+06	
1.71125e+06	1.68675e+06	1.707e+06	1.744e+06	1.71375e+06	
1.7895e+06	1.79e+06	1.782e+06	1.7895e+06	1.79275e+06	
1.85825e+06	1.836e+06	1.82725e+06	1.8235e+06	1.85175e+06	
1.9465e+06	1.94825e+06	1.93825e+06	1.913e+06	1.891e+06	
1.97975e+06	1.9855e+06	1.976e+06	2.02075e+06	2.0315e+06	
2.03525e+06	2.03775e+06	2.04275e+06	2.02775e+06	2.049e+06	
2.0995e+06	2.1095e+06	2.09325e+06	2.11975e+06	2.0895e+06	
2.1725e+06	2.14425e+06	2.15125e+06	2.15425e+06	2.153e+06	
2.17525e+06	2.17125e+06	2.2055e+06	2.15e+06	2.145e+06	
2.21475e+06	2.211e+06	2.155e+06	2.22625e+06	2.189e+06	
2.25e+06	2.25e+06	2.22375e+06	2.26275e+06	2.237e+06	
2.2445e+06	2.204e+06	2.22375e+06	2.2785e+06	2.252e+06	
2.2395e+06	2.2515e+06	2.2715e+06	2.28425e+06	2.252e+06	
2.26325e+06	2.2375e+06	2.3e+06	2.2685e+06	2.25575e+06	
2.26275e+06	2.223e+06	2.25325e+06	2.24575e+06	2.26025e+06	
2.22625e+06	2.23375e+06	2.24825e+06	2.2615e+06	2.216e+06	
2.2765e+06	2.2665e+06	2.28725e+06	2.247e+06	2.28175e+06	
2.27525e+06	2.28975e+06	2.2685e+06	2.27225e+06	2.25775e+06	
2.252e+06	2.2765e+06	2.24e+06	2.218e+06	2.2305e+06	
2.24875e+06	2.233e+06	2.21925e+06	2.27975e+06	2.288e+06	
2.25575e+06	2.223e+06	2.25825e+06	2.194e+06	2.24575e+06	
2.247e+06	2.2445e+06	2.25525e+06	2.23375e+06	2.2255e+06	
2.22125e+06	2.25775e+06	2.22925e+06	2.26025e+06	2.211e+06	
2.22375e+06	2.1865e+06	2.21725e+06	2.26725e+06	2.26575e+06	
2.22425e+06	2.199e+06	2.19725e+06	2.20975e+06	2.22875e+06	
2.23175e+06	2.2495e+06	2.22175e+06	2.1845e+06	2.199e+06	
2.18825e+06	2.1985e+06	2.19725e+06	2.20275e+06	2.21425e+06	
2.18525e+06	2.25e+06	2.23125e+06	2.21975e+06	2.218e+06	
2.2015e+06	2.19225e+06	2.16575e+06	2.19475e+06	2.1915e+06	
2.1355e+06	2.20725e+06	2.16075e+06	2.13675e+06	2.16625e+06	
2.1505e+06	2.14675e+06	2.1935e+06	2.16325e+06	2.162e+06	
2.17525e+06	2.1765e+06	2.18325e+06	2.1285e+06	2.1935e+06	
2.20275e+06	2.19975e+06	2.17525e+06	2.167e+06	2.19525e+06	
2.196e+06	2.182e+06	2.15875e+06	2.18975e+06	2.2135e+06	
2.1765e+06	2.14925e+06	2.16125e+06	2.172e+06	2.1115e+06	
2.18525e+06	2.124e+06	2.1625e+06	2.1675e+06	2.1455e+06	
2.1385e+06	2.191e+06	2.16125e+06	2.21725e+06	2.16625e+06	
2.15e+06	2.15175e+06	2.136e+06	2.14675e+06	2.12475e+06	
2.16125e+06	2.153e+06	2.15425e+06	2.133e+06	2.14875e+06	
2.124e+06	2.12525e+06	2.1165e+06	2.1455e+06	2.14675e+06	
2.14225e+06	2.104e+06	2.1575e+06	2.1285e+06	2.16375e+06	
2.12925e+06	2.09075e+06	2.104e+06	2.099e+06	2.12775e+06	
2.13225e+06	2.11275e+06	2.13175e+06	2.13675e+06	2.13225e+06	
2.0535e+06	2.0945e+06	2.14925e+06	2.1185e+06	2.1215e+06	
2.1015e+06	2.112e+06	2.104e+06	2.141e+06	2.12275e+06	
2.10575e+06	2.0925e+06	2.0845e+06	2.114e+06	2.13675e+06	
2.14925e+06	2.08375e+06	2.09125e+06	2.1355e+06	2.136e+06	
2.07675e+06	2.11075e+06	2.119e+06	2.1115e+06	2.097e+06	
2.13175e+06	2.13475e+06	2.0385e+06	2.0925e+06	2.10025e+06	
2.0925e+06	2.08575e+06	2.12275e+06	2.06875e+06	2.09825e+06	
2.1015e+06	2.063e+06	2.12725e+06	2.109e+06	2.0635e+06	
2.09625e+06	2.11025e+06	2.0775e+06	2.1045e+06	2.1115e+06	
2.09075e+06	2.104e+06	2.109e+06	2.1305e+06	2.11975e+06	
2.12025e+06	2.1335e+06	2.099e+06	2.08325e+06	2.11725e+06	
2.08575e+06	2.0585e+06	2.0755e+06	2.02325e+06	2.075e+06	
2.07375e+06	2.07375e+06	2.07925e+06	2.09e+06	2.07e+06	
2.04725e+06	2.04525e+06	2.07175e+06	2.03775e+06	2.0295e+06	
2.03325e+06	2.056e+06	2.051e+06	2.102e+06	2.02525e+06	
2.034e+06	2.04725e+06	2.07625e+06	2.03075e+06	2.0515e+06	
2.05225e+06	2.0435e+06	2.0485e+06	2.056e+06	2.06925e+06	
2.09775e+06	2.0725e+06	2.029e+06	2.0555e+06	2.0265e+06	
2.053e+06	2.046e+06	2.02525e+06	2.04725e+06	2.053e+06	
2.0385e+06	2.01575e+06	2.0725e+06	2.0555e+06	2.0195e+06	
2.03275e+06	2.024e+06	2.0055e+06	2.03975e+06	2.06425e+06	
2.0315e+06	1.9955e+06	2.00825e+06	1.99675e+06	2.0315e+06	
2.029e+06	2.024e+06	2.0365e+06	2.02825e+06	2.015e+06	
2.0005e+06	2.017e+06	1.9905e+06	2.02e+06	2.01575e+06	
2.0345e+06	2.01325e+06	1.9885e+06	2.0005e+06	2.01125e+06	
1.94775e+06	2.024e+06	1.96275e+06	1.9835e+06	1.98475e+06	
1.966e+06	1.98925e+06	1.97025e+06	1.97475e+06	1.96475e+06	
1.9445e+06	1.9445e+06	1.976e+06	1.98925e+06	1.99175e+06	
1.98925e+06	2.0075e+06	1.99175e+06	1.954e+06	1.95275e+06	
1.94325e+06	1.9425e+06	1.95825e+06	1.96025e+06	1.95825e+06	
1.9175e+06	1.9545e+06	1.94375e+06	1.92175e+06	1.9465e+06	
1.9205e+06	1.96975e+06	1.9565e+06	1.949e+06	1.9565e+06	
1.92625e+06	1.925e+06	1.89525e+06	1.92175e+06	1.94325e+06	
1.8965e+06	1.92625e+06	1.89275e+06	1.918e+06	1.906e+06	
1.91175e+06	1.89475e+06	1.918e+06	1.89475e+06	1.879e+06	
1.8745e+06	1.92e+06	1.87275e+06	1.88475e+06	1.91175e+06	
1.85375e+06	1.8795e+06	1.92175e+06	1.89275e+06	1.9105e+06	
1.89025e+06	1.9085e+06	1.87775e+06	1.8985e+06	1.86625e+06	
1.89475e+06	1.90175e+06	1.87025e+06	1.8915e+06	1.8915e+06	
1.8885e+06	1.8885e+06	1.88025e+06	1.85825e+06	1.9085e+06	
1.88075e+06	1.8355e+06	1.889e+06	1.8835e+06	1.9085e+06	
1.87575e+06	1.83175e+06	1.8255e+06	1.836e+06	1.85375e+06	
1.82475e+06	1.869e+06	1.8625e+06	1.83225e+06	1.83175e+06	
1.848e+06	1.83925e+06	1.836e+06	1.83175e+06	1.86325e+06	
1.802e+06	1.8575e+06	1.85125e+06	1.84375e+06	1.82725e+06	
1.86125e+06	1.8715e+06	1.84925e+06	1.83475e+06	1.8675e+06	
1.8185e+06	1.862e+06	1.81725e+06	1.828e+06	1.8015e+06	
1.81225e+06	1.84425e+06	1.81225e+06	1.80975e+06	1.819e+06	
1.802e+06	1.8165e+06	1.82425e+06	1.8115e+06	1.84125e+06	
1.8425e+06	1.8285e+06	1.8165e+06	1.8255e+06	1.8185e+06	
1.80775e+06	1.81275e+06	1.81525e+06	1.773e+06	1.8285e+06	
1.819e+06	1.80025e+06	1.81475e+06	1.79575e+06	1.8255e+06	
1.79325e+06	1.799e+06	1.821e+06	1.7995e+06	1.799e+06	
1.79075e+06	1.78875e+06	1.77375e+06	1.77875e+06	1.79275e+06	
1.79075e+06	1.77125e+06	1.8015e+06	1.758e+06	1.8065e+06	
1.78325e+06	1.77425e+06	1.773e+06	1.7875e+06	1.794e+06	
1.80025e+06	1.7555e+06	1.7655e+06	1.7875e+06	1.75175e+06	
1.7775e+06	1.7485e+06	1.72575e+06	1.73275e+06	1.7725e+06	
1.794e+06	1.73975e+06	1.7775e+06	1.799e+06	1.79075e+06	
1.7825e+06	1.7825e+06	1.7435e+06	1.7725e+06	1.7485e+06	
1.77875e+06	1.758e+06	1.71825e+06	1.78325e+06	1.751e+06	
1.724e+06	1.74225e+06	1.75475e+06	1.74525e+06	1.7655e+06	
1.72525e+06	1.77375e+06	1.74475e+06	1.78125e+06	1.7795e+06	
1.75475e+06	1.72025e+06	1.72275e+06	1.76375e+06	1.77625e+06	
1.763e+06	1.734e+06	1.6705e+06	1.71e+06	1.69925e+06	
1.70575e+06	1.702e+06	1.736e+06	1.727e+06	1.71325e+06	
1.7025e+06	1.7315e+06	1.6785e+06	1.65525e+06	1.69675e+06	
1.68675e+06	1.688e+06	1.69875e+06	1.70325e+06	1.70375e+06	
1.676e+06	1.683e+06	1.67925e+06	1.664e+06	1.68425e+06	
1.70325e+06	1.69625e+06	1.67925e+06	1.68425e+06	1.661e+06	
1.68675e+06	1.65975e+06	1.66775e+06	1.70375e+06	1.6665e+06	
1.68675e+06	1.71775e+06	1.6635e+06	1.693e+06	1.695e+06	
1.6495e+06	1.69925e+06	1.65475e+06	1.6515e+06	1.695e+06	
1.661e+06	1.639e+06	1.661e+06	1.66475e+06	1.666e+06	
1.654e+06	1.685e+06	1.647e+06	1.632e+06	1.65975e+06	
1.6835e+06	1.61875e+06	1.63375e+06	1.65725e+06	1.6685e+06	
1.67225e+06	1.664e+06	1.65075e+06	1.6705e+06	1.6415e+06	
1.6275e+06	1.63825e+06	1.66025e+06	1.642e+06	1.65525e+06	
1.64325e+06	1.6395e+06	1.5915e+06	1.62375e+06	1.61425e+06	
1.58275e+06	1.60225e+06	1.62e+06	1.6125e+06	1.62375e+06	
1.637e+06	1.6445e+06	1.6635e+06	1.60875e+06	1.632e+06	
1.615e+06	1.58275e+06	1.65975e+06	1.62e+06	1.62325e+06	
1.6415e+06	1.6345e+06	1.625e+06	1.6125e+06	1.63375e+06	
1.62825e+06	1.6125e+06	1.62e+06	1.60675e+06	1.60475e+06	
1.6585e+06	1.649e+06	1.63125e+06	1.596e+06	1.63075e+06	
1.62875e+06	1.65275e+06	1.637e+06	1.61675e+06	1.65775e+06	
1.601e+06	1.6295e+06	1.601e+06	1.62e+06	1.5955e+06	
1.5765e+06	1.62125e+06	1.60875e+06	1.601e+06	1.613e+06	
1.62325e+06	1.5985e+06	1.601e+06	1.5695e+06	1.60875e+06	
1.57775e+06	1.6155e+06	1.59025e+06	1.59675e+06	1.61175e+06	
1.62575e+06	1.56075e+06	1.5885e+06	1.58475e+06	1.55075e+06	
1.59675e+06	1.562e+06	1.5815e+06	1.55825e+06	1.60175e+06	
1.54425e+06	1.54125e+06	1.555e+06	1.56525e+06	1.55625e+06	
1.5815e+06	1.569e+06	1.55375e+06	1.523e+06	1.57525e+06	
1.5235e+06	1.49825e+06	1.5325e+06	1.57725e+06	1.51275e+06	
1.5185e+06	1.51725e+06	1.5575e+06	1.528e+06	1.53125e+06	
1.4965e+06	1.5595e+06	1.5355e+06	1.5135e+06	1.5695e+06	
1.523e+06	1.53175e+06	1.50475e+06	1.54e+06	1.5355e+06	
1.518e+06	1.5115e+06	1.53175e+06	1.5285e+06	1.516e+06	
1.50025e+06	1.485e+06	1.5235e+06	1.509e+06	1.48575e+06	
1.499e+06	1.492e+06	1.5325e+06	1.46675e+06	1.50775e+06	
1.485e+06	1.49025e+06	1.4845e+06	1.4865e+06	1.494e+06	
1.48575e+06	1.45225e+06	1.46925e+06	1.46175e+06	1.4655e+06	
1.482e+06	1.4675e+06	1.46125e+06	1.4725e+06	1.49025e+06	
1.47075e+06	1.5085e+06	1.451e+06	1.4285e+06	1.45625e+06	
1.44225e+06	1.42775e+06	1.424e+06	1.4315e+06	1.42525e+06	
1.419e+06	1.4025e+06	1.439e+06	1.3945e+06	1.4285e+06	
1.35525e+06	1.3825e+06	1.37225e+06	1.37725e+06	1.37175e+06	
1.41275e+06	1.36975e+06	1.38925e+06	1.36975e+06	1.3635e+06	
1.3615e+06	1.35775e+06	1.3705e+06	1.368e+06	1.3655e+06	
1.35725e+06	1.359e+06	1.32575e+06	1.3345e+06	1.344e+06	
1.3345e+06	1.339e+06	1.3395e+06	1.3395e+06	1.3565e+06	
1.2935e+06	1.34275e+06	1.29475e+06	1.3415e+06	1.30925e+06	
1.2885e+06	1.32625e+06	1.3005e+06	1.291e+06	1.2905e+06	
1.25e+06	1.31125e+06	1.27475e+06	1.31125e+06	1.29725e+06	
1.26825e+06	1.2475e+06	1.27525e+06	1.291e+06	1.30675e+06	
1.2695e+06	1.2715e+06	1.24075e+06	1.26825e+06	1.27025e+06	
1.24375e+06	1.26325e+06	1.2545e+06	1.24375e+06	1.242e+06	
1.2615e+06	1.23875e+06	1.27025e+06	1.255e+06	1.245e+06	
1.24e+06	1.279e+06	1.2695e+06	1.27525e+06	1.2645e+06	
1.26275e+06	1.28025e+06	1.19725e+06	1.25775e+06	1.2445e+06	
1.25825e+06	1.228e+06	1.26775e+06	1.22625e+06	1.221e+06	
1.24325e+06	1.22225e+06	1.2545e+06	1.2695e+06	1.2695e+06	
1.2645e+06	1.25325e+06	1.2525e+06	1.2665e+06	1.269e+06	
1.26025e+06	1.2445e+06	1.2835e+06	1.25e+06	1.27475e+06	
1.245e+06	1.25375e+06	1.2425e+06	1.24375e+06	1.262e+06	
1.255e+06	1.23e+06	1.2425e+06	1.21925e+06	1.22175e+06	
1.28025e+06	1.26275e+06	1.23425e+06	1.2495e+06	1.2495e+06	
1.2445e+06	1.27275e+06	1.27275e+06	1.262e+06	1.281e+06	
1.274e+06	1.28475e+06	1.284e+06	1.2815e+06	1.291e+06	
1.313e+06	1.3275e+06	1.29925e+06	1.2985e+06	1.334e+06	
1.28925e+06	1.3295e+06	1.34075e+06	1.32375e+06	1.33e+06	
1.29175e+06	1.32075e+06	1.31375e+06	1.33e+06	1.3225e+06	
1.29725e+06	1.3005e+06	1.27525e+06	1.27975e+06	1.3345e+06	
1.257e+06	1.252e+06	1.2545e+06	1.26075e+06	1.2815e+06	
1.21225e+06	1.1965e+06	1.189e+06	1.2325e+06	1.216e+06	
1.18025e+06	1.17625e+06	1.2235e+06	1.20475e+06	1.19275e+06	
1.15875e+06	1.15425e+06	1.16175e+06	1.16375e+06	1.16875e+06	
1.1675e+06	1.16175e+06	1.17325e+06	1.17625e+06	1.184e+06	
1.18025e+06	1.17875e+06	1.1865e+06	1.182e+06	1.1965e+06	
1.22225e+06	1.20275e+06	1.21925e+06	1.22625e+06	1.2205e+06	
1.23e+06	1.23425e+06	1.2355e+06	1.2665e+06	1.225e+06	
1.2205e+06	1.279e+06	1.26775e+06	1.2355e+06	1.29725e+06	
1.255e+06	1.25775e+06	1.2545e+06	1.25075e+06	1.276e+06	
1.2565e+06	1.2785e+06	1.27225e+06	1.26525e+06	1.28725e+06	
1.27275e+06	1.2815e+06	1.2495e+06	1.25825e+06	1.2715e+06	
1.269e+06	1.26825e+06	1.23875e+06	1.24325e+06	1.2765e+06	
1.274e+06	1.276e+06	1.26525e+06	1.259e+06	1.262e+06	
1.26525e+06	1.269e+06	1.262e+06	1.25125e+06	1.284e+06	
1.252e+06	1.27275e+06	1.26075e+06	1.26525e+06	1.2545e+06	
1.25e+06	1.26075e+06	1.2545e+06	1.2665e+06	1.24825e+06	
1.20775e+06	1.225e+06	1.2155e+06	1.221e+06	1.24825e+06	
1.21675e+06	1.19475e+06	1.22875e+06	1.223e+06	1.26825e+06	
1.23625e+06	1.233e+06	1.21675e+06	1.238e+06	1.2255e+06	
1.21675e+06	1.19725e+06	1.2275e+06	1.2035e+06	1.19525e+06	
1.20475e+06	1.19975e+06	1.18275e+06	1.238e+06	1.22225e+06	
1.16575e+06	1.2085e+06	1.172e+06	1.2065e+06	1.1985e+06	
1.20275e+06	1.2325e+06	1.20275e+06	1.19475e+06	1.18825e+06	
1.20525e+06	1.21225e+06	1.19025e+06	1.1745e+06	1.1895e+06	
1.209e+06	1.1795e+06	1.235e+06	1.2105e+06	1.2085e+06	
1.2035e+06	1.20725e+06	1.216e+06	1.20475e+06	1.2135e+06	
1.209e+06	1.2015e+06	1.2035e+06	1.17625e+06	1.20525e+06	
1.235e+06	1.23375e+06	1.19725e+06	1.221e+06	1.20275e+06	
1.17825e+06	1.19975e+06	1.19975e+06	1.196e+06	1.21975e+06	
1.189e+06	1.206e+06	1.21225e+06	1.23125e+06	1.21675e+06	
1.16625e+06	1.2135e+06	1.189e+06	1.20475e+06	1.1915e+06	
1.19275e+06	1.1775e+06	1.1775e+06	1.18275e+06	1.21725e+06	
1.17325e+06	1.199e+06	1.20225e+06	1.17125e+06	1.19075e+06	
1.18775e+06	1.1605e+06	1.1985e+06	1.17375e+06	1.1845e+06	
1.17375e+06	1.199e+06	1.21475e+06	1.213e+06	1.17625e+06	
1.15375e+06	1.17875e+06	1.184e+06	1.1745e+06	1.204e+06	
1.18575e+06	1.16575e+06	1.19725e+06	1.196e+06	1.17825e+06	
1.20025e+06	1.2065e+06	1.21975e+06	1.1965e+06	1.19775e+06	
1.201e+06	1.1625e+06	1.2105e+06	1.21925e+06	1.20725e+06	
1.204e+06	1.204e+06	1.20725e+06	1.19325e+06	1.19775e+06	
1.19275e+06	1.1965e+06	1.22925e+06	1.23e+06	1.184e+06	
1.218e+06	1.21175e+06	1.206e+06	1.17625e+06	1.2015e+06	
1.192e+06	1.199e+06	1.19975e+06	1.21425e+06	1.19075e+06	
1.189e+06	1.20225e+06	1.182e+06	1.20025e+06	1.21475e+06	
1.218e+06	1.21925e+06	1.196e+06	1.175e+06	1.19975e+06	
1.196e+06	1.2015e+06	1.209e+06	1.2035e+06	1.1915e+06	
1.196e+06	1.20525e+06	1.204e+06	1.2205e+06	1.2065e+06	
1.20475e+06	1.2015e+06	1.21225e+06	1.199e+06	1.2015e+06	
1.20275e+06	1.192e+06	1.21975e+06	1.20475e+06	1.211e+06	
1.20225e+06	1.19525e+06	1.2065e+06	1.182e+06	1.187e+06	
1.189e+06	1.17375e+06	1.19275e+06	1.18525e+06	1.18025e+06	
1.189e+06	1.17825e+06	1.19275e+06	1.16575e+06	1.2105e+06	
1.15925e+06	1.17875e+06	1.21225e+06	1.1625e+06	1.20025e+06	
1.21475e+06	1.18825e+06	1.2035e+06	1.1795e+06	1.16375e+06	
1.17575e+06	1.16575e+06	1.21425e+06	1.2185e+06	1.17825e+06	
1.19025e+06	1.2015e+06	1.2035e+06	1.20475e+06	1.1895e+06	
1.20775e+06	1.218e+06	1.196e+06	1.16625e+06	1.1845e+06	
1.18575e+06	1.17125e+06	1.182e+06	1.1895e+06	1.1985e+06	
1.20225e+06	1.17625e+06	1.19025e+06	1.196e+06	1.1675e+06	
1.1775e+06	1.17875e+06	1.17375e+06	1.18525e+06	1.19525e+06	
1.196e+06	1.19775e+06	1.1725e+06	1.187e+06	1.21725e+06	
1.18325e+06	1.1985e+06	1.16375e+06	1.17125e+06	1.1795e+06	
1.194e+06	1.17375e+06	1.1845e+06	1.1645e+06	1.18775e+06	
1.1895e+06	1.20275e+06	1.1795e+06	1.17625e+06	1.1645e+06	
1.1745e+06	1.189e+06	1.17375e+06	1.18325e+06	1.19475e+06	
1.15e+06	1.15925e+06	1.1695e+06	1.18325e+06	1.1895e+06	
1.1915e+06	1.17875e+06	1.209e+06	1.1675e+06	1.14675e+06	
1.1675e+06	1.16375e+06	1.1645e+06	1.16575e+06	1.158e+06	
1.143e+06	1.1605e+06	1.15675e+06	1.16875e+06	1.15175e+06	
1.158e+06	1.16875e+06	1.1725e+06	1.14225e+06	1.167e+06	
1.177e+06	1.13925e+06	1.15175e+06	1.16e+06	1.1505e+06	
1.16e+06	1.17125e+06	1.126e+06	1.1505e+06	1.14675e+06	
1.1695e+06	1.146e+06	1.17825e+06	1.17e+06	1.19775e+06	
1.1525e+06	1.16e+06	1.1455e+06	1.15e+06	1.16175e+06	
1.15875e+06	1.165e+06	1.192e+06	1.16825e+06	1.16825e+06	
1.1845e+06	1.1455e+06	1.167e+06	1.138e+06	1.175e+06	
1.16575e+06	1.15125e+06	1.13975e+06	1.15625e+06	1.1695e+06	
1.1455e+06	1.131e+06	1.12475e+06	1.1505e+06	1.17075e+06	
1.153e+06	1.15175e+06	1.1185e+06	1.15925e+06	1.15175e+06	
1.15125e+06	1.12525e+06	1.124e+06	1.13975e+06	1.16875e+06	
1.1355e+06	1.131e+06	1.14175e+06	1.15e+06	1.13025e+06	
1.136e+06	1.14725e+06	1.153e+06	1.12975e+06	1.12775e+06	
1.121e+06	1.13975e+06	1.1405e+06	1.136e+06	1.13975e+06	
1.14225e+06	1.1505e+06	1.12225e+06	1.1505e+06	1.13025e+06	
1.175e+06	1.1815e+06	1.13675e+06	1.11025e+06	1.1435e+06	
1.12725e+06	1.141e+06	1.12025e+06	1.10125e+06	1.1335e+06	
1.1145e+06	1.1405e+06	1.10825e+06	1.11275e+06	1.083e+06	
1.0945e+06	1.09125e+06	1.11325e+06	1.1095e+06	1.10275e+06	
1.08875e+06	1.07175e+06	1.0685e+06	1.06925e+06	1.09575e+06	
1.06725e+06	1.11575e+06	1.08375e+06	1.09825e+06	1.107e+06	
1.09625e+06	1.0895e+06	1.0855e+06	1.0925e+06	1.11075e+06	
1.1e+06	1.1185e+06	1.117e+06	1.11075e+06	1.08825e+06	
1.06475e+06	1.104e+06	1.10575e+06	1.09875e+06	1.09575e+06	
1.0685e+06	1.10525e+06	1.061e+06	1.06475e+06	1.126e+06	
1.06175e+06	1.08825e+06	1.09125e+06	1.09575e+06	1.0825e+06	
1.08e+06	1.0975e+06	1.0995e+06	1.09325e+06	1.0945e+06	
1.1045e+06	1.102e+06	1.08875e+06	1.09325e+06	1.117e+06	
1.10075e+06	1.10275e+06	1.07675e+06	1.07625e+06	1.09825e+06	
1.08125e+06	1.07925e+06	1.1065e+06	1.07675e+06	1.078e+06	
1.085e+06	1.07675e+06	1.05475e+06	1.0855e+06	1.10325e+06	
1.06925e+06	1.06925e+06	1.0635e+06	1.05675e+06	1.05225e+06	
1.022e+06	1.04475e+06	1.0345e+06	1.034e+06	1.0535e+06	
1.03025e+06	1.02e+06	1.0245e+06	1.008e+06	1.025e+06	
1.05475e+06	1.0345e+06	1.012e+06	1.017e+06	1.039e+06	
1.04525e+06	1.0435e+06	1.044e+06	1.0415e+06	1.0365e+06	
1.061e+06	1.04725e+06	1.05475e+06	1.051e+06	1.04275e+06	
1.06675e+06	1.05925e+06	1.039e+06	1.04075e+06	1.04225e+06	
1.05675e+06	1.06425e+06	1.04525e+06	1.03575e+06	1.06675e+06	
1.0605e+06	1.083e+06	1.08425e+06	1.09325e+06	1.06475e+06	
1.09075e+06	1.061e+06	1.056e+06	1.07375e+06	1.05225e+06	
1.0725e+06	1.06925e+06	1.07175e+06	1.05475e+06	1.083e+06	
1.0485e+06	1.0825e+06	1.0685e+06	1.0725e+06	1.039e+06	
1.05725e+06	1.08e+06	1.05525e+06	1.0635e+06	1.06975e+06	
1.06175e+06	1.07925e+06	1.0725e+06	1.054e+06	1.068e+06	
1.09825e+06	1.071e+06	1.08875e+06	1.066e+06	1.06425e+06	
1.04775e+06	1.0585e+06	1.061e+06	1.05525e+06	1.058e+06	
1.07375e+06	1.05025e+06	1.04225e+06	1.058e+06	1.037e+06	
1.05525e+06	1.05675e+06	1.0415e+06	1.07875e+06	1.08675e+06	
1.04975e+06	1.07875e+06	1.0605e+06	1.06225e+06	1.0465e+06	
1.0515e+06	1.04975e+06	1.04975e+06	1.0485e+06	1.04975e+06	
1.08675e+06	1.04075e+06	1.04975e+06	1.0465e+06	1.054e+06	
1.0585e+06	1.05275e+06	1.0415e+06	1.04775e+06	1.08425e+06	
1.06175e+06	1.051e+06	1.04975e+06	1.04975e+06	1.04725e+06	
1.08175e+06	1.0485e+06	1.0365e+06	1.03525e+06	1.056e+06	
1.032e+06	1.0365e+06	1.05025e+06	1.0585e+06	1.0225e+06	
1.0485e+06	1.066e+06	1.049e+06	1.0435e+06	1.03825e+06	
1.0295e+06	1.039e+06	1.02325e+06	1.03775e+06	1.032e+06	
1.02325e+06	1.04975e+06	1.0655e+06	1.04775e+06	1.03525e+06	
1.03325e+06	1.051e+06	1.0585e+06	1.049e+06	1.01075e+06	
1.054e+06	1.0395e+06	1.034e+06	1.0395e+06	1.0225e+06	
1.02575e+06	1.05225e+06	1.03825e+06	1.02575e+06	1.0345e+06	
1.00375e+06	1.04975e+06	1.04725e+06	1.03775e+06	1.0025e+06	
1.03325e+06	1.03525e+06	1.05675e+06	1.00875e+06	1.0415e+06	
1.0005e+06	1.04975e+06	1.0245e+06	1.0395e+06	1.003e+06	
999250	1.01125e+06	1.02075e+06	1.0225e+06	1.03525e+06	
1.02075e+06	1.015e+06	1.01575e+06	1.02325e+06	1.0125e+06	
1.02825e+06	1.0265e+06	1.03025e+06	1.039e+06	1.03025e+06	
1.0395e+06	1.02125e+06	1.01075e+06	1.003e+06	1.022e+06	
1.00675e+06	1.01125e+06	1.02775e+06	1.01625e+06	1.00925e+06	
982250	989250	981750	1.0025e+06	992250	
994250	994750	983000	974000	978500	
984250	974000	954500	962750	992250	
976000	996750	945000	966500	964750	
983500	988000	981000	1.00175e+06	984750	
957000	976000	994750	986000	994750	
997500	994750	983000	973500	974000	
983500	983500	971000	998000	981000	
1.017e+06	994750	975250	973500	973500	
990500	999250	989250	974750	986000	
1.00375e+06	993000	982250	985500	982250	
984750	964750	981750	979000	979750	
977750	993000	1.022e+06	989250	971500	
964750	969750	988000	970250	986750	
979000	981000	1.00875e+06	983500	977750	
1.00925e+06	974000	987250	1.01075e+06	981000	
992250	967250	986000	981000	978500	
957750	972750	998750	959500	989750	
1e+06	964750	974000	964000	968500	
964750	972750	971500	998000	1.01825e+06	
967250	984750	974750	972750	976500	
976000	966000	977750	1.00175e+06	986750	
957750	977750	966500	971000	954500	
974750	976000	967250	966000	962750	
937000	952750	967250	979000	964000	
955750	977250	963250	954000	982250	
945000	967750	964000	974750	960750	
956500	965250	957000	961500	949500	
981000	961500	957000	952750	959000	
984750	974000	952000	976000	963250	
966500	945750	935000	984750	915500	
965250	974000	945750	950750	937500	
934500	941250	960750	942000	953250	
948750	944500	948250	947500	960750	
926750	935750	954500	931250	940000	
950750	930000	935000	944500	966500	
936250	938250	940000	950250	960250	
935750	943250	943750	945750	935000	
924250	962000	908500	933750	940000	
948250	943750	937000	950750	917250	
948750	943750	926250	940750	944500	
921750	932500	940000	941250	938750	
920000	925000	933000	925000	936250	
948250	943250	925500	931750	917250	
932500	934500	947000	923750	942500	
909250	930500	929250	911000	935750	
902750	921250	902250	926750	914250	
901000	935000	927500	917250	937000	
927500	896000	916000	908000	916000	
941250	914250	906750	924250	938750	
899000	903500	915500	913000	901000	
902250	925500	903500	902750	901500	
909250	906000	902250	883250	920500	
906000	906750	915500	923750	900250	
911750	916750	935750	918000	929250	
891500	900250	926250	907250	911750	
920000	922500	923000	904750	924250	
925500	892750	903500	894000	904750	
906750	897750	903500	919250	901000	
935750	896500	908500	879500	901500	
905500	914750	923000	901000	902750	
909750	867000	902250	906000	904250	
904750	902250	879000	889000	877000	
886500	882000	908000	916750	895250	
901000	890250	908000	903500	885250	
879500	867000	884500	872500	899750	
894750	897250	879500	884000	897750	
894750	901000	890250	905500	864500	
874000	892250	898500	876500	887000	
908000	894750	859500	887750	879500	
889750	887000	878250	879500	879500	
869500	868250	874500	879000	863250	
853000	875250	873250	885750	858250	
868750	862000	863750	879000	870750	
880750	873250	849250	873250	859500	
891000	858250	841000	859500	854250	
854250	845000	884500	838500	853750	
868750	846750	850000	877750	877750	
862500	851750	868750	882750	862500	
882750	872500	874500	872500	879500	
879000	861250	886500	844250	848000	
873250	849250	879500	858750	871250	
868750	865750	849250	835500	860750	
851750	883250	847500	850500	878250	
865750	839250	843000	851750	819000	
842500	853750	861250	853000	861250	
814750	845500	870750	874000	845000	
866250	843750	851750	850000	856250	
874500	856250	850500	841000	846250	
819750	859500	831000	834250	853000	
851750	838500	832250	857500	846250	
848000	851250	861250	857500	853000	
826000	832250	851750	843000	826000	
841750	832250	827250	831000	822250	
824000	835500	834750	844250	822250	
826500	838500	822750	821500	855000	
824750	828500	816000	817750	829750	
813500	801500	800250	794500	834750	
811500	828000	814000	803250	822750	
795000	797000	812750	804000	790000	
819000	789500	803250	795000	775000	
795000	788250	790750	804500	788750	
803250	811500	799500	797750	799000	
806500	795750	776250	782000	802000	
807000	776250	788250	776250	814750	
786250	792500	794500	774250	800750	
798250	803250	797000	786250	793750	
779250	810250	796500	770500	772500	
795000	798250	786250	787500	776250	
780000	756000	756750	772500	766250	
772500	763000	762250	782500	778000	
793250	784500	764750	793750	796500	
768750	775500	780000	778000	770500	
776750	780500	775000	764250	772500	
774250	782500	796500	756750	785000	
783250	761750	770500	769250	766750	
759250	780000	779250	747250	768750	
773750	764250	769250	751750	756750	
772500	754250	769250	767500	768000	
766250	754250	763500	792500	778000	
783250	775000	766750	748500	758500	
791250	774250	775000	764250	766250	
799000	780000	754750	761000	778750	
776750	772500	806500	766750	776750	
780000	764750	804000	779250	802000	
788250	787000	763500	778750	783750	
793750	766250	788250	797750	785000	
801500	797000	803250	768750	788750	
793750	790750	795000	795000	782500	
816000	784500	801500	781250	809000	
799500	810250	807750	783750	801500	
785000	814000	785750	789500	816000	
776250	815250	776750	785000	790000	
775000	744000	782000	792000	790750	
792000	781250	768750	800250	761000	
783750	785750	793250	811500	787500	
784500	788750	779250	775000	779250	
788750	761750	770000	761750	769250	
763000	792500	758500	753500	759250	
752250	773750	782500	760500	766250	
770000	745250	766750	781250	759250	
757250	756000	770000	778000	766250	
753500	763500	760500	734500	767500	
782000	760500	748500	743500	748500	
760500	788750	774250	776750	756000	
764250	753000	739750	747250	764750	
766750	763500	771750	753000	752250	
738500	753500	751750	763000	753000	
739750	769250	743500	756000	766250	
756750	763500	753500	752250	749750	
763500	761750	769250	749000	759250	
763500	780000	768750	749000	771750	
767500	751000	764750	732750	773000	
759250	748500	739750	761000	759750	
768750	756000	762250	759250	754250	
766250	756000	776250	737250	761000	
746000	760500	763500	736000	761000	
753000	744750	741500	734000	750500	
758500	734500	742750	738500	744000	
734500	754750	756750	743500	742250	
746000	749750	766250	747750	751000	
751000	730250	743500	742250	744750	
744000	746500	736000	744750	753000	
749750	744000	744000	718250	742250	
754250	747750	742250	722000	741500	
728250	740250	709500	760500	737250	
752250	753000	738500	744000	717500	
749750	736000	734500	727750	737750	
730250	730750	757250	753500	734000	
738500	737750	730250	754250	725750	
741000	749000	739000	713750	734000	
753000	740250	732000	737250	720250	
737750	752250	742750	744000	751750	
736500	728250	732750	737250	739750	
743500	735250	731500	732000	732000	
727000	727000	738500	739750	741000	
732750	746500	749000	747750	747750	
718750	737750	746500	739750	723250	
724500	741000	734000	747750	739000	
741000	731500	736000	732750	741500	
755500	749000	743500	739000	754750	
749000	737250	719500	753000	751750	
751000	737750	754750	764250	756000	
747750	732000	736000	736500	746000	
738500	748500	747250	746500	742250	
756750	768750	729500	743500	721500	
729500	770500	746500	755500	753500	
734500	761750	736500	742250	757250	
745250	746500	754750	742250	739750	
730750	743500	753000	724500	746500	
743500	730750	740250	741000	748500	
749000	727750	751000	745250	733250	
749000	744750	720750	731500	741500	
720250	743500	727750	713750	726500	
741000	749750	720250	727750	707000	
724500	742250	721500	730750	736000	
713250	758000	730750	727750	727000	
732000	732750	743500	741000	742250	
701250	734500	718750	744750	722000	
742250	745250	737750	732750	726500	
745250	729000	722000	717000	722000	
698000	725250	729500	732750	724000	
734000	724000	712000	710750	731500	
715750	711250	728250	717500	720250	
712500	744000	721500	724000	742250	
722750	743500	715000	717500	739000	
724500	729000	710000	724000	728250	
719500	715750	747750	724500	714500	
707000	707000	714500	706250	712500	
706250	712000	705750	710750	702500	
706250	714500	717500	724000	710750	
724000	703000	708750	704500	707000	
703750	689250	703750	721500	698750	
698750	688500	701250	701750	696250	
691750	658500	708250	710750	695000	
685500	687250	690000	691750	694250	
691750	691750	690500	690000	691250	
705750	684750	674250	696750	684250	
693000	680500	698000	686000	685500	
676000	686750	667750	690500	700000	
690500	682250	679750	686000	686000	
663500	667250	678000	667250	660250	
674250	658500	673500	671000	695000	
684250	651500	655250	649000	662750	
660250	668500	669000	662750	669750	
675500	684750	676000	671500	654000	
660250	648250	637500	638250	660250	
650750	664000	666500	665250	662250	
655750	657000	655250	645750	640000	
676750	669000	668500	667750	657000	
654000	666000	654000	645750	658500	
657750	657750	650250	654000	652750	
655250	666000	649500	660250	658500	
652750	666000	650250	645250	659000	
664750	649500	636250	659000	666000	
657000	652750	648250	657750	659000	
640000	661500	651500	666000	654000	
659000	651500	650750	667750	645250	
665250	645250	654000	669000	652000	
663500	666000	645750	635750	659000	
657000	665250	645250	640000	643250	
637500	654500	654500	642500	640750	
647000	644500	641250	655250	655250	
656500	667750	667250	648250	642000	
662750	657750	651500	656500	654500	
655750	649000	647750	667750	659000	
646500	666000	661000	665250	665250	
663500	678500	664750	670250	679250	
668500	672750	674750	667750	674750	
646500	670250	662250	664750	674750	
669000	659750	644000	667750	663500	
666000	655250	679250	656500	680500	
680500	652750	687250	649000	661000	
694250	670250	659750	652750	659750	
661000	675500	666000	662250	650750	
640750	659750	668500	666500	662750	
665250	652750	648250	682250	659000	
690500	669000	661000	664750	675500	
662250	675500	661000	674250	669750	
674250	644000	662750	655750	654000	
662750	659750	665250	655750	651500	
666500	683000	657750	659750	657000	
671500	658500	649000	649500	664000	
657000	652750	654000	658500	663500	
648250	661000	657750	644000	653250	
646500	644500	655250	656500	638250	
634500	642500	661500	655750	650750	
655750	679250	650750	639500	645750	
669750	638750	661000	633750	670250	
666500	666500	659000	633250	669000	
682250	655750	645250	644500	659000	
667250	649000	638250	672750	645250	
652750	648250	649000	667250	660250	
652000	659750	669000	650750	683000	
645750	652000	677250	644000	661000	
634500	652750	651500	654500	668500	
654500	654500	657750	651500	649000	
656500	660250	648250	662250	661500	
653250	639500	655750	632500	656500	
654000	653250	637000	659750	649000	
645750	637500	647000	652000	650250	
635750	681000	631250	655750	672250	
662250	669000	654000	650750	650750	
659000	657000	644000	666500	659750	
644500	655250	638250	653250	652000	
652750	665250	661000	639500	647750	
655250	644000	634500	646500	650750	
654500	661000	643250	656500	670250	
652000	647000	642000	664750	652000	
642000	657750	646500	656500	669750	
638750	638750	626250	654500	664000	
633750	648250	637000	649500	655250	
661000	647750	623750	647000	650250	
634500	652000	647000	671000	652000	
643250	670250	662250	655750	643250	
659750	650750	650750	648250	630750	
643250	636250	655750	645750	641250	
650250	654000	659750	659750	659000	
654500	644500	666000	632500	661000	
657750	655250	645750	644000	650250	
648250	667750	637500	660250	655250	
659000	635750	645250	644000	652000	
640000	664750	643250	649500	661000	
629500	648250	627500	654000	651500	
649000	647750	651500	645750	647750	
642500	660250	654000	659000	657750	
640750	656500	640000	649500	647000	
650250	653250	642500	653250	659000	
661000	654000	656500	659750	635750	
639500	649000	644500	640000	642500	
655250	652750	653250	659750	645250	
647750	658500	659000	649500	638250	
641250	642500	650250	631250	655750	
681750	671000	639500	632000	665250	
645750	657000	657000	654000	637500	
638750	664000	644000	661000	641250	
655250	644000	647000	655750	659000	
655750	656500	642500	635750	641250	
666000	638750	645750	644500	646500	
636250	645750	652000	628250	647750	
634500	653250	639500	646500	654500	
666500	640750	642000	640000	655750	
659000	640750	647750	635000	645750	
659000	638250	659000	643250	658500	
629500	632500	639500	651500	646500	
653250	649000	652000	628250	650750	
626750	649000	638250	637500	637500	
659750	642500	645250	644000	628750	
653250	655250	647000	659000	666500	
668500	654000	625500	647000	653250	
671500	648250	634500	654000	638750	
628250	626750	650250	647750	642500	
637000	654000	631250	640750	648250	
644000	642500	652000	649500	654500	
656500	653250	665250	650750	646500	
653250	649000	658500	647000	649500	
671500	640750	646500	644000	654000	
639500	628250	653250	655250	652750	
650750	637500	637000	643250	648250	
639500	644000	665250	637500	640750	
645250	644500	635000	650750	644500	
650750	635000	679750	642000	655750	
653250	657750	657750	645250	656500	
650250	657750	643250	640000	627500	
659750	647000	640000	661500	631250	
644000	647000	651500	647750	635750	
644000	651500	657000	640750	655250	
640000	635000	647750	649000	642000	
654000	647750	660250	656500	666500	
632000	634500	655250	639500	649500	
647000	638250	637000	655250	647750	
655750	644500	667250	647750	659000	
666500	644000	652750	639500	654500	
639500	632500	650250	640750	653250	
638250	644500	655250	648250	662250	
647000	666500	642000	649000	656500	
642500	658500	647000	646500	653250	
648250	662250	660250	653250	643250	
654500	646500	651500	651500	651500	
664000	647000	659000	646500	653250	
639500	650750	630750	655750	668500	
654000	652750	655750	666000	637500	
665250	648250	623750	656500	647750	
649500	632000	652000	645750	644500	
638250	655750	637000	639500	640000	
644500	647750	654000	654000	670250	
628250	655250	640000	656500	655250	
660250	647750	648250	634500	645250	
645750	628250	653250	638750	642000	
637500	632500	626750	647000	646500	
637000	642500	655750	638250	645250	
628750	661500	645250	633250	650250	
645250	633750	647750	645750	640000	
660250	640000	657750	640750	626750	
646500	656500	654500	657000	634500	
642000	646500	635000	646500	628750	
647000	637000	652750	644000	638750	
626250	652000	632500	651500	654000	
650250	623750	650250	630000	619250	
642000	654500	639500	657000	628250	
632000	634500	646500	621750	649500	
643250	650750	641250	634500	642000	
633250	640750	651500	647000	639500	
638750	650750	645250	645250	625500	
655750	640750	652000	642000	661500	
649500	620500	650750	632000	638250	
642500	638750	658500	648250	649500	
630000	631250	652000	642000	644500	
645750	645250	635000	637500	635000	
628750	631250	653250	644500	644500	
640750	644000	635000	642000	630000	
646500	629500	642500	651500	625500	
650250	654500	647000	655750	642000	
645250	632500	661500	630000	627500	
639500	640750	637500	645750	650750	
662750	654500	641250	649500	637500	
642000	647000	665250	633250	642500	
625000	654500	619250	650250	658500	
650250	642500	649500	642500	649000	
649500	641250	637500	628750	666500	
650250	649500	619250	638250	633750	
637000	637000	647750	636250	632500	
641250	626750	640750	638750	641250	
649000	640000	638250	645250	644500	
633250	640750	654000	649500	640750	
638750	645750	663500	647750	633250	
621750	632000	654000	654500	651500	
618000	629500	642500	634500	643250	
638250	637500	631250	644000	640750	
618750	622500	642000	634500	646500	
638250	649000	641250	630000	651500	
630750	621750	642000	640750	639500	
641250	652000	647750	614250	665250	
657750	620000	634500	648250	664000	
613000	638750	640750	635750	629500	
628750	638250	630750	640000	639500	
633750	633250	639500	635000	644500	
652000	654500	651500	638250	650250	
645250	647750	630750	636250	662250	
640000	653250	625000	633750	632000	
634500	645250	626250	625000	635750	
654500	651500	626750	620000	628250	
639500	637000	634500	631250	642500	
635000	635000	635000	633250	623000	
636250	618750	644000	639500	647000	
620500	650250	610500	636250	654000	
633250	630750	628250	644000	644000	
649500	648250	632000	633250	645250	
636250	640000	657750	632500	659000	
647000	635750	630750	647000	639500	
632500	631250	617500	628250	619250	
621250	652750	636250	649500	647000	
632000	641250	638250	642500	625000	
639500	640000	641250	635000	630750	
637000	625000	640000	637000	623000	
626250	645750	623750	646500	624250	
637000	641250	625500	639500	642000	
634500	640750	626250	630000	645250	
630750	621250	642000	638750	638750	
645750	649000	642500	634500	622500	
633250	636250	639500	638250	642000	
640750	639500	642500	630750	639500	
649500	652750	632000	626250	636250	
630000	638250	633250	633250	640750	
625000	638250	627500	626750	627500	
642500	632000	628250	644000	629500	
626250	649500	628750	625000	645750	
628250	637500	630750	642000	640750	
626250	633750	631250	627500	632500	
644000	672750	638750	643250	632500	
630000	649500	636250	643250	637000	
633250	637000	626750	633750	649000	
625000	635000	630000	632000	627500	
624250	632000	633250	625000	638750	
634500	645250	649500	627500	660250	
627500	633250	650750	631250	628250	
636250	626750	640750	657000	620500	
633750	652750	627500	625500	637500	
634500	638250	645250	640000	635750	
642000	628750	633250	650250	641250	
630000	640000	641250	632000	641250	
630750	634500	631250	649500	632500	
625500	627500	626250	631250	632500	
637000	623750	642500	630000	628750	
638250	635750	647750	638750	635750	
636250	627500	640750	642000	640750	
621250	635750	639500	653250	647750	
617500	647750	623000	624250	641250	
628250	620500	635000	631250	637000	
633750	628750	623750	647000	644000	
635750	633750	627500	630750	622500	
647000	637500	626750	633750	649000	
633750	642500	640000	638250	638250	
635000	623750	644000	628250	645750	
628250	619250	640750	650750	657000	
647750	637000	625000	616250	641250	
608000	637500	606750	643250	638250	
624250	649000	628750	631250	613750	
623750	629500	632000	630000	637500	
633750	632000	660250	659000	637000	
625000	621750	628750	650750	632000	
641250	626250	632000	640000	637500	
635750	639500	650750	640750	640750	
638250	645750	628250	642500	636250	
645750	635750	637500	620500	638250	
625000	633250	645750	622500	629500	
639500	645750	630750	633750	644000	
617500	637000	645250	644000	633750	
631250	655250	625000	633750	638250	
628750	666500	611000	641250	625000	
632500	649000	651500	628750	628250	
649500	635000	649000	623000	630750	
644000	613000	638750	628250	638250	
623000	631250	645250	637000	649000	
654500	630750	635750	643250	645250	
636250	616750	618000	626750	626250	
630750	642500	625500	630000	626250	
628250	647750	649500	640000	642500	
644000	630750	623750	632000	639500	
635750	628750	632500	632500	659000	
610500	611750	635000	640750	633250	
625000	617500	635000	640000	633250	
632500	641250	659750	650250	646500	
626750	661500	626750	644500	634500	
637500	637000	628750	625000	625500	
631250	628250	637500	628750	626250	
635000	625000	642500	621250	644000	
638750	643250	624250	631250	623000	
633250	629500	632000	623000	621750	
628750	635750	629500	637500	635000	
653250	646500	636250	623000	635750	
606000	642500	635000	634500	628250	
626750	633750	620500	647000	627500	
631250	642000	628250	627500	637000	
626750	625000	626750	642500	623750	
626750	625000	626750	642500	623750	
626750	625000	626750	642500	623750	
