4250	4250	4250	4250	4250	
7.13825e+06	7.13825e+06	7.13825e+06	7.13825e+06	7.13825e+06	
529250	523500	539250	543000	531750	
510250	504000	513500	508500	521000	
511500	504000	518500	512750	509000	
514000	512250	528000	508500	515250	
521750	507250	505250	521000	494000	
497750	518500	526750	502000	500250	
517250	512750	522250	523500	522250	
516500	523000	519750	498250	511500	
514000	533000	532250	527250	521000	
533000	528000	537500	517250	510250	
527250	540000	528000	525500	508500	
515250	552500	545500	542500	535500	
539250	556250	538000	546250	531750	
550500	545000	530500	541750	531000	
551250	538750	568250	546750	523500	
553250	553250	536250	556250	553750	
558750	568250	552500	545500	551250	
558250	551250	553750	561250	569500	
551250	577000	572750	579500	550000	
570250	580250	567750	569500	574000	
577750	570250	601750	572750	552500	
629500	645750	662750	667250	658500	
800750	812250	822250	822250	812750	
845000	831750	836750	833000	821500	
858250	831750	844250	850500	833500	
850500	839250	882750	853000	834250	
870000	863250	865750	843750	849250	
855000	849250	831750	836750	834750	
868250	846750	839250	866250	859500	
871250	897250	879500	881500	861250	
908000	901000	918750	889000	863250	
904750	931750	929250	905500	912250	
913500	930000	927500	918750	912250	
925500	907250	925000	909250	896000	
940750	918750	909750	913000	930500	
937500	896500	914250	905500	926750	
908500	915500	909250	921250	906000	
910500	916000	921250	904250	912250	
911000	947500	930000	950750	952000	
974000	942000	964000	967750	932500	
976500	976000	953250	970250	958250	
976000	972750	959500	963250	974750	
1.008e+06	1.00125e+06	1.0025e+06	986000	1.00425e+06	
1.005e+06	976500	984250	975250	992250	
996250	957000	979750	956500	991750	
964750	951500	985500	983000	999250	
969000	959000	964750	954000	971000	
964000	943750	931750	950250	950750	
931750	920500	958250	948750	926750	
930000	952000	937000	948250	933000	
944500	952000	938750	926250	939500	
930500	908000	933000	889000	922500	
899000	900250	890250	932500	907250	
915500	917250	914750	935750	899000	
948750	974750	962000	954000	947500	
1.0025e+06	1.01875e+06	1.02375e+06	1.03775e+06	1.04275e+06	
1.0345e+06	1.0195e+06	1.01825e+06	1.03025e+06	1.0395e+06	
1.02125e+06	1.02325e+06	1.04075e+06	1.03075e+06	1.03825e+06	
993000	989250	998000	996750	1.015e+06	
982250	992250	986000	993500	986750	
978500	970250	983000	1.0025e+06	974750	
997500	1.00375e+06	984250	998750	1.00125e+06	
1.04075e+06	1.0005e+06	1.02575e+06	1.03575e+06	1.0245e+06	
1.066e+06	1.068e+06	1.02575e+06	1.05525e+06	1.04525e+06	
1.07425e+06	1.039e+06	1.05725e+06	1.0825e+06	1.07425e+06	
1.05975e+06	1.056e+06	1.07625e+06	1.068e+06	1.049e+06	
1.068e+06	1.061e+06	1.0755e+06	1.07625e+06	1.05975e+06	
1.0685e+06	1.09875e+06	1.0635e+06	1.10775e+06	1.09325e+06	
1.06975e+06	1.09575e+06	1.10525e+06	1.097e+06	1.0895e+06	
1.07875e+06	1.08e+06	1.09575e+06	1.0945e+06	1.09875e+06	
1.10575e+06	1.09875e+06	1.13025e+06	1.13475e+06	1.12275e+06	
1.155e+06	1.19075e+06	1.17375e+06	1.15925e+06	1.17625e+06	
1.196e+06	1.1985e+06	1.2085e+06	1.18775e+06	1.213e+06	
1.20275e+06	1.17375e+06	1.22675e+06	1.2035e+06	1.20975e+06	
1.20725e+06	1.20275e+06	1.233e+06	1.2035e+06	1.211e+06	
1.20775e+06	1.192e+06	1.18525e+06	1.21225e+06	1.209e+06	
1.19975e+06	1.2105e+06	1.20275e+06	1.201e+06	1.1865e+06	
1.209e+06	1.16625e+06	1.2065e+06	1.21225e+06	1.20475e+06	
1.15675e+06	1.1575e+06	1.17125e+06	1.18025e+06	1.1605e+06	
1.182e+06	1.172e+06	1.15925e+06	1.1575e+06	1.16625e+06	
1.225e+06	1.21725e+06	1.1985e+06	1.2085e+06	1.209e+06	
1.2185e+06	1.216e+06	1.22875e+06	1.24075e+06	1.22925e+06	
1.2595e+06	1.2495e+06	1.2545e+06	1.28525e+06	1.26275e+06	
1.27775e+06	1.28525e+06	1.26325e+06	1.27025e+06	1.25575e+06	
1.245e+06	1.26525e+06	1.2565e+06	1.2615e+06	1.2545e+06	
1.2235e+06	1.20975e+06	1.22925e+06	1.23175e+06	1.21425e+06	
1.25075e+06	1.2545e+06	1.23175e+06	1.245e+06	1.22675e+06	
1.25825e+06	1.252e+06	1.2445e+06	1.27275e+06	1.235e+06	
1.245e+06	1.2325e+06	1.225e+06	1.24e+06	1.25125e+06	
1.19075e+06	1.18825e+06	1.17e+06	1.1915e+06	1.19525e+06	
1.17125e+06	1.1795e+06	1.20025e+06	1.175e+06	1.17875e+06	
1.1745e+06	1.2155e+06	1.204e+06	1.22625e+06	1.155e+06	
1.1645e+06	1.1435e+06	1.13225e+06	1.119e+06	1.153e+06	
1.1065e+06	1.1355e+06	1.1405e+06	1.1e+06	1.097e+06	
1.097e+06	1.11325e+06	1.13025e+06	1.09075e+06	1.11525e+06	
1.14225e+06	1.14675e+06	1.158e+06	1.15925e+06	1.13975e+06	
1.1455e+06	1.15425e+06	1.14725e+06	1.14475e+06	1.1555e+06	
1.1845e+06	1.17e+06	1.14425e+06	1.2035e+06	1.18275e+06	
1.23875e+06	1.26575e+06	1.26825e+06	1.23425e+06	1.235e+06	
1.26275e+06	1.238e+06	1.2835e+06	1.271e+06	1.25825e+06	
1.30925e+06	1.274e+06	1.286e+06	1.29425e+06	1.24625e+06	
1.28475e+06	1.29425e+06	1.28925e+06	1.3105e+06	1.3075e+06	
1.31825e+06	1.3155e+06	1.3245e+06	1.3415e+06	1.3005e+06	
1.36425e+06	1.3735e+06	1.36725e+06	1.378e+06	1.36975e+06	
1.424e+06	1.4165e+06	1.414e+06	1.43525e+06	1.44675e+06	
1.446e+06	1.4385e+06	1.44425e+06	1.43475e+06	1.43725e+06	
1.42725e+06	1.42725e+06	1.41825e+06	1.4115e+06	1.40575e+06	
1.36975e+06	1.34575e+06	1.35775e+06	1.3635e+06	1.33325e+06	
1.28925e+06	1.303e+06	1.344e+06	1.31e+06	1.32375e+06	
1.317e+06	1.3155e+06	1.317e+06	1.3465e+06	1.308e+06	
1.36425e+06	1.383e+06	1.371e+06	1.38375e+06	1.342e+06	
1.4115e+06	1.39e+06	1.42475e+06	1.40125e+06	1.42975e+06	
1.465e+06	1.44925e+06	1.4625e+06	1.448e+06	1.4745e+06	
1.40075e+06	1.3875e+06	1.3635e+06	1.3945e+06	1.39625e+06	
1.339e+06	1.3445e+06	1.33525e+06	1.33075e+06	1.351e+06	
1.28525e+06	1.24075e+06	1.27775e+06	1.28025e+06	1.281e+06	
1.2185e+06	1.233e+06	1.1985e+06	1.19325e+06	1.20475e+06	
1.1405e+06	1.19475e+06	1.20725e+06	1.15625e+06	1.15925e+06	
1.15e+06	1.1525e+06	1.1845e+06	1.1645e+06	1.13925e+06	
1.196e+06	1.16e+06	1.1675e+06	1.17075e+06	1.1645e+06	
1.235e+06	1.2035e+06	1.19475e+06	1.19725e+06	1.18575e+06	
1.301e+06	1.29675e+06	1.3025e+06	1.3075e+06	1.28025e+06	
1.4145e+06	1.38625e+06	1.38e+06	1.431e+06	1.409e+06	
1.4555e+06	1.45925e+06	1.45175e+06	1.4315e+06	1.44175e+06	
1.4485e+06	1.43775e+06	1.4365e+06	1.4435e+06	1.43275e+06	
1.4265e+06	1.42725e+06	1.4115e+06	1.42525e+06	1.40575e+06	
1.4365e+06	1.38675e+06	1.42475e+06	1.465e+06	1.39375e+06	
1.45425e+06	1.45425e+06	1.465e+06	1.46875e+06	1.4455e+06	
1.489e+06	1.47075e+06	1.47575e+06	1.45675e+06	1.48575e+06	
1.47e+06	1.5015e+06	1.50475e+06	1.44725e+06	1.46625e+06	
1.47575e+06	1.46925e+06	1.49825e+06	1.485e+06	1.489e+06	
1.487e+06	1.4655e+06	1.49075e+06	1.49575e+06	1.4995e+06	
1.46425e+06	1.46675e+06	1.4745e+06	1.48375e+06	1.4825e+06	
1.56075e+06	1.5305e+06	1.547e+06	1.50725e+06	1.51925e+06	
1.57025e+06	1.60725e+06	1.57525e+06	1.59025e+06	1.5695e+06	
1.6665e+06	1.66225e+06	1.693e+06	1.7025e+06	1.69925e+06	
1.7505e+06	1.76125e+06	1.73975e+06	1.76875e+06	1.7555e+06	
1.7555e+06	1.72025e+06	1.7555e+06	1.7675e+06	1.78575e+06	
1.7505e+06	1.7845e+06	1.8255e+06	1.802e+06	1.8165e+06	
1.8625e+06	1.87575e+06	1.82225e+06	1.855e+06	1.8215e+06	
1.889e+06	1.88725e+06	1.877e+06	1.9225e+06	1.8765e+06	
1.90725e+06	1.91225e+06	1.8625e+06	1.89475e+06	1.90225e+06	
1.7725e+06	1.75975e+06	1.8015e+06	1.7845e+06	1.75725e+06	
1.6375e+06	1.63825e+06	1.656e+06	1.6785e+06	1.65025e+06	
1.46925e+06	1.4655e+06	1.472e+06	1.4605e+06	1.4485e+06	
1.291e+06	1.31375e+06	1.3075e+06	1.29975e+06	1.281e+06	
1.24075e+06	1.23925e+06	1.24e+06	1.247e+06	1.271e+06	
1.37475e+06	1.36475e+06	1.38925e+06	1.39e+06	1.39875e+06	
1.591e+06	1.5915e+06	1.637e+06	1.5915e+06	1.59475e+06	
1.782e+06	1.80025e+06	1.79575e+06	1.82425e+06	1.7915e+06	
1.903e+06	1.87525e+06	1.9085e+06	1.906e+06	1.8915e+06	
2.02525e+06	1.98425e+06	2.005e+06	2.0005e+06	1.961e+06	
1.93125e+06	1.96025e+06	1.95075e+06	1.954e+06	1.9495e+06	
1.782e+06	1.7585e+06	1.77125e+06	1.7875e+06	1.73225e+06	
1.564e+06	1.5475e+06	1.59225e+06	1.538e+06	1.55825e+06	
1.4165e+06	1.43275e+06	1.443e+06	1.4605e+06	1.426e+06	
1.547e+06	1.55375e+06	1.5835e+06	1.56325e+06	1.535e+06	
1.84375e+06	1.77e+06	1.8575e+06	1.80325e+06	1.84425e+06	
2.087e+06	2.12275e+06	2.1405e+06	2.13725e+06	2.10825e+06	
2.34475e+06	2.27975e+06	2.3395e+06	2.29225e+06	2.35025e+06	
2.4725e+06	2.48575e+06	2.4555e+06	2.3975e+06	2.438e+06	
2.5615e+06	2.55125e+06	2.5065e+06	2.5255e+06	2.52925e+06	
2.57025e+06	2.57975e+06	2.58725e+06	2.53375e+06	2.56775e+06	
2.5595e+06	2.586e+06	2.57475e+06	2.63125e+06	2.54e+06	
2.66275e+06	2.6105e+06	2.61125e+06	2.62825e+06	2.59675e+06	
2.64775e+06	2.5885e+06	2.6515e+06	2.659e+06	2.673e+06	
2.67175e+06	2.71575e+06	2.69875e+06	2.693e+06	2.70875e+06	
2.80225e+06	2.7845e+06	2.76675e+06	2.7825e+06	2.76925e+06	
2.85625e+06	2.8255e+06	2.835e+06	2.85825e+06	2.758e+06	
2.8815e+06	2.8625e+06	2.867e+06	2.88275e+06	2.87075e+06	
2.93075e+06	2.92875e+06	2.95775e+06	2.9375e+06	2.9345e+06	
2.915e+06	2.864e+06	2.90925e+06	2.86e+06	2.89925e+06	
2.748e+06	2.806e+06	2.84e+06	2.87825e+06	2.806e+06	
2.87075e+06	2.886e+06	2.88275e+06	2.84675e+06	2.8305e+06	
2.9325e+06	2.8715e+06	2.90675e+06	2.91925e+06	2.96775e+06	
2.83225e+06	2.87825e+06	2.8865e+06	2.88525e+06	2.86325e+06	
2.82225e+06	2.872e+06	2.90225e+06	2.8865e+06	2.8595e+06	
2.852e+06	2.867e+06	2.90675e+06	2.93375e+06	2.88225e+06	
2.91875e+06	2.9275e+06	2.90675e+06	2.9155e+06	2.9175e+06	
2.8575e+06	2.88225e+06	2.85825e+06	2.8305e+06	2.864e+06	
2.88025e+06	2.92625e+06	2.87325e+06	2.85625e+06	2.89225e+06	
2.8285e+06	2.86e+06	2.86e+06	2.8405e+06	2.889e+06	
2.8815e+06	2.918e+06	2.9175e+06	2.906e+06	2.884e+06	
2.96525e+06	2.908e+06	2.964e+06	2.981e+06	2.9635e+06	
2.96725e+06	3.01125e+06	3.002e+06	3.0245e+06	2.998e+06	
3.02025e+06	3.094e+06	3.10275e+06	3.07875e+06	3.04275e+06	
3.0675e+06	3.1765e+06	3.14875e+06	3.17075e+06	3.11525e+06	
3.26275e+06	3.232e+06	3.3125e+06	3.26775e+06	3.25525e+06	
3.237e+06	3.2495e+06	3.30825e+06	3.2925e+06	3.2835e+06	
3.1795e+06	3.155e+06	3.2135e+06	3.17575e+06	3.194e+06	
2.99175e+06	3.0165e+06	3.0245e+06	2.98875e+06	3.002e+06	
2.9755e+06	2.9855e+06	2.993e+06	3.00825e+06	2.959e+06	
3.06425e+06	3.0875e+06	3.114e+06	3.08575e+06	3.126e+06	
3.24125e+06	3.20725e+06	3.295e+06	3.269e+06	3.2735e+06	
3.3265e+06	3.44625e+06	3.3385e+06	3.35975e+06	3.44425e+06	
3.41025e+06	3.42225e+06	3.409e+06	3.41975e+06	3.4165e+06	
3.4625e+06	3.5205e+06	3.508e+06	3.53675e+06	3.54125e+06	
3.4385e+06	3.4065e+06	3.436e+06	3.5135e+06	3.51475e+06	
3.42275e+06	3.368e+06	3.39625e+06	3.458e+06	3.39825e+06	
3.3265e+06	3.34475e+06	3.3365e+06	3.39875e+06	3.3995e+06	
3.4505e+06	3.52175e+06	3.508e+06	3.50025e+06	3.51175e+06	
3.56325e+06	3.5785e+06	3.5395e+06	3.5325e+06	3.54875e+06	
3.5225e+06	3.4815e+06	3.49975e+06	3.4745e+06	3.4525e+06	
3.49225e+06	3.55525e+06	3.51925e+06	3.559e+06	3.5085e+06	
3.4435e+06	3.50725e+06	3.51675e+06	3.48525e+06	3.5105e+06	
3.5325e+06	3.5035e+06	3.54075e+06	3.5395e+06	3.6005e+06	
3.5835e+06	3.61125e+06	3.60675e+06	3.62375e+06	3.58675e+06	
3.73475e+06	3.666e+06	3.71825e+06	3.71325e+06	3.73225e+06	
3.7335e+06	3.741e+06	3.709e+06	3.705e+06	3.69e+06	
3.637e+06	3.6e+06	3.5855e+06	3.605e+06	3.649e+06	
3.56075e+06	3.521e+06	3.59225e+06	3.60675e+06	3.63025e+06	
3.52925e+06	3.494e+06	3.4895e+06	3.508e+06	3.5375e+06	
3.5545e+06	3.58975e+06	3.545e+06	3.6005e+06	3.58225e+06	
3.58925e+06	3.642e+06	3.61125e+06	3.6245e+06	3.579e+06	
3.608e+06	3.622e+06	3.69825e+06	3.729e+06	3.6995e+06	
3.6565e+06	3.68625e+06	3.67625e+06	3.71275e+06	3.6875e+06	
3.68125e+06	3.71025e+06	3.659e+06	3.683e+06	3.65525e+06	
3.6395e+06	3.66725e+06	3.67925e+06	3.64275e+06	3.60175e+06	
3.78325e+06	3.76175e+06	3.789e+06	3.7165e+06	3.72275e+06	
3.8495e+06	3.8865e+06	3.8615e+06	3.881e+06	3.901e+06	
3.90875e+06	3.9275e+06	3.9615e+06	3.96975e+06	3.97475e+06	
3.9365e+06	4.01775e+06	4.03475e+06	3.96225e+06	4.0505e+06	
3.93825e+06	4.02025e+06	4.00575e+06	3.96475e+06	4e+06	
3.869e+06	3.8445e+06	3.84875e+06	3.81425e+06	3.8375e+06	
3.7745e+06	3.75175e+06	3.75175e+06	3.78e+06	3.79525e+06	
3.7235e+06	3.753e+06	3.721e+06	3.79325e+06	3.75425e+06	
3.69825e+06	3.7315e+06	3.73725e+06	3.75675e+06	3.7455e+06	
3.84575e+06	3.8425e+06	3.88025e+06	3.869e+06	3.782e+06	
3.908e+06	3.92575e+06	3.966e+06	3.9395e+06	3.9995e+06	
3.9275e+06	4.007e+06	4.03225e+06	4.02075e+06	3.9615e+06	
3.96475e+06	3.94075e+06	3.99125e+06	4.00125e+06	4.01575e+06	
3.90925e+06	3.93e+06	3.99825e+06	3.93775e+06	4.0605e+06	
3.91625e+06	3.9075e+06	3.91875e+06	3.99875e+06	3.94025e+06	
3.959e+06	3.954e+06	4.02725e+06	4.0455e+06	4.01825e+06	
4.0745e+06	4.11775e+06	4.0675e+06	4.116e+06	4.07875e+06	
3.97225e+06	4.05725e+06	4.02575e+06	4.08e+06	4.11975e+06	
3.9975e+06	4.00875e+06	4.03525e+06	4.0415e+06	4.0415e+06	
3.93e+06	3.83875e+06	3.886e+06	3.89475e+06	3.8905e+06	
3.89975e+06	3.954e+06	3.9415e+06	3.976e+06	3.92325e+06	
3.925e+06	3.9465e+06	3.95525e+06	3.97725e+06	3.9925e+06	
4.0025e+06	4.02725e+06	4.005e+06	4.0285e+06	4.03225e+06	
3.96225e+06	4.002e+06	4.0605e+06	4.051e+06	4.0535e+06	
3.869e+06	3.79975e+06	3.8935e+06	3.86025e+06	3.85325e+06	
3.71775e+06	3.6855e+06	3.77625e+06	3.7915e+06	3.7675e+06	
3.5035e+06	3.4625e+06	3.49725e+06	3.516e+06	3.4985e+06	
3.28175e+06	3.2835e+06	3.28675e+06	3.2325e+06	3.368e+06	
3.14425e+06	3.15625e+06	3.20225e+06	3.11025e+06	3.22125e+06	
3.28675e+06	3.30875e+06	3.32125e+06	3.271e+06	3.2495e+06	
3.68625e+06	3.6775e+06	3.70775e+06	3.71525e+06	3.69825e+06	
4.16775e+06	4.17325e+06	4.1255e+06	4.15875e+06	4.12475e+06	
4.3705e+06	4.37125e+06	4.3605e+06	4.33475e+06	4.37175e+06	
4.307e+06	4.31625e+06	4.3045e+06	4.353e+06	4.32775e+06	
4.2545e+06	4.29425e+06	4.34225e+06	4.341e+06	4.2925e+06	
4.38125e+06	4.3505e+06	4.44375e+06	4.49025e+06	4.45375e+06	
4.4165e+06	4.399e+06	4.33475e+06	4.431e+06	4.48725e+06	
4.20675e+06	4.18525e+06	4.19025e+06	4.172e+06	4.2035e+06	
4.1595e+06	4.13925e+06	4.2275e+06	4.2255e+06	4.18775e+06	
4.27225e+06	4.3535e+06	4.36875e+06	4.3795e+06	4.33775e+06	
4.51425e+06	4.47275e+06	4.547e+06	4.55775e+06	4.58475e+06	
4.58725e+06	4.6e+06	4.5515e+06	4.55075e+06	4.5445e+06	
4.712e+06	4.68e+06	4.73425e+06	4.67425e+06	4.6875e+06	
4.8885e+06	4.92875e+06	4.79775e+06	4.8955e+06	4.908e+06	
4.90875e+06	4.87975e+06	4.89225e+06	5.01525e+06	4.881e+06	
4.92875e+06	4.90675e+06	4.973e+06	4.9125e+06	4.94775e+06	
4.84075e+06	4.871e+06	4.8905e+06	4.898e+06	4.89475e+06	
4.84625e+06	4.79475e+06	4.8355e+06	4.82375e+06	4.811e+06	
4.622e+06	4.6145e+06	4.6635e+06	4.6315e+06	4.65925e+06	
4.53125e+06	4.4625e+06	4.59225e+06	4.52375e+06	4.545e+06	
4.399e+06	4.3925e+06	4.39825e+06	4.3795e+06	4.4715e+06	
4.54625e+06	4.569e+06	4.62375e+06	4.58225e+06	4.67175e+06	
4.8475e+06	4.852e+06	4.84625e+06	4.86025e+06	4.8715e+06	
4.811e+06	4.85525e+06	4.813e+06	4.9245e+06	4.903e+06	
4.84375e+06	4.8905e+06	4.847e+06	4.927e+06	4.81175e+06	
4.78525e+06	4.81225e+06	4.87225e+06	4.91425e+06	4.8205e+06	
4.98125e+06	4.985e+06	4.99e+06	5.017e+06	5.014e+06	
5.15325e+06	5.0675e+06	5.08825e+06	5.11275e+06	5.06675e+06	
5.29375e+06	5.30075e+06	5.34275e+06	5.37825e+06	5.39025e+06	
5.27975e+06	5.33725e+06	5.33225e+06	5.3075e+06	5.3485e+06	
5.45375e+06	5.5035e+06	5.3875e+06	5.4665e+06	5.48775e+06	
5.47825e+06	5.4665e+06	5.46e+06	5.498e+06	5.51875e+06	
5.43875e+06	5.46375e+06	5.37175e+06	5.52425e+06	5.49475e+06	
5.317e+06	5.40525e+06	5.3895e+06	5.33775e+06	5.29625e+06	
5.40725e+06	5.518e+06	5.51425e+06	5.52175e+06	5.4595e+06	
5.455e+06	5.51425e+06	5.5055e+06	5.44875e+06	5.511e+06	
5.5105e+06	5.5395e+06	5.55025e+06	5.52875e+06	5.523e+06	
5.57225e+06	5.552e+06	5.58675e+06	5.55325e+06	5.57025e+06	
5.51175e+06	5.44125e+06	5.50725e+06	5.51175e+06	5.53875e+06	
5.28425e+06	5.34225e+06	5.41225e+06	5.40325e+06	5.35225e+06	
5.22125e+06	5.19925e+06	5.3145e+06	5.17525e+06	5.2735e+06	
5.375e+06	5.3e+06	5.3625e+06	5.41475e+06	5.40525e+06	
5.5205e+06	5.53825e+06	5.55325e+06	5.45325e+06	5.49725e+06	
5.56975e+06	5.5925e+06	5.54e+06	5.59375e+06	5.6555e+06	
5.8735e+06	5.78275e+06	5.787e+06	5.8785e+06	5.79775e+06	
5.84325e+06	5.79025e+06	5.83825e+06	5.83125e+06	5.864e+06	
5.7385e+06	5.77275e+06	5.84575e+06	5.78975e+06	5.83575e+06	
5.8475e+06	5.816e+06	5.85025e+06	5.828e+06	5.912e+06	
5.7625e+06	5.73975e+06	5.9345e+06	5.82375e+06	5.82675e+06	
5.89675e+06	5.74675e+06	5.81475e+06	5.8565e+06	5.912e+06	
5.92325e+06	5.985e+06	5.961e+06	5.9075e+06	6.05625e+06	
5.96925e+06	5.9975e+06	5.94225e+06	5.927e+06	5.975e+06	
6.159e+06	6.12675e+06	6.1715e+06	6.106e+06	6.11425e+06	
6.18525e+06	6.314e+06	6.33975e+06	6.2415e+06	6.4115e+06	
6.109e+06	6.159e+06	6.188e+06	6.2175e+06	6.26025e+06	
6.14875e+06	6.11675e+06	6.11725e+06	6.162e+06	6.12175e+06	
6.16775e+06	6.113e+06	6.21625e+06	6.1835e+06	6.14575e+06	
5.9415e+06	5.94525e+06	5.94775e+06	6.05625e+06	6.02225e+06	
5.8225e+06	5.864e+06	5.8565e+06	5.8035e+06	5.81675e+06	
5.7045e+06	5.7095e+06	5.69e+06	5.72975e+06	5.6705e+06	
5.79025e+06	5.75625e+06	5.83875e+06	5.83175e+06	5.75625e+06	
5.772e+06	5.77575e+06	5.78325e+06	5.8615e+06	5.83e+06	
6.038e+06	5.9705e+06	6.0435e+06	6.021e+06	6.02525e+06	
5.96225e+06	5.915e+06	5.90875e+06	6.02225e+06	5.9655e+06	
5.92325e+06	5.93575e+06	6.00325e+06	5.99e+06	5.9895e+06	
5.95725e+06	6.00575e+06	5.954e+06	5.8975e+06	5.9895e+06	
6.10475e+06	6.02725e+06	6.1355e+06	6.079e+06	6.03675e+06	
6.11175e+06	6.05625e+06	6.11175e+06	6.06875e+06	6.065e+06	
6.162e+06	6.14075e+06	6.159e+06	6.25975e+06	6.26675e+06	
6.2195e+06	6.17775e+06	6.215e+06	6.24525e+06	6.087e+06	
6.2755e+06	6.084e+06	6.22325e+06	6.18975e+06	6.247e+06	
6.295e+06	6.37075e+06	6.295e+06	6.41025e+06	6.36175e+06	
6.29325e+06	6.2225e+06	6.3285e+06	6.3195e+06	6.31775e+06	
6.099e+06	6.14e+06	6.29825e+06	6.21e+06	6.24975e+06	
6.18725e+06	6.16275e+06	6.21625e+06	6.18475e+06	6.19425e+06	
6.17475e+06	6.201e+06	6.19925e+06	6.20375e+06	6.17225e+06	
6.2565e+06	6.2275e+06	6.2465e+06	6.285e+06	6.242e+06	
6.2075e+06	6.18975e+06	6.1835e+06	6.242e+06	6.283e+06	
6.2175e+06	6.2825e+06	6.2175e+06	6.25525e+06	6.15575e+06	
6.317e+06	6.32775e+06	6.29375e+06	6.29575e+06	6.32975e+06	
6.28925e+06	6.31775e+06	6.3145e+06	6.26975e+06	6.30575e+06	
6.52175e+06	6.47725e+06	6.493e+06	6.515e+06	6.51625e+06	
6.37125e+06	6.51e+06	6.4865e+06	6.60575e+06	6.46325e+06	
6.55275e+06	6.5275e+06	6.452e+06	6.4645e+06	6.5205e+06	
6.61375e+06	6.63225e+06	6.69075e+06	6.622e+06	6.62775e+06	
6.55075e+06	6.55025e+06	6.576e+06	6.63725e+06	6.5905e+06	
6.5805e+06	6.6045e+06	6.5245e+06	6.5955e+06	6.5295e+06	
6.66625e+06	6.7115e+06	6.58925e+06	6.66375e+06	6.571e+06	
6.57175e+06	6.64975e+06	6.6385e+06	6.6775e+06	6.67425e+06	
6.55075e+06	6.556e+06	6.60075e+06	6.50675e+06	6.583e+06	
6.5245e+06	6.40775e+06	6.46275e+06	6.51425e+06	6.54025e+06	
6.438e+06	6.4765e+06	6.496e+06	6.56025e+06	6.472e+06	
6.43925e+06	6.409e+06	6.35175e+06	6.3865e+06	6.435e+06	
6.5495e+06	6.5055e+06	6.55275e+06	6.58625e+06	6.56975e+06	
6.595e+06	6.53575e+06	6.60075e+06	6.544e+06	6.6195e+06	
6.7165e+06	6.7045e+06	6.72475e+06	6.78475e+06	6.68875e+06	
6.51175e+06	6.501e+06	6.54075e+06	6.5665e+06	6.4935e+06	
6.60575e+06	6.52625e+06	6.5345e+06	6.54525e+06	6.5925e+06	
6.59175e+06	6.6995e+06	6.6195e+06	6.67825e+06	6.62825e+06	
6.67875e+06	6.6795e+06	6.704e+06	6.73875e+06	6.67825e+06	
6.7545e+06	6.71725e+06	6.75625e+06	6.69775e+06	6.786e+06	
6.78475e+06	6.75875e+06	6.75375e+06	6.73875e+06	6.85825e+06	
6.9345e+06	6.93275e+06	6.98375e+06	6.99625e+06	6.903e+06	
6.92275e+06	6.915e+06	6.924e+06	6.98875e+06	6.97375e+06	
6.9675e+06	6.9555e+06	6.9345e+06	7.009e+06	6.90575e+06	
6.90425e+06	6.87725e+06	6.849e+06	6.973e+06	6.96425e+06	
6.90175e+06	6.96475e+06	6.9775e+06	7.0405e+06	6.9415e+06	
6.74e+06	6.7695e+06	6.75825e+06	6.786e+06	6.76325e+06	
6.9385e+06	6.912e+06	6.93775e+06	6.9585e+06	6.88175e+06	
7.03975e+06	6.99775e+06	7.055e+06	7.06825e+06	7.0305e+06	
7.2225e+06	7.14375e+06	7.1685e+06	7.23075e+06	7.239e+06	
7.51125e+06	7.4495e+06	7.41175e+06	7.3915e+06	7.4015e+06	
7.4695e+06	7.43375e+06	7.4445e+06	7.48975e+06	7.433e+06	
7.3795e+06	7.4255e+06	7.464e+06	7.426e+06	7.40025e+06	
7.2995e+06	7.28425e+06	7.40775e+06	7.41675e+06	7.3725e+06	
7.513e+06	7.5225e+06	7.52875e+06	7.61275e+06	7.53775e+06	
7.5365e+06	7.58e+06	7.4865e+06	7.5345e+06	7.50425e+06	
7.614e+06	7.68e+06	7.65425e+06	7.6995e+06	7.6575e+06	
7.83825e+06	7.9385e+06	7.88175e+06	7.85275e+06	7.917e+06	
7.82e+06	7.80225e+06	7.8805e+06	7.8345e+06	7.8565e+06	
7.87975e+06	7.84825e+06	7.878e+06	7.898e+06	7.881e+06	
7.78475e+06	7.86775e+06	7.93725e+06	7.81625e+06	7.859e+06	
7.85075e+06	7.8275e+06	7.8735e+06	7.88475e+06	7.975e+06	
7.98825e+06	7.79925e+06	7.975e+06	7.924e+06	7.9195e+06	
8.00075e+06	7.99575e+06	7.97675e+06	7.936e+06	7.93075e+06	
8.077e+06	8.157e+06	8.0915e+06	8.157e+06	8.1345e+06	
8.28575e+06	8.292e+06	8.30525e+06	8.329e+06	8.338e+06	
8.4685e+06	8.597e+06	8.59325e+06	8.556e+06	8.6e+06	
8.4665e+06	8.4665e+06	8.4425e+06	8.5225e+06	8.49175e+06	
8.556e+06	8.4855e+06	8.5315e+06	8.6485e+06	8.6435e+06	
8.54525e+06	8.54725e+06	8.459e+06	8.57875e+06	8.59125e+06	
8.8785e+06	8.77075e+06	8.76025e+06	8.88175e+06	8.808e+06	
8.767e+06	8.8175e+06	8.876e+06	8.8125e+06	8.924e+06	
8.80175e+06	8.80675e+06	8.89175e+06	9.04e+06	8.87225e+06	
8.989e+06	9.043e+06	9.0695e+06	9.11425e+06	9.055e+06	
9.04e+06	8.95425e+06	9.02725e+06	8.97625e+06	9.00025e+06	
8.95475e+06	8.91575e+06	8.98375e+06	9.096e+06	9.08475e+06	
9.07025e+06	9.15725e+06	9.14275e+06	9.17225e+06	9.20325e+06	
9.437e+06	9.36e+06	9.2825e+06	9.31525e+06	9.44075e+06	
9.3815e+06	9.265e+06	9.40175e+06	9.428e+06	9.348e+06	
9.37825e+06	9.43375e+06	9.44625e+06	9.41925e+06	9.561e+06	
9.35425e+06	9.321e+06	9.3915e+06	9.32275e+06	9.35e+06	
9.44e+06	9.4395e+06	9.45325e+06	9.413e+06	9.36375e+06	
9.37525e+06	9.44375e+06	9.4615e+06	9.488e+06	9.4765e+06	
9.45325e+06	9.391e+06	9.345e+06	9.4765e+06	9.4565e+06	
9.37575e+06	9.3065e+06	9.40975e+06	9.3045e+06	9.384e+06	
9.5655e+06	9.646e+06	9.5075e+06	9.629e+06	9.58125e+06	
9.3525e+06	9.3815e+06	9.357e+06	9.396e+06	9.4735e+06	
9.0935e+06	9.1375e+06	9.144e+06	9.25925e+06	9.24475e+06	
8.60825e+06	8.621e+06	8.6435e+06	8.713e+06	8.61325e+06	
8.23025e+06	8.3165e+06	8.36325e+06	8.3525e+06	8.4275e+06	
8.18425e+06	8.2485e+06	8.222e+06	8.4135e+06	8.309e+06	
8.578e+06	8.6655e+06	8.58875e+06	8.5365e+06	8.59325e+06	
8.96875e+06	9.05125e+06	9.06075e+06	9.04175e+06	9.0495e+06	
9.29075e+06	9.2755e+06	9.307e+06	9.37575e+06	9.278e+06	
9.5895e+06	9.60775e+06	9.5605e+06	9.701e+06	9.7425e+06	
9.76975e+06	9.8195e+06	9.8e+06	9.815e+06	9.784e+06	
9.6915e+06	9.58575e+06	9.62525e+06	9.75125e+06	9.76825e+06	
9.71675e+06	9.7785e+06	9.8105e+06	9.849e+06	9.791e+06	
1.0057e+07	1.00745e+07	1.0132e+07	1.01395e+07	1.012e+07	
1.02038e+07	1.03512e+07	1.02902e+07	1.03802e+07	1.04188e+07	
1.05965e+07	1.0481e+07	1.05145e+07	1.06505e+07	1.05718e+07	
1.04238e+07	1.04602e+07	1.0481e+07	1.04295e+07	1.04698e+07	
1.05422e+07	1.05642e+07	1.0662e+07	1.06538e+07	1.0568e+07	
1.03835e+07	1.03898e+07	1.04358e+07	1.0452e+07	1.04628e+07	
1.0275e+07	1.02858e+07	1.0253e+07	1.01942e+07	1.02718e+07	
1.013e+07	1.00798e+07	1.01258e+07	1.01495e+07	1.00508e+07	
1.00375e+07	1.01718e+07	1.01982e+07	1.00992e+07	1.00462e+07	
1.03222e+07	1.03065e+07	1.0319e+07	1.03032e+07	1.0282e+07	
1.05908e+07	1.05232e+07	1.0541e+07	1.06032e+07	1.057e+07	
1.0641e+07	1.05755e+07	1.0655e+07	1.07345e+07	1.073e+07	
1.05372e+07	1.06708e+07	1.059e+07	1.06828e+07	1.0684e+07	
1.07325e+07	1.06952e+07	1.08345e+07	1.07798e+07	1.07218e+07	
1.09845e+07	1.08938e+07	1.09998e+07	1.1028e+07	1.1001e+07	
1.11025e+07	1.11018e+07	1.11232e+07	1.1188e+07	1.11578e+07	
1.09562e+07	1.0965e+07	1.0924e+07	1.11642e+07	1.10122e+07	
1.1042e+07	1.10002e+07	1.1028e+07	1.10778e+07	1.11312e+07	
1.1035e+07	1.10375e+07	1.10002e+07	1.10595e+07	1.10368e+07	
1.1079e+07	1.10828e+07	1.10752e+07	1.11722e+07	1.11842e+07	
1.10972e+07	1.11075e+07	1.11648e+07	1.11552e+07	1.1086e+07	
1.11842e+07	1.10992e+07	1.11772e+07	1.12655e+07	1.12365e+07	
1.11855e+07	1.12165e+07	1.12692e+07	1.13222e+07	1.12592e+07	
1.1069e+07	1.12492e+07	1.11068e+07	1.12322e+07	1.12082e+07	
1.09688e+07	1.10022e+07	1.10325e+07	1.1067e+07	1.08962e+07	
1.07382e+07	1.07798e+07	1.08062e+07	1.09488e+07	1.08635e+07	
1.08962e+07	1.08238e+07	1.08618e+07	1.0844e+07	1.08472e+07	
1.09852e+07	1.0938e+07	1.10752e+07	1.1079e+07	1.10135e+07	
1.10898e+07	1.10728e+07	1.11088e+07	1.1142e+07	1.11365e+07	
1.1023e+07	1.08925e+07	1.10312e+07	1.0989e+07	1.1069e+07	
1.08788e+07	1.09298e+07	1.09832e+07	1.09285e+07	1.08282e+07	
1.05965e+07	1.06292e+07	1.0783e+07	1.08395e+07	1.07042e+07	
1.06442e+07	1.06865e+07	1.06102e+07	1.06965e+07	1.08402e+07	
1.05668e+07	1.06732e+07	1.07312e+07	1.07722e+07	1.06922e+07	
1.0667e+07	1.06172e+07	1.0771e+07	1.066e+07	1.06425e+07	
1.05762e+07	1.06582e+07	1.06575e+07	1.06765e+07	1.0643e+07	
1.0735e+07	1.06898e+07	1.07238e+07	1.06778e+07	1.07632e+07	
1.08448e+07	1.0883e+07	1.096e+07	1.09775e+07	1.08932e+07	
1.10022e+07	1.10318e+07	1.1096e+07	1.10508e+07	1.09948e+07	
1.0909e+07	1.0948e+07	1.10312e+07	1.10338e+07	1.09972e+07	
1.08788e+07	1.09422e+07	1.10362e+07	1.1105e+07	1.0994e+07	
1.08395e+07	1.08195e+07	1.0757e+07	1.0924e+07	1.09682e+07	
1.08655e+07	1.08945e+07	1.0914e+07	1.10198e+07	1.08855e+07	
1.11018e+07	1.1071e+07	1.1108e+07	1.11548e+07	1.11182e+07	
1.13865e+07	1.11378e+07	1.1251e+07	1.12825e+07	1.12025e+07	
1.14975e+07	1.13628e+07	1.1478e+07	1.14742e+07	1.14288e+07	
1.1512e+07	1.13682e+07	1.14968e+07	1.16185e+07	1.14175e+07	
1.15145e+07	1.1597e+07	1.16562e+07	1.1665e+07	1.1498e+07	
1.13102e+07	1.1326e+07	1.13628e+07	1.14602e+07	1.13665e+07	
1.13682e+07	1.14415e+07	1.13998e+07	1.14118e+07	1.14212e+07	
1.12248e+07	1.1214e+07	1.12485e+07	1.12102e+07	1.119e+07	
1.1011e+07	1.11208e+07	1.11358e+07	1.11312e+07	1.10445e+07	
1.1059e+07	1.09998e+07	1.10532e+07	1.11245e+07	1.09952e+07	
1.11055e+07	1.10242e+07	1.11472e+07	1.10118e+07	1.10582e+07	
1.13865e+07	1.14192e+07	1.13595e+07	1.14022e+07	1.14548e+07	
1.13438e+07	1.13475e+07	1.13848e+07	1.141e+07	1.14602e+07	
1.14452e+07	1.1364e+07	1.14168e+07	1.14358e+07	1.1386e+07	
1.13342e+07	1.13438e+07	1.1345e+07	1.13872e+07	1.14092e+07	
1.12655e+07	1.12195e+07	1.13745e+07	1.13682e+07	1.13562e+07	
1.12348e+07	1.13078e+07	1.1251e+07	1.13898e+07	1.13508e+07	
1.13495e+07	1.13562e+07	1.14755e+07	1.14162e+07	1.14035e+07	
1.15965e+07	1.1565e+07	1.15888e+07	1.16978e+07	1.17042e+07	
1.15045e+07	1.15448e+07	1.15592e+07	1.15572e+07	1.1599e+07	
1.14312e+07	1.13942e+07	1.15448e+07	1.13615e+07	1.14138e+07	
1.14862e+07	1.15415e+07	1.1401e+07	1.1575e+07	1.14962e+07	
1.13255e+07	1.13798e+07	1.14362e+07	1.1384e+07	1.13272e+07	
1.11528e+07	1.1205e+07	1.12485e+07	1.11345e+07	1.1178e+07	
1.1205e+07	1.11875e+07	1.1282e+07	1.12932e+07	1.12498e+07	
1.1088e+07	1.10495e+07	1.1185e+07	1.11855e+07	1.1156e+07	
1.1098e+07	1.09745e+07	1.09908e+07	1.1001e+07	1.1016e+07	
1.104e+07	1.10582e+07	1.1025e+07	1.1076e+07	1.1088e+07	
1.1115e+07	1.11075e+07	1.10458e+07	1.113e+07	1.10508e+07	
1.12335e+07	1.1125e+07	1.12025e+07	1.12878e+07	1.14142e+07	
1.13678e+07	1.127e+07	1.1246e+07	1.126e+07	1.1263e+07	
1.11282e+07	1.11498e+07	1.12322e+07	1.1173e+07	1.11378e+07	
1.07565e+07	1.06998e+07	1.0643e+07	1.07565e+07	1.06442e+07	
1.02302e+07	1.0292e+07	1.02008e+07	1.01232e+07	1.02928e+07	
9.943e+06	9.93025e+06	1.00828e+07	1.01188e+07	1.00022e+07	
1.0173e+07	1.0076e+07	1.01598e+07	1.02738e+07	1.01798e+07	
1.03835e+07	1.02125e+07	1.0231e+07	1.03992e+07	1.02882e+07	
1.02252e+07	1.02145e+07	1.03335e+07	1.0282e+07	1.03505e+07	
1.05162e+07	1.02662e+07	1.04362e+07	1.03468e+07	1.03765e+07	
1.06712e+07	1.06512e+07	1.07172e+07	1.0665e+07	1.0745e+07	
1.06858e+07	1.07722e+07	1.0699e+07	1.08498e+07	1.07798e+07	
1.09158e+07	1.0984e+07	1.10602e+07	1.10785e+07	1.10432e+07	
1.11768e+07	1.11502e+07	1.12625e+07	1.12315e+07	1.1304e+07	
1.13222e+07	1.12708e+07	1.12878e+07	1.13488e+07	1.13582e+07	
1.1362e+07	1.13152e+07	1.14042e+07	1.14105e+07	1.135e+07	
1.14312e+07	1.13798e+07	1.14995e+07	1.15335e+07	1.1401e+07	
1.15548e+07	1.1444e+07	1.14698e+07	1.15668e+07	1.1553e+07	
1.15858e+07	1.15915e+07	1.1476e+07	1.17648e+07	1.16848e+07	
1.1592e+07	1.14842e+07	1.15982e+07	1.1551e+07	1.15302e+07	
1.1454e+07	1.14155e+07	1.14678e+07	1.14735e+07	1.1563e+07	
1.12845e+07	1.143e+07	1.14862e+07	1.14452e+07	1.13715e+07	
1.13628e+07	1.13022e+07	1.13495e+07	1.1461e+07	1.13418e+07	
1.1614e+07	1.15612e+07	1.16172e+07	1.16368e+07	1.15775e+07	
1.16952e+07	1.17192e+07	1.1803e+07	1.18182e+07	1.17968e+07	
1.20068e+07	1.19298e+07	1.20602e+07	1.2033e+07	1.19128e+07	
1.20105e+07	1.20955e+07	1.197e+07	1.21408e+07	1.20172e+07	
1.1945e+07	1.1936e+07	1.19745e+07	1.19512e+07	1.1996e+07	
1.1938e+07	1.1895e+07	1.1989e+07	1.19808e+07	1.19575e+07	
1.18882e+07	1.19178e+07	1.19972e+07	1.19658e+07	1.19008e+07	
1.16492e+07	1.1674e+07	1.1696e+07	1.16828e+07	1.1728e+07	
1.13312e+07	1.13355e+07	1.1316e+07	1.1309e+07	1.142e+07	
1.09278e+07	1.08302e+07	1.09488e+07	1.0897e+07	1.08862e+07	
1.09202e+07	1.09782e+07	1.09915e+07	1.10275e+07	1.09882e+07	
1.1076e+07	1.10955e+07	1.11668e+07	1.1205e+07	1.1217e+07	
1.14262e+07	1.13168e+07	1.12655e+07	1.1432e+07	1.13828e+07	
1.1638e+07	1.16335e+07	1.16758e+07	1.16948e+07	1.16558e+07	
1.18862e+07	1.1774e+07	1.18775e+07	1.182e+07	1.18705e+07	
1.21105e+07	1.19898e+07	1.21182e+07	1.20735e+07	1.20992e+07	
1.21705e+07	1.22625e+07	1.2197e+07	1.22782e+07	1.22725e+07	
1.20192e+07	1.20918e+07	1.21672e+07	1.22708e+07	1.22398e+07	
1.20495e+07	1.21145e+07	1.21062e+07	1.22315e+07	1.22298e+07	
1.21282e+07	1.20118e+07	1.21125e+07	1.21585e+07	1.22568e+07	
1.23035e+07	1.2229e+07	1.22065e+07	1.23948e+07	1.22915e+07	
1.22795e+07	1.22865e+07	1.22688e+07	1.24415e+07	1.2405e+07	
1.23512e+07	1.23632e+07	1.23458e+07	1.23708e+07	1.24212e+07	
1.235e+07	1.23218e+07	1.22902e+07	1.24308e+07	1.23532e+07	
1.20892e+07	1.21105e+07	1.21158e+07	1.2171e+07	1.21622e+07	
1.1839e+07	1.17175e+07	1.17578e+07	1.1788e+07	1.18398e+07	
1.16015e+07	1.16948e+07	1.16795e+07	1.17798e+07	1.1667e+07	
1.1708e+07	1.16715e+07	1.16662e+07	1.17268e+07	1.17648e+07	
1.1759e+07	1.18875e+07	1.18995e+07	1.1953e+07	1.19008e+07	
1.18568e+07	1.18308e+07	1.18548e+07	1.1958e+07	1.17925e+07	
1.1849e+07	1.18108e+07	1.1977e+07	1.18648e+07	1.18568e+07	
1.1904e+07	1.19405e+07	1.18308e+07	1.21105e+07	1.19708e+07	
1.20268e+07	1.20098e+07	1.20665e+07	1.2108e+07	1.2064e+07	
1.21062e+07	1.21452e+07	1.22525e+07	1.22688e+07	1.21622e+07	
1.2197e+07	1.22392e+07	1.23218e+07	1.23432e+07	1.2272e+07	
1.20558e+07	1.21635e+07	1.22505e+07	1.22472e+07	1.21365e+07	
1.19505e+07	1.21125e+07	1.20602e+07	1.21332e+07	1.20835e+07	
1.17035e+07	1.18535e+07	1.1795e+07	1.1928e+07	1.19032e+07	
1.1834e+07	1.1943e+07	1.18882e+07	1.1943e+07	1.1926e+07	
1.17925e+07	1.1798e+07	1.1899e+07	1.19148e+07	1.19608e+07	
1.18705e+07	1.17665e+07	1.1834e+07	1.19625e+07	1.2042e+07	
1.19712e+07	1.19732e+07	1.19832e+07	1.20312e+07	1.1887e+07	
1.19172e+07	1.19708e+07	1.20288e+07	1.2071e+07	1.19985e+07	
1.20068e+07	1.1945e+07	1.20238e+07	1.1965e+07	1.19505e+07	
1.2001e+07	1.18195e+07	1.19608e+07	1.21415e+07	1.2013e+07	
1.16532e+07	1.1679e+07	1.17785e+07	1.17925e+07	1.1706e+07	
1.1565e+07	1.15505e+07	1.16085e+07	1.15668e+07	1.15415e+07	
1.14572e+07	1.14508e+07	1.14735e+07	1.1456e+07	1.1447e+07	
1.13898e+07	1.1268e+07	1.1539e+07	1.1379e+07	1.1418e+07	
1.13035e+07	1.14018e+07	1.14798e+07	1.1447e+07	1.14912e+07	
1.1427e+07	1.1338e+07	1.14358e+07	1.14968e+07	1.15088e+07	
1.16322e+07	1.15915e+07	1.16782e+07	1.164e+07	1.17242e+07	
1.15838e+07	1.15505e+07	1.16058e+07	1.16045e+07	1.16102e+07	
1.16178e+07	1.14502e+07	1.15542e+07	1.1686e+07	1.14938e+07	
1.16732e+07	1.16872e+07	1.16645e+07	1.17665e+07	1.1655e+07	
1.15738e+07	1.15178e+07	1.1534e+07	1.17205e+07	1.1568e+07	
1.164e+07	1.16128e+07	1.1747e+07	1.1728e+07	1.16052e+07	
1.17388e+07	1.16745e+07	1.173e+07	1.18668e+07	1.17622e+07	
1.1757e+07	1.17375e+07	1.19222e+07	1.1815e+07	1.181e+07	
1.1631e+07	1.15738e+07	1.1788e+07	1.1737e+07	1.1742e+07	
1.17652e+07	1.16935e+07	1.1844e+07	1.19612e+07	1.18978e+07	
1.18062e+07	1.18932e+07	1.19492e+07	1.197e+07	1.17798e+07	
1.17382e+07	1.17188e+07	1.17312e+07	1.17722e+07	1.1778e+07	
1.16255e+07	1.18485e+07	1.18818e+07	1.17728e+07	1.1759e+07	
1.17968e+07	1.17312e+07	1.18018e+07	1.18258e+07	1.1783e+07	
1.16595e+07	1.17495e+07	1.17142e+07	1.172e+07	1.16952e+07	
1.166e+07	1.16872e+07	1.16545e+07	1.17495e+07	1.17325e+07	
1.14245e+07	1.1539e+07	1.151e+07	1.14842e+07	1.15435e+07	
1.14005e+07	1.14212e+07	1.14458e+07	1.14275e+07	1.14192e+07	
1.14408e+07	1.1437e+07	1.14445e+07	1.15712e+07	1.14942e+07	
1.14088e+07	1.143e+07	1.15082e+07	1.1609e+07	1.15328e+07	
1.15995e+07	1.15385e+07	1.14955e+07	1.15448e+07	1.15485e+07	
1.15788e+07	1.16335e+07	1.1619e+07	1.15555e+07	1.15978e+07	
1.15692e+07	1.1636e+07	1.15882e+07	1.1686e+07	1.1686e+07	
1.1611e+07	1.15888e+07	1.16998e+07	1.16078e+07	1.15402e+07	
1.16322e+07	1.15522e+07	1.15612e+07	1.1614e+07	1.1546e+07	
1.1616e+07	1.1604e+07	1.16178e+07	1.16412e+07	1.16732e+07	
1.15008e+07	1.1541e+07	1.1701e+07	1.15638e+07	1.164e+07	
1.14572e+07	1.14995e+07	1.159e+07	1.1626e+07	1.14672e+07	
1.14125e+07	1.14955e+07	1.1599e+07	1.17042e+07	1.14918e+07	
1.1616e+07	1.15932e+07	1.1604e+07	1.17438e+07	1.16848e+07	
1.15522e+07	1.158e+07	1.16512e+07	1.16608e+07	1.1582e+07	
1.14995e+07	1.1454e+07	1.16122e+07	1.1522e+07	1.15088e+07	
1.15372e+07	1.15352e+07	1.14458e+07	1.15978e+07	1.14805e+07	
1.1338e+07	1.13732e+07	1.15295e+07	1.14755e+07	1.1505e+07	
1.14138e+07	1.15675e+07	1.14755e+07	1.15908e+07	1.1556e+07	
1.15278e+07	1.15895e+07	1.15928e+07	1.17358e+07	1.1626e+07	
1.16098e+07	1.16475e+07	1.164e+07	1.17445e+07	1.17582e+07	
1.16588e+07	1.1715e+07	1.17785e+07	1.18e+07	1.17288e+07	
1.15542e+07	1.17118e+07	1.16852e+07	1.17968e+07	1.17452e+07	
1.16322e+07	1.16902e+07	1.16885e+07	1.16242e+07	1.15572e+07	
1.14428e+07	1.1369e+07	1.15e+07	1.15e+07	1.15572e+07	
1.1544e+07	1.1481e+07	1.1558e+07	1.157e+07	1.15455e+07	
1.13242e+07	1.13682e+07	1.14155e+07	1.14338e+07	1.14622e+07	
1.12265e+07	1.113e+07	1.12982e+07	1.12075e+07	1.11905e+07	
1.1306e+07	1.12732e+07	1.12278e+07	1.11668e+07	1.1398e+07	
1.1222e+07	1.12208e+07	1.12762e+07	1.13015e+07	1.12202e+07	
1.12592e+07	1.11408e+07	1.12208e+07	1.1268e+07	1.12825e+07	
1.12195e+07	1.12e+07	1.11208e+07	1.1229e+07	1.12688e+07	
1.09682e+07	1.0936e+07	1.08742e+07	1.09575e+07	1.0912e+07	
1.09322e+07	1.09865e+07	1.09348e+07	1.09832e+07	1.10565e+07	
1.09078e+07	1.082e+07	1.0912e+07	1.09612e+07	1.10822e+07	
1.09152e+07	1.09228e+07	1.1033e+07	1.10155e+07	1.09392e+07	
1.0977e+07	1.09762e+07	1.09418e+07	1.11155e+07	1.1018e+07	
1.10885e+07	1.1096e+07	1.11382e+07	1.1151e+07	1.11498e+07	
1.12165e+07	1.11705e+07	1.13425e+07	1.13168e+07	1.1226e+07	
1.12762e+07	1.13168e+07	1.13525e+07	1.12322e+07	1.13255e+07	
1.12588e+07	1.11905e+07	1.13678e+07	1.136e+07	1.1297e+07	
1.10222e+07	1.11138e+07	1.11118e+07	1.118e+07	1.12e+07	
1.12228e+07	1.10892e+07	1.11598e+07	1.11975e+07	1.1217e+07	
1.10148e+07	1.11188e+07	1.12012e+07	1.1246e+07	1.11615e+07	
1.11692e+07	1.126e+07	1.1243e+07	1.13035e+07	1.1311e+07	
1.12158e+07	1.13495e+07	1.119e+07	1.12352e+07	1.11875e+07	
1.11772e+07	1.11648e+07	1.12775e+07	1.12435e+07	1.13695e+07	
1.10065e+07	1.11212e+07	1.12422e+07	1.12008e+07	1.12075e+07	
1.12542e+07	1.11295e+07	1.11722e+07	1.1207e+07	1.1234e+07	
1.11585e+07	1.11042e+07	1.12712e+07	1.12588e+07	1.11918e+07	
1.1076e+07	1.09852e+07	1.11378e+07	1.11402e+07	1.1076e+07	
1.1038e+07	1.10002e+07	1.11685e+07	1.11288e+07	1.10118e+07	
1.09435e+07	1.10222e+07	1.10462e+07	1.10595e+07	1.09398e+07	
1.09972e+07	1.0936e+07	1.10105e+07	1.09505e+07	1.0992e+07	
1.08988e+07	1.0868e+07	1.10408e+07	1.10885e+07	1.0904e+07	
1.10488e+07	1.10172e+07	1.10608e+07	1.10798e+07	1.10955e+07	
1.1098e+07	1.1117e+07	1.11042e+07	1.11685e+07	1.11025e+07	
1.1125e+07	1.10892e+07	1.12712e+07	1.1289e+07	1.11598e+07	
1.11195e+07	1.10898e+07	1.10942e+07	1.13152e+07	1.12542e+07	
1.0987e+07	1.0975e+07	1.0996e+07	1.10728e+07	1.10438e+07	
1.0897e+07	1.09228e+07	1.0832e+07	1.09928e+07	1.0967e+07	
1.0861e+07	1.0936e+07	1.08502e+07	1.09808e+07	1.10695e+07	
1.08945e+07	1.0897e+07	1.09815e+07	1.0999e+07	1.09852e+07	
1.08328e+07	1.08162e+07	1.0849e+07	1.0958e+07	1.08622e+07	
1.07992e+07	1.08648e+07	1.07935e+07	1.10222e+07	1.08705e+07	
1.07805e+07	1.07408e+07	1.09158e+07	1.09012e+07	1.08195e+07	
1.06632e+07	1.06688e+07	1.0679e+07	1.06765e+07	1.06562e+07	
1.06632e+07	1.05295e+07	1.06915e+07	1.07698e+07	1.08232e+07	
1.05995e+07	1.06972e+07	1.06152e+07	1.06588e+07	1.06372e+07	
1.0776e+07	1.07975e+07	1.08282e+07	1.089e+07	1.08075e+07	
1.07778e+07	1.08018e+07	1.08552e+07	1.08005e+07	1.07632e+07	
1.08568e+07	1.09638e+07	1.10078e+07	1.10242e+07	1.095e+07	
1.07835e+07	1.08328e+07	1.09095e+07	1.08655e+07	1.10148e+07	
1.09882e+07	1.1035e+07	1.10532e+07	1.10722e+07	1.103e+07	
1.08838e+07	1.09222e+07	1.08825e+07	1.10772e+07	1.09612e+07	
1.09355e+07	1.08945e+07	1.10028e+07	1.10085e+07	1.09985e+07	
1.08975e+07	1.09348e+07	1.09832e+07	1.09738e+07	1.10728e+07	
1.08145e+07	1.08855e+07	1.0798e+07	1.0926e+07	1.09078e+07	
1.08982e+07	1.08422e+07	1.09618e+07	1.08945e+07	1.07905e+07	
1.05158e+07	1.06405e+07	1.06752e+07	1.0771e+07	1.0708e+07	
1.0694e+07	1.06015e+07	1.06695e+07	1.0834e+07	1.07142e+07	
1.06438e+07	1.0561e+07	1.07042e+07	1.0641e+07	1.0749e+07	
1.06525e+07	1.05605e+07	1.07035e+07	1.07408e+07	1.07055e+07	
1.06778e+07	1.05982e+07	1.07312e+07	1.06568e+07	1.0667e+07	
1.06608e+07	1.0578e+07	1.07262e+07	1.06998e+07	1.06972e+07	
1.04558e+07	1.05182e+07	1.05888e+07	1.0682e+07	1.06122e+07	
1.067e+07	1.06052e+07	1.06902e+07	1.07255e+07	1.07068e+07	
1.04465e+07	1.04598e+07	1.05278e+07	1.05132e+07	1.05232e+07	
1.04742e+07	1.0476e+07	1.05792e+07	1.06102e+07	1.05598e+07	
1.0273e+07	1.0437e+07	1.0418e+07	1.0435e+07	1.05132e+07	
1.03178e+07	1.0401e+07	1.04715e+07	1.04225e+07	1.05182e+07	
1.05712e+07	1.05982e+07	1.05332e+07	1.05448e+07	1.0616e+07	
1.04558e+07	1.0568e+07	1.06008e+07	1.05108e+07	1.06102e+07	
1.05555e+07	1.04702e+07	1.06215e+07	1.05278e+07	1.0495e+07	
1.051e+07	1.05278e+07	1.05675e+07	1.06732e+07	1.0493e+07	
1.0461e+07	1.05088e+07	1.04988e+07	1.05308e+07	1.0585e+07	
1.0386e+07	1.05138e+07	1.05005e+07	1.06335e+07	1.06222e+07	
1.05862e+07	1.05692e+07	1.0452e+07	1.06708e+07	1.06902e+07	
1.0515e+07	1.04768e+07	1.0599e+07	1.0553e+07	1.0616e+07	
1.05542e+07	1.0655e+07	1.05718e+07	1.07898e+07	1.0691e+07	
1.0716e+07	1.0604e+07	1.0653e+07	1.0677e+07	1.07532e+07	
1.05542e+07	1.05332e+07	1.0619e+07	1.06398e+07	1.05825e+07	
1.059e+07	1.05662e+07	1.0699e+07	1.06095e+07	1.06505e+07	
1.04925e+07	1.0529e+07	1.05862e+07	1.06878e+07	1.06172e+07	
1.04942e+07	1.05648e+07	1.06998e+07	1.06385e+07	1.0621e+07	
1.04532e+07	1.04048e+07	1.05668e+07	1.05498e+07	1.05332e+07	
1.03885e+07	1.03545e+07	1.04362e+07	1.04678e+07	1.04482e+07	
1.04495e+07	1.03392e+07	1.0365e+07	1.04238e+07	1.04068e+07	
1.0185e+07	1.02372e+07	1.02385e+07	1.03128e+07	1.02915e+07	
9.98325e+06	1.01118e+07	1.01515e+07	1.02252e+07	1.01672e+07	
1.0125e+07	1.00835e+07	1.00835e+07	1.01508e+07	1.00972e+07	
1.00878e+07	9.917e+06	1.01142e+07	1.01718e+07	1.00848e+07	
1.00488e+07	1.01818e+07	1.01212e+07	1.0205e+07	1.01925e+07	
1.01358e+07	1.02265e+07	1.01718e+07	1.01698e+07	1.01892e+07	
1.00678e+07	9.98575e+06	1.00778e+07	1.01672e+07	1.00702e+07	
1.00582e+07	9.8735e+06	1.0098e+07	1.00772e+07	1.01705e+07	
9.83275e+06	9.80925e+06	9.8535e+06	9.91275e+06	9.883e+06	
9.56725e+06	9.51825e+06	9.59375e+06	9.648e+06	9.66325e+06	
9.32225e+06	9.26675e+06	9.35575e+06	9.3935e+06	9.46275e+06	
9.11675e+06	8.994e+06	9.13325e+06	9.11375e+06	9.14325e+06	
8.931e+06	8.93025e+06	8.94675e+06	8.953e+06	8.982e+06	
9.0035e+06	8.902e+06	9.05e+06	9.081e+06	9.04125e+06	
9.15025e+06	9.045e+06	9.1785e+06	9.14275e+06	9.106e+06	
9.1375e+06	9.21075e+06	9.232e+06	9.299e+06	9.287e+06	
9.12425e+06	9.2415e+06	9.2535e+06	9.3115e+06	9.25975e+06	
9.4055e+06	9.4205e+06	9.45775e+06	9.45575e+06	9.43875e+06	
9.3335e+06	9.3695e+06	9.348e+06	9.32925e+06	9.33975e+06	
9.43175e+06	9.35575e+06	9.488e+06	9.42925e+06	9.46525e+06	
9.31725e+06	9.44075e+06	9.367e+06	9.33725e+06	9.43125e+06	
9.2415e+06	9.3065e+06	9.25175e+06	9.38275e+06	9.333e+06	
9.41475e+06	9.42e+06	9.4255e+06	9.464e+06	9.4665e+06	
9.31725e+06	9.379e+06	9.406e+06	9.51e+06	9.45525e+06	
9.36125e+06	9.3215e+06	9.29075e+06	9.3235e+06	9.379e+06	
9.33175e+06	9.35575e+06	9.29325e+06	9.348e+06	9.36825e+06	
9.2875e+06	9.19875e+06	9.2925e+06	9.353e+06	9.338e+06	
9.14075e+06	9.152e+06	9.23975e+06	9.3595e+06	9.236e+06	
9.17675e+06	9.14825e+06	9.15525e+06	9.302e+06	9.2365e+06	
9.18875e+06	9.18225e+06	9.17225e+06	9.22525e+06	9.23525e+06	
9.21375e+06	9.22825e+06	9.2755e+06	9.3355e+06	9.34925e+06	
9.2335e+06	9.236e+06	9.30775e+06	9.41875e+06	9.3015e+06	
9.25225e+06	9.22275e+06	9.35175e+06	9.205e+06	9.345e+06	
9.2045e+06	9.22575e+06	9.23775e+06	9.338e+06	9.39975e+06	
9.21325e+06	9.2315e+06	9.29825e+06	9.379e+06	9.3525e+06	
9.26375e+06	9.26925e+06	9.2945e+06	9.31025e+06	9.35e+06	
9.1105e+06	9.0715e+06	9.11375e+06	9.246e+06	9.20125e+06	
9.13375e+06	9.25925e+06	9.19125e+06	9.21125e+06	9.2195e+06	
9.086e+06	9.123e+06	9.1925e+06	9.17025e+06	9.24025e+06	
9.0915e+06	9.13375e+06	9.23775e+06	9.18475e+06	9.24725e+06	
9.13575e+06	9.05825e+06	9.275e+06	9.18175e+06	9.23475e+06	
9.154e+06	9.1585e+06	9.1715e+06	9.21125e+06	9.28625e+06	
9.2145e+06	9.19925e+06	9.212e+06	9.23725e+06	9.24225e+06	
9.077e+06	9.12375e+06	9.19375e+06	9.2175e+06	9.123e+06	
9.186e+06	9.21075e+06	9.06375e+06	9.22275e+06	9.16525e+06	
8.902e+06	8.85525e+06	9.03675e+06	9.04175e+06	9.077e+06	
9.09725e+06	9.0355e+06	9.062e+06	9.03925e+06	9.0765e+06	
9.0355e+06	9.0015e+06	9.0545e+06	9.06325e+06	9.01275e+06	
9.03225e+06	8.91075e+06	9.048e+06	8.99075e+06	8.999e+06	
8.946e+06	8.95925e+06	8.97825e+06	8.9315e+06	9.0375e+06	
9.0165e+06	9.00725e+06	9.06e+06	9.08525e+06	9.08025e+06	
9.055e+06	9.0645e+06	9.05875e+06	9.16475e+06	9.18475e+06	
9.154e+06	9.0525e+06	9.1345e+06	9.1805e+06	9.25725e+06	
9.0645e+06	9.11425e+06	9.21075e+06	9.287e+06	9.1875e+06	
9.07525e+06	9.13125e+06	9.13575e+06	9.18675e+06	9.2385e+06	
9.2415e+06	9.13875e+06	9.19175e+06	9.13875e+06	9.212e+06	
9.232e+06	9.04125e+06	9.215e+06	9.2655e+06	9.278e+06	
9.125e+06	9.067e+06	9.15975e+06	9.142e+06	9.1465e+06	
9.08525e+06	9.00475e+06	9.17725e+06	9.17025e+06	9.17975e+06	
9.03675e+06	9.00775e+06	9.193e+06	9.198e+06	9.06775e+06	
9.02175e+06	9.0305e+06	9.1855e+06	9.09225e+06	8.98625e+06	
9.072e+06	9.09675e+06	9.05875e+06	9.108e+06	9.108e+06	
9.103e+06	9.07525e+06	9.02975e+06	9.08525e+06	8.99525e+06	
9.01025e+06	9.05825e+06	8.99825e+06	9.094e+06	9.07775e+06	
9.084e+06	9.0455e+06	9.079e+06	9.0815e+06	9.038e+06	
8.885e+06	8.9195e+06	9.01975e+06	8.8445e+06	8.96675e+06	
8.9215e+06	8.94025e+06	8.97325e+06	9.0595e+06	8.912e+06	
8.8465e+06	8.9485e+06	8.8905e+06	9.03675e+06	8.893e+06	
8.88925e+06	8.86675e+06	8.9505e+06	8.9895e+06	9.0115e+06	
8.76525e+06	8.74325e+06	8.89875e+06	8.9075e+06	8.941e+06	
8.77275e+06	8.76825e+06	8.96875e+06	8.95175e+06	8.8365e+06	
8.844e+06	8.813e+06	8.77275e+06	8.86725e+06	8.888e+06	
8.83e+06	8.847e+06	8.8295e+06	8.9265e+06	8.88875e+06	
8.713e+06	8.733e+06	8.759e+06	8.791e+06	8.77525e+06	
8.7645e+06	8.77075e+06	8.81375e+06	8.8495e+06	8.924e+06	
8.801e+06	8.767e+06	8.9505e+06	8.87675e+06	8.72675e+06	
8.68275e+06	8.7445e+06	8.77975e+06	8.842e+06	8.8155e+06	
8.78025e+06	8.7325e+06	8.779e+06	8.78225e+06	8.728e+06	
8.78725e+06	8.75325e+06	8.76775e+06	8.79475e+06	8.87925e+06	
8.69575e+06	8.72175e+06	8.79225e+06	8.721e+06	8.71425e+06	
8.64975e+06	8.65425e+06	8.7765e+06	8.709e+06	8.764e+06	
8.59575e+06	8.60775e+06	8.556e+06	8.70725e+06	8.6285e+06	
8.602e+06	8.65375e+06	8.6215e+06	8.66425e+06	8.65875e+06	
8.57225e+06	8.52e+06	8.554e+06	8.58e+06	8.60825e+06	
8.56975e+06	8.5685e+06	8.56725e+06	8.62775e+06	8.65675e+06	
8.5805e+06	8.5995e+06	8.53825e+06	8.64675e+06	8.59e+06	
8.5685e+06	8.56225e+06	8.52375e+06	8.6965e+06	8.71725e+06	
8.563e+06	8.46025e+06	8.4685e+06	8.53025e+06	8.58375e+06	
8.4425e+06	8.44625e+06	8.3625e+06	8.51575e+06	8.551e+06	
8.285e+06	8.3765e+06	8.435e+06	8.3215e+06	8.384e+06	
8.27e+06	8.224e+06	8.25025e+06	8.341e+06	8.353e+06	
8.287e+06	8.3355e+06	8.34875e+06	8.377e+06	8.3435e+06	
8.329e+06	8.34625e+06	8.32975e+06	8.3405e+06	8.36125e+06	
8.365e+06	8.39225e+06	8.41175e+06	8.41425e+06	8.45325e+06	
8.4565e+06	8.44875e+06	8.48475e+06	8.49475e+06	8.54725e+06	
8.498e+06	8.481e+06	8.4905e+06	8.45275e+06	8.52825e+06	
8.3965e+06	8.4425e+06	8.4855e+06	8.38525e+06	8.4615e+06	
8.42175e+06	8.51575e+06	8.45075e+06	8.4225e+06	8.37825e+06	
8.50375e+06	8.457e+06	8.561e+06	8.49675e+06	8.51125e+06	
8.532e+06	8.4475e+06	8.527e+06	8.614e+06	8.498e+06	
8.452e+06	8.55775e+06	8.5275e+06	8.5125e+06	8.5605e+06	
8.48925e+06	8.491e+06	8.51375e+06	8.534e+06	8.49425e+06	
8.59375e+06	8.51625e+06	8.57425e+06	8.4685e+06	8.5145e+06	
8.40275e+06	8.469e+06	8.44075e+06	8.62025e+06	8.55275e+06	
8.4085e+06	8.38525e+06	8.4185e+06	8.4595e+06	8.37e+06	
8.36075e+06	8.49425e+06	8.527e+06	8.52325e+06	8.43e+06	
8.27125e+06	8.34625e+06	8.42175e+06	8.36625e+06	8.3455e+06	
8.29325e+06	8.3335e+06	8.3095e+06	8.375e+06	8.34675e+06	
8.195e+06	8.261e+06	8.31725e+06	8.367e+06	8.27e+06	
8.1855e+06	8.19875e+06	8.24725e+06	8.319e+06	8.27175e+06	
8.19425e+06	8.18675e+06	8.198e+06	8.32225e+06	8.341e+06	
8.152e+06	8.057e+06	8.04675e+06	8.2095e+06	8.18425e+06	
8.15025e+06	8.019e+06	8.04625e+06	8.01725e+06	8.0915e+06	
7.97375e+06	8.08275e+06	8.06375e+06	8.1105e+06	8.00275e+06	
7.93275e+06	8.02225e+06	7.98125e+06	8.026e+06	8.03225e+06	
7.9875e+06	7.994e+06	7.95425e+06	7.982e+06	8.00775e+06	
7.87425e+06	7.89375e+06	7.944e+06	7.95225e+06	7.936e+06	
7.97175e+06	7.89e+06	7.98125e+06	7.9605e+06	7.94225e+06	
7.85725e+06	7.96175e+06	7.93725e+06	7.92775e+06	7.9875e+06	
7.92325e+06	7.9755e+06	7.8925e+06	7.922e+06	7.96675e+06	
7.9435e+06	7.93275e+06	7.982e+06	7.93275e+06	7.9485e+06	
7.8225e+06	7.76525e+06	7.85975e+06	7.9005e+06	7.842e+06	
7.808e+06	7.75575e+06	7.75375e+06	7.83625e+06	7.757e+06	
7.71025e+06	7.721e+06	7.72175e+06	7.781e+06	7.7255e+06	
7.7185e+06	7.6535e+06	7.81125e+06	7.7745e+06	7.7235e+06	
7.5825e+06	7.593e+06	7.658e+06	7.704e+06	7.66925e+06	
7.6365e+06	7.619e+06	7.65225e+06	7.74875e+06	7.685e+06	
7.56975e+06	7.58675e+06	7.7255e+06	7.59575e+06	7.75125e+06	
7.56275e+06	7.578e+06	7.7085e+06	7.641e+06	7.68125e+06	
7.66375e+06	7.585e+06	7.58675e+06	7.55225e+06	7.573e+06	
7.48725e+06	7.55225e+06	7.5995e+06	7.64675e+06	7.648e+06	
7.64925e+06	7.527e+06	7.66875e+06	7.5615e+06	7.607e+06	
7.60075e+06	7.55025e+06	7.54275e+06	7.5635e+06	7.56925e+06	
7.4955e+06	7.47025e+06	7.54525e+06	7.50175e+06	7.54325e+06	
7.46525e+06	7.47975e+06	7.48475e+06	7.51e+06	7.49425e+06	
7.3985e+06	7.53125e+06	7.45575e+06	7.53325e+06	7.55275e+06	
7.4525e+06	7.389e+06	7.493e+06	7.48725e+06	7.44325e+06	
7.5195e+06	7.42225e+06	7.4865e+06	7.488e+06	7.53775e+06	
7.5245e+06	7.53325e+06	7.4815e+06	7.52375e+06	7.59e+06	
7.3455e+06	7.31775e+06	7.44e+06	7.42475e+06	7.38e+06	
7.47225e+06	7.3285e+06	7.418e+06	7.44125e+06	7.4275e+06	
7.32525e+06	7.37325e+06	7.43625e+06	7.382e+06	7.48975e+06	
7.442e+06	7.3745e+06	7.42925e+06	7.498e+06	7.49675e+06	
7.3575e+06	7.41225e+06	7.37375e+06	7.4785e+06	7.42925e+06	
7.43175e+06	7.35125e+06	7.48275e+06	7.503e+06	7.41675e+06	
7.32275e+06	7.28625e+06	7.331e+06	7.4065e+06	7.31275e+06	
7.27925e+06	7.283e+06	7.3285e+06	7.46525e+06	7.33925e+06	
7.24725e+06	7.2825e+06	7.28125e+06	7.38825e+06	7.23025e+06	
7.28425e+06	7.32275e+06	7.27225e+06	7.30325e+06	7.266e+06	
7.2635e+06	7.29e+06	7.266e+06	7.36175e+06	7.34675e+06	
7.21375e+06	7.2685e+06	7.22825e+06	7.304e+06	7.25525e+06	
7.273e+06	7.39325e+06	7.3315e+06	7.40725e+06	7.2975e+06	
7.26175e+06	7.29575e+06	7.28875e+06	7.331e+06	7.261e+06	
7.2655e+06	7.28675e+06	7.15325e+06	7.30525e+06	7.25475e+06	
7.21575e+06	7.21125e+06	7.32525e+06	7.33025e+06	7.20425e+06	
7.137e+06	7.20675e+06	7.353e+06	7.33275e+06	7.27225e+06	
7.15275e+06	7.1935e+06	7.198e+06	7.1765e+06	7.147e+06	
7.27675e+06	7.19425e+06	7.13125e+06	7.16275e+06	7.14125e+06	
7.10975e+06	7.05625e+06	7.16975e+06	7.1105e+06	7.06e+06	
7.13125e+06	6.953e+06	7.03225e+06	7.12425e+06	7.09775e+06	
6.97375e+06	7.002e+06	6.9805e+06	7.02225e+06	7.133e+06	
6.9875e+06	7.02975e+06	7.0065e+06	6.978e+06	7.05175e+06	
6.89625e+06	6.9125e+06	7.05375e+06	6.9295e+06	7.00325e+06	
6.78975e+06	6.84125e+06	6.8225e+06	6.89125e+06	6.90375e+06	
6.8255e+06	6.8565e+06	6.80925e+06	6.92075e+06	6.93275e+06	
6.8515e+06	6.86975e+06	6.95225e+06	6.94775e+06	6.93775e+06	
6.76e+06	6.85075e+06	6.89425e+06	6.85775e+06	6.80475e+06	
6.8055e+06	6.878e+06	6.86775e+06	6.86725e+06	6.835e+06	
6.8225e+06	6.82675e+06	6.8755e+06	6.8785e+06	6.958e+06	
6.85325e+06	6.85575e+06	6.8805e+06	6.9145e+06	6.8225e+06	
6.74875e+06	6.733e+06	6.83575e+06	6.903e+06	6.89425e+06	
6.7425e+06	6.8005e+06	6.87975e+06	6.85275e+06	6.79225e+06	
6.68325e+06	6.72025e+06	6.72925e+06	6.6825e+06	6.80725e+06	
6.69275e+06	6.67375e+06	6.71025e+06	6.81425e+06	6.72025e+06	
6.692e+06	6.5635e+06	6.66875e+06	6.6755e+06	6.6485e+06	
6.65725e+06	6.59875e+06	6.59375e+06	6.6095e+06	6.697e+06	
6.6505e+06	6.55975e+06	6.6675e+06	6.6095e+06	6.74175e+06	
6.554e+06	6.48525e+06	6.5565e+06	6.5635e+06	6.45325e+06	
6.4815e+06	6.4695e+06	6.513e+06	6.47725e+06	6.46775e+06	
6.392e+06	6.4185e+06	6.43675e+06	6.443e+06	6.447e+06	
6.406e+06	6.41225e+06	6.382e+06	6.45125e+06	6.44875e+06	
6.40525e+06	6.297e+06	6.3315e+06	6.445e+06	6.3775e+06	
6.3165e+06	6.368e+06	6.36925e+06	6.33925e+06	6.43375e+06	
6.297e+06	6.2995e+06	6.242e+06	6.34975e+06	6.29125e+06	
6.2395e+06	6.23275e+06	6.28425e+06	6.266e+06	6.35225e+06	
6.21e+06	6.2295e+06	6.159e+06	6.18975e+06	6.26025e+06	
6.1665e+06	6.12625e+06	6.164e+06	6.242e+06	6.106e+06	
6.08075e+06	6.0965e+06	6.14e+06	6.1375e+06	6.157e+06	
6.22075e+06	6.14625e+06	6.14825e+06	6.213e+06	6.22075e+06	
6.19225e+06	6.21125e+06	6.26475e+06	6.18675e+06	6.18675e+06	
6.1785e+06	6.25775e+06	6.312e+06	6.259e+06	6.13425e+06	
6.1695e+06	6.12175e+06	6.249e+06	6.29175e+06	6.24525e+06	
6.133e+06	6.16325e+06	6.18275e+06	6.26475e+06	6.123e+06	
6.16525e+06	6.196e+06	6.2345e+06	6.2005e+06	6.14875e+06	
6.15325e+06	6.13875e+06	6.18225e+06	6.273e+06	6.25775e+06	
6.16525e+06	6.14325e+06	6.247e+06	6.25725e+06	6.1695e+06	
6.1695e+06	6.12425e+06	6.2825e+06	6.237e+06	6.13925e+06	
6.1475e+06	6.227e+06	6.18025e+06	6.17725e+06	6.10975e+06	
6.2055e+06	6.1665e+06	6.13675e+06	6.17525e+06	6.16825e+06	
6.1135e+06	6.07375e+06	6.1105e+06	6.08275e+06	6.10775e+06	
6.009e+06	6.072e+06	6.0815e+06	6.06e+06	6.07375e+06	
6.0675e+06	5.93025e+06	6.0575e+06	6.0435e+06	6.1595e+06	
6.029e+06	5.89225e+06	5.95725e+06	5.954e+06	5.951e+06	
5.903e+06	5.84325e+06	5.8975e+06	5.85025e+06	5.864e+06	
5.7285e+06	5.6555e+06	5.75425e+06	5.75825e+06	5.6775e+06	
5.4115e+06	5.46325e+06	5.523e+06	5.5375e+06	5.445e+06	
5.2805e+06	5.2155e+06	5.2415e+06	5.27725e+06	5.32775e+06	
5.31075e+06	5.3505e+06	5.2785e+06	5.30575e+06	5.27925e+06	
5.462e+06	5.36875e+06	5.37575e+06	5.38875e+06	5.45e+06	
5.474e+06	5.4865e+06	5.428e+06	5.4665e+06	5.55325e+06	
5.56275e+06	5.63025e+06	5.56775e+06	5.641e+06	5.5755e+06	
5.753e+06	5.661e+06	5.7235e+06	5.7335e+06	5.7335e+06	
5.74425e+06	5.7385e+06	5.81875e+06	5.75825e+06	5.77125e+06	
5.79975e+06	5.71775e+06	5.8445e+06	5.8565e+06	5.80225e+06	
5.891e+06	5.774e+06	5.80025e+06	5.87975e+06	5.81725e+06	
5.82125e+06	5.91375e+06	5.91325e+06	5.912e+06	5.975e+06	
5.808e+06	5.801e+06	5.891e+06	5.90125e+06	5.91e+06	
5.84625e+06	5.8545e+06	5.891e+06	5.93275e+06	5.92125e+06	
5.92325e+06	5.90375e+06	5.958e+06	5.949e+06	5.89925e+06	
5.8035e+06	5.82425e+06	5.92575e+06	5.95275e+06	5.94075e+06	
5.87225e+06	5.8955e+06	5.8715e+06	5.949e+06	5.86075e+06	
5.854e+06	5.8495e+06	5.92825e+06	5.961e+06	5.876e+06	
5.86725e+06	5.944e+06	5.946e+06	5.934e+06	5.898e+06	
5.8515e+06	5.995e+06	5.934e+06	5.92575e+06	5.8885e+06	
5.98175e+06	5.905e+06	5.87525e+06	6.021e+06	5.9825e+06	
5.9125e+06	5.8715e+06	5.83175e+06	5.84125e+06	5.864e+06	
5.79275e+06	5.83175e+06	5.8765e+06	5.8035e+06	5.90425e+06	
5.8595e+06	5.77825e+06	5.7745e+06	5.89925e+06	5.84625e+06	
5.8015e+06	5.789e+06	5.77825e+06	5.782e+06	5.77075e+06	
5.7165e+06	5.852e+06	5.7935e+06	5.871e+06	5.80925e+06	
5.75125e+06	5.8055e+06	5.78525e+06	5.83175e+06	5.82175e+06	
5.777e+06	5.75e+06	5.7915e+06	5.82425e+06	5.90625e+06	
5.7915e+06	5.784e+06	5.76825e+06	5.7385e+06	5.808e+06	
5.8255e+06	5.83175e+06	5.7235e+06	5.79975e+06	5.7575e+06	
5.74175e+06	5.8495e+06	5.8395e+06	5.8515e+06	5.828e+06	
5.75125e+06	5.78325e+06	5.79725e+06	5.7625e+06	5.76875e+06	
5.7215e+06	5.72925e+06	5.7525e+06	5.7235e+06	5.85775e+06	
5.78525e+06	5.73225e+06	5.745e+06	5.8015e+06	5.64225e+06	
5.7555e+06	5.70075e+06	5.7425e+06	5.75675e+06	5.72675e+06	
5.66875e+06	5.716e+06	5.74375e+06	5.7285e+06	5.76075e+06	
5.61375e+06	5.69825e+06	5.73675e+06	5.7215e+06	5.76625e+06	
5.67125e+06	5.70275e+06	5.64725e+06	5.765e+06	5.7165e+06	
5.64725e+06	5.68125e+06	5.68125e+06	5.61625e+06	5.68575e+06	
5.67425e+06	5.6465e+06	5.74675e+06	5.7355e+06	5.6385e+06	
5.6145e+06	5.6315e+06	5.7135e+06	5.7425e+06	5.6705e+06	
5.66225e+06	5.59875e+06	5.74425e+06	5.70525e+06	5.731e+06	
5.636e+06	5.58475e+06	5.64525e+06	5.66625e+06	5.6535e+06	
5.6505e+06	5.66875e+06	5.6385e+06	5.67875e+06	5.634e+06	
5.63075e+06	5.6245e+06	5.719e+06	5.6265e+06	5.5955e+06	
5.5255e+06	5.58175e+06	5.61e+06	5.607e+06	5.63275e+06	
5.5495e+06	5.564e+06	5.5565e+06	5.581e+06	5.63025e+06	
5.48075e+06	5.56725e+06	5.52425e+06	5.61075e+06	5.46825e+06	
5.605e+06	5.535e+06	5.59925e+06	5.52375e+06	5.569e+06	
5.5175e+06	5.4375e+06	5.4935e+06	5.452e+06	5.43425e+06	
5.50725e+06	5.50675e+06	5.52425e+06	5.47275e+06	5.54325e+06	
5.60375e+06	5.48525e+06	5.5055e+06	5.5375e+06	5.5105e+06	
5.5345e+06	5.455e+06	5.532e+06	5.569e+06	5.51425e+06	
5.51675e+06	5.51375e+06	5.498e+06	5.586e+06	5.66425e+06	
5.4455e+06	5.5325e+06	5.508e+06	5.4645e+06	5.5465e+06	
5.45575e+06	5.513e+06	5.59625e+06	5.52875e+06	5.583e+06	
5.4305e+06	5.4205e+06	5.46575e+06	5.491e+06	5.48225e+06	
5.411e+06	5.452e+06	5.40725e+06	5.4235e+06	5.47525e+06	
5.46375e+06	5.3415e+06	5.39525e+06	5.467e+06	5.39525e+06	
5.4475e+06	5.4455e+06	5.37125e+06	5.40775e+06	5.489e+06	
5.508e+06	5.3915e+06	5.48725e+06	5.41725e+06	5.4455e+06	
5.46125e+06	5.35925e+06	5.33525e+06	5.397e+06	5.4595e+06	
5.30625e+06	5.351e+06	5.448e+06	5.44875e+06	5.467e+06	
5.31775e+06	5.33475e+06	5.3655e+06	5.48475e+06	5.411e+06	
5.41525e+06	5.35925e+06	5.42925e+06	5.42225e+06	5.43625e+06	
5.3675e+06	5.375e+06	5.4115e+06	5.322e+06	5.35425e+06	
5.3315e+06	5.38125e+06	5.40325e+06	5.3585e+06	5.44925e+06	
5.3625e+06	5.375e+06	5.33775e+06	5.4475e+06	5.38375e+06	
5.31775e+06	5.35675e+06	5.3795e+06	5.375e+06	5.3845e+06	
5.2585e+06	5.33975e+06	5.30575e+06	5.33725e+06	5.382e+06	
5.22825e+06	5.314e+06	5.27925e+06	5.363e+06	5.327e+06	
5.2325e+06	5.288e+06	5.26475e+06	5.35225e+06	5.31075e+06	
5.3165e+06	5.31e+06	5.3125e+06	5.28425e+06	5.32575e+06	
5.2585e+06	5.312e+06	5.2955e+06	5.276e+06	5.30325e+06	
5.152e+06	5.247e+06	5.1405e+06	5.213e+06	5.24275e+06	
5.2175e+06	5.254e+06	5.2685e+06	5.34275e+06	5.27225e+06	
5.2325e+06	5.21375e+06	5.222e+06	5.237e+06	5.278e+06	
5.143e+06	5.227e+06	5.2205e+06	5.373e+06	5.30325e+06	
5.2665e+06	5.184e+06	5.19225e+06	5.2175e+06	5.20875e+06	
5.15075e+06	5.20175e+06	5.25225e+06	5.147e+06	5.17975e+06	
5.16825e+06	5.07075e+06	5.13425e+06	5.1475e+06	5.14e+06	
5.19975e+06	5.1185e+06	5.17275e+06	5.232e+06	5.13925e+06	
5.0215e+06	5.09325e+06	5.17075e+06	5.16525e+06	5.1695e+06	
5.07825e+06	5.07825e+06	5.02975e+06	5.09525e+06	5.082e+06	
5.0455e+06	5.0745e+06	5.09975e+06	5.09025e+06	5.084e+06	
5.05675e+06	4.9535e+06	5.05375e+06	5.04225e+06	5.0145e+06	
4.992e+06	4.9775e+06	5.01825e+06	5e+06	5.0235e+06	
5.01575e+06	5.00625e+06	5.024e+06	5.08775e+06	4.9465e+06	
4.9005e+06	4.956e+06	4.98e+06	4.96725e+06	5.00325e+06	
4.942e+06	4.973e+06	4.94525e+06	4.97225e+06	4.95275e+06	
4.8355e+06	4.83675e+06	4.876e+06	4.89425e+06	4.884e+06	
4.743e+06	4.6635e+06	4.70825e+06	4.73425e+06	4.66425e+06	
4.39325e+06	4.39325e+06	4.407e+06	4.4795e+06	4.38375e+06	
4.184e+06	4.12225e+06	4.19475e+06	4.1355e+06	4.198e+06	
4.0045e+06	3.966e+06	4.01e+06	3.98925e+06	4.00375e+06	
3.97925e+06	3.947e+06	4.02575e+06	4.06875e+06	4.02075e+06	
4.0045e+06	4.01525e+06	4.10725e+06	4.09825e+06	4.03975e+06	
4.092e+06	4.077e+06	4.12425e+06	4.13225e+06	4.106e+06	
4.0745e+06	4.11025e+06	4.08075e+06	4.11925e+06	4.0625e+06	
4.05875e+06	4.0875e+06	4.08575e+06	4.13425e+06	4.11525e+06	
4.08125e+06	4.14e+06	4.0845e+06	4.13875e+06	4.16775e+06	
4.11925e+06	4.0845e+06	4.11275e+06	4.14125e+06	4.1885e+06	
4.11775e+06	4.1455e+06	4.097e+06	4.167e+06	4.17025e+06	
4.162e+06	4.23875e+06	4.24575e+06	4.1865e+06	4.19725e+06	
4.13875e+06	4.2085e+06	4.223e+06	4.2255e+06	4.23125e+06	
4.2785e+06	4.196e+06	4.298e+06	4.2495e+06	4.2465e+06	
4.2445e+06	4.24e+06	4.29425e+06	4.3215e+06	4.249e+06	
4.27425e+06	4.31825e+06	4.32075e+06	4.39825e+06	4.32575e+06	
4.382e+06	4.33975e+06	4.2855e+06	4.35425e+06	4.37175e+06	
4.27725e+06	4.2615e+06	4.3725e+06	4.33975e+06	4.3435e+06	
4.2415e+06	4.33475e+06	4.3075e+06	4.28875e+06	4.3535e+06	
4.30375e+06	4.295e+06	4.33975e+06	4.28175e+06	4.322e+06	
4.26025e+06	4.286e+06	4.2975e+06	4.2735e+06	4.22825e+06	
4.1745e+06	4.196e+06	4.21175e+06	4.24e+06	4.2855e+06	
4.14875e+06	4.133e+06	4.225e+06	4.2325e+06	4.198e+06	
4.1795e+06	4.2275e+06	4.14125e+06	4.27675e+06	4.18025e+06	
4.16575e+06	4.15875e+06	4.16575e+06	4.24e+06	4.16575e+06	
4.189e+06	4.15075e+06	4.21925e+06	4.22625e+06	4.2415e+06	
4.121e+06	4.14925e+06	4.14125e+06	4.1765e+06	4.1425e+06	
4.16e+06	4.1405e+06	4.1475e+06	4.145e+06	4.13675e+06	
4.24575e+06	4.09575e+06	4.16e+06	4.21125e+06	4.1695e+06	
4.2225e+06	4.21925e+06	4.273e+06	4.276e+06	4.1835e+06	
4.237e+06	4.259e+06	4.295e+06	4.2805e+06	4.2955e+06	
4.20675e+06	4.2255e+06	4.25725e+06	4.266e+06	4.249e+06	
4.24e+06	4.196e+06	4.22e+06	4.244e+06	4.218e+06	
4.23375e+06	4.23325e+06	4.21125e+06	4.249e+06	4.20675e+06	
4.12225e+06	4.24075e+06	4.2205e+06	4.235e+06	4.201e+06	
4.19275e+06	4.15075e+06	4.1285e+06	4.1525e+06	4.208e+06	
4.10975e+06	4.1115e+06	4.17525e+06	4.12425e+06	4.1065e+06	
4.02525e+06	4.08125e+06	4.005e+06	4.0915e+06	4.0965e+06	
4.08e+06	4.04475e+06	4.075e+06	4.12675e+06	4.10975e+06	
3.98925e+06	4.089e+06	4.10025e+06	4.06425e+06	4.13675e+06	
4.0625e+06	3.95525e+06	4.00625e+06	3.983e+06	4.03725e+06	
4.03225e+06	3.95725e+06	3.9905e+06	3.918e+06	4.00625e+06	
3.9005e+06	3.98375e+06	3.97475e+06	3.93075e+06	3.97725e+06	
3.99825e+06	3.86825e+06	3.8835e+06	3.9295e+06	3.91875e+06	
3.9175e+06	3.85625e+06	3.91e+06	3.93775e+06	3.8955e+06	
3.876e+06	3.85125e+06	3.86325e+06	3.88275e+06	3.8885e+06	
3.83425e+06	3.89175e+06	3.927e+06	3.91875e+06	3.87475e+06	
3.8405e+06	3.85325e+06	3.82475e+06	3.8065e+06	3.88275e+06	
3.87775e+06	3.8785e+06	3.84575e+06	3.91675e+06	3.8835e+06	
3.86275e+06	3.884e+06	3.87025e+06	3.85125e+06	3.89975e+06	
3.867e+06	3.879e+06	3.87975e+06	3.87075e+06	3.89725e+06	
3.903e+06	3.835e+06	3.80475e+06	3.90225e+06	3.88525e+06	
3.905e+06	3.8155e+06	3.88975e+06	3.83875e+06	3.92125e+06	
3.799e+06	3.89975e+06	3.872e+06	3.92575e+06	3.8645e+06	
3.8205e+06	3.8185e+06	3.881e+06	3.918e+06	3.918e+06	
3.89925e+06	3.9155e+06	3.874e+06	3.89225e+06	3.85e+06	
3.794e+06	3.85325e+06	3.847e+06	3.83625e+06	3.838e+06	
3.811e+06	3.80775e+06	3.80475e+06	3.81475e+06	3.85325e+06	
3.80975e+06	3.806e+06	3.7945e+06	3.81925e+06	3.87275e+06	
3.78125e+06	3.85125e+06	3.75875e+06	3.81025e+06	3.8495e+06	
3.7695e+06	3.8255e+06	3.763e+06	3.801e+06	3.813e+06	
3.7315e+06	3.838e+06	3.81475e+06	3.83125e+06	3.79775e+06	
3.77075e+06	3.7675e+06	3.8015e+06	3.78525e+06	3.81675e+06	
3.72975e+06	3.78575e+06	3.7335e+06	3.72775e+06	3.74975e+06	
3.74175e+06	3.71775e+06	3.753e+06	3.72475e+06	3.69375e+06	
3.75625e+06	3.76125e+06	3.70125e+06	3.74675e+06	3.74225e+06	
3.7285e+06	3.7195e+06	3.7145e+06	3.7505e+06	3.79775e+06	
3.75175e+06	3.71325e+06	3.72775e+06	3.7525e+06	3.73275e+06	
3.66675e+06	3.71275e+06	3.72775e+06	3.77325e+06	3.741e+06	
3.65525e+06	3.69e+06	3.69e+06	3.717e+06	3.7095e+06	
3.69875e+06	3.7e+06	3.7145e+06	3.7235e+06	3.6945e+06	
3.65225e+06	3.72475e+06	3.65525e+06	3.66225e+06	3.68675e+06	
3.65775e+06	3.68e+06	3.695e+06	3.69325e+06	3.6925e+06	
3.68925e+06	3.6735e+06	3.6485e+06	3.69125e+06	3.709e+06	
3.65975e+06	3.60425e+06	3.6195e+06	3.66175e+06	3.673e+06	
3.5735e+06	3.583e+06	3.68925e+06	3.6485e+06	3.61625e+06	
3.63075e+06	3.57975e+06	3.57775e+06	3.6295e+06	3.576e+06	
3.62575e+06	3.583e+06	3.646e+06	3.63825e+06	3.63075e+06	
3.5105e+06	3.57475e+06	3.54325e+06	3.63775e+06	3.552e+06	
3.5135e+06	3.54875e+06	3.603e+06	3.576e+06	3.55775e+06	
3.4865e+06	3.5015e+06	3.552e+06	3.56075e+06	3.5785e+06	
3.5735e+06	3.54375e+06	3.56575e+06	3.53625e+06	3.552e+06	
3.50675e+06	3.571e+06	3.5445e+06	3.5545e+06	3.571e+06	
3.44475e+06	3.521e+06	3.5155e+06	3.49975e+06	3.5275e+06	
3.4845e+06	3.433e+06	3.46e+06	3.48275e+06	3.5305e+06	
3.45925e+06	3.448e+06	3.535e+06	3.48025e+06	3.44225e+06	
3.41975e+06	3.42275e+06	3.47375e+06	3.48075e+06	3.467e+06	
3.4015e+06	3.373e+06	3.42275e+06	3.4015e+06	3.441e+06	
3.34025e+06	3.28675e+06	3.32e+06	3.3895e+06	3.36925e+06	
3.329e+06	3.32825e+06	3.2685e+06	3.25825e+06	3.32775e+06	
3.15125e+06	3.14925e+06	3.1915e+06	3.1865e+06	3.179e+06	
3.11225e+06	3.04975e+06	3.085e+06	3.11775e+06	3.0995e+06	
2.93575e+06	2.92e+06	2.9515e+06	3e+06	2.97925e+06	
2.8935e+06	2.84825e+06	2.88475e+06	2.89025e+06	2.89425e+06	
2.835e+06	2.82975e+06	2.87025e+06	2.84125e+06	2.85075e+06	
2.77625e+06	2.72775e+06	2.7285e+06	2.75475e+06	2.7915e+06	
2.68375e+06	2.68175e+06	2.678e+06	2.72975e+06	2.71775e+06	
2.65975e+06	2.6925e+06	2.69175e+06	2.68425e+06	2.72725e+06	
2.65275e+06	2.61125e+06	2.661e+06	2.65475e+06	2.63525e+06	
2.60925e+06	2.6345e+06	2.60925e+06	2.60225e+06	2.586e+06	
2.588e+06	2.576e+06	2.613e+06	2.6365e+06	2.67225e+06	
2.5865e+06	2.58475e+06	2.63075e+06	2.6465e+06	2.625e+06	
2.66925e+06	2.697e+06	2.68925e+06	2.6905e+06	2.693e+06	
2.75675e+06	2.736e+06	2.729e+06	2.77625e+06	2.76675e+06	
2.82675e+06	2.81025e+06	2.843e+06	2.84375e+06	2.83925e+06	
2.9545e+06	2.94025e+06	2.9345e+06	2.93e+06	2.925e+06	
2.9855e+06	3.01375e+06	2.976e+06	2.9615e+06	3.03275e+06	
3.03475e+06	3.0195e+06	3.0145e+06	2.9875e+06	3.0165e+06	
2.94575e+06	2.94575e+06	2.9975e+06	2.99e+06	2.95325e+06	
2.94325e+06	2.988e+06	2.9665e+06	2.94025e+06	2.96225e+06	
2.92375e+06	2.9105e+06	2.8935e+06	2.88275e+06	2.93825e+06	
2.81725e+06	2.758e+06	2.84625e+06	2.78775e+06	2.79275e+06	
2.79525e+06	2.74725e+06	2.736e+06	2.79775e+06	2.81225e+06	
2.743e+06	2.69375e+06	2.726e+06	2.78e+06	2.7315e+06	
2.70625e+06	2.7365e+06	2.63125e+06	2.72275e+06	2.7485e+06	
2.72075e+06	2.68e+06	2.7145e+06	2.7605e+06	2.7365e+06	
2.69375e+06	2.702e+06	2.7195e+06	2.6805e+06	2.7195e+06	
2.683e+06	2.67925e+06	2.72275e+06	2.71075e+06	2.72525e+06	
2.702e+06	2.69875e+06	2.69125e+06	2.69425e+06	2.68125e+06	
2.68e+06	2.6875e+06	2.74975e+06	2.70575e+06	2.69625e+06	
2.69375e+06	2.71575e+06	2.72075e+06	2.7485e+06	2.7115e+06	
2.6925e+06	2.726e+06	2.7145e+06	2.73775e+06	2.69575e+06	
2.66975e+06	2.70825e+06	2.7045e+06	2.68875e+06	2.7285e+06	
2.68925e+06	2.67475e+06	2.676e+06	2.66275e+06	2.671e+06	
2.65775e+06	2.65775e+06	2.64525e+06	2.64825e+06	2.6825e+06	
2.666e+06	2.68e+06	2.666e+06	2.67475e+06	2.71025e+06	
2.72725e+06	2.637e+06	2.67925e+06	2.72075e+06	2.68125e+06	
2.69575e+06	2.6975e+06	2.6905e+06	2.714e+06	2.68625e+06	
2.6275e+06	2.65275e+06	2.69125e+06	2.622e+06	2.65475e+06	
2.59675e+06	2.6535e+06	2.68125e+06	2.64575e+06	2.6855e+06	
2.6395e+06	2.69575e+06	2.68625e+06	2.697e+06	2.69825e+06	
2.668e+06	2.6705e+06	2.68425e+06	2.6975e+06	2.70375e+06	
2.64825e+06	2.67675e+06	2.64075e+06	2.6875e+06	2.6735e+06	
2.69375e+06	2.67725e+06	2.6685e+06	2.71075e+06	2.68925e+06	
2.697e+06	2.65475e+06	2.65475e+06	2.6875e+06	2.6925e+06	
2.6855e+06	2.69875e+06	2.7075e+06	2.68925e+06	2.75425e+06	
2.724e+06	2.705e+06	2.71325e+06	2.76875e+06	2.695e+06	
2.73775e+06	2.7535e+06	2.705e+06	2.789e+06	2.772e+06	
2.73275e+06	2.775e+06	2.79075e+06	2.77575e+06	2.77e+06	
2.7435e+06	2.85075e+06	2.8115e+06	2.7575e+06	2.78775e+06	
2.816e+06	2.8185e+06	2.80775e+06	2.8065e+06	2.8425e+06	
2.8085e+06	2.90475e+06	2.8475e+06	2.8425e+06	2.84825e+06	
2.83425e+06	2.85375e+06	2.8885e+06	2.9105e+06	2.889e+06	
2.88975e+06	2.89725e+06	2.86075e+06	2.89725e+06	2.89975e+06	
2.87775e+06	2.8205e+06	2.88525e+06	2.88225e+06	2.9325e+06	
2.8885e+06	2.8835e+06	2.89725e+06	2.9155e+06	2.80975e+06	
2.86575e+06	2.8575e+06	2.92175e+06	2.8815e+06	2.91125e+06	
2.85375e+06	2.8455e+06	2.86825e+06	2.879e+06	2.86075e+06	
2.903e+06	2.855e+06	2.823e+06	2.903e+06	2.88775e+06	
2.89025e+06	2.881e+06	2.797e+06	2.84e+06	2.84375e+06	
2.82175e+06	2.838e+06	2.797e+06	2.82225e+06	2.82975e+06	
2.84425e+06	2.84375e+06	2.7825e+06	2.83425e+06	2.83175e+06	
2.8205e+06	2.833e+06	2.83925e+06	2.8885e+06	2.7965e+06	
2.8475e+06	2.8575e+06	2.85325e+06	2.845e+06	2.84125e+06	
2.86125e+06	2.8255e+06	2.89025e+06	2.89675e+06	2.84175e+06	
2.8715e+06	2.838e+06	2.835e+06	2.85625e+06	2.8715e+06	
2.77825e+06	2.828e+06	2.852e+06	2.797e+06	2.86125e+06	
2.81925e+06	2.77e+06	2.84125e+06	2.84175e+06	2.792e+06	
2.80725e+06	2.7745e+06	2.81925e+06	2.86775e+06	2.8645e+06	
2.78375e+06	2.81275e+06	2.835e+06	2.8885e+06	2.806e+06	
2.80525e+06	2.85075e+06	2.835e+06	2.872e+06	2.80025e+06	
2.8015e+06	2.8695e+06	2.80475e+06	2.79575e+06	2.82175e+06	
2.797e+06	2.79275e+06	2.82175e+06	2.81975e+06	2.85e+06	
2.8375e+06	2.8185e+06	2.84125e+06	2.83375e+06	2.7745e+06	
2.82225e+06	2.7535e+06	2.826e+06	2.80525e+06	2.8165e+06	
2.8255e+06	2.7825e+06	2.7795e+06	2.84e+06	2.77875e+06	
2.80075e+06	2.77825e+06	2.782e+06	2.8545e+06	2.8035e+06	
2.753e+06	2.789e+06	2.80075e+06	2.80725e+06	2.79825e+06	
2.79075e+06	2.7915e+06	2.75875e+06	2.85325e+06	2.84375e+06	
2.748e+06	2.83225e+06	2.80275e+06	2.8205e+06	2.80075e+06	
2.7825e+06	2.78775e+06	2.79825e+06	2.787e+06	2.787e+06	
2.81525e+06	2.7675e+06	2.83875e+06	2.84875e+06	2.81925e+06	
2.7775e+06	2.8575e+06	2.81275e+06	2.85375e+06	2.81525e+06	
2.8015e+06	2.816e+06	2.777e+06	2.867e+06	2.83175e+06	
2.76e+06	2.81975e+06	2.814e+06	2.7725e+06	2.8205e+06	
2.82925e+06	2.78e+06	2.80275e+06	2.82225e+06	2.79825e+06	
2.74975e+06	2.76625e+06	2.80525e+06	2.828e+06	2.7315e+06	
2.82675e+06	2.81725e+06	2.81925e+06	2.7915e+06	2.8355e+06	
2.78325e+06	2.79775e+06	2.83375e+06	2.81725e+06	2.83225e+06	
2.775e+06	2.7745e+06	2.768e+06	2.76e+06	2.77625e+06	
2.77575e+06	2.775e+06	2.7915e+06	2.84125e+06	2.75475e+06	
2.79525e+06	2.80975e+06	2.7485e+06	2.823e+06	2.7845e+06	
2.743e+06	2.7945e+06	2.72775e+06	2.81475e+06	2.7575e+06	
2.77625e+06	2.76875e+06	2.76625e+06	2.7455e+06	2.74175e+06	
2.76375e+06	2.7845e+06	2.789e+06	2.81025e+06	2.79325e+06	
2.73225e+06	2.7285e+06	2.80075e+06	2.79775e+06	2.7775e+06	
2.7965e+06	2.739e+06	2.78075e+06	2.6855e+06	2.80975e+06	
2.78775e+06	2.74425e+06	2.804e+06	2.7745e+06	2.7335e+06	
2.7025e+06	2.81975e+06	2.753e+06	2.75475e+06	2.705e+06	
2.72275e+06	2.7265e+06	2.74175e+06	2.712e+06	2.74975e+06	
2.7285e+06	2.66475e+06	2.736e+06	2.712e+06	2.722e+06	
2.69875e+06	2.71275e+06	2.6995e+06	2.72025e+06	2.714e+06	
2.683e+06	2.69e+06	2.7265e+06	2.734e+06	2.7025e+06	
2.668e+06	2.6395e+06	2.67925e+06	2.731e+06	2.69425e+06	
2.66025e+06	2.671e+06	2.719e+06	2.6655e+06	2.70325e+06	
2.67225e+06	2.6855e+06	2.66725e+06	2.673e+06	2.6805e+06	
2.676e+06	2.7575e+06	2.61625e+06	2.66025e+06	2.65725e+06	
2.647e+06	2.639e+06	2.7165e+06	2.69e+06	2.6655e+06	
2.632e+06	2.6615e+06	2.68175e+06	2.65975e+06	2.65275e+06	
2.6975e+06	2.63075e+06	2.6685e+06	2.66475e+06	2.64825e+06	
2.69425e+06	2.63325e+06	2.66275e+06	2.69375e+06	2.6345e+06	
2.64825e+06	2.58725e+06	2.64775e+06	2.5955e+06	2.66025e+06	
2.68425e+06	2.62875e+06	2.64075e+06	2.69425e+06	2.63075e+06	
2.70075e+06	2.6365e+06	2.649e+06	2.712e+06	2.64825e+06	
2.64775e+06	2.64575e+06	2.62325e+06	2.66675e+06	2.65225e+06	
2.61875e+06	2.61675e+06	2.661e+06	2.64075e+06	2.62625e+06	
2.6195e+06	2.62575e+06	2.64075e+06	2.618e+06	2.622e+06	
2.6275e+06	2.58475e+06	2.64325e+06	2.61625e+06	2.63575e+06	
2.58025e+06	2.557e+06	2.644e+06	2.62375e+06	2.613e+06	
2.54125e+06	2.6055e+06	2.56025e+06	2.576e+06	2.62625e+06	
2.567e+06	2.57975e+06	2.56025e+06	2.656e+06	2.557e+06	
2.5735e+06	2.608e+06	2.55375e+06	2.5765e+06	2.57075e+06	
2.5665e+06	2.5665e+06	2.57525e+06	2.601e+06	2.59175e+06	
2.54875e+06	2.59175e+06	2.58975e+06	2.605e+06	2.60675e+06	
2.55575e+06	2.574e+06	2.57525e+06	2.586e+06	2.53675e+06	
2.55775e+06	2.54e+06	2.5815e+06	2.564e+06	2.56025e+06	
2.5495e+06	2.55125e+06	2.513e+06	2.54575e+06	2.5545e+06	
2.475e+06	2.56325e+06	2.54125e+06	2.52175e+06	2.50275e+06	
2.4915e+06	2.484e+06	2.49725e+06	2.477e+06	2.5065e+06	
2.38425e+06	2.37925e+06	2.3585e+06	2.38675e+06	2.39125e+06	
2.20225e+06	2.143e+06	2.2015e+06	2.19525e+06	2.18975e+06	
1.891e+06	1.908e+06	1.903e+06	1.87025e+06	1.9085e+06	
1.632e+06	1.6155e+06	1.61925e+06	1.63125e+06	1.661e+06	
1.38675e+06	1.4195e+06	1.3945e+06	1.4095e+06	1.388e+06	
1.23375e+06	1.2525e+06	1.262e+06	1.22875e+06	1.242e+06	
1.12975e+06	1.15925e+06	1.1525e+06	1.1795e+06	1.1625e+06	
1.18575e+06	1.19325e+06	1.19325e+06	1.1895e+06	1.20725e+06	
1.28225e+06	1.332e+06	1.28225e+06	1.2905e+06	1.3005e+06	
1.39625e+06	1.3735e+06	1.38125e+06	1.39875e+06	1.412e+06	
1.41825e+06	1.4405e+06	1.4485e+06	1.4335e+06	1.42725e+06	
1.44175e+06	1.4165e+06	1.439e+06	1.409e+06	1.44425e+06	
1.41075e+06	1.41825e+06	1.426e+06	1.44675e+06	1.42775e+06	
1.40825e+06	1.426e+06	1.393e+06	1.4115e+06	1.41025e+06	
1.429e+06	1.42775e+06	1.43275e+06	1.4075e+06	1.424e+06	
1.39825e+06	1.407e+06	1.42325e+06	1.42075e+06	1.4605e+06	
1.45675e+06	1.4265e+06	1.463e+06	1.443e+06	1.46675e+06	
1.47125e+06	1.48e+06	1.50275e+06	1.506e+06	1.48775e+06	
1.596e+06	1.5885e+06	1.57075e+06	1.5765e+06	1.56825e+06	
1.5955e+06	1.65525e+06	1.61875e+06	1.63375e+06	1.65075e+06	
1.70075e+06	1.72275e+06	1.702e+06	1.707e+06	1.67925e+06	
1.78575e+06	1.78075e+06	1.7775e+06	1.7875e+06	1.77825e+06	
1.8455e+06	1.8135e+06	1.8375e+06	1.82925e+06	1.86375e+06	
1.908e+06	1.90925e+06	1.9155e+06	1.91625e+06	1.93075e+06	
2.00375e+06	1.98175e+06	1.971e+06	1.986e+06	1.976e+06	
1.99675e+06	2.02575e+06	2.0175e+06	2.015e+06	1.981e+06	
2.10025e+06	2.0385e+06	2.102e+06	2.1135e+06	2.06875e+06	
2.112e+06	2.119e+06	2.12975e+06	2.1405e+06	2.12275e+06	
2.1475e+06	2.15675e+06	2.13725e+06	2.15875e+06	2.15125e+06	
2.17525e+06	2.18525e+06	2.18025e+06	2.15375e+06	2.18775e+06	
2.22675e+06	2.211e+06	2.19975e+06	2.201e+06	2.24325e+06	
2.20675e+06	2.187e+06	2.1915e+06	2.19725e+06	2.19475e+06	
2.21425e+06	2.245e+06	2.242e+06	2.17e+06	2.189e+06	
2.223e+06	2.16575e+06	2.17775e+06	2.2425e+06	2.225e+06	
2.2255e+06	2.26075e+06	2.208e+06	2.245e+06	2.218e+06	
2.303e+06	2.204e+06	2.2475e+06	2.291e+06	2.2735e+06	
2.21475e+06	2.216e+06	2.2515e+06	2.23625e+06	2.26275e+06	
2.2475e+06	2.24875e+06	2.25775e+06	2.23575e+06	2.27275e+06	
2.2155e+06	2.17775e+06	2.20675e+06	2.24875e+06	2.18825e+06	
2.19775e+06	2.228e+06	2.29875e+06	2.162e+06	2.20675e+06	
2.1985e+06	2.21975e+06	2.2135e+06	2.242e+06	2.2255e+06	
2.21475e+06	2.19275e+06	2.223e+06	2.213e+06	2.20475e+06	
2.2225e+06	2.208e+06	2.225e+06	2.25075e+06	2.2275e+06	
2.2835e+06	2.17775e+06	2.19475e+06	2.20275e+06	2.18775e+06	
2.16625e+06	2.179e+06	2.184e+06	2.18825e+06	2.22375e+06	
2.2105e+06	2.19975e+06	2.21175e+06	2.19725e+06	2.199e+06	
2.18325e+06	2.11975e+06	2.21675e+06	2.22925e+06	2.2185e+06	
2.1695e+06	2.16125e+06	2.206e+06	2.189e+06	2.1985e+06	
2.121e+06	2.14375e+06	2.15425e+06	2.14225e+06	2.11975e+06	
2.114e+06	2.153e+06	2.172e+06	2.17125e+06	2.17375e+06	
2.141e+06	2.1165e+06	2.12525e+06	2.1645e+06	2.18075e+06	
2.179e+06	2.145e+06	2.13925e+06	2.1595e+06	2.13975e+06	
2.11775e+06	2.1505e+06	2.14225e+06	2.187e+06	2.16375e+06	
2.143e+06	2.167e+06	2.18325e+06	2.14375e+06	2.14625e+06	
2.1505e+06	2.145e+06	2.143e+06	2.12525e+06	2.1555e+06	
2.158e+06	2.1265e+06	2.12725e+06	2.1455e+06	2.1625e+06	
2.133e+06	2.13225e+06	2.1355e+06	2.13425e+06	2.13725e+06	
2.1185e+06	2.126e+06	2.1235e+06	2.124e+06	2.133e+06	
2.087e+06	2.1115e+06	2.08825e+06	2.10525e+06	2.13425e+06	
2.112e+06	2.10825e+06	2.12225e+06	2.097e+06	2.12225e+06	
2.0995e+06	2.09e+06	2.073e+06	2.10825e+06	2.1235e+06	
2.0945e+06	2.0805e+06	2.10075e+06	2.0825e+06	2.053e+06	
2.1305e+06	2.095e+06	2.133e+06	2.0925e+06	2.11725e+06	
2.092e+06	2.08875e+06	2.0775e+06	2.063e+06	2.09775e+06	
2.087e+06	2.056e+06	2.044e+06	2.12475e+06	2.0755e+06	
2.08325e+06	2.06925e+06	2.06225e+06	2.0725e+06	2.056e+06	
2.0555e+06	2.07e+06	2.04225e+06	2.09575e+06	2.0675e+06	
2.0515e+06	2.0365e+06	2.0555e+06	2.07175e+06	2.0755e+06	
2.0755e+06	2.06875e+06	2.04025e+06	2.06225e+06	2.04525e+06	
2.058e+06	2.066e+06	2.06175e+06	2.0895e+06	2.07125e+06	
2.04475e+06	2.09075e+06	2.068e+06	2.1095e+06	2.0245e+06	
2.03975e+06	2.0655e+06	2.058e+06	2.08375e+06	2.05925e+06	
2.09325e+06	2.08325e+06	2.099e+06	2.1135e+06	2.0635e+06	
2.08625e+06	2.0775e+06	2.07375e+06	2.044e+06	2.06875e+06	
2.0345e+06	2.07125e+06	2.05925e+06	2.03775e+06	2.0585e+06	
2.0215e+06	2.02825e+06	2.0585e+06	2.02275e+06	2.05675e+06	
2.07675e+06	1.9755e+06	2.0725e+06	2.05975e+06	2.04525e+06	
2.0435e+06	2.05975e+06	2.03075e+06	2.0825e+06	2.032e+06	
2.02575e+06	2.029e+06	1.988e+06	2.0705e+06	2.03975e+06	
2.00875e+06	2.0345e+06	1.981e+06	2.03975e+06	2.01825e+06	
1.995e+06	2.02825e+06	2.027e+06	2.046e+06	2.024e+06	
2.01e+06	2.022e+06	1.98475e+06	2.0315e+06	2.01075e+06	
1.99175e+06	2.05425e+06	2.0485e+06	2.03775e+06	2.029e+06	
2.03575e+06	2.0175e+06	2.01325e+06	2.01575e+06	2.03275e+06	
1.995e+06	1.99875e+06	1.98725e+06	2.04525e+06	1.988e+06	
1.998e+06	1.9615e+06	2.00875e+06	2.0435e+06	1.9635e+06	
2.0005e+06	1.947e+06	1.98425e+06	1.9595e+06	2.0055e+06	
1.981e+06	1.97725e+06	1.97275e+06	1.9805e+06	1.99625e+06	
1.94375e+06	1.9665e+06	1.993e+06	1.97275e+06	1.978e+06	
1.95025e+06	1.9635e+06	1.9615e+06	1.96275e+06	1.96775e+06	
1.95275e+06	1.9635e+06	1.923e+06	1.96275e+06	1.97725e+06	
1.95525e+06	1.9665e+06	1.92675e+06	1.9715e+06	1.9715e+06	
1.91425e+06	1.964e+06	1.95275e+06	1.9375e+06	1.976e+06	
1.903e+06	1.9295e+06	1.9225e+06	1.92375e+06	1.93125e+06	
1.90475e+06	1.91425e+06	1.923e+06	1.9085e+06	1.93e+06	
1.8885e+06	1.9005e+06	1.91175e+06	1.88475e+06	1.87075e+06	
1.88975e+06	1.8915e+06	1.88075e+06	1.947e+06	1.93325e+06	
1.92125e+06	1.90175e+06	1.882e+06	1.90475e+06	1.9255e+06	
1.8375e+06	1.86075e+06	1.906e+06	1.90425e+06	1.8815e+06	
1.8835e+06	1.911e+06	1.87775e+06	1.8475e+06	1.8455e+06	
1.87525e+06	1.8575e+06	1.88475e+06	1.8695e+06	1.8765e+06	
1.862e+06	1.82025e+06	1.894e+06	1.862e+06	1.84625e+06	
1.8715e+06	1.838e+06	1.85575e+06	1.901e+06	1.8185e+06	
1.826e+06	1.85125e+06	1.836e+06	1.86575e+06	1.8305e+06	
1.85375e+06	1.84875e+06	1.84e+06	1.82475e+06	1.81975e+06	
1.8235e+06	1.836e+06	1.823e+06	1.8115e+06	1.85325e+06	
1.804e+06	1.8185e+06	1.83675e+06	1.81275e+06	1.84425e+06	
1.81775e+06	1.8135e+06	1.83475e+06	1.84875e+06	1.804e+06	
1.83175e+06	1.814e+06	1.833e+06	1.79325e+06	1.821e+06	
1.81525e+06	1.838e+06	1.8085e+06	1.84875e+06	1.83475e+06	
1.8305e+06	1.83175e+06	1.80725e+06	1.794e+06	1.792e+06	
1.78125e+06	1.7875e+06	1.814e+06	1.8085e+06	1.8215e+06	
1.76175e+06	1.7775e+06	1.81475e+06	1.8015e+06	1.86075e+06	
1.81025e+06	1.77125e+06	1.78575e+06	1.82025e+06	1.81525e+06	
1.7655e+06	1.7705e+06	1.82025e+06	1.809e+06	1.792e+06	
1.77425e+06	1.775e+06	1.7945e+06	1.765e+06	1.782e+06	
1.7585e+06	1.777e+06	1.79e+06	1.78875e+06	1.7875e+06	
1.75675e+06	1.748e+06	1.7505e+06	1.76125e+06	1.7505e+06	
1.75175e+06	1.741e+06	1.77e+06	1.77175e+06	1.73025e+06	
1.75225e+06	1.7435e+06	1.782e+06	1.77e+06	1.777e+06	
1.74275e+06	1.768e+06	1.76675e+06	1.763e+06	1.7365e+06	
1.77e+06	1.7795e+06	1.74025e+06	1.80275e+06	1.7705e+06	
1.7705e+06	1.73975e+06	1.7485e+06	1.8065e+06	1.74975e+06	
1.75175e+06	1.731e+06	1.76925e+06	1.73525e+06	1.77375e+06	
1.7315e+06	1.71325e+06	1.73775e+06	1.7555e+06	1.739e+06	
1.7245e+06	1.74725e+06	1.74275e+06	1.7145e+06	1.75675e+06	
1.72275e+06	1.69375e+06	1.717e+06	1.71375e+06	1.712e+06	
1.698e+06	1.69875e+06	1.72075e+06	1.7145e+06	1.71125e+06	
1.68225e+06	1.71325e+06	1.71e+06	1.70575e+06	1.6515e+06	
1.661e+06	1.6755e+06	1.6325e+06	1.67175e+06	1.69875e+06	
1.67225e+06	1.67225e+06	1.688e+06	1.705e+06	1.724e+06	
1.659e+06	1.65325e+06	1.65475e+06	1.69625e+06	1.71125e+06	
1.65025e+06	1.647e+06	1.65525e+06	1.67475e+06	1.69375e+06	
1.678e+06	1.68425e+06	1.66925e+06	1.6375e+06	1.6445e+06	
1.685e+06	1.66775e+06	1.62875e+06	1.67975e+06	1.67225e+06	
1.635e+06	1.63e+06	1.6465e+06	1.6465e+06	1.65475e+06	
1.6245e+06	1.63575e+06	1.61625e+06	1.6295e+06	1.6835e+06	
1.62e+06	1.6325e+06	1.64775e+06	1.649e+06	1.6495e+06	
1.63375e+06	1.608e+06	1.6635e+06	1.591e+06	1.635e+06	
1.6515e+06	1.64525e+06	1.656e+06	1.64025e+06	1.6565e+06	
1.62e+06	1.5985e+06	1.6295e+06	1.6245e+06	1.62625e+06	
1.5985e+06	1.603e+06	1.6245e+06	1.586e+06	1.564e+06	
1.639e+06	1.6125e+06	1.61125e+06	1.652e+06	1.57575e+06	
1.5715e+06	1.598e+06	1.64825e+06	1.589e+06	1.60725e+06	
1.5955e+06	1.596e+06	1.613e+06	1.5985e+06	1.584e+06	
1.62875e+06	1.59925e+06	1.59975e+06	1.6225e+06	1.64075e+06	
1.60425e+06	1.6105e+06	1.58975e+06	1.6205e+06	1.57075e+06	
1.603e+06	1.59725e+06	1.6245e+06	1.6035e+06	1.647e+06	
1.5785e+06	1.593e+06	1.56125e+06	1.591e+06	1.60875e+06	
1.57775e+06	1.613e+06	1.574e+06	1.59025e+06	1.59725e+06	
1.593e+06	1.5885e+06	1.58225e+06	1.61125e+06	1.5815e+06	
1.586e+06	1.52725e+06	1.5985e+06	1.564e+06	1.60675e+06	
1.5815e+06	1.55075e+06	1.53675e+06	1.5955e+06	1.547e+06	
1.57025e+06	1.58275e+06	1.5495e+06	1.5955e+06	1.574e+06	
1.56e+06	1.54125e+06	1.5645e+06	1.59025e+06	1.58475e+06	
1.5285e+06	1.56275e+06	1.5405e+06	1.55375e+06	1.5305e+06	
1.52975e+06	1.52975e+06	1.5375e+06	1.528e+06	1.5355e+06	
1.54175e+06	1.511e+06	1.518e+06	1.535e+06	1.55075e+06	
1.49325e+06	1.53125e+06	1.52425e+06	1.49325e+06	1.528e+06	
1.511e+06	1.514e+06	1.5205e+06	1.52475e+06	1.547e+06	
1.50025e+06	1.51975e+06	1.49575e+06	1.514e+06	1.526e+06	
1.51475e+06	1.50725e+06	1.5085e+06	1.5035e+06	1.49825e+06	
1.5065e+06	1.485e+06	1.48825e+06	1.4845e+06	1.4795e+06	
1.46625e+06	1.4535e+06	1.4825e+06	1.51925e+06	1.506e+06	
1.446e+06	1.5115e+06	1.458e+06	1.47325e+06	1.47875e+06	
1.453e+06	1.48575e+06	1.45225e+06	1.431e+06	1.455e+06	
1.4505e+06	1.458e+06	1.4575e+06	1.47875e+06	1.4535e+06	
1.41825e+06	1.4405e+06	1.4675e+06	1.458e+06	1.41775e+06	
1.42325e+06	1.4485e+06	1.39875e+06	1.43475e+06	1.42975e+06	
1.426e+06	1.407e+06	1.397e+06	1.41075e+06	1.39825e+06	
1.40575e+06	1.38925e+06	1.38e+06	1.37425e+06	1.3875e+06	
1.417e+06	1.3755e+06	1.35225e+06	1.40575e+06	1.36675e+06	
1.3805e+06	1.32375e+06	1.35225e+06	1.363e+06	1.3655e+06	
1.35775e+06	1.34275e+06	1.34575e+06	1.37875e+06	1.356e+06	
1.31625e+06	1.317e+06	1.30425e+06	1.315e+06	1.31e+06	
1.3225e+06	1.30175e+06	1.3075e+06	1.317e+06	1.315e+06	
1.29425e+06	1.26825e+06	1.2735e+06	1.286e+06	1.31425e+06	
1.28475e+06	1.28925e+06	1.2985e+06	1.30875e+06	1.2835e+06	
1.2645e+06	1.242e+06	1.26025e+06	1.2715e+06	1.288e+06	
1.245e+06	1.23925e+06	1.24325e+06	1.267e+06	1.25325e+06	
1.22425e+06	1.2255e+06	1.218e+06	1.267e+06	1.23175e+06	
1.25325e+06	1.2275e+06	1.24875e+06	1.24625e+06	1.238e+06	
1.26825e+06	1.24325e+06	1.245e+06	1.245e+06	1.2275e+06	
1.233e+06	1.2355e+06	1.24875e+06	1.22425e+06	1.26775e+06	
1.23125e+06	1.2155e+06	1.21225e+06	1.23425e+06	1.2425e+06	
1.24825e+06	1.21975e+06	1.2525e+06	1.252e+06	1.262e+06	
1.25e+06	1.21475e+06	1.22925e+06	1.23425e+06	1.23875e+06	
1.2085e+06	1.26275e+06	1.2475e+06	1.245e+06	1.274e+06	
1.25375e+06	1.2665e+06	1.252e+06	1.252e+06	1.23625e+06	
1.22425e+06	1.24875e+06	1.21975e+06	1.23175e+06	1.24375e+06	
1.23875e+06	1.2715e+06	1.2615e+06	1.24575e+06	1.257e+06	
1.2565e+06	1.26025e+06	1.262e+06	1.267e+06	1.2545e+06	
1.27225e+06	1.27275e+06	1.26525e+06	1.26525e+06	1.29725e+06	
1.291e+06	1.27975e+06	1.286e+06	1.30375e+06	1.29225e+06	
1.27225e+06	1.29725e+06	1.27775e+06	1.27475e+06	1.27725e+06	
1.29225e+06	1.30875e+06	1.26575e+06	1.28675e+06	1.2735e+06	
1.29225e+06	1.2565e+06	1.27475e+06	1.28475e+06	1.2935e+06	
1.252e+06	1.26025e+06	1.264e+06	1.25375e+06	1.2545e+06	
1.211e+06	1.2155e+06	1.23125e+06	1.23375e+06	1.228e+06	
1.1625e+06	1.17875e+06	1.1895e+06	1.20775e+06	1.1775e+06	
1.15125e+06	1.1405e+06	1.167e+06	1.121e+06	1.16175e+06	
1.1775e+06	1.1625e+06	1.16375e+06	1.12975e+06	1.15675e+06	
1.1915e+06	1.19725e+06	1.16875e+06	1.18025e+06	1.1775e+06	
1.2155e+06	1.20725e+06	1.18025e+06	1.17375e+06	1.221e+06	
1.24125e+06	1.20275e+06	1.24375e+06	1.23e+06	1.221e+06	
1.223e+06	1.2545e+06	1.23e+06	1.27225e+06	1.255e+06	
1.255e+06	1.259e+06	1.2355e+06	1.274e+06	1.274e+06	
1.2645e+06	1.25375e+06	1.27225e+06	1.26525e+06	1.26025e+06	
1.279e+06	1.25125e+06	1.24625e+06	1.257e+06	1.24825e+06	
1.247e+06	1.23875e+06	1.22425e+06	1.25775e+06	1.25325e+06	
1.26775e+06	1.26825e+06	1.2275e+06	1.22925e+06	1.269e+06	
1.26275e+06	1.26325e+06	1.25e+06	1.242e+06	1.2595e+06	
1.262e+06	1.296e+06	1.238e+06	1.2765e+06	1.24875e+06	
1.23925e+06	1.25575e+06	1.267e+06	1.2545e+06	1.206e+06	
1.22175e+06	1.2255e+06	1.22425e+06	1.21475e+06	1.24125e+06	
1.21225e+06	1.201e+06	1.245e+06	1.23175e+06	1.2065e+06	
1.18575e+06	1.19725e+06	1.2325e+06	1.199e+06	1.21675e+06	
1.204e+06	1.2135e+06	1.2035e+06	1.20025e+06	1.19525e+06	
1.20025e+06	1.1555e+06	1.19025e+06	1.20775e+06	1.18525e+06	
1.21925e+06	1.1895e+06	1.19275e+06	1.2035e+06	1.204e+06	
1.18575e+06	1.1915e+06	1.172e+06	1.16375e+06	1.21175e+06	
1.17e+06	1.19075e+06	1.2275e+06	1.1775e+06	1.2015e+06	
1.21175e+06	1.19525e+06	1.223e+06	1.19075e+06	1.20975e+06	
1.1795e+06	1.17375e+06	1.221e+06	1.22225e+06	1.2035e+06	
1.18525e+06	1.187e+06	1.19975e+06	1.204e+06	1.22675e+06	
1.20275e+06	1.2155e+06	1.1985e+06	1.1965e+06	1.19025e+06	
1.20725e+06	1.16625e+06	1.19325e+06	1.18825e+06	1.20025e+06	
1.18275e+06	1.21975e+06	1.1795e+06	1.19525e+06	1.1985e+06	
1.2035e+06	1.18025e+06	1.17875e+06	1.23125e+06	1.189e+06	
1.17575e+06	1.1645e+06	1.206e+06	1.209e+06	1.1725e+06	
1.182e+06	1.1605e+06	1.19775e+06	1.2065e+06	1.16825e+06	
1.19725e+06	1.17625e+06	1.213e+06	1.20775e+06	1.19975e+06	
1.1745e+06	1.1645e+06	1.16175e+06	1.192e+06	1.175e+06	
1.1725e+06	1.1645e+06	1.1725e+06	1.16125e+06	1.16e+06	
1.189e+06	1.172e+06	1.1775e+06	1.18275e+06	1.16175e+06	
1.20475e+06	1.1815e+06	1.1695e+06	1.17875e+06	1.17625e+06	
1.177e+06	1.146e+06	1.1845e+06	1.22225e+06	1.19075e+06	
1.1745e+06	1.172e+06	1.18825e+06	1.201e+06	1.206e+06	
1.196e+06	1.18325e+06	1.172e+06	1.199e+06	1.18075e+06	
1.194e+06	1.19475e+06	1.2035e+06	1.201e+06	1.20725e+06	
1.18075e+06	1.194e+06	1.2085e+06	1.175e+06	1.20025e+06	
1.18825e+06	1.189e+06	1.2085e+06	1.19325e+06	1.194e+06	
1.201e+06	1.18075e+06	1.19275e+06	1.20525e+06	1.19275e+06	
1.2015e+06	1.1915e+06	1.16825e+06	1.209e+06	1.1625e+06	
1.209e+06	1.17075e+06	1.1815e+06	1.194e+06	1.19975e+06	
1.1775e+06	1.15625e+06	1.19275e+06	1.2325e+06	1.206e+06	
1.16625e+06	1.18275e+06	1.209e+06	1.20775e+06	1.189e+06	
1.1775e+06	1.209e+06	1.21225e+06	1.18575e+06	1.17075e+06	
1.16625e+06	1.189e+06	1.22175e+06	1.19275e+06	1.172e+06	
1.1815e+06	1.17875e+06	1.1865e+06	1.19775e+06	1.17825e+06	
1.19975e+06	1.15875e+06	1.1605e+06	1.18325e+06	1.20025e+06	
1.17e+06	1.19975e+06	1.17625e+06	1.16575e+06	1.189e+06	
1.1985e+06	1.20275e+06	1.1505e+06	1.1725e+06	1.189e+06	
1.18525e+06	1.18775e+06	1.19025e+06	1.20225e+06	1.172e+06	
1.155e+06	1.1815e+06	1.19025e+06	1.1745e+06	1.1965e+06	
1.211e+06	1.1775e+06	1.1965e+06	1.17125e+06	1.1645e+06	
1.16175e+06	1.1745e+06	1.209e+06	1.204e+06	1.17125e+06	
1.17125e+06	1.20975e+06	1.194e+06	1.177e+06	1.175e+06	
1.17325e+06	1.1645e+06	1.163e+06	1.1845e+06	1.15675e+06	
1.182e+06	1.1435e+06	1.16175e+06	1.1845e+06	1.155e+06	
1.1675e+06	1.18325e+06	1.15125e+06	1.1965e+06	1.1505e+06	
1.1795e+06	1.14675e+06	1.165e+06	1.1575e+06	1.1675e+06	
1.17e+06	1.15925e+06	1.15625e+06	1.14675e+06	1.167e+06	
1.131e+06	1.17575e+06	1.165e+06	1.16575e+06	1.16825e+06	
1.1605e+06	1.155e+06	1.16175e+06	1.15675e+06	1.158e+06	
1.158e+06	1.14875e+06	1.16125e+06	1.19025e+06	1.16375e+06	
1.16575e+06	1.143e+06	1.153e+06	1.1555e+06	1.15425e+06	
1.14175e+06	1.143e+06	1.1435e+06	1.1455e+06	1.13425e+06	
1.1335e+06	1.1725e+06	1.16575e+06	1.18025e+06	1.1675e+06	
1.13975e+06	1.1455e+06	1.1265e+06	1.16575e+06	1.14725e+06	
1.155e+06	1.17375e+06	1.14475e+06	1.148e+06	1.1725e+06	
1.146e+06	1.1625e+06	1.15875e+06	1.1335e+06	1.148e+06	
1.153e+06	1.10575e+06	1.14725e+06	1.146e+06	1.13675e+06	
1.14475e+06	1.13425e+06	1.1385e+06	1.15675e+06	1.1645e+06	
1.1405e+06	1.1525e+06	1.143e+06	1.131e+06	1.1455e+06	
1.143e+06	1.13225e+06	1.14425e+06	1.12725e+06	1.12525e+06	
1.146e+06	1.129e+06	1.13975e+06	1.1575e+06	1.16125e+06	
1.14875e+06	1.11575e+06	1.1355e+06	1.1525e+06	1.14675e+06	
1.143e+06	1.1505e+06	1.14225e+06	1.16175e+06	1.1315e+06	
1.13475e+06	1.13925e+06	1.13975e+06	1.141e+06	1.14475e+06	
1.131e+06	1.10525e+06	1.138e+06	1.14175e+06	1.126e+06	
1.11575e+06	1.14175e+06	1.10125e+06	1.1315e+06	1.13975e+06	
1.12225e+06	1.1045e+06	1.1285e+06	1.1165e+06	1.1165e+06	
1.117e+06	1.1235e+06	1.124e+06	1.11275e+06	1.12525e+06	
1.12275e+06	1.1265e+06	1.119e+06	1.11075e+06	1.13275e+06	
1.0995e+06	1.1185e+06	1.097e+06	1.095e+06	1.10325e+06	
1.07175e+06	1.06725e+06	1.0825e+06	1.0825e+06	1.07875e+06	
1.09375e+06	1.109e+06	1.068e+06	1.075e+06	1.071e+06	
1.0725e+06	1.063e+06	1.08625e+06	1.09575e+06	1.08675e+06	
1.097e+06	1.1115e+06	1.08375e+06	1.08675e+06	1.08175e+06	
1.0925e+06	1.08175e+06	1.08e+06	1.10325e+06	1.08425e+06	
1.07875e+06	1.1185e+06	1.0945e+06	1.10575e+06	1.095e+06	
1.06975e+06	1.11275e+06	1.08175e+06	1.10825e+06	1.11025e+06	
1.10075e+06	1.083e+06	1.0925e+06	1.08175e+06	1.07625e+06	
1.09375e+06	1.075e+06	1.05225e+06	1.0975e+06	1.075e+06	
1.0855e+06	1.09375e+06	1.1045e+06	1.0995e+06	1.0775e+06	
1.0775e+06	1.09825e+06	1.09e+06	1.083e+06	1.0805e+06	
1.0655e+06	1.08425e+06	1.08e+06	1.08175e+06	1.08175e+06	
1.054e+06	1.05025e+06	1.0365e+06	1.04475e+06	1.056e+06	
1.0395e+06	1.00375e+06	1.03025e+06	1.044e+06	1.0465e+06	
1.02e+06	1.003e+06	1.017e+06	1.00925e+06	1.02125e+06	
1.02125e+06	1.02e+06	1.005e+06	1.02125e+06	1.02125e+06	
1.03275e+06	1.0295e+06	1.04275e+06	1.027e+06	1.02325e+06	
1.0345e+06	1.034e+06	1.04725e+06	1.05275e+06	1.04975e+06	
1.05275e+06	1.05225e+06	1.054e+06	1.056e+06	1.04475e+06	
1.0365e+06	1.0725e+06	1.0365e+06	1.07925e+06	1.085e+06	
1.027e+06	1.0655e+06	1.05525e+06	1.0435e+06	1.03325e+06	
1.078e+06	1.06425e+06	1.0365e+06	1.07675e+06	1.07375e+06	
1.04525e+06	1.04975e+06	1.0465e+06	1.04025e+06	1.05925e+06	
1.0515e+06	1.0605e+06	1.046e+06	1.0775e+06	1.0515e+06	
1.071e+06	1.0855e+06	1.06225e+06	1.09e+06	1.06675e+06	
1.063e+06	1.05675e+06	1.07675e+06	1.0635e+06	1.08e+06	
1.06425e+06	1.05475e+06	1.0725e+06	1.04475e+06	1.08e+06	
1.039e+06	1.078e+06	1.05225e+06	1.05025e+06	1.03575e+06	
1.0635e+06	1.07425e+06	1.05225e+06	1.07175e+06	1.07375e+06	
1.075e+06	1.06925e+06	1.058e+06	1.05675e+06	1.05725e+06	
1.068e+06	1.05475e+06	1.04075e+06	1.05725e+06	1.05025e+06	
1.0725e+06	1.08675e+06	1.05525e+06	1.06425e+06	1.05275e+06	
1.05225e+06	1.05525e+06	1.0605e+06	1.05675e+06	1.0485e+06	
1.03075e+06	1.046e+06	1.02775e+06	1.0585e+06	1.0635e+06	
1.044e+06	1.04075e+06	1.05275e+06	1.0585e+06	1.05675e+06	
1.04025e+06	1.0415e+06	1.05975e+06	1.0415e+06	1.0265e+06	
1.0225e+06	1.022e+06	1.02775e+06	1.02825e+06	1.0175e+06	
1.03775e+06	1.025e+06	1.029e+06	1.01825e+06	1.017e+06	
1.0345e+06	1.03325e+06	1.05025e+06	1.03825e+06	1.05475e+06	
1.0295e+06	1.0245e+06	1.04525e+06	1.04225e+06	1.061e+06	
1.044e+06	1.032e+06	1.049e+06	1.0395e+06	1.03575e+06	
1.034e+06	1.03275e+06	1.049e+06	1.03825e+06	1.01625e+06	
1.025e+06	1.00875e+06	1.0145e+06	1.03325e+06	1.034e+06	
1.0225e+06	1.02825e+06	1.025e+06	1.0725e+06	1.0365e+06	
1.0265e+06	1.02775e+06	1.025e+06	1.02375e+06	1.02075e+06	
1.01575e+06	1.0175e+06	1.01325e+06	1.02125e+06	1.0345e+06	
1.03325e+06	1.02125e+06	1.02825e+06	1.03075e+06	1.0145e+06	
1.03275e+06	1.01325e+06	1.0175e+06	1.02325e+06	1.01075e+06	
1e+06	1.00925e+06	988500	1.0225e+06	1.0485e+06	
1.00425e+06	1.03525e+06	1e+06	984250	1.012e+06	
1.008e+06	1.0125e+06	998000	999250	1.00875e+06	
998000	1.0005e+06	971500	1.003e+06	997500	
968500	948750	971000	976500	998000	
966000	954500	943750	959500	967750	
957000	976000	964750	984750	955750	
945000	955750	952750	968500	960250	
985500	994250	937000	966500	988500	
994250	983500	999250	979750	996750	
993000	986000	974750	974750	970250	
1.01875e+06	977750	993500	979750	1.0005e+06	
951500	976500	986750	994250	967750	
971500	964750	964750	966000	985500	
981000	981750	957000	983500	983500	
977750	1.008e+06	960750	994750	970250	
976500	955250	989250	991000	964000	
973500	968500	971000	984750	979000	
969750	954500	983500	989250	976500	
970250	966000	978500	981750	985500	
967750	974000	988000	991000	957750	
986000	975250	987250	966500	969750	
970250	971500	966500	983500	968500	
950750	988500	962750	955750	944500	
962750	965250	957750	986000	981750	
977750	948250	957750	967750	972750	
942500	954000	966000	962000	981000	
938750	964750	971000	954000	969000	
932500	999250	961500	970250	948250	
938750	970250	961500	972750	962000	
928750	938750	969000	931250	961500	
974000	959500	956500	947000	950250	
972250	952000	940000	948250	959500	
938750	933000	935750	938750	946250	
947000	957750	934500	941250	945750	
948250	978500	944500	943250	939500	
931750	935750	968500	953250	943750	
943250	955750	957750	941250	952000	
916750	925000	948750	939500	943250	
921750	945000	928000	938250	917250	
920000	925000	944500	951500	928000	
915500	946250	927500	922500	945750	
926250	920000	923750	935750	948250	
910500	935000	943250	916750	921250	
957000	942500	917250	937500	916000	
923750	925000	921750	904250	932500	
948750	926750	894750	927500	936250	
926750	930000	915500	931250	908500	
946250	920000	903500	933000	923000	
892750	909750	928750	909750	919250	
926750	917250	925500	904250	906000	
933000	910500	917250	897250	930500	
904250	898500	902250	889000	921750	
902750	870750	911750	909750	901000	
911000	920000	908000	896000	889000	
909250	930000	922500	906750	916750	
918750	917250	921250	880750	903500	
897750	897750	917250	916750	906750	
898500	919250	906750	937500	926750	
887750	893500	904750	911750	877750	
892750	883250	908500	880250	892750	
899000	888500	894000	899000	918000	
908500	885750	897250	904250	885250	
920500	890250	895250	902250	904250	
883250	896500	879500	906750	893500	
893500	891500	885250	880750	899750	
895250	877750	881500	884000	882000	
884000	896500	896000	882750	885750	
889750	874500	893500	879500	863750	
874000	884000	906000	895250	894000	
891500	889000	873250	865000	908500	
879500	877000	887750	861250	868250	
861250	848750	871250	865750	876500	
874500	888500	865000	868250	889000	
882750	872500	880250	856750	876500	
880250	875250	862500	889750	851250	
862000	855500	868250	855000	872500	
868750	865000	881500	866250	861250	
856750	837250	853000	870000	871250	
844250	870750	863250	848000	868750	
858250	872000	892250	856750	861250	
846750	870000	880250	870750	879500	
853750	856750	855000	860000	887750	
860750	888500	856250	851750	862500	
849250	874000	871250	856250	851250	
841000	874500	859500	858250	845000	
843000	850500	831750	868750	846750	
851250	848000	860750	868250	855500	
861250	861250	842500	854250	839250	
855500	856250	837250	882750	861250	
860000	836750	856750	842500	851750	
842500	842500	838000	842500	846750	
856250	836000	838500	846250	851250	
846250	843750	834250	851750	845500	
826000	836000	873250	826500	816000	
816500	840500	841750	831750	828000	
820250	838000	826000	824000	822750	
829750	832250	852500	829750	833500	
841000	828500	846750	824000	819750	
824750	803250	827250	841750	813500	
812750	821000	819000	830500	836000	
813500	798250	795750	819000	802000	
822750	807750	796500	816500	808250	
805750	805750	799000	799000	788750	
791250	784500	778750	793750	802000	
805750	779250	793750	805750	797000	
818500	789500	787000	787500	781250	
795750	780500	777500	799000	795750	
783250	770500	801500	793750	780000	
781250	790000	780000	782500	780000	
788250	791250	792500	782000	785000	
765500	764750	777500	754250	778750	
771750	766750	761750	776250	751750	
774250	774250	778750	747250	778000	
764750	765500	746500	769250	768000	
754250	761000	768000	762250	776750	
784500	769250	755500	759750	788750	
799000	782500	776250	786250	749750	
790000	767500	753500	755500	775500	
776750	766750	771250	775000	775500	
783750	785000	758000	768000	763500	
758500	759750	744000	775500	775000	
771250	771750	752250	783750	770500	
765500	763000	761000	765500	780500	
778750	764750	777500	740250	790750	
775000	765500	760500	774250	773750	
768750	756750	786250	793250	778000	
790000	786250	785750	793750	744000	
795750	779250	780000	784500	783250	
793750	779250	761750	785750	789500	
795750	776750	775500	791250	796500	
799000	804000	801500	810750	789500	
798250	781250	775500	800250	800250	
800750	787500	807000	785000	787000	
807750	791250	788750	784500	781250	
782000	782500	789500	781250	800250	
772500	800250	783750	795750	793750	
770500	775000	774250	782000	773000	
790750	768000	773750	770500	776250	
787000	780000	762250	764750	762250	
756000	774250	771250	777500	771750	
768000	755500	768750	742750	773750	
737750	778000	771250	751000	774250	
779250	765500	754750	765500	767500	
775000	763000	734000	759250	758000	
766250	754750	773750	778000	746000	
770500	760500	746000	763000	759750	
754250	754250	737250	752250	746000	
738500	739000	750500	755500	750500	
751750	751750	752250	751000	749000	
737250	764250	744750	760500	751000	
745250	747750	749750	758000	749000	
757250	732000	740250	770500	767500	
753500	732000	764250	756750	759250	
751000	759750	736500	772500	763500	
785750	748500	734000	751750	752250	
751750	778000	765500	749000	770000	
724000	759250	746500	756750	750500	
739750	742750	752250	767500	744750	
742250	746500	767500	755500	741000	
754250	752250	739750	751000	751750	
748500	747750	726500	749750	756750	
751000	733250	757250	733250	751750	
730250	742750	753000	750500	750500	
749000	754750	736500	769250	733250	
757250	766750	761750	747250	736000	
752250	755500	744750	744000	713250	
753500	749750	745250	746000	722000	
756750	732750	744000	740250	735250	
746000	746500	713250	743500	728250	
737750	743500	756000	725250	728250	
726500	736500	746500	728250	743500	
743500	735250	732750	722000	740250	
733250	739000	744750	737750	726500	
710750	736000	742250	720750	723250	
749000	748500	738500	739000	729500	
728250	734500	713250	732000	719500	
732000	739000	736500	731500	747750	
737250	742250	751750	730250	738500	
724500	741000	727750	746000	730750	
729500	725750	715750	741000	722750	
736000	726500	762250	741500	734000	
740250	730750	725750	757250	729000	
746500	753000	728250	732750	753500	
731500	759750	732750	761000	739750	
751750	737250	732000	761000	764250	
747250	737250	755500	730750	734500	
731500	744750	756000	751750	724500	
734500	747750	752250	721500	743500	
727000	750500	754250	729500	761750	
741000	736500	725250	739750	746000	
756750	746500	734000	747250	753000	
723250	731500	723250	738500	731500	
725250	726500	740250	728250	720750	
758000	729000	728250	741500	733250	
728250	727000	724000	742750	727000	
744750	719500	730750	730250	735250	
722000	720750	736000	710750	707000	
753000	748500	736500	732000	725750	
721500	724500	718250	737250	743500	
723250	741500	719500	706250	731500	
729000	741500	723250	729000	739000	
710000	734500	724500	722000	717500	
739000	730750	743500	716250	712000	
712000	725250	703000	711250	717000	
733250	710750	745250	730750	736000	
727000	733250	734500	742250	733250	
721500	726500	731500	726500	735250	
733250	727000	718250	718250	721500	
710000	725250	715750	719500	717500	
718250	719500	727750	707000	737250	
707500	724500	716250	703750	743500	
729500	715750	713250	700500	716250	
708250	706250	708250	698000	700500	
703750	701250	707000	701250	700000	
715750	702500	687250	706250	707500	
696250	700000	701750	698000	698000	
695000	715750	679250	698000	708250	
679250	698000	693000	705750	703000	
684250	696750	684750	701750	686000	
690500	688500	677250	691750	673500	
685500	697500	679750	689250	698000	
673500	689250	691250	686750	690500	
678500	696750	694250	678000	676750	
678500	654500	678500	682250	685500	
676750	684250	663500	679750	675500	
647750	668500	692500	662250	670250	
667750	666000	669000	678500	672750	
657750	672250	661000	670250	650750	
660250	671000	671500	652000	646500	
654500	655750	652750	662250	651500	
654000	662750	653250	674750	670250	
686750	660250	681000	652750	669000	
660250	642000	651500	669000	654000	
674250	657750	669750	655750	653250	
652000	655250	665250	648250	655750	
663500	662750	650250	662250	642500	
633250	645250	662750	676750	663500	
664000	663500	666000	649500	644500	
653250	661500	649500	666500	655250	
655750	642500	662750	661500	645250	
660250	638750	644000	653250	659000	
632500	646500	651500	645750	644000	
645750	652750	665250	663500	649500	
675500	654500	633250	662250	649000	
659000	662750	638750	653250	670250	
656500	659750	643250	664000	652000	
662750	657000	657000	641250	672250	
659000	678000	666500	647750	666000	
649000	673500	652750	658500	654500	
650750	669000	667250	647750	669000	
662250	674750	651500	674750	653250	
650250	659750	686000	655750	663500	
676000	685500	662250	647750	666500	
666000	656500	667750	662750	690000	
683000	666000	671000	654000	679750	
664750	654500	671000	653250	661500	
669000	669750	671500	666500	665250	
669000	675500	671000	664000	683500	
672750	657000	652750	665250	657000	
659000	654000	661500	650750	661000	
667250	653250	678000	666500	667250	
647000	662250	672250	667250	644000	
663500	652750	647750	648250	661500	
666500	647000	649000	632500	655750	
654500	664750	662250	678000	672750	
657000	656500	655250	661000	634500	
668500	648250	667250	642000	645750	
642500	662750	646500	645250	637000	
644500	649500	663500	679250	659000	
662250	664750	647000	656500	666500	
657000	663500	656500	655250	652000	
651500	651500	647000	668500	636250	
659000	627500	662250	650250	672250	
661000	655750	651500	652000	653250	
649500	650750	654500	647000	654500	
648250	656500	655750	637500	653250	
637000	676000	664750	645250	673500	
643250	650250	663500	633750	652000	
645250	659000	648250	671000	662750	
653250	656500	644500	659750	645750	
662750	662250	646500	659000	656500	
634500	646500	659750	650250	651500	
674250	641250	661500	659750	661000	
640000	647000	655250	645250	666500	
660250	658500	638250	659750	642500	
649000	671000	658500	645750	663500	
649500	624250	634500	657750	640750	
645750	643250	639500	654500	638750	
657750	645750	654000	647750	649500	
645250	652750	669000	667250	665250	
662250	646500	644000	667750	651500	
663500	666000	657000	671500	645250	
645250	644000	649500	654500	647000	
651500	659000	666000	645250	639500	
641250	632500	642000	648250	636250	
666000	632000	652000	652750	643250	
654000	647750	649500	635750	661500	
655250	650750	650750	644500	645750	
648250	659750	666500	640000	642000	
643250	649000	643250	656500	639500	
651500	644500	639500	664000	649000	
643250	670250	652000	652750	652000	
661500	635000	652750	637000	651500	
655250	664750	653250	646500	648250	
672750	667250	659000	654500	644500	
667250	647000	653250	663500	642000	
645250	657750	653250	642500	650750	
652000	652750	652750	653250	639500	
655250	647000	645250	652000	640000	
651500	654500	638250	654500	645750	
643250	662250	650250	656500	655750	
657750	635000	644000	652750	659000	
655750	645250	649000	662750	664750	
659000	647000	644000	666000	652750	
659750	638250	636250	647000	655250	
649000	657000	627500	654500	654000	
645250	646500	652000	640000	648250	
654000	638750	644500	645250	650750	
644500	638250	650750	674250	649000	
655750	646500	655750	668500	660250	
642000	644500	641250	649500	638250	
652750	640750	653250	655250	656500	
653250	635750	666000	659000	640000	
649500	650250	641250	657000	649500	
632500	643250	644000	654000	651500	
648250	652000	668500	654500	647750	
649000	630000	661500	637500	652000	
646500	655250	649000	638250	636250	
639500	657750	629500	653250	647000	
642500	637500	661000	663500	654500	
657750	632000	633750	648250	627500	
640750	655250	626750	652750	642000	
645750	657750	634500	650250	635750	
647000	670250	648250	647750	645750	
650250	647750	647750	640000	655750	
640000	649500	633250	655250	654000	
645250	669000	634500	662750	671000	
642500	642500	650750	642500	644000	
658500	641250	638750	651500	646500	
638750	652750	633750	640000	641250	
656500	643250	644000	641250	644500	
651500	652000	653250	644000	661500	
666500	661500	644000	640000	664750	
650250	647000	642000	638250	634500	
639500	657750	647000	655250	657000	
649500	655250	662250	644500	650750	
657000	649500	642500	658500	639500	
647000	643250	647000	649000	657000	
646500	654500	637000	660250	644500	
633250	651500	649500	645250	649500	
650750	650250	653250	655750	650250	
671000	677250	642500	633750	669750	
633250	660250	654500	647000	658500	
638250	642000	664750	646500	639500	
646500	637000	661000	623750	655750	
645250	647750	645250	659000	633750	
644000	649500	645250	644500	666000	
636250	655250	668500	642000	652750	
637500	640750	650750	654500	642000	
659750	647000	636250	642000	640000	
659000	664000	647750	643250	647000	
658500	661000	651500	654500	655250	
650750	649000	647750	655750	656500	
637500	656500	645250	647000	652000	
649500	638250	657000	652000	641250	
650750	655750	659000	632500	652000	
618750	657750	635750	648250	613750	
654000	661000	638750	627500	655750	
647750	654500	647750	639500	647000	
644500	646500	657000	653250	634500	
644000	655250	649500	645250	630750	
653250	656500	650250	654000	637000	
655750	646500	658500	655250	632500	
655250	657000	647750	630750	639500	
672250	668500	657000	640000	655750	
644500	645250	648250	627500	637500	
637500	639500	633750	652000	643250	
641250	659750	657750	651500	652750	
642500	629500	660250	641250	638250	
667250	637500	634500	631250	651500	
644500	641250	636250	626250	656500	
631250	654500	661000	649500	644000	
626750	630750	651500	648250	647750	
659000	639500	637500	644500	647750	
635750	659000	640750	635750	640750	
653250	639500	642000	653250	647000	
638250	652000	623750	634500	645750	
639500	642500	643250	633750	641250	
630750	648250	644000	645750	649000	
646500	639500	626250	637500	645250	
641250	658500	643250	657750	652000	
644000	638250	653250	649500	641250	
619250	633750	651500	652000	654500	
636250	636250	639500	644000	642000	
643250	639500	640750	641250	632500	
638250	650250	647750	644000	638250	
643250	657750	640000	640750	640750	
650750	640750	624250	629500	647000	
644500	649500	633250	643250	643250	
651500	628250	642500	643250	638750	
647750	640000	611000	648250	644000	
650250	632500	644000	644000	630000	
644000	623750	635750	657000	628250	
653250	624250	651500	649000	640000	
649500	641250	636250	645250	628250	
641250	656500	618000	651500	640750	
645250	636250	639500	633250	655250	
630750	628250	651500	654500	627500	
635000	621750	628250	642000	646500	
653250	638250	626750	647750	657750	
632000	643250	638750	642000	633750	
642500	647000	639500	622500	641250	
633750	659000	642000	623000	644000	
635000	632000	642500	648250	642000	
623750	641250	657000	650250	622500	
654500	635000	640750	635750	647000	
657750	648250	649500	636250	638250	
648250	633250	638250	628750	648250	
635000	650750	647750	647750	648250	
637000	650750	640750	623750	647750	
643250	622500	641250	640000	632000	
645250	626250	647000	624250	637500	
633750	608500	636250	633250	636250	
630000	635000	647750	642500	631250	
649500	642500	656500	638250	635000	
644000	637500	624250	627500	630750	
630000	635750	652000	640750	661500	
637000	644500	639500	649000	629500	
641250	644000	646500	645250	654500	
645750	650250	644500	637500	636250	
615500	641250	626750	626250	630000	
631250	640000	619250	633750	644500	
645750	629500	634500	642000	625500	
629500	649500	645750	637500	652000	
645250	647750	634500	638750	645750	
635000	645750	648250	615500	641250	
643250	646500	621750	632000	645750	
633750	635750	630750	637000	636250	
632000	633250	647750	630000	635750	
625000	630000	638250	618000	631250	
625000	626250	626250	621250	645750	
642500	657000	633250	639500	636250	
647000	636250	637500	630750	630750	
624250	630000	630000	652750	641250	
641250	645250	637500	625000	628250	
638750	647000	640750	649500	628750	
647750	640750	649000	625500	647000	
634500	635750	628750	646500	647750	
639500	638750	622500	646500	649500	
644500	645250	644000	635000	650250	
632000	625500	621250	632000	635750	
603500	636250	634500	656500	629500	
618000	641250	624250	639500	640000	
634500	650750	623750	643250	634500	
637000	640000	642000	645250	617500	
655750	633750	648250	630750	615000	
623000	639500	652000	644500	630750	
644000	645750	633250	645750	637500	
625500	638750	645750	637500	623000	
648250	636250	638250	621250	645250	
627500	642000	623750	633750	627500	
623750	640750	633250	635750	625000	
630750	657750	635000	636250	630000	
622500	633250	631250	642500	647750	
652750	633250	638750	647000	602250	
642500	623000	628250	638250	632500	
643250	627500	626250	635000	632500	
631250	631250	638750	655750	655250	
650250	631250	628250	628750	644000	
644000	638750	643250	638250	626250	
649000	631250	623750	641250	628750	
635000	628750	632000	641250	622500	
632000	649500	644500	641250	636250	
646500	639500	637500	647000	644500	
635750	638250	654000	642500	616750	
639500	632000	642000	643250	638250	
618750	630750	647000	623000	642500	
629500	634500	625500	630750	626750	
625500	630750	641250	645750	635750	
638750	633750	633250	641250	634500	
654500	632000	637000	656500	621250	
632000	638750	638250	623750	611000	
630750	638250	632500	635000	621750	
635000	622500	652000	638750	606000	
626750	640750	644000	619250	639500	
621750	635750	644500	638250	629500	
628250	619250	632500	635750	616750	
636250	636250	638750	640000	621750	
638750	633750	647000	632000	632000	
633250	630000	639500	630750	639500	
637000	635000	637000	622500	640750	
647750	638250	632500	633750	640750	
654500	657000	647000	625000	628250	
629500	629500	633250	637000	630750	
626250	656500	623000	637500	634500	
642000	638750	620500	631250	633750	
623750	630000	628750	625500	640000	
644500	624250	637000	640000	642500	
632000	628250	615000	608000	612500	
620500	635750	622500	618750	632000	
648250	633250	613750	637000	637000	
614250	645250	630750	622500	630000	
634500	644500	633250	635000	636250	
623000	637500	635000	622500	630000	
627500	635000	636250	625500	632000	
642500	627500	639500	647000	637000	
619250	632500	637500	631250	631250	
628250	634500	632500	631250	634500	
621250	625000	645250	645250	631250	
626250	642500	637000	625000	626750	
641250	632500	639500	618000	637000	
649500	655250	627500	629500	637000	
631250	630750	641250	639500	640750	
650750	627500	630000	633750	643250	
638250	602250	649500	636250	650750	
632000	650250	633250	632500	639500	
635750	632500	644000	620500	633250	
635750	632500	644000	620500	633250	
635750	632500	644000	620500	633250	
