4250	4250	4250	4250	4250	
7.13825e+06	7.13825e+06	7.13825e+06	7.13825e+06	7.13825e+06	
518500	539250	521750	523500	521750	
517250	512250	514000	516000	512250	
507250	518500	497750	503250	490750	
529750	512750	509000	497000	516500	
529750	506000	514000	532250	527250	
513500	521000	513500	509000	509000	
510250	510250	507750	513500	529250	
515250	524750	508500	514750	499500	
530500	514750	520250	535500	514000	
534250	524750	523000	528000	517750	
517250	511000	523500	525500	520250	
522250	526000	556250	524750	536750	
552500	538000	543750	530500	531750	
538750	553250	555000	524750	526750	
549250	529250	542500	546250	543750	
545500	557500	546250	538750	550000	
555750	571500	538750	563250	570750	
564500	542500	563750	566250	559500	
579000	565000	568250	578250	574500	
577000	578250	570750	560000	563750	
569000	570750	571500	582750	582250	
644500	644500	634500	657000	634500	
820250	805250	804500	822250	801500	
804500	815250	838500	851250	805250	
831750	823500	829750	825250	841000	
837250	833500	837250	853000	855500	
848750	817250	836000	850000	846250	
850000	851250	870750	839250	856750	
872000	836000	852500	845000	848750	
884500	870000	892250	851250	853750	
893500	887750	891000	882750	876500	
913000	899750	904250	906000	895250	
912250	925500	909250	897250	894750	
927500	908000	883250	927500	899000	
898500	917250	923750	891500	902750	
933000	916000	938250	925000	885250	
921250	887000	910500	913000	877000	
899750	912250	916750	921250	916000	
906000	933750	928000	917250	918000	
921750	938750	973500	934500	947500	
951500	942000	961500	933750	951500	
978500	959000	994250	932500	971500	
988000	965250	987250	943250	977250	
987250	960750	979000	954000	952750	
963250	954500	952750	949500	955250	
968500	954500	942000	933000	986000	
957750	962000	981000	956500	974750	
942500	954000	937000	962750	953250	
950750	920000	921750	950750	936250	
928750	929250	914750	902750	942500	
913500	937000	921750	930000	941250	
899750	921750	894750	923000	911750	
887000	875250	896500	896000	894750	
906000	917250	910500	914750	910500	
962000	944500	932500	927500	952750	
1.029e+06	989750	997500	994250	994750	
1.02575e+06	1.0225e+06	1.022e+06	1.04725e+06	1.0075e+06	
1.00925e+06	1.008e+06	1.00125e+06	1.015e+06	1.00175e+06	
1.00125e+06	994250	1.01075e+06	994250	990500	
960750	992250	969000	971500	950250	
970250	992250	974750	974750	992250	
984250	988500	984750	968500	979750	
1.02375e+06	1.01075e+06	999250	1.0075e+06	1.0025e+06	
1.051e+06	1e+06	1.051e+06	1.04025e+06	1.03325e+06	
1.0485e+06	1.02375e+06	1.0415e+06	1.054e+06	1.03325e+06	
1.06225e+06	1.0515e+06	1.03025e+06	1.03775e+06	1.0415e+06	
1.09325e+06	1.06975e+06	1.07425e+06	1.066e+06	1.0315e+06	
1.085e+06	1.07625e+06	1.0755e+06	1.0755e+06	1.0515e+06	
1.09125e+06	1.0995e+06	1.08875e+06	1.0755e+06	1.07875e+06	
1.05475e+06	1.0875e+06	1.09875e+06	1.07375e+06	1.075e+06	
1.09075e+06	1.08625e+06	1.0805e+06	1.09075e+06	1.10125e+06	
1.1675e+06	1.1285e+06	1.1355e+06	1.13425e+06	1.14675e+06	
1.1725e+06	1.216e+06	1.1815e+06	1.14875e+06	1.192e+06	
1.2135e+06	1.1845e+06	1.177e+06	1.2015e+06	1.19325e+06	
1.18775e+06	1.19275e+06	1.1895e+06	1.19975e+06	1.194e+06	
1.21425e+06	1.20475e+06	1.1775e+06	1.2015e+06	1.20225e+06	
1.192e+06	1.17875e+06	1.17625e+06	1.18325e+06	1.1895e+06	
1.16575e+06	1.1775e+06	1.15375e+06	1.16875e+06	1.1695e+06	
1.18025e+06	1.1745e+06	1.167e+06	1.165e+06	1.1625e+06	
1.1985e+06	1.15175e+06	1.158e+06	1.1745e+06	1.18025e+06	
1.189e+06	1.17825e+06	1.1695e+06	1.1915e+06	1.187e+06	
1.201e+06	1.22175e+06	1.23675e+06	1.23675e+06	1.21225e+06	
1.291e+06	1.24e+06	1.26325e+06	1.2445e+06	1.24875e+06	
1.2275e+06	1.26775e+06	1.26525e+06	1.26775e+06	1.255e+06	
1.22425e+06	1.2375e+06	1.23425e+06	1.22875e+06	1.2475e+06	
1.21425e+06	1.199e+06	1.21975e+06	1.1915e+06	1.19475e+06	
1.20525e+06	1.23425e+06	1.20025e+06	1.21925e+06	1.22225e+06	
1.2475e+06	1.25125e+06	1.23625e+06	1.2595e+06	1.276e+06	
1.2325e+06	1.2235e+06	1.22875e+06	1.225e+06	1.211e+06	
1.155e+06	1.16825e+06	1.17e+06	1.175e+06	1.17575e+06	
1.1625e+06	1.16375e+06	1.172e+06	1.16875e+06	1.1555e+06	
1.19325e+06	1.1865e+06	1.158e+06	1.16875e+06	1.1845e+06	
1.08e+06	1.1185e+06	1.126e+06	1.141e+06	1.12025e+06	
1.13025e+06	1.1095e+06	1.1145e+06	1.08125e+06	1.073e+06	
1.119e+06	1.10575e+06	1.09125e+06	1.09875e+06	1.12475e+06	
1.163e+06	1.10075e+06	1.14675e+06	1.1285e+06	1.13975e+06	
1.136e+06	1.16e+06	1.11975e+06	1.11075e+06	1.104e+06	
1.1725e+06	1.19275e+06	1.17e+06	1.16125e+06	1.204e+06	
1.2305e+06	1.21975e+06	1.19475e+06	1.2085e+06	1.238e+06	
1.245e+06	1.22925e+06	1.24e+06	1.2375e+06	1.245e+06	
1.238e+06	1.247e+06	1.2565e+06	1.24075e+06	1.269e+06	
1.2935e+06	1.2955e+06	1.284e+06	1.25325e+06	1.29175e+06	
1.3245e+06	1.313e+06	1.308e+06	1.29475e+06	1.27725e+06	
1.3485e+06	1.33075e+06	1.356e+06	1.349e+06	1.347e+06	
1.3685e+06	1.40325e+06	1.40625e+06	1.38125e+06	1.39125e+06	
1.45675e+06	1.4145e+06	1.431e+06	1.44175e+06	1.41075e+06	
1.3825e+06	1.38125e+06	1.40075e+06	1.4025e+06	1.3805e+06	
1.37175e+06	1.31825e+06	1.347e+06	1.3025e+06	1.3365e+06	
1.2765e+06	1.3055e+06	1.31175e+06	1.28525e+06	1.29475e+06	
1.33325e+06	1.2935e+06	1.322e+06	1.30675e+06	1.29675e+06	
1.3685e+06	1.29925e+06	1.32375e+06	1.3485e+06	1.31375e+06	
1.373e+06	1.43025e+06	1.388e+06	1.38675e+06	1.37175e+06	
1.405e+06	1.43775e+06	1.465e+06	1.4535e+06	1.40625e+06	
1.37175e+06	1.3925e+06	1.383e+06	1.37875e+06	1.38425e+06	
1.33075e+06	1.337e+06	1.3415e+06	1.359e+06	1.32e+06	
1.25775e+06	1.2885e+06	1.2615e+06	1.26525e+06	1.23625e+06	
1.19275e+06	1.1815e+06	1.19775e+06	1.182e+06	1.2185e+06	
1.15125e+06	1.17125e+06	1.15925e+06	1.17125e+06	1.14675e+06	
1.138e+06	1.146e+06	1.10825e+06	1.15175e+06	1.124e+06	
1.163e+06	1.17e+06	1.1555e+06	1.14425e+06	1.14725e+06	
1.177e+06	1.187e+06	1.17125e+06	1.2035e+06	1.1965e+06	
1.27775e+06	1.26075e+06	1.2765e+06	1.2475e+06	1.267e+06	
1.36025e+06	1.38425e+06	1.40375e+06	1.39175e+06	1.3825e+06	
1.436e+06	1.42075e+06	1.4195e+06	1.4315e+06	1.414e+06	
1.4195e+06	1.419e+06	1.41075e+06	1.39375e+06	1.40375e+06	
1.4025e+06	1.38625e+06	1.397e+06	1.373e+06	1.388e+06	
1.37475e+06	1.4115e+06	1.412e+06	1.4e+06	1.38675e+06	
1.4575e+06	1.4555e+06	1.4795e+06	1.4365e+06	1.426e+06	
1.4725e+06	1.46875e+06	1.472e+06	1.46175e+06	1.43775e+06	
1.453e+06	1.4365e+06	1.44225e+06	1.44925e+06	1.43775e+06	
1.465e+06	1.47325e+06	1.47075e+06	1.4485e+06	1.489e+06	
1.49775e+06	1.453e+06	1.47075e+06	1.46125e+06	1.4555e+06	
1.4555e+06	1.465e+06	1.46675e+06	1.482e+06	1.47375e+06	
1.5235e+06	1.50525e+06	1.5185e+06	1.53125e+06	1.528e+06	
1.56825e+06	1.51975e+06	1.5475e+06	1.5915e+06	1.5885e+06	
1.67475e+06	1.6705e+06	1.664e+06	1.66525e+06	1.66025e+06	
1.7265e+06	1.70325e+06	1.73225e+06	1.72825e+06	1.73225e+06	
1.74225e+06	1.74675e+06	1.76425e+06	1.7215e+06	1.74225e+06	
1.77375e+06	1.74275e+06	1.7675e+06	1.736e+06	1.792e+06	
1.81975e+06	1.78575e+06	1.79825e+06	1.80275e+06	1.8475e+06	
1.87575e+06	1.86825e+06	1.85125e+06	1.877e+06	1.8935e+06	
1.8575e+06	1.8305e+06	1.8625e+06	1.8545e+06	1.87275e+06	
1.734e+06	1.75175e+06	1.744e+06	1.74275e+06	1.724e+06	
1.62375e+06	1.61875e+06	1.60675e+06	1.62e+06	1.62825e+06	
1.47325e+06	1.4335e+06	1.47e+06	1.43525e+06	1.44425e+06	
1.26525e+06	1.293e+06	1.2785e+06	1.281e+06	1.26775e+06	
1.25375e+06	1.23875e+06	1.24875e+06	1.23425e+06	1.2425e+06	
1.36475e+06	1.36225e+06	1.39e+06	1.3615e+06	1.36975e+06	
1.5665e+06	1.63075e+06	1.62e+06	1.57075e+06	1.61175e+06	
1.814e+06	1.77e+06	1.76175e+06	1.756e+06	1.75425e+06	
1.9005e+06	1.913e+06	1.85875e+06	1.89275e+06	1.86625e+06	
1.993e+06	1.95275e+06	1.95025e+06	1.969e+06	1.9835e+06	
1.88975e+06	1.84175e+06	1.87325e+06	1.89275e+06	1.90725e+06	
1.71825e+06	1.73025e+06	1.7045e+06	1.70125e+06	1.76125e+06	
1.51925e+06	1.53625e+06	1.5235e+06	1.499e+06	1.53375e+06	
1.40125e+06	1.424e+06	1.41825e+06	1.42025e+06	1.407e+06	
1.53425e+06	1.55075e+06	1.528e+06	1.48825e+06	1.55e+06	
1.78875e+06	1.79e+06	1.77825e+06	1.75175e+06	1.809e+06	
2.12525e+06	2.09775e+06	2.06925e+06	2.10825e+06	2.046e+06	
2.2905e+06	2.27025e+06	2.26025e+06	2.269e+06	2.28025e+06	
2.40575e+06	2.41325e+06	2.39125e+06	2.414e+06	2.397e+06	
2.45425e+06	2.47375e+06	2.50775e+06	2.453e+06	2.47875e+06	
2.49975e+06	2.51925e+06	2.526e+06	2.55075e+06	2.46425e+06	
2.538e+06	2.5735e+06	2.489e+06	2.57775e+06	2.588e+06	
2.62825e+06	2.59175e+06	2.61425e+06	2.5255e+06	2.57025e+06	
2.63325e+06	2.613e+06	2.58525e+06	2.555e+06	2.57475e+06	
2.622e+06	2.66975e+06	2.678e+06	2.64775e+06	2.666e+06	
2.74925e+06	2.74425e+06	2.7535e+06	2.712e+06	2.719e+06	
2.79775e+06	2.76e+06	2.75175e+06	2.74925e+06	2.75675e+06	
2.81975e+06	2.7915e+06	2.79275e+06	2.80525e+06	2.79325e+06	
2.89425e+06	2.8475e+06	2.91425e+06	2.82225e+06	2.89425e+06	
2.862e+06	2.818e+06	2.84875e+06	2.82975e+06	2.787e+06	
2.8285e+06	2.79825e+06	2.734e+06	2.794e+06	2.76925e+06	
2.8115e+06	2.85075e+06	2.76175e+06	2.76675e+06	2.83375e+06	
2.88525e+06	2.85875e+06	2.8645e+06	2.833e+06	2.85825e+06	
2.7725e+06	2.8285e+06	2.80775e+06	2.82475e+06	2.82925e+06	
2.7945e+06	2.83925e+06	2.83675e+06	2.77325e+06	2.811e+06	
2.85325e+06	2.86325e+06	2.831e+06	2.816e+06	2.831e+06	
2.87275e+06	2.87075e+06	2.9105e+06	2.83625e+06	2.828e+06	
2.85e+06	2.79775e+06	2.82975e+06	2.823e+06	2.83925e+06	
2.82675e+06	2.7915e+06	2.833e+06	2.8575e+06	2.806e+06	
2.7995e+06	2.8085e+06	2.85125e+06	2.8205e+06	2.828e+06	
2.81925e+06	2.85325e+06	2.83175e+06	2.823e+06	2.838e+06	
2.884e+06	2.8885e+06	2.9105e+06	2.91375e+06	2.8545e+06	
3.01125e+06	2.9375e+06	2.91675e+06	2.90725e+06	2.95075e+06	
3.02025e+06	3.03775e+06	3.01325e+06	3.01375e+06	3.0195e+06	
3.107e+06	3.17075e+06	3.08375e+06	3.09125e+06	3.0965e+06	
3.18775e+06	3.2225e+06	3.1815e+06	3.23875e+06	3.19225e+06	
3.1795e+06	3.2425e+06	3.2255e+06	3.23e+06	3.17775e+06	
3.1525e+06	3.1285e+06	3.10275e+06	3.1045e+06	3.0945e+06	
2.9415e+06	2.92875e+06	2.9205e+06	2.94325e+06	2.88225e+06	
2.952e+06	2.969e+06	2.9295e+06	2.9295e+06	2.91175e+06	
3.015e+06	3.029e+06	3.027e+06	3.0195e+06	3.02525e+06	
3.21175e+06	3.2005e+06	3.2395e+06	3.18775e+06	3.2255e+06	
3.31e+06	3.327e+06	3.3095e+06	3.32275e+06	3.305e+06	
3.36225e+06	3.35475e+06	3.34525e+06	3.36175e+06	3.36175e+06	
3.45425e+06	3.43425e+06	3.438e+06	3.40775e+06	3.433e+06	
3.38625e+06	3.3895e+06	3.42275e+06	3.38875e+06	3.3385e+06	
3.33575e+06	3.32525e+06	3.3585e+06	3.441e+06	3.344e+06	
3.34725e+06	3.33075e+06	3.332e+06	3.293e+06	3.31075e+06	
3.4455e+06	3.429e+06	3.385e+06	3.39325e+06	3.40575e+06	
3.4525e+06	3.4765e+06	3.5325e+06	3.38125e+06	3.4355e+06	
3.45875e+06	3.40575e+06	3.482e+06	3.38575e+06	3.344e+06	
3.48275e+06	3.49225e+06	3.479e+06	3.409e+06	3.41975e+06	
3.43675e+06	3.3895e+06	3.4115e+06	3.4095e+06	3.383e+06	
3.49075e+06	3.41325e+06	3.47075e+06	3.46325e+06	3.46575e+06	
3.5255e+06	3.5185e+06	3.5105e+06	3.4815e+06	3.47825e+06	
3.66225e+06	3.613e+06	3.68925e+06	3.6145e+06	3.5785e+06	
3.663e+06	3.62125e+06	3.6635e+06	3.6225e+06	3.66925e+06	
3.54325e+06	3.4675e+06	3.571e+06	3.52425e+06	3.63825e+06	
3.521e+06	3.4455e+06	3.5225e+06	3.4795e+06	3.46575e+06	
3.5205e+06	3.5225e+06	3.52175e+06	3.44925e+06	3.45925e+06	
3.46825e+06	3.50675e+06	3.479e+06	3.47325e+06	3.533e+06	
3.52625e+06	3.51675e+06	3.5545e+06	3.5615e+06	3.50925e+06	
3.605e+06	3.58975e+06	3.55825e+06	3.6195e+06	3.57725e+06	
3.67875e+06	3.65225e+06	3.6275e+06	3.61375e+06	3.57275e+06	
3.649e+06	3.649e+06	3.603e+06	3.55075e+06	3.576e+06	
3.57025e+06	3.6775e+06	3.6485e+06	3.5565e+06	3.605e+06	
3.705e+06	3.69125e+06	3.646e+06	3.7e+06	3.65475e+06	
3.8135e+06	3.79575e+06	3.7625e+06	3.7455e+06	3.78825e+06	
3.83675e+06	3.898e+06	3.826e+06	3.8065e+06	3.8405e+06	
3.9175e+06	3.959e+06	3.91125e+06	3.9325e+06	3.88975e+06	
3.88225e+06	3.908e+06	3.87325e+06	3.869e+06	3.88925e+06	
3.80475e+06	3.77e+06	3.7095e+06	3.79575e+06	3.72025e+06	
3.724e+06	3.72775e+06	3.71325e+06	3.7e+06	3.656e+06	
3.73275e+06	3.68425e+06	3.70125e+06	3.65975e+06	3.605e+06	
3.7065e+06	3.65025e+06	3.571e+06	3.58025e+06	3.6635e+06	
3.76175e+06	3.81025e+06	3.794e+06	3.719e+06	3.79575e+06	
3.90625e+06	3.8595e+06	3.87475e+06	3.8235e+06	3.8665e+06	
3.9325e+06	3.93325e+06	3.898e+06	3.90175e+06	3.9325e+06	
3.98625e+06	3.96525e+06	3.9275e+06	3.8475e+06	3.9395e+06	
3.91375e+06	3.922e+06	3.86075e+06	3.86575e+06	3.83175e+06	
3.876e+06	3.8595e+06	3.845e+06	3.857e+06	3.79325e+06	
3.9225e+06	3.88275e+06	3.91925e+06	3.884e+06	3.8905e+06	
4.0605e+06	4.046e+06	4.01325e+06	3.951e+06	4.0315e+06	
3.92375e+06	3.966e+06	3.9495e+06	3.9175e+06	3.956e+06	
3.89975e+06	3.90675e+06	3.93775e+06	3.9175e+06	3.9495e+06	
3.84175e+06	3.81225e+06	3.74225e+06	3.71525e+06	3.82225e+06	
3.8815e+06	3.87475e+06	3.89425e+06	3.79325e+06	3.7965e+06	
3.84875e+06	3.8955e+06	3.918e+06	3.90625e+06	3.881e+06	
3.93775e+06	3.93775e+06	3.97225e+06	3.95725e+06	3.9755e+06	
3.97475e+06	3.90675e+06	3.9635e+06	3.8865e+06	3.8815e+06	
3.79325e+06	3.8445e+06	3.804e+06	3.75425e+06	3.8015e+06	
3.729e+06	3.70125e+06	3.646e+06	3.63325e+06	3.661e+06	
3.45675e+06	3.47125e+06	3.43725e+06	3.42725e+06	3.44475e+06	
3.1985e+06	3.21225e+06	3.24375e+06	3.22e+06	3.23125e+06	
3.1505e+06	3.1355e+06	3.16875e+06	3.14675e+06	3.128e+06	
3.26525e+06	3.2225e+06	3.2325e+06	3.19025e+06	3.22e+06	
3.649e+06	3.69325e+06	3.6465e+06	3.6655e+06	3.63525e+06	
4.05725e+06	4.09325e+06	4.10025e+06	4.0485e+06	3.993e+06	
4.28225e+06	4.2905e+06	4.247e+06	4.22875e+06	4.29625e+06	
4.28225e+06	4.20675e+06	4.2255e+06	4.2225e+06	4.242e+06	
4.2465e+06	4.26775e+06	4.23625e+06	4.23125e+06	4.196e+06	
4.36225e+06	4.3795e+06	4.361e+06	4.32775e+06	4.3945e+06	
4.356e+06	4.363e+06	4.3145e+06	4.2835e+06	4.31375e+06	
4.14125e+06	4.121e+06	4.135e+06	4.07375e+06	4.099e+06	
4.07825e+06	4.13225e+06	4.1015e+06	4.06675e+06	4.116e+06	
4.29175e+06	4.32025e+06	4.27025e+06	4.2465e+06	4.25525e+06	
4.41275e+06	4.399e+06	4.43225e+06	4.37675e+06	4.414e+06	
4.53825e+06	4.479e+06	4.50225e+06	4.43675e+06	4.5135e+06	
4.64025e+06	4.678e+06	4.5565e+06	4.591e+06	4.57475e+06	
4.84075e+06	4.80725e+06	4.7965e+06	4.7845e+06	4.69325e+06	
4.8565e+06	4.82175e+06	4.76625e+06	4.821e+06	4.7435e+06	
4.8715e+06	4.84075e+06	4.81975e+06	4.84375e+06	4.823e+06	
4.801e+06	4.75875e+06	4.784e+06	4.7725e+06	4.83e+06	
4.741e+06	4.731e+06	4.67625e+06	4.61825e+06	4.68825e+06	
4.57775e+06	4.56075e+06	4.5105e+06	4.595e+06	4.562e+06	
4.385e+06	4.431e+06	4.47e+06	4.428e+06	4.37175e+06	
4.37625e+06	4.482e+06	4.305e+06	4.33725e+06	4.298e+06	
4.53375e+06	4.4915e+06	4.49525e+06	4.453e+06	4.49525e+06	
4.70575e+06	4.7335e+06	4.70825e+06	4.70325e+06	4.6465e+06	
4.7915e+06	4.806e+06	4.73175e+06	4.7235e+06	4.77775e+06	
4.7895e+06	4.76625e+06	4.80725e+06	4.77575e+06	4.7605e+06	
4.7815e+06	4.79525e+06	4.72725e+06	4.65475e+06	4.707e+06	
4.869e+06	4.97675e+06	4.83625e+06	4.8375e+06	4.888e+06	
5.07125e+06	5.02075e+06	4.97925e+06	5.0385e+06	4.97475e+06	
5.23125e+06	5.2245e+06	5.20875e+06	5.13425e+06	5.18775e+06	
5.20475e+06	5.244e+06	5.22375e+06	5.16775e+06	5.18775e+06	
5.394e+06	5.38075e+06	5.348e+06	5.3315e+06	5.392e+06	
5.41725e+06	5.4085e+06	5.34925e+06	5.33475e+06	5.3915e+06	
5.37875e+06	5.38e+06	5.31e+06	5.3435e+06	5.3025e+06	
5.30875e+06	5.3315e+06	5.20675e+06	5.25275e+06	5.2275e+06	
5.3435e+06	5.40075e+06	5.29125e+06	5.27675e+06	5.32975e+06	
5.317e+06	5.3555e+06	5.30625e+06	5.3335e+06	5.34725e+06	
5.428e+06	5.50425e+06	5.3825e+06	5.46e+06	5.4115e+06	
5.515e+06	5.4625e+06	5.49525e+06	5.4205e+06	5.397e+06	
5.40275e+06	5.438e+06	5.45625e+06	5.3535e+06	5.428e+06	
5.24525e+06	5.2345e+06	5.22125e+06	5.23575e+06	5.2495e+06	
5.16025e+06	5.08075e+06	5.2225e+06	5.12175e+06	5.2005e+06	
5.33775e+06	5.31e+06	5.25075e+06	5.27675e+06	5.29825e+06	
5.41275e+06	5.4355e+06	5.35475e+06	5.402e+06	5.3825e+06	
5.508e+06	5.47525e+06	5.4285e+06	5.3915e+06	5.52825e+06	
5.661e+06	5.663e+06	5.6465e+06	5.66875e+06	5.673e+06	
5.753e+06	5.71225e+06	5.6725e+06	5.699e+06	5.69375e+06	
5.65925e+06	5.64025e+06	5.74175e+06	5.69825e+06	5.675e+06	
5.716e+06	5.682e+06	5.6995e+06	5.68875e+06	5.731e+06	
5.7165e+06	5.733e+06	5.67175e+06	5.70275e+06	5.651e+06	
5.7355e+06	5.779e+06	5.6965e+06	5.73925e+06	5.7135e+06	
5.86325e+06	5.90175e+06	5.8545e+06	5.83e+06	5.85025e+06	
5.87775e+06	5.862e+06	5.90175e+06	5.8395e+06	5.789e+06	
5.98825e+06	5.966e+06	6.0405e+06	5.995e+06	6.002e+06	
6.155e+06	6.18475e+06	6.11225e+06	6.1205e+06	6.13125e+06	
6.13425e+06	6.0915e+06	6.01025e+06	6.08575e+06	5.992e+06	
6.0505e+06	6.0095e+06	6.00575e+06	6.053e+06	5.995e+06	
6.07825e+06	6.089e+06	5.99825e+06	6.01575e+06	6.03975e+06	
5.90625e+06	5.90175e+06	5.90625e+06	5.88225e+06	5.8085e+06	
5.825e+06	5.707e+06	5.78575e+06	5.738e+06	5.68075e+06	
5.663e+06	5.61875e+06	5.57475e+06	5.50925e+06	5.61575e+06	
5.61e+06	5.748e+06	5.7095e+06	5.663e+06	5.658e+06	
5.72975e+06	5.716e+06	5.7335e+06	5.726e+06	5.719e+06	
5.88425e+06	5.8735e+06	5.8515e+06	5.84325e+06	5.8545e+06	
5.88425e+06	5.88675e+06	5.90875e+06	5.8155e+06	5.8735e+06	
5.886e+06	5.82375e+06	5.7815e+06	5.81425e+06	5.83625e+06	
5.842e+06	5.84575e+06	5.92575e+06	5.774e+06	5.9e+06	
5.87775e+06	5.9705e+06	6.036e+06	5.85825e+06	5.99125e+06	
5.98825e+06	5.9535e+06	5.9805e+06	5.9975e+06	5.9895e+06	
6.162e+06	6.10025e+06	6.11975e+06	5.9635e+06	6.0115e+06	
6.14e+06	6.08525e+06	6.0865e+06	6.05125e+06	6.11675e+06	
6.1735e+06	6.09975e+06	6.15e+06	6.14575e+06	6.0865e+06	
6.34925e+06	6.25775e+06	6.24025e+06	6.23075e+06	6.31025e+06	
6.21625e+06	6.3165e+06	6.20375e+06	6.1695e+06	6.1375e+06	
6.0965e+06	6.07575e+06	6.03675e+06	6.08325e+06	6.082e+06	
6.053e+06	6.15e+06	5.97425e+06	6.04725e+06	6.138e+06	
6.09075e+06	6.07075e+06	6.072e+06	6.02275e+06	6.02725e+06	
6.13e+06	6.1495e+06	6.167e+06	6.09075e+06	6.181e+06	
6.08075e+06	6.08825e+06	6.13375e+06	6.0915e+06	6.1275e+06	
6.1255e+06	6.06875e+06	6.13e+06	6.09275e+06	6.0695e+06	
6.244e+06	6.31025e+06	6.17525e+06	6.1235e+06	6.213e+06	
6.16825e+06	6.22e+06	6.121e+06	6.147e+06	6.18925e+06	
6.37575e+06	6.39275e+06	6.4015e+06	6.36625e+06	6.3455e+06	
6.297e+06	6.3865e+06	6.3285e+06	6.24025e+06	6.3505e+06	
6.464e+06	6.45575e+06	6.33275e+06	6.33525e+06	6.3365e+06	
6.5875e+06	6.52e+06	6.49675e+06	6.53125e+06	6.47275e+06	
6.5445e+06	6.462e+06	6.5175e+06	6.45825e+06	6.45075e+06	
6.472e+06	6.421e+06	6.452e+06	6.37875e+06	6.365e+06	
6.50175e+06	6.52e+06	6.46325e+06	6.5515e+06	6.4545e+06	
6.47075e+06	6.52175e+06	6.4205e+06	6.44425e+06	6.43875e+06	
6.40275e+06	6.39775e+06	6.3965e+06	6.37575e+06	6.3745e+06	
6.30075e+06	6.4065e+06	6.36875e+06	6.324e+06	6.28125e+06	
6.4495e+06	6.4355e+06	6.389e+06	6.39525e+06	6.455e+06	
6.365e+06	6.29575e+06	6.3115e+06	6.334e+06	6.33975e+06	
6.52575e+06	6.443e+06	6.42975e+06	6.37875e+06	6.433e+06	
6.4765e+06	6.401e+06	6.40525e+06	6.43175e+06	6.392e+06	
6.665e+06	6.57175e+06	6.66375e+06	6.54325e+06	6.66675e+06	
6.4835e+06	6.46525e+06	6.423e+06	6.50925e+06	6.4325e+06	
6.334e+06	6.4205e+06	6.416e+06	6.32025e+06	6.363e+06	
6.5005e+06	6.51675e+06	6.47025e+06	6.452e+06	6.4915e+06	
6.67875e+06	6.63725e+06	6.5835e+06	6.607e+06	6.62775e+06	
6.634e+06	6.63775e+06	6.55525e+06	6.6845e+06	6.55725e+06	
6.64275e+06	6.58225e+06	6.66925e+06	6.56275e+06	6.57725e+06	
6.77025e+06	6.7715e+06	6.8275e+06	6.6535e+06	6.7405e+06	
6.84575e+06	6.869e+06	6.77275e+06	6.6875e+06	6.70775e+06	
6.878e+06	6.87475e+06	6.8885e+06	6.7865e+06	6.7985e+06	
6.8005e+06	6.8515e+06	6.81225e+06	6.74625e+06	6.82625e+06	
6.898e+06	6.932e+06	6.784e+06	6.791e+06	6.75325e+06	
6.6365e+06	6.7065e+06	6.68875e+06	6.6295e+06	6.58875e+06	
6.8345e+06	6.813e+06	6.8495e+06	6.7865e+06	6.784e+06	
6.97375e+06	6.9005e+06	6.8885e+06	6.883e+06	6.828e+06	
7.166e+06	7.04375e+06	7.0555e+06	7.01025e+06	7.08275e+06	
7.3505e+06	7.3775e+06	7.28875e+06	7.29075e+06	7.321e+06	
7.47975e+06	7.3945e+06	7.3555e+06	7.22775e+06	7.39275e+06	
7.31275e+06	7.40775e+06	7.31275e+06	7.25475e+06	7.2245e+06	
7.28625e+06	7.20175e+06	7.2365e+06	7.227e+06	7.24025e+06	
7.4355e+06	7.43125e+06	7.4405e+06	7.36e+06	7.29325e+06	
7.30325e+06	7.413e+06	7.36825e+06	7.31275e+06	7.45e+06	
7.513e+06	7.585e+06	7.4785e+06	7.42225e+06	7.55275e+06	
7.83e+06	7.7695e+06	7.71925e+06	7.704e+06	7.66375e+06	
7.7665e+06	7.70775e+06	7.8415e+06	7.709e+06	7.7235e+06	
7.72675e+06	7.7205e+06	7.68775e+06	7.68775e+06	7.711e+06	
7.721e+06	7.80475e+06	7.694e+06	7.64975e+06	7.7865e+06	
7.7425e+06	7.88175e+06	7.78475e+06	7.6075e+06	7.6945e+06	
7.86975e+06	7.8205e+06	7.866e+06	7.76e+06	7.745e+06	
7.849e+06	7.83875e+06	7.791e+06	7.73875e+06	7.75075e+06	
8.02725e+06	7.927e+06	7.975e+06	7.9435e+06	7.87175e+06	
8.1905e+06	8.1205e+06	8.0575e+06	8.10975e+06	8.106e+06	
8.32225e+06	8.43625e+06	8.32475e+06	8.27125e+06	8.20125e+06	
8.411e+06	8.34225e+06	8.3335e+06	8.27925e+06	8.2845e+06	
8.4565e+06	8.367e+06	8.38575e+06	8.30275e+06	8.3115e+06	
8.37375e+06	8.43e+06	8.4325e+06	8.33225e+06	8.3455e+06	
8.56175e+06	8.61825e+06	8.65625e+06	8.6235e+06	8.667e+06	
8.7305e+06	8.78775e+06	8.7015e+06	8.7935e+06	8.728e+06	
8.648e+06	8.738e+06	8.65925e+06	8.5995e+06	8.62225e+06	
8.89625e+06	8.9725e+06	8.84325e+06	8.84825e+06	8.89425e+06	
8.96675e+06	8.883e+06	8.87175e+06	8.864e+06	8.84575e+06	
8.82e+06	8.90125e+06	8.79425e+06	8.837e+06	8.864e+06	
9.0115e+06	9.03675e+06	8.8785e+06	8.8955e+06	8.96625e+06	
9.2505e+06	9.2825e+06	9.0935e+06	9.12625e+06	9.08225e+06	
9.149e+06	9.24725e+06	9.12125e+06	9.20325e+06	9.19925e+06	
9.26375e+06	9.30325e+06	9.3065e+06	9.2535e+06	9.24725e+06	
9.23275e+06	9.17675e+06	9.09275e+06	9.1545e+06	9.08475e+06	
9.32725e+06	9.31975e+06	9.23475e+06	9.17725e+06	9.22275e+06	
9.2505e+06	9.265e+06	9.20175e+06	9.13e+06	9.16475e+06	
9.4275e+06	9.31525e+06	9.32675e+06	9.2755e+06	9.3065e+06	
9.17725e+06	9.17475e+06	9.15975e+06	9.16975e+06	9.22075e+06	
9.45825e+06	9.35425e+06	9.3695e+06	9.4685e+06	9.365e+06	
9.25725e+06	9.3885e+06	9.183e+06	9.1545e+06	9.30575e+06	
8.97825e+06	9.0355e+06	8.9675e+06	9.02225e+06	8.943e+06	
8.537e+06	8.5465e+06	8.3985e+06	8.44125e+06	8.43625e+06	
8.24975e+06	8.20675e+06	8.21575e+06	8.11225e+06	8.1565e+06	
8.152e+06	8.14e+06	8.02025e+06	8.06375e+06	8.152e+06	
8.5175e+06	8.394e+06	8.43e+06	8.43e+06	8.3405e+06	
8.9455e+06	8.9435e+06	8.95475e+06	8.8125e+06	8.82325e+06	
9.0915e+06	9.11125e+06	9.103e+06	9.16475e+06	9.2265e+06	
9.4305e+06	9.50875e+06	9.391e+06	9.5195e+06	9.437e+06	
9.6095e+06	9.6745e+06	9.67125e+06	9.5755e+06	9.6145e+06	
9.52375e+06	9.6235e+06	9.5685e+06	9.4765e+06	9.57925e+06	
9.62225e+06	9.607e+06	9.609e+06	9.558e+06	9.6555e+06	
9.984e+06	1.00098e+07	1.0011e+07	9.9965e+06	9.93925e+06	
1.0277e+07	1.0171e+07	1.01142e+07	1.01495e+07	1.00872e+07	
1.04308e+07	1.0406e+07	1.03318e+07	1.026e+07	1.03362e+07	
1.03438e+07	1.03505e+07	1.02838e+07	1.02808e+07	1.02442e+07	
1.04975e+07	1.03715e+07	1.02448e+07	1.04048e+07	1.04345e+07	
1.03405e+07	1.0217e+07	1.02328e+07	1.01768e+07	1.02638e+07	
1.01868e+07	1.01855e+07	1.00828e+07	1.0089e+07	1.00192e+07	
9.99025e+06	9.905e+06	9.86025e+06	9.895e+06	9.9505e+06	
9.95925e+06	9.9115e+06	9.9965e+06	9.81175e+06	9.912e+06	
1.01332e+07	1.00878e+07	1.00628e+07	1.012e+07	1.01005e+07	
1.04458e+07	1.04872e+07	1.04242e+07	1.03612e+07	1.03582e+07	
1.05555e+07	1.05812e+07	1.04375e+07	1.04332e+07	1.0328e+07	
1.04532e+07	1.05742e+07	1.04262e+07	1.03525e+07	1.0481e+07	
1.0614e+07	1.0604e+07	1.05182e+07	1.05112e+07	1.05858e+07	
1.07412e+07	1.0774e+07	1.07602e+07	1.08005e+07	1.0696e+07	
1.09302e+07	1.08212e+07	1.09045e+07	1.08212e+07	1.08478e+07	
1.07672e+07	1.0749e+07	1.09078e+07	1.08158e+07	1.07558e+07	
1.09302e+07	1.09252e+07	1.0892e+07	1.06885e+07	1.08962e+07	
1.08485e+07	1.09442e+07	1.07842e+07	1.08698e+07	1.0737e+07	
1.0955e+07	1.09865e+07	1.08912e+07	1.09355e+07	1.08352e+07	
1.1038e+07	1.09368e+07	1.08988e+07	1.0783e+07	1.08655e+07	
1.11275e+07	1.10342e+07	1.0892e+07	1.0929e+07	1.0992e+07	
1.1076e+07	1.10118e+07	1.10728e+07	1.10242e+07	1.1103e+07	
1.09215e+07	1.10338e+07	1.09398e+07	1.08302e+07	1.097e+07	
1.08132e+07	1.0825e+07	1.06935e+07	1.07028e+07	1.07292e+07	
1.06998e+07	1.06645e+07	1.06745e+07	1.06065e+07	1.05228e+07	
1.06425e+07	1.0645e+07	1.05472e+07	1.06268e+07	1.0624e+07	
1.0841e+07	1.0921e+07	1.08485e+07	1.07648e+07	1.08258e+07	
1.08975e+07	1.09222e+07	1.08395e+07	1.07898e+07	1.09e+07	
1.08422e+07	1.09058e+07	1.07785e+07	1.08912e+07	1.08125e+07	
1.08232e+07	1.0735e+07	1.0682e+07	1.06405e+07	1.0713e+07	
1.06568e+07	1.06632e+07	1.05352e+07	1.04702e+07	1.04918e+07	
1.06442e+07	1.0641e+07	1.03972e+07	1.0447e+07	1.03608e+07	
1.0597e+07	1.05195e+07	1.04975e+07	1.04105e+07	1.03612e+07	
1.04672e+07	1.0495e+07	1.04702e+07	1.0532e+07	1.03865e+07	
1.04085e+07	1.04502e+07	1.04678e+07	1.0408e+07	1.04288e+07	
1.05295e+07	1.05618e+07	1.05352e+07	1.04665e+07	1.04295e+07	
1.0808e+07	1.06965e+07	1.06492e+07	1.07218e+07	1.08038e+07	
1.10475e+07	1.09272e+07	1.08818e+07	1.08775e+07	1.08012e+07	
1.09738e+07	1.08502e+07	1.08448e+07	1.0776e+07	1.07255e+07	
1.08895e+07	1.0832e+07	1.07475e+07	1.0672e+07	1.06538e+07	
1.07055e+07	1.06028e+07	1.0602e+07	1.06778e+07	1.06045e+07	
1.0861e+07	1.0839e+07	1.08775e+07	1.06348e+07	1.06948e+07	
1.0972e+07	1.0972e+07	1.0972e+07	1.07432e+07	1.09972e+07	
1.11655e+07	1.11982e+07	1.10748e+07	1.10035e+07	1.1098e+07	
1.1243e+07	1.12498e+07	1.12302e+07	1.1166e+07	1.12248e+07	
1.13148e+07	1.14175e+07	1.13148e+07	1.12e+07	1.12315e+07	
1.14445e+07	1.1418e+07	1.13442e+07	1.13122e+07	1.13222e+07	
1.12e+07	1.11912e+07	1.11535e+07	1.12215e+07	1.11622e+07	
1.13368e+07	1.1241e+07	1.12448e+07	1.11792e+07	1.10905e+07	
1.09878e+07	1.1001e+07	1.09575e+07	1.10098e+07	1.10512e+07	
1.09468e+07	1.0955e+07	1.08585e+07	1.07595e+07	1.08485e+07	
1.0873e+07	1.0904e+07	1.08528e+07	1.08018e+07	1.0837e+07	
1.09802e+07	1.0904e+07	1.08925e+07	1.08108e+07	1.07698e+07	
1.1217e+07	1.1236e+07	1.1185e+07	1.11812e+07	1.11722e+07	
1.11622e+07	1.1255e+07	1.13325e+07	1.12215e+07	1.12372e+07	
1.12642e+07	1.12328e+07	1.1272e+07	1.127e+07	1.12505e+07	
1.12298e+07	1.12418e+07	1.1125e+07	1.10985e+07	1.11402e+07	
1.104e+07	1.11105e+07	1.11025e+07	1.0982e+07	1.10392e+07	
1.11635e+07	1.11602e+07	1.11402e+07	1.10288e+07	1.1139e+07	
1.126e+07	1.13562e+07	1.12655e+07	1.1297e+07	1.11432e+07	
1.14822e+07	1.1502e+07	1.1374e+07	1.14508e+07	1.15045e+07	
1.12908e+07	1.12405e+07	1.1362e+07	1.12692e+07	1.12575e+07	
1.13362e+07	1.12115e+07	1.12132e+07	1.12165e+07	1.11225e+07	
1.13375e+07	1.13405e+07	1.13745e+07	1.13368e+07	1.13135e+07	
1.1127e+07	1.12978e+07	1.11428e+07	1.11118e+07	1.11735e+07	
1.09675e+07	1.10412e+07	1.10582e+07	1.0924e+07	1.1006e+07	
1.11212e+07	1.10318e+07	1.1009e+07	1.10815e+07	1.10388e+07	
1.09435e+07	1.10852e+07	1.0815e+07	1.08282e+07	1.09008e+07	
1.08598e+07	1.0783e+07	1.09235e+07	1.07608e+07	1.0757e+07	
1.10318e+07	1.08725e+07	1.07582e+07	1.0795e+07	1.08738e+07	
1.0967e+07	1.09915e+07	1.09e+07	1.0904e+07	1.09132e+07	
1.10702e+07	1.10935e+07	1.10355e+07	1.112e+07	1.09828e+07	
1.1081e+07	1.11142e+07	1.10645e+07	1.1045e+07	1.11138e+07	
1.09762e+07	1.10425e+07	1.09448e+07	1.08888e+07	1.10105e+07	
1.0495e+07	1.04382e+07	1.05282e+07	1.04848e+07	1.04085e+07	
9.99025e+06	9.992e+06	1.00248e+07	9.999e+06	1.00525e+07	
9.87175e+06	9.94225e+06	9.83525e+06	9.83075e+06	9.83275e+06	
1.00532e+07	9.924e+06	9.982e+06	9.88175e+06	9.93475e+06	
1.02075e+07	1.01855e+07	1.0202e+07	1.00658e+07	1.01918e+07	
1.02795e+07	1.02195e+07	1.0246e+07	1.00765e+07	1.01232e+07	
1.0321e+07	1.0328e+07	1.02182e+07	1.0188e+07	1.01478e+07	
1.05908e+07	1.0481e+07	1.0454e+07	1.0323e+07	1.04225e+07	
1.06172e+07	1.05095e+07	1.06128e+07	1.0495e+07	1.05038e+07	
1.09902e+07	1.09932e+07	1.08755e+07	1.0771e+07	1.0805e+07	
1.1108e+07	1.10002e+07	1.1074e+07	1.09915e+07	1.09795e+07	
1.10558e+07	1.11402e+07	1.1079e+07	1.10198e+07	1.105e+07	
1.12965e+07	1.1224e+07	1.12082e+07	1.1081e+07	1.10412e+07	
1.12995e+07	1.12902e+07	1.12322e+07	1.11705e+07	1.11445e+07	
1.12832e+07	1.1343e+07	1.12335e+07	1.12982e+07	1.1231e+07	
1.1442e+07	1.14018e+07	1.1357e+07	1.13708e+07	1.135e+07	
1.15038e+07	1.14995e+07	1.13708e+07	1.12352e+07	1.13538e+07	
1.1386e+07	1.13185e+07	1.11768e+07	1.1142e+07	1.11312e+07	
1.12518e+07	1.12315e+07	1.12555e+07	1.11025e+07	1.11578e+07	
1.12145e+07	1.12958e+07	1.11768e+07	1.10632e+07	1.1144e+07	
1.1439e+07	1.14502e+07	1.14238e+07	1.13828e+07	1.1369e+07	
1.17105e+07	1.1587e+07	1.16222e+07	1.16242e+07	1.15775e+07	
1.18162e+07	1.17805e+07	1.17018e+07	1.16848e+07	1.16778e+07	
1.18138e+07	1.18138e+07	1.17842e+07	1.17275e+07	1.17578e+07	
1.17168e+07	1.1769e+07	1.16992e+07	1.18378e+07	1.17848e+07	
1.17192e+07	1.17528e+07	1.17722e+07	1.15705e+07	1.172e+07	
1.18252e+07	1.17672e+07	1.16702e+07	1.17818e+07	1.16928e+07	
1.16222e+07	1.14905e+07	1.14552e+07	1.14995e+07	1.13715e+07	
1.118e+07	1.1166e+07	1.11042e+07	1.11842e+07	1.1086e+07	
1.06662e+07	1.08725e+07	1.05452e+07	1.06865e+07	1.066e+07	
1.0825e+07	1.0878e+07	1.0733e+07	1.07975e+07	1.07822e+07	
1.095e+07	1.1009e+07	1.0992e+07	1.08698e+07	1.09468e+07	
1.12945e+07	1.12208e+07	1.1289e+07	1.11195e+07	1.11655e+07	
1.1493e+07	1.15228e+07	1.1493e+07	1.14508e+07	1.13185e+07	
1.17842e+07	1.1706e+07	1.17098e+07	1.16318e+07	1.15832e+07	
1.19542e+07	1.18385e+07	1.18642e+07	1.17225e+07	1.17892e+07	
1.21038e+07	1.2127e+07	1.21278e+07	1.2001e+07	1.20988e+07	
1.19438e+07	1.19708e+07	1.18485e+07	1.18308e+07	1.19152e+07	
1.1962e+07	1.18535e+07	1.18635e+07	1.19588e+07	1.18308e+07	
1.19878e+07	1.20885e+07	1.1895e+07	1.18688e+07	1.19152e+07	
1.21825e+07	1.2122e+07	1.20218e+07	1.1938e+07	1.2028e+07	
1.21452e+07	1.21038e+07	1.21408e+07	1.21315e+07	1.19778e+07	
1.21938e+07	1.2221e+07	1.2146e+07	1.20085e+07	1.20432e+07	
1.22542e+07	1.2151e+07	1.21092e+07	1.21685e+07	1.1958e+07	
1.181e+07	1.20092e+07	1.1955e+07	1.16835e+07	1.1815e+07	
1.16462e+07	1.15895e+07	1.15535e+07	1.14835e+07	1.15228e+07	
1.15598e+07	1.14975e+07	1.14892e+07	1.14798e+07	1.14358e+07	
1.15145e+07	1.15158e+07	1.15888e+07	1.14698e+07	1.16198e+07	
1.17262e+07	1.16582e+07	1.1553e+07	1.1623e+07	1.16172e+07	
1.17188e+07	1.16582e+07	1.17142e+07	1.1597e+07	1.17805e+07	
1.172e+07	1.17255e+07	1.17275e+07	1.15995e+07	1.1648e+07	
1.1679e+07	1.17552e+07	1.17938e+07	1.16532e+07	1.15378e+07	
1.18742e+07	1.18962e+07	1.17312e+07	1.17288e+07	1.16992e+07	
1.2144e+07	1.19625e+07	1.19178e+07	1.1897e+07	1.19438e+07	
1.2134e+07	1.2115e+07	1.20528e+07	1.18705e+07	1.21042e+07	
1.20122e+07	1.2057e+07	1.20262e+07	1.19902e+07	1.1984e+07	
1.19318e+07	1.19002e+07	1.18518e+07	1.18805e+07	1.18372e+07	
1.1645e+07	1.1614e+07	1.16728e+07	1.15882e+07	1.16002e+07	
1.1703e+07	1.17408e+07	1.17268e+07	1.16438e+07	1.16305e+07	
1.16425e+07	1.16848e+07	1.17628e+07	1.16015e+07	1.164e+07	
1.17502e+07	1.17022e+07	1.16928e+07	1.16185e+07	1.16608e+07	
1.19115e+07	1.17748e+07	1.17408e+07	1.17968e+07	1.182e+07	
1.18215e+07	1.1778e+07	1.18352e+07	1.17388e+07	1.17672e+07	
1.17445e+07	1.17885e+07	1.1667e+07	1.16355e+07	1.18138e+07	
1.17508e+07	1.1885e+07	1.17288e+07	1.17312e+07	1.1737e+07	
1.16255e+07	1.16782e+07	1.15995e+07	1.14968e+07	1.15328e+07	
1.14552e+07	1.13582e+07	1.1335e+07	1.14168e+07	1.13078e+07	
1.1374e+07	1.12775e+07	1.12788e+07	1.1263e+07	1.13002e+07	
1.11842e+07	1.13438e+07	1.1163e+07	1.11445e+07	1.12e+07	
1.13148e+07	1.12278e+07	1.12165e+07	1.12265e+07	1.13052e+07	
1.13048e+07	1.1432e+07	1.1205e+07	1.13035e+07	1.126e+07	
1.15208e+07	1.14862e+07	1.14888e+07	1.14818e+07	1.1345e+07	
1.14515e+07	1.1476e+07	1.14805e+07	1.13355e+07	1.13815e+07	
1.14988e+07	1.1386e+07	1.128e+07	1.13695e+07	1.1275e+07	
1.14722e+07	1.14515e+07	1.1582e+07	1.1437e+07	1.14875e+07	
1.14382e+07	1.1294e+07	1.1343e+07	1.1362e+07	1.14308e+07	
1.15675e+07	1.1621e+07	1.15642e+07	1.15365e+07	1.14482e+07	
1.16728e+07	1.16388e+07	1.15762e+07	1.15455e+07	1.14225e+07	
1.16148e+07	1.17192e+07	1.1616e+07	1.14968e+07	1.15468e+07	
1.15812e+07	1.1621e+07	1.14888e+07	1.14602e+07	1.14428e+07	
1.16222e+07	1.1711e+07	1.15568e+07	1.16152e+07	1.16625e+07	
1.17482e+07	1.1822e+07	1.16702e+07	1.17345e+07	1.16335e+07	
1.15468e+07	1.15812e+07	1.14678e+07	1.15282e+07	1.14275e+07	
1.15895e+07	1.1565e+07	1.16202e+07	1.16172e+07	1.1529e+07	
1.1677e+07	1.15812e+07	1.16488e+07	1.15322e+07	1.158e+07	
1.15655e+07	1.14962e+07	1.14508e+07	1.14155e+07	1.13512e+07	
1.1529e+07	1.1544e+07	1.15252e+07	1.1531e+07	1.1488e+07	
1.1427e+07	1.14768e+07	1.1323e+07	1.12812e+07	1.1173e+07	
1.1311e+07	1.12908e+07	1.12568e+07	1.12265e+07	1.11142e+07	
1.13885e+07	1.12535e+07	1.12825e+07	1.13222e+07	1.12945e+07	
1.14578e+07	1.13702e+07	1.1345e+07	1.14155e+07	1.13368e+07	
1.13955e+07	1.14535e+07	1.12788e+07	1.1275e+07	1.1367e+07	
1.14665e+07	1.13802e+07	1.13968e+07	1.12965e+07	1.14528e+07	
1.157e+07	1.14212e+07	1.14332e+07	1.13752e+07	1.13558e+07	
1.15228e+07	1.13885e+07	1.14005e+07	1.13865e+07	1.13022e+07	
1.143e+07	1.13752e+07	1.13628e+07	1.14245e+07	1.13972e+07	
1.15252e+07	1.14648e+07	1.14502e+07	1.1471e+07	1.14188e+07	
1.14572e+07	1.15265e+07	1.13632e+07	1.13405e+07	1.13708e+07	
1.1326e+07	1.14382e+07	1.12128e+07	1.12895e+07	1.13412e+07	
1.13078e+07	1.13525e+07	1.14585e+07	1.13318e+07	1.13135e+07	
1.1556e+07	1.15328e+07	1.14055e+07	1.14565e+07	1.13998e+07	
1.14868e+07	1.14578e+07	1.13695e+07	1.1403e+07	1.13475e+07	
1.14022e+07	1.14482e+07	1.1292e+07	1.12692e+07	1.12745e+07	
1.13268e+07	1.1408e+07	1.13985e+07	1.13148e+07	1.1265e+07	
1.13325e+07	1.13665e+07	1.136e+07	1.12335e+07	1.12588e+07	
1.13898e+07	1.14325e+07	1.1321e+07	1.13438e+07	1.13442e+07	
1.14862e+07	1.14112e+07	1.1507e+07	1.1355e+07	1.1287e+07	
1.1459e+07	1.14308e+07	1.1481e+07	1.13778e+07	1.14168e+07	
1.15258e+07	1.16285e+07	1.1534e+07	1.15895e+07	1.14888e+07	
1.15125e+07	1.158e+07	1.15215e+07	1.1507e+07	1.15045e+07	
1.15132e+07	1.14692e+07	1.14905e+07	1.13292e+07	1.14855e+07	
1.1301e+07	1.13475e+07	1.1272e+07	1.12592e+07	1.13148e+07	
1.13815e+07	1.14092e+07	1.13665e+07	1.13678e+07	1.12812e+07	
1.12272e+07	1.12852e+07	1.11988e+07	1.11142e+07	1.11345e+07	
1.10645e+07	1.10172e+07	1.09568e+07	1.09568e+07	1.1045e+07	
1.11138e+07	1.10262e+07	1.1004e+07	1.09762e+07	1.08995e+07	
1.11995e+07	1.09908e+07	1.1098e+07	1.10375e+07	1.1025e+07	
1.10078e+07	1.11125e+07	1.09902e+07	1.11042e+07	1.10722e+07	
1.10628e+07	1.10552e+07	1.10222e+07	1.0941e+07	1.10495e+07	
1.07822e+07	1.0716e+07	1.07615e+07	1.07048e+07	1.07362e+07	
1.08622e+07	1.07872e+07	1.08768e+07	1.07458e+07	1.07968e+07	
1.07752e+07	1.0771e+07	1.073e+07	1.05662e+07	1.06595e+07	
1.088e+07	1.08465e+07	1.07212e+07	1.07292e+07	1.08138e+07	
1.0856e+07	1.08005e+07	1.08195e+07	1.07345e+07	1.08088e+07	
1.1091e+07	1.0989e+07	1.08805e+07	1.09215e+07	1.08768e+07	
1.10318e+07	1.1139e+07	1.10362e+07	1.09455e+07	1.10052e+07	
1.12128e+07	1.12178e+07	1.11912e+07	1.11055e+07	1.12012e+07	
1.1115e+07	1.09342e+07	1.10885e+07	1.09272e+07	1.11485e+07	
1.104e+07	1.09932e+07	1.0931e+07	1.09612e+07	1.08622e+07	
1.10412e+07	1.10835e+07	1.10368e+07	1.09468e+07	1.09832e+07	
1.10292e+07	1.1059e+07	1.0975e+07	1.09248e+07	1.09368e+07	
1.1013e+07	1.11275e+07	1.10665e+07	1.10538e+07	1.10968e+07	
1.11818e+07	1.11975e+07	1.11155e+07	1.10525e+07	1.11118e+07	
1.11648e+07	1.11138e+07	1.12108e+07	1.10292e+07	1.11075e+07	
1.1004e+07	1.10222e+07	1.09525e+07	1.09505e+07	1.09322e+07	
1.1033e+07	1.11452e+07	1.09948e+07	1.10135e+07	1.10438e+07	
1.10992e+07	1.1057e+07	1.10772e+07	1.08958e+07	1.09662e+07	
1.10525e+07	1.09638e+07	1.089e+07	1.0929e+07	1.09625e+07	
1.08e+07	1.09368e+07	1.07672e+07	1.0776e+07	1.0854e+07	
1.09198e+07	1.09368e+07	1.08775e+07	1.08265e+07	1.08182e+07	
1.07462e+07	1.0854e+07	1.07425e+07	1.07268e+07	1.07255e+07	
1.08792e+07	1.0752e+07	1.08415e+07	1.07822e+07	1.0708e+07	
1.09165e+07	1.0858e+07	1.0757e+07	1.08108e+07	1.0822e+07	
1.10545e+07	1.09355e+07	1.09132e+07	1.0871e+07	1.0841e+07	
1.10262e+07	1.10778e+07	1.0989e+07	1.0914e+07	1.09418e+07	
1.09878e+07	1.09745e+07	1.08485e+07	1.08668e+07	1.09568e+07	
1.0933e+07	1.08592e+07	1.08005e+07	1.07445e+07	1.07462e+07	
1.07362e+07	1.0737e+07	1.07395e+07	1.06758e+07	1.07722e+07	
1.07835e+07	1.06828e+07	1.07608e+07	1.06318e+07	1.0779e+07	
1.07885e+07	1.07778e+07	1.06902e+07	1.0754e+07	1.06732e+07	
1.0745e+07	1.06645e+07	1.0585e+07	1.06228e+07	1.06542e+07	
1.0573e+07	1.07855e+07	1.06542e+07	1.06662e+07	1.067e+07	
1.05882e+07	1.06525e+07	1.0621e+07	1.05428e+07	1.06032e+07	
1.0628e+07	1.05145e+07	1.04362e+07	1.0459e+07	1.0389e+07	
1.03972e+07	1.05385e+07	1.03492e+07	1.0326e+07	1.03715e+07	
1.0527e+07	1.0367e+07	1.0403e+07	1.03122e+07	1.04728e+07	
1.06222e+07	1.06845e+07	1.06745e+07	1.0616e+07	1.05862e+07	
1.0679e+07	1.07188e+07	1.05755e+07	1.06222e+07	1.05882e+07	
1.07318e+07	1.07835e+07	1.08e+07	1.0747e+07	1.07142e+07	
1.07778e+07	1.08158e+07	1.06468e+07	1.05995e+07	1.0626e+07	
1.09675e+07	1.09215e+07	1.09745e+07	1.07752e+07	1.07552e+07	
1.08055e+07	1.08358e+07	1.07288e+07	1.08112e+07	1.07375e+07	
1.07408e+07	1.07735e+07	1.08718e+07	1.08132e+07	1.07242e+07	
1.08515e+07	1.08938e+07	1.08465e+07	1.0718e+07	1.082e+07	
1.0711e+07	1.0735e+07	1.07135e+07	1.06455e+07	1.06398e+07	
1.0759e+07	1.08332e+07	1.07325e+07	1.0614e+07	1.06832e+07	
1.06368e+07	1.0667e+07	1.0529e+07	1.04502e+07	1.05372e+07	
1.06455e+07	1.06542e+07	1.0536e+07	1.04818e+07	1.0408e+07	
1.05018e+07	1.04728e+07	1.05258e+07	1.05058e+07	1.04912e+07	
1.0553e+07	1.05108e+07	1.0505e+07	1.05062e+07	1.04375e+07	
1.0553e+07	1.04942e+07	1.04742e+07	1.03885e+07	1.05742e+07	
1.0604e+07	1.0575e+07	1.05875e+07	1.04565e+07	1.0495e+07	
1.0408e+07	1.04552e+07	1.0343e+07	1.03362e+07	1.03998e+07	
1.0529e+07	1.04742e+07	1.0527e+07	1.04678e+07	1.0241e+07	
1.036e+07	1.03658e+07	1.03248e+07	1.02498e+07	1.03152e+07	
1.02668e+07	1.0413e+07	1.03388e+07	1.021e+07	1.02385e+07	
1.0377e+07	1.02958e+07	1.0195e+07	1.01622e+07	1.01888e+07	
1.03152e+07	1.02952e+07	1.01962e+07	1.0219e+07	1.01652e+07	
1.0367e+07	1.04005e+07	1.03828e+07	1.03205e+07	1.0231e+07	
1.04175e+07	1.03222e+07	1.0357e+07	1.03098e+07	1.03085e+07	
1.0406e+07	1.04768e+07	1.0403e+07	1.02995e+07	1.03468e+07	
1.03632e+07	1.03335e+07	1.0442e+07	1.03802e+07	1.03065e+07	
1.0398e+07	1.04282e+07	1.03468e+07	1.03102e+07	1.02638e+07	
1.05232e+07	1.04312e+07	1.04842e+07	1.0365e+07	1.03998e+07	
1.04818e+07	1.03935e+07	1.04138e+07	1.0391e+07	1.0394e+07	
1.0447e+07	1.0457e+07	1.03682e+07	1.03305e+07	1.03292e+07	
1.05668e+07	1.04748e+07	1.05402e+07	1.0493e+07	1.02775e+07	
1.05005e+07	1.0401e+07	1.04338e+07	1.05e+07	1.04992e+07	
1.05045e+07	1.04018e+07	1.0268e+07	1.03205e+07	1.0386e+07	
1.06135e+07	1.04495e+07	1.04408e+07	1.04598e+07	1.04722e+07	
1.04622e+07	1.03285e+07	1.05202e+07	1.03135e+07	1.03418e+07	
1.05058e+07	1.051e+07	1.03902e+07	1.0338e+07	1.03802e+07	
1.0459e+07	1.04685e+07	1.0403e+07	1.02832e+07	1.0311e+07	
1.04358e+07	1.02795e+07	1.02568e+07	1.0234e+07	1.02592e+07	
1.02795e+07	1.02228e+07	1.0333e+07	1.02112e+07	1.0147e+07	
1.01258e+07	1.01118e+07	1.01192e+07	1.00828e+07	1.00985e+07	
1.00885e+07	1.01295e+07	1.0047e+07	9.822e+06	1.00255e+07	
9.98575e+06	9.99775e+06	9.87425e+06	9.92775e+06	9.953e+06	
1.00632e+07	1.00885e+07	1.00355e+07	9.9435e+06	9.80375e+06	
1.00342e+07	1.00538e+07	1.00135e+07	9.92075e+06	1.0045e+07	
1.0086e+07	1.00285e+07	1.00198e+07	1.00482e+07	9.98075e+06	
9.99325e+06	9.88375e+06	9.8805e+06	9.861e+06	9.9215e+06	
9.79675e+06	9.8825e+06	9.958e+06	9.8775e+06	9.78675e+06	
9.76525e+06	9.71975e+06	9.71475e+06	9.72675e+06	9.7715e+06	
9.5465e+06	9.4135e+06	9.47925e+06	9.41425e+06	9.41675e+06	
9.1325e+06	9.0935e+06	9.22525e+06	9.091e+06	8.99525e+06	
8.92725e+06	8.9415e+06	8.88375e+06	8.8445e+06	8.8975e+06	
8.84525e+06	8.772e+06	8.85525e+06	8.64475e+06	8.75325e+06	
8.96175e+06	8.90625e+06	8.94675e+06	8.83825e+06	8.84775e+06	
8.9385e+06	9.06325e+06	9.0355e+06	8.9215e+06	9.07025e+06	
9.08275e+06	9.1085e+06	9.08775e+06	9.023e+06	9.0495e+06	
9.1375e+06	9.12125e+06	9.15775e+06	9.0815e+06	9.0375e+06	
9.22025e+06	9.18875e+06	9.26675e+06	9.227e+06	9.22825e+06	
9.21075e+06	9.212e+06	9.14775e+06	9.11125e+06	9.22025e+06	
9.2365e+06	9.28125e+06	9.31025e+06	9.2095e+06	9.07825e+06	
9.2385e+06	9.304e+06	9.2335e+06	9.178e+06	9.13075e+06	
9.234e+06	9.23725e+06	9.1875e+06	9.1975e+06	9.04175e+06	
9.268e+06	9.22575e+06	9.314e+06	9.2485e+06	9.25675e+06	
9.2555e+06	9.2335e+06	9.3675e+06	9.20575e+06	9.278e+06	
9.2485e+06	9.186e+06	9.2045e+06	9.20575e+06	9.17675e+06	
9.1875e+06	9.1735e+06	9.1835e+06	9.13825e+06	9.06825e+06	
9.22575e+06	9.23475e+06	9.0665e+06	9.05625e+06	9.089e+06	
9.02725e+06	9.161e+06	9.094e+06	8.992e+06	9.06825e+06	
9.04e+06	9.006e+06	9.04425e+06	8.96925e+06	8.9075e+06	
9.074e+06	9.1465e+06	9.1715e+06	9.03875e+06	9.04675e+06	
9.137e+06	9.178e+06	9.06325e+06	9.16775e+06	9.144e+06	
9.1835e+06	9.183e+06	9.127e+06	9.14825e+06	9.1155e+06	
9.1855e+06	9.12625e+06	9.0765e+06	9.1085e+06	8.9675e+06	
9.251e+06	9.147e+06	9.273e+06	9.11125e+06	9.147e+06	
9.11925e+06	9.1175e+06	9.14775e+06	9.0865e+06	9.127e+06	
9.074e+06	9.166e+06	9.15775e+06	9.03225e+06	9.052e+06	
9.09225e+06	9.002e+06	9.08775e+06	9.0165e+06	8.9335e+06	
9.15725e+06	9.014e+06	9.006e+06	8.93725e+06	9.02925e+06	
9.0235e+06	9.04e+06	9.011e+06	9.03925e+06	9.0085e+06	
9.0625e+06	9.08525e+06	9.1005e+06	8.82075e+06	9.011e+06	
9.11425e+06	9.05325e+06	9.016e+06	8.9625e+06	8.914e+06	
9.0915e+06	9.09975e+06	8.96125e+06	9.04125e+06	8.8735e+06	
9.13325e+06	9.031e+06	8.9555e+06	9.0015e+06	8.963e+06	
9.11925e+06	9.00775e+06	8.9945e+06	8.958e+06	8.90375e+06	
9.02925e+06	9.11125e+06	8.956e+06	9.014e+06	8.96925e+06	
8.8685e+06	8.87175e+06	8.87975e+06	8.89175e+06	8.78975e+06	
8.9655e+06	8.88625e+06	8.895e+06	8.84325e+06	8.888e+06	
8.94975e+06	9.021e+06	8.99325e+06	8.91275e+06	8.83075e+06	
8.94675e+06	8.825e+06	8.8075e+06	8.82325e+06	8.9625e+06	
8.953e+06	8.93725e+06	8.92775e+06	8.842e+06	8.86675e+06	
8.8955e+06	8.86525e+06	8.7615e+06	8.87175e+06	8.79925e+06	
8.96925e+06	8.8565e+06	8.963e+06	8.9045e+06	8.90875e+06	
9.09225e+06	9.04125e+06	9.074e+06	8.92025e+06	8.94725e+06	
9.0455e+06	9.0525e+06	8.97175e+06	8.9725e+06	9.01925e+06	
9.07275e+06	8.965e+06	9.00075e+06	8.89e+06	8.956e+06	
8.987e+06	9.14075e+06	8.968e+06	8.95875e+06	8.9705e+06	
9.1905e+06	9.0455e+06	8.987e+06	9.03675e+06	9.0595e+06	
9.09025e+06	9.04e+06	9.02725e+06	8.89375e+06	8.931e+06	
9.101e+06	9.0165e+06	8.9435e+06	8.91575e+06	8.9415e+06	
8.88425e+06	9.0355e+06	8.96425e+06	8.9705e+06	8.91125e+06	
8.9145e+06	8.975e+06	8.9315e+06	8.842e+06	8.9365e+06	
8.97825e+06	9.05575e+06	8.9675e+06	8.9e+06	8.8785e+06	
8.9825e+06	8.951e+06	8.9575e+06	8.8565e+06	8.958e+06	
8.95475e+06	8.91e+06	8.919e+06	8.89625e+06	8.91325e+06	
8.92975e+06	8.92575e+06	8.7695e+06	8.75625e+06	8.917e+06	
8.86925e+06	8.7935e+06	8.878e+06	8.7715e+06	8.81125e+06	
8.8005e+06	8.8705e+06	8.81375e+06	8.7575e+06	8.8465e+06	
8.781e+06	8.93275e+06	8.82625e+06	8.71675e+06	8.7425e+06	
8.7885e+06	8.8785e+06	8.772e+06	8.78975e+06	8.706e+06	
8.73675e+06	8.774e+06	8.76775e+06	8.65175e+06	8.64475e+06	
8.82875e+06	8.78225e+06	8.677e+06	8.71975e+06	8.699e+06	
8.781e+06	8.71475e+06	8.74325e+06	8.7015e+06	8.752e+06	
8.78975e+06	8.69975e+06	8.786e+06	8.7135e+06	8.6965e+06	
8.57425e+06	8.59575e+06	8.51825e+06	8.508e+06	8.503e+06	
8.6945e+06	8.7185e+06	8.68275e+06	8.655e+06	8.69525e+06	
8.73425e+06	8.764e+06	8.65875e+06	8.69775e+06	8.64925e+06	
8.67e+06	8.70775e+06	8.607e+06	8.5395e+06	8.56225e+06	
8.605e+06	8.7065e+06	8.57925e+06	8.65675e+06	8.63025e+06	
8.6435e+06	8.65425e+06	8.58425e+06	8.61575e+06	8.63725e+06	
8.57675e+06	8.6745e+06	8.6865e+06	8.53025e+06	8.491e+06	
8.65925e+06	8.58e+06	8.53575e+06	8.44075e+06	8.5605e+06	
8.5705e+06	8.62975e+06	8.51625e+06	8.45525e+06	8.527e+06	
8.629e+06	8.53825e+06	8.44825e+06	8.4545e+06	8.5145e+06	
8.479e+06	8.3815e+06	8.48725e+06	8.445e+06	8.40025e+06	
8.5415e+06	8.525e+06	8.46025e+06	8.42875e+06	8.3285e+06	
8.607e+06	8.5875e+06	8.529e+06	8.4645e+06	8.454e+06	
8.50925e+06	8.49725e+06	8.42925e+06	8.44325e+06	8.45525e+06	
8.37e+06	8.36875e+06	8.3235e+06	8.391e+06	8.295e+06	
8.3895e+06	8.3845e+06	8.33925e+06	8.39775e+06	8.273e+06	
8.25425e+06	8.2635e+06	8.195e+06	8.17025e+06	8.251e+06	
8.2315e+06	8.21325e+06	8.2415e+06	8.13e+06	8.19925e+06	
8.2775e+06	8.33175e+06	8.2635e+06	8.25925e+06	8.1735e+06	
8.26925e+06	8.1805e+06	8.2005e+06	8.227e+06	8.19925e+06	
8.26175e+06	8.234e+06	8.31075e+06	8.22125e+06	8.125e+06	
8.2995e+06	8.384e+06	8.34425e+06	8.34875e+06	8.263e+06	
8.3095e+06	8.375e+06	8.244e+06	8.302e+06	8.30275e+06	
8.41225e+06	8.35875e+06	8.2265e+06	8.16725e+06	8.25275e+06	
8.428e+06	8.4395e+06	8.331e+06	8.32025e+06	8.31025e+06	
8.4355e+06	8.3915e+06	8.33925e+06	8.35125e+06	8.2655e+06	
8.4545e+06	8.3845e+06	8.46575e+06	8.3015e+06	8.30775e+06	
8.4155e+06	8.37125e+06	8.36125e+06	8.3435e+06	8.27125e+06	
8.4355e+06	8.4325e+06	8.36125e+06	8.33925e+06	8.36075e+06	
8.3435e+06	8.40225e+06	8.34425e+06	8.3265e+06	8.3745e+06	
8.44325e+06	8.41725e+06	8.33725e+06	8.275e+06	8.37825e+06	
8.27875e+06	8.2995e+06	8.2805e+06	8.244e+06	8.24975e+06	
8.326e+06	8.28875e+06	8.20675e+06	8.1855e+06	8.28575e+06	
8.18225e+06	8.2555e+06	8.1855e+06	8.152e+06	8.22325e+06	
8.2485e+06	8.278e+06	8.15075e+06	8.1735e+06	8.118e+06	
8.07025e+06	8.20125e+06	8.15575e+06	8.0545e+06	8.1425e+06	
8.14325e+06	8.1635e+06	8.00525e+06	8.03725e+06	8.03425e+06	
8.15025e+06	8.11425e+06	8.05175e+06	8.04625e+06	8.03925e+06	
8.086e+06	8.01775e+06	7.982e+06	7.96375e+06	7.97175e+06	
8.0525e+06	8.00025e+06	8.0335e+06	7.8875e+06	7.95425e+06	
7.85725e+06	7.94925e+06	7.90125e+06	7.8685e+06	7.88225e+06	
7.9215e+06	7.9315e+06	7.8465e+06	7.9605e+06	7.88475e+06	
7.95425e+06	7.85775e+06	7.8445e+06	7.835e+06	7.8345e+06	
7.786e+06	7.81875e+06	7.798e+06	7.75125e+06	7.7815e+06	
7.79275e+06	7.704e+06	7.7645e+06	7.68775e+06	7.697e+06	
7.86275e+06	7.968e+06	7.86225e+06	7.74625e+06	7.76075e+06	
7.88875e+06	7.8155e+06	7.81875e+06	7.74425e+06	7.79475e+06	
7.982e+06	7.847e+06	7.888e+06	7.8395e+06	7.86275e+06	
7.82875e+06	7.82625e+06	7.6895e+06	7.77575e+06	7.74175e+06	
7.72475e+06	7.70475e+06	7.6365e+06	7.73175e+06	7.6075e+06	
7.58125e+06	7.617e+06	7.59175e+06	7.6095e+06	7.5705e+06	
7.677e+06	7.672e+06	7.59825e+06	7.54575e+06	7.5875e+06	
7.53825e+06	7.534e+06	7.527e+06	7.515e+06	7.55975e+06	
7.48475e+06	7.54275e+06	7.53825e+06	7.55525e+06	7.4525e+06	
7.5685e+06	7.561e+06	7.51175e+06	7.551e+06	7.5465e+06	
7.50175e+06	7.481e+06	7.5125e+06	7.457e+06	7.474e+06	
7.513e+06	7.469e+06	7.43625e+06	7.4275e+06	7.51625e+06	
7.547e+06	7.48975e+06	7.51375e+06	7.46275e+06	7.39775e+06	
7.484e+06	7.542e+06	7.4035e+06	7.464e+06	7.45775e+06	
7.4375e+06	7.46525e+06	7.36375e+06	7.30525e+06	7.3335e+06	
7.496e+06	7.3675e+06	7.48275e+06	7.35675e+06	7.35875e+06	
7.372e+06	7.38e+06	7.37375e+06	7.29e+06	7.336e+06	
7.3575e+06	7.353e+06	7.3335e+06	7.28e+06	7.25925e+06	
7.41025e+06	7.3775e+06	7.297e+06	7.297e+06	7.38075e+06	
7.33925e+06	7.37325e+06	7.367e+06	7.32975e+06	7.3025e+06	
7.4065e+06	7.38525e+06	7.40725e+06	7.353e+06	7.324e+06	
7.33675e+06	7.3285e+06	7.24975e+06	7.2705e+06	7.25475e+06	
7.331e+06	7.31975e+06	7.256e+06	7.28675e+06	7.2605e+06	
7.302e+06	7.3095e+06	7.32975e+06	7.234e+06	7.239e+06	
7.33925e+06	7.2465e+06	7.256e+06	7.2075e+06	7.29825e+06	
7.348e+06	7.24525e+06	7.3e+06	7.2705e+06	7.358e+06	
7.387e+06	7.3695e+06	7.27675e+06	7.35675e+06	7.21875e+06	
7.23075e+06	7.19475e+06	7.19175e+06	7.23775e+06	7.16525e+06	
7.292e+06	7.2565e+06	7.205e+06	7.186e+06	7.20625e+06	
7.271e+06	7.1205e+06	7.25475e+06	7.082e+06	7.135e+06	
7.24775e+06	7.24725e+06	7.21375e+06	7.19425e+06	7.22e+06	
7.183e+06	7.22325e+06	7.186e+06	7.2585e+06	7.2075e+06	
7.237e+06	7.17775e+06	7.191e+06	7.11225e+06	7.0745e+06	
7.2125e+06	7.22375e+06	7.19925e+06	7.29325e+06	7.28175e+06	
7.154e+06	7.23775e+06	7.0965e+06	7.15e+06	7.125e+06	
7.2055e+06	7.104e+06	7.1055e+06	7.01725e+06	7.06825e+06	
7.22575e+06	7.2195e+06	7.13825e+06	7.12375e+06	7.12375e+06	
7.1645e+06	7.179e+06	7.09525e+06	7.0695e+06	7.08075e+06	
7.1515e+06	7.06375e+06	7.08025e+06	6.9385e+06	7.00575e+06	
7.07775e+06	7.07825e+06	7.04175e+06	7.004e+06	7.0355e+06	
6.999e+06	6.97625e+06	6.987e+06	6.91375e+06	6.9415e+06	
6.97125e+06	6.895e+06	6.92e+06	6.7865e+06	6.91125e+06	
6.89675e+06	6.9075e+06	6.9075e+06	6.893e+06	6.886e+06	
6.89875e+06	6.912e+06	6.8545e+06	6.76325e+06	6.80225e+06	
6.8495e+06	6.91e+06	6.835e+06	6.74675e+06	6.8055e+06	
6.83375e+06	6.80725e+06	6.8005e+06	6.73875e+06	6.6945e+06	
6.772e+06	6.801e+06	6.8135e+06	6.762e+06	6.73225e+06	
6.8685e+06	6.9095e+06	6.8615e+06	6.796e+06	6.85575e+06	
6.7675e+06	6.745e+06	6.694e+06	6.702e+06	6.6535e+06	
6.80225e+06	6.78075e+06	6.81625e+06	6.74175e+06	6.74625e+06	
6.7915e+06	6.8465e+06	6.808e+06	6.77575e+06	6.80675e+06	
6.757e+06	6.808e+06	6.80925e+06	6.67625e+06	6.72475e+06	
6.794e+06	6.8005e+06	6.736e+06	6.808e+06	6.716e+06	
6.765e+06	6.687e+06	6.72025e+06	6.58625e+06	6.6775e+06	
6.738e+06	6.65425e+06	6.61525e+06	6.66625e+06	6.61575e+06	
6.6485e+06	6.62025e+06	6.63025e+06	6.639e+06	6.486e+06	
6.57425e+06	6.6125e+06	6.4835e+06	6.472e+06	6.51175e+06	
6.4405e+06	6.50175e+06	6.5805e+06	6.455e+06	6.4935e+06	
6.49425e+06	6.50175e+06	6.50925e+06	6.5155e+06	6.527e+06	
6.52575e+06	6.40225e+06	6.39775e+06	6.43675e+06	6.46825e+06	
6.4355e+06	6.394e+06	6.30825e+06	6.2735e+06	6.3845e+06	
6.329e+06	6.3915e+06	6.30375e+06	6.355e+06	6.43925e+06	
6.343e+06	6.33475e+06	6.36875e+06	6.30625e+06	6.29e+06	
6.28425e+06	6.25775e+06	6.21625e+06	6.19425e+06	6.28925e+06	
6.31775e+06	6.266e+06	6.28e+06	6.18725e+06	6.27725e+06	
6.22075e+06	6.20625e+06	6.254e+06	6.1665e+06	6.16775e+06	
6.1235e+06	6.1015e+06	6.1765e+06	6.179e+06	6.109e+06	
6.167e+06	6.1615e+06	6.128e+06	6.09075e+06	6.084e+06	
6.11475e+06	6.11425e+06	6.09975e+06	6.10525e+06	6.1325e+06	
6.08025e+06	6.09725e+06	6.04475e+06	5.992e+06	5.98825e+06	
6.116e+06	6.22825e+06	6.15775e+06	6.0625e+06	6.145e+06	
6.167e+06	6.07625e+06	6.07625e+06	6.104e+06	6.08525e+06	
6.21375e+06	6.18475e+06	6.1235e+06	6.1595e+06	6.1205e+06	
6.22825e+06	6.17225e+06	6.0505e+06	6.0845e+06	6.11225e+06	
6.15375e+06	6.1035e+06	6.09975e+06	6.09475e+06	5.968e+06	
6.1355e+06	6.0455e+06	6.053e+06	6.063e+06	6.125e+06	
6.08525e+06	5.99575e+06	6.1015e+06	6.06875e+06	6.0215e+06	
6.106e+06	6.14825e+06	6.089e+06	6.1065e+06	6.11225e+06	
6.13375e+06	6.1155e+06	6.13425e+06	6.03675e+06	6.15775e+06	
6.11675e+06	6.09525e+06	6.106e+06	6.0645e+06	6.09025e+06	
6.12625e+06	6.13925e+06	6.06625e+06	6.1015e+06	6.024e+06	
6.063e+06	6.0145e+06	6.01075e+06	6.06625e+06	5.99375e+06	
6.05375e+06	6.01275e+06	6.026e+06	6.01325e+06	6.0455e+06	
5.96925e+06	6.00775e+06	5.987e+06	5.9345e+06	6e+06	
5.886e+06	5.9195e+06	5.92375e+06	5.91825e+06	5.85525e+06	
5.9125e+06	5.8015e+06	5.808e+06	5.79525e+06	5.71775e+06	
5.65675e+06	5.54e+06	5.60125e+06	5.5835e+06	5.53875e+06	
5.40975e+06	5.305e+06	5.40725e+06	5.36925e+06	5.40975e+06	
5.25775e+06	5.25225e+06	5.2325e+06	5.1235e+06	5.22825e+06	
5.29675e+06	5.23325e+06	5.26525e+06	5.15575e+06	5.244e+06	
5.37825e+06	5.42725e+06	5.34975e+06	5.32575e+06	5.28225e+06	
5.409e+06	5.4545e+06	5.49225e+06	5.37625e+06	5.3655e+06	
5.52875e+06	5.54325e+06	5.559e+06	5.52e+06	5.515e+06	
5.73425e+06	5.68075e+06	5.62075e+06	5.59875e+06	5.6345e+06	
5.69325e+06	5.704e+06	5.68875e+06	5.634e+06	5.624e+06	
5.745e+06	5.74425e+06	5.77e+06	5.6825e+06	5.7135e+06	
5.81875e+06	5.84375e+06	5.74175e+06	5.7215e+06	5.7675e+06	
5.8595e+06	5.88175e+06	5.76875e+06	5.7305e+06	5.75825e+06	
5.78575e+06	5.82675e+06	5.7505e+06	5.73425e+06	5.76625e+06	
5.86725e+06	5.85275e+06	5.8955e+06	5.845e+06	5.8225e+06	
5.87275e+06	5.84e+06	5.90425e+06	5.78025e+06	5.81175e+06	
5.80275e+06	5.8255e+06	5.796e+06	5.8425e+06	5.82875e+06	
5.87725e+06	5.828e+06	5.80675e+06	5.76125e+06	5.82425e+06	
5.82425e+06	5.81675e+06	5.8545e+06	5.74925e+06	5.81925e+06	
5.9025e+06	5.85025e+06	5.854e+06	5.8325e+06	5.81475e+06	
5.8855e+06	5.88925e+06	5.86325e+06	5.77325e+06	5.702e+06	
5.845e+06	5.7845e+06	5.8155e+06	5.7795e+06	5.82675e+06	
5.81675e+06	5.796e+06	5.7625e+06	5.76e+06	5.721e+06	
5.8495e+06	5.78775e+06	5.736e+06	5.75425e+06	5.7335e+06	
5.8015e+06	5.77575e+06	5.8015e+06	5.75825e+06	5.6925e+06	
5.767e+06	5.7135e+06	5.6675e+06	5.65175e+06	5.6435e+06	
5.69125e+06	5.695e+06	5.72525e+06	5.598e+06	5.68075e+06	
5.6995e+06	5.71225e+06	5.79475e+06	5.738e+06	5.682e+06	
5.81925e+06	5.73175e+06	5.741e+06	5.762e+06	5.6365e+06	
5.69825e+06	5.69825e+06	5.7045e+06	5.71225e+06	5.65925e+06	
5.73925e+06	5.77e+06	5.6845e+06	5.66225e+06	5.70775e+06	
5.767e+06	5.7285e+06	5.70075e+06	5.71275e+06	5.6845e+06	
5.68625e+06	5.6925e+06	5.724e+06	5.644e+06	5.67625e+06	
5.77e+06	5.69775e+06	5.716e+06	5.65975e+06	5.6435e+06	
5.7185e+06	5.6465e+06	5.61825e+06	5.714e+06	5.593e+06	
5.656e+06	5.74425e+06	5.603e+06	5.61875e+06	5.5975e+06	
5.685e+06	5.697e+06	5.62025e+06	5.62525e+06	5.58675e+06	
5.646e+06	5.634e+06	5.6095e+06	5.5325e+06	5.59925e+06	
5.67625e+06	5.65175e+06	5.62525e+06	5.56975e+06	5.57925e+06	
5.5925e+06	5.68e+06	5.5905e+06	5.515e+06	5.641e+06	
5.7015e+06	5.69125e+06	5.59925e+06	5.617e+06	5.6125e+06	
5.624e+06	5.63725e+06	5.59e+06	5.537e+06	5.523e+06	
5.68625e+06	5.5755e+06	5.65425e+06	5.554e+06	5.5735e+06	
5.525e+06	5.5375e+06	5.5685e+06	5.56475e+06	5.469e+06	
5.52425e+06	5.639e+06	5.56025e+06	5.564e+06	5.48225e+06	
5.60825e+06	5.55525e+06	5.5255e+06	5.48275e+06	5.54075e+06	
5.598e+06	5.576e+06	5.624e+06	5.513e+06	5.53375e+06	
5.55025e+06	5.5715e+06	5.5325e+06	5.494e+06	5.42175e+06	
5.54775e+06	5.48725e+06	5.423e+06	5.45375e+06	5.43625e+06	
5.5205e+06	5.44925e+06	5.50975e+06	5.52175e+06	5.477e+06	
5.42675e+06	5.37375e+06	5.486e+06	5.3825e+06	5.365e+06	
5.48725e+06	5.47325e+06	5.4165e+06	5.40525e+06	5.4525e+06	
5.4305e+06	5.3705e+06	5.41775e+06	5.3605e+06	5.36875e+06	
5.4795e+06	5.4745e+06	5.39325e+06	5.47775e+06	5.43875e+06	
5.5375e+06	5.53375e+06	5.5085e+06	5.421e+06	5.39775e+06	
5.4205e+06	5.42175e+06	5.5005e+06	5.406e+06	5.455e+06	
5.394e+06	5.49275e+06	5.48475e+06	5.4625e+06	5.46325e+06	
5.431e+06	5.3745e+06	5.421e+06	5.37825e+06	5.414e+06	
5.414e+06	5.38875e+06	5.37575e+06	5.38e+06	5.35675e+06	
5.4065e+06	5.29e+06	5.41975e+06	5.32525e+06	5.3215e+06	
5.38575e+06	5.3825e+06	5.4165e+06	5.35175e+06	5.3675e+06	
5.385e+06	5.336e+06	5.37125e+06	5.32075e+06	5.46e+06	
5.43625e+06	5.39275e+06	5.33275e+06	5.31125e+06	5.29175e+06	
5.36e+06	5.31825e+06	5.40075e+06	5.33775e+06	5.25275e+06	
5.26275e+06	5.25075e+06	5.3145e+06	5.29625e+06	5.29425e+06	
5.31775e+06	5.3555e+06	5.283e+06	5.22625e+06	5.33275e+06	
5.36675e+06	5.351e+06	5.273e+06	5.29425e+06	5.2995e+06	
5.3505e+06	5.368e+06	5.32775e+06	5.32075e+06	5.34025e+06	
5.305e+06	5.201e+06	5.27475e+06	5.2685e+06	5.27925e+06	
5.288e+06	5.26275e+06	5.26225e+06	5.2465e+06	5.25725e+06	
5.26475e+06	5.26475e+06	5.24775e+06	5.276e+06	5.24575e+06	
5.239e+06	5.327e+06	5.29175e+06	5.18525e+06	5.256e+06	
5.237e+06	5.2055e+06	5.203e+06	5.21375e+06	5.23075e+06	
5.32025e+06	5.24825e+06	5.2785e+06	5.2665e+06	5.23825e+06	
5.20225e+06	5.2705e+06	5.2055e+06	5.21175e+06	5.15375e+06	
5.189e+06	5.15375e+06	5.23125e+06	5.1595e+06	5.16825e+06	
5.20175e+06	5.169e+06	5.23075e+06	5.181e+06	5.18475e+06	
5.20425e+06	5.18475e+06	5.1695e+06	5.1765e+06	5.16325e+06	
5.2445e+06	5.22625e+06	5.19725e+06	5.1085e+06	5.15825e+06	
5.1495e+06	5.1495e+06	5.1885e+06	5.1765e+06	5.16275e+06	
5.2205e+06	5.1085e+06	5.12225e+06	5.14825e+06	5.07575e+06	
5.106e+06	5.12225e+06	5.07e+06	5.024e+06	5.01575e+06	
5.09075e+06	5.1545e+06	5.05375e+06	5.1375e+06	5.0745e+06	
5.0695e+06	5.0605e+06	5.00825e+06	5.06175e+06	5.038e+06	
5.0435e+06	4.954e+06	5.0265e+06	5.0165e+06	5.0235e+06	
5.02975e+06	5.04675e+06	5.026e+06	5.04675e+06	4.98875e+06	
4.98125e+06	4.9315e+06	4.893e+06	4.9365e+06	4.9225e+06	
4.8765e+06	4.959e+06	4.83175e+06	4.87725e+06	4.90375e+06	
5.01075e+06	4.95975e+06	4.988e+06	4.939e+06	4.92825e+06	
4.9855e+06	4.893e+06	4.84575e+06	4.84075e+06	4.876e+06	
4.937e+06	4.8835e+06	4.87475e+06	4.93e+06	4.8735e+06	
4.80275e+06	4.8085e+06	4.82425e+06	4.821e+06	4.84075e+06	
4.69e+06	4.64975e+06	4.6605e+06	4.62375e+06	4.6535e+06	
4.392e+06	4.35975e+06	4.36175e+06	4.327e+06	4.44875e+06	
4.08825e+06	4.10975e+06	4.0965e+06	4.0675e+06	4.14175e+06	
3.99425e+06	4.00825e+06	3.93075e+06	3.932e+06	4.012e+06	
3.95275e+06	3.99825e+06	3.9975e+06	3.968e+06	3.95025e+06	
3.9515e+06	3.99825e+06	3.96225e+06	3.96025e+06	3.9925e+06	
3.99175e+06	4.0435e+06	4.05225e+06	4.007e+06	4.024e+06	
4.03525e+06	4.03725e+06	4.05175e+06	4.0045e+06	4.0165e+06	
4.05225e+06	4.05175e+06	4.0435e+06	4.058e+06	3.96925e+06	
4.02775e+06	4.07575e+06	4.03525e+06	4.0745e+06	4.024e+06	
4.094e+06	4.116e+06	4.06425e+06	4.01125e+06	4.04925e+06	
4.10025e+06	4.08575e+06	4.104e+06	4.1015e+06	4.1015e+06	
4.184e+06	4.16825e+06	4.13425e+06	4.099e+06	4.1255e+06	
4.1985e+06	4.16075e+06	4.18025e+06	4.20675e+06	4.1405e+06	
4.27725e+06	4.21425e+06	4.1285e+06	4.16075e+06	4.22875e+06	
4.12475e+06	4.24325e+06	4.21625e+06	4.2085e+06	4.196e+06	
4.29675e+06	4.281e+06	4.2255e+06	4.2495e+06	4.22175e+06	
4.34525e+06	4.2035e+06	4.22825e+06	4.218e+06	4.26025e+06	
4.273e+06	4.26025e+06	4.259e+06	4.2345e+06	4.21875e+06	
4.24325e+06	4.2495e+06	4.1815e+06	4.244e+06	4.24275e+06	
4.22125e+06	4.2465e+06	4.201e+06	4.2465e+06	4.22875e+06	
4.14675e+06	4.2085e+06	4.16325e+06	4.102e+06	4.15375e+06	
4.16375e+06	4.177e+06	4.1545e+06	4.15325e+06	4.116e+06	
4.17525e+06	4.11225e+06	4.14175e+06	4.08575e+06	4.08625e+06	
4.152e+06	4.1375e+06	4.2255e+06	4.065e+06	4.14125e+06	
4.09775e+06	4.11925e+06	4.1645e+06	4.0965e+06	4.13425e+06	
4.111e+06	4.13425e+06	4.1695e+06	4.1115e+06	4.1425e+06	
4.1235e+06	4.1185e+06	4.0945e+06	4.11925e+06	4.12975e+06	
4.1305e+06	4.1835e+06	4.16775e+06	4.09825e+06	4.0945e+06	
4.12475e+06	4.13425e+06	4.114e+06	4.14675e+06	4.058e+06	
4.21125e+06	4.111e+06	4.18025e+06	4.11725e+06	4.184e+06	
4.242e+06	4.198e+06	4.22425e+06	4.13225e+06	4.1885e+06	
4.1955e+06	4.1865e+06	4.2085e+06	4.1625e+06	4.123e+06	
4.23375e+06	4.24e+06	4.16325e+06	4.135e+06	4.288e+06	
4.1985e+06	4.194e+06	4.11475e+06	4.08575e+06	4.16775e+06	
4.13925e+06	4.20675e+06	4.10275e+06	4.162e+06	4.11975e+06	
4.169e+06	4.09525e+06	4.102e+06	4.0535e+06	4.041e+06	
4.14425e+06	4.06175e+06	4.036e+06	4.06375e+06	4.06e+06	
4.0675e+06	4.06425e+06	3.997e+06	4.03725e+06	4.01275e+06	
4.065e+06	4.03525e+06	4.01325e+06	4.05925e+06	3.978e+06	
4.07575e+06	4.02525e+06	3.9465e+06	3.922e+06	3.92125e+06	
3.94325e+06	3.95525e+06	3.93525e+06	4e+06	3.93575e+06	
3.9495e+06	3.92625e+06	3.9105e+06	3.88525e+06	3.82425e+06	
3.8985e+06	3.89475e+06	3.876e+06	3.88725e+06	3.84125e+06	
3.857e+06	3.87775e+06	3.903e+06	3.8985e+06	3.913e+06	
3.8955e+06	3.93325e+06	3.82925e+06	3.8815e+06	3.84175e+06	
3.843e+06	3.835e+06	3.8375e+06	3.74925e+06	3.87075e+06	
3.85625e+06	3.8405e+06	3.79775e+06	3.82425e+06	3.7795e+06	
3.84175e+06	3.8615e+06	3.78e+06	3.75925e+06	3.826e+06	
3.88025e+06	3.76125e+06	3.79025e+06	3.809e+06	3.789e+06	
3.833e+06	3.82925e+06	3.83125e+06	3.75425e+06	3.8085e+06	
3.8645e+06	3.8205e+06	3.85575e+06	3.80525e+06	3.7915e+06	
3.83875e+06	3.80525e+06	3.823e+06	3.7555e+06	3.83175e+06	
3.83125e+06	3.81725e+06	3.84175e+06	3.83925e+06	3.7945e+06	
3.833e+06	3.792e+06	3.8595e+06	3.859e+06	3.84875e+06	
3.86575e+06	3.8475e+06	3.81725e+06	3.8155e+06	3.85e+06	
3.83375e+06	3.847e+06	3.83425e+06	3.8015e+06	3.86275e+06	
3.84625e+06	3.828e+06	3.74225e+06	3.79325e+06	3.73675e+06	
3.8135e+06	3.799e+06	3.74925e+06	3.816e+06	3.77e+06	
3.76625e+06	3.83675e+06	3.77075e+06	3.74925e+06	3.74425e+06	
3.75625e+06	3.71575e+06	3.7675e+06	3.70575e+06	3.741e+06	
3.71525e+06	3.77575e+06	3.72275e+06	3.7455e+06	3.72725e+06	
3.76175e+06	3.76625e+06	3.75375e+06	3.792e+06	3.79525e+06	
3.80725e+06	3.78075e+06	3.63775e+06	3.71775e+06	3.683e+06	
3.743e+06	3.71275e+06	3.7655e+06	3.692e+06	3.7145e+06	
3.743e+06	3.709e+06	3.6995e+06	3.671e+06	3.6875e+06	
3.66475e+06	3.65725e+06	3.7e+06	3.6345e+06	3.67425e+06	
3.70075e+06	3.6735e+06	3.65225e+06	3.6805e+06	3.7095e+06	
3.67425e+06	3.68e+06	3.593e+06	3.675e+06	3.685e+06	
3.7265e+06	3.6055e+06	3.69125e+06	3.605e+06	3.6565e+06	
3.70775e+06	3.6175e+06	3.6e+06	3.63525e+06	3.63325e+06	
3.646e+06	3.72775e+06	3.656e+06	3.59175e+06	3.663e+06	
3.6975e+06	3.6275e+06	3.61175e+06	3.642e+06	3.5645e+06	
3.634e+06	3.743e+06	3.68425e+06	3.593e+06	3.6485e+06	
3.57975e+06	3.6025e+06	3.61125e+06	3.6735e+06	3.60875e+06	
3.627e+06	3.637e+06	3.62825e+06	3.64725e+06	3.65775e+06	
3.64525e+06	3.63575e+06	3.6025e+06	3.58925e+06	3.58025e+06	
3.569e+06	3.593e+06	3.593e+06	3.53625e+06	3.54625e+06	
3.586e+06	3.58425e+06	3.56325e+06	3.6515e+06	3.571e+06	
3.516e+06	3.545e+06	3.4765e+06	3.591e+06	3.51675e+06	
3.5035e+06	3.53625e+06	3.475e+06	3.53625e+06	3.49225e+06	
3.5425e+06	3.4725e+06	3.472e+06	3.48575e+06	3.455e+06	
3.49475e+06	3.542e+06	3.48775e+06	3.50475e+06	3.52375e+06	
3.48775e+06	3.56025e+06	3.4915e+06	3.43475e+06	3.5205e+06	
3.5035e+06	3.46e+06	3.4215e+06	3.475e+06	3.4645e+06	
3.4505e+06	3.429e+06	3.431e+06	3.429e+06	3.4095e+06	
3.455e+06	3.397e+06	3.42225e+06	3.34975e+06	3.43725e+06	
3.4185e+06	3.36725e+06	3.4185e+06	3.38175e+06	3.3975e+06	
3.34275e+06	3.36175e+06	3.2905e+06	3.344e+06	3.34525e+06	
3.366e+06	3.33275e+06	3.32125e+06	3.3e+06	3.29625e+06	
3.254e+06	3.2345e+06	3.25775e+06	3.31e+06	3.24325e+06	
3.14125e+06	3.126e+06	3.1385e+06	3.12675e+06	3.11975e+06	
3.08875e+06	3.03725e+06	3.094e+06	3.0415e+06	3.046e+06	
2.9275e+06	2.94075e+06	2.87775e+06	2.8955e+06	2.935e+06	
2.85125e+06	2.901e+06	2.85625e+06	2.83675e+06	2.85875e+06	
2.823e+06	2.78375e+06	2.8035e+06	2.80775e+06	2.777e+06	
2.72725e+06	2.71075e+06	2.693e+06	2.705e+06	2.6925e+06	
2.724e+06	2.65525e+06	2.647e+06	2.6685e+06	2.64325e+06	
2.59425e+06	2.66225e+06	2.6195e+06	2.5765e+06	2.58525e+06	
2.60225e+06	2.6615e+06	2.58225e+06	2.61175e+06	2.591e+06	
2.5935e+06	2.6005e+06	2.60225e+06	2.55075e+06	2.584e+06	
2.6075e+06	2.618e+06	2.57525e+06	2.5255e+06	2.523e+06	
2.6005e+06	2.6295e+06	2.58975e+06	2.56775e+06	2.564e+06	
2.6655e+06	2.649e+06	2.62e+06	2.6365e+06	2.62075e+06	
2.7505e+06	2.717e+06	2.73275e+06	2.76625e+06	2.726e+06	
2.81025e+06	2.79075e+06	2.79325e+06	2.75475e+06	2.8165e+06	
2.8765e+06	2.89025e+06	2.9205e+06	2.8305e+06	2.8695e+06	
2.9395e+06	2.949e+06	2.90925e+06	2.89025e+06	2.99175e+06	
3.00875e+06	2.983e+06	2.97725e+06	2.959e+06	2.898e+06	
2.89975e+06	2.97175e+06	2.9035e+06	2.93825e+06	2.874e+06	
2.89725e+06	2.97025e+06	2.86325e+06	2.90725e+06	2.95975e+06	
2.9225e+06	2.8235e+06	2.87775e+06	2.84675e+06	2.86e+06	
2.7435e+06	2.746e+06	2.7825e+06	2.73275e+06	2.75225e+06	
2.74425e+06	2.71775e+06	2.74225e+06	2.7335e+06	2.685e+06	
2.734e+06	2.71825e+06	2.678e+06	2.6925e+06	2.66025e+06	
2.69e+06	2.72775e+06	2.6655e+06	2.68e+06	2.6855e+06	
2.6735e+06	2.6905e+06	2.6735e+06	2.6785e+06	2.642e+06	
2.68e+06	2.7025e+06	2.6515e+06	2.634e+06	2.72075e+06	
2.66725e+06	2.62e+06	2.63525e+06	2.6245e+06	2.654e+06	
2.642e+06	2.6825e+06	2.70875e+06	2.64775e+06	2.67475e+06	
2.70575e+06	2.664e+06	2.63075e+06	2.673e+06	2.64325e+06	
2.6975e+06	2.69e+06	2.6785e+06	2.63325e+06	2.625e+06	
2.67425e+06	2.678e+06	2.697e+06	2.67675e+06	2.7025e+06	
2.702e+06	2.647e+06	2.67725e+06	2.64275e+06	2.659e+06	
2.615e+06	2.63775e+06	2.618e+06	2.59175e+06	2.62e+06	
2.61425e+06	2.639e+06	2.63825e+06	2.666e+06	2.642e+06	
2.67175e+06	2.6515e+06	2.65225e+06	2.65975e+06	2.6295e+06	
2.62125e+06	2.64575e+06	2.61375e+06	2.60875e+06	2.6365e+06	
2.5935e+06	2.6465e+06	2.64775e+06	2.62075e+06	2.63e+06	
2.57025e+06	2.64825e+06	2.598e+06	2.58225e+06	2.59675e+06	
2.62125e+06	2.6415e+06	2.656e+06	2.5905e+06	2.65025e+06	
2.61875e+06	2.68175e+06	2.67675e+06	2.66675e+06	2.61625e+06	
2.6515e+06	2.66975e+06	2.62e+06	2.59725e+06	2.6325e+06	
2.66025e+06	2.62875e+06	2.59175e+06	2.627e+06	2.6685e+06	
2.68875e+06	2.66475e+06	2.618e+06	2.61175e+06	2.64275e+06	
2.6175e+06	2.717e+06	2.593e+06	2.64075e+06	2.63325e+06	
2.683e+06	2.6565e+06	2.605e+06	2.5935e+06	2.6855e+06	
2.722e+06	2.66675e+06	2.685e+06	2.671e+06	2.67475e+06	
2.70875e+06	2.707e+06	2.69175e+06	2.70075e+06	2.729e+06	
2.78325e+06	2.77e+06	2.78075e+06	2.75875e+06	2.70375e+06	
2.7845e+06	2.7775e+06	2.7265e+06	2.7215e+06	2.74025e+06	
2.806e+06	2.79275e+06	2.74425e+06	2.789e+06	2.75175e+06	
2.823e+06	2.8645e+06	2.80525e+06	2.816e+06	2.7965e+06	
2.82975e+06	2.81275e+06	2.8545e+06	2.78325e+06	2.806e+06	
2.89725e+06	2.85325e+06	2.828e+06	2.8185e+06	2.81725e+06	
2.869e+06	2.82675e+06	2.874e+06	2.835e+06	2.85575e+06	
2.85325e+06	2.8205e+06	2.87275e+06	2.79075e+06	2.8425e+06	
2.81925e+06	2.84875e+06	2.81025e+06	2.84825e+06	2.797e+06	
2.82725e+06	2.83425e+06	2.8425e+06	2.79525e+06	2.814e+06	
2.8285e+06	2.81925e+06	2.8455e+06	2.804e+06	2.83625e+06	
2.84175e+06	2.81725e+06	2.82175e+06	2.792e+06	2.80525e+06	
2.838e+06	2.80025e+06	2.79575e+06	2.823e+06	2.82475e+06	
2.835e+06	2.833e+06	2.84825e+06	2.7095e+06	2.79575e+06	
2.81475e+06	2.88025e+06	2.826e+06	2.78775e+06	2.79075e+06	
2.84825e+06	2.831e+06	2.83925e+06	2.76425e+06	2.8205e+06	
2.864e+06	2.81725e+06	2.84875e+06	2.8185e+06	2.8545e+06	
2.8455e+06	2.81925e+06	2.833e+06	2.76625e+06	2.77575e+06	
2.78575e+06	2.799e+06	2.78625e+06	2.736e+06	2.72075e+06	
2.7795e+06	2.787e+06	2.74725e+06	2.8015e+06	2.804e+06	
2.765e+06	2.7385e+06	2.811e+06	2.78825e+06	2.785e+06	
2.8165e+06	2.82225e+06	2.7725e+06	2.78375e+06	2.797e+06	
2.7575e+06	2.87025e+06	2.7675e+06	2.77825e+06	2.78375e+06	
2.775e+06	2.772e+06	2.78825e+06	2.80225e+06	2.75425e+06	
2.8235e+06	2.777e+06	2.80025e+06	2.7845e+06	2.734e+06	
2.7965e+06	2.8085e+06	2.76375e+06	2.775e+06	2.7335e+06	
2.792e+06	2.81975e+06	2.71575e+06	2.79575e+06	2.7945e+06	
2.7625e+06	2.7215e+06	2.775e+06	2.722e+06	2.74675e+06	
2.75625e+06	2.7995e+06	2.76625e+06	2.7555e+06	2.7605e+06	
2.7575e+06	2.76425e+06	2.7285e+06	2.739e+06	2.743e+06	
2.787e+06	2.76375e+06	2.76925e+06	2.8015e+06	2.75675e+06	
2.79075e+06	2.7745e+06	2.72525e+06	2.722e+06	2.73275e+06	
2.77625e+06	2.8135e+06	2.833e+06	2.702e+06	2.7655e+06	
2.81975e+06	2.831e+06	2.79825e+06	2.78e+06	2.77e+06	
2.838e+06	2.8185e+06	2.7605e+06	2.787e+06	2.77375e+06	
2.806e+06	2.77325e+06	2.80725e+06	2.79575e+06	2.76175e+06	
2.799e+06	2.82225e+06	2.78775e+06	2.7775e+06	2.78375e+06	
2.80475e+06	2.751e+06	2.775e+06	2.7675e+06	2.818e+06	
2.7555e+06	2.77e+06	2.746e+06	2.7285e+06	2.7095e+06	
2.785e+06	2.76375e+06	2.76875e+06	2.753e+06	2.739e+06	
2.77625e+06	2.81525e+06	2.76675e+06	2.77375e+06	2.7555e+06	
2.83375e+06	2.7745e+06	2.731e+06	2.7195e+06	2.70625e+06	
2.74175e+06	2.76175e+06	2.77125e+06	2.73975e+06	2.799e+06	
2.78775e+06	2.746e+06	2.72025e+06	2.76425e+06	2.7485e+06	
2.7195e+06	2.74675e+06	2.69875e+06	2.7045e+06	2.729e+06	
2.76425e+06	2.7535e+06	2.75675e+06	2.68e+06	2.7725e+06	
2.75225e+06	2.7845e+06	2.70375e+06	2.804e+06	2.7945e+06	
2.71025e+06	2.72775e+06	2.6975e+06	2.6805e+06	2.7265e+06	
2.73475e+06	2.74925e+06	2.73225e+06	2.68e+06	2.6785e+06	
2.78625e+06	2.74925e+06	2.75675e+06	2.75225e+06	2.7115e+06	
2.70125e+06	2.67225e+06	2.74425e+06	2.70825e+06	2.7625e+06	
2.69175e+06	2.6535e+06	2.70125e+06	2.7e+06	2.6875e+06	
2.712e+06	2.678e+06	2.649e+06	2.6975e+06	2.64325e+06	
2.6615e+06	2.6635e+06	2.62625e+06	2.63775e+06	2.603e+06	
2.632e+06	2.6925e+06	2.6825e+06	2.6515e+06	2.68125e+06	
2.6785e+06	2.697e+06	2.6245e+06	2.6395e+06	2.66675e+06	
2.71825e+06	2.64975e+06	2.62325e+06	2.649e+06	2.61125e+06	
2.66925e+06	2.64825e+06	2.67675e+06	2.668e+06	2.685e+06	
2.64775e+06	2.6295e+06	2.668e+06	2.6685e+06	2.67225e+06	
2.66925e+06	2.68425e+06	2.59975e+06	2.654e+06	2.6195e+06	
2.68625e+06	2.65525e+06	2.64525e+06	2.654e+06	2.649e+06	
2.65725e+06	2.615e+06	2.579e+06	2.6175e+06	2.59225e+06	
2.64275e+06	2.68e+06	2.61625e+06	2.61425e+06	2.62e+06	
2.5955e+06	2.601e+06	2.618e+06	2.622e+06	2.639e+06	
2.6415e+06	2.65525e+06	2.62325e+06	2.65525e+06	2.6075e+06	
2.632e+06	2.66475e+06	2.5865e+06	2.567e+06	2.56325e+06	
2.562e+06	2.62825e+06	2.625e+06	2.62325e+06	2.58025e+06	
2.618e+06	2.5645e+06	2.6225e+06	2.61e+06	2.59175e+06	
2.593e+06	2.615e+06	2.579e+06	2.6075e+06	2.59225e+06	
2.58975e+06	2.59175e+06	2.569e+06	2.574e+06	2.57025e+06	
2.538e+06	2.59225e+06	2.6365e+06	2.56275e+06	2.56575e+06	
2.5615e+06	2.6005e+06	2.56525e+06	2.584e+06	2.58275e+06	
2.55125e+06	2.6105e+06	2.569e+06	2.55e+06	2.56825e+06	
2.57775e+06	2.5325e+06	2.5205e+06	2.5525e+06	2.55125e+06	
2.564e+06	2.58975e+06	2.591e+06	2.52925e+06	2.5325e+06	
2.54325e+06	2.58925e+06	2.5305e+06	2.50975e+06	2.5305e+06	
2.57725e+06	2.574e+06	2.53375e+06	2.53925e+06	2.54125e+06	
2.55575e+06	2.55125e+06	2.51175e+06	2.487e+06	2.49025e+06	
2.511e+06	2.55375e+06	2.51025e+06	2.496e+06	2.44725e+06	
2.5545e+06	2.46575e+06	2.51175e+06	2.49325e+06	2.5185e+06	
2.47375e+06	2.47375e+06	2.46e+06	2.458e+06	2.4435e+06	
2.36225e+06	2.3605e+06	2.39825e+06	2.33825e+06	2.3175e+06	
2.19525e+06	2.2015e+06	2.16575e+06	2.17825e+06	2.14625e+06	
1.87525e+06	1.9255e+06	1.88775e+06	1.85375e+06	1.88525e+06	
1.591e+06	1.61425e+06	1.60875e+06	1.61175e+06	1.6055e+06	
1.393e+06	1.37175e+06	1.3925e+06	1.39e+06	1.368e+06	
1.23125e+06	1.23425e+06	1.2355e+06	1.21425e+06	1.2445e+06	
1.1645e+06	1.15875e+06	1.148e+06	1.14925e+06	1.175e+06	
1.19325e+06	1.187e+06	1.17075e+06	1.19025e+06	1.20475e+06	
1.27525e+06	1.29725e+06	1.28675e+06	1.267e+06	1.26275e+06	
1.38675e+06	1.38375e+06	1.40075e+06	1.3805e+06	1.39175e+06	
1.41075e+06	1.43475e+06	1.4215e+06	1.3995e+06	1.40825e+06	
1.4165e+06	1.40325e+06	1.4195e+06	1.41025e+06	1.3975e+06	
1.38925e+06	1.41025e+06	1.397e+06	1.40625e+06	1.37725e+06	
1.376e+06	1.37925e+06	1.363e+06	1.37675e+06	1.38875e+06	
1.4315e+06	1.3925e+06	1.41075e+06	1.39825e+06	1.41525e+06	
1.4335e+06	1.42275e+06	1.439e+06	1.40125e+06	1.40825e+06	
1.42275e+06	1.4575e+06	1.453e+06	1.4435e+06	1.436e+06	
1.48825e+06	1.4775e+06	1.5035e+06	1.4655e+06	1.499e+06	
1.564e+06	1.56e+06	1.5355e+06	1.5815e+06	1.58775e+06	
1.66225e+06	1.58725e+06	1.60225e+06	1.56825e+06	1.59975e+06	
1.71325e+06	1.65525e+06	1.70625e+06	1.666e+06	1.673e+06	
1.722e+06	1.74675e+06	1.73725e+06	1.73975e+06	1.74725e+06	
1.804e+06	1.80975e+06	1.80275e+06	1.81525e+06	1.80775e+06	
1.8985e+06	1.89775e+06	1.87275e+06	1.862e+06	1.87025e+06	
1.93875e+06	1.91875e+06	1.95025e+06	1.9255e+06	1.9135e+06	
2.03575e+06	2.0485e+06	1.9885e+06	2.0175e+06	1.99425e+06	
2.0895e+06	2.06175e+06	2.07175e+06	2.06925e+06	2.03025e+06	
2.12275e+06	2.155e+06	2.10325e+06	2.09325e+06	2.1045e+06	
2.14875e+06	2.1865e+06	2.0945e+06	2.16575e+06	2.16125e+06	
2.16375e+06	2.14375e+06	2.19225e+06	2.15e+06	2.12475e+06	
2.211e+06	2.187e+06	2.208e+06	2.19725e+06	2.145e+06	
2.17375e+06	2.19275e+06	2.15375e+06	2.165e+06	2.1795e+06	
2.17375e+06	2.20925e+06	2.18325e+06	2.21725e+06	2.17775e+06	
2.20225e+06	2.20475e+06	2.208e+06	2.20675e+06	2.17075e+06	
2.1845e+06	2.2085e+06	2.16075e+06	2.2205e+06	2.18025e+06	
2.2255e+06	2.1795e+06	2.19025e+06	2.19225e+06	2.18775e+06	
2.25775e+06	2.21425e+06	2.2135e+06	2.21175e+06	2.20475e+06	
2.1985e+06	2.1795e+06	2.242e+06	2.2375e+06	2.21425e+06	
2.211e+06	2.21225e+06	2.2015e+06	2.17825e+06	2.18275e+06	
2.17825e+06	2.2255e+06	2.16375e+06	2.16875e+06	2.194e+06	
2.204e+06	2.211e+06	2.189e+06	2.1355e+06	2.19275e+06	
2.19725e+06	2.18825e+06	2.199e+06	2.153e+06	2.1595e+06	
2.1815e+06	2.16325e+06	2.196e+06	2.1405e+06	2.21975e+06	
2.17775e+06	2.1745e+06	2.19225e+06	2.165e+06	2.15125e+06	
2.21925e+06	2.16e+06	2.22125e+06	2.13425e+06	2.1355e+06	
2.2135e+06	2.2055e+06	2.1695e+06	2.1525e+06	2.17525e+06	
2.1795e+06	2.2015e+06	2.138e+06	2.1235e+06	2.14925e+06	
2.14175e+06	2.16e+06	2.17375e+06	2.1525e+06	2.14675e+06	
2.08325e+06	2.1165e+06	2.1695e+06	2.1525e+06	2.16825e+06	
2.1215e+06	2.15375e+06	2.1285e+06	2.10275e+06	2.121e+06	
2.14875e+06	2.15625e+06	2.119e+06	2.06925e+06	2.1045e+06	
2.1405e+06	2.12275e+06	2.12475e+06	2.1165e+06	2.11775e+06	
2.15675e+06	2.1095e+06	2.0875e+06	2.14625e+06	2.1115e+06	
2.13675e+06	2.1455e+06	2.1305e+06	2.1385e+06	2.073e+06	
2.13925e+06	2.13425e+06	2.148e+06	2.08175e+06	2.1265e+06	
2.12025e+06	2.12925e+06	2.114e+06	2.116e+06	2.0805e+06	
2.1335e+06	2.136e+06	2.12975e+06	2.104e+06	2.11975e+06	
2.10525e+06	2.078e+06	2.141e+06	2.114e+06	2.1015e+06	
2.08625e+06	2.09825e+06	2.09075e+06	2.1015e+06	2.085e+06	
2.095e+06	2.10025e+06	2.092e+06	2.0995e+06	2.0775e+06	
2.0655e+06	2.08625e+06	2.0925e+06	2.10275e+06	2.02825e+06	
2.085e+06	2.075e+06	2.0895e+06	2.09625e+06	2.05025e+06	
2.112e+06	2.0675e+06	2.1015e+06	2.10275e+06	2.11525e+06	
2.05725e+06	2.0875e+06	2.07875e+06	2.0585e+06	2.06675e+06	
2.06675e+06	2.04775e+06	2.034e+06	2.00375e+06	2.04025e+06	
2.05475e+06	2.0775e+06	2.0705e+06	2.0555e+06	2.0725e+06	
2.03525e+06	2.0655e+06	2.06925e+06	2.027e+06	2.0675e+06	
2.07925e+06	2.0805e+06	2.0775e+06	2.053e+06	2.06175e+06	
2.05425e+06	2.0175e+06	1.9715e+06	2.0345e+06	1.9975e+06	
2.04525e+06	2.0385e+06	2.0265e+06	2.01125e+06	2.03975e+06	
2.087e+06	2.05675e+06	2.08375e+06	2.041e+06	2.04775e+06	
2.08625e+06	2.07125e+06	2.034e+06	2.0265e+06	1.9975e+06	
2.0705e+06	2.0295e+06	2.04775e+06	2.0385e+06	2.01875e+06	
2.0265e+06	2.03975e+06	2.0265e+06	2.029e+06	2.01825e+06	
2.03075e+06	1.99425e+06	2.00875e+06	2.00375e+06	2.0555e+06	
2.03025e+06	2.049e+06	2.03975e+06	2.022e+06	2.03725e+06	
2.00425e+06	2.0095e+06	2.03525e+06	2.00125e+06	2.0095e+06	
1.97675e+06	1.9785e+06	2.012e+06	2.01075e+06	2.005e+06	
1.98475e+06	2.01875e+06	2.02e+06	1.98975e+06	1.969e+06	
2.007e+06	1.9975e+06	1.95575e+06	1.9885e+06	1.988e+06	
2.022e+06	2.03025e+06	1.97225e+06	2.0025e+06	2.00375e+06	
1.9835e+06	1.981e+06	2.03075e+06	1.9785e+06	1.9925e+06	
2.0215e+06	2e+06	1.971e+06	1.969e+06	1.9805e+06	
2.0145e+06	1.9835e+06	1.9715e+06	1.95275e+06	1.94075e+06	
1.9975e+06	1.993e+06	1.94825e+06	1.96475e+06	1.97025e+06	
1.99125e+06	1.98925e+06	2.0095e+06	1.9465e+06	1.971e+06	
1.957e+06	1.971e+06	1.9805e+06	1.93075e+06	1.988e+06	
1.952e+06	1.96275e+06	1.98225e+06	1.94325e+06	1.993e+06	
1.93325e+06	1.95575e+06	1.95825e+06	1.92875e+06	1.9595e+06	
1.90725e+06	1.9325e+06	1.9445e+06	1.91625e+06	1.949e+06	
1.957e+06	1.9735e+06	1.928e+06	1.89775e+06	1.93075e+06	
1.9375e+06	1.9295e+06	1.935e+06	1.91925e+06	1.94525e+06	
1.925e+06	1.92625e+06	1.906e+06	1.8965e+06	1.8935e+06	
1.908e+06	1.86625e+06	1.894e+06	1.8965e+06	1.872e+06	
1.88725e+06	1.87825e+06	1.906e+06	1.89275e+06	1.91175e+06	
1.8745e+06	1.889e+06	1.89025e+06	1.86e+06	1.8715e+06	
1.90725e+06	1.8835e+06	1.84175e+06	1.857e+06	1.8695e+06	
1.8695e+06	1.90925e+06	1.84e+06	1.8835e+06	1.84875e+06	
1.884e+06	1.857e+06	1.87075e+06	1.882e+06	1.86075e+06	
1.87325e+06	1.874e+06	1.8815e+06	1.8675e+06	1.877e+06	
1.8545e+06	1.84675e+06	1.82725e+06	1.83475e+06	1.8595e+06	
1.83925e+06	1.8575e+06	1.85575e+06	1.84425e+06	1.8355e+06	
1.83925e+06	1.8455e+06	1.80725e+06	1.84125e+06	1.80775e+06	
1.8505e+06	1.82675e+06	1.8185e+06	1.8355e+06	1.80725e+06	
1.826e+06	1.84175e+06	1.8065e+06	1.80325e+06	1.814e+06	
1.82425e+06	1.86075e+06	1.80975e+06	1.768e+06	1.8015e+06	
1.838e+06	1.81475e+06	1.81975e+06	1.80025e+06	1.84125e+06	
1.78875e+06	1.797e+06	1.79825e+06	1.76875e+06	1.792e+06	
1.85e+06	1.8065e+06	1.8405e+06	1.83475e+06	1.74925e+06	
1.809e+06	1.76875e+06	1.79775e+06	1.775e+06	1.7915e+06	
1.84425e+06	1.85625e+06	1.77825e+06	1.78875e+06	1.7875e+06	
1.79825e+06	1.81725e+06	1.773e+06	1.79575e+06	1.80025e+06	
1.78875e+06	1.7945e+06	1.80025e+06	1.8165e+06	1.7895e+06	
1.782e+06	1.81025e+06	1.75425e+06	1.75675e+06	1.7555e+06	
1.76625e+06	1.74975e+06	1.7995e+06	1.77425e+06	1.78875e+06	
1.78e+06	1.74225e+06	1.765e+06	1.80025e+06	1.7365e+06	
1.736e+06	1.719e+06	1.67675e+06	1.7195e+06	1.7505e+06	
1.746e+06	1.75675e+06	1.768e+06	1.7625e+06	1.7165e+06	
1.7845e+06	1.787e+06	1.74525e+06	1.73025e+06	1.698e+06	
1.72575e+06	1.7415e+06	1.748e+06	1.73275e+06	1.751e+06	
1.773e+06	1.74275e+06	1.72275e+06	1.75425e+06	1.75675e+06	
1.73225e+06	1.7315e+06	1.71775e+06	1.739e+06	1.736e+06	
1.72325e+06	1.773e+06	1.736e+06	1.72025e+06	1.71775e+06	
1.7505e+06	1.7165e+06	1.72825e+06	1.6855e+06	1.756e+06	
1.7195e+06	1.77175e+06	1.73475e+06	1.702e+06	1.717e+06	
1.68175e+06	1.7435e+06	1.7095e+06	1.74275e+06	1.68875e+06	
1.69e+06	1.729e+06	1.722e+06	1.6975e+06	1.69175e+06	
1.693e+06	1.66775e+06	1.673e+06	1.678e+06	1.66925e+06	
1.6905e+06	1.6835e+06	1.67425e+06	1.66775e+06	1.67175e+06	
1.705e+06	1.671e+06	1.66975e+06	1.65725e+06	1.6635e+06	
1.6785e+06	1.67175e+06	1.67975e+06	1.61375e+06	1.63575e+06	
1.659e+06	1.6685e+06	1.642e+06	1.6375e+06	1.6875e+06	
1.698e+06	1.6615e+06	1.635e+06	1.66275e+06	1.6395e+06	
1.664e+06	1.6105e+06	1.6205e+06	1.63375e+06	1.66475e+06	
1.6325e+06	1.62575e+06	1.65025e+06	1.654e+06	1.57775e+06	
1.63825e+06	1.6155e+06	1.61625e+06	1.608e+06	1.64325e+06	
1.66475e+06	1.61425e+06	1.63125e+06	1.62875e+06	1.606e+06	
1.63125e+06	1.5865e+06	1.6375e+06	1.60875e+06	1.62e+06	
1.64075e+06	1.5715e+06	1.60675e+06	1.5915e+06	1.6225e+06	
1.59475e+06	1.59925e+06	1.6565e+06	1.59925e+06	1.6155e+06	
1.61925e+06	1.584e+06	1.613e+06	1.598e+06	1.59025e+06	
1.61e+06	1.5745e+06	1.58775e+06	1.598e+06	1.54875e+06	
1.584e+06	1.57325e+06	1.59975e+06	1.59925e+06	1.59225e+06	
1.60675e+06	1.5495e+06	1.59475e+06	1.61375e+06	1.6125e+06	
1.58475e+06	1.601e+06	1.579e+06	1.5745e+06	1.569e+06	
1.58725e+06	1.5885e+06	1.589e+06	1.58525e+06	1.6055e+06	
1.58475e+06	1.625e+06	1.57525e+06	1.54875e+06	1.56825e+06	
1.5885e+06	1.5815e+06	1.61125e+06	1.59475e+06	1.581e+06	
1.5645e+06	1.61e+06	1.601e+06	1.54125e+06	1.57075e+06	
1.5835e+06	1.58525e+06	1.56575e+06	1.5985e+06	1.5745e+06	
1.57075e+06	1.58525e+06	1.552e+06	1.574e+06	1.584e+06	
1.58475e+06	1.54175e+06	1.598e+06	1.562e+06	1.54125e+06	
1.56e+06	1.57075e+06	1.60425e+06	1.56325e+06	1.516e+06	
1.55825e+06	1.562e+06	1.5375e+06	1.54175e+06	1.5575e+06	
1.526e+06	1.579e+06	1.5185e+06	1.54625e+06	1.5785e+06	
1.526e+06	1.54625e+06	1.55575e+06	1.547e+06	1.5255e+06	
1.5405e+06	1.5115e+06	1.5085e+06	1.5405e+06	1.50275e+06	
1.51225e+06	1.5235e+06	1.49025e+06	1.4795e+06	1.518e+06	
1.50725e+06	1.50525e+06	1.506e+06	1.4865e+06	1.4845e+06	
1.5405e+06	1.50525e+06	1.509e+06	1.4965e+06	1.52225e+06	
1.489e+06	1.48775e+06	1.50225e+06	1.4825e+06	1.45675e+06	
1.5035e+06	1.489e+06	1.47875e+06	1.44675e+06	1.5285e+06	
1.4745e+06	1.4865e+06	1.46425e+06	1.48075e+06	1.4795e+06	
1.44925e+06	1.47825e+06	1.4575e+06	1.4575e+06	1.458e+06	
1.48075e+06	1.482e+06	1.485e+06	1.41075e+06	1.4795e+06	
1.436e+06	1.4555e+06	1.46425e+06	1.43275e+06	1.44675e+06	
1.46375e+06	1.46e+06	1.417e+06	1.45425e+06	1.426e+06	
1.43275e+06	1.441e+06	1.43275e+06	1.4095e+06	1.45425e+06	
1.42275e+06	1.41075e+06	1.439e+06	1.4215e+06	1.417e+06	
1.412e+06	1.3635e+06	1.38125e+06	1.3805e+06	1.40625e+06	
1.35025e+06	1.36675e+06	1.356e+06	1.38675e+06	1.34975e+06	
1.37425e+06	1.356e+06	1.3975e+06	1.34575e+06	1.32875e+06	
1.33525e+06	1.3565e+06	1.3415e+06	1.3345e+06	1.33075e+06	
1.35525e+06	1.31e+06	1.317e+06	1.29425e+06	1.3485e+06	
1.322e+06	1.30175e+06	1.3105e+06	1.29475e+06	1.30175e+06	
1.3075e+06	1.2905e+06	1.2955e+06	1.264e+06	1.2935e+06	
1.31175e+06	1.2815e+06	1.276e+06	1.28925e+06	1.2525e+06	
1.2885e+06	1.2475e+06	1.28025e+06	1.271e+06	1.2525e+06	
1.2645e+06	1.267e+06	1.26575e+06	1.2255e+06	1.216e+06	
1.25575e+06	1.2495e+06	1.245e+06	1.223e+06	1.2495e+06	
1.2255e+06	1.2425e+06	1.25775e+06	1.21925e+06	1.19075e+06	
1.22425e+06	1.2355e+06	1.264e+06	1.24825e+06	1.211e+06	
1.24e+06	1.225e+06	1.22875e+06	1.22875e+06	1.24125e+06	
1.228e+06	1.2255e+06	1.24625e+06	1.225e+06	1.2355e+06	
1.18075e+06	1.24825e+06	1.23e+06	1.2035e+06	1.21675e+06	
1.22225e+06	1.21975e+06	1.2085e+06	1.23175e+06	1.24075e+06	
1.23175e+06	1.2275e+06	1.2355e+06	1.2325e+06	1.2355e+06	
1.245e+06	1.269e+06	1.22425e+06	1.2445e+06	1.23425e+06	
1.2425e+06	1.2275e+06	1.22425e+06	1.24625e+06	1.23125e+06	
1.23675e+06	1.2425e+06	1.21225e+06	1.25075e+06	1.2065e+06	
1.23875e+06	1.211e+06	1.23425e+06	1.2255e+06	1.24125e+06	
1.223e+06	1.24875e+06	1.24625e+06	1.245e+06	1.235e+06	
1.2665e+06	1.26575e+06	1.25075e+06	1.27225e+06	1.271e+06	
1.27775e+06	1.308e+06	1.2935e+06	1.27725e+06	1.2695e+06	
1.2985e+06	1.284e+06	1.28675e+06	1.28675e+06	1.28475e+06	
1.29475e+06	1.286e+06	1.296e+06	1.28275e+06	1.2835e+06	
1.28025e+06	1.2785e+06	1.26575e+06	1.26275e+06	1.26025e+06	
1.23925e+06	1.264e+06	1.2715e+06	1.257e+06	1.2235e+06	
1.201e+06	1.211e+06	1.20475e+06	1.194e+06	1.22175e+06	
1.19475e+06	1.19025e+06	1.16125e+06	1.155e+06	1.165e+06	
1.16375e+06	1.14925e+06	1.143e+06	1.14425e+06	1.114e+06	
1.15925e+06	1.1455e+06	1.1355e+06	1.13425e+06	1.15425e+06	
1.17125e+06	1.17375e+06	1.184e+06	1.17e+06	1.14225e+06	
1.1915e+06	1.20525e+06	1.1845e+06	1.1815e+06	1.1915e+06	
1.211e+06	1.21725e+06	1.2355e+06	1.225e+06	1.23625e+06	
1.23175e+06	1.24875e+06	1.2205e+06	1.2325e+06	1.2425e+06	
1.24375e+06	1.242e+06	1.2305e+06	1.235e+06	1.23125e+06	
1.2545e+06	1.23425e+06	1.252e+06	1.221e+06	1.2375e+06	
1.238e+06	1.2565e+06	1.19475e+06	1.22675e+06	1.22925e+06	
1.24825e+06	1.21475e+06	1.21225e+06	1.23125e+06	1.2445e+06	
1.257e+06	1.2695e+06	1.23875e+06	1.24125e+06	1.25775e+06	
1.247e+06	1.23175e+06	1.24625e+06	1.2185e+06	1.24325e+06	
1.26575e+06	1.23675e+06	1.21675e+06	1.2355e+06	1.264e+06	
1.216e+06	1.2155e+06	1.23875e+06	1.2155e+06	1.213e+06	
1.22625e+06	1.19325e+06	1.2135e+06	1.20275e+06	1.2105e+06	
1.19525e+06	1.2205e+06	1.19025e+06	1.19025e+06	1.2085e+06	
1.21425e+06	1.199e+06	1.1965e+06	1.19775e+06	1.15675e+06	
1.18075e+06	1.1915e+06	1.1965e+06	1.1745e+06	1.22175e+06	
1.194e+06	1.19075e+06	1.1815e+06	1.19975e+06	1.19725e+06	
1.1725e+06	1.204e+06	1.17875e+06	1.163e+06	1.17325e+06	
1.18075e+06	1.1745e+06	1.18575e+06	1.177e+06	1.19275e+06	
1.1815e+06	1.2015e+06	1.17e+06	1.2085e+06	1.18325e+06	
1.14875e+06	1.18025e+06	1.199e+06	1.19475e+06	1.1675e+06	
1.2105e+06	1.184e+06	1.19525e+06	1.1745e+06	1.167e+06	
1.235e+06	1.18525e+06	1.17125e+06	1.1815e+06	1.2015e+06	
1.2065e+06	1.19075e+06	1.175e+06	1.20975e+06	1.19725e+06	
1.19775e+06	1.19775e+06	1.15425e+06	1.23175e+06	1.18275e+06	
1.17625e+06	1.18075e+06	1.1625e+06	1.16575e+06	1.17325e+06	
1.17325e+06	1.17e+06	1.16825e+06	1.1895e+06	1.1555e+06	
1.18575e+06	1.13675e+06	1.165e+06	1.165e+06	1.1625e+06	
1.16e+06	1.17375e+06	1.18075e+06	1.15425e+06	1.172e+06	
1.19475e+06	1.19725e+06	1.1555e+06	1.155e+06	1.18325e+06	
1.17375e+06	1.16375e+06	1.18825e+06	1.15875e+06	1.1865e+06	
1.20525e+06	1.18575e+06	1.19775e+06	1.16825e+06	1.1775e+06	
1.16625e+06	1.15175e+06	1.1795e+06	1.1645e+06	1.19075e+06	
1.17575e+06	1.1725e+06	1.184e+06	1.1645e+06	1.17575e+06	
1.18075e+06	1.16575e+06	1.17625e+06	1.13675e+06	1.184e+06	
1.17875e+06	1.20775e+06	1.175e+06	1.17625e+06	1.16875e+06	
1.16825e+06	1.1675e+06	1.17825e+06	1.199e+06	1.18825e+06	
1.16625e+06	1.211e+06	1.2035e+06	1.18575e+06	1.18025e+06	
1.1675e+06	1.1745e+06	1.19025e+06	1.17325e+06	1.19275e+06	
1.20525e+06	1.15375e+06	1.16875e+06	1.192e+06	1.1725e+06	
1.17875e+06	1.1795e+06	1.19075e+06	1.17625e+06	1.18025e+06	
1.16125e+06	1.1555e+06	1.17e+06	1.1675e+06	1.19275e+06	
1.20275e+06	1.1775e+06	1.17125e+06	1.1775e+06	1.187e+06	
1.19975e+06	1.15925e+06	1.1845e+06	1.17625e+06	1.153e+06	
1.1845e+06	1.18775e+06	1.165e+06	1.1505e+06	1.17825e+06	
1.199e+06	1.14175e+06	1.18775e+06	1.17375e+06	1.1455e+06	
1.184e+06	1.15e+06	1.201e+06	1.1795e+06	1.18075e+06	
1.20225e+06	1.177e+06	1.18525e+06	1.17575e+06	1.1985e+06	
1.2035e+06	1.16175e+06	1.1845e+06	1.15375e+06	1.175e+06	
1.1745e+06	1.18575e+06	1.16825e+06	1.155e+06	1.15625e+06	
1.1725e+06	1.18325e+06	1.16175e+06	1.155e+06	1.19775e+06	
1.175e+06	1.19325e+06	1.17875e+06	1.163e+06	1.1915e+06	
1.17325e+06	1.1795e+06	1.192e+06	1.1625e+06	1.18025e+06	
1.17875e+06	1.163e+06	1.15175e+06	1.1575e+06	1.196e+06	
1.15675e+06	1.15625e+06	1.17e+06	1.153e+06	1.15125e+06	
1.153e+06	1.14225e+06	1.158e+06	1.167e+06	1.1455e+06	
1.167e+06	1.17125e+06	1.1775e+06	1.16e+06	1.19275e+06	
1.14875e+06	1.17825e+06	1.16575e+06	1.14175e+06	1.158e+06	
1.194e+06	1.15875e+06	1.148e+06	1.15925e+06	1.184e+06	
1.17825e+06	1.1915e+06	1.17825e+06	1.14475e+06	1.155e+06	
1.1625e+06	1.153e+06	1.141e+06	1.1555e+06	1.155e+06	
1.14925e+06	1.16e+06	1.17575e+06	1.13925e+06	1.16175e+06	
1.15625e+06	1.15e+06	1.16625e+06	1.143e+06	1.146e+06	
1.17e+06	1.15e+06	1.141e+06	1.1215e+06	1.11575e+06	
1.141e+06	1.17e+06	1.1335e+06	1.1505e+06	1.1555e+06	
1.15675e+06	1.136e+06	1.15e+06	1.1335e+06	1.15675e+06	
1.14175e+06	1.14425e+06	1.14875e+06	1.1695e+06	1.119e+06	
1.16e+06	1.138e+06	1.1045e+06	1.12725e+06	1.12975e+06	
1.1315e+06	1.138e+06	1.1525e+06	1.15175e+06	1.121e+06	
1.15125e+06	1.13275e+06	1.141e+06	1.121e+06	1.15125e+06	
1.1455e+06	1.1385e+06	1.12775e+06	1.1335e+06	1.1265e+06	
1.14175e+06	1.14425e+06	1.136e+06	1.13275e+06	1.138e+06	
1.143e+06	1.14225e+06	1.1405e+06	1.14175e+06	1.1215e+06	
1.13925e+06	1.13725e+06	1.1215e+06	1.16575e+06	1.13975e+06	
1.13975e+06	1.13475e+06	1.102e+06	1.11325e+06	1.14225e+06	
1.117e+06	1.15125e+06	1.15625e+06	1.1235e+06	1.129e+06	
1.1355e+06	1.13025e+06	1.097e+06	1.1285e+06	1.1235e+06	
1.11575e+06	1.12025e+06	1.12475e+06	1.12275e+06	1.1165e+06	
1.09125e+06	1.11775e+06	1.1355e+06	1.11325e+06	1.124e+06	
1.124e+06	1.11025e+06	1.10125e+06	1.092e+06	1.085e+06	
1.138e+06	1.107e+06	1.136e+06	1.10575e+06	1.10775e+06	
1.12225e+06	1.1235e+06	1.09375e+06	1.121e+06	1.121e+06	
1.08675e+06	1.11075e+06	1.095e+06	1.08425e+06	1.109e+06	
1.08375e+06	1.0945e+06	1.083e+06	1.10575e+06	1.07875e+06	
1.0775e+06	1.07175e+06	1.05225e+06	1.08875e+06	1.049e+06	
1.10825e+06	1.09625e+06	1.05025e+06	1.07175e+06	1.05925e+06	
1.09375e+06	1.09325e+06	1.085e+06	1.07175e+06	1.07425e+06	
1.09375e+06	1.0945e+06	1.0895e+06	1.0725e+06	1.0685e+06	
1.0875e+06	1.085e+06	1.0755e+06	1.0755e+06	1.07875e+06	
1.049e+06	1.061e+06	1.097e+06	1.07875e+06	1.09375e+06	
1.09575e+06	1.075e+06	1.09325e+06	1.09125e+06	1.056e+06	
1.07375e+06	1.07425e+06	1.063e+06	1.071e+06	1.09875e+06	
1.104e+06	1.0875e+06	1.10125e+06	1.07925e+06	1.095e+06	
1.0755e+06	1.102e+06	1.07175e+06	1.07175e+06	1.075e+06	
1.0875e+06	1.08375e+06	1.0825e+06	1.07875e+06	1.07875e+06	
1.07675e+06	1.05925e+06	1.07425e+06	1.0925e+06	1.06725e+06	
1.06475e+06	1.04475e+06	1.05925e+06	1.04225e+06	1.03575e+06	
1.01075e+06	1.01375e+06	1.037e+06	1.046e+06	1.015e+06	
1.0315e+06	1.03575e+06	1.022e+06	1.0245e+06	1.034e+06	
1.01125e+06	1.0005e+06	1.03775e+06	1.022e+06	1.027e+06	
1.0395e+06	1.0295e+06	1.037e+06	1.025e+06	1.0125e+06	
1.044e+06	1.025e+06	1.037e+06	1.034e+06	1.00675e+06	
1.05225e+06	1.02825e+06	1.0465e+06	1.037e+06	1.0465e+06	
1.075e+06	1.075e+06	1.054e+06	1.073e+06	1.03825e+06	
1.06225e+06	1.0775e+06	1.0365e+06	1.05025e+06	1.044e+06	
1.054e+06	1.05275e+06	1.05525e+06	1.05525e+06	1.05675e+06	
1.04075e+06	1.06425e+06	1.06675e+06	1.03825e+06	1.06425e+06	
1.06425e+06	1.066e+06	1.037e+06	1.05525e+06	1.037e+06	
1.073e+06	1.05925e+06	1.012e+06	1.049e+06	1.05475e+06	
1.0515e+06	1.04775e+06	1.0685e+06	1.05925e+06	1.05725e+06	
1.06475e+06	1.05675e+06	1.0605e+06	1.039e+06	1.05475e+06	
1.06225e+06	1.0535e+06	1.061e+06	1.027e+06	1.0295e+06	
1.04075e+06	1.0435e+06	1.05675e+06	1.02125e+06	1.05025e+06	
1.0415e+06	1.0635e+06	1.063e+06	1.04075e+06	1.04525e+06	
1.0345e+06	1.039e+06	1.05475e+06	1.06225e+06	1.00625e+06	
1.05525e+06	1.03325e+06	1.039e+06	1.0295e+06	1.07175e+06	
1.0465e+06	1.05975e+06	1.017e+06	1.05275e+06	1.025e+06	
1.04975e+06	1.03825e+06	1.04975e+06	1.03325e+06	1.05025e+06	
1.027e+06	1.0435e+06	1.03275e+06	1.02575e+06	1.0465e+06	
1.0265e+06	1.037e+06	1.03025e+06	1.0655e+06	1.04075e+06	
1.03275e+06	1.0145e+06	1.02325e+06	1.0225e+06	1.02575e+06	
1.0485e+06	1.029e+06	1.029e+06	1.05275e+06	1.0365e+06	
1.00875e+06	1.01575e+06	1.03275e+06	1.051e+06	1.02775e+06	
1.02775e+06	1.03575e+06	1.03025e+06	1.01075e+06	1.03075e+06	
1.03825e+06	1.03525e+06	1.02375e+06	1.03275e+06	1.02325e+06	
1.03025e+06	1.0175e+06	1.01075e+06	1.0175e+06	1.02075e+06	
1.003e+06	1.0395e+06	1.03325e+06	1.029e+06	1.02575e+06	
1.04075e+06	1.02825e+06	1.0415e+06	1.012e+06	997500	
1.01875e+06	1.01075e+06	1.03525e+06	1.01825e+06	1.04475e+06	
1.02575e+06	1.01625e+06	1.02075e+06	1.005e+06	1.02575e+06	
1.0365e+06	996250	1.0195e+06	1.01375e+06	1.02575e+06	
999250	1.01625e+06	996750	1.0245e+06	995500	
998000	1.027e+06	1.00675e+06	1.00125e+06	1.005e+06	
1.00925e+06	1.017e+06	1.00875e+06	993000	1.0075e+06	
991750	995500	986750	1.0125e+06	984250	
980500	981750	977250	989250	971500	
942000	966500	968500	974750	972750	
960250	949500	949500	957750	950750	
937000	943250	959000	935000	949500	
957000	956500	967250	955750	953250	
994250	962000	966000	960750	947000	
977250	992250	991750	982250	950250	
976500	981000	978500	965250	998000	
1.00625e+06	961500	988500	955250	989750	
987250	955750	974750	980500	977750	
997500	973500	962750	965250	974750	
964750	978500	974750	964750	964000	
958250	988000	975250	957750	993000	
990500	986000	998000	959000	967250	
989750	967750	972250	981750	983000	
981000	967750	995500	975250	968500	
964750	962750	939500	966000	994750	
976500	984250	985500	952750	972750	
985500	996750	996750	971000	981000	
957000	960250	963250	958250	955250	
965250	950250	940000	959000	972750	
954500	951500	944500	966500	973500	
959500	977250	954000	960250	959000	
966500	964750	949500	952750	965250	
950750	965250	951500	947500	952750	
962750	952750	946250	943250	936250	
957000	964750	945750	945750	959000	
966000	947000	938250	951500	960750	
939500	948250	937000	957750	940000	
926250	965250	938250	943750	959000	
962750	961500	942000	946250	942000	
947000	960750	933750	945000	949500	
954000	944500	933750	947000	945000	
902750	912250	943250	937500	936250	
920500	951500	925000	929250	937000	
942500	954500	934500	933000	909250	
916750	931250	909250	943750	945750	
934500	942000	924250	914250	933750	
937500	948750	942500	935000	924250	
926250	925500	930000	913000	921750	
928750	935750	920500	931250	924250	
926750	929250	940750	944500	942500	
928000	943250	929250	920500	944500	
909750	926750	926250	940000	921750	
926750	945000	927500	885750	923000	
945750	927500	932500	923000	921750	
902750	930500	908500	918000	931250	
894750	897250	934500	911000	906750	
908500	909250	915500	906000	923000	
899000	914750	889750	908000	880750	
904750	903500	896000	921250	887750	
891000	917250	911750	907250	904250	
906000	921250	902750	891500	900250	
889000	884000	916000	901500	907250	
894000	922500	909750	911000	897750	
880750	880250	885250	910500	875750	
890250	909750	875250	889750	896500	
915500	911750	896000	895250	909750	
895250	905500	913000	895250	909750	
877750	875750	872000	891500	883250	
889000	888500	889750	893500	919250	
893500	869500	869500	877000	885250	
893500	910500	892750	870750	893500	
897250	870750	870750	884500	897250	
904750	904250	889750	881500	899000	
885250	867500	877000	865000	876500	
879000	874500	878250	888500	873250	
853750	868250	872000	874000	874000	
875750	887750	874000	883250	863250	
867000	868750	877000	846250	867500	
851750	867000	845500	879500	857500	
865000	875750	872500	871250	886500	
868750	852500	858250	838500	852500	
891500	879500	875250	860000	855000	
868250	877750	855500	857500	839250	
862000	853000	871250	880750	845500	
865750	833500	862000	842500	850000	
851250	851750	871250	850000	862000	
865000	874500	834250	867000	851750	
860000	867000	855000	849250	845500	
844250	881500	856250	868750	865000	
848750	867500	848000	849250	860750	
857500	853000	862500	872000	844250	
869500	838000	848000	850500	850500	
862000	854250	830500	875750	821000	
846750	828500	860000	842500	844250	
852500	844250	846250	851750	842500	
836750	846250	848000	851750	860750	
859500	819750	826000	847500	827250	
829250	828000	831000	843750	843750	
816500	836000	834250	849250	817750	
856750	841750	842500	838000	816500	
844250	819750	855000	834250	832250	
819000	819000	827250	815250	835500	
819000	842500	822250	816000	828500	
804000	818500	826500	817750	818500	
799000	816500	819000	804500	816500	
811500	821500	812750	812750	819000	
805250	819000	792500	805750	818500	
828000	797750	790000	805750	803250	
802750	784500	811500	804500	797000	
778750	793750	792500	825250	791250	
791250	788750	785750	804500	787500	
804500	787500	779250	790750	787000	
816000	779250	780500	770500	759250	
803250	777500	782500	790000	786250	
796500	790000	803250	789500	782500	
797750	782500	810750	770000	790750	
780000	776750	775000	774250	778750	
765500	799000	773000	771750	772500	
760500	774250	776750	760500	777500	
770000	779250	775500	761000	792000	
768000	763000	787000	765500	758000	
773000	787500	761750	773750	764750	
750500	786250	761750	758500	761750	
753000	773750	772500	769250	788250	
732750	767500	778000	790000	766250	
753000	769250	757250	746500	766750	
765500	758000	757250	763500	769250	
760500	767500	778750	742250	758500	
756750	766250	739000	762250	768000	
744000	746500	774250	769250	773750	
766750	764750	764250	743500	770000	
792000	768000	775500	790000	751000	
776750	766750	759750	766750	790000	
778750	771250	762250	761750	783250	
788750	797750	770000	770000	805250	
788750	776750	777500	778750	794500	
800250	790750	769250	782000	796500	
787500	799000	780500	795000	797000	
770000	801500	775500	766250	765500	
791250	774250	780500	783250	795750	
770000	771250	769250	782500	787500	
768000	780500	777500	780000	780000	
775500	786250	782000	769250	787500	
768000	773750	760500	796500	770500	
777500	782500	782000	753000	778000	
768000	761000	781250	774250	770500	
763000	765500	764250	756750	756750	
765500	807750	751000	764750	763000	
747750	771250	758000	767500	759250	
732750	760500	743500	745250	750500	
766750	777500	756000	758500	744000	
771750	759250	741000	727000	749750	
754250	737750	739750	751750	749000	
742750	771250	769250	758000	758500	
742750	753000	761000	760500	741500	
754750	761750	751000	739750	752250	
775000	739750	754750	750500	736500	
764750	747750	747750	757250	748500	
749000	756000	768750	745250	758500	
739000	754250	737250	747750	748500	
754250	762250	759750	755500	746500	
761750	741500	754250	756750	748500	
737750	740250	761750	758000	753500	
742250	751000	744750	756750	752250	
741000	734500	751750	746500	759750	
739750	725250	741500	724000	734500	
732000	729500	753500	754750	734500	
725250	760500	727000	732750	737250	
745250	743500	718750	747250	749000	
737250	758000	724500	762250	753000	
725250	732750	743500	746000	759250	
740250	730250	717000	754250	761750	
729000	737750	737750	744000	741500	
721500	747250	723250	740250	728250	
734000	725250	741500	721500	734000	
749000	726500	744750	743500	747250	
751750	726500	722750	722000	720750	
756000	729000	754250	756000	743500	
747250	729000	748500	742750	737250	
742250	722750	718250	739750	742250	
746000	742250	720250	737250	729000	
713250	748500	735250	737750	722000	
751000	747250	709500	734500	722000	
722750	732000	724500	721500	727750	
729000	708750	736000	720250	722750	
743500	749000	727750	731500	743500	
744750	773750	727750	720250	724000	
749750	758000	735250	749000	749000	
730250	746500	726500	725750	730250	
743500	759750	730750	731500	742750	
739750	730750	735250	753500	720750	
712500	744750	749000	742750	732000	
747750	730250	726500	746000	753500	
758000	728250	733250	733250	745250	
733250	725250	734500	738500	739000	
724000	739750	742750	725750	737250	
731500	720250	741000	740250	740250	
725250	734000	722000	724500	730750	
722750	723250	718250	737250	730250	
734500	724000	717500	737250	742250	
743500	735250	706250	746000	737750	
733250	731500	738500	717500	731500	
720250	730750	734000	721500	724500	
711250	707000	723250	730250	732750	
734000	742250	706250	722750	740250	
728250	732750	732000	723250	729000	
737250	709500	725750	725250	724500	
705000	713250	717000	713250	716250	
717000	734000	712000	716250	741500	
713250	716250	713250	701250	736500	
700500	715000	721500	724500	723250	
706250	751750	743500	718750	716250	
722750	720750	722750	727000	734500	
707500	705750	720250	720750	712000	
698000	717000	717000	701750	733250	
701750	722750	718250	715000	725750	
700500	707000	700500	710750	718250	
718750	694250	688500	710000	706250	
708750	688000	720250	700500	705000	
698000	696250	695000	703750	712000	
706250	681000	700500	688500	684250	
700500	676000	693000	694250	679250	
690500	678500	688000	681000	685500	
698000	674250	677250	669000	693750	
674250	686750	686000	667750	672250	
674250	681750	704500	683000	679750	
694250	683000	684250	662250	668500	
672750	688000	662750	681750	670250	
652750	692500	667250	659750	681750	
673500	661000	672750	678000	681000	
681000	663500	662250	676750	652000	
681000	667750	669750	671000	662750	
655250	652750	655250	663500	664000	
652750	659750	653250	657000	654500	
685500	669000	650250	650250	667750	
645250	650250	663500	653250	653250	
659000	645250	663500	657750	649000	
666500	655250	683000	654000	648250	
647750	650750	642500	639500	640750	
638750	649500	647750	659000	641250	
657750	672750	640000	640000	642500	
649500	675500	650250	649000	655750	
664750	627500	661500	658500	660250	
659000	636250	652750	650750	641250	
644500	652000	652750	659750	630750	
644000	662750	660250	683000	667750	
661000	645250	649000	653250	654000	
653250	630000	663500	661500	660250	
650750	630750	633750	641250	624250	
635750	653250	633750	635750	660250	
655750	631250	638750	650250	671500	
667750	656500	663500	650250	652000	
654000	646500	665250	647000	650250	
661500	670250	662250	635750	640750	
669000	674250	662250	638750	630000	
654000	658500	668500	664000	657000	
661500	671000	652750	679250	649500	
662250	649500	666500	652000	665250	
671000	678000	649500	672750	661500	
668500	663500	652000	653250	659000	
667250	654000	641250	676000	647000	
669750	667750	671500	668500	657000	
661000	677250	677250	650750	676750	
672750	651500	654500	664000	659750	
691750	678000	663500	670250	645750	
658500	661000	667250	654000	643250	
669750	680500	672250	666500	654500	
674250	664750	663500	669000	654500	
662750	645750	661000	654500	642000	
655750	660250	659000	669000	651500	
667750	651500	643250	643250	652750	
639500	646500	664750	649500	661000	
652000	653250	660250	650750	650750	
659000	637500	647750	650750	644500	
645250	660250	643250	628250	649500	
647750	635750	664000	641250	650250	
655750	649500	638250	676000	657750	
657000	652750	661500	654000	650250	
647000	654000	660250	652750	655750	
646500	654000	651500	644000	647000	
642500	633750	666000	648250	646500	
660250	632000	645250	647750	661500	
669750	649000	657000	661000	650250	
645750	654500	666500	646500	638750	
662250	633250	654500	639500	644500	
670250	664750	659000	657750	654500	
654000	644500	640000	644000	663500	
649500	640750	667250	652750	657750	
645250	633250	639500	642000	657000	
647000	657750	639500	643250	666000	
644000	654500	648250	654000	663500	
628250	642000	654000	644500	646500	
633250	664000	659750	647750	645250	
647750	647750	666000	652000	648250	
640750	638750	658500	647750	632500	
648250	650750	676750	652000	645250	
650250	635750	635750	648250	640750	
645250	639500	653250	645250	666500	
657750	647750	644000	664750	660250	
642500	662250	647750	650250	655250	
642500	655250	650750	645750	644000	
640000	664000	652750	652750	650250	
652750	633250	647750	645250	650750	
640000	654000	649500	654500	652750	
659000	647000	651500	637500	645250	
646500	641250	642500	632500	659750	
665250	673500	647750	640000	654000	
637500	641250	669000	654000	655250	
635000	657000	673500	642000	642500	
626750	632000	634500	642500	650250	
637000	653250	633750	637500	639500	
649000	647750	637500	637500	657000	
638750	658500	643250	633250	654000	
654000	655750	644000	637000	656500	
635750	648250	644500	656500	646500	
643250	642500	644500	621250	616750	
649500	656500	637500	652750	623000	
649500	645250	664000	675500	642000	
647000	656500	667250	655750	642000	
636250	656500	684750	644500	658500	
659000	641250	639500	664750	654500	
659750	640750	666500	651500	646500	
642000	652750	652000	649000	639500	
647000	643250	643250	655250	639500	
644500	650750	652000	642000	659000	
632000	655750	661000	650750	645750	
643250	636250	658500	634500	657000	
663500	655250	637000	644500	653250	
647000	650250	647750	637500	643250	
645750	649000	621750	648250	647000	
648250	638750	656500	650250	645250	
647750	635750	660250	621750	655750	
640000	655250	637000	640750	647750	
640750	645250	656500	645250	655250	
633750	655750	655750	636250	648250	
644000	634500	632000	662750	646500	
637500	654000	655250	630750	659000	
630000	636250	643250	650250	656500	
641250	635000	638250	642500	635000	
653250	641250	649000	645750	644000	
638250	650750	642000	642500	637000	
654000	632000	645250	655250	652000	
641250	645750	651500	662750	647000	
629500	630000	636250	650250	628750	
638750	630750	659750	646500	640750	
666500	642500	658500	647750	652000	
629500	647000	638750	646500	677250	
654500	644000	648250	665250	655750	
640750	655250	634500	647750	649500	
648250	644000	642000	624250	650250	
639500	638750	649000	646500	644500	
649500	644500	638250	648250	632000	
637000	643250	656500	660250	646500	
642500	659000	649500	637500	657000	
638750	663500	644500	639500	645250	
644500	661000	652000	634500	667250	
618000	662250	664000	641250	616750	
633250	642500	634500	631250	638250	
654000	643250	661000	654000	661000	
623000	647750	629500	633250	632500	
647000	645250	640750	634500	643250	
623750	652000	643250	649500	629500	
649000	657750	635750	637000	659000	
657000	652750	638750	654500	657750	
657750	645250	647000	646500	651500	
650750	636250	654000	647000	636250	
644500	628250	640000	645750	645750	
637000	641250	640000	652000	644500	
629500	652750	649500	653250	644000	
654000	652750	630750	655750	657000	
652750	647000	643250	657000	649500	
645750	644000	646500	649000	642500	
647000	639500	630000	658500	635750	
640750	660250	655750	651500	652000	
655750	640000	656500	647750	645750	
657750	629500	649000	638250	642000	
649000	625500	638250	653250	635000	
647000	637000	644000	660250	633750	
641250	644000	656500	643250	639500	
655250	654000	647000	651500	633750	
636250	629500	645750	651500	628250	
634500	645250	651500	655250	645250	
638250	649500	640750	628750	657000	
642000	655750	634500	641250	661000	
655250	637000	625500	650750	638250	
652000	634500	635000	637000	623750	
638250	657750	653250	644000	649000	
645250	648250	627500	634500	644500	
639500	646500	650750	635750	656500	
642500	638250	647750	631250	644000	
648250	645750	631250	650750	629500	
636250	644000	636250	642000	645750	
622500	628750	651500	657000	647000	
640750	633250	638750	630000	645750	
633750	645250	641250	629500	645750	
621250	640000	657000	646500	637000	
637000	648250	649500	633250	631250	
632500	629500	638250	652000	633250	
645250	623750	632000	622500	642500	
643250	647750	654500	644500	642500	
635750	656500	649500	632000	629500	
655750	642500	623000	652750	635750	
644000	634500	630000	648250	630000	
649000	628250	626750	661500	657750	
636250	636250	643250	642000	636250	
641250	643250	645750	652000	621750	
632500	632500	640000	644000	631250	
633250	644500	626250	649000	628750	
635750	644000	638250	657000	650250	
632000	645750	628750	650750	640750	
632000	656500	628750	650750	629500	
633750	633750	649000	654500	642000	
623750	629500	635750	638250	644500	
633750	654500	630000	633250	627500	
632000	640000	640750	646500	626250	
634500	637000	629500	633750	620500	
657000	643250	642000	642000	621750	
645750	623000	633750	638750	629500	
640750	621750	641250	644000	642500	
645750	642500	632500	644500	642000	
630750	633250	629500	640750	632500	
625500	638750	634500	623000	638250	
644000	633750	630750	626750	630750	
641250	640750	635750	629500	638750	
635000	655250	625000	633250	649500	
640000	635000	634500	638750	632500	
630000	628250	634500	632500	635000	
629500	630750	638750	661000	630000	
643250	661500	635000	644500	640750	
635000	644000	625000	636250	637000	
627500	637500	639500	644500	647750	
632500	646500	643250	637500	650250	
640750	646500	634500	632500	636250	
627500	619250	652750	634500	622500	
641250	630750	635000	637000	643250	
644000	633750	671000	639500	625000	
638750	643250	625000	628750	621250	
636250	619250	638250	640000	638250	
641250	635750	632500	635750	617500	
648250	631250	642500	637000	636250	
630750	644500	636250	647000	623750	
648250	644000	620000	629500	634500	
637000	647000	654000	635000	632500	
614250	646500	641250	645250	644000	
632500	630750	644000	644500	623000	
647750	634500	633250	648250	635750	
644000	638250	622500	629500	625500	
643250	640750	635750	636250	633750	
640750	637000	620500	630000	640750	
630000	623750	638250	632000	640000	
633750	650750	637500	641250	641250	
632000	647750	632500	630750	640000	
637500	644000	628750	643250	647000	
608500	639500	636250	637500	636250	
628750	629500	635000	645750	636250	
621750	635000	630000	619250	634500	
653250	632500	646500	647750	644000	
622500	626750	635750	630000	630750	
633250	653250	629500	638750	638250	
637000	620500	633750	637500	621750	
634500	650250	644000	640750	629500	
625000	637500	634500	638750	639500	
640000	616750	652750	632500	642500	
615000	640000	616750	635750	630000	
650750	659000	643250	632500	630750	
633250	641250	632000	635000	649500	
649000	632500	630750	616750	633250	
635000	652000	625000	623750	621250	
644000	627500	633250	642500	632500	
641250	657000	632500	649000	640000	
623750	634500	637000	659000	637000	
618000	630000	636250	626750	646500	
622500	629500	621250	639500	649500	
633250	642500	651500	616250	649000	
634500	644500	645250	628250	630000	
637000	620500	625500	640750	634500	
631250	642500	621750	634500	628250	
625000	630750	610500	628250	619250	
652750	645250	639500	644500	624250	
638250	606750	644000	641250	630000	
625500	644000	640000	654000	630750	
628250	636250	614250	621750	633750	
627500	635000	627500	646500	638250	
628750	631250	632000	652000	633250	
620000	638250	623000	637000	645250	
632500	624250	636250	609250	642500	
641250	628250	658500	640750	630750	
644000	641250	637500	629500	625000	
640750	614250	623000	623000	623750	
644000	626250	623750	643250	635000	
627500	630750	648250	629500	620000	
626750	637500	633750	623750	621250	
623000	642000	635000	649500	623750	
622500	632000	630000	627500	618000	
633250	624250	638250	638750	625000	
635000	625000	644000	632000	626250	
640750	660250	645750	640750	625500	
627500	640750	642500	625500	649500	
645250	652000	649000	638750	640000	
640000	633250	636250	614250	647750	
635000	633750	628250	640750	626750	
615000	635000	626250	618750	621250	
631250	635000	644000	615000	640750	
649000	633250	632000	624250	644000	
628750	617500	633250	626750	644000	
635000	644500	637500	623750	637000	
644000	627500	633250	611750	640750	
629500	630000	640750	628750	641250	
637000	607250	630750	630750	639500	
610500	640000	638750	624250	619250	
631250	639500	635000	623000	628250	
637000	640000	635000	621750	633750	
633250	635000	626250	637000	639500	
635750	637500	620000	642500	647000	
645250	644000	613000	630750	623000	
634500	633250	618750	625000	631250	
630750	622500	645250	609250	638250	
631250	645250	635750	637000	624250	
623750	640000	638750	621250	639500	
623750	618000	621250	635000	642500	
644500	635000	624250	644000	645750	
651500	659000	642500	615500	638750	
619250	622500	633750	632000	629500	
619250	622500	633750	632000	629500	
619250	622500	633750	632000	629500	
