4250	4250	4250	4250	4250	
7.13825e+06	7.13825e+06	7.13825e+06	7.13825e+06	7.13825e+06	
538750	529750	531000	538000	530500	
516500	519750	507750	505250	521750	
510250	509000	531000	515250	519750	
512250	511500	519750	526000	512250	
514750	524250	510250	517250	513500	
526000	510250	514000	509750	524750	
524250	519000	538750	529750	525500	
516000	536750	517250	518500	519000	
525500	517750	536750	541250	528000	
543000	519000	524750	523000	519750	
517250	516000	515250	521750	533000	
535500	535500	529750	521750	545000	
543750	536750	535500	536250	533000	
547500	540000	560750	556250	541250	
560000	552000	548000	551250	558250	
554500	570250	553750	555750	546250	
558750	566250	560750	559500	570750	
550000	565750	563750	577750	570250	
599750	553250	567750	574000	558750	
582250	567000	579000	569000	570250	
592250	580750	581500	599250	581500	
661000	666000	669750	655250	638250	
829250	833500	845000	824000	825250	
831750	843750	860750	861250	832250	
848000	850500	865000	846250	869500	
846750	843750	853750	846250	870000	
860750	863250	874000	874500	874500	
863250	875250	869500	869500	863750	
893500	848750	877750	882750	862000	
887750	881500	879500	905500	882000	
908500	939500	901500	908000	920000	
945750	952000	920500	917250	952750	
925500	907250	942500	937500	930500	
947000	919250	921250	945000	935000	
936250	921750	942500	948750	932500	
909250	928000	949500	962750	933750	
930000	910500	937500	932500	935000	
942500	933750	941250	926250	921250	
920500	976000	957000	942500	928750	
967250	966000	959000	978500	960250	
979750	995500	968500	961500	1.0025e+06	
993000	988000	979000	1.01075e+06	1.02325e+06	
986750	1.0075e+06	1.04525e+06	988500	1.01125e+06	
984250	985500	991000	983000	1.00375e+06	
987250	988000	971000	995500	1.0055e+06	
1.0125e+06	981750	974000	992250	996250	
988000	980500	978500	1.008e+06	1.00425e+06	
967250	959500	973500	975250	967750	
925500	956500	946250	957750	956500	
949500	925000	964000	947500	967750	
948250	934500	973500	971000	966500	
930000	941250	907250	926250	949500	
914250	908000	904750	898500	927500	
914750	939500	931750	928750	899000	
972250	967750	984750	974000	986750	
1.0245e+06	1.0175e+06	1.05725e+06	1.022e+06	1.02775e+06	
1.0585e+06	1.0605e+06	1.05225e+06	1.06175e+06	1.0655e+06	
1.034e+06	1.06975e+06	1.07875e+06	1.04775e+06	1.046e+06	
1.003e+06	1.00375e+06	998750	1.015e+06	1.03275e+06	
996250	996750	1.00125e+06	1.0025e+06	998750	
1.01625e+06	989750	1.005e+06	1.02775e+06	1.0125e+06	
988000	1e+06	1.034e+06	1.00675e+06	984750	
1.02075e+06	1.0465e+06	1.03825e+06	1.063e+06	1.027e+06	
1.04225e+06	1.0725e+06	1.085e+06	1.058e+06	1.07675e+06	
1.08e+06	1.112e+06	1.11275e+06	1.09075e+06	1.095e+06	
1.0975e+06	1.078e+06	1.0755e+06	1.044e+06	1.0945e+06	
1.07875e+06	1.0755e+06	1.061e+06	1.0855e+06	1.10575e+06	
1.0925e+06	1.10775e+06	1.11525e+06	1.12475e+06	1.126e+06	
1.102e+06	1.121e+06	1.09325e+06	1.121e+06	1.109e+06	
1.0755e+06	1.09625e+06	1.11575e+06	1.126e+06	1.10075e+06	
1.12975e+06	1.126e+06	1.126e+06	1.119e+06	1.1215e+06	
1.21225e+06	1.16625e+06	1.21475e+06	1.17375e+06	1.18525e+06	
1.24575e+06	1.22175e+06	1.21425e+06	1.22625e+06	1.2205e+06	
1.2235e+06	1.23425e+06	1.2205e+06	1.24575e+06	1.24375e+06	
1.23925e+06	1.216e+06	1.2355e+06	1.271e+06	1.2545e+06	
1.2135e+06	1.209e+06	1.233e+06	1.2425e+06	1.23125e+06	
1.19475e+06	1.2105e+06	1.245e+06	1.21675e+06	1.24125e+06	
1.2135e+06	1.20775e+06	1.238e+06	1.23925e+06	1.21725e+06	
1.1815e+06	1.1865e+06	1.216e+06	1.20975e+06	1.184e+06	
1.19525e+06	1.2355e+06	1.20725e+06	1.211e+06	1.218e+06	
1.213e+06	1.2205e+06	1.25e+06	1.216e+06	1.23925e+06	
1.28925e+06	1.23125e+06	1.26775e+06	1.276e+06	1.25575e+06	
1.305e+06	1.24625e+06	1.313e+06	1.33275e+06	1.27775e+06	
1.33e+06	1.26825e+06	1.29725e+06	1.30425e+06	1.29225e+06	
1.2665e+06	1.2905e+06	1.2615e+06	1.2595e+06	1.27775e+06	
1.27025e+06	1.23125e+06	1.23625e+06	1.2595e+06	1.24575e+06	
1.24825e+06	1.25325e+06	1.303e+06	1.29175e+06	1.2765e+06	
1.25325e+06	1.291e+06	1.298e+06	1.25825e+06	1.28275e+06	
1.233e+06	1.25375e+06	1.2935e+06	1.23675e+06	1.2735e+06	
1.16625e+06	1.20475e+06	1.22425e+06	1.213e+06	1.211e+06	
1.177e+06	1.204e+06	1.22175e+06	1.238e+06	1.23125e+06	
1.1895e+06	1.24e+06	1.20975e+06	1.22175e+06	1.247e+06	
1.167e+06	1.1505e+06	1.18575e+06	1.18325e+06	1.15425e+06	
1.10775e+06	1.11325e+06	1.124e+06	1.1385e+06	1.163e+06	
1.14225e+06	1.14175e+06	1.1285e+06	1.17075e+06	1.1575e+06	
1.14425e+06	1.16875e+06	1.1625e+06	1.17325e+06	1.1675e+06	
1.1215e+06	1.1455e+06	1.153e+06	1.18775e+06	1.18025e+06	
1.19975e+06	1.1965e+06	1.20275e+06	1.223e+06	1.19725e+06	
1.25825e+06	1.2735e+06	1.284e+06	1.301e+06	1.2495e+06	
1.2765e+06	1.26275e+06	1.29725e+06	1.30625e+06	1.3055e+06	
1.30675e+06	1.29475e+06	1.3055e+06	1.305e+06	1.29675e+06	
1.2765e+06	1.33275e+06	1.35025e+06	1.332e+06	1.32325e+06	
1.3155e+06	1.34025e+06	1.347e+06	1.30175e+06	1.366e+06	
1.385e+06	1.3925e+06	1.4145e+06	1.43775e+06	1.397e+06	
1.4625e+06	1.4215e+06	1.4435e+06	1.453e+06	1.458e+06	
1.46e+06	1.489e+06	1.482e+06	1.4965e+06	1.4915e+06	
1.42325e+06	1.43975e+06	1.417e+06	1.44975e+06	1.4555e+06	
1.3585e+06	1.363e+06	1.402e+06	1.388e+06	1.4075e+06	
1.32875e+06	1.34525e+06	1.32575e+06	1.33775e+06	1.347e+06	
1.3155e+06	1.30175e+06	1.3415e+06	1.354e+06	1.35275e+06	
1.347e+06	1.378e+06	1.37875e+06	1.3905e+06	1.3905e+06	
1.4145e+06	1.43025e+06	1.45425e+06	1.4895e+06	1.451e+06	
1.453e+06	1.475e+06	1.46175e+06	1.47875e+06	1.50025e+06	
1.41525e+06	1.407e+06	1.42025e+06	1.41075e+06	1.4045e+06	
1.38875e+06	1.3945e+06	1.3975e+06	1.376e+06	1.38925e+06	
1.2935e+06	1.27225e+06	1.293e+06	1.30375e+06	1.32e+06	
1.22625e+06	1.22675e+06	1.25775e+06	1.2665e+06	1.2305e+06	
1.189e+06	1.196e+06	1.19725e+06	1.209e+06	1.19325e+06	
1.19275e+06	1.19325e+06	1.16e+06	1.19275e+06	1.20225e+06	
1.17575e+06	1.192e+06	1.19275e+06	1.172e+06	1.17325e+06	
1.24125e+06	1.25825e+06	1.24e+06	1.23e+06	1.24325e+06	
1.33125e+06	1.3365e+06	1.342e+06	1.3225e+06	1.29925e+06	
1.43725e+06	1.426e+06	1.43275e+06	1.48e+06	1.4625e+06	
1.472e+06	1.44975e+06	1.4655e+06	1.45675e+06	1.4895e+06	
1.42725e+06	1.4745e+06	1.48325e+06	1.497e+06	1.52425e+06	
1.41325e+06	1.42275e+06	1.453e+06	1.4655e+06	1.4845e+06	
1.439e+06	1.46425e+06	1.489e+06	1.4285e+06	1.4575e+06	
1.48825e+06	1.4965e+06	1.51525e+06	1.516e+06	1.4995e+06	
1.47825e+06	1.51475e+06	1.5065e+06	1.50475e+06	1.5425e+06	
1.511e+06	1.50725e+06	1.55825e+06	1.5185e+06	1.53175e+06	
1.494e+06	1.5495e+06	1.51675e+06	1.53675e+06	1.521e+06	
1.51975e+06	1.51975e+06	1.552e+06	1.5545e+06	1.53375e+06	
1.50525e+06	1.504e+06	1.55125e+06	1.51675e+06	1.54625e+06	
1.53925e+06	1.53625e+06	1.547e+06	1.5955e+06	1.59425e+06	
1.62875e+06	1.63075e+06	1.642e+06	1.67175e+06	1.6615e+06	
1.70825e+06	1.74475e+06	1.75475e+06	1.746e+06	1.7195e+06	
1.78325e+06	1.802e+06	1.80025e+06	1.814e+06	1.80775e+06	
1.792e+06	1.7825e+06	1.83175e+06	1.8255e+06	1.80275e+06	
1.819e+06	1.81775e+06	1.85575e+06	1.831e+06	1.83425e+06	
1.8625e+06	1.86e+06	1.8985e+06	1.9055e+06	1.913e+06	
1.9425e+06	1.90175e+06	1.97975e+06	1.9955e+06	1.99125e+06	
1.8795e+06	1.923e+06	1.942e+06	1.9465e+06	1.94575e+06	
1.8085e+06	1.8625e+06	1.819e+06	1.83475e+06	1.8425e+06	
1.6705e+06	1.724e+06	1.65325e+06	1.702e+06	1.69425e+06	
1.5325e+06	1.51975e+06	1.50225e+06	1.516e+06	1.5425e+06	
1.301e+06	1.3125e+06	1.31125e+06	1.33525e+06	1.35975e+06	
1.2595e+06	1.2665e+06	1.3075e+06	1.28025e+06	1.29425e+06	
1.38925e+06	1.41275e+06	1.4385e+06	1.419e+06	1.443e+06	
1.60475e+06	1.66225e+06	1.66725e+06	1.63325e+06	1.65725e+06	
1.7895e+06	1.82475e+06	1.85e+06	1.823e+06	1.89775e+06	
1.9595e+06	1.92625e+06	1.97725e+06	2.032e+06	2.01075e+06	
2.0295e+06	2.01575e+06	2.04975e+06	2.09575e+06	2.0675e+06	
1.96975e+06	1.95025e+06	1.9615e+06	2.03025e+06	2.0295e+06	
1.785e+06	1.7915e+06	1.804e+06	1.84e+06	1.86575e+06	
1.57275e+06	1.58025e+06	1.58025e+06	1.5865e+06	1.61425e+06	
1.4535e+06	1.43275e+06	1.451e+06	1.45175e+06	1.4915e+06	
1.564e+06	1.547e+06	1.589e+06	1.596e+06	1.57525e+06	
1.86825e+06	1.87825e+06	1.89275e+06	1.88975e+06	1.9005e+06	
2.14875e+06	2.1555e+06	2.201e+06	2.19525e+06	2.2305e+06	
2.3225e+06	2.35025e+06	2.39075e+06	2.37625e+06	2.44425e+06	
2.43675e+06	2.477e+06	2.5525e+06	2.51925e+06	2.53875e+06	
2.61675e+06	2.618e+06	2.6105e+06	2.62625e+06	2.6755e+06	
2.601e+06	2.60875e+06	2.65525e+06	2.6875e+06	2.6905e+06	
2.6105e+06	2.6325e+06	2.712e+06	2.639e+06	2.68925e+06	
2.65225e+06	2.671e+06	2.72525e+06	2.74175e+06	2.70125e+06	
2.7215e+06	2.6395e+06	2.71025e+06	2.73275e+06	2.7335e+06	
2.712e+06	2.74175e+06	2.79575e+06	2.78775e+06	2.82975e+06	
2.85075e+06	2.8205e+06	2.8815e+06	2.92125e+06	2.95725e+06	
2.88275e+06	2.90675e+06	2.9565e+06	2.9375e+06	2.93875e+06	
2.90475e+06	2.927e+06	2.9565e+06	3.0125e+06	2.98475e+06	
3.0075e+06	2.95775e+06	3.07e+06	3.05225e+06	3.05425e+06	
2.93125e+06	2.89425e+06	2.949e+06	2.95275e+06	2.9925e+06	
2.86075e+06	2.85825e+06	2.9175e+06	2.95525e+06	3.00825e+06	
2.89425e+06	2.91e+06	2.97675e+06	2.96725e+06	3.04975e+06	
2.96475e+06	2.92875e+06	3.041e+06	3.065e+06	3.0585e+06	
2.93375e+06	2.92175e+06	2.9955e+06	2.9805e+06	3.0075e+06	
2.867e+06	2.901e+06	2.993e+06	2.976e+06	2.9615e+06	
2.9275e+06	2.92e+06	3.02025e+06	3.02275e+06	3.07825e+06	
2.954e+06	3.00875e+06	3.03075e+06	3.08125e+06	3.06375e+06	
2.89475e+06	2.96525e+06	3.00375e+06	2.9905e+06	3.04275e+06	
2.9125e+06	2.92125e+06	2.95975e+06	3.0365e+06	2.97925e+06	
2.87525e+06	2.9175e+06	2.9685e+06	3.0025e+06	3.0095e+06	
2.927e+06	2.9445e+06	3.03975e+06	3.0585e+06	2.988e+06	
2.97925e+06	2.9925e+06	3.04275e+06	3.044e+06	3.126e+06	
3.04025e+06	3.02775e+06	3.06425e+06	3.14625e+06	3.14175e+06	
3.07425e+06	3.12425e+06	3.085e+06	3.16875e+06	3.25025e+06	
3.2005e+06	3.2255e+06	3.2595e+06	3.28925e+06	3.288e+06	
3.30675e+06	3.341e+06	3.3775e+06	3.3895e+06	3.402e+06	
3.3145e+06	3.303e+06	3.38125e+06	3.42225e+06	3.438e+06	
3.20975e+06	3.23625e+06	3.329e+06	3.30425e+06	3.3075e+06	
3.05675e+06	3.0845e+06	3.094e+06	3.1405e+06	3.16125e+06	
2.9875e+06	3.073e+06	3.06375e+06	3.119e+06	3.09075e+06	
3.07625e+06	3.10325e+06	3.19225e+06	3.223e+06	3.1965e+06	
3.29425e+06	3.29375e+06	3.339e+06	3.42975e+06	3.39875e+06	
3.46875e+06	3.424e+06	3.40825e+06	3.5085e+06	3.5565e+06	
3.47775e+06	3.48775e+06	3.5255e+06	3.51975e+06	3.58675e+06	
3.45675e+06	3.56025e+06	3.625e+06	3.6705e+06	3.59925e+06	
3.465e+06	3.6105e+06	3.591e+06	3.60625e+06	3.64725e+06	
3.46825e+06	3.45625e+06	3.562e+06	3.5545e+06	3.55575e+06	
3.3775e+06	3.45375e+06	3.4305e+06	3.51225e+06	3.52375e+06	
3.48525e+06	3.5595e+06	3.55575e+06	3.596e+06	3.6245e+06	
3.586e+06	3.62e+06	3.70375e+06	3.651e+06	3.767e+06	
3.54325e+06	3.58725e+06	3.591e+06	3.663e+06	3.666e+06	
3.53375e+06	3.5905e+06	3.62325e+06	3.66975e+06	3.65775e+06	
3.5565e+06	3.516e+06	3.632e+06	3.67925e+06	3.60175e+06	
3.6025e+06	3.603e+06	3.66425e+06	3.6945e+06	3.719e+06	
3.69825e+06	3.65475e+06	3.7045e+06	3.68925e+06	3.76625e+06	
3.794e+06	3.72275e+06	3.87325e+06	3.84625e+06	3.87075e+06	
3.77825e+06	3.77625e+06	3.843e+06	3.89425e+06	3.90675e+06	
3.69875e+06	3.64475e+06	3.77075e+06	3.77625e+06	3.75175e+06	
3.60175e+06	3.591e+06	3.741e+06	3.75875e+06	3.76125e+06	
3.57525e+06	3.59425e+06	3.63025e+06	3.66175e+06	3.71025e+06	
3.66975e+06	3.62825e+06	3.65775e+06	3.753e+06	3.7285e+06	
3.62325e+06	3.66975e+06	3.7095e+06	3.76425e+06	3.74675e+06	
3.68925e+06	3.74175e+06	3.8375e+06	3.84625e+06	3.8205e+06	
3.73275e+06	3.73975e+06	3.87025e+06	3.859e+06	3.88925e+06	
3.68675e+06	3.71525e+06	3.90675e+06	3.8495e+06	3.88525e+06	
3.714e+06	3.71325e+06	3.73675e+06	3.81475e+06	3.8575e+06	
3.82175e+06	3.81975e+06	3.925e+06	3.89225e+06	3.88725e+06	
3.94025e+06	3.8935e+06	3.9705e+06	4.02525e+06	4.02725e+06	
3.9925e+06	4.056e+06	4.06875e+06	4.13625e+06	4.10325e+06	
4.01825e+06	4.0505e+06	4.16e+06	4.194e+06	4.1835e+06	
4.04475e+06	4.0705e+06	4.123e+06	4.191e+06	4.11275e+06	
3.9495e+06	3.9365e+06	3.9495e+06	4.0505e+06	4.034e+06	
3.77325e+06	3.833e+06	3.83875e+06	3.942e+06	3.9125e+06	
3.72275e+06	3.78825e+06	3.85e+06	3.97225e+06	3.8905e+06	
3.763e+06	3.7695e+06	3.81925e+06	3.87275e+06	3.89725e+06	
3.89975e+06	3.89675e+06	3.98675e+06	4.08375e+06	3.9995e+06	
4.0265e+06	4.0335e+06	4.10475e+06	4.14875e+06	4.10025e+06	
4.019e+06	3.997e+06	4.15875e+06	4.16375e+06	4.20175e+06	
4.0895e+06	4.08075e+06	4.16825e+06	4.1765e+06	4.24775e+06	
4.053e+06	4.05475e+06	4.111e+06	4.109e+06	4.174e+06	
3.98125e+06	3.9825e+06	3.9855e+06	4.10975e+06	4.157e+06	
4.0485e+06	4.077e+06	4.20475e+06	4.21675e+06	4.17825e+06	
4.08125e+06	4.157e+06	4.276e+06	4.25075e+06	4.2545e+06	
4.1015e+06	4.13625e+06	4.1545e+06	4.21675e+06	4.194e+06	
4.0895e+06	4.051e+06	4.13625e+06	4.21175e+06	4.179e+06	
3.954e+06	3.966e+06	4.02275e+06	4.10275e+06	4.10975e+06	
3.94325e+06	3.997e+06	4.07825e+06	4.08575e+06	4.07e+06	
3.92825e+06	4.08325e+06	4.16575e+06	4.1645e+06	4.19275e+06	
4.10725e+06	4.11225e+06	4.15875e+06	4.1575e+06	4.2735e+06	
4.06625e+06	4.07575e+06	4.06675e+06	4.16775e+06	4.15e+06	
3.9125e+06	3.9565e+06	4.053e+06	4.11925e+06	3.9955e+06	
3.7625e+06	3.83675e+06	3.89925e+06	3.87775e+06	3.82925e+06	
3.5445e+06	3.59675e+06	3.6175e+06	3.69e+06	3.702e+06	
3.30875e+06	3.33775e+06	3.37125e+06	3.37175e+06	3.40825e+06	
3.2425e+06	3.22875e+06	3.28225e+06	3.36675e+06	3.28975e+06	
3.312e+06	3.344e+06	3.4065e+06	3.3825e+06	3.43175e+06	
3.7675e+06	3.767e+06	3.86775e+06	3.8495e+06	3.8665e+06	
4.155e+06	4.16375e+06	4.31e+06	4.31375e+06	4.225e+06	
4.43175e+06	4.4625e+06	4.549e+06	4.612e+06	4.629e+06	
4.30325e+06	4.4425e+06	4.445e+06	4.54e+06	4.54325e+06	
4.34525e+06	4.41275e+06	4.47325e+06	4.48025e+06	4.49475e+06	
4.4745e+06	4.5325e+06	4.6005e+06	4.56075e+06	4.6075e+06	
4.506e+06	4.484e+06	4.53325e+06	4.57525e+06	4.60625e+06	
4.28225e+06	4.20475e+06	4.30575e+06	4.365e+06	4.37375e+06	
4.198e+06	4.30575e+06	4.3585e+06	4.373e+06	4.4455e+06	
4.38575e+06	4.516e+06	4.559e+06	4.57525e+06	4.5635e+06	
4.57475e+06	4.6175e+06	4.639e+06	4.71775e+06	4.6805e+06	
4.61575e+06	4.62775e+06	4.81475e+06	4.80275e+06	4.76175e+06	
4.75375e+06	4.784e+06	4.808e+06	4.937e+06	4.95025e+06	
4.88675e+06	5.02725e+06	5.0385e+06	5.118e+06	5.17025e+06	
4.96425e+06	4.96975e+06	5.1035e+06	5.10275e+06	5.09075e+06	
5.00075e+06	5.01825e+06	5.10975e+06	5.198e+06	5.17325e+06	
4.968e+06	4.9755e+06	5.084e+06	5.08575e+06	5.1065e+06	
4.8255e+06	4.8495e+06	4.922e+06	5.0605e+06	5.00825e+06	
4.72025e+06	4.733e+06	4.799e+06	4.87025e+06	4.871e+06	
4.5955e+06	4.63575e+06	4.63825e+06	4.74425e+06	4.69e+06	
4.47775e+06	4.513e+06	4.59625e+06	4.59875e+06	4.6245e+06	
4.707e+06	4.658e+06	4.731e+06	4.77825e+06	4.90125e+06	
4.8815e+06	4.89725e+06	5.005e+06	5.00625e+06	5.04975e+06	
4.96725e+06	5e+06	5.0625e+06	5.1355e+06	5.09575e+06	
4.9465e+06	5.007e+06	4.97925e+06	5.099e+06	5.1185e+06	
4.8955e+06	4.8815e+06	5e+06	5.03275e+06	5.05175e+06	
5.029e+06	5.1115e+06	5.152e+06	5.295e+06	5.21925e+06	
5.184e+06	5.26275e+06	5.36175e+06	5.3625e+06	5.3995e+06	
5.35925e+06	5.41725e+06	5.4815e+06	5.6025e+06	5.57725e+06	
5.3555e+06	5.382e+06	5.4475e+06	5.58425e+06	5.58725e+06	
5.4595e+06	5.55975e+06	5.615e+06	5.71725e+06	5.7165e+06	
5.57275e+06	5.60575e+06	5.69e+06	5.68325e+06	5.7385e+06	
5.547e+06	5.53125e+06	5.66625e+06	5.69575e+06	5.76075e+06	
5.394e+06	5.47325e+06	5.6125e+06	5.682e+06	5.55325e+06	
5.4915e+06	5.5325e+06	5.612e+06	5.6215e+06	5.755e+06	
5.54775e+06	5.61625e+06	5.67675e+06	5.7455e+06	5.70775e+06	
5.6005e+06	5.6535e+06	5.71975e+06	5.81425e+06	5.80275e+06	
5.663e+06	5.70075e+06	5.787e+06	5.823e+06	5.8835e+06	
5.56525e+06	5.66925e+06	5.75125e+06	5.82375e+06	5.84875e+06	
5.4135e+06	5.43675e+06	5.50175e+06	5.67e+06	5.641e+06	
5.2125e+06	5.2905e+06	5.47075e+06	5.45875e+06	5.416e+06	
5.491e+06	5.4985e+06	5.53125e+06	5.6895e+06	5.54525e+06	
5.542e+06	5.60875e+06	5.69775e+06	5.70025e+06	5.7215e+06	
5.6345e+06	5.74425e+06	5.799e+06	5.8105e+06	5.905e+06	
5.91125e+06	5.88175e+06	6.0095e+06	6.12675e+06	6.14625e+06	
5.8765e+06	5.8665e+06	6.0335e+06	6.0865e+06	6.109e+06	
5.852e+06	5.89625e+06	6.0095e+06	6.04675e+06	6.058e+06	
5.939e+06	5.91075e+06	6.04875e+06	6.0045e+06	6.067e+06	
5.85825e+06	5.87275e+06	5.96925e+06	6.0555e+06	6.12425e+06	
5.879e+06	5.90375e+06	6.067e+06	6.15075e+06	6.09775e+06	
5.9655e+06	6.10275e+06	6.1695e+06	6.23275e+06	6.2515e+06	
5.97925e+06	6.07825e+06	6.1765e+06	6.21175e+06	6.24025e+06	
6.2005e+06	6.2055e+06	6.2995e+06	6.392e+06	6.38575e+06	
6.4085e+06	6.3605e+06	6.464e+06	6.54525e+06	6.62325e+06	
6.18475e+06	6.23325e+06	6.368e+06	6.45375e+06	6.51925e+06	
6.142e+06	6.2345e+06	6.3865e+06	6.394e+06	6.411e+06	
6.2485e+06	6.3385e+06	6.42675e+06	6.51375e+06	6.46575e+06	
6.05175e+06	6.11475e+06	6.14375e+06	6.25475e+06	6.2805e+06	
5.9225e+06	5.90875e+06	6.01975e+06	6.03975e+06	6.152e+06	
5.7385e+06	5.79975e+06	5.90625e+06	5.9605e+06	5.978e+06	
5.86725e+06	5.88475e+06	6.09025e+06	6.026e+06	6.046e+06	
5.86775e+06	5.95275e+06	6.01975e+06	6.0455e+06	6.1035e+06	
6.05425e+06	6.11975e+06	6.22625e+06	6.2565e+06	6.3095e+06	
6.06e+06	6.11225e+06	6.1615e+06	6.29875e+06	6.1985e+06	
5.958e+06	6.0505e+06	6.15375e+06	6.23275e+06	6.25275e+06	
5.9315e+06	6.0815e+06	6.1135e+06	6.21375e+06	6.31325e+06	
6.13e+06	6.19475e+06	6.324e+06	6.37e+06	6.365e+06	
6.08075e+06	6.23575e+06	6.305e+06	6.343e+06	6.36425e+06	
6.26475e+06	6.33525e+06	6.433e+06	6.4665e+06	6.484e+06	
6.273e+06	6.28675e+06	6.481e+06	6.52375e+06	6.51625e+06	
6.3215e+06	6.32725e+06	6.481e+06	6.4085e+06	6.62325e+06	
6.421e+06	6.4545e+06	6.6075e+06	6.6025e+06	6.66175e+06	
6.4205e+06	6.4185e+06	6.51e+06	6.58675e+06	6.70075e+06	
6.23775e+06	6.307e+06	6.455e+06	6.5375e+06	6.4495e+06	
6.2615e+06	6.39325e+06	6.45875e+06	6.50175e+06	6.54575e+06	
6.2395e+06	6.29625e+06	6.3505e+06	6.42175e+06	6.47575e+06	
6.27925e+06	6.34975e+06	6.43425e+06	6.42675e+06	6.58225e+06	
6.3115e+06	6.29175e+06	6.46325e+06	6.46525e+06	6.49975e+06	
6.2945e+06	6.2195e+06	6.38075e+06	6.4835e+06	6.58675e+06	
6.3945e+06	6.4695e+06	6.49475e+06	6.6485e+06	6.663e+06	
6.30575e+06	6.387e+06	6.58425e+06	6.501e+06	6.69575e+06	
6.54075e+06	6.5535e+06	6.69e+06	6.786e+06	6.82875e+06	
6.44e+06	6.513e+06	6.72975e+06	6.75625e+06	6.75175e+06	
6.6265e+06	6.6625e+06	6.6965e+06	6.871e+06	6.8345e+06	
6.7475e+06	6.79975e+06	6.8325e+06	6.88175e+06	7.00025e+06	
6.64725e+06	6.6995e+06	6.866e+06	6.85825e+06	7.02775e+06	
6.64925e+06	6.68325e+06	6.745e+06	6.9555e+06	6.8925e+06	
6.6655e+06	6.72225e+06	6.90125e+06	6.92075e+06	7.01025e+06	
6.6705e+06	6.7375e+06	6.83625e+06	6.905e+06	6.8225e+06	
6.58225e+06	6.69e+06	6.75175e+06	6.852e+06	6.89875e+06	
6.5205e+06	6.61e+06	6.6895e+06	6.8105e+06	6.905e+06	
6.6165e+06	6.564e+06	6.81675e+06	6.767e+06	6.84e+06	
6.47075e+06	6.44375e+06	6.624e+06	6.66625e+06	6.76e+06	
6.5755e+06	6.6655e+06	6.78525e+06	6.82e+06	6.9295e+06	
6.64475e+06	6.71225e+06	6.83625e+06	6.92575e+06	6.95675e+06	
6.73475e+06	6.80475e+06	6.99075e+06	6.9755e+06	6.97875e+06	
6.644e+06	6.62025e+06	6.699e+06	6.80975e+06	6.90575e+06	
6.59875e+06	6.65975e+06	6.779e+06	6.859e+06	6.84825e+06	
6.6825e+06	6.73675e+06	6.85075e+06	6.86775e+06	7.0335e+06	
6.76125e+06	6.79275e+06	6.9465e+06	6.9775e+06	7.002e+06	
6.79525e+06	6.90175e+06	6.961e+06	7.07825e+06	7.145e+06	
6.87225e+06	6.859e+06	7.04425e+06	7.072e+06	7.072e+06	
6.96425e+06	7.031e+06	7.261e+06	7.36125e+06	7.2705e+06	
7.05125e+06	7.13125e+06	7.196e+06	7.329e+06	7.29625e+06	
6.99625e+06	7.08275e+06	7.312e+06	7.331e+06	7.37375e+06	
6.97175e+06	7.06375e+06	7.0985e+06	7.2805e+06	7.309e+06	
7.0645e+06	7.1055e+06	7.242e+06	7.29875e+06	7.266e+06	
6.81675e+06	6.92575e+06	6.93075e+06	7.18425e+06	7.1035e+06	
6.98625e+06	6.96425e+06	7.239e+06	7.25475e+06	7.34925e+06	
7.0305e+06	7.118e+06	7.26175e+06	7.37075e+06	7.455e+06	
7.22625e+06	7.3165e+06	7.49475e+06	7.55975e+06	7.56225e+06	
7.5195e+06	7.622e+06	7.7255e+06	7.75e+06	7.7865e+06	
7.63275e+06	7.595e+06	7.75e+06	7.83125e+06	7.864e+06	
7.44625e+06	7.51e+06	7.70775e+06	7.8225e+06	7.77775e+06	
7.44575e+06	7.47075e+06	7.64975e+06	7.66375e+06	7.64925e+06	
7.58925e+06	7.6895e+06	7.75e+06	7.849e+06	7.9245e+06	
7.62325e+06	7.641e+06	7.738e+06	7.79025e+06	7.97e+06	
7.777e+06	7.80725e+06	7.8245e+06	7.98875e+06	8.02275e+06	
7.81125e+06	8.002e+06	8.1715e+06	8.21625e+06	8.35125e+06	
7.84025e+06	8.10975e+06	8.13125e+06	8.22775e+06	8.20375e+06	
7.96375e+06	7.9795e+06	8.16475e+06	8.251e+06	8.21575e+06	
7.98825e+06	7.915e+06	8.19675e+06	8.2605e+06	8.295e+06	
7.95925e+06	7.97175e+06	8.17275e+06	8.239e+06	8.295e+06	
7.97e+06	8.10925e+06	8.24225e+06	8.33975e+06	8.387e+06	
7.97825e+06	8.11675e+06	8.2245e+06	8.338e+06	8.31075e+06	
8.29075e+06	8.3045e+06	8.4565e+06	8.467e+06	8.544e+06	
8.382e+06	8.41725e+06	8.59e+06	8.74e+06	8.72475e+06	
8.69525e+06	8.733e+06	8.767e+06	8.92975e+06	8.9165e+06	
8.52325e+06	8.60375e+06	8.851e+06	8.88425e+06	8.9045e+06	
8.58375e+06	8.69575e+06	8.86475e+06	8.98325e+06	9.0085e+06	
8.6025e+06	8.6965e+06	8.77525e+06	8.9455e+06	9.106e+06	
8.81e+06	9.06825e+06	9.06525e+06	9.3065e+06	9.29775e+06	
8.96625e+06	8.9195e+06	9.18875e+06	9.25475e+06	9.338e+06	
8.91825e+06	8.95475e+06	9.159e+06	9.26625e+06	9.32925e+06	
9.12625e+06	9.18875e+06	9.40425e+06	9.49375e+06	9.515e+06	
9.1205e+06	9.13075e+06	9.32675e+06	9.5e+06	9.41225e+06	
9.1155e+06	9.11125e+06	9.353e+06	9.49625e+06	9.46775e+06	
9.1785e+06	9.27375e+06	9.5295e+06	9.63025e+06	9.711e+06	
9.35625e+06	9.44375e+06	9.6455e+06	9.81875e+06	9.77975e+06	
9.498e+06	9.4855e+06	9.612e+06	9.837e+06	9.8705e+06	
9.459e+06	9.759e+06	9.72925e+06	1.00015e+07	9.99275e+06	
9.396e+06	9.464e+06	9.66575e+06	9.77275e+06	9.78975e+06	
9.54725e+06	9.63475e+06	9.74625e+06	9.9025e+06	9.9215e+06	
9.44825e+06	9.556e+06	9.68575e+06	9.909e+06	9.9095e+06	
9.50625e+06	9.57175e+06	9.8485e+06	9.866e+06	9.9335e+06	
9.498e+06	9.51825e+06	9.718e+06	9.7305e+06	9.8445e+06	
9.67325e+06	9.6355e+06	9.953e+06	9.96e+06	1.0023e+07	
9.5685e+06	9.47925e+06	9.77775e+06	9.90375e+06	9.81e+06	
9.27125e+06	9.311e+06	9.4515e+06	9.5415e+06	9.638e+06	
8.72925e+06	8.83775e+06	8.919e+06	9.0035e+06	9.06375e+06	
8.38325e+06	8.508e+06	8.6485e+06	8.72675e+06	8.7935e+06	
8.33475e+06	8.36125e+06	8.58925e+06	8.709e+06	8.636e+06	
8.6505e+06	8.78975e+06	8.91275e+06	9.0035e+06	9.02475e+06	
9.0915e+06	9.1105e+06	9.401e+06	9.4955e+06	9.454e+06	
9.3815e+06	9.515e+06	9.59875e+06	9.66625e+06	9.752e+06	
9.675e+06	9.82825e+06	9.9725e+06	1.01162e+07	1.01508e+07	
9.909e+06	9.99775e+06	1.02265e+07	1.03595e+07	1.03998e+07	
9.742e+06	9.786e+06	1.00772e+07	1.02232e+07	1.0171e+07	
9.999e+06	1.00715e+07	1.01168e+07	1.02335e+07	1.03488e+07	
1.02398e+07	1.02285e+07	1.04175e+07	1.0532e+07	1.06645e+07	
1.03928e+07	1.04942e+07	1.0655e+07	1.08212e+07	1.0827e+07	
1.0619e+07	1.06728e+07	1.09355e+07	1.1006e+07	1.1079e+07	
1.05195e+07	1.06728e+07	1.08132e+07	1.08812e+07	1.0943e+07	
1.07098e+07	1.07822e+07	1.09662e+07	1.10628e+07	1.12662e+07	
1.05138e+07	1.0619e+07	1.0827e+07	1.09008e+07	1.10312e+07	
1.0386e+07	1.03878e+07	1.07148e+07	1.0691e+07	1.07698e+07	
1.0275e+07	1.02572e+07	1.05088e+07	1.06058e+07	1.06662e+07	
1.02088e+07	1.02258e+07	1.05725e+07	1.05095e+07	1.06928e+07	
1.0396e+07	1.04988e+07	1.0757e+07	1.07752e+07	1.07345e+07	
1.05965e+07	1.07515e+07	1.08805e+07	1.11378e+07	1.11428e+07	
1.07595e+07	1.08395e+07	1.10815e+07	1.10998e+07	1.11528e+07	
1.06878e+07	1.07785e+07	1.10262e+07	1.11742e+07	1.11138e+07	
1.09e+07	1.09808e+07	1.11352e+07	1.13822e+07	1.1292e+07	
1.11012e+07	1.1195e+07	1.13065e+07	1.14888e+07	1.15045e+07	
1.12075e+07	1.12788e+07	1.1454e+07	1.15485e+07	1.16808e+07	
1.10948e+07	1.1241e+07	1.14465e+07	1.16268e+07	1.15762e+07	
1.12315e+07	1.11825e+07	1.14088e+07	1.15278e+07	1.16662e+07	
1.10785e+07	1.1168e+07	1.14515e+07	1.15952e+07	1.15668e+07	
1.11498e+07	1.13545e+07	1.14868e+07	1.16058e+07	1.16752e+07	
1.12712e+07	1.1275e+07	1.15808e+07	1.1667e+07	1.1626e+07	
1.12775e+07	1.14918e+07	1.14822e+07	1.15978e+07	1.1711e+07	
1.13652e+07	1.1439e+07	1.1568e+07	1.1769e+07	1.1798e+07	
1.12832e+07	1.13595e+07	1.15302e+07	1.16388e+07	1.1771e+07	
1.10392e+07	1.09978e+07	1.13942e+07	1.14162e+07	1.14245e+07	
1.0994e+07	1.10512e+07	1.1231e+07	1.1328e+07	1.128e+07	
1.0875e+07	1.0948e+07	1.1222e+07	1.12932e+07	1.12832e+07	
1.1069e+07	1.11472e+07	1.14022e+07	1.16285e+07	1.16948e+07	
1.12108e+07	1.12612e+07	1.13922e+07	1.15978e+07	1.16815e+07	
1.1139e+07	1.11142e+07	1.15472e+07	1.16122e+07	1.15108e+07	
1.111e+07	1.10772e+07	1.1367e+07	1.1452e+07	1.14358e+07	
1.07798e+07	1.08175e+07	1.1171e+07	1.12372e+07	1.1289e+07	
1.07155e+07	1.08352e+07	1.11162e+07	1.11025e+07	1.11655e+07	
1.07382e+07	1.09448e+07	1.112e+07	1.11698e+07	1.11792e+07	
1.07528e+07	1.07872e+07	1.09985e+07	1.1142e+07	1.10985e+07	
1.06298e+07	1.08552e+07	1.09385e+07	1.11225e+07	1.10198e+07	
1.07558e+07	1.09108e+07	1.10715e+07	1.12468e+07	1.1212e+07	
1.0977e+07	1.11465e+07	1.14005e+07	1.1449e+07	1.15082e+07	
1.1011e+07	1.1205e+07	1.14212e+07	1.1531e+07	1.15718e+07	
1.10815e+07	1.12032e+07	1.14312e+07	1.1512e+07	1.16298e+07	
1.10602e+07	1.1125e+07	1.13922e+07	1.14842e+07	1.14648e+07	
1.09028e+07	1.10368e+07	1.12838e+07	1.1311e+07	1.13802e+07	
1.11735e+07	1.10802e+07	1.14105e+07	1.15352e+07	1.15082e+07	
1.11428e+07	1.13028e+07	1.15845e+07	1.1599e+07	1.1757e+07	
1.13785e+07	1.13885e+07	1.16248e+07	1.17938e+07	1.18642e+07	
1.16085e+07	1.17288e+07	1.18888e+07	1.19712e+07	1.19882e+07	
1.16305e+07	1.16218e+07	1.18282e+07	1.2161e+07	1.21565e+07	
1.16172e+07	1.18038e+07	1.20798e+07	1.21382e+07	1.21498e+07	
1.1415e+07	1.15605e+07	1.17458e+07	1.18158e+07	1.19102e+07	
1.14445e+07	1.1597e+07	1.17192e+07	1.18365e+07	1.19462e+07	
1.13242e+07	1.14068e+07	1.16442e+07	1.1788e+07	1.18518e+07	
1.11432e+07	1.1236e+07	1.14325e+07	1.15598e+07	1.16512e+07	
1.10538e+07	1.12555e+07	1.14048e+07	1.1498e+07	1.15415e+07	
1.10695e+07	1.12485e+07	1.14535e+07	1.15058e+07	1.16462e+07	
1.14175e+07	1.15958e+07	1.18258e+07	1.19045e+07	1.20172e+07	
1.15775e+07	1.16002e+07	1.18208e+07	1.20098e+07	1.20242e+07	
1.14938e+07	1.15282e+07	1.18875e+07	1.19852e+07	1.19658e+07	
1.14578e+07	1.15158e+07	1.1832e+07	1.19418e+07	1.1902e+07	
1.1362e+07	1.15572e+07	1.16185e+07	1.17942e+07	1.1967e+07	
1.13368e+07	1.15295e+07	1.1701e+07	1.18642e+07	1.187e+07	
1.15012e+07	1.14925e+07	1.17515e+07	1.20275e+07	1.19518e+07	
1.16678e+07	1.18358e+07	1.2134e+07	1.2173e+07	1.2289e+07	
1.1551e+07	1.17362e+07	1.195e+07	1.21055e+07	1.19965e+07	
1.15108e+07	1.16285e+07	1.17868e+07	1.20192e+07	1.20855e+07	
1.16355e+07	1.16828e+07	1.1974e+07	1.20382e+07	1.2091e+07	
1.15038e+07	1.14918e+07	1.17408e+07	1.17412e+07	1.1861e+07	
1.13222e+07	1.1396e+07	1.16575e+07	1.16708e+07	1.17375e+07	
1.1323e+07	1.14295e+07	1.16575e+07	1.17478e+07	1.18522e+07	
1.12348e+07	1.1255e+07	1.16098e+07	1.15838e+07	1.17138e+07	
1.10615e+07	1.11875e+07	1.14288e+07	1.14988e+07	1.15125e+07	
1.12075e+07	1.12745e+07	1.15165e+07	1.16562e+07	1.15965e+07	
1.12265e+07	1.12542e+07	1.1485e+07	1.15642e+07	1.1628e+07	
1.1355e+07	1.14995e+07	1.17042e+07	1.17048e+07	1.17925e+07	
1.135e+07	1.14168e+07	1.16322e+07	1.17035e+07	1.18792e+07	
1.1231e+07	1.13355e+07	1.15e+07	1.16072e+07	1.17715e+07	
1.06865e+07	1.08648e+07	1.11232e+07	1.11982e+07	1.11615e+07	
1.02485e+07	1.05675e+07	1.06235e+07	1.06102e+07	1.07818e+07	
1.0004e+07	1.0246e+07	1.0331e+07	1.04345e+07	1.04835e+07	
1.02008e+07	1.02025e+07	1.04388e+07	1.0541e+07	1.07172e+07	
1.049e+07	1.04665e+07	1.06625e+07	1.0735e+07	1.08862e+07	
1.0345e+07	1.04822e+07	1.06252e+07	1.07305e+07	1.08598e+07	
1.04755e+07	1.04635e+07	1.07772e+07	1.08452e+07	1.08552e+07	
1.08132e+07	1.08548e+07	1.10318e+07	1.11402e+07	1.1161e+07	
1.0808e+07	1.0917e+07	1.10985e+07	1.12442e+07	1.12405e+07	
1.12612e+07	1.12208e+07	1.14495e+07	1.15038e+07	1.15315e+07	
1.12845e+07	1.14375e+07	1.15385e+07	1.1737e+07	1.17452e+07	
1.13562e+07	1.14888e+07	1.16758e+07	1.17238e+07	1.187e+07	
1.13475e+07	1.15182e+07	1.16872e+07	1.17665e+07	1.1873e+07	
1.1456e+07	1.16248e+07	1.18832e+07	1.197e+07	1.20325e+07	
1.15585e+07	1.15952e+07	1.18775e+07	1.19248e+07	1.20445e+07	
1.16562e+07	1.17275e+07	1.19795e+07	1.2185e+07	1.21925e+07	
1.17238e+07	1.17332e+07	1.19765e+07	1.20698e+07	1.2173e+07	
1.1582e+07	1.16405e+07	1.18435e+07	1.19135e+07	1.20338e+07	
1.15505e+07	1.16815e+07	1.18398e+07	1.19372e+07	1.19898e+07	
1.14238e+07	1.15518e+07	1.17685e+07	1.1907e+07	1.19418e+07	
1.1686e+07	1.17238e+07	1.19468e+07	1.21742e+07	1.23002e+07	
1.1834e+07	1.19562e+07	1.21685e+07	1.23148e+07	1.23628e+07	
1.20255e+07	1.21365e+07	1.2316e+07	1.24912e+07	1.2434e+07	
1.20022e+07	1.20778e+07	1.23785e+07	1.25398e+07	1.25605e+07	
1.2154e+07	1.21352e+07	1.23015e+07	1.2502e+07	1.2534e+07	
1.19778e+07	1.21378e+07	1.23968e+07	1.2497e+07	1.26115e+07	
1.19272e+07	1.21055e+07	1.22708e+07	1.25405e+07	1.2563e+07	
1.16638e+07	1.1844e+07	1.2042e+07	1.20992e+07	1.22978e+07	
1.14175e+07	1.15322e+07	1.17395e+07	1.18138e+07	1.197e+07	
1.11005e+07	1.10192e+07	1.12472e+07	1.14458e+07	1.15638e+07	
1.11395e+07	1.11062e+07	1.13122e+07	1.14798e+07	1.1599e+07	
1.11862e+07	1.1333e+07	1.15302e+07	1.165e+07	1.17255e+07	
1.15058e+07	1.1616e+07	1.17578e+07	1.1931e+07	1.19198e+07	
1.1706e+07	1.17698e+07	1.19845e+07	1.22712e+07	1.22575e+07	
1.1912e+07	1.20752e+07	1.21982e+07	1.23318e+07	1.25025e+07	
1.22265e+07	1.22248e+07	1.25812e+07	1.26235e+07	1.26048e+07	
1.2309e+07	1.24402e+07	1.2582e+07	1.2798e+07	1.2759e+07	
1.21925e+07	1.23905e+07	1.25642e+07	1.26525e+07	1.26708e+07	
1.21705e+07	1.23578e+07	1.2519e+07	1.26338e+07	1.2735e+07	
1.2338e+07	1.22695e+07	1.2606e+07	1.27192e+07	1.28522e+07	
1.23802e+07	1.24705e+07	1.27168e+07	1.2841e+07	1.28782e+07	
1.24585e+07	1.25618e+07	1.26562e+07	1.28025e+07	1.28638e+07	
1.23545e+07	1.25518e+07	1.2766e+07	1.2853e+07	1.29545e+07	
1.23312e+07	1.24962e+07	1.26992e+07	1.29102e+07	1.28945e+07	
1.21528e+07	1.2204e+07	1.24755e+07	1.25272e+07	1.26632e+07	
1.18498e+07	1.20715e+07	1.21315e+07	1.22492e+07	1.2493e+07	
1.16848e+07	1.18862e+07	1.20698e+07	1.2207e+07	1.2292e+07	
1.18688e+07	1.189e+07	1.21382e+07	1.21692e+07	1.21548e+07	
1.19952e+07	1.20022e+07	1.2188e+07	1.24022e+07	1.2335e+07	
1.20388e+07	1.20942e+07	1.22642e+07	1.23545e+07	1.24415e+07	
1.1965e+07	1.20785e+07	1.2275e+07	1.2403e+07	1.23262e+07	
1.18738e+07	1.21435e+07	1.2292e+07	1.23545e+07	1.25555e+07	
1.20955e+07	1.22285e+07	1.2485e+07	1.25422e+07	1.26305e+07	
1.22802e+07	1.2345e+07	1.24838e+07	1.27888e+07	1.26652e+07	
1.22675e+07	1.2488e+07	1.26715e+07	1.28178e+07	1.2807e+07	
1.23028e+07	1.23682e+07	1.24995e+07	1.25945e+07	1.2749e+07	
1.21332e+07	1.23312e+07	1.24458e+07	1.26388e+07	1.26872e+07	
1.18535e+07	1.21092e+07	1.22865e+07	1.23785e+07	1.25522e+07	
1.19272e+07	1.20578e+07	1.23048e+07	1.24308e+07	1.2408e+07	
1.18832e+07	1.2088e+07	1.2294e+07	1.23722e+07	1.24982e+07	
1.19385e+07	1.21038e+07	1.21982e+07	1.23375e+07	1.24175e+07	
1.20565e+07	1.20948e+07	1.23562e+07	1.2565e+07	1.25745e+07	
1.21775e+07	1.21302e+07	1.23462e+07	1.25535e+07	1.25688e+07	
1.20748e+07	1.21055e+07	1.23412e+07	1.23325e+07	1.2471e+07	
1.21448e+07	1.22368e+07	1.22932e+07	1.24962e+07	1.25075e+07	
1.18472e+07	1.1921e+07	1.22518e+07	1.23135e+07	1.23235e+07	
1.1732e+07	1.16595e+07	1.20458e+07	1.20015e+07	1.22355e+07	
1.15618e+07	1.15245e+07	1.18542e+07	1.19052e+07	1.20528e+07	
1.13632e+07	1.16468e+07	1.1829e+07	1.1909e+07	1.19292e+07	
1.1427e+07	1.1686e+07	1.182e+07	1.1962e+07	1.19765e+07	
1.15428e+07	1.16102e+07	1.189e+07	1.2052e+07	1.21452e+07	
1.15322e+07	1.16985e+07	1.2125e+07	1.22e+07	1.22372e+07	
1.15995e+07	1.1747e+07	1.1955e+07	1.20358e+07	1.22418e+07	
1.16802e+07	1.17175e+07	1.18932e+07	1.21435e+07	1.20515e+07	
1.1764e+07	1.18895e+07	1.20892e+07	1.22152e+07	1.2282e+07	
1.1662e+07	1.17508e+07	1.1955e+07	1.20122e+07	1.20992e+07	
1.1708e+07	1.1742e+07	1.20842e+07	1.2192e+07	1.2178e+07	
1.17205e+07	1.18875e+07	1.21705e+07	1.2338e+07	1.23752e+07	
1.18718e+07	1.18725e+07	1.21762e+07	1.23338e+07	1.2367e+07	
1.17382e+07	1.19348e+07	1.21188e+07	1.2188e+07	1.2204e+07	
1.19492e+07	1.2086e+07	1.21818e+07	1.2413e+07	1.24312e+07	
1.20268e+07	1.19658e+07	1.24075e+07	1.24212e+07	1.25165e+07	
1.17822e+07	1.19108e+07	1.21182e+07	1.2318e+07	1.22858e+07	
1.18502e+07	1.1916e+07	1.21345e+07	1.2192e+07	1.24838e+07	
1.1786e+07	1.182e+07	1.2217e+07	1.22165e+07	1.2534e+07	
1.1715e+07	1.1897e+07	1.21365e+07	1.23248e+07	1.2425e+07	
1.17225e+07	1.1757e+07	1.20602e+07	1.22348e+07	1.22455e+07	
1.1546e+07	1.17528e+07	1.19152e+07	1.1912e+07	1.2139e+07	
1.14325e+07	1.15182e+07	1.1858e+07	1.18428e+07	1.19758e+07	
1.14042e+07	1.15598e+07	1.18705e+07	1.20185e+07	1.20438e+07	
1.15535e+07	1.17192e+07	1.18895e+07	1.20438e+07	1.21345e+07	
1.1735e+07	1.1812e+07	1.19608e+07	1.21428e+07	1.21668e+07	
1.16935e+07	1.18535e+07	1.19488e+07	1.22045e+07	1.2178e+07	
1.16065e+07	1.17615e+07	1.20035e+07	1.21975e+07	1.22272e+07	
1.16505e+07	1.1786e+07	1.20338e+07	1.2091e+07	1.2231e+07	
1.16305e+07	1.18498e+07	1.2071e+07	1.21302e+07	1.21642e+07	
1.17098e+07	1.18302e+07	1.2071e+07	1.2025e+07	1.21995e+07	
1.16122e+07	1.18422e+07	1.19215e+07	1.2066e+07	1.21042e+07	
1.15712e+07	1.16185e+07	1.1887e+07	1.19828e+07	1.22198e+07	
1.15555e+07	1.16512e+07	1.18742e+07	1.20672e+07	1.2083e+07	
1.16475e+07	1.18755e+07	1.19902e+07	1.21698e+07	1.22448e+07	
1.1619e+07	1.17085e+07	1.20118e+07	1.21775e+07	1.2163e+07	
1.16272e+07	1.17345e+07	1.18978e+07	1.20305e+07	1.21592e+07	
1.15598e+07	1.173e+07	1.2047e+07	1.20798e+07	1.21958e+07	
1.16002e+07	1.16178e+07	1.17558e+07	1.1958e+07	1.20085e+07	
1.16388e+07	1.16305e+07	1.18805e+07	1.20988e+07	1.21895e+07	
1.16758e+07	1.16778e+07	1.2001e+07	1.21212e+07	1.22065e+07	
1.16865e+07	1.1706e+07	1.19902e+07	1.22222e+07	1.22248e+07	
1.17622e+07	1.18712e+07	1.2132e+07	1.2214e+07	1.2321e+07	
1.1577e+07	1.19488e+07	1.20748e+07	1.21692e+07	1.21842e+07	
1.1672e+07	1.19272e+07	1.20338e+07	1.2178e+07	1.22852e+07	
1.1621e+07	1.16678e+07	1.18278e+07	1.19712e+07	1.20702e+07	
1.15812e+07	1.17142e+07	1.1974e+07	1.2047e+07	1.19612e+07	
1.1367e+07	1.15348e+07	1.166e+07	1.19795e+07	1.19385e+07	
1.11458e+07	1.13102e+07	1.1478e+07	1.16562e+07	1.17382e+07	
1.13218e+07	1.1297e+07	1.14925e+07	1.17602e+07	1.17648e+07	
1.12902e+07	1.1495e+07	1.1604e+07	1.18245e+07	1.1812e+07	
1.12232e+07	1.14515e+07	1.16455e+07	1.16305e+07	1.1706e+07	
1.1294e+07	1.1355e+07	1.16335e+07	1.1691e+07	1.17048e+07	
1.09832e+07	1.09782e+07	1.13405e+07	1.1488e+07	1.14408e+07	
1.1033e+07	1.10905e+07	1.13922e+07	1.1454e+07	1.14578e+07	
1.0996e+07	1.11175e+07	1.12535e+07	1.14875e+07	1.14458e+07	
1.10695e+07	1.1088e+07	1.14258e+07	1.13915e+07	1.15202e+07	
1.10392e+07	1.12265e+07	1.13935e+07	1.1616e+07	1.159e+07	
1.1134e+07	1.12612e+07	1.15402e+07	1.16682e+07	1.16802e+07	
1.11698e+07	1.1311e+07	1.159e+07	1.16475e+07	1.1759e+07	
1.1333e+07	1.1415e+07	1.15978e+07	1.17552e+07	1.18518e+07	
1.12422e+07	1.14938e+07	1.16045e+07	1.16948e+07	1.18788e+07	
1.12232e+07	1.12468e+07	1.14635e+07	1.16178e+07	1.16612e+07	
1.12568e+07	1.13495e+07	1.1604e+07	1.16992e+07	1.1694e+07	
1.11655e+07	1.1343e+07	1.15692e+07	1.1655e+07	1.17975e+07	
1.12555e+07	1.14615e+07	1.16072e+07	1.18332e+07	1.16728e+07	
1.1268e+07	1.14192e+07	1.16285e+07	1.17338e+07	1.18258e+07	
1.13342e+07	1.1519e+07	1.16375e+07	1.17672e+07	1.18572e+07	
1.1219e+07	1.12812e+07	1.1488e+07	1.1769e+07	1.17262e+07	
1.11982e+07	1.13815e+07	1.15808e+07	1.17192e+07	1.1711e+07	
1.11515e+07	1.1243e+07	1.15178e+07	1.16518e+07	1.17308e+07	
1.11075e+07	1.12928e+07	1.14578e+07	1.16438e+07	1.17225e+07	
1.10682e+07	1.1272e+07	1.14232e+07	1.16028e+07	1.15415e+07	
1.0977e+07	1.11452e+07	1.12878e+07	1.1466e+07	1.15958e+07	
1.09058e+07	1.10595e+07	1.1314e+07	1.13835e+07	1.14118e+07	
1.10325e+07	1.10972e+07	1.13758e+07	1.13885e+07	1.16008e+07	
1.11742e+07	1.12e+07	1.13582e+07	1.1498e+07	1.16028e+07	
1.11722e+07	1.13375e+07	1.14772e+07	1.164e+07	1.16778e+07	
1.1185e+07	1.13078e+07	1.1616e+07	1.16965e+07	1.17992e+07	
1.126e+07	1.12812e+07	1.15775e+07	1.1539e+07	1.18398e+07	
1.1113e+07	1.1246e+07	1.14192e+07	1.15012e+07	1.15585e+07	
1.1016e+07	1.0975e+07	1.12982e+07	1.1459e+07	1.1398e+07	
1.1018e+07	1.13048e+07	1.13645e+07	1.13815e+07	1.15858e+07	
1.09662e+07	1.11458e+07	1.1396e+07	1.14615e+07	1.14962e+07	
1.10488e+07	1.09902e+07	1.118e+07	1.12982e+07	1.14055e+07	
1.09152e+07	1.0936e+07	1.13205e+07	1.13438e+07	1.14338e+07	
1.08515e+07	1.10362e+07	1.12058e+07	1.1418e+07	1.14598e+07	
1.06985e+07	1.08825e+07	1.10142e+07	1.12045e+07	1.12398e+07	
1.0597e+07	1.07992e+07	1.10185e+07	1.1176e+07	1.11472e+07	
1.05882e+07	1.08092e+07	1.1009e+07	1.1144e+07	1.1234e+07	
1.0849e+07	1.09448e+07	1.11232e+07	1.126e+07	1.1306e+07	
1.08548e+07	1.08452e+07	1.11855e+07	1.12895e+07	1.13405e+07	
1.10105e+07	1.12322e+07	1.13052e+07	1.14192e+07	1.16058e+07	
1.0904e+07	1.10558e+07	1.12485e+07	1.13778e+07	1.15448e+07	
1.1028e+07	1.12725e+07	1.14565e+07	1.15668e+07	1.1563e+07	
1.1006e+07	1.1195e+07	1.1408e+07	1.14785e+07	1.16128e+07	
1.10168e+07	1.11138e+07	1.1367e+07	1.15165e+07	1.1505e+07	
1.09605e+07	1.11432e+07	1.1326e+07	1.14905e+07	1.15472e+07	
1.10362e+07	1.1011e+07	1.12032e+07	1.13098e+07	1.15138e+07	
1.10235e+07	1.0924e+07	1.12655e+07	1.13488e+07	1.14665e+07	
1.07382e+07	1.09222e+07	1.11862e+07	1.12642e+07	1.1209e+07	
1.0805e+07	1.08422e+07	1.0946e+07	1.12895e+07	1.12232e+07	
1.0733e+07	1.0919e+07	1.12588e+07	1.12082e+07	1.13072e+07	
1.08982e+07	1.07822e+07	1.10898e+07	1.11432e+07	1.12025e+07	
1.06612e+07	1.0798e+07	1.09952e+07	1.12725e+07	1.12945e+07	
1.08258e+07	1.0929e+07	1.1108e+07	1.1205e+07	1.1234e+07	
1.06285e+07	1.0689e+07	1.10268e+07	1.11485e+07	1.11352e+07	
1.06568e+07	1.07275e+07	1.09828e+07	1.11328e+07	1.11912e+07	
1.0481e+07	1.06625e+07	1.09348e+07	1.11498e+07	1.10835e+07	
1.05832e+07	1.06292e+07	1.09405e+07	1.10048e+07	1.10942e+07	
1.05332e+07	1.06028e+07	1.08788e+07	1.09675e+07	1.0924e+07	
1.035e+07	1.05958e+07	1.07975e+07	1.0953e+07	1.1038e+07	
1.06418e+07	1.0624e+07	1.0856e+07	1.09158e+07	1.10525e+07	
1.05332e+07	1.0585e+07	1.09078e+07	1.10392e+07	1.1214e+07	
1.0665e+07	1.06948e+07	1.09272e+07	1.10905e+07	1.11038e+07	
1.06885e+07	1.07445e+07	1.08258e+07	1.10288e+07	1.11332e+07	
1.06645e+07	1.0728e+07	1.0975e+07	1.1062e+07	1.11485e+07	
1.05585e+07	1.07425e+07	1.09202e+07	1.10682e+07	1.11788e+07	
1.074e+07	1.08278e+07	1.10545e+07	1.11502e+07	1.12518e+07	
1.05888e+07	1.0817e+07	1.09215e+07	1.103e+07	1.11258e+07	
1.0679e+07	1.07872e+07	1.10048e+07	1.10972e+07	1.12102e+07	
1.08725e+07	1.07615e+07	1.1011e+07	1.11615e+07	1.12012e+07	
1.06215e+07	1.07188e+07	1.10432e+07	1.10275e+07	1.1084e+07	
1.0774e+07	1.06965e+07	1.1057e+07	1.10748e+07	1.12215e+07	
1.0599e+07	1.07772e+07	1.09405e+07	1.1059e+07	1.11722e+07	
1.06675e+07	1.06928e+07	1.09215e+07	1.10848e+07	1.11995e+07	
1.05278e+07	1.07105e+07	1.09398e+07	1.10388e+07	1.10778e+07	
1.04792e+07	1.05352e+07	1.09265e+07	1.10565e+07	1.09688e+07	
1.03765e+07	1.05352e+07	1.07318e+07	1.08428e+07	1.089e+07	
1.02862e+07	1.03235e+07	1.06058e+07	1.06122e+07	1.07292e+07	
1.01692e+07	1.027e+07	1.05725e+07	1.07042e+07	1.06355e+07	
1.01975e+07	1.03292e+07	1.0401e+07	1.05278e+07	1.06128e+07	
1.01925e+07	1.03045e+07	1.04818e+07	1.0582e+07	1.06965e+07	
1.02025e+07	1.03172e+07	1.04482e+07	1.0636e+07	1.0742e+07	
1.0251e+07	1.0316e+07	1.04408e+07	1.05435e+07	1.0791e+07	
1.0273e+07	1.02958e+07	1.04005e+07	1.0544e+07	1.06488e+07	
1.01092e+07	1.02008e+07	1.04205e+07	1.0524e+07	1.05428e+07	
9.94175e+06	1.00418e+07	1.01722e+07	1.03782e+07	1.05328e+07	
9.66325e+06	9.77475e+06	9.926e+06	1.00538e+07	1.00715e+07	
9.33225e+06	9.4765e+06	9.59075e+06	9.74575e+06	9.92225e+06	
9.1125e+06	9.227e+06	9.3765e+06	9.5945e+06	9.60775e+06	
8.94225e+06	9.137e+06	9.26425e+06	9.379e+06	9.32025e+06	
9.132e+06	9.17475e+06	9.483e+06	9.40725e+06	9.551e+06	
9.14525e+06	9.1735e+06	9.403e+06	9.624e+06	9.5975e+06	
9.18925e+06	9.3505e+06	9.612e+06	9.78675e+06	9.745e+06	
9.31475e+06	9.43625e+06	9.48975e+06	9.7085e+06	9.75525e+06	
9.488e+06	9.58175e+06	9.84725e+06	9.815e+06	9.9265e+06	
9.466e+06	9.46475e+06	9.68775e+06	9.82e+06	9.91075e+06	
9.44325e+06	9.445e+06	9.76525e+06	9.87925e+06	9.9025e+06	
9.47025e+06	9.5145e+06	9.77025e+06	9.80425e+06	9.93725e+06	
9.38975e+06	9.493e+06	9.77225e+06	9.827e+06	9.84775e+06	
9.47225e+06	9.4905e+06	9.7525e+06	9.9435e+06	9.98125e+06	
9.4565e+06	9.6095e+06	9.798e+06	9.92225e+06	9.9145e+06	
9.41875e+06	9.573e+06	9.69775e+06	9.84725e+06	9.8395e+06	
9.29075e+06	9.5005e+06	9.67775e+06	9.73375e+06	9.837e+06	
9.35e+06	9.35375e+06	9.65375e+06	9.774e+06	9.796e+06	
9.3285e+06	9.3715e+06	9.54525e+06	9.71425e+06	9.762e+06	
9.2295e+06	9.3015e+06	9.46975e+06	9.6505e+06	9.68075e+06	
9.36325e+06	9.32975e+06	9.532e+06	9.73e+06	9.75125e+06	
9.355e+06	9.42175e+06	9.58375e+06	9.788e+06	9.74e+06	
9.348e+06	9.4545e+06	9.6525e+06	9.72225e+06	9.81175e+06	
9.3425e+06	9.452e+06	9.57175e+06	9.757e+06	9.81125e+06	
9.36075e+06	9.42925e+06	9.73425e+06	9.78925e+06	9.9555e+06	
9.35825e+06	9.44625e+06	9.65425e+06	9.67625e+06	9.87225e+06	
9.34425e+06	9.447e+06	9.544e+06	9.72675e+06	9.7395e+06	
9.275e+06	9.1835e+06	9.3845e+06	9.515e+06	9.62775e+06	
9.2725e+06	9.399e+06	9.62275e+06	9.679e+06	9.687e+06	
9.198e+06	9.30575e+06	9.56175e+06	9.53075e+06	9.61025e+06	
9.24975e+06	9.3935e+06	9.587e+06	9.62225e+06	9.71475e+06	
9.186e+06	9.30825e+06	9.50675e+06	9.6385e+06	9.771e+06	
9.2825e+06	9.372e+06	9.4685e+06	9.55925e+06	9.65925e+06	
9.25475e+06	9.19875e+06	9.51825e+06	9.60075e+06	9.65375e+06	
9.195e+06	9.2415e+06	9.4805e+06	9.54525e+06	9.60775e+06	
9.22325e+06	9.3505e+06	9.5145e+06	9.5485e+06	9.6915e+06	
9.0745e+06	9.181e+06	9.28e+06	9.4685e+06	9.6e+06	
9.09975e+06	9.118e+06	9.3115e+06	9.48925e+06	9.4545e+06	
9.12625e+06	9.1465e+06	9.40925e+06	9.52775e+06	9.47975e+06	
9.035e+06	9.1125e+06	9.33975e+06	9.3675e+06	9.4515e+06	
9.0135e+06	9.12625e+06	9.251e+06	9.41425e+06	9.52525e+06	
9.0865e+06	9.1715e+06	9.47775e+06	9.5095e+06	9.5145e+06	
9.1585e+06	9.08225e+06	9.42925e+06	9.45775e+06	9.57925e+06	
9.246e+06	9.26225e+06	9.44575e+06	9.64225e+06	9.5895e+06	
9.17675e+06	9.27175e+06	9.4275e+06	9.4805e+06	9.643e+06	
9.20625e+06	9.314e+06	9.50375e+06	9.56925e+06	9.66e+06	
9.26175e+06	9.2875e+06	9.491e+06	9.541e+06	9.5685e+06	
9.19925e+06	9.30825e+06	9.58575e+06	9.63725e+06	9.62775e+06	
9.1495e+06	9.32275e+06	9.4615e+06	9.57e+06	9.662e+06	
9.17675e+06	9.21075e+06	9.33475e+06	9.568e+06	9.62025e+06	
9.13125e+06	9.2655e+06	9.41225e+06	9.55475e+06	9.488e+06	
9.1035e+06	9.18925e+06	9.2775e+06	9.4635e+06	9.58575e+06	
9.1465e+06	9.24925e+06	9.41675e+06	9.58375e+06	9.57375e+06	
9.219e+06	9.2145e+06	9.4135e+06	9.532e+06	9.5705e+06	
9.09225e+06	9.103e+06	9.3305e+06	9.3385e+06	9.6015e+06	
9.1415e+06	9.15575e+06	9.35625e+06	9.44e+06	9.57175e+06	
8.9965e+06	9.13e+06	9.27625e+06	9.37825e+06	9.491e+06	
8.9535e+06	9.077e+06	9.25925e+06	9.53775e+06	9.4155e+06	
8.989e+06	9.086e+06	9.193e+06	9.367e+06	9.41175e+06	
8.977e+06	9.086e+06	9.207e+06	9.2555e+06	9.326e+06	
8.84275e+06	9.06075e+06	9.04375e+06	9.31225e+06	9.24975e+06	
8.948e+06	9.0085e+06	9.14825e+06	9.31275e+06	9.35825e+06	
9.00475e+06	8.9315e+06	9.13375e+06	9.34625e+06	9.29e+06	
8.85975e+06	9.06075e+06	9.166e+06	9.36125e+06	9.29075e+06	
8.81125e+06	8.859e+06	9.12e+06	9.205e+06	9.1785e+06	
8.90125e+06	8.902e+06	9.1345e+06	9.241e+06	9.236e+06	
8.8345e+06	8.9995e+06	9.1565e+06	9.12e+06	9.3255e+06	
8.83125e+06	8.975e+06	9.057e+06	9.089e+06	9.31775e+06	
8.701e+06	8.86675e+06	9.106e+06	9.1445e+06	9.15725e+06	
8.76575e+06	8.8175e+06	9.05e+06	9.16225e+06	9.23975e+06	
8.67875e+06	8.90325e+06	9.055e+06	9.07775e+06	9.215e+06	
8.7525e+06	8.85025e+06	8.99025e+06	9.07025e+06	9.10975e+06	
8.665e+06	8.7255e+06	8.9795e+06	9.035e+06	9.02675e+06	
8.6405e+06	8.75075e+06	8.93475e+06	9.00975e+06	9.15075e+06	
8.5565e+06	8.721e+06	8.81e+06	8.95925e+06	8.9915e+06	
8.76275e+06	8.75625e+06	8.8075e+06	9.00275e+06	8.987e+06	
8.65125e+06	8.74e+06	8.89175e+06	9.062e+06	9.123e+06	
8.723e+06	8.76575e+06	8.88175e+06	9.0455e+06	9.0665e+06	
8.605e+06	8.67875e+06	8.84275e+06	8.9045e+06	8.9485e+06	
8.544e+06	8.522e+06	8.77275e+06	8.9575e+06	8.86225e+06	
8.4595e+06	8.47775e+06	8.561e+06	8.76325e+06	8.79225e+06	
8.348e+06	8.35375e+06	8.66875e+06	8.73875e+06	8.7495e+06	
8.355e+06	8.43175e+06	8.6435e+06	8.67875e+06	8.8155e+06	
8.39225e+06	8.44375e+06	8.605e+06	8.66625e+06	8.663e+06	
8.38025e+06	8.57875e+06	8.77075e+06	8.70525e+06	8.8825e+06	
8.561e+06	8.7155e+06	8.78225e+06	8.85025e+06	8.98575e+06	
8.49675e+06	8.517e+06	8.7135e+06	8.87725e+06	8.876e+06	
8.44825e+06	8.566e+06	8.69575e+06	8.8005e+06	8.83775e+06	
8.45325e+06	8.60125e+06	8.83825e+06	8.7905e+06	8.9505e+06	
8.4205e+06	8.675e+06	8.796e+06	8.897e+06	8.90875e+06	
8.5025e+06	8.62225e+06	8.885e+06	8.90125e+06	9.01725e+06	
8.54975e+06	8.7135e+06	8.8055e+06	8.934e+06	8.9725e+06	
8.505e+06	8.60075e+06	8.769e+06	8.83e+06	8.9555e+06	
8.55775e+06	8.61075e+06	8.854e+06	8.994e+06	8.9315e+06	
8.549e+06	8.66125e+06	8.75325e+06	8.9335e+06	8.999e+06	
8.43e+06	8.41925e+06	8.6215e+06	8.8035e+06	8.85775e+06	
8.39725e+06	8.59125e+06	8.71675e+06	8.7305e+06	8.93725e+06	
8.367e+06	8.43875e+06	8.67325e+06	8.75e+06	8.86975e+06	
8.2385e+06	8.435e+06	8.69025e+06	8.67825e+06	8.76325e+06	
8.33475e+06	8.32525e+06	8.48475e+06	8.69975e+06	8.69975e+06	
8.1975e+06	8.362e+06	8.52375e+06	8.64725e+06	8.6505e+06	
8.22275e+06	8.4395e+06	8.5585e+06	8.59325e+06	8.7065e+06	
8.2805e+06	8.29625e+06	8.4905e+06	8.63475e+06	8.5685e+06	
8.0625e+06	8.19625e+06	8.38275e+06	8.527e+06	8.58675e+06	
8.09275e+06	8.17525e+06	8.3505e+06	8.4395e+06	8.5275e+06	
8.05575e+06	8.142e+06	8.2805e+06	8.4595e+06	8.367e+06	
8.096e+06	8.07825e+06	8.24025e+06	8.401e+06	8.3115e+06	
7.8755e+06	7.9605e+06	8.21875e+06	8.27675e+06	8.30075e+06	
7.94525e+06	8.03475e+06	8.26925e+06	8.28875e+06	8.321e+06	
7.992e+06	8.08775e+06	8.23975e+06	8.304e+06	8.3695e+06	
7.9585e+06	8.004e+06	8.275e+06	8.26725e+06	8.38275e+06	
8.00525e+06	8.0505e+06	8.27e+06	8.36075e+06	8.3675e+06	
7.80425e+06	8.019e+06	8.0625e+06	8.26925e+06	8.3455e+06	
7.7985e+06	7.9705e+06	8.08025e+06	8.19375e+06	8.24475e+06	
7.774e+06	7.87975e+06	8.0405e+06	8.06875e+06	8.2025e+06	
7.8005e+06	7.89e+06	8.01025e+06	8.096e+06	8.16075e+06	
7.64975e+06	7.8325e+06	7.92075e+06	7.985e+06	8.12425e+06	
7.786e+06	7.78275e+06	7.895e+06	8.05125e+06	8.0745e+06	
7.69275e+06	7.796e+06	7.92025e+06	8.1345e+06	8.1225e+06	
7.60325e+06	7.74675e+06	7.9295e+06	7.99e+06	8.03925e+06	
7.551e+06	7.64725e+06	7.86275e+06	8.02275e+06	7.98575e+06	
7.6435e+06	7.63275e+06	7.9315e+06	8.03425e+06	8.0795e+06	
7.64975e+06	7.68325e+06	7.87925e+06	8.0065e+06	8.01725e+06	
7.58675e+06	7.718e+06	7.7545e+06	7.893e+06	7.8975e+06	
7.51675e+06	7.61025e+06	7.8465e+06	7.92575e+06	7.9165e+06	
7.4615e+06	7.60075e+06	7.808e+06	7.87675e+06	7.912e+06	
7.48925e+06	7.59425e+06	7.726e+06	7.78525e+06	7.924e+06	
7.43425e+06	7.57425e+06	7.791e+06	7.7765e+06	7.8635e+06	
7.57425e+06	7.62975e+06	7.79925e+06	7.90125e+06	7.93075e+06	
7.48475e+06	7.58675e+06	7.77075e+06	7.895e+06	7.8635e+06	
7.42425e+06	7.50425e+06	7.595e+06	7.71025e+06	7.76575e+06	
7.4305e+06	7.50875e+06	7.67375e+06	7.779e+06	7.83825e+06	
7.367e+06	7.50875e+06	7.64725e+06	7.81375e+06	7.73875e+06	
7.41425e+06	7.554e+06	7.69775e+06	7.711e+06	7.81925e+06	
7.459e+06	7.467e+06	7.7455e+06	7.6915e+06	7.852e+06	
7.4615e+06	7.554e+06	7.56675e+06	7.7985e+06	7.82125e+06	
7.42925e+06	7.43425e+06	7.488e+06	7.66375e+06	7.7285e+06	
7.406e+06	7.44325e+06	7.5365e+06	7.6575e+06	7.69525e+06	
7.28625e+06	7.4405e+06	7.50225e+06	7.63725e+06	7.72175e+06	
7.35875e+06	7.363e+06	7.5905e+06	7.59375e+06	7.69525e+06	
7.26175e+06	7.3965e+06	7.5805e+06	7.60575e+06	7.72175e+06	
7.2975e+06	7.3895e+06	7.44875e+06	7.629e+06	7.70275e+06	
7.33725e+06	7.5415e+06	7.607e+06	7.6535e+06	7.728e+06	
7.30775e+06	7.41925e+06	7.57475e+06	7.65225e+06	7.75e+06	
7.25725e+06	7.3525e+06	7.4325e+06	7.50175e+06	7.646e+06	
7.21625e+06	7.3795e+06	7.52325e+06	7.62525e+06	7.6945e+06	
7.2995e+06	7.435e+06	7.46075e+06	7.51825e+06	7.68125e+06	
7.13425e+06	7.31975e+06	7.39275e+06	7.5195e+06	7.56675e+06	
7.2e+06	7.193e+06	7.40525e+06	7.52e+06	7.5825e+06	
7.02725e+06	7.147e+06	7.24075e+06	7.38525e+06	7.54825e+06	
7.18225e+06	7.169e+06	7.20175e+06	7.36e+06	7.348e+06	
7.045e+06	7.17775e+06	7.2805e+06	7.32275e+06	7.3745e+06	
7.0015e+06	7.11925e+06	7.25525e+06	7.36125e+06	7.365e+06	
6.97625e+06	7.004e+06	7.20875e+06	7.38325e+06	7.30075e+06	
6.857e+06	7.0015e+06	7.125e+06	7.1645e+06	7.24975e+06	
6.903e+06	7.01075e+06	7.06125e+06	7.137e+06	7.1975e+06	
6.9805e+06	6.99e+06	7.19425e+06	7.10025e+06	7.217e+06	
6.89925e+06	6.9385e+06	7.0845e+06	7.183e+06	7.23775e+06	
6.92075e+06	7.096e+06	7.128e+06	7.21625e+06	7.266e+06	
6.86775e+06	6.8615e+06	7.11225e+06	7.1565e+06	7.22775e+06	
6.811e+06	6.79975e+06	7.07575e+06	7.135e+06	7.2195e+06	
6.84525e+06	6.91375e+06	7.06375e+06	7.0865e+06	7.17225e+06	
6.736e+06	6.95975e+06	7.0305e+06	7.14625e+06	7.08575e+06	
6.738e+06	6.85075e+06	7.04225e+06	6.98175e+06	7.06075e+06	
6.77575e+06	6.7815e+06	6.83375e+06	7.094e+06	7.019e+06	
6.721e+06	6.66625e+06	6.85075e+06	6.9295e+06	7.04625e+06	
6.5855e+06	6.72225e+06	6.854e+06	6.975e+06	6.96475e+06	
6.651e+06	6.634e+06	6.823e+06	6.83825e+06	6.9315e+06	
6.5495e+06	6.6705e+06	6.75125e+06	6.808e+06	6.8545e+06	
6.54075e+06	6.62575e+06	6.78025e+06	6.8175e+06	6.8665e+06	
6.506e+06	6.573e+06	6.677e+06	6.79275e+06	6.83375e+06	
6.447e+06	6.527e+06	6.6165e+06	6.71225e+06	6.75875e+06	
6.42925e+06	6.39575e+06	6.56975e+06	6.7085e+06	6.67825e+06	
6.3675e+06	6.535e+06	6.57425e+06	6.70725e+06	6.7305e+06	
6.3745e+06	6.4015e+06	6.527e+06	6.5665e+06	6.644e+06	
6.24975e+06	6.365e+06	6.4865e+06	6.5295e+06	6.5585e+06	
6.1205e+06	6.24275e+06	6.348e+06	6.45e+06	6.52375e+06	
6.2275e+06	6.283e+06	6.3435e+06	6.4015e+06	6.501e+06	
6.222e+06	6.259e+06	6.3505e+06	6.426e+06	6.5055e+06	
6.23075e+06	6.2025e+06	6.4065e+06	6.542e+06	6.54075e+06	
6.2655e+06	6.29125e+06	6.4355e+06	6.51875e+06	6.43875e+06	
6.32025e+06	6.2805e+06	6.47075e+06	6.595e+06	6.5635e+06	
6.22e+06	6.3335e+06	6.418e+06	6.48725e+06	6.561e+06	
6.167e+06	6.21175e+06	6.34475e+06	6.4355e+06	6.52175e+06	
6.20925e+06	6.19725e+06	6.32725e+06	6.4115e+06	6.518e+06	
6.11425e+06	6.24325e+06	6.4185e+06	6.513e+06	6.472e+06	
6.249e+06	6.26925e+06	6.40225e+06	6.49725e+06	6.57475e+06	
6.215e+06	6.239e+06	6.32525e+06	6.48475e+06	6.5585e+06	
6.15575e+06	6.30575e+06	6.368e+06	6.45875e+06	6.535e+06	
6.16325e+06	6.29175e+06	6.343e+06	6.46075e+06	6.53575e+06	
6.17725e+06	6.21175e+06	6.2995e+06	6.46125e+06	6.42675e+06	
6.05175e+06	6.15e+06	6.32275e+06	6.46075e+06	6.43175e+06	
6.1255e+06	6.1525e+06	6.24275e+06	6.4115e+06	6.33025e+06	
6.0405e+06	5.99575e+06	6.201e+06	6.205e+06	6.31825e+06	
5.92575e+06	5.9975e+06	6.04225e+06	6.1665e+06	6.10725e+06	
5.726e+06	5.7965e+06	5.8515e+06	5.8495e+06	5.9805e+06	
5.4645e+06	5.51875e+06	5.65675e+06	5.695e+06	5.745e+06	
5.2665e+06	5.32325e+06	5.51425e+06	5.542e+06	5.55075e+06	
5.31525e+06	5.46125e+06	5.5375e+06	5.557e+06	5.70575e+06	
5.472e+06	5.4765e+06	5.612e+06	5.6895e+06	5.71275e+06	
5.51175e+06	5.57975e+06	5.68075e+06	5.76125e+06	5.69825e+06	
5.6045e+06	5.68575e+06	5.7505e+06	5.8055e+06	5.8765e+06	
5.76375e+06	5.75675e+06	5.86325e+06	6.075e+06	6.029e+06	
5.847e+06	5.77525e+06	5.9055e+06	5.89475e+06	6.06625e+06	
5.81725e+06	5.82925e+06	5.997e+06	6.02025e+06	6.147e+06	
5.8395e+06	5.92125e+06	6.046e+06	6.162e+06	6.1495e+06	
5.94275e+06	5.973e+06	5.99075e+06	6.15125e+06	6.11175e+06	
5.837e+06	5.98875e+06	6.0895e+06	6.092e+06	6.18025e+06	
5.8835e+06	5.98125e+06	6.1185e+06	6.16825e+06	6.19225e+06	
5.8515e+06	6.0095e+06	6.1275e+06	6.17975e+06	6.18225e+06	
5.934e+06	5.956e+06	6.109e+06	6.1735e+06	6.1595e+06	
5.9075e+06	5.9655e+06	6.176e+06	6.16325e+06	6.181e+06	
5.88975e+06	5.92075e+06	6.10225e+06	6.111e+06	6.2155e+06	
5.8765e+06	5.9585e+06	6.12425e+06	6.1375e+06	6.19475e+06	
5.88725e+06	5.9875e+06	6.1085e+06	6.234e+06	6.28425e+06	
5.89675e+06	6.0355e+06	6.0435e+06	6.222e+06	6.26025e+06	
5.9e+06	5.891e+06	6.03675e+06	6.1375e+06	6.2005e+06	
5.871e+06	5.9005e+06	6.07575e+06	6.00825e+06	6.14375e+06	
5.828e+06	5.9245e+06	6.05375e+06	6.12875e+06	6.09775e+06	
5.745e+06	5.95925e+06	5.96925e+06	6.07325e+06	6.058e+06	
5.80425e+06	5.9075e+06	5.96175e+06	5.98825e+06	6.041e+06	
5.81675e+06	5.879e+06	5.9685e+06	6.024e+06	6.0795e+06	
5.806e+06	5.898e+06	5.9705e+06	6.12175e+06	6.08275e+06	
5.753e+06	5.81675e+06	5.98175e+06	6.0775e+06	6.048e+06	
5.81725e+06	5.87525e+06	5.91075e+06	6.021e+06	6.09275e+06	
5.8445e+06	5.8785e+06	5.966e+06	6.084e+06	6.05125e+06	
5.7045e+06	5.8545e+06	6.0165e+06	6.05675e+06	6.096e+06	
5.7285e+06	5.82375e+06	5.98175e+06	5.9415e+06	6.04175e+06	
5.736e+06	5.818e+06	5.9535e+06	6.0355e+06	6.00075e+06	
5.7795e+06	5.782e+06	5.937e+06	5.95675e+06	5.99625e+06	
5.71475e+06	5.77575e+06	5.9725e+06	5.9895e+06	6.00325e+06	
5.70775e+06	5.71225e+06	5.9055e+06	5.95475e+06	5.9605e+06	
5.73725e+06	5.76875e+06	5.883e+06	5.95475e+06	6.0645e+06	
5.73475e+06	5.7645e+06	5.80975e+06	5.99325e+06	6.03725e+06	
5.70025e+06	5.8565e+06	5.87725e+06	5.9395e+06	5.98875e+06	
5.73425e+06	5.7285e+06	5.905e+06	5.94225e+06	6.01325e+06	
5.70575e+06	5.748e+06	5.81225e+06	5.95275e+06	5.88725e+06	
5.70525e+06	5.73475e+06	5.81725e+06	5.95275e+06	5.908e+06	
5.675e+06	5.69775e+06	5.8375e+06	5.91e+06	5.87525e+06	
5.634e+06	5.67425e+06	5.784e+06	5.85325e+06	5.9055e+06	
5.6005e+06	5.61e+06	5.80925e+06	5.837e+06	5.91125e+06	
5.55575e+06	5.605e+06	5.84375e+06	5.85825e+06	5.91625e+06	
5.54325e+06	5.588e+06	5.72675e+06	5.81675e+06	5.88925e+06	
5.508e+06	5.6075e+06	5.7795e+06	5.84325e+06	5.8565e+06	
5.4595e+06	5.58425e+06	5.71225e+06	5.728e+06	5.762e+06	
5.41775e+06	5.50925e+06	5.7335e+06	5.755e+06	5.77825e+06	
5.535e+06	5.60875e+06	5.63275e+06	5.73425e+06	5.8035e+06	
5.52375e+06	5.5615e+06	5.68875e+06	5.794e+06	5.78025e+06	
5.593e+06	5.5395e+06	5.685e+06	5.743e+06	5.784e+06	
5.4695e+06	5.624e+06	5.65725e+06	5.7675e+06	5.7935e+06	
5.55975e+06	5.595e+06	5.7765e+06	5.76825e+06	5.71075e+06	
5.4405e+06	5.5175e+06	5.65675e+06	5.8035e+06	5.7575e+06	
5.402e+06	5.5975e+06	5.62075e+06	5.75375e+06	5.7595e+06	
5.47075e+06	5.4865e+06	5.62275e+06	5.6655e+06	5.69575e+06	
5.39025e+06	5.525e+06	5.5785e+06	5.67625e+06	5.70325e+06	
5.406e+06	5.49525e+06	5.6415e+06	5.687e+06	5.67925e+06	
5.40075e+06	5.48475e+06	5.57025e+06	5.64775e+06	5.6535e+06	
5.45325e+06	5.39825e+06	5.5275e+06	5.595e+06	5.69125e+06	
5.36175e+06	5.3745e+06	5.5495e+06	5.64525e+06	5.692e+06	
5.421e+06	5.419e+06	5.56275e+06	5.6245e+06	5.726e+06	
5.382e+06	5.4255e+06	5.5225e+06	5.622e+06	5.56525e+06	
5.40975e+06	5.50475e+06	5.583e+06	5.67175e+06	5.68625e+06	
5.339e+06	5.35675e+06	5.48975e+06	5.595e+06	5.64725e+06	
5.4015e+06	5.34225e+06	5.513e+06	5.54325e+06	5.58675e+06	
5.3705e+06	5.3625e+06	5.57025e+06	5.54825e+06	5.5005e+06	
5.3045e+06	5.31775e+06	5.43675e+06	5.5735e+06	5.55275e+06	
5.34725e+06	5.3625e+06	5.525e+06	5.50725e+06	5.559e+06	
5.336e+06	5.283e+06	5.462e+06	5.571e+06	5.61e+06	
5.2415e+06	5.36175e+06	5.44425e+06	5.58175e+06	5.4865e+06	
5.2005e+06	5.26475e+06	5.47325e+06	5.46825e+06	5.438e+06	
5.314e+06	5.3505e+06	5.4205e+06	5.44675e+06	5.58925e+06	
5.237e+06	5.3025e+06	5.3775e+06	5.4205e+06	5.479e+06	
5.23125e+06	5.28425e+06	5.414e+06	5.4935e+06	5.52825e+06	
5.23825e+06	5.26025e+06	5.3915e+06	5.479e+06	5.576e+06	
5.27425e+06	5.24075e+06	5.3795e+06	5.45e+06	5.43475e+06	
5.1155e+06	5.25225e+06	5.3025e+06	5.38e+06	5.4085e+06	
5.14625e+06	5.19425e+06	5.285e+06	5.3795e+06	5.45e+06	
5.18275e+06	5.2005e+06	5.28175e+06	5.36425e+06	5.3675e+06	
5.1305e+06	5.13675e+06	5.162e+06	5.40075e+06	5.37625e+06	
5.08575e+06	5.167e+06	5.21375e+06	5.32075e+06	5.351e+06	
5.00125e+06	5.1035e+06	5.1325e+06	5.261e+06	5.28225e+06	
5.06825e+06	5.101e+06	5.1765e+06	5.2515e+06	5.25525e+06	
5.06875e+06	5.09775e+06	5.1865e+06	5.27175e+06	5.295e+06	
5.058e+06	5.03975e+06	5.17975e+06	5.1955e+06	5.17325e+06	
4.9585e+06	5.0095e+06	5.07575e+06	5.22875e+06	5.20625e+06	
4.91375e+06	4.96975e+06	5.0195e+06	5.07375e+06	5.077e+06	
4.76175e+06	4.79975e+06	4.89175e+06	4.927e+06	5.03725e+06	
4.416e+06	4.43675e+06	4.5565e+06	4.62575e+06	4.6435e+06	
4.2125e+06	4.244e+06	4.266e+06	4.41725e+06	4.4355e+06	
3.9875e+06	4.02075e+06	4.15325e+06	4.2665e+06	4.22e+06	
4.0775e+06	4.162e+06	4.1985e+06	4.20425e+06	4.21675e+06	
4.0705e+06	4.05675e+06	4.20725e+06	4.26775e+06	4.29925e+06	
4.0845e+06	4.1765e+06	4.24775e+06	4.3265e+06	4.2835e+06	
4.077e+06	4.1745e+06	4.18975e+06	4.28925e+06	4.29425e+06	
4.13625e+06	4.11975e+06	4.25275e+06	4.27425e+06	4.33775e+06	
4.11275e+06	4.15375e+06	4.2325e+06	4.32525e+06	4.32275e+06	
4.16e+06	4.20225e+06	4.3075e+06	4.31e+06	4.3635e+06	
4.21875e+06	4.266e+06	4.2875e+06	4.4255e+06	4.32825e+06	
4.1165e+06	4.242e+06	4.368e+06	4.36625e+06	4.4255e+06	
4.194e+06	4.29175e+06	4.353e+06	4.48575e+06	4.421e+06	
4.27675e+06	4.3e+06	4.39825e+06	4.4045e+06	4.5345e+06	
4.249e+06	4.315e+06	4.37175e+06	4.508e+06	4.54075e+06	
4.317e+06	4.42675e+06	4.4715e+06	4.516e+06	4.54575e+06	
4.382e+06	4.411e+06	4.51675e+06	4.55325e+06	4.559e+06	
4.34275e+06	4.409e+06	4.50025e+06	4.5275e+06	4.552e+06	
4.336e+06	4.407e+06	4.48275e+06	4.52625e+06	4.5155e+06	
4.293e+06	4.324e+06	4.46075e+06	4.4505e+06	4.51225e+06	
4.22e+06	4.29875e+06	4.387e+06	4.482e+06	4.4745e+06	
4.22e+06	4.2975e+06	4.38075e+06	4.44675e+06	4.501e+06	
4.198e+06	4.3025e+06	4.3675e+06	4.3705e+06	4.431e+06	
4.179e+06	4.29175e+06	4.365e+06	4.3385e+06	4.43675e+06	
4.2155e+06	4.186e+06	4.385e+06	4.34725e+06	4.3705e+06	
4.242e+06	4.2515e+06	4.327e+06	4.37675e+06	4.43975e+06	
4.155e+06	4.213e+06	4.2875e+06	4.3655e+06	4.3195e+06	
4.18725e+06	4.17275e+06	4.336e+06	4.402e+06	4.4335e+06	
4.097e+06	4.29425e+06	4.30825e+06	4.373e+06	4.3655e+06	
4.27425e+06	4.27425e+06	4.35725e+06	4.3965e+06	4.45125e+06	
4.2685e+06	4.307e+06	4.375e+06	4.462e+06	4.462e+06	
4.2415e+06	4.2665e+06	4.42475e+06	4.40325e+06	4.457e+06	
4.27725e+06	4.29925e+06	4.43725e+06	4.453e+06	4.5105e+06	
4.235e+06	4.28675e+06	4.344e+06	4.4575e+06	4.45125e+06	
4.2175e+06	4.2175e+06	4.41525e+06	4.411e+06	4.41475e+06	
4.0875e+06	4.23e+06	4.29425e+06	4.30625e+06	4.30875e+06	
4.14175e+06	4.143e+06	4.1695e+06	4.32025e+06	4.3315e+06	
4.10325e+06	4.109e+06	4.259e+06	4.23875e+06	4.3535e+06	
4.05925e+06	4.1455e+06	4.17825e+06	4.28675e+06	4.305e+06	
4.0455e+06	4.039e+06	4.15575e+06	4.1815e+06	4.19975e+06	
4.02325e+06	4.03025e+06	4.152e+06	4.21625e+06	4.2465e+06	
3.9495e+06	3.988e+06	4.02275e+06	4.17275e+06	4.06375e+06	
3.93825e+06	4.0075e+06	4.05475e+06	4.1405e+06	4.18025e+06	
3.9365e+06	3.9855e+06	4.036e+06	4.13925e+06	4.11975e+06	
3.922e+06	3.96025e+06	4.04475e+06	4.106e+06	4.06175e+06	
3.88025e+06	3.93575e+06	4.06925e+06	4.04725e+06	4.0825e+06	
3.89175e+06	3.95225e+06	3.995e+06	4.05875e+06	4.063e+06	
3.83425e+06	3.864e+06	3.949e+06	3.9755e+06	4.01075e+06	
3.83175e+06	3.9155e+06	4.0075e+06	4.087e+06	4.07125e+06	
3.8665e+06	3.94075e+06	4.05875e+06	4.10975e+06	4.06e+06	
3.847e+06	3.96925e+06	4.00575e+06	4.06875e+06	4.0285e+06	
3.913e+06	3.88525e+06	4.01275e+06	4.039e+06	4.0505e+06	
3.89175e+06	3.87275e+06	3.95775e+06	4.063e+06	4.0215e+06	
3.9005e+06	3.87325e+06	4.03525e+06	4.08e+06	4.05425e+06	
3.9245e+06	3.891e+06	3.99875e+06	4.07125e+06	4.12175e+06	
3.874e+06	3.91625e+06	4.019e+06	4.03775e+06	4.034e+06	
3.87475e+06	3.852e+06	3.99625e+06	3.98425e+06	4.01e+06	
3.8135e+06	3.857e+06	3.9785e+06	3.99625e+06	3.9415e+06	
3.80275e+06	3.8405e+06	3.9495e+06	3.95275e+06	4.00575e+06	
3.82225e+06	3.85075e+06	3.9415e+06	4e+06	3.91675e+06	
3.777e+06	3.8015e+06	3.8985e+06	3.88525e+06	3.9805e+06	
3.8325e+06	3.86525e+06	3.88725e+06	3.96925e+06	3.9975e+06	
3.797e+06	3.7945e+06	3.88475e+06	3.92375e+06	3.96525e+06	
3.75875e+06	3.76625e+06	3.83375e+06	3.98375e+06	3.92075e+06	
3.77125e+06	3.8015e+06	3.8785e+06	3.89175e+06	3.932e+06	
3.741e+06	3.80475e+06	3.86075e+06	3.89475e+06	4.00375e+06	
3.702e+06	3.7625e+06	3.83875e+06	3.87975e+06	3.8865e+06	
3.702e+06	3.789e+06	3.8525e+06	3.881e+06	3.93825e+06	
3.66475e+06	3.76425e+06	3.787e+06	3.838e+06	3.8695e+06	
3.646e+06	3.69875e+06	3.765e+06	3.88775e+06	3.9295e+06	
3.71025e+06	3.73975e+06	3.82175e+06	3.81725e+06	3.9805e+06	
3.644e+06	3.7235e+06	3.74425e+06	3.77575e+06	3.864e+06	
3.7195e+06	3.6825e+06	3.81925e+06	3.8355e+06	3.828e+06	
3.61175e+06	3.659e+06	3.74725e+06	3.78775e+06	3.8425e+06	
3.591e+06	3.68425e+06	3.80775e+06	3.82925e+06	3.81225e+06	
3.58925e+06	3.654e+06	3.75425e+06	3.7485e+06	3.82875e+06	
3.62e+06	3.661e+06	3.71575e+06	3.73525e+06	3.767e+06	
3.62375e+06	3.63575e+06	3.695e+06	3.77e+06	3.73475e+06	
3.53875e+06	3.5545e+06	3.64025e+06	3.692e+06	3.726e+06	
3.508e+06	3.63775e+06	3.702e+06	3.73525e+06	3.721e+06	
3.5615e+06	3.62125e+06	3.63525e+06	3.7315e+06	3.66725e+06	
3.52375e+06	3.6e+06	3.6005e+06	3.60425e+06	3.692e+06	
3.552e+06	3.629e+06	3.63075e+06	3.6415e+06	3.721e+06	
3.4645e+06	3.56525e+06	3.62575e+06	3.65775e+06	3.661e+06	
3.41975e+06	3.50475e+06	3.59225e+06	3.60425e+06	3.68125e+06	
3.47325e+06	3.533e+06	3.54125e+06	3.644e+06	3.627e+06	
3.4405e+06	3.48825e+06	3.4915e+06	3.55125e+06	3.5935e+06	
3.4505e+06	3.43475e+06	3.50675e+06	3.494e+06	3.5815e+06	
3.35275e+06	3.4185e+06	3.475e+06	3.48575e+06	3.44625e+06	
3.33275e+06	3.31625e+06	3.37125e+06	3.3925e+06	3.484e+06	
3.12425e+06	3.18025e+06	3.2225e+06	3.2975e+06	3.36725e+06	
3.109e+06	3.15175e+06	3.2035e+06	3.23625e+06	3.223e+06	
3.0245e+06	3.02275e+06	3.09e+06	3.1215e+06	3.11525e+06	
2.87575e+06	2.9415e+06	2.99375e+06	3.04475e+06	2.9755e+06	
2.867e+06	2.8715e+06	3.01e+06	3.00575e+06	2.969e+06	
2.7945e+06	2.7845e+06	2.869e+06	2.84675e+06	2.92125e+06	
2.7265e+06	2.73525e+06	2.8165e+06	2.814e+06	2.8035e+06	
2.66925e+06	2.67675e+06	2.72725e+06	2.79075e+06	2.7725e+06	
2.64525e+06	2.673e+06	2.758e+06	2.73475e+06	2.7745e+06	
2.58275e+06	2.64275e+06	2.66675e+06	2.748e+06	2.726e+06	
2.618e+06	2.6295e+06	2.654e+06	2.78075e+06	2.7285e+06	
2.60425e+06	2.66925e+06	2.6925e+06	2.74175e+06	2.81525e+06	
2.62875e+06	2.72075e+06	2.70575e+06	2.75875e+06	2.79275e+06	
2.7845e+06	2.76925e+06	2.78e+06	2.838e+06	2.8665e+06	
2.84625e+06	2.8765e+06	2.94275e+06	2.9665e+06	2.918e+06	
2.8865e+06	2.95275e+06	3.002e+06	3.022e+06	3.04025e+06	
2.9515e+06	3.002e+06	3.04725e+06	3.0465e+06	3.08875e+06	
3.03075e+06	3.01375e+06	3.09325e+06	3.07675e+06	3.14675e+06	
2.9545e+06	2.96225e+06	3.002e+06	3.06375e+06	3.1165e+06	
2.97175e+06	2.9275e+06	3.024e+06	3.094e+06	3.0755e+06	
2.88225e+06	2.91925e+06	2.97425e+06	3.012e+06	3.07125e+06	
2.7915e+06	2.84825e+06	2.8885e+06	2.88775e+06	2.9345e+06	
2.78825e+06	2.75925e+06	2.85575e+06	2.92575e+06	2.86525e+06	
2.80525e+06	2.80025e+06	2.8305e+06	2.82475e+06	2.83875e+06	
2.69575e+06	2.78825e+06	2.821e+06	2.816e+06	2.862e+06	
2.71025e+06	2.74975e+06	2.814e+06	2.82175e+06	2.821e+06	
2.70375e+06	2.73475e+06	2.751e+06	2.816e+06	2.7825e+06	
2.73725e+06	2.7025e+06	2.77625e+06	2.83225e+06	2.82225e+06	
2.63125e+06	2.70575e+06	2.77375e+06	2.84125e+06	2.7825e+06	
2.6825e+06	2.7335e+06	2.7965e+06	2.8205e+06	2.81725e+06	
2.71825e+06	2.7335e+06	2.772e+06	2.86125e+06	2.8455e+06	
2.729e+06	2.74725e+06	2.8135e+06	2.81025e+06	2.8355e+06	
2.66675e+06	2.72075e+06	2.7845e+06	2.80225e+06	2.821e+06	
2.6515e+06	2.763e+06	2.734e+06	2.75475e+06	2.775e+06	
2.6565e+06	2.70625e+06	2.7555e+06	2.7675e+06	2.77575e+06	
2.661e+06	2.72525e+06	2.782e+06	2.789e+06	2.8405e+06	
2.69625e+06	2.70575e+06	2.75225e+06	2.707e+06	2.8305e+06	
2.668e+06	2.6785e+06	2.7455e+06	2.78825e+06	2.76125e+06	
2.61125e+06	2.66925e+06	2.714e+06	2.74975e+06	2.73725e+06	
2.67425e+06	2.69e+06	2.73475e+06	2.823e+06	2.7485e+06	
2.68125e+06	2.6995e+06	2.772e+06	2.7555e+06	2.79775e+06	
2.656e+06	2.69e+06	2.823e+06	2.78625e+06	2.79525e+06	
2.63575e+06	2.6445e+06	2.70575e+06	2.7245e+06	2.7745e+06	
2.72725e+06	2.746e+06	2.75175e+06	2.78125e+06	2.8305e+06	
2.6855e+06	2.71075e+06	2.74975e+06	2.76375e+06	2.78825e+06	
2.72025e+06	2.71575e+06	2.7315e+06	2.81275e+06	2.79525e+06	
2.7115e+06	2.688e+06	2.804e+06	2.85625e+06	2.8405e+06	
2.69125e+06	2.73225e+06	2.821e+06	2.862e+06	2.83875e+06	
2.72975e+06	2.7945e+06	2.85125e+06	2.85375e+06	2.88725e+06	
2.763e+06	2.845e+06	2.828e+06	2.9295e+06	2.89475e+06	
2.82175e+06	2.83625e+06	2.88775e+06	2.92625e+06	2.9225e+06	
2.869e+06	2.869e+06	2.95075e+06	2.94525e+06	2.93625e+06	
2.84375e+06	2.906e+06	2.983e+06	2.98225e+06	2.969e+06	
2.891e+06	2.89925e+06	2.949e+06	2.988e+06	2.99375e+06	
2.88725e+06	2.908e+06	2.89225e+06	3.0295e+06	3.01e+06	
2.83375e+06	2.8885e+06	2.9835e+06	2.998e+06	2.9635e+06	
2.91125e+06	2.86825e+06	2.9585e+06	2.9835e+06	2.95525e+06	
2.87825e+06	2.84825e+06	2.956e+06	2.993e+06	2.973e+06	
2.86825e+06	2.828e+06	2.906e+06	2.913e+06	2.956e+06	
2.816e+06	2.82725e+06	2.923e+06	2.925e+06	2.959e+06	
2.85075e+06	2.83675e+06	2.908e+06	2.91175e+06	2.923e+06	
2.838e+06	2.87575e+06	2.918e+06	2.898e+06	2.98225e+06	
2.8165e+06	2.8935e+06	2.83875e+06	2.9785e+06	2.96475e+06	
2.823e+06	2.84175e+06	2.9515e+06	2.9445e+06	3.0215e+06	
2.85825e+06	2.8375e+06	2.90425e+06	2.98625e+06	3.0005e+06	
2.828e+06	2.8765e+06	2.8955e+06	2.97925e+06	2.99125e+06	
2.8015e+06	2.79025e+06	2.8425e+06	2.9055e+06	2.96775e+06	
2.816e+06	2.823e+06	2.92e+06	2.913e+06	2.954e+06	
2.80525e+06	2.82725e+06	2.88225e+06	2.969e+06	2.92825e+06	
2.76625e+06	2.85125e+06	2.88225e+06	2.971e+06	2.88525e+06	
2.78625e+06	2.82425e+06	2.8865e+06	2.925e+06	2.97475e+06	
2.8235e+06	2.84425e+06	2.89675e+06	2.93575e+06	2.89675e+06	
2.76875e+06	2.804e+06	2.8865e+06	2.92175e+06	2.97175e+06	
2.76125e+06	2.79825e+06	2.86125e+06	2.86325e+06	2.85625e+06	
2.797e+06	2.80775e+06	2.821e+06	2.8625e+06	2.86125e+06	
2.79825e+06	2.787e+06	2.87075e+06	2.874e+06	2.89225e+06	
2.7675e+06	2.7705e+06	2.82675e+06	2.8915e+06	2.94025e+06	
2.7745e+06	2.7745e+06	2.90225e+06	2.85575e+06	2.87075e+06	
2.75175e+06	2.8015e+06	2.8405e+06	2.862e+06	2.872e+06	
2.74025e+06	2.7675e+06	2.814e+06	2.9345e+06	2.843e+06	
2.83175e+06	2.86525e+06	2.86325e+06	2.925e+06	2.92575e+06	
2.789e+06	2.80525e+06	2.8575e+06	2.91e+06	2.9345e+06	
2.80725e+06	2.83625e+06	2.88525e+06	2.944e+06	2.95025e+06	
2.7365e+06	2.76925e+06	2.85575e+06	2.903e+06	2.96475e+06	
2.7675e+06	2.7825e+06	2.8665e+06	2.872e+06	2.872e+06	
2.797e+06	2.7995e+06	2.80525e+06	2.87525e+06	2.8625e+06	
2.777e+06	2.81525e+06	2.84625e+06	2.8575e+06	2.91625e+06	
2.748e+06	2.799e+06	2.806e+06	2.838e+06	2.884e+06	
2.78325e+06	2.821e+06	2.8405e+06	2.83625e+06	2.862e+06	
2.71325e+06	2.81025e+06	2.838e+06	2.8425e+06	2.83875e+06	
2.729e+06	2.80075e+06	2.83675e+06	2.88275e+06	2.8625e+06	
2.74675e+06	2.7915e+06	2.8015e+06	2.88275e+06	2.8545e+06	
2.77e+06	2.753e+06	2.86325e+06	2.862e+06	2.877e+06	
2.77125e+06	2.726e+06	2.86825e+06	2.828e+06	2.86125e+06	
2.7895e+06	2.76e+06	2.8885e+06	2.84875e+06	2.85075e+06	
2.729e+06	2.74225e+06	2.81725e+06	2.821e+06	2.8425e+06	
2.72775e+06	2.71775e+06	2.76675e+06	2.7845e+06	2.87025e+06	
2.702e+06	2.741e+06	2.84425e+06	2.88525e+06	2.85875e+06	
2.7025e+06	2.7795e+06	2.785e+06	2.814e+06	2.8305e+06	
2.75925e+06	2.702e+06	2.72975e+06	2.79525e+06	2.78125e+06	
2.7075e+06	2.69825e+06	2.75675e+06	2.775e+06	2.792e+06	
2.65775e+06	2.6855e+06	2.7115e+06	2.81225e+06	2.763e+06	
2.69575e+06	2.64575e+06	2.7455e+06	2.77575e+06	2.80525e+06	
2.6705e+06	2.7025e+06	2.73475e+06	2.75175e+06	2.75475e+06	
2.65225e+06	2.72075e+06	2.7435e+06	2.7915e+06	2.71775e+06	
2.625e+06	2.7115e+06	2.7165e+06	2.751e+06	2.758e+06	
2.6195e+06	2.676e+06	2.685e+06	2.75675e+06	2.785e+06	
2.6685e+06	2.66225e+06	2.7045e+06	2.74225e+06	2.7385e+06	
2.64575e+06	2.73225e+06	2.70075e+06	2.7315e+06	2.70575e+06	
2.66025e+06	2.60175e+06	2.714e+06	2.72275e+06	2.7095e+06	
2.685e+06	2.67725e+06	2.75925e+06	2.68e+06	2.77375e+06	
2.64775e+06	2.64825e+06	2.668e+06	2.7215e+06	2.726e+06	
2.66225e+06	2.60875e+06	2.74225e+06	2.7145e+06	2.73275e+06	
2.65225e+06	2.649e+06	2.66225e+06	2.7505e+06	2.68125e+06	
2.60675e+06	2.64775e+06	2.6585e+06	2.70575e+06	2.6995e+06	
2.6275e+06	2.591e+06	2.7e+06	2.6995e+06	2.758e+06	
2.58275e+06	2.58925e+06	2.65975e+06	2.6975e+06	2.71025e+06	
2.56075e+06	2.61e+06	2.69175e+06	2.68675e+06	2.70325e+06	
2.581e+06	2.61625e+06	2.66925e+06	2.6615e+06	2.69e+06	
2.54575e+06	2.5865e+06	2.65225e+06	2.6445e+06	2.6905e+06	
2.564e+06	2.518e+06	2.66925e+06	2.61625e+06	2.69175e+06	
2.55625e+06	2.5495e+06	2.62625e+06	2.67925e+06	2.6275e+06	
2.5065e+06	2.56275e+06	2.59225e+06	2.61625e+06	2.6395e+06	
2.50775e+06	2.58975e+06	2.60625e+06	2.65275e+06	2.57725e+06	
2.5595e+06	2.513e+06	2.64775e+06	2.59225e+06	2.627e+06	
2.4725e+06	2.56825e+06	2.5935e+06	2.601e+06	2.60875e+06	
2.50775e+06	2.55e+06	2.5545e+06	2.57975e+06	2.603e+06	
2.50225e+06	2.482e+06	2.574e+06	2.60625e+06	2.6125e+06	
2.47e+06	2.4505e+06	2.53675e+06	2.58525e+06	2.6105e+06	
2.37225e+06	2.402e+06	2.438e+06	2.46575e+06	2.4725e+06	
2.199e+06	2.20025e+06	2.2395e+06	2.3025e+06	2.2735e+06	
1.9205e+06	1.92125e+06	1.9615e+06	1.97675e+06	1.9805e+06	
1.6615e+06	1.64275e+06	1.681e+06	1.7075e+06	1.70575e+06	
1.41025e+06	1.44175e+06	1.47625e+06	1.4385e+06	1.436e+06	
1.26025e+06	1.24625e+06	1.298e+06	1.28925e+06	1.29925e+06	
1.1815e+06	1.1985e+06	1.19025e+06	1.204e+06	1.196e+06	
1.21725e+06	1.2185e+06	1.22625e+06	1.25125e+06	1.26575e+06	
1.288e+06	1.29475e+06	1.30925e+06	1.34275e+06	1.33525e+06	
1.38175e+06	1.42275e+06	1.41825e+06	1.45625e+06	1.4675e+06	
1.443e+06	1.45875e+06	1.46175e+06	1.49025e+06	1.475e+06	
1.44725e+06	1.4385e+06	1.4505e+06	1.48125e+06	1.4865e+06	
1.429e+06	1.46125e+06	1.47625e+06	1.48125e+06	1.4365e+06	
1.43775e+06	1.42725e+06	1.48125e+06	1.46375e+06	1.44725e+06	
1.4605e+06	1.46e+06	1.45875e+06	1.4535e+06	1.44675e+06	
1.45225e+06	1.4195e+06	1.4895e+06	1.5035e+06	1.4845e+06	
1.4605e+06	1.4775e+06	1.514e+06	1.51525e+06	1.49525e+06	
1.487e+06	1.5255e+06	1.50275e+06	1.591e+06	1.57775e+06	
1.61625e+06	1.58525e+06	1.5835e+06	1.615e+06	1.647e+06	
1.65025e+06	1.66975e+06	1.68175e+06	1.698e+06	1.67725e+06	
1.73775e+06	1.71125e+06	1.744e+06	1.7625e+06	1.76175e+06	
1.746e+06	1.7655e+06	1.8255e+06	1.83225e+06	1.87275e+06	
1.831e+06	1.82975e+06	1.8525e+06	1.89025e+06	1.87275e+06	
1.884e+06	1.923e+06	1.9635e+06	1.93375e+06	1.9615e+06	
1.96025e+06	1.9375e+06	2.01875e+06	2.027e+06	2.03075e+06	
2.051e+06	2.01375e+06	2.05025e+06	2.07175e+06	2.05425e+06	
2.08875e+06	2.1015e+06	2.1235e+06	2.15625e+06	2.13225e+06	
2.1215e+06	2.13725e+06	2.1335e+06	2.1725e+06	2.21925e+06	
2.16325e+06	2.14875e+06	2.179e+06	2.20925e+06	2.242e+06	
2.17075e+06	2.18325e+06	2.23175e+06	2.262e+06	2.23375e+06	
2.187e+06	2.16125e+06	2.22125e+06	2.28975e+06	2.28725e+06	
2.196e+06	2.18975e+06	2.279e+06	2.26025e+06	2.31125e+06	
2.2085e+06	2.17125e+06	2.2615e+06	2.2155e+06	2.27275e+06	
2.204e+06	2.19475e+06	2.225e+06	2.293e+06	2.27275e+06	
2.23425e+06	2.21925e+06	2.2475e+06	2.25275e+06	2.3125e+06	
2.187e+06	2.2515e+06	2.286e+06	2.254e+06	2.303e+06	
2.228e+06	2.24875e+06	2.315e+06	2.2955e+06	2.31625e+06	
2.21675e+06	2.22125e+06	2.271e+06	2.34525e+06	2.3005e+06	
2.19975e+06	2.18975e+06	2.25525e+06	2.28925e+06	2.303e+06	
2.17075e+06	2.2275e+06	2.264e+06	2.2185e+06	2.293e+06	
2.14425e+06	2.16375e+06	2.26975e+06	2.27225e+06	2.30675e+06	
2.21675e+06	2.20275e+06	2.254e+06	2.28425e+06	2.26325e+06	
2.191e+06	2.204e+06	2.2395e+06	2.27025e+06	2.2905e+06	
2.153e+06	2.18325e+06	2.20225e+06	2.25825e+06	2.2665e+06	
2.15625e+06	2.2085e+06	2.2395e+06	2.25575e+06	2.23875e+06	
2.119e+06	2.20225e+06	2.2225e+06	2.303e+06	2.26975e+06	
2.1265e+06	2.16125e+06	2.21175e+06	2.23175e+06	2.24325e+06	
2.1235e+06	2.187e+06	2.17575e+06	2.23e+06	2.2425e+06	
2.14375e+06	2.12725e+06	2.158e+06	2.19775e+06	2.184e+06	
2.104e+06	2.1525e+06	2.17825e+06	2.21175e+06	2.23175e+06	
2.133e+06	2.17825e+06	2.162e+06	2.18075e+06	2.2035e+06	
2.11525e+06	2.16575e+06	2.20225e+06	2.19725e+06	2.2495e+06	
2.119e+06	2.1355e+06	2.1625e+06	2.18575e+06	2.20475e+06	
2.1115e+06	2.16375e+06	2.1575e+06	2.22425e+06	2.23125e+06	
2.15425e+06	2.12475e+06	2.1575e+06	2.18575e+06	2.2085e+06	
2.10325e+06	2.10075e+06	2.148e+06	2.17375e+06	2.199e+06	
2.12475e+06	2.1235e+06	2.18825e+06	2.1745e+06	2.143e+06	
2.1305e+06	2.097e+06	2.184e+06	2.1915e+06	2.177e+06	
2.06225e+06	2.10525e+06	2.14625e+06	2.177e+06	2.2055e+06	
2.109e+06	2.08175e+06	2.11975e+06	2.16625e+06	2.14875e+06	
2.07125e+06	2.12525e+06	2.0945e+06	2.15175e+06	2.162e+06	
2.0655e+06	2.05975e+06	2.11725e+06	2.12775e+06	2.1575e+06	
2.08575e+06	2.05925e+06	2.12775e+06	2.13175e+06	2.1455e+06	
2.0805e+06	2.0465e+06	2.085e+06	2.13925e+06	2.1575e+06	
2.08375e+06	2.063e+06	2.0845e+06	2.16575e+06	2.13175e+06	
2.04975e+06	2.07175e+06	2.10575e+06	2.11775e+06	2.12925e+06	
2.06875e+06	2.05025e+06	2.06425e+06	2.131e+06	2.1385e+06	
2.04475e+06	2.08575e+06	2.08575e+06	2.13675e+06	2.1235e+06	
2.05725e+06	2.07675e+06	2.10325e+06	2.1405e+06	2.14625e+06	
2.03575e+06	2.04225e+06	2.08175e+06	2.0895e+06	2.1455e+06	
2.05025e+06	2.05925e+06	2.09e+06	2.107e+06	2.14425e+06	
2.01075e+06	2.0675e+06	2.102e+06	2.08875e+06	2.11775e+06	
2.05675e+06	2.05225e+06	2.10525e+06	2.11025e+06	2.095e+06	
2.01625e+06	2.0555e+06	2.0925e+06	2.12975e+06	2.124e+06	
2.02575e+06	2.03025e+06	2.053e+06	2.097e+06	2.10325e+06	
2.075e+06	2.0215e+06	2.087e+06	2.07675e+06	2.09625e+06	
2.012e+06	1.9975e+06	2.08175e+06	2.075e+06	2.11725e+06	
2.02275e+06	2.039e+06	2.03775e+06	2.0845e+06	2.09325e+06	
2.024e+06	1.9855e+06	2.0555e+06	2.0755e+06	2.1215e+06	
1.98675e+06	1.978e+06	2.0245e+06	2.06425e+06	2.05725e+06	
2.0215e+06	2.0315e+06	2.0265e+06	2.08325e+06	2.07e+06	
1.99125e+06	1.97925e+06	2.053e+06	2.08325e+06	2.0415e+06	
1.974e+06	1.9975e+06	2.03725e+06	2.0705e+06	2.061e+06	
1.976e+06	1.9755e+06	1.99425e+06	2.06475e+06	2.03075e+06	
1.96975e+06	1.9905e+06	2.0025e+06	2.03775e+06	2.034e+06	
1.97725e+06	1.9925e+06	2.02775e+06	2.07625e+06	2.06425e+06	
1.9495e+06	1.95325e+06	2.01575e+06	2.02325e+06	2.00125e+06	
1.94325e+06	1.9855e+06	2.01375e+06	2.04975e+06	2.012e+06	
1.96225e+06	1.92875e+06	1.96975e+06	2.0125e+06	2.04475e+06	
1.8985e+06	1.9755e+06	1.969e+06	1.9665e+06	2.03275e+06	
1.9375e+06	1.9275e+06	1.983e+06	2.00825e+06	2.0125e+06	
1.94775e+06	1.93075e+06	1.95525e+06	1.98425e+06	1.99875e+06	
1.9255e+06	1.8985e+06	1.95825e+06	1.99125e+06	1.98225e+06	
1.8935e+06	1.9445e+06	1.954e+06	1.969e+06	1.9735e+06	
1.903e+06	1.90975e+06	1.9495e+06	1.97975e+06	1.96025e+06	
1.87575e+06	1.8255e+06	1.94525e+06	1.96025e+06	1.9275e+06	
1.83925e+06	1.94075e+06	1.886e+06	1.95825e+06	1.93825e+06	
1.86125e+06	1.8715e+06	1.9295e+06	1.9295e+06	1.9135e+06	
1.84875e+06	1.862e+06	1.889e+06	1.889e+06	1.9105e+06	
1.86125e+06	1.843e+06	1.90225e+06	1.96025e+06	1.9425e+06	
1.86625e+06	1.9255e+06	1.911e+06	1.886e+06	1.9275e+06	
1.814e+06	1.85875e+06	1.879e+06	1.91675e+06	1.932e+06	
1.86575e+06	1.89725e+06	1.8935e+06	1.87325e+06	1.9005e+06	
1.857e+06	1.838e+06	1.8695e+06	1.90975e+06	1.88775e+06	
1.799e+06	1.83875e+06	1.862e+06	1.901e+06	1.9035e+06	
1.78375e+06	1.7895e+06	1.894e+06	1.9105e+06	1.8835e+06	
1.828e+06	1.7875e+06	1.8545e+06	1.88725e+06	1.83175e+06	
1.8045e+06	1.7965e+06	1.81975e+06	1.8715e+06	1.8475e+06	
1.833e+06	1.80975e+06	1.8505e+06	1.8405e+06	1.8675e+06	
1.80775e+06	1.8215e+06	1.8255e+06	1.82225e+06	1.86375e+06	
1.799e+06	1.83475e+06	1.872e+06	1.85125e+06	1.879e+06	
1.797e+06	1.83225e+06	1.838e+06	1.81275e+06	1.85825e+06	
1.782e+06	1.77875e+06	1.81975e+06	1.833e+06	1.85e+06	
1.773e+06	1.79075e+06	1.8235e+06	1.8425e+06	1.8335e+06	
1.8085e+06	1.79e+06	1.8135e+06	1.8235e+06	1.819e+06	
1.727e+06	1.763e+06	1.75975e+06	1.8305e+06	1.838e+06	
1.70375e+06	1.734e+06	1.78075e+06	1.792e+06	1.7795e+06	
1.74525e+06	1.78125e+06	1.777e+06	1.81725e+06	1.84375e+06	
1.73475e+06	1.74975e+06	1.78375e+06	1.821e+06	1.809e+06	
1.765e+06	1.74275e+06	1.76875e+06	1.8165e+06	1.79775e+06	
1.69875e+06	1.75975e+06	1.78075e+06	1.8285e+06	1.7795e+06	
1.74025e+06	1.73775e+06	1.7675e+06	1.7895e+06	1.76675e+06	
1.7435e+06	1.75225e+06	1.76925e+06	1.7845e+06	1.7825e+06	
1.748e+06	1.74525e+06	1.756e+06	1.77625e+06	1.765e+06	
1.70125e+06	1.7145e+06	1.7775e+06	1.785e+06	1.75675e+06	
1.72025e+06	1.7705e+06	1.75725e+06	1.74475e+06	1.76175e+06	
1.71075e+06	1.6905e+06	1.73525e+06	1.729e+06	1.7365e+06	
1.69425e+06	1.70625e+06	1.74925e+06	1.73525e+06	1.763e+06	
1.69675e+06	1.688e+06	1.7335e+06	1.7585e+06	1.74675e+06	
1.65075e+06	1.67725e+06	1.71375e+06	1.74925e+06	1.71525e+06	
1.69675e+06	1.72575e+06	1.70125e+06	1.72025e+06	1.73025e+06	
1.66525e+06	1.69175e+06	1.68425e+06	1.69625e+06	1.67975e+06	
1.64575e+06	1.65075e+06	1.676e+06	1.70825e+06	1.7245e+06	
1.642e+06	1.678e+06	1.71075e+06	1.7385e+06	1.7125e+06	
1.685e+06	1.635e+06	1.66475e+06	1.67975e+06	1.69425e+06	
1.6495e+06	1.6415e+06	1.66225e+06	1.7195e+06	1.72575e+06	
1.6465e+06	1.6345e+06	1.62325e+06	1.63825e+06	1.6515e+06	
1.589e+06	1.647e+06	1.65725e+06	1.64525e+06	1.67475e+06	
1.601e+06	1.606e+06	1.678e+06	1.66525e+06	1.644e+06	
1.6225e+06	1.62375e+06	1.664e+06	1.649e+06	1.7125e+06	
1.65025e+06	1.608e+06	1.67175e+06	1.6735e+06	1.659e+06	
1.5815e+06	1.5785e+06	1.59675e+06	1.63325e+06	1.6395e+06	
1.581e+06	1.57575e+06	1.61875e+06	1.6615e+06	1.67925e+06	
1.5955e+06	1.57025e+06	1.61875e+06	1.62875e+06	1.65075e+06	
1.61625e+06	1.62575e+06	1.62325e+06	1.6785e+06	1.65275e+06	
1.5885e+06	1.608e+06	1.632e+06	1.6345e+06	1.6445e+06	
1.61125e+06	1.613e+06	1.64025e+06	1.6295e+06	1.625e+06	
1.60425e+06	1.58525e+06	1.61925e+06	1.6345e+06	1.637e+06	
1.60925e+06	1.61675e+06	1.59425e+06	1.63825e+06	1.647e+06	
1.54375e+06	1.5915e+06	1.59925e+06	1.64075e+06	1.63625e+06	
1.57775e+06	1.60925e+06	1.5935e+06	1.639e+06	1.6125e+06	
1.56525e+06	1.5715e+06	1.62125e+06	1.60475e+06	1.601e+06	
1.57725e+06	1.56525e+06	1.59475e+06	1.59475e+06	1.61e+06	
1.5405e+06	1.543e+06	1.56325e+06	1.6205e+06	1.606e+06	
1.5645e+06	1.601e+06	1.59225e+06	1.57025e+06	1.618e+06	
1.492e+06	1.52925e+06	1.5475e+06	1.589e+06	1.567e+06	
1.5285e+06	1.51275e+06	1.57275e+06	1.55825e+06	1.5475e+06	
1.51025e+06	1.48825e+06	1.57325e+06	1.538e+06	1.56575e+06	
1.51725e+06	1.49825e+06	1.57025e+06	1.545e+06	1.58025e+06	
1.52175e+06	1.511e+06	1.53425e+06	1.574e+06	1.5375e+06	
1.4995e+06	1.52175e+06	1.54625e+06	1.56075e+06	1.528e+06	
1.5205e+06	1.52475e+06	1.53375e+06	1.521e+06	1.5475e+06	
1.48575e+06	1.51525e+06	1.50725e+06	1.52975e+06	1.5575e+06	
1.4945e+06	1.48375e+06	1.501e+06	1.51725e+06	1.52225e+06	
1.44475e+06	1.489e+06	1.53425e+06	1.48125e+06	1.51475e+06	
1.44175e+06	1.48375e+06	1.47625e+06	1.5035e+06	1.5235e+06	
1.4315e+06	1.47575e+06	1.49025e+06	1.499e+06	1.47825e+06	
1.4435e+06	1.4405e+06	1.44925e+06	1.50475e+06	1.4845e+06	
1.43025e+06	1.436e+06	1.42475e+06	1.45175e+06	1.487e+06	
1.409e+06	1.40075e+06	1.42475e+06	1.43975e+06	1.47075e+06	
1.4165e+06	1.412e+06	1.39825e+06	1.397e+06	1.41575e+06	
1.3685e+06	1.3615e+06	1.36225e+06	1.4145e+06	1.407e+06	
1.36675e+06	1.32625e+06	1.3685e+06	1.40125e+06	1.3825e+06	
1.31375e+06	1.35775e+06	1.356e+06	1.37875e+06	1.361e+06	
1.3245e+06	1.32125e+06	1.3345e+06	1.3485e+06	1.3565e+06	
1.29675e+06	1.303e+06	1.34275e+06	1.317e+06	1.3365e+06	
1.2905e+06	1.33075e+06	1.32875e+06	1.3055e+06	1.3245e+06	
1.27025e+06	1.32325e+06	1.288e+06	1.3245e+06	1.315e+06	
1.27775e+06	1.27475e+06	1.28925e+06	1.29675e+06	1.30675e+06	
1.24575e+06	1.26775e+06	1.26575e+06	1.264e+06	1.29675e+06	
1.23425e+06	1.2615e+06	1.247e+06	1.2835e+06	1.26775e+06	
1.23375e+06	1.2475e+06	1.26525e+06	1.293e+06	1.267e+06	
1.25125e+06	1.25375e+06	1.293e+06	1.2645e+06	1.28225e+06	
1.2665e+06	1.2355e+06	1.2735e+06	1.271e+06	1.28475e+06	
1.264e+06	1.2425e+06	1.255e+06	1.26075e+06	1.23675e+06	
1.2595e+06	1.23175e+06	1.23925e+06	1.2665e+06	1.279e+06	
1.23175e+06	1.26775e+06	1.24875e+06	1.29425e+06	1.27725e+06	
1.26825e+06	1.2735e+06	1.255e+06	1.30375e+06	1.26325e+06	
1.247e+06	1.269e+06	1.25e+06	1.27275e+06	1.271e+06	
1.238e+06	1.211e+06	1.24e+06	1.27025e+06	1.28725e+06	
1.25075e+06	1.2495e+06	1.271e+06	1.301e+06	1.2785e+06	
1.2495e+06	1.216e+06	1.28475e+06	1.291e+06	1.305e+06	
1.25775e+06	1.25775e+06	1.303e+06	1.342e+06	1.32325e+06	
1.30875e+06	1.31625e+06	1.298e+06	1.34975e+06	1.317e+06	
1.259e+06	1.31875e+06	1.29675e+06	1.332e+06	1.3125e+06	
1.28675e+06	1.33125e+06	1.3005e+06	1.30425e+06	1.32075e+06	
1.286e+06	1.2645e+06	1.29225e+06	1.28925e+06	1.28725e+06	
1.26775e+06	1.274e+06	1.27775e+06	1.291e+06	1.26525e+06	
1.2035e+06	1.2375e+06	1.24375e+06	1.27225e+06	1.24825e+06	
1.165e+06	1.19325e+06	1.19775e+06	1.20025e+06	1.18775e+06	
1.17e+06	1.182e+06	1.16825e+06	1.189e+06	1.172e+06	
1.12775e+06	1.16375e+06	1.184e+06	1.19775e+06	1.209e+06	
1.19725e+06	1.12975e+06	1.20725e+06	1.20475e+06	1.1895e+06	
1.19025e+06	1.21975e+06	1.20775e+06	1.2205e+06	1.24625e+06	
1.245e+06	1.223e+06	1.25375e+06	1.24875e+06	1.2665e+06	
1.221e+06	1.2525e+06	1.2985e+06	1.29225e+06	1.26275e+06	
1.262e+06	1.2445e+06	1.23925e+06	1.29425e+06	1.28475e+06	
1.23875e+06	1.29175e+06	1.28275e+06	1.2765e+06	1.2565e+06	
1.24375e+06	1.2565e+06	1.3005e+06	1.288e+06	1.27475e+06	
1.25e+06	1.24875e+06	1.2645e+06	1.267e+06	1.281e+06	
1.23175e+06	1.269e+06	1.25775e+06	1.25825e+06	1.26775e+06	
1.25325e+06	1.228e+06	1.271e+06	1.26825e+06	1.2595e+06	
1.2645e+06	1.26825e+06	1.274e+06	1.28475e+06	1.2695e+06	
1.204e+06	1.242e+06	1.26775e+06	1.259e+06	1.281e+06	
1.23875e+06	1.2255e+06	1.2495e+06	1.233e+06	1.24e+06	
1.22425e+06	1.2205e+06	1.2185e+06	1.25775e+06	1.21725e+06	
1.216e+06	1.192e+06	1.211e+06	1.21975e+06	1.2065e+06	
1.2105e+06	1.19075e+06	1.21675e+06	1.262e+06	1.2445e+06	
1.204e+06	1.2105e+06	1.20975e+06	1.22175e+06	1.23125e+06	
1.19775e+06	1.182e+06	1.19275e+06	1.21475e+06	1.19475e+06	
1.199e+06	1.17825e+06	1.20275e+06	1.23375e+06	1.22875e+06	
1.1815e+06	1.17825e+06	1.18025e+06	1.21975e+06	1.2305e+06	
1.18575e+06	1.18275e+06	1.24075e+06	1.228e+06	1.21425e+06	
1.204e+06	1.19975e+06	1.2235e+06	1.2155e+06	1.2355e+06	
1.1985e+06	1.1795e+06	1.23625e+06	1.221e+06	1.23375e+06	
1.1965e+06	1.22175e+06	1.192e+06	1.2205e+06	1.218e+06	
1.20525e+06	1.18025e+06	1.19325e+06	1.24e+06	1.206e+06	
1.2155e+06	1.18575e+06	1.2235e+06	1.235e+06	1.257e+06	
1.1775e+06	1.20975e+06	1.19275e+06	1.21725e+06	1.2135e+06	
1.175e+06	1.1695e+06	1.20775e+06	1.204e+06	1.189e+06	
1.17375e+06	1.18525e+06	1.2135e+06	1.19975e+06	1.20225e+06	
1.182e+06	1.206e+06	1.199e+06	1.18575e+06	1.223e+06	
1.153e+06	1.17875e+06	1.23425e+06	1.192e+06	1.19275e+06	
1.1695e+06	1.1845e+06	1.2085e+06	1.196e+06	1.199e+06	
1.167e+06	1.1845e+06	1.18325e+06	1.1965e+06	1.19525e+06	
1.15875e+06	1.17325e+06	1.15875e+06	1.1845e+06	1.22875e+06	
1.15925e+06	1.16375e+06	1.18775e+06	1.22675e+06	1.20975e+06	
1.17625e+06	1.189e+06	1.2065e+06	1.192e+06	1.235e+06	
1.206e+06	1.21225e+06	1.2155e+06	1.2205e+06	1.20775e+06	
1.21225e+06	1.182e+06	1.21425e+06	1.20775e+06	1.1845e+06	
1.17625e+06	1.1915e+06	1.228e+06	1.22225e+06	1.228e+06	
1.20475e+06	1.17875e+06	1.19975e+06	1.1965e+06	1.20225e+06	
1.18025e+06	1.17125e+06	1.19775e+06	1.23375e+06	1.23375e+06	
1.16875e+06	1.225e+06	1.2035e+06	1.2325e+06	1.20975e+06	
1.1745e+06	1.201e+06	1.2015e+06	1.206e+06	1.21975e+06	
1.2015e+06	1.2105e+06	1.20975e+06	1.192e+06	1.21475e+06	
1.16825e+06	1.19775e+06	1.19975e+06	1.19525e+06	1.21725e+06	
1.17575e+06	1.20275e+06	1.211e+06	1.17875e+06	1.20275e+06	
1.17e+06	1.18825e+06	1.189e+06	1.196e+06	1.21475e+06	
1.19725e+06	1.18025e+06	1.1965e+06	1.238e+06	1.2085e+06	
1.18025e+06	1.14175e+06	1.2135e+06	1.2085e+06	1.21475e+06	
1.199e+06	1.17575e+06	1.192e+06	1.20475e+06	1.216e+06	
1.17e+06	1.15925e+06	1.184e+06	1.21175e+06	1.187e+06	
1.19325e+06	1.1575e+06	1.18775e+06	1.19775e+06	1.20725e+06	
1.1745e+06	1.167e+06	1.18275e+06	1.21225e+06	1.19525e+06	
1.16175e+06	1.1985e+06	1.21425e+06	1.20275e+06	1.19975e+06	
1.189e+06	1.18775e+06	1.16575e+06	1.19075e+06	1.194e+06	
1.148e+06	1.1405e+06	1.17875e+06	1.184e+06	1.192e+06	
1.15375e+06	1.14425e+06	1.15175e+06	1.221e+06	1.225e+06	
1.13925e+06	1.182e+06	1.19075e+06	1.21475e+06	1.2035e+06	
1.1455e+06	1.1525e+06	1.155e+06	1.16825e+06	1.1845e+06	
1.16875e+06	1.187e+06	1.19775e+06	1.18775e+06	1.16375e+06	
1.16375e+06	1.1865e+06	1.1575e+06	1.16625e+06	1.18575e+06	
1.14225e+06	1.13925e+06	1.17825e+06	1.18775e+06	1.17325e+06	
1.1605e+06	1.1645e+06	1.18525e+06	1.20225e+06	1.1725e+06	
1.15125e+06	1.15175e+06	1.14175e+06	1.1815e+06	1.19075e+06	
1.1385e+06	1.1405e+06	1.14675e+06	1.17075e+06	1.1815e+06	
1.15e+06	1.13225e+06	1.143e+06	1.15e+06	1.18275e+06	
1.13025e+06	1.153e+06	1.18025e+06	1.18325e+06	1.199e+06	
1.14725e+06	1.14925e+06	1.153e+06	1.16825e+06	1.19075e+06	
1.1525e+06	1.14425e+06	1.15675e+06	1.18275e+06	1.1335e+06	
1.13975e+06	1.146e+06	1.172e+06	1.16125e+06	1.18025e+06	
1.15425e+06	1.1555e+06	1.17875e+06	1.1555e+06	1.18075e+06	
1.11975e+06	1.15375e+06	1.1845e+06	1.14725e+06	1.15e+06	
1.148e+06	1.12025e+06	1.16625e+06	1.18275e+06	1.165e+06	
1.15675e+06	1.143e+06	1.13425e+06	1.15675e+06	1.14875e+06	
1.14175e+06	1.12475e+06	1.148e+06	1.184e+06	1.13425e+06	
1.11775e+06	1.13225e+06	1.15125e+06	1.18525e+06	1.141e+06	
1.1355e+06	1.126e+06	1.13925e+06	1.14675e+06	1.15925e+06	
1.117e+06	1.1625e+06	1.14225e+06	1.14925e+06	1.153e+06	
1.109e+06	1.13475e+06	1.15925e+06	1.14925e+06	1.15125e+06	
1.1165e+06	1.11525e+06	1.1335e+06	1.13475e+06	1.148e+06	
1.1385e+06	1.1265e+06	1.12725e+06	1.1505e+06	1.131e+06	
1.09825e+06	1.11075e+06	1.12275e+06	1.14675e+06	1.129e+06	
1.109e+06	1.114e+06	1.119e+06	1.104e+06	1.10325e+06	
1.07625e+06	1.0775e+06	1.1165e+06	1.09625e+06	1.12975e+06	
1.05475e+06	1.1185e+06	1.10325e+06	1.09e+06	1.0945e+06	
1.09575e+06	1.08625e+06	1.12775e+06	1.1235e+06	1.09325e+06	
1.0945e+06	1.07675e+06	1.08425e+06	1.1065e+06	1.0875e+06	
1.09625e+06	1.06225e+06	1.1115e+06	1.12525e+06	1.11325e+06	
1.0725e+06	1.0945e+06	1.0875e+06	1.12775e+06	1.08e+06	
1.08175e+06	1.092e+06	1.0945e+06	1.09825e+06	1.11775e+06	
1.09325e+06	1.095e+06	1.1045e+06	1.11075e+06	1.102e+06	
1.09625e+06	1.09e+06	1.11275e+06	1.10775e+06	1.11975e+06	
1.0825e+06	1.0895e+06	1.10525e+06	1.0605e+06	1.10825e+06	
1.078e+06	1.08375e+06	1.0855e+06	1.0855e+06	1.1145e+06	
1.071e+06	1.0825e+06	1.08875e+06	1.0945e+06	1.10575e+06	
1.0655e+06	1.0655e+06	1.0685e+06	1.08175e+06	1.10525e+06	
1.04975e+06	1.07425e+06	1.07175e+06	1.07925e+06	1.0775e+06	
1.015e+06	1.02825e+06	1.04525e+06	1.04275e+06	1.049e+06	
1.029e+06	1.00675e+06	1.04275e+06	1.04775e+06	1.03075e+06	
989250	1.03025e+06	1.02825e+06	1.0435e+06	1.0465e+06	
1.034e+06	1.05025e+06	1.0435e+06	1.06725e+06	1.05025e+06	
1.02125e+06	1.05475e+06	1.02825e+06	1.05975e+06	1.0315e+06	
1.0415e+06	1.04975e+06	1.0705e+06	1.0415e+06	1.06225e+06	
1.051e+06	1.049e+06	1.05675e+06	1.08825e+06	1.08625e+06	
1.0605e+06	1.054e+06	1.04075e+06	1.08e+06	1.0825e+06	
1.061e+06	1.06925e+06	1.0775e+06	1.054e+06	1.06675e+06	
1.04975e+06	1.058e+06	1.075e+06	1.06675e+06	1.0975e+06	
1.061e+06	1.04525e+06	1.0465e+06	1.0635e+06	1.0705e+06	
1.06475e+06	1.051e+06	1.05225e+06	1.0755e+06	1.09125e+06	
1.07425e+06	1.075e+06	1.0585e+06	1.09075e+06	1.07675e+06	
1.04975e+06	1.04975e+06	1.063e+06	1.0875e+06	1.0725e+06	
1.02775e+06	1.05525e+06	1.05525e+06	1.0685e+06	1.068e+06	
1.03075e+06	1.063e+06	1.04225e+06	1.06225e+06	1.1045e+06	
1.0465e+06	1.07375e+06	1.0605e+06	1.0655e+06	1.0585e+06	
1.03575e+06	1.03025e+06	1.07375e+06	1.078e+06	1.06225e+06	
1.025e+06	1.06425e+06	1.029e+06	1.05275e+06	1.0705e+06	
1.03275e+06	1.05275e+06	1.0265e+06	1.0485e+06	1.06675e+06	
1.04975e+06	1.054e+06	1.06425e+06	1.05675e+06	1.06225e+06	
1.0345e+06	1.022e+06	1.05675e+06	1.06425e+06	1.03325e+06	
1.03575e+06	1.06175e+06	1.0585e+06	1.07175e+06	1.06425e+06	
1.034e+06	1.022e+06	1.02825e+06	1.044e+06	1.05675e+06	
1.01e+06	1.01125e+06	1.032e+06	1.0725e+06	1.061e+06	
1.06175e+06	1.061e+06	1.066e+06	1.06475e+06	1.07175e+06	
1.05525e+06	1.04025e+06	1.0585e+06	1.04475e+06	1.0725e+06	
1.0485e+06	1.06225e+06	1.0485e+06	1.05725e+06	1.07875e+06	
1.017e+06	1.01625e+06	1.0345e+06	1.0395e+06	1.056e+06	
1.0315e+06	1.003e+06	1.05525e+06	1.04775e+06	1.03325e+06	
1.0395e+06	1.01075e+06	1.032e+06	1.05525e+06	1.0535e+06	
1.0415e+06	1.0265e+06	1.03325e+06	1.0465e+06	1.0315e+06	
1.02325e+06	1.01625e+06	1.0345e+06	1.0315e+06	1.04475e+06	
1.00875e+06	1.017e+06	1.02775e+06	1.039e+06	1.0345e+06	
1.003e+06	986750	1.034e+06	1.01875e+06	1.01575e+06	
1.0265e+06	986750	1.0265e+06	1.034e+06	1.05975e+06	
1.0145e+06	1.01575e+06	1.017e+06	1.046e+06	1.03075e+06	
989250	1.00925e+06	1.00875e+06	1.032e+06	1.03775e+06	
995500	960750	992250	994250	1.0265e+06	
960250	997500	965250	985500	971500	
977750	978500	983000	961500	968500	
953250	945000	983500	985500	986750	
973500	978500	984250	966000	1.0075e+06	
951500	965250	979750	988500	998000	
967750	971000	989250	1.00175e+06	987250	
985500	993000	986750	1.0025e+06	1.008e+06	
994250	1.003e+06	988000	975250	1.0075e+06	
969000	989250	987250	993000	1e+06	
955750	974000	982250	993000	988000	
985500	988000	998750	984750	989750	
967750	979000	1.00375e+06	1.0025e+06	1.012e+06	
983500	990500	998000	1.00925e+06	1.00375e+06	
976000	960750	991000	986750	1e+06	
967750	977250	983500	993000	984250	
971500	974000	991750	976000	993500	
972750	950750	1.00175e+06	983500	983500	
959000	977750	961500	992250	1.00925e+06	
976500	983000	972750	957000	979750	
970250	963250	971500	956500	991000	
963250	972250	972250	957750	1.008e+06	
969000	955250	973500	983000	983000	
938250	970250	966000	984750	958250	
930500	975250	994250	967250	976000	
936250	971500	978500	991000	998000	
984250	968500	963250	976500	986750	
943250	976500	962750	967750	943750	
943750	946250	965250	958250	961500	
961500	946250	957000	983500	960250	
959500	949500	940000	976500	957750	
943250	947500	956500	978500	959500	
946250	938250	964000	965250	974750	
938250	929250	943750	957750	964750	
968500	934500	963250	940000	964000	
949500	920500	937500	930500	948750	
941250	961500	931750	964000	987250	
939500	943750	954500	942500	954500	
937500	928000	925500	952750	984750	
913500	914250	947500	935000	935750	
923000	920000	927500	962750	939500	
937000	923000	953250	935750	940750	
901500	914250	937000	940000	944500	
930000	897250	918750	937500	953250	
929250	942000	906000	927500	962750	
928750	903500	927500	954000	916750	
949500	904750	923750	922500	956500	
924250	897750	911750	911000	911750	
907250	921250	901500	913500	909750	
901500	915500	923000	912250	927500	
914250	916750	911000	926750	913000	
901500	922500	920500	912250	935750	
918000	921250	919250	925500	918000	
899750	895250	895250	934500	936250	
896500	904750	913500	931250	882000	
880250	904250	908000	938250	920000	
899000	879500	925000	913500	908500	
883250	866250	880250	921250	911000	
902250	891000	903500	900250	866250	
897750	908500	897750	914250	898500	
884500	896500	906000	926250	906000	
876500	891000	894750	905500	902750	
882750	890250	887000	919250	896500	
884500	863750	879000	911000	928000	
868250	886500	904750	906750	908000	
873250	906750	890250	911750	923000	
868750	895250	887000	911000	898500	
873250	875750	869500	880250	886500	
879500	868750	886500	894000	894750	
876500	880250	901000	880250	884500	
880250	881500	877000	884000	892250	
863750	870750	877000	884000	890250	
856250	870000	880750	898500	887750	
879500	870000	885250	885250	850500	
875250	849250	872500	875750	896000	
854250	887750	864500	894000	874500	
863750	853750	869500	870000	878250	
861250	848000	890250	886500	848000	
839250	860750	870750	875750	863750	
888500	856750	856750	891500	877750	
853000	848000	864500	876500	859500	
845000	850000	868250	865750	884000	
850000	858750	867000	871250	853750	
862000	846250	855000	863750	865000	
841000	849250	840500	874000	868250	
846250	853750	848000	853750	859500	
843000	855500	828500	839750	871250	
834250	842500	855500	856250	850000	
844250	834750	854250	833500	862000	
848750	828000	836000	837250	845000	
857500	831000	842500	836000	845500	
841000	813500	839750	841750	837250	
814000	840500	846250	839750	834250	
824000	817750	846750	836000	835500	
810750	813500	833500	824000	840500	
835500	819750	815250	834750	829750	
837250	809500	820250	875750	831750	
804000	836000	812250	828000	812750	
829250	822250	820250	841000	828500	
824750	784500	805750	828000	803250	
800750	809000	807000	805250	814000	
807750	793750	816000	804500	781250	
780000	803250	805250	785750	789500	
792500	809000	785750	795750	788250	
801500	806500	783250	803250	807000	
792000	787500	792500	798250	785000	
792000	785000	803250	775000	800250	
779250	793250	792000	793250	801500	
782000	785000	764250	784500	771750	
773750	770000	773000	783250	763500	
766250	759250	782000	773000	770500	
752250	788250	773000	780500	784500	
777500	794500	793750	800750	781250	
788750	797000	780000	783750	785000	
778750	775500	785750	800750	754750	
772500	764750	790000	768000	763000	
783250	760500	784500	780500	773750	
774250	788750	757250	785750	780000	
790000	783750	769250	772500	776750	
758500	790750	771750	771750	775500	
774250	778000	750500	787000	799500	
758000	760500	767500	808250	763500	
781250	771250	783250	808250	774250	
789500	754750	780000	769250	776250	
786250	789500	780000	777500	799500	
785000	798250	797000	815250	786250	
782000	783250	793250	812250	797750	
796500	800250	780500	800750	799000	
788750	789500	800750	777500	792500	
777500	821500	804500	788250	807750	
783250	798250	821500	804500	801500	
792500	793250	790750	782500	804500	
800250	784500	778000	813500	796500	
783750	810250	802000	789500	775500	
784500	766250	804000	813500	773000	
758000	768000	793750	783750	780000	
779250	783250	780500	783250	786250	
785750	791250	774250	773000	791250	
773750	779250	791250	758500	771750	
757250	763500	782500	760500	775500	
758000	764250	761000	767500	794500	
768750	750500	745250	769250	778750	
765500	781250	749750	774250	756000	
754750	756000	761000	762250	752250	
747750	756000	746500	751750	774250	
750500	752250	747250	750500	759750	
758500	766750	742750	737250	772500	
741500	783750	744000	744750	762250	
745250	754750	764750	753000	766750	
745250	776250	775000	770000	754750	
739000	751750	771750	783250	769250	
738500	746000	744000	774250	775500	
758500	754750	758500	769250	755500	
766750	754250	768000	763000	776250	
765500	757250	769250	773000	782000	
778750	762250	749750	780500	763500	
743500	746000	756000	757250	774250	
752250	754250	728250	758500	729000	
749750	752250	746500	739000	748500	
759250	747750	734500	755500	758500	
766250	749000	745250	770500	756000	
741000	763500	749750	753000	763500	
753000	737250	739750	757250	749750	
735250	744000	733250	729500	752250	
734500	735250	747750	754250	748500	
729500	724500	745250	747750	741000	
723250	751000	736500	742750	739750	
742750	736500	735250	761750	734000	
734000	757250	748500	740250	745250	
749000	763000	742750	741000	728250	
737750	768000	742750	753000	738500	
718250	737250	732000	742750	722750	
745250	744750	745250	749750	756000	
741000	749000	751000	754250	746500	
736000	739000	731500	748500	757250	
732750	737750	749000	722750	734500	
725750	746500	755500	736500	754250	
747750	755500	734000	741500	743500	
739750	757250	751000	744750	747250	
727000	741000	732000	778750	753000	
749000	747750	741000	749000	745250	
759750	768750	759250	759750	764750	
739000	753000	758500	746000	764750	
746500	736500	758500	761750	747750	
736500	739750	745250	737250	734000	
751000	737750	751000	737250	764250	
734000	751000	754750	731500	742750	
747250	742750	762250	739750	746500	
748500	744750	724500	739750	753000	
729500	729000	750500	722750	727000	
738500	735250	748500	753000	733250	
732000	748500	741500	736000	731500	
742750	739000	725250	756750	729500	
722000	753000	744000	722750	727750	
724000	724500	737750	726500	737750	
715750	741500	720750	734000	717000	
742750	728250	741000	718250	722000	
720250	722000	716250	747250	711250	
737750	720250	738500	735250	737750	
736000	724000	722750	732000	734000	
714500	729500	712000	737250	732750	
721500	729500	712000	719500	741500	
729000	735250	734500	725250	730750	
740250	708750	724500	732750	735250	
736000	730750	724000	725250	719500	
715000	726500	712500	727750	732750	
718250	711250	721500	742750	741000	
722000	725250	725250	716250	723250	
722750	701750	711250	712500	710000	
705750	717000	722000	720250	712500	
702500	709500	718750	712500	713750	
693000	714500	717000	693750	714500	
711250	720250	724000	694250	722000	
703750	706250	710750	691250	713750	
701750	692500	722750	724000	720250	
708750	707500	707000	705000	695500	
703000	718750	708750	679250	691250	
685500	674750	695500	695000	692500	
691750	705750	689250	688000	671500	
686000	677250	693750	683000	681000	
688000	676000	677250	678500	679250	
678000	664000	657750	661000	683000	
674250	682250	670250	682250	663500	
686000	654000	668500	664000	653250	
669000	663500	654000	669000	669000	
676750	680500	669750	666500	659750	
676750	666000	662750	646500	667750	
663500	668500	669000	667250	672750	
670250	669750	662750	657000	662750	
683500	678000	643250	661000	655750	
657000	662750	653250	654500	649500	
657000	647750	667750	679750	655250	
676750	656500	658500	653250	651500	
662750	657000	650250	663500	646500	
649000	649000	665250	656500	654000	
633250	665250	659000	655750	682250	
645750	656500	659000	669750	654000	
657000	642000	665250	671500	655750	
651500	662250	669000	665250	657000	
655750	659750	665250	661000	659750	
670250	650250	672250	655250	653250	
671500	645750	662250	661000	642000	
657000	661000	675500	666000	659000	
658500	668500	655750	656500	668500	
642500	654500	649000	665250	657000	
664000	662750	663500	640000	655250	
653250	660250	678500	660250	673500	
659750	657750	672750	676750	658500	
672750	675500	674250	644500	671500	
672750	664750	672250	666500	673500	
676000	675500	660250	674250	650250	
655250	666500	649000	678000	666500	
643250	674250	652750	664750	652750	
672750	680500	659750	662250	662250	
678000	681000	674750	684750	672750	
662750	688000	676750	673500	664000	
644000	673500	664750	686750	661000	
652750	655750	657750	664750	659000	
659000	644000	671000	683500	669750	
666500	689250	669750	667250	657750	
657750	667750	654500	664000	647000	
659750	656500	663500	671000	656500	
672750	660250	637500	661000	654500	
662250	666000	654000	676750	652000	
661000	653250	669750	659750	641250	
659000	646500	663500	663500	644500	
668500	648250	671500	646500	659750	
651500	651500	664000	646500	653250	
654500	656500	652000	653250	654500	
667750	640000	663500	640750	663500	
661000	642000	662750	645250	663500	
669000	657750	655750	645750	677250	
666000	657000	672250	649500	659000	
657000	653250	657000	657750	659750	
666500	649000	660250	666500	661500	
649000	647000	670250	674250	660250	
642000	667750	661500	652750	658500	
651500	666000	645750	650750	661000	
648250	674250	642000	674250	663500	
654500	662250	657750	652000	645750	
650750	661000	675500	659750	649000	
649500	655250	672250	661500	654000	
662250	644000	660250	659000	636250	
654000	639500	657000	662250	679250	
661000	638250	660250	666000	662750	
652750	671500	654000	649500	657000	
658500	672750	648250	630750	652000	
650750	666000	664000	659750	659750	
650750	644500	654500	662250	669750	
650250	665250	671500	654000	645250	
661500	647000	671000	672250	664750	
664000	651500	652750	645250	663500	
660250	633750	650750	666000	664750	
656500	650750	645750	659750	659750	
666500	637500	658500	648250	657750	
655750	655750	650250	664750	648250	
654500	658500	676750	662750	631250	
652750	649500	655250	674250	653250	
657000	654000	659000	639500	658500	
657000	650250	641250	652750	655250	
650250	664000	647750	644500	651500	
644500	678000	638250	652750	637000	
662750	659750	649000	653250	655250	
658500	650750	649500	654500	657750	
659750	651500	642000	661500	665250	
650250	663500	645250	649500	667250	
655750	671500	650250	662750	643250	
655250	634500	655750	641250	644000	
647750	630000	650750	628250	631250	
639500	664750	676000	655750	645250	
674250	651500	651500	644500	639500	
661500	657000	635000	645250	655250	
657750	645750	645250	659750	654500	
650250	646500	657750	657750	655750	
662250	663500	657750	652750	667750	
649500	666000	649500	659750	649500	
659750	648250	651500	656500	636250	
641250	642500	646500	645750	645750	
676750	634500	657750	667750	641250	
658500	647750	649000	637500	633750	
635750	630000	655750	632000	654500	
664750	644000	649500	647000	655750	
669750	654000	657000	651500	655250	
647000	638250	637500	672750	661000	
635000	657750	657000	644000	654500	
646500	652750	665250	672250	668500	
672250	650750	645750	650750	667750	
657000	653250	648250	655750	647750	
649500	660250	660250	652750	659000	
660250	654000	661000	657000	650750	
657000	666500	659000	655750	661500	
661000	664000	646500	661500	646500	
661000	659000	662750	646500	661500	
645750	678000	656500	641250	643250	
642500	645750	641250	638250	627500	
648250	632000	653250	647750	645750	
661500	645750	657000	647000	662250	
632500	664750	647750	634500	664750	
655250	655250	655750	650750	660250	
649000	631250	655750	649000	656500	
654000	645750	642500	662750	656500	
645750	649000	652000	663500	654500	
640000	652000	650250	661000	650750	
631250	644000	642500	660250	642500	
630750	635750	651500	668500	643250	
648250	641250	626250	650250	643250	
662750	653250	662250	669000	638250	
644000	658500	640000	641250	641250	
639500	644500	651500	659000	656500	
635000	664000	643250	647750	652750	
659000	667250	649500	662750	637500	
662750	650250	662250	643250	646500	
642000	635000	650250	647000	668500	
655750	673500	653250	658500	659750	
654000	642000	649000	659000	650250	
645750	648250	659750	660250	640000	
664000	647750	652000	657750	650750	
639500	659000	646500	638250	635000	
640000	644000	654000	641250	671000	
652000	661000	661000	655750	662750	
638750	672750	662250	661500	626250	
667250	647750	661000	641250	654000	
661000	655750	652000	650250	656500	
649000	661000	648250	652000	647750	
643250	659000	638750	647750	627500	
659750	650250	662250	659750	655750	
639500	647750	649000	649500	648250	
654000	661500	648250	641250	667250	
658500	637500	670250	666000	651500	
642500	649500	645750	652750	647750	
653250	644000	662250	650750	662750	
639500	642500	650750	668500	638750	
621750	653250	657750	650750	661000	
652750	647750	656500	645250	657000	
627500	650750	654000	655250	644000	
657750	661000	663500	641250	632500	
635750	647750	649000	640000	655750	
666000	641250	645250	655250	646500	
672750	644000	620500	649000	635750	
651500	641250	637000	645250	632000	
651500	640000	638750	653250	649000	
661500	626250	635750	659000	649000	
651500	633250	649000	650250	640750	
642500	638250	637500	649500	640000	
643250	654500	643250	646500	643250	
642000	636250	643250	641250	645750	
628250	638250	657750	643250	650750	
645750	661500	644500	635000	637500	
651500	626250	650250	654500	636250	
645250	652000	630000	650750	642500	
653250	637000	642500	638250	650250	
655250	645250	667750	625000	644000	
642500	649500	653250	642500	657750	
645750	649500	638750	639500	654500	
635000	643250	641250	641250	646500	
644000	623000	641250	638750	640000	
637500	641250	655250	641250	632000	
652750	649500	636250	665250	656500	
646500	657000	637000	659750	650750	
646500	650250	640750	649500	652000	
632000	657750	632000	659750	636250	
647750	645750	646500	654500	653250	
642500	630750	650750	644000	642000	
640750	639500	637000	647000	662750	
642000	652750	644000	647000	630750	
640750	641250	653250	645750	648250	
640000	659000	662250	647000	645250	
636250	642500	655250	640750	649500	
638750	632000	639500	650750	623750	
637000	638750	666000	658500	651500	
649000	647000	641250	641250	640000	
641250	640750	626750	647000	646500	
626750	646500	635000	649000	644500	
635750	640750	652000	650250	647000	
647000	652000	654000	654000	637000	
634500	626750	640750	640750	645250	
644500	628750	640750	625500	659750	
635750	655750	640000	666000	642000	
656500	631250	653250	641250	642000	
637000	638250	657000	628250	647000	
644500	640750	649000	646500	633750	
645750	645750	651500	659000	634500	
642500	632500	636250	645250	652000	
630750	645750	649000	649500	652000	
645750	644000	652000	638750	642000	
650750	652750	637000	647000	638250	
640000	633750	654500	637000	642000	
633750	647750	652000	637500	630750	
623750	641250	642000	642000	647000	
651500	639500	630750	630750	648250	
652750	641250	643250	637000	635000	
647750	647000	643250	643250	620500	
649500	632500	630750	617500	635000	
626750	653250	634500	645750	629500	
639500	626750	631250	637500	646500	
632500	630750	628750	640750	647750	
649000	628250	659000	638750	628750	
647000	638750	669000	635000	640000	
648250	647750	630750	656500	634500	
630750	645750	653250	637500	644500	
641250	646500	647000	635000	647750	
644500	637500	633250	664750	639500	
625500	634500	633250	637500	644000	
622500	660250	615000	647000	639500	
620000	638750	636250	638750	634500	
623000	616750	632000	631250	633750	
647000	647750	638750	637000	639500	
641250	649500	633750	640000	645750	
646500	635000	613750	632000	642000	
642500	638250	644500	638250	633250	
635000	635750	624250	659750	643250	
630750	644000	653250	640750	638250	
615500	655750	625500	637500	654000	
645750	638750	625500	653250	645750	
631250	640000	634500	649000	644000	
652750	647750	638250	655750	652750	
637500	637000	650250	644000	632500	
630000	646500	640000	644000	632000	
621250	632000	633750	625000	633750	
616750	646500	626750	624250	648250	
646500	654000	645250	640000	637500	
627500	647000	642500	635750	644000	
656500	642000	616250	639500	642000	
635750	642000	639500	628750	619250	
647000	633250	639500	634500	633750	
635750	643250	635000	627500	640000	
655250	653250	640000	636250	647000	
647000	644500	638250	633250	644500	
617500	647000	655750	647000	652000	
623000	631250	639500	650750	640750	
635000	637500	641250	631250	636250	
657750	654000	636250	640750	630750	
625500	630750	618750	650250	639500	
642500	640750	640000	638250	633250	
644000	639500	630750	638750	622500	
644000	642500	650750	633250	642000	
637500	628250	640750	650250	650250	
631250	616250	629500	638750	620500	
641250	644000	646500	622500	631250	
653250	635750	650250	642000	628750	
633250	652750	625000	621250	653250	
632500	659000	620000	626250	636250	
640750	629500	639500	630750	665250	
643250	639500	633250	646500	632000	
641250	633750	649000	624250	635750	
632500	661500	642500	633250	637500	
652750	633250	635000	633250	637000	
637500	643250	643250	655250	637500	
644000	645750	647750	644500	647000	
624250	645750	633250	638250	633750	
633750	640750	631250	650250	617500	
618750	627500	650250	635000	633250	
637500	630000	642500	635000	626250	
639500	626250	642500	633250	640750	
644500	650250	636250	633750	630750	
637000	631250	630750	645250	637500	
650750	633750	640000	637500	644000	
645250	638750	640000	656500	647000	
629500	632000	651500	638750	649000	
632000	628750	628250	647000	641250	
639500	643250	642500	636250	628750	
626250	621750	644000	647750	635750	
625000	643250	630000	632000	637000	
635750	629500	623000	628250	634500	
639500	640750	627500	630750	643250	
621750	625000	649000	642000	643250	
615500	639500	633250	636250	647750	
644000	636250	622500	642000	634500	
631250	645750	623750	625000	624250	
638250	622500	635000	647750	636250	
620500	630000	624250	623000	645250	
635000	642000	644000	654500	633750	
653250	637000	647750	637000	634500	
629500	633750	634500	635000	630750	
635000	633750	633750	618750	624250	
635000	633750	633750	618750	624250	
635000	633750	633750	618750	624250	
