4250	4250	4250	4250	4250	
7.13825e+06	7.13825e+06	7.13825e+06	7.13825e+06	7.13825e+06	
516500	541250	546250	524750	528000	
514000	525500	526000	524750	511000	
520250	515250	524250	504000	510250	
496500	521000	506000	507750	494500	
508500	500750	512750	528000	523000	
511000	529250	511000	499000	508500	
500250	516000	512250	529250	513500	
517250	524750	523000	525500	519750	
523000	532250	526000	526000	512750	
518500	517250	507250	513500	518500	
528500	514000	541250	529250	498250	
536250	521000	523000	534250	531000	
526750	535500	522250	552500	543000	
534750	539250	542500	536250	546250	
531000	534250	533000	536250	546250	
553750	531750	538750	569500	548750	
551250	551250	542500	567000	570250	
558250	565000	564500	558250	565000	
550500	562000	570750	566250	582750	
562500	570750	577750	562500	587750	
567750	584750	560000	579500	581500	
623000	645750	630000	635000	652750	
819750	772500	814000	808250	806500	
808250	802750	821000	836000	815250	
838000	833500	807750	822750	856750	
814000	834250	830500	839250	824750	
834250	835500	840500	846750	848000	
830500	829750	844250	823500	848000	
847500	838500	857500	842500	829750	
842500	832250	858750	858750	874500	
870750	855500	848750	912250	885750	
903500	887750	909250	892250	886500	
905500	891000	901000	882750	877750	
928750	892750	893500	894750	913500	
882000	887000	889000	895250	911000	
905500	889000	900250	894750	889000	
901500	904750	904250	894750	894000	
892250	882750	897750	893500	888500	
923000	902250	904250	909750	925500	
948750	931250	943250	921250	930500	
969000	959500	961500	942500	945750	
971000	951500	972250	931250	969750	
980500	979000	961500	968500	960750	
945000	943750	938250	937500	969000	
937000	944500	938750	943250	931250	
960750	950750	943250	935000	956500	
955250	945750	976000	968500	954500	
923750	945750	955750	947500	921250	
920000	909250	923750	904750	931750	
909250	908000	918000	941250	902750	
916000	917250	920000	923750	934500	
913500	907250	903500	899750	882750	
881500	904750	904750	892250	899000	
894750	885250	905500	885750	892750	
937000	967750	936250	930500	951500	
1.015e+06	985500	1.00175e+06	1.015e+06	987250	
996250	1.00675e+06	1.02e+06	996750	994250	
994750	1.00675e+06	1.01325e+06	1.0295e+06	971000	
976500	971500	961500	989750	959000	
957000	971500	971000	957750	972250	
964750	990500	981000	989750	966000	
981750	968500	973500	993500	960750	
998750	1.00875e+06	993000	1.00125e+06	988000	
1.04275e+06	1.00875e+06	1.04025e+06	1.0315e+06	1.01875e+06	
1.049e+06	1.063e+06	1.046e+06	1.02575e+06	1.03025e+06	
1.0315e+06	1.017e+06	1.02575e+06	1.03525e+06	1.01325e+06	
1.0465e+06	1.032e+06	1.032e+06	1.0585e+06	1.037e+06	
1.04975e+06	1.02825e+06	1.061e+06	1.05475e+06	1.0435e+06	
1.063e+06	1.046e+06	1.0655e+06	1.05975e+06	1.06475e+06	
1.0875e+06	1.06175e+06	1.07375e+06	1.05475e+06	1.04525e+06	
1.11025e+06	1.0945e+06	1.09375e+06	1.09075e+06	1.08e+06	
1.09875e+06	1.11575e+06	1.11075e+06	1.1165e+06	1.12475e+06	
1.194e+06	1.1505e+06	1.143e+06	1.1675e+06	1.17075e+06	
1.1675e+06	1.16175e+06	1.17375e+06	1.17625e+06	1.16e+06	
1.16625e+06	1.18825e+06	1.18075e+06	1.14725e+06	1.1775e+06	
1.1675e+06	1.17325e+06	1.158e+06	1.17375e+06	1.15e+06	
1.1605e+06	1.146e+06	1.1815e+06	1.148e+06	1.182e+06	
1.194e+06	1.11325e+06	1.15e+06	1.15925e+06	1.15125e+06	
1.13275e+06	1.14425e+06	1.1625e+06	1.1435e+06	1.14425e+06	
1.11325e+06	1.14225e+06	1.1575e+06	1.124e+06	1.13425e+06	
1.1455e+06	1.1525e+06	1.16625e+06	1.14875e+06	1.1555e+06	
1.19525e+06	1.1865e+06	1.223e+06	1.1725e+06	1.211e+06	
1.22925e+06	1.2155e+06	1.211e+06	1.23125e+06	1.21425e+06	
1.2495e+06	1.245e+06	1.24e+06	1.24075e+06	1.225e+06	
1.19025e+06	1.182e+06	1.206e+06	1.22875e+06	1.20475e+06	
1.194e+06	1.18075e+06	1.165e+06	1.175e+06	1.17125e+06	
1.187e+06	1.19275e+06	1.17325e+06	1.2085e+06	1.18525e+06	
1.23925e+06	1.20975e+06	1.23425e+06	1.213e+06	1.22925e+06	
1.18275e+06	1.177e+06	1.18325e+06	1.2235e+06	1.1895e+06	
1.16175e+06	1.14675e+06	1.136e+06	1.13725e+06	1.14675e+06	
1.165e+06	1.1625e+06	1.15675e+06	1.16575e+06	1.14225e+06	
1.15675e+06	1.129e+06	1.1575e+06	1.14225e+06	1.1505e+06	
1.09325e+06	1.11775e+06	1.0805e+06	1.1e+06	1.11975e+06	
1.07875e+06	1.07375e+06	1.083e+06	1.0895e+06	1.07625e+06	
1.0875e+06	1.07375e+06	1.054e+06	1.09625e+06	1.09e+06	
1.1115e+06	1.085e+06	1.109e+06	1.11325e+06	1.09875e+06	
1.104e+06	1.10275e+06	1.13275e+06	1.12525e+06	1.126e+06	
1.1625e+06	1.1435e+06	1.10325e+06	1.13725e+06	1.14175e+06	
1.19475e+06	1.19475e+06	1.2065e+06	1.2035e+06	1.19325e+06	
1.21175e+06	1.2135e+06	1.2375e+06	1.2235e+06	1.20775e+06	
1.21475e+06	1.2105e+06	1.22225e+06	1.21675e+06	1.24375e+06	
1.24375e+06	1.25575e+06	1.271e+06	1.24075e+06	1.23425e+06	
1.28925e+06	1.26575e+06	1.26325e+06	1.27275e+06	1.2715e+06	
1.33825e+06	1.33075e+06	1.33775e+06	1.339e+06	1.3365e+06	
1.3755e+06	1.36025e+06	1.34575e+06	1.36425e+06	1.366e+06	
1.35225e+06	1.37475e+06	1.4215e+06	1.36425e+06	1.37425e+06	
1.363e+06	1.33075e+06	1.34075e+06	1.3535e+06	1.32375e+06	
1.29975e+06	1.28025e+06	1.28525e+06	1.298e+06	1.32e+06	
1.28275e+06	1.24375e+06	1.2735e+06	1.27525e+06	1.24875e+06	
1.2835e+06	1.27975e+06	1.284e+06	1.298e+06	1.245e+06	
1.301e+06	1.2835e+06	1.32325e+06	1.3105e+06	1.293e+06	
1.3175e+06	1.36725e+06	1.36225e+06	1.3535e+06	1.3345e+06	
1.4095e+06	1.405e+06	1.39625e+06	1.38125e+06	1.37675e+06	
1.327e+06	1.29975e+06	1.33575e+06	1.3685e+06	1.334e+06	
1.293e+06	1.2735e+06	1.28475e+06	1.28275e+06	1.30675e+06	
1.24375e+06	1.2185e+06	1.21725e+06	1.245e+06	1.2035e+06	
1.17e+06	1.16375e+06	1.16375e+06	1.18075e+06	1.16125e+06	
1.14175e+06	1.1385e+06	1.13925e+06	1.1355e+06	1.12025e+06	
1.146e+06	1.12225e+06	1.10275e+06	1.114e+06	1.1115e+06	
1.114e+06	1.124e+06	1.0995e+06	1.153e+06	1.12225e+06	
1.1865e+06	1.18025e+06	1.1645e+06	1.158e+06	1.17e+06	
1.2425e+06	1.2595e+06	1.238e+06	1.23425e+06	1.24325e+06	
1.36225e+06	1.3465e+06	1.351e+06	1.344e+06	1.349e+06	
1.4145e+06	1.347e+06	1.36425e+06	1.39625e+06	1.36475e+06	
1.4e+06	1.39625e+06	1.37475e+06	1.37175e+06	1.40125e+06	
1.34775e+06	1.385e+06	1.356e+06	1.36425e+06	1.371e+06	
1.39e+06	1.3515e+06	1.395e+06	1.35775e+06	1.3635e+06	
1.40825e+06	1.4215e+06	1.41525e+06	1.4e+06	1.429e+06	
1.429e+06	1.388e+06	1.439e+06	1.443e+06	1.4335e+06	
1.4435e+06	1.419e+06	1.4285e+06	1.453e+06	1.40125e+06	
1.39175e+06	1.42075e+06	1.3975e+06	1.39e+06	1.40375e+06	
1.44975e+06	1.434e+06	1.43725e+06	1.441e+06	1.43525e+06	
1.43725e+06	1.458e+06	1.4385e+06	1.46625e+06	1.4315e+06	
1.482e+06	1.47125e+06	1.4745e+06	1.46375e+06	1.4535e+06	
1.5495e+06	1.55875e+06	1.5455e+06	1.5645e+06	1.506e+06	
1.6005e+06	1.62875e+06	1.6225e+06	1.6125e+06	1.60925e+06	
1.666e+06	1.70125e+06	1.68225e+06	1.688e+06	1.6905e+06	
1.656e+06	1.683e+06	1.70075e+06	1.683e+06	1.69125e+06	
1.74675e+06	1.70325e+06	1.70125e+06	1.727e+06	1.67925e+06	
1.77625e+06	1.81025e+06	1.792e+06	1.80275e+06	1.746e+06	
1.8335e+06	1.855e+06	1.81775e+06	1.8115e+06	1.8305e+06	
1.80325e+06	1.8525e+06	1.79e+06	1.78625e+06	1.7875e+06	
1.70875e+06	1.7045e+06	1.66525e+06	1.70575e+06	1.6735e+06	
1.545e+06	1.61375e+06	1.57525e+06	1.598e+06	1.569e+06	
1.417e+06	1.43275e+06	1.42025e+06	1.44175e+06	1.40325e+06	
1.25325e+06	1.255e+06	1.269e+06	1.26325e+06	1.25775e+06	
1.2205e+06	1.21225e+06	1.20225e+06	1.2255e+06	1.211e+06	
1.35725e+06	1.34075e+06	1.35025e+06	1.3275e+06	1.317e+06	
1.52975e+06	1.5325e+06	1.545e+06	1.545e+06	1.55825e+06	
1.71525e+06	1.71325e+06	1.693e+06	1.7215e+06	1.72825e+06	
1.8625e+06	1.84625e+06	1.82425e+06	1.83475e+06	1.8425e+06	
1.89925e+06	1.90425e+06	1.8865e+06	1.9345e+06	1.89725e+06	
1.81525e+06	1.81725e+06	1.84925e+06	1.83925e+06	1.877e+06	
1.6875e+06	1.6785e+06	1.67225e+06	1.705e+06	1.67225e+06	
1.49275e+06	1.4825e+06	1.4535e+06	1.47575e+06	1.5065e+06	
1.4025e+06	1.35025e+06	1.37175e+06	1.385e+06	1.34325e+06	
1.523e+06	1.50025e+06	1.509e+06	1.54425e+06	1.5015e+06	
1.74525e+06	1.75675e+06	1.7435e+06	1.77375e+06	1.73225e+06	
2.0485e+06	2.0515e+06	1.99175e+06	2.0435e+06	2.0435e+06	
2.18525e+06	2.17375e+06	2.206e+06	2.1795e+06	2.22875e+06	
2.33575e+06	2.30425e+06	2.30875e+06	2.322e+06	2.30875e+06	
2.47e+06	2.41075e+06	2.43025e+06	2.4505e+06	2.424e+06	
2.43275e+06	2.41975e+06	2.4455e+06	2.50475e+06	2.41075e+06	
2.438e+06	2.417e+06	2.4385e+06	2.4455e+06	2.44175e+06	
2.475e+06	2.4795e+06	2.48775e+06	2.46825e+06	2.47e+06	
2.526e+06	2.52425e+06	2.484e+06	2.50525e+06	2.50025e+06	
2.54575e+06	2.55625e+06	2.56075e+06	2.55575e+06	2.501e+06	
2.64775e+06	2.60225e+06	2.668e+06	2.65975e+06	2.68625e+06	
2.6655e+06	2.6755e+06	2.7215e+06	2.65025e+06	2.69875e+06	
2.7725e+06	2.7555e+06	2.70325e+06	2.73475e+06	2.736e+06	
2.794e+06	2.772e+06	2.73025e+06	2.76625e+06	2.76875e+06	
2.73475e+06	2.7045e+06	2.72725e+06	2.7335e+06	2.7285e+06	
2.72275e+06	2.65975e+06	2.68375e+06	2.67175e+06	2.65475e+06	
2.71275e+06	2.6975e+06	2.66475e+06	2.73275e+06	2.743e+06	
2.775e+06	2.7575e+06	2.792e+06	2.775e+06	2.7215e+06	
2.73275e+06	2.71775e+06	2.6755e+06	2.73775e+06	2.758e+06	
2.67175e+06	2.707e+06	2.693e+06	2.70625e+06	2.68375e+06	
2.7625e+06	2.74225e+06	2.7555e+06	2.77875e+06	2.7195e+06	
2.7195e+06	2.7915e+06	2.76625e+06	2.76625e+06	2.72325e+06	
2.702e+06	2.72075e+06	2.714e+06	2.751e+06	2.695e+06	
2.736e+06	2.76e+06	2.719e+06	2.726e+06	2.707e+06	
2.751e+06	2.73225e+06	2.71275e+06	2.676e+06	2.66725e+06	
2.70075e+06	2.7285e+06	2.72725e+06	2.73525e+06	2.7385e+06	
2.77e+06	2.85875e+06	2.76175e+06	2.816e+06	2.76675e+06	
2.84175e+06	2.83875e+06	2.85e+06	2.835e+06	2.81525e+06	
2.90675e+06	2.91e+06	2.952e+06	2.898e+06	2.86325e+06	
3.05675e+06	2.96775e+06	2.9955e+06	2.94575e+06	2.9465e+06	
3.12225e+06	3.08825e+06	3.0825e+06	3.0675e+06	3.09825e+06	
3.12925e+06	3.051e+06	3.14125e+06	3.14425e+06	3.1085e+06	
3.02025e+06	2.983e+06	2.97225e+06	3.0315e+06	2.99925e+06	
2.84825e+06	2.845e+06	2.804e+06	2.85375e+06	2.81275e+06	
2.8625e+06	2.82975e+06	2.89425e+06	2.83225e+06	2.79775e+06	
2.923e+06	2.97025e+06	2.9085e+06	2.91875e+06	2.857e+06	
3.09075e+06	3.1335e+06	3.03725e+06	3.11475e+06	3.09125e+06	
3.21475e+06	3.17025e+06	3.19475e+06	3.15e+06	3.2035e+06	
3.259e+06	3.2545e+06	3.2255e+06	3.1885e+06	3.2035e+06	
3.35425e+06	3.25575e+06	3.3095e+06	3.33275e+06	3.26525e+06	
3.32125e+06	3.286e+06	3.2905e+06	3.25025e+06	3.25575e+06	
3.293e+06	3.22e+06	3.22625e+06	3.21675e+06	3.20925e+06	
3.19275e+06	3.15e+06	3.1815e+06	3.22175e+06	3.1985e+06	
3.31575e+06	3.2615e+06	3.31875e+06	3.3345e+06	3.27675e+06	
3.3465e+06	3.3175e+06	3.32825e+06	3.33575e+06	3.4335e+06	
3.32e+06	3.31125e+06	3.33525e+06	3.25075e+06	3.30125e+06	
3.3175e+06	3.3705e+06	3.3145e+06	3.4065e+06	3.3245e+06	
3.232e+06	3.29625e+06	3.34225e+06	3.2665e+06	3.30425e+06	
3.39075e+06	3.356e+06	3.344e+06	3.41525e+06	3.36725e+06	
3.36925e+06	3.39625e+06	3.39325e+06	3.47775e+06	3.4015e+06	
3.521e+06	3.54075e+06	3.472e+06	3.489e+06	3.45875e+06	
3.52375e+06	3.48825e+06	3.4845e+06	3.494e+06	3.506e+06	
3.44425e+06	3.4525e+06	3.4305e+06	3.40275e+06	3.43175e+06	
3.34725e+06	3.3265e+06	3.339e+06	3.31575e+06	3.3435e+06	
3.368e+06	3.36175e+06	3.30425e+06	3.42225e+06	3.349e+06	
3.40025e+06	3.3705e+06	3.3555e+06	3.366e+06	3.341e+06	
3.44425e+06	3.424e+06	3.392e+06	3.409e+06	3.3485e+06	
3.45125e+06	3.42725e+06	3.4115e+06	3.4405e+06	3.46125e+06	
3.53e+06	3.4435e+06	3.52925e+06	3.50675e+06	3.436e+06	
3.467e+06	3.48775e+06	3.46575e+06	3.48275e+06	3.42475e+06	
3.5035e+06	3.4355e+06	3.4505e+06	3.4725e+06	3.45875e+06	
3.57725e+06	3.547e+06	3.5105e+06	3.567e+06	3.49025e+06	
3.6485e+06	3.61625e+06	3.66425e+06	3.63575e+06	3.5815e+06	
3.7335e+06	3.72775e+06	3.753e+06	3.7695e+06	3.7315e+06	
3.74475e+06	3.7725e+06	3.777e+06	3.79275e+06	3.75875e+06	
3.792e+06	3.748e+06	3.69375e+06	3.804e+06	3.71025e+06	
3.734e+06	3.65475e+06	3.63025e+06	3.65975e+06	3.571e+06	
3.53175e+06	3.59875e+06	3.56575e+06	3.5445e+06	3.48325e+06	
3.53125e+06	3.603e+06	3.53625e+06	3.51425e+06	3.55575e+06	
3.52175e+06	3.51175e+06	3.50675e+06	3.52425e+06	3.45925e+06	
3.6465e+06	3.62825e+06	3.668e+06	3.637e+06	3.59675e+06	
3.76375e+06	3.7605e+06	3.7215e+06	3.69375e+06	3.65775e+06	
3.76175e+06	3.775e+06	3.8065e+06	3.74425e+06	3.7215e+06	
3.8325e+06	3.741e+06	3.76425e+06	3.80725e+06	3.72725e+06	
3.80475e+06	3.75675e+06	3.73925e+06	3.73275e+06	3.80275e+06	
3.707e+06	3.7195e+06	3.7265e+06	3.685e+06	3.65475e+06	
3.75675e+06	3.743e+06	3.77875e+06	3.75375e+06	3.77075e+06	
3.9125e+06	3.8595e+06	3.83e+06	3.83425e+06	3.881e+06	
3.83425e+06	3.81225e+06	3.79275e+06	3.78e+06	3.79525e+06	
3.74725e+06	3.85825e+06	3.7865e+06	3.806e+06	3.76125e+06	
3.71825e+06	3.67675e+06	3.654e+06	3.6875e+06	3.6245e+06	
3.79275e+06	3.70125e+06	3.695e+06	3.63575e+06	3.613e+06	
3.8325e+06	3.748e+06	3.746e+06	3.73525e+06	3.7575e+06	
3.83875e+06	3.81025e+06	3.82925e+06	3.901e+06	3.7865e+06	
3.76e+06	3.79525e+06	3.8085e+06	3.74425e+06	3.7505e+06	
3.646e+06	3.66925e+06	3.61875e+06	3.68625e+06	3.6295e+06	
3.51425e+06	3.53175e+06	3.467e+06	3.5545e+06	3.4915e+06	
3.329e+06	3.317e+06	3.32075e+06	3.322e+06	3.31375e+06	
3.11525e+06	3.11725e+06	3.099e+06	3.068e+06	3.051e+06	
3.01775e+06	3.0465e+06	3.07125e+06	2.9875e+06	3.0535e+06	
3.136e+06	3.1085e+06	3.09575e+06	3.07425e+06	3.1405e+06	
3.52875e+06	3.50475e+06	3.49525e+06	3.5425e+06	3.482e+06	
3.93e+06	3.94825e+06	3.82675e+06	3.8905e+06	3.838e+06	
4.2105e+06	4.1065e+06	4.157e+06	4.106e+06	4.06625e+06	
4.116e+06	4.056e+06	4.0825e+06	4.111e+06	4.0775e+06	
4.11725e+06	4.04025e+06	4.1335e+06	4.12425e+06	4.03525e+06	
4.21425e+06	4.1595e+06	4.22125e+06	4.2125e+06	4.1645e+06	
4.12475e+06	4.1205e+06	4.14125e+06	4.094e+06	4.1065e+06	
3.98425e+06	3.976e+06	3.96725e+06	3.95225e+06	3.927e+06	
4.02275e+06	3.884e+06	3.944e+06	3.9735e+06	3.91625e+06	
4.1165e+06	4.039e+06	4.1375e+06	4.1285e+06	4.09075e+06	
4.29625e+06	4.27975e+06	4.307e+06	4.23575e+06	4.22825e+06	
4.30175e+06	4.32325e+06	4.329e+06	4.344e+06	4.25725e+06	
4.462e+06	4.4505e+06	4.373e+06	4.43475e+06	4.4095e+06	
4.67925e+06	4.71075e+06	4.60675e+06	4.54625e+06	4.57275e+06	
4.6515e+06	4.6145e+06	4.68375e+06	4.64025e+06	4.518e+06	
4.6775e+06	4.581e+06	4.68e+06	4.58675e+06	4.593e+06	
4.59425e+06	4.58725e+06	4.55025e+06	4.641e+06	4.58225e+06	
4.53825e+06	4.4645e+06	4.484e+06	4.56775e+06	4.549e+06	
4.41525e+06	4.40325e+06	4.3535e+06	4.44675e+06	4.3605e+06	
4.30325e+06	4.28175e+06	4.24325e+06	4.2345e+06	4.19975e+06	
4.21625e+06	4.1545e+06	4.11525e+06	4.15075e+06	4.1665e+06	
4.288e+06	4.37675e+06	4.474e+06	4.38575e+06	4.38825e+06	
4.5765e+06	4.55575e+06	4.576e+06	4.494e+06	4.5135e+06	
4.64225e+06	4.581e+06	4.59225e+06	4.547e+06	4.54075e+06	
4.6225e+06	4.53375e+06	4.58425e+06	4.64025e+06	4.5785e+06	
4.66975e+06	4.547e+06	4.5135e+06	4.50725e+06	4.55075e+06	
4.736e+06	4.69875e+06	4.712e+06	4.71575e+06	4.65275e+06	
4.888e+06	4.79075e+06	4.86025e+06	4.84075e+06	4.801e+06	
5.029e+06	5.024e+06	5.0335e+06	5.04225e+06	4.99125e+06	
5.065e+06	5.014e+06	5.02025e+06	4.96425e+06	4.995e+06	
5.184e+06	5.1355e+06	5.121e+06	5.2325e+06	5.18275e+06	
5.13925e+06	5.21125e+06	5.11975e+06	5.21125e+06	5.15075e+06	
5.14825e+06	5.17525e+06	5.17725e+06	5.193e+06	5.097e+06	
5.084e+06	5.08775e+06	5.0575e+06	5.06825e+06	5.089e+06	
5.13875e+06	5.10025e+06	5.16025e+06	5.1425e+06	5.0695e+06	
5.1615e+06	5.1665e+06	5.14875e+06	5.10025e+06	5.162e+06	
5.2465e+06	5.2535e+06	5.20475e+06	5.218e+06	5.18525e+06	
5.314e+06	5.1405e+06	5.26525e+06	5.15575e+06	5.19225e+06	
5.2465e+06	5.2295e+06	5.213e+06	5.23825e+06	5.16075e+06	
5.0655e+06	5.05675e+06	5.0045e+06	5.03225e+06	4.9995e+06	
4.94725e+06	4.9635e+06	4.92075e+06	4.951e+06	4.91625e+06	
5.12225e+06	5.12925e+06	5.0865e+06	5.055e+06	5.0045e+06	
5.22625e+06	5.14875e+06	5.1495e+06	5.198e+06	5.12925e+06	
5.23825e+06	5.24575e+06	5.2515e+06	5.1985e+06	5.19425e+06	
5.55325e+06	5.41025e+06	5.43875e+06	5.4965e+06	5.35925e+06	
5.50175e+06	5.467e+06	5.48725e+06	5.52e+06	5.377e+06	
5.4985e+06	5.41025e+06	5.5425e+06	5.45625e+06	5.465e+06	
5.4865e+06	5.49525e+06	5.51625e+06	5.52875e+06	5.53875e+06	
5.5425e+06	5.44425e+06	5.508e+06	5.484e+06	5.4575e+06	
5.564e+06	5.51675e+06	5.571e+06	5.60875e+06	5.511e+06	
5.66675e+06	5.627e+06	5.5755e+06	5.6635e+06	5.56775e+06	
5.629e+06	5.63775e+06	5.6195e+06	5.67175e+06	5.57025e+06	
5.73225e+06	5.77575e+06	5.65175e+06	5.79525e+06	5.65425e+06	
5.985e+06	5.91575e+06	5.84625e+06	5.94275e+06	5.86025e+06	
5.81175e+06	5.9075e+06	5.80475e+06	5.87775e+06	5.8205e+06	
5.7645e+06	5.741e+06	5.82875e+06	5.7595e+06	5.7355e+06	
5.80725e+06	5.857e+06	5.82425e+06	5.8225e+06	5.79475e+06	
5.58675e+06	5.581e+06	5.61075e+06	5.57025e+06	5.612e+06	
5.518e+06	5.5225e+06	5.46775e+06	5.55575e+06	5.46075e+06	
5.3795e+06	5.3655e+06	5.36e+06	5.38375e+06	5.33725e+06	
5.39025e+06	5.406e+06	5.4575e+06	5.4545e+06	5.339e+06	
5.549e+06	5.474e+06	5.47525e+06	5.49475e+06	5.48225e+06	
5.65175e+06	5.67125e+06	5.65725e+06	5.6435e+06	5.66175e+06	
5.63075e+06	5.61575e+06	5.66475e+06	5.68375e+06	5.52425e+06	
5.68e+06	5.52825e+06	5.60875e+06	5.5755e+06	5.644e+06	
5.682e+06	5.663e+06	5.55275e+06	5.68375e+06	5.5715e+06	
5.7815e+06	5.71225e+06	5.7215e+06	5.67e+06	5.67375e+06	
5.70525e+06	5.7165e+06	5.736e+06	5.78075e+06	5.7405e+06	
5.8805e+06	5.883e+06	5.813e+06	5.874e+06	5.8105e+06	
5.85825e+06	5.85775e+06	5.82375e+06	5.917e+06	5.84e+06	
5.86525e+06	5.82675e+06	5.8515e+06	5.835e+06	5.91e+06	
6.00825e+06	5.985e+06	5.95475e+06	6.04475e+06	5.903e+06	
5.886e+06	5.93075e+06	5.91625e+06	5.939e+06	5.8685e+06	
5.88175e+06	5.79225e+06	5.87525e+06	5.8885e+06	5.791e+06	
5.87525e+06	5.816e+06	5.80925e+06	5.905e+06	5.85025e+06	
5.87275e+06	5.85075e+06	5.8205e+06	5.83e+06	5.74375e+06	
5.949e+06	5.83175e+06	5.91875e+06	5.90425e+06	5.8615e+06	
5.99e+06	5.90925e+06	5.91825e+06	5.874e+06	5.80975e+06	
5.871e+06	5.825e+06	5.8765e+06	5.883e+06	5.74875e+06	
5.89425e+06	5.91125e+06	5.94275e+06	5.9705e+06	5.81225e+06	
5.94225e+06	5.971e+06	5.97625e+06	5.96975e+06	5.9025e+06	
6.1565e+06	6.147e+06	6.174e+06	6.0965e+06	6.03975e+06	
6.17975e+06	6.04225e+06	6e+06	6.084e+06	6.0745e+06	
6.1425e+06	6.1325e+06	6.11675e+06	6.15125e+06	6.10775e+06	
6.273e+06	6.29875e+06	6.2075e+06	6.23e+06	6.208e+06	
6.15825e+06	6.2735e+06	6.256e+06	6.2125e+06	6.1735e+06	
6.2225e+06	6.186e+06	6.1015e+06	6.2125e+06	6.1565e+06	
6.32325e+06	6.23575e+06	6.1835e+06	6.31325e+06	6.22575e+06	
6.22825e+06	6.2445e+06	6.239e+06	6.1985e+06	6.188e+06	
6.18725e+06	6.096e+06	6.1305e+06	6.1885e+06	6.09475e+06	
6.053e+06	6.092e+06	6.06575e+06	6.08775e+06	6.03675e+06	
6.128e+06	6.14375e+06	6.09775e+06	6.07375e+06	6.04875e+06	
6.0775e+06	6.03675e+06	6.02275e+06	6.10525e+06	5.9825e+06	
6.24075e+06	6.176e+06	6.16275e+06	6.2105e+06	6.09325e+06	
6.32075e+06	6.17725e+06	6.155e+06	6.1955e+06	6.1665e+06	
6.38775e+06	6.34175e+06	6.312e+06	6.4185e+06	6.237e+06	
6.2685e+06	6.1545e+06	6.21175e+06	6.23125e+06	6.19475e+06	
6.1185e+06	6.232e+06	6.084e+06	6.1665e+06	6.10525e+06	
6.213e+06	6.2005e+06	6.15125e+06	6.256e+06	6.1645e+06	
6.33225e+06	6.2755e+06	6.29875e+06	6.28e+06	6.25025e+06	
6.353e+06	6.358e+06	6.2735e+06	6.3965e+06	6.263e+06	
6.3845e+06	6.3195e+06	6.317e+06	6.32275e+06	6.2995e+06	
6.588e+06	6.47325e+06	6.462e+06	6.5325e+06	6.53075e+06	
6.5635e+06	6.48525e+06	6.573e+06	6.581e+06	6.46575e+06	
6.57975e+06	6.5175e+06	6.542e+06	6.6535e+06	6.56275e+06	
6.57675e+06	6.5375e+06	6.5585e+06	6.60575e+06	6.41525e+06	
6.52175e+06	6.566e+06	6.527e+06	6.55775e+06	6.44625e+06	
6.375e+06	6.31025e+06	6.27425e+06	6.3335e+06	6.37325e+06	
6.54325e+06	6.5245e+06	6.56525e+06	6.5345e+06	6.53575e+06	
6.636e+06	6.6535e+06	6.5615e+06	6.709e+06	6.6485e+06	
6.82175e+06	6.82875e+06	6.7865e+06	6.7985e+06	6.7335e+06	
6.97625e+06	6.97175e+06	7.02525e+06	6.99775e+06	6.995e+06	
7.04875e+06	6.98125e+06	7.03725e+06	6.9775e+06	7.014e+06	
6.9655e+06	6.98375e+06	6.941e+06	6.99e+06	6.90375e+06	
6.9675e+06	6.9295e+06	6.924e+06	7.04425e+06	6.8615e+06	
7.106e+06	7.0815e+06	7.0555e+06	7.07375e+06	6.96475e+06	
7.0405e+06	7.0865e+06	7.0815e+06	6.9845e+06	7.0915e+06	
7.2535e+06	7.18025e+06	7.128e+06	7.2415e+06	7.1475e+06	
7.45775e+06	7.37075e+06	7.3605e+06	7.394e+06	7.3485e+06	
7.35375e+06	7.3815e+06	7.2945e+06	7.3555e+06	7.3525e+06	
7.47725e+06	7.367e+06	7.38e+06	7.401e+06	7.36625e+06	
7.50225e+06	7.39725e+06	7.4035e+06	7.4405e+06	7.35675e+06	
7.3695e+06	7.34675e+06	7.4835e+06	7.43925e+06	7.31775e+06	
7.4955e+06	7.394e+06	7.39025e+06	7.4715e+06	7.43875e+06	
7.5395e+06	7.50175e+06	7.51375e+06	7.389e+06	7.36e+06	
7.62775e+06	7.532e+06	7.6045e+06	7.5995e+06	7.61025e+06	
7.94275e+06	7.74375e+06	7.83375e+06	7.84025e+06	7.75875e+06	
8.089e+06	7.9555e+06	7.98e+06	8.02725e+06	7.91825e+06	
8.084e+06	7.924e+06	7.91825e+06	7.965e+06	8.01025e+06	
8.0985e+06	8.077e+06	7.9925e+06	8.1255e+06	8.04925e+06	
7.9965e+06	7.97375e+06	8.00025e+06	8.0215e+06	7.9535e+06	
8.367e+06	8.30025e+06	8.30525e+06	8.34225e+06	8.28125e+06	
8.474e+06	8.353e+06	8.3305e+06	8.29325e+06	8.2315e+06	
8.31025e+06	8.36375e+06	8.321e+06	8.30275e+06	8.2585e+06	
8.60125e+06	8.45075e+06	8.4475e+06	8.54025e+06	8.428e+06	
8.559e+06	8.51e+06	8.46775e+06	8.46575e+06	8.447e+06	
8.5655e+06	8.39225e+06	8.43e+06	8.55525e+06	8.44825e+06	
8.66825e+06	8.556e+06	8.59875e+06	8.68075e+06	8.5175e+06	
8.8445e+06	8.72225e+06	8.71225e+06	8.808e+06	8.7545e+06	
8.8705e+06	8.84025e+06	8.71025e+06	8.837e+06	8.67625e+06	
9.0165e+06	8.81425e+06	8.82125e+06	8.87925e+06	8.837e+06	
8.73375e+06	8.82125e+06	8.72925e+06	8.7525e+06	8.704e+06	
8.95675e+06	8.844e+06	8.81375e+06	8.7905e+06	8.745e+06	
8.84575e+06	8.90325e+06	8.80625e+06	8.956e+06	8.82075e+06	
8.88375e+06	8.9315e+06	8.93725e+06	8.9025e+06	8.8155e+06	
8.813e+06	8.70225e+06	8.82125e+06	8.81625e+06	8.8345e+06	
9.05625e+06	9.004e+06	8.929e+06	8.989e+06	8.963e+06	
8.8805e+06	8.772e+06	8.776e+06	8.81e+06	8.8365e+06	
8.6485e+06	8.648e+06	8.655e+06	8.648e+06	8.58175e+06	
8.14075e+06	8.06e+06	8.0675e+06	8.145e+06	7.99825e+06	
7.89875e+06	7.8545e+06	7.85975e+06	7.83325e+06	7.8705e+06	
7.873e+06	7.69275e+06	7.76e+06	7.84025e+06	7.743e+06	
8.13375e+06	8.06825e+06	7.9795e+06	8.1275e+06	8.00975e+06	
8.459e+06	8.5245e+06	8.54025e+06	8.5245e+06	8.452e+06	
8.82875e+06	8.757e+06	8.69525e+06	8.73425e+06	8.7425e+06	
9.1325e+06	8.97575e+06	9.13575e+06	9.12e+06	9.033e+06	
9.2095e+06	9.205e+06	9.21575e+06	9.246e+06	9.1255e+06	
9.16225e+06	9.098e+06	9.052e+06	9.08475e+06	8.97125e+06	
9.2415e+06	9.205e+06	9.22525e+06	9.26425e+06	9.20375e+06	
9.619e+06	9.58175e+06	9.5245e+06	9.57425e+06	9.5635e+06	
9.78725e+06	9.7445e+06	9.696e+06	9.8465e+06	9.68075e+06	
9.9505e+06	9.83275e+06	9.902e+06	9.88175e+06	9.90375e+06	
9.9145e+06	9.83325e+06	9.9045e+06	9.85275e+06	9.76325e+06	
1.01042e+07	9.98e+06	9.89325e+06	9.89e+06	9.78675e+06	
9.84775e+06	9.7855e+06	9.837e+06	9.8105e+06	9.7595e+06	
9.7395e+06	9.63475e+06	9.7135e+06	9.546e+06	9.503e+06	
9.59125e+06	9.6095e+06	9.52825e+06	9.53575e+06	9.5805e+06	
9.512e+06	9.46075e+06	9.5345e+06	9.5315e+06	9.45025e+06	
9.7375e+06	9.73375e+06	9.68275e+06	9.73875e+06	9.64675e+06	
9.9965e+06	9.95875e+06	9.97075e+06	9.94225e+06	9.902e+06	
1.01602e+07	1.00048e+07	9.97075e+06	1.00242e+07	9.888e+06	
1.0004e+07	9.992e+06	9.912e+06	1.00848e+07	9.9675e+06	
1.0181e+07	9.99575e+06	1.0118e+07	1.01735e+07	9.9775e+06	
1.03242e+07	1.03135e+07	1.02982e+07	1.0287e+07	1.02108e+07	
1.04452e+07	1.04098e+07	1.0326e+07	1.04798e+07	1.02895e+07	
1.04275e+07	1.03078e+07	1.03612e+07	1.042e+07	1.03795e+07	
1.04338e+07	1.0323e+07	1.04672e+07	1.043e+07	1.0282e+07	
1.04918e+07	1.04192e+07	1.0396e+07	1.0425e+07	1.03588e+07	
1.05535e+07	1.0452e+07	1.04495e+07	1.04388e+07	1.0352e+07	
1.03872e+07	1.03745e+07	1.0471e+07	1.04268e+07	1.0299e+07	
1.0619e+07	1.04268e+07	1.05415e+07	1.06015e+07	1.05422e+07	
1.06122e+07	1.06148e+07	1.03902e+07	1.06368e+07	1.05182e+07	
1.0621e+07	1.04835e+07	1.04532e+07	1.05385e+07	1.04358e+07	
1.04465e+07	1.02328e+07	1.02468e+07	1.02705e+07	1.02485e+07	
1.01652e+07	1.0246e+07	1.00935e+07	1.02315e+07	1.01275e+07	
1.01755e+07	1.0181e+07	1.02082e+07	1.0139e+07	1.01118e+07	
1.03848e+07	1.0343e+07	1.03782e+07	1.04805e+07	1.03835e+07	
1.04005e+07	1.04905e+07	1.03355e+07	1.05145e+07	1.0352e+07	
1.04382e+07	1.02982e+07	1.04565e+07	1.04255e+07	1.0314e+07	
1.02888e+07	1.02082e+07	1.02655e+07	1.03342e+07	1.0101e+07	
1.01792e+07	1.0159e+07	1.01615e+07	1.0035e+07	1.0069e+07	
1.00508e+07	9.924e+06	1.00525e+07	1.0125e+07	9.94425e+06	
1.01325e+07	9.9965e+06	1.00135e+07	1.01055e+07	1.00028e+07	
1.0043e+07	9.9215e+06	1.00135e+07	9.951e+06	9.888e+06	
1.00078e+07	9.9285e+06	9.977e+06	1.00115e+07	9.85225e+06	
1.00942e+07	9.9695e+06	9.97325e+06	1.01365e+07	1.00338e+07	
1.03638e+07	1.03152e+07	1.03152e+07	1.0304e+07	1.01325e+07	
1.04288e+07	1.04262e+07	1.03248e+07	1.03632e+07	1.0239e+07	
1.04308e+07	1.03505e+07	1.0316e+07	1.03708e+07	1.03808e+07	
1.04255e+07	1.0236e+07	1.02472e+07	1.03848e+07	1.02568e+07	
1.02202e+07	1.0159e+07	1.0127e+07	1.0214e+07	1.00338e+07	
1.04358e+07	1.03625e+07	1.03045e+07	1.0304e+07	1.03255e+07	
1.04482e+07	1.0442e+07	1.03872e+07	1.04822e+07	1.04615e+07	
1.0716e+07	1.05768e+07	1.05012e+07	1.04938e+07	1.05228e+07	
1.08382e+07	1.0832e+07	1.08378e+07	1.0846e+07	1.07842e+07	
1.08365e+07	1.07015e+07	1.08075e+07	1.08485e+07	1.06902e+07	
1.09128e+07	1.08825e+07	1.0919e+07	1.10462e+07	1.09108e+07	
1.08308e+07	1.06712e+07	1.07085e+07	1.06878e+07	1.0529e+07	
1.06778e+07	1.06935e+07	1.06418e+07	1.08738e+07	1.05568e+07	
1.05925e+07	1.05452e+07	1.0515e+07	1.06015e+07	1.0495e+07	
1.04715e+07	1.03952e+07	1.03952e+07	1.04602e+07	1.02738e+07	
1.03665e+07	1.03778e+07	1.0386e+07	1.0432e+07	1.03032e+07	
1.0357e+07	1.03475e+07	1.03815e+07	1.04805e+07	1.03065e+07	
1.08762e+07	1.0733e+07	1.074e+07	1.0812e+07	1.06782e+07	
1.09562e+07	1.0762e+07	1.07975e+07	1.07892e+07	1.07395e+07	
1.08328e+07	1.07702e+07	1.08092e+07	1.07918e+07	1.07048e+07	
1.07772e+07	1.0648e+07	1.06712e+07	1.0621e+07	1.06425e+07	
1.05912e+07	1.06758e+07	1.06185e+07	1.0677e+07	1.05372e+07	
1.06885e+07	1.0619e+07	1.06178e+07	1.0674e+07	1.05452e+07	
1.0795e+07	1.07532e+07	1.07445e+07	1.0766e+07	1.06978e+07	
1.09902e+07	1.08862e+07	1.09235e+07	1.10218e+07	1.08672e+07	
1.0854e+07	1.0844e+07	1.08025e+07	1.08478e+07	1.0759e+07	
1.08042e+07	1.07922e+07	1.07028e+07	1.08738e+07	1.06222e+07	
1.08705e+07	1.08308e+07	1.07735e+07	1.08112e+07	1.07975e+07	
1.06438e+07	1.0619e+07	1.06398e+07	1.0667e+07	1.05912e+07	
1.06202e+07	1.05208e+07	1.06248e+07	1.051e+07	1.05e+07	
1.0633e+07	1.06015e+07	1.05465e+07	1.06462e+07	1.03992e+07	
1.04798e+07	1.03715e+07	1.044e+07	1.05108e+07	1.0415e+07	
1.04218e+07	1.03545e+07	1.03682e+07	1.02638e+07	1.0268e+07	
1.05402e+07	1.0323e+07	1.0348e+07	1.03608e+07	1.03745e+07	
1.05858e+07	1.0391e+07	1.04602e+07	1.04772e+07	1.03462e+07	
1.06108e+07	1.05622e+07	1.05812e+07	1.07532e+07	1.0621e+07	
1.06222e+07	1.0534e+07	1.05435e+07	1.06355e+07	1.05348e+07	
1.05568e+07	1.05132e+07	1.0408e+07	1.05585e+07	1.03072e+07	
1.00752e+07	1.00148e+07	1.0026e+07	1.01572e+07	1.00192e+07	
9.7325e+06	9.55975e+06	9.592e+06	9.64925e+06	9.64175e+06	
9.49175e+06	9.382e+06	9.45825e+06	9.43575e+06	9.36325e+06	
9.48475e+06	9.50375e+06	9.52125e+06	9.58875e+06	9.416e+06	
9.8e+06	9.66875e+06	9.7395e+06	9.67e+06	9.6965e+06	
9.79475e+06	9.6725e+06	9.72375e+06	9.82575e+06	9.67775e+06	
9.849e+06	9.73625e+06	9.721e+06	9.796e+06	9.71675e+06	
1.00588e+07	9.96875e+06	1.00235e+07	1.00525e+07	9.938e+06	
1.01792e+07	1.01155e+07	1.01622e+07	1.01075e+07	1.01068e+07	
1.04578e+07	1.03178e+07	1.04465e+07	1.04218e+07	1.03052e+07	
1.06002e+07	1.0539e+07	1.05415e+07	1.06682e+07	1.04242e+07	
1.0776e+07	1.06108e+07	1.05592e+07	1.07002e+07	1.05422e+07	
1.07458e+07	1.06935e+07	1.067e+07	1.07425e+07	1.06348e+07	
1.08378e+07	1.0687e+07	1.0689e+07	1.07778e+07	1.0708e+07	
1.08448e+07	1.07898e+07	1.08225e+07	1.09145e+07	1.0762e+07	
1.09965e+07	1.09065e+07	1.08345e+07	1.0979e+07	1.07672e+07	
1.1011e+07	1.08705e+07	1.08585e+07	1.09315e+07	1.08705e+07	
1.08018e+07	1.08618e+07	1.07652e+07	1.07438e+07	1.06165e+07	
1.07772e+07	1.0769e+07	1.08075e+07	1.0677e+07	1.06368e+07	
1.08502e+07	1.06575e+07	1.06752e+07	1.06555e+07	1.06815e+07	
1.0907e+07	1.0972e+07	1.09298e+07	1.0941e+07	1.08088e+07	
1.12878e+07	1.1197e+07	1.12405e+07	1.11485e+07	1.09372e+07	
1.13708e+07	1.13022e+07	1.12115e+07	1.12878e+07	1.11962e+07	
1.12712e+07	1.11892e+07	1.13582e+07	1.13048e+07	1.12062e+07	
1.13708e+07	1.12352e+07	1.12692e+07	1.13608e+07	1.11792e+07	
1.15e+07	1.1209e+07	1.12025e+07	1.1386e+07	1.12518e+07	
1.13338e+07	1.12315e+07	1.12145e+07	1.13728e+07	1.11522e+07	
1.10652e+07	1.08912e+07	1.10942e+07	1.10098e+07	1.09808e+07	
1.0708e+07	1.06305e+07	1.06732e+07	1.07122e+07	1.06368e+07	
1.03292e+07	1.0205e+07	1.02535e+07	1.04022e+07	1.01855e+07	
1.0413e+07	1.03368e+07	1.03865e+07	1.0333e+07	1.02472e+07	
1.04988e+07	1.05498e+07	1.0595e+07	1.06002e+07	1.03702e+07	
1.0764e+07	1.0764e+07	1.08038e+07	1.06972e+07	1.0757e+07	
1.09795e+07	1.0917e+07	1.09675e+07	1.1006e+07	1.09908e+07	
1.12278e+07	1.11932e+07	1.12215e+07	1.12115e+07	1.10828e+07	
1.14092e+07	1.13942e+07	1.14338e+07	1.1381e+07	1.1323e+07	
1.15468e+07	1.14652e+07	1.1464e+07	1.15688e+07	1.14598e+07	
1.14188e+07	1.15145e+07	1.13852e+07	1.15265e+07	1.13052e+07	
1.14772e+07	1.14155e+07	1.1408e+07	1.13998e+07	1.13785e+07	
1.13822e+07	1.14338e+07	1.13222e+07	1.14408e+07	1.1408e+07	
1.1599e+07	1.16128e+07	1.15152e+07	1.15668e+07	1.15088e+07	
1.16488e+07	1.1691e+07	1.16185e+07	1.16632e+07	1.15258e+07	
1.166e+07	1.16438e+07	1.1616e+07	1.1752e+07	1.16085e+07	
1.16405e+07	1.16802e+07	1.16815e+07	1.1662e+07	1.1495e+07	
1.14035e+07	1.13185e+07	1.1321e+07	1.1413e+07	1.1277e+07	
1.12448e+07	1.09758e+07	1.10748e+07	1.12592e+07	1.09682e+07	
1.11025e+07	1.09795e+07	1.096e+07	1.09732e+07	1.08982e+07	
1.10678e+07	1.0989e+07	1.10432e+07	1.1125e+07	1.09435e+07	
1.1195e+07	1.118e+07	1.11402e+07	1.11378e+07	1.11062e+07	
1.12102e+07	1.11918e+07	1.11918e+07	1.12758e+07	1.10852e+07	
1.12795e+07	1.11842e+07	1.12158e+07	1.12152e+07	1.11528e+07	
1.12928e+07	1.1234e+07	1.12102e+07	1.13218e+07	1.1081e+07	
1.1505e+07	1.13442e+07	1.13462e+07	1.1343e+07	1.12285e+07	
1.1536e+07	1.1478e+07	1.15108e+07	1.1449e+07	1.14295e+07	
1.15522e+07	1.1611e+07	1.15705e+07	1.16745e+07	1.1544e+07	
1.15655e+07	1.15025e+07	1.14362e+07	1.15485e+07	1.14652e+07	
1.13802e+07	1.13512e+07	1.13508e+07	1.14362e+07	1.1311e+07	
1.13392e+07	1.11528e+07	1.12562e+07	1.12075e+07	1.10985e+07	
1.12435e+07	1.11365e+07	1.12535e+07	1.11875e+07	1.10948e+07	
1.12568e+07	1.1197e+07	1.11655e+07	1.12182e+07	1.11195e+07	
1.12662e+07	1.11088e+07	1.12025e+07	1.12978e+07	1.1168e+07	
1.13148e+07	1.128e+07	1.13235e+07	1.1355e+07	1.12398e+07	
1.13608e+07	1.11552e+07	1.13758e+07	1.1415e+07	1.12908e+07	
1.14125e+07	1.1195e+07	1.1197e+07	1.12878e+07	1.12498e+07	
1.12592e+07	1.13222e+07	1.13028e+07	1.13152e+07	1.11918e+07	
1.1159e+07	1.10765e+07	1.1188e+07	1.11005e+07	1.10608e+07	
1.1025e+07	1.09215e+07	1.09235e+07	1.09908e+07	1.08382e+07	
1.0938e+07	1.07545e+07	1.07842e+07	1.08668e+07	1.07268e+07	
1.0887e+07	1.08528e+07	1.07072e+07	1.07312e+07	1.06708e+07	
1.08042e+07	1.08498e+07	1.0808e+07	1.08382e+07	1.07752e+07	
1.08862e+07	1.07445e+07	1.08805e+07	1.09265e+07	1.08132e+07	
1.10462e+07	1.09782e+07	1.09488e+07	1.09285e+07	1.08912e+07	
1.10798e+07	1.0854e+07	1.09222e+07	1.09832e+07	1.08958e+07	
1.0982e+07	1.09472e+07	1.0895e+07	1.08452e+07	1.08605e+07	
1.10998e+07	1.09802e+07	1.09392e+07	1.10475e+07	1.0909e+07	
1.09315e+07	1.08365e+07	1.09185e+07	1.0929e+07	1.06985e+07	
1.11478e+07	1.09952e+07	1.09638e+07	1.10242e+07	1.09202e+07	
1.1188e+07	1.10412e+07	1.11005e+07	1.10458e+07	1.09435e+07	
1.11308e+07	1.1084e+07	1.11088e+07	1.11275e+07	1.1057e+07	
1.10735e+07	1.10135e+07	1.09782e+07	1.1142e+07	1.10085e+07	
1.11018e+07	1.11155e+07	1.11692e+07	1.11445e+07	1.12008e+07	
1.1246e+07	1.12468e+07	1.11792e+07	1.12522e+07	1.1173e+07	
1.12208e+07	1.10835e+07	1.10288e+07	1.10525e+07	1.10105e+07	
1.11735e+07	1.11528e+07	1.09202e+07	1.10735e+07	1.10632e+07	
1.12278e+07	1.10205e+07	1.1154e+07	1.1178e+07	1.10822e+07	
1.11982e+07	1.10325e+07	1.0871e+07	1.09965e+07	1.0917e+07	
1.111e+07	1.10992e+07	1.10652e+07	1.10462e+07	1.0984e+07	
1.09435e+07	1.08042e+07	1.09372e+07	1.09265e+07	1.07728e+07	
1.07172e+07	1.08012e+07	1.0776e+07	1.0856e+07	1.07388e+07	
1.09675e+07	1.06998e+07	1.07502e+07	1.08605e+07	1.07785e+07	
1.09712e+07	1.07338e+07	1.08332e+07	1.09878e+07	1.08132e+07	
1.09575e+07	1.09095e+07	1.09265e+07	1.10105e+07	1.08958e+07	
1.09298e+07	1.09082e+07	1.09178e+07	1.09278e+07	1.08685e+07	
1.09418e+07	1.09782e+07	1.09542e+07	1.09455e+07	1.0834e+07	
1.10992e+07	1.09115e+07	1.09202e+07	1.09952e+07	1.08738e+07	
1.10242e+07	1.10682e+07	1.09808e+07	1.1045e+07	1.09342e+07	
1.0938e+07	1.0904e+07	1.0914e+07	1.10628e+07	1.08528e+07	
1.0972e+07	1.09538e+07	1.09398e+07	1.08818e+07	1.08422e+07	
1.09265e+07	1.08528e+07	1.0875e+07	1.08982e+07	1.07212e+07	
1.09335e+07	1.0856e+07	1.08755e+07	1.09302e+07	1.0871e+07	
1.10645e+07	1.0919e+07	1.0955e+07	1.10728e+07	1.08672e+07	
1.11188e+07	1.09215e+07	1.08395e+07	1.09985e+07	1.0883e+07	
1.09505e+07	1.07482e+07	1.09708e+07	1.0866e+07	1.08025e+07	
1.103e+07	1.08212e+07	1.08e+07	1.08692e+07	1.0873e+07	
1.10255e+07	1.08962e+07	1.09285e+07	1.08842e+07	1.07752e+07	
1.09575e+07	1.0866e+07	1.0871e+07	1.08838e+07	1.0728e+07	
1.09708e+07	1.08775e+07	1.07722e+07	1.09248e+07	1.09082e+07	
1.10392e+07	1.09882e+07	1.10432e+07	1.09998e+07	1.07975e+07	
1.1108e+07	1.10665e+07	1.10305e+07	1.1108e+07	1.09248e+07	
1.11068e+07	1.1108e+07	1.09058e+07	1.10275e+07	1.08938e+07	
1.12365e+07	1.1001e+07	1.10035e+07	1.10678e+07	1.09518e+07	
1.09272e+07	1.07885e+07	1.07648e+07	1.07942e+07	1.07255e+07	
1.0984e+07	1.0747e+07	1.0827e+07	1.09228e+07	1.08402e+07	
1.07868e+07	1.06512e+07	1.06582e+07	1.07438e+07	1.0595e+07	
1.06612e+07	1.06795e+07	1.0655e+07	1.06178e+07	1.0449e+07	
1.07225e+07	1.06032e+07	1.0563e+07	1.07122e+07	1.05472e+07	
1.06845e+07	1.06355e+07	1.0587e+07	1.05605e+07	1.05232e+07	
1.06728e+07	1.05768e+07	1.0553e+07	1.04835e+07	1.04622e+07	
1.06222e+07	1.0403e+07	1.07092e+07	1.05995e+07	1.05845e+07	
1.04558e+07	1.02862e+07	1.03922e+07	1.03612e+07	1.02945e+07	
1.0425e+07	1.03322e+07	1.0253e+07	1.04098e+07	1.03272e+07	
1.0265e+07	1.02075e+07	1.03015e+07	1.02945e+07	1.02032e+07	
1.04755e+07	1.02862e+07	1.02428e+07	1.02548e+07	1.0248e+07	
1.03255e+07	1.02638e+07	1.0384e+07	1.0386e+07	1.0333e+07	
1.06682e+07	1.04412e+07	1.04742e+07	1.04635e+07	1.04702e+07	
1.07375e+07	1.05598e+07	1.05895e+07	1.05978e+07	1.0532e+07	
1.0679e+07	1.07292e+07	1.06505e+07	1.06318e+07	1.06065e+07	
1.0682e+07	1.05422e+07	1.06348e+07	1.0631e+07	1.04988e+07	
1.05188e+07	1.04125e+07	1.04092e+07	1.0437e+07	1.0384e+07	
1.04938e+07	1.05792e+07	1.05315e+07	1.05978e+07	1.0415e+07	
1.06732e+07	1.05668e+07	1.05045e+07	1.0641e+07	1.05958e+07	
1.06688e+07	1.06728e+07	1.06032e+07	1.07188e+07	1.0493e+07	
1.07048e+07	1.06438e+07	1.06165e+07	1.0694e+07	1.05058e+07	
1.0696e+07	1.0551e+07	1.06045e+07	1.06902e+07	1.05278e+07	
1.06355e+07	1.04855e+07	1.05018e+07	1.0592e+07	1.04325e+07	
1.05945e+07	1.06505e+07	1.04622e+07	1.05542e+07	1.0539e+07	
1.05112e+07	1.05572e+07	1.05742e+07	1.06512e+07	1.05108e+07	
1.0546e+07	1.04268e+07	1.04818e+07	1.05112e+07	1.0454e+07	
1.05112e+07	1.03608e+07	1.04098e+07	1.0532e+07	1.03248e+07	
1.0403e+07	1.03758e+07	1.04685e+07	1.04325e+07	1.02422e+07	
1.03708e+07	1.0282e+07	1.03135e+07	1.02725e+07	1.01955e+07	
1.03658e+07	1.03878e+07	1.0227e+07	1.04042e+07	1.02422e+07	
1.0449e+07	1.04598e+07	1.03335e+07	1.03532e+07	1.03045e+07	
1.06595e+07	1.04835e+07	1.04602e+07	1.05982e+07	1.04465e+07	
1.0648e+07	1.051e+07	1.04478e+07	1.04992e+07	1.04358e+07	
1.05038e+07	1.04288e+07	1.04495e+07	1.04458e+07	1.03948e+07	
1.04042e+07	1.03758e+07	1.03952e+07	1.04822e+07	1.0248e+07	
1.0384e+07	1.03222e+07	1.0287e+07	1.02352e+07	1.01995e+07	
1.03078e+07	1.02132e+07	1.03608e+07	1.04408e+07	1.02718e+07	
1.034e+07	1.03512e+07	1.0314e+07	1.03072e+07	1.0207e+07	
1.04162e+07	1.01282e+07	1.03172e+07	1.01692e+07	1.0144e+07	
1.0292e+07	1.02012e+07	1.02008e+07	1.02365e+07	1.0147e+07	
1.02315e+07	1.02285e+07	1.0193e+07	1.02178e+07	1.01585e+07	
1.0176e+07	1.00028e+07	9.99075e+06	1.00708e+07	1.0047e+07	
1.01288e+07	9.94925e+06	1.00205e+07	9.965e+06	9.81175e+06	
1.01018e+07	1.00002e+07	1.00268e+07	1.00602e+07	9.958e+06	
1.0164e+07	1.00885e+07	1.0164e+07	1.02638e+07	1.0084e+07	
1.02902e+07	1.0217e+07	1.02435e+07	1.01105e+07	1.00682e+07	
1.04275e+07	1.0471e+07	1.02202e+07	1.04055e+07	1.01805e+07	
1.0277e+07	1.02688e+07	1.02882e+07	1.03135e+07	1.02112e+07	
1.05352e+07	1.0306e+07	1.0435e+07	1.03872e+07	1.02302e+07	
1.04092e+07	1.0321e+07	1.0316e+07	1.03492e+07	1.0214e+07	
1.04205e+07	1.02568e+07	1.03682e+07	1.04098e+07	1.02215e+07	
1.03922e+07	1.02285e+07	1.03298e+07	1.03205e+07	1.03268e+07	
1.02008e+07	1.028e+07	1.0156e+07	1.034e+07	1.02108e+07	
1.03072e+07	1.01722e+07	1.02258e+07	1.01692e+07	1.01258e+07	
1.01598e+07	1.00475e+07	1.0035e+07	1.0086e+07	9.96625e+06	
1.0135e+07	1.01162e+07	1.00538e+07	1.01528e+07	1.00508e+07	
1.0178e+07	1.00922e+07	1.01112e+07	1.00865e+07	9.965e+06	
1.00558e+07	1.00198e+07	1.00582e+07	1.00835e+07	1.00318e+07	
1.01528e+07	1.00375e+07	1.01515e+07	1.01118e+07	9.93475e+06	
1.00878e+07	1.01465e+07	1.0101e+07	1.01005e+07	9.955e+06	
1.0028e+07	9.9405e+06	9.93275e+06	1.00205e+07	9.8825e+06	
1.0067e+07	9.9825e+06	9.972e+06	1.00512e+07	1.00475e+07	
9.8975e+06	9.89575e+06	9.92025e+06	9.8535e+06	9.83275e+06	
9.941e+06	9.90825e+06	9.7905e+06	9.92775e+06	9.788e+06	
9.84525e+06	9.8245e+06	9.692e+06	9.742e+06	9.7135e+06	
9.861e+06	9.808e+06	9.79925e+06	9.82325e+06	9.8055e+06	
1.00318e+07	9.8775e+06	9.94725e+06	9.94925e+06	9.878e+06	
9.87475e+06	9.96375e+06	9.934e+06	1.00142e+07	9.82375e+06	
9.984e+06	9.92075e+06	9.84775e+06	9.8925e+06	9.89325e+06	
1.00848e+07	9.934e+06	9.8565e+06	9.97125e+06	9.8535e+06	
9.95225e+06	9.93975e+06	9.86725e+06	9.94975e+06	9.9045e+06	
1.00848e+07	9.88125e+06	9.9605e+06	9.9675e+06	1.00355e+07	
1.00992e+07	9.92225e+06	9.99025e+06	1.00318e+07	9.92275e+06	
9.97625e+06	9.8655e+06	9.93475e+06	1.00652e+07	9.85525e+06	
1.00115e+07	1.00682e+07	1.00048e+07	1.00508e+07	9.955e+06	
1.01698e+07	1.00198e+07	1.0055e+07	1.0118e+07	9.8975e+06	
1.00822e+07	9.965e+06	1.00285e+07	9.963e+06	9.97825e+06	
1.00918e+07	1.00588e+07	9.96675e+06	1.00608e+07	9.95425e+06	
1.00708e+07	9.9235e+06	9.982e+06	9.93975e+06	9.8075e+06	
1.0096e+07	9.96825e+06	9.97375e+06	9.97325e+06	9.905e+06	
1.00488e+07	9.878e+06	9.902e+06	9.946e+06	9.84725e+06	
9.912e+06	9.88375e+06	9.86475e+06	9.8535e+06	9.80175e+06	
9.9455e+06	9.6895e+06	9.733e+06	9.79175e+06	9.704e+06	
9.721e+06	9.631e+06	9.7065e+06	9.6985e+06	9.5555e+06	
9.6845e+06	9.566e+06	9.5365e+06	9.55475e+06	9.46275e+06	
9.59875e+06	9.48725e+06	9.561e+06	9.58425e+06	9.51575e+06	
9.62525e+06	9.5415e+06	9.55725e+06	9.6185e+06	9.51575e+06	
9.5635e+06	9.534e+06	9.62775e+06	9.69075e+06	9.51625e+06	
9.653e+06	9.54275e+06	9.447e+06	9.546e+06	9.4835e+06	
9.53525e+06	9.47975e+06	9.62275e+06	9.5245e+06	9.4685e+06	
9.50625e+06	9.33975e+06	9.4495e+06	9.4855e+06	9.43575e+06	
9.343e+06	9.33675e+06	9.3255e+06	9.2995e+06	9.15575e+06	
9.1105e+06	8.999e+06	9.004e+06	9.03675e+06	8.859e+06	
8.80625e+06	8.77025e+06	8.9e+06	8.818e+06	8.73425e+06	
8.66825e+06	8.5395e+06	8.56675e+06	8.68775e+06	8.5125e+06	
8.462e+06	8.42925e+06	8.35925e+06	8.396e+06	8.37125e+06	
8.62225e+06	8.4135e+06	8.36625e+06	8.5415e+06	8.43825e+06	
8.75825e+06	8.54725e+06	8.6405e+06	8.6745e+06	8.5465e+06	
8.8365e+06	8.74175e+06	8.78275e+06	8.78475e+06	8.6405e+06	
8.7035e+06	8.72225e+06	8.69525e+06	8.7935e+06	8.68325e+06	
8.84075e+06	8.856e+06	8.8615e+06	8.8925e+06	8.759e+06	
8.98125e+06	8.83075e+06	8.75125e+06	8.839e+06	8.723e+06	
8.81875e+06	8.8495e+06	8.842e+06	8.8955e+06	8.78975e+06	
8.99775e+06	8.8685e+06	8.81e+06	8.86475e+06	8.764e+06	
8.914e+06	8.7545e+06	8.684e+06	8.801e+06	8.74625e+06	
8.902e+06	8.87925e+06	8.7695e+06	8.9555e+06	8.87725e+06	
8.97575e+06	8.902e+06	8.78775e+06	8.883e+06	8.825e+06	
8.8075e+06	8.74e+06	8.81425e+06	8.78275e+06	8.818e+06	
8.83375e+06	8.79725e+06	8.80675e+06	8.74125e+06	8.7475e+06	
8.844e+06	8.6985e+06	8.755e+06	8.75825e+06	8.67075e+06	
8.6915e+06	8.738e+06	8.634e+06	8.759e+06	8.658e+06	
8.74125e+06	8.60325e+06	8.69275e+06	8.62275e+06	8.69075e+06	
8.759e+06	8.655e+06	8.6555e+06	8.709e+06	8.66e+06	
8.854e+06	8.6265e+06	8.66825e+06	8.86225e+06	8.7835e+06	
8.91825e+06	8.7905e+06	8.78725e+06	8.73425e+06	8.629e+06	
8.851e+06	8.74325e+06	8.70275e+06	8.74125e+06	8.6985e+06	
8.79425e+06	8.8005e+06	8.7355e+06	8.83825e+06	8.67575e+06	
8.7615e+06	8.7155e+06	8.7665e+06	8.7955e+06	8.79475e+06	
8.76825e+06	8.6865e+06	8.72725e+06	8.78025e+06	8.72925e+06	
8.721e+06	8.612e+06	8.5775e+06	8.59875e+06	8.5e+06	
8.72175e+06	8.70525e+06	8.62725e+06	8.667e+06	8.634e+06	
8.769e+06	8.55525e+06	8.631e+06	8.76075e+06	8.5825e+06	
8.7425e+06	8.65875e+06	8.67075e+06	8.61075e+06	8.5345e+06	
8.71425e+06	8.56725e+06	8.67375e+06	8.72925e+06	8.595e+06	
8.66825e+06	8.646e+06	8.6505e+06	8.641e+06	8.58625e+06	
8.6945e+06	8.64475e+06	8.65375e+06	8.67e+06	8.592e+06	
8.67325e+06	8.43875e+06	8.561e+06	8.49875e+06	8.51175e+06	
8.64225e+06	8.648e+06	8.64675e+06	8.70225e+06	8.566e+06	
8.58e+06	8.445e+06	8.50925e+06	8.52075e+06	8.47525e+06	
8.54475e+06	8.61275e+06	8.546e+06	8.672e+06	8.54775e+06	
8.6095e+06	8.55275e+06	8.508e+06	8.44825e+06	8.4595e+06	
8.56725e+06	8.459e+06	8.4935e+06	8.53275e+06	8.41725e+06	
8.56675e+06	8.52325e+06	8.43175e+06	8.55025e+06	8.4015e+06	
8.50425e+06	8.45325e+06	8.48675e+06	8.602e+06	8.3965e+06	
8.6655e+06	8.575e+06	8.563e+06	8.621e+06	8.55475e+06	
8.60825e+06	8.64425e+06	8.588e+06	8.6775e+06	8.59e+06	
8.66425e+06	8.67075e+06	8.6485e+06	8.60125e+06	8.6235e+06	
8.72175e+06	8.592e+06	8.56475e+06	8.687e+06	8.62525e+06	
8.61525e+06	8.58425e+06	8.6e+06	8.60325e+06	8.6605e+06	
8.78775e+06	8.65675e+06	8.69725e+06	8.7135e+06	8.605e+06	
8.72725e+06	8.73675e+06	8.5485e+06	8.621e+06	8.59625e+06	
8.62725e+06	8.6265e+06	8.711e+06	8.71025e+06	8.54075e+06	
8.59875e+06	8.51125e+06	8.60775e+06	8.62975e+06	8.51175e+06	
8.45125e+06	8.607e+06	8.5195e+06	8.59625e+06	8.498e+06	
8.631e+06	8.55775e+06	8.5515e+06	8.63025e+06	8.435e+06	
8.62225e+06	8.5295e+06	8.54025e+06	8.5775e+06	8.59325e+06	
8.64975e+06	8.4255e+06	8.488e+06	8.5275e+06	8.4015e+06	
8.50875e+06	8.4395e+06	8.508e+06	8.48725e+06	8.4615e+06	
8.45525e+06	8.365e+06	8.43375e+06	8.40675e+06	8.33225e+06	
8.55225e+06	8.377e+06	8.4545e+06	8.4185e+06	8.38775e+06	
8.42175e+06	8.43e+06	8.3795e+06	8.51575e+06	8.387e+06	
8.4355e+06	8.33975e+06	8.39275e+06	8.52325e+06	8.3895e+06	
8.428e+06	8.41975e+06	8.3045e+06	8.35925e+06	8.2925e+06	
8.39525e+06	8.384e+06	8.43625e+06	8.3985e+06	8.3725e+06	
8.30025e+06	8.278e+06	8.4035e+06	8.4135e+06	8.27925e+06	
8.44375e+06	8.36625e+06	8.37125e+06	8.3575e+06	8.22125e+06	
8.33225e+06	8.27425e+06	8.24275e+06	8.244e+06	8.2655e+06	
8.3865e+06	8.355e+06	8.31475e+06	8.384e+06	8.251e+06	
8.42425e+06	8.275e+06	8.33675e+06	8.34925e+06	8.25925e+06	
8.4275e+06	8.25475e+06	8.27125e+06	8.24475e+06	8.21875e+06	
8.3065e+06	8.2585e+06	8.241e+06	8.30325e+06	8.21625e+06	
8.302e+06	8.263e+06	8.32025e+06	8.34625e+06	8.28125e+06	
8.2775e+06	8.16725e+06	8.2805e+06	8.295e+06	8.1445e+06	
8.25475e+06	8.17525e+06	8.21625e+06	8.23025e+06	8.1445e+06	
8.2465e+06	8.17275e+06	8.04625e+06	8.13625e+06	8.01975e+06	
8.1925e+06	8.12425e+06	8.094e+06	8.18925e+06	8.09775e+06	
8.05375e+06	8.12375e+06	8.08325e+06	8.0505e+06	8.01725e+06	
8.20825e+06	8.07325e+06	8.11225e+06	8.101e+06	8.0215e+06	
8.091e+06	8.19625e+06	8.2e+06	8.222e+06	8.1085e+06	
8.1395e+06	8.03475e+06	8.057e+06	8.17525e+06	8.04625e+06	
8.077e+06	8.043e+06	8.02925e+06	7.98875e+06	7.97825e+06	
7.99775e+06	7.9965e+06	8.0305e+06	7.99125e+06	7.91e+06	
7.92775e+06	7.8465e+06	7.8685e+06	7.8565e+06	7.81925e+06	
7.85525e+06	7.76e+06	7.9295e+06	7.93975e+06	7.7495e+06	
7.89925e+06	7.8155e+06	7.852e+06	7.9655e+06	7.8565e+06	
7.93275e+06	7.859e+06	7.8495e+06	7.9705e+06	7.82e+06	
7.94725e+06	7.94525e+06	7.94225e+06	7.8925e+06	7.84025e+06	
8.033e+06	7.93975e+06	7.93025e+06	8.10475e+06	7.94725e+06	
8.0045e+06	7.98325e+06	8.014e+06	7.965e+06	7.87725e+06	
8.0165e+06	7.8495e+06	7.849e+06	8.057e+06	7.8755e+06	
8.0545e+06	7.91575e+06	7.89675e+06	8.14e+06	8.01225e+06	
8.067e+06	7.9825e+06	7.917e+06	8.0505e+06	7.8975e+06	
8.14375e+06	7.90825e+06	8.0015e+06	8.065e+06	8.077e+06	
8.1445e+06	8.02675e+06	8.06125e+06	7.99775e+06	7.97375e+06	
8.0285e+06	8.0015e+06	8.06825e+06	8.0625e+06	8.0235e+06	
8.0385e+06	7.9995e+06	8.067e+06	8.08775e+06	7.87725e+06	
8.128e+06	8.07325e+06	7.92075e+06	8.04675e+06	7.98125e+06	
7.9385e+06	7.90125e+06	7.89125e+06	7.95175e+06	7.837e+06	
8.09725e+06	7.948e+06	7.9295e+06	8.0015e+06	7.8395e+06	
7.86025e+06	7.837e+06	7.82125e+06	7.90625e+06	7.873e+06	
7.79475e+06	7.85725e+06	7.8205e+06	7.8785e+06	7.70275e+06	
7.84075e+06	7.82125e+06	7.8545e+06	7.8875e+06	7.779e+06	
7.78275e+06	7.8055e+06	7.72225e+06	7.81925e+06	7.728e+06	
7.83825e+06	7.7745e+06	7.7495e+06	7.764e+06	7.7065e+06	
7.6845e+06	7.6775e+06	7.7065e+06	7.74125e+06	7.6895e+06	
7.697e+06	7.59175e+06	7.63525e+06	7.6555e+06	7.57675e+06	
7.72225e+06	7.61325e+06	7.5755e+06	7.52875e+06	7.41175e+06	
7.6165e+06	7.58625e+06	7.57725e+06	7.5655e+06	7.5515e+06	
7.5245e+06	7.459e+06	7.5105e+06	7.66375e+06	7.508e+06	
7.44e+06	7.501e+06	7.4325e+06	7.50625e+06	7.45775e+06	
7.45375e+06	7.4445e+06	7.481e+06	7.409e+06	7.418e+06	
7.5925e+06	7.58375e+06	7.5155e+06	7.534e+06	7.3945e+06	
7.547e+06	7.484e+06	7.4065e+06	7.445e+06	7.44325e+06	
7.5755e+06	7.47225e+06	7.51175e+06	7.5535e+06	7.508e+06	
7.416e+06	7.40275e+06	7.353e+06	7.48475e+06	7.3695e+06	
7.46825e+06	7.329e+06	7.41425e+06	7.4185e+06	7.341e+06	
7.3145e+06	7.20925e+06	7.319e+06	7.191e+06	7.28125e+06	
7.29075e+06	7.1595e+06	7.21825e+06	7.22825e+06	7.22375e+06	
7.159e+06	7.20425e+06	7.1785e+06	7.19425e+06	7.17275e+06	
7.25925e+06	7.3335e+06	7.2465e+06	7.2635e+06	7.1855e+06	
7.22375e+06	7.20675e+06	7.26225e+06	7.2655e+06	7.145e+06	
7.24025e+06	7.2175e+06	7.19925e+06	7.17225e+06	7.15275e+06	
7.15775e+06	7.1135e+06	7.1225e+06	7.17025e+06	7.17975e+06	
7.225e+06	7.089e+06	7.22775e+06	7.22625e+06	7.23325e+06	
7.23025e+06	7.24725e+06	7.1305e+06	7.14625e+06	7.1035e+06	
7.12675e+06	7.08525e+06	7.05625e+06	7.12625e+06	7.0505e+06	
7.2005e+06	7.1225e+06	7.0675e+06	7.0265e+06	7.0555e+06	
7.0115e+06	7.02225e+06	7.0455e+06	7.0645e+06	7.014e+06	
7.08975e+06	7.09975e+06	6.9435e+06	7.104e+06	6.93075e+06	
7.09975e+06	7.08025e+06	6.9995e+06	7.0095e+06	6.97175e+06	
7.13375e+06	7.01075e+06	7.0405e+06	7.055e+06	6.9845e+06	
7.15275e+06	7.01775e+06	7.041e+06	7.08975e+06	7.0385e+06	
7.01775e+06	6.92775e+06	7.0135e+06	7.024e+06	6.90825e+06	
6.966e+06	6.9775e+06	6.956e+06	6.99775e+06	6.93325e+06	
7.038e+06	7.016e+06	7.00575e+06	7.08525e+06	6.9265e+06	
6.9465e+06	7.014e+06	6.9175e+06	7.031e+06	6.97675e+06	
7.05175e+06	6.91625e+06	6.869e+06	7.01275e+06	6.941e+06	
7.00075e+06	6.88175e+06	6.97625e+06	6.94725e+06	6.95725e+06	
7.02275e+06	6.9365e+06	6.801e+06	6.95425e+06	6.86025e+06	
6.97425e+06	6.917e+06	6.89925e+06	6.9605e+06	6.803e+06	
6.9605e+06	6.96225e+06	6.864e+06	6.84775e+06	6.774e+06	
6.96875e+06	6.89375e+06	6.97425e+06	6.85075e+06	6.777e+06	
6.95225e+06	6.91375e+06	6.912e+06	6.9705e+06	6.881e+06	
6.91625e+06	6.83575e+06	6.81675e+06	6.866e+06	6.84525e+06	
6.95675e+06	6.8635e+06	6.861e+06	6.8805e+06	6.94025e+06	
6.9145e+06	6.91375e+06	6.79775e+06	6.9195e+06	6.782e+06	
6.8905e+06	6.8055e+06	6.92e+06	6.84325e+06	6.83625e+06	
6.93525e+06	6.85975e+06	6.9e+06	6.83625e+06	6.83825e+06	
6.92775e+06	6.832e+06	6.806e+06	6.84075e+06	6.728e+06	
6.75875e+06	6.7715e+06	6.658e+06	6.76575e+06	6.71275e+06	
6.74875e+06	6.79775e+06	6.726e+06	6.7425e+06	6.77825e+06	
6.7745e+06	6.61125e+06	6.62575e+06	6.64925e+06	6.49425e+06	
6.59675e+06	6.622e+06	6.68375e+06	6.6945e+06	6.6995e+06	
6.583e+06	6.564e+06	6.6e+06	6.5395e+06	6.57725e+06	
6.6145e+06	6.622e+06	6.544e+06	6.54325e+06	6.5105e+06	
6.63225e+06	6.53325e+06	6.491e+06	6.51925e+06	6.46775e+06	
6.5665e+06	6.576e+06	6.5175e+06	6.49025e+06	6.544e+06	
6.4815e+06	6.46125e+06	6.48475e+06	6.49425e+06	6.42475e+06	
6.56525e+06	6.5495e+06	6.58675e+06	6.55025e+06	6.52e+06	
6.44e+06	6.5205e+06	6.5395e+06	6.547e+06	6.401e+06	
6.552e+06	6.59375e+06	6.4955e+06	6.45575e+06	6.4425e+06	
6.48275e+06	6.484e+06	6.4745e+06	6.54325e+06	6.382e+06	
6.38125e+06	6.4645e+06	6.46575e+06	6.45575e+06	6.34925e+06	
6.46075e+06	6.4745e+06	6.4865e+06	6.452e+06	6.4645e+06	
6.45125e+06	6.358e+06	6.37125e+06	6.51e+06	6.36875e+06	
6.44825e+06	6.37075e+06	6.324e+06	6.34925e+06	6.32775e+06	
6.33925e+06	6.2805e+06	6.2855e+06	6.3895e+06	6.27475e+06	
6.3285e+06	6.3435e+06	6.31525e+06	6.3945e+06	6.18025e+06	
6.29875e+06	6.23525e+06	6.2755e+06	6.23775e+06	6.1985e+06	
6.312e+06	6.20375e+06	6.28675e+06	6.23125e+06	6.113e+06	
6.2105e+06	6.196e+06	6.1715e+06	6.2345e+06	6.1155e+06	
6.1665e+06	6.09275e+06	6.12675e+06	6.14125e+06	6.1065e+06	
6.11425e+06	6.002e+06	6.13925e+06	6.096e+06	6.07075e+06	
6.08575e+06	6.03975e+06	6.04725e+06	6.11175e+06	6.0645e+06	
6.11225e+06	5.92825e+06	6.096e+06	6.06575e+06	5.995e+06	
6.12625e+06	6.00525e+06	5.94775e+06	6.002e+06	5.951e+06	
5.97175e+06	6.00775e+06	5.96925e+06	5.9805e+06	5.8735e+06	
5.968e+06	5.932e+06	5.90125e+06	5.9465e+06	5.87725e+06	
5.9365e+06	5.89925e+06	5.82875e+06	5.85825e+06	5.80975e+06	
5.93075e+06	5.86525e+06	5.78525e+06	5.85575e+06	5.76125e+06	
5.79525e+06	5.78525e+06	5.794e+06	5.816e+06	5.74425e+06	
5.8565e+06	5.8495e+06	5.859e+06	5.91625e+06	5.772e+06	
5.925e+06	5.8205e+06	5.79225e+06	5.91825e+06	5.8545e+06	
5.97875e+06	5.87725e+06	5.91375e+06	5.81725e+06	5.91075e+06	
5.956e+06	5.87275e+06	5.93825e+06	5.86025e+06	5.8935e+06	
5.888e+06	5.82e+06	5.83825e+06	5.7675e+06	5.80225e+06	
5.808e+06	5.86725e+06	5.7815e+06	5.87775e+06	5.7745e+06	
5.876e+06	5.859e+06	5.77325e+06	5.927e+06	5.8255e+06	
5.9245e+06	5.80675e+06	5.84625e+06	5.893e+06	5.88675e+06	
5.90925e+06	5.83125e+06	5.854e+06	5.8805e+06	5.81225e+06	
5.95975e+06	5.83875e+06	5.8955e+06	5.9685e+06	5.8425e+06	
5.854e+06	5.85575e+06	5.79025e+06	5.82375e+06	5.78975e+06	
5.7745e+06	5.6995e+06	5.8595e+06	5.833e+06	5.77825e+06	
5.8105e+06	5.7425e+06	5.731e+06	5.68e+06	5.71475e+06	
5.818e+06	5.658e+06	5.72975e+06	5.74925e+06	5.6435e+06	
5.60375e+06	5.64775e+06	5.641e+06	5.72275e+06	5.627e+06	
5.561e+06	5.59675e+06	5.47325e+06	5.50425e+06	5.486e+06	
5.4255e+06	5.36125e+06	5.358e+06	5.44675e+06	5.314e+06	
5.24525e+06	5.1745e+06	5.179e+06	5.14625e+06	5.10525e+06	
5.06125e+06	5.077e+06	4.983e+06	5.0435e+06	5.0045e+06	
5.00075e+06	4.98e+06	4.96425e+06	5.0505e+06	4.9925e+06	
5.2035e+06	5.17025e+06	5.0605e+06	5.1325e+06	5.04425e+06	
5.256e+06	5.2325e+06	5.24825e+06	5.2175e+06	5.157e+06	
5.331e+06	5.28175e+06	5.33525e+06	5.38325e+06	5.26725e+06	
5.44925e+06	5.40025e+06	5.39775e+06	5.47075e+06	5.358e+06	
5.51875e+06	5.49275e+06	5.5255e+06	5.445e+06	5.43875e+06	
5.61125e+06	5.54775e+06	5.5105e+06	5.51625e+06	5.47075e+06	
5.52e+06	5.501e+06	5.52125e+06	5.51625e+06	5.5125e+06	
5.612e+06	5.5495e+06	5.5255e+06	5.58225e+06	5.51175e+06	
5.549e+06	5.5155e+06	5.49025e+06	5.65675e+06	5.542e+06	
5.644e+06	5.593e+06	5.5855e+06	5.6095e+06	5.498e+06	
5.5905e+06	5.59175e+06	5.66225e+06	5.58225e+06	5.5495e+06	
5.603e+06	5.56725e+06	5.629e+06	5.53825e+06	5.52125e+06	
5.64775e+06	5.5255e+06	5.54775e+06	5.59125e+06	5.48275e+06	
5.60625e+06	5.588e+06	5.5615e+06	5.59175e+06	5.566e+06	
5.63325e+06	5.61075e+06	5.56025e+06	5.5685e+06	5.57925e+06	
5.6485e+06	5.566e+06	5.62525e+06	5.634e+06	5.552e+06	
5.64225e+06	5.53575e+06	5.656e+06	5.54525e+06	5.58475e+06	
5.542e+06	5.5375e+06	5.57675e+06	5.622e+06	5.5375e+06	
5.61575e+06	5.477e+06	5.4625e+06	5.5495e+06	5.46575e+06	
5.559e+06	5.5805e+06	5.49725e+06	5.511e+06	5.532e+06	
5.58675e+06	5.49475e+06	5.47525e+06	5.472e+06	5.411e+06	
5.5155e+06	5.5425e+06	5.53625e+06	5.452e+06	5.4375e+06	
5.54575e+06	5.423e+06	5.51925e+06	5.55075e+06	5.49975e+06	
5.53125e+06	5.4985e+06	5.58675e+06	5.4765e+06	5.48025e+06	
5.51175e+06	5.4405e+06	5.4455e+06	5.4965e+06	5.4185e+06	
5.55575e+06	5.452e+06	5.46825e+06	5.5225e+06	5.41475e+06	
5.5225e+06	5.46575e+06	5.45125e+06	5.47825e+06	5.48475e+06	
5.39775e+06	5.46775e+06	5.455e+06	5.5035e+06	5.45325e+06	
5.49925e+06	5.4815e+06	5.51175e+06	5.49925e+06	5.43925e+06	
5.431e+06	5.49525e+06	5.39825e+06	5.4425e+06	5.3555e+06	
5.49975e+06	5.40775e+06	5.38075e+06	5.414e+06	5.423e+06	
5.45325e+06	5.41975e+06	5.41725e+06	5.4235e+06	5.39025e+06	
5.42475e+06	5.3825e+06	5.30825e+06	5.431e+06	5.3605e+06	
5.41475e+06	5.43475e+06	5.4335e+06	5.431e+06	5.385e+06	
5.392e+06	5.39775e+06	5.368e+06	5.351e+06	5.37825e+06	
5.4405e+06	5.377e+06	5.3025e+06	5.40525e+06	5.3795e+06	
5.3555e+06	5.4115e+06	5.33975e+06	5.3125e+06	5.32025e+06	
5.4115e+06	5.45625e+06	5.38125e+06	5.40075e+06	5.276e+06	
5.4065e+06	5.375e+06	5.3265e+06	5.392e+06	5.36425e+06	
5.30075e+06	5.2925e+06	5.3415e+06	5.3435e+06	5.3365e+06	
5.38575e+06	5.322e+06	5.2785e+06	5.339e+06	5.28675e+06	
5.33275e+06	5.26925e+06	5.2975e+06	5.36675e+06	5.242e+06	
5.28675e+06	5.20175e+06	5.25525e+06	5.271e+06	5.24775e+06	
5.3045e+06	5.21425e+06	5.235e+06	5.273e+06	5.24275e+06	
5.336e+06	5.208e+06	5.20225e+06	5.29825e+06	5.31075e+06	
5.2495e+06	5.22325e+06	5.157e+06	5.26525e+06	5.145e+06	
5.276e+06	5.203e+06	5.2875e+06	5.235e+06	5.22575e+06	
5.2925e+06	5.22825e+06	5.20625e+06	5.196e+06	5.17075e+06	
5.18525e+06	5.237e+06	5.1885e+06	5.29425e+06	5.201e+06	
5.27175e+06	5.20475e+06	5.23775e+06	5.27675e+06	5.21125e+06	
5.30125e+06	5.18225e+06	5.14575e+06	5.2075e+06	5.15325e+06	
5.2325e+06	5.19475e+06	5.19675e+06	5.19725e+06	5.1495e+06	
5.24325e+06	5.172e+06	5.2155e+06	5.1575e+06	5.15875e+06	
5.186e+06	5.17525e+06	5.213e+06	5.2345e+06	5.2055e+06	
5.10225e+06	5.109e+06	5.1115e+06	5.0845e+06	5.106e+06	
5.181e+06	5.11425e+06	5.1185e+06	5.12925e+06	5.126e+06	
5.25525e+06	5.12425e+06	5.12725e+06	5.162e+06	5.1255e+06	
5.12675e+06	5.1065e+06	5.0385e+06	5.128e+06	5.0165e+06	
5.135e+06	5.09275e+06	5.0575e+06	5.13125e+06	5.03975e+06	
5.20625e+06	5.09275e+06	5.084e+06	5.1545e+06	5.0315e+06	
5.10225e+06	5.0965e+06	5.15e+06	5.13425e+06	5.07825e+06	
5.1695e+06	5.11925e+06	5.099e+06	5.13425e+06	5.04925e+06	
5.036e+06	5.133e+06	5.09275e+06	5.0895e+06	5.07375e+06	
5.05375e+06	5.07575e+06	5.05675e+06	5.0505e+06	5.00375e+06	
5.024e+06	5.1085e+06	5.11275e+06	5.07e+06	4.98425e+06	
5.0675e+06	5.06e+06	4.97925e+06	5.002e+06	4.971e+06	
5.00825e+06	5.02075e+06	5.01575e+06	4.98675e+06	4.95025e+06	
5.012e+06	5.014e+06	4.95725e+06	4.97425e+06	4.97175e+06	
5.07375e+06	5.04675e+06	5.0385e+06	5.0505e+06	4.97925e+06	
5.0335e+06	5.03275e+06	5.0365e+06	5.009e+06	4.98125e+06	
4.94075e+06	5.00125e+06	4.93575e+06	5.0365e+06	4.89475e+06	
5.05625e+06	5.03475e+06	4.93275e+06	5.06425e+06	4.968e+06	
5.00125e+06	4.9365e+06	5.005e+06	5.0115e+06	4.9245e+06	
5.022e+06	4.93775e+06	4.8785e+06	4.976e+06	4.9105e+06	
4.973e+06	4.98e+06	4.9365e+06	4.963e+06	4.90625e+06	
4.983e+06	4.934e+06	4.93525e+06	4.95275e+06	4.925e+06	
4.876e+06	4.874e+06	4.82675e+06	4.8205e+06	4.847e+06	
4.95525e+06	4.91425e+06	4.87775e+06	4.84575e+06	4.748e+06	
4.92325e+06	4.80275e+06	4.84875e+06	4.867e+06	4.81175e+06	
4.78025e+06	4.83875e+06	4.72775e+06	4.81675e+06	4.79725e+06	
4.8065e+06	4.74425e+06	4.72975e+06	4.746e+06	4.7475e+06	
4.75175e+06	4.75675e+06	4.77e+06	4.7455e+06	4.731e+06	
4.77e+06	4.72275e+06	4.73725e+06	4.772e+06	4.68875e+06	
4.828e+06	4.81475e+06	4.7695e+06	4.76875e+06	4.70825e+06	
4.75675e+06	4.66975e+06	4.724e+06	4.80275e+06	4.73225e+06	
4.6995e+06	4.6655e+06	4.71025e+06	4.7235e+06	4.666e+06	
4.65675e+06	4.56475e+06	4.61825e+06	4.6685e+06	4.57475e+06	
4.54e+06	4.4505e+06	4.4255e+06	4.5345e+06	4.455e+06	
4.1885e+06	4.184e+06	4.10475e+06	4.18525e+06	4.12225e+06	
3.95475e+06	3.9755e+06	3.94325e+06	3.90875e+06	3.92125e+06	
3.88225e+06	3.77325e+06	3.7485e+06	3.7895e+06	3.77825e+06	
3.85075e+06	3.816e+06	3.82725e+06	3.84125e+06	3.777e+06	
3.91675e+06	3.8785e+06	3.82675e+06	3.82875e+06	3.83925e+06	
3.9035e+06	3.879e+06	3.90625e+06	3.83175e+06	3.852e+06	
3.966e+06	3.8475e+06	3.83425e+06	3.9415e+06	3.84175e+06	
3.91175e+06	3.86025e+06	3.90175e+06	3.891e+06	3.898e+06	
3.9035e+06	3.87775e+06	3.9325e+06	3.87775e+06	3.87725e+06	
3.971e+06	3.8785e+06	3.9875e+06	3.93825e+06	3.84125e+06	
4.012e+06	3.90175e+06	3.95775e+06	3.95475e+06	3.913e+06	
3.99425e+06	4.0095e+06	3.96725e+06	3.9805e+06	3.88775e+06	
3.94075e+06	3.9615e+06	4.03025e+06	3.997e+06	3.99425e+06	
4.04725e+06	4.0045e+06	4.02775e+06	4.041e+06	3.976e+06	
3.98925e+06	4.0335e+06	4.02525e+06	4.046e+06	4.039e+06	
4.143e+06	4.0605e+06	4.1525e+06	4.111e+06	4.0875e+06	
4.15575e+06	4.1205e+06	4.15e+06	4.0895e+06	4.075e+06	
4.12925e+06	4.0875e+06	4.07575e+06	4.0725e+06	4.036e+06	
4.10275e+06	4.114e+06	4.063e+06	4.04925e+06	4.06875e+06	
4.0625e+06	4.09575e+06	4.1575e+06	4.05175e+06	3.98175e+06	
4.075e+06	4.0165e+06	4.012e+06	4.06425e+06	4.0245e+06	
4.017e+06	4.022e+06	4.02075e+06	3.9905e+06	3.96925e+06	
4.024e+06	3.96925e+06	3.971e+06	4.00325e+06	3.869e+06	
4.02575e+06	4.0215e+06	3.937e+06	3.925e+06	3.90175e+06	
3.96675e+06	3.995e+06	3.983e+06	3.983e+06	3.94775e+06	
4.0095e+06	3.944e+06	3.997e+06	3.973e+06	4.0095e+06	
3.9415e+06	3.9125e+06	3.91425e+06	3.942e+06	3.9225e+06	
4.01075e+06	4.012e+06	3.94025e+06	4.02275e+06	3.92325e+06	
4.019e+06	3.9125e+06	3.9445e+06	4.01e+06	3.942e+06	
4.05725e+06	3.98125e+06	4.00625e+06	4.01775e+06	4.043e+06	
4.0625e+06	4.0535e+06	3.9755e+06	4.068e+06	4.065e+06	
4.02725e+06	4.06925e+06	4.0265e+06	4.0265e+06	3.9785e+06	
4.08575e+06	4.12425e+06	4.039e+06	4.07825e+06	4.03725e+06	
4.0675e+06	3.9585e+06	3.93825e+06	3.97475e+06	3.9925e+06	
4.0245e+06	3.9995e+06	3.99425e+06	3.971e+06	3.9825e+06	
3.964e+06	3.91425e+06	3.913e+06	3.93075e+06	3.886e+06	
3.93125e+06	3.94775e+06	3.9365e+06	3.98175e+06	3.85825e+06	
3.9105e+06	3.84875e+06	3.872e+06	3.90675e+06	3.86075e+06	
3.876e+06	3.876e+06	3.862e+06	3.869e+06	3.83e+06	
3.867e+06	3.784e+06	3.833e+06	3.87725e+06	3.738e+06	
3.87325e+06	3.7745e+06	3.82425e+06	3.794e+06	3.81425e+06	
3.823e+06	3.753e+06	3.78775e+06	3.7725e+06	3.72475e+06	
3.77625e+06	3.76425e+06	3.73275e+06	3.75175e+06	3.69325e+06	
3.7675e+06	3.77375e+06	3.75425e+06	3.72525e+06	3.741e+06	
3.7845e+06	3.6775e+06	3.7525e+06	3.72525e+06	3.675e+06	
3.7435e+06	3.6515e+06	3.66725e+06	3.748e+06	3.67225e+06	
3.6565e+06	3.622e+06	3.692e+06	3.74475e+06	3.63775e+06	
3.651e+06	3.60125e+06	3.64075e+06	3.67175e+06	3.60675e+06	
3.71575e+06	3.66725e+06	3.68175e+06	3.7165e+06	3.63075e+06	
3.75375e+06	3.71775e+06	3.60875e+06	3.7215e+06	3.6825e+06	
3.73675e+06	3.736e+06	3.66725e+06	3.666e+06	3.6825e+06	
3.7195e+06	3.642e+06	3.7285e+06	3.7095e+06	3.68625e+06	
3.75875e+06	3.6175e+06	3.7095e+06	3.7095e+06	3.656e+06	
3.67625e+06	3.65475e+06	3.7235e+06	3.71575e+06	3.63525e+06	
3.73275e+06	3.71775e+06	3.72975e+06	3.7195e+06	3.627e+06	
3.6945e+06	3.73275e+06	3.65725e+06	3.72725e+06	3.64975e+06	
3.67925e+06	3.63325e+06	3.64325e+06	3.67425e+06	3.70825e+06	
3.642e+06	3.651e+06	3.6465e+06	3.615e+06	3.5935e+06	
3.67675e+06	3.675e+06	3.651e+06	3.695e+06	3.5765e+06	
3.67875e+06	3.6345e+06	3.562e+06	3.663e+06	3.60175e+06	
3.68425e+06	3.627e+06	3.637e+06	3.6275e+06	3.5475e+06	
3.63275e+06	3.5835e+06	3.7095e+06	3.65025e+06	3.622e+06	
3.661e+06	3.6025e+06	3.61625e+06	3.608e+06	3.6025e+06	
3.62125e+06	3.59175e+06	3.59225e+06	3.617e+06	3.613e+06	
3.5885e+06	3.53625e+06	3.521e+06	3.5715e+06	3.58025e+06	
3.62375e+06	3.5765e+06	3.54125e+06	3.54e+06	3.54075e+06	
3.56025e+06	3.5355e+06	3.5835e+06	3.53375e+06	3.574e+06	
3.586e+06	3.55525e+06	3.55575e+06	3.58225e+06	3.51225e+06	
3.533e+06	3.477e+06	3.5225e+06	3.4935e+06	3.55325e+06	
3.53825e+06	3.574e+06	3.55775e+06	3.53375e+06	3.42975e+06	
3.54825e+06	3.5185e+06	3.554e+06	3.499e+06	3.547e+06	
3.51175e+06	3.53825e+06	3.48275e+06	3.4645e+06	3.4695e+06	
3.513e+06	3.484e+06	3.4765e+06	3.5475e+06	3.55575e+06	
3.53675e+06	3.54825e+06	3.50925e+06	3.56525e+06	3.465e+06	
3.49025e+06	3.44425e+06	3.49025e+06	3.50475e+06	3.441e+06	
3.518e+06	3.419e+06	3.45675e+06	3.4405e+06	3.43675e+06	
3.48575e+06	3.42725e+06	3.426e+06	3.4725e+06	3.378e+06	
3.494e+06	3.424e+06	3.448e+06	3.49525e+06	3.441e+06	
3.44925e+06	3.39575e+06	3.42275e+06	3.4185e+06	3.36675e+06	
3.43475e+06	3.4185e+06	3.402e+06	3.40075e+06	3.4355e+06	
3.407e+06	3.339e+06	3.39825e+06	3.4505e+06	3.36675e+06	
3.44175e+06	3.383e+06	3.41025e+06	3.368e+06	3.39875e+06	
3.41775e+06	3.33775e+06	3.375e+06	3.41725e+06	3.288e+06	
3.4185e+06	3.29675e+06	3.3485e+06	3.3635e+06	3.32125e+06	
3.35425e+06	3.2955e+06	3.3175e+06	3.29925e+06	3.2855e+06	
3.36675e+06	3.3415e+06	3.30825e+06	3.25275e+06	3.2835e+06	
3.3075e+06	3.29925e+06	3.29925e+06	3.31575e+06	3.27225e+06	
3.303e+06	3.235e+06	3.2665e+06	3.2685e+06	3.2445e+06	
3.2275e+06	3.2085e+06	3.22425e+06	3.18775e+06	3.20425e+06	
3.165e+06	3.14125e+06	3.16325e+06	3.172e+06	3.11725e+06	
3.00625e+06	2.97725e+06	3.02025e+06	3.0705e+06	2.99625e+06	
3.02325e+06	2.91875e+06	2.91e+06	2.95325e+06	2.91125e+06	
2.92825e+06	2.84625e+06	2.81025e+06	2.7795e+06	2.8355e+06	
2.7655e+06	2.75875e+06	2.76125e+06	2.74025e+06	2.77375e+06	
2.7115e+06	2.70075e+06	2.67675e+06	2.71525e+06	2.69375e+06	
2.7e+06	2.5785e+06	2.63775e+06	2.63125e+06	2.5665e+06	
2.6245e+06	2.547e+06	2.6155e+06	2.58025e+06	2.57075e+06	
2.545e+06	2.5785e+06	2.55075e+06	2.5715e+06	2.51425e+06	
2.5695e+06	2.4945e+06	2.588e+06	2.51175e+06	2.55125e+06	
2.53625e+06	2.492e+06	2.4525e+06	2.499e+06	2.49725e+06	
2.52425e+06	2.48275e+06	2.5185e+06	2.53425e+06	2.484e+06	
2.538e+06	2.4985e+06	2.53125e+06	2.5185e+06	2.4915e+06	
2.52875e+06	2.5595e+06	2.572e+06	2.55575e+06	2.53875e+06	
2.6535e+06	2.63575e+06	2.68625e+06	2.64575e+06	2.625e+06	
2.707e+06	2.7165e+06	2.68175e+06	2.7505e+06	2.71775e+06	
2.78075e+06	2.7825e+06	2.7675e+06	2.77825e+06	2.777e+06	
2.8595e+06	2.85575e+06	2.814e+06	2.862e+06	2.797e+06	
2.87325e+06	2.85375e+06	2.83625e+06	2.90475e+06	2.83175e+06	
2.80975e+06	2.85e+06	2.83625e+06	2.8625e+06	2.816e+06	
2.89725e+06	2.84e+06	2.8065e+06	2.86075e+06	2.85575e+06	
2.76625e+06	2.74725e+06	2.765e+06	2.77375e+06	2.73275e+06	
2.68e+06	2.688e+06	2.70625e+06	2.70125e+06	2.66975e+06	
2.70325e+06	2.61125e+06	2.678e+06	2.6875e+06	2.622e+06	
2.6535e+06	2.6155e+06	2.61625e+06	2.63075e+06	2.64525e+06	
2.62075e+06	2.603e+06	2.6105e+06	2.60225e+06	2.586e+06	
2.569e+06	2.55575e+06	2.56825e+06	2.63075e+06	2.5645e+06	
2.63525e+06	2.632e+06	2.5815e+06	2.5715e+06	2.56325e+06	
2.59925e+06	2.6125e+06	2.574e+06	2.55325e+06	2.615e+06	
2.63075e+06	2.64325e+06	2.562e+06	2.59675e+06	2.5615e+06	
2.603e+06	2.60425e+06	2.588e+06	2.56525e+06	2.5495e+06	
2.664e+06	2.62375e+06	2.552e+06	2.6345e+06	2.613e+06	
2.593e+06	2.62e+06	2.596e+06	2.64275e+06	2.5885e+06	
2.6225e+06	2.57775e+06	2.58225e+06	2.60625e+06	2.608e+06	
2.5815e+06	2.5185e+06	2.564e+06	2.54575e+06	2.50275e+06	
2.535e+06	2.58225e+06	2.58925e+06	2.54125e+06	2.5615e+06	
2.6075e+06	2.56325e+06	2.60425e+06	2.58475e+06	2.56775e+06	
2.588e+06	2.55125e+06	2.6075e+06	2.57275e+06	2.538e+06	
2.56525e+06	2.506e+06	2.521e+06	2.5595e+06	2.54125e+06	
2.504e+06	2.50275e+06	2.5495e+06	2.5495e+06	2.53925e+06	
2.5375e+06	2.55375e+06	2.58975e+06	2.50525e+06	2.54575e+06	
2.60675e+06	2.5735e+06	2.5595e+06	2.584e+06	2.6445e+06	
2.62575e+06	2.56825e+06	2.58525e+06	2.59175e+06	2.5735e+06	
2.569e+06	2.572e+06	2.605e+06	2.588e+06	2.518e+06	
2.60425e+06	2.53675e+06	2.574e+06	2.54e+06	2.54e+06	
2.57775e+06	2.55075e+06	2.5475e+06	2.58225e+06	2.58475e+06	
2.59475e+06	2.57075e+06	2.56525e+06	2.6275e+06	2.5835e+06	
2.61425e+06	2.59725e+06	2.618e+06	2.6225e+06	2.58725e+06	
2.67675e+06	2.63325e+06	2.637e+06	2.66975e+06	2.61875e+06	
2.6905e+06	2.71275e+06	2.6805e+06	2.68e+06	2.65475e+06	
2.73025e+06	2.71075e+06	2.64975e+06	2.71025e+06	2.66225e+06	
2.74025e+06	2.6995e+06	2.7555e+06	2.72525e+06	2.73475e+06	
2.789e+06	2.7795e+06	2.763e+06	2.768e+06	2.7605e+06	
2.77625e+06	2.7505e+06	2.73975e+06	2.7335e+06	2.736e+06	
2.75175e+06	2.8065e+06	2.8085e+06	2.785e+06	2.72075e+06	
2.78625e+06	2.78575e+06	2.82425e+06	2.7625e+06	2.7285e+06	
2.76375e+06	2.751e+06	2.78e+06	2.809e+06	2.72975e+06	
2.81225e+06	2.70375e+06	2.71825e+06	2.79025e+06	2.731e+06	
2.83225e+06	2.7675e+06	2.74225e+06	2.73775e+06	2.782e+06	
2.768e+06	2.739e+06	2.80275e+06	2.7575e+06	2.70625e+06	
2.81975e+06	2.717e+06	2.74925e+06	2.74975e+06	2.69375e+06	
2.74425e+06	2.7315e+06	2.7095e+06	2.68875e+06	2.6855e+06	
2.719e+06	2.724e+06	2.7265e+06	2.76e+06	2.777e+06	
2.73275e+06	2.736e+06	2.722e+06	2.68925e+06	2.75175e+06	
2.7485e+06	2.7745e+06	2.741e+06	2.72975e+06	2.77325e+06	
2.7555e+06	2.75475e+06	2.76425e+06	2.69175e+06	2.7365e+06	
2.7365e+06	2.72775e+06	2.717e+06	2.71275e+06	2.695e+06	
2.74925e+06	2.70875e+06	2.7165e+06	2.68175e+06	2.685e+06	
2.74475e+06	2.73775e+06	2.69575e+06	2.71075e+06	2.7265e+06	
2.719e+06	2.739e+06	2.7075e+06	2.70575e+06	2.71075e+06	
2.7095e+06	2.7675e+06	2.69e+06	2.69425e+06	2.72275e+06	
2.70375e+06	2.72075e+06	2.76875e+06	2.7725e+06	2.69575e+06	
2.75675e+06	2.714e+06	2.66975e+06	2.6995e+06	2.702e+06	
2.746e+06	2.69425e+06	2.70625e+06	2.76925e+06	2.70875e+06	
2.772e+06	2.695e+06	2.7145e+06	2.719e+06	2.64575e+06	
2.7045e+06	2.7045e+06	2.70075e+06	2.67925e+06	2.66925e+06	
2.73775e+06	2.65475e+06	2.724e+06	2.69575e+06	2.7e+06	
2.6735e+06	2.71025e+06	2.67675e+06	2.75625e+06	2.67425e+06	
2.70875e+06	2.7045e+06	2.69125e+06	2.69375e+06	2.71775e+06	
2.70125e+06	2.673e+06	2.68425e+06	2.75675e+06	2.656e+06	
2.72325e+06	2.71575e+06	2.71525e+06	2.69575e+06	2.6705e+06	
2.75475e+06	2.683e+06	2.714e+06	2.7605e+06	2.73225e+06	
2.75675e+06	2.697e+06	2.71575e+06	2.7115e+06	2.6905e+06	
2.7165e+06	2.73475e+06	2.7115e+06	2.743e+06	2.72325e+06	
2.7655e+06	2.792e+06	2.73225e+06	2.76175e+06	2.7315e+06	
2.7025e+06	2.72275e+06	2.73225e+06	2.70375e+06	2.70625e+06	
2.7385e+06	2.719e+06	2.72775e+06	2.74225e+06	2.717e+06	
2.7025e+06	2.7195e+06	2.714e+06	2.656e+06	2.724e+06	
2.77325e+06	2.6565e+06	2.6735e+06	2.71075e+06	2.7075e+06	
2.72075e+06	2.729e+06	2.726e+06	2.69375e+06	2.661e+06	
2.668e+06	2.6855e+06	2.72075e+06	2.72525e+06	2.68375e+06	
2.6685e+06	2.66975e+06	2.71325e+06	2.7195e+06	2.6465e+06	
2.67925e+06	2.67425e+06	2.66725e+06	2.69625e+06	2.68375e+06	
2.6615e+06	2.6615e+06	2.64825e+06	2.65725e+06	2.65275e+06	
2.734e+06	2.656e+06	2.70125e+06	2.685e+06	2.66225e+06	
2.7e+06	2.6785e+06	2.695e+06	2.68425e+06	2.66725e+06	
2.7115e+06	2.649e+06	2.67475e+06	2.68175e+06	2.6655e+06	
2.68425e+06	2.6415e+06	2.664e+06	2.656e+06	2.68125e+06	
2.67675e+06	2.6755e+06	2.676e+06	2.683e+06	2.67725e+06	
2.6785e+06	2.666e+06	2.6105e+06	2.65025e+06	2.63125e+06	
2.62125e+06	2.608e+06	2.64025e+06	2.6365e+06	2.557e+06	
2.685e+06	2.649e+06	2.5885e+06	2.6125e+06	2.642e+06	
2.64525e+06	2.56075e+06	2.62e+06	2.62575e+06	2.59425e+06	
2.60875e+06	2.59675e+06	2.6055e+06	2.65975e+06	2.605e+06	
2.62325e+06	2.61175e+06	2.59175e+06	2.64075e+06	2.61e+06	
2.59225e+06	2.579e+06	2.54875e+06	2.55075e+06	2.57525e+06	
2.6075e+06	2.5495e+06	2.61125e+06	2.55375e+06	2.581e+06	
2.6295e+06	2.59475e+06	2.58925e+06	2.57275e+06	2.5495e+06	
2.625e+06	2.55075e+06	2.5715e+06	2.552e+06	2.5715e+06	
2.58525e+06	2.56575e+06	2.57075e+06	2.57275e+06	2.57525e+06	
2.56025e+06	2.57975e+06	2.5405e+06	2.5545e+06	2.53625e+06	
2.608e+06	2.56525e+06	2.54325e+06	2.5735e+06	2.54575e+06	
2.57075e+06	2.52875e+06	2.59725e+06	2.53875e+06	2.55e+06	
2.584e+06	2.5695e+06	2.509e+06	2.59675e+06	2.58475e+06	
2.5615e+06	2.5355e+06	2.60625e+06	2.56525e+06	2.5475e+06	
2.584e+06	2.521e+06	2.53675e+06	2.62325e+06	2.557e+06	
2.5325e+06	2.59675e+06	2.547e+06	2.5695e+06	2.53925e+06	
2.53675e+06	2.49525e+06	2.53e+06	2.56825e+06	2.54875e+06	
2.55825e+06	2.56525e+06	2.5615e+06	2.552e+06	2.49975e+06	
2.50525e+06	2.55075e+06	2.44475e+06	2.53375e+06	2.516e+06	
2.509e+06	2.52675e+06	2.54875e+06	2.49075e+06	2.487e+06	
2.535e+06	2.49025e+06	2.511e+06	2.559e+06	2.496e+06	
2.4215e+06	2.48e+06	2.5135e+06	2.5205e+06	2.4915e+06	
2.51175e+06	2.501e+06	2.475e+06	2.50725e+06	2.477e+06	
2.51925e+06	2.5305e+06	2.45875e+06	2.46375e+06	2.5015e+06	
2.44425e+06	2.4505e+06	2.47625e+06	2.5065e+06	2.50975e+06	
2.46575e+06	2.41325e+06	2.494e+06	2.46625e+06	2.465e+06	
2.424e+06	2.47625e+06	2.43725e+06	2.44475e+06	2.42025e+06	
2.453e+06	2.397e+06	2.45e+06	2.487e+06	2.36225e+06	
2.43275e+06	2.3995e+06	2.409e+06	2.4265e+06	2.44175e+06	
2.3055e+06	2.315e+06	2.3055e+06	2.3345e+06	2.279e+06	
2.15375e+06	2.12775e+06	2.119e+06	2.12025e+06	2.07425e+06	
1.823e+06	1.84425e+06	1.836e+06	1.84875e+06	1.845e+06	
1.5665e+06	1.56775e+06	1.5765e+06	1.5785e+06	1.59425e+06	
1.34325e+06	1.35475e+06	1.344e+06	1.37175e+06	1.368e+06	
1.2205e+06	1.23175e+06	1.2305e+06	1.24e+06	1.19475e+06	
1.1145e+06	1.14675e+06	1.1235e+06	1.1215e+06	1.177e+06	
1.1605e+06	1.16125e+06	1.1815e+06	1.19025e+06	1.153e+06	
1.24825e+06	1.27275e+06	1.247e+06	1.26525e+06	1.22425e+06	
1.34325e+06	1.36025e+06	1.37875e+06	1.361e+06	1.3465e+06	
1.395e+06	1.38425e+06	1.37875e+06	1.3875e+06	1.36725e+06	
1.38875e+06	1.3825e+06	1.39175e+06	1.38375e+06	1.39125e+06	
1.378e+06	1.39175e+06	1.37925e+06	1.37725e+06	1.344e+06	
1.38875e+06	1.366e+06	1.39575e+06	1.3735e+06	1.349e+06	
1.38125e+06	1.363e+06	1.36725e+06	1.38e+06	1.3635e+06	
1.41075e+06	1.3585e+06	1.37725e+06	1.37425e+06	1.3655e+06	
1.42025e+06	1.39825e+06	1.419e+06	1.472e+06	1.434e+06	
1.46625e+06	1.49575e+06	1.4745e+06	1.44975e+06	1.4655e+06	
1.52975e+06	1.51975e+06	1.50025e+06	1.5085e+06	1.52975e+06	
1.584e+06	1.56325e+06	1.56575e+06	1.5985e+06	1.57525e+06	
1.639e+06	1.66475e+06	1.639e+06	1.65975e+06	1.639e+06	
1.741e+06	1.74475e+06	1.7075e+06	1.7655e+06	1.69625e+06	
1.76125e+06	1.76375e+06	1.76425e+06	1.80575e+06	1.76875e+06	
1.87025e+06	1.85125e+06	1.86e+06	1.85825e+06	1.8285e+06	
1.90475e+06	1.9155e+06	1.91675e+06	1.86375e+06	1.89775e+06	
1.96475e+06	1.964e+06	1.952e+06	1.9755e+06	1.966e+06	
2.0145e+06	1.9785e+06	2.027e+06	2.0005e+06	2.034e+06	
2.07125e+06	2.08625e+06	1.99625e+06	2.07e+06	2.051e+06	
2.11975e+06	2.066e+06	2.10075e+06	2.126e+06	2.04725e+06	
2.12275e+06	2.10575e+06	2.1355e+06	2.1165e+06	2.116e+06	
2.14675e+06	2.0945e+06	2.18575e+06	2.1065e+06	2.1095e+06	
2.116e+06	2.12975e+06	2.145e+06	2.14425e+06	2.0755e+06	
2.167e+06	2.12775e+06	2.16e+06	2.11725e+06	2.13675e+06	
2.16375e+06	2.11025e+06	2.16325e+06	2.1845e+06	2.12725e+06	
2.19275e+06	2.16325e+06	2.15875e+06	2.17075e+06	2.15175e+06	
2.1935e+06	2.16125e+06	2.12225e+06	2.18325e+06	2.12975e+06	
2.1165e+06	2.14625e+06	2.155e+06	2.206e+06	2.13425e+06	
2.21475e+06	2.131e+06	2.16e+06	2.165e+06	2.16325e+06	
2.17825e+06	2.11975e+06	2.145e+06	2.1595e+06	2.14875e+06	
2.17e+06	2.15875e+06	2.16575e+06	2.17e+06	2.1405e+06	
2.1575e+06	2.1595e+06	2.13975e+06	2.12725e+06	2.12225e+06	
2.114e+06	2.17325e+06	2.116e+06	2.126e+06	2.15425e+06	
2.138e+06	2.172e+06	2.1385e+06	2.16e+06	2.11975e+06	
2.165e+06	2.11075e+06	2.12975e+06	2.1115e+06	2.14425e+06	
2.1285e+06	2.138e+06	2.17125e+06	2.11475e+06	2.1045e+06	
2.16125e+06	2.09625e+06	2.141e+06	2.12975e+06	2.13725e+06	
2.1695e+06	2.0755e+06	2.099e+06	2.12925e+06	2.14175e+06	
2.0755e+06	2.10275e+06	2.11775e+06	2.14625e+06	2.102e+06	
2.09825e+06	2.0675e+06	2.0755e+06	2.1355e+06	2.05225e+06	
2.1595e+06	2.07175e+06	2.1455e+06	2.0895e+06	2.06925e+06	
2.08e+06	2.0725e+06	2.13425e+06	2.09825e+06	2.073e+06	
2.07875e+06	2.075e+06	2.104e+06	2.0585e+06	2.0345e+06	
2.1215e+06	2.07675e+06	2.063e+06	2.10525e+06	2.044e+06	
2.1405e+06	2.0845e+06	2.10775e+06	2.116e+06	2.0995e+06	
2.0875e+06	2.07675e+06	2.131e+06	2.107e+06	2.0805e+06	
2.09575e+06	2.04775e+06	2.09375e+06	2.056e+06	2.051e+06	
2.10775e+06	2.0755e+06	2.03725e+06	2.05225e+06	2.04525e+06	
2.05975e+06	2.07425e+06	2.06875e+06	2.0555e+06	2.05925e+06	
2.08325e+06	2.06675e+06	2.04775e+06	2.075e+06	2.07925e+06	
2.01875e+06	2.0365e+06	2.04475e+06	2.04025e+06	2.04725e+06	
2.06875e+06	2.06225e+06	2.02325e+06	2.05975e+06	2.0195e+06	
2.029e+06	2.01825e+06	2.03025e+06	2.01e+06	2.0245e+06	
2.0515e+06	2.03525e+06	2.01325e+06	2.0535e+06	2.02525e+06	
2.04475e+06	2.02275e+06	2.0825e+06	2.053e+06	2.02525e+06	
2.04775e+06	2.02775e+06	2.024e+06	1.998e+06	2.0025e+06	
2.0485e+06	2.02525e+06	2.07625e+06	2.01875e+06	2.01625e+06	
2.078e+06	2.0485e+06	2.02075e+06	2.022e+06	2.039e+06	
2.05675e+06	2.03075e+06	2.051e+06	1.988e+06	1.9955e+06	
1.986e+06	2.01075e+06	2.01375e+06	1.9905e+06	1.97275e+06	
2.02075e+06	1.998e+06	2.00375e+06	2.0145e+06	2.00825e+06	
2.00825e+06	1.9715e+06	2.0055e+06	2.0075e+06	2.02275e+06	
2.051e+06	1.98675e+06	2.0345e+06	2.01625e+06	2.00125e+06	
2.00875e+06	2.00825e+06	1.99425e+06	1.998e+06	2.007e+06	
2.02525e+06	1.9905e+06	2.0125e+06	2.027e+06	2.01325e+06	
2.01575e+06	1.993e+06	1.99125e+06	1.97725e+06	1.9805e+06	
1.9855e+06	1.98725e+06	1.99925e+06	1.993e+06	1.93875e+06	
2.00175e+06	1.98225e+06	1.9975e+06	2.00625e+06	1.986e+06	
1.98475e+06	1.974e+06	1.98975e+06	1.98925e+06	1.9785e+06	
2.0585e+06	1.99675e+06	1.978e+06	1.9635e+06	1.964e+06	
1.9855e+06	1.95525e+06	1.96975e+06	1.97675e+06	1.9565e+06	
1.998e+06	2.00175e+06	1.98225e+06	2.00175e+06	1.9635e+06	
1.96725e+06	1.93125e+06	1.978e+06	1.95075e+06	2.00625e+06	
1.9665e+06	1.98975e+06	1.96275e+06	1.976e+06	1.9495e+06	
1.974e+06	1.961e+06	1.97275e+06	1.971e+06	1.97475e+06	
1.983e+06	1.954e+06	1.964e+06	1.937e+06	1.93825e+06	
1.949e+06	1.9205e+06	1.9515e+06	1.9255e+06	1.9105e+06	
1.92875e+06	1.9295e+06	1.9515e+06	1.91175e+06	1.9105e+06	
1.903e+06	1.90725e+06	1.94775e+06	1.918e+06	1.8835e+06	
1.903e+06	1.89925e+06	1.87325e+06	1.94575e+06	1.954e+06	
1.88075e+06	1.91925e+06	1.913e+06	1.90475e+06	1.894e+06	
1.9105e+06	1.85875e+06	1.923e+06	1.908e+06	1.8675e+06	
1.90925e+06	1.8795e+06	1.89775e+06	1.89725e+06	1.88025e+06	
1.89025e+06	1.86325e+06	1.9175e+06	1.85875e+06	1.86375e+06	
1.865e+06	1.85825e+06	1.85125e+06	1.89275e+06	1.87275e+06	
1.8675e+06	1.83675e+06	1.86375e+06	1.843e+06	1.8405e+06	
1.8765e+06	1.838e+06	1.8865e+06	1.8525e+06	1.84625e+06	
1.83175e+06	1.838e+06	1.8335e+06	1.82025e+06	1.82975e+06	
1.8375e+06	1.874e+06	1.82425e+06	1.84175e+06	1.83925e+06	
1.84e+06	1.79825e+06	1.857e+06	1.84875e+06	1.82975e+06	
1.821e+06	1.86575e+06	1.8355e+06	1.82475e+06	1.8045e+06	
1.83675e+06	1.81225e+06	1.8355e+06	1.82975e+06	1.84925e+06	
1.8455e+06	1.78575e+06	1.76875e+06	1.8135e+06	1.7655e+06	
1.79575e+06	1.77125e+06	1.794e+06	1.8215e+06	1.7915e+06	
1.80075e+06	1.809e+06	1.8015e+06	1.7965e+06	1.763e+06	
1.838e+06	1.80325e+06	1.79325e+06	1.826e+06	1.7945e+06	
1.75475e+06	1.7605e+06	1.8135e+06	1.78575e+06	1.79525e+06	
1.77825e+06	1.756e+06	1.78e+06	1.74975e+06	1.7585e+06	
1.76875e+06	1.77e+06	1.75975e+06	1.77375e+06	1.73725e+06	
1.77625e+06	1.7625e+06	1.775e+06	1.75475e+06	1.775e+06	
1.76425e+06	1.765e+06	1.7725e+06	1.74975e+06	1.79325e+06	
1.7755e+06	1.75475e+06	1.77875e+06	1.7915e+06	1.768e+06	
1.78375e+06	1.7485e+06	1.773e+06	1.7505e+06	1.765e+06	
1.731e+06	1.7505e+06	1.74675e+06	1.751e+06	1.753e+06	
1.7725e+06	1.74275e+06	1.748e+06	1.74675e+06	1.71775e+06	
1.7705e+06	1.7415e+06	1.7215e+06	1.78575e+06	1.71075e+06	
1.731e+06	1.70875e+06	1.69175e+06	1.731e+06	1.70325e+06	
1.73475e+06	1.693e+06	1.74475e+06	1.717e+06	1.685e+06	
1.7145e+06	1.71075e+06	1.7075e+06	1.69925e+06	1.70075e+06	
1.70125e+06	1.70075e+06	1.741e+06	1.7e+06	1.7335e+06	
1.6955e+06	1.6925e+06	1.69e+06	1.727e+06	1.7045e+06	
1.727e+06	1.7265e+06	1.7605e+06	1.73475e+06	1.702e+06	
1.7075e+06	1.71575e+06	1.7215e+06	1.705e+06	1.7435e+06	
1.69875e+06	1.7145e+06	1.7045e+06	1.681e+06	1.678e+06	
1.72525e+06	1.66275e+06	1.683e+06	1.70825e+06	1.6615e+06	
1.693e+06	1.7045e+06	1.68175e+06	1.681e+06	1.681e+06	
1.685e+06	1.671e+06	1.69425e+06	1.724e+06	1.67225e+06	
1.71075e+06	1.6955e+06	1.647e+06	1.6855e+06	1.61125e+06	
1.68875e+06	1.65975e+06	1.6975e+06	1.62175e+06	1.649e+06	
1.64025e+06	1.64025e+06	1.6565e+06	1.6465e+06	1.65725e+06	
1.63625e+06	1.6635e+06	1.63575e+06	1.6245e+06	1.61675e+06	
1.63375e+06	1.64825e+06	1.63325e+06	1.63575e+06	1.6275e+06	
1.62875e+06	1.61875e+06	1.625e+06	1.65025e+06	1.5815e+06	
1.62175e+06	1.64025e+06	1.6415e+06	1.6125e+06	1.63075e+06	
1.59975e+06	1.61625e+06	1.608e+06	1.64825e+06	1.60475e+06	
1.6105e+06	1.62825e+06	1.59925e+06	1.62875e+06	1.62e+06	
1.6005e+06	1.613e+06	1.60175e+06	1.56775e+06	1.59475e+06	
1.5915e+06	1.63075e+06	1.63125e+06	1.60475e+06	1.5835e+06	
1.58725e+06	1.591e+06	1.579e+06	1.5745e+06	1.5765e+06	
1.58725e+06	1.5715e+06	1.57775e+06	1.56125e+06	1.59725e+06	
1.5955e+06	1.6055e+06	1.56825e+06	1.6055e+06	1.58225e+06	
1.5525e+06	1.5525e+06	1.57575e+06	1.584e+06	1.58975e+06	
1.55575e+06	1.55625e+06	1.56e+06	1.58225e+06	1.52725e+06	
1.53925e+06	1.56525e+06	1.5695e+06	1.5695e+06	1.55325e+06	
1.55325e+06	1.57725e+06	1.52475e+06	1.5645e+06	1.54425e+06	
1.5955e+06	1.55e+06	1.5425e+06	1.569e+06	1.56075e+06	
1.57775e+06	1.555e+06	1.53875e+06	1.5405e+06	1.58475e+06	
1.5815e+06	1.56825e+06	1.56125e+06	1.55575e+06	1.58775e+06	
1.56825e+06	1.569e+06	1.567e+06	1.57725e+06	1.53375e+06	
1.5765e+06	1.567e+06	1.56125e+06	1.53925e+06	1.57725e+06	
1.535e+06	1.5525e+06	1.58525e+06	1.55825e+06	1.54375e+06	
1.53875e+06	1.52475e+06	1.547e+06	1.55625e+06	1.5545e+06	
1.56325e+06	1.5425e+06	1.56575e+06	1.5035e+06	1.52725e+06	
1.54125e+06	1.5455e+06	1.5355e+06	1.57075e+06	1.5455e+06	
1.5455e+06	1.5205e+06	1.528e+06	1.51525e+06	1.53675e+06	
1.52475e+06	1.5325e+06	1.55625e+06	1.49325e+06	1.538e+06	
1.56075e+06	1.49825e+06	1.48375e+06	1.547e+06	1.47375e+06	
1.48825e+06	1.49075e+06	1.47825e+06	1.4725e+06	1.49825e+06	
1.5205e+06	1.487e+06	1.487e+06	1.50725e+06	1.4945e+06	
1.48825e+06	1.458e+06	1.49825e+06	1.472e+06	1.49525e+06	
1.497e+06	1.47325e+06	1.45625e+06	1.4825e+06	1.468e+06	
1.4795e+06	1.485e+06	1.4675e+06	1.44725e+06	1.446e+06	
1.4775e+06	1.4435e+06	1.48375e+06	1.46675e+06	1.485e+06	
1.472e+06	1.43775e+06	1.46925e+06	1.458e+06	1.448e+06	
1.43225e+06	1.446e+06	1.45875e+06	1.47575e+06	1.4365e+06	
1.44675e+06	1.441e+06	1.42975e+06	1.46925e+06	1.4575e+06	
1.43775e+06	1.40625e+06	1.405e+06	1.4405e+06	1.4485e+06	
1.4505e+06	1.417e+06	1.388e+06	1.42525e+06	1.4075e+06	
1.4265e+06	1.41325e+06	1.39e+06	1.402e+06	1.42725e+06	
1.37875e+06	1.402e+06	1.37675e+06	1.397e+06	1.37875e+06	
1.4025e+06	1.38425e+06	1.3535e+06	1.36225e+06	1.376e+06	
1.344e+06	1.356e+06	1.3175e+06	1.32875e+06	1.34025e+06	
1.32375e+06	1.35225e+06	1.339e+06	1.325e+06	1.3365e+06	
1.33325e+06	1.32375e+06	1.33775e+06	1.31175e+06	1.317e+06	
1.33825e+06	1.33325e+06	1.27525e+06	1.28675e+06	1.298e+06	
1.2885e+06	1.28925e+06	1.30675e+06	1.28725e+06	1.3005e+06	
1.28525e+06	1.274e+06	1.26575e+06	1.27275e+06	1.28975e+06	
1.2765e+06	1.2595e+06	1.26025e+06	1.2445e+06	1.259e+06	
1.24e+06	1.2525e+06	1.24825e+06	1.271e+06	1.24575e+06	
1.24e+06	1.21225e+06	1.2275e+06	1.23175e+06	1.2185e+06	
1.23625e+06	1.22175e+06	1.228e+06	1.2155e+06	1.216e+06	
1.235e+06	1.21175e+06	1.23375e+06	1.21725e+06	1.228e+06	
1.2255e+06	1.2065e+06	1.211e+06	1.199e+06	1.2065e+06	
1.2135e+06	1.211e+06	1.23125e+06	1.22625e+06	1.225e+06	
1.22225e+06	1.206e+06	1.211e+06	1.23675e+06	1.22425e+06	
1.2015e+06	1.204e+06	1.1845e+06	1.19975e+06	1.2015e+06	
1.23125e+06	1.2105e+06	1.2105e+06	1.21475e+06	1.1695e+06	
1.2565e+06	1.21175e+06	1.2105e+06	1.1815e+06	1.194e+06	
1.233e+06	1.19025e+06	1.2205e+06	1.23675e+06	1.2235e+06	
1.20975e+06	1.2155e+06	1.21175e+06	1.21925e+06	1.19775e+06	
1.21675e+06	1.21175e+06	1.20475e+06	1.22625e+06	1.204e+06	
1.233e+06	1.221e+06	1.25e+06	1.23e+06	1.21475e+06	
1.23925e+06	1.23675e+06	1.2275e+06	1.21175e+06	1.238e+06	
1.2565e+06	1.2525e+06	1.264e+06	1.23425e+06	1.238e+06	
1.24375e+06	1.27775e+06	1.27475e+06	1.281e+06	1.29175e+06	
1.26075e+06	1.27225e+06	1.2525e+06	1.28475e+06	1.2355e+06	
1.2715e+06	1.2545e+06	1.26525e+06	1.255e+06	1.2525e+06	
1.21925e+06	1.23675e+06	1.2525e+06	1.2495e+06	1.2615e+06	
1.257e+06	1.2375e+06	1.2155e+06	1.26575e+06	1.2235e+06	
1.20025e+06	1.19975e+06	1.2065e+06	1.18325e+06	1.19025e+06	
1.153e+06	1.117e+06	1.15675e+06	1.15e+06	1.163e+06	
1.11325e+06	1.1045e+06	1.11525e+06	1.104e+06	1.10275e+06	
1.1285e+06	1.11325e+06	1.11775e+06	1.16e+06	1.11325e+06	
1.16625e+06	1.167e+06	1.15675e+06	1.16825e+06	1.15375e+06	
1.1985e+06	1.1845e+06	1.18525e+06	1.17125e+06	1.201e+06	
1.23175e+06	1.19075e+06	1.22225e+06	1.1895e+06	1.19525e+06	
1.21925e+06	1.2035e+06	1.22175e+06	1.1845e+06	1.24575e+06	
1.2255e+06	1.23175e+06	1.2105e+06	1.20475e+06	1.267e+06	
1.21675e+06	1.2425e+06	1.24e+06	1.228e+06	1.22675e+06	
1.24075e+06	1.2235e+06	1.25775e+06	1.21675e+06	1.23425e+06	
1.20775e+06	1.2305e+06	1.23125e+06	1.2275e+06	1.196e+06	
1.25325e+06	1.23925e+06	1.20025e+06	1.24e+06	1.23625e+06	
1.22875e+06	1.23675e+06	1.25375e+06	1.22875e+06	1.22675e+06	
1.252e+06	1.2275e+06	1.25125e+06	1.2525e+06	1.20775e+06	
1.225e+06	1.20525e+06	1.23e+06	1.2495e+06	1.1915e+06	
1.211e+06	1.20975e+06	1.2155e+06	1.18575e+06	1.1625e+06	
1.1895e+06	1.19025e+06	1.182e+06	1.19325e+06	1.14725e+06	
1.18775e+06	1.1815e+06	1.1915e+06	1.17125e+06	1.1865e+06	
1.16375e+06	1.16175e+06	1.1575e+06	1.15925e+06	1.158e+06	
1.158e+06	1.167e+06	1.182e+06	1.18025e+06	1.17375e+06	
1.20525e+06	1.15175e+06	1.18575e+06	1.17e+06	1.187e+06	
1.182e+06	1.15925e+06	1.15675e+06	1.20775e+06	1.17825e+06	
1.1605e+06	1.1625e+06	1.1815e+06	1.1775e+06	1.15875e+06	
1.1815e+06	1.158e+06	1.182e+06	1.17075e+06	1.16375e+06	
1.18275e+06	1.1745e+06	1.143e+06	1.19475e+06	1.19025e+06	
1.201e+06	1.19325e+06	1.17375e+06	1.1695e+06	1.1605e+06	
1.16825e+06	1.158e+06	1.1895e+06	1.1695e+06	1.146e+06	
1.1815e+06	1.18325e+06	1.17e+06	1.1555e+06	1.175e+06	
1.17875e+06	1.14725e+06	1.182e+06	1.1775e+06	1.18275e+06	
1.167e+06	1.1745e+06	1.189e+06	1.15675e+06	1.12525e+06	
1.15875e+06	1.14475e+06	1.141e+06	1.138e+06	1.17e+06	
1.16e+06	1.141e+06	1.14425e+06	1.1845e+06	1.1625e+06	
1.2065e+06	1.13725e+06	1.16175e+06	1.15875e+06	1.16575e+06	
1.1625e+06	1.14925e+06	1.16825e+06	1.158e+06	1.1605e+06	
1.15925e+06	1.143e+06	1.1675e+06	1.1555e+06	1.15875e+06	
1.1575e+06	1.153e+06	1.15125e+06	1.16625e+06	1.15675e+06	
1.16575e+06	1.1575e+06	1.13275e+06	1.15425e+06	1.153e+06	
1.15625e+06	1.16175e+06	1.15925e+06	1.16875e+06	1.155e+06	
1.15425e+06	1.17075e+06	1.17e+06	1.18025e+06	1.16375e+06	
1.17075e+06	1.1775e+06	1.192e+06	1.17125e+06	1.131e+06	
1.18825e+06	1.16375e+06	1.16625e+06	1.17e+06	1.1645e+06	
1.1575e+06	1.163e+06	1.17125e+06	1.1845e+06	1.18775e+06	
1.194e+06	1.1645e+06	1.1505e+06	1.1675e+06	1.14925e+06	
1.167e+06	1.17375e+06	1.1555e+06	1.148e+06	1.15875e+06	
1.17125e+06	1.17575e+06	1.15425e+06	1.15375e+06	1.15875e+06	
1.15e+06	1.1525e+06	1.16e+06	1.16175e+06	1.1795e+06	
1.17575e+06	1.17375e+06	1.155e+06	1.158e+06	1.1695e+06	
1.1865e+06	1.15175e+06	1.184e+06	1.1605e+06	1.158e+06	
1.19325e+06	1.146e+06	1.17625e+06	1.1725e+06	1.15875e+06	
1.1675e+06	1.18025e+06	1.14925e+06	1.1525e+06	1.16875e+06	
1.158e+06	1.1845e+06	1.1695e+06	1.148e+06	1.182e+06	
1.155e+06	1.1725e+06	1.14675e+06	1.16375e+06	1.18075e+06	
1.15625e+06	1.1745e+06	1.15e+06	1.16625e+06	1.184e+06	
1.1725e+06	1.13725e+06	1.15875e+06	1.17825e+06	1.14875e+06	
1.172e+06	1.163e+06	1.167e+06	1.1745e+06	1.17125e+06	
1.1775e+06	1.158e+06	1.158e+06	1.16125e+06	1.167e+06	
1.18575e+06	1.17575e+06	1.18325e+06	1.1625e+06	1.13225e+06	
1.165e+06	1.14175e+06	1.13925e+06	1.184e+06	1.14475e+06	
1.15425e+06	1.1455e+06	1.15875e+06	1.16e+06	1.1865e+06	
1.1745e+06	1.14725e+06	1.16575e+06	1.16575e+06	1.1575e+06	
1.1555e+06	1.16875e+06	1.13475e+06	1.13975e+06	1.15175e+06	
1.15625e+06	1.15875e+06	1.15e+06	1.15925e+06	1.148e+06	
1.1605e+06	1.124e+06	1.172e+06	1.14475e+06	1.16575e+06	
1.1505e+06	1.141e+06	1.15e+06	1.12775e+06	1.12975e+06	
1.12025e+06	1.12275e+06	1.165e+06	1.13975e+06	1.129e+06	
1.1525e+06	1.121e+06	1.153e+06	1.167e+06	1.124e+06	
1.1145e+06	1.121e+06	1.14175e+06	1.13675e+06	1.1145e+06	
1.14725e+06	1.11775e+06	1.114e+06	1.143e+06	1.10325e+06	
1.12225e+06	1.1335e+06	1.1215e+06	1.1335e+06	1.1265e+06	
1.121e+06	1.112e+06	1.1265e+06	1.1505e+06	1.1505e+06	
1.15175e+06	1.1145e+06	1.1095e+06	1.148e+06	1.129e+06	
1.13675e+06	1.13225e+06	1.12525e+06	1.14925e+06	1.13925e+06	
1.1455e+06	1.1435e+06	1.13925e+06	1.141e+06	1.107e+06	
1.13675e+06	1.1525e+06	1.13925e+06	1.14475e+06	1.138e+06	
1.15e+06	1.11025e+06	1.11025e+06	1.14475e+06	1.1335e+06	
1.09875e+06	1.11775e+06	1.1265e+06	1.14875e+06	1.1215e+06	
1.10775e+06	1.10125e+06	1.131e+06	1.1265e+06	1.0975e+06	
1.13475e+06	1.1095e+06	1.10125e+06	1.15625e+06	1.09625e+06	
1.09125e+06	1.1065e+06	1.1405e+06	1.1065e+06	1.112e+06	
1.1e+06	1.102e+06	1.10325e+06	1.119e+06	1.1045e+06	
1.1355e+06	1.09575e+06	1.12025e+06	1.13975e+06	1.13425e+06	
1.12475e+06	1.129e+06	1.09825e+06	1.1165e+06	1.10575e+06	
1.109e+06	1.109e+06	1.11275e+06	1.0945e+06	1.11025e+06	
1.1165e+06	1.11775e+06	1.06925e+06	1.0925e+06	1.1e+06	
1.0995e+06	1.1e+06	1.07675e+06	1.119e+06	1.09625e+06	
1.0855e+06	1.09325e+06	1.078e+06	1.09375e+06	1.06475e+06	
1.075e+06	1.095e+06	1.0655e+06	1.06475e+06	1.06675e+06	
1.0485e+06	1.0635e+06	1.06425e+06	1.085e+06	1.06925e+06	
1.07625e+06	1.0655e+06	1.075e+06	1.06675e+06	1.03025e+06	
1.09375e+06	1.078e+06	1.032e+06	1.08125e+06	1.0635e+06	
1.0805e+06	1.083e+06	1.07425e+06	1.0635e+06	1.04025e+06	
1.06925e+06	1.06925e+06	1.0855e+06	1.07425e+06	1.0485e+06	
1.05225e+06	1.0585e+06	1.04475e+06	1.0855e+06	1.0635e+06	
1.0725e+06	1.06425e+06	1.05925e+06	1.0685e+06	1.073e+06	
1.04725e+06	1.07175e+06	1.0705e+06	1.04975e+06	1.066e+06	
1.09325e+06	1.0655e+06	1.06725e+06	1.07875e+06	1.06675e+06	
1.06725e+06	1.056e+06	1.0855e+06	1.06225e+06	1.071e+06	
1.07425e+06	1.04225e+06	1.063e+06	1.0705e+06	1.04725e+06	
1.044e+06	1.05475e+06	1.0585e+06	1.0395e+06	1.04275e+06	
1.0175e+06	1.056e+06	1.0515e+06	1.039e+06	1.03075e+06	
1.0025e+06	996250	1.01625e+06	1.01575e+06	994250	
1.0125e+06	1.00675e+06	997500	972250	995500	
1.008e+06	1.029e+06	993500	1.02375e+06	997500	
986750	992250	1.0145e+06	1.01e+06	1.02375e+06	
1.00625e+06	1.027e+06	1.00175e+06	1.0345e+06	1.04075e+06	
1.0515e+06	1.0295e+06	1.0585e+06	1.02075e+06	1.034e+06	
1.0225e+06	1.029e+06	1.0415e+06	1.05025e+06	1.061e+06	
1.02075e+06	1.03325e+06	1.0345e+06	1.04475e+06	1.073e+06	
1.0515e+06	1.0655e+06	1.044e+06	1.0225e+06	1.03575e+06	
1.05225e+06	1.01375e+06	1.03525e+06	1.01875e+06	1.04475e+06	
1.0435e+06	1.0225e+06	1.0145e+06	1.05225e+06	1.0245e+06	
1.06425e+06	1.05225e+06	1.0395e+06	1.0415e+06	1.05975e+06	
1.02825e+06	1.0485e+06	1.025e+06	1.02375e+06	1.044e+06	
1.00925e+06	1.0315e+06	1.04725e+06	1.04775e+06	1.061e+06	
1.06425e+06	1.03575e+06	1.04275e+06	1.056e+06	1.03025e+06	
1.04725e+06	1.039e+06	1.03025e+06	1.058e+06	1.025e+06	
1.01825e+06	1.03025e+06	1.04025e+06	1.03825e+06	1.04525e+06	
1.0245e+06	1.03075e+06	1.03775e+06	1.02575e+06	1.04475e+06	
1.005e+06	1.0295e+06	1.0515e+06	1.0465e+06	1.03825e+06	
1.01575e+06	1.03075e+06	1.0175e+06	1.022e+06	1.029e+06	
1.054e+06	1.04725e+06	1.0315e+06	1.01875e+06	1.0265e+06	
1.05475e+06	1.01e+06	1.039e+06	1.0485e+06	1.0225e+06	
1.0315e+06	1.01075e+06	998750	1.03075e+06	1.05275e+06	
1.0315e+06	1.04775e+06	1.02325e+06	1.0145e+06	1.01075e+06	
1.01575e+06	1.012e+06	1.01e+06	1.03775e+06	1.0055e+06	
1.0145e+06	1.034e+06	1.03825e+06	988000	1.01325e+06	
1.01875e+06	1.025e+06	1.0195e+06	1.0295e+06	1.015e+06	
1.0145e+06	1.01075e+06	1.00175e+06	1.027e+06	998750	
1.037e+06	1.01375e+06	1.008e+06	1.0225e+06	1.00675e+06	
1.027e+06	1.0265e+06	1.02e+06	1.0125e+06	1.003e+06	
1.04775e+06	1.022e+06	1.027e+06	1.02075e+06	1.00925e+06	
1.0145e+06	994750	998750	1.02375e+06	1.00375e+06	
1.0025e+06	1.0055e+06	1.0225e+06	1.03025e+06	994250	
1.0175e+06	1.012e+06	988000	1.01125e+06	1.01125e+06	
976000	1.0145e+06	1.01e+06	1e+06	990500	
1.00125e+06	986000	979750	1.00925e+06	988500	
989750	1.00375e+06	996750	991750	999250	
981000	989250	989750	971000	993500	
955750	973500	989250	972750	975250	
967750	939500	939500	969750	946250	
964000	950250	943250	950750	940000	
931750	975250	954500	940750	958250	
935000	948250	955750	948750	945000	
943750	936250	969750	959000	975250	
971500	944500	978500	948250	950750	
969750	964000	951500	960250	938750	
968500	959000	955750	965250	965250	
972750	974000	943750	969750	945000	
987250	969750	918000	984750	983000	
968500	960750	966500	971500	956500	
977250	974750	952000	960250	953250	
975250	960750	979000	956500	930000	
986750	955750	962000	971000	960250	
997500	968500	948750	948250	970250	
951500	959000	974750	949500	971000	
939500	957000	971000	954000	950250	
962750	951500	963250	943250	936250	
960750	946250	957000	954000	940000	
974750	945000	953250	942500	965250	
987250	959500	926750	973500	961500	
969750	964750	933750	953250	984250	
945000	960750	931250	964000	947000	
952750	960750	938250	954500	956500	
940750	981750	948750	954000	928750	
947000	940750	938250	961500	938250	
949500	943250	953250	945000	931750	
938750	957750	955750	939500	924250	
955250	937500	920000	918000	923000	
950250	934500	928000	928000	939500	
943250	933750	917250	968500	928750	
939500	928750	935000	930000	933000	
934500	950250	902250	933000	918000	
912250	921250	931250	950250	926250	
940000	925500	909750	951500	929250	
937500	937000	933750	914750	925500	
924250	905500	938750	946250	921250	
948250	909750	926250	933750	928750	
928750	918000	915500	920000	896500	
935000	920000	927500	916750	910500	
902250	954500	916750	926250	926250	
919250	922500	934500	935750	884000	
889750	918750	913000	916750	901500	
900250	903500	928750	947500	915500	
912250	903500	909750	925500	922500	
927500	920500	915500	910500	896500	
915500	901000	909250	907250	899000	
897250	916750	902250	926750	867500	
889750	904250	886500	902250	891000	
899750	885250	882000	891000	891000	
894750	911000	896000	879500	884000	
894750	890250	891500	885750	899000	
904750	902750	885750	908000	896000	
917250	910500	914250	878250	899000	
912250	887000	891000	879000	877750	
926250	901500	870000	893500	889000	
869500	879500	899000	867500	892750	
909750	902250	892750	888500	879000	
874500	899750	891500	882750	889000	
880750	865750	887750	881500	870750	
875250	877750	882000	868750	887750	
882000	885750	865000	873250	897250	
875750	882000	888500	876500	876500	
893500	880750	882750	878250	886500	
868750	850000	885750	874000	870000	
891000	855500	863250	852500	887000	
862000	865000	859500	853750	877000	
846250	862000	881500	862500	851250	
843750	866250	850500	856250	847500	
856250	868250	841000	870000	858250	
868750	845000	875250	883250	865750	
848000	856750	869500	880250	868250	
863750	865750	867500	859500	847500	
863750	865000	858750	842500	855500	
861250	881500	862500	859500	843750	
861250	856750	865750	852500	851250	
851250	868250	855500	845500	865000	
837250	839750	844250	849250	848000	
884000	838000	863750	856750	850000	
826000	843750	856750	863250	827250	
845000	849250	829750	846750	853750	
822250	847500	839750	842500	824000	
845500	838000	850500	843000	867500	
838500	862500	839750	849250	846750	
846250	834750	841750	866250	840500	
849250	821500	830500	817750	829750	
849250	834250	836750	838000	845500	
843750	845000	836000	824750	824000	
832250	826500	815250	822750	829250	
843750	833000	825250	807000	824750	
843000	825250	833500	834750	835500	
819000	819000	831750	824750	824750	
831000	843000	812250	819000	833000	
815250	806500	842500	819750	816500	
813500	793250	822250	805250	824000	
816000	821000	819750	819000	813500	
805250	819000	805250	792500	820250	
803250	794500	793750	785000	807000	
790750	814000	817750	793750	799000	
797000	794500	792500	793250	810250	
780500	782000	782500	802750	794500	
775500	787500	789500	795750	780500	
780500	787500	795000	758000	785000	
769250	804000	776750	790000	795000	
797750	782500	797000	775500	800750	
802000	800250	798250	798250	776250	
782000	763000	787500	771750	769250	
766750	769250	758000	775500	790750	
781250	797750	757250	779250	771750	
750500	763000	788750	741500	776750	
764750	778000	773000	763000	759750	
771250	764250	761750	771250	771250	
770000	761000	750500	765500	764250	
749750	763000	744000	768750	752250	
750500	747750	761000	762250	773750	
745250	751750	749000	765500	759250	
753500	768750	759750	748500	759750	
790750	775000	765500	745250	744750	
760500	780500	748500	753500	749000	
768000	782000	747250	760500	775000	
765500	758500	761000	785750	733250	
766250	772500	765500	777500	773000	
755500	778000	766750	775500	760500	
773000	776750	773750	788750	763500	
787000	758500	773000	783250	768000	
794500	780000	783750	768000	776250	
762250	773000	783250	770500	765500	
789500	790750	775000	765500	799500	
763000	778750	783750	763500	766250	
796500	786250	771750	780500	778000	
777500	775500	770000	782000	777500	
776750	798250	792000	770500	783250	
773750	776750	755500	768000	775000	
773000	771250	788750	749750	772500	
757250	753500	783750	766750	785750	
755500	750500	774250	776250	760500	
768750	769250	757250	754250	760500	
752250	754750	759250	758000	768000	
769250	766250	753500	758000	778000	
742750	747250	741000	747250	741500	
770500	739000	777500	738500	760500	
756000	749750	765500	753500	763000	
737750	751750	738500	742750	751750	
730750	744750	753500	739000	721500	
750500	736500	758500	737750	749750	
745250	757250	750500	746000	717500	
747250	739000	742750	737250	750500	
751750	747250	737250	760500	773750	
739750	771750	763500	758500	763500	
742750	751000	739750	763000	729000	
736500	744000	727750	756000	755500	
744000	763500	754250	753000	737750	
763500	747750	765500	774250	748500	
751750	736000	744750	751000	751000	
745250	754750	759250	763000	739750	
759750	753500	741500	753500	730250	
733250	720750	729500	751750	747750	
720750	754250	724000	738500	724500	
756000	734500	739000	741000	742250	
765500	749000	732000	736500	747750	
734000	743500	770000	738500	742750	
738500	738500	754250	738500	739000	
749750	713250	718250	741000	730250	
739750	721500	730750	741000	732750	
732750	736000	737750	717000	725250	
715750	733250	756750	724500	744000	
743500	723250	728250	736000	739750	
742750	730750	728250	751000	718750	
726500	738500	736000	746000	744000	
713750	756000	731500	742750	711250	
704500	708250	741000	720250	718250	
727000	722000	732000	724500	739000	
742750	718250	737250	720750	728250	
743500	737250	732000	730750	738500	
743500	728250	722000	739000	717000	
727750	734500	714500	730250	723250	
729000	729000	737750	707500	724500	
736500	730750	731500	724500	718250	
747250	735250	735250	717000	736000	
728250	728250	768000	741000	735250	
721500	744000	735250	722750	727000	
736000	739750	725250	720250	740250	
742250	732000	753500	727750	729500	
722750	729000	763000	725250	758500	
732000	729500	739000	739750	717500	
741000	729500	739000	732750	740250	
748500	742750	729000	729000	729000	
734000	717500	737250	721500	751750	
721500	709500	737750	725250	742250	
722750	745250	733250	726500	721500	
714500	727750	727000	716250	740250	
744750	742750	729500	700500	700500	
719500	732750	710000	718250	722000	
730750	724000	716250	716250	740250	
708750	730250	715750	718250	727000	
721500	726500	721500	703000	730250	
701250	713750	730250	698000	741000	
727750	721500	702500	736000	725250	
719500	720750	727000	715750	711250	
712000	720250	703000	710750	711250	
729500	709500	712000	754750	732750	
707000	719500	710000	736000	727000	
722750	722000	713750	724500	726500	
724000	727000	732750	712000	736000	
721500	708750	710750	715750	712000	
713750	725250	722750	707500	708750	
726500	702500	706250	714500	735250	
701250	705000	714500	690000	701750	
718250	724000	706250	706250	694250	
710750	709500	700500	710750	706250	
714500	684750	703750	692500	712000	
715750	690000	704500	692500	717500	
685500	702500	702500	684750	698750	
705750	686750	694250	698000	696250	
664000	687250	675500	691750	693000	
688500	681000	695500	672250	700000	
678000	674750	688500	679750	678500	
685500	673500	678500	674750	669000	
681750	697500	678500	679250	693000	
693750	678500	672750	654500	659000	
662750	659000	650250	664750	673500	
665250	671000	665250	662250	674250	
681750	665250	666500	650750	659750	
654500	673500	679250	664750	683000	
656500	671500	654000	666000	657000	
665250	682250	656500	667250	662750	
665250	647750	662750	659750	659750	
661000	669000	666000	646500	664750	
632000	679250	673500	649500	667750	
657000	650750	658500	655250	664750	
644000	658500	668500	655750	665250	
664000	651500	654000	666000	666000	
652750	642000	647750	657000	654500	
637000	638250	647750	650750	666500	
659750	644000	645250	657750	659750	
648250	654000	640000	640000	655250	
645750	669750	668500	666500	647750	
649000	653250	632500	647000	643250	
654500	649000	650250	640000	667250	
640750	643250	646500	661500	650750	
657750	650750	671500	656500	642500	
659000	653250	649000	659750	667750	
659750	637500	638750	647000	662750	
655750	650750	649000	649000	658500	
652750	671500	658500	640750	656500	
657750	660250	661000	662250	664000	
655750	650250	663500	661000	646500	
673500	670250	647000	681000	652750	
655250	654000	653250	682250	652750	
647750	662250	662750	655250	654500	
655250	644000	655250	674750	674750	
660250	684250	664000	650250	657000	
650250	667750	657000	660250	655250	
661500	654500	662750	678500	664000	
657750	663500	649000	680500	662250	
656500	652000	651500	654500	653250	
654000	664750	666000	661500	653250	
659000	638750	667250	655250	650250	
668500	648250	664000	657750	653250	
644000	652750	657000	650250	655750	
668500	652000	649500	659750	647750	
647000	668500	660250	664750	656500	
666000	649500	658500	656500	651500	
669000	645250	643250	652750	665250	
635750	669000	632000	631250	646500	
649000	642000	652000	652000	654000	
650750	652750	652750	648250	671000	
670250	667250	650250	637000	645750	
652000	661500	645250	660250	647750	
659000	650750	645750	642000	666000	
662250	655750	647000	632000	668500	
651500	655250	659000	654000	674250	
631250	668500	672750	661000	657750	
659750	679750	662750	667750	642500	
639500	650250	647750	662250	657750	
671000	651500	664750	648250	641250	
664750	645250	652000	657000	659750	
661000	647750	636250	647750	638750	
647000	647000	646500	650250	637500	
663500	635000	671500	677250	627500	
660250	661000	654500	670250	642000	
642000	650250	620500	648250	647000	
650250	654000	659750	665250	626750	
635750	639500	638250	652750	655250	
665250	652750	653250	653250	655250	
635000	665250	663500	640000	637000	
640750	650250	652750	651500	657000	
647750	652000	650750	666500	647000	
642500	642000	664000	638750	651500	
654000	651500	652750	638750	655250	
649000	641250	655250	647750	643250	
662750	656500	644000	653250	652000	
642500	638250	650250	637000	657000	
664000	650750	638250	643250	655750	
659750	657000	656500	645750	651500	
644500	661000	650250	660250	638750	
654000	657000	643250	641250	640750	
647750	650250	650250	637000	643250	
649500	630000	642500	652750	652750	
658500	637000	655750	647750	653250	
640750	661500	664000	654000	635750	
655750	637000	659000	652000	642500	
666500	646500	646500	659750	659000	
652000	657750	645250	644000	645250	
649000	638250	631250	625000	650250	
666500	650750	633250	677250	655250	
655250	662250	664750	632000	647750	
637000	650750	635750	632000	649500	
637000	637500	654000	668500	647750	
654500	647750	647000	647750	655250	
657000	645250	627500	645750	638750	
667750	643250	664750	629500	632500	
635750	651500	638750	655750	640750	
649500	651500	637000	645250	654000	
650750	640000	629500	644000	650250	
637000	647750	638750	644000	634500	
655250	659000	644500	621750	664000	
650250	639500	644500	652750	628750	
652000	643250	652000	655250	644500	
640000	650250	653250	653250	637500	
644500	631250	639500	652000	658500	
635000	657000	637000	643250	652000	
633750	645750	658500	649000	644500	
645750	647750	653250	652750	649500	
647750	638750	640000	632500	630000	
630750	635750	648250	639500	651500	
642500	633250	632000	625000	657000	
649500	652750	657750	644500	645750	
645250	650250	632500	641250	654500	
641250	654500	647750	637500	642500	
674250	644000	642500	661000	642000	
647750	647750	654500	657750	662250	
652000	659000	638750	630750	623750	
665250	641250	651500	643250	639500	
650750	633250	646500	649000	646500	
629500	645750	647750	636250	626750	
644000	644000	647000	646500	644500	
640750	623000	649500	625000	633250	
637500	644500	654500	650250	644500	
644000	655250	652000	653250	645750	
644500	633750	649000	653250	654500	
647000	630750	645750	661000	623000	
640000	661500	639500	678000	640000	
640000	643250	662250	638750	657000	
633250	646500	637000	632500	647750	
663500	653250	653250	622500	655750	
652000	654000	660250	636250	635000	
660250	621750	642000	661500	659000	
633750	646500	643250	664750	626750	
650250	650750	644500	647750	638750	
656500	646500	661500	649000	656500	
643250	643250	655250	652000	645250	
654000	645750	659750	643250	648250	
644500	637000	647750	638250	659750	
659000	641250	655750	649000	638250	
653250	626750	653250	632000	644500	
651500	628750	636250	661000	646500	
634500	635000	658500	645250	644000	
640750	637000	646500	642500	659750	
647000	654500	646500	638250	655250	
630000	645750	647750	653250	647000	
644500	635750	647000	640000	658500	
655750	625000	649000	641250	648250	
650250	653250	658500	649000	650750	
653250	635750	649500	638750	646500	
657750	632500	628750	635000	657000	
655750	635000	635750	651500	638750	
661500	645250	645750	647000	646500	
650250	637500	652750	657000	650250	
641250	633750	621750	635750	623000	
645250	655250	621750	645250	638250	
642500	645250	650250	630750	643250	
648250	641250	644000	624250	649500	
650250	660250	646500	644500	640000	
650750	642000	649500	651500	637500	
649000	654000	661000	637500	649000	
632500	642500	646500	636250	633750	
645250	633250	648250	666000	643250	
631250	633750	638250	619250	636250	
644000	630750	644500	643250	640000	
639500	642000	652750	640000	644500	
631250	636250	639500	621750	638250	
627500	633750	644000	644000	641250	
648250	648250	641250	637000	650750	
635750	637500	649500	642500	651500	
647000	642000	641250	635000	653250	
640750	642000	637000	640750	622500	
633750	642000	634500	648250	658500	
641250	651500	629500	647000	635000	
650250	644000	648250	654000	649500	
634500	637000	645750	645250	627500	
622500	648250	653250	642500	660250	
635750	659750	625500	640000	645250	
652000	629500	637000	653250	649000	
647750	657000	636250	650750	650750	
647000	647000	656500	637500	656500	
638750	647750	630000	620000	621250	
627500	644500	652750	640000	613750	
637000	619250	644500	656500	635750	
636250	653250	633250	642500	633750	
639500	626750	626750	625000	647000	
638250	633750	646500	640000	650750	
630000	650750	656500	654000	648250	
634500	629500	640750	652000	635000	
643250	642500	641250	642500	643250	
643250	640750	638250	650250	650750	
642500	653250	652000	617500	642500	
645250	628750	637000	628250	652750	
644500	653250	616250	640750	656500	
642500	635000	647000	628750	632500	
644000	646500	626250	632500	638750	
633750	623750	640750	627500	635000	
623750	634500	635750	623750	631250	
620500	615000	633250	640000	632000	
636250	649000	642000	635750	630000	
629500	634500	645750	641250	633250	
642000	645750	637500	631250	641250	
635750	626750	637500	647000	655750	
651500	632500	642500	636250	644500	
632000	647000	635750	646500	637500	
639500	632000	618750	630750	640000	
647000	641250	646500	624250	654500	
632500	639500	645250	637000	644000	
630750	626250	616250	648250	634500	
645750	634500	630000	628250	635000	
642000	649500	643250	627500	630000	
639500	623000	637000	629500	644500	
621250	629500	617500	638250	626750	
635000	645750	640750	637500	637000	
646500	630750	641250	628750	646500	
633250	637000	627500	644000	650250	
632000	656500	634500	633250	626750	
650750	624250	649000	638750	620500	
636250	637500	630000	631250	653250	
628250	632500	638250	629500	635750	
642500	653250	625000	654500	626250	
647000	637000	653250	628750	624250	
636250	642000	629500	629500	640000	
643250	646500	641250	643250	631250	
630000	638750	635000	633250	661500	
633750	652750	638750	637000	638250	
634500	630750	638750	626750	640750	
645750	639500	633250	640750	628750	
626250	628250	633250	646500	637000	
637500	614250	641250	636250	615500	
645750	636250	647000	647000	627500	
633250	636250	623000	635750	632500	
630000	626750	626250	637500	633250	
633250	635000	644000	620500	652000	
635000	647000	652000	637000	642500	
627500	620500	654500	644500	635000	
638750	621750	636250	618750	618750	
630000	632000	626750	632500	637500	
635000	630000	625500	628750	639500	
645250	633250	649500	649500	637500	
640000	640000	629500	624250	628750	
628250	638250	638250	635750	628250	
633750	633250	643250	618750	625000	
641250	620000	621250	637000	635750	
650250	622500	623000	647000	638750	
626250	635000	628250	623000	639500	
622500	618750	621250	632500	636250	
621750	652750	646500	637000	633750	
623000	647750	659750	638250	622500	
638750	638750	654000	624250	647000	
632000	636250	630000	633750	630750	
620000	643250	632000	646500	637000	
639500	633750	625500	635750	623000	
625000	625000	624250	640000	620000	
629500	639500	634500	633250	652000	
647000	625500	623750	633250	632500	
631250	636250	633250	638250	629500	
626750	628250	626250	632500	651500	
632500	622500	634500	630000	644000	
634500	639500	639500	630000	634500	
637000	618750	648250	649000	642500	
623000	638250	628750	651500	628250	
644500	645250	642000	627500	650750	
628750	638750	639500	632500	635750	
628250	629500	618000	631250	621750	
628250	629500	628750	626750	647750	
631250	616250	632000	610500	645250	
634500	623750	621750	617500	635000	
643250	643250	644500	635000	607250	
620000	624250	620000	649500	634500	
650250	639500	640750	611750	635000	
635750	626750	649500	645250	631250	
634500	633250	610500	633750	645250	
616250	631250	644500	630000	627500	
616250	634500	637500	628250	620500	
622500	620500	630000	623000	623750	
625000	613000	634500	640000	616750	
629500	625000	635000	642000	636250	
648250	625500	630750	646500	630000	
629500	638250	626250	618750	621250	
622500	638750	628750	628750	635750	
621250	611000	635750	654000	657000	
642000	642500	640000	625500	633250	
646500	633750	628750	630750	645250	
632000	650250	644500	637000	628250	
641250	619250	650750	650750	626250	
629500	630750	617500	637000	638250	
648250	647750	626250	637500	638750	
629500	634500	652000	646500	638750	
650750	626250	615500	625500	607250	
644500	663500	636250	635000	621750	
648250	644000	640000	645750	645250	
622500	633750	635750	647750	624250	
642000	640750	647000	621750	638250	
632500	635750	638750	646500	607250	
618000	649000	638250	635000	632000	
635000	637000	620000	633750	625000	
625000	629500	636250	637500	625500	
625500	627500	649500	626750	632500	
625500	627500	649500	626750	632500	
625500	627500	649500	626750	632500	
