4250	4250	4250	4250	4250	
7.13825e+06	7.13825e+06	7.13825e+06	7.13825e+06	7.13825e+06	
550000	548750	537500	540000	537500	
514750	529750	526000	519750	499500	
504000	497750	514000	515250	513500	
500250	509750	507750	502750	504000	
509750	517750	519750	514000	509750	
506500	523500	517750	516000	525500	
516500	515250	523500	500250	524250	
521750	509750	505250	523500	511000	
536250	515250	516000	536250	521750	
524250	541250	528000	514000	525500	
530500	534750	526000	504500	527250	
539250	532250	516000	542500	531750	
521750	528000	546250	537500	537500	
537500	552500	565000	545000	558250	
548000	543750	540000	554500	550000	
551250	541750	552500	544250	549250	
541750	549250	579000	567000	553250	
569500	553750	584000	575750	554500	
573250	575750	558250	543000	566250	
584000	581500	555750	558250	592250	
574000	569500	568250	602250	580750	
641250	652750	629500	650250	662250	
838000	822250	818500	827250	821500	
841000	832250	845000	843750	843750	
850000	867500	855000	865000	843000	
857500	867000	862500	858250	851250	
856250	874500	867500	865750	843750	
863750	843000	860000	858250	855500	
877750	879500	883250	866250	879000	
878250	851750	894750	907250	902750	
904750	908500	906000	899000	908000	
924250	921250	903500	923000	935750	
935750	939500	931250	925500	918000	
927500	892250	929250	940750	911750	
921750	926250	918750	938750	925000	
925000	916750	938250	919250	927500	
943250	930500	913000	903500	903500	
925000	938250	935750	951500	916000	
941250	938750	950750	946250	934500	
981000	967250	978500	986000	986750	
981750	971000	980500	953250	990500	
970250	972750	984250	998750	976000	
975250	985500	1.00925e+06	1.01125e+06	983500	
1.0075e+06	978500	1.00425e+06	1.00875e+06	994750	
966500	1.00375e+06	994250	988000	969750	
984750	964000	962750	988000	971500	
970250	986750	976000	999250	984250	
967750	974000	960750	967750	950250	
949500	926250	942000	966500	942000	
930500	945000	929250	937500	959500	
954500	954500	932500	959000	954500	
921250	944500	946250	925500	933000	
902250	924250	897250	921250	907250	
910500	933000	921750	913000	920500	
965250	972750	981000	959000	992250	
1.0175e+06	1.0365e+06	1.0295e+06	1.0315e+06	1.039e+06	
1.03775e+06	1.063e+06	1.04775e+06	1.02325e+06	1.0395e+06	
1.05475e+06	1.04275e+06	1.0685e+06	1.049e+06	1.037e+06	
1.017e+06	1.017e+06	1.01875e+06	1.02075e+06	1.017e+06	
1.0005e+06	1.003e+06	1.02825e+06	1.01e+06	968500	
1.00875e+06	981750	1.0075e+06	979000	1.0005e+06	
1.005e+06	1.01375e+06	1.01e+06	1.01575e+06	1e+06	
1.01125e+06	1.0225e+06	1.037e+06	1.0435e+06	1.0315e+06	
1.07175e+06	1.06175e+06	1.08625e+06	1.061e+06	1.039e+06	
1.05225e+06	1.109e+06	1.08125e+06	1.09075e+06	1.056e+06	
1.04475e+06	1.05025e+06	1.07675e+06	1.063e+06	1.066e+06	
1.0995e+06	1.0825e+06	1.09075e+06	1.06225e+06	1.08675e+06	
1.08375e+06	1.0895e+06	1.097e+06	1.0925e+06	1.104e+06	
1.08875e+06	1.1115e+06	1.124e+06	1.08625e+06	1.10775e+06	
1.06675e+06	1.09125e+06	1.09375e+06	1.11075e+06	1.104e+06	
1.11575e+06	1.11325e+06	1.14925e+06	1.11975e+06	1.1e+06	
1.16825e+06	1.1575e+06	1.155e+06	1.165e+06	1.18825e+06	
1.23e+06	1.206e+06	1.25125e+06	1.2205e+06	1.225e+06	
1.221e+06	1.22625e+06	1.2185e+06	1.20975e+06	1.2155e+06	
1.22875e+06	1.20725e+06	1.20225e+06	1.19525e+06	1.19725e+06	
1.2255e+06	1.2155e+06	1.245e+06	1.19475e+06	1.2205e+06	
1.20275e+06	1.20975e+06	1.19975e+06	1.20975e+06	1.2155e+06	
1.177e+06	1.19775e+06	1.19275e+06	1.19725e+06	1.19325e+06	
1.175e+06	1.175e+06	1.16875e+06	1.18075e+06	1.1845e+06	
1.20025e+06	1.20975e+06	1.1985e+06	1.1895e+06	1.206e+06	
1.211e+06	1.20225e+06	1.21475e+06	1.23125e+06	1.235e+06	
1.2425e+06	1.2525e+06	1.255e+06	1.255e+06	1.255e+06	
1.28525e+06	1.2565e+06	1.303e+06	1.27525e+06	1.26575e+06	
1.30675e+06	1.27275e+06	1.2935e+06	1.27225e+06	1.274e+06	
1.2765e+06	1.25775e+06	1.26075e+06	1.28525e+06	1.242e+06	
1.23425e+06	1.21975e+06	1.2525e+06	1.238e+06	1.24375e+06	
1.25125e+06	1.2765e+06	1.255e+06	1.2425e+06	1.27525e+06	
1.28525e+06	1.267e+06	1.28525e+06	1.25775e+06	1.269e+06	
1.21675e+06	1.22225e+06	1.2525e+06	1.223e+06	1.247e+06	
1.18025e+06	1.2035e+06	1.216e+06	1.19325e+06	1.17875e+06	
1.20025e+06	1.21975e+06	1.19075e+06	1.19975e+06	1.19775e+06	
1.199e+06	1.213e+06	1.182e+06	1.18825e+06	1.1985e+06	
1.15425e+06	1.14475e+06	1.13025e+06	1.1845e+06	1.16e+06	
1.112e+06	1.12525e+06	1.1405e+06	1.12525e+06	1.11325e+06	
1.12525e+06	1.14225e+06	1.12225e+06	1.13975e+06	1.1385e+06	
1.17825e+06	1.1605e+06	1.16e+06	1.1605e+06	1.129e+06	
1.16875e+06	1.153e+06	1.148e+06	1.15875e+06	1.155e+06	
1.211e+06	1.21475e+06	1.19525e+06	1.196e+06	1.19325e+06	
1.2905e+06	1.271e+06	1.2735e+06	1.2595e+06	1.28725e+06	
1.286e+06	1.28675e+06	1.28925e+06	1.30425e+06	1.281e+06	
1.3175e+06	1.29725e+06	1.28025e+06	1.286e+06	1.29675e+06	
1.3275e+06	1.3125e+06	1.3515e+06	1.28975e+06	1.308e+06	
1.37175e+06	1.322e+06	1.317e+06	1.3365e+06	1.3465e+06	
1.42525e+06	1.4e+06	1.424e+06	1.37675e+06	1.40575e+06	
1.43275e+06	1.43225e+06	1.4775e+06	1.451e+06	1.4265e+06	
1.494e+06	1.4435e+06	1.48325e+06	1.5035e+06	1.43725e+06	
1.43975e+06	1.42325e+06	1.4e+06	1.41575e+06	1.409e+06	
1.3485e+06	1.3615e+06	1.3905e+06	1.37725e+06	1.3485e+06	
1.3225e+06	1.349e+06	1.332e+06	1.351e+06	1.31125e+06	
1.3465e+06	1.34575e+06	1.342e+06	1.34025e+06	1.29925e+06	
1.363e+06	1.383e+06	1.39575e+06	1.3705e+06	1.35975e+06	
1.45175e+06	1.4285e+06	1.4195e+06	1.455e+06	1.40125e+06	
1.47325e+06	1.45675e+06	1.4575e+06	1.46875e+06	1.487e+06	
1.41575e+06	1.405e+06	1.40825e+06	1.419e+06	1.42525e+06	
1.332e+06	1.33825e+06	1.34775e+06	1.3515e+06	1.3415e+06	
1.31e+06	1.2885e+06	1.27975e+06	1.30625e+06	1.30375e+06	
1.2235e+06	1.22175e+06	1.23375e+06	1.24e+06	1.22875e+06	
1.175e+06	1.182e+06	1.20475e+06	1.18525e+06	1.1555e+06	
1.165e+06	1.189e+06	1.184e+06	1.17575e+06	1.18525e+06	
1.17625e+06	1.18325e+06	1.1915e+06	1.192e+06	1.1605e+06	
1.233e+06	1.255e+06	1.1965e+06	1.216e+06	1.20725e+06	
1.286e+06	1.305e+06	1.33275e+06	1.30675e+06	1.3225e+06	
1.43275e+06	1.409e+06	1.443e+06	1.39625e+06	1.451e+06	
1.46425e+06	1.46e+06	1.46875e+06	1.4535e+06	1.44675e+06	
1.4485e+06	1.45625e+06	1.436e+06	1.46925e+06	1.431e+06	
1.42775e+06	1.41275e+06	1.4535e+06	1.41825e+06	1.42025e+06	
1.4405e+06	1.43975e+06	1.46375e+06	1.41825e+06	1.426e+06	
1.47e+06	1.458e+06	1.4915e+06	1.492e+06	1.46375e+06	
1.51475e+06	1.506e+06	1.5255e+06	1.48775e+06	1.4845e+06	
1.51275e+06	1.47625e+06	1.518e+06	1.48325e+06	1.4915e+06	
1.509e+06	1.49775e+06	1.504e+06	1.51275e+06	1.494e+06	
1.552e+06	1.50725e+06	1.52175e+06	1.52675e+06	1.49525e+06	
1.497e+06	1.51025e+06	1.514e+06	1.5035e+06	1.49275e+06	
1.56e+06	1.55575e+06	1.545e+06	1.53125e+06	1.55875e+06	
1.62825e+06	1.615e+06	1.62825e+06	1.615e+06	1.62125e+06	
1.66525e+06	1.72025e+06	1.70575e+06	1.719e+06	1.6905e+06	
1.7875e+06	1.82975e+06	1.79525e+06	1.76875e+06	1.79825e+06	
1.79325e+06	1.7755e+06	1.7875e+06	1.828e+06	1.80075e+06	
1.8085e+06	1.79825e+06	1.83875e+06	1.83175e+06	1.83175e+06	
1.865e+06	1.88725e+06	1.8575e+06	1.84675e+06	1.865e+06	
1.93875e+06	1.949e+06	1.95525e+06	1.9155e+06	1.91225e+06	
1.91675e+06	1.91925e+06	1.92675e+06	1.9275e+06	1.9175e+06	
1.82925e+06	1.794e+06	1.80725e+06	1.782e+06	1.81525e+06	
1.6755e+06	1.71825e+06	1.66775e+06	1.65525e+06	1.68675e+06	
1.463e+06	1.49275e+06	1.47325e+06	1.47875e+06	1.458e+06	
1.3195e+06	1.317e+06	1.3275e+06	1.30175e+06	1.33275e+06	
1.291e+06	1.29725e+06	1.262e+06	1.26075e+06	1.262e+06	
1.42325e+06	1.407e+06	1.41025e+06	1.39625e+06	1.4025e+06	
1.606e+06	1.615e+06	1.625e+06	1.6275e+06	1.62825e+06	
1.79525e+06	1.836e+06	1.82425e+06	1.82425e+06	1.8215e+06	
1.92625e+06	1.94e+06	1.93125e+06	1.97925e+06	1.93625e+06	
2.0315e+06	2.017e+06	1.99425e+06	2.0175e+06	2.02825e+06	
1.98175e+06	1.95075e+06	1.9805e+06	1.942e+06	1.988e+06	
1.80725e+06	1.80525e+06	1.765e+06	1.77e+06	1.7655e+06	
1.584e+06	1.5785e+06	1.54825e+06	1.57725e+06	1.55075e+06	
1.439e+06	1.46375e+06	1.46175e+06	1.44675e+06	1.49075e+06	
1.56275e+06	1.5525e+06	1.5955e+06	1.58475e+06	1.567e+06	
1.87275e+06	1.802e+06	1.8695e+06	1.87075e+06	1.85825e+06	
2.17125e+06	2.1385e+06	2.16625e+06	2.179e+06	2.172e+06	
2.36725e+06	2.33025e+06	2.3755e+06	2.35475e+06	2.392e+06	
2.53675e+06	2.487e+06	2.5015e+06	2.47e+06	2.46425e+06	
2.52675e+06	2.56575e+06	2.6075e+06	2.6155e+06	2.59175e+06	
2.63125e+06	2.6515e+06	2.61175e+06	2.552e+06	2.61e+06	
2.64575e+06	2.676e+06	2.63325e+06	2.68125e+06	2.618e+06	
2.67925e+06	2.68375e+06	2.7115e+06	2.7195e+06	2.66275e+06	
2.71525e+06	2.72525e+06	2.70875e+06	2.6365e+06	2.695e+06	
2.7365e+06	2.73225e+06	2.739e+06	2.739e+06	2.7435e+06	
2.862e+06	2.8545e+06	2.86075e+06	2.8765e+06	2.8815e+06	
2.879e+06	2.9685e+06	2.89025e+06	2.932e+06	2.84375e+06	
2.88725e+06	2.93075e+06	2.9585e+06	2.93125e+06	2.94825e+06	
3.012e+06	2.9955e+06	2.9785e+06	2.95275e+06	2.969e+06	
2.95075e+06	2.94275e+06	2.98625e+06	2.97225e+06	3.00125e+06	
2.89925e+06	2.91925e+06	2.906e+06	2.89225e+06	2.8355e+06	
2.8695e+06	2.8765e+06	2.91675e+06	2.94775e+06	2.9035e+06	
3.01375e+06	3.01e+06	2.94575e+06	2.96275e+06	2.9685e+06	
2.94525e+06	2.89675e+06	2.9635e+06	2.93325e+06	2.9085e+06	
2.937e+06	2.9005e+06	2.9155e+06	2.925e+06	2.947e+06	
2.94525e+06	2.98675e+06	2.97175e+06	2.952e+06	2.95525e+06	
2.966e+06	2.96525e+06	2.9755e+06	2.9975e+06	2.97025e+06	
2.9495e+06	2.94275e+06	2.97225e+06	2.92175e+06	2.918e+06	
2.947e+06	2.91e+06	2.947e+06	2.95725e+06	2.94025e+06	
2.90725e+06	2.92425e+06	2.932e+06	2.8815e+06	2.9465e+06	
2.96475e+06	2.949e+06	2.95025e+06	2.9175e+06	2.96975e+06	
3.00875e+06	2.995e+06	3.019e+06	2.998e+06	2.995e+06	
3.02825e+06	3.0655e+06	3.0775e+06	3.0775e+06	3.0605e+06	
3.12925e+06	3.1045e+06	3.1695e+06	3.0725e+06	3.1425e+06	
3.22175e+06	3.16825e+06	3.20725e+06	3.22125e+06	3.196e+06	
3.31825e+06	3.3435e+06	3.35025e+06	3.3605e+06	3.30425e+06	
3.324e+06	3.3295e+06	3.339e+06	3.3465e+06	3.33075e+06	
3.27975e+06	3.2175e+06	3.23875e+06	3.26025e+06	3.2715e+06	
3.06175e+06	3.053e+06	3.11475e+06	3.0965e+06	3.06925e+06	
3.0485e+06	3.09525e+06	3.0415e+06	3.05475e+06	2.9905e+06	
3.068e+06	3.11475e+06	3.128e+06	3.10525e+06	3.13425e+06	
3.28725e+06	3.278e+06	3.31875e+06	3.339e+06	3.32525e+06	
3.433e+06	3.4435e+06	3.4305e+06	3.3805e+06	3.3975e+06	
3.4435e+06	3.521e+06	3.4865e+06	3.4575e+06	3.48775e+06	
3.5785e+06	3.521e+06	3.61875e+06	3.52875e+06	3.586e+06	
3.554e+06	3.49525e+06	3.569e+06	3.4895e+06	3.5205e+06	
3.46325e+06	3.46625e+06	3.5015e+06	3.49025e+06	3.50975e+06	
3.4165e+06	3.43925e+06	3.3775e+06	3.47325e+06	3.43675e+06	
3.603e+06	3.59425e+06	3.55775e+06	3.52925e+06	3.57725e+06	
3.60125e+06	3.6055e+06	3.615e+06	3.58925e+06	3.6175e+06	
3.5615e+06	3.58975e+06	3.583e+06	3.5305e+06	3.576e+06	
3.588e+06	3.60425e+06	3.632e+06	3.62625e+06	3.63275e+06	
3.61625e+06	3.479e+06	3.559e+06	3.54875e+06	3.5545e+06	
3.57225e+06	3.59925e+06	3.6175e+06	3.579e+06	3.627e+06	
3.73225e+06	3.60875e+06	3.6735e+06	3.69125e+06	3.67875e+06	
3.77825e+06	3.77575e+06	3.775e+06	3.76125e+06	3.82175e+06	
3.7485e+06	3.7845e+06	3.7895e+06	3.84175e+06	3.79975e+06	
3.66925e+06	3.64725e+06	3.6685e+06	3.6635e+06	3.7315e+06	
3.62325e+06	3.6195e+06	3.62825e+06	3.60925e+06	3.6105e+06	
3.60875e+06	3.6025e+06	3.663e+06	3.62e+06	3.5935e+06	
3.598e+06	3.64475e+06	3.668e+06	3.69e+06	3.64975e+06	
3.68625e+06	3.68925e+06	3.6465e+06	3.66225e+06	3.62625e+06	
3.7045e+06	3.7215e+06	3.7045e+06	3.746e+06	3.721e+06	
3.789e+06	3.79575e+06	3.7525e+06	3.74675e+06	3.746e+06	
3.75375e+06	3.75425e+06	3.71775e+06	3.729e+06	3.741e+06	
3.66175e+06	3.738e+06	3.76175e+06	3.758e+06	3.75175e+06	
3.83925e+06	3.76375e+06	3.80775e+06	3.78825e+06	3.82925e+06	
3.964e+06	3.93e+06	3.98425e+06	3.932e+06	3.9495e+06	
4.00625e+06	4.014e+06	4.0095e+06	4.02975e+06	3.94825e+06	
4.12975e+06	4.0485e+06	4.07825e+06	4.09275e+06	4.0895e+06	
4.08375e+06	4.04025e+06	4.0335e+06	4.0075e+06	4.08625e+06	
3.95725e+06	3.90925e+06	3.92375e+06	3.95225e+06	3.97225e+06	
3.88475e+06	3.821e+06	3.88475e+06	3.826e+06	3.80975e+06	
3.843e+06	3.813e+06	3.8545e+06	3.809e+06	3.84575e+06	
3.80025e+06	3.8235e+06	3.80725e+06	3.79025e+06	3.85075e+06	
3.9055e+06	3.94825e+06	4e+06	3.922e+06	3.9245e+06	
4.00125e+06	4.048e+06	3.9705e+06	4.0265e+06	4.02025e+06	
4.0505e+06	4.077e+06	4.131e+06	4.087e+06	4.0195e+06	
4.075e+06	4.07375e+06	4.1665e+06	4.0895e+06	4.1115e+06	
4.10025e+06	4.063e+06	4.0045e+06	4.02725e+06	4.0725e+06	
4.02325e+06	4.0045e+06	4.04675e+06	4.0365e+06	4.08075e+06	
4.099e+06	4.0655e+06	4.09325e+06	4.085e+06	4.1625e+06	
4.1955e+06	4.1835e+06	4.2495e+06	4.13675e+06	4.2125e+06	
4.09525e+06	4.1335e+06	4.11225e+06	4.1255e+06	4.11225e+06	
4.16325e+06	4.08325e+06	4.14425e+06	4.05725e+06	4.05875e+06	
3.947e+06	3.92875e+06	3.94525e+06	3.88225e+06	3.94075e+06	
4.01525e+06	3.9685e+06	4.01275e+06	4.0285e+06	3.9805e+06	
4.08e+06	4.104e+06	4.082e+06	4.0315e+06	4.053e+06	
4.1305e+06	4.06925e+06	4.133e+06	4.0915e+06	4.10525e+06	
4.08625e+06	4.068e+06	4.0655e+06	4.06625e+06	4.00125e+06	
4.0265e+06	3.96025e+06	4.014e+06	3.985e+06	4.0775e+06	
3.79575e+06	3.712e+06	3.801e+06	3.76825e+06	3.763e+06	
3.5645e+06	3.613e+06	3.6275e+06	3.62375e+06	3.5425e+06	
3.3125e+06	3.32775e+06	3.35675e+06	3.34225e+06	3.315e+06	
3.2715e+06	3.3005e+06	3.2375e+06	3.24375e+06	3.23825e+06	
3.3705e+06	3.3775e+06	3.36675e+06	3.3585e+06	3.3605e+06	
3.85375e+06	3.8155e+06	3.7265e+06	3.816e+06	3.869e+06	
4.25975e+06	4.18725e+06	4.30125e+06	4.17325e+06	4.18725e+06	
4.48275e+06	4.499e+06	4.448e+06	4.499e+06	4.489e+06	
4.411e+06	4.404e+06	4.43425e+06	4.43475e+06	4.46325e+06	
4.48775e+06	4.39325e+06	4.3825e+06	4.45425e+06	4.41975e+06	
4.54325e+06	4.52375e+06	4.50725e+06	4.55575e+06	4.50425e+06	
4.4625e+06	4.53825e+06	4.50475e+06	4.496e+06	4.53175e+06	
4.2275e+06	4.324e+06	4.27675e+06	4.2155e+06	4.26975e+06	
4.25575e+06	4.33775e+06	4.22175e+06	4.3005e+06	4.278e+06	
4.49225e+06	4.4715e+06	4.46575e+06	4.4525e+06	4.419e+06	
4.583e+06	4.59175e+06	4.60625e+06	4.58675e+06	4.6e+06	
4.7015e+06	4.66725e+06	4.66675e+06	4.6975e+06	4.70325e+06	
4.83425e+06	4.825e+06	4.80975e+06	4.7795e+06	4.799e+06	
4.99e+06	4.98675e+06	5.07875e+06	5.012e+06	4.96425e+06	
5.06125e+06	4.96925e+06	5.05925e+06	5.101e+06	5.055e+06	
5.075e+06	5.0215e+06	5.043e+06	5.08325e+06	5.05875e+06	
4.96175e+06	4.97475e+06	5.01775e+06	5.00125e+06	4.93e+06	
4.9025e+06	4.86575e+06	4.9225e+06	4.90625e+06	4.89475e+06	
4.77325e+06	4.75925e+06	4.808e+06	4.80975e+06	4.7e+06	
4.6075e+06	4.695e+06	4.6515e+06	4.60675e+06	4.61575e+06	
4.46325e+06	4.49775e+06	4.5425e+06	4.54125e+06	4.4915e+06	
4.76325e+06	4.661e+06	4.7265e+06	4.72725e+06	4.71075e+06	
4.97675e+06	4.9535e+06	4.944e+06	4.9195e+06	4.91125e+06	
5.048e+06	4.9225e+06	4.95725e+06	4.973e+06	4.99625e+06	
5.05625e+06	4.98e+06	4.932e+06	4.9585e+06	4.954e+06	
4.94725e+06	4.946e+06	4.94275e+06	4.961e+06	4.9e+06	
5.0895e+06	5.09525e+06	5.1835e+06	5.072e+06	5.041e+06	
5.3075e+06	5.2325e+06	5.25075e+06	5.281e+06	5.20425e+06	
5.45e+06	5.457e+06	5.52175e+06	5.45825e+06	5.38875e+06	
5.394e+06	5.42725e+06	5.44125e+06	5.4745e+06	5.4425e+06	
5.58725e+06	5.62575e+06	5.559e+06	5.57025e+06	5.54125e+06	
5.603e+06	5.581e+06	5.6365e+06	5.549e+06	5.5615e+06	
5.557e+06	5.5665e+06	5.607e+06	5.58175e+06	5.56975e+06	
5.4165e+06	5.462e+06	5.5255e+06	5.53825e+06	5.5035e+06	
5.63725e+06	5.51875e+06	5.6415e+06	5.55025e+06	5.57925e+06	
5.561e+06	5.544e+06	5.6465e+06	5.53375e+06	5.53575e+06	
5.607e+06	5.65725e+06	5.6585e+06	5.6755e+06	5.59875e+06	
5.66675e+06	5.69575e+06	5.65675e+06	5.67675e+06	5.75875e+06	
5.6675e+06	5.68e+06	5.66875e+06	5.67875e+06	5.61875e+06	
5.50175e+06	5.474e+06	5.53625e+06	5.438e+06	5.48275e+06	
5.375e+06	5.40325e+06	5.3725e+06	5.329e+06	5.30325e+06	
5.5635e+06	5.4915e+06	5.57425e+06	5.54825e+06	5.443e+06	
5.636e+06	5.64025e+06	5.733e+06	5.57425e+06	5.68825e+06	
5.726e+06	5.71075e+06	5.69125e+06	5.724e+06	5.7645e+06	
5.95925e+06	5.84825e+06	5.862e+06	5.978e+06	5.9435e+06	
5.93525e+06	5.954e+06	5.98425e+06	5.99875e+06	5.8665e+06	
5.91325e+06	6.0095e+06	5.9465e+06	5.883e+06	5.96675e+06	
6.00275e+06	5.92775e+06	6.017e+06	5.9265e+06	5.954e+06	
5.8935e+06	5.84825e+06	5.90425e+06	5.90175e+06	5.917e+06	
5.99875e+06	5.9485e+06	5.949e+06	5.99325e+06	5.95225e+06	
6.113e+06	6.09075e+06	6.10975e+06	6.10975e+06	6.11425e+06	
6.1035e+06	6.05925e+06	6.19175e+06	6.1185e+06	6.043e+06	
6.268e+06	6.25775e+06	6.23575e+06	6.2395e+06	6.27225e+06	
6.50925e+06	6.421e+06	6.45075e+06	6.49725e+06	6.4305e+06	
6.33925e+06	6.3945e+06	6.343e+06	6.27675e+06	6.355e+06	
6.35675e+06	6.2805e+06	6.30625e+06	6.28e+06	6.24525e+06	
6.26425e+06	6.36425e+06	6.36375e+06	6.312e+06	6.30075e+06	
6.14325e+06	6.1065e+06	6.1375e+06	6.1645e+06	6.16575e+06	
5.95925e+06	5.95675e+06	6.00775e+06	5.98425e+06	5.98125e+06	
5.75425e+06	5.72525e+06	5.7815e+06	5.8565e+06	5.7885e+06	
5.946e+06	5.9125e+06	5.90925e+06	5.96675e+06	5.9125e+06	
5.96975e+06	5.869e+06	5.91625e+06	5.94725e+06	5.92e+06	
6.1375e+06	6.104e+06	6.1325e+06	6.12175e+06	6.09725e+06	
6.1425e+06	6.0985e+06	6.133e+06	6.0505e+06	6.1375e+06	
6.09475e+06	6.079e+06	6.12425e+06	5.98825e+06	6.075e+06	
6.058e+06	6.12925e+06	6.10775e+06	6.00775e+06	6.06125e+06	
6.23525e+06	6.37e+06	6.25475e+06	6.2565e+06	6.20625e+06	
6.2005e+06	6.171e+06	6.2685e+06	6.26675e+06	6.24975e+06	
6.36675e+06	6.4205e+06	6.31025e+06	6.32075e+06	6.33525e+06	
6.435e+06	6.40525e+06	6.39025e+06	6.32975e+06	6.295e+06	
6.34725e+06	6.24775e+06	6.314e+06	6.35225e+06	6.4065e+06	
6.56025e+06	6.532e+06	6.56775e+06	6.48775e+06	6.52825e+06	
6.52575e+06	6.5295e+06	6.49425e+06	6.46125e+06	6.438e+06	
6.36675e+06	6.363e+06	6.326e+06	6.38375e+06	6.29325e+06	
6.36675e+06	6.35925e+06	6.358e+06	6.44625e+06	6.2805e+06	
6.314e+06	6.331e+06	6.25225e+06	6.276e+06	6.29175e+06	
6.3625e+06	6.30825e+06	6.331e+06	6.40225e+06	6.34175e+06	
6.42725e+06	6.38125e+06	6.44425e+06	6.4115e+06	6.32525e+06	
6.3165e+06	6.32975e+06	6.3625e+06	6.33225e+06	6.33225e+06	
6.49425e+06	6.493e+06	6.496e+06	6.5415e+06	6.44425e+06	
6.489e+06	6.4455e+06	6.5665e+06	6.4425e+06	6.42475e+06	
6.63775e+06	6.5995e+06	6.68125e+06	6.64675e+06	6.58225e+06	
6.70075e+06	6.535e+06	6.5565e+06	6.6825e+06	6.622e+06	
6.71725e+06	6.619e+06	6.634e+06	6.5735e+06	6.65425e+06	
6.80225e+06	6.7715e+06	6.823e+06	6.7285e+06	6.748e+06	
6.74925e+06	6.69825e+06	6.77775e+06	6.79775e+06	6.7375e+06	
6.64975e+06	6.731e+06	6.733e+06	6.7185e+06	6.70525e+06	
6.8135e+06	6.704e+06	6.857e+06	6.7865e+06	6.7045e+06	
6.8055e+06	6.72975e+06	6.78275e+06	6.7625e+06	6.7135e+06	
6.6385e+06	6.6875e+06	6.7625e+06	6.70775e+06	6.61375e+06	
6.675e+06	6.64225e+06	6.70725e+06	6.57475e+06	6.62525e+06	
6.65425e+06	6.6335e+06	6.61125e+06	6.631e+06	6.65425e+06	
6.63025e+06	6.57925e+06	6.651e+06	6.55275e+06	6.55725e+06	
6.702e+06	6.71975e+06	6.794e+06	6.7575e+06	6.71525e+06	
6.73425e+06	6.67175e+06	6.76e+06	6.72225e+06	6.59875e+06	
6.93275e+06	6.81175e+06	6.8835e+06	6.87925e+06	6.98875e+06	
6.72225e+06	6.64725e+06	6.731e+06	6.75325e+06	6.687e+06	
6.67875e+06	6.6455e+06	6.7115e+06	6.7505e+06	6.6335e+06	
6.7915e+06	6.8545e+06	6.82e+06	6.7675e+06	6.79275e+06	
6.83e+06	6.78025e+06	6.94025e+06	6.8295e+06	6.85975e+06	
6.91825e+06	6.907e+06	6.924e+06	6.9175e+06	6.84775e+06	
7.01475e+06	6.9465e+06	6.8715e+06	6.9605e+06	6.8105e+06	
7.058e+06	7.0505e+06	7.08325e+06	7.14075e+06	7.18425e+06	
7.222e+06	7.183e+06	7.18925e+06	7.0865e+06	7.1255e+06	
7.198e+06	7.10025e+06	7.1955e+06	7.16525e+06	7.12375e+06	
7.14625e+06	7.137e+06	7.11425e+06	7.15275e+06	7.05675e+06	
7.11425e+06	7.01475e+06	7.15575e+06	7.1185e+06	7.1155e+06	
6.94025e+06	6.93525e+06	6.973e+06	6.98575e+06	6.9e+06	
7.10925e+06	7.0505e+06	7.13175e+06	7.06825e+06	7.12175e+06	
7.20425e+06	7.22e+06	7.164e+06	7.16775e+06	7.205e+06	
7.365e+06	7.43375e+06	7.39975e+06	7.34675e+06	7.30525e+06	
7.663e+06	7.65225e+06	7.5905e+06	7.57425e+06	7.578e+06	
7.672e+06	7.57725e+06	7.69575e+06	7.687e+06	7.67825e+06	
7.60375e+06	7.57925e+06	7.58375e+06	7.5615e+06	7.67825e+06	
7.61575e+06	7.5635e+06	7.544e+06	7.5875e+06	7.5245e+06	
7.6285e+06	7.689e+06	7.653e+06	7.69825e+06	7.6145e+06	
7.69775e+06	7.69275e+06	7.70225e+06	7.7255e+06	7.6165e+06	
7.8635e+06	7.82375e+06	7.83875e+06	7.847e+06	7.78975e+06	
8.07275e+06	8.057e+06	8.118e+06	8.04175e+06	8.03175e+06	
8.00975e+06	8.0335e+06	8.01025e+06	8.04425e+06	7.89175e+06	
8.08775e+06	8.02975e+06	7.99775e+06	8.0545e+06	8.028e+06	
8.1085e+06	8.0215e+06	8.065e+06	8.08075e+06	7.92775e+06	
8.1155e+06	8.1135e+06	8.07075e+06	8.096e+06	8.123e+06	
8.12675e+06	8.079e+06	8.12925e+06	8.05875e+06	8.09525e+06	
8.18975e+06	8.0695e+06	8.1465e+06	8.2075e+06	8.11625e+06	
8.2755e+06	8.316e+06	8.44e+06	8.38025e+06	8.20675e+06	
8.479e+06	8.46075e+06	8.65625e+06	8.483e+06	8.566e+06	
8.718e+06	8.6405e+06	8.74875e+06	8.78925e+06	8.7445e+06	
8.6e+06	8.6025e+06	8.76025e+06	8.658e+06	8.70275e+06	
8.7375e+06	8.78975e+06	8.71725e+06	8.76275e+06	8.67825e+06	
8.8395e+06	8.68825e+06	8.68775e+06	8.7065e+06	8.76275e+06	
9.12425e+06	8.96125e+06	9.08525e+06	9.10225e+06	8.98125e+06	
9.03925e+06	9.11925e+06	9.08525e+06	9.108e+06	9.0665e+06	
9.17475e+06	9.0425e+06	9.07825e+06	9.01725e+06	9.01025e+06	
9.2385e+06	9.2705e+06	9.30525e+06	9.2675e+06	9.28575e+06	
9.3285e+06	9.19125e+06	9.37825e+06	9.2705e+06	9.212e+06	
9.2655e+06	9.17975e+06	9.27125e+06	9.2895e+06	9.2755e+06	
9.45325e+06	9.321e+06	9.4085e+06	9.29375e+06	9.345e+06	
9.59825e+06	9.5295e+06	9.66325e+06	9.61525e+06	9.51575e+06	
9.4835e+06	9.48975e+06	9.643e+06	9.5345e+06	9.52775e+06	
9.81875e+06	9.67575e+06	9.7955e+06	9.70925e+06	9.662e+06	
9.59325e+06	9.55925e+06	9.578e+06	9.52575e+06	9.515e+06	
9.706e+06	9.6815e+06	9.6455e+06	9.7065e+06	9.624e+06	
9.7545e+06	9.653e+06	9.68075e+06	9.63925e+06	9.64875e+06	
9.69075e+06	9.68275e+06	9.706e+06	9.73e+06	9.636e+06	
9.624e+06	9.51575e+06	9.50375e+06	9.626e+06	9.52525e+06	
9.796e+06	9.75125e+06	9.8175e+06	9.86675e+06	9.75825e+06	
9.677e+06	9.68275e+06	9.64425e+06	9.65875e+06	9.59325e+06	
9.3625e+06	9.3215e+06	9.49925e+06	9.36125e+06	9.3625e+06	
8.989e+06	8.89825e+06	8.87175e+06	8.8785e+06	8.866e+06	
8.51575e+06	8.53075e+06	8.57675e+06	8.48925e+06	8.517e+06	
8.48725e+06	8.47975e+06	8.5245e+06	8.44825e+06	8.447e+06	
8.774e+06	8.7985e+06	8.78925e+06	8.798e+06	8.81925e+06	
9.2875e+06	9.13325e+06	9.30275e+06	9.2315e+06	9.251e+06	
9.4975e+06	9.554e+06	9.61275e+06	9.48425e+06	9.47925e+06	
9.895e+06	9.83825e+06	9.85225e+06	9.89325e+06	9.849e+06	
9.9775e+06	9.96e+06	1.00632e+07	1.00475e+07	1.00508e+07	
1.0043e+07	9.9695e+06	9.98775e+06	9.9115e+06	9.95875e+06	
1.00235e+07	1.0055e+07	1.01282e+07	1.01522e+07	1.01652e+07	
1.03418e+07	1.0331e+07	1.03462e+07	1.03852e+07	1.0277e+07	
1.06588e+07	1.06555e+07	1.05908e+07	1.06015e+07	1.07155e+07	
1.07358e+07	1.08755e+07	1.07835e+07	1.07968e+07	1.08655e+07	
1.08025e+07	1.06998e+07	1.06952e+07	1.07462e+07	1.0725e+07	
1.08755e+07	1.07665e+07	1.08938e+07	1.0766e+07	1.07515e+07	
1.06885e+07	1.07595e+07	1.0737e+07	1.06898e+07	1.06608e+07	
1.05112e+07	1.05352e+07	1.06198e+07	1.05472e+07	1.05498e+07	
1.02862e+07	1.0389e+07	1.04022e+07	1.03665e+07	1.03412e+07	
1.03575e+07	1.02825e+07	1.03985e+07	1.0316e+07	1.02298e+07	
1.0539e+07	1.05252e+07	1.05385e+07	1.04502e+07	1.03752e+07	
1.0854e+07	1.0926e+07	1.0965e+07	1.08448e+07	1.08452e+07	
1.09542e+07	1.1009e+07	1.09832e+07	1.09662e+07	1.08742e+07	
1.08358e+07	1.08365e+07	1.08535e+07	1.08302e+07	1.07495e+07	
1.11735e+07	1.1125e+07	1.11188e+07	1.10142e+07	1.10798e+07	
1.12995e+07	1.1241e+07	1.11485e+07	1.11788e+07	1.11912e+07	
1.14975e+07	1.12825e+07	1.14358e+07	1.12788e+07	1.13078e+07	
1.12128e+07	1.12208e+07	1.13115e+07	1.1328e+07	1.13285e+07	
1.13185e+07	1.134e+07	1.1287e+07	1.12865e+07	1.12522e+07	
1.13852e+07	1.13028e+07	1.134e+07	1.13255e+07	1.13632e+07	
1.14142e+07	1.1309e+07	1.13765e+07	1.13298e+07	1.13048e+07	
1.14262e+07	1.13248e+07	1.1374e+07	1.1439e+07	1.13298e+07	
1.1473e+07	1.13772e+07	1.16002e+07	1.13628e+07	1.14238e+07	
1.14238e+07	1.15152e+07	1.14648e+07	1.15282e+07	1.1476e+07	
1.14495e+07	1.1461e+07	1.15402e+07	1.14245e+07	1.1364e+07	
1.1323e+07	1.11615e+07	1.12435e+07	1.11925e+07	1.1229e+07	
1.11458e+07	1.09695e+07	1.11062e+07	1.10552e+07	1.11018e+07	
1.1004e+07	1.10645e+07	1.11432e+07	1.11295e+07	1.10752e+07	
1.13375e+07	1.12662e+07	1.14162e+07	1.12952e+07	1.12025e+07	
1.1396e+07	1.13022e+07	1.13065e+07	1.1299e+07	1.1343e+07	
1.13148e+07	1.12708e+07	1.13115e+07	1.14238e+07	1.12958e+07	
1.11962e+07	1.11548e+07	1.1084e+07	1.11055e+07	1.1188e+07	
1.09612e+07	1.1042e+07	1.09505e+07	1.10205e+07	1.09468e+07	
1.09932e+07	1.09008e+07	1.0953e+07	1.0963e+07	1.09082e+07	
1.09202e+07	1.09102e+07	1.09865e+07	1.08278e+07	1.09265e+07	
1.09078e+07	1.07558e+07	1.09738e+07	1.08938e+07	1.0834e+07	
1.09e+07	1.08e+07	1.08302e+07	1.09152e+07	1.08e+07	
1.0863e+07	1.09662e+07	1.09852e+07	1.09542e+07	1.0943e+07	
1.1159e+07	1.111e+07	1.12688e+07	1.11225e+07	1.11565e+07	
1.12725e+07	1.1362e+07	1.14112e+07	1.13255e+07	1.11672e+07	
1.1386e+07	1.11862e+07	1.1314e+07	1.13072e+07	1.12455e+07	
1.12145e+07	1.111e+07	1.1178e+07	1.126e+07	1.1183e+07	
1.11578e+07	1.10998e+07	1.10538e+07	1.1243e+07	1.11415e+07	
1.1277e+07	1.12738e+07	1.12372e+07	1.12522e+07	1.11772e+07	
1.14432e+07	1.13558e+07	1.13185e+07	1.14672e+07	1.1347e+07	
1.16272e+07	1.14142e+07	1.16545e+07	1.16272e+07	1.15585e+07	
1.18112e+07	1.18232e+07	1.18332e+07	1.1834e+07	1.17768e+07	
1.17162e+07	1.17138e+07	1.1749e+07	1.18245e+07	1.17598e+07	
1.18302e+07	1.18422e+07	1.18012e+07	1.19148e+07	1.17615e+07	
1.17118e+07	1.16348e+07	1.1585e+07	1.16948e+07	1.159e+07	
1.16412e+07	1.16152e+07	1.16052e+07	1.165e+07	1.16305e+07	
1.15832e+07	1.15638e+07	1.13682e+07	1.1471e+07	1.14988e+07	
1.1282e+07	1.12708e+07	1.13098e+07	1.1413e+07	1.11868e+07	
1.1251e+07	1.13338e+07	1.13048e+07	1.11598e+07	1.1316e+07	
1.1333e+07	1.1403e+07	1.13412e+07	1.12498e+07	1.1384e+07	
1.16682e+07	1.15932e+07	1.17822e+07	1.16828e+07	1.17192e+07	
1.16305e+07	1.1662e+07	1.17598e+07	1.1713e+07	1.17458e+07	
1.1679e+07	1.16632e+07	1.17268e+07	1.16765e+07	1.16562e+07	
1.16998e+07	1.1498e+07	1.16135e+07	1.16872e+07	1.1551e+07	
1.1679e+07	1.16032e+07	1.15725e+07	1.16272e+07	1.16028e+07	
1.1476e+07	1.15572e+07	1.1556e+07	1.15088e+07	1.14552e+07	
1.16752e+07	1.16645e+07	1.16885e+07	1.166e+07	1.16638e+07	
1.19002e+07	1.18742e+07	1.19555e+07	1.19645e+07	1.1982e+07	
1.18358e+07	1.17048e+07	1.17755e+07	1.17868e+07	1.17362e+07	
1.16985e+07	1.17048e+07	1.17635e+07	1.16778e+07	1.1645e+07	
1.18075e+07	1.1718e+07	1.17312e+07	1.17748e+07	1.18158e+07	
1.16612e+07	1.1575e+07	1.16235e+07	1.16072e+07	1.16065e+07	
1.14912e+07	1.14245e+07	1.1432e+07	1.1454e+07	1.14792e+07	
1.14602e+07	1.15535e+07	1.15952e+07	1.15605e+07	1.14635e+07	
1.13815e+07	1.1357e+07	1.14282e+07	1.13575e+07	1.13665e+07	
1.11742e+07	1.12692e+07	1.12668e+07	1.12838e+07	1.11312e+07	
1.13632e+07	1.13022e+07	1.1381e+07	1.134e+07	1.1367e+07	
1.14232e+07	1.13798e+07	1.14125e+07	1.1432e+07	1.13375e+07	
1.15535e+07	1.15398e+07	1.1442e+07	1.15335e+07	1.15025e+07	
1.15295e+07	1.1643e+07	1.14925e+07	1.14232e+07	1.14805e+07	
1.15152e+07	1.14508e+07	1.13615e+07	1.13128e+07	1.15112e+07	
1.09972e+07	1.09165e+07	1.10728e+07	1.08698e+07	1.0892e+07	
1.0512e+07	1.05555e+07	1.05038e+07	1.04495e+07	1.0372e+07	
1.0365e+07	1.0207e+07	1.0345e+07	1.0234e+07	1.02492e+07	
1.0362e+07	1.03885e+07	1.0432e+07	1.03972e+07	1.0384e+07	
1.0597e+07	1.06708e+07	1.05705e+07	1.05208e+07	1.05572e+07	
1.0672e+07	1.05095e+07	1.06922e+07	1.05908e+07	1.04768e+07	
1.06348e+07	1.05202e+07	1.06252e+07	1.067e+07	1.06682e+07	
1.08988e+07	1.0873e+07	1.09342e+07	1.08258e+07	1.07818e+07	
1.10828e+07	1.10105e+07	1.10168e+07	1.09972e+07	1.08792e+07	
1.13148e+07	1.12498e+07	1.1309e+07	1.12405e+07	1.13405e+07	
1.15075e+07	1.1531e+07	1.1553e+07	1.15132e+07	1.1449e+07	
1.1539e+07	1.15712e+07	1.16218e+07	1.1573e+07	1.1493e+07	
1.16135e+07	1.15675e+07	1.17142e+07	1.15278e+07	1.15548e+07	
1.17545e+07	1.16538e+07	1.17768e+07	1.1674e+07	1.16965e+07	
1.17822e+07	1.16928e+07	1.17855e+07	1.17425e+07	1.1723e+07	
1.19845e+07	1.18622e+07	1.18875e+07	1.19468e+07	1.18478e+07	
1.19638e+07	1.18775e+07	1.188e+07	1.18018e+07	1.18232e+07	
1.17565e+07	1.17938e+07	1.17552e+07	1.16835e+07	1.16678e+07	
1.18245e+07	1.15585e+07	1.17508e+07	1.17138e+07	1.16405e+07	
1.17388e+07	1.1674e+07	1.15952e+07	1.16972e+07	1.15795e+07	
1.18738e+07	1.18352e+07	1.18895e+07	1.18712e+07	1.18282e+07	
1.20918e+07	1.21238e+07	1.20975e+07	1.20105e+07	1.20375e+07	
1.21692e+07	1.21932e+07	1.22605e+07	1.22865e+07	1.22472e+07	
1.23052e+07	1.21522e+07	1.2275e+07	1.2386e+07	1.22398e+07	
1.2275e+07	1.22658e+07	1.23205e+07	1.22265e+07	1.21552e+07	
1.2229e+07	1.21498e+07	1.22372e+07	1.2243e+07	1.22025e+07	
1.22802e+07	1.21278e+07	1.21598e+07	1.21618e+07	1.22505e+07	
1.19712e+07	1.1914e+07	1.1926e+07	1.19758e+07	1.1887e+07	
1.17118e+07	1.17295e+07	1.16512e+07	1.16135e+07	1.1568e+07	
1.11825e+07	1.11722e+07	1.13678e+07	1.11905e+07	1.12965e+07	
1.1309e+07	1.1292e+07	1.13752e+07	1.1214e+07	1.12115e+07	
1.14548e+07	1.14035e+07	1.14822e+07	1.14888e+07	1.14332e+07	
1.17262e+07	1.16898e+07	1.16808e+07	1.1655e+07	1.18162e+07	
1.18308e+07	1.18622e+07	1.20602e+07	1.19052e+07	1.18572e+07	
1.20968e+07	1.2098e+07	1.2231e+07	1.2045e+07	1.2204e+07	
1.24208e+07	1.23722e+07	1.24515e+07	1.24552e+07	1.23155e+07	
1.24672e+07	1.2434e+07	1.26475e+07	1.25485e+07	1.258e+07	
1.2405e+07	1.24282e+07	1.2502e+07	1.23872e+07	1.24188e+07	
1.24005e+07	1.24668e+07	1.23905e+07	1.24615e+07	1.2342e+07	
1.24188e+07	1.24888e+07	1.25895e+07	1.24195e+07	1.24812e+07	
1.26815e+07	1.24622e+07	1.25562e+07	1.26715e+07	1.25902e+07	
1.2575e+07	1.26128e+07	1.26752e+07	1.26338e+07	1.25045e+07	
1.26185e+07	1.24748e+07	1.26305e+07	1.2611e+07	1.26558e+07	
1.26198e+07	1.26785e+07	1.26388e+07	1.26318e+07	1.25328e+07	
1.23645e+07	1.23955e+07	1.2267e+07	1.24552e+07	1.23098e+07	
1.20358e+07	1.21188e+07	1.21888e+07	1.19725e+07	1.19752e+07	
1.18705e+07	1.18932e+07	1.1953e+07	1.1912e+07	1.1926e+07	
1.2086e+07	1.20028e+07	1.1994e+07	1.19422e+07	1.2004e+07	
1.21812e+07	1.2134e+07	1.2105e+07	1.2166e+07	1.21655e+07	
1.2248e+07	1.21775e+07	1.21092e+07	1.20818e+07	1.21548e+07	
1.212e+07	1.21415e+07	1.2296e+07	1.22198e+07	1.21365e+07	
1.2301e+07	1.21635e+07	1.21452e+07	1.20785e+07	1.20262e+07	
1.23798e+07	1.2313e+07	1.2485e+07	1.2241e+07	1.22342e+07	
1.24282e+07	1.24792e+07	1.24155e+07	1.24445e+07	1.24395e+07	
1.25298e+07	1.25435e+07	1.25588e+07	1.25878e+07	1.25322e+07	
1.2456e+07	1.243e+07	1.23835e+07	1.2478e+07	1.24402e+07	
1.24112e+07	1.23388e+07	1.2267e+07	1.2328e+07	1.23785e+07	
1.20868e+07	1.20342e+07	1.2188e+07	1.20868e+07	1.204e+07	
1.21622e+07	1.20748e+07	1.21408e+07	1.2255e+07	1.21855e+07	
1.2134e+07	1.21132e+07	1.21472e+07	1.21402e+07	1.21768e+07	
1.21888e+07	1.21195e+07	1.22045e+07	1.22025e+07	1.19632e+07	
1.22965e+07	1.2391e+07	1.23098e+07	1.23682e+07	1.22978e+07	
1.2396e+07	1.22985e+07	1.2364e+07	1.22828e+07	1.22745e+07	
1.22422e+07	1.21788e+07	1.22945e+07	1.21278e+07	1.21572e+07	
1.23218e+07	1.22605e+07	1.22145e+07	1.21962e+07	1.2139e+07	
1.20085e+07	1.20092e+07	1.2096e+07	1.20835e+07	1.20292e+07	
1.17515e+07	1.1912e+07	1.1841e+07	1.19878e+07	1.18845e+07	
1.16638e+07	1.17242e+07	1.165e+07	1.16992e+07	1.16392e+07	
1.16512e+07	1.16455e+07	1.1725e+07	1.17085e+07	1.16952e+07	
1.16405e+07	1.17155e+07	1.17192e+07	1.1749e+07	1.16335e+07	
1.16828e+07	1.17122e+07	1.1878e+07	1.17155e+07	1.17515e+07	
1.18592e+07	1.1912e+07	1.1914e+07	1.19612e+07	1.18542e+07	
1.19808e+07	1.17955e+07	1.17938e+07	1.1904e+07	1.18572e+07	
1.18422e+07	1.17685e+07	1.1899e+07	1.18188e+07	1.17432e+07	
1.19222e+07	1.18705e+07	1.20552e+07	1.197e+07	1.189e+07	
1.17798e+07	1.1803e+07	1.19228e+07	1.18502e+07	1.18428e+07	
1.19612e+07	1.19462e+07	1.19922e+07	1.20072e+07	1.20092e+07	
1.20168e+07	1.2006e+07	1.20445e+07	1.20072e+07	1.1941e+07	
1.21062e+07	1.20142e+07	1.204e+07	1.20342e+07	1.20292e+07	
1.19385e+07	1.20048e+07	1.20172e+07	1.19058e+07	1.19675e+07	
1.2074e+07	1.20802e+07	1.20358e+07	1.19985e+07	1.21005e+07	
1.21435e+07	1.22228e+07	1.2238e+07	1.2253e+07	1.21685e+07	
1.19858e+07	1.19978e+07	1.20288e+07	1.1987e+07	1.1991e+07	
1.21315e+07	1.2064e+07	1.21308e+07	1.21738e+07	1.20842e+07	
1.20652e+07	1.19832e+07	1.20172e+07	1.19708e+07	1.19852e+07	
1.19902e+07	1.19002e+07	1.20155e+07	1.19902e+07	1.1977e+07	
1.20528e+07	1.20068e+07	1.19525e+07	1.20988e+07	1.18738e+07	
1.18228e+07	1.17635e+07	1.17822e+07	1.17628e+07	1.17598e+07	
1.1747e+07	1.16778e+07	1.15812e+07	1.16405e+07	1.16588e+07	
1.17855e+07	1.18692e+07	1.16898e+07	1.17218e+07	1.1786e+07	
1.18668e+07	1.1824e+07	1.18542e+07	1.17822e+07	1.17992e+07	
1.1778e+07	1.17955e+07	1.1931e+07	1.17975e+07	1.18345e+07	
1.18295e+07	1.18e+07	1.19882e+07	1.19152e+07	1.18245e+07	
1.19355e+07	1.19285e+07	1.19845e+07	1.19198e+07	1.1919e+07	
1.18208e+07	1.19778e+07	1.19455e+07	1.18448e+07	1.18692e+07	
1.18478e+07	1.18792e+07	1.1921e+07	1.18738e+07	1.19032e+07	
1.19442e+07	1.18875e+07	1.18812e+07	1.19608e+07	1.1873e+07	
1.18415e+07	1.17702e+07	1.18125e+07	1.18228e+07	1.1834e+07	
1.18415e+07	1.18245e+07	1.174e+07	1.16978e+07	1.17388e+07	
1.18095e+07	1.16852e+07	1.1868e+07	1.1834e+07	1.1824e+07	
1.21195e+07	1.18605e+07	1.20238e+07	1.19065e+07	1.18108e+07	
1.18182e+07	1.18378e+07	1.1803e+07	1.18452e+07	1.17892e+07	
1.18188e+07	1.18422e+07	1.18725e+07	1.17868e+07	1.17598e+07	
1.18415e+07	1.1771e+07	1.18372e+07	1.18088e+07	1.18352e+07	
1.17912e+07	1.17358e+07	1.17438e+07	1.17295e+07	1.16462e+07	
1.18278e+07	1.18245e+07	1.1834e+07	1.19202e+07	1.17262e+07	
1.18258e+07	1.18108e+07	1.18372e+07	1.18738e+07	1.18642e+07	
1.19008e+07	1.19082e+07	1.19462e+07	1.18845e+07	1.19555e+07	
1.19625e+07	1.18215e+07	1.19248e+07	1.20205e+07	1.1895e+07	
1.19965e+07	1.19108e+07	1.20192e+07	1.20135e+07	1.189e+07	
1.19178e+07	1.18555e+07	1.20508e+07	1.19662e+07	1.1941e+07	
1.17478e+07	1.1696e+07	1.17685e+07	1.16708e+07	1.16728e+07	
1.17515e+07	1.16795e+07	1.1807e+07	1.18302e+07	1.1718e+07	
1.1732e+07	1.15618e+07	1.16412e+07	1.1713e+07	1.15542e+07	
1.15398e+07	1.14892e+07	1.16178e+07	1.14535e+07	1.1447e+07	
1.15e+07	1.14995e+07	1.16198e+07	1.1459e+07	1.14942e+07	
1.16368e+07	1.14988e+07	1.16072e+07	1.15592e+07	1.14722e+07	
1.13802e+07	1.14918e+07	1.1461e+07	1.1406e+07	1.13272e+07	
1.1522e+07	1.15112e+07	1.15132e+07	1.14622e+07	1.14192e+07	
1.1297e+07	1.11888e+07	1.11812e+07	1.11912e+07	1.12285e+07	
1.12195e+07	1.12958e+07	1.1253e+07	1.11258e+07	1.11408e+07	
1.12448e+07	1.1195e+07	1.11698e+07	1.11395e+07	1.11668e+07	
1.12075e+07	1.12152e+07	1.11912e+07	1.1195e+07	1.12315e+07	
1.12315e+07	1.1277e+07	1.12688e+07	1.13128e+07	1.12108e+07	
1.14648e+07	1.13035e+07	1.15112e+07	1.14822e+07	1.13532e+07	
1.15075e+07	1.14415e+07	1.15182e+07	1.14432e+07	1.16185e+07	
1.15415e+07	1.1464e+07	1.16102e+07	1.1473e+07	1.14785e+07	
1.16608e+07	1.14628e+07	1.15178e+07	1.15058e+07	1.1466e+07	
1.13955e+07	1.13325e+07	1.14225e+07	1.14432e+07	1.13935e+07	
1.1381e+07	1.13482e+07	1.13955e+07	1.14465e+07	1.14308e+07	
1.15045e+07	1.1374e+07	1.1367e+07	1.1447e+07	1.13745e+07	
1.1558e+07	1.14395e+07	1.1665e+07	1.14515e+07	1.14445e+07	
1.1519e+07	1.15058e+07	1.15978e+07	1.1464e+07	1.15895e+07	
1.1466e+07	1.14798e+07	1.1594e+07	1.1631e+07	1.15302e+07	
1.1461e+07	1.1485e+07	1.1466e+07	1.14282e+07	1.13235e+07	
1.15112e+07	1.13985e+07	1.15045e+07	1.15348e+07	1.1507e+07	
1.1512e+07	1.13872e+07	1.14345e+07	1.13562e+07	1.15295e+07	
1.14482e+07	1.13355e+07	1.13865e+07	1.14938e+07	1.13312e+07	
1.1374e+07	1.1299e+07	1.1318e+07	1.13392e+07	1.12348e+07	
1.12605e+07	1.12335e+07	1.1263e+07	1.12178e+07	1.1255e+07	
1.11838e+07	1.10942e+07	1.12038e+07	1.11685e+07	1.1156e+07	
1.1224e+07	1.11855e+07	1.12738e+07	1.1183e+07	1.1248e+07	
1.12782e+07	1.1171e+07	1.12422e+07	1.1316e+07	1.12712e+07	
1.14022e+07	1.14892e+07	1.14168e+07	1.1289e+07	1.13525e+07	
1.14262e+07	1.13985e+07	1.1541e+07	1.15775e+07	1.14005e+07	
1.1384e+07	1.13255e+07	1.14168e+07	1.14598e+07	1.13802e+07	
1.13525e+07	1.13898e+07	1.1318e+07	1.1294e+07	1.12182e+07	
1.1125e+07	1.10678e+07	1.11585e+07	1.11692e+07	1.1081e+07	
1.12182e+07	1.12302e+07	1.11742e+07	1.12145e+07	1.12012e+07	
1.10702e+07	1.13085e+07	1.1207e+07	1.11925e+07	1.11648e+07	
1.11238e+07	1.11698e+07	1.11528e+07	1.10242e+07	1.10752e+07	
1.1117e+07	1.1231e+07	1.11018e+07	1.11742e+07	1.11705e+07	
1.10695e+07	1.1011e+07	1.10262e+07	1.1084e+07	1.10628e+07	
1.09852e+07	1.08618e+07	1.09265e+07	1.0948e+07	1.09895e+07	
1.08092e+07	1.08365e+07	1.09405e+07	1.0752e+07	1.07015e+07	
1.09605e+07	1.0921e+07	1.09008e+07	1.08705e+07	1.08672e+07	
1.1028e+07	1.10595e+07	1.1042e+07	1.11395e+07	1.0999e+07	
1.1009e+07	1.11238e+07	1.1115e+07	1.10798e+07	1.09355e+07	
1.11572e+07	1.11522e+07	1.1311e+07	1.11075e+07	1.12265e+07	
1.12008e+07	1.11155e+07	1.11262e+07	1.11125e+07	1.1241e+07	
1.12248e+07	1.13482e+07	1.13848e+07	1.1391e+07	1.13115e+07	
1.12265e+07	1.113e+07	1.1163e+07	1.11905e+07	1.11402e+07	
1.1304e+07	1.1176e+07	1.1197e+07	1.12865e+07	1.12372e+07	
1.13532e+07	1.12812e+07	1.12825e+07	1.12232e+07	1.13098e+07	
1.10998e+07	1.10578e+07	1.11912e+07	1.1062e+07	1.1071e+07	
1.12315e+07	1.11258e+07	1.09928e+07	1.11788e+07	1.10722e+07	
1.09708e+07	1.09398e+07	1.10748e+07	1.1033e+07	1.09398e+07	
1.09712e+07	1.09178e+07	1.10628e+07	1.0873e+07	1.0841e+07	
1.09265e+07	1.09198e+07	1.09695e+07	1.09662e+07	1.0904e+07	
1.08642e+07	1.09128e+07	1.08962e+07	1.09185e+07	1.08825e+07	
1.0933e+07	1.08838e+07	1.0972e+07	1.08812e+07	1.09058e+07	
1.10368e+07	1.0943e+07	1.1047e+07	1.0948e+07	1.09028e+07	
1.0917e+07	1.09095e+07	1.09845e+07	1.09322e+07	1.08448e+07	
1.10615e+07	1.09252e+07	1.0871e+07	1.08755e+07	1.08332e+07	
1.0866e+07	1.07192e+07	1.07905e+07	1.0752e+07	1.0854e+07	
1.07772e+07	1.07678e+07	1.08005e+07	1.0837e+07	1.0762e+07	
1.06538e+07	1.06928e+07	1.07192e+07	1.05668e+07	1.06765e+07	
1.059e+07	1.06252e+07	1.06682e+07	1.06935e+07	1.06095e+07	
1.08452e+07	1.07458e+07	1.08635e+07	1.07772e+07	1.0682e+07	
1.07918e+07	1.08302e+07	1.07992e+07	1.07292e+07	1.07565e+07	
1.08278e+07	1.0754e+07	1.08548e+07	1.07242e+07	1.0728e+07	
1.08365e+07	1.08308e+07	1.0917e+07	1.08092e+07	1.0737e+07	
1.08212e+07	1.08025e+07	1.08605e+07	1.07458e+07	1.07818e+07	
1.0849e+07	1.09078e+07	1.09102e+07	1.07975e+07	1.06998e+07	
1.08478e+07	1.08452e+07	1.08175e+07	1.08478e+07	1.08618e+07	
1.08402e+07	1.07988e+07	1.07685e+07	1.08742e+07	1.08182e+07	
1.09315e+07	1.08862e+07	1.09442e+07	1.09385e+07	1.08818e+07	
1.08685e+07	1.08402e+07	1.0878e+07	1.08938e+07	1.08088e+07	
1.0866e+07	1.08088e+07	1.08515e+07	1.08365e+07	1.08598e+07	
1.08328e+07	1.08895e+07	1.09538e+07	1.09588e+07	1.09e+07	
1.08e+07	1.08295e+07	1.0827e+07	1.0788e+07	1.07122e+07	
1.08738e+07	1.07528e+07	1.0798e+07	1.08465e+07	1.07602e+07	
1.08472e+07	1.07962e+07	1.07142e+07	1.0841e+07	1.0783e+07	
1.08005e+07	1.07475e+07	1.07578e+07	1.06555e+07	1.06122e+07	
1.06235e+07	1.06468e+07	1.06865e+07	1.05792e+07	1.06185e+07	
1.05478e+07	1.04912e+07	1.04798e+07	1.0604e+07	1.0503e+07	
1.0493e+07	1.04288e+07	1.0541e+07	1.0401e+07	1.02915e+07	
1.04005e+07	1.02245e+07	1.04092e+07	1.03492e+07	1.0338e+07	
1.04162e+07	1.02435e+07	1.0498e+07	1.0403e+07	1.02712e+07	
1.04685e+07	1.04615e+07	1.03525e+07	1.03455e+07	1.03965e+07	
1.049e+07	1.04212e+07	1.03638e+07	1.03455e+07	1.03218e+07	
1.03632e+07	1.0292e+07	1.04792e+07	1.0302e+07	1.03608e+07	
1.02498e+07	1.0306e+07	1.02252e+07	1.03078e+07	1.0258e+07	
1.0108e+07	1.00028e+07	1.00028e+07	1.01565e+07	1.0052e+07	
9.8025e+06	9.87475e+06	9.849e+06	9.813e+06	9.7565e+06	
9.57625e+06	9.5145e+06	9.5095e+06	9.55225e+06	9.61975e+06	
9.3015e+06	9.28575e+06	9.425e+06	9.282e+06	9.2965e+06	
9.236e+06	9.20325e+06	9.1375e+06	9.17675e+06	9.10975e+06	
9.25925e+06	9.27375e+06	9.3115e+06	9.285e+06	9.21375e+06	
9.3915e+06	9.401e+06	9.37325e+06	9.394e+06	9.3505e+06	
9.5075e+06	9.49425e+06	9.532e+06	9.5145e+06	9.435e+06	
9.5605e+06	9.50125e+06	9.55275e+06	9.5195e+06	9.49225e+06	
9.6235e+06	9.6095e+06	9.64475e+06	9.61775e+06	9.6095e+06	
9.59e+06	9.5515e+06	9.6525e+06	9.61775e+06	9.71725e+06	
9.655e+06	9.5925e+06	9.6605e+06	9.626e+06	9.604e+06	
9.70925e+06	9.614e+06	9.692e+06	9.609e+06	9.63475e+06	
9.621e+06	9.527e+06	9.54275e+06	9.49175e+06	9.66625e+06	
9.68525e+06	9.575e+06	9.79925e+06	9.6935e+06	9.56225e+06	
9.6605e+06	9.65425e+06	9.648e+06	9.6505e+06	9.65e+06	
9.63925e+06	9.58875e+06	9.6555e+06	9.539e+06	9.5895e+06	
9.61725e+06	9.529e+06	9.6865e+06	9.592e+06	9.61275e+06	
9.57925e+06	9.50675e+06	9.67e+06	9.54475e+06	9.48975e+06	
9.45025e+06	9.49175e+06	9.474e+06	9.483e+06	9.4325e+06	
9.49925e+06	9.4105e+06	9.52075e+06	9.42625e+06	9.45275e+06	
9.394e+06	9.51375e+06	9.46775e+06	9.3935e+06	9.4515e+06	
9.4905e+06	9.56475e+06	9.529e+06	9.454e+06	9.527e+06	
9.58875e+06	9.47275e+06	9.6505e+06	9.55225e+06	9.51375e+06	
9.452e+06	9.4515e+06	9.454e+06	9.4155e+06	9.51125e+06	
9.532e+06	9.59375e+06	9.61325e+06	9.4715e+06	9.5515e+06	
9.4835e+06	9.59875e+06	9.65375e+06	9.435e+06	9.58375e+06	
9.5e+06	9.5055e+06	9.59375e+06	9.5095e+06	9.50175e+06	
9.37275e+06	9.40925e+06	9.377e+06	9.29375e+06	9.309e+06	
9.481e+06	9.3845e+06	9.45525e+06	9.47925e+06	9.37825e+06	
9.34925e+06	9.36125e+06	9.35e+06	9.43625e+06	9.3695e+06	
9.41875e+06	9.491e+06	9.476e+06	9.42425e+06	9.38025e+06	
9.47975e+06	9.3525e+06	9.37275e+06	9.42875e+06	9.36075e+06	
9.40975e+06	9.481e+06	9.4495e+06	9.35125e+06	9.3625e+06	
9.48925e+06	9.42425e+06	9.36875e+06	9.435e+06	9.36575e+06	
9.399e+06	9.39775e+06	9.382e+06	9.36325e+06	9.3525e+06	
9.3935e+06	9.37325e+06	9.44125e+06	9.457e+06	9.377e+06	
9.205e+06	9.20175e+06	9.28875e+06	9.251e+06	9.20175e+06	
9.292e+06	9.1955e+06	9.29575e+06	9.2465e+06	9.236e+06	
9.23475e+06	9.30975e+06	9.28325e+06	9.2415e+06	9.3355e+06	
9.27425e+06	9.21825e+06	9.282e+06	9.227e+06	9.22825e+06	
9.265e+06	9.21325e+06	9.24975e+06	9.2655e+06	9.23525e+06	
9.302e+06	9.30525e+06	9.2795e+06	9.26675e+06	9.22075e+06	
9.22075e+06	9.355e+06	9.36875e+06	9.36325e+06	9.2025e+06	
9.37575e+06	9.38325e+06	9.423e+06	9.40225e+06	9.26875e+06	
9.46025e+06	9.42425e+06	9.425e+06	9.37075e+06	9.3715e+06	
9.401e+06	9.365e+06	9.367e+06	9.32225e+06	9.345e+06	
9.38725e+06	9.3115e+06	9.4375e+06	9.3455e+06	9.3475e+06	
9.40925e+06	9.333e+06	9.374e+06	9.53075e+06	9.3865e+06	
9.469e+06	9.4325e+06	9.4225e+06	9.418e+06	9.33225e+06	
9.43325e+06	9.345e+06	9.37e+06	9.3745e+06	9.40925e+06	
9.24475e+06	9.391e+06	9.292e+06	9.2965e+06	9.3795e+06	
9.38525e+06	9.292e+06	9.24025e+06	9.275e+06	9.241e+06	
9.38275e+06	9.22325e+06	9.42675e+06	9.2945e+06	9.2605e+06	
9.3695e+06	9.35125e+06	9.30575e+06	9.35825e+06	9.411e+06	
9.265e+06	9.241e+06	9.2535e+06	9.268e+06	9.24775e+06	
9.23475e+06	9.16775e+06	9.33925e+06	9.25175e+06	9.234e+06	
9.18425e+06	9.19425e+06	9.24025e+06	9.212e+06	9.19875e+06	
9.22575e+06	9.09025e+06	9.152e+06	9.18175e+06	9.2025e+06	
9.10925e+06	9.152e+06	9.239e+06	9.159e+06	9.091e+06	
9.14775e+06	9.10925e+06	9.1785e+06	9.1255e+06	9.12175e+06	
9.05825e+06	9.20625e+06	9.152e+06	9.09475e+06	9.077e+06	
9.08475e+06	9.03175e+06	9.0865e+06	9.115e+06	9.04175e+06	
9.1105e+06	9.048e+06	9.1545e+06	9.16775e+06	8.9165e+06	
9.1105e+06	9.0575e+06	9.10225e+06	8.97e+06	9.052e+06	
9.031e+06	9.069e+06	8.956e+06	8.97e+06	8.9745e+06	
9.05075e+06	9.02425e+06	9.055e+06	9.05e+06	8.90375e+06	
8.9555e+06	9.04625e+06	9.132e+06	9.05e+06	9.02475e+06	
9.04675e+06	8.96e+06	9.05e+06	9.02225e+06	9.0065e+06	
8.97875e+06	8.8855e+06	8.97325e+06	8.90075e+06	8.92525e+06	
9.0575e+06	9.079e+06	8.997e+06	9.0645e+06	9.0455e+06	
8.9195e+06	8.98575e+06	9.01275e+06	8.9575e+06	8.86675e+06	
8.9025e+06	8.8825e+06	8.963e+06	8.91325e+06	8.9385e+06	
8.80425e+06	8.88675e+06	8.956e+06	8.94975e+06	8.84325e+06	
8.9215e+06	8.842e+06	8.803e+06	8.88875e+06	8.81925e+06	
8.75575e+06	8.7615e+06	8.83775e+06	8.7765e+06	8.80875e+06	
8.84775e+06	8.66825e+06	8.90075e+06	8.868e+06	8.77475e+06	
8.924e+06	8.832e+06	8.96175e+06	8.87975e+06	8.866e+06	
8.82575e+06	8.8465e+06	8.88375e+06	8.907e+06	8.77975e+06	
8.684e+06	8.68075e+06	8.8365e+06	8.7355e+06	8.6315e+06	
8.61325e+06	8.67075e+06	8.69725e+06	8.6405e+06	8.58675e+06	
8.585e+06	8.614e+06	8.5875e+06	8.546e+06	8.488e+06	
8.568e+06	8.56225e+06	8.5705e+06	8.6065e+06	8.48725e+06	
8.66625e+06	8.58425e+06	8.718e+06	8.52e+06	8.5735e+06	
8.614e+06	8.53575e+06	8.5705e+06	8.53275e+06	8.60575e+06	
8.653e+06	8.643e+06	8.53775e+06	8.6e+06	8.5705e+06	
8.58625e+06	8.64225e+06	8.71725e+06	8.67375e+06	8.70525e+06	
8.6315e+06	8.71725e+06	8.72475e+06	8.694e+06	8.663e+06	
8.6745e+06	8.641e+06	8.72675e+06	8.658e+06	8.69275e+06	
8.704e+06	8.704e+06	8.6315e+06	8.71475e+06	8.6e+06	
8.69975e+06	8.716e+06	8.81175e+06	8.624e+06	8.69075e+06	
8.65125e+06	8.66e+06	8.7645e+06	8.711e+06	8.71925e+06	
8.79725e+06	8.76325e+06	8.79725e+06	8.69075e+06	8.6795e+06	
8.65125e+06	8.706e+06	8.682e+06	8.6115e+06	8.7015e+06	
8.6745e+06	8.65425e+06	8.6525e+06	8.7255e+06	8.78025e+06	
8.7065e+06	8.6605e+06	8.80675e+06	8.772e+06	8.6795e+06	
8.624e+06	8.58675e+06	8.634e+06	8.5485e+06	8.537e+06	
8.6985e+06	8.64975e+06	8.69975e+06	8.66175e+06	8.65875e+06	
8.52575e+06	8.45125e+06	8.549e+06	8.53275e+06	8.5875e+06	
8.56175e+06	8.6045e+06	8.57925e+06	8.55775e+06	8.52e+06	
8.5105e+06	8.48925e+06	8.50925e+06	8.44125e+06	8.54525e+06	
8.4155e+06	8.4935e+06	8.43175e+06	8.41425e+06	8.391e+06	
8.4815e+06	8.44575e+06	8.476e+06	8.40275e+06	8.367e+06	
8.36125e+06	8.39975e+06	8.42175e+06	8.3845e+06	8.36325e+06	
8.27175e+06	8.3525e+06	8.321e+06	8.29625e+06	8.25225e+06	
8.249e+06	8.24975e+06	8.14775e+06	8.1905e+06	8.15525e+06	
8.29825e+06	8.3095e+06	8.367e+06	8.13875e+06	8.25475e+06	
8.16275e+06	8.19625e+06	8.186e+06	8.21e+06	8.13075e+06	
8.174e+06	8.01475e+06	8.10475e+06	8.14325e+06	8.1275e+06	
8.123e+06	8.128e+06	8.18425e+06	8.07275e+06	8.17025e+06	
8.132e+06	8.16025e+06	8.113e+06	8.21125e+06	7.99825e+06	
8.13125e+06	8.079e+06	8.15325e+06	8.111e+06	8.091e+06	
8.1685e+06	8.17225e+06	8.099e+06	8.1615e+06	8.1055e+06	
7.94975e+06	8.016e+06	8.055e+06	8.045e+06	8.11425e+06	
8.065e+06	7.98575e+06	7.9925e+06	8.06625e+06	8.04875e+06	
7.859e+06	7.90125e+06	7.837e+06	7.76525e+06	7.83e+06	
7.82875e+06	7.86025e+06	7.973e+06	7.9145e+06	7.8415e+06	
7.8055e+06	7.791e+06	7.873e+06	7.80725e+06	7.856e+06	
7.83375e+06	7.87675e+06	7.90625e+06	7.8585e+06	7.8175e+06	
7.86725e+06	7.85025e+06	7.9535e+06	7.91075e+06	7.796e+06	
7.71525e+06	7.77025e+06	7.77575e+06	7.8205e+06	7.7715e+06	
7.85525e+06	7.72725e+06	7.7545e+06	7.75075e+06	7.79225e+06	
7.81925e+06	7.7835e+06	7.81925e+06	7.79675e+06	7.74e+06	
7.8955e+06	7.75575e+06	7.87225e+06	7.7575e+06	7.7575e+06	
7.7455e+06	7.71475e+06	7.682e+06	7.62525e+06	7.7305e+06	
7.6575e+06	7.653e+06	7.752e+06	7.67575e+06	7.6915e+06	
7.629e+06	7.60875e+06	7.6215e+06	7.6095e+06	7.64175e+06	
7.62725e+06	7.58425e+06	7.6915e+06	7.67125e+06	7.561e+06	
7.624e+06	7.60575e+06	7.65225e+06	7.7085e+06	7.5685e+06	
7.74175e+06	7.71225e+06	7.74375e+06	7.64475e+06	7.70775e+06	
7.65225e+06	7.62975e+06	7.7625e+06	7.66375e+06	7.634e+06	
7.50175e+06	7.60875e+06	7.542e+06	7.63725e+06	7.56975e+06	
7.6145e+06	7.60825e+06	7.624e+06	7.69075e+06	7.57725e+06	
7.571e+06	7.57225e+06	7.60325e+06	7.64725e+06	7.6655e+06	
7.53825e+06	7.5875e+06	7.62325e+06	7.62725e+06	7.55025e+06	
7.593e+06	7.65225e+06	7.64425e+06	7.64175e+06	7.54325e+06	
7.57925e+06	7.6315e+06	7.71275e+06	7.55525e+06	7.5705e+06	
7.5415e+06	7.49675e+06	7.576e+06	7.5365e+06	7.43175e+06	
7.54575e+06	7.50875e+06	7.537e+06	7.59425e+06	7.442e+06	
7.498e+06	7.4065e+06	7.48925e+06	7.51625e+06	7.4615e+06	
7.6115e+06	7.4885e+06	7.522e+06	7.48275e+06	7.44e+06	
7.505e+06	7.48025e+06	7.559e+06	7.5295e+06	7.46275e+06	
7.423e+06	7.4885e+06	7.469e+06	7.4695e+06	7.484e+06	
7.51675e+06	7.4735e+06	7.48725e+06	7.50625e+06	7.45e+06	
7.43e+06	7.37075e+06	7.418e+06	7.40525e+06	7.50875e+06	
7.44375e+06	7.32975e+06	7.4545e+06	7.3845e+06	7.37325e+06	
7.43625e+06	7.5005e+06	7.4645e+06	7.47225e+06	7.416e+06	
7.4645e+06	7.4545e+06	7.51125e+06	7.4475e+06	7.36375e+06	
7.341e+06	7.292e+06	7.353e+06	7.244e+06	7.29125e+06	
7.3265e+06	7.3525e+06	7.3385e+06	7.33975e+06	7.26175e+06	
7.1785e+06	7.2315e+06	7.27225e+06	7.256e+06	7.25025e+06	
7.24025e+06	7.188e+06	7.24975e+06	7.256e+06	7.1835e+06	
7.21825e+06	7.21825e+06	7.11675e+06	7.17025e+06	7.062e+06	
7.19175e+06	7.1595e+06	7.23775e+06	7.079e+06	7.179e+06	
7.1085e+06	7.0765e+06	7.1565e+06	7.06375e+06	7.06625e+06	
7.09775e+06	7.06125e+06	7.016e+06	6.907e+06	7.06075e+06	
7.0405e+06	7.033e+06	7.04225e+06	7.082e+06	7.08025e+06	
7.07825e+06	7.07825e+06	7.05675e+06	7.06575e+06	7.043e+06	
6.91625e+06	6.975e+06	7.01275e+06	6.9875e+06	6.9995e+06	
7.0475e+06	7.009e+06	7.05125e+06	7.10475e+06	7.0645e+06	
6.99075e+06	7.077e+06	7.06075e+06	7.13575e+06	7.0385e+06	
6.91375e+06	6.94775e+06	7.0815e+06	6.917e+06	7.0095e+06	
6.91125e+06	7.06375e+06	7.038e+06	6.96675e+06	6.9805e+06	
6.9655e+06	6.929e+06	6.9705e+06	6.978e+06	6.9705e+06	
6.95675e+06	6.9095e+06	6.96875e+06	6.82125e+06	6.91075e+06	
6.87925e+06	6.903e+06	6.8885e+06	6.8205e+06	6.85775e+06	
6.8545e+06	6.75825e+06	6.87275e+06	6.85975e+06	6.8255e+06	
6.75375e+06	6.767e+06	6.765e+06	6.76625e+06	6.78975e+06	
6.74675e+06	6.7575e+06	6.85275e+06	6.71025e+06	6.738e+06	
6.794e+06	6.6265e+06	6.709e+06	6.78275e+06	6.7355e+06	
6.71975e+06	6.60575e+06	6.6315e+06	6.65675e+06	6.63225e+06	
6.5995e+06	6.5785e+06	6.56275e+06	6.58425e+06	6.55725e+06	
6.564e+06	6.5465e+06	6.57725e+06	6.60825e+06	6.5275e+06	
6.472e+06	6.59125e+06	6.525e+06	6.503e+06	6.53075e+06	
6.55025e+06	6.42225e+06	6.54525e+06	6.52825e+06	6.435e+06	
6.44625e+06	6.4405e+06	6.40725e+06	6.45125e+06	6.41475e+06	
6.41475e+06	6.401e+06	6.41925e+06	6.4085e+06	6.35225e+06	
6.3945e+06	6.39825e+06	6.409e+06	6.33475e+06	6.38e+06	
6.268e+06	6.213e+06	6.34725e+06	6.2875e+06	6.401e+06	
6.3435e+06	6.29375e+06	6.39525e+06	6.314e+06	6.22575e+06	
6.2855e+06	6.42475e+06	6.40475e+06	6.43675e+06	6.26725e+06	
6.37575e+06	6.33725e+06	6.3825e+06	6.29575e+06	6.251e+06	
6.36675e+06	6.40525e+06	6.41275e+06	6.368e+06	6.435e+06	
6.38125e+06	6.33925e+06	6.44e+06	6.3335e+06	6.25025e+06	
6.3435e+06	6.32025e+06	6.30625e+06	6.3365e+06	6.348e+06	
6.3335e+06	6.2535e+06	6.3215e+06	6.22375e+06	6.25275e+06	
6.3865e+06	6.3165e+06	6.3505e+06	6.31325e+06	6.266e+06	
6.3605e+06	6.38325e+06	6.38325e+06	6.346e+06	6.3505e+06	
6.278e+06	6.39825e+06	6.39075e+06	6.30075e+06	6.312e+06	
6.32475e+06	6.2565e+06	6.3115e+06	6.24075e+06	6.2905e+06	
6.26925e+06	6.3745e+06	6.35675e+06	6.3555e+06	6.312e+06	
6.288e+06	6.242e+06	6.36375e+06	6.21125e+06	6.2925e+06	
6.16325e+06	6.23525e+06	6.2705e+06	6.28925e+06	6.27925e+06	
6.249e+06	6.21e+06	6.25275e+06	6.13925e+06	6.2055e+06	
6.208e+06	6.063e+06	6.174e+06	6.0895e+06	6.09775e+06	
5.98125e+06	5.966e+06	6.009e+06	6.031e+06	6.00525e+06	
5.8735e+06	5.76375e+06	5.7915e+06	5.8765e+06	5.813e+06	
5.63075e+06	5.56725e+06	5.634e+06	5.53875e+06	5.57025e+06	
5.472e+06	5.45e+06	5.39325e+06	5.402e+06	5.3675e+06	
5.50725e+06	5.48275e+06	5.5495e+06	5.569e+06	5.47075e+06	
5.59175e+06	5.559e+06	5.5515e+06	5.5495e+06	5.54075e+06	
5.60575e+06	5.66425e+06	5.581e+06	5.649e+06	5.58925e+06	
5.7115e+06	5.65675e+06	5.651e+06	5.702e+06	5.7015e+06	
5.869e+06	5.859e+06	5.92775e+06	5.84125e+06	5.83575e+06	
5.893e+06	5.864e+06	5.93525e+06	5.90875e+06	5.87725e+06	
5.93025e+06	5.968e+06	5.9805e+06	5.915e+06	5.94225e+06	
5.9725e+06	5.92075e+06	5.96225e+06	5.99125e+06	6.007e+06	
5.99375e+06	5.94725e+06	5.985e+06	5.98125e+06	6.029e+06	
5.95025e+06	6.07375e+06	5.96425e+06	5.983e+06	5.99625e+06	
6.038e+06	6.01325e+06	6.08275e+06	6.06175e+06	5.973e+06	
6.079e+06	6.0525e+06	6.1105e+06	6.08525e+06	6.04725e+06	
6.0145e+06	6.06575e+06	6.0675e+06	6.04425e+06	5.966e+06	
6.0165e+06	6.02725e+06	5.95925e+06	6.0455e+06	5.93575e+06	
6.0235e+06	6.01075e+06	6.038e+06	6.075e+06	6.0795e+06	
6.05125e+06	6.04725e+06	6.09725e+06	6.03025e+06	6.0725e+06	
6.046e+06	6.0315e+06	6.11975e+06	6.038e+06	6.1135e+06	
6.087e+06	6.07125e+06	6.01775e+06	6.1615e+06	6.10225e+06	
5.9725e+06	6.05425e+06	6.06175e+06	6.02725e+06	6.0065e+06	
6.0385e+06	5.88475e+06	6.06125e+06	5.96975e+06	5.95975e+06	
5.983e+06	5.9925e+06	5.9685e+06	6.01975e+06	5.96475e+06	
5.94025e+06	5.89425e+06	5.91075e+06	5.9265e+06	5.837e+06	
5.937e+06	5.9265e+06	5.87725e+06	5.95025e+06	5.8805e+06	
5.9515e+06	5.90425e+06	5.98125e+06	5.95475e+06	5.9245e+06	
6.00575e+06	5.9805e+06	6.0045e+06	5.9705e+06	5.93775e+06	
5.915e+06	5.95275e+06	5.87275e+06	5.903e+06	5.934e+06	
5.852e+06	5.9075e+06	5.95975e+06	5.9245e+06	5.93525e+06	
5.915e+06	5.91325e+06	5.97175e+06	5.94275e+06	5.88425e+06	
5.91825e+06	5.86075e+06	5.92825e+06	5.90625e+06	5.871e+06	
5.9175e+06	5.934e+06	5.95725e+06	5.886e+06	5.76875e+06	
5.86975e+06	5.87975e+06	5.89675e+06	5.9145e+06	5.825e+06	
5.87225e+06	5.862e+06	5.813e+06	5.8495e+06	5.85575e+06	
5.852e+06	5.84e+06	5.84e+06	5.8595e+06	5.823e+06	
5.85275e+06	5.79975e+06	5.86775e+06	5.84125e+06	5.796e+06	
5.84575e+06	5.77575e+06	5.915e+06	5.86525e+06	5.7965e+06	
5.818e+06	5.8055e+06	5.82425e+06	5.876e+06	5.78975e+06	
5.925e+06	5.83575e+06	5.85275e+06	5.7965e+06	5.7935e+06	
5.77775e+06	5.81725e+06	5.8765e+06	5.8105e+06	5.89925e+06	
5.825e+06	5.854e+06	5.869e+06	5.82675e+06	5.84075e+06	
5.75175e+06	5.70075e+06	5.75625e+06	5.82e+06	5.76875e+06	
5.796e+06	5.7985e+06	5.7235e+06	5.75175e+06	5.738e+06	
5.774e+06	5.73925e+06	5.7115e+06	5.75125e+06	5.7285e+06	
5.82e+06	5.748e+06	5.7575e+06	5.7745e+06	5.73225e+06	
5.7305e+06	5.6895e+06	5.716e+06	5.5975e+06	5.69125e+06	
5.70525e+06	5.66675e+06	5.69075e+06	5.68e+06	5.66425e+06	
5.72725e+06	5.62525e+06	5.7235e+06	5.61075e+06	5.63275e+06	
5.63025e+06	5.64725e+06	5.6675e+06	5.5835e+06	5.64025e+06	
5.58175e+06	5.60125e+06	5.62825e+06	5.6535e+06	5.6145e+06	
5.644e+06	5.6345e+06	5.73225e+06	5.653e+06	5.64225e+06	
5.63525e+06	5.67625e+06	5.63025e+06	5.6605e+06	5.69e+06	
5.75675e+06	5.77e+06	5.69825e+06	5.76075e+06	5.68075e+06	
5.64275e+06	5.6995e+06	5.64525e+06	5.5375e+06	5.57725e+06	
5.6605e+06	5.67375e+06	5.6635e+06	5.64475e+06	5.5785e+06	
5.54525e+06	5.644e+06	5.554e+06	5.634e+06	5.52675e+06	
5.58725e+06	5.554e+06	5.5835e+06	5.581e+06	5.581e+06	
5.588e+06	5.56775e+06	5.571e+06	5.58725e+06	5.644e+06	
5.561e+06	5.5715e+06	5.5255e+06	5.535e+06	5.54825e+06	
5.5735e+06	5.59675e+06	5.60575e+06	5.61875e+06	5.4985e+06	
5.515e+06	5.53125e+06	5.51425e+06	5.53375e+06	5.44375e+06	
5.537e+06	5.53575e+06	5.53625e+06	5.51375e+06	5.47075e+06	
5.51875e+06	5.409e+06	5.54125e+06	5.54575e+06	5.47075e+06	
5.54e+06	5.5685e+06	5.55525e+06	5.5125e+06	5.52125e+06	
5.4545e+06	5.503e+06	5.448e+06	5.51375e+06	5.39825e+06	
5.60825e+06	5.54325e+06	5.47025e+06	5.4965e+06	5.54075e+06	
5.49925e+06	5.423e+06	5.49025e+06	5.43875e+06	5.5055e+06	
5.45125e+06	5.37625e+06	5.45375e+06	5.472e+06	5.41225e+06	
5.41525e+06	5.443e+06	5.44175e+06	5.45825e+06	5.42725e+06	
5.4305e+06	5.40025e+06	5.3895e+06	5.426e+06	5.48025e+06	
5.39275e+06	5.4595e+06	5.45825e+06	5.4525e+06	5.3535e+06	
5.45125e+06	5.45125e+06	5.42425e+06	5.387e+06	5.419e+06	
5.431e+06	5.35475e+06	5.40725e+06	5.4645e+06	5.41525e+06	
5.33275e+06	5.36925e+06	5.33225e+06	5.3165e+06	5.3825e+06	
5.36675e+06	5.39575e+06	5.414e+06	5.397e+06	5.3875e+06	
5.387e+06	5.268e+06	5.3415e+06	5.4065e+06	5.35225e+06	
5.2925e+06	5.37825e+06	5.37625e+06	5.3145e+06	5.31075e+06	
5.3605e+06	5.358e+06	5.34725e+06	5.2905e+06	5.32025e+06	
5.31525e+06	5.336e+06	5.35175e+06	5.33725e+06	5.281e+06	
5.293e+06	5.26725e+06	5.32975e+06	5.21875e+06	5.2345e+06	
5.22125e+06	5.24525e+06	5.2225e+06	5.27925e+06	5.25075e+06	
5.30375e+06	5.237e+06	5.32975e+06	5.28225e+06	5.18975e+06	
5.1715e+06	5.135e+06	5.256e+06	5.21375e+06	5.23075e+06	
5.2055e+06	5.172e+06	5.20475e+06	5.23575e+06	5.18225e+06	
5.162e+06	5.16525e+06	5.11975e+06	5.14625e+06	5.15875e+06	
5.0605e+06	5.17725e+06	5.17975e+06	5.155e+06	5.03725e+06	
5.215e+06	5.101e+06	5.174e+06	5.14625e+06	5.17325e+06	
5.0745e+06	5.075e+06	5.13675e+06	5.0695e+06	5.06125e+06	
5.152e+06	5.094e+06	5.10025e+06	5.06375e+06	5.05375e+06	
4.99575e+06	4.97175e+06	5.017e+06	4.93075e+06	4.93325e+06	
4.787e+06	4.852e+06	4.8205e+06	4.813e+06	4.869e+06	
4.503e+06	4.52375e+06	4.47575e+06	4.47575e+06	4.52375e+06	
4.25575e+06	4.307e+06	4.2635e+06	4.29875e+06	4.29875e+06	
4.1525e+06	4.10975e+06	4.1205e+06	4.10075e+06	4.14e+06	
4.097e+06	4.123e+06	4.1405e+06	4.1335e+06	4.1185e+06	
4.203e+06	4.17775e+06	4.2035e+06	4.09275e+06	4.1745e+06	
4.18975e+06	4.128e+06	4.1885e+06	4.11775e+06	4.109e+06	
4.24275e+06	4.13425e+06	4.186e+06	4.21625e+06	4.23875e+06	
4.2565e+06	4.215e+06	4.152e+06	4.1915e+06	4.19225e+06	
4.225e+06	4.1355e+06	4.22e+06	4.23825e+06	4.198e+06	
4.2755e+06	4.201e+06	4.21125e+06	4.2275e+06	4.252e+06	
4.14375e+06	4.259e+06	4.225e+06	4.28425e+06	4.242e+06	
4.23825e+06	4.33025e+06	4.32575e+06	4.31825e+06	4.298e+06	
4.3585e+06	4.33275e+06	4.33275e+06	4.329e+06	4.35425e+06	
4.368e+06	4.356e+06	4.34275e+06	4.40775e+06	4.37875e+06	
4.3605e+06	4.322e+06	4.3775e+06	4.38575e+06	4.334e+06	
4.42725e+06	4.404e+06	4.45375e+06	4.453e+06	4.411e+06	
4.47575e+06	4.445e+06	4.42975e+06	4.4715e+06	4.39825e+06	
4.4045e+06	4.44875e+06	4.45375e+06	4.42675e+06	4.43675e+06	
4.387e+06	4.44375e+06	4.43475e+06	4.404e+06	4.4335e+06	
4.40825e+06	4.317e+06	4.3635e+06	4.402e+06	4.37375e+06	
4.36225e+06	4.35925e+06	4.35925e+06	4.3965e+06	4.33775e+06	
4.3675e+06	4.278e+06	4.3485e+06	4.39075e+06	4.3025e+06	
4.27025e+06	4.26225e+06	4.35175e+06	4.34025e+06	4.26975e+06	
4.2805e+06	4.30625e+06	4.22375e+06	4.27975e+06	4.26475e+06	
4.28225e+06	4.2855e+06	4.19275e+06	4.298e+06	4.2685e+06	
4.28675e+06	4.307e+06	4.317e+06	4.2295e+06	4.3175e+06	
4.254e+06	4.2105e+06	4.24075e+06	4.281e+06	4.28475e+06	
4.252e+06	4.281e+06	4.28675e+06	4.20175e+06	4.32025e+06	
4.26975e+06	4.3385e+06	4.2515e+06	4.252e+06	4.232e+06	
4.276e+06	4.27225e+06	4.341e+06	4.33525e+06	4.33725e+06	
4.307e+06	4.39525e+06	4.419e+06	4.3845e+06	4.32275e+06	
4.312e+06	4.4165e+06	4.35975e+06	4.341e+06	4.3e+06	
4.353e+06	4.3585e+06	4.3825e+06	4.39075e+06	4.35175e+06	
4.33275e+06	4.3605e+06	4.35975e+06	4.26475e+06	4.3e+06	
4.3095e+06	4.3125e+06	4.3025e+06	4.3125e+06	4.293e+06	
4.2615e+06	4.2325e+06	4.271e+06	4.27425e+06	4.24825e+06	
4.235e+06	4.2345e+06	4.1645e+06	4.22825e+06	4.21175e+06	
4.189e+06	4.17025e+06	4.16075e+06	4.2205e+06	4.19725e+06	
4.232e+06	4.14875e+06	4.235e+06	4.21425e+06	4.1525e+06	
4.20225e+06	4.14125e+06	4.1135e+06	4.12225e+06	4.0705e+06	
4.08e+06	4.12475e+06	4.1115e+06	4.07375e+06	4.11025e+06	
4.09325e+06	4.014e+06	4.0555e+06	4.12175e+06	4.0995e+06	
4.07175e+06	4.041e+06	4.05875e+06	3.9995e+06	3.99125e+06	
4.05175e+06	3.98375e+06	4e+06	4.05425e+06	4.03225e+06	
4.014e+06	3.95975e+06	3.995e+06	4.0435e+06	4.029e+06	
3.983e+06	3.997e+06	3.93075e+06	3.9685e+06	3.97175e+06	
3.97725e+06	3.9515e+06	3.96225e+06	3.951e+06	3.968e+06	
3.89975e+06	3.9345e+06	3.9105e+06	3.93375e+06	3.9365e+06	
3.94525e+06	3.843e+06	3.98375e+06	3.94025e+06	3.96675e+06	
3.96675e+06	3.985e+06	3.93575e+06	3.99125e+06	3.96525e+06	
3.9495e+06	3.9805e+06	3.9415e+06	3.96675e+06	3.92375e+06	
3.951e+06	3.93e+06	4.01e+06	3.93e+06	3.9975e+06	
4.01e+06	3.961e+06	3.95275e+06	3.983e+06	3.97675e+06	
4e+06	3.93125e+06	3.954e+06	3.94825e+06	3.91125e+06	
3.9855e+06	3.961e+06	3.988e+06	3.97425e+06	3.951e+06	
3.95475e+06	3.89175e+06	3.94275e+06	3.973e+06	3.96675e+06	
3.91375e+06	3.93075e+06	3.95225e+06	3.93325e+06	3.93825e+06	
3.9495e+06	3.954e+06	3.9735e+06	3.869e+06	3.85325e+06	
3.94575e+06	3.91625e+06	3.9275e+06	3.91e+06	3.86325e+06	
3.89175e+06	3.867e+06	3.90175e+06	3.88225e+06	3.8885e+06	
3.8765e+06	3.88025e+06	3.859e+06	3.88925e+06	3.9515e+06	
3.87075e+06	3.896e+06	3.9155e+06	3.87325e+06	3.881e+06	
3.927e+06	3.891e+06	3.87725e+06	3.89425e+06	3.8645e+06	
3.86825e+06	3.88725e+06	3.88775e+06	3.855e+06	3.9565e+06	
3.83875e+06	3.80975e+06	3.88525e+06	3.80725e+06	3.83675e+06	
3.80725e+06	3.828e+06	3.8525e+06	3.84125e+06	3.823e+06	
3.78125e+06	3.82925e+06	3.79025e+06	3.85575e+06	3.79775e+06	
3.83625e+06	3.784e+06	3.79575e+06	3.75425e+06	3.80975e+06	
3.7485e+06	3.797e+06	3.7575e+06	3.833e+06	3.794e+06	
3.79075e+06	3.7775e+06	3.8015e+06	3.75875e+06	3.82225e+06	
3.7775e+06	3.8155e+06	3.84575e+06	3.77825e+06	3.79275e+06	
3.7655e+06	3.83125e+06	3.77375e+06	3.74725e+06	3.68675e+06	
3.7795e+06	3.74675e+06	3.81725e+06	3.77e+06	3.73225e+06	
3.801e+06	3.76375e+06	3.75875e+06	3.813e+06	3.73275e+06	
3.753e+06	3.77375e+06	3.68e+06	3.83125e+06	3.7235e+06	
3.712e+06	3.63525e+06	3.6995e+06	3.719e+06	3.717e+06	
3.6825e+06	3.6975e+06	3.6685e+06	3.69575e+06	3.71075e+06	
3.702e+06	3.6805e+06	3.717e+06	3.74475e+06	3.66925e+06	
3.705e+06	3.63575e+06	3.6875e+06	3.62375e+06	3.62075e+06	
3.666e+06	3.671e+06	3.66725e+06	3.59675e+06	3.646e+06	
3.6e+06	3.637e+06	3.6315e+06	3.72475e+06	3.6315e+06	
3.60675e+06	3.60675e+06	3.61125e+06	3.617e+06	3.57775e+06	
3.61625e+06	3.57525e+06	3.63025e+06	3.61625e+06	3.586e+06	
3.58025e+06	3.5685e+06	3.632e+06	3.6175e+06	3.581e+06	
3.56325e+06	3.5545e+06	3.608e+06	3.5275e+06	3.567e+06	
3.574e+06	3.59425e+06	3.5595e+06	3.52925e+06	3.54575e+06	
3.5615e+06	3.4845e+06	3.54325e+06	3.49225e+06	3.59225e+06	
3.504e+06	3.50025e+06	3.48575e+06	3.49275e+06	3.431e+06	
3.3755e+06	3.44225e+06	3.45175e+06	3.356e+06	3.4525e+06	
3.3895e+06	3.38e+06	3.45125e+06	3.35925e+06	3.3725e+06	
3.2665e+06	3.30825e+06	3.32575e+06	3.29425e+06	3.27975e+06	
3.21225e+06	3.1915e+06	3.1715e+06	3.14125e+06	3.177e+06	
3.03975e+06	3.0125e+06	3.03975e+06	3.09825e+06	3.056e+06	
2.94775e+06	3.0075e+06	2.97475e+06	2.971e+06	2.89925e+06	
2.90925e+06	2.91e+06	2.92875e+06	2.932e+06	2.87975e+06	
2.838e+06	2.8235e+06	2.85125e+06	2.8255e+06	2.823e+06	
2.75175e+06	2.741e+06	2.75625e+06	2.79525e+06	2.7505e+06	
2.6755e+06	2.7245e+06	2.71575e+06	2.7335e+06	2.68875e+06	
2.666e+06	2.66275e+06	2.707e+06	2.705e+06	2.70325e+06	
2.68425e+06	2.68375e+06	2.67675e+06	2.62625e+06	2.6445e+06	
2.702e+06	2.69175e+06	2.68675e+06	2.6705e+06	2.678e+06	
2.72025e+06	2.71275e+06	2.6925e+06	2.726e+06	2.62625e+06	
2.72525e+06	2.76875e+06	2.70875e+06	2.7215e+06	2.70875e+06	
2.85e+06	2.85625e+06	2.81025e+06	2.8455e+06	2.80225e+06	
2.95025e+06	2.86e+06	2.9325e+06	2.9035e+06	2.8745e+06	
2.9415e+06	3.027e+06	3.0045e+06	2.97225e+06	3.00125e+06	
3.04725e+06	3.0435e+06	3.0005e+06	3.03775e+06	3.022e+06	
3.10275e+06	3.0505e+06	3.11975e+06	3.048e+06	3.102e+06	
3.09325e+06	2.993e+06	3.03475e+06	3.0295e+06	3.053e+06	
3.01775e+06	3.015e+06	3.0605e+06	3.07375e+06	3.00875e+06	
2.983e+06	2.92875e+06	2.98675e+06	2.9665e+06	2.9055e+06	
2.85075e+06	2.831e+06	2.83375e+06	2.872e+06	2.82425e+06	
2.814e+06	2.82675e+06	2.826e+06	2.86575e+06	2.84e+06	
2.84825e+06	2.83375e+06	2.775e+06	2.78e+06	2.8115e+06	
2.765e+06	2.78125e+06	2.789e+06	2.743e+06	2.78075e+06	
2.73025e+06	2.722e+06	2.75475e+06	2.74975e+06	2.7995e+06	
2.785e+06	2.74725e+06	2.77375e+06	2.76425e+06	2.739e+06	
2.739e+06	2.75675e+06	2.7285e+06	2.7335e+06	2.763e+06	
2.76375e+06	2.80025e+06	2.73225e+06	2.7245e+06	2.719e+06	
2.7245e+06	2.73525e+06	2.8035e+06	2.73725e+06	2.78625e+06	
2.7725e+06	2.78e+06	2.8015e+06	2.789e+06	2.78825e+06	
2.775e+06	2.82425e+06	2.763e+06	2.81475e+06	2.76925e+06	
2.7705e+06	2.75675e+06	2.821e+06	2.772e+06	2.693e+06	
2.71525e+06	2.72725e+06	2.75625e+06	2.67675e+06	2.71775e+06	
2.77875e+06	2.70825e+06	2.73225e+06	2.7195e+06	2.71025e+06	
2.74725e+06	2.751e+06	2.787e+06	2.72525e+06	2.72075e+06	
2.74225e+06	2.73025e+06	2.7145e+06	2.74025e+06	2.73275e+06	
2.6905e+06	2.72275e+06	2.722e+06	2.7555e+06	2.74425e+06	
2.67925e+06	2.7145e+06	2.695e+06	2.751e+06	2.67175e+06	
2.73025e+06	2.7e+06	2.71575e+06	2.71075e+06	2.72325e+06	
2.71075e+06	2.72275e+06	2.76675e+06	2.731e+06	2.743e+06	
2.77125e+06	2.75475e+06	2.775e+06	2.717e+06	2.7245e+06	
2.7075e+06	2.6805e+06	2.73225e+06	2.70825e+06	2.75425e+06	
2.77125e+06	2.73975e+06	2.71575e+06	2.7555e+06	2.75475e+06	
2.7095e+06	2.7195e+06	2.70625e+06	2.8135e+06	2.70375e+06	
2.7705e+06	2.69825e+06	2.76925e+06	2.782e+06	2.741e+06	
2.76175e+06	2.7725e+06	2.81025e+06	2.7675e+06	2.76e+06	
2.80525e+06	2.8185e+06	2.852e+06	2.80475e+06	2.8475e+06	
2.89275e+06	2.7965e+06	2.85875e+06	2.828e+06	2.84425e+06	
2.9035e+06	2.84175e+06	2.9205e+06	2.86325e+06	2.88025e+06	
2.896e+06	2.8425e+06	2.89025e+06	2.918e+06	2.918e+06	
2.903e+06	2.915e+06	2.93875e+06	2.93625e+06	2.9325e+06	
2.91125e+06	2.98425e+06	2.976e+06	2.94825e+06	2.918e+06	
2.97725e+06	2.91925e+06	2.973e+06	2.92875e+06	2.9635e+06	
2.94525e+06	2.9295e+06	2.961e+06	2.97175e+06	2.93575e+06	
2.9375e+06	3.00125e+06	2.9685e+06	2.91925e+06	2.9205e+06	
2.97725e+06	2.9735e+06	2.94775e+06	2.9465e+06	2.932e+06	
3.00575e+06	2.96275e+06	2.95975e+06	2.92425e+06	2.93825e+06	
2.9325e+06	2.94275e+06	2.98475e+06	2.90725e+06	2.898e+06	
2.855e+06	2.896e+06	2.961e+06	2.87975e+06	2.9345e+06	
2.89275e+06	2.92175e+06	2.83375e+06	2.87075e+06	2.8865e+06	
2.877e+06	2.88525e+06	2.8715e+06	2.87575e+06	2.9415e+06	
2.9055e+06	2.85e+06	2.949e+06	2.87325e+06	2.874e+06	
2.97225e+06	2.95075e+06	2.89225e+06	2.90675e+06	2.903e+06	
2.908e+06	2.9665e+06	2.952e+06	2.9055e+06	2.857e+06	
2.86775e+06	2.94775e+06	2.89225e+06	2.92375e+06	2.89475e+06	
2.927e+06	2.8425e+06	2.87825e+06	2.8495e+06	2.86825e+06	
2.86525e+06	2.81725e+06	2.81525e+06	2.852e+06	2.81925e+06	
2.9325e+06	2.89025e+06	2.8815e+06	2.90475e+06	2.9005e+06	
2.89025e+06	2.862e+06	2.88475e+06	2.85125e+06	2.898e+06	
2.90425e+06	2.94075e+06	2.884e+06	2.881e+06	2.8375e+06	
2.86075e+06	2.86125e+06	2.9415e+06	2.89275e+06	2.85325e+06	
2.87525e+06	2.927e+06	2.92e+06	2.8375e+06	2.8575e+06	
2.792e+06	2.94575e+06	2.9125e+06	2.8525e+06	2.87525e+06	
2.913e+06	2.831e+06	2.898e+06	2.85075e+06	2.85e+06	
2.83925e+06	2.8815e+06	2.90725e+06	2.86075e+06	2.84e+06	
2.8595e+06	2.838e+06	2.8355e+06	2.82975e+06	2.8645e+06	
2.8235e+06	2.81275e+06	2.8475e+06	2.8815e+06	2.81725e+06	
2.86e+06	2.83375e+06	2.9055e+06	2.9005e+06	2.8715e+06	
2.80225e+06	2.828e+06	2.86125e+06	2.84425e+06	2.83225e+06	
2.86525e+06	2.84175e+06	2.8715e+06	2.8405e+06	2.88275e+06	
2.90675e+06	2.86825e+06	2.862e+06	2.8815e+06	2.8475e+06	
2.89725e+06	2.86075e+06	2.89025e+06	2.93e+06	2.8715e+06	
2.9005e+06	2.8595e+06	2.92575e+06	2.85375e+06	2.833e+06	
2.81475e+06	2.86825e+06	2.85575e+06	2.874e+06	2.8625e+06	
2.826e+06	2.79825e+06	2.881e+06	2.83175e+06	2.84125e+06	
2.862e+06	2.86575e+06	2.835e+06	2.833e+06	2.8035e+06	
2.84e+06	2.8165e+06	2.821e+06	2.87025e+06	2.896e+06	
2.8625e+06	2.8375e+06	2.932e+06	2.86825e+06	2.8305e+06	
2.8575e+06	2.785e+06	2.814e+06	2.8495e+06	2.81475e+06	
2.87975e+06	2.852e+06	2.80775e+06	2.85875e+06	2.84425e+06	
2.8235e+06	2.814e+06	2.826e+06	2.87075e+06	2.8205e+06	
2.83375e+06	2.845e+06	2.862e+06	2.864e+06	2.82675e+06	
2.8915e+06	2.83875e+06	2.82925e+06	2.852e+06	2.86325e+06	
2.83225e+06	2.896e+06	2.855e+06	2.84625e+06	2.8475e+06	
2.816e+06	2.75925e+06	2.8455e+06	2.828e+06	2.787e+06	
2.7675e+06	2.7895e+06	2.833e+06	2.81275e+06	2.80525e+06	
2.809e+06	2.82225e+06	2.782e+06	2.8405e+06	2.8425e+06	
2.83675e+06	2.765e+06	2.84375e+06	2.80475e+06	2.78125e+06	
2.77575e+06	2.76125e+06	2.82225e+06	2.8065e+06	2.68375e+06	
2.7965e+06	2.75425e+06	2.862e+06	2.74975e+06	2.73525e+06	
2.76125e+06	2.76175e+06	2.76375e+06	2.72325e+06	2.71325e+06	
2.748e+06	2.7555e+06	2.74025e+06	2.76875e+06	2.772e+06	
2.763e+06	2.804e+06	2.78125e+06	2.753e+06	2.71775e+06	
2.7435e+06	2.76175e+06	2.74025e+06	2.74675e+06	2.7505e+06	
2.714e+06	2.7365e+06	2.705e+06	2.7335e+06	2.707e+06	
2.7555e+06	2.74925e+06	2.753e+06	2.74175e+06	2.729e+06	
2.73475e+06	2.70075e+06	2.712e+06	2.75425e+06	2.76175e+06	
2.731e+06	2.748e+06	2.739e+06	2.688e+06	2.77125e+06	
2.7165e+06	2.72025e+06	2.693e+06	2.72525e+06	2.68925e+06	
2.7075e+06	2.73025e+06	2.726e+06	2.743e+06	2.7485e+06	
2.76375e+06	2.70375e+06	2.72325e+06	2.71275e+06	2.66475e+06	
2.70075e+06	2.69625e+06	2.6905e+06	2.7025e+06	2.6875e+06	
2.705e+06	2.71325e+06	2.7315e+06	2.6735e+06	2.724e+06	
2.647e+06	2.75475e+06	2.734e+06	2.68925e+06	2.693e+06	
2.67175e+06	2.67925e+06	2.68e+06	2.722e+06	2.685e+06	
2.6925e+06	2.65225e+06	2.67725e+06	2.64275e+06	2.6615e+06	
2.671e+06	2.714e+06	2.65225e+06	2.63e+06	2.65775e+06	
2.693e+06	2.705e+06	2.6875e+06	2.67725e+06	2.6585e+06	
2.64275e+06	2.66925e+06	2.6685e+06	2.66275e+06	2.6585e+06	
2.66675e+06	2.6365e+06	2.673e+06	2.6465e+06	2.66025e+06	
2.6655e+06	2.59725e+06	2.68675e+06	2.5815e+06	2.63125e+06	
2.651e+06	2.69375e+06	2.58225e+06	2.603e+06	2.6295e+06	
2.56025e+06	2.57075e+06	2.62625e+06	2.6125e+06	2.5905e+06	
2.656e+06	2.644e+06	2.647e+06	2.6055e+06	2.603e+06	
2.62375e+06	2.567e+06	2.64575e+06	2.57475e+06	2.588e+06	
2.6155e+06	2.545e+06	2.62875e+06	2.60225e+06	2.639e+06	
2.5715e+06	2.574e+06	2.5955e+06	2.555e+06	2.5785e+06	
2.555e+06	2.59725e+06	2.54575e+06	2.559e+06	2.5235e+06	
2.36475e+06	2.446e+06	2.39575e+06	2.419e+06	2.42775e+06	
2.22675e+06	2.22625e+06	2.24375e+06	2.20975e+06	2.1935e+06	
1.974e+06	1.9515e+06	1.94575e+06	1.954e+06	1.961e+06	
1.642e+06	1.6585e+06	1.6665e+06	1.66925e+06	1.61925e+06	
1.4285e+06	1.4045e+06	1.42525e+06	1.424e+06	1.4165e+06	
1.259e+06	1.24825e+06	1.2645e+06	1.27975e+06	1.24625e+06	
1.189e+06	1.20225e+06	1.17825e+06	1.1775e+06	1.18325e+06	
1.2375e+06	1.21725e+06	1.2135e+06	1.22875e+06	1.19975e+06	
1.276e+06	1.308e+06	1.33325e+06	1.3245e+06	1.27475e+06	
1.426e+06	1.4215e+06	1.42725e+06	1.4075e+06	1.414e+06	
1.4725e+06	1.44675e+06	1.47e+06	1.4575e+06	1.47375e+06	
1.45225e+06	1.443e+06	1.436e+06	1.48075e+06	1.44225e+06	
1.4365e+06	1.453e+06	1.42475e+06	1.45625e+06	1.45175e+06	
1.439e+06	1.429e+06	1.44925e+06	1.42475e+06	1.41325e+06	
1.4535e+06	1.4365e+06	1.4405e+06	1.4285e+06	1.4365e+06	
1.4505e+06	1.439e+06	1.43525e+06	1.41025e+06	1.44225e+06	
1.51225e+06	1.5015e+06	1.50525e+06	1.49775e+06	1.47825e+06	
1.53125e+06	1.55825e+06	1.53125e+06	1.5355e+06	1.51975e+06	
1.59025e+06	1.60425e+06	1.61925e+06	1.61925e+06	1.5785e+06	
1.6325e+06	1.618e+06	1.678e+06	1.64525e+06	1.656e+06	
1.73725e+06	1.71775e+06	1.73975e+06	1.72575e+06	1.70875e+06	
1.8375e+06	1.8065e+06	1.84e+06	1.81725e+06	1.79e+06	
1.85325e+06	1.84875e+06	1.85825e+06	1.869e+06	1.84875e+06	
1.923e+06	1.9325e+06	1.9465e+06	1.96775e+06	1.932e+06	
2.022e+06	1.99375e+06	2.03575e+06	1.9905e+06	2.04025e+06	
2.12475e+06	2.09e+06	2.06175e+06	2.08e+06	2.05675e+06	
2.131e+06	2.1265e+06	2.13225e+06	2.1095e+06	2.121e+06	
2.17525e+06	2.1745e+06	2.17525e+06	2.206e+06	2.18075e+06	
2.2015e+06	2.167e+06	2.2255e+06	2.1845e+06	2.167e+06	
2.20025e+06	2.252e+06	2.26025e+06	2.24125e+06	2.2855e+06	
2.2255e+06	2.2545e+06	2.2255e+06	2.21175e+06	2.27725e+06	
2.25275e+06	2.27775e+06	2.2935e+06	2.25575e+06	2.2515e+06	
2.252e+06	2.21725e+06	2.218e+06	2.2205e+06	2.24325e+06	
2.2375e+06	2.23875e+06	2.281e+06	2.25e+06	2.216e+06	
2.23575e+06	2.2665e+06	2.25275e+06	2.27475e+06	2.283e+06	
2.2975e+06	2.27275e+06	2.33525e+06	2.288e+06	2.24e+06	
2.28425e+06	2.3195e+06	2.2545e+06	2.3125e+06	2.31e+06	
2.29925e+06	2.29175e+06	2.291e+06	2.26725e+06	2.315e+06	
2.26275e+06	2.24325e+06	2.2495e+06	2.298e+06	2.23425e+06	
2.3e+06	2.3125e+06	2.20225e+06	2.29925e+06	2.2855e+06	
2.24625e+06	2.24375e+06	2.2375e+06	2.21725e+06	2.25e+06	
2.26325e+06	2.2735e+06	2.2135e+06	2.201e+06	2.2615e+06	
2.26575e+06	2.24075e+06	2.24325e+06	2.28175e+06	2.26775e+06	
2.25525e+06	2.20675e+06	2.28675e+06	2.23875e+06	2.2855e+06	
2.24375e+06	2.2615e+06	2.29425e+06	2.2445e+06	2.23875e+06	
2.247e+06	2.247e+06	2.21975e+06	2.235e+06	2.24125e+06	
2.23175e+06	2.233e+06	2.24825e+06	2.20275e+06	2.18525e+06	
2.2015e+06	2.23575e+06	2.1915e+06	2.18275e+06	2.2035e+06	
2.16825e+06	2.21225e+06	2.20925e+06	2.213e+06	2.15675e+06	
2.15875e+06	2.2055e+06	2.19275e+06	2.201e+06	2.13475e+06	
2.16075e+06	2.18825e+06	2.235e+06	2.1935e+06	2.24075e+06	
2.16825e+06	2.16875e+06	2.213e+06	2.2015e+06	2.1815e+06	
2.1795e+06	2.16625e+06	2.167e+06	2.1725e+06	2.19525e+06	
2.17125e+06	2.177e+06	2.20225e+06	2.218e+06	2.158e+06	
2.211e+06	2.199e+06	2.19275e+06	2.199e+06	2.18025e+06	
2.218e+06	2.208e+06	2.182e+06	2.17375e+06	2.1575e+06	
2.16e+06	2.158e+06	2.155e+06	2.17325e+06	2.191e+06	
2.12925e+06	2.15175e+06	2.16075e+06	2.19025e+06	2.12975e+06	
2.18575e+06	2.187e+06	2.1935e+06	2.15125e+06	2.18025e+06	
2.10075e+06	2.15175e+06	2.19275e+06	2.1015e+06	2.116e+06	
2.14875e+06	2.1525e+06	2.1745e+06	2.14175e+06	2.14625e+06	
2.12475e+06	2.13475e+06	2.1335e+06	2.145e+06	2.1135e+06	
2.1115e+06	2.1645e+06	2.18775e+06	2.1135e+06	2.10325e+06	
2.13975e+06	2.13175e+06	2.102e+06	2.143e+06	2.07175e+06	
2.1555e+06	2.1355e+06	2.1475e+06	2.14925e+06	2.13425e+06	
2.1305e+06	2.11725e+06	2.1305e+06	2.133e+06	2.124e+06	
2.136e+06	2.10575e+06	2.099e+06	2.1045e+06	2.13175e+06	
2.1455e+06	2.12525e+06	2.1095e+06	2.133e+06	2.12775e+06	
2.0555e+06	2.11275e+06	2.14875e+06	2.16875e+06	2.13725e+06	
2.0465e+06	2.09075e+06	2.07925e+06	2.085e+06	2.1115e+06	
2.13475e+06	2.09575e+06	2.136e+06	2.11725e+06	2.095e+06	
2.099e+06	2.119e+06	2.104e+06	2.09325e+06	2.1215e+06	
2.05675e+06	2.09325e+06	2.10825e+06	2.10825e+06	2.1135e+06	
2.08375e+06	2.1385e+06	2.1355e+06	2.10275e+06	2.078e+06	
2.02525e+06	2.0925e+06	2.049e+06	2.0655e+06	2.0485e+06	
2.092e+06	2.12025e+06	2.08125e+06	2.1135e+06	2.09575e+06	
2.099e+06	2.099e+06	2.08375e+06	2.0635e+06	2.07e+06	
2.097e+06	2.0875e+06	2.066e+06	2.095e+06	2.09375e+06	
2.017e+06	2.0345e+06	2.102e+06	2.0755e+06	2.08125e+06	
2.03975e+06	2.0555e+06	2.0555e+06	2.05475e+06	2.07625e+06	
2.09325e+06	2.07925e+06	2.0775e+06	2.07875e+06	2.051e+06	
2.032e+06	2.05975e+06	2.06875e+06	2.08e+06	2.0845e+06	
2.03525e+06	2.087e+06	2.05975e+06	2.044e+06	2.0345e+06	
2.0605e+06	2.01375e+06	2.0315e+06	2.0145e+06	2.05475e+06	
2.053e+06	2.08125e+06	2.0635e+06	2.04275e+06	2.0485e+06	
2.0725e+06	2.0315e+06	2.07175e+06	2.0295e+06	2.04475e+06	
2.02275e+06	1.98975e+06	2.0295e+06	2.044e+06	2.005e+06	
2.0295e+06	2.034e+06	2.0125e+06	2.00375e+06	1.995e+06	
2.022e+06	1.9925e+06	2.01875e+06	2.0025e+06	2.05675e+06	
1.988e+06	1.9955e+06	1.998e+06	1.98675e+06	1.99175e+06	
1.95825e+06	1.96975e+06	1.93075e+06	1.99625e+06	1.99125e+06	
1.99675e+06	1.9755e+06	2.00625e+06	1.96975e+06	1.998e+06	
1.9925e+06	1.95575e+06	1.98675e+06	1.942e+06	1.94525e+06	
1.952e+06	1.9515e+06	1.9495e+06	1.96525e+06	1.981e+06	
1.97275e+06	1.94775e+06	1.92875e+06	1.94325e+06	1.957e+06	
1.88775e+06	1.92e+06	1.9735e+06	1.91925e+06	1.9155e+06	
1.89925e+06	1.9565e+06	1.928e+06	1.91225e+06	1.93e+06	
1.89725e+06	1.89775e+06	1.92425e+06	1.89225e+06	1.90725e+06	
1.94e+06	1.92675e+06	1.9565e+06	1.92125e+06	1.9105e+06	
1.91875e+06	1.90475e+06	1.913e+06	1.9255e+06	1.8695e+06	
1.8965e+06	1.872e+06	1.89025e+06	1.95525e+06	1.9445e+06	
1.8835e+06	1.91175e+06	1.90425e+06	1.87575e+06	1.911e+06	
1.9135e+06	1.90425e+06	1.886e+06	1.86575e+06	1.88725e+06	
1.89725e+06	1.867e+06	1.82975e+06	1.86e+06	1.87525e+06	
1.8525e+06	1.86325e+06	1.8475e+06	1.8915e+06	1.8405e+06	
1.8645e+06	1.872e+06	1.85125e+06	1.838e+06	1.86825e+06	
1.8625e+06	1.86325e+06	1.8695e+06	1.865e+06	1.88275e+06	
1.88525e+06	1.85175e+06	1.84375e+06	1.86375e+06	1.8215e+06	
1.84925e+06	1.828e+06	1.86625e+06	1.836e+06	1.802e+06	
1.8425e+06	1.845e+06	1.836e+06	1.833e+06	1.826e+06	
1.83425e+06	1.88075e+06	1.8595e+06	1.80975e+06	1.85375e+06	
1.85375e+06	1.821e+06	1.843e+06	1.86125e+06	1.845e+06	
1.831e+06	1.8505e+06	1.838e+06	1.83175e+06	1.79775e+06	
1.84675e+06	1.8235e+06	1.8015e+06	1.8115e+06	1.84e+06	
1.8285e+06	1.83225e+06	1.81275e+06	1.83475e+06	1.79275e+06	
1.79525e+06	1.8525e+06	1.80025e+06	1.81975e+06	1.82425e+06	
1.838e+06	1.82425e+06	1.80325e+06	1.80525e+06	1.748e+06	
1.7775e+06	1.7895e+06	1.78825e+06	1.78625e+06	1.80725e+06	
1.83925e+06	1.819e+06	1.8255e+06	1.799e+06	1.74675e+06	
1.8065e+06	1.74925e+06	1.7315e+06	1.797e+06	1.821e+06	
1.76925e+06	1.79075e+06	1.78575e+06	1.7995e+06	1.78125e+06	
1.792e+06	1.81775e+06	1.7965e+06	1.75675e+06	1.78375e+06	
1.811e+06	1.777e+06	1.7825e+06	1.77375e+06	1.7755e+06	
1.7625e+06	1.8015e+06	1.76425e+06	1.7485e+06	1.78075e+06	
1.7335e+06	1.74025e+06	1.758e+06	1.758e+06	1.746e+06	
1.7555e+06	1.77125e+06	1.7385e+06	1.787e+06	1.7625e+06	
1.74525e+06	1.739e+06	1.80275e+06	1.782e+06	1.72575e+06	
1.7295e+06	1.72775e+06	1.739e+06	1.7435e+06	1.73225e+06	
1.7165e+06	1.74225e+06	1.744e+06	1.70825e+06	1.70325e+06	
1.736e+06	1.7245e+06	1.7295e+06	1.70825e+06	1.6615e+06	
1.71575e+06	1.702e+06	1.72825e+06	1.7365e+06	1.7505e+06	
1.70825e+06	1.7025e+06	1.72525e+06	1.695e+06	1.717e+06	
1.70125e+06	1.7045e+06	1.71775e+06	1.727e+06	1.67725e+06	
1.69e+06	1.729e+06	1.6835e+06	1.71825e+06	1.71075e+06	
1.67175e+06	1.695e+06	1.6735e+06	1.66925e+06	1.6835e+06	
1.6805e+06	1.64575e+06	1.66275e+06	1.69125e+06	1.67425e+06	
1.66025e+06	1.6465e+06	1.70575e+06	1.67925e+06	1.695e+06	
1.65075e+06	1.67475e+06	1.71325e+06	1.64075e+06	1.6665e+06	
1.664e+06	1.67225e+06	1.62175e+06	1.659e+06	1.69425e+06	
1.6785e+06	1.6805e+06	1.6785e+06	1.6785e+06	1.637e+06	
1.644e+06	1.65075e+06	1.65525e+06	1.63325e+06	1.65075e+06	
1.6415e+06	1.58525e+06	1.63625e+06	1.61175e+06	1.635e+06	
1.642e+06	1.62625e+06	1.64025e+06	1.618e+06	1.6585e+06	
1.64825e+06	1.6615e+06	1.61625e+06	1.62325e+06	1.65325e+06	
1.65975e+06	1.65525e+06	1.6345e+06	1.656e+06	1.635e+06	
1.6295e+06	1.59925e+06	1.664e+06	1.6685e+06	1.6295e+06	
1.62575e+06	1.65075e+06	1.65475e+06	1.664e+06	1.64025e+06	
1.615e+06	1.661e+06	1.6515e+06	1.661e+06	1.666e+06	
1.603e+06	1.608e+06	1.62175e+06	1.64575e+06	1.6295e+06	
1.63625e+06	1.60725e+06	1.6415e+06	1.6345e+06	1.6035e+06	
1.61625e+06	1.61875e+06	1.6005e+06	1.618e+06	1.60875e+06	
1.60425e+06	1.59675e+06	1.59725e+06	1.58275e+06	1.5985e+06	
1.57575e+06	1.608e+06	1.603e+06	1.608e+06	1.56775e+06	
1.62325e+06	1.6055e+06	1.586e+06	1.59425e+06	1.6515e+06	
1.6055e+06	1.58975e+06	1.6205e+06	1.606e+06	1.57525e+06	
1.5815e+06	1.56125e+06	1.603e+06	1.56775e+06	1.579e+06	
1.55325e+06	1.59225e+06	1.56075e+06	1.56e+06	1.54875e+06	
1.57025e+06	1.54125e+06	1.579e+06	1.54875e+06	1.56775e+06	
1.54625e+06	1.54625e+06	1.5575e+06	1.5255e+06	1.54625e+06	
1.54375e+06	1.5595e+06	1.5325e+06	1.55625e+06	1.53375e+06	
1.49525e+06	1.55075e+06	1.5135e+06	1.516e+06	1.552e+06	
1.52725e+06	1.528e+06	1.492e+06	1.54375e+06	1.509e+06	
1.5035e+06	1.50525e+06	1.5015e+06	1.52925e+06	1.48325e+06	
1.499e+06	1.538e+06	1.51725e+06	1.51475e+06	1.50025e+06	
1.50275e+06	1.50775e+06	1.4995e+06	1.51675e+06	1.4675e+06	
1.48825e+06	1.49825e+06	1.4625e+06	1.499e+06	1.4915e+06	
1.46175e+06	1.472e+06	1.482e+06	1.48e+06	1.451e+06	
1.4915e+06	1.4845e+06	1.50525e+06	1.47125e+06	1.44975e+06	
1.431e+06	1.453e+06	1.44925e+06	1.48075e+06	1.4315e+06	
1.4025e+06	1.44175e+06	1.39625e+06	1.41825e+06	1.424e+06	
1.38675e+06	1.4145e+06	1.4215e+06	1.39825e+06	1.378e+06	
1.38e+06	1.376e+06	1.39375e+06	1.376e+06	1.36925e+06	
1.37175e+06	1.3925e+06	1.34975e+06	1.3905e+06	1.3345e+06	
1.38425e+06	1.3515e+06	1.35725e+06	1.363e+06	1.33575e+06	
1.34025e+06	1.31825e+06	1.3395e+06	1.339e+06	1.332e+06	
1.322e+06	1.3295e+06	1.322e+06	1.33125e+06	1.29225e+06	
1.30625e+06	1.327e+06	1.2955e+06	1.31425e+06	1.31425e+06	
1.3055e+06	1.281e+06	1.31e+06	1.29475e+06	1.2985e+06	
1.29925e+06	1.3105e+06	1.28475e+06	1.276e+06	1.293e+06	
1.29475e+06	1.2765e+06	1.26575e+06	1.27275e+06	1.2695e+06	
1.23675e+06	1.257e+06	1.267e+06	1.2615e+06	1.2545e+06	
1.28025e+06	1.2495e+06	1.25125e+06	1.2355e+06	1.27475e+06	
1.28925e+06	1.26275e+06	1.3075e+06	1.28475e+06	1.26775e+06	
1.2735e+06	1.27525e+06	1.252e+06	1.2955e+06	1.2235e+06	
1.23675e+06	1.26825e+06	1.25775e+06	1.23375e+06	1.257e+06	
1.25075e+06	1.257e+06	1.24325e+06	1.25825e+06	1.26075e+06	
1.25375e+06	1.252e+06	1.2495e+06	1.264e+06	1.276e+06	
1.28225e+06	1.293e+06	1.2305e+06	1.257e+06	1.274e+06	
1.25775e+06	1.2665e+06	1.257e+06	1.264e+06	1.25575e+06	
1.26075e+06	1.24875e+06	1.24875e+06	1.267e+06	1.2495e+06	
1.264e+06	1.2445e+06	1.274e+06	1.23625e+06	1.27025e+06	
1.271e+06	1.27725e+06	1.29725e+06	1.24575e+06	1.245e+06	
1.296e+06	1.274e+06	1.31175e+06	1.305e+06	1.286e+06	
1.3295e+06	1.31875e+06	1.3075e+06	1.30625e+06	1.29675e+06	
1.3155e+06	1.32625e+06	1.32625e+06	1.28725e+06	1.31875e+06	
1.33e+06	1.3075e+06	1.31125e+06	1.3225e+06	1.26775e+06	
1.2765e+06	1.27475e+06	1.286e+06	1.2765e+06	1.33325e+06	
1.27275e+06	1.29225e+06	1.29225e+06	1.281e+06	1.274e+06	
1.252e+06	1.24e+06	1.2255e+06	1.2665e+06	1.25325e+06	
1.182e+06	1.1555e+06	1.163e+06	1.19775e+06	1.187e+06	
1.14875e+06	1.1675e+06	1.17575e+06	1.17625e+06	1.1795e+06	
1.14225e+06	1.136e+06	1.17325e+06	1.15e+06	1.158e+06	
1.21225e+06	1.2255e+06	1.1965e+06	1.19075e+06	1.213e+06	
1.24825e+06	1.21725e+06	1.2035e+06	1.199e+06	1.2275e+06	
1.23875e+06	1.24575e+06	1.25325e+06	1.24e+06	1.2425e+06	
1.24825e+06	1.2475e+06	1.22925e+06	1.26825e+06	1.24375e+06	
1.26775e+06	1.24075e+06	1.24825e+06	1.298e+06	1.27475e+06	
1.26525e+06	1.26775e+06	1.2735e+06	1.296e+06	1.264e+06	
1.27525e+06	1.26025e+06	1.27225e+06	1.2785e+06	1.27025e+06	
1.22925e+06	1.23875e+06	1.259e+06	1.24125e+06	1.25125e+06	
1.259e+06	1.259e+06	1.26575e+06	1.288e+06	1.267e+06	
1.27775e+06	1.264e+06	1.29425e+06	1.24375e+06	1.2935e+06	
1.28675e+06	1.27275e+06	1.298e+06	1.2765e+06	1.26075e+06	
1.2665e+06	1.274e+06	1.2495e+06	1.27025e+06	1.284e+06	
1.22425e+06	1.22675e+06	1.2595e+06	1.23925e+06	1.2255e+06	
1.21925e+06	1.233e+06	1.2235e+06	1.2275e+06	1.2205e+06	
1.1985e+06	1.18525e+06	1.233e+06	1.213e+06	1.1985e+06	
1.18775e+06	1.23375e+06	1.21725e+06	1.21425e+06	1.22875e+06	
1.2065e+06	1.2255e+06	1.19525e+06	1.20725e+06	1.18775e+06	
1.22175e+06	1.213e+06	1.218e+06	1.20775e+06	1.19475e+06	
1.22425e+06	1.21725e+06	1.23175e+06	1.24125e+06	1.2235e+06	
1.233e+06	1.196e+06	1.24e+06	1.21975e+06	1.23675e+06	
1.21225e+06	1.2205e+06	1.201e+06	1.18525e+06	1.2305e+06	
1.228e+06	1.21725e+06	1.20975e+06	1.21725e+06	1.225e+06	
1.204e+06	1.19725e+06	1.23375e+06	1.21725e+06	1.1985e+06	
1.20275e+06	1.201e+06	1.21925e+06	1.194e+06	1.204e+06	
1.20725e+06	1.20525e+06	1.20725e+06	1.196e+06	1.213e+06	
1.2135e+06	1.206e+06	1.21425e+06	1.21225e+06	1.192e+06	
1.211e+06	1.22625e+06	1.20475e+06	1.19475e+06	1.21225e+06	
1.20025e+06	1.18575e+06	1.194e+06	1.18575e+06	1.17e+06	
1.19075e+06	1.21425e+06	1.1865e+06	1.204e+06	1.19025e+06	
1.19475e+06	1.177e+06	1.20725e+06	1.20775e+06	1.19325e+06	
1.19025e+06	1.218e+06	1.1965e+06	1.2085e+06	1.2135e+06	
1.22425e+06	1.228e+06	1.18575e+06	1.1745e+06	1.18575e+06	
1.22625e+06	1.20025e+06	1.19525e+06	1.1915e+06	1.19975e+06	
1.194e+06	1.21175e+06	1.175e+06	1.1965e+06	1.18075e+06	
1.20475e+06	1.1985e+06	1.19325e+06	1.18575e+06	1.1915e+06	
1.221e+06	1.17825e+06	1.20525e+06	1.218e+06	1.1865e+06	
1.242e+06	1.19975e+06	1.2255e+06	1.216e+06	1.1965e+06	
1.213e+06	1.22625e+06	1.20725e+06	1.2015e+06	1.19725e+06	
1.21675e+06	1.189e+06	1.19975e+06	1.204e+06	1.1965e+06	
1.216e+06	1.1965e+06	1.21425e+06	1.23175e+06	1.1675e+06	
1.2155e+06	1.213e+06	1.225e+06	1.19075e+06	1.22925e+06	
1.1775e+06	1.21975e+06	1.206e+06	1.184e+06	1.2155e+06	
1.187e+06	1.22675e+06	1.20225e+06	1.1965e+06	1.1985e+06	
1.2105e+06	1.2065e+06	1.1745e+06	1.20775e+06	1.2105e+06	
1.1725e+06	1.19525e+06	1.2155e+06	1.22925e+06	1.22875e+06	
1.2185e+06	1.192e+06	1.2235e+06	1.19525e+06	1.19525e+06	
1.17825e+06	1.24125e+06	1.21925e+06	1.175e+06	1.196e+06	
1.17075e+06	1.1725e+06	1.19075e+06	1.22425e+06	1.18275e+06	
1.1895e+06	1.194e+06	1.21225e+06	1.19975e+06	1.19725e+06	
1.18325e+06	1.1645e+06	1.21475e+06	1.2015e+06	1.1915e+06	
1.17625e+06	1.2135e+06	1.21675e+06	1.21975e+06	1.196e+06	
1.18275e+06	1.2105e+06	1.199e+06	1.2035e+06	1.213e+06	
1.21925e+06	1.182e+06	1.194e+06	1.22675e+06	1.21225e+06	
1.19325e+06	1.20275e+06	1.17825e+06	1.20475e+06	1.19475e+06	
1.1725e+06	1.17325e+06	1.2085e+06	1.19525e+06	1.20275e+06	
1.18775e+06	1.18275e+06	1.17e+06	1.17325e+06	1.17875e+06	
1.1895e+06	1.21725e+06	1.184e+06	1.1625e+06	1.18825e+06	
1.17875e+06	1.21225e+06	1.16625e+06	1.14725e+06	1.192e+06	
1.189e+06	1.1845e+06	1.189e+06	1.19325e+06	1.17325e+06	
1.17075e+06	1.194e+06	1.1625e+06	1.201e+06	1.1745e+06	
1.19075e+06	1.1985e+06	1.17575e+06	1.165e+06	1.204e+06	
1.17075e+06	1.14425e+06	1.18525e+06	1.18075e+06	1.17e+06	
1.16875e+06	1.1695e+06	1.2065e+06	1.153e+06	1.1745e+06	
1.16e+06	1.16175e+06	1.1575e+06	1.17625e+06	1.14725e+06	
1.1625e+06	1.1435e+06	1.15425e+06	1.16875e+06	1.15175e+06	
1.17625e+06	1.17e+06	1.17375e+06	1.1795e+06	1.16e+06	
1.1865e+06	1.17575e+06	1.14425e+06	1.1385e+06	1.15675e+06	
1.1625e+06	1.14675e+06	1.17e+06	1.1675e+06	1.1645e+06	
1.1695e+06	1.17825e+06	1.15425e+06	1.15125e+06	1.1645e+06	
1.172e+06	1.15875e+06	1.16175e+06	1.17375e+06	1.187e+06	
1.13975e+06	1.1645e+06	1.165e+06	1.148e+06	1.17575e+06	
1.184e+06	1.155e+06	1.177e+06	1.1625e+06	1.1505e+06	
1.163e+06	1.1695e+06	1.17825e+06	1.167e+06	1.15925e+06	
1.18075e+06	1.175e+06	1.182e+06	1.1525e+06	1.1405e+06	
1.153e+06	1.1385e+06	1.16175e+06	1.17125e+06	1.15675e+06	
1.17075e+06	1.129e+06	1.12275e+06	1.146e+06	1.12975e+06	
1.141e+06	1.13425e+06	1.16575e+06	1.15675e+06	1.16125e+06	
1.15e+06	1.1555e+06	1.15e+06	1.1605e+06	1.15925e+06	
1.13975e+06	1.1405e+06	1.153e+06	1.17325e+06	1.15e+06	
1.117e+06	1.155e+06	1.13025e+06	1.15125e+06	1.13025e+06	
1.14725e+06	1.148e+06	1.1575e+06	1.126e+06	1.13025e+06	
1.16e+06	1.1315e+06	1.13725e+06	1.14675e+06	1.14475e+06	
1.10525e+06	1.13725e+06	1.0925e+06	1.131e+06	1.1265e+06	
1.0975e+06	1.11075e+06	1.112e+06	1.10825e+06	1.119e+06	
1.0925e+06	1.09625e+06	1.097e+06	1.10075e+06	1.09825e+06	
1.10125e+06	1.092e+06	1.109e+06	1.05675e+06	1.11975e+06	
1.104e+06	1.1165e+06	1.09e+06	1.12775e+06	1.0925e+06	
1.11075e+06	1.095e+06	1.09825e+06	1.1045e+06	1.08e+06	
1.0945e+06	1.11975e+06	1.10275e+06	1.10325e+06	1.0925e+06	
1.10825e+06	1.09625e+06	1.12025e+06	1.0995e+06	1.10075e+06	
1.08625e+06	1.1065e+06	1.114e+06	1.08875e+06	1.085e+06	
1.104e+06	1.10525e+06	1.11575e+06	1.1185e+06	1.11075e+06	
1.09075e+06	1.0805e+06	1.1385e+06	1.1315e+06	1.12725e+06	
1.08125e+06	1.13425e+06	1.1185e+06	1.117e+06	1.107e+06	
1.06675e+06	1.09625e+06	1.107e+06	1.0685e+06	1.08825e+06	
1.1165e+06	1.0925e+06	1.0925e+06	1.109e+06	1.0805e+06	
1.05475e+06	1.06425e+06	1.058e+06	1.07675e+06	1.05675e+06	
1.05525e+06	1.05025e+06	1.05275e+06	1.03575e+06	1.0245e+06	
999250	1.022e+06	1.01875e+06	1.0345e+06	1.0145e+06	
1.02575e+06	1.017e+06	1.0145e+06	1.0245e+06	1.03525e+06	
1.03325e+06	1.06425e+06	1.03025e+06	1.04725e+06	1.03775e+06	
1.08425e+06	1.0725e+06	1.04025e+06	1.056e+06	1.05225e+06	
1.073e+06	1.063e+06	1.05525e+06	1.06975e+06	1.0465e+06	
1.0605e+06	1.0315e+06	1.0585e+06	1.05925e+06	1.05025e+06	
1.061e+06	1.0755e+06	1.0605e+06	1.083e+06	1.06425e+06	
1.056e+06	1.06975e+06	1.10825e+06	1.083e+06	1.0515e+06	
1.061e+06	1.078e+06	1.09575e+06	1.09125e+06	1.07675e+06	
1.0995e+06	1.0755e+06	1.07425e+06	1.06925e+06	1.075e+06	
1.08425e+06	1.07875e+06	1.08625e+06	1.0825e+06	1.044e+06	
1.085e+06	1.06675e+06	1.044e+06	1.049e+06	1.0825e+06	
1.09e+06	1.0705e+06	1.07675e+06	1.092e+06	1.071e+06	
1.056e+06	1.05275e+06	1.05025e+06	1.0635e+06	1.075e+06	
1.071e+06	1.08175e+06	1.0535e+06	1.05725e+06	1.068e+06	
1.05725e+06	1.09125e+06	1.06225e+06	1.03775e+06	1.06475e+06	
1.0605e+06	1.051e+06	1.08e+06	1.05475e+06	1.07175e+06	
1.073e+06	1.0655e+06	1.0485e+06	1.04725e+06	1.046e+06	
1.05225e+06	1.06175e+06	1.06425e+06	1.046e+06	1.05525e+06	
1.061e+06	1.06975e+06	1.06225e+06	1.068e+06	1.039e+06	
1.07425e+06	1.06475e+06	1.04525e+06	1.09575e+06	1.05275e+06	
1.06925e+06	1.03575e+06	1.0465e+06	1.063e+06	1.0295e+06	
1.0465e+06	1.04275e+06	1.08125e+06	1.0465e+06	1.04475e+06	
1.06425e+06	1.03075e+06	1.05225e+06	1.01325e+06	1.0515e+06	
1.03575e+06	1.034e+06	1.0025e+06	1.049e+06	1.04975e+06	
1.0585e+06	1.063e+06	1.0365e+06	1.06175e+06	1.04275e+06	
1.01825e+06	1.04975e+06	1.04725e+06	1.063e+06	1.01625e+06	
1.04075e+06	1.02775e+06	1.0635e+06	1.03825e+06	1.03525e+06	
1.05975e+06	1.0395e+06	1.05275e+06	1.03575e+06	1.03825e+06	
1.03825e+06	1.0345e+06	1.03025e+06	1.06475e+06	1.03775e+06	
1.046e+06	1.0365e+06	1.03325e+06	1.04725e+06	1.02375e+06	
1.0295e+06	1.04525e+06	1.049e+06	1.039e+06	1.04075e+06	
1.022e+06	1.049e+06	1.01575e+06	1.022e+06	1.01e+06	
1.034e+06	1.0265e+06	1.0315e+06	1.027e+06	1.003e+06	
1.03575e+06	1.015e+06	1.03275e+06	1.02775e+06	1.0365e+06	
1.0145e+06	1.01325e+06	1.02825e+06	1.0365e+06	1.01075e+06	
1.01125e+06	1.0225e+06	1.022e+06	1.03325e+06	1.032e+06	
1.01e+06	1.0055e+06	983000	973500	976000	
1.0005e+06	988000	979000	1.00375e+06	975250	
990500	976000	964750	974750	960250	
957000	966500	988000	955250	971500	
983000	988500	1.0025e+06	986750	969750	
1.00125e+06	979000	1.01075e+06	966500	985500	
970250	986750	977250	980500	976500	
991750	981750	1.00125e+06	988500	955250	
1.0025e+06	958250	994250	980500	998750	
994250	986750	983500	1.00625e+06	964750	
1.012e+06	1e+06	1.0145e+06	994750	1.012e+06	
994250	988500	977250	995500	987250	
1e+06	998750	990500	976500	984250	
983500	979000	1.00875e+06	994250	983000	
972250	987250	991750	991750	973500	
1.0025e+06	966000	974750	993500	983500	
1.0025e+06	979000	973500	1.00175e+06	989750	
986000	988000	983000	984750	997500	
974000	1.0025e+06	1.00175e+06	1e+06	989250	
976000	967250	953250	986000	996750	
977250	991750	984750	967750	990500	
964750	960750	975250	983500	960750	
988000	1.003e+06	962750	955750	979750	
971000	972250	981000	979750	974750	
971500	983500	969000	962750	978500	
947000	958250	964750	966500	977750	
984750	946250	971500	957750	972750	
981750	942500	975250	971500	972250	
955250	969750	967750	964750	954500	
955750	965250	963250	967750	950250	
963250	972750	955750	966000	986750	
950750	957000	923000	948750	938750	
967250	964000	962750	948250	955750	
943750	972250	948750	967250	958250	
954000	935000	951500	950250	971500	
955250	951500	955250	959000	976000	
936250	948250	933750	943250	940750	
949500	964750	952750	950250	950250	
918000	934500	947000	957000	930000	
940750	937500	938250	943750	958250	
943750	955750	943750	963250	932500	
933000	951500	942000	960250	954000	
923000	938250	947500	950250	952750	
931250	963250	913000	928000	922500	
906000	945000	936250	937000	921250	
940750	959000	938250	937500	930000	
921250	929250	925500	928750	924250	
889750	918750	935000	914750	942500	
928000	923750	917250	927500	925000	
916750	911000	925500	918000	900250	
927500	910500	904750	896000	920000	
928000	887750	917250	914250	914250	
884500	934500	916000	935000	903500	
916000	929250	926250	926250	926250	
905500	923000	913500	926250	913500	
904750	920000	920000	925500	914750	
907250	912250	907250	900250	916750	
930000	911750	894000	897250	909250	
921750	882750	921750	905500	899000	
888500	899750	880250	896500	902750	
903500	906000	902250	923750	918750	
897250	888500	899750	912250	884000	
888500	892750	905500	870750	904250	
911750	898500	889000	894750	895250	
899000	898500	896000	892750	906000	
919250	906750	920000	879000	891500	
884500	908000	880750	882000	886500	
896500	899750	885750	879000	886500	
868750	870000	863750	882000	862000	
865000	897750	875250	874500	897750	
871250	884000	883250	881500	891500	
870750	868250	858750	894750	875250	
886500	874500	866250	872500	879000	
876500	862000	876500	877000	892250	
864500	885750	867000	858250	877000	
857500	850000	867500	876500	877750	
858750	856250	880250	880750	853000	
858750	874500	875250	883250	862500	
867500	854250	887750	879500	873250	
870750	890250	870750	867500	850500	
872000	848000	864500	876500	864500	
860000	861250	855500	857500	860000	
857500	850500	851750	872500	868250	
877000	856750	851750	865750	861250	
858750	853000	838500	873250	852500	
833000	846250	839250	857500	851750	
851750	848750	837250	838000	838000	
840500	865000	845500	845500	848750	
836750	856750	885750	871250	829750	
833500	852500	836000	845000	835500	
858750	847500	846750	836750	846750	
843000	833500	856750	841000	855000	
826000	834250	838500	828500	863750	
830500	839250	831000	841000	825250	
837250	812750	827250	830500	832250	
833500	824000	833000	846750	819000	
807000	813500	819000	807000	830500	
817250	820250	812250	824750	827250	
818500	806500	832250	832250	814750	
829250	837250	820250	808250	802750	
800750	828000	803250	814000	804000	
822750	809500	804000	778750	821000	
809000	804500	785000	797750	785000	
810750	793750	801500	792500	786250	
804000	793750	784500	773000	785750	
790750	792000	788250	782500	788750	
779250	782500	810250	791250	768000	
761000	797750	783250	778000	774250	
747750	791250	797750	783250	772500	
772500	768750	785000	785750	774250	
751750	781250	784500	769250	770000	
771250	782000	789500	786250	768000	
792500	755500	769250	787000	771250	
764250	796500	779250	790750	788250	
778000	772500	773000	789500	770000	
782500	775000	748500	761000	766750	
761000	772500	775000	770000	788250	
780500	768000	782500	768750	783750	
768750	786250	786250	764250	760500	
768000	763000	768000	761000	783250	
763000	773000	793750	780000	767500	
757250	782000	787000	769250	773000	
774250	755500	766750	767500	775000	
772500	772500	762250	777500	807000	
775500	793250	798250	800250	800750	
800750	817250	799000	792000	798250	
799500	792500	767500	799000	798250	
799000	805750	790000	795750	749000	
787000	789500	799500	766750	776250	
805750	797000	807000	783250	779250	
795750	780000	797750	780000	799500	
804000	782000	783250	793750	797000	
780000	797000	807000	807000	793750	
788750	770000	804000	783750	775000	
808250	788750	796500	797000	785000	
788250	773000	750500	787000	770000	
761000	788750	774250	785000	767500	
763000	770000	782500	772500	764750	
770000	774250	781250	775000	773000	
760500	764750	792500	767500	749000	
764250	756750	763000	749750	769250	
776250	757250	752250	746500	753000	
758000	763000	741500	756750	744000	
764250	742250	754750	755500	763000	
766750	758000	774250	754250	754750	
777500	764750	749000	753000	746000	
757250	749000	741500	751000	758000	
741500	744000	759750	761000	757250	
748500	753000	745250	771750	744000	
758500	758000	752250	770000	751750	
749000	760500	759750	768000	761000	
744000	756000	743500	746000	756750	
746000	749750	758000	749750	747750	
754750	758000	764250	772500	749750	
747250	763000	717500	761750	759750	
753500	755500	771750	764250	753500	
751000	737250	763500	752250	766250	
754750	741500	739000	755500	749000	
740250	741500	749750	741500	732750	
735250	741500	736500	741000	737750	
744750	759250	758500	753500	759750	
738500	751750	730750	763000	738500	
764250	748500	754750	750500	743500	
731500	761000	729000	756000	753000	
753000	722000	746000	743500	758000	
750500	743500	727000	752250	731500	
722000	749750	756000	727750	724500	
749750	739750	737750	751750	732000	
723250	748500	736000	753500	737750	
765500	744000	761000	717000	745250	
734000	714500	734000	754250	732000	
764250	766750	736000	749000	726500	
730250	766750	725250	730750	739000	
747250	751000	728250	757250	735250	
727750	729500	727000	742750	718750	
730750	763000	761000	722000	724000	
743500	741000	738500	739750	773750	
727750	744750	736500	746000	743500	
741500	752250	744750	735250	754250	
737750	744000	756750	754250	768750	
738500	751750	743500	742750	756000	
758500	736000	734500	766750	743500	
747750	732750	734500	766250	743500	
743500	763000	769250	744000	751000	
729000	762250	746000	761000	751000	
746000	737250	739750	747750	747250	
718250	741000	742750	730750	733250	
759250	745250	755500	737250	737250	
753500	731500	744750	741000	754750	
729500	742750	733250	734500	739750	
713250	763000	746500	741500	734000	
729500	766250	742750	722000	744750	
743500	750500	726500	745250	730250	
732000	737250	725250	719500	736500	
737750	747750	736000	729000	726500	
738500	746500	729500	730750	737250	
734000	730750	746500	739000	712500	
703000	736500	730750	726500	717500	
716250	722750	715000	725250	715750	
745250	732750	743500	720750	727000	
729500	734500	711250	719500	732750	
718250	724500	717000	733250	720250	
738500	718250	727000	728250	717500	
719500	718750	720250	718750	727000	
702500	724000	741000	737250	745250	
725250	708750	714500	716250	735250	
709500	716250	708750	732000	740250	
705750	712000	707500	718250	691250	
717500	746000	703750	719500	684750	
727750	707000	710750	716250	696250	
707500	703000	700000	713250	692500	
703750	690500	705750	716250	681000	
714500	695000	706250	700500	698000	
681000	694250	714500	703750	692500	
711250	697500	701750	699250	681750	
691250	684250	686000	693000	679750	
684250	683000	690500	693000	675500	
679750	681000	678000	683000	684250	
695500	678500	693750	690500	686000	
690500	698750	674750	684750	683500	
669000	671000	681750	675500	688500	
658500	683000	676750	671500	664000	
696250	672750	681750	675500	672250	
661500	664000	679250	670250	672750	
665250	655250	663500	664750	686750	
667250	665250	655750	670250	674250	
652750	667750	673500	658500	644500	
660250	664000	664750	669000	677250	
647000	659750	643250	665250	671500	
675500	678000	652750	640750	643250	
644500	654000	667750	652750	654500	
664000	655250	651500	662750	653250	
650250	648250	644500	647000	650750	
650750	654500	664000	672750	643250	
664000	631250	646500	659000	654000	
655750	648250	664000	649000	652000	
654500	642500	633250	645250	647750	
642500	669000	664750	637000	647750	
662750	658500	663500	651500	662750	
655750	671000	648250	661000	657000	
654000	657750	657000	637000	655750	
661000	661500	652750	647750	654000	
659000	669750	650750	642000	652750	
669000	633750	660250	640750	655250	
644000	656500	669000	657750	655750	
674750	647750	657000	674750	641250	
646500	669750	665250	666500	657000	
655750	642000	670250	667250	661500	
655750	681000	657750	654000	660250	
662250	688500	658500	666500	666500	
662250	675500	654500	662250	679750	
664750	659750	669000	669750	678500	
672750	659750	670250	655750	669750	
654000	662750	678000	669750	670250	
677250	674250	665250	668500	664750	
645750	646500	668500	669750	668500	
657000	630750	672250	676000	650250	
659000	657000	656500	644000	645750	
668500	667750	665250	672250	659000	
671000	662250	661500	656500	661000	
644000	667250	657750	654500	670250	
653250	646500	657000	649000	657750	
663500	663500	649500	659750	656500	
651500	672750	666500	671000	653250	
665250	655750	649500	655750	642500	
642000	653250	640000	661000	641250	
647750	642000	653250	662250	652750	
661500	665250	653250	652000	628250	
659750	666500	657000	647750	675500	
657750	638750	666000	670250	670250	
645750	644000	660250	669000	658500	
649000	661000	661500	647000	638750	
650750	660250	670250	637000	646500	
655750	645750	655750	669000	654000	
657750	635750	676750	630000	656500	
661500	649500	665250	642000	657750	
657000	664000	650750	630750	655750	
644000	656500	654000	668500	643250	
644000	661500	642500	661000	657000	
651500	641250	633250	672750	653250	
654500	663500	674250	664750	652750	
666000	666000	671500	665250	646500	
667250	657000	663500	654000	656500	
659750	653250	652750	679250	655750	
664750	663500	654000	659000	635000	
649500	635000	648250	645750	656500	
671500	645250	669750	652750	652000	
648250	659750	657750	628250	667250	
663500	655250	657750	655750	641250	
653250	666500	653250	653250	638750	
664750	667750	657750	654000	668500	
654500	649000	657000	647750	642000	
642500	658500	654000	641250	662250	
646500	662750	654000	647750	635750	
644000	658500	666500	657750	635750	
632000	647750	664000	657000	657750	
655750	649500	669750	632500	649500	
645250	657750	647000	642000	658500	
630750	672750	669750	622500	650250	
655750	645250	639500	644000	640000	
654500	656500	639500	653250	650250	
649000	649500	649500	623750	639500	
651500	652750	644500	658500	656500	
655250	665250	648250	654000	661500	
651500	659000	662250	653250	647750	
649500	634500	623000	644000	644000	
650750	632000	652000	640750	635750	
634500	660250	649500	652750	654500	
646500	661500	660250	648250	643250	
645750	661000	648250	635000	672750	
666000	657000	651500	649500	657000	
652750	650750	653250	654000	651500	
640750	667750	649500	650250	638250	
655750	653250	650250	649000	659000	
656500	625000	667750	660250	644000	
649000	667250	655750	663500	652000	
644000	655250	674250	647000	648250	
652750	651500	647000	649000	645250	
645250	665250	649000	639500	643250	
648250	633750	661500	652750	639500	
630750	639500	641250	635000	634500	
654500	652750	639500	678500	670250	
655250	648250	649500	666000	649000	
660250	637500	652000	663500	650250	
640000	659750	654500	655250	671000	
642500	648250	650750	640000	643250	
647000	656500	654500	642500	655250	
651500	642500	655750	657750	657000	
654000	652750	666000	660250	650250	
646500	655750	634500	661500	647750	
641250	666500	641250	652750	652750	
659750	638250	638250	644000	649000	
655750	647750	641250	652750	649500	
653250	645250	659000	650250	655250	
657000	641250	655750	649500	638750	
649500	645750	655750	631250	649000	
650750	644000	664000	643250	649500	
635000	652750	648250	649000	663500	
650250	644000	655750	631250	647750	
648250	658500	665250	661000	635750	
655750	645250	650250	648250	638250	
650250	666000	642000	667750	645750	
641250	636250	654000	643250	640000	
667750	621750	646500	653250	638750	
638750	645250	631250	641250	659000	
661500	642500	649000	651500	660250	
647750	657750	649500	654000	661500	
647000	664750	658500	669000	652750	
637500	645750	647000	649000	647000	
648250	655250	653250	654500	628250	
650750	641250	654500	634500	664000	
646500	662750	637000	653250	647000	
649500	663500	665250	639500	660250	
641250	638750	642000	638250	645750	
637500	633750	666500	658500	647750	
637500	655750	667250	642000	642000	
654500	637500	639500	628750	647000	
658500	659000	640000	650750	631250	
647000	625500	649500	659000	667750	
657750	658500	639500	633750	660250	
632500	630000	652000	652000	648250	
642000	667750	645750	644500	648250	
664000	644500	646500	647750	634500	
637000	645250	650750	668500	661500	
647750	660250	643250	642000	686750	
641250	647750	673500	626750	650250	
630750	638750	664000	643250	630000	
644500	640750	637000	652750	642000	
647000	655250	646500	647750	647000	
654000	642500	655250	657000	650750	
635750	636250	649000	634500	632500	
661500	659750	640750	651500	645250	
628250	638750	638250	649000	653250	
630750	638750	664750	642500	647000	
633250	649000	651500	644500	644000	
630000	639500	649500	635750	642500	
623000	618000	646500	637000	642500	
637500	642000	632500	649500	650250	
641250	640750	629500	652750	628250	
633750	647000	638250	632000	653250	
647750	647000	657000	631250	662750	
650250	666500	624250	634500	657750	
659000	648250	650250	635750	645250	
644500	654000	643250	641250	638750	
635750	643250	628750	661000	637500	
655250	616750	678500	658500	637500	
640000	649500	659750	632000	625000	
647000	637500	657750	632500	642500	
653250	643250	637500	644500	645750	
655250	631250	648250	647750	641250	
623750	664750	632500	642500	635000	
637500	633250	645750	653250	641250	
640750	627500	646500	625000	632500	
654000	650250	640000	661000	635000	
640000	630750	649000	661500	632000	
619250	614250	654000	625000	637500	
635000	656500	657750	646500	635750	
654000	641250	650750	632500	644000	
624250	642500	644000	632500	637500	
626250	644000	630750	629500	633250	
625500	638250	639500	654000	656500	
647750	640750	650250	657000	641250	
642000	614250	640000	646500	642000	
645750	625000	632000	630000	646500	
632000	653250	661500	645750	644000	
635000	654000	655750	632000	650750	
638750	640000	644000	648250	647000	
633250	638250	626250	649500	619250	
652750	638750	653250	656500	630750	
645750	646500	630750	623750	634500	
638750	645750	633750	640750	651500	
647000	649000	643250	642500	648250	
649000	645250	629500	644500	639500	
649000	624250	638750	643250	640000	
656500	643250	632500	634500	650750	
649500	645250	647000	646500	626750	
667250	632000	630000	640000	641250	
640750	642500	647000	637000	647000	
640750	635750	624250	620000	616250	
638250	622500	647750	625500	636250	
629500	620000	642000	632000	629500	
650750	647000	631250	626250	647000	
650250	652750	633250	638250	629500	
632500	621250	650750	625000	640750	
631250	628750	636250	641250	623000	
644500	656500	654500	635750	642000	
652750	634500	640750	638250	621750	
655250	644000	623750	621250	635750	
642500	644500	631250	628750	633750	
630750	626750	637000	640750	626250	
644500	634500	647000	636250	642000	
625000	650750	642500	637500	637000	
630000	637000	632000	661000	649000	
627500	624250	652000	643250	644500	
625000	645750	645750	631250	629500	
652000	653250	639500	639500	640750	
633750	637500	636250	630000	642000	
651500	637000	626750	623750	629500	
641250	647000	635750	628750	625500	
645250	651500	637500	639500	638250	
650750	633750	621750	640750	628750	
645750	650250	626750	631250	639500	
638250	649500	632000	626750	632000	
619250	648250	633750	650750	618750	
628750	644500	651500	637000	646500	
625000	640750	630750	630000	620500	
645250	628750	629500	644500	628250	
635000	623000	625500	621750	619250	
639500	638750	647000	631250	635750	
625500	624250	652000	619250	634500	
645250	654000	623750	640000	616250	
631250	629500	633250	647000	633750	
635000	628750	623750	642000	630750	
644500	633250	638250	638250	631250	
644000	637000	626750	632000	634500	
652750	647000	616750	630000	634500	
632000	626750	641250	643250	629500	
635000	630750	639500	610500	640000	
623000	642500	641250	633750	639500	
643250	630750	635750	649500	629500	
633750	630750	630750	633750	624250	
638250	645750	623000	655250	633250	
642500	631250	647000	617500	638750	
642500	640000	635750	632000	630750	
623750	638750	640000	657000	633250	
628250	657750	641250	621750	642000	
637500	645250	656500	636250	641250	
641250	630750	655750	650250	635750	
642500	642500	633750	628250	622500	
643250	655750	625000	637000	651500	
622500	640000	628250	613000	639500	
631250	644000	639500	626750	643250	
624250	640000	635000	642500	628750	
606000	644000	643250	636250	627500	
636250	651500	616250	642000	628250	
652750	642500	637500	636250	637000	
647000	629500	623000	634500	613750	
621750	641250	626250	635000	620500	
632000	623000	632500	637000	628750	
643250	648250	639500	661000	615000	
626250	640000	641250	640750	654500	
633250	638250	630000	635750	639500	
625500	637000	650750	622500	645250	
642000	646500	642500	635750	628250	
638750	632500	638250	642500	644000	
635750	636250	649500	631250	608000	
640000	627500	659000	627500	637000	
649000	628250	626250	635000	631250	
637000	632000	637500	636250	640000	
637000	630000	633750	642500	632000	
644000	649500	634500	615500	645250	
633750	636250	645750	618750	647000	
623000	631250	632000	638750	623000	
633250	640750	633750	630750	649000	
625500	641250	629500	650250	637000	
653250	630750	644500	637500	635000	
652000	649500	644000	626750	634500	
625000	624250	649500	630750	626250	
636250	623750	629500	636250	625500	
621250	647000	642000	640000	644500	
630000	636250	642000	618750	649000	
643250	640750	640750	630750	635750	
636250	635750	639500	621250	640750	
655750	634500	639500	633250	644000	
621750	640750	625500	641250	637000	
628750	630750	630750	639500	633250	
635000	633750	633750	616250	628750	
624250	644000	645750	640750	638750	
640000	633250	640750	636250	648250	
652000	626250	637500	624250	634500	
640750	641250	640000	626750	636250	
620000	626750	642000	624250	639500	
647000	633250	623750	638750	633250	
621250	623750	623750	629500	632500	
635750	630750	633750	630750	640750	
635750	630750	633750	630750	640750	
635750	630750	633750	630750	640750	
