4250	4250	4250	4250	4250	
7.13825e+06	7.13825e+06	7.13825e+06	7.13825e+06	7.13825e+06	
540500	533500	524750	543000	546750	
531000	517750	518500	512750	523500	
516000	511000	514000	510250	526000	
506000	528500	526750	521000	519000	
511500	517750	509750	514750	525500	
508500	534750	517250	521750	536750	
511000	494500	503250	498250	521000	
533500	516000	515250	513500	506000	
524750	509750	535500	538750	516500	
531750	522250	509000	545500	522250	
521000	525500	515250	526750	548000	
527250	519000	531000	524750	537500	
540000	547500	517250	523500	538750	
553250	531750	522250	534750	539250	
533000	550500	550500	533500	563250	
557500	563750	545000	555750	558750	
562000	562000	557500	563250	565750	
557000	569500	565750	557500	579000	
567750	562000	568250	563250	572000	
577750	576500	563750	572750	579000	
603500	572750	578250	581500	580250	
655250	656500	633750	658500	635750	
843000	840500	839750	840500	860000	
860750	828000	850000	841000	841750	
834250	862500	832250	868250	837250	
843750	868250	860000	839750	868250	
856750	868750	850000	849250	870750	
861250	867500	875750	877750	872000	
876500	887750	889750	899000	867000	
894750	893500	914750	905500	893500	
925500	939500	897250	925000	924250	
945000	949500	922500	954000	928000	
959500	938750	942000	897250	943750	
937000	931250	933750	913000	918750	
933750	911750	959000	946250	955750	
946250	930500	932500	941250	905500	
940000	930500	956500	948250	932500	
931750	920500	921750	923750	911750	
943250	949500	959500	965250	945750	
976000	976000	982250	960750	951500	
1.01e+06	998000	970250	972250	1.003e+06	
1.017e+06	983000	981000	985500	989250	
1.01875e+06	994250	1.015e+06	1.00375e+06	998750	
1.00675e+06	1.01375e+06	1.0125e+06	1.02325e+06	991750	
983000	1.00175e+06	986000	990500	993500	
1.005e+06	1.003e+06	985500	989750	994250	
997500	995500	962750	998000	1.0025e+06	
974000	972250	992250	970250	983000	
960750	961500	947000	952750	963250	
957750	962000	967750	945000	941250	
934500	955250	943750	950750	930500	
937000	916000	926250	916000	942000	
920500	915500	905500	926250	920000	
932500	923000	916750	921250	936250	
998000	1.0075e+06	972750	966500	992250	
1.0365e+06	1.04475e+06	1.07675e+06	1.037e+06	1.04975e+06	
1.07175e+06	1.058e+06	1.06175e+06	1.05525e+06	1.063e+06	
1.06975e+06	1.056e+06	1.0485e+06	1.0515e+06	1.0585e+06	
1.03575e+06	1.03325e+06	1.01e+06	1.025e+06	1.029e+06	
1.00175e+06	1.01875e+06	1.012e+06	1.02e+06	1.00875e+06	
1.01325e+06	1.00375e+06	1.003e+06	1.029e+06	1.005e+06	
1.0195e+06	1.0175e+06	999250	1.025e+06	1.02375e+06	
1.05525e+06	1.032e+06	1.03325e+06	1.022e+06	1.066e+06	
1.061e+06	1.0485e+06	1.0465e+06	1.0805e+06	1.051e+06	
1.08825e+06	1.08375e+06	1.09575e+06	1.09575e+06	1.09875e+06	
1.0925e+06	1.08e+06	1.104e+06	1.09625e+06	1.06175e+06	
1.08175e+06	1.0895e+06	1.09325e+06	1.09075e+06	1.07875e+06	
1.1095e+06	1.1145e+06	1.1215e+06	1.07675e+06	1.10125e+06	
1.12525e+06	1.10525e+06	1.1165e+06	1.1435e+06	1.11275e+06	
1.1145e+06	1.148e+06	1.1145e+06	1.1235e+06	1.0875e+06	
1.13725e+06	1.13475e+06	1.104e+06	1.13925e+06	1.13925e+06	
1.20725e+06	1.182e+06	1.1965e+06	1.16125e+06	1.18575e+06	
1.216e+06	1.235e+06	1.22625e+06	1.206e+06	1.259e+06	
1.2155e+06	1.23175e+06	1.259e+06	1.26575e+06	1.2835e+06	
1.23625e+06	1.218e+06	1.23875e+06	1.24325e+06	1.2205e+06	
1.21475e+06	1.259e+06	1.23375e+06	1.26025e+06	1.2525e+06	
1.2325e+06	1.264e+06	1.24825e+06	1.23925e+06	1.2695e+06	
1.2545e+06	1.21975e+06	1.1965e+06	1.22925e+06	1.2155e+06	
1.1985e+06	1.18025e+06	1.20025e+06	1.2035e+06	1.201e+06	
1.2105e+06	1.20225e+06	1.21925e+06	1.192e+06	1.21225e+06	
1.24625e+06	1.26075e+06	1.2255e+06	1.2135e+06	1.21725e+06	
1.26025e+06	1.25325e+06	1.2905e+06	1.23925e+06	1.271e+06	
1.32875e+06	1.31175e+06	1.33e+06	1.33525e+06	1.3055e+06	
1.334e+06	1.3105e+06	1.29175e+06	1.3125e+06	1.32e+06	
1.2815e+06	1.25e+06	1.26075e+06	1.2715e+06	1.284e+06	
1.2495e+06	1.259e+06	1.274e+06	1.25575e+06	1.2475e+06	
1.284e+06	1.27275e+06	1.269e+06	1.29975e+06	1.30175e+06	
1.25125e+06	1.3125e+06	1.315e+06	1.30625e+06	1.3295e+06	
1.2815e+06	1.2815e+06	1.2985e+06	1.27225e+06	1.27225e+06	
1.218e+06	1.23875e+06	1.21225e+06	1.24825e+06	1.199e+06	
1.247e+06	1.21175e+06	1.204e+06	1.21975e+06	1.22225e+06	
1.21425e+06	1.24e+06	1.2255e+06	1.23425e+06	1.20025e+06	
1.17875e+06	1.16875e+06	1.15625e+06	1.17575e+06	1.16625e+06	
1.165e+06	1.12725e+06	1.1265e+06	1.15125e+06	1.126e+06	
1.1315e+06	1.13975e+06	1.15175e+06	1.158e+06	1.15625e+06	
1.17625e+06	1.1575e+06	1.19025e+06	1.1355e+06	1.2085e+06	
1.20025e+06	1.2035e+06	1.17075e+06	1.1675e+06	1.1845e+06	
1.2105e+06	1.26325e+06	1.247e+06	1.20775e+06	1.2205e+06	
1.2615e+06	1.29425e+06	1.27025e+06	1.26825e+06	1.286e+06	
1.31175e+06	1.30425e+06	1.274e+06	1.30875e+06	1.3025e+06	
1.291e+06	1.308e+06	1.32575e+06	1.2935e+06	1.32875e+06	
1.332e+06	1.32625e+06	1.37925e+06	1.3055e+06	1.33825e+06	
1.37475e+06	1.36225e+06	1.3945e+06	1.3975e+06	1.342e+06	
1.3945e+06	1.41325e+06	1.41275e+06	1.42525e+06	1.39625e+06	
1.47125e+06	1.4775e+06	1.4485e+06	1.46925e+06	1.45625e+06	
1.50225e+06	1.49325e+06	1.50975e+06	1.511e+06	1.482e+06	
1.4625e+06	1.468e+06	1.4505e+06	1.4555e+06	1.46425e+06	
1.38675e+06	1.3755e+06	1.3875e+06	1.38175e+06	1.3855e+06	
1.34325e+06	1.35025e+06	1.3275e+06	1.34775e+06	1.3445e+06	
1.363e+06	1.3535e+06	1.38925e+06	1.3735e+06	1.3905e+06	
1.4075e+06	1.40325e+06	1.38625e+06	1.397e+06	1.39875e+06	
1.429e+06	1.48775e+06	1.50025e+06	1.465e+06	1.4405e+06	
1.501e+06	1.45625e+06	1.4865e+06	1.5035e+06	1.5255e+06	
1.43275e+06	1.3945e+06	1.4485e+06	1.41075e+06	1.42475e+06	
1.402e+06	1.39e+06	1.40375e+06	1.39125e+06	1.3755e+06	
1.33125e+06	1.32625e+06	1.313e+06	1.308e+06	1.33075e+06	
1.26275e+06	1.24625e+06	1.269e+06	1.23375e+06	1.2735e+06	
1.209e+06	1.19775e+06	1.19525e+06	1.1965e+06	1.23125e+06	
1.15125e+06	1.16175e+06	1.20525e+06	1.20275e+06	1.172e+06	
1.201e+06	1.204e+06	1.20725e+06	1.187e+06	1.1625e+06	
1.25375e+06	1.25e+06	1.2565e+06	1.2375e+06	1.20725e+06	
1.34575e+06	1.32e+06	1.33775e+06	1.35275e+06	1.3485e+06	
1.45875e+06	1.43525e+06	1.477e+06	1.45625e+06	1.47875e+06	
1.48125e+06	1.4745e+06	1.501e+06	1.468e+06	1.501e+06	
1.48375e+06	1.489e+06	1.50475e+06	1.50975e+06	1.4605e+06	
1.4915e+06	1.45425e+06	1.42475e+06	1.46175e+06	1.48325e+06	
1.4505e+06	1.45625e+06	1.4825e+06	1.48375e+06	1.46425e+06	
1.518e+06	1.504e+06	1.54125e+06	1.4965e+06	1.5305e+06	
1.509e+06	1.506e+06	1.54425e+06	1.5545e+06	1.51675e+06	
1.54825e+06	1.54825e+06	1.5135e+06	1.526e+06	1.5495e+06	
1.53925e+06	1.53875e+06	1.50725e+06	1.5285e+06	1.533e+06	
1.5305e+06	1.5205e+06	1.57025e+06	1.5405e+06	1.5375e+06	
1.5325e+06	1.557e+06	1.5205e+06	1.51925e+06	1.535e+06	
1.57975e+06	1.601e+06	1.56325e+06	1.5835e+06	1.54175e+06	
1.66225e+06	1.65325e+06	1.62125e+06	1.6415e+06	1.62375e+06	
1.72825e+06	1.73225e+06	1.77175e+06	1.75225e+06	1.77825e+06	
1.84875e+06	1.8045e+06	1.86125e+06	1.8285e+06	1.816e+06	
1.82475e+06	1.81775e+06	1.83475e+06	1.81775e+06	1.80575e+06	
1.86325e+06	1.84e+06	1.86375e+06	1.86375e+06	1.85175e+06	
1.87325e+06	1.93075e+06	1.90175e+06	1.88525e+06	1.90675e+06	
1.974e+06	1.98225e+06	1.96725e+06	1.96975e+06	1.978e+06	
1.954e+06	1.9595e+06	1.97675e+06	1.964e+06	1.9755e+06	
1.8285e+06	1.874e+06	1.845e+06	1.8375e+06	1.8355e+06	
1.70125e+06	1.70625e+06	1.702e+06	1.69175e+06	1.70825e+06	
1.5185e+06	1.55875e+06	1.53175e+06	1.50475e+06	1.50275e+06	
1.34975e+06	1.31e+06	1.36025e+06	1.31875e+06	1.334e+06	
1.28275e+06	1.28975e+06	1.2955e+06	1.26775e+06	1.30625e+06	
1.41575e+06	1.44475e+06	1.43275e+06	1.429e+06	1.41275e+06	
1.67975e+06	1.6585e+06	1.68625e+06	1.61175e+06	1.69925e+06	
1.87075e+06	1.83425e+06	1.88075e+06	1.87525e+06	1.84e+06	
1.9905e+06	1.99925e+06	2.012e+06	2.00125e+06	1.952e+06	
2.0515e+06	2.06475e+06	2.0465e+06	2.0605e+06	2.0415e+06	
1.99675e+06	2.03775e+06	1.99175e+06	2.015e+06	1.988e+06	
1.828e+06	1.7995e+06	1.83475e+06	1.79275e+06	1.80975e+06	
1.61925e+06	1.61125e+06	1.5955e+06	1.59925e+06	1.58025e+06	
1.47375e+06	1.50975e+06	1.47575e+06	1.46675e+06	1.4575e+06	
1.598e+06	1.632e+06	1.55875e+06	1.57725e+06	1.60425e+06	
1.903e+06	1.896e+06	1.8965e+06	1.87575e+06	1.8835e+06	
2.22425e+06	2.20675e+06	2.17775e+06	2.19775e+06	2.22175e+06	
2.4025e+06	2.41325e+06	2.3655e+06	2.38625e+06	2.3945e+06	
2.496e+06	2.51675e+06	2.53625e+06	2.538e+06	2.51175e+06	
2.61125e+06	2.656e+06	2.63575e+06	2.66225e+06	2.64825e+06	
2.693e+06	2.69175e+06	2.68e+06	2.6565e+06	2.71575e+06	
2.64825e+06	2.7025e+06	2.67925e+06	2.67425e+06	2.666e+06	
2.74475e+06	2.73775e+06	2.72775e+06	2.74425e+06	2.7245e+06	
2.77625e+06	2.8035e+06	2.79025e+06	2.74975e+06	2.76425e+06	
2.80525e+06	2.80975e+06	2.869e+06	2.872e+06	2.8285e+06	
2.93575e+06	2.983e+06	2.949e+06	2.89975e+06	2.94075e+06	
2.971e+06	2.97425e+06	2.993e+06	2.94775e+06	2.89675e+06	
3.0005e+06	2.98175e+06	2.978e+06	3.00625e+06	3.007e+06	
3.07175e+06	3.05475e+06	3.10025e+06	3.04725e+06	3.044e+06	
3.0005e+06	3.0215e+06	3.036e+06	2.98875e+06	2.973e+06	
2.9735e+06	2.981e+06	2.98425e+06	2.88775e+06	2.93575e+06	
2.97725e+06	3.02575e+06	3.01375e+06	2.94825e+06	2.9805e+06	
3.0315e+06	3.056e+06	3.0415e+06	3.053e+06	3.0045e+06	
2.98475e+06	3.0485e+06	3.104e+06	2.978e+06	3.0025e+06	
2.9395e+06	2.9785e+06	3.0215e+06	3.029e+06	2.95075e+06	
2.995e+06	3.03025e+06	2.99925e+06	3.03275e+06	3.01775e+06	
3.0335e+06	3.02025e+06	3.03775e+06	3.08075e+06	3.03275e+06	
2.99e+06	3.05175e+06	2.98225e+06	2.99175e+06	3.02575e+06	
2.988e+06	3.005e+06	3.02775e+06	2.98875e+06	2.97425e+06	
2.9955e+06	3.0415e+06	3.0365e+06	2.966e+06	2.9925e+06	
3.02075e+06	3.0195e+06	3.03975e+06	3.02325e+06	3.0195e+06	
3.1185e+06	3.09125e+06	3.0825e+06	3.06875e+06	3.06375e+06	
3.148e+06	3.1285e+06	3.128e+06	3.1405e+06	3.14875e+06	
3.1815e+06	3.22375e+06	3.21475e+06	3.18775e+06	3.1845e+06	
3.30125e+06	3.315e+06	3.32e+06	3.27975e+06	3.3195e+06	
3.46e+06	3.45425e+06	3.37375e+06	3.41475e+06	3.39375e+06	
3.443e+06	3.4185e+06	3.4645e+06	3.46375e+06	3.45625e+06	
3.34975e+06	3.327e+06	3.27525e+06	3.33325e+06	3.29925e+06	
3.13425e+06	3.13175e+06	3.16625e+06	3.1135e+06	3.1085e+06	
3.08075e+06	3.128e+06	3.10275e+06	3.14925e+06	3.1115e+06	
3.2005e+06	3.20925e+06	3.18525e+06	3.15875e+06	3.26075e+06	
3.404e+06	3.42275e+06	3.392e+06	3.39375e+06	3.40025e+06	
3.49725e+06	3.5665e+06	3.567e+06	3.513e+06	3.559e+06	
3.58975e+06	3.63025e+06	3.59675e+06	3.54875e+06	3.56025e+06	
3.57525e+06	3.70125e+06	3.6535e+06	3.63775e+06	3.6705e+06	
3.58225e+06	3.62575e+06	3.6605e+06	3.63325e+06	3.6225e+06	
3.581e+06	3.5905e+06	3.581e+06	3.60125e+06	3.56775e+06	
3.504e+06	3.54125e+06	3.4985e+06	3.48775e+06	3.5325e+06	
3.675e+06	3.61175e+06	3.6395e+06	3.58925e+06	3.659e+06	
3.7145e+06	3.72225e+06	3.7235e+06	3.6975e+06	3.68625e+06	
3.642e+06	3.67425e+06	3.63575e+06	3.625e+06	3.5855e+06	
3.775e+06	3.70575e+06	3.663e+06	3.663e+06	3.67675e+06	
3.65225e+06	3.6775e+06	3.613e+06	3.65775e+06	3.625e+06	
3.70775e+06	3.66475e+06	3.69125e+06	3.714e+06	3.6655e+06	
3.7915e+06	3.77375e+06	3.72275e+06	3.7655e+06	3.73725e+06	
3.8765e+06	3.8785e+06	3.88225e+06	3.85e+06	3.9125e+06	
3.862e+06	3.89425e+06	3.93075e+06	3.8865e+06	3.89725e+06	
3.763e+06	3.78075e+06	3.76125e+06	3.8035e+06	3.77075e+06	
3.69125e+06	3.75175e+06	3.78e+06	3.7335e+06	3.71025e+06	
3.72525e+06	3.80225e+06	3.7555e+06	3.68e+06	3.6565e+06	
3.75175e+06	3.73725e+06	3.73025e+06	3.726e+06	3.7e+06	
3.74425e+06	3.782e+06	3.7915e+06	3.72025e+06	3.72275e+06	
3.7985e+06	3.87025e+06	3.80475e+06	3.84375e+06	3.77575e+06	
3.876e+06	3.799e+06	3.94775e+06	3.84875e+06	3.88025e+06	
3.7985e+06	3.8935e+06	3.80725e+06	3.8575e+06	3.8545e+06	
3.8545e+06	3.8305e+06	3.84625e+06	3.86275e+06	3.80225e+06	
3.93375e+06	3.93775e+06	3.8905e+06	3.922e+06	3.9055e+06	
4.02525e+06	4.0535e+06	4.0045e+06	4.00875e+06	4.077e+06	
4.12675e+06	4.1235e+06	4.16375e+06	4.08075e+06	4.1455e+06	
4.26975e+06	4.25275e+06	4.24e+06	4.19225e+06	4.19675e+06	
4.18275e+06	4.1645e+06	4.155e+06	4.167e+06	4.20475e+06	
4.04725e+06	4.04925e+06	4.06375e+06	4.01775e+06	3.997e+06	
3.966e+06	3.942e+06	3.96025e+06	3.96025e+06	3.939e+06	
3.8865e+06	3.92575e+06	3.951e+06	3.908e+06	3.8785e+06	
3.88925e+06	3.91925e+06	3.859e+06	3.908e+06	3.89425e+06	
4.04225e+06	4e+06	4.022e+06	4.02025e+06	4.0455e+06	
4.11925e+06	4.17575e+06	4.17275e+06	4.092e+06	4.07e+06	
4.17075e+06	4.20425e+06	4.189e+06	4.19675e+06	4.17075e+06	
4.18775e+06	4.2035e+06	4.15325e+06	4.157e+06	4.17825e+06	
4.198e+06	4.18275e+06	4.223e+06	4.17325e+06	4.14125e+06	
4.19975e+06	4.16525e+06	4.152e+06	4.169e+06	4.12725e+06	
4.2055e+06	4.14675e+06	4.19975e+06	4.23375e+06	4.109e+06	
4.24525e+06	4.34275e+06	4.36925e+06	4.266e+06	4.27425e+06	
4.22875e+06	4.2415e+06	4.215e+06	4.23325e+06	4.1885e+06	
4.244e+06	4.27675e+06	4.24525e+06	4.17825e+06	4.22425e+06	
4.0215e+06	4.08125e+06	4.034e+06	4.04675e+06	4.051e+06	
4.109e+06	4.0895e+06	4.08825e+06	4.1115e+06	4.05925e+06	
4.24325e+06	4.19275e+06	4.2375e+06	4.152e+06	4.19975e+06	
4.254e+06	4.23375e+06	4.227e+06	4.16575e+06	4.2415e+06	
4.15825e+06	4.26775e+06	4.1955e+06	4.2085e+06	4.179e+06	
4.04225e+06	4.1135e+06	4.10275e+06	4.0535e+06	4.039e+06	
3.91425e+06	3.91125e+06	3.884e+06	3.88525e+06	3.89725e+06	
3.65525e+06	3.67175e+06	3.671e+06	3.66725e+06	3.65975e+06	
3.40575e+06	3.45125e+06	3.44425e+06	3.465e+06	3.4625e+06	
3.305e+06	3.3385e+06	3.36675e+06	3.31875e+06	3.3345e+06	
3.426e+06	3.47825e+06	3.402e+06	3.40025e+06	3.39075e+06	
3.90675e+06	3.95025e+06	3.9635e+06	3.88975e+06	3.922e+06	
4.35425e+06	4.3675e+06	4.419e+06	4.329e+06	4.2975e+06	
4.56075e+06	4.5635e+06	4.70275e+06	4.64725e+06	4.59675e+06	
4.5445e+06	4.66475e+06	4.5565e+06	4.57275e+06	4.552e+06	
4.61125e+06	4.51425e+06	4.52875e+06	4.518e+06	4.44875e+06	
4.65275e+06	4.62375e+06	4.64975e+06	4.5785e+06	4.63525e+06	
4.6005e+06	4.6055e+06	4.6465e+06	4.64975e+06	4.60125e+06	
4.4305e+06	4.346e+06	4.4015e+06	4.39125e+06	4.3585e+06	
4.421e+06	4.43675e+06	4.42275e+06	4.34925e+06	4.368e+06	
4.56025e+06	4.571e+06	4.57925e+06	4.61825e+06	4.55075e+06	
4.7145e+06	4.7745e+06	4.85125e+06	4.6975e+06	4.71725e+06	
4.82175e+06	4.80275e+06	4.78575e+06	4.8185e+06	4.792e+06	
4.976e+06	4.98675e+06	5.04725e+06	4.9e+06	4.8885e+06	
5.15325e+06	5.15825e+06	5.242e+06	5.11975e+06	5.15575e+06	
5.16075e+06	5.12725e+06	5.1475e+06	5.1255e+06	5.10975e+06	
5.18525e+06	5.1745e+06	5.16275e+06	5.2205e+06	5.1375e+06	
5.055e+06	5.193e+06	5.203e+06	5.0505e+06	5.06875e+06	
5.0485e+06	5.038e+06	5.106e+06	5.07e+06	4.9735e+06	
4.908e+06	4.93075e+06	4.90175e+06	4.82675e+06	4.8135e+06	
4.76175e+06	4.72475e+06	4.7475e+06	4.724e+06	4.74225e+06	
4.644e+06	4.60375e+06	4.71075e+06	4.7145e+06	4.60875e+06	
4.8615e+06	4.87725e+06	4.90875e+06	4.84375e+06	4.876e+06	
5.05225e+06	5.111e+06	5.03525e+06	5.05925e+06	5.05375e+06	
5.12925e+06	5.1355e+06	5.0895e+06	5.0725e+06	5.1185e+06	
5.1015e+06	5.0745e+06	5.19925e+06	5.06125e+06	5.12225e+06	
5.101e+06	5.06175e+06	5.07e+06	5.06825e+06	5.038e+06	
5.27225e+06	5.30825e+06	5.2535e+06	5.21175e+06	5.25975e+06	
5.382e+06	5.40075e+06	5.37825e+06	5.39775e+06	5.42425e+06	
5.6675e+06	5.60125e+06	5.58175e+06	5.5835e+06	5.53075e+06	
5.59175e+06	5.607e+06	5.65425e+06	5.48475e+06	5.53625e+06	
5.69825e+06	5.78975e+06	5.7915e+06	5.678e+06	5.716e+06	
5.7915e+06	5.7745e+06	5.75825e+06	5.745e+06	5.794e+06	
5.6775e+06	5.6755e+06	5.73225e+06	5.682e+06	5.61825e+06	
5.6075e+06	5.69125e+06	5.68325e+06	5.68e+06	5.6045e+06	
5.678e+06	5.74875e+06	5.76575e+06	5.65225e+06	5.69075e+06	
5.7865e+06	5.69375e+06	5.74375e+06	5.73225e+06	5.69575e+06	
5.84075e+06	5.82e+06	5.828e+06	5.76825e+06	5.80925e+06	
5.842e+06	5.876e+06	5.888e+06	5.90675e+06	5.8805e+06	
5.81425e+06	5.86025e+06	5.808e+06	5.79025e+06	5.7625e+06	
5.634e+06	5.65675e+06	5.65175e+06	5.62275e+06	5.6555e+06	
5.50675e+06	5.6095e+06	5.498e+06	5.5665e+06	5.518e+06	
5.6535e+06	5.7015e+06	5.7165e+06	5.7045e+06	5.61625e+06	
5.79775e+06	5.7935e+06	5.86525e+06	5.75625e+06	5.7845e+06	
5.8055e+06	5.88425e+06	5.83375e+06	5.8955e+06	5.82875e+06	
6.12225e+06	6.033e+06	6.08075e+06	6.084e+06	6.0675e+06	
6.0675e+06	6.1495e+06	6.08825e+06	6.1495e+06	6.121e+06	
6.1275e+06	6.14875e+06	6.07075e+06	6.13e+06	6.05175e+06	
6.1085e+06	6.123e+06	6.1665e+06	6.10775e+06	6.17775e+06	
6.10225e+06	6.08275e+06	6.089e+06	6.06825e+06	6.17225e+06	
6.121e+06	6.15075e+06	6.2075e+06	6.123e+06	6.12875e+06	
6.20175e+06	6.31325e+06	6.283e+06	6.2465e+06	6.27175e+06	
6.2925e+06	6.2615e+06	6.19225e+06	6.17525e+06	6.20925e+06	
6.46575e+06	6.503e+06	6.43925e+06	6.43875e+06	6.42225e+06	
6.69575e+06	6.668e+06	6.60075e+06	6.578e+06	6.622e+06	
6.535e+06	6.51925e+06	6.55025e+06	6.44625e+06	6.501e+06	
6.472e+06	6.4595e+06	6.4745e+06	6.469e+06	6.464e+06	
6.472e+06	6.503e+06	6.457e+06	6.46275e+06	6.48725e+06	
6.27225e+06	6.29125e+06	6.2995e+06	6.268e+06	6.34925e+06	
6.176e+06	6.1695e+06	6.16325e+06	6.1065e+06	6.0555e+06	
5.94775e+06	5.97425e+06	5.97925e+06	5.9755e+06	6.03675e+06	
5.9805e+06	6.0435e+06	6.1255e+06	6.079e+06	5.992e+06	
6.0865e+06	6.1665e+06	6.11925e+06	6.09075e+06	6.07125e+06	
6.32075e+06	6.35425e+06	6.38075e+06	6.2855e+06	6.368e+06	
6.30125e+06	6.2655e+06	6.2245e+06	6.29325e+06	6.17725e+06	
6.3535e+06	6.271e+06	6.27475e+06	6.30325e+06	6.198e+06	
6.249e+06	6.23525e+06	6.2735e+06	6.27675e+06	6.2585e+06	
6.389e+06	6.4355e+06	6.38775e+06	6.3575e+06	6.43675e+06	
6.3435e+06	6.479e+06	6.4405e+06	6.414e+06	6.438e+06	
6.537e+06	6.5225e+06	6.48225e+06	6.56025e+06	6.46075e+06	
6.5465e+06	6.60125e+06	6.50225e+06	6.506e+06	6.489e+06	
6.6e+06	6.57925e+06	6.537e+06	6.50675e+06	6.62025e+06	
6.71525e+06	6.71975e+06	6.769e+06	6.69575e+06	6.63475e+06	
6.66875e+06	6.63725e+06	6.5495e+06	6.573e+06	6.58225e+06	
6.52375e+06	6.48975e+06	6.50475e+06	6.4835e+06	6.45375e+06	
6.52325e+06	6.585e+06	6.472e+06	6.42475e+06	6.52375e+06	
6.467e+06	6.532e+06	6.4745e+06	6.4835e+06	6.42925e+06	
6.55475e+06	6.5785e+06	6.5705e+06	6.5465e+06	6.5105e+06	
6.45825e+06	6.6265e+06	6.5325e+06	6.54275e+06	6.51875e+06	
6.474e+06	6.63225e+06	6.5125e+06	6.60125e+06	6.58925e+06	
6.6655e+06	6.59675e+06	6.69275e+06	6.69075e+06	6.61525e+06	
6.68e+06	6.6535e+06	6.63975e+06	6.5975e+06	6.56525e+06	
6.84e+06	6.87225e+06	6.922e+06	6.8835e+06	6.8055e+06	
6.81425e+06	6.866e+06	6.8755e+06	6.772e+06	6.80675e+06	
6.81875e+06	6.8445e+06	6.922e+06	6.86475e+06	6.81675e+06	
6.99125e+06	7.0385e+06	6.91625e+06	6.9585e+06	6.922e+06	
6.95675e+06	6.99375e+06	6.934e+06	7.0165e+06	6.90175e+06	
6.9435e+06	6.89675e+06	6.88725e+06	6.9075e+06	6.84825e+06	
6.98e+06	6.9995e+06	6.99775e+06	6.95225e+06	6.95975e+06	
6.96175e+06	6.96225e+06	6.992e+06	6.96225e+06	6.84525e+06	
6.91325e+06	6.93725e+06	6.90125e+06	6.762e+06	6.92775e+06	
6.96425e+06	6.835e+06	6.90375e+06	6.927e+06	6.79925e+06	
6.869e+06	6.711e+06	6.88175e+06	6.79975e+06	6.847e+06	
6.75375e+06	6.72725e+06	6.71475e+06	6.69575e+06	6.7525e+06	
6.96425e+06	6.9265e+06	6.9125e+06	6.88975e+06	6.93325e+06	
7.00525e+06	6.9705e+06	6.9655e+06	6.9295e+06	6.91075e+06	
7.05e+06	7.033e+06	7.152e+06	7.0725e+06	7.0265e+06	
6.8295e+06	6.87675e+06	6.92275e+06	6.9825e+06	6.85775e+06	
6.80225e+06	6.823e+06	6.88975e+06	6.87675e+06	6.8395e+06	
6.95175e+06	7.02475e+06	7.004e+06	7.03925e+06	6.9875e+06	
7.01075e+06	7.1715e+06	7.04675e+06	7.0095e+06	7.05175e+06	
7.05875e+06	7.08025e+06	7.15525e+06	7.152e+06	7.038e+06	
7.09975e+06	7.22775e+06	7.14625e+06	7.06e+06	7.14625e+06	
7.334e+06	7.38e+06	7.31525e+06	7.346e+06	7.348e+06	
7.23275e+06	7.38525e+06	7.36575e+06	7.28375e+06	7.23025e+06	
7.28625e+06	7.30575e+06	7.25225e+06	7.268e+06	7.23825e+06	
7.3315e+06	7.37625e+06	7.271e+06	7.29875e+06	7.29325e+06	
7.3065e+06	7.3315e+06	7.31825e+06	7.355e+06	7.30325e+06	
7.08075e+06	7.1735e+06	7.08025e+06	7.14e+06	7.0725e+06	
7.32025e+06	7.34475e+06	7.28675e+06	7.33675e+06	7.20925e+06	
7.4615e+06	7.3985e+06	7.36625e+06	7.37825e+06	7.3945e+06	
7.59875e+06	7.61525e+06	7.52575e+06	7.62025e+06	7.57225e+06	
7.88625e+06	7.84325e+06	7.8925e+06	7.888e+06	7.8395e+06	
7.79475e+06	7.864e+06	7.8375e+06	7.89625e+06	7.81375e+06	
7.8955e+06	7.8515e+06	7.83e+06	7.827e+06	7.85275e+06	
7.7495e+06	7.83e+06	7.697e+06	7.72425e+06	7.74625e+06	
7.919e+06	7.9775e+06	7.92275e+06	7.76575e+06	7.8375e+06	
7.85075e+06	7.929e+06	7.902e+06	7.9555e+06	7.9335e+06	
8.016e+06	8.072e+06	8.021e+06	8.06125e+06	8.05575e+06	
8.30325e+06	8.34425e+06	8.345e+06	8.30275e+06	8.20875e+06	
8.379e+06	8.36125e+06	8.26675e+06	8.31975e+06	8.23575e+06	
8.249e+06	8.28875e+06	8.41975e+06	8.29e+06	8.1975e+06	
8.186e+06	8.32725e+06	8.362e+06	8.11225e+06	8.26925e+06	
8.35675e+06	8.36e+06	8.3265e+06	8.24725e+06	8.2345e+06	
8.3985e+06	8.28825e+06	8.3965e+06	8.2775e+06	8.33475e+06	
8.445e+06	8.41225e+06	8.35375e+06	8.24275e+06	8.326e+06	
8.529e+06	8.602e+06	8.5855e+06	8.57625e+06	8.54475e+06	
8.75825e+06	8.87675e+06	8.76575e+06	8.79225e+06	8.79475e+06	
8.9775e+06	8.91575e+06	9.0695e+06	8.9365e+06	8.81175e+06	
8.851e+06	8.9605e+06	8.8875e+06	8.89e+06	8.83375e+06	
9.04425e+06	9.02675e+06	9.01975e+06	8.88125e+06	8.87725e+06	
8.92575e+06	8.97125e+06	9.0035e+06	8.9675e+06	8.92775e+06	
9.3745e+06	9.3595e+06	9.3255e+06	9.38025e+06	9.25675e+06	
9.32675e+06	9.307e+06	9.29075e+06	9.372e+06	9.2215e+06	
9.2335e+06	9.36375e+06	9.365e+06	9.40025e+06	9.19175e+06	
9.5075e+06	9.64475e+06	9.5825e+06	9.51575e+06	9.5e+06	
9.56175e+06	9.58175e+06	9.5895e+06	9.55975e+06	9.48475e+06	
9.4685e+06	9.587e+06	9.57125e+06	9.49925e+06	9.56225e+06	
9.57425e+06	9.72875e+06	9.6235e+06	9.631e+06	9.624e+06	
9.791e+06	9.96125e+06	9.8105e+06	9.80675e+06	9.7665e+06	
9.9285e+06	9.8445e+06	9.803e+06	9.868e+06	9.88925e+06	
9.9315e+06	9.99975e+06	9.997e+06	9.89e+06	1.00052e+07	
9.793e+06	9.8585e+06	9.8705e+06	9.7425e+06	9.827e+06	
9.90125e+06	9.87475e+06	9.91575e+06	9.9195e+06	9.8315e+06	
9.871e+06	9.98e+06	9.9775e+06	9.95425e+06	1.0006e+07	
9.9435e+06	1.003e+07	9.94975e+06	9.931e+06	9.977e+06	
9.8655e+06	9.85525e+06	1.00142e+07	9.87225e+06	9.83825e+06	
1.0159e+07	1.00558e+07	1.00745e+07	1.00418e+07	1.00222e+07	
1.00028e+07	9.92275e+06	9.941e+06	9.9115e+06	9.97325e+06	
9.72675e+06	9.725e+06	9.7325e+06	9.665e+06	9.7425e+06	
9.06775e+06	9.18225e+06	9.154e+06	9.05625e+06	9.00725e+06	
8.78525e+06	8.80175e+06	8.924e+06	8.85775e+06	8.74375e+06	
8.74175e+06	8.78975e+06	8.72225e+06	8.7615e+06	8.72225e+06	
8.9915e+06	9.081e+06	9.02975e+06	9.00475e+06	8.9725e+06	
9.53525e+06	9.554e+06	9.578e+06	9.45775e+06	9.45325e+06	
9.79675e+06	9.84525e+06	9.84075e+06	9.77475e+06	9.76275e+06	
1.0137e+07	1.01212e+07	1.01155e+07	1.01312e+07	1.012e+07	
1.02875e+07	1.03065e+07	1.03412e+07	1.03342e+07	1.0214e+07	
1.0319e+07	1.03135e+07	1.03148e+07	1.0224e+07	1.01332e+07	
1.03165e+07	1.03752e+07	1.03242e+07	1.0323e+07	1.03362e+07	
1.07055e+07	1.07262e+07	1.07022e+07	1.0706e+07	1.05548e+07	
1.0921e+07	1.09298e+07	1.09265e+07	1.0878e+07	1.08988e+07	
1.11615e+07	1.1142e+07	1.11982e+07	1.10828e+07	1.10615e+07	
1.10905e+07	1.09902e+07	1.09782e+07	1.09795e+07	1.09695e+07	
1.12062e+07	1.11772e+07	1.11825e+07	1.11365e+07	1.10015e+07	
1.10135e+07	1.10142e+07	1.10288e+07	1.0897e+07	1.10445e+07	
1.07345e+07	1.07502e+07	1.08358e+07	1.07432e+07	1.08548e+07	
1.07035e+07	1.07922e+07	1.0733e+07	1.07035e+07	1.06272e+07	
1.05572e+07	1.07325e+07	1.07092e+07	1.06078e+07	1.06268e+07	
1.08358e+07	1.0883e+07	1.08718e+07	1.08925e+07	1.0771e+07	
1.1212e+07	1.1134e+07	1.1212e+07	1.1074e+07	1.11062e+07	
1.11225e+07	1.12128e+07	1.1263e+07	1.12352e+07	1.12182e+07	
1.11655e+07	1.12272e+07	1.12215e+07	1.1163e+07	1.1214e+07	
1.1314e+07	1.13072e+07	1.14188e+07	1.1299e+07	1.12618e+07	
1.1621e+07	1.16368e+07	1.15945e+07	1.14968e+07	1.15062e+07	
1.16702e+07	1.16878e+07	1.1611e+07	1.1633e+07	1.16538e+07	
1.1638e+07	1.1628e+07	1.17188e+07	1.15082e+07	1.14918e+07	
1.16078e+07	1.1669e+07	1.16878e+07	1.1604e+07	1.1582e+07	
1.158e+07	1.15755e+07	1.16778e+07	1.1536e+07	1.1582e+07	
1.1686e+07	1.17868e+07	1.1718e+07	1.15908e+07	1.15895e+07	
1.17105e+07	1.17332e+07	1.17755e+07	1.16512e+07	1.17048e+07	
1.17962e+07	1.16902e+07	1.1752e+07	1.17122e+07	1.17155e+07	
1.17912e+07	1.19128e+07	1.18415e+07	1.17918e+07	1.17735e+07	
1.166e+07	1.17438e+07	1.18125e+07	1.17338e+07	1.17925e+07	
1.16388e+07	1.15165e+07	1.14962e+07	1.14665e+07	1.1452e+07	
1.13035e+07	1.14408e+07	1.14792e+07	1.13732e+07	1.14565e+07	
1.14912e+07	1.14055e+07	1.14995e+07	1.13532e+07	1.14155e+07	
1.16072e+07	1.17018e+07	1.1611e+07	1.14875e+07	1.15075e+07	
1.16702e+07	1.1669e+07	1.16582e+07	1.16235e+07	1.17085e+07	
1.16202e+07	1.1679e+07	1.17408e+07	1.16172e+07	1.15625e+07	
1.1594e+07	1.15592e+07	1.15858e+07	1.1418e+07	1.14785e+07	
1.1287e+07	1.1355e+07	1.13765e+07	1.12995e+07	1.1224e+07	
1.12418e+07	1.1202e+07	1.13192e+07	1.12965e+07	1.12132e+07	
1.12605e+07	1.1265e+07	1.12505e+07	1.1173e+07	1.12365e+07	
1.11408e+07	1.1096e+07	1.1263e+07	1.11622e+07	1.11445e+07	
1.1086e+07	1.12858e+07	1.12208e+07	1.1127e+07	1.11042e+07	
1.12352e+07	1.13338e+07	1.12675e+07	1.12845e+07	1.1209e+07	
1.14862e+07	1.15605e+07	1.15725e+07	1.15675e+07	1.14615e+07	
1.15472e+07	1.16008e+07	1.16492e+07	1.1682e+07	1.1558e+07	
1.16222e+07	1.15982e+07	1.17122e+07	1.17188e+07	1.16165e+07	
1.16638e+07	1.1575e+07	1.159e+07	1.15775e+07	1.14288e+07	
1.13595e+07	1.13898e+07	1.1505e+07	1.14648e+07	1.13865e+07	
1.15808e+07	1.15245e+07	1.15112e+07	1.1573e+07	1.14458e+07	
1.17018e+07	1.16608e+07	1.17262e+07	1.16468e+07	1.15712e+07	
1.18452e+07	1.1841e+07	1.18132e+07	1.18012e+07	1.17955e+07	
1.2045e+07	1.20595e+07	1.20848e+07	1.21365e+07	1.1994e+07	
1.21698e+07	1.19948e+07	1.21245e+07	1.21825e+07	1.20665e+07	
1.21722e+07	1.23192e+07	1.22738e+07	1.21158e+07	1.21982e+07	
1.19595e+07	1.1984e+07	1.19575e+07	1.20072e+07	1.19078e+07	
1.1928e+07	1.20412e+07	1.20388e+07	1.1887e+07	1.18812e+07	
1.17312e+07	1.18648e+07	1.18208e+07	1.18012e+07	1.1677e+07	
1.17118e+07	1.16782e+07	1.17345e+07	1.16538e+07	1.1689e+07	
1.16978e+07	1.16152e+07	1.17225e+07	1.1711e+07	1.15372e+07	
1.1594e+07	1.1774e+07	1.16952e+07	1.17615e+07	1.16715e+07	
1.2037e+07	1.19752e+07	1.20105e+07	1.19525e+07	1.19128e+07	
1.20168e+07	1.20192e+07	1.19948e+07	1.20002e+07	1.19948e+07	
1.19318e+07	1.20015e+07	1.21685e+07	1.2074e+07	1.1996e+07	
1.19562e+07	1.19928e+07	1.202e+07	1.19032e+07	1.18705e+07	
1.18332e+07	1.18945e+07	1.19095e+07	1.19148e+07	1.18385e+07	
1.18258e+07	1.195e+07	1.17912e+07	1.19045e+07	1.18518e+07	
1.18962e+07	1.20802e+07	1.19695e+07	1.19058e+07	1.19695e+07	
1.21925e+07	1.234e+07	1.2369e+07	1.21982e+07	1.22448e+07	
1.218e+07	1.20935e+07	1.2103e+07	1.204e+07	1.20652e+07	
1.20185e+07	1.21428e+07	1.21175e+07	1.20092e+07	1.19595e+07	
1.19808e+07	1.2144e+07	1.21315e+07	1.2144e+07	1.20582e+07	
1.19695e+07	1.19518e+07	1.20678e+07	1.18675e+07	1.19178e+07	
1.18452e+07	1.18232e+07	1.18452e+07	1.1822e+07	1.16865e+07	
1.19662e+07	1.18465e+07	1.19078e+07	1.18548e+07	1.18345e+07	
1.16198e+07	1.17818e+07	1.1682e+07	1.16052e+07	1.16028e+07	
1.1602e+07	1.1669e+07	1.15958e+07	1.1544e+07	1.15178e+07	
1.16545e+07	1.1604e+07	1.15875e+07	1.15692e+07	1.15945e+07	
1.172e+07	1.16885e+07	1.18232e+07	1.17118e+07	1.16255e+07	
1.18258e+07	1.19348e+07	1.1936e+07	1.18415e+07	1.17822e+07	
1.19335e+07	1.18742e+07	1.19985e+07	1.18378e+07	1.18895e+07	
1.17495e+07	1.1778e+07	1.17388e+07	1.18378e+07	1.16455e+07	
1.12498e+07	1.13192e+07	1.1292e+07	1.11975e+07	1.1253e+07	
1.09285e+07	1.07665e+07	1.07002e+07	1.0766e+07	1.06998e+07	
1.05895e+07	1.05862e+07	1.04672e+07	1.0585e+07	1.0403e+07	
1.0689e+07	1.07375e+07	1.08182e+07	1.06512e+07	1.0667e+07	
1.09435e+07	1.09762e+07	1.0909e+07	1.0728e+07	1.07602e+07	
1.08648e+07	1.0897e+07	1.08182e+07	1.08932e+07	1.07848e+07	
1.10318e+07	1.09348e+07	1.10425e+07	1.1006e+07	1.09302e+07	
1.11598e+07	1.1292e+07	1.12638e+07	1.1183e+07	1.11748e+07	
1.12902e+07	1.13248e+07	1.13588e+07	1.12272e+07	1.12542e+07	
1.15348e+07	1.16242e+07	1.15265e+07	1.1645e+07	1.16375e+07	
1.17918e+07	1.17445e+07	1.17722e+07	1.1846e+07	1.18082e+07	
1.1861e+07	1.1912e+07	1.18705e+07	1.19228e+07	1.17955e+07	
1.19252e+07	1.20002e+07	1.19292e+07	1.18775e+07	1.189e+07	
1.19148e+07	1.20545e+07	1.19845e+07	1.20432e+07	1.19765e+07	
1.21012e+07	1.20602e+07	1.20975e+07	1.20015e+07	1.19438e+07	
1.2217e+07	1.22658e+07	1.2214e+07	1.21585e+07	1.20552e+07	
1.20868e+07	1.23218e+07	1.21862e+07	1.21605e+07	1.21055e+07	
1.19865e+07	1.21012e+07	1.202e+07	1.1921e+07	1.20445e+07	
1.2033e+07	1.20425e+07	1.19948e+07	1.2033e+07	1.20022e+07	
1.1965e+07	1.19985e+07	1.2045e+07	1.19342e+07	1.19745e+07	
1.22058e+07	1.21012e+07	1.2083e+07	1.2112e+07	1.21308e+07	
1.24602e+07	1.24648e+07	1.24092e+07	1.2388e+07	1.23475e+07	
1.25758e+07	1.25725e+07	1.25705e+07	1.25152e+07	1.24005e+07	
1.26342e+07	1.2732e+07	1.264e+07	1.26152e+07	1.25418e+07	
1.25878e+07	1.25825e+07	1.2689e+07	1.25945e+07	1.2471e+07	
1.25882e+07	1.2512e+07	1.25618e+07	1.25788e+07	1.25178e+07	
1.26222e+07	1.26065e+07	1.25688e+07	1.2476e+07	1.24912e+07	
1.23102e+07	1.22865e+07	1.23508e+07	1.22688e+07	1.2195e+07	
1.1967e+07	1.18858e+07	1.19215e+07	1.18402e+07	1.1938e+07	
1.15302e+07	1.14962e+07	1.14482e+07	1.14035e+07	1.1391e+07	
1.15795e+07	1.16388e+07	1.16202e+07	1.15195e+07	1.15315e+07	
1.17212e+07	1.17288e+07	1.17702e+07	1.17918e+07	1.16632e+07	
1.21465e+07	1.2011e+07	1.18982e+07	1.1977e+07	1.20092e+07	
1.22932e+07	1.23172e+07	1.22265e+07	1.2282e+07	1.2207e+07	
1.2529e+07	1.26205e+07	1.25272e+07	1.24478e+07	1.25762e+07	
1.27528e+07	1.27332e+07	1.27225e+07	1.27415e+07	1.26318e+07	
1.28548e+07	1.29505e+07	1.2945e+07	1.29608e+07	1.28435e+07	
1.2783e+07	1.2735e+07	1.28592e+07	1.2737e+07	1.27295e+07	
1.27452e+07	1.27888e+07	1.27862e+07	1.27975e+07	1.27628e+07	
1.27495e+07	1.2807e+07	1.28888e+07	1.27408e+07	1.2771e+07	
1.29122e+07	1.30068e+07	1.28165e+07	1.28572e+07	1.2897e+07	
1.2788e+07	1.2986e+07	1.29322e+07	1.28435e+07	1.28642e+07	
1.29828e+07	1.29778e+07	1.30785e+07	1.29808e+07	1.28585e+07	
1.29538e+07	1.30848e+07	1.30142e+07	1.2938e+07	1.29272e+07	
1.2715e+07	1.2672e+07	1.26665e+07	1.26865e+07	1.26652e+07	
1.24408e+07	1.23695e+07	1.23652e+07	1.2468e+07	1.23098e+07	
1.22455e+07	1.22285e+07	1.22492e+07	1.22518e+07	1.2224e+07	
1.233e+07	1.2408e+07	1.23942e+07	1.23658e+07	1.2243e+07	
1.24755e+07	1.2449e+07	1.25385e+07	1.25902e+07	1.23525e+07	
1.2408e+07	1.2495e+07	1.2546e+07	1.25158e+07	1.24195e+07	
1.25178e+07	1.25e+07	1.24862e+07	1.26148e+07	1.25012e+07	
1.2488e+07	1.25278e+07	1.24875e+07	1.2442e+07	1.24825e+07	
1.26248e+07	1.26022e+07	1.27652e+07	1.27085e+07	1.2609e+07	
1.27672e+07	1.28448e+07	1.28742e+07	1.2817e+07	1.2824e+07	
1.28178e+07	1.29268e+07	1.28655e+07	1.28505e+07	1.28245e+07	
1.28132e+07	1.2836e+07	1.28705e+07	1.27748e+07	1.2713e+07	
1.2674e+07	1.27072e+07	1.27388e+07	1.27238e+07	1.26608e+07	
1.25152e+07	1.24245e+07	1.26072e+07	1.24515e+07	1.2456e+07	
1.25638e+07	1.2502e+07	1.25542e+07	1.24312e+07	1.24648e+07	
1.25335e+07	1.24498e+07	1.2381e+07	1.24212e+07	1.24062e+07	
1.25592e+07	1.25468e+07	1.25082e+07	1.2468e+07	1.2398e+07	
1.26695e+07	1.26625e+07	1.273e+07	1.25422e+07	1.25385e+07	
1.25285e+07	1.26028e+07	1.2655e+07	1.2667e+07	1.26008e+07	
1.24735e+07	1.26205e+07	1.26198e+07	1.25928e+07	1.2541e+07	
1.25252e+07	1.2512e+07	1.25485e+07	1.26078e+07	1.25335e+07	
1.24118e+07	1.24055e+07	1.23185e+07	1.2456e+07	1.2355e+07	
1.21988e+07	1.22302e+07	1.21472e+07	1.22045e+07	1.21005e+07	
1.20225e+07	1.20698e+07	1.20855e+07	1.20992e+07	1.2004e+07	
1.2035e+07	1.19675e+07	1.21068e+07	1.20028e+07	1.19368e+07	
1.19915e+07	1.19488e+07	1.19745e+07	1.20318e+07	1.20185e+07	
1.211e+07	1.20035e+07	1.21452e+07	1.20262e+07	1.20225e+07	
1.22025e+07	1.22575e+07	1.23065e+07	1.21705e+07	1.22302e+07	
1.21875e+07	1.22128e+07	1.22758e+07	1.22272e+07	1.22152e+07	
1.21938e+07	1.22132e+07	1.22248e+07	1.21175e+07	1.21448e+07	
1.2267e+07	1.2374e+07	1.2272e+07	1.2248e+07	1.21768e+07	
1.20678e+07	1.22182e+07	1.2277e+07	1.2212e+07	1.2161e+07	
1.2255e+07	1.23305e+07	1.23325e+07	1.22592e+07	1.2294e+07	
1.23268e+07	1.23342e+07	1.23458e+07	1.23368e+07	1.2284e+07	
1.2403e+07	1.25908e+07	1.2454e+07	1.24358e+07	1.23405e+07	
1.22972e+07	1.2396e+07	1.24698e+07	1.23392e+07	1.2265e+07	
1.24055e+07	1.249e+07	1.2442e+07	1.24175e+07	1.23918e+07	
1.2497e+07	1.26152e+07	1.24888e+07	1.24962e+07	1.24382e+07	
1.23968e+07	1.23388e+07	1.23218e+07	1.2306e+07	1.22315e+07	
1.23275e+07	1.24238e+07	1.23772e+07	1.23248e+07	1.2328e+07	
1.24308e+07	1.22612e+07	1.24162e+07	1.22858e+07	1.2304e+07	
1.22845e+07	1.2328e+07	1.24378e+07	1.22882e+07	1.22738e+07	
1.2333e+07	1.2454e+07	1.2393e+07	1.2335e+07	1.2335e+07	
1.21465e+07	1.21692e+07	1.20992e+07	1.1984e+07	1.2079e+07	
1.19645e+07	1.20268e+07	1.20818e+07	1.1967e+07	1.2052e+07	
1.19758e+07	1.20992e+07	1.20698e+07	1.2042e+07	1.19165e+07	
1.21875e+07	1.2265e+07	1.21862e+07	1.21465e+07	1.20652e+07	
1.22688e+07	1.22625e+07	1.22782e+07	1.21145e+07	1.21472e+07	
1.22335e+07	1.21742e+07	1.22688e+07	1.2151e+07	1.22435e+07	
1.22758e+07	1.22542e+07	1.23155e+07	1.21925e+07	1.21925e+07	
1.21188e+07	1.22422e+07	1.2301e+07	1.22052e+07	1.2161e+07	
1.21805e+07	1.23405e+07	1.23412e+07	1.22272e+07	1.22202e+07	
1.21672e+07	1.23015e+07	1.2226e+07	1.21868e+07	1.20118e+07	
1.21522e+07	1.21592e+07	1.2238e+07	1.21258e+07	1.20488e+07	
1.2096e+07	1.21925e+07	1.21818e+07	1.20822e+07	1.21038e+07	
1.21328e+07	1.21792e+07	1.21842e+07	1.21365e+07	1.20942e+07	
1.22065e+07	1.22222e+07	1.22878e+07	1.22472e+07	1.22145e+07	
1.2154e+07	1.22442e+07	1.23312e+07	1.2178e+07	1.22302e+07	
1.2183e+07	1.20988e+07	1.21932e+07	1.21535e+07	1.21365e+07	
1.21262e+07	1.21225e+07	1.22625e+07	1.2161e+07	1.2139e+07	
1.21018e+07	1.2105e+07	1.21718e+07	1.2013e+07	1.20408e+07	
1.21258e+07	1.22688e+07	1.21618e+07	1.20822e+07	1.20872e+07	
1.22298e+07	1.219e+07	1.22472e+07	1.20992e+07	1.21655e+07	
1.22355e+07	1.21932e+07	1.23425e+07	1.2224e+07	1.22058e+07	
1.2212e+07	1.22895e+07	1.22562e+07	1.22468e+07	1.21945e+07	
1.24112e+07	1.23388e+07	1.24125e+07	1.225e+07	1.2275e+07	
1.22618e+07	1.2311e+07	1.24238e+07	1.22758e+07	1.23122e+07	
1.21452e+07	1.21025e+07	1.21e+07	1.2163e+07	1.19165e+07	
1.20948e+07	1.2083e+07	1.2132e+07	1.20968e+07	1.20818e+07	
1.19235e+07	1.20412e+07	1.19972e+07	1.188e+07	1.195e+07	
1.17332e+07	1.18705e+07	1.18308e+07	1.17925e+07	1.1616e+07	
1.1846e+07	1.19372e+07	1.18365e+07	1.181e+07	1.18372e+07	
1.19028e+07	1.18308e+07	1.18132e+07	1.1861e+07	1.1812e+07	
1.17955e+07	1.18182e+07	1.18692e+07	1.17205e+07	1.17482e+07	
1.17678e+07	1.18832e+07	1.18775e+07	1.18352e+07	1.18012e+07	
1.15882e+07	1.14855e+07	1.15232e+07	1.14742e+07	1.14212e+07	
1.15195e+07	1.1558e+07	1.15328e+07	1.15775e+07	1.15505e+07	
1.1529e+07	1.15498e+07	1.14942e+07	1.143e+07	1.1471e+07	
1.15045e+07	1.16015e+07	1.15832e+07	1.15215e+07	1.14798e+07	
1.16015e+07	1.16305e+07	1.1636e+07	1.15612e+07	1.1558e+07	
1.16695e+07	1.16268e+07	1.17942e+07	1.16728e+07	1.16715e+07	
1.19475e+07	1.1885e+07	1.18158e+07	1.1786e+07	1.17552e+07	
1.1853e+07	1.18478e+07	1.20068e+07	1.1807e+07	1.17648e+07	
1.17798e+07	1.17792e+07	1.19178e+07	1.1694e+07	1.17312e+07	
1.1614e+07	1.1713e+07	1.16898e+07	1.16505e+07	1.1696e+07	
1.1735e+07	1.18862e+07	1.17558e+07	1.1781e+07	1.17212e+07	
1.18062e+07	1.17192e+07	1.18195e+07	1.17242e+07	1.17438e+07	
1.18058e+07	1.1856e+07	1.18422e+07	1.17545e+07	1.17288e+07	
1.18622e+07	1.18742e+07	1.18365e+07	1.17842e+07	1.17698e+07	
1.18498e+07	1.1974e+07	1.1909e+07	1.1737e+07	1.18088e+07	
1.17665e+07	1.1812e+07	1.18215e+07	1.17018e+07	1.17092e+07	
1.17898e+07	1.18208e+07	1.1887e+07	1.17175e+07	1.18365e+07	
1.18648e+07	1.18108e+07	1.17648e+07	1.17452e+07	1.17168e+07	
1.17345e+07	1.16575e+07	1.16915e+07	1.1829e+07	1.1662e+07	
1.17835e+07	1.16885e+07	1.15688e+07	1.16608e+07	1.15328e+07	
1.16098e+07	1.16335e+07	1.16802e+07	1.16028e+07	1.15348e+07	
1.1531e+07	1.1507e+07	1.1495e+07	1.13822e+07	1.15428e+07	
1.14938e+07	1.15712e+07	1.15282e+07	1.16052e+07	1.1473e+07	
1.16732e+07	1.1573e+07	1.15675e+07	1.16488e+07	1.1459e+07	
1.1723e+07	1.16778e+07	1.174e+07	1.17168e+07	1.16848e+07	
1.1723e+07	1.17628e+07	1.18555e+07	1.16335e+07	1.17155e+07	
1.17615e+07	1.18465e+07	1.1735e+07	1.17085e+07	1.16065e+07	
1.16802e+07	1.1769e+07	1.15485e+07	1.15365e+07	1.16505e+07	
1.15428e+07	1.15448e+07	1.14648e+07	1.15335e+07	1.14925e+07	
1.1548e+07	1.1577e+07	1.15888e+07	1.15045e+07	1.14452e+07	
1.15125e+07	1.15348e+07	1.1493e+07	1.1527e+07	1.1466e+07	
1.14962e+07	1.15505e+07	1.13545e+07	1.1384e+07	1.14968e+07	
1.14068e+07	1.15252e+07	1.16658e+07	1.14572e+07	1.1461e+07	
1.13608e+07	1.14282e+07	1.14325e+07	1.13872e+07	1.14048e+07	
1.11982e+07	1.12442e+07	1.1265e+07	1.12542e+07	1.11958e+07	
1.1202e+07	1.12692e+07	1.13192e+07	1.12302e+07	1.1098e+07	
1.11598e+07	1.1241e+07	1.12902e+07	1.12712e+07	1.1306e+07	
1.13785e+07	1.14288e+07	1.14622e+07	1.13065e+07	1.1272e+07	
1.14055e+07	1.135e+07	1.1425e+07	1.1381e+07	1.14112e+07	
1.15612e+07	1.15402e+07	1.15958e+07	1.1495e+07	1.15522e+07	
1.14912e+07	1.14548e+07	1.158e+07	1.1401e+07	1.1437e+07	
1.1628e+07	1.17438e+07	1.16198e+07	1.15775e+07	1.15598e+07	
1.15352e+07	1.15428e+07	1.15572e+07	1.15295e+07	1.1534e+07	
1.1626e+07	1.16032e+07	1.15762e+07	1.1534e+07	1.15428e+07	
1.16318e+07	1.16002e+07	1.1619e+07	1.1594e+07	1.13765e+07	
1.14042e+07	1.1531e+07	1.1437e+07	1.14155e+07	1.1299e+07	
1.14988e+07	1.13915e+07	1.1369e+07	1.15402e+07	1.13915e+07	
1.1299e+07	1.1241e+07	1.13915e+07	1.12392e+07	1.12265e+07	
1.13442e+07	1.1217e+07	1.1318e+07	1.13172e+07	1.11818e+07	
1.12762e+07	1.13388e+07	1.13268e+07	1.128e+07	1.11465e+07	
1.12775e+07	1.12928e+07	1.13495e+07	1.12278e+07	1.11768e+07	
1.12745e+07	1.1294e+07	1.13342e+07	1.1178e+07	1.1241e+07	
1.1386e+07	1.1304e+07	1.1352e+07	1.12655e+07	1.12808e+07	
1.11768e+07	1.12568e+07	1.11975e+07	1.12832e+07	1.11485e+07	
1.11932e+07	1.13028e+07	1.127e+07	1.12365e+07	1.10652e+07	
1.1108e+07	1.11648e+07	1.11225e+07	1.11188e+07	1.105e+07	
1.1088e+07	1.11465e+07	1.11188e+07	1.10002e+07	1.1096e+07	
1.10425e+07	1.0975e+07	1.09978e+07	1.09235e+07	1.10065e+07	
1.09492e+07	1.0967e+07	1.10205e+07	1.09108e+07	1.08925e+07	
1.11415e+07	1.11875e+07	1.11408e+07	1.1025e+07	1.11055e+07	
1.11195e+07	1.1173e+07	1.10898e+07	1.1045e+07	1.09128e+07	
1.10892e+07	1.12252e+07	1.11332e+07	1.11648e+07	1.11432e+07	
1.11142e+07	1.10802e+07	1.11182e+07	1.12348e+07	1.10532e+07	
1.11245e+07	1.11975e+07	1.12642e+07	1.11378e+07	1.10192e+07	
1.12455e+07	1.1183e+07	1.1229e+07	1.11382e+07	1.11698e+07	
1.11038e+07	1.12082e+07	1.1207e+07	1.11195e+07	1.11805e+07	
1.10482e+07	1.11528e+07	1.11912e+07	1.11238e+07	1.11105e+07	
1.1251e+07	1.12352e+07	1.1219e+07	1.11698e+07	1.10525e+07	
1.1207e+07	1.11932e+07	1.12152e+07	1.11262e+07	1.1115e+07	
1.1105e+07	1.12095e+07	1.12152e+07	1.1156e+07	1.10985e+07	
1.12455e+07	1.13152e+07	1.12468e+07	1.12485e+07	1.11262e+07	
1.12518e+07	1.10798e+07	1.11875e+07	1.11258e+07	1.11432e+07	
1.11415e+07	1.1217e+07	1.12278e+07	1.1144e+07	1.11445e+07	
1.1214e+07	1.11012e+07	1.11792e+07	1.1166e+07	1.10835e+07	
1.097e+07	1.10362e+07	1.11075e+07	1.09895e+07	1.09215e+07	
1.0979e+07	1.1021e+07	1.08522e+07	1.0979e+07	1.08395e+07	
1.07325e+07	1.09398e+07	1.0902e+07	1.0783e+07	1.074e+07	
1.07135e+07	1.06708e+07	1.07722e+07	1.07702e+07	1.067e+07	
1.06708e+07	1.0648e+07	1.06695e+07	1.05108e+07	1.0585e+07	
1.07148e+07	1.07118e+07	1.07345e+07	1.06418e+07	1.06368e+07	
1.07595e+07	1.06095e+07	1.07835e+07	1.06728e+07	1.06425e+07	
1.06028e+07	1.073e+07	1.07412e+07	1.07362e+07	1.06708e+07	
1.0539e+07	1.0592e+07	1.0733e+07	1.05965e+07	1.0643e+07	
1.06398e+07	1.06475e+07	1.06758e+07	1.0517e+07	1.04835e+07	
1.03468e+07	1.05668e+07	1.05378e+07	1.04412e+07	1.03682e+07	
1.02428e+07	1.0202e+07	1.0178e+07	1.00168e+07	1.01968e+07	
9.86475e+06	9.9775e+06	9.87475e+06	9.861e+06	9.7475e+06	
9.53525e+06	9.54525e+06	9.63725e+06	9.641e+06	9.445e+06	
9.46475e+06	9.466e+06	9.44375e+06	9.40975e+06	9.47475e+06	
9.5945e+06	9.55675e+06	9.57e+06	9.51825e+06	9.5005e+06	
9.67575e+06	9.6405e+06	9.621e+06	9.78225e+06	9.5775e+06	
9.77275e+06	9.803e+06	9.75775e+06	9.75325e+06	9.7155e+06	
9.80875e+06	9.8225e+06	9.827e+06	9.80375e+06	9.8465e+06	
9.92725e+06	1.00388e+07	9.91525e+06	9.9575e+06	9.8705e+06	
9.8535e+06	9.92025e+06	9.85975e+06	9.897e+06	9.8855e+06	
9.90375e+06	9.8975e+06	9.94725e+06	1.00192e+07	9.8395e+06	
9.9195e+06	9.955e+06	9.87425e+06	9.9025e+06	9.85225e+06	
9.90375e+06	9.90075e+06	9.87475e+06	9.83575e+06	9.7815e+06	
9.97325e+06	9.953e+06	1.00412e+07	9.87225e+06	1.00305e+07	
9.92075e+06	9.98325e+06	9.98575e+06	9.91775e+06	9.8365e+06	
9.8365e+06	9.92275e+06	9.8485e+06	9.8805e+06	9.7565e+06	
9.91525e+06	9.88875e+06	9.9115e+06	9.78925e+06	9.8245e+06	
9.897e+06	9.85525e+06	9.919e+06	9.80625e+06	9.779e+06	
9.6935e+06	9.82325e+06	9.7855e+06	9.6845e+06	9.85225e+06	
9.655e+06	9.8005e+06	9.7375e+06	9.696e+06	9.65425e+06	
9.7855e+06	9.7815e+06	9.7445e+06	9.71675e+06	9.764e+06	
9.83075e+06	9.81875e+06	9.8465e+06	9.80425e+06	9.81175e+06	
9.8735e+06	9.84525e+06	9.8565e+06	9.822e+06	9.81175e+06	
9.77525e+06	9.85525e+06	9.955e+06	9.73425e+06	9.774e+06	
9.87225e+06	9.8565e+06	9.844e+06	9.77025e+06	9.8705e+06	
9.8225e+06	9.80675e+06	9.77975e+06	9.81375e+06	9.78275e+06	
9.7735e+06	9.74875e+06	9.8395e+06	9.822e+06	9.774e+06	
9.59575e+06	9.65125e+06	9.70975e+06	9.61525e+06	9.5635e+06	
9.776e+06	9.752e+06	9.76025e+06	9.7545e+06	9.65925e+06	
9.74625e+06	9.6265e+06	9.66575e+06	9.6915e+06	9.621e+06	
9.723e+06	9.68075e+06	9.66375e+06	9.629e+06	9.6335e+06	
9.74875e+06	9.6845e+06	9.69475e+06	9.706e+06	9.5005e+06	
9.60825e+06	9.6435e+06	9.723e+06	9.72225e+06	9.7155e+06	
9.6405e+06	9.7155e+06	9.68775e+06	9.6095e+06	9.6815e+06	
9.633e+06	9.65625e+06	9.62775e+06	9.72925e+06	9.59075e+06	
9.6115e+06	9.73125e+06	9.7205e+06	9.6335e+06	9.70025e+06	
9.5005e+06	9.602e+06	9.63725e+06	9.48425e+06	9.50375e+06	
9.4545e+06	9.6185e+06	9.5585e+06	9.57175e+06	9.50425e+06	
9.5095e+06	9.47775e+06	9.52575e+06	9.55975e+06	9.4785e+06	
9.46525e+06	9.53775e+06	9.52825e+06	9.49875e+06	9.44575e+06	
9.43575e+06	9.503e+06	9.61275e+06	9.529e+06	9.36325e+06	
9.51625e+06	9.60775e+06	9.60275e+06	9.3935e+06	9.40975e+06	
9.583e+06	9.59325e+06	9.63725e+06	9.57625e+06	9.62025e+06	
9.64925e+06	9.66375e+06	9.621e+06	9.64175e+06	9.62275e+06	
9.6335e+06	9.675e+06	9.7445e+06	9.6355e+06	9.63675e+06	
9.706e+06	9.757e+06	9.629e+06	9.61775e+06	9.60775e+06	
9.725e+06	9.6355e+06	9.7185e+06	9.64425e+06	9.52775e+06	
9.7305e+06	9.66625e+06	9.7475e+06	9.612e+06	9.6645e+06	
9.59825e+06	9.7395e+06	9.665e+06	9.66375e+06	9.60775e+06	
9.60075e+06	9.69975e+06	9.72675e+06	9.614e+06	9.544e+06	
9.6115e+06	9.66125e+06	9.57925e+06	9.57375e+06	9.532e+06	
9.4885e+06	9.541e+06	9.5925e+06	9.42175e+06	9.4445e+06	
9.53575e+06	9.6235e+06	9.70025e+06	9.52325e+06	9.544e+06	
9.655e+06	9.65e+06	9.73625e+06	9.5605e+06	9.5775e+06	
9.47225e+06	9.4785e+06	9.544e+06	9.597e+06	9.53575e+06	
9.587e+06	9.534e+06	9.53075e+06	9.515e+06	9.4665e+06	
9.48175e+06	9.51125e+06	9.362e+06	9.3965e+06	9.32975e+06	
9.403e+06	9.5225e+06	9.3985e+06	9.43825e+06	9.37825e+06	
9.33175e+06	9.4715e+06	9.43875e+06	9.4685e+06	9.46025e+06	
9.3135e+06	9.3885e+06	9.367e+06	9.40975e+06	9.30575e+06	
9.377e+06	9.357e+06	9.4495e+06	9.34125e+06	9.42375e+06	
9.3505e+06	9.40475e+06	9.3965e+06	9.37775e+06	9.232e+06	
9.3165e+06	9.1835e+06	9.38725e+06	9.3885e+06	9.2195e+06	
9.239e+06	9.362e+06	9.38975e+06	9.3985e+06	9.3135e+06	
9.103e+06	9.19675e+06	9.22275e+06	9.1975e+06	9.123e+06	
9.30325e+06	9.365e+06	9.30825e+06	9.24025e+06	9.31025e+06	
9.40475e+06	9.45575e+06	9.35625e+06	9.2825e+06	9.265e+06	
9.268e+06	9.19675e+06	9.35125e+06	9.1855e+06	9.24975e+06	
9.25725e+06	9.19e+06	9.147e+06	9.154e+06	9.17725e+06	
9.2435e+06	9.33925e+06	9.186e+06	9.2315e+06	9.23475e+06	
9.28325e+06	9.30275e+06	9.205e+06	9.2075e+06	9.19425e+06	
9.20375e+06	9.27875e+06	9.23525e+06	9.2295e+06	9.22575e+06	
9.05625e+06	9.159e+06	9.23775e+06	9.09675e+06	9.1225e+06	
9.13e+06	9.1835e+06	9.13075e+06	9.07575e+06	9.05375e+06	
8.95925e+06	9.08025e+06	9.10725e+06	8.94225e+06	9.023e+06	
9.10675e+06	9.1805e+06	9.13825e+06	9.08525e+06	9.086e+06	
9.03175e+06	9.04875e+06	9.1685e+06	9.08975e+06	9.02475e+06	
9.11925e+06	9.09225e+06	9.0185e+06	9.176e+06	9.06525e+06	
8.96675e+06	8.975e+06	9.009e+06	8.94475e+06	8.9265e+06	
8.999e+06	8.96875e+06	8.987e+06	8.93725e+06	8.85525e+06	
8.8975e+06	8.84325e+06	8.84525e+06	8.815e+06	8.815e+06	
8.80925e+06	8.745e+06	8.796e+06	8.77525e+06	8.71675e+06	
8.759e+06	8.8105e+06	8.86225e+06	8.815e+06	8.74825e+06	
8.83775e+06	8.86525e+06	8.78925e+06	8.81375e+06	8.7495e+06	
8.8055e+06	8.866e+06	8.89425e+06	8.86525e+06	8.905e+06	
8.93775e+06	8.93725e+06	8.96925e+06	8.86725e+06	8.86725e+06	
8.9215e+06	9.02925e+06	8.9875e+06	8.8955e+06	8.94925e+06	
8.78525e+06	8.912e+06	8.94925e+06	8.8925e+06	8.82875e+06	
8.99325e+06	8.94025e+06	9.00725e+06	8.80625e+06	8.92275e+06	
8.91825e+06	8.9825e+06	8.97e+06	8.866e+06	8.90125e+06	
8.8395e+06	8.96875e+06	9.01525e+06	8.93775e+06	8.99325e+06	
8.95225e+06	8.98325e+06	9.02425e+06	8.987e+06	8.93225e+06	
8.97e+06	8.92975e+06	8.9145e+06	8.90125e+06	8.912e+06	
8.929e+06	8.9415e+06	8.95225e+06	8.99525e+06	8.88375e+06	
8.977e+06	8.994e+06	8.98375e+06	9.02425e+06	8.91325e+06	
8.94925e+06	8.88875e+06	8.83775e+06	8.81675e+06	8.80925e+06	
8.8465e+06	8.91775e+06	8.929e+06	8.849e+06	8.84775e+06	
8.786e+06	8.8905e+06	8.86275e+06	8.7445e+06	8.8075e+06	
8.83375e+06	8.85025e+06	8.93725e+06	8.79725e+06	8.84025e+06	
8.815e+06	8.6985e+06	8.78275e+06	8.65675e+06	8.69975e+06	
8.71675e+06	8.641e+06	8.68575e+06	8.667e+06	8.52825e+06	
8.70525e+06	8.69975e+06	8.723e+06	8.7115e+06	8.706e+06	
8.57425e+06	8.643e+06	8.59125e+06	8.6605e+06	8.61525e+06	
8.61075e+06	8.57875e+06	8.5655e+06	8.45275e+06	8.50925e+06	
8.314e+06	8.51175e+06	8.54775e+06	8.5175e+06	8.42175e+06	
8.41975e+06	8.44875e+06	8.47275e+06	8.4545e+06	8.40025e+06	
8.4495e+06	8.4105e+06	8.4255e+06	8.537e+06	8.45275e+06	
8.312e+06	8.40975e+06	8.3815e+06	8.425e+06	8.348e+06	
8.421e+06	8.50875e+06	8.353e+06	8.336e+06	8.32525e+06	
8.33975e+06	8.45e+06	8.41975e+06	8.3695e+06	8.31275e+06	
8.355e+06	8.3455e+06	8.40275e+06	8.25975e+06	8.3095e+06	
8.3935e+06	8.40675e+06	8.39525e+06	8.3555e+06	8.37775e+06	
8.3335e+06	8.24775e+06	8.372e+06	8.249e+06	8.275e+06	
8.2725e+06	8.19875e+06	8.19175e+06	8.188e+06	8.13375e+06	
8.11925e+06	8.118e+06	8.19625e+06	8.1635e+06	8.10975e+06	
8.12425e+06	8.13625e+06	8.14075e+06	8.13375e+06	8.079e+06	
8.077e+06	8.15775e+06	8.14825e+06	8.13125e+06	8.1395e+06	
8.10975e+06	8.09475e+06	8.06625e+06	8.089e+06	8.096e+06	
8.09475e+06	8.05125e+06	8.21825e+06	8.04e+06	8.07575e+06	
8.0645e+06	8.02475e+06	8.08775e+06	7.992e+06	8.03225e+06	
8.0065e+06	7.97e+06	8.11425e+06	8.0165e+06	8.04925e+06	
8.10675e+06	8.1155e+06	8.03475e+06	8.04175e+06	7.95475e+06	
7.9025e+06	8.0675e+06	8.009e+06	7.9825e+06	8.01025e+06	
7.987e+06	7.93475e+06	8.01725e+06	7.9415e+06	7.9005e+06	
8.031e+06	7.9415e+06	7.9995e+06	7.91775e+06	7.8395e+06	
7.85075e+06	7.8665e+06	7.9435e+06	7.84825e+06	7.789e+06	
7.9435e+06	7.88225e+06	7.9025e+06	7.90375e+06	7.90575e+06	
7.85775e+06	7.861e+06	7.8635e+06	7.92575e+06	7.89175e+06	
7.8835e+06	7.956e+06	7.92525e+06	7.8975e+06	7.905e+06	
7.9535e+06	8.04375e+06	7.95175e+06	7.8665e+06	7.9485e+06	
7.80675e+06	7.88175e+06	7.7765e+06	7.7575e+06	7.87925e+06	
7.80675e+06	7.84025e+06	7.8755e+06	7.75125e+06	7.80925e+06	
7.745e+06	7.8295e+06	7.79925e+06	7.7865e+06	7.81125e+06	
7.808e+06	7.827e+06	7.70775e+06	7.84525e+06	7.723e+06	
7.87475e+06	7.9245e+06	7.88625e+06	7.815e+06	7.84575e+06	
7.83375e+06	7.8465e+06	7.854e+06	7.81675e+06	7.75325e+06	
7.757e+06	7.711e+06	7.6795e+06	7.718e+06	7.6385e+06	
7.6895e+06	7.85275e+06	7.6385e+06	7.70025e+06	7.74425e+06	
7.68825e+06	7.79225e+06	7.66e+06	7.68325e+06	7.694e+06	
7.81875e+06	7.77975e+06	7.7035e+06	7.69325e+06	7.6e+06	
7.738e+06	7.73925e+06	7.709e+06	7.69525e+06	7.66875e+06	
7.66925e+06	7.626e+06	7.72725e+06	7.70025e+06	7.668e+06	
7.72225e+06	7.75625e+06	7.755e+06	7.685e+06	7.7035e+06	
7.76325e+06	7.74125e+06	7.66125e+06	7.66125e+06	7.59125e+06	
7.6095e+06	7.71475e+06	7.7015e+06	7.68e+06	7.6825e+06	
7.66125e+06	7.71725e+06	7.7085e+06	7.583e+06	7.672e+06	
7.6795e+06	7.64925e+06	7.6115e+06	7.6245e+06	7.62325e+06	
7.55225e+06	7.51125e+06	7.5005e+06	7.5465e+06	7.4445e+06	
7.5755e+06	7.56025e+06	7.522e+06	7.54825e+06	7.4905e+06	
7.52625e+06	7.4425e+06	7.3795e+06	7.45575e+06	7.43425e+06	
7.3845e+06	7.44625e+06	7.45325e+06	7.426e+06	7.43e+06	
7.44e+06	7.40725e+06	7.3555e+06	7.375e+06	7.392e+06	
7.32475e+06	7.365e+06	7.416e+06	7.3915e+06	7.324e+06	
7.242e+06	7.34425e+06	7.33725e+06	7.28625e+06	7.21325e+06	
7.2855e+06	7.3315e+06	7.343e+06	7.278e+06	7.1765e+06	
7.20175e+06	7.283e+06	7.278e+06	7.215e+06	7.23575e+06	
7.271e+06	7.295e+06	7.29075e+06	7.21375e+06	7.19175e+06	
7.1105e+06	7.18975e+06	7.24775e+06	7.1955e+06	7.2105e+06	
7.30825e+06	7.3215e+06	7.26175e+06	7.26725e+06	7.2345e+06	
7.275e+06	7.20425e+06	7.2125e+06	7.19425e+06	7.23275e+06	
7.1595e+06	7.24975e+06	7.21825e+06	7.21825e+06	7.169e+06	
7.25475e+06	7.27175e+06	7.25475e+06	7.18225e+06	7.1785e+06	
7.1685e+06	7.183e+06	7.193e+06	7.2005e+06	7.10975e+06	
7.08825e+06	7.08975e+06	7.15575e+06	7.04875e+06	7.03475e+06	
7.1055e+06	7.09525e+06	7.08575e+06	7.10675e+06	7.077e+06	
7.04425e+06	7.07775e+06	7.019e+06	6.99775e+06	6.99075e+06	
6.987e+06	6.978e+06	6.9605e+06	6.9385e+06	6.99325e+06	
6.9175e+06	7.038e+06	7.00025e+06	6.87925e+06	6.97e+06	
6.9215e+06	6.90425e+06	7.0285e+06	6.932e+06	6.8345e+06	
6.88225e+06	6.89625e+06	6.8545e+06	6.78975e+06	6.854e+06	
6.79475e+06	6.86475e+06	6.91075e+06	6.779e+06	6.82e+06	
6.72725e+06	6.8175e+06	6.80475e+06	6.7645e+06	6.73675e+06	
6.71525e+06	6.7285e+06	6.7525e+06	6.6505e+06	6.70075e+06	
6.69575e+06	6.774e+06	6.772e+06	6.67175e+06	6.72675e+06	
6.651e+06	6.702e+06	6.65475e+06	6.65225e+06	6.605e+06	
6.665e+06	6.63475e+06	6.62075e+06	6.57675e+06	6.573e+06	
6.51675e+06	6.5325e+06	6.56525e+06	6.622e+06	6.539e+06	
6.51925e+06	6.4785e+06	6.5155e+06	6.457e+06	6.47725e+06	
6.496e+06	6.53625e+06	6.47575e+06	6.40225e+06	6.501e+06	
6.5665e+06	6.6e+06	6.5155e+06	6.5395e+06	6.4985e+06	
6.629e+06	6.58225e+06	6.491e+06	6.508e+06	6.46075e+06	
6.6195e+06	6.60825e+06	6.636e+06	6.51925e+06	6.566e+06	
6.56925e+06	6.59875e+06	6.62775e+06	6.48725e+06	6.539e+06	
6.4375e+06	6.581e+06	6.46125e+06	6.5535e+06	6.45375e+06	
6.45375e+06	6.539e+06	6.51425e+06	6.4785e+06	6.46125e+06	
6.49025e+06	6.5035e+06	6.52575e+06	6.50925e+06	6.469e+06	
6.56725e+06	6.55775e+06	6.5125e+06	6.60575e+06	6.5535e+06	
6.556e+06	6.48525e+06	6.51e+06	6.549e+06	6.4865e+06	
6.489e+06	6.57475e+06	6.6045e+06	6.4865e+06	6.47575e+06	
6.4985e+06	6.5295e+06	6.50725e+06	6.5155e+06	6.47075e+06	
6.47025e+06	6.38325e+06	6.50175e+06	6.3965e+06	6.3915e+06	
6.39525e+06	6.4935e+06	6.5325e+06	6.447e+06	6.3315e+06	
6.363e+06	6.3995e+06	6.41275e+06	6.445e+06	6.34975e+06	
6.331e+06	6.32975e+06	6.295e+06	6.3675e+06	6.2975e+06	
6.1475e+06	6.21125e+06	6.1835e+06	6.1715e+06	6.11475e+06	
5.95475e+06	6.06625e+06	6.01075e+06	5.997e+06	5.9175e+06	
5.704e+06	5.80975e+06	5.866e+06	5.67175e+06	5.69e+06	
5.557e+06	5.62575e+06	5.583e+06	5.6005e+06	5.53375e+06	
5.6555e+06	5.58175e+06	5.63525e+06	5.58675e+06	5.5785e+06	
5.70025e+06	5.743e+06	5.6825e+06	5.7045e+06	5.64725e+06	
5.74375e+06	5.74875e+06	5.73475e+06	5.816e+06	5.7625e+06	
5.84e+06	5.89925e+06	5.898e+06	5.8905e+06	5.852e+06	
6.01975e+06	6.12225e+06	6.038e+06	6.0165e+06	6.03725e+06	
5.99075e+06	6.1255e+06	6.10525e+06	6.171e+06	6.08575e+06	
6.109e+06	6.1105e+06	6.1255e+06	6.1185e+06	6.1645e+06	
6.2075e+06	6.21375e+06	6.198e+06	6.11675e+06	6.1425e+06	
6.1905e+06	6.201e+06	6.169e+06	6.2005e+06	6.07e+06	
6.2195e+06	6.19425e+06	6.1885e+06	6.15375e+06	6.1325e+06	
6.259e+06	6.2005e+06	6.26725e+06	6.22575e+06	6.09275e+06	
6.1985e+06	6.25225e+06	6.2445e+06	6.13175e+06	6.205e+06	
6.113e+06	6.2585e+06	6.14375e+06	6.19225e+06	6.17025e+06	
6.10975e+06	6.20425e+06	6.18225e+06	6.251e+06	6.14125e+06	
6.268e+06	6.2515e+06	6.15125e+06	6.09025e+06	6.159e+06	
6.203e+06	6.17025e+06	6.22375e+06	6.19175e+06	6.25225e+06	
6.22825e+06	6.26425e+06	6.244e+06	6.23525e+06	6.17975e+06	
6.18275e+06	6.261e+06	6.19225e+06	6.2565e+06	6.2195e+06	
6.25475e+06	6.278e+06	6.196e+06	6.19925e+06	6.157e+06	
6.07125e+06	6.16775e+06	6.16825e+06	6.1765e+06	6.1355e+06	
6.1375e+06	6.19425e+06	6.16775e+06	6.13675e+06	6.1545e+06	
6.1325e+06	6.14375e+06	6.07075e+06	6.04725e+06	6.05e+06	
6.111e+06	6.07325e+06	6.0865e+06	6.0645e+06	6.09775e+06	
6.1305e+06	6.075e+06	6.17525e+06	6.1445e+06	6.07625e+06	
6.11925e+06	6.10725e+06	6.179e+06	6.14575e+06	6.09975e+06	
6.067e+06	6.12175e+06	6.16525e+06	6.03225e+06	6.07e+06	
6.03925e+06	6.065e+06	6.036e+06	6.07325e+06	6.087e+06	
6.13675e+06	6.10275e+06	6.12925e+06	6.10725e+06	6.04675e+06	
6.0745e+06	6.05675e+06	6.043e+06	6.0575e+06	6.05875e+06	
6.1205e+06	6.033e+06	6.075e+06	6.0795e+06	6.02525e+06	
6.0745e+06	6.0285e+06	6.03675e+06	6.00525e+06	5.99625e+06	
5.9875e+06	5.97875e+06	6.026e+06	6.089e+06	5.946e+06	
6.03725e+06	6.063e+06	6.03475e+06	6.04425e+06	5.95725e+06	
5.9975e+06	6.024e+06	5.983e+06	6.03675e+06	6.0525e+06	
6.004e+06	6.03975e+06	6.009e+06	5.9395e+06	5.94525e+06	
5.94475e+06	5.97425e+06	5.95475e+06	6.06125e+06	5.961e+06	
5.95675e+06	6.05675e+06	6.0915e+06	5.9415e+06	5.9875e+06	
5.9725e+06	6.036e+06	5.888e+06	5.912e+06	5.9415e+06	
5.94525e+06	6.0645e+06	5.97675e+06	5.966e+06	5.98e+06	
6.014e+06	5.99e+06	5.9245e+06	5.99075e+06	5.95525e+06	
5.91375e+06	5.898e+06	5.99825e+06	5.99825e+06	5.8565e+06	
5.87775e+06	5.90925e+06	5.9855e+06	5.9345e+06	5.8935e+06	
5.87225e+06	5.90375e+06	5.87275e+06	5.91125e+06	5.9145e+06	
5.86325e+06	5.84875e+06	5.86525e+06	5.91325e+06	5.84575e+06	
5.874e+06	5.891e+06	5.86075e+06	5.86325e+06	5.74875e+06	
5.84125e+06	5.883e+06	5.8445e+06	5.862e+06	5.80675e+06	
5.79975e+06	5.823e+06	5.80925e+06	5.87225e+06	5.71275e+06	
5.7625e+06	5.82125e+06	5.85275e+06	5.728e+06	5.81675e+06	
5.84125e+06	5.847e+06	5.82e+06	5.8085e+06	5.79725e+06	
5.789e+06	5.864e+06	5.84125e+06	5.89175e+06	5.716e+06	
5.75125e+06	5.8425e+06	5.876e+06	5.80675e+06	5.79025e+06	
5.83875e+06	5.772e+06	5.84075e+06	5.7675e+06	5.79525e+06	
5.74425e+06	5.89875e+06	5.81725e+06	5.78525e+06	5.77125e+06	
5.79525e+06	5.77125e+06	5.76075e+06	5.7425e+06	5.74925e+06	
5.736e+06	5.789e+06	5.794e+06	5.74625e+06	5.716e+06	
5.7625e+06	5.75175e+06	5.782e+06	5.66925e+06	5.65475e+06	
5.80025e+06	5.753e+06	5.787e+06	5.70275e+06	5.66875e+06	
5.74175e+06	5.7795e+06	5.7215e+06	5.69375e+06	5.6945e+06	
5.699e+06	5.68075e+06	5.70075e+06	5.685e+06	5.661e+06	
5.73725e+06	5.7045e+06	5.6605e+06	5.668e+06	5.61625e+06	
5.612e+06	5.685e+06	5.73925e+06	5.66625e+06	5.59125e+06	
5.6245e+06	5.6895e+06	5.685e+06	5.66925e+06	5.6825e+06	
5.67875e+06	5.63325e+06	5.7065e+06	5.612e+06	5.661e+06	
5.67875e+06	5.72475e+06	5.634e+06	5.67425e+06	5.6585e+06	
5.67125e+06	5.61825e+06	5.67925e+06	5.5885e+06	5.6775e+06	
5.653e+06	5.67425e+06	5.63325e+06	5.5175e+06	5.5805e+06	
5.5785e+06	5.62825e+06	5.5685e+06	5.61825e+06	5.629e+06	
5.617e+06	5.6145e+06	5.5805e+06	5.6215e+06	5.6045e+06	
5.54125e+06	5.646e+06	5.6485e+06	5.52e+06	5.55525e+06	
5.54775e+06	5.54525e+06	5.632e+06	5.56275e+06	5.557e+06	
5.5445e+06	5.56525e+06	5.62325e+06	5.58175e+06	5.50975e+06	
5.477e+06	5.56025e+06	5.51625e+06	5.443e+06	5.491e+06	
5.523e+06	5.5155e+06	5.57425e+06	5.54125e+06	5.59375e+06	
5.51925e+06	5.4795e+06	5.52375e+06	5.5375e+06	5.564e+06	
5.53e+06	5.57025e+06	5.5635e+06	5.477e+06	5.4765e+06	
5.4045e+06	5.5225e+06	5.43675e+06	5.465e+06	5.4885e+06	
5.448e+06	5.452e+06	5.43475e+06	5.46775e+06	5.47025e+06	
5.46575e+06	5.4935e+06	5.40325e+06	5.34275e+06	5.39275e+06	
5.50175e+06	5.47825e+06	5.4475e+06	5.43425e+06	5.31525e+06	
5.42675e+06	5.36125e+06	5.44675e+06	5.37125e+06	5.35175e+06	
5.33475e+06	5.341e+06	5.36875e+06	5.32575e+06	5.2735e+06	
5.295e+06	5.3585e+06	5.31825e+06	5.33225e+06	5.36e+06	
5.276e+06	5.29625e+06	5.26725e+06	5.32025e+06	5.237e+06	
5.29125e+06	5.2785e+06	5.3145e+06	5.25025e+06	5.24325e+06	
5.322e+06	5.307e+06	5.32825e+06	5.22625e+06	5.28425e+06	
5.24825e+06	5.2325e+06	5.28925e+06	5.16575e+06	5.249e+06	
5.198e+06	5.1935e+06	5.23775e+06	5.20925e+06	5.19425e+06	
5.1495e+06	5.1835e+06	5.126e+06	5.18525e+06	5.13625e+06	
4.97175e+06	4.9945e+06	4.9775e+06	4.97675e+06	4.891e+06	
4.598e+06	4.61075e+06	4.649e+06	4.6195e+06	4.6145e+06	
4.4045e+06	4.36925e+06	4.385e+06	4.40525e+06	4.3195e+06	
4.198e+06	4.3045e+06	4.27475e+06	4.27425e+06	4.2175e+06	
4.24075e+06	4.26275e+06	4.27675e+06	4.3e+06	4.19475e+06	
4.25025e+06	4.35475e+06	4.3385e+06	4.2755e+06	4.288e+06	
4.344e+06	4.3995e+06	4.365e+06	4.31825e+06	4.24525e+06	
4.34975e+06	4.42025e+06	4.2905e+06	4.3385e+06	4.32075e+06	
4.29925e+06	4.28675e+06	4.32775e+06	4.2855e+06	4.31375e+06	
4.40025e+06	4.35425e+06	4.3535e+06	4.3075e+06	4.2925e+06	
4.402e+06	4.36225e+06	4.32025e+06	4.324e+06	4.38075e+06	
4.3635e+06	4.36625e+06	4.4695e+06	4.353e+06	4.4045e+06	
4.42675e+06	4.38875e+06	4.41225e+06	4.41475e+06	4.397e+06	
4.3965e+06	4.511e+06	4.445e+06	4.36675e+06	4.41525e+06	
4.438e+06	4.54e+06	4.45375e+06	4.5395e+06	4.44625e+06	
4.48075e+06	4.4845e+06	4.49275e+06	4.49475e+06	4.3995e+06	
4.528e+06	4.465e+06	4.58975e+06	4.52675e+06	4.45425e+06	
4.57475e+06	4.55075e+06	4.545e+06	4.5515e+06	4.54125e+06	
4.639e+06	4.61825e+06	4.52625e+06	4.52375e+06	4.52375e+06	
4.506e+06	4.591e+06	4.54825e+06	4.55075e+06	4.53825e+06	
4.47575e+06	4.552e+06	4.56775e+06	4.499e+06	4.50225e+06	
4.4645e+06	4.47075e+06	4.46375e+06	4.52175e+06	4.4095e+06	
4.46375e+06	4.37875e+06	4.43975e+06	4.433e+06	4.4355e+06	
4.46825e+06	4.46625e+06	4.4845e+06	4.39775e+06	4.37e+06	
4.43925e+06	4.4455e+06	4.47325e+06	4.44425e+06	4.41525e+06	
4.3675e+06	4.43725e+06	4.44125e+06	4.4045e+06	4.3705e+06	
4.431e+06	4.4255e+06	4.42475e+06	4.34525e+06	4.419e+06	
4.411e+06	4.402e+06	4.361e+06	4.37375e+06	4.36625e+06	
4.3775e+06	4.37425e+06	4.44875e+06	4.414e+06	4.3295e+06	
4.4475e+06	4.414e+06	4.49725e+06	4.42975e+06	4.40525e+06	
4.477e+06	4.4505e+06	4.49275e+06	4.4255e+06	4.4385e+06	
4.5155e+06	4.54625e+06	4.50725e+06	4.445e+06	4.41475e+06	
4.528e+06	4.41525e+06	4.45e+06	4.431e+06	4.41725e+06	
4.472e+06	4.55025e+06	4.407e+06	4.528e+06	4.41275e+06	
4.45175e+06	4.45125e+06	4.416e+06	4.45175e+06	4.472e+06	
4.368e+06	4.3875e+06	4.45175e+06	4.41525e+06	4.4765e+06	
4.37875e+06	4.46575e+06	4.329e+06	4.39775e+06	4.3965e+06	
4.31075e+06	4.322e+06	4.33475e+06	4.27975e+06	4.3095e+06	
4.3025e+06	4.25575e+06	4.2855e+06	4.32325e+06	4.2275e+06	
4.27975e+06	4.26475e+06	4.31625e+06	4.25975e+06	4.27975e+06	
4.28875e+06	4.249e+06	4.198e+06	4.26525e+06	4.18775e+06	
4.2205e+06	4.21125e+06	4.19475e+06	4.19475e+06	4.184e+06	
4.1715e+06	4.1545e+06	4.17075e+06	4.21675e+06	4.20225e+06	
4.13875e+06	4.1165e+06	4.14625e+06	4.15375e+06	4.1525e+06	
4.1335e+06	4.1865e+06	4.128e+06	4.0895e+06	3.99875e+06	
4.196e+06	4.15825e+06	4.11275e+06	4.131e+06	4.109e+06	
4.0725e+06	4.03975e+06	4.09325e+06	4.0995e+06	4.04675e+06	
4.1185e+06	4.058e+06	4.06875e+06	4.092e+06	4.04025e+06	
4.02275e+06	4.03275e+06	4.04025e+06	4.02775e+06	4.02325e+06	
4.0165e+06	4.11725e+06	4.089e+06	4.03225e+06	4.046e+06	
4.08e+06	4.138e+06	4.04725e+06	4.106e+06	4.053e+06	
4.051e+06	4.07375e+06	4.08825e+06	4.089e+06	4.051e+06	
4.06675e+06	4.12975e+06	4.07825e+06	4.056e+06	4.077e+06	
4.06425e+06	4.092e+06	4.097e+06	4.15125e+06	4.0265e+06	
4.03475e+06	4.051e+06	4.07325e+06	4.0335e+06	4.05175e+06	
4.11025e+06	4.1065e+06	4.09025e+06	4.11975e+06	4.10325e+06	
4.01275e+06	4.068e+06	4.12725e+06	4.07575e+06	4.0605e+06	
3.9855e+06	3.97675e+06	4.04025e+06	4.03025e+06	3.9855e+06	
4.0045e+06	4.051e+06	3.99175e+06	4.034e+06	4.01575e+06	
3.97175e+06	4.01275e+06	4.02525e+06	3.971e+06	3.95275e+06	
4.03725e+06	4.092e+06	4.002e+06	3.9805e+06	3.9585e+06	
3.9535e+06	3.9875e+06	3.964e+06	3.995e+06	3.98625e+06	
3.97225e+06	4.03225e+06	4.01125e+06	3.99625e+06	3.99875e+06	
3.9325e+06	3.956e+06	3.98675e+06	3.92875e+06	3.94825e+06	
3.9615e+06	3.976e+06	3.94325e+06	4.002e+06	3.976e+06	
3.9225e+06	4.01825e+06	3.973e+06	3.9785e+06	3.9515e+06	
3.9075e+06	3.9295e+06	3.90225e+06	3.9395e+06	3.89225e+06	
3.8615e+06	3.8695e+06	3.92125e+06	3.886e+06	3.90625e+06	
3.9495e+06	3.9125e+06	3.9415e+06	3.9125e+06	3.86325e+06	
3.85575e+06	3.85325e+06	3.857e+06	3.8205e+06	3.794e+06	
3.89925e+06	3.84125e+06	3.91175e+06	3.86825e+06	3.886e+06	
3.9055e+06	3.9635e+06	3.94825e+06	3.83e+06	3.8815e+06	
3.83875e+06	3.83625e+06	3.88975e+06	3.862e+06	3.843e+06	
3.8525e+06	3.88525e+06	3.92625e+06	3.9055e+06	3.838e+06	
3.93375e+06	3.8255e+06	3.86775e+06	3.89475e+06	3.8135e+06	
3.7795e+06	3.86525e+06	3.86025e+06	3.81025e+06	3.83675e+06	
3.8495e+06	3.76e+06	3.85575e+06	3.7675e+06	3.8035e+06	
3.719e+06	3.7655e+06	3.8085e+06	3.77075e+06	3.8115e+06	
3.7915e+06	3.7965e+06	3.78e+06	3.81025e+06	3.70075e+06	
3.69075e+06	3.77125e+06	3.78275e+06	3.69125e+06	3.72525e+06	
3.6995e+06	3.7045e+06	3.73225e+06	3.707e+06	3.69125e+06	
3.73025e+06	3.72975e+06	3.75625e+06	3.6755e+06	3.70375e+06	
3.71575e+06	3.75675e+06	3.7505e+06	3.7065e+06	3.6775e+06	
3.69125e+06	3.70125e+06	3.717e+06	3.673e+06	3.695e+06	
3.7e+06	3.72275e+06	3.71075e+06	3.68675e+06	3.66975e+06	
3.63525e+06	3.67175e+06	3.67675e+06	3.63275e+06	3.586e+06	
3.6485e+06	3.625e+06	3.62325e+06	3.59175e+06	3.61875e+06	
3.57775e+06	3.668e+06	3.6245e+06	3.6315e+06	3.57525e+06	
3.55575e+06	3.5545e+06	3.6125e+06	3.47575e+06	3.54875e+06	
3.52625e+06	3.5615e+06	3.525e+06	3.50525e+06	3.5275e+06	
3.44675e+06	3.48525e+06	3.489e+06	3.46825e+06	3.42225e+06	
3.33525e+06	3.34725e+06	3.36425e+06	3.3345e+06	3.349e+06	
3.2685e+06	3.2175e+06	3.2565e+06	3.2205e+06	3.2205e+06	
3.121e+06	3.143e+06	3.07375e+06	3.07e+06	3.09525e+06	
3.07e+06	3.05475e+06	3.05425e+06	3.048e+06	3.04525e+06	
2.995e+06	2.9925e+06	3.007e+06	2.978e+06	2.99125e+06	
2.96525e+06	2.9125e+06	2.923e+06	2.93125e+06	2.87275e+06	
2.8765e+06	2.806e+06	2.79025e+06	2.811e+06	2.83375e+06	
2.775e+06	2.7915e+06	2.7845e+06	2.82425e+06	2.7675e+06	
2.741e+06	2.7725e+06	2.79825e+06	2.78375e+06	2.726e+06	
2.75225e+06	2.7245e+06	2.7435e+06	2.76175e+06	2.74425e+06	
2.7745e+06	2.7505e+06	2.74925e+06	2.77625e+06	2.719e+06	
2.726e+06	2.79275e+06	2.775e+06	2.76e+06	2.75225e+06	
2.794e+06	2.8135e+06	2.821e+06	2.85125e+06	2.7625e+06	
2.95325e+06	2.9035e+06	2.87575e+06	2.908e+06	2.93075e+06	
3.03075e+06	2.983e+06	3.00875e+06	2.9545e+06	2.9925e+06	
3.00125e+06	3.05475e+06	3.0845e+06	3.08075e+06	3.03775e+06	
3.13475e+06	3.099e+06	3.148e+06	3.08e+06	3.0825e+06	
3.165e+06	3.1505e+06	3.1845e+06	3.12925e+06	3.09775e+06	
3.121e+06	3.07875e+06	3.09125e+06	3.1045e+06	3.0655e+06	
3.09075e+06	3.16125e+06	3.1385e+06	3.08375e+06	3.0825e+06	
3.02525e+06	3.099e+06	3.0415e+06	3.0625e+06	3.01575e+06	
2.93825e+06	2.937e+06	2.95275e+06	2.92625e+06	2.94525e+06	
2.90675e+06	2.89225e+06	2.89425e+06	2.898e+06	2.8985e+06	
2.87825e+06	2.90425e+06	2.92175e+06	2.93075e+06	2.8545e+06	
2.823e+06	2.896e+06	2.86825e+06	2.8575e+06	2.8835e+06	
2.76875e+06	2.8625e+06	2.85e+06	2.83425e+06	2.8035e+06	
2.80075e+06	2.838e+06	2.87775e+06	2.84175e+06	2.7995e+06	
2.843e+06	2.864e+06	2.8645e+06	2.8475e+06	2.78e+06	
2.84675e+06	2.82175e+06	2.881e+06	2.84e+06	2.81725e+06	
2.82675e+06	2.818e+06	2.8355e+06	2.7945e+06	2.80775e+06	
2.86525e+06	2.831e+06	2.85875e+06	2.806e+06	2.809e+06	
2.83425e+06	2.7915e+06	2.85625e+06	2.8715e+06	2.89425e+06	
2.833e+06	2.8305e+06	2.903e+06	2.82475e+06	2.80275e+06	
2.80225e+06	2.845e+06	2.77125e+06	2.748e+06	2.8035e+06	
2.768e+06	2.83425e+06	2.81275e+06	2.78075e+06	2.7625e+06	
2.82225e+06	2.7915e+06	2.80775e+06	2.799e+06	2.81225e+06	
2.82725e+06	2.78825e+06	2.80525e+06	2.809e+06	2.82175e+06	
2.77375e+06	2.77625e+06	2.8035e+06	2.76425e+06	2.814e+06	
2.76175e+06	2.72525e+06	2.797e+06	2.79275e+06	2.7195e+06	
2.76375e+06	2.8135e+06	2.77625e+06	2.76e+06	2.76875e+06	
2.8235e+06	2.84875e+06	2.82425e+06	2.78825e+06	2.82475e+06	
2.831e+06	2.78775e+06	2.78125e+06	2.8185e+06	2.81475e+06	
2.80075e+06	2.826e+06	2.78375e+06	2.763e+06	2.7605e+06	
2.8085e+06	2.79275e+06	2.83225e+06	2.80275e+06	2.8205e+06	
2.7795e+06	2.78e+06	2.81975e+06	2.741e+06	2.7745e+06	
2.799e+06	2.891e+06	2.77575e+06	2.85825e+06	2.7945e+06	
2.8305e+06	2.83425e+06	2.8715e+06	2.86325e+06	2.83875e+06	
2.881e+06	2.915e+06	2.8715e+06	2.8015e+06	2.8645e+06	
2.97025e+06	2.96525e+06	2.9295e+06	2.9225e+06	2.935e+06	
2.94825e+06	2.935e+06	2.92425e+06	2.93325e+06	2.88775e+06	
2.93825e+06	2.95775e+06	2.91875e+06	2.94775e+06	2.884e+06	
2.99675e+06	3.029e+06	3.0245e+06	2.94775e+06	2.959e+06	
3.03225e+06	3.0165e+06	3.03225e+06	2.96225e+06	2.9875e+06	
3.01375e+06	3.034e+06	3.061e+06	2.995e+06	3.0125e+06	
3.08575e+06	3.01125e+06	2.99175e+06	2.99875e+06	3.05675e+06	
3.0215e+06	3e+06	3.04975e+06	3.0165e+06	2.98175e+06	
2.959e+06	3.0215e+06	2.998e+06	3.0465e+06	2.993e+06	
2.99175e+06	3.02775e+06	3.0195e+06	2.993e+06	3.022e+06	
2.98625e+06	2.9545e+06	2.96725e+06	2.97925e+06	2.944e+06	
2.98175e+06	2.99125e+06	3.01325e+06	2.952e+06	2.995e+06	
2.9685e+06	2.93625e+06	2.9615e+06	2.889e+06	2.9085e+06	
2.95525e+06	3.01125e+06	2.96725e+06	2.9545e+06	2.8955e+06	
2.98175e+06	2.99925e+06	2.98425e+06	2.97475e+06	2.89975e+06	
2.96225e+06	2.9275e+06	2.973e+06	2.9805e+06	2.9465e+06	
2.99925e+06	2.971e+06	3.0415e+06	2.983e+06	3.03475e+06	
2.99125e+06	2.95275e+06	2.9805e+06	2.9375e+06	2.97675e+06	
2.92425e+06	2.9835e+06	2.94775e+06	2.9415e+06	2.94325e+06	
2.85325e+06	2.94525e+06	2.93875e+06	2.90725e+06	2.89675e+06	
2.96525e+06	2.932e+06	2.9395e+06	2.87525e+06	2.92e+06	
2.964e+06	2.91925e+06	2.92425e+06	2.92825e+06	2.9125e+06	
2.923e+06	2.90675e+06	2.98625e+06	2.8915e+06	2.89475e+06	
2.91625e+06	2.94575e+06	2.93825e+06	2.9465e+06	2.90925e+06	
2.92625e+06	2.88275e+06	2.93e+06	2.87025e+06	2.8455e+06	
2.942e+06	2.9225e+06	2.872e+06	2.8575e+06	2.91925e+06	
2.906e+06	3.01075e+06	2.9375e+06	2.95725e+06	2.89425e+06	
2.88025e+06	2.90725e+06	2.884e+06	2.93125e+06	2.89025e+06	
2.87975e+06	2.93075e+06	2.898e+06	2.88225e+06	2.93375e+06	
2.843e+06	2.89675e+06	2.93825e+06	2.91175e+06	2.88975e+06	
2.9415e+06	2.908e+06	2.89275e+06	2.89675e+06	2.896e+06	
2.872e+06	2.90175e+06	2.908e+06	2.8495e+06	2.86575e+06	
2.908e+06	2.918e+06	2.9905e+06	2.8985e+06	2.976e+06	
2.9005e+06	2.9835e+06	2.923e+06	2.89675e+06	2.87325e+06	
2.91125e+06	2.9375e+06	2.9635e+06	2.8835e+06	2.93075e+06	
2.9375e+06	2.92175e+06	2.94075e+06	2.88975e+06	2.9515e+06	
2.913e+06	2.906e+06	2.927e+06	2.88775e+06	2.896e+06	
2.8815e+06	2.8915e+06	2.89675e+06	2.91875e+06	2.8625e+06	
2.91925e+06	2.8575e+06	2.91175e+06	2.86075e+06	2.8885e+06	
2.91125e+06	2.90675e+06	2.91175e+06	2.901e+06	2.884e+06	
2.92825e+06	2.96525e+06	2.93825e+06	2.889e+06	2.87325e+06	
2.86e+06	2.9375e+06	2.896e+06	2.845e+06	2.88725e+06	
2.8695e+06	2.87325e+06	2.92125e+06	2.83425e+06	2.83875e+06	
2.8645e+06	2.8915e+06	2.87575e+06	2.87075e+06	2.90725e+06	
2.86575e+06	2.92125e+06	2.87825e+06	2.85325e+06	2.8935e+06	
2.84125e+06	2.8915e+06	2.8865e+06	2.91125e+06	2.91625e+06	
2.84e+06	2.874e+06	2.86825e+06	2.87025e+06	2.8765e+06	
2.8815e+06	2.8305e+06	2.83175e+06	2.816e+06	2.86575e+06	
2.913e+06	2.877e+06	2.867e+06	2.852e+06	2.835e+06	
2.81275e+06	2.8545e+06	2.8885e+06	2.84825e+06	2.84825e+06	
2.87575e+06	2.8545e+06	2.88225e+06	2.78125e+06	2.867e+06	
2.81975e+06	2.8355e+06	2.8115e+06	2.82475e+06	2.81025e+06	
2.79275e+06	2.88225e+06	2.83875e+06	2.799e+06	2.79025e+06	
2.797e+06	2.8235e+06	2.76175e+06	2.777e+06	2.7995e+06	
2.80275e+06	2.806e+06	2.83175e+06	2.7335e+06	2.82175e+06	
2.80775e+06	2.75675e+06	2.792e+06	2.7895e+06	2.74675e+06	
2.77825e+06	2.81275e+06	2.7945e+06	2.78075e+06	2.79775e+06	
2.82925e+06	2.758e+06	2.76125e+06	2.73775e+06	2.74225e+06	
2.772e+06	2.73225e+06	2.78575e+06	2.74025e+06	2.75175e+06	
2.77375e+06	2.79275e+06	2.7655e+06	2.787e+06	2.76675e+06	
2.7775e+06	2.78575e+06	2.73775e+06	2.78575e+06	2.75925e+06	
2.76e+06	2.70825e+06	2.7165e+06	2.697e+06	2.72325e+06	
2.748e+06	2.79525e+06	2.73025e+06	2.77375e+06	2.73225e+06	
2.753e+06	2.7435e+06	2.736e+06	2.72975e+06	2.73525e+06	
2.77575e+06	2.76625e+06	2.726e+06	2.71525e+06	2.7115e+06	
2.7385e+06	2.74225e+06	2.73475e+06	2.75625e+06	2.72275e+06	
2.74475e+06	2.7555e+06	2.7215e+06	2.7145e+06	2.64975e+06	
2.707e+06	2.726e+06	2.75875e+06	2.7e+06	2.7335e+06	
2.66275e+06	2.69625e+06	2.75175e+06	2.72975e+06	2.7045e+06	
2.6705e+06	2.719e+06	2.72275e+06	2.688e+06	2.70125e+06	
2.685e+06	2.72975e+06	2.702e+06	2.7e+06	2.69175e+06	
2.6565e+06	2.68175e+06	2.666e+06	2.664e+06	2.6755e+06	
2.731e+06	2.7555e+06	2.69375e+06	2.6415e+06	2.66975e+06	
2.62075e+06	2.66225e+06	2.6635e+06	2.63775e+06	2.63125e+06	
2.70625e+06	2.68125e+06	2.6755e+06	2.6825e+06	2.64075e+06	
2.67175e+06	2.6415e+06	2.65025e+06	2.65275e+06	2.688e+06	
2.644e+06	2.65775e+06	2.6635e+06	2.61e+06	2.60175e+06	
2.603e+06	2.6225e+06	2.6445e+06	2.64275e+06	2.62875e+06	
2.6445e+06	2.63525e+06	2.613e+06	2.579e+06	2.61125e+06	
2.64975e+06	2.5905e+06	2.6155e+06	2.62625e+06	2.642e+06	
2.55825e+06	2.56575e+06	2.584e+06	2.53875e+06	2.5475e+06	
2.4675e+06	2.472e+06	2.41525e+06	2.46825e+06	2.4625e+06	
2.2615e+06	2.25275e+06	2.24575e+06	2.2375e+06	2.25325e+06	
1.94325e+06	2.017e+06	1.99425e+06	1.9495e+06	1.9545e+06	
1.6635e+06	1.71325e+06	1.70825e+06	1.65975e+06	1.64575e+06	
1.468e+06	1.429e+06	1.4315e+06	1.468e+06	1.4195e+06	
1.2715e+06	1.3125e+06	1.279e+06	1.28925e+06	1.2715e+06	
1.21725e+06	1.209e+06	1.23375e+06	1.194e+06	1.23875e+06	
1.25125e+06	1.23e+06	1.23875e+06	1.247e+06	1.242e+06	
1.29675e+06	1.363e+06	1.33775e+06	1.3655e+06	1.332e+06	
1.47125e+06	1.4795e+06	1.414e+06	1.4575e+06	1.453e+06	
1.50025e+06	1.49525e+06	1.48775e+06	1.49025e+06	1.475e+06	
1.4655e+06	1.49775e+06	1.485e+06	1.47375e+06	1.49775e+06	
1.4625e+06	1.497e+06	1.51925e+06	1.46375e+06	1.4825e+06	
1.47125e+06	1.49525e+06	1.4575e+06	1.485e+06	1.48e+06	
1.4775e+06	1.4655e+06	1.45925e+06	1.477e+06	1.446e+06	
1.46925e+06	1.51225e+06	1.48075e+06	1.5035e+06	1.49575e+06	
1.518e+06	1.55625e+06	1.54625e+06	1.48775e+06	1.51225e+06	
1.593e+06	1.6005e+06	1.5495e+06	1.572e+06	1.54375e+06	
1.66275e+06	1.66725e+06	1.62575e+06	1.64575e+06	1.6205e+06	
1.7075e+06	1.75225e+06	1.7125e+06	1.68625e+06	1.69925e+06	
1.7555e+06	1.79575e+06	1.7585e+06	1.75725e+06	1.77625e+06	
1.80725e+06	1.833e+06	1.84425e+06	1.89275e+06	1.787e+06	
1.879e+06	1.86625e+06	1.88075e+06	1.89475e+06	1.8745e+06	
1.97025e+06	1.988e+06	1.9835e+06	2.00875e+06	1.947e+06	
2.02325e+06	2.02525e+06	2.0435e+06	2.0465e+06	2.04525e+06	
2.114e+06	2.06875e+06	2.0775e+06	2.0895e+06	2.1065e+06	
2.145e+06	2.19025e+06	2.15175e+06	2.15875e+06	2.1235e+06	
2.1985e+06	2.201e+06	2.19775e+06	2.18975e+06	2.15425e+06	
2.19725e+06	2.2425e+06	2.22925e+06	2.22925e+06	2.23625e+06	
2.283e+06	2.26775e+06	2.24625e+06	2.28725e+06	2.2615e+06	
2.27525e+06	2.298e+06	2.2595e+06	2.252e+06	2.26025e+06	
2.2885e+06	2.286e+06	2.30175e+06	2.264e+06	2.3055e+06	
2.32125e+06	2.28475e+06	2.334e+06	2.274e+06	2.24625e+06	
2.283e+06	2.30675e+06	2.29425e+06	2.288e+06	2.2835e+06	
2.30425e+06	2.27525e+06	2.291e+06	2.322e+06	2.281e+06	
2.30175e+06	2.28025e+06	2.32825e+06	2.26775e+06	2.3005e+06	
2.29875e+06	2.3415e+06	2.325e+06	2.25075e+06	2.327e+06	
2.28475e+06	2.3585e+06	2.28475e+06	2.3605e+06	2.281e+06	
2.337e+06	2.3365e+06	2.29875e+06	2.3055e+06	2.33275e+06	
2.3075e+06	2.3195e+06	2.296e+06	2.2935e+06	2.28975e+06	
2.30625e+06	2.29425e+06	2.30425e+06	2.29175e+06	2.279e+06	
2.296e+06	2.26575e+06	2.27275e+06	2.2595e+06	2.305e+06	
2.2765e+06	2.264e+06	2.32825e+06	2.2765e+06	2.27225e+06	
2.2685e+06	2.30375e+06	2.26325e+06	2.27025e+06	2.28025e+06	
2.2475e+06	2.2685e+06	2.2255e+06	2.2835e+06	2.254e+06	
2.26975e+06	2.2545e+06	2.271e+06	2.2445e+06	2.23425e+06	
2.20025e+06	2.276e+06	2.303e+06	2.27025e+06	2.2565e+06	
2.27225e+06	2.2445e+06	2.2375e+06	2.2255e+06	2.2325e+06	
2.19525e+06	2.24575e+06	2.23575e+06	2.2035e+06	2.2425e+06	
2.22375e+06	2.218e+06	2.233e+06	2.2255e+06	2.199e+06	
2.1845e+06	2.20475e+06	2.208e+06	2.196e+06	2.191e+06	
2.165e+06	2.233e+06	2.1985e+06	2.20975e+06	2.1575e+06	
2.1555e+06	2.2185e+06	2.23125e+06	2.1965e+06	2.162e+06	
2.223e+06	2.20025e+06	2.25075e+06	2.2155e+06	2.22875e+06	
2.18275e+06	2.20925e+06	2.1965e+06	2.20025e+06	2.182e+06	
2.19725e+06	2.206e+06	2.2255e+06	2.21925e+06	2.2155e+06	
2.2015e+06	2.1725e+06	2.2445e+06	2.20225e+06	2.218e+06	
2.15125e+06	2.16125e+06	2.165e+06	2.12525e+06	2.1555e+06	
2.1475e+06	2.15625e+06	2.1675e+06	2.1525e+06	2.17125e+06	
2.17e+06	2.1745e+06	2.16075e+06	2.1725e+06	2.1845e+06	
2.19725e+06	2.20025e+06	2.1725e+06	2.13175e+06	2.14875e+06	
2.1355e+06	2.1385e+06	2.16075e+06	2.19225e+06	2.112e+06	
2.16575e+06	2.18075e+06	2.17525e+06	2.1525e+06	2.16375e+06	
2.1385e+06	2.18975e+06	2.1475e+06	2.1335e+06	2.1115e+06	
2.1525e+06	2.15175e+06	2.1575e+06	2.14625e+06	2.15175e+06	
2.15425e+06	2.184e+06	2.15875e+06	2.17325e+06	2.16075e+06	
2.13475e+06	2.1745e+06	2.1725e+06	2.11775e+06	2.11725e+06	
2.1475e+06	2.165e+06	2.1675e+06	2.13975e+06	2.099e+06	
2.1265e+06	2.109e+06	2.15e+06	2.1595e+06	2.10275e+06	
2.08325e+06	2.12025e+06	2.12975e+06	2.114e+06	2.11025e+06	
2.17825e+06	2.12275e+06	2.119e+06	2.17e+06	2.1915e+06	
2.126e+06	2.1065e+06	2.13225e+06	2.12725e+06	2.102e+06	
2.09825e+06	2.14875e+06	2.12225e+06	2.121e+06	2.153e+06	
2.13675e+06	2.1165e+06	2.15875e+06	2.09775e+06	2.102e+06	
2.09125e+06	2.09575e+06	2.11075e+06	2.0675e+06	2.08575e+06	
2.06175e+06	2.107e+06	2.1215e+06	2.08575e+06	2.066e+06	
2.13175e+06	2.0825e+06	2.13725e+06	2.12475e+06	2.097e+06	
2.09775e+06	2.08375e+06	2.09325e+06	2.066e+06	2.107e+06	
2.0875e+06	2.1215e+06	2.1305e+06	2.08175e+06	2.078e+06	
2.11275e+06	2.08125e+06	2.0725e+06	2.10825e+06	2.0925e+06	
2.07925e+06	2.07675e+06	2.109e+06	2.0675e+06	2.10275e+06	
2.10025e+06	2.07925e+06	2.0995e+06	2.07925e+06	2.039e+06	
2.08575e+06	2.10275e+06	2.066e+06	2.07e+06	2.0995e+06	
2.0705e+06	2.08125e+06	2.068e+06	2.0515e+06	2.09e+06	
2.063e+06	2.05475e+06	2.04275e+06	2.046e+06	2.068e+06	
2.063e+06	2.05675e+06	2.051e+06	2.0805e+06	2.03275e+06	
2.04525e+06	2.0125e+06	2.04025e+06	2.02e+06	2.06175e+06	
2.0295e+06	2.0265e+06	2.06225e+06	2.0705e+06	2.039e+06	
2.0245e+06	2.02325e+06	2.0385e+06	1.99375e+06	2.01875e+06	
1.988e+06	2.0465e+06	2.03325e+06	1.99175e+06	2.03075e+06	
1.9805e+06	2.0125e+06	1.99425e+06	2.012e+06	1.993e+06	
1.99675e+06	1.99175e+06	1.94525e+06	2.017e+06	1.96725e+06	
1.96975e+06	1.97725e+06	1.99625e+06	1.95525e+06	1.98725e+06	
1.98475e+06	1.9855e+06	1.988e+06	1.94825e+06	1.96225e+06	
1.97275e+06	1.971e+06	1.978e+06	1.937e+06	1.96275e+06	
1.9615e+06	1.9565e+06	1.9545e+06	1.92425e+06	1.98425e+06	
1.9595e+06	1.9395e+06	1.9665e+06	1.937e+06	1.93875e+06	
1.9515e+06	1.911e+06	1.9785e+06	1.95025e+06	1.93625e+06	
1.925e+06	1.969e+06	1.911e+06	1.91175e+06	1.9275e+06	
1.906e+06	1.9295e+06	1.90475e+06	1.93375e+06	1.9135e+06	
1.9345e+06	1.908e+06	1.906e+06	1.974e+06	1.937e+06	
1.911e+06	1.9465e+06	1.90425e+06	1.959e+06	1.9395e+06	
1.91175e+06	1.93575e+06	1.92675e+06	1.86075e+06	1.91925e+06	
1.925e+06	1.9055e+06	1.8765e+06	1.89725e+06	1.88075e+06	
1.87775e+06	1.8885e+06	1.86075e+06	1.89525e+06	1.869e+06	
1.87075e+06	1.88275e+06	1.91925e+06	1.879e+06	1.88475e+06	
1.8675e+06	1.889e+06	1.85825e+06	1.89025e+06	1.891e+06	
1.8695e+06	1.86125e+06	1.89225e+06	1.845e+06	1.86325e+06	
1.88475e+06	1.86625e+06	1.84925e+06	1.8885e+06	1.84125e+06	
1.84e+06	1.85125e+06	1.855e+06	1.884e+06	1.8405e+06	
1.802e+06	1.87775e+06	1.8745e+06	1.8835e+06	1.85575e+06	
1.85125e+06	1.8885e+06	1.8715e+06	1.8675e+06	1.855e+06	
1.86325e+06	1.87825e+06	1.85175e+06	1.80975e+06	1.85e+06	
1.8645e+06	1.87575e+06	1.857e+06	1.85125e+06	1.838e+06	
1.86625e+06	1.87075e+06	1.87275e+06	1.82025e+06	1.86375e+06	
1.8135e+06	1.831e+06	1.81775e+06	1.79325e+06	1.80325e+06	
1.80775e+06	1.84375e+06	1.84675e+06	1.85e+06	1.758e+06	
1.83225e+06	1.81225e+06	1.7825e+06	1.79825e+06	1.82225e+06	
1.8165e+06	1.7655e+06	1.79525e+06	1.7725e+06	1.855e+06	
1.82025e+06	1.8135e+06	1.8045e+06	1.80075e+06	1.80275e+06	
1.81525e+06	1.82675e+06	1.84e+06	1.8115e+06	1.7825e+06	
1.792e+06	1.84175e+06	1.8455e+06	1.80725e+06	1.809e+06	
1.81975e+06	1.8085e+06	1.831e+06	1.82025e+06	1.82725e+06	
1.7625e+06	1.76625e+06	1.80975e+06	1.7945e+06	1.816e+06	
1.77425e+06	1.80025e+06	1.78575e+06	1.78375e+06	1.787e+06	
1.77825e+06	1.8015e+06	1.797e+06	1.79525e+06	1.7845e+06	
1.7705e+06	1.77375e+06	1.81725e+06	1.7705e+06	1.804e+06	
1.74675e+06	1.756e+06	1.746e+06	1.7165e+06	1.74275e+06	
1.74675e+06	1.712e+06	1.77425e+06	1.744e+06	1.7485e+06	
1.75675e+06	1.71375e+06	1.765e+06	1.71075e+06	1.71125e+06	
1.7245e+06	1.7145e+06	1.73275e+06	1.734e+06	1.74525e+06	
1.746e+06	1.72825e+06	1.7e+06	1.74975e+06	1.71325e+06	
1.7215e+06	1.712e+06	1.698e+06	1.74525e+06	1.698e+06	
1.71e+06	1.729e+06	1.7075e+06	1.71775e+06	1.73725e+06	
1.7025e+06	1.719e+06	1.6835e+06	1.73475e+06	1.7e+06	
1.676e+06	1.685e+06	1.678e+06	1.71375e+06	1.678e+06	
1.66275e+06	1.6755e+06	1.712e+06	1.67475e+06	1.69675e+06	
1.676e+06	1.69875e+06	1.7145e+06	1.69175e+06	1.69675e+06	
1.68175e+06	1.65325e+06	1.70075e+06	1.6465e+06	1.6635e+06	
1.654e+06	1.68225e+06	1.6925e+06	1.70625e+06	1.67175e+06	
1.66975e+06	1.64525e+06	1.65275e+06	1.6835e+06	1.664e+06	
1.635e+06	1.6805e+06	1.656e+06	1.644e+06	1.64575e+06	
1.642e+06	1.65325e+06	1.65975e+06	1.65475e+06	1.647e+06	
1.681e+06	1.65975e+06	1.66275e+06	1.652e+06	1.63325e+06	
1.66225e+06	1.65775e+06	1.68925e+06	1.64575e+06	1.652e+06	
1.6705e+06	1.6905e+06	1.6805e+06	1.6685e+06	1.6685e+06	
1.65775e+06	1.69425e+06	1.63075e+06	1.6785e+06	1.64075e+06	
1.63375e+06	1.67725e+06	1.6665e+06	1.66025e+06	1.64025e+06	
1.62825e+06	1.6125e+06	1.6275e+06	1.6415e+06	1.6295e+06	
1.66775e+06	1.6615e+06	1.632e+06	1.63825e+06	1.6415e+06	
1.63375e+06	1.61625e+06	1.64775e+06	1.60675e+06	1.618e+06	
1.6615e+06	1.63075e+06	1.60925e+06	1.60925e+06	1.6205e+06	
1.6295e+06	1.61875e+06	1.60425e+06	1.59975e+06	1.58475e+06	
1.65325e+06	1.591e+06	1.62875e+06	1.59425e+06	1.60475e+06	
1.615e+06	1.59675e+06	1.606e+06	1.6445e+06	1.63075e+06	
1.6155e+06	1.579e+06	1.58475e+06	1.56325e+06	1.57525e+06	
1.569e+06	1.57775e+06	1.591e+06	1.5545e+06	1.6245e+06	
1.58225e+06	1.56275e+06	1.615e+06	1.57325e+06	1.552e+06	
1.574e+06	1.57025e+06	1.56775e+06	1.57725e+06	1.58725e+06	
1.55075e+06	1.567e+06	1.564e+06	1.562e+06	1.5575e+06	
1.53625e+06	1.5355e+06	1.53925e+06	1.53125e+06	1.5475e+06	
1.518e+06	1.54375e+06	1.545e+06	1.533e+06	1.552e+06	
1.55075e+06	1.535e+06	1.5205e+06	1.5235e+06	1.52675e+06	
1.5255e+06	1.5325e+06	1.5525e+06	1.509e+06	1.514e+06	
1.50725e+06	1.518e+06	1.4915e+06	1.528e+06	1.492e+06	
1.4825e+06	1.5235e+06	1.52925e+06	1.523e+06	1.49325e+06	
1.5135e+06	1.4485e+06	1.506e+06	1.49075e+06	1.50275e+06	
1.516e+06	1.4945e+06	1.501e+06	1.4825e+06	1.485e+06	
1.4745e+06	1.4745e+06	1.4795e+06	1.46e+06	1.46875e+06	
1.434e+06	1.43025e+06	1.451e+06	1.44675e+06	1.468e+06	
1.434e+06	1.41075e+06	1.4385e+06	1.39e+06	1.412e+06	
1.436e+06	1.40825e+06	1.417e+06	1.388e+06	1.42025e+06	
1.35025e+06	1.38875e+06	1.38925e+06	1.39e+06	1.39875e+06	
1.37725e+06	1.3635e+06	1.38e+06	1.3735e+06	1.4095e+06	
1.3445e+06	1.36025e+06	1.34275e+06	1.366e+06	1.344e+06	
1.322e+06	1.36025e+06	1.334e+06	1.35275e+06	1.32075e+06	
1.32875e+06	1.349e+06	1.34575e+06	1.3025e+06	1.3175e+06	
1.334e+06	1.308e+06	1.31425e+06	1.334e+06	1.3105e+06	
1.30875e+06	1.29175e+06	1.31e+06	1.3195e+06	1.317e+06	
1.31e+06	1.296e+06	1.276e+06	1.255e+06	1.27275e+06	
1.286e+06	1.2935e+06	1.26525e+06	1.26575e+06	1.27025e+06	
1.27275e+06	1.27525e+06	1.313e+06	1.29725e+06	1.30625e+06	
1.30675e+06	1.284e+06	1.3025e+06	1.27775e+06	1.2955e+06	
1.298e+06	1.276e+06	1.27225e+06	1.2935e+06	1.31e+06	
1.262e+06	1.26775e+06	1.26275e+06	1.29425e+06	1.2425e+06	
1.2525e+06	1.2815e+06	1.26025e+06	1.2765e+06	1.26775e+06	
1.25125e+06	1.27275e+06	1.2905e+06	1.27475e+06	1.24e+06	
1.29725e+06	1.26075e+06	1.281e+06	1.2525e+06	1.2715e+06	
1.288e+06	1.3105e+06	1.2885e+06	1.2715e+06	1.2885e+06	
1.26325e+06	1.2565e+06	1.274e+06	1.267e+06	1.2765e+06	
1.284e+06	1.26575e+06	1.28275e+06	1.28225e+06	1.29925e+06	
1.31375e+06	1.30175e+06	1.2815e+06	1.2935e+06	1.288e+06	
1.31875e+06	1.3105e+06	1.31425e+06	1.33575e+06	1.31e+06	
1.32825e+06	1.3155e+06	1.36225e+06	1.33125e+06	1.3445e+06	
1.308e+06	1.3565e+06	1.30875e+06	1.31625e+06	1.32875e+06	
1.32125e+06	1.33325e+06	1.327e+06	1.2835e+06	1.32e+06	
1.3295e+06	1.29725e+06	1.32875e+06	1.313e+06	1.28525e+06	
1.269e+06	1.3005e+06	1.305e+06	1.31175e+06	1.28725e+06	
1.2475e+06	1.2665e+06	1.2355e+06	1.2375e+06	1.26825e+06	
1.19725e+06	1.1695e+06	1.2135e+06	1.19325e+06	1.201e+06	
1.19475e+06	1.18825e+06	1.18775e+06	1.18325e+06	1.1725e+06	
1.13225e+06	1.17875e+06	1.19075e+06	1.19725e+06	1.225e+06	
1.22425e+06	1.206e+06	1.18775e+06	1.21425e+06	1.199e+06	
1.24125e+06	1.24825e+06	1.235e+06	1.269e+06	1.21975e+06	
1.2615e+06	1.26525e+06	1.2735e+06	1.242e+06	1.2445e+06	
1.269e+06	1.305e+06	1.27525e+06	1.2645e+06	1.288e+06	
1.3005e+06	1.305e+06	1.29225e+06	1.2665e+06	1.322e+06	
1.25825e+06	1.28975e+06	1.3005e+06	1.30375e+06	1.28225e+06	
1.2835e+06	1.279e+06	1.25775e+06	1.2835e+06	1.2905e+06	
1.27475e+06	1.269e+06	1.274e+06	1.26325e+06	1.2735e+06	
1.2695e+06	1.286e+06	1.30425e+06	1.27225e+06	1.269e+06	
1.3005e+06	1.296e+06	1.2935e+06	1.267e+06	1.271e+06	
1.29675e+06	1.2695e+06	1.259e+06	1.27775e+06	1.28225e+06	
1.30425e+06	1.286e+06	1.303e+06	1.28275e+06	1.28925e+06	
1.2545e+06	1.24825e+06	1.2495e+06	1.2475e+06	1.259e+06	
1.2305e+06	1.25375e+06	1.24325e+06	1.24075e+06	1.23675e+06	
1.24375e+06	1.225e+06	1.23e+06	1.22675e+06	1.24625e+06	
1.27225e+06	1.22425e+06	1.22675e+06	1.264e+06	1.22175e+06	
1.2205e+06	1.24e+06	1.20725e+06	1.2085e+06	1.213e+06	
1.2155e+06	1.2185e+06	1.24325e+06	1.2525e+06	1.213e+06	
1.211e+06	1.2255e+06	1.21475e+06	1.196e+06	1.2255e+06	
1.24075e+06	1.235e+06	1.23e+06	1.24825e+06	1.25325e+06	
1.2255e+06	1.223e+06	1.2305e+06	1.209e+06	1.2155e+06	
1.23375e+06	1.206e+06	1.2425e+06	1.21675e+06	1.2185e+06	
1.21475e+06	1.2105e+06	1.22225e+06	1.221e+06	1.23875e+06	
1.228e+06	1.21225e+06	1.23875e+06	1.21425e+06	1.23125e+06	
1.2325e+06	1.23e+06	1.23e+06	1.21725e+06	1.2325e+06	
1.221e+06	1.22875e+06	1.201e+06	1.2645e+06	1.255e+06	
1.20275e+06	1.2105e+06	1.21975e+06	1.22175e+06	1.20025e+06	
1.19975e+06	1.225e+06	1.2135e+06	1.20525e+06	1.21925e+06	
1.22225e+06	1.2135e+06	1.204e+06	1.20275e+06	1.21175e+06	
1.21475e+06	1.221e+06	1.211e+06	1.21475e+06	1.21975e+06	
1.19775e+06	1.20025e+06	1.20275e+06	1.20775e+06	1.23875e+06	
1.19075e+06	1.187e+06	1.2135e+06	1.19025e+06	1.19075e+06	
1.221e+06	1.23125e+06	1.2015e+06	1.2185e+06	1.2105e+06	
1.1985e+06	1.22675e+06	1.218e+06	1.20725e+06	1.194e+06	
1.192e+06	1.1965e+06	1.223e+06	1.20475e+06	1.19975e+06	
1.20475e+06	1.196e+06	1.235e+06	1.22625e+06	1.252e+06	
1.22175e+06	1.2235e+06	1.23675e+06	1.20475e+06	1.21175e+06	
1.21675e+06	1.2255e+06	1.21925e+06	1.2255e+06	1.23125e+06	
1.21925e+06	1.218e+06	1.2715e+06	1.225e+06	1.2155e+06	
1.19475e+06	1.2355e+06	1.206e+06	1.21225e+06	1.20725e+06	
1.2185e+06	1.19775e+06	1.2275e+06	1.209e+06	1.2355e+06	
1.1865e+06	1.1965e+06	1.21675e+06	1.21225e+06	1.23675e+06	
1.22175e+06	1.225e+06	1.21425e+06	1.20225e+06	1.209e+06	
1.204e+06	1.25e+06	1.21175e+06	1.2235e+06	1.24e+06	
1.22875e+06	1.221e+06	1.21675e+06	1.22225e+06	1.21475e+06	
1.22425e+06	1.2085e+06	1.20225e+06	1.22425e+06	1.182e+06	
1.20525e+06	1.2155e+06	1.21675e+06	1.23e+06	1.24325e+06	
1.20525e+06	1.225e+06	1.20525e+06	1.206e+06	1.2155e+06	
1.204e+06	1.1985e+06	1.19275e+06	1.199e+06	1.1845e+06	
1.2065e+06	1.194e+06	1.20775e+06	1.2035e+06	1.19475e+06	
1.213e+06	1.1915e+06	1.22625e+06	1.18775e+06	1.1895e+06	
1.23125e+06	1.21225e+06	1.24075e+06	1.21975e+06	1.1985e+06	
1.2035e+06	1.1985e+06	1.20975e+06	1.22175e+06	1.18825e+06	
1.20025e+06	1.18775e+06	1.2035e+06	1.184e+06	1.2185e+06	
1.18025e+06	1.21425e+06	1.22625e+06	1.218e+06	1.221e+06	
1.21475e+06	1.19775e+06	1.189e+06	1.206e+06	1.2035e+06	
1.1725e+06	1.192e+06	1.20725e+06	1.1985e+06	1.1775e+06	
1.20525e+06	1.16875e+06	1.20475e+06	1.199e+06	1.19025e+06	
1.2085e+06	1.16825e+06	1.2155e+06	1.184e+06	1.17375e+06	
1.1895e+06	1.2155e+06	1.19775e+06	1.18325e+06	1.18275e+06	
1.20725e+06	1.21975e+06	1.18525e+06	1.223e+06	1.218e+06	
1.1695e+06	1.19475e+06	1.2035e+06	1.1965e+06	1.21725e+06	
1.201e+06	1.1965e+06	1.1695e+06	1.19275e+06	1.177e+06	
1.1865e+06	1.17e+06	1.16575e+06	1.21675e+06	1.14475e+06	
1.172e+06	1.211e+06	1.17825e+06	1.16875e+06	1.182e+06	
1.1555e+06	1.18075e+06	1.1645e+06	1.1985e+06	1.16825e+06	
1.1505e+06	1.1985e+06	1.17375e+06	1.1815e+06	1.182e+06	
1.1915e+06	1.175e+06	1.177e+06	1.1645e+06	1.167e+06	
1.13725e+06	1.16575e+06	1.14875e+06	1.155e+06	1.17325e+06	
1.20475e+06	1.1525e+06	1.18275e+06	1.1575e+06	1.17075e+06	
1.16625e+06	1.1965e+06	1.1605e+06	1.15375e+06	1.17875e+06	
1.1625e+06	1.1575e+06	1.1575e+06	1.18525e+06	1.206e+06	
1.16625e+06	1.15425e+06	1.15925e+06	1.192e+06	1.16825e+06	
1.16575e+06	1.12975e+06	1.16125e+06	1.13925e+06	1.155e+06	
1.1605e+06	1.17075e+06	1.1505e+06	1.1555e+06	1.175e+06	
1.1815e+06	1.165e+06	1.16875e+06	1.175e+06	1.1525e+06	
1.15675e+06	1.14675e+06	1.15925e+06	1.1505e+06	1.136e+06	
1.16e+06	1.13425e+06	1.13925e+06	1.1455e+06	1.141e+06	
1.17875e+06	1.16825e+06	1.13975e+06	1.153e+06	1.14675e+06	
1.146e+06	1.146e+06	1.14225e+06	1.13975e+06	1.1645e+06	
1.1525e+06	1.14675e+06	1.1675e+06	1.1555e+06	1.16575e+06	
1.148e+06	1.18075e+06	1.163e+06	1.136e+06	1.131e+06	
1.12275e+06	1.172e+06	1.10525e+06	1.0945e+06	1.11575e+06	
1.13725e+06	1.14475e+06	1.114e+06	1.11575e+06	1.109e+06	
1.08175e+06	1.11975e+06	1.10275e+06	1.07375e+06	1.06225e+06	
1.124e+06	1.095e+06	1.09625e+06	1.092e+06	1.10575e+06	
1.1285e+06	1.16e+06	1.09325e+06	1.10575e+06	1.1185e+06	
1.126e+06	1.12025e+06	1.1285e+06	1.119e+06	1.117e+06	
1.11025e+06	1.119e+06	1.138e+06	1.09575e+06	1.0975e+06	
1.119e+06	1.119e+06	1.1095e+06	1.08625e+06	1.11325e+06	
1.09375e+06	1.10575e+06	1.08875e+06	1.109e+06	1.10075e+06	
1.107e+06	1.071e+06	1.12975e+06	1.107e+06	1.08675e+06	
1.10825e+06	1.097e+06	1.1045e+06	1.114e+06	1.109e+06	
1.10075e+06	1.08375e+06	1.112e+06	1.10325e+06	1.10575e+06	
1.1065e+06	1.085e+06	1.10525e+06	1.085e+06	1.09075e+06	
1.0875e+06	1.07925e+06	1.1e+06	1.07375e+06	1.07175e+06	
1.066e+06	1.09125e+06	1.0635e+06	1.066e+06	1.0685e+06	
1.04275e+06	1.05725e+06	1.03325e+06	1.04475e+06	1.051e+06	
1.02375e+06	1.0145e+06	1.008e+06	1.029e+06	1.01125e+06	
1.01075e+06	1.039e+06	1.02375e+06	1.04275e+06	1.0465e+06	
1.03275e+06	1.0685e+06	1.0515e+06	1.0485e+06	1.06475e+06	
1.056e+06	1.0535e+06	1.05725e+06	1.03825e+06	1.03325e+06	
1.0855e+06	1.073e+06	1.08e+06	1.0705e+06	1.05225e+06	
1.0395e+06	1.04775e+06	1.08875e+06	1.04975e+06	1.07375e+06	
1.0725e+06	1.07875e+06	1.061e+06	1.0805e+06	1.07625e+06	
1.078e+06	1.09e+06	1.04975e+06	1.08e+06	1.07925e+06	
1.07375e+06	1.07875e+06	1.0605e+06	1.08875e+06	1.06975e+06	
1.07175e+06	1.06925e+06	1.102e+06	1.083e+06	1.09325e+06	
1.05925e+06	1.0805e+06	1.09375e+06	1.063e+06	1.061e+06	
1.06425e+06	1.07375e+06	1.095e+06	1.0655e+06	1.08875e+06	
1.07175e+06	1.0465e+06	1.102e+06	1.07425e+06	1.05475e+06	
1.104e+06	1.09e+06	1.05925e+06	1.08125e+06	1.0855e+06	
1.0635e+06	1.05725e+06	1.071e+06	1.09325e+06	1.06175e+06	
1.0685e+06	1.068e+06	1.09625e+06	1.08425e+06	1.09625e+06	
1.0535e+06	1.075e+06	1.063e+06	1.063e+06	1.0635e+06	
1.0585e+06	1.051e+06	1.0825e+06	1.066e+06	1.0655e+06	
1.05225e+06	1.07675e+06	1.07875e+06	1.056e+06	1.07175e+06	
1.06725e+06	1.058e+06	1.07875e+06	1.078e+06	1.06475e+06	
1.0585e+06	1.058e+06	1.08e+06	1.07625e+06	1.07375e+06	
1.066e+06	1.0605e+06	1.054e+06	1.0655e+06	1.046e+06	
1.07625e+06	1.02575e+06	1.05925e+06	1.06475e+06	1.05525e+06	
1.04025e+06	1.05975e+06	1.04725e+06	1.07375e+06	1.06475e+06	
1.0605e+06	1.06425e+06	1.04975e+06	1.07425e+06	1.05675e+06	
1.04725e+06	1.05925e+06	1.039e+06	1.05725e+06	1.037e+06	
1.01575e+06	1.07175e+06	1.0435e+06	1.04025e+06	1.0535e+06	
1.06975e+06	1.04075e+06	1.017e+06	1.029e+06	1.034e+06	
1.05675e+06	1.05275e+06	1.0895e+06	1.046e+06	1.04525e+06	
1.05025e+06	1.0295e+06	1.063e+06	1.0195e+06	1.051e+06	
1.054e+06	1.03575e+06	1.03575e+06	1.0365e+06	1.049e+06	
1.066e+06	1.0395e+06	1.06225e+06	1.03775e+06	1.046e+06	
1.0365e+06	1.0345e+06	1.0515e+06	1.027e+06	1.0395e+06	
1.0145e+06	1.02775e+06	1.0295e+06	1.0485e+06	1.039e+06	
1.03275e+06	1.04525e+06	1.025e+06	1.0415e+06	1.0395e+06	
1.04225e+06	1.0295e+06	1.022e+06	1.0485e+06	1.02825e+06	
1.0395e+06	1.00875e+06	1.01375e+06	1.0225e+06	1.012e+06	
994250	986000	981750	1.0225e+06	998750	
992250	979750	981000	993000	975250	
977250	973500	983500	962750	966000	
1.00125e+06	960750	977250	989250	969000	
973500	976500	977750	974750	978500	
982250	1.01325e+06	992250	987250	993000	
996250	976000	1.00425e+06	995500	986750	
1.00375e+06	1.003e+06	1.0145e+06	1.00675e+06	1.00175e+06	
1.003e+06	1.00175e+06	1.0075e+06	997500	993500	
977750	1.00625e+06	1.008e+06	988500	981750	
981000	1.0195e+06	1.0025e+06	997500	974000	
983000	977750	996250	983000	996250	
969000	1.00175e+06	994750	982250	992250	
1.0055e+06	1.00125e+06	1e+06	996250	999250	
1.01575e+06	988000	1.0055e+06	981750	989750	
970250	984750	1.00625e+06	997500	1.0025e+06	
1.00175e+06	986750	983000	998000	975250	
998750	997500	955750	984750	1.00375e+06	
993000	985500	1.01625e+06	1.00425e+06	974750	
990500	971500	989250	978500	988500	
993000	989750	988000	1.00125e+06	978500	
1e+06	983500	977750	957750	995500	
984250	971000	986750	968500	983000	
959000	969000	988000	962000	979750	
986750	987250	1.0025e+06	952750	962750	
988000	959500	986750	969000	975250	
960750	951500	959000	942500	994250	
977250	951500	983500	965250	976500	
972250	957000	966500	968500	959500	
984750	981000	953250	966500	972750	
975250	968500	984750	967250	999250	
959000	972250	1.01375e+06	961500	962000	
952000	963250	966500	961500	967250	
982250	940750	950750	967750	942000	
963250	945000	942500	935750	948750	
971500	932500	967250	938250	939500	
967250	942000	959000	948250	945750	
940750	948750	958250	954500	929250	
955750	940000	960250	946250	940750	
961500	942500	954000	931250	923000	
957000	950250	947000	951500	924250	
925500	939500	943250	943750	941250	
938750	929250	938750	958250	949500	
952750	948750	941250	943250	922500	
940750	935000	929250	929250	933750	
958250	931250	947000	948250	933000	
926250	930500	955250	931750	924250	
925500	925500	904250	932500	937000	
927500	916750	933000	930000	923750	
908500	938750	933000	919250	940750	
907250	921750	926750	947500	927500	
908000	920000	909750	930500	920500	
909750	917250	915500	952750	901500	
908500	916750	932500	917250	924250	
926750	899000	942500	901500	912250	
917250	929250	910500	899750	898500	
925000	914750	903500	909750	893500	
941250	908500	916000	925000	911750	
906750	905500	897250	898500	905500	
886500	913000	918750	920500	896000	
899750	937000	914750	899750	920500	
901000	922500	899000	907250	901500	
925500	905500	895250	928750	914250	
909250	904750	903500	904250	882000	
916750	914750	899000	889750	923000	
894750	895250	891000	902250	897250	
921750	872000	895250	923750	909250	
887000	891000	911000	881500	902750	
875250	904750	872500	880250	904750	
886500	883250	891500	882000	893500	
908500	888500	892750	888500	887000	
881500	864500	888500	881500	865000	
896000	867500	858750	868750	897250	
880750	874500	888500	875750	897250	
872500	872500	876500	882000	882750	
860000	879000	879500	886500	854250	
872500	872000	858750	872500	868250	
856250	859500	884000	866250	875750	
862500	859500	877750	879000	855500	
850500	868250	875250	887000	849250	
867000	880250	870750	857500	884500	
856750	865750	881500	870750	851250	
867500	873250	872500	858750	862500	
868250	860750	874500	852500	862500	
887750	863750	869500	869500	853000	
874500	864500	882750	854250	863250	
863250	866250	843750	841000	822250	
860750	858750	872000	865000	831750	
863750	868750	829250	863250	846750	
864500	839750	850500	854250	868750	
825250	830500	841750	850500	846250	
853750	862500	839750	822250	840500	
839750	838500	854250	845500	840500	
850000	841000	849250	860000	822750	
840500	849250	851250	829250	834750	
833500	860000	836750	831000	841000	
829750	825250	828000	819000	833500	
821500	814750	826500	826000	810750	
811500	833500	807750	819000	807000	
824750	780000	823500	809000	814000	
805750	826500	812750	833500	817250	
821500	799500	807000	815250	797000	
796500	792500	805250	802000	807000	
825250	771750	789500	792500	790000	
806500	795750	816000	793750	807750	
827250	804000	794500	808250	800250	
797750	802750	811500	782000	797750	
807750	797000	793250	793750	791250	
793250	767500	791250	776750	788250	
773750	805750	780500	764750	766750	
761000	786250	762250	754250	782000	
799500	766750	775000	783750	792000	
800750	782500	790750	761000	763500	
793250	776750	780000	751000	814750	
780000	751750	776750	802000	782500	
788750	782500	785750	786250	757250	
782500	787500	766750	772500	771250	
766750	769250	770500	772500	785000	
775500	775000	764250	792500	764750	
789500	767500	773750	776250	776750	
768750	782000	769250	766250	782000	
773000	785750	817750	768000	763500	
786250	775000	779250	788250	784500	
798250	792000	781250	779250	773000	
777500	780500	775000	782500	807750	
807750	792500	786250	802750	776250	
785750	776750	794500	807000	791250	
802750	822250	814000	797000	791250	
790750	781250	767500	804000	785750	
792000	814750	793250	798250	792000	
776750	809500	790000	784500	817750	
802000	812750	804000	796500	791250	
782000	797750	815250	790000	797750	
787000	801500	794500	782500	779250	
799000	792500	800750	792000	777500	
773750	777500	793250	777500	768000	
783750	780500	766250	785000	783750	
771250	800750	780500	785750	782000	
772500	778750	778750	784500	762250	
766250	785750	779250	776250	765500	
748500	778000	776750	759250	768000	
761000	775500	797750	746500	770000	
770000	775500	766750	759250	763500	
750500	747250	778750	759750	782000	
777500	740250	754750	778750	773000	
766250	760500	767500	757250	756750	
754750	760500	765500	747250	749000	
764250	742750	754750	767500	764750	
740250	758000	770000	768000	751000	
760500	789500	764250	768750	761750	
775000	751750	754250	761750	773750	
787000	775500	771750	744000	752250	
756000	768000	769250	773000	764250	
744000	751750	749000	742750	763500	
758000	761000	754750	775000	771250	
745250	749750	756000	768750	768750	
739750	732750	766250	764750	751750	
752250	763000	742250	763000	747250	
744750	746000	762250	735250	739750	
755500	770000	745250	731500	758500	
749000	774250	763500	736000	767500	
768000	747750	772500	736500	733250	
740250	765500	766750	751750	756750	
754250	748500	771750	737750	758000	
764250	755500	750500	754750	753500	
738500	709500	757250	738500	734000	
729000	735250	740250	742250	757250	
749000	745250	776250	741000	744750	
737250	737250	753500	753000	737750	
753500	758000	735250	744000	722000	
748500	732750	735250	739750	729500	
752250	751750	751750	744000	747750	
738500	744000	743500	748500	736500	
736500	735250	743500	734000	749000	
733250	734000	745250	743500	747750	
733250	737750	760500	739000	747750	
751750	753500	741000	756000	741500	
768750	752250	759750	751000	752250	
753500	741500	737250	744750	747250	
749750	751000	750500	752250	746500	
747250	731500	736500	743500	739000	
759750	744750	768750	763500	717000	
753500	751750	751750	753500	755500	
757250	753500	755500	744000	759250	
758000	747250	741500	725250	772500	
758000	727000	732000	733250	772500	
726500	753000	757250	746000	768000	
751000	727000	743500	739750	730250	
735250	748500	741500	757250	754750	
750500	725250	736000	756750	749000	
754250	715000	746500	756000	751750	
762250	742750	742750	718250	740250	
739750	730250	733250	739000	745250	
745250	738500	729500	729000	725250	
740250	746500	728250	737250	730750	
727000	737750	728250	728250	730750	
734000	747750	731500	717000	735250	
727750	741500	725750	754750	721500	
732750	733250	750500	754750	730250	
722750	725750	722000	750500	734500	
730250	746500	724500	736000	714500	
718250	755500	725750	713750	735250	
739000	720750	715750	722750	733250	
713750	746000	713750	716250	730250	
724000	712000	711250	724000	729000	
732750	719500	736500	717000	735250	
729500	717500	732000	736000	737750	
705750	728250	690500	705000	714500	
713250	713250	724500	717000	698750	
705750	710000	714500	701750	712000	
720250	716250	690500	701250	717500	
708750	722750	708750	704500	711250	
709500	704500	722000	713750	711250	
696750	710750	698750	711250	712000	
704500	700000	677250	707500	691250	
701250	703000	678000	686750	716250	
701750	698750	688000	691250	715750	
697500	690000	695000	691750	693000	
681000	690500	683000	680500	692500	
684750	687250	690000	672250	691750	
684250	675500	690500	691250	670250	
668500	672750	693000	691750	679250	
674750	667250	671000	693750	665250	
690500	675500	675500	667750	669750	
681000	697500	671000	672250	666000	
648250	671500	667750	684250	664000	
676750	654000	656500	647000	653250	
676000	661000	679250	671500	640000	
665250	670250	650250	666500	652000	
679250	668500	651500	663500	675500	
650250	655750	675500	649500	666000	
653250	667250	659750	663500	654000	
672750	654000	659750	663500	664000	
651500	647750	652750	672250	662250	
630750	646500	649500	665250	645250	
646500	656500	656500	662250	649000	
675500	659750	668500	661500	677250	
662750	645750	653250	657750	657000	
642000	659000	649000	662250	655750	
664000	657000	649500	664000	654000	
684750	664750	672250	655750	645750	
669000	663500	662750	655750	671000	
659000	650250	660250	670250	669750	
652000	654500	667250	638250	654000	
644500	664750	661000	661000	663500	
661000	652000	637000	666500	662750	
664750	660250	649000	659000	665250	
671000	666500	666500	680500	666000	
655750	668500	668500	647750	668500	
664750	686000	675500	659000	669000	
679250	671000	669750	674750	669000	
662250	667750	684750	671000	651500	
661500	679750	666000	659000	661500	
671500	657750	662750	675500	676750	
673500	662750	661500	654500	673500	
666000	659000	669750	649500	643250	
682250	669000	677250	654000	686000	
661000	662250	644000	671000	647000	
640750	660250	649000	666500	649500	
656500	640000	663500	649500	645250	
666500	659750	677250	642000	655250	
661000	679750	666000	654500	664000	
667750	668500	658500	664000	650750	
651500	660250	663500	671000	654500	
657000	670250	652750	655750	656500	
664750	644500	664750	634500	665250	
656500	653250	666500	649500	672250	
670250	650250	657750	676000	657750	
657000	645250	674250	655250	666000	
658500	656500	652750	641250	652000	
662250	658500	640750	663500	666500	
637000	654000	661000	637000	658500	
642500	650250	646500	652750	642500	
663500	654000	661000	656500	657750	
649000	666000	644000	644500	659750	
659750	656500	647750	667750	652000	
666000	647000	654000	676000	650250	
650250	671500	655750	651500	655250	
651500	673500	645250	658500	652750	
644500	652750	667250	661000	645750	
654500	666000	659000	666500	661000	
638750	668500	668500	649000	644000	
665250	649500	679250	655750	662750	
659750	655250	667750	651500	651500	
653250	646500	662250	661500	656500	
664750	642500	643250	645750	657750	
643250	652750	646500	653250	647000	
650250	655750	653250	656500	656500	
662250	671500	670250	658500	644500	
660250	672250	664750	669750	653250	
659750	655250	651500	662750	661500	
667750	655250	648250	661500	664750	
665250	641250	644000	649500	653250	
649500	633250	657750	645250	662250	
656500	668500	655750	655750	650250	
638250	650250	654500	660250	658500	
649000	655250	657750	662250	658500	
660250	661000	673500	644500	647750	
654500	664000	657750	652750	662250	
661000	640000	655250	671500	667750	
661500	665250	634500	649000	657750	
648250	642500	649000	662250	661500	
655250	637500	635000	657000	636250	
639500	647000	638750	640000	661000	
652750	645250	656500	654500	644000	
652000	661500	635750	652000	662750	
660250	655250	638250	642000	652000	
652750	627500	660250	647000	657000	
673500	639500	643250	650250	669000	
638750	640000	633250	647000	664750	
649500	661000	659000	626750	645250	
666500	647750	666500	653250	650750	
650250	654000	642500	640750	639500	
657750	663500	666500	645250	659750	
657000	641250	656500	649500	659750	
644500	654000	655750	649500	641250	
643250	641250	652000	655250	637500	
656500	661000	664000	657750	662250	
644000	638750	652000	652750	655750	
658500	647000	652000	666000	647000	
640750	648250	652750	664750	648250	
660250	637000	659750	649000	646500	
643250	631250	661000	661500	659750	
661000	648250	653250	642500	649000	
654000	672250	652000	664000	661000	
654000	640000	661500	648250	651500	
659000	652000	649500	657000	649500	
655250	648250	649000	642000	653250	
675500	660250	655250	665250	661000	
674750	662250	638250	634500	638750	
640750	646500	657000	640000	653250	
645750	649500	667250	649500	657000	
657750	661500	643250	639500	657750	
655250	635000	662750	666500	672750	
663500	638250	649000	655750	632000	
657750	644500	654500	642500	630000	
654000	638250	652000	640750	648250	
642500	644500	641250	658500	664000	
659000	662750	664000	664750	650250	
659000	647750	669750	652750	642000	
654000	657000	643250	632500	662750	
644500	659000	662250	633750	647750	
647750	659750	661000	657750	640750	
640750	646500	632000	653250	652750	
652000	651500	645750	647750	647000	
654500	629500	651500	642500	637500	
655750	637000	629500	662250	660250	
640000	650750	647750	642500	646500	
637500	650750	666000	650250	641250	
663500	633250	644000	638750	639500	
650750	664750	635750	649000	645250	
664000	657000	650750	659750	654000	
654000	642500	644000	642500	662250	
656500	657750	645250	650250	648250	
665250	661500	654500	647000	643250	
656500	650750	647750	650750	661500	
654500	661000	646500	661000	637000	
654500	654000	655750	652750	659750	
655750	654000	678000	647750	644000	
661500	640750	667250	647000	646500	
671000	655250	638750	645250	649500	
662250	649000	642000	674250	658500	
655750	657000	625000	666500	650750	
651500	658500	656500	659000	642000	
653250	650250	661000	649500	643250	
650250	646500	638250	651500	664750	
654500	654500	648250	655750	665250	
647750	647000	667750	642000	661500	
647000	651500	647000	648250	649500	
647750	657750	654000	649500	659000	
625000	645750	642500	649500	655750	
637000	650750	646500	654000	670250	
649000	645750	638750	640750	661000	
643250	650750	657000	642500	647000	
647750	656500	649500	661000	649500	
645250	650250	633750	635750	638750	
640750	631250	663500	662250	640000	
632000	644000	655750	656500	661500	
644000	638750	640750	638750	638250	
632500	659750	650750	642500	648250	
650250	642500	647000	641250	644500	
644000	654500	649000	643250	661500	
650750	658500	640000	654500	644500	
635750	639500	662750	653250	647750	
647750	645750	637500	641250	650250	
640000	659000	642000	635750	639500	
653250	628250	650750	651500	649500	
641250	631250	651500	649500	638250	
641250	638250	632500	647750	647750	
644000	642500	644000	647000	655250	
637500	647000	640750	670250	644500	
642500	647750	642500	648250	650750	
642000	640750	652000	652000	645250	
629500	642500	623750	645250	630000	
645750	664000	644500	633250	650250	
656500	637000	627500	640000	648250	
645250	640000	623750	645250	642500	
640750	631250	649500	647000	627500	
652000	662750	635750	630000	650250	
647750	647000	633250	637500	644000	
640750	645750	637500	662750	637500	
644000	641250	637000	657750	646500	
637500	655750	643250	637000	633750	
642000	636250	627500	645250	640000	
651500	633250	638750	667750	658500	
649000	642500	645250	630000	637500	
671000	645750	648250	632500	645750	
644000	635000	622500	640750	642000	
647000	638250	631250	632500	630000	
643250	645250	638250	641250	633750	
655750	645250	645250	633750	635000	
642500	644000	650250	628750	640000	
653250	656500	650250	622500	635750	
633250	641250	644500	638750	638750	
649000	631250	636250	644500	647000	
630000	642500	637500	634500	647750	
638750	643250	635000	624250	649000	
646500	643250	635000	637500	641250	
632500	634500	639500	642000	657000	
647000	644500	662250	630750	659750	
646500	637500	656500	637000	651500	
626750	652750	637500	649500	640750	
649500	635000	642500	637500	642000	
641250	645750	655750	659750	633250	
637000	643250	642000	630000	626750	
623000	635000	634500	639500	634500	
649500	647750	641250	639500	637500	
643250	633750	638750	655250	645750	
625500	640000	659000	629500	633750	
639500	649000	640750	644000	630750	
649000	631250	653250	657000	629500	
639500	623750	644500	635750	645250	
627500	626750	629500	665250	630000	
650250	630000	625500	650750	639500	
637000	648250	638750	655750	632500	
642000	653250	642500	632000	620500	
635750	616750	630750	641250	635000	
641250	628250	644500	640000	628750	
640000	645250	642500	659000	639500	
642000	627500	638250	640000	641250	
629500	637500	622500	652000	625000	
644000	628250	632500	640750	649000	
639500	641250	628250	647750	654500	
642500	632500	635000	639500	630750	
647000	637500	635000	638750	626750	
642000	638750	637500	647000	622500	
619250	641250	627500	617500	640750	
638250	634500	647750	635000	649500	
638750	638750	637500	644500	638750	
640750	632500	641250	647000	645750	
654500	632000	628750	621750	638750	
637000	615500	657750	646500	659000	
630000	647000	632500	637500	638250	
628250	633250	621250	663500	643250	
635000	628750	638250	640750	638750	
645750	625500	626750	643250	634500	
634500	642500	631250	632000	626750	
627500	625500	637500	642500	644000	
641250	642500	629500	632500	647750	
631250	639500	649000	621250	605500	
630000	621250	644500	638750	635750	
643250	645250	639500	638250	638250	
626250	638750	635000	630000	628250	
638250	628750	629500	627500	631250	
642000	628250	637000	652000	641250	
632500	634500	624250	634500	623750	
626250	638750	616750	627500	636250	
616750	629500	623750	627500	622500	
625000	643250	647000	630000	629500	
635750	632500	642000	610500	634500	
626250	652000	634500	637000	655750	
623000	640750	630750	635000	642000	
645750	642000	628250	622500	636250	
641250	637500	624250	636250	652000	
626250	650250	638250	622500	639500	
643250	635750	626750	628250	647750	
635000	637500	651500	635000	629500	
654000	630750	647750	654000	628250	
640750	608500	637000	638250	645750	
647000	625000	626250	644000	639500	
627500	638750	621750	651500	630000	
656500	630000	637000	636250	633250	
642000	630000	650250	643250	620000	
652750	626750	637000	641250	631250	
632000	621250	635750	630750	642000	
641250	642000	624250	643250	642500	
633250	631250	626750	635750	635000	
645750	638750	642500	632500	655250	
630000	637000	626750	642000	644500	
609250	630750	649000	645250	643250	
649500	630750	639500	625000	623750	
632500	623000	632000	631250	626250	
644000	639500	628750	620000	638750	
638750	616750	640750	639500	644500	
642000	632500	623000	631250	638750	
644500	620000	639500	638750	640750	
617500	649000	626750	637000	634500	
637000	623000	640750	633750	638250	
643250	634500	638750	635750	621750	
626750	628750	641250	613000	625500	
632000	622500	634500	639500	623750	
635000	639500	619250	635750	621750	
625500	630000	625000	621750	631250	
622500	633250	634500	652750	624250	
649500	647000	645750	620000	632500	
642000	628750	624250	634500	648250	
641250	638250	645750	635000	625500	
646500	630000	642500	639500	649500	
626250	636250	632000	640000	633250	
630750	629500	633750	638750	635000	
640750	609250	634500	638250	632500	
633250	622500	628750	636250	644000	
620500	622500	622500	626750	638250	
634500	635750	649500	644000	631250	
636250	648250	657000	626750	622500	
636250	648250	657000	626750	622500	
636250	648250	657000	626750	622500	
