4250	4250	4250	4250	4250	
7.13825e+06	7.13825e+06	7.13825e+06	7.13825e+06	7.13825e+06	
546750	523500	526750	538750	519000	
534750	512250	518500	499500	523500	
516000	511000	508500	506000	521000	
521750	498250	519000	507250	514000	
504000	504500	499500	517250	511500	
523500	517750	515250	515250	512250	
516500	534250	512250	524250	523500	
524750	519750	517250	527250	521000	
517750	534750	517750	510250	515250	
535500	506500	531750	530500	530500	
538750	508500	552500	542500	523000	
536750	529250	534250	536750	527250	
530500	539250	545500	545500	523500	
524750	539250	552500	529750	545000	
543750	546750	549250	553750	543750	
547500	546250	564500	562000	562500	
553250	572000	563250	555750	557000	
566250	584750	579000	574000	571500	
569500	563250	554500	575750	577000	
557500	578250	578250	557500	562500	
580750	596500	580750	575750	574500	
655750	659000	649500	632000	642500	
780500	814000	812250	792000	798250	
830500	822250	826500	845000	796500	
834250	838500	813500	838000	849250	
842500	834750	838500	836000	829250	
843000	856250	855000	843750	851750	
831000	853000	853000	850500	842500	
853750	864500	858250	845500	856750	
858250	853750	879000	868750	864500	
880750	859500	879000	871250	872000	
923000	901500	896000	925500	906000	
913000	915500	914250	896500	888500	
880250	898500	882750	897750	894750	
868750	874000	900250	911750	901000	
897750	894750	901500	921750	884500	
917250	896500	894000	912250	895250	
897250	914750	892750	890250	920500	
904750	899000	914750	920000	908500	
926750	937000	927500	921750	944500	
943750	954000	947000	943250	979000	
962750	971000	967250	950250	921250	
961500	970250	969000	981750	965250	
954000	957000	985500	961500	972250	
935750	940750	972750	959500	950750	
967250	938250	953250	950250	944500	
956500	948750	954500	956500	972250	
923000	913500	938250	930500	932500	
909250	908000	908500	920500	937000	
922500	911000	931250	924250	954000	
925500	921250	908500	921250	919250	
894000	919250	910500	881500	889000	
896000	895250	891000	878250	878250	
897750	902250	911750	914750	892750	
940000	958250	937000	944500	928000	
1.008e+06	993500	991000	996250	994750	
996250	1.01e+06	1.008e+06	1.00875e+06	1.005e+06	
994750	1.00675e+06	1.0075e+06	992250	998750	
974000	979000	960750	986750	974000	
995500	955250	984750	953250	947500	
979000	972750	960250	962750	986000	
952750	979750	975250	970250	976000	
976000	1.00625e+06	998750	984750	988000	
1.0175e+06	1.00875e+06	1.02575e+06	1.03525e+06	1.03525e+06	
1.04225e+06	1.01575e+06	1.0365e+06	1.05975e+06	1.0585e+06	
1.05025e+06	1.0345e+06	1.03075e+06	1.02575e+06	1.0145e+06	
1.0195e+06	1.03525e+06	1.03575e+06	1.04075e+06	1.04075e+06	
1.06225e+06	1.0395e+06	1.0435e+06	1.05925e+06	1.051e+06	
1.0605e+06	1.06225e+06	1.061e+06	1.0805e+06	1.03775e+06	
1.04775e+06	1.07375e+06	1.05475e+06	1.07925e+06	1.06475e+06	
1.10575e+06	1.083e+06	1.08875e+06	1.0775e+06	1.09075e+06	
1.12225e+06	1.1285e+06	1.12525e+06	1.12775e+06	1.158e+06	
1.16625e+06	1.17875e+06	1.15675e+06	1.177e+06	1.14925e+06	
1.194e+06	1.1725e+06	1.1645e+06	1.1525e+06	1.184e+06	
1.20025e+06	1.167e+06	1.15125e+06	1.19075e+06	1.1815e+06	
1.16875e+06	1.165e+06	1.1605e+06	1.18525e+06	1.18025e+06	
1.15675e+06	1.13225e+06	1.1625e+06	1.1915e+06	1.165e+06	
1.1625e+06	1.1335e+06	1.167e+06	1.167e+06	1.1605e+06	
1.1185e+06	1.13925e+06	1.14175e+06	1.16825e+06	1.13475e+06	
1.15425e+06	1.15425e+06	1.15125e+06	1.15375e+06	1.1435e+06	
1.155e+06	1.1695e+06	1.17875e+06	1.1645e+06	1.18325e+06	
1.2035e+06	1.177e+06	1.20725e+06	1.2015e+06	1.19475e+06	
1.23375e+06	1.2105e+06	1.24e+06	1.2275e+06	1.2445e+06	
1.2305e+06	1.22875e+06	1.23375e+06	1.2255e+06	1.2475e+06	
1.2135e+06	1.211e+06	1.24075e+06	1.213e+06	1.199e+06	
1.163e+06	1.18075e+06	1.1865e+06	1.20725e+06	1.19775e+06	
1.1675e+06	1.19975e+06	1.206e+06	1.18275e+06	1.19075e+06	
1.2255e+06	1.2325e+06	1.196e+06	1.21225e+06	1.24075e+06	
1.18825e+06	1.17e+06	1.2015e+06	1.187e+06	1.1845e+06	
1.1235e+06	1.13975e+06	1.158e+06	1.14925e+06	1.146e+06	
1.15125e+06	1.131e+06	1.1385e+06	1.13925e+06	1.12275e+06	
1.143e+06	1.13675e+06	1.13225e+06	1.143e+06	1.1525e+06	
1.10525e+06	1.1e+06	1.126e+06	1.1065e+06	1.1115e+06	
1.097e+06	1.075e+06	1.07925e+06	1.1e+06	1.06725e+06	
1.0855e+06	1.09125e+06	1.08675e+06	1.10275e+06	1.0895e+06	
1.08825e+06	1.07925e+06	1.09575e+06	1.1215e+06	1.09825e+06	
1.1285e+06	1.14925e+06	1.11025e+06	1.11075e+06	1.11275e+06	
1.1285e+06	1.165e+06	1.12475e+06	1.158e+06	1.1605e+06	
1.20225e+06	1.209e+06	1.2135e+06	1.2155e+06	1.218e+06	
1.23425e+06	1.20475e+06	1.23e+06	1.2205e+06	1.24125e+06	
1.22175e+06	1.23625e+06	1.2155e+06	1.255e+06	1.2445e+06	
1.2495e+06	1.25125e+06	1.25325e+06	1.252e+06	1.276e+06	
1.267e+06	1.303e+06	1.26525e+06	1.28975e+06	1.29225e+06	
1.332e+06	1.3025e+06	1.3275e+06	1.3295e+06	1.284e+06	
1.36925e+06	1.36975e+06	1.3585e+06	1.38125e+06	1.3705e+06	
1.3705e+06	1.3995e+06	1.3825e+06	1.41025e+06	1.4045e+06	
1.368e+06	1.3515e+06	1.35475e+06	1.339e+06	1.3735e+06	
1.28225e+06	1.3005e+06	1.3005e+06	1.27975e+06	1.30375e+06	
1.252e+06	1.2735e+06	1.305e+06	1.28225e+06	1.26325e+06	
1.27525e+06	1.281e+06	1.2955e+06	1.28675e+06	1.26325e+06	
1.28975e+06	1.2905e+06	1.32e+06	1.305e+06	1.30175e+06	
1.3365e+06	1.347e+06	1.35025e+06	1.3445e+06	1.36225e+06	
1.3995e+06	1.39125e+06	1.38e+06	1.39825e+06	1.40625e+06	
1.34025e+06	1.3345e+06	1.3465e+06	1.31875e+06	1.36975e+06	
1.2815e+06	1.3005e+06	1.269e+06	1.3125e+06	1.26775e+06	
1.24325e+06	1.24125e+06	1.238e+06	1.228e+06	1.21925e+06	
1.16825e+06	1.17875e+06	1.17875e+06	1.16625e+06	1.17875e+06	
1.1605e+06	1.129e+06	1.136e+06	1.14875e+06	1.1215e+06	
1.12725e+06	1.0995e+06	1.124e+06	1.12025e+06	1.121e+06	
1.1235e+06	1.1405e+06	1.11325e+06	1.121e+06	1.119e+06	
1.14925e+06	1.17e+06	1.2035e+06	1.18325e+06	1.13725e+06	
1.262e+06	1.2595e+06	1.238e+06	1.26075e+06	1.2545e+06	
1.3755e+06	1.3685e+06	1.363e+06	1.3615e+06	1.36225e+06	
1.40125e+06	1.38e+06	1.38875e+06	1.37175e+06	1.368e+06	
1.393e+06	1.3805e+06	1.3755e+06	1.38925e+06	1.38e+06	
1.3395e+06	1.36725e+06	1.37425e+06	1.3615e+06	1.37725e+06	
1.3615e+06	1.3855e+06	1.37225e+06	1.3635e+06	1.36675e+06	
1.39575e+06	1.4505e+06	1.4195e+06	1.405e+06	1.4195e+06	
1.42025e+06	1.4095e+06	1.41525e+06	1.419e+06	1.422e+06	
1.4045e+06	1.422e+06	1.42075e+06	1.4365e+06	1.3945e+06	
1.41325e+06	1.41575e+06	1.42775e+06	1.443e+06	1.41075e+06	
1.439e+06	1.436e+06	1.43725e+06	1.4215e+06	1.4075e+06	
1.41825e+06	1.40325e+06	1.4315e+06	1.42075e+06	1.4265e+06	
1.465e+06	1.439e+06	1.4535e+06	1.43775e+06	1.44675e+06	
1.5235e+06	1.5035e+06	1.49275e+06	1.569e+06	1.54125e+06	
1.60225e+06	1.5885e+06	1.62125e+06	1.62375e+06	1.635e+06	
1.68625e+06	1.717e+06	1.72025e+06	1.66225e+06	1.68925e+06	
1.66525e+06	1.6515e+06	1.6785e+06	1.7145e+06	1.71375e+06	
1.71e+06	1.7e+06	1.727e+06	1.7145e+06	1.7705e+06	
1.72075e+06	1.77625e+06	1.7555e+06	1.7585e+06	1.756e+06	
1.82425e+06	1.8375e+06	1.79825e+06	1.7795e+06	1.78625e+06	
1.821e+06	1.79575e+06	1.8215e+06	1.76875e+06	1.7895e+06	
1.69175e+06	1.67475e+06	1.6925e+06	1.7e+06	1.67725e+06	
1.57075e+06	1.5785e+06	1.61175e+06	1.56775e+06	1.57725e+06	
1.35025e+06	1.397e+06	1.40575e+06	1.42475e+06	1.397e+06	
1.27725e+06	1.245e+06	1.26075e+06	1.26275e+06	1.24075e+06	
1.21175e+06	1.194e+06	1.20025e+06	1.21925e+06	1.2185e+06	
1.36975e+06	1.31875e+06	1.30875e+06	1.33775e+06	1.33775e+06	
1.5185e+06	1.5085e+06	1.51025e+06	1.53625e+06	1.543e+06	
1.6855e+06	1.7025e+06	1.659e+06	1.70875e+06	1.666e+06	
1.84925e+06	1.8625e+06	1.8375e+06	1.80075e+06	1.80725e+06	
1.90725e+06	1.92375e+06	1.86625e+06	1.88475e+06	1.90975e+06	
1.8595e+06	1.8235e+06	1.83475e+06	1.8595e+06	1.785e+06	
1.67675e+06	1.6615e+06	1.69625e+06	1.6955e+06	1.69125e+06	
1.523e+06	1.49525e+06	1.4895e+06	1.487e+06	1.47325e+06	
1.32875e+06	1.366e+06	1.3875e+06	1.3855e+06	1.3485e+06	
1.49775e+06	1.49075e+06	1.47625e+06	1.4625e+06	1.47625e+06	
1.71575e+06	1.7195e+06	1.73775e+06	1.74225e+06	1.724e+06	
1.9975e+06	2.02275e+06	2.03275e+06	2.0385e+06	1.97225e+06	
2.17125e+06	2.19275e+06	2.16125e+06	2.228e+06	2.158e+06	
2.27475e+06	2.344e+06	2.32325e+06	2.33325e+06	2.33275e+06	
2.3995e+06	2.42025e+06	2.38375e+06	2.373e+06	2.4355e+06	
2.4745e+06	2.4335e+06	2.43275e+06	2.45875e+06	2.44725e+06	
2.414e+06	2.44675e+06	2.40525e+06	2.42275e+06	2.3925e+06	
2.49075e+06	2.446e+06	2.44425e+06	2.45375e+06	2.509e+06	
2.4985e+06	2.499e+06	2.49975e+06	2.4895e+06	2.51725e+06	
2.5595e+06	2.56075e+06	2.5525e+06	2.574e+06	2.5445e+06	
2.61175e+06	2.6245e+06	2.6415e+06	2.647e+06	2.5835e+06	
2.61175e+06	2.60675e+06	2.62625e+06	2.644e+06	2.625e+06	
2.70075e+06	2.7215e+06	2.7025e+06	2.69e+06	2.74025e+06	
2.75625e+06	2.7075e+06	2.74675e+06	2.7455e+06	2.7845e+06	
2.69125e+06	2.6905e+06	2.719e+06	2.7145e+06	2.7455e+06	
2.63525e+06	2.678e+06	2.64525e+06	2.683e+06	2.63125e+06	
2.64025e+06	2.659e+06	2.67425e+06	2.693e+06	2.71525e+06	
2.724e+06	2.6635e+06	2.731e+06	2.717e+06	2.7435e+06	
2.67225e+06	2.7335e+06	2.70625e+06	2.6655e+06	2.68125e+06	
2.67475e+06	2.70625e+06	2.71025e+06	2.68175e+06	2.6655e+06	
2.705e+06	2.73775e+06	2.73275e+06	2.7265e+06	2.7485e+06	
2.7265e+06	2.8205e+06	2.7675e+06	2.79575e+06	2.76e+06	
2.695e+06	2.69875e+06	2.74025e+06	2.6855e+06	2.7075e+06	
2.7195e+06	2.71275e+06	2.74425e+06	2.75175e+06	2.7655e+06	
2.67675e+06	2.67475e+06	2.751e+06	2.683e+06	2.768e+06	
2.77375e+06	2.736e+06	2.751e+06	2.72775e+06	2.73775e+06	
2.79575e+06	2.7725e+06	2.77875e+06	2.7915e+06	2.79525e+06	
2.84175e+06	2.8285e+06	2.8455e+06	2.821e+06	2.8115e+06	
2.8595e+06	2.828e+06	2.884e+06	2.8665e+06	2.93625e+06	
2.92e+06	2.9615e+06	2.9835e+06	2.981e+06	2.99675e+06	
3.10325e+06	3.07675e+06	3.08325e+06	3.061e+06	3.09775e+06	
3.051e+06	3.09525e+06	3.058e+06	3.0415e+06	3.0725e+06	
2.971e+06	2.99925e+06	2.969e+06	2.969e+06	3.03525e+06	
2.81225e+06	2.818e+06	2.79025e+06	2.78775e+06	2.809e+06	
2.81225e+06	2.833e+06	2.79825e+06	2.845e+06	2.8255e+06	
2.85325e+06	2.87775e+06	2.85575e+06	2.845e+06	2.8985e+06	
3.03775e+06	3.075e+06	3.11025e+06	3.11725e+06	3.05975e+06	
3.097e+06	3.14175e+06	3.11775e+06	3.1985e+06	3.1745e+06	
3.1625e+06	3.1645e+06	3.206e+06	3.2565e+06	3.21425e+06	
3.228e+06	3.2375e+06	3.3055e+06	3.2785e+06	3.2515e+06	
3.23375e+06	3.24075e+06	3.26525e+06	3.208e+06	3.22625e+06	
3.186e+06	3.133e+06	3.2225e+06	3.174e+06	3.206e+06	
3.16125e+06	3.15375e+06	3.16075e+06	3.18325e+06	3.17525e+06	
3.2925e+06	3.20425e+06	3.24375e+06	3.27925e+06	3.28175e+06	
3.31625e+06	3.29375e+06	3.3265e+06	3.28475e+06	3.34725e+06	
3.25525e+06	3.23575e+06	3.28475e+06	3.25575e+06	3.312e+06	
3.269e+06	3.2325e+06	3.27225e+06	3.3095e+06	3.33075e+06	
3.2515e+06	3.2225e+06	3.1935e+06	3.264e+06	3.276e+06	
3.25525e+06	3.25275e+06	3.32325e+06	3.30825e+06	3.31075e+06	
3.35025e+06	3.31875e+06	3.35025e+06	3.35225e+06	3.38e+06	
3.42475e+06	3.47375e+06	3.438e+06	3.4575e+06	3.43425e+06	
3.46325e+06	3.49525e+06	3.45425e+06	3.50725e+06	3.49275e+06	
3.3725e+06	3.4235e+06	3.351e+06	3.40025e+06	3.373e+06	
3.334e+06	3.324e+06	3.412e+06	3.27975e+06	3.407e+06	
3.32075e+06	3.30875e+06	3.3195e+06	3.27925e+06	3.31075e+06	
3.32775e+06	3.34725e+06	3.26275e+06	3.368e+06	3.368e+06	
3.38875e+06	3.35925e+06	3.37675e+06	3.36925e+06	3.3415e+06	
3.38e+06	3.4505e+06	3.43225e+06	3.41275e+06	3.424e+06	
3.4815e+06	3.41725e+06	3.4525e+06	3.39e+06	3.50675e+06	
3.407e+06	3.41075e+06	3.44175e+06	3.42275e+06	3.4965e+06	
3.3925e+06	3.4015e+06	3.3845e+06	3.443e+06	3.44425e+06	
3.45625e+06	3.5395e+06	3.4915e+06	3.43975e+06	3.5355e+06	
3.574e+06	3.62575e+06	3.4765e+06	3.627e+06	3.567e+06	
3.617e+06	3.64525e+06	3.65775e+06	3.646e+06	3.68875e+06	
3.663e+06	3.763e+06	3.789e+06	3.72275e+06	3.8235e+06	
3.74675e+06	3.70825e+06	3.69575e+06	3.7605e+06	3.755e+06	
3.60425e+06	3.5615e+06	3.5905e+06	3.61625e+06	3.60125e+06	
3.52375e+06	3.499e+06	3.5375e+06	3.59925e+06	3.5135e+06	
3.4645e+06	3.53875e+06	3.55525e+06	3.5205e+06	3.51425e+06	
3.511e+06	3.4165e+06	3.46825e+06	3.49725e+06	3.511e+06	
3.55325e+06	3.5905e+06	3.60425e+06	3.63575e+06	3.57975e+06	
3.62325e+06	3.729e+06	3.659e+06	3.702e+06	3.70825e+06	
3.7405e+06	3.685e+06	3.7195e+06	3.758e+06	3.656e+06	
3.6755e+06	3.7115e+06	3.73975e+06	3.697e+06	3.734e+06	
3.70125e+06	3.673e+06	3.69e+06	3.74225e+06	3.73925e+06	
3.62625e+06	3.63525e+06	3.6875e+06	3.625e+06	3.661e+06	
3.6705e+06	3.7195e+06	3.77375e+06	3.7865e+06	3.68625e+06	
3.73925e+06	3.8325e+06	3.87075e+06	3.80475e+06	3.80525e+06	
3.75675e+06	3.717e+06	3.7575e+06	3.7285e+06	3.775e+06	
3.751e+06	3.7555e+06	3.675e+06	3.77e+06	3.7525e+06	
3.55575e+06	3.574e+06	3.613e+06	3.64075e+06	3.6315e+06	
3.656e+06	3.65025e+06	3.6585e+06	3.65225e+06	3.71575e+06	
3.67675e+06	3.746e+06	3.7045e+06	3.7045e+06	3.7575e+06	
3.717e+06	3.76125e+06	3.741e+06	3.77325e+06	3.794e+06	
3.71775e+06	3.65475e+06	3.73275e+06	3.68425e+06	3.7775e+06	
3.5835e+06	3.59175e+06	3.59725e+06	3.6e+06	3.6415e+06	
3.4475e+06	3.4215e+06	3.50525e+06	3.4455e+06	3.521e+06	
3.232e+06	3.2665e+06	3.25325e+06	3.2835e+06	3.2975e+06	
3.024e+06	3.061e+06	3.08e+06	3.08375e+06	3.08625e+06	
2.973e+06	3.01825e+06	2.97925e+06	3.00125e+06	2.961e+06	
3.0845e+06	3.041e+06	3.012e+06	3.133e+06	3.121e+06	
3.43725e+06	3.46875e+06	3.46125e+06	3.462e+06	3.48325e+06	
3.83125e+06	3.82875e+06	3.852e+06	3.7865e+06	3.898e+06	
4.0875e+06	4.12425e+06	4.039e+06	4.085e+06	4.03975e+06	
3.9565e+06	3.983e+06	4.0505e+06	3.9855e+06	4.036e+06	
3.9225e+06	3.964e+06	4.0505e+06	4.05175e+06	4.048e+06	
4.0725e+06	4.126e+06	4.14375e+06	4.133e+06	4.169e+06	
4.07575e+06	4.0995e+06	4.1185e+06	4.16775e+06	4.02725e+06	
3.84575e+06	3.9005e+06	3.89475e+06	3.9175e+06	3.8935e+06	
3.91625e+06	3.8865e+06	3.8865e+06	3.9005e+06	3.918e+06	
3.98375e+06	4.01075e+06	4.043e+06	4.05475e+06	4.04425e+06	
4.143e+06	4.14375e+06	4.18775e+06	4.1545e+06	4.213e+06	
4.213e+06	4.32075e+06	4.29625e+06	4.2415e+06	4.34725e+06	
4.3925e+06	4.30825e+06	4.3845e+06	4.35175e+06	4.3485e+06	
4.57025e+06	4.586e+06	4.56475e+06	4.52625e+06	4.612e+06	
4.4885e+06	4.59625e+06	4.51925e+06	4.55025e+06	4.535e+06	
4.55525e+06	4.5785e+06	4.545e+06	4.62775e+06	4.5425e+06	
4.443e+06	4.47275e+06	4.50475e+06	4.55025e+06	4.47575e+06	
4.41525e+06	4.44125e+06	4.49725e+06	4.5085e+06	4.47e+06	
4.3215e+06	4.2715e+06	4.32525e+06	4.27425e+06	4.3005e+06	
4.16325e+06	4.18225e+06	4.17525e+06	4.16125e+06	4.18775e+06	
4.14e+06	4.11525e+06	4.1235e+06	4.14625e+06	4.14375e+06	
4.20225e+06	4.24775e+06	4.27475e+06	4.227e+06	4.2085e+06	
4.448e+06	4.44875e+06	4.4095e+06	4.453e+06	4.43675e+06	
4.55025e+06	4.477e+06	4.54825e+06	4.56775e+06	4.53325e+06	
4.438e+06	4.547e+06	4.525e+06	4.499e+06	4.54e+06	
4.4405e+06	4.46325e+06	4.5105e+06	4.46875e+06	4.48025e+06	
4.5305e+06	4.64275e+06	4.61125e+06	4.68825e+06	4.62325e+06	
4.78075e+06	4.644e+06	4.6635e+06	4.796e+06	4.6805e+06	
4.9075e+06	4.968e+06	4.95975e+06	4.9025e+06	4.82225e+06	
4.92325e+06	4.90125e+06	4.96425e+06	4.96025e+06	4.915e+06	
5.09075e+06	5.063e+06	5.101e+06	5.08775e+06	5.11225e+06	
5.00375e+06	5.07625e+06	5.07825e+06	5.1255e+06	5.15325e+06	
5.01275e+06	5.05675e+06	5.05875e+06	5.08075e+06	4.9945e+06	
4.8985e+06	4.91375e+06	4.98625e+06	5.0095e+06	5.012e+06	
5.02975e+06	5.08075e+06	5.10975e+06	5.065e+06	5.089e+06	
5.034e+06	5.06675e+06	5.1425e+06	5.05175e+06	5.14575e+06	
5.10775e+06	5.1065e+06	5.092e+06	5.17775e+06	5.11225e+06	
5.10475e+06	5.11425e+06	5.147e+06	5.19025e+06	5.174e+06	
5.06425e+06	5.07075e+06	5.10775e+06	5.0745e+06	5.1035e+06	
4.9295e+06	4.87525e+06	4.91125e+06	4.97875e+06	5.046e+06	
4.83425e+06	4.85325e+06	4.949e+06	4.89475e+06	4.88675e+06	
4.94725e+06	5.0285e+06	5.0285e+06	4.96425e+06	5.03725e+06	
5.143e+06	5.099e+06	5.176e+06	5.20225e+06	5.1475e+06	
5.162e+06	5.16025e+06	5.174e+06	5.23e+06	5.23075e+06	
5.37575e+06	5.34725e+06	5.33275e+06	5.419e+06	5.3435e+06	
5.38875e+06	5.34425e+06	5.35425e+06	5.3675e+06	5.34925e+06	
5.402e+06	5.34225e+06	5.37e+06	5.3605e+06	5.37175e+06	
5.39825e+06	5.44675e+06	5.421e+06	5.42175e+06	5.452e+06	
5.356e+06	5.4205e+06	5.38575e+06	5.34225e+06	5.4545e+06	
5.4665e+06	5.4575e+06	5.38325e+06	5.4795e+06	5.53125e+06	
5.48725e+06	5.578e+06	5.4835e+06	5.4965e+06	5.61075e+06	
5.5375e+06	5.503e+06	5.5545e+06	5.5345e+06	5.64475e+06	
5.68325e+06	5.72275e+06	5.692e+06	5.72025e+06	5.6245e+06	
5.7935e+06	5.784e+06	5.8345e+06	5.876e+06	5.79475e+06	
5.72225e+06	5.6535e+06	5.71225e+06	5.67375e+06	5.765e+06	
5.64475e+06	5.65225e+06	5.7095e+06	5.74375e+06	5.641e+06	
5.66625e+06	5.7065e+06	5.687e+06	5.68825e+06	5.67425e+06	
5.49025e+06	5.542e+06	5.58175e+06	5.5255e+06	5.5495e+06	
5.40075e+06	5.43475e+06	5.4915e+06	5.48225e+06	5.48725e+06	
5.24525e+06	5.215e+06	5.27425e+06	5.18725e+06	5.3385e+06	
5.373e+06	5.387e+06	5.3385e+06	5.39575e+06	5.3625e+06	
5.33475e+06	5.28925e+06	5.32325e+06	5.37575e+06	5.3725e+06	
5.5465e+06	5.5005e+06	5.60375e+06	5.549e+06	5.552e+06	
5.53075e+06	5.48725e+06	5.5585e+06	5.515e+06	5.569e+06	
5.4835e+06	5.4505e+06	5.56725e+06	5.5665e+06	5.4985e+06	
5.489e+06	5.515e+06	5.52625e+06	5.4335e+06	5.5105e+06	
5.64525e+06	5.6465e+06	5.60825e+06	5.6215e+06	5.6465e+06	
5.61875e+06	5.612e+06	5.67875e+06	5.6265e+06	5.64775e+06	
5.77575e+06	5.699e+06	5.77325e+06	5.7595e+06	5.7185e+06	
5.716e+06	5.77525e+06	5.726e+06	5.789e+06	5.7815e+06	
5.75375e+06	5.74675e+06	5.73975e+06	5.7965e+06	5.75825e+06	
5.891e+06	5.86525e+06	5.932e+06	5.91325e+06	5.8905e+06	
5.767e+06	5.7965e+06	5.82375e+06	5.79225e+06	5.915e+06	
5.726e+06	5.724e+06	5.70075e+06	5.75825e+06	5.755e+06	
5.653e+06	5.67625e+06	5.7425e+06	5.7675e+06	5.77125e+06	
5.7425e+06	5.6485e+06	5.6925e+06	5.73725e+06	5.68825e+06	
5.64975e+06	5.7935e+06	5.8055e+06	5.80225e+06	5.845e+06	
5.743e+06	5.784e+06	5.76125e+06	5.75825e+06	5.818e+06	
5.77775e+06	5.73175e+06	5.77e+06	5.8055e+06	5.68e+06	
5.8395e+06	5.85525e+06	5.835e+06	5.88675e+06	5.97175e+06	
5.81875e+06	5.85275e+06	5.876e+06	5.845e+06	5.88475e+06	
5.9605e+06	6.05625e+06	6.0115e+06	6.0065e+06	6.096e+06	
5.8935e+06	6.007e+06	6.0045e+06	5.9265e+06	5.9725e+06	
5.96725e+06	6.03675e+06	6.004e+06	5.99375e+06	6.075e+06	
6.123e+06	6.06575e+06	6.17275e+06	6.10275e+06	6.11225e+06	
6.113e+06	6.063e+06	6.0985e+06	6.03675e+06	6.1015e+06	
6.031e+06	6.01325e+06	6.125e+06	6.0555e+06	6.079e+06	
6.038e+06	6.08825e+06	6.11475e+06	6.043e+06	6.15575e+06	
6.075e+06	6.03025e+06	6.12625e+06	6.14625e+06	6.213e+06	
6.014e+06	6.01325e+06	6.0265e+06	6.03925e+06	6.02775e+06	
6.01775e+06	5.968e+06	5.99075e+06	5.98875e+06	6.02975e+06	
5.93775e+06	6.07125e+06	5.93575e+06	6.02225e+06	5.9945e+06	
5.90875e+06	5.8885e+06	5.95475e+06	5.92375e+06	5.9825e+06	
5.99875e+06	6.06375e+06	6.19975e+06	6.00075e+06	6.082e+06	
6.03925e+06	6.10525e+06	6.1035e+06	6.11975e+06	6.12175e+06	
6.18225e+06	6.152e+06	6.28425e+06	6.2295e+06	6.28875e+06	
6.0525e+06	6.01325e+06	6.11475e+06	6.09075e+06	6.004e+06	
5.985e+06	6.03675e+06	6.041e+06	6.06575e+06	6.06375e+06	
6.12875e+06	6.08275e+06	6.03225e+06	6.1255e+06	6.1235e+06	
6.14625e+06	6.24075e+06	6.10025e+06	6.29125e+06	6.21625e+06	
6.19225e+06	6.18975e+06	6.2535e+06	6.25275e+06	6.217e+06	
6.15125e+06	6.21125e+06	6.2345e+06	6.15075e+06	6.285e+06	
6.31325e+06	6.4475e+06	6.40025e+06	6.438e+06	6.41025e+06	
6.322e+06	6.35675e+06	6.37825e+06	6.39075e+06	6.42425e+06	
6.39525e+06	6.39825e+06	6.44375e+06	6.4425e+06	6.4525e+06	
6.35875e+06	6.32325e+06	6.363e+06	6.51e+06	6.375e+06	
6.37e+06	6.3075e+06	6.48725e+06	6.4285e+06	6.44825e+06	
6.21e+06	6.256e+06	6.2055e+06	6.2825e+06	6.28e+06	
6.29e+06	6.30375e+06	6.3965e+06	6.3825e+06	6.34475e+06	
6.4475e+06	6.389e+06	6.42675e+06	6.46e+06	6.542e+06	
6.6485e+06	6.6385e+06	6.56275e+06	6.6625e+06	6.78025e+06	
6.83575e+06	6.757e+06	6.96875e+06	6.9825e+06	6.895e+06	
6.80225e+06	6.8975e+06	6.9315e+06	6.88925e+06	6.9385e+06	
6.76825e+06	6.832e+06	6.7885e+06	6.808e+06	6.8445e+06	
6.731e+06	6.7455e+06	6.77825e+06	6.80925e+06	6.714e+06	
6.95475e+06	6.93075e+06	6.86525e+06	6.934e+06	6.98825e+06	
6.8055e+06	6.88425e+06	6.88425e+06	6.94275e+06	6.95725e+06	
7.00525e+06	6.9825e+06	6.924e+06	7.07775e+06	7.0935e+06	
7.24775e+06	7.1905e+06	7.26925e+06	7.35375e+06	7.256e+06	
7.24475e+06	7.18475e+06	7.25025e+06	7.2925e+06	7.27625e+06	
7.225e+06	7.217e+06	7.30125e+06	7.229e+06	7.3025e+06	
7.191e+06	7.1885e+06	7.142e+06	7.26975e+06	7.2855e+06	
7.21e+06	7.2515e+06	7.20625e+06	7.3435e+06	7.346e+06	
7.1905e+06	7.1905e+06	7.25925e+06	7.28375e+06	7.3795e+06	
7.23775e+06	7.23075e+06	7.2685e+06	7.25275e+06	7.372e+06	
7.37075e+06	7.39275e+06	7.48925e+06	7.51e+06	7.47475e+06	
7.5995e+06	7.607e+06	7.672e+06	7.593e+06	7.658e+06	
7.8105e+06	7.733e+06	7.922e+06	7.88475e+06	7.856e+06	
7.71225e+06	7.73375e+06	7.8275e+06	7.74e+06	7.81175e+06	
7.784e+06	7.89e+06	7.8245e+06	7.87725e+06	7.92025e+06	
7.73425e+06	7.83625e+06	7.7745e+06	7.94025e+06	7.91375e+06	
8.072e+06	8.11475e+06	8.065e+06	8.06375e+06	8.106e+06	
8.0425e+06	8.1465e+06	8.1035e+06	8.0935e+06	8.16975e+06	
8.05375e+06	8.149e+06	8.128e+06	8.14325e+06	8.159e+06	
8.19925e+06	8.27125e+06	8.227e+06	8.3695e+06	8.324e+06	
8.22525e+06	8.34925e+06	8.29825e+06	8.2635e+06	8.36875e+06	
8.278e+06	8.24275e+06	8.30575e+06	8.37575e+06	8.3065e+06	
8.31075e+06	8.33175e+06	8.37825e+06	8.4275e+06	8.4225e+06	
8.39975e+06	8.6025e+06	8.554e+06	8.5605e+06	8.67575e+06	
8.48675e+06	8.56425e+06	8.5635e+06	8.6485e+06	8.66875e+06	
8.648e+06	8.7355e+06	8.701e+06	8.73175e+06	8.77775e+06	
8.51825e+06	8.56225e+06	8.5195e+06	8.61525e+06	8.61075e+06	
8.6505e+06	8.655e+06	8.75375e+06	8.64225e+06	8.71025e+06	
8.59325e+06	8.653e+06	8.74175e+06	8.68575e+06	8.77525e+06	
8.585e+06	8.636e+06	8.7015e+06	8.726e+06	8.7955e+06	
8.52575e+06	8.5025e+06	8.5975e+06	8.6025e+06	8.59575e+06	
8.7645e+06	8.79425e+06	8.7905e+06	8.81675e+06	8.82325e+06	
8.62025e+06	8.64975e+06	8.65925e+06	8.5565e+06	8.69775e+06	
8.4035e+06	8.4085e+06	8.454e+06	8.445e+06	8.48975e+06	
7.8955e+06	7.94225e+06	7.985e+06	7.93225e+06	8.09775e+06	
7.57725e+06	7.68125e+06	7.781e+06	7.7495e+06	7.67e+06	
7.55025e+06	7.54025e+06	7.5925e+06	7.6245e+06	7.629e+06	
7.8905e+06	7.823e+06	7.92275e+06	7.91125e+06	7.8635e+06	
8.17025e+06	8.29e+06	8.3015e+06	8.35375e+06	8.34175e+06	
8.452e+06	8.5105e+06	8.53575e+06	8.58375e+06	8.612e+06	
8.837e+06	8.8465e+06	8.8155e+06	8.989e+06	8.8495e+06	
8.888e+06	8.9245e+06	9.0135e+06	9.031e+06	9.0645e+06	
8.8325e+06	8.8275e+06	8.95925e+06	8.92575e+06	9.048e+06	
8.975e+06	9.0425e+06	9.04425e+06	8.93275e+06	9.02175e+06	
9.25425e+06	9.464e+06	9.406e+06	9.35575e+06	9.36075e+06	
9.40175e+06	9.556e+06	9.425e+06	9.53025e+06	9.6145e+06	
9.587e+06	9.63925e+06	9.73175e+06	9.675e+06	9.6865e+06	
9.5995e+06	9.549e+06	9.62775e+06	9.5755e+06	9.653e+06	
9.63025e+06	9.73375e+06	9.59575e+06	9.75575e+06	9.82125e+06	
9.61525e+06	9.5245e+06	9.58375e+06	9.6745e+06	9.5535e+06	
9.33475e+06	9.3235e+06	9.4835e+06	9.51125e+06	9.50175e+06	
9.178e+06	9.20625e+06	9.297e+06	9.2825e+06	9.321e+06	
9.28125e+06	9.22075e+06	9.29775e+06	9.30075e+06	9.39475e+06	
9.44125e+06	9.49925e+06	9.42425e+06	9.449e+06	9.42625e+06	
9.78925e+06	9.69725e+06	9.805e+06	9.7395e+06	9.844e+06	
9.71475e+06	9.81625e+06	9.73375e+06	9.77025e+06	9.79925e+06	
9.641e+06	9.73875e+06	9.77525e+06	9.79175e+06	9.80375e+06	
9.81375e+06	9.834e+06	9.924e+06	9.87675e+06	9.97125e+06	
1.00902e+07	1.005e+07	1.0038e+07	1.0113e+07	1.01105e+07	
1.00512e+07	1.02082e+07	1.0212e+07	1.02888e+07	1.00538e+07	
1.00545e+07	1.01535e+07	1.00852e+07	1.00922e+07	1.01508e+07	
1.00948e+07	1.00338e+07	1.00418e+07	1.01382e+07	1.0137e+07	
1.00628e+07	1.01548e+07	1.02638e+07	1.0166e+07	1.01275e+07	
1.00872e+07	1.0135e+07	1.01055e+07	1.01892e+07	1.02638e+07	
1.01548e+07	1.013e+07	1.0185e+07	1.0294e+07	1.02202e+07	
1.02182e+07	1.01312e+07	1.0236e+07	1.03558e+07	1.01868e+07	
1.0304e+07	1.03235e+07	1.02812e+07	1.03972e+07	1.0413e+07	
1.0159e+07	1.0311e+07	1.02788e+07	1.02322e+07	1.03078e+07	
1.00885e+07	1.00368e+07	9.965e+06	1.00728e+07	1.01062e+07	
9.81175e+06	9.965e+06	1.00185e+07	1.0009e+07	1.00588e+07	
9.79475e+06	9.8685e+06	9.92225e+06	9.924e+06	9.93525e+06	
1.00458e+07	1.00022e+07	1.00935e+07	1.00442e+07	1.01942e+07	
1.00992e+07	1.0161e+07	1.02675e+07	1.01458e+07	1.0321e+07	
1.00778e+07	1.01138e+07	1.02088e+07	1.01768e+07	1.0219e+07	
9.94675e+06	1.0045e+07	1.00828e+07	1.0038e+07	1.0137e+07	
9.786e+06	9.8225e+06	9.82075e+06	9.8565e+06	9.98575e+06	
9.73e+06	9.8025e+06	9.803e+06	9.72175e+06	9.8535e+06	
9.7615e+06	9.8275e+06	9.80675e+06	9.859e+06	9.82825e+06	
9.72675e+06	9.721e+06	9.7205e+06	9.73125e+06	9.76575e+06	
9.612e+06	9.6815e+06	9.6725e+06	9.7425e+06	9.88625e+06	
9.75125e+06	9.7495e+06	9.7985e+06	9.81425e+06	9.8005e+06	
9.97375e+06	1.00798e+07	1.0009e+07	1.0057e+07	1.01288e+07	
1.01535e+07	1.01075e+07	1.00918e+07	1.01332e+07	1.01288e+07	
1.00405e+07	1.0171e+07	1.01785e+07	1.01345e+07	1.0214e+07	
9.9165e+06	9.946e+06	1.00272e+07	1.00532e+07	1.00972e+07	
9.8925e+06	9.88925e+06	9.97825e+06	1.00122e+07	1.00785e+07	
9.999e+06	1.00545e+07	1.00798e+07	1.0081e+07	1.00968e+07	
1.01312e+07	1.02195e+07	1.02555e+07	1.0246e+07	1.0239e+07	
1.02455e+07	1.03342e+07	1.03558e+07	1.035e+07	1.04162e+07	
1.04188e+07	1.0435e+07	1.05208e+07	1.0471e+07	1.06832e+07	
1.05592e+07	1.0481e+07	1.06348e+07	1.05485e+07	1.07092e+07	
1.0687e+07	1.0633e+07	1.06468e+07	1.05982e+07	1.05895e+07	
1.04205e+07	1.04735e+07	1.03878e+07	1.04478e+07	1.0454e+07	
1.03715e+07	1.0406e+07	1.04798e+07	1.0522e+07	1.0495e+07	
1.01875e+07	1.0309e+07	1.02398e+07	1.03205e+07	1.04018e+07	
1.00732e+07	1.00545e+07	1.01705e+07	1.0241e+07	1.02542e+07	
1.0115e+07	1.00235e+07	1.011e+07	1.01988e+07	1.00558e+07	
1.01238e+07	1.01162e+07	1.02008e+07	1.00318e+07	1.01622e+07	
1.04598e+07	1.0466e+07	1.04395e+07	1.05088e+07	1.0447e+07	
1.0539e+07	1.04338e+07	1.04255e+07	1.0452e+07	1.06248e+07	
1.0403e+07	1.042e+07	1.0503e+07	1.05522e+07	1.04665e+07	
1.0294e+07	1.0379e+07	1.0488e+07	1.03558e+07	1.0563e+07	
1.02e+07	1.03285e+07	1.0464e+07	1.03885e+07	1.0321e+07	
1.0321e+07	1.03418e+07	1.04005e+07	1.04275e+07	1.0495e+07	
1.0367e+07	1.03562e+07	1.0527e+07	1.0437e+07	1.0435e+07	
1.0638e+07	1.07262e+07	1.07022e+07	1.07495e+07	1.07872e+07	
1.0575e+07	1.0621e+07	1.05572e+07	1.04888e+07	1.05642e+07	
1.04155e+07	1.04508e+07	1.05252e+07	1.05175e+07	1.0641e+07	
1.04635e+07	1.05372e+07	1.05598e+07	1.06405e+07	1.05768e+07	
1.04098e+07	1.03778e+07	1.035e+07	1.04532e+07	1.04388e+07	
1.02025e+07	1.0234e+07	1.0323e+07	1.02075e+07	1.0268e+07	
1.0292e+07	1.02808e+07	1.03638e+07	1.03418e+07	1.04338e+07	
1.01175e+07	1.0256e+07	1.02062e+07	1.02555e+07	1.0219e+07	
1.00442e+07	1.00778e+07	1.01258e+07	1.01458e+07	1.01478e+07	
1.00318e+07	1.01818e+07	1.01288e+07	1.0159e+07	1.019e+07	
1.01358e+07	1.013e+07	1.0171e+07	1.01862e+07	1.02328e+07	
1.01478e+07	1.02618e+07	1.04332e+07	1.0217e+07	1.03678e+07	
1.02965e+07	1.0328e+07	1.0459e+07	1.02982e+07	1.04072e+07	
1.01075e+07	1.0139e+07	1.02285e+07	1.01805e+07	1.03028e+07	
9.7785e+06	9.72225e+06	9.77275e+06	9.8485e+06	9.9e+06	
9.292e+06	9.3475e+06	9.326e+06	9.4885e+06	9.3845e+06	
9.0625e+06	9.035e+06	9.19125e+06	9.188e+06	9.15975e+06	
9.2655e+06	9.3115e+06	9.29525e+06	9.362e+06	9.26175e+06	
9.447e+06	9.425e+06	9.457e+06	9.374e+06	9.56725e+06	
9.3695e+06	9.428e+06	9.47725e+06	9.50625e+06	9.43e+06	
9.41225e+06	9.43125e+06	9.4835e+06	9.4855e+06	9.4305e+06	
9.701e+06	9.72875e+06	9.808e+06	9.7205e+06	9.8e+06	
9.834e+06	9.7985e+06	9.871e+06	9.9095e+06	1.00085e+07	
1.0038e+07	1.013e+07	1.0188e+07	1.00732e+07	1.01358e+07	
1.01818e+07	1.0176e+07	1.03782e+07	1.0369e+07	1.0362e+07	
1.0294e+07	1.02758e+07	1.0471e+07	1.03582e+07	1.03525e+07	
1.03222e+07	1.03828e+07	1.03218e+07	1.04698e+07	1.04855e+07	
1.03752e+07	1.04295e+07	1.05348e+07	1.05402e+07	1.04925e+07	
1.04772e+07	1.04742e+07	1.04842e+07	1.06222e+07	1.05838e+07	
1.05175e+07	1.05875e+07	1.07292e+07	1.06322e+07	1.06922e+07	
1.05182e+07	1.06058e+07	1.07122e+07	1.06222e+07	1.06292e+07	
1.04238e+07	1.03608e+07	1.05422e+07	1.04962e+07	1.0595e+07	
1.0348e+07	1.04495e+07	1.04018e+07	1.05088e+07	1.04835e+07	
1.03715e+07	1.0374e+07	1.04822e+07	1.03545e+07	1.04362e+07	
1.0553e+07	1.05755e+07	1.05705e+07	1.0716e+07	1.07072e+07	
1.07818e+07	1.07582e+07	1.0827e+07	1.0832e+07	1.09228e+07	
1.09902e+07	1.0989e+07	1.0825e+07	1.103e+07	1.0955e+07	
1.0955e+07	1.10142e+07	1.09952e+07	1.1011e+07	1.10388e+07	
1.09398e+07	1.1047e+07	1.09575e+07	1.09758e+07	1.10835e+07	
1.08162e+07	1.0926e+07	1.09272e+07	1.11175e+07	1.10512e+07	
1.0897e+07	1.08888e+07	1.09132e+07	1.09398e+07	1.09852e+07	
1.06165e+07	1.07118e+07	1.0655e+07	1.07325e+07	1.0759e+07	
1.03608e+07	1.03625e+07	1.04515e+07	1.04092e+07	1.04345e+07	
9.97625e+06	9.929e+06	9.99525e+06	1.00955e+07	1.0047e+07	
1.00922e+07	1.01722e+07	1.01138e+07	1.00488e+07	1.01888e+07	
1.01578e+07	1.02662e+07	1.01332e+07	1.0294e+07	1.0319e+07	
1.03205e+07	1.04332e+07	1.04728e+07	1.0469e+07	1.04068e+07	
1.05718e+07	1.06782e+07	1.07092e+07	1.07118e+07	1.0786e+07	
1.08208e+07	1.08145e+07	1.08125e+07	1.088e+07	1.08825e+07	
1.10148e+07	1.1013e+07	1.09965e+07	1.12032e+07	1.1088e+07	
1.11155e+07	1.13412e+07	1.11912e+07	1.12392e+07	1.13815e+07	
1.1096e+07	1.10172e+07	1.1234e+07	1.10658e+07	1.12285e+07	
1.1064e+07	1.10948e+07	1.1149e+07	1.11792e+07	1.1171e+07	
1.11598e+07	1.10495e+07	1.1125e+07	1.12108e+07	1.11692e+07	
1.11142e+07	1.11825e+07	1.14275e+07	1.13318e+07	1.13388e+07	
1.1224e+07	1.12008e+07	1.13148e+07	1.13312e+07	1.1343e+07	
1.13235e+07	1.12908e+07	1.13765e+07	1.13628e+07	1.1464e+07	
1.12385e+07	1.12322e+07	1.12202e+07	1.12618e+07	1.13475e+07	
1.10305e+07	1.1062e+07	1.10368e+07	1.10972e+07	1.11105e+07	
1.07382e+07	1.0752e+07	1.08642e+07	1.09082e+07	1.095e+07	
1.06972e+07	1.06675e+07	1.0735e+07	1.07192e+07	1.06972e+07	
1.0616e+07	1.0757e+07	1.07055e+07	1.06922e+07	1.07652e+07	
1.08175e+07	1.07375e+07	1.08718e+07	1.08912e+07	1.0909e+07	
1.08522e+07	1.081e+07	1.0747e+07	1.08945e+07	1.09215e+07	
1.09468e+07	1.08315e+07	1.08535e+07	1.09285e+07	1.10135e+07	
1.08825e+07	1.08245e+07	1.08448e+07	1.08655e+07	1.10338e+07	
1.09435e+07	1.0946e+07	1.1098e+07	1.12265e+07	1.10652e+07	
1.10582e+07	1.10388e+07	1.12468e+07	1.12418e+07	1.12115e+07	
1.11842e+07	1.12158e+07	1.11892e+07	1.12492e+07	1.12315e+07	
1.11825e+07	1.10918e+07	1.11472e+07	1.11855e+07	1.13342e+07	
1.10065e+07	1.10002e+07	1.11892e+07	1.10205e+07	1.1071e+07	
1.08465e+07	1.0825e+07	1.0972e+07	1.09152e+07	1.10752e+07	
1.08092e+07	1.09008e+07	1.10022e+07	1.09418e+07	1.09518e+07	
1.08042e+07	1.0786e+07	1.08635e+07	1.0783e+07	1.0963e+07	
1.0844e+07	1.0955e+07	1.0902e+07	1.10458e+07	1.09612e+07	
1.0907e+07	1.09302e+07	1.10148e+07	1.10602e+07	1.1035e+07	
1.09745e+07	1.10408e+07	1.09165e+07	1.10935e+07	1.10462e+07	
1.09725e+07	1.09235e+07	1.09078e+07	1.09972e+07	1.10035e+07	
1.09185e+07	1.08775e+07	1.09708e+07	1.09368e+07	1.09008e+07	
1.06758e+07	1.0808e+07	1.08498e+07	1.0735e+07	1.08995e+07	
1.06128e+07	1.05832e+07	1.0614e+07	1.05725e+07	1.05775e+07	
1.05005e+07	1.04138e+07	1.05058e+07	1.05385e+07	1.0568e+07	
1.02762e+07	1.03588e+07	1.03902e+07	1.04652e+07	1.04772e+07	
1.0471e+07	1.04142e+07	1.04408e+07	1.03848e+07	1.05478e+07	
1.04055e+07	1.04678e+07	1.06008e+07	1.05232e+07	1.05825e+07	
1.0597e+07	1.06802e+07	1.0546e+07	1.07962e+07	1.07748e+07	
1.05485e+07	1.05668e+07	1.07085e+07	1.06518e+07	1.06852e+07	
1.05725e+07	1.05315e+07	1.05938e+07	1.05965e+07	1.066e+07	
1.06658e+07	1.07042e+07	1.07122e+07	1.06682e+07	1.08378e+07	
1.05422e+07	1.05788e+07	1.0573e+07	1.05965e+07	1.07028e+07	
1.06645e+07	1.06935e+07	1.07048e+07	1.074e+07	1.06902e+07	
1.05775e+07	1.06178e+07	1.07458e+07	1.07752e+07	1.0841e+07	
1.0645e+07	1.0841e+07	1.07968e+07	1.07992e+07	1.09228e+07	
1.05882e+07	1.07345e+07	1.0774e+07	1.0728e+07	1.07495e+07	
1.07722e+07	1.07412e+07	1.0786e+07	1.07752e+07	1.08435e+07	
1.09128e+07	1.082e+07	1.08725e+07	1.0933e+07	1.10552e+07	
1.06462e+07	1.06728e+07	1.07338e+07	1.0735e+07	1.0798e+07	
1.07728e+07	1.0706e+07	1.08805e+07	1.08502e+07	1.08982e+07	
1.0655e+07	1.06538e+07	1.0815e+07	1.0832e+07	1.08278e+07	
1.06135e+07	1.06928e+07	1.07855e+07	1.07312e+07	1.06708e+07	
1.06272e+07	1.06562e+07	1.07205e+07	1.07092e+07	1.07905e+07	
1.0587e+07	1.05448e+07	1.05692e+07	1.05348e+07	1.06318e+07	
1.03418e+07	1.04698e+07	1.034e+07	1.04532e+07	1.05452e+07	
1.03972e+07	1.04672e+07	1.04635e+07	1.0616e+07	1.0641e+07	
1.04282e+07	1.0624e+07	1.05838e+07	1.05378e+07	1.06425e+07	
1.06645e+07	1.05452e+07	1.059e+07	1.06778e+07	1.0706e+07	
1.0517e+07	1.0592e+07	1.05812e+07	1.07042e+07	1.06028e+07	
1.0595e+07	1.06298e+07	1.06405e+07	1.07412e+07	1.07445e+07	
1.07288e+07	1.06322e+07	1.06568e+07	1.06512e+07	1.0607e+07	
1.0561e+07	1.06758e+07	1.06568e+07	1.07042e+07	1.06998e+07	
1.05788e+07	1.05465e+07	1.06385e+07	1.06645e+07	1.06462e+07	
1.04735e+07	1.0522e+07	1.05498e+07	1.04848e+07	1.06588e+07	
1.03728e+07	1.05762e+07	1.0626e+07	1.04798e+07	1.06058e+07	
1.05302e+07	1.04818e+07	1.0522e+07	1.0529e+07	1.06342e+07	
1.05912e+07	1.0636e+07	1.0701e+07	1.07962e+07	1.08182e+07	
1.05132e+07	1.06102e+07	1.05895e+07	1.05498e+07	1.06728e+07	
1.05775e+07	1.05278e+07	1.0515e+07	1.05605e+07	1.05352e+07	
1.05308e+07	1.04702e+07	1.06588e+07	1.05932e+07	1.06525e+07	
1.04822e+07	1.04105e+07	1.04748e+07	1.05725e+07	1.04652e+07	
1.04452e+07	1.0452e+07	1.0597e+07	1.06418e+07	1.0561e+07	
1.05258e+07	1.05302e+07	1.05875e+07	1.06462e+07	1.0614e+07	
1.06135e+07	1.0573e+07	1.0728e+07	1.067e+07	1.06198e+07	
1.06582e+07	1.06935e+07	1.0708e+07	1.06488e+07	1.0745e+07	
1.05882e+07	1.07868e+07	1.06348e+07	1.07922e+07	1.0808e+07	
1.0599e+07	1.06675e+07	1.07765e+07	1.0687e+07	1.07918e+07	
1.0401e+07	1.04242e+07	1.04545e+07	1.06032e+07	1.05712e+07	
1.04598e+07	1.04835e+07	1.04715e+07	1.05018e+07	1.06405e+07	
1.04295e+07	1.03562e+07	1.0372e+07	1.04495e+07	1.04138e+07	
1.01988e+07	1.02468e+07	1.02978e+07	1.02328e+07	1.03128e+07	
1.01955e+07	1.0217e+07	1.03625e+07	1.03682e+07	1.0219e+07	
1.0302e+07	1.0302e+07	1.036e+07	1.03098e+07	1.03545e+07	
1.01862e+07	1.01602e+07	1.02705e+07	1.0195e+07	1.03475e+07	
1.03298e+07	1.01672e+07	1.02875e+07	1.0292e+07	1.0263e+07	
1.00015e+07	9.91825e+06	9.982e+06	1.0011e+07	1.00678e+07	
1.00732e+07	9.88375e+06	1.00065e+07	1.0006e+07	9.999e+06	
9.984e+06	9.89825e+06	9.88675e+06	1.00052e+07	1.00898e+07	
9.88675e+06	9.97e+06	1.00135e+07	1.00852e+07	1.0067e+07	
1.00102e+07	1.01358e+07	1.0118e+07	1.0076e+07	1.00222e+07	
1.0081e+07	1.01312e+07	1.0043e+07	1.01508e+07	1.02132e+07	
1.02505e+07	1.00998e+07	1.03028e+07	1.02112e+07	1.02145e+07	
1.0241e+07	1.03318e+07	1.03098e+07	1.02932e+07	1.04465e+07	
1.0176e+07	1.0306e+07	1.02165e+07	1.02738e+07	1.03545e+07	
1.00588e+07	1.01325e+07	1.01818e+07	1.01345e+07	1.0265e+07	
1.0011e+07	1.02568e+07	1.01508e+07	1.01628e+07	1.02978e+07	
1.01308e+07	1.01112e+07	1.0185e+07	1.02132e+07	1.01825e+07	
1.01755e+07	1.0227e+07	1.02788e+07	1.02202e+07	1.0447e+07	
1.03115e+07	1.02592e+07	1.03442e+07	1.03305e+07	1.04452e+07	
1.02908e+07	1.02902e+07	1.0282e+07	1.0253e+07	1.03412e+07	
1.0074e+07	1.02385e+07	1.0246e+07	1.02045e+07	1.02365e+07	
1.02108e+07	1.01862e+07	1.02642e+07	1.0178e+07	1.03562e+07	
1.01755e+07	1.02568e+07	1.0159e+07	1.021e+07	1.03322e+07	
1.0057e+07	1.01325e+07	1.02612e+07	1.01798e+07	1.03292e+07	
1.00072e+07	1.0181e+07	1.01665e+07	1.0171e+07	1.01282e+07	
9.98075e+06	1.00405e+07	1.0043e+07	1.0069e+07	1.0168e+07	
1.00102e+07	9.97e+06	9.984e+06	9.9485e+06	1.00122e+07	
9.99025e+06	9.917e+06	1.00085e+07	1.00778e+07	1.00732e+07	
1.00998e+07	1.00355e+07	1.0062e+07	1.00362e+07	1.01515e+07	
1.0076e+07	1.011e+07	1.01825e+07	1.01048e+07	1.0188e+07	
1.01585e+07	1.00955e+07	1.01332e+07	1.01635e+07	1.03002e+07	
1.0079e+07	1.01092e+07	1.02775e+07	1.0212e+07	1.028e+07	
1.0055e+07	1.00122e+07	1.00815e+07	1.00922e+07	1.01698e+07	
9.9045e+06	9.95925e+06	9.955e+06	9.953e+06	1.00325e+07	
9.9365e+06	9.99775e+06	1.00312e+07	1.0091e+07	1.00292e+07	
9.8755e+06	9.93975e+06	1.0052e+07	9.96e+06	1.0132e+07	
9.80925e+06	9.9025e+06	9.92525e+06	9.94925e+06	1.0021e+07	
9.8905e+06	9.86675e+06	9.885e+06	1.00442e+07	1.0021e+07	
9.91025e+06	9.94225e+06	9.90625e+06	9.98075e+06	9.8705e+06	
9.72675e+06	9.63925e+06	9.7855e+06	9.88e+06	9.69775e+06	
9.65625e+06	9.60775e+06	9.723e+06	9.63675e+06	9.64925e+06	
9.72225e+06	9.7765e+06	9.71475e+06	9.79225e+06	9.8295e+06	
9.641e+06	9.856e+06	9.84975e+06	9.95225e+06	9.977e+06	
9.7815e+06	9.822e+06	9.86925e+06	9.9215e+06	9.946e+06	
9.9485e+06	1.0057e+07	1.0062e+07	1.00512e+07	1.00652e+07	
9.8705e+06	9.90775e+06	9.98325e+06	9.98775e+06	9.97e+06	
1.00482e+07	1.00715e+07	1.011e+07	1.0144e+07	1.01055e+07	
9.946e+06	9.999e+06	1.01798e+07	1.01042e+07	1.01365e+07	
9.95425e+06	9.8735e+06	1.00992e+07	1.00595e+07	9.9825e+06	
9.90075e+06	1.00772e+07	1.00532e+07	9.97825e+06	1.0052e+07	
9.8175e+06	9.769e+06	9.9745e+06	9.98075e+06	9.919e+06	
9.9e+06	9.83825e+06	9.89325e+06	9.953e+06	9.892e+06	
9.6865e+06	9.77475e+06	9.76275e+06	9.7185e+06	9.80675e+06	
9.7545e+06	9.80875e+06	9.808e+06	9.80625e+06	9.78675e+06	
9.694e+06	9.7255e+06	9.78675e+06	9.74625e+06	9.8275e+06	
9.7065e+06	9.61525e+06	9.7545e+06	9.70475e+06	9.78225e+06	
9.69975e+06	9.733e+06	9.781e+06	9.754e+06	9.77025e+06	
9.74075e+06	9.77725e+06	9.762e+06	9.82575e+06	9.7765e+06	
9.63975e+06	9.6645e+06	9.6145e+06	9.75775e+06	9.75775e+06	
9.62975e+06	9.6555e+06	9.7135e+06	9.7475e+06	9.8e+06	
9.53775e+06	9.54225e+06	9.6145e+06	9.587e+06	9.689e+06	
9.641e+06	9.604e+06	9.63675e+06	9.74e+06	9.65e+06	
9.49175e+06	9.50375e+06	9.554e+06	9.49375e+06	9.59375e+06	
9.51325e+06	9.491e+06	9.54725e+06	9.5805e+06	9.58575e+06	
9.49175e+06	9.61025e+06	9.63175e+06	9.61725e+06	9.6235e+06	
9.55025e+06	9.6505e+06	9.53975e+06	9.6355e+06	9.544e+06	
9.602e+06	9.59575e+06	9.68525e+06	9.65375e+06	9.63925e+06	
9.5825e+06	9.5435e+06	9.73125e+06	9.62525e+06	9.65375e+06	
9.57925e+06	9.4665e+06	9.662e+06	9.626e+06	9.62975e+06	
9.5925e+06	9.653e+06	9.7065e+06	9.6935e+06	9.7645e+06	
9.554e+06	9.65925e+06	9.759e+06	9.69975e+06	9.87475e+06	
9.65175e+06	9.573e+06	9.57875e+06	9.6525e+06	9.7255e+06	
9.61525e+06	9.60075e+06	9.78275e+06	9.658e+06	9.77225e+06	
9.65175e+06	9.784e+06	9.84775e+06	9.77475e+06	9.7815e+06	
9.66575e+06	9.638e+06	9.704e+06	9.706e+06	9.7015e+06	
9.5825e+06	9.70275e+06	9.7715e+06	9.665e+06	9.75e+06	
9.61075e+06	9.60325e+06	9.65375e+06	9.6555e+06	9.667e+06	
9.696e+06	9.6965e+06	9.70525e+06	9.65175e+06	9.71925e+06	
9.44825e+06	9.62775e+06	9.71425e+06	9.6725e+06	9.69725e+06	
9.5055e+06	9.51825e+06	9.646e+06	9.53075e+06	9.6865e+06	
9.4375e+06	9.3795e+06	9.53825e+06	9.5195e+06	9.529e+06	
9.215e+06	9.2845e+06	9.3675e+06	9.34175e+06	9.4305e+06	
9.357e+06	9.23525e+06	9.261e+06	9.30575e+06	9.273e+06	
9.173e+06	9.18675e+06	9.1545e+06	9.232e+06	9.23775e+06	
9.19375e+06	9.19875e+06	9.31475e+06	9.253e+06	9.2995e+06	
9.244e+06	9.2365e+06	9.2945e+06	9.40475e+06	9.32275e+06	
9.21e+06	9.21825e+06	9.26225e+06	9.17475e+06	9.26625e+06	
9.1495e+06	9.19875e+06	9.2215e+06	9.229e+06	9.3135e+06	
9.132e+06	9.1955e+06	9.13825e+06	9.26225e+06	9.21625e+06	
8.98e+06	9.03425e+06	9.0645e+06	9.0525e+06	9.06575e+06	
8.7545e+06	8.776e+06	8.84025e+06	8.827e+06	8.728e+06	
8.39725e+06	8.459e+06	8.41675e+06	8.527e+06	8.682e+06	
8.21575e+06	8.13575e+06	8.312e+06	8.2555e+06	8.3455e+06	
8.11625e+06	8.08325e+06	8.181e+06	8.137e+06	8.21375e+06	
8.21875e+06	8.31275e+06	8.17025e+06	8.26425e+06	8.307e+06	
8.29e+06	8.37125e+06	8.353e+06	8.513e+06	8.3475e+06	
8.4015e+06	8.44875e+06	8.4475e+06	8.493e+06	8.4595e+06	
8.40275e+06	8.4445e+06	8.43175e+06	8.45e+06	8.51575e+06	
8.45775e+06	8.56225e+06	8.64225e+06	8.66825e+06	8.66125e+06	
8.45075e+06	8.50675e+06	8.505e+06	8.55275e+06	8.68775e+06	
8.51825e+06	8.5105e+06	8.54725e+06	8.58175e+06	8.6575e+06	
8.58625e+06	8.66425e+06	8.62475e+06	8.5755e+06	8.5685e+06	
8.47725e+06	8.4325e+06	8.5245e+06	8.47475e+06	8.59575e+06	
8.5025e+06	8.498e+06	8.66125e+06	8.57225e+06	8.6025e+06	
8.5365e+06	8.6265e+06	8.58375e+06	8.53575e+06	8.69525e+06	
8.50125e+06	8.61075e+06	8.5635e+06	8.5465e+06	8.6385e+06	
8.42675e+06	8.471e+06	8.602e+06	8.5685e+06	8.6095e+06	
8.49425e+06	8.5e+06	8.49675e+06	8.58625e+06	8.542e+06	
8.309e+06	8.3915e+06	8.4815e+06	8.49925e+06	8.5005e+06	
8.321e+06	8.355e+06	8.413e+06	8.29825e+06	8.3965e+06	
8.35125e+06	8.42875e+06	8.554e+06	8.52e+06	8.53825e+06	
8.406e+06	8.39025e+06	8.47725e+06	8.4595e+06	8.5175e+06	
8.39725e+06	8.483e+06	8.50925e+06	8.5755e+06	8.50675e+06	
8.404e+06	8.45275e+06	8.45125e+06	8.50425e+06	8.56425e+06	
8.445e+06	8.399e+06	8.457e+06	8.49925e+06	8.542e+06	
8.45e+06	8.4815e+06	8.47475e+06	8.6215e+06	8.602e+06	
8.4225e+06	8.4205e+06	8.44625e+06	8.55225e+06	8.6165e+06	
8.31075e+06	8.31325e+06	8.38825e+06	8.2725e+06	8.396e+06	
8.33675e+06	8.4155e+06	8.39975e+06	8.38825e+06	8.5225e+06	
8.239e+06	8.33925e+06	8.38825e+06	8.3695e+06	8.3795e+06	
8.389e+06	8.2535e+06	8.396e+06	8.47475e+06	8.40925e+06	
8.321e+06	8.38775e+06	8.3555e+06	8.50175e+06	8.41925e+06	
8.314e+06	8.343e+06	8.39475e+06	8.35175e+06	8.35925e+06	
8.3045e+06	8.34625e+06	8.44575e+06	8.45775e+06	8.38575e+06	
8.34625e+06	8.326e+06	8.34425e+06	8.3095e+06	8.29825e+06	
8.343e+06	8.32225e+06	8.40225e+06	8.343e+06	8.50175e+06	
8.1175e+06	8.1835e+06	8.2385e+06	8.2875e+06	8.1805e+06	
8.16225e+06	8.295e+06	8.29075e+06	8.30825e+06	8.3045e+06	
8.1785e+06	8.261e+06	8.23775e+06	8.29325e+06	8.26725e+06	
8.0935e+06	8.1515e+06	8.23275e+06	8.19625e+06	8.212e+06	
8.16275e+06	8.26425e+06	8.22525e+06	8.25725e+06	8.25475e+06	
8.15825e+06	8.2845e+06	8.2845e+06	8.159e+06	8.29075e+06	
8.23075e+06	8.27625e+06	8.2825e+06	8.2875e+06	8.336e+06	
8.263e+06	8.35375e+06	8.4475e+06	8.35925e+06	8.479e+06	
8.2345e+06	8.309e+06	8.44625e+06	8.312e+06	8.40725e+06	
8.229e+06	8.2755e+06	8.358e+06	8.367e+06	8.46025e+06	
8.34875e+06	8.29325e+06	8.418e+06	8.387e+06	8.39975e+06	
8.302e+06	8.36375e+06	8.372e+06	8.396e+06	8.38575e+06	
8.2345e+06	8.3215e+06	8.39775e+06	8.44575e+06	8.43e+06	
8.19925e+06	8.34225e+06	8.33175e+06	8.418e+06	8.38025e+06	
8.27925e+06	8.159e+06	8.32775e+06	8.28575e+06	8.35625e+06	
8.1225e+06	8.203e+06	8.2315e+06	8.23525e+06	8.32225e+06	
8.19625e+06	8.25225e+06	8.34225e+06	8.3215e+06	8.2585e+06	
8.164e+06	8.307e+06	8.24775e+06	8.287e+06	8.38525e+06	
8.261e+06	8.25025e+06	8.24275e+06	8.26675e+06	8.2265e+06	
8.205e+06	8.1565e+06	8.227e+06	8.232e+06	8.246e+06	
8.15575e+06	8.0915e+06	8.23525e+06	8.18675e+06	8.27175e+06	
8.147e+06	8.1135e+06	8.19875e+06	8.17225e+06	8.24275e+06	
8.03925e+06	8.0965e+06	8.1955e+06	8.24025e+06	8.23525e+06	
8.0675e+06	8.1375e+06	8.07825e+06	8.1545e+06	8.10925e+06	
7.99e+06	8.0745e+06	8.154e+06	8.16775e+06	8.1835e+06	
7.99325e+06	8.06575e+06	8.12125e+06	8.0505e+06	8.215e+06	
7.99e+06	7.975e+06	8.14075e+06	8.22075e+06	8.1565e+06	
7.95425e+06	8.057e+06	8.04125e+06	8.03925e+06	8.08475e+06	
7.9e+06	7.93025e+06	7.99125e+06	8.043e+06	7.994e+06	
7.94475e+06	8.0385e+06	8.12875e+06	8.04875e+06	8.01725e+06	
8.01525e+06	8.0645e+06	8.06825e+06	8.0935e+06	8.05575e+06	
7.91825e+06	8.01275e+06	7.992e+06	7.99075e+06	8.06825e+06	
7.929e+06	7.9415e+06	7.93075e+06	8.02725e+06	7.97825e+06	
7.9045e+06	7.9625e+06	8.0715e+06	7.9145e+06	8.04625e+06	
7.87675e+06	7.9145e+06	7.9045e+06	7.98625e+06	8.07525e+06	
7.86525e+06	7.98825e+06	7.961e+06	7.9585e+06	7.9585e+06	
7.7955e+06	7.85525e+06	7.88225e+06	7.96625e+06	7.96375e+06	
7.75375e+06	7.8105e+06	7.90375e+06	7.80425e+06	7.98375e+06	
7.76575e+06	7.849e+06	7.80225e+06	7.762e+06	7.78225e+06	
7.71025e+06	7.88425e+06	7.893e+06	7.86725e+06	7.91775e+06	
7.82575e+06	7.87175e+06	7.79925e+06	7.80425e+06	7.94925e+06	
7.73375e+06	7.83575e+06	7.93725e+06	7.8245e+06	7.91375e+06	
7.70275e+06	7.70075e+06	7.71975e+06	7.77075e+06	7.861e+06	
7.6195e+06	7.72925e+06	7.6655e+06	7.68825e+06	7.7665e+06	
7.51875e+06	7.60575e+06	7.57475e+06	7.699e+06	7.69025e+06	
7.5735e+06	7.69025e+06	7.72675e+06	7.583e+06	7.69575e+06	
7.6335e+06	7.5395e+06	7.6575e+06	7.64475e+06	7.605e+06	
7.52125e+06	7.55525e+06	7.57475e+06	7.59825e+06	7.74e+06	
7.70775e+06	7.68825e+06	7.64225e+06	7.69025e+06	7.7065e+06	
7.64225e+06	7.66175e+06	7.7495e+06	7.735e+06	7.72925e+06	
7.70225e+06	7.66375e+06	7.721e+06	7.76525e+06	7.74825e+06	
7.629e+06	7.72425e+06	7.6245e+06	7.76825e+06	7.6675e+06	
7.75575e+06	7.64175e+06	7.7695e+06	7.73375e+06	7.79925e+06	
7.6725e+06	7.714e+06	7.699e+06	7.79725e+06	7.74875e+06	
7.738e+06	7.69325e+06	7.706e+06	7.7285e+06	7.81925e+06	
7.619e+06	7.74125e+06	7.8375e+06	7.82575e+06	7.72425e+06	
7.663e+06	7.76e+06	7.75575e+06	7.7305e+06	7.806e+06	
7.7495e+06	7.69575e+06	7.70225e+06	7.74675e+06	7.7935e+06	
7.71525e+06	7.74125e+06	7.808e+06	7.7915e+06	7.77575e+06	
7.689e+06	7.5515e+06	7.63725e+06	7.6145e+06	7.66625e+06	
7.63775e+06	7.6485e+06	7.7425e+06	7.65425e+06	7.803e+06	
7.476e+06	7.49175e+06	7.4985e+06	7.57425e+06	7.65225e+06	
7.479e+06	7.52625e+06	7.585e+06	7.52575e+06	7.762e+06	
7.47725e+06	7.44825e+06	7.484e+06	7.51625e+06	7.67125e+06	
7.47775e+06	7.4645e+06	7.4545e+06	7.467e+06	7.537e+06	
7.47075e+06	7.4765e+06	7.59125e+06	7.513e+06	7.547e+06	
7.404e+06	7.399e+06	7.457e+06	7.38275e+06	7.57175e+06	
7.3525e+06	7.37875e+06	7.42675e+06	7.38575e+06	7.37575e+06	
7.25975e+06	7.34225e+06	7.35625e+06	7.3865e+06	7.35425e+06	
7.27875e+06	7.27875e+06	7.28375e+06	7.40975e+06	7.32475e+06	
7.26425e+06	7.288e+06	7.25725e+06	7.33025e+06	7.32975e+06	
7.19425e+06	7.1035e+06	7.2345e+06	7.2465e+06	7.244e+06	
7.14075e+06	7.29375e+06	7.198e+06	7.24275e+06	7.22625e+06	
7.2465e+06	7.14075e+06	7.198e+06	7.27875e+06	7.29e+06	
7.16775e+06	7.24075e+06	7.23075e+06	7.1665e+06	7.2995e+06	
7.2515e+06	7.22075e+06	7.3045e+06	7.25275e+06	7.25275e+06	
7.1105e+06	7.20375e+06	7.17475e+06	7.157e+06	7.25525e+06	
7.03475e+06	7.18175e+06	7.0645e+06	7.1765e+06	7.2465e+06	
7.07375e+06	7.05375e+06	7.106e+06	7.048e+06	7.0865e+06	
6.9725e+06	6.93325e+06	7.0555e+06	7.0625e+06	7.11175e+06	
7.04225e+06	6.93325e+06	6.9e+06	7.00025e+06	7.02025e+06	
7.01475e+06	6.96675e+06	6.946e+06	7.077e+06	7.00775e+06	
7.0095e+06	7.007e+06	7.09225e+06	7.00825e+06	7.0625e+06	
6.9485e+06	6.941e+06	7.01975e+06	6.9755e+06	6.97875e+06	
6.8635e+06	6.91825e+06	6.88225e+06	6.8785e+06	6.9535e+06	
6.90625e+06	6.912e+06	7.0405e+06	7.002e+06	6.99075e+06	
6.91375e+06	6.85325e+06	7.01525e+06	6.95975e+06	6.99075e+06	
6.7185e+06	6.794e+06	6.8665e+06	6.85775e+06	6.9215e+06	
6.78725e+06	6.786e+06	6.84325e+06	6.961e+06	6.87675e+06	
6.765e+06	6.757e+06	6.85025e+06	6.79525e+06	6.91075e+06	
6.7765e+06	6.70325e+06	6.76625e+06	6.88475e+06	6.88675e+06	
6.6655e+06	6.7085e+06	6.75375e+06	6.85825e+06	6.86525e+06	
6.80225e+06	6.893e+06	6.818e+06	6.91825e+06	6.81925e+06	
6.84e+06	6.81175e+06	6.85075e+06	6.88925e+06	6.8885e+06	
6.71725e+06	6.68625e+06	6.73925e+06	6.789e+06	6.79225e+06	
6.73425e+06	6.76075e+06	6.69525e+06	6.78075e+06	6.7865e+06	
6.7355e+06	6.70525e+06	6.786e+06	6.794e+06	6.78975e+06	
6.714e+06	6.86025e+06	6.697e+06	6.757e+06	6.7985e+06	
6.66125e+06	6.7545e+06	6.64025e+06	6.832e+06	6.85575e+06	
6.66925e+06	6.675e+06	6.7165e+06	6.782e+06	6.79475e+06	
6.685e+06	6.68325e+06	6.64275e+06	6.74e+06	6.66125e+06	
6.585e+06	6.65175e+06	6.7675e+06	6.64475e+06	6.68875e+06	
6.66625e+06	6.602e+06	6.653e+06	6.54775e+06	6.69075e+06	
6.65225e+06	6.65725e+06	6.65475e+06	6.71275e+06	6.745e+06	
6.6505e+06	6.624e+06	6.6295e+06	6.6825e+06	6.69e+06	
6.53575e+06	6.56775e+06	6.6245e+06	6.6795e+06	6.685e+06	
6.66875e+06	6.634e+06	6.62025e+06	6.59375e+06	6.6825e+06	
6.5225e+06	6.59e+06	6.59675e+06	6.72025e+06	6.6825e+06	
6.48275e+06	6.66425e+06	6.70575e+06	6.5785e+06	6.6755e+06	
6.602e+06	6.537e+06	6.59875e+06	6.66675e+06	6.697e+06	
6.6215e+06	6.5375e+06	6.61e+06	6.60625e+06	6.65175e+06	
6.53e+06	6.47525e+06	6.51875e+06	6.50175e+06	6.484e+06	
6.452e+06	6.53e+06	6.53575e+06	6.5345e+06	6.5345e+06	
6.368e+06	6.34675e+06	6.40525e+06	6.3945e+06	6.4255e+06	
6.34675e+06	6.37875e+06	6.4525e+06	6.42725e+06	6.484e+06	
6.33525e+06	6.326e+06	6.51375e+06	6.3845e+06	6.343e+06	
6.32975e+06	6.2295e+06	6.38825e+06	6.34225e+06	6.394e+06	
6.26025e+06	6.28425e+06	6.29e+06	6.33475e+06	6.3965e+06	
6.1785e+06	6.29375e+06	6.31025e+06	6.319e+06	6.319e+06	
6.28875e+06	6.23e+06	6.36675e+06	6.27725e+06	6.34975e+06	
6.29575e+06	6.2615e+06	6.2105e+06	6.22825e+06	6.26425e+06	
6.169e+06	6.17975e+06	6.249e+06	6.164e+06	6.2655e+06	
6.26425e+06	6.2345e+06	6.33475e+06	6.271e+06	6.32975e+06	
6.227e+06	6.22075e+06	6.27925e+06	6.251e+06	6.27875e+06	
6.15775e+06	6.19725e+06	6.18925e+06	6.268e+06	6.31025e+06	
6.18225e+06	6.145e+06	6.23575e+06	6.184e+06	6.29125e+06	
6.13175e+06	6.17475e+06	6.20925e+06	6.13675e+06	6.22125e+06	
6.17275e+06	6.0775e+06	6.09975e+06	6.18025e+06	6.193e+06	
6.0725e+06	6.1085e+06	6.12225e+06	6.15125e+06	6.2245e+06	
6.07075e+06	6.0725e+06	6.12925e+06	6.13175e+06	6.11925e+06	
6.01575e+06	6.0315e+06	6.019e+06	6.021e+06	6.04675e+06	
5.997e+06	6.012e+06	6.06e+06	6.06375e+06	6.08075e+06	
5.93075e+06	5.922e+06	5.9685e+06	5.90925e+06	6.1035e+06	
5.84e+06	5.9075e+06	5.9435e+06	5.939e+06	6.07625e+06	
5.85825e+06	5.78575e+06	5.799e+06	5.96675e+06	5.92125e+06	
5.91375e+06	5.81475e+06	5.845e+06	5.905e+06	5.96725e+06	
5.7595e+06	5.7795e+06	5.8085e+06	5.72975e+06	5.88475e+06	
5.7505e+06	5.7915e+06	5.82125e+06	5.8685e+06	5.8975e+06	
5.73425e+06	5.72975e+06	5.74675e+06	5.8035e+06	5.79275e+06	
5.787e+06	5.702e+06	5.7095e+06	5.77325e+06	5.791e+06	
5.66875e+06	5.61325e+06	5.66625e+06	5.76125e+06	5.755e+06	
5.57925e+06	5.53125e+06	5.60625e+06	5.6635e+06	5.67675e+06	
5.57225e+06	5.6075e+06	5.61375e+06	5.564e+06	5.66675e+06	
5.63325e+06	5.73425e+06	5.68125e+06	5.71975e+06	5.7595e+06	
5.64475e+06	5.57675e+06	5.7455e+06	5.649e+06	5.68575e+06	
5.63975e+06	5.72275e+06	5.71775e+06	5.7915e+06	5.6875e+06	
5.60625e+06	5.716e+06	5.73175e+06	5.71025e+06	5.70525e+06	
5.60875e+06	5.61125e+06	5.63975e+06	5.6315e+06	5.66225e+06	
5.6145e+06	5.588e+06	5.641e+06	5.661e+06	5.71525e+06	
5.6505e+06	5.6265e+06	5.66425e+06	5.719e+06	5.745e+06	
5.59875e+06	5.702e+06	5.70575e+06	5.716e+06	5.682e+06	
5.6295e+06	5.61375e+06	5.69775e+06	5.63275e+06	5.66925e+06	
5.66625e+06	5.64475e+06	5.64775e+06	5.6005e+06	5.68325e+06	
5.6075e+06	5.56525e+06	5.6245e+06	5.695e+06	5.653e+06	
5.5105e+06	5.603e+06	5.57025e+06	5.622e+06	5.58925e+06	
5.5225e+06	5.61575e+06	5.6025e+06	5.518e+06	5.6385e+06	
5.484e+06	5.48225e+06	5.561e+06	5.59625e+06	5.583e+06	
5.4985e+06	5.498e+06	5.4865e+06	5.554e+06	5.51425e+06	
5.33525e+06	5.31825e+06	5.37175e+06	5.348e+06	5.40325e+06	
5.13675e+06	5.133e+06	5.15075e+06	5.222e+06	5.16775e+06	
4.92875e+06	4.98675e+06	5.0025e+06	4.992e+06	5.0485e+06	
4.859e+06	4.77775e+06	4.8645e+06	4.87725e+06	4.86325e+06	
4.81725e+06	4.87725e+06	4.80975e+06	4.9005e+06	4.888e+06	
4.9485e+06	4.9705e+06	4.97675e+06	4.951e+06	4.96725e+06	
4.95775e+06	5.0165e+06	5.09825e+06	5.03525e+06	5.051e+06	
5.058e+06	5.08825e+06	5.106e+06	5.10975e+06	5.1205e+06	
5.2245e+06	5.1765e+06	5.24025e+06	5.3145e+06	5.29125e+06	
5.23375e+06	5.264e+06	5.2705e+06	5.2995e+06	5.3435e+06	
5.29425e+06	5.288e+06	5.3075e+06	5.38375e+06	5.329e+06	
5.30575e+06	5.2905e+06	5.38575e+06	5.3705e+06	5.35475e+06	
5.373e+06	5.3745e+06	5.319e+06	5.404e+06	5.416e+06	
5.42225e+06	5.4045e+06	5.34225e+06	5.387e+06	5.356e+06	
5.33525e+06	5.26725e+06	5.3195e+06	5.42475e+06	5.4645e+06	
5.32275e+06	5.38e+06	5.41725e+06	5.472e+06	5.48975e+06	
5.3485e+06	5.37625e+06	5.40725e+06	5.40325e+06	5.42975e+06	
5.34675e+06	5.375e+06	5.41025e+06	5.40775e+06	5.41225e+06	
5.38125e+06	5.365e+06	5.47775e+06	5.40275e+06	5.4165e+06	
5.37825e+06	5.35425e+06	5.44875e+06	5.317e+06	5.4115e+06	
5.33275e+06	5.368e+06	5.43675e+06	5.38875e+06	5.4545e+06	
5.43675e+06	5.375e+06	5.409e+06	5.348e+06	5.47575e+06	
5.32825e+06	5.32525e+06	5.36925e+06	5.377e+06	5.3485e+06	
5.283e+06	5.34925e+06	5.3335e+06	5.4425e+06	5.385e+06	
5.3025e+06	5.3435e+06	5.3505e+06	5.33525e+06	5.36125e+06	
5.26975e+06	5.3165e+06	5.33975e+06	5.3435e+06	5.36e+06	
5.2995e+06	5.30375e+06	5.273e+06	5.3215e+06	5.348e+06	
5.25775e+06	5.24325e+06	5.2995e+06	5.351e+06	5.336e+06	
5.2805e+06	5.2805e+06	5.31575e+06	5.32825e+06	5.3895e+06	
5.28375e+06	5.25525e+06	5.276e+06	5.26975e+06	5.3585e+06	
5.2205e+06	5.2855e+06	5.3215e+06	5.293e+06	5.34925e+06	
5.23325e+06	5.30075e+06	5.268e+06	5.249e+06	5.25475e+06	
5.249e+06	5.24775e+06	5.32275e+06	5.312e+06	5.31825e+06	
5.26525e+06	5.32325e+06	5.288e+06	5.2995e+06	5.38375e+06	
5.1935e+06	5.24025e+06	5.3195e+06	5.28625e+06	5.2805e+06	
5.20475e+06	5.196e+06	5.29175e+06	5.2615e+06	5.327e+06	
5.24525e+06	5.157e+06	5.254e+06	5.2205e+06	5.24825e+06	
5.14125e+06	5.26025e+06	5.14625e+06	5.2495e+06	5.172e+06	
5.09025e+06	5.1785e+06	5.225e+06	5.2005e+06	5.249e+06	
5.1955e+06	5.2035e+06	5.21175e+06	5.235e+06	5.1885e+06	
5.1545e+06	5.1815e+06	5.19675e+06	5.24325e+06	5.21425e+06	
5.1645e+06	5.22125e+06	5.18275e+06	5.143e+06	5.17075e+06	
5.23325e+06	5.22125e+06	5.18775e+06	5.261e+06	5.1835e+06	
5.07075e+06	5.1035e+06	5.17325e+06	5.176e+06	5.23075e+06	
5.19475e+06	5.145e+06	5.18025e+06	5.1545e+06	5.116e+06	
5.12175e+06	5.14e+06	5.09325e+06	5.133e+06	5.1425e+06	
5.0485e+06	5.11475e+06	5.0235e+06	5.1185e+06	5.1325e+06	
5.0865e+06	4.99375e+06	5.06875e+06	5.10775e+06	5.1325e+06	
5.04175e+06	5.06825e+06	5.02525e+06	5.0605e+06	5.10275e+06	
4.99825e+06	5.05225e+06	5.03725e+06	5.05875e+06	5.08825e+06	
4.988e+06	4.98925e+06	5.0115e+06	5.02775e+06	5.00575e+06	
5.0485e+06	5.012e+06	5.10025e+06	5.097e+06	5.07125e+06	
5.022e+06	5.07e+06	5.046e+06	5.00775e+06	5.04475e+06	
5.0045e+06	5.053e+06	5.01525e+06	5.097e+06	5.1325e+06	
5.08125e+06	5.08325e+06	5.0845e+06	5.0775e+06	5.07325e+06	
4.97925e+06	5.048e+06	4.959e+06	5.05925e+06	5.03475e+06	
4.94275e+06	5.02025e+06	5.05425e+06	5.084e+06	5.1065e+06	
4.971e+06	4.9535e+06	5.017e+06	5.01525e+06	5.019e+06	
4.90425e+06	4.95975e+06	4.92825e+06	4.94025e+06	4.97175e+06	
4.939e+06	4.9925e+06	4.90625e+06	4.99125e+06	5.02775e+06	
4.9005e+06	4.9195e+06	5.024e+06	4.983e+06	4.9875e+06	
4.992e+06	4.961e+06	4.98175e+06	5.0045e+06	5.01575e+06	
4.925e+06	4.9125e+06	4.94725e+06	4.956e+06	4.95775e+06	
4.94325e+06	4.927e+06	4.8935e+06	4.9655e+06	4.9875e+06	
4.89675e+06	4.932e+06	4.93575e+06	5.0045e+06	4.99e+06	
4.94025e+06	4.88925e+06	4.886e+06	4.9855e+06	4.946e+06	
4.8615e+06	4.8545e+06	4.927e+06	4.893e+06	4.944e+06	
4.86825e+06	4.86975e+06	4.91825e+06	4.867e+06	4.988e+06	
4.8495e+06	4.8905e+06	4.903e+06	4.92625e+06	4.99e+06	
4.8565e+06	4.864e+06	4.90125e+06	4.9635e+06	4.9055e+06	
4.818e+06	4.75925e+06	4.874e+06	4.84325e+06	4.93e+06	
4.82375e+06	4.8065e+06	4.79725e+06	4.867e+06	4.87025e+06	
4.8715e+06	4.76625e+06	4.90875e+06	4.828e+06	4.9415e+06	
4.80525e+06	4.7625e+06	4.80275e+06	4.92575e+06	4.86025e+06	
4.81725e+06	4.83625e+06	4.87275e+06	4.83175e+06	4.84075e+06	
4.73675e+06	4.71975e+06	4.772e+06	4.75675e+06	4.72725e+06	
4.753e+06	4.79525e+06	4.77125e+06	4.847e+06	4.88725e+06	
4.76825e+06	4.80025e+06	4.81975e+06	4.85775e+06	4.78575e+06	
4.767e+06	4.73025e+06	4.787e+06	4.78275e+06	4.78525e+06	
4.7095e+06	4.729e+06	4.75875e+06	4.75e+06	4.80225e+06	
4.8205e+06	4.7605e+06	4.7865e+06	4.808e+06	4.77575e+06	
4.709e+06	4.675e+06	4.64025e+06	4.73725e+06	4.7235e+06	
4.6295e+06	4.656e+06	4.71325e+06	4.726e+06	4.7745e+06	
4.5835e+06	4.6685e+06	4.6655e+06	4.704e+06	4.7215e+06	
4.656e+06	4.5495e+06	4.692e+06	4.70775e+06	4.65025e+06	
4.6345e+06	4.622e+06	4.6605e+06	4.60425e+06	4.66225e+06	
4.571e+06	4.62575e+06	4.6075e+06	4.637e+06	4.615e+06	
4.4935e+06	4.57725e+06	4.634e+06	4.55075e+06	4.566e+06	
4.56775e+06	4.5345e+06	4.67925e+06	4.634e+06	4.61625e+06	
4.5155e+06	4.5495e+06	4.54375e+06	4.57025e+06	4.552e+06	
4.4455e+06	4.545e+06	4.51675e+06	4.52e+06	4.63325e+06	
4.40025e+06	4.416e+06	4.43975e+06	4.46825e+06	4.479e+06	
4.37e+06	4.266e+06	4.2905e+06	4.31075e+06	4.34725e+06	
4.03525e+06	4.00125e+06	4.0675e+06	4.1165e+06	3.99825e+06	
3.8305e+06	3.83625e+06	3.8205e+06	3.85375e+06	3.8135e+06	
3.60625e+06	3.6295e+06	3.69625e+06	3.6825e+06	3.724e+06	
3.6855e+06	3.72775e+06	3.68425e+06	3.7145e+06	3.76825e+06	
3.6705e+06	3.75625e+06	3.67225e+06	3.738e+06	3.78e+06	
3.74425e+06	3.7195e+06	3.77875e+06	3.75425e+06	3.68625e+06	
3.6755e+06	3.7065e+06	3.775e+06	3.75175e+06	3.74675e+06	
3.72475e+06	3.70375e+06	3.7675e+06	3.83125e+06	3.77e+06	
3.782e+06	3.69e+06	3.73225e+06	3.867e+06	3.86775e+06	
3.81475e+06	3.81225e+06	3.772e+06	3.859e+06	3.80025e+06	
3.775e+06	3.7775e+06	3.792e+06	3.87075e+06	3.87475e+06	
3.79975e+06	3.843e+06	3.85575e+06	3.852e+06	3.8205e+06	
3.838e+06	3.82925e+06	3.876e+06	3.85125e+06	3.90225e+06	
3.891e+06	3.874e+06	3.92e+06	3.92325e+06	3.92125e+06	
3.881e+06	3.8545e+06	3.881e+06	3.89925e+06	3.9325e+06	
3.93125e+06	3.92125e+06	3.98925e+06	3.9125e+06	3.92825e+06	
3.92e+06	3.9615e+06	4.0245e+06	3.971e+06	3.9805e+06	
3.9275e+06	3.942e+06	3.9805e+06	3.99375e+06	3.9155e+06	
3.9565e+06	3.9535e+06	3.96225e+06	3.96275e+06	4.03475e+06	
3.9035e+06	3.8475e+06	3.9075e+06	3.96225e+06	3.9295e+06	
3.88225e+06	3.838e+06	3.86575e+06	3.9535e+06	3.9075e+06	
3.80225e+06	3.862e+06	3.8545e+06	3.944e+06	3.922e+06	
3.816e+06	3.83375e+06	3.79075e+06	3.86575e+06	3.8255e+06	
3.77e+06	3.8255e+06	3.81975e+06	3.85125e+06	3.91375e+06	
3.79025e+06	3.82925e+06	3.83125e+06	3.845e+06	3.87275e+06	
3.772e+06	3.862e+06	3.79275e+06	3.82425e+06	3.82725e+06	
3.7235e+06	3.792e+06	3.7505e+06	3.80025e+06	3.82875e+06	
3.80225e+06	3.8765e+06	3.79575e+06	3.88975e+06	3.8255e+06	
3.818e+06	3.83925e+06	3.86825e+06	3.81225e+06	3.8645e+06	
3.8065e+06	3.79575e+06	3.9295e+06	3.90875e+06	3.86825e+06	
3.881e+06	3.91175e+06	3.89225e+06	3.884e+06	3.886e+06	
3.89675e+06	3.896e+06	3.913e+06	3.857e+06	3.9055e+06	
3.881e+06	3.8955e+06	3.92325e+06	3.85625e+06	3.91e+06	
3.843e+06	3.84625e+06	3.8985e+06	3.838e+06	3.893e+06	
3.81725e+06	3.79075e+06	3.845e+06	3.87075e+06	3.82425e+06	
3.828e+06	3.8085e+06	3.8035e+06	3.8475e+06	3.76375e+06	
3.76425e+06	3.8115e+06	3.79775e+06	3.787e+06	3.7865e+06	
3.79525e+06	3.678e+06	3.79525e+06	3.75675e+06	3.79075e+06	
3.71825e+06	3.70775e+06	3.76375e+06	3.707e+06	3.721e+06	
3.71075e+06	3.75175e+06	3.7285e+06	3.731e+06	3.695e+06	
3.6415e+06	3.62325e+06	3.6775e+06	3.6415e+06	3.62325e+06	
3.62e+06	3.603e+06	3.69075e+06	3.64275e+06	3.70375e+06	
3.62375e+06	3.5615e+06	3.6e+06	3.5885e+06	3.632e+06	
3.583e+06	3.59175e+06	3.593e+06	3.6225e+06	3.60925e+06	
3.59925e+06	3.53425e+06	3.57275e+06	3.5615e+06	3.632e+06	
3.542e+06	3.581e+06	3.58025e+06	3.58725e+06	3.64275e+06	
3.56025e+06	3.5935e+06	3.583e+06	3.63075e+06	3.59475e+06	
3.441e+06	3.49475e+06	3.5565e+06	3.5545e+06	3.56025e+06	
3.52425e+06	3.50475e+06	3.5395e+06	3.5185e+06	3.5665e+06	
3.55775e+06	3.55275e+06	3.54075e+06	3.559e+06	3.57775e+06	
3.5225e+06	3.591e+06	3.5205e+06	3.554e+06	3.60425e+06	
3.53825e+06	3.58225e+06	3.54325e+06	3.5735e+06	3.559e+06	
3.525e+06	3.49275e+06	3.62825e+06	3.56275e+06	3.54825e+06	
3.496e+06	3.53175e+06	3.56025e+06	3.59425e+06	3.53125e+06	
3.5015e+06	3.56975e+06	3.58975e+06	3.574e+06	3.57475e+06	
3.4675e+06	3.55325e+06	3.58475e+06	3.60175e+06	3.51975e+06	
3.47375e+06	3.501e+06	3.54575e+06	3.57975e+06	3.54375e+06	
3.50025e+06	3.47125e+06	3.46125e+06	3.5445e+06	3.5305e+06	
3.51225e+06	3.4695e+06	3.465e+06	3.4645e+06	3.516e+06	
3.482e+06	3.487e+06	3.49975e+06	3.5375e+06	3.50475e+06	
3.441e+06	3.4725e+06	3.487e+06	3.4695e+06	3.50525e+06	
3.4505e+06	3.46075e+06	3.4385e+06	3.501e+06	3.535e+06	
3.46e+06	3.5035e+06	3.516e+06	3.45925e+06	3.4915e+06	
3.455e+06	3.4185e+06	3.44225e+06	3.4235e+06	3.48825e+06	
3.426e+06	3.44875e+06	3.42225e+06	3.51675e+06	3.528e+06	
3.429e+06	3.4435e+06	3.4765e+06	3.51175e+06	3.45375e+06	
3.43925e+06	3.41775e+06	3.4355e+06	3.4695e+06	3.499e+06	
3.383e+06	3.438e+06	3.385e+06	3.426e+06	3.482e+06	
3.36675e+06	3.37e+06	3.35925e+06	3.3725e+06	3.419e+06	
3.3385e+06	3.3775e+06	3.40325e+06	3.3585e+06	3.426e+06	
3.36675e+06	3.37625e+06	3.40025e+06	3.4115e+06	3.37625e+06	
3.3945e+06	3.33325e+06	3.36875e+06	3.378e+06	3.40525e+06	
3.40025e+06	3.39125e+06	3.3875e+06	3.4115e+06	3.3755e+06	
3.32525e+06	3.34975e+06	3.34775e+06	3.35975e+06	3.392e+06	
3.3265e+06	3.356e+06	3.33575e+06	3.39825e+06	3.414e+06	
3.3075e+06	3.3605e+06	3.37125e+06	3.3515e+06	3.4095e+06	
3.31e+06	3.30625e+06	3.33775e+06	3.29925e+06	3.341e+06	
3.30825e+06	3.324e+06	3.36475e+06	3.2975e+06	3.3385e+06	
3.235e+06	3.25775e+06	3.2855e+06	3.30825e+06	3.228e+06	
3.247e+06	3.26075e+06	3.25325e+06	3.26275e+06	3.33525e+06	
3.2425e+06	3.2275e+06	3.242e+06	3.257e+06	3.315e+06	
3.2615e+06	3.252e+06	3.2275e+06	3.24375e+06	3.295e+06	
3.242e+06	3.27225e+06	3.24125e+06	3.22125e+06	3.266e+06	
3.20675e+06	3.20175e+06	3.2545e+06	3.22425e+06	3.20675e+06	
3.19725e+06	3.1865e+06	3.174e+06	3.17775e+06	3.21875e+06	
3.1385e+06	3.189e+06	3.19225e+06	3.1885e+06	3.23625e+06	
3.19475e+06	3.167e+06	3.16125e+06	3.19475e+06	3.19225e+06	
3.07625e+06	3.114e+06	3.12925e+06	3.17825e+06	3.165e+06	
3.0335e+06	3.06875e+06	3.10775e+06	3.0875e+06	3.15175e+06	
3.019e+06	2.9905e+06	3.04225e+06	3.0365e+06	3.09125e+06	
2.90225e+06	2.94275e+06	2.96225e+06	2.96025e+06	2.9515e+06	
2.86775e+06	2.82975e+06	2.82675e+06	2.8625e+06	2.9205e+06	
2.72775e+06	2.7655e+06	2.75925e+06	2.722e+06	2.7895e+06	
2.68625e+06	2.6925e+06	2.7285e+06	2.71575e+06	2.6345e+06	
2.59425e+06	2.632e+06	2.65275e+06	2.64825e+06	2.6005e+06	
2.54125e+06	2.54125e+06	2.562e+06	2.574e+06	2.57975e+06	
2.49975e+06	2.482e+06	2.424e+06	2.50975e+06	2.4985e+06	
2.46875e+06	2.50525e+06	2.47325e+06	2.51925e+06	2.49075e+06	
2.45675e+06	2.43475e+06	2.434e+06	2.472e+06	2.46625e+06	
2.41075e+06	2.446e+06	2.43025e+06	2.37875e+06	2.4315e+06	
2.4145e+06	2.36925e+06	2.43675e+06	2.4915e+06	2.46175e+06	
2.424e+06	2.4215e+06	2.453e+06	2.46575e+06	2.475e+06	
2.45425e+06	2.441e+06	2.4865e+06	2.4945e+06	2.4675e+06	
2.53375e+06	2.54825e+06	2.57775e+06	2.54125e+06	2.55625e+06	
2.57275e+06	2.564e+06	2.639e+06	2.6245e+06	2.6345e+06	
2.66675e+06	2.69425e+06	2.70125e+06	2.6735e+06	2.7115e+06	
2.6925e+06	2.69375e+06	2.75225e+06	2.7145e+06	2.72325e+06	
2.74175e+06	2.75425e+06	2.758e+06	2.782e+06	2.80025e+06	
2.69425e+06	2.76e+06	2.7315e+06	2.73725e+06	2.79525e+06	
2.7315e+06	2.6995e+06	2.74225e+06	2.7095e+06	2.74975e+06	
2.6365e+06	2.67925e+06	2.6295e+06	2.64325e+06	2.65725e+06	
2.59225e+06	2.57275e+06	2.60225e+06	2.572e+06	2.6155e+06	
2.56275e+06	2.56525e+06	2.5935e+06	2.54625e+06	2.5935e+06	
2.542e+06	2.51675e+06	2.54375e+06	2.5835e+06	2.5065e+06	
2.526e+06	2.475e+06	2.49775e+06	2.49525e+06	2.51925e+06	
2.51175e+06	2.4625e+06	2.48275e+06	2.50225e+06	2.52675e+06	
2.463e+06	2.5085e+06	2.49975e+06	2.52225e+06	2.56275e+06	
2.50975e+06	2.5275e+06	2.52675e+06	2.52425e+06	2.52175e+06	
2.467e+06	2.5085e+06	2.5065e+06	2.5065e+06	2.49975e+06	
2.48525e+06	2.4865e+06	2.49775e+06	2.5065e+06	2.521e+06	
2.559e+06	2.552e+06	2.5695e+06	2.55625e+06	2.5475e+06	
2.509e+06	2.5545e+06	2.521e+06	2.57025e+06	2.5235e+06	
2.506e+06	2.51725e+06	2.511e+06	2.50725e+06	2.53625e+06	
2.49725e+06	2.49025e+06	2.4455e+06	2.47825e+06	2.4455e+06	
2.47875e+06	2.44675e+06	2.4675e+06	2.4895e+06	2.4725e+06	
2.441e+06	2.46425e+06	2.482e+06	2.475e+06	2.49075e+06	
2.4695e+06	2.49325e+06	2.504e+06	2.477e+06	2.45875e+06	
2.4775e+06	2.46575e+06	2.4865e+06	2.46175e+06	2.48525e+06	
2.4695e+06	2.407e+06	2.49275e+06	2.4385e+06	2.50525e+06	
2.4265e+06	2.443e+06	2.4435e+06	2.48825e+06	2.494e+06	
2.487e+06	2.49725e+06	2.50225e+06	2.455e+06	2.4575e+06	
2.42275e+06	2.407e+06	2.424e+06	2.45425e+06	2.53125e+06	
2.4675e+06	2.4575e+06	2.52225e+06	2.45175e+06	2.494e+06	
2.438e+06	2.49775e+06	2.46375e+06	2.46575e+06	2.50275e+06	
2.482e+06	2.50525e+06	2.49725e+06	2.4965e+06	2.467e+06	
2.47075e+06	2.4985e+06	2.4845e+06	2.5155e+06	2.49275e+06	
2.48775e+06	2.44225e+06	2.53375e+06	2.54875e+06	2.51425e+06	
2.52175e+06	2.538e+06	2.51475e+06	2.59425e+06	2.516e+06	
2.5785e+06	2.601e+06	2.5235e+06	2.596e+06	2.6075e+06	
2.579e+06	2.62875e+06	2.59675e+06	2.622e+06	2.56275e+06	
2.59725e+06	2.59225e+06	2.5865e+06	2.58475e+06	2.6075e+06	
2.59975e+06	2.6465e+06	2.66675e+06	2.63e+06	2.67225e+06	
2.66975e+06	2.69825e+06	2.68375e+06	2.67175e+06	2.6275e+06	
2.731e+06	2.654e+06	2.68175e+06	2.64775e+06	2.68e+06	
2.64525e+06	2.673e+06	2.64775e+06	2.72325e+06	2.671e+06	
2.6295e+06	2.60425e+06	2.6365e+06	2.69375e+06	2.67725e+06	
2.64075e+06	2.6175e+06	2.678e+06	2.6785e+06	2.69825e+06	
2.586e+06	2.64075e+06	2.66225e+06	2.6465e+06	2.6685e+06	
2.6005e+06	2.6225e+06	2.6365e+06	2.60175e+06	2.62125e+06	
2.58925e+06	2.6245e+06	2.66725e+06	2.671e+06	2.6005e+06	
2.605e+06	2.634e+06	2.61375e+06	2.61425e+06	2.6225e+06	
2.56025e+06	2.63075e+06	2.603e+06	2.6395e+06	2.593e+06	
2.61375e+06	2.66475e+06	2.615e+06	2.6415e+06	2.661e+06	
2.61675e+06	2.62575e+06	2.61625e+06	2.64525e+06	2.6175e+06	
2.60375e+06	2.65025e+06	2.66275e+06	2.66975e+06	2.671e+06	
2.642e+06	2.61625e+06	2.668e+06	2.58725e+06	2.6785e+06	
2.60675e+06	2.57525e+06	2.618e+06	2.57725e+06	2.60925e+06	
2.625e+06	2.59725e+06	2.56525e+06	2.56075e+06	2.632e+06	
2.59475e+06	2.6105e+06	2.6365e+06	2.6105e+06	2.60425e+06	
2.5645e+06	2.56775e+06	2.64825e+06	2.6365e+06	2.579e+06	
2.6175e+06	2.57475e+06	2.58925e+06	2.63825e+06	2.564e+06	
2.567e+06	2.608e+06	2.545e+06	2.588e+06	2.6075e+06	
2.56275e+06	2.59925e+06	2.5765e+06	2.61875e+06	2.66925e+06	
2.574e+06	2.5475e+06	2.552e+06	2.61425e+06	2.5935e+06	
2.5905e+06	2.55375e+06	2.6195e+06	2.60225e+06	2.6175e+06	
2.603e+06	2.584e+06	2.615e+06	2.58525e+06	2.60625e+06	
2.555e+06	2.59925e+06	2.60675e+06	2.5905e+06	2.5815e+06	
2.618e+06	2.56575e+06	2.591e+06	2.591e+06	2.5835e+06	
2.572e+06	2.5665e+06	2.59425e+06	2.57725e+06	2.62875e+06	
2.5815e+06	2.557e+06	2.61625e+06	2.55125e+06	2.588e+06	
2.55625e+06	2.576e+06	2.5955e+06	2.59925e+06	2.625e+06	
2.53875e+06	2.5935e+06	2.634e+06	2.545e+06	2.605e+06	
2.59175e+06	2.55825e+06	2.59725e+06	2.66025e+06	2.6175e+06	
2.613e+06	2.5495e+06	2.5885e+06	2.63075e+06	2.61625e+06	
2.552e+06	2.593e+06	2.5405e+06	2.61375e+06	2.593e+06	
2.55075e+06	2.538e+06	2.555e+06	2.60625e+06	2.608e+06	
2.523e+06	2.51425e+06	2.5495e+06	2.6055e+06	2.56275e+06	
2.6125e+06	2.557e+06	2.6005e+06	2.58925e+06	2.57025e+06	
2.57275e+06	2.55e+06	2.533e+06	2.618e+06	2.644e+06	
2.5765e+06	2.55775e+06	2.5695e+06	2.58975e+06	2.5665e+06	
2.54575e+06	2.5355e+06	2.55625e+06	2.57975e+06	2.5715e+06	
2.56075e+06	2.54e+06	2.5275e+06	2.55625e+06	2.51975e+06	
2.50975e+06	2.5525e+06	2.574e+06	2.586e+06	2.58525e+06	
2.51725e+06	2.51725e+06	2.54575e+06	2.53e+06	2.5935e+06	
2.5495e+06	2.559e+06	2.569e+06	2.56275e+06	2.58225e+06	
2.586e+06	2.51925e+06	2.55825e+06	2.54875e+06	2.58725e+06	
2.51925e+06	2.55625e+06	2.54125e+06	2.58475e+06	2.545e+06	
2.5275e+06	2.4945e+06	2.533e+06	2.56325e+06	2.613e+06	
2.48825e+06	2.52875e+06	2.513e+06	2.54875e+06	2.53175e+06	
2.4895e+06	2.47375e+06	2.5015e+06	2.5085e+06	2.5815e+06	
2.51675e+06	2.46425e+06	2.518e+06	2.53425e+06	2.5275e+06	
2.496e+06	2.5155e+06	2.4865e+06	2.5135e+06	2.46575e+06	
2.453e+06	2.46425e+06	2.48775e+06	2.499e+06	2.5135e+06	
2.4575e+06	2.436e+06	2.509e+06	2.51175e+06	2.448e+06	
2.434e+06	2.438e+06	2.42775e+06	2.48e+06	2.494e+06	
2.4405e+06	2.47575e+06	2.48525e+06	2.48075e+06	2.4355e+06	
2.46e+06	2.50275e+06	2.472e+06	2.49775e+06	2.489e+06	
2.446e+06	2.44175e+06	2.441e+06	2.4505e+06	2.4915e+06	
2.49275e+06	2.44925e+06	2.501e+06	2.45175e+06	2.465e+06	
2.424e+06	2.45375e+06	2.455e+06	2.426e+06	2.43925e+06	
2.45e+06	2.4725e+06	2.43975e+06	2.49775e+06	2.50525e+06	
2.4335e+06	2.4435e+06	2.45925e+06	2.41075e+06	2.47825e+06	
2.41025e+06	2.448e+06	2.46575e+06	2.48775e+06	2.458e+06	
2.42975e+06	2.482e+06	2.4575e+06	2.458e+06	2.44225e+06	
2.41275e+06	2.434e+06	2.41975e+06	2.458e+06	2.463e+06	
2.43975e+06	2.4095e+06	2.40825e+06	2.4385e+06	2.45125e+06	
2.41525e+06	2.463e+06	2.40775e+06	2.48075e+06	2.40575e+06	
2.397e+06	2.3805e+06	2.41575e+06	2.40575e+06	2.40575e+06	
2.373e+06	2.3975e+06	2.388e+06	2.40825e+06	2.43725e+06	
2.41575e+06	2.395e+06	2.373e+06	2.3945e+06	2.3755e+06	
2.373e+06	2.3365e+06	2.4115e+06	2.419e+06	2.40125e+06	
2.368e+06	2.392e+06	2.349e+06	2.3465e+06	2.42525e+06	
2.3655e+06	2.356e+06	2.39375e+06	2.385e+06	2.4065e+06	
2.351e+06	2.34525e+06	2.327e+06	2.3485e+06	2.37425e+06	
2.342e+06	2.34275e+06	2.385e+06	2.3365e+06	2.3485e+06	
2.3195e+06	2.325e+06	2.4025e+06	2.356e+06	2.35225e+06	
2.3395e+06	2.33275e+06	2.32375e+06	2.40325e+06	2.36425e+06	
2.33325e+06	2.3245e+06	2.3585e+06	2.349e+06	2.298e+06	
2.283e+06	2.269e+06	2.28475e+06	2.279e+06	2.281e+06	
2.22675e+06	2.18075e+06	2.19025e+06	2.1765e+06	2.2425e+06	
2.015e+06	2.04725e+06	2.0025e+06	2.0245e+06	2.02e+06	
1.8045e+06	1.81775e+06	1.74925e+06	1.75975e+06	1.80075e+06	
1.5455e+06	1.51975e+06	1.538e+06	1.53625e+06	1.5305e+06	
1.3565e+06	1.30425e+06	1.33125e+06	1.3395e+06	1.342e+06	
1.17e+06	1.1895e+06	1.17075e+06	1.19775e+06	1.20775e+06	
1.11325e+06	1.1065e+06	1.10075e+06	1.1355e+06	1.1385e+06	
1.167e+06	1.163e+06	1.13425e+06	1.1645e+06	1.1435e+06	
1.2565e+06	1.2085e+06	1.2325e+06	1.228e+06	1.20725e+06	
1.30425e+06	1.31375e+06	1.3245e+06	1.325e+06	1.3465e+06	
1.34975e+06	1.317e+06	1.3565e+06	1.38375e+06	1.3535e+06	
1.3565e+06	1.35975e+06	1.33275e+06	1.3655e+06	1.38925e+06	
1.361e+06	1.35025e+06	1.3535e+06	1.347e+06	1.363e+06	
1.31125e+06	1.339e+06	1.342e+06	1.35225e+06	1.3445e+06	
1.35275e+06	1.34975e+06	1.359e+06	1.344e+06	1.35475e+06	
1.35275e+06	1.3515e+06	1.337e+06	1.3395e+06	1.342e+06	
1.3975e+06	1.3995e+06	1.397e+06	1.41325e+06	1.39375e+06	
1.40375e+06	1.45225e+06	1.42525e+06	1.426e+06	1.4575e+06	
1.497e+06	1.47325e+06	1.4575e+06	1.49275e+06	1.47e+06	
1.586e+06	1.547e+06	1.54625e+06	1.521e+06	1.52925e+06	
1.61625e+06	1.57025e+06	1.586e+06	1.59975e+06	1.5695e+06	
1.639e+06	1.661e+06	1.666e+06	1.6465e+06	1.68225e+06	
1.70875e+06	1.68875e+06	1.7435e+06	1.70575e+06	1.7265e+06	
1.7705e+06	1.756e+06	1.768e+06	1.79825e+06	1.78325e+06	
1.855e+06	1.84425e+06	1.85825e+06	1.8795e+06	1.848e+06	
1.908e+06	1.84375e+06	1.9395e+06	1.89475e+06	1.8935e+06	
1.93825e+06	1.95075e+06	1.94825e+06	1.966e+06	1.9275e+06	
1.957e+06	1.97975e+06	1.97675e+06	1.9755e+06	2.00625e+06	
2.0095e+06	1.993e+06	2.027e+06	2.003e+06	2.05225e+06	
2.04025e+06	2.03575e+06	2.08325e+06	2.03975e+06	1.9925e+06	
2.039e+06	2.07e+06	2.05975e+06	2.066e+06	2.03525e+06	
2.0655e+06	2.0805e+06	2.03525e+06	2.058e+06	2.05975e+06	
2.04725e+06	2.056e+06	2.03025e+06	2.09125e+06	2.034e+06	
2.029e+06	2.07125e+06	2.0315e+06	2.0675e+06	2.08825e+06	
2.04475e+06	2.09e+06	2.0775e+06	2.068e+06	2.05975e+06	
2.05425e+06	2.039e+06	2.07925e+06	2.09e+06	2.11775e+06	
2.0775e+06	2.0585e+06	2.11275e+06	2.10275e+06	2.06175e+06	
2.05425e+06	2.05225e+06	2.10525e+06	2.07875e+06	2.053e+06	
2.049e+06	2.041e+06	2.05425e+06	2.01e+06	2.11275e+06	
2.0515e+06	2.029e+06	2.01125e+06	2.0725e+06	2.06925e+06	
2.0215e+06	2.05425e+06	2.029e+06	2.07675e+06	2.0315e+06	
2.0415e+06	2.05725e+06	2.06425e+06	2.0805e+06	2.0845e+06	
2.02275e+06	2.08325e+06	2.0465e+06	2.041e+06	2.0675e+06	
2.03775e+06	2.06475e+06	2.03025e+06	2.0485e+06	2.039e+06	
2.03525e+06	2.0845e+06	2.0755e+06	2.04025e+06	2.0845e+06	
2.0515e+06	2.049e+06	2.0415e+06	2.0175e+06	2.02775e+06	
2.03525e+06	2.0265e+06	2.0025e+06	2.00425e+06	2.01875e+06	
1.998e+06	2.032e+06	2.02775e+06	2.02075e+06	2.015e+06	
1.9715e+06	1.9685e+06	2.00425e+06	2.00425e+06	2.0125e+06	
1.97925e+06	1.98475e+06	1.983e+06	2.01825e+06	2.015e+06	
1.98975e+06	1.9925e+06	2.00625e+06	1.9755e+06	2.03075e+06	
1.93875e+06	1.99375e+06	2.03725e+06	1.947e+06	1.9975e+06	
1.99675e+06	1.981e+06	2.0005e+06	2.01825e+06	2.0245e+06	
1.99625e+06	1.96975e+06	2.01875e+06	2.01e+06	2.02075e+06	
1.986e+06	1.96525e+06	1.9955e+06	1.99925e+06	1.9515e+06	
2.01575e+06	1.97675e+06	1.97475e+06	1.99925e+06	1.95775e+06	
1.99625e+06	1.9785e+06	1.95825e+06	1.97275e+06	1.983e+06	
1.98725e+06	2.00125e+06	1.9615e+06	1.9515e+06	2.0025e+06	
1.952e+06	1.95525e+06	1.9545e+06	1.96775e+06	1.98175e+06	
1.942e+06	1.935e+06	1.95275e+06	1.98975e+06	1.9635e+06	
1.94e+06	1.94325e+06	1.97025e+06	1.94325e+06	1.97025e+06	
1.9395e+06	1.9255e+06	1.942e+06	1.90725e+06	1.9425e+06	
1.9425e+06	1.92675e+06	1.96975e+06	1.9255e+06	2.0245e+06	
1.96025e+06	1.901e+06	1.935e+06	1.9375e+06	1.97975e+06	
1.8985e+06	1.94375e+06	1.95025e+06	1.9465e+06	1.932e+06	
1.896e+06	1.942e+06	1.9515e+06	1.9005e+06	1.95025e+06	
1.9135e+06	1.92425e+06	1.911e+06	1.9375e+06	1.93e+06	
1.9035e+06	1.91875e+06	1.9325e+06	1.91175e+06	1.87525e+06	
1.94775e+06	1.91175e+06	1.93e+06	1.93625e+06	1.91225e+06	
1.8765e+06	1.90175e+06	1.89975e+06	1.92675e+06	1.93125e+06	
1.889e+06	1.8645e+06	1.91425e+06	1.908e+06	1.9175e+06	
1.9255e+06	1.93125e+06	1.91675e+06	1.911e+06	1.93125e+06	
1.89925e+06	1.89525e+06	1.92125e+06	1.93e+06	1.932e+06	
1.88475e+06	1.9325e+06	1.93e+06	1.918e+06	1.9425e+06	
1.91225e+06	1.87575e+06	1.91225e+06	1.915e+06	1.9005e+06	
1.8255e+06	1.88725e+06	1.90725e+06	1.92675e+06	1.89725e+06	
1.91175e+06	1.89775e+06	1.93125e+06	1.865e+06	1.87525e+06	
1.891e+06	1.86625e+06	1.91425e+06	1.9085e+06	1.891e+06	
1.89225e+06	1.92875e+06	1.90475e+06	1.8815e+06	1.89725e+06	
1.838e+06	1.87775e+06	1.88075e+06	1.8745e+06	1.89775e+06	
1.86125e+06	1.886e+06	1.90225e+06	1.8935e+06	1.86825e+06	
1.8885e+06	1.8625e+06	1.8525e+06	1.8765e+06	1.93075e+06	
1.8765e+06	1.8645e+06	1.9085e+06	1.86375e+06	1.8815e+06	
1.89225e+06	1.82225e+06	1.89975e+06	1.867e+06	1.886e+06	
1.8765e+06	1.84625e+06	1.8715e+06	1.87575e+06	1.85875e+06	
1.857e+06	1.85375e+06	1.82425e+06	1.84e+06	1.8865e+06	
1.865e+06	1.879e+06	1.836e+06	1.81775e+06	1.84125e+06	
1.7725e+06	1.8215e+06	1.8475e+06	1.8745e+06	1.85575e+06	
1.8305e+06	1.792e+06	1.80025e+06	1.82675e+06	1.83875e+06	
1.8115e+06	1.78125e+06	1.78625e+06	1.81475e+06	1.833e+06	
1.81025e+06	1.814e+06	1.80775e+06	1.8085e+06	1.83675e+06	
1.82725e+06	1.84425e+06	1.80025e+06	1.821e+06	1.79525e+06	
1.7945e+06	1.81025e+06	1.7705e+06	1.80025e+06	1.82725e+06	
1.7795e+06	1.80725e+06	1.763e+06	1.8065e+06	1.81525e+06	
1.756e+06	1.75725e+06	1.7775e+06	1.8085e+06	1.74925e+06	
1.763e+06	1.7435e+06	1.763e+06	1.76375e+06	1.77375e+06	
1.744e+06	1.746e+06	1.77825e+06	1.79775e+06	1.768e+06	
1.787e+06	1.76675e+06	1.7825e+06	1.7505e+06	1.7605e+06	
1.72275e+06	1.7365e+06	1.75475e+06	1.7485e+06	1.744e+06	
1.7625e+06	1.76175e+06	1.79075e+06	1.722e+06	1.768e+06	
1.74725e+06	1.75975e+06	1.77375e+06	1.751e+06	1.7435e+06	
1.724e+06	1.751e+06	1.731e+06	1.739e+06	1.741e+06	
1.71375e+06	1.7365e+06	1.72275e+06	1.741e+06	1.7435e+06	
1.7295e+06	1.705e+06	1.6635e+06	1.71325e+06	1.744e+06	
1.70375e+06	1.7265e+06	1.741e+06	1.7125e+06	1.68425e+06	
1.7125e+06	1.72025e+06	1.71575e+06	1.727e+06	1.7435e+06	
1.70875e+06	1.712e+06	1.68175e+06	1.71125e+06	1.7095e+06	
1.7075e+06	1.66475e+06	1.722e+06	1.722e+06	1.6905e+06	
1.70375e+06	1.73725e+06	1.7125e+06	1.68175e+06	1.69125e+06	
1.64825e+06	1.67475e+06	1.69925e+06	1.69175e+06	1.671e+06	
1.69175e+06	1.67675e+06	1.69675e+06	1.68625e+06	1.7335e+06	
1.70125e+06	1.7025e+06	1.685e+06	1.7e+06	1.68875e+06	
1.70825e+06	1.66775e+06	1.66725e+06	1.7025e+06	1.7045e+06	
1.67225e+06	1.69125e+06	1.6755e+06	1.685e+06	1.69625e+06	
1.6785e+06	1.6665e+06	1.67725e+06	1.6975e+06	1.6975e+06	
1.647e+06	1.6585e+06	1.676e+06	1.695e+06	1.67925e+06	
1.68875e+06	1.6465e+06	1.66025e+06	1.66025e+06	1.705e+06	
1.61375e+06	1.606e+06	1.6325e+06	1.644e+06	1.62825e+06	
1.6325e+06	1.65325e+06	1.625e+06	1.6665e+06	1.64575e+06	
1.63325e+06	1.6395e+06	1.6275e+06	1.64275e+06	1.67425e+06	
1.6705e+06	1.6635e+06	1.666e+06	1.66025e+06	1.6635e+06	
1.67725e+06	1.661e+06	1.625e+06	1.65025e+06	1.6705e+06	
1.65975e+06	1.6445e+06	1.63625e+06	1.647e+06	1.632e+06	
1.5985e+06	1.6635e+06	1.62875e+06	1.63075e+06	1.62325e+06	
1.59675e+06	1.6225e+06	1.63e+06	1.639e+06	1.59925e+06	
1.6275e+06	1.62325e+06	1.63075e+06	1.66275e+06	1.618e+06	
1.6175e+06	1.603e+06	1.5745e+06	1.60875e+06	1.61625e+06	
1.57075e+06	1.581e+06	1.589e+06	1.591e+06	1.57725e+06	
1.589e+06	1.58775e+06	1.5765e+06	1.6005e+06	1.60925e+06	
1.5885e+06	1.57575e+06	1.55575e+06	1.555e+06	1.5885e+06	
1.55575e+06	1.593e+06	1.589e+06	1.57725e+06	1.58275e+06	
1.59725e+06	1.555e+06	1.53925e+06	1.54875e+06	1.574e+06	
1.5325e+06	1.57025e+06	1.5595e+06	1.59425e+06	1.59725e+06	
1.5645e+06	1.57025e+06	1.572e+06	1.56275e+06	1.562e+06	
1.52725e+06	1.54375e+06	1.57025e+06	1.5955e+06	1.5815e+06	
1.51725e+06	1.53625e+06	1.528e+06	1.55575e+06	1.52975e+06	
1.52175e+06	1.545e+06	1.547e+06	1.52925e+06	1.54825e+06	
1.5035e+06	1.52475e+06	1.54825e+06	1.5745e+06	1.5545e+06	
1.48775e+06	1.5235e+06	1.52425e+06	1.521e+06	1.538e+06	
1.526e+06	1.52425e+06	1.521e+06	1.52975e+06	1.51275e+06	
1.54875e+06	1.4915e+06	1.5325e+06	1.535e+06	1.501e+06	
1.489e+06	1.52225e+06	1.509e+06	1.504e+06	1.497e+06	
1.523e+06	1.511e+06	1.5475e+06	1.5255e+06	1.52175e+06	
1.468e+06	1.5015e+06	1.51925e+06	1.518e+06	1.52225e+06	
1.51525e+06	1.52925e+06	1.475e+06	1.506e+06	1.50725e+06	
1.5255e+06	1.494e+06	1.48825e+06	1.497e+06	1.51675e+06	
1.47625e+06	1.4945e+06	1.514e+06	1.5255e+06	1.53125e+06	
1.49825e+06	1.50775e+06	1.516e+06	1.5135e+06	1.51275e+06	
1.49775e+06	1.5015e+06	1.49025e+06	1.49075e+06	1.5135e+06	
1.46925e+06	1.49775e+06	1.48825e+06	1.4965e+06	1.5135e+06	
1.48325e+06	1.47875e+06	1.518e+06	1.50475e+06	1.5205e+06	
1.47e+06	1.48325e+06	1.48775e+06	1.48075e+06	1.499e+06	
1.46625e+06	1.47825e+06	1.45625e+06	1.51525e+06	1.4845e+06	
1.458e+06	1.47875e+06	1.47325e+06	1.4675e+06	1.48375e+06	
1.463e+06	1.463e+06	1.4775e+06	1.44475e+06	1.465e+06	
1.4575e+06	1.45625e+06	1.48075e+06	1.477e+06	1.45925e+06	
1.45675e+06	1.48775e+06	1.45675e+06	1.44975e+06	1.441e+06	
1.4385e+06	1.43475e+06	1.45225e+06	1.45175e+06	1.429e+06	
1.431e+06	1.42075e+06	1.436e+06	1.44925e+06	1.43725e+06	
1.43725e+06	1.43225e+06	1.43025e+06	1.4115e+06	1.43275e+06	
1.4025e+06	1.431e+06	1.4145e+06	1.40625e+06	1.42775e+06	
1.3925e+06	1.38625e+06	1.41025e+06	1.4165e+06	1.441e+06	
1.4285e+06	1.40625e+06	1.39e+06	1.414e+06	1.42525e+06	
1.412e+06	1.37925e+06	1.41075e+06	1.41525e+06	1.41275e+06	
1.39375e+06	1.3825e+06	1.38925e+06	1.4075e+06	1.38925e+06	
1.393e+06	1.3855e+06	1.376e+06	1.37475e+06	1.3615e+06	
1.37925e+06	1.3685e+06	1.37925e+06	1.4e+06	1.34525e+06	
1.3655e+06	1.37475e+06	1.36925e+06	1.36475e+06	1.3755e+06	
1.347e+06	1.33825e+06	1.34775e+06	1.36025e+06	1.344e+06	
1.303e+06	1.30375e+06	1.33325e+06	1.35525e+06	1.337e+06	
1.34275e+06	1.29975e+06	1.34575e+06	1.31375e+06	1.284e+06	
1.313e+06	1.3195e+06	1.279e+06	1.286e+06	1.28725e+06	
1.267e+06	1.2935e+06	1.28025e+06	1.281e+06	1.2495e+06	
1.2595e+06	1.264e+06	1.27975e+06	1.257e+06	1.284e+06	
1.25775e+06	1.26275e+06	1.2615e+06	1.25075e+06	1.25575e+06	
1.17375e+06	1.252e+06	1.2325e+06	1.23625e+06	1.24575e+06	
1.225e+06	1.22425e+06	1.23425e+06	1.235e+06	1.20275e+06	
1.2105e+06	1.221e+06	1.211e+06	1.23375e+06	1.23675e+06	
1.20025e+06	1.18275e+06	1.2305e+06	1.2015e+06	1.194e+06	
1.17575e+06	1.192e+06	1.1915e+06	1.19075e+06	1.18325e+06	
1.19025e+06	1.17625e+06	1.2135e+06	1.189e+06	1.2035e+06	
1.18325e+06	1.204e+06	1.20525e+06	1.19075e+06	1.211e+06	
1.2185e+06	1.218e+06	1.2065e+06	1.209e+06	1.2155e+06	
1.18575e+06	1.172e+06	1.18825e+06	1.17375e+06	1.19525e+06	
1.1625e+06	1.19075e+06	1.1815e+06	1.1915e+06	1.199e+06	
1.1845e+06	1.19025e+06	1.1725e+06	1.18275e+06	1.1965e+06	
1.19525e+06	1.1625e+06	1.167e+06	1.155e+06	1.18525e+06	
1.17125e+06	1.1645e+06	1.19275e+06	1.20025e+06	1.182e+06	
1.16875e+06	1.17075e+06	1.20775e+06	1.204e+06	1.201e+06	
1.1645e+06	1.15875e+06	1.17125e+06	1.17125e+06	1.18275e+06	
1.206e+06	1.182e+06	1.21225e+06	1.1985e+06	1.189e+06	
1.17075e+06	1.201e+06	1.2035e+06	1.2085e+06	1.2185e+06	
1.209e+06	1.216e+06	1.19325e+06	1.2275e+06	1.22875e+06	
1.24575e+06	1.238e+06	1.23125e+06	1.24075e+06	1.24825e+06	
1.19975e+06	1.21925e+06	1.23675e+06	1.19525e+06	1.22625e+06	
1.21675e+06	1.2135e+06	1.2475e+06	1.2205e+06	1.23175e+06	
1.22425e+06	1.213e+06	1.23675e+06	1.22675e+06	1.2305e+06	
1.199e+06	1.20525e+06	1.17875e+06	1.21725e+06	1.218e+06	
1.15925e+06	1.153e+06	1.16625e+06	1.177e+06	1.15925e+06	
1.10275e+06	1.12725e+06	1.083e+06	1.14925e+06	1.117e+06	
1.0945e+06	1.112e+06	1.0975e+06	1.11775e+06	1.1095e+06	
1.112e+06	1.119e+06	1.09325e+06	1.092e+06	1.09875e+06	
1.1435e+06	1.11025e+06	1.146e+06	1.12775e+06	1.0975e+06	
1.16175e+06	1.1575e+06	1.146e+06	1.1455e+06	1.1405e+06	
1.146e+06	1.17325e+06	1.16125e+06	1.17575e+06	1.182e+06	
1.1845e+06	1.172e+06	1.204e+06	1.1965e+06	1.15425e+06	
1.187e+06	1.16825e+06	1.20775e+06	1.16575e+06	1.19075e+06	
1.18275e+06	1.2015e+06	1.19275e+06	1.16e+06	1.20275e+06	
1.235e+06	1.17825e+06	1.19025e+06	1.19525e+06	1.21675e+06	
1.1725e+06	1.1725e+06	1.17e+06	1.1525e+06	1.20725e+06	
1.1695e+06	1.19475e+06	1.16625e+06	1.18775e+06	1.16825e+06	
1.19075e+06	1.213e+06	1.192e+06	1.19775e+06	1.1965e+06	
1.18825e+06	1.1965e+06	1.2035e+06	1.20725e+06	1.21725e+06	
1.201e+06	1.184e+06	1.167e+06	1.19075e+06	1.1965e+06	
1.1645e+06	1.163e+06	1.16825e+06	1.1695e+06	1.15425e+06	
1.15925e+06	1.138e+06	1.1675e+06	1.15675e+06	1.1525e+06	
1.16e+06	1.12025e+06	1.13025e+06	1.15425e+06	1.17875e+06	
1.1385e+06	1.141e+06	1.13475e+06	1.1505e+06	1.158e+06	
1.13475e+06	1.10575e+06	1.153e+06	1.13975e+06	1.15625e+06	
1.129e+06	1.12475e+06	1.141e+06	1.138e+06	1.15175e+06	
1.1315e+06	1.121e+06	1.129e+06	1.158e+06	1.15675e+06	
1.1605e+06	1.136e+06	1.14875e+06	1.15675e+06	1.141e+06	
1.117e+06	1.131e+06	1.148e+06	1.14725e+06	1.1335e+06	
1.12275e+06	1.14475e+06	1.136e+06	1.1455e+06	1.131e+06	
1.1355e+06	1.13675e+06	1.141e+06	1.14725e+06	1.14425e+06	
1.148e+06	1.1335e+06	1.163e+06	1.1435e+06	1.13675e+06	
1.155e+06	1.12975e+06	1.146e+06	1.1165e+06	1.126e+06	
1.13675e+06	1.13975e+06	1.1385e+06	1.143e+06	1.12975e+06	
1.126e+06	1.129e+06	1.14725e+06	1.146e+06	1.121e+06	
1.13475e+06	1.11775e+06	1.13975e+06	1.109e+06	1.12025e+06	
1.10575e+06	1.13725e+06	1.13225e+06	1.12225e+06	1.13425e+06	
1.12275e+06	1.129e+06	1.16375e+06	1.1215e+06	1.12725e+06	
1.10525e+06	1.15675e+06	1.155e+06	1.136e+06	1.119e+06	
1.13225e+06	1.09375e+06	1.13025e+06	1.1385e+06	1.1185e+06	
1.1165e+06	1.11975e+06	1.14175e+06	1.11525e+06	1.1435e+06	
1.12975e+06	1.124e+06	1.124e+06	1.1165e+06	1.1555e+06	
1.1625e+06	1.129e+06	1.14475e+06	1.13275e+06	1.1315e+06	
1.112e+06	1.153e+06	1.15925e+06	1.1335e+06	1.143e+06	
1.1065e+06	1.1455e+06	1.12975e+06	1.12725e+06	1.1385e+06	
1.09625e+06	1.12025e+06	1.15175e+06	1.14475e+06	1.13975e+06	
1.11775e+06	1.16825e+06	1.14925e+06	1.1355e+06	1.12725e+06	
1.11775e+06	1.09125e+06	1.143e+06	1.14475e+06	1.13925e+06	
1.14675e+06	1.15375e+06	1.138e+06	1.146e+06	1.1145e+06	
1.109e+06	1.131e+06	1.12275e+06	1.1405e+06	1.146e+06	
1.163e+06	1.13725e+06	1.12525e+06	1.15175e+06	1.14925e+06	
1.12975e+06	1.14725e+06	1.14925e+06	1.141e+06	1.124e+06	
1.10575e+06	1.14675e+06	1.136e+06	1.16575e+06	1.124e+06	
1.13925e+06	1.146e+06	1.11325e+06	1.13725e+06	1.14175e+06	
1.1215e+06	1.146e+06	1.146e+06	1.13475e+06	1.146e+06	
1.13225e+06	1.11025e+06	1.15625e+06	1.129e+06	1.138e+06	
1.13275e+06	1.14175e+06	1.14175e+06	1.131e+06	1.167e+06	
1.1335e+06	1.13925e+06	1.155e+06	1.1185e+06	1.1505e+06	
1.09375e+06	1.1235e+06	1.11975e+06	1.1265e+06	1.11275e+06	
1.10275e+06	1.121e+06	1.13225e+06	1.124e+06	1.14225e+06	
1.129e+06	1.102e+06	1.11575e+06	1.114e+06	1.102e+06	
1.117e+06	1.13025e+06	1.13425e+06	1.1145e+06	1.129e+06	
1.11975e+06	1.1455e+06	1.1315e+06	1.0995e+06	1.1045e+06	
1.129e+06	1.1285e+06	1.11025e+06	1.1315e+06	1.11975e+06	
1.1235e+06	1.1285e+06	1.1115e+06	1.12025e+06	1.1215e+06	
1.1405e+06	1.1265e+06	1.09075e+06	1.12775e+06	1.1455e+06	
1.1355e+06	1.0895e+06	1.11025e+06	1.12025e+06	1.12525e+06	
1.095e+06	1.13725e+06	1.12025e+06	1.09875e+06	1.1e+06	
1.07875e+06	1.09825e+06	1.11325e+06	1.1e+06	1.109e+06	
1.107e+06	1.12475e+06	1.1165e+06	1.1385e+06	1.09625e+06	
1.1335e+06	1.12525e+06	1.13725e+06	1.102e+06	1.10575e+06	
1.12475e+06	1.095e+06	1.12725e+06	1.10075e+06	1.107e+06	
1.10575e+06	1.095e+06	1.11075e+06	1.12025e+06	1.126e+06	
1.09e+06	1.092e+06	1.0895e+06	1.1185e+06	1.10525e+06	
1.066e+06	1.09375e+06	1.10525e+06	1.10075e+06	1.1115e+06	
1.0995e+06	1.0945e+06	1.11525e+06	1.11025e+06	1.09825e+06	
1.10775e+06	1.06425e+06	1.08625e+06	1.1095e+06	1.09375e+06	
1.08175e+06	1.092e+06	1.09075e+06	1.12225e+06	1.1095e+06	
1.07425e+06	1.08875e+06	1.114e+06	1.0895e+06	1.10075e+06	
1.07875e+06	1.066e+06	1.0995e+06	1.102e+06	1.1e+06	
1.09e+06	1.08e+06	1.07175e+06	1.0805e+06	1.078e+06	
1.11325e+06	1.066e+06	1.08e+06	1.09875e+06	1.11525e+06	
1.0635e+06	1.0825e+06	1.092e+06	1.109e+06	1.07875e+06	
1.0775e+06	1.0975e+06	1.0725e+06	1.095e+06	1.092e+06	
1.0685e+06	1.085e+06	1.10525e+06	1.10775e+06	1.0805e+06	
1.0805e+06	1.092e+06	1.0925e+06	1.04775e+06	1.0855e+06	
1.06175e+06	1.10775e+06	1.0855e+06	1.071e+06	1.04275e+06	
1.09875e+06	1.06675e+06	1.09125e+06	1.07375e+06	1.051e+06	
1.0515e+06	1.06925e+06	1.02775e+06	1.07925e+06	1.104e+06	
1.0975e+06	1.06425e+06	1.07175e+06	1.0945e+06	1.06425e+06	
1.06925e+06	1.0585e+06	1.05025e+06	1.04525e+06	1.0415e+06	
1.02075e+06	1.01e+06	1.06675e+06	1.05225e+06	1.01875e+06	
1.032e+06	1.01575e+06	1.0535e+06	1.032e+06	1.0195e+06	
1.032e+06	1.037e+06	1.0265e+06	1.0245e+06	1.05475e+06	
1.06425e+06	1.02575e+06	1.0635e+06	1.05475e+06	1.0535e+06	
1.04725e+06	1.056e+06	1.063e+06	1.0465e+06	1.085e+06	
1.032e+06	1.034e+06	1.0485e+06	1.0705e+06	1.06225e+06	
1.05925e+06	1.03325e+06	1.032e+06	1.05025e+06	1.05275e+06	
1.04025e+06	1.0225e+06	1.0345e+06	1.0265e+06	1.06925e+06	
1.0145e+06	1.037e+06	1.06975e+06	1.039e+06	1.0345e+06	
1.04525e+06	1.05475e+06	1.06425e+06	1.03825e+06	1.03025e+06	
1.0515e+06	1.0395e+06	1.05225e+06	1.03275e+06	1.0415e+06	
1.0535e+06	1.051e+06	1.05925e+06	1.0415e+06	1.049e+06	
1.0365e+06	1.01e+06	1.0315e+06	1.027e+06	1.0195e+06	
1.0075e+06	1.00125e+06	1.03525e+06	1.027e+06	1.02375e+06	
979750	994750	1.008e+06	996750	991000	
980500	978500	989750	993500	1.00425e+06	
977750	960250	952750	998000	977750	
988000	987250	986750	978500	1.01625e+06	
1.0125e+06	995500	1.034e+06	986000	1.0055e+06	
1.01125e+06	997500	1.00925e+06	1.01125e+06	1.008e+06	
1.02825e+06	1.02325e+06	993500	1.00425e+06	993500	
1.0195e+06	1.00425e+06	1.02825e+06	1.02825e+06	1.0245e+06	
1.0395e+06	1.02125e+06	998750	1.01325e+06	1.0245e+06	
1.025e+06	1.00175e+06	996750	995500	1.01075e+06	
1.01575e+06	1.00875e+06	1.00625e+06	1.027e+06	1.01575e+06	
1.0345e+06	990500	1.037e+06	1.015e+06	1.027e+06	
992250	1.04025e+06	1.02575e+06	1.01825e+06	994750	
1.015e+06	1.01325e+06	1.00425e+06	991750	1.02e+06	
1.04275e+06	1.015e+06	1.01375e+06	1.022e+06	1.03325e+06	
1.00925e+06	1.008e+06	1.05725e+06	1.02e+06	1.02075e+06	
1.0025e+06	1.01075e+06	1.01875e+06	1.01875e+06	1.0175e+06	
1.0265e+06	1.00375e+06	1.01575e+06	993000	1.0075e+06	
988500	999250	1.0175e+06	1.02375e+06	1.0225e+06	
991000	1.00375e+06	998000	997500	1.01575e+06	
1.01375e+06	1.012e+06	997500	1.02125e+06	994250	
988500	980500	1.017e+06	979000	1.02e+06	
975250	1.003e+06	976500	1.008e+06	989750	
996750	1.00875e+06	1.02125e+06	1.008e+06	1.0075e+06	
1.01075e+06	1.012e+06	990500	993500	994250	
990500	982250	1.00375e+06	980500	1.01e+06	
977750	996750	1.02125e+06	1.0075e+06	1.01375e+06	
979000	993000	978500	1.00175e+06	1e+06	
984750	993000	988000	980500	984750	
1.00425e+06	996250	986750	989250	971000	
960250	1.00875e+06	967750	996750	966000	
998000	1.00375e+06	983000	988500	966500	
981000	970250	1.012e+06	966000	981000	
984750	999250	975250	980500	962000	
959500	951500	978500	962000	980500	
977750	971500	995500	962000	985500	
974000	977750	957750	964000	976000	
981750	983000	968500	957750	962750	
959500	929250	952750	967750	949500	
925500	945750	916000	940750	942500	
940000	935750	931250	925500	917250	
945750	918750	928750	920500	912250	
952000	914750	925000	923750	938750	
934500	953250	941250	957750	934500	
946250	931250	945750	922500	935000	
950250	947500	960750	928750	959000	
951500	920500	935750	947500	951500	
959500	922500	947500	934500	969750	
938250	930000	962000	950250	950750	
950750	950750	928750	932500	959000	
965250	960250	936250	982250	959500	
933000	947500	945000	928750	952000	
963250	951500	943750	934500	943250	
962750	941250	944500	954000	941250	
945000	961500	944500	942500	944500	
935000	935000	944500	935750	960750	
937500	950250	926250	955750	935750	
951500	930500	923000	948250	931250	
936250	908000	944500	935750	945750	
961500	935750	924250	937500	931750	
932500	938750	926750	952750	940000	
937500	903500	943250	927500	938750	
945750	938750	942500	946250	916750	
913000	918750	915500	926250	920000	
955750	906000	925500	917250	930500	
914750	921750	916750	938750	920000	
930000	906750	922500	911000	916750	
937500	921750	916000	929250	919250	
923750	909250	907250	911750	911000	
906000	913000	906000	927500	917250	
898500	914250	923000	910500	902250	
899750	909250	917250	916750	909250	
894750	891500	928000	924250	916750	
914250	904250	925000	902750	925500	
904250	925000	919250	912250	925000	
899000	943250	933750	911000	923750	
903500	905500	912250	908000	914250	
898500	902750	903500	885250	911750	
911750	877750	916000	899750	884500	
902750	897250	910500	938750	911000	
867500	896000	904250	914250	911750	
908000	880750	898500	893500	902750	
897750	892250	887750	898500	882750	
892750	889750	900250	908500	884500	
889750	887000	897250	872500	891500	
908500	896500	887750	885250	884000	
870750	871250	894000	886500	912250	
896000	880750	899750	889000	899750	
903500	868250	885750	871250	882000	
850500	870750	884500	887000	892750	
892750	896500	877000	901000	850000	
885250	852500	877750	850000	869500	
872500	891500	884500	872500	884500	
887750	891500	879000	881500	860750	
860000	867500	867000	867000	867000	
888500	894000	891000	876500	891000	
884500	869500	869500	874500	867000	
869500	865000	892250	873250	870750	
896000	867500	881500	876500	887750	
863250	865750	850500	893500	867000	
861250	868750	846250	882750	882750	
856750	875750	880750	851750	855500	
872000	884500	860750	875250	876500	
860000	836750	866250	872500	835500	
836000	863750	866250	841000	844250	
858750	855000	867500	853000	851750	
858250	837250	839750	846750	852500	
836750	829250	843750	854250	860000	
846750	851750	842500	858250	841000	
852500	852500	853750	837250	864500	
833500	843000	867000	817250	859500	
853750	843000	849250	856750	860750	
844250	845500	836000	843000	845500	
851750	831750	826500	850000	841000	
819000	848000	836000	863250	840500	
851250	846250	834250	845500	819000	
821000	848750	848000	850500	833500	
826500	831000	852500	852500	827250	
833000	831750	816500	831750	845000	
828000	836000	828500	834750	824750	
841000	819750	840500	823500	849250	
812250	834750	852500	839750	833500	
846750	827250	836750	829250	814000	
807000	816500	830500	819000	826500	
834750	812250	813500	844250	831750	
827250	809000	828500	816000	821500	
826500	825250	835500	831750	824750	
826500	817750	811500	806500	811500	
799000	810250	817250	830500	811500	
834250	824000	816000	829250	822750	
799000	805250	826000	798250	786250	
811500	828500	787000	815250	835500	
799000	812250	809000	802750	797750	
788750	797000	795000	789500	797750	
797750	804000	800750	806500	809500	
771250	792000	795750	805750	788750	
796500	783250	809000	784500	800750	
819000	767500	778750	793250	804500	
796500	793750	789500	793750	778000	
778000	790000	787000	783750	763500	
785000	778750	783250	749000	744750	
777500	798250	752250	763500	787000	
778750	766750	768750	787000	775000	
783750	790000	775000	777500	769250	
792000	792000	799000	785000	762250	
764250	775000	780500	763500	775500	
763000	763000	771750	775000	786250	
752250	770000	773750	763500	765500	
752250	751750	770500	758000	744750	
759750	756000	768750	768000	770500	
747250	764250	756750	767500	763000	
768000	754250	759750	768000	768750	
760500	753000	753500	746000	768000	
758000	749750	758000	755500	771750	
768000	767500	748500	756750	755500	
755500	763500	757250	756750	759250	
776750	751000	749000	746500	756000	
775500	770500	741000	739750	761750	
755500	749000	751750	750500	767500	
746500	746500	756000	771250	750500	
763000	754750	746500	756000	773750	
761000	754750	742250	775000	771250	
759250	749000	751000	766750	761000	
766750	771250	768750	773000	751750	
768750	773750	754750	767500	771750	
771750	771750	757250	773750	776250	
768750	774250	794500	784500	791250	
764750	763500	781250	782500	762250	
781250	772500	776250	763000	777500	
788750	773750	765500	761750	767500	
768750	788750	760500	766250	775000	
762250	758500	767500	782500	778750	
755500	776250	754750	784500	778000	
747250	768000	775000	755500	766750	
762250	761000	755500	746000	755500	
770000	768750	761750	759750	741500	
760500	756000	754250	774250	748500	
745250	751000	736500	747250	764250	
759250	759250	726500	754250	759750	
745250	739750	745250	763500	754250	
753000	770000	748500	746500	733250	
750500	767500	742250	739750	743500	
735250	754750	739750	754250	777500	
730750	751000	733250	737250	741500	
742750	735250	740250	739750	738500	
734000	759250	732000	748500	729500	
747750	751750	742750	747750	744750	
750500	758000	744000	752250	755500	
749750	734500	739750	744000	749750	
734000	735250	734000	760500	751000	
732000	751000	759250	748500	746500	
732750	757250	741500	768000	769250	
754250	760500	751000	731500	737750	
751750	769250	756750	739750	736500	
738500	742750	739750	722750	727000	
731500	725750	737250	725750	728250	
732750	737750	729500	726500	733250	
734500	722750	741000	746000	713750	
737250	751000	743500	736500	732000	
727000	722750	736500	724000	746500	
738500	739750	732750	728250	741000	
747750	739000	739000	737250	737250	
735250	739000	729500	756000	737250	
731500	743500	733250	743500	718750	
725250	742750	722000	719500	703000	
738500	731500	710000	723250	732000	
725250	729500	759750	735250	717500	
721500	743500	742750	754750	727750	
725750	729500	751000	734500	715750	
722750	715000	736500	722750	736000	
720750	718250	715000	727000	725250	
713750	721500	701250	715000	731500	
722000	723250	702500	726500	721500	
719500	707500	733250	746500	720750	
742750	715000	729500	734000	730750	
730750	734500	717500	729000	725250	
751000	717000	736000	740250	736000	
737750	733250	729000	744750	736000	
721500	731500	730750	725750	729500	
729000	732750	731500	738500	723250	
723250	722750	741500	749750	734000	
722000	722750	743500	730250	739750	
734000	742250	736000	742750	729500	
707000	729500	744750	730750	727750	
734500	721500	738500	727000	728250	
719500	721500	758500	707500	749750	
732750	726500	730750	727750	739000	
715750	742750	732000	742750	727750	
739000	721500	713750	725750	741500	
713750	720750	712000	725250	715750	
705000	700500	733250	744000	716250	
735250	724500	725750	717500	725750	
714500	722750	737750	710000	710000	
727000	720750	727000	714500	699250	
737250	720750	721500	716250	714500	
729000	730750	720750	730750	720750	
713750	729000	746000	713750	707000	
739000	708750	707500	732750	739000	
731500	712000	737750	734000	705000	
720250	713250	730750	710750	710000	
719500	715750	725750	701750	729500	
696750	712000	704500	703000	727750	
725750	715750	730250	712500	707000	
705750	721500	715000	708250	730250	
710000	707000	707000	720750	724000	
724000	712000	700500	721500	711250	
697500	688500	720250	704500	708750	
710750	700500	705000	682250	690000	
699250	703000	724000	693000	731500	
701250	703750	701250	732000	683000	
675500	697500	691750	695500	710750	
691250	679250	688500	697500	701750	
698000	685500	681000	693750	706250	
678500	678000	671500	698000	669000	
695500	695500	701750	690000	690500	
684250	679750	683500	690500	672750	
681750	686000	676750	681000	686000	
678000	665250	678000	678000	685500	
693000	669000	666000	685500	682250	
672750	669000	668500	663500	662750	
677250	658500	652750	669000	670250	
653250	646500	672250	669000	659000	
645250	641250	672750	669000	640000	
660250	667250	669000	649000	672250	
652750	664750	672750	660250	661500	
635750	664000	662750	655750	654000	
664000	669750	647000	647000	661000	
659000	658500	657750	658500	655250	
675500	659750	649500	653250	663500	
650250	653250	654000	657750	661000	
655250	668500	661500	671500	639500	
648250	632000	658500	679750	674250	
654500	678000	651500	652750	678000	
632500	643250	659750	657750	637500	
636250	644000	667250	642500	646500	
669000	662750	652000	652000	650750	
656500	650750	635000	647000	666000	
638250	650250	652000	654000	656500	
632500	641250	644500	654000	657750	
637000	684750	655750	657750	649500	
653250	654000	667250	654500	645250	
658500	662750	645250	647000	641250	
650250	661500	654500	658500	639500	
649000	652000	658500	650750	659000	
672250	662250	664000	660250	644500	
655250	655750	661000	672250	657750	
659000	646500	667750	676000	659750	
671500	692500	659750	672750	658500	
668500	659750	666500	656500	655750	
676000	645750	664750	654000	655750	
664000	651500	655250	669750	662750	
648250	653250	646500	662750	649500	
666000	662250	661000	647750	660250	
666500	649500	671000	661000	665250	
672750	646500	659750	652000	641250	
647000	662250	654000	668500	667750	
662750	656500	671000	657750	654500	
674250	667250	651500	637500	661500	
676000	654500	652750	635000	654000	
660250	666000	662250	663500	679750	
686000	668500	639500	661500	666500	
631250	661000	636250	630000	653250	
649500	653250	639500	641250	648250	
651500	653250	652750	644000	640750	
645250	661500	666000	656500	639500	
660250	654000	633250	671000	648250	
640750	657750	643250	655250	659000	
664750	660250	650750	648250	657750	
657000	659000	656500	637000	679250	
651500	662250	659000	652000	648250	
638750	661000	657750	649000	644000	
657750	665250	662750	678000	661000	
659750	656500	645250	655250	646500	
662250	655750	649500	643250	650750	
649500	645750	666000	655750	659000	
667250	676750	654000	650750	657000	
659000	647750	671500	665250	659000	
658500	659750	615000	659000	647000	
655750	644000	667250	661500	645250	
650750	659000	638750	655250	649500	
661000	652000	638250	674250	633250	
664750	645250	661000	649000	659750	
645250	658500	664000	666000	667250	
655250	663500	638250	639500	650250	
637500	662250	644500	645250	648250	
647750	672250	645250	654500	667750	
655750	662750	645250	653250	666000	
645250	645250	671000	657750	644500	
650250	633750	649000	638250	647750	
652750	648250	654500	642500	645250	
660250	659750	635000	633250	645250	
650250	650250	650250	637500	652750	
659000	659000	649000	637500	643250	
642500	645750	640750	660250	665250	
666500	661500	643250	650250	665250	
651500	652000	640000	655250	665250	
657750	638750	641250	654000	642500	
654500	654500	655750	646500	656500	
664000	656500	646500	633750	650250	
638250	648250	644000	660250	638750	
648250	659750	649000	650250	637500	
652750	648250	652000	644500	646500	
642000	634500	661500	644500	655750	
643250	650750	638250	649500	632500	
638750	647750	657000	659000	639500	
656500	645750	642000	638750	654000	
650250	637500	640750	650750	643250	
642000	658500	653250	643250	647750	
649000	641250	649000	633250	636250	
654500	650250	655750	667250	653250	
657000	641250	645750	645750	657000	
649000	654000	670250	661500	654000	
642000	650250	641250	656500	660250	
654500	638250	648250	626250	652000	
650750	640000	646500	629500	651500	
657000	643250	641250	649000	644500	
658500	650750	646500	644500	662250	
624250	638750	640750	649500	664000	
649500	647750	655250	661000	649500	
659000	631250	659750	648250	650750	
662250	641250	661000	640750	647000	
649000	657750	637000	643250	658500	
650750	644500	632500	671000	648250	
638250	637500	666500	656500	650750	
633250	666000	649500	640000	655250	
644500	645750	652750	647750	634500	
650750	646500	644500	649000	641250	
641250	671000	631250	649000	645250	
656500	661500	649500	640750	651500	
638750	641250	676000	650250	640000	
662250	645250	671500	635000	654500	
650250	644500	654500	650750	639500	
654500	647750	674750	647000	642500	
654500	649500	640750	645250	637000	
649500	644500	640000	654000	641250	
652000	652750	644500	665250	642000	
635000	640750	648250	664000	647000	
649500	651500	639500	669750	655250	
640750	657000	635000	659000	634500	
638250	648250	652750	664750	637000	
616750	641250	653250	640000	654500	
642500	645250	649000	661000	653250	
629500	649500	632000	628250	633750	
656500	639500	635000	654500	648250	
657750	651500	655250	649500	652000	
640750	638250	637500	650250	655750	
650250	656500	657000	654000	661500	
648250	643250	624250	656500	661000	
657000	638250	651500	644500	660250	
645250	654500	631250	625500	629500	
649000	642500	645250	644000	646500	
650250	654500	640750	655750	650750	
651500	659000	632000	666000	632500	
640750	641250	642000	642000	638750	
666500	658500	658500	650250	642000	
642000	657750	650250	647000	652000	
657750	649500	640000	660250	664000	
662250	662250	644500	655250	647750	
650250	638250	664750	650750	649500	
654500	641250	630000	651500	643250	
655750	652750	645250	653250	649500	
621250	659750	659000	649000	647000	
654500	659750	658500	640000	652750	
633750	645250	645750	640000	655750	
630750	643250	645250	658500	666500	
656500	656500	654000	642500	638250	
644500	661000	661000	650750	645750	
633250	640750	645250	646500	632500	
645750	646500	635000	659000	645250	
633750	647750	655250	661500	658500	
638250	644500	645750	635000	644000	
639500	656500	646500	667750	633750	
635000	626250	652750	639500	655250	
637500	648250	650250	628250	644000	
640750	621250	651500	642000	652750	
652750	630750	637500	664000	624250	
620500	655750	637000	644000	643250	
633750	648250	632500	650750	635000	
654000	656500	642500	650250	647000	
633750	640750	640750	657000	645250	
632500	651500	645250	628250	634500	
652750	638750	632000	638250	632500	
628250	632500	645250	621250	640000	
655750	645750	659000	630000	629500	
639500	636250	631250	630750	651500	
647750	657000	654000	654000	625500	
632500	635750	655750	645250	651500	
651500	646500	640000	657000	644000	
646500	631250	634500	644000	654500	
626750	657000	642000	640000	630750	
645250	649500	640750	648250	651500	
638750	628750	636250	647750	621750	
632000	648250	649000	666000	630750	
640750	644500	625500	643250	640750	
628250	625500	642000	646500	641250	
631250	625500	638750	631250	659750	
620500	639500	629500	642500	648250	
637000	630000	639500	623750	642500	
641250	644500	630000	647750	645250	
627500	627500	635750	653250	654500	
648250	667750	642000	635750	652000	
640000	637000	661000	654000	638750	
648250	655250	634500	647000	645250	
650750	659750	642500	651500	637500	
645250	651500	638750	656500	624250	
641250	645250	633250	646500	647000	
650250	659750	651500	632000	663500	
638750	635000	640750	632000	641250	
641250	637000	640000	649500	633750	
633750	634500	630750	663500	644500	
628250	654000	631250	649500	618000	
635000	645750	645750	639500	637500	
640750	646500	636250	628250	639500	
626750	619250	633750	633250	632000	
644500	633250	641250	623750	642000	
646500	634500	634500	642000	645250	
665250	657750	649000	633250	654000	
638750	629500	619250	642500	648250	
632000	616750	643250	644000	624250	
650750	633750	649500	649500	643250	
632000	655750	628250	638250	627500	
641250	632500	643250	623750	640750	
633250	654500	644500	640000	640000	
628250	644500	633750	628250	635750	
646500	642000	628250	648250	640000	
657000	647750	630000	632500	665250	
642000	641250	640000	626750	641250	
642500	626750	655750	644000	645250	
633750	647000	635750	644000	636250	
653250	623000	635000	649000	636250	
644500	630000	626250	649000	618750	
638250	644500	637500	635750	653250	
630000	628250	625000	629500	635000	
640750	638250	638750	629500	635750	
632500	641250	627500	632000	652000	
655750	636250	639500	645750	640750	
640000	647000	637500	641250	630000	
647750	641250	641250	618000	622500	
647750	637500	626750	637000	641250	
651500	638250	649000	633250	628250	
646500	637000	630750	646500	625000	
628750	640750	628750	630750	622500	
638750	648250	633250	631250	638750	
641250	632500	621750	624250	635750	
659750	633750	644500	630000	644000	
645750	663500	630000	637000	649000	
647000	635000	632000	645250	638750	
618000	627500	637500	639500	649500	
630750	628750	635750	625500	637500	
633250	629500	644500	642500	649500	
628750	622500	628750	643250	625500	
653250	657750	619250	636250	642000	
640000	637500	642500	621750	628250	
645250	624250	636250	645250	635000	
654000	634500	649500	636250	615500	
645750	638750	619250	631250	627500	
644000	633750	637000	640750	628250	
633750	640000	650250	638250	644000	
633750	628250	630750	628750	636250	
637000	626750	623000	635750	640000	
633750	630750	642000	633250	620000	
635750	630750	633250	625000	633750	
635750	633750	609750	627500	637000	
628250	636250	641250	635750	635750	
626750	649500	650250	640000	635000	
642000	637500	638250	644000	626250	
633750	635000	631250	611000	653250	
637500	626750	633750	638750	629500	
626250	639500	632000	625000	635000	
633250	620500	635000	627500	633750	
652000	640000	623750	653250	638250	
613000	637500	632000	642000	618750	
635000	616750	643250	635750	643250	
637000	638250	625500	635000	630000	
636250	650250	640000	637500	658500	
638250	640000	644500	628750	631250	
627500	620000	634500	626750	633250	
626250	638250	650250	618750	641250	
635750	644000	649000	631250	628750	
642000	630000	640000	652750	637500	
642500	637500	645750	647000	640750	
633750	641250	638250	624250	646500	
644500	659000	620000	647000	628250	
630000	642000	634500	630750	624250	
618000	638750	621250	623750	635000	
640000	622500	636250	614250	626250	
635750	630750	638750	632000	645750	
658500	643250	641250	620500	646500	
635000	645750	644500	630000	652000	
632500	629500	633250	633250	645250	
646500	635000	638250	623000	635750	
637500	654000	640750	635750	635000	
617500	637500	621750	640000	640750	
647750	645250	629500	627500	633250	
644000	650750	606000	638750	625000	
632000	606000	640000	649000	641250	
612500	634500	652750	632500	642500	
631250	640000	628250	617500	625000	
635000	641250	635750	637500	636250	
634500	621250	637000	620500	615000	
649500	643250	641250	614250	639500	
632500	647000	622500	645250	631250	
645750	628750	623750	638750	647750	
640000	639500	627500	641250	626750	
629500	655750	634500	637500	628750	
644500	652750	648250	645750	628250	
630000	626750	642500	631250	643250	
632500	655750	630750	621750	637500	
646500	661000	616250	638250	613000	
642000	635000	632000	632500	630750	
649500	631250	651500	625000	631250	
638750	645750	635000	643250	641250	
640000	638750	632500	637000	625000	
640000	638750	632500	637000	625000	
640000	638750	632500	637000	625000	
