4250	4250	4250	4250	4250	
7.13825e+06	7.13825e+06	7.13825e+06	7.13825e+06	7.13825e+06	
534250	544250	521000	529250	530500	
501500	521750	513500	505250	495750	
533000	512750	521000	509750	518500	
496500	512750	513500	510250	503250	
509750	523000	507250	517750	506500	
515250	505250	526000	525500	516000	
509000	500250	523500	527250	509750	
531000	518500	507250	525500	518500	
520250	519750	504500	526000	509750	
512750	529750	523000	536250	538000	
524750	526000	518500	533500	532250	
544250	536250	519750	517750	525500	
552500	541250	539250	542500	527250	
529750	530500	523000	537500	539250	
560000	545500	526000	548750	543750	
557000	556250	545000	548750	554500	
552000	537500	560750	558750	553750	
568250	591500	559500	564500	557000	
580750	566250	574000	573250	577000	
587250	575250	575250	575250	563750	
575750	577750	578250	575250	588500	
632500	636250	626750	632000	648250	
836000	803250	792500	821500	810250	
843750	828500	831000	834750	833000	
843000	824000	807750	835500	817250	
828500	836750	838500	834250	821000	
873250	857500	870000	838500	836750	
828500	838500	831000	839250	828500	
848750	833500	876500	844250	837250	
857500	858250	856250	881500	864500	
863750	887000	885250	891000	890250	
877750	909750	926250	913000	899750	
910500	906750	882750	916000	908000	
923000	908000	894000	906000	927500	
902250	895250	895250	875250	909750	
919250	875750	908500	902750	916000	
901000	891000	882750	880750	906000	
898500	904250	903500	915500	903500	
923750	907250	914250	900250	902250	
957750	948750	937500	947500	940000	
971000	974750	953250	979000	942000	
949500	967250	955250	966000	962000	
944500	960750	953250	981750	988500	
988500	976500	942000	964000	979000	
950250	948250	980500	933750	974000	
951500	943250	948750	959500	959500	
955750	960750	931250	943750	949500	
939500	937500	931250	964750	954000	
938750	910500	915500	928000	908000	
913500	937500	926250	908000	918000	
911750	935000	919250	934500	925500	
904750	937500	892750	896500	884000	
866250	889750	895250	882750	890250	
887750	912250	923750	918750	928750	
931750	964000	923000	951500	938750	
1.00875e+06	1.022e+06	1.00875e+06	992250	984250	
1.012e+06	1.037e+06	1.008e+06	1.02775e+06	994750	
1.01625e+06	994250	1.01825e+06	988000	993000	
985500	970250	986000	994750	1.01375e+06	
971000	983500	977750	984750	988500	
959000	968500	979000	1e+06	976000	
1.00875e+06	967250	981750	978500	958250	
1.0005e+06	1.0025e+06	1.0005e+06	1.003e+06	991750	
1.017e+06	988000	1.01325e+06	1.03275e+06	1.03075e+06	
1.02825e+06	1.03825e+06	1.032e+06	1.044e+06	1.05725e+06	
1.015e+06	1.027e+06	1.01875e+06	1.058e+06	1.0395e+06	
1.0585e+06	1.0365e+06	1.025e+06	1.0535e+06	1.04725e+06	
1.04475e+06	1.05025e+06	1.0685e+06	1.05475e+06	1.07925e+06	
1.0755e+06	1.071e+06	1.06975e+06	1.078e+06	1.0825e+06	
1.0585e+06	1.06225e+06	1.05925e+06	1.05475e+06	1.0755e+06	
1.083e+06	1.10575e+06	1.09875e+06	1.07175e+06	1.06675e+06	
1.1165e+06	1.10775e+06	1.11075e+06	1.1215e+06	1.12475e+06	
1.16125e+06	1.16875e+06	1.17075e+06	1.189e+06	1.15425e+06	
1.155e+06	1.17825e+06	1.17625e+06	1.18525e+06	1.20775e+06	
1.19075e+06	1.17375e+06	1.187e+06	1.194e+06	1.17625e+06	
1.18275e+06	1.17125e+06	1.17325e+06	1.18325e+06	1.20475e+06	
1.16175e+06	1.175e+06	1.17125e+06	1.148e+06	1.163e+06	
1.155e+06	1.1575e+06	1.141e+06	1.14725e+06	1.167e+06	
1.14925e+06	1.15e+06	1.13975e+06	1.1605e+06	1.1455e+06	
1.16e+06	1.15375e+06	1.143e+06	1.14725e+06	1.14475e+06	
1.158e+06	1.165e+06	1.17875e+06	1.15875e+06	1.182e+06	
1.20975e+06	1.192e+06	1.2015e+06	1.21175e+06	1.20525e+06	
1.255e+06	1.2275e+06	1.218e+06	1.225e+06	1.2565e+06	
1.23125e+06	1.2325e+06	1.20725e+06	1.24325e+06	1.22425e+06	
1.2135e+06	1.223e+06	1.21175e+06	1.225e+06	1.19975e+06	
1.1965e+06	1.18575e+06	1.18275e+06	1.2015e+06	1.19075e+06	
1.196e+06	1.19475e+06	1.1915e+06	1.21425e+06	1.22225e+06	
1.22225e+06	1.2135e+06	1.23875e+06	1.27275e+06	1.21675e+06	
1.2205e+06	1.2035e+06	1.182e+06	1.20225e+06	1.20275e+06	
1.13975e+06	1.14925e+06	1.1525e+06	1.172e+06	1.15675e+06	
1.14875e+06	1.16e+06	1.15425e+06	1.1385e+06	1.14875e+06	
1.16375e+06	1.15925e+06	1.15e+06	1.175e+06	1.13025e+06	
1.12025e+06	1.10075e+06	1.11575e+06	1.1265e+06	1.09325e+06	
1.0535e+06	1.0945e+06	1.06725e+06	1.09625e+06	1.07625e+06	
1.09125e+06	1.1e+06	1.104e+06	1.0975e+06	1.1065e+06	
1.0995e+06	1.11525e+06	1.1215e+06	1.1235e+06	1.121e+06	
1.1045e+06	1.12275e+06	1.1165e+06	1.114e+06	1.117e+06	
1.16e+06	1.16375e+06	1.1435e+06	1.1405e+06	1.16375e+06	
1.23125e+06	1.21225e+06	1.204e+06	1.2425e+06	1.20725e+06	
1.21725e+06	1.2305e+06	1.2275e+06	1.2305e+06	1.2475e+06	
1.22625e+06	1.26075e+06	1.2425e+06	1.22925e+06	1.24325e+06	
1.24125e+06	1.26325e+06	1.2765e+06	1.2475e+06	1.27775e+06	
1.25e+06	1.27225e+06	1.27225e+06	1.2785e+06	1.33275e+06	
1.29725e+06	1.347e+06	1.32875e+06	1.3245e+06	1.34325e+06	
1.34975e+06	1.3685e+06	1.40375e+06	1.39e+06	1.38875e+06	
1.41825e+06	1.4075e+06	1.39875e+06	1.37925e+06	1.38625e+06	
1.4045e+06	1.35725e+06	1.36025e+06	1.34075e+06	1.36975e+06	
1.308e+06	1.2935e+06	1.315e+06	1.28525e+06	1.3275e+06	
1.2695e+06	1.29475e+06	1.23e+06	1.2885e+06	1.26775e+06	
1.2735e+06	1.308e+06	1.279e+06	1.28475e+06	1.3055e+06	
1.344e+06	1.315e+06	1.3245e+06	1.32075e+06	1.2955e+06	
1.38375e+06	1.35775e+06	1.37925e+06	1.361e+06	1.3855e+06	
1.4165e+06	1.434e+06	1.4045e+06	1.39125e+06	1.41325e+06	
1.339e+06	1.37925e+06	1.36475e+06	1.35475e+06	1.356e+06	
1.2955e+06	1.32325e+06	1.30875e+06	1.29725e+06	1.3055e+06	
1.235e+06	1.2545e+06	1.2305e+06	1.26025e+06	1.26025e+06	
1.19725e+06	1.18525e+06	1.196e+06	1.20475e+06	1.18525e+06	
1.14175e+06	1.138e+06	1.15675e+06	1.15175e+06	1.14875e+06	
1.12775e+06	1.13925e+06	1.12975e+06	1.16375e+06	1.13275e+06	
1.1455e+06	1.143e+06	1.1215e+06	1.11575e+06	1.14925e+06	
1.182e+06	1.18025e+06	1.167e+06	1.1845e+06	1.20225e+06	
1.2615e+06	1.21975e+06	1.23175e+06	1.274e+06	1.29925e+06	
1.366e+06	1.3945e+06	1.3535e+06	1.327e+06	1.3365e+06	
1.39575e+06	1.39e+06	1.3925e+06	1.3905e+06	1.41075e+06	
1.42325e+06	1.4145e+06	1.376e+06	1.39825e+06	1.4115e+06	
1.35475e+06	1.3735e+06	1.385e+06	1.36225e+06	1.3825e+06	
1.3805e+06	1.37725e+06	1.359e+06	1.339e+06	1.368e+06	
1.4115e+06	1.4025e+06	1.419e+06	1.42325e+06	1.424e+06	
1.422e+06	1.45625e+06	1.43975e+06	1.42975e+06	1.44975e+06	
1.44475e+06	1.43025e+06	1.45675e+06	1.46e+06	1.439e+06	
1.45875e+06	1.43275e+06	1.48125e+06	1.40325e+06	1.436e+06	
1.451e+06	1.44975e+06	1.463e+06	1.4795e+06	1.4625e+06	
1.42275e+06	1.4045e+06	1.4605e+06	1.45875e+06	1.44425e+06	
1.45925e+06	1.46375e+06	1.506e+06	1.4655e+06	1.482e+06	
1.54375e+06	1.54425e+06	1.5475e+06	1.56275e+06	1.57275e+06	
1.64525e+06	1.639e+06	1.66525e+06	1.6035e+06	1.64525e+06	
1.66025e+06	1.70375e+06	1.71575e+06	1.68875e+06	1.724e+06	
1.7385e+06	1.70625e+06	1.65775e+06	1.6855e+06	1.71125e+06	
1.72525e+06	1.76625e+06	1.71825e+06	1.74725e+06	1.73525e+06	
1.799e+06	1.79775e+06	1.77825e+06	1.76175e+06	1.7845e+06	
1.86825e+06	1.8675e+06	1.84675e+06	1.86e+06	1.8455e+06	
1.8305e+06	1.82475e+06	1.80275e+06	1.84e+06	1.8085e+06	
1.71075e+06	1.7265e+06	1.71325e+06	1.71575e+06	1.734e+06	
1.61e+06	1.59475e+06	1.5785e+06	1.647e+06	1.58725e+06	
1.4045e+06	1.419e+06	1.3905e+06	1.3975e+06	1.42025e+06	
1.25e+06	1.255e+06	1.2735e+06	1.27775e+06	1.26275e+06	
1.2135e+06	1.2035e+06	1.20725e+06	1.23375e+06	1.233e+06	
1.339e+06	1.35225e+06	1.3615e+06	1.383e+06	1.34075e+06	
1.5495e+06	1.58225e+06	1.58275e+06	1.57075e+06	1.5545e+06	
1.7165e+06	1.734e+06	1.736e+06	1.7485e+06	1.71575e+06	
1.88525e+06	1.87775e+06	1.86e+06	1.8525e+06	1.89025e+06	
1.911e+06	1.94525e+06	1.91425e+06	1.90475e+06	1.94075e+06	
1.8375e+06	1.8645e+06	1.8525e+06	1.8745e+06	1.8625e+06	
1.69175e+06	1.69925e+06	1.734e+06	1.6975e+06	1.70325e+06	
1.4795e+06	1.555e+06	1.518e+06	1.49525e+06	1.4965e+06	
1.376e+06	1.37475e+06	1.3875e+06	1.35475e+06	1.38375e+06	
1.53375e+06	1.51025e+06	1.5255e+06	1.52175e+06	1.49575e+06	
1.768e+06	1.77125e+06	1.7755e+06	1.74975e+06	1.76175e+06	
2.01875e+06	2.06425e+06	2.03025e+06	2.04475e+06	2.03575e+06	
2.21925e+06	2.2105e+06	2.223e+06	2.228e+06	2.20475e+06	
2.33025e+06	2.3295e+06	2.38125e+06	2.32325e+06	2.33525e+06	
2.419e+06	2.40825e+06	2.4815e+06	2.419e+06	2.467e+06	
2.48075e+06	2.45925e+06	2.487e+06	2.4575e+06	2.47625e+06	
2.523e+06	2.4525e+06	2.496e+06	2.5065e+06	2.45675e+06	
2.46175e+06	2.53925e+06	2.5645e+06	2.49025e+06	2.5275e+06	
2.53375e+06	2.5935e+06	2.5185e+06	2.564e+06	2.53375e+06	
2.608e+06	2.618e+06	2.60425e+06	2.647e+06	2.608e+06	
2.69175e+06	2.70375e+06	2.67725e+06	2.664e+06	2.68375e+06	
2.70325e+06	2.688e+06	2.69825e+06	2.68375e+06	2.72025e+06	
2.70375e+06	2.72775e+06	2.73775e+06	2.76375e+06	2.8085e+06	
2.80275e+06	2.79775e+06	2.8015e+06	2.77625e+06	2.8455e+06	
2.77825e+06	2.831e+06	2.785e+06	2.7285e+06	2.77825e+06	
2.6905e+06	2.71525e+06	2.7485e+06	2.73725e+06	2.74175e+06	
2.7655e+06	2.74925e+06	2.768e+06	2.7655e+06	2.73725e+06	
2.74925e+06	2.80275e+06	2.7725e+06	2.7945e+06	2.7675e+06	
2.7435e+06	2.75625e+06	2.74925e+06	2.73275e+06	2.7195e+06	
2.7285e+06	2.72725e+06	2.74975e+06	2.7505e+06	2.77e+06	
2.80975e+06	2.799e+06	2.73525e+06	2.7485e+06	2.76675e+06	
2.785e+06	2.8375e+06	2.7915e+06	2.75875e+06	2.8495e+06	
2.73775e+06	2.74975e+06	2.722e+06	2.75925e+06	2.73725e+06	
2.74925e+06	2.78075e+06	2.76425e+06	2.7675e+06	2.7625e+06	
2.729e+06	2.77125e+06	2.741e+06	2.7775e+06	2.78625e+06	
2.772e+06	2.806e+06	2.7915e+06	2.78575e+06	2.78575e+06	
2.8985e+06	2.85875e+06	2.7895e+06	2.8285e+06	2.87525e+06	
2.896e+06	2.87325e+06	2.91125e+06	2.8375e+06	2.8695e+06	
2.99e+06	2.89975e+06	2.91925e+06	2.94775e+06	2.92e+06	
3.019e+06	3.0265e+06	3.0415e+06	3.0295e+06	2.98625e+06	
3.14e+06	3.11525e+06	3.1285e+06	3.1545e+06	3.1305e+06	
3.143e+06	3.143e+06	3.13225e+06	3.15575e+06	3.155e+06	
3.0625e+06	3.056e+06	2.98175e+06	3.0795e+06	3.0795e+06	
2.8935e+06	2.89425e+06	2.91375e+06	2.91175e+06	2.903e+06	
2.87025e+06	2.85875e+06	2.81475e+06	2.8985e+06	2.85125e+06	
2.9155e+06	2.891e+06	2.9035e+06	2.952e+06	2.9515e+06	
3.12025e+06	3.11775e+06	3.09325e+06	3.1545e+06	3.12975e+06	
3.235e+06	3.2255e+06	3.1985e+06	3.189e+06	3.21925e+06	
3.25525e+06	3.29925e+06	3.2615e+06	3.30675e+06	3.266e+06	
3.32525e+06	3.346e+06	3.35925e+06	3.298e+06	3.31825e+06	
3.30375e+06	3.30425e+06	3.2805e+06	3.26275e+06	3.29425e+06	
3.23375e+06	3.259e+06	3.278e+06	3.2635e+06	3.271e+06	
3.213e+06	3.2445e+06	3.2855e+06	3.19725e+06	3.153e+06	
3.33525e+06	3.39875e+06	3.37625e+06	3.317e+06	3.33275e+06	
3.395e+06	3.37675e+06	3.4095e+06	3.3705e+06	3.3945e+06	
3.3415e+06	3.3295e+06	3.3125e+06	3.3705e+06	3.36475e+06	
3.35975e+06	3.39875e+06	3.402e+06	3.38575e+06	3.412e+06	
3.35025e+06	3.3385e+06	3.3805e+06	3.33275e+06	3.30825e+06	
3.375e+06	3.3845e+06	3.339e+06	3.356e+06	3.34725e+06	
3.4505e+06	3.4185e+06	3.4435e+06	3.40775e+06	3.43225e+06	
3.5395e+06	3.59175e+06	3.559e+06	3.60175e+06	3.5085e+06	
3.58925e+06	3.58225e+06	3.50525e+06	3.6055e+06	3.56325e+06	
3.48075e+06	3.48025e+06	3.44925e+06	3.50975e+06	3.45125e+06	
3.4645e+06	3.421e+06	3.45625e+06	3.383e+06	3.39375e+06	
3.38e+06	3.38625e+06	3.385e+06	3.42025e+06	3.412e+06	
3.395e+06	3.44675e+06	3.45175e+06	3.40525e+06	3.47575e+06	
3.438e+06	3.4695e+06	3.4095e+06	3.4575e+06	3.499e+06	
3.48075e+06	3.4965e+06	3.54825e+06	3.50675e+06	3.52375e+06	
3.49275e+06	3.49225e+06	3.5375e+06	3.574e+06	3.5305e+06	
3.487e+06	3.5445e+06	3.58425e+06	3.49725e+06	3.5305e+06	
3.429e+06	3.46e+06	3.513e+06	3.487e+06	3.4985e+06	
3.603e+06	3.6275e+06	3.58225e+06	3.61125e+06	3.535e+06	
3.69875e+06	3.7025e+06	3.63275e+06	3.6825e+06	3.6685e+06	
3.84175e+06	3.7625e+06	3.7385e+06	3.6775e+06	3.73475e+06	
3.847e+06	3.8035e+06	3.8525e+06	3.78775e+06	3.87475e+06	
3.81675e+06	3.82425e+06	3.8405e+06	3.7965e+06	3.87525e+06	
3.659e+06	3.68e+06	3.6685e+06	3.65525e+06	3.73225e+06	
3.5885e+06	3.608e+06	3.637e+06	3.60175e+06	3.596e+06	
3.5955e+06	3.634e+06	3.53e+06	3.646e+06	3.58975e+06	
3.54e+06	3.5475e+06	3.58475e+06	3.5735e+06	3.56025e+06	
3.6345e+06	3.73525e+06	3.673e+06	3.60675e+06	3.73725e+06	
3.8255e+06	3.79575e+06	3.76875e+06	3.767e+06	3.7575e+06	
3.78775e+06	3.76125e+06	3.86275e+06	3.7745e+06	3.81925e+06	
3.833e+06	3.857e+06	3.7575e+06	3.80275e+06	3.816e+06	
3.80275e+06	3.76875e+06	3.816e+06	3.78125e+06	3.83925e+06	
3.77575e+06	3.8375e+06	3.86275e+06	3.67875e+06	3.741e+06	
3.7775e+06	3.78075e+06	3.77825e+06	3.847e+06	3.78775e+06	
3.85325e+06	3.855e+06	3.954e+06	3.92e+06	3.9105e+06	
3.88975e+06	3.8765e+06	3.88475e+06	3.8545e+06	3.83875e+06	
3.84825e+06	3.84875e+06	3.806e+06	3.81225e+06	3.8035e+06	
3.71025e+06	3.67175e+06	3.8155e+06	3.6565e+06	3.64725e+06	
3.77625e+06	3.6925e+06	3.748e+06	3.7945e+06	3.77375e+06	
3.847e+06	3.83675e+06	3.81025e+06	3.84625e+06	3.8305e+06	
3.86025e+06	3.8035e+06	3.84875e+06	3.85375e+06	3.913e+06	
3.81025e+06	3.79975e+06	3.85e+06	3.789e+06	3.81975e+06	
3.6875e+06	3.73225e+06	3.65275e+06	3.6855e+06	3.743e+06	
3.5665e+06	3.5955e+06	3.58925e+06	3.5935e+06	3.52875e+06	
3.337e+06	3.32075e+06	3.35025e+06	3.33325e+06	3.3465e+06	
3.1385e+06	3.128e+06	3.11275e+06	3.172e+06	3.18775e+06	
3.0505e+06	3.08575e+06	3.07825e+06	3.05975e+06	3.04275e+06	
3.16575e+06	3.14625e+06	3.1695e+06	3.1355e+06	3.16075e+06	
3.56525e+06	3.59225e+06	3.569e+06	3.58475e+06	3.583e+06	
3.89425e+06	3.94275e+06	3.93075e+06	3.96675e+06	3.97925e+06	
4.24825e+06	4.1085e+06	4.1815e+06	4.1885e+06	4.18475e+06	
4.1575e+06	4.1235e+06	4.14125e+06	4.18775e+06	4.15125e+06	
4.14625e+06	4.12475e+06	4.172e+06	4.14375e+06	4.07325e+06	
4.21875e+06	4.19025e+06	4.18275e+06	4.27225e+06	4.24275e+06	
4.2545e+06	4.169e+06	4.1305e+06	4.1835e+06	4.22875e+06	
3.98675e+06	4.014e+06	4.02025e+06	4.01825e+06	4.068e+06	
4.06e+06	4.01275e+06	3.95725e+06	4.0095e+06	4.04025e+06	
4.0895e+06	4.1595e+06	4.15125e+06	4.21925e+06	4.16775e+06	
4.2715e+06	4.34475e+06	4.28175e+06	4.26225e+06	4.31e+06	
4.39575e+06	4.3315e+06	4.35225e+06	4.4065e+06	4.351e+06	
4.511e+06	4.47825e+06	4.5055e+06	4.4965e+06	4.43725e+06	
4.7265e+06	4.654e+06	4.736e+06	4.583e+06	4.64775e+06	
4.666e+06	4.70325e+06	4.74875e+06	4.721e+06	4.661e+06	
4.709e+06	4.68625e+06	4.68125e+06	4.70575e+06	4.7185e+06	
4.65925e+06	4.661e+06	4.57775e+06	4.65925e+06	4.62775e+06	
4.54e+06	4.63075e+06	4.5615e+06	4.63775e+06	4.598e+06	
4.431e+06	4.4455e+06	4.436e+06	4.378e+06	4.455e+06	
4.3415e+06	4.33025e+06	4.31125e+06	4.39575e+06	4.26475e+06	
4.15e+06	4.20675e+06	4.261e+06	4.20675e+06	4.2105e+06	
4.385e+06	4.44375e+06	4.40825e+06	4.404e+06	4.44625e+06	
4.56975e+06	4.55825e+06	4.5135e+06	4.51675e+06	4.54825e+06	
4.687e+06	4.6825e+06	4.678e+06	4.62e+06	4.62075e+06	
4.6535e+06	4.66925e+06	4.5955e+06	4.62775e+06	4.6515e+06	
4.64975e+06	4.6465e+06	4.54625e+06	4.62525e+06	4.67125e+06	
4.8035e+06	4.75875e+06	4.784e+06	4.82925e+06	4.7865e+06	
4.86325e+06	4.8955e+06	4.898e+06	4.93775e+06	4.94725e+06	
5.029e+06	4.9925e+06	5.06875e+06	5.02475e+06	4.99825e+06	
5.0335e+06	5.043e+06	5.04975e+06	5.04475e+06	5.09575e+06	
5.20675e+06	5.266e+06	5.16525e+06	5.26025e+06	5.21875e+06	
5.266e+06	5.264e+06	5.172e+06	5.288e+06	5.302e+06	
5.21925e+06	5.10775e+06	5.24025e+06	5.21875e+06	5.242e+06	
5.026e+06	5.14e+06	5.104e+06	5.1375e+06	5.08525e+06	
5.16575e+06	5.17775e+06	5.16275e+06	5.174e+06	5.242e+06	
5.24075e+06	5.1885e+06	5.1545e+06	5.21375e+06	5.33525e+06	
5.34725e+06	5.3365e+06	5.2275e+06	5.3245e+06	5.2495e+06	
5.329e+06	5.334e+06	5.215e+06	5.3455e+06	5.319e+06	
5.25525e+06	5.30325e+06	5.28175e+06	5.24775e+06	5.26475e+06	
5.15125e+06	5.118e+06	5.18475e+06	5.126e+06	5.1035e+06	
5.007e+06	5.087e+06	4.9365e+06	4.985e+06	4.98125e+06	
5.126e+06	5.1885e+06	5.0915e+06	5.16525e+06	5.1085e+06	
5.2755e+06	5.1885e+06	5.23125e+06	5.28225e+06	5.24275e+06	
5.2755e+06	5.24525e+06	5.38575e+06	5.26925e+06	5.34425e+06	
5.61625e+06	5.5255e+06	5.5715e+06	5.5295e+06	5.5785e+06	
5.58225e+06	5.472e+06	5.54825e+06	5.62025e+06	5.5275e+06	
5.47775e+06	5.55575e+06	5.544e+06	5.511e+06	5.59625e+06	
5.5905e+06	5.57225e+06	5.50675e+06	5.50175e+06	5.5805e+06	
5.5515e+06	5.61325e+06	5.5545e+06	5.57475e+06	5.58425e+06	
5.57275e+06	5.5805e+06	5.6175e+06	5.6025e+06	5.64975e+06	
5.66925e+06	5.7405e+06	5.6535e+06	5.71725e+06	5.7355e+06	
5.724e+06	5.66875e+06	5.65425e+06	5.77525e+06	5.68875e+06	
5.874e+06	5.88725e+06	5.8545e+06	5.852e+06	5.89425e+06	
6.0385e+06	5.94225e+06	5.98825e+06	6.02475e+06	6.04475e+06	
5.86025e+06	5.88425e+06	5.934e+06	5.95025e+06	5.9125e+06	
5.825e+06	5.9e+06	5.88925e+06	5.879e+06	5.93025e+06	
5.91075e+06	5.93575e+06	5.879e+06	5.94075e+06	5.89175e+06	
5.67425e+06	5.731e+06	5.70075e+06	5.75125e+06	5.76125e+06	
5.5785e+06	5.5975e+06	5.58725e+06	5.57275e+06	5.59425e+06	
5.43675e+06	5.37575e+06	5.34475e+06	5.431e+06	5.523e+06	
5.57925e+06	5.5255e+06	5.48775e+06	5.43225e+06	5.50675e+06	
5.52125e+06	5.54525e+06	5.62525e+06	5.57425e+06	5.57225e+06	
5.68125e+06	5.716e+06	5.73475e+06	5.76875e+06	5.7765e+06	
5.699e+06	5.682e+06	5.79775e+06	5.68e+06	5.673e+06	
5.641e+06	5.70575e+06	5.59625e+06	5.64775e+06	5.772e+06	
5.67925e+06	5.64725e+06	5.69775e+06	5.6875e+06	5.6605e+06	
5.77e+06	5.80975e+06	5.7575e+06	5.80275e+06	5.84575e+06	
5.8955e+06	5.8055e+06	5.81225e+06	5.837e+06	5.8445e+06	
5.89925e+06	5.94975e+06	5.94975e+06	5.88475e+06	5.9225e+06	
5.89425e+06	5.90875e+06	5.83625e+06	5.8545e+06	5.9395e+06	
5.90675e+06	5.9705e+06	5.97175e+06	5.963e+06	5.939e+06	
6.02775e+06	6.1035e+06	5.975e+06	6.063e+06	6.09975e+06	
6.043e+06	5.9345e+06	5.97625e+06	6.04225e+06	6.075e+06	
5.929e+06	5.93525e+06	5.9265e+06	5.9465e+06	5.95675e+06	
5.9465e+06	5.87525e+06	5.9125e+06	5.9755e+06	5.8975e+06	
5.92375e+06	5.91e+06	5.84e+06	5.94525e+06	5.91075e+06	
5.978e+06	5.8935e+06	5.92e+06	5.92375e+06	5.971e+06	
5.881e+06	5.91e+06	5.90675e+06	5.88675e+06	5.9395e+06	
5.87275e+06	5.91625e+06	5.9245e+06	5.9295e+06	5.9435e+06	
6.116e+06	6.063e+06	6.06e+06	6.07125e+06	6.06375e+06	
6.0455e+06	6.079e+06	6.0405e+06	6.02725e+06	6.00275e+06	
6.1695e+06	6.1955e+06	6.1695e+06	6.23075e+06	6.203e+06	
6.16775e+06	6.1935e+06	6.15825e+06	6.21875e+06	6.1595e+06	
6.261e+06	6.213e+06	6.26025e+06	6.22375e+06	6.27725e+06	
6.31575e+06	6.331e+06	6.3315e+06	6.30575e+06	6.4305e+06	
6.33225e+06	6.2855e+06	6.25275e+06	6.29625e+06	6.24275e+06	
6.186e+06	6.251e+06	6.1985e+06	6.26975e+06	6.334e+06	
6.358e+06	6.31275e+06	6.30625e+06	6.33025e+06	6.29325e+06	
6.31525e+06	6.26475e+06	6.278e+06	6.2635e+06	6.34725e+06	
6.24525e+06	6.2515e+06	6.2975e+06	6.30575e+06	6.30625e+06	
6.198e+06	6.0865e+06	6.17225e+06	6.15125e+06	6.25775e+06	
6.15e+06	6.2195e+06	6.1325e+06	6.15075e+06	6.213e+06	
6.1935e+06	6.138e+06	6.121e+06	6.1545e+06	6.138e+06	
6.278e+06	6.23275e+06	6.2755e+06	6.20925e+06	6.22075e+06	
6.23e+06	6.30625e+06	6.28175e+06	6.2945e+06	6.271e+06	
6.493e+06	6.409e+06	6.38125e+06	6.41275e+06	6.42175e+06	
6.27875e+06	6.27425e+06	6.25725e+06	6.2195e+06	6.1905e+06	
6.2735e+06	6.19925e+06	6.19475e+06	6.22875e+06	6.20925e+06	
6.2515e+06	6.33725e+06	6.21125e+06	6.346e+06	6.31775e+06	
6.404e+06	6.372e+06	6.3555e+06	6.401e+06	6.37325e+06	
6.56225e+06	6.45825e+06	6.37e+06	6.542e+06	6.447e+06	
6.44375e+06	6.47025e+06	6.438e+06	6.539e+06	6.35175e+06	
6.581e+06	6.62575e+06	6.593e+06	6.66925e+06	6.66125e+06	
6.65675e+06	6.6605e+06	6.63025e+06	6.67e+06	6.62575e+06	
6.57675e+06	6.61125e+06	6.61825e+06	6.52625e+06	6.72425e+06	
6.675e+06	6.5735e+06	6.57975e+06	6.578e+06	6.66625e+06	
6.583e+06	6.682e+06	6.5535e+06	6.5205e+06	6.648e+06	
6.4285e+06	6.481e+06	6.46575e+06	6.46125e+06	6.457e+06	
6.6075e+06	6.56525e+06	6.5515e+06	6.59875e+06	6.59175e+06	
6.7135e+06	6.726e+06	6.7165e+06	6.7085e+06	6.64225e+06	
6.871e+06	6.80675e+06	6.956e+06	6.91575e+06	6.93725e+06	
7.058e+06	7.0915e+06	7.07775e+06	7.13425e+06	7.15775e+06	
7.0985e+06	7.17225e+06	7.15075e+06	7.1425e+06	7.11225e+06	
7.01525e+06	7.0745e+06	7.113e+06	7.089e+06	7.11175e+06	
7.0405e+06	7.024e+06	6.98875e+06	6.99375e+06	7.05375e+06	
7.07e+06	7.15775e+06	7.17025e+06	7.193e+06	7.10275e+06	
7.0575e+06	7.18175e+06	7.11925e+06	7.183e+06	7.261e+06	
7.2805e+06	7.2395e+06	7.278e+06	7.3e+06	7.26225e+06	
7.4835e+06	7.406e+06	7.4545e+06	7.54575e+06	7.64925e+06	
7.4985e+06	7.5295e+06	7.532e+06	7.5735e+06	7.49175e+06	
7.49475e+06	7.5195e+06	7.4615e+06	7.5195e+06	7.5125e+06	
7.496e+06	7.43425e+06	7.5585e+06	7.5785e+06	7.411e+06	
7.50175e+06	7.52375e+06	7.55475e+06	7.57925e+06	7.49475e+06	
7.52125e+06	7.66375e+06	7.54575e+06	7.5395e+06	7.49925e+06	
7.559e+06	7.6045e+06	7.62075e+06	7.50175e+06	7.646e+06	
7.711e+06	7.791e+06	7.64725e+06	7.7255e+06	7.64675e+06	
7.927e+06	7.8685e+06	7.94275e+06	7.866e+06	7.9295e+06	
8.08725e+06	8.18925e+06	8.15275e+06	8.23975e+06	8.1685e+06	
8.0885e+06	8.04125e+06	8.0185e+06	8.04925e+06	8.072e+06	
8.1135e+06	8.1325e+06	8.137e+06	8.20425e+06	8.15075e+06	
8.14375e+06	8.0885e+06	8.08075e+06	8.0885e+06	8.0765e+06	
8.41225e+06	8.40675e+06	8.391e+06	8.4545e+06	8.55725e+06	
8.4015e+06	8.459e+06	8.41675e+06	8.4905e+06	8.5175e+06	
8.38575e+06	8.40975e+06	8.41225e+06	8.47475e+06	8.41675e+06	
8.68075e+06	8.58925e+06	8.54475e+06	8.5735e+06	8.61825e+06	
8.5735e+06	8.6065e+06	8.62025e+06	8.63925e+06	8.658e+06	
8.5995e+06	8.59875e+06	8.55725e+06	8.667e+06	8.609e+06	
8.77525e+06	8.66425e+06	8.7135e+06	8.675e+06	8.711e+06	
8.90875e+06	8.9285e+06	8.878e+06	8.88625e+06	8.83325e+06	
8.81425e+06	8.85775e+06	8.94925e+06	8.90075e+06	8.968e+06	
9.0205e+06	9.077e+06	9.00725e+06	8.9675e+06	9.0235e+06	
8.9095e+06	8.86675e+06	8.91e+06	8.95475e+06	8.936e+06	
9.00525e+06	9.01525e+06	9.00075e+06	8.94475e+06	9.0235e+06	
8.9045e+06	9.05875e+06	8.9795e+06	8.99775e+06	9.067e+06	
9.07775e+06	9.055e+06	9.0205e+06	9.0135e+06	9.05125e+06	
8.98375e+06	9.0035e+06	8.91325e+06	8.912e+06	8.9705e+06	
9.2095e+06	9.15775e+06	9.1255e+06	9.183e+06	9.22025e+06	
8.9045e+06	8.9195e+06	8.95925e+06	8.94975e+06	8.9265e+06	
8.70775e+06	8.70225e+06	8.6865e+06	8.83e+06	8.82825e+06	
8.336e+06	8.302e+06	8.20875e+06	8.193e+06	8.2055e+06	
7.9005e+06	7.91075e+06	7.9585e+06	7.97825e+06	7.90825e+06	
7.82825e+06	7.8955e+06	7.919e+06	7.8515e+06	7.89675e+06	
8.17725e+06	8.171e+06	8.2025e+06	8.176e+06	8.2655e+06	
8.61575e+06	8.57925e+06	8.6215e+06	8.67825e+06	8.67125e+06	
8.96175e+06	8.8175e+06	8.844e+06	8.8805e+06	8.91325e+06	
9.19175e+06	9.26375e+06	9.15775e+06	9.244e+06	9.24725e+06	
9.3065e+06	9.304e+06	9.3505e+06	9.24775e+06	9.3525e+06	
9.2505e+06	9.22075e+06	9.19875e+06	9.17425e+06	9.33725e+06	
9.336e+06	9.2875e+06	9.21075e+06	9.331e+06	9.3865e+06	
9.58625e+06	9.665e+06	9.595e+06	9.713e+06	9.771e+06	
9.85975e+06	9.8655e+06	9.88175e+06	9.8975e+06	9.94925e+06	
9.91575e+06	1.00998e+07	1.01258e+07	1.0072e+07	1.00628e+07	
9.917e+06	9.9435e+06	9.96675e+06	9.98825e+06	9.9605e+06	
1.01035e+07	1.00955e+07	1.01465e+07	1.01112e+07	1.00998e+07	
1.00168e+07	9.96175e+06	9.909e+06	9.95425e+06	9.91775e+06	
9.80425e+06	9.80375e+06	9.73625e+06	9.837e+06	9.81625e+06	
9.62225e+06	9.5265e+06	9.616e+06	9.65625e+06	9.76575e+06	
9.7325e+06	9.60575e+06	9.63225e+06	9.67325e+06	9.6e+06	
9.9505e+06	9.849e+06	9.74125e+06	9.83825e+06	9.8945e+06	
1.00785e+07	1.01818e+07	1.0018e+07	1.00242e+07	1.0229e+07	
1.01635e+07	1.0113e+07	1.01548e+07	1.01535e+07	1.01635e+07	
1.00955e+07	9.99975e+06	1.01665e+07	1.00442e+07	1.0113e+07	
1.0323e+07	1.02245e+07	1.04192e+07	1.03072e+07	1.0326e+07	
1.04925e+07	1.05428e+07	1.03728e+07	1.04918e+07	1.0544e+07	
1.0553e+07	1.06815e+07	1.04458e+07	1.0575e+07	1.07148e+07	
1.05132e+07	1.0532e+07	1.05958e+07	1.05648e+07	1.06115e+07	
1.04868e+07	1.05385e+07	1.04495e+07	1.04892e+07	1.05572e+07	
1.05718e+07	1.04482e+07	1.04848e+07	1.05572e+07	1.05995e+07	
1.05428e+07	1.0602e+07	1.06128e+07	1.05452e+07	1.05688e+07	
1.04962e+07	1.06008e+07	1.05195e+07	1.06045e+07	1.05635e+07	
1.0662e+07	1.07508e+07	1.06185e+07	1.04532e+07	1.07022e+07	
1.0641e+07	1.06922e+07	1.0795e+07	1.07408e+07	1.07748e+07	
1.05788e+07	1.06102e+07	1.06032e+07	1.0621e+07	1.06795e+07	
1.0432e+07	1.0435e+07	1.04345e+07	1.05e+07	1.04212e+07	
1.02838e+07	1.03728e+07	1.0292e+07	1.03782e+07	1.02548e+07	
1.0343e+07	1.0348e+07	1.03008e+07	1.0333e+07	1.03835e+07	
1.0495e+07	1.05372e+07	1.04748e+07	1.05622e+07	1.06372e+07	
1.05472e+07	1.0645e+07	1.06095e+07	1.0558e+07	1.05372e+07	
1.04748e+07	1.0546e+07	1.05138e+07	1.0534e+07	1.0534e+07	
1.0411e+07	1.03632e+07	1.0425e+07	1.0481e+07	1.04192e+07	
1.02278e+07	1.03965e+07	1.021e+07	1.02795e+07	1.0268e+07	
1.0205e+07	1.01192e+07	1.02365e+07	1.02278e+07	1.02285e+07	
1.0137e+07	1.01892e+07	1.01212e+07	1.0113e+07	1.0229e+07	
1.0161e+07	1.01628e+07	1.0081e+07	1.00732e+07	1.02008e+07	
1.00562e+07	1.01672e+07	1.00155e+07	1.01138e+07	1.00752e+07	
1.01258e+07	1.0224e+07	1.01888e+07	1.0183e+07	1.02808e+07	
1.03778e+07	1.04635e+07	1.04502e+07	1.04408e+07	1.03885e+07	
1.0423e+07	1.05202e+07	1.05478e+07	1.05912e+07	1.06368e+07	
1.05448e+07	1.05108e+07	1.05265e+07	1.0568e+07	1.05762e+07	
1.03752e+07	1.05038e+07	1.05215e+07	1.0263e+07	1.0469e+07	
1.04048e+07	1.03898e+07	1.03178e+07	1.03808e+07	1.0311e+07	
1.03442e+07	1.03948e+07	1.04212e+07	1.05082e+07	1.06298e+07	
1.06228e+07	1.06488e+07	1.06662e+07	1.06795e+07	1.05978e+07	
1.08328e+07	1.06732e+07	1.07035e+07	1.07885e+07	1.07425e+07	
1.09355e+07	1.09178e+07	1.09278e+07	1.09625e+07	1.08755e+07	
1.09518e+07	1.1084e+07	1.10342e+07	1.1028e+07	1.1038e+07	
1.10148e+07	1.11472e+07	1.10408e+07	1.10852e+07	1.10338e+07	
1.08238e+07	1.08705e+07	1.08528e+07	1.08145e+07	1.09248e+07	
1.08352e+07	1.07582e+07	1.08075e+07	1.09102e+07	1.08232e+07	
1.06148e+07	1.06108e+07	1.0626e+07	1.0701e+07	1.07318e+07	
1.0633e+07	1.06222e+07	1.07205e+07	1.05485e+07	1.0488e+07	
1.04035e+07	1.05378e+07	1.04702e+07	1.05232e+07	1.0607e+07	
1.04412e+07	1.05542e+07	1.0539e+07	1.06122e+07	1.06355e+07	
1.0873e+07	1.09165e+07	1.082e+07	1.08012e+07	1.08725e+07	
1.09505e+07	1.08478e+07	1.0892e+07	1.0858e+07	1.08668e+07	
1.08415e+07	1.0919e+07	1.0706e+07	1.09065e+07	1.09972e+07	
1.07975e+07	1.082e+07	1.0798e+07	1.08295e+07	1.0827e+07	
1.07835e+07	1.06318e+07	1.0783e+07	1.08068e+07	1.07508e+07	
1.0762e+07	1.07515e+07	1.0781e+07	1.08132e+07	1.08112e+07	
1.08568e+07	1.08552e+07	1.08345e+07	1.09198e+07	1.0958e+07	
1.11208e+07	1.10968e+07	1.10722e+07	1.10828e+07	1.12165e+07	
1.0921e+07	1.09662e+07	1.09758e+07	1.10658e+07	1.08478e+07	
1.0958e+07	1.09845e+07	1.08195e+07	1.10028e+07	1.09592e+07	
1.0965e+07	1.10445e+07	1.0871e+07	1.09215e+07	1.09152e+07	
1.08762e+07	1.0834e+07	1.0791e+07	1.0841e+07	1.07648e+07	
1.06645e+07	1.06625e+07	1.06915e+07	1.072e+07	1.06695e+07	
1.06802e+07	1.08642e+07	1.07345e+07	1.08068e+07	1.07155e+07	
1.05742e+07	1.06555e+07	1.05932e+07	1.0575e+07	1.06368e+07	
1.0503e+07	1.05452e+07	1.04275e+07	1.04842e+07	1.05718e+07	
1.0551e+07	1.0532e+07	1.0517e+07	1.0541e+07	1.04888e+07	
1.06745e+07	1.0624e+07	1.0641e+07	1.05585e+07	1.06305e+07	
1.07665e+07	1.07942e+07	1.07735e+07	1.07735e+07	1.07892e+07	
1.0735e+07	1.07205e+07	1.07935e+07	1.07482e+07	1.08622e+07	
1.05422e+07	1.06322e+07	1.06998e+07	1.05845e+07	1.06682e+07	
1.012e+07	1.01735e+07	1.0103e+07	1.02058e+07	1.02572e+07	
9.6725e+06	9.75075e+06	9.81575e+06	9.74325e+06	9.7325e+06	
9.56725e+06	9.56475e+06	9.56925e+06	9.46975e+06	9.55725e+06	
9.60075e+06	9.6725e+06	9.636e+06	9.63225e+06	9.57375e+06	
9.86225e+06	9.72425e+06	9.77975e+06	9.868e+06	9.80675e+06	
9.762e+06	9.77225e+06	9.87675e+06	9.86425e+06	9.8395e+06	
9.89625e+06	9.83575e+06	9.91325e+06	9.89e+06	9.92725e+06	
1.01258e+07	1.01042e+07	1.0108e+07	1.01275e+07	1.00968e+07	
1.028e+07	1.0219e+07	1.01755e+07	1.01962e+07	1.02775e+07	
1.04295e+07	1.04288e+07	1.0425e+07	1.058e+07	1.05668e+07	
1.08158e+07	1.07552e+07	1.06965e+07	1.07445e+07	1.06902e+07	
1.06682e+07	1.08145e+07	1.07905e+07	1.08125e+07	1.0834e+07	
1.07475e+07	1.07885e+07	1.08535e+07	1.07438e+07	1.07445e+07	
1.0892e+07	1.11548e+07	1.08648e+07	1.09278e+07	1.09915e+07	
1.09712e+07	1.08995e+07	1.09065e+07	1.08642e+07	1.09342e+07	
1.10565e+07	1.10375e+07	1.10355e+07	1.09952e+07	1.10602e+07	
1.0979e+07	1.10682e+07	1.09795e+07	1.10582e+07	1.11068e+07	
1.09e+07	1.09315e+07	1.08498e+07	1.10155e+07	1.09488e+07	
1.0759e+07	1.09248e+07	1.09538e+07	1.0917e+07	1.08995e+07	
1.08138e+07	1.0817e+07	1.08572e+07	1.08738e+07	1.0904e+07	
1.10192e+07	1.103e+07	1.11408e+07	1.10185e+07	1.10702e+07	
1.13102e+07	1.13588e+07	1.13248e+07	1.1263e+07	1.14325e+07	
1.14088e+07	1.13678e+07	1.12915e+07	1.14245e+07	1.1304e+07	
1.13732e+07	1.14585e+07	1.13898e+07	1.14635e+07	1.15088e+07	
1.14875e+07	1.14742e+07	1.14035e+07	1.14772e+07	1.14925e+07	
1.1357e+07	1.14258e+07	1.14068e+07	1.1275e+07	1.14535e+07	
1.1379e+07	1.14465e+07	1.13035e+07	1.14112e+07	1.13985e+07	
1.11635e+07	1.11458e+07	1.1236e+07	1.1255e+07	1.11552e+07	
1.08092e+07	1.08962e+07	1.081e+07	1.07765e+07	1.0924e+07	
1.036e+07	1.03898e+07	1.02472e+07	1.04545e+07	1.0447e+07	
1.0398e+07	1.04715e+07	1.04558e+07	1.04855e+07	1.05045e+07	
1.05718e+07	1.06695e+07	1.0626e+07	1.06782e+07	1.06518e+07	
1.0779e+07	1.09418e+07	1.08112e+07	1.09645e+07	1.08895e+07	
1.11655e+07	1.10828e+07	1.10595e+07	1.10052e+07	1.11862e+07	
1.1355e+07	1.134e+07	1.12712e+07	1.13218e+07	1.1391e+07	
1.1568e+07	1.14842e+07	1.14548e+07	1.15202e+07	1.1638e+07	
1.16085e+07	1.17005e+07	1.1682e+07	1.16782e+07	1.17192e+07	
1.15825e+07	1.16135e+07	1.14722e+07	1.14508e+07	1.16198e+07	
1.158e+07	1.1524e+07	1.16002e+07	1.17635e+07	1.16462e+07	
1.15755e+07	1.14925e+07	1.16682e+07	1.1619e+07	1.16172e+07	
1.1798e+07	1.18328e+07	1.1759e+07	1.18108e+07	1.1679e+07	
1.1686e+07	1.1708e+07	1.16505e+07	1.17068e+07	1.18018e+07	
1.18832e+07	1.17602e+07	1.17768e+07	1.17885e+07	1.17532e+07	
1.17835e+07	1.17308e+07	1.1708e+07	1.17332e+07	1.187e+07	
1.14225e+07	1.14138e+07	1.1447e+07	1.1512e+07	1.1524e+07	
1.1222e+07	1.11502e+07	1.1151e+07	1.13355e+07	1.1246e+07	
1.11105e+07	1.10752e+07	1.11598e+07	1.12158e+07	1.10892e+07	
1.1081e+07	1.11175e+07	1.11772e+07	1.11055e+07	1.1229e+07	
1.1224e+07	1.1306e+07	1.1311e+07	1.12708e+07	1.12982e+07	
1.13128e+07	1.13285e+07	1.12575e+07	1.1287e+07	1.13538e+07	
1.13915e+07	1.14805e+07	1.14142e+07	1.13652e+07	1.1347e+07	
1.13802e+07	1.12655e+07	1.13595e+07	1.13482e+07	1.14138e+07	
1.14622e+07	1.14918e+07	1.14615e+07	1.1573e+07	1.1568e+07	
1.16148e+07	1.15232e+07	1.1609e+07	1.16745e+07	1.16795e+07	
1.16978e+07	1.16795e+07	1.17358e+07	1.165e+07	1.17412e+07	
1.16178e+07	1.15398e+07	1.14918e+07	1.16285e+07	1.16835e+07	
1.14445e+07	1.15208e+07	1.1536e+07	1.16085e+07	1.1684e+07	
1.1314e+07	1.1321e+07	1.13325e+07	1.1328e+07	1.1352e+07	
1.13915e+07	1.1289e+07	1.12435e+07	1.1304e+07	1.1381e+07	
1.12655e+07	1.1338e+07	1.1258e+07	1.12492e+07	1.13915e+07	
1.13198e+07	1.13512e+07	1.1398e+07	1.13255e+07	1.13628e+07	
1.13922e+07	1.1527e+07	1.14692e+07	1.14415e+07	1.15472e+07	
1.14188e+07	1.15008e+07	1.14585e+07	1.15112e+07	1.1585e+07	
1.13695e+07	1.14905e+07	1.14502e+07	1.14515e+07	1.14358e+07	
1.14325e+07	1.1452e+07	1.13872e+07	1.1393e+07	1.14375e+07	
1.13048e+07	1.1154e+07	1.118e+07	1.1297e+07	1.13048e+07	
1.10935e+07	1.10512e+07	1.1035e+07	1.1045e+07	1.11445e+07	
1.08812e+07	1.08805e+07	1.09152e+07	1.09202e+07	1.09368e+07	
1.08982e+07	1.0868e+07	1.0965e+07	1.09645e+07	1.0919e+07	
1.08088e+07	1.08718e+07	1.09235e+07	1.08672e+07	1.09108e+07	
1.09832e+07	1.09708e+07	1.09095e+07	1.0841e+07	1.1016e+07	
1.11572e+07	1.1096e+07	1.10602e+07	1.1025e+07	1.1188e+07	
1.0977e+07	1.1042e+07	1.10772e+07	1.0994e+07	1.10628e+07	
1.09815e+07	1.09662e+07	1.09178e+07	1.11308e+07	1.10048e+07	
1.11735e+07	1.1176e+07	1.10798e+07	1.11668e+07	1.11328e+07	
1.1076e+07	1.11025e+07	1.1074e+07	1.10602e+07	1.11932e+07	
1.10898e+07	1.1137e+07	1.11005e+07	1.11598e+07	1.11755e+07	
1.12265e+07	1.12385e+07	1.1163e+07	1.1251e+07	1.12845e+07	
1.1255e+07	1.13292e+07	1.1231e+07	1.12982e+07	1.12555e+07	
1.12518e+07	1.11498e+07	1.12008e+07	1.1195e+07	1.1222e+07	
1.13098e+07	1.13078e+07	1.128e+07	1.12075e+07	1.13545e+07	
1.14325e+07	1.14415e+07	1.13338e+07	1.1333e+07	1.141e+07	
1.12365e+07	1.1236e+07	1.12485e+07	1.1125e+07	1.12315e+07	
1.1263e+07	1.12928e+07	1.12522e+07	1.13608e+07	1.12385e+07	
1.12115e+07	1.1212e+07	1.1134e+07	1.11328e+07	1.11838e+07	
1.1098e+07	1.11092e+07	1.11912e+07	1.11328e+07	1.12208e+07	
1.11275e+07	1.12265e+07	1.11615e+07	1.12025e+07	1.1149e+07	
1.0943e+07	1.09775e+07	1.09978e+07	1.10848e+07	1.1021e+07	
1.08768e+07	1.08925e+07	1.07905e+07	1.0832e+07	1.1023e+07	
1.0861e+07	1.0938e+07	1.08975e+07	1.09978e+07	1.10578e+07	
1.10678e+07	1.09725e+07	1.09315e+07	1.09638e+07	1.11225e+07	
1.11225e+07	1.11282e+07	1.11105e+07	1.10985e+07	1.11295e+07	
1.10052e+07	1.1021e+07	1.10098e+07	1.10735e+07	1.10658e+07	
1.10892e+07	1.11138e+07	1.11472e+07	1.10495e+07	1.11888e+07	
1.11092e+07	1.09952e+07	1.10218e+07	1.10312e+07	1.1171e+07	
1.1122e+07	1.09985e+07	1.1113e+07	1.113e+07	1.10608e+07	
1.11012e+07	1.10512e+07	1.10802e+07	1.10942e+07	1.10972e+07	
1.10312e+07	1.09965e+07	1.0958e+07	1.10752e+07	1.09392e+07	
1.0931e+07	1.09302e+07	1.08692e+07	1.09448e+07	1.10602e+07	
1.11025e+07	1.1045e+07	1.09435e+07	1.09828e+07	1.10578e+07	
1.11402e+07	1.10922e+07	1.1258e+07	1.11415e+07	1.11472e+07	
1.10752e+07	1.1105e+07	1.09795e+07	1.10392e+07	1.11238e+07	
1.10822e+07	1.1033e+07	1.09828e+07	1.10968e+07	1.09542e+07	
1.10885e+07	1.09045e+07	1.10362e+07	1.1156e+07	1.10338e+07	
1.0994e+07	1.0953e+07	1.09738e+07	1.0963e+07	1.1021e+07	
1.10002e+07	1.0946e+07	1.10268e+07	1.09645e+07	1.09385e+07	
1.09972e+07	1.1057e+07	1.10325e+07	1.10532e+07	1.11105e+07	
1.11705e+07	1.1122e+07	1.11308e+07	1.112e+07	1.11155e+07	
1.118e+07	1.12228e+07	1.11705e+07	1.12365e+07	1.12095e+07	
1.11818e+07	1.1251e+07	1.11502e+07	1.11378e+07	1.11415e+07	
1.1137e+07	1.10748e+07	1.12008e+07	1.11092e+07	1.1217e+07	
1.0967e+07	1.09978e+07	1.09518e+07	1.09618e+07	1.09732e+07	
1.09675e+07	1.09638e+07	1.10312e+07	1.10015e+07	1.10312e+07	
1.07532e+07	1.08515e+07	1.07975e+07	1.08382e+07	1.08282e+07	
1.05825e+07	1.05908e+07	1.05742e+07	1.06235e+07	1.07818e+07	
1.0665e+07	1.07395e+07	1.06248e+07	1.07118e+07	1.0798e+07	
1.07715e+07	1.08295e+07	1.07275e+07	1.0798e+07	1.0713e+07	
1.06442e+07	1.06135e+07	1.07445e+07	1.07055e+07	1.0762e+07	
1.0662e+07	1.06922e+07	1.0791e+07	1.06178e+07	1.06695e+07	
1.04192e+07	1.04508e+07	1.05095e+07	1.0302e+07	1.049e+07	
1.05195e+07	1.04168e+07	1.04842e+07	1.04482e+07	1.04388e+07	
1.04255e+07	1.03728e+07	1.03318e+07	1.03342e+07	1.0488e+07	
1.04565e+07	1.051e+07	1.0553e+07	1.0517e+07	1.05542e+07	
1.0493e+07	1.058e+07	1.05195e+07	1.04685e+07	1.0517e+07	
1.05505e+07	1.06102e+07	1.0655e+07	1.06845e+07	1.0568e+07	
1.06425e+07	1.05718e+07	1.06688e+07	1.07615e+07	1.0684e+07	
1.0793e+07	1.07238e+07	1.08382e+07	1.08472e+07	1.08232e+07	
1.0733e+07	1.06148e+07	1.06902e+07	1.07458e+07	1.0793e+07	
1.0585e+07	1.0645e+07	1.05568e+07	1.0701e+07	1.0592e+07	
1.0553e+07	1.07092e+07	1.06645e+07	1.06808e+07	1.07055e+07	
1.07122e+07	1.06708e+07	1.06108e+07	1.06712e+07	1.08668e+07	
1.06732e+07	1.07975e+07	1.07375e+07	1.07205e+07	1.0769e+07	
1.08572e+07	1.07665e+07	1.07325e+07	1.08295e+07	1.07992e+07	
1.067e+07	1.0851e+07	1.0788e+07	1.0747e+07	1.08282e+07	
1.06662e+07	1.06032e+07	1.0691e+07	1.06765e+07	1.06392e+07	
1.06292e+07	1.06675e+07	1.06865e+07	1.06298e+07	1.0779e+07	
1.06475e+07	1.06928e+07	1.0691e+07	1.06745e+07	1.05655e+07	
1.0737e+07	1.0621e+07	1.0624e+07	1.06235e+07	1.06372e+07	
1.05635e+07	1.0536e+07	1.04728e+07	1.05932e+07	1.05348e+07	
1.04635e+07	1.04218e+07	1.0466e+07	1.05542e+07	1.04615e+07	
1.02775e+07	1.03795e+07	1.04192e+07	1.0391e+07	1.04622e+07	
1.05245e+07	1.04125e+07	1.05215e+07	1.04312e+07	1.04938e+07	
1.04308e+07	1.05228e+07	1.05522e+07	1.0563e+07	1.05875e+07	
1.0648e+07	1.06708e+07	1.0628e+07	1.06372e+07	1.06235e+07	
1.06405e+07	1.06425e+07	1.08018e+07	1.06795e+07	1.067e+07	
1.06625e+07	1.06028e+07	1.05808e+07	1.06765e+07	1.06108e+07	
1.04408e+07	1.04955e+07	1.04818e+07	1.0442e+07	1.05535e+07	
1.05332e+07	1.03902e+07	1.04192e+07	1.0369e+07	1.04408e+07	
1.04192e+07	1.051e+07	1.03575e+07	1.04628e+07	1.0466e+07	
1.0282e+07	1.0493e+07	1.0447e+07	1.04465e+07	1.0503e+07	
1.03368e+07	1.04192e+07	1.03248e+07	1.02958e+07	1.04308e+07	
1.03695e+07	1.03052e+07	1.04445e+07	1.03438e+07	1.0469e+07	
1.03658e+07	1.02788e+07	1.03272e+07	1.04155e+07	1.03885e+07	
1.0122e+07	1.01938e+07	1.0091e+07	1.02485e+07	1.01905e+07	
1.0154e+07	1.0164e+07	1.01798e+07	1.02302e+07	1.02132e+07	
1.0154e+07	1.004e+07	1.00695e+07	1.0127e+07	1.01665e+07	
1.02245e+07	1.03335e+07	1.02215e+07	1.02895e+07	1.03148e+07	
1.02995e+07	1.02662e+07	1.03165e+07	1.03218e+07	1.02908e+07	
1.04648e+07	1.03835e+07	1.0544e+07	1.04728e+07	1.0377e+07	
1.04118e+07	1.0331e+07	1.03802e+07	1.04848e+07	1.0396e+07	
1.04648e+07	1.06505e+07	1.0556e+07	1.0534e+07	1.0457e+07	
1.04772e+07	1.05138e+07	1.0352e+07	1.04515e+07	1.04942e+07	
1.03935e+07	1.04375e+07	1.0415e+07	1.04515e+07	1.0476e+07	
1.04635e+07	1.04848e+07	1.04288e+07	1.04842e+07	1.05232e+07	
1.02882e+07	1.0374e+07	1.0309e+07	1.03045e+07	1.04168e+07	
1.0311e+07	1.04332e+07	1.0343e+07	1.03795e+07	1.04495e+07	
1.01572e+07	1.01692e+07	1.0135e+07	1.02542e+07	1.03185e+07	
1.01395e+07	1.0164e+07	1.01842e+07	1.02455e+07	1.0154e+07	
1.01705e+07	1.02415e+07	1.01672e+07	9.9845e+06	1.0183e+07	
1.01232e+07	1.01798e+07	1.01892e+07	1.01602e+07	1.021e+07	
1.0098e+07	1.0149e+07	1.02592e+07	1.01125e+07	1.02492e+07	
1.0069e+07	1.03085e+07	1.01818e+07	1.01818e+07	1.0122e+07	
1.01142e+07	1.0093e+07	1.01508e+07	1.0147e+07	1.01018e+07	
1.01275e+07	1.01768e+07	1.0156e+07	1.0067e+07	1.01125e+07	
9.931e+06	1.00538e+07	9.977e+06	9.9965e+06	1.01055e+07	
1.00142e+07	1.00375e+07	9.989e+06	1.00645e+07	9.9675e+06	
9.8685e+06	9.86725e+06	9.827e+06	9.97075e+06	9.9265e+06	
9.84725e+06	9.9575e+06	9.94225e+06	9.808e+06	1.0001e+07	
9.975e+06	1.00122e+07	9.97625e+06	1.0076e+07	1.01312e+07	
1.00798e+07	9.9795e+06	1.0067e+07	1.012e+07	1.00292e+07	
1.00482e+07	1.00822e+07	1.00458e+07	1.00368e+07	1.00425e+07	
1.00508e+07	1.00765e+07	1.00438e+07	1.00098e+07	1.00595e+07	
9.9945e+06	1.0093e+07	1.01018e+07	1.00508e+07	9.97825e+06	
1.00968e+07	1.00898e+07	1.00155e+07	1.00628e+07	1.00902e+07	
1.02298e+07	1.01048e+07	1.00508e+07	1.01188e+07	1.0193e+07	
1.005e+07	1.00128e+07	1.00375e+07	1.01048e+07	1.00015e+07	
9.97825e+06	1.0156e+07	1.01042e+07	1.02485e+07	1.01692e+07	
1.01918e+07	1.00885e+07	1.02062e+07	1.0234e+07	1.02468e+07	
1.00652e+07	1.01615e+07	1.01258e+07	1.00645e+07	1.01528e+07	
1.0122e+07	1.00885e+07	1.01308e+07	1.01358e+07	1.01312e+07	
9.989e+06	1.00918e+07	1.0023e+07	9.975e+06	1.00318e+07	
1.00955e+07	1.00608e+07	1.00602e+07	1.01112e+07	1.00942e+07	
1.003e+07	1.0074e+07	9.96625e+06	1.00115e+07	1.00418e+07	
1.0009e+07	1.00022e+07	1.00582e+07	1.00418e+07	1.00392e+07	
9.851e+06	9.83575e+06	9.883e+06	9.78225e+06	9.9455e+06	
9.7355e+06	9.7615e+06	9.74375e+06	9.72625e+06	9.80625e+06	
9.71425e+06	9.62775e+06	9.65375e+06	9.70975e+06	9.70475e+06	
9.60575e+06	9.54975e+06	9.592e+06	9.5655e+06	9.6575e+06	
9.607e+06	9.66e+06	9.75775e+06	9.684e+06	9.64225e+06	
9.747e+06	9.6725e+06	9.73175e+06	9.80375e+06	9.78025e+06	
9.78025e+06	9.759e+06	9.73125e+06	9.73e+06	9.6505e+06	
9.68775e+06	9.70975e+06	9.6185e+06	9.55025e+06	9.51625e+06	
9.549e+06	9.508e+06	9.49925e+06	9.5945e+06	9.541e+06	
9.4615e+06	9.42e+06	9.42425e+06	9.452e+06	9.3845e+06	
9.13075e+06	9.1035e+06	9.23025e+06	9.115e+06	9.16975e+06	
8.9315e+06	8.7785e+06	8.917e+06	8.919e+06	8.95225e+06	
8.58925e+06	8.56725e+06	8.60125e+06	8.59e+06	8.7835e+06	
8.5565e+06	8.517e+06	8.389e+06	8.59075e+06	8.51175e+06	
8.544e+06	8.5735e+06	8.66175e+06	8.561e+06	8.62525e+06	
8.69775e+06	8.74175e+06	8.6985e+06	8.73625e+06	8.745e+06	
8.791e+06	8.82625e+06	8.864e+06	8.791e+06	8.76075e+06	
8.81875e+06	8.78925e+06	8.78475e+06	8.818e+06	8.844e+06	
8.9435e+06	8.94425e+06	8.86475e+06	8.89e+06	8.96675e+06	
8.723e+06	8.902e+06	8.975e+06	8.8705e+06	8.9075e+06	
8.9535e+06	8.8105e+06	8.9945e+06	8.9995e+06	9.009e+06	
9.01775e+06	8.999e+06	8.9775e+06	9.04425e+06	8.97e+06	
8.8565e+06	8.79175e+06	8.914e+06	8.91575e+06	8.912e+06	
9.031e+06	9.028e+06	8.94025e+06	8.97825e+06	8.9915e+06	
8.94225e+06	8.96125e+06	8.90325e+06	9.04e+06	8.9365e+06	
8.9365e+06	8.9435e+06	8.90575e+06	8.88175e+06	8.9945e+06	
8.88675e+06	8.88125e+06	8.91075e+06	8.953e+06	8.9045e+06	
8.902e+06	8.83575e+06	8.88175e+06	8.8395e+06	8.9825e+06	
8.798e+06	8.75075e+06	8.856e+06	8.8535e+06	8.8155e+06	
8.786e+06	8.7615e+06	8.7525e+06	8.6575e+06	8.83125e+06	
8.8125e+06	8.74625e+06	8.74125e+06	8.713e+06	8.75075e+06	
8.8175e+06	8.8325e+06	8.80175e+06	8.89875e+06	8.893e+06	
8.88675e+06	8.97875e+06	8.92725e+06	8.78025e+06	8.878e+06	
8.776e+06	8.7645e+06	8.8995e+06	8.849e+06	8.83e+06	
8.81875e+06	8.83075e+06	8.92575e+06	8.7885e+06	8.85025e+06	
8.7575e+06	8.905e+06	8.929e+06	8.8365e+06	8.96e+06	
8.84325e+06	8.88625e+06	8.77025e+06	8.8465e+06	8.79175e+06	
8.75075e+06	8.77775e+06	8.72175e+06	8.791e+06	8.793e+06	
8.82875e+06	8.7715e+06	8.73925e+06	8.772e+06	8.79425e+06	
8.63975e+06	8.772e+06	8.74875e+06	8.76575e+06	8.68575e+06	
8.689e+06	8.774e+06	8.6525e+06	8.781e+06	8.83375e+06	
8.62475e+06	8.67e+06	8.7935e+06	8.72675e+06	8.80925e+06	
8.66375e+06	8.757e+06	8.74375e+06	8.74575e+06	8.7495e+06	
8.79725e+06	8.7085e+06	8.68575e+06	8.78775e+06	8.76275e+06	
8.68775e+06	8.7715e+06	8.72725e+06	8.63975e+06	8.769e+06	
8.65675e+06	8.82325e+06	8.68125e+06	8.7065e+06	8.77325e+06	
8.6525e+06	8.5365e+06	8.5655e+06	8.66825e+06	8.556e+06	
8.66175e+06	8.52575e+06	8.5245e+06	8.60825e+06	8.59375e+06	
8.56475e+06	8.6845e+06	8.60125e+06	8.559e+06	8.59075e+06	
8.58925e+06	8.68575e+06	8.59575e+06	8.55525e+06	8.5535e+06	
8.52625e+06	8.621e+06	8.55225e+06	8.60375e+06	8.5945e+06	
8.58425e+06	8.61325e+06	8.643e+06	8.62525e+06	8.63225e+06	
8.72425e+06	8.68125e+06	8.62275e+06	8.74125e+06	8.68775e+06	
8.73375e+06	8.8275e+06	8.7545e+06	8.786e+06	8.73625e+06	
8.7255e+06	8.687e+06	8.6695e+06	8.72475e+06	8.71925e+06	
8.6965e+06	8.65925e+06	8.73375e+06	8.74575e+06	8.79225e+06	
8.6865e+06	8.74125e+06	8.74e+06	8.69975e+06	8.83375e+06	
8.6895e+06	8.82325e+06	8.77025e+06	8.745e+06	8.77725e+06	
8.70975e+06	8.67825e+06	8.798e+06	8.7155e+06	8.7525e+06	
8.7405e+06	8.66e+06	8.6775e+06	8.70525e+06	8.7765e+06	
8.76775e+06	8.7205e+06	8.75125e+06	8.6485e+06	8.68075e+06	
8.64425e+06	8.6555e+06	8.631e+06	8.6195e+06	8.67e+06	
8.72925e+06	8.72425e+06	8.752e+06	8.728e+06	8.66175e+06	
8.69775e+06	8.6505e+06	8.684e+06	8.7305e+06	8.6725e+06	
8.67125e+06	8.6045e+06	8.63725e+06	8.69775e+06	8.692e+06	
8.6195e+06	8.6145e+06	8.67325e+06	8.70975e+06	8.59875e+06	
8.6575e+06	8.5395e+06	8.566e+06	8.55525e+06	8.597e+06	
8.6025e+06	8.49425e+06	8.4955e+06	8.578e+06	8.5225e+06	
8.47975e+06	8.54725e+06	8.513e+06	8.61825e+06	8.544e+06	
8.5105e+06	8.48225e+06	8.5075e+06	8.563e+06	8.52e+06	
8.51e+06	8.44575e+06	8.421e+06	8.48225e+06	8.48725e+06	
8.37775e+06	8.4565e+06	8.4885e+06	8.45275e+06	8.51125e+06	
8.4225e+06	8.44375e+06	8.408e+06	8.401e+06	8.41725e+06	
8.4035e+06	8.49175e+06	8.4015e+06	8.43375e+06	8.53775e+06	
8.34875e+06	8.3895e+06	8.35175e+06	8.3745e+06	8.45e+06	
8.3985e+06	8.3725e+06	8.41225e+06	8.445e+06	8.42375e+06	
8.32725e+06	8.4665e+06	8.41675e+06	8.442e+06	8.53775e+06	
8.307e+06	8.44375e+06	8.39775e+06	8.338e+06	8.3765e+06	
8.319e+06	8.34175e+06	8.36825e+06	8.41975e+06	8.32775e+06	
8.3695e+06	8.43825e+06	8.33225e+06	8.4735e+06	8.4355e+06	
8.37575e+06	8.2555e+06	8.29825e+06	8.345e+06	8.31275e+06	
8.37125e+06	8.2925e+06	8.23325e+06	8.3695e+06	8.31525e+06	
8.27175e+06	8.23325e+06	8.2755e+06	8.20675e+06	8.28625e+06	
8.25925e+06	8.128e+06	8.19675e+06	8.1735e+06	8.251e+06	
8.23775e+06	8.21e+06	8.2e+06	8.224e+06	8.25275e+06	
8.22825e+06	8.154e+06	8.16525e+06	8.18975e+06	8.295e+06	
8.25475e+06	8.2925e+06	8.1445e+06	8.2415e+06	8.27875e+06	
8.17225e+06	8.23275e+06	8.29125e+06	8.22325e+06	8.25675e+06	
8.07275e+06	8.108e+06	8.08075e+06	8.06375e+06	8.07775e+06	
8.10475e+06	8.106e+06	8.067e+06	8.11425e+06	8.07075e+06	
7.98325e+06	8.00525e+06	7.98825e+06	8.0255e+06	7.961e+06	
7.85275e+06	7.878e+06	7.859e+06	7.95925e+06	7.973e+06	
7.97125e+06	7.927e+06	7.94525e+06	8.002e+06	7.9895e+06	
7.94275e+06	8.0625e+06	7.90575e+06	7.95475e+06	7.9945e+06	
8.007e+06	8.03675e+06	7.963e+06	7.96625e+06	8.1515e+06	
8.02425e+06	8.0455e+06	8.067e+06	8.04175e+06	8.1005e+06	
8.11675e+06	8.10425e+06	8.082e+06	8.05e+06	8.09225e+06	
8.0915e+06	8.0455e+06	7.92575e+06	8.0385e+06	8.05625e+06	
8.05825e+06	8.08525e+06	8.06e+06	8.03675e+06	8.108e+06	
8.04625e+06	8.0965e+06	8.0065e+06	8.0815e+06	8.154e+06	
8.094e+06	8.09975e+06	8.152e+06	8.13325e+06	8.113e+06	
8.0795e+06	8.08325e+06	8.152e+06	8.11175e+06	8.195e+06	
8.08075e+06	8.08475e+06	8.05125e+06	8.1465e+06	8.13e+06	
8.12875e+06	8.18975e+06	8.04625e+06	8.14825e+06	8.09775e+06	
8.077e+06	8.08725e+06	8.152e+06	8.05575e+06	8.15775e+06	
7.9725e+06	7.9605e+06	7.96375e+06	7.944e+06	7.99825e+06	
8.0045e+06	8.17275e+06	8.0255e+06	7.96375e+06	8.05175e+06	
7.84525e+06	7.8395e+06	7.88425e+06	7.941e+06	7.93775e+06	
7.869e+06	7.95225e+06	7.96875e+06	7.85075e+06	8.07025e+06	
7.871e+06	7.8785e+06	7.806e+06	7.84275e+06	7.8975e+06	
7.85775e+06	7.869e+06	7.837e+06	7.91375e+06	7.849e+06	
7.8345e+06	7.89625e+06	7.87675e+06	7.87975e+06	7.953e+06	
7.74e+06	7.79475e+06	7.75575e+06	7.8345e+06	7.72925e+06	
7.694e+06	7.7545e+06	7.687e+06	7.73625e+06	7.731e+06	
7.59125e+06	7.6895e+06	7.62725e+06	7.67825e+06	7.6625e+06	
7.66425e+06	7.56675e+06	7.63475e+06	7.64925e+06	7.5755e+06	
7.72425e+06	7.5535e+06	7.65625e+06	7.73675e+06	7.66375e+06	
7.53325e+06	7.58125e+06	7.476e+06	7.6335e+06	7.5735e+06	
7.566e+06	7.56475e+06	7.4955e+06	7.5465e+06	7.60075e+06	
7.63525e+06	7.532e+06	7.549e+06	7.622e+06	7.515e+06	
7.5295e+06	7.554e+06	7.578e+06	7.634e+06	7.53325e+06	
7.5105e+06	7.66675e+06	7.54075e+06	7.56225e+06	7.62025e+06	
7.52325e+06	7.43375e+06	7.4835e+06	7.537e+06	7.5345e+06	
7.38825e+06	7.46575e+06	7.5345e+06	7.46575e+06	7.43625e+06	
7.30575e+06	7.292e+06	7.3575e+06	7.36375e+06	7.363e+06	
7.384e+06	7.3145e+06	7.33675e+06	7.387e+06	7.445e+06	
7.256e+06	7.2975e+06	7.24075e+06	7.31825e+06	7.37e+06	
7.3845e+06	7.3675e+06	7.2515e+06	7.25925e+06	7.38275e+06	
7.27925e+06	7.244e+06	7.3335e+06	7.24275e+06	7.30325e+06	
7.183e+06	7.27675e+06	7.2605e+06	7.2925e+06	7.28175e+06	
7.2105e+06	7.2225e+06	7.246e+06	7.1425e+06	7.2245e+06	
7.246e+06	7.321e+06	7.3265e+06	7.27375e+06	7.26925e+06	
7.22325e+06	7.2075e+06	7.258e+06	7.2855e+06	7.22e+06	
7.12925e+06	7.1835e+06	7.20925e+06	7.27225e+06	7.18925e+06	
7.22325e+06	7.283e+06	7.09225e+06	7.191e+06	7.1305e+06	
7.17025e+06	7.12875e+06	7.096e+06	7.13375e+06	7.089e+06	
7.0985e+06	7.10725e+06	7.05425e+06	7.16275e+06	7.1395e+06	
7.072e+06	7.1135e+06	7.082e+06	7.13625e+06	7.09475e+06	
7.10225e+06	7.2075e+06	7.10675e+06	7.14575e+06	7.249e+06	
7.1225e+06	7.17025e+06	7.09225e+06	7.16325e+06	7.171e+06	
7.067e+06	7.0385e+06	6.95175e+06	7.0625e+06	7.13e+06	
6.9895e+06	7.13625e+06	7.033e+06	7.08825e+06	7.09225e+06	
7.12625e+06	7.1055e+06	7.01775e+06	7.0765e+06	7.0695e+06	
7.09725e+06	7.13625e+06	7.09225e+06	7.089e+06	7.0575e+06	
7.06325e+06	7.145e+06	7.087e+06	7.094e+06	7.16325e+06	
7.15525e+06	7.11725e+06	7.0625e+06	7.03975e+06	7.091e+06	
6.98575e+06	7.045e+06	6.9365e+06	6.95175e+06	7.05425e+06	
6.978e+06	7.0135e+06	6.91125e+06	6.98e+06	6.99775e+06	
7.01025e+06	6.94275e+06	6.9825e+06	6.9675e+06	6.905e+06	
6.9175e+06	7.0645e+06	6.9485e+06	6.932e+06	7.0385e+06	
7.0355e+06	6.98375e+06	7.0815e+06	7.00325e+06	7.031e+06	
6.98625e+06	6.9175e+06	6.94775e+06	6.949e+06	6.9485e+06	
6.9635e+06	7.043e+06	6.9265e+06	6.987e+06	6.968e+06	
7.0095e+06	7.00025e+06	7.01075e+06	6.978e+06	6.985e+06	
7.0015e+06	6.93725e+06	6.87275e+06	6.9315e+06	6.96475e+06	
6.87475e+06	6.93975e+06	6.9095e+06	6.975e+06	7.05425e+06	
6.91325e+06	6.97625e+06	6.898e+06	6.95675e+06	6.86275e+06	
6.80725e+06	6.939e+06	6.78525e+06	6.84075e+06	6.888e+06	
6.78525e+06	6.79775e+06	6.806e+06	6.874e+06	6.823e+06	
6.66125e+06	6.77275e+06	6.74675e+06	6.779e+06	6.745e+06	
6.68125e+06	6.66675e+06	6.639e+06	6.69825e+06	6.70525e+06	
6.64475e+06	6.67875e+06	6.61575e+06	6.66175e+06	6.627e+06	
6.641e+06	6.60375e+06	6.6165e+06	6.63275e+06	6.72925e+06	
6.5835e+06	6.6415e+06	6.6365e+06	6.6505e+06	6.58875e+06	
6.58925e+06	6.6945e+06	6.52125e+06	6.63975e+06	6.53575e+06	
6.515e+06	6.6165e+06	6.53575e+06	6.63225e+06	6.66675e+06	
6.55475e+06	6.64725e+06	6.57925e+06	6.58875e+06	6.5785e+06	
6.5515e+06	6.58625e+06	6.552e+06	6.5515e+06	6.52125e+06	
6.532e+06	6.6025e+06	6.561e+06	6.5995e+06	6.54575e+06	
6.4955e+06	6.464e+06	6.60125e+06	6.59375e+06	6.61e+06	
6.50875e+06	6.55725e+06	6.44375e+06	6.45875e+06	6.4475e+06	
6.515e+06	6.498e+06	6.498e+06	6.56225e+06	6.61e+06	
6.47025e+06	6.43625e+06	6.45325e+06	6.571e+06	6.53325e+06	
6.438e+06	6.37375e+06	6.4375e+06	6.4285e+06	6.37575e+06	
6.32525e+06	6.3575e+06	6.41475e+06	6.406e+06	6.38125e+06	
6.31275e+06	6.443e+06	6.2855e+06	6.326e+06	6.36925e+06	
6.3285e+06	6.319e+06	6.285e+06	6.3865e+06	6.297e+06	
6.2445e+06	6.32325e+06	6.2875e+06	6.31525e+06	6.32275e+06	
6.28125e+06	6.176e+06	6.26725e+06	6.22625e+06	6.201e+06	
6.21e+06	6.31025e+06	6.11725e+06	6.225e+06	6.21375e+06	
6.176e+06	6.14125e+06	6.11925e+06	6.18475e+06	6.2055e+06	
6.099e+06	6.17525e+06	6.13925e+06	6.186e+06	6.1325e+06	
6.00325e+06	6.046e+06	6.07125e+06	6.14325e+06	6.09275e+06	
6.07325e+06	5.97625e+06	6.10275e+06	5.96975e+06	6.08575e+06	
6.089e+06	6.01575e+06	5.951e+06	6.1015e+06	5.98625e+06	
5.85275e+06	6.07625e+06	5.9705e+06	6.00575e+06	6.053e+06	
6.031e+06	5.93825e+06	5.881e+06	5.89675e+06	5.99e+06	
5.92e+06	5.88975e+06	5.88725e+06	5.94075e+06	5.92825e+06	
5.85575e+06	5.82875e+06	5.811e+06	5.939e+06	5.86475e+06	
5.87975e+06	5.94525e+06	5.98375e+06	6.00825e+06	5.9875e+06	
5.9295e+06	5.92125e+06	5.9705e+06	5.93775e+06	5.9805e+06	
5.96175e+06	5.99875e+06	5.96725e+06	5.9655e+06	6.05e+06	
5.8975e+06	6.0095e+06	5.99825e+06	5.94075e+06	6.00275e+06	
5.8515e+06	5.96675e+06	5.86975e+06	5.8905e+06	5.871e+06	
5.94775e+06	5.88475e+06	5.8515e+06	5.91e+06	5.939e+06	
5.93025e+06	5.8765e+06	5.876e+06	5.847e+06	5.90625e+06	
5.9145e+06	5.99e+06	5.958e+06	5.93025e+06	6.00525e+06	
5.876e+06	5.87275e+06	5.871e+06	5.961e+06	5.9805e+06	
5.9265e+06	5.8905e+06	5.886e+06	5.89925e+06	5.85525e+06	
5.857e+06	5.954e+06	5.8785e+06	5.8975e+06	5.95725e+06	
5.8685e+06	5.837e+06	5.83875e+06	5.78775e+06	5.9145e+06	
5.7915e+06	5.8055e+06	5.808e+06	5.799e+06	5.80675e+06	
5.7645e+06	5.82625e+06	5.83125e+06	5.83125e+06	5.78275e+06	
5.62075e+06	5.675e+06	5.685e+06	5.7385e+06	5.72025e+06	
5.615e+06	5.58925e+06	5.56775e+06	5.59625e+06	5.6175e+06	
5.4595e+06	5.4475e+06	5.35175e+06	5.4305e+06	5.455e+06	
5.21175e+06	5.23775e+06	5.23e+06	5.17775e+06	5.20675e+06	
5.089e+06	5.126e+06	4.985e+06	5.05425e+06	5.02075e+06	
5.133e+06	5.0655e+06	5.02025e+06	5.101e+06	5.09825e+06	
5.13875e+06	5.184e+06	5.11675e+06	5.18225e+06	5.116e+06	
5.22875e+06	5.27675e+06	5.1835e+06	5.2155e+06	5.244e+06	
5.3075e+06	5.409e+06	5.2565e+06	5.34975e+06	5.3705e+06	
5.4455e+06	5.49525e+06	5.52425e+06	5.49475e+06	5.462e+06	
5.50425e+06	5.465e+06	5.4665e+06	5.5155e+06	5.508e+06	
5.5395e+06	5.5835e+06	5.5855e+06	5.578e+06	5.62025e+06	
5.658e+06	5.5495e+06	5.56225e+06	5.578e+06	5.566e+06	
5.6215e+06	5.646e+06	5.532e+06	5.668e+06	5.668e+06	
5.6025e+06	5.67625e+06	5.60375e+06	5.69125e+06	5.67125e+06	
5.6025e+06	5.6385e+06	5.615e+06	5.67875e+06	5.6535e+06	
5.634e+06	5.67125e+06	5.62075e+06	5.6585e+06	5.697e+06	
5.634e+06	5.649e+06	5.70075e+06	5.63975e+06	5.65975e+06	
5.66225e+06	5.578e+06	5.61875e+06	5.663e+06	5.673e+06	
5.62775e+06	5.55525e+06	5.63075e+06	5.685e+06	5.64725e+06	
5.624e+06	5.76075e+06	5.68825e+06	5.53375e+06	5.6965e+06	
5.661e+06	5.62075e+06	5.66875e+06	5.627e+06	5.68125e+06	
5.65725e+06	5.6145e+06	5.6505e+06	5.67175e+06	5.63025e+06	
5.6555e+06	5.636e+06	5.627e+06	5.687e+06	5.6655e+06	
5.653e+06	5.598e+06	5.588e+06	5.58225e+06	5.663e+06	
5.57025e+06	5.60625e+06	5.61625e+06	5.59625e+06	5.6095e+06	
5.60575e+06	5.59925e+06	5.50975e+06	5.57725e+06	5.578e+06	
5.49525e+06	5.5205e+06	5.53325e+06	5.549e+06	5.59625e+06	
5.557e+06	5.52e+06	5.50925e+06	5.58675e+06	5.5445e+06	
5.5155e+06	5.59425e+06	5.51875e+06	5.6175e+06	5.561e+06	
5.48075e+06	5.588e+06	5.52875e+06	5.59175e+06	5.51175e+06	
5.53375e+06	5.561e+06	5.54775e+06	5.557e+06	5.63075e+06	
5.59675e+06	5.54775e+06	5.53625e+06	5.59e+06	5.5275e+06	
5.46375e+06	5.5085e+06	5.508e+06	5.54075e+06	5.552e+06	
5.5465e+06	5.48525e+06	5.5445e+06	5.50675e+06	5.5085e+06	
5.49275e+06	5.506e+06	5.4915e+06	5.46775e+06	5.52825e+06	
5.40325e+06	5.491e+06	5.433e+06	5.51425e+06	5.49475e+06	
5.44375e+06	5.4545e+06	5.4185e+06	5.50175e+06	5.46575e+06	
5.39325e+06	5.406e+06	5.4545e+06	5.4695e+06	5.445e+06	
5.455e+06	5.423e+06	5.40975e+06	5.54325e+06	5.46e+06	
5.3625e+06	5.406e+06	5.47775e+06	5.399e+06	5.43425e+06	
5.47275e+06	5.43625e+06	5.45625e+06	5.42975e+06	5.50225e+06	
5.4815e+06	5.4595e+06	5.45875e+06	5.39575e+06	5.46775e+06	
5.48775e+06	5.4285e+06	5.443e+06	5.41525e+06	5.399e+06	
5.3775e+06	5.465e+06	5.49725e+06	5.3965e+06	5.433e+06	
5.377e+06	5.35425e+06	5.52875e+06	5.399e+06	5.38625e+06	
5.37625e+06	5.39825e+06	5.3125e+06	5.39525e+06	5.467e+06	
5.329e+06	5.3585e+06	5.3845e+06	5.44125e+06	5.33975e+06	
5.2955e+06	5.28625e+06	5.34675e+06	5.29625e+06	5.38625e+06	
5.339e+06	5.3045e+06	5.35725e+06	5.28175e+06	5.35175e+06	
5.2755e+06	5.33475e+06	5.3265e+06	5.26525e+06	5.35725e+06	
5.21875e+06	5.26475e+06	5.193e+06	5.2925e+06	5.22625e+06	
5.273e+06	5.2995e+06	5.278e+06	5.2345e+06	5.30625e+06	
5.27175e+06	5.249e+06	5.32325e+06	5.21125e+06	5.26025e+06	
5.31325e+06	5.24575e+06	5.3075e+06	5.28225e+06	5.27925e+06	
5.249e+06	5.34675e+06	5.278e+06	5.2955e+06	5.247e+06	
5.285e+06	5.25475e+06	5.2755e+06	5.247e+06	5.31125e+06	
5.2705e+06	5.29625e+06	5.312e+06	5.24825e+06	5.2615e+06	
5.242e+06	5.2295e+06	5.225e+06	5.16275e+06	5.24525e+06	
5.2035e+06	5.264e+06	5.26725e+06	5.20675e+06	5.2495e+06	
5.16025e+06	5.22875e+06	5.1595e+06	5.20875e+06	5.1865e+06	
5.22575e+06	5.19925e+06	5.18475e+06	5.18025e+06	5.1985e+06	
5.17075e+06	5.167e+06	5.22325e+06	5.18975e+06	5.2685e+06	
5.2155e+06	5.121e+06	5.167e+06	5.16825e+06	5.09275e+06	
5.12475e+06	5.18025e+06	5.1475e+06	5.10975e+06	5.1665e+06	
5.18975e+06	5.184e+06	5.24525e+06	5.145e+06	5.13375e+06	
5.22e+06	5.18025e+06	5.162e+06	5.143e+06	5.1955e+06	
5.16275e+06	5.1355e+06	5.10775e+06	5.11425e+06	5.1205e+06	
5.1255e+06	5.13875e+06	5.1305e+06	5.15625e+06	5.19675e+06	
5.12675e+06	5.20625e+06	5.1405e+06	5.1065e+06	5.14375e+06	
5.1405e+06	5.14875e+06	5.07125e+06	5.11275e+06	5.1285e+06	
5.138e+06	5.123e+06	5.11275e+06	5.058e+06	5.10275e+06	
5.055e+06	5.0745e+06	5.121e+06	5.089e+06	5.14875e+06	
5.077e+06	5.1325e+06	5.038e+06	5.077e+06	5.072e+06	
5.04475e+06	5.06825e+06	5.0745e+06	5.0675e+06	5.13375e+06	
5.04425e+06	5.03275e+06	5.03725e+06	5.11225e+06	5.06175e+06	
5.034e+06	5.00375e+06	4.98125e+06	5.01775e+06	5e+06	
5.019e+06	5.1065e+06	4.9925e+06	5.08125e+06	5.097e+06	
5.06e+06	4.98675e+06	5e+06	4.98425e+06	5.03725e+06	
5.0455e+06	4.96725e+06	5.0095e+06	5.05425e+06	5.01275e+06	
5.012e+06	5.019e+06	5.058e+06	5.0195e+06	4.973e+06	
4.92875e+06	4.9515e+06	4.9755e+06	4.95725e+06	4.94075e+06	
4.91375e+06	4.93525e+06	4.9685e+06	4.88975e+06	4.96425e+06	
4.91575e+06	4.922e+06	4.95725e+06	4.88925e+06	4.9105e+06	
4.8765e+06	4.86275e+06	4.8855e+06	4.86975e+06	4.91575e+06	
4.82375e+06	4.84575e+06	4.78825e+06	4.8815e+06	4.823e+06	
4.84125e+06	4.86775e+06	4.833e+06	4.874e+06	4.85575e+06	
4.8475e+06	4.81175e+06	4.79275e+06	4.78775e+06	4.73425e+06	
4.76e+06	4.75425e+06	4.8085e+06	4.76825e+06	4.7865e+06	
4.82875e+06	4.7915e+06	4.8395e+06	4.86325e+06	4.8735e+06	
4.7645e+06	4.7455e+06	4.792e+06	4.81975e+06	4.78575e+06	
4.743e+06	4.77125e+06	4.7795e+06	4.69125e+06	4.73675e+06	
4.6025e+06	4.639e+06	4.598e+06	4.6685e+06	4.6945e+06	
4.48075e+06	4.5205e+06	4.46075e+06	4.491e+06	4.523e+06	
4.12925e+06	4.19925e+06	4.198e+06	4.16825e+06	4.1985e+06	
3.932e+06	4.00325e+06	3.9875e+06	3.985e+06	4.0285e+06	
3.833e+06	3.845e+06	3.83625e+06	3.82725e+06	3.81975e+06	
3.8085e+06	3.852e+06	3.87775e+06	3.7845e+06	3.857e+06	
3.90625e+06	3.90625e+06	3.852e+06	3.83425e+06	3.82925e+06	
3.89675e+06	3.89425e+06	3.988e+06	3.9325e+06	3.87975e+06	
3.879e+06	3.92825e+06	3.8905e+06	3.9925e+06	3.9295e+06	
3.91e+06	3.91e+06	3.90175e+06	3.9855e+06	3.964e+06	
3.91175e+06	3.94325e+06	3.97425e+06	3.9855e+06	3.93575e+06	
4.0195e+06	4.0145e+06	3.96725e+06	3.9535e+06	3.97225e+06	
3.98375e+06	3.985e+06	4e+06	3.9685e+06	3.93325e+06	
4.02775e+06	4.0285e+06	4.02725e+06	4.04675e+06	4.05425e+06	
4.039e+06	3.97725e+06	4.019e+06	4.053e+06	4.0725e+06	
4.0995e+06	4.13925e+06	4.02575e+06	4.111e+06	4.03975e+06	
4.06875e+06	4.0485e+06	4.06425e+06	4.0625e+06	4.0605e+06	
4.14675e+06	4.15e+06	4.08325e+06	4.19225e+06	4.15325e+06	
4.13225e+06	4.1285e+06	4.138e+06	4.1985e+06	4.089e+06	
4.143e+06	4.14e+06	4.12675e+06	4.12725e+06	4.15825e+06	
4.17075e+06	4.1335e+06	4.126e+06	4.068e+06	4.1595e+06	
4.13225e+06	4.16775e+06	4.1595e+06	4.12175e+06	4.1575e+06	
4.068e+06	4.07625e+06	4.04925e+06	4.1085e+06	4.0725e+06	
4.05875e+06	3.98625e+06	4.02325e+06	4.046e+06	4.07175e+06	
3.94275e+06	4.0045e+06	4.0025e+06	4.01325e+06	4.0385e+06	
4.03225e+06	3.97475e+06	4.019e+06	3.98125e+06	3.95725e+06	
4.0195e+06	4.03475e+06	3.95725e+06	4.0265e+06	3.99425e+06	
3.93575e+06	4.0415e+06	4.017e+06	4.00375e+06	4.01825e+06	
3.9925e+06	3.95775e+06	3.9785e+06	3.94825e+06	3.91625e+06	
3.927e+06	3.978e+06	3.99125e+06	4e+06	4.053e+06	
3.98425e+06	4.01e+06	4.02725e+06	3.95275e+06	4.00625e+06	
4.01325e+06	4.01325e+06	4.0215e+06	4.03475e+06	4.06375e+06	
4.0095e+06	4.1165e+06	4.056e+06	4.05725e+06	4.09825e+06	
4.068e+06	4.1375e+06	4.01325e+06	4.01575e+06	4.05475e+06	
4.09075e+06	4.029e+06	4.075e+06	4.0555e+06	4.034e+06	
4.0625e+06	4.048e+06	4.05725e+06	4.08325e+06	4.05475e+06	
4.06675e+06	4.005e+06	4.01575e+06	4.07125e+06	3.95475e+06	
4.007e+06	3.98875e+06	3.93575e+06	3.988e+06	4.06425e+06	
3.9635e+06	3.886e+06	3.9005e+06	3.94325e+06	3.9705e+06	
3.937e+06	3.94775e+06	3.96525e+06	3.956e+06	3.91375e+06	
3.90875e+06	3.9105e+06	3.88725e+06	3.95725e+06	3.857e+06	
3.89225e+06	3.869e+06	3.8815e+06	3.8375e+06	3.927e+06	
3.857e+06	3.809e+06	3.80275e+06	3.792e+06	3.8495e+06	
3.79025e+06	3.8445e+06	3.75375e+06	3.852e+06	3.7555e+06	
3.77075e+06	3.78075e+06	3.705e+06	3.8015e+06	3.73225e+06	
3.751e+06	3.784e+06	3.777e+06	3.74675e+06	3.78825e+06	
3.763e+06	3.82225e+06	3.7745e+06	3.76e+06	3.76825e+06	
3.7025e+06	3.74175e+06	3.74975e+06	3.7435e+06	3.77325e+06	
3.70325e+06	3.69625e+06	3.68625e+06	3.66975e+06	3.68125e+06	
3.65475e+06	3.68625e+06	3.738e+06	3.61175e+06	3.72225e+06	
3.66975e+06	3.70375e+06	3.67175e+06	3.72475e+06	3.7605e+06	
3.72775e+06	3.76125e+06	3.76875e+06	3.71075e+06	3.748e+06	
3.74175e+06	3.731e+06	3.66175e+06	3.6975e+06	3.72775e+06	
3.68625e+06	3.717e+06	3.6995e+06	3.719e+06	3.7435e+06	
3.6775e+06	3.72975e+06	3.7025e+06	3.6875e+06	3.67175e+06	
3.7455e+06	3.7235e+06	3.70325e+06	3.68425e+06	3.74925e+06	
3.6635e+06	3.72525e+06	3.70375e+06	3.7405e+06	3.738e+06	
3.712e+06	3.69625e+06	3.69575e+06	3.67225e+06	3.71275e+06	
3.678e+06	3.69575e+06	3.68425e+06	3.7045e+06	3.675e+06	
3.66475e+06	3.6365e+06	3.63075e+06	3.6685e+06	3.649e+06	
3.6735e+06	3.69e+06	3.661e+06	3.6275e+06	3.668e+06	
3.6655e+06	3.666e+06	3.60625e+06	3.66225e+06	3.64975e+06	
3.60375e+06	3.60875e+06	3.6395e+06	3.62575e+06	3.60675e+06	
3.69e+06	3.65225e+06	3.6175e+06	3.68675e+06	3.6105e+06	
3.661e+06	3.67425e+06	3.65025e+06	3.6315e+06	3.63775e+06	
3.62375e+06	3.6395e+06	3.60375e+06	3.6585e+06	3.62075e+06	
3.583e+06	3.54825e+06	3.5735e+06	3.5665e+06	3.59425e+06	
3.591e+06	3.6315e+06	3.62075e+06	3.5935e+06	3.593e+06	
3.58925e+06	3.60175e+06	3.579e+06	3.562e+06	3.5935e+06	
3.596e+06	3.58475e+06	3.511e+06	3.576e+06	3.617e+06	
3.523e+06	3.52875e+06	3.54575e+06	3.59725e+06	3.52425e+06	
3.508e+06	3.5785e+06	3.58475e+06	3.574e+06	3.60925e+06	
3.54825e+06	3.55075e+06	3.5785e+06	3.5595e+06	3.518e+06	
3.51225e+06	3.58675e+06	3.5565e+06	3.51475e+06	3.557e+06	
3.5495e+06	3.5615e+06	3.5185e+06	3.53825e+06	3.5715e+06	
3.50925e+06	3.54e+06	3.49025e+06	3.51475e+06	3.54e+06	
3.5885e+06	3.50925e+06	3.4845e+06	3.525e+06	3.53875e+06	
3.46625e+06	3.50525e+06	3.53425e+06	3.448e+06	3.504e+06	
3.46e+06	3.46825e+06	3.43675e+06	3.52925e+06	3.4845e+06	
3.448e+06	3.44425e+06	3.4845e+06	3.4675e+06	3.53375e+06	
3.44675e+06	3.48775e+06	3.383e+06	3.42475e+06	3.46125e+06	
3.44625e+06	3.41025e+06	3.42225e+06	3.4285e+06	3.40775e+06	
3.45925e+06	3.40825e+06	3.35475e+06	3.4265e+06	3.39125e+06	
3.397e+06	3.40275e+06	3.397e+06	3.40775e+06	3.392e+06	
3.3925e+06	3.37925e+06	3.3805e+06	3.387e+06	3.41525e+06	
3.3555e+06	3.35925e+06	3.317e+06	3.3705e+06	3.35475e+06	
3.35225e+06	3.32825e+06	3.305e+06	3.3345e+06	3.3585e+06	
3.3995e+06	3.35225e+06	3.35225e+06	3.3415e+06	3.33775e+06	
3.33025e+06	3.3195e+06	3.28225e+06	3.3825e+06	3.32775e+06	
3.31325e+06	3.286e+06	3.27925e+06	3.228e+06	3.28425e+06	
3.2085e+06	3.291e+06	3.264e+06	3.196e+06	3.2425e+06	
3.15175e+06	3.184e+06	3.17575e+06	3.143e+06	3.145e+06	
3.05925e+06	2.99925e+06	3.0485e+06	2.9925e+06	3.012e+06	
2.9515e+06	2.99925e+06	2.9225e+06	3.01325e+06	2.964e+06	
2.86e+06	2.831e+06	2.838e+06	2.84875e+06	2.8885e+06	
2.76125e+06	2.75675e+06	2.74975e+06	2.828e+06	2.82225e+06	
2.763e+06	2.722e+06	2.7535e+06	2.73725e+06	2.6685e+06	
2.61675e+06	2.64275e+06	2.69375e+06	2.67675e+06	2.64525e+06	
2.572e+06	2.58225e+06	2.5665e+06	2.57775e+06	2.58725e+06	
2.56775e+06	2.601e+06	2.5495e+06	2.55825e+06	2.5695e+06	
2.526e+06	2.54125e+06	2.547e+06	2.5405e+06	2.5905e+06	
2.518e+06	2.50025e+06	2.50475e+06	2.51675e+06	2.5325e+06	
2.50025e+06	2.535e+06	2.51225e+06	2.5305e+06	2.51225e+06	
2.49325e+06	2.545e+06	2.53175e+06	2.5525e+06	2.496e+06	
2.54625e+06	2.5885e+06	2.569e+06	2.59475e+06	2.59425e+06	
2.63525e+06	2.707e+06	2.66475e+06	2.6465e+06	2.6345e+06	
2.71825e+06	2.7145e+06	2.7025e+06	2.7075e+06	2.75175e+06	
2.8205e+06	2.78325e+06	2.81725e+06	2.823e+06	2.80075e+06	
2.80525e+06	2.864e+06	2.85375e+06	2.84e+06	2.88725e+06	
2.886e+06	2.91875e+06	2.88475e+06	2.9055e+06	2.8745e+06	
2.87025e+06	2.818e+06	2.8595e+06	2.83425e+06	2.88725e+06	
2.83625e+06	2.867e+06	2.7965e+06	2.85575e+06	2.831e+06	
2.80275e+06	2.79775e+06	2.74925e+06	2.7675e+06	2.7575e+06	
2.702e+06	2.70075e+06	2.70325e+06	2.68375e+06	2.68e+06	
2.65025e+06	2.6565e+06	2.65725e+06	2.637e+06	2.6585e+06	
2.661e+06	2.6615e+06	2.622e+06	2.65475e+06	2.642e+06	
2.6225e+06	2.651e+06	2.62575e+06	2.60225e+06	2.60625e+06	
2.567e+06	2.596e+06	2.6245e+06	2.64775e+06	2.60375e+06	
2.605e+06	2.57525e+06	2.6005e+06	2.60425e+06	2.56075e+06	
2.59675e+06	2.56075e+06	2.56575e+06	2.58725e+06	2.59425e+06	
2.62325e+06	2.59975e+06	2.63e+06	2.601e+06	2.64275e+06	
2.59175e+06	2.58525e+06	2.6005e+06	2.58275e+06	2.572e+06	
2.618e+06	2.649e+06	2.60225e+06	2.63075e+06	2.6075e+06	
2.61175e+06	2.61675e+06	2.5815e+06	2.64275e+06	2.64275e+06	
2.591e+06	2.649e+06	2.5645e+06	2.6155e+06	2.58475e+06	
2.58275e+06	2.559e+06	2.56275e+06	2.55575e+06	2.622e+06	
2.57475e+06	2.6105e+06	2.54375e+06	2.58275e+06	2.579e+06	
2.627e+06	2.5985e+06	2.579e+06	2.5525e+06	2.6245e+06	
2.586e+06	2.5785e+06	2.61375e+06	2.5815e+06	2.59925e+06	
2.6075e+06	2.58475e+06	2.55625e+06	2.53125e+06	2.603e+06	
2.5865e+06	2.52675e+06	2.5375e+06	2.5405e+06	2.523e+06	
2.59425e+06	2.52475e+06	2.5405e+06	2.5765e+06	2.57475e+06	
2.61875e+06	2.547e+06	2.52925e+06	2.65475e+06	2.596e+06	
2.547e+06	2.60875e+06	2.586e+06	2.55575e+06	2.601e+06	
2.54e+06	2.5325e+06	2.615e+06	2.5355e+06	2.61425e+06	
2.576e+06	2.60175e+06	2.5525e+06	2.58975e+06	2.56825e+06	
2.62375e+06	2.55625e+06	2.581e+06	2.557e+06	2.569e+06	
2.601e+06	2.58275e+06	2.5665e+06	2.605e+06	2.59225e+06	
2.61675e+06	2.62e+06	2.58975e+06	2.615e+06	2.58975e+06	
2.656e+06	2.63325e+06	2.64575e+06	2.659e+06	2.654e+06	
2.69825e+06	2.644e+06	2.66975e+06	2.63325e+06	2.63775e+06	
2.697e+06	2.717e+06	2.6995e+06	2.69125e+06	2.72075e+06	
2.70825e+06	2.71525e+06	2.7045e+06	2.7505e+06	2.71275e+06	
2.8305e+06	2.777e+06	2.729e+06	2.74025e+06	2.7705e+06	
2.78575e+06	2.76175e+06	2.7655e+06	2.72325e+06	2.74225e+06	
2.8085e+06	2.81275e+06	2.775e+06	2.73025e+06	2.75675e+06	
2.804e+06	2.80525e+06	2.7965e+06	2.777e+06	2.81225e+06	
2.75425e+06	2.814e+06	2.72075e+06	2.75225e+06	2.75225e+06	
2.78775e+06	2.768e+06	2.787e+06	2.75875e+06	2.81275e+06	
2.7965e+06	2.782e+06	2.78e+06	2.772e+06	2.7625e+06	
2.74225e+06	2.71325e+06	2.80525e+06	2.76625e+06	2.739e+06	
2.729e+06	2.746e+06	2.772e+06	2.73275e+06	2.743e+06	
2.70875e+06	2.73525e+06	2.71775e+06	2.68425e+06	2.72075e+06	
2.70325e+06	2.7575e+06	2.7315e+06	2.7215e+06	2.775e+06	
2.78325e+06	2.74675e+06	2.7095e+06	2.74675e+06	2.72725e+06	
2.78775e+06	2.7075e+06	2.76e+06	2.75425e+06	2.75175e+06	
2.753e+06	2.7845e+06	2.763e+06	2.77875e+06	2.7675e+06	
2.75425e+06	2.74975e+06	2.731e+06	2.73975e+06	2.7795e+06	
2.695e+06	2.71325e+06	2.7365e+06	2.72275e+06	2.7435e+06	
2.7045e+06	2.6735e+06	2.722e+06	2.67725e+06	2.707e+06	
2.726e+06	2.75225e+06	2.69575e+06	2.7315e+06	2.71025e+06	
2.73475e+06	2.67225e+06	2.74475e+06	2.695e+06	2.70825e+06	
2.73025e+06	2.74725e+06	2.719e+06	2.76625e+06	2.719e+06	
2.7285e+06	2.71525e+06	2.7075e+06	2.70075e+06	2.70125e+06	
2.70825e+06	2.69e+06	2.73475e+06	2.75625e+06	2.7435e+06	
2.67725e+06	2.72975e+06	2.72525e+06	2.66475e+06	2.717e+06	
2.69825e+06	2.66925e+06	2.77625e+06	2.6655e+06	2.71025e+06	
2.707e+06	2.65775e+06	2.7215e+06	2.74425e+06	2.67725e+06	
2.71775e+06	2.68175e+06	2.70825e+06	2.72525e+06	2.695e+06	
2.705e+06	2.683e+06	2.6615e+06	2.67475e+06	2.739e+06	
2.7285e+06	2.6755e+06	2.68925e+06	2.7045e+06	2.68175e+06	
2.671e+06	2.72975e+06	2.6875e+06	2.69375e+06	2.67925e+06	
2.7575e+06	2.719e+06	2.69e+06	2.7505e+06	2.72975e+06	
2.72725e+06	2.69425e+06	2.69375e+06	2.72975e+06	2.70075e+06	
2.7535e+06	2.71775e+06	2.70825e+06	2.722e+06	2.73025e+06	
2.72775e+06	2.7075e+06	2.7145e+06	2.76125e+06	2.7195e+06	
2.71025e+06	2.726e+06	2.68425e+06	2.6875e+06	2.7485e+06	
2.7095e+06	2.69375e+06	2.7335e+06	2.74225e+06	2.69825e+06	
2.69175e+06	2.67925e+06	2.6975e+06	2.693e+06	2.6685e+06	
2.65225e+06	2.702e+06	2.69e+06	2.66675e+06	2.66675e+06	
2.6855e+06	2.6995e+06	2.73475e+06	2.743e+06	2.693e+06	
2.69575e+06	2.6685e+06	2.673e+06	2.68175e+06	2.69625e+06	
2.6705e+06	2.714e+06	2.6635e+06	2.6365e+06	2.705e+06	
2.69825e+06	2.6565e+06	2.69425e+06	2.68125e+06	2.68375e+06	
2.6805e+06	2.68425e+06	2.66925e+06	2.67925e+06	2.68175e+06	
2.666e+06	2.71075e+06	2.67675e+06	2.6755e+06	2.7e+06	
2.66725e+06	2.64325e+06	2.7315e+06	2.6995e+06	2.68625e+06	
2.70875e+06	2.68125e+06	2.695e+06	2.68425e+06	2.6415e+06	
2.62325e+06	2.63775e+06	2.6515e+06	2.671e+06	2.72775e+06	
2.685e+06	2.707e+06	2.67425e+06	2.66275e+06	2.69175e+06	
2.62575e+06	2.666e+06	2.63125e+06	2.68125e+06	2.673e+06	
2.6565e+06	2.66225e+06	2.642e+06	2.61875e+06	2.5865e+06	
2.61425e+06	2.64325e+06	2.62125e+06	2.60375e+06	2.58725e+06	
2.61675e+06	2.588e+06	2.61375e+06	2.642e+06	2.6275e+06	
2.63525e+06	2.62e+06	2.615e+06	2.618e+06	2.6465e+06	
2.60925e+06	2.59425e+06	2.5735e+06	2.63825e+06	2.61175e+06	
2.57975e+06	2.57975e+06	2.601e+06	2.55075e+06	2.562e+06	
2.57725e+06	2.54375e+06	2.59975e+06	2.60625e+06	2.5525e+06	
2.58975e+06	2.5865e+06	2.581e+06	2.57475e+06	2.62325e+06	
2.60675e+06	2.59425e+06	2.6005e+06	2.5905e+06	2.61125e+06	
2.61e+06	2.58225e+06	2.57975e+06	2.62825e+06	2.5985e+06	
2.58025e+06	2.569e+06	2.552e+06	2.51175e+06	2.52875e+06	
2.526e+06	2.57075e+06	2.5815e+06	2.5595e+06	2.57025e+06	
2.569e+06	2.5985e+06	2.56325e+06	2.569e+06	2.57525e+06	
2.518e+06	2.62125e+06	2.569e+06	2.54e+06	2.59475e+06	
2.5375e+06	2.5475e+06	2.58525e+06	2.5765e+06	2.5495e+06	
2.57525e+06	2.586e+06	2.59425e+06	2.56275e+06	2.50525e+06	
2.52175e+06	2.53925e+06	2.538e+06	2.54375e+06	2.58275e+06	
2.55325e+06	2.5735e+06	2.50025e+06	2.5305e+06	2.56775e+06	
2.552e+06	2.55825e+06	2.59725e+06	2.545e+06	2.57775e+06	
2.51475e+06	2.51725e+06	2.49975e+06	2.5065e+06	2.54e+06	
2.51725e+06	2.49275e+06	2.513e+06	2.53375e+06	2.5255e+06	
2.5375e+06	2.51475e+06	2.489e+06	2.5205e+06	2.54625e+06	
2.50525e+06	2.49025e+06	2.509e+06	2.50025e+06	2.4845e+06	
2.49975e+06	2.54825e+06	2.51975e+06	2.5135e+06	2.48075e+06	
2.48825e+06	2.467e+06	2.419e+06	2.46825e+06	2.477e+06	
2.49075e+06	2.475e+06	2.48775e+06	2.48e+06	2.484e+06	
2.4695e+06	2.453e+06	2.492e+06	2.4675e+06	2.50275e+06	
2.43725e+06	2.47375e+06	2.50225e+06	2.47625e+06	2.4795e+06	
2.45425e+06	2.4525e+06	2.46425e+06	2.475e+06	2.47e+06	
2.4145e+06	2.4115e+06	2.366e+06	2.436e+06	2.42275e+06	
2.2685e+06	2.30125e+06	2.276e+06	2.2835e+06	2.29175e+06	
2.14175e+06	2.13475e+06	2.08625e+06	2.0945e+06	2.11725e+06	
1.84875e+06	1.83175e+06	1.85325e+06	1.857e+06	1.838e+06	
1.5745e+06	1.569e+06	1.55825e+06	1.60175e+06	1.5955e+06	
1.3685e+06	1.37175e+06	1.3565e+06	1.3615e+06	1.3635e+06	
1.21975e+06	1.211e+06	1.20225e+06	1.19325e+06	1.26525e+06	
1.117e+06	1.119e+06	1.117e+06	1.14425e+06	1.16825e+06	
1.1625e+06	1.14875e+06	1.1555e+06	1.17e+06	1.1895e+06	
1.276e+06	1.26075e+06	1.23875e+06	1.25825e+06	1.25375e+06	
1.3535e+06	1.371e+06	1.34075e+06	1.36225e+06	1.35975e+06	
1.385e+06	1.373e+06	1.38625e+06	1.39825e+06	1.366e+06	
1.37225e+06	1.3925e+06	1.39125e+06	1.38625e+06	1.3805e+06	
1.361e+06	1.373e+06	1.36025e+06	1.36725e+06	1.39875e+06	
1.35725e+06	1.38125e+06	1.368e+06	1.3735e+06	1.37425e+06	
1.376e+06	1.39125e+06	1.4075e+06	1.36925e+06	1.3805e+06	
1.39575e+06	1.368e+06	1.34075e+06	1.368e+06	1.3825e+06	
1.43725e+06	1.42325e+06	1.39e+06	1.41275e+06	1.44225e+06	
1.47325e+06	1.48125e+06	1.455e+06	1.46375e+06	1.48075e+06	
1.51675e+06	1.53625e+06	1.5065e+06	1.501e+06	1.53375e+06	
1.5715e+06	1.59925e+06	1.58475e+06	1.56775e+06	1.6175e+06	
1.67175e+06	1.6275e+06	1.63325e+06	1.66275e+06	1.654e+06	
1.719e+06	1.7045e+06	1.6955e+06	1.727e+06	1.6975e+06	
1.7535e+06	1.80525e+06	1.74675e+06	1.80275e+06	1.75975e+06	
1.8695e+06	1.8645e+06	1.84925e+06	1.84675e+06	1.84925e+06	
1.8885e+06	1.93e+06	1.87825e+06	1.8765e+06	1.94775e+06	
1.99875e+06	1.93375e+06	1.97225e+06	1.954e+06	1.9495e+06	
2.0315e+06	2.02e+06	1.98675e+06	2.02525e+06	2.02325e+06	
2.08e+06	2.04525e+06	2.04775e+06	2.02775e+06	2.04025e+06	
2.08e+06	2.11275e+06	2.1015e+06	2.0775e+06	2.095e+06	
2.1235e+06	2.1505e+06	2.1525e+06	2.07375e+06	2.099e+06	
2.09075e+06	2.12725e+06	2.11025e+06	2.087e+06	2.153e+06	
2.126e+06	2.15425e+06	2.08575e+06	2.09e+06	2.15425e+06	
2.16e+06	2.182e+06	2.18325e+06	2.1355e+06	2.1595e+06	
2.14225e+06	2.1625e+06	2.16825e+06	2.1385e+06	2.17125e+06	
2.18975e+06	2.1625e+06	2.155e+06	2.14175e+06	2.17325e+06	
2.14175e+06	2.145e+06	2.165e+06	2.1625e+06	2.179e+06	
2.18325e+06	2.16325e+06	2.206e+06	2.199e+06	2.182e+06	
2.1725e+06	2.20475e+06	2.1525e+06	2.184e+06	2.18075e+06	
2.12975e+06	2.16e+06	2.136e+06	2.143e+06	2.13175e+06	
2.10025e+06	2.12475e+06	2.165e+06	2.16575e+06	2.08575e+06	
2.104e+06	2.14875e+06	2.15e+06	2.1285e+06	2.15175e+06	
2.11975e+06	2.14875e+06	2.15125e+06	2.12275e+06	2.12775e+06	
2.14225e+06	2.14925e+06	2.16625e+06	2.13675e+06	2.112e+06	
2.13725e+06	2.145e+06	2.12925e+06	2.12975e+06	2.12925e+06	
2.136e+06	2.1725e+06	2.11475e+06	2.1335e+06	2.1555e+06	
2.10025e+06	2.1265e+06	2.13975e+06	2.124e+06	2.075e+06	
2.08575e+06	2.085e+06	2.10775e+06	2.12975e+06	2.11075e+06	
2.11475e+06	2.109e+06	2.075e+06	2.1165e+06	2.1475e+06	
2.11725e+06	2.141e+06	2.0775e+06	2.1185e+06	2.066e+06	
2.07125e+06	2.09825e+06	2.07675e+06	2.03075e+06	2.116e+06	
2.09575e+06	2.1115e+06	2.08575e+06	2.09375e+06	2.05425e+06	
2.12025e+06	2.0845e+06	2.058e+06	2.03775e+06	2.0435e+06	
2.0895e+06	2.09775e+06	2.05925e+06	2.07e+06	2.07925e+06	
2.08175e+06	2.08e+06	2.0805e+06	2.08375e+06	2.0825e+06	
2.095e+06	2.07e+06	2.0755e+06	2.0345e+06	2.066e+06	
2.04225e+06	2.08875e+06	2.01575e+06	2.085e+06	2.07175e+06	
2.058e+06	2.044e+06	2.0825e+06	2.08e+06	2.0925e+06	
2.0415e+06	2.049e+06	2.05025e+06	2.09575e+06	2.0555e+06	
2.02e+06	2.0605e+06	2.03575e+06	2.1015e+06	2.08825e+06	
2.00625e+06	2.049e+06	2.041e+06	2.03275e+06	2.02075e+06	
2.039e+06	2.046e+06	2.012e+06	2.0125e+06	2.0555e+06	
2.01325e+06	2.04275e+06	2.0125e+06	2.05675e+06	2.02525e+06	
2.06425e+06	2.068e+06	2.0005e+06	2.03575e+06	2.05725e+06	
2.03325e+06	1.98925e+06	2.041e+06	2.02325e+06	1.99175e+06	
2.02525e+06	2.044e+06	2.0145e+06	2.0295e+06	2.04225e+06	
2.00875e+06	2.0095e+06	1.9835e+06	2.017e+06	2.0055e+06	
2.027e+06	1.99175e+06	2.032e+06	2.0315e+06	2.0435e+06	
1.98225e+06	2.02325e+06	2.012e+06	2.01325e+06	2.02275e+06	
1.98175e+06	2.0605e+06	2.022e+06	2.02325e+06	1.9975e+06	
1.9665e+06	2.00625e+06	2.0175e+06	1.98725e+06	2.03525e+06	
2.0175e+06	1.9925e+06	2.03275e+06	1.96975e+06	2.0095e+06	
2.005e+06	2.01625e+06	2.04775e+06	2.00375e+06	2.0485e+06	
1.9715e+06	1.983e+06	2.0315e+06	1.998e+06	1.9905e+06	
1.96725e+06	1.98675e+06	1.99375e+06	1.978e+06	2.01325e+06	
1.971e+06	1.9885e+06	1.94e+06	1.97675e+06	1.97675e+06	
1.9715e+06	2.00175e+06	1.988e+06	1.988e+06	1.97225e+06	
2.01825e+06	2.0075e+06	1.988e+06	1.971e+06	2.00825e+06	
1.97225e+06	1.98425e+06	1.9635e+06	1.993e+06	2.003e+06	
1.9565e+06	1.9595e+06	1.93825e+06	1.99175e+06	2.01075e+06	
1.937e+06	1.96975e+06	1.96025e+06	1.95075e+06	1.96225e+06	
2.00625e+06	1.9925e+06	1.94775e+06	1.97675e+06	1.97675e+06	
1.97675e+06	1.96025e+06	1.99675e+06	1.976e+06	1.9615e+06	
1.9755e+06	1.99125e+06	1.918e+06	1.96775e+06	1.97275e+06	
1.97475e+06	1.96275e+06	1.9595e+06	1.93325e+06	1.9275e+06	
1.96025e+06	1.9135e+06	1.91225e+06	1.942e+06	1.92875e+06	
1.93825e+06	1.93125e+06	1.9565e+06	1.9595e+06	1.966e+06	
1.952e+06	1.9135e+06	1.8625e+06	1.89925e+06	1.903e+06	
1.91225e+06	1.908e+06	1.9105e+06	1.92875e+06	1.9135e+06	
1.8835e+06	1.90475e+06	1.9035e+06	1.87275e+06	1.92875e+06	
1.8745e+06	1.918e+06	1.89475e+06	1.91625e+06	1.87775e+06	
1.90425e+06	1.88775e+06	1.8965e+06	1.91625e+06	1.90425e+06	
1.88725e+06	1.8815e+06	1.88525e+06	1.9515e+06	1.91175e+06	
1.85175e+06	1.811e+06	1.8675e+06	1.85625e+06	1.928e+06	
1.88025e+06	1.87325e+06	1.8525e+06	1.8625e+06	1.86375e+06	
1.8545e+06	1.82975e+06	1.87325e+06	1.85375e+06	1.884e+06	
1.83175e+06	1.8625e+06	1.85325e+06	1.85875e+06	1.81775e+06	
1.8505e+06	1.84675e+06	1.86125e+06	1.83875e+06	1.86325e+06	
1.83425e+06	1.85575e+06	1.8575e+06	1.819e+06	1.85625e+06	
1.84125e+06	1.82225e+06	1.83475e+06	1.85e+06	1.84675e+06	
1.8255e+06	1.831e+06	1.792e+06	1.85325e+06	1.80775e+06	
1.82925e+06	1.7845e+06	1.76925e+06	1.8255e+06	1.826e+06	
1.78825e+06	1.8015e+06	1.8065e+06	1.82425e+06	1.79575e+06	
1.80525e+06	1.787e+06	1.80975e+06	1.8305e+06	1.81525e+06	
1.7965e+06	1.78575e+06	1.80575e+06	1.78825e+06	1.79275e+06	
1.74525e+06	1.7825e+06	1.7365e+06	1.787e+06	1.821e+06	
1.7675e+06	1.78325e+06	1.79825e+06	1.7605e+06	1.74225e+06	
1.75725e+06	1.7625e+06	1.775e+06	1.7725e+06	1.76375e+06	
1.74925e+06	1.7555e+06	1.7705e+06	1.74025e+06	1.787e+06	
1.7585e+06	1.7625e+06	1.74975e+06	1.7725e+06	1.7995e+06	
1.756e+06	1.73775e+06	1.782e+06	1.74925e+06	1.78875e+06	
1.7705e+06	1.7775e+06	1.76625e+06	1.75225e+06	1.7755e+06	
1.7605e+06	1.73525e+06	1.75675e+06	1.75675e+06	1.78375e+06	
1.74525e+06	1.741e+06	1.79775e+06	1.78625e+06	1.77175e+06	
1.73975e+06	1.763e+06	1.7505e+06	1.73775e+06	1.76925e+06	
1.7585e+06	1.73475e+06	1.7415e+06	1.744e+06	1.7335e+06	
1.73225e+06	1.6925e+06	1.722e+06	1.758e+06	1.72825e+06	
1.746e+06	1.7145e+06	1.72025e+06	1.71125e+06	1.72075e+06	
1.693e+06	1.7145e+06	1.71775e+06	1.70825e+06	1.71525e+06	
1.73525e+06	1.69425e+06	1.7095e+06	1.7045e+06	1.70125e+06	
1.6905e+06	1.73025e+06	1.72775e+06	1.73025e+06	1.72075e+06	
1.7075e+06	1.698e+06	1.72775e+06	1.7245e+06	1.73225e+06	
1.71825e+06	1.7655e+06	1.73475e+06	1.71125e+06	1.70325e+06	
1.678e+06	1.7125e+06	1.70075e+06	1.7045e+06	1.741e+06	
1.71575e+06	1.6685e+06	1.71375e+06	1.69375e+06	1.67975e+06	
1.66275e+06	1.69175e+06	1.65775e+06	1.678e+06	1.66775e+06	
1.6705e+06	1.69425e+06	1.69425e+06	1.656e+06	1.719e+06	
1.66275e+06	1.66925e+06	1.656e+06	1.671e+06	1.71825e+06	
1.6905e+06	1.63375e+06	1.6515e+06	1.65325e+06	1.65275e+06	
1.649e+06	1.64075e+06	1.63825e+06	1.63825e+06	1.67675e+06	
1.62625e+06	1.661e+06	1.644e+06	1.639e+06	1.6465e+06	
1.6465e+06	1.6585e+06	1.62825e+06	1.6055e+06	1.6445e+06	
1.6415e+06	1.618e+06	1.65725e+06	1.61925e+06	1.635e+06	
1.606e+06	1.608e+06	1.61925e+06	1.6105e+06	1.6565e+06	
1.61925e+06	1.62325e+06	1.589e+06	1.6295e+06	1.603e+06	
1.627e+06	1.61675e+06	1.60675e+06	1.63575e+06	1.62325e+06	
1.603e+06	1.603e+06	1.59425e+06	1.59025e+06	1.61375e+06	
1.60925e+06	1.6155e+06	1.59975e+06	1.615e+06	1.59225e+06	
1.6105e+06	1.60925e+06	1.58725e+06	1.61425e+06	1.63575e+06	
1.581e+06	1.613e+06	1.58475e+06	1.5835e+06	1.618e+06	
1.5645e+06	1.59975e+06	1.601e+06	1.58775e+06	1.5865e+06	
1.56275e+06	1.58775e+06	1.572e+06	1.618e+06	1.5475e+06	
1.58975e+06	1.5575e+06	1.5745e+06	1.5255e+06	1.562e+06	
1.5665e+06	1.56575e+06	1.60225e+06	1.5785e+06	1.57525e+06	
1.54125e+06	1.5955e+06	1.5695e+06	1.5865e+06	1.5475e+06	
1.53175e+06	1.58725e+06	1.59925e+06	1.56775e+06	1.53675e+06	
1.55125e+06	1.608e+06	1.56075e+06	1.5715e+06	1.555e+06	
1.54175e+06	1.5525e+06	1.5835e+06	1.52475e+06	1.5645e+06	
1.57725e+06	1.57025e+06	1.606e+06	1.5285e+06	1.57025e+06	
1.5595e+06	1.55375e+06	1.5495e+06	1.572e+06	1.569e+06	
1.557e+06	1.54425e+06	1.533e+06	1.51725e+06	1.5495e+06	
1.55575e+06	1.54125e+06	1.55125e+06	1.58725e+06	1.5665e+06	
1.518e+06	1.516e+06	1.55625e+06	1.5285e+06	1.523e+06	
1.518e+06	1.5285e+06	1.53875e+06	1.53675e+06	1.5085e+06	
1.52925e+06	1.547e+06	1.581e+06	1.51025e+06	1.50775e+06	
1.489e+06	1.5545e+06	1.52225e+06	1.5185e+06	1.53675e+06	
1.497e+06	1.504e+06	1.49775e+06	1.4825e+06	1.538e+06	
1.52225e+06	1.51025e+06	1.494e+06	1.51025e+06	1.51975e+06	
1.48825e+06	1.47125e+06	1.51925e+06	1.489e+06	1.514e+06	
1.47375e+06	1.47625e+06	1.501e+06	1.47575e+06	1.4895e+06	
1.44975e+06	1.4865e+06	1.5235e+06	1.50775e+06	1.509e+06	
1.48325e+06	1.446e+06	1.4405e+06	1.4505e+06	1.49825e+06	
1.42775e+06	1.45925e+06	1.4775e+06	1.44175e+06	1.47075e+06	
1.48125e+06	1.4575e+06	1.45625e+06	1.465e+06	1.4435e+06	
1.43475e+06	1.46875e+06	1.47875e+06	1.4285e+06	1.44175e+06	
1.41275e+06	1.4575e+06	1.42975e+06	1.463e+06	1.4195e+06	
1.407e+06	1.4285e+06	1.441e+06	1.44725e+06	1.42075e+06	
1.39575e+06	1.38125e+06	1.4025e+06	1.41275e+06	1.431e+06	
1.39825e+06	1.3925e+06	1.4145e+06	1.40125e+06	1.431e+06	
1.37475e+06	1.3905e+06	1.402e+06	1.412e+06	1.409e+06	
1.373e+06	1.3585e+06	1.37875e+06	1.354e+06	1.38875e+06	
1.322e+06	1.36425e+06	1.359e+06	1.30925e+06	1.32875e+06	
1.35025e+06	1.32575e+06	1.315e+06	1.3225e+06	1.33775e+06	
1.33125e+06	1.33125e+06	1.308e+06	1.3195e+06	1.30875e+06	
1.30625e+06	1.3175e+06	1.29425e+06	1.29925e+06	1.3005e+06	
1.2785e+06	1.2715e+06	1.303e+06	1.26525e+06	1.30425e+06	
1.286e+06	1.23125e+06	1.26025e+06	1.26575e+06	1.27025e+06	
1.25575e+06	1.269e+06	1.2255e+06	1.28225e+06	1.2785e+06	
1.24375e+06	1.24375e+06	1.27025e+06	1.228e+06	1.23e+06	
1.24e+06	1.223e+06	1.213e+06	1.21925e+06	1.25125e+06	
1.24125e+06	1.22925e+06	1.21725e+06	1.22875e+06	1.22425e+06	
1.20725e+06	1.21425e+06	1.225e+06	1.21475e+06	1.221e+06	
1.2135e+06	1.24575e+06	1.2185e+06	1.22675e+06	1.21725e+06	
1.22425e+06	1.2445e+06	1.221e+06	1.22625e+06	1.196e+06	
1.2035e+06	1.225e+06	1.2275e+06	1.2255e+06	1.2105e+06	
1.228e+06	1.19025e+06	1.18575e+06	1.2065e+06	1.1965e+06	
1.2275e+06	1.2015e+06	1.216e+06	1.2035e+06	1.2205e+06	
1.22175e+06	1.2085e+06	1.146e+06	1.24825e+06	1.21225e+06	
1.2255e+06	1.20025e+06	1.2065e+06	1.17875e+06	1.194e+06	
1.218e+06	1.20975e+06	1.2035e+06	1.2185e+06	1.21975e+06	
1.19075e+06	1.192e+06	1.22925e+06	1.19275e+06	1.20525e+06	
1.21975e+06	1.23925e+06	1.223e+06	1.2015e+06	1.2325e+06	
1.21925e+06	1.23675e+06	1.228e+06	1.2425e+06	1.20725e+06	
1.2565e+06	1.28025e+06	1.2445e+06	1.26325e+06	1.228e+06	
1.2665e+06	1.27275e+06	1.281e+06	1.2835e+06	1.27775e+06	
1.2735e+06	1.28925e+06	1.2495e+06	1.28275e+06	1.25375e+06	
1.2375e+06	1.24325e+06	1.27525e+06	1.27725e+06	1.2765e+06	
1.24325e+06	1.26075e+06	1.2375e+06	1.2375e+06	1.25375e+06	
1.22925e+06	1.21725e+06	1.23675e+06	1.21475e+06	1.19325e+06	
1.189e+06	1.18575e+06	1.19975e+06	1.18825e+06	1.19325e+06	
1.14425e+06	1.15625e+06	1.146e+06	1.138e+06	1.1675e+06	
1.13275e+06	1.124e+06	1.1355e+06	1.112e+06	1.13975e+06	
1.119e+06	1.12025e+06	1.12025e+06	1.12775e+06	1.14475e+06	
1.15e+06	1.1455e+06	1.141e+06	1.10275e+06	1.13975e+06	
1.19525e+06	1.17625e+06	1.21975e+06	1.184e+06	1.16e+06	
1.22875e+06	1.21425e+06	1.19275e+06	1.1865e+06	1.17825e+06	
1.2355e+06	1.225e+06	1.21925e+06	1.2185e+06	1.19975e+06	
1.23e+06	1.23175e+06	1.22425e+06	1.22925e+06	1.2275e+06	
1.187e+06	1.23425e+06	1.23175e+06	1.2445e+06	1.23e+06	
1.206e+06	1.2355e+06	1.192e+06	1.23925e+06	1.23625e+06	
1.194e+06	1.23675e+06	1.23125e+06	1.17875e+06	1.23175e+06	
1.24625e+06	1.23e+06	1.22675e+06	1.23175e+06	1.24875e+06	
1.23375e+06	1.24325e+06	1.23175e+06	1.21175e+06	1.22875e+06	
1.23125e+06	1.228e+06	1.26075e+06	1.21925e+06	1.2375e+06	
1.2155e+06	1.2325e+06	1.21475e+06	1.238e+06	1.189e+06	
1.22425e+06	1.1915e+06	1.184e+06	1.199e+06	1.17625e+06	
1.1725e+06	1.172e+06	1.16375e+06	1.1675e+06	1.15875e+06	
1.1775e+06	1.1605e+06	1.18525e+06	1.184e+06	1.1725e+06	
1.175e+06	1.1605e+06	1.177e+06	1.1625e+06	1.19475e+06	
1.1895e+06	1.16575e+06	1.143e+06	1.153e+06	1.20775e+06	
1.1725e+06	1.165e+06	1.15375e+06	1.15875e+06	1.199e+06	
1.177e+06	1.14425e+06	1.1865e+06	1.16575e+06	1.16125e+06	
1.16825e+06	1.155e+06	1.15675e+06	1.1525e+06	1.19475e+06	
1.17325e+06	1.16625e+06	1.18575e+06	1.163e+06	1.187e+06	
1.1745e+06	1.1815e+06	1.165e+06	1.16375e+06	1.1645e+06	
1.17075e+06	1.1555e+06	1.1435e+06	1.16875e+06	1.15375e+06	
1.15425e+06	1.177e+06	1.1575e+06	1.15e+06	1.17125e+06	
1.17e+06	1.158e+06	1.167e+06	1.196e+06	1.1695e+06	
1.146e+06	1.17e+06	1.1335e+06	1.16625e+06	1.1505e+06	
1.153e+06	1.121e+06	1.15925e+06	1.17875e+06	1.1505e+06	
1.1775e+06	1.15625e+06	1.1575e+06	1.14875e+06	1.17e+06	
1.1645e+06	1.143e+06	1.15175e+06	1.1405e+06	1.14725e+06	
1.15675e+06	1.14875e+06	1.16575e+06	1.16125e+06	1.1695e+06	
1.1575e+06	1.167e+06	1.16875e+06	1.15375e+06	1.13225e+06	
1.15375e+06	1.14875e+06	1.172e+06	1.16375e+06	1.16375e+06	
1.1455e+06	1.15e+06	1.167e+06	1.17125e+06	1.14675e+06	
1.15425e+06	1.15625e+06	1.14925e+06	1.1575e+06	1.19075e+06	
1.1455e+06	1.1675e+06	1.16375e+06	1.1385e+06	1.13275e+06	
1.15175e+06	1.17825e+06	1.165e+06	1.175e+06	1.172e+06	
1.15625e+06	1.18025e+06	1.17325e+06	1.19025e+06	1.1725e+06	
1.13975e+06	1.17325e+06	1.16175e+06	1.1575e+06	1.1695e+06	
1.148e+06	1.1575e+06	1.16825e+06	1.1845e+06	1.16e+06	
1.16625e+06	1.177e+06	1.1675e+06	1.1435e+06	1.1675e+06	
1.158e+06	1.1625e+06	1.1795e+06	1.15675e+06	1.1645e+06	
1.15e+06	1.1745e+06	1.1675e+06	1.177e+06	1.17325e+06	
1.14175e+06	1.17e+06	1.16575e+06	1.16825e+06	1.1745e+06	
1.10825e+06	1.187e+06	1.17e+06	1.18075e+06	1.182e+06	
1.15875e+06	1.16175e+06	1.1645e+06	1.12225e+06	1.182e+06	
1.1575e+06	1.14425e+06	1.15675e+06	1.15925e+06	1.1645e+06	
1.17075e+06	1.196e+06	1.16575e+06	1.19075e+06	1.16125e+06	
1.153e+06	1.172e+06	1.1815e+06	1.15125e+06	1.19075e+06	
1.1625e+06	1.14925e+06	1.1405e+06	1.16e+06	1.163e+06	
1.16125e+06	1.1505e+06	1.158e+06	1.148e+06	1.16825e+06	
1.1315e+06	1.15175e+06	1.172e+06	1.163e+06	1.14925e+06	
1.13975e+06	1.1865e+06	1.107e+06	1.14875e+06	1.18025e+06	
1.17125e+06	1.15675e+06	1.14725e+06	1.141e+06	1.17125e+06	
1.1845e+06	1.16575e+06	1.15125e+06	1.17575e+06	1.1675e+06	
1.16e+06	1.19775e+06	1.1675e+06	1.16875e+06	1.15625e+06	
1.143e+06	1.19725e+06	1.14175e+06	1.1575e+06	1.15425e+06	
1.138e+06	1.16e+06	1.1215e+06	1.17375e+06	1.1555e+06	
1.14475e+06	1.14175e+06	1.1605e+06	1.1575e+06	1.136e+06	
1.13675e+06	1.12725e+06	1.13975e+06	1.141e+06	1.109e+06	
1.14675e+06	1.172e+06	1.14925e+06	1.13725e+06	1.13225e+06	
1.14225e+06	1.14925e+06	1.119e+06	1.1505e+06	1.1605e+06	
1.14875e+06	1.1355e+06	1.129e+06	1.14725e+06	1.14875e+06	
1.13675e+06	1.129e+06	1.15375e+06	1.143e+06	1.131e+06	
1.124e+06	1.13275e+06	1.14175e+06	1.1435e+06	1.1115e+06	
1.14925e+06	1.12775e+06	1.15425e+06	1.13275e+06	1.13275e+06	
1.095e+06	1.1405e+06	1.12525e+06	1.13225e+06	1.131e+06	
1.14225e+06	1.1335e+06	1.0975e+06	1.12775e+06	1.14225e+06	
1.11775e+06	1.12275e+06	1.13225e+06	1.13975e+06	1.1335e+06	
1.138e+06	1.13225e+06	1.124e+06	1.121e+06	1.1315e+06	
1.13025e+06	1.16125e+06	1.13925e+06	1.13975e+06	1.13725e+06	
1.141e+06	1.141e+06	1.1145e+06	1.13025e+06	1.12725e+06	
1.13275e+06	1.1285e+06	1.1235e+06	1.121e+06	1.11025e+06	
1.0995e+06	1.121e+06	1.119e+06	1.11025e+06	1.13725e+06	
1.11075e+06	1.124e+06	1.10125e+06	1.13225e+06	1.124e+06	
1.10075e+06	1.12475e+06	1.1265e+06	1.1e+06	1.12775e+06	
1.121e+06	1.0995e+06	1.109e+06	1.11325e+06	1.12525e+06	
1.09825e+06	1.1525e+06	1.11575e+06	1.141e+06	1.097e+06	
1.11025e+06	1.131e+06	1.0975e+06	1.11975e+06	1.09375e+06	
1.117e+06	1.1065e+06	1.109e+06	1.0925e+06	1.1165e+06	
1.10575e+06	1.10525e+06	1.104e+06	1.1045e+06	1.10075e+06	
1.08675e+06	1.12275e+06	1.10525e+06	1.1045e+06	1.1335e+06	
1.1045e+06	1.138e+06	1.1185e+06	1.107e+06	1.07625e+06	
1.10325e+06	1.09825e+06	1.112e+06	1.0685e+06	1.11025e+06	
1.056e+06	1.07375e+06	1.085e+06	1.08675e+06	1.1065e+06	
1.04775e+06	1.0655e+06	1.0585e+06	1.08375e+06	1.05925e+06	
1.04975e+06	1.07425e+06	1.063e+06	1.08e+06	1.06175e+06	
1.07375e+06	1.10575e+06	1.073e+06	1.07875e+06	1.0725e+06	
1.05925e+06	1.08675e+06	1.05975e+06	1.0535e+06	1.08825e+06	
1.06975e+06	1.06725e+06	1.0515e+06	1.085e+06	1.0925e+06	
1.0515e+06	1.08825e+06	1.0825e+06	1.0585e+06	1.0725e+06	
1.078e+06	1.0535e+06	1.044e+06	1.06925e+06	1.0535e+06	
1.056e+06	1.063e+06	1.08675e+06	1.07625e+06	1.058e+06	
1.075e+06	1.0725e+06	1.09075e+06	1.0535e+06	1.06175e+06	
1.063e+06	1.07425e+06	1.07375e+06	1.068e+06	1.06425e+06	
1.07375e+06	1.05275e+06	1.0605e+06	1.0435e+06	1.0755e+06	
1.073e+06	1.03325e+06	1.0775e+06	1.0635e+06	1.06725e+06	
1.04475e+06	1.02375e+06	1.04075e+06	1.017e+06	1.03275e+06	
1.02125e+06	1.02375e+06	1.0125e+06	1.012e+06	1.03325e+06	
992250	999250	1.01825e+06	988500	996750	
1.012e+06	1.00125e+06	993500	980500	1.01125e+06	
993500	1.04475e+06	1.0175e+06	1.00925e+06	1.049e+06	
1.04025e+06	1.046e+06	1.02325e+06	1.034e+06	1.01875e+06	
1.02075e+06	1.00425e+06	1.03275e+06	1.04775e+06	1.02075e+06	
1.02e+06	1.0465e+06	1.02325e+06	1.02825e+06	1.04275e+06	
1.05025e+06	1.022e+06	1.027e+06	1.022e+06	1.027e+06	
1.08e+06	1.034e+06	1.04275e+06	1.03275e+06	1.046e+06	
1.0265e+06	1.032e+06	1.046e+06	1.0345e+06	1.04225e+06	
1.037e+06	1.0365e+06	1.0465e+06	1.02125e+06	1.04075e+06	
1.03775e+06	1.0635e+06	1.04225e+06	1.022e+06	1.05925e+06	
1.049e+06	1.0315e+06	1.0465e+06	1.04775e+06	1.0465e+06	
1.05025e+06	1.0485e+06	1.0415e+06	1.03525e+06	1.066e+06	
1.04725e+06	1.04775e+06	1.04475e+06	1.05525e+06	1.03775e+06	
1.039e+06	1.0195e+06	1.04075e+06	1.0295e+06	1.046e+06	
1.01625e+06	1.037e+06	1.04775e+06	1.02125e+06	1.0345e+06	
1.02825e+06	1.037e+06	1.0195e+06	1.03275e+06	1.0435e+06	
1.03275e+06	1.0295e+06	1.0145e+06	1.01625e+06	1.04725e+06	
1.03275e+06	1.05025e+06	1.01375e+06	1.0075e+06	1.0225e+06	
1.00175e+06	1.01875e+06	1.032e+06	1.04775e+06	1.03575e+06	
1.0145e+06	1.04525e+06	1.015e+06	1.05475e+06	1.00375e+06	
1.0245e+06	1.0265e+06	1.0175e+06	1.0315e+06	1.01575e+06	
1.02e+06	1.01125e+06	1.0315e+06	1.0725e+06	1.03275e+06	
1.03025e+06	997500	1.00425e+06	1.01375e+06	1.02375e+06	
1.015e+06	1.008e+06	1.0025e+06	1.015e+06	1.0145e+06	
1.025e+06	1.00625e+06	1.01e+06	1.025e+06	1.0055e+06	
1.02125e+06	1.01075e+06	1.00875e+06	1.02825e+06	1.012e+06	
1.02125e+06	1.01825e+06	988000	996250	1.00375e+06	
1.0025e+06	1.00375e+06	998750	1.0055e+06	1.02075e+06	
1.00125e+06	1.01825e+06	1.03775e+06	1.015e+06	1.025e+06	
1.01375e+06	998000	994750	996250	979000	
1.00925e+06	1.02325e+06	1.008e+06	1.01325e+06	996250	
1.017e+06	1.00425e+06	1.00925e+06	1.012e+06	1.00925e+06	
1e+06	985500	1.0195e+06	1.012e+06	1.01325e+06	
999250	1.00175e+06	997500	988500	1.005e+06	
979000	1.01075e+06	992250	1.0245e+06	1.00625e+06	
984750	988000	991750	986750	999250	
993500	996250	958250	996250	986000	
953250	961500	967250	952000	957750	
908000	957000	955750	940000	938250	
955750	966500	925500	955750	969000	
950750	955250	979750	982250	984750	
954000	951500	946250	960250	988000	
961500	960750	953250	973500	970250	
959000	959500	965250	946250	935000	
984250	972250	971500	980500	967250	
956500	948750	977250	960750	963250	
974750	954500	976000	954000	957750	
976000	988000	962750	938750	960250	
966000	982250	972750	955750	977750	
962000	974750	963250	957750	987250	
947000	957000	968500	960250	984250	
957000	977250	965250	974750	940000	
981750	959000	943750	962000	969000	
967750	958250	961500	959000	974000	
955750	957000	964000	970250	971000	
977250	950750	988000	954000	933000	
949500	953250	966500	962000	970250	
957000	967250	964750	959500	955750	
952750	932500	981000	969750	966000	
945000	953250	944500	959000	943750	
958250	967750	965250	945750	945000	
909250	965250	926750	924250	945000	
931750	930500	931750	937000	937500	
947500	954000	927500	931750	956500	
945000	950250	931750	929250	960750	
927500	962750	932500	941250	922500	
919250	941250	929250	939500	914750	
934500	947500	945750	934500	943750	
916000	944500	926250	919250	937000	
932500	940000	930500	943250	952750	
935000	918750	927500	929250	931250	
904250	939500	919250	920500	912250	
915500	917250	918750	938250	945750	
923000	926750	921750	913000	909250	
898500	948750	899750	930000	913500	
917250	928000	932500	902750	914250	
923000	911750	920500	930000	921250	
908500	904750	935750	913500	902250	
914750	937000	911750	913500	897750	
908000	916750	896000	912250	929250	
920000	906000	896000	906000	906750	
914750	924250	916000	921250	900250	
902750	884500	907250	900250	908500	
902250	899000	925500	911750	918750	
902250	884000	904250	898500	905500	
893500	897750	924250	908000	902750	
907250	891500	871250	899000	893500	
899750	908500	904750	906000	906750	
925000	901500	904750	919250	872500	
899750	886500	897750	899000	894750	
892750	899750	890250	901000	909750	
884500	905500	905500	920500	891500	
874500	875250	906000	874000	889000	
883250	909250	888500	880250	889750	
893500	886500	887000	879000	875750	
888500	880750	907250	882750	883250	
880750	883250	877000	873250	887750	
901000	878250	882750	879000	885250	
889000	868750	882750	891000	891000	
879000	900250	873250	875250	892750	
876500	887750	892250	877000	870000	
868750	871250	877000	881500	880750	
865000	852500	872000	899000	887000	
874000	874000	858250	884000	871250	
881500	851750	860000	875750	863250	
876500	860750	856750	868250	855500	
876500	841000	860750	858750	871250	
834250	865750	869500	863750	826500	
851250	861250	850000	879000	848750	
863750	855500	872000	876500	880250	
862500	847500	839250	872500	846250	
879000	853750	857500	861250	860000	
855500	870000	860750	841000	864500	
861250	852500	860750	845000	857500	
846250	862500	879500	843750	839250	
849250	862000	856750	849250	851250	
850000	845000	838000	870000	845500	
842500	856750	845000	847500	858250	
848750	855500	834750	856750	838000	
836000	848000	840500	833500	844250	
830500	853000	835500	841750	853750	
853000	836750	860000	836750	853750	
858250	831750	843000	849250	833500	
838500	851250	838000	835500	848750	
845000	813500	822250	855000	840500	
833500	804500	819750	796500	824750	
821000	841750	822750	828000	836000	
807000	814000	818500	840500	829750	
831000	808250	826000	838500	821000	
834250	829750	833000	810250	817250	
798250	835500	820250	820250	833000	
805750	825250	829750	803250	824750	
820250	796500	805750	824750	811500	
813500	818500	798250	808250	802000	
800250	799000	809500	800750	817750	
824750	790750	802000	798250	789500	
810750	779250	785000	778000	797750	
792000	795000	802000	793750	786250	
792000	773000	785750	788250	773750	
797000	790000	797750	774250	787000	
781250	782000	759750	793250	785000	
794500	776250	793250	771750	779250	
783750	789500	788750	785000	785000	
797750	769250	770500	778000	782500	
759750	766750	788250	758500	758500	
762250	767500	763000	766750	755500	
791250	768750	768000	775000	764750	
770000	754750	761000	785750	764250	
750500	763500	770500	742750	760500	
742750	768750	761750	763500	746000	
765500	761750	746500	753500	744000	
763500	770000	788250	773000	761750	
766750	774250	732000	753000	748500	
755500	754750	744000	765500	751750	
776750	759750	752250	738500	767500	
753000	752250	742250	749750	761000	
742250	766750	758000	758000	761000	
751000	773750	766750	746500	754750	
765500	744000	754750	770500	751000	
763500	787000	773000	776250	787000	
765500	773000	771750	778000	782500	
776750	758500	778000	769250	783750	
780000	761000	766250	773750	776750	
780500	788750	745250	799500	782500	
787500	778750	776750	781250	793750	
784500	793250	792500	783250	798250	
801500	787500	798250	800250	787500	
794500	776250	763500	786250	780000	
774250	795000	783250	780000	773000	
770500	778750	768750	771250	767500	
772500	766750	780500	759250	785750	
761000	737750	761750	784500	782000	
764750	771250	785000	763500	783250	
761000	764250	763000	768000	776750	
764250	772500	756000	741000	768000	
742750	748500	768000	788750	763000	
772500	773000	752250	768750	743500	
746500	756000	747750	782500	768000	
759750	753500	756750	760500	747250	
757250	764250	741000	752250	760500	
753000	751000	763000	744750	780500	
746500	753000	732750	751000	747250	
743500	743500	755500	739000	760500	
749000	752250	734500	754250	730250	
736500	737250	743500	722750	750500	
747750	741000	749000	766750	727750	
758500	737750	746500	737250	760500	
738500	766250	761750	748500	751750	
748500	746500	747750	766250	737750	
753500	750500	759750	732750	754250	
742750	742250	754750	742250	755500	
756000	746500	741000	759250	753000	
748500	734500	733250	744750	752250	
719500	739750	736500	730750	741500	
739750	722750	746500	753000	734500	
736500	750500	737750	739000	731500	
717000	734500	744750	732000	746500	
739750	765500	737250	727750	722750	
741500	749000	732000	733250	747250	
725250	739000	728250	736500	740250	
719500	727750	729000	705750	722000	
740250	721500	729000	726500	748500	
739000	745250	737750	702500	732750	
733250	738500	724000	720750	735250	
754250	747250	738500	715750	727750	
718750	736500	717000	733250	727750	
710000	727000	736000	743500	732000	
741000	720250	711250	735250	735250	
742250	749750	730750	733250	702500	
719500	718750	712000	730750	736500	
741000	727000	734000	732000	732750	
722750	705000	736000	749750	734000	
720750	736500	728250	716250	731500	
725250	732750	741000	734500	727750	
732750	732000	734000	724500	728250	
757250	747750	733250	739000	741500	
729000	734000	739750	729000	747250	
719500	717000	758500	746000	746000	
732750	727750	746000	726500	722750	
735250	755500	756000	742750	732000	
735250	736500	737250	734500	730750	
722000	728250	729000	730750	741500	
732750	725250	736000	741000	737250	
718750	732750	748500	744750	741500	
744000	739000	751000	741500	720250	
736500	736000	720250	732750	747250	
726500	718250	749750	724500	725750	
730250	731500	719500	723250	732750	
715750	721500	734500	755500	739750	
737250	714500	734500	710750	722750	
708250	715750	734000	725250	717500	
717000	715750	713750	727750	736000	
715000	734500	712500	719500	727750	
734500	742250	727750	718750	726500	
724000	717500	716250	714500	707500	
736000	714500	719500	710000	715000	
697500	704500	712000	692500	717000	
741500	716250	717500	737750	717500	
696250	734000	706250	730750	707000	
707000	725250	719500	734000	717500	
717000	732750	730250	735250	726500	
726500	721500	724000	718750	715000	
709500	703000	741500	701250	725250	
699250	700500	724500	704500	746500	
692500	710000	707500	730750	697500	
716250	691250	718750	720250	707000	
695500	699250	712000	699250	729000	
696250	688000	695500	693000	707500	
687250	695500	681000	690000	696750	
693750	702500	686000	727000	725250	
686750	694250	709500	695000	684750	
690500	703750	667250	686000	690500	
670250	684250	693000	690500	682250	
673500	676750	690500	677250	671000	
681750	679750	686750	693750	669750	
683500	671000	688500	688500	676000	
680500	670250	687250	686750	672750	
688000	664750	654000	649000	667250	
676750	667250	656500	676000	678000	
662250	650750	668500	649000	669750	
641250	645250	670250	670250	654000	
641250	669000	664750	678500	659000	
662750	661000	664750	652000	671000	
669750	669750	659750	649000	649000	
654500	662750	665250	652000	672250	
662250	645250	664000	666500	667250	
645750	658500	650750	671500	616750	
660250	659000	652000	650750	654000	
648250	658500	654500	657000	647000	
648250	652750	650250	659750	654500	
661000	649000	649500	649500	652000	
659000	654000	652750	659750	655750	
662750	655750	655750	647750	657000	
647750	654000	650750	658500	655750	
654000	628750	644000	668500	677250	
655250	642000	638250	672250	645750	
640750	635750	659000	664750	660250	
654000	630000	646500	651500	655750	
651500	658500	645250	649000	644000	
650750	644500	654500	657750	659750	
662750	640750	647750	662250	649000	
645250	661500	655750	672250	660250	
658500	647750	648250	666000	659000	
667250	646500	661500	652000	650750	
657750	667250	661000	674250	658500	
671500	667750	667750	655750	657000	
666500	648250	660250	643250	671500	
645250	654000	654000	666500	671000	
673500	658500	638250	674750	661500	
670250	653250	662750	650750	666500	
668500	659000	671500	659000	667250	
654500	644000	659000	669000	662250	
661500	659750	664750	661000	669000	
683000	665250	657750	659750	650750	
659000	654000	636250	655250	644500	
661500	659750	668500	671000	640750	
647000	667250	655750	658500	666000	
629500	650750	667250	655250	643250	
669000	657750	652750	655750	644000	
684750	650750	639500	650250	633250	
668500	643250	666500	641250	642500	
654500	653250	644000	650250	655250	
640750	666500	638250	649000	660250	
658500	657750	664000	654000	650750	
652000	647750	643250	674250	661500	
662750	660250	645750	674750	672750	
644500	649000	649500	651500	646500	
647750	647000	661500	657000	671500	
654000	657750	640750	655750	642500	
667250	649000	635000	659750	642000	
647750	656500	659000	663500	649000	
648250	629500	654500	659750	649500	
664000	647000	659750	649500	655750	
655750	665250	660250	654000	641250	
643250	668500	650250	654500	657000	
661500	666000	648250	649000	653250	
654000	654500	657000	668500	669750	
652000	667250	655750	657000	642500	
652750	660250	644000	648250	654500	
638750	652750	649000	647000	645750	
654500	647750	656500	657000	650250	
652000	661000	648250	646500	642000	
645750	652000	651500	648250	664000	
641250	646500	658500	664000	658500	
663500	650250	638250	658500	649000	
662250	674250	659750	634500	644000	
644500	649000	647750	655750	635750	
654000	655750	644500	669000	644500	
630750	640750	638750	662250	655250	
632500	645250	655250	646500	664750	
650750	649500	632000	645750	644500	
642000	652000	640000	644000	636250	
637000	633750	662250	658500	657000	
645250	655250	645750	640750	645250	
654000	659000	635000	672250	671000	
659000	645750	658500	632500	649500	
654500	638250	637500	657000	659750	
652000	655750	630750	633750	632000	
630000	662750	647750	650250	654000	
643250	635750	669000	642000	655250	
653250	664000	655250	665250	640750	
632000	640000	659000	658500	648250	
642000	657750	650250	659750	659750	
657750	649000	652750	647750	652000	
647750	662750	654500	655750	652750	
633750	638250	650250	641250	623750	
653250	641250	657000	640000	644000	
643250	664000	659000	638250	649500	
651500	642000	664000	647750	632000	
640000	631250	643250	650250	659000	
648250	665250	646500	632000	638250	
630000	671000	649500	640000	661000	
640000	645750	652000	655250	649500	
645750	650750	655750	651500	650750	
635000	663500	660250	665250	647000	
659000	652750	650750	626750	655250	
649000	656500	652000	656500	662750	
656500	657750	630750	646500	654500	
647750	656500	649000	648250	637500	
628750	647750	669000	638750	658500	
640750	649000	646500	644500	671500	
640750	639500	666000	621750	660250	
643250	650250	649000	645750	645750	
647750	664750	640750	633750	642500	
640750	644000	635750	642000	660250	
638750	639500	644500	642000	655750	
652750	639500	646500	647000	646500	
628750	628750	642000	646500	631250	
626250	639500	655250	644500	646500	
651500	663500	661500	637000	645250	
649500	640750	648250	643250	641250	
644000	647000	653250	659750	647000	
644500	658500	652000	650750	668500	
638250	635750	659000	637000	643250	
649500	642500	648250	649500	644000	
657000	654000	642500	646500	654500	
659750	662250	637500	637000	640750	
643250	638750	650750	637500	642500	
647750	647750	653250	632000	644000	
640750	633750	631250	650750	642000	
650750	653250	635000	655750	652000	
644500	650750	638750	662250	633750	
640000	643250	645250	651500	651500	
631250	631250	650250	648250	667250	
655250	652000	637000	652750	647000	
656500	644000	645250	659000	645750	
654500	651500	659750	654500	669750	
657750	635000	641250	638250	652000	
642000	644500	650250	654000	623000	
650250	654500	666000	641250	653250	
642000	642000	655250	649500	637500	
643250	638250	652000	644500	650750	
646500	645250	653250	650250	634500	
652000	637000	649000	659750	646500	
641250	626750	659000	653250	641250	
666000	649500	647750	630750	632500	
651500	645250	664750	657000	644000	
654500	660250	627500	652750	643250	
653250	635750	663500	644500	652000	
648250	655750	637000	640000	638250	
647750	638250	649000	654000	636250	
630750	649000	648250	633250	645750	
647000	655250	649000	641250	642500	
652750	631250	652750	659750	642000	
644000	655250	643250	630000	631250	
645250	627500	652000	626750	674750	
637500	645750	631250	635000	664000	
653250	652750	642000	644500	652750	
644000	654500	652750	643250	652000	
639500	642500	644000	649000	654500	
649000	646500	652000	647000	642000	
640000	669000	630750	644000	635750	
640000	637500	638250	640750	632500	
633250	628250	630000	638750	621750	
648250	635000	637000	661000	633250	
652000	662250	640750	642000	630750	
645250	628250	633750	645750	645250	
635000	647750	644000	644000	647750	
626250	647750	631250	634500	642000	
636250	640000	650750	664000	655250	
632000	640750	638750	638250	655250	
640000	641250	626750	657750	647750	
637500	644000	655750	648250	630000	
654500	650250	642000	645750	658500	
630750	638750	623750	625500	644000	
629500	667750	648250	626250	651500	
622500	643250	647000	633750	635000	
647750	639500	628750	659000	642500	
654500	642500	640750	640000	641250	
655250	637000	620500	645250	650750	
638250	625000	642500	648250	626750	
645250	644000	652000	648250	654000	
645250	650750	637000	652000	637500	
643250	646500	641250	627500	643250	
657750	659750	642500	647750	650250	
635000	635000	647750	641250	637000	
628750	625500	630750	650250	632000	
642500	642500	637000	661000	644000	
654000	642000	630750	632500	640000	
636250	642000	646500	647750	659000	
631250	635000	642500	644500	668500	
635750	631250	637500	642500	632000	
647750	649000	624250	625000	639500	
640750	640750	626250	630000	625000	
638250	628250	634500	635000	639500	
652000	646500	633750	659750	636250	
644000	647000	644000	641250	645750	
640000	633250	616750	642500	628250	
642500	616250	644500	632500	641250	
641250	623750	649500	647750	640750	
624250	632000	642000	645750	672250	
624250	643250	638250	648250	644000	
621250	650250	640750	647750	645250	
630000	640750	623000	626250	629500	
621750	618000	638250	642500	646500	
611750	648250	633250	631250	638250	
637000	664000	642500	641250	638250	
644500	638750	645250	646500	640000	
640000	620000	647750	637000	640750	
634500	632500	642500	638750	650750	
635750	632500	631250	633250	645250	
639500	635750	632500	642000	641250	
655750	637000	647750	663500	637500	
655250	631250	636250	642000	642500	
620500	638750	636250	639500	641250	
637500	631250	645750	640000	633750	
644500	637500	645250	644500	637000	
620000	642000	646500	640000	641250	
637500	638250	639500	645750	651500	
633750	657000	637000	649500	633250	
647750	647000	628750	622500	642000	
642000	638750	633750	635750	632000	
657750	653250	616750	628750	635750	
640000	650250	608000	623750	637000	
619250	645750	635750	644500	633750	
650250	638250	648250	655250	629500	
624250	626750	624250	649000	637000	
636250	621250	637000	635750	641250	
615000	642500	623750	626750	635750	
637000	632500	631250	643250	645750	
635000	636250	641250	633750	637000	
647000	648250	637000	624250	652000	
653250	643250	630750	637500	649500	
635000	626250	647000	657000	635000	
618000	630000	634500	657750	636250	
641250	653250	637000	620500	639500	
635750	642500	638250	642000	621750	
633750	638750	646500	628750	615500	
642500	640750	638250	644500	652750	
606000	644000	619250	622500	642000	
639500	630000	638250	616250	644500	
638750	635000	625000	634500	650750	
626750	637000	626750	647000	644000	
622500	647750	631250	637000	654000	
630750	613000	632000	628750	629500	
639500	660250	627500	623000	637000	
639500	657750	640000	635750	618750	
624250	639500	648250	620500	625500	
637500	640000	635750	616750	629500	
636250	647750	615500	620500	634500	
654500	628750	637500	622500	638250	
634500	640000	626250	622500	628250	
630750	639500	644000	640000	644000	
635000	649000	626250	632000	623000	
635750	644000	635000	646500	653250	
639500	629500	644000	616250	632500	
630750	636250	649500	640000	638750	
645250	634500	618000	641250	632000	
633750	625500	648250	637000	640000	
630000	628250	631250	633250	625000	
648250	642000	640750	648250	630000	
622500	628250	640750	625000	626750	
638750	650750	627500	639500	635750	
630750	649000	623750	649500	638750	
638750	636250	642000	617500	638750	
617500	644500	630000	638750	623750	
627500	651500	632500	606000	640750	
632000	635000	642500	640750	633750	
627500	659750	618000	620500	637000	
645750	633250	645750	637500	635750	
650250	621750	638750	630750	626750	
656500	639500	616250	642000	631250	
621750	646500	628750	638750	644500	
637500	632000	632500	627500	625500	
640000	620000	617500	621250	651500	
627500	642000	635750	642500	652000	
635750	633250	643250	630750	647000	
638250	659750	621750	643250	628250	
636250	634500	628750	652750	622500	
618750	628750	631250	632000	620500	
621250	633250	635000	638750	634500	
611000	647750	636250	636250	628250	
638750	621750	647000	645250	637500	
630750	624250	626750	632500	632500	
635750	626750	630750	655750	626250	
632000	649000	630000	640750	628250	
630750	637500	628250	637000	621250	
628250	620500	637000	633750	642500	
641250	642000	625500	626250	609750	
651500	618000	630000	628750	624250	
624250	621750	633750	645250	628750	
628750	650250	628750	623000	634500	
647750	650250	640750	634500	623750	
638250	624250	630000	643250	631250	
633250	630000	640000	645750	630750	
634500	644500	638250	623750	633250	
625500	630000	633250	628750	639500	
645250	623750	642500	640750	654500	
628750	638250	621250	638750	618000	
644000	637500	635000	622500	630000	
645750	626750	615000	632000	652750	
645750	626750	615000	632000	652750	
645750	626750	615000	632000	652750	
