4250	4250	4250	4250	4250	
7.13825e+06	7.13825e+06	7.13825e+06	7.13825e+06	7.13825e+06	
535500	523000	528500	543000	534250	
506500	517750	520250	529250	509000	
509000	519750	510250	521000	505250	
494500	508500	507250	517250	494000	
519000	504000	515250	519750	524250	
503250	509750	519000	501500	519000	
509000	504500	509750	506500	499000	
519000	505250	495750	513500	500750	
524250	521000	515250	528000	531750	
523000	548000	523500	524250	524250	
518500	539250	536750	541750	536750	
536750	531750	533000	531750	528000	
511500	540000	524750	526000	523500	
529250	542500	536250	542500	548000	
536250	528500	547500	550500	559500	
547500	535500	557000	555750	546750	
545500	558250	548750	574500	561250	
554500	564500	563250	556250	563750	
573250	575750	550000	570750	576500	
574000	577750	572000	567750	573250	
594750	561250	591000	585250	578250	
652000	644500	637000	640000	667250	
826500	800250	803250	807000	823500	
845000	821000	833000	809500	816000	
828500	820250	834250	825250	824750	
854250	828500	821000	833000	848750	
861250	855000	858750	843000	846250	
834250	838500	847500	829250	829750	
835500	852500	846250	845500	856250	
861250	842500	880750	857500	851750	
892250	905500	892750	882750	884000	
910500	935000	925500	906750	916750	
902250	920500	907250	904750	932500	
886500	925000	904250	918000	905500	
875250	914750	892750	914750	887000	
904750	898500	914750	898500	913000	
920000	922500	927500	885250	918000	
923750	887000	911000	896000	904750	
940750	914750	921750	918750	936250	
940000	967750	952750	936250	962750	
962750	939500	989250	957000	960250	
964000	993000	980500	961500	976500	
984750	967750	984750	971000	969000	
966500	979000	971000	958250	969750	
965250	947500	937500	967250	956500	
959000	974750	944500	962000	969000	
962000	956500	965250	976000	971000	
937000	946250	947000	947500	942000	
938250	930500	931250	935000	937000	
917250	911000	931250	920500	909250	
905500	925500	926750	914250	911750	
904250	886500	918750	917250	909750	
891500	892750	896500	903500	887750	
907250	898500	915500	911000	929250	
952750	947000	950750	936250	962000	
1.01325e+06	981750	1.01375e+06	1.03275e+06	1.00625e+06	
1.0225e+06	1.0125e+06	1.005e+06	1.02075e+06	1.02075e+06	
1.0125e+06	1.003e+06	1.0125e+06	1.01375e+06	1.027e+06	
995500	992250	975250	982250	994750	
962750	959500	957750	998750	1.01e+06	
974000	971000	967750	987250	985500	
989750	989750	997500	983000	979000	
1.01125e+06	1.0005e+06	997500	1.017e+06	1.01e+06	
1.03825e+06	1.04025e+06	1.02075e+06	1.04025e+06	1.073e+06	
1.046e+06	1.0605e+06	1.0535e+06	1.03325e+06	1.054e+06	
1.034e+06	1.022e+06	1.061e+06	1.0515e+06	1.046e+06	
1.049e+06	1.0705e+06	1.04025e+06	1.0245e+06	1.02e+06	
1.05225e+06	1.07875e+06	1.063e+06	1.049e+06	1.073e+06	
1.075e+06	1.0755e+06	1.0775e+06	1.083e+06	1.092e+06	
1.051e+06	1.07925e+06	1.07875e+06	1.09625e+06	1.06725e+06	
1.09125e+06	1.13975e+06	1.10275e+06	1.119e+06	1.0925e+06	
1.119e+06	1.141e+06	1.15e+06	1.1385e+06	1.14725e+06	
1.19275e+06	1.1745e+06	1.1865e+06	1.1795e+06	1.1915e+06	
1.1725e+06	1.1525e+06	1.2065e+06	1.204e+06	1.172e+06	
1.177e+06	1.187e+06	1.18575e+06	1.1645e+06	1.2305e+06	
1.2185e+06	1.19975e+06	1.20275e+06	1.201e+06	1.17375e+06	
1.172e+06	1.1965e+06	1.14175e+06	1.1725e+06	1.192e+06	
1.1895e+06	1.172e+06	1.1625e+06	1.18825e+06	1.17875e+06	
1.1645e+06	1.17075e+06	1.1675e+06	1.1625e+06	1.1645e+06	
1.13925e+06	1.16175e+06	1.18525e+06	1.167e+06	1.17325e+06	
1.21925e+06	1.17575e+06	1.196e+06	1.1865e+06	1.18025e+06	
1.20725e+06	1.21175e+06	1.20975e+06	1.201e+06	1.2375e+06	
1.24125e+06	1.2185e+06	1.2325e+06	1.24575e+06	1.24575e+06	
1.26775e+06	1.247e+06	1.225e+06	1.2475e+06	1.23125e+06	
1.221e+06	1.2275e+06	1.20475e+06	1.21975e+06	1.22925e+06	
1.218e+06	1.19275e+06	1.209e+06	1.21425e+06	1.192e+06	
1.235e+06	1.2445e+06	1.225e+06	1.22925e+06	1.20225e+06	
1.23175e+06	1.2255e+06	1.27025e+06	1.2425e+06	1.23e+06	
1.2185e+06	1.2495e+06	1.22225e+06	1.23375e+06	1.23175e+06	
1.16e+06	1.172e+06	1.16175e+06	1.1505e+06	1.18775e+06	
1.14425e+06	1.163e+06	1.18025e+06	1.1575e+06	1.18075e+06	
1.17575e+06	1.1575e+06	1.16175e+06	1.14725e+06	1.196e+06	
1.13975e+06	1.09e+06	1.11525e+06	1.11525e+06	1.11275e+06	
1.1045e+06	1.09075e+06	1.114e+06	1.0805e+06	1.11075e+06	
1.10275e+06	1.11525e+06	1.10125e+06	1.10325e+06	1.143e+06	
1.148e+06	1.1185e+06	1.1405e+06	1.14425e+06	1.1095e+06	
1.126e+06	1.13925e+06	1.15175e+06	1.129e+06	1.11575e+06	
1.16175e+06	1.14875e+06	1.1625e+06	1.16e+06	1.17625e+06	
1.201e+06	1.228e+06	1.2525e+06	1.233e+06	1.22675e+06	
1.23925e+06	1.252e+06	1.20725e+06	1.223e+06	1.2355e+06	
1.296e+06	1.238e+06	1.2595e+06	1.25e+06	1.28275e+06	
1.2645e+06	1.2905e+06	1.2565e+06	1.279e+06	1.286e+06	
1.293e+06	1.31625e+06	1.303e+06	1.29925e+06	1.32375e+06	
1.34525e+06	1.36225e+06	1.3445e+06	1.34325e+06	1.373e+06	
1.412e+06	1.38925e+06	1.39e+06	1.42025e+06	1.39375e+06	
1.4215e+06	1.41775e+06	1.43975e+06	1.429e+06	1.424e+06	
1.3995e+06	1.39125e+06	1.40575e+06	1.36425e+06	1.376e+06	
1.33075e+06	1.32825e+06	1.33825e+06	1.354e+06	1.3245e+06	
1.27975e+06	1.27225e+06	1.28975e+06	1.31825e+06	1.296e+06	
1.274e+06	1.284e+06	1.29475e+06	1.29225e+06	1.303e+06	
1.313e+06	1.32125e+06	1.3535e+06	1.337e+06	1.34325e+06	
1.3975e+06	1.376e+06	1.41075e+06	1.4e+06	1.4025e+06	
1.4165e+06	1.4365e+06	1.43525e+06	1.41275e+06	1.407e+06	
1.383e+06	1.38925e+06	1.393e+06	1.361e+06	1.39e+06	
1.31e+06	1.2785e+06	1.32125e+06	1.34775e+06	1.31825e+06	
1.2815e+06	1.274e+06	1.2565e+06	1.25325e+06	1.25125e+06	
1.209e+06	1.20225e+06	1.2015e+06	1.19775e+06	1.194e+06	
1.14925e+06	1.158e+06	1.17125e+06	1.13725e+06	1.182e+06	
1.14725e+06	1.16175e+06	1.141e+06	1.14675e+06	1.15375e+06	
1.1625e+06	1.1505e+06	1.13275e+06	1.13725e+06	1.1405e+06	
1.194e+06	1.18525e+06	1.16e+06	1.18325e+06	1.19525e+06	
1.262e+06	1.28025e+06	1.305e+06	1.279e+06	1.286e+06	
1.36975e+06	1.38675e+06	1.39175e+06	1.4025e+06	1.40625e+06	
1.41775e+06	1.41525e+06	1.407e+06	1.4115e+06	1.44475e+06	
1.39125e+06	1.4045e+06	1.393e+06	1.409e+06	1.436e+06	
1.4145e+06	1.39625e+06	1.395e+06	1.40825e+06	1.371e+06	
1.38925e+06	1.3825e+06	1.41825e+06	1.39825e+06	1.448e+06	
1.4385e+06	1.45425e+06	1.443e+06	1.4575e+06	1.4555e+06	
1.4575e+06	1.455e+06	1.463e+06	1.4655e+06	1.46425e+06	
1.458e+06	1.48075e+06	1.4575e+06	1.434e+06	1.4625e+06	
1.4265e+06	1.41775e+06	1.455e+06	1.4385e+06	1.463e+06	
1.44925e+06	1.4825e+06	1.47625e+06	1.45225e+06	1.47375e+06	
1.48125e+06	1.4605e+06	1.4865e+06	1.46175e+06	1.44225e+06	
1.48575e+06	1.4845e+06	1.46625e+06	1.49525e+06	1.50975e+06	
1.5885e+06	1.56575e+06	1.5665e+06	1.5285e+06	1.579e+06	
1.6635e+06	1.70325e+06	1.6685e+06	1.63375e+06	1.67175e+06	
1.7e+06	1.73275e+06	1.73475e+06	1.7125e+06	1.74725e+06	
1.7095e+06	1.707e+06	1.71325e+06	1.7215e+06	1.71375e+06	
1.77375e+06	1.773e+06	1.751e+06	1.7655e+06	1.773e+06	
1.82975e+06	1.82475e+06	1.828e+06	1.80025e+06	1.82675e+06	
1.93075e+06	1.86825e+06	1.8965e+06	1.879e+06	1.8815e+06	
1.8405e+06	1.85825e+06	1.889e+06	1.872e+06	1.8865e+06	
1.7415e+06	1.7315e+06	1.73725e+06	1.71125e+06	1.73275e+06	
1.654e+06	1.59725e+06	1.61e+06	1.6035e+06	1.63375e+06	
1.4215e+06	1.429e+06	1.44925e+06	1.45425e+06	1.4195e+06	
1.274e+06	1.26775e+06	1.27225e+06	1.2735e+06	1.28975e+06	
1.24e+06	1.25375e+06	1.257e+06	1.2885e+06	1.25825e+06	
1.3635e+06	1.347e+06	1.3635e+06	1.41525e+06	1.3655e+06	
1.56775e+06	1.59225e+06	1.55325e+06	1.6055e+06	1.5955e+06	
1.76175e+06	1.7555e+06	1.7605e+06	1.78075e+06	1.763e+06	
1.84925e+06	1.8965e+06	1.88475e+06	1.91675e+06	1.89225e+06	
1.971e+06	1.9375e+06	1.9565e+06	1.95825e+06	1.961e+06	
1.89275e+06	1.92375e+06	1.903e+06	1.9135e+06	1.9225e+06	
1.74275e+06	1.736e+06	1.753e+06	1.74675e+06	1.7315e+06	
1.521e+06	1.52175e+06	1.50525e+06	1.51675e+06	1.53675e+06	
1.38675e+06	1.4145e+06	1.43225e+06	1.4095e+06	1.4145e+06	
1.5235e+06	1.52675e+06	1.5185e+06	1.545e+06	1.5285e+06	
1.7945e+06	1.83875e+06	1.797e+06	1.80575e+06	1.799e+06	
2.114e+06	2.09e+06	2.075e+06	2.07175e+06	2.0805e+06	
2.26525e+06	2.27025e+06	2.33775e+06	2.3245e+06	2.24625e+06	
2.407e+06	2.388e+06	2.42725e+06	2.3995e+06	2.42725e+06	
2.48825e+06	2.5085e+06	2.4795e+06	2.43725e+06	2.5135e+06	
2.51425e+06	2.57775e+06	2.51175e+06	2.55375e+06	2.53375e+06	
2.5135e+06	2.5205e+06	2.5445e+06	2.52175e+06	2.53e+06	
2.5475e+06	2.593e+06	2.56525e+06	2.557e+06	2.59975e+06	
2.58975e+06	2.579e+06	2.6655e+06	2.61375e+06	2.5735e+06	
2.65275e+06	2.64775e+06	2.637e+06	2.62375e+06	2.67925e+06	
2.73525e+06	2.76175e+06	2.7705e+06	2.7285e+06	2.751e+06	
2.78375e+06	2.7485e+06	2.70875e+06	2.80975e+06	2.76175e+06	
2.845e+06	2.864e+06	2.8425e+06	2.826e+06	2.816e+06	
2.89425e+06	2.85325e+06	2.8715e+06	2.8545e+06	2.84825e+06	
2.87025e+06	2.87775e+06	2.83175e+06	2.81025e+06	2.87325e+06	
2.7625e+06	2.76925e+06	2.785e+06	2.75175e+06	2.75925e+06	
2.8575e+06	2.82975e+06	2.80975e+06	2.7745e+06	2.797e+06	
2.88025e+06	2.92625e+06	2.83875e+06	2.79775e+06	2.857e+06	
2.814e+06	2.789e+06	2.75625e+06	2.874e+06	2.81025e+06	
2.77825e+06	2.8375e+06	2.86775e+06	2.80025e+06	2.828e+06	
2.87975e+06	2.87025e+06	2.84425e+06	2.86525e+06	2.85125e+06	
2.9005e+06	2.87775e+06	2.88525e+06	2.86775e+06	2.90425e+06	
2.821e+06	2.8115e+06	2.809e+06	2.76125e+06	2.835e+06	
2.83625e+06	2.855e+06	2.81725e+06	2.8645e+06	2.838e+06	
2.8065e+06	2.81475e+06	2.7945e+06	2.8065e+06	2.80775e+06	
2.898e+06	2.81475e+06	2.855e+06	2.8235e+06	2.87825e+06	
2.8915e+06	2.9635e+06	2.91675e+06	2.94575e+06	2.8985e+06	
2.97025e+06	2.956e+06	2.95075e+06	2.961e+06	2.95075e+06	
3.00325e+06	2.99e+06	2.9925e+06	3.048e+06	2.97425e+06	
3.08075e+06	3.08575e+06	3.05175e+06	3.14125e+06	3.11775e+06	
3.203e+06	3.21675e+06	3.2155e+06	3.167e+06	3.21475e+06	
3.22125e+06	3.16125e+06	3.21875e+06	3.22175e+06	3.249e+06	
3.1135e+06	3.12975e+06	3.15375e+06	3.12725e+06	3.0895e+06	
2.9105e+06	2.93125e+06	3.00575e+06	2.91625e+06	2.93875e+06	
2.9325e+06	2.91875e+06	2.864e+06	2.94775e+06	2.9755e+06	
3.05925e+06	3.0195e+06	3.01125e+06	3.0415e+06	3.01775e+06	
3.2425e+06	3.22e+06	3.13425e+06	3.23625e+06	3.15825e+06	
3.30425e+06	3.32275e+06	3.27925e+06	3.32525e+06	3.35025e+06	
3.35275e+06	3.42025e+06	3.40075e+06	3.356e+06	3.41275e+06	
3.45e+06	3.47075e+06	3.4305e+06	3.3845e+06	3.3705e+06	
3.363e+06	3.39875e+06	3.44625e+06	3.41325e+06	3.46325e+06	
3.3705e+06	3.329e+06	3.334e+06	3.34225e+06	3.36475e+06	
3.3055e+06	3.29675e+06	3.2615e+06	3.332e+06	3.29675e+06	
3.39375e+06	3.43675e+06	3.404e+06	3.40825e+06	3.4115e+06	
3.412e+06	3.50725e+06	3.419e+06	3.44625e+06	3.48325e+06	
3.42525e+06	3.3845e+06	3.429e+06	3.43425e+06	3.39375e+06	
3.49225e+06	3.392e+06	3.55325e+06	3.482e+06	3.4215e+06	
3.41075e+06	3.39375e+06	3.361e+06	3.42275e+06	3.433e+06	
3.4725e+06	3.44225e+06	3.46875e+06	3.482e+06	3.4525e+06	
3.55325e+06	3.49025e+06	3.5205e+06	3.535e+06	3.48825e+06	
3.67625e+06	3.6605e+06	3.615e+06	3.639e+06	3.644e+06	
3.692e+06	3.61e+06	3.6075e+06	3.6e+06	3.72475e+06	
3.487e+06	3.5495e+06	3.576e+06	3.50975e+06	3.55e+06	
3.5495e+06	3.49025e+06	3.5375e+06	3.50025e+06	3.43975e+06	
3.4675e+06	3.479e+06	3.46375e+06	3.45125e+06	3.52375e+06	
3.5205e+06	3.462e+06	3.525e+06	3.57725e+06	3.5015e+06	
3.5395e+06	3.51725e+06	3.545e+06	3.521e+06	3.5395e+06	
3.53425e+06	3.564e+06	3.57975e+06	3.596e+06	3.57725e+06	
3.656e+06	3.64025e+06	3.576e+06	3.639e+06	3.576e+06	
3.63775e+06	3.57775e+06	3.57275e+06	3.60175e+06	3.65225e+06	
3.57225e+06	3.5255e+06	3.59725e+06	3.55775e+06	3.5955e+06	
3.69875e+06	3.70075e+06	3.69825e+06	3.65975e+06	3.75925e+06	
3.772e+06	3.801e+06	3.75425e+06	3.74225e+06	3.734e+06	
3.85075e+06	3.8665e+06	3.867e+06	3.81925e+06	3.876e+06	
3.99125e+06	3.896e+06	3.944e+06	3.89675e+06	4.014e+06	
3.89175e+06	3.8785e+06	3.90675e+06	3.901e+06	3.93e+06	
3.809e+06	3.81225e+06	3.767e+06	3.76425e+06	3.80525e+06	
3.6605e+06	3.753e+06	3.69575e+06	3.683e+06	3.70575e+06	
3.73475e+06	3.656e+06	3.7215e+06	3.675e+06	3.7045e+06	
3.65525e+06	3.61875e+06	3.68925e+06	3.6105e+06	3.697e+06	
3.7505e+06	3.755e+06	3.7505e+06	3.79525e+06	3.767e+06	
3.8525e+06	3.86075e+06	3.85825e+06	3.8355e+06	3.9225e+06	
3.90925e+06	3.942e+06	3.91175e+06	3.95225e+06	3.90925e+06	
3.92125e+06	3.96275e+06	3.949e+06	3.9245e+06	3.896e+06	
3.86775e+06	3.94275e+06	3.87325e+06	3.9035e+06	3.88975e+06	
3.859e+06	3.8645e+06	3.84625e+06	3.85575e+06	3.91375e+06	
3.98175e+06	3.91125e+06	3.91375e+06	3.98425e+06	3.97225e+06	
3.98375e+06	3.89175e+06	3.9685e+06	3.9975e+06	4.0455e+06	
4.017e+06	3.971e+06	3.954e+06	3.927e+06	3.9955e+06	
3.988e+06	3.92575e+06	3.9415e+06	3.983e+06	3.99875e+06	
3.82725e+06	3.864e+06	3.8525e+06	3.8065e+06	3.8065e+06	
3.843e+06	3.81025e+06	3.85825e+06	3.85075e+06	3.8475e+06	
3.949e+06	3.937e+06	3.87325e+06	3.9635e+06	3.937e+06	
3.9365e+06	3.997e+06	3.993e+06	4.0025e+06	4.00125e+06	
3.932e+06	3.87725e+06	3.92625e+06	3.9245e+06	3.91e+06	
3.81425e+06	3.78575e+06	3.8255e+06	3.82875e+06	3.75175e+06	
3.6565e+06	3.59725e+06	3.71575e+06	3.61875e+06	3.68675e+06	
3.4235e+06	3.438e+06	3.45375e+06	3.43975e+06	3.433e+06	
3.20925e+06	3.21425e+06	3.186e+06	3.23625e+06	3.17525e+06	
3.12275e+06	3.153e+06	3.1235e+06	3.104e+06	3.1405e+06	
3.27925e+06	3.25275e+06	3.2345e+06	3.22625e+06	3.26475e+06	
3.654e+06	3.656e+06	3.63825e+06	3.66175e+06	3.644e+06	
4.0165e+06	4.03525e+06	3.99125e+06	4.06375e+06	4.03525e+06	
4.36925e+06	4.29375e+06	4.30125e+06	4.29e+06	4.25775e+06	
4.218e+06	4.28225e+06	4.20675e+06	4.24775e+06	4.2925e+06	
4.2545e+06	4.3005e+06	4.26225e+06	4.22425e+06	4.23325e+06	
4.3095e+06	4.37625e+06	4.35725e+06	4.39e+06	4.3145e+06	
4.34475e+06	4.29375e+06	4.28425e+06	4.3175e+06	4.32275e+06	
4.09775e+06	4.089e+06	4.15075e+06	4.08575e+06	4.14375e+06	
4.1455e+06	4.11975e+06	4.0995e+06	4.126e+06	4.102e+06	
4.2545e+06	4.3705e+06	4.29e+06	4.20425e+06	4.293e+06	
4.399e+06	4.397e+06	4.39525e+06	4.3535e+06	4.39125e+06	
4.4355e+06	4.51875e+06	4.5615e+06	4.49525e+06	4.49275e+06	
4.60425e+06	4.60125e+06	4.6295e+06	4.56725e+06	4.65025e+06	
4.81475e+06	4.792e+06	4.82375e+06	4.81425e+06	4.81225e+06	
4.896e+06	4.81425e+06	4.8645e+06	4.8735e+06	4.87225e+06	
4.8015e+06	4.85525e+06	4.84125e+06	4.8545e+06	4.86975e+06	
4.81225e+06	4.82875e+06	4.72275e+06	4.75425e+06	4.68125e+06	
4.71525e+06	4.7165e+06	4.72275e+06	4.7865e+06	4.687e+06	
4.6265e+06	4.55575e+06	4.54775e+06	4.5595e+06	4.54075e+06	
4.39e+06	4.43975e+06	4.46625e+06	4.4255e+06	4.43975e+06	
4.378e+06	4.36425e+06	4.3245e+06	4.31625e+06	4.305e+06	
4.576e+06	4.50475e+06	4.53375e+06	4.53175e+06	4.59375e+06	
4.704e+06	4.731e+06	4.7795e+06	4.69075e+06	4.72275e+06	
4.79475e+06	4.77575e+06	4.81425e+06	4.81675e+06	4.77575e+06	
4.80725e+06	4.77825e+06	4.81425e+06	4.76825e+06	4.79075e+06	
4.7095e+06	4.767e+06	4.7115e+06	4.75675e+06	4.77375e+06	
4.87275e+06	4.90625e+06	4.898e+06	4.8885e+06	4.888e+06	
5.1205e+06	4.9705e+06	5.04475e+06	5.089e+06	5.09975e+06	
5.201e+06	5.2105e+06	5.26275e+06	5.22875e+06	5.25475e+06	
5.25525e+06	5.27975e+06	5.12175e+06	5.2295e+06	5.276e+06	
5.32025e+06	5.43175e+06	5.32975e+06	5.4015e+06	5.39775e+06	
5.43425e+06	5.402e+06	5.4065e+06	5.4135e+06	5.40025e+06	
5.334e+06	5.346e+06	5.32525e+06	5.33475e+06	5.39275e+06	
5.26975e+06	5.317e+06	5.34475e+06	5.319e+06	5.2495e+06	
5.42425e+06	5.3265e+06	5.38125e+06	5.373e+06	5.3245e+06	
5.34025e+06	5.38875e+06	5.38825e+06	5.41025e+06	5.373e+06	
5.52375e+06	5.4695e+06	5.467e+06	5.44875e+06	5.45e+06	
5.4015e+06	5.467e+06	5.484e+06	5.479e+06	5.44625e+06	
5.45875e+06	5.3995e+06	5.52675e+06	5.39275e+06	5.373e+06	
5.312e+06	5.259e+06	5.3585e+06	5.2635e+06	5.25075e+06	
5.193e+06	5.05375e+06	5.13e+06	5.0605e+06	5.145e+06	
5.3215e+06	5.264e+06	5.31825e+06	5.24575e+06	5.3385e+06	
5.4745e+06	5.48475e+06	5.40075e+06	5.4475e+06	5.43475e+06	
5.52175e+06	5.42175e+06	5.47525e+06	5.52175e+06	5.56475e+06	
5.71475e+06	5.702e+06	5.6875e+06	5.73175e+06	5.65225e+06	
5.7405e+06	5.70275e+06	5.6965e+06	5.745e+06	5.699e+06	
5.73925e+06	5.71725e+06	5.69125e+06	5.6585e+06	5.70275e+06	
5.772e+06	5.753e+06	5.7135e+06	5.7505e+06	5.724e+06	
5.721e+06	5.71025e+06	5.70275e+06	5.77e+06	5.67675e+06	
5.75175e+06	5.81725e+06	5.7575e+06	5.7595e+06	5.765e+06	
5.8395e+06	5.8545e+06	5.90175e+06	5.86525e+06	5.92575e+06	
5.89425e+06	5.874e+06	5.90425e+06	5.8615e+06	5.8495e+06	
6.03025e+06	6.036e+06	5.93025e+06	5.958e+06	6.03675e+06	
6.1735e+06	6.167e+06	6.1445e+06	6.2195e+06	6.20925e+06	
6.1185e+06	6.072e+06	6.0845e+06	6.043e+06	6.0795e+06	
6.04875e+06	5.9945e+06	6.05125e+06	6.00275e+06	5.9975e+06	
6.11675e+06	6.07125e+06	6.147e+06	6.01075e+06	6.1065e+06	
5.8685e+06	5.80425e+06	5.88975e+06	5.8395e+06	5.90425e+06	
5.72025e+06	5.7425e+06	5.72225e+06	5.78025e+06	5.8255e+06	
5.6e+06	5.6045e+06	5.69375e+06	5.55975e+06	5.59425e+06	
5.658e+06	5.632e+06	5.668e+06	5.668e+06	5.64025e+06	
5.71075e+06	5.61125e+06	5.70825e+06	5.71225e+06	5.7915e+06	
5.84875e+06	5.86725e+06	5.83575e+06	5.905e+06	5.9365e+06	
5.84825e+06	5.85025e+06	5.86775e+06	5.908e+06	5.835e+06	
5.808e+06	5.8835e+06	5.91325e+06	5.8395e+06	5.87725e+06	
5.83575e+06	5.93775e+06	5.857e+06	5.789e+06	5.85825e+06	
5.99325e+06	6.014e+06	5.944e+06	5.96975e+06	5.95675e+06	
5.997e+06	5.9265e+06	5.99375e+06	6.00575e+06	6.0405e+06	
6.10975e+06	6.06825e+06	6.116e+06	6.17025e+06	6.1035e+06	
6.0505e+06	6.087e+06	6.1185e+06	6.123e+06	6.1205e+06	
6.14625e+06	6.1595e+06	6.10525e+06	6.12175e+06	6.101e+06	
6.18475e+06	6.15375e+06	6.2295e+06	6.37375e+06	6.3365e+06	
6.2005e+06	6.164e+06	6.31275e+06	6.15575e+06	6.24025e+06	
6.09325e+06	6.1445e+06	6.07125e+06	6.17025e+06	6.08775e+06	
6.1785e+06	6.1425e+06	6.03725e+06	6.04925e+06	6.121e+06	
5.9945e+06	6.041e+06	6.111e+06	6.04225e+06	6.03225e+06	
6.1015e+06	6.20875e+06	6.1735e+06	6.104e+06	6.1475e+06	
6.14625e+06	6.09775e+06	6.13175e+06	6.1565e+06	6.1205e+06	
6.08025e+06	6.1595e+06	6.12175e+06	6.1185e+06	6.169e+06	
6.17025e+06	6.1275e+06	6.28875e+06	6.164e+06	6.196e+06	
6.217e+06	6.24025e+06	6.28925e+06	6.23575e+06	6.18025e+06	
6.3915e+06	6.37325e+06	6.34925e+06	6.3915e+06	6.43625e+06	
6.3195e+06	6.27725e+06	6.447e+06	6.32325e+06	6.33275e+06	
6.37825e+06	6.2905e+06	6.428e+06	6.43425e+06	6.41025e+06	
6.45375e+06	6.585e+06	6.547e+06	6.48475e+06	6.54575e+06	
6.496e+06	6.4985e+06	6.571e+06	6.48775e+06	6.5055e+06	
6.39275e+06	6.467e+06	6.49025e+06	6.53125e+06	6.47975e+06	
6.52575e+06	6.54775e+06	6.5615e+06	6.5275e+06	6.48475e+06	
6.5615e+06	6.48225e+06	6.4815e+06	6.59675e+06	6.4665e+06	
6.31325e+06	6.41675e+06	6.394e+06	6.394e+06	6.51425e+06	
6.39575e+06	6.348e+06	6.38825e+06	6.35425e+06	6.34925e+06	
6.416e+06	6.42925e+06	6.397e+06	6.29375e+06	6.3865e+06	
6.2635e+06	6.322e+06	6.37825e+06	6.2905e+06	6.30825e+06	
6.493e+06	6.49225e+06	6.4695e+06	6.52825e+06	6.496e+06	
6.4935e+06	6.506e+06	6.36375e+06	6.5225e+06	6.5565e+06	
6.641e+06	6.646e+06	6.63975e+06	6.58625e+06	6.619e+06	
6.544e+06	6.52125e+06	6.40725e+06	6.41975e+06	6.44825e+06	
6.39575e+06	6.4185e+06	6.4115e+06	6.447e+06	6.3625e+06	
6.50175e+06	6.5665e+06	6.51375e+06	6.493e+06	6.6075e+06	
6.53575e+06	6.61775e+06	6.6095e+06	6.602e+06	6.58625e+06	
6.709e+06	6.656e+06	6.5875e+06	6.6365e+06	6.66675e+06	
6.60125e+06	6.6e+06	6.70075e+06	6.63775e+06	6.648e+06	
6.79475e+06	6.84375e+06	6.806e+06	6.7935e+06	6.80175e+06	
6.859e+06	6.82675e+06	6.828e+06	6.87225e+06	6.72675e+06	
6.86225e+06	6.8565e+06	6.79025e+06	6.86975e+06	6.8685e+06	
6.7795e+06	6.8175e+06	6.72425e+06	6.72225e+06	6.7965e+06	
6.81175e+06	6.7695e+06	6.93725e+06	6.74925e+06	6.854e+06	
6.651e+06	6.639e+06	6.624e+06	6.66925e+06	6.723e+06	
6.79025e+06	6.80475e+06	6.852e+06	6.83875e+06	6.801e+06	
6.9145e+06	6.93025e+06	6.97425e+06	6.92575e+06	6.91375e+06	
7.09225e+06	7.0505e+06	7.101e+06	7.06375e+06	7.1085e+06	
7.32275e+06	7.42225e+06	7.3525e+06	7.3555e+06	7.36875e+06	
7.3455e+06	7.2855e+06	7.3725e+06	7.33975e+06	7.3575e+06	
7.41025e+06	7.3165e+06	7.212e+06	7.3235e+06	7.2655e+06	
7.3045e+06	7.2245e+06	7.2755e+06	7.15775e+06	7.31325e+06	
7.44375e+06	7.4595e+06	7.43175e+06	7.35675e+06	7.442e+06	
7.46075e+06	7.37075e+06	7.3525e+06	7.32975e+06	7.36575e+06	
7.4985e+06	7.5195e+06	7.4935e+06	7.534e+06	7.44575e+06	
7.65625e+06	7.764e+06	7.67e+06	7.72725e+06	7.78525e+06	
7.70775e+06	7.75075e+06	7.745e+06	7.7475e+06	7.77275e+06	
7.74425e+06	7.73375e+06	7.64175e+06	7.7525e+06	7.81675e+06	
7.777e+06	7.7255e+06	7.73175e+06	7.72175e+06	7.699e+06	
7.78475e+06	7.74425e+06	7.85775e+06	7.675e+06	7.7695e+06	
7.85975e+06	7.82875e+06	7.7785e+06	7.73875e+06	7.823e+06	
7.81875e+06	7.7835e+06	7.871e+06	7.83575e+06	7.842e+06	
7.92025e+06	7.98375e+06	7.948e+06	7.92525e+06	7.9625e+06	
8.094e+06	8.1135e+06	8.1345e+06	8.16075e+06	8.18725e+06	
8.4205e+06	8.40925e+06	8.3385e+06	8.45525e+06	8.39775e+06	
8.3985e+06	8.329e+06	8.3795e+06	8.372e+06	8.29575e+06	
8.34675e+06	8.425e+06	8.38275e+06	8.41925e+06	8.41975e+06	
8.401e+06	8.428e+06	8.3695e+06	8.367e+06	8.3505e+06	
8.73375e+06	8.6845e+06	8.69975e+06	8.57675e+06	8.65925e+06	
8.63475e+06	8.692e+06	8.70225e+06	8.6485e+06	8.6145e+06	
8.71225e+06	8.74325e+06	8.73675e+06	8.77325e+06	8.75125e+06	
8.8035e+06	8.93225e+06	8.897e+06	8.9505e+06	8.9095e+06	
8.81175e+06	8.82e+06	8.912e+06	8.9625e+06	8.9505e+06	
8.8055e+06	8.8225e+06	8.90825e+06	8.8755e+06	8.80625e+06	
8.93225e+06	8.9875e+06	8.9485e+06	9.021e+06	9.0695e+06	
9.11125e+06	9.23075e+06	9.19125e+06	9.12e+06	9.2125e+06	
9.2825e+06	9.232e+06	9.2335e+06	9.19e+06	9.15775e+06	
9.30575e+06	9.36625e+06	9.40225e+06	9.30775e+06	9.40025e+06	
9.25725e+06	9.123e+06	9.132e+06	9.22775e+06	9.15275e+06	
9.33425e+06	9.333e+06	9.3135e+06	9.30825e+06	9.2215e+06	
9.36575e+06	9.27425e+06	9.28125e+06	9.33225e+06	9.20875e+06	
9.34425e+06	9.26375e+06	9.292e+06	9.3135e+06	9.307e+06	
9.11425e+06	9.176e+06	9.1875e+06	9.2435e+06	9.246e+06	
9.40475e+06	9.348e+06	9.428e+06	9.31475e+06	9.30825e+06	
9.321e+06	9.30525e+06	9.30575e+06	9.18875e+06	9.28625e+06	
9.028e+06	9.0455e+06	9.00475e+06	9.02175e+06	8.956e+06	
8.49925e+06	8.46025e+06	8.5755e+06	8.488e+06	8.47475e+06	
8.27375e+06	8.171e+06	8.26725e+06	8.217e+06	8.16275e+06	
8.08075e+06	8.22e+06	8.16975e+06	8.06875e+06	8.1565e+06	
8.48675e+06	8.442e+06	8.396e+06	8.38775e+06	8.42875e+06	
8.88925e+06	8.82375e+06	8.9045e+06	8.8735e+06	8.9e+06	
9.1685e+06	9.18925e+06	9.25925e+06	9.13125e+06	9.2265e+06	
9.5485e+06	9.537e+06	9.52775e+06	9.52375e+06	9.527e+06	
9.71675e+06	9.81125e+06	9.68025e+06	9.6385e+06	9.607e+06	
9.60575e+06	9.4395e+06	9.58175e+06	9.546e+06	9.59825e+06	
9.61775e+06	9.64925e+06	9.62025e+06	9.5485e+06	9.64875e+06	
1.00615e+07	9.9605e+06	9.95175e+06	9.885e+06	1.00248e+07	
1.01225e+07	1.01772e+07	1.01792e+07	1.01432e+07	1.02808e+07	
1.04188e+07	1.03952e+07	1.0384e+07	1.03582e+07	1.03902e+07	
1.0256e+07	1.02888e+07	1.02152e+07	1.03318e+07	1.03898e+07	
1.04295e+07	1.04428e+07	1.03778e+07	1.0527e+07	1.04338e+07	
1.0277e+07	1.02278e+07	1.027e+07	1.03032e+07	1.0236e+07	
1.01175e+07	1.00852e+07	1.0089e+07	1.00935e+07	1.01092e+07	
9.934e+06	9.994e+06	9.9795e+06	9.98325e+06	9.96125e+06	
9.94225e+06	1.00052e+07	9.9505e+06	9.9675e+06	9.936e+06	
1.0171e+07	1.00885e+07	1.01905e+07	1.02705e+07	1.02038e+07	
1.04138e+07	1.04835e+07	1.04458e+07	1.04205e+07	1.04552e+07	
1.04955e+07	1.04842e+07	1.05138e+07	1.0505e+07	1.05125e+07	
1.0454e+07	1.04992e+07	1.04375e+07	1.05202e+07	1.04942e+07	
1.05945e+07	1.0563e+07	1.06058e+07	1.04585e+07	1.05838e+07	
1.07122e+07	1.0771e+07	1.08108e+07	1.07748e+07	1.08598e+07	
1.07922e+07	1.08738e+07	1.0875e+07	1.1011e+07	1.089e+07	
1.08975e+07	1.08402e+07	1.10198e+07	1.08515e+07	1.08895e+07	
1.08668e+07	1.0854e+07	1.0783e+07	1.09095e+07	1.08415e+07	
1.07868e+07	1.07608e+07	1.09285e+07	1.0875e+07	1.09368e+07	
1.09948e+07	1.09405e+07	1.09052e+07	1.10255e+07	1.09348e+07	
1.09802e+07	1.08435e+07	1.0989e+07	1.0955e+07	1.0887e+07	
1.1023e+07	1.10105e+07	1.10022e+07	1.09468e+07	1.09215e+07	
1.10802e+07	1.10665e+07	1.10728e+07	1.10728e+07	1.10802e+07	
1.10318e+07	1.10652e+07	1.09712e+07	1.09965e+07	1.10098e+07	
1.08522e+07	1.07192e+07	1.0747e+07	1.07578e+07	1.08775e+07	
1.07098e+07	1.06745e+07	1.07002e+07	1.0687e+07	1.06355e+07	
1.07425e+07	1.07628e+07	1.0682e+07	1.06972e+07	1.0711e+07	
1.08938e+07	1.0902e+07	1.09228e+07	1.0875e+07	1.0885e+07	
1.09132e+07	1.09732e+07	1.09815e+07	1.09045e+07	1.08788e+07	
1.08568e+07	1.09058e+07	1.08378e+07	1.08825e+07	1.09902e+07	
1.07172e+07	1.07338e+07	1.07438e+07	1.07665e+07	1.0805e+07	
1.06608e+07	1.05132e+07	1.05435e+07	1.0633e+07	1.04532e+07	
1.04428e+07	1.0532e+07	1.0553e+07	1.05315e+07	1.049e+07	
1.06095e+07	1.04648e+07	1.0592e+07	1.05775e+07	1.05762e+07	
1.04275e+07	1.05505e+07	1.0515e+07	1.04495e+07	1.04728e+07	
1.05308e+07	1.05415e+07	1.0476e+07	1.04395e+07	1.04772e+07	
1.0447e+07	1.04755e+07	1.05245e+07	1.05125e+07	1.05045e+07	
1.08018e+07	1.07358e+07	1.07785e+07	1.0769e+07	1.07822e+07	
1.0992e+07	1.08502e+07	1.08055e+07	1.082e+07	1.09028e+07	
1.09302e+07	1.08882e+07	1.08655e+07	1.0786e+07	1.07578e+07	
1.0812e+07	1.07818e+07	1.0769e+07	1.07495e+07	1.08692e+07	
1.05768e+07	1.06128e+07	1.06878e+07	1.05352e+07	1.0636e+07	
1.07595e+07	1.07868e+07	1.07728e+07	1.08428e+07	1.0762e+07	
1.08762e+07	1.0984e+07	1.09895e+07	1.10682e+07	1.09435e+07	
1.10822e+07	1.1004e+07	1.0965e+07	1.10992e+07	1.10388e+07	
1.13102e+07	1.13545e+07	1.1347e+07	1.1265e+07	1.13488e+07	
1.13072e+07	1.13152e+07	1.13575e+07	1.14855e+07	1.13078e+07	
1.15108e+07	1.14212e+07	1.1452e+07	1.13898e+07	1.1464e+07	
1.12115e+07	1.11982e+07	1.11685e+07	1.1234e+07	1.12625e+07	
1.11768e+07	1.1222e+07	1.12505e+07	1.11642e+07	1.12108e+07	
1.11232e+07	1.1023e+07	1.10458e+07	1.10942e+07	1.1023e+07	
1.09152e+07	1.08435e+07	1.08762e+07	1.09575e+07	1.09065e+07	
1.08982e+07	1.0909e+07	1.09058e+07	1.0858e+07	1.09555e+07	
1.0948e+07	1.08465e+07	1.08308e+07	1.09342e+07	1.0933e+07	
1.13338e+07	1.12252e+07	1.12688e+07	1.13148e+07	1.12825e+07	
1.14042e+07	1.12708e+07	1.1345e+07	1.13318e+07	1.12945e+07	
1.12095e+07	1.1297e+07	1.1229e+07	1.12555e+07	1.12378e+07	
1.11805e+07	1.11408e+07	1.12298e+07	1.10985e+07	1.12108e+07	
1.10608e+07	1.104e+07	1.11308e+07	1.11672e+07	1.11262e+07	
1.1076e+07	1.11012e+07	1.11212e+07	1.118e+07	1.11938e+07	
1.12738e+07	1.12498e+07	1.12025e+07	1.12762e+07	1.12732e+07	
1.14245e+07	1.1481e+07	1.15e+07	1.14415e+07	1.15725e+07	
1.13595e+07	1.13852e+07	1.134e+07	1.12932e+07	1.1381e+07	
1.12732e+07	1.12958e+07	1.12932e+07	1.12132e+07	1.13035e+07	
1.13035e+07	1.13512e+07	1.1277e+07	1.13758e+07	1.1393e+07	
1.10608e+07	1.12455e+07	1.11918e+07	1.12272e+07	1.11615e+07	
1.09145e+07	1.09782e+07	1.10922e+07	1.09908e+07	1.1079e+07	
1.12095e+07	1.118e+07	1.1156e+07	1.11668e+07	1.11472e+07	
1.10595e+07	1.1018e+07	1.0946e+07	1.09902e+07	1.10205e+07	
1.08755e+07	1.08895e+07	1.08962e+07	1.08875e+07	1.08182e+07	
1.08698e+07	1.09008e+07	1.08762e+07	1.0827e+07	1.09418e+07	
1.10135e+07	1.09285e+07	1.09448e+07	1.10432e+07	1.09422e+07	
1.1035e+07	1.1178e+07	1.1151e+07	1.1079e+07	1.11125e+07	
1.1212e+07	1.11838e+07	1.11528e+07	1.11042e+07	1.118e+07	
1.08668e+07	1.10312e+07	1.09052e+07	1.1038e+07	1.1021e+07	
1.0597e+07	1.05228e+07	1.04288e+07	1.0587e+07	1.0425e+07	
1.01192e+07	1.00098e+07	1.01452e+07	1.00658e+07	1.0086e+07	
9.86425e+06	9.89625e+06	9.85275e+06	9.84725e+06	9.8585e+06	
1.00595e+07	1.00532e+07	9.9555e+06	9.9745e+06	1.00362e+07	
1.01365e+07	1.02215e+07	1.02012e+07	1.02422e+07	1.01508e+07	
1.02208e+07	1.01258e+07	1.01295e+07	1.01565e+07	1.0144e+07	
1.03915e+07	1.02448e+07	1.01942e+07	1.01672e+07	1.01735e+07	
1.04242e+07	1.0522e+07	1.04428e+07	1.04482e+07	1.04968e+07	
1.06115e+07	1.06462e+07	1.06398e+07	1.06342e+07	1.05655e+07	
1.08792e+07	1.08572e+07	1.089e+07	1.0878e+07	1.08448e+07	
1.11925e+07	1.10475e+07	1.10142e+07	1.11275e+07	1.10545e+07	
1.12158e+07	1.11692e+07	1.10052e+07	1.113e+07	1.10892e+07	
1.1217e+07	1.12825e+07	1.1253e+07	1.12542e+07	1.12132e+07	
1.13878e+07	1.12638e+07	1.13135e+07	1.11672e+07	1.1294e+07	
1.13325e+07	1.13268e+07	1.13772e+07	1.12662e+07	1.12522e+07	
1.13608e+07	1.13778e+07	1.15398e+07	1.14375e+07	1.14905e+07	
1.13532e+07	1.13072e+07	1.1345e+07	1.13545e+07	1.1502e+07	
1.12592e+07	1.14118e+07	1.13495e+07	1.14005e+07	1.1275e+07	
1.12405e+07	1.1202e+07	1.12348e+07	1.12082e+07	1.1236e+07	
1.1209e+07	1.11465e+07	1.12058e+07	1.1188e+07	1.11838e+07	
1.14055e+07	1.14685e+07	1.14205e+07	1.14552e+07	1.13152e+07	
1.1597e+07	1.15832e+07	1.16728e+07	1.16392e+07	1.17155e+07	
1.1694e+07	1.17375e+07	1.18648e+07	1.17508e+07	1.17685e+07	
1.17615e+07	1.18478e+07	1.1786e+07	1.17425e+07	1.19065e+07	
1.17685e+07	1.17685e+07	1.1827e+07	1.18472e+07	1.17308e+07	
1.1737e+07	1.18705e+07	1.1873e+07	1.17578e+07	1.18415e+07	
1.18655e+07	1.18005e+07	1.17822e+07	1.16898e+07	1.1887e+07	
1.15348e+07	1.15435e+07	1.14835e+07	1.1384e+07	1.14862e+07	
1.11862e+07	1.11328e+07	1.11672e+07	1.11515e+07	1.12372e+07	
1.0769e+07	1.08232e+07	1.07942e+07	1.08308e+07	1.08585e+07	
1.08705e+07	1.07255e+07	1.08592e+07	1.08212e+07	1.0832e+07	
1.09348e+07	1.09738e+07	1.09285e+07	1.09082e+07	1.09568e+07	
1.1248e+07	1.11892e+07	1.12542e+07	1.127e+07	1.12882e+07	
1.1471e+07	1.15598e+07	1.14955e+07	1.14635e+07	1.16235e+07	
1.174e+07	1.17582e+07	1.17528e+07	1.18162e+07	1.17445e+07	
1.19985e+07	1.18038e+07	1.1921e+07	1.1878e+07	1.19115e+07	
1.21668e+07	1.20992e+07	1.22152e+07	1.2045e+07	1.21365e+07	
1.20552e+07	1.19562e+07	1.20305e+07	1.19725e+07	1.19518e+07	
1.19915e+07	1.19222e+07	1.1996e+07	1.19538e+07	1.19202e+07	
1.20375e+07	1.20015e+07	1.2088e+07	1.20305e+07	1.19442e+07	
1.20358e+07	1.2047e+07	1.2209e+07	1.22315e+07	1.21408e+07	
1.2183e+07	1.21958e+07	1.21212e+07	1.2204e+07	1.2057e+07	
1.2161e+07	1.2248e+07	1.21088e+07	1.21895e+07	1.21762e+07	
1.20765e+07	1.21742e+07	1.21982e+07	1.22315e+07	1.21162e+07	
1.18725e+07	1.19405e+07	1.19152e+07	1.19172e+07	1.19292e+07	
1.17142e+07	1.16682e+07	1.17022e+07	1.1556e+07	1.16355e+07	
1.15232e+07	1.16255e+07	1.15125e+07	1.15522e+07	1.14578e+07	
1.15208e+07	1.1553e+07	1.15995e+07	1.14962e+07	1.16268e+07	
1.16375e+07	1.16438e+07	1.1643e+07	1.16292e+07	1.1708e+07	
1.15858e+07	1.1728e+07	1.1757e+07	1.16222e+07	1.17072e+07	
1.17212e+07	1.17345e+07	1.174e+07	1.17665e+07	1.17092e+07	
1.1798e+07	1.166e+07	1.17275e+07	1.1713e+07	1.18635e+07	
1.19505e+07	1.1928e+07	1.18252e+07	1.1912e+07	1.188e+07	
1.20822e+07	1.20628e+07	1.20015e+07	1.1958e+07	1.20948e+07	
1.21105e+07	1.20822e+07	1.20388e+07	1.20545e+07	1.2069e+07	
1.19928e+07	1.1962e+07	1.20338e+07	1.20192e+07	1.20552e+07	
1.19128e+07	1.19095e+07	1.18862e+07	1.20002e+07	1.18825e+07	
1.16172e+07	1.17772e+07	1.16935e+07	1.17005e+07	1.16992e+07	
1.16998e+07	1.16872e+07	1.17338e+07	1.17988e+07	1.15875e+07	
1.1715e+07	1.1812e+07	1.17635e+07	1.16848e+07	1.16765e+07	
1.1703e+07	1.16218e+07	1.17105e+07	1.17325e+07	1.17412e+07	
1.18038e+07	1.18415e+07	1.18345e+07	1.17482e+07	1.18768e+07	
1.18568e+07	1.18108e+07	1.17885e+07	1.18768e+07	1.20022e+07	
1.17652e+07	1.17892e+07	1.17168e+07	1.18125e+07	1.18265e+07	
1.1778e+07	1.1824e+07	1.18568e+07	1.16948e+07	1.18282e+07	
1.1636e+07	1.17212e+07	1.1684e+07	1.17275e+07	1.15718e+07	
1.14055e+07	1.14432e+07	1.14548e+07	1.1287e+07	1.14748e+07	
1.13865e+07	1.1352e+07	1.12642e+07	1.1355e+07	1.11995e+07	
1.13028e+07	1.12958e+07	1.1226e+07	1.12372e+07	1.12215e+07	
1.12902e+07	1.12315e+07	1.13235e+07	1.12965e+07	1.13015e+07	
1.13758e+07	1.13148e+07	1.13028e+07	1.13342e+07	1.13412e+07	
1.15605e+07	1.14622e+07	1.14855e+07	1.14672e+07	1.1352e+07	
1.1444e+07	1.14325e+07	1.14735e+07	1.14648e+07	1.13865e+07	
1.1534e+07	1.13658e+07	1.14792e+07	1.14508e+07	1.14482e+07	
1.15365e+07	1.13915e+07	1.15032e+07	1.13972e+07	1.13682e+07	
1.13702e+07	1.14018e+07	1.13085e+07	1.14755e+07	1.13948e+07	
1.15182e+07	1.15875e+07	1.15372e+07	1.14918e+07	1.15448e+07	
1.15605e+07	1.15348e+07	1.15845e+07	1.15928e+07	1.1517e+07	
1.16425e+07	1.1655e+07	1.16662e+07	1.16412e+07	1.17205e+07	
1.16122e+07	1.16468e+07	1.15082e+07	1.15372e+07	1.14685e+07	
1.16122e+07	1.16015e+07	1.16848e+07	1.16152e+07	1.1696e+07	
1.17188e+07	1.17242e+07	1.18088e+07	1.17835e+07	1.17508e+07	
1.1556e+07	1.15908e+07	1.16638e+07	1.1592e+07	1.16475e+07	
1.15895e+07	1.16852e+07	1.15812e+07	1.1604e+07	1.15605e+07	
1.15618e+07	1.16178e+07	1.16392e+07	1.15568e+07	1.1568e+07	
1.16045e+07	1.15625e+07	1.15522e+07	1.16815e+07	1.15932e+07	
1.15895e+07	1.1556e+07	1.1432e+07	1.15618e+07	1.16625e+07	
1.13508e+07	1.1444e+07	1.14718e+07	1.13298e+07	1.14358e+07	
1.12492e+07	1.13285e+07	1.11552e+07	1.12372e+07	1.1217e+07	
1.1311e+07	1.1398e+07	1.12385e+07	1.13198e+07	1.1396e+07	
1.14458e+07	1.13222e+07	1.1374e+07	1.13078e+07	1.13695e+07	
1.13615e+07	1.1498e+07	1.14075e+07	1.14258e+07	1.15555e+07	
1.15415e+07	1.1466e+07	1.1553e+07	1.13955e+07	1.14585e+07	
1.15518e+07	1.14225e+07	1.15158e+07	1.14232e+07	1.15215e+07	
1.1493e+07	1.14988e+07	1.1585e+07	1.12605e+07	1.14495e+07	
1.1437e+07	1.14395e+07	1.15082e+07	1.14635e+07	1.15422e+07	
1.1396e+07	1.15688e+07	1.1483e+07	1.15252e+07	1.14665e+07	
1.1447e+07	1.14572e+07	1.14842e+07	1.13942e+07	1.1316e+07	
1.15088e+07	1.13922e+07	1.13645e+07	1.1316e+07	1.14345e+07	
1.13608e+07	1.14458e+07	1.13752e+07	1.1444e+07	1.1367e+07	
1.14628e+07	1.159e+07	1.15435e+07	1.14798e+07	1.15138e+07	
1.15668e+07	1.1454e+07	1.14212e+07	1.14048e+07	1.149e+07	
1.1381e+07	1.13128e+07	1.14535e+07	1.14502e+07	1.1304e+07	
1.14622e+07	1.1459e+07	1.14312e+07	1.13608e+07	1.141e+07	
1.13828e+07	1.13715e+07	1.13438e+07	1.12808e+07	1.13798e+07	
1.142e+07	1.14912e+07	1.1435e+07	1.13785e+07	1.14005e+07	
1.1374e+07	1.1413e+07	1.15468e+07	1.14955e+07	1.14918e+07	
1.13425e+07	1.15138e+07	1.15088e+07	1.15245e+07	1.1522e+07	
1.15688e+07	1.15365e+07	1.14572e+07	1.1597e+07	1.16405e+07	
1.14648e+07	1.15485e+07	1.15295e+07	1.15788e+07	1.15422e+07	
1.16518e+07	1.15215e+07	1.14818e+07	1.15138e+07	1.16322e+07	
1.12878e+07	1.14635e+07	1.14018e+07	1.13368e+07	1.1374e+07	
1.13562e+07	1.14548e+07	1.13802e+07	1.13615e+07	1.1408e+07	
1.11818e+07	1.11648e+07	1.12108e+07	1.1064e+07	1.12642e+07	
1.11038e+07	1.10722e+07	1.10338e+07	1.1052e+07	1.1064e+07	
1.1047e+07	1.10678e+07	1.11018e+07	1.11042e+07	1.1093e+07	
1.11118e+07	1.11862e+07	1.1159e+07	1.11262e+07	1.11402e+07	
1.11238e+07	1.11288e+07	1.09882e+07	1.10268e+07	1.11548e+07	
1.11572e+07	1.10898e+07	1.1052e+07	1.1028e+07	1.1132e+07	
1.07135e+07	1.0791e+07	1.08175e+07	1.08982e+07	1.07292e+07	
1.07735e+07	1.07715e+07	1.07495e+07	1.07962e+07	1.08358e+07	
1.07268e+07	1.07728e+07	1.0793e+07	1.07172e+07	1.06902e+07	
1.08725e+07	1.0861e+07	1.08315e+07	1.0868e+07	1.0897e+07	
1.08402e+07	1.08315e+07	1.07835e+07	1.0827e+07	1.08882e+07	
1.09385e+07	1.09152e+07	1.0946e+07	1.1018e+07	1.10898e+07	
1.1011e+07	1.11125e+07	1.11365e+07	1.0929e+07	1.1166e+07	
1.10268e+07	1.12115e+07	1.13148e+07	1.12025e+07	1.11472e+07	
1.10508e+07	1.1069e+07	1.1151e+07	1.11038e+07	1.11258e+07	
1.09588e+07	1.089e+07	1.0996e+07	1.09828e+07	1.09525e+07	
1.10822e+07	1.11112e+07	1.10205e+07	1.10628e+07	1.11088e+07	
1.09512e+07	1.0989e+07	1.10388e+07	1.10338e+07	1.09605e+07	
1.1062e+07	1.10525e+07	1.10312e+07	1.1062e+07	1.10898e+07	
1.11208e+07	1.10722e+07	1.11092e+07	1.1011e+07	1.11445e+07	
1.11062e+07	1.10998e+07	1.10645e+07	1.12795e+07	1.11432e+07	
1.10392e+07	1.0885e+07	1.10765e+07	1.0953e+07	1.09882e+07	
1.11668e+07	1.10935e+07	1.10608e+07	1.1038e+07	1.10218e+07	
1.10972e+07	1.10828e+07	1.11075e+07	1.11428e+07	1.10015e+07	
1.10135e+07	1.0955e+07	1.10205e+07	1.08982e+07	1.10168e+07	
1.08258e+07	1.08415e+07	1.0912e+07	1.08485e+07	1.10072e+07	
1.0941e+07	1.08818e+07	1.08982e+07	1.0868e+07	1.09058e+07	
1.06985e+07	1.0745e+07	1.07212e+07	1.07072e+07	1.08112e+07	
1.07722e+07	1.0812e+07	1.08515e+07	1.08112e+07	1.07872e+07	
1.08982e+07	1.0919e+07	1.08422e+07	1.08668e+07	1.09675e+07	
1.09985e+07	1.09392e+07	1.08988e+07	1.09355e+07	1.10048e+07	
1.10218e+07	1.1001e+07	1.10155e+07	1.09588e+07	1.10508e+07	
1.09828e+07	1.10702e+07	1.09902e+07	1.0977e+07	1.09418e+07	
1.08882e+07	1.09198e+07	1.0861e+07	1.0837e+07	1.0887e+07	
1.07822e+07	1.06922e+07	1.0737e+07	1.06795e+07	1.06808e+07	
1.0757e+07	1.0711e+07	1.08498e+07	1.08125e+07	1.08295e+07	
1.08592e+07	1.08352e+07	1.0798e+07	1.08552e+07	1.08358e+07	
1.07238e+07	1.06202e+07	1.07652e+07	1.07188e+07	1.07992e+07	
1.0815e+07	1.0827e+07	1.0595e+07	1.06425e+07	1.08208e+07	
1.06525e+07	1.07818e+07	1.07255e+07	1.06695e+07	1.06198e+07	
1.05478e+07	1.04585e+07	1.05302e+07	1.05112e+07	1.05668e+07	
1.05662e+07	1.03928e+07	1.04552e+07	1.03878e+07	1.0488e+07	
1.034e+07	1.05125e+07	1.0512e+07	1.0413e+07	1.05062e+07	
1.06662e+07	1.06172e+07	1.0684e+07	1.0691e+07	1.05598e+07	
1.0643e+07	1.06398e+07	1.05912e+07	1.0619e+07	1.0633e+07	
1.07558e+07	1.0793e+07	1.08302e+07	1.08485e+07	1.0783e+07	
1.08295e+07	1.07375e+07	1.07702e+07	1.06832e+07	1.0706e+07	
1.10362e+07	1.09158e+07	1.082e+07	1.08975e+07	1.09215e+07	
1.0858e+07	1.08572e+07	1.07495e+07	1.07872e+07	1.09108e+07	
1.08705e+07	1.0875e+07	1.074e+07	1.0735e+07	1.07582e+07	
1.08055e+07	1.08988e+07	1.07268e+07	1.07868e+07	1.0856e+07	
1.06688e+07	1.07968e+07	1.06608e+07	1.07055e+07	1.07508e+07	
1.06462e+07	1.06185e+07	1.0834e+07	1.07358e+07	1.06405e+07	
1.05352e+07	1.0432e+07	1.06008e+07	1.06172e+07	1.05518e+07	
1.06425e+07	1.04598e+07	1.06568e+07	1.05095e+07	1.05622e+07	
1.05725e+07	1.0517e+07	1.06185e+07	1.04622e+07	1.057e+07	
1.05478e+07	1.0471e+07	1.05945e+07	1.04652e+07	1.05208e+07	
1.05895e+07	1.05742e+07	1.04225e+07	1.05712e+07	1.04685e+07	
1.05215e+07	1.05568e+07	1.05908e+07	1.0595e+07	1.058e+07	
1.04768e+07	1.04888e+07	1.0478e+07	1.0539e+07	1.05228e+07	
1.0558e+07	1.04495e+07	1.05328e+07	1.05315e+07	1.05215e+07	
1.03588e+07	1.03558e+07	1.04162e+07	1.03745e+07	1.03582e+07	
1.0411e+07	1.03695e+07	1.03545e+07	1.0352e+07	1.03418e+07	
1.03015e+07	1.03015e+07	1.03172e+07	1.0263e+07	1.02655e+07	
1.04722e+07	1.0396e+07	1.01805e+07	1.02522e+07	1.0248e+07	
1.05202e+07	1.0369e+07	1.04598e+07	1.04602e+07	1.04072e+07	
1.03702e+07	1.04142e+07	1.04092e+07	1.03985e+07	1.04155e+07	
1.03362e+07	1.03972e+07	1.05145e+07	1.02978e+07	1.0444e+07	
1.0464e+07	1.0391e+07	1.04375e+07	1.03915e+07	1.0263e+07	
1.04042e+07	1.03728e+07	1.04528e+07	1.0355e+07	1.04888e+07	
1.03575e+07	1.03348e+07	1.03412e+07	1.04125e+07	1.03848e+07	
1.04968e+07	1.0524e+07	1.04848e+07	1.04938e+07	1.03745e+07	
1.05215e+07	1.03948e+07	1.03992e+07	1.04748e+07	1.0374e+07	
1.04142e+07	1.03992e+07	1.04162e+07	1.0476e+07	1.0486e+07	
1.05605e+07	1.04665e+07	1.057e+07	1.06252e+07	1.05788e+07	
1.03948e+07	1.04022e+07	1.04772e+07	1.04275e+07	1.03355e+07	
1.0466e+07	1.03658e+07	1.03575e+07	1.0415e+07	1.04652e+07	
1.03985e+07	1.0348e+07	1.03525e+07	1.03348e+07	1.04268e+07	
1.0495e+07	1.04308e+07	1.04835e+07	1.0507e+07	1.03658e+07	
1.04495e+07	1.03625e+07	1.02832e+07	1.035e+07	1.03342e+07	
1.03368e+07	1.03342e+07	1.0273e+07	1.02952e+07	1.0389e+07	
1.03052e+07	1.02125e+07	1.01818e+07	1.0149e+07	1.03015e+07	
1.01282e+07	1.0055e+07	1.0057e+07	9.98775e+06	1.01092e+07	
1.0113e+07	9.95625e+06	1.01162e+07	1.003e+07	9.93025e+06	
1.00135e+07	9.94475e+06	9.9405e+06	1.00028e+07	1.00392e+07	
9.936e+06	1.00218e+07	1.00222e+07	1.00575e+07	9.9745e+06	
1.00388e+07	1.00388e+07	9.94175e+06	9.93925e+06	9.99275e+06	
1.00155e+07	9.96375e+06	1.00695e+07	1.00388e+07	1.0132e+07	
1.00078e+07	9.97625e+06	1.00425e+07	9.965e+06	9.9745e+06	
9.89e+06	9.934e+06	9.89125e+06	9.90775e+06	9.87925e+06	
9.76825e+06	9.8315e+06	9.7395e+06	9.78725e+06	9.767e+06	
9.51075e+06	9.45525e+06	9.47975e+06	9.4495e+06	9.43625e+06	
9.22325e+06	9.2215e+06	9.1585e+06	9.1125e+06	9.08975e+06	
8.9775e+06	8.9455e+06	8.9025e+06	9.02675e+06	8.92025e+06	
8.78225e+06	8.78525e+06	8.827e+06	8.78975e+06	8.78975e+06	
8.9335e+06	8.91825e+06	8.871e+06	8.8635e+06	8.90125e+06	
9.06775e+06	9.0865e+06	8.9165e+06	9.0335e+06	8.922e+06	
9.098e+06	9.13375e+06	9.11375e+06	9.05875e+06	9.1255e+06	
9.188e+06	9.098e+06	9.0715e+06	9.13575e+06	9.1735e+06	
9.26675e+06	9.265e+06	9.278e+06	9.321e+06	9.1925e+06	
9.23525e+06	9.1835e+06	9.33675e+06	9.22075e+06	9.13625e+06	
9.27375e+06	9.2505e+06	9.39975e+06	9.181e+06	9.328e+06	
9.28125e+06	9.33925e+06	9.3065e+06	9.30825e+06	9.3455e+06	
9.25175e+06	9.16025e+06	9.268e+06	9.144e+06	9.183e+06	
9.29375e+06	9.29e+06	9.24025e+06	9.29825e+06	9.30575e+06	
9.39525e+06	9.29775e+06	9.2315e+06	9.3285e+06	9.3305e+06	
9.19625e+06	9.186e+06	9.32975e+06	9.19425e+06	9.396e+06	
9.1835e+06	9.19875e+06	9.39775e+06	9.215e+06	9.173e+06	
9.22075e+06	9.1395e+06	9.1295e+06	9.1665e+06	9.14325e+06	
9.21625e+06	9.09725e+06	9.1925e+06	9.25175e+06	9.137e+06	
8.9965e+06	9.07575e+06	9.01275e+06	9.03625e+06	9.07075e+06	
9.06575e+06	9.08725e+06	9.13125e+06	9.062e+06	9.07825e+06	
9.1515e+06	9.198e+06	9.13125e+06	9.263e+06	9.1545e+06	
9.22275e+06	9.12825e+06	9.1735e+06	9.183e+06	9.188e+06	
9.21325e+06	9.17725e+06	9.2175e+06	9.15525e+06	9.0865e+06	
9.26675e+06	9.21575e+06	9.164e+06	9.1635e+06	9.1615e+06	
9.144e+06	9.17225e+06	9.25475e+06	9.181e+06	9.261e+06	
9.086e+06	9.12425e+06	9.1465e+06	9.0815e+06	9.11675e+06	
9.13575e+06	9.07825e+06	9.04675e+06	9.0525e+06	9.011e+06	
9.17225e+06	9.14825e+06	9.06375e+06	9.15575e+06	9.079e+06	
9.0255e+06	8.9655e+06	9.02175e+06	8.95475e+06	9.00775e+06	
9.05325e+06	9.09925e+06	8.97875e+06	9.106e+06	9.089e+06	
9.1325e+06	9.02475e+06	9.0595e+06	9.07275e+06	9.08025e+06	
9.0985e+06	9.03175e+06	9.13575e+06	8.94225e+06	9.103e+06	
9.074e+06	8.956e+06	9.07025e+06	9.0935e+06	9.06375e+06	
9.03675e+06	8.99325e+06	8.9895e+06	9.01925e+06	9.08225e+06	
9.13625e+06	9.094e+06	9.07025e+06	8.98125e+06	9.05125e+06	
8.9075e+06	8.893e+06	8.9025e+06	8.88175e+06	8.92975e+06	
8.9775e+06	8.93525e+06	8.8905e+06	8.985e+06	8.873e+06	
8.963e+06	8.95175e+06	8.893e+06	8.87675e+06	8.84825e+06	
8.837e+06	8.827e+06	8.81e+06	8.92525e+06	8.90875e+06	
8.922e+06	8.91775e+06	8.84775e+06	8.90375e+06	8.93025e+06	
8.85475e+06	8.997e+06	8.89625e+06	8.89175e+06	8.90825e+06	
8.89825e+06	8.89125e+06	8.968e+06	9.12e+06	8.95925e+06	
9.07775e+06	8.9875e+06	8.99575e+06	9.0595e+06	9.091e+06	
9.0625e+06	8.94425e+06	9.02475e+06	9.055e+06	9.014e+06	
9.062e+06	9.1005e+06	9.05375e+06	9.144e+06	9.00075e+06	
9.1635e+06	9.086e+06	8.9575e+06	9.08225e+06	9.0765e+06	
9.10425e+06	9.0795e+06	9.02475e+06	9.094e+06	9.05075e+06	
9.10475e+06	9.05825e+06	9.0135e+06	8.96175e+06	9.048e+06	
8.975e+06	8.92575e+06	9.10475e+06	9.023e+06	9.079e+06	
8.9705e+06	8.96875e+06	9.00075e+06	9.01025e+06	9.02225e+06	
8.9725e+06	9.00525e+06	8.97125e+06	8.86225e+06	8.97825e+06	
8.96425e+06	8.97825e+06	9.023e+06	8.88125e+06	8.9725e+06	
9.06525e+06	9.01775e+06	8.982e+06	8.95475e+06	8.84775e+06	
9.0355e+06	8.9315e+06	8.91525e+06	8.89425e+06	8.94925e+06	
8.9455e+06	8.919e+06	8.93775e+06	8.859e+06	8.94475e+06	
8.76075e+06	8.931e+06	8.85475e+06	8.85975e+06	8.87725e+06	
8.801e+06	8.851e+06	8.8615e+06	8.8275e+06	8.8125e+06	
8.87175e+06	8.81875e+06	8.84275e+06	8.82375e+06	8.8345e+06	
8.78475e+06	8.781e+06	8.779e+06	8.84775e+06	8.88175e+06	
8.74375e+06	8.72425e+06	8.759e+06	8.757e+06	8.78225e+06	
8.74825e+06	8.71975e+06	8.667e+06	8.72875e+06	8.71225e+06	
8.70025e+06	8.68275e+06	8.76075e+06	8.74e+06	8.735e+06	
8.71025e+06	8.7985e+06	8.81675e+06	8.81125e+06	8.74375e+06	
8.59625e+06	8.61825e+06	8.624e+06	8.70975e+06	8.63725e+06	
8.71225e+06	8.67575e+06	8.74e+06	8.6985e+06	8.80675e+06	
8.67625e+06	8.6775e+06	8.7255e+06	8.7425e+06	8.77075e+06	
8.69775e+06	8.69275e+06	8.64725e+06	8.5655e+06	8.684e+06	
8.56675e+06	8.63475e+06	8.663e+06	8.64725e+06	8.61025e+06	
8.71425e+06	8.61025e+06	8.69025e+06	8.66625e+06	8.72925e+06	
8.63975e+06	8.629e+06	8.6095e+06	8.58125e+06	8.6025e+06	
8.64925e+06	8.5655e+06	8.6915e+06	8.55025e+06	8.57175e+06	
8.57675e+06	8.665e+06	8.5025e+06	8.60775e+06	8.52575e+06	
8.54275e+06	8.51625e+06	8.53825e+06	8.48975e+06	8.4715e+06	
8.488e+06	8.493e+06	8.525e+06	8.4955e+06	8.532e+06	
8.47725e+06	8.5225e+06	8.5175e+06	8.50875e+06	8.55225e+06	
8.486e+06	8.47275e+06	8.5685e+06	8.4815e+06	8.54275e+06	
8.5125e+06	8.5025e+06	8.537e+06	8.43e+06	8.46325e+06	
8.45e+06	8.42425e+06	8.37125e+06	8.48925e+06	8.35675e+06	
8.27175e+06	8.3575e+06	8.3305e+06	8.42675e+06	8.2825e+06	
8.2245e+06	8.261e+06	8.23075e+06	8.307e+06	8.17925e+06	
8.2555e+06	8.23025e+06	8.176e+06	8.241e+06	8.30525e+06	
8.26475e+06	8.3355e+06	8.3455e+06	8.292e+06	8.249e+06	
8.2415e+06	8.22575e+06	8.2725e+06	8.30025e+06	8.28825e+06	
8.36875e+06	8.35e+06	8.3355e+06	8.3355e+06	8.33675e+06	
8.24475e+06	8.41675e+06	8.38275e+06	8.37125e+06	8.382e+06	
8.35925e+06	8.30275e+06	8.32475e+06	8.437e+06	8.377e+06	
8.3165e+06	8.2925e+06	8.41975e+06	8.31075e+06	8.3915e+06	
8.42425e+06	8.375e+06	8.2875e+06	8.28625e+06	8.3355e+06	
8.3215e+06	8.389e+06	8.26875e+06	8.32275e+06	8.3385e+06	
8.3745e+06	8.44125e+06	8.42675e+06	8.4665e+06	8.418e+06	
8.4835e+06	8.416e+06	8.471e+06	8.4185e+06	8.37125e+06	
8.39275e+06	8.3645e+06	8.37e+06	8.42375e+06	8.28125e+06	
8.45775e+06	8.36125e+06	8.40475e+06	8.40925e+06	8.411e+06	
8.34625e+06	8.411e+06	8.47725e+06	8.4855e+06	8.48425e+06	
8.2175e+06	8.203e+06	8.29125e+06	8.24225e+06	8.32475e+06	
8.297e+06	8.37575e+06	8.3525e+06	8.25475e+06	8.26725e+06	
8.23775e+06	8.2e+06	8.2415e+06	8.25225e+06	8.30575e+06	
8.2655e+06	8.3165e+06	8.1885e+06	8.22075e+06	8.314e+06	
8.12875e+06	8.18425e+06	8.13e+06	8.08775e+06	8.20425e+06	
8.12875e+06	8.1785e+06	8.08775e+06	8.05575e+06	8.10675e+06	
8.2265e+06	8.09475e+06	8.1925e+06	8.193e+06	8.21825e+06	
8.0165e+06	8.101e+06	8.0965e+06	8.08475e+06	8.07325e+06	
7.902e+06	7.987e+06	8.011e+06	7.98825e+06	8.0335e+06	
8.00275e+06	7.93725e+06	7.95425e+06	7.973e+06	7.9675e+06	
7.88425e+06	7.8835e+06	7.81425e+06	7.95225e+06	7.9485e+06	
7.9315e+06	7.93275e+06	7.864e+06	7.91e+06	7.789e+06	
7.88625e+06	7.777e+06	7.9295e+06	7.8395e+06	7.91075e+06	
7.709e+06	7.79425e+06	7.8415e+06	7.8375e+06	7.9195e+06	
7.849e+06	7.806e+06	7.948e+06	7.77975e+06	7.88175e+06	
7.815e+06	7.81425e+06	7.77575e+06	7.89425e+06	7.82175e+06	
7.881e+06	7.8275e+06	7.86775e+06	7.8275e+06	7.89175e+06	
7.78775e+06	7.7425e+06	7.71025e+06	7.72175e+06	7.74875e+06	
7.711e+06	7.7405e+06	7.68775e+06	7.63275e+06	7.7745e+06	
7.6535e+06	7.597e+06	7.6385e+06	7.65175e+06	7.65225e+06	
7.58875e+06	7.59575e+06	7.6045e+06	7.55275e+06	7.6245e+06	
7.56475e+06	7.6265e+06	7.5395e+06	7.51425e+06	7.525e+06	
7.6555e+06	7.571e+06	7.61325e+06	7.6315e+06	7.61325e+06	
7.578e+06	7.631e+06	7.568e+06	7.5655e+06	7.58875e+06	
7.54325e+06	7.4595e+06	7.532e+06	7.51425e+06	7.5855e+06	
7.493e+06	7.40475e+06	7.52e+06	7.51675e+06	7.60825e+06	
7.4885e+06	7.51825e+06	7.47475e+06	7.56925e+06	7.48025e+06	
7.52e+06	7.51675e+06	7.508e+06	7.52575e+06	7.53325e+06	
7.396e+06	7.41475e+06	7.406e+06	7.4905e+06	7.47025e+06	
7.38575e+06	7.3845e+06	7.46575e+06	7.505e+06	7.40725e+06	
7.4275e+06	7.372e+06	7.3455e+06	7.30575e+06	7.3845e+06	
7.481e+06	7.36575e+06	7.42875e+06	7.355e+06	7.37575e+06	
7.358e+06	7.27925e+06	7.382e+06	7.42875e+06	7.32275e+06	
7.38775e+06	7.31775e+06	7.35375e+06	7.36425e+06	7.445e+06	
7.4355e+06	7.469e+06	7.33725e+06	7.40225e+06	7.33025e+06	
7.32775e+06	7.31775e+06	7.2705e+06	7.28e+06	7.32025e+06	
7.40025e+06	7.283e+06	7.31825e+06	7.40025e+06	7.283e+06	
7.384e+06	7.3525e+06	7.329e+06	7.30825e+06	7.3575e+06	
7.30825e+06	7.25925e+06	7.3355e+06	7.27375e+06	7.334e+06	
7.239e+06	7.3625e+06	7.3385e+06	7.3115e+06	7.30825e+06	
7.32975e+06	7.3915e+06	7.2635e+06	7.3815e+06	7.31975e+06	
7.17475e+06	7.25975e+06	7.2005e+06	7.268e+06	7.22575e+06	
7.27625e+06	7.288e+06	7.29625e+06	7.2585e+06	7.19475e+06	
7.24075e+06	7.20625e+06	7.16725e+06	7.1475e+06	7.22075e+06	
7.239e+06	7.21625e+06	7.203e+06	7.21575e+06	7.24975e+06	
7.30825e+06	7.17025e+06	7.2925e+06	7.2055e+06	7.2465e+06	
7.169e+06	7.1975e+06	7.188e+06	7.198e+06	7.1855e+06	
7.3e+06	7.24075e+06	7.27875e+06	7.26225e+06	7.1905e+06	
7.2195e+06	7.1395e+06	7.23075e+06	7.237e+06	7.193e+06	
7.1645e+06	7.118e+06	7.14625e+06	7.18925e+06	7.2e+06	
7.12625e+06	7.198e+06	7.239e+06	7.14625e+06	7.225e+06	
7.21e+06	7.22075e+06	7.1135e+06	7.14125e+06	7.2635e+06	
7.01075e+06	7.0405e+06	6.99775e+06	7.099e+06	7.04425e+06	
7.036e+06	7.07325e+06	7.1325e+06	7.0575e+06	7.0405e+06	
6.98875e+06	6.97675e+06	7.07775e+06	7.03225e+06	7.01275e+06	
6.9995e+06	6.9725e+06	6.9315e+06	6.9e+06	6.98125e+06	
6.87275e+06	7.0115e+06	6.86725e+06	6.9315e+06	6.98875e+06	
6.93575e+06	6.92525e+06	6.9125e+06	6.9435e+06	6.84775e+06	
6.8755e+06	6.90125e+06	6.878e+06	6.83575e+06	6.9705e+06	
6.7985e+06	6.81175e+06	6.83325e+06	6.81425e+06	6.81425e+06	
6.72225e+06	6.81425e+06	6.7475e+06	6.8085e+06	6.806e+06	
6.80225e+06	6.786e+06	6.80975e+06	6.83575e+06	6.79975e+06	
6.82375e+06	6.811e+06	6.78975e+06	6.719e+06	6.78725e+06	
6.84525e+06	6.86225e+06	6.82375e+06	6.81425e+06	6.78975e+06	
6.8255e+06	6.748e+06	6.794e+06	6.7115e+06	6.80225e+06	
6.7575e+06	6.7835e+06	6.7715e+06	6.731e+06	6.77025e+06	
6.69275e+06	6.74125e+06	6.8375e+06	6.69825e+06	6.78075e+06	
6.726e+06	6.721e+06	6.70525e+06	6.777e+06	6.6725e+06	
6.602e+06	6.69e+06	6.64025e+06	6.67875e+06	6.68625e+06	
6.68325e+06	6.629e+06	6.54025e+06	6.57925e+06	6.67e+06	
6.59375e+06	6.537e+06	6.6195e+06	6.602e+06	6.639e+06	
6.566e+06	6.47575e+06	6.52625e+06	6.59425e+06	6.49925e+06	
6.49975e+06	6.578e+06	6.5205e+06	6.52e+06	6.5445e+06	
6.4425e+06	6.4035e+06	6.506e+06	6.41925e+06	6.4595e+06	
6.49225e+06	6.43125e+06	6.4065e+06	6.41725e+06	6.51675e+06	
6.329e+06	6.3775e+06	6.3795e+06	6.37075e+06	6.3795e+06	
6.38825e+06	6.35425e+06	6.33775e+06	6.3555e+06	6.34225e+06	
6.34225e+06	6.23775e+06	6.19925e+06	6.31825e+06	6.24775e+06	
6.39825e+06	6.26425e+06	6.25225e+06	6.288e+06	6.28175e+06	
6.225e+06	6.254e+06	6.201e+06	6.24075e+06	6.1735e+06	
6.23325e+06	6.19675e+06	6.2005e+06	6.181e+06	6.1135e+06	
6.15825e+06	6.14375e+06	6.10525e+06	6.10775e+06	6.1715e+06	
6.077e+06	6.0915e+06	6.09775e+06	6.133e+06	6.123e+06	
6.05375e+06	6.01025e+06	6.104e+06	5.9855e+06	6.07075e+06	
6.1445e+06	6.11225e+06	6.135e+06	6.14375e+06	6.0985e+06	
6.10225e+06	6.152e+06	6.048e+06	6.22575e+06	6.14825e+06	
6.11225e+06	6.25025e+06	6.2245e+06	6.193e+06	6.2275e+06	
6.20425e+06	6.05375e+06	6.2295e+06	6.08325e+06	6.1525e+06	
6.07e+06	6.147e+06	6.08525e+06	6.12925e+06	6.16325e+06	
6.0675e+06	6.145e+06	6.09475e+06	6.094e+06	6.08275e+06	
6.101e+06	6.07375e+06	6.099e+06	6.03025e+06	6.0895e+06	
6.193e+06	6.14325e+06	6.0965e+06	6.1425e+06	6.147e+06	
6.0675e+06	6.13925e+06	6.07625e+06	6.10025e+06	6.1085e+06	
6.058e+06	6.12175e+06	6.17025e+06	6.09275e+06	6.06825e+06	
6.14375e+06	6.11475e+06	6.03925e+06	6.04725e+06	6.087e+06	
6.0335e+06	6.0185e+06	6.07125e+06	6.012e+06	6.0845e+06	
5.9535e+06	6.03925e+06	5.992e+06	6.033e+06	5.9705e+06	
5.99125e+06	5.96925e+06	5.968e+06	5.95725e+06	6.0775e+06	
5.823e+06	5.8735e+06	5.961e+06	5.879e+06	5.90625e+06	
5.77275e+06	5.7505e+06	5.83375e+06	5.8225e+06	5.76325e+06	
5.60375e+06	5.64775e+06	5.581e+06	5.65475e+06	5.66475e+06	
5.4205e+06	5.34475e+06	5.37125e+06	5.42475e+06	5.4235e+06	
5.28675e+06	5.23375e+06	5.2785e+06	5.29625e+06	5.239e+06	
5.24025e+06	5.24275e+06	5.19725e+06	5.2785e+06	5.31325e+06	
5.293e+06	5.387e+06	5.33525e+06	5.307e+06	5.39825e+06	
5.4595e+06	5.4085e+06	5.4595e+06	5.47525e+06	5.39575e+06	
5.47775e+06	5.55075e+06	5.47575e+06	5.646e+06	5.537e+06	
5.64275e+06	5.63275e+06	5.7115e+06	5.6245e+06	5.6755e+06	
5.74675e+06	5.66475e+06	5.64225e+06	5.762e+06	5.632e+06	
5.71025e+06	5.85275e+06	5.813e+06	5.70575e+06	5.77525e+06	
5.7935e+06	5.75625e+06	5.80475e+06	5.7695e+06	5.80925e+06	
5.82875e+06	5.7645e+06	5.71225e+06	5.86525e+06	5.7095e+06	
5.8015e+06	5.81925e+06	5.854e+06	5.81675e+06	5.774e+06	
5.869e+06	5.77e+06	5.73975e+06	5.79225e+06	5.8885e+06	
5.9175e+06	5.85525e+06	5.87525e+06	5.79025e+06	5.8225e+06	
5.75625e+06	5.81925e+06	5.74425e+06	5.893e+06	5.823e+06	
5.78775e+06	5.9145e+06	5.81225e+06	5.801e+06	5.888e+06	
5.8885e+06	5.8015e+06	5.81925e+06	5.82175e+06	5.823e+06	
5.8785e+06	5.898e+06	5.83875e+06	5.8225e+06	5.83375e+06	
5.808e+06	5.879e+06	5.8325e+06	5.87275e+06	5.8765e+06	
5.86325e+06	5.90875e+06	5.80975e+06	5.81475e+06	5.8715e+06	
5.77575e+06	5.78025e+06	5.82e+06	5.828e+06	5.84375e+06	
5.83875e+06	5.77525e+06	5.77775e+06	5.852e+06	5.81725e+06	
5.86525e+06	5.80725e+06	5.83175e+06	5.80475e+06	5.808e+06	
5.767e+06	5.731e+06	5.777e+06	5.78575e+06	5.7235e+06	
5.77575e+06	5.73675e+06	5.7405e+06	5.73675e+06	5.7475e+06	
5.755e+06	5.74175e+06	5.724e+06	5.7015e+06	5.71075e+06	
5.72475e+06	5.7555e+06	5.72025e+06	5.68575e+06	5.72525e+06	
5.7355e+06	5.77075e+06	5.765e+06	5.68e+06	5.699e+06	
5.69125e+06	5.73975e+06	5.7115e+06	5.68825e+06	5.6705e+06	
5.69325e+06	5.78075e+06	5.72725e+06	5.77325e+06	5.733e+06	
5.80725e+06	5.71025e+06	5.69125e+06	5.75175e+06	5.6845e+06	
5.72525e+06	5.68575e+06	5.71075e+06	5.79525e+06	5.6705e+06	
5.649e+06	5.71975e+06	5.636e+06	5.57475e+06	5.66625e+06	
5.63975e+06	5.724e+06	5.67125e+06	5.7385e+06	5.71725e+06	
5.5975e+06	5.66425e+06	5.695e+06	5.6555e+06	5.73225e+06	
5.6725e+06	5.68825e+06	5.58925e+06	5.6195e+06	5.63725e+06	
5.62775e+06	5.64525e+06	5.59375e+06	5.66625e+06	5.66175e+06	
5.61825e+06	5.5805e+06	5.69e+06	5.72225e+06	5.64225e+06	
5.5835e+06	5.6965e+06	5.68375e+06	5.65425e+06	5.70275e+06	
5.59625e+06	5.61075e+06	5.66675e+06	5.64025e+06	5.593e+06	
5.63275e+06	5.63525e+06	5.61e+06	5.59375e+06	5.59375e+06	
5.55975e+06	5.5255e+06	5.646e+06	5.61075e+06	5.588e+06	
5.55525e+06	5.6245e+06	5.61875e+06	5.6045e+06	5.5545e+06	
5.6005e+06	5.57025e+06	5.569e+06	5.5275e+06	5.53825e+06	
5.4985e+06	5.58425e+06	5.603e+06	5.49925e+06	5.54e+06	
5.523e+06	5.44e+06	5.4335e+06	5.462e+06	5.501e+06	
5.4715e+06	5.4985e+06	5.5125e+06	5.5175e+06	5.52875e+06	
5.51875e+06	5.4915e+06	5.48975e+06	5.489e+06	5.4475e+06	
5.438e+06	5.40525e+06	5.42975e+06	5.4255e+06	5.39775e+06	
5.4285e+06	5.4475e+06	5.3965e+06	5.3795e+06	5.46575e+06	
5.5035e+06	5.4885e+06	5.45625e+06	5.44925e+06	5.494e+06	
5.4475e+06	5.46125e+06	5.48225e+06	5.4205e+06	5.4815e+06	
5.445e+06	5.43625e+06	5.5565e+06	5.503e+06	5.549e+06	
5.46e+06	5.48775e+06	5.37875e+06	5.397e+06	5.4815e+06	
5.4045e+06	5.4695e+06	5.428e+06	5.52875e+06	5.47775e+06	
5.3945e+06	5.37175e+06	5.348e+06	5.37625e+06	5.421e+06	
5.32975e+06	5.40725e+06	5.41275e+06	5.43225e+06	5.41975e+06	
5.346e+06	5.334e+06	5.41225e+06	5.3875e+06	5.3745e+06	
5.40775e+06	5.3965e+06	5.4355e+06	5.36625e+06	5.3555e+06	
5.42925e+06	5.36e+06	5.45875e+06	5.36175e+06	5.38625e+06	
5.3535e+06	5.32575e+06	5.35675e+06	5.2905e+06	5.39825e+06	
5.319e+06	5.32575e+06	5.373e+06	5.356e+06	5.3195e+06	
5.37125e+06	5.331e+06	5.34225e+06	5.28225e+06	5.31075e+06	
5.329e+06	5.3095e+06	5.38325e+06	5.3875e+06	5.3215e+06	
5.32975e+06	5.35175e+06	5.3505e+06	5.29175e+06	5.29825e+06	
5.36125e+06	5.394e+06	5.28425e+06	5.37e+06	5.34275e+06	
5.28175e+06	5.273e+06	5.348e+06	5.268e+06	5.3075e+06	
5.365e+06	5.2955e+06	5.2155e+06	5.3265e+06	5.23625e+06	
5.2855e+06	5.24325e+06	5.28625e+06	5.27225e+06	5.30575e+06	
5.3075e+06	5.28925e+06	5.21425e+06	5.242e+06	5.28425e+06	
5.2755e+06	5.273e+06	5.2535e+06	5.271e+06	5.295e+06	
5.3075e+06	5.19725e+06	5.20925e+06	5.249e+06	5.295e+06	
5.3e+06	5.21875e+06	5.25775e+06	5.24525e+06	5.24825e+06	
5.1495e+06	5.118e+06	5.16325e+06	5.1615e+06	5.23375e+06	
5.2055e+06	5.2735e+06	5.213e+06	5.164e+06	5.21175e+06	
5.172e+06	5.14425e+06	5.2225e+06	5.16325e+06	5.15875e+06	
5.1615e+06	5.2275e+06	5.1575e+06	5.19425e+06	5.17775e+06	
5.1035e+06	5.2055e+06	5.16325e+06	5.09775e+06	5.2515e+06	
5.0965e+06	5.1285e+06	5.1575e+06	5.15875e+06	5.0945e+06	
5.055e+06	5.128e+06	5.01075e+06	5.13125e+06	5.13375e+06	
5.13425e+06	5.1405e+06	5.065e+06	5.126e+06	5.1135e+06	
4.99125e+06	5.08125e+06	5.09775e+06	5.08325e+06	5.04975e+06	
5.0505e+06	4.992e+06	5.106e+06	5.05925e+06	5.04925e+06	
5.0865e+06	5.03525e+06	5.002e+06	5.0655e+06	4.97175e+06	
5.02525e+06	4.971e+06	4.992e+06	4.92575e+06	4.9875e+06	
4.96175e+06	4.85e+06	4.91575e+06	4.913e+06	4.9735e+06	
4.983e+06	5.007e+06	5.0025e+06	4.956e+06	4.98875e+06	
4.9195e+06	5.02275e+06	4.9975e+06	4.8985e+06	4.88725e+06	
4.94025e+06	4.87525e+06	4.85125e+06	4.92325e+06	4.92325e+06	
4.8135e+06	4.876e+06	4.84e+06	4.799e+06	4.792e+06	
4.685e+06	4.61625e+06	4.69325e+06	4.5835e+06	4.68825e+06	
4.35675e+06	4.3435e+06	4.42275e+06	4.33525e+06	4.339e+06	
4.14925e+06	4.1305e+06	4.11775e+06	4.11525e+06	4.05925e+06	
4.01275e+06	3.99125e+06	3.973e+06	3.976e+06	4.0075e+06	
3.99425e+06	3.98925e+06	3.9395e+06	4.02775e+06	3.947e+06	
4.04725e+06	4.041e+06	4.0505e+06	4.00825e+06	3.99125e+06	
4.06625e+06	4.0215e+06	4.02075e+06	4.00625e+06	4.07e+06	
4.09075e+06	4.056e+06	4.02725e+06	4.06625e+06	4.051e+06	
4.04025e+06	4.02075e+06	4.0655e+06	4.10525e+06	4.0605e+06	
4.031e+06	4.04725e+06	4.058e+06	4.0165e+06	4.05675e+06	
4.1205e+06	4.08075e+06	4.10475e+06	4.087e+06	4.14425e+06	
4.13225e+06	4.12175e+06	4.11975e+06	4.10525e+06	4.089e+06	
4.15125e+06	4.189e+06	4.10775e+06	4.155e+06	4.13225e+06	
4.16775e+06	4.19675e+06	4.21425e+06	4.123e+06	4.179e+06	
4.25325e+06	4.34475e+06	4.174e+06	4.19225e+06	4.20725e+06	
4.1455e+06	4.2155e+06	4.2515e+06	4.2415e+06	4.15e+06	
4.298e+06	4.29375e+06	4.21375e+06	4.26775e+06	4.276e+06	
4.261e+06	4.32025e+06	4.2225e+06	4.244e+06	4.3145e+06	
4.322e+06	4.29125e+06	4.2785e+06	4.2955e+06	4.28475e+06	
4.2085e+06	4.2225e+06	4.261e+06	4.28225e+06	4.2345e+06	
4.2325e+06	4.2415e+06	4.20975e+06	4.312e+06	4.22125e+06	
4.2445e+06	4.23125e+06	4.19725e+06	4.203e+06	4.22625e+06	
4.16325e+06	4.17275e+06	4.1665e+06	4.21875e+06	4.23375e+06	
4.167e+06	4.1835e+06	4.15575e+06	4.135e+06	4.131e+06	
4.12425e+06	4.11725e+06	4.152e+06	4.1235e+06	4.15125e+06	
4.13875e+06	4.1835e+06	4.0995e+06	4.1405e+06	4.133e+06	
4.19025e+06	4.20225e+06	4.126e+06	4.181e+06	4.13175e+06	
4.06375e+06	4.07375e+06	4.1335e+06	4.05875e+06	4.1305e+06	
4.13225e+06	4.138e+06	4.065e+06	4.133e+06	4.1665e+06	
4.1765e+06	4.1065e+06	4.111e+06	4.12475e+06	4.11975e+06	
4.21425e+06	4.15825e+06	4.17575e+06	4.1795e+06	4.1745e+06	
4.201e+06	4.213e+06	4.17525e+06	4.21875e+06	4.2055e+06	
4.194e+06	4.2205e+06	4.24325e+06	4.174e+06	4.16575e+06	
4.23e+06	4.1835e+06	4.18475e+06	4.21625e+06	4.2055e+06	
4.2155e+06	4.14125e+06	4.194e+06	4.17575e+06	4.16825e+06	
4.1575e+06	4.181e+06	4.235e+06	4.145e+06	4.18525e+06	
4.1255e+06	4.13175e+06	4.0485e+06	4.14925e+06	4.075e+06	
4.0505e+06	4.0915e+06	4.065e+06	4.0745e+06	4.09525e+06	
3.9875e+06	4.06375e+06	4.02025e+06	4.0435e+06	4.02325e+06	
3.97925e+06	3.96225e+06	4.06925e+06	4.07875e+06	4.0385e+06	
3.97675e+06	4.0095e+06	4.014e+06	4.0485e+06	4.0335e+06	
3.92e+06	3.9245e+06	3.913e+06	3.93575e+06	3.95275e+06	
3.89425e+06	3.9295e+06	3.90625e+06	3.896e+06	3.9995e+06	
3.8715e+06	3.9055e+06	3.95475e+06	3.91675e+06	3.91175e+06	
3.91875e+06	3.869e+06	3.89225e+06	3.84375e+06	3.85375e+06	
3.84825e+06	3.8885e+06	3.862e+06	3.855e+06	3.85625e+06	
3.81725e+06	3.8575e+06	3.828e+06	3.905e+06	3.8035e+06	
3.8135e+06	3.79975e+06	3.83675e+06	3.843e+06	3.85325e+06	
3.78325e+06	3.789e+06	3.758e+06	3.79975e+06	3.772e+06	
3.8835e+06	3.78825e+06	3.80975e+06	3.845e+06	3.84625e+06	
3.88475e+06	3.81025e+06	3.82475e+06	3.87325e+06	3.79325e+06	
3.8495e+06	3.79525e+06	3.78525e+06	3.8425e+06	3.8185e+06	
3.81975e+06	3.82925e+06	3.84375e+06	3.8405e+06	3.9075e+06	
3.8325e+06	3.87525e+06	3.855e+06	3.84575e+06	3.867e+06	
3.91375e+06	3.78075e+06	3.789e+06	3.82175e+06	3.87775e+06	
3.87775e+06	3.828e+06	3.8645e+06	3.89725e+06	3.806e+06	
3.8575e+06	3.82425e+06	3.8545e+06	3.8255e+06	3.87775e+06	
3.82175e+06	3.81725e+06	3.8085e+06	3.82175e+06	3.80475e+06	
3.746e+06	3.799e+06	3.80025e+06	3.7865e+06	3.81975e+06	
3.75625e+06	3.782e+06	3.71775e+06	3.80975e+06	3.78525e+06	
3.76625e+06	3.82925e+06	3.7945e+06	3.78075e+06	3.78325e+06	
3.72475e+06	3.7315e+06	3.70775e+06	3.7675e+06	3.76875e+06	
3.7655e+06	3.7965e+06	3.76175e+06	3.7555e+06	3.7485e+06	
3.855e+06	3.75675e+06	3.804e+06	3.7985e+06	3.78525e+06	
3.77575e+06	3.717e+06	3.76175e+06	3.726e+06	3.69575e+06	
3.7455e+06	3.69875e+06	3.731e+06	3.69875e+06	3.68875e+06	
3.71825e+06	3.68925e+06	3.738e+06	3.741e+06	3.68875e+06	
3.67225e+06	3.67225e+06	3.71075e+06	3.74425e+06	3.6925e+06	
3.70075e+06	3.702e+06	3.7025e+06	3.70125e+06	3.67175e+06	
3.6345e+06	3.731e+06	3.6995e+06	3.7455e+06	3.6245e+06	
3.66225e+06	3.69325e+06	3.6535e+06	3.644e+06	3.663e+06	
3.7065e+06	3.63775e+06	3.68375e+06	3.67225e+06	3.634e+06	
3.64325e+06	3.64325e+06	3.60175e+06	3.6415e+06	3.65475e+06	
3.666e+06	3.63775e+06	3.66975e+06	3.634e+06	3.6175e+06	
3.6585e+06	3.61825e+06	3.6275e+06	3.63325e+06	3.651e+06	
3.637e+06	3.6685e+06	3.60875e+06	3.60375e+06	3.6485e+06	
3.6125e+06	3.6245e+06	3.59225e+06	3.5565e+06	3.6275e+06	
3.54575e+06	3.6e+06	3.57775e+06	3.552e+06	3.608e+06	
3.61375e+06	3.65475e+06	3.65725e+06	3.649e+06	3.59925e+06	
3.51425e+06	3.567e+06	3.5375e+06	3.54825e+06	3.47775e+06	
3.53875e+06	3.494e+06	3.4915e+06	3.55075e+06	3.4965e+06	
3.559e+06	3.52625e+06	3.57025e+06	3.53e+06	3.55275e+06	
3.55075e+06	3.53375e+06	3.5015e+06	3.4695e+06	3.5445e+06	
3.51425e+06	3.433e+06	3.506e+06	3.53675e+06	3.443e+06	
3.43175e+06	3.48325e+06	3.4435e+06	3.421e+06	3.44625e+06	
3.4505e+06	3.47825e+06	3.40275e+06	3.42975e+06	3.4455e+06	
3.40775e+06	3.472e+06	3.45625e+06	3.45375e+06	3.44475e+06	
3.455e+06	3.41275e+06	3.3775e+06	3.40075e+06	3.40525e+06	
3.3195e+06	3.3635e+06	3.37875e+06	3.356e+06	3.37875e+06	
3.31625e+06	3.3295e+06	3.35475e+06	3.3245e+06	3.31325e+06	
3.288e+06	3.235e+06	3.2855e+06	3.24575e+06	3.2855e+06	
3.15175e+06	3.136e+06	3.1305e+06	3.2275e+06	3.15375e+06	
3.05425e+06	3.046e+06	3.05475e+06	3.07125e+06	3.08875e+06	
2.93875e+06	2.9345e+06	2.9495e+06	2.9345e+06	2.93325e+06	
2.8665e+06	2.81525e+06	2.843e+06	2.85325e+06	2.88275e+06	
2.8035e+06	2.80225e+06	2.79325e+06	2.85e+06	2.81975e+06	
2.69375e+06	2.68925e+06	2.74475e+06	2.78325e+06	2.731e+06	
2.66225e+06	2.62075e+06	2.74225e+06	2.656e+06	2.7e+06	
2.634e+06	2.64025e+06	2.6125e+06	2.67175e+06	2.593e+06	
2.61e+06	2.60625e+06	2.5985e+06	2.55325e+06	2.6055e+06	
2.576e+06	2.59175e+06	2.62375e+06	2.56275e+06	2.579e+06	
2.57775e+06	2.62e+06	2.5885e+06	2.56575e+06	2.59425e+06	
2.591e+06	2.57525e+06	2.596e+06	2.5765e+06	2.6415e+06	
2.68425e+06	2.651e+06	2.632e+06	2.65025e+06	2.6345e+06	
2.73525e+06	2.75625e+06	2.7145e+06	2.75625e+06	2.7505e+06	
2.77125e+06	2.804e+06	2.82925e+06	2.83375e+06	2.82675e+06	
2.884e+06	2.94075e+06	2.8305e+06	2.93375e+06	2.87075e+06	
2.93375e+06	2.94575e+06	2.90725e+06	2.94525e+06	2.94525e+06	
2.973e+06	2.92425e+06	2.9805e+06	3.01125e+06	2.969e+06	
2.9125e+06	2.9835e+06	2.95525e+06	2.956e+06	2.925e+06	
2.92825e+06	2.9295e+06	2.884e+06	2.8745e+06	2.9545e+06	
2.891e+06	2.884e+06	2.90475e+06	2.8165e+06	2.862e+06	
2.7435e+06	2.7655e+06	2.748e+06	2.8085e+06	2.73025e+06	
2.74025e+06	2.76e+06	2.7555e+06	2.74175e+06	2.7095e+06	
2.7165e+06	2.68e+06	2.714e+06	2.6875e+06	2.729e+06	
2.685e+06	2.69175e+06	2.707e+06	2.6925e+06	2.70075e+06	
2.707e+06	2.65775e+06	2.70625e+06	2.637e+06	2.64975e+06	
2.6925e+06	2.63e+06	2.673e+06	2.65525e+06	2.673e+06	
2.6515e+06	2.69825e+06	2.64025e+06	2.6635e+06	2.6805e+06	
2.63825e+06	2.62125e+06	2.70375e+06	2.66675e+06	2.705e+06	
2.63525e+06	2.70325e+06	2.68675e+06	2.644e+06	2.63575e+06	
2.6805e+06	2.661e+06	2.6735e+06	2.673e+06	2.7285e+06	
2.6755e+06	2.6825e+06	2.70375e+06	2.661e+06	2.68375e+06	
2.69425e+06	2.666e+06	2.66975e+06	2.6535e+06	2.685e+06	
2.6395e+06	2.6415e+06	2.6735e+06	2.57975e+06	2.63125e+06	
2.651e+06	2.64975e+06	2.58475e+06	2.64275e+06	2.651e+06	
2.66725e+06	2.62325e+06	2.68125e+06	2.68e+06	2.63075e+06	
2.66225e+06	2.65025e+06	2.6445e+06	2.64825e+06	2.66225e+06	
2.63775e+06	2.6105e+06	2.6075e+06	2.647e+06	2.688e+06	
2.605e+06	2.605e+06	2.61175e+06	2.62075e+06	2.61375e+06	
2.6055e+06	2.61375e+06	2.64825e+06	2.6395e+06	2.65475e+06	
2.67175e+06	2.64575e+06	2.65225e+06	2.659e+06	2.64975e+06	
2.6415e+06	2.71775e+06	2.68425e+06	2.64325e+06	2.68175e+06	
2.627e+06	2.64325e+06	2.656e+06	2.63525e+06	2.66725e+06	
2.69625e+06	2.65975e+06	2.664e+06	2.67475e+06	2.649e+06	
2.647e+06	2.6655e+06	2.68375e+06	2.673e+06	2.63775e+06	
2.66675e+06	2.6535e+06	2.6275e+06	2.67175e+06	2.66275e+06	
2.702e+06	2.70075e+06	2.6655e+06	2.69625e+06	2.68175e+06	
2.71575e+06	2.6875e+06	2.74025e+06	2.6825e+06	2.70325e+06	
2.7705e+06	2.7725e+06	2.78125e+06	2.74475e+06	2.736e+06	
2.78375e+06	2.768e+06	2.811e+06	2.753e+06	2.797e+06	
2.79775e+06	2.7705e+06	2.797e+06	2.76625e+06	2.7215e+06	
2.86325e+06	2.81225e+06	2.8285e+06	2.83875e+06	2.84675e+06	
2.821e+06	2.82175e+06	2.82425e+06	2.83175e+06	2.8475e+06	
2.867e+06	2.8495e+06	2.855e+06	2.86075e+06	2.89925e+06	
2.821e+06	2.84425e+06	2.82425e+06	2.9035e+06	2.91675e+06	
2.85325e+06	2.8255e+06	2.9055e+06	2.86e+06	2.85875e+06	
2.90725e+06	2.87025e+06	2.82175e+06	2.89975e+06	2.82975e+06	
2.852e+06	2.8525e+06	2.84375e+06	2.84375e+06	2.84375e+06	
2.85e+06	2.84125e+06	2.79575e+06	2.8645e+06	2.83675e+06	
2.78375e+06	2.78075e+06	2.8425e+06	2.85325e+06	2.84425e+06	
2.7825e+06	2.77875e+06	2.7505e+06	2.743e+06	2.78e+06	
2.79575e+06	2.79575e+06	2.85875e+06	2.77575e+06	2.7995e+06	
2.84625e+06	2.86775e+06	2.79025e+06	2.8595e+06	2.886e+06	
2.889e+06	2.85325e+06	2.7965e+06	2.8425e+06	2.7945e+06	
2.879e+06	2.80775e+06	2.84e+06	2.86575e+06	2.8575e+06	
2.86075e+06	2.84375e+06	2.814e+06	2.84175e+06	2.8015e+06	
2.76875e+06	2.79775e+06	2.78e+06	2.794e+06	2.821e+06	
2.794e+06	2.7945e+06	2.76625e+06	2.84375e+06	2.765e+06	
2.80775e+06	2.785e+06	2.7705e+06	2.77575e+06	2.82225e+06	
2.80525e+06	2.84825e+06	2.78575e+06	2.81275e+06	2.782e+06	
2.799e+06	2.8205e+06	2.81725e+06	2.797e+06	2.76175e+06	
2.758e+06	2.79275e+06	2.818e+06	2.8135e+06	2.7775e+06	
2.8085e+06	2.7995e+06	2.8085e+06	2.80775e+06	2.84175e+06	
2.8165e+06	2.76e+06	2.8455e+06	2.799e+06	2.8425e+06	
2.7625e+06	2.78775e+06	2.81025e+06	2.80025e+06	2.7995e+06	
2.78825e+06	2.785e+06	2.76425e+06	2.77825e+06	2.78825e+06	
2.76625e+06	2.76375e+06	2.72975e+06	2.76625e+06	2.7725e+06	
2.78375e+06	2.74025e+06	2.78125e+06	2.77625e+06	2.768e+06	
2.80225e+06	2.741e+06	2.7965e+06	2.811e+06	2.8085e+06	
2.765e+06	2.76875e+06	2.79025e+06	2.814e+06	2.739e+06	
2.78775e+06	2.804e+06	2.79825e+06	2.794e+06	2.75225e+06	
2.772e+06	2.80075e+06	2.77625e+06	2.77825e+06	2.8115e+06	
2.74025e+06	2.78125e+06	2.7845e+06	2.81225e+06	2.8495e+06	
2.83875e+06	2.80475e+06	2.76675e+06	2.80275e+06	2.82925e+06	
2.7825e+06	2.763e+06	2.80275e+06	2.7555e+06	2.78825e+06	
2.799e+06	2.758e+06	2.79275e+06	2.743e+06	2.843e+06	
2.75925e+06	2.7435e+06	2.7605e+06	2.76125e+06	2.76675e+06	
2.78625e+06	2.763e+06	2.79325e+06	2.80725e+06	2.748e+06	
2.775e+06	2.7845e+06	2.77575e+06	2.78625e+06	2.753e+06	
2.7575e+06	2.76e+06	2.77625e+06	2.76375e+06	2.75475e+06	
2.75925e+06	2.746e+06	2.722e+06	2.79525e+06	2.7335e+06	
2.72775e+06	2.7365e+06	2.7915e+06	2.7505e+06	2.7555e+06	
2.7745e+06	2.7245e+06	2.78125e+06	2.7705e+06	2.775e+06	
2.731e+06	2.76175e+06	2.7435e+06	2.75925e+06	2.7625e+06	
2.76375e+06	2.7575e+06	2.68625e+06	2.782e+06	2.77875e+06	
2.75425e+06	2.729e+06	2.68675e+06	2.71575e+06	2.7165e+06	
2.70575e+06	2.6585e+06	2.76675e+06	2.71825e+06	2.74475e+06	
2.7315e+06	2.72975e+06	2.753e+06	2.77125e+06	2.722e+06	
2.739e+06	2.73025e+06	2.724e+06	2.7165e+06	2.73975e+06	
2.73775e+06	2.72325e+06	2.7075e+06	2.72025e+06	2.72275e+06	
2.65475e+06	2.7e+06	2.6655e+06	2.69625e+06	2.6585e+06	
2.685e+06	2.676e+06	2.671e+06	2.69875e+06	2.67925e+06	
2.7075e+06	2.6615e+06	2.6615e+06	2.6785e+06	2.70075e+06	
2.6785e+06	2.67175e+06	2.6735e+06	2.7165e+06	2.6995e+06	
2.693e+06	2.666e+06	2.654e+06	2.71075e+06	2.63525e+06	
2.6275e+06	2.65025e+06	2.67225e+06	2.6395e+06	2.6195e+06	
2.66675e+06	2.666e+06	2.67475e+06	2.64825e+06	2.68175e+06	
2.68675e+06	2.639e+06	2.67175e+06	2.637e+06	2.6875e+06	
2.67225e+06	2.62e+06	2.622e+06	2.642e+06	2.6655e+06	
2.60925e+06	2.6055e+06	2.58475e+06	2.6195e+06	2.56275e+06	
2.66725e+06	2.632e+06	2.63525e+06	2.62875e+06	2.64525e+06	
2.67425e+06	2.6245e+06	2.649e+06	2.603e+06	2.649e+06	
2.6325e+06	2.639e+06	2.6655e+06	2.61375e+06	2.62125e+06	
2.66275e+06	2.64325e+06	2.596e+06	2.62875e+06	2.618e+06	
2.62875e+06	2.608e+06	2.56775e+06	2.61125e+06	2.63075e+06	
2.6175e+06	2.625e+06	2.61425e+06	2.60875e+06	2.637e+06	
2.5785e+06	2.5735e+06	2.567e+06	2.632e+06	2.591e+06	
2.62075e+06	2.649e+06	2.59425e+06	2.591e+06	2.596e+06	
2.57025e+06	2.5955e+06	2.58725e+06	2.6175e+06	2.593e+06	
2.6075e+06	2.6005e+06	2.5665e+06	2.557e+06	2.5765e+06	
2.58025e+06	2.59675e+06	2.5785e+06	2.57725e+06	2.56575e+06	
2.54575e+06	2.57725e+06	2.5135e+06	2.5355e+06	2.53675e+06	
2.564e+06	2.53925e+06	2.538e+06	2.572e+06	2.60625e+06	
2.54125e+06	2.564e+06	2.56525e+06	2.53e+06	2.5275e+06	
2.49725e+06	2.521e+06	2.51175e+06	2.526e+06	2.5355e+06	
2.53625e+06	2.557e+06	2.562e+06	2.5275e+06	2.5155e+06	
2.5305e+06	2.50475e+06	2.523e+06	2.494e+06	2.4985e+06	
2.523e+06	2.516e+06	2.499e+06	2.5235e+06	2.50025e+06	
2.50025e+06	2.5305e+06	2.47825e+06	2.46425e+06	2.4265e+06	
2.3925e+06	2.35925e+06	2.33575e+06	2.3315e+06	2.3895e+06	
2.17775e+06	2.14425e+06	2.167e+06	2.12925e+06	2.1675e+06	
1.90175e+06	1.877e+06	1.88025e+06	1.886e+06	1.89525e+06	
1.60925e+06	1.61175e+06	1.5985e+06	1.5915e+06	1.64575e+06	
1.3925e+06	1.39875e+06	1.4075e+06	1.37925e+06	1.359e+06	
1.25e+06	1.2325e+06	1.23675e+06	1.221e+06	1.2375e+06	
1.1695e+06	1.12225e+06	1.13225e+06	1.15625e+06	1.12025e+06	
1.1815e+06	1.223e+06	1.187e+06	1.19725e+06	1.172e+06	
1.3025e+06	1.286e+06	1.27025e+06	1.27475e+06	1.264e+06	
1.344e+06	1.38375e+06	1.37175e+06	1.35725e+06	1.38125e+06	
1.4215e+06	1.434e+06	1.417e+06	1.39575e+06	1.434e+06	
1.395e+06	1.4075e+06	1.40375e+06	1.4195e+06	1.422e+06	
1.4195e+06	1.429e+06	1.424e+06	1.38125e+06	1.405e+06	
1.388e+06	1.3925e+06	1.4025e+06	1.3995e+06	1.40575e+06	
1.419e+06	1.3975e+06	1.38375e+06	1.42475e+06	1.4075e+06	
1.38375e+06	1.443e+06	1.405e+06	1.40325e+06	1.42525e+06	
1.4625e+06	1.451e+06	1.46175e+06	1.4655e+06	1.44925e+06	
1.5325e+06	1.4845e+06	1.497e+06	1.5035e+06	1.49775e+06	
1.5495e+06	1.53925e+06	1.54825e+06	1.53625e+06	1.54175e+06	
1.627e+06	1.61875e+06	1.6205e+06	1.60175e+06	1.62875e+06	
1.681e+06	1.71575e+06	1.673e+06	1.65525e+06	1.70825e+06	
1.7755e+06	1.74975e+06	1.77425e+06	1.741e+06	1.77175e+06	
1.8185e+06	1.83475e+06	1.8375e+06	1.8255e+06	1.84625e+06	
1.95275e+06	1.906e+06	1.8965e+06	1.86325e+06	1.90475e+06	
1.93125e+06	1.95825e+06	1.942e+06	1.93125e+06	1.9735e+06	
2.0415e+06	1.99425e+06	2.0345e+06	2.012e+06	2.01325e+06	
2.04975e+06	2.087e+06	2.04525e+06	2.08e+06	2.10575e+06	
2.0875e+06	2.13725e+06	2.05675e+06	2.092e+06	2.13175e+06	
2.12775e+06	2.13975e+06	2.12925e+06	2.136e+06	2.16575e+06	
2.1865e+06	2.17125e+06	2.1505e+06	2.179e+06	2.194e+06	
2.18025e+06	2.179e+06	2.213e+06	2.1815e+06	2.17325e+06	
2.16875e+06	2.1765e+06	2.1795e+06	2.16875e+06	2.2085e+06	
2.228e+06	2.22925e+06	2.21925e+06	2.1625e+06	2.2225e+06	
2.23175e+06	2.228e+06	2.19975e+06	2.22625e+06	2.19775e+06	
2.187e+06	2.21475e+06	2.2545e+06	2.22375e+06	2.216e+06	
2.19775e+06	2.191e+06	2.218e+06	2.22625e+06	2.24325e+06	
2.24875e+06	2.21475e+06	2.225e+06	2.25775e+06	2.218e+06	
2.21925e+06	2.191e+06	2.23875e+06	2.218e+06	2.19975e+06	
2.2035e+06	2.242e+06	2.22625e+06	2.20025e+06	2.228e+06	
2.2425e+06	2.216e+06	2.19225e+06	2.19525e+06	2.2105e+06	
2.18525e+06	2.21675e+06	2.20275e+06	2.1815e+06	2.17375e+06	
2.2055e+06	2.16325e+06	2.21975e+06	2.182e+06	2.184e+06	
2.19975e+06	2.1625e+06	2.25575e+06	2.23425e+06	2.1985e+06	
2.11075e+06	2.201e+06	2.116e+06	2.15125e+06	2.208e+06	
2.19225e+06	2.17375e+06	2.13425e+06	2.18775e+06	2.213e+06	
2.1725e+06	2.16075e+06	2.15375e+06	2.17325e+06	2.177e+06	
2.1575e+06	2.189e+06	2.158e+06	2.143e+06	2.23e+06	
2.138e+06	2.141e+06	2.16625e+06	2.14175e+06	2.1765e+06	
2.1405e+06	2.14875e+06	2.12925e+06	2.162e+06	2.14875e+06	
2.124e+06	2.1215e+06	2.1355e+06	2.09575e+06	2.112e+06	
2.0655e+06	2.15625e+06	2.11775e+06	2.1575e+06	2.11525e+06	
2.12475e+06	2.133e+06	2.1625e+06	2.1525e+06	2.1215e+06	
2.1385e+06	2.138e+06	2.14175e+06	2.16075e+06	2.16575e+06	
2.165e+06	2.16325e+06	2.109e+06	2.13675e+06	2.14175e+06	
2.18825e+06	2.09375e+06	2.16e+06	2.095e+06	2.10075e+06	
2.12275e+06	2.158e+06	2.11475e+06	2.087e+06	2.10575e+06	
2.126e+06	2.08325e+06	2.10575e+06	2.11725e+06	2.1265e+06	
2.1065e+06	2.0945e+06	2.12025e+06	2.1335e+06	2.11475e+06	
2.1045e+06	2.12225e+06	2.14425e+06	2.10525e+06	2.119e+06	
2.11075e+06	2.04725e+06	2.102e+06	2.09325e+06	2.08e+06	
2.0605e+06	2.092e+06	2.0755e+06	2.078e+06	2.0435e+06	
2.0925e+06	2.09e+06	2.066e+06	2.06175e+06	2.051e+06	
2.11525e+06	2.07925e+06	2.1135e+06	2.085e+06	2.10325e+06	
2.09325e+06	2.024e+06	2.03725e+06	2.07925e+06	2.07e+06	
2.07375e+06	2.10075e+06	2.0945e+06	2.095e+06	2.078e+06	
2.05725e+06	2.0515e+06	2.0825e+06	2.06875e+06	2.04725e+06	
2.06675e+06	2.06175e+06	2.07125e+06	2.0465e+06	2.085e+06	
2.05675e+06	2.09075e+06	2.04725e+06	2.06425e+06	2.06225e+06	
2.03975e+06	2.07675e+06	2.05425e+06	2.05675e+06	2.06925e+06	
2.07e+06	2.0435e+06	2.0175e+06	2.0515e+06	2.05475e+06	
2.053e+06	2.049e+06	2.04025e+06	2.05475e+06	2.04275e+06	
2.0515e+06	2.0655e+06	2.061e+06	2.0515e+06	2.044e+06	
2.0215e+06	2.0585e+06	2.06925e+06	2.07675e+06	2.0515e+06	
2.03025e+06	2.06175e+06	2.06175e+06	2.0215e+06	2.04525e+06	
2.05025e+06	2.03975e+06	2.05475e+06	2.06925e+06	2.03525e+06	
2.0295e+06	2.01875e+06	2.0345e+06	2.00625e+06	2.0345e+06	
1.98725e+06	2.027e+06	2.03575e+06	2.053e+06	2.04275e+06	
2.039e+06	2.02325e+06	2.01875e+06	1.995e+06	2.024e+06	
1.99675e+06	1.9735e+06	1.98225e+06	2.00375e+06	2.02575e+06	
1.98175e+06	1.9635e+06	1.96725e+06	2.00125e+06	1.97925e+06	
2.02275e+06	1.98975e+06	2.01375e+06	2.02525e+06	2.02775e+06	
1.9905e+06	2.0215e+06	2.0295e+06	2.04725e+06	2.012e+06	
1.98975e+06	1.9955e+06	2.0215e+06	1.9955e+06	2.0315e+06	
2e+06	1.97725e+06	1.978e+06	1.98475e+06	2.01325e+06	
1.961e+06	1.9975e+06	1.98925e+06	1.99125e+06	1.99125e+06	
1.9755e+06	2.003e+06	1.99125e+06	1.9665e+06	1.9615e+06	
1.969e+06	1.9685e+06	1.94325e+06	1.952e+06	1.957e+06	
1.94775e+06	2.03325e+06	1.9785e+06	1.9515e+06	1.9735e+06	
1.93125e+06	1.97275e+06	1.911e+06	1.94525e+06	1.95275e+06	
1.93075e+06	1.95775e+06	1.91175e+06	1.932e+06	1.918e+06	
1.91225e+06	1.9325e+06	1.9445e+06	1.94825e+06	1.97975e+06	
1.91425e+06	1.94825e+06	1.96475e+06	1.97275e+06	1.93e+06	
1.92875e+06	1.92875e+06	1.94075e+06	1.90425e+06	1.95325e+06	
1.90425e+06	1.93875e+06	1.913e+06	1.90225e+06	1.94775e+06	
1.85375e+06	1.92e+06	1.891e+06	1.93e+06	1.937e+06	
1.89475e+06	1.90225e+06	1.87825e+06	1.85125e+06	1.867e+06	
1.87825e+06	1.9105e+06	1.91875e+06	1.89725e+06	1.8985e+06	
1.85875e+06	1.87275e+06	1.89925e+06	1.88725e+06	1.869e+06	
1.872e+06	1.85625e+06	1.88775e+06	1.88075e+06	1.92e+06	
1.87075e+06	1.848e+06	1.879e+06	1.86325e+06	1.828e+06	
1.8795e+06	1.85175e+06	1.87525e+06	1.8215e+06	1.86075e+06	
1.8425e+06	1.84125e+06	1.84375e+06	1.8355e+06	1.87775e+06	
1.843e+06	1.8135e+06	1.83175e+06	1.83925e+06	1.8305e+06	
1.87075e+06	1.7965e+06	1.85e+06	1.79825e+06	1.8255e+06	
1.7945e+06	1.82225e+06	1.81525e+06	1.7795e+06	1.8085e+06	
1.857e+06	1.82675e+06	1.82475e+06	1.809e+06	1.8185e+06	
1.7795e+06	1.7825e+06	1.83425e+06	1.78075e+06	1.80075e+06	
1.80575e+06	1.814e+06	1.819e+06	1.79525e+06	1.8135e+06	
1.7945e+06	1.75475e+06	1.82225e+06	1.83675e+06	1.836e+06	
1.82725e+06	1.8085e+06	1.80325e+06	1.7705e+06	1.82425e+06	
1.843e+06	1.804e+06	1.816e+06	1.7825e+06	1.7775e+06	
1.80325e+06	1.7945e+06	1.7775e+06	1.794e+06	1.80025e+06	
1.7915e+06	1.77875e+06	1.80525e+06	1.816e+06	1.7875e+06	
1.787e+06	1.7945e+06	1.792e+06	1.8015e+06	1.7965e+06	
1.77825e+06	1.79525e+06	1.79e+06	1.78875e+06	1.77625e+06	
1.748e+06	1.7775e+06	1.75725e+06	1.75175e+06	1.7555e+06	
1.7585e+06	1.75925e+06	1.734e+06	1.7535e+06	1.78325e+06	
1.73475e+06	1.722e+06	1.77825e+06	1.71575e+06	1.739e+06	
1.724e+06	1.758e+06	1.7605e+06	1.741e+06	1.717e+06	
1.7535e+06	1.734e+06	1.739e+06	1.731e+06	1.7435e+06	
1.72575e+06	1.748e+06	1.72025e+06	1.70875e+06	1.731e+06	
1.7585e+06	1.73525e+06	1.75675e+06	1.722e+06	1.7335e+06	
1.768e+06	1.77175e+06	1.75475e+06	1.71325e+06	1.729e+06	
1.739e+06	1.72325e+06	1.717e+06	1.72325e+06	1.7365e+06	
1.70075e+06	1.729e+06	1.7e+06	1.77e+06	1.751e+06	
1.73725e+06	1.70075e+06	1.71075e+06	1.7075e+06	1.72325e+06	
1.70575e+06	1.68425e+06	1.719e+06	1.74275e+06	1.69925e+06	
1.67925e+06	1.65475e+06	1.6735e+06	1.7335e+06	1.729e+06	
1.7025e+06	1.6615e+06	1.666e+06	1.70825e+06	1.69375e+06	
1.6615e+06	1.6585e+06	1.659e+06	1.637e+06	1.65775e+06	
1.6685e+06	1.66925e+06	1.64275e+06	1.673e+06	1.6175e+06	
1.65275e+06	1.6635e+06	1.65975e+06	1.6805e+06	1.67225e+06	
1.6735e+06	1.65025e+06	1.67975e+06	1.65775e+06	1.671e+06	
1.654e+06	1.66975e+06	1.647e+06	1.64275e+06	1.69625e+06	
1.65075e+06	1.6495e+06	1.6635e+06	1.65525e+06	1.644e+06	
1.632e+06	1.613e+06	1.60875e+06	1.639e+06	1.6465e+06	
1.6125e+06	1.6345e+06	1.6375e+06	1.64025e+06	1.654e+06	
1.6345e+06	1.664e+06	1.65775e+06	1.63375e+06	1.603e+06	
1.6585e+06	1.6125e+06	1.65525e+06	1.6175e+06	1.62175e+06	
1.62325e+06	1.64525e+06	1.64075e+06	1.625e+06	1.603e+06	
1.62625e+06	1.613e+06	1.57275e+06	1.64825e+06	1.59025e+06	
1.59975e+06	1.58475e+06	1.5745e+06	1.59475e+06	1.5665e+06	
1.62625e+06	1.613e+06	1.6175e+06	1.57525e+06	1.59025e+06	
1.59025e+06	1.58975e+06	1.61125e+06	1.61125e+06	1.5935e+06	
1.59675e+06	1.58475e+06	1.6395e+06	1.59725e+06	1.62825e+06	
1.5955e+06	1.60425e+06	1.608e+06	1.593e+06	1.613e+06	
1.59725e+06	1.644e+06	1.5885e+06	1.58475e+06	1.6225e+06	
1.57275e+06	1.59025e+06	1.606e+06	1.60425e+06	1.618e+06	
1.58275e+06	1.56575e+06	1.60175e+06	1.59925e+06	1.5815e+06	
1.581e+06	1.6035e+06	1.5835e+06	1.55325e+06	1.6205e+06	
1.55e+06	1.5985e+06	1.58525e+06	1.5765e+06	1.58775e+06	
1.57325e+06	1.579e+06	1.5715e+06	1.53175e+06	1.5885e+06	
1.55625e+06	1.56775e+06	1.56525e+06	1.52675e+06	1.5575e+06	
1.55875e+06	1.59425e+06	1.56325e+06	1.5645e+06	1.56075e+06	
1.55625e+06	1.5575e+06	1.5475e+06	1.54125e+06	1.52725e+06	
1.5235e+06	1.56275e+06	1.53375e+06	1.53425e+06	1.5475e+06	
1.5425e+06	1.51525e+06	1.54825e+06	1.5115e+06	1.5525e+06	
1.533e+06	1.51975e+06	1.52475e+06	1.50775e+06	1.5085e+06	
1.51025e+06	1.5115e+06	1.521e+06	1.504e+06	1.501e+06	
1.523e+06	1.51475e+06	1.51975e+06	1.49775e+06	1.506e+06	
1.50275e+06	1.50975e+06	1.48775e+06	1.51025e+06	1.50725e+06	
1.46675e+06	1.47575e+06	1.477e+06	1.47625e+06	1.521e+06	
1.51475e+06	1.49825e+06	1.46675e+06	1.4655e+06	1.5115e+06	
1.4845e+06	1.4915e+06	1.46875e+06	1.4915e+06	1.48125e+06	
1.48825e+06	1.497e+06	1.497e+06	1.44425e+06	1.446e+06	
1.448e+06	1.44175e+06	1.43275e+06	1.463e+06	1.42775e+06	
1.468e+06	1.45875e+06	1.463e+06	1.47125e+06	1.43975e+06	
1.43775e+06	1.422e+06	1.4265e+06	1.451e+06	1.4535e+06	
1.4165e+06	1.412e+06	1.40325e+06	1.43225e+06	1.422e+06	
1.37425e+06	1.376e+06	1.39875e+06	1.405e+06	1.3905e+06	
1.35775e+06	1.3735e+06	1.3565e+06	1.3615e+06	1.3565e+06	
1.3465e+06	1.34025e+06	1.33775e+06	1.37175e+06	1.33325e+06	
1.35525e+06	1.3295e+06	1.36475e+06	1.36025e+06	1.35775e+06	
1.3195e+06	1.3105e+06	1.325e+06	1.3245e+06	1.3055e+06	
1.32825e+06	1.28925e+06	1.31425e+06	1.31125e+06	1.3075e+06	
1.2735e+06	1.28275e+06	1.274e+06	1.30175e+06	1.31175e+06	
1.28525e+06	1.31625e+06	1.32375e+06	1.30175e+06	1.3195e+06	
1.27975e+06	1.2545e+06	1.2935e+06	1.242e+06	1.2595e+06	
1.2735e+06	1.2425e+06	1.257e+06	1.2445e+06	1.2815e+06	
1.24e+06	1.23925e+06	1.22925e+06	1.25e+06	1.25075e+06	
1.26025e+06	1.2275e+06	1.22925e+06	1.22675e+06	1.223e+06	
1.22875e+06	1.23875e+06	1.24875e+06	1.228e+06	1.25325e+06	
1.22675e+06	1.23925e+06	1.23875e+06	1.252e+06	1.24075e+06	
1.22875e+06	1.201e+06	1.2355e+06	1.22925e+06	1.257e+06	
1.221e+06	1.2255e+06	1.22925e+06	1.21225e+06	1.264e+06	
1.25375e+06	1.2425e+06	1.2205e+06	1.228e+06	1.19975e+06	
1.2355e+06	1.213e+06	1.22925e+06	1.20225e+06	1.211e+06	
1.25075e+06	1.25075e+06	1.25075e+06	1.252e+06	1.2185e+06	
1.24325e+06	1.22925e+06	1.24125e+06	1.204e+06	1.238e+06	
1.2065e+06	1.211e+06	1.21175e+06	1.235e+06	1.242e+06	
1.228e+06	1.24375e+06	1.23875e+06	1.2375e+06	1.23e+06	
1.2375e+06	1.24e+06	1.2155e+06	1.2665e+06	1.233e+06	
1.264e+06	1.29175e+06	1.28925e+06	1.286e+06	1.26825e+06	
1.29675e+06	1.281e+06	1.315e+06	1.3225e+06	1.29175e+06	
1.2735e+06	1.2785e+06	1.24575e+06	1.2815e+06	1.29725e+06	
1.29425e+06	1.3025e+06	1.32375e+06	1.303e+06	1.28925e+06	
1.2715e+06	1.29175e+06	1.279e+06	1.28975e+06	1.27775e+06	
1.26575e+06	1.24075e+06	1.22425e+06	1.259e+06	1.24375e+06	
1.223e+06	1.216e+06	1.213e+06	1.204e+06	1.20275e+06	
1.14925e+06	1.18075e+06	1.15925e+06	1.15e+06	1.141e+06	
1.10825e+06	1.16875e+06	1.1355e+06	1.1355e+06	1.1435e+06	
1.1385e+06	1.12975e+06	1.155e+06	1.14225e+06	1.15425e+06	
1.1895e+06	1.14925e+06	1.16e+06	1.17375e+06	1.1775e+06	
1.19475e+06	1.2355e+06	1.1985e+06	1.175e+06	1.20975e+06	
1.225e+06	1.23175e+06	1.23625e+06	1.2425e+06	1.23675e+06	
1.2305e+06	1.228e+06	1.238e+06	1.23425e+06	1.26075e+06	
1.21925e+06	1.23e+06	1.22625e+06	1.23125e+06	1.25775e+06	
1.23625e+06	1.2425e+06	1.25775e+06	1.25825e+06	1.274e+06	
1.26025e+06	1.26525e+06	1.26575e+06	1.23e+06	1.23875e+06	
1.22225e+06	1.23425e+06	1.228e+06	1.2275e+06	1.2445e+06	
1.21725e+06	1.225e+06	1.255e+06	1.2305e+06	1.24125e+06	
1.2105e+06	1.26275e+06	1.267e+06	1.252e+06	1.2135e+06	
1.262e+06	1.235e+06	1.235e+06	1.245e+06	1.26325e+06	
1.23625e+06	1.26025e+06	1.2325e+06	1.24375e+06	1.21925e+06	
1.2085e+06	1.2065e+06	1.221e+06	1.2565e+06	1.19525e+06	
1.1845e+06	1.167e+06	1.1985e+06	1.22225e+06	1.18275e+06	
1.18825e+06	1.19325e+06	1.2065e+06	1.199e+06	1.2105e+06	
1.1965e+06	1.206e+06	1.21975e+06	1.23875e+06	1.1795e+06	
1.16875e+06	1.192e+06	1.206e+06	1.199e+06	1.218e+06	
1.17875e+06	1.17375e+06	1.175e+06	1.17625e+06	1.1985e+06	
1.172e+06	1.17075e+06	1.1915e+06	1.192e+06	1.1845e+06	
1.20025e+06	1.2065e+06	1.17e+06	1.19775e+06	1.1895e+06	
1.1575e+06	1.20525e+06	1.1605e+06	1.204e+06	1.17575e+06	
1.19275e+06	1.187e+06	1.204e+06	1.18025e+06	1.18325e+06	
1.194e+06	1.19025e+06	1.18575e+06	1.20525e+06	1.1625e+06	
1.19975e+06	1.19025e+06	1.1865e+06	1.19475e+06	1.20725e+06	
1.1645e+06	1.213e+06	1.172e+06	1.19325e+06	1.19725e+06	
1.16825e+06	1.16825e+06	1.17625e+06	1.1865e+06	1.209e+06	
1.182e+06	1.16825e+06	1.16625e+06	1.1845e+06	1.16125e+06	
1.18025e+06	1.19725e+06	1.165e+06	1.18575e+06	1.17325e+06	
1.17075e+06	1.17075e+06	1.1865e+06	1.1845e+06	1.1845e+06	
1.172e+06	1.172e+06	1.1645e+06	1.20025e+06	1.1745e+06	
1.18775e+06	1.17625e+06	1.15875e+06	1.1915e+06	1.17125e+06	
1.17075e+06	1.1865e+06	1.1575e+06	1.1645e+06	1.1815e+06	
1.15925e+06	1.15425e+06	1.16825e+06	1.17375e+06	1.18275e+06	
1.18275e+06	1.1815e+06	1.17125e+06	1.167e+06	1.201e+06	
1.187e+06	1.187e+06	1.17075e+06	1.18825e+06	1.20975e+06	
1.1795e+06	1.2065e+06	1.16e+06	1.15875e+06	1.17125e+06	
1.14875e+06	1.1575e+06	1.1845e+06	1.1985e+06	1.175e+06	
1.18075e+06	1.19325e+06	1.1725e+06	1.199e+06	1.17325e+06	
1.15675e+06	1.1815e+06	1.15375e+06	1.1845e+06	1.16875e+06	
1.17325e+06	1.18325e+06	1.14725e+06	1.194e+06	1.1645e+06	
1.182e+06	1.204e+06	1.1895e+06	1.1675e+06	1.1915e+06	
1.20025e+06	1.21225e+06	1.167e+06	1.18275e+06	1.18075e+06	
1.19775e+06	1.218e+06	1.1745e+06	1.199e+06	1.189e+06	
1.18075e+06	1.18775e+06	1.17125e+06	1.18825e+06	1.13725e+06	
1.218e+06	1.1775e+06	1.1795e+06	1.1815e+06	1.17825e+06	
1.16575e+06	1.17875e+06	1.16825e+06	1.192e+06	1.1675e+06	
1.16825e+06	1.19075e+06	1.19475e+06	1.182e+06	1.213e+06	
1.153e+06	1.167e+06	1.17575e+06	1.1725e+06	1.1675e+06	
1.2065e+06	1.192e+06	1.1915e+06	1.16375e+06	1.1745e+06	
1.16825e+06	1.17075e+06	1.16825e+06	1.2015e+06	1.20025e+06	
1.16125e+06	1.16125e+06	1.16625e+06	1.16175e+06	1.187e+06	
1.15875e+06	1.155e+06	1.20725e+06	1.153e+06	1.192e+06	
1.16375e+06	1.1895e+06	1.20025e+06	1.16825e+06	1.201e+06	
1.17625e+06	1.16575e+06	1.19025e+06	1.16625e+06	1.20225e+06	
1.1435e+06	1.16625e+06	1.165e+06	1.17e+06	1.201e+06	
1.17125e+06	1.194e+06	1.15375e+06	1.1845e+06	1.16825e+06	
1.1725e+06	1.15425e+06	1.172e+06	1.14725e+06	1.1745e+06	
1.16125e+06	1.13675e+06	1.1895e+06	1.1865e+06	1.1675e+06	
1.18025e+06	1.14225e+06	1.19725e+06	1.1625e+06	1.187e+06	
1.18775e+06	1.18775e+06	1.177e+06	1.163e+06	1.1625e+06	
1.16875e+06	1.16875e+06	1.1525e+06	1.172e+06	1.15125e+06	
1.148e+06	1.14675e+06	1.1455e+06	1.1555e+06	1.13275e+06	
1.165e+06	1.1405e+06	1.153e+06	1.1575e+06	1.163e+06	
1.16825e+06	1.172e+06	1.13675e+06	1.1605e+06	1.13025e+06	
1.15675e+06	1.14425e+06	1.143e+06	1.1285e+06	1.15425e+06	
1.155e+06	1.14725e+06	1.13925e+06	1.13425e+06	1.11975e+06	
1.16375e+06	1.163e+06	1.11325e+06	1.1575e+06	1.1235e+06	
1.14675e+06	1.16e+06	1.15e+06	1.14675e+06	1.13725e+06	
1.16375e+06	1.16175e+06	1.14675e+06	1.12225e+06	1.126e+06	
1.13925e+06	1.17575e+06	1.16e+06	1.13975e+06	1.14175e+06	
1.1505e+06	1.13675e+06	1.143e+06	1.1315e+06	1.158e+06	
1.14875e+06	1.1335e+06	1.12975e+06	1.14675e+06	1.1335e+06	
1.143e+06	1.119e+06	1.12275e+06	1.1405e+06	1.143e+06	
1.1385e+06	1.16825e+06	1.1315e+06	1.13275e+06	1.126e+06	
1.1355e+06	1.12225e+06	1.1065e+06	1.1505e+06	1.15675e+06	
1.1185e+06	1.12775e+06	1.1145e+06	1.14425e+06	1.10825e+06	
1.131e+06	1.13725e+06	1.12525e+06	1.13925e+06	1.12225e+06	
1.1385e+06	1.1115e+06	1.13975e+06	1.13475e+06	1.10575e+06	
1.1095e+06	1.12975e+06	1.1405e+06	1.15e+06	1.121e+06	
1.10825e+06	1.1215e+06	1.11775e+06	1.11975e+06	1.14925e+06	
1.1145e+06	1.117e+06	1.114e+06	1.11525e+06	1.12475e+06	
1.1235e+06	1.0975e+06	1.1335e+06	1.1165e+06	1.13275e+06	
1.1235e+06	1.10125e+06	1.10275e+06	1.07375e+06	1.092e+06	
1.08125e+06	1.06475e+06	1.0945e+06	1.1065e+06	1.097e+06	
1.068e+06	1.0435e+06	1.0945e+06	1.08875e+06	1.071e+06	
1.08e+06	1.10125e+06	1.0975e+06	1.08675e+06	1.08e+06	
1.08175e+06	1.09325e+06	1.0805e+06	1.09e+06	1.102e+06	
1.09075e+06	1.09875e+06	1.06675e+06	1.0825e+06	1.071e+06	
1.0925e+06	1.08175e+06	1.109e+06	1.09375e+06	1.1e+06	
1.09575e+06	1.075e+06	1.109e+06	1.08625e+06	1.0975e+06	
1.102e+06	1.10525e+06	1.073e+06	1.10525e+06	1.0895e+06	
1.07625e+06	1.09075e+06	1.07675e+06	1.073e+06	1.07625e+06	
1.049e+06	1.0925e+06	1.09875e+06	1.11075e+06	1.0685e+06	
1.10825e+06	1.066e+06	1.06475e+06	1.11025e+06	1.078e+06	
1.06175e+06	1.08175e+06	1.07875e+06	1.061e+06	1.08425e+06	
1.0725e+06	1.049e+06	1.05925e+06	1.0895e+06	1.085e+06	
1.0345e+06	1.06675e+06	1.0395e+06	1.07425e+06	1.0535e+06	
991750	1.044e+06	1.02075e+06	1.0365e+06	1.017e+06	
1.0075e+06	1.008e+06	1.0265e+06	1.01875e+06	996250	
1.00175e+06	1.00675e+06	996750	1.02575e+06	1.0005e+06	
1.0415e+06	1.02825e+06	1.01325e+06	1.0345e+06	1.015e+06	
1.04025e+06	1.017e+06	1.03025e+06	1.05475e+06	1.0145e+06	
1.0415e+06	1.027e+06	1.075e+06	1.0535e+06	1.044e+06	
1.07925e+06	1.01325e+06	1.037e+06	1.0395e+06	1.04475e+06	
1.03525e+06	1.058e+06	1.05025e+06	1.05975e+06	1.027e+06	
1.04725e+06	1.0585e+06	1.06475e+06	1.039e+06	1.04025e+06	
1.05525e+06	1.054e+06	1.034e+06	1.02775e+06	1.07425e+06	
1.0925e+06	1.03025e+06	1.04775e+06	1.0345e+06	1.061e+06	
1.0345e+06	1.0725e+06	1.07675e+06	1.0465e+06	1.04775e+06	
1.0705e+06	1.05275e+06	1.083e+06	1.05675e+06	1.05275e+06	
1.068e+06	1.06475e+06	1.054e+06	1.06975e+06	1.04025e+06	
1.06175e+06	1.05225e+06	1.0485e+06	1.0515e+06	1.07625e+06	
1.05925e+06	1.039e+06	1.06675e+06	1.078e+06	1.06975e+06	
1.0415e+06	1.06425e+06	1.05975e+06	1.061e+06	1.054e+06	
1.0365e+06	1.03025e+06	1.02775e+06	1.0485e+06	1.0365e+06	
1.039e+06	1.05925e+06	1.05475e+06	1.04275e+06	1.0365e+06	
1.04975e+06	1.044e+06	1.04975e+06	1.02325e+06	1.06225e+06	
1.051e+06	1.02325e+06	1.05225e+06	1.034e+06	1.049e+06	
1.04475e+06	1.04725e+06	1.04775e+06	1.04075e+06	1.02825e+06	
1.03075e+06	1.05275e+06	1.04025e+06	1.04225e+06	1.03325e+06	
994250	1.04975e+06	1.03275e+06	1.04775e+06	1.0635e+06	
1.03525e+06	1.02075e+06	1.05275e+06	1.012e+06	1.04025e+06	
1.03825e+06	1.0245e+06	1.03275e+06	1.061e+06	1.04475e+06	
1.015e+06	1.02125e+06	1.02375e+06	1.01825e+06	1.02575e+06	
1.02075e+06	1.0125e+06	1.03775e+06	1.03525e+06	1.022e+06	
1.015e+06	1.03525e+06	1.029e+06	1.0125e+06	1.06725e+06	
1.0125e+06	1.032e+06	1.015e+06	1.03775e+06	1.005e+06	
1.03325e+06	1.01625e+06	1.015e+06	1.0395e+06	1.029e+06	
1.0365e+06	1.0195e+06	1.04075e+06	1.0195e+06	1.03075e+06	
1.027e+06	1.005e+06	1.0175e+06	987250	1.0265e+06	
1.04525e+06	1.01375e+06	1.03075e+06	1.0025e+06	994750	
1.015e+06	1.02125e+06	1.00875e+06	1.01375e+06	1.01625e+06	
974000	994250	1.02125e+06	1.0225e+06	1.02325e+06	
1.003e+06	1.0075e+06	1.017e+06	989750	1.01575e+06	
1.01125e+06	1.00375e+06	988500	1.00125e+06	984250	
991000	998000	1.008e+06	981000	998750	
962000	969000	977750	991750	979000	
944500	959500	972750	947000	975250	
945000	972250	969750	952000	967750	
979000	988000	969000	948750	964750	
960250	977750	976500	977750	966500	
973500	976000	989250	955750	988500	
976000	983500	969000	991000	991750	
969000	993500	979750	978500	980500	
984750	971500	977250	981000	973500	
956500	998000	968500	960250	984750	
990500	970250	984750	986750	971500	
977750	986750	978500	960250	984750	
967250	967750	991000	970250	977750	
982250	960750	1.0025e+06	966500	977750	
960750	974000	966500	984250	966000	
981750	979000	952000	984750	971000	
983000	952000	967750	956500	950750	
991000	965250	956500	965250	984250	
962000	969000	966000	984750	954000	
945000	981000	966000	972250	967750	
958250	964750	977250	954500	965250	
957750	953250	948750	966000	954000	
970250	946250	953250	933750	971000	
968500	938250	989250	940750	953250	
964000	960250	955250	960750	954000	
946250	955750	948250	942000	951500	
950250	957750	950750	932500	945750	
951500	963250	946250	968500	936250	
965250	946250	964750	922500	959000	
973500	946250	941250	933750	945750	
935750	937500	966500	916750	929250	
950250	926250	952750	936250	959000	
935750	954000	947000	935000	943250	
925000	924250	945750	954000	958250	
923750	926750	942000	931750	942500	
917250	921250	906750	954500	930500	
916000	929250	955250	930500	940750	
941250	938250	928000	932500	918750	
937500	918000	925000	931750	923750	
921750	920500	921750	923000	962750	
918750	939500	933000	924250	927500	
911750	918000	898500	926250	928750	
929250	922500	923750	925000	930500	
922500	907250	914750	923000	929250	
904250	914750	942000	908500	931250	
894000	938250	903500	920500	931250	
905500	891000	895250	931750	934500	
905500	894750	926750	906000	912250	
896000	898500	889750	906000	919250	
891500	913500	890250	906750	909250	
920500	917250	908000	894750	926750	
906000	908000	914750	892750	891500	
884500	923750	904250	905500	898500	
914250	899000	925000	900250	909250	
896500	889000	933750	908000	916750	
878250	887000	894750	903500	925500	
887750	913500	899750	908500	908000	
885750	899000	899000	894750	906750	
882750	889000	883250	897250	876500	
881500	867500	872500	894750	887750	
884000	894750	902250	874000	894750	
883250	925500	897250	894000	913500	
889000	877750	899000	904750	908000	
879500	901500	880250	896000	886500	
884000	875750	875750	885750	865750	
860000	884500	868250	882750	882000	
891500	875750	873250	874000	866250	
853750	845500	871250	883250	887000	
865750	860000	855500	892750	866250	
862500	863750	884000	874000	882750	
875750	884500	875250	877000	843000	
877750	866250	874000	874000	876500	
876500	861250	877750	875250	854250	
853750	854250	891500	859500	853750	
877000	851250	867500	877750	873250	
857500	884500	853000	870750	874000	
845500	865000	872500	891500	856250	
850000	862500	864500	864500	859500	
839750	863250	856250	862000	862500	
840500	851250	838000	853000	876500	
867000	867000	845000	877750	852500	
867500	849250	838000	857500	851250	
853000	874500	884500	854250	849250	
846750	839750	837250	839250	840500	
843750	856250	832250	846250	853750	
851750	836750	833000	828000	839250	
845500	854250	832250	835500	833500	
847500	848000	858250	843000	833000	
831750	838000	856750	860750	833500	
843750	826000	835500	833500	845000	
836750	828000	846250	833500	831750	
827250	843000	848000	813500	839750	
825250	842500	829750	829750	837250	
824000	827250	845500	807000	816000	
834750	816000	834750	807000	820250	
815250	813500	829750	838500	825250	
790000	821000	822250	809500	812750	
809500	819000	804000	801500	796500	
800250	802750	807000	814000	800750	
817750	797000	790000	792500	814750	
800750	794500	802750	799500	792000	
788250	799500	796500	785000	790750	
780000	770000	795000	772500	782500	
793250	789500	780000	785000	792000	
783250	791250	779250	784500	778750	
783250	785000	778000	782500	788750	
771750	781250	783750	751750	783250	
754250	770500	782000	789500	775500	
784500	759750	788250	779250	772500	
771750	757250	753500	770000	780000	
730250	764250	756750	765500	778750	
777500	748500	766250	754750	771750	
772500	775500	770000	772500	759250	
770000	790750	761750	770000	751750	
764750	774250	761000	739000	768000	
750500	768750	780000	771750	768750	
770500	754750	771250	776750	766250	
742750	761750	753000	776750	756000	
751750	774250	768750	760500	775000	
778000	753500	754750	747250	756750	
758000	790000	768000	778750	757250	
745250	774250	773750	761000	753500	
771750	762250	779250	785000	772500	
792500	766250	785000	776750	783250	
775500	781250	793250	780500	788750	
790750	785750	805750	768750	785750	
788250	787500	772500	778750	776250	
790000	780500	767500	778000	802000	
797000	785000	794500	799000	807000	
766750	768750	800750	793250	781250	
787000	785750	798250	804000	769250	
765500	789500	758000	776250	797750	
789500	784500	803250	787000	793750	
766250	797000	768750	783750	793750	
741000	800250	779250	765500	791250	
762250	764250	765500	790000	767500	
750500	775000	800750	758500	761750	
757250	761000	760500	766250	757250	
759750	764750	744750	761000	754750	
759750	763000	756000	758000	776250	
754250	727000	761750	734000	751750	
770500	761750	761750	758500	749750	
760500	736000	753000	757250	764250	
774250	745250	753000	746000	741500	
774250	759250	756000	750500	758500	
767500	741500	744750	752250	749750	
742750	729500	766250	793750	760500	
734000	752250	751750	751750	744750	
739750	744000	730250	762250	761000	
770000	783750	757250	755500	752250	
749000	762250	774250	732750	739000	
749000	759250	764750	728250	763000	
741000	755500	752250	748500	763000	
754250	746000	731500	763000	748500	
758000	764750	745250	751750	750500	
747250	761750	751000	740250	777500	
728250	751000	721500	733250	756750	
733250	740250	730250	746000	731500	
751000	741000	746000	753000	734500	
746500	744000	759250	741000	751750	
742750	746000	734500	751750	735250	
739750	749750	756000	753500	732000	
725750	729000	736500	742250	733250	
739750	725750	730750	745250	727750	
729500	710750	733250	747250	722000	
742750	744750	739000	742250	732750	
711250	745250	744750	733250	746500	
744750	744750	727000	753000	730750	
749000	717000	741000	725250	751750	
715000	741000	717000	754250	724000	
737750	747750	747250	715000	716250	
737250	736500	711250	756000	752250	
710000	730250	742750	731500	700500	
728250	722750	727000	741500	715750	
734000	730750	735250	738500	742250	
750500	736500	720250	725250	717000	
713750	748500	737250	739750	747750	
736500	741500	724000	720750	712000	
737250	732750	740250	715750	744750	
746000	739750	730250	747250	736500	
736500	722000	737750	765500	742750	
752250	749750	753000	763000	732750	
751000	751000	762250	742250	731500	
739000	736500	720250	741000	758000	
744750	740250	768000	744000	729500	
747250	735250	739000	736500	732750	
742750	746500	737750	726500	725250	
756000	738500	740250	730250	743500	
743500	718250	751750	730750	731500	
742750	724000	744000	747250	744000	
746500	732750	722000	722000	754250	
746500	720750	727750	714500	737750	
739750	729500	745250	725250	709500	
736000	736000	722000	725750	728250	
737750	720750	734500	717500	719500	
703000	720250	727750	726500	729500	
741000	724500	718750	722750	732750	
722750	721500	712500	716250	731500	
744750	723250	745250	705750	728250	
735250	732000	731500	712500	715000	
701750	721500	725250	715750	717500	
707000	706250	712000	717500	711250	
722750	720750	708750	713250	729500	
717500	737250	717500	720750	717000	
717500	731500	727000	727750	717500	
712500	713250	725250	723250	705000	
712500	699250	715000	734000	729500	
713750	725750	710750	705750	686000	
716250	715000	712500	707000	705000	
706250	708250	717500	726500	706250	
693750	730750	687250	681750	706250	
707500	707500	696250	715750	678500	
712000	688000	686750	699250	699250	
699250	684750	698750	696250	711250	
679250	685500	671000	686750	683000	
694250	680500	677250	688500	684250	
683500	662250	679250	681750	679250	
688500	696750	674750	691250	697500	
659750	663500	675500	690500	690500	
659750	656500	664000	686000	672750	
678500	678000	667250	674250	666000	
670250	652000	682250	679750	662250	
656500	669750	652000	651500	676000	
674750	666500	656500	655250	674250	
659750	666000	637000	660250	664000	
664000	660250	667250	657000	669000	
664000	649500	659750	654500	666000	
652000	644500	655750	654500	651500	
667250	647000	657000	651500	664750	
648250	644000	655750	642500	648250	
658500	655250	629500	653250	662250	
655750	645750	684750	642000	662750	
649500	639500	647750	643250	669750	
653250	669750	638250	666000	673500	
640000	657000	641250	650250	650250	
655250	655250	655750	655250	652000	
649000	665250	639500	653250	651500	
654500	662250	646500	640000	642000	
657750	657000	637500	650250	652750	
645250	663500	638250	650250	657750	
641250	674250	650250	661500	661000	
663500	651500	647000	642500	645750	
647000	650750	652000	647750	640750	
645250	668500	655250	657750	652750	
656500	656500	646500	652750	633750	
663500	676000	649000	640750	672750	
655250	655750	667250	640000	644000	
654500	655250	652000	666500	640000	
666500	656500	659000	655250	657750	
659750	655750	691250	662750	657000	
674250	678000	667250	659000	674250	
655250	656500	643250	678000	659750	
676000	657750	663500	635750	646500	
653250	681000	647000	644000	665250	
655750	654000	679250	656500	663500	
664750	660250	655750	652000	648250	
671500	661000	669000	660250	677250	
645250	647750	664000	649000	647000	
662750	672750	666000	647000	652750	
657750	652000	669750	649500	660250	
654500	665250	656500	649500	645250	
661000	649000	648250	654000	653250	
654000	671500	635750	638250	668500	
636250	636250	667750	644500	644000	
637500	639500	638250	632000	649000	
650750	655250	649500	666000	644000	
652750	659750	664000	642000	652750	
653250	637000	654000	654000	661500	
652000	657000	650250	647000	653250	
646500	661000	644000	645750	648250	
652750	657750	637000	646500	637000	
642500	669750	643250	639500	659000	
646500	644500	667250	629500	666000	
645750	657000	645250	662250	645250	
653250	664000	644500	638750	654000	
657750	651500	664750	634500	658500	
649000	644500	642500	648250	650750	
655750	657000	654500	650750	640000	
662750	654500	659000	648250	657750	
654000	645750	642000	642000	666000	
637500	647000	667250	647000	666500	
673500	663500	664000	640000	647750	
660250	647000	637000	644000	647750	
651500	673500	654500	636250	651500	
650750	636250	655750	643250	636250	
638750	643250	650750	649500	655750	
649000	641250	649500	638750	660250	
627500	650750	666000	644500	650250	
653250	641250	650750	654500	640750	
651500	639500	652750	638750	647000	
628250	645250	647750	630750	655250	
658500	648250	662250	635750	651500	
666500	642500	661500	654500	646500	
657750	664750	671500	667250	647750	
647000	650750	638750	653250	642000	
651500	652750	650250	649000	652750	
651500	654000	658500	674250	657000	
645750	636250	667250	649500	659750	
632500	629500	642000	653250	656500	
659750	659000	657000	662750	663500	
652000	649000	654000	643250	666500	
642000	643250	650250	658500	654500	
659000	634500	652000	640750	655750	
644000	640750	667250	654000	642000	
640750	661000	647000	644000	646500	
635750	653250	649500	649000	644500	
647000	655250	655250	649000	643250	
640750	645750	638250	638750	659000	
626750	655250	647000	626750	633250	
656500	647750	667250	638250	643250	
655250	635000	657000	647000	667250	
647000	626250	635000	634500	650250	
654000	654000	644000	671000	634500	
644500	640000	655750	655750	667750	
632000	647750	661000	664000	638750	
626250	632500	653250	645750	659750	
653250	626750	656500	637000	636250	
647000	639500	640750	674250	648250	
653250	646500	655250	649000	630000	
635750	662750	674250	645750	654500	
650750	645250	660250	640000	648250	
654000	642000	638250	630750	658500	
661000	654500	644000	655750	656500	
652750	625500	652750	654500	656500	
654000	644000	664750	661500	652000	
661500	650250	633750	640000	656500	
648250	637000	630000	655250	644000	
647750	640750	664750	660250	668500	
638750	633750	655250	642000	661000	
654500	647000	655750	662250	639500	
635750	636250	639500	636250	630750	
654000	626750	652750	627500	674750	
656500	641250	635750	659000	641250	
644500	623000	652750	654500	649000	
642000	655750	661500	632000	638250	
637500	649500	633250	648250	632500	
637000	630750	644000	654000	643250	
654500	650750	627500	642000	647000	
648250	632500	635000	658500	620500	
639500	652750	659750	637000	652750	
657750	638250	638750	647750	650250	
654500	625000	616750	668500	638750	
638250	645250	638750	615500	657000	
652750	661500	636250	647750	641250	
632000	630000	634500	626750	636250	
659000	671500	642000	655250	637500	
674750	644000	655750	637500	635750	
657750	650250	649500	654000	662250	
664000	640750	634500	655250	614250	
643250	645250	639500	655750	661000	
644500	638250	650750	647750	652750	
648250	647000	659000	660250	671500	
638750	637500	637000	666000	659750	
626750	644000	632000	647750	645750	
644000	646500	644500	649000	638750	
618000	635000	647750	646500	655250	
641250	653250	635750	642500	650750	
635750	651500	642000	660250	658500	
647000	649500	655750	659000	657750	
654500	637000	655750	647000	653250	
664000	652750	636250	647000	646500	
644500	646500	638750	636250	654000	
637500	664750	645750	637500	647750	
668500	654500	645250	652000	635000	
633250	629500	664000	645750	642500	
637000	635000	637000	644500	655750	
659750	657000	659750	618000	642000	
642500	638250	654000	641250	647750	
647750	642000	645250	642000	640000	
652750	642000	642000	654000	649000	
657000	632500	624250	644500	652750	
661000	643250	633250	644000	642000	
640000	631250	650750	650750	637500	
645250	628250	628750	637000	626250	
635000	644500	654500	637000	630750	
642000	627500	633250	644500	644000	
647750	641250	656500	638250	657000	
650250	647000	672750	635000	642500	
616250	640000	643250	639500	637000	
657750	639500	637000	658500	617500	
635750	630000	641250	632000	652000	
638750	628250	659750	635000	642000	
647750	630750	649000	655250	645250	
647000	649000	617500	649500	633250	
655250	647000	637000	645250	641250	
635000	630000	648250	647000	633250	
645750	661500	642000	650250	640750	
627500	650250	638250	652750	636250	
628250	647000	640000	623000	637500	
646500	638250	637000	660250	621750	
645250	645250	635000	634500	636250	
652750	644500	629500	627500	636250	
647750	633750	651500	623750	664750	
641250	643250	654000	636250	655250	
626750	638750	650750	642500	633250	
642500	641250	638750	624250	638250	
638750	648250	643250	636250	633250	
635000	635750	634500	643250	630750	
626750	640000	642000	655750	626250	
624250	654500	650250	650250	654000	
631250	624250	624250	629500	659000	
629500	638750	636250	639500	622500	
646500	637500	630750	632500	632500	
634500	633750	648250	635000	659750	
626750	625500	636250	628750	644500	
638250	640750	638250	619250	640750	
640750	625500	654500	621750	651500	
642000	641250	650250	627500	644000	
635750	659750	650250	645250	642000	
652000	645250	623000	634500	644500	
664000	637500	644000	633250	638750	
635000	635000	626750	637000	638250	
642000	649500	626250	645250	649500	
616250	642000	632500	621250	638250	
650750	635000	638750	643250	626750	
643250	654000	650750	626250	628250	
645250	633750	655750	642000	640000	
639500	632000	621750	626250	623000	
639500	621750	640000	632000	633750	
625000	642500	648250	618750	657000	
642500	643250	626250	633250	645250	
641250	640750	638750	645750	637500	
635750	630750	654500	650750	622500	
642000	633250	633750	653250	648250	
628750	655250	656500	626750	648250	
621250	626250	630750	642500	638750	
632000	627500	629500	636250	657750	
642500	638750	639500	635000	644000	
643250	635000	635750	632500	644000	
611750	647750	630750	635750	633750	
652000	628250	623750	650250	638250	
638250	628750	630750	637000	659000	
636250	643250	633250	638750	642000	
636250	637500	642500	642500	633250	
621750	645250	630000	625000	647000	
649500	635000	645750	620000	630000	
633750	647000	638750	635750	628250	
648250	633750	635000	645750	633250	
640750	651500	628750	628750	633750	
633250	642500	646500	622500	650750	
640750	638750	638750	628750	627500	
642000	638250	632000	641250	637500	
640000	618000	651500	632500	633750	
641250	630750	628250	633250	635750	
631250	638750	623000	627500	632500	
640000	621750	639500	626750	626250	
626750	621250	624250	618000	641250	
640000	627500	628250	646500	633250	
639500	631250	638750	640000	636250	
633250	605500	651500	655250	645250	
625000	655750	647000	642000	652000	
624250	639500	638250	612500	630750	
642500	607250	644000	624250	640000	
649500	638250	639500	645250	626750	
623750	633750	647000	627500	644000	
606000	618750	633250	634500	629500	
623000	640750	628750	630000	631250	
628750	628750	629500	620500	622500	
632000	617500	648250	631250	637000	
645750	623000	619250	631250	653250	
625500	625500	625000	640750	633250	
637500	635000	626750	613750	637000	
637000	634500	618000	655250	638750	
623000	632500	651500	637000	628250	
644000	644000	637000	624250	637500	
622500	635000	632500	647750	626250	
633750	635000	638250	635750	644500	
629500	625500	644000	627500	626750	
618750	645250	613000	642000	647750	
628250	630750	626750	630750	631250	
615000	654000	638750	647750	614250	
645750	647750	631250	621250	630750	
629500	641250	628250	638750	625500	
616750	636250	635000	642000	630000	
623750	608500	621750	637500	642000	
645250	632000	642000	622500	626750	
644000	644000	620500	642000	632500	
638250	620500	630000	621750	660250	
630750	632000	646500	639500	628750	
621750	624250	616750	641250	638250	
626250	640750	624250	638750	652000	
652000	614250	628750	620500	632500	
622500	637500	625000	624250	638750	
632500	649500	640750	639500	621750	
618000	643250	638250	623000	630000	
629500	636250	628250	638250	659750	
638250	630750	637000	638750	627500	
635000	627500	651500	644500	642000	
627500	619250	625000	630750	618000	
654000	640000	623750	647750	627500	
633250	604250	626250	632500	648250	
642500	628750	628250	649500	633750	
615000	637500	637000	609250	644500	
647750	632000	637500	628750	623750	
615500	635000	633250	630000	627500	
627500	626750	620500	615000	620000	
630000	620500	646500	643250	635750	
632500	649000	638250	640750	623000	
633750	639500	626250	632000	621750	
612500	642500	642500	620000	640000	
623750	634500	638750	647750	631250	
631250	641250	615500	633750	623750	
647750	624250	645250	638750	620000	
608000	647000	634500	640750	638250	
645250	642500	625000	631250	637500	
645750	633250	630750	641250	644500	
643250	640750	632500	644500	639500	
622500	645750	638750	638250	644000	
603500	613000	635750	633750	637500	
628750	644000	647750	628250	647750	
645250	638750	636250	621750	630750	
625000	656500	641250	633250	619250	
644000	620000	642000	627500	640750	
626750	616250	646500	633250	635000	
626750	616250	646500	633250	635000	
626750	616250	646500	633250	635000	
