4250	4250	4250	4250	4250	
7.13825e+06	7.13825e+06	7.13825e+06	7.13825e+06	7.13825e+06	
545000	540000	533000	541750	521750	
528000	509750	504000	509000	512750	
516000	512750	521750	519000	505250	
519000	519000	528500	509000	505250	
511500	496500	523500	502000	509000	
521000	496500	511000	517750	510250	
526000	526750	512750	500250	514750	
523500	516000	523000	523000	506000	
519000	523000	523500	515250	517250	
524250	504000	513500	528000	545500	
534750	519000	533500	529750	533500	
523500	525500	523500	523500	543000	
527250	540000	528500	522250	550000	
558250	556250	547500	534750	546750	
552000	526750	558750	542500	538750	
552000	550500	552500	563250	556250	
548750	542500	555000	555000	558750	
569500	563250	558750	559500	543000	
560000	553750	558250	573250	558250	
568250	575750	577750	572000	579000	
582250	569000	565750	575250	575250	
649500	647750	635000	647750	649500	
822750	816000	819750	815250	828500	
836750	838500	819750	808250	824750	
822250	822250	829250	826500	829750	
834250	843750	841000	820250	859500	
834750	833000	849250	843000	842500	
838500	860000	859500	842500	846250	
862000	861250	860750	865000	844250	
877000	882000	860750	887000	874500	
877000	887750	884000	879000	889750	
922500	899000	921250	904250	894750	
900250	930000	921250	914750	914250	
927500	904250	919250	901000	912250	
901000	923750	914250	909750	897250	
925000	909750	918000	924250	907250	
894750	913000	916750	915500	923750	
883250	927500	908000	904750	890250	
916000	918000	937000	926750	925000	
949500	963250	937000	951500	946250	
966500	969000	937500	982250	954000	
966500	990500	969750	959000	967250	
984750	969000	986750	971500	990500	
983500	985500	971000	986000	979000	
977250	986750	959500	966000	964750	
957000	937000	988000	971000	969750	
973500	971500	964750	1e+06	973500	
925500	929250	948250	929250	947500	
923750	943750	916000	948750	914250	
933000	939500	919250	916000	923000	
926750	934500	941250	914750	939500	
926250	915500	897750	897750	923750	
909750	906750	879500	905500	889750	
937000	904250	931750	918000	916750	
956500	959500	959500	952000	980500	
1.0075e+06	1.0415e+06	1.025e+06	994250	1.01e+06	
1.0315e+06	1.0195e+06	1.05225e+06	1.01825e+06	1.01e+06	
1.0295e+06	1.0025e+06	1.003e+06	1.03575e+06	1.003e+06	
1.0125e+06	1.01125e+06	1.0075e+06	1.02825e+06	996250	
972250	960750	963250	1e+06	979000	
978500	948750	983500	959500	967250	
998000	989750	1.0075e+06	1.02075e+06	989750	
1.01e+06	1.01625e+06	1.012e+06	1.01825e+06	998000	
1.0655e+06	1.017e+06	1.04775e+06	1.04225e+06	1.03575e+06	
1.04775e+06	1.03825e+06	1.0345e+06	1.0605e+06	1.0515e+06	
1.061e+06	1.0315e+06	1.06975e+06	1.044e+06	1.03025e+06	
1.04975e+06	1.044e+06	1.068e+06	1.066e+06	1.03525e+06	
1.0755e+06	1.05225e+06	1.06675e+06	1.071e+06	1.071e+06	
1.08825e+06	1.08175e+06	1.07175e+06	1.0945e+06	1.09375e+06	
1.08175e+06	1.06975e+06	1.06675e+06	1.1045e+06	1.066e+06	
1.0975e+06	1.0925e+06	1.1045e+06	1.109e+06	1.10075e+06	
1.16375e+06	1.1555e+06	1.17125e+06	1.1505e+06	1.14875e+06	
1.165e+06	1.17125e+06	1.19725e+06	1.21225e+06	1.19975e+06	
1.17875e+06	1.20725e+06	1.20975e+06	1.19725e+06	1.18075e+06	
1.17075e+06	1.22425e+06	1.19975e+06	1.172e+06	1.16575e+06	
1.1865e+06	1.17875e+06	1.17825e+06	1.196e+06	1.17625e+06	
1.1915e+06	1.18525e+06	1.1625e+06	1.175e+06	1.175e+06	
1.1845e+06	1.1675e+06	1.167e+06	1.1745e+06	1.177e+06	
1.155e+06	1.12775e+06	1.16575e+06	1.1605e+06	1.17875e+06	
1.17625e+06	1.1815e+06	1.14925e+06	1.19975e+06	1.17375e+06	
1.2015e+06	1.1915e+06	1.21425e+06	1.2255e+06	1.1725e+06	
1.233e+06	1.225e+06	1.22225e+06	1.21975e+06	1.196e+06	
1.24e+06	1.264e+06	1.24875e+06	1.27525e+06	1.2425e+06	
1.27775e+06	1.24075e+06	1.27475e+06	1.23675e+06	1.26825e+06	
1.23675e+06	1.22925e+06	1.23e+06	1.2375e+06	1.26825e+06	
1.233e+06	1.22675e+06	1.218e+06	1.22625e+06	1.22225e+06	
1.20975e+06	1.235e+06	1.22875e+06	1.20725e+06	1.218e+06	
1.25775e+06	1.247e+06	1.23675e+06	1.2565e+06	1.225e+06	
1.23875e+06	1.2275e+06	1.22175e+06	1.24325e+06	1.21725e+06	
1.16625e+06	1.16e+06	1.15925e+06	1.177e+06	1.18075e+06	
1.19475e+06	1.15875e+06	1.14425e+06	1.17125e+06	1.20225e+06	
1.16175e+06	1.177e+06	1.1775e+06	1.17075e+06	1.182e+06	
1.12775e+06	1.11325e+06	1.1385e+06	1.11075e+06	1.1215e+06	
1.10825e+06	1.09875e+06	1.102e+06	1.104e+06	1.1165e+06	
1.14875e+06	1.11525e+06	1.1e+06	1.1405e+06	1.141e+06	
1.0975e+06	1.13725e+06	1.1455e+06	1.126e+06	1.12025e+06	
1.1455e+06	1.12275e+06	1.1065e+06	1.165e+06	1.12525e+06	
1.17e+06	1.16125e+06	1.218e+06	1.14475e+06	1.19475e+06	
1.247e+06	1.221e+06	1.23375e+06	1.2235e+06	1.25e+06	
1.24075e+06	1.2355e+06	1.23925e+06	1.2445e+06	1.281e+06	
1.25075e+06	1.259e+06	1.23675e+06	1.27475e+06	1.257e+06	
1.27475e+06	1.301e+06	1.28675e+06	1.28925e+06	1.2835e+06	
1.32075e+06	1.281e+06	1.32575e+06	1.322e+06	1.29425e+06	
1.383e+06	1.36425e+06	1.37425e+06	1.3465e+06	1.35475e+06	
1.4115e+06	1.4e+06	1.4145e+06	1.40075e+06	1.429e+06	
1.40125e+06	1.417e+06	1.436e+06	1.4095e+06	1.40575e+06	
1.4045e+06	1.39375e+06	1.39825e+06	1.39575e+06	1.38875e+06	
1.29675e+06	1.3245e+06	1.33575e+06	1.33125e+06	1.33775e+06	
1.3025e+06	1.29425e+06	1.322e+06	1.32325e+06	1.3025e+06	
1.3155e+06	1.28725e+06	1.303e+06	1.291e+06	1.3345e+06	
1.33075e+06	1.33825e+06	1.31875e+06	1.366e+06	1.3275e+06	
1.39375e+06	1.4025e+06	1.3995e+06	1.41325e+06	1.38125e+06	
1.436e+06	1.41825e+06	1.45675e+06	1.41025e+06	1.40825e+06	
1.33125e+06	1.373e+06	1.4045e+06	1.38625e+06	1.393e+06	
1.337e+06	1.2985e+06	1.32825e+06	1.34575e+06	1.3415e+06	
1.2955e+06	1.2475e+06	1.24625e+06	1.298e+06	1.28475e+06	
1.23e+06	1.19025e+06	1.21225e+06	1.21425e+06	1.1895e+06	
1.15625e+06	1.12225e+06	1.1505e+06	1.16625e+06	1.175e+06	
1.13275e+06	1.112e+06	1.11775e+06	1.17075e+06	1.17e+06	
1.1525e+06	1.17075e+06	1.13425e+06	1.15675e+06	1.15175e+06	
1.196e+06	1.187e+06	1.22425e+06	1.18825e+06	1.223e+06	
1.26525e+06	1.28025e+06	1.308e+06	1.25075e+06	1.28525e+06	
1.378e+06	1.3925e+06	1.3945e+06	1.4045e+06	1.39875e+06	
1.41825e+06	1.46425e+06	1.4385e+06	1.436e+06	1.453e+06	
1.43275e+06	1.40325e+06	1.44175e+06	1.4455e+06	1.419e+06	
1.3945e+06	1.3635e+06	1.4045e+06	1.4095e+06	1.3975e+06	
1.409e+06	1.4115e+06	1.44425e+06	1.4075e+06	1.4025e+06	
1.4865e+06	1.47125e+06	1.434e+06	1.46175e+06	1.453e+06	
1.48e+06	1.49575e+06	1.4725e+06	1.465e+06	1.47e+06	
1.4675e+06	1.47375e+06	1.47825e+06	1.4625e+06	1.487e+06	
1.472e+06	1.44675e+06	1.4605e+06	1.468e+06	1.46625e+06	
1.48075e+06	1.472e+06	1.46425e+06	1.4775e+06	1.49025e+06	
1.4675e+06	1.48775e+06	1.4655e+06	1.47075e+06	1.47625e+06	
1.50225e+06	1.4965e+06	1.4995e+06	1.51225e+06	1.52975e+06	
1.56525e+06	1.59975e+06	1.552e+06	1.593e+06	1.584e+06	
1.68225e+06	1.68625e+06	1.698e+06	1.66025e+06	1.6755e+06	
1.74225e+06	1.74925e+06	1.73275e+06	1.75425e+06	1.7505e+06	
1.7315e+06	1.792e+06	1.7625e+06	1.74475e+06	1.72325e+06	
1.78075e+06	1.7725e+06	1.78325e+06	1.77425e+06	1.75675e+06	
1.8235e+06	1.804e+06	1.85825e+06	1.845e+06	1.82675e+06	
1.92125e+06	1.86125e+06	1.89725e+06	1.8835e+06	1.906e+06	
1.85625e+06	1.89025e+06	1.89225e+06	1.87275e+06	1.89975e+06	
1.748e+06	1.7605e+06	1.78325e+06	1.7705e+06	1.76375e+06	
1.62875e+06	1.6395e+06	1.63375e+06	1.63325e+06	1.65975e+06	
1.44725e+06	1.446e+06	1.43775e+06	1.4555e+06	1.4435e+06	
1.29925e+06	1.2595e+06	1.27225e+06	1.30425e+06	1.3055e+06	
1.24575e+06	1.2425e+06	1.2595e+06	1.27025e+06	1.209e+06	
1.37925e+06	1.36675e+06	1.40325e+06	1.368e+06	1.37675e+06	
1.613e+06	1.58975e+06	1.58275e+06	1.60675e+06	1.59225e+06	
1.80075e+06	1.751e+06	1.78625e+06	1.785e+06	1.785e+06	
1.89975e+06	1.87825e+06	1.877e+06	1.90725e+06	1.87025e+06	
1.957e+06	1.95825e+06	1.949e+06	1.9835e+06	1.99175e+06	
1.9055e+06	1.88025e+06	1.886e+06	1.92375e+06	1.894e+06	
1.744e+06	1.75725e+06	1.73775e+06	1.70075e+06	1.76375e+06	
1.52925e+06	1.528e+06	1.53425e+06	1.52225e+06	1.51225e+06	
1.39575e+06	1.414e+06	1.412e+06	1.42475e+06	1.4315e+06	
1.5255e+06	1.50725e+06	1.52725e+06	1.53875e+06	1.5425e+06	
1.83475e+06	1.816e+06	1.8085e+06	1.84125e+06	1.82425e+06	
2.09825e+06	2.12225e+06	2.12775e+06	2.109e+06	2.10025e+06	
2.26275e+06	2.2685e+06	2.269e+06	2.27475e+06	2.29475e+06	
2.4065e+06	2.40825e+06	2.41325e+06	2.402e+06	2.42975e+06	
2.5985e+06	2.5205e+06	2.54575e+06	2.51225e+06	2.4965e+06	
2.52175e+06	2.5665e+06	2.5665e+06	2.555e+06	2.5035e+06	
2.5525e+06	2.5645e+06	2.57475e+06	2.57525e+06	2.55075e+06	
2.56025e+06	2.6125e+06	2.62625e+06	2.6245e+06	2.6055e+06	
2.62325e+06	2.671e+06	2.60425e+06	2.6175e+06	2.60875e+06	
2.62125e+06	2.66675e+06	2.6755e+06	2.6825e+06	2.62075e+06	
2.772e+06	2.7385e+06	2.76625e+06	2.7945e+06	2.7725e+06	
2.75675e+06	2.806e+06	2.80075e+06	2.787e+06	2.81925e+06	
2.81975e+06	2.816e+06	2.8495e+06	2.852e+06	2.90425e+06	
2.869e+06	2.9055e+06	2.91625e+06	2.94075e+06	2.87075e+06	
2.896e+06	2.86575e+06	2.8525e+06	2.84425e+06	2.83875e+06	
2.78075e+06	2.75425e+06	2.82975e+06	2.81225e+06	2.7385e+06	
2.79575e+06	2.81025e+06	2.8015e+06	2.811e+06	2.77575e+06	
2.811e+06	2.85075e+06	2.89425e+06	2.9205e+06	2.881e+06	
2.80525e+06	2.87775e+06	2.88225e+06	2.83225e+06	2.91125e+06	
2.84175e+06	2.82425e+06	2.85375e+06	2.8375e+06	2.8645e+06	
2.80775e+06	2.8575e+06	2.908e+06	2.8375e+06	2.84625e+06	
2.8645e+06	2.857e+06	2.884e+06	2.857e+06	2.92625e+06	
2.81275e+06	2.8405e+06	2.89975e+06	2.83375e+06	2.91625e+06	
2.8495e+06	2.83225e+06	2.83225e+06	2.83875e+06	2.8595e+06	
2.83875e+06	2.81975e+06	2.82675e+06	2.787e+06	2.869e+06	
2.843e+06	2.87525e+06	2.898e+06	2.86125e+06	2.9035e+06	
2.927e+06	2.918e+06	2.91e+06	2.87775e+06	2.9665e+06	
3.00825e+06	2.998e+06	2.9735e+06	3.01825e+06	2.98175e+06	
2.9835e+06	3.044e+06	3.0315e+06	3.05725e+06	3.0215e+06	
3.1255e+06	3.1235e+06	3.1425e+06	3.1185e+06	3.13425e+06	
3.19975e+06	3.257e+06	3.213e+06	3.25525e+06	3.2275e+06	
3.259e+06	3.252e+06	3.25575e+06	3.22925e+06	3.22625e+06	
3.12975e+06	3.18775e+06	3.1915e+06	3.1815e+06	3.1255e+06	
2.971e+06	2.96475e+06	2.94325e+06	2.9275e+06	2.96475e+06	
3.012e+06	2.9275e+06	2.9055e+06	2.92875e+06	2.9395e+06	
2.9875e+06	3.02075e+06	3.0075e+06	3.0365e+06	3.044e+06	
3.211e+06	3.2225e+06	3.1865e+06	3.2425e+06	3.2085e+06	
3.34525e+06	3.2925e+06	3.3385e+06	3.31325e+06	3.37e+06	
3.37925e+06	3.3245e+06	3.3755e+06	3.40575e+06	3.37125e+06	
3.424e+06	3.54325e+06	3.426e+06	3.404e+06	3.4845e+06	
3.38125e+06	3.412e+06	3.4795e+06	3.36425e+06	3.41325e+06	
3.3875e+06	3.378e+06	3.36475e+06	3.35275e+06	3.322e+06	
3.346e+06	3.39e+06	3.32775e+06	3.35425e+06	3.37875e+06	
3.44625e+06	3.429e+06	3.48075e+06	3.43675e+06	3.43475e+06	
3.46375e+06	3.46625e+06	3.511e+06	3.494e+06	3.57725e+06	
3.46625e+06	3.48525e+06	3.49275e+06	3.47375e+06	3.448e+06	
3.4935e+06	3.50725e+06	3.4555e+06	3.482e+06	3.51725e+06	
3.42475e+06	3.433e+06	3.462e+06	3.4625e+06	3.5355e+06	
3.501e+06	3.42475e+06	3.51475e+06	3.51175e+06	3.4815e+06	
3.52375e+06	3.5325e+06	3.603e+06	3.588e+06	3.57525e+06	
3.71025e+06	3.66175e+06	3.68175e+06	3.6585e+06	3.64475e+06	
3.719e+06	3.6805e+06	3.63825e+06	3.70825e+06	3.721e+06	
3.528e+06	3.5185e+06	3.61875e+06	3.56075e+06	3.63525e+06	
3.5085e+06	3.45625e+06	3.571e+06	3.56775e+06	3.579e+06	
3.574e+06	3.479e+06	3.53175e+06	3.533e+06	3.5015e+06	
3.50225e+06	3.5305e+06	3.571e+06	3.56075e+06	3.5615e+06	
3.55325e+06	3.54125e+06	3.61375e+06	3.58025e+06	3.55775e+06	
3.63775e+06	3.62075e+06	3.634e+06	3.63025e+06	3.637e+06	
3.64475e+06	3.65475e+06	3.726e+06	3.644e+06	3.661e+06	
3.68625e+06	3.6145e+06	3.6685e+06	3.6755e+06	3.6485e+06	
3.6025e+06	3.62e+06	3.62125e+06	3.62e+06	3.6005e+06	
3.7485e+06	3.74675e+06	3.7045e+06	3.68425e+06	3.7385e+06	
3.78825e+06	3.83925e+06	3.8255e+06	3.81225e+06	3.772e+06	
3.95975e+06	3.92575e+06	3.956e+06	3.9415e+06	3.925e+06	
3.91125e+06	3.9825e+06	3.9615e+06	3.971e+06	3.9615e+06	
3.95975e+06	3.9105e+06	3.94275e+06	3.9735e+06	3.94525e+06	
3.75425e+06	3.818e+06	3.828e+06	3.8305e+06	3.82475e+06	
3.6925e+06	3.7405e+06	3.76875e+06	3.6705e+06	3.71825e+06	
3.7115e+06	3.702e+06	3.74975e+06	3.765e+06	3.719e+06	
3.71575e+06	3.67625e+06	3.6755e+06	3.69325e+06	3.683e+06	
3.7895e+06	3.78e+06	3.772e+06	3.813e+06	3.85e+06	
3.9035e+06	3.92125e+06	3.9705e+06	3.9035e+06	3.90875e+06	
3.937e+06	3.95475e+06	3.98875e+06	3.9535e+06	4.03025e+06	
3.9325e+06	3.95025e+06	3.96675e+06	3.91375e+06	3.9365e+06	
3.96975e+06	3.9225e+06	3.99125e+06	3.98625e+06	3.89675e+06	
3.9035e+06	3.8445e+06	3.91875e+06	3.843e+06	3.86075e+06	
3.94525e+06	3.98175e+06	3.97725e+06	3.94025e+06	3.99425e+06	
4.0845e+06	4.04025e+06	4.06e+06	4.04475e+06	4.082e+06	
3.942e+06	3.99875e+06	3.98925e+06	4.007e+06	4.02325e+06	
3.971e+06	4.02275e+06	3.96525e+06	3.96025e+06	4.0165e+06	
3.8495e+06	3.801e+06	3.81425e+06	3.84825e+06	3.84175e+06	
3.86525e+06	3.8885e+06	3.99375e+06	3.932e+06	3.91375e+06	
3.93125e+06	3.8815e+06	3.98675e+06	3.97175e+06	3.91e+06	
4.0745e+06	3.993e+06	3.99825e+06	4.002e+06	4.0555e+06	
3.92e+06	3.92825e+06	3.893e+06	3.90175e+06	3.9515e+06	
3.772e+06	3.85125e+06	3.8375e+06	3.84175e+06	3.811e+06	
3.70825e+06	3.721e+06	3.6515e+06	3.70125e+06	3.7235e+06	
3.49775e+06	3.4985e+06	3.47375e+06	3.475e+06	3.516e+06	
3.27475e+06	3.2175e+06	3.21225e+06	3.25325e+06	3.2515e+06	
3.16325e+06	3.17025e+06	3.14375e+06	3.16575e+06	3.1965e+06	
3.2545e+06	3.26775e+06	3.2495e+06	3.26025e+06	3.2135e+06	
3.6195e+06	3.646e+06	3.721e+06	3.71575e+06	3.7505e+06	
4.07125e+06	4.10325e+06	4.058e+06	4.11925e+06	4.09075e+06	
4.334e+06	4.2715e+06	4.38375e+06	4.29425e+06	4.37675e+06	
4.30625e+06	4.27025e+06	4.2875e+06	4.33025e+06	4.36425e+06	
4.295e+06	4.32075e+06	4.29125e+06	4.2665e+06	4.31125e+06	
4.3555e+06	4.341e+06	4.4135e+06	4.37425e+06	4.39575e+06	
4.363e+06	4.36675e+06	4.4095e+06	4.344e+06	4.3755e+06	
4.085e+06	4.14925e+06	4.174e+06	4.12925e+06	4.15075e+06	
4.20475e+06	4.16775e+06	4.1955e+06	4.1575e+06	4.2125e+06	
4.33025e+06	4.29e+06	4.33725e+06	4.3045e+06	4.341e+06	
4.436e+06	4.4865e+06	4.47e+06	4.46325e+06	4.46e+06	
4.5975e+06	4.58175e+06	4.608e+06	4.58175e+06	4.51675e+06	
4.61325e+06	4.649e+06	4.6895e+06	4.7385e+06	4.67375e+06	
4.838e+06	4.869e+06	4.913e+06	4.81475e+06	4.867e+06	
4.86975e+06	4.91625e+06	4.8615e+06	4.95475e+06	4.84075e+06	
4.8595e+06	4.934e+06	4.937e+06	4.90925e+06	4.8715e+06	
4.828e+06	4.796e+06	4.881e+06	4.93575e+06	4.80275e+06	
4.70825e+06	4.76575e+06	4.80225e+06	4.7675e+06	4.7675e+06	
4.6005e+06	4.5855e+06	4.6025e+06	4.5975e+06	4.59225e+06	
4.50175e+06	4.4065e+06	4.48575e+06	4.50475e+06	4.4505e+06	
4.397e+06	4.414e+06	4.38625e+06	4.38125e+06	4.3925e+06	
4.54e+06	4.56275e+06	4.5715e+06	4.5785e+06	4.5565e+06	
4.813e+06	4.7455e+06	4.76625e+06	4.80475e+06	4.83375e+06	
4.79775e+06	4.7815e+06	4.8155e+06	4.85575e+06	4.85325e+06	
4.8395e+06	4.8155e+06	4.8615e+06	4.86575e+06	4.84e+06	
4.86025e+06	4.77125e+06	4.73475e+06	4.78525e+06	4.81475e+06	
4.96925e+06	4.9315e+06	5.00125e+06	5.0115e+06	4.9535e+06	
5.12725e+06	5.10725e+06	5.16575e+06	5.138e+06	5.087e+06	
5.213e+06	5.24775e+06	5.329e+06	5.324e+06	5.24825e+06	
5.31325e+06	5.25225e+06	5.3265e+06	5.2785e+06	5.27425e+06	
5.4305e+06	5.409e+06	5.49525e+06	5.43875e+06	5.4405e+06	
5.479e+06	5.47025e+06	5.47325e+06	5.506e+06	5.3775e+06	
5.399e+06	5.365e+06	5.48025e+06	5.4525e+06	5.428e+06	
5.39275e+06	5.3675e+06	5.2805e+06	5.34475e+06	5.327e+06	
5.47575e+06	5.339e+06	5.39275e+06	5.399e+06	5.38575e+06	
5.41725e+06	5.43175e+06	5.419e+06	5.48025e+06	5.3945e+06	
5.44625e+06	5.4355e+06	5.49275e+06	5.49925e+06	5.47025e+06	
5.53375e+06	5.50925e+06	5.51875e+06	5.50475e+06	5.581e+06	
5.49925e+06	5.4915e+06	5.4545e+06	5.494e+06	5.49525e+06	
5.3075e+06	5.28675e+06	5.3265e+06	5.36e+06	5.39075e+06	
5.181e+06	5.20475e+06	5.2125e+06	5.18475e+06	5.2175e+06	
5.28625e+06	5.35175e+06	5.29175e+06	5.3e+06	5.3675e+06	
5.42225e+06	5.47025e+06	5.469e+06	5.42425e+06	5.428e+06	
5.50425e+06	5.494e+06	5.49475e+06	5.5835e+06	5.56525e+06	
5.7045e+06	5.72225e+06	5.7745e+06	5.673e+06	5.76375e+06	
5.8015e+06	5.743e+06	5.7645e+06	5.80975e+06	5.733e+06	
5.7985e+06	5.709e+06	5.7385e+06	5.80675e+06	5.7625e+06	
5.7645e+06	5.8325e+06	5.79275e+06	5.762e+06	5.8785e+06	
5.8015e+06	5.73225e+06	5.7645e+06	5.74425e+06	5.7645e+06	
5.796e+06	5.8225e+06	5.83875e+06	5.794e+06	5.7815e+06	
5.9125e+06	5.93025e+06	5.93325e+06	5.98125e+06	5.94525e+06	
5.881e+06	5.94225e+06	5.88975e+06	5.93525e+06	5.97875e+06	
6.09725e+06	6.14875e+06	6.06175e+06	6.08075e+06	6.17025e+06	
6.26425e+06	6.217e+06	6.2685e+06	6.2735e+06	6.28375e+06	
6.2125e+06	6.14625e+06	6.2075e+06	6.12675e+06	6.0865e+06	
6.0965e+06	6.1155e+06	6.13125e+06	6.07075e+06	6.0865e+06	
6.09075e+06	6.11425e+06	6.11675e+06	6.118e+06	6.1815e+06	
5.932e+06	5.92375e+06	5.9295e+06	5.978e+06	5.97375e+06	
5.76075e+06	5.8015e+06	5.811e+06	5.922e+06	5.84e+06	
5.70325e+06	5.629e+06	5.6605e+06	5.6505e+06	5.682e+06	
5.78025e+06	5.79975e+06	5.774e+06	5.7675e+06	5.74375e+06	
5.7815e+06	5.75625e+06	5.8445e+06	5.78075e+06	5.78525e+06	
6.0285e+06	5.961e+06	5.90625e+06	5.963e+06	5.94475e+06	
5.8935e+06	5.871e+06	5.97925e+06	5.86725e+06	5.825e+06	
5.90625e+06	5.92325e+06	5.9265e+06	5.9465e+06	5.94475e+06	
5.922e+06	5.92575e+06	5.89475e+06	5.95975e+06	5.905e+06	
5.978e+06	6.05375e+06	5.9995e+06	6.046e+06	6.0355e+06	
5.9515e+06	6.0265e+06	6.029e+06	6.094e+06	6.00575e+06	
6.02275e+06	6.15775e+06	6.18025e+06	6.16575e+06	6.106e+06	
6.14875e+06	6.1615e+06	6.1815e+06	6.1275e+06	6.1885e+06	
6.0965e+06	6.145e+06	6.11425e+06	6.215e+06	6.181e+06	
6.35625e+06	6.3535e+06	6.32025e+06	6.288e+06	6.33725e+06	
6.29125e+06	6.256e+06	6.232e+06	6.225e+06	6.32975e+06	
6.1305e+06	6.10725e+06	6.15e+06	6.17275e+06	6.1495e+06	
6.14075e+06	6.10275e+06	6.08525e+06	6.1035e+06	6.1425e+06	
6.08275e+06	6.20175e+06	6.06875e+06	6.17975e+06	6.17525e+06	
6.20375e+06	6.1645e+06	6.1645e+06	6.225e+06	6.203e+06	
6.193e+06	6.12225e+06	6.16325e+06	6.17725e+06	6.1325e+06	
6.203e+06	6.1665e+06	6.18525e+06	6.159e+06	6.22625e+06	
6.32775e+06	6.23825e+06	6.24975e+06	6.30325e+06	6.266e+06	
6.2195e+06	6.26925e+06	6.2755e+06	6.18725e+06	6.2485e+06	
6.4665e+06	6.486e+06	6.5325e+06	6.41025e+06	6.382e+06	
6.3945e+06	6.37575e+06	6.4085e+06	6.40275e+06	6.41225e+06	
6.464e+06	6.50475e+06	6.57975e+06	6.48475e+06	6.45625e+06	
6.656e+06	6.51425e+06	6.53125e+06	6.54775e+06	6.6215e+06	
6.50225e+06	6.489e+06	6.5515e+06	6.6245e+06	6.5585e+06	
6.53375e+06	6.52825e+06	6.506e+06	6.5105e+06	6.58875e+06	
6.585e+06	6.588e+06	6.64475e+06	6.57725e+06	6.6555e+06	
6.501e+06	6.53375e+06	6.49725e+06	6.56025e+06	6.6675e+06	
6.56025e+06	6.5125e+06	6.44125e+06	6.40275e+06	6.479e+06	
6.452e+06	6.43925e+06	6.4525e+06	6.47275e+06	6.527e+06	
6.52175e+06	6.45625e+06	6.493e+06	6.48775e+06	6.44e+06	
6.45075e+06	6.36875e+06	6.41475e+06	6.4545e+06	6.40525e+06	
6.50675e+06	6.47525e+06	6.501e+06	6.41275e+06	6.48275e+06	
6.539e+06	6.549e+06	6.56025e+06	6.5055e+06	6.5125e+06	
6.63975e+06	6.67125e+06	6.687e+06	6.6995e+06	6.77075e+06	
6.4985e+06	6.57175e+06	6.59125e+06	6.44125e+06	6.474e+06	
6.4715e+06	6.40025e+06	6.542e+06	6.54525e+06	6.426e+06	
6.699e+06	6.629e+06	6.644e+06	6.64675e+06	6.5735e+06	
6.63025e+06	6.67825e+06	6.6585e+06	6.6655e+06	6.60825e+06	
6.6655e+06	6.714e+06	6.6415e+06	6.76375e+06	6.69575e+06	
6.71225e+06	6.72975e+06	6.70575e+06	6.74675e+06	6.6965e+06	
6.94975e+06	6.87475e+06	6.9345e+06	6.97875e+06	6.9535e+06	
6.9245e+06	6.949e+06	7.01475e+06	6.9315e+06	6.98575e+06	
6.89425e+06	6.932e+06	6.97875e+06	6.9925e+06	6.8855e+06	
6.85275e+06	6.874e+06	6.81425e+06	6.97375e+06	6.89925e+06	
6.88725e+06	6.90875e+06	6.874e+06	6.9875e+06	6.9005e+06	
6.7475e+06	6.6915e+06	6.77775e+06	6.714e+06	6.74925e+06	
6.8735e+06	6.871e+06	6.90125e+06	6.949e+06	6.8715e+06	
7.031e+06	6.958e+06	6.951e+06	6.9805e+06	7.01775e+06	
7.1665e+06	7.108e+06	7.1565e+06	7.13625e+06	7.157e+06	
7.39075e+06	7.3575e+06	7.50375e+06	7.54775e+06	7.426e+06	
7.36875e+06	7.45775e+06	7.49725e+06	7.48925e+06	7.4375e+06	
7.32225e+06	7.4355e+06	7.38275e+06	7.307e+06	7.389e+06	
7.237e+06	7.304e+06	7.3505e+06	7.3405e+06	7.26425e+06	
7.578e+06	7.44575e+06	7.48975e+06	7.457e+06	7.51425e+06	
7.53125e+06	7.52875e+06	7.4885e+06	7.561e+06	7.57675e+06	
7.59375e+06	7.58625e+06	7.619e+06	7.68e+06	7.65175e+06	
7.76325e+06	7.7595e+06	7.757e+06	7.82125e+06	7.86975e+06	
7.83625e+06	7.8005e+06	7.73675e+06	7.7835e+06	7.8225e+06	
7.8395e+06	7.844e+06	7.82575e+06	7.83075e+06	7.91325e+06	
7.786e+06	7.801e+06	7.8615e+06	7.8055e+06	7.8125e+06	
7.85325e+06	7.89e+06	7.8545e+06	7.84275e+06	7.856e+06	
7.859e+06	7.88625e+06	7.82175e+06	7.864e+06	7.88425e+06	
7.88675e+06	7.944e+06	7.9075e+06	7.951e+06	7.96425e+06	
8.06075e+06	8.106e+06	8.07525e+06	8.11925e+06	8.07775e+06	
8.21325e+06	8.17525e+06	8.28375e+06	8.43175e+06	8.25675e+06	
8.40675e+06	8.49925e+06	8.50425e+06	8.51375e+06	8.59075e+06	
8.464e+06	8.38275e+06	8.40975e+06	8.44e+06	8.47025e+06	
8.488e+06	8.53775e+06	8.50425e+06	8.43175e+06	8.49875e+06	
8.4715e+06	8.6215e+06	8.47975e+06	8.48675e+06	8.476e+06	
8.68e+06	8.762e+06	8.82e+06	8.79925e+06	8.7545e+06	
8.83075e+06	8.81175e+06	8.82575e+06	8.79725e+06	8.8585e+06	
8.813e+06	8.70775e+06	8.728e+06	8.83775e+06	8.74575e+06	
8.9675e+06	9.002e+06	8.9215e+06	9.0235e+06	8.98375e+06	
9.00725e+06	8.99275e+06	8.9895e+06	9.1155e+06	8.94975e+06	
8.965e+06	9.021e+06	8.9365e+06	8.91275e+06	8.88625e+06	
9.05575e+06	9.016e+06	9.1565e+06	9.1345e+06	9.1175e+06	
9.30525e+06	9.2725e+06	9.29775e+06	9.24525e+06	9.314e+06	
9.261e+06	9.27e+06	9.33425e+06	9.37525e+06	9.3385e+06	
9.46275e+06	9.3745e+06	9.49175e+06	9.34175e+06	9.43625e+06	
9.30275e+06	9.2175e+06	9.22825e+06	9.28325e+06	9.2335e+06	
9.46275e+06	9.452e+06	9.43625e+06	9.399e+06	9.423e+06	
9.38325e+06	9.4225e+06	9.425e+06	9.321e+06	9.42675e+06	
9.389e+06	9.3695e+06	9.374e+06	9.3595e+06	9.302e+06	
9.38525e+06	9.35375e+06	9.34925e+06	9.28575e+06	9.38975e+06	
9.49425e+06	9.52775e+06	9.5415e+06	9.607e+06	9.6045e+06	
9.379e+06	9.31975e+06	9.4375e+06	9.46975e+06	9.31525e+06	
9.03175e+06	9.1005e+06	9.1495e+06	9.1635e+06	9.147e+06	
8.54325e+06	8.61275e+06	8.59625e+06	8.58125e+06	8.588e+06	
8.31725e+06	8.32775e+06	8.362e+06	8.275e+06	8.34675e+06	
8.19625e+06	8.20425e+06	8.1345e+06	8.26675e+06	8.244e+06	
8.47025e+06	8.49725e+06	8.54075e+06	8.60775e+06	8.59075e+06	
8.9655e+06	9.10225e+06	9.026e+06	9.004e+06	8.98825e+06	
9.19925e+06	9.307e+06	9.256e+06	9.212e+06	9.25925e+06	
9.6165e+06	9.64225e+06	9.6795e+06	9.597e+06	9.44625e+06	
9.7665e+06	9.7595e+06	9.71675e+06	9.701e+06	9.701e+06	
9.61275e+06	9.6185e+06	9.66325e+06	9.631e+06	9.776e+06	
9.7305e+06	9.8225e+06	9.74325e+06	9.70525e+06	9.74825e+06	
9.99825e+06	1.0118e+07	1.00508e+07	1.00312e+07	1.01598e+07	
1.01768e+07	1.0253e+07	1.03178e+07	1.036e+07	1.03272e+07	
1.0549e+07	1.05132e+07	1.0478e+07	1.0539e+07	1.0645e+07	
1.0398e+07	1.04412e+07	1.0553e+07	1.0391e+07	1.0476e+07	
1.05958e+07	1.06318e+07	1.0529e+07	1.05328e+07	1.05e+07	
1.0374e+07	1.02788e+07	1.04482e+07	1.04155e+07	1.03828e+07	
1.02365e+07	1.0127e+07	1.0181e+07	1.01942e+07	1.0178e+07	
1.00772e+07	1.01088e+07	1.00985e+07	1.01792e+07	1.0004e+07	
1.00745e+07	1.00338e+07	1.003e+07	1.00865e+07	1.01325e+07	
1.01825e+07	1.03205e+07	1.02612e+07	1.02568e+07	1.03098e+07	
1.0568e+07	1.05888e+07	1.06128e+07	1.0517e+07	1.05018e+07	
1.0609e+07	1.0582e+07	1.06808e+07	1.0655e+07	1.059e+07	
1.06252e+07	1.0563e+07	1.0515e+07	1.06008e+07	1.05788e+07	
1.08232e+07	1.06625e+07	1.06922e+07	1.06688e+07	1.06858e+07	
1.09248e+07	1.07582e+07	1.08925e+07	1.09228e+07	1.0924e+07	
1.11125e+07	1.10312e+07	1.10342e+07	1.10835e+07	1.10948e+07	
1.09165e+07	1.10235e+07	1.10432e+07	1.09932e+07	1.10785e+07	
1.1067e+07	1.0975e+07	1.09762e+07	1.09335e+07	1.09858e+07	
1.0992e+07	1.09542e+07	1.09998e+07	1.11088e+07	1.095e+07	
1.10578e+07	1.10565e+07	1.1042e+07	1.1091e+07	1.11308e+07	
1.10645e+07	1.097e+07	1.1033e+07	1.104e+07	1.10798e+07	
1.11208e+07	1.10582e+07	1.10678e+07	1.1231e+07	1.12655e+07	
1.10722e+07	1.1142e+07	1.11692e+07	1.11602e+07	1.12612e+07	
1.12128e+07	1.1161e+07	1.11875e+07	1.11648e+07	1.10222e+07	
1.08962e+07	1.08958e+07	1.09298e+07	1.0904e+07	1.09065e+07	
1.0844e+07	1.07702e+07	1.0837e+07	1.08672e+07	1.0829e+07	
1.0774e+07	1.08435e+07	1.08158e+07	1.08895e+07	1.08238e+07	
1.095e+07	1.09815e+07	1.09252e+07	1.09915e+07	1.09335e+07	
1.10292e+07	1.11018e+07	1.09725e+07	1.10268e+07	1.1079e+07	
1.0992e+07	1.1038e+07	1.1108e+07	1.10565e+07	1.10475e+07	
1.0924e+07	1.07905e+07	1.08932e+07	1.0892e+07	1.0943e+07	
1.05845e+07	1.06405e+07	1.0706e+07	1.07225e+07	1.0696e+07	
1.05862e+07	1.06172e+07	1.07042e+07	1.05705e+07	1.06322e+07	
1.05452e+07	1.06475e+07	1.06468e+07	1.066e+07	1.06248e+07	
1.05598e+07	1.0527e+07	1.07172e+07	1.07255e+07	1.06682e+07	
1.06115e+07	1.05598e+07	1.05215e+07	1.06935e+07	1.06108e+07	
1.06505e+07	1.05705e+07	1.08075e+07	1.07528e+07	1.06952e+07	
1.07715e+07	1.09e+07	1.09335e+07	1.07835e+07	1.09418e+07	
1.0979e+07	1.10222e+07	1.10338e+07	1.10035e+07	1.09845e+07	
1.09725e+07	1.08932e+07	1.09228e+07	1.10615e+07	1.10105e+07	
1.0909e+07	1.09852e+07	1.09592e+07	1.09335e+07	1.08895e+07	
1.08755e+07	1.06538e+07	1.08038e+07	1.0841e+07	1.0759e+07	
1.08958e+07	1.09235e+07	1.08792e+07	1.10525e+07	1.0754e+07	
1.10545e+07	1.11195e+07	1.10495e+07	1.11262e+07	1.10475e+07	
1.12692e+07	1.12535e+07	1.12825e+07	1.12825e+07	1.1176e+07	
1.14395e+07	1.1485e+07	1.15038e+07	1.15422e+07	1.15012e+07	
1.14175e+07	1.14212e+07	1.1548e+07	1.14205e+07	1.14995e+07	
1.15548e+07	1.1701e+07	1.1592e+07	1.1573e+07	1.15775e+07	
1.12865e+07	1.12385e+07	1.13405e+07	1.12365e+07	1.1311e+07	
1.1263e+07	1.13342e+07	1.13198e+07	1.1403e+07	1.1413e+07	
1.11415e+07	1.12095e+07	1.11258e+07	1.12102e+07	1.11635e+07	
1.09448e+07	1.10262e+07	1.1062e+07	1.11232e+07	1.10235e+07	
1.1137e+07	1.09972e+07	1.1006e+07	1.09828e+07	1.10235e+07	
1.10255e+07	1.0994e+07	1.10728e+07	1.10852e+07	1.09638e+07	
1.13115e+07	1.13342e+07	1.13678e+07	1.14295e+07	1.13968e+07	
1.13298e+07	1.14648e+07	1.13778e+07	1.14225e+07	1.1418e+07	
1.1355e+07	1.1304e+07	1.13632e+07	1.14142e+07	1.14602e+07	
1.13392e+07	1.136e+07	1.12952e+07	1.11975e+07	1.14338e+07	
1.12655e+07	1.11918e+07	1.1171e+07	1.13035e+07	1.1241e+07	
1.12435e+07	1.12335e+07	1.12542e+07	1.1251e+07	1.12472e+07	
1.135e+07	1.13152e+07	1.14232e+07	1.13848e+07	1.13325e+07	
1.1602e+07	1.15638e+07	1.15655e+07	1.17262e+07	1.16065e+07	
1.1522e+07	1.14508e+07	1.14988e+07	1.1444e+07	1.14192e+07	
1.13392e+07	1.1471e+07	1.13778e+07	1.13128e+07	1.15295e+07	
1.1401e+07	1.14375e+07	1.13298e+07	1.15322e+07	1.14308e+07	
1.12365e+07	1.1219e+07	1.12568e+07	1.13985e+07	1.1258e+07	
1.11332e+07	1.10342e+07	1.10998e+07	1.12505e+07	1.12448e+07	
1.12655e+07	1.11825e+07	1.13185e+07	1.12908e+07	1.11892e+07	
1.12058e+07	1.1045e+07	1.1011e+07	1.10412e+07	1.0996e+07	
1.09202e+07	1.09902e+07	1.09732e+07	1.10222e+07	1.10338e+07	
1.09102e+07	1.11195e+07	1.10412e+07	1.09682e+07	1.09978e+07	
1.10262e+07	1.1096e+07	1.1038e+07	1.1168e+07	1.1064e+07	
1.12738e+07	1.11655e+07	1.12688e+07	1.12788e+07	1.12808e+07	
1.12322e+07	1.12252e+07	1.1265e+07	1.14478e+07	1.1246e+07	
1.11528e+07	1.11788e+07	1.1202e+07	1.11825e+07	1.1091e+07	
1.06865e+07	1.05618e+07	1.06058e+07	1.07608e+07	1.0687e+07	
1.0161e+07	1.0275e+07	1.01175e+07	1.02415e+07	1.02252e+07	
9.93925e+06	1.00325e+07	9.8735e+06	9.95925e+06	9.9315e+06	
1.01188e+07	1.01192e+07	1.0164e+07	1.01155e+07	1.0006e+07	
1.02228e+07	1.02058e+07	1.02775e+07	1.03135e+07	1.0319e+07	
1.02442e+07	1.02812e+07	1.03362e+07	1.0338e+07	1.0377e+07	
1.0309e+07	1.03185e+07	1.0333e+07	1.03608e+07	1.03072e+07	
1.06165e+07	1.0527e+07	1.06658e+07	1.05775e+07	1.05648e+07	
1.07482e+07	1.07482e+07	1.06928e+07	1.07275e+07	1.07595e+07	
1.1076e+07	1.09795e+07	1.10242e+07	1.11088e+07	1.10222e+07	
1.10778e+07	1.12178e+07	1.12208e+07	1.1265e+07	1.12605e+07	
1.12025e+07	1.13822e+07	1.14212e+07	1.1299e+07	1.12062e+07	
1.12278e+07	1.12712e+07	1.12915e+07	1.13772e+07	1.1314e+07	
1.13802e+07	1.14358e+07	1.14282e+07	1.14685e+07	1.1415e+07	
1.14105e+07	1.13765e+07	1.1459e+07	1.13902e+07	1.15378e+07	
1.16222e+07	1.1541e+07	1.15522e+07	1.15795e+07	1.1531e+07	
1.15498e+07	1.16128e+07	1.15808e+07	1.16255e+07	1.15542e+07	
1.14478e+07	1.14325e+07	1.13998e+07	1.13392e+07	1.14375e+07	
1.12708e+07	1.1447e+07	1.13728e+07	1.12882e+07	1.1352e+07	
1.12228e+07	1.13128e+07	1.12708e+07	1.1345e+07	1.13595e+07	
1.1602e+07	1.15838e+07	1.1582e+07	1.149e+07	1.15598e+07	
1.17822e+07	1.17925e+07	1.18258e+07	1.17142e+07	1.1723e+07	
1.19342e+07	1.19405e+07	1.18158e+07	1.1933e+07	1.18622e+07	
1.19265e+07	1.20752e+07	1.2052e+07	1.19985e+07	1.20375e+07	
1.19002e+07	1.19588e+07	1.1899e+07	1.19422e+07	1.18635e+07	
1.1984e+07	1.19658e+07	1.19235e+07	1.19542e+07	1.20255e+07	
1.18925e+07	1.18598e+07	1.19505e+07	1.19632e+07	1.1965e+07	
1.1667e+07	1.1684e+07	1.16732e+07	1.16678e+07	1.17798e+07	
1.13205e+07	1.13392e+07	1.14075e+07	1.136e+07	1.126e+07	
1.08232e+07	1.08315e+07	1.0878e+07	1.09908e+07	1.08592e+07	
1.09335e+07	1.0953e+07	1.09928e+07	1.09348e+07	1.0914e+07	
1.1137e+07	1.11535e+07	1.11622e+07	1.10778e+07	1.11295e+07	
1.12788e+07	1.13922e+07	1.1316e+07	1.13122e+07	1.13342e+07	
1.16525e+07	1.1691e+07	1.1609e+07	1.17155e+07	1.15365e+07	
1.18315e+07	1.1703e+07	1.18888e+07	1.20388e+07	1.18415e+07	
1.1899e+07	1.2074e+07	1.20835e+07	1.19915e+07	1.21452e+07	
1.22708e+07	1.2231e+07	1.22315e+07	1.22398e+07	1.2301e+07	
1.20892e+07	1.2098e+07	1.20818e+07	1.2139e+07	1.21232e+07	
1.21378e+07	1.20772e+07	1.2132e+07	1.1999e+07	1.2066e+07	
1.21415e+07	1.2052e+07	1.2117e+07	1.2144e+07	1.21428e+07	
1.2258e+07	1.21805e+07	1.22562e+07	1.22658e+07	1.22592e+07	
1.22448e+07	1.2229e+07	1.2166e+07	1.2231e+07	1.2197e+07	
1.23102e+07	1.22795e+07	1.22348e+07	1.24022e+07	1.22882e+07	
1.22795e+07	1.24182e+07	1.22372e+07	1.23048e+07	1.22928e+07	
1.21225e+07	1.19745e+07	1.20672e+07	1.20242e+07	1.2054e+07	
1.17735e+07	1.17502e+07	1.18295e+07	1.18618e+07	1.18295e+07	
1.1597e+07	1.16545e+07	1.16468e+07	1.15348e+07	1.15845e+07	
1.16588e+07	1.16645e+07	1.16815e+07	1.17162e+07	1.16438e+07	
1.1807e+07	1.1812e+07	1.18618e+07	1.18358e+07	1.18542e+07	
1.18295e+07	1.18712e+07	1.19002e+07	1.18812e+07	1.18278e+07	
1.18188e+07	1.18572e+07	1.19335e+07	1.19902e+07	1.18402e+07	
1.19058e+07	1.18182e+07	1.19102e+07	1.1844e+07	1.1858e+07	
1.19115e+07	1.19695e+07	1.20475e+07	1.20722e+07	1.20362e+07	
1.21212e+07	1.2091e+07	1.2163e+07	1.21888e+07	1.22852e+07	
1.22525e+07	1.21925e+07	1.22762e+07	1.22355e+07	1.21825e+07	
1.21515e+07	1.20608e+07	1.20892e+07	1.22762e+07	1.21005e+07	
1.20362e+07	1.202e+07	1.20898e+07	1.1979e+07	1.2122e+07	
1.1851e+07	1.1711e+07	1.1812e+07	1.17338e+07	1.19335e+07	
1.19032e+07	1.1761e+07	1.1914e+07	1.1967e+07	1.19008e+07	
1.17798e+07	1.18845e+07	1.18775e+07	1.181e+07	1.17432e+07	
1.1815e+07	1.1723e+07	1.1853e+07	1.18308e+07	1.18472e+07	
1.18982e+07	1.19368e+07	1.19808e+07	1.1904e+07	1.19928e+07	
1.19492e+07	1.19815e+07	1.20358e+07	1.21125e+07	1.1962e+07	
1.19305e+07	1.19638e+07	1.19732e+07	1.19342e+07	1.20122e+07	
1.18788e+07	1.18502e+07	1.1921e+07	1.18675e+07	1.1824e+07	
1.16178e+07	1.182e+07	1.17465e+07	1.18245e+07	1.1834e+07	
1.15875e+07	1.1488e+07	1.14975e+07	1.1614e+07	1.1573e+07	
1.14478e+07	1.12712e+07	1.14875e+07	1.13732e+07	1.143e+07	
1.14282e+07	1.15032e+07	1.1456e+07	1.14818e+07	1.1478e+07	
1.14325e+07	1.13848e+07	1.143e+07	1.1413e+07	1.13778e+07	
1.14798e+07	1.13985e+07	1.14798e+07	1.15718e+07	1.15958e+07	
1.16058e+07	1.1614e+07	1.1701e+07	1.16532e+07	1.15195e+07	
1.15472e+07	1.15095e+07	1.16695e+07	1.1611e+07	1.15812e+07	
1.15012e+07	1.1507e+07	1.15202e+07	1.15112e+07	1.15775e+07	
1.15928e+07	1.16292e+07	1.16455e+07	1.1878e+07	1.16625e+07	
1.1609e+07	1.15228e+07	1.15762e+07	1.15692e+07	1.17162e+07	
1.16708e+07	1.15825e+07	1.17458e+07	1.16612e+07	1.16122e+07	
1.16752e+07	1.1766e+07	1.17868e+07	1.1604e+07	1.17035e+07	
1.17975e+07	1.18112e+07	1.1841e+07	1.18958e+07	1.17168e+07	
1.17532e+07	1.16795e+07	1.16248e+07	1.17678e+07	1.1708e+07	
1.17388e+07	1.18058e+07	1.18042e+07	1.18958e+07	1.18075e+07	
1.18668e+07	1.18265e+07	1.1907e+07	1.1904e+07	1.1815e+07	
1.17672e+07	1.1694e+07	1.16072e+07	1.1807e+07	1.17155e+07	
1.1735e+07	1.17685e+07	1.17412e+07	1.17602e+07	1.17238e+07	
1.17168e+07	1.1749e+07	1.16612e+07	1.1778e+07	1.17205e+07	
1.16298e+07	1.1701e+07	1.17105e+07	1.16922e+07	1.16052e+07	
1.16285e+07	1.16638e+07	1.16425e+07	1.16885e+07	1.16442e+07	
1.15245e+07	1.1556e+07	1.15e+07	1.1519e+07	1.1529e+07	
1.12965e+07	1.1311e+07	1.13728e+07	1.14375e+07	1.13865e+07	
1.13745e+07	1.14168e+07	1.13898e+07	1.13898e+07	1.14232e+07	
1.15e+07	1.14648e+07	1.15808e+07	1.13998e+07	1.14785e+07	
1.17238e+07	1.15662e+07	1.15808e+07	1.16098e+07	1.1643e+07	
1.15455e+07	1.15928e+07	1.1614e+07	1.16512e+07	1.16235e+07	
1.16128e+07	1.15662e+07	1.1621e+07	1.17552e+07	1.157e+07	
1.15372e+07	1.159e+07	1.15688e+07	1.15145e+07	1.15668e+07	
1.15675e+07	1.15208e+07	1.16872e+07	1.17175e+07	1.1534e+07	
1.1577e+07	1.1604e+07	1.15182e+07	1.16098e+07	1.16488e+07	
1.1575e+07	1.14635e+07	1.15965e+07	1.15448e+07	1.15675e+07	
1.1553e+07	1.14705e+07	1.14918e+07	1.14362e+07	1.1558e+07	
1.15832e+07	1.15542e+07	1.15915e+07	1.14698e+07	1.15328e+07	
1.15858e+07	1.16582e+07	1.16115e+07	1.1638e+07	1.16852e+07	
1.15252e+07	1.1643e+07	1.15485e+07	1.16612e+07	1.17122e+07	
1.14798e+07	1.15265e+07	1.15032e+07	1.1442e+07	1.15642e+07	
1.1507e+07	1.16115e+07	1.15492e+07	1.15755e+07	1.15032e+07	
1.14338e+07	1.14772e+07	1.14275e+07	1.14892e+07	1.15158e+07	
1.15522e+07	1.164e+07	1.15612e+07	1.15455e+07	1.14962e+07	
1.1565e+07	1.15278e+07	1.14362e+07	1.16492e+07	1.1527e+07	
1.14995e+07	1.15062e+07	1.15888e+07	1.15548e+07	1.16438e+07	
1.17242e+07	1.16582e+07	1.17772e+07	1.15598e+07	1.1774e+07	
1.17155e+07	1.16682e+07	1.17602e+07	1.17005e+07	1.17628e+07	
1.1645e+07	1.16098e+07	1.1619e+07	1.17478e+07	1.16122e+07	
1.1611e+07	1.15232e+07	1.1476e+07	1.14868e+07	1.14282e+07	
1.1471e+07	1.15378e+07	1.13972e+07	1.15518e+07	1.14528e+07	
1.13582e+07	1.12555e+07	1.1381e+07	1.13802e+07	1.13475e+07	
1.1205e+07	1.1224e+07	1.1241e+07	1.11975e+07	1.11945e+07	
1.12568e+07	1.1326e+07	1.12335e+07	1.11655e+07	1.12555e+07	
1.12385e+07	1.12045e+07	1.1369e+07	1.12128e+07	1.12555e+07	
1.11155e+07	1.1197e+07	1.11328e+07	1.11772e+07	1.12095e+07	
1.12782e+07	1.11958e+07	1.12858e+07	1.12012e+07	1.12115e+07	
1.09738e+07	1.08725e+07	1.08908e+07	1.0946e+07	1.09355e+07	
1.0871e+07	1.09032e+07	1.0975e+07	1.10052e+07	1.09322e+07	
1.08718e+07	1.0904e+07	1.08755e+07	1.0902e+07	1.09158e+07	
1.09618e+07	1.10388e+07	1.0936e+07	1.09815e+07	1.10262e+07	
1.08982e+07	1.08568e+07	1.10205e+07	1.09695e+07	1.1006e+07	
1.113e+07	1.11452e+07	1.12638e+07	1.1163e+07	1.11668e+07	
1.10752e+07	1.11718e+07	1.12392e+07	1.11182e+07	1.1272e+07	
1.12618e+07	1.13022e+07	1.1367e+07	1.1418e+07	1.13495e+07	
1.12592e+07	1.13495e+07	1.12712e+07	1.12058e+07	1.12638e+07	
1.0979e+07	1.1016e+07	1.11975e+07	1.11445e+07	1.1096e+07	
1.11402e+07	1.1134e+07	1.11602e+07	1.11125e+07	1.1137e+07	
1.12062e+07	1.10992e+07	1.11722e+07	1.1219e+07	1.11018e+07	
1.1306e+07	1.11938e+07	1.12575e+07	1.1287e+07	1.1222e+07	
1.1263e+07	1.1168e+07	1.1246e+07	1.12322e+07	1.12775e+07	
1.12812e+07	1.12725e+07	1.12298e+07	1.12588e+07	1.1374e+07	
1.11958e+07	1.10778e+07	1.1178e+07	1.11328e+07	1.11402e+07	
1.11672e+07	1.11162e+07	1.12498e+07	1.1229e+07	1.12712e+07	
1.11932e+07	1.1156e+07	1.12315e+07	1.1156e+07	1.11748e+07	
1.10972e+07	1.11402e+07	1.11855e+07	1.11685e+07	1.11395e+07	
1.10255e+07	1.10072e+07	1.11485e+07	1.1028e+07	1.10205e+07	
1.09145e+07	1.09932e+07	1.09385e+07	1.10595e+07	1.10065e+07	
1.08138e+07	1.09078e+07	1.09455e+07	1.10098e+07	1.08842e+07	
1.08908e+07	1.0924e+07	1.0996e+07	1.09932e+07	1.09762e+07	
1.10972e+07	1.09852e+07	1.10835e+07	1.10048e+07	1.10142e+07	
1.10628e+07	1.10778e+07	1.1117e+07	1.119e+07	1.09948e+07	
1.1171e+07	1.11378e+07	1.11502e+07	1.11402e+07	1.1178e+07	
1.11585e+07	1.11112e+07	1.10595e+07	1.1137e+07	1.10628e+07	
1.09978e+07	1.105e+07	1.10872e+07	1.10028e+07	1.1033e+07	
1.09185e+07	1.09392e+07	1.0929e+07	1.08912e+07	1.09448e+07	
1.09165e+07	1.09808e+07	1.09145e+07	1.10445e+07	1.09355e+07	
1.0861e+07	1.08528e+07	1.09612e+07	1.0994e+07	1.0975e+07	
1.08358e+07	1.08485e+07	1.08315e+07	1.08792e+07	1.09405e+07	
1.09518e+07	1.07715e+07	1.08402e+07	1.09012e+07	1.08018e+07	
1.08452e+07	1.07818e+07	1.0827e+07	1.07528e+07	1.07515e+07	
1.06178e+07	1.06575e+07	1.06492e+07	1.0645e+07	1.06815e+07	
1.0527e+07	1.06728e+07	1.05352e+07	1.06322e+07	1.05585e+07	
1.05838e+07	1.06065e+07	1.06795e+07	1.07552e+07	1.06385e+07	
1.08092e+07	1.07318e+07	1.0844e+07	1.07528e+07	1.07835e+07	
1.0863e+07	1.0728e+07	1.07382e+07	1.08522e+07	1.08138e+07	
1.08402e+07	1.09302e+07	1.09e+07	1.09165e+07	1.09285e+07	
1.08705e+07	1.09542e+07	1.0984e+07	1.09442e+07	1.08572e+07	
1.0992e+07	1.0963e+07	1.10185e+07	1.10288e+07	1.1033e+07	
1.0912e+07	1.10155e+07	1.10375e+07	1.1098e+07	1.1074e+07	
1.0854e+07	1.09078e+07	1.09908e+07	1.09638e+07	1.104e+07	
1.0892e+07	1.09058e+07	1.0917e+07	1.10578e+07	1.097e+07	
1.08365e+07	1.08485e+07	1.0844e+07	1.07475e+07	1.0863e+07	
1.08092e+07	1.07885e+07	1.0858e+07	1.08038e+07	1.07818e+07	
1.07122e+07	1.06292e+07	1.0711e+07	1.07288e+07	1.0737e+07	
1.05635e+07	1.07068e+07	1.0665e+07	1.07155e+07	1.06695e+07	
1.06178e+07	1.05505e+07	1.06305e+07	1.07072e+07	1.07212e+07	
1.06368e+07	1.06292e+07	1.07148e+07	1.07475e+07	1.0607e+07	
1.06688e+07	1.06318e+07	1.0718e+07	1.06152e+07	1.07785e+07	
1.05825e+07	1.07022e+07	1.0737e+07	1.0655e+07	1.06865e+07	
1.05812e+07	1.0553e+07	1.06178e+07	1.06555e+07	1.06165e+07	
1.05705e+07	1.07068e+07	1.05265e+07	1.06292e+07	1.06662e+07	
1.05385e+07	1.0517e+07	1.06052e+07	1.05108e+07	1.05812e+07	
1.04835e+07	1.0406e+07	1.05348e+07	1.0616e+07	1.05978e+07	
1.03248e+07	1.0377e+07	1.03362e+07	1.0444e+07	1.0418e+07	
1.03922e+07	1.0539e+07	1.04532e+07	1.03815e+07	1.0512e+07	
1.0621e+07	1.0476e+07	1.04742e+07	1.05875e+07	1.05162e+07	
1.05622e+07	1.05125e+07	1.05265e+07	1.05082e+07	1.05925e+07	
1.05108e+07	1.05012e+07	1.04988e+07	1.05982e+07	1.06662e+07	
1.0444e+07	1.05282e+07	1.0607e+07	1.0553e+07	1.05965e+07	
1.042e+07	1.04702e+07	1.0599e+07	1.0636e+07	1.05428e+07	
1.0582e+07	1.05232e+07	1.0582e+07	1.0505e+07	1.05498e+07	
1.05315e+07	1.07532e+07	1.06252e+07	1.07048e+07	1.06198e+07	
1.05978e+07	1.0522e+07	1.04955e+07	1.05742e+07	1.0631e+07	
1.06612e+07	1.0575e+07	1.0628e+07	1.06335e+07	1.0648e+07	
1.06165e+07	1.0677e+07	1.06305e+07	1.05692e+07	1.07255e+07	
1.05648e+07	1.06015e+07	1.06518e+07	1.05895e+07	1.05188e+07	
1.05925e+07	1.05688e+07	1.06082e+07	1.06732e+07	1.05635e+07	
1.05555e+07	1.06122e+07	1.05978e+07	1.05472e+07	1.05932e+07	
1.05505e+07	1.06058e+07	1.06122e+07	1.05365e+07	1.0534e+07	
1.05258e+07	1.0561e+07	1.05478e+07	1.04955e+07	1.0532e+07	
1.04168e+07	1.043e+07	1.03935e+07	1.04388e+07	1.04188e+07	
1.04242e+07	1.03972e+07	1.03752e+07	1.03198e+07	1.0406e+07	
1.02705e+07	1.0236e+07	1.01925e+07	1.02895e+07	1.02365e+07	
1.01535e+07	1.02038e+07	1.02322e+07	1.0081e+07	1.01905e+07	
1.00078e+07	1.00305e+07	1.01648e+07	1.01238e+07	1.00475e+07	
1.02265e+07	1.00268e+07	1.00878e+07	1.0219e+07	1.01635e+07	
1.01495e+07	1.0183e+07	1.03242e+07	1.01905e+07	1.03272e+07	
1.01635e+07	1.00545e+07	1.02e+07	1.027e+07	1.00872e+07	
1.01048e+07	1.01552e+07	1.01155e+07	1.01105e+07	1.02258e+07	
9.953e+06	9.92525e+06	1.01042e+07	9.99075e+06	9.9625e+06	
9.94725e+06	9.88175e+06	9.946e+06	9.87425e+06	9.92475e+06	
9.59125e+06	9.53275e+06	9.607e+06	9.6235e+06	9.612e+06	
9.25175e+06	9.345e+06	9.31525e+06	9.32275e+06	9.31975e+06	
9.05375e+06	9.01725e+06	9.074e+06	8.958e+06	9.02975e+06	
8.92075e+06	8.95875e+06	8.94475e+06	8.878e+06	8.87925e+06	
8.95875e+06	9.009e+06	9.04125e+06	8.95475e+06	9.144e+06	
9.103e+06	9.045e+06	9.18175e+06	9.171e+06	9.17925e+06	
9.3255e+06	9.256e+06	9.227e+06	9.212e+06	9.2385e+06	
9.32725e+06	9.2535e+06	9.2895e+06	9.239e+06	9.26875e+06	
9.3765e+06	9.4255e+06	9.38575e+06	9.4975e+06	9.29375e+06	
9.307e+06	9.268e+06	9.30975e+06	9.41875e+06	9.4085e+06	
9.51575e+06	9.36325e+06	9.328e+06	9.4275e+06	9.324e+06	
9.3355e+06	9.33975e+06	9.391e+06	9.42625e+06	9.3575e+06	
9.343e+06	9.41675e+06	9.3885e+06	9.3505e+06	9.29575e+06	
9.36875e+06	9.459e+06	9.55475e+06	9.45075e+06	9.457e+06	
9.4225e+06	9.4635e+06	9.4665e+06	9.464e+06	9.53825e+06	
9.4055e+06	9.3695e+06	9.34175e+06	9.36875e+06	9.311e+06	
9.3065e+06	9.3355e+06	9.27375e+06	9.343e+06	9.30525e+06	
9.39975e+06	9.287e+06	9.35425e+06	9.34425e+06	9.2795e+06	
9.2605e+06	9.2435e+06	9.20175e+06	9.2195e+06	9.25425e+06	
9.21375e+06	9.1515e+06	9.2245e+06	9.27e+06	9.244e+06	
9.11875e+06	9.2555e+06	9.24525e+06	9.215e+06	9.268e+06	
9.253e+06	9.20325e+06	9.28075e+06	9.3305e+06	9.299e+06	
9.224e+06	9.2295e+06	9.311e+06	9.33975e+06	9.357e+06	
9.2895e+06	9.2315e+06	9.2875e+06	9.232e+06	9.30775e+06	
9.3115e+06	9.207e+06	9.24975e+06	9.2435e+06	9.30025e+06	
9.17925e+06	9.25175e+06	9.3525e+06	9.3475e+06	9.244e+06	
9.19e+06	9.24025e+06	9.28325e+06	9.275e+06	9.26175e+06	
9.16275e+06	9.11625e+06	9.1875e+06	9.178e+06	9.15075e+06	
9.22325e+06	9.096e+06	9.18675e+06	9.15775e+06	9.27375e+06	
9.04625e+06	9.144e+06	9.16025e+06	9.161e+06	9.10975e+06	
9.22825e+06	9.13375e+06	9.19175e+06	9.198e+06	9.125e+06	
9.171e+06	9.181e+06	9.08025e+06	9.2825e+06	9.27625e+06	
9.28075e+06	9.09975e+06	9.282e+06	9.18225e+06	9.18925e+06	
9.142e+06	9.164e+06	9.232e+06	9.16225e+06	9.16475e+06	
9.103e+06	9.01775e+06	9.19875e+06	9.144e+06	9.137e+06	
9.1585e+06	9.159e+06	9.149e+06	9.1545e+06	9.098e+06	
9.08475e+06	8.9775e+06	9.0305e+06	9.048e+06	9.11925e+06	
9.09275e+06	9.0475e+06	9.09475e+06	9.0915e+06	9.0255e+06	
9.02225e+06	9.01025e+06	9.0065e+06	9.0425e+06	9.089e+06	
9.00525e+06	8.897e+06	8.96125e+06	9.1225e+06	9.0285e+06	
9.04175e+06	8.9825e+06	8.9965e+06	9.016e+06	8.98375e+06	
9.0185e+06	9.096e+06	9.0795e+06	9.06075e+06	9.00975e+06	
9.09975e+06	9.1125e+06	9.1155e+06	9.12825e+06	9.1175e+06	
9.2045e+06	9.06325e+06	9.084e+06	9.19175e+06	9.23775e+06	
9.12875e+06	9.12875e+06	9.17225e+06	9.15075e+06	9.2125e+06	
9.1105e+06	9.13e+06	9.18225e+06	9.253e+06	9.273e+06	
9.15575e+06	9.135e+06	9.15725e+06	9.10475e+06	9.1805e+06	
9.224e+06	9.19125e+06	9.1955e+06	9.232e+06	9.132e+06	
9.15025e+06	9.1805e+06	9.15725e+06	9.149e+06	9.14825e+06	
9.12375e+06	9.106e+06	9.18475e+06	9.13625e+06	9.176e+06	
8.956e+06	9.0575e+06	9.1155e+06	9.1445e+06	9.06125e+06	
9.05575e+06	8.9455e+06	9.13825e+06	9.1155e+06	9.10425e+06	
9.05075e+06	9.07825e+06	9.152e+06	9.11875e+06	9.0815e+06	
9.04875e+06	9.0575e+06	9.14575e+06	8.999e+06	9.038e+06	
9.0305e+06	9.02675e+06	9.04875e+06	9.12e+06	9.14525e+06	
8.95675e+06	9.06075e+06	9.05075e+06	9.0375e+06	9.01975e+06	
8.86675e+06	8.9315e+06	9.00525e+06	8.897e+06	8.9315e+06	
8.92325e+06	8.85775e+06	8.94675e+06	8.96e+06	8.9415e+06	
8.9265e+06	8.9725e+06	8.975e+06	8.99075e+06	8.9625e+06	
8.8995e+06	8.914e+06	8.92025e+06	8.9705e+06	8.9705e+06	
8.7835e+06	9.01525e+06	8.91325e+06	8.9385e+06	8.91075e+06	
8.92575e+06	8.92975e+06	8.8855e+06	8.89825e+06	8.94475e+06	
8.827e+06	8.818e+06	8.859e+06	8.83375e+06	8.8955e+06	
8.83525e+06	8.7885e+06	8.9045e+06	8.8635e+06	8.91575e+06	
8.72675e+06	8.79475e+06	8.7865e+06	8.86475e+06	8.84575e+06	
8.86025e+06	8.83375e+06	8.914e+06	8.78925e+06	8.89375e+06	
8.93025e+06	8.81875e+06	8.8785e+06	8.798e+06	8.8805e+06	
8.759e+06	8.81875e+06	8.825e+06	8.757e+06	8.78025e+06	
8.78275e+06	8.78225e+06	8.718e+06	8.71925e+06	8.72225e+06	
8.793e+06	8.76275e+06	8.7375e+06	8.7955e+06	8.7835e+06	
8.7085e+06	8.68275e+06	8.849e+06	8.769e+06	8.71925e+06	
8.71725e+06	8.71425e+06	8.67e+06	8.71925e+06	8.7865e+06	
8.658e+06	8.6675e+06	8.66825e+06	8.6455e+06	8.4885e+06	
8.6485e+06	8.6795e+06	8.52e+06	8.65675e+06	8.60325e+06	
8.50625e+06	8.50125e+06	8.58675e+06	8.70025e+06	8.636e+06	
8.619e+06	8.617e+06	8.62475e+06	8.64675e+06	8.69075e+06	
8.67e+06	8.65925e+06	8.65625e+06	8.726e+06	8.7375e+06	
8.64675e+06	8.69775e+06	8.648e+06	8.58375e+06	8.6285e+06	
8.49925e+06	8.4885e+06	8.51825e+06	8.52e+06	8.40725e+06	
8.3965e+06	8.44325e+06	8.4645e+06	8.49225e+06	8.44125e+06	
8.37e+06	8.34225e+06	8.39025e+06	8.41675e+06	8.47525e+06	
8.31475e+06	8.2995e+06	8.3405e+06	8.338e+06	8.3965e+06	
8.36625e+06	8.36875e+06	8.459e+06	8.3335e+06	8.391e+06	
8.25225e+06	8.35e+06	8.29825e+06	8.3265e+06	8.37775e+06	
8.43875e+06	8.38275e+06	8.4035e+06	8.43125e+06	8.425e+06	
8.578e+06	8.481e+06	8.41925e+06	8.54475e+06	8.428e+06	
8.39775e+06	8.42925e+06	8.46525e+06	8.39225e+06	8.488e+06	
8.40475e+06	8.556e+06	8.4225e+06	8.49425e+06	8.36325e+06	
8.44e+06	8.46575e+06	8.503e+06	8.544e+06	8.49875e+06	
8.39225e+06	8.36125e+06	8.46275e+06	8.45275e+06	8.50375e+06	
8.353e+06	8.4015e+06	8.52825e+06	8.4905e+06	8.56425e+06	
8.55775e+06	8.488e+06	8.5415e+06	8.6145e+06	8.55775e+06	
8.6095e+06	8.52625e+06	8.52e+06	8.58625e+06	8.54475e+06	
8.49875e+06	8.471e+06	8.51625e+06	8.5365e+06	8.61825e+06	
8.4545e+06	8.551e+06	8.48725e+06	8.578e+06	8.5415e+06	
8.3165e+06	8.3845e+06	8.399e+06	8.316e+06	8.3045e+06	
8.3895e+06	8.41425e+06	8.433e+06	8.43425e+06	8.46025e+06	
8.28825e+06	8.25425e+06	8.358e+06	8.3435e+06	8.37825e+06	
8.24025e+06	8.26425e+06	8.2945e+06	8.3185e+06	8.338e+06	
8.21075e+06	8.2515e+06	8.348e+06	8.241e+06	8.244e+06	
8.31325e+06	8.26425e+06	8.2485e+06	8.29e+06	8.16975e+06	
8.205e+06	8.1855e+06	8.32475e+06	8.20825e+06	8.3285e+06	
8.256e+06	8.13575e+06	8.2195e+06	8.19425e+06	8.1715e+06	
8.08325e+06	8.05e+06	8.079e+06	8.0745e+06	8.1615e+06	
8.055e+06	8.074e+06	8.11225e+06	8.07025e+06	8.0475e+06	
8.0355e+06	7.97425e+06	7.99825e+06	8.01775e+06	8.0645e+06	
7.98e+06	8.06e+06	8.01725e+06	8.01225e+06	8.154e+06	
7.94925e+06	7.92275e+06	7.92325e+06	7.98125e+06	8.01525e+06	
7.917e+06	7.9075e+06	7.93475e+06	7.89625e+06	7.8955e+06	
7.93525e+06	7.85025e+06	7.9505e+06	7.992e+06	7.968e+06	
7.9245e+06	7.9465e+06	7.985e+06	7.88925e+06	7.982e+06	
7.8905e+06	7.939e+06	7.9895e+06	7.9365e+06	8.09975e+06	
7.79925e+06	7.83375e+06	7.89375e+06	7.81925e+06	7.975e+06	
7.77575e+06	7.762e+06	7.91575e+06	7.8205e+06	7.8495e+06	
7.71925e+06	7.63525e+06	7.75075e+06	7.72225e+06	7.76575e+06	
7.77325e+06	7.68575e+06	7.709e+06	7.68125e+06	7.75625e+06	
7.64675e+06	7.755e+06	7.67825e+06	7.67325e+06	7.68075e+06	
7.7015e+06	7.60075e+06	7.75e+06	7.58675e+06	7.7355e+06	
7.7065e+06	7.6555e+06	7.70725e+06	7.6555e+06	7.7205e+06	
7.59375e+06	7.66875e+06	7.641e+06	7.66925e+06	7.612e+06	
7.57925e+06	7.49475e+06	7.62275e+06	7.5785e+06	7.63225e+06	
7.53325e+06	7.6655e+06	7.675e+06	7.64475e+06	7.588e+06	
7.551e+06	7.5735e+06	7.61775e+06	7.66375e+06	7.646e+06	
7.46775e+06	7.55025e+06	7.556e+06	7.539e+06	7.61325e+06	
7.54075e+06	7.54075e+06	7.5635e+06	7.4665e+06	7.53125e+06	
7.462e+06	7.4955e+06	7.44825e+06	7.479e+06	7.525e+06	
7.416e+06	7.486e+06	7.457e+06	7.53775e+06	7.42875e+06	
7.474e+06	7.54325e+06	7.462e+06	7.4275e+06	7.49675e+06	
7.52325e+06	7.58375e+06	7.5445e+06	7.51e+06	7.54325e+06	
7.5055e+06	7.53075e+06	7.5005e+06	7.55275e+06	7.5415e+06	
7.4525e+06	7.32775e+06	7.384e+06	7.40275e+06	7.34425e+06	
7.42425e+06	7.36875e+06	7.396e+06	7.54825e+06	7.43425e+06	
7.438e+06	7.33025e+06	7.54975e+06	7.44625e+06	7.365e+06	
7.426e+06	7.396e+06	7.40525e+06	7.4475e+06	7.4375e+06	
7.372e+06	7.4085e+06	7.4085e+06	7.43375e+06	7.49225e+06	
7.372e+06	7.47975e+06	7.44625e+06	7.4785e+06	7.43625e+06	
7.3795e+06	7.353e+06	7.312e+06	7.40225e+06	7.31525e+06	
7.35875e+06	7.37375e+06	7.399e+06	7.31975e+06	7.35375e+06	
7.249e+06	7.29325e+06	7.249e+06	7.3455e+06	7.304e+06	
7.3065e+06	7.2565e+06	7.28175e+06	7.302e+06	7.36425e+06	
7.24475e+06	7.36425e+06	7.341e+06	7.31975e+06	7.4545e+06	
7.251e+06	7.3285e+06	7.39525e+06	7.32025e+06	7.23275e+06	
7.30525e+06	7.29875e+06	7.4035e+06	7.27675e+06	7.28375e+06	
7.31075e+06	7.329e+06	7.249e+06	7.29325e+06	7.2295e+06	
7.266e+06	7.18725e+06	7.2895e+06	7.29325e+06	7.232e+06	
7.22375e+06	7.23325e+06	7.2395e+06	7.3045e+06	7.2975e+06	
7.22575e+06	7.24475e+06	7.26675e+06	7.31575e+06	7.2925e+06	
7.07375e+06	7.193e+06	7.19225e+06	7.1885e+06	7.16025e+06	
7.1765e+06	7.12125e+06	7.23025e+06	7.12125e+06	7.166e+06	
7.02525e+06	7.1225e+06	7.0865e+06	7.00025e+06	7.00825e+06	
7.0285e+06	7.02925e+06	7.1395e+06	7.1105e+06	7.05625e+06	
6.95975e+06	7.0045e+06	7.0335e+06	7.1275e+06	7.026e+06	
7.01525e+06	6.9775e+06	6.951e+06	6.934e+06	7.0305e+06	
6.92275e+06	6.94275e+06	6.99625e+06	6.9605e+06	6.8975e+06	
6.929e+06	6.89925e+06	6.83125e+06	6.876e+06	6.893e+06	
6.83875e+06	6.86775e+06	6.8515e+06	6.89125e+06	6.8855e+06	
6.9175e+06	6.876e+06	6.9535e+06	6.88675e+06	6.93075e+06	
6.83325e+06	6.8685e+06	6.772e+06	6.784e+06	6.9e+06	
6.89175e+06	7.024e+06	6.878e+06	6.97875e+06	6.95975e+06	
6.80675e+06	6.78025e+06	6.95925e+06	6.87975e+06	6.835e+06	
6.84825e+06	6.8325e+06	6.81675e+06	6.79925e+06	6.82625e+06	
6.815e+06	6.774e+06	6.8225e+06	6.8785e+06	6.83625e+06	
6.79275e+06	6.794e+06	6.81225e+06	6.84525e+06	6.80475e+06	
6.77025e+06	6.66625e+06	6.7645e+06	6.6915e+06	6.736e+06	
6.65225e+06	6.71475e+06	6.68825e+06	6.72925e+06	6.7695e+06	
6.7525e+06	6.636e+06	6.685e+06	6.70525e+06	6.72475e+06	
6.62075e+06	6.61825e+06	6.67625e+06	6.7045e+06	6.65925e+06	
6.6125e+06	6.5755e+06	6.5855e+06	6.60575e+06	6.6725e+06	
6.51675e+06	6.59175e+06	6.583e+06	6.54525e+06	6.5805e+06	
6.45625e+06	6.5245e+06	6.45075e+06	6.481e+06	6.51875e+06	
6.353e+06	6.4885e+06	6.4425e+06	6.421e+06	6.49425e+06	
6.3625e+06	6.47075e+06	6.38e+06	6.3995e+06	6.445e+06	
6.31575e+06	6.467e+06	6.44425e+06	6.42675e+06	6.38325e+06	
6.37625e+06	6.28e+06	6.30575e+06	6.39025e+06	6.3725e+06	
6.31575e+06	6.2615e+06	6.285e+06	6.3075e+06	6.2485e+06	
6.25525e+06	6.237e+06	6.26975e+06	6.244e+06	6.283e+06	
6.20175e+06	6.19175e+06	6.23575e+06	6.18525e+06	6.13625e+06	
6.11675e+06	6.16325e+06	6.191e+06	6.2655e+06	6.10275e+06	
6.1015e+06	6.1255e+06	6.17725e+06	6.16525e+06	6.121e+06	
6.23775e+06	6.222e+06	6.2465e+06	6.249e+06	6.237e+06	
6.2125e+06	6.2075e+06	6.1785e+06	6.15e+06	6.22375e+06	
6.24025e+06	6.24275e+06	6.28625e+06	6.22325e+06	6.273e+06	
6.17975e+06	6.17775e+06	6.21175e+06	6.23525e+06	6.22075e+06	
6.22625e+06	6.1815e+06	6.13675e+06	6.092e+06	6.17725e+06	
6.181e+06	6.16325e+06	6.22575e+06	6.19675e+06	6.18725e+06	
6.147e+06	6.19725e+06	6.2295e+06	6.2345e+06	6.155e+06	
6.10025e+06	6.21125e+06	6.20925e+06	6.22325e+06	6.21125e+06	
6.157e+06	6.18925e+06	6.2465e+06	6.254e+06	6.17275e+06	
6.18025e+06	6.13675e+06	6.225e+06	6.24325e+06	6.15325e+06	
6.11725e+06	6.11225e+06	6.21425e+06	6.19475e+06	6.201e+06	
6.1155e+06	6.075e+06	6.10775e+06	6.128e+06	6.0695e+06	
6.08825e+06	6.06575e+06	6.055e+06	6.101e+06	6.08575e+06	
6.036e+06	6.08025e+06	6.067e+06	6.053e+06	6.1525e+06	
5.9635e+06	5.98825e+06	6.03725e+06	6.04675e+06	5.98875e+06	
5.9195e+06	5.869e+06	5.9515e+06	5.876e+06	5.888e+06	
5.627e+06	5.7115e+06	5.69375e+06	5.646e+06	5.73925e+06	
5.42725e+06	5.52175e+06	5.44925e+06	5.498e+06	5.45875e+06	
5.21175e+06	5.26925e+06	5.3045e+06	5.314e+06	5.302e+06	
5.3045e+06	5.2925e+06	5.336e+06	5.35475e+06	5.32825e+06	
5.44125e+06	5.3505e+06	5.4595e+06	5.47825e+06	5.448e+06	
5.537e+06	5.515e+06	5.554e+06	5.569e+06	5.53375e+06	
5.65725e+06	5.62775e+06	5.607e+06	5.64225e+06	5.605e+06	
5.7385e+06	5.7525e+06	5.75875e+06	5.74925e+06	5.75875e+06	
5.80425e+06	5.8255e+06	5.762e+06	5.779e+06	5.7455e+06	
5.741e+06	5.86075e+06	5.81725e+06	5.84825e+06	5.79275e+06	
5.808e+06	5.88925e+06	5.91875e+06	5.973e+06	5.91875e+06	
5.90625e+06	5.86325e+06	5.86975e+06	5.8785e+06	5.82175e+06	
5.94025e+06	5.93575e+06	5.915e+06	5.912e+06	5.89475e+06	
5.862e+06	5.97625e+06	5.90675e+06	5.93775e+06	5.90375e+06	
5.89625e+06	5.85775e+06	5.9245e+06	5.93325e+06	5.92325e+06	
5.898e+06	5.9225e+06	5.90425e+06	5.96425e+06	5.8765e+06	
5.8765e+06	5.879e+06	5.88475e+06	5.946e+06	5.915e+06	
5.9265e+06	5.893e+06	5.93525e+06	5.92775e+06	5.9025e+06	
5.86075e+06	5.9145e+06	6.02225e+06	5.89625e+06	5.888e+06	
5.85025e+06	5.88675e+06	5.9265e+06	5.9295e+06	5.95725e+06	
5.94725e+06	5.96925e+06	5.9025e+06	5.94975e+06	5.93525e+06	
5.87975e+06	5.89225e+06	5.9225e+06	5.8425e+06	5.86075e+06	
5.94975e+06	5.84375e+06	5.8445e+06	5.8155e+06	5.8495e+06	
5.88425e+06	5.862e+06	5.912e+06	5.89925e+06	5.87025e+06	
5.854e+06	5.7865e+06	5.75175e+06	5.862e+06	5.7425e+06	
5.789e+06	5.8325e+06	5.789e+06	5.78025e+06	5.7915e+06	
5.83575e+06	5.81175e+06	5.87975e+06	5.86025e+06	5.879e+06	
5.7965e+06	5.85575e+06	5.857e+06	5.845e+06	5.7915e+06	
5.794e+06	5.77125e+06	5.72975e+06	5.784e+06	5.772e+06	
5.74875e+06	5.7525e+06	5.83e+06	5.8685e+06	5.859e+06	
5.88725e+06	5.7355e+06	5.78525e+06	5.82875e+06	5.81425e+06	
5.82375e+06	5.7575e+06	5.71475e+06	5.825e+06	5.78525e+06	
5.80025e+06	5.73925e+06	5.77e+06	5.80725e+06	5.7675e+06	
5.67675e+06	5.7185e+06	5.80225e+06	5.78025e+06	5.76575e+06	
5.68825e+06	5.83125e+06	5.80475e+06	5.72925e+06	5.83575e+06	
5.73975e+06	5.72975e+06	5.7745e+06	5.7335e+06	5.741e+06	
5.668e+06	5.77075e+06	5.70275e+06	5.70025e+06	5.7795e+06	
5.709e+06	5.73675e+06	5.69e+06	5.7065e+06	5.76825e+06	
5.6925e+06	5.65925e+06	5.70275e+06	5.7015e+06	5.65675e+06	
5.731e+06	5.68325e+06	5.76825e+06	5.719e+06	5.714e+06	
5.71275e+06	5.71525e+06	5.7595e+06	5.7335e+06	5.682e+06	
5.73225e+06	5.70325e+06	5.73975e+06	5.67675e+06	5.72025e+06	
5.67875e+06	5.612e+06	5.74375e+06	5.6875e+06	5.63525e+06	
5.5735e+06	5.612e+06	5.6365e+06	5.57425e+06	5.68e+06	
5.60375e+06	5.62775e+06	5.687e+06	5.6435e+06	5.64475e+06	
5.62775e+06	5.5835e+06	5.66225e+06	5.69825e+06	5.636e+06	
5.612e+06	5.6075e+06	5.49225e+06	5.583e+06	5.56725e+06	
5.4935e+06	5.60875e+06	5.57475e+06	5.5395e+06	5.55975e+06	
5.56775e+06	5.5445e+06	5.549e+06	5.55325e+06	5.629e+06	
5.5035e+06	5.44e+06	5.462e+06	5.515e+06	5.55075e+06	
5.542e+06	5.472e+06	5.54825e+06	5.54325e+06	5.5425e+06	
5.47775e+06	5.49025e+06	5.49225e+06	5.57675e+06	5.59e+06	
5.58225e+06	5.5325e+06	5.60375e+06	5.5255e+06	5.55975e+06	
5.53875e+06	5.513e+06	5.5395e+06	5.54525e+06	5.564e+06	
5.48025e+06	5.4985e+06	5.53375e+06	5.448e+06	5.525e+06	
5.54075e+06	5.52875e+06	5.4935e+06	5.50475e+06	5.58675e+06	
5.52125e+06	5.4545e+06	5.53375e+06	5.494e+06	5.52675e+06	
5.50925e+06	5.501e+06	5.52875e+06	5.4545e+06	5.4425e+06	
5.48025e+06	5.4885e+06	5.498e+06	5.399e+06	5.445e+06	
5.472e+06	5.4475e+06	5.49275e+06	5.4235e+06	5.48725e+06	
5.48475e+06	5.55975e+06	5.5155e+06	5.50225e+06	5.5005e+06	
5.431e+06	5.438e+06	5.39325e+06	5.34675e+06	5.416e+06	
5.4475e+06	5.4525e+06	5.4425e+06	5.42425e+06	5.42675e+06	
5.37625e+06	5.35425e+06	5.44925e+06	5.4305e+06	5.36875e+06	
5.44425e+06	5.375e+06	5.40775e+06	5.42475e+06	5.4015e+06	
5.356e+06	5.3555e+06	5.41525e+06	5.34975e+06	5.4115e+06	
5.3505e+06	5.38825e+06	5.44125e+06	5.39525e+06	5.37575e+06	
5.351e+06	5.3485e+06	5.40525e+06	5.438e+06	5.43175e+06	
5.336e+06	5.33225e+06	5.39525e+06	5.339e+06	5.40775e+06	
5.356e+06	5.382e+06	5.35425e+06	5.3485e+06	5.38e+06	
5.356e+06	5.339e+06	5.305e+06	5.334e+06	5.33975e+06	
5.305e+06	5.29625e+06	5.20675e+06	5.33775e+06	5.31125e+06	
5.29675e+06	5.28925e+06	5.402e+06	5.17275e+06	5.32075e+06	
5.322e+06	5.31125e+06	5.339e+06	5.24275e+06	5.29625e+06	
5.20875e+06	5.128e+06	5.21375e+06	5.11025e+06	5.25075e+06	
5.27675e+06	5.3245e+06	5.30375e+06	5.317e+06	5.3165e+06	
5.2395e+06	5.19225e+06	5.24075e+06	5.21175e+06	5.32075e+06	
5.2055e+06	5.18525e+06	5.26025e+06	5.21375e+06	5.307e+06	
5.27475e+06	5.2515e+06	5.181e+06	5.20475e+06	5.20625e+06	
5.271e+06	5.21925e+06	5.19675e+06	5.28625e+06	5.28175e+06	
5.1715e+06	5.15875e+06	5.12175e+06	5.19175e+06	5.1595e+06	
5.2785e+06	5.16325e+06	5.2125e+06	5.1185e+06	5.22e+06	
5.20475e+06	5.1405e+06	5.18475e+06	5.121e+06	5.121e+06	
5.1325e+06	5.07325e+06	5.12725e+06	5.11025e+06	5.05925e+06	
5.0625e+06	5.0555e+06	5.053e+06	5.12175e+06	5.06825e+06	
5.03525e+06	5.05425e+06	5.0045e+06	5.024e+06	5.0675e+06	
5.01575e+06	5.08325e+06	4.97675e+06	5.01025e+06	4.99325e+06	
5.04475e+06	4.99125e+06	5.06125e+06	5.06675e+06	5.0655e+06	
4.9755e+06	4.946e+06	4.9855e+06	5.0405e+06	4.9275e+06	
5.02525e+06	5.034e+06	4.932e+06	4.9905e+06	4.91175e+06	
4.84625e+06	4.85075e+06	4.94725e+06	4.915e+06	4.8955e+06	
4.70325e+06	4.74925e+06	4.7845e+06	4.75175e+06	4.73725e+06	
4.443e+06	4.3945e+06	4.45e+06	4.4285e+06	4.4115e+06	
4.1815e+06	4.15375e+06	4.19275e+06	4.1595e+06	4.1235e+06	
4.00325e+06	4.03775e+06	3.98925e+06	4.0215e+06	4.036e+06	
4.0485e+06	4.012e+06	4.0385e+06	4.04675e+06	4.0025e+06	
4.05675e+06	4.068e+06	4.05425e+06	4.11725e+06	4.0825e+06	
4.04725e+06	4.10525e+06	4.09275e+06	4.09325e+06	4.11475e+06	
4.11725e+06	4.082e+06	4.09275e+06	4.10075e+06	4.034e+06	
4.1135e+06	4.126e+06	4.07625e+06	4.03725e+06	4.03525e+06	
4.0795e+06	4.11525e+06	4.13625e+06	4.1595e+06	4.169e+06	
4.1545e+06	4.1185e+06	4.1115e+06	4.1015e+06	4.1695e+06	
4.11925e+06	4.1745e+06	4.186e+06	4.223e+06	4.14925e+06	
4.19725e+06	4.186e+06	4.172e+06	4.189e+06	4.11925e+06	
4.2155e+06	4.19275e+06	4.14875e+06	4.19975e+06	4.22825e+06	
4.2755e+06	4.2665e+06	4.24075e+06	4.25575e+06	4.286e+06	
4.252e+06	4.31125e+06	4.27725e+06	4.2545e+06	4.27475e+06	
4.32775e+06	4.27725e+06	4.37375e+06	4.336e+06	4.36425e+06	
4.286e+06	4.42275e+06	4.3025e+06	4.31125e+06	4.3465e+06	
4.322e+06	4.30825e+06	4.29e+06	4.3265e+06	4.41025e+06	
4.25975e+06	4.307e+06	4.30325e+06	4.33075e+06	4.3635e+06	
4.33275e+06	4.361e+06	4.35675e+06	4.26225e+06	4.33025e+06	
4.281e+06	4.27225e+06	4.2345e+06	4.223e+06	4.2955e+06	
4.3045e+06	4.264e+06	4.266e+06	4.2125e+06	4.20725e+06	
4.2085e+06	4.242e+06	4.23325e+06	4.21125e+06	4.18725e+06	
4.26975e+06	4.20475e+06	4.19275e+06	4.1525e+06	4.208e+06	
4.16e+06	4.2155e+06	4.13425e+06	4.21675e+06	4.14875e+06	
4.20975e+06	4.17775e+06	4.179e+06	4.20225e+06	4.2005e+06	
4.2375e+06	4.10775e+06	4.1885e+06	4.15125e+06	4.1915e+06	
4.1745e+06	4.14875e+06	4.15575e+06	4.19475e+06	4.184e+06	
4.189e+06	4.16775e+06	4.2375e+06	4.24e+06	4.20975e+06	
4.20725e+06	4.23875e+06	4.194e+06	4.213e+06	4.237e+06	
4.24825e+06	4.23625e+06	4.25975e+06	4.276e+06	4.25525e+06	
4.3e+06	4.31075e+06	4.346e+06	4.29375e+06	4.227e+06	
4.24325e+06	4.29375e+06	4.3005e+06	4.271e+06	4.2105e+06	
4.21925e+06	4.191e+06	4.2255e+06	4.22825e+06	4.281e+06	
4.3125e+06	4.2855e+06	4.223e+06	4.21625e+06	4.2445e+06	
4.1985e+06	4.11925e+06	4.12225e+06	4.1455e+06	4.15375e+06	
4.13225e+06	4.11975e+06	4.16525e+06	4.186e+06	4.135e+06	
4.12675e+06	4.089e+06	4.10975e+06	4.10775e+06	4.0775e+06	
4.053e+06	4.0775e+06	4.07875e+06	4.09525e+06	4.04725e+06	
4.106e+06	4.03025e+06	4.0675e+06	4.089e+06	4.09325e+06	
4.0195e+06	4.0605e+06	4.05475e+06	4.03975e+06	4.02025e+06	
3.973e+06	3.92e+06	4.00075e+06	3.9325e+06	3.99825e+06	
3.9005e+06	3.92575e+06	3.9415e+06	3.93125e+06	4.00825e+06	
3.932e+06	3.9035e+06	3.91675e+06	3.944e+06	3.96925e+06	
3.8815e+06	3.88775e+06	3.93125e+06	3.937e+06	3.87775e+06	
3.804e+06	3.8575e+06	3.89975e+06	3.939e+06	3.95225e+06	
3.8425e+06	3.918e+06	3.83875e+06	3.80725e+06	3.903e+06	
3.83175e+06	3.7965e+06	3.89725e+06	3.84175e+06	3.88925e+06	
3.87775e+06	3.82675e+06	3.87525e+06	3.94025e+06	3.87475e+06	
3.90925e+06	3.8645e+06	3.88475e+06	3.92325e+06	3.896e+06	
3.918e+06	3.8835e+06	3.88025e+06	3.896e+06	3.922e+06	
3.896e+06	3.876e+06	3.8765e+06	3.92e+06	3.881e+06	
3.90925e+06	3.879e+06	3.83625e+06	3.9345e+06	3.913e+06	
3.87325e+06	3.89925e+06	3.8885e+06	3.864e+06	3.893e+06	
3.8815e+06	3.86275e+06	3.913e+06	3.8985e+06	3.8645e+06	
3.862e+06	3.939e+06	3.88725e+06	3.86075e+06	3.874e+06	
3.8155e+06	3.85075e+06	3.859e+06	3.87525e+06	3.9035e+06	
3.76425e+06	3.77075e+06	3.83625e+06	3.8425e+06	3.83175e+06	
3.8115e+06	3.8955e+06	3.8355e+06	3.75675e+06	3.8155e+06	
3.7695e+06	3.8155e+06	3.8355e+06	3.813e+06	3.8085e+06	
3.79575e+06	3.852e+06	3.8235e+06	3.79025e+06	3.811e+06	
3.82925e+06	3.77375e+06	3.7895e+06	3.867e+06	3.857e+06	
3.7485e+06	3.7745e+06	3.855e+06	3.86325e+06	3.77325e+06	
3.86025e+06	3.81675e+06	3.79525e+06	3.8115e+06	3.82675e+06	
3.741e+06	3.746e+06	3.79275e+06	3.799e+06	3.7895e+06	
3.705e+06	3.7505e+06	3.77075e+06	3.81025e+06	3.72275e+06	
3.777e+06	3.71275e+06	3.751e+06	3.74175e+06	3.71525e+06	
3.6975e+06	3.755e+06	3.78125e+06	3.7625e+06	3.75925e+06	
3.784e+06	3.7315e+06	3.755e+06	3.724e+06	3.709e+06	
3.69875e+06	3.6875e+06	3.70825e+06	3.75425e+06	3.69325e+06	
3.7605e+06	3.71275e+06	3.71525e+06	3.721e+06	3.714e+06	
3.688e+06	3.705e+06	3.70125e+06	3.67425e+06	3.603e+06	
3.72775e+06	3.683e+06	3.66975e+06	3.70325e+06	3.68175e+06	
3.6535e+06	3.64525e+06	3.70575e+06	3.67925e+06	3.71325e+06	
3.697e+06	3.6685e+06	3.719e+06	3.69825e+06	3.69625e+06	
3.62075e+06	3.64475e+06	3.646e+06	3.6875e+06	3.62e+06	
3.622e+06	3.55275e+06	3.6225e+06	3.625e+06	3.63275e+06	
3.55525e+06	3.6195e+06	3.56275e+06	3.58925e+06	3.65775e+06	
3.5885e+06	3.5085e+06	3.61175e+06	3.567e+06	3.5325e+06	
3.53175e+06	3.63525e+06	3.6025e+06	3.57275e+06	3.5735e+06	
3.55075e+06	3.583e+06	3.5645e+06	3.56275e+06	3.53625e+06	
3.55775e+06	3.5205e+06	3.6145e+06	3.56775e+06	3.53375e+06	
3.552e+06	3.535e+06	3.5255e+06	3.5905e+06	3.54e+06	
3.55575e+06	3.48825e+06	3.5475e+06	3.521e+06	3.504e+06	
3.47325e+06	3.49225e+06	3.472e+06	3.49275e+06	3.42975e+06	
3.40825e+06	3.518e+06	3.52625e+06	3.4865e+06	3.51225e+06	
3.45e+06	3.4525e+06	3.43675e+06	3.47e+06	3.438e+06	
3.39875e+06	3.4865e+06	3.45375e+06	3.402e+06	3.42725e+06	
3.412e+06	3.39375e+06	3.3705e+06	3.327e+06	3.30825e+06	
3.33075e+06	3.32525e+06	3.33025e+06	3.26975e+06	3.31875e+06	
3.20475e+06	3.1865e+06	3.1505e+06	3.157e+06	3.26475e+06	
3.0795e+06	3.05925e+06	3.06675e+06	3.024e+06	3.08625e+06	
2.9155e+06	2.9615e+06	2.935e+06	2.995e+06	3.00625e+06	
2.88525e+06	2.92425e+06	2.82175e+06	2.89475e+06	2.8625e+06	
2.86125e+06	2.76875e+06	2.90225e+06	2.81025e+06	2.8035e+06	
2.77575e+06	2.75625e+06	2.75875e+06	2.7555e+06	2.74725e+06	
2.69e+06	2.67225e+06	2.7365e+06	2.7075e+06	2.69625e+06	
2.6925e+06	2.65025e+06	2.61425e+06	2.668e+06	2.65725e+06	
2.66475e+06	2.63125e+06	2.64575e+06	2.6445e+06	2.58025e+06	
2.59725e+06	2.61675e+06	2.56525e+06	2.6325e+06	2.61125e+06	
2.57725e+06	2.63075e+06	2.64975e+06	2.6125e+06	2.62125e+06	
2.58975e+06	2.591e+06	2.63575e+06	2.68925e+06	2.6445e+06	
2.72325e+06	2.66475e+06	2.659e+06	2.67475e+06	2.63525e+06	
2.7535e+06	2.7575e+06	2.75425e+06	2.7145e+06	2.763e+06	
2.84e+06	2.75225e+06	2.84125e+06	2.83225e+06	2.8695e+06	
2.88775e+06	2.90425e+06	2.92125e+06	2.91425e+06	2.9375e+06	
2.91425e+06	2.95775e+06	2.95975e+06	2.9755e+06	2.98675e+06	
2.9835e+06	3.02575e+06	3.007e+06	3.0045e+06	2.956e+06	
3.00375e+06	3.0045e+06	3.0415e+06	3.0145e+06	2.96775e+06	
2.95725e+06	2.99675e+06	2.97925e+06	2.99375e+06	2.99125e+06	
2.9345e+06	2.8645e+06	2.91e+06	2.872e+06	2.966e+06	
2.8065e+06	2.77825e+06	2.8255e+06	2.79325e+06	2.7725e+06	
2.76675e+06	2.7895e+06	2.741e+06	2.7965e+06	2.77575e+06	
2.75925e+06	2.71075e+06	2.758e+06	2.722e+06	2.76425e+06	
2.75625e+06	2.736e+06	2.76e+06	2.714e+06	2.76925e+06	
2.71575e+06	2.7215e+06	2.6825e+06	2.68375e+06	2.685e+06	
2.67725e+06	2.6755e+06	2.69825e+06	2.67175e+06	2.75225e+06	
2.705e+06	2.68e+06	2.62575e+06	2.6785e+06	2.72975e+06	
2.7e+06	2.76175e+06	2.731e+06	2.659e+06	2.719e+06	
2.68125e+06	2.68125e+06	2.6995e+06	2.68e+06	2.68375e+06	
2.69125e+06	2.72275e+06	2.7335e+06	2.739e+06	2.72725e+06	
2.69175e+06	2.70375e+06	2.772e+06	2.73475e+06	2.7145e+06	
2.712e+06	2.6855e+06	2.63825e+06	2.69375e+06	2.736e+06	
2.67425e+06	2.68875e+06	2.69625e+06	2.63775e+06	2.71025e+06	
2.68875e+06	2.6635e+06	2.7095e+06	2.67175e+06	2.67225e+06	
2.68375e+06	2.639e+06	2.7075e+06	2.705e+06	2.66275e+06	
2.71075e+06	2.62575e+06	2.71025e+06	2.649e+06	2.7095e+06	
2.64525e+06	2.656e+06	2.671e+06	2.68125e+06	2.68375e+06	
2.6615e+06	2.61675e+06	2.6395e+06	2.71275e+06	2.6705e+06	
2.64575e+06	2.65475e+06	2.69825e+06	2.659e+06	2.65025e+06	
2.69625e+06	2.678e+06	2.69175e+06	2.683e+06	2.6735e+06	
2.64075e+06	2.637e+06	2.688e+06	2.6805e+06	2.69425e+06	
2.695e+06	2.661e+06	2.7075e+06	2.66475e+06	2.70625e+06	
2.65775e+06	2.64775e+06	2.654e+06	2.668e+06	2.66725e+06	
2.65975e+06	2.69175e+06	2.642e+06	2.6855e+06	2.66225e+06	
2.647e+06	2.6735e+06	2.712e+06	2.67225e+06	2.62575e+06	
2.734e+06	2.664e+06	2.6585e+06	2.6975e+06	2.76e+06	
2.7915e+06	2.75925e+06	2.74975e+06	2.7485e+06	2.734e+06	
2.80075e+06	2.797e+06	2.76e+06	2.7995e+06	2.765e+06	
2.833e+06	2.823e+06	2.8305e+06	2.84e+06	2.7825e+06	
2.81025e+06	2.81725e+06	2.81025e+06	2.8355e+06	2.7705e+06	
2.90925e+06	2.867e+06	2.90425e+06	2.8595e+06	2.8455e+06	
2.869e+06	2.898e+06	2.88475e+06	2.87525e+06	2.913e+06	
2.915e+06	2.88025e+06	2.8645e+06	2.8625e+06	2.8985e+06	
2.85075e+06	2.88975e+06	2.93375e+06	2.89925e+06	2.90475e+06	
2.833e+06	2.932e+06	2.8645e+06	2.89725e+06	2.91e+06	
2.886e+06	2.855e+06	2.87075e+06	2.903e+06	2.867e+06	
2.823e+06	2.884e+06	2.8865e+06	2.8135e+06	2.9055e+06	
2.85125e+06	2.8475e+06	2.927e+06	2.9395e+06	2.8695e+06	
2.84425e+06	2.8525e+06	2.79525e+06	2.843e+06	2.84625e+06	
2.8255e+06	2.84675e+06	2.82225e+06	2.82225e+06	2.80975e+06	
2.8545e+06	2.83875e+06	2.838e+06	2.87275e+06	2.864e+06	
2.83425e+06	2.83675e+06	2.8355e+06	2.852e+06	2.8955e+06	
2.818e+06	2.845e+06	2.8835e+06	2.85825e+06	2.84625e+06	
2.879e+06	2.86125e+06	2.8305e+06	2.88225e+06	2.8545e+06	
2.852e+06	2.8475e+06	2.85e+06	2.86525e+06	2.85375e+06	
2.83625e+06	2.84675e+06	2.8355e+06	2.855e+06	2.857e+06	
2.8425e+06	2.80725e+06	2.8165e+06	2.81725e+06	2.84e+06	
2.88725e+06	2.78325e+06	2.828e+06	2.85325e+06	2.8595e+06	
2.8405e+06	2.80025e+06	2.89475e+06	2.80225e+06	2.8765e+06	
2.8475e+06	2.87275e+06	2.80225e+06	2.85375e+06	2.86325e+06	
2.81525e+06	2.81725e+06	2.823e+06	2.864e+06	2.80475e+06	
2.83375e+06	2.81975e+06	2.845e+06	2.8135e+06	2.889e+06	
2.80225e+06	2.8115e+06	2.83175e+06	2.83675e+06	2.7995e+06	
2.84175e+06	2.80775e+06	2.78075e+06	2.82725e+06	2.8255e+06	
2.85125e+06	2.80475e+06	2.7605e+06	2.79525e+06	2.83675e+06	
2.77625e+06	2.792e+06	2.814e+06	2.86325e+06	2.79075e+06	
2.799e+06	2.73525e+06	2.80725e+06	2.8115e+06	2.804e+06	
2.78825e+06	2.76675e+06	2.79825e+06	2.85e+06	2.8235e+06	
2.85e+06	2.79525e+06	2.8165e+06	2.7995e+06	2.84175e+06	
2.8165e+06	2.806e+06	2.8455e+06	2.8455e+06	2.80475e+06	
2.79575e+06	2.84e+06	2.82975e+06	2.84825e+06	2.79525e+06	
2.845e+06	2.8305e+06	2.79575e+06	2.8185e+06	2.8425e+06	
2.828e+06	2.79075e+06	2.794e+06	2.85875e+06	2.85825e+06	
2.845e+06	2.852e+06	2.797e+06	2.8235e+06	2.79575e+06	
2.82475e+06	2.8165e+06	2.78775e+06	2.80275e+06	2.7655e+06	
2.81025e+06	2.797e+06	2.7795e+06	2.77625e+06	2.78e+06	
2.81225e+06	2.77875e+06	2.81275e+06	2.7965e+06	2.826e+06	
2.82675e+06	2.82425e+06	2.80475e+06	2.79275e+06	2.80275e+06	
2.8285e+06	2.8035e+06	2.806e+06	2.7535e+06	2.76625e+06	
2.74425e+06	2.77575e+06	2.76e+06	2.78e+06	2.80525e+06	
2.82675e+06	2.7455e+06	2.743e+06	2.76425e+06	2.79775e+06	
2.772e+06	2.74425e+06	2.7965e+06	2.7705e+06	2.80525e+06	
2.768e+06	2.78075e+06	2.81725e+06	2.83675e+06	2.77625e+06	
2.751e+06	2.79275e+06	2.789e+06	2.78825e+06	2.82725e+06	
2.7365e+06	2.77625e+06	2.77625e+06	2.78e+06	2.7775e+06	
2.8135e+06	2.73725e+06	2.76625e+06	2.753e+06	2.79275e+06	
2.76675e+06	2.76425e+06	2.77575e+06	2.77375e+06	2.73725e+06	
2.72075e+06	2.731e+06	2.75425e+06	2.7705e+06	2.73275e+06	
2.7265e+06	2.70825e+06	2.6975e+06	2.736e+06	2.7505e+06	
2.74425e+06	2.69125e+06	2.7165e+06	2.7245e+06	2.68925e+06	
2.72075e+06	2.67675e+06	2.666e+06	2.722e+06	2.73725e+06	
2.68875e+06	2.7365e+06	2.722e+06	2.72775e+06	2.70575e+06	
2.6685e+06	2.6635e+06	2.7e+06	2.73975e+06	2.731e+06	
2.68625e+06	2.63075e+06	2.67925e+06	2.66475e+06	2.65525e+06	
2.6975e+06	2.69625e+06	2.73275e+06	2.69575e+06	2.74475e+06	
2.7025e+06	2.65025e+06	2.70125e+06	2.70825e+06	2.726e+06	
2.671e+06	2.66225e+06	2.688e+06	2.70325e+06	2.705e+06	
2.714e+06	2.66475e+06	2.6805e+06	2.6615e+06	2.6685e+06	
2.62825e+06	2.6535e+06	2.67675e+06	2.68675e+06	2.6735e+06	
2.673e+06	2.6685e+06	2.69425e+06	2.70125e+06	2.6275e+06	
2.65525e+06	2.67225e+06	2.64975e+06	2.70875e+06	2.6825e+06	
2.661e+06	2.68925e+06	2.666e+06	2.71275e+06	2.64275e+06	
2.68125e+06	2.66925e+06	2.67475e+06	2.649e+06	2.6635e+06	
2.6295e+06	2.6825e+06	2.67675e+06	2.66675e+06	2.65475e+06	
2.627e+06	2.63325e+06	2.664e+06	2.65725e+06	2.6345e+06	
2.62325e+06	2.61e+06	2.61625e+06	2.622e+06	2.6465e+06	
2.5955e+06	2.59725e+06	2.62575e+06	2.64275e+06	2.62075e+06	
2.6635e+06	2.58975e+06	2.58225e+06	2.639e+06	2.632e+06	
2.61e+06	2.61375e+06	2.5935e+06	2.6365e+06	2.55575e+06	
2.59225e+06	2.56775e+06	2.57725e+06	2.63775e+06	2.59475e+06	
2.60425e+06	2.60925e+06	2.5305e+06	2.61125e+06	2.62e+06	
2.58525e+06	2.5955e+06	2.6195e+06	2.579e+06	2.63575e+06	
2.58025e+06	2.54875e+06	2.608e+06	2.57475e+06	2.572e+06	
2.55e+06	2.57725e+06	2.605e+06	2.54325e+06	2.56075e+06	
2.49725e+06	2.51975e+06	2.54375e+06	2.57775e+06	2.59675e+06	
2.5445e+06	2.49525e+06	2.56325e+06	2.58225e+06	2.59925e+06	
2.516e+06	2.51475e+06	2.547e+06	2.55075e+06	2.559e+06	
2.511e+06	2.4235e+06	2.511e+06	2.49325e+06	2.477e+06	
2.361e+06	2.3875e+06	2.37225e+06	2.407e+06	2.402e+06	
2.17075e+06	2.18825e+06	2.24825e+06	2.196e+06	2.18025e+06	
1.92375e+06	1.89925e+06	1.95325e+06	1.93125e+06	1.884e+06	
1.627e+06	1.6415e+06	1.649e+06	1.61425e+06	1.64075e+06	
1.385e+06	1.4485e+06	1.38375e+06	1.39375e+06	1.3995e+06	
1.22925e+06	1.22225e+06	1.21475e+06	1.2235e+06	1.23875e+06	
1.16825e+06	1.15925e+06	1.163e+06	1.15925e+06	1.17325e+06	
1.20725e+06	1.2015e+06	1.19075e+06	1.1845e+06	1.199e+06	
1.2735e+06	1.25775e+06	1.3105e+06	1.29475e+06	1.298e+06	
1.383e+06	1.37925e+06	1.3975e+06	1.385e+06	1.376e+06	
1.422e+06	1.414e+06	1.376e+06	1.43725e+06	1.43975e+06	
1.417e+06	1.42525e+06	1.4775e+06	1.42525e+06	1.41825e+06	
1.43525e+06	1.43725e+06	1.40825e+06	1.42025e+06	1.388e+06	
1.41025e+06	1.43775e+06	1.42525e+06	1.41075e+06	1.3975e+06	
1.4095e+06	1.45675e+06	1.42975e+06	1.42075e+06	1.44175e+06	
1.4075e+06	1.4215e+06	1.42525e+06	1.443e+06	1.4115e+06	
1.458e+06	1.43225e+06	1.49075e+06	1.46875e+06	1.46125e+06	
1.46e+06	1.51225e+06	1.51275e+06	1.504e+06	1.51275e+06	
1.5545e+06	1.552e+06	1.59225e+06	1.56825e+06	1.586e+06	
1.632e+06	1.61425e+06	1.64075e+06	1.6705e+06	1.6155e+06	
1.7045e+06	1.7125e+06	1.72325e+06	1.746e+06	1.685e+06	
1.79525e+06	1.78575e+06	1.76375e+06	1.7675e+06	1.7045e+06	
1.83875e+06	1.836e+06	1.836e+06	1.85575e+06	1.84125e+06	
1.92e+06	1.896e+06	1.92375e+06	1.90675e+06	1.90925e+06	
2.0005e+06	1.998e+06	1.98225e+06	1.9905e+06	1.995e+06	
2.04275e+06	2.01825e+06	2.0385e+06	2.0145e+06	2.041e+06	
2.097e+06	2.09e+06	2.1015e+06	2.1335e+06	2.09075e+06	
2.1505e+06	2.11275e+06	2.12925e+06	2.155e+06	2.13925e+06	
2.1795e+06	2.15375e+06	2.145e+06	2.1985e+06	2.12775e+06	
2.17575e+06	2.1845e+06	2.196e+06	2.2225e+06	2.206e+06	
2.196e+06	2.21725e+06	2.2475e+06	2.1765e+06	2.2185e+06	
2.22175e+06	2.1965e+06	2.235e+06	2.23375e+06	2.18825e+06	
2.23175e+06	2.19275e+06	2.23875e+06	2.237e+06	2.216e+06	
2.172e+06	2.2135e+06	2.23175e+06	2.23425e+06	2.2735e+06	
2.242e+06	2.21725e+06	2.2645e+06	2.2275e+06	2.276e+06	
2.24075e+06	2.23625e+06	2.22125e+06	2.259e+06	2.24325e+06	
2.24e+06	2.2035e+06	2.2475e+06	2.22925e+06	2.25825e+06	
2.235e+06	2.2495e+06	2.2595e+06	2.2375e+06	2.25325e+06	
2.2325e+06	2.24575e+06	2.2425e+06	2.245e+06	2.27475e+06	
2.20475e+06	2.25775e+06	2.21975e+06	2.25e+06	2.2495e+06	
2.199e+06	2.20025e+06	2.247e+06	2.2255e+06	2.21175e+06	
2.20225e+06	2.19775e+06	2.2615e+06	2.25275e+06	2.19025e+06	
2.162e+06	2.2185e+06	2.23875e+06	2.20975e+06	2.2255e+06	
2.17825e+06	2.21675e+06	2.21475e+06	2.20475e+06	2.167e+06	
2.225e+06	2.177e+06	2.18575e+06	2.18575e+06	2.22625e+06	
2.16075e+06	2.19775e+06	2.211e+06	2.199e+06	2.24e+06	
2.2085e+06	2.184e+06	2.21175e+06	2.1985e+06	2.17775e+06	
2.15675e+06	2.17125e+06	2.194e+06	2.13675e+06	2.2395e+06	
2.14225e+06	2.15175e+06	2.17575e+06	2.1695e+06	2.172e+06	
2.16325e+06	2.16825e+06	2.199e+06	2.17e+06	2.15875e+06	
2.17125e+06	2.126e+06	2.14225e+06	2.162e+06	2.1455e+06	
2.1765e+06	2.10025e+06	2.1555e+06	2.1235e+06	2.18525e+06	
2.13675e+06	2.0925e+06	2.1645e+06	2.1455e+06	2.153e+06	
2.14875e+06	2.1595e+06	2.165e+06	2.13925e+06	2.14175e+06	
2.17775e+06	2.112e+06	2.08625e+06	2.1865e+06	2.1695e+06	
2.1355e+06	2.153e+06	2.1865e+06	2.124e+06	2.1815e+06	
2.1645e+06	2.17125e+06	2.1765e+06	2.153e+06	2.126e+06	
2.12275e+06	2.10325e+06	2.15175e+06	2.102e+06	2.1335e+06	
2.14675e+06	2.114e+06	2.16625e+06	2.14175e+06	2.119e+06	
2.15125e+06	2.136e+06	2.13675e+06	2.09375e+06	2.099e+06	
2.12725e+06	2.05025e+06	2.138e+06	2.12275e+06	2.10525e+06	
2.13175e+06	2.09775e+06	2.09125e+06	2.09825e+06	2.10025e+06	
2.09325e+06	2.10525e+06	2.124e+06	2.0995e+06	2.0925e+06	
2.09125e+06	2.0535e+06	2.10025e+06	2.1165e+06	2.0775e+06	
2.104e+06	2.10525e+06	2.10275e+06	2.104e+06	2.10025e+06	
2.1095e+06	2.0675e+06	2.068e+06	2.08175e+06	2.11075e+06	
2.09125e+06	2.06925e+06	2.08875e+06	2.05725e+06	2.073e+06	
2.11775e+06	2.09825e+06	2.0485e+06	2.10575e+06	2.11475e+06	
2.06875e+06	2.046e+06	2.09825e+06	2.05225e+06	2.12225e+06	
2.0635e+06	2.05025e+06	2.0895e+06	2.075e+06	2.07175e+06	
2.0755e+06	2.07175e+06	2.1215e+06	2.09075e+06	2.061e+06	
2.0635e+06	2.06675e+06	2.1015e+06	2.073e+06	2.09e+06	
2.09575e+06	2.0585e+06	2.05225e+06	2.0585e+06	2.06675e+06	
2.10775e+06	2.07e+06	2.1015e+06	2.0655e+06	2.092e+06	
2.0675e+06	2.01825e+06	2.005e+06	2.04025e+06	2.06425e+06	
2.0485e+06	2.03525e+06	2.08625e+06	2.051e+06	2.06225e+06	
2.0875e+06	2.02275e+06	2.0675e+06	2.01325e+06	2.097e+06	
2.04475e+06	2.03575e+06	2.073e+06	2.04475e+06	2.07425e+06	
2.0655e+06	2.04775e+06	2.05225e+06	2.05975e+06	2.053e+06	
2.04025e+06	2.00175e+06	2.03075e+06	2.017e+06	2.02e+06	
2.032e+06	2.03725e+06	2.0385e+06	2.03575e+06	2.04525e+06	
1.98225e+06	2.02825e+06	2.02275e+06	2.0295e+06	2.0125e+06	
1.98725e+06	1.9955e+06	2.0345e+06	2.03525e+06	2.029e+06	
1.9755e+06	2.0345e+06	2.04525e+06	2.0605e+06	2.0145e+06	
2.03575e+06	2.01375e+06	2.0005e+06	2.024e+06	1.969e+06	
1.9685e+06	1.9925e+06	2.0055e+06	1.97925e+06	1.993e+06	
1.9805e+06	1.9855e+06	1.98425e+06	1.9595e+06	2.0055e+06	
1.98675e+06	1.998e+06	2.01e+06	2.003e+06	1.966e+06	
1.96275e+06	2.00875e+06	1.93875e+06	1.99425e+06	1.99125e+06	
1.964e+06	1.9785e+06	1.949e+06	1.9595e+06	1.9345e+06	
1.94575e+06	1.94375e+06	1.96025e+06	1.96225e+06	1.98925e+06	
1.9905e+06	1.969e+06	1.961e+06	1.97025e+06	1.99175e+06	
1.9255e+06	1.94375e+06	1.92e+06	1.9375e+06	1.93075e+06	
1.90975e+06	1.923e+06	1.92425e+06	1.89275e+06	1.9295e+06	
1.9345e+06	1.9345e+06	1.8765e+06	1.92625e+06	1.9375e+06	
1.9155e+06	1.879e+06	1.90225e+06	1.88975e+06	1.88275e+06	
1.8835e+06	1.908e+06	1.89925e+06	1.915e+06	1.92425e+06	
1.91175e+06	1.874e+06	1.906e+06	1.882e+06	1.90925e+06	
1.88725e+06	1.88025e+06	1.87575e+06	1.8915e+06	1.93e+06	
1.872e+06	1.872e+06	1.8595e+06	1.88275e+06	1.877e+06	
1.894e+06	1.8695e+06	1.87825e+06	1.8505e+06	1.8475e+06	
1.8425e+06	1.88775e+06	1.838e+06	1.896e+06	1.86075e+06	
1.84175e+06	1.8505e+06	1.85375e+06	1.86825e+06	1.86575e+06	
1.809e+06	1.90425e+06	1.855e+06	1.84425e+06	1.862e+06	
1.8645e+06	1.80025e+06	1.828e+06	1.845e+06	1.833e+06	
1.81775e+06	1.83675e+06	1.811e+06	1.8335e+06	1.8375e+06	
1.79825e+06	1.7995e+06	1.86125e+06	1.8085e+06	1.83475e+06	
1.848e+06	1.80075e+06	1.828e+06	1.81975e+06	1.7995e+06	
1.84175e+06	1.85575e+06	1.82475e+06	1.8065e+06	1.838e+06	
1.82025e+06	1.82975e+06	1.84625e+06	1.80975e+06	1.8335e+06	
1.7945e+06	1.843e+06	1.75225e+06	1.84175e+06	1.82475e+06	
1.81525e+06	1.7945e+06	1.82425e+06	1.84925e+06	1.8085e+06	
1.79325e+06	1.7625e+06	1.8235e+06	1.836e+06	1.80325e+06	
1.799e+06	1.79325e+06	1.8285e+06	1.81525e+06	1.79325e+06	
1.80075e+06	1.78825e+06	1.81025e+06	1.79075e+06	1.79e+06	
1.782e+06	1.768e+06	1.768e+06	1.7775e+06	1.76175e+06	
1.773e+06	1.7995e+06	1.73225e+06	1.7725e+06	1.79e+06	
1.751e+06	1.787e+06	1.8165e+06	1.78125e+06	1.76875e+06	
1.77e+06	1.7915e+06	1.7335e+06	1.77175e+06	1.76875e+06	
1.76375e+06	1.76875e+06	1.792e+06	1.77e+06	1.7755e+06	
1.7265e+06	1.74975e+06	1.7675e+06	1.768e+06	1.76175e+06	
1.765e+06	1.76925e+06	1.79825e+06	1.797e+06	1.7705e+06	
1.72825e+06	1.74025e+06	1.77375e+06	1.77e+06	1.7725e+06	
1.7265e+06	1.746e+06	1.736e+06	1.7895e+06	1.74725e+06	
1.6905e+06	1.75225e+06	1.748e+06	1.74025e+06	1.727e+06	
1.71775e+06	1.74275e+06	1.7025e+06	1.7145e+06	1.7315e+06	
1.71125e+06	1.73525e+06	1.7535e+06	1.71e+06	1.751e+06	
1.6665e+06	1.7245e+06	1.70075e+06	1.719e+06	1.7025e+06	
1.72025e+06	1.68425e+06	1.67925e+06	1.71e+06	1.69125e+06	
1.66925e+06	1.69125e+06	1.66775e+06	1.6755e+06	1.67725e+06	
1.68925e+06	1.6615e+06	1.6565e+06	1.7e+06	1.67975e+06	
1.671e+06	1.6805e+06	1.64775e+06	1.707e+06	1.7145e+06	
1.66975e+06	1.6735e+06	1.71075e+06	1.6785e+06	1.66775e+06	
1.659e+06	1.695e+06	1.6735e+06	1.6905e+06	1.64825e+06	
1.681e+06	1.66975e+06	1.683e+06	1.664e+06	1.66025e+06	
1.63825e+06	1.64075e+06	1.64825e+06	1.664e+06	1.664e+06	
1.6105e+06	1.6665e+06	1.69925e+06	1.65975e+06	1.64575e+06	
1.6665e+06	1.681e+06	1.65525e+06	1.68875e+06	1.659e+06	
1.642e+06	1.63125e+06	1.6205e+06	1.64275e+06	1.6105e+06	
1.60175e+06	1.63375e+06	1.63625e+06	1.647e+06	1.63625e+06	
1.61675e+06	1.60925e+06	1.6245e+06	1.61925e+06	1.63075e+06	
1.60425e+06	1.63575e+06	1.6245e+06	1.60725e+06	1.56525e+06	
1.63075e+06	1.5715e+06	1.62375e+06	1.60675e+06	1.6055e+06	
1.59725e+06	1.62825e+06	1.60675e+06	1.61e+06	1.6295e+06	
1.60225e+06	1.589e+06	1.56525e+06	1.6125e+06	1.64325e+06	
1.61e+06	1.5935e+06	1.62875e+06	1.5835e+06	1.60425e+06	
1.63375e+06	1.652e+06	1.64775e+06	1.591e+06	1.5955e+06	
1.60925e+06	1.59975e+06	1.632e+06	1.58475e+06	1.61925e+06	
1.572e+06	1.589e+06	1.60225e+06	1.601e+06	1.5935e+06	
1.61375e+06	1.58725e+06	1.61925e+06	1.5985e+06	1.608e+06	
1.58225e+06	1.608e+06	1.57775e+06	1.56775e+06	1.6125e+06	
1.589e+06	1.5935e+06	1.547e+06	1.55625e+06	1.579e+06	
1.58475e+06	1.5645e+06	1.54825e+06	1.57325e+06	1.57725e+06	
1.596e+06	1.5835e+06	1.56825e+06	1.58525e+06	1.53625e+06	
1.545e+06	1.58475e+06	1.572e+06	1.56275e+06	1.5815e+06	
1.52925e+06	1.555e+06	1.54125e+06	1.54625e+06	1.5455e+06	
1.54175e+06	1.54625e+06	1.53675e+06	1.5495e+06	1.50525e+06	
1.51275e+06	1.504e+06	1.52225e+06	1.56125e+06	1.518e+06	
1.53625e+06	1.52975e+06	1.55125e+06	1.5035e+06	1.53675e+06	
1.53875e+06	1.51275e+06	1.53675e+06	1.516e+06	1.518e+06	
1.49025e+06	1.48325e+06	1.504e+06	1.5455e+06	1.516e+06	
1.51275e+06	1.51925e+06	1.4865e+06	1.494e+06	1.48325e+06	
1.482e+06	1.49525e+06	1.516e+06	1.50275e+06	1.49325e+06	
1.53925e+06	1.511e+06	1.4825e+06	1.499e+06	1.494e+06	
1.49525e+06	1.45675e+06	1.5065e+06	1.45875e+06	1.49075e+06	
1.4555e+06	1.46e+06	1.446e+06	1.48325e+06	1.4825e+06	
1.4405e+06	1.4725e+06	1.4775e+06	1.46125e+06	1.4435e+06	
1.45675e+06	1.439e+06	1.45875e+06	1.46925e+06	1.42725e+06	
1.43725e+06	1.422e+06	1.43525e+06	1.4575e+06	1.42475e+06	
1.4025e+06	1.385e+06	1.38675e+06	1.446e+06	1.402e+06	
1.39825e+06	1.3735e+06	1.354e+06	1.3805e+06	1.414e+06	
1.39575e+06	1.37725e+06	1.37475e+06	1.383e+06	1.3705e+06	
1.34975e+06	1.361e+06	1.359e+06	1.32575e+06	1.322e+06	
1.347e+06	1.34325e+06	1.33275e+06	1.3585e+06	1.34075e+06	
1.30625e+06	1.32e+06	1.303e+06	1.31e+06	1.31825e+06	
1.31625e+06	1.30425e+06	1.284e+06	1.28975e+06	1.31175e+06	
1.2835e+06	1.31125e+06	1.29725e+06	1.286e+06	1.27225e+06	
1.29725e+06	1.2955e+06	1.25e+06	1.27025e+06	1.291e+06	
1.271e+06	1.2475e+06	1.26825e+06	1.26275e+06	1.27775e+06	
1.2665e+06	1.2445e+06	1.28525e+06	1.2785e+06	1.27025e+06	
1.2665e+06	1.23675e+06	1.2445e+06	1.2595e+06	1.26075e+06	
1.2615e+06	1.26525e+06	1.2495e+06	1.24875e+06	1.27225e+06	
1.2595e+06	1.2615e+06	1.2525e+06	1.2525e+06	1.26525e+06	
1.225e+06	1.2375e+06	1.2615e+06	1.22625e+06	1.24875e+06	
1.233e+06	1.22175e+06	1.24375e+06	1.245e+06	1.21225e+06	
1.2255e+06	1.23425e+06	1.218e+06	1.2355e+06	1.25375e+06	
1.23675e+06	1.2475e+06	1.23425e+06	1.22925e+06	1.23425e+06	
1.2205e+06	1.22175e+06	1.274e+06	1.26525e+06	1.2375e+06	
1.264e+06	1.2325e+06	1.2695e+06	1.23925e+06	1.252e+06	
1.221e+06	1.242e+06	1.22925e+06	1.2475e+06	1.25e+06	
1.235e+06	1.23175e+06	1.2615e+06	1.26025e+06	1.27975e+06	
1.2545e+06	1.245e+06	1.27225e+06	1.2495e+06	1.25825e+06	
1.28275e+06	1.262e+06	1.26325e+06	1.288e+06	1.28925e+06	
1.31875e+06	1.28275e+06	1.28975e+06	1.30375e+06	1.2935e+06	
1.29225e+06	1.276e+06	1.28725e+06	1.28525e+06	1.288e+06	
1.2665e+06	1.27975e+06	1.2835e+06	1.3005e+06	1.28225e+06	
1.276e+06	1.264e+06	1.296e+06	1.28975e+06	1.25775e+06	
1.255e+06	1.2885e+06	1.26025e+06	1.255e+06	1.257e+06	
1.235e+06	1.221e+06	1.2065e+06	1.2035e+06	1.20225e+06	
1.1775e+06	1.1745e+06	1.16625e+06	1.192e+06	1.18075e+06	
1.17875e+06	1.1525e+06	1.13925e+06	1.1645e+06	1.14225e+06	
1.13675e+06	1.1575e+06	1.15675e+06	1.146e+06	1.182e+06	
1.196e+06	1.20975e+06	1.187e+06	1.20725e+06	1.17625e+06	
1.182e+06	1.209e+06	1.24075e+06	1.2105e+06	1.20475e+06	
1.23125e+06	1.2615e+06	1.267e+06	1.24375e+06	1.22175e+06	
1.24575e+06	1.26025e+06	1.23625e+06	1.24625e+06	1.23e+06	
1.24e+06	1.27025e+06	1.264e+06	1.24575e+06	1.2475e+06	
1.24075e+06	1.24625e+06	1.264e+06	1.24875e+06	1.271e+06	
1.26025e+06	1.252e+06	1.24375e+06	1.259e+06	1.23125e+06	
1.23425e+06	1.23675e+06	1.23175e+06	1.262e+06	1.267e+06	
1.26775e+06	1.245e+06	1.24825e+06	1.25575e+06	1.2565e+06	
1.24375e+06	1.2425e+06	1.257e+06	1.26275e+06	1.26525e+06	
1.2615e+06	1.2595e+06	1.27475e+06	1.22425e+06	1.2425e+06	
1.259e+06	1.2545e+06	1.247e+06	1.2595e+06	1.24825e+06	
1.228e+06	1.189e+06	1.223e+06	1.23675e+06	1.20025e+06	
1.1985e+06	1.20225e+06	1.221e+06	1.18825e+06	1.19775e+06	
1.184e+06	1.18325e+06	1.204e+06	1.21475e+06	1.22875e+06	
1.1775e+06	1.1915e+06	1.2015e+06	1.194e+06	1.19325e+06	
1.22175e+06	1.2155e+06	1.18025e+06	1.1575e+06	1.2235e+06	
1.20725e+06	1.2015e+06	1.177e+06	1.194e+06	1.1895e+06	
1.19275e+06	1.18325e+06	1.20525e+06	1.2205e+06	1.192e+06	
1.194e+06	1.18025e+06	1.18025e+06	1.19475e+06	1.2255e+06	
1.177e+06	1.184e+06	1.194e+06	1.209e+06	1.2155e+06	
1.194e+06	1.1895e+06	1.20725e+06	1.196e+06	1.2065e+06	
1.20975e+06	1.189e+06	1.20225e+06	1.2015e+06	1.2035e+06	
1.19975e+06	1.1675e+06	1.2085e+06	1.23125e+06	1.2085e+06	
1.16e+06	1.1645e+06	1.19475e+06	1.2235e+06	1.20725e+06	
1.19725e+06	1.194e+06	1.16e+06	1.18775e+06	1.1895e+06	
1.189e+06	1.177e+06	1.192e+06	1.17375e+06	1.16375e+06	
1.20225e+06	1.17625e+06	1.19325e+06	1.15375e+06	1.18275e+06	
1.16575e+06	1.1845e+06	1.17125e+06	1.17625e+06	1.175e+06	
1.15925e+06	1.1795e+06	1.201e+06	1.18525e+06	1.187e+06	
1.18075e+06	1.16e+06	1.21225e+06	1.182e+06	1.21225e+06	
1.1775e+06	1.1795e+06	1.18325e+06	1.17e+06	1.18025e+06	
1.1505e+06	1.189e+06	1.1815e+06	1.17375e+06	1.172e+06	
1.175e+06	1.19725e+06	1.18025e+06	1.17e+06	1.1795e+06	
1.21225e+06	1.167e+06	1.1725e+06	1.187e+06	1.17075e+06	
1.17625e+06	1.20225e+06	1.18075e+06	1.201e+06	1.2035e+06	
1.19325e+06	1.18825e+06	1.204e+06	1.20475e+06	1.20225e+06	
1.189e+06	1.204e+06	1.18275e+06	1.1865e+06	1.22225e+06	
1.17825e+06	1.19325e+06	1.15675e+06	1.21725e+06	1.21225e+06	
1.16175e+06	1.17075e+06	1.1845e+06	1.1745e+06	1.18775e+06	
1.2015e+06	1.17575e+06	1.1675e+06	1.18025e+06	1.1775e+06	
1.1965e+06	1.15875e+06	1.1915e+06	1.18575e+06	1.21725e+06	
1.1815e+06	1.1965e+06	1.19475e+06	1.1965e+06	1.1985e+06	
1.19275e+06	1.18525e+06	1.201e+06	1.192e+06	1.19475e+06	
1.21475e+06	1.19025e+06	1.196e+06	1.15925e+06	1.172e+06	
1.17625e+06	1.19275e+06	1.2035e+06	1.1985e+06	1.1795e+06	
1.20275e+06	1.23175e+06	1.2065e+06	1.21425e+06	1.19475e+06	
1.194e+06	1.16875e+06	1.1985e+06	1.165e+06	1.19025e+06	
1.172e+06	1.17825e+06	1.19775e+06	1.19325e+06	1.1605e+06	
1.2085e+06	1.13425e+06	1.20275e+06	1.16825e+06	1.201e+06	
1.1775e+06	1.1845e+06	1.19525e+06	1.1775e+06	1.18075e+06	
1.1745e+06	1.1915e+06	1.20775e+06	1.18275e+06	1.20475e+06	
1.19525e+06	1.19275e+06	1.17e+06	1.19725e+06	1.16575e+06	
1.1895e+06	1.15375e+06	1.196e+06	1.1675e+06	1.1965e+06	
1.165e+06	1.14425e+06	1.18325e+06	1.165e+06	1.17625e+06	
1.192e+06	1.17575e+06	1.16575e+06	1.1985e+06	1.15875e+06	
1.163e+06	1.17375e+06	1.1795e+06	1.17575e+06	1.15425e+06	
1.16575e+06	1.1795e+06	1.16825e+06	1.18825e+06	1.165e+06	
1.15925e+06	1.14225e+06	1.18275e+06	1.17575e+06	1.1865e+06	
1.1645e+06	1.15425e+06	1.16625e+06	1.192e+06	1.17e+06	
1.148e+06	1.12725e+06	1.1625e+06	1.1725e+06	1.16e+06	
1.14475e+06	1.1815e+06	1.19475e+06	1.16625e+06	1.158e+06	
1.189e+06	1.17825e+06	1.17875e+06	1.1525e+06	1.18075e+06	
1.13275e+06	1.1555e+06	1.14425e+06	1.18775e+06	1.16125e+06	
1.1645e+06	1.153e+06	1.136e+06	1.15175e+06	1.15175e+06	
1.13225e+06	1.15175e+06	1.15425e+06	1.153e+06	1.153e+06	
1.15925e+06	1.14725e+06	1.1605e+06	1.1675e+06	1.1185e+06	
1.15875e+06	1.16e+06	1.155e+06	1.17075e+06	1.12225e+06	
1.136e+06	1.14725e+06	1.17075e+06	1.1795e+06	1.1385e+06	
1.14925e+06	1.18525e+06	1.146e+06	1.148e+06	1.153e+06	
1.14175e+06	1.16175e+06	1.13675e+06	1.146e+06	1.1575e+06	
1.14175e+06	1.13425e+06	1.165e+06	1.13025e+06	1.1625e+06	
1.14225e+06	1.15925e+06	1.14425e+06	1.126e+06	1.14175e+06	
1.16875e+06	1.11525e+06	1.16625e+06	1.14175e+06	1.13225e+06	
1.13675e+06	1.13275e+06	1.141e+06	1.1575e+06	1.136e+06	
1.143e+06	1.1265e+06	1.14925e+06	1.141e+06	1.1455e+06	
1.11775e+06	1.14925e+06	1.1115e+06	1.1335e+06	1.1115e+06	
1.13025e+06	1.114e+06	1.119e+06	1.13725e+06	1.1455e+06	
1.1525e+06	1.10575e+06	1.12975e+06	1.1265e+06	1.114e+06	
1.114e+06	1.11575e+06	1.136e+06	1.1165e+06	1.117e+06	
1.126e+06	1.10125e+06	1.14175e+06	1.141e+06	1.1285e+06	
1.14225e+06	1.129e+06	1.13425e+06	1.13725e+06	1.153e+06	
1.083e+06	1.09e+06	1.1315e+06	1.10125e+06	1.09075e+06	
1.0975e+06	1.08675e+06	1.095e+06	1.10525e+06	1.0975e+06	
1.09125e+06	1.08675e+06	1.10325e+06	1.06225e+06	1.071e+06	
1.0655e+06	1.07375e+06	1.0775e+06	1.08825e+06	1.08425e+06	
1.095e+06	1.09e+06	1.09125e+06	1.09125e+06	1.1095e+06	
1.07675e+06	1.092e+06	1.051e+06	1.1065e+06	1.10575e+06	
1.0895e+06	1.114e+06	1.07425e+06	1.09325e+06	1.083e+06	
1.0685e+06	1.09125e+06	1.092e+06	1.08425e+06	1.095e+06	
1.08175e+06	1.0925e+06	1.0995e+06	1.08425e+06	1.0825e+06	
1.083e+06	1.09575e+06	1.08e+06	1.1065e+06	1.0775e+06	
1.08625e+06	1.10775e+06	1.0925e+06	1.095e+06	1.09325e+06	
1.09875e+06	1.11525e+06	1.08875e+06	1.0895e+06	1.07925e+06	
1.09e+06	1.06725e+06	1.08375e+06	1.0725e+06	1.092e+06	
1.08375e+06	1.0895e+06	1.0685e+06	1.07875e+06	1.09325e+06	
1.04525e+06	1.0415e+06	1.06175e+06	1.071e+06	1.06925e+06	
1.061e+06	1.03275e+06	1.03025e+06	1.005e+06	1.0265e+06	
1.022e+06	1.02375e+06	985500	1.01575e+06	1.022e+06	
1.00375e+06	1.01125e+06	1.008e+06	1.04275e+06	1.00925e+06	
1.003e+06	1.0435e+06	1.032e+06	1.03575e+06	1.02125e+06	
1.049e+06	1.03075e+06	1.0485e+06	1.03075e+06	1.04225e+06	
1.05475e+06	1.04275e+06	1.02e+06	1.054e+06	1.0775e+06	
1.063e+06	1.03825e+06	1.037e+06	1.08e+06	1.092e+06	
1.0535e+06	1.04725e+06	1.0685e+06	1.05275e+06	1.07175e+06	
1.0345e+06	1.06725e+06	1.06425e+06	1.06975e+06	1.05225e+06	
1.0725e+06	1.04475e+06	1.0635e+06	1.0635e+06	1.06425e+06	
1.0605e+06	1.07175e+06	1.0895e+06	1.0585e+06	1.039e+06	
1.058e+06	1.0435e+06	1.0515e+06	1.05675e+06	1.0535e+06	
1.06725e+06	1.078e+06	1.08125e+06	1.07675e+06	1.0685e+06	
1.044e+06	1.0805e+06	1.07625e+06	1.073e+06	1.07175e+06	
1.0515e+06	1.0515e+06	1.06725e+06	1.05725e+06	1.08625e+06	
1.04775e+06	1.066e+06	1.09e+06	1.075e+06	1.05975e+06	
1.05675e+06	1.0535e+06	1.0585e+06	1.0585e+06	1.0395e+06	
1.05525e+06	1.039e+06	1.071e+06	1.051e+06	1.0825e+06	
1.0395e+06	1.03525e+06	1.04225e+06	1.0655e+06	1.0535e+06	
1.04975e+06	1.05975e+06	1.054e+06	1.05675e+06	1.03825e+06	
1.0225e+06	1.02575e+06	1.00875e+06	1.06675e+06	1.04275e+06	
1.0535e+06	1.03575e+06	1.032e+06	1.04725e+06	1.04525e+06	
1.01875e+06	1.0295e+06	1.03325e+06	1.05975e+06	1.04775e+06	
1.044e+06	1.03275e+06	1.04025e+06	1.0225e+06	1.04475e+06	
1.06925e+06	1.02775e+06	1.0295e+06	1.046e+06	1.0585e+06	
1.04025e+06	1.046e+06	1.04725e+06	1.0435e+06	1.02775e+06	
1.02825e+06	1.04225e+06	1.04025e+06	1.04525e+06	1.058e+06	
1.0435e+06	1.02125e+06	1.03075e+06	1.05675e+06	1.025e+06	
1.01575e+06	1.04275e+06	1.03025e+06	1.0465e+06	1.02e+06	
1.0395e+06	1.044e+06	1.03025e+06	1.046e+06	1.02075e+06	
1.01e+06	1.017e+06	1.0265e+06	1.02825e+06	1.03025e+06	
1.0345e+06	1.0465e+06	1.0365e+06	1.01125e+06	1.02e+06	
1.003e+06	1.03575e+06	1.0345e+06	1.0485e+06	1.02775e+06	
1.04475e+06	1.01625e+06	1.03275e+06	1.03575e+06	1.02375e+06	
994750	999250	1.0175e+06	1.04225e+06	1.022e+06	
1.01625e+06	1.00625e+06	1.00675e+06	1.02575e+06	1.0175e+06	
1.00375e+06	999250	1.02575e+06	1.01325e+06	1e+06	
1.0145e+06	1.008e+06	1.0265e+06	1.003e+06	1.00875e+06	
1e+06	988000	1e+06	988000	988000	
958250	969750	988500	966000	955750	
951500	977750	982250	951500	953250	
957750	973500	964000	966500	971000	
972250	984250	974000	964000	946250	
948250	960250	967250	986750	1.008e+06	
977750	989750	984250	983000	980500	
988500	998000	983500	983500	989250	
991750	998000	972250	976000	995500	
983500	993500	986000	960750	992250	
971500	964000	987250	1.0075e+06	976500	
969000	993500	963250	986750	957750	
995500	983000	1.012e+06	986750	982250	
981000	970250	1.005e+06	975250	985500	
993000	988000	964000	961500	969750	
978500	953250	991000	994750	1.01e+06	
976000	966500	969000	969750	988000	
984250	977750	971000	972250	966000	
964000	955250	978500	967750	974000	
964000	971500	977250	964750	964750	
983000	965250	972750	972250	950750	
974000	966000	973500	945750	983000	
958250	971500	961500	974750	967750	
974750	946250	981750	961500	963250	
947000	964750	950750	958250	949500	
972750	951500	984250	953250	991750	
958250	969000	937500	957750	965250	
977750	952000	967250	957000	928750	
954500	971000	989750	958250	948750	
938250	968500	967750	955250	952000	
957750	959500	957000	962750	954500	
948750	950750	965250	956500	962750	
935000	925500	943250	933000	944500	
952000	954000	958250	942500	942000	
943750	936250	927500	947500	947000	
945000	943250	942000	945000	950750	
928000	928750	937500	924250	955250	
936250	938750	945000	943750	969750	
919250	940750	931250	927500	949500	
925500	931750	940000	923750	945750	
957750	908500	929250	935000	918750	
937500	924250	911000	919250	945000	
923000	934500	928750	899000	921750	
931750	931250	947000	913500	940750	
935000	926750	933750	914250	950250	
925000	928000	902750	913500	937000	
931250	918000	911750	937000	917250	
928750	924250	891500	908000	930500	
902750	886500	897750	915500	921250	
909750	886500	892750	918000	896000	
894750	912250	908500	909250	909250	
889000	887000	909250	914250	912250	
919250	914250	942000	935000	896000	
911000	914250	889750	904750	895250	
916000	901500	896000	893500	901500	
894750	896000	913000	889000	901500	
891500	907250	896500	913000	914750	
909250	906750	908000	903500	885250	
887750	899000	903500	892250	904750	
889000	894000	886500	885250	871250	
899750	904250	913500	904250	913000	
884000	901000	874000	893500	896000	
895250	871250	907250	897750	906000	
907250	897750	911750	887000	909750	
904250	894000	887750	898500	920500	
884500	891500	889000	882750	889750	
879000	863750	889000	896500	871250	
891000	877750	884500	865750	858750	
878250	892250	866250	878250	888500	
865000	874000	896000	867500	888500	
858250	882750	848750	879500	883250	
885250	867500	862500	872500	872500	
850000	872000	868250	862500	870000	
860000	862000	885250	895250	865000	
867000	843750	852500	868250	868750	
865000	859500	875250	864500	880250	
850500	862000	873250	853000	862000	
872000	865750	867500	859500	873250	
855500	889750	874500	858250	873250	
868250	858750	851750	879000	857500	
878250	868250	874500	862000	864500	
843750	867000	874000	868750	839250	
854250	863750	864500	855500	874000	
850000	858250	843000	855000	852500	
857500	863750	844250	841000	860750	
866250	872500	860750	851750	855500	
848750	870750	847500	858750	851750	
850500	848750	839250	863750	847500	
831750	842500	848750	851750	841750	
855500	845000	840500	831000	837250	
834750	841750	816000	841750	852500	
834750	836000	833000	847500	825250	
828500	813500	836750	837250	833000	
846750	815250	829750	829250	816500	
823500	824000	828500	833500	829250	
824000	822750	814750	817750	831750	
815250	789500	798250	819000	834750	
800750	816000	806500	807750	795750	
821500	810750	788750	791250	810250	
821000	802750	805750	802000	815250	
809000	780500	800250	814750	819000	
790750	793750	792000	782500	797750	
792000	803250	785000	805750	771750	
802750	780500	783750	805250	804500	
799500	790750	790750	787500	787000	
786250	783250	779250	785000	792500	
797000	786250	801500	788250	782000	
778750	771750	799500	776750	785000	
771750	785750	768750	769250	767500	
748500	773000	770500	768000	753500	
741000	750500	752250	783250	744000	
772500	763500	761000	755500	767500	
768750	768750	756000	773750	758000	
762250	784500	739750	775000	776750	
762250	774250	784500	759250	781250	
767500	754250	759250	770500	770000	
776750	763500	747250	756750	746500	
773750	749750	780000	788750	759250	
749000	778750	761750	788250	767500	
760500	786250	771250	782500	751000	
768000	767500	780000	764250	771750	
757250	763500	755500	782500	753500	
763500	763000	776750	761000	788750	
786250	783750	797750	764250	788250	
782000	792500	767500	769250	781250	
779250	785750	797000	773750	787500	
794500	783750	787000	793250	786250	
790000	778000	781250	782500	766250	
796500	799000	795750	792500	795750	
787500	797000	776750	783750	791250	
777500	793250	785000	786250	785750	
764750	814000	786250	770500	800250	
793250	774250	781250	782000	788750	
781250	786250	770500	774250	765500	
765500	804000	793750	786250	788750	
779250	766750	755500	775000	768000	
753000	770000	767500	769250	759250	
774250	782500	772500	773750	787500	
763500	777500	750500	761000	770500	
754250	758500	768750	775000	777500	
758500	770000	747750	765500	763000	
751750	753000	744000	761000	752250	
773750	760500	765500	770000	758000	
761000	763000	751750	744750	741500	
743500	766250	770000	759250	747750	
746000	771750	760500	763000	754250	
746000	754250	737250	763500	735250	
732000	747750	755500	765500	756750	
757250	742750	741000	746500	756000	
761000	759750	739000	753500	747750	
752250	736000	746500	731500	734500	
768750	739750	753000	753500	760500	
760500	755500	739000	746500	758500	
756750	758000	730750	762250	767500	
747250	750500	764750	762250	758000	
744000	736000	754750	780000	753000	
742250	740250	725250	741000	761750	
739000	740250	723250	733250	736000	
738500	731500	729500	740250	741500	
764250	736500	749000	750500	754250	
757250	776250	747750	759250	750500	
736500	746500	739000	758500	751000	
752250	768000	757250	741000	764750	
737250	744750	736500	742750	739750	
724500	753500	748500	720250	747250	
730250	744750	746500	717000	726500	
719500	728250	741000	739750	727000	
720250	718750	740250	729500	729000	
735250	724000	756000	739000	724000	
731500	746000	749750	741500	724000	
731500	729000	730750	734000	757250	
730250	713250	751000	730250	740250	
765500	733250	716250	746500	718250	
734000	729500	746000	752250	730750	
748500	714500	740250	724500	751000	
738500	723250	729500	748500	730250	
751750	739750	727000	749000	763000	
734000	741000	748500	743500	741000	
733250	727750	728250	726500	751000	
718250	737750	746500	729000	751000	
717000	744750	755500	742250	749000	
730750	731500	749000	733250	737750	
741000	728250	725750	737250	743500	
739750	735250	738500	738500	724500	
751000	729000	741000	743500	738500	
750500	744000	744000	756750	734500	
748500	744750	734500	733250	731500	
734500	734500	748500	746500	723250	
740250	729000	747250	749750	742750	
729500	727000	736000	734500	725750	
725250	728250	729500	756000	750500	
730750	740250	721500	728250	718250	
726500	740250	728250	728250	725750	
717500	734500	727750	739000	706250	
734000	715000	715750	727750	722000	
725250	741000	730250	736000	731500	
730750	736500	718250	727000	738500	
738500	747750	723250	717000	728250	
720250	720250	713750	736000	733250	
714500	736500	718250	739000	730250	
730250	728250	724000	717000	720750	
734500	719500	733250	730250	703000	
730750	726500	728250	734000	717000	
697500	726500	707000	719500	710750	
705000	713250	717000	728250	720250	
700000	712000	730750	721500	720750	
692500	707500	722000	720250	720750	
728250	699250	719500	693000	698750	
706250	714500	703750	697500	693000	
721500	710750	705000	719500	700000	
715000	687250	700500	688000	704500	
708750	690000	698750	698750	691750	
694250	711250	711250	689250	685500	
680500	701250	698000	686000	705750	
690500	704500	707500	686000	679750	
674750	686000	699250	679250	691250	
684250	679750	684250	680500	681000	
678500	685500	678000	707500	674250	
680500	688000	685500	685500	671500	
661500	672250	669750	666500	666000	
679750	662750	678500	664750	666500	
671000	677250	669750	670250	683000	
698000	678000	686750	669750	659750	
661500	671500	669000	657750	682250	
683500	649500	662250	687250	679250	
664750	659000	652750	649500	667250	
626250	633250	653250	670250	657750	
672750	662750	664750	672250	661000	
667250	661000	654500	651500	652000	
660250	645750	654500	654500	653250	
650750	664750	654000	643250	649500	
643250	655250	649000	656500	640000	
652750	654000	635750	659750	660250	
644500	661500	652000	655750	658500	
650250	644000	638250	652000	652750	
642500	653250	659750	659000	653250	
644000	651500	643250	654500	649000	
654000	667250	683000	657000	644000	
655750	650750	658500	656500	649000	
656500	650750	645250	640750	641250	
657750	651500	661000	655750	645250	
654500	652000	649000	658500	647000	
650750	639500	654000	649500	649500	
659000	665250	637500	644500	663500	
638250	640000	636250	649000	638250	
628750	666000	652750	657750	654000	
662250	654500	654500	642500	645750	
660250	658500	668500	654500	654500	
652000	655250	655250	647000	650250	
674250	647750	677250	657000	670250	
652000	652750	675500	654000	647000	
666000	664750	678500	662750	651500	
659000	642500	659000	655750	648250	
661000	666500	656500	669750	647750	
657000	652750	663500	667250	659000	
663500	638750	669000	652000	671000	
664000	673500	670250	661500	647000	
649500	650250	643250	651500	651500	
669000	659750	653250	653250	652750	
655750	661500	646500	642000	663500	
661500	677250	648250	652000	647750	
647000	652750	661500	650750	662250	
645750	654000	646500	650750	653250	
663500	650750	655250	660250	669000	
657750	661000	640750	645750	649000	
648250	655750	659000	661000	641250	
648250	640000	647000	665250	635750	
655250	666000	635750	632500	656500	
649000	657750	645250	642500	662250	
651500	649000	665250	666500	653250	
628750	651500	652000	642500	633250	
644000	652750	664750	645250	631250	
637500	654000	664000	636250	649500	
658500	662750	661500	640000	645750	
654500	662250	651500	648250	649000	
655750	661000	655750	661500	657750	
661000	655250	662250	662750	647000	
655250	653250	652000	676000	659750	
645250	637500	663500	636250	662750	
647000	642000	664750	656500	634500	
627500	651500	655250	648250	641250	
647750	660250	648250	651500	655750	
644000	652750	652000	659000	648250	
644000	652750	640000	659750	655250	
649500	647000	654500	645750	654500	
637500	635750	646500	660250	645750	
647750	656500	670250	647000	654000	
659750	662750	657000	642000	652750	
652000	644000	670250	644500	647750	
657000	647000	657000	664000	649500	
640000	666500	671000	638750	628750	
625000	655750	642500	658500	644500	
640750	645250	661000	647000	647750	
642000	644500	652750	644500	644000	
643250	639500	633250	654500	655750	
662750	661000	638750	642000	644500	
649000	637500	638750	659000	682250	
646500	662750	652750	654500	652750	
652000	652000	641250	644500	658500	
645250	650750	646500	629500	628750	
644000	646500	662250	639500	649500	
655750	662750	624250	655750	647000	
642000	640000	652750	647000	636250	
639500	654500	637000	642000	641250	
644000	650250	637000	657000	653250	
648250	645750	634500	648250	653250	
642500	627500	648250	647750	668500	
658500	626250	646500	630750	647000	
650750	645750	654500	637000	666000	
652000	652750	664750	648250	640000	
647750	660250	645750	650250	641250	
650250	636250	645250	631250	661500	
655250	645750	648250	646500	650750	
647750	657750	664750	633250	647750	
648250	645250	650750	644000	657750	
655250	644000	659000	644000	644500	
644000	638250	649000	648250	668500	
659000	644000	650250	639500	647750	
638750	657750	643250	638750	631250	
640000	650250	649000	642000	649000	
642500	633250	649500	632000	648250	
638250	641250	634500	649000	623750	
664750	663500	642500	642000	635000	
635750	647750	649000	648250	658500	
665250	646500	650750	632000	626750	
644000	636250	644500	659750	651500	
630000	639500	644500	645750	658500	
623000	649000	665250	643250	672750	
655250	640000	673500	645250	667750	
635000	638250	644000	661000	653250	
644500	629500	647000	648250	649500	
640000	632000	643250	644000	651500	
654000	648250	650250	656500	641250	
644000	670250	650250	644000	645250	
635000	666500	653250	630000	646500	
647000	639500	645750	641250	635750	
644000	648250	646500	652000	638250	
632000	637500	655250	634500	648250	
640750	638750	664000	639500	626250	
640000	638250	641250	641250	642000	
630750	638250	657750	647000	659000	
653250	638750	654500	658500	660250	
640750	637500	662750	659750	651500	
652750	648250	650750	654500	639500	
635000	659000	643250	664750	658500	
641250	654000	644000	640750	624250	
649000	642000	658500	636250	636250	
649000	645250	650250	647000	653250	
628750	655250	664000	649500	649500	
644000	639500	649000	645750	667750	
650750	658500	658500	632500	645750	
637000	648250	638750	664750	639500	
643250	651500	650250	667250	637500	
637000	622500	644500	653250	645750	
645750	654500	638250	657750	652750	
664000	657750	630000	632500	662750	
654500	636250	652000	648250	649500	
641250	658500	644000	647000	655250	
657000	666500	630750	638750	656500	
640000	628250	636250	625000	640000	
638250	659000	647750	646500	642500	
650750	652000	649500	661500	661000	
645750	646500	642000	637000	650250	
639500	657000	651500	640750	650750	
659000	661500	645750	641250	631250	
644000	644500	641250	657000	651500	
641250	662250	640750	648250	654000	
660250	633250	628250	630750	628750	
638250	640750	639500	659000	641250	
630750	650750	631250	637000	659750	
642000	630750	644500	635750	632000	
652000	647000	662750	645250	650750	
635000	646500	654000	645250	626750	
651500	638750	621750	637000	654500	
652750	644000	645750	633250	649500	
640750	633750	628250	631250	634500	
643250	650750	627500	640000	630000	
635000	633250	634500	632500	659750	
634500	640750	639500	649500	650750	
632500	650750	652750	660250	644500	
638750	658500	644000	638250	640750	
627500	632500	646500	664000	657750	
630000	660250	643250	651500	642000	
648250	623750	648250	639500	645250	
646500	645250	656500	647750	624250	
630750	651500	630750	625000	641250	
650250	638750	635750	642000	655250	
645250	651500	621250	647000	623000	
631250	647000	650250	639500	650250	
643250	640000	642000	652750	642000	
650250	628250	646500	633750	624250	
647750	620500	625000	628250	649000	
630000	634500	648250	632000	623750	
653250	640750	642500	661000	657750	
671500	655250	642000	635000	632000	
623750	635000	626750	638250	626750	
630000	646500	646500	638750	628250	
613750	639500	650250	640750	642000	
627500	647750	645250	652750	640000	
637000	645250	650750	661500	632000	
638250	615000	620500	633750	648250	
628750	644500	642000	639500	647750	
643250	634500	649000	641250	623000	
630000	641250	638750	644000	633750	
644500	641250	636250	655750	642000	
657750	642500	625000	635750	641250	
643250	649500	634500	635750	632500	
636250	635750	639500	648250	641250	
618750	642000	647000	624250	647000	
633250	633250	629500	612500	643250	
655250	633750	636250	617500	615500	
638750	633250	643250	630000	632500	
626750	627500	637000	646500	645750	
638250	643250	634500	623000	633250	
636250	655250	640750	632500	638750	
641250	634500	643250	637500	627500	
638250	633750	667750	641250	623750	
623000	627500	623000	643250	656500	
646500	630000	638250	632500	628750	
624250	622500	625000	638750	626750	
620500	637000	635000	649000	630000	
617500	640750	637500	634500	640750	
640000	637500	633750	625000	643250	
623000	640000	647750	637500	634500	
653250	632500	630000	634500	633250	
659000	623000	620000	639500	652750	
621250	626250	628750	628250	635000	
638750	627500	630750	625000	632500	
633750	654000	644000	627500	633250	
628750	630000	638750	647000	638750	
623000	645250	642500	620500	626250	
634500	638250	644500	621250	641250	
630750	630000	638750	641250	627500	
632000	628250	638250	650250	627500	
625500	646500	621750	633250	632000	
631250	640000	618750	641250	637000	
634500	633750	642000	626750	628250	
644000	635000	648250	645750	646500	
616750	620000	640000	632500	635000	
637500	634500	647000	654000	632000	
634500	620000	642000	629500	613000	
630750	630750	621750	626750	606000	
632000	635000	628750	637500	640750	
630750	638750	641250	647750	642500	
625000	629500	618000	648250	640750	
619250	622500	626750	635750	635000	
638750	626250	614250	632000	609250	
615500	646500	623000	640000	631250	
615000	623000	640750	646500	642500	
645250	624250	633750	640000	618750	
624250	630000	628250	630000	626250	
647000	645750	642000	648250	650750	
637500	634500	613750	644000	625500	
644000	630000	651500	635750	632500	
632500	639500	642000	626250	635750	
658500	626250	626250	638750	635750	
635750	635000	621750	620000	654000	
627500	642000	624250	639500	637500	
642000	612500	623000	622500	628750	
620000	645750	643250	637000	638750	
618750	644500	635750	625500	625000	
625000	626250	624250	616250	623000	
638750	626750	620500	628250	632500	
638250	626250	637500	632500	635750	
625000	627500	644000	623000	638250	
635750	635750	633750	625000	633750	
638750	648250	638250	620500	627500	
632000	632000	641250	618750	626250	
645250	629500	621250	630000	620000	
644000	628750	619250	623750	609750	
645250	628750	625500	632500	639500	
630750	646500	638750	632500	649000	
620500	613000	664750	647000	634500	
637500	632000	633250	632500	621250	
642000	637000	649500	623000	642500	
623750	632000	630000	631250	625500	
637500	633250	634500	622500	647000	
656500	631250	644500	639500	637000	
625000	629500	644000	638750	643250	
634500	626750	624250	633750	628750	
608000	640750	632500	625500	609750	
626250	633750	635750	637500	642000	
628250	634500	643250	648250	634500	
620000	635750	628250	623000	642500	
643250	643250	616750	618000	638250	
637500	636250	626250	621250	633750	
621750	633250	646500	620000	629500	
625000	640750	642500	644000	630750	
642500	632500	636250	638750	641250	
615000	640000	634500	630000	642500	
621250	633250	632000	629500	640750	
624250	630000	625500	625000	619250	
635000	646500	640000	623000	618750	
628750	646500	644500	634500	643250	
627500	627500	647000	638750	640000	
629500	651500	632000	632000	633750	
630750	636250	638750	621250	635750	
632500	628250	612500	636250	628250	
632000	638250	618000	634500	633750	
651500	633750	639500	635750	627500	
640750	642000	638250	629500	621750	
660250	645750	624250	625500	646500	
622500	635000	632500	623000	625000	
618000	618750	637500	640750	605500	
638250	642000	623000	622500	651500	
621250	634500	638750	624250	632000	
627500	632500	625500	628750	640750	
621250	616250	625000	630000	613750	
615000	621750	637500	641250	627500	
631250	629500	632500	640000	626750	
629500	650750	642000	642000	626750	
599750	638750	641250	634500	625000	
605500	662250	647750	626250	616750	
637500	626750	640000	633250	644000	
606750	643250	617500	633750	645750	
606750	643250	617500	633750	645750	
606750	643250	617500	633750	645750	
