4250	4250	4250	4250	4250	
7.13825e+06	7.13825e+06	7.13825e+06	7.13825e+06	7.13825e+06	
548000	534750	558250	528500	535500	
502750	505250	508500	523500	517750	
501500	526000	521000	505250	517250	
512250	506500	512250	526000	518500	
509000	512250	514750	504500	491500	
512750	512250	496500	523000	506500	
517250	516000	516000	532250	513500	
509000	516000	523500	524750	512750	
530500	512750	519000	524750	519750	
519000	526750	534250	521750	528000	
537500	524250	515250	522250	524250	
548000	537500	534750	525500	533500	
534250	543750	538750	554500	542500	
533500	531000	539250	549250	539250	
560750	536750	549250	549250	536250	
554500	559500	550000	552000	570750	
557500	557000	564500	541250	575250	
580750	567750	557500	568250	568250	
563750	582750	577000	560750	575750	
571500	573250	563250	580750	572750	
577000	586000	569500	575750	581500	
638750	642500	644000	659750	644000	
816000	820250	821500	808250	842500	
848750	844250	833000	851250	823500	
838500	848750	843750	853750	833000	
858250	834750	833000	867500	845000	
855000	867000	832250	855000	860000	
865000	827250	841750	848750	858250	
858750	877000	847500	870000	871250	
886500	880250	860000	851250	875250	
891500	882000	909250	917250	878250	
926250	925000	917250	941250	923750	
913500	907250	908500	929250	900250	
924250	927500	928750	935000	923000	
919250	917250	912250	914250	935000	
908000	922500	920500	911000	919250	
911750	916000	926250	913000	921750	
904250	947500	945750	896500	912250	
955750	925000	964750	925000	926250	
969750	974000	936250	958250	954000	
980500	956500	971500	986000	947000	
993500	996250	963250	959000	969750	
971000	977750	991750	1.005e+06	974000	
989250	996750	993500	974000	977250	
949500	987250	971000	971500	972250	
980500	971000	953250	991750	974750	
971500	965250	969000	964750	969750	
981750	965250	938250	968500	962000	
925500	926750	940000	925500	938250	
918000	950750	932500	911750	934500	
938750	928750	935000	931750	938250	
920500	903500	929250	925500	916750	
897750	891000	920000	899750	914250	
921250	929250	926250	914750	933750	
951500	936250	957750	952000	959500	
1.03025e+06	1.03275e+06	1.022e+06	1.0075e+06	1.02575e+06	
1.05725e+06	1.0705e+06	1.02775e+06	1.0245e+06	1.0365e+06	
1.01325e+06	1.03525e+06	1.03075e+06	1.0345e+06	1.02125e+06	
1.025e+06	993500	1.0025e+06	1.00425e+06	1.01875e+06	
987250	1.01e+06	999250	1.0025e+06	1.015e+06	
974750	1.01e+06	1.00125e+06	973500	996750	
1.0025e+06	997500	994750	1e+06	986750	
1.02825e+06	1.01875e+06	995500	1.00125e+06	1.02825e+06	
1.0655e+06	1.037e+06	1.054e+06	1.044e+06	1.05475e+06	
1.05925e+06	1.0415e+06	1.05025e+06	1.0895e+06	1.0805e+06	
1.0515e+06	1.0655e+06	1.0685e+06	1.061e+06	1.05525e+06	
1.07175e+06	1.049e+06	1.0755e+06	1.0705e+06	1.0655e+06	
1.095e+06	1.10275e+06	1.09375e+06	1.1e+06	1.06975e+06	
1.078e+06	1.097e+06	1.0685e+06	1.0975e+06	1.09075e+06	
1.0875e+06	1.1115e+06	1.083e+06	1.09625e+06	1.09075e+06	
1.12775e+06	1.12725e+06	1.0975e+06	1.119e+06	1.112e+06	
1.14175e+06	1.158e+06	1.14475e+06	1.199e+06	1.17875e+06	
1.189e+06	1.2155e+06	1.18075e+06	1.19025e+06	1.19775e+06	
1.242e+06	1.2085e+06	1.21475e+06	1.22925e+06	1.2255e+06	
1.21175e+06	1.177e+06	1.2065e+06	1.19725e+06	1.2015e+06	
1.199e+06	1.206e+06	1.1775e+06	1.235e+06	1.19475e+06	
1.182e+06	1.2015e+06	1.20975e+06	1.20525e+06	1.209e+06	
1.20275e+06	1.19075e+06	1.20275e+06	1.187e+06	1.177e+06	
1.17125e+06	1.17625e+06	1.16825e+06	1.18775e+06	1.1895e+06	
1.1775e+06	1.201e+06	1.184e+06	1.18075e+06	1.18025e+06	
1.204e+06	1.2155e+06	1.18825e+06	1.196e+06	1.206e+06	
1.22875e+06	1.22675e+06	1.2235e+06	1.23875e+06	1.26075e+06	
1.2375e+06	1.29725e+06	1.2615e+06	1.255e+06	1.26525e+06	
1.2645e+06	1.26075e+06	1.2695e+06	1.2565e+06	1.27775e+06	
1.25e+06	1.223e+06	1.24325e+06	1.233e+06	1.2325e+06	
1.21425e+06	1.22625e+06	1.21675e+06	1.21925e+06	1.21675e+06	
1.2355e+06	1.26575e+06	1.2445e+06	1.25825e+06	1.2715e+06	
1.24125e+06	1.24325e+06	1.29225e+06	1.264e+06	1.2425e+06	
1.25075e+06	1.25e+06	1.24575e+06	1.24575e+06	1.23625e+06	
1.1745e+06	1.1795e+06	1.192e+06	1.1845e+06	1.18575e+06	
1.175e+06	1.19525e+06	1.2065e+06	1.19775e+06	1.184e+06	
1.16175e+06	1.17075e+06	1.1915e+06	1.20475e+06	1.1915e+06	
1.15875e+06	1.1215e+06	1.14725e+06	1.1625e+06	1.15925e+06	
1.13425e+06	1.114e+06	1.1455e+06	1.1e+06	1.10325e+06	
1.12275e+06	1.17075e+06	1.148e+06	1.11275e+06	1.15e+06	
1.138e+06	1.13675e+06	1.12475e+06	1.15425e+06	1.11325e+06	
1.13425e+06	1.13975e+06	1.14725e+06	1.13925e+06	1.15375e+06	
1.199e+06	1.19975e+06	1.192e+06	1.211e+06	1.18075e+06	
1.27025e+06	1.264e+06	1.252e+06	1.25075e+06	1.2255e+06	
1.2885e+06	1.286e+06	1.276e+06	1.2495e+06	1.235e+06	
1.257e+06	1.2665e+06	1.288e+06	1.2765e+06	1.27975e+06	
1.30425e+06	1.28925e+06	1.2955e+06	1.298e+06	1.2785e+06	
1.301e+06	1.3055e+06	1.3485e+06	1.31125e+06	1.301e+06	
1.38e+06	1.3805e+06	1.36025e+06	1.371e+06	1.36725e+06	
1.458e+06	1.42275e+06	1.42775e+06	1.455e+06	1.42525e+06	
1.40825e+06	1.4385e+06	1.448e+06	1.436e+06	1.43225e+06	
1.422e+06	1.4045e+06	1.3635e+06	1.4265e+06	1.42775e+06	
1.33825e+06	1.35975e+06	1.35725e+06	1.34325e+06	1.33575e+06	
1.32125e+06	1.3025e+06	1.29975e+06	1.3485e+06	1.3365e+06	
1.31375e+06	1.3275e+06	1.31625e+06	1.32325e+06	1.34025e+06	
1.354e+06	1.3515e+06	1.36425e+06	1.36925e+06	1.3925e+06	
1.39e+06	1.41275e+06	1.409e+06	1.37225e+06	1.40325e+06	
1.45425e+06	1.47125e+06	1.46125e+06	1.46925e+06	1.46925e+06	
1.42525e+06	1.42475e+06	1.43225e+06	1.4075e+06	1.41775e+06	
1.33075e+06	1.33525e+06	1.3295e+06	1.332e+06	1.3465e+06	
1.24875e+06	1.25125e+06	1.284e+06	1.25e+06	1.28975e+06	
1.218e+06	1.21925e+06	1.24125e+06	1.2205e+06	1.25075e+06	
1.19325e+06	1.1435e+06	1.16625e+06	1.158e+06	1.1895e+06	
1.17875e+06	1.17325e+06	1.14925e+06	1.1675e+06	1.15125e+06	
1.17575e+06	1.1625e+06	1.1625e+06	1.16125e+06	1.177e+06	
1.19275e+06	1.223e+06	1.20275e+06	1.211e+06	1.20525e+06	
1.3195e+06	1.28725e+06	1.27475e+06	1.2905e+06	1.3055e+06	
1.42325e+06	1.407e+06	1.39575e+06	1.41325e+06	1.4025e+06	
1.44725e+06	1.4435e+06	1.44675e+06	1.43525e+06	1.4535e+06	
1.47125e+06	1.453e+06	1.42025e+06	1.4095e+06	1.43525e+06	
1.42525e+06	1.4075e+06	1.414e+06	1.417e+06	1.42025e+06	
1.40075e+06	1.3805e+06	1.43225e+06	1.448e+06	1.46175e+06	
1.44225e+06	1.4895e+06	1.455e+06	1.51275e+06	1.451e+06	
1.4895e+06	1.49275e+06	1.46925e+06	1.46875e+06	1.5015e+06	
1.44225e+06	1.45875e+06	1.47625e+06	1.49325e+06	1.4775e+06	
1.50775e+06	1.48375e+06	1.506e+06	1.4795e+06	1.48125e+06	
1.504e+06	1.50025e+06	1.49075e+06	1.52925e+06	1.49325e+06	
1.48075e+06	1.50225e+06	1.4845e+06	1.49575e+06	1.475e+06	
1.51475e+06	1.53125e+06	1.5325e+06	1.5255e+06	1.50775e+06	
1.5865e+06	1.59725e+06	1.61125e+06	1.635e+06	1.63075e+06	
1.676e+06	1.70325e+06	1.6705e+06	1.68875e+06	1.678e+06	
1.77e+06	1.763e+06	1.75725e+06	1.77625e+06	1.7725e+06	
1.79275e+06	1.77825e+06	1.78575e+06	1.76125e+06	1.8045e+06	
1.81225e+06	1.81275e+06	1.80975e+06	1.7995e+06	1.81725e+06	
1.8405e+06	1.83925e+06	1.831e+06	1.88475e+06	1.84875e+06	
1.86125e+06	1.9425e+06	1.91875e+06	1.92175e+06	1.90725e+06	
1.84e+06	1.92625e+06	1.9155e+06	1.9085e+06	1.8815e+06	
1.7845e+06	1.80025e+06	1.79525e+06	1.751e+06	1.80325e+06	
1.65725e+06	1.67975e+06	1.656e+06	1.66225e+06	1.656e+06	
1.443e+06	1.4865e+06	1.49775e+06	1.4435e+06	1.44975e+06	
1.32e+06	1.291e+06	1.2815e+06	1.29225e+06	1.30375e+06	
1.269e+06	1.2565e+06	1.264e+06	1.2715e+06	1.26575e+06	
1.3875e+06	1.40125e+06	1.39375e+06	1.37675e+06	1.378e+06	
1.61875e+06	1.63e+06	1.66475e+06	1.6375e+06	1.62825e+06	
1.7625e+06	1.785e+06	1.7895e+06	1.78625e+06	1.80075e+06	
1.93875e+06	1.93575e+06	1.9325e+06	1.9135e+06	1.9545e+06	
2.0145e+06	2.03075e+06	2.032e+06	2.01825e+06	2.005e+06	
1.9375e+06	1.89275e+06	1.95325e+06	1.96725e+06	1.97275e+06	
1.7415e+06	1.76625e+06	1.78e+06	1.809e+06	1.7605e+06	
1.58775e+06	1.56775e+06	1.593e+06	1.5745e+06	1.572e+06	
1.4405e+06	1.41025e+06	1.422e+06	1.41025e+06	1.42725e+06	
1.55125e+06	1.54825e+06	1.593e+06	1.5695e+06	1.55075e+06	
1.833e+06	1.8375e+06	1.87275e+06	1.8355e+06	1.81025e+06	
2.1135e+06	2.12925e+06	2.136e+06	2.12525e+06	2.114e+06	
2.3465e+06	2.33525e+06	2.3415e+06	2.303e+06	2.31325e+06	
2.467e+06	2.4555e+06	2.49775e+06	2.44425e+06	2.4675e+06	
2.58025e+06	2.5695e+06	2.57075e+06	2.57525e+06	2.5735e+06	
2.60625e+06	2.59475e+06	2.61125e+06	2.572e+06	2.5935e+06	
2.5475e+06	2.608e+06	2.5905e+06	2.572e+06	2.60925e+06	
2.615e+06	2.61175e+06	2.68925e+06	2.6105e+06	2.6535e+06	
2.63575e+06	2.6275e+06	2.64275e+06	2.68875e+06	2.68175e+06	
2.7e+06	2.705e+06	2.726e+06	2.6825e+06	2.7145e+06	
2.7775e+06	2.82975e+06	2.85325e+06	2.7845e+06	2.80525e+06	
2.835e+06	2.82225e+06	2.85625e+06	2.87025e+06	2.83175e+06	
2.87025e+06	2.84825e+06	2.88975e+06	2.8815e+06	2.90175e+06	
2.91175e+06	2.937e+06	2.93325e+06	2.93325e+06	2.915e+06	
2.87575e+06	2.92625e+06	2.927e+06	2.95275e+06	2.91875e+06	
2.843e+06	2.845e+06	2.86325e+06	2.81975e+06	2.83175e+06	
2.8625e+06	2.908e+06	2.901e+06	2.88775e+06	2.8665e+06	
2.89925e+06	2.88475e+06	2.903e+06	2.9375e+06	2.90475e+06	
2.857e+06	2.93625e+06	2.91925e+06	2.9345e+06	2.8625e+06	
2.83425e+06	2.87825e+06	2.88975e+06	2.89275e+06	2.89725e+06	
2.92e+06	2.91925e+06	2.94025e+06	2.93325e+06	2.9545e+06	
2.942e+06	2.89425e+06	2.96025e+06	2.95075e+06	2.92375e+06	
2.9225e+06	2.89275e+06	2.88025e+06	2.9345e+06	2.86125e+06	
2.88025e+06	2.90725e+06	2.8835e+06	2.886e+06	2.9345e+06	
2.85375e+06	2.896e+06	2.908e+06	2.8575e+06	2.8665e+06	
2.8715e+06	2.8595e+06	2.94825e+06	2.95975e+06	2.8545e+06	
2.973e+06	2.9955e+06	2.952e+06	2.96725e+06	2.98925e+06	
3.039e+06	2.95325e+06	2.98875e+06	3.0335e+06	3.05225e+06	
3.087e+06	3.08575e+06	3.09525e+06	3.06375e+06	3.109e+06	
3.20725e+06	3.1505e+06	3.17775e+06	3.23575e+06	3.143e+06	
3.2615e+06	3.281e+06	3.257e+06	3.341e+06	3.2685e+06	
3.27725e+06	3.2925e+06	3.25525e+06	3.337e+06	3.27525e+06	
3.257e+06	3.16625e+06	3.17525e+06	3.2055e+06	3.23125e+06	
2.98625e+06	3.06625e+06	3.0145e+06	3.0265e+06	3.048e+06	
2.995e+06	2.978e+06	2.976e+06	3.0365e+06	3.03075e+06	
3.0385e+06	3.068e+06	3.09525e+06	3.10975e+06	3.0605e+06	
3.254e+06	3.264e+06	3.35425e+06	3.26025e+06	3.28475e+06	
3.3925e+06	3.35475e+06	3.441e+06	3.3755e+06	3.40775e+06	
3.47375e+06	3.46375e+06	3.40775e+06	3.4575e+06	3.35725e+06	
3.51975e+06	3.57475e+06	3.52425e+06	3.5355e+06	3.51175e+06	
3.45125e+06	3.496e+06	3.472e+06	3.47375e+06	3.50725e+06	
3.404e+06	3.433e+06	3.44875e+06	3.4525e+06	3.438e+06	
3.3295e+06	3.40775e+06	3.341e+06	3.424e+06	3.3875e+06	
3.48075e+06	3.49475e+06	3.48325e+06	3.52925e+06	3.54375e+06	
3.61875e+06	3.54125e+06	3.56525e+06	3.58225e+06	3.53375e+06	
3.50225e+06	3.49075e+06	3.52425e+06	3.516e+06	3.518e+06	
3.60625e+06	3.57275e+06	3.62325e+06	3.54825e+06	3.49225e+06	
3.4405e+06	3.55e+06	3.48775e+06	3.49025e+06	3.4985e+06	
3.6055e+06	3.60125e+06	3.57025e+06	3.55525e+06	3.5325e+06	
3.58725e+06	3.60925e+06	3.60875e+06	3.62825e+06	3.613e+06	
3.7485e+06	3.71525e+06	3.7025e+06	3.758e+06	3.72725e+06	
3.72475e+06	3.7285e+06	3.7965e+06	3.7435e+06	3.68925e+06	
3.60925e+06	3.6415e+06	3.6655e+06	3.6565e+06	3.71275e+06	
3.58725e+06	3.508e+06	3.58225e+06	3.63275e+06	3.61375e+06	
3.5615e+06	3.593e+06	3.576e+06	3.55075e+06	3.5835e+06	
3.59425e+06	3.61575e+06	3.593e+06	3.583e+06	3.57225e+06	
3.60125e+06	3.67225e+06	3.661e+06	3.64475e+06	3.60875e+06	
3.6825e+06	3.6515e+06	3.66725e+06	3.649e+06	3.63075e+06	
3.748e+06	3.683e+06	3.72775e+06	3.729e+06	3.73475e+06	
3.6735e+06	3.70325e+06	3.71825e+06	3.751e+06	3.6755e+06	
3.622e+06	3.629e+06	3.67925e+06	3.654e+06	3.69625e+06	
3.77625e+06	3.81225e+06	3.7235e+06	3.7745e+06	3.72475e+06	
3.86025e+06	3.8355e+06	3.90675e+06	3.8985e+06	3.87475e+06	
3.95225e+06	3.92825e+06	4.019e+06	3.91625e+06	3.93125e+06	
4.00325e+06	4.04675e+06	3.995e+06	4.0215e+06	4.0745e+06	
3.966e+06	4.02075e+06	3.9755e+06	4.05225e+06	4.00075e+06	
3.893e+06	3.8835e+06	3.90675e+06	3.94525e+06	3.91125e+06	
3.7235e+06	3.7775e+06	3.77325e+06	3.8545e+06	3.84125e+06	
3.77825e+06	3.74725e+06	3.8065e+06	3.8015e+06	3.741e+06	
3.748e+06	3.6805e+06	3.719e+06	3.81925e+06	3.74975e+06	
3.79775e+06	3.922e+06	3.8665e+06	3.847e+06	3.8575e+06	
3.94775e+06	3.9755e+06	4.024e+06	3.976e+06	4.0045e+06	
4.06175e+06	4.0435e+06	4.01525e+06	4.058e+06	4.04025e+06	
4.01125e+06	4.0435e+06	3.9975e+06	4.03525e+06	4.05675e+06	
3.9635e+06	3.9975e+06	3.973e+06	4.039e+06	4.031e+06	
3.954e+06	3.947e+06	3.93825e+06	3.93825e+06	3.9615e+06	
4.0075e+06	4.01e+06	4.1065e+06	4.0285e+06	4.0675e+06	
4.09775e+06	4.1375e+06	4.10325e+06	4.087e+06	4.14e+06	
4.0435e+06	4.03025e+06	4.09825e+06	4.0365e+06	4.10775e+06	
4.0095e+06	4.05675e+06	4.08075e+06	4.0245e+06	4.0365e+06	
3.86325e+06	3.88925e+06	3.905e+06	3.91875e+06	3.88475e+06	
3.98875e+06	3.9585e+06	3.96475e+06	3.98375e+06	3.9805e+06	
4.017e+06	3.98925e+06	3.96725e+06	3.9515e+06	4.0045e+06	
4.06425e+06	4.07575e+06	4.102e+06	4.11275e+06	4.09525e+06	
3.9995e+06	3.9855e+06	4.11975e+06	4.01075e+06	3.997e+06	
3.92375e+06	3.93825e+06	3.9105e+06	3.91125e+06	3.87525e+06	
3.697e+06	3.6995e+06	3.73675e+06	3.76e+06	3.80225e+06	
3.54325e+06	3.5495e+06	3.588e+06	3.591e+06	3.5205e+06	
3.28725e+06	3.32075e+06	3.31e+06	3.27975e+06	3.29375e+06	
3.218e+06	3.25025e+06	3.2685e+06	3.2515e+06	3.20675e+06	
3.26225e+06	3.305e+06	3.349e+06	3.2975e+06	3.2785e+06	
3.6855e+06	3.7235e+06	3.731e+06	3.74475e+06	3.7145e+06	
4.162e+06	4.1815e+06	4.1205e+06	4.148e+06	4.18975e+06	
4.3995e+06	4.414e+06	4.489e+06	4.411e+06	4.45425e+06	
4.32575e+06	4.3195e+06	4.38625e+06	4.3795e+06	4.3505e+06	
4.334e+06	4.41975e+06	4.30175e+06	4.407e+06	4.4305e+06	
4.45375e+06	4.455e+06	4.4715e+06	4.47575e+06	4.56525e+06	
4.3365e+06	4.41725e+06	4.457e+06	4.4695e+06	4.44375e+06	
4.19725e+06	4.19025e+06	4.2155e+06	4.23325e+06	4.22825e+06	
4.2055e+06	4.225e+06	4.16525e+06	4.2085e+06	4.22425e+06	
4.3635e+06	4.39775e+06	4.3585e+06	4.39525e+06	4.4455e+06	
4.547e+06	4.61825e+06	4.55075e+06	4.57025e+06	4.54825e+06	
4.6295e+06	4.588e+06	4.6515e+06	4.61875e+06	4.6705e+06	
4.7285e+06	4.724e+06	4.743e+06	4.76575e+06	4.714e+06	
4.91425e+06	4.97675e+06	4.89675e+06	5e+06	4.949e+06	
4.934e+06	4.91425e+06	4.95525e+06	4.9975e+06	4.9735e+06	
4.949e+06	4.94525e+06	4.99875e+06	5.0335e+06	4.961e+06	
4.91175e+06	4.96675e+06	4.9105e+06	4.917e+06	4.9565e+06	
4.8305e+06	4.862e+06	4.88675e+06	4.89925e+06	4.85575e+06	
4.617e+06	4.72025e+06	4.758e+06	4.68875e+06	4.7355e+06	
4.57025e+06	4.564e+06	4.605e+06	4.63825e+06	4.59875e+06	
4.46575e+06	4.47775e+06	4.49525e+06	4.45375e+06	4.4815e+06	
4.61575e+06	4.63975e+06	4.66925e+06	4.67625e+06	4.64225e+06	
4.811e+06	4.8545e+06	4.84875e+06	4.87025e+06	4.89925e+06	
4.92825e+06	4.9685e+06	4.90925e+06	5.02075e+06	4.90675e+06	
4.91e+06	4.8665e+06	4.9275e+06	4.91125e+06	4.98625e+06	
4.9395e+06	4.86775e+06	4.88675e+06	4.86575e+06	4.9175e+06	
4.9855e+06	5.04675e+06	5.07825e+06	5.0095e+06	5.024e+06	
5.19025e+06	5.18975e+06	5.14125e+06	5.20225e+06	5.164e+06	
5.31825e+06	5.34725e+06	5.43625e+06	5.43675e+06	5.44875e+06	
5.31075e+06	5.33025e+06	5.307e+06	5.32775e+06	5.327e+06	
5.518e+06	5.4695e+06	5.48275e+06	5.4715e+06	5.52125e+06	
5.535e+06	5.559e+06	5.56225e+06	5.5155e+06	5.57025e+06	
5.5615e+06	5.583e+06	5.5445e+06	5.477e+06	5.5445e+06	
5.39525e+06	5.44375e+06	5.358e+06	5.4405e+06	5.46125e+06	
5.52875e+06	5.48775e+06	5.5155e+06	5.55975e+06	5.513e+06	
5.588e+06	5.5955e+06	5.554e+06	5.55575e+06	5.474e+06	
5.5515e+06	5.576e+06	5.61125e+06	5.58675e+06	5.6245e+06	
5.66675e+06	5.59425e+06	5.624e+06	5.61825e+06	5.658e+06	
5.57475e+06	5.547e+06	5.48275e+06	5.5925e+06	5.55975e+06	
5.33275e+06	5.3435e+06	5.4165e+06	5.45375e+06	5.48475e+06	
5.2615e+06	5.32825e+06	5.2535e+06	5.26925e+06	5.339e+06	
5.4625e+06	5.45325e+06	5.45825e+06	5.41225e+06	5.484e+06	
5.58925e+06	5.60625e+06	5.52625e+06	5.50475e+06	5.571e+06	
5.697e+06	5.658e+06	5.7305e+06	5.6705e+06	5.6755e+06	
5.83575e+06	5.81725e+06	5.9005e+06	5.842e+06	5.88175e+06	
5.84325e+06	5.8905e+06	5.796e+06	5.905e+06	5.8855e+06	
5.869e+06	5.81925e+06	5.813e+06	5.87775e+06	5.86075e+06	
5.9705e+06	5.89175e+06	5.9225e+06	5.91575e+06	5.79975e+06	
5.8715e+06	5.89475e+06	5.88225e+06	5.9515e+06	5.8255e+06	
5.9295e+06	5.951e+06	5.946e+06	5.9945e+06	5.8885e+06	
6.004e+06	5.97875e+06	6.07375e+06	6.007e+06	5.98625e+06	
6.01325e+06	6.05e+06	6.038e+06	6.01525e+06	6.077e+06	
6.2225e+06	6.18975e+06	6.1785e+06	6.1275e+06	6.15125e+06	
6.336e+06	6.326e+06	6.41925e+06	6.37825e+06	6.41725e+06	
6.23125e+06	6.24075e+06	6.26475e+06	6.2005e+06	6.2245e+06	
6.2155e+06	6.22325e+06	6.10525e+06	6.184e+06	6.21425e+06	
6.21875e+06	6.2155e+06	6.249e+06	6.249e+06	6.25975e+06	
6.0095e+06	6.07625e+06	6.01275e+06	6.07075e+06	6.0435e+06	
5.915e+06	5.92125e+06	5.944e+06	5.93525e+06	5.9295e+06	
5.719e+06	5.6965e+06	5.736e+06	5.68125e+06	5.72225e+06	
5.8805e+06	5.85025e+06	5.87525e+06	5.96175e+06	5.88725e+06	
5.83625e+06	5.8665e+06	5.94725e+06	5.89425e+06	5.871e+06	
6.04925e+06	6.08025e+06	6.0385e+06	6.08775e+06	6.0725e+06	
6.08275e+06	6.02525e+06	6.019e+06	6.0625e+06	6.0385e+06	
6.01275e+06	5.95725e+06	6.138e+06	6.0215e+06	6.00275e+06	
5.91825e+06	5.93075e+06	6.05175e+06	6.08575e+06	6.0095e+06	
6.07625e+06	6.133e+06	6.1105e+06	6.14075e+06	6.121e+06	
6.17275e+06	6.217e+06	6.17475e+06	6.23575e+06	6.1235e+06	
6.2585e+06	6.2755e+06	6.2155e+06	6.27875e+06	6.239e+06	
6.28925e+06	6.3195e+06	6.28375e+06	6.2485e+06	6.2995e+06	
6.271e+06	6.34175e+06	6.27475e+06	6.32725e+06	6.285e+06	
6.336e+06	6.4575e+06	6.4815e+06	6.50925e+06	6.42425e+06	
6.3945e+06	6.375e+06	6.394e+06	6.37825e+06	6.326e+06	
6.285e+06	6.27175e+06	6.27725e+06	6.23575e+06	6.15375e+06	
6.2825e+06	6.28125e+06	6.237e+06	6.2395e+06	6.28125e+06	
6.2055e+06	6.29375e+06	6.3335e+06	6.329e+06	6.24025e+06	
6.3825e+06	6.27475e+06	6.30575e+06	6.35225e+06	6.317e+06	
6.22825e+06	6.2735e+06	6.19225e+06	6.3095e+06	6.25025e+06	
6.259e+06	6.319e+06	6.32475e+06	6.30125e+06	6.2415e+06	
6.447e+06	6.40975e+06	6.3865e+06	6.41025e+06	6.401e+06	
6.334e+06	6.39825e+06	6.36625e+06	6.29e+06	6.43925e+06	
6.62775e+06	6.56275e+06	6.52625e+06	6.56475e+06	6.629e+06	
6.537e+06	6.46775e+06	6.4935e+06	6.45e+06	6.62075e+06	
6.58225e+06	6.682e+06	6.6165e+06	6.6e+06	6.60375e+06	
6.651e+06	6.7335e+06	6.74425e+06	6.7765e+06	6.782e+06	
6.62775e+06	6.72025e+06	6.631e+06	6.651e+06	6.62575e+06	
6.636e+06	6.68625e+06	6.639e+06	6.612e+06	6.64675e+06	
6.66625e+06	6.663e+06	6.682e+06	6.677e+06	6.7595e+06	
6.65475e+06	6.813e+06	6.68075e+06	6.74425e+06	6.68825e+06	
6.602e+06	6.656e+06	6.65475e+06	6.62575e+06	6.61575e+06	
6.525e+06	6.682e+06	6.598e+06	6.65225e+06	6.5955e+06	
6.438e+06	6.68375e+06	6.56725e+06	6.673e+06	6.5535e+06	
6.3965e+06	6.501e+06	6.50925e+06	6.527e+06	6.447e+06	
6.73475e+06	6.65925e+06	6.63725e+06	6.69775e+06	6.554e+06	
6.595e+06	6.6965e+06	6.72475e+06	6.64475e+06	6.69275e+06	
6.75825e+06	6.82675e+06	6.8855e+06	6.842e+06	6.8175e+06	
6.57975e+06	6.61825e+06	6.631e+06	6.631e+06	6.6845e+06	
6.41675e+06	6.552e+06	6.6335e+06	6.665e+06	6.5905e+06	
6.71225e+06	6.79025e+06	6.6705e+06	6.74125e+06	6.72975e+06	
6.77825e+06	6.73675e+06	6.7765e+06	6.79775e+06	6.77525e+06	
6.7185e+06	6.8275e+06	6.84375e+06	6.79725e+06	6.84375e+06	
6.811e+06	6.82125e+06	6.86275e+06	6.835e+06	6.8685e+06	
7.04425e+06	7.06325e+06	7.077e+06	7.045e+06	7.05425e+06	
7.04225e+06	7.02725e+06	6.941e+06	7.13125e+06	7.06375e+06	
7.00825e+06	6.98875e+06	7.0305e+06	7.05875e+06	7.0765e+06	
7.02025e+06	7.06825e+06	7.01725e+06	6.93575e+06	7.0675e+06	
6.99575e+06	7.0965e+06	7.0985e+06	7.067e+06	7.07e+06	
6.84775e+06	6.832e+06	6.88675e+06	6.84575e+06	6.777e+06	
6.99325e+06	7.04225e+06	7.02925e+06	6.96675e+06	6.97375e+06	
7.15275e+06	7.09725e+06	7.1255e+06	7.18925e+06	7.135e+06	
7.32475e+06	7.263e+06	7.35625e+06	7.28625e+06	7.35125e+06	
7.54975e+06	7.5685e+06	7.5755e+06	7.537e+06	7.51875e+06	
7.5105e+06	7.522e+06	7.685e+06	7.66875e+06	7.54575e+06	
7.45e+06	7.40025e+06	7.498e+06	7.48975e+06	7.4615e+06	
7.44125e+06	7.49175e+06	7.40525e+06	7.457e+06	7.45775e+06	
7.602e+06	7.60375e+06	7.643e+06	7.6115e+06	7.56225e+06	
7.58425e+06	7.6365e+06	7.6e+06	7.622e+06	7.67375e+06	
7.74125e+06	7.723e+06	7.767e+06	7.83825e+06	7.77775e+06	
7.8495e+06	7.95475e+06	7.99075e+06	8.11175e+06	7.99125e+06	
7.9965e+06	7.936e+06	8.01525e+06	8.0045e+06	8.04625e+06	
7.883e+06	8.05375e+06	7.91075e+06	7.982e+06	8.00525e+06	
7.927e+06	7.89875e+06	7.951e+06	7.95725e+06	8.0045e+06	
7.96875e+06	7.96375e+06	7.99325e+06	8.04875e+06	8.04625e+06	
8.0545e+06	8.04925e+06	8.10225e+06	7.99125e+06	8.09275e+06	
7.99825e+06	8.0715e+06	8.03675e+06	8.0575e+06	8.02275e+06	
8.16725e+06	8.2725e+06	8.18725e+06	8.2705e+06	8.174e+06	
8.45125e+06	8.4015e+06	8.42425e+06	8.3895e+06	8.5e+06	
8.563e+06	8.70775e+06	8.59e+06	8.69575e+06	8.60775e+06	
8.59825e+06	8.59325e+06	8.6385e+06	8.61075e+06	8.59325e+06	
8.6115e+06	8.687e+06	8.57925e+06	8.757e+06	8.619e+06	
8.663e+06	8.6065e+06	8.62025e+06	8.5925e+06	8.68825e+06	
8.919e+06	8.88375e+06	8.88875e+06	9.03175e+06	9.026e+06	
8.91525e+06	8.897e+06	9.026e+06	8.99825e+06	8.96425e+06	
8.91525e+06	8.86475e+06	8.96925e+06	8.95175e+06	8.953e+06	
9.23975e+06	9.314e+06	9.30025e+06	9.23525e+06	9.12125e+06	
9.11175e+06	9.26625e+06	9.1005e+06	9.171e+06	9.195e+06	
9.12625e+06	9.22075e+06	9.17025e+06	9.18225e+06	9.0665e+06	
9.278e+06	9.27625e+06	9.27425e+06	9.21125e+06	9.20825e+06	
9.4395e+06	9.51e+06	9.498e+06	9.46525e+06	9.48975e+06	
9.44375e+06	9.4305e+06	9.47775e+06	9.55925e+06	9.55725e+06	
9.5265e+06	9.67375e+06	9.6605e+06	9.58125e+06	9.5705e+06	
9.299e+06	9.32975e+06	9.491e+06	9.442e+06	9.42925e+06	
9.5125e+06	9.51875e+06	9.55725e+06	9.6405e+06	9.53025e+06	
9.56925e+06	9.66625e+06	9.6235e+06	9.62225e+06	9.5895e+06	
9.5975e+06	9.643e+06	9.58175e+06	9.65175e+06	9.54975e+06	
9.3885e+06	9.42675e+06	9.537e+06	9.539e+06	9.47725e+06	
9.607e+06	9.735e+06	9.6555e+06	9.762e+06	9.7495e+06	
9.47975e+06	9.503e+06	9.55725e+06	9.5875e+06	9.57425e+06	
9.362e+06	9.3135e+06	9.42175e+06	9.3305e+06	9.319e+06	
8.6575e+06	8.66625e+06	8.7645e+06	8.764e+06	8.801e+06	
8.37775e+06	8.35175e+06	8.45325e+06	8.51625e+06	8.46025e+06	
8.36875e+06	8.38325e+06	8.437e+06	8.421e+06	8.4135e+06	
8.70725e+06	8.6795e+06	8.7155e+06	8.62475e+06	8.69775e+06	
9.074e+06	9.17475e+06	9.23275e+06	9.169e+06	9.1685e+06	
9.41475e+06	9.38275e+06	9.48225e+06	9.51625e+06	9.44125e+06	
9.74625e+06	9.6895e+06	9.8685e+06	9.76525e+06	9.774e+06	
9.965e+06	9.931e+06	9.94975e+06	9.9095e+06	9.9865e+06	
9.87475e+06	9.90125e+06	9.82075e+06	9.9265e+06	9.793e+06	
9.91825e+06	9.98e+06	9.994e+06	9.9265e+06	9.953e+06	
1.03468e+07	1.0258e+07	1.02875e+07	1.02745e+07	1.0224e+07	
1.04295e+07	1.04818e+07	1.0483e+07	1.0498e+07	1.05478e+07	
1.06538e+07	1.06165e+07	1.08e+07	1.0718e+07	1.0619e+07	
1.0607e+07	1.06582e+07	1.07388e+07	1.0619e+07	1.06355e+07	
1.06002e+07	1.0713e+07	1.06948e+07	1.0759e+07	1.07068e+07	
1.05132e+07	1.06688e+07	1.05188e+07	1.05925e+07	1.04428e+07	
1.03335e+07	1.02605e+07	1.03922e+07	1.04728e+07	1.04532e+07	
1.02215e+07	1.02245e+07	1.02655e+07	1.0333e+07	1.01755e+07	
1.0236e+07	1.02315e+07	1.03335e+07	1.03808e+07	1.03388e+07	
1.04872e+07	1.05775e+07	1.043e+07	1.0534e+07	1.05088e+07	
1.08158e+07	1.08238e+07	1.08195e+07	1.08842e+07	1.07715e+07	
1.0655e+07	1.07698e+07	1.08812e+07	1.0943e+07	1.07818e+07	
1.06758e+07	1.07218e+07	1.07835e+07	1.0689e+07	1.08158e+07	
1.08635e+07	1.09745e+07	1.09512e+07	1.09762e+07	1.0921e+07	
1.1125e+07	1.11125e+07	1.1127e+07	1.11232e+07	1.10438e+07	
1.1316e+07	1.1219e+07	1.12248e+07	1.13272e+07	1.13115e+07	
1.11055e+07	1.11312e+07	1.1272e+07	1.10798e+07	1.11478e+07	
1.11805e+07	1.11945e+07	1.12128e+07	1.11415e+07	1.12418e+07	
1.11975e+07	1.11988e+07	1.11642e+07	1.1071e+07	1.11428e+07	
1.11892e+07	1.13242e+07	1.1217e+07	1.12352e+07	1.1338e+07	
1.12498e+07	1.12265e+07	1.1243e+07	1.1292e+07	1.12448e+07	
1.12518e+07	1.13852e+07	1.13865e+07	1.1309e+07	1.12688e+07	
1.13305e+07	1.13902e+07	1.14602e+07	1.14005e+07	1.13815e+07	
1.13822e+07	1.13678e+07	1.1369e+07	1.1364e+07	1.13028e+07	
1.09845e+07	1.11062e+07	1.11735e+07	1.10798e+07	1.1214e+07	
1.08422e+07	1.1016e+07	1.1105e+07	1.09832e+07	1.10678e+07	
1.09758e+07	1.08962e+07	1.10142e+07	1.10508e+07	1.09688e+07	
1.11888e+07	1.11258e+07	1.12575e+07	1.11735e+07	1.12008e+07	
1.1318e+07	1.1248e+07	1.12248e+07	1.13368e+07	1.12492e+07	
1.11812e+07	1.12418e+07	1.13048e+07	1.11378e+07	1.11485e+07	
1.113e+07	1.10985e+07	1.11792e+07	1.11905e+07	1.10652e+07	
1.08655e+07	1.09355e+07	1.09058e+07	1.0933e+07	1.09058e+07	
1.07868e+07	1.08888e+07	1.0817e+07	1.09265e+07	1.08568e+07	
1.08698e+07	1.0907e+07	1.08332e+07	1.08378e+07	1.0943e+07	
1.07615e+07	1.07085e+07	1.08195e+07	1.0791e+07	1.07892e+07	
1.0694e+07	1.08395e+07	1.0779e+07	1.07935e+07	1.08092e+07	
1.07735e+07	1.09285e+07	1.08895e+07	1.07735e+07	1.08478e+07	
1.10695e+07	1.10425e+07	1.1178e+07	1.11182e+07	1.1113e+07	
1.12562e+07	1.11925e+07	1.1229e+07	1.12965e+07	1.11958e+07	
1.1183e+07	1.11515e+07	1.11275e+07	1.1084e+07	1.12575e+07	
1.0984e+07	1.10368e+07	1.1183e+07	1.11018e+07	1.10772e+07	
1.09355e+07	1.1023e+07	1.09908e+07	1.09758e+07	1.08895e+07	
1.11515e+07	1.1137e+07	1.10798e+07	1.11395e+07	1.12152e+07	
1.11792e+07	1.12158e+07	1.1297e+07	1.1328e+07	1.13268e+07	
1.13065e+07	1.14862e+07	1.1454e+07	1.1459e+07	1.13575e+07	
1.15448e+07	1.1619e+07	1.17678e+07	1.16028e+07	1.1677e+07	
1.15838e+07	1.15932e+07	1.17892e+07	1.17275e+07	1.16852e+07	
1.17458e+07	1.1769e+07	1.17855e+07	1.18042e+07	1.1817e+07	
1.1427e+07	1.14528e+07	1.14822e+07	1.15895e+07	1.16152e+07	
1.16065e+07	1.15908e+07	1.15755e+07	1.15718e+07	1.15845e+07	
1.136e+07	1.14275e+07	1.1391e+07	1.1442e+07	1.1314e+07	
1.11718e+07	1.1241e+07	1.12442e+07	1.13405e+07	1.12365e+07	
1.11838e+07	1.1142e+07	1.12108e+07	1.11938e+07	1.11862e+07	
1.1149e+07	1.12638e+07	1.1255e+07	1.13338e+07	1.11788e+07	
1.14892e+07	1.16065e+07	1.15498e+07	1.16222e+07	1.15505e+07	
1.15302e+07	1.16115e+07	1.1694e+07	1.16442e+07	1.17312e+07	
1.15328e+07	1.16292e+07	1.15782e+07	1.16072e+07	1.17118e+07	
1.15352e+07	1.14692e+07	1.1493e+07	1.15982e+07	1.1393e+07	
1.1539e+07	1.14312e+07	1.14572e+07	1.15348e+07	1.14975e+07	
1.1321e+07	1.14035e+07	1.13942e+07	1.15228e+07	1.14088e+07	
1.1498e+07	1.1614e+07	1.1701e+07	1.16532e+07	1.1616e+07	
1.1817e+07	1.17992e+07	1.19252e+07	1.18188e+07	1.1933e+07	
1.16518e+07	1.1597e+07	1.1657e+07	1.17438e+07	1.17155e+07	
1.15932e+07	1.16728e+07	1.17262e+07	1.1558e+07	1.15522e+07	
1.15725e+07	1.16148e+07	1.17452e+07	1.16645e+07	1.1713e+07	
1.14892e+07	1.14048e+07	1.15895e+07	1.164e+07	1.1488e+07	
1.13562e+07	1.14118e+07	1.13628e+07	1.13852e+07	1.1326e+07	
1.13392e+07	1.1452e+07	1.1609e+07	1.15012e+07	1.14672e+07	
1.12248e+07	1.12708e+07	1.13185e+07	1.12422e+07	1.12845e+07	
1.1113e+07	1.11445e+07	1.11842e+07	1.11025e+07	1.12025e+07	
1.12468e+07	1.13065e+07	1.12328e+07	1.1316e+07	1.13482e+07	
1.1251e+07	1.13695e+07	1.1219e+07	1.14432e+07	1.12182e+07	
1.13342e+07	1.1328e+07	1.14362e+07	1.13628e+07	1.1396e+07	
1.13148e+07	1.13822e+07	1.14362e+07	1.14572e+07	1.14395e+07	
1.13248e+07	1.13168e+07	1.12782e+07	1.1299e+07	1.12838e+07	
1.08195e+07	1.08025e+07	1.08605e+07	1.08855e+07	1.08685e+07	
1.03085e+07	1.04772e+07	1.02902e+07	1.04892e+07	1.05038e+07	
1.01205e+07	1.0159e+07	1.01415e+07	1.02132e+07	1.0164e+07	
1.02788e+07	1.02655e+07	1.03292e+07	1.03575e+07	1.02062e+07	
1.04125e+07	1.04962e+07	1.05162e+07	1.05062e+07	1.05138e+07	
1.04282e+07	1.04055e+07	1.049e+07	1.0486e+07	1.04755e+07	
1.0515e+07	1.0529e+07	1.05505e+07	1.07055e+07	1.05332e+07	
1.0822e+07	1.08668e+07	1.06902e+07	1.08282e+07	1.08212e+07	
1.09128e+07	1.09235e+07	1.09518e+07	1.10135e+07	1.09165e+07	
1.12708e+07	1.12128e+07	1.13085e+07	1.11208e+07	1.12758e+07	
1.13992e+07	1.14912e+07	1.13948e+07	1.14205e+07	1.12895e+07	
1.15008e+07	1.14445e+07	1.15045e+07	1.14535e+07	1.1442e+07	
1.1507e+07	1.15468e+07	1.1519e+07	1.14598e+07	1.1524e+07	
1.16872e+07	1.15952e+07	1.16412e+07	1.16835e+07	1.16802e+07	
1.16255e+07	1.16455e+07	1.1682e+07	1.17358e+07	1.16532e+07	
1.16948e+07	1.18252e+07	1.18825e+07	1.17068e+07	1.17912e+07	
1.1769e+07	1.17325e+07	1.17495e+07	1.1839e+07	1.1657e+07	
1.16072e+07	1.15858e+07	1.17192e+07	1.16985e+07	1.16248e+07	
1.1527e+07	1.14822e+07	1.16078e+07	1.16638e+07	1.16475e+07	
1.14685e+07	1.15518e+07	1.15688e+07	1.15518e+07	1.16348e+07	
1.17652e+07	1.1725e+07	1.17735e+07	1.18585e+07	1.1766e+07	
1.19172e+07	1.20802e+07	1.20338e+07	1.19778e+07	1.19695e+07	
1.20975e+07	1.21672e+07	1.22202e+07	1.21162e+07	1.21225e+07	
1.2207e+07	1.21888e+07	1.2202e+07	1.2108e+07	1.22198e+07	
1.2183e+07	1.2178e+07	1.2151e+07	1.2192e+07	1.21225e+07	
1.2112e+07	1.20172e+07	1.22198e+07	1.2175e+07	1.2105e+07	
1.21212e+07	1.2122e+07	1.21112e+07	1.21618e+07	1.20728e+07	
1.18358e+07	1.1829e+07	1.19385e+07	1.18958e+07	1.18598e+07	
1.1466e+07	1.157e+07	1.15642e+07	1.16242e+07	1.15782e+07	
1.09852e+07	1.10772e+07	1.11352e+07	1.11245e+07	1.10168e+07	
1.11182e+07	1.12095e+07	1.12668e+07	1.11838e+07	1.1163e+07	
1.1195e+07	1.14458e+07	1.1311e+07	1.1437e+07	1.1275e+07	
1.1493e+07	1.15882e+07	1.15448e+07	1.16595e+07	1.1573e+07	
1.18075e+07	1.18958e+07	1.17898e+07	1.1933e+07	1.17188e+07	
1.20685e+07	1.2001e+07	1.20565e+07	1.21092e+07	1.2122e+07	
1.22158e+07	1.2289e+07	1.23015e+07	1.2357e+07	1.22695e+07	
1.24068e+07	1.2434e+07	1.2543e+07	1.25895e+07	1.2449e+07	
1.23085e+07	1.2447e+07	1.23168e+07	1.2287e+07	1.2277e+07	
1.23488e+07	1.23412e+07	1.22392e+07	1.24175e+07	1.22448e+07	
1.22588e+07	1.24038e+07	1.2483e+07	1.23898e+07	1.2362e+07	
1.25e+07	1.24332e+07	1.24838e+07	1.2539e+07	1.26222e+07	
1.2526e+07	1.2459e+07	1.26015e+07	1.2582e+07	1.24088e+07	
1.23735e+07	1.26165e+07	1.2558e+07	1.26992e+07	1.25845e+07	
1.2468e+07	1.25662e+07	1.2524e+07	1.25202e+07	1.25195e+07	
1.21775e+07	1.22788e+07	1.2296e+07	1.22642e+07	1.22052e+07	
1.1902e+07	1.18788e+07	1.19795e+07	1.20475e+07	1.1962e+07	
1.19252e+07	1.1853e+07	1.1953e+07	1.18938e+07	1.18555e+07	
1.1907e+07	1.1996e+07	1.19335e+07	1.20142e+07	1.19922e+07	
1.2045e+07	1.20262e+07	1.20652e+07	1.20482e+07	1.20582e+07	
1.20092e+07	1.21018e+07	1.20445e+07	1.20968e+07	1.20055e+07	
1.20545e+07	1.21042e+07	1.2161e+07	1.20765e+07	1.21055e+07	
1.1936e+07	1.20942e+07	1.21768e+07	1.2059e+07	1.2103e+07	
1.21618e+07	1.22562e+07	1.23035e+07	1.23262e+07	1.2142e+07	
1.2311e+07	1.23972e+07	1.24622e+07	1.23342e+07	1.2386e+07	
1.23412e+07	1.25535e+07	1.24498e+07	1.25612e+07	1.25562e+07	
1.23312e+07	1.24112e+07	1.23942e+07	1.22485e+07	1.23488e+07	
1.22782e+07	1.23948e+07	1.23002e+07	1.23582e+07	1.22618e+07	
1.19512e+07	1.21105e+07	1.20458e+07	1.21302e+07	1.21605e+07	
1.195e+07	1.20438e+07	1.20432e+07	1.20868e+07	1.20748e+07	
1.2062e+07	1.20628e+07	1.20988e+07	1.19985e+07	1.20515e+07	
1.20632e+07	1.20785e+07	1.21125e+07	1.20955e+07	1.21365e+07	
1.2149e+07	1.21435e+07	1.21642e+07	1.22662e+07	1.22782e+07	
1.21308e+07	1.2248e+07	1.2168e+07	1.22368e+07	1.22442e+07	
1.21238e+07	1.21328e+07	1.2221e+07	1.211e+07	1.22115e+07	
1.20968e+07	1.21648e+07	1.21995e+07	1.21592e+07	1.22865e+07	
1.1955e+07	1.20292e+07	1.1962e+07	1.20338e+07	1.1965e+07	
1.16828e+07	1.1812e+07	1.18215e+07	1.1861e+07	1.181e+07	
1.15788e+07	1.1694e+07	1.1691e+07	1.16078e+07	1.17425e+07	
1.1728e+07	1.17175e+07	1.1575e+07	1.16682e+07	1.1706e+07	
1.14598e+07	1.16272e+07	1.16952e+07	1.16992e+07	1.16885e+07	
1.16828e+07	1.16505e+07	1.16418e+07	1.166e+07	1.1766e+07	
1.17912e+07	1.1829e+07	1.1824e+07	1.1827e+07	1.18195e+07	
1.16808e+07	1.17528e+07	1.1853e+07	1.18062e+07	1.17072e+07	
1.17218e+07	1.17275e+07	1.17635e+07	1.17295e+07	1.1907e+07	
1.1822e+07	1.18995e+07	1.19248e+07	1.18005e+07	1.20168e+07	
1.16852e+07	1.17912e+07	1.1769e+07	1.18642e+07	1.17255e+07	
1.19095e+07	1.17912e+07	1.1926e+07	1.19322e+07	1.18302e+07	
1.19135e+07	1.19782e+07	1.2103e+07	1.20155e+07	1.20022e+07	
1.19215e+07	1.1982e+07	1.20092e+07	1.2137e+07	1.20988e+07	
1.18718e+07	1.18302e+07	1.19612e+07	1.19542e+07	1.18108e+07	
1.2037e+07	1.20395e+07	1.20595e+07	1.2018e+07	1.20105e+07	
1.20608e+07	1.22662e+07	1.21888e+07	1.20948e+07	1.20515e+07	
1.1764e+07	1.20785e+07	1.19455e+07	1.18328e+07	1.19405e+07	
1.18308e+07	1.2001e+07	1.19342e+07	1.19675e+07	1.196e+07	
1.18175e+07	1.20035e+07	1.20942e+07	1.19782e+07	1.2064e+07	
1.18585e+07	1.19935e+07	1.19645e+07	1.19385e+07	1.18718e+07	
1.1858e+07	1.1895e+07	1.19265e+07	1.188e+07	1.19222e+07	
1.17055e+07	1.16802e+07	1.17772e+07	1.17438e+07	1.17785e+07	
1.15712e+07	1.15845e+07	1.1517e+07	1.1636e+07	1.149e+07	
1.15928e+07	1.16272e+07	1.1747e+07	1.16765e+07	1.16765e+07	
1.16872e+07	1.16915e+07	1.17665e+07	1.18258e+07	1.1757e+07	
1.1749e+07	1.16538e+07	1.1851e+07	1.18352e+07	1.18568e+07	
1.17735e+07	1.18162e+07	1.18042e+07	1.1669e+07	1.17308e+07	
1.19065e+07	1.18088e+07	1.18175e+07	1.18282e+07	1.18888e+07	
1.18742e+07	1.1781e+07	1.18675e+07	1.18345e+07	1.17188e+07	
1.1759e+07	1.18622e+07	1.18038e+07	1.18145e+07	1.1861e+07	
1.1752e+07	1.18158e+07	1.17955e+07	1.18422e+07	1.18188e+07	
1.17295e+07	1.16222e+07	1.1786e+07	1.17098e+07	1.1723e+07	
1.17085e+07	1.1665e+07	1.1769e+07	1.17412e+07	1.17162e+07	
1.17308e+07	1.17598e+07	1.17382e+07	1.17482e+07	1.18228e+07	
1.1761e+07	1.19398e+07	1.17912e+07	1.17672e+07	1.18788e+07	
1.1662e+07	1.18018e+07	1.17728e+07	1.17635e+07	1.17975e+07	
1.16795e+07	1.17205e+07	1.17395e+07	1.18182e+07	1.17458e+07	
1.17532e+07	1.17545e+07	1.18655e+07	1.17582e+07	1.1742e+07	
1.16032e+07	1.1817e+07	1.17885e+07	1.17545e+07	1.16985e+07	
1.17822e+07	1.17205e+07	1.1737e+07	1.18132e+07	1.1715e+07	
1.17162e+07	1.18668e+07	1.18622e+07	1.18692e+07	1.18435e+07	
1.18648e+07	1.18328e+07	1.1822e+07	1.18888e+07	1.1878e+07	
1.18278e+07	1.19998e+07	1.1977e+07	1.19008e+07	1.18938e+07	
1.1827e+07	1.18832e+07	1.1902e+07	1.1977e+07	1.19108e+07	
1.1909e+07	1.17848e+07	1.19052e+07	1.1924e+07	1.19128e+07	
1.17055e+07	1.1679e+07	1.16185e+07	1.1655e+07	1.16582e+07	
1.1829e+07	1.1754e+07	1.17938e+07	1.17968e+07	1.17818e+07	
1.15145e+07	1.14718e+07	1.1527e+07	1.1682e+07	1.14768e+07	
1.1306e+07	1.141e+07	1.1355e+07	1.14652e+07	1.14742e+07	
1.1309e+07	1.13985e+07	1.1408e+07	1.1314e+07	1.15455e+07	
1.1384e+07	1.15348e+07	1.1507e+07	1.15365e+07	1.14622e+07	
1.14168e+07	1.14118e+07	1.14018e+07	1.14408e+07	1.1481e+07	
1.12908e+07	1.1408e+07	1.1437e+07	1.13835e+07	1.1219e+07	
1.10002e+07	1.11502e+07	1.11672e+07	1.1197e+07	1.1185e+07	
1.11225e+07	1.11648e+07	1.12152e+07	1.113e+07	1.11465e+07	
1.10078e+07	1.10968e+07	1.1151e+07	1.11345e+07	1.11415e+07	
1.1159e+07	1.10595e+07	1.11958e+07	1.12378e+07	1.11735e+07	
1.1134e+07	1.11672e+07	1.12422e+07	1.11925e+07	1.1219e+07	
1.1234e+07	1.14162e+07	1.1396e+07	1.13828e+07	1.13508e+07	
1.13872e+07	1.14742e+07	1.13708e+07	1.14692e+07	1.14018e+07	
1.14245e+07	1.14855e+07	1.1519e+07	1.15095e+07	1.15038e+07	
1.14698e+07	1.1352e+07	1.15335e+07	1.15535e+07	1.1529e+07	
1.11925e+07	1.12852e+07	1.1393e+07	1.1372e+07	1.1253e+07	
1.1292e+07	1.14685e+07	1.14118e+07	1.14042e+07	1.13475e+07	
1.1299e+07	1.12845e+07	1.1384e+07	1.13412e+07	1.143e+07	
1.14578e+07	1.14742e+07	1.15178e+07	1.1476e+07	1.15402e+07	
1.13835e+07	1.15032e+07	1.14855e+07	1.1493e+07	1.15265e+07	
1.14312e+07	1.15075e+07	1.14598e+07	1.1459e+07	1.14818e+07	
1.13362e+07	1.14585e+07	1.13745e+07	1.14692e+07	1.13525e+07	
1.12825e+07	1.1403e+07	1.1551e+07	1.15058e+07	1.13392e+07	
1.1323e+07	1.1316e+07	1.14615e+07	1.13852e+07	1.13948e+07	
1.11382e+07	1.13442e+07	1.1367e+07	1.14162e+07	1.13425e+07	
1.1156e+07	1.12385e+07	1.12535e+07	1.13802e+07	1.1345e+07	
1.11602e+07	1.1127e+07	1.1134e+07	1.1108e+07	1.12655e+07	
1.10868e+07	1.11772e+07	1.1212e+07	1.1091e+07	1.09775e+07	
1.1098e+07	1.12448e+07	1.12062e+07	1.1195e+07	1.12032e+07	
1.11522e+07	1.12738e+07	1.12032e+07	1.11788e+07	1.1258e+07	
1.13248e+07	1.1333e+07	1.13608e+07	1.13802e+07	1.12278e+07	
1.13948e+07	1.13695e+07	1.13992e+07	1.1287e+07	1.13935e+07	
1.1343e+07	1.1488e+07	1.13022e+07	1.1306e+07	1.1389e+07	
1.1132e+07	1.1209e+07	1.13538e+07	1.13152e+07	1.1231e+07	
1.12045e+07	1.11188e+07	1.10935e+07	1.11282e+07	1.11162e+07	
1.10778e+07	1.11018e+07	1.11925e+07	1.11282e+07	1.11328e+07	
1.1071e+07	1.11792e+07	1.1139e+07	1.11938e+07	1.11445e+07	
1.10288e+07	1.10368e+07	1.11548e+07	1.10482e+07	1.10872e+07	
1.10002e+07	1.1098e+07	1.11138e+07	1.10852e+07	1.10922e+07	
1.08825e+07	1.10955e+07	1.1069e+07	1.09708e+07	1.09618e+07	
1.08672e+07	1.08908e+07	1.08365e+07	1.09368e+07	1.08278e+07	
1.07288e+07	1.08005e+07	1.09152e+07	1.0716e+07	1.08655e+07	
1.07685e+07	1.08842e+07	1.08225e+07	1.0904e+07	1.0791e+07	
1.08975e+07	1.09882e+07	1.09555e+07	1.1074e+07	1.09525e+07	
1.0946e+07	1.10148e+07	1.10495e+07	1.10722e+07	1.1045e+07	
1.10922e+07	1.11905e+07	1.11912e+07	1.12555e+07	1.10558e+07	
1.10735e+07	1.11332e+07	1.10922e+07	1.11025e+07	1.11452e+07	
1.1253e+07	1.1287e+07	1.1352e+07	1.13575e+07	1.12115e+07	
1.12852e+07	1.11552e+07	1.113e+07	1.1309e+07	1.11698e+07	
1.10508e+07	1.11345e+07	1.1343e+07	1.12385e+07	1.1185e+07	
1.11352e+07	1.1202e+07	1.1151e+07	1.12775e+07	1.11155e+07	
1.10035e+07	1.10362e+07	1.1033e+07	1.111e+07	1.09662e+07	
1.097e+07	1.104e+07	1.08805e+07	1.10388e+07	1.10802e+07	
1.09065e+07	1.09222e+07	1.08995e+07	1.09575e+07	1.09978e+07	
1.09012e+07	1.08502e+07	1.09468e+07	1.09448e+07	1.09562e+07	
1.09775e+07	1.10388e+07	1.0929e+07	1.08875e+07	1.08522e+07	
1.08365e+07	1.06728e+07	1.08762e+07	1.0883e+07	1.08655e+07	
1.08498e+07	1.08725e+07	1.09422e+07	1.08212e+07	1.08598e+07	
1.08182e+07	1.09405e+07	1.09165e+07	1.08422e+07	1.08345e+07	
1.07702e+07	1.08515e+07	1.08862e+07	1.07918e+07	1.08742e+07	
1.0779e+07	1.08038e+07	1.08812e+07	1.08882e+07	1.08705e+07	
1.0619e+07	1.07212e+07	1.08158e+07	1.06752e+07	1.07835e+07	
1.06512e+07	1.0737e+07	1.0793e+07	1.0706e+07	1.0694e+07	
1.0546e+07	1.06032e+07	1.0614e+07	1.05995e+07	1.05982e+07	
1.05888e+07	1.0638e+07	1.06152e+07	1.06372e+07	1.07338e+07	
1.07268e+07	1.07868e+07	1.07805e+07	1.06728e+07	1.067e+07	
1.06935e+07	1.07118e+07	1.08622e+07	1.06832e+07	1.0735e+07	
1.07482e+07	1.07255e+07	1.0798e+07	1.07582e+07	1.0694e+07	
1.06998e+07	1.07382e+07	1.07892e+07	1.0827e+07	1.08188e+07	
1.08598e+07	1.0795e+07	1.0699e+07	1.07905e+07	1.0694e+07	
1.07305e+07	1.07242e+07	1.07122e+07	1.0779e+07	1.07275e+07	
1.0825e+07	1.07988e+07	1.08212e+07	1.08882e+07	1.07462e+07	
1.07942e+07	1.07438e+07	1.072e+07	1.07388e+07	1.0757e+07	
1.07578e+07	1.0749e+07	1.0917e+07	1.07748e+07	1.08572e+07	
1.08352e+07	1.09222e+07	1.08792e+07	1.09228e+07	1.09348e+07	
1.07148e+07	1.07898e+07	1.08522e+07	1.08328e+07	1.07918e+07	
1.06828e+07	1.08068e+07	1.08825e+07	1.0854e+07	1.07872e+07	
1.0762e+07	1.07028e+07	1.07325e+07	1.0795e+07	1.08692e+07	
1.07715e+07	1.07445e+07	1.07992e+07	1.07432e+07	1.0718e+07	
1.0655e+07	1.0711e+07	1.07615e+07	1.07975e+07	1.0701e+07	
1.05825e+07	1.0573e+07	1.07068e+07	1.0616e+07	1.06108e+07	
1.05875e+07	1.04822e+07	1.0558e+07	1.0643e+07	1.05088e+07	
1.03512e+07	1.05005e+07	1.0454e+07	1.04282e+07	1.04085e+07	
1.03388e+07	1.0432e+07	1.03612e+07	1.03998e+07	1.0367e+07	
1.02335e+07	1.02542e+07	1.02705e+07	1.03715e+07	1.0239e+07	
1.03828e+07	1.03172e+07	1.0311e+07	1.03222e+07	1.02555e+07	
1.03032e+07	1.03538e+07	1.036e+07	1.03235e+07	1.03492e+07	
1.03915e+07	1.03128e+07	1.04598e+07	1.043e+07	1.03625e+07	
1.02492e+07	1.03815e+07	1.0239e+07	1.02585e+07	1.02838e+07	
1.01792e+07	1.0294e+07	1.02745e+07	1.02402e+07	1.026e+07	
9.9915e+06	1.0047e+07	1.01105e+07	1.01125e+07	1.00588e+07	
9.7815e+06	9.80425e+06	9.82875e+06	9.81575e+06	9.757e+06	
9.36325e+06	9.51075e+06	9.50675e+06	9.41175e+06	9.515e+06	
9.21e+06	9.2045e+06	9.2175e+06	9.31225e+06	9.22775e+06	
9.07825e+06	9.09275e+06	9.09925e+06	9.0745e+06	9.17425e+06	
9.0475e+06	9.15075e+06	9.14825e+06	9.27425e+06	9.17025e+06	
9.275e+06	9.328e+06	9.207e+06	9.19125e+06	9.2175e+06	
9.40725e+06	9.418e+06	9.43e+06	9.4205e+06	9.408e+06	
9.423e+06	9.512e+06	9.374e+06	9.39975e+06	9.4255e+06	
9.469e+06	9.56725e+06	9.50625e+06	9.5945e+06	9.67075e+06	
9.488e+06	9.6e+06	9.5295e+06	9.6215e+06	9.52525e+06	
9.522e+06	9.474e+06	9.56225e+06	9.59875e+06	9.5895e+06	
9.51125e+06	9.6115e+06	9.704e+06	9.6405e+06	9.629e+06	
9.396e+06	9.5345e+06	9.46075e+06	9.52e+06	9.50675e+06	
9.57125e+06	9.5485e+06	9.56725e+06	9.63675e+06	9.5245e+06	
9.486e+06	9.5975e+06	9.66575e+06	9.5705e+06	9.568e+06	
9.498e+06	9.6165e+06	9.6e+06	9.5515e+06	9.54475e+06	
9.367e+06	9.4835e+06	9.4835e+06	9.57e+06	9.50625e+06	
9.48925e+06	9.42125e+06	9.59375e+06	9.46725e+06	9.49425e+06	
9.41675e+06	9.3385e+06	9.43625e+06	9.41425e+06	9.338e+06	
9.29775e+06	9.236e+06	9.4275e+06	9.33975e+06	9.40675e+06	
9.3625e+06	9.48225e+06	9.512e+06	9.37825e+06	9.425e+06	
9.41425e+06	9.53825e+06	9.47275e+06	9.49425e+06	9.45275e+06	
9.38725e+06	9.449e+06	9.4345e+06	9.5365e+06	9.50675e+06	
9.39275e+06	9.4835e+06	9.45525e+06	9.399e+06	9.45275e+06	
9.4565e+06	9.49225e+06	9.481e+06	9.435e+06	9.54775e+06	
9.43875e+06	9.4885e+06	9.46775e+06	9.522e+06	9.5655e+06	
9.39525e+06	9.437e+06	9.4835e+06	9.40225e+06	9.50375e+06	
9.384e+06	9.4515e+06	9.30825e+06	9.3505e+06	9.18925e+06	
9.32925e+06	9.4515e+06	9.466e+06	9.47725e+06	9.471e+06	
9.29e+06	9.418e+06	9.33425e+06	9.36375e+06	9.3715e+06	
9.343e+06	9.4515e+06	9.45075e+06	9.3305e+06	9.28825e+06	
9.36575e+06	9.418e+06	9.33675e+06	9.336e+06	9.42e+06	
9.26925e+06	9.406e+06	9.326e+06	9.35825e+06	9.3885e+06	
9.2845e+06	9.33425e+06	9.4275e+06	9.413e+06	9.39225e+06	
9.27125e+06	9.36075e+06	9.3425e+06	9.32475e+06	9.3335e+06	
9.35175e+06	9.34175e+06	9.353e+06	9.4085e+06	9.3625e+06	
9.18675e+06	9.22075e+06	9.127e+06	9.1875e+06	9.19625e+06	
9.1325e+06	9.173e+06	9.229e+06	9.20825e+06	9.29e+06	
9.05575e+06	9.18475e+06	9.25675e+06	9.21825e+06	9.224e+06	
9.0955e+06	9.12375e+06	9.16525e+06	9.227e+06	9.16475e+06	
9.171e+06	9.13075e+06	9.13875e+06	9.17025e+06	9.227e+06	
9.2585e+06	9.2075e+06	9.18475e+06	9.21125e+06	9.27125e+06	
9.20625e+06	9.23275e+06	9.3115e+06	9.278e+06	9.173e+06	
9.4085e+06	9.33225e+06	9.4425e+06	9.34375e+06	9.357e+06	
9.40225e+06	9.382e+06	9.33475e+06	9.416e+06	9.384e+06	
9.36075e+06	9.28875e+06	9.362e+06	9.462e+06	9.4135e+06	
9.30325e+06	9.45575e+06	9.374e+06	9.34175e+06	9.3045e+06	
9.39975e+06	9.413e+06	9.31475e+06	9.38525e+06	9.3335e+06	
9.2295e+06	9.47025e+06	9.29325e+06	9.4055e+06	9.30575e+06	
9.3335e+06	9.36375e+06	9.26625e+06	9.33425e+06	9.336e+06	
9.22075e+06	9.292e+06	9.316e+06	9.268e+06	9.319e+06	
9.171e+06	9.178e+06	9.1875e+06	9.239e+06	9.26875e+06	
9.15975e+06	9.24725e+06	9.3015e+06	9.18425e+06	9.23275e+06	
9.26625e+06	9.282e+06	9.23775e+06	9.343e+06	9.1925e+06	
9.21375e+06	9.19875e+06	9.113e+06	9.2505e+06	9.2025e+06	
9.1735e+06	9.1905e+06	9.215e+06	9.20875e+06	9.244e+06	
9.0015e+06	9.1685e+06	9.089e+06	9.16025e+06	9.1735e+06	
9.09925e+06	9.1125e+06	9.127e+06	9.17675e+06	9.0575e+06	
9.07025e+06	9.144e+06	9.13075e+06	9.1325e+06	9.05875e+06	
9.00275e+06	9.1325e+06	9.1465e+06	9.04125e+06	9.12175e+06	
9.062e+06	9.0475e+06	9.08275e+06	9.04175e+06	9.06575e+06	
9.0475e+06	9.03425e+06	9.1005e+06	9.147e+06	9.09225e+06	
8.93775e+06	9.0285e+06	9.01725e+06	9.00775e+06	8.9195e+06	
8.95875e+06	9.07325e+06	9.004e+06	9.0235e+06	9.10175e+06	
8.88925e+06	8.92525e+06	9.023e+06	8.963e+06	8.9795e+06	
9.00725e+06	8.89175e+06	8.956e+06	9.02975e+06	9.0745e+06	
9.023e+06	9.098e+06	9.009e+06	9.06e+06	8.9415e+06	
8.94925e+06	8.919e+06	8.92725e+06	8.922e+06	8.9435e+06	
8.87975e+06	8.965e+06	8.96675e+06	8.977e+06	8.9025e+06	
8.82125e+06	8.91e+06	8.907e+06	8.929e+06	8.94225e+06	
9.01775e+06	8.89425e+06	8.9265e+06	8.92075e+06	8.9705e+06	
8.80625e+06	8.77975e+06	8.95925e+06	8.89425e+06	8.893e+06	
8.82875e+06	8.81125e+06	8.90575e+06	8.8225e+06	8.8535e+06	
8.83825e+06	8.81875e+06	8.80625e+06	8.8415e+06	8.71725e+06	
8.665e+06	8.759e+06	8.776e+06	8.84525e+06	8.74575e+06	
8.74325e+06	8.81875e+06	8.76825e+06	8.7085e+06	8.7955e+06	
8.8415e+06	8.80425e+06	8.8075e+06	8.8225e+06	8.7525e+06	
8.772e+06	8.8175e+06	8.83575e+06	8.78275e+06	8.757e+06	
8.6525e+06	8.69775e+06	8.6525e+06	8.762e+06	8.6485e+06	
8.65375e+06	8.67075e+06	8.762e+06	8.5975e+06	8.704e+06	
8.5465e+06	8.626e+06	8.5605e+06	8.5195e+06	8.5705e+06	
8.43425e+06	8.44125e+06	8.542e+06	8.566e+06	8.53525e+06	
8.4905e+06	8.56475e+06	8.60075e+06	8.573e+06	8.59125e+06	
8.4255e+06	8.46975e+06	8.5515e+06	8.624e+06	8.629e+06	
8.56475e+06	8.65675e+06	8.58625e+06	8.67075e+06	8.57225e+06	
8.70275e+06	8.5735e+06	8.63275e+06	8.692e+06	8.63025e+06	
8.59125e+06	8.58875e+06	8.72475e+06	8.6775e+06	8.73375e+06	
8.5605e+06	8.648e+06	8.638e+06	8.5685e+06	8.6385e+06	
8.65875e+06	8.682e+06	8.68275e+06	8.704e+06	8.7115e+06	
8.60375e+06	8.66375e+06	8.68525e+06	8.69575e+06	8.706e+06	
8.65625e+06	8.62225e+06	8.6985e+06	8.718e+06	8.634e+06	
8.70275e+06	8.699e+06	8.704e+06	8.67e+06	8.69725e+06	
8.64675e+06	8.59625e+06	8.677e+06	8.66125e+06	8.6695e+06	
8.595e+06	8.67875e+06	8.7355e+06	8.76275e+06	8.65425e+06	
8.597e+06	8.81675e+06	8.71675e+06	8.74875e+06	8.65425e+06	
8.629e+06	8.529e+06	8.5585e+06	8.6285e+06	8.52e+06	
8.52625e+06	8.6265e+06	8.66175e+06	8.59075e+06	8.65125e+06	
8.4685e+06	8.56675e+06	8.53775e+06	8.46025e+06	8.50375e+06	
8.47525e+06	8.57225e+06	8.55525e+06	8.55025e+06	8.4785e+06	
8.30575e+06	8.483e+06	8.57625e+06	8.4815e+06	8.437e+06	
8.4205e+06	8.365e+06	8.4105e+06	8.41225e+06	8.4665e+06	
8.4545e+06	8.40025e+06	8.481e+06	8.45e+06	8.50925e+06	
8.31075e+06	8.408e+06	8.44625e+06	8.379e+06	8.38275e+06	
8.24275e+06	8.2725e+06	8.2195e+06	8.25975e+06	8.19875e+06	
8.232e+06	8.26175e+06	8.2995e+06	8.22575e+06	8.2725e+06	
8.1155e+06	8.118e+06	8.2075e+06	8.22525e+06	8.25725e+06	
8.09225e+06	8.094e+06	8.152e+06	8.195e+06	8.10475e+06	
8.04175e+06	8.04375e+06	7.994e+06	8.06325e+06	8.05125e+06	
7.951e+06	8.12125e+06	8.0745e+06	8.17525e+06	8.06125e+06	
8.077e+06	8.10175e+06	8.132e+06	8.10675e+06	7.98375e+06	
8.10175e+06	8.03225e+06	8.14375e+06	8.1515e+06	8.1425e+06	
8.08025e+06	8.12625e+06	8.08725e+06	8.0935e+06	8.1005e+06	
7.90875e+06	8.06575e+06	8.01725e+06	7.96625e+06	7.99775e+06	
7.93275e+06	7.9925e+06	7.98825e+06	7.92525e+06	7.9725e+06	
7.78775e+06	7.87675e+06	7.961e+06	7.90575e+06	7.9025e+06	
7.86275e+06	7.85975e+06	7.83875e+06	7.8955e+06	7.84075e+06	
7.75e+06	7.77975e+06	7.8205e+06	7.854e+06	7.76775e+06	
7.7955e+06	7.8325e+06	7.83325e+06	7.78025e+06	7.76825e+06	
7.8465e+06	7.88925e+06	7.7695e+06	7.81125e+06	7.8465e+06	
7.7375e+06	7.7785e+06	7.7525e+06	7.79675e+06	7.74425e+06	
7.66175e+06	7.71525e+06	7.64475e+06	7.6745e+06	7.73375e+06	
7.789e+06	7.70725e+06	7.73225e+06	7.7165e+06	7.78775e+06	
7.73225e+06	7.71475e+06	7.789e+06	7.8105e+06	7.7885e+06	
7.617e+06	7.7255e+06	7.73625e+06	7.66e+06	7.69275e+06	
7.70225e+06	7.6485e+06	7.731e+06	7.6965e+06	7.6655e+06	
7.63025e+06	7.59175e+06	7.66e+06	7.653e+06	7.5465e+06	
7.60325e+06	7.6165e+06	7.64175e+06	7.5735e+06	7.71225e+06	
7.5975e+06	7.6945e+06	7.588e+06	7.6895e+06	7.5995e+06	
7.602e+06	7.6335e+06	7.62075e+06	7.6385e+06	7.6485e+06	
7.6655e+06	7.73375e+06	7.714e+06	7.7235e+06	7.60325e+06	
7.60575e+06	7.607e+06	7.51375e+06	7.58175e+06	7.5275e+06	
7.4955e+06	7.59375e+06	7.60125e+06	7.551e+06	7.639e+06	
7.57175e+06	7.56725e+06	7.57225e+06	7.46775e+06	7.63475e+06	
7.56025e+06	7.4475e+06	7.59875e+06	7.62275e+06	7.537e+06	
7.60575e+06	7.62325e+06	7.68575e+06	7.69775e+06	7.49425e+06	
7.503e+06	7.51375e+06	7.55275e+06	7.55025e+06	7.532e+06	
7.4325e+06	7.42225e+06	7.513e+06	7.43375e+06	7.49675e+06	
7.42425e+06	7.42675e+06	7.46325e+06	7.561e+06	7.46575e+06	
7.36825e+06	7.44875e+06	7.55225e+06	7.5125e+06	7.3625e+06	
7.35425e+06	7.522e+06	7.5125e+06	7.52e+06	7.47475e+06	
7.49425e+06	7.47975e+06	7.469e+06	7.49175e+06	7.476e+06	
7.372e+06	7.39325e+06	7.5535e+06	7.4695e+06	7.4065e+06	
7.47525e+06	7.4185e+06	7.52375e+06	7.48525e+06	7.5705e+06	
7.4445e+06	7.45325e+06	7.47975e+06	7.4815e+06	7.52125e+06	
7.3115e+06	7.4255e+06	7.38325e+06	7.4865e+06	7.4235e+06	
7.34475e+06	7.41225e+06	7.41425e+06	7.481e+06	7.525e+06	
7.32525e+06	7.384e+06	7.44125e+06	7.41975e+06	7.469e+06	
7.24975e+06	7.307e+06	7.258e+06	7.26225e+06	7.34425e+06	
7.338e+06	7.28175e+06	7.31525e+06	7.4205e+06	7.33975e+06	
7.14625e+06	7.2125e+06	7.1155e+06	7.2705e+06	7.25025e+06	
7.2175e+06	7.18675e+06	7.2875e+06	7.08275e+06	7.12375e+06	
7.123e+06	7.13125e+06	7.11175e+06	7.20925e+06	7.13425e+06	
7.08525e+06	7.1685e+06	7.19425e+06	7.16325e+06	7.2245e+06	
7.03725e+06	7.0765e+06	7.0965e+06	7.12925e+06	7.05125e+06	
6.99075e+06	7.0745e+06	7.09025e+06	7.0505e+06	6.995e+06	
7.004e+06	7.113e+06	7.007e+06	7.0185e+06	7.03725e+06	
7.04375e+06	7.07125e+06	6.95475e+06	7.0675e+06	7.00775e+06	
6.85825e+06	6.94025e+06	7.0675e+06	7.05625e+06	6.93275e+06	
7.026e+06	6.9535e+06	7.04425e+06	7.067e+06	7.04425e+06	
6.98625e+06	6.966e+06	7.0285e+06	7.02475e+06	7.00325e+06	
6.9675e+06	7.00325e+06	6.95925e+06	6.9485e+06	7.01075e+06	
6.86025e+06	6.95725e+06	6.99825e+06	6.992e+06	7.007e+06	
6.9845e+06	6.9535e+06	6.978e+06	6.96475e+06	7.0065e+06	
6.99e+06	6.87025e+06	6.81875e+06	6.91575e+06	6.82125e+06	
6.80475e+06	6.8755e+06	6.87675e+06	6.8545e+06	6.85775e+06	
6.7475e+06	6.849e+06	6.77525e+06	6.8225e+06	6.85275e+06	
6.72675e+06	6.68575e+06	6.801e+06	6.6995e+06	6.871e+06	
6.71975e+06	6.77075e+06	6.82625e+06	6.7525e+06	6.6915e+06	
6.66675e+06	6.6775e+06	6.64925e+06	6.70525e+06	6.68575e+06	
6.607e+06	6.62075e+06	6.576e+06	6.636e+06	6.6095e+06	
6.552e+06	6.54575e+06	6.6315e+06	6.52e+06	6.622e+06	
6.51e+06	6.5855e+06	6.51175e+06	6.55475e+06	6.556e+06	
6.5685e+06	6.55725e+06	6.493e+06	6.43125e+06	6.5465e+06	
6.411e+06	6.56475e+06	6.503e+06	6.552e+06	6.4405e+06	
6.43375e+06	6.45825e+06	6.38075e+06	6.491e+06	6.387e+06	
6.317e+06	6.3365e+06	6.3795e+06	6.41525e+06	6.377e+06	
6.317e+06	6.33725e+06	6.32725e+06	6.336e+06	6.3215e+06	
6.193e+06	6.31075e+06	6.27225e+06	6.35225e+06	6.2875e+06	
6.22875e+06	6.331e+06	6.35675e+06	6.297e+06	6.256e+06	
6.28925e+06	6.38325e+06	6.346e+06	6.314e+06	6.3215e+06	
6.295e+06	6.28875e+06	6.35925e+06	6.295e+06	6.251e+06	
6.32275e+06	6.37825e+06	6.44e+06	6.3865e+06	6.3895e+06	
6.28e+06	6.2855e+06	6.3965e+06	6.31775e+06	6.3865e+06	
6.164e+06	6.21125e+06	6.32025e+06	6.28625e+06	6.2485e+06	
6.3115e+06	6.278e+06	6.2755e+06	6.358e+06	6.3655e+06	
6.2755e+06	6.285e+06	6.31775e+06	6.273e+06	6.3165e+06	
6.38375e+06	6.32475e+06	6.30125e+06	6.39275e+06	6.334e+06	
6.341e+06	6.317e+06	6.3195e+06	6.317e+06	6.38125e+06	
6.2615e+06	6.3025e+06	6.32075e+06	6.36175e+06	6.28e+06	
6.29375e+06	6.239e+06	6.414e+06	6.27175e+06	6.24525e+06	
6.24775e+06	6.26025e+06	6.263e+06	6.2515e+06	6.242e+06	
6.171e+06	6.2445e+06	6.242e+06	6.24575e+06	6.1665e+06	
6.16825e+06	6.1815e+06	6.222e+06	6.203e+06	6.2515e+06	
6.077e+06	6.191e+06	6.0725e+06	6.077e+06	6.06e+06	
5.937e+06	5.96225e+06	5.99325e+06	5.9975e+06	5.99575e+06	
5.774e+06	5.84825e+06	5.741e+06	5.78075e+06	5.75125e+06	
5.564e+06	5.629e+06	5.56225e+06	5.593e+06	5.595e+06	
5.37e+06	5.42725e+06	5.38075e+06	5.48225e+06	5.39025e+06	
5.37375e+06	5.3915e+06	5.46075e+06	5.40275e+06	5.39275e+06	
5.49025e+06	5.47775e+06	5.45375e+06	5.55975e+06	5.498e+06	
5.6075e+06	5.62575e+06	5.56975e+06	5.61e+06	5.6025e+06	
5.731e+06	5.661e+06	5.73475e+06	5.7065e+06	5.70575e+06	
5.823e+06	5.8475e+06	5.85575e+06	5.86775e+06	5.91375e+06	
5.91575e+06	5.82125e+06	5.91e+06	5.91875e+06	5.8495e+06	
5.9055e+06	5.8715e+06	5.915e+06	5.97925e+06	5.961e+06	
5.973e+06	5.96975e+06	5.96925e+06	5.944e+06	5.95525e+06	
5.96925e+06	6.00275e+06	6.0265e+06	6.02775e+06	5.954e+06	
5.96725e+06	5.9875e+06	6e+06	5.9875e+06	6.0165e+06	
5.95975e+06	5.963e+06	6.0575e+06	5.9925e+06	6.00325e+06	
6.029e+06	6.03725e+06	6.03725e+06	6.04175e+06	6.01775e+06	
5.9945e+06	6.06375e+06	6.0555e+06	6.024e+06	6.08525e+06	
6.04175e+06	6.05375e+06	5.98125e+06	6.01075e+06	6.0065e+06	
5.968e+06	5.997e+06	6.03725e+06	6.05375e+06	5.9775e+06	
6.0185e+06	6.05375e+06	6.0505e+06	6.0335e+06	6.046e+06	
5.985e+06	6.1375e+06	5.985e+06	6.07325e+06	6.0145e+06	
5.9535e+06	6.0575e+06	6.0775e+06	6.0985e+06	6.0895e+06	
6.014e+06	5.973e+06	5.9825e+06	5.95925e+06	6.08075e+06	
5.939e+06	6.024e+06	6.038e+06	6.01975e+06	6.08525e+06	
5.987e+06	5.99575e+06	5.949e+06	5.95025e+06	5.95675e+06	
5.8445e+06	5.961e+06	5.968e+06	5.944e+06	5.932e+06	
5.8805e+06	5.81875e+06	5.9245e+06	5.88975e+06	5.89425e+06	
5.8475e+06	5.9025e+06	5.94525e+06	5.92075e+06	5.8935e+06	
5.9395e+06	5.9395e+06	5.99325e+06	5.966e+06	6.00275e+06	
5.9485e+06	5.92775e+06	5.92575e+06	5.90625e+06	5.932e+06	
5.862e+06	5.89425e+06	5.8835e+06	5.93575e+06	5.8595e+06	
5.8805e+06	5.8885e+06	5.93025e+06	5.9415e+06	5.93275e+06	
5.86025e+06	5.89875e+06	5.92125e+06	5.95475e+06	5.93825e+06	
5.9265e+06	5.9415e+06	5.93525e+06	5.95475e+06	5.91875e+06	
5.859e+06	5.87475e+06	5.9005e+06	5.8425e+06	5.828e+06	
5.84825e+06	5.80675e+06	5.8035e+06	5.86275e+06	5.8395e+06	
5.82625e+06	5.82375e+06	5.80425e+06	5.85525e+06	5.8445e+06	
5.801e+06	5.80725e+06	5.83125e+06	5.84325e+06	5.762e+06	
5.7595e+06	5.8765e+06	5.862e+06	5.8785e+06	5.8515e+06	
5.78025e+06	5.784e+06	5.77075e+06	5.77325e+06	5.8275e+06	
5.7745e+06	5.8345e+06	5.852e+06	5.8475e+06	5.794e+06	
5.7675e+06	5.799e+06	5.82425e+06	5.835e+06	5.75e+06	
5.7575e+06	5.8375e+06	5.84575e+06	5.82375e+06	5.82625e+06	
5.7745e+06	5.7235e+06	5.76125e+06	5.78575e+06	5.80025e+06	
5.74925e+06	5.80675e+06	5.82175e+06	5.7475e+06	5.82125e+06	
5.787e+06	5.779e+06	5.81675e+06	5.724e+06	5.70325e+06	
5.71275e+06	5.72725e+06	5.82425e+06	5.743e+06	5.76325e+06	
5.61825e+06	5.661e+06	5.72025e+06	5.7765e+06	5.7235e+06	
5.63725e+06	5.6845e+06	5.7185e+06	5.7525e+06	5.704e+06	
5.6195e+06	5.678e+06	5.6465e+06	5.68875e+06	5.716e+06	
5.6145e+06	5.60125e+06	5.62525e+06	5.632e+06	5.6605e+06	
5.69075e+06	5.63725e+06	5.61125e+06	5.682e+06	5.63025e+06	
5.62325e+06	5.65725e+06	5.66175e+06	5.6125e+06	5.67175e+06	
5.6265e+06	5.66875e+06	5.69825e+06	5.67e+06	5.59925e+06	
5.68325e+06	5.67425e+06	5.675e+06	5.68125e+06	5.61875e+06	
5.65675e+06	5.661e+06	5.644e+06	5.561e+06	5.65175e+06	
5.6365e+06	5.61375e+06	5.61325e+06	5.6145e+06	5.6415e+06	
5.5665e+06	5.60125e+06	5.588e+06	5.5735e+06	5.588e+06	
5.5275e+06	5.588e+06	5.59e+06	5.5835e+06	5.5785e+06	
5.50675e+06	5.61825e+06	5.54325e+06	5.52375e+06	5.60175e+06	
5.46575e+06	5.491e+06	5.544e+06	5.612e+06	5.53125e+06	
5.61825e+06	5.59675e+06	5.60175e+06	5.5685e+06	5.54525e+06	
5.48025e+06	5.43175e+06	5.549e+06	5.496e+06	5.515e+06	
5.491e+06	5.52875e+06	5.5445e+06	5.53625e+06	5.55025e+06	
5.4915e+06	5.525e+06	5.56525e+06	5.5395e+06	5.47025e+06	
5.4765e+06	5.4285e+06	5.4865e+06	5.455e+06	5.518e+06	
5.428e+06	5.479e+06	5.431e+06	5.4885e+06	5.462e+06	
5.501e+06	5.5425e+06	5.55075e+06	5.48775e+06	5.47325e+06	
5.513e+06	5.43475e+06	5.547e+06	5.5395e+06	5.49725e+06	
5.43875e+06	5.53e+06	5.46825e+06	5.518e+06	5.4885e+06	
5.445e+06	5.48775e+06	5.4915e+06	5.433e+06	5.52e+06	
5.38075e+06	5.42975e+06	5.42475e+06	5.41725e+06	5.4355e+06	
5.377e+06	5.46075e+06	5.3725e+06	5.443e+06	5.50175e+06	
5.40525e+06	5.419e+06	5.40725e+06	5.37825e+06	5.346e+06	
5.3415e+06	5.34475e+06	5.44625e+06	5.4745e+06	5.377e+06	
5.2905e+06	5.33225e+06	5.368e+06	5.33525e+06	5.28675e+06	
5.431e+06	5.3535e+06	5.43675e+06	5.35475e+06	5.35175e+06	
5.307e+06	5.36925e+06	5.368e+06	5.3945e+06	5.32025e+06	
5.25975e+06	5.33475e+06	5.331e+06	5.3655e+06	5.341e+06	
5.312e+06	5.3705e+06	5.34425e+06	5.327e+06	5.35475e+06	
5.22625e+06	5.2875e+06	5.3365e+06	5.28225e+06	5.38325e+06	
5.24575e+06	5.20875e+06	5.33475e+06	5.3e+06	5.24525e+06	
5.19675e+06	5.2325e+06	5.334e+06	5.288e+06	5.36175e+06	
5.247e+06	5.213e+06	5.1935e+06	5.247e+06	5.2515e+06	
5.2055e+06	5.20925e+06	5.20475e+06	5.1865e+06	5.19025e+06	
5.174e+06	5.174e+06	5.22375e+06	5.184e+06	5.17025e+06	
5.1015e+06	5.16775e+06	5.16275e+06	5.16275e+06	5.1835e+06	
5.05675e+06	5.1115e+06	5.11025e+06	5.0235e+06	5.133e+06	
5.1085e+06	5.1255e+06	5.1035e+06	5.15875e+06	5.15625e+06	
5.075e+06	5.08825e+06	5.055e+06	5.12475e+06	5.06375e+06	
5.05675e+06	5.0795e+06	5.0655e+06	5.072e+06	5.1405e+06	
4.91125e+06	5.051e+06	4.992e+06	5.00825e+06	4.961e+06	
4.82675e+06	4.838e+06	4.81975e+06	4.8015e+06	4.81225e+06	
4.50475e+06	4.5085e+06	4.49975e+06	4.54775e+06	4.50225e+06	
4.24e+06	4.25775e+06	4.249e+06	4.32025e+06	4.213e+06	
4.10075e+06	4.10475e+06	4.13675e+06	4.04925e+06	4.0245e+06	
4.094e+06	4.09575e+06	4.11925e+06	4.11475e+06	4.131e+06	
4.11725e+06	4.16575e+06	4.17275e+06	4.1475e+06	4.11725e+06	
4.10725e+06	4.16825e+06	4.15e+06	4.2055e+06	4.10475e+06	
4.14125e+06	4.15125e+06	4.17325e+06	4.135e+06	4.172e+06	
4.237e+06	4.1205e+06	4.16375e+06	4.15825e+06	4.14175e+06	
4.16775e+06	4.25725e+06	4.198e+06	4.2085e+06	4.242e+06	
4.15575e+06	4.2325e+06	4.288e+06	4.19725e+06	4.28175e+06	
4.24525e+06	4.23375e+06	4.2375e+06	4.21625e+06	4.23875e+06	
4.29625e+06	4.252e+06	4.22625e+06	4.2175e+06	4.28475e+06	
4.29875e+06	4.278e+06	4.32775e+06	4.39e+06	4.266e+06	
4.28675e+06	4.397e+06	4.38625e+06	4.39e+06	4.34925e+06	
4.3045e+06	4.32775e+06	4.3555e+06	4.3655e+06	4.3875e+06	
4.38325e+06	4.41275e+06	4.411e+06	4.38125e+06	4.443e+06	
4.443e+06	4.45125e+06	4.414e+06	4.44375e+06	4.38325e+06	
4.40775e+06	4.43225e+06	4.41475e+06	4.443e+06	4.44175e+06	
4.3965e+06	4.3965e+06	4.4715e+06	4.39775e+06	4.3485e+06	
4.4255e+06	4.31375e+06	4.42475e+06	4.339e+06	4.3825e+06	
4.34925e+06	4.3535e+06	4.37175e+06	4.39325e+06	4.3585e+06	
4.273e+06	4.29125e+06	4.3555e+06	4.31625e+06	4.266e+06	
4.28675e+06	4.351e+06	4.32825e+06	4.259e+06	4.29e+06	
4.252e+06	4.23825e+06	4.261e+06	4.29925e+06	4.169e+06	
4.21125e+06	4.2715e+06	4.28925e+06	4.3385e+06	4.2905e+06	
4.2085e+06	4.26975e+06	4.312e+06	4.26225e+06	4.28875e+06	
4.16375e+06	4.225e+06	4.23825e+06	4.22e+06	4.28675e+06	
4.157e+06	4.24325e+06	4.2495e+06	4.29175e+06	4.2585e+06	
4.2055e+06	4.21375e+06	4.31825e+06	4.249e+06	4.23575e+06	
4.2325e+06	4.29925e+06	4.2855e+06	4.329e+06	4.33025e+06	
4.3295e+06	4.39825e+06	4.33975e+06	4.4045e+06	4.3635e+06	
4.2925e+06	4.37175e+06	4.38125e+06	4.3025e+06	4.3535e+06	
4.36175e+06	4.29175e+06	4.3795e+06	4.433e+06	4.399e+06	
4.244e+06	4.35225e+06	4.3415e+06	4.31075e+06	4.28925e+06	
4.266e+06	4.3145e+06	4.25575e+06	4.30825e+06	4.30875e+06	
4.235e+06	4.25325e+06	4.1305e+06	4.27425e+06	4.24575e+06	
4.1625e+06	4.2515e+06	4.1865e+06	4.208e+06	4.1915e+06	
4.18225e+06	4.215e+06	4.191e+06	4.1695e+06	4.203e+06	
4.0825e+06	4.18725e+06	4.1305e+06	4.16125e+06	4.13675e+06	
4.148e+06	4.12175e+06	4.109e+06	4.09325e+06	4.1645e+06	
4.0995e+06	4.06625e+06	4.11775e+06	4.0915e+06	4.114e+06	
4.04975e+06	4.0535e+06	4.03525e+06	4.02075e+06	4.08075e+06	
4.05675e+06	4.005e+06	4.0145e+06	3.97475e+06	3.98175e+06	
4.007e+06	4.01775e+06	3.9995e+06	4.029e+06	3.99e+06	
3.92375e+06	4.02025e+06	3.995e+06	3.99625e+06	4.0505e+06	
4.00825e+06	3.995e+06	4.02725e+06	3.9825e+06	3.88275e+06	
3.87975e+06	4.00375e+06	3.99e+06	3.96475e+06	3.9495e+06	
3.9035e+06	3.893e+06	3.93525e+06	3.922e+06	3.9325e+06	
3.84825e+06	3.97475e+06	3.959e+06	3.915e+06	3.95725e+06	
3.9705e+06	3.9635e+06	3.9925e+06	3.88725e+06	3.90925e+06	
3.898e+06	3.96225e+06	3.9855e+06	3.96225e+06	3.97425e+06	
3.86775e+06	3.905e+06	3.9445e+06	3.922e+06	3.97225e+06	
3.94525e+06	3.9225e+06	3.90675e+06	3.93575e+06	3.95975e+06	
3.925e+06	4.024e+06	3.99175e+06	3.995e+06	3.937e+06	
3.9295e+06	3.9565e+06	3.95475e+06	3.94075e+06	4.00125e+06	
3.92375e+06	4.0025e+06	3.92325e+06	3.96225e+06	3.94275e+06	
3.8545e+06	3.87525e+06	3.89675e+06	3.9785e+06	3.95475e+06	
3.95225e+06	3.84e+06	3.88775e+06	3.8405e+06	3.90425e+06	
3.88275e+06	3.8885e+06	3.925e+06	3.88925e+06	3.8665e+06	
3.91175e+06	3.87475e+06	3.86025e+06	3.944e+06	3.9465e+06	
3.82925e+06	3.90425e+06	3.9365e+06	3.89675e+06	3.7985e+06	
3.9105e+06	3.88475e+06	3.94825e+06	3.89975e+06	3.898e+06	
3.806e+06	3.84575e+06	3.891e+06	3.91625e+06	3.937e+06	
3.838e+06	3.828e+06	3.869e+06	3.87275e+06	3.87525e+06	
3.787e+06	3.797e+06	3.82925e+06	3.84825e+06	3.751e+06	
3.80225e+06	3.82725e+06	3.79025e+06	3.806e+06	3.845e+06	
3.823e+06	3.772e+06	3.838e+06	3.76825e+06	3.78275e+06	
3.78575e+06	3.73975e+06	3.8255e+06	3.79275e+06	3.7945e+06	
3.82175e+06	3.76875e+06	3.77075e+06	3.84175e+06	3.79275e+06	
3.8305e+06	3.81425e+06	3.76425e+06	3.81925e+06	3.767e+06	
3.731e+06	3.80775e+06	3.78275e+06	3.81725e+06	3.82675e+06	
3.74475e+06	3.74725e+06	3.7775e+06	3.787e+06	3.76e+06	
3.729e+06	3.71575e+06	3.775e+06	3.7775e+06	3.8065e+06	
3.68625e+06	3.76425e+06	3.77825e+06	3.81725e+06	3.74725e+06	
3.68175e+06	3.65975e+06	3.72725e+06	3.73525e+06	3.7575e+06	
3.65725e+06	3.7435e+06	3.70825e+06	3.73725e+06	3.748e+06	
3.63525e+06	3.721e+06	3.697e+06	3.6755e+06	3.721e+06	
3.63025e+06	3.782e+06	3.7285e+06	3.71825e+06	3.7065e+06	
3.6565e+06	3.66175e+06	3.6195e+06	3.663e+06	3.644e+06	
3.6515e+06	3.656e+06	3.678e+06	3.6585e+06	3.6705e+06	
3.62075e+06	3.6195e+06	3.66225e+06	3.591e+06	3.68625e+06	
3.55775e+06	3.59675e+06	3.61e+06	3.608e+06	3.637e+06	
3.5325e+06	3.6e+06	3.64325e+06	3.58925e+06	3.634e+06	
3.6365e+06	3.5595e+06	3.54375e+06	3.57275e+06	3.57475e+06	
3.513e+06	3.57975e+06	3.56525e+06	3.59875e+06	3.5665e+06	
3.5395e+06	3.521e+06	3.53375e+06	3.5495e+06	3.51925e+06	
3.5255e+06	3.52875e+06	3.52375e+06	3.51425e+06	3.52625e+06	
3.489e+06	3.487e+06	3.455e+06	3.47075e+06	3.484e+06	
3.43475e+06	3.4115e+06	3.46575e+06	3.426e+06	3.50225e+06	
3.3755e+06	3.366e+06	3.3655e+06	3.407e+06	3.35725e+06	
3.191e+06	3.259e+06	3.24375e+06	3.25775e+06	3.2325e+06	
3.16e+06	3.133e+06	3.1545e+06	3.1595e+06	3.13925e+06	
3.02575e+06	3.0365e+06	3.00625e+06	3.046e+06	3.03225e+06	
2.91425e+06	2.9545e+06	2.91625e+06	2.99425e+06	2.93075e+06	
2.862e+06	2.89025e+06	2.90225e+06	2.884e+06	2.87325e+06	
2.7625e+06	2.794e+06	2.80525e+06	2.777e+06	2.85625e+06	
2.7165e+06	2.7675e+06	2.75425e+06	2.8035e+06	2.787e+06	
2.71525e+06	2.719e+06	2.6875e+06	2.69875e+06	2.71575e+06	
2.639e+06	2.67925e+06	2.63125e+06	2.6995e+06	2.69e+06	
2.67475e+06	2.61675e+06	2.7e+06	2.6655e+06	2.6855e+06	
2.6565e+06	2.6395e+06	2.65025e+06	2.64975e+06	2.6465e+06	
2.695e+06	2.7245e+06	2.6395e+06	2.67425e+06	2.6635e+06	
2.707e+06	2.65475e+06	2.71325e+06	2.71525e+06	2.70625e+06	
2.82925e+06	2.833e+06	2.789e+06	2.81525e+06	2.833e+06	
2.89975e+06	2.8885e+06	2.85075e+06	2.8815e+06	2.85375e+06	
2.94275e+06	2.93e+06	2.92825e+06	2.978e+06	2.9615e+06	
3.0385e+06	3.00325e+06	3.05725e+06	3.08625e+06	3.05425e+06	
3.017e+06	3.041e+06	3.03525e+06	3.0585e+06	3.0605e+06	
3.00625e+06	3.036e+06	2.981e+06	2.98675e+06	3.051e+06	
3.04525e+06	2.99425e+06	2.983e+06	3.03225e+06	3.056e+06	
2.89425e+06	2.96975e+06	2.93575e+06	2.981e+06	2.92125e+06	
2.83875e+06	2.79825e+06	2.88725e+06	2.84125e+06	2.8375e+06	
2.75875e+06	2.79825e+06	2.7625e+06	2.8085e+06	2.79275e+06	
2.80725e+06	2.743e+06	2.811e+06	2.79525e+06	2.7945e+06	
2.775e+06	2.75875e+06	2.758e+06	2.78375e+06	2.75175e+06	
2.7485e+06	2.71825e+06	2.75675e+06	2.72525e+06	2.799e+06	
2.736e+06	2.73225e+06	2.70875e+06	2.74225e+06	2.7655e+06	
2.71525e+06	2.76375e+06	2.72975e+06	2.7435e+06	2.751e+06	
2.7e+06	2.7435e+06	2.75475e+06	2.741e+06	2.74175e+06	
2.7195e+06	2.7315e+06	2.74225e+06	2.7075e+06	2.7025e+06	
2.777e+06	2.743e+06	2.76675e+06	2.76e+06	2.7745e+06	
2.72775e+06	2.76875e+06	2.763e+06	2.80775e+06	2.78625e+06	
2.7385e+06	2.73775e+06	2.7725e+06	2.72525e+06	2.748e+06	
2.7285e+06	2.70375e+06	2.70825e+06	2.724e+06	2.72525e+06	
2.65275e+06	2.7165e+06	2.68175e+06	2.74225e+06	2.746e+06	
2.71525e+06	2.71325e+06	2.74425e+06	2.71075e+06	2.7315e+06	
2.67675e+06	2.7165e+06	2.731e+06	2.76875e+06	2.743e+06	
2.7e+06	2.7095e+06	2.6905e+06	2.7575e+06	2.7575e+06	
2.64325e+06	2.695e+06	2.758e+06	2.695e+06	2.68675e+06	
2.6875e+06	2.7025e+06	2.70825e+06	2.74225e+06	2.734e+06	
2.751e+06	2.76925e+06	2.7115e+06	2.77575e+06	2.66975e+06	
2.722e+06	2.7705e+06	2.71775e+06	2.71775e+06	2.736e+06	
2.6905e+06	2.7145e+06	2.67725e+06	2.70325e+06	2.7485e+06	
2.67225e+06	2.72975e+06	2.693e+06	2.71575e+06	2.76125e+06	
2.712e+06	2.71325e+06	2.695e+06	2.71325e+06	2.72025e+06	
2.67475e+06	2.75675e+06	2.72025e+06	2.77e+06	2.73725e+06	
2.7335e+06	2.77e+06	2.77e+06	2.73725e+06	2.734e+06	
2.81975e+06	2.7575e+06	2.8255e+06	2.797e+06	2.7705e+06	
2.82425e+06	2.87975e+06	2.869e+06	2.82225e+06	2.79575e+06	
2.814e+06	2.87275e+06	2.8595e+06	2.8625e+06	2.7965e+06	
2.8835e+06	2.86775e+06	2.86575e+06	2.906e+06	2.88475e+06	
2.9295e+06	2.91625e+06	2.92375e+06	2.92e+06	2.9105e+06	
2.89425e+06	2.87575e+06	2.954e+06	2.95725e+06	2.915e+06	
2.9205e+06	2.94825e+06	2.983e+06	2.96475e+06	2.88225e+06	
3.015e+06	2.95725e+06	2.966e+06	2.9585e+06	2.98625e+06	
2.9225e+06	2.952e+06	2.925e+06	2.92125e+06	2.947e+06	
2.93375e+06	2.89475e+06	2.90475e+06	2.98875e+06	2.913e+06	
2.9565e+06	2.91375e+06	2.9565e+06	3.0045e+06	2.9345e+06	
2.9295e+06	2.87275e+06	2.961e+06	2.96025e+06	2.903e+06	
2.93625e+06	2.87575e+06	2.91925e+06	2.908e+06	2.8915e+06	
2.83875e+06	2.838e+06	2.8915e+06	2.87825e+06	2.87325e+06	
2.867e+06	2.84875e+06	2.9105e+06	2.937e+06	2.85375e+06	
2.8985e+06	2.9085e+06	2.90475e+06	2.8745e+06	2.89475e+06	
2.92125e+06	2.9005e+06	2.94325e+06	2.918e+06	2.91675e+06	
2.98425e+06	2.89725e+06	2.8985e+06	2.8865e+06	2.93e+06	
2.92125e+06	2.92375e+06	2.95025e+06	2.8985e+06	2.86575e+06	
2.82975e+06	2.881e+06	2.88275e+06	2.8835e+06	2.86825e+06	
2.84825e+06	2.86075e+06	2.88275e+06	2.884e+06	2.8665e+06	
2.886e+06	2.88275e+06	2.8915e+06	2.91175e+06	2.84675e+06	
2.87075e+06	2.8715e+06	2.90475e+06	2.862e+06	2.835e+06	
2.906e+06	2.88475e+06	2.87025e+06	2.87325e+06	2.89475e+06	
2.88275e+06	2.87075e+06	2.91675e+06	2.85575e+06	2.89475e+06	
2.91625e+06	2.85575e+06	2.85e+06	2.87575e+06	2.838e+06	
2.87075e+06	2.85125e+06	2.84175e+06	2.89475e+06	2.884e+06	
2.8305e+06	2.87825e+06	2.83375e+06	2.8185e+06	2.86525e+06	
2.81025e+06	2.81475e+06	2.85125e+06	2.862e+06	2.898e+06	
2.87275e+06	2.862e+06	2.8405e+06	2.84175e+06	2.898e+06	
2.85075e+06	2.82925e+06	2.85375e+06	2.89225e+06	2.8455e+06	
2.8205e+06	2.82675e+06	2.82475e+06	2.84875e+06	2.9125e+06	
2.84175e+06	2.8495e+06	2.85575e+06	2.896e+06	2.8865e+06	
2.87075e+06	2.85875e+06	2.90475e+06	2.952e+06	2.889e+06	
2.86775e+06	2.85375e+06	2.8985e+06	2.845e+06	2.874e+06	
2.8745e+06	2.85e+06	2.90225e+06	2.92575e+06	2.862e+06	
2.86325e+06	2.85625e+06	2.88525e+06	2.8935e+06	2.8815e+06	
2.8955e+06	2.8475e+06	2.87075e+06	2.83175e+06	2.86825e+06	
2.83425e+06	2.891e+06	2.8815e+06	2.8455e+06	2.804e+06	
2.79325e+06	2.843e+06	2.8255e+06	2.82225e+06	2.84825e+06	
2.87025e+06	2.845e+06	2.8625e+06	2.85125e+06	2.85125e+06	
2.87325e+06	2.8835e+06	2.845e+06	2.8455e+06	2.84425e+06	
2.87275e+06	2.85125e+06	2.833e+06	2.855e+06	2.8455e+06	
2.83225e+06	2.85825e+06	2.81025e+06	2.8115e+06	2.8665e+06	
2.838e+06	2.8595e+06	2.867e+06	2.85875e+06	2.84825e+06	
2.84e+06	2.85875e+06	2.8525e+06	2.83175e+06	2.8455e+06	
2.78e+06	2.896e+06	2.84e+06	2.84425e+06	2.8475e+06	
2.81725e+06	2.8695e+06	2.89725e+06	2.8915e+06	2.80525e+06	
2.719e+06	2.8255e+06	2.794e+06	2.83875e+06	2.79275e+06	
2.8355e+06	2.787e+06	2.835e+06	2.76875e+06	2.83925e+06	
2.80725e+06	2.75475e+06	2.816e+06	2.826e+06	2.80275e+06	
2.80525e+06	2.80525e+06	2.85125e+06	2.7945e+06	2.83625e+06	
2.75925e+06	2.7555e+06	2.82475e+06	2.81275e+06	2.79775e+06	
2.75925e+06	2.77625e+06	2.73025e+06	2.7825e+06	2.77875e+06	
2.8115e+06	2.739e+06	2.81725e+06	2.768e+06	2.73025e+06	
2.76925e+06	2.74725e+06	2.80775e+06	2.80525e+06	2.7385e+06	
2.73975e+06	2.785e+06	2.74725e+06	2.7455e+06	2.74475e+06	
2.734e+06	2.7385e+06	2.753e+06	2.74725e+06	2.765e+06	
2.719e+06	2.734e+06	2.7385e+06	2.7385e+06	2.7315e+06	
2.74925e+06	2.71025e+06	2.75425e+06	2.741e+06	2.751e+06	
2.69875e+06	2.722e+06	2.707e+06	2.79275e+06	2.714e+06	
2.69825e+06	2.7385e+06	2.72975e+06	2.73725e+06	2.71075e+06	
2.69875e+06	2.724e+06	2.722e+06	2.702e+06	2.71825e+06	
2.73525e+06	2.69625e+06	2.66975e+06	2.7265e+06	2.69625e+06	
2.7e+06	2.70825e+06	2.734e+06	2.7265e+06	2.772e+06	
2.68875e+06	2.69175e+06	2.7095e+06	2.72975e+06	2.69625e+06	
2.671e+06	2.6875e+06	2.70575e+06	2.71075e+06	2.758e+06	
2.68625e+06	2.651e+06	2.68175e+06	2.6855e+06	2.70625e+06	
2.69175e+06	2.69875e+06	2.7245e+06	2.729e+06	2.743e+06	
2.62375e+06	2.69125e+06	2.6635e+06	2.6585e+06	2.69375e+06	
2.676e+06	2.6905e+06	2.66275e+06	2.68675e+06	2.671e+06	
2.671e+06	2.7045e+06	2.63325e+06	2.6535e+06	2.70575e+06	
2.613e+06	2.637e+06	2.67925e+06	2.63325e+06	2.69625e+06	
2.62875e+06	2.6535e+06	2.644e+06	2.66725e+06	2.683e+06	
2.639e+06	2.627e+06	2.64575e+06	2.574e+06	2.65475e+06	
2.63325e+06	2.66975e+06	2.62825e+06	2.65525e+06	2.67725e+06	
2.53125e+06	2.6465e+06	2.67475e+06	2.647e+06	2.6585e+06	
2.57275e+06	2.59725e+06	2.5835e+06	2.64325e+06	2.59675e+06	
2.61875e+06	2.54875e+06	2.63775e+06	2.65275e+06	2.59675e+06	
2.5645e+06	2.6175e+06	2.5715e+06	2.57975e+06	2.605e+06	
2.56525e+06	2.6465e+06	2.622e+06	2.5715e+06	2.562e+06	
2.49025e+06	2.542e+06	2.56825e+06	2.5305e+06	2.55375e+06	
2.43925e+06	2.4405e+06	2.45125e+06	2.424e+06	2.47e+06	
2.21675e+06	2.27225e+06	2.269e+06	2.2565e+06	2.22925e+06	
1.96775e+06	1.92375e+06	1.9835e+06	1.93875e+06	1.925e+06	
1.62375e+06	1.64325e+06	1.6445e+06	1.6685e+06	1.673e+06	
1.4215e+06	1.40575e+06	1.414e+06	1.4365e+06	1.4e+06	
1.2645e+06	1.255e+06	1.23925e+06	1.27725e+06	1.25375e+06	
1.17e+06	1.1675e+06	1.1895e+06	1.17075e+06	1.1775e+06	
1.213e+06	1.2235e+06	1.21975e+06	1.211e+06	1.2065e+06	
1.298e+06	1.313e+06	1.28475e+06	1.33825e+06	1.31125e+06	
1.38875e+06	1.38675e+06	1.3825e+06	1.43275e+06	1.38175e+06	
1.446e+06	1.458e+06	1.485e+06	1.44725e+06	1.426e+06	
1.45425e+06	1.46425e+06	1.439e+06	1.4385e+06	1.424e+06	
1.429e+06	1.42475e+06	1.424e+06	1.451e+06	1.41575e+06	
1.45675e+06	1.443e+06	1.42725e+06	1.448e+06	1.42025e+06	
1.424e+06	1.41775e+06	1.41825e+06	1.45225e+06	1.4315e+06	
1.441e+06	1.40825e+06	1.4745e+06	1.4405e+06	1.48e+06	
1.48575e+06	1.472e+06	1.48825e+06	1.504e+06	1.49325e+06	
1.5425e+06	1.5525e+06	1.5375e+06	1.543e+06	1.5595e+06	
1.598e+06	1.60475e+06	1.5715e+06	1.5745e+06	1.58725e+06	
1.6585e+06	1.6515e+06	1.64025e+06	1.6585e+06	1.66725e+06	
1.6755e+06	1.73725e+06	1.74525e+06	1.73725e+06	1.75675e+06	
1.8065e+06	1.77425e+06	1.81275e+06	1.7725e+06	1.8015e+06	
1.84125e+06	1.85e+06	1.865e+06	1.86125e+06	1.886e+06	
1.9395e+06	1.9085e+06	1.935e+06	1.97275e+06	1.95025e+06	
2.0215e+06	2.034e+06	2.02075e+06	2.0125e+06	2.012e+06	
2.03975e+06	2.03775e+06	2.114e+06	2.06425e+06	2.08175e+06	
2.12525e+06	2.1385e+06	2.126e+06	2.15625e+06	2.07625e+06	
2.1595e+06	2.15625e+06	2.17525e+06	2.17325e+06	2.1865e+06	
2.19475e+06	2.204e+06	2.22125e+06	2.24625e+06	2.17575e+06	
2.252e+06	2.2545e+06	2.2325e+06	2.23125e+06	2.184e+06	
2.213e+06	2.27775e+06	2.1795e+06	2.276e+06	2.26325e+06	
2.237e+06	2.25e+06	2.24875e+06	2.26025e+06	2.25e+06	
2.2515e+06	2.2375e+06	2.23175e+06	2.2685e+06	2.25775e+06	
2.235e+06	2.288e+06	2.2105e+06	2.26575e+06	2.2645e+06	
2.3005e+06	2.283e+06	2.30925e+06	2.23425e+06	2.259e+06	
2.31625e+06	2.27275e+06	2.3005e+06	2.281e+06	2.2975e+06	
2.27025e+06	2.29425e+06	2.31375e+06	2.28675e+06	2.25775e+06	
2.296e+06	2.2715e+06	2.3005e+06	2.27725e+06	2.2715e+06	
2.30675e+06	2.2565e+06	2.276e+06	2.27475e+06	2.27775e+06	
2.28025e+06	2.274e+06	2.233e+06	2.26775e+06	2.26575e+06	
2.2255e+06	2.225e+06	2.2515e+06	2.2495e+06	2.22875e+06	
2.22375e+06	2.27475e+06	2.26975e+06	2.26325e+06	2.20975e+06	
2.218e+06	2.237e+06	2.23875e+06	2.27275e+06	2.23825e+06	
2.20025e+06	2.286e+06	2.2685e+06	2.23375e+06	2.2275e+06	
2.24375e+06	2.2495e+06	2.2255e+06	2.24875e+06	2.2255e+06	
2.189e+06	2.25775e+06	2.26725e+06	2.23875e+06	2.20275e+06	
2.25325e+06	2.2375e+06	2.201e+06	2.19525e+06	2.2185e+06	
2.2055e+06	2.16325e+06	2.223e+06	2.2085e+06	2.20925e+06	
2.218e+06	2.213e+06	2.22925e+06	2.16375e+06	2.1745e+06	
2.19025e+06	2.201e+06	2.223e+06	2.1725e+06	2.17e+06	
2.153e+06	2.162e+06	2.206e+06	2.204e+06	2.17375e+06	
2.1575e+06	2.172e+06	2.2015e+06	2.233e+06	2.21425e+06	
2.2155e+06	2.21675e+06	2.18275e+06	2.179e+06	2.17825e+06	
2.204e+06	2.22925e+06	2.18975e+06	2.18325e+06	2.18575e+06	
2.12225e+06	2.16625e+06	2.199e+06	2.194e+06	2.189e+06	
2.16e+06	2.21975e+06	2.17525e+06	2.18975e+06	2.17825e+06	
2.15375e+06	2.20225e+06	2.20475e+06	2.15625e+06	2.18825e+06	
2.1285e+06	2.162e+06	2.2015e+06	2.14175e+06	2.116e+06	
2.1795e+06	2.158e+06	2.1695e+06	2.14875e+06	2.16875e+06	
2.12225e+06	2.138e+06	2.17075e+06	2.1695e+06	2.19475e+06	
2.1335e+06	2.1455e+06	2.13225e+06	2.18325e+06	2.14625e+06	
2.119e+06	2.13925e+06	2.099e+06	2.12525e+06	2.12975e+06	
2.13675e+06	2.12525e+06	2.153e+06	2.15425e+06	2.1065e+06	
2.12925e+06	2.1095e+06	2.158e+06	2.17575e+06	2.13175e+06	
2.15e+06	2.1095e+06	2.17375e+06	2.1595e+06	2.1165e+06	
2.13175e+06	2.14225e+06	2.15125e+06	2.0945e+06	2.11275e+06	
2.061e+06	2.1215e+06	2.10275e+06	2.073e+06	2.11975e+06	
2.10775e+06	2.131e+06	2.14225e+06	2.10775e+06	2.08625e+06	
2.12925e+06	2.097e+06	2.10825e+06	2.078e+06	2.12025e+06	
2.08825e+06	2.13475e+06	2.14925e+06	2.099e+06	2.11025e+06	
2.075e+06	2.0895e+06	2.1015e+06	2.097e+06	2.097e+06	
2.1115e+06	2.11525e+06	2.1185e+06	2.1065e+06	2.1135e+06	
2.09075e+06	2.06225e+06	2.09075e+06	2.1525e+06	2.1165e+06	
2.104e+06	2.087e+06	2.104e+06	2.12775e+06	2.116e+06	
2.061e+06	2.102e+06	2.07125e+06	2.05975e+06	2.10075e+06	
2.06675e+06	2.10075e+06	2.095e+06	2.0515e+06	2.0945e+06	
2.046e+06	2.015e+06	2.07625e+06	2.05225e+06	2.061e+06	
2.0635e+06	2.0705e+06	2.08875e+06	2.09575e+06	2.041e+06	
2.08125e+06	2.063e+06	2.066e+06	2.06175e+06	2.051e+06	
2.03975e+06	2.0705e+06	2.09375e+06	2.04525e+06	2.07125e+06	
2.0895e+06	2.05725e+06	2.06175e+06	2.09825e+06	2.06925e+06	
2.0725e+06	2.095e+06	2.04975e+06	2.078e+06	2.075e+06	
2.0485e+06	2.03975e+06	2.05225e+06	2.04725e+06	2.066e+06	
2.051e+06	2.04725e+06	2.104e+06	2.00875e+06	2.05475e+06	
2.0365e+06	2.0435e+06	2.0485e+06	2.07625e+06	2.09375e+06	
2.03525e+06	2.03775e+06	2.058e+06	2.02825e+06	2.02e+06	
2.00125e+06	2.01875e+06	2.04775e+06	2.03975e+06	1.99625e+06	
1.983e+06	2.03025e+06	2.034e+06	1.99875e+06	2.017e+06	
2.0005e+06	2.01125e+06	2.03325e+06	2.00125e+06	2.00875e+06	
1.947e+06	1.959e+06	1.9715e+06	2.0145e+06	1.9955e+06	
2.01075e+06	1.983e+06	2.02075e+06	1.98675e+06	1.97025e+06	
1.96475e+06	1.95575e+06	1.99425e+06	2.005e+06	1.97475e+06	
1.9905e+06	1.974e+06	1.9735e+06	1.9925e+06	1.961e+06	
1.95775e+06	1.97975e+06	1.96275e+06	1.937e+06	1.95575e+06	
1.9375e+06	1.9495e+06	1.942e+06	1.94575e+06	1.91875e+06	
1.91625e+06	1.94775e+06	1.96275e+06	1.96975e+06	1.94125e+06	
1.95275e+06	1.9295e+06	1.96225e+06	1.92875e+06	1.94e+06	
1.9465e+06	1.87775e+06	1.9635e+06	1.9905e+06	1.9155e+06	
1.93e+06	1.91625e+06	1.915e+06	1.915e+06	1.874e+06	
1.882e+06	1.949e+06	1.90225e+06	1.89025e+06	1.9295e+06	
1.9105e+06	1.90475e+06	1.891e+06	1.915e+06	1.9255e+06	
1.88075e+06	1.8795e+06	1.91225e+06	1.8525e+06	1.88475e+06	
1.87025e+06	1.845e+06	1.87525e+06	1.9225e+06	1.908e+06	
1.87325e+06	1.9105e+06	1.838e+06	1.8835e+06	1.87075e+06	
1.87075e+06	1.85e+06	1.8935e+06	1.87525e+06	1.862e+06	
1.8475e+06	1.862e+06	1.855e+06	1.891e+06	1.84125e+06	
1.84375e+06	1.87075e+06	1.8835e+06	1.8335e+06	1.82025e+06	
1.836e+06	1.8625e+06	1.855e+06	1.8455e+06	1.826e+06	
1.87525e+06	1.85375e+06	1.836e+06	1.86125e+06	1.8335e+06	
1.802e+06	1.80325e+06	1.8475e+06	1.8575e+06	1.8405e+06	
1.8335e+06	1.82025e+06	1.884e+06	1.8575e+06	1.8505e+06	
1.82025e+06	1.826e+06	1.81725e+06	1.82425e+06	1.8625e+06	
1.8215e+06	1.84375e+06	1.83475e+06	1.84125e+06	1.8255e+06	
1.83875e+06	1.799e+06	1.8355e+06	1.80025e+06	1.843e+06	
1.816e+06	1.83425e+06	1.79825e+06	1.83225e+06	1.82975e+06	
1.77125e+06	1.8285e+06	1.814e+06	1.8375e+06	1.81225e+06	
1.80075e+06	1.838e+06	1.7895e+06	1.7875e+06	1.77175e+06	
1.75725e+06	1.7775e+06	1.80725e+06	1.77625e+06	1.79075e+06	
1.77625e+06	1.799e+06	1.73775e+06	1.7795e+06	1.76675e+06	
1.79525e+06	1.79525e+06	1.7725e+06	1.7895e+06	1.79075e+06	
1.79275e+06	1.81775e+06	1.7915e+06	1.79075e+06	1.797e+06	
1.7915e+06	1.787e+06	1.80075e+06	1.80325e+06	1.80325e+06	
1.78575e+06	1.782e+06	1.78075e+06	1.8015e+06	1.82425e+06	
1.727e+06	1.775e+06	1.7535e+06	1.787e+06	1.77825e+06	
1.7365e+06	1.7605e+06	1.77175e+06	1.797e+06	1.74225e+06	
1.7605e+06	1.76675e+06	1.756e+06	1.75975e+06	1.77825e+06	
1.731e+06	1.75925e+06	1.74975e+06	1.77375e+06	1.76375e+06	
1.71575e+06	1.729e+06	1.71575e+06	1.75475e+06	1.75475e+06	
1.76675e+06	1.7125e+06	1.751e+06	1.71375e+06	1.71825e+06	
1.69375e+06	1.71575e+06	1.685e+06	1.773e+06	1.71525e+06	
1.71075e+06	1.73025e+06	1.73975e+06	1.75175e+06	1.6855e+06	
1.702e+06	1.69375e+06	1.7025e+06	1.7195e+06	1.70325e+06	
1.683e+06	1.67475e+06	1.69925e+06	1.685e+06	1.69125e+06	
1.66475e+06	1.6705e+06	1.7095e+06	1.71525e+06	1.7195e+06	
1.69625e+06	1.66775e+06	1.70325e+06	1.7195e+06	1.66025e+06	
1.65775e+06	1.664e+06	1.661e+06	1.67975e+06	1.698e+06	
1.6635e+06	1.6925e+06	1.69925e+06	1.671e+06	1.66025e+06	
1.6905e+06	1.65275e+06	1.63825e+06	1.649e+06	1.67475e+06	
1.66025e+06	1.644e+06	1.65475e+06	1.6805e+06	1.637e+06	
1.63575e+06	1.67425e+06	1.6465e+06	1.661e+06	1.6615e+06	
1.63e+06	1.65475e+06	1.6245e+06	1.66025e+06	1.64775e+06	
1.64325e+06	1.61e+06	1.627e+06	1.66225e+06	1.63125e+06	
1.65025e+06	1.625e+06	1.63825e+06	1.59425e+06	1.601e+06	
1.59725e+06	1.62825e+06	1.64275e+06	1.6565e+06	1.6565e+06	
1.64825e+06	1.65725e+06	1.63325e+06	1.6585e+06	1.627e+06	
1.635e+06	1.6125e+06	1.66775e+06	1.62875e+06	1.6415e+06	
1.603e+06	1.62125e+06	1.61625e+06	1.61125e+06	1.62325e+06	
1.58725e+06	1.60725e+06	1.647e+06	1.63625e+06	1.65975e+06	
1.62875e+06	1.5915e+06	1.63375e+06	1.613e+06	1.66475e+06	
1.6155e+06	1.601e+06	1.6205e+06	1.60425e+06	1.625e+06	
1.591e+06	1.5835e+06	1.60725e+06	1.59425e+06	1.61425e+06	
1.6105e+06	1.6155e+06	1.593e+06	1.6245e+06	1.60675e+06	
1.58975e+06	1.601e+06	1.5935e+06	1.637e+06	1.586e+06	
1.5915e+06	1.586e+06	1.56125e+06	1.5915e+06	1.58225e+06	
1.6005e+06	1.60675e+06	1.593e+06	1.57725e+06	1.6035e+06	
1.5765e+06	1.53875e+06	1.57725e+06	1.543e+06	1.55325e+06	
1.5815e+06	1.57775e+06	1.54375e+06	1.557e+06	1.5695e+06	
1.57725e+06	1.5425e+06	1.55625e+06	1.5495e+06	1.56e+06	
1.5205e+06	1.579e+06	1.53675e+06	1.523e+06	1.54825e+06	
1.555e+06	1.53425e+06	1.55e+06	1.5545e+06	1.5285e+06	
1.514e+06	1.52675e+06	1.523e+06	1.5665e+06	1.516e+06	
1.57725e+06	1.51725e+06	1.51925e+06	1.57975e+06	1.5205e+06	
1.5015e+06	1.5185e+06	1.5455e+06	1.5255e+06	1.516e+06	
1.477e+06	1.51275e+06	1.51675e+06	1.5185e+06	1.50975e+06	
1.472e+06	1.5305e+06	1.53125e+06	1.518e+06	1.499e+06	
1.46375e+06	1.49275e+06	1.48825e+06	1.49275e+06	1.528e+06	
1.489e+06	1.49075e+06	1.4675e+06	1.48775e+06	1.46175e+06	
1.46875e+06	1.47125e+06	1.46925e+06	1.472e+06	1.47375e+06	
1.44175e+06	1.4405e+06	1.43975e+06	1.46125e+06	1.448e+06	
1.419e+06	1.43525e+06	1.43725e+06	1.41025e+06	1.441e+06	
1.3945e+06	1.385e+06	1.37675e+06	1.41025e+06	1.39875e+06	
1.393e+06	1.388e+06	1.42525e+06	1.38625e+06	1.38875e+06	
1.37425e+06	1.349e+06	1.35225e+06	1.39375e+06	1.3905e+06	
1.327e+06	1.36425e+06	1.36475e+06	1.32125e+06	1.33e+06	
1.313e+06	1.33275e+06	1.3245e+06	1.34775e+06	1.3415e+06	
1.3005e+06	1.3125e+06	1.332e+06	1.34275e+06	1.322e+06	
1.2545e+06	1.31625e+06	1.28725e+06	1.317e+06	1.288e+06	
1.269e+06	1.308e+06	1.2985e+06	1.32575e+06	1.28975e+06	
1.305e+06	1.284e+06	1.28725e+06	1.29925e+06	1.28475e+06	
1.255e+06	1.271e+06	1.26825e+06	1.262e+06	1.264e+06	
1.2425e+06	1.27975e+06	1.262e+06	1.23925e+06	1.247e+06	
1.25825e+06	1.27275e+06	1.2985e+06	1.28225e+06	1.2565e+06	
1.2695e+06	1.245e+06	1.27275e+06	1.28675e+06	1.26325e+06	
1.24575e+06	1.26325e+06	1.242e+06	1.233e+06	1.2695e+06	
1.2525e+06	1.25125e+06	1.22625e+06	1.26325e+06	1.23675e+06	
1.27775e+06	1.25575e+06	1.24575e+06	1.23175e+06	1.26075e+06	
1.27025e+06	1.259e+06	1.2765e+06	1.26075e+06	1.238e+06	
1.29225e+06	1.26775e+06	1.2525e+06	1.2495e+06	1.25775e+06	
1.26275e+06	1.27775e+06	1.26075e+06	1.298e+06	1.28725e+06	
1.255e+06	1.25325e+06	1.26325e+06	1.2615e+06	1.2595e+06	
1.2525e+06	1.288e+06	1.2325e+06	1.30625e+06	1.27525e+06	
1.26025e+06	1.262e+06	1.28725e+06	1.27025e+06	1.26525e+06	
1.291e+06	1.30675e+06	1.2765e+06	1.2985e+06	1.3155e+06	
1.3155e+06	1.30675e+06	1.33075e+06	1.308e+06	1.344e+06	
1.30175e+06	1.313e+06	1.33325e+06	1.296e+06	1.29475e+06	
1.3155e+06	1.34575e+06	1.33075e+06	1.308e+06	1.32575e+06	
1.3155e+06	1.27975e+06	1.27975e+06	1.288e+06	1.317e+06	
1.269e+06	1.26325e+06	1.305e+06	1.255e+06	1.2815e+06	
1.23625e+06	1.22675e+06	1.2185e+06	1.235e+06	1.2325e+06	
1.18525e+06	1.19975e+06	1.177e+06	1.19975e+06	1.20775e+06	
1.19725e+06	1.1605e+06	1.163e+06	1.17325e+06	1.153e+06	
1.16175e+06	1.17125e+06	1.18775e+06	1.163e+06	1.19025e+06	
1.19025e+06	1.1745e+06	1.2205e+06	1.1795e+06	1.21925e+06	
1.228e+06	1.228e+06	1.20275e+06	1.2035e+06	1.23875e+06	
1.2375e+06	1.221e+06	1.24375e+06	1.24625e+06	1.26025e+06	
1.23375e+06	1.26325e+06	1.27725e+06	1.276e+06	1.29225e+06	
1.279e+06	1.26825e+06	1.235e+06	1.291e+06	1.2715e+06	
1.28025e+06	1.2615e+06	1.25375e+06	1.2565e+06	1.27475e+06	
1.284e+06	1.26775e+06	1.24875e+06	1.2595e+06	1.26575e+06	
1.27525e+06	1.25325e+06	1.26325e+06	1.26575e+06	1.26275e+06	
1.247e+06	1.2715e+06	1.267e+06	1.27525e+06	1.2785e+06	
1.2695e+06	1.26775e+06	1.27525e+06	1.2905e+06	1.281e+06	
1.255e+06	1.27725e+06	1.262e+06	1.281e+06	1.27725e+06	
1.2595e+06	1.2425e+06	1.2735e+06	1.22925e+06	1.25e+06	
1.23375e+06	1.2275e+06	1.2275e+06	1.24e+06	1.2525e+06	
1.23925e+06	1.218e+06	1.2065e+06	1.211e+06	1.2235e+06	
1.218e+06	1.20475e+06	1.19725e+06	1.23375e+06	1.21725e+06	
1.2235e+06	1.19525e+06	1.213e+06	1.216e+06	1.252e+06	
1.22425e+06	1.23375e+06	1.2325e+06	1.2015e+06	1.225e+06	
1.204e+06	1.18575e+06	1.20725e+06	1.211e+06	1.2035e+06	
1.223e+06	1.2475e+06	1.19025e+06	1.21425e+06	1.21675e+06	
1.2035e+06	1.23e+06	1.21225e+06	1.199e+06	1.19475e+06	
1.2155e+06	1.19475e+06	1.2085e+06	1.20025e+06	1.1965e+06	
1.19775e+06	1.23425e+06	1.21475e+06	1.2105e+06	1.17825e+06	
1.204e+06	1.2065e+06	1.18825e+06	1.22675e+06	1.18025e+06	
1.2185e+06	1.21475e+06	1.21225e+06	1.21675e+06	1.194e+06	
1.189e+06	1.2035e+06	1.22225e+06	1.23175e+06	1.2185e+06	
1.20975e+06	1.2035e+06	1.19775e+06	1.23125e+06	1.1965e+06	
1.21225e+06	1.22425e+06	1.2085e+06	1.21475e+06	1.199e+06	
1.21175e+06	1.199e+06	1.1865e+06	1.16875e+06	1.21475e+06	
1.1915e+06	1.18825e+06	1.18825e+06	1.19025e+06	1.20525e+06	
1.2155e+06	1.189e+06	1.2235e+06	1.2015e+06	1.20775e+06	
1.1845e+06	1.199e+06	1.18825e+06	1.2105e+06	1.18025e+06	
1.18325e+06	1.184e+06	1.1775e+06	1.20475e+06	1.199e+06	
1.17375e+06	1.19025e+06	1.165e+06	1.1865e+06	1.182e+06	
1.17875e+06	1.19025e+06	1.175e+06	1.172e+06	1.211e+06	
1.201e+06	1.2015e+06	1.242e+06	1.1815e+06	1.201e+06	
1.20725e+06	1.19025e+06	1.2065e+06	1.187e+06	1.22625e+06	
1.20025e+06	1.2065e+06	1.206e+06	1.22875e+06	1.21175e+06	
1.21425e+06	1.206e+06	1.18575e+06	1.19775e+06	1.19475e+06	
1.22175e+06	1.20225e+06	1.21975e+06	1.196e+06	1.218e+06	
1.18275e+06	1.18525e+06	1.194e+06	1.17875e+06	1.19525e+06	
1.19725e+06	1.216e+06	1.21675e+06	1.206e+06	1.2015e+06	
1.1985e+06	1.228e+06	1.22675e+06	1.2065e+06	1.23925e+06	
1.20525e+06	1.218e+06	1.2105e+06	1.21975e+06	1.1985e+06	
1.199e+06	1.225e+06	1.1985e+06	1.2155e+06	1.2185e+06	
1.196e+06	1.19475e+06	1.1775e+06	1.199e+06	1.2035e+06	
1.19475e+06	1.204e+06	1.18275e+06	1.218e+06	1.21425e+06	
1.19275e+06	1.216e+06	1.199e+06	1.228e+06	1.23175e+06	
1.1845e+06	1.18325e+06	1.1845e+06	1.2035e+06	1.20025e+06	
1.218e+06	1.19475e+06	1.19275e+06	1.1895e+06	1.1815e+06	
1.189e+06	1.2085e+06	1.20725e+06	1.189e+06	1.19025e+06	
1.1745e+06	1.21425e+06	1.182e+06	1.20975e+06	1.218e+06	
1.201e+06	1.21925e+06	1.21675e+06	1.20475e+06	1.18275e+06	
1.187e+06	1.17875e+06	1.18325e+06	1.20275e+06	1.2035e+06	
1.16825e+06	1.19325e+06	1.20975e+06	1.2135e+06	1.18025e+06	
1.20525e+06	1.1775e+06	1.192e+06	1.1915e+06	1.18575e+06	
1.177e+06	1.18025e+06	1.15425e+06	1.18825e+06	1.192e+06	
1.204e+06	1.1815e+06	1.20025e+06	1.1745e+06	1.2035e+06	
1.1845e+06	1.1815e+06	1.18775e+06	1.187e+06	1.19775e+06	
1.17e+06	1.1725e+06	1.1845e+06	1.19025e+06	1.1555e+06	
1.18825e+06	1.16825e+06	1.18075e+06	1.1775e+06	1.1675e+06	
1.167e+06	1.196e+06	1.15675e+06	1.15e+06	1.182e+06	
1.189e+06	1.19025e+06	1.17325e+06	1.17325e+06	1.20525e+06	
1.15925e+06	1.194e+06	1.1605e+06	1.167e+06	1.1795e+06	
1.16575e+06	1.148e+06	1.14175e+06	1.17075e+06	1.165e+06	
1.16625e+06	1.17375e+06	1.175e+06	1.172e+06	1.1695e+06	
1.1745e+06	1.1725e+06	1.17825e+06	1.1845e+06	1.1455e+06	
1.14875e+06	1.16575e+06	1.1575e+06	1.16625e+06	1.148e+06	
1.16825e+06	1.13225e+06	1.17875e+06	1.18825e+06	1.1555e+06	
1.18775e+06	1.18525e+06	1.18325e+06	1.194e+06	1.19075e+06	
1.17e+06	1.1525e+06	1.1405e+06	1.18075e+06	1.14925e+06	
1.16575e+06	1.14175e+06	1.15125e+06	1.158e+06	1.17875e+06	
1.14725e+06	1.16625e+06	1.1645e+06	1.155e+06	1.16e+06	
1.126e+06	1.163e+06	1.16125e+06	1.14475e+06	1.16875e+06	
1.15425e+06	1.14675e+06	1.1525e+06	1.1385e+06	1.18025e+06	
1.15925e+06	1.158e+06	1.13725e+06	1.1675e+06	1.14175e+06	
1.13475e+06	1.16825e+06	1.131e+06	1.155e+06	1.131e+06	
1.14925e+06	1.18025e+06	1.124e+06	1.124e+06	1.1265e+06	
1.15125e+06	1.13725e+06	1.12475e+06	1.13425e+06	1.175e+06	
1.11775e+06	1.11275e+06	1.1605e+06	1.14475e+06	1.14925e+06	
1.158e+06	1.17e+06	1.153e+06	1.15175e+06	1.1315e+06	
1.13275e+06	1.15125e+06	1.136e+06	1.104e+06	1.12975e+06	
1.148e+06	1.143e+06	1.1265e+06	1.1355e+06	1.13925e+06	
1.141e+06	1.11525e+06	1.148e+06	1.11775e+06	1.11525e+06	
1.1045e+06	1.10575e+06	1.112e+06	1.109e+06	1.1215e+06	
1.08425e+06	1.0925e+06	1.0855e+06	1.10275e+06	1.12275e+06	
1.0945e+06	1.08825e+06	1.10075e+06	1.1065e+06	1.0875e+06	
1.1185e+06	1.092e+06	1.09125e+06	1.13975e+06	1.1405e+06	
1.10575e+06	1.1095e+06	1.10825e+06	1.136e+06	1.1045e+06	
1.12025e+06	1.126e+06	1.10775e+06	1.11275e+06	1.09875e+06	
1.10525e+06	1.08675e+06	1.097e+06	1.12225e+06	1.12475e+06	
1.05975e+06	1.09825e+06	1.09325e+06	1.1065e+06	1.11575e+06	
1.0945e+06	1.09875e+06	1.08875e+06	1.10775e+06	1.0945e+06	
1.0705e+06	1.1e+06	1.1185e+06	1.05275e+06	1.0975e+06	
1.09075e+06	1.092e+06	1.1045e+06	1.107e+06	1.1165e+06	
1.12475e+06	1.114e+06	1.0875e+06	1.0635e+06	1.1115e+06	
1.06675e+06	1.05025e+06	1.0945e+06	1.0775e+06	1.0895e+06	
1.075e+06	1.05975e+06	1.06725e+06	1.05525e+06	1.05975e+06	
1.02125e+06	1.03525e+06	1.03275e+06	1.0225e+06	1.05275e+06	
1.02e+06	1.0395e+06	1.0295e+06	1.03325e+06	1.032e+06	
1.01075e+06	1.0485e+06	1.03025e+06	1.0245e+06	1.017e+06	
1.046e+06	1.0655e+06	1.027e+06	1.04275e+06	1.03575e+06	
1.05925e+06	1.05025e+06	1.0515e+06	1.04275e+06	1.073e+06	
1.0825e+06	1.06425e+06	1.097e+06	1.04775e+06	1.068e+06	
1.063e+06	1.0705e+06	1.044e+06	1.09125e+06	1.05525e+06	
1.05725e+06	1.066e+06	1.058e+06	1.06425e+06	1.07175e+06	
1.061e+06	1.0805e+06	1.05675e+06	1.058e+06	1.075e+06	
1.07375e+06	1.0805e+06	1.0685e+06	1.0605e+06	1.06675e+06	
1.05925e+06	1.095e+06	1.075e+06	1.07925e+06	1.0705e+06	
1.054e+06	1.06925e+06	1.075e+06	1.075e+06	1.07425e+06	
1.07925e+06	1.07875e+06	1.0655e+06	1.0775e+06	1.056e+06	
1.046e+06	1.0805e+06	1.06225e+06	1.07425e+06	1.07925e+06	
1.06725e+06	1.05275e+06	1.06225e+06	1.0755e+06	1.071e+06	
1.0245e+06	1.07675e+06	1.05525e+06	1.0485e+06	1.07925e+06	
1.061e+06	1.066e+06	1.06675e+06	1.0605e+06	1.095e+06	
1.06225e+06	1.061e+06	1.039e+06	1.07175e+06	1.066e+06	
1.06225e+06	1.049e+06	1.06175e+06	1.06225e+06	1.0585e+06	
1.03525e+06	1.0655e+06	1.054e+06	1.05925e+06	1.05725e+06	
1.05925e+06	1.05225e+06	1.06675e+06	1.022e+06	1.03825e+06	
1.04975e+06	1.056e+06	1.066e+06	1.0465e+06	1.029e+06	
1.03025e+06	1.03075e+06	1.06975e+06	1.0685e+06	1.071e+06	
1.0265e+06	1.04475e+06	1.03825e+06	1.06175e+06	1.0535e+06	
1.0315e+06	1.07175e+06	1.05225e+06	1.05725e+06	1.04525e+06	
1.0395e+06	1.058e+06	1.0295e+06	1.03025e+06	1.0535e+06	
1.039e+06	1.04725e+06	1.0535e+06	1.0585e+06	1.04975e+06	
1.044e+06	1.037e+06	1.054e+06	1.05975e+06	1.04725e+06	
1.01075e+06	1.03525e+06	1.0635e+06	1.061e+06	1.0535e+06	
1.02575e+06	1.0435e+06	1.02125e+06	1.05925e+06	1.054e+06	
1.06675e+06	1.0465e+06	1.02775e+06	1.04525e+06	1.0395e+06	
1.02575e+06	1.05025e+06	1.0345e+06	1.0485e+06	1.029e+06	
1.01325e+06	1.0465e+06	1.0295e+06	1.04025e+06	1.0365e+06	
1.0295e+06	1.06425e+06	1.02825e+06	1.012e+06	1.046e+06	
1.0295e+06	1.0435e+06	1.03075e+06	1.037e+06	1.022e+06	
1.0345e+06	1.0345e+06	1.03025e+06	1.0025e+06	1.0465e+06	
1.02825e+06	1.034e+06	1.025e+06	1.032e+06	1.04475e+06	
1.02325e+06	1.00425e+06	1.005e+06	1.0265e+06	1.017e+06	
982250	1.01075e+06	990500	1.00625e+06	993000	
979750	995500	993000	991000	1e+06	
947000	974750	963250	955750	966500	
967750	977750	954500	976000	969750	
977750	996250	972250	980500	984750	
977250	979000	1.012e+06	995500	991750	
979750	980500	1.0005e+06	1.00425e+06	983500	
989750	994750	989250	983000	984750	
1.01075e+06	994250	988500	983000	973500	
976500	1.008e+06	992250	1.003e+06	984750	
974750	977250	1.005e+06	979000	960750	
987250	957750	967750	984750	994250	
1.00375e+06	969750	993500	983000	997500	
979000	978500	986750	989250	983000	
979750	1.008e+06	1.00125e+06	991750	997500	
992250	977250	998750	1.01e+06	966500	
982250	979000	1.0055e+06	971000	1e+06	
980500	992250	993000	996750	988500	
986000	983000	998750	968500	977750	
978500	970250	981750	994750	967250	
981000	962000	975250	1.0025e+06	978500	
968500	978500	967750	975250	959500	
966500	976000	993000	973500	979000	
967750	991750	980500	998000	974000	
975250	986750	983500	972250	954500	
965250	959500	972750	944500	998000	
967750	986750	957750	979000	967250	
952000	956500	957750	954000	929250	
980500	974750	960250	962750	960750	
972750	966000	966500	969750	979750	
950250	949500	957750	984750	967750	
954000	972250	935000	933000	958250	
962000	942000	951500	958250	966000	
955250	950750	931250	940000	970250	
950250	950250	973500	952000	969750	
948750	950750	946250	949500	956500	
967250	967250	954000	903500	923750	
953250	957000	944500	940000	933750	
964000	935000	943250	935000	947500	
947500	925000	918750	957000	928000	
930500	952750	942000	943250	953250	
918000	948250	953250	930500	931750	
928750	959500	942000	933750	934500	
947000	931250	946250	926250	942500	
914750	938750	920500	920500	951500	
951500	911000	954500	917250	917250	
936250	930000	916000	930000	926750	
918000	940750	926750	910500	925500	
937000	899000	926750	928000	921250	
935000	924250	931250	913500	899000	
906750	914250	914250	930000	931250	
929250	909750	913000	906000	919250	
897250	926250	921750	911000	920000	
902750	926750	901500	911000	894000	
904750	902750	904250	923000	928000	
909250	910500	913000	909750	926750	
915500	917250	911000	905500	910500	
896000	900250	911750	885250	897250	
917250	897750	904250	887750	905500	
903500	884500	895250	917250	911000	
906750	913500	909750	907250	918000	
897250	902250	921750	923750	909750	
891500	899750	909250	896000	912250	
902250	916000	886500	921250	884500	
905500	892250	901000	906000	908000	
905500	887750	878250	897250	906000	
893500	904750	876500	874000	893500	
901500	875750	881500	892750	907250	
875750	865000	891500	895250	889750	
888500	884500	895250	891500	897250	
858250	898500	889000	860750	897750	
885250	867000	879000	875250	868750	
870000	872500	874000	868250	889750	
863750	879500	880250	864500	878250	
843750	870750	883250	881500	902250	
827250	876500	863750	895250	868250	
856750	865750	880250	884500	857500	
874500	856750	870000	852500	869500	
853750	854250	870750	864500	857500	
857500	891500	866250	853750	873250	
872000	863750	862500	855500	865000	
867000	848750	867000	835500	851750	
896000	879500	846750	845500	868250	
871250	860750	874000	867000	878250	
878250	863750	865000	860000	857500	
836750	851250	851750	867500	865750	
848000	853750	853000	856250	850500	
837250	853000	850500	829750	847500	
857500	839750	846250	830500	865000	
855000	842500	848000	851750	845500	
844250	833500	825250	835500	845000	
856250	856250	845000	851250	832250	
858250	838500	808250	844250	853000	
819000	833000	821000	816000	826500	
839250	840500	814750	810250	853750	
843000	822250	824750	814750	809000	
832250	817250	802750	839750	834250	
818500	819750	800750	836750	837250	
821500	829750	828500	836000	836750	
814000	807000	799000	807000	813500	
804500	796500	795000	800250	804000	
785000	812750	812250	811500	816500	
798250	809000	785750	819000	817750	
791250	796500	794500	776750	825250	
801500	791250	778750	800250	798250	
776250	777500	799500	784500	778750	
792000	793250	807750	768750	782500	
776750	786250	798250	773750	800750	
775000	777500	787500	761000	778000	
771250	764750	761000	790750	783250	
747250	764250	778750	766250	761000	
768750	776750	793250	776250	770500	
772500	772500	760500	766250	823500	
749000	789500	774250	764750	780500	
761000	784500	754750	785750	783250	
753000	777500	772500	775000	780000	
753500	782500	755500	777500	751750	
788250	776750	769250	762250	759250	
777500	773750	757250	764250	775500	
763500	776250	782000	751750	782000	
782000	765500	782000	751750	768000	
790000	768000	769250	760500	776250	
782000	770000	780000	759250	767500	
779250	768750	787000	763500	810750	
801500	767500	799000	775000	782500	
782500	798250	763500	801500	799500	
779250	774250	792500	802000	786250	
776250	779250	809500	782500	782000	
805250	783750	781250	815250	765500	
792500	775500	788750	794500	783250	
809500	803250	793750	785000	801500	
802750	785000	782000	786250	780000	
799000	797750	806500	808250	799000	
789500	786250	777500	795750	783250	
812250	798250	778750	783750	793250	
778750	808250	754750	784500	791250	
747750	765500	775000	781250	765500	
757250	765500	764750	782000	780000	
775000	751000	774250	760500	766750	
761000	775500	763500	777500	761750	
777500	756750	775500	756000	772500	
765500	749000	766750	738500	780500	
754250	769250	750500	768750	771750	
760500	743500	741000	749000	756000	
752250	751750	758500	745250	778750	
742750	763500	768000	754750	745250	
751750	759750	754750	772500	764250	
751000	767500	749000	749750	763500	
788250	757250	766250	752250	751000	
755500	748500	764750	758000	758500	
742750	743500	758000	759250	774250	
763500	782000	744000	768000	738500	
767500	756750	739750	760500	782500	
765500	749000	749750	754250	775000	
749000	767500	765500	751750	748500	
765500	766250	776750	777500	763500	
746000	747250	770000	732750	759750	
753000	739750	734000	759250	732750	
749000	748500	768000	743500	758000	
748500	760500	731500	754750	757250	
744000	751000	753500	754250	732000	
753500	740250	736500	739000	761750	
745250	754250	744750	759750	755500	
754750	752250	732750	733250	759250	
757250	741500	725750	756750	730250	
744750	742250	738500	747250	739000	
744750	720250	752250	725750	736000	
749000	739750	760500	751750	751750	
749000	739000	744000	746000	744750	
744000	730750	739750	732000	735250	
735250	731500	728250	732750	751000	
741500	724000	735250	729500	744750	
746000	726500	729000	733250	729500	
733250	743500	719500	724500	727750	
739750	737250	742750	727750	749000	
735250	727000	742250	750500	723250	
729500	730750	744000	739000	730250	
739750	737250	723250	732000	731500	
730750	733250	747750	713750	737750	
754250	745250	749000	737750	736000	
751750	758000	759250	746500	741000	
747750	737250	743500	737250	735250	
734000	744000	747250	730250	780000	
737250	738500	729000	724500	718750	
743500	739000	753500	753000	757250	
725750	751750	753500	724500	751000	
754250	739000	734500	735250	751750	
742250	743500	754250	740250	769250	
737750	744750	742250	737750	754750	
738500	736000	748500	763000	736500	
746000	725750	749750	749000	751000	
751000	728250	737750	736500	738500	
718750	736000	723250	731500	754750	
735250	730250	746500	729000	727750	
732000	744750	743500	739000	739750	
758500	739750	734000	732000	736000	
715750	733250	747750	747250	748500	
741000	720750	743500	751000	734000	
731500	740250	720750	741000	717500	
712500	712500	736000	729500	722750	
725750	724000	717000	736500	736000	
723250	708250	740250	721500	705750	
718250	737250	724500	708250	717000	
723250	734000	720750	715750	722750	
710000	736500	728250	710000	721500	
725750	736000	712500	725750	737250	
733250	720750	715000	729500	732000	
704500	725250	701250	727000	706250	
698000	722000	695500	714500	715000	
711250	714500	724500	722750	710750	
723250	678000	718750	727000	716250	
694250	699250	716250	700000	717500	
706250	702500	698000	688500	694250	
700500	696250	681750	686000	691250	
696750	692500	712500	703750	690500	
678000	698000	678000	687250	700500	
696250	706250	683000	682250	683500	
674250	691250	679250	705750	683500	
667750	693000	683500	678000	678000	
676000	673500	664750	646500	703000	
674250	661500	676750	671000	678000	
670250	685500	678000	672250	683000	
679750	671500	688500	686750	689250	
641250	665250	672750	676750	665250	
662750	676750	688500	666000	654000	
654500	667250	673500	656500	660250	
652750	671500	662750	666000	666500	
647000	640750	661500	644500	672250	
652000	664000	652750	663500	671500	
649000	655750	659000	666500	659750	
652000	643250	660250	666000	664000	
654000	658500	638750	656500	663500	
658500	645250	664750	662250	657000	
633250	647000	659000	633750	659750	
654500	666500	638250	645750	666000	
669750	649000	665250	645250	657000	
647000	623750	671000	645750	667750	
659000	655250	659750	668500	640750	
649000	659750	650750	638250	664750	
667250	643250	644000	633750	656500	
654500	647000	646500	642500	662250	
654500	647000	650250	659000	628750	
647000	640000	652000	638750	671500	
642000	657000	664000	665250	647000	
653250	637500	645750	659750	655750	
662250	663500	666000	657750	654500	
669750	645750	651500	648250	658500	
664750	676750	664750	659750	671000	
653250	645750	682250	665250	648250	
647750	670250	652750	686000	659000	
677250	641250	664000	662750	666000	
643250	670250	666000	667750	651500	
652000	684750	673500	666000	671500	
666500	660250	661000	640000	662750	
650250	674250	659000	646500	674750	
648250	671000	668500	667750	669000	
661500	670250	670250	667750	659750	
645750	650750	678000	660250	667250	
663500	661500	650250	667750	675500	
646500	661000	655750	647000	659750	
644000	651500	666500	659000	674750	
647000	655250	657750	655250	655750	
664000	652750	651500	654000	666000	
681750	649500	661500	662750	659000	
664750	649000	654000	662250	662250	
649500	662250	652000	642000	672250	
653250	650250	651500	664000	642500	
644500	659000	668500	663500	679250	
657000	643250	662250	659000	650750	
648250	655750	648250	637000	649500	
663500	654500	661000	644500	648250	
645250	659000	645750	654500	655250	
644500	652000	636250	657750	669750	
664750	656500	653250	657000	640000	
657750	642500	654000	657000	657000	
664000	648250	637500	672250	651500	
654000	650750	662750	650750	666500	
643250	648250	657000	656500	652000	
647000	644500	649000	647000	662750	
656500	652750	655750	650750	649500	
652000	662750	646500	664750	666000	
669750	654000	649000	652750	632000	
657750	667750	653250	648250	654500	
655750	653250	642000	652000	644000	
644500	646500	647750	646500	643250	
664750	638750	644500	648250	656500	
667250	673500	653250	642500	645750	
651500	650250	664000	654000	635750	
660250	660250	654500	620500	653250	
657000	637000	647750	653250	664000	
654500	653250	647000	659000	650750	
652000	661500	655250	654000	652750	
643250	649000	637000	673500	645250	
660250	642500	640750	636250	651500	
655750	638250	647750	637500	664750	
650750	649000	662250	654500	641250	
639500	638250	660250	657000	655250	
661500	638250	655750	657750	666500	
644000	650250	661500	653250	648250	
654000	656500	633750	631250	647000	
661500	658500	658500	624250	666000	
667250	651500	638750	644500	644000	
648250	656500	656500	661500	661000	
652000	636250	662250	652750	660250	
645750	659750	652000	669750	659750	
661000	644000	646500	654500	655250	
642000	654500	653250	638250	645750	
647750	650750	668500	647000	651500	
663500	644500	640750	645250	665250	
656500	635750	661000	659750	652000	
642500	648250	657000	652000	660250	
642000	661000	654000	636250	655250	
644000	651500	649000	654500	642000	
647750	648250	632500	637500	649000	
666000	669000	645250	634500	658500	
647750	649000	643250	639500	642500	
635750	637500	644500	643250	642500	
654500	637000	642000	643250	663500	
630000	664000	651500	654000	643250	
655250	659750	661500	639500	646500	
657750	645750	661500	655750	642500	
656500	665250	661000	651500	645250	
637000	639500	659750	640000	640000	
638750	645750	649500	666000	647750	
655250	634500	649500	654500	638250	
646500	645250	650750	657750	666500	
645750	656500	664000	632000	649000	
647000	642000	669750	659000	644000	
639500	621250	633250	646500	659000	
661500	635750	653250	642000	651500	
637000	631250	637500	652750	649500	
646500	623000	669750	628250	638250	
644500	654500	645750	662250	653250	
650750	643250	647750	648250	642000	
657000	647750	635000	652000	634500	
639500	642000	652750	662750	655750	
635750	670250	643250	638750	659000	
661000	647000	642500	654500	637500	
638750	641250	640000	661500	666000	
645750	646500	647750	633250	642000	
657000	657000	635000	654000	656500	
646500	637500	644000	653250	650750	
640000	650750	661500	619250	631250	
653250	630750	652750	639500	649000	
637500	637000	638750	657750	653250	
635750	657000	636250	649500	629500	
653250	632500	648250	638750	656500	
654000	650250	648250	652000	650750	
640000	660250	641250	655750	640750	
637500	644500	657000	644000	642500	
636250	648250	652000	655750	654500	
652750	645250	645250	647000	644500	
647000	636250	642500	661000	656500	
651500	647750	628250	647750	642500	
631250	653250	642000	642000	647750	
650750	642500	667250	669000	652000	
659000	636250	665250	666000	648250	
647000	644500	646500	660250	672250	
647000	656500	661500	645250	656500	
655750	647750	662250	654500	652750	
654000	649000	637000	643250	649500	
634500	633250	666500	650250	641250	
643250	634500	629500	656500	663500	
659750	640750	640750	642500	634500	
644000	642500	655750	638250	651500	
625500	650750	652000	654000	659750	
655750	647750	642000	659000	632000	
626250	661000	659750	652000	661500	
624250	656500	669000	651500	652000	
663500	645250	650250	645250	647000	
633750	645250	647000	645750	643250	
641250	640000	640750	644500	648250	
649500	636250	655750	650750	635750	
662250	642000	645750	635750	650750	
642500	636250	652750	655250	635750	
649500	656500	633250	628750	640000	
643250	638750	647750	647000	652750	
628250	633250	627500	642500	659000	
632000	645750	644000	638750	649000	
649000	650750	636250	645250	645250	
640750	638250	646500	653250	641250	
647750	653250	642500	630750	646500	
638750	644000	616250	654000	657000	
642000	632500	644500	652000	616750	
649500	635000	616750	661500	641250	
649000	640000	655750	633750	649500	
638750	656500	652750	646500	654500	
642000	643250	639500	637000	653250	
630750	651500	640750	643250	644500	
654500	638750	648250	650750	634500	
645750	632500	644000	644500	652000	
652000	626750	640000	648250	637000	
621750	636250	647000	653250	650250	
638750	643250	652750	633750	635750	
645750	635750	641250	646500	640750	
633750	645250	638250	632000	647000	
653250	625500	636250	640000	644500	
629500	639500	652000	647750	641250	
623000	649000	646500	640750	651500	
654000	637500	652000	639500	645250	
639500	632500	632500	639500	653250	
632500	645250	648250	647750	652000	
632000	652000	635750	621250	662250	
637500	637000	635750	635000	629500	
647000	620000	634500	630750	665250	
635750	636250	636250	640750	641250	
647750	651500	632500	652750	634500	
639500	638250	642500	647000	637000	
656500	643250	642500	638750	654500	
639500	633750	644500	638750	637500	
632500	635750	639500	625000	634500	
646500	642000	631250	627500	634500	
650750	616250	628750	642000	633250	
640750	656500	631250	634500	639500	
649500	639500	633250	639500	632500	
640000	651500	643250	623750	650750	
623000	668500	625500	640000	661000	
646500	633250	650750	648250	645250	
652750	652000	625500	640750	623000	
633250	628250	616250	655750	657750	
627500	635750	622500	640750	651500	
640000	649000	636250	620000	642500	
626750	645250	645250	650250	637500	
651500	625500	630000	636250	636250	
628750	625000	630750	661500	635000	
640000	630000	633750	647750	643250	
640000	647000	640750	651500	630000	
650750	649000	635000	637500	644000	
639500	631250	626250	644500	626750	
647000	628750	630000	633250	652750	
632500	642500	633250	627500	618750	
647750	649500	665250	650750	630000	
637500	639500	620000	660250	644500	
639500	630750	615500	653250	642000	
638250	657000	644000	621250	638750	
644000	650250	638750	632500	634500	
638750	647000	617500	632500	642500	
649000	626750	647750	636250	649500	
639500	625000	647750	647750	648250	
661500	633250	626750	643250	644500	
634500	633750	649500	632500	644500	
659750	637000	645250	654000	641250	
658500	621750	649000	634500	650750	
639500	633750	630000	633750	631250	
648250	644000	625500	641250	652000	
625500	632000	632000	625000	624250	
643250	638250	627500	658500	624250	
635000	634500	615500	637000	626250	
655750	623000	633750	644500	628250	
632500	650750	626250	635750	623000	
637500	633250	616750	632500	638250	
620000	656500	633750	650250	632000	
656500	630750	633750	632000	642000	
630000	626250	625500	653250	637500	
620000	661500	629500	644000	637500	
630000	636250	639500	633750	646500	
638750	632000	658500	652750	628250	
638250	652750	625500	639500	629500	
644000	645750	626250	651500	625000	
609750	629500	640750	637000	654000	
616250	632000	615500	632000	633250	
637000	645750	632500	641250	637500	
633750	613750	657750	643250	614250	
644500	642500	642000	638250	620000	
632500	648250	636250	635750	630750	
639500	632000	632500	645750	623750	
645750	628750	633750	637000	636250	
619250	634500	621250	630000	628250	
630750	622500	647000	632500	628750	
638750	633750	644500	636250	631250	
616750	635750	623750	637500	635750	
626250	626750	633250	626750	638250	
642000	630750	635750	617500	632500	
613750	617500	639500	635000	633250	
650750	644500	626750	630750	623000	
652000	640000	625500	644000	644000	
639500	644500	631250	620500	637500	
633250	632500	626250	638750	638750	
625500	649000	637000	636250	633750	
636250	643250	635750	633750	640000	
633250	609750	636250	632000	643250	
630750	647000	632000	612500	630000	
642500	615000	626750	616750	625500	
628750	629500	650750	626750	624250	
628250	623750	633750	630750	641250	
628750	637500	628250	628250	644000	
630000	616750	640750	642500	633750	
631250	633750	634500	626750	638750	
633250	638250	621250	615500	633250	
625000	628250	639500	644000	624250	
643250	645250	625000	616250	639500	
630000	662250	621250	633750	642000	
632000	638250	637000	649500	639500	
642500	625000	635750	662750	635000	
621250	640000	628250	625500	655750	
636250	621250	638750	637000	629500	
627500	619250	620500	645750	639500	
611750	621250	634500	650750	623000	
631250	635000	616250	641250	618750	
626750	620000	628750	645250	645250	
635750	628250	648250	637000	637000	
633750	633250	625000	645250	632000	
647000	626750	642000	644000	617500	
624250	641250	632000	623000	615500	
630750	631250	630750	623750	631250	
627500	627500	632500	634500	638250	
619250	628750	628750	633750	633250	
645750	639500	645750	623000	617500	
633250	647000	634500	642500	633750	
650250	642000	636250	623000	619250	
620000	636250	635000	621750	632500	
626750	645750	630750	633250	649000	
647750	628250	647750	638750	649000	
631250	608000	624250	632500	630750	
637500	637000	642000	633750	637000	
637500	637000	642000	633750	637000	
637500	637000	642000	633750	637000	
