4250	4250	4250	4250	4250	
7.13825e+06	7.13825e+06	7.13825e+06	7.13825e+06	7.13825e+06	
527250	535500	543000	523500	521750	
511000	534750	516000	524250	494500	
522250	511000	531000	527250	502750	
520250	513500	517250	516000	517750	
533000	514000	518500	505250	499500	
519000	507250	525500	510250	504500	
514750	531750	526000	506500	516500	
529250	527250	522250	502750	518500	
503250	533500	536750	519750	516000	
538750	517750	534750	529750	539250	
534250	509000	531000	546250	531750	
525500	540500	516000	530500	517750	
528000	554500	525500	548750	546250	
546250	550000	536750	550500	556250	
546250	553750	550500	550500	539250	
557000	558250	561250	555000	562000	
562500	565000	574000	565000	558750	
574000	568250	570250	566250	560000	
558750	574500	567000	572750	552500	
563750	569000	580250	592750	567000	
572000	580250	560000	570750	582250	
657750	652750	657000	654000	654500	
827250	808250	839250	824750	809000	
857500	882000	848000	836750	848000	
846250	877750	891000	868250	858250	
851750	893500	880750	867500	875750	
860750	903500	906750	872500	866250	
891000	860000	845500	889750	869500	
904750	892250	877750	877000	905500	
905500	888500	910500	896500	923000	
907250	905500	913000	909750	915500	
915500	943250	938250	961500	954500	
954500	943750	940750	948750	927500	
959000	943750	930000	932500	943750	
928750	945750	932500	935750	925000	
935000	959000	955250	941250	947500	
933750	913500	941250	942000	960750	
933000	945750	938750	930500	940000	
955750	942000	937500	937500	977250	
984750	981750	972750	981750	966500	
1.01325e+06	986000	1.008e+06	1.005e+06	999250	
1.01125e+06	993500	998750	1.02e+06	1.02075e+06	
1.04075e+06	1.04075e+06	1.01e+06	1.0195e+06	1.0295e+06	
1.02075e+06	1.02775e+06	1.003e+06	1.01575e+06	1.0365e+06	
983500	1.0075e+06	1.017e+06	989750	997500	
994250	1.00675e+06	1.0005e+06	991000	963250	
1.003e+06	996750	989250	1.0175e+06	1.012e+06	
994250	976500	986000	997500	998750	
983000	948250	956500	964000	926250	
956500	962000	952000	958250	955750	
967250	960750	940000	951500	955250	
920000	949500	966000	940750	923000	
928000	904250	945000	931750	946250	
961500	928750	947000	938250	955750	
1.00875e+06	987250	1.0075e+06	984250	996750	
1.044e+06	1.066e+06	1.05975e+06	1.058e+06	1.0485e+06	
1.09875e+06	1.05275e+06	1.05975e+06	1.07375e+06	1.08375e+06	
1.056e+06	1.0705e+06	1.06975e+06	1.04775e+06	1.09575e+06	
1.02e+06	1.0075e+06	1.044e+06	1.03075e+06	1.03825e+06	
1.008e+06	1.0125e+06	1.01875e+06	1e+06	1.03775e+06	
1.0145e+06	1.032e+06	1.03275e+06	1.0265e+06	1.02825e+06	
1.017e+06	1.0175e+06	1.01125e+06	1.0295e+06	1.02075e+06	
1.06225e+06	1.073e+06	1.049e+06	1.05925e+06	1.06175e+06	
1.0655e+06	1.08675e+06	1.04975e+06	1.07625e+06	1.08625e+06	
1.1065e+06	1.12475e+06	1.1065e+06	1.10575e+06	1.126e+06	
1.10325e+06	1.092e+06	1.0855e+06	1.08125e+06	1.0585e+06	
1.09075e+06	1.112e+06	1.08375e+06	1.11575e+06	1.10125e+06	
1.112e+06	1.12725e+06	1.119e+06	1.07625e+06	1.119e+06	
1.1285e+06	1.11275e+06	1.12475e+06	1.104e+06	1.1315e+06	
1.124e+06	1.12275e+06	1.109e+06	1.09825e+06	1.0945e+06	
1.16e+06	1.172e+06	1.1525e+06	1.1645e+06	1.13925e+06	
1.19775e+06	1.17575e+06	1.2135e+06	1.2205e+06	1.20225e+06	
1.24875e+06	1.225e+06	1.23625e+06	1.24625e+06	1.2665e+06	
1.2695e+06	1.25825e+06	1.24e+06	1.26525e+06	1.26025e+06	
1.225e+06	1.27725e+06	1.235e+06	1.24575e+06	1.225e+06	
1.22875e+06	1.245e+06	1.27025e+06	1.24e+06	1.221e+06	
1.24375e+06	1.257e+06	1.2255e+06	1.2375e+06	1.24e+06	
1.22175e+06	1.19725e+06	1.218e+06	1.199e+06	1.2255e+06	
1.20275e+06	1.2035e+06	1.2185e+06	1.2235e+06	1.1985e+06	
1.2135e+06	1.1965e+06	1.23375e+06	1.196e+06	1.221e+06	
1.2355e+06	1.25e+06	1.2475e+06	1.225e+06	1.2445e+06	
1.2495e+06	1.28475e+06	1.26275e+06	1.28525e+06	1.28275e+06	
1.33125e+06	1.2765e+06	1.29425e+06	1.31125e+06	1.3005e+06	
1.30925e+06	1.29225e+06	1.3125e+06	1.2985e+06	1.29975e+06	
1.2785e+06	1.2695e+06	1.29725e+06	1.291e+06	1.286e+06	
1.24125e+06	1.245e+06	1.259e+06	1.25375e+06	1.2695e+06	
1.26075e+06	1.25825e+06	1.279e+06	1.28675e+06	1.27525e+06	
1.3345e+06	1.2935e+06	1.30875e+06	1.317e+06	1.31425e+06	
1.27725e+06	1.28475e+06	1.281e+06	1.3055e+06	1.3075e+06	
1.2135e+06	1.23675e+06	1.23925e+06	1.25e+06	1.245e+06	
1.189e+06	1.2325e+06	1.2305e+06	1.17875e+06	1.2065e+06	
1.22225e+06	1.23e+06	1.2065e+06	1.22425e+06	1.206e+06	
1.189e+06	1.16825e+06	1.163e+06	1.1965e+06	1.17125e+06	
1.14725e+06	1.15875e+06	1.14675e+06	1.143e+06	1.1335e+06	
1.1675e+06	1.15e+06	1.1675e+06	1.17325e+06	1.167e+06	
1.19775e+06	1.17325e+06	1.1555e+06	1.1815e+06	1.1815e+06	
1.18825e+06	1.17825e+06	1.1625e+06	1.17875e+06	1.17125e+06	
1.21925e+06	1.22425e+06	1.233e+06	1.233e+06	1.23175e+06	
1.30175e+06	1.30375e+06	1.2665e+06	1.262e+06	1.28225e+06	
1.3155e+06	1.32825e+06	1.31425e+06	1.30625e+06	1.3245e+06	
1.31825e+06	1.32625e+06	1.334e+06	1.3365e+06	1.305e+06	
1.35525e+06	1.34775e+06	1.33825e+06	1.31875e+06	1.3515e+06	
1.3615e+06	1.373e+06	1.39e+06	1.38875e+06	1.37925e+06	
1.475e+06	1.41025e+06	1.4575e+06	1.42725e+06	1.42975e+06	
1.4845e+06	1.458e+06	1.499e+06	1.45675e+06	1.4625e+06	
1.50725e+06	1.5325e+06	1.4845e+06	1.5085e+06	1.48375e+06	
1.42975e+06	1.446e+06	1.46175e+06	1.49325e+06	1.41775e+06	
1.434e+06	1.397e+06	1.41325e+06	1.40375e+06	1.38375e+06	
1.3635e+06	1.37425e+06	1.35975e+06	1.34325e+06	1.38625e+06	
1.3635e+06	1.36425e+06	1.36675e+06	1.31825e+06	1.38125e+06	
1.39e+06	1.40125e+06	1.409e+06	1.37425e+06	1.40075e+06	
1.472e+06	1.485e+06	1.48325e+06	1.44725e+06	1.47125e+06	
1.49575e+06	1.49575e+06	1.5065e+06	1.53125e+06	1.49575e+06	
1.45675e+06	1.45675e+06	1.48e+06	1.45675e+06	1.4555e+06	
1.3925e+06	1.41525e+06	1.4025e+06	1.38625e+06	1.4115e+06	
1.31625e+06	1.32575e+06	1.34975e+06	1.31175e+06	1.33275e+06	
1.274e+06	1.269e+06	1.25575e+06	1.264e+06	1.26325e+06	
1.20025e+06	1.21425e+06	1.209e+06	1.21675e+06	1.1865e+06	
1.19725e+06	1.206e+06	1.18825e+06	1.158e+06	1.17875e+06	
1.2105e+06	1.218e+06	1.199e+06	1.21725e+06	1.182e+06	
1.2475e+06	1.2275e+06	1.247e+06	1.23675e+06	1.23925e+06	
1.3565e+06	1.3365e+06	1.308e+06	1.334e+06	1.337e+06	
1.487e+06	1.44975e+06	1.489e+06	1.446e+06	1.446e+06	
1.48575e+06	1.465e+06	1.51525e+06	1.49775e+06	1.523e+06	
1.49075e+06	1.4995e+06	1.499e+06	1.48575e+06	1.50475e+06	
1.448e+06	1.50475e+06	1.4485e+06	1.48125e+06	1.4575e+06	
1.4845e+06	1.5085e+06	1.497e+06	1.48075e+06	1.45625e+06	
1.5085e+06	1.4995e+06	1.5355e+06	1.56575e+06	1.48775e+06	
1.58975e+06	1.5285e+06	1.521e+06	1.52725e+06	1.57525e+06	
1.557e+06	1.52725e+06	1.5545e+06	1.52925e+06	1.54625e+06	
1.5495e+06	1.5185e+06	1.54825e+06	1.543e+06	1.52225e+06	
1.56125e+06	1.5455e+06	1.5085e+06	1.5255e+06	1.543e+06	
1.56075e+06	1.569e+06	1.56e+06	1.55375e+06	1.57025e+06	
1.57725e+06	1.59725e+06	1.57725e+06	1.589e+06	1.593e+06	
1.654e+06	1.69625e+06	1.68675e+06	1.664e+06	1.63375e+06	
1.80275e+06	1.756e+06	1.7605e+06	1.7655e+06	1.748e+06	
1.86325e+06	1.83225e+06	1.8545e+06	1.83875e+06	1.82725e+06	
1.87025e+06	1.848e+06	1.83875e+06	1.83925e+06	1.86125e+06	
1.85325e+06	1.85825e+06	1.89475e+06	1.87325e+06	1.88525e+06	
1.94325e+06	1.90675e+06	1.9495e+06	1.93825e+06	1.9255e+06	
1.98475e+06	2.0295e+06	2.03075e+06	1.96775e+06	2.00825e+06	
1.9685e+06	1.95825e+06	1.93125e+06	1.97675e+06	1.947e+06	
1.8235e+06	1.87275e+06	1.84675e+06	1.877e+06	1.867e+06	
1.73025e+06	1.71375e+06	1.73725e+06	1.71125e+06	1.72775e+06	
1.53875e+06	1.514e+06	1.53675e+06	1.56e+06	1.52225e+06	
1.3515e+06	1.322e+06	1.3515e+06	1.354e+06	1.344e+06	
1.31825e+06	1.31425e+06	1.27025e+06	1.28275e+06	1.2835e+06	
1.42975e+06	1.42525e+06	1.446e+06	1.41325e+06	1.407e+06	
1.67175e+06	1.671e+06	1.685e+06	1.6735e+06	1.67425e+06	
1.88975e+06	1.85175e+06	1.8885e+06	1.86e+06	1.8765e+06	
2.0075e+06	2.00425e+06	2.03775e+06	2.06925e+06	2.015e+06	
2.07925e+06	2.0825e+06	2.0995e+06	2.09575e+06	2.078e+06	
2.058e+06	2.007e+06	2.03325e+06	1.998e+06	2.02275e+06	
1.84375e+06	1.87525e+06	1.85175e+06	1.8235e+06	1.836e+06	
1.591e+06	1.61875e+06	1.62575e+06	1.6395e+06	1.6415e+06	
1.46625e+06	1.506e+06	1.528e+06	1.487e+06	1.48125e+06	
1.62325e+06	1.60675e+06	1.62825e+06	1.64775e+06	1.6125e+06	
1.9175e+06	1.91425e+06	1.9035e+06	1.89225e+06	1.9035e+06	
2.254e+06	2.2305e+06	2.225e+06	2.2275e+06	2.187e+06	
2.40825e+06	2.504e+06	2.44725e+06	2.4355e+06	2.407e+06	
2.56775e+06	2.55125e+06	2.5695e+06	2.591e+06	2.59925e+06	
2.673e+06	2.6875e+06	2.66275e+06	2.632e+06	2.6585e+06	
2.72775e+06	2.70875e+06	2.683e+06	2.69625e+06	2.66275e+06	
2.70075e+06	2.76125e+06	2.71525e+06	2.734e+06	2.71775e+06	
2.77825e+06	2.77325e+06	2.77625e+06	2.79025e+06	2.77e+06	
2.81225e+06	2.8165e+06	2.78575e+06	2.818e+06	2.78625e+06	
2.84625e+06	2.8455e+06	2.864e+06	2.8745e+06	2.79825e+06	
2.98425e+06	2.98475e+06	2.9395e+06	2.96975e+06	2.9345e+06	
3.0125e+06	3.02775e+06	3.01075e+06	2.98875e+06	2.9415e+06	
3.04475e+06	3.0005e+06	3.00625e+06	3.0245e+06	3.02825e+06	
3.07425e+06	3.116e+06	3.133e+06	3.08625e+06	3.07675e+06	
3.04475e+06	3.06625e+06	3.06375e+06	2.98625e+06	3.11025e+06	
3.0295e+06	3.022e+06	2.988e+06	3.017e+06	2.99175e+06	
3.02075e+06	3.02325e+06	3.04275e+06	3.0125e+06	3.0625e+06	
3.07625e+06	3.02025e+06	3.073e+06	3.0925e+06	2.981e+06	
3.0895e+06	3.02575e+06	3.0335e+06	3.09575e+06	3.0365e+06	
3.08375e+06	2.9785e+06	3.044e+06	3.06925e+06	3.085e+06	
3.07125e+06	3.075e+06	3.0755e+06	3.07e+06	3.046e+06	
3.1285e+06	3.121e+06	3.04725e+06	3.1215e+06	3.09125e+06	
3e+06	3.04475e+06	3.0335e+06	3.02575e+06	3.01375e+06	
3.1385e+06	3.08325e+06	3.053e+06	3.138e+06	3.06925e+06	
3.09825e+06	3.0465e+06	3.06925e+06	2.9975e+06	3.0245e+06	
3.087e+06	2.99675e+06	3.03725e+06	3.002e+06	3.102e+06	
3.15575e+06	3.109e+06	3.157e+06	3.15625e+06	3.10975e+06	
3.201e+06	3.12925e+06	3.16625e+06	3.247e+06	3.16875e+06	
3.27525e+06	3.22875e+06	3.28175e+06	3.2715e+06	3.2685e+06	
3.34725e+06	3.3365e+06	3.36425e+06	3.31825e+06	3.29175e+06	
3.50925e+06	3.45675e+06	3.448e+06	3.4455e+06	3.42225e+06	
3.47075e+06	3.46125e+06	3.45e+06	3.49225e+06	3.4475e+06	
3.38625e+06	3.37425e+06	3.375e+06	3.32825e+06	3.3435e+06	
3.16625e+06	3.17325e+06	3.153e+06	3.22875e+06	3.1815e+06	
3.1215e+06	3.111e+06	3.1085e+06	3.20675e+06	3.1355e+06	
3.274e+06	3.2635e+06	3.20725e+06	3.2465e+06	3.22425e+06	
3.44925e+06	3.42275e+06	3.4575e+06	3.42975e+06	3.43475e+06	
3.60625e+06	3.6075e+06	3.5425e+06	3.586e+06	3.51175e+06	
3.6485e+06	3.58425e+06	3.64325e+06	3.6295e+06	3.65475e+06	
3.688e+06	3.66225e+06	3.67225e+06	3.71275e+06	3.60925e+06	
3.6775e+06	3.63525e+06	3.67925e+06	3.6485e+06	3.64975e+06	
3.66675e+06	3.646e+06	3.58475e+06	3.65775e+06	3.59875e+06	
3.581e+06	3.593e+06	3.54575e+06	3.533e+06	3.6105e+06	
3.69825e+06	3.685e+06	3.70325e+06	3.72275e+06	3.714e+06	
3.73025e+06	3.748e+06	3.767e+06	3.73925e+06	3.7455e+06	
3.73275e+06	3.74425e+06	3.68425e+06	3.692e+06	3.671e+06	
3.712e+06	3.76125e+06	3.66225e+06	3.7505e+06	3.688e+06	
3.65525e+06	3.67675e+06	3.6705e+06	3.69075e+06	3.7095e+06	
3.75925e+06	3.76825e+06	3.70775e+06	3.75425e+06	3.7725e+06	
3.7945e+06	3.777e+06	3.81425e+06	3.85325e+06	3.8475e+06	
3.93325e+06	3.92875e+06	3.954e+06	3.939e+06	3.93125e+06	
3.9515e+06	3.951e+06	4.00625e+06	3.947e+06	3.922e+06	
3.81975e+06	3.876e+06	3.913e+06	3.86025e+06	3.82175e+06	
3.77625e+06	3.7895e+06	3.7655e+06	3.721e+06	3.78775e+06	
3.76625e+06	3.78e+06	3.7505e+06	3.775e+06	3.731e+06	
3.8405e+06	3.82925e+06	3.818e+06	3.843e+06	3.784e+06	
3.7915e+06	3.7775e+06	3.8065e+06	3.77325e+06	3.8135e+06	
3.83425e+06	3.901e+06	3.8545e+06	3.87475e+06	3.8235e+06	
3.927e+06	3.91875e+06	3.9245e+06	3.91425e+06	3.88475e+06	
3.88025e+06	3.91875e+06	3.90425e+06	3.89975e+06	3.87025e+06	
3.88975e+06	3.874e+06	3.91625e+06	3.91125e+06	3.8375e+06	
3.95725e+06	3.9365e+06	3.947e+06	4.01525e+06	3.9875e+06	
4.116e+06	4.0825e+06	4.0845e+06	4.135e+06	4.04675e+06	
4.24075e+06	4.18975e+06	4.237e+06	4.16e+06	4.1335e+06	
4.24525e+06	4.26275e+06	4.19925e+06	4.3e+06	4.24525e+06	
4.218e+06	4.23325e+06	4.19975e+06	4.24775e+06	4.20225e+06	
4.121e+06	4.0435e+06	4.053e+06	4.106e+06	4.1185e+06	
4.08575e+06	4.0625e+06	4.0095e+06	3.9995e+06	3.97175e+06	
3.978e+06	3.9785e+06	3.9635e+06	4.03975e+06	3.96725e+06	
3.94825e+06	3.90925e+06	3.97225e+06	3.9445e+06	3.91925e+06	
4.14925e+06	4.12175e+06	4.0605e+06	4.11225e+06	4.0895e+06	
4.2155e+06	4.1185e+06	4.19025e+06	4.20675e+06	4.22425e+06	
4.1815e+06	4.28675e+06	4.23e+06	4.22e+06	4.206e+06	
4.2055e+06	4.24e+06	4.24275e+06	4.235e+06	4.2445e+06	
4.2085e+06	4.24325e+06	4.237e+06	4.2585e+06	4.21675e+06	
4.21425e+06	4.24075e+06	4.179e+06	4.18475e+06	4.1835e+06	
4.22e+06	4.29875e+06	4.26025e+06	4.27475e+06	4.23575e+06	
4.3465e+06	4.36875e+06	4.344e+06	4.36175e+06	4.42025e+06	
4.2565e+06	4.339e+06	4.3265e+06	4.286e+06	4.2345e+06	
4.30175e+06	4.28925e+06	4.29625e+06	4.225e+06	4.23825e+06	
4.1085e+06	4.046e+06	4.09575e+06	4.126e+06	4.0825e+06	
4.184e+06	4.11275e+06	4.2055e+06	4.0995e+06	4.1165e+06	
4.254e+06	4.2545e+06	4.24275e+06	4.2175e+06	4.23e+06	
4.35975e+06	4.264e+06	4.34475e+06	4.307e+06	4.24075e+06	
4.25775e+06	4.2515e+06	4.30575e+06	4.27725e+06	4.21375e+06	
4.07575e+06	4.102e+06	4.15125e+06	4.16775e+06	4.12925e+06	
3.9735e+06	4.01325e+06	3.9995e+06	3.944e+06	3.9735e+06	
3.78125e+06	3.6635e+06	3.67225e+06	3.77075e+06	3.64725e+06	
3.4765e+06	3.48025e+06	3.49025e+06	3.46125e+06	3.43975e+06	
3.424e+06	3.39825e+06	3.41275e+06	3.42775e+06	3.3555e+06	
3.53875e+06	3.49025e+06	3.42775e+06	3.4765e+06	3.4845e+06	
3.87475e+06	3.9785e+06	3.92875e+06	3.954e+06	3.939e+06	
4.41725e+06	4.399e+06	4.39825e+06	4.344e+06	4.36175e+06	
4.683e+06	4.704e+06	4.65975e+06	4.64525e+06	4.71275e+06	
4.6585e+06	4.58975e+06	4.591e+06	4.6315e+06	4.6e+06	
4.62775e+06	4.64725e+06	4.576e+06	4.615e+06	4.61075e+06	
4.85325e+06	4.73675e+06	4.69625e+06	4.74675e+06	4.68e+06	
4.7455e+06	4.6945e+06	4.68175e+06	4.632e+06	4.64975e+06	
4.46875e+06	4.40825e+06	4.448e+06	4.5205e+06	4.44175e+06	
4.4475e+06	4.4385e+06	4.48725e+06	4.491e+06	4.40825e+06	
4.69575e+06	4.65725e+06	4.6435e+06	4.605e+06	4.57975e+06	
4.85775e+06	4.77e+06	4.789e+06	4.74475e+06	4.72025e+06	
4.8955e+06	4.927e+06	4.93075e+06	4.93825e+06	4.88675e+06	
4.988e+06	4.96675e+06	5.01775e+06	5.101e+06	5.02725e+06	
5.2395e+06	5.18975e+06	5.14425e+06	5.28225e+06	5.20475e+06	
5.2175e+06	5.2585e+06	5.2325e+06	5.23775e+06	5.1835e+06	
5.2515e+06	5.232e+06	5.26025e+06	5.198e+06	5.193e+06	
5.18725e+06	5.198e+06	5.22375e+06	5.288e+06	5.222e+06	
5.1785e+06	5.198e+06	5.1135e+06	5.1035e+06	5.14875e+06	
4.96725e+06	4.91625e+06	4.8785e+06	4.96475e+06	4.905e+06	
4.876e+06	4.85575e+06	4.83675e+06	4.81175e+06	4.81225e+06	
4.7505e+06	4.6875e+06	4.71075e+06	4.75375e+06	4.69575e+06	
4.944e+06	4.934e+06	4.89175e+06	4.84325e+06	4.88025e+06	
5.15625e+06	5.0825e+06	5.13625e+06	5.18525e+06	5.169e+06	
5.20925e+06	5.15625e+06	5.2395e+06	5.193e+06	5.14425e+06	
5.21675e+06	5.193e+06	5.20475e+06	5.21375e+06	5.23625e+06	
5.189e+06	5.17025e+06	5.16075e+06	5.133e+06	5.13675e+06	
5.402e+06	5.281e+06	5.339e+06	5.30875e+06	5.283e+06	
5.503e+06	5.479e+06	5.46e+06	5.4455e+06	5.40325e+06	
5.6995e+06	5.66675e+06	5.6705e+06	5.67e+06	5.593e+06	
5.63525e+06	5.67125e+06	5.66475e+06	5.67925e+06	5.6655e+06	
5.799e+06	5.84125e+06	5.81175e+06	5.8255e+06	5.82e+06	
5.92825e+06	5.88425e+06	5.85775e+06	5.86775e+06	5.81475e+06	
5.879e+06	5.818e+06	5.772e+06	5.7765e+06	5.77e+06	
5.709e+06	5.74925e+06	5.70325e+06	5.6945e+06	5.68625e+06	
5.86475e+06	5.7935e+06	5.8155e+06	5.80475e+06	5.813e+06	
5.85575e+06	5.8105e+06	5.88975e+06	5.8765e+06	5.75175e+06	
5.8665e+06	5.79025e+06	5.922e+06	5.96725e+06	5.9345e+06	
5.97425e+06	5.94975e+06	5.86525e+06	5.987e+06	5.8905e+06	
5.956e+06	5.937e+06	5.97925e+06	5.94075e+06	5.87275e+06	
5.697e+06	5.658e+06	5.7645e+06	5.69375e+06	5.675e+06	
5.622e+06	5.6045e+06	5.6215e+06	5.66175e+06	5.57925e+06	
5.79775e+06	5.74675e+06	5.7675e+06	5.74625e+06	5.682e+06	
5.9295e+06	5.876e+06	5.91575e+06	5.85025e+06	5.8325e+06	
5.90675e+06	5.973e+06	5.932e+06	5.9825e+06	5.84125e+06	
6.174e+06	6.17475e+06	6.22325e+06	6.13875e+06	6.1205e+06	
6.157e+06	6.2225e+06	6.135e+06	6.232e+06	6.0865e+06	
6.14875e+06	6.135e+06	6.22325e+06	6.225e+06	6.193e+06	
6.25775e+06	6.193e+06	6.247e+06	6.30375e+06	6.1905e+06	
6.16075e+06	6.1785e+06	6.201e+06	6.268e+06	6.205e+06	
6.196e+06	6.27675e+06	6.14375e+06	6.205e+06	6.26975e+06	
6.34225e+06	6.346e+06	6.33775e+06	6.38125e+06	6.31825e+06	
6.355e+06	6.39075e+06	6.309e+06	6.336e+06	6.30125e+06	
6.506e+06	6.5495e+06	6.46325e+06	6.53325e+06	6.46525e+06	
6.663e+06	6.677e+06	6.677e+06	6.71775e+06	6.72925e+06	
6.57975e+06	6.62775e+06	6.53375e+06	6.65225e+06	6.53625e+06	
6.581e+06	6.4835e+06	6.55025e+06	6.5175e+06	6.54275e+06	
6.59125e+06	6.56025e+06	6.56475e+06	6.6385e+06	6.55975e+06	
6.46775e+06	6.414e+06	6.34675e+06	6.43125e+06	6.3655e+06	
6.29175e+06	6.2345e+06	6.19425e+06	6.334e+06	6.27425e+06	
6.0525e+06	6.06375e+06	6.06575e+06	6.038e+06	5.90675e+06	
6.2395e+06	6.16775e+06	6.1885e+06	6.1355e+06	6.1645e+06	
6.1905e+06	6.191e+06	6.21375e+06	6.22875e+06	6.12675e+06	
6.36425e+06	6.4495e+06	6.39075e+06	6.38375e+06	6.2995e+06	
6.484e+06	6.3775e+06	6.37875e+06	6.46275e+06	6.31525e+06	
6.40975e+06	6.375e+06	6.331e+06	6.3535e+06	6.32475e+06	
6.41675e+06	6.358e+06	6.40975e+06	6.3315e+06	6.25275e+06	
6.40475e+06	6.58625e+06	6.5445e+06	6.57975e+06	6.42425e+06	
6.50425e+06	6.45575e+06	6.54775e+06	6.5035e+06	6.455e+06	
6.6485e+06	6.64925e+06	6.6245e+06	6.55975e+06	6.58675e+06	
6.6025e+06	6.639e+06	6.6725e+06	6.58925e+06	6.5245e+06	
6.63225e+06	6.57175e+06	6.70325e+06	6.6605e+06	6.61325e+06	
6.8635e+06	6.857e+06	6.75325e+06	6.762e+06	6.77575e+06	
6.7405e+06	6.73225e+06	6.6965e+06	6.72975e+06	6.72725e+06	
6.61575e+06	6.566e+06	6.5925e+06	6.641e+06	6.581e+06	
6.631e+06	6.6945e+06	6.65175e+06	6.54325e+06	6.59175e+06	
6.5535e+06	6.54075e+06	6.71025e+06	6.665e+06	6.578e+06	
6.67175e+06	6.6435e+06	6.63275e+06	6.65975e+06	6.64275e+06	
6.68825e+06	6.61125e+06	6.65475e+06	6.66175e+06	6.5735e+06	
6.7505e+06	6.5685e+06	6.59175e+06	6.69525e+06	6.68575e+06	
6.76075e+06	6.774e+06	6.7135e+06	6.85825e+06	6.72725e+06	
6.7765e+06	6.6995e+06	6.75375e+06	6.83825e+06	6.68e+06	
6.973e+06	6.951e+06	6.98875e+06	6.94525e+06	6.815e+06	
6.9295e+06	6.95925e+06	6.8925e+06	6.90625e+06	6.895e+06	
6.94525e+06	6.929e+06	6.97925e+06	6.958e+06	7.01775e+06	
7.07375e+06	7.04675e+06	7.10725e+06	7.16975e+06	7.07525e+06	
7.0115e+06	7.05875e+06	7.02775e+06	7.05375e+06	6.9755e+06	
7.193e+06	7.009e+06	6.96225e+06	6.9825e+06	7.043e+06	
7.09025e+06	7.079e+06	7.0505e+06	7.14575e+06	7.13625e+06	
7.14375e+06	7.16975e+06	7.05875e+06	7.038e+06	7.05125e+06	
7.02025e+06	6.98375e+06	6.91075e+06	6.9345e+06	7.06875e+06	
6.92325e+06	6.89175e+06	6.94025e+06	6.9925e+06	6.9195e+06	
6.95725e+06	6.9385e+06	7.08525e+06	6.95425e+06	6.93025e+06	
6.91875e+06	6.9005e+06	6.852e+06	6.91125e+06	6.83075e+06	
7.0625e+06	7.02025e+06	7.072e+06	7.05375e+06	6.96875e+06	
7.0625e+06	7.11725e+06	7.14875e+06	7.084e+06	7.01025e+06	
7.169e+06	7.0815e+06	7.2535e+06	7.2705e+06	7.16075e+06	
7.0475e+06	6.9345e+06	6.99825e+06	7.02225e+06	7.0215e+06	
7.026e+06	7.0015e+06	6.9675e+06	7.04625e+06	6.997e+06	
7.113e+06	7.15075e+06	7.09475e+06	7.14375e+06	7.06075e+06	
7.1595e+06	7.1475e+06	7.225e+06	7.15e+06	7.13175e+06	
7.29575e+06	7.2485e+06	7.30125e+06	7.208e+06	7.1445e+06	
7.2605e+06	7.3385e+06	7.2585e+06	7.25025e+06	7.19425e+06	
7.445e+06	7.43e+06	7.4155e+06	7.48275e+06	7.43425e+06	
7.44825e+06	7.40525e+06	7.44375e+06	7.491e+06	7.389e+06	
7.44e+06	7.4135e+06	7.51825e+06	7.445e+06	7.4235e+06	
7.445e+06	7.35675e+06	7.43125e+06	7.49925e+06	7.4475e+06	
7.45775e+06	7.39975e+06	7.4325e+06	7.47025e+06	7.38275e+06	
7.275e+06	7.2775e+06	7.26425e+06	7.26725e+06	7.28875e+06	
7.47975e+06	7.413e+06	7.36875e+06	7.4355e+06	7.387e+06	
7.6e+06	7.49725e+06	7.55725e+06	7.5395e+06	7.4495e+06	
7.73875e+06	7.65175e+06	7.58425e+06	7.786e+06	7.6265e+06	
8.05625e+06	8.02225e+06	7.9605e+06	7.89875e+06	7.99e+06	
8.00025e+06	8.0255e+06	7.94975e+06	8.02425e+06	7.8735e+06	
7.9415e+06	7.96875e+06	7.92775e+06	7.9585e+06	7.9845e+06	
7.8905e+06	7.9415e+06	7.83e+06	7.86025e+06	7.8445e+06	
8.0885e+06	8.01475e+06	8.062e+06	8.101e+06	7.98575e+06	
8.11475e+06	8.03225e+06	8.0645e+06	8.0285e+06	8.0305e+06	
8.29875e+06	8.1425e+06	8.251e+06	8.283e+06	8.03725e+06	
8.45825e+06	8.4155e+06	8.35425e+06	8.42425e+06	8.496e+06	
8.41175e+06	8.4155e+06	8.38775e+06	8.38275e+06	8.3215e+06	
8.483e+06	8.447e+06	8.44075e+06	8.4765e+06	8.40975e+06	
8.48475e+06	8.42675e+06	8.44825e+06	8.401e+06	8.35425e+06	
8.4305e+06	8.496e+06	8.4495e+06	8.52575e+06	8.4015e+06	
8.573e+06	8.5225e+06	8.44825e+06	8.4765e+06	8.51875e+06	
8.54075e+06	8.559e+06	8.5075e+06	8.5415e+06	8.423e+06	
8.704e+06	8.6655e+06	8.709e+06	8.7235e+06	8.713e+06	
8.8785e+06	8.93525e+06	8.9875e+06	8.88625e+06	8.839e+06	
9.17675e+06	9.12375e+06	9.1835e+06	9.15775e+06	9.13825e+06	
9.026e+06	9.04625e+06	9.0165e+06	9.1495e+06	9.02675e+06	
9.14775e+06	9.23725e+06	9.127e+06	9.1905e+06	9.1755e+06	
9.1735e+06	9.17975e+06	9.2605e+06	9.19125e+06	9.0885e+06	
9.53075e+06	9.44825e+06	9.4905e+06	9.53325e+06	9.45275e+06	
9.4665e+06	9.43e+06	9.5095e+06	9.46075e+06	9.527e+06	
9.5225e+06	9.40175e+06	9.4545e+06	9.53275e+06	9.42675e+06	
9.776e+06	9.687e+06	9.69275e+06	9.73175e+06	9.70275e+06	
9.7475e+06	9.6675e+06	9.64475e+06	9.793e+06	9.6935e+06	
9.73175e+06	9.5975e+06	9.71925e+06	9.76075e+06	9.6045e+06	
9.8345e+06	9.83025e+06	9.76775e+06	9.78275e+06	9.7425e+06	
9.965e+06	9.96e+06	9.936e+06	1.00292e+07	9.8905e+06	
9.98325e+06	1.00658e+07	9.98575e+06	1.00418e+07	9.977e+06	
1.013e+07	1.01548e+07	1.01192e+07	1.01892e+07	9.992e+06	
9.95375e+06	9.953e+06	9.97e+06	9.9795e+06	9.861e+06	
1.02025e+07	1.0115e+07	1.0081e+07	1.0101e+07	1.0096e+07	
1.0156e+07	1.01308e+07	1.00608e+07	1.0159e+07	1.0023e+07	
1.0176e+07	1.02178e+07	1.0156e+07	1.02522e+07	1.00872e+07	
1.00015e+07	1.00388e+07	1.00562e+07	1.0016e+07	1.00305e+07	
1.03368e+07	1.02518e+07	1.03475e+07	1.03368e+07	1.0144e+07	
1.01232e+07	1.0047e+07	1.01018e+07	1.00475e+07	1.00098e+07	
9.752e+06	9.8465e+06	9.74875e+06	9.87875e+06	9.86975e+06	
9.2895e+06	9.1715e+06	9.273e+06	9.21575e+06	9.26675e+06	
8.992e+06	8.9875e+06	8.9575e+06	8.94225e+06	8.77475e+06	
8.86475e+06	8.86225e+06	8.81425e+06	8.80425e+06	8.883e+06	
9.25425e+06	9.205e+06	9.178e+06	9.17225e+06	9.14325e+06	
9.6625e+06	9.6795e+06	9.701e+06	9.7985e+06	9.595e+06	
9.95425e+06	9.87875e+06	9.951e+06	1.0057e+07	9.919e+06	
1.03752e+07	1.0437e+07	1.02808e+07	1.0365e+07	1.02762e+07	
1.04478e+07	1.05688e+07	1.05435e+07	1.0517e+07	1.0357e+07	
1.03878e+07	1.04678e+07	1.03505e+07	1.04175e+07	1.0379e+07	
1.04848e+07	1.04955e+07	1.0432e+07	1.0544e+07	1.04358e+07	
1.08395e+07	1.08295e+07	1.0846e+07	1.08725e+07	1.072e+07	
1.1088e+07	1.11175e+07	1.10408e+07	1.10815e+07	1.0982e+07	
1.13852e+07	1.12352e+07	1.13272e+07	1.13052e+07	1.12115e+07	
1.11208e+07	1.11105e+07	1.12398e+07	1.12442e+07	1.11655e+07	
1.13532e+07	1.12932e+07	1.13732e+07	1.11672e+07	1.12758e+07	
1.12762e+07	1.1081e+07	1.1205e+07	1.12522e+07	1.1209e+07	
1.09832e+07	1.09222e+07	1.09152e+07	1.113e+07	1.09442e+07	
1.07968e+07	1.07898e+07	1.07602e+07	1.072e+07	1.08195e+07	
1.08535e+07	1.0851e+07	1.06732e+07	1.08042e+07	1.06688e+07	
1.1117e+07	1.10545e+07	1.11535e+07	1.10885e+07	1.10392e+07	
1.13318e+07	1.1345e+07	1.1401e+07	1.14382e+07	1.1427e+07	
1.13872e+07	1.1437e+07	1.13368e+07	1.14362e+07	1.13438e+07	
1.13305e+07	1.1401e+07	1.1447e+07	1.14822e+07	1.13292e+07	
1.1544e+07	1.15315e+07	1.15282e+07	1.14968e+07	1.15485e+07	
1.16848e+07	1.17615e+07	1.16828e+07	1.18555e+07	1.16682e+07	
1.19065e+07	1.18112e+07	1.17722e+07	1.19058e+07	1.174e+07	
1.16998e+07	1.1633e+07	1.17855e+07	1.18908e+07	1.16608e+07	
1.1757e+07	1.17722e+07	1.17755e+07	1.18738e+07	1.18005e+07	
1.19372e+07	1.19148e+07	1.18598e+07	1.1747e+07	1.17768e+07	
1.1885e+07	1.18882e+07	1.19198e+07	1.1904e+07	1.1761e+07	
1.19418e+07	1.19438e+07	1.18398e+07	1.19542e+07	1.19028e+07	
1.1953e+07	1.19148e+07	1.19015e+07	1.20678e+07	1.18958e+07	
1.20462e+07	1.1938e+07	1.20172e+07	1.20528e+07	1.19392e+07	
1.20268e+07	1.19902e+07	1.19348e+07	1.2011e+07	1.19828e+07	
1.16272e+07	1.17842e+07	1.17358e+07	1.16848e+07	1.17495e+07	
1.16935e+07	1.15422e+07	1.1563e+07	1.16732e+07	1.17005e+07	
1.16512e+07	1.15605e+07	1.1604e+07	1.1604e+07	1.16682e+07	
1.18365e+07	1.16475e+07	1.17818e+07	1.18912e+07	1.1793e+07	
1.19128e+07	1.17798e+07	1.1907e+07	1.19725e+07	1.19095e+07	
1.1902e+07	1.17848e+07	1.17772e+07	1.19028e+07	1.17452e+07	
1.17458e+07	1.1737e+07	1.1715e+07	1.17582e+07	1.15945e+07	
1.15258e+07	1.14515e+07	1.14238e+07	1.1565e+07	1.14205e+07	
1.14295e+07	1.1529e+07	1.1427e+07	1.13595e+07	1.13268e+07	
1.1456e+07	1.1444e+07	1.13615e+07	1.13955e+07	1.1374e+07	
1.1413e+07	1.13582e+07	1.13608e+07	1.13852e+07	1.1362e+07	
1.1408e+07	1.12915e+07	1.14792e+07	1.13388e+07	1.13562e+07	
1.14602e+07	1.14358e+07	1.15265e+07	1.1539e+07	1.13955e+07	
1.1749e+07	1.17748e+07	1.16268e+07	1.16418e+07	1.1619e+07	
1.1771e+07	1.1926e+07	1.18332e+07	1.18315e+07	1.17792e+07	
1.19008e+07	1.17635e+07	1.18642e+07	1.1805e+07	1.17665e+07	
1.1761e+07	1.17628e+07	1.1708e+07	1.1672e+07	1.17968e+07	
1.1633e+07	1.16475e+07	1.1524e+07	1.1684e+07	1.15555e+07	
1.17772e+07	1.17375e+07	1.18145e+07	1.17502e+07	1.16782e+07	
1.18555e+07	1.1856e+07	1.20565e+07	1.1941e+07	1.1849e+07	
1.2098e+07	1.21212e+07	1.2033e+07	1.20375e+07	1.19878e+07	
1.22915e+07	1.219e+07	1.23342e+07	1.23135e+07	1.2188e+07	
1.23545e+07	1.22688e+07	1.23002e+07	1.23122e+07	1.23072e+07	
1.25088e+07	1.23852e+07	1.24022e+07	1.2422e+07	1.2381e+07	
1.2214e+07	1.22228e+07	1.21188e+07	1.21925e+07	1.21025e+07	
1.22845e+07	1.22132e+07	1.21478e+07	1.2204e+07	1.21328e+07	
1.20425e+07	1.19372e+07	1.20338e+07	1.20242e+07	1.1982e+07	
1.19052e+07	1.18082e+07	1.19032e+07	1.1812e+07	1.18195e+07	
1.1841e+07	1.17438e+07	1.17238e+07	1.18138e+07	1.17382e+07	
1.18422e+07	1.18112e+07	1.19008e+07	1.18328e+07	1.18005e+07	
1.218e+07	1.21522e+07	1.22945e+07	1.22252e+07	1.2103e+07	
1.22845e+07	1.23355e+07	1.23695e+07	1.2229e+07	1.22605e+07	
1.23255e+07	1.21635e+07	1.22492e+07	1.22485e+07	1.22322e+07	
1.22278e+07	1.21868e+07	1.2149e+07	1.21908e+07	1.20872e+07	
1.21088e+07	1.19815e+07	1.20462e+07	1.20602e+07	1.20312e+07	
1.20645e+07	1.21088e+07	1.22052e+07	1.20632e+07	1.20022e+07	
1.22468e+07	1.22815e+07	1.2238e+07	1.2311e+07	1.2144e+07	
1.25485e+07	1.24458e+07	1.24208e+07	1.24548e+07	1.24352e+07	
1.23595e+07	1.23392e+07	1.23355e+07	1.23802e+07	1.21345e+07	
1.23318e+07	1.22708e+07	1.22348e+07	1.2195e+07	1.22448e+07	
1.23905e+07	1.22222e+07	1.23118e+07	1.24578e+07	1.23375e+07	
1.21498e+07	1.21158e+07	1.21478e+07	1.22132e+07	1.20948e+07	
1.20085e+07	1.1919e+07	1.2088e+07	1.2004e+07	1.19355e+07	
1.21358e+07	1.20942e+07	1.20408e+07	1.21648e+07	1.1955e+07	
1.18282e+07	1.19438e+07	1.19488e+07	1.1858e+07	1.18718e+07	
1.18208e+07	1.18112e+07	1.18498e+07	1.1711e+07	1.1715e+07	
1.1873e+07	1.18585e+07	1.19608e+07	1.18435e+07	1.1924e+07	
1.20545e+07	1.19265e+07	1.19002e+07	1.19568e+07	1.19512e+07	
1.20855e+07	1.21792e+07	1.19625e+07	1.20885e+07	1.19575e+07	
1.21825e+07	1.21092e+07	1.2137e+07	1.2035e+07	1.20002e+07	
1.19015e+07	1.18742e+07	1.18945e+07	1.195e+07	1.1885e+07	
1.16052e+07	1.1478e+07	1.14508e+07	1.1619e+07	1.1415e+07	
1.1042e+07	1.0975e+07	1.10388e+07	1.1105e+07	1.08792e+07	
1.07495e+07	1.08195e+07	1.07652e+07	1.07955e+07	1.06658e+07	
1.09252e+07	1.08332e+07	1.09555e+07	1.08755e+07	1.06948e+07	
1.10318e+07	1.10815e+07	1.10375e+07	1.10652e+07	1.09605e+07	
1.1035e+07	1.1018e+07	1.10652e+07	1.11378e+07	1.09815e+07	
1.11868e+07	1.1113e+07	1.11365e+07	1.1086e+07	1.103e+07	
1.13582e+07	1.14238e+07	1.13312e+07	1.14635e+07	1.1255e+07	
1.1686e+07	1.15882e+07	1.15928e+07	1.15598e+07	1.1471e+07	
1.18082e+07	1.18372e+07	1.17622e+07	1.1887e+07	1.17412e+07	
1.2004e+07	1.2066e+07	1.20545e+07	1.20048e+07	1.19998e+07	
1.2125e+07	1.21038e+07	1.21e+07	1.21415e+07	1.20698e+07	
1.21515e+07	1.21402e+07	1.22252e+07	1.2188e+07	1.20608e+07	
1.23102e+07	1.22682e+07	1.22625e+07	1.23102e+07	1.21478e+07	
1.23172e+07	1.22738e+07	1.23135e+07	1.23355e+07	1.2318e+07	
1.24395e+07	1.25032e+07	1.2461e+07	1.2466e+07	1.23462e+07	
1.25e+07	1.23985e+07	1.23462e+07	1.24792e+07	1.23918e+07	
1.22108e+07	1.22605e+07	1.2236e+07	1.23185e+07	1.22802e+07	
1.23392e+07	1.2178e+07	1.21742e+07	1.21908e+07	1.2079e+07	
1.21812e+07	1.22215e+07	1.22435e+07	1.21932e+07	1.2134e+07	
1.22625e+07	1.23615e+07	1.24812e+07	1.24332e+07	1.23155e+07	
1.26115e+07	1.27238e+07	1.2589e+07	1.26078e+07	1.25902e+07	
1.28378e+07	1.27718e+07	1.27482e+07	1.2875e+07	1.27388e+07	
1.2868e+07	1.27205e+07	1.28548e+07	1.27962e+07	1.2793e+07	
1.28062e+07	1.27722e+07	1.27685e+07	1.2781e+07	1.27742e+07	
1.27338e+07	1.28498e+07	1.28e+07	1.28315e+07	1.27262e+07	
1.26902e+07	1.27338e+07	1.2747e+07	1.27162e+07	1.27162e+07	
1.24918e+07	1.24668e+07	1.24055e+07	1.25195e+07	1.23872e+07	
1.22272e+07	1.21938e+07	1.2129e+07	1.21925e+07	1.20122e+07	
1.17288e+07	1.164e+07	1.16985e+07	1.1725e+07	1.1708e+07	
1.18125e+07	1.17635e+07	1.17872e+07	1.17892e+07	1.1781e+07	
1.19882e+07	1.18302e+07	1.19298e+07	1.1994e+07	1.19335e+07	
1.21692e+07	1.22082e+07	1.2267e+07	1.21315e+07	1.21018e+07	
1.24312e+07	1.24648e+07	1.2386e+07	1.24705e+07	1.24698e+07	
1.25952e+07	1.27238e+07	1.26758e+07	1.27622e+07	1.26798e+07	
1.29815e+07	1.29745e+07	1.29335e+07	1.30312e+07	1.28335e+07	
1.303e+07	1.30975e+07	1.31345e+07	1.31062e+07	1.2984e+07	
1.3083e+07	1.295e+07	1.28858e+07	1.2962e+07	1.28738e+07	
1.30425e+07	1.29972e+07	1.28888e+07	1.295e+07	1.29935e+07	
1.31082e+07	1.29128e+07	1.30388e+07	1.2977e+07	1.29248e+07	
1.30968e+07	1.30582e+07	1.32102e+07	1.30728e+07	1.30205e+07	
1.31478e+07	1.3175e+07	1.32102e+07	1.31175e+07	1.31308e+07	
1.31755e+07	1.31415e+07	1.31912e+07	1.3241e+07	1.31542e+07	
1.3212e+07	1.3173e+07	1.31252e+07	1.31982e+07	1.3035e+07	
1.29688e+07	1.28245e+07	1.2957e+07	1.29715e+07	1.27988e+07	
1.26822e+07	1.26538e+07	1.2565e+07	1.2766e+07	1.25908e+07	
1.25208e+07	1.2526e+07	1.24552e+07	1.24818e+07	1.25062e+07	
1.24602e+07	1.26072e+07	1.2548e+07	1.24692e+07	1.24988e+07	
1.27698e+07	1.26658e+07	1.26645e+07	1.26582e+07	1.26438e+07	
1.27138e+07	1.27072e+07	1.25668e+07	1.27792e+07	1.26362e+07	
1.28542e+07	1.27338e+07	1.26342e+07	1.27042e+07	1.25978e+07	
1.27772e+07	1.28038e+07	1.26625e+07	1.27465e+07	1.26325e+07	
1.29412e+07	1.28265e+07	1.2899e+07	1.2957e+07	1.2921e+07	
1.30552e+07	1.29745e+07	1.30382e+07	1.30842e+07	1.29418e+07	
1.30502e+07	1.31252e+07	1.31378e+07	1.3137e+07	1.30552e+07	
1.30698e+07	1.30955e+07	1.29662e+07	1.3185e+07	1.2982e+07	
1.28965e+07	1.28755e+07	1.28642e+07	1.30162e+07	1.28895e+07	
1.26292e+07	1.28165e+07	1.2742e+07	1.266e+07	1.26405e+07	
1.27295e+07	1.266e+07	1.26172e+07	1.26695e+07	1.266e+07	
1.28228e+07	1.2643e+07	1.2614e+07	1.26508e+07	1.25518e+07	
1.2633e+07	1.27382e+07	1.2764e+07	1.27792e+07	1.2626e+07	
1.2834e+07	1.2836e+07	1.27532e+07	1.28385e+07	1.27798e+07	
1.28125e+07	1.2892e+07	1.28082e+07	1.28692e+07	1.27325e+07	
1.2827e+07	1.27698e+07	1.27722e+07	1.28882e+07	1.2674e+07	
1.27892e+07	1.2749e+07	1.26612e+07	1.2885e+07	1.27205e+07	
1.27338e+07	1.25152e+07	1.2657e+07	1.27162e+07	1.25485e+07	
1.23955e+07	1.24332e+07	1.23968e+07	1.2413e+07	1.23318e+07	
1.23255e+07	1.22732e+07	1.22932e+07	1.22555e+07	1.22128e+07	
1.22712e+07	1.22198e+07	1.21465e+07	1.23798e+07	1.22132e+07	
1.22978e+07	1.21895e+07	1.22472e+07	1.22032e+07	1.21282e+07	
1.23432e+07	1.2284e+07	1.23288e+07	1.23155e+07	1.21838e+07	
1.25505e+07	1.24812e+07	1.2546e+07	1.2572e+07	1.24622e+07	
1.24958e+07	1.2434e+07	1.2338e+07	1.23948e+07	1.23102e+07	
1.24408e+07	1.23102e+07	1.2415e+07	1.2393e+07	1.23312e+07	
1.26292e+07	1.25232e+07	1.24982e+07	1.25075e+07	1.24005e+07	
1.24502e+07	1.2359e+07	1.24705e+07	1.23848e+07	1.23512e+07	
1.25952e+07	1.2631e+07	1.25278e+07	1.25265e+07	1.24502e+07	
1.26298e+07	1.25032e+07	1.258e+07	1.26035e+07	1.2565e+07	
1.26852e+07	1.26152e+07	1.25365e+07	1.26022e+07	1.26065e+07	
1.24332e+07	1.24925e+07	1.25845e+07	1.24818e+07	1.24925e+07	
1.26902e+07	1.26268e+07	1.26765e+07	1.2674e+07	1.2609e+07	
1.27892e+07	1.27955e+07	1.26822e+07	1.27432e+07	1.264e+07	
1.26915e+07	1.26325e+07	1.25788e+07	1.2585e+07	1.25285e+07	
1.25832e+07	1.25612e+07	1.26248e+07	1.26072e+07	1.2548e+07	
1.266e+07	1.26405e+07	1.2524e+07	1.2575e+07	1.24352e+07	
1.25542e+07	1.24925e+07	1.25965e+07	1.24982e+07	1.24382e+07	
1.24942e+07	1.24522e+07	1.24445e+07	1.25908e+07	1.24168e+07	
1.23922e+07	1.22882e+07	1.24208e+07	1.23582e+07	1.23425e+07	
1.2197e+07	1.21648e+07	1.21105e+07	1.2306e+07	1.22348e+07	
1.2229e+07	1.22538e+07	1.22568e+07	1.23318e+07	1.2142e+07	
1.2505e+07	1.23292e+07	1.23488e+07	1.2258e+07	1.2292e+07	
1.24138e+07	1.24642e+07	1.2362e+07	1.2483e+07	1.23292e+07	
1.25115e+07	1.23458e+07	1.2388e+07	1.2478e+07	1.23135e+07	
1.24718e+07	1.23632e+07	1.24295e+07	1.24325e+07	1.23735e+07	
1.2316e+07	1.2451e+07	1.2388e+07	1.23802e+07	1.23708e+07	
1.24718e+07	1.23968e+07	1.2401e+07	1.24742e+07	1.25102e+07	
1.23458e+07	1.24428e+07	1.25745e+07	1.2505e+07	1.23892e+07	
1.24232e+07	1.23142e+07	1.23512e+07	1.22895e+07	1.22915e+07	
1.2396e+07	1.23168e+07	1.23608e+07	1.2398e+07	1.22775e+07	
1.24402e+07	1.24055e+07	1.2437e+07	1.23802e+07	1.24062e+07	
1.25588e+07	1.23798e+07	1.23595e+07	1.24755e+07	1.22448e+07	
1.24768e+07	1.23955e+07	1.24345e+07	1.2449e+07	1.23608e+07	
1.24358e+07	1.23602e+07	1.2304e+07	1.23602e+07	1.22252e+07	
1.2323e+07	1.2359e+07	1.24452e+07	1.24938e+07	1.23972e+07	
1.24142e+07	1.24245e+07	1.22738e+07	1.2345e+07	1.2192e+07	
1.2379e+07	1.23578e+07	1.24672e+07	1.23438e+07	1.22978e+07	
1.24792e+07	1.24245e+07	1.24075e+07	1.24642e+07	1.2289e+07	
1.24722e+07	1.2359e+07	1.24635e+07	1.26235e+07	1.23922e+07	
1.25588e+07	1.24088e+07	1.2485e+07	1.24672e+07	1.24535e+07	
1.2541e+07	1.25562e+07	1.24105e+07	1.25895e+07	1.242e+07	
1.2439e+07	1.25215e+07	1.24552e+07	1.25878e+07	1.24062e+07	
1.23658e+07	1.23835e+07	1.2306e+07	1.23985e+07	1.23678e+07	
1.2338e+07	1.226e+07	1.2248e+07	1.23368e+07	1.23172e+07	
1.2156e+07	1.21378e+07	1.21528e+07	1.22575e+07	1.20918e+07	
1.20702e+07	1.20338e+07	1.20172e+07	1.1967e+07	1.19015e+07	
1.1974e+07	1.1958e+07	1.20855e+07	1.19752e+07	1.1912e+07	
1.2125e+07	1.21315e+07	1.21e+07	1.20872e+07	1.20765e+07	
1.20735e+07	1.20292e+07	1.2008e+07	1.2059e+07	1.20098e+07	
1.202e+07	1.20288e+07	1.19782e+07	1.20685e+07	1.20595e+07	
1.1749e+07	1.1752e+07	1.17362e+07	1.16972e+07	1.17338e+07	
1.18058e+07	1.18215e+07	1.173e+07	1.18642e+07	1.17698e+07	
1.16935e+07	1.17042e+07	1.17968e+07	1.17312e+07	1.16335e+07	
1.17622e+07	1.17425e+07	1.17735e+07	1.17822e+07	1.16128e+07	
1.1866e+07	1.17648e+07	1.18175e+07	1.18845e+07	1.1657e+07	
1.2037e+07	1.1904e+07	1.18768e+07	1.1982e+07	1.1805e+07	
1.20515e+07	1.20105e+07	1.20022e+07	1.20342e+07	1.189e+07	
1.21402e+07	1.2112e+07	1.21138e+07	1.20885e+07	1.20802e+07	
1.20338e+07	1.20225e+07	1.20582e+07	1.20338e+07	1.1979e+07	
1.19922e+07	1.19845e+07	1.20122e+07	1.20105e+07	1.18788e+07	
1.20528e+07	1.203e+07	1.1916e+07	1.19935e+07	1.19732e+07	
1.19272e+07	1.19372e+07	1.19795e+07	1.1972e+07	1.18845e+07	
1.21472e+07	1.21868e+07	1.21402e+07	1.21668e+07	1.20652e+07	
1.2173e+07	1.19985e+07	1.20848e+07	1.20495e+07	1.20085e+07	
1.2122e+07	1.20652e+07	1.21232e+07	1.2173e+07	1.20552e+07	
1.21092e+07	1.19178e+07	1.19305e+07	1.19562e+07	1.19135e+07	
1.2013e+07	1.20015e+07	1.2025e+07	1.21282e+07	1.1936e+07	
1.20685e+07	1.19815e+07	1.19228e+07	1.19878e+07	1.1909e+07	
1.1832e+07	1.19385e+07	1.20312e+07	1.19632e+07	1.18265e+07	
1.19688e+07	1.18018e+07	1.17375e+07	1.18398e+07	1.1866e+07	
1.1829e+07	1.1829e+07	1.18112e+07	1.18372e+07	1.17275e+07	
1.1737e+07	1.1715e+07	1.17388e+07	1.17425e+07	1.15775e+07	
1.1723e+07	1.17035e+07	1.17105e+07	1.1737e+07	1.17478e+07	
1.18518e+07	1.1875e+07	1.18742e+07	1.17698e+07	1.17495e+07	
1.19608e+07	1.19675e+07	1.1962e+07	1.1989e+07	1.1846e+07	
1.20632e+07	1.18655e+07	1.20495e+07	1.1989e+07	1.18182e+07	
1.20048e+07	1.18675e+07	1.1979e+07	1.1899e+07	1.18805e+07	
1.18088e+07	1.18555e+07	1.18125e+07	1.19102e+07	1.17755e+07	
1.17358e+07	1.17255e+07	1.16902e+07	1.16318e+07	1.16318e+07	
1.18328e+07	1.1786e+07	1.16658e+07	1.18108e+07	1.17478e+07	
1.17635e+07	1.174e+07	1.1788e+07	1.17188e+07	1.17528e+07	
1.16355e+07	1.17408e+07	1.16518e+07	1.16632e+07	1.16052e+07	
1.16965e+07	1.159e+07	1.17262e+07	1.16512e+07	1.157e+07	
1.16285e+07	1.16952e+07	1.16375e+07	1.17942e+07	1.15145e+07	
1.15625e+07	1.15165e+07	1.1485e+07	1.1536e+07	1.13595e+07	
1.15e+07	1.13658e+07	1.14225e+07	1.14458e+07	1.13192e+07	
1.15428e+07	1.14005e+07	1.13115e+07	1.1432e+07	1.13048e+07	
1.172e+07	1.151e+07	1.1524e+07	1.16305e+07	1.13765e+07	
1.15598e+07	1.16475e+07	1.1631e+07	1.1636e+07	1.1587e+07	
1.1916e+07	1.1669e+07	1.17162e+07	1.18498e+07	1.16015e+07	
1.17275e+07	1.16272e+07	1.17022e+07	1.16425e+07	1.17842e+07	
1.18775e+07	1.18465e+07	1.1841e+07	1.18598e+07	1.17545e+07	
1.17905e+07	1.17768e+07	1.17872e+07	1.18e+07	1.17098e+07	
1.17382e+07	1.17898e+07	1.18108e+07	1.18372e+07	1.17798e+07	
1.17388e+07	1.18912e+07	1.17408e+07	1.1786e+07	1.1783e+07	
1.16872e+07	1.16488e+07	1.16948e+07	1.16072e+07	1.15755e+07	
1.1718e+07	1.1602e+07	1.16808e+07	1.16815e+07	1.1633e+07	
1.1604e+07	1.14912e+07	1.1522e+07	1.1556e+07	1.14375e+07	
1.15415e+07	1.15738e+07	1.15372e+07	1.149e+07	1.14478e+07	
1.14875e+07	1.14515e+07	1.14798e+07	1.14888e+07	1.14402e+07	
1.15132e+07	1.14035e+07	1.14742e+07	1.1452e+07	1.1415e+07	
1.151e+07	1.14572e+07	1.15165e+07	1.14652e+07	1.1447e+07	
1.15612e+07	1.14975e+07	1.15505e+07	1.15232e+07	1.14225e+07	
1.14798e+07	1.13115e+07	1.14482e+07	1.14238e+07	1.1338e+07	
1.15688e+07	1.14018e+07	1.14528e+07	1.15302e+07	1.1454e+07	
1.13885e+07	1.1229e+07	1.13022e+07	1.12032e+07	1.11692e+07	
1.1304e+07	1.13418e+07	1.13538e+07	1.12625e+07	1.13255e+07	
1.11225e+07	1.12612e+07	1.11162e+07	1.11792e+07	1.11415e+07	
1.11982e+07	1.11225e+07	1.11938e+07	1.1229e+07	1.11748e+07	
1.13405e+07	1.1333e+07	1.13608e+07	1.14188e+07	1.13135e+07	
1.14205e+07	1.13035e+07	1.13538e+07	1.13658e+07	1.11962e+07	
1.13898e+07	1.13608e+07	1.13482e+07	1.13678e+07	1.12945e+07	
1.14528e+07	1.13052e+07	1.1287e+07	1.13665e+07	1.12618e+07	
1.12915e+07	1.13545e+07	1.1364e+07	1.13728e+07	1.13102e+07	
1.1321e+07	1.13425e+07	1.13172e+07	1.13702e+07	1.13218e+07	
1.14155e+07	1.13482e+07	1.14528e+07	1.14068e+07	1.13172e+07	
1.13848e+07	1.14258e+07	1.1282e+07	1.15505e+07	1.12605e+07	
1.14805e+07	1.13878e+07	1.1432e+07	1.13935e+07	1.13362e+07	
1.14528e+07	1.14162e+07	1.1444e+07	1.14635e+07	1.13902e+07	
1.15145e+07	1.1355e+07	1.13915e+07	1.13728e+07	1.13015e+07	
1.14258e+07	1.14142e+07	1.14088e+07	1.13532e+07	1.13865e+07	
1.13835e+07	1.13135e+07	1.13728e+07	1.13835e+07	1.14238e+07	
1.13292e+07	1.1379e+07	1.1294e+07	1.1374e+07	1.13772e+07	
1.13658e+07	1.1122e+07	1.13412e+07	1.13512e+07	1.13135e+07	
1.13085e+07	1.1229e+07	1.12058e+07	1.12642e+07	1.12008e+07	
1.12352e+07	1.1197e+07	1.1205e+07	1.12012e+07	1.1028e+07	
1.10262e+07	1.0984e+07	1.10275e+07	1.09605e+07	1.09418e+07	
1.09448e+07	1.09298e+07	1.08995e+07	1.0946e+07	1.09248e+07	
1.0875e+07	1.08982e+07	1.09045e+07	1.0863e+07	1.0679e+07	
1.0921e+07	1.09052e+07	1.08465e+07	1.09392e+07	1.07268e+07	
1.09145e+07	1.09468e+07	1.09815e+07	1.0866e+07	1.09492e+07	
1.097e+07	1.09095e+07	1.08258e+07	1.0921e+07	1.0866e+07	
1.08208e+07	1.0774e+07	1.0861e+07	1.082e+07	1.07918e+07	
1.09612e+07	1.08768e+07	1.08245e+07	1.08025e+07	1.07532e+07	
1.0733e+07	1.06562e+07	1.05295e+07	1.06542e+07	1.0524e+07	
1.03468e+07	1.0285e+07	1.0321e+07	1.02902e+07	1.02902e+07	
1.00582e+07	9.9625e+06	1.00155e+07	1.00462e+07	9.878e+06	
9.8125e+06	9.72625e+06	9.72675e+06	9.85975e+06	9.716e+06	
9.6505e+06	9.6185e+06	9.57375e+06	9.76025e+06	9.65625e+06	
9.7305e+06	9.8295e+06	9.692e+06	9.708e+06	9.708e+06	
9.863e+06	9.91775e+06	9.84325e+06	9.82575e+06	9.73875e+06	
9.96675e+06	9.98075e+06	9.9945e+06	9.9945e+06	9.99275e+06	
1.0009e+07	1.00198e+07	9.946e+06	1.00462e+07	9.98325e+06	
1.01685e+07	1.00442e+07	1.0265e+07	1.01515e+07	1.0086e+07	
1.0214e+07	1.01382e+07	1.00078e+07	1.01408e+07	9.93025e+06	
1.00885e+07	1.01018e+07	1.00318e+07	1.01528e+07	1.0026e+07	
1.01905e+07	1.01382e+07	1.012e+07	1.01842e+07	1.00852e+07	
1.01892e+07	1.00922e+07	1.00028e+07	1.0156e+07	1.00575e+07	
1.01628e+07	1.01565e+07	1.00525e+07	1.02178e+07	1.005e+07	
1.00848e+07	1.0159e+07	1.0239e+07	1.00972e+07	1.02062e+07	
1.00665e+07	1.0108e+07	1.00418e+07	1.00972e+07	1.00248e+07	
1.0076e+07	1.01692e+07	1.0043e+07	1.01258e+07	1.00848e+07	
1.01118e+07	1.0033e+07	1.00525e+07	1.00192e+07	9.849e+06	
1.00115e+07	1.0108e+07	9.93475e+06	1.0001e+07	9.931e+06	
1.00142e+07	9.8345e+06	9.88425e+06	9.946e+06	9.8995e+06	
9.919e+06	9.9195e+06	9.8995e+06	1.00318e+07	9.87675e+06	
1.00815e+07	1.0045e+07	9.9845e+06	9.91075e+06	9.92975e+06	
1.00588e+07	1.00538e+07	1.0062e+07	9.9825e+06	9.93025e+06	
9.94975e+06	9.9915e+06	1.0016e+07	9.98575e+06	9.955e+06	
1.00608e+07	1.00135e+07	9.99975e+06	1.00292e+07	9.982e+06	
9.9235e+06	9.96425e+06	9.987e+06	9.97125e+06	9.93925e+06	
9.958e+06	9.93725e+06	9.994e+06	1.0076e+07	9.934e+06	
9.8925e+06	9.92025e+06	9.88425e+06	9.83825e+06	9.86725e+06	
9.94675e+06	9.926e+06	9.86725e+06	9.99075e+06	9.89875e+06	
9.8485e+06	9.914e+06	9.7785e+06	9.99525e+06	9.80375e+06	
9.99025e+06	9.92075e+06	9.9965e+06	9.9435e+06	9.86925e+06	
9.92025e+06	9.909e+06	9.90825e+06	9.98825e+06	9.844e+06	
9.9165e+06	9.924e+06	9.84975e+06	9.91075e+06	9.72375e+06	
9.75575e+06	9.834e+06	9.866e+06	9.87225e+06	9.8905e+06	
9.84275e+06	9.7785e+06	9.85225e+06	9.8195e+06	9.77275e+06	
9.8485e+06	9.76825e+06	9.82875e+06	9.888e+06	9.8635e+06	
9.74375e+06	9.72675e+06	9.7935e+06	9.692e+06	9.575e+06	
9.82875e+06	9.849e+06	9.82075e+06	9.63725e+06	9.54725e+06	
9.69975e+06	9.72375e+06	9.7065e+06	9.725e+06	9.6145e+06	
9.699e+06	9.74875e+06	9.66325e+06	9.7135e+06	9.6435e+06	
9.8075e+06	9.643e+06	9.687e+06	9.67125e+06	9.612e+06	
9.71225e+06	9.733e+06	9.7615e+06	9.713e+06	9.69475e+06	
9.82825e+06	9.73875e+06	9.77975e+06	9.7665e+06	9.711e+06	
9.926e+06	9.85225e+06	9.76975e+06	9.878e+06	9.8635e+06	
9.926e+06	9.8445e+06	9.8535e+06	9.929e+06	9.74075e+06	
9.878e+06	9.89125e+06	9.80375e+06	9.85525e+06	9.79175e+06	
9.93225e+06	9.82575e+06	9.92275e+06	9.86975e+06	9.8655e+06	
9.83775e+06	9.9115e+06	9.81875e+06	9.95925e+06	9.7855e+06	
9.9095e+06	9.81825e+06	9.82e+06	9.87175e+06	9.78225e+06	
9.88675e+06	9.91275e+06	9.83025e+06	9.907e+06	9.71725e+06	
9.796e+06	9.728e+06	9.78025e+06	9.699e+06	9.80175e+06	
9.82825e+06	9.747e+06	9.71725e+06	9.74375e+06	9.762e+06	
9.82375e+06	9.762e+06	9.6745e+06	9.854e+06	9.7155e+06	
9.788e+06	9.74325e+06	9.72675e+06	9.7765e+06	9.72425e+06	
9.72625e+06	9.6605e+06	9.776e+06	9.74e+06	9.723e+06	
9.7715e+06	9.7375e+06	9.7155e+06	9.7065e+06	9.65675e+06	
9.73175e+06	9.646e+06	9.72925e+06	9.55475e+06	9.5e+06	
9.68325e+06	9.66625e+06	9.549e+06	9.6355e+06	9.5055e+06	
9.70525e+06	9.6015e+06	9.631e+06	9.6795e+06	9.54025e+06	
9.6015e+06	9.57e+06	9.52075e+06	9.63975e+06	9.541e+06	
9.5775e+06	9.471e+06	9.53825e+06	9.5895e+06	9.55275e+06	
9.61075e+06	9.5605e+06	9.5895e+06	9.6215e+06	9.505e+06	
9.46525e+06	9.5945e+06	9.56225e+06	9.483e+06	9.428e+06	
9.55225e+06	9.38025e+06	9.60325e+06	9.4495e+06	9.47975e+06	
9.428e+06	9.406e+06	9.47225e+06	9.4615e+06	9.43175e+06	
9.60275e+06	9.48925e+06	9.6145e+06	9.53975e+06	9.43175e+06	
9.40025e+06	9.481e+06	9.52825e+06	9.4975e+06	9.42675e+06	
9.4785e+06	9.40475e+06	9.38725e+06	9.399e+06	9.42875e+06	
9.435e+06	9.3845e+06	9.389e+06	9.36875e+06	9.32725e+06	
9.50675e+06	9.47275e+06	9.49225e+06	9.43375e+06	9.46475e+06	
9.4805e+06	9.3985e+06	9.32675e+06	9.4175e+06	9.331e+06	
9.43375e+06	9.3745e+06	9.35125e+06	9.31225e+06	9.3625e+06	
9.34925e+06	9.34625e+06	9.24025e+06	9.33725e+06	9.26625e+06	
9.28325e+06	9.2895e+06	9.26675e+06	9.31725e+06	9.2195e+06	
9.25225e+06	9.253e+06	9.19125e+06	9.19175e+06	9.17975e+06	
9.2175e+06	9.19425e+06	9.239e+06	9.311e+06	9.2605e+06	
9.28125e+06	9.3135e+06	9.3285e+06	9.2005e+06	9.21825e+06	
9.27175e+06	9.2415e+06	9.3285e+06	9.2435e+06	9.152e+06	
9.19125e+06	9.178e+06	9.13375e+06	9.154e+06	9.06325e+06	
9.07825e+06	9.05125e+06	9.023e+06	9.08725e+06	9.10925e+06	
9.0375e+06	8.98e+06	8.97125e+06	8.9995e+06	8.8535e+06	
9.03225e+06	8.9605e+06	8.97175e+06	8.9845e+06	8.9415e+06	
8.9675e+06	9.009e+06	9.0765e+06	9.01475e+06	8.914e+06	
8.98375e+06	8.96675e+06	8.97375e+06	8.9875e+06	8.975e+06	
9.07075e+06	9.118e+06	9.072e+06	9.11425e+06	9.026e+06	
9.11875e+06	9.1415e+06	9.166e+06	9.1275e+06	9.043e+06	
9.198e+06	9.011e+06	9.0745e+06	9.1275e+06	9.06825e+06	
9.135e+06	9.1205e+06	9.05e+06	9.22325e+06	9.014e+06	
9.181e+06	9.13875e+06	9.166e+06	9.19925e+06	9.07575e+06	
9.101e+06	9.0695e+06	9.14825e+06	9.021e+06	9.0715e+06	
9.22325e+06	9.20575e+06	9.173e+06	9.215e+06	9.1225e+06	
9.21625e+06	9.10425e+06	9.1255e+06	9.2075e+06	9.06075e+06	
9.11925e+06	9.0595e+06	9.2295e+06	9.171e+06	9.147e+06	
9.178e+06	9.18925e+06	9.18925e+06	9.193e+06	9.106e+06	
9.10725e+06	9.07275e+06	9.18675e+06	9.08525e+06	9.098e+06	
9.08275e+06	8.95675e+06	8.943e+06	9.12425e+06	9.0035e+06	
9.1415e+06	9.0425e+06	9.009e+06	9.002e+06	9.0115e+06	
8.96425e+06	8.8975e+06	9.0015e+06	8.92325e+06	8.9215e+06	
8.997e+06	8.98375e+06	8.90825e+06	8.9605e+06	8.9535e+06	
8.95925e+06	8.9435e+06	8.85025e+06	8.83e+06	8.8615e+06	
8.8705e+06	8.825e+06	8.818e+06	8.8245e+06	8.774e+06	
8.84775e+06	8.82375e+06	8.92525e+06	8.88925e+06	8.8155e+06	
8.7835e+06	8.77275e+06	8.70475e+06	8.81175e+06	8.72675e+06	
8.75575e+06	8.6895e+06	8.72225e+06	8.798e+06	8.77275e+06	
8.69025e+06	8.6795e+06	8.542e+06	8.5975e+06	8.568e+06	
8.7085e+06	8.65175e+06	8.51125e+06	8.69725e+06	8.5585e+06	
8.6315e+06	8.578e+06	8.6455e+06	8.7015e+06	8.563e+06	
8.46575e+06	8.5855e+06	8.55275e+06	8.61525e+06	8.513e+06	
8.602e+06	8.53275e+06	8.58925e+06	8.55525e+06	8.44075e+06	
8.5855e+06	8.50625e+06	8.56725e+06	8.5535e+06	8.45525e+06	
8.60125e+06	8.5315e+06	8.534e+06	8.60575e+06	8.45075e+06	
8.5755e+06	8.45775e+06	8.61275e+06	8.5485e+06	8.55475e+06	
8.476e+06	8.391e+06	8.49675e+06	8.493e+06	8.44575e+06	
8.44075e+06	8.37575e+06	8.39775e+06	8.43625e+06	8.287e+06	
8.348e+06	8.312e+06	8.3845e+06	8.278e+06	8.27675e+06	
8.28175e+06	8.4015e+06	8.316e+06	8.28375e+06	8.3185e+06	
8.19925e+06	8.278e+06	8.1855e+06	8.30575e+06	8.183e+06	
8.379e+06	8.26225e+06	8.2245e+06	8.25025e+06	8.1885e+06	
8.24275e+06	8.367e+06	8.2705e+06	8.2775e+06	8.205e+06	
8.32025e+06	8.24525e+06	8.24025e+06	8.18925e+06	8.181e+06	
8.1785e+06	8.159e+06	8.22325e+06	8.108e+06	8.067e+06	
8.22575e+06	8.12875e+06	8.186e+06	8.23975e+06	8.147e+06	
8.164e+06	8.2585e+06	8.25975e+06	8.198e+06	8.06375e+06	
8.1035e+06	8.132e+06	8.1325e+06	8.174e+06	8.028e+06	
8.1275e+06	8.096e+06	8.14375e+06	8.10975e+06	7.99075e+06	
7.97825e+06	8.06825e+06	8.02475e+06	8.0185e+06	8.026e+06	
7.9605e+06	8.0745e+06	8.01975e+06	8.01775e+06	7.99525e+06	
8.028e+06	8.08525e+06	8.08725e+06	8.00575e+06	8.0355e+06	
8.0215e+06	8.11875e+06	8.11925e+06	8.0355e+06	8.043e+06	
8.166e+06	8.048e+06	8.0165e+06	8.09775e+06	8.06075e+06	
7.93225e+06	7.94725e+06	7.97675e+06	8.0305e+06	7.92325e+06	
8.096e+06	7.953e+06	8.01725e+06	7.95975e+06	7.9245e+06	
8.04675e+06	7.86975e+06	7.98575e+06	7.98125e+06	7.936e+06	
8.0335e+06	8.01775e+06	7.9725e+06	7.9875e+06	7.93225e+06	
8.04875e+06	8.01525e+06	7.96175e+06	7.992e+06	7.93075e+06	
7.98375e+06	7.95225e+06	7.90875e+06	8.03425e+06	7.96675e+06	
7.946e+06	7.878e+06	7.81925e+06	7.93225e+06	7.8415e+06	
7.934e+06	7.90825e+06	7.86525e+06	7.85325e+06	7.87975e+06	
7.83125e+06	7.767e+06	7.84275e+06	7.91575e+06	7.79475e+06	
7.92825e+06	7.83125e+06	7.837e+06	7.881e+06	7.77275e+06	
7.9705e+06	7.864e+06	7.89875e+06	7.87725e+06	7.8205e+06	
7.82825e+06	7.881e+06	7.8565e+06	7.80475e+06	7.7745e+06	
7.8875e+06	7.8785e+06	7.87975e+06	7.837e+06	7.84775e+06	
7.8615e+06	7.905e+06	7.774e+06	7.813e+06	7.78775e+06	
7.83575e+06	7.7935e+06	7.85275e+06	7.80675e+06	7.80675e+06	
7.88675e+06	7.78975e+06	7.78525e+06	7.9095e+06	7.7285e+06	
7.83825e+06	7.818e+06	7.8415e+06	7.80925e+06	7.72975e+06	
7.73425e+06	7.69575e+06	7.612e+06	7.718e+06	7.6265e+06	
7.7595e+06	7.68775e+06	7.752e+06	7.735e+06	7.66425e+06	
7.653e+06	7.57675e+06	7.64025e+06	7.63725e+06	7.59825e+06	
7.70525e+06	7.6315e+06	7.50675e+06	7.68625e+06	7.55275e+06	
7.55475e+06	7.55975e+06	7.50225e+06	7.4735e+06	7.58375e+06	
7.52825e+06	7.4935e+06	7.48975e+06	7.5325e+06	7.464e+06	
7.5395e+06	7.37625e+06	7.4765e+06	7.46025e+06	7.47775e+06	
7.48725e+06	7.42175e+06	7.423e+06	7.399e+06	7.416e+06	
7.37125e+06	7.43e+06	7.292e+06	7.4525e+06	7.348e+06	
7.4495e+06	7.36625e+06	7.4955e+06	7.38525e+06	7.3555e+06	
7.41225e+06	7.35375e+06	7.39075e+06	7.40725e+06	7.30575e+06	
7.50875e+06	7.4815e+06	7.462e+06	7.48525e+06	7.3945e+06	
7.38575e+06	7.31025e+06	7.42425e+06	7.46525e+06	7.418e+06	
7.4185e+06	7.348e+06	7.31325e+06	7.40975e+06	7.30325e+06	
7.40475e+06	7.3455e+06	7.35925e+06	7.32475e+06	7.292e+06	
7.24975e+06	7.33275e+06	7.29325e+06	7.237e+06	7.3455e+06	
7.1935e+06	7.263e+06	7.217e+06	7.24075e+06	7.22575e+06	
7.244e+06	7.191e+06	7.2535e+06	7.32525e+06	7.162e+06	
7.1975e+06	7.12675e+06	7.154e+06	7.19675e+06	7.17275e+06	
7.11725e+06	7.16325e+06	7.1515e+06	7.15825e+06	7.09525e+06	
7.089e+06	7.084e+06	7.1515e+06	7.079e+06	7.15825e+06	
7.0625e+06	6.96225e+06	7.06625e+06	7.106e+06	7.02925e+06	
6.99825e+06	7.06125e+06	6.975e+06	7.05875e+06	6.9875e+06	
6.94975e+06	6.8465e+06	6.9755e+06	6.97925e+06	6.932e+06	
6.9245e+06	6.9465e+06	6.9555e+06	6.93025e+06	6.958e+06	
6.90425e+06	6.8465e+06	6.8295e+06	6.90175e+06	6.91e+06	
6.77775e+06	6.953e+06	6.85525e+06	6.84575e+06	6.825e+06	
6.7835e+06	6.7795e+06	6.83075e+06	6.84125e+06	6.79025e+06	
6.75125e+06	6.774e+06	6.704e+06	6.80925e+06	6.663e+06	
6.72225e+06	6.7375e+06	6.65225e+06	6.8035e+06	6.65225e+06	
6.726e+06	6.682e+06	6.65475e+06	6.6075e+06	6.5805e+06	
6.619e+06	6.62575e+06	6.57925e+06	6.59375e+06	6.57175e+06	
6.7085e+06	6.5855e+06	6.61e+06	6.64025e+06	6.65175e+06	
6.7305e+06	6.64225e+06	6.63975e+06	6.61075e+06	6.65475e+06	
6.71475e+06	6.6315e+06	6.76375e+06	6.72475e+06	6.6755e+06	
6.70275e+06	6.72475e+06	6.65425e+06	6.72425e+06	6.66625e+06	
6.634e+06	6.67375e+06	6.658e+06	6.6365e+06	6.5785e+06	
6.62075e+06	6.68125e+06	6.62825e+06	6.617e+06	6.61775e+06	
6.59e+06	6.60125e+06	6.66925e+06	6.67125e+06	6.5875e+06	
6.60625e+06	6.73875e+06	6.72425e+06	6.68325e+06	6.71525e+06	
6.6165e+06	6.692e+06	6.59875e+06	6.656e+06	6.602e+06	
6.682e+06	6.6775e+06	6.67125e+06	6.6795e+06	6.6795e+06	
6.63225e+06	6.5615e+06	6.6145e+06	6.682e+06	6.63225e+06	
6.6245e+06	6.5835e+06	6.6165e+06	6.641e+06	6.5955e+06	
6.62275e+06	6.5415e+06	6.60075e+06	6.5615e+06	6.57475e+06	
6.4575e+06	6.5535e+06	6.581e+06	6.51875e+06	6.45875e+06	
6.43125e+06	6.474e+06	6.43925e+06	6.47025e+06	6.3505e+06	
6.261e+06	6.397e+06	6.29375e+06	6.3215e+06	6.251e+06	
6.15125e+06	6.077e+06	6.07825e+06	6.1065e+06	6.05e+06	
5.87225e+06	5.86025e+06	5.808e+06	5.835e+06	5.891e+06	
5.709e+06	5.68375e+06	5.68e+06	5.67125e+06	5.678e+06	
5.68825e+06	5.71475e+06	5.65425e+06	5.743e+06	5.707e+06	
5.8225e+06	5.79725e+06	5.753e+06	5.8805e+06	5.74425e+06	
5.9415e+06	5.89175e+06	5.934e+06	5.85825e+06	5.903e+06	
6.02475e+06	6.014e+06	6.0165e+06	5.98125e+06	5.932e+06	
6.1425e+06	6.12875e+06	6.147e+06	6.1665e+06	6.15825e+06	
6.23e+06	6.193e+06	6.203e+06	6.22e+06	6.21825e+06	
6.2585e+06	6.193e+06	6.27925e+06	6.25975e+06	6.256e+06	
6.32275e+06	6.22625e+06	6.1955e+06	6.23825e+06	6.21425e+06	
6.34425e+06	6.24075e+06	6.2875e+06	6.31525e+06	6.24025e+06	
6.3165e+06	6.24025e+06	6.225e+06	6.273e+06	6.247e+06	
6.2905e+06	6.25975e+06	6.26475e+06	6.2465e+06	6.32525e+06	
6.382e+06	6.41725e+06	6.34675e+06	6.297e+06	6.29125e+06	
6.3095e+06	6.401e+06	6.29625e+06	6.34175e+06	6.23125e+06	
6.3405e+06	6.36425e+06	6.418e+06	6.3095e+06	6.26025e+06	
6.38075e+06	6.31575e+06	6.3535e+06	6.3285e+06	6.2995e+06	
6.4205e+06	6.3535e+06	6.3335e+06	6.406e+06	6.33225e+06	
6.406e+06	6.3405e+06	6.32275e+06	6.401e+06	6.3165e+06	
6.276e+06	6.41525e+06	6.2735e+06	6.35175e+06	6.27225e+06	
6.32475e+06	6.348e+06	6.3115e+06	6.20925e+06	6.234e+06	
6.33975e+06	6.24025e+06	6.22625e+06	6.249e+06	6.24575e+06	
6.2445e+06	6.21125e+06	6.26425e+06	6.263e+06	6.251e+06	
6.24025e+06	6.283e+06	6.22875e+06	6.2025e+06	6.203e+06	
6.217e+06	6.19675e+06	6.16525e+06	6.31775e+06	6.2125e+06	
6.23575e+06	6.2655e+06	6.17525e+06	6.268e+06	6.19675e+06	
6.27475e+06	6.1885e+06	6.2535e+06	6.25225e+06	6.17775e+06	
6.27425e+06	6.27475e+06	6.2295e+06	6.14575e+06	6.22325e+06	
6.18475e+06	6.27925e+06	6.2825e+06	6.21125e+06	6.159e+06	
6.28675e+06	6.138e+06	6.18925e+06	6.181e+06	6.23775e+06	
6.2195e+06	6.2025e+06	6.21175e+06	6.1735e+06	6.14325e+06	
6.08525e+06	6.14e+06	6.2055e+06	6.20375e+06	6.155e+06	
6.2055e+06	6.13425e+06	6.1355e+06	6.169e+06	6.10225e+06	
6.104e+06	6.145e+06	6.1305e+06	6.2195e+06	6.14325e+06	
6.19925e+06	6.2105e+06	6.14075e+06	6.1235e+06	6.079e+06	
6.1445e+06	6.079e+06	6.08025e+06	6.11475e+06	6.087e+06	
6.0985e+06	6.13625e+06	6.125e+06	6.17525e+06	6.092e+06	
6.053e+06	6.02225e+06	6.11975e+06	6.17975e+06	6.02775e+06	
6.10525e+06	6.10225e+06	6.11975e+06	6.15575e+06	6.07825e+06	
6.17725e+06	6.07575e+06	6.03675e+06	6.20375e+06	6.152e+06	
6.17225e+06	6.1155e+06	6.04675e+06	6.125e+06	6.09975e+06	
6.10025e+06	6.01975e+06	5.99875e+06	6.1475e+06	6.11725e+06	
6.1015e+06	6.048e+06	5.97375e+06	6.06625e+06	6.041e+06	
6.03675e+06	6.0405e+06	6.0645e+06	5.98625e+06	6.07125e+06	
5.987e+06	6.01575e+06	5.9825e+06	6.04175e+06	6.017e+06	
6.055e+06	6.096e+06	5.95975e+06	5.95475e+06	5.975e+06	
6.0265e+06	5.975e+06	5.9145e+06	5.9535e+06	5.9005e+06	
5.929e+06	6.017e+06	5.9345e+06	5.93775e+06	5.95675e+06	
5.90175e+06	5.84075e+06	5.89425e+06	5.95975e+06	5.81675e+06	
5.966e+06	5.857e+06	5.89625e+06	5.92825e+06	5.7695e+06	
5.903e+06	5.9515e+06	5.90375e+06	5.98425e+06	5.87475e+06	
5.9635e+06	5.93525e+06	5.98175e+06	6.014e+06	5.93075e+06	
5.971e+06	5.917e+06	5.9705e+06	5.9125e+06	5.917e+06	
5.9515e+06	5.90675e+06	5.9315e+06	5.9125e+06	5.8685e+06	
5.96225e+06	5.866e+06	5.9585e+06	5.9685e+06	5.93825e+06	
5.874e+06	5.93325e+06	5.86275e+06	5.87025e+06	5.794e+06	
5.8325e+06	5.88225e+06	5.84375e+06	5.92575e+06	5.825e+06	
5.79725e+06	5.88725e+06	5.784e+06	5.866e+06	5.82175e+06	
5.859e+06	5.8155e+06	5.78325e+06	5.8055e+06	5.8035e+06	
5.8445e+06	5.816e+06	5.8085e+06	5.84625e+06	5.9195e+06	
5.8155e+06	5.80975e+06	5.84375e+06	5.83875e+06	5.77e+06	
5.7935e+06	5.76375e+06	5.77125e+06	5.77075e+06	5.787e+06	
5.81875e+06	5.82425e+06	5.74875e+06	5.81475e+06	5.79275e+06	
5.75125e+06	5.8035e+06	5.76375e+06	5.82375e+06	5.8305e+06	
5.75875e+06	5.76375e+06	5.80925e+06	5.79525e+06	5.7335e+06	
5.91325e+06	5.762e+06	5.86725e+06	5.7765e+06	5.7645e+06	
5.75875e+06	5.765e+06	5.66925e+06	5.75875e+06	5.70275e+06	
5.80275e+06	5.75625e+06	5.71725e+06	5.7305e+06	5.71275e+06	
5.70825e+06	5.70575e+06	5.67425e+06	5.76625e+06	5.68375e+06	
5.69825e+06	5.6215e+06	5.7865e+06	5.73425e+06	5.673e+06	
5.704e+06	5.724e+06	5.605e+06	5.74625e+06	5.65975e+06	
5.678e+06	5.748e+06	5.719e+06	5.68075e+06	5.70325e+06	
5.6925e+06	5.68825e+06	5.7215e+06	5.7095e+06	5.61625e+06	
5.6415e+06	5.5785e+06	5.53e+06	5.561e+06	5.5225e+06	
5.68075e+06	5.627e+06	5.6315e+06	5.61575e+06	5.66675e+06	
5.6045e+06	5.69375e+06	5.64275e+06	5.67425e+06	5.59625e+06	
5.60125e+06	5.59125e+06	5.685e+06	5.64525e+06	5.57975e+06	
5.5155e+06	5.54075e+06	5.6485e+06	5.5755e+06	5.4985e+06	
5.64225e+06	5.617e+06	5.583e+06	5.56275e+06	5.53375e+06	
5.5635e+06	5.48525e+06	5.4745e+06	5.60175e+06	5.515e+06	
5.51675e+06	5.58175e+06	5.586e+06	5.5565e+06	5.52625e+06	
5.55025e+06	5.4985e+06	5.547e+06	5.54825e+06	5.47525e+06	
5.46325e+06	5.399e+06	5.486e+06	5.44675e+06	5.402e+06	
5.4915e+06	5.53325e+06	5.511e+06	5.36375e+06	5.42975e+06	
5.4255e+06	5.39025e+06	5.4305e+06	5.42725e+06	5.38875e+06	
5.40725e+06	5.3895e+06	5.38e+06	5.363e+06	5.353e+06	
5.438e+06	5.38325e+06	5.3655e+06	5.43675e+06	5.4165e+06	
5.41725e+06	5.288e+06	5.33275e+06	5.31825e+06	5.322e+06	
5.29e+06	5.30325e+06	5.377e+06	5.34475e+06	5.31825e+06	
5.276e+06	5.19675e+06	5.193e+06	5.19225e+06	5.23125e+06	
5.06125e+06	5.046e+06	5.0265e+06	5.1085e+06	5.0605e+06	
4.71775e+06	4.72525e+06	4.75925e+06	4.71575e+06	4.6515e+06	
4.45e+06	4.52425e+06	4.50225e+06	4.47e+06	4.46075e+06	
4.40775e+06	4.29625e+06	4.36175e+06	4.365e+06	4.27975e+06	
4.3465e+06	4.31075e+06	4.3555e+06	4.3415e+06	4.32825e+06	
4.387e+06	4.3465e+06	4.3755e+06	4.38875e+06	4.3385e+06	
4.438e+06	4.3245e+06	4.41975e+06	4.431e+06	4.37375e+06	
4.4505e+06	4.40325e+06	4.45875e+06	4.428e+06	4.40275e+06	
4.42025e+06	4.428e+06	4.4215e+06	4.4745e+06	4.40575e+06	
4.477e+06	4.46375e+06	4.392e+06	4.46325e+06	4.3655e+06	
4.4255e+06	4.38125e+06	4.38825e+06	4.4425e+06	4.479e+06	
4.5515e+06	4.52125e+06	4.42925e+06	4.47525e+06	4.46625e+06	
4.51225e+06	4.44625e+06	4.48025e+06	4.49975e+06	4.491e+06	
4.62825e+06	4.58675e+06	4.50925e+06	4.465e+06	4.542e+06	
4.595e+06	4.60375e+06	4.63825e+06	4.57775e+06	4.54075e+06	
4.612e+06	4.5975e+06	4.64525e+06	4.61075e+06	4.52675e+06	
4.62825e+06	4.66475e+06	4.66175e+06	4.64975e+06	4.61625e+06	
4.71075e+06	4.59625e+06	4.64975e+06	4.668e+06	4.68125e+06	
4.72225e+06	4.641e+06	4.66675e+06	4.65975e+06	4.61375e+06	
4.64275e+06	4.593e+06	4.6415e+06	4.639e+06	4.6435e+06	
4.6005e+06	4.61875e+06	4.65025e+06	4.7095e+06	4.6025e+06	
4.58475e+06	4.59425e+06	4.55775e+06	4.5665e+06	4.583e+06	
4.55825e+06	4.5085e+06	4.51475e+06	4.5545e+06	4.47e+06	
4.5515e+06	4.499e+06	4.564e+06	4.48725e+06	4.50975e+06	
4.51675e+06	4.51175e+06	4.5135e+06	4.48725e+06	4.49775e+06	
4.542e+06	4.5175e+06	4.542e+06	4.448e+06	4.44875e+06	
4.5205e+06	4.43925e+06	4.43725e+06	4.477e+06	4.4915e+06	
4.48075e+06	4.49725e+06	4.48275e+06	4.52175e+06	4.44925e+06	
4.4255e+06	4.4575e+06	4.47075e+06	4.52175e+06	4.45e+06	
4.49775e+06	4.4625e+06	4.47325e+06	4.55325e+06	4.467e+06	
4.55325e+06	4.49275e+06	4.54325e+06	4.52875e+06	4.47e+06	
4.56275e+06	4.6075e+06	4.52125e+06	4.537e+06	4.4525e+06	
4.53875e+06	4.54575e+06	4.5515e+06	4.53825e+06	4.56975e+06	
4.60675e+06	4.637e+06	4.52625e+06	4.65025e+06	4.58675e+06	
4.549e+06	4.5135e+06	4.564e+06	4.482e+06	4.479e+06	
4.5175e+06	4.49975e+06	4.52625e+06	4.52125e+06	4.48075e+06	
4.44625e+06	4.465e+06	4.4885e+06	4.45875e+06	4.44925e+06	
4.48725e+06	4.40775e+06	4.457e+06	4.40525e+06	4.40075e+06	
4.3925e+06	4.41525e+06	4.42675e+06	4.387e+06	4.4165e+06	
4.35475e+06	4.35975e+06	4.361e+06	4.4045e+06	4.315e+06	
4.3365e+06	4.339e+06	4.33075e+06	4.3585e+06	4.31575e+06	
4.281e+06	4.30825e+06	4.2665e+06	4.329e+06	4.26725e+06	
4.2835e+06	4.2565e+06	4.28225e+06	4.2755e+06	4.25075e+06	
4.24775e+06	4.20975e+06	4.21175e+06	4.27925e+06	4.174e+06	
4.177e+06	4.20225e+06	4.242e+06	4.2225e+06	4.227e+06	
4.19225e+06	4.1795e+06	4.14625e+06	4.189e+06	4.1625e+06	
4.1455e+06	4.179e+06	4.14425e+06	4.26525e+06	4.15875e+06	
4.14925e+06	4.094e+06	4.1575e+06	4.1765e+06	4.1745e+06	
4.17275e+06	4.16e+06	4.14e+06	4.148e+06	4.11225e+06	
4.1715e+06	4.0945e+06	4.10725e+06	4.12475e+06	4.1185e+06	
4.121e+06	4.16125e+06	4.14875e+06	4.14125e+06	4.19225e+06	
4.10775e+06	4.09575e+06	4.19275e+06	4.1235e+06	4.13225e+06	
4.2155e+06	4.10075e+06	4.1455e+06	4.14875e+06	4.07825e+06	
4.11925e+06	4.094e+06	4.186e+06	4.15325e+06	4.16075e+06	
4.16e+06	4.11025e+06	4.11525e+06	4.16325e+06	4.12975e+06	
4.17275e+06	4.15e+06	4.1575e+06	4.1185e+06	4.16e+06	
4.13925e+06	4.15125e+06	4.1355e+06	4.12475e+06	4.12175e+06	
4.13675e+06	4.1285e+06	4.09275e+06	4.1575e+06	4.03775e+06	
4.10325e+06	4.11975e+06	4.15575e+06	4.0725e+06	4.1015e+06	
4.06625e+06	4.1205e+06	4.0965e+06	4.1065e+06	4.138e+06	
4.01325e+06	4.056e+06	4.051e+06	4.11725e+06	4.036e+06	
4.08075e+06	4.077e+06	4.109e+06	4.099e+06	4.06175e+06	
4.1185e+06	4.0745e+06	4.11275e+06	4.07625e+06	4.04925e+06	
4.082e+06	4.12675e+06	4.0535e+06	4.05725e+06	3.99375e+06	
3.9785e+06	4.0095e+06	3.98125e+06	4.04025e+06	3.988e+06	
3.97975e+06	4.0075e+06	3.99625e+06	4.07875e+06	4.00875e+06	
4.005e+06	3.99175e+06	3.985e+06	3.97975e+06	4.007e+06	
4.048e+06	3.94025e+06	3.96925e+06	4.0415e+06	3.96675e+06	
4.02325e+06	4.00625e+06	3.99875e+06	3.9705e+06	3.98425e+06	
3.91375e+06	3.997e+06	3.973e+06	3.92825e+06	3.918e+06	
3.947e+06	3.8765e+06	3.96275e+06	3.97475e+06	3.9995e+06	
3.932e+06	3.94525e+06	3.95225e+06	3.9825e+06	3.98425e+06	
3.9735e+06	3.9155e+06	3.95525e+06	3.896e+06	3.90625e+06	
3.93075e+06	3.9075e+06	3.97925e+06	3.927e+06	3.91125e+06	
3.95025e+06	3.9225e+06	3.9155e+06	3.9125e+06	3.93375e+06	
3.88525e+06	3.88775e+06	3.95975e+06	3.9345e+06	3.872e+06	
3.87275e+06	3.874e+06	3.87025e+06	3.8865e+06	3.823e+06	
3.8985e+06	3.862e+06	3.86275e+06	3.85325e+06	3.8595e+06	
3.87325e+06	3.79975e+06	3.876e+06	3.88775e+06	3.847e+06	
3.801e+06	3.7985e+06	3.755e+06	3.8375e+06	3.7285e+06	
3.82925e+06	3.86325e+06	3.792e+06	3.821e+06	3.76825e+06	
3.79525e+06	3.78575e+06	3.83675e+06	3.7985e+06	3.7485e+06	
3.765e+06	3.797e+06	3.8015e+06	3.765e+06	3.74175e+06	
3.7525e+06	3.707e+06	3.8015e+06	3.7865e+06	3.78075e+06	
3.74175e+06	3.69375e+06	3.71575e+06	3.73725e+06	3.7265e+06	
3.65225e+06	3.6945e+06	3.74475e+06	3.724e+06	3.6195e+06	
3.688e+06	3.6735e+06	3.6875e+06	3.651e+06	3.72275e+06	
3.72225e+06	3.673e+06	3.719e+06	3.6515e+06	3.74475e+06	
3.663e+06	3.6125e+06	3.6735e+06	3.66225e+06	3.57775e+06	
3.6275e+06	3.5645e+06	3.5325e+06	3.62e+06	3.58225e+06	
3.50225e+06	3.542e+06	3.54075e+06	3.5355e+06	3.51975e+06	
3.4355e+06	3.38175e+06	3.37625e+06	3.39825e+06	3.39375e+06	
3.32125e+06	3.33575e+06	3.2925e+06	3.27975e+06	3.2785e+06	
3.22e+06	3.2085e+06	3.242e+06	3.167e+06	3.18025e+06	
3.1115e+06	3.08625e+06	3.07425e+06	3.08625e+06	3.119e+06	
3.058e+06	3.0435e+06	2.97975e+06	3.044e+06	3.06675e+06	
2.95275e+06	2.99125e+06	2.97725e+06	2.96525e+06	2.95325e+06	
2.89025e+06	2.88025e+06	2.935e+06	2.969e+06	2.89675e+06	
2.84e+06	2.8495e+06	2.8695e+06	2.81725e+06	2.855e+06	
2.8915e+06	2.81475e+06	2.835e+06	2.83875e+06	2.8085e+06	
2.78375e+06	2.81225e+06	2.75475e+06	2.7655e+06	2.787e+06	
2.79075e+06	2.7845e+06	2.78125e+06	2.79325e+06	2.77325e+06	
2.816e+06	2.8135e+06	2.7745e+06	2.81525e+06	2.76125e+06	
2.797e+06	2.811e+06	2.8665e+06	2.8765e+06	2.87025e+06	
2.99925e+06	3.0025e+06	2.9395e+06	2.95275e+06	2.906e+06	
2.9975e+06	3.05175e+06	3.0045e+06	3.02575e+06	3.0465e+06	
3.104e+06	3.1335e+06	3.092e+06	3.11525e+06	3.08e+06	
3.1455e+06	3.14425e+06	3.20425e+06	3.157e+06	3.14875e+06	
3.21425e+06	3.235e+06	3.15175e+06	3.22125e+06	3.17775e+06	
3.1595e+06	3.18325e+06	3.143e+06	3.208e+06	3.12425e+06	
3.172e+06	3.16125e+06	3.19225e+06	3.179e+06	3.136e+06	
3.1675e+06	3.065e+06	3.08075e+06	3.04975e+06	3.041e+06	
2.9805e+06	2.9835e+06	3.02325e+06	3.01375e+06	2.94775e+06	
2.9325e+06	2.937e+06	2.94575e+06	2.978e+06	2.971e+06	
2.89425e+06	2.901e+06	2.9415e+06	2.9635e+06	2.90175e+06	
2.87275e+06	2.92e+06	2.90175e+06	2.94025e+06	2.88225e+06	
2.879e+06	2.9325e+06	2.88225e+06	2.9085e+06	2.8525e+06	
2.889e+06	2.86525e+06	2.8525e+06	2.8815e+06	2.835e+06	
2.88025e+06	2.86825e+06	2.86e+06	2.8375e+06	2.88275e+06	
2.90475e+06	2.9325e+06	2.8495e+06	2.8665e+06	2.8835e+06	
2.84625e+06	2.86775e+06	2.9085e+06	2.83225e+06	2.87025e+06	
2.97925e+06	2.9155e+06	2.8915e+06	2.92125e+06	2.884e+06	
2.93e+06	2.94075e+06	2.884e+06	2.935e+06	2.874e+06	
2.889e+06	2.8115e+06	2.87275e+06	2.89925e+06	2.85375e+06	
2.87025e+06	2.90925e+06	2.82475e+06	2.8495e+06	2.838e+06	
2.81925e+06	2.83875e+06	2.84175e+06	2.835e+06	2.88775e+06	
2.83675e+06	2.8915e+06	2.86575e+06	2.85825e+06	2.852e+06	
2.82725e+06	2.879e+06	2.8455e+06	2.8135e+06	2.83675e+06	
2.8545e+06	2.88025e+06	2.85125e+06	2.78625e+06	2.79275e+06	
2.8475e+06	2.823e+06	2.8425e+06	2.8475e+06	2.799e+06	
2.80725e+06	2.799e+06	2.8285e+06	2.84625e+06	2.797e+06	
2.82225e+06	2.867e+06	2.8305e+06	2.85325e+06	2.8135e+06	
2.831e+06	2.86825e+06	2.87825e+06	2.81025e+06	2.85e+06	
2.826e+06	2.85375e+06	2.818e+06	2.87025e+06	2.8645e+06	
2.83225e+06	2.87075e+06	2.79575e+06	2.88025e+06	2.84e+06	
2.8575e+06	2.87025e+06	2.82925e+06	2.8985e+06	2.811e+06	
2.874e+06	2.86525e+06	2.90725e+06	2.8455e+06	2.85575e+06	
2.857e+06	2.8495e+06	2.881e+06	2.87975e+06	2.82225e+06	
2.891e+06	2.91625e+06	2.94275e+06	2.947e+06	2.9105e+06	
2.9585e+06	2.93875e+06	2.9615e+06	2.98225e+06	2.96975e+06	
3.00375e+06	2.95975e+06	2.96725e+06	2.95025e+06	2.993e+06	
2.9665e+06	2.98875e+06	3.0165e+06	2.9325e+06	2.944e+06	
3.07675e+06	3.034e+06	3.085e+06	3.063e+06	3.01375e+06	
3.022e+06	3.04225e+06	3.08825e+06	3.05225e+06	2.9975e+06	
3.07425e+06	3.0585e+06	3.075e+06	3.09775e+06	3.036e+06	
3.05175e+06	3.099e+06	3.0775e+06	3.0655e+06	3.068e+06	
3.012e+06	3.08075e+06	3.09825e+06	3.04525e+06	3.02825e+06	
3.107e+06	3.07825e+06	3.017e+06	3.07125e+06	3.02025e+06	
3.017e+06	3.0875e+06	3.0295e+06	3.0485e+06	3.03975e+06	
3.0415e+06	3.044e+06	3.0245e+06	2.99925e+06	3e+06	
3.01375e+06	3.053e+06	3.04475e+06	3.00575e+06	2.97425e+06	
2.973e+06	2.983e+06	3.03725e+06	3.0195e+06	2.98875e+06	
3.024e+06	3.017e+06	2.9755e+06	3.044e+06	2.9755e+06	
3.01825e+06	3.00575e+06	3.01325e+06	2.9495e+06	2.97025e+06	
3.02025e+06	3.0795e+06	2.98925e+06	2.98925e+06	3.02075e+06	
3.03775e+06	3.07e+06	3.03075e+06	3.048e+06	3.0435e+06	
3.0415e+06	3.02275e+06	3.046e+06	2.99675e+06	3.01775e+06	
2.9295e+06	2.98675e+06	2.97725e+06	2.981e+06	2.95975e+06	
2.98625e+06	2.98225e+06	2.97975e+06	2.99925e+06	2.96225e+06	
3.00825e+06	2.97475e+06	2.96775e+06	2.998e+06	2.95075e+06	
2.9665e+06	2.97175e+06	2.966e+06	2.96025e+06	2.96475e+06	
2.95975e+06	2.98425e+06	2.947e+06	2.9855e+06	3.00325e+06	
2.978e+06	2.93375e+06	2.96025e+06	2.9835e+06	2.95275e+06	
3.00625e+06	2.97675e+06	2.95525e+06	3.002e+06	2.8935e+06	
3.00375e+06	2.964e+06	2.99875e+06	2.981e+06	2.89925e+06	
2.9565e+06	2.9755e+06	2.9585e+06	2.9925e+06	2.9665e+06	
2.97425e+06	2.97025e+06	2.949e+06	2.96975e+06	2.9295e+06	
2.9005e+06	2.91e+06	3.00125e+06	2.9585e+06	2.90675e+06	
2.9105e+06	2.9225e+06	2.9205e+06	2.978e+06	2.9085e+06	
2.94825e+06	3.002e+06	2.95325e+06	2.927e+06	2.97425e+06	
2.99675e+06	2.932e+06	2.923e+06	2.93875e+06	2.95025e+06	
3.007e+06	2.98475e+06	2.998e+06	2.89475e+06	2.906e+06	
2.9785e+06	2.976e+06	2.981e+06	2.971e+06	2.9325e+06	
2.995e+06	3.01e+06	2.99125e+06	3.03275e+06	2.97425e+06	
3.00125e+06	2.98925e+06	2.99e+06	2.97925e+06	2.969e+06	
2.95525e+06	2.944e+06	2.91925e+06	3.007e+06	2.98225e+06	
2.92625e+06	2.95775e+06	2.9785e+06	2.95325e+06	2.935e+06	
2.9395e+06	2.94825e+06	2.93575e+06	2.9345e+06	2.92825e+06	
2.9755e+06	2.9615e+06	2.94325e+06	2.915e+06	2.944e+06	
2.95075e+06	2.97925e+06	2.9225e+06	2.98675e+06	2.9615e+06	
2.95975e+06	2.95775e+06	2.93875e+06	2.9805e+06	2.9415e+06	
2.95775e+06	2.93325e+06	2.94575e+06	2.95975e+06	2.92175e+06	
2.96775e+06	2.95075e+06	2.8765e+06	2.94525e+06	2.9205e+06	
2.879e+06	2.9175e+06	2.87275e+06	2.8865e+06	2.91125e+06	
2.9155e+06	2.89475e+06	2.913e+06	2.9275e+06	2.89225e+06	
2.97675e+06	2.9635e+06	2.89475e+06	2.942e+06	2.90725e+06	
2.90425e+06	2.94325e+06	2.92175e+06	2.9375e+06	2.91875e+06	
2.9345e+06	2.90425e+06	2.91e+06	2.9295e+06	2.84625e+06	
2.92625e+06	2.89425e+06	2.90425e+06	2.88225e+06	2.91e+06	
2.9735e+06	2.83625e+06	2.898e+06	2.86775e+06	2.855e+06	
2.79525e+06	2.88275e+06	2.8525e+06	2.896e+06	2.88525e+06	
2.81525e+06	2.86125e+06	2.8255e+06	2.92575e+06	2.8595e+06	
2.87325e+06	2.906e+06	2.81725e+06	2.8405e+06	2.86325e+06	
2.81275e+06	2.87075e+06	2.877e+06	2.82975e+06	2.83225e+06	
2.8375e+06	2.79775e+06	2.84e+06	2.83875e+06	2.8085e+06	
2.77375e+06	2.82725e+06	2.845e+06	2.8115e+06	2.8285e+06	
2.828e+06	2.82425e+06	2.81025e+06	2.821e+06	2.782e+06	
2.8065e+06	2.80775e+06	2.79575e+06	2.86825e+06	2.80525e+06	
2.7915e+06	2.79025e+06	2.7945e+06	2.8035e+06	2.78575e+06	
2.8135e+06	2.8205e+06	2.79325e+06	2.7915e+06	2.79525e+06	
2.7795e+06	2.76675e+06	2.7455e+06	2.8085e+06	2.77375e+06	
2.79525e+06	2.8085e+06	2.8015e+06	2.785e+06	2.758e+06	
2.76425e+06	2.84425e+06	2.72725e+06	2.79525e+06	2.7775e+06	
2.74925e+06	2.80025e+06	2.76425e+06	2.85325e+06	2.751e+06	
2.8165e+06	2.79025e+06	2.823e+06	2.806e+06	2.7675e+06	
2.75175e+06	2.75675e+06	2.775e+06	2.73975e+06	2.75425e+06	
2.8015e+06	2.75625e+06	2.76175e+06	2.7825e+06	2.7675e+06	
2.7455e+06	2.7845e+06	2.775e+06	2.7625e+06	2.8065e+06	
2.80225e+06	2.726e+06	2.73775e+06	2.722e+06	2.734e+06	
2.7555e+06	2.7145e+06	2.731e+06	2.68925e+06	2.73225e+06	
2.75925e+06	2.72775e+06	2.7245e+06	2.73975e+06	2.76675e+06	
2.758e+06	2.71025e+06	2.6825e+06	2.70325e+06	2.6615e+06	
2.7435e+06	2.66225e+06	2.668e+06	2.69825e+06	2.65975e+06	
2.76925e+06	2.7315e+06	2.72075e+06	2.70825e+06	2.651e+06	
2.73475e+06	2.69575e+06	2.70125e+06	2.68925e+06	2.66675e+06	
2.7115e+06	2.6565e+06	2.6755e+06	2.7045e+06	2.70375e+06	
2.722e+06	2.72075e+06	2.6565e+06	2.67725e+06	2.664e+06	
2.637e+06	2.61875e+06	2.69625e+06	2.6445e+06	2.71075e+06	
2.588e+06	2.6195e+06	2.6975e+06	2.67725e+06	2.671e+06	
2.58725e+06	2.618e+06	2.642e+06	2.572e+06	2.57475e+06	
2.4945e+06	2.50275e+06	2.49725e+06	2.50275e+06	2.472e+06	
2.3175e+06	2.29425e+06	2.28725e+06	2.291e+06	2.32125e+06	
1.98475e+06	1.9785e+06	2.0585e+06	2.03025e+06	2.007e+06	
1.69175e+06	1.71e+06	1.74025e+06	1.67725e+06	1.70325e+06	
1.50525e+06	1.48775e+06	1.4555e+06	1.4725e+06	1.46375e+06	
1.28475e+06	1.313e+06	1.301e+06	1.284e+06	1.34275e+06	
1.218e+06	1.206e+06	1.2355e+06	1.2135e+06	1.23625e+06	
1.2645e+06	1.274e+06	1.2645e+06	1.252e+06	1.25775e+06	
1.342e+06	1.339e+06	1.35775e+06	1.35525e+06	1.3465e+06	
1.46925e+06	1.4365e+06	1.499e+06	1.458e+06	1.4675e+06	
1.51675e+06	1.48325e+06	1.49325e+06	1.5065e+06	1.5115e+06	
1.487e+06	1.50275e+06	1.49575e+06	1.52425e+06	1.494e+06	
1.475e+06	1.4825e+06	1.4965e+06	1.47625e+06	1.49075e+06	
1.50775e+06	1.4995e+06	1.48375e+06	1.46e+06	1.4895e+06	
1.46925e+06	1.501e+06	1.4965e+06	1.50775e+06	1.48075e+06	
1.547e+06	1.49275e+06	1.5255e+06	1.48775e+06	1.48125e+06	
1.54875e+06	1.54e+06	1.523e+06	1.55325e+06	1.5695e+06	
1.637e+06	1.589e+06	1.58975e+06	1.6035e+06	1.63625e+06	
1.6635e+06	1.6445e+06	1.68675e+06	1.65325e+06	1.661e+06	
1.7505e+06	1.7245e+06	1.736e+06	1.6975e+06	1.7095e+06	
1.76125e+06	1.768e+06	1.76925e+06	1.8135e+06	1.7915e+06	
1.88075e+06	1.83875e+06	1.85375e+06	1.87025e+06	1.85825e+06	
1.9565e+06	1.935e+06	1.89475e+06	1.91675e+06	1.937e+06	
2.02775e+06	1.9855e+06	2.0365e+06	2.0125e+06	2.00625e+06	
2.0585e+06	2.0995e+06	2.09e+06	2.1115e+06	2.06675e+06	
2.143e+06	2.1305e+06	2.16625e+06	2.11775e+06	2.1595e+06	
2.20025e+06	2.187e+06	2.19475e+06	2.179e+06	2.19275e+06	
2.28225e+06	2.235e+06	2.211e+06	2.235e+06	2.2135e+06	
2.2425e+06	2.2855e+06	2.286e+06	2.293e+06	2.2645e+06	
2.30925e+06	2.29875e+06	2.3125e+06	2.28675e+06	2.2885e+06	
2.3175e+06	2.29475e+06	2.279e+06	2.3025e+06	2.28175e+06	
2.31e+06	2.3345e+06	2.30925e+06	2.308e+06	2.30375e+06	
2.3535e+06	2.32075e+06	2.363e+06	2.32075e+06	2.30625e+06	
2.37225e+06	2.33325e+06	2.32775e+06	2.32575e+06	2.3195e+06	
2.35525e+06	2.3225e+06	2.32825e+06	2.29225e+06	2.271e+06	
2.317e+06	2.322e+06	2.363e+06	2.332e+06	2.291e+06	
2.32325e+06	2.31875e+06	2.305e+06	2.34725e+06	2.34775e+06	
2.327e+06	2.293e+06	2.36725e+06	2.34475e+06	2.32e+06	
2.339e+06	2.3105e+06	2.3245e+06	2.303e+06	2.32375e+06	
2.332e+06	2.308e+06	2.33825e+06	2.346e+06	2.296e+06	
2.31875e+06	2.31375e+06	2.27775e+06	2.2975e+06	2.276e+06	
2.33075e+06	2.3175e+06	2.28425e+06	2.31625e+06	2.28925e+06	
2.28975e+06	2.346e+06	2.329e+06	2.31375e+06	2.3395e+06	
2.32775e+06	2.32575e+06	2.31375e+06	2.27275e+06	2.28225e+06	
2.26575e+06	2.2765e+06	2.27275e+06	2.308e+06	2.26075e+06	
2.31e+06	2.3e+06	2.3105e+06	2.303e+06	2.31875e+06	
2.29925e+06	2.23375e+06	2.296e+06	2.276e+06	2.3025e+06	
2.26025e+06	2.2765e+06	2.247e+06	2.281e+06	2.257e+06	
2.30175e+06	2.27525e+06	2.281e+06	2.2425e+06	2.2325e+06	
2.2495e+06	2.26575e+06	2.21475e+06	2.25525e+06	2.22675e+06	
2.24625e+06	2.264e+06	2.24875e+06	2.24875e+06	2.21425e+06	
2.2595e+06	2.25075e+06	2.23425e+06	2.23825e+06	2.2275e+06	
2.25775e+06	2.2545e+06	2.25e+06	2.2545e+06	2.20725e+06	
2.257e+06	2.23125e+06	2.2395e+06	2.25775e+06	2.24375e+06	
2.22875e+06	2.2105e+06	2.2375e+06	2.23625e+06	2.19475e+06	
2.2685e+06	2.22925e+06	2.24075e+06	2.2495e+06	2.235e+06	
2.19975e+06	2.2105e+06	2.22375e+06	2.2445e+06	2.2225e+06	
2.191e+06	2.22875e+06	2.177e+06	2.22375e+06	2.21475e+06	
2.2035e+06	2.213e+06	2.21225e+06	2.22625e+06	2.2105e+06	
2.2255e+06	2.16125e+06	2.22625e+06	2.19525e+06	2.18325e+06	
2.21925e+06	2.16325e+06	2.19775e+06	2.18325e+06	2.1845e+06	
2.18825e+06	2.20275e+06	2.21675e+06	2.18075e+06	2.16325e+06	
2.199e+06	2.165e+06	2.17325e+06	2.18525e+06	2.191e+06	
2.19275e+06	2.189e+06	2.19975e+06	2.2055e+06	2.1965e+06	
2.20025e+06	2.20225e+06	2.19775e+06	2.17525e+06	2.16875e+06	
2.206e+06	2.1525e+06	2.19275e+06	2.21175e+06	2.191e+06	
2.18775e+06	2.155e+06	2.16325e+06	2.18275e+06	2.1815e+06	
2.18975e+06	2.1815e+06	2.145e+06	2.17e+06	2.14375e+06	
2.12725e+06	2.17575e+06	2.2325e+06	2.18775e+06	2.1745e+06	
2.19525e+06	2.20725e+06	2.15375e+06	2.18025e+06	2.17075e+06	
2.1675e+06	2.17125e+06	2.155e+06	2.15175e+06	2.15e+06	
2.145e+06	2.17125e+06	2.13725e+06	2.13725e+06	2.167e+06	
2.17075e+06	2.14925e+06	2.18025e+06	2.16875e+06	2.14675e+06	
2.18025e+06	2.1675e+06	2.1555e+06	2.102e+06	2.15425e+06	
2.15125e+06	2.1455e+06	2.1695e+06	2.15125e+06	2.1135e+06	
2.13475e+06	2.19225e+06	2.13225e+06	2.12275e+06	2.11975e+06	
2.12225e+06	2.09375e+06	2.10825e+06	2.1185e+06	2.1265e+06	
2.17e+06	2.12925e+06	2.12725e+06	2.1165e+06	2.124e+06	
2.1235e+06	2.10575e+06	2.12975e+06	2.10575e+06	2.09e+06	
2.124e+06	2.10325e+06	2.109e+06	2.1165e+06	2.09625e+06	
2.1285e+06	2.12025e+06	2.07925e+06	2.1525e+06	2.11725e+06	
2.112e+06	2.09e+06	2.066e+06	2.11775e+06	2.0775e+06	
2.107e+06	2.119e+06	2.1045e+06	2.099e+06	2.104e+06	
2.12925e+06	2.114e+06	2.1135e+06	2.1215e+06	2.1135e+06	
2.0675e+06	2.08e+06	2.09375e+06	2.14425e+06	2.104e+06	
2.09e+06	2.07175e+06	2.08175e+06	2.073e+06	2.08325e+06	
2.0605e+06	2.07675e+06	2.06475e+06	2.10075e+06	2.0995e+06	
2.0515e+06	2.06875e+06	2.0605e+06	2.05475e+06	2.06875e+06	
2.0385e+06	2.07e+06	2.0145e+06	2.0585e+06	2.041e+06	
2.06675e+06	2.0555e+06	2.0435e+06	2.03575e+06	2.02075e+06	
2.04025e+06	2.05025e+06	2.0365e+06	2.0195e+06	2.0345e+06	
2.07625e+06	2.01125e+06	2.0365e+06	2.051e+06	1.99125e+06	
2.0215e+06	1.9905e+06	2.01075e+06	2.0515e+06	2.007e+06	
1.9955e+06	1.99375e+06	2.0415e+06	2.01075e+06	2.03325e+06	
2.01e+06	2.0585e+06	2.007e+06	1.99675e+06	1.98675e+06	
2.0005e+06	1.9615e+06	1.98475e+06	2.034e+06	1.9885e+06	
2.007e+06	1.9785e+06	1.95575e+06	1.969e+06	1.97975e+06	
1.97475e+06	1.96525e+06	1.9805e+06	1.95825e+06	1.99375e+06	
1.95275e+06	1.99375e+06	1.9685e+06	1.9515e+06	1.978e+06	
1.94125e+06	1.964e+06	1.9735e+06	1.96725e+06	1.947e+06	
1.97675e+06	1.952e+06	1.96025e+06	1.966e+06	1.91675e+06	
1.94075e+06	1.90925e+06	1.91925e+06	1.97225e+06	1.89475e+06	
1.93875e+06	1.896e+06	1.9275e+06	1.93325e+06	1.94575e+06	
1.9465e+06	1.918e+06	1.95075e+06	1.9155e+06	1.89725e+06	
1.903e+06	1.8965e+06	1.865e+06	1.90225e+06	1.91225e+06	
1.932e+06	1.91875e+06	1.906e+06	1.93325e+06	1.86575e+06	
1.92175e+06	1.915e+06	1.877e+06	1.91625e+06	1.86825e+06	
1.8815e+06	1.87275e+06	1.89975e+06	1.874e+06	1.8765e+06	
1.89925e+06	1.9105e+06	1.88025e+06	1.8865e+06	1.85325e+06	
1.874e+06	1.86575e+06	1.884e+06	1.8885e+06	1.85175e+06	
1.85825e+06	1.884e+06	1.91925e+06	1.85375e+06	1.889e+06	
1.9035e+06	1.8255e+06	1.901e+06	1.8915e+06	1.8675e+06	
1.87575e+06	1.884e+06	1.85325e+06	1.88975e+06	1.86825e+06	
1.84675e+06	1.8865e+06	1.879e+06	1.8795e+06	1.855e+06	
1.85175e+06	1.8865e+06	1.88725e+06	1.855e+06	1.86325e+06	
1.8285e+06	1.8405e+06	1.82425e+06	1.86575e+06	1.81275e+06	
1.84625e+06	1.855e+06	1.8335e+06	1.8355e+06	1.816e+06	
1.8425e+06	1.8255e+06	1.826e+06	1.8215e+06	1.8285e+06	
1.86325e+06	1.83675e+06	1.84925e+06	1.848e+06	1.8235e+06	
1.82925e+06	1.809e+06	1.8505e+06	1.84125e+06	1.85125e+06	
1.84425e+06	1.85375e+06	1.85325e+06	1.831e+06	1.845e+06	
1.872e+06	1.85125e+06	1.857e+06	1.82975e+06	1.83675e+06	
1.81725e+06	1.831e+06	1.799e+06	1.82675e+06	1.80525e+06	
1.8525e+06	1.80275e+06	1.833e+06	1.8575e+06	1.8215e+06	
1.78625e+06	1.814e+06	1.7795e+06	1.80525e+06	1.75975e+06	
1.8065e+06	1.833e+06	1.787e+06	1.799e+06	1.816e+06	
1.77125e+06	1.756e+06	1.80025e+06	1.84875e+06	1.77375e+06	
1.76675e+06	1.77625e+06	1.79e+06	1.756e+06	1.79825e+06	
1.74925e+06	1.77175e+06	1.75175e+06	1.80325e+06	1.7675e+06	
1.75725e+06	1.75725e+06	1.7165e+06	1.78575e+06	1.73775e+06	
1.804e+06	1.74525e+06	1.73775e+06	1.79275e+06	1.76875e+06	
1.7585e+06	1.74225e+06	1.73775e+06	1.72075e+06	1.7625e+06	
1.782e+06	1.73725e+06	1.73275e+06	1.736e+06	1.70575e+06	
1.7215e+06	1.72525e+06	1.73525e+06	1.71825e+06	1.7555e+06	
1.71125e+06	1.70125e+06	1.71125e+06	1.7045e+06	1.7145e+06	
1.707e+06	1.698e+06	1.731e+06	1.705e+06	1.7295e+06	
1.7295e+06	1.7215e+06	1.7295e+06	1.702e+06	1.685e+06	
1.7415e+06	1.69625e+06	1.67925e+06	1.68425e+06	1.71325e+06	
1.7075e+06	1.67675e+06	1.71325e+06	1.712e+06	1.73725e+06	
1.724e+06	1.70625e+06	1.7025e+06	1.69375e+06	1.69375e+06	
1.68875e+06	1.69925e+06	1.6805e+06	1.698e+06	1.68625e+06	
1.6345e+06	1.6635e+06	1.676e+06	1.69875e+06	1.688e+06	
1.69375e+06	1.6635e+06	1.69125e+06	1.65725e+06	1.6565e+06	
1.68425e+06	1.6345e+06	1.635e+06	1.67975e+06	1.65725e+06	
1.661e+06	1.65975e+06	1.654e+06	1.67725e+06	1.69125e+06	
1.68625e+06	1.6685e+06	1.6805e+06	1.68925e+06	1.6785e+06	
1.70575e+06	1.66975e+06	1.6785e+06	1.66975e+06	1.67925e+06	
1.656e+06	1.676e+06	1.69375e+06	1.673e+06	1.618e+06	
1.64325e+06	1.68175e+06	1.65275e+06	1.6515e+06	1.65275e+06	
1.62825e+06	1.65025e+06	1.65725e+06	1.654e+06	1.64075e+06	
1.68625e+06	1.652e+06	1.66775e+06	1.65725e+06	1.6735e+06	
1.62125e+06	1.62375e+06	1.647e+06	1.6325e+06	1.65975e+06	
1.63325e+06	1.6295e+06	1.63325e+06	1.6515e+06	1.627e+06	
1.64825e+06	1.6495e+06	1.63125e+06	1.6345e+06	1.615e+06	
1.632e+06	1.63e+06	1.5985e+06	1.61925e+06	1.6345e+06	
1.608e+06	1.60725e+06	1.58225e+06	1.596e+06	1.59425e+06	
1.598e+06	1.59425e+06	1.586e+06	1.60875e+06	1.6375e+06	
1.5865e+06	1.6035e+06	1.60175e+06	1.60675e+06	1.56825e+06	
1.5815e+06	1.56825e+06	1.57525e+06	1.5835e+06	1.60225e+06	
1.562e+06	1.58225e+06	1.53375e+06	1.5645e+06	1.57075e+06	
1.56525e+06	1.55325e+06	1.57725e+06	1.5955e+06	1.557e+06	
1.5285e+06	1.552e+06	1.57275e+06	1.5865e+06	1.56075e+06	
1.54175e+06	1.54375e+06	1.55325e+06	1.533e+06	1.58525e+06	
1.53925e+06	1.521e+06	1.555e+06	1.53875e+06	1.533e+06	
1.562e+06	1.562e+06	1.5255e+06	1.5255e+06	1.54875e+06	
1.516e+06	1.51725e+06	1.504e+06	1.526e+06	1.55075e+06	
1.50275e+06	1.518e+06	1.5285e+06	1.55325e+06	1.50475e+06	
1.499e+06	1.509e+06	1.51975e+06	1.51725e+06	1.5135e+06	
1.50275e+06	1.5115e+06	1.50725e+06	1.48125e+06	1.492e+06	
1.4865e+06	1.44975e+06	1.458e+06	1.48575e+06	1.47875e+06	
1.4335e+06	1.468e+06	1.4335e+06	1.451e+06	1.4215e+06	
1.44175e+06	1.42525e+06	1.4195e+06	1.4165e+06	1.3925e+06	
1.41075e+06	1.3945e+06	1.37875e+06	1.41525e+06	1.40575e+06	
1.4e+06	1.373e+06	1.3445e+06	1.407e+06	1.4e+06	
1.378e+06	1.3875e+06	1.397e+06	1.3905e+06	1.37925e+06	
1.363e+06	1.34775e+06	1.3465e+06	1.35275e+06	1.32325e+06	
1.3635e+06	1.349e+06	1.34575e+06	1.3295e+06	1.3275e+06	
1.34025e+06	1.3395e+06	1.33575e+06	1.33e+06	1.315e+06	
1.315e+06	1.3075e+06	1.3175e+06	1.3155e+06	1.27725e+06	
1.3025e+06	1.31625e+06	1.32825e+06	1.29475e+06	1.28525e+06	
1.271e+06	1.2935e+06	1.28025e+06	1.3075e+06	1.2715e+06	
1.3155e+06	1.29925e+06	1.3005e+06	1.291e+06	1.296e+06	
1.2985e+06	1.315e+06	1.31425e+06	1.296e+06	1.32375e+06	
1.27475e+06	1.2835e+06	1.2645e+06	1.293e+06	1.286e+06	
1.3025e+06	1.2815e+06	1.298e+06	1.291e+06	1.2565e+06	
1.293e+06	1.303e+06	1.293e+06	1.2835e+06	1.25575e+06	
1.30425e+06	1.29725e+06	1.28675e+06	1.25e+06	1.3105e+06	
1.3295e+06	1.30625e+06	1.2935e+06	1.34325e+06	1.30925e+06	
1.301e+06	1.308e+06	1.31375e+06	1.28025e+06	1.30425e+06	
1.267e+06	1.28475e+06	1.29175e+06	1.2715e+06	1.315e+06	
1.27275e+06	1.308e+06	1.26775e+06	1.317e+06	1.24375e+06	
1.2985e+06	1.28475e+06	1.27225e+06	1.298e+06	1.288e+06	
1.33e+06	1.31175e+06	1.33825e+06	1.34075e+06	1.281e+06	
1.35975e+06	1.36225e+06	1.35725e+06	1.3735e+06	1.36425e+06	
1.33775e+06	1.383e+06	1.349e+06	1.35025e+06	1.35275e+06	
1.337e+06	1.34975e+06	1.3295e+06	1.3615e+06	1.3615e+06	
1.33325e+06	1.34275e+06	1.35775e+06	1.351e+06	1.32075e+06	
1.325e+06	1.31625e+06	1.31175e+06	1.327e+06	1.313e+06	
1.271e+06	1.286e+06	1.26825e+06	1.26525e+06	1.2765e+06	
1.199e+06	1.22425e+06	1.201e+06	1.2065e+06	1.20525e+06	
1.189e+06	1.17875e+06	1.1725e+06	1.235e+06	1.187e+06	
1.20225e+06	1.17125e+06	1.189e+06	1.2085e+06	1.20475e+06	
1.228e+06	1.235e+06	1.21925e+06	1.242e+06	1.2135e+06	
1.27775e+06	1.24125e+06	1.26275e+06	1.2765e+06	1.238e+06	
1.276e+06	1.26325e+06	1.2785e+06	1.281e+06	1.2565e+06	
1.2835e+06	1.28725e+06	1.2955e+06	1.32325e+06	1.2955e+06	
1.28525e+06	1.305e+06	1.29975e+06	1.29475e+06	1.298e+06	
1.3295e+06	1.3105e+06	1.281e+06	1.3275e+06	1.315e+06	
1.31175e+06	1.2985e+06	1.284e+06	1.29475e+06	1.30675e+06	
1.29675e+06	1.288e+06	1.29925e+06	1.29675e+06	1.267e+06	
1.29675e+06	1.29475e+06	1.327e+06	1.279e+06	1.2955e+06	
1.30675e+06	1.325e+06	1.31e+06	1.301e+06	1.27525e+06	
1.281e+06	1.30925e+06	1.3195e+06	1.32875e+06	1.28975e+06	
1.28225e+06	1.27275e+06	1.301e+06	1.29475e+06	1.2935e+06	
1.2595e+06	1.24125e+06	1.281e+06	1.2735e+06	1.26075e+06	
1.26075e+06	1.281e+06	1.25325e+06	1.25075e+06	1.27525e+06	
1.24075e+06	1.2495e+06	1.2355e+06	1.2475e+06	1.2525e+06	
1.2565e+06	1.23925e+06	1.24825e+06	1.23625e+06	1.2445e+06	
1.26075e+06	1.24625e+06	1.2615e+06	1.21175e+06	1.23625e+06	
1.2445e+06	1.233e+06	1.24e+06	1.264e+06	1.2525e+06	
1.24e+06	1.245e+06	1.22225e+06	1.23375e+06	1.255e+06	
1.235e+06	1.2445e+06	1.24125e+06	1.255e+06	1.2235e+06	
1.23675e+06	1.228e+06	1.225e+06	1.25325e+06	1.22425e+06	
1.2185e+06	1.233e+06	1.24075e+06	1.24075e+06	1.2255e+06	
1.25575e+06	1.2375e+06	1.264e+06	1.209e+06	1.2325e+06	
1.23e+06	1.25125e+06	1.264e+06	1.213e+06	1.2135e+06	
1.259e+06	1.218e+06	1.24075e+06	1.2375e+06	1.24575e+06	
1.247e+06	1.255e+06	1.20225e+06	1.24e+06	1.2205e+06	
1.242e+06	1.206e+06	1.2475e+06	1.25375e+06	1.2135e+06	
1.225e+06	1.2085e+06	1.22675e+06	1.213e+06	1.23125e+06	
1.225e+06	1.2205e+06	1.2355e+06	1.2525e+06	1.2205e+06	
1.233e+06	1.22225e+06	1.23875e+06	1.22625e+06	1.23e+06	
1.23925e+06	1.20975e+06	1.20225e+06	1.206e+06	1.225e+06	
1.23675e+06	1.175e+06	1.24875e+06	1.2155e+06	1.20775e+06	
1.2325e+06	1.24825e+06	1.22425e+06	1.1895e+06	1.21175e+06	
1.201e+06	1.2275e+06	1.2325e+06	1.22625e+06	1.23375e+06	
1.216e+06	1.206e+06	1.2155e+06	1.21925e+06	1.22625e+06	
1.23925e+06	1.225e+06	1.2275e+06	1.204e+06	1.2325e+06	
1.228e+06	1.2375e+06	1.2645e+06	1.21225e+06	1.23125e+06	
1.23375e+06	1.2085e+06	1.2645e+06	1.21975e+06	1.2255e+06	
1.23425e+06	1.2475e+06	1.19975e+06	1.238e+06	1.2305e+06	
1.233e+06	1.2255e+06	1.23125e+06	1.2205e+06	1.23925e+06	
1.233e+06	1.2325e+06	1.201e+06	1.22425e+06	1.20225e+06	
1.216e+06	1.22625e+06	1.209e+06	1.20975e+06	1.21675e+06	
1.262e+06	1.2595e+06	1.21675e+06	1.2325e+06	1.2375e+06	
1.24075e+06	1.25375e+06	1.2035e+06	1.255e+06	1.2135e+06	
1.22875e+06	1.23e+06	1.21925e+06	1.2525e+06	1.2255e+06	
1.20225e+06	1.2325e+06	1.24325e+06	1.22675e+06	1.22875e+06	
1.23175e+06	1.242e+06	1.1915e+06	1.2135e+06	1.21175e+06	
1.213e+06	1.204e+06	1.19025e+06	1.26525e+06	1.2185e+06	
1.2425e+06	1.194e+06	1.2105e+06	1.2425e+06	1.23675e+06	
1.213e+06	1.20225e+06	1.2205e+06	1.19075e+06	1.2375e+06	
1.1895e+06	1.2235e+06	1.23125e+06	1.2015e+06	1.21675e+06	
1.228e+06	1.25325e+06	1.218e+06	1.2545e+06	1.18025e+06	
1.245e+06	1.223e+06	1.22225e+06	1.20725e+06	1.2205e+06	
1.235e+06	1.209e+06	1.21725e+06	1.24125e+06	1.209e+06	
1.19325e+06	1.22875e+06	1.17575e+06	1.24575e+06	1.20475e+06	
1.1985e+06	1.2065e+06	1.21675e+06	1.21925e+06	1.223e+06	
1.24875e+06	1.23e+06	1.2375e+06	1.2355e+06	1.19725e+06	
1.22225e+06	1.216e+06	1.19725e+06	1.19725e+06	1.21475e+06	
1.225e+06	1.22925e+06	1.15425e+06	1.2105e+06	1.21175e+06	
1.16875e+06	1.204e+06	1.19025e+06	1.1895e+06	1.20225e+06	
1.2015e+06	1.21675e+06	1.1965e+06	1.2305e+06	1.211e+06	
1.1915e+06	1.1985e+06	1.216e+06	1.17325e+06	1.2185e+06	
1.1845e+06	1.223e+06	1.221e+06	1.20725e+06	1.201e+06	
1.221e+06	1.1725e+06	1.187e+06	1.1985e+06	1.19275e+06	
1.18525e+06	1.1675e+06	1.18075e+06	1.17825e+06	1.15175e+06	
1.194e+06	1.19025e+06	1.1815e+06	1.19975e+06	1.233e+06	
1.17125e+06	1.1725e+06	1.17875e+06	1.184e+06	1.18525e+06	
1.1745e+06	1.16175e+06	1.1675e+06	1.182e+06	1.17e+06	
1.18775e+06	1.2135e+06	1.1605e+06	1.18275e+06	1.19075e+06	
1.19725e+06	1.177e+06	1.19775e+06	1.184e+06	1.15425e+06	
1.1865e+06	1.167e+06	1.1815e+06	1.192e+06	1.1455e+06	
1.165e+06	1.1745e+06	1.20275e+06	1.16875e+06	1.192e+06	
1.19075e+06	1.18825e+06	1.14675e+06	1.1895e+06	1.1505e+06	
1.1605e+06	1.18775e+06	1.2015e+06	1.167e+06	1.165e+06	
1.153e+06	1.18075e+06	1.18325e+06	1.19025e+06	1.158e+06	
1.15375e+06	1.18325e+06	1.13975e+06	1.163e+06	1.146e+06	
1.192e+06	1.1645e+06	1.167e+06	1.19025e+06	1.158e+06	
1.18525e+06	1.1775e+06	1.16175e+06	1.1845e+06	1.17625e+06	
1.165e+06	1.15925e+06	1.16375e+06	1.177e+06	1.1645e+06	
1.165e+06	1.15125e+06	1.155e+06	1.16825e+06	1.1865e+06	
1.1675e+06	1.17625e+06	1.14675e+06	1.17e+06	1.1625e+06	
1.148e+06	1.15425e+06	1.1555e+06	1.12775e+06	1.1385e+06	
1.1265e+06	1.11775e+06	1.13425e+06	1.12525e+06	1.107e+06	
1.109e+06	1.11275e+06	1.12975e+06	1.1215e+06	1.11775e+06	
1.1065e+06	1.112e+06	1.1215e+06	1.11325e+06	1.107e+06	
1.095e+06	1.13975e+06	1.14175e+06	1.1315e+06	1.09875e+06	
1.12975e+06	1.1265e+06	1.1185e+06	1.131e+06	1.1045e+06	
1.119e+06	1.1185e+06	1.1455e+06	1.1185e+06	1.129e+06	
1.12025e+06	1.14875e+06	1.1315e+06	1.143e+06	1.126e+06	
1.12275e+06	1.12275e+06	1.13425e+06	1.11975e+06	1.12775e+06	
1.1095e+06	1.124e+06	1.12275e+06	1.11775e+06	1.13425e+06	
1.1265e+06	1.11025e+06	1.12975e+06	1.0855e+06	1.1355e+06	
1.129e+06	1.126e+06	1.08675e+06	1.1435e+06	1.119e+06	
1.1235e+06	1.12475e+06	1.09125e+06	1.092e+06	1.1145e+06	
1.107e+06	1.1045e+06	1.1355e+06	1.129e+06	1.112e+06	
1.10275e+06	1.13275e+06	1.09825e+06	1.11575e+06	1.109e+06	
1.08625e+06	1.0995e+06	1.0685e+06	1.07675e+06	1.06675e+06	
1.05225e+06	1.05025e+06	1.0725e+06	1.06425e+06	1.04725e+06	
1.054e+06	1.0725e+06	1.051e+06	1.04725e+06	1.0635e+06	
1.03825e+06	1.0435e+06	1.054e+06	1.0395e+06	1.06975e+06	
1.0515e+06	1.06175e+06	1.054e+06	1.05925e+06	1.056e+06	
1.05725e+06	1.09125e+06	1.04725e+06	1.07875e+06	1.06975e+06	
1.0705e+06	1.07925e+06	1.0705e+06	1.08e+06	1.07425e+06	
1.09875e+06	1.073e+06	1.0975e+06	1.07425e+06	1.061e+06	
1.0725e+06	1.10525e+06	1.06475e+06	1.09325e+06	1.08425e+06	
1.0975e+06	1.10775e+06	1.095e+06	1.1e+06	1.0635e+06	
1.08425e+06	1.10525e+06	1.07925e+06	1.12525e+06	1.107e+06	
1.08175e+06	1.08875e+06	1.068e+06	1.0945e+06	1.0825e+06	
1.10275e+06	1.0895e+06	1.0895e+06	1.08375e+06	1.09125e+06	
1.09325e+06	1.11975e+06	1.0895e+06	1.073e+06	1.09e+06	
1.063e+06	1.092e+06	1.09325e+06	1.0995e+06	1.09875e+06	
1.07625e+06	1.06675e+06	1.09625e+06	1.07425e+06	1.09625e+06	
1.0925e+06	1.114e+06	1.10075e+06	1.09e+06	1.078e+06	
1.08425e+06	1.0825e+06	1.095e+06	1.0925e+06	1.09e+06	
1.08425e+06	1.0925e+06	1.06725e+06	1.07925e+06	1.06925e+06	
1.0895e+06	1.0875e+06	1.07425e+06	1.066e+06	1.06225e+06	
1.075e+06	1.07875e+06	1.07625e+06	1.0585e+06	1.071e+06	
1.0895e+06	1.075e+06	1.07925e+06	1.063e+06	1.078e+06	
1.056e+06	1.058e+06	1.0605e+06	1.0605e+06	1.05025e+06	
1.07375e+06	1.07925e+06	1.058e+06	1.075e+06	1.0635e+06	
1.07875e+06	1.0655e+06	1.071e+06	1.075e+06	1.0755e+06	
1.073e+06	1.06225e+06	1.05975e+06	1.07875e+06	1.0535e+06	
1.061e+06	1.0415e+06	1.0635e+06	1.0605e+06	1.0465e+06	
1.03325e+06	1.06175e+06	1.06675e+06	1.06175e+06	1.0315e+06	
1.061e+06	1.05975e+06	1.07175e+06	1.068e+06	1.07375e+06	
1.022e+06	1.05675e+06	1.0585e+06	1.04525e+06	1.05275e+06	
1.05025e+06	1.054e+06	1.0855e+06	1.066e+06	1.051e+06	
1.04975e+06	1.066e+06	1.04475e+06	1.04275e+06	1.04975e+06	
1.032e+06	1.04975e+06	1.051e+06	1.0535e+06	1.05725e+06	
1.03325e+06	1.07425e+06	1.05225e+06	1.06925e+06	1.04075e+06	
1.04775e+06	1.03575e+06	1.051e+06	1.044e+06	1.05025e+06	
1.0415e+06	1.051e+06	1.05525e+06	1.06975e+06	1.02575e+06	
1.0415e+06	1.06225e+06	1.05025e+06	1.025e+06	1.054e+06	
1.0365e+06	1.04775e+06	1.0345e+06	1.0245e+06	1.04775e+06	
1.022e+06	1.0245e+06	1.0415e+06	1.04725e+06	1.05975e+06	
1.0365e+06	995500	1.012e+06	1.02075e+06	1.02125e+06	
1.0245e+06	983000	1.00375e+06	979750	971500	
990500	973500	968500	971000	989250	
977750	986000	996250	963250	983500	
982250	994750	1.008e+06	1.00875e+06	1.00125e+06	
996750	991750	998750	1.003e+06	984250	
991000	999250	998000	1.00625e+06	979750	
1.0145e+06	984250	986750	1.00175e+06	1.01e+06	
990500	1.022e+06	1.037e+06	1.01075e+06	1.02325e+06	
992250	1.0075e+06	998000	1.00675e+06	1.00925e+06	
1.015e+06	1.00875e+06	1.0245e+06	1.0055e+06	1.029e+06	
1.03575e+06	977250	977750	1.003e+06	992250	
993500	1.025e+06	1.0125e+06	1.0225e+06	1.00125e+06	
988000	1e+06	998750	999250	1.00175e+06	
1.00875e+06	993500	1.02075e+06	1.01e+06	1.00625e+06	
1.0075e+06	998000	1.0175e+06	998000	1.0145e+06	
1.01575e+06	1.0075e+06	1.022e+06	1.00675e+06	987250	
1.00425e+06	1.01e+06	986000	973500	1.017e+06	
990500	991000	998000	1.02375e+06	983500	
1.012e+06	1.0005e+06	999250	1.01125e+06	999250	
986000	1.003e+06	1.00375e+06	983000	982250	
990500	986000	1.01125e+06	994750	993500	
992250	991000	976500	990500	977250	
970250	988000	998000	976500	981750	
981000	998000	997500	1.0005e+06	1.0075e+06	
961500	974000	965250	986750	962000	
979000	975250	981750	983500	960250	
991000	972750	962000	966500	949500	
964000	957750	961500	989750	978500	
946250	964000	981000	960250	976000	
983500	964750	970250	967250	950750	
983500	969000	969750	960250	954000	
959000	967750	979750	963250	955750	
952000	956500	971000	972250	967750	
973500	942000	960250	976500	957750	
970250	955750	937500	958250	967750	
956500	955750	967250	957750	963250	
958250	960250	967250	962750	932500	
949500	959500	983000	964750	966500	
945000	958250	966500	928000	970250	
945000	951500	955250	956500	932500	
940750	957750	957000	935000	946250	
930000	972750	929250	933750	961500	
934500	947000	938750	940750	919250	
969000	951500	959500	976500	961500	
954000	914250	946250	945750	943750	
951500	951500	953250	965250	958250	
916000	955250	940750	950750	926750	
945750	949500	925500	950250	930500	
944500	926750	934500	925500	929250	
942000	940750	925500	938750	930500	
931750	915500	935000	951500	913500	
916750	947500	917250	921250	905500	
920000	913000	941250	925000	922500	
911750	928000	930500	918750	937000	
935750	943750	918750	931750	918750	
916750	918750	932500	910500	895250	
918000	923750	935000	919250	918750	
931250	930000	905500	932500	898500	
906750	907250	927500	920500	914250	
925000	913000	906750	905500	908000	
918000	904250	928750	906000	896000	
911000	933000	892250	910500	934500	
913000	912250	920000	909750	899000	
909250	891000	926250	909750	915500	
909750	901000	895250	899750	874500	
904750	895250	926750	887750	896500	
890250	907250	893500	912250	899000	
911000	893500	912250	891000	880250	
881500	890250	892750	887000	865750	
889750	899000	877000	885750	882000	
875750	888500	877750	898500	877750	
901000	898500	911750	872000	887750	
875250	885250	903500	882750	879500	
874000	862000	887000	867000	880250	
877000	876500	867000	895250	896000	
889000	884000	870750	881500	880750	
882750	895250	885250	870750	897250	
892250	879500	877750	891000	860750	
857500	877000	875750	853000	848000	
877000	852500	879500	877000	866250	
866250	852500	879000	851250	862500	
883250	874500	872000	880250	877000	
869500	859500	862000	867500	856250	
858250	858250	863750	879000	874000	
863250	858250	887000	875750	867500	
847500	873250	879000	855000	856750	
857500	867000	888500	855500	856750	
850500	868250	859500	840500	858750	
860000	870000	853750	891500	862500	
839750	853750	848000	855000	853000	
831750	848750	839750	853000	845500	
833000	859500	845000	850000	846750	
846250	863750	850500	848750	836000	
843000	854250	845000	846250	841750	
820250	814750	834750	856750	858750	
822750	817250	855500	845000	863750	
824750	838000	826500	822750	814000	
817250	827250	805750	822250	819750	
822250	820250	797750	814750	822750	
813500	778750	817750	804000	826000	
824750	826500	843750	805250	826000	
797750	790750	820250	799500	801500	
819000	820250	792000	812750	804000	
791250	813500	807000	816500	802000	
808250	800250	816000	810250	808250	
807750	826500	805750	793250	784500	
778000	799500	793250	793750	812750	
797750	797000	776250	780500	783750	
783750	766750	772500	772500	788750	
795750	785750	763000	783250	761750	
775500	771250	775500	789500	775000	
793250	791250	778000	766250	782000	
776750	775000	767500	805750	775000	
778750	777500	779250	789500	795000	
789500	770500	790750	766750	795000	
792000	778750	775500	772500	782000	
773000	777500	765500	764750	771250	
782500	761750	773000	771750	773000	
786250	789500	775000	780000	778000	
793750	773000	779250	759750	776750	
788750	761000	785750	795750	782500	
797000	789500	756750	774250	788750	
783250	795000	780500	791250	782000	
809000	795000	808250	803250	789500	
791250	792000	783750	799500	806500	
805250	793750	819750	797000	809500	
797750	790000	822750	831750	799000	
802000	814750	802000	797750	807750	
806500	789500	819750	795750	826500	
805250	801500	801500	815250	814000	
807000	797750	812750	815250	795000	
821000	809500	778000	809000	801500	
812750	795000	783750	814750	807000	
801500	805250	777500	809500	787500	
766750	805250	802750	805750	801500	
776250	807000	787000	800750	793250	
787000	791250	795750	775000	776250	
763000	769250	787500	785000	766250	
783750	783250	771750	796500	797000	
776250	776750	770500	765500	782500	
777500	767500	775000	763000	784500	
758500	764750	776750	760500	775000	
771750	775000	775500	779250	749750	
754750	765500	771250	763500	763500	
771250	792500	774250	766750	765500	
753000	782000	773000	745250	763500	
777500	765500	752250	783250	755500	
770000	769250	774250	762250	778000	
766750	765500	759750	776250	770000	
754750	785750	759750	768750	754250	
776750	785000	747750	774250	767500	
773000	787000	759250	764250	770500	
770500	781250	768750	768000	742750	
763500	778000	764250	773750	763000	
760500	782000	768000	758500	757250	
754750	765500	755500	761000	755500	
764250	743500	757250	751000	760500	
751750	743500	757250	746500	754250	
739750	759250	777500	763500	764250	
766750	741000	760500	767500	750500	
750500	744000	770500	753500	779250	
757250	770000	730250	724500	769250	
747250	766250	750500	749750	764750	
760500	739750	747750	751000	743500	
754750	730750	740250	764250	737750	
750500	744750	739000	751000	752250	
745250	750500	750500	749000	747250	
744000	743500	753000	739000	764250	
732750	750500	756750	763500	753500	
749000	743500	755500	743500	763000	
739000	734000	747250	746000	741500	
735250	737750	745250	743500	749000	
751000	753500	726500	736000	744750	
744000	756750	743500	754750	747250	
762250	743500	741500	756000	761750	
744750	739750	751750	744750	754750	
765500	745250	734000	764750	739750	
752250	746000	746000	756000	742750	
734500	741000	756000	768000	768000	
761750	757250	744750	752250	756000	
742750	739000	757250	760500	769250	
735250	753000	754750	766750	742750	
756750	752250	744750	757250	755500	
742750	751000	754750	746500	747750	
736000	737750	760500	753000	764750	
725250	736000	768000	740250	754750	
750500	739000	735250	763500	741500	
742250	759250	744000	754250	753000	
750500	752250	742750	754750	731500	
738500	747750	755500	750500	766750	
755500	732000	765500	745250	751750	
736500	758500	720250	729500	759750	
737750	744750	757250	749750	737750	
732750	732750	754250	737750	724500	
749750	750500	741500	758000	734500	
727750	742750	739000	724000	748500	
749750	746000	749000	720250	737750	
749000	736500	753000	729000	747750	
744000	718750	737250	707500	727750	
732750	745250	742250	730250	713750	
745250	729000	722000	737250	727000	
721500	747250	728250	750500	729000	
729500	724500	746500	736000	711250	
722000	733250	736500	724000	730250	
740250	730250	732750	727750	736000	
727750	744750	712500	724000	724000	
736000	722750	727000	739000	729500	
739000	724000	712000	717000	729500	
715000	727000	744750	717000	724000	
703750	706250	713750	701250	722000	
715000	716250	710000	719500	708250	
698000	711250	715000	713250	695000	
701750	708250	718750	716250	729000	
718750	693750	705000	712500	710750	
700500	696750	676750	709500	706250	
692500	696750	691250	682250	688000	
703000	693000	688500	699250	677250	
695000	689250	690500	695500	693000	
694250	695500	679750	695000	704500	
680500	678500	681000	681000	681750	
683500	678500	667750	671000	688000	
689250	688000	680500	667250	671000	
671000	669750	674250	660250	661500	
677250	685500	671000	674750	671000	
674250	689250	670250	683000	667250	
669000	651500	672750	657750	674250	
671000	676750	655250	659750	654000	
661500	644500	653250	671500	659750	
661000	650250	660250	672250	674250	
668500	648250	669000	659000	663500	
662250	674750	669000	645250	674750	
638750	661000	670250	654500	654500	
671000	654500	674250	654500	661000	
667750	662750	661500	666000	658500	
647750	636250	654500	644500	667750	
666000	677250	639500	659000	654500	
674750	660250	646500	663500	650750	
669000	661000	664750	650750	664000	
671500	664000	653250	664000	657750	
652750	657000	650750	668500	651500	
669000	663500	648250	667250	645750	
657000	659000	674750	662750	651500	
638250	665250	659750	651500	669750	
647000	664750	657750	662250	657750	
661500	678500	640000	664000	659750	
661000	661500	664000	650750	654000	
667250	668500	674750	660250	693750	
662750	671500	673500	664750	657000	
671000	676000	681750	669750	657750	
674750	679250	671500	666000	667250	
678000	673500	697500	670250	679750	
672250	672750	676000	686750	678000	
656500	669750	662750	673500	674750	
670250	661500	664750	654500	669000	
664750	676000	667250	666500	659750	
665250	665250	674750	679250	681000	
681000	678000	683000	669750	670250	
659750	672250	664000	674250	668500	
655250	659750	662250	647000	672250	
653250	647750	674750	653250	668500	
660250	669000	661000	674750	652750	
650250	683000	650250	657000	678000	
674750	652000	643250	663500	650250	
664000	647000	658500	668500	658500	
664000	670250	645750	662750	654000	
671500	666000	681750	659750	644000	
664000	655250	647750	673500	654000	
667250	663500	644000	642500	646500	
659750	671000	667750	657750	661500	
653250	657750	656500	659000	634500	
644500	660250	657000	676000	643250	
667250	665250	646500	661500	668500	
662250	657750	655750	655250	667250	
661000	651500	660250	666500	652000	
659000	669000	668500	652000	637000	
654500	655250	659750	655250	646500	
647000	649000	671000	652000	672750	
648250	652750	655250	657750	661000	
656500	648250	657750	652000	673500	
657000	661000	638750	664750	648250	
632000	655250	669750	651500	653250	
652000	652000	665250	661000	649000	
660250	666500	672750	654000	661500	
664750	660250	652750	664750	672750	
645750	650250	671000	649500	641250	
653250	656500	637000	655750	659000	
671000	659750	649000	665250	645750	
664000	658500	652750	645750	655750	
677250	665250	646500	669750	657750	
654000	654000	660250	659750	664750	
651500	652000	668500	650250	654500	
660250	654500	655750	655250	656500	
657000	633750	671500	664000	630000	
644500	649000	666000	645750	667750	
648250	652000	660250	663500	652000	
668500	648250	652750	657750	655750	
671500	668500	640000	638750	633250	
642000	654500	643250	664750	644000	
625500	662250	651500	656500	672750	
670250	661000	641250	657750	645750	
656500	671500	660250	650250	660250	
644500	662750	660250	647000	664000	
668500	654500	650250	668500	659750	
649000	658500	652000	645750	645250	
660250	642500	640750	659000	657750	
639500	632000	655250	646500	651500	
648250	657750	656500	653250	652000	
649000	652000	655250	652750	664750	
650750	647750	630750	670250	649000	
660250	654000	666500	645750	662750	
661000	643250	659000	661000	648250	
647750	666500	650750	652750	658500	
659750	673500	641250	666500	648250	
647750	670250	655250	660250	655750	
641250	659750	658500	654000	632500	
633750	659000	654500	654000	662750	
646500	657000	671500	646500	654000	
638250	652750	650750	668500	641250	
656500	637500	654000	657750	646500	
625500	642000	661500	653250	641250	
642000	643250	671000	635750	659000	
655750	649500	650750	655750	664750	
656500	651500	638750	650250	645750	
658500	647750	653250	679250	655750	
654000	648250	666000	649000	666000	
632000	655250	645250	654000	644500	
662750	654500	649000	654000	648250	
658500	657000	659750	635000	661500	
627500	654000	649000	669750	632500	
643250	642500	666500	648250	640000	
648250	652750	661500	643250	649500	
644000	645750	654500	647000	640000	
650250	655750	661000	651500	655750	
649000	661000	649500	659750	640000	
655250	662750	644500	657750	641250	
636250	656500	640750	661500	659750	
653250	633750	657000	640750	638750	
646500	660250	649000	644500	654000	
653250	635000	658500	653250	640000	
662750	645250	657000	637500	633250	
652000	643250	649000	638250	658500	
647750	649500	647000	642500	647000	
663500	661500	639500	647000	654500	
650250	650250	650250	656500	631250	
650250	649000	647000	664000	642500	
671000	638750	649500	647750	657750	
652750	648250	674750	645250	645750	
644000	655750	650750	643250	640750	
649000	650250	657750	652000	662250	
650250	658500	661000	661000	645250	
650250	658500	645750	656500	647750	
649000	652750	657000	647750	669000	
659750	680500	666500	661500	656500	
668500	640000	633750	659750	662250	
659000	664000	652750	645250	641250	
660250	659000	654000	645750	642500	
655750	664000	637000	647750	640750	
658500	670250	652000	647000	648250	
645250	652750	662250	663500	650750	
638250	654500	654000	650250	657000	
650250	638250	649500	640000	652750	
644000	650750	654500	659000	650250	
659000	641250	642000	663500	645250	
649000	655250	645750	641250	647750	
646500	655750	664750	642500	633250	
650250	644000	658500	647750	642500	
647000	656500	642000	655750	650250	
659750	662250	647000	670250	652750	
662250	628750	645250	671000	655250	
653250	637500	650750	652750	654000	
642500	650750	655250	645250	647750	
644500	647000	638250	636250	656500	
666000	652000	647000	635000	636250	
649500	614250	640000	647750	646500	
650250	649000	650250	652750	653250	
654000	649000	647750	631250	647750	
644500	661000	647750	634500	634500	
647750	635750	647000	650250	635750	
637000	661000	638750	657750	640750	
657750	655750	645250	655250	632500	
649500	640750	656500	621750	664000	
637000	636250	641250	642000	645750	
644000	638750	662250	637500	644000	
655750	641250	637000	645250	661500	
635000	638750	651500	641250	650250	
650750	641250	658500	633250	642000	
644500	659750	649500	630750	651500	
661000	652000	640750	631250	632000	
644000	643250	640750	647750	652000	
646500	633250	649500	657000	631250	
637500	644500	646500	651500	642000	
633250	658500	645750	644000	643250	
637500	638250	642500	639500	647000	
644500	649000	646500	632500	640750	
644500	660250	655750	637000	652000	
635000	650750	647000	654500	655750	
642500	651500	656500	645750	657750	
642500	631250	645250	650750	648250	
639500	645750	659750	645250	636250	
649500	652750	647750	642000	652000	
654000	640000	648250	666000	644000	
642500	647000	657000	652750	635000	
647750	654500	633750	647750	635000	
632000	627500	647000	640000	647000	
640750	657750	652750	654500	640750	
635750	630000	644000	630000	642000	
642500	642000	637000	656500	636250	
642500	644500	645750	636250	626250	
640750	636250	649500	646500	626750	
646500	644000	632500	659750	627500	
620000	660250	644500	636250	647000	
633750	658500	629500	643250	644500	
633750	637000	635000	632000	619250	
647750	647000	629500	648250	643250	
650750	637000	642500	644500	641250	
640000	638750	639500	650750	640750	
648250	644000	632000	641250	648250	
652000	632000	632500	637000	635750	
647750	637000	654500	631250	633750	
630000	648250	656500	648250	635750	
642500	632000	637000	635000	642500	
642500	655750	666000	623000	645250	
643250	633250	628750	654500	640000	
642500	658500	649500	621750	650750	
635000	637500	648250	627500	642500	
659000	659750	633250	644000	638750	
638750	650250	625000	637500	626250	
636250	642500	642000	642000	645250	
627500	647750	647000	630750	623750	
649000	627500	646500	659000	632500	
629500	643250	651500	628250	626750	
650750	646500	647750	638750	635750	
624250	640000	645750	642000	618750	
655250	642500	654500	627500	634500	
619250	638750	649500	624250	640000	
639500	650250	616750	620000	648250	
655250	645750	637500	623000	631250	
635750	644000	657750	650750	628250	
616250	628750	642000	650250	647000	
640750	639500	637000	652000	650250	
637000	646500	639500	635000	632500	
651500	637500	641250	632500	639500	
635000	642000	632500	642500	633750	
629500	643250	645750	632500	650750	
631250	637000	642000	633250	646500	
637000	645750	634500	632500	646500	
649500	628750	637000	636250	642000	
642500	625500	627500	633750	628250	
650750	649000	630000	642500	635000	
653250	621750	640750	622500	632000	
633250	645250	640750	627500	634500	
652000	642000	628250	638250	638250	
623750	628750	646500	640750	640000	
628750	653250	620000	650250	645250	
641250	654500	645250	644000	640750	
645250	641250	646500	649000	644500	
648250	649500	650250	616250	628750	
649500	629500	640750	647750	640000	
632000	644000	650250	641250	651500	
648250	632000	622500	640750	628750	
633750	628250	654500	626750	650750	
641250	640750	637500	643250	635750	
618000	629500	630000	608500	636250	
637000	638250	644000	634500	634500	
651500	659750	630000	647750	625500	
629500	617500	633250	639500	636250	
637000	650250	654000	633750	641250	
642500	625500	647750	654500	634500	
634500	650250	625500	638250	600500	
625500	638250	645250	635000	642500	
643250	650250	637500	647000	640750	
635750	636250	638250	643250	619250	
638750	623750	644000	640750	620500	
638250	636250	659000	641250	623750	
637500	631250	635000	644000	635000	
637500	636250	631250	634500	635000	
623750	637000	641250	637500	644500	
645750	654500	616750	640000	645250	
642500	628250	629500	635750	620500	
651500	634500	626250	635750	644000	
630000	642000	643250	626750	633750	
639500	637000	637000	650250	629500	
638750	650750	643250	645250	656500	
651500	630000	639500	640000	632500	
621750	632000	644500	637500	624250	
616250	654500	644000	634500	625500	
632000	635750	619250	638750	639500	
643250	632500	641250	636250	637000	
647000	644000	644500	628750	633750	
625500	630750	647000	620000	600500	
639500	637000	634500	628250	625000	
648250	641250	610500	645750	643250	
636250	656500	637000	647000	633250	
643250	638250	644500	632000	640750	
622500	650250	648250	636250	638750	
624250	635750	640750	631250	647750	
633750	634500	633750	625000	635000	
628250	647000	639500	628250	626250	
660250	623750	626750	643250	641250	
636250	628750	622500	638250	637000	
629500	627500	621250	655750	649000	
647000	647000	629500	618750	641250	
646500	639500	653250	662750	630750	
627500	635750	652000	621250	628250	
639500	628250	617500	623750	644500	
640750	657750	633250	642500	633250	
647000	626750	637000	637000	632000	
649500	635750	625000	615000	642500	
636250	618750	639500	648250	632500	
643250	647750	628750	650750	632000	
641250	638750	623750	638750	622500	
628250	639500	619250	625500	628250	
630750	635000	641250	620000	642500	
628250	632000	635750	612500	650250	
628250	632000	635750	612500	650250	
628250	632000	635750	612500	650250	
