4250	4250	4250	4250	4250	
7.13825e+06	7.13825e+06	7.13825e+06	7.13825e+06	7.13825e+06	
536250	516500	539250	517750	531000	
506500	517750	521000	505250	519750	
519750	515250	517750	506500	504500	
511000	525500	507750	504500	509750	
519000	510250	529750	512250	521000	
515250	521750	517250	524750	520250	
517750	500750	517250	498250	515250	
509000	516000	516000	504000	525500	
523500	522250	537500	510250	536750	
523000	523500	515250	529250	524750	
545000	544250	533000	541750	498250	
543750	538750	530500	536250	533500	
552000	541250	548750	541750	561250	
531000	530500	539250	542500	574500	
557500	558750	541250	553250	540500	
557000	553250	562500	549250	575250	
556250	538750	546250	566250	570250	
554500	562500	560000	569500	589000	
552500	553750	594750	550500	563250	
563250	582750	570250	572750	571500	
591000	565000	568250	568250	572000	
654500	657000	644500	645750	656500	
786250	792500	758500	799000	792000	
816500	814750	799000	805750	779250	
803250	826500	807750	814000	809500	
814750	816500	828500	819750	820250	
826000	831000	860000	844250	814750	
824000	829750	846750	817750	829250	
820250	850500	829250	834750	836750	
841000	860750	850000	863250	835500	
865750	878250	841000	864500	870000	
866250	891500	897250	894750	887000	
860750	899750	885750	904250	870750	
884000	865000	882000	885750	879500	
902750	866250	903500	884000	887750	
895250	920500	892750	888500	894750	
870000	884000	878250	875750	883250	
871250	898500	908000	881500	865000	
894000	891000	902250	905500	903500	
918750	928000	943250	905500	908500	
948750	943750	948750	925500	922500	
931250	925500	948250	940750	938250	
958250	952000	945000	963250	957750	
948250	937000	932500	950250	934500	
920500	927500	933750	964000	960750	
928000	926750	940750	941250	956500	
949500	932500	936250	933750	937500	
943750	920500	920000	916000	907250	
917250	913000	913500	902250	906750	
867000	885750	905500	897750	893500	
889750	880250	907250	894000	913000	
886500	875750	876500	897750	907250	
892750	882000	894750	890250	860750	
896000	888500	868750	903500	858750	
908500	915500	925000	911000	929250	
959000	962750	977750	966000	989250	
988500	972250	1.01625e+06	985500	981750	
983000	1.00425e+06	993000	989250	988500	
963250	958250	963250	979750	976000	
933000	946250	935000	929250	964750	
938250	967750	948750	955250	955750	
945000	933000	970250	950250	952000	
976500	982250	955250	973500	986750	
996750	993000	1.00175e+06	1.0125e+06	993000	
995500	1.01625e+06	1.037e+06	1.02e+06	1.034e+06	
975250	1.00425e+06	1.01375e+06	1.0145e+06	1.01825e+06	
1.01075e+06	1.00175e+06	1.01575e+06	1.01575e+06	1e+06	
1.03775e+06	1.03025e+06	996750	1.01075e+06	1.0515e+06	
1.05675e+06	1.04075e+06	1.034e+06	1.054e+06	1.0435e+06	
1.046e+06	1.0295e+06	1.0415e+06	1.03525e+06	1.0295e+06	
1.05475e+06	1.0465e+06	1.061e+06	1.06175e+06	1.06475e+06	
1.09125e+06	1.092e+06	1.104e+06	1.09375e+06	1.0895e+06	
1.12975e+06	1.11075e+06	1.10575e+06	1.1505e+06	1.143e+06	
1.114e+06	1.124e+06	1.1e+06	1.148e+06	1.15425e+06	
1.12525e+06	1.092e+06	1.13025e+06	1.11075e+06	1.136e+06	
1.15e+06	1.1115e+06	1.124e+06	1.138e+06	1.12975e+06	
1.11775e+06	1.1215e+06	1.109e+06	1.1215e+06	1.124e+06	
1.13925e+06	1.126e+06	1.11325e+06	1.1435e+06	1.10575e+06	
1.1165e+06	1.13025e+06	1.14225e+06	1.1145e+06	1.10775e+06	
1.112e+06	1.08625e+06	1.126e+06	1.10825e+06	1.1145e+06	
1.1165e+06	1.138e+06	1.12525e+06	1.13475e+06	1.14925e+06	
1.15875e+06	1.13025e+06	1.18075e+06	1.172e+06	1.16825e+06	
1.19325e+06	1.16e+06	1.20775e+06	1.20025e+06	1.17625e+06	
1.206e+06	1.21175e+06	1.2035e+06	1.1695e+06	1.165e+06	
1.1795e+06	1.16825e+06	1.17875e+06	1.1625e+06	1.17575e+06	
1.13925e+06	1.15625e+06	1.14875e+06	1.14425e+06	1.1455e+06	
1.189e+06	1.14875e+06	1.1625e+06	1.167e+06	1.13225e+06	
1.18275e+06	1.16825e+06	1.1985e+06	1.182e+06	1.1725e+06	
1.13975e+06	1.175e+06	1.165e+06	1.1695e+06	1.14425e+06	
1.08875e+06	1.112e+06	1.1335e+06	1.1315e+06	1.1185e+06	
1.10525e+06	1.1045e+06	1.11325e+06	1.10125e+06	1.1285e+06	
1.11075e+06	1.1285e+06	1.1405e+06	1.10125e+06	1.11775e+06	
1.06225e+06	1.07925e+06	1.034e+06	1.05975e+06	1.056e+06	
1.04225e+06	1.04725e+06	1.05225e+06	1.05225e+06	1.05975e+06	
1.06225e+06	1.04975e+06	1.049e+06	1.032e+06	1.03775e+06	
1.07925e+06	1.06725e+06	1.06925e+06	1.07375e+06	1.07425e+06	
1.05675e+06	1.0605e+06	1.0995e+06	1.07875e+06	1.0995e+06	
1.09825e+06	1.1115e+06	1.1115e+06	1.10075e+06	1.09875e+06	
1.1725e+06	1.1915e+06	1.1625e+06	1.165e+06	1.16875e+06	
1.1775e+06	1.2105e+06	1.17825e+06	1.189e+06	1.194e+06	
1.18325e+06	1.19775e+06	1.201e+06	1.19475e+06	1.187e+06	
1.182e+06	1.21425e+06	1.21225e+06	1.1845e+06	1.1985e+06	
1.21425e+06	1.23875e+06	1.2235e+06	1.238e+06	1.21975e+06	
1.298e+06	1.2595e+06	1.26275e+06	1.284e+06	1.28975e+06	
1.28025e+06	1.29675e+06	1.31125e+06	1.30625e+06	1.31625e+06	
1.37425e+06	1.3445e+06	1.3225e+06	1.36475e+06	1.35475e+06	
1.32575e+06	1.31e+06	1.31425e+06	1.29675e+06	1.315e+06	
1.25075e+06	1.2255e+06	1.25325e+06	1.25375e+06	1.2565e+06	
1.206e+06	1.22925e+06	1.235e+06	1.23425e+06	1.22175e+06	
1.25125e+06	1.252e+06	1.22625e+06	1.22875e+06	1.22225e+06	
1.221e+06	1.25325e+06	1.25075e+06	1.29725e+06	1.25825e+06	
1.3155e+06	1.30375e+06	1.2985e+06	1.28475e+06	1.286e+06	
1.34575e+06	1.33575e+06	1.322e+06	1.34275e+06	1.3565e+06	
1.2785e+06	1.32625e+06	1.293e+06	1.305e+06	1.301e+06	
1.238e+06	1.2545e+06	1.24825e+06	1.24825e+06	1.23e+06	
1.1965e+06	1.1845e+06	1.216e+06	1.218e+06	1.19075e+06	
1.1455e+06	1.1505e+06	1.15675e+06	1.13725e+06	1.143e+06	
1.114e+06	1.119e+06	1.11325e+06	1.12225e+06	1.10275e+06	
1.08375e+06	1.0825e+06	1.10125e+06	1.097e+06	1.08625e+06	
1.1e+06	1.12225e+06	1.08e+06	1.0875e+06	1.07625e+06	
1.146e+06	1.11775e+06	1.11575e+06	1.1355e+06	1.1145e+06	
1.199e+06	1.2155e+06	1.20725e+06	1.19975e+06	1.19525e+06	
1.29675e+06	1.279e+06	1.301e+06	1.303e+06	1.31e+06	
1.35475e+06	1.325e+06	1.30425e+06	1.3395e+06	1.3295e+06	
1.30875e+06	1.33075e+06	1.31e+06	1.334e+06	1.3155e+06	
1.32125e+06	1.31875e+06	1.31125e+06	1.31375e+06	1.3105e+06	
1.31e+06	1.35725e+06	1.30175e+06	1.34975e+06	1.33825e+06	
1.3615e+06	1.363e+06	1.37725e+06	1.3485e+06	1.3615e+06	
1.3655e+06	1.35275e+06	1.36925e+06	1.3755e+06	1.3755e+06	
1.35225e+06	1.38625e+06	1.3905e+06	1.39125e+06	1.3635e+06	
1.356e+06	1.35975e+06	1.34575e+06	1.36975e+06	1.37725e+06	
1.37925e+06	1.3855e+06	1.363e+06	1.383e+06	1.38125e+06	
1.38875e+06	1.3855e+06	1.363e+06	1.3975e+06	1.38875e+06	
1.407e+06	1.37675e+06	1.41275e+06	1.42075e+06	1.38425e+06	
1.49275e+06	1.487e+06	1.4535e+06	1.4505e+06	1.463e+06	
1.56275e+06	1.572e+06	1.54125e+06	1.53925e+06	1.572e+06	
1.61175e+06	1.5935e+06	1.59725e+06	1.5985e+06	1.60425e+06	
1.613e+06	1.6125e+06	1.6175e+06	1.61875e+06	1.62575e+06	
1.64325e+06	1.62825e+06	1.66275e+06	1.63375e+06	1.618e+06	
1.67225e+06	1.68625e+06	1.68425e+06	1.683e+06	1.66925e+06	
1.75425e+06	1.7095e+06	1.702e+06	1.76375e+06	1.74475e+06	
1.72325e+06	1.7365e+06	1.702e+06	1.75675e+06	1.73225e+06	
1.608e+06	1.62625e+06	1.6325e+06	1.608e+06	1.6155e+06	
1.535e+06	1.52725e+06	1.5015e+06	1.55875e+06	1.54125e+06	
1.34775e+06	1.3485e+06	1.33325e+06	1.3615e+06	1.34075e+06	
1.24875e+06	1.2085e+06	1.2085e+06	1.21425e+06	1.22225e+06	
1.1675e+06	1.17325e+06	1.1845e+06	1.1605e+06	1.17325e+06	
1.27525e+06	1.28275e+06	1.28475e+06	1.29675e+06	1.288e+06	
1.4655e+06	1.448e+06	1.4915e+06	1.46875e+06	1.485e+06	
1.64775e+06	1.6155e+06	1.62175e+06	1.627e+06	1.60425e+06	
1.74975e+06	1.73725e+06	1.7485e+06	1.74225e+06	1.739e+06	
1.80575e+06	1.81525e+06	1.79825e+06	1.79775e+06	1.82425e+06	
1.74525e+06	1.7655e+06	1.73975e+06	1.7675e+06	1.74675e+06	
1.60875e+06	1.58475e+06	1.61625e+06	1.615e+06	1.608e+06	
1.4195e+06	1.4265e+06	1.40575e+06	1.43225e+06	1.4335e+06	
1.30675e+06	1.3055e+06	1.31875e+06	1.332e+06	1.33325e+06	
1.4485e+06	1.414e+06	1.4435e+06	1.4505e+06	1.4095e+06	
1.66775e+06	1.66775e+06	1.6875e+06	1.685e+06	1.6585e+06	
1.9155e+06	1.94525e+06	1.952e+06	1.9085e+06	1.95825e+06	
2.09075e+06	2.107e+06	2.08875e+06	2.0895e+06	2.05225e+06	
2.1795e+06	2.17e+06	2.15375e+06	2.1985e+06	2.2305e+06	
2.2955e+06	2.2395e+06	2.29425e+06	2.30925e+06	2.2835e+06	
2.2905e+06	2.29675e+06	2.30675e+06	2.2765e+06	2.27725e+06	
2.30125e+06	2.31575e+06	2.3245e+06	2.3125e+06	2.33275e+06	
2.34725e+06	2.35025e+06	2.35225e+06	2.339e+06	2.34275e+06	
2.419e+06	2.368e+06	2.36725e+06	2.34275e+06	2.37175e+06	
2.409e+06	2.4115e+06	2.40575e+06	2.431e+06	2.41575e+06	
2.511e+06	2.48275e+06	2.47125e+06	2.49025e+06	2.49975e+06	
2.542e+06	2.52875e+06	2.5305e+06	2.51225e+06	2.535e+06	
2.56825e+06	2.5325e+06	2.5735e+06	2.55575e+06	2.52475e+06	
2.598e+06	2.55e+06	2.64275e+06	2.598e+06	2.605e+06	
2.5615e+06	2.55625e+06	2.53375e+06	2.56525e+06	2.55775e+06	
2.4865e+06	2.499e+06	2.50475e+06	2.513e+06	2.49725e+06	
2.51975e+06	2.56575e+06	2.52925e+06	2.521e+06	2.53375e+06	
2.547e+06	2.564e+06	2.57075e+06	2.591e+06	2.564e+06	
2.52225e+06	2.54125e+06	2.5615e+06	2.52875e+06	2.608e+06	
2.54575e+06	2.542e+06	2.51675e+06	2.51225e+06	2.5325e+06	
2.58525e+06	2.564e+06	2.598e+06	2.601e+06	2.49975e+06	
2.584e+06	2.60875e+06	2.5765e+06	2.58975e+06	2.60225e+06	
2.5715e+06	2.57075e+06	2.51925e+06	2.55325e+06	2.5885e+06	
2.59925e+06	2.5355e+06	2.60375e+06	2.55575e+06	2.5525e+06	
2.557e+06	2.545e+06	2.55775e+06	2.5665e+06	2.603e+06	
2.58275e+06	2.5785e+06	2.57775e+06	2.5835e+06	2.63575e+06	
2.6615e+06	2.6705e+06	2.6565e+06	2.63825e+06	2.57275e+06	
2.64525e+06	2.6755e+06	2.637e+06	2.66275e+06	2.66925e+06	
2.68675e+06	2.73475e+06	2.7095e+06	2.775e+06	2.72525e+06	
2.72025e+06	2.792e+06	2.80225e+06	2.77125e+06	2.77825e+06	
2.8625e+06	2.86075e+06	2.89025e+06	2.901e+06	2.884e+06	
2.93625e+06	2.918e+06	2.886e+06	2.93325e+06	2.87275e+06	
2.76175e+06	2.83625e+06	2.78775e+06	2.84e+06	2.7965e+06	
2.63525e+06	2.654e+06	2.65275e+06	2.63775e+06	2.634e+06	
2.639e+06	2.608e+06	2.69e+06	2.69e+06	2.65025e+06	
2.6925e+06	2.73475e+06	2.69625e+06	2.6465e+06	2.746e+06	
2.843e+06	2.9155e+06	2.852e+06	2.87525e+06	2.89275e+06	
2.995e+06	2.95025e+06	2.97425e+06	2.9735e+06	2.98875e+06	
3.00375e+06	3.03475e+06	3.06425e+06	2.97725e+06	2.99675e+06	
3.03725e+06	3.05675e+06	3.06875e+06	3.03475e+06	3.04025e+06	
3.03075e+06	3.075e+06	3.058e+06	3.036e+06	3.044e+06	
3.03225e+06	2.99e+06	2.9585e+06	3.0025e+06	3.0075e+06	
2.95025e+06	2.976e+06	3.002e+06	2.94825e+06	2.9445e+06	
3.0655e+06	3.0535e+06	3.092e+06	3.075e+06	3.08125e+06	
3.1215e+06	3.10075e+06	3.11975e+06	3.07e+06	3.11025e+06	
3.073e+06	3.046e+06	3.0625e+06	3.0995e+06	3.07175e+06	
3.11525e+06	3.11775e+06	3.09575e+06	3.07e+06	3.114e+06	
3.063e+06	3.05925e+06	3.02575e+06	3.0365e+06	3.1305e+06	
3.051e+06	3.126e+06	3.11725e+06	3.10025e+06	3.092e+06	
3.1475e+06	3.14675e+06	3.14625e+06	3.15575e+06	3.16325e+06	
3.23875e+06	3.25825e+06	3.2565e+06	3.203e+06	3.315e+06	
3.24775e+06	3.2425e+06	3.24375e+06	3.20725e+06	3.22425e+06	
3.21225e+06	3.22175e+06	3.1765e+06	3.16375e+06	3.13175e+06	
3.145e+06	3.11275e+06	3.12475e+06	3.16325e+06	3.15375e+06	
3.116e+06	3.08075e+06	3.11025e+06	3.0965e+06	3.133e+06	
3.162e+06	3.11225e+06	3.13175e+06	3.15375e+06	3.13675e+06	
3.1425e+06	3.18275e+06	3.167e+06	3.1235e+06	3.18725e+06	
3.14625e+06	3.2225e+06	3.191e+06	3.24375e+06	3.2205e+06	
3.2495e+06	3.22625e+06	3.2055e+06	3.235e+06	3.24375e+06	
3.20475e+06	3.2425e+06	3.25525e+06	3.1865e+06	3.2225e+06	
3.14125e+06	3.19525e+06	3.208e+06	3.2375e+06	3.232e+06	
3.291e+06	3.3515e+06	3.24575e+06	3.28175e+06	3.26725e+06	
3.41775e+06	3.3755e+06	3.39375e+06	3.356e+06	3.41975e+06	
3.40525e+06	3.44425e+06	3.4625e+06	3.4475e+06	3.49725e+06	
3.489e+06	3.4725e+06	3.51675e+06	3.5185e+06	3.4475e+06	
3.453e+06	3.494e+06	3.4235e+06	3.484e+06	3.43925e+06	
3.368e+06	3.42975e+06	3.3465e+06	3.31325e+06	3.361e+06	
3.28175e+06	3.32575e+06	3.2635e+06	3.291e+06	3.34775e+06	
3.26275e+06	3.2975e+06	3.3025e+06	3.2635e+06	3.30125e+06	
3.254e+06	3.2595e+06	3.2805e+06	3.21875e+06	3.23825e+06	
3.3825e+06	3.3825e+06	3.35975e+06	3.317e+06	3.3265e+06	
3.46825e+06	3.44625e+06	3.475e+06	3.4675e+06	3.44625e+06	
3.4645e+06	3.4725e+06	3.4385e+06	3.5835e+06	3.525e+06	
3.49275e+06	3.53125e+06	3.516e+06	3.484e+06	3.46375e+06	
3.50225e+06	3.46575e+06	3.3995e+06	3.43675e+06	3.45625e+06	
3.41775e+06	3.448e+06	3.3875e+06	3.4355e+06	3.43725e+06	
3.501e+06	3.42275e+06	3.50025e+06	3.4625e+06	3.44425e+06	
3.5105e+06	3.542e+06	3.54625e+06	3.5105e+06	3.54575e+06	
3.50025e+06	3.54375e+06	3.5425e+06	3.50975e+06	3.521e+06	
3.48025e+06	3.52875e+06	3.48775e+06	3.53675e+06	3.53375e+06	
3.42025e+06	3.41275e+06	3.37375e+06	3.37e+06	3.378e+06	
3.404e+06	3.39875e+06	3.4095e+06	3.36675e+06	3.3515e+06	
3.50025e+06	3.45675e+06	3.4305e+06	3.46125e+06	3.51425e+06	
3.51675e+06	3.53625e+06	3.44475e+06	3.5645e+06	3.50225e+06	
3.45375e+06	3.501e+06	3.475e+06	3.458e+06	3.49725e+06	
3.361e+06	3.366e+06	3.392e+06	3.38375e+06	3.34975e+06	
3.27725e+06	3.2685e+06	3.2395e+06	3.24825e+06	3.22425e+06	
3.07175e+06	3.12975e+06	3.04475e+06	3.128e+06	3.02075e+06	
2.83175e+06	2.88475e+06	2.92825e+06	2.83175e+06	2.89275e+06	
2.809e+06	2.81925e+06	2.78075e+06	2.79775e+06	2.77325e+06	
2.884e+06	2.8475e+06	2.87775e+06	2.85125e+06	2.867e+06	
3.245e+06	3.26475e+06	3.25525e+06	3.22175e+06	3.26775e+06	
3.5735e+06	3.52425e+06	3.54625e+06	3.627e+06	3.58975e+06	
3.8545e+06	3.818e+06	3.71075e+06	3.74975e+06	3.75375e+06	
3.70575e+06	3.76625e+06	3.7455e+06	3.79075e+06	3.76425e+06	
3.71775e+06	3.7525e+06	3.7525e+06	3.80225e+06	3.77875e+06	
3.81425e+06	3.835e+06	3.85825e+06	3.87275e+06	3.8935e+06	
3.8645e+06	3.8235e+06	3.86275e+06	3.78825e+06	3.80225e+06	
3.64725e+06	3.649e+06	3.6345e+06	3.65025e+06	3.58425e+06	
3.6005e+06	3.63825e+06	3.59175e+06	3.6735e+06	3.64275e+06	
3.758e+06	3.833e+06	3.75875e+06	3.7285e+06	3.71775e+06	
3.89175e+06	3.896e+06	3.9415e+06	3.8695e+06	3.905e+06	
3.9875e+06	3.99125e+06	3.9805e+06	3.9825e+06	3.988e+06	
3.9785e+06	4.07375e+06	4.11475e+06	4.10475e+06	4.058e+06	
4.17325e+06	4.22e+06	4.1815e+06	4.22625e+06	4.213e+06	
4.30125e+06	4.2715e+06	4.23825e+06	4.2685e+06	4.237e+06	
4.2975e+06	4.2275e+06	4.2415e+06	4.2545e+06	4.2005e+06	
4.213e+06	4.196e+06	4.13875e+06	4.26475e+06	4.23075e+06	
4.10525e+06	4.16125e+06	4.18975e+06	4.13925e+06	4.189e+06	
4.01075e+06	4.07825e+06	4.04025e+06	4.0195e+06	4.06e+06	
3.91375e+06	3.97175e+06	3.896e+06	3.85575e+06	3.937e+06	
3.84125e+06	3.7695e+06	3.79775e+06	3.85375e+06	3.80025e+06	
4.00325e+06	3.9615e+06	3.96475e+06	3.93075e+06	3.98175e+06	
4.17575e+06	4.09575e+06	4.1955e+06	4.19675e+06	4.18025e+06	
4.1425e+06	4.20425e+06	4.19275e+06	4.2415e+06	4.22875e+06	
4.2565e+06	4.1935e+06	4.2275e+06	4.1795e+06	4.20925e+06	
4.189e+06	4.15325e+06	4.1595e+06	4.2105e+06	4.17575e+06	
4.3075e+06	4.31325e+06	4.3125e+06	4.2855e+06	4.307e+06	
4.40275e+06	4.43975e+06	4.4115e+06	4.47275e+06	4.48725e+06	
4.53875e+06	4.5885e+06	4.63325e+06	4.5515e+06	4.53375e+06	
4.622e+06	4.58925e+06	4.605e+06	4.57475e+06	4.5835e+06	
4.70075e+06	4.64225e+06	4.721e+06	4.69e+06	4.7015e+06	
4.687e+06	4.7385e+06	4.70075e+06	4.72225e+06	4.84e+06	
4.70525e+06	4.71525e+06	4.70575e+06	4.7e+06	4.7095e+06	
4.6535e+06	4.6825e+06	4.576e+06	4.68125e+06	4.68e+06	
4.69625e+06	4.729e+06	4.6655e+06	4.746e+06	4.6925e+06	
4.69325e+06	4.75175e+06	4.71075e+06	4.7115e+06	4.7285e+06	
4.75675e+06	4.7725e+06	4.746e+06	4.79975e+06	4.818e+06	
4.8375e+06	4.758e+06	4.8105e+06	4.80225e+06	4.81225e+06	
4.8205e+06	4.772e+06	4.71775e+06	4.789e+06	4.77825e+06	
4.60375e+06	4.595e+06	4.6225e+06	4.6805e+06	4.64975e+06	
4.4675e+06	4.49275e+06	4.479e+06	4.5345e+06	4.5835e+06	
4.66175e+06	4.632e+06	4.6225e+06	4.62e+06	4.68375e+06	
4.74875e+06	4.7065e+06	4.719e+06	4.78025e+06	4.746e+06	
4.8185e+06	4.9025e+06	4.821e+06	4.80525e+06	4.821e+06	
4.937e+06	4.978e+06	4.9315e+06	4.95025e+06	5.0115e+06	
4.98875e+06	5.0165e+06	4.96675e+06	4.99325e+06	5e+06	
4.97875e+06	4.96225e+06	4.91375e+06	4.988e+06	4.9705e+06	
5.01075e+06	5.0335e+06	5.00575e+06	5.00375e+06	5.0575e+06	
4.946e+06	4.954e+06	4.9585e+06	5.00375e+06	5.038e+06	
5.01025e+06	4.934e+06	5.03025e+06	5.0435e+06	5.04725e+06	
5.0965e+06	5.191e+06	5.07325e+06	5.16325e+06	5.15625e+06	
5.0965e+06	5.18275e+06	5.07825e+06	5.0775e+06	5.15575e+06	
5.25025e+06	5.2565e+06	5.22625e+06	5.20875e+06	5.2395e+06	
5.41025e+06	5.4525e+06	5.33725e+06	5.3825e+06	5.3995e+06	
5.26475e+06	5.2295e+06	5.27475e+06	5.29825e+06	5.3125e+06	
5.239e+06	5.242e+06	5.30375e+06	5.29125e+06	5.334e+06	
5.2805e+06	5.3875e+06	5.305e+06	5.30875e+06	5.334e+06	
5.157e+06	5.17525e+06	5.19425e+06	5.15e+06	5.16775e+06	
5.01525e+06	5.007e+06	5.12475e+06	5.043e+06	5.04225e+06	
4.84625e+06	4.9685e+06	4.88025e+06	4.86325e+06	4.92575e+06	
4.9735e+06	5.0025e+06	5.06375e+06	5.02475e+06	5.01325e+06	
4.95025e+06	5.024e+06	4.96725e+06	4.96425e+06	5.022e+06	
5.041e+06	5.1355e+06	5.11975e+06	5.17325e+06	5.17725e+06	
5.14375e+06	5.25075e+06	5.07625e+06	5.121e+06	5.18525e+06	
5.0945e+06	5.128e+06	5.17075e+06	5.0945e+06	5.0435e+06	
5.10525e+06	5.11225e+06	5.11675e+06	5.145e+06	5.15325e+06	
5.254e+06	5.30325e+06	5.2735e+06	5.2495e+06	5.227e+06	
5.1885e+06	5.2245e+06	5.29825e+06	5.28625e+06	5.25775e+06	
5.35175e+06	5.331e+06	5.327e+06	5.37175e+06	5.3535e+06	
5.31575e+06	5.31e+06	5.3365e+06	5.29425e+06	5.3585e+06	
5.3505e+06	5.37625e+06	5.336e+06	5.38e+06	5.3e+06	
5.48525e+06	5.5565e+06	5.39525e+06	5.45125e+06	5.5005e+06	
5.416e+06	5.44e+06	5.467e+06	5.37625e+06	5.3875e+06	
5.27925e+06	5.32325e+06	5.30375e+06	5.288e+06	5.3875e+06	
5.32825e+06	5.305e+06	5.259e+06	5.34675e+06	5.3625e+06	
5.3265e+06	5.38875e+06	5.28925e+06	5.33525e+06	5.319e+06	
5.32575e+06	5.28875e+06	5.295e+06	5.30875e+06	5.40775e+06	
5.41475e+06	5.3095e+06	5.30075e+06	5.3485e+06	5.339e+06	
5.3415e+06	5.32075e+06	5.29675e+06	5.331e+06	5.34025e+06	
5.42425e+06	5.4525e+06	5.39075e+06	5.39025e+06	5.4375e+06	
5.365e+06	5.39275e+06	5.416e+06	5.43475e+06	5.38375e+06	
5.5955e+06	5.62825e+06	5.55325e+06	5.636e+06	5.6025e+06	
5.65225e+06	5.566e+06	5.5225e+06	5.56025e+06	5.627e+06	
5.588e+06	5.5175e+06	5.6365e+06	5.51875e+06	5.557e+06	
5.7015e+06	5.661e+06	5.7385e+06	5.58225e+06	5.63975e+06	
5.66175e+06	5.66675e+06	5.62775e+06	5.64725e+06	5.65975e+06	
5.554e+06	5.63075e+06	5.58675e+06	5.5855e+06	5.6265e+06	
5.702e+06	5.714e+06	5.6775e+06	5.651e+06	5.6845e+06	
5.6725e+06	5.65225e+06	5.59925e+06	5.6555e+06	5.649e+06	
5.62825e+06	5.6245e+06	5.5885e+06	5.615e+06	5.62025e+06	
5.49975e+06	5.58175e+06	5.561e+06	5.57725e+06	5.5635e+06	
5.5005e+06	5.6005e+06	5.56475e+06	5.58925e+06	5.5225e+06	
5.4835e+06	5.535e+06	5.4715e+06	5.42425e+06	5.4795e+06	
5.61e+06	5.5585e+06	5.6e+06	5.629e+06	5.59675e+06	
5.6965e+06	5.66675e+06	5.69775e+06	5.65675e+06	5.71725e+06	
5.7555e+06	5.774e+06	5.77325e+06	5.85575e+06	5.76075e+06	
5.617e+06	5.6345e+06	5.58225e+06	5.60125e+06	5.651e+06	
5.639e+06	5.57925e+06	5.5735e+06	5.588e+06	5.60575e+06	
5.60125e+06	5.67e+06	5.629e+06	5.77325e+06	5.673e+06	
5.77075e+06	5.806e+06	5.73975e+06	5.76825e+06	5.73925e+06	
5.76375e+06	5.774e+06	5.75125e+06	5.777e+06	5.823e+06	
5.76375e+06	5.784e+06	5.847e+06	5.7695e+06	5.67625e+06	
5.92075e+06	5.95525e+06	5.883e+06	5.9195e+06	5.9345e+06	
5.9925e+06	5.94775e+06	5.893e+06	5.93025e+06	6.00325e+06	
5.9365e+06	5.925e+06	5.9435e+06	6.0675e+06	5.93825e+06	
5.90375e+06	5.91375e+06	5.9415e+06	5.971e+06	5.98125e+06	
5.95275e+06	5.973e+06	5.90875e+06	5.91325e+06	5.9775e+06	
5.74925e+06	5.7815e+06	5.73925e+06	5.79775e+06	5.8545e+06	
5.891e+06	5.978e+06	5.93075e+06	5.91125e+06	5.9315e+06	
6.06575e+06	5.95525e+06	5.9775e+06	5.98875e+06	6.03425e+06	
6.11725e+06	6.09725e+06	6.00525e+06	6.1035e+06	6.135e+06	
6.297e+06	6.38525e+06	6.271e+06	6.329e+06	6.34475e+06	
6.26725e+06	6.34475e+06	6.40725e+06	6.2735e+06	6.399e+06	
6.29875e+06	6.317e+06	6.31525e+06	6.305e+06	6.27725e+06	
6.27675e+06	6.249e+06	6.239e+06	6.28875e+06	6.2735e+06	
6.3895e+06	6.382e+06	6.4255e+06	6.39525e+06	6.35175e+06	
6.33525e+06	6.39575e+06	6.45125e+06	6.40975e+06	6.4085e+06	
6.4545e+06	6.508e+06	6.5295e+06	6.46125e+06	6.52375e+06	
6.6705e+06	6.745e+06	6.719e+06	6.68875e+06	6.69275e+06	
6.64025e+06	6.687e+06	6.5785e+06	6.653e+06	6.70325e+06	
6.71475e+06	6.76375e+06	6.7045e+06	6.71725e+06	6.7235e+06	
6.67125e+06	6.7115e+06	6.6775e+06	6.61125e+06	6.73925e+06	
6.71025e+06	6.63275e+06	6.6295e+06	6.6535e+06	6.673e+06	
6.733e+06	6.74375e+06	6.7355e+06	6.70025e+06	6.745e+06	
6.723e+06	6.711e+06	6.80925e+06	6.709e+06	6.7835e+06	
6.9e+06	6.9635e+06	6.886e+06	6.85075e+06	6.88675e+06	
7.0555e+06	7.072e+06	7.05e+06	7.031e+06	7.03925e+06	
7.19225e+06	7.174e+06	7.278e+06	7.27225e+06	7.2825e+06	
7.21e+06	7.22325e+06	7.142e+06	7.254e+06	7.283e+06	
7.273e+06	7.203e+06	7.15e+06	7.21825e+06	7.2415e+06	
7.17275e+06	7.26725e+06	7.17225e+06	7.225e+06	7.331e+06	
7.5325e+06	7.54325e+06	7.423e+06	7.4325e+06	7.57475e+06	
7.43e+06	7.534e+06	7.5395e+06	7.51625e+06	7.65475e+06	
7.46525e+06	7.4615e+06	7.513e+06	7.5125e+06	7.4525e+06	
7.59625e+06	7.6655e+06	7.605e+06	7.6895e+06	7.786e+06	
7.66925e+06	7.7015e+06	7.65925e+06	7.71475e+06	7.721e+06	
7.672e+06	7.697e+06	7.651e+06	7.70225e+06	7.66375e+06	
7.69825e+06	7.80225e+06	7.7695e+06	7.66875e+06	7.76575e+06	
7.94275e+06	7.83375e+06	7.90375e+06	7.9075e+06	7.89375e+06	
7.8245e+06	7.93075e+06	7.89175e+06	7.92025e+06	8.014e+06	
8.0085e+06	8.0475e+06	7.92775e+06	8.04625e+06	8.067e+06	
7.85075e+06	7.8975e+06	7.88225e+06	7.905e+06	7.876e+06	
8.0455e+06	8.0185e+06	7.905e+06	7.968e+06	7.917e+06	
7.936e+06	8.0505e+06	7.9505e+06	8.00025e+06	7.88225e+06	
8.08075e+06	7.9755e+06	7.98125e+06	7.994e+06	8.01725e+06	
7.91825e+06	7.85075e+06	7.8905e+06	7.9005e+06	7.9505e+06	
8.0765e+06	8.14e+06	8.1035e+06	8.149e+06	8.17475e+06	
7.95475e+06	7.9585e+06	8.02425e+06	7.922e+06	8.00525e+06	
7.78775e+06	7.835e+06	7.82e+06	7.87175e+06	7.83125e+06	
7.3625e+06	7.3095e+06	7.2585e+06	7.31775e+06	7.304e+06	
7.009e+06	7.16025e+06	7.01025e+06	7.0745e+06	7.09525e+06	
6.997e+06	7.0745e+06	6.96925e+06	7.04375e+06	7.0475e+06	
7.21e+06	7.309e+06	7.23825e+06	7.20625e+06	7.32975e+06	
7.629e+06	7.6315e+06	7.64025e+06	7.6675e+06	7.602e+06	
7.873e+06	7.89425e+06	7.779e+06	7.8515e+06	7.9215e+06	
8.123e+06	8.15575e+06	8.08725e+06	8.19375e+06	8.10725e+06	
8.27375e+06	8.24775e+06	8.33675e+06	8.375e+06	8.2435e+06	
8.13825e+06	8.24775e+06	8.3285e+06	8.174e+06	8.1905e+06	
8.35e+06	8.31325e+06	8.35175e+06	8.29625e+06	8.3215e+06	
8.47975e+06	8.54725e+06	8.575e+06	8.5485e+06	8.6195e+06	
8.699e+06	8.762e+06	8.64475e+06	8.7695e+06	8.73175e+06	
8.883e+06	8.94925e+06	8.868e+06	8.92325e+06	8.902e+06	
8.849e+06	8.851e+06	8.7765e+06	8.827e+06	8.888e+06	
8.9285e+06	9.03225e+06	8.951e+06	8.917e+06	9.0305e+06	
8.735e+06	8.8925e+06	8.76025e+06	8.89425e+06	8.84025e+06	
8.58e+06	8.75125e+06	8.6775e+06	8.6695e+06	8.6655e+06	
8.59e+06	8.56175e+06	8.3985e+06	8.61275e+06	8.57675e+06	
8.48725e+06	8.55275e+06	8.5345e+06	8.6455e+06	8.59625e+06	
8.69075e+06	8.73925e+06	8.735e+06	8.7405e+06	8.713e+06	
9.07575e+06	8.98825e+06	8.87675e+06	8.96875e+06	8.97325e+06	
8.95925e+06	9.05e+06	8.93225e+06	8.92075e+06	8.9945e+06	
8.97175e+06	9.02925e+06	8.99575e+06	9.002e+06	8.96625e+06	
9.10925e+06	9.113e+06	9.094e+06	9.089e+06	9.091e+06	
9.17725e+06	9.31725e+06	9.2585e+06	9.304e+06	9.2725e+06	
9.4225e+06	9.3915e+06	9.32275e+06	9.38775e+06	9.35625e+06	
9.25475e+06	9.37325e+06	9.275e+06	9.34375e+06	9.30525e+06	
9.26625e+06	9.34375e+06	9.26175e+06	9.3695e+06	9.384e+06	
9.31975e+06	9.30525e+06	9.43825e+06	9.36625e+06	9.4375e+06	
9.44075e+06	9.3845e+06	9.35625e+06	9.48225e+06	9.33175e+06	
9.37e+06	9.418e+06	9.31525e+06	9.4135e+06	9.486e+06	
9.3885e+06	9.51325e+06	9.4765e+06	9.4685e+06	9.54725e+06	
9.3915e+06	9.544e+06	9.541e+06	9.52125e+06	9.50375e+06	
9.4275e+06	9.469e+06	9.52075e+06	9.4205e+06	9.47475e+06	
9.3015e+06	9.384e+06	9.1975e+06	9.258e+06	9.403e+06	
9.198e+06	9.2005e+06	9.05325e+06	9.14275e+06	9.236e+06	
9.149e+06	9.16725e+06	9.0745e+06	9.15775e+06	9.15525e+06	
9.2555e+06	9.2385e+06	9.273e+06	9.43e+06	9.3595e+06	
9.34125e+06	9.41225e+06	9.40675e+06	9.21825e+06	9.403e+06	
9.21375e+06	9.307e+06	9.287e+06	9.3385e+06	9.41875e+06	
9.21e+06	9.26675e+06	9.17025e+06	9.23525e+06	9.30075e+06	
9.0985e+06	9.08025e+06	8.9995e+06	9.1055e+06	9.06375e+06	
8.99075e+06	9.05625e+06	8.91525e+06	8.94425e+06	9.05625e+06	
9.11925e+06	9.132e+06	9.031e+06	9.09275e+06	8.975e+06	
8.98625e+06	8.9195e+06	8.9335e+06	8.9745e+06	9.03925e+06	
9.0035e+06	9.0015e+06	8.9455e+06	8.9845e+06	9.011e+06	
9.10975e+06	9.086e+06	9.08975e+06	9.06075e+06	9.08025e+06	
9.258e+06	9.219e+06	9.29075e+06	9.1715e+06	9.181e+06	
9.35625e+06	9.292e+06	9.40925e+06	9.25225e+06	9.35825e+06	
9.25175e+06	9.28625e+06	9.278e+06	9.35575e+06	9.3765e+06	
9.316e+06	9.2175e+06	9.1735e+06	9.3015e+06	9.38775e+06	
9.15325e+06	9.23075e+06	9.05625e+06	9.101e+06	9.17025e+06	
9.24275e+06	9.2965e+06	9.1685e+06	9.299e+06	9.27625e+06	
9.423e+06	9.51325e+06	9.26175e+06	9.4225e+06	9.47275e+06	
9.488e+06	9.447e+06	9.46075e+06	9.51575e+06	9.65625e+06	
9.6815e+06	9.738e+06	9.6015e+06	9.69275e+06	9.7425e+06	
9.6895e+06	9.80875e+06	9.767e+06	9.71225e+06	9.733e+06	
9.74325e+06	9.85775e+06	9.82825e+06	9.85525e+06	9.873e+06	
9.59625e+06	9.67625e+06	9.522e+06	9.646e+06	9.70525e+06	
9.58425e+06	9.6575e+06	9.62275e+06	9.52375e+06	9.573e+06	
9.491e+06	9.4035e+06	9.35125e+06	9.4715e+06	9.452e+06	
9.423e+06	9.357e+06	9.2605e+06	9.33975e+06	9.34925e+06	
9.37075e+06	9.1875e+06	9.25175e+06	9.2415e+06	9.33725e+06	
9.34375e+06	9.29825e+06	9.319e+06	9.389e+06	9.377e+06	
9.6845e+06	9.672e+06	9.65175e+06	9.73e+06	9.60075e+06	
9.67325e+06	9.6215e+06	9.7305e+06	9.69475e+06	9.7065e+06	
9.6795e+06	9.62225e+06	9.742e+06	9.653e+06	9.713e+06	
9.653e+06	9.66e+06	9.59e+06	9.49175e+06	9.643e+06	
9.50375e+06	9.53025e+06	9.4205e+06	9.607e+06	9.5895e+06	
9.52375e+06	9.549e+06	9.539e+06	9.57925e+06	9.5655e+06	
9.60275e+06	9.568e+06	9.595e+06	9.5945e+06	9.67125e+06	
9.8225e+06	9.90125e+06	9.7985e+06	9.8825e+06	9.82825e+06	
9.716e+06	9.7325e+06	9.687e+06	9.70975e+06	9.6605e+06	
9.6795e+06	9.689e+06	9.6555e+06	9.6405e+06	9.682e+06	
9.7855e+06	9.721e+06	9.682e+06	9.64925e+06	9.76825e+06	
9.6115e+06	9.57675e+06	9.54975e+06	9.6935e+06	9.558e+06	
9.3385e+06	9.423e+06	9.39725e+06	9.357e+06	9.4835e+06	
9.522e+06	9.5125e+06	9.4975e+06	9.48475e+06	9.5825e+06	
9.41925e+06	9.36875e+06	9.45525e+06	9.43125e+06	9.35875e+06	
9.24775e+06	9.31525e+06	9.12175e+06	9.32725e+06	9.2145e+06	
9.287e+06	9.324e+06	9.3595e+06	9.35425e+06	9.35375e+06	
9.28825e+06	9.37825e+06	9.4445e+06	9.4345e+06	9.4325e+06	
9.517e+06	9.55025e+06	9.471e+06	9.4595e+06	9.59e+06	
9.4445e+06	9.45825e+06	9.495e+06	9.47275e+06	9.41175e+06	
9.33725e+06	9.3695e+06	9.31475e+06	9.391e+06	9.39725e+06	
9.0065e+06	9.05875e+06	9.00725e+06	9.021e+06	9.103e+06	
8.61025e+06	8.68775e+06	8.6315e+06	8.663e+06	8.7325e+06	
8.496e+06	8.45525e+06	8.45825e+06	8.43625e+06	8.3815e+06	
8.483e+06	8.525e+06	8.46025e+06	8.50425e+06	8.605e+06	
8.6385e+06	8.721e+06	8.7695e+06	8.77975e+06	8.7765e+06	
8.72475e+06	8.76025e+06	8.597e+06	8.62275e+06	8.6915e+06	
8.842e+06	8.7255e+06	8.73425e+06	8.83325e+06	8.85775e+06	
8.9245e+06	9.08975e+06	8.94225e+06	9.00725e+06	8.958e+06	
9.04675e+06	9.07275e+06	9.0355e+06	9.098e+06	9.0915e+06	
9.32975e+06	9.321e+06	9.311e+06	9.34875e+06	9.336e+06	
9.52325e+06	9.5345e+06	9.512e+06	9.423e+06	9.486e+06	
9.5465e+06	9.45775e+06	9.54025e+06	9.5055e+06	9.52775e+06	
9.604e+06	9.558e+06	9.53575e+06	9.556e+06	9.5175e+06	
9.63975e+06	9.619e+06	9.5585e+06	9.64175e+06	9.694e+06	
9.798e+06	9.65125e+06	9.74575e+06	9.6475e+06	9.612e+06	
9.781e+06	9.861e+06	9.6895e+06	9.6605e+06	9.74875e+06	
9.759e+06	9.708e+06	9.76825e+06	9.78225e+06	9.7355e+06	
9.63475e+06	9.63225e+06	9.6145e+06	9.554e+06	9.71425e+06	
9.63025e+06	9.6965e+06	9.612e+06	9.59575e+06	9.539e+06	
9.60325e+06	9.6235e+06	9.5435e+06	9.6645e+06	9.60775e+06	
9.7525e+06	9.7645e+06	9.70275e+06	9.60525e+06	9.8195e+06	
9.9315e+06	1.00325e+07	9.9745e+06	1.00115e+07	9.958e+06	
1.00272e+07	1.0011e+07	1.01018e+07	1.00815e+07	9.96e+06	
1.00765e+07	1.02095e+07	1.0118e+07	1.00255e+07	1.00702e+07	
1.01365e+07	1.00142e+07	9.9625e+06	1.00922e+07	1.01648e+07	
1.00268e+07	1.0086e+07	1.00035e+07	1.00338e+07	1.01258e+07	
9.955e+06	1.01275e+07	1.01022e+07	1.00458e+07	1.01938e+07	
9.80875e+06	9.8245e+06	9.7765e+06	9.74375e+06	9.774e+06	
9.53075e+06	9.6115e+06	9.578e+06	9.58375e+06	9.5895e+06	
9.183e+06	9.307e+06	9.15025e+06	9.17225e+06	9.275e+06	
9.2075e+06	9.227e+06	9.227e+06	9.22575e+06	9.31475e+06	
9.39225e+06	9.394e+06	9.3525e+06	9.41475e+06	9.44575e+06	
9.546e+06	9.59375e+06	9.49925e+06	9.5825e+06	9.6015e+06	
9.79225e+06	9.90825e+06	9.81e+06	9.7545e+06	9.817e+06	
9.999e+06	1.00338e+07	1.0018e+07	1.00558e+07	1.0079e+07	
1.02862e+07	1.02692e+07	1.01912e+07	1.02008e+07	1.01232e+07	
1.03645e+07	1.03935e+07	1.0292e+07	1.03368e+07	1.03322e+07	
1.011e+07	1.02045e+07	1.01445e+07	1.01432e+07	1.02082e+07	
1.03028e+07	1.01378e+07	1.02232e+07	1.02472e+07	1.02492e+07	
1.03318e+07	1.01862e+07	1.02352e+07	1.02858e+07	1.03045e+07	
1.0348e+07	1.03632e+07	1.03695e+07	1.03822e+07	1.03885e+07	
1.03872e+07	1.04358e+07	1.03848e+07	1.0396e+07	1.0444e+07	
1.03822e+07	1.036e+07	1.0369e+07	1.0454e+07	1.03898e+07	
1.04282e+07	1.0411e+07	1.03795e+07	1.04395e+07	1.03558e+07	
1.01842e+07	1.01705e+07	1.00575e+07	1.00702e+07	1.01842e+07	
9.96425e+06	9.924e+06	9.8905e+06	9.86675e+06	9.866e+06	
9.8075e+06	9.82875e+06	9.8755e+06	9.85475e+06	9.85225e+06	
9.786e+06	9.80875e+06	9.8245e+06	9.938e+06	9.83525e+06	
9.98775e+06	1.00198e+07	9.92975e+06	1.00615e+07	9.948e+06	
1.0127e+07	9.90325e+06	1.0038e+07	1.00015e+07	1.00968e+07	
1.00682e+07	1.01225e+07	9.96875e+06	9.94175e+06	1.00368e+07	
9.95625e+06	1.0055e+07	1.00508e+07	1.00828e+07	1.0055e+07	
1.0108e+07	1.0122e+07	1.01068e+07	1.00702e+07	1.01565e+07	
1.02605e+07	1.02928e+07	1.02415e+07	1.0268e+07	1.02958e+07	
1.03335e+07	1.0304e+07	1.02492e+07	1.02662e+07	1.03752e+07	
1.02025e+07	1.02585e+07	1.00922e+07	1.01718e+07	1.028e+07	
1.0202e+07	1.00695e+07	1.0122e+07	1.01755e+07	1.02195e+07	
1.00052e+07	9.958e+06	9.94925e+06	1.00268e+07	1.0084e+07	
1.0021e+07	9.9695e+06	1.00458e+07	1.00488e+07	1.0035e+07	
9.953e+06	9.98775e+06	1.00028e+07	9.97625e+06	1.0057e+07	
1.004e+07	1.00155e+07	1.00002e+07	9.9795e+06	9.98575e+06	
1.00438e+07	1.01022e+07	1.0161e+07	1.00545e+07	1.01168e+07	
1.00172e+07	1.00512e+07	1.01022e+07	1.0139e+07	1.02112e+07	
1.00198e+07	1.0081e+07	1.00085e+07	1.00538e+07	1.01528e+07	
1.00185e+07	1.00715e+07	1.0001e+07	1.0101e+07	1.0028e+07	
9.873e+06	9.8975e+06	9.91025e+06	9.815e+06	9.9605e+06	
9.75775e+06	9.6625e+06	9.63225e+06	9.825e+06	9.68575e+06	
9.62725e+06	9.653e+06	9.5655e+06	9.54725e+06	9.50125e+06	
9.56675e+06	9.68325e+06	9.55725e+06	9.643e+06	9.63225e+06	
9.55725e+06	9.47775e+06	9.556e+06	9.64175e+06	9.63425e+06	
9.646e+06	9.6605e+06	9.58375e+06	9.597e+06	9.81825e+06	
9.7545e+06	9.803e+06	9.7905e+06	9.77475e+06	9.774e+06	
9.68325e+06	9.78275e+06	9.65125e+06	9.74e+06	9.74375e+06	
9.73e+06	9.66825e+06	9.73875e+06	9.65425e+06	9.6695e+06	
9.81575e+06	9.946e+06	9.7835e+06	9.7985e+06	9.834e+06	
9.738e+06	9.871e+06	9.7105e+06	9.846e+06	9.76975e+06	
9.91825e+06	9.8515e+06	9.7645e+06	9.786e+06	9.84975e+06	
9.846e+06	9.78225e+06	9.91575e+06	9.805e+06	9.86225e+06	
9.93725e+06	9.83325e+06	9.94925e+06	9.9385e+06	9.9195e+06	
9.834e+06	9.79225e+06	9.67075e+06	9.7665e+06	9.9945e+06	
9.9405e+06	9.8565e+06	9.9365e+06	9.955e+06	1.00772e+07	
1.00558e+07	1.00072e+07	9.99275e+06	1.0079e+07	1.00678e+07	
9.873e+06	9.92725e+06	9.77975e+06	9.86925e+06	9.87475e+06	
9.84975e+06	9.86425e+06	9.8805e+06	9.83525e+06	9.9265e+06	
9.77025e+06	9.76825e+06	9.7325e+06	9.82325e+06	9.859e+06	
9.895e+06	9.8875e+06	9.8515e+06	9.846e+06	9.79475e+06	
9.87225e+06	9.90825e+06	9.76525e+06	9.856e+06	9.86675e+06	
9.6725e+06	9.6605e+06	9.65125e+06	9.59875e+06	9.70975e+06	
9.47925e+06	9.57e+06	9.466e+06	9.54275e+06	9.59075e+06	
9.6045e+06	9.60275e+06	9.47225e+06	9.57675e+06	9.6405e+06	
9.692e+06	9.66325e+06	9.5725e+06	9.70925e+06	9.74575e+06	
9.70225e+06	9.636e+06	9.77975e+06	9.80125e+06	9.7475e+06	
9.7275e+06	9.79675e+06	9.665e+06	9.69775e+06	9.79475e+06	
9.71225e+06	9.7425e+06	9.75525e+06	9.66125e+06	9.74075e+06	
9.66575e+06	9.774e+06	9.74325e+06	9.7765e+06	9.84075e+06	
9.718e+06	9.8295e+06	9.77525e+06	9.815e+06	9.75125e+06	
9.86925e+06	9.75325e+06	9.72925e+06	9.808e+06	9.7785e+06	
9.74825e+06	9.72625e+06	9.63925e+06	9.74125e+06	9.73675e+06	
9.8515e+06	9.74575e+06	9.6185e+06	9.67375e+06	9.7275e+06	
9.6405e+06	9.73125e+06	9.59625e+06	9.629e+06	9.7835e+06	
9.86725e+06	9.8445e+06	9.71175e+06	9.7355e+06	9.82325e+06	
9.7275e+06	9.7855e+06	9.65125e+06	9.708e+06	9.77025e+06	
9.64425e+06	9.77025e+06	9.62725e+06	9.6645e+06	9.7595e+06	
9.7815e+06	9.78675e+06	9.704e+06	9.66625e+06	9.631e+06	
9.65425e+06	9.63175e+06	9.52e+06	9.597e+06	9.59875e+06	
9.74875e+06	9.73125e+06	9.62225e+06	9.6745e+06	9.76325e+06	
9.7645e+06	9.8e+06	9.704e+06	9.725e+06	9.7645e+06	
9.762e+06	9.834e+06	9.74e+06	9.8075e+06	9.78225e+06	
9.74375e+06	9.75525e+06	9.81875e+06	9.68525e+06	9.79225e+06	
9.79475e+06	9.786e+06	9.7785e+06	9.7815e+06	9.888e+06	
9.6935e+06	9.7815e+06	9.7765e+06	9.7735e+06	9.7765e+06	
9.7155e+06	9.71675e+06	9.68525e+06	9.6185e+06	9.587e+06	
9.66375e+06	9.706e+06	9.58825e+06	9.602e+06	9.6815e+06	
9.59875e+06	9.46975e+06	9.59875e+06	9.498e+06	9.544e+06	
9.447e+06	9.406e+06	9.3595e+06	9.43625e+06	9.4445e+06	
9.44625e+06	9.435e+06	9.44e+06	9.343e+06	9.47925e+06	
9.33925e+06	9.48225e+06	9.35175e+06	9.44575e+06	9.44375e+06	
9.42425e+06	9.401e+06	9.3765e+06	9.46525e+06	9.399e+06	
9.495e+06	9.35375e+06	9.4055e+06	9.413e+06	9.37825e+06	
9.14825e+06	9.2195e+06	9.2075e+06	9.12875e+06	9.1635e+06	
9.096e+06	9.21375e+06	9.176e+06	9.18425e+06	9.188e+06	
9.18875e+06	9.166e+06	9.03225e+06	9.06825e+06	9.13875e+06	
9.161e+06	9.227e+06	9.108e+06	9.1585e+06	9.292e+06	
9.19e+06	9.28325e+06	9.227e+06	9.1755e+06	9.35825e+06	
9.34175e+06	9.3745e+06	9.35375e+06	9.396e+06	9.324e+06	
9.406e+06	9.469e+06	9.391e+06	9.39475e+06	9.39775e+06	
9.5145e+06	9.54725e+06	9.411e+06	9.4765e+06	9.42625e+06	
9.47775e+06	9.4855e+06	9.4665e+06	9.401e+06	9.40725e+06	
9.22775e+06	9.30325e+06	9.265e+06	9.31475e+06	9.44125e+06	
9.2845e+06	9.3385e+06	9.3625e+06	9.34675e+06	9.44825e+06	
9.348e+06	9.4375e+06	9.2675e+06	9.41425e+06	9.35425e+06	
9.406e+06	9.3115e+06	9.372e+06	9.47775e+06	9.43875e+06	
9.452e+06	9.539e+06	9.46275e+06	9.40725e+06	9.53025e+06	
9.39275e+06	9.50125e+06	9.36575e+06	9.5055e+06	9.488e+06	
9.38075e+06	9.32725e+06	9.314e+06	9.32725e+06	9.32025e+06	
9.3595e+06	9.36625e+06	9.3745e+06	9.3135e+06	9.3575e+06	
9.38725e+06	9.374e+06	9.36125e+06	9.36375e+06	9.45775e+06	
9.3335e+06	9.314e+06	9.2415e+06	9.32225e+06	9.3815e+06	
9.24975e+06	9.222e+06	9.18675e+06	9.3285e+06	9.302e+06	
9.2145e+06	9.18175e+06	9.19625e+06	9.26625e+06	9.2145e+06	
9.1345e+06	9.19375e+06	9.06125e+06	9.26175e+06	9.17675e+06	
9.17225e+06	9.16725e+06	9.1585e+06	9.19375e+06	9.14575e+06	
9.3185e+06	9.2465e+06	9.241e+06	9.3065e+06	9.27425e+06	
9.21325e+06	9.3645e+06	9.24225e+06	9.224e+06	9.3505e+06	
9.2925e+06	9.2925e+06	9.377e+06	9.35e+06	9.31525e+06	
9.2605e+06	9.3695e+06	9.282e+06	9.3065e+06	9.3695e+06	
9.2555e+06	9.22775e+06	9.26375e+06	9.24475e+06	9.2485e+06	
9.01975e+06	9.19675e+06	9.1105e+06	9.127e+06	9.27e+06	
9.11925e+06	9.24025e+06	9.19925e+06	9.14275e+06	9.1515e+06	
9.207e+06	9.1615e+06	9.069e+06	9.17675e+06	9.222e+06	
9.0335e+06	9.05125e+06	9.144e+06	9.09925e+06	9.1735e+06	
9.01975e+06	9.2125e+06	9.01475e+06	9.057e+06	9.0575e+06	
9.10475e+06	9.096e+06	9.01275e+06	9.1445e+06	9.07575e+06	
8.963e+06	8.90875e+06	8.91325e+06	8.8925e+06	9.00525e+06	
8.941e+06	8.95875e+06	8.92275e+06	8.8565e+06	8.91075e+06	
8.9365e+06	8.93025e+06	8.8365e+06	8.88125e+06	8.94725e+06	
9.0455e+06	9.04375e+06	8.96e+06	9.021e+06	8.99525e+06	
9.0575e+06	9.1175e+06	8.9675e+06	9.1205e+06	9.072e+06	
9.15725e+06	9.183e+06	9.12425e+06	9.20625e+06	9.222e+06	
9.0035e+06	9.137e+06	9.0765e+06	9.12875e+06	9.089e+06	
9.22325e+06	9.2755e+06	9.20825e+06	9.30275e+06	9.265e+06	
9.23075e+06	9.22025e+06	9.20825e+06	9.15325e+06	9.29375e+06	
9.1665e+06	9.24275e+06	9.1125e+06	9.18675e+06	9.2075e+06	
9.23525e+06	9.18475e+06	9.21125e+06	9.15275e+06	9.2195e+06	
9.11175e+06	9.0625e+06	9.03875e+06	8.99775e+06	9.14575e+06	
9.06e+06	9.127e+06	9.021e+06	9.0355e+06	9.149e+06	
8.8875e+06	8.8875e+06	8.8975e+06	8.95225e+06	8.929e+06	
8.922e+06	9.0235e+06	8.98075e+06	8.902e+06	9.021e+06	
8.90875e+06	9.002e+06	8.9535e+06	8.91125e+06	8.941e+06	
8.96175e+06	9.048e+06	8.93775e+06	9.004e+06	9.0355e+06	
8.8615e+06	9.02725e+06	8.8735e+06	8.92975e+06	8.91325e+06	
9.0035e+06	8.92025e+06	8.91125e+06	9.00525e+06	8.92075e+06	
8.8955e+06	8.8825e+06	8.8105e+06	8.88675e+06	8.8155e+06	
8.96375e+06	8.8365e+06	8.96425e+06	8.89425e+06	8.856e+06	
8.84025e+06	8.7935e+06	8.837e+06	8.86975e+06	8.83375e+06	
8.8035e+06	8.8275e+06	8.74175e+06	8.82125e+06	8.871e+06	
8.726e+06	8.71725e+06	8.6435e+06	8.65875e+06	8.74375e+06	
8.711e+06	8.764e+06	8.69275e+06	8.7445e+06	8.69775e+06	
8.784e+06	8.82e+06	8.757e+06	8.82375e+06	8.854e+06	
8.81175e+06	8.83125e+06	8.827e+06	8.83825e+06	8.849e+06	
8.83775e+06	8.8005e+06	8.73625e+06	8.64725e+06	8.74825e+06	
8.85475e+06	8.8565e+06	8.73375e+06	8.80425e+06	8.842e+06	
8.81675e+06	8.83325e+06	8.752e+06	8.94425e+06	8.7545e+06	
8.866e+06	8.866e+06	8.8685e+06	8.81125e+06	8.8905e+06	
8.81425e+06	8.93725e+06	8.8685e+06	8.83375e+06	8.88425e+06	
8.89875e+06	8.844e+06	8.7815e+06	8.8755e+06	8.8365e+06	
8.84325e+06	8.91825e+06	8.88375e+06	8.88625e+06	8.943e+06	
8.89125e+06	8.9195e+06	8.78275e+06	8.87675e+06	8.81675e+06	
8.8995e+06	8.81875e+06	8.73175e+06	8.83525e+06	8.876e+06	
8.93025e+06	8.85525e+06	8.87175e+06	8.844e+06	8.91325e+06	
8.917e+06	8.84025e+06	8.70475e+06	8.8055e+06	8.83e+06	
8.752e+06	8.842e+06	8.83375e+06	8.747e+06	8.851e+06	
8.74325e+06	8.8325e+06	8.8175e+06	8.88425e+06	8.813e+06	
8.805e+06	8.757e+06	8.79925e+06	8.75e+06	8.87925e+06	
8.68575e+06	8.68325e+06	8.65375e+06	8.67125e+06	8.6895e+06	
8.5275e+06	8.546e+06	8.6625e+06	8.5565e+06	8.5775e+06	
8.52825e+06	8.479e+06	8.5175e+06	8.42875e+06	8.4395e+06	
8.48225e+06	8.3895e+06	8.42375e+06	8.433e+06	8.408e+06	
8.5055e+06	8.52575e+06	8.44625e+06	8.457e+06	8.48475e+06	
8.39725e+06	8.4765e+06	8.459e+06	8.45275e+06	8.46575e+06	
8.43875e+06	8.496e+06	8.4735e+06	8.44575e+06	8.52825e+06	
8.3675e+06	8.4855e+06	8.3795e+06	8.4035e+06	8.396e+06	
8.435e+06	8.34875e+06	8.343e+06	8.4445e+06	8.40025e+06	
8.26425e+06	8.34625e+06	8.22575e+06	8.2195e+06	8.31525e+06	
7.9945e+06	7.91825e+06	7.93075e+06	8.02975e+06	7.98575e+06	
7.81375e+06	7.78525e+06	7.79925e+06	7.79025e+06	7.731e+06	
7.5055e+06	7.508e+06	7.57225e+06	7.56425e+06	7.65225e+06	
7.51425e+06	7.452e+06	7.4695e+06	7.46325e+06	7.484e+06	
7.508e+06	7.56425e+06	7.493e+06	7.5325e+06	7.47225e+06	
7.6455e+06	7.614e+06	7.5785e+06	7.566e+06	7.6045e+06	
7.704e+06	7.803e+06	7.71925e+06	7.798e+06	7.72175e+06	
7.731e+06	7.7575e+06	7.714e+06	7.74175e+06	7.71925e+06	
7.8225e+06	7.832e+06	7.83825e+06	7.77975e+06	7.85275e+06	
7.8245e+06	7.94225e+06	7.74875e+06	7.78775e+06	7.82825e+06	
7.87675e+06	7.861e+06	7.79425e+06	7.803e+06	7.801e+06	
7.85975e+06	7.8785e+06	7.87225e+06	7.85075e+06	7.953e+06	
7.8275e+06	7.77275e+06	7.832e+06	7.79275e+06	7.83575e+06	
7.85725e+06	7.83625e+06	7.87225e+06	7.803e+06	7.79925e+06	
7.89175e+06	7.93075e+06	7.85525e+06	7.8875e+06	7.94525e+06	
7.85525e+06	7.81425e+06	7.78475e+06	7.87475e+06	7.835e+06	
7.7785e+06	7.8105e+06	7.74825e+06	7.73375e+06	7.7645e+06	
7.856e+06	7.78025e+06	7.78475e+06	7.8295e+06	7.7715e+06	
7.65625e+06	7.772e+06	7.70525e+06	7.6795e+06	7.74175e+06	
7.641e+06	7.71225e+06	7.74125e+06	7.66625e+06	7.62325e+06	
7.7425e+06	7.74425e+06	7.6845e+06	7.718e+06	7.6995e+06	
7.6825e+06	7.7815e+06	7.73675e+06	7.7785e+06	7.7815e+06	
7.79275e+06	7.7375e+06	7.687e+06	7.6725e+06	7.757e+06	
7.7865e+06	7.789e+06	7.66375e+06	7.7665e+06	7.74875e+06	
7.76525e+06	7.7765e+06	7.806e+06	7.65425e+06	7.79025e+06	
7.8295e+06	7.78775e+06	7.7425e+06	7.76075e+06	7.8735e+06	
7.728e+06	7.796e+06	7.731e+06	7.67375e+06	7.723e+06	
7.64025e+06	7.687e+06	7.5445e+06	7.64475e+06	7.6745e+06	
7.65225e+06	7.7015e+06	7.6165e+06	7.70775e+06	7.71275e+06	
7.62025e+06	7.69525e+06	7.62325e+06	7.619e+06	7.6745e+06	
7.70275e+06	7.6455e+06	7.5735e+06	7.631e+06	7.706e+06	
7.71275e+06	7.728e+06	7.6775e+06	7.551e+06	7.61575e+06	
7.7065e+06	7.70975e+06	7.57425e+06	7.73425e+06	7.716e+06	
7.68775e+06	7.68325e+06	7.61775e+06	7.67625e+06	7.6575e+06	
7.534e+06	7.6675e+06	7.5635e+06	7.65175e+06	7.629e+06	
7.6535e+06	7.64725e+06	7.6215e+06	7.6365e+06	7.62325e+06	
7.55275e+06	7.62325e+06	7.559e+06	7.5295e+06	7.53575e+06	
7.576e+06	7.5195e+06	7.51625e+06	7.5825e+06	7.55025e+06	
7.61325e+06	7.544e+06	7.447e+06	7.49925e+06	7.52625e+06	
7.52875e+06	7.578e+06	7.561e+06	7.48525e+06	7.5005e+06	
7.561e+06	7.58425e+06	7.49425e+06	7.49925e+06	7.54325e+06	
7.49175e+06	7.503e+06	7.457e+06	7.5565e+06	7.59375e+06	
7.60625e+06	7.646e+06	7.54275e+06	7.61825e+06	7.63775e+06	
7.6705e+06	7.71275e+06	7.5975e+06	7.56425e+06	7.718e+06	
7.67125e+06	7.70475e+06	7.61275e+06	7.6655e+06	7.64675e+06	
7.56475e+06	7.57675e+06	7.626e+06	7.5855e+06	7.653e+06	
7.62975e+06	7.692e+06	7.648e+06	7.58425e+06	7.643e+06	
7.55725e+06	7.65175e+06	7.52825e+06	7.6215e+06	7.66625e+06	
7.6335e+06	7.68625e+06	7.47075e+06	7.65225e+06	7.67625e+06	
7.648e+06	7.68575e+06	7.59825e+06	7.58175e+06	7.571e+06	
7.583e+06	7.62075e+06	7.488e+06	7.5735e+06	7.63225e+06	
7.49725e+06	7.65425e+06	7.4785e+06	7.49975e+06	7.56425e+06	
7.593e+06	7.5825e+06	7.547e+06	7.63275e+06	7.63025e+06	
7.513e+06	7.527e+06	7.59175e+06	7.65475e+06	7.5925e+06	
7.5615e+06	7.59175e+06	7.59e+06	7.49725e+06	7.5195e+06	
7.445e+06	7.52075e+06	7.49925e+06	7.59875e+06	7.55775e+06	
7.47775e+06	7.556e+06	7.496e+06	7.46525e+06	7.56275e+06	
7.47025e+06	7.501e+06	7.38525e+06	7.3915e+06	7.486e+06	
7.401e+06	7.45325e+06	7.4065e+06	7.50625e+06	7.46825e+06	
7.38525e+06	7.4645e+06	7.35e+06	7.48925e+06	7.4545e+06	
7.3795e+06	7.41725e+06	7.4015e+06	7.43875e+06	7.4615e+06	
7.37325e+06	7.3795e+06	7.39775e+06	7.38325e+06	7.3945e+06	
7.3115e+06	7.37375e+06	7.3285e+06	7.3945e+06	7.336e+06	
7.33725e+06	7.39025e+06	7.3695e+06	7.346e+06	7.35e+06	
7.32725e+06	7.3115e+06	7.31325e+06	7.2605e+06	7.285e+06	
7.38325e+06	7.41725e+06	7.334e+06	7.36125e+06	7.40275e+06	
7.32225e+06	7.34175e+06	7.37e+06	7.321e+06	7.329e+06	
7.3605e+06	7.285e+06	7.29125e+06	7.34675e+06	7.3215e+06	
7.29325e+06	7.2565e+06	7.1955e+06	7.256e+06	7.263e+06	
7.312e+06	7.29375e+06	7.33275e+06	7.30775e+06	7.321e+06	
7.32475e+06	7.358e+06	7.28e+06	7.2875e+06	7.28175e+06	
7.29075e+06	7.29e+06	7.234e+06	7.27625e+06	7.25725e+06	
7.1785e+06	7.2705e+06	7.11725e+06	7.198e+06	7.19425e+06	
7.251e+06	7.17225e+06	7.11225e+06	7.1515e+06	7.20425e+06	
7.09025e+06	7.15775e+06	7.0625e+06	7.1445e+06	7.13125e+06	
7.1975e+06	7.1305e+06	7.07525e+06	7.1155e+06	7.17725e+06	
7.19175e+06	7.22625e+06	7.1645e+06	7.17025e+06	7.2e+06	
7.10675e+06	7.18175e+06	7.15775e+06	7.217e+06	7.14575e+06	
6.97125e+06	7.08325e+06	6.966e+06	7.03475e+06	7.1055e+06	
7.08025e+06	7.03425e+06	6.98825e+06	6.98375e+06	7.07375e+06	
6.94225e+06	7.0045e+06	6.9895e+06	6.944e+06	6.96225e+06	
6.97925e+06	6.9655e+06	6.84775e+06	6.9825e+06	6.85525e+06	
6.99625e+06	6.934e+06	7.01025e+06	6.9895e+06	7.0185e+06	
6.9535e+06	6.97175e+06	7.01025e+06	6.968e+06	6.98175e+06	
7.04225e+06	7.0165e+06	6.995e+06	6.932e+06	6.966e+06	
7.133e+06	7.0625e+06	6.98575e+06	7.0475e+06	7.1015e+06	
7.05625e+06	7.0115e+06	7.02775e+06	7.14325e+06	7.08575e+06	
7.0355e+06	7.079e+06	7.0185e+06	6.9755e+06	7.0985e+06	
7.019e+06	7.02975e+06	7.0625e+06	7.087e+06	7.04225e+06	
7.04875e+06	7.058e+06	6.99325e+06	7.0385e+06	7.0555e+06	
7.10275e+06	7.0525e+06	7.11225e+06	7.06875e+06	7.164e+06	
7.1325e+06	7.1325e+06	7.1445e+06	7.171e+06	7.11425e+06	
7.07375e+06	7.10475e+06	7.02025e+06	7.08575e+06	7.02725e+06	
7.135e+06	7.17225e+06	7.1305e+06	7.10725e+06	7.10275e+06	
7.11475e+06	7.06625e+06	7.08825e+06	7.07325e+06	7.08525e+06	
6.91125e+06	6.9465e+06	6.99775e+06	6.99125e+06	7.0385e+06	
6.99775e+06	7.159e+06	6.92075e+06	6.953e+06	6.9535e+06	
6.917e+06	6.995e+06	6.90375e+06	6.89625e+06	6.97925e+06	
6.95225e+06	7.00525e+06	6.9605e+06	6.9145e+06	6.90375e+06	
6.922e+06	6.93725e+06	6.89875e+06	6.823e+06	7.04375e+06	
6.82175e+06	6.85975e+06	6.78775e+06	6.86525e+06	6.89425e+06	
6.8975e+06	6.84575e+06	6.903e+06	6.835e+06	6.86525e+06	
6.8105e+06	6.69075e+06	6.8055e+06	6.82675e+06	6.82675e+06	
6.7575e+06	6.72725e+06	6.714e+06	6.80175e+06	6.70725e+06	
6.6945e+06	6.813e+06	6.61125e+06	6.71975e+06	6.6915e+06	
6.64225e+06	6.66625e+06	6.6705e+06	6.65725e+06	6.62275e+06	
6.6965e+06	6.67825e+06	6.6825e+06	6.73425e+06	6.60075e+06	
6.55075e+06	6.60575e+06	6.58625e+06	6.598e+06	6.55775e+06	
6.63525e+06	6.60375e+06	6.61325e+06	6.59425e+06	6.63275e+06	
6.61e+06	6.61e+06	6.59625e+06	6.67425e+06	6.5515e+06	
6.624e+06	6.61575e+06	6.496e+06	6.59125e+06	6.67e+06	
6.6585e+06	6.5665e+06	6.6165e+06	6.539e+06	6.6535e+06	
6.51675e+06	6.57925e+06	6.5345e+06	6.5855e+06	6.60075e+06	
6.5375e+06	6.5535e+06	6.57675e+06	6.6265e+06	6.53125e+06	
6.43925e+06	6.4305e+06	6.4375e+06	6.48275e+06	6.39325e+06	
6.513e+06	6.46575e+06	6.445e+06	6.44375e+06	6.4235e+06	
6.3915e+06	6.4235e+06	6.3995e+06	6.33025e+06	6.423e+06	
6.40525e+06	6.42725e+06	6.31325e+06	6.423e+06	6.4205e+06	
6.35225e+06	6.3795e+06	6.34175e+06	6.38075e+06	6.3995e+06	
6.322e+06	6.34925e+06	6.31025e+06	6.29e+06	6.35875e+06	
6.33275e+06	6.368e+06	6.36175e+06	6.32725e+06	6.3195e+06	
6.288e+06	6.25275e+06	6.3845e+06	6.3625e+06	6.358e+06	
6.28125e+06	6.42225e+06	6.24775e+06	6.30625e+06	6.32275e+06	
6.2735e+06	6.353e+06	6.27225e+06	6.33725e+06	6.29125e+06	
6.3075e+06	6.372e+06	6.25775e+06	6.3095e+06	6.31825e+06	
6.20875e+06	6.2415e+06	6.29625e+06	6.21175e+06	6.18675e+06	
6.20375e+06	6.24525e+06	6.16525e+06	6.23325e+06	6.17225e+06	
6.164e+06	6.26475e+06	6.23125e+06	6.198e+06	6.18725e+06	
6.377e+06	6.254e+06	6.28925e+06	6.25225e+06	6.22825e+06	
6.22e+06	6.30125e+06	6.22e+06	6.22075e+06	6.346e+06	
6.10475e+06	6.18525e+06	6.174e+06	6.21e+06	6.26025e+06	
6.14125e+06	6.13675e+06	6.2345e+06	6.17775e+06	6.176e+06	
6.19225e+06	6.12175e+06	6.1815e+06	6.23575e+06	6.1885e+06	
6.15375e+06	6.111e+06	6.077e+06	6.17975e+06	6.14375e+06	
6.23775e+06	6.23075e+06	6.21625e+06	6.2005e+06	6.22875e+06	
6.22075e+06	6.16275e+06	6.17975e+06	6.22e+06	6.1695e+06	
6.147e+06	6.162e+06	6.11175e+06	6.08825e+06	6.07575e+06	
6.118e+06	6.142e+06	6.15325e+06	6.06575e+06	6.21175e+06	
6.06625e+06	6.09525e+06	6.14125e+06	6.03725e+06	6.11675e+06	
6.15075e+06	6.09325e+06	6.05425e+06	6.07325e+06	6.13e+06	
6.08075e+06	6.121e+06	6.13175e+06	6.142e+06	6.15325e+06	
6.1205e+06	6.10525e+06	6.10775e+06	6.05125e+06	6.07e+06	
6.10975e+06	6.128e+06	6.10475e+06	6.13925e+06	6.0965e+06	
6.15075e+06	6.0895e+06	6.0335e+06	6.17025e+06	6.118e+06	
6.02525e+06	6.0815e+06	5.98e+06	6.02975e+06	6.09075e+06	
6.012e+06	6.07625e+06	5.9995e+06	6.031e+06	6.08325e+06	
6.06575e+06	6.04675e+06	6.0895e+06	6.0285e+06	6.063e+06	
5.9825e+06	5.9345e+06	5.97875e+06	5.90375e+06	5.95525e+06	
6.0505e+06	5.96225e+06	6.017e+06	5.985e+06	6.0115e+06	
5.8345e+06	5.9315e+06	5.934e+06	5.89175e+06	5.925e+06	
5.869e+06	5.86975e+06	5.912e+06	5.94275e+06	5.871e+06	
5.79525e+06	5.8425e+06	5.767e+06	5.8595e+06	5.81925e+06	
5.83575e+06	5.85075e+06	5.787e+06	5.79725e+06	5.87475e+06	
5.8155e+06	5.84575e+06	5.75175e+06	5.79025e+06	5.7405e+06	
5.74625e+06	5.7795e+06	5.77325e+06	5.75125e+06	5.8055e+06	
5.7625e+06	5.687e+06	5.71225e+06	5.77125e+06	5.71275e+06	
5.78075e+06	5.777e+06	5.782e+06	5.741e+06	5.8015e+06	
5.762e+06	5.72925e+06	5.7455e+06	5.719e+06	5.71725e+06	
5.748e+06	5.83375e+06	5.714e+06	5.8135e+06	5.70825e+06	
5.7675e+06	5.6965e+06	5.74875e+06	5.682e+06	5.67625e+06	
5.73925e+06	5.72025e+06	5.6095e+06	5.67925e+06	5.726e+06	
5.72225e+06	5.78075e+06	5.73425e+06	5.741e+06	5.73225e+06	
5.641e+06	5.70275e+06	5.67925e+06	5.6825e+06	5.719e+06	
5.67425e+06	5.678e+06	5.63075e+06	5.6465e+06	5.61625e+06	
5.58925e+06	5.588e+06	5.59e+06	5.67e+06	5.7115e+06	
5.6385e+06	5.634e+06	5.5445e+06	5.56525e+06	5.5925e+06	
5.4795e+06	5.5735e+06	5.54775e+06	5.49525e+06	5.54525e+06	
5.5085e+06	5.52825e+06	5.564e+06	5.5445e+06	5.5715e+06	
5.477e+06	5.49925e+06	5.49225e+06	5.5125e+06	5.52e+06	
5.44125e+06	5.39525e+06	5.41475e+06	5.45125e+06	5.486e+06	
5.42425e+06	5.40775e+06	5.4285e+06	5.41275e+06	5.36425e+06	
5.35725e+06	5.4205e+06	5.3725e+06	5.312e+06	5.33725e+06	
5.33025e+06	5.365e+06	5.34925e+06	5.324e+06	5.35175e+06	
5.31575e+06	5.3165e+06	5.34725e+06	5.28925e+06	5.36875e+06	
5.30125e+06	5.2925e+06	5.244e+06	5.2685e+06	5.25975e+06	
5.25525e+06	5.30125e+06	5.2535e+06	5.2785e+06	5.24775e+06	
5.16775e+06	5.174e+06	5.16775e+06	5.189e+06	5.16025e+06	
5.1235e+06	5.189e+06	5.16075e+06	5.2075e+06	5.201e+06	
5.14175e+06	5.143e+06	5.09825e+06	5.06175e+06	5.143e+06	
5.18225e+06	5.174e+06	5.21175e+06	5.21e+06	5.2345e+06	
5.1645e+06	5.172e+06	5.21375e+06	5.191e+06	5.1885e+06	
5.26525e+06	5.189e+06	5.20475e+06	5.30625e+06	5.2705e+06	
5.20925e+06	5.213e+06	5.20675e+06	5.23375e+06	5.24325e+06	
5.12425e+06	5.19175e+06	5.126e+06	5.16575e+06	5.18275e+06	
5.14575e+06	5.198e+06	5.1475e+06	5.12175e+06	5.14125e+06	
5.196e+06	5.21625e+06	5.19025e+06	5.116e+06	5.11225e+06	
5.2175e+06	5.23575e+06	5.19975e+06	5.264e+06	5.2035e+06	
5.1715e+06	5.1545e+06	5.17525e+06	5.16025e+06	5.1745e+06	
5.15325e+06	5.12725e+06	5.20425e+06	5.184e+06	5.186e+06	
5.174e+06	5.1405e+06	5.21125e+06	5.1355e+06	5.12475e+06	
5.1815e+06	5.17025e+06	5.06125e+06	5.14625e+06	5.172e+06	
5.104e+06	5.14175e+06	5.10775e+06	5.10975e+06	5.082e+06	
5.0845e+06	5.084e+06	5.09275e+06	5.04475e+06	5.12425e+06	
5.04175e+06	5.012e+06	5.0215e+06	4.956e+06	5.04425e+06	
4.9195e+06	4.96475e+06	4.9875e+06	4.93825e+06	4.9755e+06	
4.78825e+06	4.7865e+06	4.7145e+06	4.7505e+06	4.7725e+06	
4.542e+06	4.53575e+06	4.60175e+06	4.58475e+06	4.55325e+06	
4.4135e+06	4.46625e+06	4.448e+06	4.47575e+06	4.46e+06	
4.48775e+06	4.49975e+06	4.46875e+06	4.42475e+06	4.49775e+06	
4.50225e+06	4.58925e+06	4.53375e+06	4.5155e+06	4.5785e+06	
4.60175e+06	4.62e+06	4.63825e+06	4.6145e+06	4.69375e+06	
4.6515e+06	4.6875e+06	4.6685e+06	4.668e+06	4.666e+06	
4.86975e+06	4.7815e+06	4.83875e+06	4.79475e+06	4.82875e+06	
4.8615e+06	4.8105e+06	4.81925e+06	4.77075e+06	4.81975e+06	
4.88725e+06	4.845e+06	4.8135e+06	4.92575e+06	4.86775e+06	
4.8665e+06	4.88725e+06	4.90625e+06	4.922e+06	4.93525e+06	
4.9005e+06	4.8475e+06	4.939e+06	4.944e+06	4.9225e+06	
4.8885e+06	4.94525e+06	4.93825e+06	4.9315e+06	4.917e+06	
4.95225e+06	4.92325e+06	4.93775e+06	4.985e+06	4.87475e+06	
4.934e+06	4.8985e+06	4.90175e+06	4.9365e+06	4.93525e+06	
4.94725e+06	4.968e+06	4.903e+06	4.9775e+06	4.96025e+06	
4.93525e+06	4.95775e+06	4.91825e+06	4.8665e+06	4.93e+06	
4.90425e+06	4.96425e+06	4.97425e+06	4.92075e+06	4.94725e+06	
4.951e+06	4.959e+06	4.9365e+06	4.9585e+06	4.94275e+06	
4.92575e+06	4.9535e+06	4.9445e+06	4.90675e+06	4.997e+06	
4.966e+06	4.978e+06	4.8985e+06	4.99375e+06	4.9945e+06	
4.88975e+06	4.92e+06	4.91875e+06	4.942e+06	5.0145e+06	
4.92325e+06	4.82375e+06	4.869e+06	4.92625e+06	4.971e+06	
4.84825e+06	4.83375e+06	4.98875e+06	4.84075e+06	4.9275e+06	
4.83675e+06	4.87225e+06	4.82875e+06	4.83e+06	4.835e+06	
4.8355e+06	4.77e+06	4.85525e+06	4.84325e+06	4.859e+06	
4.91875e+06	4.8935e+06	4.84875e+06	4.74175e+06	4.7935e+06	
4.82425e+06	4.859e+06	4.8475e+06	4.84125e+06	4.87975e+06	
4.9195e+06	4.845e+06	4.91625e+06	4.84e+06	4.87225e+06	
4.828e+06	4.842e+06	4.859e+06	4.87725e+06	4.86325e+06	
4.89425e+06	4.8425e+06	4.78275e+06	4.854e+06	4.859e+06	
4.81225e+06	4.86275e+06	4.7115e+06	4.85325e+06	4.82625e+06	
4.852e+06	4.83375e+06	4.80025e+06	4.845e+06	4.87225e+06	
4.86275e+06	4.867e+06	4.7845e+06	4.73225e+06	4.85575e+06	
4.787e+06	4.8255e+06	4.787e+06	4.7965e+06	4.74675e+06	
4.7505e+06	4.755e+06	4.80225e+06	4.82625e+06	4.8665e+06	
4.779e+06	4.7185e+06	4.7725e+06	4.78075e+06	4.8035e+06	
4.775e+06	4.753e+06	4.76825e+06	4.7725e+06	4.746e+06	
4.77125e+06	4.7725e+06	4.74475e+06	4.73025e+06	4.7455e+06	
4.85075e+06	4.78575e+06	4.79775e+06	4.75875e+06	4.799e+06	
4.69625e+06	4.80225e+06	4.87475e+06	4.75925e+06	4.78075e+06	
4.75e+06	4.79775e+06	4.7215e+06	4.7935e+06	4.84e+06	
4.6435e+06	4.7215e+06	4.738e+06	4.78325e+06	4.697e+06	
4.73475e+06	4.719e+06	4.8035e+06	4.7265e+06	4.772e+06	
4.65725e+06	4.714e+06	4.70775e+06	4.7625e+06	4.69075e+06	
4.6025e+06	4.6605e+06	4.71075e+06	4.673e+06	4.719e+06	
4.65725e+06	4.71025e+06	4.66425e+06	4.6685e+06	4.721e+06	
4.7285e+06	4.6315e+06	4.6585e+06	4.685e+06	4.666e+06	
4.65725e+06	4.67175e+06	4.61575e+06	4.62775e+06	4.6075e+06	
4.59175e+06	4.6e+06	4.61575e+06	4.63825e+06	4.644e+06	
4.54075e+06	4.5545e+06	4.6e+06	4.552e+06	4.58475e+06	
4.58675e+06	4.68125e+06	4.637e+06	4.6515e+06	4.5835e+06	
4.6225e+06	4.67375e+06	4.57475e+06	4.59925e+06	4.65275e+06	
4.63325e+06	4.66975e+06	4.668e+06	4.6e+06	4.6075e+06	
4.57525e+06	4.57475e+06	4.54575e+06	4.571e+06	4.5805e+06	
4.6435e+06	4.59375e+06	4.64775e+06	4.61375e+06	4.5635e+06	
4.574e+06	4.58225e+06	4.53375e+06	4.56525e+06	4.63075e+06	
4.6e+06	4.53825e+06	4.50675e+06	4.55275e+06	4.5445e+06	
4.55825e+06	4.559e+06	4.4815e+06	4.54575e+06	4.45e+06	
4.4865e+06	4.56075e+06	4.56775e+06	4.56775e+06	4.523e+06	
4.595e+06	4.59425e+06	4.53175e+06	4.54125e+06	4.6095e+06	
4.55525e+06	4.5345e+06	4.54125e+06	4.58475e+06	4.62525e+06	
4.4715e+06	4.53e+06	4.45875e+06	4.52925e+06	4.557e+06	
4.5175e+06	4.48325e+06	4.46625e+06	4.54125e+06	4.56025e+06	
4.51425e+06	4.5225e+06	4.5105e+06	4.45625e+06	4.5325e+06	
4.4285e+06	4.48075e+06	4.50925e+06	4.501e+06	4.5275e+06	
4.54075e+06	4.4965e+06	4.50225e+06	4.53825e+06	4.5835e+06	
4.48025e+06	4.48775e+06	4.45625e+06	4.46625e+06	4.4965e+06	
4.407e+06	4.424e+06	4.48525e+06	4.40775e+06	4.55575e+06	
4.436e+06	4.4715e+06	4.43675e+06	4.48275e+06	4.42975e+06	
4.431e+06	4.49225e+06	4.397e+06	4.4305e+06	4.455e+06	
4.443e+06	4.46875e+06	4.39325e+06	4.4405e+06	4.44425e+06	
4.38375e+06	4.45175e+06	4.43475e+06	4.40825e+06	4.45e+06	
4.4405e+06	4.51175e+06	4.39375e+06	4.4165e+06	4.44925e+06	
4.33275e+06	4.29625e+06	4.37425e+06	4.4065e+06	4.3485e+06	
4.368e+06	4.4185e+06	4.40275e+06	4.4255e+06	4.40275e+06	
4.298e+06	4.41725e+06	4.31375e+06	4.33725e+06	4.4135e+06	
4.3845e+06	4.44875e+06	4.39775e+06	4.36675e+06	4.37625e+06	
4.361e+06	4.40575e+06	4.38075e+06	4.392e+06	4.4045e+06	
4.3465e+06	4.36625e+06	4.3485e+06	4.32025e+06	4.31625e+06	
4.26225e+06	4.30375e+06	4.33975e+06	4.29425e+06	4.27675e+06	
4.2875e+06	4.3435e+06	4.2855e+06	4.264e+06	4.33025e+06	
4.3145e+06	4.329e+06	4.30175e+06	4.2905e+06	4.3075e+06	
4.305e+06	4.2545e+06	4.28225e+06	4.27025e+06	4.24e+06	
4.23125e+06	4.247e+06	4.23575e+06	4.22825e+06	4.24e+06	
4.198e+06	4.1885e+06	4.201e+06	4.21625e+06	4.24275e+06	
4.2005e+06	4.16775e+06	4.1475e+06	4.143e+06	4.1955e+06	
4.2035e+06	4.1745e+06	4.21125e+06	4.28225e+06	4.2105e+06	
4.1335e+06	4.179e+06	4.17775e+06	4.18025e+06	4.1865e+06	
4.20475e+06	4.179e+06	4.14675e+06	4.1355e+06	4.23325e+06	
4.08375e+06	4.01075e+06	4.099e+06	4.09275e+06	4.131e+06	
3.95025e+06	3.964e+06	3.954e+06	3.964e+06	3.91375e+06	
3.65025e+06	3.705e+06	3.70075e+06	3.705e+06	3.731e+06	
3.4845e+06	3.55525e+06	3.5395e+06	3.5305e+06	3.4935e+06	
3.45675e+06	3.39875e+06	3.40525e+06	3.383e+06	3.387e+06	
3.3875e+06	3.4215e+06	3.40525e+06	3.378e+06	3.433e+06	
3.3925e+06	3.4765e+06	3.50925e+06	3.4335e+06	3.4475e+06	
3.44925e+06	3.4745e+06	3.44925e+06	3.4305e+06	3.45675e+06	
3.40325e+06	3.45875e+06	3.4505e+06	3.4965e+06	3.44175e+06	
3.46375e+06	3.44625e+06	3.43675e+06	3.48575e+06	3.5355e+06	
3.50725e+06	3.48525e+06	3.42275e+06	3.4695e+06	3.4695e+06	
3.516e+06	3.49075e+06	3.46325e+06	3.46825e+06	3.4915e+06	
3.4765e+06	3.504e+06	3.50525e+06	3.49475e+06	3.53425e+06	
3.51225e+06	3.545e+06	3.50725e+06	3.467e+06	3.53675e+06	
3.5475e+06	3.5665e+06	3.52425e+06	3.55525e+06	3.6125e+06	
3.5835e+06	3.552e+06	3.637e+06	3.58975e+06	3.57725e+06	
3.579e+06	3.6535e+06	3.6345e+06	3.545e+06	3.598e+06	
3.6005e+06	3.58025e+06	3.6315e+06	3.59475e+06	3.6685e+06	
3.64525e+06	3.63025e+06	3.663e+06	3.6655e+06	3.6775e+06	
3.6515e+06	3.5905e+06	3.6055e+06	3.615e+06	3.617e+06	
3.64775e+06	3.66475e+06	3.588e+06	3.671e+06	3.62825e+06	
3.59175e+06	3.625e+06	3.58925e+06	3.586e+06	3.6565e+06	
3.58975e+06	3.5935e+06	3.5445e+06	3.60675e+06	3.58975e+06	
3.588e+06	3.59925e+06	3.5425e+06	3.651e+06	3.58425e+06	
3.596e+06	3.5835e+06	3.54575e+06	3.579e+06	3.564e+06	
3.5765e+06	3.48825e+06	3.523e+06	3.5355e+06	3.533e+06	
3.564e+06	3.4895e+06	3.54125e+06	3.52175e+06	3.55325e+06	
3.56275e+06	3.52175e+06	3.56775e+06	3.5475e+06	3.535e+06	
3.45375e+06	3.506e+06	3.475e+06	3.5395e+06	3.579e+06	
3.48275e+06	3.53825e+06	3.4965e+06	3.49225e+06	3.525e+06	
3.5225e+06	3.54125e+06	3.49525e+06	3.49025e+06	3.5545e+06	
3.5425e+06	3.5685e+06	3.53875e+06	3.472e+06	3.55825e+06	
3.5735e+06	3.535e+06	3.51175e+06	3.58475e+06	3.5785e+06	
3.5375e+06	3.583e+06	3.54075e+06	3.56275e+06	3.54375e+06	
3.59875e+06	3.576e+06	3.55775e+06	3.58975e+06	3.6275e+06	
3.49525e+06	3.583e+06	3.4865e+06	3.61375e+06	3.5815e+06	
3.51175e+06	3.55575e+06	3.525e+06	3.557e+06	3.54825e+06	
3.53425e+06	3.4625e+06	3.49075e+06	3.438e+06	3.48525e+06	
3.4435e+06	3.43975e+06	3.494e+06	3.45e+06	3.453e+06	
3.42475e+06	3.4815e+06	3.441e+06	3.48075e+06	3.4405e+06	
3.40325e+06	3.4095e+06	3.43425e+06	3.475e+06	3.44175e+06	
3.40275e+06	3.387e+06	3.4285e+06	3.36475e+06	3.40825e+06	
3.375e+06	3.33775e+06	3.341e+06	3.3775e+06	3.286e+06	
3.361e+06	3.3415e+06	3.3535e+06	3.35025e+06	3.36225e+06	
3.3605e+06	3.283e+06	3.34225e+06	3.36875e+06	3.3385e+06	
3.29425e+06	3.3265e+06	3.31125e+06	3.3365e+06	3.38825e+06	
3.312e+06	3.315e+06	3.322e+06	3.3345e+06	3.29175e+06	
3.26525e+06	3.27675e+06	3.27475e+06	3.28925e+06	3.33025e+06	
3.22425e+06	3.2445e+06	3.22175e+06	3.27675e+06	3.2715e+06	
3.245e+06	3.2495e+06	3.19475e+06	3.26725e+06	3.20425e+06	
3.21225e+06	3.276e+06	3.2885e+06	3.26975e+06	3.327e+06	
3.259e+06	3.25775e+06	3.31325e+06	3.3145e+06	3.288e+06	
3.276e+06	3.27025e+06	3.21475e+06	3.26525e+06	3.23875e+06	
3.249e+06	3.2515e+06	3.22625e+06	3.27925e+06	3.3295e+06	
3.281e+06	3.31325e+06	3.30625e+06	3.28425e+06	3.31575e+06	
3.281e+06	3.252e+06	3.276e+06	3.25275e+06	3.24e+06	
3.26525e+06	3.2835e+06	3.28225e+06	3.29925e+06	3.252e+06	
3.228e+06	3.271e+06	3.29375e+06	3.27975e+06	3.191e+06	
3.327e+06	3.27025e+06	3.2275e+06	3.2615e+06	3.28675e+06	
3.189e+06	3.2255e+06	3.22425e+06	3.25775e+06	3.1915e+06	
3.21675e+06	3.24775e+06	3.2305e+06	3.25325e+06	3.23325e+06	
3.179e+06	3.2595e+06	3.23625e+06	3.20975e+06	3.2465e+06	
3.19525e+06	3.19025e+06	3.1915e+06	3.21875e+06	3.19725e+06	
3.2175e+06	3.23325e+06	3.2305e+06	3.2135e+06	3.26025e+06	
3.211e+06	3.2105e+06	3.21875e+06	3.155e+06	3.211e+06	
3.23125e+06	3.24075e+06	3.1525e+06	3.189e+06	3.242e+06	
3.1795e+06	3.1795e+06	3.1165e+06	3.184e+06	3.11775e+06	
3.13225e+06	3.20925e+06	3.14175e+06	3.186e+06	3.14875e+06	
3.1765e+06	3.1385e+06	3.1335e+06	3.12675e+06	3.2005e+06	
3.17575e+06	3.174e+06	3.225e+06	3.111e+06	3.22875e+06	
3.162e+06	3.189e+06	3.09075e+06	3.128e+06	3.14925e+06	
3.14375e+06	3.16e+06	3.121e+06	3.1645e+06	3.1115e+06	
3.1425e+06	3.11775e+06	3.14625e+06	3.094e+06	3.1595e+06	
3.119e+06	3.075e+06	3.10525e+06	3.082e+06	3.1185e+06	
3.1065e+06	3.1305e+06	3.107e+06	3.1505e+06	3.07875e+06	
3.1135e+06	3.16825e+06	3.09e+06	3.12425e+06	3.11225e+06	
3.05475e+06	3.14e+06	3.08375e+06	3.07675e+06	3.1475e+06	
3.05675e+06	3.0875e+06	3.0585e+06	3.0415e+06	3.03025e+06	
3.058e+06	3.07e+06	3.036e+06	3.0465e+06	3.056e+06	
3.07675e+06	3.046e+06	3.07175e+06	3.056e+06	3.0655e+06	
3.03475e+06	3.027e+06	3.0485e+06	2.95975e+06	3.068e+06	
3.0295e+06	3.06175e+06	2.9735e+06	2.96225e+06	3.01125e+06	
2.96475e+06	3.01575e+06	2.981e+06	2.9975e+06	3.04475e+06	
3.01575e+06	2.9565e+06	3.048e+06	2.99e+06	3.04925e+06	
3.005e+06	3.0315e+06	2.9785e+06	3.02525e+06	2.98175e+06	
2.98425e+06	2.95025e+06	2.9785e+06	2.9565e+06	2.973e+06	
2.94275e+06	2.91925e+06	2.88275e+06	2.94525e+06	2.981e+06	
2.944e+06	2.93825e+06	2.9345e+06	2.925e+06	2.896e+06	
2.94075e+06	2.96525e+06	2.96025e+06	2.8695e+06	2.9495e+06	
2.901e+06	2.884e+06	2.8815e+06	2.87575e+06	2.83675e+06	
2.87975e+06	2.85125e+06	2.821e+06	2.86075e+06	2.83625e+06	
2.831e+06	2.8205e+06	2.7845e+06	2.7745e+06	2.82225e+06	
2.731e+06	2.7315e+06	2.702e+06	2.74925e+06	2.66925e+06	
2.57775e+06	2.59675e+06	2.6055e+06	2.651e+06	2.63525e+06	
2.513e+06	2.53175e+06	2.5205e+06	2.5305e+06	2.559e+06	
2.5325e+06	2.45625e+06	2.46875e+06	2.48e+06	2.49775e+06	
2.4575e+06	2.43475e+06	2.438e+06	2.4405e+06	2.46175e+06	
2.3975e+06	2.39625e+06	2.368e+06	2.414e+06	2.4335e+06	
2.317e+06	2.3515e+06	2.317e+06	2.31825e+06	2.337e+06	
2.32e+06	2.32825e+06	2.31e+06	2.30625e+06	2.354e+06	
2.27525e+06	2.27025e+06	2.24125e+06	2.2975e+06	2.262e+06	
2.26325e+06	2.20925e+06	2.23175e+06	2.2395e+06	2.2665e+06	
2.286e+06	2.2855e+06	2.26525e+06	2.29925e+06	2.25e+06	
2.28725e+06	2.271e+06	2.2545e+06	2.30175e+06	2.23175e+06	
2.2765e+06	2.356e+06	2.3055e+06	2.31125e+06	2.363e+06	
2.36225e+06	2.38875e+06	2.37425e+06	2.38625e+06	2.38e+06	
2.436e+06	2.44925e+06	2.40125e+06	2.4315e+06	2.4575e+06	
2.4965e+06	2.46175e+06	2.4895e+06	2.47875e+06	2.5035e+06	
2.53e+06	2.53675e+06	2.58925e+06	2.523e+06	2.52475e+06	
2.562e+06	2.57025e+06	2.54875e+06	2.5735e+06	2.51475e+06	
2.4775e+06	2.53e+06	2.52925e+06	2.55125e+06	2.55075e+06	
2.53625e+06	2.51725e+06	2.53375e+06	2.5235e+06	2.51425e+06	
2.48325e+06	2.4605e+06	2.44175e+06	2.511e+06	2.45125e+06	
2.42525e+06	2.3825e+06	2.39575e+06	2.35275e+06	2.3875e+06	
2.36225e+06	2.36225e+06	2.383e+06	2.38175e+06	2.41525e+06	
2.33775e+06	2.39375e+06	2.35975e+06	2.35925e+06	2.37675e+06	
2.34025e+06	2.34475e+06	2.344e+06	2.334e+06	2.332e+06	
2.32e+06	2.31e+06	2.28175e+06	2.32125e+06	2.32575e+06	
2.31375e+06	2.378e+06	2.34475e+06	2.3245e+06	2.34025e+06	
2.3075e+06	2.33275e+06	2.327e+06	2.29875e+06	2.31625e+06	
2.28925e+06	2.29925e+06	2.35925e+06	2.31875e+06	2.29475e+06	
2.34475e+06	2.35925e+06	2.32625e+06	2.3225e+06	2.31625e+06	
2.36475e+06	2.37875e+06	2.3415e+06	2.40075e+06	2.31575e+06	
2.34775e+06	2.31175e+06	2.3415e+06	2.33275e+06	2.33325e+06	
2.3145e+06	2.356e+06	2.3125e+06	2.34775e+06	2.354e+06	
2.3025e+06	2.32125e+06	2.31875e+06	2.2735e+06	2.31825e+06	
2.373e+06	2.325e+06	2.305e+06	2.3195e+06	2.31625e+06	
2.3075e+06	2.298e+06	2.30375e+06	2.317e+06	2.36975e+06	
2.31575e+06	2.32125e+06	2.26975e+06	2.30675e+06	2.35475e+06	
2.25325e+06	2.283e+06	2.25775e+06	2.30925e+06	2.291e+06	
2.24875e+06	2.305e+06	2.22425e+06	2.286e+06	2.28175e+06	
2.26775e+06	2.33075e+06	2.279e+06	2.2735e+06	2.30125e+06	
2.3395e+06	2.32075e+06	2.3075e+06	2.296e+06	2.3125e+06	
2.30675e+06	2.28225e+06	2.31325e+06	2.27975e+06	2.305e+06	
2.2935e+06	2.30675e+06	2.279e+06	2.32775e+06	2.33775e+06	
2.3175e+06	2.3195e+06	2.32325e+06	2.2835e+06	2.31e+06	
2.33075e+06	2.332e+06	2.281e+06	2.26975e+06	2.276e+06	
2.296e+06	2.327e+06	2.332e+06	2.28725e+06	2.28925e+06	
2.296e+06	2.31575e+06	2.3245e+06	2.39e+06	2.3585e+06	
2.37675e+06	2.36675e+06	2.37675e+06	2.3485e+06	2.3875e+06	
2.39e+06	2.41075e+06	2.38125e+06	2.3755e+06	2.4355e+06	
2.4065e+06	2.3995e+06	2.3755e+06	2.37875e+06	2.41075e+06	
2.455e+06	2.412e+06	2.4285e+06	2.414e+06	2.40075e+06	
2.41325e+06	2.4555e+06	2.41325e+06	2.43475e+06	2.4605e+06	
2.465e+06	2.46625e+06	2.441e+06	2.443e+06	2.47e+06	
2.4525e+06	2.4845e+06	2.482e+06	2.46575e+06	2.46625e+06	
2.44675e+06	2.47e+06	2.47325e+06	2.4795e+06	2.50225e+06	
2.5155e+06	2.4775e+06	2.44675e+06	2.43275e+06	2.45175e+06	
2.4795e+06	2.43475e+06	2.438e+06	2.43975e+06	2.465e+06	
2.45e+06	2.43925e+06	2.48575e+06	2.43225e+06	2.4485e+06	
2.4385e+06	2.44925e+06	2.443e+06	2.40825e+06	2.42025e+06	
2.448e+06	2.441e+06	2.40075e+06	2.44425e+06	2.43925e+06	
2.42475e+06	2.46125e+06	2.43025e+06	2.446e+06	2.43675e+06	
2.39125e+06	2.43225e+06	2.3515e+06	2.4485e+06	2.4435e+06	
2.436e+06	2.472e+06	2.39325e+06	2.41325e+06	2.453e+06	
2.46175e+06	2.44925e+06	2.436e+06	2.458e+06	2.47e+06	
2.48525e+06	2.443e+06	2.472e+06	2.46825e+06	2.453e+06	
2.48e+06	2.48825e+06	2.4485e+06	2.4945e+06	2.487e+06	
2.3875e+06	2.3895e+06	2.412e+06	2.404e+06	2.4355e+06	
2.39875e+06	2.4165e+06	2.37625e+06	2.434e+06	2.402e+06	
2.385e+06	2.395e+06	2.4025e+06	2.4285e+06	2.4485e+06	
2.37425e+06	2.40075e+06	2.38125e+06	2.41825e+06	2.436e+06	
2.3655e+06	2.3415e+06	2.47325e+06	2.44175e+06	2.39875e+06	
2.417e+06	2.42725e+06	2.4045e+06	2.40775e+06	2.4335e+06	
2.39125e+06	2.45925e+06	2.37225e+06	2.46425e+06	2.44475e+06	
2.407e+06	2.4045e+06	2.41325e+06	2.41025e+06	2.44425e+06	
2.38425e+06	2.46575e+06	2.404e+06	2.453e+06	2.375e+06	
2.3685e+06	2.417e+06	2.39825e+06	2.4455e+06	2.38375e+06	
2.363e+06	2.388e+06	2.31875e+06	2.3565e+06	2.4025e+06	
2.3635e+06	2.3825e+06	2.35525e+06	2.37625e+06	2.412e+06	
2.45e+06	2.37925e+06	2.337e+06	2.39075e+06	2.42025e+06	
2.32375e+06	2.4045e+06	2.361e+06	2.37425e+06	2.421e+06	
2.3925e+06	2.38425e+06	2.36225e+06	2.4045e+06	2.41025e+06	
2.41525e+06	2.4025e+06	2.37675e+06	2.37925e+06	2.3895e+06	
2.4265e+06	2.40825e+06	2.4215e+06	2.38e+06	2.441e+06	
2.363e+06	2.417e+06	2.41325e+06	2.4065e+06	2.4145e+06	
2.354e+06	2.446e+06	2.39875e+06	2.41575e+06	2.35975e+06	
2.392e+06	2.383e+06	2.407e+06	2.35925e+06	2.3945e+06	
2.3945e+06	2.3855e+06	2.3895e+06	2.36175e+06	2.36175e+06	
2.3825e+06	2.36725e+06	2.40125e+06	2.368e+06	2.41275e+06	
2.41025e+06	2.4045e+06	2.342e+06	2.3875e+06	2.388e+06	
2.37425e+06	2.3775e+06	2.3635e+06	2.3875e+06	2.426e+06	
2.388e+06	2.3535e+06	2.349e+06	2.39325e+06	2.3805e+06	
2.3805e+06	2.36725e+06	2.36925e+06	2.34275e+06	2.4045e+06	
2.3755e+06	2.4045e+06	2.3775e+06	2.3635e+06	2.392e+06	
2.35775e+06	2.363e+06	2.35275e+06	2.38675e+06	2.3485e+06	
2.344e+06	2.383e+06	2.37225e+06	2.35025e+06	2.37225e+06	
2.38e+06	2.33575e+06	2.392e+06	2.4025e+06	2.366e+06	
2.3585e+06	2.39325e+06	2.349e+06	2.3435e+06	2.37175e+06	
2.37875e+06	2.3945e+06	2.38175e+06	2.42775e+06	2.37925e+06	
2.36725e+06	2.38e+06	2.36475e+06	2.2975e+06	2.35225e+06	
2.31375e+06	2.3585e+06	2.33525e+06	2.36475e+06	2.315e+06	
2.31625e+06	2.32825e+06	2.296e+06	2.2935e+06	2.337e+06	
2.332e+06	2.3395e+06	2.37925e+06	2.33075e+06	2.31875e+06	
2.34975e+06	2.3175e+06	2.30875e+06	2.329e+06	2.3025e+06	
2.28725e+06	2.34025e+06	2.3075e+06	2.28675e+06	2.315e+06	
2.2785e+06	2.2715e+06	2.3055e+06	2.29225e+06	2.31325e+06	
2.32125e+06	2.3105e+06	2.271e+06	2.296e+06	2.3025e+06	
2.28475e+06	2.30375e+06	2.2935e+06	2.274e+06	2.32775e+06	
2.276e+06	2.31325e+06	2.2835e+06	2.3e+06	2.28675e+06	
2.29675e+06	2.28175e+06	2.2715e+06	2.271e+06	2.27525e+06	
2.252e+06	2.30125e+06	2.27025e+06	2.25525e+06	2.288e+06	
2.2445e+06	2.30925e+06	2.3025e+06	2.2645e+06	2.29425e+06	
2.3055e+06	2.26325e+06	2.30375e+06	2.27475e+06	2.2765e+06	
2.2885e+06	2.24875e+06	2.276e+06	2.27775e+06	2.271e+06	
2.2735e+06	2.262e+06	2.23425e+06	2.291e+06	2.2565e+06	
2.28175e+06	2.2445e+06	2.23375e+06	2.23875e+06	2.24125e+06	
2.25775e+06	2.27475e+06	2.279e+06	2.29925e+06	2.3e+06	
2.24375e+06	2.25825e+06	2.247e+06	2.26775e+06	2.27975e+06	
2.3365e+06	2.2255e+06	2.23175e+06	2.264e+06	2.24325e+06	
2.252e+06	2.25775e+06	2.22625e+06	2.24325e+06	2.25825e+06	
2.23575e+06	2.2665e+06	2.204e+06	2.213e+06	2.262e+06	
2.25e+06	2.279e+06	2.22925e+06	2.23825e+06	2.2615e+06	
2.213e+06	2.21425e+06	2.16825e+06	2.17325e+06	2.2035e+06	
2.213e+06	2.2205e+06	2.21475e+06	2.2545e+06	2.22425e+06	
2.19725e+06	2.1795e+06	2.21925e+06	2.21425e+06	2.184e+06	
2.17375e+06	2.199e+06	2.22125e+06	2.199e+06	2.20225e+06	
2.206e+06	2.1915e+06	2.216e+06	2.16875e+06	2.18775e+06	
2.1965e+06	2.1795e+06	2.17525e+06	2.15625e+06	2.18275e+06	
2.1865e+06	2.17375e+06	2.162e+06	2.187e+06	2.1845e+06	
2.14925e+06	2.1355e+06	2.1455e+06	2.09375e+06	2.1265e+06	
2.066e+06	2.07e+06	2.0465e+06	2.061e+06	2.0825e+06	
1.89925e+06	1.92875e+06	1.92175e+06	1.90975e+06	1.91175e+06	
1.693e+06	1.6855e+06	1.666e+06	1.6465e+06	1.66975e+06	
1.49775e+06	1.4625e+06	1.455e+06	1.436e+06	1.4915e+06	
1.25575e+06	1.274e+06	1.24875e+06	1.2785e+06	1.2785e+06	
1.1095e+06	1.12525e+06	1.1265e+06	1.131e+06	1.15175e+06	
1.044e+06	1.0485e+06	1.073e+06	1.08675e+06	1.0805e+06	
1.07925e+06	1.107e+06	1.11025e+06	1.1115e+06	1.11325e+06	
1.1645e+06	1.1795e+06	1.17075e+06	1.18025e+06	1.1675e+06	
1.24625e+06	1.26325e+06	1.247e+06	1.2525e+06	1.2475e+06	
1.29425e+06	1.271e+06	1.28025e+06	1.3125e+06	1.31425e+06	
1.2815e+06	1.2715e+06	1.27725e+06	1.317e+06	1.291e+06	
1.269e+06	1.279e+06	1.27475e+06	1.2905e+06	1.29725e+06	
1.28525e+06	1.2565e+06	1.2445e+06	1.2665e+06	1.28925e+06	
1.2935e+06	1.28675e+06	1.257e+06	1.28675e+06	1.269e+06	
1.267e+06	1.317e+06	1.279e+06	1.30375e+06	1.27975e+06	
1.3125e+06	1.32625e+06	1.34025e+06	1.31625e+06	1.298e+06	
1.37175e+06	1.35275e+06	1.363e+06	1.32825e+06	1.359e+06	
1.4025e+06	1.38925e+06	1.412e+06	1.39575e+06	1.3945e+06	
1.4505e+06	1.426e+06	1.42475e+06	1.489e+06	1.44225e+06	
1.52425e+06	1.499e+06	1.4825e+06	1.511e+06	1.504e+06	
1.5355e+06	1.555e+06	1.53425e+06	1.5715e+06	1.56525e+06	
1.60675e+06	1.5935e+06	1.6125e+06	1.5815e+06	1.6345e+06	
1.64775e+06	1.666e+06	1.71e+06	1.66525e+06	1.66475e+06	
1.72825e+06	1.727e+06	1.753e+06	1.722e+06	1.7075e+06	
1.78e+06	1.76125e+06	1.78825e+06	1.72325e+06	1.79e+06	
1.797e+06	1.87775e+06	1.78125e+06	1.80775e+06	1.792e+06	
1.8455e+06	1.84625e+06	1.862e+06	1.86325e+06	1.8455e+06	
1.8545e+06	1.85125e+06	1.87575e+06	1.8885e+06	1.8595e+06	
1.872e+06	1.89525e+06	1.91225e+06	1.90425e+06	1.88075e+06	
1.91925e+06	1.92375e+06	1.896e+06	1.93125e+06	1.9295e+06	
1.9155e+06	1.8965e+06	1.9275e+06	1.90425e+06	1.9105e+06	
1.918e+06	1.925e+06	1.93125e+06	1.88275e+06	1.937e+06	
1.9035e+06	1.94375e+06	1.932e+06	1.93325e+06	1.9175e+06	
1.935e+06	1.966e+06	1.96275e+06	1.94e+06	1.93325e+06	
1.93375e+06	1.918e+06	1.918e+06	1.947e+06	1.915e+06	
1.93575e+06	1.92e+06	1.90975e+06	1.925e+06	1.95075e+06	
1.98975e+06	1.90475e+06	1.9545e+06	1.9545e+06	1.935e+06	
1.9055e+06	1.923e+06	1.95025e+06	1.94325e+06	1.92125e+06	
1.91225e+06	1.9395e+06	1.9225e+06	1.911e+06	1.908e+06	
1.8915e+06	1.93825e+06	1.9155e+06	1.9035e+06	1.9035e+06	
1.90925e+06	1.91875e+06	1.93375e+06	1.9085e+06	1.90925e+06	
1.93625e+06	1.9175e+06	1.92625e+06	1.91625e+06	1.93875e+06	
1.89275e+06	1.90425e+06	1.891e+06	1.9345e+06	1.91425e+06	
1.8795e+06	1.92375e+06	1.91625e+06	1.92675e+06	1.87525e+06	
1.9175e+06	1.9105e+06	1.8625e+06	1.9295e+06	1.90675e+06	
1.891e+06	1.89925e+06	1.874e+06	1.928e+06	1.8935e+06	
1.86e+06	1.891e+06	1.91175e+06	1.90175e+06	1.89275e+06	
1.8575e+06	1.8695e+06	1.85625e+06	1.828e+06	1.828e+06	
1.838e+06	1.9105e+06	1.84875e+06	1.8745e+06	1.87525e+06	
1.86075e+06	1.84625e+06	1.845e+06	1.848e+06	1.87325e+06	
1.8525e+06	1.8745e+06	1.8545e+06	1.8575e+06	1.86625e+06	
1.86e+06	1.8675e+06	1.88075e+06	1.84675e+06	1.8675e+06	
1.9055e+06	1.867e+06	1.8885e+06	1.8425e+06	1.87525e+06	
1.87275e+06	1.84e+06	1.86075e+06	1.85575e+06	1.9205e+06	
1.865e+06	1.84425e+06	1.845e+06	1.869e+06	1.8865e+06	
1.85e+06	1.823e+06	1.8645e+06	1.874e+06	1.84925e+06	
1.85375e+06	1.865e+06	1.80075e+06	1.8505e+06	1.8285e+06	
1.84625e+06	1.8355e+06	1.84625e+06	1.81225e+06	1.82725e+06	
1.8335e+06	1.81225e+06	1.79825e+06	1.80075e+06	1.82475e+06	
1.831e+06	1.83425e+06	1.8575e+06	1.81775e+06	1.82025e+06	
1.8045e+06	1.80575e+06	1.799e+06	1.848e+06	1.84425e+06	
1.83175e+06	1.7845e+06	1.80025e+06	1.82975e+06	1.81525e+06	
1.79e+06	1.80575e+06	1.8255e+06	1.79325e+06	1.76925e+06	
1.828e+06	1.811e+06	1.8355e+06	1.84925e+06	1.8135e+06	
1.80525e+06	1.8455e+06	1.79325e+06	1.845e+06	1.82475e+06	
1.821e+06	1.799e+06	1.8115e+06	1.82725e+06	1.79775e+06	
1.785e+06	1.80725e+06	1.78325e+06	1.792e+06	1.8475e+06	
1.8135e+06	1.77625e+06	1.81225e+06	1.80775e+06	1.787e+06	
1.792e+06	1.804e+06	1.7945e+06	1.77875e+06	1.78875e+06	
1.845e+06	1.7995e+06	1.775e+06	1.80975e+06	1.82475e+06	
1.83425e+06	1.80775e+06	1.804e+06	1.81225e+06	1.8185e+06	
1.79075e+06	1.82225e+06	1.79e+06	1.77175e+06	1.84125e+06	
1.7965e+06	1.83175e+06	1.84125e+06	1.79575e+06	1.7995e+06	
1.768e+06	1.8115e+06	1.76675e+06	1.78375e+06	1.8015e+06	
1.7605e+06	1.7555e+06	1.763e+06	1.79575e+06	1.8135e+06	
1.77125e+06	1.75925e+06	1.78e+06	1.7605e+06	1.79e+06	
1.799e+06	1.75175e+06	1.768e+06	1.77825e+06	1.75975e+06	
1.7385e+06	1.75975e+06	1.7245e+06	1.79275e+06	1.777e+06	
1.7625e+06	1.7535e+06	1.724e+06	1.7585e+06	1.75725e+06	
1.7775e+06	1.7875e+06	1.78e+06	1.7875e+06	1.775e+06	
1.7625e+06	1.763e+06	1.7705e+06	1.76375e+06	1.7265e+06	
1.77125e+06	1.782e+06	1.79525e+06	1.7535e+06	1.787e+06	
1.7775e+06	1.7845e+06	1.79325e+06	1.74525e+06	1.75675e+06	
1.74525e+06	1.7485e+06	1.76425e+06	1.7825e+06	1.7555e+06	
1.744e+06	1.74275e+06	1.7555e+06	1.77175e+06	1.72275e+06	
1.72775e+06	1.7435e+06	1.74225e+06	1.765e+06	1.748e+06	
1.73725e+06	1.73525e+06	1.74675e+06	1.741e+06	1.73775e+06	
1.729e+06	1.72775e+06	1.7245e+06	1.7195e+06	1.73025e+06	
1.6755e+06	1.74975e+06	1.681e+06	1.71125e+06	1.707e+06	
1.69125e+06	1.69675e+06	1.68675e+06	1.72775e+06	1.683e+06	
1.73975e+06	1.698e+06	1.70375e+06	1.69125e+06	1.7295e+06	
1.67975e+06	1.693e+06	1.70875e+06	1.673e+06	1.6855e+06	
1.6925e+06	1.68175e+06	1.64825e+06	1.68225e+06	1.69925e+06	
1.67925e+06	1.661e+06	1.66225e+06	1.6635e+06	1.71e+06	
1.656e+06	1.62325e+06	1.64575e+06	1.654e+06	1.65275e+06	
1.67225e+06	1.664e+06	1.65075e+06	1.62325e+06	1.68225e+06	
1.673e+06	1.66925e+06	1.63325e+06	1.659e+06	1.64275e+06	
1.6375e+06	1.65325e+06	1.63325e+06	1.65275e+06	1.66975e+06	
1.6345e+06	1.63575e+06	1.66925e+06	1.6395e+06	1.654e+06	
1.6395e+06	1.62325e+06	1.613e+06	1.63575e+06	1.649e+06	
1.5885e+06	1.6155e+06	1.6295e+06	1.60425e+06	1.60475e+06	
1.63125e+06	1.59675e+06	1.661e+06	1.63075e+06	1.6325e+06	
1.5885e+06	1.593e+06	1.63075e+06	1.62625e+06	1.60225e+06	
1.57325e+06	1.5955e+06	1.59675e+06	1.58225e+06	1.61175e+06	
1.6225e+06	1.5865e+06	1.58275e+06	1.58025e+06	1.61675e+06	
1.62825e+06	1.61925e+06	1.601e+06	1.61375e+06	1.5985e+06	
1.593e+06	1.591e+06	1.6055e+06	1.58775e+06	1.57325e+06	
1.598e+06	1.593e+06	1.57525e+06	1.598e+06	1.601e+06	
1.58275e+06	1.632e+06	1.58975e+06	1.57325e+06	1.59225e+06	
1.59475e+06	1.58725e+06	1.555e+06	1.59425e+06	1.61e+06	
1.59425e+06	1.591e+06	1.55625e+06	1.564e+06	1.6005e+06	
1.54625e+06	1.57025e+06	1.5765e+06	1.569e+06	1.54375e+06	
1.59925e+06	1.5765e+06	1.589e+06	1.579e+06	1.593e+06	
1.569e+06	1.56825e+06	1.59975e+06	1.535e+06	1.56325e+06	
1.538e+06	1.547e+06	1.574e+06	1.552e+06	1.586e+06	
1.572e+06	1.5375e+06	1.57075e+06	1.562e+06	1.57775e+06	
1.5355e+06	1.55e+06	1.53925e+06	1.586e+06	1.53925e+06	
1.562e+06	1.5695e+06	1.5645e+06	1.538e+06	1.57275e+06	
1.543e+06	1.5665e+06	1.533e+06	1.5285e+06	1.54625e+06	
1.5575e+06	1.572e+06	1.52675e+06	1.5405e+06	1.511e+06	
1.53425e+06	1.55875e+06	1.564e+06	1.581e+06	1.56525e+06	
1.56125e+06	1.5765e+06	1.562e+06	1.54375e+06	1.55325e+06	
1.533e+06	1.51675e+06	1.5355e+06	1.53875e+06	1.55625e+06	
1.55e+06	1.5305e+06	1.506e+06	1.51025e+06	1.57075e+06	
1.497e+06	1.54175e+06	1.509e+06	1.54375e+06	1.533e+06	
1.5015e+06	1.5115e+06	1.51925e+06	1.55625e+06	1.521e+06	
1.485e+06	1.47625e+06	1.52175e+06	1.5065e+06	1.5035e+06	
1.49825e+06	1.55575e+06	1.506e+06	1.48125e+06	1.49525e+06	
1.49075e+06	1.48575e+06	1.50525e+06	1.4995e+06	1.487e+06	
1.46425e+06	1.49525e+06	1.48375e+06	1.47625e+06	1.477e+06	
1.47375e+06	1.5065e+06	1.50025e+06	1.4965e+06	1.50525e+06	
1.46175e+06	1.43975e+06	1.489e+06	1.4725e+06	1.4825e+06	
1.4725e+06	1.48325e+06	1.4775e+06	1.44475e+06	1.4605e+06	
1.43975e+06	1.455e+06	1.4605e+06	1.4995e+06	1.47825e+06	
1.42775e+06	1.4655e+06	1.44975e+06	1.46375e+06	1.44425e+06	
1.441e+06	1.446e+06	1.4455e+06	1.4575e+06	1.47075e+06	
1.40625e+06	1.45175e+06	1.4485e+06	1.4405e+06	1.44675e+06	
1.443e+06	1.44475e+06	1.46925e+06	1.48325e+06	1.446e+06	
1.439e+06	1.4505e+06	1.46125e+06	1.443e+06	1.455e+06	
1.45225e+06	1.441e+06	1.42525e+06	1.43725e+06	1.42775e+06	
1.4145e+06	1.412e+06	1.40825e+06	1.4455e+06	1.44475e+06	
1.41775e+06	1.4215e+06	1.4385e+06	1.4435e+06	1.43775e+06	
1.451e+06	1.41275e+06	1.42275e+06	1.39825e+06	1.436e+06	
1.45925e+06	1.41575e+06	1.4095e+06	1.393e+06	1.4115e+06	
1.43025e+06	1.436e+06	1.43725e+06	1.39375e+06	1.446e+06	
1.419e+06	1.419e+06	1.41075e+06	1.42075e+06	1.453e+06	
1.43725e+06	1.43775e+06	1.426e+06	1.40325e+06	1.3855e+06	
1.3945e+06	1.4535e+06	1.42725e+06	1.40825e+06	1.4285e+06	
1.43025e+06	1.4045e+06	1.43025e+06	1.407e+06	1.39875e+06	
1.42975e+06	1.43475e+06	1.41025e+06	1.4025e+06	1.41825e+06	
1.4025e+06	1.37725e+06	1.42975e+06	1.4195e+06	1.4045e+06	
1.4e+06	1.38425e+06	1.378e+06	1.41575e+06	1.39175e+06	
1.38e+06	1.37175e+06	1.366e+06	1.41075e+06	1.3855e+06	
1.38925e+06	1.38875e+06	1.38175e+06	1.4075e+06	1.38e+06	
1.36225e+06	1.34575e+06	1.38425e+06	1.37175e+06	1.37175e+06	
1.38675e+06	1.36925e+06	1.34325e+06	1.3635e+06	1.3685e+06	
1.349e+06	1.3635e+06	1.344e+06	1.37925e+06	1.35725e+06	
1.36675e+06	1.36725e+06	1.3585e+06	1.3705e+06	1.33775e+06	
1.3245e+06	1.327e+06	1.35475e+06	1.3515e+06	1.3615e+06	
1.3225e+06	1.32825e+06	1.3825e+06	1.342e+06	1.356e+06	
1.3535e+06	1.322e+06	1.35475e+06	1.31825e+06	1.3105e+06	
1.31425e+06	1.33075e+06	1.3345e+06	1.33825e+06	1.31625e+06	
1.313e+06	1.35025e+06	1.32825e+06	1.325e+06	1.32625e+06	
1.3365e+06	1.344e+06	1.3075e+06	1.30425e+06	1.3105e+06	
1.30875e+06	1.332e+06	1.3025e+06	1.31375e+06	1.337e+06	
1.30675e+06	1.30875e+06	1.271e+06	1.30675e+06	1.31425e+06	
1.305e+06	1.308e+06	1.31125e+06	1.28275e+06	1.29675e+06	
1.2955e+06	1.301e+06	1.29925e+06	1.27225e+06	1.284e+06	
1.24875e+06	1.264e+06	1.25325e+06	1.23925e+06	1.28275e+06	
1.27275e+06	1.2445e+06	1.247e+06	1.2325e+06	1.2495e+06	
1.25825e+06	1.23875e+06	1.23625e+06	1.228e+06	1.25325e+06	
1.22175e+06	1.22225e+06	1.206e+06	1.23625e+06	1.22925e+06	
1.21975e+06	1.1985e+06	1.1815e+06	1.24325e+06	1.20525e+06	
1.194e+06	1.184e+06	1.19325e+06	1.18025e+06	1.19075e+06	
1.172e+06	1.1915e+06	1.1575e+06	1.158e+06	1.17875e+06	
1.167e+06	1.165e+06	1.16875e+06	1.14175e+06	1.177e+06	
1.16625e+06	1.18075e+06	1.13725e+06	1.16e+06	1.15375e+06	
1.1315e+06	1.16125e+06	1.17625e+06	1.177e+06	1.167e+06	
1.1335e+06	1.131e+06	1.146e+06	1.1215e+06	1.1435e+06	
1.13425e+06	1.12975e+06	1.11775e+06	1.13725e+06	1.15e+06	
1.14925e+06	1.1065e+06	1.13475e+06	1.13025e+06	1.143e+06	
1.1575e+06	1.11575e+06	1.14925e+06	1.124e+06	1.13725e+06	
1.12525e+06	1.1285e+06	1.112e+06	1.1315e+06	1.13425e+06	
1.11575e+06	1.1145e+06	1.1185e+06	1.138e+06	1.10575e+06	
1.1745e+06	1.119e+06	1.12225e+06	1.1555e+06	1.1455e+06	
1.12775e+06	1.14175e+06	1.12525e+06	1.12475e+06	1.131e+06	
1.15175e+06	1.14725e+06	1.11775e+06	1.16575e+06	1.1645e+06	
1.15e+06	1.155e+06	1.12275e+06	1.143e+06	1.1115e+06	
1.13975e+06	1.11275e+06	1.1095e+06	1.14475e+06	1.13725e+06	
1.12025e+06	1.1115e+06	1.13025e+06	1.1095e+06	1.131e+06	
1.1385e+06	1.13675e+06	1.1335e+06	1.12775e+06	1.1095e+06	
1.1845e+06	1.14925e+06	1.1675e+06	1.17125e+06	1.1355e+06	
1.17325e+06	1.15675e+06	1.16625e+06	1.19275e+06	1.21225e+06	
1.2185e+06	1.18025e+06	1.15675e+06	1.163e+06	1.1795e+06	
1.15875e+06	1.163e+06	1.1865e+06	1.18575e+06	1.1525e+06	
1.13225e+06	1.1605e+06	1.16875e+06	1.1815e+06	1.14175e+06	
1.1265e+06	1.15175e+06	1.13675e+06	1.126e+06	1.15625e+06	
1.121e+06	1.09375e+06	1.0755e+06	1.0925e+06	1.11525e+06	
1.04775e+06	1.0775e+06	1.08125e+06	1.09075e+06	1.0875e+06	
1.09075e+06	1.058e+06	1.06675e+06	1.0415e+06	1.0435e+06	
1.03825e+06	1.0465e+06	1.05525e+06	1.0705e+06	1.08375e+06	
1.0635e+06	1.10125e+06	1.07625e+06	1.05025e+06	1.0995e+06	
1.10325e+06	1.114e+06	1.07425e+06	1.1045e+06	1.092e+06	
1.12725e+06	1.131e+06	1.13425e+06	1.1385e+06	1.12975e+06	
1.12225e+06	1.14725e+06	1.14675e+06	1.13025e+06	1.148e+06	
1.124e+06	1.148e+06	1.1575e+06	1.1385e+06	1.12775e+06	
1.17075e+06	1.177e+06	1.1355e+06	1.1525e+06	1.15925e+06	
1.1235e+06	1.14425e+06	1.13925e+06	1.12025e+06	1.15175e+06	
1.119e+06	1.14875e+06	1.1355e+06	1.141e+06	1.14425e+06	
1.12775e+06	1.148e+06	1.14175e+06	1.1285e+06	1.15e+06	
1.1315e+06	1.13975e+06	1.14175e+06	1.15375e+06	1.1675e+06	
1.14225e+06	1.1605e+06	1.16625e+06	1.15675e+06	1.172e+06	
1.12225e+06	1.1355e+06	1.11525e+06	1.126e+06	1.1555e+06	
1.11775e+06	1.07175e+06	1.10075e+06	1.0995e+06	1.08375e+06	
1.10325e+06	1.10825e+06	1.095e+06	1.078e+06	1.114e+06	
1.0775e+06	1.1405e+06	1.08125e+06	1.10075e+06	1.10775e+06	
1.066e+06	1.0945e+06	1.07925e+06	1.11025e+06	1.104e+06	
1.109e+06	1.12725e+06	1.0855e+06	1.0995e+06	1.09825e+06	
1.092e+06	1.0975e+06	1.09575e+06	1.0925e+06	1.104e+06	
1.09325e+06	1.07425e+06	1.10325e+06	1.0855e+06	1.08625e+06	
1.107e+06	1.09825e+06	1.124e+06	1.10325e+06	1.07675e+06	
1.09625e+06	1.09125e+06	1.085e+06	1.092e+06	1.09375e+06	
1.09125e+06	1.10525e+06	1.10575e+06	1.10775e+06	1.1045e+06	
1.071e+06	1.1145e+06	1.09325e+06	1.08825e+06	1.07875e+06	
1.09075e+06	1.09375e+06	1.10325e+06	1.11325e+06	1.0875e+06	
1.11775e+06	1.08175e+06	1.08875e+06	1.09325e+06	1.0975e+06	
1.0925e+06	1.10275e+06	1.08825e+06	1.09e+06	1.1065e+06	
1.07375e+06	1.08425e+06	1.0805e+06	1.06425e+06	1.07375e+06	
1.09375e+06	1.07875e+06	1.06675e+06	1.07675e+06	1.1e+06	
1.08175e+06	1.05725e+06	1.063e+06	1.0805e+06	1.102e+06	
1.08825e+06	1.08e+06	1.061e+06	1.10325e+06	1.07675e+06	
1.0755e+06	1.08175e+06	1.0895e+06	1.0995e+06	1.0925e+06	
1.08875e+06	1.085e+06	1.078e+06	1.0975e+06	1.0775e+06	
1.085e+06	1.0775e+06	1.0725e+06	1.09125e+06	1.0805e+06	
1.07875e+06	1.09075e+06	1.06925e+06	1.09825e+06	1.07625e+06	
1.06925e+06	1.10825e+06	1.07375e+06	1.107e+06	1.0875e+06	
1.0995e+06	1.09e+06	1.085e+06	1.09125e+06	1.09075e+06	
1.0535e+06	1.09325e+06	1.097e+06	1.063e+06	1.09825e+06	
1.0945e+06	1.11075e+06	1.0945e+06	1.104e+06	1.0755e+06	
1.10125e+06	1.06925e+06	1.10275e+06	1.07425e+06	1.104e+06	
1.056e+06	1.068e+06	1.07375e+06	1.095e+06	1.0995e+06	
1.114e+06	1.083e+06	1.0945e+06	1.0875e+06	1.11075e+06	
1.0925e+06	1.0995e+06	1.09375e+06	1.07925e+06	1.08175e+06	
1.09e+06	1.0895e+06	1.09e+06	1.09375e+06	1.10325e+06	
1.08625e+06	1.09125e+06	1.08825e+06	1.09e+06	1.11025e+06	
1.11525e+06	1.0895e+06	1.08375e+06	1.083e+06	1.11275e+06	
1.0485e+06	1.09075e+06	1.0875e+06	1.08425e+06	1.07925e+06	
1.0895e+06	1.104e+06	1.0635e+06	1.05725e+06	1.09875e+06	
1.06425e+06	1.09125e+06	1.0705e+06	1.10275e+06	1.083e+06	
1.066e+06	1.09e+06	1.09075e+06	1.0895e+06	1.06425e+06	
1.07425e+06	1.06725e+06	1.06475e+06	1.08675e+06	1.068e+06	
1.051e+06	1.09075e+06	1.0605e+06	1.0975e+06	1.09e+06	
1.114e+06	1.08875e+06	1.07625e+06	1.06925e+06	1.0925e+06	
1.08125e+06	1.06725e+06	1.09325e+06	1.09575e+06	1.063e+06	
1.06225e+06	1.0855e+06	1.0805e+06	1.06475e+06	1.08125e+06	
1.0825e+06	1.05025e+06	1.07425e+06	1.051e+06	1.08175e+06	
1.071e+06	1.092e+06	1.0855e+06	1.07925e+06	1.08675e+06	
1.0725e+06	1.0975e+06	1.0685e+06	1.0635e+06	1.11075e+06	
1.07875e+06	1.09575e+06	1.09575e+06	1.063e+06	1.0805e+06	
1.073e+06	1.083e+06	1.073e+06	1.078e+06	1.071e+06	
1.078e+06	1.083e+06	1.075e+06	1.05225e+06	1.075e+06	
1.06725e+06	1.066e+06	1.0755e+06	1.0725e+06	1.0585e+06	
1.05525e+06	1.068e+06	1.0875e+06	1.075e+06	1.06175e+06	
1.06975e+06	1.04775e+06	1.05025e+06	1.07425e+06	1.063e+06	
1.07425e+06	1.0605e+06	1.07425e+06	1.063e+06	1.05975e+06	
1.05925e+06	1.0415e+06	1.049e+06	1.029e+06	1.06175e+06	
1.04525e+06	1.0485e+06	1.08425e+06	1.078e+06	1.0725e+06	
1.068e+06	1.05525e+06	1.05025e+06	1.0415e+06	1.07625e+06	
1.039e+06	1.05675e+06	1.05275e+06	1.05225e+06	1.05675e+06	
1.06975e+06	1.04275e+06	1.061e+06	1.0655e+06	1.0465e+06	
1.0435e+06	1.04975e+06	1.051e+06	1.0245e+06	1.05975e+06	
1.0655e+06	1.04975e+06	1.05225e+06	1.068e+06	1.0655e+06	
1.03775e+06	1.0515e+06	1.06675e+06	1.0435e+06	1.0585e+06	
1.0245e+06	1.066e+06	1.04275e+06	1.05275e+06	1.05975e+06	
1.04525e+06	1.0315e+06	1.061e+06	1.0755e+06	1.0685e+06	
1.06975e+06	1.04025e+06	1.04225e+06	1.05675e+06	1.03775e+06	
1.034e+06	1.063e+06	1.04525e+06	1.058e+06	1.01625e+06	
1.0465e+06	1.0535e+06	1.05225e+06	1.037e+06	1.03575e+06	
1.02775e+06	1.051e+06	1.058e+06	1.029e+06	1.0315e+06	
1.01e+06	1.037e+06	1.0535e+06	1.06675e+06	1.056e+06	
1.02375e+06	1.03525e+06	1.029e+06	1.061e+06	1.039e+06	
1.02325e+06	1.054e+06	1.03025e+06	1.029e+06	1.0245e+06	
1.032e+06	1.04475e+06	1.01125e+06	1.01875e+06	1.027e+06	
1.0315e+06	990500	1.005e+06	1.032e+06	993000	
1.0175e+06	1.01e+06	979000	1.017e+06	1.00425e+06	
1.0195e+06	972250	986750	975250	1.00175e+06	
985500	1.008e+06	986000	1.022e+06	1.00875e+06	
1.00375e+06	1.00125e+06	988000	1.008e+06	979750	
1.0145e+06	998000	1.01625e+06	1.01875e+06	1.00175e+06	
1.01125e+06	1.0075e+06	996250	991000	1.02375e+06	
992250	1.025e+06	991000	1.0005e+06	1.03775e+06	
1.0195e+06	995500	996750	1e+06	1.01575e+06	
990500	971500	995500	998000	986000	
1.00875e+06	1.01575e+06	1.012e+06	989250	991000	
1.00425e+06	1.01375e+06	991750	998000	1.00925e+06	
1.01375e+06	1.01125e+06	1.02825e+06	1.017e+06	994750	
984750	975250	993500	1e+06	990500	
984250	981000	972750	966500	980500	
952750	945000	964750	949500	950250	
935750	938750	960750	943750	967250	
959000	950250	966500	931750	935750	
960750	969000	957750	955750	938750	
984750	972750	970250	998750	959000	
977750	961500	997500	989750	970250	
964000	987250	981750	967250	996250	
967250	998000	988500	983500	994250	
985500	983500	989250	990500	972250	
987250	966500	985500	1.0245e+06	994750	
976500	959500	960750	987250	986750	
971000	991000	996250	1.01875e+06	981750	
984750	960250	990500	994250	1e+06	
961500	967750	982250	975250	994750	
1.01625e+06	998750	1.00925e+06	979750	997500	
959500	952000	970250	976000	983500	
969000	979000	981750	986750	974750	
988500	967750	955250	978500	981000	
962000	956500	954500	970250	981000	
969000	983000	994750	966000	966000	
1.00625e+06	962000	960250	974000	986750	
967250	964750	978500	966000	953250	
961500	971500	970250	961500	955250	
968500	955750	952000	1.00175e+06	977750	
947000	954000	976000	974000	943750	
948750	986000	972750	955750	976000	
950750	960750	974000	965250	948750	
955750	943250	961500	954500	969000	
960250	954000	955750	963250	962750	
929250	952000	961500	964750	982250	
949500	965250	943750	945000	962750	
969000	956500	933000	974000	973500	
938750	940000	954500	976000	947000	
954000	924250	942500	971500	938750	
937000	945750	924250	954500	959500	
931750	965250	940750	960250	933750	
931750	944500	945000	955750	931250	
916750	940000	954500	920000	948250	
934500	925500	906000	897750	929250	
906750	903500	913000	918000	930500	
904250	906000	892250	898500	899000	
884000	902750	913500	879500	905500	
914250	920000	891500	917250	925000	
921750	921250	915500	898500	896500	
899000	913000	907250	899750	906000	
906750	897750	940000	906750	918000	
901500	911000	939500	914750	914750	
914250	887000	901500	904750	898500	
901500	899000	911000	910500	902750	
900250	904750	950250	918750	901500	
920500	922500	891000	939500	916000	
928000	923000	921750	914750	913500	
933000	941250	919250	927500	935750	
915500	906750	919250	930000	954000	
936250	894750	911000	910500	894000	
923750	909750	910500	905500	918000	
898500	922500	925500	918750	910500	
926250	919250	918000	913500	896000	
926250	901500	921750	897250	919250	
906750	893500	899000	922500	905500	
899000	911000	894750	903500	908500	
891500	928750	878250	929250	909750	
889000	902750	884500	905500	918000	
886500	899000	916750	908500	895250	
904250	885250	895250	898500	896000	
899000	894000	880750	886500	881500	
866250	889000	905500	891500	882000	
881500	918750	887000	872000	906000	
881500	881500	887750	877750	902250	
901500	873250	889750	884000	879000	
879000	875250	872500	900250	879000	
902750	880250	864500	902750	877000	
895250	868750	891000	894750	884000	
913000	875250	898500	906000	892250	
876500	852500	864500	905500	902750	
884000	867000	888500	912250	884000	
864500	863250	873250	888500	903500	
882000	892750	882750	875750	899000	
879500	859500	882750	875250	869500	
866250	877000	872000	897250	870750	
894000	879500	870000	873250	880250	
873250	862500	839750	865000	858750	
860750	875750	855500	861250	884000	
855500	870750	878250	869500	882000	
853750	872000	874500	860750	843750	
861250	870750	872000	874000	849250	
858750	862000	854250	868250	872500	
863750	845000	862500	834750	850000	
848750	871250	842500	863250	860750	
856250	846750	853000	852500	866250	
868750	863750	856750	852500	867000	
853750	873250	863250	866250	859500	
863750	864500	863250	855500	843000	
834750	862500	863250	843750	856250	
845000	863250	850000	864500	858750	
837250	851250	841750	846750	859500	
862500	846250	848750	851250	845500	
875250	846750	853750	861250	843750	
838000	851750	841000	853750	867500	
856750	861250	830500	834250	865000	
826500	826000	814000	833000	844250	
844250	850000	855000	845000	871250	
851750	840500	853750	821000	834750	
837250	835500	841000	841000	841750	
838000	827250	819750	844250	843000	
845500	824750	841750	847500	828000	
840500	822750	835500	839250	826000	
843000	823500	812250	853750	829250	
825250	839750	817250	819750	840500	
813500	838000	825250	809000	839750	
828500	830500	830500	828000	832250	
826000	826000	812250	819000	809500	
836000	824750	825250	803250	817750	
833500	817750	829250	820250	812250	
813500	808250	813500	821500	828000	
814750	819750	824750	802000	821500	
809500	823500	809000	814000	814000	
819750	821500	817250	804500	809500	
803250	834750	812750	833500	800250	
803250	802000	802000	809000	843750	
811500	816500	821500	814000	812750	
817750	803250	795000	793750	809000	
810250	806500	801500	817750	811500	
802000	800250	797000	819750	799500	
803250	800250	802750	806500	816000	
807750	800250	819000	792500	810750	
789500	798250	810750	795000	782500	
794500	806500	793750	804500	799000	
778750	810750	802750	788750	799000	
773000	794500	808250	834250	804500	
795750	798250	815250	793250	808250	
780000	795750	788250	808250	779250	
775000	790000	788750	795000	812750	
785000	787000	783250	792500	796500	
788250	768750	800750	786250	788750	
775500	780500	774250	785750	780500	
790750	773000	766750	775500	771250	
771750	765500	763500	779250	787000	
769250	772500	765500	764250	767500	
774250	761000	782000	767500	773750	
751750	788250	763500	761750	741500	
759250	779250	780000	770500	781250	
759750	760500	757250	732000	751000	
764750	754250	763000	758500	764250	
744750	759750	772500	754250	773750	
764750	769250	757250	752250	743500	
744750	744750	737750	740250	758500	
758000	746500	740250	747750	756000	
742750	759750	744000	771250	743500	
736500	756750	731500	747250	746000	
736500	737250	744000	734000	776250	
759250	744000	755500	756750	741000	
749000	743500	731500	746500	751000	
751750	740250	722000	730750	744750	
742250	743500	748500	749000	746000	
767500	731500	749750	732000	730750	
722000	728250	727750	738500	737250	
744750	767500	744750	742250	739750	
739750	736500	739000	742250	747750	
756750	751000	751000	742250	734500	
739000	757250	751750	734000	767500	
756750	741000	740250	752250	737750	
737750	760500	765500	753000	753000	
758000	751000	759750	734000	761750	
746000	763500	768750	770500	737750	
761000	746500	766250	770000	740250	
766250	756000	750500	769250	735250	
763000	736500	763000	763000	760500	
755500	771250	763000	763500	749750	
749750	763500	759750	754250	760500	
759750	766250	758500	764250	758000	
768750	753500	769250	744750	763000	
751750	761000	774250	771750	768000	
761750	748500	776750	742250	747750	
742750	727000	750500	736000	747750	
753000	767500	736000	749750	734000	
748500	739750	741000	753000	730250	
713250	739750	751000	758500	730250	
756000	733250	742250	737750	740250	
753000	741500	724000	741000	741500	
710000	727750	751000	732750	746000	
741000	737750	733250	713750	740250	
733250	763000	743500	736000	750500	
728250	719500	734000	735250	735250	
736500	743500	741000	737250	722000	
726500	721500	728250	755500	720750	
732000	717500	743500	724500	732750	
736000	744000	751000	729500	717500	
743500	730250	717000	745250	749000	
730750	734500	733250	730250	735250	
728250	734500	751000	718750	727000	
731500	735250	739750	720250	735250	
729500	749750	736000	724000	732750	
730750	725250	741500	716250	727000	
723250	715000	720750	700000	715000	
713250	730250	744750	723250	737750	
700500	734000	731500	731500	740250	
716250	744000	714500	725750	749000	
729500	731500	724500	722000	717500	
725750	735250	728250	715000	732750	
720750	729000	736500	734500	721500	
715750	730750	729500	728250	703750	
718250	709500	727750	713250	738500	
715000	715750	724000	721500	722750	
705750	731500	734500	732750	711250	
725750	714500	724500	717500	730750	
709500	708250	730250	723250	719500	
739750	734000	720250	703000	725750	
731500	717000	724500	709500	697500	
709500	707000	715000	717500	722000	
696750	721500	731500	700000	717000	
708750	722000	697500	709500	717500	
722750	708250	720250	703000	707000	
709500	740250	732750	707500	721500	
744000	722750	707500	721500	712500	
717500	719500	722000	717500	722750	
724500	725250	718750	715000	732750	
724000	727000	741500	739750	695000	
725250	746500	740250	720250	727000	
739750	736500	726500	708250	746500	
721500	746500	740250	711250	712500	
745250	724000	724500	741500	732750	
729500	730250	733250	724000	712500	
729000	722000	722750	716250	731500	
720250	707000	718250	720750	720750	
723250	719500	677250	708250	729000	
700000	701750	715000	715750	712500	
695000	717500	712000	713250	722750	
712000	727750	718750	717000	724500	
721500	715000	714500	730750	747250	
714500	717500	722750	694250	713250	
722750	701250	715000	710750	717500	
725250	725250	708750	720750	693750	
722750	725250	722000	707500	705000	
704500	721500	715000	705750	730250	
702500	736500	708750	697500	700500	
717500	724500	710000	698000	737750	
705000	703750	707000	700500	707000	
715000	705000	718750	712500	713750	
722750	722000	706250	728250	695000	
707500	695500	712000	700000	714500	
707500	703750	705000	680500	701250	
715000	710750	711250	708250	684750	
712500	717500	707000	713750	696750	
712500	693750	691750	699250	701250	
690000	685500	705000	707500	706250	
679750	695500	686000	709500	708250	
701250	689250	710750	712000	711250	
676000	707500	682250	674250	708750	
690000	671500	701250	700000	690500	
681000	696750	688500	683500	690500	
673500	709500	669000	677250	679250	
666500	679750	674250	686000	675500	
666500	668500	681000	688500	666500	
666000	679750	678000	679750	698000	
679250	662250	669000	674250	678000	
699250	692500	669750	682250	667250	
679750	671000	659750	680500	671500	
672250	674250	659000	655250	662250	
651500	669750	686750	664750	669000	
667250	671000	684750	672250	674250	
642000	652000	650750	659750	649500	
642000	661500	664750	670250	654500	
647000	658500	661000	655250	662250	
649500	666000	657000	657000	662250	
654500	662750	669750	640750	657000	
644500	647000	641250	655750	637000	
662250	667250	645750	670250	655750	
642000	645250	652750	667750	666000	
678500	640000	643250	657000	654500	
653250	662750	652000	651500	652000	
664750	661000	649500	651500	654500	
647000	662250	659000	650250	649000	
654500	666500	659000	664000	645250	
651500	623750	637500	663500	642000	
655250	667750	649500	659750	645750	
647000	656500	645750	644500	666000	
659750	647000	657000	640000	652000	
652000	658500	666000	653250	651500	
643250	650750	655250	665250	648250	
636250	644000	644500	661000	647750	
657000	654500	659000	649500	651500	
649500	647000	652000	647750	662250	
647000	656500	665250	647750	664750	
651500	664000	661500	635000	638750	
654500	667250	661000	657750	651500	
642000	653250	673500	652000	659750	
647000	650750	647000	659000	654500	
667250	643250	655250	686750	657000	
667250	661000	671000	660250	643250	
647000	664750	645250	654000	666000	
668500	660250	642500	681000	642000	
663500	657750	661000	658500	676000	
659750	654000	657750	655750	655750	
673500	652750	647750	670250	656500	
661000	663500	656500	659750	670250	
656500	657750	652750	660250	664750	
670250	665250	661500	655250	665250	
659750	667250	657750	676750	659000	
646500	646500	657750	666500	647000	
645250	651500	653250	650750	655250	
643250	660250	651500	640000	654500	
654000	649000	647000	644000	647750	
652000	663500	630000	663500	649500	
673500	650750	635000	657000	643250	
654000	654500	650250	649000	650250	
659000	651500	649500	640000	632000	
647000	634500	668500	667250	644000	
632000	650250	654000	655250	644500	
659000	645250	651500	655750	654000	
659750	623000	654000	653250	659000	
657000	649500	649500	652750	645750	
652000	655750	652750	639500	648250	
643250	671500	659750	657750	657000	
648250	638750	664750	636250	647000	
652000	681750	669750	657750	637000	
659750	649500	657000	659000	644000	
639500	646500	645250	648250	633750	
651500	666000	654500	633750	645750	
661500	634500	648250	664750	645750	
655750	655750	661000	638750	648250	
664750	645750	637000	650750	672250	
632000	638250	640000	641250	629500	
648250	642500	655750	661000	649000	
642000	662250	632500	657000	640000	
642500	662750	649000	657000	652750	
659750	641250	638250	647750	640750	
667250	644000	635000	647000	639500	
641250	650250	635000	638750	642000	
661000	638250	644000	669750	657750	
661500	647750	645750	643250	647750	
652000	643250	633750	646500	631250	
644500	638250	645250	640750	639500	
664750	640000	661500	649500	661000	
633750	649000	650750	653250	657750	
653250	650250	664000	651500	651500	
658500	649000	649500	650750	635750	
644500	650250	642500	657750	661000	
640750	641250	644500	653250	646500	
635750	657000	630000	637500	649000	
636250	642500	652000	655750	645750	
659000	634500	666000	641250	647750	
645750	635000	656500	635000	642500	
623750	642000	652000	650250	633250	
651500	628250	649000	656500	638250	
649500	646500	647000	650250	660250	
629500	635750	637500	650750	662750	
645250	633750	648250	638750	655250	
640750	635750	657000	649000	657750	
639500	659000	642000	664750	650250	
623000	647000	645750	644000	652750	
635750	635000	642500	645250	649000	
641250	650750	646500	648250	650250	
659000	631250	653250	637000	651500	
645750	642000	638250	648250	647750	
661500	642000	645250	661000	638750	
649000	652750	655250	655250	643250	
645750	641250	658500	645250	661500	
633250	655750	633750	648250	647000	
633750	650750	631250	649000	659000	
642000	643250	654000	642500	642000	
649500	644000	657750	638750	647750	
656500	644500	640000	649000	644500	
625000	649000	635750	657750	638250	
652000	652750	653250	644500	650750	
649500	657750	639500	644000	632000	
639500	650750	640000	644500	649000	
643250	661000	646500	632000	652000	
638750	658500	650250	628750	651500	
653250	632500	642500	649500	661500	
655750	642500	634500	638250	659750	
662250	645250	637500	643250	644500	
641250	638750	629500	639500	664750	
674750	633750	645250	653250	633250	
649000	630000	646500	638250	629500	
647750	649000	657000	641250	653250	
642000	642500	656500	638750	650750	
639500	643250	658500	644500	648250	
647000	650750	649000	632500	657750	
637000	641250	654500	646500	638250	
645250	648250	661000	654500	638750	
649500	628750	648250	640750	642500	
638250	625000	642500	649500	646500	
633250	640000	633250	647750	632500	
647000	663500	645750	644500	633750	
650250	670250	637500	647000	666000	
652000	643250	654000	641250	628750	
641250	640000	645250	654500	629500	
652750	652750	661500	655250	642500	
653250	654000	647750	654500	658500	
651500	651500	637500	642000	649000	
650750	649000	654500	644500	632000	
649500	646500	654000	653250	634500	
651500	626250	632000	647750	631250	
637500	655750	617500	634500	633750	
638250	653250	647750	649500	633250	
644000	652000	638250	659750	667250	
638250	639500	642000	631250	676000	
644500	643250	655750	640000	659750	
654000	641250	660250	658500	645750	
645250	642500	636250	645750	651500	
657000	643250	626250	657000	644500	
645250	642000	649500	649500	652750	
637000	647750	642500	638750	639500	
655750	653250	655250	636250	647750	
638750	654000	642000	645250	653250	
634500	642500	639500	630750	663500	
649000	639500	649500	654500	650250	
640750	654000	662750	633250	635750	
626250	651500	641250	652000	654000	
632000	649500	655750	635000	641250	
653250	645250	653250	628750	642500	
629500	633250	632000	644500	638750	
631250	635750	628750	642500	670250	
648250	649500	635750	650750	633250	
644500	637000	625000	640000	637000	
661500	640000	635000	632000	636250	
645750	635000	630750	643250	628250	
639500	623750	645750	637500	656500	
633750	633250	647750	638750	642500	
643250	637000	631250	642500	635750	
657000	636250	644000	645750	640750	
638750	645250	661500	622500	630000	
647000	642000	652750	635000	642000	
643250	633750	627500	638250	651500	
632500	644500	650750	647750	641250	
638250	639500	625500	651500	635000	
655750	623750	639500	627500	623750	
629500	642000	642500	647750	653250	
642500	648250	652750	641250	639500	
637500	629500	637500	659000	634500	
638750	633250	649000	643250	642500	
646500	644500	633250	637500	645750	
649500	643250	638750	642500	656500	
649000	650250	649000	632000	624250	
644000	653250	657750	632000	640750	
654500	642500	637000	632500	654000	
644500	640750	657750	645250	656500	
639500	638750	658500	635000	625500	
639500	642500	634500	644500	637000	
619250	618750	623750	629500	636250	
652000	644000	626750	644000	643250	
639500	637500	645250	646500	639500	
642000	652000	627500	644000	630000	
647000	636250	630750	658500	632000	
630750	614250	623000	644500	623000	
650750	639500	650750	639500	652750	
638250	650250	657750	639500	648250	
653250	642000	651500	628250	637500	
637000	626750	647750	641250	639500	
650250	634500	638750	637000	645250	
656500	645750	636250	649500	632500	
644000	659000	640000	655750	623750	
626250	623000	630750	638750	636250	
630750	648250	628750	618000	645750	
632500	648250	635750	640750	649000	
649500	641250	634500	645750	647750	
647000	645750	646500	655250	644500	
634500	659000	628750	639500	649500	
644000	636250	633250	637500	641250	
641250	632500	638750	630000	647000	
644500	634500	637000	645250	633750	
624250	615000	650750	637500	632000	
626750	629500	628250	630750	654500	
624250	629500	645250	638750	632000	
644500	638750	635750	631250	630750	
652000	639500	638250	642500	620500	
645750	640000	646500	649000	638250	
640750	629500	641250	641250	649500	
653250	645750	621250	620500	640750	
639500	644500	625000	628250	651500	
643250	639500	631250	626250	637500	
636250	655250	643250	637000	644000	
625000	653250	647000	645750	639500	
656500	654000	632000	630000	626250	
655750	625500	647750	646500	633250	
647750	642000	629500	635750	661500	
648250	637500	633750	614250	639500	
641250	632500	630750	637500	638250	
643250	624250	634500	631250	630750	
635000	642500	635000	648250	623750	
649000	634500	640750	638750	643250	
638750	628750	634500	621750	634500	
637000	628750	633750	625000	644000	
646500	628250	624250	634500	649000	
638750	632500	635000	616250	647000	
629500	619250	635000	643250	636250	
642000	635750	634500	623000	638250	
637000	621750	634500	641250	618000	
635750	642500	623000	642000	650750	
638250	646500	627500	621750	645750	
630750	645750	632500	638750	659750	
628250	635000	638250	635000	640000	
614250	637000	644500	649500	647750	
622500	649000	647750	633250	640000	
650250	633250	642500	632000	636250	
635000	644000	636250	640750	643250	
622500	644000	616250	636250	635000	
632000	630750	637000	629500	626250	
635000	623000	646500	640000	641250	
622500	636250	628750	633250	626750	
638750	657000	637000	630000	660250	
633750	639500	645750	628250	646500	
642000	640000	626750	630750	624250	
630000	636250	624250	636250	635750	
650250	618000	628250	651500	632000	
616750	635750	638250	644000	637500	
639500	635750	637500	638750	624250	
634500	621250	628250	633750	637000	
638750	634500	652000	638250	647750	
618750	604750	637500	634500	650750	
640750	635000	621250	643250	637500	
630750	625000	632500	640750	626750	
635750	630750	630000	626750	633250	
652000	634500	632000	637500	636250	
628250	656500	630000	637000	628750	
623750	635000	632000	630000	617500	
633750	636250	621250	632500	640750	
635000	633750	644000	633250	644000	
642000	637000	625500	612500	624250	
652750	624250	632500	624250	637000	
634500	635000	637000	633750	632500	
639500	634500	642000	642500	637500	
631250	618000	626750	642500	625500	
610500	648250	640000	644000	634500	
640000	625500	644000	616750	639500	
610500	638750	614250	643250	628750	
628250	640750	644500	612500	641250	
649500	628750	628250	635000	645250	
655250	640000	632500	647000	653250	
615000	622500	624250	616750	637000	
623750	635750	613000	625000	626750	
628750	638750	637000	649000	623000	
648250	615500	640000	625000	645250	
625000	635000	642500	632000	647750	
640000	626250	626750	642000	624250	
618000	617500	646500	626250	633250	
644500	630750	629500	613000	646500	
637500	631250	637500	632500	633750	
644000	646500	631250	626750	620000	
638750	624250	655750	633250	626750	
623750	630000	643250	621750	637500	
638250	654000	643250	632500	640750	
635000	650750	633750	637500	633250	
629500	644500	633250	621750	632500	
653250	635750	637500	647750	643250	
638250	631250	622500	662250	637500	
632500	623000	631250	637500	632500	
635000	622500	621750	636250	632500	
629500	634500	635000	625500	616250	
627500	625000	625000	632500	640000	
603500	628250	617500	628250	620000	
628750	636250	639500	630000	644000	
628750	636250	639500	630000	644000	
628750	636250	639500	630000	644000	
