4250	4250	4250	4250	4250	
7.13825e+06	7.13825e+06	7.13825e+06	7.13825e+06	7.13825e+06	
535500	523000	526750	526750	535500	
507250	510250	512750	514000	528500	
513500	511500	514750	528000	498250	
514750	534750	502750	490250	511000	
525500	506500	506500	503250	502750	
502750	509750	498250	512250	515250	
494000	507250	511000	501500	507250	
502000	519000	502750	512250	499500	
531750	523000	509750	511000	522250	
538750	511500	504000	522250	521000	
522250	515250	531000	516500	527250	
554500	529250	522250	536750	525500	
541750	520250	533500	524250	523000	
529250	527250	559500	542500	559500	
529750	545500	552000	538000	550000	
558250	537500	552500	557000	541750	
549250	554500	559500	558250	556250	
552000	552500	563750	564500	556250	
577000	588500	568250	560750	559500	
554500	556250	574500	584000	563250	
574000	570750	568250	568250	573250	
645250	646500	636250	635750	653250	
819000	814000	816000	819000	812250	
804000	813500	822250	828500	830500	
831750	851250	838000	843750	827250	
856250	845000	823500	848750	832250	
851750	842500	819750	859500	835500	
850500	840500	852500	821500	848000	
858250	818500	838000	839750	865000	
874500	896500	867500	852500	864500	
897750	869500	890250	885250	872000	
920000	921250	892250	898500	915500	
919250	910500	923750	921250	924250	
904250	887750	871250	917250	869500	
902250	895250	909750	901000	911000	
911000	912250	917250	916000	908500	
918750	900250	896000	915500	894750	
918000	897250	902750	904250	895250	
924250	928750	916750	917250	955250	
956500	965250	930000	948250	930500	
976000	967750	972750	945750	954500	
979750	940000	959500	976500	951500	
995500	962750	971500	978500	969000	
987250	949500	979750	967750	964000	
969750	970250	945000	960250	965250	
957750	969000	965250	956500	947000	
967250	948750	967250	938250	944500	
962750	921250	952000	952750	957000	
934500	935750	921750	952750	926750	
945750	921250	942500	947500	925000	
926250	923000	923750	935750	924250	
916750	925500	911750	906000	877750	
887000	877750	886500	885750	897750	
935750	901000	910500	907250	889000	
952750	948250	957750	927500	950250	
996250	996750	1.02125e+06	1.00175e+06	1.0225e+06	
1.03525e+06	1.008e+06	1.005e+06	1.015e+06	1.02575e+06	
1.032e+06	1.0145e+06	1.01125e+06	1.0025e+06	1.032e+06	
996750	1.015e+06	979000	981750	994750	
964000	969000	964000	946250	955250	
996750	960750	967750	971000	996250	
987250	971500	986000	1.0025e+06	996750	
1.0125e+06	1.0025e+06	1.017e+06	1.02375e+06	1.02375e+06	
1.0225e+06	1.034e+06	1.0175e+06	1.02375e+06	1.0365e+06	
1.07925e+06	1.04525e+06	1.06425e+06	1.05275e+06	1.0585e+06	
1.0415e+06	1.07875e+06	1.056e+06	1.04475e+06	1.05475e+06	
1.0805e+06	1.03775e+06	1.0535e+06	1.049e+06	1.07175e+06	
1.078e+06	1.0995e+06	1.0895e+06	1.03825e+06	1.06225e+06	
1.09325e+06	1.075e+06	1.078e+06	1.085e+06	1.05475e+06	
1.0635e+06	1.06675e+06	1.056e+06	1.05025e+06	1.071e+06	
1.104e+06	1.09125e+06	1.09625e+06	1.07675e+06	1.0855e+06	
1.12475e+06	1.14875e+06	1.1645e+06	1.148e+06	1.1315e+06	
1.19025e+06	1.1695e+06	1.18825e+06	1.153e+06	1.1815e+06	
1.189e+06	1.17375e+06	1.199e+06	1.1675e+06	1.1725e+06	
1.196e+06	1.1795e+06	1.19725e+06	1.1775e+06	1.17825e+06	
1.21475e+06	1.1895e+06	1.192e+06	1.17575e+06	1.2065e+06	
1.182e+06	1.17125e+06	1.1695e+06	1.18025e+06	1.17075e+06	
1.2085e+06	1.1745e+06	1.1675e+06	1.1815e+06	1.165e+06	
1.14475e+06	1.175e+06	1.1625e+06	1.1315e+06	1.15675e+06	
1.17e+06	1.15175e+06	1.16575e+06	1.192e+06	1.155e+06	
1.1845e+06	1.19075e+06	1.177e+06	1.1965e+06	1.199e+06	
1.2235e+06	1.213e+06	1.1985e+06	1.2235e+06	1.252e+06	
1.2495e+06	1.27025e+06	1.2615e+06	1.276e+06	1.2425e+06	
1.2615e+06	1.259e+06	1.245e+06	1.2565e+06	1.24875e+06	
1.25375e+06	1.25125e+06	1.21925e+06	1.21725e+06	1.22875e+06	
1.2135e+06	1.2015e+06	1.20225e+06	1.21175e+06	1.2015e+06	
1.233e+06	1.23125e+06	1.22675e+06	1.21675e+06	1.213e+06	
1.24575e+06	1.2375e+06	1.25325e+06	1.27275e+06	1.235e+06	
1.194e+06	1.18775e+06	1.2325e+06	1.21175e+06	1.22675e+06	
1.18275e+06	1.19525e+06	1.17875e+06	1.15675e+06	1.165e+06	
1.16e+06	1.165e+06	1.15925e+06	1.15875e+06	1.17125e+06	
1.15425e+06	1.18775e+06	1.189e+06	1.1775e+06	1.143e+06	
1.13425e+06	1.11275e+06	1.1455e+06	1.10525e+06	1.10775e+06	
1.13725e+06	1.0825e+06	1.1065e+06	1.10825e+06	1.0995e+06	
1.13025e+06	1.10775e+06	1.0895e+06	1.11025e+06	1.10125e+06	
1.124e+06	1.1265e+06	1.114e+06	1.126e+06	1.112e+06	
1.114e+06	1.10125e+06	1.11075e+06	1.109e+06	1.0995e+06	
1.2085e+06	1.1815e+06	1.16e+06	1.17125e+06	1.17375e+06	
1.24e+06	1.252e+06	1.2425e+06	1.21175e+06	1.2475e+06	
1.257e+06	1.22425e+06	1.2565e+06	1.2305e+06	1.26525e+06	
1.25375e+06	1.259e+06	1.24875e+06	1.25825e+06	1.26525e+06	
1.317e+06	1.26275e+06	1.271e+06	1.25375e+06	1.28525e+06	
1.30875e+06	1.291e+06	1.28675e+06	1.27975e+06	1.31875e+06	
1.356e+06	1.35275e+06	1.34575e+06	1.36425e+06	1.3635e+06	
1.43225e+06	1.368e+06	1.4335e+06	1.41775e+06	1.4075e+06	
1.38675e+06	1.42075e+06	1.41325e+06	1.41275e+06	1.42525e+06	
1.3905e+06	1.39625e+06	1.4e+06	1.37175e+06	1.37225e+06	
1.36225e+06	1.38125e+06	1.349e+06	1.334e+06	1.33325e+06	
1.27775e+06	1.28725e+06	1.2955e+06	1.29425e+06	1.2905e+06	
1.298e+06	1.31875e+06	1.31875e+06	1.3075e+06	1.31875e+06	
1.3445e+06	1.37175e+06	1.32e+06	1.34775e+06	1.33525e+06	
1.3855e+06	1.38625e+06	1.3905e+06	1.3685e+06	1.3905e+06	
1.4435e+06	1.43775e+06	1.42525e+06	1.4315e+06	1.40625e+06	
1.3635e+06	1.35775e+06	1.371e+06	1.38675e+06	1.3875e+06	
1.3245e+06	1.33075e+06	1.28925e+06	1.32875e+06	1.28025e+06	
1.2595e+06	1.2475e+06	1.2545e+06	1.27725e+06	1.25575e+06	
1.18775e+06	1.19725e+06	1.20025e+06	1.20725e+06	1.20775e+06	
1.17875e+06	1.17e+06	1.1725e+06	1.17075e+06	1.1695e+06	
1.16575e+06	1.12975e+06	1.1645e+06	1.13925e+06	1.1185e+06	
1.15375e+06	1.16825e+06	1.1285e+06	1.17575e+06	1.15175e+06	
1.23675e+06	1.177e+06	1.184e+06	1.199e+06	1.2135e+06	
1.26775e+06	1.293e+06	1.2565e+06	1.259e+06	1.259e+06	
1.41325e+06	1.36975e+06	1.39875e+06	1.37175e+06	1.3485e+06	
1.4145e+06	1.4165e+06	1.41775e+06	1.3825e+06	1.39825e+06	
1.42975e+06	1.42475e+06	1.40075e+06	1.42975e+06	1.43025e+06	
1.38425e+06	1.39e+06	1.43475e+06	1.3855e+06	1.3655e+06	
1.409e+06	1.39625e+06	1.417e+06	1.41075e+06	1.3945e+06	
1.4865e+06	1.43225e+06	1.448e+06	1.41275e+06	1.46425e+06	
1.46675e+06	1.46925e+06	1.51025e+06	1.446e+06	1.4625e+06	
1.46425e+06	1.46425e+06	1.465e+06	1.44925e+06	1.43725e+06	
1.43275e+06	1.45875e+06	1.44175e+06	1.4435e+06	1.44475e+06	
1.487e+06	1.49075e+06	1.44175e+06	1.4675e+06	1.472e+06	
1.47125e+06	1.4555e+06	1.43475e+06	1.4625e+06	1.44425e+06	
1.487e+06	1.482e+06	1.487e+06	1.50775e+06	1.52225e+06	
1.58525e+06	1.5475e+06	1.54e+06	1.58525e+06	1.5715e+06	
1.649e+06	1.649e+06	1.63075e+06	1.63625e+06	1.647e+06	
1.773e+06	1.746e+06	1.71775e+06	1.7075e+06	1.7265e+06	
1.71325e+06	1.75475e+06	1.763e+06	1.782e+06	1.7505e+06	
1.8335e+06	1.74925e+06	1.7705e+06	1.79575e+06	1.75675e+06	
1.874e+06	1.8235e+06	1.7945e+06	1.83225e+06	1.8015e+06	
1.879e+06	1.85375e+06	1.8525e+06	1.89775e+06	1.85825e+06	
1.828e+06	1.828e+06	1.86575e+06	1.8455e+06	1.831e+06	
1.78375e+06	1.72025e+06	1.74725e+06	1.7555e+06	1.74225e+06	
1.601e+06	1.6445e+06	1.61625e+06	1.606e+06	1.60675e+06	
1.436e+06	1.48375e+06	1.4365e+06	1.45925e+06	1.40575e+06	
1.276e+06	1.27225e+06	1.2715e+06	1.2665e+06	1.29175e+06	
1.22875e+06	1.23625e+06	1.206e+06	1.26775e+06	1.2695e+06	
1.37675e+06	1.3705e+06	1.37475e+06	1.359e+06	1.34325e+06	
1.55625e+06	1.58975e+06	1.5475e+06	1.589e+06	1.61375e+06	
1.80525e+06	1.7535e+06	1.7605e+06	1.739e+06	1.73975e+06	
1.90675e+06	1.891e+06	1.877e+06	1.89725e+06	1.896e+06	
1.9805e+06	1.96525e+06	1.978e+06	1.9685e+06	1.96025e+06	
1.879e+06	1.8885e+06	1.906e+06	1.8865e+06	1.8765e+06	
1.756e+06	1.73975e+06	1.73775e+06	1.74225e+06	1.72025e+06	
1.56e+06	1.50775e+06	1.53425e+06	1.526e+06	1.521e+06	
1.412e+06	1.419e+06	1.393e+06	1.37925e+06	1.3825e+06	
1.53675e+06	1.543e+06	1.499e+06	1.55375e+06	1.51275e+06	
1.838e+06	1.7895e+06	1.811e+06	1.77625e+06	1.81775e+06	
2.0875e+06	2.0895e+06	2.0875e+06	2.039e+06	2.09625e+06	
2.26575e+06	2.27225e+06	2.24625e+06	2.26525e+06	2.298e+06	
2.3895e+06	2.41575e+06	2.36475e+06	2.3995e+06	2.4e+06	
2.52475e+06	2.53425e+06	2.501e+06	2.496e+06	2.49775e+06	
2.5445e+06	2.50525e+06	2.5235e+06	2.52225e+06	2.51025e+06	
2.5735e+06	2.572e+06	2.5405e+06	2.5205e+06	2.53625e+06	
2.60225e+06	2.58525e+06	2.59225e+06	2.53875e+06	2.59425e+06	
2.601e+06	2.57775e+06	2.59475e+06	2.59225e+06	2.62875e+06	
2.6875e+06	2.66725e+06	2.6655e+06	2.6125e+06	2.6075e+06	
2.85375e+06	2.76375e+06	2.72725e+06	2.729e+06	2.72975e+06	
2.785e+06	2.7795e+06	2.74975e+06	2.7535e+06	2.77875e+06	
2.78825e+06	2.7995e+06	2.83375e+06	2.7485e+06	2.79775e+06	
2.896e+06	2.835e+06	2.85375e+06	2.835e+06	2.838e+06	
2.80525e+06	2.862e+06	2.82725e+06	2.855e+06	2.79575e+06	
2.80275e+06	2.78825e+06	2.789e+06	2.7555e+06	2.7285e+06	
2.8165e+06	2.82475e+06	2.7825e+06	2.768e+06	2.806e+06	
2.87575e+06	2.8285e+06	2.80525e+06	2.811e+06	2.833e+06	
2.82675e+06	2.82725e+06	2.77875e+06	2.78575e+06	2.80525e+06	
2.8205e+06	2.79825e+06	2.7845e+06	2.763e+06	2.814e+06	
2.85075e+06	2.84675e+06	2.79825e+06	2.8255e+06	2.7795e+06	
2.8475e+06	2.8425e+06	2.8645e+06	2.8305e+06	2.833e+06	
2.8165e+06	2.82425e+06	2.82675e+06	2.82675e+06	2.77e+06	
2.81475e+06	2.86775e+06	2.8235e+06	2.789e+06	2.8065e+06	
2.81525e+06	2.8255e+06	2.78825e+06	2.76625e+06	2.8235e+06	
2.82675e+06	2.85625e+06	2.843e+06	2.86075e+06	2.82975e+06	
2.8815e+06	2.89425e+06	2.93825e+06	2.925e+06	2.906e+06	
2.92425e+06	2.91925e+06	2.966e+06	2.9155e+06	2.9085e+06	
3.00375e+06	3.0415e+06	3.01325e+06	2.99125e+06	2.99125e+06	
3.109e+06	3.104e+06	3.027e+06	3.0895e+06	3.06875e+06	
3.20425e+06	3.211e+06	3.1985e+06	3.22e+06	3.18775e+06	
3.288e+06	3.17325e+06	3.1965e+06	3.184e+06	3.21625e+06	
3.1305e+06	3.12925e+06	3.09825e+06	3.1185e+06	3.12925e+06	
3.00375e+06	2.94825e+06	2.9495e+06	2.94575e+06	2.91175e+06	
3.01375e+06	2.90925e+06	2.944e+06	2.898e+06	2.869e+06	
3.00825e+06	3.07625e+06	3.036e+06	3.00125e+06	3.00125e+06	
3.228e+06	3.19725e+06	3.16325e+06	3.19475e+06	3.143e+06	
3.32825e+06	3.2925e+06	3.3145e+06	3.30175e+06	3.33025e+06	
3.38575e+06	3.344e+06	3.3485e+06	3.2975e+06	3.32325e+06	
3.4675e+06	3.4405e+06	3.4405e+06	3.421e+06	3.4065e+06	
3.378e+06	3.383e+06	3.43225e+06	3.38175e+06	3.39575e+06	
3.40075e+06	3.368e+06	3.327e+06	3.3315e+06	3.395e+06	
3.266e+06	3.317e+06	3.2905e+06	3.2955e+06	3.27675e+06	
3.424e+06	3.4045e+06	3.412e+06	3.39625e+06	3.41475e+06	
3.46375e+06	3.433e+06	3.43425e+06	3.48325e+06	3.44875e+06	
3.46825e+06	3.4165e+06	3.4475e+06	3.40575e+06	3.37625e+06	
3.47325e+06	3.46075e+06	3.4555e+06	3.4235e+06	3.424e+06	
3.4045e+06	3.458e+06	3.4965e+06	3.41075e+06	3.395e+06	
3.52425e+06	3.52175e+06	3.484e+06	3.46e+06	3.47375e+06	
3.55e+06	3.477e+06	3.53175e+06	3.54e+06	3.477e+06	
3.62825e+06	3.64275e+06	3.6225e+06	3.66475e+06	3.62625e+06	
3.7455e+06	3.6145e+06	3.65225e+06	3.6685e+06	3.673e+06	
3.596e+06	3.56275e+06	3.53125e+06	3.51975e+06	3.5765e+06	
3.5375e+06	3.511e+06	3.48825e+06	3.51175e+06	3.47575e+06	
3.50925e+06	3.44475e+06	3.49225e+06	3.4865e+06	3.44475e+06	
3.484e+06	3.5035e+06	3.51225e+06	3.49725e+06	3.50925e+06	
3.50975e+06	3.50225e+06	3.5425e+06	3.4965e+06	3.429e+06	
3.57225e+06	3.5885e+06	3.61175e+06	3.557e+06	3.57275e+06	
3.67425e+06	3.6055e+06	3.6105e+06	3.57275e+06	3.6105e+06	
3.6585e+06	3.56325e+06	3.59875e+06	3.5665e+06	3.576e+06	
3.64975e+06	3.535e+06	3.581e+06	3.6175e+06	3.53e+06	
3.74975e+06	3.63775e+06	3.644e+06	3.66475e+06	3.65525e+06	
3.811e+06	3.80775e+06	3.77075e+06	3.7455e+06	3.74475e+06	
3.9035e+06	3.89975e+06	3.794e+06	3.8645e+06	3.83675e+06	
3.939e+06	3.959e+06	3.8645e+06	3.8865e+06	3.915e+06	
3.8715e+06	3.8695e+06	3.92625e+06	3.87025e+06	3.94775e+06	
3.823e+06	3.75675e+06	3.76875e+06	3.758e+06	3.729e+06	
3.72775e+06	3.7285e+06	3.69625e+06	3.6775e+06	3.70325e+06	
3.6655e+06	3.6245e+06	3.71275e+06	3.66225e+06	3.64075e+06	
3.673e+06	3.61625e+06	3.642e+06	3.671e+06	3.63825e+06	
3.792e+06	3.77575e+06	3.746e+06	3.7435e+06	3.743e+06	
3.88725e+06	3.867e+06	3.81725e+06	3.83125e+06	3.87325e+06	
3.92575e+06	3.893e+06	3.896e+06	3.88525e+06	3.937e+06	
3.93825e+06	3.918e+06	3.8955e+06	3.9105e+06	3.9365e+06	
3.98125e+06	3.886e+06	3.8955e+06	3.79525e+06	3.8065e+06	
3.90625e+06	3.87525e+06	3.8575e+06	3.81225e+06	3.864e+06	
3.8425e+06	3.91675e+06	3.89725e+06	3.8765e+06	3.89225e+06	
4.07375e+06	3.9755e+06	4.07125e+06	4.012e+06	4.01125e+06	
3.93375e+06	3.94775e+06	3.95025e+06	3.944e+06	3.8645e+06	
3.9415e+06	3.9615e+06	3.96275e+06	3.91125e+06	4.00375e+06	
3.857e+06	3.82425e+06	3.72225e+06	3.78525e+06	3.743e+06	
3.90875e+06	3.87775e+06	3.87775e+06	3.86025e+06	3.8575e+06	
3.87275e+06	3.918e+06	3.8865e+06	3.87075e+06	3.876e+06	
3.96925e+06	3.95475e+06	3.94075e+06	3.9905e+06	3.9445e+06	
3.983e+06	3.92375e+06	3.90425e+06	3.90875e+06	3.8985e+06	
3.84625e+06	3.859e+06	3.81925e+06	3.77e+06	3.738e+06	
3.6515e+06	3.6655e+06	3.6805e+06	3.6415e+06	3.6315e+06	
3.49275e+06	3.44625e+06	3.458e+06	3.4235e+06	3.46125e+06	
3.266e+06	3.249e+06	3.2105e+06	3.1845e+06	3.21875e+06	
3.128e+06	3.16625e+06	3.10025e+06	3.044e+06	3.12975e+06	
3.27525e+06	3.14925e+06	3.201e+06	3.21675e+06	3.206e+06	
3.65275e+06	3.67625e+06	3.656e+06	3.64025e+06	3.66425e+06	
4.06875e+06	4.05925e+06	4.0025e+06	4.05925e+06	4.00875e+06	
4.35225e+06	4.31375e+06	4.26275e+06	4.27675e+06	4.271e+06	
4.27225e+06	4.24825e+06	4.21675e+06	4.21875e+06	4.23e+06	
4.29175e+06	4.26275e+06	4.189e+06	4.2295e+06	4.21425e+06	
4.38075e+06	4.38875e+06	4.35725e+06	4.27225e+06	4.2805e+06	
4.3945e+06	4.33725e+06	4.31625e+06	4.327e+06	4.332e+06	
4.148e+06	4.08375e+06	4.13625e+06	4.1015e+06	4.08375e+06	
4.14875e+06	4.07375e+06	4.09325e+06	4.04225e+06	4.07325e+06	
4.28925e+06	4.3075e+06	4.2445e+06	4.24575e+06	4.2635e+06	
4.455e+06	4.45125e+06	4.385e+06	4.40075e+06	4.4335e+06	
4.554e+06	4.496e+06	4.4845e+06	4.46575e+06	4.5275e+06	
4.66475e+06	4.6125e+06	4.562e+06	4.59375e+06	4.6125e+06	
4.91875e+06	4.7475e+06	4.85325e+06	4.76325e+06	4.79525e+06	
4.87775e+06	4.818e+06	4.823e+06	4.7845e+06	4.70275e+06	
4.87775e+06	4.8205e+06	4.8475e+06	4.84075e+06	4.8785e+06	
4.792e+06	4.782e+06	4.73475e+06	4.796e+06	4.82425e+06	
4.8035e+06	4.639e+06	4.6605e+06	4.67875e+06	4.63275e+06	
4.54775e+06	4.545e+06	4.564e+06	4.5375e+06	4.5225e+06	
4.44875e+06	4.4885e+06	4.4065e+06	4.4675e+06	4.36225e+06	
4.368e+06	4.37e+06	4.286e+06	4.34475e+06	4.3195e+06	
4.5885e+06	4.5975e+06	4.53375e+06	4.45825e+06	4.503e+06	
4.73675e+06	4.75175e+06	4.7475e+06	4.6705e+06	4.726e+06	
4.7725e+06	4.77625e+06	4.76825e+06	4.72975e+06	4.813e+06	
4.755e+06	4.7355e+06	4.78275e+06	4.74675e+06	4.7165e+06	
4.78275e+06	4.753e+06	4.73425e+06	4.7165e+06	4.709e+06	
4.87525e+06	4.9e+06	4.83625e+06	4.91575e+06	4.835e+06	
5.089e+06	5.0235e+06	4.98125e+06	5.0435e+06	4.9755e+06	
5.218e+06	5.239e+06	5.2205e+06	5.2345e+06	5.2685e+06	
5.26475e+06	5.2295e+06	5.174e+06	5.201e+06	5.1985e+06	
5.474e+06	5.421e+06	5.32325e+06	5.31075e+06	5.3725e+06	
5.46075e+06	5.394e+06	5.42975e+06	5.3775e+06	5.33975e+06	
5.4455e+06	5.3675e+06	5.3535e+06	5.32975e+06	5.36e+06	
5.26525e+06	5.3415e+06	5.28675e+06	5.222e+06	5.327e+06	
5.34025e+06	5.39075e+06	5.353e+06	5.3e+06	5.35175e+06	
5.358e+06	5.4045e+06	5.37e+06	5.3335e+06	5.334e+06	
5.48525e+06	5.46825e+06	5.48475e+06	5.41225e+06	5.3995e+06	
5.49525e+06	5.47025e+06	5.448e+06	5.426e+06	5.49525e+06	
5.404e+06	5.414e+06	5.4665e+06	5.39075e+06	5.41725e+06	
5.29375e+06	5.2295e+06	5.24325e+06	5.20425e+06	5.283e+06	
5.184e+06	5.1595e+06	5.10225e+06	5.1495e+06	5.05875e+06	
5.34975e+06	5.266e+06	5.20475e+06	5.29175e+06	5.25275e+06	
5.452e+06	5.375e+06	5.445e+06	5.35925e+06	5.43675e+06	
5.525e+06	5.41525e+06	5.45375e+06	5.48275e+06	5.4645e+06	
5.7405e+06	5.72225e+06	5.62825e+06	5.6845e+06	5.69375e+06	
5.83825e+06	5.81725e+06	5.70775e+06	5.69775e+06	5.68e+06	
5.721e+06	5.767e+06	5.69775e+06	5.649e+06	5.6385e+06	
5.7795e+06	5.765e+06	5.74675e+06	5.69775e+06	5.7455e+06	
5.74925e+06	5.75875e+06	5.69825e+06	5.73925e+06	5.6585e+06	
5.833e+06	5.73925e+06	5.72925e+06	5.7455e+06	5.71275e+06	
5.93575e+06	5.879e+06	5.9e+06	5.8155e+06	5.799e+06	
5.91125e+06	5.87525e+06	5.86475e+06	5.8225e+06	5.7795e+06	
6.11225e+06	6.0165e+06	5.937e+06	6.01325e+06	5.97675e+06	
6.1425e+06	6.1105e+06	6.2275e+06	6.19175e+06	6.24075e+06	
6.13875e+06	6.09325e+06	6.11475e+06	6.05875e+06	6.084e+06	
6.014e+06	5.9995e+06	5.954e+06	6.0115e+06	6.0435e+06	
6.033e+06	5.961e+06	5.9995e+06	6.053e+06	6.019e+06	
5.98e+06	5.86775e+06	5.8685e+06	5.84575e+06	5.87775e+06	
5.77075e+06	5.69375e+06	5.71225e+06	5.7525e+06	5.7065e+06	
5.644e+06	5.5785e+06	5.622e+06	5.58225e+06	5.58225e+06	
5.74925e+06	5.68e+06	5.738e+06	5.61075e+06	5.557e+06	
5.76125e+06	5.8035e+06	5.728e+06	5.649e+06	5.71275e+06	
5.95675e+06	5.8565e+06	5.9005e+06	5.83e+06	5.8515e+06	
5.89625e+06	5.89675e+06	5.86025e+06	5.82875e+06	5.83625e+06	
5.89925e+06	5.8565e+06	5.862e+06	5.86075e+06	5.81425e+06	
5.9435e+06	5.83575e+06	5.8255e+06	5.82625e+06	5.799e+06	
6.031e+06	5.95525e+06	5.9175e+06	5.971e+06	5.9605e+06	
6.00275e+06	5.97425e+06	5.9585e+06	5.956e+06	5.944e+06	
6.15e+06	6.196e+06	6.12625e+06	5.99825e+06	6.0335e+06	
6.09275e+06	6.17725e+06	6.0335e+06	6.05175e+06	6.065e+06	
6.19675e+06	6.10975e+06	6.08075e+06	6.08775e+06	6.065e+06	
6.317e+06	6.24275e+06	6.2515e+06	6.18275e+06	6.21125e+06	
6.24775e+06	6.2485e+06	6.16525e+06	6.13e+06	6.1565e+06	
6.1185e+06	6.125e+06	6.152e+06	6.06875e+06	6.0815e+06	
6.13875e+06	6.05125e+06	6.1355e+06	6.13125e+06	6.072e+06	
6.13175e+06	6.0795e+06	6.11425e+06	6.0115e+06	6.04425e+06	
6.22075e+06	6.16825e+06	6.11975e+06	6.092e+06	6.11475e+06	
6.18475e+06	6.14875e+06	6.10975e+06	6.0645e+06	6.0625e+06	
6.1735e+06	6.106e+06	6.08775e+06	6.142e+06	6.0865e+06	
6.2655e+06	6.181e+06	6.20675e+06	6.1785e+06	6.16275e+06	
6.15325e+06	6.184e+06	6.1545e+06	6.174e+06	6.14e+06	
6.4425e+06	6.401e+06	6.42475e+06	6.39825e+06	6.35675e+06	
6.3725e+06	6.365e+06	6.382e+06	6.3075e+06	6.35425e+06	
6.38825e+06	6.40025e+06	6.34925e+06	6.3285e+06	6.322e+06	
6.48225e+06	6.576e+06	6.51125e+06	6.46775e+06	6.45375e+06	
6.50925e+06	6.452e+06	6.40525e+06	6.45575e+06	6.368e+06	
6.51425e+06	6.5275e+06	6.49925e+06	6.3915e+06	6.3655e+06	
6.55975e+06	6.5155e+06	6.51925e+06	6.549e+06	6.5395e+06	
6.5515e+06	6.532e+06	6.4375e+06	6.4785e+06	6.38825e+06	
6.43925e+06	6.4955e+06	6.372e+06	6.37075e+06	6.38525e+06	
6.3965e+06	6.37875e+06	6.397e+06	6.37575e+06	6.404e+06	
6.481e+06	6.35625e+06	6.331e+06	6.4115e+06	6.3775e+06	
6.331e+06	6.26475e+06	6.33475e+06	6.20925e+06	6.2705e+06	
6.46125e+06	6.438e+06	6.41725e+06	6.36675e+06	6.4305e+06	
6.52625e+06	6.4325e+06	6.42975e+06	6.42175e+06	6.392e+06	
6.578e+06	6.704e+06	6.5975e+06	6.58675e+06	6.602e+06	
6.5105e+06	6.42425e+06	6.48475e+06	6.375e+06	6.4285e+06	
6.48975e+06	6.336e+06	6.392e+06	6.42425e+06	6.39025e+06	
6.51875e+06	6.56475e+06	6.54325e+06	6.47525e+06	6.3795e+06	
6.658e+06	6.6075e+06	6.537e+06	6.47075e+06	6.57475e+06	
6.6775e+06	6.627e+06	6.64475e+06	6.5585e+06	6.581e+06	
6.6845e+06	6.54275e+06	6.602e+06	6.68325e+06	6.5705e+06	
6.927e+06	6.8175e+06	6.828e+06	6.7985e+06	6.75625e+06	
6.8925e+06	6.81225e+06	6.80925e+06	6.7865e+06	6.808e+06	
6.8615e+06	6.98625e+06	6.81875e+06	6.79025e+06	6.78725e+06	
6.876e+06	6.83575e+06	6.85325e+06	6.842e+06	6.7235e+06	
6.84325e+06	6.82625e+06	6.789e+06	6.811e+06	6.811e+06	
6.61125e+06	6.6875e+06	6.658e+06	6.64925e+06	6.733e+06	
6.86275e+06	6.8035e+06	6.81875e+06	6.7545e+06	6.75e+06	
6.98575e+06	6.85025e+06	6.89875e+06	6.94775e+06	6.84e+06	
7.09025e+06	7.05125e+06	7.10675e+06	7.0645e+06	7.04925e+06	
7.35375e+06	7.38775e+06	7.29e+06	7.29575e+06	7.307e+06	
7.399e+06	7.36e+06	7.363e+06	7.28425e+06	7.29325e+06	
7.34925e+06	7.29325e+06	7.2945e+06	7.20175e+06	7.22375e+06	
7.29625e+06	7.2395e+06	7.215e+06	7.271e+06	7.24725e+06	
7.42425e+06	7.396e+06	7.40725e+06	7.3355e+06	7.36575e+06	
7.41725e+06	7.3775e+06	7.32975e+06	7.41475e+06	7.49225e+06	
7.561e+06	7.59575e+06	7.44825e+06	7.40025e+06	7.4815e+06	
7.86975e+06	7.68075e+06	7.75575e+06	7.66625e+06	7.64225e+06	
7.74375e+06	7.781e+06	7.71975e+06	7.71225e+06	7.65875e+06	
7.7865e+06	7.6965e+06	7.68575e+06	7.74175e+06	7.61075e+06	
7.764e+06	7.6915e+06	7.73925e+06	7.624e+06	7.72725e+06	
7.81175e+06	7.81175e+06	7.73425e+06	7.75325e+06	7.6535e+06	
7.93075e+06	7.80475e+06	7.699e+06	7.7815e+06	7.76325e+06	
7.83125e+06	7.86775e+06	7.764e+06	7.79025e+06	7.77025e+06	
8.08325e+06	8.04875e+06	7.9095e+06	7.92775e+06	7.9365e+06	
8.319e+06	8.2315e+06	8.19375e+06	8.137e+06	8.123e+06	
8.35925e+06	8.38325e+06	8.33475e+06	8.3305e+06	8.40525e+06	
8.36125e+06	8.331e+06	8.27175e+06	8.295e+06	8.28875e+06	
8.40975e+06	8.41175e+06	8.42875e+06	8.33225e+06	8.3865e+06	
8.454e+06	8.362e+06	8.47275e+06	8.35425e+06	8.47725e+06	
8.709e+06	8.71925e+06	8.71675e+06	8.6505e+06	8.583e+06	
8.897e+06	8.69075e+06	8.69525e+06	8.63275e+06	8.65625e+06	
8.735e+06	8.6265e+06	8.539e+06	8.65675e+06	8.728e+06	
8.9725e+06	8.8395e+06	9.01975e+06	8.79225e+06	8.8585e+06	
8.91e+06	8.839e+06	8.8125e+06	8.825e+06	8.8445e+06	
8.91125e+06	8.8005e+06	8.80675e+06	8.84075e+06	8.77525e+06	
9.07825e+06	8.88625e+06	8.90325e+06	9.01475e+06	8.9505e+06	
9.2245e+06	9.21575e+06	9.23475e+06	9.135e+06	9.09725e+06	
9.23475e+06	9.17975e+06	9.20825e+06	9.19e+06	9.13625e+06	
9.47975e+06	9.2875e+06	9.29825e+06	9.389e+06	9.24925e+06	
9.27375e+06	9.12875e+06	9.23275e+06	9.1715e+06	9.0205e+06	
9.362e+06	9.31775e+06	9.355e+06	9.27375e+06	9.263e+06	
9.333e+06	9.336e+06	9.251e+06	9.25175e+06	9.2175e+06	
9.3885e+06	9.219e+06	9.307e+06	9.22025e+06	9.1565e+06	
9.326e+06	9.20175e+06	9.16975e+06	9.1545e+06	9.13e+06	
9.49875e+06	9.4085e+06	9.4545e+06	9.338e+06	9.38075e+06	
9.46075e+06	9.24975e+06	9.16275e+06	9.20375e+06	9.19625e+06	
9.12625e+06	8.9365e+06	9.08275e+06	9.033e+06	9.11925e+06	
8.573e+06	8.53775e+06	8.4645e+06	8.43875e+06	8.33475e+06	
8.246e+06	8.20375e+06	8.2095e+06	8.20825e+06	8.16775e+06	
8.13575e+06	8.2125e+06	8.11875e+06	8.094e+06	8.06375e+06	
8.4445e+06	8.394e+06	8.4275e+06	8.34625e+06	8.467e+06	
9.00025e+06	8.94225e+06	8.8755e+06	8.7835e+06	8.73375e+06	
9.1685e+06	9.15075e+06	9.1345e+06	9.10175e+06	9.0455e+06	
9.604e+06	9.44625e+06	9.4305e+06	9.391e+06	9.45525e+06	
9.677e+06	9.665e+06	9.67125e+06	9.549e+06	9.66625e+06	
9.679e+06	9.59325e+06	9.52575e+06	9.56425e+06	9.4835e+06	
9.62775e+06	9.72375e+06	9.66625e+06	9.5975e+06	9.587e+06	
1.01698e+07	9.919e+06	9.9965e+06	9.926e+06	1.00222e+07	
1.02662e+07	1.01282e+07	1.00778e+07	1.02328e+07	1.0139e+07	
1.05095e+07	1.04382e+07	1.03985e+07	1.03172e+07	1.0323e+07	
1.04628e+07	1.03002e+07	1.03128e+07	1.0181e+07	1.02642e+07	
1.05518e+07	1.04962e+07	1.03645e+07	1.04358e+07	1.05265e+07	
1.03828e+07	1.03392e+07	1.0168e+07	1.0149e+07	1.013e+07	
1.01478e+07	1.01402e+07	1.01288e+07	1.00272e+07	1.00172e+07	
1.003e+07	1.00255e+07	9.9695e+06	9.9435e+06	9.8245e+06	
1.01565e+07	1.00285e+07	1.00222e+07	9.902e+06	9.9195e+06	
1.0212e+07	1.01652e+07	1.0164e+07	1.00658e+07	1.00495e+07	
1.05572e+07	1.04412e+07	1.04225e+07	1.03852e+07	1.03658e+07	
1.0536e+07	1.05422e+07	1.05215e+07	1.04728e+07	1.04615e+07	
1.04275e+07	1.05012e+07	1.0469e+07	1.03822e+07	1.04168e+07	
1.07345e+07	1.0553e+07	1.06252e+07	1.05175e+07	1.06865e+07	
1.08882e+07	1.07678e+07	1.0713e+07	1.07305e+07	1.06682e+07	
1.0931e+07	1.0926e+07	1.08912e+07	1.09078e+07	1.08895e+07	
1.08925e+07	1.09058e+07	1.0769e+07	1.0827e+07	1.08188e+07	
1.09682e+07	1.08862e+07	1.08352e+07	1.0827e+07	1.0733e+07	
1.0994e+07	1.0912e+07	1.08882e+07	1.0849e+07	1.08278e+07	
1.11415e+07	1.09555e+07	1.0885e+07	1.07565e+07	1.0868e+07	
1.09625e+07	1.09322e+07	1.09858e+07	1.09222e+07	1.08598e+07	
1.1076e+07	1.10142e+07	1.09625e+07	1.08452e+07	1.09542e+07	
1.1197e+07	1.10325e+07	1.09612e+07	1.09828e+07	1.10262e+07	
1.11528e+07	1.1016e+07	1.0931e+07	1.1001e+07	1.09712e+07	
1.08925e+07	1.08945e+07	1.07432e+07	1.0844e+07	1.0679e+07	
1.0682e+07	1.07528e+07	1.06902e+07	1.0507e+07	1.0742e+07	
1.07438e+07	1.06865e+07	1.0648e+07	1.065e+07	1.06268e+07	
1.09745e+07	1.08145e+07	1.07432e+07	1.07122e+07	1.08315e+07	
1.09662e+07	1.0955e+07	1.0863e+07	1.08755e+07	1.08958e+07	
1.08428e+07	1.08535e+07	1.08672e+07	1.0832e+07	1.08038e+07	
1.08988e+07	1.08208e+07	1.07338e+07	1.06915e+07	1.0771e+07	
1.0645e+07	1.06335e+07	1.05278e+07	1.05082e+07	1.05245e+07	
1.05738e+07	1.04168e+07	1.06128e+07	1.0469e+07	1.04565e+07	
1.06878e+07	1.04818e+07	1.05352e+07	1.04508e+07	1.04218e+07	
1.05062e+07	1.05145e+07	1.04092e+07	1.03928e+07	1.04275e+07	
1.05725e+07	1.04085e+07	1.03952e+07	1.04105e+07	1.03758e+07	
1.06418e+07	1.05315e+07	1.0558e+07	1.05472e+07	1.0394e+07	
1.08635e+07	1.07582e+07	1.07962e+07	1.07532e+07	1.0844e+07	
1.09832e+07	1.0762e+07	1.07545e+07	1.08572e+07	1.08138e+07	
1.09178e+07	1.08452e+07	1.0839e+07	1.08282e+07	1.08788e+07	
1.09335e+07	1.08792e+07	1.06695e+07	1.08005e+07	1.0766e+07	
1.0841e+07	1.0716e+07	1.06662e+07	1.0573e+07	1.067e+07	
1.09492e+07	1.07868e+07	1.0764e+07	1.08258e+07	1.06695e+07	
1.09928e+07	1.09625e+07	1.0955e+07	1.0897e+07	1.0909e+07	
1.12158e+07	1.10558e+07	1.10462e+07	1.09795e+07	1.10262e+07	
1.13682e+07	1.12568e+07	1.13715e+07	1.13828e+07	1.13185e+07	
1.14105e+07	1.1439e+07	1.1314e+07	1.1275e+07	1.12745e+07	
1.151e+07	1.13972e+07	1.14162e+07	1.12895e+07	1.1369e+07	
1.13085e+07	1.12e+07	1.12202e+07	1.11458e+07	1.11535e+07	
1.11868e+07	1.12692e+07	1.1251e+07	1.11498e+07	1.12248e+07	
1.10652e+07	1.11772e+07	1.09398e+07	1.0948e+07	1.09865e+07	
1.09682e+07	1.09745e+07	1.09185e+07	1.09065e+07	1.09078e+07	
1.08882e+07	1.0955e+07	1.09165e+07	1.07752e+07	1.07722e+07	
1.1096e+07	1.0912e+07	1.09738e+07	1.07955e+07	1.08698e+07	
1.13148e+07	1.1292e+07	1.12588e+07	1.12108e+07	1.11888e+07	
1.13815e+07	1.13052e+07	1.12252e+07	1.1212e+07	1.11768e+07	
1.1294e+07	1.11548e+07	1.11982e+07	1.12152e+07	1.12852e+07	
1.1318e+07	1.12025e+07	1.12115e+07	1.10652e+07	1.1067e+07	
1.11772e+07	1.10375e+07	1.12008e+07	1.1035e+07	1.1009e+07	
1.12605e+07	1.11358e+07	1.10205e+07	1.10595e+07	1.10538e+07	
1.13745e+07	1.1248e+07	1.12145e+07	1.1171e+07	1.12418e+07	
1.15145e+07	1.15422e+07	1.14238e+07	1.14415e+07	1.1393e+07	
1.14055e+07	1.13848e+07	1.1248e+07	1.12732e+07	1.11932e+07	
1.128e+07	1.12832e+07	1.12158e+07	1.12252e+07	1.13065e+07	
1.14212e+07	1.13665e+07	1.12518e+07	1.12058e+07	1.11905e+07	
1.12448e+07	1.12082e+07	1.11722e+07	1.10892e+07	1.11445e+07	
1.11862e+07	1.10552e+07	1.0958e+07	1.10852e+07	1.09065e+07	
1.11445e+07	1.10735e+07	1.10695e+07	1.10545e+07	1.11415e+07	
1.09758e+07	1.1009e+07	1.0897e+07	1.08882e+07	1.09082e+07	
1.09028e+07	1.08062e+07	1.07325e+07	1.08e+07	1.082e+07	
1.10222e+07	1.0892e+07	1.07848e+07	1.09435e+07	1.0844e+07	
1.09882e+07	1.10235e+07	1.09335e+07	1.08938e+07	1.09605e+07	
1.12322e+07	1.1021e+07	1.10722e+07	1.11465e+07	1.10288e+07	
1.11075e+07	1.10458e+07	1.11672e+07	1.10292e+07	1.09422e+07	
1.10735e+07	1.10085e+07	1.0982e+07	1.09675e+07	1.09222e+07	
1.05775e+07	1.05082e+07	1.05088e+07	1.05038e+07	1.0454e+07	
1.02012e+07	1.0079e+07	1.00865e+07	1.00242e+07	1.004e+07	
9.82375e+06	9.86475e+06	9.77525e+06	9.88425e+06	9.8735e+06	
1.005e+07	1.00595e+07	1.00388e+07	9.934e+06	9.96875e+06	
1.02952e+07	1.0219e+07	1.00922e+07	1.00822e+07	1.00948e+07	
1.02278e+07	1.01035e+07	1.0154e+07	1.00658e+07	1.00802e+07	
1.03028e+07	1.02995e+07	1.0292e+07	1.02448e+07	1.01628e+07	
1.05692e+07	1.04672e+07	1.04465e+07	1.04648e+07	1.05132e+07	
1.07022e+07	1.0575e+07	1.05415e+07	1.04818e+07	1.043e+07	
1.1081e+07	1.09695e+07	1.08332e+07	1.07868e+07	1.08145e+07	
1.12625e+07	1.09712e+07	1.10155e+07	1.10155e+07	1.1093e+07	
1.12208e+07	1.1161e+07	1.119e+07	1.10482e+07	1.1176e+07	
1.13388e+07	1.12712e+07	1.10722e+07	1.113e+07	1.10918e+07	
1.13338e+07	1.1333e+07	1.1263e+07	1.12928e+07	1.11788e+07	
1.15215e+07	1.13728e+07	1.12592e+07	1.12032e+07	1.12248e+07	
1.1539e+07	1.14428e+07	1.1476e+07	1.14168e+07	1.13865e+07	
1.15095e+07	1.14445e+07	1.1464e+07	1.13375e+07	1.12945e+07	
1.1338e+07	1.12058e+07	1.1236e+07	1.12132e+07	1.1246e+07	
1.14125e+07	1.1306e+07	1.13255e+07	1.11812e+07	1.12278e+07	
1.14055e+07	1.12165e+07	1.12592e+07	1.11162e+07	1.10362e+07	
1.1597e+07	1.1488e+07	1.13992e+07	1.13998e+07	1.1347e+07	
1.17205e+07	1.1594e+07	1.15945e+07	1.1636e+07	1.16752e+07	
1.18012e+07	1.1696e+07	1.1807e+07	1.17275e+07	1.17048e+07	
1.19305e+07	1.18675e+07	1.18328e+07	1.17685e+07	1.18208e+07	
1.19172e+07	1.17018e+07	1.18025e+07	1.1723e+07	1.16268e+07	
1.17785e+07	1.17652e+07	1.17792e+07	1.17602e+07	1.16985e+07	
1.17508e+07	1.1774e+07	1.18188e+07	1.17728e+07	1.17598e+07	
1.16388e+07	1.15932e+07	1.1524e+07	1.14375e+07	1.15435e+07	
1.11888e+07	1.12102e+07	1.12298e+07	1.1103e+07	1.11905e+07	
1.08232e+07	1.0844e+07	1.07988e+07	1.0793e+07	1.06712e+07	
1.08938e+07	1.09082e+07	1.07528e+07	1.0805e+07	1.07968e+07	
1.1108e+07	1.10312e+07	1.10992e+07	1.0931e+07	1.1023e+07	
1.1304e+07	1.1304e+07	1.13048e+07	1.11262e+07	1.11655e+07	
1.14685e+07	1.15625e+07	1.15642e+07	1.14232e+07	1.1425e+07	
1.1781e+07	1.17938e+07	1.16475e+07	1.17268e+07	1.17175e+07	
1.20608e+07	1.19732e+07	1.1829e+07	1.18485e+07	1.18258e+07	
1.22322e+07	1.21208e+07	1.20765e+07	1.19405e+07	1.20772e+07	
1.2006e+07	1.19492e+07	1.19675e+07	1.1926e+07	1.19898e+07	
1.20205e+07	1.2081e+07	1.19675e+07	1.19462e+07	1.18535e+07	
1.2052e+07	1.19952e+07	1.20105e+07	1.18108e+07	1.19505e+07	
1.21315e+07	1.2183e+07	1.20495e+07	1.21522e+07	1.21635e+07	
1.22562e+07	1.21345e+07	1.20722e+07	1.20268e+07	1.21145e+07	
1.22815e+07	1.2093e+07	1.21528e+07	1.20802e+07	1.20172e+07	
1.2333e+07	1.22082e+07	1.20395e+07	1.21345e+07	1.20262e+07	
1.20652e+07	1.18858e+07	1.19438e+07	1.17942e+07	1.18982e+07	
1.16965e+07	1.1749e+07	1.17048e+07	1.166e+07	1.16065e+07	
1.15712e+07	1.1553e+07	1.14718e+07	1.13835e+07	1.1456e+07	
1.15862e+07	1.15522e+07	1.15888e+07	1.14452e+07	1.13758e+07	
1.1732e+07	1.16518e+07	1.17338e+07	1.16122e+07	1.16538e+07	
1.17362e+07	1.1778e+07	1.16405e+07	1.1602e+07	1.16998e+07	
1.18788e+07	1.18252e+07	1.17478e+07	1.17205e+07	1.16835e+07	
1.18688e+07	1.172e+07	1.17975e+07	1.16525e+07	1.17798e+07	
1.1991e+07	1.18428e+07	1.18585e+07	1.1841e+07	1.18502e+07	
1.21485e+07	1.20072e+07	1.18845e+07	1.1824e+07	1.19252e+07	
1.21012e+07	1.21548e+07	1.20822e+07	1.19688e+07	1.2035e+07	
1.21435e+07	1.20438e+07	1.20225e+07	1.20785e+07	1.19765e+07	
1.19318e+07	1.19178e+07	1.19305e+07	1.181e+07	1.188e+07	
1.17735e+07	1.17438e+07	1.16368e+07	1.17262e+07	1.1536e+07	
1.18788e+07	1.17892e+07	1.16488e+07	1.1616e+07	1.1563e+07	
1.1752e+07	1.1771e+07	1.172e+07	1.16218e+07	1.16998e+07	
1.18812e+07	1.16865e+07	1.16115e+07	1.1669e+07	1.1672e+07	
1.1895e+07	1.18365e+07	1.17748e+07	1.17968e+07	1.17482e+07	
1.1941e+07	1.18655e+07	1.18648e+07	1.18012e+07	1.172e+07	
1.18648e+07	1.18705e+07	1.1832e+07	1.17325e+07	1.17565e+07	
1.1914e+07	1.1844e+07	1.17238e+07	1.16922e+07	1.17465e+07	
1.16872e+07	1.16545e+07	1.15638e+07	1.15485e+07	1.16582e+07	
1.14118e+07	1.15062e+07	1.14428e+07	1.13022e+07	1.13325e+07	
1.13948e+07	1.128e+07	1.13562e+07	1.12265e+07	1.12385e+07	
1.13852e+07	1.1168e+07	1.11962e+07	1.11225e+07	1.11925e+07	
1.1357e+07	1.12518e+07	1.11245e+07	1.12322e+07	1.11812e+07	
1.14048e+07	1.13255e+07	1.12145e+07	1.12232e+07	1.12655e+07	
1.14842e+07	1.16058e+07	1.142e+07	1.15428e+07	1.1471e+07	
1.1531e+07	1.14458e+07	1.13292e+07	1.1403e+07	1.13848e+07	
1.14672e+07	1.1372e+07	1.1524e+07	1.13292e+07	1.13342e+07	
1.16368e+07	1.1616e+07	1.15448e+07	1.14535e+07	1.15505e+07	
1.15385e+07	1.13992e+07	1.1413e+07	1.13898e+07	1.13772e+07	
1.15642e+07	1.1449e+07	1.14502e+07	1.15045e+07	1.15655e+07	
1.16708e+07	1.16322e+07	1.15712e+07	1.15315e+07	1.14905e+07	
1.17098e+07	1.16632e+07	1.151e+07	1.1623e+07	1.15662e+07	
1.16795e+07	1.16242e+07	1.14925e+07	1.1529e+07	1.1609e+07	
1.1783e+07	1.17122e+07	1.16032e+07	1.16178e+07	1.16745e+07	
1.18858e+07	1.1853e+07	1.18498e+07	1.17042e+07	1.17515e+07	
1.15718e+07	1.16198e+07	1.1536e+07	1.15518e+07	1.15108e+07	
1.16405e+07	1.16865e+07	1.16442e+07	1.15795e+07	1.15928e+07	
1.1667e+07	1.16708e+07	1.15598e+07	1.15895e+07	1.16065e+07	
1.1686e+07	1.15082e+07	1.15372e+07	1.14798e+07	1.157e+07	
1.16178e+07	1.1551e+07	1.15468e+07	1.15498e+07	1.15782e+07	
1.1442e+07	1.1452e+07	1.13355e+07	1.13122e+07	1.1328e+07	
1.14205e+07	1.1222e+07	1.11262e+07	1.12392e+07	1.13312e+07	
1.1362e+07	1.13388e+07	1.13122e+07	1.11912e+07	1.11465e+07	
1.13878e+07	1.14528e+07	1.1403e+07	1.12612e+07	1.14432e+07	
1.1452e+07	1.1483e+07	1.15025e+07	1.14925e+07	1.14125e+07	
1.15435e+07	1.15688e+07	1.14432e+07	1.14205e+07	1.1369e+07	
1.15882e+07	1.14622e+07	1.1476e+07	1.14495e+07	1.14262e+07	
1.15258e+07	1.15208e+07	1.14018e+07	1.14245e+07	1.1461e+07	
1.15908e+07	1.15245e+07	1.1384e+07	1.1425e+07	1.14548e+07	
1.16758e+07	1.1498e+07	1.14942e+07	1.1459e+07	1.13632e+07	
1.15535e+07	1.1343e+07	1.15088e+07	1.136e+07	1.13318e+07	
1.14162e+07	1.13002e+07	1.12668e+07	1.12575e+07	1.13942e+07	
1.15145e+07	1.1396e+07	1.1328e+07	1.12335e+07	1.1306e+07	
1.1551e+07	1.1476e+07	1.1406e+07	1.14112e+07	1.15282e+07	
1.15945e+07	1.14792e+07	1.12982e+07	1.1389e+07	1.14092e+07	
1.1502e+07	1.14308e+07	1.12732e+07	1.13135e+07	1.13168e+07	
1.14925e+07	1.1393e+07	1.14332e+07	1.13475e+07	1.13205e+07	
1.14938e+07	1.13325e+07	1.1253e+07	1.13242e+07	1.12435e+07	
1.14035e+07	1.1379e+07	1.13865e+07	1.13235e+07	1.14262e+07	
1.16562e+07	1.13778e+07	1.15182e+07	1.1343e+07	1.1386e+07	
1.15782e+07	1.14432e+07	1.13885e+07	1.14288e+07	1.13532e+07	
1.1657e+07	1.15228e+07	1.14938e+07	1.14495e+07	1.14912e+07	
1.16765e+07	1.15995e+07	1.15258e+07	1.15335e+07	1.14665e+07	
1.1553e+07	1.14465e+07	1.14578e+07	1.13985e+07	1.1529e+07	
1.14665e+07	1.14118e+07	1.13218e+07	1.1258e+07	1.12668e+07	
1.14842e+07	1.13942e+07	1.13412e+07	1.13072e+07	1.13362e+07	
1.12775e+07	1.12952e+07	1.11988e+07	1.11918e+07	1.1142e+07	
1.12032e+07	1.11572e+07	1.09738e+07	1.09915e+07	1.08685e+07	
1.12498e+07	1.10312e+07	1.1062e+07	1.1069e+07	1.10388e+07	
1.12278e+07	1.10848e+07	1.1168e+07	1.1004e+07	1.10552e+07	
1.12758e+07	1.1033e+07	1.1086e+07	1.09518e+07	1.10595e+07	
1.12568e+07	1.11648e+07	1.1059e+07	1.10525e+07	1.09588e+07	
1.0858e+07	1.08365e+07	1.0897e+07	1.08315e+07	1.07475e+07	
1.09165e+07	1.08175e+07	1.07632e+07	1.07382e+07	1.08932e+07	
1.08605e+07	1.0776e+07	1.09108e+07	1.07558e+07	1.07502e+07	
1.0873e+07	1.07842e+07	1.07565e+07	1.0759e+07	1.08025e+07	
1.0933e+07	1.09612e+07	1.0771e+07	1.07628e+07	1.08075e+07	
1.10645e+07	1.09758e+07	1.0861e+07	1.0943e+07	1.09708e+07	
1.11142e+07	1.10392e+07	1.10035e+07	1.10262e+07	1.10735e+07	
1.11478e+07	1.11648e+07	1.1178e+07	1.10488e+07	1.11345e+07	
1.12285e+07	1.10508e+07	1.11352e+07	1.10168e+07	1.10002e+07	
1.10545e+07	1.10242e+07	1.08762e+07	1.08498e+07	1.08552e+07	
1.1144e+07	1.1067e+07	1.09972e+07	1.10052e+07	1.10558e+07	
1.1096e+07	1.10192e+07	1.10305e+07	1.10342e+07	1.09505e+07	
1.12435e+07	1.11805e+07	1.10065e+07	1.10432e+07	1.11655e+07	
1.11755e+07	1.11395e+07	1.1076e+07	1.10645e+07	1.10338e+07	
1.11842e+07	1.11602e+07	1.105e+07	1.10722e+07	1.10495e+07	
1.10802e+07	1.11038e+07	1.1084e+07	1.0987e+07	1.10552e+07	
1.11888e+07	1.10192e+07	1.0977e+07	1.10545e+07	1.10885e+07	
1.11112e+07	1.11932e+07	1.11075e+07	1.09455e+07	1.09538e+07	
1.10495e+07	1.1067e+07	1.10362e+07	1.10105e+07	1.08705e+07	
1.1025e+07	1.09802e+07	1.09845e+07	1.09145e+07	1.08668e+07	
1.10815e+07	1.08838e+07	1.08188e+07	1.0929e+07	1.09115e+07	
1.08925e+07	1.0679e+07	1.08195e+07	1.06272e+07	1.07212e+07	
1.09682e+07	1.08415e+07	1.08465e+07	1.08365e+07	1.07872e+07	
1.10355e+07	1.08138e+07	1.09108e+07	1.07388e+07	1.0883e+07	
1.10375e+07	1.10222e+07	1.09985e+07	1.09682e+07	1.09695e+07	
1.10948e+07	1.09568e+07	1.10752e+07	1.09948e+07	1.09695e+07	
1.10532e+07	1.09588e+07	1.1057e+07	1.08875e+07	1.08908e+07	
1.09385e+07	1.0861e+07	1.08208e+07	1.0803e+07	1.0786e+07	
1.0885e+07	1.0754e+07	1.07872e+07	1.07118e+07	1.0771e+07	
1.09505e+07	1.0827e+07	1.07508e+07	1.08038e+07	1.0764e+07	
1.07822e+07	1.08485e+07	1.08635e+07	1.07085e+07	1.08108e+07	
1.08522e+07	1.07242e+07	1.07382e+07	1.06638e+07	1.06802e+07	
1.08692e+07	1.06758e+07	1.0662e+07	1.05738e+07	1.0556e+07	
1.07382e+07	1.06625e+07	1.0655e+07	1.05908e+07	1.06595e+07	
1.05378e+07	1.06285e+07	1.05258e+07	1.04905e+07	1.05352e+07	
1.06878e+07	1.04515e+07	1.05195e+07	1.0355e+07	1.03898e+07	
1.0636e+07	1.05452e+07	1.04262e+07	1.04672e+07	1.0449e+07	
1.08258e+07	1.06752e+07	1.06002e+07	1.0595e+07	1.0488e+07	
1.08308e+07	1.06658e+07	1.07388e+07	1.0515e+07	1.06115e+07	
1.09815e+07	1.07898e+07	1.07678e+07	1.06732e+07	1.07748e+07	
1.0856e+07	1.0728e+07	1.07168e+07	1.07665e+07	1.06492e+07	
1.10392e+07	1.08768e+07	1.08e+07	1.08642e+07	1.0863e+07	
1.0972e+07	1.08788e+07	1.07935e+07	1.07988e+07	1.08358e+07	
1.10185e+07	1.08302e+07	1.07545e+07	1.0762e+07	1.0749e+07	
1.09348e+07	1.09235e+07	1.07842e+07	1.08855e+07	1.07028e+07	
1.07905e+07	1.07362e+07	1.06902e+07	1.06425e+07	1.06215e+07	
1.08062e+07	1.06845e+07	1.06712e+07	1.07072e+07	1.07432e+07	
1.07212e+07	1.05648e+07	1.0517e+07	1.0512e+07	1.0478e+07	
1.0616e+07	1.06095e+07	1.05655e+07	1.0563e+07	1.04598e+07	
1.05332e+07	1.05252e+07	1.03728e+07	1.0466e+07	1.04362e+07	
1.06782e+07	1.0524e+07	1.0488e+07	1.04452e+07	1.04892e+07	
1.05635e+07	1.05195e+07	1.05062e+07	1.05232e+07	1.04515e+07	
1.06688e+07	1.0573e+07	1.05755e+07	1.05038e+07	1.059e+07	
1.05e+07	1.04388e+07	1.04458e+07	1.04345e+07	1.05832e+07	
1.05888e+07	1.05832e+07	1.03558e+07	1.03505e+07	1.0476e+07	
1.04358e+07	1.02978e+07	1.027e+07	1.028e+07	1.0195e+07	
1.04792e+07	1.0515e+07	1.03935e+07	1.02612e+07	1.0302e+07	
1.03438e+07	1.02075e+07	1.02265e+07	1.0222e+07	1.03008e+07	
1.04308e+07	1.03098e+07	1.02862e+07	1.0142e+07	1.02088e+07	
1.0498e+07	1.03045e+07	1.03322e+07	1.03198e+07	1.03695e+07	
1.04465e+07	1.04042e+07	1.03865e+07	1.03272e+07	1.03562e+07	
1.0452e+07	1.05252e+07	1.0466e+07	1.02875e+07	1.04212e+07	
1.05075e+07	1.0369e+07	1.03255e+07	1.02982e+07	1.03388e+07	
1.04628e+07	1.04652e+07	1.03455e+07	1.0239e+07	1.03795e+07	
1.05182e+07	1.05838e+07	1.04742e+07	1.0251e+07	1.03268e+07	
1.0524e+07	1.05188e+07	1.04798e+07	1.03835e+07	1.03902e+07	
1.06122e+07	1.0476e+07	1.03985e+07	1.0355e+07	1.0461e+07	
1.0515e+07	1.05062e+07	1.04848e+07	1.04242e+07	1.04395e+07	
1.05965e+07	1.05585e+07	1.04772e+07	1.04628e+07	1.05232e+07	
1.0541e+07	1.04212e+07	1.0369e+07	1.04768e+07	1.04238e+07	
1.05912e+07	1.05158e+07	1.0403e+07	1.03148e+07	1.04478e+07	
1.05522e+07	1.042e+07	1.03678e+07	1.03632e+07	1.04805e+07	
1.04622e+07	1.05132e+07	1.05188e+07	1.03702e+07	1.03852e+07	
1.04628e+07	1.03898e+07	1.03902e+07	1.03342e+07	1.02675e+07	
1.03948e+07	1.03462e+07	1.03425e+07	1.0263e+07	1.02832e+07	
1.02625e+07	1.02762e+07	1.02398e+07	1.02888e+07	1.02498e+07	
1.0248e+07	1.00732e+07	1.013e+07	1.00828e+07	1.01578e+07	
1.00955e+07	1.0091e+07	1.00608e+07	9.97125e+06	9.975e+06	
1.0038e+07	1.0038e+07	9.96375e+06	9.873e+06	9.846e+06	
9.96875e+06	9.98825e+06	1.00392e+07	1.00388e+07	1.00272e+07	
1.01142e+07	1.01125e+07	9.99975e+06	9.975e+06	9.856e+06	
1.01508e+07	1.00248e+07	9.9915e+06	1.00255e+07	1.01062e+07	
1.01162e+07	1.00085e+07	9.9795e+06	9.873e+06	9.97075e+06	
9.95925e+06	9.9165e+06	9.81625e+06	9.902e+06	9.84775e+06	
9.83775e+06	9.7325e+06	9.757e+06	9.735e+06	9.704e+06	
9.58625e+06	9.4975e+06	9.4205e+06	9.343e+06	9.36375e+06	
9.24775e+06	9.23275e+06	9.23775e+06	9.16275e+06	9.26375e+06	
8.97375e+06	8.8705e+06	8.9265e+06	8.96425e+06	8.8855e+06	
8.90625e+06	8.818e+06	8.76325e+06	8.7835e+06	8.77525e+06	
9.0035e+06	8.914e+06	8.83825e+06	8.847e+06	8.9075e+06	
9.113e+06	9.01725e+06	9.0205e+06	8.931e+06	9.02475e+06	
9.292e+06	9.17975e+06	9.20625e+06	9.021e+06	9.0815e+06	
9.2655e+06	9.14075e+06	9.15275e+06	9.01925e+06	9.084e+06	
9.43e+06	9.30775e+06	9.3165e+06	9.08725e+06	9.086e+06	
9.2555e+06	9.319e+06	9.21575e+06	9.16725e+06	9.2e+06	
9.2245e+06	9.29775e+06	9.18925e+06	9.2365e+06	9.14275e+06	
9.3745e+06	9.29575e+06	9.24725e+06	9.32225e+06	9.28325e+06	
9.302e+06	9.25975e+06	9.12175e+06	9.15575e+06	9.2025e+06	
9.384e+06	9.33425e+06	9.20125e+06	9.26925e+06	9.314e+06	
9.3575e+06	9.20375e+06	9.268e+06	9.29075e+06	9.18875e+06	
9.328e+06	9.27125e+06	9.2335e+06	9.12625e+06	9.1875e+06	
9.30825e+06	9.21625e+06	9.091e+06	9.13e+06	9.13825e+06	
9.35175e+06	9.20825e+06	9.18475e+06	9.08975e+06	9.0135e+06	
9.16975e+06	9.22775e+06	9.11375e+06	9.0695e+06	9.04375e+06	
9.16775e+06	9.0305e+06	8.924e+06	9.04375e+06	9.0115e+06	
9.14525e+06	9.1205e+06	9.10425e+06	9.13375e+06	9.03225e+06	
9.219e+06	9.19175e+06	9.17925e+06	9.10175e+06	9.0745e+06	
9.2605e+06	9.16725e+06	9.142e+06	9.0665e+06	9.17475e+06	
9.1635e+06	9.20625e+06	9.17025e+06	9.142e+06	9.1785e+06	
9.32475e+06	9.17425e+06	9.21325e+06	9.0915e+06	9.08775e+06	
9.29325e+06	9.16025e+06	9.13575e+06	9.101e+06	9.15775e+06	
9.19425e+06	9.15025e+06	9.15775e+06	9.09025e+06	9.05e+06	
9.0285e+06	9.09925e+06	9.0955e+06	8.958e+06	8.91e+06	
9.159e+06	9.1905e+06	9.0525e+06	9.06375e+06	8.9965e+06	
9.12875e+06	9.12375e+06	9.1495e+06	8.9795e+06	8.93725e+06	
9.152e+06	9.06775e+06	9.135e+06	9.00025e+06	9.09025e+06	
9.22075e+06	9.08525e+06	9.03875e+06	9.01525e+06	9.05825e+06	
9.24275e+06	9.00725e+06	8.97125e+06	8.963e+06	9.02725e+06	
9.081e+06	9.094e+06	9.04425e+06	9.04375e+06	9.074e+06	
9.115e+06	9.009e+06	8.9845e+06	8.9915e+06	9.00025e+06	
9.16725e+06	9.02675e+06	9.0475e+06	8.92975e+06	9.05325e+06	
8.958e+06	9.02675e+06	8.8825e+06	8.825e+06	8.8225e+06	
9.01725e+06	8.878e+06	8.8105e+06	8.90625e+06	8.801e+06	
8.99275e+06	8.98575e+06	8.9415e+06	8.91e+06	8.968e+06	
8.93525e+06	8.827e+06	8.8565e+06	8.808e+06	8.90325e+06	
9.021e+06	8.861e+06	8.893e+06	8.956e+06	8.74575e+06	
9.0425e+06	8.8535e+06	8.96925e+06	8.88375e+06	8.8445e+06	
9.028e+06	9.03625e+06	8.9875e+06	8.941e+06	8.956e+06	
9.125e+06	9.11675e+06	9.096e+06	8.9745e+06	9.0525e+06	
9.1105e+06	9.0715e+06	9.03175e+06	9.00775e+06	9.045e+06	
9.10175e+06	9.05825e+06	9.07275e+06	8.91525e+06	9.0885e+06	
9.19175e+06	9.19425e+06	9.03675e+06	8.87675e+06	9.0815e+06	
9.19425e+06	9.108e+06	9.08975e+06	8.99575e+06	9.03225e+06	
9.13575e+06	9.04375e+06	8.92975e+06	9.02925e+06	9.028e+06	
9.1175e+06	8.93275e+06	9.069e+06	9.0205e+06	8.96875e+06	
9.09925e+06	9.0205e+06	8.94725e+06	8.98075e+06	8.93975e+06	
9.033e+06	8.941e+06	8.9165e+06	8.9725e+06	8.8585e+06	
9.07825e+06	8.98125e+06	9.0135e+06	8.9605e+06	8.8705e+06	
9.1125e+06	9.03875e+06	8.98625e+06	8.92775e+06	9.0115e+06	
9.04625e+06	9.01225e+06	8.8535e+06	8.994e+06	8.9315e+06	
8.93025e+06	8.9435e+06	8.87175e+06	8.8345e+06	8.8275e+06	
8.9095e+06	8.9705e+06	8.956e+06	8.81e+06	8.87425e+06	
8.849e+06	8.87475e+06	8.822e+06	8.92275e+06	8.89125e+06	
8.93275e+06	8.9415e+06	8.8155e+06	8.78275e+06	8.76775e+06	
8.842e+06	8.83375e+06	8.83375e+06	8.69325e+06	8.713e+06	
8.80675e+06	8.84075e+06	8.791e+06	8.79925e+06	8.842e+06	
8.88175e+06	8.83575e+06	8.80425e+06	8.7085e+06	8.76825e+06	
8.79475e+06	8.721e+06	8.721e+06	8.66825e+06	8.62225e+06	
8.70725e+06	8.805e+06	8.6725e+06	8.641e+06	8.56675e+06	
8.68325e+06	8.675e+06	8.6575e+06	8.49675e+06	8.6525e+06	
8.84825e+06	8.67125e+06	8.6915e+06	8.62525e+06	8.7425e+06	
8.76325e+06	8.81e+06	8.716e+06	8.63675e+06	8.72925e+06	
8.67325e+06	8.75625e+06	8.66175e+06	8.624e+06	8.568e+06	
8.66625e+06	8.68325e+06	8.646e+06	8.566e+06	8.53775e+06	
8.78525e+06	8.71925e+06	8.6575e+06	8.63275e+06	8.71025e+06	
8.59825e+06	8.6655e+06	8.58375e+06	8.65925e+06	8.51625e+06	
8.568e+06	8.5975e+06	8.667e+06	8.51625e+06	8.566e+06	
8.62025e+06	8.57625e+06	8.54275e+06	8.539e+06	8.52075e+06	
8.65925e+06	8.54075e+06	8.5105e+06	8.54525e+06	8.4855e+06	
8.573e+06	8.45775e+06	8.4885e+06	8.2925e+06	8.408e+06	
8.546e+06	8.527e+06	8.43425e+06	8.408e+06	8.4395e+06	
8.605e+06	8.585e+06	8.5565e+06	8.5175e+06	8.4205e+06	
8.6e+06	8.50125e+06	8.5395e+06	8.4685e+06	8.52625e+06	
8.46975e+06	8.418e+06	8.31475e+06	8.35175e+06	8.389e+06	
8.4615e+06	8.37125e+06	8.42675e+06	8.319e+06	8.38525e+06	
8.34225e+06	8.2145e+06	8.28625e+06	8.1925e+06	8.2195e+06	
8.2195e+06	8.227e+06	8.24525e+06	8.1855e+06	8.123e+06	
8.25725e+06	8.30075e+06	8.24975e+06	8.15325e+06	8.2805e+06	
8.30525e+06	8.302e+06	8.278e+06	8.30575e+06	8.256e+06	
8.34175e+06	8.26475e+06	8.30025e+06	8.2515e+06	8.2515e+06	
8.447e+06	8.459e+06	8.40275e+06	8.27625e+06	8.32025e+06	
8.3985e+06	8.48025e+06	8.38325e+06	8.418e+06	8.3475e+06	
8.3455e+06	8.33925e+06	8.309e+06	8.239e+06	8.324e+06	
8.498e+06	8.40025e+06	8.37825e+06	8.3405e+06	8.36375e+06	
8.50125e+06	8.4035e+06	8.33425e+06	8.34875e+06	8.29325e+06	
8.5295e+06	8.40475e+06	8.355e+06	8.379e+06	8.285e+06	
8.493e+06	8.44075e+06	8.37575e+06	8.399e+06	8.48475e+06	
8.4475e+06	8.481e+06	8.3475e+06	8.3475e+06	8.36625e+06	
8.52625e+06	8.40025e+06	8.464e+06	8.425e+06	8.3935e+06	
8.5075e+06	8.42375e+06	8.36125e+06	8.406e+06	8.309e+06	
8.338e+06	8.2555e+06	8.27675e+06	8.20175e+06	8.3115e+06	
8.43825e+06	8.273e+06	8.40475e+06	8.30525e+06	8.2535e+06	
8.2755e+06	8.18725e+06	8.20125e+06	8.176e+06	8.1135e+06	
8.30325e+06	8.2025e+06	8.362e+06	8.15075e+06	8.2485e+06	
8.329e+06	8.10725e+06	8.106e+06	8.14125e+06	8.13075e+06	
8.27e+06	8.1085e+06	8.0965e+06	8.10475e+06	8.1155e+06	
8.27175e+06	8.1225e+06	8.11925e+06	8.12375e+06	8.09275e+06	
8.1615e+06	8.11875e+06	8.10175e+06	8.084e+06	8.06825e+06	
8.019e+06	8.0355e+06	8.05875e+06	7.97675e+06	7.92525e+06	
8.0575e+06	7.934e+06	7.9585e+06	7.9005e+06	8.00075e+06	
8.02275e+06	8.01525e+06	7.94725e+06	7.8735e+06	7.9025e+06	
7.92025e+06	7.934e+06	7.86275e+06	7.86275e+06	7.9265e+06	
7.9335e+06	7.888e+06	7.743e+06	7.8125e+06	7.8225e+06	
7.90125e+06	7.8375e+06	7.74175e+06	7.80175e+06	7.772e+06	
7.958e+06	7.8445e+06	7.86475e+06	7.89125e+06	7.91325e+06	
7.907e+06	7.927e+06	7.859e+06	7.88475e+06	7.757e+06	
7.95975e+06	7.87475e+06	7.9e+06	7.73375e+06	7.89e+06	
7.82825e+06	7.78775e+06	7.80725e+06	7.80175e+06	7.832e+06	
7.77025e+06	7.74e+06	7.697e+06	7.6285e+06	7.66925e+06	
7.709e+06	7.6095e+06	7.5805e+06	7.56475e+06	7.5005e+06	
7.6575e+06	7.61325e+06	7.733e+06	7.597e+06	7.629e+06	
7.63475e+06	7.52375e+06	7.651e+06	7.53775e+06	7.486e+06	
7.63525e+06	7.61525e+06	7.53075e+06	7.544e+06	7.52875e+06	
7.66425e+06	7.653e+06	7.56475e+06	7.542e+06	7.51675e+06	
7.59625e+06	7.5705e+06	7.43875e+06	7.4935e+06	7.55975e+06	
7.55775e+06	7.508e+06	7.48725e+06	7.433e+06	7.4425e+06	
7.6535e+06	7.51375e+06	7.51175e+06	7.4325e+06	7.5275e+06	
7.55025e+06	7.55025e+06	7.57725e+06	7.467e+06	7.39275e+06	
7.55225e+06	7.4205e+06	7.40775e+06	7.428e+06	7.4445e+06	
7.5245e+06	7.38575e+06	7.42925e+06	7.4545e+06	7.4405e+06	
7.44625e+06	7.3795e+06	7.3265e+06	7.346e+06	7.38825e+06	
7.4425e+06	7.36875e+06	7.4355e+06	7.27225e+06	7.3355e+06	
7.44e+06	7.33675e+06	7.3235e+06	7.363e+06	7.36875e+06	
7.549e+06	7.428e+06	7.4885e+06	7.42675e+06	7.45125e+06	
7.4065e+06	7.4495e+06	7.38575e+06	7.46275e+06	7.4255e+06	
7.38275e+06	7.4085e+06	7.3605e+06	7.31275e+06	7.297e+06	
7.455e+06	7.38575e+06	7.26925e+06	7.35125e+06	7.3235e+06	
7.4185e+06	7.348e+06	7.271e+06	7.3625e+06	7.29875e+06	
7.39275e+06	7.2945e+06	7.33225e+06	7.271e+06	7.312e+06	
7.4815e+06	7.43625e+06	7.41025e+06	7.27225e+06	7.2995e+06	
7.45075e+06	7.37e+06	7.2365e+06	7.34475e+06	7.30325e+06	
7.363e+06	7.29575e+06	7.2465e+06	7.15275e+06	7.101e+06	
7.28175e+06	7.2705e+06	7.24725e+06	7.2805e+06	7.20675e+06	
7.32975e+06	7.2515e+06	7.17975e+06	7.188e+06	7.181e+06	
7.32725e+06	7.142e+06	7.12925e+06	7.18225e+06	7.15325e+06	
7.39775e+06	7.2565e+06	7.268e+06	7.18475e+06	7.18175e+06	
7.28425e+06	7.096e+06	7.20625e+06	7.14375e+06	7.2075e+06	
7.2315e+06	7.25475e+06	7.268e+06	7.23575e+06	7.186e+06	
7.30575e+06	7.22775e+06	7.23075e+06	7.1615e+06	7.15325e+06	
7.273e+06	7.198e+06	7.15e+06	7.096e+06	7.07375e+06	
7.3095e+06	7.2465e+06	7.2395e+06	7.09725e+06	7.12925e+06	
7.2895e+06	7.225e+06	7.15825e+06	7.1595e+06	7.169e+06	
7.0625e+06	7.11925e+06	7.038e+06	7.03675e+06	7.05625e+06	
7.106e+06	7.116e+06	7.0165e+06	7.10675e+06	6.9945e+06	
7.02775e+06	6.9725e+06	6.97375e+06	6.96675e+06	6.94475e+06	
7.026e+06	6.97425e+06	6.96425e+06	6.97125e+06	6.91075e+06	
7.05125e+06	6.97875e+06	6.9655e+06	6.8615e+06	6.86225e+06	
6.924e+06	6.90175e+06	6.8885e+06	6.86775e+06	6.84125e+06	
6.97675e+06	6.9075e+06	6.825e+06	6.86025e+06	6.85825e+06	
6.96175e+06	6.78775e+06	6.84125e+06	6.77025e+06	6.84825e+06	
6.8225e+06	6.79925e+06	6.7715e+06	6.728e+06	6.7595e+06	
6.89175e+06	6.757e+06	6.91325e+06	6.823e+06	6.7835e+06	
6.81675e+06	6.74375e+06	6.8105e+06	6.8175e+06	6.75125e+06	
7.00575e+06	6.786e+06	6.72425e+06	6.8425e+06	6.7285e+06	
6.87225e+06	6.77525e+06	6.75375e+06	6.72725e+06	6.6755e+06	
6.878e+06	6.7795e+06	6.81625e+06	6.70725e+06	6.71025e+06	
6.8925e+06	6.7745e+06	6.72025e+06	6.73875e+06	6.731e+06	
6.8805e+06	6.69275e+06	6.7425e+06	6.73175e+06	6.68125e+06	
6.67125e+06	6.6705e+06	6.70025e+06	6.58175e+06	6.57425e+06	
6.67875e+06	6.66425e+06	6.573e+06	6.62775e+06	6.5225e+06	
6.69275e+06	6.5515e+06	6.56975e+06	6.5685e+06	6.648e+06	
6.602e+06	6.544e+06	6.54075e+06	6.5225e+06	6.472e+06	
6.60825e+06	6.57975e+06	6.6165e+06	6.43925e+06	6.4935e+06	
6.491e+06	6.43175e+06	6.4575e+06	6.435e+06	6.44625e+06	
6.423e+06	6.39325e+06	6.4405e+06	6.355e+06	6.42175e+06	
6.39325e+06	6.38325e+06	6.2945e+06	6.32775e+06	6.38e+06	
6.3555e+06	6.3315e+06	6.3745e+06	6.307e+06	6.283e+06	
6.3675e+06	6.37e+06	6.2245e+06	6.2705e+06	6.2925e+06	
6.382e+06	6.35225e+06	6.285e+06	6.23825e+06	6.26675e+06	
6.24975e+06	6.2225e+06	6.23575e+06	6.1955e+06	6.17975e+06	
6.2515e+06	6.171e+06	6.2105e+06	6.152e+06	6.15775e+06	
6.2365e+06	6.16525e+06	6.16275e+06	6.1035e+06	6.08525e+06	
6.16525e+06	6.067e+06	6.10525e+06	6.0625e+06	6.09775e+06	
6.116e+06	6.1135e+06	6.0435e+06	6.009e+06	6.00775e+06	
6.1985e+06	6.15575e+06	6.20175e+06	6.0845e+06	6.08775e+06	
6.1665e+06	6.1425e+06	6.1565e+06	6.0575e+06	6.116e+06	
6.23325e+06	6.09975e+06	6.20425e+06	6.17975e+06	6.2155e+06	
6.232e+06	6.20675e+06	6.13625e+06	6.16025e+06	6.213e+06	
6.099e+06	6.14325e+06	6.10275e+06	5.995e+06	6.06625e+06	
6.13625e+06	6.18675e+06	6.10775e+06	6.0895e+06	6.0405e+06	
6.17725e+06	6.13375e+06	6.036e+06	6.00775e+06	6.07375e+06	
6.19675e+06	6.14e+06	6.1355e+06	6.17475e+06	6.12875e+06	
6.15825e+06	6.07625e+06	6.176e+06	6.10725e+06	6.13125e+06	
6.1785e+06	6.12225e+06	6.116e+06	6.10025e+06	6.1255e+06	
6.13675e+06	6.14575e+06	6.155e+06	6.0455e+06	6.1205e+06	
6.099e+06	6.012e+06	6.06e+06	5.94025e+06	6.021e+06	
6.1445e+06	6.072e+06	5.96975e+06	5.9995e+06	5.94025e+06	
6.07075e+06	6.046e+06	5.94725e+06	6.043e+06	6.01325e+06	
5.97375e+06	5.966e+06	5.9225e+06	5.9295e+06	5.89675e+06	
5.88725e+06	5.777e+06	5.81225e+06	5.78025e+06	5.83875e+06	
5.73475e+06	5.646e+06	5.6485e+06	5.54825e+06	5.63275e+06	
5.40075e+06	5.43675e+06	5.406e+06	5.34975e+06	5.38825e+06	
5.25975e+06	5.232e+06	5.2535e+06	5.179e+06	5.25075e+06	
5.3095e+06	5.28425e+06	5.266e+06	5.2735e+06	5.189e+06	
5.41475e+06	5.37625e+06	5.32975e+06	5.3145e+06	5.3165e+06	
5.44675e+06	5.44925e+06	5.44675e+06	5.409e+06	5.42475e+06	
5.5975e+06	5.5665e+06	5.55575e+06	5.513e+06	5.5545e+06	
5.745e+06	5.615e+06	5.593e+06	5.62525e+06	5.646e+06	
5.823e+06	5.6995e+06	5.6725e+06	5.641e+06	5.692e+06	
5.777e+06	5.67875e+06	5.6705e+06	5.7185e+06	5.728e+06	
5.8765e+06	5.816e+06	5.7845e+06	5.656e+06	5.76575e+06	
5.84575e+06	5.78025e+06	5.74675e+06	5.80225e+06	5.85325e+06	
5.864e+06	5.83175e+06	5.864e+06	5.85325e+06	5.7595e+06	
5.869e+06	5.8765e+06	5.81175e+06	5.733e+06	5.82875e+06	
5.9435e+06	5.869e+06	5.862e+06	5.9e+06	5.779e+06	
5.9465e+06	5.92375e+06	5.8765e+06	5.85525e+06	5.86075e+06	
5.874e+06	5.816e+06	5.89675e+06	5.8035e+06	5.8375e+06	
5.8255e+06	5.85075e+06	5.80675e+06	5.80725e+06	5.801e+06	
5.8785e+06	5.88725e+06	5.82175e+06	5.88725e+06	5.80025e+06	
5.927e+06	5.91875e+06	5.934e+06	5.80425e+06	5.79025e+06	
5.93575e+06	5.83125e+06	5.881e+06	5.917e+06	5.864e+06	
5.93775e+06	5.81425e+06	5.72975e+06	5.736e+06	5.77575e+06	
5.81225e+06	5.74925e+06	5.77775e+06	5.782e+06	5.842e+06	
5.78975e+06	5.80925e+06	5.7385e+06	5.7765e+06	5.7885e+06	
5.7765e+06	5.825e+06	5.72525e+06	5.71225e+06	5.7795e+06	
5.8375e+06	5.73475e+06	5.748e+06	5.726e+06	5.716e+06	
5.78775e+06	5.75625e+06	5.7355e+06	5.71075e+06	5.697e+06	
5.8475e+06	5.835e+06	5.7355e+06	5.68875e+06	5.7185e+06	
5.77075e+06	5.76625e+06	5.7285e+06	5.75125e+06	5.678e+06	
5.81425e+06	5.724e+06	5.72725e+06	5.6925e+06	5.675e+06	
5.7985e+06	5.84625e+06	5.85075e+06	5.6705e+06	5.7385e+06	
5.80225e+06	5.73975e+06	5.745e+06	5.702e+06	5.71025e+06	
5.75175e+06	5.72025e+06	5.81175e+06	5.651e+06	5.7575e+06	
5.7185e+06	5.70825e+06	5.6945e+06	5.69575e+06	5.678e+06	
5.67675e+06	5.7065e+06	5.5615e+06	5.73475e+06	5.682e+06	
5.74375e+06	5.68075e+06	5.60825e+06	5.65425e+06	5.6075e+06	
5.70025e+06	5.75175e+06	5.61325e+06	5.60825e+06	5.624e+06	
5.80475e+06	5.6465e+06	5.63775e+06	5.6725e+06	5.728e+06	
5.63025e+06	5.58225e+06	5.64225e+06	5.63525e+06	5.65925e+06	
5.64225e+06	5.7015e+06	5.663e+06	5.60575e+06	5.6095e+06	
5.64275e+06	5.65675e+06	5.6095e+06	5.63325e+06	5.68825e+06	
5.71075e+06	5.63075e+06	5.62825e+06	5.64225e+06	5.511e+06	
5.569e+06	5.63075e+06	5.65675e+06	5.54825e+06	5.55975e+06	
5.61375e+06	5.5925e+06	5.6215e+06	5.547e+06	5.598e+06	
5.67925e+06	5.57925e+06	5.56725e+06	5.44425e+06	5.59125e+06	
5.605e+06	5.549e+06	5.53825e+06	5.46075e+06	5.532e+06	
5.58475e+06	5.54e+06	5.452e+06	5.5205e+06	5.48025e+06	
5.51675e+06	5.622e+06	5.49475e+06	5.48725e+06	5.46375e+06	
5.51625e+06	5.557e+06	5.47825e+06	5.43625e+06	5.477e+06	
5.43675e+06	5.4765e+06	5.479e+06	5.4505e+06	5.4545e+06	
5.54325e+06	5.455e+06	5.41025e+06	5.406e+06	5.45875e+06	
5.5055e+06	5.4065e+06	5.5375e+06	5.47325e+06	5.43925e+06	
5.4625e+06	5.48025e+06	5.49725e+06	5.4745e+06	5.474e+06	
5.5835e+06	5.503e+06	5.49275e+06	5.55075e+06	5.4885e+06	
5.515e+06	5.508e+06	5.455e+06	5.44e+06	5.472e+06	
5.443e+06	5.48075e+06	5.431e+06	5.474e+06	5.4965e+06	
5.53375e+06	5.41525e+06	5.42925e+06	5.421e+06	5.36375e+06	
5.4595e+06	5.4455e+06	5.44175e+06	5.45325e+06	5.36675e+06	
5.47325e+06	5.43925e+06	5.3825e+06	5.36375e+06	5.3795e+06	
5.4305e+06	5.448e+06	5.39275e+06	5.38375e+06	5.4065e+06	
5.474e+06	5.45375e+06	5.36675e+06	5.42975e+06	5.41475e+06	
5.44125e+06	5.3555e+06	5.29825e+06	5.28225e+06	5.346e+06	
5.37375e+06	5.4185e+06	5.302e+06	5.271e+06	5.39775e+06	
5.411e+06	5.38875e+06	5.34925e+06	5.4205e+06	5.3335e+06	
5.40075e+06	5.39325e+06	5.35175e+06	5.3095e+06	5.2665e+06	
5.41475e+06	5.30375e+06	5.30575e+06	5.3485e+06	5.283e+06	
5.382e+06	5.29625e+06	5.283e+06	5.35425e+06	5.32825e+06	
5.3195e+06	5.29125e+06	5.227e+06	5.293e+06	5.27725e+06	
5.324e+06	5.32325e+06	5.2565e+06	5.2005e+06	5.264e+06	
5.314e+06	5.295e+06	5.25775e+06	5.247e+06	5.2055e+06	
5.34975e+06	5.23625e+06	5.32075e+06	5.29425e+06	5.2075e+06	
5.288e+06	5.21e+06	5.3335e+06	5.26025e+06	5.23625e+06	
5.2735e+06	5.22e+06	5.17275e+06	5.225e+06	5.19925e+06	
5.283e+06	5.2705e+06	5.2685e+06	5.249e+06	5.25975e+06	
5.2615e+06	5.19025e+06	5.152e+06	5.12725e+06	5.2175e+06	
5.242e+06	5.1815e+06	5.26025e+06	5.16525e+06	5.2565e+06	
5.239e+06	5.181e+06	5.20875e+06	5.104e+06	5.111e+06	
5.2225e+06	5.1115e+06	5.1645e+06	5.24275e+06	5.15875e+06	
5.2755e+06	5.13925e+06	5.20625e+06	5.0895e+06	5.17025e+06	
5.21675e+06	5.19225e+06	5.14575e+06	5.041e+06	5.15075e+06	
5.1285e+06	5.06675e+06	5.075e+06	5.11925e+06	5.087e+06	
5.13125e+06	5.1035e+06	5.05425e+06	4.99825e+06	5.07825e+06	
5.11675e+06	5.03975e+06	5.09775e+06	5.084e+06	5.0605e+06	
5.065e+06	5.1015e+06	5.019e+06	4.99575e+06	5.04725e+06	
5.05925e+06	5.04475e+06	4.95475e+06	5.075e+06	4.9635e+06	
4.96725e+06	4.99325e+06	4.9775e+06	4.968e+06	4.959e+06	
5.048e+06	5.0025e+06	4.97425e+06	4.90875e+06	4.971e+06	
5.04475e+06	5.024e+06	4.9685e+06	4.92625e+06	4.913e+06	
4.9535e+06	4.96175e+06	4.85575e+06	4.9025e+06	4.95725e+06	
4.949e+06	4.87275e+06	4.98625e+06	4.88025e+06	4.90375e+06	
4.90175e+06	4.8785e+06	4.8325e+06	4.7525e+06	4.787e+06	
4.8085e+06	4.73675e+06	4.59425e+06	4.68125e+06	4.697e+06	
4.35725e+06	4.416e+06	4.3655e+06	4.298e+06	4.3125e+06	
4.1375e+06	4.0675e+06	4.14925e+06	4.10725e+06	4.16075e+06	
3.944e+06	3.95225e+06	3.9785e+06	3.922e+06	4.00325e+06	
4.0285e+06	4.02575e+06	3.951e+06	3.9995e+06	3.96975e+06	
4.00575e+06	4.07175e+06	4.04725e+06	3.976e+06	4.0435e+06	
4.1115e+06	4.068e+06	3.9635e+06	3.9685e+06	4.077e+06	
4.07875e+06	4.1015e+06	4.0025e+06	4.036e+06	4.002e+06	
4.07625e+06	4.05425e+06	4.075e+06	4.0795e+06	4e+06	
4.1085e+06	4.126e+06	4.07125e+06	4.03225e+06	4.09575e+06	
4.12475e+06	4.12175e+06	4.0775e+06	4.15325e+06	4.0845e+06	
4.184e+06	4.10725e+06	4.114e+06	4.09025e+06	4.1015e+06	
4.16125e+06	4.13875e+06	4.14625e+06	4.1375e+06	4.18225e+06	
4.21175e+06	4.1595e+06	4.143e+06	4.2085e+06	4.2105e+06	
4.29125e+06	4.23575e+06	4.26225e+06	4.22125e+06	4.19925e+06	
4.26775e+06	4.203e+06	4.273e+06	4.26275e+06	4.225e+06	
4.39825e+06	4.31325e+06	4.30375e+06	4.2715e+06	4.24325e+06	
4.2835e+06	4.27475e+06	4.26725e+06	4.25025e+06	4.2345e+06	
4.3705e+06	4.28475e+06	4.2325e+06	4.28425e+06	4.28175e+06	
4.26025e+06	4.283e+06	4.2735e+06	4.15325e+06	4.203e+06	
4.25575e+06	4.2175e+06	4.21425e+06	4.20425e+06	4.27225e+06	
4.276e+06	4.1915e+06	4.21375e+06	4.249e+06	4.1935e+06	
4.23e+06	4.232e+06	4.12475e+06	4.19025e+06	4.18275e+06	
4.16775e+06	4.17025e+06	4.14e+06	4.15825e+06	4.1595e+06	
4.2105e+06	4.14e+06	4.22625e+06	4.15575e+06	4.1115e+06	
4.1205e+06	4.17525e+06	4.1625e+06	4.11475e+06	4.0505e+06	
4.13425e+06	4.1375e+06	4.08125e+06	4.14675e+06	4.15075e+06	
4.1915e+06	4.082e+06	4.07875e+06	4.0675e+06	4.08625e+06	
4.167e+06	4.16325e+06	4.0245e+06	4.14425e+06	4.106e+06	
4.244e+06	4.186e+06	4.11925e+06	4.18225e+06	4.106e+06	
4.17325e+06	4.21125e+06	4.17325e+06	4.128e+06	4.1575e+06	
4.29875e+06	4.23625e+06	4.16375e+06	4.218e+06	4.24e+06	
4.20675e+06	4.15825e+06	4.227e+06	4.1695e+06	4.203e+06	
4.276e+06	4.23625e+06	4.20475e+06	4.19025e+06	4.24575e+06	
4.1985e+06	4.206e+06	4.17775e+06	4.1475e+06	4.097e+06	
4.1695e+06	4.1885e+06	4.143e+06	4.181e+06	4.11775e+06	
4.1595e+06	4.1355e+06	4.0845e+06	4.0775e+06	4.07175e+06	
4.077e+06	4.12675e+06	4.087e+06	4.0655e+06	3.97175e+06	
4.09025e+06	4.0625e+06	4.0745e+06	4.05725e+06	3.96925e+06	
4.11775e+06	4.046e+06	4.02725e+06	4.036e+06	4.012e+06	
4.077e+06	4.0385e+06	4.04475e+06	4.01325e+06	4.01325e+06	
3.99625e+06	3.9515e+06	3.964e+06	3.92375e+06	3.92125e+06	
4.0145e+06	3.8955e+06	3.8835e+06	3.9685e+06	3.8835e+06	
3.968e+06	3.96675e+06	3.804e+06	3.84825e+06	3.85575e+06	
3.949e+06	3.898e+06	3.86325e+06	3.84e+06	3.9035e+06	
3.91375e+06	3.89425e+06	3.857e+06	3.84625e+06	3.80975e+06	
3.833e+06	3.87475e+06	3.838e+06	3.86325e+06	3.82175e+06	
3.88975e+06	3.81675e+06	3.8785e+06	3.8355e+06	3.82925e+06	
3.77825e+06	3.8305e+06	3.7455e+06	3.77625e+06	3.852e+06	
3.925e+06	3.8305e+06	3.82675e+06	3.7725e+06	3.7725e+06	
3.9275e+06	3.84e+06	3.855e+06	3.79325e+06	3.8405e+06	
3.89475e+06	3.80725e+06	3.843e+06	3.85075e+06	3.816e+06	
3.84875e+06	3.82725e+06	3.82675e+06	3.86825e+06	3.806e+06	
3.85125e+06	3.87325e+06	3.869e+06	3.84625e+06	3.8905e+06	
3.83875e+06	3.843e+06	3.835e+06	3.8155e+06	3.794e+06	
3.87025e+06	3.8205e+06	3.87975e+06	3.81725e+06	3.79025e+06	
3.8955e+06	3.87325e+06	3.867e+06	3.80025e+06	3.78575e+06	
3.8475e+06	3.7675e+06	3.78075e+06	3.7915e+06	3.7795e+06	
3.79075e+06	3.813e+06	3.816e+06	3.80725e+06	3.81025e+06	
3.7795e+06	3.76625e+06	3.72725e+06	3.71075e+06	3.772e+06	
3.7915e+06	3.73225e+06	3.7795e+06	3.78e+06	3.79775e+06	
3.82175e+06	3.8115e+06	3.782e+06	3.736e+06	3.75175e+06	
3.8405e+06	3.78525e+06	3.82725e+06	3.767e+06	3.76375e+06	
3.84e+06	3.79525e+06	3.7695e+06	3.74725e+06	3.7675e+06	
3.73725e+06	3.7455e+06	3.775e+06	3.73525e+06	3.702e+06	
3.77075e+06	3.7285e+06	3.683e+06	3.731e+06	3.70325e+06	
3.7695e+06	3.69875e+06	3.707e+06	3.7115e+06	3.72475e+06	
3.79025e+06	3.71575e+06	3.63025e+06	3.6805e+06	3.6635e+06	
3.77875e+06	3.69825e+06	3.726e+06	3.6995e+06	3.69325e+06	
3.6655e+06	3.78075e+06	3.659e+06	3.63575e+06	3.64525e+06	
3.64975e+06	3.66225e+06	3.63325e+06	3.63575e+06	3.6975e+06	
3.76625e+06	3.683e+06	3.69575e+06	3.702e+06	3.6705e+06	
3.707e+06	3.72025e+06	3.67625e+06	3.627e+06	3.6605e+06	
3.69625e+06	3.603e+06	3.68e+06	3.59725e+06	3.64075e+06	
3.724e+06	3.6735e+06	3.61875e+06	3.61375e+06	3.67225e+06	
3.68875e+06	3.57775e+06	3.63275e+06	3.60125e+06	3.63325e+06	
3.656e+06	3.646e+06	3.5855e+06	3.5935e+06	3.6105e+06	
3.64025e+06	3.62325e+06	3.61125e+06	3.55275e+06	3.59175e+06	
3.6275e+06	3.66425e+06	3.56025e+06	3.55125e+06	3.605e+06	
3.59225e+06	3.596e+06	3.504e+06	3.53675e+06	3.52625e+06	
3.547e+06	3.55825e+06	3.5275e+06	3.528e+06	3.48525e+06	
3.55075e+06	3.5595e+06	3.47375e+06	3.52675e+06	3.4815e+06	
3.5765e+06	3.48775e+06	3.45375e+06	3.45375e+06	3.5275e+06	
3.4695e+06	3.53425e+06	3.494e+06	3.506e+06	3.419e+06	
3.477e+06	3.53675e+06	3.4845e+06	3.438e+06	3.458e+06	
3.41775e+06	3.42475e+06	3.42475e+06	3.36425e+06	3.4725e+06	
3.44625e+06	3.4115e+06	3.4065e+06	3.49725e+06	3.4215e+06	
3.46075e+06	3.431e+06	3.40525e+06	3.4455e+06	3.407e+06	
3.37175e+06	3.414e+06	3.38625e+06	3.3635e+06	3.37175e+06	
3.339e+06	3.361e+06	3.33525e+06	3.3635e+06	3.3585e+06	
3.25525e+06	3.339e+06	3.26075e+06	3.232e+06	3.2205e+06	
3.196e+06	3.1815e+06	3.1425e+06	3.1425e+06	3.1335e+06	
3.0775e+06	3.01325e+06	3.03475e+06	3.0245e+06	3.073e+06	
2.9635e+06	2.93575e+06	2.93575e+06	2.93325e+06	2.9055e+06	
2.90175e+06	2.82725e+06	2.872e+06	2.8915e+06	2.8525e+06	
2.8135e+06	2.8035e+06	2.77575e+06	2.8255e+06	2.831e+06	
2.75475e+06	2.77e+06	2.7655e+06	2.7115e+06	2.731e+06	
2.6855e+06	2.6445e+06	2.68675e+06	2.61875e+06	2.6515e+06	
2.666e+06	2.68375e+06	2.65975e+06	2.59675e+06	2.5955e+06	
2.586e+06	2.64075e+06	2.5905e+06	2.64025e+06	2.5955e+06	
2.61125e+06	2.615e+06	2.55325e+06	2.576e+06	2.54825e+06	
2.62375e+06	2.5695e+06	2.596e+06	2.55625e+06	2.59675e+06	
2.63575e+06	2.57725e+06	2.59475e+06	2.557e+06	2.5985e+06	
2.61675e+06	2.627e+06	2.644e+06	2.64525e+06	2.62325e+06	
2.736e+06	2.739e+06	2.74425e+06	2.7365e+06	2.7075e+06	
2.85825e+06	2.816e+06	2.7575e+06	2.76e+06	2.7915e+06	
2.95275e+06	2.913e+06	2.87825e+06	2.8645e+06	2.877e+06	
2.99875e+06	2.9685e+06	2.932e+06	2.927e+06	2.88225e+06	
2.964e+06	2.97925e+06	2.9415e+06	2.97725e+06	2.95325e+06	
2.99e+06	2.94075e+06	2.9445e+06	2.99625e+06	2.944e+06	
2.9415e+06	2.96775e+06	2.90225e+06	2.9325e+06	2.93825e+06	
2.89675e+06	2.88525e+06	2.8835e+06	2.8375e+06	2.8375e+06	
2.78075e+06	2.78575e+06	2.81275e+06	2.8015e+06	2.7845e+06	
2.73725e+06	2.7195e+06	2.736e+06	2.7335e+06	2.763e+06	
2.7675e+06	2.7115e+06	2.70825e+06	2.753e+06	2.72975e+06	
2.70075e+06	2.68375e+06	2.6735e+06	2.65475e+06	2.676e+06	
2.7285e+06	2.66475e+06	2.64525e+06	2.67725e+06	2.67225e+06	
2.70075e+06	2.6565e+06	2.65025e+06	2.6585e+06	2.656e+06	
2.67675e+06	2.664e+06	2.68e+06	2.64825e+06	2.693e+06	
2.68175e+06	2.65975e+06	2.6975e+06	2.693e+06	2.639e+06	
2.6925e+06	2.69e+06	2.64325e+06	2.6755e+06	2.73525e+06	
2.69625e+06	2.74725e+06	2.6975e+06	2.678e+06	2.64275e+06	
2.743e+06	2.7145e+06	2.676e+06	2.69875e+06	2.69875e+06	
2.702e+06	2.688e+06	2.693e+06	2.69375e+06	2.67225e+06	
2.69425e+06	2.625e+06	2.64025e+06	2.62325e+06	2.6515e+06	
2.63e+06	2.69425e+06	2.62825e+06	2.65975e+06	2.591e+06	
2.685e+06	2.65775e+06	2.61875e+06	2.6195e+06	2.64075e+06	
2.6365e+06	2.67675e+06	2.65725e+06	2.66975e+06	2.632e+06	
2.6365e+06	2.60425e+06	2.613e+06	2.6055e+06	2.59475e+06	
2.60225e+06	2.64325e+06	2.54625e+06	2.58925e+06	2.62375e+06	
2.64325e+06	2.6225e+06	2.651e+06	2.63775e+06	2.64775e+06	
2.60375e+06	2.651e+06	2.66275e+06	2.64025e+06	2.67725e+06	
2.644e+06	2.65025e+06	2.67425e+06	2.6515e+06	2.64275e+06	
2.688e+06	2.601e+06	2.62575e+06	2.6245e+06	2.63825e+06	
2.6635e+06	2.67725e+06	2.6755e+06	2.65775e+06	2.6365e+06	
2.6585e+06	2.66725e+06	2.6005e+06	2.63575e+06	2.647e+06	
2.70325e+06	2.64075e+06	2.64975e+06	2.64975e+06	2.654e+06	
2.78e+06	2.7075e+06	2.707e+06	2.68425e+06	2.7115e+06	
2.73275e+06	2.71575e+06	2.76425e+06	2.717e+06	2.6785e+06	
2.80075e+06	2.74475e+06	2.76175e+06	2.6925e+06	2.75475e+06	
2.77825e+06	2.785e+06	2.806e+06	2.79075e+06	2.726e+06	
2.7705e+06	2.81975e+06	2.8305e+06	2.73975e+06	2.78625e+06	
2.80275e+06	2.8495e+06	2.88975e+06	2.8115e+06	2.8815e+06	
2.85575e+06	2.8525e+06	2.88025e+06	2.82425e+06	2.81975e+06	
2.8645e+06	2.809e+06	2.8665e+06	2.83425e+06	2.8305e+06	
2.89975e+06	2.87325e+06	2.89225e+06	2.83425e+06	2.86e+06	
2.87325e+06	2.85125e+06	2.8405e+06	2.814e+06	2.864e+06	
2.87575e+06	2.88525e+06	2.8475e+06	2.84375e+06	2.843e+06	
2.8745e+06	2.8425e+06	2.79075e+06	2.864e+06	2.83375e+06	
2.89025e+06	2.84625e+06	2.79775e+06	2.821e+06	2.83675e+06	
2.879e+06	2.82425e+06	2.8525e+06	2.816e+06	2.79825e+06	
2.87575e+06	2.76125e+06	2.8065e+06	2.76425e+06	2.80275e+06	
2.80025e+06	2.8285e+06	2.78075e+06	2.78775e+06	2.79775e+06	
2.80975e+06	2.768e+06	2.8115e+06	2.814e+06	2.73725e+06	
2.84375e+06	2.8645e+06	2.809e+06	2.77625e+06	2.8085e+06	
2.8695e+06	2.8285e+06	2.87025e+06	2.8355e+06	2.83925e+06	
2.838e+06	2.84625e+06	2.8375e+06	2.82225e+06	2.8745e+06	
2.79525e+06	2.8405e+06	2.79025e+06	2.85325e+06	2.7725e+06	
2.82225e+06	2.79025e+06	2.79575e+06	2.75425e+06	2.818e+06	
2.785e+06	2.855e+06	2.79075e+06	2.77325e+06	2.80775e+06	
2.79575e+06	2.818e+06	2.80225e+06	2.80775e+06	2.8035e+06	
2.77e+06	2.7775e+06	2.816e+06	2.7995e+06	2.76175e+06	
2.78625e+06	2.7965e+06	2.746e+06	2.8015e+06	2.8065e+06	
2.8475e+06	2.8115e+06	2.775e+06	2.792e+06	2.76375e+06	
2.8015e+06	2.79825e+06	2.78625e+06	2.785e+06	2.76625e+06	
2.82675e+06	2.7575e+06	2.7605e+06	2.79275e+06	2.7535e+06	
2.823e+06	2.814e+06	2.76625e+06	2.7605e+06	2.7455e+06	
2.78825e+06	2.7505e+06	2.76425e+06	2.7365e+06	2.79575e+06	
2.7845e+06	2.8085e+06	2.74475e+06	2.7365e+06	2.748e+06	
2.78325e+06	2.77875e+06	2.811e+06	2.80025e+06	2.76175e+06	
2.82225e+06	2.81275e+06	2.7625e+06	2.77e+06	2.71275e+06	
2.8455e+06	2.835e+06	2.7995e+06	2.8455e+06	2.7675e+06	
2.82175e+06	2.799e+06	2.80975e+06	2.797e+06	2.794e+06	
2.83875e+06	2.78625e+06	2.81025e+06	2.84375e+06	2.78375e+06	
2.79025e+06	2.792e+06	2.7915e+06	2.78375e+06	2.7605e+06	
2.8235e+06	2.79275e+06	2.76625e+06	2.77e+06	2.794e+06	
2.809e+06	2.782e+06	2.83225e+06	2.8015e+06	2.76875e+06	
2.83375e+06	2.7745e+06	2.768e+06	2.76675e+06	2.72775e+06	
2.80025e+06	2.80475e+06	2.78625e+06	2.76125e+06	2.7505e+06	
2.7965e+06	2.7705e+06	2.78325e+06	2.79075e+06	2.82675e+06	
2.77625e+06	2.77625e+06	2.768e+06	2.7725e+06	2.73525e+06	
2.797e+06	2.78825e+06	2.7705e+06	2.77825e+06	2.77325e+06	
2.78375e+06	2.7895e+06	2.8255e+06	2.74675e+06	2.76625e+06	
2.765e+06	2.777e+06	2.777e+06	2.772e+06	2.7145e+06	
2.816e+06	2.751e+06	2.7675e+06	2.72975e+06	2.77575e+06	
2.78325e+06	2.78075e+06	2.7625e+06	2.79275e+06	2.74975e+06	
2.758e+06	2.77375e+06	2.697e+06	2.69175e+06	2.70325e+06	
2.74425e+06	2.7505e+06	2.74975e+06	2.763e+06	2.70875e+06	
2.80025e+06	2.734e+06	2.7555e+06	2.73275e+06	2.707e+06	
2.7145e+06	2.75675e+06	2.736e+06	2.7145e+06	2.73725e+06	
2.76625e+06	2.6755e+06	2.69575e+06	2.72975e+06	2.7045e+06	
2.7485e+06	2.69125e+06	2.68175e+06	2.6755e+06	2.64975e+06	
2.72275e+06	2.678e+06	2.68675e+06	2.644e+06	2.68875e+06	
2.68925e+06	2.71275e+06	2.69175e+06	2.67175e+06	2.69575e+06	
2.7045e+06	2.68625e+06	2.6195e+06	2.634e+06	2.6805e+06	
2.6345e+06	2.7025e+06	2.666e+06	2.673e+06	2.634e+06	
2.6735e+06	2.64075e+06	2.71575e+06	2.67725e+06	2.6705e+06	
2.68175e+06	2.65475e+06	2.6175e+06	2.664e+06	2.62825e+06	
2.67675e+06	2.6755e+06	2.654e+06	2.67675e+06	2.63825e+06	
2.66025e+06	2.64575e+06	2.62625e+06	2.59225e+06	2.62825e+06	
2.673e+06	2.6615e+06	2.70625e+06	2.60425e+06	2.596e+06	
2.68125e+06	2.68e+06	2.66475e+06	2.67175e+06	2.666e+06	
2.6565e+06	2.6325e+06	2.618e+06	2.61875e+06	2.6155e+06	
2.639e+06	2.6875e+06	2.62375e+06	2.62875e+06	2.676e+06	
2.676e+06	2.60925e+06	2.64775e+06	2.6345e+06	2.6685e+06	
2.66725e+06	2.625e+06	2.642e+06	2.61875e+06	2.65025e+06	
2.61675e+06	2.5985e+06	2.6075e+06	2.58975e+06	2.57525e+06	
2.581e+06	2.6245e+06	2.6155e+06	2.61625e+06	2.5865e+06	
2.64775e+06	2.64525e+06	2.6365e+06	2.62625e+06	2.60675e+06	
2.642e+06	2.60625e+06	2.593e+06	2.58225e+06	2.5765e+06	
2.6075e+06	2.6295e+06	2.562e+06	2.53925e+06	2.57525e+06	
2.6225e+06	2.59225e+06	2.59925e+06	2.5475e+06	2.5815e+06	
2.60225e+06	2.576e+06	2.5615e+06	2.5495e+06	2.50025e+06	
2.59675e+06	2.57025e+06	2.567e+06	2.5255e+06	2.57475e+06	
2.562e+06	2.572e+06	2.5715e+06	2.545e+06	2.55575e+06	
2.53375e+06	2.55825e+06	2.54375e+06	2.56775e+06	2.54875e+06	
2.58925e+06	2.56775e+06	2.489e+06	2.55375e+06	2.5405e+06	
2.57525e+06	2.56075e+06	2.5405e+06	2.53375e+06	2.56325e+06	
2.54825e+06	2.54125e+06	2.48075e+06	2.52175e+06	2.535e+06	
2.49725e+06	2.4985e+06	2.5355e+06	2.43925e+06	2.46625e+06	
2.3705e+06	2.38675e+06	2.35925e+06	2.36725e+06	2.36175e+06	
2.1915e+06	2.1745e+06	2.17825e+06	2.17e+06	2.1865e+06	
1.901e+06	1.889e+06	1.894e+06	1.86125e+06	1.913e+06	
1.58275e+06	1.613e+06	1.6295e+06	1.60725e+06	1.58225e+06	
1.37675e+06	1.38e+06	1.4165e+06	1.36925e+06	1.3705e+06	
1.2355e+06	1.216e+06	1.21475e+06	1.2135e+06	1.22225e+06	
1.16625e+06	1.1335e+06	1.14425e+06	1.12525e+06	1.1335e+06	
1.201e+06	1.1965e+06	1.18775e+06	1.16125e+06	1.17575e+06	
1.274e+06	1.2715e+06	1.2785e+06	1.26325e+06	1.28475e+06	
1.39625e+06	1.388e+06	1.35225e+06	1.3825e+06	1.38925e+06	
1.409e+06	1.42325e+06	1.4405e+06	1.431e+06	1.424e+06	
1.431e+06	1.41825e+06	1.395e+06	1.3705e+06	1.39175e+06	
1.42725e+06	1.4285e+06	1.443e+06	1.402e+06	1.38925e+06	
1.41075e+06	1.4385e+06	1.41275e+06	1.371e+06	1.42075e+06	
1.434e+06	1.3805e+06	1.39175e+06	1.3855e+06	1.4075e+06	
1.434e+06	1.402e+06	1.41825e+06	1.39175e+06	1.395e+06	
1.4485e+06	1.436e+06	1.436e+06	1.441e+06	1.448e+06	
1.55e+06	1.514e+06	1.489e+06	1.501e+06	1.48075e+06	
1.5645e+06	1.53675e+06	1.5745e+06	1.5815e+06	1.56825e+06	
1.65725e+06	1.63125e+06	1.61925e+06	1.586e+06	1.64525e+06	
1.685e+06	1.7075e+06	1.6225e+06	1.66975e+06	1.702e+06	
1.7875e+06	1.75725e+06	1.73225e+06	1.75975e+06	1.74225e+06	
1.86125e+06	1.83925e+06	1.83925e+06	1.76375e+06	1.8115e+06	
1.901e+06	1.8985e+06	1.88475e+06	1.8835e+06	1.85125e+06	
1.969e+06	1.976e+06	1.959e+06	1.9395e+06	1.949e+06	
1.99175e+06	1.96275e+06	1.97925e+06	2.00425e+06	1.99875e+06	
2.0515e+06	2.0555e+06	2.04025e+06	2.0655e+06	2.0705e+06	
2.1265e+06	2.12925e+06	2.11775e+06	2.109e+06	2.13175e+06	
2.19025e+06	2.17e+06	2.1505e+06	2.141e+06	2.1165e+06	
2.1675e+06	2.199e+06	2.15375e+06	2.1555e+06	2.17375e+06	
2.2205e+06	2.21975e+06	2.15625e+06	2.18025e+06	2.19525e+06	
2.18525e+06	2.2275e+06	2.16825e+06	2.20725e+06	2.16575e+06	
2.1985e+06	2.19975e+06	2.18525e+06	2.1745e+06	2.18825e+06	
2.184e+06	2.199e+06	2.20275e+06	2.191e+06	2.2035e+06	
2.257e+06	2.21975e+06	2.23e+06	2.1625e+06	2.23e+06	
2.24075e+06	2.187e+06	2.20225e+06	2.2155e+06	2.2105e+06	
2.24575e+06	2.2425e+06	2.24075e+06	2.23e+06	2.233e+06	
2.22425e+06	2.22125e+06	2.247e+06	2.2275e+06	2.19775e+06	
2.27775e+06	2.20975e+06	2.22175e+06	2.2105e+06	2.16125e+06	
2.25525e+06	2.20725e+06	2.216e+06	2.2015e+06	2.177e+06	
2.228e+06	2.2135e+06	2.19725e+06	2.1725e+06	2.18275e+06	
2.21925e+06	2.254e+06	2.22175e+06	2.196e+06	2.17375e+06	
2.24625e+06	2.21675e+06	2.20225e+06	2.20725e+06	2.1525e+06	
2.18575e+06	2.196e+06	2.1985e+06	2.1725e+06	2.162e+06	
2.20725e+06	2.18825e+06	2.184e+06	2.211e+06	2.14925e+06	
2.18525e+06	2.18525e+06	2.19975e+06	2.20025e+06	2.16e+06	
2.19975e+06	2.14875e+06	2.15175e+06	2.18775e+06	2.13425e+06	
2.18275e+06	2.13175e+06	2.17825e+06	2.18075e+06	2.1625e+06	
2.14875e+06	2.18025e+06	2.15375e+06	2.1095e+06	2.1265e+06	
2.16575e+06	2.17775e+06	2.1695e+06	2.1185e+06	2.1355e+06	
2.16375e+06	2.13975e+06	2.13175e+06	2.107e+06	2.13725e+06	
2.13425e+06	2.1065e+06	2.1595e+06	2.11975e+06	2.1115e+06	
2.11725e+06	2.15175e+06	2.12725e+06	2.1475e+06	2.155e+06	
2.19475e+06	2.13225e+06	2.1645e+06	2.16125e+06	2.09e+06	
2.1285e+06	2.1335e+06	2.153e+06	2.10525e+06	2.102e+06	
2.10775e+06	2.1135e+06	2.1305e+06	2.131e+06	2.08575e+06	
2.12275e+06	2.13675e+06	2.0825e+06	2.092e+06	2.16075e+06	
2.116e+06	2.09625e+06	2.12725e+06	2.1045e+06	2.08325e+06	
2.12775e+06	2.10825e+06	2.14675e+06	2.095e+06	2.126e+06	
2.119e+06	2.09775e+06	2.0655e+06	2.07425e+06	2.107e+06	
2.0995e+06	2.1115e+06	2.09825e+06	2.08625e+06	2.09775e+06	
2.107e+06	2.07375e+06	2.04525e+06	2.0555e+06	2.0995e+06	
2.10025e+06	2.12925e+06	2.1235e+06	2.07425e+06	2.08125e+06	
2.0655e+06	2.11775e+06	2.1015e+06	2.073e+06	2.0635e+06	
2.10775e+06	2.11075e+06	2.10525e+06	2.0605e+06	2.07675e+06	
2.0705e+06	2.08625e+06	2.0725e+06	2.03575e+06	2.0845e+06	
2.0805e+06	2.114e+06	2.07125e+06	2.03575e+06	2.04275e+06	
2.09075e+06	2.022e+06	2.06875e+06	2.07175e+06	2.03575e+06	
2.0775e+06	2.06175e+06	2.03975e+06	2.0635e+06	2.056e+06	
2.0995e+06	2.10525e+06	2.07675e+06	2.01575e+06	2.087e+06	
2.10525e+06	2.07375e+06	2.058e+06	2.0485e+06	2.0515e+06	
2.085e+06	2.0725e+06	2.08875e+06	2.03975e+06	2.03725e+06	
2.05225e+06	2.06925e+06	2.075e+06	2.063e+06	2.0385e+06	
2.068e+06	2.049e+06	2.03275e+06	2.0485e+06	2.07875e+06	
2.04275e+06	2.06675e+06	2.0465e+06	2.0245e+06	1.995e+06	
2.04775e+06	2.03325e+06	2.01075e+06	2.0345e+06	2.0555e+06	
2.073e+06	1.98725e+06	2.0295e+06	2.02275e+06	2.01375e+06	
2.03775e+06	2.0075e+06	1.9925e+06	2.017e+06	1.99925e+06	
2.0295e+06	2.0215e+06	2.0145e+06	2.04475e+06	2.0485e+06	
1.9905e+06	2e+06	2e+06	1.96475e+06	2.022e+06	
2.0435e+06	2.046e+06	2.03975e+06	2.0315e+06	2.01325e+06	
2.0295e+06	2.0145e+06	2.00125e+06	2.0005e+06	1.9595e+06	
2.03725e+06	2.03325e+06	2.0145e+06	2.00875e+06	2.0365e+06	
2.03525e+06	1.9975e+06	1.98725e+06	1.9685e+06	2.04475e+06	
2.007e+06	1.99425e+06	2.003e+06	2.01825e+06	1.99125e+06	
1.98175e+06	2.007e+06	1.96225e+06	1.98975e+06	1.99925e+06	
1.97975e+06	1.9345e+06	1.94075e+06	1.96775e+06	1.9805e+06	
1.9735e+06	1.9175e+06	1.93825e+06	1.9885e+06	1.99625e+06	
1.9755e+06	1.93125e+06	1.90725e+06	1.9345e+06	1.92425e+06	
1.93075e+06	1.918e+06	1.94125e+06	1.901e+06	1.903e+06	
1.94075e+06	1.908e+06	1.9275e+06	1.925e+06	1.93075e+06	
1.94125e+06	1.949e+06	1.93325e+06	1.95025e+06	1.92875e+06	
1.961e+06	1.93625e+06	1.92675e+06	1.9105e+06	1.94325e+06	
1.915e+06	1.90675e+06	1.901e+06	1.8985e+06	1.92125e+06	
1.91175e+06	1.91925e+06	1.8915e+06	1.91425e+06	1.88525e+06	
1.87775e+06	1.89775e+06	1.89225e+06	1.89725e+06	1.8625e+06	
1.89525e+06	1.8715e+06	1.85e+06	1.90725e+06	1.87525e+06	
1.9005e+06	1.923e+06	1.891e+06	1.87775e+06	1.889e+06	
1.877e+06	1.87825e+06	1.8425e+06	1.874e+06	1.88025e+06	
1.862e+06	1.891e+06	1.85825e+06	1.89225e+06	1.89775e+06	
1.87525e+06	1.83225e+06	1.87825e+06	1.867e+06	1.84625e+06	
1.85875e+06	1.83425e+06	1.845e+06	1.8595e+06	1.84375e+06	
1.8915e+06	1.826e+06	1.8475e+06	1.84625e+06	1.838e+06	
1.84925e+06	1.83875e+06	1.836e+06	1.838e+06	1.8285e+06	
1.81775e+06	1.84625e+06	1.88025e+06	1.8405e+06	1.821e+06	
1.8335e+06	1.821e+06	1.80975e+06	1.814e+06	1.82025e+06	
1.84175e+06	1.7965e+06	1.8375e+06	1.814e+06	1.78e+06	
1.78625e+06	1.80775e+06	1.82475e+06	1.828e+06	1.78575e+06	
1.8165e+06	1.8165e+06	1.80025e+06	1.777e+06	1.7725e+06	
1.8135e+06	1.833e+06	1.7945e+06	1.80975e+06	1.8115e+06	
1.81525e+06	1.77625e+06	1.821e+06	1.814e+06	1.787e+06	
1.81775e+06	1.81275e+06	1.79325e+06	1.775e+06	1.7945e+06	
1.8215e+06	1.75925e+06	1.792e+06	1.7945e+06	1.7965e+06	
1.80525e+06	1.78625e+06	1.7845e+06	1.80075e+06	1.8045e+06	
1.8015e+06	1.80575e+06	1.75175e+06	1.773e+06	1.819e+06	
1.75175e+06	1.77e+06	1.7725e+06	1.80025e+06	1.78575e+06	
1.744e+06	1.75675e+06	1.75475e+06	1.74025e+06	1.7605e+06	
1.71325e+06	1.79325e+06	1.72025e+06	1.7165e+06	1.741e+06	
1.75425e+06	1.7435e+06	1.78075e+06	1.75725e+06	1.73525e+06	
1.75225e+06	1.75225e+06	1.7895e+06	1.73225e+06	1.7775e+06	
1.777e+06	1.753e+06	1.75175e+06	1.7025e+06	1.7585e+06	
1.7795e+06	1.77175e+06	1.758e+06	1.76875e+06	1.7485e+06	
1.814e+06	1.7385e+06	1.756e+06	1.7365e+06	1.741e+06	
1.73275e+06	1.73975e+06	1.756e+06	1.71e+06	1.717e+06	
1.73275e+06	1.729e+06	1.71e+06	1.72025e+06	1.73775e+06	
1.74675e+06	1.717e+06	1.70375e+06	1.68425e+06	1.72075e+06	
1.734e+06	1.72025e+06	1.72075e+06	1.7195e+06	1.70575e+06	
1.71575e+06	1.683e+06	1.65525e+06	1.66725e+06	1.693e+06	
1.70825e+06	1.6925e+06	1.68425e+06	1.6565e+06	1.69375e+06	
1.67175e+06	1.6835e+06	1.65275e+06	1.64025e+06	1.615e+06	
1.68225e+06	1.65475e+06	1.695e+06	1.671e+06	1.64525e+06	
1.6925e+06	1.664e+06	1.6805e+06	1.68625e+06	1.67425e+06	
1.62625e+06	1.66925e+06	1.659e+06	1.69925e+06	1.6565e+06	
1.654e+06	1.707e+06	1.676e+06	1.642e+06	1.67225e+06	
1.66975e+06	1.67725e+06	1.64525e+06	1.59975e+06	1.64525e+06	
1.64775e+06	1.64775e+06	1.61375e+06	1.6295e+06	1.60475e+06	
1.63375e+06	1.62325e+06	1.6415e+06	1.63325e+06	1.6155e+06	
1.5955e+06	1.627e+06	1.632e+06	1.632e+06	1.6395e+06	
1.642e+06	1.598e+06	1.61425e+06	1.64025e+06	1.606e+06	
1.6375e+06	1.625e+06	1.601e+06	1.63375e+06	1.6375e+06	
1.60225e+06	1.606e+06	1.6005e+06	1.63e+06	1.60225e+06	
1.61425e+06	1.56125e+06	1.60425e+06	1.603e+06	1.618e+06	
1.603e+06	1.61e+06	1.57575e+06	1.5885e+06	1.57725e+06	
1.59225e+06	1.6005e+06	1.625e+06	1.606e+06	1.5915e+06	
1.61875e+06	1.57075e+06	1.57525e+06	1.59675e+06	1.601e+06	
1.5935e+06	1.58525e+06	1.58025e+06	1.59725e+06	1.61625e+06	
1.60875e+06	1.58475e+06	1.59225e+06	1.61425e+06	1.5765e+06	
1.608e+06	1.6035e+06	1.603e+06	1.5915e+06	1.572e+06	
1.62125e+06	1.58775e+06	1.57725e+06	1.56525e+06	1.57325e+06	
1.6345e+06	1.62575e+06	1.5915e+06	1.57725e+06	1.60425e+06	
1.62325e+06	1.57525e+06	1.5715e+06	1.59475e+06	1.58525e+06	
1.589e+06	1.56825e+06	1.57725e+06	1.6035e+06	1.58475e+06	
1.5765e+06	1.5815e+06	1.53625e+06	1.57575e+06	1.5745e+06	
1.564e+06	1.56525e+06	1.538e+06	1.54625e+06	1.54875e+06	
1.58475e+06	1.56125e+06	1.54825e+06	1.5455e+06	1.56075e+06	
1.54e+06	1.52225e+06	1.5205e+06	1.5305e+06	1.5085e+06	
1.54425e+06	1.54e+06	1.52925e+06	1.52725e+06	1.528e+06	
1.5405e+06	1.51525e+06	1.52925e+06	1.51975e+06	1.5305e+06	
1.514e+06	1.5135e+06	1.506e+06	1.50025e+06	1.48775e+06	
1.5405e+06	1.52425e+06	1.54125e+06	1.526e+06	1.511e+06	
1.48325e+06	1.4895e+06	1.4795e+06	1.5085e+06	1.523e+06	
1.4725e+06	1.51475e+06	1.4915e+06	1.501e+06	1.492e+06	
1.497e+06	1.482e+06	1.4625e+06	1.49075e+06	1.468e+06	
1.46125e+06	1.48775e+06	1.48375e+06	1.487e+06	1.49325e+06	
1.4795e+06	1.499e+06	1.47375e+06	1.46125e+06	1.4485e+06	
1.47375e+06	1.47575e+06	1.44425e+06	1.49775e+06	1.443e+06	
1.429e+06	1.4745e+06	1.4625e+06	1.4575e+06	1.443e+06	
1.43025e+06	1.44675e+06	1.4455e+06	1.43475e+06	1.417e+06	
1.44725e+06	1.44675e+06	1.39825e+06	1.44175e+06	1.383e+06	
1.37725e+06	1.41325e+06	1.3855e+06	1.393e+06	1.412e+06	
1.388e+06	1.383e+06	1.37875e+06	1.371e+06	1.393e+06	
1.3585e+06	1.38375e+06	1.3395e+06	1.3295e+06	1.33525e+06	
1.34775e+06	1.35225e+06	1.33125e+06	1.31425e+06	1.34325e+06	
1.3105e+06	1.317e+06	1.31e+06	1.31175e+06	1.30875e+06	
1.325e+06	1.30375e+06	1.3125e+06	1.31875e+06	1.284e+06	
1.2885e+06	1.27475e+06	1.27275e+06	1.279e+06	1.291e+06	
1.24875e+06	1.3005e+06	1.30875e+06	1.28725e+06	1.2935e+06	
1.2985e+06	1.2935e+06	1.28025e+06	1.242e+06	1.2665e+06	
1.274e+06	1.27725e+06	1.26325e+06	1.26325e+06	1.245e+06	
1.2205e+06	1.27275e+06	1.24075e+06	1.2185e+06	1.2645e+06	
1.21475e+06	1.2355e+06	1.2325e+06	1.21175e+06	1.20475e+06	
1.24325e+06	1.2375e+06	1.28925e+06	1.25075e+06	1.21475e+06	
1.25775e+06	1.211e+06	1.2375e+06	1.2355e+06	1.23675e+06	
1.24825e+06	1.228e+06	1.22625e+06	1.2375e+06	1.22625e+06	
1.2135e+06	1.235e+06	1.19475e+06	1.2065e+06	1.21175e+06	
1.24375e+06	1.18575e+06	1.22225e+06	1.24325e+06	1.20975e+06	
1.24625e+06	1.245e+06	1.23675e+06	1.24125e+06	1.2475e+06	
1.26525e+06	1.2255e+06	1.22875e+06	1.2475e+06	1.2495e+06	
1.25775e+06	1.211e+06	1.24075e+06	1.23375e+06	1.23675e+06	
1.223e+06	1.2475e+06	1.23125e+06	1.25325e+06	1.25575e+06	
1.2255e+06	1.233e+06	1.23e+06	1.23375e+06	1.2235e+06	
1.26325e+06	1.255e+06	1.2305e+06	1.24825e+06	1.25e+06	
1.28675e+06	1.26525e+06	1.26075e+06	1.2715e+06	1.25325e+06	
1.322e+06	1.27975e+06	1.284e+06	1.30375e+06	1.3125e+06	
1.29425e+06	1.2665e+06	1.2835e+06	1.2765e+06	1.3245e+06	
1.28525e+06	1.29175e+06	1.28025e+06	1.25825e+06	1.32375e+06	
1.25775e+06	1.274e+06	1.28925e+06	1.27275e+06	1.2565e+06	
1.26575e+06	1.221e+06	1.24625e+06	1.22675e+06	1.23625e+06	
1.24825e+06	1.19775e+06	1.19275e+06	1.2135e+06	1.21175e+06	
1.14725e+06	1.17125e+06	1.14675e+06	1.1625e+06	1.17375e+06	
1.13425e+06	1.131e+06	1.13025e+06	1.15925e+06	1.163e+06	
1.16175e+06	1.11575e+06	1.15875e+06	1.13025e+06	1.11975e+06	
1.18325e+06	1.1815e+06	1.15875e+06	1.15875e+06	1.1625e+06	
1.19725e+06	1.20725e+06	1.182e+06	1.1865e+06	1.209e+06	
1.23375e+06	1.20775e+06	1.23125e+06	1.2275e+06	1.23925e+06	
1.2135e+06	1.252e+06	1.238e+06	1.2375e+06	1.233e+06	
1.2375e+06	1.2645e+06	1.218e+06	1.24075e+06	1.26525e+06	
1.26825e+06	1.2695e+06	1.22675e+06	1.23925e+06	1.2325e+06	
1.245e+06	1.24875e+06	1.2615e+06	1.26075e+06	1.2105e+06	
1.25325e+06	1.221e+06	1.238e+06	1.23e+06	1.23425e+06	
1.26575e+06	1.257e+06	1.22625e+06	1.24e+06	1.2275e+06	
1.225e+06	1.23175e+06	1.2235e+06	1.2375e+06	1.221e+06	
1.24375e+06	1.2545e+06	1.24825e+06	1.238e+06	1.259e+06	
1.24375e+06	1.25325e+06	1.22675e+06	1.24e+06	1.27775e+06	
1.23e+06	1.1965e+06	1.21725e+06	1.23e+06	1.21175e+06	
1.20225e+06	1.19525e+06	1.18775e+06	1.19475e+06	1.211e+06	
1.20975e+06	1.18275e+06	1.1815e+06	1.177e+06	1.20525e+06	
1.20525e+06	1.2205e+06	1.19075e+06	1.20225e+06	1.199e+06	
1.1775e+06	1.18075e+06	1.1815e+06	1.17575e+06	1.1985e+06	
1.192e+06	1.252e+06	1.20225e+06	1.2085e+06	1.189e+06	
1.19325e+06	1.20225e+06	1.163e+06	1.182e+06	1.18025e+06	
1.18825e+06	1.19325e+06	1.18025e+06	1.206e+06	1.2085e+06	
1.18825e+06	1.18825e+06	1.199e+06	1.1845e+06	1.1965e+06	
1.2185e+06	1.19275e+06	1.175e+06	1.194e+06	1.1725e+06	
1.167e+06	1.1865e+06	1.15675e+06	1.175e+06	1.18525e+06	
1.1865e+06	1.19725e+06	1.20275e+06	1.182e+06	1.216e+06	
1.20275e+06	1.1675e+06	1.16825e+06	1.18275e+06	1.19275e+06	
1.1865e+06	1.1915e+06	1.19275e+06	1.1645e+06	1.21425e+06	
1.17875e+06	1.1795e+06	1.17075e+06	1.18025e+06	1.1795e+06	
1.192e+06	1.20775e+06	1.17325e+06	1.187e+06	1.1845e+06	
1.18025e+06	1.19325e+06	1.14425e+06	1.158e+06	1.15625e+06	
1.196e+06	1.18075e+06	1.184e+06	1.16575e+06	1.182e+06	
1.17375e+06	1.1865e+06	1.1985e+06	1.19475e+06	1.15625e+06	
1.2015e+06	1.18075e+06	1.1865e+06	1.17825e+06	1.1695e+06	
1.1895e+06	1.17325e+06	1.17125e+06	1.17575e+06	1.1605e+06	
1.20225e+06	1.18775e+06	1.1555e+06	1.16375e+06	1.184e+06	
1.1915e+06	1.15375e+06	1.1625e+06	1.14875e+06	1.196e+06	
1.18275e+06	1.18775e+06	1.1865e+06	1.17825e+06	1.17875e+06	
1.1675e+06	1.17875e+06	1.21175e+06	1.16875e+06	1.17575e+06	
1.211e+06	1.20025e+06	1.18025e+06	1.17375e+06	1.194e+06	
1.18575e+06	1.1695e+06	1.17e+06	1.1675e+06	1.189e+06	
1.16875e+06	1.1775e+06	1.1745e+06	1.1775e+06	1.17e+06	
1.172e+06	1.18325e+06	1.1865e+06	1.1815e+06	1.18275e+06	
1.20475e+06	1.17625e+06	1.18025e+06	1.17875e+06	1.15375e+06	
1.19525e+06	1.19325e+06	1.20975e+06	1.175e+06	1.194e+06	
1.189e+06	1.23625e+06	1.167e+06	1.1845e+06	1.204e+06	
1.1625e+06	1.2035e+06	1.201e+06	1.15925e+06	1.182e+06	
1.17825e+06	1.18775e+06	1.18025e+06	1.15125e+06	1.18075e+06	
1.1695e+06	1.204e+06	1.19725e+06	1.1575e+06	1.16875e+06	
1.20225e+06	1.1965e+06	1.17575e+06	1.18825e+06	1.20525e+06	
1.184e+06	1.17375e+06	1.20475e+06	1.17325e+06	1.19525e+06	
1.16825e+06	1.15625e+06	1.1865e+06	1.17325e+06	1.1555e+06	
1.1725e+06	1.17825e+06	1.163e+06	1.1725e+06	1.16125e+06	
1.216e+06	1.19025e+06	1.18325e+06	1.1745e+06	1.2065e+06	
1.1895e+06	1.1625e+06	1.17625e+06	1.17875e+06	1.172e+06	
1.18275e+06	1.189e+06	1.1845e+06	1.16375e+06	1.1845e+06	
1.20775e+06	1.17625e+06	1.17125e+06	1.204e+06	1.19025e+06	
1.14925e+06	1.18525e+06	1.17375e+06	1.14925e+06	1.17375e+06	
1.1915e+06	1.18325e+06	1.1625e+06	1.153e+06	1.1525e+06	
1.16575e+06	1.177e+06	1.15125e+06	1.15125e+06	1.16825e+06	
1.17575e+06	1.16e+06	1.16825e+06	1.16375e+06	1.17325e+06	
1.16575e+06	1.155e+06	1.1335e+06	1.16875e+06	1.16825e+06	
1.16175e+06	1.1505e+06	1.13975e+06	1.1645e+06	1.16875e+06	
1.14225e+06	1.14475e+06	1.15675e+06	1.14725e+06	1.1695e+06	
1.16e+06	1.1265e+06	1.1575e+06	1.16625e+06	1.17e+06	
1.13975e+06	1.1645e+06	1.131e+06	1.1725e+06	1.15375e+06	
1.14475e+06	1.14175e+06	1.15375e+06	1.16125e+06	1.12475e+06	
1.15925e+06	1.141e+06	1.13925e+06	1.15175e+06	1.12975e+06	
1.153e+06	1.16575e+06	1.1315e+06	1.13925e+06	1.14675e+06	
1.14925e+06	1.13925e+06	1.148e+06	1.12725e+06	1.17575e+06	
1.15425e+06	1.143e+06	1.15375e+06	1.143e+06	1.121e+06	
1.13275e+06	1.153e+06	1.1435e+06	1.1145e+06	1.138e+06	
1.153e+06	1.14725e+06	1.148e+06	1.12275e+06	1.13425e+06	
1.14475e+06	1.15375e+06	1.13425e+06	1.14425e+06	1.12275e+06	
1.12525e+06	1.13025e+06	1.16625e+06	1.13675e+06	1.14225e+06	
1.138e+06	1.1575e+06	1.11975e+06	1.12475e+06	1.12975e+06	
1.13475e+06	1.1525e+06	1.126e+06	1.153e+06	1.1145e+06	
1.1285e+06	1.10275e+06	1.14225e+06	1.13725e+06	1.13675e+06	
1.13425e+06	1.117e+06	1.143e+06	1.1645e+06	1.12975e+06	
1.131e+06	1.141e+06	1.126e+06	1.13425e+06	1.1065e+06	
1.12975e+06	1.11775e+06	1.11775e+06	1.1405e+06	1.143e+06	
1.1315e+06	1.109e+06	1.1285e+06	1.11075e+06	1.14425e+06	
1.14475e+06	1.11575e+06	1.12525e+06	1.1215e+06	1.11275e+06	
1.13025e+06	1.119e+06	1.12225e+06	1.0925e+06	1.1115e+06	
1.1095e+06	1.12225e+06	1.08675e+06	1.1165e+06	1.10775e+06	
1.114e+06	1.063e+06	1.102e+06	1.08175e+06	1.07425e+06	
1.07625e+06	1.0775e+06	1.08675e+06	1.063e+06	1.0635e+06	
1.10275e+06	1.06425e+06	1.0515e+06	1.08e+06	1.083e+06	
1.078e+06	1.0825e+06	1.0585e+06	1.07425e+06	1.09e+06	
1.06975e+06	1.129e+06	1.0725e+06	1.104e+06	1.0755e+06	
1.08125e+06	1.092e+06	1.0635e+06	1.06975e+06	1.08625e+06	
1.08e+06	1.0755e+06	1.08e+06	1.097e+06	1.08375e+06	
1.09075e+06	1.0825e+06	1.066e+06	1.07175e+06	1.07675e+06	
1.0755e+06	1.083e+06	1.08125e+06	1.08e+06	1.08675e+06	
1.102e+06	1.0825e+06	1.083e+06	1.07875e+06	1.102e+06	
1.0975e+06	1.06725e+06	1.1065e+06	1.08675e+06	1.10525e+06	
1.09325e+06	1.073e+06	1.0855e+06	1.06975e+06	1.08625e+06	
1.073e+06	1.0605e+06	1.061e+06	1.061e+06	1.06975e+06	
1.0705e+06	1.0465e+06	1.02825e+06	1.00375e+06	1.056e+06	
1.04225e+06	1.03775e+06	1.0315e+06	1.022e+06	996750	
1.00125e+06	1.015e+06	1.03325e+06	1.017e+06	1.0175e+06	
1.0515e+06	1.02125e+06	1.015e+06	1.00625e+06	1.022e+06	
1.0265e+06	1.025e+06	1.02575e+06	998000	1.039e+06	
1.02775e+06	1.05975e+06	1.0395e+06	1.0435e+06	1.0245e+06	
1.049e+06	1.03525e+06	1.0395e+06	1.063e+06	1.0315e+06	
1.056e+06	1.0415e+06	1.061e+06	1.0655e+06	1.054e+06	
1.05725e+06	1.037e+06	1.039e+06	1.056e+06	1.054e+06	
1.06225e+06	1.0655e+06	1.03325e+06	1.0725e+06	1.051e+06	
1.05675e+06	1.054e+06	1.05525e+06	1.037e+06	1.058e+06	
1.0585e+06	1.09325e+06	1.05275e+06	1.05925e+06	1.0245e+06	
1.0635e+06	1.05725e+06	1.06225e+06	1.04025e+06	1.0685e+06	
1.049e+06	1.06675e+06	1.07625e+06	1.051e+06	1.0635e+06	
1.06175e+06	1.0655e+06	1.06475e+06	1.04525e+06	1.0435e+06	
1.06475e+06	1.05975e+06	1.044e+06	1.04275e+06	1.06675e+06	
1.06225e+06	1.039e+06	1.06175e+06	1.04475e+06	1.06425e+06	
1.0535e+06	1.039e+06	1.068e+06	1.058e+06	1.04725e+06	
1.046e+06	1.05475e+06	1.037e+06	1.05225e+06	1.04975e+06	
1.04975e+06	1.02775e+06	1.03275e+06	1.04275e+06	1.0535e+06	
1.05025e+06	1.04275e+06	1.03575e+06	1.0075e+06	1.05225e+06	
1.0415e+06	1.05475e+06	1.061e+06	1.05025e+06	1.03325e+06	
1.0345e+06	1.0585e+06	1.04275e+06	1.03525e+06	1.0515e+06	
1.04725e+06	1.05525e+06	1.01125e+06	1.03025e+06	1.0415e+06	
1.054e+06	1.02e+06	1.03525e+06	1.0365e+06	1.0345e+06	
1.06425e+06	1.03525e+06	995500	1.0225e+06	1.0315e+06	
1.01075e+06	1.02e+06	1.027e+06	1.01375e+06	1.01075e+06	
1.0265e+06	1.04725e+06	1.039e+06	1.034e+06	996750	
1.05025e+06	1.034e+06	1.04475e+06	1.02375e+06	1.02325e+06	
1.032e+06	1.039e+06	1.025e+06	1.02075e+06	1.015e+06	
1.0395e+06	1.01e+06	1.01075e+06	1.02e+06	1.046e+06	
1.0435e+06	1.02e+06	1.01375e+06	1.012e+06	1.00175e+06	
1.037e+06	1.015e+06	1.0485e+06	1.0145e+06	1.0315e+06	
1.034e+06	1.027e+06	1.01625e+06	994250	1.01075e+06	
1.039e+06	1.04975e+06	1.039e+06	1.00925e+06	1.005e+06	
1.03025e+06	1.05025e+06	1.0435e+06	1.00625e+06	1.03075e+06	
1.022e+06	1.01e+06	991750	988500	1.02125e+06	
1.02125e+06	1.03025e+06	1.0005e+06	1.0025e+06	999250	
988000	982250	979000	1.01625e+06	971500	
976500	968500	969000	1.01e+06	976000	
988500	962000	980500	946250	970250	
974750	930500	955750	964000	964000	
950250	958250	965250	947000	939500	
964000	952000	983500	964000	955750	
992250	970250	982250	982250	969000	
961500	947000	974000	972250	983000	
967250	979000	985500	968500	973500	
980500	985500	967750	964750	989750	
986000	959500	972750	976000	991750	
989750	974000	960750	1.0025e+06	979750	
981000	978500	976000	971000	981750	
983500	945750	938750	999250	942500	
965250	984250	961500	963250	971000	
967750	968500	970250	990500	968500	
974750	950750	977750	960750	983500	
975250	961500	948750	961500	977250	
948750	948750	992250	969750	971500	
969000	954500	954500	965250	971500	
970250	979000	977750	983000	959000	
992250	994250	964000	956500	966500	
977750	987250	968500	949500	953250	
967250	983500	974750	978500	959500	
949500	947000	952000	933750	963250	
960250	950750	950250	960250	964750	
966000	984750	960750	949500	953250	
955250	994750	959000	944500	954000	
962000	974000	958250	964000	952000	
945750	960750	958250	959500	945000	
976500	941250	956500	960250	934500	
945000	957000	952750	952000	933750	
920000	926750	943250	953250	950750	
931750	962000	964000	945750	950750	
961500	931250	936250	948250	941250	
926750	920500	971000	960250	940750	
955250	934500	927500	933000	935750	
959000	934500	918750	926250	935000	
923000	924250	915500	917250	926250	
934500	911750	914250	920000	925500	
945750	932500	922500	922500	917250	
931250	928000	922500	921250	917250	
934500	929250	915500	933000	891000	
921250	937000	908500	931250	906750	
925500	904250	913000	907250	914750	
930000	917250	940000	954000	911000	
909250	916000	946250	909250	920000	
909250	933000	928750	925000	923000	
892750	930500	905500	935750	920500	
914750	894000	918750	903500	925000	
897250	909750	916000	925500	906750	
911750	905500	921750	901500	911000	
887750	913500	891500	894750	906000	
892250	903500	903500	883250	926250	
893500	897750	889000	905500	911000	
913500	893500	901500	898500	915500	
887750	885750	892750	902750	909250	
914750	890250	904250	911000	894000	
889750	889000	913000	901500	904250	
886500	891000	901500	907250	885250	
902750	875250	901500	891500	894750	
874500	871250	894750	883250	911750	
909750	892250	892750	885250	884000	
897250	897750	916000	892750	875250	
896500	881500	875250	906000	877000	
877000	907250	892750	890250	892250	
884500	870000	906000	897750	876500	
892250	882000	868250	859500	874000	
885750	880750	871250	858250	859500	
882750	857500	864500	863750	873250	
880750	870750	878250	854250	874500	
879500	860750	876500	860750	911750	
859500	850500	848750	850500	862500	
860000	886500	872500	865000	862000	
855500	863250	845500	872500	865000	
868750	867500	856250	864500	878250	
885750	868750	828500	845000	861250	
867000	853750	861250	862500	859500	
860750	838500	887000	884500	868250	
880250	863750	851250	874500	848000	
839750	845500	857500	870750	850000	
855000	861250	845000	860750	867500	
863250	879000	871250	865750	849250	
851250	846250	850500	880750	851250	
851750	847500	850000	860750	829750	
850500	848750	848000	862500	833000	
849250	843750	860750	826000	829250	
848750	874000	828500	831000	824000	
853750	846250	841000	843750	857500	
869500	841750	839250	827250	839250	
827250	852500	850000	834250	828500	
843000	833500	850000	832250	835500	
832250	834750	851250	841000	841750	
827250	858750	826000	813500	854250	
820250	826500	829250	797750	821500	
829250	833000	814000	822750	828500	
824750	803250	817750	834250	817250	
811500	781250	798250	817250	809000	
814000	828500	819750	800750	804000	
809500	802750	817750	778000	812750	
787500	802000	826500	805750	813500	
804000	795750	810750	777500	797750	
822750	787500	797000	801500	782500	
814000	808250	802750	814750	786250	
791250	795750	775500	771750	776750	
792000	787500	776250	780500	771750	
790000	776750	790750	805750	775500	
808250	783250	795000	783750	787000	
781250	778000	798250	807750	778750	
763500	771750	754250	764750	777500	
777500	768000	762250	756750	751000	
780500	773750	759250	761750	773000	
779250	776750	761750	758500	766250	
759750	793250	759250	754250	783750	
777500	759750	758500	766750	765500	
765500	764250	759250	741000	761000	
753000	776250	749750	761000	771750	
772500	793750	758500	777500	771250	
763000	770500	747250	761000	752250	
746500	753000	768750	753500	763000	
765500	749750	775000	754750	748500	
758000	764750	770500	756000	773750	
766750	754750	768750	771750	763500	
755500	770500	749000	767500	774250	
778750	755500	766250	753500	765500	
799500	771750	787000	782000	773750	
778000	785750	773000	773750	786250	
768750	778000	785000	799000	761000	
782000	794500	770000	774250	788750	
796500	803250	785000	785000	805750	
792500	767500	786250	777500	775000	
794500	780500	794500	757250	787500	
782500	770500	803250	777500	797750	
804000	781250	794500	781250	793750	
762250	818500	783250	789500	797000	
773000	768000	763500	770500	780500	
770000	776750	772500	747750	798250	
756750	758000	790750	770500	770500	
777500	773750	751000	775000	754750	
745250	797000	770500	776250	758500	
740250	749000	751000	760500	756750	
759250	768750	756750	765500	741500	
767500	741500	764250	732750	737750	
747750	757250	749750	778000	761750	
750500	754750	763000	749750	748500	
745250	754750	758500	750500	749750	
751000	742250	746000	773000	758500	
773000	761000	772500	763000	745250	
750500	735250	754250	751750	739750	
753000	742750	729000	747750	743500	
770500	775500	738500	770500	742750	
758500	755500	752250	741500	756000	
749000	754750	756750	771750	751750	
760500	749000	736000	753500	779250	
756750	758000	734500	747750	744750	
776750	744000	759750	759250	744000	
776250	753000	756750	753500	733250	
757250	758000	756000	752250	722000	
741500	749750	738500	733250	715750	
738500	753000	745250	724000	741500	
742250	728250	742750	747250	742250	
729500	753000	712000	738500	723250	
721500	744000	741000	755500	734000	
753500	770500	770000	737250	730750	
747250	755500	736500	723250	728250	
740250	746000	744000	740250	725250	
741500	731500	716250	732000	747250	
737250	743500	734500	727750	724500	
743500	725250	744000	730250	734500	
745250	736500	739750	734500	736000	
742750	742250	732000	746500	745250	
718250	759750	722000	735250	747750	
727750	738500	721500	727750	715000	
733250	753000	718250	727750	721500	
724000	714500	717500	739000	727000	
735250	726500	717500	733250	716250	
717000	727750	722750	708750	746500	
760500	748500	741000	727750	730250	
728250	736500	739750	725250	724500	
728250	735250	716250	719500	740250	
750500	738500	734000	724500	742250	
768000	750500	741500	729500	732000	
750500	743500	728250	742750	758000	
748500	744750	756750	755500	740250	
739750	726500	746000	734000	745250	
751750	751000	744750	737750	734000	
720250	737750	723250	730250	722750	
721500	734500	729500	722750	739000	
742250	749000	736000	737750	734000	
735250	733250	728250	733250	721500	
741000	728250	725250	740250	742250	
739000	732750	728250	758000	734000	
709500	726500	732750	716250	737250	
737750	737250	723250	725250	732000	
730250	734500	728250	722000	738500	
736000	701750	726500	731500	734000	
757250	730250	727000	729000	714500	
722750	719500	731500	715750	713750	
729000	722750	733250	731500	700000	
729000	716250	718250	729000	727000	
720750	745250	724500	705750	725750	
716250	725250	731500	718250	706250	
700000	712500	709500	691750	712000	
700500	734000	700500	714500	717500	
728250	718250	724500	722000	725250	
713250	731500	727750	714500	732000	
729500	716250	729500	725750	717000	
708750	745250	703750	725250	729000	
718250	709500	709500	707500	682250	
720750	723250	706250	724000	716250	
710750	689250	691250	702500	710000	
702500	708250	702500	713250	729000	
681750	718750	696750	702500	693000	
685500	686000	684750	705000	682250	
696750	689250	703000	684250	685500	
705750	693750	672750	677250	697500	
683500	684250	705000	681750	676750	
686000	672750	676000	674750	670250	
679250	696750	681000	693750	679750	
674750	690000	671500	676000	671500	
666500	684250	681750	684750	673500	
678000	668500	678500	669750	669750	
672750	631250	683000	669750	674250	
652000	669750	656500	669000	650750	
661000	666000	663500	667750	664750	
669750	663500	671000	661000	675500	
659000	672750	665250	648250	671000	
655250	655750	661500	654500	659750	
663500	642000	666000	653250	656500	
656500	645250	630000	636250	658500	
664750	645250	664000	654000	633750	
655750	651500	655250	651500	642500	
666500	654000	639500	637000	648250	
657750	655750	628750	660250	640750	
650750	654000	635000	673500	649000	
644500	657750	655750	634500	652000	
664000	661000	665250	663500	641250	
655750	632000	661000	626750	635000	
666500	640000	664750	644000	646500	
647750	645750	656500	656500	642000	
640750	657750	651500	643250	629500	
663500	654000	641250	672750	659750	
647750	653250	630000	662250	659000	
640750	650250	642000	663500	652000	
650250	641250	645750	653250	649500	
656500	649000	669750	646500	672250	
669000	667250	642000	635000	637000	
652750	655250	676750	663500	668500	
656500	678000	648250	670250	664750	
661500	664750	665250	670250	669750	
666000	650750	664750	649500	648250	
652000	664750	672250	667750	652000	
645250	666500	662250	661500	644000	
654500	674250	636250	650250	666000	
659750	655750	665250	651500	647000	
667750	659000	639500	645750	657750	
652000	669750	659750	678000	668500	
654000	658500	663500	674750	661000	
661000	659750	653250	659000	660250	
667250	669000	676750	645750	655750	
666500	669750	655750	638750	671500	
645750	652000	658500	650250	661500	
662250	652750	652750	650750	672750	
652750	653250	649000	643250	676750	
657000	652000	643250	671500	651500	
652000	657000	646500	659750	634500	
681750	639500	645250	646500	629500	
661000	637500	665250	649000	651500	
657750	657750	647000	664000	644500	
659750	666000	640000	644500	661000	
647000	645750	655750	650750	664750	
652000	649500	642500	632000	654500	
659000	661500	659000	661000	642000	
646500	662750	635750	659750	659750	
648250	631250	667750	648250	641250	
643250	650250	649000	640000	647000	
637000	635750	652750	645750	659750	
659750	652000	677250	650250	643250	
637000	638750	651500	649500	649500	
638750	657000	633750	646500	638250	
654000	659000	640750	650250	654500	
659750	664000	661500	654000	647000	
637000	673500	667250	664000	667750	
644500	652000	652000	658500	661000	
649500	630750	671000	659750	646500	
653250	643250	635000	650250	632000	
628250	644500	639500	650750	637000	
649500	660250	666000	648250	645250	
648250	643250	658500	637500	636250	
655750	655250	654000	652000	649500	
640000	665250	659000	656500	639500	
638750	643250	657000	661500	663500	
643250	631250	654000	640000	644000	
650250	650250	637500	644000	647000	
641250	650250	658500	645750	638250	
649000	646500	632000	640750	647000	
645750	666500	644500	645750	659000	
650250	635750	639500	646500	654500	
661500	631250	626250	650750	652000	
648250	651500	652750	636250	650250	
671000	661000	662250	650250	644500	
654000	643250	648250	652750	661000	
654000	649000	635750	647000	650750	
664750	649500	649500	669000	647000	
646500	643250	633750	642000	641250	
641250	649000	648250	656500	663500	
639500	635000	640000	641250	626250	
650750	647000	650250	645750	635000	
648250	649500	647000	657000	655750	
637000	651500	647000	640750	643250	
649500	649500	651500	642000	633750	
634500	627500	644000	645750	637000	
647750	644500	670250	657750	657750	
650250	664750	653250	650750	647750	
667250	655750	629500	657750	641250	
654500	657000	635750	649500	639500	
639500	641250	653250	642500	639500	
662750	669750	649000	651500	661500	
644000	643250	640000	657750	641250	
643250	641250	655750	660250	630750	
652000	639500	654000	644500	652000	
642000	629500	642500	652750	640750	
641250	639500	632000	663500	647000	
642000	647750	652750	636250	645750	
635000	632000	649000	659000	649000	
638250	635750	652000	638250	659750	
632000	644500	645250	650250	637500	
649500	634500	649500	651500	642000	
654500	635000	652750	642000	661500	
650250	645750	640750	635750	658500	
652750	638750	648250	656500	647000	
647000	648250	620000	645250	645250	
645750	652000	653250	635750	643250	
658500	650250	636250	643250	643250	
642500	646500	660250	649000	649000	
650250	649500	637500	653250	635750	
664750	631250	651500	646500	651500	
660250	642000	649000	640000	647750	
660250	641250	632000	654000	647750	
642500	620500	649000	633250	644500	
638750	638250	633750	655250	654000	
653250	634500	644500	644500	635750	
625000	642000	642000	649000	654000	
638750	650750	654500	634500	637500	
635000	633750	633250	649000	645750	
642000	637500	658500	656500	658500	
640000	657000	633250	653250	647750	
657750	658500	634500	649500	659750	
652000	662750	642000	633250	636250	
647750	634500	661500	634500	633750	
650750	651500	642500	633250	641250	
609750	666000	641250	654000	641250	
642500	661500	643250	637000	662250	
629500	646500	626750	650250	645750	
628750	648250	637000	649500	642000	
626250	655750	647750	635000	638250	
635000	647750	644500	645750	653250	
638750	659750	646500	662250	652000	
650750	633250	654500	635000	637500	
654500	649000	650750	643250	658500	
637000	633750	630000	657750	644000	
642500	652750	662250	640000	651500	
648250	633250	649500	649500	638250	
661500	654000	647000	633750	631250	
647000	658500	633750	647750	646500	
657000	649500	649000	652750	645750	
631250	649000	638250	646500	642000	
660250	642500	628250	642000	635000	
645750	643250	653250	640750	642000	
629500	637500	625500	633750	635750	
652000	644500	630750	637500	635000	
654500	657000	657750	655750	638250	
638750	650250	652750	633250	636250	
632500	638750	641250	647750	654500	
652000	626250	640000	637000	631250	
633250	629500	647750	644000	627500	
628250	649500	638750	641250	654000	
633250	635000	628750	627500	643250	
655250	635750	621750	636250	649500	
634500	633250	636250	647000	619250	
642500	629500	647750	652000	638750	
647750	628250	640750	652000	644500	
641250	641250	630750	642500	621250	
646500	646500	652000	624250	640750	
633250	642500	625500	628250	654500	
626250	634500	655250	633250	621750	
630000	626250	646500	639500	639500	
643250	645750	641250	660250	652000	
649500	632000	625500	649500	626250	
622500	651500	632500	627500	640750	
630750	645750	657750	626250	635750	
641250	640750	642000	654500	666000	
635000	625000	662250	640000	637000	
630750	645750	626250	642000	640750	
651500	644500	651500	635000	620000	
662750	636250	635000	639500	657750	
629500	636250	649500	633250	635000	
652750	640000	634500	657750	643250	
649000	631250	632000	623000	638750	
633250	623000	640750	632500	630000	
638750	623000	645250	649500	652750	
643250	628250	632000	654000	636250	
649000	627500	648250	632500	645250	
626750	649500	643250	659000	629500	
631250	632500	642500	650250	628750	
643250	628750	637500	644500	637500	
646500	633750	629500	613000	659750	
637000	636250	638750	628750	644000	
648250	634500	638750	637000	640750	
624250	646500	650250	633750	637000	
644000	644500	621250	618000	626250	
642000	642000	620500	645250	638250	
644500	642000	643250	645750	648250	
623750	638250	633250	626750	630000	
634500	635750	622500	637000	653250	
642000	619250	643250	654000	647000	
644500	630750	644000	642500	654000	
649500	630750	640000	642500	642500	
640750	627500	631250	633250	641250	
623000	647750	641250	639500	641250	
630750	639500	635000	645750	620500	
638250	640000	628250	628750	621750	
648250	631250	640000	640000	626250	
637500	637500	644500	625000	634500	
632500	636250	639500	652000	634500	
613750	640750	616250	649000	647750	
632500	638750	645250	633250	642000	
652750	635750	641250	620000	647000	
633750	631250	643250	645250	647000	
649000	650750	625500	633250	632000	
626750	628750	640750	629500	633750	
641250	624250	640000	625000	624250	
651500	659000	624250	647750	621750	
640750	637000	627500	640000	649500	
639500	638750	636250	635000	630750	
632000	635750	632500	620500	645750	
637000	645750	628750	632500	644500	
626750	634500	637000	615000	638250	
651500	619250	632500	647750	633250	
649500	644500	624250	632500	644000	
643250	620000	637500	622500	623750	
633250	621250	652000	625000	642000	
635750	643250	639500	654000	636250	
629500	629500	622500	632500	641250	
637000	638250	635750	637500	644500	
623750	622500	645250	631250	633250	
621250	643250	640750	638750	649500	
635000	650250	635750	630750	638250	
644500	635750	622500	628750	629500	
637000	625000	621250	642500	652000	
634500	630000	645250	630750	647750	
618000	647750	631250	609250	626750	
642500	630000	632500	630000	646500	
614250	636250	631250	611750	632000	
606750	635000	640750	638750	626750	
630750	633750	636250	632500	636250	
646500	656500	628250	626750	630750	
631250	627500	625000	628750	633250	
645750	623000	643250	629500	642000	
647000	659000	631250	619250	624250	
623750	635750	626750	628750	632000	
632000	633250	616250	634500	646500	
633250	627500	630000	642000	625000	
627500	633750	617500	629500	648250	
630750	640750	629500	628250	644500	
635750	635000	632000	624250	634500	
630750	655250	630750	626750	632000	
622500	638750	647750	621750	625000	
654000	630750	621250	638250	621250	
620000	628750	639500	644000	628250	
636250	628750	629500	621750	620500	
628750	621250	645250	640750	637000	
632500	624250	628750	644500	633750	
638250	644000	638250	618750	644500	
622500	621750	635750	637000	623750	
644500	633250	618000	645750	645250	
630750	637000	620000	623750	642000	
626250	635750	633250	639500	624250	
616250	637000	622500	614250	620500	
621250	616750	623750	644500	630750	
632000	630000	627500	609750	638750	
654000	624250	637500	626750	638250	
624250	623750	642500	614250	610500	
628250	629500	627500	621750	626250	
648250	630750	613000	626750	622500	
630750	637500	622500	638750	618000	
633250	624250	641250	623000	623750	
621750	629500	609750	632000	642500	
608500	625500	606000	609250	620500	
621250	627500	632500	615500	635000	
647750	623750	636250	618000	633750	
626250	625500	638250	641250	648250	
638250	621750	630000	642000	623750	
632000	630000	628250	629500	641250	
629500	633750	616250	638750	630000	
604750	652000	643250	638750	655750	
623000	633750	636250	635750	626250	
627500	623000	625000	610500	623000	
639500	641250	649000	644500	634500	
628250	628250	632000	639500	646500	
631250	630750	618750	635750	633750	
630000	624250	643250	606000	625500	
636250	631250	651500	625000	654000	
634500	629500	634500	621750	642000	
631250	613750	643250	614250	649500	
625500	625000	639500	640000	621750	
617500	625500	628750	644500	644000	
625500	630750	637000	644000	629500	
637000	629500	638250	625500	642000	
623000	640750	628750	637000	629500	
645250	633750	643250	641250	634500	
632500	642500	618000	624250	633250	
622500	633750	640750	638250	638250	
639500	637000	620000	636250	624250	
640000	609750	642000	623000	628250	
620000	633250	627500	623000	629500	
620000	633250	627500	623000	629500	
620000	633250	627500	623000	629500	
