4250	4250	4250	4250	4250	
7.13825e+06	7.13825e+06	7.13825e+06	7.13825e+06	7.13825e+06	
539250	543000	522250	519750	545000	
501500	506500	509000	542500	507750	
490750	505250	507750	514750	507750	
514000	523500	524250	507750	507750	
519750	508500	510250	526750	516000	
514000	499500	512750	518500	524250	
531750	534250	506500	507750	506000	
527250	516000	514750	534250	500750	
509000	522250	525500	529750	517250	
523000	532250	513500	505250	523500	
534250	521750	516000	511000	515250	
536750	529250	515250	534750	523500	
533000	538750	553250	529250	528500	
543000	541750	531000	535500	552000	
553750	557000	572750	542500	531000	
565750	555750	552500	542500	546250	
569500	539250	547500	557000	580250	
546250	565000	553750	563250	558750	
576500	563250	560000	566250	544250	
567750	584750	564500	568250	553750	
569000	581500	575750	578250	594000	
655250	637500	644000	637500	647750	
845000	806500	828500	798250	803250	
828500	847500	833000	838500	801500	
845500	850500	854250	846250	826000	
821000	858750	858750	848750	847500	
868250	851750	897750	838000	835500	
854250	867000	851250	850000	870000	
846250	882000	886500	856250	858250	
868750	904250	854250	884000	874000	
914250	929250	881500	892750	943750	
940750	926250	935000	931750	931750	
926250	932500	908000	920000	901000	
909250	926250	906750	909250	900250	
939500	910500	916000	928000	942000	
918000	931750	914250	906000	940750	
925000	906750	907250	911750	937000	
916750	903500	912250	926250	939500	
913000	931750	938250	940750	908500	
949500	966500	960750	957750	964750	
996750	962000	967250	943250	998000	
976500	974750	971500	996250	983500	
1.02e+06	955750	1.017e+06	987250	1.0025e+06	
1.0005e+06	993500	977750	980500	974750	
1e+06	997500	967750	979000	984750	
959500	996250	969750	986750	977750	
968500	958250	963250	983000	983000	
960750	970250	947000	939500	996250	
933750	956500	950250	933750	920500	
958250	940750	947500	938250	920500	
947000	907250	921750	954500	937500	
911000	935000	936250	906000	913500	
920000	909750	896500	929250	894750	
935750	908000	925000	904250	916000	
943750	995500	986750	950250	971500	
1.0225e+06	1.0295e+06	1.025e+06	1.00625e+06	1.03075e+06	
1.02125e+06	1.03825e+06	1.029e+06	1.029e+06	1.05025e+06	
1.0435e+06	1.061e+06	1.0515e+06	1.0415e+06	1.051e+06	
1.01075e+06	1.022e+06	1.02325e+06	1.02775e+06	1.00875e+06	
989750	975250	1.00375e+06	972750	989750	
1.0225e+06	1.0075e+06	991000	1.0005e+06	1.01575e+06	
1.02325e+06	996750	1.00425e+06	1.01075e+06	984750	
1.04475e+06	999250	1.03575e+06	1.0435e+06	1.0435e+06	
1.03325e+06	1.073e+06	1.03075e+06	1.02e+06	1.0435e+06	
1.05275e+06	1.07375e+06	1.08625e+06	1.071e+06	1.063e+06	
1.07175e+06	1.06925e+06	1.071e+06	1.06725e+06	1.04075e+06	
1.0825e+06	1.0655e+06	1.05925e+06	1.07625e+06	1.07675e+06	
1.10825e+06	1.083e+06	1.06725e+06	1.085e+06	1.08625e+06	
1.11775e+06	1.10075e+06	1.0975e+06	1.0755e+06	1.09625e+06	
1.1045e+06	1.07625e+06	1.07875e+06	1.0775e+06	1.1145e+06	
1.11525e+06	1.129e+06	1.119e+06	1.10325e+06	1.12775e+06	
1.17625e+06	1.184e+06	1.16575e+06	1.18075e+06	1.19325e+06	
1.2105e+06	1.209e+06	1.1965e+06	1.209e+06	1.22625e+06	
1.22425e+06	1.2205e+06	1.218e+06	1.1965e+06	1.21475e+06	
1.19075e+06	1.2235e+06	1.21725e+06	1.20275e+06	1.2085e+06	
1.24075e+06	1.206e+06	1.2275e+06	1.1965e+06	1.19775e+06	
1.17875e+06	1.22925e+06	1.22925e+06	1.2105e+06	1.184e+06	
1.19725e+06	1.18275e+06	1.1965e+06	1.20275e+06	1.1915e+06	
1.1865e+06	1.16825e+06	1.17575e+06	1.20025e+06	1.17825e+06	
1.19775e+06	1.21425e+06	1.1845e+06	1.1555e+06	1.19775e+06	
1.1845e+06	1.189e+06	1.20975e+06	1.2155e+06	1.19075e+06	
1.25075e+06	1.242e+06	1.22675e+06	1.274e+06	1.21675e+06	
1.26275e+06	1.27525e+06	1.27225e+06	1.269e+06	1.247e+06	
1.27975e+06	1.28225e+06	1.2735e+06	1.293e+06	1.25325e+06	
1.279e+06	1.271e+06	1.25125e+06	1.2645e+06	1.255e+06	
1.21725e+06	1.252e+06	1.23625e+06	1.2325e+06	1.22675e+06	
1.27525e+06	1.228e+06	1.25825e+06	1.242e+06	1.23175e+06	
1.255e+06	1.2955e+06	1.252e+06	1.26325e+06	1.2645e+06	
1.24325e+06	1.23175e+06	1.23125e+06	1.24e+06	1.23875e+06	
1.209e+06	1.192e+06	1.2155e+06	1.2155e+06	1.1795e+06	
1.177e+06	1.19525e+06	1.19775e+06	1.18325e+06	1.184e+06	
1.21225e+06	1.19725e+06	1.19325e+06	1.18525e+06	1.1865e+06	
1.12775e+06	1.15425e+06	1.1525e+06	1.143e+06	1.13225e+06	
1.12525e+06	1.1185e+06	1.17125e+06	1.13025e+06	1.117e+06	
1.15125e+06	1.13925e+06	1.13925e+06	1.1355e+06	1.124e+06	
1.1405e+06	1.1605e+06	1.158e+06	1.146e+06	1.155e+06	
1.1405e+06	1.153e+06	1.15e+06	1.177e+06	1.14875e+06	
1.17625e+06	1.19075e+06	1.1695e+06	1.2015e+06	1.19725e+06	
1.2595e+06	1.26325e+06	1.26325e+06	1.2785e+06	1.26525e+06	
1.276e+06	1.28025e+06	1.28275e+06	1.29475e+06	1.2765e+06	
1.276e+06	1.305e+06	1.286e+06	1.2735e+06	1.3105e+06	
1.301e+06	1.3175e+06	1.31825e+06	1.3105e+06	1.301e+06	
1.33e+06	1.31875e+06	1.34075e+06	1.33775e+06	1.30175e+06	
1.37675e+06	1.38e+06	1.3975e+06	1.40625e+06	1.38e+06	
1.4405e+06	1.4115e+06	1.45925e+06	1.446e+06	1.4195e+06	
1.46925e+06	1.45875e+06	1.43775e+06	1.42025e+06	1.4365e+06	
1.4265e+06	1.417e+06	1.43025e+06	1.41275e+06	1.439e+06	
1.36025e+06	1.356e+06	1.34975e+06	1.349e+06	1.36025e+06	
1.27775e+06	1.3465e+06	1.3125e+06	1.33825e+06	1.339e+06	
1.301e+06	1.3295e+06	1.3345e+06	1.36675e+06	1.3585e+06	
1.35975e+06	1.35275e+06	1.368e+06	1.363e+06	1.35975e+06	
1.40625e+06	1.42275e+06	1.4485e+06	1.407e+06	1.434e+06	
1.45625e+06	1.463e+06	1.485e+06	1.44675e+06	1.45625e+06	
1.41525e+06	1.4265e+06	1.41075e+06	1.35725e+06	1.42275e+06	
1.347e+06	1.36025e+06	1.3275e+06	1.376e+06	1.332e+06	
1.30875e+06	1.281e+06	1.30875e+06	1.257e+06	1.301e+06	
1.2425e+06	1.22925e+06	1.2355e+06	1.2375e+06	1.22225e+06	
1.15625e+06	1.17e+06	1.1695e+06	1.1555e+06	1.15375e+06	
1.16625e+06	1.1455e+06	1.1725e+06	1.165e+06	1.1575e+06	
1.16625e+06	1.18275e+06	1.1815e+06	1.148e+06	1.184e+06	
1.2035e+06	1.21475e+06	1.225e+06	1.2255e+06	1.216e+06	
1.33075e+06	1.30875e+06	1.29925e+06	1.298e+06	1.31175e+06	
1.42725e+06	1.4e+06	1.42525e+06	1.43475e+06	1.42325e+06	
1.49275e+06	1.44225e+06	1.448e+06	1.47575e+06	1.4555e+06	
1.46e+06	1.4555e+06	1.4535e+06	1.4535e+06	1.436e+06	
1.426e+06	1.41025e+06	1.40375e+06	1.42775e+06	1.4195e+06	
1.44675e+06	1.40375e+06	1.436e+06	1.46425e+06	1.40575e+06	
1.482e+06	1.485e+06	1.46e+06	1.48325e+06	1.44225e+06	
1.501e+06	1.52475e+06	1.489e+06	1.485e+06	1.51525e+06	
1.49325e+06	1.48125e+06	1.49025e+06	1.49525e+06	1.48775e+06	
1.47375e+06	1.4625e+06	1.5035e+06	1.465e+06	1.5035e+06	
1.49575e+06	1.497e+06	1.54175e+06	1.4845e+06	1.4865e+06	
1.5085e+06	1.51975e+06	1.47325e+06	1.50775e+06	1.501e+06	
1.53175e+06	1.52725e+06	1.54425e+06	1.53375e+06	1.526e+06	
1.62875e+06	1.60475e+06	1.5955e+06	1.60175e+06	1.6105e+06	
1.6955e+06	1.70125e+06	1.731e+06	1.7025e+06	1.70575e+06	
1.77e+06	1.78075e+06	1.809e+06	1.7605e+06	1.7875e+06	
1.79e+06	1.7795e+06	1.78625e+06	1.77425e+06	1.7675e+06	
1.785e+06	1.80975e+06	1.828e+06	1.82025e+06	1.7625e+06	
1.8865e+06	1.87325e+06	1.89025e+06	1.8355e+06	1.85125e+06	
1.93125e+06	1.9155e+06	1.93e+06	1.8935e+06	1.90975e+06	
1.89275e+06	1.93875e+06	1.911e+06	1.87575e+06	1.9205e+06	
1.831e+06	1.80575e+06	1.8015e+06	1.76175e+06	1.77825e+06	
1.676e+06	1.676e+06	1.69125e+06	1.68225e+06	1.6685e+06	
1.49275e+06	1.45175e+06	1.48825e+06	1.4945e+06	1.46625e+06	
1.32325e+06	1.3245e+06	1.32875e+06	1.2955e+06	1.3125e+06	
1.2565e+06	1.2525e+06	1.274e+06	1.26525e+06	1.259e+06	
1.3945e+06	1.3755e+06	1.4145e+06	1.40375e+06	1.38925e+06	
1.6345e+06	1.60675e+06	1.61175e+06	1.63375e+06	1.60675e+06	
1.831e+06	1.80975e+06	1.80525e+06	1.80325e+06	1.81275e+06	
1.91425e+06	1.8935e+06	1.93575e+06	1.94075e+06	1.9225e+06	
1.99925e+06	2.029e+06	2.04725e+06	2.0075e+06	2.022e+06	
1.94325e+06	1.94525e+06	1.976e+06	1.93575e+06	1.99625e+06	
1.77875e+06	1.7485e+06	1.77375e+06	1.763e+06	1.727e+06	
1.58475e+06	1.5375e+06	1.56775e+06	1.5495e+06	1.5425e+06	
1.40325e+06	1.43525e+06	1.4505e+06	1.439e+06	1.441e+06	
1.58525e+06	1.5525e+06	1.5575e+06	1.528e+06	1.58775e+06	
1.884e+06	1.83925e+06	1.85375e+06	1.8525e+06	1.816e+06	
2.158e+06	2.153e+06	2.13675e+06	2.14675e+06	2.112e+06	
2.3535e+06	2.349e+06	2.3415e+06	2.35475e+06	2.33275e+06	
2.48325e+06	2.4945e+06	2.4555e+06	2.45e+06	2.4555e+06	
2.5355e+06	2.5885e+06	2.5785e+06	2.576e+06	2.5935e+06	
2.618e+06	2.588e+06	2.6005e+06	2.58225e+06	2.5615e+06	
2.6175e+06	2.567e+06	2.62325e+06	2.63075e+06	2.58225e+06	
2.6685e+06	2.6465e+06	2.664e+06	2.64525e+06	2.656e+06	
2.65275e+06	2.656e+06	2.6615e+06	2.72975e+06	2.62875e+06	
2.7485e+06	2.76625e+06	2.74475e+06	2.726e+06	2.68675e+06	
2.8085e+06	2.82225e+06	2.78325e+06	2.835e+06	2.83425e+06	
2.84875e+06	2.8955e+06	2.8765e+06	2.864e+06	2.83625e+06	
2.898e+06	2.91875e+06	2.87575e+06	2.8625e+06	2.91425e+06	
2.95725e+06	2.93575e+06	2.9415e+06	2.95775e+06	2.94275e+06	
2.87525e+06	2.93575e+06	2.944e+06	2.9345e+06	2.881e+06	
2.92125e+06	2.8765e+06	2.87975e+06	2.84e+06	2.831e+06	
2.9035e+06	2.8285e+06	2.9085e+06	2.91875e+06	2.891e+06	
2.9345e+06	2.944e+06	2.9755e+06	2.89675e+06	2.94275e+06	
2.92e+06	2.884e+06	2.8985e+06	2.89925e+06	2.9345e+06	
2.869e+06	2.95075e+06	2.91e+06	2.852e+06	2.8745e+06	
2.92875e+06	2.96025e+06	2.91175e+06	2.9055e+06	2.97175e+06	
2.91625e+06	2.91625e+06	2.93625e+06	2.91875e+06	2.9225e+06	
2.90725e+06	2.86325e+06	2.90175e+06	2.93875e+06	2.89925e+06	
2.9445e+06	2.906e+06	2.89725e+06	2.86825e+06	2.906e+06	
2.87325e+06	2.89025e+06	2.923e+06	2.86525e+06	2.9445e+06	
2.954e+06	2.92825e+06	2.91125e+06	2.94575e+06	2.91875e+06	
3.01825e+06	2.9905e+06	2.98175e+06	2.99425e+06	2.9735e+06	
3.024e+06	3.065e+06	2.99675e+06	3.04725e+06	3.0625e+06	
3.0825e+06	3.1065e+06	3.14375e+06	3.1405e+06	3.04725e+06	
3.15575e+06	3.2105e+06	3.17525e+06	3.1335e+06	3.148e+06	
3.3435e+06	3.31125e+06	3.27675e+06	3.31e+06	3.2805e+06	
3.329e+06	3.324e+06	3.332e+06	3.25775e+06	3.26975e+06	
3.20925e+06	3.206e+06	3.25775e+06	3.19725e+06	3.20975e+06	
3.03975e+06	3.0315e+06	3.02825e+06	2.96525e+06	2.9955e+06	
3.041e+06	3.0075e+06	3.0165e+06	3.02325e+06	2.983e+06	
3.107e+06	3.087e+06	3.08875e+06	3.08875e+06	3.07425e+06	
3.33525e+06	3.30125e+06	3.3005e+06	3.2685e+06	3.3005e+06	
3.47325e+06	3.404e+06	3.441e+06	3.43975e+06	3.36925e+06	
3.472e+06	3.4815e+06	3.4675e+06	3.45875e+06	3.4965e+06	
3.50925e+06	3.559e+06	3.52925e+06	3.5205e+06	3.4815e+06	
3.4965e+06	3.49775e+06	3.51175e+06	3.4285e+06	3.50025e+06	
3.4265e+06	3.4335e+06	3.46375e+06	3.46375e+06	3.41075e+06	
3.36875e+06	3.32775e+06	3.34225e+06	3.39825e+06	3.3655e+06	
3.52925e+06	3.54e+06	3.518e+06	3.525e+06	3.5135e+06	
3.5715e+06	3.6145e+06	3.579e+06	3.6075e+06	3.58675e+06	
3.50975e+06	3.4915e+06	3.554e+06	3.58925e+06	3.48025e+06	
3.5735e+06	3.54875e+06	3.60675e+06	3.59675e+06	3.54125e+06	
3.552e+06	3.559e+06	3.55525e+06	3.4985e+06	3.5275e+06	
3.6145e+06	3.5545e+06	3.57225e+06	3.5355e+06	3.55125e+06	
3.59925e+06	3.6345e+06	3.622e+06	3.6145e+06	3.598e+06	
3.7095e+06	3.76425e+06	3.787e+06	3.7455e+06	3.697e+06	
3.77875e+06	3.75675e+06	3.72525e+06	3.7845e+06	3.7555e+06	
3.671e+06	3.6295e+06	3.68675e+06	3.646e+06	3.65275e+06	
3.66225e+06	3.62825e+06	3.62575e+06	3.625e+06	3.6485e+06	
3.5905e+06	3.60175e+06	3.61825e+06	3.622e+06	3.6175e+06	
3.6275e+06	3.6315e+06	3.58475e+06	3.58675e+06	3.591e+06	
3.6685e+06	3.6e+06	3.6395e+06	3.6315e+06	3.6975e+06	
3.7235e+06	3.6825e+06	3.68175e+06	3.7145e+06	3.67875e+06	
3.7845e+06	3.717e+06	3.74475e+06	3.734e+06	3.7145e+06	
3.736e+06	3.72525e+06	3.71825e+06	3.70125e+06	3.74925e+06	
3.7845e+06	3.6855e+06	3.7215e+06	3.72275e+06	3.70825e+06	
3.7725e+06	3.7985e+06	3.78575e+06	3.80775e+06	3.77575e+06	
3.898e+06	3.9785e+06	3.93125e+06	3.862e+06	3.886e+06	
3.9365e+06	3.959e+06	3.96025e+06	3.9565e+06	3.8985e+06	
4.0555e+06	4.0215e+06	4.0365e+06	4.01825e+06	4.06e+06	
4.0245e+06	3.9785e+06	4.01075e+06	4.04025e+06	4.0555e+06	
3.8545e+06	3.93075e+06	3.92325e+06	3.9565e+06	3.86525e+06	
3.86575e+06	3.78e+06	3.8355e+06	3.74925e+06	3.77875e+06	
3.81425e+06	3.81675e+06	3.79325e+06	3.7485e+06	3.74975e+06	
3.82225e+06	3.775e+06	3.76875e+06	3.7315e+06	3.69075e+06	
3.915e+06	3.90625e+06	3.86775e+06	3.90425e+06	3.90175e+06	
4.03525e+06	3.9995e+06	4.017e+06	3.97675e+06	4.01325e+06	
4.02075e+06	4.114e+06	4.012e+06	4.0775e+06	3.94575e+06	
4.07175e+06	4.0605e+06	4.10975e+06	4.07175e+06	4.05475e+06	
4.05875e+06	4.022e+06	4.02025e+06	4.00325e+06	3.9825e+06	
3.937e+06	3.97925e+06	3.93125e+06	3.961e+06	3.966e+06	
4.058e+06	4.07125e+06	4.02075e+06	3.993e+06	4.00125e+06	
4.15875e+06	4.02775e+06	4.14675e+06	4.1595e+06	4.1115e+06	
4.0915e+06	4.03275e+06	4.14175e+06	4.02325e+06	4.094e+06	
4.08575e+06	4.0045e+06	4.0265e+06	4.068e+06	4.02525e+06	
3.99e+06	3.838e+06	3.92e+06	3.94275e+06	3.8935e+06	
4.01e+06	3.86525e+06	3.9785e+06	3.99125e+06	3.9275e+06	
4.09825e+06	4.0215e+06	4.0165e+06	4.07575e+06	4.01775e+06	
4.06675e+06	4.07825e+06	4.106e+06	4.05175e+06	4.0655e+06	
4.068e+06	3.973e+06	4.02325e+06	4.02525e+06	4.05425e+06	
3.87775e+06	3.94275e+06	3.91925e+06	3.88925e+06	3.91e+06	
3.8035e+06	3.789e+06	3.794e+06	3.76875e+06	3.748e+06	
3.57775e+06	3.54325e+06	3.552e+06	3.50475e+06	3.5035e+06	
3.3075e+06	3.32075e+06	3.27925e+06	3.3415e+06	3.346e+06	
3.22875e+06	3.21475e+06	3.22e+06	3.1885e+06	3.232e+06	
3.28725e+06	3.29925e+06	3.2805e+06	3.32825e+06	3.28425e+06	
3.8235e+06	3.719e+06	3.6975e+06	3.75675e+06	3.78575e+06	
4.18475e+06	4.17075e+06	4.1425e+06	4.167e+06	4.1525e+06	
4.445e+06	4.4115e+06	4.39575e+06	4.37125e+06	4.43175e+06	
4.44125e+06	4.3485e+06	4.43925e+06	4.3315e+06	4.32025e+06	
4.40825e+06	4.363e+06	4.3295e+06	4.4165e+06	4.416e+06	
4.49025e+06	4.47825e+06	4.489e+06	4.50975e+06	4.53325e+06	
4.48525e+06	4.4595e+06	4.4935e+06	4.4475e+06	4.47075e+06	
4.293e+06	4.271e+06	4.27475e+06	4.2545e+06	4.24075e+06	
4.2155e+06	4.26975e+06	4.281e+06	4.1885e+06	4.2255e+06	
4.36925e+06	4.421e+06	4.457e+06	4.34525e+06	4.46875e+06	
4.58425e+06	4.55275e+06	4.4965e+06	4.53825e+06	4.56775e+06	
4.64975e+06	4.62775e+06	4.7e+06	4.675e+06	4.61825e+06	
4.8155e+06	4.772e+06	4.76375e+06	4.7965e+06	4.72775e+06	
5.02025e+06	4.8885e+06	4.95725e+06	4.9925e+06	4.91425e+06	
4.9535e+06	4.88475e+06	4.949e+06	5.07125e+06	4.94275e+06	
5.02025e+06	5.06375e+06	5.0435e+06	5.00375e+06	4.93775e+06	
4.9585e+06	4.94275e+06	4.9685e+06	4.9445e+06	4.8985e+06	
4.87275e+06	4.85325e+06	4.8935e+06	4.77625e+06	4.869e+06	
4.74675e+06	4.67875e+06	4.71275e+06	4.69875e+06	4.6435e+06	
4.5975e+06	4.57975e+06	4.6095e+06	4.52425e+06	4.58475e+06	
4.41775e+06	4.50675e+06	4.45125e+06	4.4045e+06	4.50025e+06	
4.76375e+06	4.71325e+06	4.64275e+06	4.6875e+06	4.6245e+06	
4.8355e+06	4.806e+06	4.84875e+06	4.881e+06	4.903e+06	
4.92875e+06	4.939e+06	4.94725e+06	4.896e+06	4.93275e+06	
4.968e+06	4.8935e+06	4.961e+06	4.94275e+06	4.838e+06	
4.9295e+06	4.9275e+06	4.90625e+06	4.88675e+06	4.83625e+06	
5.08775e+06	5.051e+06	5.0195e+06	5.058e+06	5.04925e+06	
5.25725e+06	5.19025e+06	5.1865e+06	5.1665e+06	5.19475e+06	
5.41975e+06	5.33025e+06	5.36675e+06	5.348e+06	5.278e+06	
5.3875e+06	5.31125e+06	5.4115e+06	5.39275e+06	5.3365e+06	
5.56225e+06	5.5325e+06	5.55075e+06	5.52825e+06	5.50675e+06	
5.5545e+06	5.549e+06	5.6415e+06	5.53575e+06	5.49225e+06	
5.54325e+06	5.5805e+06	5.56225e+06	5.55325e+06	5.48725e+06	
5.4835e+06	5.411e+06	5.423e+06	5.4085e+06	5.394e+06	
5.5495e+06	5.47075e+06	5.54125e+06	5.5395e+06	5.525e+06	
5.5345e+06	5.50975e+06	5.4795e+06	5.569e+06	5.518e+06	
5.60375e+06	5.58475e+06	5.52125e+06	5.57025e+06	5.5515e+06	
5.63975e+06	5.6095e+06	5.6605e+06	5.622e+06	5.5855e+06	
5.66675e+06	5.586e+06	5.59125e+06	5.653e+06	5.564e+06	
5.4185e+06	5.36675e+06	5.38325e+06	5.3655e+06	5.38125e+06	
5.23325e+06	5.29425e+06	5.31075e+06	5.3605e+06	5.28675e+06	
5.433e+06	5.469e+06	5.46e+06	5.42175e+06	5.41475e+06	
5.54075e+06	5.60125e+06	5.52825e+06	5.59875e+06	5.511e+06	
5.6195e+06	5.6095e+06	5.6435e+06	5.61375e+06	5.5835e+06	
5.89625e+06	5.825e+06	5.9125e+06	5.8205e+06	5.83875e+06	
5.9725e+06	5.881e+06	5.9435e+06	5.857e+06	5.886e+06	
5.9755e+06	5.949e+06	5.90925e+06	5.87525e+06	5.859e+06	
5.95975e+06	6.00125e+06	5.922e+06	5.854e+06	5.91625e+06	
5.9e+06	5.83825e+06	5.81875e+06	5.811e+06	5.94475e+06	
5.92825e+06	5.91325e+06	5.90875e+06	5.91325e+06	5.85325e+06	
6.09775e+06	6.09475e+06	6.05175e+06	6.05875e+06	6.0165e+06	
6.089e+06	5.96225e+06	6.03475e+06	5.96225e+06	6.0435e+06	
6.2125e+06	6.217e+06	6.1985e+06	6.1885e+06	6.145e+06	
6.4785e+06	6.4135e+06	6.41925e+06	6.297e+06	6.3535e+06	
6.256e+06	6.26475e+06	6.24575e+06	6.261e+06	6.227e+06	
6.3455e+06	6.193e+06	6.24575e+06	6.22625e+06	6.256e+06	
6.30325e+06	6.24025e+06	6.2535e+06	6.20875e+06	6.2905e+06	
6.10025e+06	6.079e+06	6.0115e+06	6.04175e+06	6.01275e+06	
5.961e+06	5.973e+06	5.915e+06	5.961e+06	5.9515e+06	
5.879e+06	5.741e+06	5.811e+06	5.7505e+06	5.842e+06	
5.8685e+06	5.82625e+06	5.88675e+06	5.94975e+06	5.73925e+06	
5.944e+06	5.9515e+06	5.9345e+06	5.8425e+06	5.77775e+06	
6.0845e+06	6.046e+06	6.0645e+06	6.043e+06	6.0575e+06	
6.0065e+06	6.02975e+06	6.13425e+06	6.092e+06	5.99125e+06	
6.06e+06	6.0815e+06	6.007e+06	5.98175e+06	6.04475e+06	
6.019e+06	6.06125e+06	6.05875e+06	6.08025e+06	6.024e+06	
6.21825e+06	6.17775e+06	6.16575e+06	6.14375e+06	6.18025e+06	
6.193e+06	6.1445e+06	6.0605e+06	6.113e+06	6.16525e+06	
6.3025e+06	6.23575e+06	6.28675e+06	6.27725e+06	6.28125e+06	
6.2735e+06	6.2655e+06	6.2395e+06	6.2735e+06	6.24325e+06	
6.2975e+06	6.31575e+06	6.36e+06	6.348e+06	6.2735e+06	
6.3795e+06	6.45125e+06	6.455e+06	6.47975e+06	6.42975e+06	
6.4425e+06	6.283e+06	6.41025e+06	6.2925e+06	6.38575e+06	
6.30075e+06	6.2585e+06	6.24075e+06	6.23775e+06	6.2925e+06	
6.3945e+06	6.3145e+06	6.31075e+06	6.27725e+06	6.232e+06	
6.19475e+06	6.191e+06	6.261e+06	6.2465e+06	6.16275e+06	
6.319e+06	6.30325e+06	6.2295e+06	6.34725e+06	6.28e+06	
6.33275e+06	6.22625e+06	6.2195e+06	6.29825e+06	6.25025e+06	
6.254e+06	6.26975e+06	6.23075e+06	6.273e+06	6.30075e+06	
6.479e+06	6.45375e+06	6.4595e+06	6.3865e+06	6.3485e+06	
6.45075e+06	6.28375e+06	6.3215e+06	6.353e+06	6.3e+06	
6.56725e+06	6.6335e+06	6.6295e+06	6.508e+06	6.54275e+06	
6.4745e+06	6.57475e+06	6.59675e+06	6.53375e+06	6.491e+06	
6.7085e+06	6.63975e+06	6.57475e+06	6.578e+06	6.61575e+06	
6.64475e+06	6.7745e+06	6.7255e+06	6.72675e+06	6.6625e+06	
6.774e+06	6.70975e+06	6.653e+06	6.738e+06	6.60075e+06	
6.646e+06	6.6095e+06	6.61125e+06	6.6705e+06	6.60325e+06	
6.84525e+06	6.75175e+06	6.73225e+06	6.66675e+06	6.653e+06	
6.7015e+06	6.6755e+06	6.7255e+06	6.7305e+06	6.67125e+06	
6.69075e+06	6.782e+06	6.639e+06	6.62325e+06	6.6e+06	
6.627e+06	6.581e+06	6.564e+06	6.60125e+06	6.52e+06	
6.66125e+06	6.5055e+06	6.5735e+06	6.59175e+06	6.56025e+06	
6.52625e+06	6.5225e+06	6.46775e+06	6.52325e+06	6.394e+06	
6.69275e+06	6.65725e+06	6.5975e+06	6.63525e+06	6.6535e+06	
6.6435e+06	6.6965e+06	6.71725e+06	6.65975e+06	6.57425e+06	
6.842e+06	6.78525e+06	6.88225e+06	6.74375e+06	6.88675e+06	
6.6965e+06	6.6365e+06	6.6415e+06	6.58225e+06	6.612e+06	
6.59875e+06	6.63225e+06	6.5925e+06	6.54825e+06	6.612e+06	
6.66675e+06	6.6845e+06	6.70775e+06	6.723e+06	6.66375e+06	
6.82875e+06	6.7745e+06	6.80175e+06	6.80675e+06	6.73875e+06	
6.9245e+06	6.83825e+06	6.74425e+06	6.811e+06	6.79025e+06	
6.912e+06	6.87725e+06	6.7965e+06	6.8515e+06	6.82425e+06	
7.06e+06	7.01075e+06	7.02525e+06	7.00075e+06	6.94525e+06	
7.07775e+06	7.05875e+06	7.06375e+06	6.997e+06	7.0645e+06	
7.094e+06	7.11975e+06	7.053e+06	7.053e+06	6.9675e+06	
7.055e+06	6.98575e+06	7.1665e+06	7.00325e+06	6.9605e+06	
7.133e+06	7.04675e+06	7.05675e+06	6.9995e+06	7.02025e+06	
6.895e+06	6.94475e+06	6.85575e+06	6.74175e+06	6.7355e+06	
7.12675e+06	6.98125e+06	6.98e+06	6.9705e+06	7.04925e+06	
7.101e+06	7.062e+06	7.16975e+06	7.02975e+06	6.987e+06	
7.35125e+06	7.2975e+06	7.2515e+06	7.22325e+06	7.23075e+06	
7.61575e+06	7.6075e+06	7.576e+06	7.48975e+06	7.53775e+06	
7.668e+06	7.534e+06	7.54525e+06	7.566e+06	7.54775e+06	
7.59375e+06	7.464e+06	7.5175e+06	7.46525e+06	7.493e+06	
7.496e+06	7.52325e+06	7.47025e+06	7.46575e+06	7.48725e+06	
7.6845e+06	7.59825e+06	7.58175e+06	7.5825e+06	7.59125e+06	
7.64675e+06	7.57675e+06	7.65925e+06	7.70725e+06	7.55475e+06	
7.8035e+06	7.74825e+06	7.75625e+06	7.73375e+06	7.67825e+06	
7.99825e+06	8.0745e+06	7.8295e+06	7.924e+06	8.00325e+06	
7.985e+06	7.97825e+06	7.99825e+06	8.009e+06	7.96925e+06	
8.084e+06	7.982e+06	8.028e+06	7.985e+06	7.91775e+06	
7.98825e+06	7.95975e+06	7.9705e+06	7.9315e+06	8.0255e+06	
7.98625e+06	7.99125e+06	7.956e+06	7.96625e+06	7.893e+06	
8.03675e+06	8.00075e+06	7.95975e+06	8.07775e+06	7.91825e+06	
8.11225e+06	8.11475e+06	8.0305e+06	8.07775e+06	7.9315e+06	
8.28375e+06	8.273e+06	8.20825e+06	8.145e+06	8.0885e+06	
8.43625e+06	8.3695e+06	8.42875e+06	8.45325e+06	8.3405e+06	
8.62975e+06	8.6575e+06	8.63475e+06	8.5465e+06	8.64725e+06	
8.592e+06	8.551e+06	8.5685e+06	8.51375e+06	8.60825e+06	
8.70025e+06	8.60075e+06	8.51575e+06	8.6485e+06	8.6195e+06	
8.6965e+06	8.6115e+06	8.70025e+06	8.63725e+06	8.6945e+06	
9.05e+06	9.038e+06	8.96175e+06	9.00775e+06	8.924e+06	
8.93225e+06	8.95475e+06	8.9145e+06	8.95225e+06	8.97875e+06	
9.05075e+06	8.868e+06	8.85025e+06	8.975e+06	8.9415e+06	
9.17425e+06	9.15725e+06	9.106e+06	9.21e+06	9.10225e+06	
9.21625e+06	9.1515e+06	9.1955e+06	9.19425e+06	9.11625e+06	
9.16025e+06	9.22075e+06	9.11125e+06	9.173e+06	9.11625e+06	
9.27625e+06	9.173e+06	9.28125e+06	9.2485e+06	9.2215e+06	
9.55225e+06	9.4305e+06	9.4055e+06	9.42375e+06	9.47275e+06	
9.396e+06	9.5025e+06	9.561e+06	9.50875e+06	9.3915e+06	
9.59625e+06	9.57e+06	9.544e+06	9.57625e+06	9.6265e+06	
9.51e+06	9.403e+06	9.45525e+06	9.4305e+06	9.39475e+06	
9.597e+06	9.61325e+06	9.63725e+06	9.5465e+06	9.54725e+06	
9.62525e+06	9.4805e+06	9.56475e+06	9.469e+06	9.5265e+06	
9.63925e+06	9.51e+06	9.54775e+06	9.658e+06	9.539e+06	
9.53275e+06	9.41475e+06	9.4615e+06	9.4345e+06	9.3715e+06	
9.76975e+06	9.71225e+06	9.64225e+06	9.73625e+06	9.6965e+06	
9.54225e+06	9.568e+06	9.54225e+06	9.60525e+06	9.47525e+06	
9.33175e+06	9.29825e+06	9.31025e+06	9.38325e+06	9.28625e+06	
8.6945e+06	8.7905e+06	8.72875e+06	8.781e+06	8.69025e+06	
8.5685e+06	8.49175e+06	8.4735e+06	8.39975e+06	8.39725e+06	
8.4615e+06	8.38075e+06	8.34625e+06	8.31075e+06	8.32775e+06	
8.7115e+06	8.8105e+06	8.68525e+06	8.6525e+06	8.66175e+06	
9.26425e+06	9.07025e+06	9.17425e+06	9.18425e+06	9.05375e+06	
9.48175e+06	9.425e+06	9.51875e+06	9.367e+06	9.3595e+06	
9.69725e+06	9.7395e+06	9.75525e+06	9.91775e+06	9.6935e+06	
9.917e+06	9.873e+06	9.93975e+06	9.95375e+06	9.8655e+06	
9.92975e+06	9.81175e+06	9.83325e+06	9.85975e+06	9.7425e+06	
9.94675e+06	9.93525e+06	9.9895e+06	9.87875e+06	9.975e+06	
1.02112e+07	1.02348e+07	1.02088e+07	1.02348e+07	1.01652e+07	
1.04942e+07	1.03682e+07	1.0493e+07	1.04395e+07	1.04155e+07	
1.0713e+07	1.07238e+07	1.07255e+07	1.07375e+07	1.06268e+07	
1.0636e+07	1.06398e+07	1.05435e+07	1.06385e+07	1.05912e+07	
1.07652e+07	1.07445e+07	1.07578e+07	1.06608e+07	1.0684e+07	
1.06405e+07	1.04698e+07	1.05132e+07	1.05555e+07	1.0488e+07	
1.04785e+07	1.0423e+07	1.0469e+07	1.0423e+07	1.0319e+07	
1.027e+07	1.02945e+07	1.01942e+07	1.03002e+07	1.02108e+07	
1.0277e+07	1.02902e+07	1.01768e+07	1.02542e+07	1.01602e+07	
1.04375e+07	1.04975e+07	1.04362e+07	1.04672e+07	1.04912e+07	
1.08188e+07	1.0674e+07	1.0745e+07	1.06965e+07	1.06898e+07	
1.08925e+07	1.07892e+07	1.08552e+07	1.07778e+07	1.0764e+07	
1.0771e+07	1.07148e+07	1.06475e+07	1.07772e+07	1.0735e+07	
1.0963e+07	1.09285e+07	1.10342e+07	1.0938e+07	1.0904e+07	
1.1137e+07	1.10318e+07	1.1091e+07	1.10558e+07	1.09908e+07	
1.11685e+07	1.1231e+07	1.12668e+07	1.11905e+07	1.11722e+07	
1.12082e+07	1.12248e+07	1.11452e+07	1.11395e+07	1.11038e+07	
1.12365e+07	1.12e+07	1.11308e+07	1.12182e+07	1.11042e+07	
1.11655e+07	1.11642e+07	1.1202e+07	1.11655e+07	1.11975e+07	
1.13595e+07	1.1275e+07	1.12252e+07	1.12012e+07	1.12082e+07	
1.13085e+07	1.13608e+07	1.12038e+07	1.1212e+07	1.12712e+07	
1.13318e+07	1.13272e+07	1.12485e+07	1.13482e+07	1.1306e+07	
1.13802e+07	1.13052e+07	1.14938e+07	1.14112e+07	1.14075e+07	
1.13192e+07	1.1326e+07	1.12908e+07	1.12865e+07	1.13822e+07	
1.11352e+07	1.11522e+07	1.10318e+07	1.11092e+07	1.10658e+07	
1.1033e+07	1.11208e+07	1.10338e+07	1.10235e+07	1.0936e+07	
1.10508e+07	1.10815e+07	1.0921e+07	1.0875e+07	1.08792e+07	
1.13048e+07	1.12178e+07	1.11622e+07	1.1229e+07	1.11932e+07	
1.11945e+07	1.12182e+07	1.12448e+07	1.11288e+07	1.1251e+07	
1.12498e+07	1.1222e+07	1.1149e+07	1.11352e+07	1.12215e+07	
1.1108e+07	1.09782e+07	1.11312e+07	1.11088e+07	1.11025e+07	
1.10388e+07	1.09248e+07	1.10065e+07	1.0849e+07	1.0875e+07	
1.0846e+07	1.07305e+07	1.07988e+07	1.07842e+07	1.0762e+07	
1.08788e+07	1.08225e+07	1.07968e+07	1.08042e+07	1.06978e+07	
1.08245e+07	1.08208e+07	1.07752e+07	1.0825e+07	1.07942e+07	
1.0793e+07	1.07192e+07	1.08358e+07	1.07992e+07	1.06815e+07	
1.08328e+07	1.07942e+07	1.07632e+07	1.0749e+07	1.08125e+07	
1.11472e+07	1.1088e+07	1.09405e+07	1.10722e+07	1.10482e+07	
1.1311e+07	1.12952e+07	1.11982e+07	1.12108e+07	1.119e+07	
1.1222e+07	1.1079e+07	1.1127e+07	1.11262e+07	1.11502e+07	
1.11432e+07	1.11465e+07	1.1117e+07	1.10848e+07	1.10392e+07	
1.09385e+07	1.0878e+07	1.09202e+07	1.09852e+07	1.08842e+07	
1.10205e+07	1.10852e+07	1.10922e+07	1.1139e+07	1.10665e+07	
1.1314e+07	1.12932e+07	1.128e+07	1.12725e+07	1.11705e+07	
1.15215e+07	1.14275e+07	1.14565e+07	1.13942e+07	1.13898e+07	
1.17092e+07	1.1597e+07	1.15928e+07	1.1623e+07	1.15812e+07	
1.16998e+07	1.17262e+07	1.16468e+07	1.15668e+07	1.16425e+07	
1.17798e+07	1.1815e+07	1.17412e+07	1.1781e+07	1.16468e+07	
1.14415e+07	1.1473e+07	1.14822e+07	1.15302e+07	1.14565e+07	
1.15618e+07	1.15232e+07	1.15202e+07	1.1502e+07	1.14995e+07	
1.1493e+07	1.13375e+07	1.13955e+07	1.13072e+07	1.12915e+07	
1.1294e+07	1.12795e+07	1.12575e+07	1.11648e+07	1.11722e+07	
1.11982e+07	1.11225e+07	1.11888e+07	1.11472e+07	1.12108e+07	
1.12692e+07	1.11818e+07	1.12195e+07	1.12865e+07	1.118e+07	
1.16235e+07	1.15258e+07	1.15712e+07	1.15808e+07	1.15012e+07	
1.16948e+07	1.15605e+07	1.15062e+07	1.16148e+07	1.16202e+07	
1.1662e+07	1.15152e+07	1.1529e+07	1.15675e+07	1.15282e+07	
1.16545e+07	1.1522e+07	1.15e+07	1.15132e+07	1.14125e+07	
1.1476e+07	1.14748e+07	1.15315e+07	1.13998e+07	1.1338e+07	
1.15108e+07	1.1473e+07	1.14842e+07	1.15108e+07	1.1335e+07	
1.16708e+07	1.16128e+07	1.14988e+07	1.14875e+07	1.14672e+07	
1.1822e+07	1.1851e+07	1.18542e+07	1.16172e+07	1.17225e+07	
1.17388e+07	1.16865e+07	1.1672e+07	1.17022e+07	1.16078e+07	
1.15555e+07	1.16078e+07	1.1616e+07	1.16582e+07	1.15365e+07	
1.16745e+07	1.15372e+07	1.16965e+07	1.15082e+07	1.16335e+07	
1.16172e+07	1.15642e+07	1.15038e+07	1.14312e+07	1.1372e+07	
1.13878e+07	1.14125e+07	1.13298e+07	1.13122e+07	1.12952e+07	
1.1408e+07	1.14705e+07	1.14742e+07	1.13392e+07	1.13412e+07	
1.1294e+07	1.13122e+07	1.13102e+07	1.13035e+07	1.1272e+07	
1.12272e+07	1.1122e+07	1.12132e+07	1.1222e+07	1.11428e+07	
1.11962e+07	1.1103e+07	1.12518e+07	1.11812e+07	1.12348e+07	
1.1355e+07	1.11642e+07	1.13512e+07	1.1243e+07	1.12505e+07	
1.15178e+07	1.13985e+07	1.15202e+07	1.14225e+07	1.13268e+07	
1.15348e+07	1.1481e+07	1.12895e+07	1.14048e+07	1.1398e+07	
1.13022e+07	1.13242e+07	1.12625e+07	1.12795e+07	1.1202e+07	
1.08132e+07	1.08648e+07	1.08145e+07	1.08055e+07	1.08068e+07	
1.04465e+07	1.0352e+07	1.0398e+07	1.0374e+07	1.03525e+07	
1.01748e+07	1.01062e+07	1.01092e+07	1.01482e+07	1.0035e+07	
1.0367e+07	1.02232e+07	1.028e+07	1.0219e+07	1.02195e+07	
1.04715e+07	1.0466e+07	1.04312e+07	1.03658e+07	1.03695e+07	
1.0503e+07	1.03865e+07	1.04672e+07	1.04428e+07	1.0389e+07	
1.0641e+07	1.05195e+07	1.0527e+07	1.0534e+07	1.05108e+07	
1.08618e+07	1.07318e+07	1.07735e+07	1.0711e+07	1.07462e+07	
1.0958e+07	1.10035e+07	1.08932e+07	1.07805e+07	1.08818e+07	
1.12298e+07	1.1258e+07	1.11918e+07	1.12058e+07	1.11498e+07	
1.15568e+07	1.13292e+07	1.14718e+07	1.13375e+07	1.128e+07	
1.15195e+07	1.13758e+07	1.1464e+07	1.14105e+07	1.14495e+07	
1.14798e+07	1.14565e+07	1.15468e+07	1.15398e+07	1.14718e+07	
1.16935e+07	1.1575e+07	1.1585e+07	1.1573e+07	1.16285e+07	
1.16148e+07	1.15548e+07	1.16148e+07	1.16442e+07	1.16015e+07	
1.16878e+07	1.17375e+07	1.17395e+07	1.16828e+07	1.17055e+07	
1.18175e+07	1.16512e+07	1.17685e+07	1.1795e+07	1.16582e+07	
1.16545e+07	1.15718e+07	1.1558e+07	1.15618e+07	1.15365e+07	
1.1723e+07	1.1573e+07	1.15542e+07	1.15182e+07	1.1512e+07	
1.15618e+07	1.1461e+07	1.1548e+07	1.1512e+07	1.14402e+07	
1.17772e+07	1.18058e+07	1.17502e+07	1.1713e+07	1.17925e+07	
1.1982e+07	1.19252e+07	1.18845e+07	1.1958e+07	1.18618e+07	
1.21018e+07	1.21238e+07	1.203e+07	1.20482e+07	1.20898e+07	
1.22775e+07	1.21005e+07	1.20495e+07	1.22418e+07	1.2115e+07	
1.21668e+07	1.211e+07	1.21775e+07	1.2168e+07	1.2103e+07	
1.21685e+07	1.21345e+07	1.2151e+07	1.21075e+07	1.20678e+07	
1.22745e+07	1.21225e+07	1.20358e+07	1.1999e+07	1.20068e+07	
1.18718e+07	1.18025e+07	1.18158e+07	1.18858e+07	1.1754e+07	
1.15642e+07	1.14362e+07	1.15232e+07	1.14955e+07	1.1391e+07	
1.11332e+07	1.10985e+07	1.09315e+07	1.10268e+07	1.1038e+07	
1.12575e+07	1.1122e+07	1.11502e+07	1.11578e+07	1.1081e+07	
1.13558e+07	1.13168e+07	1.13525e+07	1.11892e+07	1.11112e+07	
1.1558e+07	1.15385e+07	1.15965e+07	1.15372e+07	1.13272e+07	
1.17835e+07	1.1834e+07	1.18548e+07	1.18812e+07	1.1766e+07	
1.20558e+07	1.19625e+07	1.1974e+07	1.20892e+07	1.19978e+07	
1.22638e+07	1.22455e+07	1.22695e+07	1.21975e+07	1.21012e+07	
1.25232e+07	1.23525e+07	1.23922e+07	1.24692e+07	1.24552e+07	
1.24622e+07	1.23338e+07	1.22908e+07	1.2299e+07	1.23192e+07	
1.22852e+07	1.22145e+07	1.22538e+07	1.22368e+07	1.2149e+07	
1.23028e+07	1.241e+07	1.2311e+07	1.23205e+07	1.23002e+07	
1.25642e+07	1.23998e+07	1.2427e+07	1.24515e+07	1.24225e+07	
1.24345e+07	1.25328e+07	1.23615e+07	1.24088e+07	1.2422e+07	
1.2546e+07	1.24918e+07	1.25915e+07	1.24988e+07	1.24395e+07	
1.25398e+07	1.24668e+07	1.24332e+07	1.2442e+07	1.23898e+07	
1.22335e+07	1.2229e+07	1.22008e+07	1.21805e+07	1.22435e+07	
1.19355e+07	1.1899e+07	1.18478e+07	1.19828e+07	1.1987e+07	
1.19248e+07	1.18365e+07	1.17648e+07	1.17988e+07	1.16678e+07	
1.19228e+07	1.18705e+07	1.18358e+07	1.18145e+07	1.1858e+07	
1.21138e+07	1.20772e+07	1.19078e+07	1.19965e+07	1.18962e+07	
1.202e+07	1.19922e+07	1.19555e+07	1.19492e+07	1.19028e+07	
1.19625e+07	1.1919e+07	1.20275e+07	1.20772e+07	1.19632e+07	
1.21062e+07	1.20205e+07	1.2146e+07	1.20948e+07	1.21038e+07	
1.22762e+07	1.23222e+07	1.2214e+07	1.2294e+07	1.2209e+07	
1.24325e+07	1.22908e+07	1.23508e+07	1.23438e+07	1.22618e+07	
1.23968e+07	1.24245e+07	1.2396e+07	1.2379e+07	1.23872e+07	
1.24958e+07	1.23135e+07	1.2359e+07	1.23122e+07	1.21958e+07	
1.24478e+07	1.2255e+07	1.2253e+07	1.2345e+07	1.212e+07	
1.20528e+07	1.20765e+07	1.2146e+07	1.20552e+07	1.20375e+07	
1.21648e+07	1.20608e+07	1.2154e+07	1.2071e+07	1.20135e+07	
1.20168e+07	1.20342e+07	1.21768e+07	1.19372e+07	1.19858e+07	
1.20892e+07	1.20898e+07	1.1974e+07	1.19808e+07	1.20425e+07	
1.22985e+07	1.2115e+07	1.21262e+07	1.21005e+07	1.21472e+07	
1.22858e+07	1.21262e+07	1.21938e+07	1.21395e+07	1.21408e+07	
1.22108e+07	1.20798e+07	1.21742e+07	1.21138e+07	1.1989e+07	
1.21875e+07	1.20238e+07	1.20482e+07	1.21138e+07	1.20798e+07	
1.20205e+07	1.188e+07	1.20412e+07	1.19108e+07	1.18838e+07	
1.18365e+07	1.17615e+07	1.18062e+07	1.1706e+07	1.16525e+07	
1.16978e+07	1.1582e+07	1.16318e+07	1.16425e+07	1.15875e+07	
1.15688e+07	1.15915e+07	1.1553e+07	1.16285e+07	1.1585e+07	
1.16272e+07	1.16032e+07	1.1669e+07	1.15618e+07	1.143e+07	
1.17168e+07	1.16335e+07	1.1655e+07	1.158e+07	1.15915e+07	
1.18945e+07	1.1766e+07	1.16778e+07	1.16625e+07	1.17242e+07	
1.1805e+07	1.16765e+07	1.17072e+07	1.17532e+07	1.16475e+07	
1.1846e+07	1.17085e+07	1.16835e+07	1.1619e+07	1.15895e+07	
1.19965e+07	1.19165e+07	1.18498e+07	1.19082e+07	1.18245e+07	
1.17238e+07	1.17665e+07	1.1776e+07	1.17685e+07	1.17035e+07	
1.18805e+07	1.18075e+07	1.17835e+07	1.18792e+07	1.17715e+07	
1.19492e+07	1.1928e+07	1.188e+07	1.1795e+07	1.19135e+07	
1.204e+07	1.19865e+07	1.19688e+07	1.18825e+07	1.19385e+07	
1.20238e+07	1.17755e+07	1.18818e+07	1.18978e+07	1.182e+07	
1.2013e+07	1.18858e+07	1.20218e+07	1.1955e+07	1.19172e+07	
1.2166e+07	1.20288e+07	1.20192e+07	1.2066e+07	1.20358e+07	
1.19228e+07	1.2008e+07	1.1921e+07	1.18448e+07	1.18912e+07	
1.1909e+07	1.2016e+07	1.18788e+07	1.19525e+07	1.1803e+07	
1.1912e+07	1.19455e+07	1.19222e+07	1.17648e+07	1.19832e+07	
1.1849e+07	1.1803e+07	1.19202e+07	1.18075e+07	1.18655e+07	
1.19215e+07	1.18415e+07	1.18635e+07	1.18618e+07	1.1907e+07	
1.1805e+07	1.16285e+07	1.16532e+07	1.17155e+07	1.17275e+07	
1.1565e+07	1.16072e+07	1.142e+07	1.15908e+07	1.13885e+07	
1.16185e+07	1.1636e+07	1.1602e+07	1.16518e+07	1.15542e+07	
1.18265e+07	1.17362e+07	1.165e+07	1.16595e+07	1.15928e+07	
1.17905e+07	1.166e+07	1.18145e+07	1.17345e+07	1.17308e+07	
1.18295e+07	1.17312e+07	1.1713e+07	1.16488e+07	1.1711e+07	
1.1844e+07	1.1839e+07	1.17992e+07	1.16708e+07	1.16878e+07	
1.17715e+07	1.16922e+07	1.17772e+07	1.17578e+07	1.16978e+07	
1.1873e+07	1.18138e+07	1.18075e+07	1.1807e+07	1.17055e+07	
1.19178e+07	1.19878e+07	1.18252e+07	1.17565e+07	1.17432e+07	
1.16878e+07	1.16752e+07	1.17005e+07	1.16645e+07	1.15202e+07	
1.16815e+07	1.17155e+07	1.17018e+07	1.16702e+07	1.16815e+07	
1.17648e+07	1.1701e+07	1.18005e+07	1.17375e+07	1.16348e+07	
1.1943e+07	1.18062e+07	1.16732e+07	1.18025e+07	1.1786e+07	
1.16952e+07	1.17798e+07	1.17678e+07	1.16915e+07	1.17332e+07	
1.17558e+07	1.16928e+07	1.16198e+07	1.16455e+07	1.16152e+07	
1.1778e+07	1.16852e+07	1.1715e+07	1.16865e+07	1.16608e+07	
1.17652e+07	1.17055e+07	1.17035e+07	1.16745e+07	1.1558e+07	
1.17988e+07	1.16198e+07	1.1732e+07	1.172e+07	1.165e+07	
1.1728e+07	1.1798e+07	1.1691e+07	1.17238e+07	1.1626e+07	
1.18882e+07	1.17685e+07	1.16475e+07	1.17382e+07	1.17622e+07	
1.18888e+07	1.19008e+07	1.19318e+07	1.18738e+07	1.17155e+07	
1.19455e+07	1.19625e+07	1.18555e+07	1.1875e+07	1.18095e+07	
1.19108e+07	1.1771e+07	1.18675e+07	1.17425e+07	1.17962e+07	
1.15428e+07	1.16355e+07	1.16045e+07	1.16098e+07	1.1556e+07	
1.1696e+07	1.1645e+07	1.16662e+07	1.17382e+07	1.16608e+07	
1.1628e+07	1.1473e+07	1.15295e+07	1.14578e+07	1.1442e+07	
1.14358e+07	1.13148e+07	1.1246e+07	1.12882e+07	1.1379e+07	
1.14502e+07	1.1326e+07	1.13992e+07	1.13885e+07	1.13312e+07	
1.14665e+07	1.14332e+07	1.14535e+07	1.1442e+07	1.13922e+07	
1.14282e+07	1.1306e+07	1.13255e+07	1.13325e+07	1.13992e+07	
1.15125e+07	1.14125e+07	1.1282e+07	1.1352e+07	1.12158e+07	
1.12832e+07	1.11055e+07	1.11238e+07	1.11125e+07	1.10508e+07	
1.11855e+07	1.11578e+07	1.10798e+07	1.10388e+07	1.1028e+07	
1.11408e+07	1.1064e+07	1.11295e+07	1.09472e+07	1.1052e+07	
1.1258e+07	1.12058e+07	1.11598e+07	1.10462e+07	1.1086e+07	
1.11918e+07	1.12095e+07	1.11395e+07	1.11642e+07	1.11012e+07	
1.14138e+07	1.1263e+07	1.13222e+07	1.12248e+07	1.1258e+07	
1.1444e+07	1.1415e+07	1.14112e+07	1.1372e+07	1.12908e+07	
1.1529e+07	1.15348e+07	1.15322e+07	1.13462e+07	1.13935e+07	
1.14755e+07	1.14175e+07	1.12928e+07	1.1391e+07	1.13085e+07	
1.12492e+07	1.12492e+07	1.13532e+07	1.13122e+07	1.12365e+07	
1.13235e+07	1.12588e+07	1.13488e+07	1.13248e+07	1.12588e+07	
1.14408e+07	1.12852e+07	1.12832e+07	1.13292e+07	1.11478e+07	
1.13915e+07	1.14282e+07	1.1413e+07	1.1415e+07	1.14308e+07	
1.1473e+07	1.14478e+07	1.13992e+07	1.12492e+07	1.1396e+07	
1.14698e+07	1.14535e+07	1.1413e+07	1.14232e+07	1.13902e+07	
1.12158e+07	1.12915e+07	1.13318e+07	1.1326e+07	1.12158e+07	
1.14358e+07	1.1355e+07	1.1231e+07	1.12865e+07	1.13405e+07	
1.13482e+07	1.12958e+07	1.13575e+07	1.12928e+07	1.1263e+07	
1.13405e+07	1.13128e+07	1.13745e+07	1.12808e+07	1.12418e+07	
1.12738e+07	1.11105e+07	1.1369e+07	1.12202e+07	1.10488e+07	
1.12132e+07	1.10835e+07	1.1197e+07	1.11615e+07	1.1251e+07	
1.10185e+07	1.1016e+07	1.10785e+07	1.11262e+07	1.10035e+07	
1.1176e+07	1.10545e+07	1.1132e+07	1.10942e+07	1.1081e+07	
1.11812e+07	1.1185e+07	1.11792e+07	1.1139e+07	1.10752e+07	
1.12878e+07	1.13135e+07	1.1265e+07	1.1144e+07	1.11352e+07	
1.13898e+07	1.13022e+07	1.13628e+07	1.1326e+07	1.12865e+07	
1.1323e+07	1.13028e+07	1.13765e+07	1.11962e+07	1.1236e+07	
1.11498e+07	1.11932e+07	1.11615e+07	1.11602e+07	1.10085e+07	
1.12062e+07	1.1125e+07	1.10905e+07	1.09732e+07	1.10222e+07	
1.11498e+07	1.1105e+07	1.10678e+07	1.1093e+07	1.11275e+07	
1.12195e+07	1.1064e+07	1.1084e+07	1.11578e+07	1.10192e+07	
1.10868e+07	1.10022e+07	1.1004e+07	1.10905e+07	1.09248e+07	
1.10608e+07	1.09198e+07	1.09618e+07	1.10735e+07	1.09248e+07	
1.11382e+07	1.0907e+07	1.0861e+07	1.09272e+07	1.09658e+07	
1.08742e+07	1.07192e+07	1.089e+07	1.0803e+07	1.06538e+07	
1.09202e+07	1.07015e+07	1.08025e+07	1.0752e+07	1.0733e+07	
1.07885e+07	1.07462e+07	1.08365e+07	1.07702e+07	1.07275e+07	
1.09605e+07	1.0871e+07	1.10425e+07	1.0885e+07	1.08182e+07	
1.09542e+07	1.10602e+07	1.0958e+07	1.08788e+07	1.0979e+07	
1.12115e+07	1.1076e+07	1.11905e+07	1.11548e+07	1.10532e+07	
1.11288e+07	1.10432e+07	1.0979e+07	1.1042e+07	1.09592e+07	
1.13148e+07	1.12182e+07	1.12302e+07	1.11875e+07	1.11258e+07	
1.11892e+07	1.10905e+07	1.11548e+07	1.10748e+07	1.11395e+07	
1.1234e+07	1.10828e+07	1.11515e+07	1.10602e+07	1.1091e+07	
1.12442e+07	1.11408e+07	1.11528e+07	1.11602e+07	1.11838e+07	
1.10628e+07	1.1113e+07	1.10218e+07	1.10545e+07	1.09845e+07	
1.1093e+07	1.0984e+07	1.10445e+07	1.10392e+07	1.088e+07	
1.08838e+07	1.09115e+07	1.08568e+07	1.0757e+07	1.07962e+07	
1.08672e+07	1.09568e+07	1.0783e+07	1.07388e+07	1.0871e+07	
1.0924e+07	1.08042e+07	1.0878e+07	1.09045e+07	1.0764e+07	
1.0851e+07	1.0846e+07	1.08805e+07	1.07922e+07	1.07702e+07	
1.09468e+07	1.08212e+07	1.0892e+07	1.09082e+07	1.07142e+07	
1.0977e+07	1.08522e+07	1.08962e+07	1.08855e+07	1.0759e+07	
1.09272e+07	1.08382e+07	1.0672e+07	1.07608e+07	1.0628e+07	
1.07172e+07	1.0723e+07	1.08352e+07	1.0827e+07	1.07532e+07	
1.07362e+07	1.05208e+07	1.0607e+07	1.06475e+07	1.05548e+07	
1.07172e+07	1.07375e+07	1.06505e+07	1.0631e+07	1.06878e+07	
1.05862e+07	1.06095e+07	1.06342e+07	1.06095e+07	1.05378e+07	
1.0628e+07	1.0599e+07	1.0653e+07	1.05422e+07	1.05215e+07	
1.06595e+07	1.0599e+07	1.06398e+07	1.065e+07	1.06165e+07	
1.07028e+07	1.06518e+07	1.06505e+07	1.07098e+07	1.0592e+07	
1.06555e+07	1.06342e+07	1.07105e+07	1.07028e+07	1.06052e+07	
1.0745e+07	1.07462e+07	1.06518e+07	1.06782e+07	1.06712e+07	
1.0752e+07	1.07275e+07	1.06612e+07	1.07558e+07	1.05888e+07	
1.0822e+07	1.07438e+07	1.06782e+07	1.0837e+07	1.07702e+07	
1.08068e+07	1.08068e+07	1.08038e+07	1.0687e+07	1.06658e+07	
1.08e+07	1.06845e+07	1.0628e+07	1.06985e+07	1.0626e+07	
1.08345e+07	1.07698e+07	1.07868e+07	1.07822e+07	1.07532e+07	
1.08428e+07	1.0808e+07	1.08038e+07	1.07578e+07	1.07628e+07	
1.07722e+07	1.07798e+07	1.06878e+07	1.06815e+07	1.06708e+07	
1.07508e+07	1.07192e+07	1.0788e+07	1.08145e+07	1.0674e+07	
1.0684e+07	1.0706e+07	1.0689e+07	1.0713e+07	1.06562e+07	
1.07445e+07	1.0747e+07	1.07408e+07	1.0689e+07	1.06555e+07	
1.07205e+07	1.06405e+07	1.07715e+07	1.0653e+07	1.06468e+07	
1.06538e+07	1.05555e+07	1.05662e+07	1.06248e+07	1.06082e+07	
1.0585e+07	1.051e+07	1.0488e+07	1.05138e+07	1.0481e+07	
1.03815e+07	1.03815e+07	1.0398e+07	1.04338e+07	1.0302e+07	
1.04785e+07	1.03575e+07	1.02548e+07	1.0292e+07	1.03462e+07	
1.0401e+07	1.02655e+07	1.0277e+07	1.01308e+07	1.02182e+07	
1.03612e+07	1.02378e+07	1.0251e+07	1.02108e+07	1.01838e+07	
1.03562e+07	1.02982e+07	1.02965e+07	1.02712e+07	1.0314e+07	
1.04218e+07	1.02178e+07	1.03268e+07	1.02592e+07	1.01465e+07	
1.02348e+07	1.0285e+07	1.02062e+07	1.03255e+07	1.01508e+07	
1.01975e+07	1.0205e+07	1.01225e+07	1.0236e+07	1.0125e+07	
1.0016e+07	1.00198e+07	1.00935e+07	1.0047e+07	1.00545e+07	
9.71725e+06	9.67825e+06	9.68775e+06	9.69275e+06	9.7205e+06	
9.44375e+06	9.372e+06	9.48225e+06	9.42925e+06	9.4225e+06	
9.3015e+06	9.2145e+06	9.21625e+06	9.14e+06	9.244e+06	
9.07075e+06	9.05575e+06	9.13575e+06	9.09675e+06	9.0335e+06	
9.19175e+06	9.13325e+06	9.06325e+06	9.1155e+06	9.0425e+06	
9.2945e+06	9.304e+06	9.232e+06	9.27e+06	9.178e+06	
9.454e+06	9.3765e+06	9.40175e+06	9.33975e+06	9.25675e+06	
9.46725e+06	9.464e+06	9.362e+06	9.4835e+06	9.39725e+06	
9.5975e+06	9.44775e+06	9.57875e+06	9.51375e+06	9.5075e+06	
9.4615e+06	9.5975e+06	9.5095e+06	9.4665e+06	9.401e+06	
9.517e+06	9.52125e+06	9.51825e+06	9.47925e+06	9.4545e+06	
9.5295e+06	9.549e+06	9.54775e+06	9.517e+06	9.54225e+06	
9.50125e+06	9.411e+06	9.4205e+06	9.40225e+06	9.3715e+06	
9.64675e+06	9.587e+06	9.46975e+06	9.633e+06	9.544e+06	
9.58625e+06	9.508e+06	9.609e+06	9.43875e+06	9.56725e+06	
9.54225e+06	9.3985e+06	9.607e+06	9.5145e+06	9.39525e+06	
9.49675e+06	9.37575e+06	9.50625e+06	9.43e+06	9.37825e+06	
9.53825e+06	9.377e+06	9.4275e+06	9.50375e+06	9.41425e+06	
9.38525e+06	9.38575e+06	9.4105e+06	9.29525e+06	9.2965e+06	
9.355e+06	9.3575e+06	9.37525e+06	9.2965e+06	9.3305e+06	
9.35825e+06	9.28e+06	9.42625e+06	9.37325e+06	9.3405e+06	
9.537e+06	9.3795e+06	9.44775e+06	9.4105e+06	9.40725e+06	
9.462e+06	9.45575e+06	9.29825e+06	9.49175e+06	9.34875e+06	
9.48425e+06	9.377e+06	9.44375e+06	9.43875e+06	9.3625e+06	
9.39225e+06	9.51325e+06	9.449e+06	9.4835e+06	9.39225e+06	
9.45025e+06	9.4665e+06	9.43375e+06	9.39725e+06	9.35175e+06	
9.49675e+06	9.3385e+06	9.437e+06	9.3595e+06	9.35125e+06	
9.30575e+06	9.2965e+06	9.37275e+06	9.1905e+06	9.17475e+06	
9.37575e+06	9.394e+06	9.3795e+06	9.46775e+06	9.27875e+06	
9.3335e+06	9.403e+06	9.3065e+06	9.29525e+06	9.2705e+06	
9.4105e+06	9.38325e+06	9.304e+06	9.2415e+06	9.229e+06	
9.2825e+06	9.35625e+06	9.28575e+06	9.19375e+06	9.2995e+06	
9.35625e+06	9.31975e+06	9.2825e+06	9.25675e+06	9.1585e+06	
9.3455e+06	9.29075e+06	9.30975e+06	9.27175e+06	9.258e+06	
9.37e+06	9.30275e+06	9.20375e+06	9.135e+06	9.253e+06	
9.309e+06	9.3355e+06	9.31475e+06	9.37075e+06	9.27375e+06	
9.21325e+06	9.278e+06	9.13825e+06	9.18675e+06	9.0885e+06	
9.2315e+06	9.1715e+06	9.30025e+06	9.2385e+06	9.135e+06	
9.2585e+06	9.2315e+06	9.13e+06	9.21575e+06	9.186e+06	
9.1035e+06	9.081e+06	9.13875e+06	9.176e+06	9.00075e+06	
9.14825e+06	9.1565e+06	9.028e+06	9.106e+06	9.0765e+06	
9.26925e+06	9.19125e+06	9.19425e+06	9.19675e+06	9.081e+06	
9.299e+06	9.314e+06	9.183e+06	9.19625e+06	9.1495e+06	
9.3575e+06	9.3115e+06	9.23025e+06	9.27175e+06	9.2775e+06	
9.32925e+06	9.24225e+06	9.3215e+06	9.314e+06	9.152e+06	
9.338e+06	9.2435e+06	9.2295e+06	9.31275e+06	9.19875e+06	
9.3745e+06	9.2875e+06	9.2965e+06	9.31025e+06	9.2775e+06	
9.39775e+06	9.365e+06	9.22275e+06	9.27875e+06	9.166e+06	
9.36825e+06	9.2465e+06	9.311e+06	9.33925e+06	9.2335e+06	
9.33975e+06	9.36575e+06	9.20125e+06	9.268e+06	9.239e+06	
9.251e+06	9.24025e+06	9.21825e+06	9.30525e+06	9.1415e+06	
9.23775e+06	9.16775e+06	9.14325e+06	9.178e+06	9.12875e+06	
9.261e+06	9.21075e+06	9.1395e+06	9.10925e+06	9.2005e+06	
9.25475e+06	9.2145e+06	9.297e+06	9.23775e+06	9.1545e+06	
9.26225e+06	9.149e+06	9.2485e+06	9.219e+06	9.067e+06	
9.1735e+06	9.11675e+06	9.1495e+06	9.07325e+06	9.20825e+06	
9.20125e+06	8.99825e+06	9.01925e+06	9.074e+06	9.14e+06	
9.15075e+06	9.1105e+06	9.0425e+06	9.161e+06	9.011e+06	
9.2335e+06	9.12625e+06	9.0405e+06	9.08525e+06	9.089e+06	
9.091e+06	9.0455e+06	8.992e+06	9.01025e+06	9.06e+06	
9.01275e+06	9.08775e+06	9.05375e+06	8.946e+06	9.03625e+06	
9.057e+06	8.948e+06	9.06525e+06	8.96175e+06	9.0335e+06	
9.01275e+06	8.9245e+06	8.985e+06	8.90575e+06	8.919e+06	
8.9605e+06	8.94975e+06	8.8805e+06	8.91575e+06	8.94675e+06	
8.97875e+06	8.83525e+06	8.97375e+06	8.922e+06	8.8565e+06	
9.038e+06	8.96625e+06	8.99325e+06	8.97175e+06	8.9025e+06	
9.0665e+06	8.84325e+06	8.883e+06	8.83525e+06	8.87725e+06	
8.9285e+06	8.87925e+06	8.90075e+06	8.813e+06	8.84275e+06	
8.85975e+06	8.893e+06	8.818e+06	8.84325e+06	8.7935e+06	
8.87475e+06	8.939e+06	8.84325e+06	8.859e+06	8.85525e+06	
8.8465e+06	8.8495e+06	8.91525e+06	8.79975e+06	8.7615e+06	
8.953e+06	8.86925e+06	8.8825e+06	8.8295e+06	8.7525e+06	
8.79925e+06	8.6965e+06	8.65675e+06	8.6915e+06	8.793e+06	
8.75625e+06	8.721e+06	8.8805e+06	8.81875e+06	8.7065e+06	
8.80675e+06	8.694e+06	8.68125e+06	8.70775e+06	8.6405e+06	
8.78475e+06	8.6455e+06	8.68575e+06	8.63275e+06	8.701e+06	
8.779e+06	8.77725e+06	8.73875e+06	8.7235e+06	8.67875e+06	
8.774e+06	8.73e+06	8.786e+06	8.7035e+06	8.63475e+06	
8.687e+06	8.5925e+06	8.5925e+06	8.63225e+06	8.58625e+06	
8.6895e+06	8.6065e+06	8.5195e+06	8.58925e+06	8.46525e+06	
8.54725e+06	8.37075e+06	8.396e+06	8.53825e+06	8.45275e+06	
8.4905e+06	8.43875e+06	8.5345e+06	8.411e+06	8.454e+06	
8.51825e+06	8.4205e+06	8.40675e+06	8.3985e+06	8.38525e+06	
8.597e+06	8.49925e+06	8.46275e+06	8.43825e+06	8.534e+06	
8.51625e+06	8.6095e+06	8.45e+06	8.53275e+06	8.4735e+06	
8.6e+06	8.6065e+06	8.58375e+06	8.51125e+06	8.573e+06	
8.68775e+06	8.629e+06	8.595e+06	8.52325e+06	8.55475e+06	
8.64725e+06	8.53025e+06	8.517e+06	8.464e+06	8.55525e+06	
8.67e+06	8.624e+06	8.63725e+06	8.56925e+06	8.59575e+06	
8.5945e+06	8.54525e+06	8.62225e+06	8.52075e+06	8.53775e+06	
8.648e+06	8.58425e+06	8.573e+06	8.5945e+06	8.62775e+06	
8.7255e+06	8.7305e+06	8.5245e+06	8.66125e+06	8.609e+06	
8.5705e+06	8.62525e+06	8.66175e+06	8.66825e+06	8.561e+06	
8.738e+06	8.65375e+06	8.55775e+06	8.5755e+06	8.5485e+06	
8.7355e+06	8.67075e+06	8.617e+06	8.60575e+06	8.5395e+06	
8.54725e+06	8.5415e+06	8.47525e+06	8.55775e+06	8.445e+06	
8.5315e+06	8.40675e+06	8.53075e+06	8.61025e+06	8.5025e+06	
8.57625e+06	8.4475e+06	8.467e+06	8.4225e+06	8.40675e+06	
8.50625e+06	8.445e+06	8.45e+06	8.44375e+06	8.4735e+06	
8.40025e+06	8.36325e+06	8.36375e+06	8.358e+06	8.3455e+06	
8.3405e+06	8.34225e+06	8.28175e+06	8.3405e+06	8.22775e+06	
8.3235e+06	8.348e+06	8.3625e+06	8.3555e+06	8.2725e+06	
8.32725e+06	8.36125e+06	8.237e+06	8.30075e+06	8.29125e+06	
8.186e+06	8.229e+06	8.27925e+06	8.149e+06	8.17725e+06	
8.19625e+06	8.10725e+06	8.17525e+06	8.17675e+06	8.0645e+06	
8.12875e+06	8.1885e+06	8.089e+06	8.1805e+06	8.15775e+06	
8.1175e+06	8.07075e+06	8.2175e+06	8.1275e+06	7.985e+06	
8.05875e+06	7.96875e+06	8.02275e+06	7.927e+06	8.0135e+06	
7.9795e+06	8.021e+06	8.10175e+06	7.99125e+06	7.93725e+06	
8.045e+06	8.089e+06	7.9705e+06	7.999e+06	8.05625e+06	
8.0355e+06	8.09775e+06	8.019e+06	8.045e+06	8.002e+06	
8.08025e+06	8.111e+06	7.99525e+06	8.01975e+06	7.9385e+06	
7.95475e+06	7.968e+06	8.009e+06	7.98e+06	7.96625e+06	
7.939e+06	7.91075e+06	7.88175e+06	7.8875e+06	7.8565e+06	
7.92775e+06	7.78725e+06	7.79475e+06	7.827e+06	7.88175e+06	
7.74825e+06	7.837e+06	7.8635e+06	7.7865e+06	7.76125e+06	
7.77275e+06	7.7305e+06	7.76825e+06	7.755e+06	7.731e+06	
7.79225e+06	7.7885e+06	7.83325e+06	7.7745e+06	7.72475e+06	
7.818e+06	7.77025e+06	7.7405e+06	7.762e+06	7.83125e+06	
7.84025e+06	7.7035e+06	7.69075e+06	7.65475e+06	7.66625e+06	
7.71275e+06	7.5855e+06	7.6845e+06	7.6285e+06	7.65625e+06	
7.71475e+06	7.6535e+06	7.6095e+06	7.72225e+06	7.6535e+06	
7.7235e+06	7.78725e+06	7.648e+06	7.7035e+06	7.72475e+06	
7.5825e+06	7.668e+06	7.73175e+06	7.64925e+06	7.602e+06	
7.65675e+06	7.5855e+06	7.60075e+06	7.61325e+06	7.56225e+06	
7.57675e+06	7.5055e+06	7.551e+06	7.571e+06	7.498e+06	
7.6455e+06	7.5825e+06	7.61075e+06	7.53325e+06	7.5245e+06	
7.63975e+06	7.5245e+06	7.626e+06	7.50875e+06	7.48525e+06	
7.68625e+06	7.57675e+06	7.56725e+06	7.6605e+06	7.56275e+06	
7.69325e+06	7.72225e+06	7.63025e+06	7.64425e+06	7.57675e+06	
7.5365e+06	7.4235e+06	7.561e+06	7.53825e+06	7.45375e+06	
7.47975e+06	7.5075e+06	7.41725e+06	7.54075e+06	7.4595e+06	
7.651e+06	7.54525e+06	7.4135e+06	7.5465e+06	7.36825e+06	
7.513e+06	7.5805e+06	7.51e+06	7.54775e+06	7.50175e+06	
7.559e+06	7.488e+06	7.50875e+06	7.537e+06	7.5365e+06	
7.56925e+06	7.467e+06	7.416e+06	7.426e+06	7.38775e+06	
7.50175e+06	7.42875e+06	7.36825e+06	7.43375e+06	7.38575e+06	
7.5155e+06	7.42475e+06	7.43925e+06	7.3965e+06	7.32975e+06	
7.4375e+06	7.2875e+06	7.47025e+06	7.32525e+06	7.43175e+06	
7.46325e+06	7.338e+06	7.47475e+06	7.4355e+06	7.3525e+06	
7.39775e+06	7.484e+06	7.4735e+06	7.4255e+06	7.41675e+06	
7.384e+06	7.35125e+06	7.346e+06	7.3675e+06	7.36e+06	
7.50675e+06	7.421e+06	7.488e+06	7.493e+06	7.35625e+06	
7.382e+06	7.43925e+06	7.372e+06	7.399e+06	7.338e+06	
7.39775e+06	7.38275e+06	7.29875e+06	7.31075e+06	7.29075e+06	
7.442e+06	7.40775e+06	7.3915e+06	7.3235e+06	7.426e+06	
7.387e+06	7.3695e+06	7.38825e+06	7.331e+06	7.38e+06	
7.263e+06	7.25025e+06	7.20925e+06	7.237e+06	7.23825e+06	
7.27625e+06	7.33925e+06	7.17775e+06	7.2585e+06	7.23275e+06	
7.1885e+06	7.229e+06	7.21825e+06	7.116e+06	7.179e+06	
7.32025e+06	7.14825e+06	7.159e+06	7.164e+06	7.06625e+06	
7.14e+06	7.02275e+06	7.08775e+06	7.08975e+06	7.0135e+06	
7.135e+06	7.04925e+06	7.04375e+06	6.997e+06	6.9825e+06	
7.0115e+06	7.01775e+06	7.02775e+06	7.08075e+06	7.04925e+06	
7.01975e+06	7.036e+06	6.9585e+06	6.9895e+06	6.9555e+06	
6.98175e+06	7.0045e+06	7.016e+06	7.041e+06	6.99625e+06	
7.058e+06	6.93775e+06	6.9415e+06	6.94975e+06	6.94725e+06	
6.96225e+06	6.91075e+06	6.966e+06	6.915e+06	6.98825e+06	
6.94725e+06	7.04225e+06	7.045e+06	7.002e+06	6.9385e+06	
7.002e+06	7.014e+06	6.854e+06	6.934e+06	6.97375e+06	
6.924e+06	6.95925e+06	6.94975e+06	6.8855e+06	6.95475e+06	
6.92525e+06	6.8755e+06	6.96675e+06	6.94525e+06	6.87725e+06	
6.823e+06	6.82125e+06	6.927e+06	6.82625e+06	6.8085e+06	
6.86725e+06	6.79025e+06	6.857e+06	6.832e+06	6.8665e+06	
6.7915e+06	6.835e+06	6.857e+06	6.79025e+06	6.7935e+06	
6.72225e+06	6.72725e+06	6.6845e+06	6.743e+06	6.78775e+06	
6.71275e+06	6.83875e+06	6.68075e+06	6.6875e+06	6.63725e+06	
6.66925e+06	6.73875e+06	6.6755e+06	6.6755e+06	6.66675e+06	
6.6535e+06	6.62775e+06	6.6195e+06	6.55775e+06	6.50175e+06	
6.622e+06	6.665e+06	6.63225e+06	6.54325e+06	6.547e+06	
6.56725e+06	6.61375e+06	6.51425e+06	6.484e+06	6.55075e+06	
6.52825e+06	6.498e+06	6.4785e+06	6.513e+06	6.4185e+06	
6.518e+06	6.4305e+06	6.394e+06	6.36375e+06	6.4235e+06	
6.49975e+06	6.46825e+06	6.40725e+06	6.394e+06	6.399e+06	
6.334e+06	6.455e+06	6.37325e+06	6.484e+06	6.3915e+06	
6.39275e+06	6.2925e+06	6.3535e+06	6.288e+06	6.3025e+06	
6.3365e+06	6.3215e+06	6.23575e+06	6.3265e+06	6.2755e+06	
6.34675e+06	6.1425e+06	6.26025e+06	6.254e+06	6.1785e+06	
6.21625e+06	6.23075e+06	6.1765e+06	6.19725e+06	6.249e+06	
6.242e+06	6.2825e+06	6.24775e+06	6.317e+06	6.23275e+06	
6.2975e+06	6.3385e+06	6.234e+06	6.2945e+06	6.2025e+06	
6.4085e+06	6.3505e+06	6.39575e+06	6.32775e+06	6.2465e+06	
6.26725e+06	6.3115e+06	6.34725e+06	6.3555e+06	6.27875e+06	
6.3745e+06	6.193e+06	6.225e+06	6.239e+06	6.232e+06	
6.2655e+06	6.22875e+06	6.19725e+06	6.285e+06	6.26675e+06	
6.2565e+06	6.30325e+06	6.23325e+06	6.26225e+06	6.288e+06	
6.336e+06	6.23525e+06	6.20625e+06	6.244e+06	6.2485e+06	
6.3285e+06	6.27225e+06	6.37575e+06	6.23e+06	6.184e+06	
6.33925e+06	6.2925e+06	6.32075e+06	6.251e+06	6.29575e+06	
6.2995e+06	6.2975e+06	6.2225e+06	6.244e+06	6.247e+06	
6.271e+06	6.201e+06	6.21175e+06	6.22625e+06	6.118e+06	
6.2225e+06	6.1015e+06	6.203e+06	6.1565e+06	6.10225e+06	
6.16075e+06	6.08525e+06	6.152e+06	6.17475e+06	6.1495e+06	
6.0645e+06	6.08775e+06	6.12675e+06	6.0745e+06	6.06875e+06	
5.95225e+06	5.98825e+06	5.97925e+06	5.93825e+06	5.915e+06	
5.7985e+06	5.7985e+06	5.78275e+06	5.77325e+06	5.81475e+06	
5.5395e+06	5.52675e+06	5.49725e+06	5.48775e+06	5.5515e+06	
5.41525e+06	5.3485e+06	5.3075e+06	5.34025e+06	5.3705e+06	
5.4545e+06	5.45825e+06	5.4335e+06	5.31325e+06	5.373e+06	
5.542e+06	5.44125e+06	5.41275e+06	5.44675e+06	5.4525e+06	
5.63025e+06	5.5105e+06	5.53125e+06	5.51175e+06	5.56025e+06	
5.6995e+06	5.649e+06	5.69375e+06	5.64225e+06	5.658e+06	
5.866e+06	5.9005e+06	5.8255e+06	5.7815e+06	5.823e+06	
5.883e+06	5.85825e+06	5.794e+06	5.82375e+06	5.80675e+06	
6.00075e+06	5.992e+06	5.92125e+06	5.8905e+06	5.87525e+06	
5.90625e+06	5.883e+06	5.881e+06	5.94275e+06	5.8565e+06	
5.9725e+06	5.87775e+06	5.9925e+06	6.0235e+06	5.905e+06	
6.014e+06	5.9635e+06	6.06825e+06	5.88975e+06	5.98625e+06	
6.0315e+06	5.92075e+06	5.992e+06	5.88975e+06	5.9945e+06	
6.0815e+06	5.9635e+06	5.95225e+06	6.038e+06	6.0065e+06	
6.02275e+06	5.96225e+06	5.97875e+06	5.9995e+06	5.92775e+06	
5.96925e+06	5.9825e+06	5.929e+06	5.95525e+06	5.96675e+06	
5.956e+06	5.97375e+06	5.95025e+06	5.96425e+06	5.92075e+06	
6.05425e+06	5.975e+06	6.05425e+06	6.0525e+06	5.98625e+06	
6.01325e+06	5.93575e+06	5.983e+06	6.0145e+06	5.96725e+06	
6.036e+06	6.00075e+06	5.9825e+06	5.985e+06	5.98425e+06	
5.975e+06	5.925e+06	5.937e+06	5.96175e+06	5.92075e+06	
5.9005e+06	5.93325e+06	5.96175e+06	5.9295e+06	5.93075e+06	
5.97375e+06	5.92125e+06	5.85025e+06	5.89925e+06	5.8765e+06	
5.93025e+06	5.92575e+06	5.91875e+06	5.86525e+06	5.86725e+06	
5.91125e+06	5.87225e+06	5.80275e+06	5.89875e+06	5.81225e+06	
5.89475e+06	5.8395e+06	5.881e+06	5.90425e+06	5.9055e+06	
5.94975e+06	5.8715e+06	5.8665e+06	5.837e+06	5.86275e+06	
5.99e+06	5.762e+06	5.86025e+06	5.79775e+06	5.7765e+06	
5.91125e+06	5.8805e+06	5.92575e+06	5.87525e+06	5.837e+06	
5.92075e+06	5.8495e+06	5.8615e+06	5.84875e+06	5.8905e+06	
5.85575e+06	5.87475e+06	5.7935e+06	5.8835e+06	5.87025e+06	
5.82425e+06	5.8445e+06	5.82175e+06	5.82925e+06	5.81225e+06	
5.8255e+06	5.81875e+06	5.76825e+06	5.7555e+06	5.726e+06	
5.82e+06	5.76325e+06	5.79725e+06	5.73425e+06	5.75125e+06	
5.83875e+06	5.77125e+06	5.7815e+06	5.8015e+06	5.782e+06	
5.77825e+06	5.76625e+06	5.75875e+06	5.82375e+06	5.8225e+06	
5.876e+06	5.813e+06	5.78275e+06	5.8055e+06	5.777e+06	
5.811e+06	5.707e+06	5.70825e+06	5.69325e+06	5.70075e+06	
5.84e+06	5.799e+06	5.76575e+06	5.73675e+06	5.76125e+06	
5.813e+06	5.716e+06	5.799e+06	5.7765e+06	5.74925e+06	
5.886e+06	5.83575e+06	5.80025e+06	5.72975e+06	5.782e+06	
5.78975e+06	5.7165e+06	5.7355e+06	5.661e+06	5.68e+06	
5.78775e+06	5.66225e+06	5.745e+06	5.76875e+06	5.68575e+06	
5.75675e+06	5.71075e+06	5.697e+06	5.7115e+06	5.65925e+06	
5.714e+06	5.67675e+06	5.629e+06	5.668e+06	5.60575e+06	
5.65475e+06	5.68875e+06	5.62575e+06	5.65725e+06	5.62325e+06	
5.66475e+06	5.61325e+06	5.6025e+06	5.5955e+06	5.6125e+06	
5.62075e+06	5.60125e+06	5.66475e+06	5.6175e+06	5.59125e+06	
5.53875e+06	5.53075e+06	5.535e+06	5.583e+06	5.50475e+06	
5.55525e+06	5.63075e+06	5.59675e+06	5.52425e+06	5.56025e+06	
5.71725e+06	5.56525e+06	5.59425e+06	5.59875e+06	5.55025e+06	
5.566e+06	5.57925e+06	5.6555e+06	5.622e+06	5.557e+06	
5.7015e+06	5.6535e+06	5.60125e+06	5.56975e+06	5.593e+06	
5.566e+06	5.54775e+06	5.53e+06	5.61325e+06	5.578e+06	
5.59675e+06	5.67e+06	5.5495e+06	5.547e+06	5.525e+06	
5.52625e+06	5.54125e+06	5.5055e+06	5.564e+06	5.52e+06	
5.6095e+06	5.5495e+06	5.50425e+06	5.56975e+06	5.4915e+06	
5.55025e+06	5.5565e+06	5.4835e+06	5.547e+06	5.4795e+06	
5.47575e+06	5.48225e+06	5.5565e+06	5.5615e+06	5.56775e+06	
5.5395e+06	5.59875e+06	5.52175e+06	5.537e+06	5.515e+06	
5.49275e+06	5.494e+06	5.4255e+06	5.47525e+06	5.462e+06	
5.5295e+06	5.513e+06	5.48775e+06	5.455e+06	5.45125e+06	
5.49475e+06	5.44375e+06	5.47025e+06	5.46775e+06	5.43925e+06	
5.489e+06	5.4745e+06	5.46125e+06	5.406e+06	5.5035e+06	
5.50925e+06	5.501e+06	5.47525e+06	5.40325e+06	5.42175e+06	
5.57675e+06	5.46e+06	5.45875e+06	5.52625e+06	5.41775e+06	
5.4665e+06	5.4205e+06	5.42425e+06	5.4015e+06	5.42225e+06	
5.4545e+06	5.3845e+06	5.3725e+06	5.3825e+06	5.37375e+06	
5.42975e+06	5.3585e+06	5.42225e+06	5.305e+06	5.42225e+06	
5.3555e+06	5.4285e+06	5.48725e+06	5.406e+06	5.375e+06	
5.39825e+06	5.33975e+06	5.348e+06	5.3215e+06	5.3705e+06	
5.4575e+06	5.39075e+06	5.3245e+06	5.4115e+06	5.32075e+06	
5.4835e+06	5.4405e+06	5.305e+06	5.324e+06	5.3725e+06	
5.32075e+06	5.2905e+06	5.2805e+06	5.29125e+06	5.22e+06	
5.3605e+06	5.34275e+06	5.24275e+06	5.32275e+06	5.3555e+06	
5.37825e+06	5.26975e+06	5.3365e+06	5.33975e+06	5.3e+06	
5.394e+06	5.33775e+06	5.25225e+06	5.3095e+06	5.283e+06	
5.30125e+06	5.29375e+06	5.31775e+06	5.3145e+06	5.21925e+06	
5.29825e+06	5.2705e+06	5.26275e+06	5.2755e+06	5.24025e+06	
5.281e+06	5.27475e+06	5.21625e+06	5.19175e+06	5.179e+06	
5.305e+06	5.29125e+06	5.2805e+06	5.237e+06	5.1615e+06	
5.22625e+06	5.203e+06	5.21925e+06	5.21675e+06	5.12925e+06	
5.138e+06	5.1885e+06	5.13375e+06	5.145e+06	5.126e+06	
5.2035e+06	5.09275e+06	5.1645e+06	5.157e+06	5.12425e+06	
5.13675e+06	5.06175e+06	5.097e+06	5.0945e+06	5.03275e+06	
5.1425e+06	5.06375e+06	5.0625e+06	4.98125e+06	5.0215e+06	
5.116e+06	5.1015e+06	5.03275e+06	5.04175e+06	5.094e+06	
5.0895e+06	4.9685e+06	5.10475e+06	5.07875e+06	5.029e+06	
5.0555e+06	5.0795e+06	4.99575e+06	5.01325e+06	5.05875e+06	
4.9705e+06	4.925e+06	4.9275e+06	4.92625e+06	4.884e+06	
4.75125e+06	4.73725e+06	4.82225e+06	4.808e+06	4.8015e+06	
4.52125e+06	4.48525e+06	4.4455e+06	4.479e+06	4.4765e+06	
4.21175e+06	4.227e+06	4.24825e+06	4.232e+06	4.19675e+06	
4.05225e+06	4.048e+06	4.0555e+06	4.03275e+06	4.04675e+06	
4.0995e+06	4.05675e+06	4.121e+06	4.06125e+06	4.02975e+06	
4.14875e+06	4.1165e+06	4.04025e+06	4.1835e+06	4.13875e+06	
4.1795e+06	4.1835e+06	4.1015e+06	4.15875e+06	4.131e+06	
4.1475e+06	4.17025e+06	4.1115e+06	4.13625e+06	4.135e+06	
4.17325e+06	4.15625e+06	4.116e+06	4.1285e+06	4.09025e+06	
4.19975e+06	4.20975e+06	4.1815e+06	4.135e+06	4.17325e+06	
4.26725e+06	4.1765e+06	4.2635e+06	4.2375e+06	4.189e+06	
4.208e+06	4.206e+06	4.2105e+06	4.23575e+06	4.189e+06	
4.31325e+06	4.2515e+06	4.237e+06	4.2205e+06	4.15075e+06	
4.25025e+06	4.31375e+06	4.29e+06	4.21925e+06	4.22625e+06	
4.3705e+06	4.3415e+06	4.31375e+06	4.3435e+06	4.259e+06	
4.36925e+06	4.2875e+06	4.33975e+06	4.3175e+06	4.34275e+06	
4.38875e+06	4.443e+06	4.39375e+06	4.3385e+06	4.4335e+06	
4.431e+06	4.36625e+06	4.3995e+06	4.37e+06	4.32325e+06	
4.41725e+06	4.38875e+06	4.3655e+06	4.41225e+06	4.42025e+06	
4.3895e+06	4.33975e+06	4.30175e+06	4.3895e+06	4.33075e+06	
4.3635e+06	4.465e+06	4.3485e+06	4.36675e+06	4.35175e+06	
4.33275e+06	4.28925e+06	4.27225e+06	4.242e+06	4.33525e+06	
4.30625e+06	4.252e+06	4.29925e+06	4.24275e+06	4.3215e+06	
4.249e+06	4.227e+06	4.252e+06	4.28925e+06	4.21625e+06	
4.34475e+06	4.27675e+06	4.25025e+06	4.20725e+06	4.21675e+06	
4.20175e+06	4.2125e+06	4.23325e+06	4.225e+06	4.2125e+06	
4.29625e+06	4.2665e+06	4.2345e+06	4.17025e+06	4.2345e+06	
4.2615e+06	4.24325e+06	4.2325e+06	4.21425e+06	4.16575e+06	
4.3005e+06	4.21675e+06	4.218e+06	4.22625e+06	4.26025e+06	
4.312e+06	4.27425e+06	4.2255e+06	4.23575e+06	4.2685e+06	
4.3505e+06	4.2735e+06	4.21125e+06	4.27225e+06	4.237e+06	
4.2715e+06	4.341e+06	4.35175e+06	4.31825e+06	4.3e+06	
4.3535e+06	4.25025e+06	4.305e+06	4.30875e+06	4.2805e+06	
4.31625e+06	4.33275e+06	4.36875e+06	4.38625e+06	4.26725e+06	
4.29675e+06	4.235e+06	4.29175e+06	4.3195e+06	4.254e+06	
4.339e+06	4.25025e+06	4.346e+06	4.2255e+06	4.252e+06	
4.152e+06	4.2685e+06	4.1885e+06	4.1715e+06	4.15125e+06	
4.20425e+06	4.15875e+06	4.227e+06	4.12675e+06	4.1285e+06	
4.21125e+06	4.1375e+06	4.16e+06	4.145e+06	4.08575e+06	
4.16575e+06	4.121e+06	4.128e+06	4.13175e+06	4.104e+06	
4.1305e+06	4.135e+06	4.1335e+06	4.13175e+06	4.09825e+06	
4.053e+06	4.10275e+06	3.9755e+06	4.02025e+06	4.029e+06	
4.082e+06	3.9975e+06	4.0075e+06	4.0415e+06	3.947e+06	
4.031e+06	4.02575e+06	3.98425e+06	4.0435e+06	3.95475e+06	
4.03475e+06	3.95475e+06	3.97925e+06	4.03775e+06	3.96975e+06	
4.00825e+06	3.99825e+06	3.9585e+06	3.908e+06	3.961e+06	
3.985e+06	3.91125e+06	3.87775e+06	3.9055e+06	3.939e+06	
4.031e+06	3.893e+06	3.918e+06	3.881e+06	3.879e+06	
3.86525e+06	3.89175e+06	3.8835e+06	3.88025e+06	3.88925e+06	
3.9515e+06	3.94075e+06	3.93125e+06	3.9005e+06	3.89425e+06	
3.92575e+06	3.93575e+06	3.90625e+06	3.87725e+06	3.8885e+06	
3.94825e+06	3.9365e+06	3.95525e+06	3.93375e+06	3.94025e+06	
3.90425e+06	3.93375e+06	3.93775e+06	3.8835e+06	3.91675e+06	
3.973e+06	3.9105e+06	3.949e+06	3.92e+06	3.92075e+06	
3.88725e+06	3.88475e+06	3.94025e+06	3.91875e+06	3.91675e+06	
3.983e+06	3.925e+06	3.88975e+06	3.9055e+06	3.92125e+06	
3.8935e+06	3.9565e+06	3.94575e+06	3.89725e+06	3.88925e+06	
3.884e+06	3.9365e+06	3.903e+06	3.8785e+06	3.88025e+06	
3.927e+06	3.852e+06	3.852e+06	3.83e+06	3.86075e+06	
3.869e+06	3.88275e+06	3.8185e+06	3.83425e+06	3.884e+06	
3.86275e+06	3.85375e+06	3.811e+06	3.9515e+06	3.85075e+06	
3.84175e+06	3.81425e+06	3.8835e+06	3.9005e+06	3.8325e+06	
3.90175e+06	3.87975e+06	3.86075e+06	3.8305e+06	3.833e+06	
3.8865e+06	3.845e+06	3.927e+06	3.83175e+06	3.76875e+06	
3.855e+06	3.79275e+06	3.8815e+06	3.806e+06	3.777e+06	
3.82675e+06	3.743e+06	3.7505e+06	3.7625e+06	3.828e+06	
3.7555e+06	3.78325e+06	3.82425e+06	3.73725e+06	3.82675e+06	
3.76825e+06	3.835e+06	3.8015e+06	3.8155e+06	3.7865e+06	
3.75925e+06	3.746e+06	3.8325e+06	3.7555e+06	3.758e+06	
3.77875e+06	3.7865e+06	3.782e+06	3.71275e+06	3.6995e+06	
3.79075e+06	3.74675e+06	3.7695e+06	3.7525e+06	3.7485e+06	
3.753e+06	3.74925e+06	3.7315e+06	3.755e+06	3.685e+06	
3.76825e+06	3.692e+06	3.661e+06	3.70825e+06	3.71025e+06	
3.712e+06	3.77575e+06	3.7235e+06	3.70375e+06	3.7215e+06	
3.7505e+06	3.729e+06	3.6805e+06	3.714e+06	3.6465e+06	
3.73275e+06	3.67675e+06	3.692e+06	3.654e+06	3.6735e+06	
3.71025e+06	3.63275e+06	3.67425e+06	3.7195e+06	3.5905e+06	
3.6685e+06	3.64775e+06	3.644e+06	3.714e+06	3.64475e+06	
3.6175e+06	3.64325e+06	3.63825e+06	3.68175e+06	3.64025e+06	
3.656e+06	3.63775e+06	3.59675e+06	3.596e+06	3.5645e+06	
3.608e+06	3.5735e+06	3.59875e+06	3.6515e+06	3.59875e+06	
3.632e+06	3.57025e+06	3.58725e+06	3.5885e+06	3.5885e+06	
3.6225e+06	3.58925e+06	3.58725e+06	3.61125e+06	3.51725e+06	
3.5955e+06	3.591e+06	3.59475e+06	3.5835e+06	3.613e+06	
3.576e+06	3.5715e+06	3.54375e+06	3.53425e+06	3.501e+06	
3.5395e+06	3.51425e+06	3.49025e+06	3.4815e+06	3.441e+06	
3.55125e+06	3.47375e+06	3.54125e+06	3.51925e+06	3.46e+06	
3.51725e+06	3.429e+06	3.46325e+06	3.49275e+06	3.43475e+06	
3.4525e+06	3.436e+06	3.482e+06	3.4965e+06	3.4095e+06	
3.441e+06	3.39625e+06	3.4115e+06	3.41275e+06	3.3295e+06	
3.332e+06	3.3385e+06	3.34525e+06	3.36475e+06	3.327e+06	
3.278e+06	3.2175e+06	3.22125e+06	3.1985e+06	3.22925e+06	
3.1525e+06	3.17275e+06	3.0825e+06	3.11975e+06	3.0795e+06	
2.9875e+06	3.002e+06	3.044e+06	3.04225e+06	3.019e+06	
2.9275e+06	2.9545e+06	2.9735e+06	2.9755e+06	2.9465e+06	
2.9085e+06	2.92175e+06	2.87325e+06	2.94775e+06	2.891e+06	
2.86775e+06	2.7895e+06	2.79525e+06	2.7915e+06	2.765e+06	
2.75175e+06	2.74175e+06	2.746e+06	2.7455e+06	2.753e+06	
2.66675e+06	2.71325e+06	2.71775e+06	2.70325e+06	2.6735e+06	
2.69e+06	2.6415e+06	2.65475e+06	2.70625e+06	2.6515e+06	
2.678e+06	2.6225e+06	2.65025e+06	2.63325e+06	2.634e+06	
2.69e+06	2.651e+06	2.6515e+06	2.64825e+06	2.659e+06	
2.7215e+06	2.642e+06	2.63825e+06	2.69825e+06	2.68425e+06	
2.736e+06	2.69625e+06	2.702e+06	2.63825e+06	2.66225e+06	
2.8205e+06	2.78375e+06	2.8015e+06	2.75425e+06	2.81025e+06	
2.87025e+06	2.86e+06	2.884e+06	2.8475e+06	2.89225e+06	
2.954e+06	2.9875e+06	2.94525e+06	2.96725e+06	2.93875e+06	
3.06925e+06	3.00575e+06	3.02025e+06	3.01775e+06	2.99425e+06	
3.03525e+06	3.0705e+06	3.02325e+06	3.048e+06	2.96275e+06	
3.02075e+06	3.01775e+06	3.01375e+06	3.03025e+06	2.98425e+06	
3.01775e+06	3.00875e+06	2.993e+06	2.9635e+06	3.04525e+06	
2.9375e+06	2.896e+06	2.89425e+06	2.857e+06	2.91375e+06	
2.85625e+06	2.80225e+06	2.8115e+06	2.823e+06	2.8455e+06	
2.82425e+06	2.7775e+06	2.78825e+06	2.8015e+06	2.77825e+06	
2.816e+06	2.794e+06	2.8085e+06	2.785e+06	2.7675e+06	
2.78125e+06	2.763e+06	2.7505e+06	2.75675e+06	2.73725e+06	
2.772e+06	2.73725e+06	2.74975e+06	2.77325e+06	2.70325e+06	
2.7675e+06	2.7075e+06	2.7215e+06	2.69825e+06	2.7145e+06	
2.753e+06	2.75225e+06	2.68925e+06	2.73775e+06	2.68925e+06	
2.794e+06	2.73275e+06	2.726e+06	2.7575e+06	2.746e+06	
2.734e+06	2.722e+06	2.72075e+06	2.70375e+06	2.707e+06	
2.77325e+06	2.7195e+06	2.789e+06	2.70825e+06	2.75675e+06	
2.76125e+06	2.726e+06	2.75675e+06	2.77575e+06	2.7385e+06	
2.77125e+06	2.789e+06	2.7485e+06	2.70825e+06	2.717e+06	
2.73275e+06	2.70825e+06	2.71025e+06	2.683e+06	2.70875e+06	
2.74425e+06	2.71325e+06	2.73525e+06	2.70625e+06	2.70075e+06	
2.72325e+06	2.69825e+06	2.72025e+06	2.70375e+06	2.68875e+06	
2.70625e+06	2.7605e+06	2.72525e+06	2.688e+06	2.72525e+06	
2.69e+06	2.66225e+06	2.6875e+06	2.73275e+06	2.673e+06	
2.66675e+06	2.6535e+06	2.66925e+06	2.71275e+06	2.69375e+06	
2.705e+06	2.72025e+06	2.67175e+06	2.66475e+06	2.69875e+06	
2.7455e+06	2.7795e+06	2.731e+06	2.68375e+06	2.69625e+06	
2.73775e+06	2.731e+06	2.7775e+06	2.71025e+06	2.72075e+06	
2.717e+06	2.6755e+06	2.67925e+06	2.702e+06	2.71025e+06	
2.707e+06	2.73025e+06	2.688e+06	2.76125e+06	2.68125e+06	
2.664e+06	2.707e+06	2.7245e+06	2.69825e+06	2.68625e+06	
2.73475e+06	2.71275e+06	2.7165e+06	2.71025e+06	2.7215e+06	
2.7245e+06	2.69e+06	2.72975e+06	2.78e+06	2.7365e+06	
2.7965e+06	2.739e+06	2.75875e+06	2.74475e+06	2.75475e+06	
2.83925e+06	2.8305e+06	2.8235e+06	2.811e+06	2.787e+06	
2.80275e+06	2.90225e+06	2.84425e+06	2.85125e+06	2.80975e+06	
2.8645e+06	2.857e+06	2.84875e+06	2.799e+06	2.82975e+06	
2.86825e+06	2.88725e+06	2.93e+06	2.90475e+06	2.89275e+06	
2.94575e+06	2.92575e+06	2.8865e+06	2.959e+06	2.87575e+06	
2.93575e+06	2.944e+06	2.9125e+06	2.95525e+06	2.89025e+06	
2.9755e+06	2.9345e+06	2.94325e+06	2.9175e+06	2.9205e+06	
2.92825e+06	2.927e+06	2.9035e+06	2.9155e+06	2.92825e+06	
2.90475e+06	2.88525e+06	2.92425e+06	2.91675e+06	2.913e+06	
2.89025e+06	2.87775e+06	2.91625e+06	2.8695e+06	2.92125e+06	
2.91425e+06	2.881e+06	2.9105e+06	2.898e+06	2.869e+06	
2.92175e+06	2.87075e+06	2.8955e+06	2.869e+06	2.9105e+06	
2.85875e+06	2.8745e+06	2.83925e+06	2.8715e+06	2.87775e+06	
2.8815e+06	2.86e+06	2.9275e+06	2.86075e+06	2.90925e+06	
2.82975e+06	2.8665e+06	2.896e+06	2.864e+06	2.852e+06	
2.9325e+06	2.867e+06	2.87525e+06	2.88775e+06	2.8745e+06	
2.94275e+06	2.87075e+06	2.9785e+06	2.90475e+06	2.8665e+06	
2.89725e+06	2.86125e+06	2.9055e+06	2.8545e+06	2.86e+06	
2.8595e+06	2.83625e+06	2.86775e+06	2.881e+06	2.862e+06	
2.8625e+06	2.828e+06	2.87075e+06	2.87975e+06	2.831e+06	
2.8375e+06	2.87275e+06	2.83625e+06	2.864e+06	2.855e+06	
2.879e+06	2.87325e+06	2.83875e+06	2.821e+06	2.8885e+06	
2.83625e+06	2.8695e+06	2.79825e+06	2.81725e+06	2.83225e+06	
2.835e+06	2.80775e+06	2.8085e+06	2.8495e+06	2.855e+06	
2.8475e+06	2.8595e+06	2.85575e+06	2.84125e+06	2.843e+06	
2.927e+06	2.84375e+06	2.85825e+06	2.87325e+06	2.85e+06	
2.91875e+06	2.83425e+06	2.86575e+06	2.76875e+06	2.838e+06	
2.8165e+06	2.826e+06	2.8885e+06	2.80225e+06	2.82975e+06	
2.84125e+06	2.843e+06	2.814e+06	2.8425e+06	2.80475e+06	
2.87275e+06	2.8665e+06	2.78375e+06	2.7625e+06	2.7775e+06	
2.82675e+06	2.838e+06	2.87075e+06	2.818e+06	2.80975e+06	
2.81925e+06	2.826e+06	2.833e+06	2.80475e+06	2.74725e+06	
2.8665e+06	2.82675e+06	2.86825e+06	2.8425e+06	2.85625e+06	
2.81025e+06	2.80775e+06	2.79325e+06	2.81975e+06	2.82225e+06	
2.85375e+06	2.852e+06	2.89925e+06	2.85075e+06	2.86575e+06	
2.923e+06	2.833e+06	2.8545e+06	2.85825e+06	2.84e+06	
2.869e+06	2.84175e+06	2.79025e+06	2.8575e+06	2.84175e+06	
2.86075e+06	2.85e+06	2.794e+06	2.79575e+06	2.8015e+06	
2.85325e+06	2.8205e+06	2.84425e+06	2.79325e+06	2.80725e+06	
2.82425e+06	2.7995e+06	2.833e+06	2.843e+06	2.794e+06	
2.8625e+06	2.86075e+06	2.82475e+06	2.886e+06	2.7995e+06	
2.89725e+06	2.7795e+06	2.81025e+06	2.797e+06	2.82725e+06	
2.84675e+06	2.8135e+06	2.83375e+06	2.7775e+06	2.81475e+06	
2.8305e+06	2.7915e+06	2.79825e+06	2.77375e+06	2.821e+06	
2.811e+06	2.811e+06	2.804e+06	2.799e+06	2.84125e+06	
2.82975e+06	2.80275e+06	2.782e+06	2.80025e+06	2.797e+06	
2.85625e+06	2.7705e+06	2.82425e+06	2.8575e+06	2.83225e+06	
2.7945e+06	2.74725e+06	2.7535e+06	2.843e+06	2.80475e+06	
2.7825e+06	2.77575e+06	2.76625e+06	2.777e+06	2.833e+06	
2.8065e+06	2.8405e+06	2.772e+06	2.79325e+06	2.74475e+06	
2.80975e+06	2.751e+06	2.7655e+06	2.785e+06	2.74925e+06	
2.80275e+06	2.74725e+06	2.80075e+06	2.7655e+06	2.74175e+06	
2.714e+06	2.76625e+06	2.739e+06	2.67175e+06	2.75425e+06	
2.74475e+06	2.7485e+06	2.7505e+06	2.719e+06	2.664e+06	
2.7505e+06	2.79775e+06	2.73525e+06	2.7775e+06	2.7385e+06	
2.753e+06	2.7215e+06	2.7335e+06	2.7195e+06	2.714e+06	
2.73225e+06	2.66925e+06	2.72325e+06	2.6995e+06	2.719e+06	
2.72525e+06	2.67725e+06	2.67725e+06	2.717e+06	2.71025e+06	
2.673e+06	2.748e+06	2.6805e+06	2.69375e+06	2.7385e+06	
2.688e+06	2.71075e+06	2.644e+06	2.71825e+06	2.65475e+06	
2.702e+06	2.75675e+06	2.7995e+06	2.71575e+06	2.70625e+06	
2.6465e+06	2.65525e+06	2.6635e+06	2.649e+06	2.69875e+06	
2.659e+06	2.702e+06	2.668e+06	2.6805e+06	2.693e+06	
2.7e+06	2.67425e+06	2.72525e+06	2.68e+06	2.68125e+06	
2.68125e+06	2.67225e+06	2.6705e+06	2.666e+06	2.65025e+06	
2.68425e+06	2.67475e+06	2.642e+06	2.71525e+06	2.65975e+06	
2.6465e+06	2.66725e+06	2.66975e+06	2.71825e+06	2.66475e+06	
2.6855e+06	2.678e+06	2.65725e+06	2.661e+06	2.6055e+06	
2.65775e+06	2.654e+06	2.69425e+06	2.62e+06	2.627e+06	
2.7075e+06	2.64275e+06	2.6635e+06	2.6975e+06	2.60925e+06	
2.69425e+06	2.61e+06	2.65275e+06	2.5935e+06	2.639e+06	
2.67175e+06	2.62e+06	2.6125e+06	2.65475e+06	2.60625e+06	
2.64325e+06	2.65225e+06	2.6565e+06	2.613e+06	2.661e+06	
2.6105e+06	2.59225e+06	2.5835e+06	2.6245e+06	2.601e+06	
2.63e+06	2.61425e+06	2.63325e+06	2.605e+06	2.61875e+06	
2.5835e+06	2.57025e+06	2.57025e+06	2.56325e+06	2.61375e+06	
2.567e+06	2.598e+06	2.56775e+06	2.57475e+06	2.57475e+06	
2.60675e+06	2.5595e+06	2.5645e+06	2.57775e+06	2.56775e+06	
2.53e+06	2.559e+06	2.56825e+06	2.5305e+06	2.5405e+06	
2.6005e+06	2.5595e+06	2.56025e+06	2.5525e+06	2.54325e+06	
2.538e+06	2.46825e+06	2.51725e+06	2.42975e+06	2.4965e+06	
2.395e+06	2.43025e+06	2.448e+06	2.4e+06	2.3825e+06	
2.189e+06	2.22875e+06	2.18325e+06	2.22875e+06	2.16325e+06	
1.9565e+06	1.9005e+06	1.91675e+06	1.95575e+06	1.952e+06	
1.68925e+06	1.62625e+06	1.6565e+06	1.6325e+06	1.6685e+06	
1.4075e+06	1.38875e+06	1.43975e+06	1.414e+06	1.3905e+06	
1.288e+06	1.245e+06	1.279e+06	1.2475e+06	1.23875e+06	
1.194e+06	1.17825e+06	1.1845e+06	1.172e+06	1.177e+06	
1.23875e+06	1.206e+06	1.204e+06	1.1895e+06	1.19775e+06	
1.337e+06	1.3005e+06	1.3055e+06	1.29975e+06	1.29675e+06	
1.4145e+06	1.4e+06	1.405e+06	1.39125e+06	1.40075e+06	
1.48075e+06	1.44175e+06	1.43725e+06	1.45925e+06	1.47625e+06	
1.44475e+06	1.4435e+06	1.44425e+06	1.44925e+06	1.4315e+06	
1.42475e+06	1.4145e+06	1.44725e+06	1.429e+06	1.43525e+06	
1.44475e+06	1.429e+06	1.419e+06	1.3945e+06	1.44975e+06	
1.472e+06	1.441e+06	1.412e+06	1.43025e+06	1.41325e+06	
1.43975e+06	1.44175e+06	1.4505e+06	1.439e+06	1.426e+06	
1.4745e+06	1.44225e+06	1.51475e+06	1.4745e+06	1.4365e+06	
1.54375e+06	1.54375e+06	1.54e+06	1.52475e+06	1.5255e+06	
1.57525e+06	1.58525e+06	1.5765e+06	1.5715e+06	1.58525e+06	
1.64825e+06	1.7045e+06	1.68625e+06	1.66275e+06	1.64525e+06	
1.71775e+06	1.7125e+06	1.72075e+06	1.67975e+06	1.73975e+06	
1.8085e+06	1.7795e+06	1.7655e+06	1.7945e+06	1.74525e+06	
1.8355e+06	1.8215e+06	1.86375e+06	1.8335e+06	1.831e+06	
1.91175e+06	1.95575e+06	1.93375e+06	1.9135e+06	1.932e+06	
1.952e+06	1.9595e+06	1.98975e+06	2.0055e+06	2.01825e+06	
2.03075e+06	2.046e+06	2.03075e+06	2.06225e+06	2.0555e+06	
2.1015e+06	2.10325e+06	2.1165e+06	2.09325e+06	2.11025e+06	
2.15375e+06	2.14925e+06	2.182e+06	2.13425e+06	2.13675e+06	
2.196e+06	2.213e+06	2.1915e+06	2.1575e+06	2.21475e+06	
2.20975e+06	2.24125e+06	2.16575e+06	2.21475e+06	2.17825e+06	
2.254e+06	2.21975e+06	2.216e+06	2.26075e+06	2.21225e+06	
2.2515e+06	2.21225e+06	2.22875e+06	2.24e+06	2.24825e+06	
2.26025e+06	2.269e+06	2.23625e+06	2.225e+06	2.22125e+06	
2.23825e+06	2.24075e+06	2.26275e+06	2.23575e+06	2.2135e+06	
2.25e+06	2.23825e+06	2.2735e+06	2.20225e+06	2.23425e+06	
2.2885e+06	2.2425e+06	2.27225e+06	2.2395e+06	2.24375e+06	
2.2645e+06	2.27025e+06	2.26725e+06	2.22875e+06	2.213e+06	
2.26525e+06	2.2495e+06	2.25075e+06	2.28025e+06	2.2395e+06	
2.27975e+06	2.247e+06	2.25775e+06	2.262e+06	2.21175e+06	
2.28175e+06	2.257e+06	2.204e+06	2.24125e+06	2.191e+06	
2.242e+06	2.2225e+06	2.187e+06	2.2185e+06	2.19775e+06	
2.24e+06	2.2425e+06	2.21975e+06	2.2105e+06	2.18525e+06	
2.20975e+06	2.21975e+06	2.20025e+06	2.1935e+06	2.2225e+06	
2.23375e+06	2.21225e+06	2.20225e+06	2.22375e+06	2.2085e+06	
2.189e+06	2.23125e+06	2.2135e+06	2.21925e+06	2.204e+06	
2.1745e+06	2.1985e+06	2.23875e+06	2.2105e+06	2.223e+06	
2.25e+06	2.16575e+06	2.21725e+06	2.18775e+06	2.20675e+06	
2.254e+06	2.20975e+06	2.15625e+06	2.2255e+06	2.225e+06	
2.1765e+06	2.1935e+06	2.153e+06	2.20025e+06	2.17e+06	
2.1645e+06	2.21675e+06	2.199e+06	2.20975e+06	2.15175e+06	
2.18325e+06	2.165e+06	2.2015e+06	2.1915e+06	2.184e+06	
2.1795e+06	2.13475e+06	2.1405e+06	2.14875e+06	2.1695e+06	
2.18025e+06	2.20225e+06	2.17075e+06	2.19775e+06	2.177e+06	
2.1745e+06	2.145e+06	2.18025e+06	2.19525e+06	2.155e+06	
2.20975e+06	2.20225e+06	2.19725e+06	2.19225e+06	2.15675e+06	
2.1765e+06	2.1625e+06	2.16325e+06	2.162e+06	2.1455e+06	
2.22125e+06	2.19025e+06	2.16875e+06	2.1645e+06	2.17075e+06	
2.18775e+06	2.133e+06	2.12475e+06	2.121e+06	2.15675e+06	
2.12025e+06	2.1625e+06	2.136e+06	2.08325e+06	2.121e+06	
2.15425e+06	2.10525e+06	2.15675e+06	2.119e+06	2.08375e+06	
2.133e+06	2.10575e+06	2.10325e+06	2.15425e+06	2.0895e+06	
2.0515e+06	2.09825e+06	2.1015e+06	2.109e+06	2.116e+06	
2.14625e+06	2.10575e+06	2.13225e+06	2.095e+06	2.09e+06	
2.131e+06	2.1235e+06	2.09625e+06	2.1305e+06	2.09775e+06	
2.12525e+06	2.121e+06	2.0925e+06	2.13675e+06	2.17575e+06	
2.102e+06	2.08875e+06	2.099e+06	2.07875e+06	2.0655e+06	
2.14375e+06	2.10025e+06	2.05975e+06	2.10275e+06	2.12525e+06	
2.1165e+06	2.085e+06	2.0605e+06	2.0755e+06	2.0945e+06	
2.085e+06	2.0775e+06	2.07125e+06	2.0755e+06	2.0415e+06	
2.06175e+06	2.075e+06	2.034e+06	2.0775e+06	2.1135e+06	
2.1135e+06	2.09375e+06	2.0585e+06	2.0435e+06	2.0635e+06	
2.08125e+06	2.05675e+06	2.16125e+06	2.12725e+06	2.09825e+06	
2.07375e+06	2.05925e+06	2.08875e+06	2.10275e+06	2.08575e+06	
2.09325e+06	2.09325e+06	2.1015e+06	2.11775e+06	2.06425e+06	
2.07425e+06	2.09825e+06	2.06675e+06	2.06425e+06	2.02075e+06	
2.075e+06	2.046e+06	2.0775e+06	2.04225e+06	2.06475e+06	
2.1065e+06	2.044e+06	2.05975e+06	2.03275e+06	2.0585e+06	
2.05225e+06	2.0365e+06	2.02575e+06	2.07425e+06	2.0245e+06	
2.0875e+06	2.0585e+06	2.0345e+06	2.05925e+06	2.0755e+06	
2.0465e+06	2.017e+06	2.024e+06	2.0075e+06	2.01825e+06	
2.06175e+06	2.0535e+06	2.05425e+06	2.058e+06	2.0465e+06	
2.022e+06	2.005e+06	2.063e+06	2.02575e+06	2.032e+06	
2.02275e+06	2.039e+06	2.0095e+06	2.0655e+06	2.0365e+06	
2.02525e+06	2.04475e+06	2.053e+06	2.0655e+06	2.00825e+06	
2.01e+06	2.0415e+06	2.029e+06	2.022e+06	1.99675e+06	
1.9835e+06	2.01575e+06	2.04525e+06	2.012e+06	2.02775e+06	
2.04275e+06	2.02325e+06	1.974e+06	2.0005e+06	1.9885e+06	
2.022e+06	1.96475e+06	1.99375e+06	1.9665e+06	1.9885e+06	
1.9955e+06	1.9835e+06	2.007e+06	1.94775e+06	1.94775e+06	
1.964e+06	1.9785e+06	1.94825e+06	1.9295e+06	1.92675e+06	
1.96475e+06	1.97675e+06	1.94775e+06	1.957e+06	1.9715e+06	
1.9715e+06	1.9755e+06	1.97475e+06	2.01575e+06	1.93325e+06	
1.9345e+06	1.93875e+06	1.96475e+06	1.96975e+06	1.88525e+06	
1.91625e+06	1.932e+06	1.90675e+06	1.93625e+06	1.91875e+06	
1.94575e+06	1.92175e+06	1.93575e+06	1.9325e+06	1.9225e+06	
1.925e+06	1.89925e+06	1.94e+06	1.92375e+06	1.908e+06	
1.89025e+06	1.954e+06	1.92875e+06	1.89975e+06	1.932e+06	
1.93125e+06	1.908e+06	1.901e+06	1.8745e+06	1.88775e+06	
1.96225e+06	1.9135e+06	1.9135e+06	1.9205e+06	1.9055e+06	
1.9295e+06	1.91625e+06	1.9055e+06	1.89975e+06	1.8985e+06	
1.89225e+06	1.89975e+06	1.89475e+06	1.894e+06	1.88275e+06	
1.9055e+06	1.86375e+06	1.874e+06	1.90475e+06	1.82675e+06	
1.879e+06	1.88025e+06	1.8675e+06	1.87325e+06	1.84875e+06	
1.862e+06	1.884e+06	1.89275e+06	1.8675e+06	1.89775e+06	
1.8505e+06	1.85875e+06	1.8915e+06	1.88475e+06	1.81975e+06	
1.86075e+06	1.86075e+06	1.86075e+06	1.84175e+06	1.84e+06	
1.8425e+06	1.81775e+06	1.81525e+06	1.833e+06	1.809e+06	
1.8255e+06	1.8375e+06	1.8045e+06	1.81475e+06	1.82025e+06	
1.84425e+06	1.833e+06	1.845e+06	1.84125e+06	1.81225e+06	
1.8525e+06	1.81775e+06	1.7915e+06	1.84925e+06	1.8235e+06	
1.81975e+06	1.81975e+06	1.82475e+06	1.85325e+06	1.84125e+06	
1.8475e+06	1.82725e+06	1.826e+06	1.8285e+06	1.80775e+06	
1.82475e+06	1.82725e+06	1.85e+06	1.80725e+06	1.8285e+06	
1.833e+06	1.797e+06	1.8375e+06	1.8065e+06	1.76925e+06	
1.782e+06	1.79825e+06	1.80525e+06	1.8015e+06	1.828e+06	
1.777e+06	1.7945e+06	1.811e+06	1.76175e+06	1.814e+06	
1.80325e+06	1.7605e+06	1.7875e+06	1.76375e+06	1.77175e+06	
1.7555e+06	1.75925e+06	1.79075e+06	1.76175e+06	1.7435e+06	
1.7755e+06	1.77425e+06	1.76675e+06	1.74975e+06	1.7845e+06	
1.8135e+06	1.81775e+06	1.7605e+06	1.7385e+06	1.777e+06	
1.758e+06	1.7895e+06	1.79e+06	1.7505e+06	1.7585e+06	
1.79275e+06	1.78375e+06	1.7705e+06	1.77125e+06	1.76425e+06	
1.75475e+06	1.7895e+06	1.7625e+06	1.80075e+06	1.809e+06	
1.77e+06	1.7315e+06	1.797e+06	1.76675e+06	1.782e+06	
1.76125e+06	1.74025e+06	1.7435e+06	1.73725e+06	1.7215e+06	
1.794e+06	1.72775e+06	1.74675e+06	1.717e+06	1.71825e+06	
1.758e+06	1.72325e+06	1.741e+06	1.71825e+06	1.75425e+06	
1.7315e+06	1.73025e+06	1.685e+06	1.727e+06	1.702e+06	
1.719e+06	1.734e+06	1.72775e+06	1.6875e+06	1.70375e+06	
1.6855e+06	1.69175e+06	1.727e+06	1.681e+06	1.6975e+06	
1.69925e+06	1.6955e+06	1.69e+06	1.6975e+06	1.70075e+06	
1.71075e+06	1.71575e+06	1.717e+06	1.69925e+06	1.6875e+06	
1.67475e+06	1.6955e+06	1.71325e+06	1.71525e+06	1.69625e+06	
1.70625e+06	1.71e+06	1.73975e+06	1.6855e+06	1.67975e+06	
1.66275e+06	1.69e+06	1.656e+06	1.63825e+06	1.62e+06	
1.627e+06	1.66275e+06	1.625e+06	1.67175e+06	1.664e+06	
1.673e+06	1.67175e+06	1.63825e+06	1.66725e+06	1.6755e+06	
1.6855e+06	1.65275e+06	1.67425e+06	1.66775e+06	1.6295e+06	
1.666e+06	1.6515e+06	1.67475e+06	1.65275e+06	1.63e+06	
1.63625e+06	1.63625e+06	1.6205e+06	1.6585e+06	1.6515e+06	
1.63375e+06	1.65025e+06	1.6415e+06	1.65725e+06	1.6005e+06	
1.6225e+06	1.62325e+06	1.64825e+06	1.625e+06	1.63e+06	
1.62e+06	1.6325e+06	1.64825e+06	1.644e+06	1.66775e+06	
1.64575e+06	1.65075e+06	1.63125e+06	1.6035e+06	1.6375e+06	
1.63075e+06	1.61925e+06	1.58775e+06	1.61675e+06	1.62575e+06	
1.63825e+06	1.65775e+06	1.6295e+06	1.639e+06	1.58775e+06	
1.606e+06	1.652e+06	1.652e+06	1.606e+06	1.61e+06	
1.62375e+06	1.62875e+06	1.65475e+06	1.6005e+06	1.61e+06	
1.63575e+06	1.6155e+06	1.63825e+06	1.6155e+06	1.61e+06	
1.62825e+06	1.60225e+06	1.60425e+06	1.6125e+06	1.652e+06	
1.62325e+06	1.57325e+06	1.55825e+06	1.608e+06	1.593e+06	
1.61425e+06	1.586e+06	1.591e+06	1.603e+06	1.56325e+06	
1.61925e+06	1.62175e+06	1.5495e+06	1.593e+06	1.62375e+06	
1.57525e+06	1.58025e+06	1.57275e+06	1.56e+06	1.57075e+06	
1.60175e+06	1.56075e+06	1.56825e+06	1.55825e+06	1.5985e+06	
1.53125e+06	1.564e+06	1.555e+06	1.54625e+06	1.589e+06	
1.547e+06	1.5135e+06	1.55625e+06	1.59925e+06	1.5815e+06	
1.57725e+06	1.54175e+06	1.53925e+06	1.57275e+06	1.54375e+06	
1.56525e+06	1.5375e+06	1.53125e+06	1.526e+06	1.526e+06	
1.53675e+06	1.5185e+06	1.54375e+06	1.50725e+06	1.511e+06	
1.518e+06	1.523e+06	1.516e+06	1.49525e+06	1.518e+06	
1.49775e+06	1.51675e+06	1.494e+06	1.538e+06	1.5355e+06	
1.528e+06	1.52425e+06	1.53675e+06	1.53125e+06	1.51525e+06	
1.497e+06	1.49325e+06	1.50025e+06	1.504e+06	1.5065e+06	
1.50275e+06	1.48e+06	1.4915e+06	1.48325e+06	1.49525e+06	
1.4505e+06	1.45925e+06	1.45875e+06	1.51475e+06	1.492e+06	
1.482e+06	1.4825e+06	1.451e+06	1.47075e+06	1.472e+06	
1.482e+06	1.46625e+06	1.43225e+06	1.4865e+06	1.45175e+06	
1.4025e+06	1.417e+06	1.44175e+06	1.40575e+06	1.45875e+06	
1.405e+06	1.40125e+06	1.4045e+06	1.412e+06	1.44925e+06	
1.426e+06	1.38125e+06	1.407e+06	1.41775e+06	1.38875e+06	
1.3875e+06	1.385e+06	1.35275e+06	1.37175e+06	1.37725e+06	
1.347e+06	1.368e+06	1.38125e+06	1.35775e+06	1.38125e+06	
1.36675e+06	1.35475e+06	1.332e+06	1.35525e+06	1.334e+06	
1.344e+06	1.35475e+06	1.34975e+06	1.3155e+06	1.33325e+06	
1.315e+06	1.29675e+06	1.30425e+06	1.28475e+06	1.31175e+06	
1.315e+06	1.3125e+06	1.28725e+06	1.317e+06	1.29975e+06	
1.29725e+06	1.29725e+06	1.28275e+06	1.2885e+06	1.28525e+06	
1.3005e+06	1.25825e+06	1.24825e+06	1.2785e+06	1.293e+06	
1.264e+06	1.24825e+06	1.25325e+06	1.264e+06	1.28275e+06	
1.24825e+06	1.2205e+06	1.25325e+06	1.2645e+06	1.252e+06	
1.27475e+06	1.27225e+06	1.257e+06	1.24325e+06	1.262e+06	
1.2355e+06	1.2735e+06	1.264e+06	1.25375e+06	1.25775e+06	
1.24375e+06	1.2475e+06	1.23125e+06	1.2275e+06	1.2475e+06	
1.25325e+06	1.24125e+06	1.23875e+06	1.233e+06	1.22225e+06	
1.24375e+06	1.25e+06	1.25e+06	1.24075e+06	1.24575e+06	
1.27225e+06	1.2355e+06	1.28725e+06	1.24e+06	1.27225e+06	
1.27025e+06	1.26775e+06	1.23675e+06	1.2735e+06	1.23375e+06	
1.27225e+06	1.293e+06	1.25075e+06	1.264e+06	1.2475e+06	
1.2615e+06	1.25325e+06	1.26325e+06	1.23625e+06	1.264e+06	
1.2445e+06	1.23875e+06	1.25775e+06	1.24e+06	1.27525e+06	
1.26575e+06	1.24625e+06	1.271e+06	1.27525e+06	1.27225e+06	
1.27775e+06	1.288e+06	1.3025e+06	1.29925e+06	1.28475e+06	
1.315e+06	1.33825e+06	1.303e+06	1.281e+06	1.29925e+06	
1.33e+06	1.27525e+06	1.30675e+06	1.291e+06	1.3125e+06	
1.33125e+06	1.301e+06	1.32825e+06	1.322e+06	1.30425e+06	
1.32325e+06	1.27225e+06	1.284e+06	1.3195e+06	1.2885e+06	
1.30175e+06	1.259e+06	1.296e+06	1.2695e+06	1.276e+06	
1.2355e+06	1.24125e+06	1.23875e+06	1.211e+06	1.24575e+06	
1.20775e+06	1.18575e+06	1.19025e+06	1.18075e+06	1.1815e+06	
1.1745e+06	1.1695e+06	1.1695e+06	1.165e+06	1.17e+06	
1.1355e+06	1.15e+06	1.1575e+06	1.1435e+06	1.15675e+06	
1.18025e+06	1.19775e+06	1.19075e+06	1.20275e+06	1.19475e+06	
1.21225e+06	1.2255e+06	1.238e+06	1.22425e+06	1.20725e+06	
1.24e+06	1.23175e+06	1.24e+06	1.23175e+06	1.23425e+06	
1.27275e+06	1.24875e+06	1.255e+06	1.25e+06	1.25e+06	
1.26325e+06	1.30675e+06	1.264e+06	1.28225e+06	1.25e+06	
1.26525e+06	1.25375e+06	1.24325e+06	1.245e+06	1.264e+06	
1.259e+06	1.284e+06	1.2565e+06	1.27225e+06	1.255e+06	
1.2565e+06	1.276e+06	1.2665e+06	1.2595e+06	1.25075e+06	
1.24125e+06	1.27225e+06	1.24875e+06	1.26775e+06	1.274e+06	
1.2565e+06	1.23675e+06	1.286e+06	1.2835e+06	1.29675e+06	
1.2525e+06	1.281e+06	1.28275e+06	1.2715e+06	1.24575e+06	
1.238e+06	1.233e+06	1.2445e+06	1.238e+06	1.2475e+06	
1.233e+06	1.22625e+06	1.223e+06	1.22925e+06	1.23875e+06	
1.21675e+06	1.25325e+06	1.23675e+06	1.2035e+06	1.2255e+06	
1.2105e+06	1.20025e+06	1.20975e+06	1.1985e+06	1.21425e+06	
1.2085e+06	1.17325e+06	1.225e+06	1.23175e+06	1.221e+06	
1.182e+06	1.19725e+06	1.223e+06	1.19475e+06	1.19975e+06	
1.2135e+06	1.18525e+06	1.192e+06	1.18775e+06	1.18025e+06	
1.21675e+06	1.20975e+06	1.218e+06	1.204e+06	1.1845e+06	
1.2135e+06	1.196e+06	1.23e+06	1.21425e+06	1.19275e+06	
1.20525e+06	1.2205e+06	1.17325e+06	1.20025e+06	1.209e+06	
1.19725e+06	1.21725e+06	1.1795e+06	1.17075e+06	1.2235e+06	
1.209e+06	1.20975e+06	1.21225e+06	1.182e+06	1.20225e+06	
1.242e+06	1.1985e+06	1.2035e+06	1.18775e+06	1.17325e+06	
1.218e+06	1.20275e+06	1.211e+06	1.189e+06	1.187e+06	
1.221e+06	1.21225e+06	1.19275e+06	1.19075e+06	1.2015e+06	
1.16575e+06	1.20475e+06	1.16175e+06	1.199e+06	1.209e+06	
1.204e+06	1.2085e+06	1.201e+06	1.20475e+06	1.18825e+06	
1.19525e+06	1.2015e+06	1.2155e+06	1.16175e+06	1.199e+06	
1.20225e+06	1.1745e+06	1.209e+06	1.16375e+06	1.17325e+06	
1.18275e+06	1.18825e+06	1.1895e+06	1.21175e+06	1.1915e+06	
1.17375e+06	1.1555e+06	1.177e+06	1.18525e+06	1.19525e+06	
1.19025e+06	1.17875e+06	1.19775e+06	1.196e+06	1.1915e+06	
1.21725e+06	1.19025e+06	1.17075e+06	1.18075e+06	1.20275e+06	
1.21225e+06	1.18825e+06	1.2015e+06	1.20025e+06	1.21925e+06	
1.19975e+06	1.2015e+06	1.20475e+06	1.23675e+06	1.1965e+06	
1.22675e+06	1.2065e+06	1.21725e+06	1.21475e+06	1.20475e+06	
1.19725e+06	1.2015e+06	1.19325e+06	1.1965e+06	1.189e+06	
1.19475e+06	1.23125e+06	1.19775e+06	1.19025e+06	1.1985e+06	
1.177e+06	1.17875e+06	1.2015e+06	1.20725e+06	1.18025e+06	
1.19075e+06	1.18775e+06	1.1985e+06	1.209e+06	1.2105e+06	
1.228e+06	1.20275e+06	1.24125e+06	1.21975e+06	1.2135e+06	
1.2375e+06	1.204e+06	1.20525e+06	1.199e+06	1.223e+06	
1.20725e+06	1.2015e+06	1.211e+06	1.201e+06	1.2105e+06	
1.211e+06	1.18275e+06	1.21175e+06	1.172e+06	1.18075e+06	
1.20525e+06	1.172e+06	1.2065e+06	1.23425e+06	1.19325e+06	
1.19075e+06	1.1985e+06	1.18275e+06	1.2035e+06	1.19275e+06	
1.2085e+06	1.1915e+06	1.1985e+06	1.18775e+06	1.1895e+06	
1.211e+06	1.223e+06	1.213e+06	1.19275e+06	1.206e+06	
1.218e+06	1.1895e+06	1.204e+06	1.177e+06	1.18025e+06	
1.182e+06	1.2275e+06	1.194e+06	1.17e+06	1.17625e+06	
1.2105e+06	1.17875e+06	1.20725e+06	1.21425e+06	1.18825e+06	
1.20775e+06	1.17625e+06	1.17e+06	1.1845e+06	1.2085e+06	
1.1775e+06	1.19325e+06	1.18575e+06	1.196e+06	1.20275e+06	
1.2035e+06	1.1645e+06	1.18525e+06	1.196e+06	1.17075e+06	
1.163e+06	1.19975e+06	1.155e+06	1.19325e+06	1.1775e+06	
1.172e+06	1.17875e+06	1.1795e+06	1.194e+06	1.18525e+06	
1.18575e+06	1.17625e+06	1.201e+06	1.163e+06	1.209e+06	
1.1695e+06	1.17e+06	1.1575e+06	1.17e+06	1.1605e+06	
1.1865e+06	1.1455e+06	1.19075e+06	1.165e+06	1.16125e+06	
1.1965e+06	1.18575e+06	1.163e+06	1.1625e+06	1.18075e+06	
1.15175e+06	1.1865e+06	1.1845e+06	1.17375e+06	1.16575e+06	
1.175e+06	1.165e+06	1.1815e+06	1.16125e+06	1.1625e+06	
1.201e+06	1.1695e+06	1.177e+06	1.1605e+06	1.17375e+06	
1.16625e+06	1.16625e+06	1.19025e+06	1.1265e+06	1.16875e+06	
1.16e+06	1.2155e+06	1.15125e+06	1.158e+06	1.14875e+06	
1.192e+06	1.16625e+06	1.1455e+06	1.146e+06	1.17125e+06	
1.16575e+06	1.14925e+06	1.15e+06	1.15875e+06	1.15175e+06	
1.14225e+06	1.18325e+06	1.1645e+06	1.15625e+06	1.146e+06	
1.15375e+06	1.13725e+06	1.17575e+06	1.12775e+06	1.17e+06	
1.15925e+06	1.1605e+06	1.15e+06	1.1625e+06	1.14875e+06	
1.1745e+06	1.165e+06	1.1575e+06	1.165e+06	1.1285e+06	
1.1625e+06	1.13425e+06	1.138e+06	1.1385e+06	1.1845e+06	
1.15175e+06	1.13975e+06	1.18325e+06	1.14475e+06	1.1385e+06	
1.15375e+06	1.1645e+06	1.12475e+06	1.16875e+06	1.14925e+06	
1.158e+06	1.155e+06	1.153e+06	1.1215e+06	1.1575e+06	
1.124e+06	1.13425e+06	1.1405e+06	1.13275e+06	1.16375e+06	
1.15425e+06	1.15175e+06	1.1385e+06	1.13475e+06	1.1265e+06	
1.1355e+06	1.163e+06	1.13225e+06	1.1455e+06	1.15875e+06	
1.126e+06	1.14175e+06	1.109e+06	1.1185e+06	1.12775e+06	
1.1525e+06	1.12775e+06	1.1235e+06	1.129e+06	1.129e+06	
1.13925e+06	1.1355e+06	1.11975e+06	1.112e+06	1.1145e+06	
1.11275e+06	1.095e+06	1.11575e+06	1.09625e+06	1.12775e+06	
1.073e+06	1.0945e+06	1.10525e+06	1.102e+06	1.09825e+06	
1.0945e+06	1.08875e+06	1.11025e+06	1.0895e+06	1.08675e+06	
1.13025e+06	1.117e+06	1.102e+06	1.09375e+06	1.11025e+06	
1.09125e+06	1.09825e+06	1.10775e+06	1.09875e+06	1.10525e+06	
1.083e+06	1.09825e+06	1.09575e+06	1.0875e+06	1.07425e+06	
1.107e+06	1.09375e+06	1.112e+06	1.085e+06	1.0705e+06	
1.095e+06	1.10125e+06	1.11325e+06	1.10125e+06	1.1165e+06	
1.0855e+06	1.1065e+06	1.09625e+06	1.075e+06	1.0855e+06	
1.08875e+06	1.097e+06	1.10825e+06	1.10275e+06	1.092e+06	
1.07925e+06	1.1045e+06	1.083e+06	1.07675e+06	1.09625e+06	
1.12525e+06	1.066e+06	1.0725e+06	1.0895e+06	1.0855e+06	
1.0895e+06	1.075e+06	1.0755e+06	1.09e+06	1.06475e+06	
1.0805e+06	1.071e+06	1.09625e+06	1.078e+06	1.078e+06	
1.0435e+06	1.04225e+06	1.0605e+06	1.044e+06	1.061e+06	
1.04075e+06	1.04475e+06	1.015e+06	1.046e+06	1.04975e+06	
1.0175e+06	1.0245e+06	1.0175e+06	1.0485e+06	1.015e+06	
1.02825e+06	1.03025e+06	1.0415e+06	1.01625e+06	1.0225e+06	
1.02775e+06	1.04075e+06	1.03075e+06	1.05925e+06	1.0365e+06	
1.046e+06	1.05025e+06	1.01125e+06	1.04225e+06	1.05475e+06	
1.06225e+06	1.0415e+06	1.05525e+06	1.04725e+06	1.04525e+06	
1.05675e+06	1.03275e+06	1.04275e+06	1.0485e+06	1.02375e+06	
1.0725e+06	1.049e+06	1.04075e+06	1.066e+06	1.04525e+06	
1.06675e+06	1.03325e+06	1.06725e+06	1.05725e+06	1.0535e+06	
1.0775e+06	1.08675e+06	1.07375e+06	1.0755e+06	1.0855e+06	
1.05525e+06	1.0585e+06	1.0465e+06	1.04775e+06	1.0605e+06	
1.066e+06	1.06175e+06	1.04275e+06	1.05975e+06	1.0775e+06	
1.07925e+06	1.051e+06	1.06725e+06	1.07625e+06	1.0755e+06	
1.056e+06	1.05475e+06	1.09075e+06	1.05675e+06	1.0925e+06	
1.08175e+06	1.0685e+06	1.04975e+06	1.073e+06	1.049e+06	
1.0755e+06	1.046e+06	1.07375e+06	1.0805e+06	1.05675e+06	
1.04725e+06	1.0725e+06	1.07425e+06	1.0705e+06	1.06675e+06	
1.051e+06	1.05225e+06	1.068e+06	1.06975e+06	1.05525e+06	
1.05725e+06	1.058e+06	1.06175e+06	1.03825e+06	1.04775e+06	
1.05725e+06	1.061e+06	1.03275e+06	1.03525e+06	1.061e+06	
1.06175e+06	1.04475e+06	1.08375e+06	1.06925e+06	1.0485e+06	
1.0515e+06	1.044e+06	1.05225e+06	1.02775e+06	1.0585e+06	
1.06725e+06	1.063e+06	1.04775e+06	1.01875e+06	1.05025e+06	
1.05525e+06	1.06925e+06	1.0485e+06	1.046e+06	1.04275e+06	
1.04275e+06	1.0395e+06	1.029e+06	1.0705e+06	1.03075e+06	
1.056e+06	1.01625e+06	1.0585e+06	1.04475e+06	1.04075e+06	
1.03075e+06	1.032e+06	1.01875e+06	1.0465e+06	1.037e+06	
1.01875e+06	1.029e+06	1.06925e+06	1.0485e+06	1.03775e+06	
1.0515e+06	1.01825e+06	1.03825e+06	1.05225e+06	1.02775e+06	
1.039e+06	1.05675e+06	1.06225e+06	1.0415e+06	1.0345e+06	
1.02575e+06	1.0295e+06	1.04975e+06	1.015e+06	1.02325e+06	
1.01825e+06	1.05675e+06	1.04075e+06	1.03075e+06	1.01375e+06	
989250	1.027e+06	1.04225e+06	1.02825e+06	1.01e+06	
1.05975e+06	1.04225e+06	1.0145e+06	1.03025e+06	1.02125e+06	
1.03825e+06	1.037e+06	1.0315e+06	1.01575e+06	1.0075e+06	
1.02325e+06	1.01875e+06	1.039e+06	1.00625e+06	1.05225e+06	
1.0145e+06	1.0195e+06	1.00925e+06	1.04475e+06	1.03825e+06	
996250	1.015e+06	998750	1.01325e+06	1.00125e+06	
1.01125e+06	1.01e+06	988500	988500	985500	
986750	966000	986750	986750	981000	
974000	965250	981750	952750	960750	
949500	971000	971000	974750	986750	
959000	969750	967750	972750	967750	
972750	986000	993000	955250	962750	
997500	977750	997500	983500	988000	
993500	980500	987250	974000	967750	
998750	1.0055e+06	990500	994750	964750	
998750	1.00625e+06	1.0055e+06	990500	988000	
995500	983000	1.00175e+06	1.00175e+06	996750	
986000	977750	1e+06	975250	972750	
976500	976500	967250	982250	975250	
984250	988000	983000	979750	972250	
1.00175e+06	957750	993000	983000	1.0005e+06	
1.00175e+06	984250	984750	978500	976000	
990500	972750	947000	989250	974000	
991000	979750	944500	977250	966500	
959500	988000	981750	979750	953250	
978500	957750	975250	974000	984250	
979750	964750	979750	946250	966500	
996750	1.00175e+06	1e+06	959500	960750	
989250	971000	954500	969750	966000	
979750	988000	977250	969750	954000	
962750	950250	977750	967250	937000	
960750	945750	979750	966000	978500	
957000	955750	981000	988500	948750	
948250	981750	955750	969750	966500	
954500	948750	971000	998750	955750	
980500	955250	970250	955750	942000	
974000	964000	959500	932500	990500	
950750	969000	972750	961500	952000	
946250	947000	948750	949500	960750	
939500	937000	947500	942500	942500	
935000	932500	950250	940000	947000	
928000	947000	948250	966500	946250	
935000	931750	932500	931750	962000	
959500	959500	934500	953250	956500	
953250	944500	935000	936250	931250	
972750	909750	930000	947500	940750	
928750	930500	941250	953250	937000	
956500	937000	940000	944500	906750	
925500	949500	947000	906000	924250	
938750	933000	956500	926750	919250	
935000	941250	937500	931250	927500	
914250	904750	949500	938750	924250	
928000	940750	935000	919250	923000	
920000	911750	934500	938250	926750	
874000	911000	908000	915500	901500	
918750	918000	903500	909250	921250	
892750	935000	920500	931750	916750	
907250	885750	913500	934500	901000	
927500	919250	908000	909750	882750	
920500	909250	893500	914750	930500	
913000	902250	930500	913000	902750	
921250	901000	899750	906750	904250	
896000	913000	904250	892750	904250	
907250	894000	904750	918750	899750	
917250	891500	919250	914750	904750	
892250	909750	889750	918750	893500	
896500	911750	916000	921750	911750	
889000	909750	904250	892250	900250	
901000	910500	891000	901500	906000	
920000	901500	896500	898500	901000	
916000	897250	889750	867500	902750	
901500	891500	881500	885250	884000	
905500	863250	879000	901000	882000	
905500	894750	889000	871250	866250	
867000	871250	867500	886500	857500	
879000	878250	877000	879500	856750	
861250	870000	875250	887000	896500	
874500	894000	877750	896500	884500	
883250	892250	895250	865000	863750	
874500	863750	859500	857500	878250	
887750	865000	869500	877000	862000	
843750	887000	872000	889750	880250	
875750	857500	864500	872500	877000	
852500	873250	855500	851750	887750	
862000	885250	865750	848000	875250	
863250	892250	855500	869500	863250	
857500	853000	854250	841750	839250	
867500	865750	877000	859500	853000	
862000	853750	850000	875750	839250	
844250	859500	858750	836000	875750	
852500	848000	865000	843000	868750	
829250	843750	843000	860750	843000	
883250	848750	839250	840500	851250	
863250	842500	835500	847500	850500	
850500	858250	868750	856250	827250	
851750	833500	811500	850000	847500	
831750	841000	834750	855000	867500	
842500	841000	821500	837250	841000	
842500	820250	832250	836750	853750	
828500	846250	836000	838500	815250	
828000	834750	840500	825250	829250	
834250	837250	805250	810250	833000	
815250	817250	833000	806500	836000	
828000	813500	810250	807750	817250	
824750	819750	828500	813500	817250	
810750	836750	822250	813500	817750	
781250	805250	797000	799500	790750	
813500	807750	792000	800250	799500	
826000	800750	797000	808250	797750	
780000	801500	794500	797000	791250	
789500	781250	814000	799500	787000	
780000	779250	791250	791250	779250	
808250	803250	828000	789500	782500	
770500	775500	801500	793250	799500	
784500	771250	788750	757250	795000	
776250	746000	788750	741000	785000	
771750	757250	764750	787500	768750	
761750	765500	758000	786250	754250	
774250	774250	793750	760500	758500	
796500	785000	781250	782000	792000	
770000	770000	772500	777500	792000	
773750	763000	789500	771750	766250	
756000	782000	744000	761000	771250	
764750	776250	763500	759250	767500	
775000	764250	785000	761000	767500	
775500	759250	768000	763000	772500	
762250	773000	772500	805250	781250	
775000	767500	763500	773750	770000	
759250	764750	753500	753500	749000	
792000	753500	771750	775000	785750	
785750	778750	785750	785750	788250	
792000	776750	778000	783250	788750	
804500	776750	795000	791250	790750	
795000	787000	767500	776250	791250	
805250	796500	791250	795750	776750	
797000	793750	798250	792000	798250	
799000	797750	803250	776750	796500	
796500	811500	784500	797750	780500	
787000	802750	766750	795000	802750	
793250	773750	793750	769250	801500	
795000	792500	785750	778750	797000	
775000	785750	784500	778750	775000	
771250	767500	785000	792000	747750	
767500	779250	780000	751750	795750	
793250	771250	770000	762250	777500	
758000	736500	766750	768750	771250	
787000	761750	753500	764750	774250	
738500	763000	756750	761000	754250	
768000	758500	754250	768750	744000	
765500	753500	754250	745250	760500	
746500	756000	753500	756000	748500	
771250	748500	736000	770500	748500	
762250	759250	766250	751000	767500	
763000	746000	746000	753500	742250	
740250	759750	751000	739000	755500	
754750	762250	744750	743500	733250	
741000	729500	761000	770500	764750	
768000	759750	767500	767500	750500	
756750	763500	764750	744750	742750	
774250	758000	742250	757250	731500	
763000	761750	754250	763500	770000	
776250	756750	743500	773000	758000	
761750	771750	759250	769250	736500	
748500	754750	747750	734000	747750	
743500	726500	744000	750500	728250	
740250	741000	724500	742250	749000	
747250	736000	748500	744000	765500	
748500	736000	736000	744750	736000	
761000	715000	731500	748500	749000	
761000	751000	753500	764250	743500	
742750	724500	747750	735250	734500	
726500	742250	729500	749750	741500	
739750	738500	729500	740250	729500	
733250	753000	747250	743500	729500	
752250	752250	732000	733250	727000	
739000	747750	735250	750500	734000	
753500	721500	740250	739000	743500	
745250	738500	713750	742750	721500	
730750	724000	732750	723250	725250	
717500	742750	734000	756000	737750	
728250	751750	753000	721500	730750	
722000	749750	711250	739750	743500	
717500	753500	730750	736500	747250	
754750	742250	729000	749750	758000	
745250	749000	738500	751000	742750	
751000	743500	726500	729500	742250	
747750	720250	734500	740250	733250	
746500	742250	768750	738500	770500	
764250	746500	751000	730250	747750	
730250	744750	734500	747250	753000	
746000	736000	751000	744000	763000	
769250	732750	745250	742750	738500	
733250	761750	748500	747250	726500	
734500	719500	743500	731500	720250	
731500	740250	741500	754250	759250	
720750	722000	724500	743500	742750	
751000	727750	760500	741500	743500	
733250	738500	732000	722750	738500	
745250	716250	747250	734500	724000	
734500	741500	743500	720750	730750	
744750	734000	745250	743500	729000	
725750	731500	741500	747250	728250	
718250	722000	734000	749000	739750	
718750	746000	718750	711250	736000	
722750	730750	742250	724500	737250	
721500	723250	729000	736000	713250	
719500	736000	717000	741500	741000	
723250	730250	739750	738500	712500	
747250	729500	715750	742250	725750	
731500	720750	735250	707500	742750	
724500	739750	737250	722000	722000	
732750	727000	745250	712000	713250	
722000	708750	732750	714500	725250	
697500	716250	705750	735250	698000	
723250	723250	708750	722750	711250	
711250	703750	717500	720250	705000	
710000	695000	701250	701250	709500	
710000	713250	706250	706250	726500	
708750	686750	690500	702500	715750	
699250	700500	698000	696250	699250	
675500	693000	690000	686000	698750	
671000	691250	690500	694250	700000	
696250	684250	699250	693000	694250	
683000	677250	695500	692500	684250	
676000	667750	691750	679250	686000	
690500	671500	673500	671500	671500	
660250	681750	675500	687250	668500	
666500	671000	674750	671500	673500	
675500	654500	660250	687250	674750	
680500	683000	659750	678500	666500	
675500	676000	681750	683500	662250	
667750	659750	661500	661000	670250	
671000	669000	659750	671000	654000	
661500	664750	650250	652000	684750	
652750	664000	667250	649000	662250	
671500	655250	668500	661500	691250	
652750	650750	661000	669000	654000	
657750	662250	657000	651500	662250	
667250	666000	641250	661000	645750	
670250	662250	654500	671000	654500	
647000	645250	652750	642000	647750	
649000	647750	654000	659750	662250	
657750	642000	661000	642000	659750	
662250	650250	674750	649000	640000	
652750	655750	635750	676750	644500	
664750	650250	662750	661000	647750	
662250	649000	658500	647000	625500	
674250	644500	650250	640750	654500	
649500	661500	654500	662250	632500	
650250	651500	644000	649500	647000	
642000	671500	654000	661500	646500	
662250	645750	670250	663500	657750	
666000	684750	664000	657750	678500	
684750	657000	676000	653250	642500	
644000	658500	682250	654500	654500	
650750	676000	668500	666000	654500	
647000	661500	661500	662750	675500	
672750	658500	633250	667750	680500	
663500	648250	666500	666500	669000	
662250	651500	674750	674750	649500	
654000	661500	672750	657750	634500	
669750	655750	658500	650250	659000	
642500	670250	662750	654000	672750	
656500	664000	662250	663500	683500	
657000	664750	666000	648250	642000	
654500	642000	660250	669000	654500	
643250	671500	642500	641250	639500	
665250	657750	649000	658500	662750	
679750	658500	640750	651500	656500	
663500	648250	654000	660250	639500	
657000	658500	642500	635750	649500	
650250	647000	652750	664750	661000	
659000	641250	666000	662750	644000	
654500	650250	657750	653250	649500	
659000	638750	667250	640000	655750	
669750	656500	640000	650250	663500	
651500	672250	650250	653250	660250	
644500	645750	645250	651500	668500	
659750	659000	640000	651500	639500	
668500	644500	661000	657750	652750	
657000	654500	655250	630000	661500	
644500	652000	681750	670250	667750	
648250	657750	641250	644500	657750	
655750	649500	650250	655750	672250	
647750	643250	652750	654000	635000	
647000	659750	657750	659000	638250	
667250	655750	657000	669000	661500	
670250	660250	669750	654500	667750	
657750	649500	660250	660250	648250	
640000	640000	678000	662250	640000	
654500	658500	651500	652000	633750	
637000	640000	635750	655750	649500	
660250	656500	661000	654500	665250	
655250	640750	626250	651500	647750	
657750	642500	652750	654500	633750	
669750	656500	667250	644500	664750	
671000	641250	642500	642500	654500	
664000	654500	641250	642000	675500	
638750	655250	652000	662250	652750	
656500	655250	660250	658500	647000	
642000	644500	637000	655750	658500	
647750	652000	666500	654000	639500	
657000	648250	649500	666000	647750	
649500	644000	666000	658500	647750	
649500	645250	650250	655250	649500	
643250	647000	652000	646500	641250	
657750	645750	630750	653250	654500	
643250	647750	645750	646500	644000	
648250	653250	655250	662750	636250	
634500	646500	647750	649000	654500	
665250	659750	644500	650750	647000	
667750	669000	650250	649000	645750	
635000	646500	654000	639500	655750	
637500	647750	631250	636250	658500	
642000	658500	664000	629500	642000	
660250	637000	649500	646500	655750	
652750	639500	651500	653250	646500	
640000	649500	658500	637000	650250	
646500	642500	645750	640750	652750	
653250	650250	663500	654500	658500	
666500	638250	637000	629500	657750	
655250	653250	642000	651500	652000	
644000	654500	649000	653250	671500	
633250	645250	646500	659000	660250	
656500	651500	652750	634500	645250	
647000	661500	630750	669750	633750	
645250	647750	645750	653250	662250	
633250	648250	659750	657750	666000	
655250	652750	649500	657000	647750	
645750	652000	646500	655750	641250	
654500	645750	657750	661000	642000	
665250	640000	646500	640000	659750	
649000	647750	650750	642500	666500	
636250	645250	644500	635750	650250	
647750	621750	650750	656500	648250	
649500	645250	651500	635000	666000	
635000	645250	643250	638750	638250	
657000	633750	649000	659000	649500	
652000	642500	649500	655250	650250	
652750	645750	650250	642000	642500	
648250	657750	643250	642500	641250	
654000	622500	645250	653250	645250	
650750	635750	625500	649500	647000	
645750	646500	663500	665250	660250	
660250	660250	650250	643250	662750	
645250	646500	638750	671500	647000	
648250	650250	642500	638750	645250	
646500	649000	645250	645750	649500	
649000	647000	627500	652750	655250	
642500	650250	645250	662750	649000	
650250	633250	658500	642000	648250	
646500	650250	625000	652000	649000	
648250	657000	657750	664000	653250	
659750	652000	666500	645250	637500	
660250	645250	652750	651500	659750	
666500	659000	632500	657000	655250	
654500	655250	655250	655750	643250	
654000	652000	652750	662250	632500	
635750	634500	645750	657750	636250	
650250	626250	650250	664750	645750	
647000	639500	654000	657000	661500	
644500	666500	654000	654000	651500	
650750	640750	642500	635750	656500	
649000	662250	662750	649000	652000	
649000	632000	664000	657000	640000	
672250	666000	654500	642000	661000	
645750	639500	657000	639500	644500	
654000	640000	660250	641250	652000	
652000	673500	656500	655750	647000	
650750	638250	652000	639500	652750	
643250	651500	645750	640750	640000	
628750	654500	629500	658500	661000	
633250	642500	638750	640750	643250	
642000	655250	657000	645250	645750	
646500	650250	654500	643250	650250	
660250	643250	655250	630000	656500	
653250	626750	634500	638750	636250	
652750	636250	634500	646500	638750	
647000	650250	653250	646500	641250	
645750	612500	626750	633750	630000	
655250	641250	638750	630000	650750	
652750	643250	647000	638250	657000	
633750	637000	653250	652000	668500	
648250	654000	630000	640750	642000	
656500	645250	642000	661000	652750	
644000	649500	645750	638750	651500	
641250	654000	647000	611000	655750	
653250	644500	630000	635750	637500	
650250	639500	665250	651500	629500	
649500	640000	628250	641250	647750	
652000	654500	631250	650750	630750	
639500	658500	632000	634500	655250	
640000	653250	638750	647750	642500	
656500	643250	646500	616750	648250	
632000	656500	646500	650750	656500	
635750	650750	645750	644000	626250	
649500	645250	652000	664750	661500	
656500	641250	633250	651500	642500	
655750	630000	649500	625500	642500	
645750	638250	637000	647750	661000	
647750	644000	644000	630750	654500	
632000	627500	634500	624250	653250	
629500	634500	649000	635750	645250	
632500	636250	638250	630000	644000	
635000	627500	638250	638750	621250	
651500	644500	658500	628750	645750	
638250	626250	649500	649500	647750	
629500	642000	647000	644000	645250	
642500	647000	650250	650250	648250	
630000	630000	627500	632000	639500	
633250	642000	638750	644500	646500	
641250	640750	630750	647000	618750	
635750	637000	655750	644500	656500	
645250	630750	635000	631250	637500	
645250	623750	630000	645750	642000	
646500	630750	632000	623000	632000	
632000	650250	641250	645750	630750	
628750	642000	607250	638250	620500	
644000	646500	638750	634500	642500	
644000	621750	640000	625000	643250	
632000	641250	643250	627500	623000	
628250	651500	642000	630000	632500	
635750	634500	632500	642500	647750	
638250	626750	629500	635750	644000	
638250	620500	666500	626250	638750	
647000	624250	647750	628750	638750	
615000	629500	655750	644000	642500	
644000	642000	652750	627500	644000	
623750	629500	630750	645250	645750	
640000	635000	653250	654500	640750	
635750	639500	644000	650750	637000	
623750	640750	625000	634500	637500	
638250	634500	646500	626250	640750	
658500	635750	628750	625000	640000	
636250	647750	638750	647000	651500	
613750	638250	640750	633750	618000	
640750	627500	644000	633250	626250	
632500	633250	643250	630750	638750	
637500	628750	635750	642500	628750	
638250	656500	637000	632000	630750	
632000	632500	628750	645750	645250	
626250	642500	620500	636250	647000	
641250	638750	618750	631250	644500	
655250	629500	644000	657750	637000	
625000	639500	621750	634500	641250	
633250	638750	633250	618750	650250	
637000	632500	641250	640750	638250	
633250	632000	616750	633250	630750	
649000	624250	630750	642500	638250	
642500	643250	645750	625500	639500	
633750	642000	626250	630750	630000	
637000	640000	624250	636250	641250	
635000	649500	630750	636250	633750	
629500	633250	636250	625000	633750	
641250	632500	630000	641250	642000	
634500	640750	647000	616250	635000	
621750	633750	635750	642000	638250	
640000	645750	642500	647000	629500	
624250	644000	619250	644000	645750	
648250	616250	625000	625500	662250	
630750	637500	639500	635750	627500	
624250	640750	626250	640750	645250	
647750	631250	650250	626750	640750	
635750	638250	629500	623000	631250	
635000	642000	641250	628750	625500	
640000	642500	639500	628750	630000	
623000	635000	620500	656500	623750	
625000	634500	627500	634500	640000	
635000	635000	637000	636250	623000	
633750	624250	616750	628250	642500	
650250	638750	642000	635750	626250	
635000	631250	632500	634500	643250	
640000	624250	651500	639500	638750	
638750	632500	640750	618000	625000	
634500	625500	639500	650250	649000	
618750	650750	649500	631250	630750	
641250	629500	635000	626750	631250	
630000	645750	640750	642000	633250	
629500	622500	632500	645250	635000	
653250	623750	642000	644000	632000	
632000	627500	629500	637000	631250	
635750	644500	633750	613000	620500	
641250	644000	620000	638250	642500	
639500	609750	656500	630000	631250	
641250	647000	652000	620500	625500	
649500	623750	647000	632000	618000	
635000	643250	634500	627500	633750	
642000	645750	632500	626250	638750	
644500	623750	640750	640000	639500	
634500	644500	620500	618750	641250	
642000	632000	649500	626750	636250	
632500	632500	633250	630000	655750	
637000	633750	630000	625500	640750	
642000	638250	627500	641250	634500	
615500	632000	631250	620500	625500	
648250	633250	643250	632000	633250	
627500	645250	635000	627500	642500	
653250	625500	651500	649000	647750	
637000	657750	644000	625500	643250	
622500	644500	640750	622500	630000	
631250	631250	640000	618000	638750	
632500	644000	627500	641250	638750	
647750	644000	628250	647000	647750	
623000	642500	635750	631250	626250	
635000	624250	625000	630000	635000	
637000	629500	628750	625000	639500	
640000	632000	628750	606750	619250	
626250	634500	632500	628250	644000	
627500	631250	638750	621750	639500	
646500	625500	642500	637500	635000	
634500	637000	645750	635000	625500	
627500	638250	648250	625500	621750	
634500	635750	625000	646500	644500	
612500	630750	632000	647000	633250	
637000	644000	636250	612500	632500	
649500	623000	620000	631250	649000	
641250	640000	642500	623750	639500	
643250	637500	616250	625500	637000	
627500	633750	632000	608000	635000	
629500	638250	629500	650250	631250	
655750	621250	627500	643250	639500	
655750	621250	627500	643250	639500	
655750	621250	627500	643250	639500	
