4250	4250	4250	4250	4250	
7.13825e+06	7.13825e+06	7.13825e+06	7.13825e+06	7.13825e+06	
531000	531750	533000	533500	514750	
509750	495750	516500	528000	517250	
532250	509000	512250	517250	511000	
507250	520250	507250	514750	511500	
535500	531000	529250	512250	537500	
512250	512250	507250	506500	517750	
504000	516000	521750	521000	524250	
521750	517750	514000	507750	517250	
524250	527250	504000	506500	494000	
523500	533500	538000	535500	531750	
509000	526750	526750	534250	533500	
535500	533500	557000	528500	541750	
533000	537500	545500	555000	540500	
541750	540500	549250	554500	539250	
548750	553750	548750	553750	553250	
541750	535500	552000	545500	543750	
563750	534750	553250	555000	549250	
580250	565750	557500	565750	566250	
573250	570250	558250	562000	570750	
577750	571500	580250	574000	576500	
578250	576500	579500	565000	580250	
653250	641250	647000	627500	651500	
843000	824750	795000	832250	829750	
855000	839250	832250	843000	826000	
840500	832250	850500	847500	836000	
824750	851250	851750	891000	865750	
864500	868750	884000	839250	876500	
886500	873250	866250	860750	863250	
863250	885750	860750	902750	871250	
887750	898500	891500	874500	906750	
888500	884000	878250	899000	900250	
942500	947000	913000	928750	939500	
914250	928000	926750	945750	913000	
913000	918000	919250	940000	899000	
933750	897750	901500	917250	925500	
914250	930500	929250	939500	914750	
908500	931750	914750	931750	913000	
913000	927500	945750	917250	928750	
955250	942500	930500	928750	942000	
986000	951500	960750	964000	943750	
950750	967750	981000	988500	976500	
983500	973500	993000	978500	962750	
1.01075e+06	1.00675e+06	1.00425e+06	1.003e+06	998750	
1.003e+06	993000	986750	989750	992250	
975250	971000	988000	988500	938250	
965250	1.003e+06	961500	983000	983500	
965250	967750	976500	966500	969000	
950250	958250	966000	990500	955250	
926250	927500	940750	940750	937000	
933750	935000	938750	935000	926250	
950250	933750	945750	932500	946250	
926250	908500	931750	929250	937000	
906000	911000	888500	911000	937500	
915500	918750	937500	927500	929250	
978500	993000	967250	969000	976000	
1.03825e+06	1.0365e+06	1.032e+06	1.02325e+06	1.0265e+06	
1.034e+06	1.029e+06	1.029e+06	1.0365e+06	1.0365e+06	
1.058e+06	1.03275e+06	1.03775e+06	1.044e+06	1.04475e+06	
993000	1.00625e+06	998000	990500	1.029e+06	
980500	989250	978500	982250	988000	
1.01325e+06	1.017e+06	991000	991750	1.01325e+06	
988000	1.012e+06	996750	1.0145e+06	990500	
1.05025e+06	1.0125e+06	1.025e+06	1.0395e+06	1.0225e+06	
1.0725e+06	1.05975e+06	1.06475e+06	1.0685e+06	1.056e+06	
1.0825e+06	1.0755e+06	1.09375e+06	1.07675e+06	1.08875e+06	
1.0875e+06	1.05525e+06	1.10125e+06	1.05925e+06	1.05475e+06	
1.1e+06	1.068e+06	1.04775e+06	1.0705e+06	1.0725e+06	
1.10825e+06	1.07175e+06	1.0855e+06	1.083e+06	1.10325e+06	
1.09825e+06	1.11075e+06	1.10325e+06	1.09e+06	1.09e+06	
1.0855e+06	1.11075e+06	1.085e+06	1.0975e+06	1.0875e+06	
1.117e+06	1.1335e+06	1.119e+06	1.12025e+06	1.14225e+06	
1.175e+06	1.16125e+06	1.15875e+06	1.1575e+06	1.16875e+06	
1.199e+06	1.2525e+06	1.22675e+06	1.199e+06	1.24825e+06	
1.22175e+06	1.24825e+06	1.2305e+06	1.25325e+06	1.22425e+06	
1.22675e+06	1.213e+06	1.2065e+06	1.2105e+06	1.2155e+06	
1.211e+06	1.209e+06	1.1985e+06	1.21675e+06	1.216e+06	
1.20475e+06	1.1775e+06	1.2015e+06	1.2035e+06	1.19525e+06	
1.1775e+06	1.21475e+06	1.17625e+06	1.213e+06	1.2185e+06	
1.16375e+06	1.182e+06	1.18075e+06	1.19075e+06	1.20275e+06	
1.20025e+06	1.19975e+06	1.21425e+06	1.187e+06	1.20475e+06	
1.21425e+06	1.22175e+06	1.228e+06	1.23675e+06	1.23925e+06	
1.24875e+06	1.2425e+06	1.27475e+06	1.26325e+06	1.25375e+06	
1.28275e+06	1.29925e+06	1.271e+06	1.26275e+06	1.2735e+06	
1.267e+06	1.26775e+06	1.2785e+06	1.2835e+06	1.2665e+06	
1.27525e+06	1.25125e+06	1.26825e+06	1.28925e+06	1.303e+06	
1.25325e+06	1.252e+06	1.23e+06	1.223e+06	1.2645e+06	
1.24825e+06	1.22625e+06	1.25825e+06	1.25775e+06	1.262e+06	
1.284e+06	1.267e+06	1.26275e+06	1.26025e+06	1.284e+06	
1.23175e+06	1.23875e+06	1.24625e+06	1.2475e+06	1.26825e+06	
1.201e+06	1.175e+06	1.19975e+06	1.18775e+06	1.177e+06	
1.196e+06	1.16875e+06	1.1895e+06	1.172e+06	1.204e+06	
1.201e+06	1.21425e+06	1.201e+06	1.206e+06	1.2065e+06	
1.13225e+06	1.1525e+06	1.15925e+06	1.12775e+06	1.16e+06	
1.12975e+06	1.131e+06	1.136e+06	1.14675e+06	1.12025e+06	
1.15625e+06	1.1315e+06	1.1405e+06	1.11275e+06	1.14675e+06	
1.1675e+06	1.14725e+06	1.1455e+06	1.15425e+06	1.13725e+06	
1.1775e+06	1.165e+06	1.16875e+06	1.16125e+06	1.1525e+06	
1.211e+06	1.19475e+06	1.18825e+06	1.21425e+06	1.21475e+06	
1.28525e+06	1.2595e+06	1.2735e+06	1.26775e+06	1.2885e+06	
1.286e+06	1.2815e+06	1.27725e+06	1.27725e+06	1.2525e+06	
1.2665e+06	1.2905e+06	1.3225e+06	1.25375e+06	1.288e+06	
1.29675e+06	1.30925e+06	1.33275e+06	1.296e+06	1.322e+06	
1.2935e+06	1.32825e+06	1.334e+06	1.32625e+06	1.3345e+06	
1.3825e+06	1.3755e+06	1.36225e+06	1.39875e+06	1.39375e+06	
1.43025e+06	1.42475e+06	1.44725e+06	1.436e+06	1.4505e+06	
1.46625e+06	1.434e+06	1.46125e+06	1.46e+06	1.458e+06	
1.44225e+06	1.417e+06	1.46e+06	1.4365e+06	1.44225e+06	
1.37725e+06	1.36225e+06	1.35225e+06	1.37725e+06	1.37425e+06	
1.344e+06	1.32125e+06	1.3125e+06	1.3445e+06	1.35225e+06	
1.339e+06	1.35225e+06	1.3345e+06	1.3415e+06	1.3615e+06	
1.3515e+06	1.35225e+06	1.37425e+06	1.36225e+06	1.349e+06	
1.434e+06	1.44175e+06	1.41025e+06	1.43275e+06	1.439e+06	
1.45875e+06	1.47875e+06	1.47125e+06	1.46375e+06	1.468e+06	
1.3975e+06	1.41775e+06	1.41825e+06	1.422e+06	1.422e+06	
1.366e+06	1.35775e+06	1.35775e+06	1.371e+06	1.35975e+06	
1.27275e+06	1.29225e+06	1.313e+06	1.29475e+06	1.29425e+06	
1.25375e+06	1.2275e+06	1.257e+06	1.2015e+06	1.2275e+06	
1.204e+06	1.199e+06	1.20775e+06	1.2355e+06	1.184e+06	
1.16375e+06	1.155e+06	1.15875e+06	1.15425e+06	1.15175e+06	
1.18075e+06	1.17625e+06	1.16375e+06	1.1505e+06	1.16125e+06	
1.22875e+06	1.18525e+06	1.225e+06	1.21675e+06	1.22425e+06	
1.32e+06	1.2955e+06	1.31e+06	1.33525e+06	1.30675e+06	
1.41825e+06	1.40825e+06	1.43775e+06	1.443e+06	1.42325e+06	
1.49025e+06	1.42525e+06	1.42975e+06	1.443e+06	1.424e+06	
1.45875e+06	1.44475e+06	1.43725e+06	1.455e+06	1.44475e+06	
1.40575e+06	1.4265e+06	1.4405e+06	1.422e+06	1.41825e+06	
1.4535e+06	1.44175e+06	1.44225e+06	1.43725e+06	1.41575e+06	
1.46e+06	1.47125e+06	1.49275e+06	1.47625e+06	1.5115e+06	
1.51225e+06	1.50275e+06	1.51225e+06	1.52925e+06	1.5085e+06	
1.47875e+06	1.4845e+06	1.51725e+06	1.516e+06	1.50475e+06	
1.50025e+06	1.48575e+06	1.51675e+06	1.51475e+06	1.5115e+06	
1.53425e+06	1.50475e+06	1.57275e+06	1.5085e+06	1.5065e+06	
1.51725e+06	1.51675e+06	1.51975e+06	1.52925e+06	1.52675e+06	
1.53875e+06	1.569e+06	1.55375e+06	1.52925e+06	1.538e+06	
1.57575e+06	1.6295e+06	1.589e+06	1.6035e+06	1.598e+06	
1.70375e+06	1.71075e+06	1.722e+06	1.739e+06	1.678e+06	
1.8015e+06	1.75925e+06	1.78075e+06	1.7825e+06	1.77e+06	
1.7845e+06	1.77875e+06	1.7895e+06	1.7585e+06	1.77875e+06	
1.83675e+06	1.79775e+06	1.77875e+06	1.81025e+06	1.78575e+06	
1.8625e+06	1.8595e+06	1.87825e+06	1.937e+06	1.8865e+06	
1.966e+06	1.93875e+06	1.9885e+06	1.95075e+06	1.91625e+06	
1.9275e+06	1.923e+06	1.90725e+06	1.90925e+06	1.903e+06	
1.79325e+06	1.785e+06	1.811e+06	1.81775e+06	1.809e+06	
1.6755e+06	1.7075e+06	1.698e+06	1.68625e+06	1.69425e+06	
1.458e+06	1.47875e+06	1.501e+06	1.504e+06	1.4915e+06	
1.3155e+06	1.3055e+06	1.30425e+06	1.284e+06	1.32075e+06	
1.262e+06	1.2715e+06	1.30375e+06	1.26075e+06	1.25775e+06	
1.41325e+06	1.40375e+06	1.3855e+06	1.409e+06	1.40575e+06	
1.62125e+06	1.61875e+06	1.6375e+06	1.63325e+06	1.59025e+06	
1.81025e+06	1.81525e+06	1.8165e+06	1.80525e+06	1.81525e+06	
1.9785e+06	1.9545e+06	1.94125e+06	1.964e+06	1.937e+06	
2.03325e+06	2.066e+06	2.063e+06	2.07425e+06	2.00125e+06	
1.96525e+06	1.98225e+06	1.94125e+06	1.94825e+06	1.94e+06	
1.782e+06	1.816e+06	1.78375e+06	1.811e+06	1.816e+06	
1.54e+06	1.56e+06	1.5645e+06	1.61675e+06	1.5955e+06	
1.44675e+06	1.45625e+06	1.453e+06	1.46925e+06	1.45225e+06	
1.591e+06	1.55575e+06	1.5355e+06	1.56775e+06	1.598e+06	
1.83675e+06	1.809e+06	1.85875e+06	1.88275e+06	1.8065e+06	
2.184e+06	2.2085e+06	2.172e+06	2.18575e+06	2.19725e+06	
2.34025e+06	2.35275e+06	2.375e+06	2.3245e+06	2.3365e+06	
2.49775e+06	2.49325e+06	2.48325e+06	2.4965e+06	2.45625e+06	
2.5735e+06	2.57075e+06	2.60375e+06	2.60375e+06	2.62875e+06	
2.6105e+06	2.61675e+06	2.588e+06	2.634e+06	2.637e+06	
2.58525e+06	2.557e+06	2.62325e+06	2.67425e+06	2.622e+06	
2.67475e+06	2.642e+06	2.7245e+06	2.659e+06	2.72325e+06	
2.67425e+06	2.7045e+06	2.74475e+06	2.7315e+06	2.739e+06	
2.72325e+06	2.73975e+06	2.76625e+06	2.76375e+06	2.79525e+06	
2.826e+06	2.83175e+06	2.88025e+06	2.86075e+06	2.843e+06	
2.88525e+06	2.87275e+06	2.874e+06	2.83675e+06	2.8695e+06	
2.9325e+06	2.92625e+06	2.96025e+06	2.92125e+06	2.92825e+06	
2.95025e+06	2.95275e+06	3.0005e+06	2.97225e+06	2.9685e+06	
2.927e+06	2.9615e+06	2.91925e+06	2.99375e+06	2.96775e+06	
2.828e+06	2.92425e+06	2.874e+06	2.8595e+06	2.89225e+06	
2.90425e+06	2.85375e+06	2.9375e+06	2.9105e+06	2.9205e+06	
2.947e+06	2.97675e+06	2.92175e+06	2.90225e+06	2.927e+06	
2.903e+06	2.908e+06	2.90925e+06	2.959e+06	2.92575e+06	
2.87575e+06	2.8985e+06	2.925e+06	2.91175e+06	2.923e+06	
2.92125e+06	2.998e+06	2.959e+06	2.93575e+06	2.97975e+06	
3.01575e+06	2.944e+06	2.9345e+06	3.01e+06	3.0025e+06	
2.92125e+06	2.964e+06	2.925e+06	2.9545e+06	2.91875e+06	
2.8865e+06	2.8765e+06	2.88975e+06	2.935e+06	2.937e+06	
2.91625e+06	2.901e+06	2.95325e+06	2.89975e+06	2.95325e+06	
2.92875e+06	2.90675e+06	2.92625e+06	2.95725e+06	2.95775e+06	
3.02525e+06	3.01325e+06	2.99425e+06	3.0485e+06	3.0045e+06	
3.1165e+06	3.08e+06	3.048e+06	3.056e+06	3.07375e+06	
3.0925e+06	3.11775e+06	3.121e+06	3.1385e+06	3.0675e+06	
3.1745e+06	3.25275e+06	3.2205e+06	3.24075e+06	3.1965e+06	
3.259e+06	3.2855e+06	3.3145e+06	3.30425e+06	3.32275e+06	
3.32325e+06	3.33775e+06	3.298e+06	3.35025e+06	3.346e+06	
3.23825e+06	3.2515e+06	3.27675e+06	3.2205e+06	3.27225e+06	
3.03225e+06	3.0775e+06	3.046e+06	3.0965e+06	3.056e+06	
3.0265e+06	3.0465e+06	3.0365e+06	3.04275e+06	3.03725e+06	
3.133e+06	3.04925e+06	3.104e+06	3.1845e+06	3.1355e+06	
3.33775e+06	3.317e+06	3.35925e+06	3.288e+06	3.329e+06	
3.4235e+06	3.409e+06	3.4355e+06	3.40575e+06	3.44425e+06	
3.47075e+06	3.46325e+06	3.48025e+06	3.4765e+06	3.48275e+06	
3.55325e+06	3.49025e+06	3.5355e+06	3.598e+06	3.579e+06	
3.53875e+06	3.489e+06	3.533e+06	3.50925e+06	3.5325e+06	
3.50225e+06	3.5225e+06	3.50025e+06	3.44625e+06	3.41725e+06	
3.4265e+06	3.39575e+06	3.45175e+06	3.424e+06	3.4095e+06	
3.51975e+06	3.5715e+06	3.62125e+06	3.545e+06	3.615e+06	
3.55325e+06	3.56325e+06	3.60125e+06	3.634e+06	3.6195e+06	
3.593e+06	3.521e+06	3.6175e+06	3.593e+06	3.60375e+06	
3.552e+06	3.61875e+06	3.6075e+06	3.5765e+06	3.59725e+06	
3.49025e+06	3.57775e+06	3.5645e+06	3.54575e+06	3.605e+06	
3.654e+06	3.58425e+06	3.5595e+06	3.576e+06	3.62575e+06	
3.6225e+06	3.639e+06	3.69575e+06	3.67675e+06	3.69375e+06	
3.775e+06	3.767e+06	3.75925e+06	3.85575e+06	3.82675e+06	
3.7985e+06	3.765e+06	3.821e+06	3.7795e+06	3.81725e+06	
3.7285e+06	3.6805e+06	3.661e+06	3.75375e+06	3.738e+06	
3.65525e+06	3.57775e+06	3.64725e+06	3.67675e+06	3.65275e+06	
3.61825e+06	3.5495e+06	3.59925e+06	3.66925e+06	3.5735e+06	
3.60375e+06	3.63275e+06	3.65775e+06	3.6705e+06	3.6295e+06	
3.666e+06	3.6225e+06	3.671e+06	3.68675e+06	3.741e+06	
3.753e+06	3.77325e+06	3.741e+06	3.729e+06	3.777e+06	
3.714e+06	3.76e+06	3.7315e+06	3.833e+06	3.80225e+06	
3.75625e+06	3.75425e+06	3.7455e+06	3.765e+06	3.741e+06	
3.712e+06	3.72025e+06	3.724e+06	3.72775e+06	3.73025e+06	
3.81925e+06	3.78575e+06	3.80275e+06	3.84575e+06	3.83875e+06	
3.92075e+06	3.91425e+06	3.91675e+06	3.901e+06	3.92875e+06	
3.993e+06	4.01825e+06	3.99425e+06	3.99425e+06	3.98675e+06	
4.0415e+06	4.07375e+06	4.12475e+06	4.0675e+06	4.1185e+06	
4.06375e+06	4.0415e+06	4.09275e+06	4.0505e+06	4.09325e+06	
3.88775e+06	3.903e+06	3.91125e+06	3.94775e+06	3.89425e+06	
3.818e+06	3.86775e+06	3.83375e+06	3.84825e+06	3.86325e+06	
3.83125e+06	3.859e+06	3.809e+06	3.84175e+06	3.7775e+06	
3.79025e+06	3.7695e+06	3.77875e+06	3.80525e+06	3.84e+06	
3.86025e+06	3.8935e+06	3.92875e+06	3.903e+06	3.976e+06	
4.0245e+06	4.0825e+06	4.0045e+06	4.03275e+06	4.02275e+06	
4.0245e+06	4.085e+06	4.0655e+06	4.11775e+06	4.04475e+06	
4.07575e+06	4.1085e+06	4.05675e+06	4.097e+06	4.075e+06	
4.03725e+06	4.01575e+06	4.08075e+06	4.08125e+06	4.07125e+06	
3.96525e+06	3.97675e+06	4.041e+06	3.959e+06	4.0775e+06	
4.1165e+06	4.01825e+06	4.05725e+06	4.135e+06	4.1475e+06	
4.13425e+06	4.15325e+06	4.1665e+06	4.138e+06	4.1835e+06	
4.21175e+06	4.0705e+06	4.0915e+06	4.09275e+06	4.09025e+06	
4.07375e+06	4.0895e+06	4.06925e+06	4.0745e+06	4.12975e+06	
3.918e+06	3.95275e+06	3.90425e+06	3.9755e+06	4.0385e+06	
3.9875e+06	4.03275e+06	4.0435e+06	4.04225e+06	4.05225e+06	
4.1335e+06	4.04975e+06	4.07825e+06	4.00825e+06	4.089e+06	
4.126e+06	4.043e+06	4.11975e+06	4.1305e+06	4.14675e+06	
4.0505e+06	4.0915e+06	4.0875e+06	4.133e+06	4.08625e+06	
3.91e+06	3.913e+06	3.92075e+06	3.95225e+06	3.97725e+06	
3.821e+06	3.7845e+06	3.82475e+06	3.823e+06	3.86075e+06	
3.554e+06	3.58475e+06	3.59675e+06	3.58675e+06	3.60675e+06	
3.312e+06	3.332e+06	3.3265e+06	3.358e+06	3.35225e+06	
3.22e+06	3.22875e+06	3.3025e+06	3.24825e+06	3.2715e+06	
3.37125e+06	3.33775e+06	3.3805e+06	3.37375e+06	3.332e+06	
3.74675e+06	3.80275e+06	3.76625e+06	3.8545e+06	3.8495e+06	
4.17525e+06	4.2005e+06	4.20675e+06	4.30375e+06	4.276e+06	
4.4235e+06	4.4815e+06	4.43675e+06	4.43725e+06	4.494e+06	
4.41775e+06	4.37175e+06	4.465e+06	4.41275e+06	4.4045e+06	
4.361e+06	4.39075e+06	4.4475e+06	4.438e+06	4.3845e+06	
4.47575e+06	4.419e+06	4.5545e+06	4.5785e+06	4.54325e+06	
4.52e+06	4.4935e+06	4.53825e+06	4.5515e+06	4.51875e+06	
4.31125e+06	4.2105e+06	4.208e+06	4.36225e+06	4.35675e+06	
4.26775e+06	4.225e+06	4.2615e+06	4.25775e+06	4.2955e+06	
4.4425e+06	4.431e+06	4.41025e+06	4.4305e+06	4.443e+06	
4.60675e+06	4.6e+06	4.59875e+06	4.637e+06	4.569e+06	
4.71075e+06	4.73175e+06	4.71275e+06	4.7115e+06	4.719e+06	
4.816e+06	4.6775e+06	4.864e+06	4.8185e+06	4.83625e+06	
4.98425e+06	4.97425e+06	5.00625e+06	5.051e+06	5.07375e+06	
5.0165e+06	4.97175e+06	5.04425e+06	4.98625e+06	5.08825e+06	
4.96975e+06	5.0575e+06	5.014e+06	5.07825e+06	5.04425e+06	
4.9465e+06	4.9565e+06	4.9585e+06	4.97675e+06	5.08525e+06	
4.89425e+06	4.908e+06	4.8715e+06	4.84125e+06	4.8955e+06	
4.72275e+06	4.70775e+06	4.75375e+06	4.76125e+06	4.80025e+06	
4.61875e+06	4.6055e+06	4.6465e+06	4.67175e+06	4.637e+06	
4.57025e+06	4.49225e+06	4.489e+06	4.5085e+06	4.5495e+06	
4.651e+06	4.77825e+06	4.73975e+06	4.709e+06	4.7e+06	
4.8325e+06	4.91e+06	4.85775e+06	4.932e+06	4.886e+06	
5.02525e+06	4.9105e+06	5.0095e+06	5.002e+06	4.94325e+06	
4.9485e+06	4.97675e+06	5.00775e+06	4.9825e+06	4.99e+06	
4.896e+06	4.8835e+06	4.925e+06	4.93325e+06	4.94025e+06	
5.099e+06	5.06425e+06	5.0695e+06	5.1205e+06	5.09575e+06	
5.24025e+06	5.239e+06	5.26925e+06	5.26725e+06	5.2535e+06	
5.3745e+06	5.46575e+06	5.43875e+06	5.426e+06	5.46325e+06	
5.42925e+06	5.392e+06	5.38575e+06	5.406e+06	5.494e+06	
5.55075e+06	5.57475e+06	5.56025e+06	5.583e+06	5.56025e+06	
5.57025e+06	5.54e+06	5.6295e+06	5.70825e+06	5.57225e+06	
5.5615e+06	5.5785e+06	5.489e+06	5.5545e+06	5.622e+06	
5.511e+06	5.52675e+06	5.4765e+06	5.4765e+06	5.46375e+06	
5.549e+06	5.50725e+06	5.5545e+06	5.56725e+06	5.6555e+06	
5.627e+06	5.59875e+06	5.641e+06	5.63325e+06	5.6435e+06	
5.63975e+06	5.7215e+06	5.6895e+06	5.70075e+06	5.6215e+06	
5.68825e+06	5.71525e+06	5.707e+06	5.74625e+06	5.73475e+06	
5.6175e+06	5.6655e+06	5.64775e+06	5.629e+06	5.6895e+06	
5.5255e+06	5.535e+06	5.41725e+06	5.45e+06	5.42975e+06	
5.3025e+06	5.27675e+06	5.41525e+06	5.3535e+06	5.36125e+06	
5.51675e+06	5.477e+06	5.4645e+06	5.5345e+06	5.5035e+06	
5.59875e+06	5.62525e+06	5.55525e+06	5.59e+06	5.58175e+06	
5.682e+06	5.69325e+06	5.71475e+06	5.7405e+06	5.7885e+06	
5.92325e+06	5.88925e+06	5.8855e+06	5.96725e+06	5.88925e+06	
5.987e+06	5.95275e+06	5.97925e+06	6.0355e+06	5.95725e+06	
5.837e+06	5.9725e+06	5.9345e+06	5.9465e+06	5.9605e+06	
6.024e+06	5.96675e+06	5.9775e+06	5.96675e+06	6.02225e+06	
5.93825e+06	5.915e+06	5.99625e+06	5.86475e+06	5.97175e+06	
5.917e+06	5.98825e+06	6.00275e+06	6.041e+06	5.9895e+06	
6.09975e+06	6.0235e+06	6.1325e+06	6.1355e+06	6.0525e+06	
6.06875e+06	6.00825e+06	6.186e+06	6.14125e+06	6.109e+06	
6.25475e+06	6.2295e+06	6.2415e+06	6.2535e+06	6.25475e+06	
6.38825e+06	6.4405e+06	6.46125e+06	6.394e+06	6.37825e+06	
6.28675e+06	6.23525e+06	6.3285e+06	6.409e+06	6.37575e+06	
6.14e+06	6.2225e+06	6.22575e+06	6.28625e+06	6.3365e+06	
6.2465e+06	6.32325e+06	6.3e+06	6.42925e+06	6.25525e+06	
6.1595e+06	6.0965e+06	6.18275e+06	6.17025e+06	6.1355e+06	
5.95275e+06	5.9585e+06	5.987e+06	6.0965e+06	6.002e+06	
5.75825e+06	5.79525e+06	5.71475e+06	5.842e+06	5.86075e+06	
5.88175e+06	5.876e+06	5.86275e+06	5.917e+06	5.90925e+06	
5.93825e+06	5.973e+06	5.98825e+06	6.03975e+06	5.963e+06	
6.18725e+06	6.18225e+06	6.1375e+06	6.2105e+06	6.14625e+06	
6.1065e+06	6.10475e+06	6.1905e+06	6.14825e+06	6.16525e+06	
6.11925e+06	6.03675e+06	6.12875e+06	6.10775e+06	6.14e+06	
6.10025e+06	6.0405e+06	6.077e+06	6.04725e+06	6.14075e+06	
6.256e+06	6.28675e+06	6.167e+06	6.31275e+06	6.21e+06	
6.30575e+06	6.22e+06	6.237e+06	6.3e+06	6.23775e+06	
6.3625e+06	6.3075e+06	6.3265e+06	6.33925e+06	6.38825e+06	
6.3285e+06	6.42975e+06	6.3095e+06	6.4425e+06	6.34175e+06	
6.31525e+06	6.462e+06	6.31775e+06	6.4135e+06	6.46525e+06	
6.49675e+06	6.55725e+06	6.472e+06	6.612e+06	6.544e+06	
6.35875e+06	6.45075e+06	6.38525e+06	6.44425e+06	6.4745e+06	
6.23575e+06	6.278e+06	6.27725e+06	6.37075e+06	6.3045e+06	
6.3285e+06	6.37075e+06	6.34425e+06	6.387e+06	6.30625e+06	
6.27425e+06	6.259e+06	6.34975e+06	6.35225e+06	6.36425e+06	
6.297e+06	6.4015e+06	6.428e+06	6.39575e+06	6.406e+06	
6.40775e+06	6.32025e+06	6.305e+06	6.38375e+06	6.3775e+06	
6.30375e+06	6.41525e+06	6.4065e+06	6.37125e+06	6.4135e+06	
6.46575e+06	6.54525e+06	6.392e+06	6.53325e+06	6.46e+06	
6.40975e+06	6.40725e+06	6.45875e+06	6.48275e+06	6.45375e+06	
6.58875e+06	6.57675e+06	6.682e+06	6.6335e+06	6.5665e+06	
6.55725e+06	6.6095e+06	6.61825e+06	6.69525e+06	6.66925e+06	
6.67175e+06	6.65925e+06	6.6095e+06	6.6725e+06	6.65975e+06	
6.794e+06	6.76325e+06	6.82425e+06	6.89125e+06	6.755e+06	
6.716e+06	6.7285e+06	6.767e+06	6.77525e+06	6.738e+06	
6.7045e+06	6.71975e+06	6.70075e+06	6.704e+06	6.72975e+06	
6.78075e+06	6.7715e+06	6.8375e+06	6.81925e+06	6.828e+06	
6.697e+06	6.69075e+06	6.77775e+06	6.74e+06	6.7675e+06	
6.7015e+06	6.72975e+06	6.6915e+06	6.72225e+06	6.702e+06	
6.60825e+06	6.646e+06	6.54275e+06	6.663e+06	6.59375e+06	
6.682e+06	6.62525e+06	6.6875e+06	6.6725e+06	6.65175e+06	
6.56475e+06	6.598e+06	6.573e+06	6.598e+06	6.55075e+06	
6.72725e+06	6.67625e+06	6.70975e+06	6.69825e+06	6.70725e+06	
6.72425e+06	6.73875e+06	6.74675e+06	6.8005e+06	6.7575e+06	
6.89675e+06	6.8855e+06	6.85025e+06	6.961e+06	6.9175e+06	
6.648e+06	6.68875e+06	6.73225e+06	6.7815e+06	6.6605e+06	
6.6775e+06	6.68125e+06	6.66625e+06	6.77575e+06	6.72225e+06	
6.721e+06	6.73925e+06	6.79025e+06	6.80475e+06	6.79275e+06	
6.87675e+06	6.8755e+06	6.927e+06	6.8885e+06	6.87475e+06	
6.92e+06	6.93325e+06	6.9825e+06	6.96475e+06	6.9145e+06	
6.92825e+06	6.8955e+06	6.92525e+06	6.94725e+06	6.89175e+06	
7.11425e+06	7.06825e+06	7.203e+06	7.1785e+06	7.186e+06	
7.03175e+06	7.04175e+06	7.1835e+06	7.21575e+06	7.176e+06	
7.171e+06	7.164e+06	7.123e+06	7.19225e+06	7.15775e+06	
7.04425e+06	7.10725e+06	7.1105e+06	7.1645e+06	7.03975e+06	
7.0405e+06	7.04925e+06	7.1035e+06	7.08525e+06	7.2125e+06	
6.85525e+06	6.97175e+06	7.0165e+06	6.94525e+06	7.0385e+06	
7.0695e+06	7.05425e+06	7.09275e+06	7.1665e+06	7.05625e+06	
7.113e+06	7.21875e+06	7.30825e+06	7.20925e+06	7.08975e+06	
7.33025e+06	7.35925e+06	7.3725e+06	7.48275e+06	7.42675e+06	
7.6725e+06	7.59875e+06	7.631e+06	7.685e+06	7.71725e+06	
7.67575e+06	7.65625e+06	7.735e+06	7.72975e+06	7.6945e+06	
7.58125e+06	7.6215e+06	7.6335e+06	7.689e+06	7.59625e+06	
7.47975e+06	7.46825e+06	7.54325e+06	7.63725e+06	7.54075e+06	
7.64975e+06	7.72975e+06	7.76325e+06	7.755e+06	7.73225e+06	
7.69275e+06	7.624e+06	7.75875e+06	7.7495e+06	7.682e+06	
7.9095e+06	7.84325e+06	7.84075e+06	7.95175e+06	7.9025e+06	
7.98825e+06	8.09525e+06	8.0625e+06	8.08775e+06	8.0235e+06	
8.0085e+06	8.009e+06	7.94925e+06	8.08475e+06	8.13075e+06	
8.06075e+06	8.07275e+06	8.13875e+06	8.08275e+06	8.10425e+06	
8.08075e+06	7.95175e+06	8.062e+06	8.0715e+06	8.1255e+06	
8.07575e+06	8.0525e+06	8.0135e+06	8.1255e+06	8.145e+06	
8.067e+06	8.07025e+06	8.157e+06	8.157e+06	8.11475e+06	
8.05575e+06	8.11925e+06	8.215e+06	8.09525e+06	8.1445e+06	
8.3265e+06	8.31725e+06	8.34425e+06	8.31075e+06	8.3795e+06	
8.48925e+06	8.404e+06	8.525e+06	8.575e+06	8.49475e+06	
8.66425e+06	8.7445e+06	8.73375e+06	8.78225e+06	8.7885e+06	
8.6865e+06	8.68525e+06	8.5635e+06	8.7765e+06	8.772e+06	
8.66825e+06	8.735e+06	8.832e+06	8.738e+06	8.8005e+06	
8.7985e+06	8.74575e+06	8.733e+06	8.653e+06	8.73675e+06	
9.08025e+06	8.98325e+06	9.09925e+06	9.06e+06	9.01225e+06	
9.057e+06	9.11425e+06	9.1545e+06	9.08275e+06	9.12125e+06	
8.99825e+06	9.07575e+06	9.01925e+06	9.035e+06	9.098e+06	
9.20625e+06	9.314e+06	9.31225e+06	9.26375e+06	9.37075e+06	
9.21325e+06	9.19425e+06	9.314e+06	9.32225e+06	9.2795e+06	
9.17025e+06	9.24525e+06	9.25925e+06	9.30275e+06	9.3355e+06	
9.3625e+06	9.39025e+06	9.40175e+06	9.47925e+06	9.37325e+06	
9.5655e+06	9.50425e+06	9.48975e+06	9.6555e+06	9.68325e+06	
9.624e+06	9.55275e+06	9.66575e+06	9.6815e+06	9.6265e+06	
9.61975e+06	9.74375e+06	9.72175e+06	9.74875e+06	9.75525e+06	
9.554e+06	9.4885e+06	9.5005e+06	9.6605e+06	9.48425e+06	
9.67075e+06	9.66325e+06	9.679e+06	9.6935e+06	9.78675e+06	
9.56925e+06	9.67825e+06	9.65e+06	9.735e+06	9.7375e+06	
9.728e+06	9.67e+06	9.65175e+06	9.786e+06	9.796e+06	
9.58125e+06	9.5295e+06	9.57925e+06	9.5585e+06	9.5755e+06	
9.7815e+06	9.798e+06	9.8075e+06	9.87875e+06	9.8485e+06	
9.6895e+06	9.522e+06	9.60075e+06	9.614e+06	9.648e+06	
9.4275e+06	9.40975e+06	9.32275e+06	9.4835e+06	9.48975e+06	
8.85775e+06	8.99525e+06	8.851e+06	8.8855e+06	8.931e+06	
8.61275e+06	8.418e+06	8.5995e+06	8.6315e+06	8.595e+06	
8.491e+06	8.49425e+06	8.43e+06	8.63025e+06	8.5775e+06	
8.8055e+06	8.80225e+06	8.79675e+06	8.89125e+06	8.762e+06	
9.2505e+06	9.142e+06	9.34425e+06	9.33175e+06	9.34875e+06	
9.423e+06	9.5005e+06	9.4615e+06	9.6095e+06	9.58425e+06	
9.8905e+06	9.93525e+06	9.87625e+06	9.9845e+06	9.984e+06	
9.963e+06	1.00155e+07	1.0055e+07	1.00495e+07	1.0038e+07	
9.99325e+06	9.863e+06	9.99025e+06	1.00665e+07	9.907e+06	
9.9675e+06	1.00292e+07	1.0062e+07	1.00708e+07	1.00885e+07	
1.0331e+07	1.0367e+07	1.04308e+07	1.04332e+07	1.04168e+07	
1.05622e+07	1.06285e+07	1.05775e+07	1.0711e+07	1.05598e+07	
1.0747e+07	1.08278e+07	1.07868e+07	1.09695e+07	1.08112e+07	
1.0679e+07	1.06782e+07	1.07068e+07	1.08528e+07	1.07558e+07	
1.08212e+07	1.07942e+07	1.08522e+07	1.08605e+07	1.09058e+07	
1.05845e+07	1.05862e+07	1.06948e+07	1.08485e+07	1.05768e+07	
1.05302e+07	1.049e+07	1.06095e+07	1.06475e+07	1.05125e+07	
1.04042e+07	1.02958e+07	1.03612e+07	1.05045e+07	1.03128e+07	
1.03678e+07	1.03512e+07	1.03045e+07	1.04532e+07	1.04428e+07	
1.05422e+07	1.06425e+07	1.0597e+07	1.06032e+07	1.0553e+07	
1.0803e+07	1.08522e+07	1.08672e+07	1.08912e+07	1.0948e+07	
1.0858e+07	1.0839e+07	1.09505e+07	1.10325e+07	1.09562e+07	
1.07835e+07	1.08842e+07	1.08642e+07	1.0946e+07	1.08755e+07	
1.0948e+07	1.10218e+07	1.09895e+07	1.1093e+07	1.10802e+07	
1.1222e+07	1.12228e+07	1.12958e+07	1.12472e+07	1.11502e+07	
1.13425e+07	1.1439e+07	1.14465e+07	1.14105e+07	1.13545e+07	
1.1362e+07	1.13375e+07	1.127e+07	1.13678e+07	1.12812e+07	
1.12228e+07	1.13312e+07	1.13135e+07	1.13532e+07	1.13708e+07	
1.1139e+07	1.13028e+07	1.1389e+07	1.15215e+07	1.14572e+07	
1.13298e+07	1.1275e+07	1.13848e+07	1.15025e+07	1.1454e+07	
1.13562e+07	1.14092e+07	1.13865e+07	1.14142e+07	1.14275e+07	
1.14465e+07	1.14432e+07	1.1442e+07	1.15542e+07	1.14035e+07	
1.15688e+07	1.15422e+07	1.15712e+07	1.16562e+07	1.15505e+07	
1.14975e+07	1.14232e+07	1.1483e+07	1.15278e+07	1.15612e+07	
1.12455e+07	1.10955e+07	1.13758e+07	1.12852e+07	1.12795e+07	
1.10645e+07	1.12498e+07	1.11012e+07	1.1159e+07	1.10985e+07	
1.105e+07	1.1122e+07	1.10015e+07	1.1137e+07	1.12178e+07	
1.12272e+07	1.11635e+07	1.12725e+07	1.12812e+07	1.13218e+07	
1.15032e+07	1.1442e+07	1.13508e+07	1.14238e+07	1.13885e+07	
1.12372e+07	1.13438e+07	1.13538e+07	1.1321e+07	1.1505e+07	
1.11352e+07	1.11912e+07	1.12102e+07	1.1321e+07	1.12708e+07	
1.11018e+07	1.09828e+07	1.1009e+07	1.09928e+07	1.10722e+07	
1.09065e+07	1.09028e+07	1.09708e+07	1.10432e+07	1.09712e+07	
1.10458e+07	1.10305e+07	1.0904e+07	1.09682e+07	1.10275e+07	
1.08132e+07	1.08932e+07	1.08958e+07	1.0863e+07	1.1004e+07	
1.0897e+07	1.08195e+07	1.09045e+07	1.09385e+07	1.09322e+07	
1.09145e+07	1.08812e+07	1.10065e+07	1.10565e+07	1.0994e+07	
1.11975e+07	1.12182e+07	1.11502e+07	1.12692e+07	1.12132e+07	
1.1248e+07	1.13098e+07	1.12858e+07	1.13065e+07	1.14482e+07	
1.1229e+07	1.12132e+07	1.13848e+07	1.13342e+07	1.1406e+07	
1.12178e+07	1.1125e+07	1.11962e+07	1.1352e+07	1.1243e+07	
1.10702e+07	1.11068e+07	1.11162e+07	1.12348e+07	1.12272e+07	
1.12788e+07	1.12132e+07	1.12838e+07	1.14258e+07	1.12852e+07	
1.13695e+07	1.13362e+07	1.13392e+07	1.13848e+07	1.1529e+07	
1.1461e+07	1.1546e+07	1.1536e+07	1.16218e+07	1.15795e+07	
1.17578e+07	1.17362e+07	1.1742e+07	1.19342e+07	1.1861e+07	
1.17458e+07	1.17805e+07	1.18138e+07	1.19335e+07	1.18402e+07	
1.19418e+07	1.18838e+07	1.18875e+07	1.19878e+07	1.20432e+07	
1.17388e+07	1.14918e+07	1.16468e+07	1.17225e+07	1.17722e+07	
1.1645e+07	1.15788e+07	1.16795e+07	1.17818e+07	1.15895e+07	
1.1556e+07	1.14005e+07	1.13898e+07	1.14402e+07	1.14375e+07	
1.13235e+07	1.12638e+07	1.13538e+07	1.14578e+07	1.143e+07	
1.12725e+07	1.1236e+07	1.1287e+07	1.13562e+07	1.15025e+07	
1.1316e+07	1.1476e+07	1.13205e+07	1.143e+07	1.14842e+07	
1.16588e+07	1.17678e+07	1.16922e+07	1.17912e+07	1.17672e+07	
1.1759e+07	1.17218e+07	1.17615e+07	1.17955e+07	1.18295e+07	
1.16985e+07	1.16758e+07	1.16972e+07	1.18345e+07	1.1803e+07	
1.1631e+07	1.16468e+07	1.16852e+07	1.17792e+07	1.16835e+07	
1.14705e+07	1.15932e+07	1.1602e+07	1.172e+07	1.16928e+07	
1.15322e+07	1.1551e+07	1.15838e+07	1.165e+07	1.15712e+07	
1.15995e+07	1.1691e+07	1.17005e+07	1.18282e+07	1.17018e+07	
1.19235e+07	1.19475e+07	1.20325e+07	1.20822e+07	1.20338e+07	
1.174e+07	1.18332e+07	1.17835e+07	1.18995e+07	1.19185e+07	
1.16178e+07	1.17388e+07	1.17432e+07	1.1875e+07	1.18252e+07	
1.1713e+07	1.18435e+07	1.18485e+07	1.18718e+07	1.18912e+07	
1.15655e+07	1.1674e+07	1.16878e+07	1.16795e+07	1.16532e+07	
1.13745e+07	1.14168e+07	1.159e+07	1.1628e+07	1.14925e+07	
1.15662e+07	1.16128e+07	1.16388e+07	1.16952e+07	1.15928e+07	
1.13222e+07	1.1548e+07	1.13702e+07	1.14192e+07	1.14035e+07	
1.1234e+07	1.13318e+07	1.13582e+07	1.14332e+07	1.13848e+07	
1.13355e+07	1.1367e+07	1.13462e+07	1.14402e+07	1.1389e+07	
1.13115e+07	1.1498e+07	1.13778e+07	1.1466e+07	1.1512e+07	
1.15862e+07	1.15315e+07	1.158e+07	1.16045e+07	1.16778e+07	
1.14862e+07	1.14995e+07	1.1558e+07	1.15535e+07	1.1558e+07	
1.1427e+07	1.1531e+07	1.14332e+07	1.14785e+07	1.14362e+07	
1.09028e+07	1.0931e+07	1.08768e+07	1.1062e+07	1.10355e+07	
1.04395e+07	1.04395e+07	1.04992e+07	1.0682e+07	1.05145e+07	
1.0263e+07	1.02572e+07	1.03632e+07	1.0265e+07	1.02838e+07	
1.04478e+07	1.04162e+07	1.03322e+07	1.04508e+07	1.05845e+07	
1.04698e+07	1.07292e+07	1.0561e+07	1.06052e+07	1.06418e+07	
1.06675e+07	1.06235e+07	1.06582e+07	1.06285e+07	1.07288e+07	
1.0616e+07	1.06248e+07	1.06462e+07	1.06858e+07	1.07218e+07	
1.08842e+07	1.09525e+07	1.0931e+07	1.10432e+07	1.09998e+07	
1.10538e+07	1.09852e+07	1.10652e+07	1.11648e+07	1.10918e+07	
1.12575e+07	1.1294e+07	1.1287e+07	1.13972e+07	1.1389e+07	
1.14748e+07	1.14805e+07	1.16292e+07	1.14995e+07	1.16218e+07	
1.15398e+07	1.16222e+07	1.15838e+07	1.16758e+07	1.1696e+07	
1.1611e+07	1.1631e+07	1.16948e+07	1.17055e+07	1.1761e+07	
1.16708e+07	1.17582e+07	1.17748e+07	1.17552e+07	1.18712e+07	
1.1834e+07	1.17212e+07	1.1757e+07	1.17325e+07	1.18095e+07	
1.18875e+07	1.18435e+07	1.1803e+07	1.19285e+07	1.19492e+07	
1.196e+07	1.1737e+07	1.19065e+07	1.20118e+07	1.1916e+07	
1.18195e+07	1.16985e+07	1.17955e+07	1.19725e+07	1.17885e+07	
1.16828e+07	1.16588e+07	1.17652e+07	1.16808e+07	1.17452e+07	
1.18215e+07	1.15742e+07	1.173e+07	1.16392e+07	1.17105e+07	
1.17772e+07	1.19052e+07	1.1919e+07	1.20048e+07	1.19695e+07	
1.21328e+07	1.2045e+07	1.20855e+07	1.2151e+07	1.2088e+07	
1.21908e+07	1.22625e+07	1.22418e+07	1.23355e+07	1.23445e+07	
1.22145e+07	1.21722e+07	1.22972e+07	1.23632e+07	1.23728e+07	
1.2415e+07	1.2221e+07	1.2316e+07	1.23815e+07	1.2221e+07	
1.22128e+07	1.23218e+07	1.2209e+07	1.22128e+07	1.23802e+07	
1.2204e+07	1.21912e+07	1.21648e+07	1.23288e+07	1.2379e+07	
1.19858e+07	1.18958e+07	1.19998e+07	1.22158e+07	1.2074e+07	
1.16322e+07	1.17458e+07	1.17312e+07	1.17055e+07	1.17085e+07	
1.12095e+07	1.11415e+07	1.1277e+07	1.12642e+07	1.13065e+07	
1.13072e+07	1.13532e+07	1.13532e+07	1.14218e+07	1.13442e+07	
1.14262e+07	1.14088e+07	1.15492e+07	1.15075e+07	1.15278e+07	
1.16475e+07	1.16658e+07	1.1715e+07	1.1778e+07	1.1771e+07	
1.19348e+07	1.18302e+07	1.2023e+07	1.20028e+07	1.20482e+07	
1.21692e+07	1.211e+07	1.21818e+07	1.23002e+07	1.22808e+07	
1.23608e+07	1.24365e+07	1.24602e+07	1.24572e+07	1.24258e+07	
1.25738e+07	1.25562e+07	1.25208e+07	1.2621e+07	1.25618e+07	
1.2386e+07	1.2483e+07	1.2413e+07	1.2553e+07	1.25448e+07	
1.24352e+07	1.25278e+07	1.24352e+07	1.2589e+07	1.24805e+07	
1.24855e+07	1.24258e+07	1.23392e+07	1.25548e+07	1.2594e+07	
1.25812e+07	1.25082e+07	1.26778e+07	1.26455e+07	1.26098e+07	
1.25995e+07	1.2664e+07	1.25365e+07	1.26115e+07	1.27068e+07	
1.26658e+07	1.26148e+07	1.27938e+07	1.2769e+07	1.27768e+07	
1.2664e+07	1.26595e+07	1.26778e+07	1.28e+07	1.26752e+07	
1.2427e+07	1.24232e+07	1.2398e+07	1.23835e+07	1.24245e+07	
1.21472e+07	1.20802e+07	1.21912e+07	1.22248e+07	1.20275e+07	
1.2025e+07	1.1994e+07	1.19305e+07	1.20462e+07	1.20342e+07	
1.197e+07	1.1938e+07	1.19972e+07	1.20672e+07	1.1989e+07	
1.2139e+07	1.21195e+07	1.2175e+07	1.2284e+07	1.22605e+07	
1.21012e+07	1.2214e+07	1.22302e+07	1.2275e+07	1.22095e+07	
1.22788e+07	1.22102e+07	1.22758e+07	1.2304e+07	1.22985e+07	
1.21345e+07	1.22228e+07	1.2289e+07	1.22662e+07	1.23562e+07	
1.2342e+07	1.23785e+07	1.24068e+07	1.24358e+07	1.24118e+07	
1.2425e+07	1.25158e+07	1.2551e+07	1.25302e+07	1.24742e+07	
1.26165e+07	1.26022e+07	1.26052e+07	1.2618e+07	1.26078e+07	
1.2461e+07	1.25245e+07	1.2531e+07	1.26185e+07	1.25245e+07	
1.242e+07	1.24465e+07	1.23702e+07	1.2437e+07	1.23985e+07	
1.204e+07	1.2158e+07	1.21225e+07	1.22985e+07	1.2255e+07	
1.21672e+07	1.2214e+07	1.22808e+07	1.23118e+07	1.22525e+07	
1.21988e+07	1.21685e+07	1.2192e+07	1.2347e+07	1.23118e+07	
1.21875e+07	1.22385e+07	1.2219e+07	1.22625e+07	1.2284e+07	
1.23628e+07	1.23192e+07	1.23525e+07	1.24552e+07	1.241e+07	
1.22505e+07	1.22642e+07	1.234e+07	1.242e+07	1.2338e+07	
1.21855e+07	1.2219e+07	1.23015e+07	1.2282e+07	1.22952e+07	
1.22658e+07	1.22568e+07	1.23445e+07	1.23172e+07	1.23968e+07	
1.21315e+07	1.20148e+07	1.21485e+07	1.21378e+07	1.21888e+07	
1.1895e+07	1.1895e+07	1.20425e+07	1.19608e+07	1.1919e+07	
1.17268e+07	1.1725e+07	1.17528e+07	1.18535e+07	1.18062e+07	
1.1648e+07	1.16898e+07	1.17362e+07	1.17452e+07	1.17772e+07	
1.1689e+07	1.17362e+07	1.1803e+07	1.19078e+07	1.18768e+07	
1.18328e+07	1.1691e+07	1.1895e+07	1.1822e+07	1.18522e+07	
1.2033e+07	1.1994e+07	1.1982e+07	1.20445e+07	1.19782e+07	
1.18372e+07	1.19165e+07	1.19405e+07	1.19695e+07	1.19625e+07	
1.18302e+07	1.17728e+07	1.19198e+07	1.19368e+07	1.19645e+07	
1.2059e+07	1.20558e+07	1.20578e+07	1.21062e+07	1.20318e+07	
1.18762e+07	1.1907e+07	1.19272e+07	1.18845e+07	1.19965e+07	
1.20735e+07	1.20565e+07	1.20212e+07	1.20818e+07	1.20318e+07	
1.19815e+07	1.2098e+07	1.21742e+07	1.20918e+07	1.21478e+07	
1.21182e+07	1.21145e+07	1.2125e+07	1.21685e+07	1.21888e+07	
1.20595e+07	1.19865e+07	1.2059e+07	1.2057e+07	1.20602e+07	
1.22278e+07	1.21515e+07	1.2275e+07	1.22372e+07	1.21382e+07	
1.22235e+07	1.2197e+07	1.22322e+07	1.2401e+07	1.23412e+07	
1.20665e+07	1.20578e+07	1.20798e+07	1.20922e+07	1.2059e+07	
1.20515e+07	1.21e+07	1.21092e+07	1.21308e+07	1.21975e+07	
1.21672e+07	1.20728e+07	1.20735e+07	1.2224e+07	1.21698e+07	
1.21238e+07	1.19765e+07	1.20698e+07	1.20685e+07	1.21775e+07	
1.19202e+07	1.20848e+07	1.20395e+07	1.21528e+07	1.20458e+07	
1.18655e+07	1.17375e+07	1.1798e+07	1.19342e+07	1.1955e+07	
1.18138e+07	1.17465e+07	1.17042e+07	1.17362e+07	1.18895e+07	
1.17938e+07	1.1841e+07	1.17648e+07	1.18762e+07	1.18502e+07	
1.18908e+07	1.18838e+07	1.18572e+07	1.181e+07	1.20595e+07	
1.18995e+07	1.19165e+07	1.19695e+07	1.19998e+07	1.19928e+07	
1.205e+07	1.20085e+07	1.17842e+07	1.20488e+07	1.18832e+07	
1.19815e+07	1.19285e+07	1.20438e+07	1.20922e+07	1.20155e+07	
1.1912e+07	1.189e+07	1.19985e+07	1.20338e+07	1.20652e+07	
1.19518e+07	1.1933e+07	1.19865e+07	1.20388e+07	1.20992e+07	
1.19512e+07	1.19028e+07	1.19468e+07	1.20288e+07	1.19902e+07	
1.18572e+07	1.19372e+07	1.1858e+07	1.19422e+07	1.18775e+07	
1.19028e+07	1.18018e+07	1.17698e+07	1.1948e+07	1.1941e+07	
1.17005e+07	1.18945e+07	1.18768e+07	1.19058e+07	1.19368e+07	
1.1977e+07	1.19815e+07	1.1991e+07	1.20558e+07	1.20068e+07	
1.19052e+07	1.19928e+07	1.1909e+07	1.20608e+07	1.20168e+07	
1.17885e+07	1.1892e+07	1.18738e+07	1.19612e+07	1.17898e+07	
1.19058e+07	1.18228e+07	1.187e+07	1.20458e+07	1.18498e+07	
1.19148e+07	1.1795e+07	1.18112e+07	1.18535e+07	1.18978e+07	
1.1783e+07	1.17188e+07	1.18555e+07	1.1945e+07	1.18875e+07	
1.1829e+07	1.1829e+07	1.18862e+07	1.19398e+07	1.20275e+07	
1.1974e+07	1.19712e+07	1.1977e+07	1.2059e+07	1.20172e+07	
1.19898e+07	1.20375e+07	1.20408e+07	1.2052e+07	1.21605e+07	
1.20358e+07	1.20375e+07	1.19752e+07	1.20628e+07	1.19965e+07	
1.19468e+07	1.19878e+07	1.2045e+07	1.20645e+07	1.2105e+07	
1.19235e+07	1.17018e+07	1.18308e+07	1.1858e+07	1.18622e+07	
1.1788e+07	1.18812e+07	1.18978e+07	1.18705e+07	1.19052e+07	
1.15812e+07	1.16305e+07	1.16562e+07	1.17768e+07	1.1793e+07	
1.15492e+07	1.15398e+07	1.1602e+07	1.15775e+07	1.16468e+07	
1.14528e+07	1.1495e+07	1.14805e+07	1.17048e+07	1.16002e+07	
1.1672e+07	1.15398e+07	1.16102e+07	1.15825e+07	1.16098e+07	
1.15638e+07	1.14905e+07	1.15568e+07	1.16645e+07	1.166e+07	
1.15232e+07	1.15618e+07	1.15952e+07	1.16878e+07	1.15738e+07	
1.12958e+07	1.12e+07	1.12945e+07	1.13488e+07	1.13255e+07	
1.1202e+07	1.11905e+07	1.13418e+07	1.1314e+07	1.1345e+07	
1.1159e+07	1.12128e+07	1.13248e+07	1.1176e+07	1.1224e+07	
1.128e+07	1.12348e+07	1.13222e+07	1.13822e+07	1.13272e+07	
1.12285e+07	1.13362e+07	1.13412e+07	1.13942e+07	1.1367e+07	
1.13998e+07	1.14578e+07	1.15062e+07	1.16368e+07	1.15202e+07	
1.16412e+07	1.1551e+07	1.15812e+07	1.17175e+07	1.16425e+07	
1.1616e+07	1.16632e+07	1.16878e+07	1.17255e+07	1.1665e+07	
1.15518e+07	1.15278e+07	1.15428e+07	1.1696e+07	1.15795e+07	
1.13558e+07	1.15145e+07	1.1439e+07	1.14325e+07	1.14515e+07	
1.14338e+07	1.1357e+07	1.1592e+07	1.14692e+07	1.16558e+07	
1.1357e+07	1.1507e+07	1.15572e+07	1.15598e+07	1.15468e+07	
1.14428e+07	1.15138e+07	1.15692e+07	1.1665e+07	1.1631e+07	
1.1674e+07	1.15625e+07	1.1682e+07	1.16222e+07	1.16185e+07	
1.15808e+07	1.1616e+07	1.15315e+07	1.1672e+07	1.16098e+07	
1.13852e+07	1.15208e+07	1.15455e+07	1.1563e+07	1.14912e+07	
1.16518e+07	1.15125e+07	1.14975e+07	1.15742e+07	1.16085e+07	
1.14818e+07	1.15112e+07	1.15718e+07	1.15845e+07	1.16178e+07	
1.1415e+07	1.13615e+07	1.14692e+07	1.1553e+07	1.1604e+07	
1.13418e+07	1.1367e+07	1.14432e+07	1.15008e+07	1.14105e+07	
1.1393e+07	1.13002e+07	1.13218e+07	1.14112e+07	1.12795e+07	
1.1309e+07	1.1154e+07	1.11868e+07	1.13272e+07	1.13658e+07	
1.11975e+07	1.1151e+07	1.13135e+07	1.13728e+07	1.13815e+07	
1.1318e+07	1.13772e+07	1.14155e+07	1.14755e+07	1.14275e+07	
1.14288e+07	1.13835e+07	1.1495e+07	1.15888e+07	1.14535e+07	
1.15112e+07	1.1534e+07	1.14022e+07	1.15755e+07	1.1611e+07	
1.13482e+07	1.15278e+07	1.14925e+07	1.15908e+07	1.1481e+07	
1.12978e+07	1.14295e+07	1.12285e+07	1.14282e+07	1.13758e+07	
1.1234e+07	1.12775e+07	1.12165e+07	1.13442e+07	1.12865e+07	
1.12178e+07	1.1234e+07	1.1275e+07	1.13028e+07	1.1297e+07	
1.11862e+07	1.12455e+07	1.12928e+07	1.14138e+07	1.13758e+07	
1.1171e+07	1.1134e+07	1.12472e+07	1.11352e+07	1.12958e+07	
1.11535e+07	1.11238e+07	1.1183e+07	1.1142e+07	1.12782e+07	
1.1093e+07	1.11282e+07	1.12468e+07	1.12688e+07	1.12562e+07	
1.09828e+07	1.10565e+07	1.10892e+07	1.1035e+07	1.10578e+07	
1.09468e+07	1.09828e+07	1.0861e+07	1.09505e+07	1.10778e+07	
1.10312e+07	1.08585e+07	1.1006e+07	1.09878e+07	1.10065e+07	
1.10702e+07	1.11208e+07	1.1038e+07	1.11238e+07	1.12195e+07	
1.12128e+07	1.10852e+07	1.1132e+07	1.12838e+07	1.11982e+07	
1.1355e+07	1.12195e+07	1.12562e+07	1.13878e+07	1.13942e+07	
1.11055e+07	1.12252e+07	1.12692e+07	1.1309e+07	1.13902e+07	
1.13948e+07	1.14118e+07	1.13985e+07	1.14382e+07	1.14112e+07	
1.13085e+07	1.12228e+07	1.12692e+07	1.13588e+07	1.14042e+07	
1.12385e+07	1.12442e+07	1.12838e+07	1.1406e+07	1.13028e+07	
1.12252e+07	1.1287e+07	1.13985e+07	1.13375e+07	1.1386e+07	
1.12405e+07	1.1134e+07	1.1209e+07	1.12298e+07	1.11838e+07	
1.11238e+07	1.12485e+07	1.11308e+07	1.12542e+07	1.12782e+07	
1.1028e+07	1.1052e+07	1.11118e+07	1.11188e+07	1.1062e+07	
1.09538e+07	1.10135e+07	1.1018e+07	1.10085e+07	1.1045e+07	
1.0994e+07	1.09895e+07	1.10135e+07	1.10905e+07	1.0963e+07	
1.09512e+07	1.09908e+07	1.10222e+07	1.10715e+07	1.1117e+07	
1.10022e+07	1.09198e+07	1.11055e+07	1.09845e+07	1.09712e+07	
1.09858e+07	1.09512e+07	1.09928e+07	1.1137e+07	1.11328e+07	
1.10218e+07	1.09082e+07	1.10085e+07	1.0994e+07	1.09985e+07	
1.08515e+07	1.10135e+07	1.09675e+07	1.09998e+07	1.1013e+07	
1.0825e+07	1.08618e+07	1.08295e+07	1.08718e+07	1.08138e+07	
1.09078e+07	1.07652e+07	1.08585e+07	1.09845e+07	1.07988e+07	
1.06915e+07	1.0674e+07	1.0788e+07	1.07872e+07	1.07002e+07	
1.06425e+07	1.07242e+07	1.07685e+07	1.07835e+07	1.07922e+07	
1.0827e+07	1.07785e+07	1.09342e+07	1.09e+07	1.1016e+07	
1.08315e+07	1.08018e+07	1.0907e+07	1.09808e+07	1.08888e+07	
1.07582e+07	1.0832e+07	1.0832e+07	1.0832e+07	1.09782e+07	
1.0868e+07	1.08995e+07	1.09782e+07	1.08315e+07	1.0933e+07	
1.0837e+07	1.07935e+07	1.0846e+07	1.0924e+07	1.09095e+07	
1.08742e+07	1.07855e+07	1.09368e+07	1.0917e+07	1.08805e+07	
1.09065e+07	1.0902e+07	1.08912e+07	1.10305e+07	1.0953e+07	
1.0827e+07	1.08692e+07	1.10192e+07	1.0868e+07	1.08958e+07	
1.09638e+07	1.0982e+07	1.08908e+07	1.10222e+07	1.10432e+07	
1.10028e+07	1.0846e+07	1.09795e+07	1.11245e+07	1.10048e+07	
1.09342e+07	1.09392e+07	1.09895e+07	1.10488e+07	1.09625e+07	
1.10438e+07	1.08788e+07	1.09202e+07	1.09442e+07	1.1042e+07	
1.09248e+07	1.08485e+07	1.08415e+07	1.09638e+07	1.0883e+07	
1.09828e+07	1.08825e+07	1.09145e+07	1.09795e+07	1.09505e+07	
1.08182e+07	1.08308e+07	1.08395e+07	1.08415e+07	1.08535e+07	
1.08522e+07	1.08232e+07	1.08485e+07	1.08212e+07	1.08498e+07	
1.07042e+07	1.06505e+07	1.07055e+07	1.0812e+07	1.07898e+07	
1.0507e+07	1.05485e+07	1.0517e+07	1.07068e+07	1.05845e+07	
1.0512e+07	1.05162e+07	1.04552e+07	1.0599e+07	1.0529e+07	
1.03582e+07	1.03898e+07	1.04308e+07	1.04805e+07	1.04855e+07	
1.03928e+07	1.0454e+07	1.04515e+07	1.05132e+07	1.049e+07	
1.06198e+07	1.04635e+07	1.05585e+07	1.0558e+07	1.0549e+07	
1.03765e+07	1.0454e+07	1.0437e+07	1.04835e+07	1.04628e+07	
1.03272e+07	1.04412e+07	1.04565e+07	1.0449e+07	1.04338e+07	
1.03915e+07	1.03835e+07	1.03115e+07	1.0503e+07	1.04288e+07	
1.02725e+07	1.01118e+07	1.02618e+07	1.01478e+07	1.02328e+07	
9.97125e+06	9.8e+06	9.88425e+06	9.9895e+06	9.9195e+06	
9.68325e+06	9.5635e+06	9.6165e+06	9.7395e+06	9.67775e+06	
9.4595e+06	9.24225e+06	9.38725e+06	9.42875e+06	9.31775e+06	
9.19425e+06	9.19675e+06	9.2125e+06	9.29825e+06	9.246e+06	
9.324e+06	9.3505e+06	9.374e+06	9.37e+06	9.33425e+06	
9.45075e+06	9.44075e+06	9.44625e+06	9.462e+06	9.34925e+06	
9.541e+06	9.5415e+06	9.5025e+06	9.70025e+06	9.6265e+06	
9.56175e+06	9.5775e+06	9.5465e+06	9.55975e+06	9.6165e+06	
9.66325e+06	9.7135e+06	9.63475e+06	9.708e+06	9.752e+06	
9.70025e+06	9.63675e+06	9.63975e+06	9.58875e+06	9.73675e+06	
9.59125e+06	9.73375e+06	9.784e+06	9.728e+06	9.7545e+06	
9.66625e+06	9.7135e+06	9.771e+06	9.745e+06	9.713e+06	
9.58125e+06	9.6405e+06	9.61525e+06	9.745e+06	9.723e+06	
9.803e+06	9.711e+06	9.6355e+06	9.813e+06	9.74575e+06	
9.658e+06	9.7355e+06	9.84975e+06	9.786e+06	9.7495e+06	
9.67e+06	9.629e+06	9.643e+06	9.5635e+06	9.6965e+06	
9.6185e+06	9.64175e+06	9.69075e+06	9.65875e+06	9.69475e+06	
9.59325e+06	9.5975e+06	9.56475e+06	9.805e+06	9.648e+06	
9.65e+06	9.488e+06	9.5685e+06	9.51875e+06	9.61275e+06	
9.41875e+06	9.474e+06	9.49425e+06	9.4905e+06	9.4885e+06	
9.51075e+06	9.48975e+06	9.43125e+06	9.5025e+06	9.48975e+06	
9.49625e+06	9.529e+06	9.46525e+06	9.74075e+06	9.6335e+06	
9.55675e+06	9.619e+06	9.643e+06	9.7065e+06	9.5875e+06	
9.61775e+06	9.679e+06	9.597e+06	9.55975e+06	9.73625e+06	
9.6015e+06	9.61275e+06	9.537e+06	9.60325e+06	9.575e+06	
9.5025e+06	9.60325e+06	9.6215e+06	9.713e+06	9.6235e+06	
9.51075e+06	9.5055e+06	9.5515e+06	9.64175e+06	9.65875e+06	
9.35175e+06	9.43325e+06	9.52825e+06	9.5e+06	9.435e+06	
9.47275e+06	9.69275e+06	9.4665e+06	9.59625e+06	9.43875e+06	
9.4395e+06	9.449e+06	9.4375e+06	9.5315e+06	9.44125e+06	
9.481e+06	9.413e+06	9.466e+06	9.546e+06	9.5315e+06	
9.40175e+06	9.52525e+06	9.44e+06	9.505e+06	9.549e+06	
9.47475e+06	9.459e+06	9.44325e+06	9.592e+06	9.4685e+06	
9.389e+06	9.4615e+06	9.54725e+06	9.47725e+06	9.43e+06	
9.47225e+06	9.34925e+06	9.4255e+06	9.454e+06	9.40475e+06	
9.42625e+06	9.36075e+06	9.6e+06	9.5805e+06	9.493e+06	
9.22025e+06	9.229e+06	9.32975e+06	9.384e+06	9.3165e+06	
9.34875e+06	9.34675e+06	9.38075e+06	9.454e+06	9.3645e+06	
9.36e+06	9.241e+06	9.31525e+06	9.30975e+06	9.258e+06	
9.331e+06	9.33725e+06	9.2675e+06	9.367e+06	9.34625e+06	
9.217e+06	9.328e+06	9.33425e+06	9.29825e+06	9.4345e+06	
9.29575e+06	9.26875e+06	9.30525e+06	9.35e+06	9.3715e+06	
9.38025e+06	9.394e+06	9.3355e+06	9.54475e+06	9.49225e+06	
9.469e+06	9.42675e+06	9.4515e+06	9.585e+06	9.583e+06	
9.36e+06	9.4325e+06	9.454e+06	9.544e+06	9.4255e+06	
9.43e+06	9.44625e+06	9.471e+06	9.5225e+06	9.5555e+06	
9.52e+06	9.3045e+06	9.503e+06	9.51825e+06	9.495e+06	
9.39225e+06	9.428e+06	9.45775e+06	9.541e+06	9.505e+06	
9.498e+06	9.39275e+06	9.469e+06	9.40975e+06	9.48475e+06	
9.36825e+06	9.43825e+06	9.3595e+06	9.48675e+06	9.483e+06	
9.32225e+06	9.3215e+06	9.4375e+06	9.3385e+06	9.47975e+06	
9.25425e+06	9.40725e+06	9.3385e+06	9.379e+06	9.30325e+06	
9.40925e+06	9.31525e+06	9.399e+06	9.45075e+06	9.4495e+06	
9.39525e+06	9.3595e+06	9.324e+06	9.49875e+06	9.33225e+06	
9.29525e+06	9.36075e+06	9.34625e+06	9.3305e+06	9.3525e+06	
9.362e+06	9.26175e+06	9.3625e+06	9.4055e+06	9.384e+06	
9.212e+06	9.20875e+06	9.2605e+06	9.40675e+06	9.30075e+06	
9.22525e+06	9.24725e+06	9.2415e+06	9.28875e+06	9.253e+06	
9.17675e+06	9.20375e+06	9.26675e+06	9.2145e+06	9.3455e+06	
9.1715e+06	9.17675e+06	9.234e+06	9.30525e+06	9.25475e+06	
9.19625e+06	9.0695e+06	9.217e+06	9.22325e+06	9.21125e+06	
9.23975e+06	9.11875e+06	9.14825e+06	9.282e+06	9.21375e+06	
9.152e+06	9.14525e+06	9.15525e+06	9.1875e+06	9.1835e+06	
9.10725e+06	9.033e+06	9.06825e+06	9.11875e+06	9.12125e+06	
9.0495e+06	8.96125e+06	9.06575e+06	9.1375e+06	9.091e+06	
9.144e+06	9.1545e+06	9.16275e+06	9.1495e+06	9.164e+06	
9.08725e+06	9.0935e+06	9.17425e+06	9.19425e+06	9.15525e+06	
9.10425e+06	9.05375e+06	8.96925e+06	9.15975e+06	9.1035e+06	
9.142e+06	8.994e+06	9.067e+06	9.09475e+06	9.1035e+06	
9.12425e+06	9.016e+06	9.09725e+06	9.10925e+06	9.15775e+06	
9.00775e+06	8.96425e+06	9.00475e+06	9.01225e+06	9.13375e+06	
8.8975e+06	8.922e+06	8.99025e+06	9.09725e+06	9.1055e+06	
8.91e+06	8.8875e+06	8.95475e+06	8.90625e+06	9.01775e+06	
8.87225e+06	8.92025e+06	8.8395e+06	8.8685e+06	8.907e+06	
8.80925e+06	8.7905e+06	8.84325e+06	9.01225e+06	8.88625e+06	
8.82875e+06	8.8515e+06	8.917e+06	8.90325e+06	8.878e+06	
8.76275e+06	8.96125e+06	8.95225e+06	8.895e+06	8.85525e+06	
8.94675e+06	8.89625e+06	8.8905e+06	8.9825e+06	8.93225e+06	
8.851e+06	8.837e+06	8.755e+06	8.84525e+06	8.79475e+06	
8.68325e+06	8.70025e+06	8.66125e+06	8.86275e+06	8.79975e+06	
8.59325e+06	8.617e+06	8.675e+06	8.6795e+06	8.67575e+06	
8.544e+06	8.66175e+06	8.568e+06	8.711e+06	8.61525e+06	
8.60075e+06	8.689e+06	8.6065e+06	8.713e+06	8.71425e+06	
8.6145e+06	8.59875e+06	8.655e+06	8.74e+06	8.65675e+06	
8.716e+06	8.694e+06	8.7135e+06	8.73625e+06	8.692e+06	
8.73625e+06	8.7065e+06	8.8615e+06	8.7695e+06	8.808e+06	
8.77975e+06	8.65625e+06	8.69975e+06	8.837e+06	8.798e+06	
8.68575e+06	8.7475e+06	8.68525e+06	8.796e+06	8.7575e+06	
8.82375e+06	8.6725e+06	8.74325e+06	8.67e+06	8.815e+06	
8.72725e+06	8.69975e+06	8.84825e+06	8.70225e+06	8.75825e+06	
8.7615e+06	8.83575e+06	8.87925e+06	8.78275e+06	8.77325e+06	
8.8105e+06	8.716e+06	8.78475e+06	8.905e+06	8.87425e+06	
8.7035e+06	8.71425e+06	8.74825e+06	8.83775e+06	8.7985e+06	
8.776e+06	8.7015e+06	8.79475e+06	8.8515e+06	8.78025e+06	
8.67e+06	8.76575e+06	8.7595e+06	8.90325e+06	8.762e+06	
8.74375e+06	8.621e+06	8.65625e+06	8.70775e+06	8.67e+06	
8.63975e+06	8.619e+06	8.66175e+06	8.7085e+06	8.7785e+06	
8.658e+06	8.43875e+06	8.597e+06	8.6455e+06	8.61075e+06	
8.573e+06	8.53325e+06	8.5975e+06	8.59325e+06	8.65875e+06	
8.48725e+06	8.4935e+06	8.4765e+06	8.65675e+06	8.6315e+06	
8.52825e+06	8.537e+06	8.5485e+06	8.52125e+06	8.50625e+06	
8.48975e+06	8.53775e+06	8.53525e+06	8.53075e+06	8.4885e+06	
8.454e+06	8.41475e+06	8.48975e+06	8.4475e+06	8.48925e+06	
8.34675e+06	8.3435e+06	8.421e+06	8.367e+06	8.45525e+06	
8.27625e+06	8.1925e+06	8.348e+06	8.36625e+06	8.33475e+06	
8.2655e+06	8.23325e+06	8.2315e+06	8.31475e+06	8.2605e+06	
8.25475e+06	8.17675e+06	8.2585e+06	8.27175e+06	8.22275e+06	
8.1805e+06	8.14575e+06	8.1805e+06	8.29075e+06	8.1515e+06	
8.1345e+06	8.1615e+06	8.16275e+06	8.16225e+06	8.13825e+06	
8.13325e+06	8.13125e+06	8.164e+06	8.17925e+06	8.19375e+06	
8.0985e+06	8.195e+06	8.249e+06	8.22525e+06	8.237e+06	
8.17675e+06	8.24475e+06	8.166e+06	8.28575e+06	8.251e+06	
8.14325e+06	8.07775e+06	8.08775e+06	8.3115e+06	8.14e+06	
8.04675e+06	8.028e+06	8.11425e+06	8.154e+06	7.98325e+06	
8.0135e+06	8.0455e+06	7.93075e+06	8.00275e+06	7.9795e+06	
7.965e+06	7.9675e+06	7.93525e+06	8.0215e+06	8.02925e+06	
7.825e+06	7.8415e+06	7.8205e+06	7.994e+06	7.915e+06	
7.89625e+06	7.939e+06	7.9605e+06	7.97825e+06	8.007e+06	
7.9415e+06	7.9045e+06	7.93475e+06	7.89175e+06	7.97375e+06	
7.83125e+06	7.88675e+06	7.89e+06	7.92325e+06	7.8785e+06	
7.825e+06	7.806e+06	7.80475e+06	7.8495e+06	7.7665e+06	
7.86975e+06	7.825e+06	7.80675e+06	7.8925e+06	7.8805e+06	
7.769e+06	7.803e+06	7.86525e+06	7.89175e+06	7.8975e+06	
7.692e+06	7.786e+06	7.8375e+06	7.82625e+06	7.7235e+06	
7.73925e+06	7.699e+06	7.72175e+06	7.7425e+06	7.779e+06	
7.65925e+06	7.72925e+06	7.69825e+06	7.74425e+06	7.714e+06	
7.70275e+06	7.66175e+06	7.72425e+06	7.806e+06	7.677e+06	
7.7595e+06	7.72475e+06	7.67825e+06	7.72175e+06	7.67875e+06	
7.74625e+06	7.7165e+06	7.7185e+06	7.81e+06	7.76825e+06	
7.78775e+06	7.731e+06	7.76125e+06	7.866e+06	7.82625e+06	
7.58375e+06	7.64025e+06	7.5855e+06	7.69575e+06	7.6705e+06	
7.6825e+06	7.6215e+06	7.663e+06	7.7255e+06	7.721e+06	
7.5825e+06	7.62525e+06	7.66625e+06	7.72975e+06	7.677e+06	
7.578e+06	7.6315e+06	7.60075e+06	7.72975e+06	7.641e+06	
7.64425e+06	7.74825e+06	7.71025e+06	7.7235e+06	7.73925e+06	
7.711e+06	7.65625e+06	7.6605e+06	7.68375e+06	7.689e+06	
7.56025e+06	7.6745e+06	7.65875e+06	7.6385e+06	7.6485e+06	
7.53125e+06	7.481e+06	7.51425e+06	7.576e+06	7.59875e+06	
7.571e+06	7.53825e+06	7.4665e+06	7.55475e+06	7.5585e+06	
7.6e+06	7.549e+06	7.56425e+06	7.56025e+06	7.54075e+06	
7.59425e+06	7.52575e+06	7.50225e+06	7.56725e+06	7.6165e+06	
7.55225e+06	7.53325e+06	7.59e+06	7.54325e+06	7.6025e+06	
7.5805e+06	7.58925e+06	7.544e+06	7.64925e+06	7.5925e+06	
7.595e+06	7.57475e+06	7.593e+06	7.588e+06	7.52825e+06	
7.48225e+06	7.5415e+06	7.45575e+06	7.55725e+06	7.5395e+06	
7.5905e+06	7.3895e+06	7.5005e+06	7.5655e+06	7.503e+06	
7.40775e+06	7.4425e+06	7.52375e+06	7.6025e+06	7.559e+06	
7.26725e+06	7.31825e+06	7.38e+06	7.33025e+06	7.4405e+06	
7.39525e+06	7.3145e+06	7.35175e+06	7.46025e+06	7.43375e+06	
7.29875e+06	7.2805e+06	7.2895e+06	7.30325e+06	7.33475e+06	
7.2825e+06	7.2685e+06	7.28875e+06	7.314e+06	7.3025e+06	
7.22375e+06	7.13625e+06	7.20625e+06	7.239e+06	7.249e+06	
7.1645e+06	7.1135e+06	7.229e+06	7.2895e+06	7.16325e+06	
7.12175e+06	7.16975e+06	7.15525e+06	7.20425e+06	7.17975e+06	
7.1035e+06	7.05675e+06	7.196e+06	7.1375e+06	7.0725e+06	
7.0815e+06	7.1035e+06	7.067e+06	7.096e+06	7.16075e+06	
7.1055e+06	7.133e+06	7.2e+06	7.13425e+06	7.19875e+06	
7.009e+06	7.0625e+06	7.08275e+06	7.094e+06	7.23525e+06	
7.0115e+06	7.077e+06	7.10725e+06	7.23025e+06	7.11975e+06	
7.055e+06	7.1375e+06	7.06875e+06	7.18925e+06	7.05625e+06	
7.08075e+06	7.06375e+06	7.04175e+06	7.09525e+06	7.05125e+06	
7.0575e+06	7.1255e+06	7.0305e+06	7.1375e+06	7.1645e+06	
6.98375e+06	7.06e+06	7.0045e+06	7.053e+06	7.05175e+06	
6.9095e+06	6.8955e+06	6.9635e+06	6.9295e+06	6.99775e+06	
6.89125e+06	6.92825e+06	6.86775e+06	7.00325e+06	7.00775e+06	
6.86475e+06	6.89925e+06	6.91075e+06	6.934e+06	6.9435e+06	
6.881e+06	6.85325e+06	6.87475e+06	6.9195e+06	6.86025e+06	
6.84e+06	6.8155e+06	6.83575e+06	6.9175e+06	6.83625e+06	
6.73875e+06	6.6875e+06	6.796e+06	6.85575e+06	6.6845e+06	
6.6315e+06	6.65725e+06	6.79475e+06	6.66875e+06	6.81675e+06	
6.6095e+06	6.59875e+06	6.66375e+06	6.736e+06	6.6245e+06	
6.59125e+06	6.62775e+06	6.60325e+06	6.697e+06	6.651e+06	
6.5855e+06	6.532e+06	6.66425e+06	6.58425e+06	6.542e+06	
6.50475e+06	6.5245e+06	6.54325e+06	6.6165e+06	6.62025e+06	
6.43625e+06	6.5155e+06	6.55025e+06	6.4985e+06	6.56525e+06	
6.3745e+06	6.4135e+06	6.50225e+06	6.53375e+06	6.493e+06	
6.45125e+06	6.3775e+06	6.4695e+06	6.397e+06	6.48975e+06	
6.31575e+06	6.389e+06	6.309e+06	6.44375e+06	6.38125e+06	
6.3045e+06	6.39525e+06	6.3405e+06	6.34175e+06	6.3145e+06	
6.32975e+06	6.445e+06	6.4065e+06	6.39825e+06	6.45825e+06	
6.4285e+06	6.33475e+06	6.44425e+06	6.493e+06	6.455e+06	
6.457e+06	6.46e+06	6.38375e+06	6.41225e+06	6.423e+06	
6.41525e+06	6.34225e+06	6.40475e+06	6.44825e+06	6.409e+06	
6.28625e+06	6.30375e+06	6.38e+06	6.2875e+06	6.416e+06	
6.34675e+06	6.41725e+06	6.34475e+06	6.35875e+06	6.43125e+06	
6.3335e+06	6.31775e+06	6.404e+06	6.38575e+06	6.45e+06	
6.37875e+06	6.33925e+06	6.38e+06	6.45375e+06	6.49025e+06	
6.37325e+06	6.33275e+06	6.397e+06	6.4135e+06	6.37125e+06	
6.31275e+06	6.3845e+06	6.43375e+06	6.399e+06	6.443e+06	
6.42225e+06	6.36425e+06	6.29125e+06	6.3865e+06	6.351e+06	
6.24525e+06	6.29825e+06	6.312e+06	6.4065e+06	6.3265e+06	
6.2655e+06	6.3405e+06	6.368e+06	6.33725e+06	6.3555e+06	
6.2995e+06	6.24775e+06	6.24325e+06	6.2855e+06	6.36375e+06	
6.186e+06	6.16025e+06	6.1885e+06	6.19475e+06	6.135e+06	
6.0215e+06	5.9485e+06	6.019e+06	6.05e+06	6.17975e+06	
5.84825e+06	5.876e+06	5.85275e+06	5.91125e+06	5.888e+06	
5.59125e+06	5.6365e+06	5.62025e+06	5.6925e+06	5.58225e+06	
5.472e+06	5.4915e+06	5.48725e+06	5.58475e+06	5.47775e+06	
5.4405e+06	5.4645e+06	5.50975e+06	5.489e+06	5.45575e+06	
5.58675e+06	5.56525e+06	5.55025e+06	5.68125e+06	5.653e+06	
5.66475e+06	5.651e+06	5.6675e+06	5.617e+06	5.675e+06	
5.74425e+06	5.70775e+06	5.82925e+06	5.79525e+06	5.84325e+06	
5.95725e+06	5.8835e+06	5.93075e+06	5.934e+06	5.91075e+06	
5.929e+06	5.9295e+06	5.9145e+06	5.94775e+06	6.00325e+06	
6.0285e+06	6.01275e+06	5.99875e+06	6.145e+06	6.002e+06	
6.02225e+06	6.03025e+06	6.01975e+06	6.10775e+06	6.0625e+06	
6.05175e+06	6.00325e+06	6.0675e+06	6.0265e+06	6.05925e+06	
6.03225e+06	6.024e+06	6.0795e+06	6.087e+06	6.05175e+06	
6.0745e+06	6.04875e+06	6.11175e+06	6.099e+06	6.04475e+06	
6.0575e+06	6.0775e+06	6.14125e+06	6.174e+06	6.07825e+06	
6.14125e+06	6.065e+06	6.1085e+06	6.1815e+06	6.1035e+06	
6.10975e+06	5.99825e+06	6.1035e+06	6.116e+06	6.10225e+06	
6.03025e+06	6.164e+06	6.13125e+06	6.116e+06	6.12225e+06	
6.1185e+06	6.0775e+06	6.12925e+06	6.15075e+06	6.193e+06	
6.14375e+06	6.06175e+06	6.13925e+06	6.19475e+06	6.1595e+06	
6.1155e+06	6.0695e+06	6.11175e+06	6.099e+06	6.089e+06	
6.03925e+06	6.03225e+06	6.20875e+06	6.12925e+06	6.106e+06	
6.05125e+06	6.05e+06	6.0235e+06	6.09025e+06	6.11475e+06	
6.00575e+06	6.00275e+06	6.08525e+06	6.06825e+06	5.98625e+06	
5.93275e+06	5.92825e+06	5.94275e+06	5.987e+06	5.9945e+06	
6.0065e+06	5.9975e+06	5.9805e+06	5.97425e+06	5.96675e+06	
5.97625e+06	5.9195e+06	5.97875e+06	6.0675e+06	6.07125e+06	
5.97675e+06	5.97875e+06	6.0095e+06	6.07575e+06	6.0315e+06	
6.05e+06	6.01975e+06	5.97625e+06	6.0525e+06	5.98125e+06	
5.9225e+06	5.88425e+06	6.031e+06	6.03025e+06	6.067e+06	
6.014e+06	6.03225e+06	5.9025e+06	5.985e+06	5.9145e+06	
5.93325e+06	5.9655e+06	5.92825e+06	6.01275e+06	5.92775e+06	
5.85025e+06	5.888e+06	5.95725e+06	5.9855e+06	5.96975e+06	
5.9875e+06	5.975e+06	5.92575e+06	5.92075e+06	5.961e+06	
5.891e+06	5.96175e+06	5.95025e+06	5.9755e+06	5.98e+06	
5.9145e+06	5.9195e+06	5.91125e+06	5.89625e+06	6.00575e+06	
5.9195e+06	5.823e+06	5.79225e+06	5.949e+06	5.96675e+06	
5.91075e+06	5.90675e+06	5.886e+06	5.8835e+06	5.8785e+06	
5.7765e+06	5.8495e+06	5.84875e+06	5.932e+06	5.816e+06	
5.87275e+06	5.91325e+06	5.82675e+06	6.0285e+06	5.91375e+06	
5.915e+06	5.83175e+06	5.8615e+06	5.9005e+06	5.92375e+06	
5.8255e+06	5.87775e+06	5.95225e+06	5.9725e+06	5.91325e+06	
5.9005e+06	5.818e+06	5.791e+06	5.8515e+06	5.8805e+06	
5.8205e+06	5.7965e+06	5.871e+06	5.871e+06	5.881e+06	
5.8035e+06	5.7355e+06	5.736e+06	5.84825e+06	5.8475e+06	
5.77275e+06	5.77e+06	5.828e+06	5.76575e+06	5.8225e+06	
5.7845e+06	5.76325e+06	5.73475e+06	5.78275e+06	5.74425e+06	
5.724e+06	5.74675e+06	5.70075e+06	5.7765e+06	5.7985e+06	
5.704e+06	5.726e+06	5.71525e+06	5.79725e+06	5.74425e+06	
5.67425e+06	5.64525e+06	5.60375e+06	5.73425e+06	5.69e+06	
5.70275e+06	5.62075e+06	5.74425e+06	5.75875e+06	5.82875e+06	
5.6585e+06	5.71075e+06	5.656e+06	5.7695e+06	5.74425e+06	
5.65975e+06	5.57425e+06	5.755e+06	5.731e+06	5.745e+06	
5.6925e+06	5.7475e+06	5.75375e+06	5.74675e+06	5.75175e+06	
5.75425e+06	5.66925e+06	5.685e+06	5.7355e+06	5.78025e+06	
5.6465e+06	5.636e+06	5.67875e+06	5.7095e+06	5.66425e+06	
5.58425e+06	5.576e+06	5.66875e+06	5.748e+06	5.66225e+06	
5.649e+06	5.65925e+06	5.5805e+06	5.629e+06	5.69775e+06	
5.63025e+06	5.598e+06	5.6075e+06	5.63975e+06	5.65725e+06	
5.59925e+06	5.56775e+06	5.581e+06	5.6945e+06	5.709e+06	
5.6145e+06	5.607e+06	5.6485e+06	5.603e+06	5.64725e+06	
5.54075e+06	5.5715e+06	5.56775e+06	5.66175e+06	5.547e+06	
5.55275e+06	5.564e+06	5.6585e+06	5.59175e+06	5.59e+06	
5.6265e+06	5.49475e+06	5.557e+06	5.605e+06	5.65425e+06	
5.595e+06	5.57925e+06	5.5715e+06	5.5665e+06	5.6295e+06	
5.5105e+06	5.653e+06	5.54e+06	5.612e+06	5.58225e+06	
5.49975e+06	5.59875e+06	5.58675e+06	5.5905e+06	5.5395e+06	
5.5615e+06	5.474e+06	5.57025e+06	5.56475e+06	5.6655e+06	
5.486e+06	5.6145e+06	5.58475e+06	5.4765e+06	5.52625e+06	
5.5055e+06	5.41225e+06	5.50425e+06	5.5005e+06	5.53575e+06	
5.486e+06	5.47525e+06	5.52e+06	5.4525e+06	5.51675e+06	
5.53125e+06	5.41275e+06	5.479e+06	5.5085e+06	5.518e+06	
5.4575e+06	5.4865e+06	5.49975e+06	5.547e+06	5.479e+06	
5.46125e+06	5.4235e+06	5.4525e+06	5.52425e+06	5.469e+06	
5.3435e+06	5.3095e+06	5.406e+06	5.42675e+06	5.38875e+06	
5.421e+06	5.47825e+06	5.394e+06	5.3965e+06	5.41975e+06	
5.38825e+06	5.45e+06	5.392e+06	5.48275e+06	5.39525e+06	
5.3965e+06	5.382e+06	5.385e+06	5.397e+06	5.373e+06	
5.33275e+06	5.32025e+06	5.43175e+06	5.43475e+06	5.37175e+06	
5.375e+06	5.3555e+06	5.35425e+06	5.37125e+06	5.37875e+06	
5.24075e+06	5.33025e+06	5.30075e+06	5.331e+06	5.293e+06	
5.34025e+06	5.29175e+06	5.2995e+06	5.37875e+06	5.36675e+06	
5.2855e+06	5.26275e+06	5.25725e+06	5.3775e+06	5.3e+06	
5.23325e+06	5.2535e+06	5.31575e+06	5.21e+06	5.2615e+06	
5.18525e+06	5.271e+06	5.22875e+06	5.273e+06	5.20225e+06	
5.14425e+06	5.14e+06	5.17725e+06	5.2125e+06	5.18975e+06	
5.09975e+06	5.14125e+06	5.1325e+06	5.12925e+06	5.09775e+06	
5.16575e+06	5.16575e+06	5.20675e+06	5.25475e+06	5.3125e+06	
5.15325e+06	5.04975e+06	5.123e+06	5.18225e+06	5.135e+06	
5.02725e+06	5.08525e+06	5.10725e+06	5.15325e+06	5.15825e+06	
4.94525e+06	4.98925e+06	5.07375e+06	5.0095e+06	5.09525e+06	
4.92125e+06	4.8665e+06	4.85075e+06	4.90125e+06	4.903e+06	
4.58675e+06	4.57775e+06	4.569e+06	4.525e+06	4.574e+06	
4.2615e+06	4.3095e+06	4.28175e+06	4.28875e+06	4.3655e+06	
4.15075e+06	4.12925e+06	4.15625e+06	4.12425e+06	4.1745e+06	
4.16e+06	4.1695e+06	4.1375e+06	4.18975e+06	4.16575e+06	
4.19975e+06	4.2035e+06	4.22125e+06	4.20725e+06	4.16e+06	
4.215e+06	4.16775e+06	4.27675e+06	4.26475e+06	4.2755e+06	
4.21125e+06	4.20475e+06	4.23125e+06	4.288e+06	4.31125e+06	
4.2565e+06	4.27475e+06	4.22825e+06	4.30375e+06	4.2495e+06	
4.2715e+06	4.24075e+06	4.2715e+06	4.2585e+06	4.23125e+06	
4.329e+06	4.3005e+06	4.27925e+06	4.266e+06	4.25775e+06	
4.276e+06	4.32575e+06	4.38875e+06	4.31375e+06	4.27975e+06	
4.29925e+06	4.3465e+06	4.298e+06	4.36175e+06	4.35975e+06	
4.288e+06	4.40075e+06	4.30575e+06	4.37875e+06	4.32775e+06	
4.448e+06	4.37875e+06	4.4555e+06	4.3675e+06	4.43175e+06	
4.32825e+06	4.4135e+06	4.40025e+06	4.41775e+06	4.4425e+06	
4.40775e+06	4.4475e+06	4.562e+06	4.49975e+06	4.4385e+06	
4.4885e+06	4.43425e+06	4.4625e+06	4.46825e+06	4.516e+06	
4.44375e+06	4.4285e+06	4.5055e+06	4.52925e+06	4.51675e+06	
4.42675e+06	4.51425e+06	4.409e+06	4.4255e+06	4.5105e+06	
4.40325e+06	4.42725e+06	4.4555e+06	4.48975e+06	4.443e+06	
4.38125e+06	4.41025e+06	4.34525e+06	4.47775e+06	4.407e+06	
4.327e+06	4.387e+06	4.40525e+06	4.4015e+06	4.40525e+06	
4.281e+06	4.34775e+06	4.288e+06	4.34025e+06	4.29125e+06	
4.33275e+06	4.3895e+06	4.3505e+06	4.35475e+06	4.298e+06	
4.203e+06	4.31075e+06	4.30825e+06	4.358e+06	4.365e+06	
4.387e+06	4.3145e+06	4.42975e+06	4.385e+06	4.35225e+06	
4.24775e+06	4.29925e+06	4.3245e+06	4.29e+06	4.298e+06	
4.2225e+06	4.28225e+06	4.3125e+06	4.28875e+06	4.317e+06	
4.271e+06	4.307e+06	4.286e+06	4.33725e+06	4.3315e+06	
4.3335e+06	4.33525e+06	4.397e+06	4.45875e+06	4.3385e+06	
4.3385e+06	4.4305e+06	4.42025e+06	4.4015e+06	4.43925e+06	
4.3415e+06	4.40025e+06	4.3725e+06	4.40075e+06	4.373e+06	
4.36675e+06	4.36675e+06	4.4135e+06	4.41525e+06	4.39775e+06	
4.39775e+06	4.35225e+06	4.346e+06	4.39525e+06	4.38e+06	
4.358e+06	4.387e+06	4.336e+06	4.3655e+06	4.3265e+06	
4.271e+06	4.28175e+06	4.3435e+06	4.31625e+06	4.29375e+06	
4.1795e+06	4.273e+06	4.24275e+06	4.22825e+06	4.28875e+06	
4.25525e+06	4.20475e+06	4.23325e+06	4.244e+06	4.201e+06	
4.1835e+06	4.148e+06	4.17775e+06	4.21875e+06	4.20975e+06	
4.1475e+06	4.11275e+06	4.208e+06	4.227e+06	4.26275e+06	
4.13175e+06	4.12675e+06	4.15e+06	4.11925e+06	4.14425e+06	
4.16125e+06	4.053e+06	4.1425e+06	4.13425e+06	4.16325e+06	
4.00125e+06	4.09575e+06	4.08125e+06	4.01825e+06	4.08625e+06	
4.05875e+06	4.07625e+06	4.01075e+06	4.07125e+06	4.029e+06	
4.0335e+06	4.06625e+06	4.00325e+06	4.024e+06	4.06175e+06	
4.034e+06	4.0215e+06	4.05225e+06	4.0315e+06	4.053e+06	
3.98875e+06	3.9925e+06	4.031e+06	3.9535e+06	4.05475e+06	
3.9365e+06	3.89675e+06	3.97475e+06	4.0075e+06	3.93325e+06	
4.0165e+06	4.019e+06	3.97975e+06	3.97725e+06	3.997e+06	
4e+06	4.024e+06	3.94575e+06	3.95275e+06	4.0145e+06	
3.90875e+06	3.97425e+06	3.92625e+06	4.04975e+06	3.956e+06	
3.944e+06	4.02275e+06	4.024e+06	4.07e+06	4.002e+06	
3.92875e+06	3.97725e+06	3.91925e+06	3.9875e+06	3.9805e+06	
3.98425e+06	4.0145e+06	4.034e+06	3.9875e+06	4.036e+06	
4.116e+06	4.01325e+06	4.01575e+06	4.01525e+06	4.0385e+06	
3.99825e+06	4.02975e+06	4.0285e+06	4.00575e+06	4.00325e+06	
4.00575e+06	3.98375e+06	3.983e+06	4.0145e+06	3.93525e+06	
3.98425e+06	3.92575e+06	3.98125e+06	4.0215e+06	3.93825e+06	
3.925e+06	3.94025e+06	3.92125e+06	4.024e+06	3.98625e+06	
3.93075e+06	3.89175e+06	3.9345e+06	3.97975e+06	3.966e+06	
3.94825e+06	3.8885e+06	3.8865e+06	3.9105e+06	3.947e+06	
3.9345e+06	3.94025e+06	3.947e+06	4.02325e+06	3.96475e+06	
3.9515e+06	3.91375e+06	3.91625e+06	3.867e+06	3.92e+06	
3.84875e+06	3.826e+06	3.92125e+06	3.9325e+06	3.9275e+06	
3.80025e+06	3.90925e+06	3.821e+06	3.93325e+06	3.901e+06	
3.8835e+06	3.823e+06	3.90425e+06	3.881e+06	3.85375e+06	
3.8575e+06	3.8575e+06	3.84375e+06	3.806e+06	3.9005e+06	
3.8785e+06	3.8545e+06	3.9075e+06	3.8185e+06	3.8425e+06	
3.869e+06	3.797e+06	3.765e+06	3.83375e+06	3.845e+06	
3.8065e+06	3.86025e+06	3.792e+06	3.82175e+06	3.818e+06	
3.85575e+06	3.8305e+06	3.8865e+06	3.847e+06	3.89425e+06	
3.784e+06	3.75625e+06	3.806e+06	3.83875e+06	3.8305e+06	
3.838e+06	3.738e+06	3.811e+06	3.84625e+06	3.80275e+06	
3.709e+06	3.83425e+06	3.81675e+06	3.84625e+06	3.813e+06	
3.78075e+06	3.746e+06	3.76125e+06	3.7795e+06	3.8115e+06	
3.72225e+06	3.712e+06	3.76425e+06	3.78075e+06	3.738e+06	
3.72525e+06	3.734e+06	3.72525e+06	3.72025e+06	3.7915e+06	
3.71825e+06	3.66975e+06	3.7115e+06	3.767e+06	3.73225e+06	
3.7235e+06	3.70125e+06	3.71025e+06	3.65475e+06	3.72475e+06	
3.70775e+06	3.65475e+06	3.743e+06	3.6755e+06	3.73525e+06	
3.68175e+06	3.63775e+06	3.673e+06	3.6345e+06	3.72025e+06	
3.6345e+06	3.625e+06	3.63825e+06	3.72525e+06	3.65725e+06	
3.646e+06	3.583e+06	3.65275e+06	3.66425e+06	3.65525e+06	
3.61825e+06	3.67425e+06	3.60175e+06	3.60175e+06	3.65275e+06	
3.57025e+06	3.60675e+06	3.5615e+06	3.6055e+06	3.6395e+06	
3.57725e+06	3.53875e+06	3.65725e+06	3.64475e+06	3.583e+06	
3.574e+06	3.63825e+06	3.5735e+06	3.48325e+06	3.61175e+06	
3.475e+06	3.48775e+06	3.521e+06	3.51675e+06	3.57025e+06	
3.431e+06	3.40325e+06	3.4985e+06	3.49725e+06	3.48075e+06	
3.402e+06	3.366e+06	3.419e+06	3.441e+06	3.477e+06	
3.28175e+06	3.2905e+06	3.28675e+06	3.27925e+06	3.26725e+06	
3.18325e+06	3.24075e+06	3.1815e+06	3.18975e+06	3.18975e+06	
3.06675e+06	3.063e+06	3.08375e+06	3.08375e+06	3.063e+06	
3.01825e+06	3.012e+06	2.98675e+06	3.0165e+06	2.97025e+06	
2.9545e+06	2.96475e+06	2.9925e+06	2.89725e+06	2.9585e+06	
2.83925e+06	2.826e+06	2.862e+06	2.84175e+06	2.9465e+06	
2.804e+06	2.74425e+06	2.789e+06	2.8085e+06	2.831e+06	
2.719e+06	2.7775e+06	2.7455e+06	2.76175e+06	2.73725e+06	
2.72525e+06	2.68675e+06	2.76125e+06	2.7265e+06	2.72775e+06	
2.69575e+06	2.71075e+06	2.7095e+06	2.76675e+06	2.7e+06	
2.695e+06	2.70825e+06	2.72275e+06	2.792e+06	2.73725e+06	
2.69875e+06	2.6825e+06	2.70875e+06	2.7485e+06	2.6905e+06	
2.7605e+06	2.7915e+06	2.7195e+06	2.78825e+06	2.79275e+06	
2.83175e+06	2.86575e+06	2.8815e+06	2.82975e+06	2.8885e+06	
2.9545e+06	2.89675e+06	2.95275e+06	2.90925e+06	2.96275e+06	
3.0335e+06	3.04025e+06	2.9905e+06	3.01125e+06	2.993e+06	
3.04275e+06	3.1065e+06	3.058e+06	3.09825e+06	3.082e+06	
3.085e+06	3.126e+06	3.08375e+06	3.12025e+06	3.11775e+06	
3.053e+06	3.07125e+06	3.0625e+06	3.1575e+06	3.1015e+06	
3.06875e+06	3.04975e+06	3.05425e+06	3.0775e+06	3.073e+06	
2.9835e+06	3.01575e+06	2.98625e+06	3.03525e+06	2.9875e+06	
2.886e+06	2.87525e+06	2.89725e+06	2.9325e+06	2.91175e+06	
2.8405e+06	2.8165e+06	2.9055e+06	2.8595e+06	2.86075e+06	
2.82675e+06	2.83625e+06	2.867e+06	2.792e+06	2.84125e+06	
2.7795e+06	2.80775e+06	2.8475e+06	2.81275e+06	2.828e+06	
2.758e+06	2.816e+06	2.76175e+06	2.79775e+06	2.79525e+06	
2.81925e+06	2.8085e+06	2.772e+06	2.7895e+06	2.71825e+06	
2.789e+06	2.7745e+06	2.76925e+06	2.782e+06	2.77375e+06	
2.782e+06	2.7675e+06	2.85625e+06	2.77825e+06	2.79025e+06	
2.8035e+06	2.76625e+06	2.76175e+06	2.814e+06	2.80775e+06	
2.7775e+06	2.84675e+06	2.8475e+06	2.82425e+06	2.794e+06	
2.81475e+06	2.77125e+06	2.79325e+06	2.79825e+06	2.8425e+06	
2.758e+06	2.811e+06	2.88275e+06	2.76175e+06	2.7795e+06	
2.73275e+06	2.77625e+06	2.77125e+06	2.78375e+06	2.7675e+06	
2.7625e+06	2.792e+06	2.777e+06	2.763e+06	2.75625e+06	
2.79775e+06	2.71025e+06	2.8375e+06	2.777e+06	2.7795e+06	
2.7705e+06	2.772e+06	2.76875e+06	2.7625e+06	2.7845e+06	
2.73725e+06	2.722e+06	2.748e+06	2.72525e+06	2.748e+06	
2.68425e+06	2.77825e+06	2.7265e+06	2.7705e+06	2.7725e+06	
2.7435e+06	2.70875e+06	2.7795e+06	2.76375e+06	2.753e+06	
2.81275e+06	2.78775e+06	2.73525e+06	2.792e+06	2.81225e+06	
2.77e+06	2.7655e+06	2.79075e+06	2.77375e+06	2.7655e+06	
2.74475e+06	2.717e+06	2.76875e+06	2.741e+06	2.75625e+06	
2.78125e+06	2.77125e+06	2.77575e+06	2.82925e+06	2.78e+06	
2.71275e+06	2.73775e+06	2.74675e+06	2.811e+06	2.751e+06	
2.77625e+06	2.79275e+06	2.75875e+06	2.79825e+06	2.81225e+06	
2.7675e+06	2.80525e+06	2.789e+06	2.7505e+06	2.799e+06	
2.8545e+06	2.80525e+06	2.87775e+06	2.826e+06	2.84e+06	
2.89025e+06	2.8625e+06	2.867e+06	2.9055e+06	2.86075e+06	
2.88475e+06	2.891e+06	2.855e+06	2.93875e+06	2.91175e+06	
2.90675e+06	2.88225e+06	2.91425e+06	2.93e+06	2.923e+06	
3.012e+06	2.954e+06	2.99375e+06	2.96775e+06	3.0605e+06	
2.947e+06	2.96525e+06	2.971e+06	2.9755e+06	3.0265e+06	
2.9735e+06	3.01e+06	3.039e+06	2.98625e+06	3.0095e+06	
2.976e+06	2.97425e+06	3.019e+06	3.02825e+06	2.98425e+06	
2.9855e+06	2.9635e+06	3.01325e+06	3.00125e+06	2.9925e+06	
3.0245e+06	2.993e+06	2.97725e+06	2.98625e+06	3.01325e+06	
2.90225e+06	2.9585e+06	2.981e+06	2.981e+06	2.9635e+06	
2.976e+06	2.9275e+06	2.956e+06	2.9875e+06	2.97175e+06	
2.9585e+06	2.9565e+06	2.927e+06	2.956e+06	2.92625e+06	
2.9105e+06	2.913e+06	2.94325e+06	2.947e+06	2.949e+06	
2.93625e+06	2.92575e+06	2.8645e+06	2.91925e+06	2.995e+06	
2.956e+06	2.89025e+06	2.966e+06	3.0025e+06	2.97225e+06	
2.961e+06	2.94325e+06	2.97225e+06	2.9615e+06	2.96525e+06	
2.9345e+06	3.007e+06	2.97025e+06	2.961e+06	2.964e+06	
2.9545e+06	2.9925e+06	2.94575e+06	2.95025e+06	2.91125e+06	
2.87975e+06	2.95325e+06	2.89425e+06	2.97925e+06	2.91375e+06	
2.932e+06	2.93325e+06	2.89025e+06	2.91625e+06	2.9175e+06	
2.89425e+06	2.927e+06	2.92125e+06	2.959e+06	2.90675e+06	
2.93125e+06	2.89975e+06	2.89275e+06	2.9055e+06	2.935e+06	
2.90725e+06	2.91125e+06	2.93325e+06	2.89425e+06	2.92625e+06	
2.9345e+06	2.93325e+06	2.89725e+06	2.9325e+06	2.906e+06	
2.92625e+06	2.90425e+06	2.932e+06	2.97675e+06	2.92825e+06	
2.92125e+06	2.91375e+06	2.90725e+06	2.91e+06	2.89975e+06	
2.8885e+06	2.8915e+06	2.93325e+06	2.9445e+06	2.9345e+06	
2.90175e+06	2.843e+06	2.8865e+06	2.935e+06	2.93375e+06	
2.886e+06	2.87275e+06	2.8525e+06	2.9155e+06	2.92e+06	
2.91125e+06	2.88225e+06	2.9375e+06	2.8495e+06	2.90175e+06	
2.87325e+06	2.8935e+06	2.96225e+06	2.92825e+06	2.9495e+06	
2.87975e+06	2.9035e+06	2.9055e+06	2.915e+06	2.9415e+06	
2.95025e+06	2.9125e+06	2.93e+06	2.932e+06	2.91e+06	
2.93375e+06	2.91175e+06	2.94575e+06	2.94075e+06	2.9345e+06	
2.89725e+06	2.9005e+06	2.903e+06	2.96475e+06	2.93875e+06	
2.886e+06	2.9275e+06	2.95775e+06	2.94325e+06	2.9275e+06	
2.88025e+06	2.91375e+06	2.91675e+06	2.90175e+06	2.90475e+06	
2.8625e+06	2.9205e+06	2.864e+06	2.90225e+06	2.91425e+06	
2.862e+06	2.881e+06	2.87525e+06	2.85875e+06	2.88725e+06	
2.8715e+06	2.85375e+06	2.88525e+06	2.87075e+06	2.90725e+06	
2.94525e+06	2.8375e+06	2.913e+06	2.88775e+06	2.85625e+06	
2.9205e+06	2.959e+06	2.89975e+06	2.92625e+06	2.92175e+06	
2.8955e+06	2.908e+06	2.86575e+06	2.8765e+06	2.8495e+06	
2.8765e+06	2.84175e+06	2.90675e+06	2.85825e+06	2.92425e+06	
2.87325e+06	2.86325e+06	2.87025e+06	2.8745e+06	2.90175e+06	
2.835e+06	2.80075e+06	2.85875e+06	2.8865e+06	2.84175e+06	
2.87025e+06	2.86575e+06	2.8915e+06	2.886e+06	2.84175e+06	
2.85625e+06	2.87025e+06	2.872e+06	2.85325e+06	2.8715e+06	
2.91e+06	2.8235e+06	2.915e+06	2.901e+06	2.852e+06	
2.862e+06	2.867e+06	2.8625e+06	2.84125e+06	2.87575e+06	
2.88525e+06	2.86325e+06	2.852e+06	2.852e+06	2.8375e+06	
2.82225e+06	2.8305e+06	2.82925e+06	2.8305e+06	2.87275e+06	
2.8165e+06	2.80975e+06	2.82725e+06	2.7915e+06	2.862e+06	
2.78825e+06	2.79025e+06	2.777e+06	2.84175e+06	2.78825e+06	
2.77825e+06	2.81225e+06	2.7745e+06	2.79525e+06	2.8255e+06	
2.82475e+06	2.82925e+06	2.7505e+06	2.7945e+06	2.7895e+06	
2.777e+06	2.7775e+06	2.787e+06	2.80025e+06	2.792e+06	
2.7555e+06	2.7795e+06	2.7365e+06	2.7505e+06	2.76925e+06	
2.7575e+06	2.809e+06	2.77575e+06	2.78575e+06	2.79025e+06	
2.76875e+06	2.734e+06	2.83375e+06	2.80025e+06	2.746e+06	
2.753e+06	2.77325e+06	2.71825e+06	2.79075e+06	2.76425e+06	
2.71025e+06	2.72325e+06	2.73025e+06	2.75625e+06	2.80975e+06	
2.8115e+06	2.7115e+06	2.7455e+06	2.78375e+06	2.76425e+06	
2.71825e+06	2.74925e+06	2.70575e+06	2.7915e+06	2.73725e+06	
2.743e+06	2.7605e+06	2.73475e+06	2.726e+06	2.729e+06	
2.702e+06	2.71825e+06	2.748e+06	2.7245e+06	2.7165e+06	
2.7095e+06	2.69625e+06	2.72325e+06	2.73525e+06	2.74175e+06	
2.6785e+06	2.7455e+06	2.70075e+06	2.739e+06	2.719e+06	
2.72275e+06	2.7075e+06	2.76425e+06	2.714e+06	2.697e+06	
2.6755e+06	2.7095e+06	2.77875e+06	2.73525e+06	2.7365e+06	
2.72325e+06	2.6685e+06	2.702e+06	2.746e+06	2.68125e+06	
2.688e+06	2.68e+06	2.65225e+06	2.72075e+06	2.66725e+06	
2.66475e+06	2.68925e+06	2.714e+06	2.71525e+06	2.71525e+06	
2.59225e+06	2.64275e+06	2.661e+06	2.68125e+06	2.71825e+06	
2.6685e+06	2.6705e+06	2.69375e+06	2.72975e+06	2.705e+06	
2.65725e+06	2.6585e+06	2.63525e+06	2.70125e+06	2.65475e+06	
2.6345e+06	2.62125e+06	2.615e+06	2.676e+06	2.61875e+06	
2.65525e+06	2.63e+06	2.6295e+06	2.66025e+06	2.65025e+06	
2.627e+06	2.63075e+06	2.57525e+06	2.61425e+06	2.6195e+06	
2.58525e+06	2.62075e+06	2.5375e+06	2.6275e+06	2.6515e+06	
2.54825e+06	2.6005e+06	2.5955e+06	2.60425e+06	2.57075e+06	
2.4485e+06	2.43725e+06	2.4605e+06	2.44175e+06	2.4815e+06	
2.25e+06	2.2715e+06	2.2445e+06	2.298e+06	2.24e+06	
1.97975e+06	1.9325e+06	1.97025e+06	1.94575e+06	1.99625e+06	
1.66025e+06	1.70825e+06	1.70075e+06	1.68425e+06	1.66725e+06	
1.424e+06	1.4775e+06	1.451e+06	1.45175e+06	1.4365e+06	
1.242e+06	1.27025e+06	1.2565e+06	1.2595e+06	1.267e+06	
1.20275e+06	1.1605e+06	1.17625e+06	1.18775e+06	1.209e+06	
1.24825e+06	1.209e+06	1.22175e+06	1.225e+06	1.235e+06	
1.31125e+06	1.305e+06	1.32625e+06	1.31425e+06	1.3025e+06	
1.42525e+06	1.4365e+06	1.4045e+06	1.45925e+06	1.414e+06	
1.46e+06	1.45175e+06	1.4385e+06	1.5065e+06	1.48125e+06	
1.468e+06	1.4575e+06	1.4625e+06	1.48825e+06	1.46375e+06	
1.45425e+06	1.451e+06	1.44725e+06	1.43525e+06	1.47575e+06	
1.434e+06	1.393e+06	1.448e+06	1.441e+06	1.43225e+06	
1.45875e+06	1.47825e+06	1.44925e+06	1.4655e+06	1.43775e+06	
1.453e+06	1.46175e+06	1.45225e+06	1.50525e+06	1.47625e+06	
1.494e+06	1.46675e+06	1.53625e+06	1.4775e+06	1.48375e+06	
1.57025e+06	1.538e+06	1.5865e+06	1.5745e+06	1.56825e+06	
1.5665e+06	1.58225e+06	1.62125e+06	1.601e+06	1.62325e+06	
1.678e+06	1.65025e+06	1.7e+06	1.6515e+06	1.6955e+06	
1.7145e+06	1.71375e+06	1.74025e+06	1.7655e+06	1.76125e+06	
1.80275e+06	1.8335e+06	1.82025e+06	1.86e+06	1.8405e+06	
1.88275e+06	1.87775e+06	1.886e+06	1.88075e+06	1.913e+06	
1.94525e+06	1.9465e+06	1.97475e+06	1.96225e+06	1.9835e+06	
2.022e+06	2.003e+06	2.01825e+06	2e+06	2.041e+06	
2.08325e+06	2.107e+06	2.07e+06	2.095e+06	2.056e+06	
2.17e+06	2.114e+06	2.14625e+06	2.19275e+06	2.13725e+06	
2.199e+06	2.19525e+06	2.15625e+06	2.213e+06	2.17775e+06	
2.23125e+06	2.242e+06	2.2275e+06	2.20725e+06	2.23425e+06	
2.23175e+06	2.24625e+06	2.24e+06	2.235e+06	2.26025e+06	
2.254e+06	2.291e+06	2.2935e+06	2.247e+06	2.28025e+06	
2.31125e+06	2.28175e+06	2.23625e+06	2.2645e+06	2.31625e+06	
2.25275e+06	2.291e+06	2.27025e+06	2.26075e+06	2.271e+06	
2.286e+06	2.317e+06	2.288e+06	2.2905e+06	2.26775e+06	
2.3195e+06	2.26075e+06	2.3005e+06	2.3245e+06	2.322e+06	
2.28975e+06	2.344e+06	2.33525e+06	2.31825e+06	2.317e+06	
2.315e+06	2.30375e+06	2.315e+06	2.31325e+06	2.27975e+06	
2.30425e+06	2.25825e+06	2.33575e+06	2.339e+06	2.34775e+06	
2.30125e+06	2.2685e+06	2.25e+06	2.30175e+06	2.30675e+06	
2.31375e+06	2.26325e+06	2.30675e+06	2.28975e+06	2.30625e+06	
2.2905e+06	2.26325e+06	2.283e+06	2.298e+06	2.2785e+06	
2.26775e+06	2.271e+06	2.3055e+06	2.31325e+06	2.27775e+06	
2.2645e+06	2.26975e+06	2.27275e+06	2.3225e+06	2.279e+06	
2.271e+06	2.262e+06	2.27525e+06	2.28975e+06	2.26725e+06	
2.24825e+06	2.291e+06	2.2935e+06	2.31325e+06	2.286e+06	
2.2665e+06	2.23175e+06	2.283e+06	2.293e+06	2.25825e+06	
2.27275e+06	2.2495e+06	2.23875e+06	2.2615e+06	2.2515e+06	
2.2765e+06	2.20225e+06	2.25e+06	2.2855e+06	2.25325e+06	
2.2205e+06	2.24875e+06	2.20225e+06	2.23125e+06	2.23e+06	
2.2305e+06	2.228e+06	2.21175e+06	2.24375e+06	2.2055e+06	
2.24325e+06	2.1935e+06	2.23875e+06	2.23125e+06	2.21925e+06	
2.18825e+06	2.23375e+06	2.2395e+06	2.2305e+06	2.23825e+06	
2.2105e+06	2.20725e+06	2.22625e+06	2.22375e+06	2.2105e+06	
2.1965e+06	2.23575e+06	2.2135e+06	2.21925e+06	2.23375e+06	
2.199e+06	2.184e+06	2.182e+06	2.223e+06	2.19525e+06	
2.1965e+06	2.17375e+06	2.2255e+06	2.21425e+06	2.1845e+06	
2.1965e+06	2.204e+06	2.24125e+06	2.1675e+06	2.21425e+06	
2.184e+06	2.20725e+06	2.16125e+06	2.19525e+06	2.2015e+06	
2.1935e+06	2.22425e+06	2.204e+06	2.18975e+06	2.21675e+06	
2.2275e+06	2.14925e+06	2.15675e+06	2.194e+06	2.19275e+06	
2.17825e+06	2.20725e+06	2.14875e+06	2.22375e+06	2.15425e+06	
2.153e+06	2.1845e+06	2.1625e+06	2.17125e+06	2.1455e+06	
2.158e+06	2.14675e+06	2.15675e+06	2.165e+06	2.1985e+06	
2.13475e+06	2.1265e+06	2.187e+06	2.17325e+06	2.16075e+06	
2.158e+06	2.191e+06	2.11525e+06	2.19725e+06	2.141e+06	
2.11725e+06	2.153e+06	2.14175e+06	2.204e+06	2.10525e+06	
2.1525e+06	2.13175e+06	2.17e+06	2.09625e+06	2.12975e+06	
2.112e+06	2.14425e+06	2.15675e+06	2.1285e+06	2.16625e+06	
2.11475e+06	2.1265e+06	2.133e+06	2.13475e+06	2.19275e+06	
2.09075e+06	2.13225e+06	2.11975e+06	2.13675e+06	2.14925e+06	
2.1135e+06	2.112e+06	2.13425e+06	2.12275e+06	2.14225e+06	
2.13225e+06	2.1355e+06	2.13975e+06	2.13925e+06	2.15625e+06	
2.1285e+06	2.095e+06	2.16575e+06	2.153e+06	2.138e+06	
2.09825e+06	2.14925e+06	2.131e+06	2.10825e+06	2.12725e+06	
2.09375e+06	2.07175e+06	2.06925e+06	2.104e+06	2.07375e+06	
2.11025e+06	2.1285e+06	2.104e+06	2.107e+06	2.11725e+06	
2.11725e+06	2.1045e+06	2.08575e+06	2.08625e+06	2.15425e+06	
2.10275e+06	2.073e+06	2.0805e+06	2.06425e+06	2.07425e+06	
2.1165e+06	2.08e+06	2.109e+06	2.11775e+06	2.13225e+06	
2.09375e+06	2.04525e+06	2.078e+06	2.1015e+06	2.0675e+06	
2.0845e+06	2.07125e+06	2.09775e+06	2.09325e+06	2.131e+06	
2.068e+06	2.03525e+06	2.10025e+06	2.06475e+06	2.10775e+06	
2.087e+06	2.08875e+06	2.07625e+06	2.068e+06	2.10575e+06	
2.09625e+06	2.03775e+06	2.10775e+06	2.0705e+06	2.11475e+06	
2.0725e+06	2.0635e+06	2.09125e+06	2.10275e+06	2.09075e+06	
2.03525e+06	2.01575e+06	2.0705e+06	2.0435e+06	2.04225e+06	
2.08375e+06	2.04725e+06	2.02275e+06	2.0605e+06	2.034e+06	
2.0605e+06	2.0345e+06	2.0535e+06	2.04475e+06	2.03325e+06	
2.02575e+06	2.0585e+06	2.049e+06	2.05225e+06	2.02775e+06	
1.97975e+06	2.032e+06	2.0095e+06	2.053e+06	2.02075e+06	
1.9755e+06	2.0295e+06	2.0095e+06	2.032e+06	2.0125e+06	
1.99425e+06	1.9785e+06	2.051e+06	2.07125e+06	2.049e+06	
1.9615e+06	1.99375e+06	2.01075e+06	2.00125e+06	1.99925e+06	
1.97275e+06	1.9715e+06	1.947e+06	2.00375e+06	1.97925e+06	
1.96775e+06	1.98975e+06	1.96225e+06	1.97675e+06	1.9515e+06	
1.95025e+06	1.95575e+06	1.9295e+06	2.00625e+06	1.96775e+06	
1.95825e+06	1.96475e+06	1.96775e+06	1.935e+06	1.98475e+06	
1.93325e+06	1.9785e+06	1.959e+06	1.957e+06	1.947e+06	
1.92125e+06	1.94075e+06	1.9175e+06	1.942e+06	1.94325e+06	
1.949e+06	1.92625e+06	1.92875e+06	1.9255e+06	1.95575e+06	
1.93375e+06	1.9155e+06	1.90725e+06	1.9345e+06	1.97275e+06	
1.95575e+06	1.911e+06	1.915e+06	1.96775e+06	1.911e+06	
1.91675e+06	1.9395e+06	1.88275e+06	1.9085e+06	1.891e+06	
1.89925e+06	1.88025e+06	1.886e+06	1.88725e+06	1.86125e+06	
1.87775e+06	1.92425e+06	1.90675e+06	1.8865e+06	1.855e+06	
1.87525e+06	1.90925e+06	1.867e+06	1.89725e+06	1.86075e+06	
1.87775e+06	1.85625e+06	1.86825e+06	1.89975e+06	1.865e+06	
1.86575e+06	1.8695e+06	1.90175e+06	1.84125e+06	1.87525e+06	
1.85175e+06	1.87525e+06	1.87275e+06	1.877e+06	1.89475e+06	
1.8625e+06	1.838e+06	1.877e+06	1.877e+06	1.83875e+06	
1.86125e+06	1.8745e+06	1.88075e+06	1.86075e+06	1.8675e+06	
1.826e+06	1.8545e+06	1.83475e+06	1.84175e+06	1.87775e+06	
1.84125e+06	1.877e+06	1.8405e+06	1.8065e+06	1.8915e+06	
1.848e+06	1.86e+06	1.8475e+06	1.86075e+06	1.86325e+06	
1.8525e+06	1.85875e+06	1.86575e+06	1.833e+06	1.828e+06	
1.83175e+06	1.83675e+06	1.8575e+06	1.811e+06	1.83225e+06	
1.8255e+06	1.8305e+06	1.8185e+06	1.8405e+06	1.80325e+06	
1.7875e+06	1.7965e+06	1.816e+06	1.8165e+06	1.81775e+06	
1.75675e+06	1.81725e+06	1.79575e+06	1.81225e+06	1.865e+06	
1.81475e+06	1.80525e+06	1.8045e+06	1.83475e+06	1.82475e+06	
1.79525e+06	1.84925e+06	1.8135e+06	1.79775e+06	1.82725e+06	
1.811e+06	1.792e+06	1.81525e+06	1.81725e+06	1.85575e+06	
1.79575e+06	1.799e+06	1.8255e+06	1.8115e+06	1.8285e+06	
1.826e+06	1.763e+06	1.78125e+06	1.80575e+06	1.7655e+06	
1.802e+06	1.76425e+06	1.80575e+06	1.763e+06	1.78825e+06	
1.787e+06	1.77875e+06	1.785e+06	1.78825e+06	1.77825e+06	
1.7485e+06	1.77175e+06	1.7755e+06	1.74025e+06	1.78075e+06	
1.77e+06	1.756e+06	1.7265e+06	1.7675e+06	1.7435e+06	
1.727e+06	1.7245e+06	1.77375e+06	1.76875e+06	1.765e+06	
1.73275e+06	1.71e+06	1.698e+06	1.7485e+06	1.7335e+06	
1.71125e+06	1.68175e+06	1.7315e+06	1.7335e+06	1.74475e+06	
1.6755e+06	1.729e+06	1.74475e+06	1.72325e+06	1.722e+06	
1.719e+06	1.72075e+06	1.69125e+06	1.75675e+06	1.70075e+06	
1.69e+06	1.70875e+06	1.72325e+06	1.736e+06	1.7165e+06	
1.717e+06	1.7195e+06	1.68175e+06	1.688e+06	1.688e+06	
1.6685e+06	1.6785e+06	1.7125e+06	1.698e+06	1.7e+06	
1.7045e+06	1.71e+06	1.7125e+06	1.69925e+06	1.71e+06	
1.67225e+06	1.70825e+06	1.66975e+06	1.6875e+06	1.68925e+06	
1.673e+06	1.685e+06	1.67675e+06	1.70075e+06	1.6785e+06	
1.6975e+06	1.67725e+06	1.69125e+06	1.6515e+06	1.71575e+06	
1.661e+06	1.656e+06	1.649e+06	1.6665e+06	1.66525e+06	
1.66475e+06	1.6705e+06	1.62125e+06	1.62175e+06	1.654e+06	
1.62e+06	1.6225e+06	1.66275e+06	1.649e+06	1.66225e+06	
1.6415e+06	1.64275e+06	1.62325e+06	1.6705e+06	1.6925e+06	
1.6565e+06	1.63375e+06	1.632e+06	1.68625e+06	1.6665e+06	
1.63075e+06	1.6445e+06	1.6345e+06	1.6685e+06	1.659e+06	
1.649e+06	1.6325e+06	1.656e+06	1.6515e+06	1.62825e+06	
1.62625e+06	1.65025e+06	1.6855e+06	1.6345e+06	1.65525e+06	
1.60425e+06	1.61125e+06	1.652e+06	1.65025e+06	1.693e+06	
1.642e+06	1.62325e+06	1.63125e+06	1.64825e+06	1.642e+06	
1.627e+06	1.654e+06	1.5935e+06	1.65475e+06	1.65075e+06	
1.60925e+06	1.61375e+06	1.65725e+06	1.642e+06	1.59425e+06	
1.61425e+06	1.60875e+06	1.60475e+06	1.61125e+06	1.6465e+06	
1.596e+06	1.61175e+06	1.654e+06	1.6275e+06	1.635e+06	
1.644e+06	1.589e+06	1.58775e+06	1.613e+06	1.58975e+06	
1.61125e+06	1.589e+06	1.57025e+06	1.562e+06	1.60175e+06	
1.596e+06	1.569e+06	1.58225e+06	1.64775e+06	1.5835e+06	
1.59725e+06	1.545e+06	1.56325e+06	1.5575e+06	1.574e+06	
1.57025e+06	1.57075e+06	1.5665e+06	1.56825e+06	1.56075e+06	
1.56775e+06	1.55075e+06	1.58025e+06	1.5765e+06	1.5785e+06	
1.555e+06	1.5305e+06	1.54e+06	1.52425e+06	1.5455e+06	
1.56275e+06	1.54425e+06	1.55325e+06	1.52675e+06	1.574e+06	
1.5205e+06	1.5425e+06	1.52975e+06	1.51475e+06	1.56075e+06	
1.5185e+06	1.49575e+06	1.53425e+06	1.574e+06	1.5185e+06	
1.49575e+06	1.49325e+06	1.50475e+06	1.52675e+06	1.526e+06	
1.49325e+06	1.46675e+06	1.5235e+06	1.5405e+06	1.516e+06	
1.492e+06	1.48775e+06	1.44175e+06	1.4775e+06	1.47625e+06	
1.4945e+06	1.49825e+06	1.47575e+06	1.4655e+06	1.50725e+06	
1.4865e+06	1.451e+06	1.47125e+06	1.44225e+06	1.44725e+06	
1.41325e+06	1.45225e+06	1.4455e+06	1.44725e+06	1.43225e+06	
1.4045e+06	1.39375e+06	1.42325e+06	1.40625e+06	1.42975e+06	
1.38125e+06	1.4115e+06	1.42025e+06	1.41025e+06	1.38425e+06	
1.38375e+06	1.397e+06	1.36675e+06	1.368e+06	1.361e+06	
1.35025e+06	1.3655e+06	1.3655e+06	1.36725e+06	1.385e+06	
1.33275e+06	1.3345e+06	1.3515e+06	1.3395e+06	1.38625e+06	
1.32075e+06	1.3585e+06	1.325e+06	1.342e+06	1.34075e+06	
1.308e+06	1.34325e+06	1.31875e+06	1.3465e+06	1.3195e+06	
1.32825e+06	1.313e+06	1.32575e+06	1.3415e+06	1.3155e+06	
1.3225e+06	1.3125e+06	1.32125e+06	1.315e+06	1.281e+06	
1.296e+06	1.271e+06	1.28675e+06	1.27725e+06	1.2815e+06	
1.269e+06	1.26275e+06	1.26825e+06	1.2735e+06	1.27275e+06	
1.28925e+06	1.3005e+06	1.28275e+06	1.28675e+06	1.32e+06	
1.298e+06	1.29175e+06	1.2815e+06	1.27525e+06	1.28275e+06	
1.28975e+06	1.276e+06	1.2905e+06	1.286e+06	1.27275e+06	
1.25375e+06	1.23875e+06	1.267e+06	1.24575e+06	1.2545e+06	
1.24075e+06	1.27025e+06	1.26525e+06	1.24625e+06	1.27025e+06	
1.276e+06	1.274e+06	1.29925e+06	1.2595e+06	1.28225e+06	
1.26775e+06	1.27475e+06	1.291e+06	1.2815e+06	1.2955e+06	
1.26325e+06	1.26025e+06	1.25e+06	1.26775e+06	1.279e+06	
1.2305e+06	1.23925e+06	1.2735e+06	1.23625e+06	1.26325e+06	
1.2765e+06	1.28525e+06	1.2615e+06	1.27475e+06	1.2275e+06	
1.3005e+06	1.28975e+06	1.276e+06	1.29475e+06	1.30875e+06	
1.327e+06	1.296e+06	1.30925e+06	1.31625e+06	1.28675e+06	
1.32575e+06	1.313e+06	1.322e+06	1.32575e+06	1.29475e+06	
1.3155e+06	1.3125e+06	1.32325e+06	1.30375e+06	1.317e+06	
1.30375e+06	1.33325e+06	1.305e+06	1.3365e+06	1.31825e+06	
1.31825e+06	1.30875e+06	1.33325e+06	1.28475e+06	1.3245e+06	
1.2545e+06	1.29925e+06	1.2835e+06	1.2815e+06	1.27475e+06	
1.2425e+06	1.24e+06	1.2205e+06	1.2475e+06	1.23675e+06	
1.20475e+06	1.18525e+06	1.196e+06	1.19975e+06	1.22425e+06	
1.1795e+06	1.182e+06	1.18275e+06	1.201e+06	1.17325e+06	
1.16825e+06	1.18825e+06	1.1845e+06	1.165e+06	1.16875e+06	
1.218e+06	1.22175e+06	1.22875e+06	1.22175e+06	1.2065e+06	
1.23375e+06	1.235e+06	1.23375e+06	1.24125e+06	1.218e+06	
1.2235e+06	1.27275e+06	1.29725e+06	1.25775e+06	1.25075e+06	
1.29425e+06	1.2665e+06	1.264e+06	1.262e+06	1.27975e+06	
1.28475e+06	1.25075e+06	1.27025e+06	1.26275e+06	1.29975e+06	
1.28675e+06	1.286e+06	1.2735e+06	1.301e+06	1.28475e+06	
1.2735e+06	1.293e+06	1.291e+06	1.291e+06	1.293e+06	
1.271e+06	1.2765e+06	1.281e+06	1.26775e+06	1.288e+06	
1.2695e+06	1.2645e+06	1.28225e+06	1.2885e+06	1.296e+06	
1.2695e+06	1.28675e+06	1.28525e+06	1.279e+06	1.25575e+06	
1.271e+06	1.28275e+06	1.3055e+06	1.3295e+06	1.27475e+06	
1.2815e+06	1.27775e+06	1.279e+06	1.26525e+06	1.27775e+06	
1.27525e+06	1.26075e+06	1.255e+06	1.25775e+06	1.245e+06	
1.20525e+06	1.22425e+06	1.2495e+06	1.245e+06	1.28275e+06	
1.22675e+06	1.23175e+06	1.2135e+06	1.24575e+06	1.25e+06	
1.20225e+06	1.23125e+06	1.24625e+06	1.2595e+06	1.2305e+06	
1.204e+06	1.2235e+06	1.20775e+06	1.21975e+06	1.24625e+06	
1.19475e+06	1.216e+06	1.23875e+06	1.235e+06	1.221e+06	
1.221e+06	1.209e+06	1.2105e+06	1.2235e+06	1.22225e+06	
1.209e+06	1.209e+06	1.2305e+06	1.24e+06	1.221e+06	
1.187e+06	1.18775e+06	1.242e+06	1.21925e+06	1.22875e+06	
1.228e+06	1.20775e+06	1.23375e+06	1.24625e+06	1.242e+06	
1.24625e+06	1.20525e+06	1.22675e+06	1.235e+06	1.23675e+06	
1.20775e+06	1.2065e+06	1.21975e+06	1.21175e+06	1.20475e+06	
1.21675e+06	1.218e+06	1.21725e+06	1.2235e+06	1.2305e+06	
1.20975e+06	1.22875e+06	1.21425e+06	1.22675e+06	1.22175e+06	
1.19325e+06	1.23625e+06	1.16e+06	1.2155e+06	1.18275e+06	
1.189e+06	1.22875e+06	1.19525e+06	1.24625e+06	1.218e+06	
1.21725e+06	1.20775e+06	1.2375e+06	1.175e+06	1.19725e+06	
1.213e+06	1.20475e+06	1.2235e+06	1.21675e+06	1.19725e+06	
1.2235e+06	1.18275e+06	1.2155e+06	1.21925e+06	1.218e+06	
1.2155e+06	1.19025e+06	1.2235e+06	1.21725e+06	1.211e+06	
1.17875e+06	1.20025e+06	1.196e+06	1.228e+06	1.20475e+06	
1.211e+06	1.21225e+06	1.2035e+06	1.221e+06	1.201e+06	
1.19975e+06	1.20975e+06	1.1965e+06	1.20025e+06	1.16825e+06	
1.204e+06	1.21725e+06	1.22225e+06	1.2205e+06	1.20975e+06	
1.2185e+06	1.225e+06	1.2065e+06	1.216e+06	1.2445e+06	
1.21425e+06	1.19975e+06	1.2105e+06	1.21975e+06	1.18325e+06	
1.218e+06	1.1985e+06	1.2255e+06	1.21175e+06	1.24075e+06	
1.21225e+06	1.2085e+06	1.194e+06	1.221e+06	1.20525e+06	
1.2205e+06	1.221e+06	1.21475e+06	1.24125e+06	1.196e+06	
1.21425e+06	1.206e+06	1.22925e+06	1.242e+06	1.199e+06	
1.22675e+06	1.22225e+06	1.2185e+06	1.245e+06	1.21175e+06	
1.22225e+06	1.2305e+06	1.235e+06	1.204e+06	1.235e+06	
1.201e+06	1.2105e+06	1.24325e+06	1.21925e+06	1.22875e+06	
1.221e+06	1.18275e+06	1.20475e+06	1.2065e+06	1.213e+06	
1.20275e+06	1.21925e+06	1.20025e+06	1.22175e+06	1.2105e+06	
1.19525e+06	1.235e+06	1.21675e+06	1.2275e+06	1.189e+06	
1.20225e+06	1.206e+06	1.2185e+06	1.218e+06	1.201e+06	
1.22175e+06	1.21475e+06	1.2085e+06	1.23175e+06	1.21425e+06	
1.204e+06	1.19475e+06	1.2475e+06	1.223e+06	1.19725e+06	
1.2275e+06	1.20525e+06	1.20725e+06	1.20525e+06	1.19075e+06	
1.2185e+06	1.19975e+06	1.199e+06	1.22875e+06	1.22425e+06	
1.22625e+06	1.21675e+06	1.2205e+06	1.216e+06	1.18525e+06	
1.213e+06	1.19075e+06	1.1815e+06	1.19525e+06	1.204e+06	
1.22425e+06	1.19325e+06	1.1645e+06	1.2085e+06	1.21475e+06	
1.221e+06	1.1985e+06	1.211e+06	1.17075e+06	1.189e+06	
1.2015e+06	1.19075e+06	1.18275e+06	1.23925e+06	1.2015e+06	
1.15625e+06	1.184e+06	1.196e+06	1.21425e+06	1.19075e+06	
1.19975e+06	1.1865e+06	1.20775e+06	1.19075e+06	1.2015e+06	
1.2155e+06	1.18275e+06	1.196e+06	1.19275e+06	1.206e+06	
1.19525e+06	1.18525e+06	1.189e+06	1.194e+06	1.17e+06	
1.18775e+06	1.17e+06	1.17575e+06	1.20025e+06	1.21175e+06	
1.20275e+06	1.1915e+06	1.18025e+06	1.17625e+06	1.18025e+06	
1.177e+06	1.15e+06	1.196e+06	1.175e+06	1.175e+06	
1.143e+06	1.15425e+06	1.17625e+06	1.19325e+06	1.18775e+06	
1.18075e+06	1.182e+06	1.175e+06	1.1915e+06	1.2085e+06	
1.148e+06	1.2085e+06	1.17e+06	1.15175e+06	1.1575e+06	
1.1605e+06	1.165e+06	1.17075e+06	1.17125e+06	1.201e+06	
1.15925e+06	1.16575e+06	1.155e+06	1.1795e+06	1.1605e+06	
1.1675e+06	1.15675e+06	1.1675e+06	1.20525e+06	1.167e+06	
1.1725e+06	1.15675e+06	1.167e+06	1.184e+06	1.19025e+06	
1.14225e+06	1.16625e+06	1.177e+06	1.163e+06	1.182e+06	
1.16375e+06	1.13425e+06	1.19025e+06	1.189e+06	1.16875e+06	
1.1555e+06	1.146e+06	1.138e+06	1.196e+06	1.16125e+06	
1.163e+06	1.15425e+06	1.18075e+06	1.167e+06	1.18825e+06	
1.1505e+06	1.15675e+06	1.1745e+06	1.141e+06	1.1555e+06	
1.1455e+06	1.155e+06	1.14425e+06	1.16625e+06	1.15425e+06	
1.16625e+06	1.148e+06	1.14925e+06	1.17375e+06	1.1625e+06	
1.14475e+06	1.131e+06	1.165e+06	1.15e+06	1.14875e+06	
1.1235e+06	1.153e+06	1.1625e+06	1.1355e+06	1.1575e+06	
1.1625e+06	1.1455e+06	1.14675e+06	1.14875e+06	1.14875e+06	
1.12225e+06	1.1265e+06	1.14425e+06	1.13975e+06	1.1405e+06	
1.06925e+06	1.1095e+06	1.11525e+06	1.1185e+06	1.14675e+06	
1.10525e+06	1.12225e+06	1.07625e+06	1.109e+06	1.11325e+06	
1.1185e+06	1.107e+06	1.1165e+06	1.097e+06	1.1315e+06	
1.12775e+06	1.09325e+06	1.11525e+06	1.12975e+06	1.09825e+06	
1.119e+06	1.12775e+06	1.11525e+06	1.1065e+06	1.1145e+06	
1.1115e+06	1.08875e+06	1.09825e+06	1.11075e+06	1.1165e+06	
1.12725e+06	1.1165e+06	1.1165e+06	1.0975e+06	1.10575e+06	
1.10575e+06	1.08e+06	1.12525e+06	1.11275e+06	1.13425e+06	
1.12475e+06	1.1145e+06	1.1335e+06	1.114e+06	1.11075e+06	
1.109e+06	1.08425e+06	1.121e+06	1.0925e+06	1.12775e+06	
1.1165e+06	1.11775e+06	1.102e+06	1.1185e+06	1.14175e+06	
1.10275e+06	1.10275e+06	1.12775e+06	1.11975e+06	1.107e+06	
1.08175e+06	1.0705e+06	1.09825e+06	1.0995e+06	1.104e+06	
1.08375e+06	1.07625e+06	1.07675e+06	1.0875e+06	1.06925e+06	
1.03825e+06	1.03075e+06	1.05675e+06	1.05675e+06	1.054e+06	
1.0195e+06	1.02775e+06	1.04975e+06	1.02775e+06	1.0345e+06	
1.0025e+06	1.0265e+06	1.0365e+06	1.04975e+06	1.051e+06	
1.05225e+06	1.0365e+06	1.06925e+06	1.0585e+06	1.03325e+06	
1.066e+06	1.0635e+06	1.05225e+06	1.054e+06	1.0775e+06	
1.06475e+06	1.0635e+06	1.05475e+06	1.06225e+06	1.0825e+06	
1.0515e+06	1.068e+06	1.10325e+06	1.058e+06	1.07175e+06	
1.063e+06	1.0685e+06	1.0725e+06	1.0605e+06	1.04475e+06	
1.06175e+06	1.07375e+06	1.08125e+06	1.095e+06	1.0725e+06	
1.09125e+06	1.09625e+06	1.10325e+06	1.09625e+06	1.078e+06	
1.07425e+06	1.0875e+06	1.078e+06	1.10075e+06	1.107e+06	
1.0685e+06	1.0995e+06	1.058e+06	1.0995e+06	1.109e+06	
1.06675e+06	1.0685e+06	1.06925e+06	1.0855e+06	1.08175e+06	
1.0635e+06	1.095e+06	1.09125e+06	1.07425e+06	1.09575e+06	
1.08875e+06	1.056e+06	1.0895e+06	1.07375e+06	1.09575e+06	
1.061e+06	1.078e+06	1.0755e+06	1.06425e+06	1.06725e+06	
1.0725e+06	1.04975e+06	1.073e+06	1.08875e+06	1.1065e+06	
1.037e+06	1.06975e+06	1.0635e+06	1.08825e+06	1.06725e+06	
1.056e+06	1.04775e+06	1.071e+06	1.0875e+06	1.068e+06	
1.066e+06	1.08875e+06	1.05725e+06	1.0775e+06	1.07675e+06	
1.075e+06	1.07925e+06	1.04525e+06	1.09125e+06	1.044e+06	
1.073e+06	1.05925e+06	1.068e+06	1.06975e+06	1.06225e+06	
1.06675e+06	1.0415e+06	1.03825e+06	1.0705e+06	1.05525e+06	
1.03325e+06	1.04775e+06	1.06475e+06	1.06925e+06	1.07925e+06	
1.0435e+06	1.04475e+06	1.04775e+06	1.063e+06	1.05225e+06	
1.06925e+06	1.06725e+06	1.063e+06	1.0925e+06	1.06475e+06	
1.044e+06	1.02325e+06	1.0605e+06	1.07925e+06	1.05025e+06	
1.09e+06	1.04725e+06	1.03575e+06	1.0755e+06	1.0465e+06	
1.02825e+06	1.0365e+06	1.044e+06	1.07875e+06	1.05225e+06	
1.03325e+06	1.063e+06	1.04275e+06	1.06425e+06	1.083e+06	
1.0535e+06	1.04025e+06	1.06425e+06	1.05275e+06	1.05025e+06	
1.04225e+06	1.0535e+06	1.063e+06	1.03825e+06	1.06175e+06	
1.0415e+06	1.05675e+06	1.05725e+06	1.03525e+06	1.0635e+06	
1.04475e+06	1.032e+06	1.04075e+06	1.0635e+06	1.05675e+06	
1.05975e+06	1.04775e+06	1.02125e+06	1.046e+06	1.0465e+06	
1.04475e+06	1.025e+06	1.03575e+06	1.0265e+06	1.034e+06	
1.0175e+06	1.0295e+06	1.029e+06	1.017e+06	1.0485e+06	
1.0195e+06	1.003e+06	1.01875e+06	1.0415e+06	1.01075e+06	
993500	1.0175e+06	1.02575e+06	1.0245e+06	1.02325e+06	
993500	986000	979000	1.008e+06	969000	
974750	979750	983000	990500	981750	
968500	988500	994250	968500	964000	
964750	980500	1.0055e+06	990500	967750	
1.01075e+06	988500	1.01075e+06	979750	1.00175e+06	
979000	996750	991000	956500	1.00375e+06	
1.00125e+06	996250	1.00425e+06	996750	992250	
1.008e+06	980500	1e+06	989250	1.005e+06	
994750	977750	1.0005e+06	994250	1.00675e+06	
994250	970250	1.00925e+06	1.0125e+06	1.00375e+06	
998750	964750	975250	974750	1.0005e+06	
981750	977750	1.00375e+06	1.00375e+06	989750	
981750	970250	974750	1e+06	994750	
988500	1.00175e+06	979000	984750	993500	
1.00625e+06	996750	988500	1.0175e+06	993000	
979000	988500	1.00425e+06	986000	985500	
991000	971500	971500	1.0055e+06	1.00125e+06	
992250	962750	986000	1.005e+06	989750	
995500	983500	988500	978500	991750	
984250	987250	991750	1.01375e+06	986750	
979750	975250	979750	999250	971500	
998000	997500	967250	995500	984250	
983500	993000	1.0005e+06	958250	983500	
989250	972750	984250	1.00675e+06	986000	
974750	998750	968500	995500	963250	
986000	964000	948250	967250	971000	
985500	960750	967250	977750	982250	
950250	955250	962750	960250	965250	
971000	969000	955750	976000	972750	
957000	966500	957750	971500	956500	
986750	958250	974000	957000	940000	
965250	976500	952000	966500	971000	
946250	927500	945000	961500	950250	
971500	954500	933750	962750	948750	
967250	969750	954000	942000	963250	
954500	966500	973500	947000	946250	
967750	928000	962000	950750	945000	
949500	951500	961500	963250	957750	
942000	954500	949500	962750	967250	
953250	923000	954500	954500	950250	
935750	959500	942500	954500	953250	
957750	948750	914250	931250	942500	
949500	926750	928000	926250	921250	
954500	955750	943250	956500	921750	
930000	960250	948250	952000	925000	
946250	942000	951500	929250	950250	
927500	940750	905500	942000	932500	
919250	913000	918750	935750	926750	
925500	923750	908500	915500	930500	
909750	903500	913500	919250	931250	
909250	909250	949500	910500	941250	
930000	907250	912250	933000	941250	
923000	918750	923000	889750	894000	
913500	916750	902750	925000	931250	
916000	908000	929250	937000	905500	
931750	928000	899000	899750	908000	
937500	916000	901000	923750	906750	
913500	895250	933750	906000	930500	
905500	897750	913500	901000	933000	
916750	923750	916750	910500	923750	
914250	901000	902750	904750	931250	
898500	884000	901500	913000	881500	
923000	918750	918000	875250	903500	
909750	896000	889000	918000	902250	
875250	905500	897750	893500	902750	
892750	905500	891000	888500	880250	
911750	892750	902750	880750	899000	
898500	871250	887000	878250	882750	
887000	896500	879000	891000	902250	
899750	885750	874500	890250	892250	
872000	878250	899000	875250	893500	
891500	889750	889750	896500	882750	
868750	855000	863250	884000	880750	
873250	867500	908000	886500	882000	
896000	874000	874500	879500	896000	
868250	884000	847500	855500	866250	
882750	863250	862000	862500	851750	
882750	872000	867500	884000	865000	
875250	870750	869500	860000	870750	
863750	866250	858250	863250	853750	
890250	904250	885750	880250	861250	
864500	848750	885750	867000	848000	
878250	867000	869500	865000	874500	
879500	857500	873250	859500	862500	
865000	838500	870000	848750	863750	
867000	871250	850000	850500	862500	
856750	877750	837250	854250	862500	
866250	859500	849250	851750	874500	
841750	859500	852500	862000	849250	
844250	850000	840500	861250	843750	
850500	842500	838000	858750	845500	
854250	831750	843000	839250	831750	
842500	825250	867000	824000	859500	
839250	839250	834250	840500	845500	
821500	826500	829750	855000	852500	
839750	819000	837250	839750	837250	
807750	826500	810750	816500	851750	
810250	809500	809000	812750	820250	
836750	829250	817750	814750	810750	
788750	799000	817750	781250	809000	
824000	807750	828000	791250	817750	
784500	810250	789500	821500	829250	
803250	796500	804000	799500	802000	
815250	780000	812250	782500	805750	
790000	783750	784500	814000	806500	
800250	812250	798250	795000	797000	
787500	780500	791250	778750	802750	
766750	766250	764750	773750	785000	
755500	768000	768750	780500	785750	
764250	771250	772500	778750	776250	
785750	781250	778000	776750	802750	
763000	775500	768750	758500	799500	
764750	790000	787000	786250	766750	
785750	775500	761000	773000	765500	
782500	778750	774250	766250	771250	
751750	777500	794500	782500	780500	
780500	785750	751000	772500	775000	
780500	761750	749750	764750	770000	
789500	770500	773750	769250	764250	
759250	767500	759750	763500	773750	
800250	775500	778750	768000	771750	
779250	763000	797750	780500	775500	
774250	799000	789500	766750	773000	
762250	771750	793750	787500	799000	
811500	800750	797000	787500	802750	
799500	790750	773750	784500	802750	
814000	799500	788250	798250	788250	
805250	797750	793750	806500	803250	
793250	785000	785000	789500	812750	
824000	816000	806500	838500	794500	
787500	802000	804000	797750	797000	
793750	791250	804500	800750	787000	
797000	798250	785000	802750	790750	
795750	788250	778000	783750	776750	
768750	771750	778750	773000	787500	
778000	758500	776250	787000	762250	
759750	766250	777500	775500	787500	
781250	778000	758000	766750	776750	
753000	760500	773000	759750	754750	
752250	775000	781250	774250	769250	
758000	767500	775000	781250	754250	
759250	752250	779250	764250	769250	
764750	744000	754250	775000	773750	
737750	747750	771750	764250	764250	
770500	776750	771250	759750	768750	
768000	744000	758000	749750	782500	
759750	770500	768750	749750	772500	
747750	763500	762250	765500	749750	
764250	775500	758500	762250	758500	
766750	757250	759750	751750	772500	
761750	770000	769250	768000	780500	
788250	749000	758500	775500	766750	
747750	773750	760500	744000	744000	
773750	764250	791250	776750	771250	
767500	753000	764250	754750	766750	
747250	761750	736000	779250	770500	
737750	767500	754750	760500	725750	
746500	730750	764250	741000	754750	
744750	753500	739750	738500	741000	
753000	751750	761000	746500	746000	
755500	763500	753500	761000	747750	
763000	751750	744000	764250	746000	
753500	757250	747250	770000	745250	
761750	744750	739000	766250	751000	
740250	730750	747250	733250	749750	
745250	724500	710750	734500	732750	
731500	746000	744750	741000	729500	
742250	735250	751750	755500	751750	
739750	760500	737250	733250	738500	
722750	744750	744000	734500	764250	
726500	746500	723250	765500	729000	
725750	732000	746500	730750	737750	
734000	736500	730750	745250	724500	
741500	734000	740250	742250	732000	
724000	736500	719500	735250	763500	
734500	748500	752250	749000	758500	
764750	731500	752250	749750	732750	
747250	744750	738500	740250	761750	
736000	725750	741500	751750	753000	
751000	756000	758000	731500	743500	
740250	749750	741500	747250	751000	
742750	741000	741500	749000	758000	
744000	740250	749750	745250	757250	
757250	742250	751000	732000	755500	
733250	743500	744000	768750	715750	
744000	751750	744750	750500	741000	
745250	742250	733250	757250	749000	
748500	765500	741500	747750	750500	
750500	746500	761000	755500	751750	
747250	746000	738500	751000	733250	
742250	734500	756750	756750	730750	
756750	734000	741000	744000	728250	
733250	729000	742250	750500	735250	
751750	739750	758500	737750	728250	
736500	725750	717000	729500	761000	
737750	717500	738500	747250	723250	
742250	720750	733250	720750	746000	
723250	719500	741500	741500	724000	
738500	722750	732000	710000	712000	
728250	741000	718750	722750	724500	
731500	722750	728250	720250	733250	
708750	729500	729500	723250	736000	
699250	737750	729500	739750	714500	
720750	717500	730250	727750	725250	
737250	730750	737250	708750	708750	
719500	717500	729500	722750	728250	
725750	707500	710000	717000	725750	
730250	726500	740250	725250	713750	
704500	717500	720250	722750	703750	
707500	690500	705000	718250	725750	
716250	705000	711250	702500	729500	
709500	713750	690000	703750	701750	
701250	704500	682250	711250	703000	
693750	690000	712500	671000	717000	
696250	707000	681000	672750	683000	
688000	684750	684250	691250	677250	
687250	696750	696250	688000	710000	
675500	686000	688500	684250	698000	
675500	673500	677250	680500	682250	
666500	683500	675500	675500	684250	
657750	677250	681000	666500	683500	
658500	664750	686750	675500	681000	
676750	661500	669000	671000	671500	
669000	656500	659750	680500	673500	
658500	683000	667750	671500	667250	
651500	684750	672750	664750	688000	
652750	668500	647000	656500	659000	
659750	677250	644500	646500	673500	
672250	672250	659750	679250	660250	
649000	654000	661500	681000	644500	
662250	669750	664000	662250	659000	
667750	655250	652000	655750	659750	
643250	653250	673500	669750	665250	
644500	668500	659750	661000	670250	
645750	650750	644500	664000	654500	
659750	659750	655750	663500	649500	
670250	660250	655750	671500	666000	
659000	649000	646500	642000	655250	
650750	664000	638250	646500	656500	
641250	640000	669750	643250	659750	
669750	653250	638750	674250	662250	
679250	652750	626250	662250	656500	
652000	635750	667250	657000	649000	
671500	653250	656500	659750	643250	
654500	657750	653250	664000	654500	
678500	664000	648250	658500	672250	
669750	667750	671000	661000	668500	
647000	664000	663500	666000	671000	
653250	665250	652000	645750	680500	
658500	655250	652750	674750	666000	
661500	672250	683000	666500	679750	
648250	667750	664000	672750	671500	
664750	679750	664000	649000	660250	
665250	667750	662250	662750	688000	
660250	650250	670250	686000	650250	
674750	688500	649000	673500	671000	
661500	659000	667250	672750	657000	
666000	668500	664750	661000	665250	
672750	674250	655750	642500	664000	
655250	675500	646500	666500	657750	
666000	664000	652000	667750	644000	
661000	669750	655750	667750	653250	
661500	662750	654500	664000	660250	
650250	653250	665250	666500	664750	
651500	666500	664750	648250	669000	
638750	647000	652000	654000	643250	
659000	659750	652750	659000	654000	
645750	660250	645750	640750	659000	
646500	649000	662750	655750	644500	
659750	661000	649500	650250	668500	
654500	655750	658500	654500	657750	
650750	667250	656500	661000	657000	
651500	659000	659000	640000	655750	
674750	649500	654000	646500	648250	
653250	650250	655750	649000	666500	
645750	667750	655250	661000	650250	
649000	662250	653250	651500	650750	
649500	663500	652000	647750	669000	
661000	650750	652000	654500	662750	
656500	638750	655250	657000	652000	
660250	660250	660250	661500	667750	
650750	678500	651500	658500	642500	
672250	662750	657000	641250	658500	
656500	651500	664750	652000	670250	
645750	647000	626250	652000	654500	
646500	655250	647750	655750	651500	
652750	649000	650750	666500	655250	
667250	657750	634500	659750	646500	
663500	650750	667250	659750	636250	
645250	663500	645750	659750	649500	
667250	661500	660250	650250	640750	
633750	668500	657750	648250	652750	
650750	644000	664750	661000	658500	
647750	661500	663500	659750	644500	
644000	650250	669000	657000	664750	
647000	666000	657750	638750	659000	
644500	650250	637500	635000	649000	
667750	653250	655750	656500	638750	
659000	649500	665250	654500	669750	
678500	644000	668500	648250	659750	
639500	644000	645250	671000	659750	
642000	646500	651500	664000	653250	
647750	646500	650250	645750	663500	
657000	654500	656500	653250	637000	
641250	648250	655250	661500	648250	
655750	666000	657750	646500	644500	
654500	661000	639500	645750	657750	
649000	637000	662750	632500	667750	
640750	654500	658500	654000	637000	
648250	645250	641250	657000	656500	
685500	638750	657750	648250	626750	
664750	647750	674750	661500	660250	
649500	676000	642500	650250	637500	
650250	642000	637500	650750	648250	
646500	662750	640750	653250	645750	
642500	649500	654000	652750	655750	
654500	644000	650750	655750	642500	
653250	670250	650250	655250	645250	
655250	663500	646500	660250	651500	
645750	664000	652750	659000	664000	
666500	658500	639500	659000	654000	
643250	653250	644000	641250	654000	
655250	652750	659000	650250	651500	
656500	651500	655750	671500	663500	
649000	644500	659000	659750	633250	
644500	664000	658500	654500	642000	
669000	642500	653250	672250	644500	
636250	632500	642000	640000	676000	
654500	628250	636250	654500	640000	
652000	658500	657000	640750	646500	
652000	655750	633750	652000	662250	
658500	644000	656500	643250	648250	
645750	651500	642000	636250	667750	
650750	657750	650750	664750	642500	
653250	661500	655750	652750	640750	
642000	638750	647000	647000	638250	
644000	624250	640750	645250	646500	
637500	628250	645750	639500	649000	
660250	669000	646500	659750	644000	
660250	652000	636250	646500	641250	
652000	638250	654500	642000	665250	
628250	639500	649000	647750	668500	
660250	636250	650250	658500	640750	
659000	632000	652000	671000	649500	
644000	638250	623000	635750	642000	
657000	645250	661000	659750	645250	
632500	633250	649500	649000	647750	
650250	643250	650250	660250	644000	
649500	638250	652000	644000	650750	
647000	645250	649000	652750	667250	
642000	625000	647750	652000	655250	
681750	638750	643250	655750	654000	
666500	651500	654000	657750	650750	
658500	647750	644500	655750	649000	
658500	632500	654500	637500	645750	
658500	661500	647750	642000	665250	
659750	662250	655250	641250	662250	
658500	652000	649500	664000	623750	
642500	655250	654500	647750	661000	
636250	647750	632000	645250	665250	
645250	637000	661500	647000	642500	
658500	657000	630000	640750	647000	
645250	647000	658500	644500	658500	
649000	631250	634500	645250	627500	
639500	646500	643250	645250	665250	
666500	638250	659750	643250	662750	
657750	645750	650250	641250	650750	
662750	633250	633750	618000	641250	
640750	663500	639500	642500	642500	
661000	669750	633750	646500	641250	
639500	638750	653250	623750	633750	
642500	654000	631250	653250	635000	
640000	623750	654500	645250	635750	
656500	647750	638250	647750	632500	
636250	633250	634500	649500	638250	
635750	642000	650250	633250	640750	
650250	645750	645750	621250	635000	
635000	649500	628250	645250	661500	
648250	645250	645250	640000	646500	
662250	635000	647000	645750	647750	
638750	650750	635000	635000	636250	
646500	660250	637500	633250	652750	
649000	639500	638750	649000	653250	
636250	642500	642500	654000	645750	
630750	655250	643250	642500	638750	
640750	651500	638750	625000	634500	
623000	616250	659000	636250	630000	
638250	645750	640750	648250	654000	
633250	650250	645250	640750	649000	
635000	637500	650250	638750	638250	
660250	662250	649500	626250	652000	
656500	645750	640750	649500	637500	
655250	640000	635000	662750	647000	
649000	637500	641250	649000	644500	
621250	644000	641250	640750	660250	
644000	635750	637000	633250	645750	
650750	655250	654000	650750	646500	
641250	623750	650250	646500	652000	
643250	638750	634500	635750	652000	
645750	630750	645750	645250	640000	
644500	647750	626750	646500	632500	
640000	651500	633250	660250	637000	
638250	653250	641250	626750	654500	
655250	642000	644500	626250	650750	
646500	622500	644000	650250	651500	
634500	666500	632000	640750	637500	
635000	642000	646500	641250	640750	
642500	631250	639500	633250	633250	
645250	645750	633250	644500	646500	
649500	651500	642000	628750	662250	
634500	633250	618000	656500	636250	
644000	638250	650750	639500	616250	
638750	638250	640750	640000	641250	
665250	651500	669000	638250	648250	
634500	637000	644500	633250	643250	
648250	645250	664000	637000	639500	
632000	630000	640000	640750	637000	
650750	633750	645250	638750	638250	
637500	642000	649500	645250	644000	
624250	637000	633250	630000	640000	
642500	642500	624250	637000	635750	
632000	654000	637500	628750	638250	
636250	618000	657750	637000	650250	
633750	629500	650750	633750	632000	
624250	647000	650250	627500	635000	
630000	647750	639500	616750	649000	
623000	635750	657750	634500	638750	
635750	635000	649000	645750	635000	
604250	629500	644000	639500	644500	
618000	628250	641250	651500	660250	
637500	627500	638250	635750	645750	
640000	618750	636250	632000	645750	
645250	652750	633250	632500	640000	
638250	626750	647000	639500	637000	
628750	652750	648250	630750	646500	
635000	642500	640000	645250	625000	
626250	638250	638250	638250	635000	
645250	636250	635000	632500	631250	
650250	633250	630750	626750	630750	
633250	623750	655250	617500	649500	
631250	640000	638750	630000	641250	
647000	632500	633750	633750	627500	
633750	650750	655250	613750	654500	
652750	626250	637500	643250	640000	
636250	628250	644000	622500	639500	
633250	657750	648250	618750	633250	
614250	623750	621750	638250	628750	
635750	623750	625000	652000	625500	
645250	635750	628750	646500	654000	
630750	657750	633250	621250	644500	
620000	637500	638750	642000	641250	
626750	649500	618000	654000	630750	
646500	639500	652750	632000	636250	
632500	638750	629500	632000	635750	
626250	644000	642500	643250	634500	
628750	640000	630750	640750	630750	
640750	628250	637500	640750	637500	
642000	647000	638750	629500	637000	
640000	610500	633250	635750	645250	
623000	628250	633750	631250	637000	
644500	618750	636250	630000	628750	
637500	635000	636250	631250	632500	
635750	628250	648250	637000	629500	
627500	621250	632500	651500	621250	
635000	635000	637000	648250	626750	
628250	633250	643250	626250	638250	
636250	651500	619250	638250	635000	
647750	656500	631250	632000	628250	
637500	624250	627500	642000	630750	
642500	645250	630750	650250	643250	
613750	644000	645250	634500	637500	
640750	630750	650750	627500	641250	
626250	638250	655750	629500	630000	
627500	625500	650250	654500	635000	
632500	640000	623750	636250	616250	
629500	653250	646500	637000	632500	
633750	631250	641250	645250	640750	
624250	620000	636250	635750	642500	
633750	635000	630000	625500	636250	
633750	644000	640750	643250	642000	
635750	649000	624250	657000	636250	
652000	632000	653250	625000	632500	
626750	651500	644500	620000	631250	
629500	636250	632500	637500	626750	
629500	647000	625000	649000	639500	
640000	642000	625500	628250	621750	
657000	637000	623750	622500	627500	
639500	634500	642000	638750	628250	
610500	632000	642500	625000	625500	
624250	630750	638750	635750	643250	
633750	645750	644000	636250	624250	
638250	653250	620500	633750	661500	
625500	619250	620500	624250	628750	
628750	635750	628750	632500	627500	
633250	641250	639500	632500	649000	
633250	635000	634500	634500	652000	
633750	633750	637500	643250	626750	
631250	642000	637500	634500	637000	
635750	635000	645750	635000	633750	
620000	644500	639500	640000	640750	
649000	616250	640750	630750	630750	
639500	652000	640000	623750	628250	
643250	648250	638750	633250	623000	
631250	635000	646500	631250	653250	
638750	621750	630750	646500	636250	
653250	616750	637500	635000	636250	
637000	619250	654000	640750	632500	
632500	631250	630750	656500	641250	
642000	638750	615500	642000	630000	
632000	624250	635000	639500	635750	
638750	614250	638750	623750	640750	
629500	638250	626750	641250	636250	
646500	645750	633750	634500	633250	
639500	640750	646500	655750	632500	
639500	640750	646500	655750	632500	
639500	640750	646500	655750	632500	
