4250	4250	4250	4250	4250	
7.13825e+06	7.13825e+06	7.13825e+06	7.13825e+06	7.13825e+06	
541750	512250	555750	522250	523000	
513500	519000	523000	512250	504000	
520250	503250	517750	500750	520250	
523000	514000	513500	519000	523500	
514750	516000	507250	509000	521750	
524250	506500	514750	509750	526750	
514750	516500	514750	516500	521750	
513500	514750	521000	507250	524750	
518500	504000	511000	540500	504500	
517750	528500	517750	529250	520250	
526750	531750	526750	523000	541750	
531750	533000	529250	538000	544250	
534750	539250	542500	534250	545500	
548750	519000	541250	540000	536750	
548750	543750	553750	553250	558750	
549250	563250	562000	557500	559500	
550500	575250	534250	563750	554500	
546750	557000	558250	550500	555000	
570250	557000	571500	580750	573250	
576500	572750	586500	580250	575250	
575750	581500	565750	586000	584750	
647000	650250	645250	633250	636250	
805250	816500	802000	826000	797750	
816500	840500	793250	821000	827250	
823500	822750	826000	824000	824000	
850000	841000	823500	819750	821500	
837250	816500	851750	828000	836000	
842500	841750	841750	839750	817250	
856750	836000	842500	861250	844250	
895250	890250	862500	863250	848000	
889750	874000	872500	889750	888500	
907250	912250	904750	911750	923000	
887000	913500	897250	892250	893500	
897250	897750	879500	916750	875750	
892250	902250	892250	886500	937000	
902250	914250	914750	882000	919250	
894750	896000	887000	861250	899750	
903500	920500	901000	896000	905500	
941250	921250	927500	933000	896500	
960250	937500	926250	937000	928000	
946250	935750	930000	947500	966000	
948750	954500	985500	953250	913500	
966000	972750	969750	967250	971500	
973500	962000	945000	967750	984750	
948750	966500	963250	945750	977750	
960750	941250	943750	936250	959000	
942000	971000	935000	959000	925500	
925000	940000	923000	938250	928000	
936250	902750	927500	913500	920500	
910500	913000	909750	913500	908500	
933750	937000	887750	910500	886500	
901500	916000	908500	904250	903500	
896000	892250	901000	873250	889750	
904250	912250	891000	899000	893500	
941250	945000	954000	945750	937000	
1.0075e+06	1.00375e+06	986750	993000	1.0025e+06	
1.03275e+06	1.005e+06	1.0025e+06	989750	1.0265e+06	
1.015e+06	1.027e+06	1.0075e+06	1.005e+06	1.0245e+06	
959500	980500	997500	964750	1.00375e+06	
983500	969000	953250	976500	953250	
950750	961500	947000	959000	962000	
992250	960750	1.00375e+06	972250	976500	
997500	1.0025e+06	996250	1.00875e+06	1e+06	
1.0225e+06	1.0345e+06	1.02e+06	1.03525e+06	1.05725e+06	
1.0245e+06	1.03525e+06	1.027e+06	1.02e+06	1.03325e+06	
1.01825e+06	1.0365e+06	1.02775e+06	1.0175e+06	1.0265e+06	
1.025e+06	1.0195e+06	1.04475e+06	1.04275e+06	1.01125e+06	
1.083e+06	1.07675e+06	1.04225e+06	1.06975e+06	1.05025e+06	
1.06675e+06	1.06175e+06	1.05025e+06	1.0415e+06	1.054e+06	
1.05925e+06	1.05925e+06	1.04275e+06	1.058e+06	1.06975e+06	
1.08375e+06	1.1065e+06	1.092e+06	1.03525e+06	1.09625e+06	
1.13725e+06	1.16125e+06	1.15125e+06	1.136e+06	1.14175e+06	
1.14475e+06	1.1795e+06	1.1815e+06	1.16375e+06	1.1575e+06	
1.158e+06	1.15925e+06	1.16e+06	1.16575e+06	1.1895e+06	
1.1695e+06	1.19075e+06	1.1725e+06	1.2015e+06	1.20775e+06	
1.16825e+06	1.16175e+06	1.1845e+06	1.1525e+06	1.2035e+06	
1.163e+06	1.13475e+06	1.184e+06	1.1525e+06	1.1355e+06	
1.1555e+06	1.11775e+06	1.146e+06	1.1525e+06	1.1315e+06	
1.1285e+06	1.1645e+06	1.1455e+06	1.15125e+06	1.14175e+06	
1.12525e+06	1.117e+06	1.12775e+06	1.16e+06	1.1505e+06	
1.16125e+06	1.1555e+06	1.17325e+06	1.1745e+06	1.18525e+06	
1.19525e+06	1.19075e+06	1.213e+06	1.2135e+06	1.1865e+06	
1.24325e+06	1.247e+06	1.23175e+06	1.18575e+06	1.211e+06	
1.23175e+06	1.24375e+06	1.20525e+06	1.2495e+06	1.235e+06	
1.18525e+06	1.19075e+06	1.199e+06	1.1795e+06	1.20025e+06	
1.16e+06	1.189e+06	1.17125e+06	1.18325e+06	1.17325e+06	
1.2135e+06	1.213e+06	1.187e+06	1.1965e+06	1.18525e+06	
1.20725e+06	1.2205e+06	1.20525e+06	1.2155e+06	1.2105e+06	
1.2015e+06	1.1915e+06	1.17325e+06	1.21925e+06	1.1895e+06	
1.1355e+06	1.1525e+06	1.141e+06	1.12775e+06	1.13925e+06	
1.1405e+06	1.1385e+06	1.15625e+06	1.15e+06	1.131e+06	
1.15e+06	1.14175e+06	1.1555e+06	1.1335e+06	1.1215e+06	
1.1315e+06	1.11775e+06	1.13675e+06	1.1e+06	1.1065e+06	
1.04775e+06	1.0895e+06	1.09575e+06	1.06425e+06	1.085e+06	
1.0755e+06	1.0975e+06	1.131e+06	1.08825e+06	1.09875e+06	
1.11975e+06	1.0855e+06	1.1185e+06	1.11525e+06	1.09825e+06	
1.11275e+06	1.13275e+06	1.12725e+06	1.09325e+06	1.11275e+06	
1.1265e+06	1.146e+06	1.14925e+06	1.14475e+06	1.167e+06	
1.1915e+06	1.2135e+06	1.19275e+06	1.20725e+06	1.19525e+06	
1.223e+06	1.21925e+06	1.20025e+06	1.223e+06	1.22625e+06	
1.2565e+06	1.21925e+06	1.223e+06	1.2155e+06	1.238e+06	
1.2645e+06	1.262e+06	1.264e+06	1.2445e+06	1.252e+06	
1.28675e+06	1.27225e+06	1.279e+06	1.23125e+06	1.29425e+06	
1.32875e+06	1.30375e+06	1.34075e+06	1.337e+06	1.31825e+06	
1.38875e+06	1.36675e+06	1.38e+06	1.38125e+06	1.3755e+06	
1.378e+06	1.41325e+06	1.38625e+06	1.39875e+06	1.405e+06	
1.35025e+06	1.373e+06	1.339e+06	1.3565e+06	1.3515e+06	
1.28225e+06	1.3025e+06	1.29225e+06	1.3175e+06	1.315e+06	
1.24875e+06	1.28525e+06	1.284e+06	1.28475e+06	1.2765e+06	
1.2765e+06	1.24e+06	1.2735e+06	1.259e+06	1.27725e+06	
1.30625e+06	1.27975e+06	1.317e+06	1.30675e+06	1.296e+06	
1.34025e+06	1.3755e+06	1.361e+06	1.36475e+06	1.35475e+06	
1.417e+06	1.42475e+06	1.402e+06	1.41575e+06	1.43475e+06	
1.30625e+06	1.303e+06	1.3275e+06	1.363e+06	1.34275e+06	
1.2735e+06	1.3155e+06	1.3005e+06	1.315e+06	1.29975e+06	
1.23625e+06	1.24825e+06	1.22425e+06	1.2495e+06	1.23625e+06	
1.175e+06	1.1775e+06	1.16825e+06	1.199e+06	1.17125e+06	
1.13275e+06	1.143e+06	1.124e+06	1.15875e+06	1.1215e+06	
1.12775e+06	1.129e+06	1.12975e+06	1.117e+06	1.10825e+06	
1.1215e+06	1.10525e+06	1.109e+06	1.12225e+06	1.136e+06	
1.1775e+06	1.16825e+06	1.14475e+06	1.1625e+06	1.1675e+06	
1.21725e+06	1.24125e+06	1.23425e+06	1.233e+06	1.22675e+06	
1.3465e+06	1.33275e+06	1.35475e+06	1.363e+06	1.36225e+06	
1.363e+06	1.3875e+06	1.38625e+06	1.39625e+06	1.38675e+06	
1.376e+06	1.36025e+06	1.376e+06	1.38875e+06	1.3705e+06	
1.32075e+06	1.33125e+06	1.36975e+06	1.3635e+06	1.337e+06	
1.376e+06	1.36425e+06	1.378e+06	1.39375e+06	1.40075e+06	
1.43025e+06	1.40075e+06	1.3995e+06	1.38425e+06	1.426e+06	
1.417e+06	1.43225e+06	1.43775e+06	1.4315e+06	1.43025e+06	
1.40125e+06	1.4145e+06	1.41025e+06	1.44675e+06	1.4285e+06	
1.405e+06	1.3735e+06	1.402e+06	1.44925e+06	1.42325e+06	
1.4455e+06	1.40125e+06	1.41825e+06	1.45175e+06	1.4145e+06	
1.4095e+06	1.41325e+06	1.443e+06	1.43025e+06	1.43225e+06	
1.42775e+06	1.45425e+06	1.45225e+06	1.4655e+06	1.46375e+06	
1.52975e+06	1.54125e+06	1.499e+06	1.521e+06	1.51025e+06	
1.5745e+06	1.6105e+06	1.5915e+06	1.60425e+06	1.61125e+06	
1.7245e+06	1.6735e+06	1.64525e+06	1.695e+06	1.6875e+06	
1.68625e+06	1.70825e+06	1.66925e+06	1.693e+06	1.69375e+06	
1.698e+06	1.7e+06	1.71e+06	1.71325e+06	1.72825e+06	
1.74675e+06	1.707e+06	1.72075e+06	1.7385e+06	1.75175e+06	
1.82425e+06	1.79325e+06	1.843e+06	1.833e+06	1.8085e+06	
1.7655e+06	1.76925e+06	1.81025e+06	1.81775e+06	1.8065e+06	
1.70625e+06	1.66525e+06	1.7025e+06	1.7095e+06	1.71775e+06	
1.581e+06	1.57075e+06	1.601e+06	1.58975e+06	1.58225e+06	
1.42275e+06	1.3925e+06	1.397e+06	1.38675e+06	1.3975e+06	
1.24325e+06	1.23675e+06	1.24375e+06	1.24875e+06	1.2595e+06	
1.204e+06	1.2035e+06	1.19725e+06	1.2135e+06	1.22425e+06	
1.327e+06	1.32375e+06	1.315e+06	1.308e+06	1.33e+06	
1.51725e+06	1.5325e+06	1.50975e+06	1.51925e+06	1.55325e+06	
1.7295e+06	1.72075e+06	1.7025e+06	1.6875e+06	1.693e+06	
1.79575e+06	1.8695e+06	1.7965e+06	1.809e+06	1.8115e+06	
1.88475e+06	1.857e+06	1.8715e+06	1.84675e+06	1.89725e+06	
1.83925e+06	1.797e+06	1.8165e+06	1.80325e+06	1.83925e+06	
1.70125e+06	1.67225e+06	1.7e+06	1.683e+06	1.6735e+06	
1.48825e+06	1.47e+06	1.48125e+06	1.47e+06	1.485e+06	
1.3855e+06	1.3855e+06	1.388e+06	1.37175e+06	1.34775e+06	
1.48e+06	1.4775e+06	1.48375e+06	1.44975e+06	1.5015e+06	
1.712e+06	1.7315e+06	1.731e+06	1.76625e+06	1.72075e+06	
1.99875e+06	2.0435e+06	1.97925e+06	2.0005e+06	2.03025e+06	
2.225e+06	2.1865e+06	2.16325e+06	2.1865e+06	2.184e+06	
2.27525e+06	2.28675e+06	2.3005e+06	2.33025e+06	2.30175e+06	
2.373e+06	2.40575e+06	2.414e+06	2.39575e+06	2.42025e+06	
2.42475e+06	2.4385e+06	2.4115e+06	2.438e+06	2.4355e+06	
2.39825e+06	2.46825e+06	2.4525e+06	2.453e+06	2.39375e+06	
2.43925e+06	2.443e+06	2.47125e+06	2.4605e+06	2.47075e+06	
2.526e+06	2.5205e+06	2.4795e+06	2.496e+06	2.53425e+06	
2.5325e+06	2.496e+06	2.56025e+06	2.58275e+06	2.5495e+06	
2.64525e+06	2.64575e+06	2.62325e+06	2.6365e+06	2.6275e+06	
2.67475e+06	2.69425e+06	2.70825e+06	2.65275e+06	2.6785e+06	
2.63575e+06	2.68675e+06	2.7025e+06	2.668e+06	2.6705e+06	
2.731e+06	2.73975e+06	2.79075e+06	2.77625e+06	2.79075e+06	
2.74025e+06	2.71825e+06	2.72025e+06	2.7265e+06	2.76175e+06	
2.68375e+06	2.6345e+06	2.656e+06	2.62875e+06	2.64825e+06	
2.69175e+06	2.67175e+06	2.66225e+06	2.69875e+06	2.685e+06	
2.71525e+06	2.69175e+06	2.76375e+06	2.69625e+06	2.70625e+06	
2.748e+06	2.6905e+06	2.7285e+06	2.70375e+06	2.7145e+06	
2.6755e+06	2.695e+06	2.6805e+06	2.6975e+06	2.6875e+06	
2.69125e+06	2.7245e+06	2.68125e+06	2.7045e+06	2.69625e+06	
2.77875e+06	2.785e+06	2.741e+06	2.73275e+06	2.80025e+06	
2.6995e+06	2.70575e+06	2.666e+06	2.71275e+06	2.73775e+06	
2.67925e+06	2.74425e+06	2.73275e+06	2.67225e+06	2.70575e+06	
2.67725e+06	2.68425e+06	2.685e+06	2.69175e+06	2.71075e+06	
2.7e+06	2.71575e+06	2.76175e+06	2.75625e+06	2.72525e+06	
2.806e+06	2.804e+06	2.7655e+06	2.83425e+06	2.7625e+06	
2.81025e+06	2.81725e+06	2.83625e+06	2.73475e+06	2.80275e+06	
2.90475e+06	2.87275e+06	2.80025e+06	2.92375e+06	2.879e+06	
2.96275e+06	2.949e+06	3.01325e+06	2.944e+06	3.01125e+06	
3.0435e+06	3.0505e+06	3.06175e+06	3.06675e+06	3.065e+06	
3.036e+06	3.0465e+06	3.05225e+06	3.073e+06	3.09125e+06	
2.983e+06	2.952e+06	2.94525e+06	2.9855e+06	3.022e+06	
2.80475e+06	2.82225e+06	2.794e+06	2.833e+06	2.76375e+06	
2.772e+06	2.76875e+06	2.79075e+06	2.809e+06	2.792e+06	
2.82225e+06	2.881e+06	2.874e+06	2.85625e+06	2.92375e+06	
3.06425e+06	3.01e+06	2.99175e+06	3.07375e+06	3.039e+06	
3.17775e+06	3.14425e+06	3.15625e+06	3.21925e+06	3.167e+06	
3.16125e+06	3.25075e+06	3.2005e+06	3.22e+06	3.24825e+06	
3.26075e+06	3.22675e+06	3.28175e+06	3.213e+06	3.2635e+06	
3.2495e+06	3.2565e+06	3.24e+06	3.22375e+06	3.28425e+06	
3.189e+06	3.12675e+06	3.16075e+06	3.20675e+06	3.228e+06	
3.1185e+06	3.102e+06	3.182e+06	3.1455e+06	3.17525e+06	
3.22625e+06	3.26975e+06	3.24325e+06	3.3125e+06	3.29625e+06	
3.3555e+06	3.2665e+06	3.26775e+06	3.31125e+06	3.3265e+06	
3.2665e+06	3.34475e+06	3.3075e+06	3.2425e+06	3.25775e+06	
3.34475e+06	3.339e+06	3.3245e+06	3.32325e+06	3.33275e+06	
3.20975e+06	3.25575e+06	3.286e+06	3.28675e+06	3.29375e+06	
3.31075e+06	3.3385e+06	3.31625e+06	3.30425e+06	3.2595e+06	
3.33325e+06	3.38e+06	3.38175e+06	3.3515e+06	3.38575e+06	
3.448e+06	3.4845e+06	3.46325e+06	3.50925e+06	3.50525e+06	
3.448e+06	3.4335e+06	3.46075e+06	3.489e+06	3.438e+06	
3.383e+06	3.41075e+06	3.39075e+06	3.36225e+06	3.35675e+06	
3.32125e+06	3.349e+06	3.407e+06	3.3635e+06	3.3295e+06	
3.3515e+06	3.2905e+06	3.3265e+06	3.3125e+06	3.327e+06	
3.3435e+06	3.373e+06	3.33075e+06	3.3195e+06	3.33275e+06	
3.33075e+06	3.3435e+06	3.346e+06	3.35725e+06	3.356e+06	
3.4015e+06	3.419e+06	3.438e+06	3.453e+06	3.397e+06	
3.42725e+06	3.41325e+06	3.4235e+06	3.47125e+06	3.43675e+06	
3.41475e+06	3.3995e+06	3.42475e+06	3.46325e+06	3.472e+06	
3.38575e+06	3.42525e+06	3.431e+06	3.448e+06	3.42775e+06	
3.43475e+06	3.48775e+06	3.50025e+06	3.51475e+06	3.48025e+06	
3.567e+06	3.61e+06	3.637e+06	3.56275e+06	3.63025e+06	
3.6415e+06	3.646e+06	3.64975e+06	3.6145e+06	3.68675e+06	
3.673e+06	3.70575e+06	3.7485e+06	3.66475e+06	3.74225e+06	
3.666e+06	3.6105e+06	3.74925e+06	3.7215e+06	3.705e+06	
3.61125e+06	3.6e+06	3.53425e+06	3.6275e+06	3.55325e+06	
3.4795e+06	3.516e+06	3.4985e+06	3.52425e+06	3.49975e+06	
3.48775e+06	3.46625e+06	3.52375e+06	3.516e+06	3.494e+06	
3.5135e+06	3.46825e+06	3.45675e+06	3.4355e+06	3.45e+06	
3.6e+06	3.59475e+06	3.562e+06	3.53675e+06	3.569e+06	
3.65025e+06	3.65725e+06	3.6825e+06	3.6635e+06	3.6945e+06	
3.71575e+06	3.7115e+06	3.72275e+06	3.68875e+06	3.67675e+06	
3.7285e+06	3.71775e+06	3.685e+06	3.74675e+06	3.75675e+06	
3.6875e+06	3.75425e+06	3.6655e+06	3.72775e+06	3.71575e+06	
3.627e+06	3.661e+06	3.69e+06	3.61175e+06	3.66725e+06	
3.758e+06	3.65225e+06	3.6925e+06	3.72975e+06	3.7625e+06	
3.79075e+06	3.79275e+06	3.811e+06	3.81025e+06	3.83925e+06	
3.792e+06	3.74925e+06	3.797e+06	3.746e+06	3.741e+06	
3.79975e+06	3.6515e+06	3.6975e+06	3.7315e+06	3.72775e+06	
3.57025e+06	3.5685e+06	3.6295e+06	3.651e+06	3.59425e+06	
3.651e+06	3.63075e+06	3.608e+06	3.67175e+06	3.659e+06	
3.67225e+06	3.76375e+06	3.69375e+06	3.74975e+06	3.7025e+06	
3.76e+06	3.76375e+06	3.7485e+06	3.738e+06	3.772e+06	
3.69075e+06	3.65275e+06	3.73275e+06	3.71325e+06	3.72275e+06	
3.64525e+06	3.6075e+06	3.61575e+06	3.5785e+06	3.6345e+06	
3.4235e+06	3.45875e+06	3.431e+06	3.45125e+06	3.54075e+06	
3.269e+06	3.274e+06	3.28225e+06	3.2635e+06	3.31325e+06	
3.07675e+06	3.0625e+06	3.02825e+06	3.1015e+06	3.06175e+06	
2.954e+06	2.9755e+06	2.96525e+06	2.978e+06	3.041e+06	
3.094e+06	3.0875e+06	3.005e+06	3.1335e+06	3.07625e+06	
3.42275e+06	3.44175e+06	3.443e+06	3.429e+06	3.4725e+06	
3.89925e+06	3.81975e+06	3.7845e+06	3.78775e+06	3.81925e+06	
4.0435e+06	4.024e+06	4.0675e+06	4.08125e+06	4.089e+06	
3.9735e+06	4.056e+06	3.9905e+06	4.056e+06	4.0145e+06	
3.964e+06	4.11225e+06	4.019e+06	3.9825e+06	4.00575e+06	
4.097e+06	4.07625e+06	4.0845e+06	4.1015e+06	4.114e+06	
4.01125e+06	4.09275e+06	4.09275e+06	4.0915e+06	4.07825e+06	
3.92575e+06	3.901e+06	3.85325e+06	3.88025e+06	3.8955e+06	
3.90625e+06	3.86775e+06	3.86275e+06	3.864e+06	3.93125e+06	
4.046e+06	4.0875e+06	4.031e+06	4.04925e+06	4.05925e+06	
4.14175e+06	4.21425e+06	4.15575e+06	4.25075e+06	4.22425e+06	
4.26025e+06	4.33725e+06	4.28175e+06	4.2585e+06	4.2785e+06	
4.307e+06	4.37e+06	4.327e+06	4.31825e+06	4.414e+06	
4.545e+06	4.50225e+06	4.6005e+06	4.54325e+06	4.54625e+06	
4.571e+06	4.57025e+06	4.518e+06	4.583e+06	4.5905e+06	
4.63775e+06	4.615e+06	4.5855e+06	4.593e+06	4.5495e+06	
4.49775e+06	4.549e+06	4.554e+06	4.4935e+06	4.46575e+06	
4.404e+06	4.47325e+06	4.443e+06	4.455e+06	4.445e+06	
4.30875e+06	4.319e+06	4.3315e+06	4.2375e+06	4.3435e+06	
4.2225e+06	4.145e+06	4.2565e+06	4.23075e+06	4.189e+06	
4.092e+06	4.063e+06	4.09575e+06	4.0555e+06	4.145e+06	
4.24e+06	4.27925e+06	4.33975e+06	4.33075e+06	4.3045e+06	
4.45625e+06	4.4595e+06	4.467e+06	4.5085e+06	4.516e+06	
4.58175e+06	4.52125e+06	4.496e+06	4.53825e+06	4.57725e+06	
4.484e+06	4.5225e+06	4.535e+06	4.54125e+06	4.52425e+06	
4.44425e+06	4.45875e+06	4.48775e+06	4.4915e+06	4.5035e+06	
4.6605e+06	4.53875e+06	4.64975e+06	4.6025e+06	4.6975e+06	
4.71075e+06	4.75625e+06	4.72475e+06	4.71275e+06	4.77575e+06	
4.9195e+06	4.93325e+06	4.93825e+06	4.95225e+06	4.9e+06	
4.934e+06	4.97675e+06	4.9565e+06	4.92825e+06	5.01575e+06	
5.02975e+06	5.05375e+06	5.0405e+06	4.944e+06	5.0895e+06	
5.00825e+06	5.0605e+06	5.05175e+06	5.11425e+06	5.198e+06	
5.084e+06	5.041e+06	5.07075e+06	5.005e+06	5.06425e+06	
4.92575e+06	4.96175e+06	4.96675e+06	5.0745e+06	5.02725e+06	
5.04925e+06	5.038e+06	5.00125e+06	5.046e+06	5.11925e+06	
5.1185e+06	5.0825e+06	5.0265e+06	5.02275e+06	5.099e+06	
5.06375e+06	5.12225e+06	5.0725e+06	5.19225e+06	5.11425e+06	
5.14175e+06	5.157e+06	5.0945e+06	5.121e+06	5.15075e+06	
5.06375e+06	5.0795e+06	5.0945e+06	5.14825e+06	5.1135e+06	
4.93525e+06	4.8905e+06	4.96425e+06	5.036e+06	5.0235e+06	
4.88025e+06	4.87525e+06	4.9e+06	4.90925e+06	4.91125e+06	
4.9655e+06	5.03225e+06	5.06825e+06	4.934e+06	5.051e+06	
5.099e+06	5.06375e+06	5.094e+06	5.10225e+06	5.19925e+06	
5.172e+06	5.08e+06	5.2035e+06	5.1285e+06	5.10725e+06	
5.3195e+06	5.31825e+06	5.29625e+06	5.317e+06	5.42425e+06	
5.317e+06	5.3385e+06	5.36875e+06	5.45e+06	5.42725e+06	
5.29675e+06	5.36675e+06	5.3315e+06	5.30875e+06	5.36375e+06	
5.3245e+06	5.39025e+06	5.414e+06	5.42175e+06	5.39575e+06	
5.31825e+06	5.39825e+06	5.3e+06	5.377e+06	5.4165e+06	
5.37825e+06	5.4355e+06	5.50475e+06	5.3455e+06	5.42675e+06	
5.52825e+06	5.5665e+06	5.467e+06	5.54e+06	5.50225e+06	
5.54825e+06	5.47075e+06	5.4985e+06	5.52375e+06	5.462e+06	
5.67675e+06	5.63525e+06	5.65475e+06	5.71025e+06	5.66175e+06	
5.81725e+06	5.78525e+06	5.82925e+06	5.87025e+06	5.859e+06	
5.707e+06	5.7425e+06	5.695e+06	5.72975e+06	5.733e+06	
5.72675e+06	5.66675e+06	5.6825e+06	5.7215e+06	5.7595e+06	
5.70025e+06	5.774e+06	5.69825e+06	5.721e+06	5.69775e+06	
5.5175e+06	5.5155e+06	5.4625e+06	5.51425e+06	5.53625e+06	
5.41525e+06	5.36875e+06	5.416e+06	5.41525e+06	5.46775e+06	
5.29425e+06	5.273e+06	5.2875e+06	5.268e+06	5.28375e+06	
5.38625e+06	5.43925e+06	5.368e+06	5.3725e+06	5.331e+06	
5.32275e+06	5.32025e+06	5.31525e+06	5.406e+06	5.3605e+06	
5.57675e+06	5.52125e+06	5.544e+06	5.5395e+06	5.6655e+06	
5.595e+06	5.55025e+06	5.53075e+06	5.5295e+06	5.57275e+06	
5.49925e+06	5.501e+06	5.5005e+06	5.448e+06	5.598e+06	
5.4835e+06	5.48975e+06	5.49025e+06	5.51425e+06	5.472e+06	
5.59875e+06	5.5635e+06	5.65925e+06	5.605e+06	5.595e+06	
5.634e+06	5.678e+06	5.615e+06	5.653e+06	5.692e+06	
5.7095e+06	5.67625e+06	5.72925e+06	5.71975e+06	5.6925e+06	
5.7335e+06	5.67925e+06	5.70775e+06	5.72225e+06	5.7015e+06	
5.73725e+06	5.74925e+06	5.74925e+06	5.7135e+06	5.7985e+06	
5.90425e+06	5.86775e+06	5.83625e+06	5.871e+06	5.9655e+06	
5.86275e+06	5.799e+06	5.741e+06	5.81925e+06	5.85025e+06	
5.70275e+06	5.748e+06	5.71275e+06	5.7845e+06	5.76125e+06	
5.7475e+06	5.7555e+06	5.7045e+06	5.71275e+06	5.8085e+06	
5.70275e+06	5.68375e+06	5.7065e+06	5.7235e+06	5.697e+06	
5.741e+06	5.74175e+06	5.76125e+06	5.80475e+06	5.79275e+06	
5.76825e+06	5.75e+06	5.726e+06	5.78775e+06	5.738e+06	
5.73225e+06	5.7425e+06	5.74875e+06	5.81475e+06	5.8345e+06	
5.806e+06	5.847e+06	5.908e+06	5.7625e+06	5.89475e+06	
5.755e+06	5.78075e+06	5.81875e+06	5.84575e+06	5.879e+06	
6.00075e+06	5.99625e+06	5.95525e+06	6.04175e+06	6.03675e+06	
5.94775e+06	5.96475e+06	5.91875e+06	5.995e+06	5.9895e+06	
5.9975e+06	6.00125e+06	6.05875e+06	6.096e+06	6.0775e+06	
6.167e+06	6.128e+06	6.116e+06	6.24325e+06	6.1305e+06	
6.16025e+06	6.026e+06	6.10525e+06	6.1035e+06	6.1645e+06	
6.0235e+06	6.0555e+06	6.03475e+06	5.995e+06	6.1375e+06	
6.11925e+06	6.14825e+06	6.10975e+06	6.19725e+06	6.125e+06	
6.09275e+06	6.0605e+06	6.109e+06	6.07125e+06	6.05925e+06	
6.03225e+06	6.01525e+06	6.02475e+06	6.03025e+06	6.07325e+06	
6.03425e+06	6.00825e+06	6.07325e+06	6.0525e+06	6.02475e+06	
6.007e+06	5.95025e+06	6.0165e+06	6.0045e+06	6.0315e+06	
5.9225e+06	5.87525e+06	5.92325e+06	5.9125e+06	5.951e+06	
5.97625e+06	6.13175e+06	6.012e+06	6.0815e+06	6.07825e+06	
6.03925e+06	6.09275e+06	6.0555e+06	6.08525e+06	6.0335e+06	
6.23575e+06	6.22375e+06	6.244e+06	6.22825e+06	6.26225e+06	
5.99875e+06	6.0625e+06	6.09975e+06	6.082e+06	6.00525e+06	
6.017e+06	5.98375e+06	6.1275e+06	5.99575e+06	6.01775e+06	
6.21425e+06	6.09775e+06	6.07325e+06	6.1015e+06	6.1785e+06	
6.18525e+06	6.11975e+06	6.1255e+06	6.203e+06	6.19725e+06	
6.208e+06	6.227e+06	6.18275e+06	6.23325e+06	6.1785e+06	
6.26725e+06	6.2535e+06	6.2735e+06	6.25225e+06	6.2565e+06	
6.3745e+06	6.377e+06	6.3605e+06	6.36625e+06	6.41675e+06	
6.322e+06	6.33525e+06	6.414e+06	6.3965e+06	6.40475e+06	
6.43875e+06	6.4285e+06	6.4185e+06	6.35425e+06	6.4885e+06	
6.392e+06	6.38525e+06	6.37825e+06	6.41475e+06	6.3895e+06	
6.37875e+06	6.4235e+06	6.26225e+06	6.38125e+06	6.39575e+06	
6.23325e+06	6.1185e+06	6.25275e+06	6.2655e+06	6.22125e+06	
6.469e+06	6.33725e+06	6.40775e+06	6.35875e+06	6.542e+06	
6.49225e+06	6.42175e+06	6.4355e+06	6.4475e+06	6.50675e+06	
6.585e+06	6.56225e+06	6.63475e+06	6.532e+06	6.72225e+06	
6.76325e+06	6.8425e+06	6.8905e+06	6.91325e+06	6.77575e+06	
6.79525e+06	6.82875e+06	6.88675e+06	6.9095e+06	6.93025e+06	
6.84e+06	6.852e+06	6.71975e+06	6.806e+06	6.98125e+06	
6.82125e+06	6.76825e+06	6.75375e+06	6.7285e+06	6.88425e+06	
6.898e+06	6.956e+06	6.8685e+06	6.83375e+06	6.95675e+06	
6.87225e+06	6.88675e+06	6.9295e+06	6.97875e+06	7.0525e+06	
7.055e+06	7.05875e+06	7.0915e+06	7.03475e+06	6.95475e+06	
7.2435e+06	7.19175e+06	7.2175e+06	7.21375e+06	7.246e+06	
7.31575e+06	7.23775e+06	7.2145e+06	7.30525e+06	7.18975e+06	
7.1765e+06	7.1855e+06	7.2365e+06	7.186e+06	7.26925e+06	
7.2635e+06	7.2755e+06	7.21e+06	7.251e+06	7.30325e+06	
7.24525e+06	7.28e+06	7.22325e+06	7.1885e+06	7.32975e+06	
7.251e+06	7.19475e+06	7.31275e+06	7.30075e+06	7.324e+06	
7.23825e+06	7.271e+06	7.1835e+06	7.27925e+06	7.2485e+06	
7.4545e+06	7.45775e+06	7.428e+06	7.4405e+06	7.49975e+06	
7.5635e+06	7.63775e+06	7.61775e+06	7.61025e+06	7.6115e+06	
7.76775e+06	7.84525e+06	7.82825e+06	7.77075e+06	7.87925e+06	
7.68575e+06	7.78275e+06	7.78225e+06	7.71225e+06	7.8395e+06	
7.91775e+06	7.823e+06	7.84525e+06	7.93975e+06	7.9365e+06	
7.70075e+06	7.9165e+06	7.89425e+06	7.8665e+06	7.8925e+06	
8.15575e+06	8.1275e+06	8.053e+06	8.17675e+06	8.20375e+06	
8.1595e+06	8.14825e+06	8.12425e+06	8.16275e+06	8.22575e+06	
8.1565e+06	8.17475e+06	8.1345e+06	8.14325e+06	8.2145e+06	
8.20675e+06	8.23775e+06	8.31475e+06	8.362e+06	8.3475e+06	
8.26875e+06	8.38025e+06	8.3165e+06	8.38575e+06	8.30775e+06	
8.3475e+06	8.263e+06	8.2435e+06	8.15025e+06	8.307e+06	
8.42875e+06	8.326e+06	8.4275e+06	8.32225e+06	8.4015e+06	
8.65175e+06	8.4815e+06	8.493e+06	8.54275e+06	8.6455e+06	
8.5735e+06	8.56225e+06	8.57425e+06	8.65875e+06	8.6675e+06	
8.7885e+06	8.767e+06	8.67375e+06	8.72475e+06	8.7765e+06	
8.4935e+06	8.4715e+06	8.63475e+06	8.5605e+06	8.67125e+06	
8.69725e+06	8.677e+06	8.65625e+06	8.6525e+06	8.7425e+06	
8.56925e+06	8.706e+06	8.68775e+06	8.72875e+06	8.735e+06	
8.74325e+06	8.7035e+06	8.60075e+06	8.6695e+06	8.72925e+06	
8.61325e+06	8.59625e+06	8.5485e+06	8.60075e+06	8.60775e+06	
8.82875e+06	8.84825e+06	8.81e+06	8.74375e+06	8.82825e+06	
8.6675e+06	8.588e+06	8.66825e+06	8.655e+06	8.709e+06	
8.496e+06	8.37075e+06	8.4155e+06	8.37825e+06	8.44825e+06	
8.01725e+06	7.98125e+06	7.88675e+06	8.00975e+06	8.0255e+06	
7.6145e+06	7.70975e+06	7.653e+06	7.6095e+06	7.743e+06	
7.5925e+06	7.55975e+06	7.597e+06	7.6485e+06	7.59625e+06	
8.0335e+06	7.8325e+06	7.81875e+06	7.9465e+06	7.941e+06	
8.23525e+06	8.2585e+06	8.152e+06	8.37575e+06	8.35125e+06	
8.4735e+06	8.69025e+06	8.48925e+06	8.60575e+06	8.566e+06	
8.83575e+06	8.86025e+06	8.982e+06	8.7235e+06	8.82825e+06	
8.99325e+06	8.99325e+06	8.895e+06	8.98125e+06	9.07325e+06	
8.87475e+06	8.8415e+06	8.91525e+06	8.91325e+06	9.0495e+06	
8.9075e+06	9.00025e+06	8.98075e+06	9.06e+06	9.0135e+06	
9.338e+06	9.32275e+06	9.31975e+06	9.25675e+06	9.33175e+06	
9.43625e+06	9.505e+06	9.4035e+06	9.55925e+06	9.517e+06	
9.58425e+06	9.70525e+06	9.602e+06	9.64875e+06	9.73625e+06	
9.5175e+06	9.66575e+06	9.631e+06	9.62225e+06	9.708e+06	
9.74575e+06	9.6605e+06	9.68025e+06	9.78675e+06	9.7885e+06	
9.44125e+06	9.53075e+06	9.614e+06	9.63925e+06	9.67e+06	
9.48675e+06	9.418e+06	9.4175e+06	9.39975e+06	9.40225e+06	
9.232e+06	9.2925e+06	9.34925e+06	9.30325e+06	9.36575e+06	
9.2605e+06	9.2825e+06	9.29075e+06	9.3015e+06	9.40475e+06	
9.474e+06	9.46775e+06	9.367e+06	9.5345e+06	9.5145e+06	
9.711e+06	9.7105e+06	9.68025e+06	9.718e+06	9.7135e+06	
9.7475e+06	9.6845e+06	9.82375e+06	9.7985e+06	9.8755e+06	
9.68575e+06	9.774e+06	9.70275e+06	9.72675e+06	9.76775e+06	
9.883e+06	9.87875e+06	9.791e+06	9.85275e+06	9.8515e+06	
1.00048e+07	1.00582e+07	1.00442e+07	1.00325e+07	1.01572e+07	
1.01458e+07	1.0127e+07	1.00918e+07	1.02178e+07	1.02618e+07	
1.01692e+07	1.01062e+07	1.00362e+07	1.02125e+07	1.01238e+07	
1.01735e+07	1.01358e+07	1.0001e+07	1.01378e+07	1.01942e+07	
1.013e+07	1.012e+07	1.0108e+07	9.936e+06	1.02882e+07	
1.01188e+07	1.01458e+07	1.01718e+07	1.0096e+07	1.01482e+07	
1.00745e+07	1.01598e+07	1.01722e+07	1.01772e+07	1.01378e+07	
1.02112e+07	1.01585e+07	1.03272e+07	1.03222e+07	1.03678e+07	
1.03292e+07	1.0304e+07	1.0345e+07	1.03948e+07	1.03525e+07	
1.01982e+07	1.03318e+07	1.02688e+07	1.03115e+07	1.03375e+07	
1.004e+07	1.00785e+07	1.00652e+07	1.00248e+07	1.01452e+07	
9.97125e+06	9.92025e+06	9.9165e+06	9.99075e+06	9.91575e+06	
9.86925e+06	9.90575e+06	9.965e+06	9.93725e+06	1.00405e+07	
1.0023e+07	1.01528e+07	1.00242e+07	1.00532e+07	1.01718e+07	
1.01022e+07	1.01842e+07	1.01212e+07	1.02258e+07	1.01578e+07	
1.00682e+07	1.01395e+07	1.0057e+07	1.00972e+07	1.01995e+07	
1.00442e+07	1.00172e+07	9.9725e+06	1.0001e+07	1.01275e+07	
9.7815e+06	9.78725e+06	9.905e+06	9.83825e+06	9.788e+06	
9.7815e+06	9.718e+06	9.7015e+06	9.72225e+06	9.822e+06	
9.75825e+06	9.8055e+06	9.76275e+06	9.85525e+06	9.786e+06	
9.7615e+06	9.682e+06	9.72425e+06	9.77975e+06	9.8105e+06	
9.71175e+06	9.72175e+06	9.7035e+06	9.71975e+06	9.8315e+06	
9.85975e+06	9.71925e+06	9.70975e+06	9.83525e+06	9.8225e+06	
9.929e+06	9.98825e+06	1.01088e+07	9.89825e+06	1.02075e+07	
1.0093e+07	1.00695e+07	1.0076e+07	1.011e+07	1.00388e+07	
1.00942e+07	1.00268e+07	1.0115e+07	1.0101e+07	1.00835e+07	
1.00102e+07	1.00392e+07	1.00602e+07	9.97875e+06	1.01105e+07	
9.86975e+06	1.00015e+07	9.94975e+06	9.94475e+06	1.01075e+07	
1.01238e+07	1.00475e+07	1.0064e+07	1.00595e+07	1.01332e+07	
1.02952e+07	1.01365e+07	1.0084e+07	1.02398e+07	1.01862e+07	
1.02845e+07	1.03255e+07	1.0294e+07	1.03752e+07	1.03562e+07	
1.04672e+07	1.04855e+07	1.04275e+07	1.05332e+07	1.05398e+07	
1.05908e+07	1.0483e+07	1.05352e+07	1.05655e+07	1.06632e+07	
1.07142e+07	1.06292e+07	1.06488e+07	1.0677e+07	1.06985e+07	
1.04382e+07	1.0394e+07	1.04458e+07	1.04482e+07	1.05738e+07	
1.04805e+07	1.04835e+07	1.0348e+07	1.044e+07	1.05088e+07	
1.03008e+07	1.02298e+07	1.0319e+07	1.0304e+07	1.03412e+07	
1.01495e+07	1.0188e+07	1.01382e+07	1.01735e+07	1.02178e+07	
1.005e+07	1.02322e+07	1.02012e+07	1.00835e+07	1.02442e+07	
1.00922e+07	1.00878e+07	1.00608e+07	1.01918e+07	1.01968e+07	
1.04035e+07	1.0401e+07	1.04268e+07	1.0444e+07	1.05372e+07	
1.05215e+07	1.0558e+07	1.05208e+07	1.0536e+07	1.06852e+07	
1.04345e+07	1.05448e+07	1.04755e+07	1.04615e+07	1.05655e+07	
1.04955e+07	1.0403e+07	1.02838e+07	1.03992e+07	1.05145e+07	
1.03355e+07	1.03002e+07	1.03538e+07	1.03388e+07	1.03272e+07	
1.0355e+07	1.0214e+07	1.02745e+07	1.02982e+07	1.04308e+07	
1.03758e+07	1.04872e+07	1.03355e+07	1.04465e+07	1.05145e+07	
1.07595e+07	1.06965e+07	1.06608e+07	1.08012e+07	1.067e+07	
1.0541e+07	1.04652e+07	1.0541e+07	1.05505e+07	1.06372e+07	
1.0398e+07	1.04445e+07	1.04242e+07	1.0534e+07	1.05712e+07	
1.0575e+07	1.05245e+07	1.05385e+07	1.05592e+07	1.06065e+07	
1.0432e+07	1.02442e+07	1.04105e+07	1.03828e+07	1.04295e+07	
1.0297e+07	1.0118e+07	1.02642e+07	1.0246e+07	1.03292e+07	
1.02725e+07	1.03708e+07	1.0357e+07	1.02932e+07	1.03645e+07	
1.0038e+07	1.00852e+07	1.00918e+07	1.01312e+07	1.02435e+07	
1.0103e+07	1.01785e+07	1.01602e+07	9.9775e+06	1.01162e+07	
1.01888e+07	1.01452e+07	1.01312e+07	1.01892e+07	1.0176e+07	
1.00645e+07	1.01768e+07	1.00305e+07	1.01705e+07	1.02082e+07	
1.02808e+07	1.03248e+07	1.02862e+07	1.0316e+07	1.04465e+07	
1.03222e+07	1.03218e+07	1.03135e+07	1.04242e+07	1.0246e+07	
1.01768e+07	1.0241e+07	1.01855e+07	1.0229e+07	1.02202e+07	
9.8125e+06	9.8125e+06	9.75525e+06	9.813e+06	9.771e+06	
9.26175e+06	9.27625e+06	9.28875e+06	9.442e+06	9.51125e+06	
9.13875e+06	9.21375e+06	9.21625e+06	9.21075e+06	9.13875e+06	
9.24775e+06	9.16475e+06	9.3115e+06	9.37325e+06	9.408e+06	
9.367e+06	9.4445e+06	9.35875e+06	9.44575e+06	9.47925e+06	
9.48225e+06	9.44575e+06	9.447e+06	9.452e+06	9.44625e+06	
9.58875e+06	9.49225e+06	9.51875e+06	9.45325e+06	9.65675e+06	
9.6845e+06	9.77775e+06	9.71725e+06	9.68275e+06	9.7765e+06	
9.80875e+06	9.82375e+06	9.786e+06	9.82575e+06	9.98075e+06	
1.00608e+07	1.01768e+07	1.00708e+07	1.00285e+07	1.01345e+07	
1.02788e+07	1.01495e+07	1.03532e+07	1.0377e+07	1.04005e+07	
1.03582e+07	1.02875e+07	1.02642e+07	1.03388e+07	1.03758e+07	
1.04022e+07	1.0449e+07	1.03102e+07	1.03425e+07	1.04508e+07	
1.04822e+07	1.04585e+07	1.04585e+07	1.0512e+07	1.05755e+07	
1.04872e+07	1.0558e+07	1.05302e+07	1.04205e+07	1.05705e+07	
1.06732e+07	1.06562e+07	1.06978e+07	1.0619e+07	1.0682e+07	
1.05832e+07	1.06032e+07	1.05372e+07	1.06802e+07	1.0607e+07	
1.05912e+07	1.05088e+07	1.05592e+07	1.05195e+07	1.04892e+07	
1.03928e+07	1.03948e+07	1.04968e+07	1.04912e+07	1.04598e+07	
1.04332e+07	1.03815e+07	1.0331e+07	1.05095e+07	1.05452e+07	
1.05555e+07	1.0568e+07	1.06682e+07	1.0633e+07	1.06732e+07	
1.06902e+07	1.08012e+07	1.08138e+07	1.07942e+07	1.09315e+07	
1.0904e+07	1.0933e+07	1.10035e+07	1.08112e+07	1.09662e+07	
1.10198e+07	1.1069e+07	1.097e+07	1.10222e+07	1.1018e+07	
1.09882e+07	1.09448e+07	1.08618e+07	1.10748e+07	1.0926e+07	
1.0873e+07	1.08755e+07	1.0989e+07	1.09802e+07	1.10242e+07	
1.08738e+07	1.09278e+07	1.08725e+07	1.09248e+07	1.1011e+07	
1.06745e+07	1.07545e+07	1.0728e+07	1.07515e+07	1.07848e+07	
1.0343e+07	1.03388e+07	1.03745e+07	1.04212e+07	1.04755e+07	
1.00185e+07	9.955e+06	1.0091e+07	9.99325e+06	1.0069e+07	
9.9945e+06	1.00815e+07	1.00778e+07	1.01415e+07	1.00538e+07	
1.02182e+07	1.03045e+07	1.0248e+07	1.01942e+07	1.02642e+07	
1.04312e+07	1.04685e+07	1.03998e+07	1.0423e+07	1.04205e+07	
1.0694e+07	1.0578e+07	1.06695e+07	1.06852e+07	1.07918e+07	
1.09095e+07	1.09688e+07	1.0936e+07	1.0912e+07	1.10052e+07	
1.1093e+07	1.10658e+07	1.10072e+07	1.1081e+07	1.11892e+07	
1.11672e+07	1.12128e+07	1.1217e+07	1.12978e+07	1.12882e+07	
1.11668e+07	1.1084e+07	1.11308e+07	1.12252e+07	1.11395e+07	
1.1062e+07	1.11792e+07	1.10802e+07	1.11838e+07	1.12195e+07	
1.11635e+07	1.1202e+07	1.11995e+07	1.11685e+07	1.11598e+07	
1.1272e+07	1.1209e+07	1.135e+07	1.13538e+07	1.13248e+07	
1.12825e+07	1.13342e+07	1.13135e+07	1.13072e+07	1.14112e+07	
1.11812e+07	1.1444e+07	1.1355e+07	1.13192e+07	1.1473e+07	
1.1241e+07	1.12025e+07	1.12215e+07	1.1398e+07	1.13198e+07	
1.09782e+07	1.09985e+07	1.09605e+07	1.10628e+07	1.11528e+07	
1.0851e+07	1.08042e+07	1.07425e+07	1.0781e+07	1.0866e+07	
1.06442e+07	1.07798e+07	1.08125e+07	1.07212e+07	1.08258e+07	
1.06318e+07	1.06228e+07	1.0716e+07	1.0752e+07	1.0742e+07	
1.07848e+07	1.08502e+07	1.08938e+07	1.08875e+07	1.09368e+07	
1.08945e+07	1.08315e+07	1.08328e+07	1.09228e+07	1.09082e+07	
1.07892e+07	1.08705e+07	1.09795e+07	1.0846e+07	1.09315e+07	
1.09165e+07	1.08605e+07	1.08478e+07	1.095e+07	1.09758e+07	
1.11042e+07	1.10268e+07	1.10848e+07	1.10192e+07	1.10972e+07	
1.1159e+07	1.11515e+07	1.11535e+07	1.11982e+07	1.13388e+07	
1.11142e+07	1.11988e+07	1.11642e+07	1.11995e+07	1.13152e+07	
1.11945e+07	1.11452e+07	1.12152e+07	1.1176e+07	1.12605e+07	
1.09832e+07	1.10835e+07	1.10368e+07	1.10955e+07	1.11452e+07	
1.08768e+07	1.09538e+07	1.08402e+07	1.07798e+07	1.0936e+07	
1.08598e+07	1.09102e+07	1.09052e+07	1.09512e+07	1.09662e+07	
1.08402e+07	1.0895e+07	1.08435e+07	1.07805e+07	1.10602e+07	
1.0846e+07	1.08075e+07	1.0742e+07	1.08295e+07	1.0926e+07	
1.08112e+07	1.10425e+07	1.10292e+07	1.0938e+07	1.10142e+07	
1.0943e+07	1.09448e+07	1.1052e+07	1.10342e+07	1.11692e+07	
1.097e+07	1.08995e+07	1.10155e+07	1.09008e+07	1.10972e+07	
1.09235e+07	1.10695e+07	1.09052e+07	1.0987e+07	1.1006e+07	
1.07425e+07	1.0844e+07	1.08025e+07	1.0766e+07	1.07922e+07	
1.04275e+07	1.06102e+07	1.06688e+07	1.06335e+07	1.06425e+07	
1.04118e+07	1.05308e+07	1.0442e+07	1.05188e+07	1.05208e+07	
1.05158e+07	1.04715e+07	1.043e+07	1.04785e+07	1.04822e+07	
1.04835e+07	1.04042e+07	1.04648e+07	1.0541e+07	1.05175e+07	
1.05332e+07	1.05925e+07	1.05252e+07	1.0556e+07	1.05452e+07	
1.0716e+07	1.05162e+07	1.05705e+07	1.06032e+07	1.07275e+07	
1.06425e+07	1.05648e+07	1.06248e+07	1.06492e+07	1.06418e+07	
1.05812e+07	1.0568e+07	1.05232e+07	1.05738e+07	1.0597e+07	
1.07752e+07	1.07532e+07	1.07922e+07	1.06228e+07	1.07268e+07	
1.06898e+07	1.0582e+07	1.05755e+07	1.06922e+07	1.06122e+07	
1.0665e+07	1.06342e+07	1.05995e+07	1.07748e+07	1.072e+07	
1.0687e+07	1.0747e+07	1.0812e+07	1.0682e+07	1.07238e+07	
1.07728e+07	1.0699e+07	1.0745e+07	1.0871e+07	1.08875e+07	
1.08258e+07	1.06595e+07	1.06575e+07	1.08038e+07	1.08768e+07	
1.08358e+07	1.0837e+07	1.0921e+07	1.0871e+07	1.09028e+07	
1.08672e+07	1.09265e+07	1.0866e+07	1.09082e+07	1.09442e+07	
1.06858e+07	1.0641e+07	1.0684e+07	1.06858e+07	1.07495e+07	
1.07652e+07	1.06902e+07	1.0779e+07	1.07942e+07	1.082e+07	
1.08345e+07	1.07425e+07	1.06845e+07	1.08108e+07	1.07918e+07	
1.0628e+07	1.07155e+07	1.07305e+07	1.06632e+07	1.07722e+07	
1.06172e+07	1.06568e+07	1.0769e+07	1.07935e+07	1.07818e+07	
1.05568e+07	1.05655e+07	1.0573e+07	1.05138e+07	1.05642e+07	
1.04842e+07	1.03368e+07	1.04458e+07	1.03462e+07	1.04005e+07	
1.05125e+07	1.03948e+07	1.04792e+07	1.0444e+07	1.04912e+07	
1.06488e+07	1.04905e+07	1.04855e+07	1.0568e+07	1.06235e+07	
1.05572e+07	1.06355e+07	1.0578e+07	1.05585e+07	1.06372e+07	
1.05738e+07	1.06222e+07	1.0621e+07	1.05925e+07	1.07122e+07	
1.05895e+07	1.06922e+07	1.0604e+07	1.06322e+07	1.07172e+07	
1.0616e+07	1.06355e+07	1.0665e+07	1.05378e+07	1.07122e+07	
1.05e+07	1.0648e+07	1.05862e+07	1.06965e+07	1.07105e+07	
1.0597e+07	1.0626e+07	1.06638e+07	1.0696e+07	1.07502e+07	
1.0532e+07	1.05585e+07	1.05315e+07	1.0616e+07	1.06658e+07	
1.04942e+07	1.05058e+07	1.04992e+07	1.05938e+07	1.05825e+07	
1.05278e+07	1.0529e+07	1.06028e+07	1.06322e+07	1.0648e+07	
1.06462e+07	1.06728e+07	1.0682e+07	1.06538e+07	1.074e+07	
1.06028e+07	1.0621e+07	1.05402e+07	1.06425e+07	1.06252e+07	
1.0553e+07	1.05648e+07	1.04768e+07	1.05e+07	1.06765e+07	
1.05465e+07	1.05132e+07	1.05505e+07	1.05485e+07	1.067e+07	
1.0476e+07	1.05005e+07	1.04382e+07	1.04805e+07	1.0582e+07	
1.0573e+07	1.06268e+07	1.0522e+07	1.05568e+07	1.06782e+07	
1.05278e+07	1.05175e+07	1.0631e+07	1.06342e+07	1.0655e+07	
1.0641e+07	1.05742e+07	1.05112e+07	1.06108e+07	1.06865e+07	
1.0638e+07	1.0749e+07	1.06915e+07	1.0808e+07	1.0701e+07	
1.07475e+07	1.0667e+07	1.06392e+07	1.0764e+07	1.0788e+07	
1.06462e+07	1.07515e+07	1.07242e+07	1.0696e+07	1.07532e+07	
1.04685e+07	1.04622e+07	1.0442e+07	1.04528e+07	1.05058e+07	
1.0461e+07	1.04452e+07	1.05005e+07	1.0592e+07	1.06172e+07	
1.03438e+07	1.03802e+07	1.03172e+07	1.0377e+07	1.0452e+07	
1.02182e+07	1.0144e+07	1.02952e+07	1.02932e+07	1.0222e+07	
1.0282e+07	1.02655e+07	1.03085e+07	1.02668e+07	1.01905e+07	
1.03052e+07	1.03335e+07	1.0302e+07	1.0304e+07	1.03885e+07	
1.02435e+07	1.02838e+07	1.01528e+07	1.03052e+07	1.02928e+07	
1.02278e+07	1.0236e+07	1.02182e+07	1.02662e+07	1.02655e+07	
9.9625e+06	9.9845e+06	9.99325e+06	1.00438e+07	1.00652e+07	
1.00052e+07	1.00248e+07	9.9795e+06	9.96125e+06	1.00772e+07	
1.003e+07	1.00172e+07	9.92975e+06	1.00142e+07	9.95925e+06	
9.93725e+06	1.0086e+07	1.00355e+07	1.00362e+07	1.01005e+07	
1.0021e+07	1.00065e+07	1.00255e+07	1.0091e+07	1.01295e+07	
1.01018e+07	1.01378e+07	1.01698e+07	1.01912e+07	1.0222e+07	
1.02895e+07	1.02548e+07	1.0178e+07	1.02738e+07	1.02472e+07	
1.02585e+07	1.03342e+07	1.034e+07	1.03052e+07	1.04175e+07	
1.021e+07	1.03098e+07	1.02908e+07	1.0282e+07	1.03128e+07	
1.0156e+07	1.01478e+07	1.02302e+07	1.02152e+07	1.0185e+07	
1.01785e+07	1.01138e+07	1.02202e+07	1.02838e+07	1.0224e+07	
1.01565e+07	1.01005e+07	1.01365e+07	1.0227e+07	1.02202e+07	
1.02385e+07	1.0256e+07	1.0299e+07	1.0302e+07	1.0391e+07	
1.0321e+07	1.0294e+07	1.02745e+07	1.02952e+07	1.03625e+07	
1.02208e+07	1.02448e+07	1.02858e+07	1.02882e+07	1.03728e+07	
1.00835e+07	1.01975e+07	1.021e+07	1.0231e+07	1.0227e+07	
1.02958e+07	1.01905e+07	1.01938e+07	1.0292e+07	1.03198e+07	
1.01035e+07	1.0222e+07	1.0159e+07	1.02008e+07	1.02895e+07	
1.01142e+07	1.02008e+07	1.0188e+07	1.0127e+07	1.02625e+07	
1.01365e+07	1.004e+07	9.98825e+06	1.00615e+07	1.0159e+07	
1.0016e+07	9.9165e+06	9.95675e+06	9.9725e+06	1.00512e+07	
1.00702e+07	9.8755e+06	9.95875e+06	1.00305e+07	1.00645e+07	
9.97325e+06	9.95175e+06	1.00678e+07	1.0052e+07	1.011e+07	
1.00375e+07	1.0096e+07	1.00608e+07	1.0098e+07	1.01888e+07	
1.01282e+07	1.01062e+07	1.0229e+07	1.02075e+07	1.0224e+07	
1.01722e+07	1.0246e+07	1.02145e+07	1.01168e+07	1.03335e+07	
1.01112e+07	1.01615e+07	1.011e+07	1.01482e+07	1.0304e+07	
1.00628e+07	1.00935e+07	1.0096e+07	1.00885e+07	1.00998e+07	
9.97375e+06	1.0001e+07	9.972e+06	9.91325e+06	9.96375e+06	
9.98125e+06	9.97075e+06	1.00015e+07	9.9655e+06	1.0004e+07	
1.00362e+07	9.98525e+06	9.99075e+06	1.00085e+07	1.00388e+07	
9.9455e+06	9.909e+06	9.9435e+06	9.97375e+06	9.98525e+06	
9.88175e+06	9.909e+06	9.977e+06	9.94175e+06	1.0043e+07	
9.8415e+06	9.817e+06	9.86425e+06	9.8805e+06	9.94725e+06	
9.776e+06	9.74125e+06	9.73175e+06	9.70475e+06	9.81125e+06	
9.64175e+06	9.72225e+06	9.63425e+06	9.624e+06	9.74375e+06	
9.677e+06	9.679e+06	9.76575e+06	9.708e+06	9.77525e+06	
9.83825e+06	9.8655e+06	9.83275e+06	9.9625e+06	9.97825e+06	
9.8195e+06	9.8925e+06	9.8445e+06	9.89575e+06	9.948e+06	
1.00222e+07	9.9405e+06	1.00102e+07	1.00218e+07	1.0074e+07	
9.9625e+06	9.8705e+06	9.989e+06	1.00015e+07	1.00085e+07	
1.01515e+07	1.00355e+07	1.00198e+07	1.01155e+07	1.011e+07	
1.0091e+07	1.00192e+07	1.00065e+07	9.997e+06	1.0113e+07	
9.88125e+06	9.97325e+06	1.00035e+07	1.01162e+07	1.01685e+07	
9.98525e+06	9.98075e+06	9.9695e+06	1.00142e+07	1.01282e+07	
9.9745e+06	9.90325e+06	9.83275e+06	9.91825e+06	9.99975e+06	
9.99075e+06	9.82825e+06	9.8365e+06	9.897e+06	1.00102e+07	
9.79675e+06	9.69025e+06	9.694e+06	9.85775e+06	9.84275e+06	
9.767e+06	9.79425e+06	9.871e+06	9.716e+06	9.8565e+06	
9.764e+06	9.7135e+06	9.84275e+06	9.82125e+06	9.82125e+06	
9.72425e+06	9.73425e+06	9.77475e+06	9.78475e+06	9.8225e+06	
9.78275e+06	9.723e+06	9.7135e+06	9.7275e+06	9.779e+06	
9.798e+06	9.67825e+06	9.733e+06	9.796e+06	9.8275e+06	
9.72175e+06	9.71725e+06	9.554e+06	9.72375e+06	9.58875e+06	
9.64175e+06	9.604e+06	9.6675e+06	9.793e+06	9.76275e+06	
9.5895e+06	9.612e+06	9.6675e+06	9.60575e+06	9.74325e+06	
9.6625e+06	9.6115e+06	9.62525e+06	9.62975e+06	9.69075e+06	
9.49225e+06	9.527e+06	9.474e+06	9.61275e+06	9.57925e+06	
9.4445e+06	9.46475e+06	9.5725e+06	9.551e+06	9.58825e+06	
9.5555e+06	9.563e+06	9.55725e+06	9.71925e+06	9.607e+06	
9.609e+06	9.63925e+06	9.6115e+06	9.7105e+06	9.63025e+06	
9.56475e+06	9.5755e+06	9.6605e+06	9.64425e+06	9.69975e+06	
9.59575e+06	9.575e+06	9.63025e+06	9.624e+06	9.595e+06	
9.62225e+06	9.49375e+06	9.614e+06	9.63725e+06	9.66375e+06	
9.631e+06	9.67125e+06	9.609e+06	9.69025e+06	9.682e+06	
9.58575e+06	9.65875e+06	9.6185e+06	9.63925e+06	9.78275e+06	
9.517e+06	9.55925e+06	9.66575e+06	9.68275e+06	9.6475e+06	
9.646e+06	9.643e+06	9.474e+06	9.5995e+06	9.75125e+06	
9.77025e+06	9.8005e+06	9.7305e+06	9.79925e+06	9.7495e+06	
9.62475e+06	9.61975e+06	9.61725e+06	9.643e+06	9.718e+06	
9.6475e+06	9.6335e+06	9.68775e+06	9.70925e+06	9.71925e+06	
9.54725e+06	9.5485e+06	9.6065e+06	9.759e+06	9.711e+06	
9.583e+06	9.70725e+06	9.6405e+06	9.62775e+06	9.721e+06	
9.43825e+06	9.62725e+06	9.6695e+06	9.58625e+06	9.6675e+06	
9.46025e+06	9.5345e+06	9.556e+06	9.5245e+06	9.604e+06	
9.43875e+06	9.61725e+06	9.47025e+06	9.46975e+06	9.52125e+06	
9.30525e+06	9.2555e+06	9.30975e+06	9.35575e+06	9.4225e+06	
9.311e+06	9.244e+06	9.24725e+06	9.3015e+06	9.299e+06	
9.188e+06	9.2925e+06	9.2215e+06	9.2465e+06	9.367e+06	
9.20625e+06	9.241e+06	9.1785e+06	9.33675e+06	9.2655e+06	
9.2485e+06	9.27625e+06	9.25925e+06	9.244e+06	9.3645e+06	
9.27875e+06	9.287e+06	9.24475e+06	9.3015e+06	9.35e+06	
9.19375e+06	9.15275e+06	9.16775e+06	9.239e+06	9.2845e+06	
9.1295e+06	9.12375e+06	9.12125e+06	9.2045e+06	9.1685e+06	
8.93475e+06	8.93025e+06	9.048e+06	8.987e+06	9.06e+06	
8.6655e+06	8.81175e+06	8.81875e+06	8.75075e+06	8.847e+06	
8.49175e+06	8.534e+06	8.515e+06	8.4565e+06	8.57675e+06	
8.27425e+06	8.2925e+06	8.3405e+06	8.32975e+06	8.37125e+06	
8.178e+06	8.08775e+06	8.17475e+06	8.1685e+06	8.18475e+06	
8.191e+06	8.18675e+06	8.215e+06	8.2845e+06	8.2755e+06	
8.319e+06	8.3165e+06	8.42425e+06	8.384e+06	8.4375e+06	
8.39475e+06	8.413e+06	8.39225e+06	8.4905e+06	8.57175e+06	
8.467e+06	8.45125e+06	8.503e+06	8.5225e+06	8.44625e+06	
8.61825e+06	8.57675e+06	8.49425e+06	8.554e+06	8.6455e+06	
8.55775e+06	8.5345e+06	8.5005e+06	8.612e+06	8.65675e+06	
8.655e+06	8.5755e+06	8.663e+06	8.619e+06	8.66125e+06	
8.60075e+06	8.6865e+06	8.6525e+06	8.63225e+06	8.578e+06	
8.474e+06	8.464e+06	8.5225e+06	8.5245e+06	8.54325e+06	
8.624e+06	8.59075e+06	8.5875e+06	8.59575e+06	8.68325e+06	
8.5485e+06	8.6745e+06	8.5175e+06	8.689e+06	8.617e+06	
8.55525e+06	8.5585e+06	8.48425e+06	8.54525e+06	8.5295e+06	
8.5005e+06	8.5005e+06	8.4735e+06	8.467e+06	8.57875e+06	
8.4325e+06	8.411e+06	8.52575e+06	8.532e+06	8.6045e+06	
8.44325e+06	8.4325e+06	8.40475e+06	8.50925e+06	8.55225e+06	
8.433e+06	8.37775e+06	8.36575e+06	8.421e+06	8.442e+06	
8.39725e+06	8.384e+06	8.34175e+06	8.4325e+06	8.42875e+06	
8.399e+06	8.47975e+06	8.45825e+06	8.5195e+06	8.486e+06	
8.437e+06	8.45775e+06	8.5025e+06	8.5535e+06	8.4395e+06	
8.413e+06	8.45575e+06	8.4595e+06	8.51175e+06	8.566e+06	
8.534e+06	8.433e+06	8.5145e+06	8.58125e+06	8.54975e+06	
8.41175e+06	8.5145e+06	8.5175e+06	8.49875e+06	8.53575e+06	
8.36575e+06	8.45125e+06	8.38525e+06	8.45125e+06	8.55775e+06	
8.26875e+06	8.268e+06	8.27875e+06	8.36625e+06	8.4615e+06	
8.37775e+06	8.3725e+06	8.37075e+06	8.425e+06	8.48725e+06	
8.341e+06	8.33475e+06	8.36075e+06	8.35375e+06	8.33675e+06	
8.338e+06	8.3795e+06	8.324e+06	8.316e+06	8.4545e+06	
8.38075e+06	8.3935e+06	8.3575e+06	8.3795e+06	8.3265e+06	
8.3865e+06	8.367e+06	8.321e+06	8.4615e+06	8.40225e+06	
8.33475e+06	8.321e+06	8.338e+06	8.44825e+06	8.47525e+06	
8.33675e+06	8.32725e+06	8.37575e+06	8.275e+06	8.40025e+06	
8.39475e+06	8.33225e+06	8.34225e+06	8.3505e+06	8.4325e+06	
8.25225e+06	8.19175e+06	8.132e+06	8.341e+06	8.3185e+06	
8.22075e+06	8.2655e+06	8.22575e+06	8.251e+06	8.34875e+06	
8.21625e+06	8.2295e+06	8.32025e+06	8.38775e+06	8.22275e+06	
8.1735e+06	8.18225e+06	8.13375e+06	8.17025e+06	8.25425e+06	
8.12925e+06	8.08025e+06	8.22e+06	8.23575e+06	8.3045e+06	
8.23075e+06	8.27375e+06	8.18675e+06	8.22825e+06	8.25725e+06	
8.312e+06	8.2385e+06	8.2945e+06	8.2605e+06	8.36075e+06	
8.3285e+06	8.348e+06	8.362e+06	8.39025e+06	8.338e+06	
8.37375e+06	8.3165e+06	8.34925e+06	8.34625e+06	8.44575e+06	
8.33675e+06	8.331e+06	8.37075e+06	8.42925e+06	8.41425e+06	
8.326e+06	8.24775e+06	8.406e+06	8.3335e+06	8.4035e+06	
8.31975e+06	8.3815e+06	8.4155e+06	8.377e+06	8.391e+06	
8.26725e+06	8.37575e+06	8.3285e+06	8.3525e+06	8.3455e+06	
8.33925e+06	8.23525e+06	8.31325e+06	8.2925e+06	8.418e+06	
8.24525e+06	8.3505e+06	8.27875e+06	8.33675e+06	8.32775e+06	
8.13e+06	8.20675e+06	8.237e+06	8.2585e+06	8.295e+06	
8.2025e+06	8.212e+06	8.32975e+06	8.36e+06	8.28875e+06	
8.3405e+06	8.26225e+06	8.32275e+06	8.287e+06	8.36575e+06	
8.1785e+06	8.14775e+06	8.21075e+06	8.1955e+06	8.292e+06	
8.0985e+06	8.25725e+06	8.132e+06	8.2605e+06	8.2195e+06	
8.17975e+06	8.159e+06	8.12375e+06	8.1345e+06	8.2485e+06	
8.06325e+06	8.0595e+06	8.16225e+06	8.20875e+06	8.1885e+06	
8.07575e+06	8.09725e+06	8.17025e+06	8.152e+06	8.1615e+06	
8.15825e+06	8.17475e+06	8.1445e+06	8.18725e+06	8.1925e+06	
8.067e+06	8.1085e+06	8.13375e+06	8.154e+06	8.2345e+06	
7.9825e+06	8.05175e+06	8.15025e+06	8.086e+06	8.10925e+06	
8.043e+06	8.036e+06	8.00775e+06	8.0425e+06	8.10425e+06	
8.057e+06	8.089e+06	8.045e+06	8.0165e+06	8.0795e+06	
7.924e+06	8.02275e+06	7.9625e+06	7.97e+06	8.07825e+06	
8.02725e+06	8.06825e+06	8.01275e+06	8.08475e+06	8.086e+06	
8.033e+06	8.13325e+06	7.99075e+06	8.038e+06	8.048e+06	
7.98375e+06	7.93225e+06	7.9675e+06	8.08275e+06	8.04675e+06	
8.0425e+06	7.9335e+06	8.05375e+06	8.00325e+06	7.987e+06	
8.0285e+06	8.0355e+06	8.0115e+06	7.9625e+06	8.1085e+06	
7.9755e+06	7.91075e+06	7.90825e+06	7.895e+06	7.96625e+06	
8.0405e+06	7.97175e+06	7.96375e+06	7.97875e+06	7.9875e+06	
7.895e+06	7.86775e+06	7.8375e+06	7.8785e+06	7.9215e+06	
7.92275e+06	7.823e+06	7.84775e+06	7.86525e+06	8.00975e+06	
7.743e+06	7.85025e+06	7.8245e+06	7.7835e+06	7.92825e+06	
7.815e+06	7.85075e+06	7.7765e+06	7.85025e+06	7.89875e+06	
7.84275e+06	7.8925e+06	7.80675e+06	7.91125e+06	7.9825e+06	
7.883e+06	7.90875e+06	7.80675e+06	7.8875e+06	7.94525e+06	
7.8125e+06	7.64675e+06	7.71975e+06	7.784e+06	7.653e+06	
7.75825e+06	7.70225e+06	7.76575e+06	7.67625e+06	7.70975e+06	
7.6215e+06	7.61275e+06	7.63725e+06	7.65175e+06	7.629e+06	
7.57725e+06	7.631e+06	7.583e+06	7.64175e+06	7.617e+06	
7.61525e+06	7.58e+06	7.65625e+06	7.6775e+06	7.723e+06	
7.64675e+06	7.58875e+06	7.692e+06	7.578e+06	7.651e+06	
7.5995e+06	7.71975e+06	7.689e+06	7.769e+06	7.60375e+06	
7.682e+06	7.66125e+06	7.70525e+06	7.75125e+06	7.7665e+06	
7.75325e+06	7.7865e+06	7.5925e+06	7.677e+06	7.8375e+06	
7.6725e+06	7.752e+06	7.6795e+06	7.626e+06	7.6965e+06	
7.69325e+06	7.7085e+06	7.7185e+06	7.74125e+06	7.764e+06	
7.7495e+06	7.71725e+06	7.803e+06	7.83125e+06	7.75875e+06	
7.6365e+06	7.7135e+06	7.85525e+06	7.69525e+06	7.7305e+06	
7.72925e+06	7.786e+06	7.665e+06	7.71975e+06	7.73225e+06	
7.7255e+06	7.784e+06	7.70075e+06	7.73625e+06	7.803e+06	
7.70025e+06	7.78725e+06	7.75075e+06	7.76575e+06	7.7405e+06	
7.7475e+06	7.837e+06	7.76e+06	7.75325e+06	7.7355e+06	
7.70975e+06	7.651e+06	7.672e+06	7.59175e+06	7.79725e+06	
7.682e+06	7.68125e+06	7.675e+06	7.7235e+06	7.731e+06	
7.5565e+06	7.47725e+06	7.5515e+06	7.578e+06	7.66425e+06	
7.6095e+06	7.5245e+06	7.59425e+06	7.60825e+06	7.6775e+06	
7.57725e+06	7.48725e+06	7.47275e+06	7.56025e+06	7.544e+06	
7.53575e+06	7.5685e+06	7.45375e+06	7.50625e+06	7.56725e+06	
7.5195e+06	7.5295e+06	7.5705e+06	7.49225e+06	7.5465e+06	
7.43425e+06	7.38825e+06	7.48225e+06	7.50175e+06	7.5195e+06	
7.423e+06	7.2755e+06	7.30325e+06	7.38825e+06	7.42425e+06	
7.42425e+06	7.32025e+06	7.3355e+06	7.31525e+06	7.317e+06	
7.29625e+06	7.1765e+06	7.21375e+06	7.31075e+06	7.31075e+06	
7.17975e+06	7.25525e+06	7.3315e+06	7.37825e+06	7.32725e+06	
7.24975e+06	7.09525e+06	7.2295e+06	7.258e+06	7.22e+06	
7.15575e+06	7.217e+06	7.2295e+06	7.2175e+06	7.3165e+06	
7.23825e+06	7.21e+06	7.215e+06	7.229e+06	7.2705e+06	
7.2245e+06	7.20125e+06	7.268e+06	7.2485e+06	7.28375e+06	
7.32025e+06	7.2875e+06	7.28e+06	7.2515e+06	7.32725e+06	
7.14325e+06	7.20125e+06	7.17725e+06	7.1615e+06	7.154e+06	
7.045e+06	7.1595e+06	7.12175e+06	7.1515e+06	7.14625e+06	
6.99e+06	7.06325e+06	7.058e+06	7.05125e+06	7.06825e+06	
7.03475e+06	6.95175e+06	7.116e+06	7.10225e+06	7.04425e+06	
7.01075e+06	7.00825e+06	7.03225e+06	7.05e+06	7.0525e+06	
6.97175e+06	7.055e+06	7.0355e+06	7.084e+06	7.1015e+06	
7.0045e+06	6.91075e+06	7.04425e+06	6.99075e+06	7.06625e+06	
6.91125e+06	6.96175e+06	6.89875e+06	6.912e+06	7.01475e+06	
6.866e+06	7.01725e+06	6.939e+06	6.9925e+06	7.00275e+06	
6.975e+06	6.893e+06	7.002e+06	7.01975e+06	7.0135e+06	
6.89125e+06	6.9e+06	6.9605e+06	6.9095e+06	6.95475e+06	
6.80425e+06	6.87275e+06	6.8465e+06	6.86275e+06	6.8805e+06	
6.85825e+06	6.8205e+06	6.915e+06	6.89625e+06	6.842e+06	
6.7575e+06	6.86725e+06	6.71975e+06	6.8295e+06	6.85575e+06	
6.8155e+06	6.80725e+06	6.808e+06	6.8635e+06	6.8175e+06	
6.88975e+06	6.815e+06	6.83375e+06	6.8005e+06	6.84075e+06	
6.9775e+06	6.8225e+06	6.79925e+06	6.762e+06	6.87675e+06	
6.8735e+06	6.76125e+06	6.777e+06	6.8155e+06	6.786e+06	
6.755e+06	6.7115e+06	6.8295e+06	6.762e+06	6.8345e+06	
6.721e+06	6.7745e+06	6.69825e+06	6.80175e+06	6.75575e+06	
6.67875e+06	6.79725e+06	6.765e+06	6.731e+06	6.69075e+06	
6.7715e+06	6.694e+06	6.7545e+06	6.738e+06	6.78775e+06	
6.73475e+06	6.733e+06	6.762e+06	6.7285e+06	6.83575e+06	
6.61525e+06	6.723e+06	6.8375e+06	6.83875e+06	6.75825e+06	
6.66625e+06	6.7695e+06	6.6385e+06	6.69525e+06	6.7865e+06	
6.61325e+06	6.651e+06	6.566e+06	6.733e+06	6.675e+06	
6.57675e+06	6.68125e+06	6.64225e+06	6.62525e+06	6.64025e+06	
6.6605e+06	6.64025e+06	6.68625e+06	6.631e+06	6.6895e+06	
6.6435e+06	6.6845e+06	6.6295e+06	6.774e+06	6.69575e+06	
6.665e+06	6.65225e+06	6.6335e+06	6.63525e+06	6.74925e+06	
6.6915e+06	6.714e+06	6.69075e+06	6.60875e+06	6.72225e+06	
6.68075e+06	6.636e+06	6.644e+06	6.6875e+06	6.61825e+06	
6.60075e+06	6.607e+06	6.6195e+06	6.6965e+06	6.61775e+06	
6.58925e+06	6.6265e+06	6.6455e+06	6.6095e+06	6.64975e+06	
6.6605e+06	6.58625e+06	6.58175e+06	6.66125e+06	6.636e+06	
6.50725e+06	6.4545e+06	6.53375e+06	6.54325e+06	6.55475e+06	
6.51375e+06	6.48975e+06	6.474e+06	6.629e+06	6.49475e+06	
6.46825e+06	6.397e+06	6.3945e+06	6.42925e+06	6.40775e+06	
6.31525e+06	6.51675e+06	6.365e+06	6.4765e+06	6.43375e+06	
6.4015e+06	6.38325e+06	6.4525e+06	6.346e+06	6.438e+06	
6.3095e+06	6.268e+06	6.28875e+06	6.35675e+06	6.39275e+06	
6.33925e+06	6.2755e+06	6.24525e+06	6.25975e+06	6.35625e+06	
6.2535e+06	6.33025e+06	6.2635e+06	6.27925e+06	6.3365e+06	
6.302e+06	6.2275e+06	6.20175e+06	6.28925e+06	6.28175e+06	
6.297e+06	6.3145e+06	6.1765e+06	6.394e+06	6.25725e+06	
6.21425e+06	6.191e+06	6.2055e+06	6.266e+06	6.35425e+06	
6.25725e+06	6.32325e+06	6.36125e+06	6.351e+06	6.32975e+06	
6.24575e+06	6.27425e+06	6.17275e+06	6.22325e+06	6.2875e+06	
6.11475e+06	6.26675e+06	6.21375e+06	6.208e+06	6.203e+06	
6.222e+06	6.2825e+06	6.23e+06	6.27425e+06	6.2365e+06	
6.18225e+06	6.16275e+06	6.18675e+06	6.1905e+06	6.2105e+06	
6.152e+06	6.05e+06	6.22375e+06	6.2025e+06	6.14125e+06	
6.08075e+06	6.08325e+06	6.15125e+06	6.145e+06	6.23525e+06	
6.1035e+06	6.067e+06	6.01775e+06	6.092e+06	6.08075e+06	
6.1105e+06	5.9805e+06	5.9895e+06	6.00525e+06	6.07825e+06	
5.95675e+06	6.04175e+06	6.026e+06	6.06825e+06	6.07825e+06	
6.01575e+06	6.0115e+06	5.9975e+06	5.92375e+06	5.978e+06	
5.88975e+06	5.97925e+06	5.88725e+06	5.961e+06	5.99575e+06	
5.88225e+06	5.893e+06	5.94275e+06	5.88925e+06	5.9945e+06	
5.893e+06	5.82175e+06	5.874e+06	5.87225e+06	5.90625e+06	
5.83875e+06	5.8715e+06	5.8595e+06	5.84825e+06	5.847e+06	
5.871e+06	5.8085e+06	5.808e+06	5.8325e+06	5.83825e+06	
5.774e+06	5.68875e+06	5.74375e+06	5.8225e+06	5.794e+06	
5.707e+06	5.748e+06	5.697e+06	5.7235e+06	5.748e+06	
5.62575e+06	5.7235e+06	5.668e+06	5.61375e+06	5.748e+06	
5.721e+06	5.64525e+06	5.629e+06	5.6045e+06	5.68075e+06	
5.57675e+06	5.59125e+06	5.7405e+06	5.57425e+06	5.7355e+06	
5.65175e+06	5.68625e+06	5.64025e+06	5.65475e+06	5.70325e+06	
5.719e+06	5.69075e+06	5.6825e+06	5.66175e+06	5.658e+06	
5.70525e+06	5.7285e+06	5.629e+06	5.777e+06	5.716e+06	
5.61875e+06	5.663e+06	5.6775e+06	5.70325e+06	5.7235e+06	
5.63775e+06	5.6295e+06	5.70075e+06	5.7095e+06	5.68325e+06	
5.6005e+06	5.622e+06	5.692e+06	5.63525e+06	5.687e+06	
5.6965e+06	5.6175e+06	5.6755e+06	5.636e+06	5.67425e+06	
5.76125e+06	5.615e+06	5.68e+06	5.71025e+06	5.72975e+06	
5.6825e+06	5.70825e+06	5.6555e+06	5.70075e+06	5.59875e+06	
5.65175e+06	5.5585e+06	5.56725e+06	5.71525e+06	5.68325e+06	
5.60825e+06	5.687e+06	5.6295e+06	5.6465e+06	5.58925e+06	
5.58675e+06	5.58725e+06	5.547e+06	5.65475e+06	5.6675e+06	
5.61125e+06	5.571e+06	5.54075e+06	5.65175e+06	5.58925e+06	
5.49275e+06	5.557e+06	5.5545e+06	5.57725e+06	5.515e+06	
5.49725e+06	5.5275e+06	5.51425e+06	5.44e+06	5.53325e+06	
5.37e+06	5.26275e+06	5.4135e+06	5.39275e+06	5.38825e+06	
5.208e+06	5.2105e+06	5.22575e+06	5.17025e+06	5.237e+06	
4.9705e+06	4.93e+06	5.002e+06	4.9655e+06	5.06175e+06	
4.87475e+06	4.7505e+06	4.835e+06	4.9105e+06	4.91375e+06	
4.823e+06	4.876e+06	4.8425e+06	4.881e+06	4.905e+06	
5.02525e+06	4.9705e+06	4.92075e+06	4.92575e+06	5.07075e+06	
5.00325e+06	4.96025e+06	5.036e+06	5.04725e+06	5.0605e+06	
5.09025e+06	5.14425e+06	5.07075e+06	5.152e+06	5.1355e+06	
5.2705e+06	5.27225e+06	5.19725e+06	5.21e+06	5.29e+06	
5.26225e+06	5.261e+06	5.2955e+06	5.29625e+06	5.29675e+06	
5.242e+06	5.31075e+06	5.34475e+06	5.302e+06	5.39325e+06	
5.341e+06	5.264e+06	5.34725e+06	5.26975e+06	5.358e+06	
5.34425e+06	5.307e+06	5.39075e+06	5.38125e+06	5.3795e+06	
5.35225e+06	5.353e+06	5.375e+06	5.37875e+06	5.397e+06	
5.38325e+06	5.33475e+06	5.3875e+06	5.3965e+06	5.4045e+06	
5.382e+06	5.47325e+06	5.3795e+06	5.38575e+06	5.474e+06	
5.35225e+06	5.47275e+06	5.34025e+06	5.41225e+06	5.41225e+06	
5.3535e+06	5.382e+06	5.37825e+06	5.409e+06	5.43175e+06	
5.38825e+06	5.38325e+06	5.43625e+06	5.4255e+06	5.457e+06	
5.38575e+06	5.431e+06	5.382e+06	5.4645e+06	5.46075e+06	
5.35475e+06	5.31125e+06	5.375e+06	5.4045e+06	5.3945e+06	
5.503e+06	5.38125e+06	5.39325e+06	5.48725e+06	5.30575e+06	
5.36375e+06	5.3675e+06	5.3945e+06	5.30325e+06	5.39025e+06	
5.31775e+06	5.319e+06	5.36925e+06	5.319e+06	5.356e+06	
5.32275e+06	5.368e+06	5.29675e+06	5.35725e+06	5.2875e+06	
5.2535e+06	5.25525e+06	5.25075e+06	5.24025e+06	5.40025e+06	
5.24775e+06	5.268e+06	5.27975e+06	5.32575e+06	5.25525e+06	
5.2905e+06	5.28225e+06	5.26275e+06	5.2465e+06	5.3895e+06	
5.3e+06	5.341e+06	5.259e+06	5.283e+06	5.4205e+06	
5.19925e+06	5.2205e+06	5.34675e+06	5.28375e+06	5.28625e+06	
5.3335e+06	5.2705e+06	5.27425e+06	5.29175e+06	5.32525e+06	
5.2955e+06	5.35725e+06	5.2975e+06	5.32825e+06	5.34975e+06	
5.2465e+06	5.2495e+06	5.307e+06	5.29375e+06	5.34225e+06	
5.3025e+06	5.22875e+06	5.2735e+06	5.26025e+06	5.27975e+06	
5.23575e+06	5.25025e+06	5.21e+06	5.2415e+06	5.30075e+06	
5.22625e+06	5.2075e+06	5.26225e+06	5.213e+06	5.3215e+06	
5.2075e+06	5.2395e+06	5.25975e+06	5.22e+06	5.28375e+06	
5.15875e+06	5.1765e+06	5.24825e+06	5.157e+06	5.22825e+06	
5.2395e+06	5.19025e+06	5.23375e+06	5.22875e+06	5.2975e+06	
5.1645e+06	5.1695e+06	5.2035e+06	5.21425e+06	5.196e+06	
5.2055e+06	5.17075e+06	5.193e+06	5.20625e+06	5.20225e+06	
5.11275e+06	5.18775e+06	5.1475e+06	5.1835e+06	5.2325e+06	
5.17025e+06	5.21175e+06	5.123e+06	5.22625e+06	5.264e+06	
5.09975e+06	5.12925e+06	5.14875e+06	5.1475e+06	5.19175e+06	
5.12425e+06	5.133e+06	5.121e+06	5.15875e+06	5.20925e+06	
5.1355e+06	5.126e+06	5.11425e+06	5.15875e+06	5.17325e+06	
5.0845e+06	5.152e+06	5.09525e+06	5.1525e+06	5.11925e+06	
5.04975e+06	5.12725e+06	5.13875e+06	5.09075e+06	5.1665e+06	
4.973e+06	5.09025e+06	5.077e+06	5.05225e+06	5.13625e+06	
5.01825e+06	4.96475e+06	4.98375e+06	4.995e+06	5.009e+06	
5.0215e+06	4.995e+06	4.94025e+06	5.03525e+06	5.07575e+06	
5.05875e+06	4.98175e+06	5.0695e+06	5.007e+06	5.055e+06	
5.063e+06	5.036e+06	5.024e+06	5.0605e+06	5.0745e+06	
5.07125e+06	5.06425e+06	5.02725e+06	5.0405e+06	5.19425e+06	
5.1155e+06	5.04925e+06	5.0285e+06	4.96975e+06	5.05875e+06	
4.96025e+06	5.0315e+06	5.01825e+06	5.06175e+06	5.02275e+06	
5.04975e+06	5.0795e+06	5.12425e+06	5.0115e+06	5.0315e+06	
5.01775e+06	4.963e+06	5.02725e+06	5.02525e+06	4.978e+06	
5.00575e+06	4.9465e+06	5.0115e+06	4.95975e+06	5.06425e+06	
4.9005e+06	5.00325e+06	4.96175e+06	4.98125e+06	5.007e+06	
4.8985e+06	4.934e+06	5.055e+06	4.95525e+06	4.91575e+06	
5.005e+06	5.05625e+06	4.96675e+06	5.046e+06	4.9805e+06	
4.951e+06	4.9315e+06	4.9195e+06	4.92575e+06	4.9415e+06	
4.891e+06	4.884e+06	4.94525e+06	4.917e+06	4.9805e+06	
4.91375e+06	4.8595e+06	4.90175e+06	4.939e+06	5.02025e+06	
4.942e+06	4.93825e+06	4.966e+06	4.93275e+06	4.9755e+06	
4.903e+06	4.92e+06	4.91575e+06	4.86575e+06	4.9275e+06	
4.915e+06	4.9395e+06	4.93825e+06	4.934e+06	4.97475e+06	
4.854e+06	4.8715e+06	4.8155e+06	4.8715e+06	4.93775e+06	
4.8275e+06	4.93525e+06	4.8815e+06	4.89675e+06	4.932e+06	
4.81975e+06	4.886e+06	4.871e+06	4.90625e+06	4.813e+06	
4.8255e+06	4.8595e+06	4.89475e+06	4.85775e+06	4.876e+06	
4.81925e+06	4.792e+06	4.847e+06	4.8765e+06	4.89675e+06	
4.78825e+06	4.82375e+06	4.874e+06	4.8565e+06	4.86825e+06	
4.83425e+06	4.804e+06	4.811e+06	4.82375e+06	4.88925e+06	
4.765e+06	4.782e+06	4.80975e+06	4.8035e+06	4.8135e+06	
4.80975e+06	4.80925e+06	4.84075e+06	4.775e+06	4.7695e+06	
4.74875e+06	4.80025e+06	4.823e+06	4.79725e+06	4.83e+06	
4.792e+06	4.7455e+06	4.73925e+06	4.74925e+06	4.835e+06	
4.77e+06	4.77e+06	4.80725e+06	4.7355e+06	4.82625e+06	
4.77325e+06	4.75125e+06	4.7675e+06	4.75925e+06	4.74425e+06	
4.6805e+06	4.68425e+06	4.73675e+06	4.68e+06	4.7435e+06	
4.702e+06	4.593e+06	4.7405e+06	4.75375e+06	4.7095e+06	
4.69575e+06	4.69875e+06	4.70575e+06	4.731e+06	4.7725e+06	
4.6875e+06	4.61325e+06	4.72225e+06	4.632e+06	4.7e+06	
4.5765e+06	4.61125e+06	4.656e+06	4.64025e+06	4.68175e+06	
4.61625e+06	4.6295e+06	4.54325e+06	4.55525e+06	4.6655e+06	
4.5275e+06	4.50175e+06	4.56025e+06	4.528e+06	4.62075e+06	
4.62525e+06	4.547e+06	4.5735e+06	4.581e+06	4.6345e+06	
4.56025e+06	4.595e+06	4.5425e+06	4.52375e+06	4.59925e+06	
4.53625e+06	4.5225e+06	4.50925e+06	4.479e+06	4.491e+06	
4.48075e+06	4.4505e+06	4.49475e+06	4.49525e+06	4.50675e+06	
4.3215e+06	4.3215e+06	4.25725e+06	4.269e+06	4.36675e+06	
4.06925e+06	4.02275e+06	4.00075e+06	4.01825e+06	4.07125e+06	
3.87525e+06	3.75925e+06	3.8615e+06	3.84575e+06	3.85325e+06	
3.6175e+06	3.661e+06	3.63325e+06	3.69625e+06	3.73725e+06	
3.69575e+06	3.692e+06	3.6925e+06	3.71575e+06	3.724e+06	
3.736e+06	3.7195e+06	3.74175e+06	3.74975e+06	3.80525e+06	
3.7435e+06	3.7455e+06	3.734e+06	3.75675e+06	3.79325e+06	
3.73725e+06	3.736e+06	3.772e+06	3.76875e+06	3.7285e+06	
3.748e+06	3.70825e+06	3.68175e+06	3.7485e+06	3.8065e+06	
3.816e+06	3.789e+06	3.79575e+06	3.75425e+06	3.862e+06	
3.7985e+06	3.794e+06	3.765e+06	3.79775e+06	3.86325e+06	
3.74425e+06	3.777e+06	3.813e+06	3.915e+06	3.86525e+06	
3.86325e+06	3.83125e+06	3.8545e+06	3.90675e+06	3.86525e+06	
3.90675e+06	3.855e+06	3.8445e+06	3.8325e+06	3.864e+06	
3.942e+06	3.90675e+06	3.96225e+06	3.86325e+06	3.8665e+06	
3.9055e+06	3.8865e+06	3.87975e+06	3.86575e+06	3.92625e+06	
3.95275e+06	3.95525e+06	3.9855e+06	3.9535e+06	3.96525e+06	
3.96525e+06	3.92325e+06	4.005e+06	4.01125e+06	4.0285e+06	
3.9395e+06	3.94275e+06	3.96975e+06	4.01325e+06	3.9735e+06	
3.9495e+06	3.927e+06	3.985e+06	3.96275e+06	3.96225e+06	
3.9075e+06	3.956e+06	3.94825e+06	3.92e+06	3.9275e+06	
3.884e+06	3.8815e+06	3.91675e+06	3.92625e+06	3.8715e+06	
3.84125e+06	3.87725e+06	3.903e+06	3.823e+06	3.88525e+06	
3.8375e+06	3.81225e+06	3.86025e+06	3.86025e+06	3.81425e+06	
3.86525e+06	3.86025e+06	3.81975e+06	3.88275e+06	3.84875e+06	
3.84875e+06	3.77e+06	3.8065e+06	3.86775e+06	3.82225e+06	
3.8185e+06	3.8035e+06	3.82725e+06	3.79775e+06	3.84625e+06	
3.77325e+06	3.81475e+06	3.8065e+06	3.838e+06	3.813e+06	
3.843e+06	3.82175e+06	3.8205e+06	3.86575e+06	3.8715e+06	
3.83425e+06	3.93e+06	3.8495e+06	3.85325e+06	3.90675e+06	
3.8375e+06	3.88475e+06	3.845e+06	3.8695e+06	3.93e+06	
3.86275e+06	3.88025e+06	3.9125e+06	3.891e+06	3.976e+06	
3.947e+06	3.8935e+06	3.87525e+06	3.9325e+06	3.9175e+06	
3.88475e+06	3.932e+06	3.92125e+06	3.86825e+06	3.879e+06	
3.85375e+06	3.86775e+06	3.86775e+06	3.87725e+06	3.869e+06	
3.8355e+06	3.78825e+06	3.872e+06	3.8905e+06	3.85375e+06	
3.77375e+06	3.7865e+06	3.7985e+06	3.799e+06	3.83675e+06	
3.792e+06	3.8305e+06	3.813e+06	3.83875e+06	3.84e+06	
3.74425e+06	3.7e+06	3.78e+06	3.79525e+06	3.7795e+06	
3.70125e+06	3.741e+06	3.7575e+06	3.75925e+06	3.772e+06	
3.663e+06	3.729e+06	3.73925e+06	3.741e+06	3.76425e+06	
3.6685e+06	3.613e+06	3.646e+06	3.65225e+06	3.719e+06	
3.66675e+06	3.6315e+06	3.63525e+06	3.627e+06	3.6515e+06	
3.66675e+06	3.61825e+06	3.62125e+06	3.605e+06	3.59225e+06	
3.62375e+06	3.6005e+06	3.562e+06	3.58975e+06	3.64025e+06	
3.569e+06	3.56575e+06	3.54325e+06	3.65225e+06	3.629e+06	
3.58975e+06	3.58725e+06	3.542e+06	3.57025e+06	3.56575e+06	
3.61875e+06	3.56975e+06	3.58675e+06	3.62075e+06	3.5685e+06	
3.53675e+06	3.52425e+06	3.5155e+06	3.56525e+06	3.5225e+06	
3.53425e+06	3.5935e+06	3.511e+06	3.525e+06	3.5615e+06	
3.579e+06	3.58975e+06	3.58725e+06	3.50975e+06	3.542e+06	
3.51975e+06	3.588e+06	3.5665e+06	3.55825e+06	3.571e+06	
3.625e+06	3.54625e+06	3.5765e+06	3.65525e+06	3.6125e+06	
3.56525e+06	3.564e+06	3.567e+06	3.581e+06	3.6125e+06	
3.57275e+06	3.57975e+06	3.5615e+06	3.542e+06	3.5855e+06	
3.5715e+06	3.57275e+06	3.5375e+06	3.5495e+06	3.57775e+06	
3.5395e+06	3.56575e+06	3.52625e+06	3.547e+06	3.5595e+06	
3.554e+06	3.501e+06	3.5565e+06	3.5565e+06	3.5225e+06	
3.5255e+06	3.50225e+06	3.4935e+06	3.52425e+06	3.5475e+06	
3.4385e+06	3.472e+06	3.5225e+06	3.472e+06	3.4765e+06	
3.535e+06	3.50275e+06	3.504e+06	3.51475e+06	3.50675e+06	
3.46075e+06	3.576e+06	3.4985e+06	3.496e+06	3.52875e+06	
3.48325e+06	3.53e+06	3.45675e+06	3.50225e+06	3.523e+06	
3.523e+06	3.52925e+06	3.4895e+06	3.46825e+06	3.44475e+06	
3.43925e+06	3.431e+06	3.46375e+06	3.44625e+06	3.49225e+06	
3.436e+06	3.402e+06	3.462e+06	3.49025e+06	3.5035e+06	
3.4115e+06	3.43475e+06	3.41275e+06	3.43175e+06	3.47825e+06	
3.448e+06	3.4525e+06	3.39075e+06	3.43475e+06	3.42975e+06	
3.358e+06	3.46575e+06	3.4285e+06	3.3975e+06	3.46125e+06	
3.344e+06	3.41025e+06	3.424e+06	3.438e+06	3.431e+06	
3.4215e+06	3.33775e+06	3.412e+06	3.45875e+06	3.38125e+06	
3.397e+06	3.39575e+06	3.38875e+06	3.402e+06	3.521e+06	
3.327e+06	3.41725e+06	3.366e+06	3.35675e+06	3.431e+06	
3.34975e+06	3.3725e+06	3.33975e+06	3.351e+06	3.4015e+06	
3.31125e+06	3.3725e+06	3.38175e+06	3.3875e+06	3.3435e+06	
3.368e+06	3.37125e+06	3.3415e+06	3.361e+06	3.37425e+06	
3.3515e+06	3.36225e+06	3.3515e+06	3.358e+06	3.38375e+06	
3.2855e+06	3.3125e+06	3.3125e+06	3.334e+06	3.332e+06	
3.35225e+06	3.29925e+06	3.346e+06	3.3755e+06	3.35925e+06	
3.28975e+06	3.278e+06	3.2305e+06	3.283e+06	3.30625e+06	
3.312e+06	3.29875e+06	3.28725e+06	3.25575e+06	3.30125e+06	
3.2155e+06	3.25775e+06	3.2395e+06	3.29425e+06	3.281e+06	
3.22425e+06	3.23875e+06	3.24e+06	3.26975e+06	3.35975e+06	
3.24375e+06	3.27025e+06	3.25325e+06	3.2855e+06	3.27475e+06	
3.2275e+06	3.2155e+06	3.208e+06	3.218e+06	3.26475e+06	
3.2425e+06	3.199e+06	3.143e+06	3.1865e+06	3.16625e+06	
3.1965e+06	3.199e+06	3.20475e+06	3.18725e+06	3.194e+06	
3.23e+06	3.14925e+06	3.1625e+06	3.1695e+06	3.16825e+06	
3.06875e+06	3.16125e+06	3.10575e+06	3.14875e+06	3.1305e+06	
3.1285e+06	3.09575e+06	3.05925e+06	3.0605e+06	3.03075e+06	
3.06675e+06	3.03225e+06	3.0195e+06	3.04225e+06	2.9955e+06	
2.9175e+06	2.959e+06	2.947e+06	3.0025e+06	2.9225e+06	
2.83625e+06	2.8085e+06	2.84125e+06	2.816e+06	2.78375e+06	
2.7555e+06	2.736e+06	2.74475e+06	2.765e+06	2.76625e+06	
2.707e+06	2.68675e+06	2.676e+06	2.6565e+06	2.70875e+06	
2.66975e+06	2.61e+06	2.639e+06	2.61375e+06	2.656e+06	
2.57025e+06	2.547e+06	2.58725e+06	2.576e+06	2.574e+06	
2.51925e+06	2.4915e+06	2.4815e+06	2.509e+06	2.54125e+06	
2.4625e+06	2.46425e+06	2.49775e+06	2.4725e+06	2.472e+06	
2.45125e+06	2.441e+06	2.4605e+06	2.44725e+06	2.4505e+06	
2.39075e+06	2.453e+06	2.46125e+06	2.4525e+06	2.44925e+06	
2.4555e+06	2.458e+06	2.434e+06	2.45e+06	2.46625e+06	
2.4455e+06	2.463e+06	2.40125e+06	2.46175e+06	2.48525e+06	
2.455e+06	2.48575e+06	2.475e+06	2.46125e+06	2.50225e+06	
2.5325e+06	2.53875e+06	2.58225e+06	2.55075e+06	2.55325e+06	
2.6155e+06	2.6125e+06	2.59925e+06	2.58975e+06	2.66225e+06	
2.693e+06	2.70825e+06	2.65725e+06	2.69175e+06	2.705e+06	
2.79275e+06	2.75625e+06	2.66975e+06	2.7945e+06	2.76875e+06	
2.76375e+06	2.80275e+06	2.7335e+06	2.7315e+06	2.7745e+06	
2.75175e+06	2.72075e+06	2.714e+06	2.7435e+06	2.7435e+06	
2.75925e+06	2.7215e+06	2.71075e+06	2.75425e+06	2.78375e+06	
2.7265e+06	2.671e+06	2.63775e+06	2.61625e+06	2.7095e+06	
2.59475e+06	2.61425e+06	2.596e+06	2.58925e+06	2.59925e+06	
2.555e+06	2.59725e+06	2.5375e+06	2.58025e+06	2.55375e+06	
2.555e+06	2.5525e+06	2.55375e+06	2.56025e+06	2.58275e+06	
2.48825e+06	2.5765e+06	2.50975e+06	2.5325e+06	2.52475e+06	
2.526e+06	2.49725e+06	2.53625e+06	2.52175e+06	2.5065e+06	
2.467e+06	2.48775e+06	2.4865e+06	2.567e+06	2.51675e+06	
2.47075e+06	2.50225e+06	2.47825e+06	2.51975e+06	2.475e+06	
2.46575e+06	2.53875e+06	2.441e+06	2.5615e+06	2.49075e+06	
2.53675e+06	2.51175e+06	2.5525e+06	2.5425e+06	2.5375e+06	
2.47875e+06	2.51475e+06	2.518e+06	2.51225e+06	2.52475e+06	
2.472e+06	2.5255e+06	2.5525e+06	2.52875e+06	2.52875e+06	
2.4965e+06	2.5185e+06	2.518e+06	2.482e+06	2.53675e+06	
2.48275e+06	2.455e+06	2.4455e+06	2.44475e+06	2.4965e+06	
2.496e+06	2.49725e+06	2.501e+06	2.501e+06	2.51225e+06	
2.5085e+06	2.4795e+06	2.47125e+06	2.46175e+06	2.496e+06	
2.43275e+06	2.4775e+06	2.43275e+06	2.53675e+06	2.47375e+06	
2.443e+06	2.475e+06	2.45125e+06	2.48825e+06	2.48575e+06	
2.465e+06	2.42475e+06	2.43225e+06	2.455e+06	2.4505e+06	
2.4285e+06	2.4455e+06	2.465e+06	2.446e+06	2.4555e+06	
2.51175e+06	2.487e+06	2.47825e+06	2.48075e+06	2.4675e+06	
2.48525e+06	2.47625e+06	2.50275e+06	2.50725e+06	2.53e+06	
2.46875e+06	2.51025e+06	2.45175e+06	2.5155e+06	2.55075e+06	
2.52675e+06	2.4775e+06	2.49525e+06	2.50275e+06	2.55075e+06	
2.482e+06	2.504e+06	2.47625e+06	2.4745e+06	2.5155e+06	
2.49725e+06	2.52225e+06	2.49525e+06	2.50275e+06	2.5155e+06	
2.518e+06	2.4945e+06	2.518e+06	2.49075e+06	2.59425e+06	
2.53375e+06	2.562e+06	2.54875e+06	2.562e+06	2.576e+06	
2.57775e+06	2.5835e+06	2.5885e+06	2.58225e+06	2.57975e+06	
2.5425e+06	2.59925e+06	2.55625e+06	2.603e+06	2.6515e+06	
2.5905e+06	2.61675e+06	2.5885e+06	2.6615e+06	2.5885e+06	
2.678e+06	2.6445e+06	2.65775e+06	2.6075e+06	2.6275e+06	
2.66925e+06	2.651e+06	2.65025e+06	2.666e+06	2.7095e+06	
2.6975e+06	2.6705e+06	2.6805e+06	2.661e+06	2.70375e+06	
2.6735e+06	2.634e+06	2.664e+06	2.64825e+06	2.683e+06	
2.61425e+06	2.66925e+06	2.6655e+06	2.6615e+06	2.70325e+06	
2.61675e+06	2.6615e+06	2.65725e+06	2.70875e+06	2.685e+06	
2.697e+06	2.6925e+06	2.637e+06	2.661e+06	2.67425e+06	
2.66275e+06	2.63575e+06	2.6735e+06	2.66225e+06	2.676e+06	
2.64575e+06	2.6415e+06	2.67925e+06	2.64575e+06	2.66975e+06	
2.57975e+06	2.61375e+06	2.632e+06	2.61125e+06	2.64575e+06	
2.62375e+06	2.59475e+06	2.6225e+06	2.64325e+06	2.634e+06	
2.60875e+06	2.60625e+06	2.60875e+06	2.62825e+06	2.6175e+06	
2.5905e+06	2.59175e+06	2.64075e+06	2.6515e+06	2.622e+06	
2.618e+06	2.65275e+06	2.66675e+06	2.67475e+06	2.65025e+06	
2.64825e+06	2.634e+06	2.65025e+06	2.66025e+06	2.62075e+06	
2.591e+06	2.6055e+06	2.5615e+06	2.588e+06	2.596e+06	
2.567e+06	2.60375e+06	2.596e+06	2.58525e+06	2.63825e+06	
2.627e+06	2.61125e+06	2.56275e+06	2.61e+06	2.61e+06	
2.59175e+06	2.5955e+06	2.62375e+06	2.58975e+06	2.6005e+06	
2.6005e+06	2.62375e+06	2.588e+06	2.5865e+06	2.622e+06	
2.61875e+06	2.60675e+06	2.6175e+06	2.6295e+06	2.60225e+06	
2.5765e+06	2.62375e+06	2.572e+06	2.60925e+06	2.63825e+06	
2.557e+06	2.59725e+06	2.569e+06	2.63325e+06	2.618e+06	
2.60875e+06	2.627e+06	2.5405e+06	2.57025e+06	2.62325e+06	
2.579e+06	2.581e+06	2.54625e+06	2.591e+06	2.61875e+06	
2.52425e+06	2.557e+06	2.5615e+06	2.557e+06	2.588e+06	
2.562e+06	2.55575e+06	2.5905e+06	2.5735e+06	2.53875e+06	
2.5375e+06	2.53375e+06	2.56575e+06	2.58525e+06	2.54375e+06	
2.55825e+06	2.59725e+06	2.605e+06	2.52225e+06	2.54375e+06	
2.56825e+06	2.576e+06	2.59225e+06	2.6075e+06	2.60225e+06	
2.59675e+06	2.57775e+06	2.552e+06	2.63575e+06	2.58025e+06	
2.59425e+06	2.625e+06	2.56025e+06	2.591e+06	2.55825e+06	
2.584e+06	2.625e+06	2.6075e+06	2.647e+06	2.601e+06	
2.5405e+06	2.593e+06	2.58275e+06	2.5525e+06	2.581e+06	
2.572e+06	2.57975e+06	2.5615e+06	2.5955e+06	2.559e+06	
2.54575e+06	2.598e+06	2.55625e+06	2.5235e+06	2.5715e+06	
2.55575e+06	2.588e+06	2.579e+06	2.58225e+06	2.59225e+06	
2.56325e+06	2.574e+06	2.5765e+06	2.596e+06	2.61e+06	
2.5545e+06	2.579e+06	2.5955e+06	2.5715e+06	2.572e+06	
2.5085e+06	2.5375e+06	2.572e+06	2.58025e+06	2.58225e+06	
2.52675e+06	2.598e+06	2.5645e+06	2.5445e+06	2.639e+06	
2.59725e+06	2.5425e+06	2.55575e+06	2.53375e+06	2.5715e+06	
2.58975e+06	2.5495e+06	2.58475e+06	2.54825e+06	2.535e+06	
2.58525e+06	2.56325e+06	2.5615e+06	2.586e+06	2.57775e+06	
2.572e+06	2.5815e+06	2.559e+06	2.5235e+06	2.564e+06	
2.5325e+06	2.545e+06	2.5235e+06	2.53625e+06	2.5495e+06	
2.53e+06	2.5525e+06	2.55825e+06	2.557e+06	2.54325e+06	
2.50725e+06	2.5375e+06	2.588e+06	2.51675e+06	2.535e+06	
2.48575e+06	2.5065e+06	2.50275e+06	2.4725e+06	2.52875e+06	
2.48325e+06	2.484e+06	2.4915e+06	2.50025e+06	2.484e+06	
2.48575e+06	2.482e+06	2.48525e+06	2.509e+06	2.49075e+06	
2.55375e+06	2.4945e+06	2.47125e+06	2.47075e+06	2.49525e+06	
2.4555e+06	2.496e+06	2.48575e+06	2.5275e+06	2.5085e+06	
2.4815e+06	2.44675e+06	2.446e+06	2.49275e+06	2.489e+06	
2.45625e+06	2.4505e+06	2.45925e+06	2.47e+06	2.511e+06	
2.484e+06	2.4065e+06	2.46625e+06	2.44425e+06	2.49025e+06	
2.412e+06	2.419e+06	2.47075e+06	2.45e+06	2.45625e+06	
2.4385e+06	2.46375e+06	2.49025e+06	2.45425e+06	2.47875e+06	
2.43675e+06	2.44925e+06	2.42525e+06	2.46125e+06	2.4455e+06	
2.4505e+06	2.4675e+06	2.44675e+06	2.48e+06	2.5355e+06	
2.4e+06	2.47075e+06	2.448e+06	2.44675e+06	2.4625e+06	
2.431e+06	2.45175e+06	2.48e+06	2.446e+06	2.46175e+06	
2.42275e+06	2.463e+06	2.417e+06	2.43275e+06	2.47575e+06	
2.43925e+06	2.40775e+06	2.44225e+06	2.472e+06	2.4045e+06	
2.3995e+06	2.383e+06	2.429e+06	2.42725e+06	2.446e+06	
2.41075e+06	2.43225e+06	2.43975e+06	2.42775e+06	2.4725e+06	
2.40125e+06	2.375e+06	2.431e+06	2.429e+06	2.419e+06	
2.47125e+06	2.373e+06	2.42725e+06	2.388e+06	2.3655e+06	
2.409e+06	2.36675e+06	2.40325e+06	2.3775e+06	2.38675e+06	
2.4485e+06	2.37225e+06	2.41025e+06	2.4045e+06	2.4405e+06	
2.327e+06	2.3605e+06	2.3605e+06	2.39575e+06	2.37175e+06	
2.42025e+06	2.39825e+06	2.332e+06	2.36225e+06	2.4025e+06	
2.3145e+06	2.371e+06	2.37175e+06	2.404e+06	2.3825e+06	
2.39625e+06	2.3805e+06	2.35225e+06	2.363e+06	2.325e+06	
2.3005e+06	2.3315e+06	2.349e+06	2.3515e+06	2.392e+06	
2.3365e+06	2.308e+06	2.36975e+06	2.37225e+06	2.344e+06	
2.32375e+06	2.30425e+06	2.33275e+06	2.34275e+06	2.33525e+06	
2.30125e+06	2.29675e+06	2.281e+06	2.303e+06	2.33275e+06	
2.1935e+06	2.225e+06	2.23825e+06	2.20725e+06	2.2375e+06	
2.0435e+06	2.024e+06	1.99125e+06	2.01625e+06	2.0265e+06	
1.78075e+06	1.76125e+06	1.76675e+06	1.80325e+06	1.80075e+06	
1.564e+06	1.54e+06	1.528e+06	1.54425e+06	1.538e+06	
1.288e+06	1.3105e+06	1.3295e+06	1.34025e+06	1.3565e+06	
1.19325e+06	1.189e+06	1.18825e+06	1.189e+06	1.18025e+06	
1.1235e+06	1.10775e+06	1.1215e+06	1.11775e+06	1.12775e+06	
1.1625e+06	1.1865e+06	1.12025e+06	1.136e+06	1.16375e+06	
1.2305e+06	1.25375e+06	1.2325e+06	1.2255e+06	1.24375e+06	
1.31825e+06	1.30925e+06	1.3225e+06	1.33e+06	1.3295e+06	
1.34025e+06	1.34775e+06	1.37925e+06	1.388e+06	1.37875e+06	
1.359e+06	1.3755e+06	1.361e+06	1.36925e+06	1.34025e+06	
1.36725e+06	1.3275e+06	1.37675e+06	1.325e+06	1.325e+06	
1.347e+06	1.35025e+06	1.33075e+06	1.34075e+06	1.33125e+06	
1.31825e+06	1.33e+06	1.354e+06	1.36025e+06	1.37425e+06	
1.344e+06	1.37675e+06	1.32325e+06	1.36025e+06	1.34975e+06	
1.39625e+06	1.422e+06	1.385e+06	1.3735e+06	1.39575e+06	
1.46e+06	1.4485e+06	1.45675e+06	1.4335e+06	1.4145e+06	
1.475e+06	1.49525e+06	1.49575e+06	1.49825e+06	1.49075e+06	
1.54875e+06	1.53425e+06	1.516e+06	1.56325e+06	1.569e+06	
1.6055e+06	1.58775e+06	1.608e+06	1.57975e+06	1.5595e+06	
1.7165e+06	1.652e+06	1.64775e+06	1.69375e+06	1.67175e+06	
1.6975e+06	1.70825e+06	1.72525e+06	1.68925e+06	1.70875e+06	
1.777e+06	1.773e+06	1.7825e+06	1.765e+06	1.74975e+06	
1.8255e+06	1.87325e+06	1.84675e+06	1.816e+06	1.8595e+06	
1.87275e+06	1.8375e+06	1.894e+06	1.89475e+06	1.92875e+06	
1.93575e+06	1.935e+06	1.906e+06	1.918e+06	1.92675e+06	
1.9805e+06	1.983e+06	1.98425e+06	1.9595e+06	1.981e+06	
1.98475e+06	1.97925e+06	2e+06	2.04525e+06	2.00625e+06	
2.053e+06	2.01375e+06	2.0435e+06	2.041e+06	2.00175e+06	
2.0515e+06	2.058e+06	2.06225e+06	2.085e+06	2.0265e+06	
2.024e+06	2.041e+06	2.0315e+06	2.0705e+06	2.08125e+06	
2.06225e+06	2.02825e+06	2.05925e+06	2.061e+06	2.07175e+06	
2.056e+06	2.053e+06	2.01825e+06	2.03075e+06	2.078e+06	
2.0775e+06	2.04525e+06	2.09e+06	2.109e+06	2.09575e+06	
2.04775e+06	2.0485e+06	2.09575e+06	2.0415e+06	2.068e+06	
2.05025e+06	2.051e+06	2.04025e+06	2.0925e+06	2.08e+06	
2.06425e+06	2.05225e+06	2.0555e+06	2.08625e+06	2.09825e+06	
2.075e+06	2.03975e+06	2.0725e+06	2.051e+06	2.06225e+06	
2.08325e+06	2.0485e+06	2.0755e+06	2.046e+06	2.08875e+06	
2.0585e+06	2.01325e+06	2.0295e+06	2.09825e+06	2.03075e+06	
2.05225e+06	2.04475e+06	2.01325e+06	2.0125e+06	2.02275e+06	
2.0705e+06	2.0895e+06	2.03325e+06	2.061e+06	2.075e+06	
2.0605e+06	2.044e+06	2.04275e+06	2.06475e+06	2.06425e+06	
2.06875e+06	2.051e+06	2.02075e+06	2.01075e+06	2.04475e+06	
1.9905e+06	2.0245e+06	2.03775e+06	2.04225e+06	2.03975e+06	
1.98725e+06	2.0415e+06	2.03325e+06	2.03975e+06	2.04475e+06	
1.99925e+06	1.99625e+06	2.01325e+06	2.032e+06	2.0025e+06	
1.983e+06	2.03025e+06	2.051e+06	2.02e+06	2.024e+06	
1.9665e+06	2.0095e+06	1.98675e+06	2.01325e+06	2.0365e+06	
1.97925e+06	2.0075e+06	1.983e+06	1.97725e+06	2.02775e+06	
1.98175e+06	1.9635e+06	2.007e+06	1.9835e+06	2.00125e+06	
2.0215e+06	2.005e+06	1.9955e+06	1.9735e+06	1.988e+06	
1.98425e+06	2.017e+06	2.012e+06	2.003e+06	1.9885e+06	
1.99125e+06	1.971e+06	2.00125e+06	2.00825e+06	1.96725e+06	
1.9835e+06	1.96525e+06	1.98425e+06	1.969e+06	2.00425e+06	
1.98975e+06	1.92675e+06	1.97475e+06	1.96225e+06	1.96475e+06	
2.00375e+06	1.9805e+06	1.97925e+06	1.95325e+06	1.9565e+06	
1.96225e+06	1.96975e+06	1.97725e+06	1.99425e+06	1.95075e+06	
1.98225e+06	1.9635e+06	1.923e+06	1.97025e+06	1.96275e+06	
1.95075e+06	1.94125e+06	1.95075e+06	1.966e+06	1.976e+06	
1.9325e+06	1.96775e+06	1.93e+06	1.93625e+06	1.97925e+06	
1.961e+06	1.93625e+06	1.95075e+06	1.952e+06	1.952e+06	
1.95775e+06	1.9175e+06	1.93625e+06	1.90675e+06	1.99625e+06	
1.978e+06	1.9735e+06	1.937e+06	1.96275e+06	1.901e+06	
1.947e+06	1.918e+06	1.903e+06	1.95825e+06	1.9205e+06	
1.9465e+06	1.896e+06	1.94525e+06	1.9445e+06	1.981e+06	
1.90675e+06	1.9495e+06	1.942e+06	1.94375e+06	1.9425e+06	
1.935e+06	1.925e+06	1.91175e+06	1.978e+06	1.92425e+06	
1.8885e+06	1.9055e+06	1.89475e+06	1.91625e+06	1.923e+06	
1.93e+06	1.903e+06	1.91675e+06	1.9685e+06	1.91675e+06	
1.9255e+06	1.932e+06	1.92625e+06	1.91875e+06	1.92175e+06	
1.9375e+06	1.906e+06	1.9375e+06	1.88525e+06	1.95775e+06	
1.91625e+06	1.91625e+06	1.92875e+06	1.93875e+06	1.90725e+06	
1.8765e+06	1.87525e+06	1.896e+06	1.89775e+06	1.9055e+06	
1.9375e+06	1.9005e+06	1.87825e+06	1.92425e+06	1.9085e+06	
1.91175e+06	1.89725e+06	1.889e+06	1.93575e+06	1.87325e+06	
1.857e+06	1.90675e+06	1.86325e+06	1.937e+06	1.92625e+06	
1.908e+06	1.89025e+06	1.903e+06	1.86625e+06	1.91625e+06	
1.8645e+06	1.86e+06	1.85625e+06	1.87525e+06	1.8675e+06	
1.92375e+06	1.894e+06	1.89025e+06	1.88975e+06	1.91175e+06	
1.84175e+06	1.901e+06	1.86325e+06	1.84875e+06	1.889e+06	
1.857e+06	1.85325e+06	1.86375e+06	1.9275e+06	1.879e+06	
1.86625e+06	1.8815e+06	1.831e+06	1.9175e+06	1.889e+06	
1.88075e+06	1.85625e+06	1.84925e+06	1.8715e+06	1.84375e+06	
1.81225e+06	1.86075e+06	1.84625e+06	1.86575e+06	1.83925e+06	
1.85175e+06	1.845e+06	1.84125e+06	1.843e+06	1.8595e+06	
1.86825e+06	1.831e+06	1.83925e+06	1.8455e+06	1.81525e+06	
1.833e+06	1.82025e+06	1.838e+06	1.799e+06	1.8595e+06	
1.831e+06	1.79e+06	1.8115e+06	1.8305e+06	1.823e+06	
1.79825e+06	1.865e+06	1.8255e+06	1.80975e+06	1.79275e+06	
1.819e+06	1.84875e+06	1.799e+06	1.83475e+06	1.83925e+06	
1.78325e+06	1.8405e+06	1.78875e+06	1.8185e+06	1.826e+06	
1.782e+06	1.821e+06	1.7845e+06	1.765e+06	1.809e+06	
1.80025e+06	1.77825e+06	1.794e+06	1.80575e+06	1.792e+06	
1.7675e+06	1.7755e+06	1.75675e+06	1.73775e+06	1.79575e+06	
1.7725e+06	1.7725e+06	1.78125e+06	1.7755e+06	1.74725e+06	
1.76875e+06	1.773e+06	1.75975e+06	1.75475e+06	1.765e+06	
1.75425e+06	1.80275e+06	1.75425e+06	1.7655e+06	1.74975e+06	
1.773e+06	1.727e+06	1.736e+06	1.75975e+06	1.758e+06	
1.744e+06	1.794e+06	1.7555e+06	1.70075e+06	1.7485e+06	
1.74525e+06	1.7315e+06	1.70575e+06	1.70075e+06	1.705e+06	
1.74475e+06	1.7335e+06	1.72775e+06	1.73275e+06	1.70875e+06	
1.71125e+06	1.6975e+06	1.71e+06	1.756e+06	1.739e+06	
1.693e+06	1.7025e+06	1.71825e+06	1.739e+06	1.702e+06	
1.69375e+06	1.70075e+06	1.69175e+06	1.72575e+06	1.70825e+06	
1.66925e+06	1.724e+06	1.75725e+06	1.71075e+06	1.698e+06	
1.729e+06	1.678e+06	1.70075e+06	1.68175e+06	1.7075e+06	
1.685e+06	1.67425e+06	1.70325e+06	1.7045e+06	1.7075e+06	
1.70575e+06	1.688e+06	1.683e+06	1.68875e+06	1.68625e+06	
1.69e+06	1.65275e+06	1.7165e+06	1.664e+06	1.71575e+06	
1.72025e+06	1.66225e+06	1.705e+06	1.683e+06	1.712e+06	
1.6735e+06	1.69675e+06	1.702e+06	1.65975e+06	1.6955e+06	
1.7145e+06	1.666e+06	1.62625e+06	1.656e+06	1.71825e+06	
1.6805e+06	1.66275e+06	1.6805e+06	1.68625e+06	1.676e+06	
1.6415e+06	1.6565e+06	1.637e+06	1.6495e+06	1.6665e+06	
1.654e+06	1.6375e+06	1.65275e+06	1.6565e+06	1.65325e+06	
1.6635e+06	1.62825e+06	1.62825e+06	1.63e+06	1.635e+06	
1.6345e+06	1.671e+06	1.6735e+06	1.6735e+06	1.6515e+06	
1.63625e+06	1.64025e+06	1.649e+06	1.63825e+06	1.66225e+06	
1.637e+06	1.6585e+06	1.6705e+06	1.65525e+06	1.681e+06	
1.64075e+06	1.64275e+06	1.63e+06	1.6585e+06	1.681e+06	
1.64075e+06	1.6495e+06	1.63825e+06	1.63625e+06	1.62625e+06	
1.591e+06	1.6495e+06	1.6205e+06	1.627e+06	1.63075e+06	
1.63575e+06	1.61875e+06	1.642e+06	1.6585e+06	1.61125e+06	
1.64275e+06	1.61925e+06	1.64775e+06	1.59725e+06	1.62825e+06	
1.60175e+06	1.62125e+06	1.58725e+06	1.5955e+06	1.6205e+06	
1.5715e+06	1.59725e+06	1.58525e+06	1.5865e+06	1.593e+06	
1.5915e+06	1.61125e+06	1.56775e+06	1.5745e+06	1.6155e+06	
1.56525e+06	1.5765e+06	1.57975e+06	1.59925e+06	1.5525e+06	
1.55575e+06	1.62125e+06	1.55575e+06	1.56075e+06	1.59925e+06	
1.55825e+06	1.57775e+06	1.56575e+06	1.593e+06	1.57775e+06	
1.5455e+06	1.557e+06	1.56e+06	1.562e+06	1.60175e+06	
1.572e+06	1.58775e+06	1.5865e+06	1.591e+06	1.5575e+06	
1.52725e+06	1.528e+06	1.56575e+06	1.581e+06	1.56525e+06	
1.535e+06	1.5325e+06	1.54125e+06	1.521e+06	1.557e+06	
1.54875e+06	1.5815e+06	1.54875e+06	1.5425e+06	1.54125e+06	
1.526e+06	1.52925e+06	1.5325e+06	1.5645e+06	1.533e+06	
1.53675e+06	1.52975e+06	1.54825e+06	1.54625e+06	1.52225e+06	
1.54e+06	1.52725e+06	1.52725e+06	1.555e+06	1.5375e+06	
1.51975e+06	1.501e+06	1.5405e+06	1.5255e+06	1.5645e+06	
1.4865e+06	1.489e+06	1.49525e+06	1.511e+06	1.51275e+06	
1.50275e+06	1.52425e+06	1.50225e+06	1.51925e+06	1.51725e+06	
1.475e+06	1.492e+06	1.50475e+06	1.51675e+06	1.53875e+06	
1.47825e+06	1.48575e+06	1.5035e+06	1.49825e+06	1.52475e+06	
1.50975e+06	1.50275e+06	1.51975e+06	1.48325e+06	1.52175e+06	
1.47875e+06	1.518e+06	1.5185e+06	1.547e+06	1.53375e+06	
1.51475e+06	1.48125e+06	1.5325e+06	1.50275e+06	1.5285e+06	
1.5375e+06	1.45675e+06	1.497e+06	1.50025e+06	1.51925e+06	
1.50025e+06	1.465e+06	1.48775e+06	1.48e+06	1.458e+06	
1.49325e+06	1.4945e+06	1.4845e+06	1.52425e+06	1.5065e+06	
1.50275e+06	1.472e+06	1.4865e+06	1.4825e+06	1.5015e+06	
1.45425e+06	1.48775e+06	1.453e+06	1.44425e+06	1.48e+06	
1.4895e+06	1.47325e+06	1.49325e+06	1.46675e+06	1.499e+06	
1.47075e+06	1.48325e+06	1.4895e+06	1.453e+06	1.485e+06	
1.46e+06	1.448e+06	1.46175e+06	1.46375e+06	1.45225e+06	
1.458e+06	1.43525e+06	1.47875e+06	1.453e+06	1.45625e+06	
1.4405e+06	1.46425e+06	1.44475e+06	1.453e+06	1.453e+06	
1.43775e+06	1.4095e+06	1.41825e+06	1.448e+06	1.465e+06	
1.43225e+06	1.39175e+06	1.41025e+06	1.422e+06	1.47575e+06	
1.4165e+06	1.41575e+06	1.4215e+06	1.41075e+06	1.424e+06	
1.4195e+06	1.3995e+06	1.407e+06	1.436e+06	1.42475e+06	
1.417e+06	1.42275e+06	1.4075e+06	1.4095e+06	1.42475e+06	
1.378e+06	1.39375e+06	1.3655e+06	1.41325e+06	1.4025e+06	
1.3975e+06	1.39125e+06	1.378e+06	1.376e+06	1.40825e+06	
1.37225e+06	1.36925e+06	1.35725e+06	1.36925e+06	1.3925e+06	
1.35975e+06	1.36225e+06	1.376e+06	1.3705e+06	1.3875e+06	
1.35975e+06	1.3615e+06	1.388e+06	1.347e+06	1.371e+06	
1.359e+06	1.35725e+06	1.354e+06	1.35025e+06	1.35275e+06	
1.2885e+06	1.30425e+06	1.301e+06	1.3005e+06	1.3565e+06	
1.3075e+06	1.30925e+06	1.33e+06	1.3005e+06	1.28225e+06	
1.291e+06	1.28475e+06	1.313e+06	1.31875e+06	1.28475e+06	
1.276e+06	1.3105e+06	1.28475e+06	1.30375e+06	1.28925e+06	
1.2765e+06	1.28475e+06	1.28025e+06	1.3075e+06	1.2695e+06	
1.28675e+06	1.23675e+06	1.27025e+06	1.2615e+06	1.3105e+06	
1.25075e+06	1.24825e+06	1.25325e+06	1.255e+06	1.247e+06	
1.2325e+06	1.24825e+06	1.2525e+06	1.24e+06	1.2205e+06	
1.23375e+06	1.22225e+06	1.228e+06	1.2275e+06	1.17625e+06	
1.2255e+06	1.21175e+06	1.221e+06	1.213e+06	1.2065e+06	
1.199e+06	1.228e+06	1.19075e+06	1.1815e+06	1.21225e+06	
1.1745e+06	1.167e+06	1.1795e+06	1.196e+06	1.204e+06	
1.172e+06	1.187e+06	1.196e+06	1.1845e+06	1.18575e+06	
1.1625e+06	1.1795e+06	1.16575e+06	1.201e+06	1.20275e+06	
1.19475e+06	1.17125e+06	1.1775e+06	1.2035e+06	1.16625e+06	
1.1815e+06	1.172e+06	1.184e+06	1.199e+06	1.192e+06	
1.1795e+06	1.15925e+06	1.1845e+06	1.17625e+06	1.19525e+06	
1.19475e+06	1.18325e+06	1.175e+06	1.19975e+06	1.18775e+06	
1.20225e+06	1.20725e+06	1.199e+06	1.184e+06	1.19725e+06	
1.206e+06	1.218e+06	1.20475e+06	1.1815e+06	1.1865e+06	
1.17375e+06	1.196e+06	1.17375e+06	1.17e+06	1.172e+06	
1.1695e+06	1.182e+06	1.1745e+06	1.18025e+06	1.1985e+06	
1.20225e+06	1.2015e+06	1.24125e+06	1.1895e+06	1.20225e+06	
1.206e+06	1.21475e+06	1.22425e+06	1.233e+06	1.21225e+06	
1.22175e+06	1.2135e+06	1.24125e+06	1.24825e+06	1.22675e+06	
1.209e+06	1.2255e+06	1.233e+06	1.2135e+06	1.25e+06	
1.24625e+06	1.24625e+06	1.2375e+06	1.2425e+06	1.204e+06	
1.23e+06	1.209e+06	1.23175e+06	1.20975e+06	1.21975e+06	
1.194e+06	1.23625e+06	1.1775e+06	1.2035e+06	1.201e+06	
1.13725e+06	1.1725e+06	1.17625e+06	1.1845e+06	1.17e+06	
1.1335e+06	1.109e+06	1.11775e+06	1.14225e+06	1.1115e+06	
1.09575e+06	1.102e+06	1.1165e+06	1.0775e+06	1.11075e+06	
1.1165e+06	1.10075e+06	1.1145e+06	1.1165e+06	1.11025e+06	
1.12725e+06	1.136e+06	1.12025e+06	1.13475e+06	1.136e+06	
1.1455e+06	1.13675e+06	1.1385e+06	1.148e+06	1.17075e+06	
1.16e+06	1.1505e+06	1.1865e+06	1.17825e+06	1.19075e+06	
1.146e+06	1.20725e+06	1.18825e+06	1.15375e+06	1.1815e+06	
1.1895e+06	1.184e+06	1.18825e+06	1.1795e+06	1.18775e+06	
1.18075e+06	1.1815e+06	1.20525e+06	1.206e+06	1.17875e+06	
1.1815e+06	1.1985e+06	1.1965e+06	1.1725e+06	1.2105e+06	
1.182e+06	1.1915e+06	1.146e+06	1.189e+06	1.15875e+06	
1.19275e+06	1.17325e+06	1.17625e+06	1.204e+06	1.20275e+06	
1.20475e+06	1.2015e+06	1.19025e+06	1.163e+06	1.201e+06	
1.2065e+06	1.199e+06	1.19725e+06	1.18525e+06	1.18525e+06	
1.1775e+06	1.18775e+06	1.17e+06	1.187e+06	1.20975e+06	
1.17325e+06	1.1675e+06	1.16625e+06	1.146e+06	1.16875e+06	
1.1645e+06	1.1625e+06	1.155e+06	1.15125e+06	1.1505e+06	
1.14425e+06	1.13975e+06	1.15925e+06	1.14725e+06	1.14875e+06	
1.146e+06	1.14725e+06	1.15925e+06	1.12275e+06	1.15675e+06	
1.14425e+06	1.1455e+06	1.1405e+06	1.158e+06	1.13425e+06	
1.121e+06	1.13925e+06	1.141e+06	1.146e+06	1.1575e+06	
1.14175e+06	1.13675e+06	1.1215e+06	1.141e+06	1.155e+06	
1.13425e+06	1.119e+06	1.148e+06	1.138e+06	1.1285e+06	
1.1385e+06	1.129e+06	1.1505e+06	1.131e+06	1.1505e+06	
1.158e+06	1.13975e+06	1.13475e+06	1.146e+06	1.15675e+06	
1.13475e+06	1.15425e+06	1.131e+06	1.14875e+06	1.13925e+06	
1.13025e+06	1.17075e+06	1.119e+06	1.1435e+06	1.12275e+06	
1.1405e+06	1.158e+06	1.12225e+06	1.17e+06	1.141e+06	
1.12725e+06	1.14675e+06	1.1385e+06	1.18025e+06	1.1335e+06	
1.1095e+06	1.1215e+06	1.158e+06	1.13975e+06	1.1315e+06	
1.1315e+06	1.12275e+06	1.12475e+06	1.1235e+06	1.1455e+06	
1.141e+06	1.12475e+06	1.13025e+06	1.12975e+06	1.12725e+06	
1.126e+06	1.136e+06	1.13275e+06	1.14425e+06	1.14225e+06	
1.129e+06	1.11525e+06	1.112e+06	1.11525e+06	1.15e+06	
1.1265e+06	1.0975e+06	1.1145e+06	1.13925e+06	1.14425e+06	
1.129e+06	1.1235e+06	1.14925e+06	1.13725e+06	1.117e+06	
1.1335e+06	1.129e+06	1.117e+06	1.114e+06	1.11775e+06	
1.14225e+06	1.092e+06	1.12475e+06	1.17575e+06	1.1405e+06	
1.13925e+06	1.13475e+06	1.1405e+06	1.1575e+06	1.15675e+06	
1.143e+06	1.136e+06	1.1405e+06	1.13275e+06	1.124e+06	
1.1e+06	1.11325e+06	1.1115e+06	1.1405e+06	1.1315e+06	
1.16875e+06	1.14425e+06	1.129e+06	1.143e+06	1.175e+06	
1.14175e+06	1.153e+06	1.13675e+06	1.11975e+06	1.12725e+06	
1.14175e+06	1.13275e+06	1.17875e+06	1.12025e+06	1.1605e+06	
1.141e+06	1.14225e+06	1.1285e+06	1.1335e+06	1.13675e+06	
1.1435e+06	1.1335e+06	1.138e+06	1.136e+06	1.14175e+06	
1.11975e+06	1.12775e+06	1.138e+06	1.16125e+06	1.12525e+06	
1.11775e+06	1.14875e+06	1.1555e+06	1.148e+06	1.1115e+06	
1.10275e+06	1.12225e+06	1.12225e+06	1.10825e+06	1.16875e+06	
1.1285e+06	1.14925e+06	1.11075e+06	1.1625e+06	1.13675e+06	
1.15375e+06	1.10825e+06	1.11325e+06	1.12725e+06	1.129e+06	
1.1065e+06	1.117e+06	1.1095e+06	1.12475e+06	1.14725e+06	
1.12475e+06	1.1285e+06	1.10325e+06	1.12225e+06	1.12525e+06	
1.12725e+06	1.10775e+06	1.138e+06	1.136e+06	1.1145e+06	
1.13475e+06	1.1065e+06	1.1335e+06	1.11775e+06	1.13025e+06	
1.126e+06	1.09825e+06	1.1285e+06	1.12775e+06	1.1265e+06	
1.124e+06	1.13425e+06	1.13425e+06	1.10775e+06	1.12025e+06	
1.1215e+06	1.10825e+06	1.14225e+06	1.11525e+06	1.15375e+06	
1.119e+06	1.11975e+06	1.11325e+06	1.1095e+06	1.1065e+06	
1.12025e+06	1.1215e+06	1.121e+06	1.13975e+06	1.12725e+06	
1.11325e+06	1.112e+06	1.13725e+06	1.146e+06	1.138e+06	
1.11775e+06	1.1065e+06	1.1265e+06	1.13975e+06	1.117e+06	
1.1265e+06	1.117e+06	1.12775e+06	1.1285e+06	1.13225e+06	
1.109e+06	1.11525e+06	1.092e+06	1.1265e+06	1.148e+06	
1.117e+06	1.10775e+06	1.092e+06	1.1165e+06	1.1405e+06	
1.0945e+06	1.10525e+06	1.109e+06	1.10575e+06	1.11975e+06	
1.10325e+06	1.12025e+06	1.09125e+06	1.0875e+06	1.10525e+06	
1.114e+06	1.12025e+06	1.102e+06	1.097e+06	1.11525e+06	
1.10525e+06	1.11075e+06	1.10525e+06	1.10525e+06	1.1185e+06	
1.12775e+06	1.0945e+06	1.1e+06	1.10775e+06	1.10325e+06	
1.09e+06	1.092e+06	1.08125e+06	1.11075e+06	1.08375e+06	
1.0945e+06	1.0995e+06	1.0875e+06	1.117e+06	1.097e+06	
1.0975e+06	1.09575e+06	1.11525e+06	1.09125e+06	1.09825e+06	
1.0995e+06	1.083e+06	1.08825e+06	1.0895e+06	1.1145e+06	
1.08175e+06	1.1165e+06	1.10325e+06	1.08825e+06	1.0995e+06	
1.1095e+06	1.11025e+06	1.0975e+06	1.11975e+06	1.10525e+06	
1.05725e+06	1.06725e+06	1.097e+06	1.09875e+06	1.07375e+06	
1.092e+06	1.09075e+06	1.0755e+06	1.08375e+06	1.06675e+06	
1.075e+06	1.0945e+06	1.0895e+06	1.08e+06	1.104e+06	
1.10525e+06	1.08375e+06	1.08175e+06	1.09575e+06	1.0975e+06	
1.0635e+06	1.08675e+06	1.0705e+06	1.08375e+06	1.09825e+06	
1.097e+06	1.05525e+06	1.0635e+06	1.08375e+06	1.07875e+06	
1.09625e+06	1.0945e+06	1.078e+06	1.06975e+06	1.075e+06	
1.06425e+06	1.0975e+06	1.08875e+06	1.073e+06	1.0825e+06	
1.07925e+06	1.06475e+06	1.04225e+06	1.07425e+06	1.078e+06	
1.03575e+06	1.0535e+06	1.04525e+06	1.0535e+06	1.073e+06	
1.0585e+06	1.06425e+06	1.04225e+06	1.04225e+06	1.0585e+06	
1.0195e+06	1.02075e+06	1.07425e+06	1.04025e+06	1.04025e+06	
1.0435e+06	1.02775e+06	1.022e+06	1.049e+06	1.03025e+06	
1.04975e+06	1.058e+06	1.02e+06	1.027e+06	1.03525e+06	
1.03575e+06	1.05225e+06	1.0465e+06	1.022e+06	1.06425e+06	
1.04725e+06	1.0585e+06	1.06925e+06	1.058e+06	1.05225e+06	
1.034e+06	1.02075e+06	1.04975e+06	1.02125e+06	1.0265e+06	
1.03325e+06	1.039e+06	1.04025e+06	1.03325e+06	1.05675e+06	
1.063e+06	1.0315e+06	1.04775e+06	1.0365e+06	1.0175e+06	
1.03075e+06	1.06425e+06	1.03325e+06	1.0365e+06	1.06475e+06	
1.04275e+06	1.017e+06	1.04475e+06	1.05925e+06	1.0655e+06	
1.03575e+06	1.05475e+06	1.0175e+06	1.04225e+06	1.037e+06	
1.02325e+06	1.017e+06	1.034e+06	1.0195e+06	1.027e+06	
1.02e+06	1.02325e+06	1e+06	1.0005e+06	1.0125e+06	
1.01825e+06	993000	985500	980500	993500	
959500	973500	984750	952750	986000	
986750	968500	994750	967250	981000	
995500	1.00875e+06	981750	976000	982250	
996250	1.00425e+06	1.01375e+06	1.00675e+06	1.0075e+06	
994250	1.0005e+06	1.02575e+06	990500	1.00175e+06	
1.025e+06	999250	1.00625e+06	996750	1.01575e+06	
1.02775e+06	996750	1.0075e+06	1.00875e+06	1.00175e+06	
1.0195e+06	1.01825e+06	1.0315e+06	1.012e+06	1.029e+06	
1.01575e+06	1.02375e+06	1.003e+06	1.01625e+06	1.01e+06	
1.0225e+06	1.02075e+06	1.012e+06	999250	1.03775e+06	
1.029e+06	1.029e+06	1.0345e+06	1.04275e+06	1.008e+06	
1.0465e+06	1.0315e+06	1.0225e+06	1.0295e+06	1.02375e+06	
1.0315e+06	1.01325e+06	1.03575e+06	1.01375e+06	1.0295e+06	
990500	983000	1.00175e+06	1.046e+06	988500	
1.015e+06	1.003e+06	1.0315e+06	1.02125e+06	1.01e+06	
1.022e+06	1.00425e+06	986000	1.01375e+06	1.0245e+06	
1.00425e+06	1.032e+06	1.00625e+06	1.01e+06	1.02075e+06	
1.01575e+06	998000	1.0145e+06	994250	1.01125e+06	
1.02075e+06	988000	972250	1.02325e+06	991750	
997500	1.02075e+06	991750	1.01325e+06	1.025e+06	
1.01e+06	1.01375e+06	979000	999250	1.0175e+06	
1.0125e+06	1.00125e+06	1.003e+06	1.01125e+06	983000	
1.01575e+06	975250	988500	1.01375e+06	1.01075e+06	
1.00175e+06	1.00675e+06	994750	1.01575e+06	1.01375e+06	
984750	984250	983500	1.00925e+06	998750	
1.00875e+06	985500	991000	996250	1.00375e+06	
1.01e+06	989250	988000	993000	1.003e+06	
1.02575e+06	980500	1.01325e+06	977750	998000	
993500	992250	993500	980500	974000	
992250	994750	971500	1.00375e+06	995500	
990500	995500	991750	957750	965250	
1.005e+06	996250	991750	970250	1.00425e+06	
985500	969000	990500	1.012e+06	989250	
976500	997500	990500	975250	986000	
1.00625e+06	959500	971000	957750	976500	
984250	966500	972250	977750	984250	
968500	979000	950750	995500	973500	
937500	960750	974000	952000	979750	
940750	935750	922500	937500	948750	
930000	929250	914750	945000	923000	
920500	938250	928000	918750	931750	
956500	925500	907250	950250	940000	
914750	943750	939500	949500	953250	
952750	926250	952750	941250	950750	
932500	969750	970250	956500	962750	
951500	952750	961500	968500	950750	
949500	947500	969000	947500	951500	
964000	954500	962000	942000	954000	
923750	929250	940000	947000	946250	
917250	913000	943750	928000	964000	
949500	937500	967250	964000	937500	
944500	936250	953250	964000	962000	
952000	949500	950750	959500	949500	
958250	943250	950250	939500	939500	
945000	928750	935750	960250	955750	
943250	932500	925500	947000	936250	
948250	943250	945000	931750	926750	
938250	931750	927500	945750	947000	
940000	943750	926250	947000	957000	
931250	935750	952750	960250	954000	
942500	945000	937500	909250	937000	
943750	921250	946250	921750	931750	
943750	949500	930000	936250	924250	
914750	921750	906750	909250	920500	
919250	913500	927500	920000	939500	
893500	899750	916000	919250	928000	
933000	900250	921750	933000	916750	
905500	910500	928750	905500	896500	
922500	900250	910500	910500	909750	
897750	914250	930000	916000	925500	
901500	947500	920500	900250	912250	
925000	921250	919250	921250	914250	
906000	909750	904250	906000	908000	
931250	923750	918750	906000	893500	
892250	918000	889750	905500	883250	
887750	906000	920000	873250	887000	
902250	914250	911750	935750	887750	
910500	899750	911750	924250	893500	
886500	876500	914250	886500	906750	
911000	893500	916000	885750	902750	
903500	905500	884500	906750	893500	
894750	899000	886500	904750	888500	
901000	899750	874000	913000	896500	
865000	899000	874000	924250	884000	
881500	892750	889000	905500	883250	
884000	869500	887000	866250	892750	
911000	891500	877750	904750	879000	
894000	862000	887750	885750	895250	
888500	877750	874000	870000	875250	
880250	874500	885250	908500	884000	
857500	873250	884500	872500	860750	
896500	882750	859500	897250	887750	
897750	863250	864500	879000	869500	
884000	867000	867500	882000	897250	
856750	867000	856750	861250	899000	
898500	852500	892250	854250	872500	
863750	879500	874500	869500	865750	
869500	887750	864500	858750	880750	
867500	888500	870750	859500	869500	
860750	838000	872000	860000	848750	
860000	870750	874500	878250	867000	
852500	875750	845500	864500	846250	
872000	860750	872000	868750	858750	
846750	853750	848750	859500	843000	
861250	857500	868250	849250	855000	
846750	857500	836750	853750	845500	
826500	852500	866250	830500	863750	
855500	841000	839250	855000	855000	
834250	833500	855000	846750	831000	
843750	838000	845000	867000	826500	
845500	848000	854250	862500	871250	
836750	836750	848750	829750	846250	
845000	819750	860750	836750	851750	
828000	833500	867000	848000	836000	
816000	832250	840500	840500	849250	
822250	832250	840500	853000	824750	
824000	812750	838500	824000	824750	
841750	846750	826000	849250	830500	
813500	848750	822750	843750	814750	
826000	853000	831000	851250	822750	
844250	826500	819750	823500	840500	
835500	855000	816000	825250	843000	
805250	854250	838500	825250	829750	
798250	828500	831000	833500	826500	
819750	833500	821000	824750	828500	
810250	825250	829250	814750	807000	
824750	819000	810750	798250	822250	
816000	819000	798250	821000	812750	
800750	824750	810750	817250	800250	
820250	809500	832250	810250	808250	
795750	802000	822750	829250	817750	
809000	799000	802000	799500	804000	
788250	780000	805750	803250	797000	
805750	814000	799500	812750	790750	
802000	804000	791250	810750	793250	
795750	790000	798250	781250	803250	
801500	785000	775000	793750	801500	
788250	798250	780500	807000	792500	
809500	775000	788750	797000	761750	
783750	777500	780000	771750	769250	
766750	776750	780500	785000	778000	
773750	780500	790750	781250	776250	
768000	785750	761750	778750	778000	
777500	759250	777500	772500	781250	
762250	771750	780500	772500	771250	
766250	746000	779250	768000	771750	
761000	754250	773000	761000	759750	
755500	774250	758500	758500	750500	
756750	768750	753000	778000	744750	
774250	783750	770500	769250	772500	
759750	746000	763500	760500	766250	
748500	749750	751750	747250	776750	
740250	770000	759750	751000	763000	
756000	742250	759250	753000	746500	
759750	761000	754250	752250	766750	
727750	724500	753500	726500	762250	
759750	770500	757250	756750	761000	
747750	763000	760500	758500	746500	
761000	766750	741000	761750	766250	
761750	768750	753500	751750	744750	
761750	753000	773750	754750	769250	
780500	758000	760500	757250	770000	
776750	749000	770500	778750	772500	
777500	762250	761000	767500	775000	
758500	772500	776250	764750	774250	
786250	775500	775000	775500	781250	
759250	774250	778000	764250	763000	
771250	776250	770500	781250	766750	
792000	758000	770000	779250	756750	
780000	765500	761000	764250	786250	
787500	773000	761750	755500	778750	
770000	790000	780500	749750	758000	
757250	754750	778000	743500	781250	
785000	751750	754250	757250	761000	
751750	769250	759750	762250	775000	
756750	751750	767500	768000	749750	
754250	751750	758000	745250	755500	
750500	742750	749000	747250	764750	
756750	747250	733250	769250	737250	
770000	763500	761750	724000	750500	
738500	728250	747750	753000	761750	
720750	728250	746500	755500	741500	
766750	742750	738500	759250	727750	
736000	731500	756000	761000	759250	
768000	739750	730750	747250	732750	
763500	752250	763000	737750	718250	
753500	757250	746000	745250	730750	
742250	746500	747250	761000	741500	
743500	748500	741000	746000	762250	
758000	754250	733250	744000	747750	
749750	765500	747750	739000	747250	
725750	754250	743500	745250	741000	
751750	743500	741500	728250	759750	
728250	764750	744750	743500	749000	
720250	742250	718250	732000	742750	
740250	721500	758000	712000	730250	
748500	723250	734500	730250	742250	
746000	746000	717000	730750	726500	
758500	740250	718750	734500	723250	
718750	731500	738500	735250	745250	
725250	725750	731500	724000	732750	
748500	724500	739000	731500	722750	
720750	746000	708750	719500	713250	
719500	741500	707000	746500	733250	
715750	746000	739750	722750	715000	
735250	744750	720750	708250	722750	
715750	721500	707000	724500	718750	
724500	734500	743500	731500	725750	
722750	723250	727750	728250	712000	
714500	708250	734000	724000	724000	
715000	716250	700500	753500	724000	
725750	715750	717500	726500	713250	
710000	724000	722000	712000	746000	
732750	714500	720250	741000	729000	
716250	727000	732000	722000	732000	
751750	727000	719500	729500	728250	
730750	715750	747750	737250	730750	
759250	744750	746500	739000	734500	
742750	724000	735250	730750	723250	
718250	739000	749000	729000	744000	
733250	731500	718750	740250	728250	
729500	734500	749000	735250	739750	
723250	725250	720750	724500	724000	
735250	732000	730250	730750	728250	
732000	729500	744750	732000	743500	
744750	742250	725750	732750	751000	
737750	734000	728250	729000	730250	
741000	741500	709500	718750	730750	
713750	720250	725250	728250	727000	
734000	731500	713750	731500	713250	
717500	744000	725750	715000	727000	
703750	719500	715750	736000	742750	
719500	700500	712500	729500	737250	
715750	735250	715000	696750	729000	
719500	729500	713250	713250	717000	
715000	710750	718250	732750	730250	
717000	721500	732000	720750	718750	
718750	718250	697500	717500	727750	
728250	696250	720250	708750	707000	
735250	715000	736000	713250	722750	
688500	705750	722000	731500	707500	
730250	691750	713750	728250	707000	
714500	710750	707500	708750	708750	
722000	708250	703750	723250	696250	
722750	696250	709500	710750	700000	
695500	705750	713750	710750	702500	
712500	687250	703000	704500	701250	
686000	684250	684750	701750	701750	
687250	690500	700500	709500	703000	
708750	703000	692500	688000	702500	
703000	694250	693000	688000	701250	
698750	684750	696750	692500	705750	
678000	692500	686000	678500	688500	
672250	676750	680500	679750	694250	
667750	661500	683500	680500	686000	
675500	693750	680500	684250	675500	
675500	687250	669750	669750	684250	
679250	664750	680500	669000	686750	
691250	678500	641250	686000	669750	
675500	666000	672750	657750	669000	
657750	651500	665250	658500	676750	
681750	676000	668500	626750	653250	
652000	659750	656500	663500	677250	
660250	662750	640750	656500	667250	
666500	630000	645250	654000	668500	
645250	652000	672750	661500	655750	
664750	662750	667750	662250	679250	
648250	642000	645750	659000	663500	
674250	640000	651500	666000	657000	
658500	645250	659000	658500	649000	
667750	657000	651500	668500	645250	
681000	657750	645250	658500	645750	
649000	654500	652750	661000	635000	
655750	650250	643250	659000	654500	
646500	655250	643250	654000	676000	
655250	642000	652000	632500	657750	
651500	651500	647750	657750	659000	
669750	666000	659000	650250	671500	
675500	654000	647750	662250	644500	
663500	654000	659000	645750	642500	
679250	654500	643250	667750	678000	
639500	650750	647750	652750	662250	
643250	659000	662250	667750	652000	
665250	657000	662750	653250	650750	
650250	643250	655750	659000	661500	
659750	661000	651500	662750	659000	
672250	674250	654000	674250	662250	
667750	647000	668500	670250	671000	
670250	664750	656500	656500	664000	
670250	662750	671500	659750	659750	
653250	665250	655750	652750	668500	
673500	647000	633250	666000	649500	
646500	667250	660250	672750	676750	
672750	649500	673500	657000	648250	
670250	655250	663500	662250	666000	
659000	665250	660250	652750	652750	
657750	654500	659000	652750	667250	
668500	652000	652750	671500	664750	
647750	653250	659000	658500	651500	
669000	661500	662750	648250	665250	
649500	649000	662750	660250	657750	
657750	649500	666000	644000	650750	
656500	663500	662750	652000	633250	
650250	647750	654500	652750	649500	
657000	659750	646500	638750	662750	
666000	649500	659000	631250	659000	
650250	649500	646500	653250	656500	
655750	657750	651500	637000	644000	
672750	666500	643250	640000	658500	
662250	668500	667250	653250	642500	
667750	661000	634500	668500	644500	
662750	648250	647000	651500	677250	
666500	660250	662250	647000	662250	
661500	652000	647750	647750	644000	
663500	650250	655750	645250	646500	
656500	650250	669750	655250	662250	
646500	650250	654500	666000	640750	
657000	660250	649500	652000	635750	
664750	662250	657750	647750	650750	
646500	650250	669000	651500	638250	
653250	631250	663500	654000	655750	
648250	656500	650750	646500	650250	
643250	651500	642000	643250	650250	
642000	658500	650250	637500	662750	
647000	647750	662250	645750	641250	
662750	655750	670250	649500	637500	
667750	667250	652750	657000	636250	
655250	645750	661000	664000	652750	
644500	670250	646500	649000	659000	
650750	662750	649500	656500	630750	
656500	649000	662750	678500	647750	
655250	645750	649000	657000	653250	
664000	661500	654000	653250	664000	
652000	640000	666000	650750	648250	
623750	654000	642000	638250	660250	
635750	640750	662750	651500	656500	
656500	659000	658500	640750	661500	
659750	657000	659750	627500	664750	
662250	635000	670250	654000	642500	
645750	644500	648250	655250	657750	
654000	635000	647750	659750	650750	
659750	654500	656500	650250	654500	
645750	643250	635750	659000	657000	
653250	633750	651500	623000	651500	
647750	648250	656500	635000	654000	
618000	642500	636250	650750	646500	
648250	640750	663500	647750	645750	
649000	652750	642500	653250	657000	
635000	653250	629500	660250	655750	
660250	666500	648250	650250	663500	
642500	646500	666000	649000	628250	
669000	652750	645250	654000	647750	
640750	652750	649000	650250	647000	
642500	636250	639500	656500	650250	
647750	640750	659000	652750	645250	
638750	640750	661500	637000	646500	
653250	660250	638750	666000	646500	
655250	635000	640750	647750	657000	
626250	643250	654500	639500	657750	
646500	664000	642000	651500	645250	
638250	641250	639500	654500	640750	
625000	649000	644500	638750	666000	
666500	652750	652750	650250	653250	
649500	652750	658500	643250	670250	
654500	633250	642000	648250	652750	
635000	648250	648250	640750	637500	
655250	638250	642000	644500	661500	
649500	638750	647750	637500	649000	
644500	650250	637500	664000	660250	
648250	638750	643250	644000	646500	
659000	656500	644000	661500	640000	
649000	635000	649500	654500	621750	
653250	633250	641250	635000	633250	
648250	664000	650250	658500	631250	
651500	655750	652750	629500	650750	
659750	647000	645750	649500	651500	
633250	656500	668500	643250	642000	
637500	641250	647000	642500	646500	
633750	645750	626250	640000	653250	
662250	636250	657750	642000	632500	
667250	667250	651500	647000	653250	
670250	638250	654000	650250	633250	
646500	640750	635750	635000	648250	
640750	652750	647000	638750	661500	
637000	643250	657750	655750	654000	
658500	628250	648250	638250	644000	
647750	642500	657000	645250	644000	
648250	654000	636250	649000	651500	
640000	644000	638250	653250	668500	
626750	632500	662750	633750	638250	
655250	626250	628750	642500	657000	
649000	647750	645750	633750	652000	
636250	637000	655750	653250	640750	
659000	647000	642500	656500	652750	
634500	660250	655250	630750	657750	
660250	654500	645750	675500	650750	
669750	638750	652750	657000	673500	
635750	640750	667750	662750	645250	
639500	642000	626250	647000	633750	
643250	627500	640000	655250	647750	
633750	625500	647750	647750	655250	
640750	647000	659000	635750	655250	
642500	659000	646500	637500	635000	
630750	647000	657000	662250	634500	
618750	650250	626250	642500	636250	
645750	650250	644000	656500	630000	
650250	629500	638250	654000	645250	
655250	639500	654500	666500	650250	
666500	626750	632000	666000	662250	
640750	640000	648250	645250	644500	
633750	655250	649500	647000	640000	
645250	647000	642500	643250	630000	
644000	649500	639500	640750	654000	
640750	630750	649500	652750	643250	
641250	655250	646500	647750	644500	
645750	641250	638250	635750	647750	
659000	629500	641250	637500	632500	
640750	642000	649500	649000	642000	
664000	641250	664750	649000	636250	
643250	638750	644500	646500	626750	
647750	642000	650250	655250	635000	
643250	648250	654500	655250	649000	
640000	649500	637000	649500	649500	
653250	647000	626750	650750	628250	
646500	630750	658500	626750	626750	
650250	638250	637500	650250	652750	
647750	632500	637000	631250	645750	
631250	648250	626750	628250	642000	
628750	642000	625500	641250	657750	
653250	635000	641250	655750	640750	
660250	652750	649000	642500	655250	
641250	635000	639500	633250	647750	
653250	640000	637000	649000	644500	
648250	639500	640000	662250	630000	
662750	645250	628250	638750	631250	
642500	641250	662250	660250	649000	
645750	645250	650750	659000	627500	
627500	633750	633250	649500	630750	
625000	658500	646500	639500	636250	
650250	650250	651500	645750	644500	
660250	652000	633250	630000	635750	
630000	656500	641250	640750	620000	
651500	649500	632500	628250	650250	
637500	640000	652000	638250	657000	
654000	641250	642000	636250	654500	
633750	654500	645250	633750	659000	
660250	629500	635750	652750	636250	
637000	630750	647750	627500	620000	
644000	650250	647000	645250	629500	
642000	624250	623000	645750	642000	
653250	653250	628750	638250	632000	
649000	649500	641250	667750	642000	
635750	644000	646500	638750	640000	
632000	620000	645750	650250	644500	
657000	647000	646500	642500	635750	
626250	660250	650750	640000	634500	
658500	647000	630750	637500	650750	
638750	628250	626750	643250	638750	
637000	627500	649000	638750	634500	
654500	625500	634500	644000	637500	
634500	642500	636250	650250	642000	
641250	642000	625000	642500	620000	
642000	638750	652000	632500	639500	
662250	632500	639500	633250	635750	
650750	660250	640750	642000	655250	
639500	632500	645750	641250	630750	
643250	634500	631250	620000	640000	
652000	634500	626750	630000	653250	
637000	637500	625500	631250	613750	
641250	637500	635000	623000	652750	
649500	647750	632500	633250	646500	
637500	652000	644500	654000	621250	
640750	626750	623000	633750	637500	
621750	640000	649000	616750	637000	
653250	646500	632500	645250	642500	
648250	623750	637500	649000	644500	
641250	639500	654500	629500	643250	
625000	625500	637500	638250	640000	
638250	627500	634500	642000	645750	
636250	635750	636250	649000	632500	
646500	639500	620000	640750	626750	
633250	630750	638250	658500	628750	
641250	641250	646500	626250	631250	
628750	630000	658500	645750	630000	
621750	635000	644500	633250	655250	
634500	642000	628750	646500	643250	
637500	637500	638750	632500	647000	
632000	645750	655750	645750	638250	
635750	645250	651500	633750	651500	
640750	637500	620500	630000	636250	
642000	632000	632000	626750	645250	
620000	630000	635750	631250	634500	
614250	642500	650250	638750	637500	
650250	632500	628250	629500	649500	
652750	642500	644000	630000	632000	
632000	624250	623000	628250	633750	
626250	631250	640000	645750	638250	
629500	628750	649000	621750	632500	
628750	630000	646500	637000	620500	
644000	637500	637000	621250	632000	
642000	635750	627500	626250	633250	
614250	640750	646500	616250	636250	
645750	628250	637000	634500	635000	
624250	621250	625500	643250	630000	
634500	622500	632000	626750	643250	
624250	645250	628750	642000	640000	
653250	638750	633250	629500	640750	
636250	633750	629500	629500	635000	
630750	649500	622500	628750	642500	
626750	641250	640750	626750	628750	
643250	630000	649500	624250	632500	
636250	629500	617500	629500	623750	
624250	630750	620500	628250	644000	
636250	629500	617500	647000	628750	
620500	621750	631250	648250	633250	
617500	622500	640750	634500	622500	
629500	659750	625000	640750	629500	
634500	630000	641250	640000	635750	
635750	645750	633750	648250	625500	
627500	630750	626750	622500	632500	
644000	622500	642500	635750	637500	
634500	628250	622500	632500	638250	
637000	632500	645750	626250	618750	
628750	651500	642000	636250	642500	
635000	638750	647000	646500	650250	
634500	622500	644000	627500	633750	
644500	626250	638750	661500	637500	
613000	646500	641250	642000	644500	
633250	634500	616750	625500	646500	
641250	630750	649500	634500	644000	
643250	630000	620500	621250	629500	
638250	649500	637000	647000	637500	
630000	625500	634500	634500	644500	
667750	649500	629500	638750	643250	
619250	647750	639500	638250	626750	
635000	655250	625000	644500	633250	
625000	634500	633250	628250	622500	
617500	636250	619250	633250	638250	
633750	626750	639500	638250	626250	
640750	607250	621750	636250	629500	
641250	626250	630000	633250	646500	
635000	633250	647750	636250	630000	
638750	642000	638250	651500	616250	
638250	621750	630750	641250	644500	
640000	636250	628250	635750	635750	
642000	630750	625000	622500	649500	
652750	650250	630000	625500	644000	
644500	632000	630000	638250	634500	
621250	626750	613750	626750	626750	
623750	639500	628750	626250	627500	
638250	635000	631250	626250	644500	
633750	635000	611000	621250	648250	
633750	635000	611000	621250	648250	
633750	635000	611000	621250	648250	
