4250	4250	4250	4250	4250	
7.13825e+06	7.13825e+06	7.13825e+06	7.13825e+06	7.13825e+06	
530500	537500	550500	543750	529250	
512250	517750	524750	512250	523500	
509750	512250	506500	508500	521750	
503250	506500	500750	528500	512750	
526000	516000	513500	516000	512750	
506000	528000	494500	507250	507750	
519000	519750	519000	504000	511000	
524250	499000	495250	509750	520250	
533500	519000	514750	512250	514750	
541250	528500	516000	531000	547500	
534750	528500	539250	538000	522250	
534250	540500	515250	529250	526000	
552000	531750	542500	530500	531000	
548750	552000	530500	529250	540500	
553750	524750	546250	545000	533000	
557000	550000	560750	560000	549250	
555750	556250	558750	554500	557500	
569500	560750	564500	555000	560000	
562500	579500	575250	580750	570250	
575250	564500	586500	579500	562500	
554500	574500	592750	594750	582250	
649500	655750	654500	666500	662750	
825250	809500	841750	830500	817750	
846750	831750	856750	845000	859500	
856750	862000	860000	845500	865750	
870750	873250	868250	868250	872000	
875250	860750	882750	870000	870750	
855000	849250	880750	870000	880250	
882000	883250	899750	882000	896000	
894750	909750	913500	915500	889000	
929250	920500	939500	957000	917250	
975250	968500	930000	972750	943250	
951500	957750	938250	937500	930000	
930000	960750	930000	921250	923000	
932500	925000	958250	956500	968500	
955750	940000	923000	948250	952750	
925000	940000	941250	936250	916000	
926750	941250	930000	945000	927500	
946250	962750	961500	957000	975250	
980500	977750	995500	1e+06	983000	
1.00675e+06	986750	993000	995500	974000	
980500	993000	1.005e+06	979750	1e+06	
1.0075e+06	1.00625e+06	1.0195e+06	1.00675e+06	1.022e+06	
1.00875e+06	1.00925e+06	1.01125e+06	969750	1.00925e+06	
975250	991750	1.003e+06	976000	1.01575e+06	
989750	989750	1.00425e+06	991750	994750	
993000	1.00425e+06	971000	1.02775e+06	1.00875e+06	
974750	988000	976000	977250	963250	
974000	973500	959000	954500	950750	
943750	939500	947500	927500	967750	
935750	954500	958250	971000	986000	
936250	943250	909750	934500	951500	
928000	923750	913500	933000	931250	
937000	947500	926750	937000	960250	
976000	1.005e+06	1.008e+06	1.00675e+06	983000	
1.01575e+06	1.068e+06	1.0435e+06	1.0345e+06	1.05225e+06	
1.05025e+06	1.05975e+06	1.06225e+06	1.06925e+06	1.0755e+06	
1.08375e+06	1.063e+06	1.05275e+06	1.06725e+06	1.0605e+06	
1.04025e+06	999250	1.0265e+06	1.0125e+06	1.02575e+06	
1.02075e+06	1.00375e+06	999250	1.01625e+06	1.012e+06	
1.008e+06	1.02775e+06	1.046e+06	1.029e+06	1.03275e+06	
997500	1.005e+06	1.01875e+06	1.0295e+06	1.02125e+06	
1.05475e+06	1.04025e+06	1.02775e+06	1.063e+06	1.034e+06	
1.07925e+06	1.09575e+06	1.05975e+06	1.078e+06	1.08625e+06	
1.09625e+06	1.0975e+06	1.102e+06	1.095e+06	1.117e+06	
1.08875e+06	1.083e+06	1.0875e+06	1.07875e+06	1.0855e+06	
1.10325e+06	1.07675e+06	1.10125e+06	1.097e+06	1.08875e+06	
1.10825e+06	1.092e+06	1.10575e+06	1.11575e+06	1.1e+06	
1.1505e+06	1.10575e+06	1.1285e+06	1.126e+06	1.1215e+06	
1.104e+06	1.12725e+06	1.11025e+06	1.12475e+06	1.11025e+06	
1.138e+06	1.13225e+06	1.16125e+06	1.18075e+06	1.15e+06	
1.1725e+06	1.201e+06	1.221e+06	1.20475e+06	1.1985e+06	
1.2355e+06	1.24e+06	1.2695e+06	1.238e+06	1.21925e+06	
1.209e+06	1.23175e+06	1.24575e+06	1.242e+06	1.25775e+06	
1.25775e+06	1.23125e+06	1.26575e+06	1.24375e+06	1.26825e+06	
1.26575e+06	1.225e+06	1.25575e+06	1.24825e+06	1.23875e+06	
1.245e+06	1.25575e+06	1.21925e+06	1.2185e+06	1.228e+06	
1.22625e+06	1.216e+06	1.2355e+06	1.22225e+06	1.242e+06	
1.209e+06	1.18775e+06	1.2135e+06	1.233e+06	1.19975e+06	
1.22625e+06	1.1965e+06	1.20475e+06	1.23425e+06	1.19975e+06	
1.2425e+06	1.22875e+06	1.23125e+06	1.23125e+06	1.24825e+06	
1.2905e+06	1.2955e+06	1.2645e+06	1.29975e+06	1.30175e+06	
1.28475e+06	1.31e+06	1.3005e+06	1.3105e+06	1.28975e+06	
1.3025e+06	1.28925e+06	1.3075e+06	1.30425e+06	1.31425e+06	
1.24825e+06	1.26325e+06	1.2765e+06	1.291e+06	1.28525e+06	
1.264e+06	1.27725e+06	1.25575e+06	1.2785e+06	1.235e+06	
1.28275e+06	1.29175e+06	1.28975e+06	1.28475e+06	1.27725e+06	
1.33125e+06	1.32e+06	1.279e+06	1.34075e+06	1.31125e+06	
1.24575e+06	1.26575e+06	1.24575e+06	1.2885e+06	1.29475e+06	
1.19725e+06	1.225e+06	1.2255e+06	1.2085e+06	1.20725e+06	
1.2155e+06	1.252e+06	1.211e+06	1.2425e+06	1.20725e+06	
1.25e+06	1.23675e+06	1.24325e+06	1.22425e+06	1.213e+06	
1.158e+06	1.16875e+06	1.15625e+06	1.17325e+06	1.15425e+06	
1.13925e+06	1.13275e+06	1.1405e+06	1.129e+06	1.15e+06	
1.1405e+06	1.1605e+06	1.153e+06	1.16625e+06	1.1405e+06	
1.1605e+06	1.1675e+06	1.19525e+06	1.2035e+06	1.19325e+06	
1.18575e+06	1.194e+06	1.167e+06	1.175e+06	1.182e+06	
1.23675e+06	1.209e+06	1.218e+06	1.204e+06	1.2135e+06	
1.28025e+06	1.26575e+06	1.2735e+06	1.279e+06	1.332e+06	
1.2935e+06	1.3125e+06	1.315e+06	1.354e+06	1.30875e+06	
1.33125e+06	1.30425e+06	1.32325e+06	1.34275e+06	1.30375e+06	
1.32625e+06	1.33125e+06	1.33325e+06	1.337e+06	1.35475e+06	
1.3515e+06	1.3705e+06	1.34575e+06	1.359e+06	1.36925e+06	
1.39625e+06	1.43525e+06	1.385e+06	1.397e+06	1.4675e+06	
1.463e+06	1.4965e+06	1.436e+06	1.4945e+06	1.4845e+06	
1.4845e+06	1.47375e+06	1.501e+06	1.504e+06	1.51225e+06	
1.43525e+06	1.47575e+06	1.4555e+06	1.44725e+06	1.4575e+06	
1.41275e+06	1.40325e+06	1.42775e+06	1.41775e+06	1.356e+06	
1.38625e+06	1.35525e+06	1.33775e+06	1.35975e+06	1.36475e+06	
1.373e+06	1.37925e+06	1.36025e+06	1.37725e+06	1.38e+06	
1.39375e+06	1.4145e+06	1.40825e+06	1.3905e+06	1.4115e+06	
1.46875e+06	1.46e+06	1.4725e+06	1.47325e+06	1.44925e+06	
1.4965e+06	1.494e+06	1.4965e+06	1.494e+06	1.5185e+06	
1.4405e+06	1.47e+06	1.451e+06	1.44475e+06	1.4825e+06	
1.38925e+06	1.38875e+06	1.38925e+06	1.388e+06	1.363e+06	
1.3395e+06	1.3295e+06	1.3075e+06	1.29225e+06	1.317e+06	
1.24575e+06	1.274e+06	1.27525e+06	1.2495e+06	1.2525e+06	
1.199e+06	1.213e+06	1.2355e+06	1.22175e+06	1.213e+06	
1.19025e+06	1.19075e+06	1.18275e+06	1.2035e+06	1.211e+06	
1.18825e+06	1.19075e+06	1.192e+06	1.1965e+06	1.1965e+06	
1.26575e+06	1.21925e+06	1.2595e+06	1.2545e+06	1.27475e+06	
1.34325e+06	1.3175e+06	1.3535e+06	1.32e+06	1.342e+06	
1.4575e+06	1.458e+06	1.448e+06	1.46875e+06	1.44175e+06	
1.5035e+06	1.53925e+06	1.5185e+06	1.494e+06	1.4865e+06	
1.489e+06	1.499e+06	1.497e+06	1.5115e+06	1.47125e+06	
1.48325e+06	1.46375e+06	1.44475e+06	1.4625e+06	1.494e+06	
1.472e+06	1.49025e+06	1.46425e+06	1.47e+06	1.49025e+06	
1.5185e+06	1.489e+06	1.5355e+06	1.51275e+06	1.5285e+06	
1.538e+06	1.5015e+06	1.54175e+06	1.53425e+06	1.5545e+06	
1.5545e+06	1.5115e+06	1.53875e+06	1.55325e+06	1.53925e+06	
1.54425e+06	1.5545e+06	1.579e+06	1.5715e+06	1.5355e+06	
1.54875e+06	1.50975e+06	1.55625e+06	1.55e+06	1.555e+06	
1.538e+06	1.54825e+06	1.54375e+06	1.53875e+06	1.52175e+06	
1.62325e+06	1.61625e+06	1.55325e+06	1.572e+06	1.56325e+06	
1.683e+06	1.6515e+06	1.6175e+06	1.66225e+06	1.6375e+06	
1.73975e+06	1.76875e+06	1.7435e+06	1.80275e+06	1.74275e+06	
1.833e+06	1.85625e+06	1.83675e+06	1.8135e+06	1.8375e+06	
1.85625e+06	1.811e+06	1.83175e+06	1.82925e+06	1.8545e+06	
1.84e+06	1.89275e+06	1.9205e+06	1.86075e+06	1.85625e+06	
1.92125e+06	1.90425e+06	1.88975e+06	1.95025e+06	1.9135e+06	
2.01625e+06	2.0385e+06	1.9715e+06	2.0025e+06	2.0055e+06	
1.94825e+06	1.988e+06	1.94525e+06	1.96525e+06	1.94075e+06	
1.8505e+06	1.85825e+06	1.8505e+06	1.8595e+06	1.86575e+06	
1.753e+06	1.71775e+06	1.73775e+06	1.73775e+06	1.683e+06	
1.52725e+06	1.499e+06	1.54825e+06	1.51925e+06	1.5525e+06	
1.33325e+06	1.3175e+06	1.3395e+06	1.3275e+06	1.34525e+06	
1.298e+06	1.28475e+06	1.3075e+06	1.28975e+06	1.322e+06	
1.409e+06	1.42025e+06	1.39875e+06	1.43725e+06	1.44175e+06	
1.63125e+06	1.67925e+06	1.6615e+06	1.66925e+06	1.707e+06	
1.8335e+06	1.867e+06	1.84875e+06	1.85325e+06	1.879e+06	
1.99375e+06	1.97275e+06	1.97925e+06	1.98425e+06	1.988e+06	
2.0995e+06	2.0875e+06	2.03975e+06	2.061e+06	2.11275e+06	
2.02525e+06	2.01825e+06	2.0215e+06	1.9685e+06	2.00375e+06	
1.81475e+06	1.8525e+06	1.84375e+06	1.8675e+06	1.85e+06	
1.62125e+06	1.62875e+06	1.6225e+06	1.62575e+06	1.635e+06	
1.4845e+06	1.485e+06	1.4945e+06	1.468e+06	1.4965e+06	
1.5765e+06	1.589e+06	1.627e+06	1.591e+06	1.6205e+06	
1.89475e+06	1.8885e+06	1.90675e+06	1.88525e+06	1.86375e+06	
2.21425e+06	2.2255e+06	2.2035e+06	2.237e+06	2.1965e+06	
2.41325e+06	2.43975e+06	2.4115e+06	2.45125e+06	2.409e+06	
2.5445e+06	2.54325e+06	2.54575e+06	2.56525e+06	2.58025e+06	
2.671e+06	2.69375e+06	2.68125e+06	2.71325e+06	2.71825e+06	
2.68e+06	2.678e+06	2.68e+06	2.70075e+06	2.69875e+06	
2.69125e+06	2.702e+06	2.6995e+06	2.73025e+06	2.71525e+06	
2.7265e+06	2.72725e+06	2.753e+06	2.76675e+06	2.76675e+06	
2.7555e+06	2.8015e+06	2.785e+06	2.855e+06	2.797e+06	
2.82225e+06	2.82975e+06	2.85875e+06	2.8625e+06	2.898e+06	
2.95275e+06	3.02275e+06	2.9515e+06	2.923e+06	2.96225e+06	
2.97475e+06	2.988e+06	2.96775e+06	2.993e+06	2.9905e+06	
2.98875e+06	3.06625e+06	2.998e+06	3.01775e+06	2.99125e+06	
3.0535e+06	3.08075e+06	3.08e+06	3.09575e+06	3.111e+06	
3.02775e+06	3.029e+06	3.041e+06	3.0605e+06	3.0365e+06	
2.971e+06	2.94775e+06	2.96025e+06	2.93325e+06	2.97925e+06	
2.96775e+06	2.99625e+06	3.01125e+06	2.9975e+06	2.976e+06	
2.98625e+06	3.05925e+06	3.02025e+06	3.0585e+06	3.02025e+06	
3.029e+06	2.99175e+06	3.0725e+06	2.97025e+06	2.99425e+06	
3.02075e+06	3.019e+06	2.99e+06	3.007e+06	3.03025e+06	
3.03525e+06	3.0555e+06	3.07675e+06	3.01e+06	3.0775e+06	
3.063e+06	3.058e+06	3.1045e+06	3.0585e+06	3.07425e+06	
3.02775e+06	2.99375e+06	2.9955e+06	3.05175e+06	3.00325e+06	
2.97975e+06	3.07875e+06	3.06375e+06	3.039e+06	3.0585e+06	
3.029e+06	3.015e+06	3.07375e+06	3.022e+06	3.022e+06	
3.036e+06	3.0535e+06	3.02525e+06	3.0625e+06	3.036e+06	
3.114e+06	3.16075e+06	3.1185e+06	3.107e+06	3.11975e+06	
3.10275e+06	3.1335e+06	3.15375e+06	3.18275e+06	3.203e+06	
3.21225e+06	3.2305e+06	3.165e+06	3.27975e+06	3.27975e+06	
3.30875e+06	3.34225e+06	3.2925e+06	3.32325e+06	3.361e+06	
3.4095e+06	3.43475e+06	3.467e+06	3.462e+06	3.4575e+06	
3.4675e+06	3.41775e+06	3.4695e+06	3.489e+06	3.46625e+06	
3.2905e+06	3.37875e+06	3.356e+06	3.3515e+06	3.373e+06	
3.1045e+06	3.208e+06	3.1965e+06	3.1745e+06	3.13425e+06	
3.145e+06	3.1115e+06	3.1305e+06	3.15625e+06	3.13725e+06	
3.228e+06	3.23575e+06	3.203e+06	3.21175e+06	3.203e+06	
3.3895e+06	3.43925e+06	3.43225e+06	3.40025e+06	3.39375e+06	
3.523e+06	3.533e+06	3.54575e+06	3.53425e+06	3.516e+06	
3.59875e+06	3.567e+06	3.6395e+06	3.6415e+06	3.57475e+06	
3.69075e+06	3.67925e+06	3.6975e+06	3.66975e+06	3.6075e+06	
3.66425e+06	3.63775e+06	3.63025e+06	3.6585e+06	3.6315e+06	
3.5685e+06	3.5785e+06	3.562e+06	3.5955e+06	3.6175e+06	
3.53425e+06	3.5645e+06	3.50675e+06	3.564e+06	3.57275e+06	
3.6855e+06	3.64325e+06	3.71025e+06	3.72225e+06	3.65475e+06	
3.73525e+06	3.74725e+06	3.705e+06	3.71775e+06	3.78575e+06	
3.659e+06	3.72775e+06	3.67875e+06	3.69325e+06	3.70075e+06	
3.70575e+06	3.67425e+06	3.734e+06	3.6855e+06	3.705e+06	
3.65975e+06	3.671e+06	3.6295e+06	3.685e+06	3.72975e+06	
3.695e+06	3.683e+06	3.72275e+06	3.717e+06	3.75175e+06	
3.801e+06	3.7625e+06	3.821e+06	3.79575e+06	3.78075e+06	
3.92875e+06	3.87525e+06	3.852e+06	3.971e+06	3.95475e+06	
3.845e+06	3.896e+06	3.9415e+06	3.976e+06	3.9685e+06	
3.77575e+06	3.83675e+06	3.82875e+06	3.85e+06	3.8305e+06	
3.772e+06	3.763e+06	3.76425e+06	3.80025e+06	3.73475e+06	
3.68625e+06	3.736e+06	3.79575e+06	3.7215e+06	3.763e+06	
3.7045e+06	3.78e+06	3.738e+06	3.7625e+06	3.74175e+06	
3.813e+06	3.8015e+06	3.804e+06	3.8355e+06	3.77375e+06	
3.85e+06	3.8325e+06	3.9105e+06	3.9225e+06	3.87975e+06	
3.843e+06	3.9535e+06	3.9125e+06	3.9075e+06	3.886e+06	
3.891e+06	3.92075e+06	3.927e+06	3.91375e+06	3.922e+06	
3.828e+06	3.83175e+06	3.89175e+06	3.88225e+06	3.87475e+06	
3.96275e+06	3.94825e+06	3.927e+06	3.949e+06	3.942e+06	
4.0775e+06	4.046e+06	4.06625e+06	4.09825e+06	4.01275e+06	
4.10525e+06	4.13925e+06	4.11225e+06	4.135e+06	4.11525e+06	
4.21125e+06	4.18225e+06	4.281e+06	4.201e+06	4.21425e+06	
4.24275e+06	4.169e+06	4.261e+06	4.24575e+06	4.247e+06	
4.03775e+06	4.05475e+06	4.0845e+06	4.152e+06	4.0795e+06	
3.9805e+06	4.00375e+06	3.985e+06	3.99375e+06	4.02775e+06	
3.954e+06	3.93825e+06	3.9905e+06	3.9805e+06	3.92375e+06	
3.9035e+06	3.92575e+06	3.949e+06	3.98675e+06	3.9495e+06	
4.063e+06	4.039e+06	4.0285e+06	4.0965e+06	4.03525e+06	
4.14e+06	4.16325e+06	4.177e+06	4.25575e+06	4.201e+06	
4.1815e+06	4.16325e+06	4.18775e+06	4.25025e+06	4.2395e+06	
4.2375e+06	4.19225e+06	4.189e+06	4.2105e+06	4.21875e+06	
4.23125e+06	4.18475e+06	4.23125e+06	4.24525e+06	4.179e+06	
4.155e+06	4.1695e+06	4.1815e+06	4.10975e+06	4.2395e+06	
4.1935e+06	4.215e+06	4.237e+06	4.2615e+06	4.25025e+06	
4.34525e+06	4.336e+06	4.322e+06	4.36925e+06	4.2585e+06	
4.276e+06	4.24825e+06	4.22175e+06	4.249e+06	4.26525e+06	
4.244e+06	4.227e+06	4.215e+06	4.2925e+06	4.324e+06	
4.0675e+06	4.203e+06	4.087e+06	4.07375e+06	4.05175e+06	
4.15325e+06	4.15625e+06	4.1575e+06	4.15575e+06	4.1625e+06	
4.16775e+06	4.2345e+06	4.235e+06	4.2615e+06	4.2665e+06	
4.32825e+06	4.2715e+06	4.3465e+06	4.3335e+06	4.21175e+06	
4.21875e+06	4.227e+06	4.30625e+06	4.194e+06	4.16575e+06	
4.0625e+06	4.0875e+06	4.089e+06	4.09075e+06	4.0335e+06	
3.90225e+06	3.90675e+06	3.95025e+06	3.93375e+06	3.92625e+06	
3.58975e+06	3.68125e+06	3.68e+06	3.69075e+06	3.707e+06	
3.47075e+06	3.4435e+06	3.533e+06	3.4555e+06	3.43925e+06	
3.305e+06	3.38e+06	3.3755e+06	3.39875e+06	3.3845e+06	
3.4915e+06	3.4765e+06	3.47575e+06	3.41775e+06	3.5085e+06	
3.874e+06	3.918e+06	3.93325e+06	3.8445e+06	3.88475e+06	
4.271e+06	4.312e+06	4.37675e+06	4.363e+06	4.3295e+06	
4.65925e+06	4.644e+06	4.64975e+06	4.6075e+06	4.627e+06	
4.51175e+06	4.53825e+06	4.55325e+06	4.62575e+06	4.549e+06	
4.55075e+06	4.62e+06	4.639e+06	4.683e+06	4.5545e+06	
4.6515e+06	4.714e+06	4.7065e+06	4.65025e+06	4.6705e+06	
4.63325e+06	4.666e+06	4.5905e+06	4.731e+06	4.63975e+06	
4.42675e+06	4.4405e+06	4.42275e+06	4.528e+06	4.4165e+06	
4.474e+06	4.4455e+06	4.35975e+06	4.44625e+06	4.424e+06	
4.6295e+06	4.537e+06	4.574e+06	4.60875e+06	4.60125e+06	
4.83875e+06	4.6995e+06	4.7525e+06	4.81175e+06	4.784e+06	
4.8495e+06	4.87475e+06	4.86825e+06	4.905e+06	4.83625e+06	
4.96425e+06	4.9735e+06	4.946e+06	4.9395e+06	4.99325e+06	
5.21125e+06	5.15375e+06	5.13875e+06	5.2175e+06	5.21875e+06	
5.1575e+06	5.23375e+06	5.21425e+06	5.25225e+06	5.2205e+06	
5.237e+06	5.169e+06	5.247e+06	5.20225e+06	5.23375e+06	
5.15825e+06	5.109e+06	5.14375e+06	5.1595e+06	5.16025e+06	
5.03525e+06	5.11925e+06	5.099e+06	5.097e+06	5.094e+06	
4.913e+06	4.86275e+06	4.92825e+06	4.90125e+06	4.96475e+06	
4.82425e+06	4.73175e+06	4.7795e+06	4.77075e+06	4.794e+06	
4.6875e+06	4.7405e+06	4.6825e+06	4.61125e+06	4.60675e+06	
4.89425e+06	4.8545e+06	4.82375e+06	4.8885e+06	4.9025e+06	
5.07575e+06	5.0865e+06	5.1835e+06	5.0575e+06	5.08125e+06	
5.19225e+06	5.1495e+06	5.1645e+06	5.22325e+06	5.184e+06	
5.089e+06	5.14175e+06	5.18975e+06	5.13375e+06	5.109e+06	
5.07075e+06	5.1615e+06	5.106e+06	5.15375e+06	5.1425e+06	
5.2245e+06	5.25775e+06	5.285e+06	5.33525e+06	5.3335e+06	
5.39075e+06	5.42925e+06	5.43225e+06	5.39075e+06	5.44675e+06	
5.5715e+06	5.62825e+06	5.5955e+06	5.65725e+06	5.653e+06	
5.54775e+06	5.62575e+06	5.675e+06	5.6365e+06	5.66475e+06	
5.79775e+06	5.755e+06	5.77525e+06	5.76875e+06	5.76575e+06	
5.79525e+06	5.806e+06	5.823e+06	5.78275e+06	5.7455e+06	
5.745e+06	5.791e+06	5.77075e+06	5.75e+06	5.879e+06	
5.69325e+06	5.69125e+06	5.70025e+06	5.7335e+06	5.7425e+06	
5.77575e+06	5.8135e+06	5.7475e+06	5.82375e+06	5.79775e+06	
5.811e+06	5.76075e+06	5.7885e+06	5.87475e+06	5.77775e+06	
5.811e+06	5.9315e+06	5.83625e+06	5.85525e+06	5.84325e+06	
5.9245e+06	5.83575e+06	5.89875e+06	5.97375e+06	5.949e+06	
5.82175e+06	5.85525e+06	5.86475e+06	5.9075e+06	5.85775e+06	
5.66175e+06	5.67675e+06	5.67875e+06	5.67175e+06	5.6675e+06	
5.5685e+06	5.508e+06	5.53575e+06	5.52825e+06	5.4985e+06	
5.634e+06	5.7555e+06	5.755e+06	5.75675e+06	5.743e+06	
5.7965e+06	5.772e+06	5.79225e+06	5.83e+06	5.81225e+06	
5.866e+06	5.95225e+06	5.91875e+06	5.9175e+06	5.8905e+06	
6.125e+06	6.1135e+06	6.14e+06	6.2245e+06	6.142e+06	
6.125e+06	6.24075e+06	6.22075e+06	6.17275e+06	6.215e+06	
6.092e+06	6.17475e+06	6.14e+06	6.184e+06	6.1595e+06	
6.157e+06	6.203e+06	6.19925e+06	6.19675e+06	6.20425e+06	
6.1275e+06	6.089e+06	6.2005e+06	6.22375e+06	6.1275e+06	
6.09475e+06	6.17475e+06	6.1765e+06	6.17225e+06	6.147e+06	
6.26225e+06	6.24575e+06	6.3365e+06	6.368e+06	6.3145e+06	
6.33925e+06	6.26025e+06	6.24975e+06	6.32725e+06	6.307e+06	
6.4935e+06	6.45625e+06	6.54525e+06	6.54525e+06	6.51875e+06	
6.53825e+06	6.5415e+06	6.62525e+06	6.745e+06	6.711e+06	
6.5295e+06	6.554e+06	6.53e+06	6.56275e+06	6.55525e+06	
6.50875e+06	6.43875e+06	6.4525e+06	6.593e+06	6.53575e+06	
6.52325e+06	6.52e+06	6.5955e+06	6.60875e+06	6.52825e+06	
6.29125e+06	6.35875e+06	6.3535e+06	6.4355e+06	6.34175e+06	
6.20675e+06	6.20675e+06	6.215e+06	6.18525e+06	6.2075e+06	
6.07125e+06	6.03425e+06	6.01325e+06	6.03725e+06	5.99575e+06	
6.09325e+06	6.10775e+06	6.14625e+06	6.157e+06	6.07325e+06	
6.1425e+06	6.167e+06	6.10525e+06	6.174e+06	6.15775e+06	
6.29375e+06	6.31825e+06	6.37625e+06	6.406e+06	6.3945e+06	
6.302e+06	6.28675e+06	6.3575e+06	6.3845e+06	6.355e+06	
6.28175e+06	6.3e+06	6.404e+06	6.368e+06	6.3775e+06	
6.25525e+06	6.3215e+06	6.3385e+06	6.35225e+06	6.307e+06	
6.44625e+06	6.48725e+06	6.4715e+06	6.544e+06	6.39325e+06	
6.47025e+06	6.4495e+06	6.5175e+06	6.467e+06	6.47775e+06	
6.4865e+06	6.6025e+06	6.58225e+06	6.62025e+06	6.571e+06	
6.52575e+06	6.57925e+06	6.63475e+06	6.62575e+06	6.57975e+06	
6.61075e+06	6.571e+06	6.61575e+06	6.62775e+06	6.6365e+06	
6.68625e+06	6.7595e+06	6.77325e+06	6.779e+06	6.83e+06	
6.64025e+06	6.73925e+06	6.738e+06	6.74175e+06	6.67425e+06	
6.55275e+06	6.5325e+06	6.63475e+06	6.66375e+06	6.5925e+06	
6.56725e+06	6.57225e+06	6.56225e+06	6.68125e+06	6.58675e+06	
6.4935e+06	6.52175e+06	6.58175e+06	6.506e+06	6.561e+06	
6.612e+06	6.5615e+06	6.6505e+06	6.64975e+06	6.65725e+06	
6.5805e+06	6.588e+06	6.556e+06	6.66625e+06	6.6025e+06	
6.56025e+06	6.5615e+06	6.673e+06	6.5325e+06	6.617e+06	
6.6145e+06	6.64225e+06	6.6435e+06	6.75825e+06	6.6315e+06	
6.67425e+06	6.7015e+06	6.7045e+06	6.6995e+06	6.634e+06	
6.79275e+06	6.79525e+06	6.91575e+06	6.94025e+06	6.90625e+06	
6.88425e+06	6.84125e+06	6.8445e+06	6.9725e+06	6.791e+06	
6.84375e+06	6.81675e+06	6.9145e+06	6.9875e+06	6.91625e+06	
6.9845e+06	7.065e+06	6.99375e+06	7.128e+06	7.03225e+06	
6.95425e+06	7.03925e+06	6.992e+06	6.9995e+06	6.95425e+06	
6.9555e+06	7.026e+06	6.99775e+06	6.9535e+06	6.93025e+06	
7.02225e+06	7.03725e+06	7.0745e+06	7.065e+06	7.104e+06	
7.01975e+06	6.985e+06	7.0525e+06	6.99325e+06	7.03725e+06	
6.94275e+06	6.847e+06	6.946e+06	6.91e+06	6.99325e+06	
6.7765e+06	6.854e+06	6.9175e+06	6.91625e+06	6.93275e+06	
6.82625e+06	6.864e+06	6.949e+06	6.907e+06	6.85275e+06	
6.7525e+06	6.84825e+06	6.7545e+06	6.8445e+06	6.8175e+06	
6.99575e+06	6.9125e+06	6.9845e+06	6.99625e+06	7.01475e+06	
6.95975e+06	6.9825e+06	6.999e+06	7.03675e+06	6.96475e+06	
7.15275e+06	7.113e+06	7.1715e+06	7.17725e+06	7.12375e+06	
6.92525e+06	6.95025e+06	6.949e+06	6.94025e+06	6.96225e+06	
6.9315e+06	6.9605e+06	6.8955e+06	7.00025e+06	6.9385e+06	
6.96225e+06	7.06325e+06	7.08275e+06	7.07325e+06	7.0525e+06	
7.04875e+06	7.094e+06	7.111e+06	7.203e+06	7.166e+06	
7.106e+06	7.186e+06	7.128e+06	7.12625e+06	7.11675e+06	
7.077e+06	7.198e+06	7.205e+06	7.21325e+06	7.22775e+06	
7.317e+06	7.29125e+06	7.47775e+06	7.47075e+06	7.363e+06	
7.28675e+06	7.30825e+06	7.42175e+06	7.43425e+06	7.37125e+06	
7.35675e+06	7.445e+06	7.43925e+06	7.48525e+06	7.394e+06	
7.29075e+06	7.3235e+06	7.37375e+06	7.37375e+06	7.33675e+06	
7.39725e+06	7.3065e+06	7.367e+06	7.45375e+06	7.329e+06	
7.089e+06	7.2345e+06	7.19175e+06	7.2075e+06	7.2125e+06	
7.3675e+06	7.2485e+06	7.41725e+06	7.38325e+06	7.353e+06	
7.3065e+06	7.48025e+06	7.42475e+06	7.47275e+06	7.43625e+06	
7.6365e+06	7.6705e+06	7.687e+06	7.63775e+06	7.64675e+06	
7.95175e+06	7.9315e+06	7.93025e+06	7.956e+06	7.90875e+06	
7.94275e+06	7.946e+06	8.014e+06	8.0425e+06	8.02975e+06	
7.86025e+06	7.919e+06	7.871e+06	7.9195e+06	7.8665e+06	
7.73375e+06	7.79425e+06	7.823e+06	7.83825e+06	7.78975e+06	
7.9895e+06	7.9675e+06	7.8975e+06	8.0305e+06	7.99825e+06	
7.95925e+06	7.96175e+06	7.93975e+06	8.00075e+06	7.973e+06	
8.0505e+06	8.045e+06	8.1495e+06	8.09275e+06	8.142e+06	
8.33475e+06	8.4155e+06	8.32975e+06	8.46275e+06	8.41975e+06	
8.3215e+06	8.3405e+06	8.355e+06	8.3435e+06	8.331e+06	
8.2025e+06	8.35175e+06	8.39725e+06	8.421e+06	8.435e+06	
8.3095e+06	8.26175e+06	8.387e+06	8.40725e+06	8.40725e+06	
8.387e+06	8.36125e+06	8.37825e+06	8.418e+06	8.3645e+06	
8.341e+06	8.437e+06	8.404e+06	8.43425e+06	8.5025e+06	
8.47225e+06	8.3895e+06	8.43175e+06	8.56725e+06	8.45275e+06	
8.52825e+06	8.5855e+06	8.66875e+06	8.67825e+06	8.64225e+06	
8.781e+06	8.88675e+06	8.7985e+06	8.82875e+06	8.7785e+06	
9.02675e+06	8.9945e+06	9.0575e+06	9.13e+06	9.08975e+06	
8.905e+06	8.95925e+06	9.08775e+06	9.18475e+06	8.9995e+06	
9.08775e+06	9.08225e+06	9.1445e+06	9.1155e+06	9.1085e+06	
8.92325e+06	9.19125e+06	9.04e+06	9.10175e+06	9.10475e+06	
9.449e+06	9.411e+06	9.42875e+06	9.43e+06	9.41225e+06	
9.35e+06	9.43375e+06	9.4905e+06	9.42175e+06	9.4305e+06	
9.41425e+06	9.406e+06	9.46275e+06	9.5025e+06	9.4175e+06	
9.541e+06	9.51125e+06	9.6145e+06	9.6505e+06	9.65925e+06	
9.63725e+06	9.629e+06	9.5825e+06	9.57175e+06	9.65125e+06	
9.47775e+06	9.556e+06	9.566e+06	9.723e+06	9.58425e+06	
9.71725e+06	9.64925e+06	9.689e+06	9.73175e+06	9.76025e+06	
9.854e+06	9.86225e+06	9.97875e+06	9.98e+06	9.859e+06	
9.92975e+06	9.9115e+06	1.005e+07	1.00488e+07	9.868e+06	
9.99075e+06	1.01022e+07	9.9945e+06	1.01482e+07	1.01275e+07	
9.849e+06	9.931e+06	9.863e+06	1.00412e+07	9.86725e+06	
1.00458e+07	1.00658e+07	1.00595e+07	1.00545e+07	1.00972e+07	
9.9405e+06	1.01018e+07	1.00732e+07	1.00438e+07	1.00615e+07	
1.00185e+07	9.98525e+06	9.96125e+06	1.005e+07	1.00948e+07	
9.87475e+06	1.00242e+07	1.00168e+07	1.0023e+07	9.931e+06	
1.01635e+07	1.01718e+07	1.01378e+07	1.02692e+07	1.01698e+07	
9.953e+06	9.99575e+06	9.99525e+06	1.00368e+07	1.0023e+07	
9.677e+06	9.7425e+06	9.83075e+06	9.793e+06	9.84075e+06	
9.106e+06	9.17425e+06	9.23775e+06	9.21375e+06	9.2555e+06	
8.89825e+06	8.79175e+06	8.93775e+06	8.849e+06	8.96675e+06	
8.71725e+06	8.73675e+06	8.7615e+06	8.9215e+06	8.81125e+06	
9.1085e+06	9.0255e+06	9.217e+06	9.20875e+06	9.18425e+06	
9.626e+06	9.61975e+06	9.602e+06	9.723e+06	9.631e+06	
9.774e+06	9.89375e+06	9.82125e+06	9.8735e+06	1.00078e+07	
1.02045e+07	1.02372e+07	1.0319e+07	1.04092e+07	1.0205e+07	
1.03852e+07	1.03758e+07	1.0391e+07	1.0471e+07	1.03638e+07	
1.0306e+07	1.0418e+07	1.03702e+07	1.03575e+07	1.03525e+07	
1.03708e+07	1.04432e+07	1.0394e+07	1.05365e+07	1.05082e+07	
1.0679e+07	1.0619e+07	1.07582e+07	1.08108e+07	1.07318e+07	
1.10015e+07	1.09802e+07	1.10122e+07	1.1067e+07	1.09298e+07	
1.1151e+07	1.12132e+07	1.1246e+07	1.13438e+07	1.13002e+07	
1.1134e+07	1.11548e+07	1.1142e+07	1.11825e+07	1.10615e+07	
1.12562e+07	1.12418e+07	1.13418e+07	1.14118e+07	1.12228e+07	
1.10545e+07	1.1098e+07	1.10538e+07	1.11988e+07	1.11352e+07	
1.08908e+07	1.08685e+07	1.10222e+07	1.0897e+07	1.09695e+07	
1.07338e+07	1.06878e+07	1.07395e+07	1.0786e+07	1.07752e+07	
1.06808e+07	1.07885e+07	1.0742e+07	1.0708e+07	1.07595e+07	
1.09298e+07	1.09455e+07	1.10355e+07	1.10558e+07	1.10595e+07	
1.12285e+07	1.12655e+07	1.13078e+07	1.13438e+07	1.11465e+07	
1.12422e+07	1.13185e+07	1.12252e+07	1.1355e+07	1.1374e+07	
1.1159e+07	1.12378e+07	1.12182e+07	1.1398e+07	1.12518e+07	
1.1512e+07	1.14232e+07	1.14362e+07	1.15315e+07	1.14705e+07	
1.1539e+07	1.15282e+07	1.16058e+07	1.16852e+07	1.15522e+07	
1.174e+07	1.18332e+07	1.1761e+07	1.18005e+07	1.1839e+07	
1.15808e+07	1.17138e+07	1.1686e+07	1.17545e+07	1.1686e+07	
1.1742e+07	1.16392e+07	1.1749e+07	1.1723e+07	1.1752e+07	
1.16135e+07	1.15705e+07	1.1771e+07	1.1732e+07	1.16998e+07	
1.17445e+07	1.1841e+07	1.1803e+07	1.18088e+07	1.18088e+07	
1.173e+07	1.16645e+07	1.1708e+07	1.18108e+07	1.18895e+07	
1.16745e+07	1.1839e+07	1.18995e+07	1.20035e+07	1.1912e+07	
1.19078e+07	1.19078e+07	1.20608e+07	1.19438e+07	1.20122e+07	
1.17048e+07	1.1861e+07	1.18832e+07	1.188e+07	1.18535e+07	
1.15322e+07	1.16102e+07	1.1614e+07	1.17382e+07	1.15505e+07	
1.14892e+07	1.1502e+07	1.1519e+07	1.15145e+07	1.15125e+07	
1.14452e+07	1.15025e+07	1.15165e+07	1.16235e+07	1.1539e+07	
1.16375e+07	1.15742e+07	1.1732e+07	1.17768e+07	1.17768e+07	
1.1686e+07	1.17362e+07	1.17918e+07	1.1834e+07	1.18345e+07	
1.16662e+07	1.16135e+07	1.174e+07	1.1781e+07	1.17842e+07	
1.15252e+07	1.15428e+07	1.1568e+07	1.16638e+07	1.15535e+07	
1.14515e+07	1.1333e+07	1.14772e+07	1.14375e+07	1.15668e+07	
1.11975e+07	1.1171e+07	1.1328e+07	1.13248e+07	1.12302e+07	
1.13298e+07	1.12568e+07	1.1311e+07	1.14245e+07	1.14042e+07	
1.12535e+07	1.13192e+07	1.12298e+07	1.1311e+07	1.12795e+07	
1.12725e+07	1.12348e+07	1.12232e+07	1.1275e+07	1.12978e+07	
1.1389e+07	1.12378e+07	1.1372e+07	1.14652e+07	1.13702e+07	
1.1512e+07	1.1689e+07	1.16828e+07	1.1665e+07	1.1599e+07	
1.16425e+07	1.16865e+07	1.172e+07	1.18195e+07	1.17615e+07	
1.17768e+07	1.16342e+07	1.16702e+07	1.18182e+07	1.17332e+07	
1.15555e+07	1.17268e+07	1.17022e+07	1.16965e+07	1.16272e+07	
1.15182e+07	1.1454e+07	1.15928e+07	1.1517e+07	1.15278e+07	
1.16185e+07	1.16015e+07	1.1616e+07	1.17105e+07	1.16608e+07	
1.1757e+07	1.17465e+07	1.18688e+07	1.19095e+07	1.18088e+07	
1.1839e+07	1.1943e+07	1.20105e+07	1.20212e+07	1.20632e+07	
1.21332e+07	1.23048e+07	1.22025e+07	1.21345e+07	1.21742e+07	
1.20035e+07	1.21452e+07	1.23205e+07	1.2367e+07	1.2195e+07	
1.22315e+07	1.233e+07	1.2267e+07	1.24088e+07	1.23545e+07	
1.203e+07	1.20118e+07	1.20412e+07	1.21088e+07	1.20532e+07	
1.20395e+07	1.20672e+07	1.20268e+07	1.2178e+07	1.21742e+07	
1.1851e+07	1.18812e+07	1.18605e+07	1.19462e+07	1.18718e+07	
1.17142e+07	1.18688e+07	1.18845e+07	1.18648e+07	1.18428e+07	
1.16078e+07	1.16152e+07	1.1672e+07	1.16802e+07	1.1812e+07	
1.16318e+07	1.17628e+07	1.17155e+07	1.18618e+07	1.17192e+07	
1.20702e+07	1.21018e+07	1.2137e+07	1.2151e+07	1.22095e+07	
1.20488e+07	1.20488e+07	1.21332e+07	1.2267e+07	1.20748e+07	
1.19758e+07	1.21042e+07	1.21415e+07	1.22235e+07	1.21258e+07	
1.19422e+07	1.20948e+07	1.21598e+07	1.20698e+07	1.20988e+07	
1.19608e+07	1.1953e+07	1.19612e+07	1.20722e+07	1.20362e+07	
1.19152e+07	1.2057e+07	1.20068e+07	1.20288e+07	1.20632e+07	
1.20342e+07	1.21162e+07	1.21258e+07	1.2229e+07	1.21182e+07	
1.23432e+07	1.23772e+07	1.23935e+07	1.24382e+07	1.23652e+07	
1.22198e+07	1.21408e+07	1.21642e+07	1.22858e+07	1.21995e+07	
1.21162e+07	1.20632e+07	1.21522e+07	1.21358e+07	1.2144e+07	
1.21188e+07	1.21332e+07	1.22152e+07	1.2333e+07	1.21025e+07	
1.2166e+07	1.2134e+07	1.21158e+07	1.21395e+07	1.20702e+07	
1.17458e+07	1.19015e+07	1.18858e+07	1.18812e+07	1.18978e+07	
1.18908e+07	1.19695e+07	1.19525e+07	1.20698e+07	1.21075e+07	
1.16678e+07	1.18138e+07	1.18112e+07	1.18978e+07	1.1878e+07	
1.16778e+07	1.15472e+07	1.18315e+07	1.16488e+07	1.1706e+07	
1.1614e+07	1.17092e+07	1.17702e+07	1.17092e+07	1.18358e+07	
1.18062e+07	1.17452e+07	1.1817e+07	1.18962e+07	1.19108e+07	
1.1924e+07	1.19115e+07	1.20268e+07	1.2059e+07	1.20565e+07	
1.19562e+07	1.19385e+07	1.19135e+07	1.19815e+07	1.20412e+07	
1.17332e+07	1.19148e+07	1.17798e+07	1.18422e+07	1.19285e+07	
1.1304e+07	1.13015e+07	1.13482e+07	1.13785e+07	1.1328e+07	
1.07968e+07	1.08415e+07	1.08622e+07	1.07508e+07	1.095e+07	
1.0636e+07	1.0694e+07	1.0631e+07	1.0682e+07	1.06268e+07	
1.08465e+07	1.07055e+07	1.07898e+07	1.07962e+07	1.0837e+07	
1.09468e+07	1.08912e+07	1.08932e+07	1.10035e+07	1.08982e+07	
1.0873e+07	1.08502e+07	1.0938e+07	1.10262e+07	1.0909e+07	
1.10368e+07	1.10275e+07	1.10205e+07	1.11408e+07	1.10325e+07	
1.12372e+07	1.1338e+07	1.12522e+07	1.14192e+07	1.1282e+07	
1.1364e+07	1.14482e+07	1.1401e+07	1.14445e+07	1.13985e+07	
1.1694e+07	1.16412e+07	1.17818e+07	1.1735e+07	1.17275e+07	
1.18725e+07	1.20148e+07	1.20615e+07	1.19115e+07	1.19272e+07	
1.1987e+07	1.20118e+07	1.20672e+07	1.21088e+07	1.20192e+07	
1.19525e+07	1.19778e+07	1.19978e+07	1.21535e+07	1.20558e+07	
1.20325e+07	1.2096e+07	1.22448e+07	1.22542e+07	1.21605e+07	
1.21925e+07	1.21585e+07	1.22435e+07	1.21975e+07	1.21685e+07	
1.21618e+07	1.22418e+07	1.24062e+07	1.23048e+07	1.2347e+07	
1.22115e+07	1.2263e+07	1.23488e+07	1.22965e+07	1.23325e+07	
1.20698e+07	1.20445e+07	1.21618e+07	1.2345e+07	1.21378e+07	
1.19695e+07	1.20432e+07	1.21302e+07	1.22405e+07	1.2103e+07	
1.19198e+07	1.20488e+07	1.2112e+07	1.2149e+07	1.205e+07	
1.22485e+07	1.22592e+07	1.23392e+07	1.2345e+07	1.2364e+07	
1.23578e+07	1.24615e+07	1.25245e+07	1.26765e+07	1.25468e+07	
1.26702e+07	1.25895e+07	1.26758e+07	1.27888e+07	1.2771e+07	
1.25995e+07	1.26632e+07	1.26852e+07	1.28145e+07	1.27432e+07	
1.2618e+07	1.26608e+07	1.28182e+07	1.2735e+07	1.26715e+07	
1.2621e+07	1.2631e+07	1.26362e+07	1.27408e+07	1.26455e+07	
1.26438e+07	1.26972e+07	1.27552e+07	1.2749e+07	1.27772e+07	
1.22845e+07	1.23828e+07	1.23495e+07	1.24295e+07	1.24585e+07	
1.1943e+07	1.1989e+07	1.218e+07	1.20268e+07	1.20438e+07	
1.15655e+07	1.15278e+07	1.1638e+07	1.1672e+07	1.16802e+07	
1.16032e+07	1.16878e+07	1.17635e+07	1.17955e+07	1.17168e+07	
1.17622e+07	1.19178e+07	1.18712e+07	1.1912e+07	1.1892e+07	
1.20752e+07	1.21195e+07	1.21485e+07	1.21655e+07	1.20652e+07	
1.23392e+07	1.23362e+07	1.24238e+07	1.2447e+07	1.2376e+07	
1.24698e+07	1.2626e+07	1.26292e+07	1.2597e+07	1.26255e+07	
1.26865e+07	1.2827e+07	1.2899e+07	1.2882e+07	1.28202e+07	
1.2989e+07	1.31108e+07	1.29372e+07	1.31005e+07	1.30578e+07	
1.27962e+07	1.28245e+07	1.28945e+07	1.29248e+07	1.2868e+07	
1.2824e+07	1.2725e+07	1.28535e+07	1.2972e+07	1.28485e+07	
1.28448e+07	1.28862e+07	1.29662e+07	1.28982e+07	1.28662e+07	
1.29355e+07	1.29682e+07	1.29688e+07	1.30925e+07	1.29898e+07	
1.30188e+07	1.30988e+07	1.31188e+07	1.31328e+07	1.30432e+07	
1.30332e+07	1.30425e+07	1.30018e+07	1.3202e+07	1.31195e+07	
1.31038e+07	1.30532e+07	1.29765e+07	1.32322e+07	1.31012e+07	
1.2812e+07	1.27875e+07	1.28535e+07	1.28978e+07	1.28138e+07	
1.24502e+07	1.25045e+07	1.25108e+07	1.25348e+07	1.2427e+07	
1.2255e+07	1.23778e+07	1.24245e+07	1.24742e+07	1.24042e+07	
1.22732e+07	1.23892e+07	1.24528e+07	1.2413e+07	1.2434e+07	
1.25302e+07	1.25782e+07	1.25638e+07	1.26878e+07	1.25128e+07	
1.25245e+07	1.25145e+07	1.25115e+07	1.27112e+07	1.25908e+07	
1.25315e+07	1.25195e+07	1.25592e+07	1.2773e+07	1.25232e+07	
1.26508e+07	1.26575e+07	1.2681e+07	1.27615e+07	1.25132e+07	
1.27022e+07	1.26732e+07	1.28605e+07	1.28e+07	1.2783e+07	
1.29558e+07	1.28725e+07	1.2921e+07	1.29638e+07	1.28535e+07	
1.29065e+07	1.29708e+07	1.28908e+07	1.30148e+07	1.30135e+07	
1.28012e+07	1.28282e+07	1.29372e+07	1.29915e+07	1.29185e+07	
1.27792e+07	1.28012e+07	1.28965e+07	1.28572e+07	1.2834e+07	
1.25405e+07	1.25738e+07	1.2599e+07	1.2715e+07	1.25982e+07	
1.25928e+07	1.2497e+07	1.25472e+07	1.26205e+07	1.26588e+07	
1.25758e+07	1.2609e+07	1.2614e+07	1.26248e+07	1.25638e+07	
1.24975e+07	1.25405e+07	1.25418e+07	1.26972e+07	1.26632e+07	
1.2662e+07	1.27532e+07	1.27495e+07	1.2802e+07	1.2703e+07	
1.25978e+07	1.2577e+07	1.27168e+07	1.28605e+07	1.27842e+07	
1.2628e+07	1.26595e+07	1.27022e+07	1.27515e+07	1.27225e+07	
1.26758e+07	1.25945e+07	1.265e+07	1.27975e+07	1.26992e+07	
1.23558e+07	1.24942e+07	1.2519e+07	1.25555e+07	1.2594e+07	
1.22518e+07	1.2263e+07	1.2362e+07	1.24075e+07	1.22568e+07	
1.21075e+07	1.22128e+07	1.21995e+07	1.2328e+07	1.21805e+07	
1.21162e+07	1.2088e+07	1.21635e+07	1.2154e+07	1.22e+07	
1.20672e+07	1.21408e+07	1.21762e+07	1.2217e+07	1.2139e+07	
1.22575e+07	1.22485e+07	1.2171e+07	1.22348e+07	1.21435e+07	
1.22542e+07	1.23028e+07	1.2316e+07	1.24155e+07	1.23778e+07	
1.22102e+07	1.22588e+07	1.23645e+07	1.23645e+07	1.23538e+07	
1.20975e+07	1.23262e+07	1.23462e+07	1.24262e+07	1.23155e+07	
1.2238e+07	1.23275e+07	1.24772e+07	1.2531e+07	1.2381e+07	
1.22198e+07	1.22468e+07	1.22455e+07	1.23305e+07	1.22592e+07	
1.2321e+07	1.24138e+07	1.24578e+07	1.2505e+07	1.24395e+07	
1.23848e+07	1.24548e+07	1.24722e+07	1.25568e+07	1.24995e+07	
1.2388e+07	1.2512e+07	1.24868e+07	1.25485e+07	1.25008e+07	
1.2313e+07	1.2369e+07	1.24892e+07	1.25418e+07	1.25032e+07	
1.25928e+07	1.24522e+07	1.25775e+07	1.26745e+07	1.26022e+07	
1.26342e+07	1.2536e+07	1.26878e+07	1.27212e+07	1.25812e+07	
1.233e+07	1.23735e+07	1.2526e+07	1.2534e+07	1.24602e+07	
1.24142e+07	1.24792e+07	1.2478e+07	1.25418e+07	1.25378e+07	
1.23898e+07	1.2362e+07	1.25448e+07	1.24772e+07	1.25252e+07	
1.2493e+07	1.23255e+07	1.243e+07	1.24672e+07	1.24142e+07	
1.23338e+07	1.2393e+07	1.24722e+07	1.23998e+07	1.24548e+07	
1.2229e+07	1.21818e+07	1.22605e+07	1.21962e+07	1.21472e+07	
1.19902e+07	1.21038e+07	1.21332e+07	1.21548e+07	1.21378e+07	
1.21498e+07	1.2079e+07	1.21692e+07	1.2115e+07	1.21768e+07	
1.21585e+07	1.21238e+07	1.22845e+07	1.2347e+07	1.23305e+07	
1.21982e+07	1.23235e+07	1.23722e+07	1.2359e+07	1.23608e+07	
1.22555e+07	1.23205e+07	1.2328e+07	1.2413e+07	1.23192e+07	
1.2401e+07	1.23052e+07	1.2321e+07	1.24868e+07	1.2248e+07	
1.23508e+07	1.2294e+07	1.2362e+07	1.2321e+07	1.22965e+07	
1.22732e+07	1.23028e+07	1.2301e+07	1.24055e+07	1.22298e+07	
1.23362e+07	1.23028e+07	1.23048e+07	1.23898e+07	1.24565e+07	
1.22588e+07	1.22032e+07	1.22675e+07	1.2321e+07	1.22228e+07	
1.20482e+07	1.2163e+07	1.22272e+07	1.23192e+07	1.21908e+07	
1.21012e+07	1.21925e+07	1.2282e+07	1.22538e+07	1.22695e+07	
1.23355e+07	1.23078e+07	1.23218e+07	1.2548e+07	1.23495e+07	
1.23142e+07	1.22788e+07	1.24042e+07	1.23942e+07	1.23052e+07	
1.21395e+07	1.22265e+07	1.21958e+07	1.23495e+07	1.22828e+07	
1.22082e+07	1.21875e+07	1.23355e+07	1.22278e+07	1.22418e+07	
1.2212e+07	1.2183e+07	1.2127e+07	1.23728e+07	1.21912e+07	
1.2236e+07	1.2289e+07	1.2301e+07	1.22638e+07	1.22505e+07	
1.23048e+07	1.22745e+07	1.22625e+07	1.23722e+07	1.23558e+07	
1.22965e+07	1.2272e+07	1.2461e+07	1.24168e+07	1.24262e+07	
1.23578e+07	1.23935e+07	1.2338e+07	1.24452e+07	1.2471e+07	
1.23368e+07	1.24245e+07	1.24578e+07	1.25782e+07	1.24535e+07	
1.23815e+07	1.23702e+07	1.23242e+07	1.24938e+07	1.2386e+07	
1.2209e+07	1.21018e+07	1.22032e+07	1.22895e+07	1.21855e+07	
1.22115e+07	1.21738e+07	1.22202e+07	1.23065e+07	1.21402e+07	
1.1895e+07	1.2004e+07	1.20872e+07	1.21585e+07	1.20665e+07	
1.18435e+07	1.18805e+07	1.1788e+07	1.19335e+07	1.18498e+07	
1.17938e+07	1.18308e+07	1.19758e+07	1.20135e+07	1.1921e+07	
1.1943e+07	1.19952e+07	1.20652e+07	1.21105e+07	1.1943e+07	
1.1909e+07	1.1909e+07	1.18352e+07	1.2035e+07	1.1812e+07	
1.1931e+07	1.19265e+07	1.1948e+07	1.20338e+07	1.18805e+07	
1.16102e+07	1.16442e+07	1.15952e+07	1.16922e+07	1.16852e+07	
1.15958e+07	1.15675e+07	1.15782e+07	1.1568e+07	1.16608e+07	
1.16058e+07	1.1631e+07	1.15812e+07	1.1657e+07	1.1645e+07	
1.16002e+07	1.16935e+07	1.16732e+07	1.17048e+07	1.16198e+07	
1.16405e+07	1.1619e+07	1.16562e+07	1.1771e+07	1.17715e+07	
1.18428e+07	1.1754e+07	1.18278e+07	1.1866e+07	1.17885e+07	
1.18598e+07	1.19082e+07	1.18925e+07	1.19645e+07	1.19058e+07	
1.1996e+07	1.19442e+07	1.20022e+07	1.20665e+07	1.20558e+07	
1.19625e+07	1.17848e+07	1.19778e+07	1.19922e+07	1.1936e+07	
1.1757e+07	1.1769e+07	1.18485e+07	1.18668e+07	1.18718e+07	
1.1764e+07	1.19235e+07	1.17942e+07	1.19228e+07	1.1849e+07	
1.17975e+07	1.17162e+07	1.18655e+07	1.18912e+07	1.19178e+07	
1.1795e+07	1.18675e+07	1.1933e+07	1.20305e+07	1.19878e+07	
1.18792e+07	1.19292e+07	1.20015e+07	1.2054e+07	1.2025e+07	
1.18788e+07	1.19032e+07	1.20035e+07	1.1931e+07	1.19462e+07	
1.16085e+07	1.18522e+07	1.1761e+07	1.197e+07	1.18228e+07	
1.1788e+07	1.18555e+07	1.1914e+07	1.1919e+07	1.18705e+07	
1.17425e+07	1.1897e+07	1.18932e+07	1.19638e+07	1.18542e+07	
1.18792e+07	1.17275e+07	1.18585e+07	1.20408e+07	1.19165e+07	
1.17022e+07	1.1764e+07	1.18175e+07	1.17528e+07	1.17325e+07	
1.17072e+07	1.17168e+07	1.18e+07	1.16965e+07	1.174e+07	
1.1454e+07	1.16015e+07	1.1682e+07	1.17048e+07	1.1672e+07	
1.15535e+07	1.1524e+07	1.1749e+07	1.15662e+07	1.16992e+07	
1.1689e+07	1.1628e+07	1.18005e+07	1.17848e+07	1.1735e+07	
1.17528e+07	1.17898e+07	1.18825e+07	1.18042e+07	1.18875e+07	
1.17552e+07	1.1928e+07	1.18712e+07	1.19442e+07	1.1924e+07	
1.17458e+07	1.1774e+07	1.18912e+07	1.19152e+07	1.1803e+07	
1.16545e+07	1.18188e+07	1.17218e+07	1.16392e+07	1.16645e+07	
1.15662e+07	1.15718e+07	1.16922e+07	1.174e+07	1.16532e+07	
1.15435e+07	1.16268e+07	1.17445e+07	1.17648e+07	1.17242e+07	
1.16078e+07	1.16475e+07	1.15875e+07	1.17478e+07	1.16935e+07	
1.1481e+07	1.16778e+07	1.15675e+07	1.16248e+07	1.15825e+07	
1.13772e+07	1.14648e+07	1.16305e+07	1.16518e+07	1.15132e+07	
1.14515e+07	1.14735e+07	1.15422e+07	1.15712e+07	1.1544e+07	
1.1241e+07	1.13822e+07	1.13405e+07	1.13495e+07	1.12915e+07	
1.1243e+07	1.12932e+07	1.135e+07	1.1362e+07	1.12492e+07	
1.12352e+07	1.13325e+07	1.135e+07	1.1311e+07	1.1461e+07	
1.14755e+07	1.14905e+07	1.14548e+07	1.15258e+07	1.14968e+07	
1.15112e+07	1.13915e+07	1.1442e+07	1.15875e+07	1.16032e+07	
1.16218e+07	1.16355e+07	1.16702e+07	1.172e+07	1.16758e+07	
1.14818e+07	1.15398e+07	1.15518e+07	1.15688e+07	1.17042e+07	
1.17478e+07	1.1723e+07	1.16915e+07	1.17805e+07	1.17872e+07	
1.16545e+07	1.16102e+07	1.16795e+07	1.16948e+07	1.1708e+07	
1.1631e+07	1.17275e+07	1.17225e+07	1.165e+07	1.15888e+07	
1.15612e+07	1.16715e+07	1.16425e+07	1.16745e+07	1.17018e+07	
1.14748e+07	1.15845e+07	1.16032e+07	1.16468e+07	1.1541e+07	
1.14692e+07	1.14798e+07	1.1517e+07	1.15145e+07	1.1648e+07	
1.13015e+07	1.1243e+07	1.13758e+07	1.142e+07	1.12708e+07	
1.13305e+07	1.13645e+07	1.1352e+07	1.14735e+07	1.14022e+07	
1.13292e+07	1.13658e+07	1.14408e+07	1.13102e+07	1.13582e+07	
1.1357e+07	1.12958e+07	1.14075e+07	1.1493e+07	1.14138e+07	
1.13098e+07	1.13558e+07	1.13942e+07	1.14962e+07	1.1384e+07	
1.13405e+07	1.14428e+07	1.1529e+07	1.14855e+07	1.15422e+07	
1.1229e+07	1.12738e+07	1.1318e+07	1.14105e+07	1.13595e+07	
1.13115e+07	1.13815e+07	1.13525e+07	1.1379e+07	1.13312e+07	
1.12108e+07	1.12738e+07	1.12058e+07	1.13318e+07	1.12858e+07	
1.11282e+07	1.11988e+07	1.12008e+07	1.1282e+07	1.12498e+07	
1.09782e+07	1.1105e+07	1.11395e+07	1.11982e+07	1.10728e+07	
1.10652e+07	1.1062e+07	1.10185e+07	1.12025e+07	1.10822e+07	
1.11452e+07	1.12082e+07	1.11938e+07	1.12788e+07	1.12725e+07	
1.10658e+07	1.11655e+07	1.12472e+07	1.13255e+07	1.1202e+07	
1.12128e+07	1.1248e+07	1.12082e+07	1.12782e+07	1.12328e+07	
1.11892e+07	1.11415e+07	1.12878e+07	1.12612e+07	1.12315e+07	
1.1113e+07	1.11842e+07	1.12788e+07	1.1343e+07	1.12662e+07	
1.11452e+07	1.11352e+07	1.12265e+07	1.1362e+07	1.1321e+07	
1.12895e+07	1.13052e+07	1.13525e+07	1.12668e+07	1.12832e+07	
1.12208e+07	1.1207e+07	1.12322e+07	1.13392e+07	1.12965e+07	
1.11925e+07	1.1369e+07	1.13185e+07	1.13192e+07	1.13122e+07	
1.13048e+07	1.12605e+07	1.13305e+07	1.14495e+07	1.1454e+07	
1.12335e+07	1.12788e+07	1.12882e+07	1.12915e+07	1.13342e+07	
1.12165e+07	1.1151e+07	1.1374e+07	1.13198e+07	1.1289e+07	
1.12498e+07	1.12618e+07	1.12202e+07	1.1309e+07	1.1163e+07	
1.1105e+07	1.12788e+07	1.11842e+07	1.1183e+07	1.13652e+07	
1.12278e+07	1.11062e+07	1.13462e+07	1.12232e+07	1.12808e+07	
1.11162e+07	1.1139e+07	1.12058e+07	1.12522e+07	1.11705e+07	
1.09845e+07	1.10918e+07	1.09725e+07	1.1103e+07	1.1096e+07	
1.07805e+07	1.09542e+07	1.09775e+07	1.09978e+07	1.09108e+07	
1.07735e+07	1.0815e+07	1.09392e+07	1.0858e+07	1.08938e+07	
1.06185e+07	1.08258e+07	1.07532e+07	1.08805e+07	1.0834e+07	
1.07918e+07	1.07892e+07	1.0766e+07	1.088e+07	1.07988e+07	
1.07678e+07	1.07648e+07	1.08875e+07	1.0875e+07	1.08018e+07	
1.07122e+07	1.0788e+07	1.08812e+07	1.08535e+07	1.0883e+07	
1.06568e+07	1.0795e+07	1.073e+07	1.08365e+07	1.07135e+07	
1.07155e+07	1.05598e+07	1.06582e+07	1.0762e+07	1.06935e+07	
1.05188e+07	1.0486e+07	1.05548e+07	1.0505e+07	1.05448e+07	
1.01718e+07	1.02088e+07	1.0292e+07	1.019e+07	1.02795e+07	
9.80875e+06	9.9095e+06	1.00015e+07	1.0091e+07	1.00388e+07	
9.607e+06	9.759e+06	9.602e+06	9.72925e+06	9.70225e+06	
9.47975e+06	9.55475e+06	9.57375e+06	9.59875e+06	9.44125e+06	
9.534e+06	9.49625e+06	9.735e+06	9.67075e+06	9.58875e+06	
9.68575e+06	9.694e+06	9.6675e+06	9.7375e+06	9.699e+06	
9.73125e+06	9.851e+06	9.8655e+06	9.8395e+06	9.86975e+06	
9.87625e+06	9.84325e+06	9.92275e+06	9.9865e+06	9.81e+06	
9.94975e+06	9.977e+06	9.9965e+06	9.97e+06	9.95425e+06	
9.92025e+06	9.8775e+06	1.00142e+07	1.00918e+07	1.0072e+07	
9.934e+06	1.01112e+07	1.01042e+07	1.00948e+07	9.98525e+06	
1.0021e+07	1.00985e+07	1.00305e+07	1.00325e+07	1.00968e+07	
9.951e+06	9.87675e+06	9.99575e+06	9.96875e+06	1.00785e+07	
1.00072e+07	1.0033e+07	1.00115e+07	1.003e+07	9.9575e+06	
1.00362e+07	1.00678e+07	1.00242e+07	1.01155e+07	1.00292e+07	
9.9235e+06	9.95925e+06	9.96825e+06	9.95375e+06	9.9555e+06	
9.866e+06	9.88125e+06	1.00135e+07	1.00015e+07	9.9895e+06	
9.92975e+06	9.963e+06	9.93925e+06	9.965e+06	9.87625e+06	
9.883e+06	9.8295e+06	9.8945e+06	9.95625e+06	9.909e+06	
9.76025e+06	9.859e+06	9.8515e+06	9.8175e+06	9.85025e+06	
9.86175e+06	9.74575e+06	9.74875e+06	9.92725e+06	9.8245e+06	
9.81375e+06	9.87175e+06	1.00048e+07	9.931e+06	9.98775e+06	
9.77525e+06	9.87625e+06	9.93725e+06	1.00172e+07	9.96125e+06	
9.84525e+06	9.8975e+06	9.81825e+06	1.00405e+07	9.9045e+06	
9.91325e+06	9.9365e+06	9.8875e+06	1.0067e+07	9.90825e+06	
9.8005e+06	9.84325e+06	9.91275e+06	9.9165e+06	9.977e+06	
9.84975e+06	9.9e+06	9.92225e+06	9.917e+06	9.94175e+06	
9.76575e+06	9.767e+06	9.81175e+06	9.70525e+06	9.74075e+06	
9.78975e+06	9.803e+06	9.912e+06	9.929e+06	9.86475e+06	
9.6285e+06	9.77475e+06	9.76025e+06	9.8125e+06	9.791e+06	
9.75575e+06	9.7885e+06	9.77275e+06	9.888e+06	9.82625e+06	
9.73875e+06	9.72225e+06	9.8345e+06	9.86225e+06	9.747e+06	
9.67575e+06	9.7015e+06	9.69075e+06	9.8825e+06	9.6795e+06	
9.74325e+06	9.71675e+06	9.7905e+06	9.8705e+06	9.87875e+06	
9.65875e+06	9.7355e+06	9.805e+06	9.82e+06	9.81825e+06	
9.68075e+06	9.80425e+06	9.78475e+06	9.81125e+06	9.8875e+06	
9.56475e+06	9.515e+06	9.65675e+06	9.6405e+06	9.60075e+06	
9.62525e+06	9.5705e+06	9.5975e+06	9.67075e+06	9.69025e+06	
9.5245e+06	9.578e+06	9.6815e+06	9.738e+06	9.61075e+06	
9.665e+06	9.57875e+06	9.64225e+06	9.65125e+06	9.587e+06	
9.5345e+06	9.6165e+06	9.62225e+06	9.5825e+06	9.5585e+06	
9.49175e+06	9.578e+06	9.61975e+06	9.74875e+06	9.69775e+06	
9.716e+06	9.70275e+06	9.6795e+06	9.73125e+06	9.77275e+06	
9.76025e+06	9.80625e+06	9.95875e+06	9.759e+06	9.8e+06	
9.658e+06	9.83025e+06	9.837e+06	9.8945e+06	9.80925e+06	
9.65175e+06	9.88675e+06	9.7525e+06	9.74375e+06	9.75075e+06	
9.69975e+06	9.762e+06	9.8105e+06	9.79675e+06	9.71725e+06	
9.7085e+06	9.7815e+06	9.81625e+06	9.81175e+06	9.88175e+06	
9.71175e+06	9.73375e+06	9.71925e+06	9.7765e+06	9.815e+06	
9.7425e+06	9.69025e+06	9.74625e+06	9.83575e+06	9.76775e+06	
9.6525e+06	9.61775e+06	9.7785e+06	9.74625e+06	9.65675e+06	
9.66625e+06	9.59575e+06	9.59325e+06	9.6795e+06	9.66625e+06	
9.73625e+06	9.604e+06	9.6745e+06	9.76525e+06	9.61275e+06	
9.65875e+06	9.5725e+06	9.718e+06	9.687e+06	9.641e+06	
9.66625e+06	9.5925e+06	9.58875e+06	9.699e+06	9.641e+06	
9.60525e+06	9.619e+06	9.5975e+06	9.721e+06	9.61075e+06	
9.49225e+06	9.54025e+06	9.61075e+06	9.704e+06	9.62725e+06	
9.411e+06	9.5705e+06	9.505e+06	9.63975e+06	9.6745e+06	
9.44325e+06	9.48925e+06	9.56475e+06	9.64875e+06	9.63225e+06	
9.41925e+06	9.488e+06	9.5075e+06	9.5655e+06	9.5125e+06	
9.43625e+06	9.42925e+06	9.4515e+06	9.38325e+06	9.58825e+06	
9.491e+06	9.481e+06	9.4975e+06	9.5555e+06	9.45025e+06	
9.411e+06	9.36e+06	9.4735e+06	9.522e+06	9.3765e+06	
9.31275e+06	9.37575e+06	9.39225e+06	9.50875e+06	9.493e+06	
9.27675e+06	9.268e+06	9.399e+06	9.3815e+06	9.3285e+06	
9.44775e+06	9.4545e+06	9.362e+06	9.49175e+06	9.45325e+06	
9.3405e+06	9.32025e+06	9.39775e+06	9.4055e+06	9.365e+06	
9.26375e+06	9.36325e+06	9.36575e+06	9.36575e+06	9.40675e+06	
9.30025e+06	9.2005e+06	9.37e+06	9.4085e+06	9.345e+06	
9.36075e+06	9.30075e+06	9.32975e+06	9.4735e+06	9.3045e+06	
9.229e+06	9.2315e+06	9.345e+06	9.3885e+06	9.362e+06	
9.18425e+06	9.22325e+06	9.304e+06	9.435e+06	9.2775e+06	
9.108e+06	9.212e+06	9.25225e+06	9.2095e+06	9.316e+06	
9.0935e+06	9.05875e+06	9.2245e+06	9.2535e+06	9.18675e+06	
9.04675e+06	9.0765e+06	9.12e+06	9.26225e+06	9.08475e+06	
9.1225e+06	9.18175e+06	9.28e+06	9.2585e+06	9.20125e+06	
9.212e+06	9.195e+06	9.1785e+06	9.161e+06	9.24975e+06	
9.1515e+06	9.101e+06	9.23075e+06	9.309e+06	9.17225e+06	
8.922e+06	9.069e+06	9.1125e+06	9.176e+06	8.956e+06	
8.91525e+06	8.98075e+06	9.02975e+06	9.077e+06	8.977e+06	
8.95925e+06	8.90825e+06	9.033e+06	9.0085e+06	8.91325e+06	
8.728e+06	8.90625e+06	8.8995e+06	8.9575e+06	8.9535e+06	
8.88425e+06	8.87425e+06	8.91775e+06	9.07525e+06	8.83575e+06	
8.82125e+06	8.793e+06	9.011e+06	8.9575e+06	8.9455e+06	
8.92025e+06	8.8875e+06	8.9535e+06	9.10675e+06	9.01025e+06	
8.89425e+06	9.0185e+06	8.97375e+06	9.07275e+06	9.08025e+06	
9.01275e+06	8.931e+06	8.94225e+06	9.01275e+06	9.07525e+06	
8.893e+06	8.9385e+06	8.97825e+06	9.023e+06	8.936e+06	
8.99525e+06	8.985e+06	8.968e+06	9.05825e+06	9.04625e+06	
8.97825e+06	9.12425e+06	9.06375e+06	9.084e+06	8.99025e+06	
8.90575e+06	8.90625e+06	9.03875e+06	9.038e+06	9.1515e+06	
9.05325e+06	9.0185e+06	9.154e+06	9.11875e+06	9.05075e+06	
9.10175e+06	8.924e+06	9.06775e+06	9.0985e+06	9.055e+06	
9.00775e+06	9.12875e+06	9.0765e+06	9.22075e+06	9.06775e+06	
9.06e+06	9.0335e+06	9.1585e+06	9.13325e+06	9.0495e+06	
8.982e+06	8.91075e+06	9.01475e+06	8.999e+06	8.98625e+06	
8.98625e+06	8.8685e+06	8.92975e+06	9.02675e+06	8.9965e+06	
8.75375e+06	8.86675e+06	8.9195e+06	8.91825e+06	9.004e+06	
8.83125e+06	8.93725e+06	8.914e+06	8.8445e+06	8.93225e+06	
8.805e+06	8.774e+06	8.8365e+06	8.91825e+06	8.83575e+06	
8.79475e+06	8.769e+06	8.757e+06	8.769e+06	8.8245e+06	
8.73625e+06	8.76825e+06	8.70775e+06	8.764e+06	8.818e+06	
8.609e+06	8.61575e+06	8.6485e+06	8.71225e+06	8.876e+06	
8.58175e+06	8.68125e+06	8.67625e+06	8.77525e+06	8.6725e+06	
8.479e+06	8.48675e+06	8.6915e+06	8.61525e+06	8.554e+06	
8.4855e+06	8.48925e+06	8.5975e+06	8.50675e+06	8.54075e+06	
8.4085e+06	8.51e+06	8.59575e+06	8.62525e+06	8.5275e+06	
8.32725e+06	8.32775e+06	8.47525e+06	8.5415e+06	8.37e+06	
8.365e+06	8.44625e+06	8.3935e+06	8.51875e+06	8.49225e+06	
8.41725e+06	8.46275e+06	8.4855e+06	8.57225e+06	8.442e+06	
8.39025e+06	8.5345e+06	8.4855e+06	8.546e+06	8.41175e+06	
8.4815e+06	8.41225e+06	8.4665e+06	8.48675e+06	8.4425e+06	
8.25925e+06	8.38575e+06	8.413e+06	8.35e+06	8.41425e+06	
8.33475e+06	8.24225e+06	8.2775e+06	8.44825e+06	8.2825e+06	
8.21625e+06	8.23275e+06	8.31325e+06	8.25975e+06	8.2585e+06	
8.205e+06	8.1805e+06	8.1835e+06	8.2605e+06	8.27625e+06	
8.10975e+06	8.13825e+06	8.2385e+06	8.183e+06	8.23025e+06	
8.11175e+06	8.13125e+06	8.224e+06	8.22275e+06	8.159e+06	
8.205e+06	8.1855e+06	8.25225e+06	8.1735e+06	8.17925e+06	
8.157e+06	8.0355e+06	8.0695e+06	8.11625e+06	8.1685e+06	
8.125e+06	7.98075e+06	8.1155e+06	8.12e+06	8.205e+06	
8.118e+06	8.1545e+06	8.14825e+06	8.113e+06	8.08325e+06	
8.14e+06	8.1515e+06	8.22275e+06	8.21575e+06	8.15025e+06	
8.00025e+06	8.0045e+06	8.04675e+06	8.07275e+06	8.062e+06	
7.88175e+06	7.946e+06	8.0335e+06	8.106e+06	8.0575e+06	
7.89e+06	7.8905e+06	7.94925e+06	7.895e+06	7.95975e+06	
7.91375e+06	8.00025e+06	7.98825e+06	8.01225e+06	7.91575e+06	
7.9165e+06	7.97375e+06	7.9965e+06	7.99075e+06	7.95425e+06	
8.00775e+06	8.002e+06	8.00975e+06	8.06375e+06	7.963e+06	
8.01275e+06	7.9845e+06	8.01775e+06	8.07575e+06	8.00975e+06	
7.86025e+06	7.823e+06	7.95675e+06	7.9095e+06	7.975e+06	
7.769e+06	7.8515e+06	7.99525e+06	7.9165e+06	7.992e+06	
7.83325e+06	7.8155e+06	7.8735e+06	7.92825e+06	7.8925e+06	
7.81625e+06	7.87475e+06	7.89625e+06	7.93975e+06	7.98e+06	
7.8805e+06	7.91e+06	7.97625e+06	7.927e+06	8.07275e+06	
7.8735e+06	7.78025e+06	7.99825e+06	7.9335e+06	8.004e+06	
7.82125e+06	7.728e+06	7.762e+06	7.78275e+06	7.8155e+06	
7.7235e+06	7.847e+06	7.72225e+06	7.92025e+06	7.781e+06	
7.8125e+06	7.70025e+06	7.7285e+06	7.90575e+06	7.71925e+06	
7.75375e+06	7.7165e+06	7.769e+06	7.92075e+06	7.75875e+06	
7.7475e+06	7.7425e+06	7.844e+06	7.842e+06	7.85975e+06	
7.74825e+06	7.7455e+06	7.8005e+06	7.74625e+06	7.6455e+06	
7.76075e+06	7.74425e+06	7.79275e+06	7.844e+06	8.0015e+06	
7.7765e+06	7.75575e+06	7.70025e+06	7.7955e+06	7.78025e+06	
7.718e+06	7.7375e+06	7.7455e+06	7.779e+06	7.694e+06	
7.706e+06	7.80175e+06	7.72175e+06	7.8225e+06	7.75075e+06	
7.6575e+06	7.6775e+06	7.79925e+06	7.718e+06	7.675e+06	
7.51625e+06	7.5875e+06	7.6505e+06	7.71275e+06	7.67325e+06	
7.57925e+06	7.63975e+06	7.559e+06	7.6115e+06	7.60375e+06	
7.51125e+06	7.4905e+06	7.501e+06	7.646e+06	7.53575e+06	
7.5075e+06	7.42175e+06	7.503e+06	7.5785e+06	7.53525e+06	
7.4205e+06	7.38525e+06	7.4545e+06	7.50625e+06	7.43675e+06	
7.42425e+06	7.41675e+06	7.2755e+06	7.442e+06	7.52125e+06	
7.31575e+06	7.38775e+06	7.365e+06	7.44375e+06	7.4615e+06	
7.33975e+06	7.39725e+06	7.27925e+06	7.37575e+06	7.4185e+06	
7.24975e+06	7.2345e+06	7.309e+06	7.33675e+06	7.334e+06	
7.3145e+06	7.263e+06	7.37325e+06	7.38275e+06	7.28125e+06	
7.3065e+06	7.3795e+06	7.295e+06	7.309e+06	7.39525e+06	
7.372e+06	7.3235e+06	7.43675e+06	7.375e+06	7.355e+06	
7.292e+06	7.29125e+06	7.30075e+06	7.29825e+06	7.39775e+06	
7.29825e+06	7.27175e+06	7.314e+06	7.3115e+06	7.251e+06	
7.30325e+06	7.26475e+06	7.36e+06	7.3235e+06	7.31525e+06	
7.154e+06	7.2245e+06	7.26675e+06	7.2685e+06	7.24775e+06	
7.19175e+06	7.1275e+06	7.13375e+06	7.171e+06	7.20125e+06	
7.16725e+06	7.1905e+06	7.26725e+06	7.232e+06	7.302e+06	
7.038e+06	7.15325e+06	7.087e+06	7.13875e+06	7.111e+06	
6.98625e+06	7.0675e+06	7.1305e+06	7.11475e+06	7.03225e+06	
6.94025e+06	7.007e+06	7.05375e+06	7.0505e+06	7.0935e+06	
6.94525e+06	6.941e+06	6.94275e+06	7.02475e+06	6.9465e+06	
6.92075e+06	6.95225e+06	6.85975e+06	6.963e+06	6.944e+06	
6.88725e+06	6.86225e+06	6.9095e+06	6.92275e+06	6.85575e+06	
6.941e+06	6.8735e+06	6.837e+06	6.917e+06	6.871e+06	
6.71775e+06	6.7575e+06	6.806e+06	6.823e+06	6.85075e+06	
6.81225e+06	6.8175e+06	6.801e+06	6.85325e+06	6.7765e+06	
6.75825e+06	6.69575e+06	6.6725e+06	6.7645e+06	6.7045e+06	
6.61575e+06	6.685e+06	6.66425e+06	6.6875e+06	6.7575e+06	
6.578e+06	6.60625e+06	6.6825e+06	6.74625e+06	6.70725e+06	
6.41975e+06	6.5105e+06	6.61525e+06	6.5875e+06	6.59125e+06	
6.5035e+06	6.4885e+06	6.57225e+06	6.6755e+06	6.602e+06	
6.5685e+06	6.535e+06	6.5875e+06	6.6195e+06	6.56475e+06	
6.554e+06	6.561e+06	6.61525e+06	6.67175e+06	6.644e+06	
6.75175e+06	6.6705e+06	6.61375e+06	6.7405e+06	6.692e+06	
6.61525e+06	6.513e+06	6.6145e+06	6.7165e+06	6.70725e+06	
6.62525e+06	6.581e+06	6.539e+06	6.57425e+06	6.5445e+06	
6.57475e+06	6.5615e+06	6.627e+06	6.5345e+06	6.52125e+06	
6.60125e+06	6.53575e+06	6.52375e+06	6.6315e+06	6.5685e+06	
6.50225e+06	6.63975e+06	6.648e+06	6.67425e+06	6.59e+06	
6.49225e+06	6.542e+06	6.59125e+06	6.52625e+06	6.624e+06	
6.544e+06	6.55075e+06	6.7135e+06	6.6265e+06	6.578e+06	
6.5755e+06	6.49025e+06	6.60375e+06	6.50475e+06	6.56225e+06	
6.40975e+06	6.493e+06	6.605e+06	6.56225e+06	6.5295e+06	
6.48725e+06	6.45375e+06	6.41525e+06	6.56975e+06	6.5275e+06	
6.4545e+06	6.423e+06	6.4575e+06	6.45e+06	6.4185e+06	
6.3025e+06	6.3315e+06	6.409e+06	6.3505e+06	6.467e+06	
6.22125e+06	6.26225e+06	6.29375e+06	6.2945e+06	6.23525e+06	
6e+06	6.0555e+06	6.036e+06	6.0095e+06	6.08525e+06	
5.76e+06	5.8305e+06	5.85275e+06	5.83825e+06	5.75125e+06	
5.66925e+06	5.607e+06	5.58425e+06	5.64225e+06	5.63525e+06	
5.69075e+06	5.67875e+06	5.62525e+06	5.67675e+06	5.67175e+06	
5.7505e+06	5.692e+06	5.7165e+06	5.78075e+06	5.75375e+06	
5.85825e+06	5.87475e+06	5.73975e+06	5.883e+06	5.8035e+06	
5.91075e+06	5.9055e+06	5.98375e+06	5.97375e+06	5.9265e+06	
6.07575e+06	6.05625e+06	6.12925e+06	6.14575e+06	6.06875e+06	
6.10525e+06	6.05925e+06	6.1255e+06	6.16275e+06	6.12625e+06	
6.15075e+06	6.1275e+06	6.2635e+06	6.1985e+06	6.1355e+06	
6.2055e+06	6.167e+06	6.22075e+06	6.19675e+06	6.28425e+06	
6.15125e+06	6.188e+06	6.227e+06	6.188e+06	6.2245e+06	
6.21875e+06	6.24275e+06	6.2805e+06	6.3365e+06	6.17725e+06	
6.29e+06	6.27725e+06	6.34175e+06	6.33025e+06	6.24025e+06	
6.2345e+06	6.3365e+06	6.3455e+06	6.2535e+06	6.29e+06	
6.27225e+06	6.23e+06	6.35175e+06	6.346e+06	6.24325e+06	
6.19975e+06	6.2295e+06	6.2565e+06	6.3115e+06	6.23525e+06	
6.2685e+06	6.26425e+06	6.2465e+06	6.34425e+06	6.259e+06	
6.22125e+06	6.1985e+06	6.28625e+06	6.29175e+06	6.23e+06	
6.22e+06	6.2925e+06	6.288e+06	6.372e+06	6.25275e+06	
6.20875e+06	6.2905e+06	6.37575e+06	6.37125e+06	6.26725e+06	
6.1885e+06	6.24025e+06	6.343e+06	6.309e+06	6.25275e+06	
6.121e+06	6.213e+06	6.1955e+06	6.295e+06	6.27875e+06	
6.17775e+06	6.1565e+06	6.18525e+06	6.198e+06	6.19475e+06	
6.0385e+06	6.1065e+06	6.10775e+06	6.18275e+06	6.2075e+06	
6.19175e+06	6.09275e+06	6.21e+06	6.21e+06	6.2025e+06	
6.2155e+06	6.2025e+06	6.12425e+06	6.18025e+06	6.19725e+06	
6.104e+06	6.174e+06	6.21825e+06	6.1835e+06	6.169e+06	
6.11975e+06	6.162e+06	6.09475e+06	6.2445e+06	6.22e+06	
6.11425e+06	6.133e+06	6.1375e+06	6.22325e+06	6.18725e+06	
6.12175e+06	6.10725e+06	6.19475e+06	6.1645e+06	6.167e+06	
6.12625e+06	6.19725e+06	6.13675e+06	6.14625e+06	6.04875e+06	
6.1785e+06	6.13175e+06	6.11975e+06	6.18275e+06	6.10025e+06	
6.04425e+06	6.036e+06	6.10975e+06	6.12925e+06	6.041e+06	
6.00575e+06	6.0745e+06	5.99875e+06	6.13375e+06	6.138e+06	
6.01975e+06	6.063e+06	6.06375e+06	6.13425e+06	6.08775e+06	
5.95025e+06	6.0435e+06	6.07375e+06	6.06875e+06	6.06625e+06	
6.13e+06	6.05875e+06	6.17525e+06	6.11975e+06	6.03425e+06	
5.96725e+06	6.041e+06	5.9925e+06	6.07e+06	6.0865e+06	
6.02475e+06	6.13875e+06	6.0845e+06	6.05875e+06	6.04675e+06	
5.97625e+06	6.0145e+06	6.05875e+06	6.113e+06	6.029e+06	
6.07375e+06	5.98825e+06	6.03725e+06	6.00825e+06	6.0915e+06	
5.95975e+06	5.96675e+06	6.0845e+06	6.072e+06	6.082e+06	
5.93775e+06	5.929e+06	5.97675e+06	6.0605e+06	6.01575e+06	
5.9975e+06	5.90125e+06	6.03925e+06	5.96175e+06	5.971e+06	
5.90675e+06	5.89925e+06	5.97925e+06	6.0215e+06	5.96225e+06	
5.8155e+06	5.915e+06	5.9535e+06	6.0385e+06	5.915e+06	
5.9075e+06	5.88175e+06	5.908e+06	5.917e+06	5.85025e+06	
5.92e+06	5.89675e+06	5.9055e+06	5.9e+06	5.905e+06	
5.80925e+06	5.801e+06	5.8135e+06	5.84125e+06	5.84875e+06	
5.85575e+06	5.78025e+06	5.9005e+06	5.89675e+06	5.92e+06	
5.84e+06	5.8685e+06	5.91575e+06	5.86975e+06	5.842e+06	
5.81925e+06	5.85325e+06	5.87775e+06	5.9515e+06	5.84875e+06	
5.86325e+06	5.8975e+06	5.8805e+06	5.93275e+06	5.86975e+06	
5.83575e+06	5.90375e+06	5.8545e+06	5.88725e+06	5.866e+06	
5.80725e+06	5.87775e+06	5.91075e+06	5.9225e+06	5.925e+06	
5.8035e+06	5.7115e+06	5.85275e+06	5.82925e+06	5.84575e+06	
5.8015e+06	5.6725e+06	5.81475e+06	5.85775e+06	5.7815e+06	
5.7165e+06	5.75625e+06	5.767e+06	5.842e+06	5.779e+06	
5.709e+06	5.80225e+06	5.7865e+06	5.8105e+06	5.7885e+06	
5.75425e+06	5.82875e+06	5.8615e+06	5.818e+06	5.823e+06	
5.71975e+06	5.738e+06	5.835e+06	5.7815e+06	5.74175e+06	
5.779e+06	5.644e+06	5.69125e+06	5.796e+06	5.7335e+06	
5.6095e+06	5.731e+06	5.74175e+06	5.75e+06	5.68325e+06	
5.69125e+06	5.7215e+06	5.7915e+06	5.7695e+06	5.6755e+06	
5.66875e+06	5.75625e+06	5.67425e+06	5.656e+06	5.69375e+06	
5.70775e+06	5.73975e+06	5.7455e+06	5.73975e+06	5.7845e+06	
5.58725e+06	5.6585e+06	5.6925e+06	5.7865e+06	5.6995e+06	
5.60375e+06	5.72475e+06	5.685e+06	5.6875e+06	5.668e+06	
5.6145e+06	5.55775e+06	5.69325e+06	5.714e+06	5.7135e+06	
5.6095e+06	5.63025e+06	5.65975e+06	5.641e+06	5.64975e+06	
5.561e+06	5.544e+06	5.629e+06	5.70525e+06	5.6345e+06	
5.624e+06	5.593e+06	5.64525e+06	5.731e+06	5.60575e+06	
5.57275e+06	5.61825e+06	5.68075e+06	5.62775e+06	5.63025e+06	
5.50175e+06	5.57025e+06	5.54075e+06	5.588e+06	5.605e+06	
5.50925e+06	5.5685e+06	5.68075e+06	5.6245e+06	5.58225e+06	
5.52875e+06	5.489e+06	5.60825e+06	5.678e+06	5.6215e+06	
5.5225e+06	5.506e+06	5.57725e+06	5.60125e+06	5.46325e+06	
5.49225e+06	5.54e+06	5.56725e+06	5.653e+06	5.54825e+06	
5.4525e+06	5.42925e+06	5.56525e+06	5.588e+06	5.54825e+06	
5.421e+06	5.50225e+06	5.474e+06	5.5545e+06	5.45125e+06	
5.498e+06	5.45375e+06	5.49475e+06	5.53075e+06	5.42925e+06	
5.4165e+06	5.44375e+06	5.47025e+06	5.51375e+06	5.5155e+06	
5.4405e+06	5.3095e+06	5.368e+06	5.421e+06	5.37875e+06	
5.3385e+06	5.39275e+06	5.31075e+06	5.43425e+06	5.4455e+06	
5.29125e+06	5.302e+06	5.319e+06	5.31e+06	5.35675e+06	
5.20625e+06	5.22825e+06	5.31575e+06	5.31325e+06	5.31075e+06	
5.341e+06	5.34675e+06	5.32975e+06	5.3365e+06	5.36875e+06	
5.28225e+06	5.261e+06	5.29375e+06	5.32775e+06	5.351e+06	
5.2125e+06	5.2445e+06	5.327e+06	5.31575e+06	5.2635e+06	
5.14825e+06	5.0795e+06	5.147e+06	5.22575e+06	5.152e+06	
4.937e+06	5.08775e+06	5.03975e+06	5.03725e+06	5.031e+06	
4.65675e+06	4.6705e+06	4.7605e+06	4.70325e+06	4.7185e+06	
4.4405e+06	4.474e+06	4.4715e+06	4.4985e+06	4.54075e+06	
4.19925e+06	4.3245e+06	4.33975e+06	4.25725e+06	4.21925e+06	
4.278e+06	4.27475e+06	4.3315e+06	4.40825e+06	4.3365e+06	
4.2755e+06	4.30575e+06	4.3245e+06	4.4065e+06	4.35175e+06	
4.31325e+06	4.3415e+06	4.3825e+06	4.35175e+06	4.3505e+06	
4.2955e+06	4.32775e+06	4.33275e+06	4.35475e+06	4.351e+06	
4.3125e+06	4.32075e+06	4.37875e+06	4.36175e+06	4.382e+06	
4.353e+06	4.37425e+06	4.35225e+06	4.3845e+06	4.351e+06	
4.4385e+06	4.4135e+06	4.3925e+06	4.45625e+06	4.36225e+06	
4.40575e+06	4.419e+06	4.5085e+06	4.44175e+06	4.37175e+06	
4.4575e+06	4.44375e+06	4.4715e+06	4.457e+06	4.445e+06	
4.45e+06	4.45375e+06	4.56075e+06	4.50975e+06	4.5515e+06	
4.566e+06	4.54775e+06	4.554e+06	4.554e+06	4.542e+06	
4.53575e+06	4.48525e+06	4.54125e+06	4.50025e+06	4.48725e+06	
4.59625e+06	4.639e+06	4.622e+06	4.68175e+06	4.5715e+06	
4.59675e+06	4.6025e+06	4.65275e+06	4.71075e+06	4.60675e+06	
4.627e+06	4.58475e+06	4.61575e+06	4.6315e+06	4.57525e+06	
4.50475e+06	4.5345e+06	4.559e+06	4.64975e+06	4.566e+06	
4.54e+06	4.56275e+06	4.651e+06	4.60175e+06	4.59625e+06	
4.5425e+06	4.52625e+06	4.57525e+06	4.52375e+06	4.47575e+06	
4.47325e+06	4.552e+06	4.4865e+06	4.53825e+06	4.506e+06	
4.39125e+06	4.46375e+06	4.42725e+06	4.516e+06	4.4525e+06	
4.3795e+06	4.513e+06	4.42025e+06	4.44675e+06	4.4595e+06	
4.40825e+06	4.4575e+06	4.3995e+06	4.4795e+06	4.42025e+06	
4.4915e+06	4.4505e+06	4.4525e+06	4.40525e+06	4.49225e+06	
4.356e+06	4.397e+06	4.40825e+06	4.44925e+06	4.4355e+06	
4.42725e+06	4.43975e+06	4.47825e+06	4.4745e+06	4.47075e+06	
4.47075e+06	4.35475e+06	4.482e+06	4.50675e+06	4.50175e+06	
4.43475e+06	4.48075e+06	4.409e+06	4.489e+06	4.46325e+06	
4.5685e+06	4.54625e+06	4.5515e+06	4.53375e+06	4.54325e+06	
4.4675e+06	4.45825e+06	4.44625e+06	4.52675e+06	4.49725e+06	
4.549e+06	4.574e+06	4.50975e+06	4.50175e+06	4.53375e+06	
4.54e+06	4.4695e+06	4.4765e+06	4.46375e+06	4.484e+06	
4.37875e+06	4.48575e+06	4.46e+06	4.53825e+06	4.559e+06	
4.44425e+06	4.41525e+06	4.443e+06	4.4595e+06	4.38375e+06	
4.35225e+06	4.2905e+06	4.34275e+06	4.40825e+06	4.4385e+06	
4.30175e+06	4.39125e+06	4.30375e+06	4.358e+06	4.29425e+06	
4.28875e+06	4.35675e+06	4.25975e+06	4.368e+06	4.378e+06	
4.2635e+06	4.37375e+06	4.31825e+06	4.33475e+06	4.34475e+06	
4.1715e+06	4.2325e+06	4.2715e+06	4.2585e+06	4.2785e+06	
4.23e+06	4.24575e+06	4.266e+06	4.19675e+06	4.31125e+06	
4.14925e+06	4.13875e+06	4.21625e+06	4.24575e+06	4.14675e+06	
4.1795e+06	4.21625e+06	4.189e+06	4.22825e+06	4.17775e+06	
4.17075e+06	4.12975e+06	4.1185e+06	4.21625e+06	4.10775e+06	
4.09825e+06	4.12225e+06	4.0965e+06	4.20475e+06	4.12925e+06	
4.063e+06	4.08125e+06	4.13175e+06	4.13875e+06	4.11275e+06	
4.0315e+06	4.03275e+06	4.11525e+06	4.0725e+06	4.07575e+06	
4.03025e+06	4.10025e+06	4.13625e+06	4.15825e+06	4.12175e+06	
4.08625e+06	4.1405e+06	4.077e+06	4.1355e+06	4.1255e+06	
4.1235e+06	4.09275e+06	4.116e+06	4.14875e+06	4.12725e+06	
4.09325e+06	4.13225e+06	4.13225e+06	4.135e+06	4.09025e+06	
4.085e+06	4.0995e+06	4.123e+06	4.1645e+06	4.1475e+06	
4.135e+06	4.11275e+06	4.0745e+06	4.1405e+06	4.13225e+06	
4.11475e+06	4.0825e+06	4.10525e+06	4.11525e+06	4.128e+06	
4.09325e+06	4.0535e+06	4.121e+06	4.131e+06	4.13175e+06	
4.043e+06	4.065e+06	4.08125e+06	4.11925e+06	4.01825e+06	
4.1015e+06	3.997e+06	4.06125e+06	4.13225e+06	4.0435e+06	
4.05875e+06	4.04975e+06	4.03975e+06	4.065e+06	4.0095e+06	
4.01575e+06	4.00825e+06	4.05725e+06	4.06125e+06	4.085e+06	
4.058e+06	4.024e+06	3.995e+06	4.0795e+06	4.024e+06	
4.06675e+06	3.99425e+06	4.077e+06	4.09575e+06	4.1085e+06	
4e+06	3.98175e+06	3.9635e+06	4.031e+06	3.9785e+06	
3.96225e+06	3.99425e+06	4.02575e+06	4.0675e+06	3.983e+06	
3.947e+06	4.0415e+06	4.02325e+06	3.93575e+06	3.9705e+06	
3.898e+06	3.95025e+06	3.927e+06	4.0095e+06	3.959e+06	
3.9275e+06	3.9615e+06	3.99825e+06	3.97475e+06	3.98375e+06	
3.855e+06	4.00075e+06	3.9705e+06	3.95225e+06	3.96925e+06	
3.8905e+06	3.94275e+06	3.903e+06	4.01575e+06	3.9005e+06	
3.86525e+06	3.88475e+06	3.91175e+06	3.901e+06	3.922e+06	
3.91125e+06	3.8905e+06	3.92825e+06	3.95775e+06	3.9995e+06	
3.88775e+06	3.89725e+06	3.88925e+06	3.922e+06	3.9035e+06	
3.82425e+06	3.89425e+06	3.9345e+06	3.96225e+06	3.93525e+06	
3.843e+06	3.86275e+06	3.87725e+06	3.9005e+06	3.8645e+06	
3.8695e+06	3.88275e+06	3.8905e+06	3.847e+06	3.855e+06	
3.8495e+06	3.79275e+06	3.862e+06	3.90675e+06	3.876e+06	
3.82675e+06	3.8375e+06	3.777e+06	3.8475e+06	3.80275e+06	
3.7985e+06	3.821e+06	3.826e+06	3.87275e+06	3.85375e+06	
3.76875e+06	3.73475e+06	3.77825e+06	3.77375e+06	3.748e+06	
3.705e+06	3.7775e+06	3.76625e+06	3.80725e+06	3.75625e+06	
3.7895e+06	3.75875e+06	3.71525e+06	3.7e+06	3.7235e+06	
3.73675e+06	3.70325e+06	3.71825e+06	3.74475e+06	3.77625e+06	
3.714e+06	3.74675e+06	3.7265e+06	3.7675e+06	3.77575e+06	
3.73025e+06	3.659e+06	3.68125e+06	3.7455e+06	3.72525e+06	
3.661e+06	3.6855e+06	3.62825e+06	3.697e+06	3.661e+06	
3.61375e+06	3.62075e+06	3.68875e+06	3.661e+06	3.685e+06	
3.59475e+06	3.56025e+06	3.6145e+06	3.63525e+06	3.62575e+06	
3.59475e+06	3.58725e+06	3.58475e+06	3.6605e+06	3.57275e+06	
3.55e+06	3.56075e+06	3.56575e+06	3.60425e+06	3.511e+06	
3.504e+06	3.47075e+06	3.528e+06	3.484e+06	3.50925e+06	
3.3465e+06	3.3995e+06	3.378e+06	3.3705e+06	3.33325e+06	
3.269e+06	3.26975e+06	3.26275e+06	3.28675e+06	3.305e+06	
3.1595e+06	3.1255e+06	3.10275e+06	3.1695e+06	3.14e+06	
3.07425e+06	3.107e+06	3.09575e+06	3.094e+06	3.056e+06	
2.99425e+06	2.993e+06	3.019e+06	2.99425e+06	2.973e+06	
2.8955e+06	2.88025e+06	2.8985e+06	2.9465e+06	2.9295e+06	
2.85325e+06	2.84825e+06	2.8715e+06	2.8645e+06	2.94025e+06	
2.81975e+06	2.785e+06	2.8645e+06	2.86775e+06	2.826e+06	
2.821e+06	2.76425e+06	2.84825e+06	2.80475e+06	2.8235e+06	
2.7485e+06	2.768e+06	2.78075e+06	2.79775e+06	2.80075e+06	
2.76925e+06	2.7745e+06	2.82175e+06	2.809e+06	2.79775e+06	
2.77625e+06	2.76625e+06	2.833e+06	2.80975e+06	2.77325e+06	
2.811e+06	2.84675e+06	2.84e+06	2.83875e+06	2.82175e+06	
2.881e+06	2.91675e+06	2.92e+06	2.9495e+06	2.88225e+06	
2.95725e+06	2.97025e+06	2.99425e+06	3.07625e+06	3.00325e+06	
3.015e+06	3.03525e+06	3.048e+06	3.1475e+06	3.0335e+06	
3.0945e+06	3.13475e+06	3.128e+06	3.145e+06	3.1255e+06	
3.182e+06	3.11725e+06	3.165e+06	3.172e+06	3.19775e+06	
3.14175e+06	3.1115e+06	3.1765e+06	3.1595e+06	3.16625e+06	
3.09775e+06	3.11225e+06	3.1505e+06	3.1385e+06	3.12725e+06	
2.993e+06	3.0385e+06	3.12675e+06	3.0655e+06	3.102e+06	
2.93075e+06	2.9495e+06	2.944e+06	2.99875e+06	2.949e+06	
2.9295e+06	2.91925e+06	2.9155e+06	2.95325e+06	2.93075e+06	
2.90675e+06	2.89425e+06	2.95025e+06	2.88275e+06	2.90475e+06	
2.87325e+06	2.86525e+06	2.87575e+06	2.9515e+06	2.869e+06	
2.82475e+06	2.8525e+06	2.82225e+06	2.8935e+06	2.87275e+06	
2.80725e+06	2.85575e+06	2.84675e+06	2.88025e+06	2.838e+06	
2.83675e+06	2.81525e+06	2.87025e+06	2.85375e+06	2.826e+06	
2.818e+06	2.8205e+06	2.913e+06	2.87525e+06	2.85e+06	
2.87075e+06	2.78075e+06	2.852e+06	2.86075e+06	2.87825e+06	
2.89925e+06	2.8955e+06	2.88025e+06	2.85575e+06	2.9205e+06	
2.826e+06	2.862e+06	2.86775e+06	2.874e+06	2.91125e+06	
2.8375e+06	2.86825e+06	2.84e+06	2.89475e+06	2.8645e+06	
2.7825e+06	2.83925e+06	2.7795e+06	2.797e+06	2.81975e+06	
2.74475e+06	2.80525e+06	2.84625e+06	2.8165e+06	2.833e+06	
2.8355e+06	2.816e+06	2.792e+06	2.86075e+06	2.85875e+06	
2.84825e+06	2.80225e+06	2.81725e+06	2.8015e+06	2.84825e+06	
2.76925e+06	2.79775e+06	2.84375e+06	2.84625e+06	2.81475e+06	
2.81525e+06	2.80075e+06	2.84625e+06	2.8035e+06	2.79325e+06	
2.7675e+06	2.804e+06	2.7725e+06	2.80475e+06	2.789e+06	
2.8405e+06	2.85075e+06	2.845e+06	2.8595e+06	2.828e+06	
2.8255e+06	2.845e+06	2.82475e+06	2.85875e+06	2.81275e+06	
2.7895e+06	2.82925e+06	2.872e+06	2.87325e+06	2.7895e+06	
2.78375e+06	2.81275e+06	2.82425e+06	2.8595e+06	2.809e+06	
2.81925e+06	2.79075e+06	2.823e+06	2.8135e+06	2.8575e+06	
2.81525e+06	2.8205e+06	2.82975e+06	2.8085e+06	2.83925e+06	
2.85575e+06	2.831e+06	2.86775e+06	2.8935e+06	2.89975e+06	
2.8665e+06	2.8765e+06	2.94075e+06	2.87075e+06	2.9055e+06	
2.91175e+06	2.92e+06	2.94575e+06	2.9055e+06	2.9345e+06	
2.9345e+06	2.9465e+06	2.964e+06	2.9805e+06	2.9635e+06	
2.98175e+06	2.93875e+06	3.00375e+06	2.98925e+06	2.99125e+06	
2.97675e+06	3.01075e+06	3.01375e+06	3.0195e+06	3.05175e+06	
3.03475e+06	2.98675e+06	3.0465e+06	3.046e+06	3.02275e+06	
3.03075e+06	3.02025e+06	3.05925e+06	3.063e+06	3.04225e+06	
3.075e+06	3.08375e+06	3.12425e+06	3.04525e+06	3.048e+06	
3.00825e+06	3.00575e+06	3.05925e+06	3.0775e+06	3.0265e+06	
2.9905e+06	3.02275e+06	3.03775e+06	3.012e+06	2.99875e+06	
2.98675e+06	3.01825e+06	3.01375e+06	3.0075e+06	3.0145e+06	
2.976e+06	2.96525e+06	3.024e+06	3.03075e+06	3.04975e+06	
2.98175e+06	2.98875e+06	3.01375e+06	3.04725e+06	3.002e+06	
2.95075e+06	2.93325e+06	2.96225e+06	2.96525e+06	2.971e+06	
2.93075e+06	2.983e+06	2.954e+06	2.9755e+06	2.95725e+06	
2.9085e+06	2.99625e+06	2.97225e+06	3.012e+06	2.97425e+06	
2.961e+06	3.005e+06	2.98225e+06	3.0465e+06	2.9755e+06	
3.0245e+06	2.99625e+06	3.08825e+06	3.0625e+06	3.02075e+06	
3.0075e+06	3.00875e+06	3.00575e+06	3.07175e+06	3.03275e+06	
2.89925e+06	2.9495e+06	3.0045e+06	2.966e+06	2.949e+06	
2.92125e+06	2.889e+06	2.93e+06	2.983e+06	2.9325e+06	
2.942e+06	2.94525e+06	2.95525e+06	2.90925e+06	2.98875e+06	
2.97175e+06	2.9155e+06	2.959e+06	2.998e+06	2.923e+06	
2.935e+06	2.97725e+06	2.93325e+06	2.96975e+06	2.98425e+06	
2.96775e+06	2.9375e+06	2.99925e+06	2.995e+06	2.993e+06	
2.9275e+06	2.94775e+06	2.99625e+06	2.9585e+06	2.89275e+06	
2.90725e+06	2.9205e+06	2.95325e+06	2.99175e+06	2.96725e+06	
2.8545e+06	2.9155e+06	2.906e+06	2.9635e+06	2.9545e+06	
2.889e+06	2.9125e+06	2.93075e+06	2.94775e+06	2.959e+06	
2.93325e+06	2.88025e+06	2.9125e+06	2.94025e+06	2.889e+06	
2.91675e+06	2.9495e+06	2.88025e+06	2.947e+06	2.90925e+06	
2.92825e+06	2.9055e+06	2.879e+06	2.92e+06	2.91125e+06	
2.93825e+06	2.92825e+06	2.95775e+06	2.9685e+06	2.9755e+06	
2.92e+06	2.94325e+06	2.961e+06	2.91675e+06	2.99675e+06	
2.92175e+06	2.9445e+06	2.97225e+06	2.95325e+06	2.97675e+06	
2.98675e+06	2.95275e+06	2.91925e+06	2.959e+06	3.007e+06	
2.88525e+06	2.981e+06	2.98675e+06	2.9635e+06	2.95525e+06	
2.908e+06	2.976e+06	2.9395e+06	2.9735e+06	2.94575e+06	
2.9585e+06	2.90925e+06	2.93575e+06	2.94775e+06	2.95275e+06	
2.91875e+06	2.88975e+06	2.91e+06	2.9395e+06	2.91625e+06	
2.88725e+06	2.9055e+06	2.9415e+06	2.8985e+06	2.95275e+06	
2.937e+06	2.961e+06	2.9225e+06	2.87775e+06	2.97725e+06	
2.9105e+06	2.89425e+06	2.944e+06	2.92175e+06	2.93075e+06	
2.913e+06	2.88725e+06	2.9585e+06	2.8865e+06	2.942e+06	
2.90475e+06	2.86125e+06	2.87775e+06	2.9275e+06	2.8935e+06	
2.86125e+06	2.9005e+06	2.8595e+06	2.9035e+06	2.889e+06	
2.87575e+06	2.908e+06	2.91925e+06	2.9205e+06	2.89975e+06	
2.90925e+06	2.9225e+06	2.8985e+06	2.88475e+06	2.93575e+06	
2.86775e+06	2.84875e+06	2.923e+06	2.84675e+06	2.88225e+06	
2.8525e+06	2.82175e+06	2.87275e+06	2.8815e+06	2.8935e+06	
2.838e+06	2.88025e+06	2.9155e+06	2.88725e+06	2.87075e+06	
2.88225e+06	2.8525e+06	2.862e+06	2.90675e+06	2.85e+06	
2.79025e+06	2.86125e+06	2.85075e+06	2.84625e+06	2.84e+06	
2.84125e+06	2.789e+06	2.8765e+06	2.84e+06	2.85e+06	
2.787e+06	2.82725e+06	2.8425e+06	2.804e+06	2.81525e+06	
2.85575e+06	2.83875e+06	2.81225e+06	2.80225e+06	2.7485e+06	
2.78825e+06	2.78825e+06	2.80475e+06	2.799e+06	2.85e+06	
2.775e+06	2.82675e+06	2.7675e+06	2.84825e+06	2.84125e+06	
2.726e+06	2.75425e+06	2.818e+06	2.831e+06	2.806e+06	
2.77825e+06	2.8035e+06	2.76425e+06	2.81725e+06	2.843e+06	
2.75225e+06	2.79775e+06	2.79325e+06	2.78575e+06	2.806e+06	
2.7625e+06	2.794e+06	2.816e+06	2.768e+06	2.753e+06	
2.741e+06	2.76925e+06	2.76375e+06	2.7825e+06	2.8165e+06	
2.763e+06	2.78075e+06	2.7915e+06	2.809e+06	2.80025e+06	
2.74475e+06	2.75225e+06	2.73525e+06	2.7845e+06	2.69425e+06	
2.6855e+06	2.741e+06	2.72975e+06	2.72325e+06	2.76e+06	
2.74725e+06	2.78325e+06	2.76125e+06	2.77625e+06	2.77125e+06	
2.705e+06	2.73025e+06	2.753e+06	2.75625e+06	2.7455e+06	
2.68425e+06	2.71325e+06	2.7505e+06	2.77575e+06	2.7775e+06	
2.73225e+06	2.77e+06	2.74725e+06	2.76175e+06	2.73725e+06	
2.73275e+06	2.72525e+06	2.71325e+06	2.758e+06	2.68675e+06	
2.72725e+06	2.72325e+06	2.73025e+06	2.763e+06	2.71025e+06	
2.71075e+06	2.746e+06	2.69425e+06	2.7265e+06	2.707e+06	
2.65775e+06	2.695e+06	2.72325e+06	2.73475e+06	2.6855e+06	
2.66675e+06	2.654e+06	2.707e+06	2.70125e+06	2.68675e+06	
2.7285e+06	2.6705e+06	2.7025e+06	2.65025e+06	2.7195e+06	
2.6755e+06	2.676e+06	2.6905e+06	2.7045e+06	2.6565e+06	
2.6785e+06	2.6635e+06	2.62875e+06	2.64975e+06	2.6705e+06	
2.6735e+06	2.649e+06	2.632e+06	2.6905e+06	2.656e+06	
2.644e+06	2.6705e+06	2.654e+06	2.65725e+06	2.6325e+06	
2.6445e+06	2.66975e+06	2.576e+06	2.65225e+06	2.67925e+06	
2.5905e+06	2.55e+06	2.598e+06	2.6125e+06	2.5985e+06	
2.472e+06	2.506e+06	2.484e+06	2.489e+06	2.54e+06	
2.2715e+06	2.32775e+06	2.325e+06	2.27275e+06	2.26525e+06	
1.9835e+06	1.9715e+06	2.0125e+06	2.00625e+06	2.00425e+06	
1.71525e+06	1.71e+06	1.719e+06	1.75675e+06	1.72025e+06	
1.46625e+06	1.465e+06	1.47125e+06	1.47e+06	1.4405e+06	
1.28975e+06	1.28675e+06	1.2985e+06	1.30375e+06	1.30875e+06	
1.211e+06	1.2065e+06	1.2065e+06	1.23425e+06	1.20525e+06	
1.24125e+06	1.2665e+06	1.252e+06	1.269e+06	1.24625e+06	
1.344e+06	1.35775e+06	1.347e+06	1.33825e+06	1.35775e+06	
1.45625e+06	1.43525e+06	1.45225e+06	1.47075e+06	1.4725e+06	
1.509e+06	1.47375e+06	1.4895e+06	1.487e+06	1.49825e+06	
1.494e+06	1.48125e+06	1.504e+06	1.5015e+06	1.48325e+06	
1.4775e+06	1.49275e+06	1.53925e+06	1.52175e+06	1.47875e+06	
1.50225e+06	1.47375e+06	1.509e+06	1.48575e+06	1.48775e+06	
1.509e+06	1.45225e+06	1.501e+06	1.51525e+06	1.47575e+06	
1.4965e+06	1.48375e+06	1.501e+06	1.49325e+06	1.5065e+06	
1.5595e+06	1.49775e+06	1.52675e+06	1.52925e+06	1.54825e+06	
1.55e+06	1.56275e+06	1.60225e+06	1.61625e+06	1.591e+06	
1.62175e+06	1.63125e+06	1.62e+06	1.635e+06	1.64325e+06	
1.7145e+06	1.73025e+06	1.67675e+06	1.72275e+06	1.7145e+06	
1.765e+06	1.80775e+06	1.77375e+06	1.809e+06	1.775e+06	
1.84925e+06	1.85e+06	1.8885e+06	1.88475e+06	1.87025e+06	
1.9255e+06	1.8475e+06	1.8985e+06	1.94075e+06	1.90925e+06	
2.01325e+06	1.94825e+06	1.98175e+06	2.012e+06	1.99125e+06	
2.029e+06	2.03725e+06	2.0805e+06	2.05975e+06	2.0555e+06	
2.08825e+06	2.08175e+06	2.11275e+06	2.095e+06	2.116e+06	
2.11025e+06	2.16e+06	2.15875e+06	2.18325e+06	2.184e+06	
2.218e+06	2.218e+06	2.228e+06	2.21675e+06	2.177e+06	
2.26525e+06	2.23425e+06	2.26325e+06	2.24575e+06	2.25825e+06	
2.2645e+06	2.32125e+06	2.25275e+06	2.26575e+06	2.293e+06	
2.29425e+06	2.27975e+06	2.30125e+06	2.27725e+06	2.29925e+06	
2.27725e+06	2.2545e+06	2.2765e+06	2.325e+06	2.288e+06	
2.28225e+06	2.2975e+06	2.32625e+06	2.3245e+06	2.33075e+06	
2.29425e+06	2.288e+06	2.34525e+06	2.31625e+06	2.3125e+06	
2.35475e+06	2.30625e+06	2.322e+06	2.33275e+06	2.332e+06	
2.31375e+06	2.31325e+06	2.334e+06	2.342e+06	2.3365e+06	
2.32825e+06	2.36225e+06	2.34025e+06	2.36225e+06	2.3435e+06	
2.29925e+06	2.29175e+06	2.32775e+06	2.325e+06	2.33075e+06	
2.32375e+06	2.28925e+06	2.3485e+06	2.3225e+06	2.33325e+06	
2.276e+06	2.31e+06	2.3075e+06	2.3105e+06	2.30125e+06	
2.3075e+06	2.29675e+06	2.39075e+06	2.3125e+06	2.2785e+06	
2.254e+06	2.29875e+06	2.322e+06	2.2975e+06	2.3105e+06	
2.2495e+06	2.2975e+06	2.245e+06	2.3145e+06	2.31825e+06	
2.26725e+06	2.27975e+06	2.28175e+06	2.3005e+06	2.27525e+06	
2.26725e+06	2.29175e+06	2.283e+06	2.28925e+06	2.276e+06	
2.28425e+06	2.29475e+06	2.2765e+06	2.30925e+06	2.26725e+06	
2.24825e+06	2.2445e+06	2.24825e+06	2.23125e+06	2.211e+06	
2.28675e+06	2.27275e+06	2.288e+06	2.2495e+06	2.21475e+06	
2.23125e+06	2.2225e+06	2.2205e+06	2.26275e+06	2.274e+06	
2.2375e+06	2.23175e+06	2.22625e+06	2.276e+06	2.2495e+06	
2.184e+06	2.2035e+06	2.21175e+06	2.21175e+06	2.28425e+06	
2.24575e+06	2.18975e+06	2.204e+06	2.242e+06	2.21425e+06	
2.194e+06	2.201e+06	2.20225e+06	2.20225e+06	2.22875e+06	
2.2595e+06	2.2475e+06	2.21175e+06	2.264e+06	2.223e+06	
2.21225e+06	2.2185e+06	2.25575e+06	2.21675e+06	2.25e+06	
2.21225e+06	2.21925e+06	2.211e+06	2.22875e+06	2.2305e+06	
2.2155e+06	2.22125e+06	2.225e+06	2.25275e+06	2.1935e+06	
2.191e+06	2.1965e+06	2.20475e+06	2.177e+06	2.208e+06	
2.17575e+06	2.17325e+06	2.2275e+06	2.2395e+06	2.20925e+06	
2.20225e+06	2.199e+06	2.1725e+06	2.20725e+06	2.2035e+06	
2.182e+06	2.16575e+06	2.17e+06	2.18775e+06	2.1725e+06	
2.155e+06	2.19025e+06	2.1845e+06	2.1985e+06	2.218e+06	
2.155e+06	2.1645e+06	2.1795e+06	2.182e+06	2.2105e+06	
2.1865e+06	2.14625e+06	2.18325e+06	2.20975e+06	2.18975e+06	
2.16575e+06	2.1795e+06	2.17125e+06	2.158e+06	2.1575e+06	
2.1265e+06	2.13975e+06	2.165e+06	2.15375e+06	2.17775e+06	
2.17e+06	2.14625e+06	2.148e+06	2.16e+06	2.13975e+06	
2.1475e+06	2.14175e+06	2.17575e+06	2.14425e+06	2.1385e+06	
2.138e+06	2.1795e+06	2.17375e+06	2.17575e+06	2.18575e+06	
2.12975e+06	2.133e+06	2.13675e+06	2.1525e+06	2.1625e+06	
2.14925e+06	2.126e+06	2.141e+06	2.12525e+06	2.12725e+06	
2.13725e+06	2.14925e+06	2.136e+06	2.17125e+06	2.1475e+06	
2.1525e+06	2.1505e+06	2.126e+06	2.1215e+06	2.12775e+06	
2.068e+06	2.08875e+06	2.18325e+06	2.16125e+06	2.1675e+06	
2.0755e+06	2.087e+06	2.148e+06	2.1045e+06	2.13225e+06	
2.1215e+06	2.12025e+06	2.13175e+06	2.1525e+06	2.10825e+06	
2.07925e+06	2.11775e+06	2.11775e+06	2.12925e+06	2.14875e+06	
2.08825e+06	2.102e+06	2.0875e+06	2.16075e+06	2.1285e+06	
2.0925e+06	2.12525e+06	2.126e+06	2.1505e+06	2.1335e+06	
2.05725e+06	2.07175e+06	2.12725e+06	2.05025e+06	2.0515e+06	
2.0875e+06	2.0895e+06	2.138e+06	2.13475e+06	2.04975e+06	
2.092e+06	2.097e+06	2.1675e+06	2.13925e+06	2.1065e+06	
2.0725e+06	2.0895e+06	2.0895e+06	2.087e+06	2.119e+06	
2.02775e+06	2.04775e+06	2.07625e+06	2.1045e+06	2.07e+06	
2.0515e+06	2.09075e+06	2.13475e+06	2.07875e+06	2.0655e+06	
2.04025e+06	2.07425e+06	2.0655e+06	2.1095e+06	2.08175e+06	
2.0605e+06	2.034e+06	2.0555e+06	2.08375e+06	2.08625e+06	
2.0315e+06	2.0415e+06	2.0365e+06	2.0605e+06	2.03575e+06	
2.00175e+06	2.01825e+06	2.0485e+06	2.0895e+06	2.06675e+06	
2.015e+06	2.0055e+06	2.01125e+06	2.0345e+06	2.027e+06	
2.0295e+06	2.01875e+06	2.032e+06	2.024e+06	2.03775e+06	
2.0535e+06	2.01625e+06	2.05225e+06	2.056e+06	2.0055e+06	
2.0315e+06	2.01e+06	2.0215e+06	2.03975e+06	2.032e+06	
1.9595e+06	1.95775e+06	2.02575e+06	2.029e+06	1.98475e+06	
1.9955e+06	1.9905e+06	1.97475e+06	2.0215e+06	2.015e+06	
2e+06	1.947e+06	1.966e+06	1.9885e+06	1.9755e+06	
1.9715e+06	1.94325e+06	1.93575e+06	1.98425e+06	1.978e+06	
1.95075e+06	1.95525e+06	2e+06	1.918e+06	1.971e+06	
1.9665e+06	1.93875e+06	1.95775e+06	1.9395e+06	1.954e+06	
1.89975e+06	1.95775e+06	1.95525e+06	1.97225e+06	1.954e+06	
1.99425e+06	1.94525e+06	1.9595e+06	1.97975e+06	1.96025e+06	
1.9445e+06	1.9295e+06	1.9395e+06	1.9345e+06	1.9135e+06	
1.9055e+06	1.9325e+06	1.90225e+06	1.91425e+06	1.93325e+06	
1.92425e+06	1.8815e+06	1.8985e+06	1.911e+06	1.894e+06	
1.90725e+06	1.90725e+06	1.8745e+06	1.91875e+06	1.923e+06	
1.87025e+06	1.88075e+06	1.891e+06	1.88725e+06	1.867e+06	
1.89475e+06	1.85325e+06	1.877e+06	1.9275e+06	1.86375e+06	
1.8525e+06	1.88975e+06	1.87825e+06	1.88975e+06	1.89275e+06	
1.88725e+06	1.86075e+06	1.89925e+06	1.89525e+06	1.85325e+06	
1.88725e+06	1.843e+06	1.8795e+06	1.874e+06	1.8965e+06	
1.8625e+06	1.855e+06	1.8815e+06	1.8745e+06	1.8645e+06	
1.8545e+06	1.88775e+06	1.8835e+06	1.87825e+06	1.85825e+06	
1.8715e+06	1.8645e+06	1.889e+06	1.92125e+06	1.869e+06	
1.8505e+06	1.88775e+06	1.891e+06	1.8525e+06	1.845e+06	
1.86575e+06	1.83875e+06	1.8645e+06	1.83175e+06	1.8545e+06	
1.7945e+06	1.7995e+06	1.85325e+06	1.8545e+06	1.83425e+06	
1.78625e+06	1.82725e+06	1.80725e+06	1.87275e+06	1.831e+06	
1.81275e+06	1.804e+06	1.84675e+06	1.8285e+06	1.82025e+06	
1.84e+06	1.7945e+06	1.82725e+06	1.816e+06	1.826e+06	
1.7995e+06	1.8065e+06	1.82425e+06	1.794e+06	1.8355e+06	
1.83475e+06	1.8375e+06	1.80725e+06	1.79775e+06	1.82025e+06	
1.823e+06	1.82475e+06	1.845e+06	1.8045e+06	1.81275e+06	
1.8335e+06	1.83175e+06	1.799e+06	1.81525e+06	1.82225e+06	
1.81475e+06	1.787e+06	1.8085e+06	1.84675e+06	1.794e+06	
1.787e+06	1.8165e+06	1.819e+06	1.8115e+06	1.80075e+06	
1.80725e+06	1.78825e+06	1.81475e+06	1.81475e+06	1.84125e+06	
1.74025e+06	1.7605e+06	1.763e+06	1.80725e+06	1.77825e+06	
1.7485e+06	1.7725e+06	1.785e+06	1.748e+06	1.74925e+06	
1.7555e+06	1.76175e+06	1.80525e+06	1.7825e+06	1.7385e+06	
1.739e+06	1.72575e+06	1.765e+06	1.79275e+06	1.746e+06	
1.719e+06	1.751e+06	1.76175e+06	1.7265e+06	1.722e+06	
1.751e+06	1.751e+06	1.78125e+06	1.72775e+06	1.78125e+06	
1.71075e+06	1.719e+06	1.70625e+06	1.741e+06	1.75925e+06	
1.751e+06	1.72275e+06	1.77175e+06	1.758e+06	1.7585e+06	
1.73775e+06	1.68425e+06	1.6975e+06	1.75425e+06	1.72325e+06	
1.7025e+06	1.6955e+06	1.70125e+06	1.676e+06	1.69625e+06	
1.659e+06	1.69425e+06	1.7095e+06	1.73225e+06	1.68675e+06	
1.7045e+06	1.671e+06	1.68625e+06	1.74225e+06	1.7e+06	
1.69925e+06	1.693e+06	1.67225e+06	1.698e+06	1.68675e+06	
1.70825e+06	1.69e+06	1.72575e+06	1.71e+06	1.69425e+06	
1.683e+06	1.66025e+06	1.66225e+06	1.67225e+06	1.67225e+06	
1.70625e+06	1.62825e+06	1.6785e+06	1.676e+06	1.64325e+06	
1.65975e+06	1.666e+06	1.661e+06	1.69375e+06	1.66775e+06	
1.642e+06	1.64025e+06	1.6955e+06	1.68175e+06	1.71125e+06	
1.6665e+06	1.66775e+06	1.6755e+06	1.6565e+06	1.65725e+06	
1.6705e+06	1.64025e+06	1.63625e+06	1.69925e+06	1.6465e+06	
1.652e+06	1.6685e+06	1.64825e+06	1.6585e+06	1.65325e+06	
1.6465e+06	1.67725e+06	1.64575e+06	1.66975e+06	1.649e+06	
1.67175e+06	1.664e+06	1.66025e+06	1.64825e+06	1.67975e+06	
1.63825e+06	1.654e+06	1.6515e+06	1.647e+06	1.62625e+06	
1.654e+06	1.6465e+06	1.6345e+06	1.65475e+06	1.632e+06	
1.63625e+06	1.59675e+06	1.64825e+06	1.61925e+06	1.642e+06	
1.6055e+06	1.5885e+06	1.65725e+06	1.649e+06	1.62175e+06	
1.61675e+06	1.63075e+06	1.596e+06	1.5955e+06	1.6375e+06	
1.58525e+06	1.5955e+06	1.62175e+06	1.62375e+06	1.64075e+06	
1.6055e+06	1.574e+06	1.57725e+06	1.61375e+06	1.5935e+06	
1.5915e+06	1.61625e+06	1.59425e+06	1.5935e+06	1.58225e+06	
1.5715e+06	1.56e+06	1.59225e+06	1.58275e+06	1.58475e+06	
1.56825e+06	1.555e+06	1.574e+06	1.58775e+06	1.56325e+06	
1.56275e+06	1.5285e+06	1.581e+06	1.589e+06	1.564e+06	
1.58525e+06	1.53425e+06	1.5305e+06	1.55e+06	1.5665e+06	
1.5405e+06	1.52975e+06	1.538e+06	1.57025e+06	1.57725e+06	
1.5355e+06	1.5425e+06	1.55075e+06	1.535e+06	1.53675e+06	
1.526e+06	1.52975e+06	1.533e+06	1.5525e+06	1.564e+06	
1.55375e+06	1.55325e+06	1.52475e+06	1.57325e+06	1.5205e+06	
1.521e+06	1.52175e+06	1.53875e+06	1.52225e+06	1.51275e+06	
1.48825e+06	1.51975e+06	1.52975e+06	1.501e+06	1.50275e+06	
1.48075e+06	1.46925e+06	1.468e+06	1.48325e+06	1.4775e+06	
1.4865e+06	1.46675e+06	1.46925e+06	1.4555e+06	1.5015e+06	
1.431e+06	1.42775e+06	1.46675e+06	1.46425e+06	1.46175e+06	
1.45225e+06	1.44225e+06	1.402e+06	1.47825e+06	1.44425e+06	
1.4045e+06	1.42025e+06	1.3925e+06	1.44725e+06	1.42525e+06	
1.41075e+06	1.40625e+06	1.4145e+06	1.4285e+06	1.39875e+06	
1.388e+06	1.39875e+06	1.39875e+06	1.38675e+06	1.393e+06	
1.368e+06	1.34525e+06	1.37875e+06	1.38125e+06	1.371e+06	
1.34325e+06	1.35225e+06	1.3585e+06	1.37175e+06	1.317e+06	
1.332e+06	1.3565e+06	1.30875e+06	1.33825e+06	1.32125e+06	
1.31e+06	1.33075e+06	1.3295e+06	1.34275e+06	1.33075e+06	
1.3175e+06	1.30675e+06	1.308e+06	1.30925e+06	1.305e+06	
1.2835e+06	1.315e+06	1.3245e+06	1.2765e+06	1.308e+06	
1.269e+06	1.286e+06	1.29175e+06	1.29925e+06	1.257e+06	
1.2785e+06	1.2955e+06	1.2905e+06	1.2905e+06	1.28675e+06	
1.271e+06	1.303e+06	1.2885e+06	1.29225e+06	1.2815e+06	
1.27475e+06	1.2595e+06	1.28525e+06	1.28975e+06	1.2835e+06	
1.25125e+06	1.25325e+06	1.28975e+06	1.2885e+06	1.30175e+06	
1.281e+06	1.2955e+06	1.305e+06	1.28975e+06	1.305e+06	
1.28025e+06	1.25125e+06	1.29175e+06	1.29175e+06	1.2985e+06	
1.2955e+06	1.28525e+06	1.28025e+06	1.31e+06	1.30625e+06	
1.2645e+06	1.3025e+06	1.2665e+06	1.30875e+06	1.298e+06	
1.2545e+06	1.2665e+06	1.26575e+06	1.303e+06	1.27975e+06	
1.269e+06	1.293e+06	1.296e+06	1.276e+06	1.271e+06	
1.30675e+06	1.2935e+06	1.28975e+06	1.2935e+06	1.274e+06	
1.3055e+06	1.29425e+06	1.308e+06	1.34025e+06	1.30175e+06	
1.32875e+06	1.36925e+06	1.3465e+06	1.366e+06	1.337e+06	
1.34275e+06	1.32375e+06	1.3445e+06	1.351e+06	1.35775e+06	
1.334e+06	1.30425e+06	1.35725e+06	1.32825e+06	1.32075e+06	
1.296e+06	1.31425e+06	1.334e+06	1.3395e+06	1.32375e+06	
1.2905e+06	1.2885e+06	1.28925e+06	1.30875e+06	1.276e+06	
1.2665e+06	1.22875e+06	1.2715e+06	1.2665e+06	1.26575e+06	
1.194e+06	1.20475e+06	1.213e+06	1.2425e+06	1.21175e+06	
1.19475e+06	1.1915e+06	1.16625e+06	1.172e+06	1.196e+06	
1.15925e+06	1.1675e+06	1.192e+06	1.19025e+06	1.201e+06	
1.201e+06	1.22625e+06	1.199e+06	1.2035e+06	1.2275e+06	
1.2985e+06	1.2355e+06	1.2695e+06	1.218e+06	1.24375e+06	
1.257e+06	1.27775e+06	1.27275e+06	1.22875e+06	1.24825e+06	
1.30175e+06	1.25325e+06	1.291e+06	1.327e+06	1.2885e+06	
1.288e+06	1.31175e+06	1.27525e+06	1.2815e+06	1.29225e+06	
1.27225e+06	1.27225e+06	1.30375e+06	1.28475e+06	1.28675e+06	
1.2905e+06	1.28675e+06	1.30875e+06	1.2815e+06	1.29725e+06	
1.286e+06	1.269e+06	1.3055e+06	1.31375e+06	1.26275e+06	
1.291e+06	1.3055e+06	1.30425e+06	1.3465e+06	1.28525e+06	
1.27775e+06	1.315e+06	1.303e+06	1.2735e+06	1.31625e+06	
1.291e+06	1.28225e+06	1.29425e+06	1.31875e+06	1.3025e+06	
1.259e+06	1.2885e+06	1.264e+06	1.27975e+06	1.2735e+06	
1.2425e+06	1.257e+06	1.2615e+06	1.2905e+06	1.264e+06	
1.2375e+06	1.25125e+06	1.23925e+06	1.2615e+06	1.2525e+06	
1.23625e+06	1.23925e+06	1.2565e+06	1.221e+06	1.23875e+06	
1.24125e+06	1.23425e+06	1.218e+06	1.19975e+06	1.228e+06	
1.22925e+06	1.225e+06	1.21175e+06	1.25325e+06	1.2425e+06	
1.235e+06	1.21175e+06	1.2445e+06	1.24875e+06	1.2305e+06	
1.22225e+06	1.252e+06	1.2545e+06	1.2355e+06	1.2085e+06	
1.2155e+06	1.2305e+06	1.2065e+06	1.24325e+06	1.228e+06	
1.23175e+06	1.2255e+06	1.24625e+06	1.211e+06	1.26025e+06	
1.2735e+06	1.235e+06	1.2205e+06	1.21475e+06	1.25e+06	
1.23875e+06	1.233e+06	1.25075e+06	1.238e+06	1.2425e+06	
1.221e+06	1.213e+06	1.2545e+06	1.2135e+06	1.23925e+06	
1.20475e+06	1.23625e+06	1.21925e+06	1.24e+06	1.24e+06	
1.199e+06	1.22225e+06	1.2355e+06	1.22425e+06	1.23125e+06	
1.2135e+06	1.22225e+06	1.21975e+06	1.20975e+06	1.2235e+06	
1.2065e+06	1.192e+06	1.22625e+06	1.24375e+06	1.19475e+06	
1.228e+06	1.2275e+06	1.21175e+06	1.22675e+06	1.218e+06	
1.2235e+06	1.23425e+06	1.242e+06	1.21475e+06	1.235e+06	
1.24075e+06	1.21725e+06	1.24e+06	1.19525e+06	1.2205e+06	
1.209e+06	1.2085e+06	1.201e+06	1.22225e+06	1.233e+06	
1.2065e+06	1.22875e+06	1.20275e+06	1.21675e+06	1.187e+06	
1.22225e+06	1.24375e+06	1.204e+06	1.2255e+06	1.22625e+06	
1.2065e+06	1.2065e+06	1.2355e+06	1.19075e+06	1.21225e+06	
1.2235e+06	1.2185e+06	1.23875e+06	1.235e+06	1.21725e+06	
1.22175e+06	1.2205e+06	1.23925e+06	1.23625e+06	1.2425e+06	
1.228e+06	1.21425e+06	1.22225e+06	1.252e+06	1.225e+06	
1.20475e+06	1.2305e+06	1.21175e+06	1.20725e+06	1.209e+06	
1.20525e+06	1.2065e+06	1.2235e+06	1.22425e+06	1.21225e+06	
1.20775e+06	1.199e+06	1.238e+06	1.221e+06	1.20475e+06	
1.228e+06	1.2135e+06	1.23675e+06	1.209e+06	1.216e+06	
1.21975e+06	1.24575e+06	1.22875e+06	1.22425e+06	1.2035e+06	
1.24125e+06	1.235e+06	1.24325e+06	1.2235e+06	1.2155e+06	
1.24e+06	1.21675e+06	1.24325e+06	1.21425e+06	1.22625e+06	
1.221e+06	1.204e+06	1.2185e+06	1.23925e+06	1.2475e+06	
1.22625e+06	1.2305e+06	1.223e+06	1.22175e+06	1.22925e+06	
1.22625e+06	1.2185e+06	1.2015e+06	1.213e+06	1.24575e+06	
1.21675e+06	1.221e+06	1.21975e+06	1.2255e+06	1.2035e+06	
1.19975e+06	1.19525e+06	1.22625e+06	1.2155e+06	1.23425e+06	
1.19275e+06	1.21675e+06	1.2205e+06	1.23675e+06	1.2475e+06	
1.22175e+06	1.20975e+06	1.19725e+06	1.209e+06	1.238e+06	
1.20275e+06	1.22675e+06	1.20275e+06	1.21475e+06	1.2185e+06	
1.233e+06	1.223e+06	1.23625e+06	1.20725e+06	1.21675e+06	
1.2035e+06	1.2085e+06	1.18775e+06	1.20225e+06	1.204e+06	
1.24625e+06	1.218e+06	1.16175e+06	1.1965e+06	1.20225e+06	
1.17125e+06	1.18575e+06	1.192e+06	1.19275e+06	1.2035e+06	
1.17825e+06	1.2015e+06	1.2325e+06	1.187e+06	1.21675e+06	
1.172e+06	1.1795e+06	1.23175e+06	1.19475e+06	1.20525e+06	
1.1575e+06	1.21675e+06	1.19075e+06	1.201e+06	1.21925e+06	
1.18275e+06	1.1795e+06	1.22625e+06	1.184e+06	1.182e+06	
1.175e+06	1.19775e+06	1.23625e+06	1.18825e+06	1.194e+06	
1.1815e+06	1.2065e+06	1.19075e+06	1.19075e+06	1.22925e+06	
1.158e+06	1.177e+06	1.184e+06	1.20225e+06	1.1605e+06	
1.18075e+06	1.14725e+06	1.189e+06	1.17625e+06	1.175e+06	
1.182e+06	1.1695e+06	1.1915e+06	1.189e+06	1.16575e+06	
1.18325e+06	1.18075e+06	1.19025e+06	1.1915e+06	1.199e+06	
1.155e+06	1.18525e+06	1.17375e+06	1.184e+06	1.18275e+06	
1.17625e+06	1.17825e+06	1.16375e+06	1.1605e+06	1.175e+06	
1.18275e+06	1.19325e+06	1.1575e+06	1.16e+06	1.1745e+06	
1.17825e+06	1.163e+06	1.1525e+06	1.20525e+06	1.18275e+06	
1.18775e+06	1.17625e+06	1.1695e+06	1.19025e+06	1.17125e+06	
1.16175e+06	1.18325e+06	1.19025e+06	1.17e+06	1.18575e+06	
1.17875e+06	1.18275e+06	1.184e+06	1.20525e+06	1.1795e+06	
1.17325e+06	1.18525e+06	1.1745e+06	1.16575e+06	1.19075e+06	
1.16625e+06	1.14725e+06	1.182e+06	1.16175e+06	1.16175e+06	
1.148e+06	1.1525e+06	1.17575e+06	1.1695e+06	1.1775e+06	
1.15425e+06	1.1575e+06	1.1605e+06	1.182e+06	1.1575e+06	
1.1525e+06	1.14425e+06	1.15e+06	1.17075e+06	1.1555e+06	
1.14875e+06	1.1505e+06	1.158e+06	1.16625e+06	1.1815e+06	
1.14225e+06	1.163e+06	1.15175e+06	1.14925e+06	1.158e+06	
1.15e+06	1.148e+06	1.1675e+06	1.1695e+06	1.16575e+06	
1.13425e+06	1.13925e+06	1.12225e+06	1.13675e+06	1.114e+06	
1.1e+06	1.11275e+06	1.13025e+06	1.12225e+06	1.11975e+06	
1.11975e+06	1.08825e+06	1.1285e+06	1.10075e+06	1.11325e+06	
1.1165e+06	1.11575e+06	1.075e+06	1.124e+06	1.1145e+06	
1.09375e+06	1.1285e+06	1.1355e+06	1.0925e+06	1.13725e+06	
1.10125e+06	1.1265e+06	1.12025e+06	1.153e+06	1.10275e+06	
1.126e+06	1.11975e+06	1.13475e+06	1.109e+06	1.138e+06	
1.114e+06	1.10575e+06	1.09075e+06	1.1335e+06	1.11325e+06	
1.1165e+06	1.097e+06	1.11575e+06	1.11525e+06	1.1115e+06	
1.104e+06	1.1335e+06	1.08825e+06	1.0995e+06	1.13425e+06	
1.14175e+06	1.124e+06	1.13725e+06	1.12975e+06	1.09325e+06	
1.117e+06	1.0975e+06	1.129e+06	1.14175e+06	1.107e+06	
1.11025e+06	1.10075e+06	1.10325e+06	1.10825e+06	1.1145e+06	
1.1e+06	1.09875e+06	1.08425e+06	1.10325e+06	1.11775e+06	
1.07875e+06	1.0895e+06	1.068e+06	1.0585e+06	1.09e+06	
1.056e+06	1.066e+06	1.075e+06	1.05975e+06	1.044e+06	
1.05475e+06	1.04275e+06	1.04975e+06	1.037e+06	1.04725e+06	
1.0365e+06	1.04775e+06	1.0365e+06	1.039e+06	1.051e+06	
1.029e+06	1.06475e+06	1.06225e+06	1.06175e+06	1.06925e+06	
1.04975e+06	1.071e+06	1.0605e+06	1.04075e+06	1.06425e+06	
1.0775e+06	1.0635e+06	1.0945e+06	1.09325e+06	1.051e+06	
1.063e+06	1.07925e+06	1.0755e+06	1.0515e+06	1.09325e+06	
1.066e+06	1.05925e+06	1.07625e+06	1.08125e+06	1.07375e+06	
1.08875e+06	1.0805e+06	1.0945e+06	1.05975e+06	1.061e+06	
1.11075e+06	1.09e+06	1.08175e+06	1.08875e+06	1.06475e+06	
1.078e+06	1.08375e+06	1.071e+06	1.10325e+06	1.06975e+06	
1.102e+06	1.08e+06	1.0655e+06	1.08375e+06	1.09325e+06	
1.0925e+06	1.08875e+06	1.095e+06	1.09e+06	1.095e+06	
1.08125e+06	1.102e+06	1.08625e+06	1.09825e+06	1.09125e+06	
1.0655e+06	1.0855e+06	1.0825e+06	1.0875e+06	1.07175e+06	
1.09825e+06	1.0775e+06	1.095e+06	1.0705e+06	1.0995e+06	
1.066e+06	1.07675e+06	1.06925e+06	1.06475e+06	1.06675e+06	
1.0705e+06	1.07625e+06	1.08675e+06	1.107e+06	1.09575e+06	
1.08e+06	1.0485e+06	1.09875e+06	1.07925e+06	1.095e+06	
1.092e+06	1.08825e+06	1.078e+06	1.07425e+06	1.06725e+06	
1.097e+06	1.09075e+06	1.073e+06	1.07175e+06	1.06975e+06	
1.075e+06	1.071e+06	1.08625e+06	1.078e+06	1.0585e+06	
1.044e+06	1.046e+06	1.037e+06	1.085e+06	1.04525e+06	
1.04025e+06	1.0485e+06	1.0585e+06	1.06475e+06	1.05525e+06	
1.04975e+06	1.0515e+06	1.0465e+06	1.04225e+06	1.07925e+06	
1.06225e+06	1.049e+06	1.05525e+06	1.0685e+06	1.058e+06	
1.08825e+06	1.08375e+06	1.04725e+06	1.049e+06	1.051e+06	
1.061e+06	1.07625e+06	1.04025e+06	1.07675e+06	1.058e+06	
1.0465e+06	1.0585e+06	1.05225e+06	1.058e+06	1.054e+06	
1.029e+06	1.04975e+06	1.0635e+06	1.0755e+06	1.0725e+06	
1.044e+06	1.051e+06	1.04775e+06	1.0395e+06	1.0705e+06	
1.0605e+06	1.03325e+06	1.054e+06	1.04975e+06	1.06225e+06	
1.04075e+06	1.04975e+06	1.068e+06	1.046e+06	1.06925e+06	
1.05975e+06	1.0725e+06	1.0465e+06	1.034e+06	1.03575e+06	
1.0195e+06	1.049e+06	1.0435e+06	1.044e+06	1.04025e+06	
1.04075e+06	1.017e+06	1.015e+06	1.0175e+06	1.034e+06	
1.039e+06	1.0295e+06	1.0245e+06	1.0265e+06	1.02375e+06	
1.0295e+06	1.0265e+06	1.015e+06	1.0245e+06	1.03825e+06	
1.0225e+06	1.04025e+06	1.0195e+06	1.0195e+06	1.00425e+06	
1e+06	977750	993000	1.0055e+06	986000	
1.00675e+06	1.00125e+06	960750	971000	980500	
989250	986000	991000	988000	965250	
983500	993000	1.00625e+06	1.02e+06	981750	
987250	984750	989750	1.00375e+06	998750	
1.0125e+06	1.01825e+06	1.00675e+06	985500	986750	
978500	985500	1.0005e+06	1.01575e+06	1.00675e+06	
1.0075e+06	1.0245e+06	1.00175e+06	996750	1.00675e+06	
990500	996750	991750	993500	989750	
997500	1.005e+06	1.0265e+06	1.02825e+06	965250	
996250	976500	1.00125e+06	1.03325e+06	986000	
995500	1.00175e+06	1.00925e+06	1.02325e+06	1.0315e+06	
1.00875e+06	988500	996250	998750	1.02125e+06	
1.00925e+06	989750	1.02e+06	1.01325e+06	1.0025e+06	
991000	987250	977750	989250	993000	
1.00175e+06	982250	1.0005e+06	1.01575e+06	993000	
985500	991000	986000	1.008e+06	1.0055e+06	
984250	971500	984250	1.01325e+06	984250	
984750	982250	987250	990500	1.0025e+06	
995500	979750	1.003e+06	992250	999250	
992250	1e+06	970250	1.0005e+06	1.01325e+06	
990500	989250	971500	981750	988000	
993500	968500	986000	1.00175e+06	957000	
974750	992250	968500	993000	984750	
976500	983500	972750	971000	955750	
958250	977250	989250	998000	977750	
971500	960750	983500	957000	966500	
966500	979000	960250	1e+06	960750	
972250	979750	984250	993000	972250	
962000	979000	974000	967750	985500	
970250	963250	959500	974000	959000	
966000	962750	948750	962000	950750	
983500	944500	950250	976000	962750	
959500	962000	974750	964000	958250	
958250	950750	959500	938750	966500	
947500	956500	943250	931750	950750	
943750	946250	950750	955750	946250	
930000	935750	948750	954000	971500	
943250	948250	948250	944500	942500	
932500	943750	955750	930500	943250	
933750	944500	988000	944500	940000	
952000	960750	948750	960250	943250	
956500	938750	928000	944500	918000	
945000	954000	938750	935750	932500	
938750	943250	936250	954000	908500	
906750	962000	936250	959500	950250	
928000	927500	945750	950250	943750	
934500	928000	935000	928000	952750	
926250	923000	944500	935000	911000	
934500	937500	939500	905500	919250	
955750	926750	942000	937000	930000	
913500	930000	914750	912250	915500	
902750	922500	930000	928750	940000	
900250	922500	906750	947500	913000	
920500	898500	915500	921250	947000	
914750	933000	916750	929250	914750	
924250	901000	928750	913500	894750	
903500	921250	903500	915500	923750	
906000	906000	895250	920000	927500	
893500	921750	908500	924250	921750	
891000	899750	914250	901500	921250	
895250	906750	919250	909250	925000	
905500	892750	910500	898500	910500	
892750	899000	909750	892250	911000	
890250	884000	891500	892750	921750	
918000	903500	875250	908000	894000	
883250	894000	894000	905500	892250	
896000	883250	889750	874000	888500	
898500	887750	887000	901000	915500	
888500	899000	885250	882000	900250	
883250	882750	873250	894750	887750	
875250	904250	857500	875750	885750	
867500	872500	892250	887750	858750	
876500	865750	894750	848750	882000	
862500	874000	864500	864500	899750	
884000	879500	889000	884500	880750	
874500	895250	863250	885250	887750	
865750	870750	887000	863250	879000	
862500	862500	865750	875250	860750	
887000	858750	882000	877000	868250	
882750	869500	865000	877000	881500	
860750	855500	848750	870750	869500	
863750	885250	880750	860000	846250	
846750	868250	872500	879500	874000	
872000	865000	882000	870750	882750	
872000	862000	864500	874500	891500	
863750	856250	863750	832250	851750	
848750	862000	858750	854250	852500	
849250	848750	854250	840500	860000	
841750	843000	836750	862500	855500	
851750	831750	873250	867000	839750	
843750	828500	829750	843000	825250	
848750	834250	824750	821500	851750	
836750	834750	843000	843750	841750	
821500	839750	848000	845500	824750	
840500	819000	855000	831750	817750	
826000	828500	828000	824750	804500	
832250	815250	841750	812750	807750	
824000	811500	819750	804500	828000	
824000	802750	831000	834750	839250	
812250	792500	812750	845500	816000	
813500	804500	819750	812750	806500	
801500	834750	800250	799500	810750	
786250	799000	795000	806500	812250	
793750	807000	817250	800250	797750	
782500	814750	780500	816000	795750	
794500	819000	801500	778000	800250	
773750	770000	792000	805250	785750	
773750	780000	794500	759750	796500	
786250	772500	778750	787000	765500	
783250	788750	760500	804500	771750	
799000	787500	786250	800750	766750	
788750	768000	792500	778000	790750	
796500	785750	792500	778000	773750	
776250	774250	759750	772500	799500	
778000	772500	758000	783750	777500	
781250	774250	771250	763000	768750	
772500	770500	783250	793250	774250	
788750	784500	773000	779250	780000	
782500	776250	792000	780500	778750	
782000	780500	790750	764750	785750	
776250	780000	780000	793250	757250	
788250	793250	792000	798250	790000	
793750	780000	795750	796500	792000	
793250	801500	795000	810750	804000	
815250	797000	808250	771750	804500	
796500	783250	800750	790750	804500	
809500	818500	805250	809500	798250	
807750	795750	799500	801500	819000	
800750	799000	805750	785750	792500	
804500	806500	787000	802750	804000	
782500	807000	763000	802000	802750	
796500	799500	787000	814000	822250	
803250	826000	817750	780000	800250	
795750	795000	809500	779250	785750	
776250	778750	785000	792000	790000	
770500	781250	766750	775000	808250	
788750	775000	772500	778750	777500	
783250	776750	766750	773000	780500	
782000	759250	767500	782500	778000	
799000	793750	783250	767500	753000	
759250	785000	754750	763000	763000	
751000	753000	773000	759750	769250	
773000	771250	747250	751750	768000	
747250	771250	763000	775500	761750	
737250	759750	758000	761750	751750	
768750	746500	770500	778000	756750	
767500	754250	749000	769250	753500	
760500	752250	788250	751000	778000	
764250	781250	780500	766750	778750	
758000	764250	764250	772500	777500	
756000	763500	768000	763000	776250	
747750	776250	766250	771250	766250	
785750	776750	774250	757250	774250	
773750	742250	761750	766250	768750	
769250	776250	761000	755500	779250	
749750	748500	736500	740250	744750	
750500	749750	748500	739750	768750	
747750	771250	753500	760500	754750	
758500	737750	778750	752250	762250	
761000	762250	751000	726500	775000	
749000	759750	773750	760500	770500	
740250	754250	734500	761750	749750	
751750	771250	756000	768000	745250	
727000	726500	759750	735250	746500	
738500	735250	752250	751000	732750	
751000	751750	747250	760500	741500	
766750	754750	750500	763500	755500	
720750	749750	744750	754250	771750	
763000	744750	734000	744000	727000	
744750	742750	732750	739750	741500	
747250	747250	740250	729000	727000	
734500	747750	755500	748500	736500	
730750	746500	742750	751000	725750	
736500	755500	751000	754750	758000	
750500	768000	758000	750500	768750	
750500	761750	759250	741000	753000	
764250	745250	740250	746000	747250	
752250	764750	740250	759750	776250	
763500	747750	727000	776750	753000	
741500	753000	745250	755500	728250	
749000	748500	770000	749750	747750	
761000	755500	747750	748500	764250	
756750	741500	747750	755500	764750	
748500	754250	754250	741000	747750	
742250	751750	742750	741500	757250	
748500	753500	766750	773000	749000	
746000	764250	753000	749750	749750	
742250	747250	756750	742750	739000	
736000	761000	732000	736000	736500	
747750	747250	732750	747250	741500	
753500	728250	738500	731500	743500	
753500	744750	727750	731500	739000	
726500	745250	739750	732750	748500	
729500	727000	736500	737250	713250	
754250	736500	730250	744000	722000	
736000	727000	743500	718250	739750	
737250	732750	732750	736000	729500	
741000	740250	731500	742750	725750	
732750	735250	736000	718750	754750	
717000	752250	725250	729500	720250	
713250	739000	746000	757250	727750	
717500	727750	722750	713250	729000	
733250	739000	732000	750500	738500	
742750	740250	727000	719500	731500	
710000	724000	717500	732750	726500	
744750	729500	736000	729000	732750	
726500	706250	725250	714500	718250	
717000	717000	706250	715000	708250	
717500	717500	726500	703750	742250	
712500	690500	706250	706250	700500	
705000	697500	713250	715750	712500	
715750	705750	707500	690000	690500	
701250	693750	707000	716250	704500	
720250	683500	681750	714500	697500	
678500	674250	714500	684250	707000	
683500	671000	689250	695500	692500	
691750	675500	695000	700000	688000	
686750	684250	678500	685500	706250	
702500	694250	658500	686000	681000	
694250	696250	668500	688500	693750	
683000	676750	672250	674250	682250	
677250	664000	674750	666000	661500	
674750	650750	674250	669000	667750	
664750	649500	670250	676750	672750	
676000	655250	666500	676750	670250	
640000	666000	663500	662250	663500	
639500	661000	654500	683000	659750	
691250	693000	653250	678500	685500	
668500	666000	669000	677250	651500	
654000	662750	673500	662250	646500	
659000	654000	654000	672250	654000	
650750	661500	666000	650250	652000	
679250	659000	646500	657750	647750	
662750	660250	640750	643250	655750	
663500	641250	647750	647000	671000	
639500	650750	663500	655750	674750	
664000	648250	656500	664000	635750	
664750	659750	667250	649000	656500	
654000	659000	659000	666500	645250	
660250	677250	665250	650750	642500	
650750	660250	675500	646500	658500	
629500	674250	676000	653250	664000	
643250	662250	678500	673500	666000	
684750	659750	663500	649500	647750	
669000	652000	680500	665250	676750	
657750	664000	680500	664750	670250	
666000	683500	669000	655250	676000	
662750	667250	680500	679250	671500	
659750	645750	660250	681000	685500	
657000	662250	680500	675500	657000	
659000	652000	650250	669750	678000	
669000	666500	661000	670250	666500	
680500	655750	670250	668500	653250	
674750	657750	672750	660250	671500	
682250	668500	662750	655250	658500	
663500	655750	667750	658500	670250	
664750	664750	654000	667750	663500	
689250	670250	675500	661500	657750	
666000	661500	657750	670250	662250	
648250	671500	660250	654000	655250	
659000	657750	667750	655250	662750	
640750	661000	650750	657750	674250	
648250	662750	655250	649500	672750	
654000	634500	642500	650250	658500	
671500	647000	661500	637000	664000	
640750	650250	651500	664000	661500	
664000	666500	644000	674250	659750	
638750	654000	649000	658500	661500	
663500	671000	647750	655250	661500	
676000	649500	652000	663500	664750	
655250	665250	669750	668500	664750	
671000	653250	658500	679750	650750	
640750	667250	647000	674250	648250	
651500	662750	654000	659000	648250	
645250	678500	639500	646500	661000	
656500	650250	657000	655250	668500	
676750	640000	651500	679750	655250	
654000	639500	652000	659750	656500	
659750	675500	661000	664750	655250	
651500	661500	642000	645750	679250	
662250	647750	647000	671500	655250	
640750	654000	683500	648250	676750	
647000	667250	677250	668500	669750	
649500	657750	666500	657000	656500	
657000	658500	637000	664000	654500	
657000	657750	662250	652000	676750	
662750	650750	647750	665250	667250	
652000	669750	650750	654000	643250	
654500	638750	663500	653250	668500	
659750	676750	652000	655750	674750	
647000	654000	650750	653250	667250	
645250	654000	654000	665250	652000	
653250	648250	661500	662250	661500	
662250	639500	661500	657750	667750	
654500	662250	647000	665250	648250	
653250	662250	633750	660250	648250	
651500	649500	633250	664000	647000	
657750	660250	647000	666000	652000	
664750	639500	657000	644000	649000	
645750	645750	682250	654000	662750	
651500	662250	630750	650250	654000	
639500	650750	656500	650750	655750	
641250	652750	654500	661500	653250	
661000	645750	657000	671000	643250	
661500	644000	667250	647000	651500	
664750	657000	646500	654000	658500	
661000	675500	635750	642500	633750	
649500	625000	664750	663500	651500	
652750	641250	643250	657750	651500	
657000	643250	663500	654500	640750	
659750	658500	650750	640750	657750	
647750	650250	655250	664000	647000	
657000	646500	649500	657750	648250	
640000	652000	627500	659000	673500	
655750	662750	654000	661000	646500	
649500	641250	647750	664000	647750	
642500	654000	669000	667250	661000	
664750	638250	652000	657750	652750	
649000	667250	657750	661000	640000	
660250	645250	654500	641250	645750	
653250	652000	651500	640750	657750	
647750	640750	653250	669750	655250	
658500	660250	640750	654000	674250	
657000	663500	649000	667750	665250	
642500	641250	654500	657000	656500	
647750	633250	671000	654000	637500	
628750	642500	649000	650750	662750	
646500	642500	656500	647000	649500	
654500	649000	655750	666500	662750	
649000	633250	644500	623000	659750	
657750	646500	637500	645750	660250	
645750	654000	654500	672750	645250	
647000	664000	676000	649500	655750	
672250	645750	654000	663500	641250	
644500	642500	666000	650250	657000	
665250	661000	661500	647750	664000	
649000	652000	663500	657750	646500	
647000	642000	657750	638250	649000	
649500	659000	653250	654000	647000	
653250	649000	659000	641250	645750	
651500	646500	647000	655250	642000	
652000	650750	649000	661500	647000	
648250	643250	646500	664000	657000	
643250	638250	641250	650750	644500	
646500	662250	640750	657000	645250	
638250	668500	652000	626250	649500	
652000	652750	635750	649500	658500	
649000	666500	649500	647000	648250	
638750	649000	652000	664000	664750	
655750	655750	641250	639500	654000	
672750	647750	652000	639500	659750	
642000	679250	651500	642000	645250	
666000	643250	673500	666000	660250	
643250	654500	658500	663500	632000	
661500	688000	630750	655750	655750	
657750	660250	673500	642000	655750	
640750	645750	666000	659750	647750	
650250	647750	650250	645250	642500	
641250	640750	660250	651500	642000	
642000	650250	644000	659000	636250	
637500	657750	655250	650750	656500	
642500	654000	640000	650750	660250	
638750	644000	660250	633750	654000	
642000	665250	655250	654500	657000	
621750	660250	652000	652000	645750	
645250	655250	649000	649000	639500	
651500	628250	647750	661500	647750	
647000	652000	654000	647000	637000	
653250	638750	662750	635750	638250	
649500	644000	643250	647000	666500	
640000	640000	644500	652000	667250	
666000	644000	650250	662250	650250	
648250	643250	657000	647000	661000	
641250	669750	631250	651500	655250	
639500	642000	637500	653250	630750	
641250	637500	643250	635750	647000	
644000	633250	640000	635750	651500	
649000	631250	657000	653250	646500	
637000	648250	637000	653250	662750	
643250	637000	641250	641250	656500	
643250	669000	626250	654000	633250	
653250	646500	652750	638750	638250	
649500	647000	637000	659000	645750	
661000	627500	644500	655250	630000	
633750	640750	668500	659750	639500	
650250	647000	644500	643250	631250	
630000	658500	637500	650750	638750	
648250	653250	630750	647000	644000	
659000	649000	637000	646500	650250	
644500	655250	654000	652000	638250	
651500	640750	643250	645250	643250	
636250	652750	644000	628750	640750	
640000	645250	656500	637000	652000	
639500	644500	649500	623000	644000	
666000	657750	650750	657000	647750	
650750	640000	631250	651500	635000	
648250	638750	626750	635750	641250	
667750	636250	658500	658500	643250	
639500	658500	666000	650250	643250	
644000	659000	645250	647000	632500	
641250	633750	625500	639500	627500	
655250	663500	650750	645250	642000	
650250	652000	651500	637500	635000	
643250	647750	652750	637500	656500	
625500	639500	638750	644500	635000	
644500	663500	646500	638250	656500	
630000	655250	628750	638750	648250	
642500	629500	662250	642500	642500	
659000	618750	652750	638750	650750	
637500	629500	649500	654500	656500	
661000	628750	642000	657750	635750	
637500	628750	648250	630750	647750	
655250	642000	634500	652750	632500	
649500	653250	646500	629500	636250	
645250	637000	632000	632000	630750	
641250	648250	648250	646500	645250	
647750	626750	655250	661500	651500	
641250	632000	649500	636250	635000	
633250	641250	639500	642000	632000	
649000	630750	654500	640750	641250	
648250	651500	632500	645750	661500	
637500	652000	637500	640750	658500	
658500	652000	621750	638250	631250	
637500	639500	621750	621750	658500	
633250	659000	638250	637500	642000	
637500	640750	644000	637500	653250	
633750	653250	637500	627500	630000	
652750	633250	637000	656500	615500	
631250	626750	620500	653250	650250	
649000	621750	636250	647750	621750	
638750	632500	658500	632500	627500	
634500	620000	636250	659000	635000	
636250	636250	634500	634500	638750	
635750	657000	628750	640000	651500	
629500	642000	634500	632500	635750	
650750	645250	633750	645250	635000	
652000	638750	633250	645750	656500	
643250	671000	638250	648250	657000	
632500	638250	655750	638750	629500	
638250	626750	637000	644000	649000	
640000	640000	633250	646500	655250	
630750	648250	637500	650250	647000	
627500	651500	645250	632500	633250	
628750	644000	632500	633250	625500	
640000	620500	654500	639500	639500	
631250	638750	625000	638250	640000	
644000	644000	633750	638750	658500	
633750	635750	649000	628750	655250	
648250	635750	652750	630000	651500	
638750	637500	635750	635750	643250	
640750	630750	627500	651500	651500	
632000	630750	633250	642000	642500	
643250	641250	635750	630750	628750	
649000	642500	640000	640000	629500	
626750	654000	623750	617500	636250	
632500	630000	642500	626750	640750	
621750	632500	641250	635750	646500	
640000	620500	641250	647750	658500	
655750	621250	640000	638750	626750	
640750	633250	643250	623750	650750	
623750	644000	652750	653250	657750	
635750	646500	643250	640000	642000	
636250	636250	621750	640000	655250	
628750	634500	631250	625500	644500	
618750	628750	642500	653250	637500	
638250	653250	631250	627500	641250	
649000	629500	635000	632500	634500	
643250	647000	629500	638750	641250	
644500	654500	643250	630000	614250	
620500	634500	636250	633750	627500	
650250	645250	637000	631250	653250	
649500	648250	632500	622500	616750	
627500	649500	635750	637000	630750	
645750	654500	631250	627500	643250	
640000	620500	626750	642000	632500	
632500	654000	626750	615500	628750	
662250	652750	642500	625000	643250	
623750	658500	651500	625500	620000	
621250	621750	648250	641250	649000	
632500	637500	629500	654500	655250	
626250	623000	639500	636250	625500	
653250	626250	640000	647750	632500	
628250	630000	623000	628750	646500	
629500	639500	618750	643250	626750	
640000	635000	635750	635750	621250	
642000	623750	623000	632000	645250	
630000	639500	641250	644000	622500	
635000	637500	646500	644500	638250	
647000	652000	625500	644000	644500	
637500	641250	642500	627500	628250	
643250	640750	637500	642000	626250	
632500	642000	618000	623000	637500	
631250	632500	649500	634500	627500	
644500	638250	623750	626750	637000	
636250	652000	632500	626250	644000	
626250	637500	626250	625500	634500	
632500	652000	630000	640000	630000	
632000	644000	650750	633250	632500	
655750	642500	633250	621750	634500	
658500	639500	623750	623000	632000	
635750	631250	628250	627500	637000	
637500	644500	642500	645250	656500	
644500	639500	636250	625000	644000	
632500	633750	628750	628250	630750	
664000	649500	633250	621250	653250	
649000	643250	649000	625000	623000	
631250	645750	636250	633750	640750	
650750	645750	629500	631250	638250	
652750	637000	647000	632500	630000	
629500	644500	640000	638250	640000	
647000	621250	621750	651500	640000	
624250	636250	653250	638250	623750	
636250	651500	628250	611750	647750	
636250	651500	628250	611750	647750	
636250	651500	628250	611750	647750	
