4250	4250	4250	4250	4250	
7.13825e+06	7.13825e+06	7.13825e+06	7.13825e+06	7.13825e+06	
530500	524750	543000	532250	534250	
526750	518500	505250	527250	526000	
519750	488750	517750	509750	515250	
495750	521750	519750	500250	510250	
521750	502000	499500	501500	513500	
521000	523000	520250	500250	507250	
512750	513500	514750	524250	516000	
529250	515250	528500	524250	516000	
509750	516500	506500	529750	507250	
520250	531750	509000	525500	519750	
519750	531000	529750	517250	539250	
519750	540000	512750	535500	524750	
536750	531000	538750	517750	538750	
529250	528000	540500	548000	544250	
534750	545500	546750	534750	550500	
538000	557500	552000	550500	546750	
550500	563250	555000	562500	545500	
553250	571500	567750	572750	563750	
573250	584000	566250	561250	562000	
552000	570250	563250	594750	569000	
579000	588500	592250	600500	580750	
649500	672250	662750	657750	644500	
823500	833500	825250	829250	827250	
839750	842500	861250	838500	856750	
833000	844250	851250	858250	853750	
863750	843750	838000	859500	866250	
866250	870000	864500	880750	868750	
850000	850000	853750	867000	854250	
850500	864500	884000	870000	873250	
871250	882000	892750	896500	891500	
882750	902750	892750	902250	914250	
911750	930000	898500	920500	960750	
938750	956500	955750	941250	932500	
939500	903500	915500	940000	929250	
923000	917250	932500	924250	930500	
928750	941250	942500	940000	944500	
921750	912250	928000	899750	909750	
910500	928000	927500	939500	917250	
958250	937000	935000	942500	938250	
970250	961500	966500	959500	959000	
969750	978500	962750	994250	1e+06	
998750	967750	1.01325e+06	1.00925e+06	981750	
1.0145e+06	1.0245e+06	1.012e+06	1.015e+06	1.012e+06	
984250	1.0075e+06	1.0005e+06	1.02325e+06	1.0005e+06	
1.0005e+06	966000	987250	992250	993500	
1.00625e+06	1.003e+06	972750	1.00125e+06	973500	
974000	993000	965250	991000	947000	
967250	977250	962000	964750	938250	
955750	964750	935000	941250	935000	
950250	946250	952000	940750	947500	
948750	927500	943750	948750	938750	
924250	926250	921250	898500	919250	
911750	931750	915500	884000	907250	
913500	929250	931250	916750	935000	
974000	948250	957000	969000	990500	
1.0315e+06	998000	1.04025e+06	1.04775e+06	1.05025e+06	
1.0515e+06	1.03025e+06	1.06175e+06	1.06675e+06	1.02e+06	
1.058e+06	1.05275e+06	1.0295e+06	1.07425e+06	1.071e+06	
994750	1.01125e+06	1.015e+06	1.03275e+06	1.01825e+06	
987250	1.017e+06	994750	1.0075e+06	994250	
1.0055e+06	1.00675e+06	1e+06	1.0175e+06	1.00625e+06	
1.0055e+06	996250	985500	1.0005e+06	991000	
1.0315e+06	1.03775e+06	1.03275e+06	1.0245e+06	1.03325e+06	
1.04275e+06	1.051e+06	1.063e+06	1.06425e+06	1.09625e+06	
1.07925e+06	1.09325e+06	1.10825e+06	1.058e+06	1.09575e+06	
1.0725e+06	1.08425e+06	1.05025e+06	1.08175e+06	1.07875e+06	
1.05725e+06	1.0975e+06	1.08125e+06	1.05725e+06	1.09375e+06	
1.09125e+06	1.107e+06	1.097e+06	1.107e+06	1.0685e+06	
1.10575e+06	1.119e+06	1.10575e+06	1.10275e+06	1.09375e+06	
1.08875e+06	1.0895e+06	1.11075e+06	1.0855e+06	1.09575e+06	
1.121e+06	1.1315e+06	1.14875e+06	1.1315e+06	1.12775e+06	
1.19525e+06	1.155e+06	1.187e+06	1.17625e+06	1.1895e+06	
1.23125e+06	1.2375e+06	1.23875e+06	1.22875e+06	1.19475e+06	
1.19275e+06	1.2235e+06	1.223e+06	1.23925e+06	1.21475e+06	
1.21975e+06	1.22875e+06	1.18025e+06	1.20775e+06	1.21675e+06	
1.22425e+06	1.2275e+06	1.22175e+06	1.22625e+06	1.2255e+06	
1.201e+06	1.225e+06	1.2185e+06	1.242e+06	1.23e+06	
1.223e+06	1.1895e+06	1.2255e+06	1.189e+06	1.21475e+06	
1.192e+06	1.17625e+06	1.19975e+06	1.1725e+06	1.182e+06	
1.2085e+06	1.19275e+06	1.2035e+06	1.19475e+06	1.16625e+06	
1.233e+06	1.2235e+06	1.23175e+06	1.23675e+06	1.23e+06	
1.2355e+06	1.23375e+06	1.218e+06	1.25825e+06	1.259e+06	
1.28025e+06	1.279e+06	1.259e+06	1.281e+06	1.269e+06	
1.298e+06	1.29475e+06	1.26525e+06	1.28525e+06	1.31175e+06	
1.25825e+06	1.259e+06	1.267e+06	1.269e+06	1.291e+06	
1.21475e+06	1.223e+06	1.23925e+06	1.24825e+06	1.24125e+06	
1.23375e+06	1.24325e+06	1.245e+06	1.27275e+06	1.26575e+06	
1.27275e+06	1.26575e+06	1.27975e+06	1.27025e+06	1.2595e+06	
1.274e+06	1.24075e+06	1.26525e+06	1.2475e+06	1.23925e+06	
1.17825e+06	1.20525e+06	1.20025e+06	1.20275e+06	1.192e+06	
1.201e+06	1.18075e+06	1.2065e+06	1.19725e+06	1.184e+06	
1.19025e+06	1.19725e+06	1.1645e+06	1.18575e+06	1.20975e+06	
1.16175e+06	1.17075e+06	1.1575e+06	1.18075e+06	1.165e+06	
1.13475e+06	1.12775e+06	1.14175e+06	1.148e+06	1.1285e+06	
1.13725e+06	1.158e+06	1.1455e+06	1.148e+06	1.124e+06	
1.1575e+06	1.1525e+06	1.14725e+06	1.16175e+06	1.13975e+06	
1.1605e+06	1.14175e+06	1.17825e+06	1.18275e+06	1.177e+06	
1.18075e+06	1.21175e+06	1.196e+06	1.21175e+06	1.201e+06	
1.27025e+06	1.26825e+06	1.26775e+06	1.267e+06	1.2695e+06	
1.2765e+06	1.26825e+06	1.28725e+06	1.30375e+06	1.288e+06	
1.26275e+06	1.26775e+06	1.3005e+06	1.3005e+06	1.327e+06	
1.32e+06	1.30175e+06	1.315e+06	1.303e+06	1.31825e+06	
1.33275e+06	1.334e+06	1.349e+06	1.325e+06	1.325e+06	
1.3975e+06	1.4e+06	1.4025e+06	1.373e+06	1.42475e+06	
1.42975e+06	1.44425e+06	1.46625e+06	1.448e+06	1.463e+06	
1.47075e+06	1.48575e+06	1.4895e+06	1.45925e+06	1.4825e+06	
1.41075e+06	1.441e+06	1.42475e+06	1.414e+06	1.39375e+06	
1.35775e+06	1.366e+06	1.3825e+06	1.34275e+06	1.373e+06	
1.3515e+06	1.359e+06	1.33275e+06	1.3655e+06	1.32325e+06	
1.322e+06	1.34325e+06	1.35025e+06	1.3365e+06	1.31625e+06	
1.3995e+06	1.34025e+06	1.3485e+06	1.37725e+06	1.3825e+06	
1.451e+06	1.4535e+06	1.4555e+06	1.41275e+06	1.4455e+06	
1.48775e+06	1.482e+06	1.47125e+06	1.46625e+06	1.46875e+06	
1.4115e+06	1.3875e+06	1.431e+06	1.4625e+06	1.4365e+06	
1.36925e+06	1.37875e+06	1.3805e+06	1.351e+06	1.36225e+06	
1.31825e+06	1.28475e+06	1.26775e+06	1.2735e+06	1.3225e+06	
1.21425e+06	1.24575e+06	1.238e+06	1.247e+06	1.23675e+06	
1.201e+06	1.1845e+06	1.2015e+06	1.19775e+06	1.21175e+06	
1.192e+06	1.165e+06	1.18025e+06	1.13925e+06	1.177e+06	
1.19475e+06	1.18575e+06	1.1915e+06	1.17825e+06	1.1725e+06	
1.206e+06	1.21175e+06	1.23375e+06	1.245e+06	1.228e+06	
1.29475e+06	1.29175e+06	1.332e+06	1.29725e+06	1.325e+06	
1.4145e+06	1.409e+06	1.43475e+06	1.4365e+06	1.41575e+06	
1.45675e+06	1.45175e+06	1.477e+06	1.4265e+06	1.45675e+06	
1.443e+06	1.4435e+06	1.49525e+06	1.49525e+06	1.477e+06	
1.4145e+06	1.4195e+06	1.4625e+06	1.439e+06	1.4115e+06	
1.43475e+06	1.4575e+06	1.441e+06	1.43225e+06	1.45225e+06	
1.501e+06	1.4995e+06	1.5035e+06	1.50725e+06	1.4825e+06	
1.49075e+06	1.47075e+06	1.51475e+06	1.50725e+06	1.53375e+06	
1.48775e+06	1.494e+06	1.49825e+06	1.5035e+06	1.49325e+06	
1.4745e+06	1.4795e+06	1.4845e+06	1.477e+06	1.5085e+06	
1.5285e+06	1.51225e+06	1.5305e+06	1.501e+06	1.53875e+06	
1.51025e+06	1.4945e+06	1.5205e+06	1.526e+06	1.511e+06	
1.533e+06	1.55075e+06	1.5665e+06	1.54875e+06	1.5355e+06	
1.58025e+06	1.66775e+06	1.65275e+06	1.62375e+06	1.6415e+06	
1.7125e+06	1.72525e+06	1.7215e+06	1.7215e+06	1.75475e+06	
1.7725e+06	1.82475e+06	1.78075e+06	1.7675e+06	1.8065e+06	
1.8135e+06	1.76175e+06	1.81225e+06	1.82025e+06	1.77875e+06	
1.87275e+06	1.80725e+06	1.80525e+06	1.8355e+06	1.83475e+06	
1.8525e+06	1.857e+06	1.84925e+06	1.89925e+06	1.8765e+06	
1.9375e+06	1.9085e+06	1.90675e+06	1.91675e+06	1.93575e+06	
1.88275e+06	1.908e+06	1.92375e+06	1.91425e+06	1.9035e+06	
1.799e+06	1.797e+06	1.826e+06	1.8185e+06	1.81525e+06	
1.6585e+06	1.671e+06	1.64575e+06	1.6785e+06	1.656e+06	
1.5185e+06	1.4825e+06	1.4675e+06	1.4775e+06	1.50275e+06	
1.30875e+06	1.2905e+06	1.301e+06	1.35525e+06	1.29425e+06	
1.264e+06	1.2765e+06	1.28525e+06	1.291e+06	1.2525e+06	
1.41325e+06	1.3825e+06	1.41075e+06	1.426e+06	1.44425e+06	
1.6395e+06	1.6395e+06	1.62575e+06	1.6445e+06	1.66475e+06	
1.83925e+06	1.8425e+06	1.81725e+06	1.826e+06	1.85625e+06	
1.928e+06	1.94075e+06	1.9595e+06	1.95025e+06	1.99175e+06	
2.03325e+06	2.0145e+06	2.03025e+06	2.00125e+06	2.01875e+06	
1.97925e+06	1.983e+06	1.93375e+06	1.988e+06	1.9835e+06	
1.809e+06	1.77e+06	1.816e+06	1.79e+06	1.77375e+06	
1.58225e+06	1.55e+06	1.5575e+06	1.58225e+06	1.5695e+06	
1.43525e+06	1.41275e+06	1.44475e+06	1.42725e+06	1.44175e+06	
1.581e+06	1.5475e+06	1.57075e+06	1.58775e+06	1.57275e+06	
1.88025e+06	1.88075e+06	1.85375e+06	1.86075e+06	1.89025e+06	
2.15175e+06	2.17125e+06	2.19475e+06	2.18275e+06	2.17825e+06	
2.36475e+06	2.334e+06	2.3995e+06	2.39625e+06	2.35975e+06	
2.463e+06	2.47825e+06	2.499e+06	2.4865e+06	2.499e+06	
2.57475e+06	2.596e+06	2.60225e+06	2.601e+06	2.64525e+06	
2.6175e+06	2.63775e+06	2.627e+06	2.634e+06	2.66675e+06	
2.62575e+06	2.6005e+06	2.62575e+06	2.6415e+06	2.6325e+06	
2.6565e+06	2.6615e+06	2.6805e+06	2.69875e+06	2.68925e+06	
2.6995e+06	2.678e+06	2.7025e+06	2.6975e+06	2.7265e+06	
2.74025e+06	2.751e+06	2.787e+06	2.79025e+06	2.7745e+06	
2.83375e+06	2.898e+06	2.9085e+06	2.89225e+06	2.881e+06	
2.879e+06	2.8815e+06	2.86525e+06	2.88975e+06	2.93575e+06	
2.935e+06	2.9515e+06	2.95975e+06	2.91175e+06	2.95025e+06	
2.93125e+06	2.98225e+06	3.061e+06	3.046e+06	3.019e+06	
2.925e+06	2.90675e+06	2.95075e+06	2.97675e+06	2.96475e+06	
2.8355e+06	2.89925e+06	2.852e+06	2.9005e+06	2.94775e+06	
2.9125e+06	2.906e+06	2.9445e+06	2.92175e+06	2.9345e+06	
3.015e+06	2.969e+06	2.94775e+06	3.01075e+06	2.96475e+06	
2.9465e+06	2.97025e+06	2.9735e+06	2.952e+06	2.9445e+06	
2.918e+06	2.94775e+06	2.9295e+06	2.92625e+06	2.93875e+06	
2.91125e+06	2.92e+06	2.961e+06	2.99e+06	2.9835e+06	
2.98475e+06	2.97025e+06	2.99925e+06	2.9955e+06	2.9665e+06	
2.93125e+06	2.87975e+06	2.95975e+06	2.9395e+06	2.9615e+06	
2.94775e+06	2.99125e+06	2.9875e+06	2.94275e+06	2.978e+06	
2.9685e+06	2.92575e+06	2.94775e+06	2.97175e+06	2.9905e+06	
2.9375e+06	2.961e+06	2.9635e+06	2.9615e+06	2.97725e+06	
2.978e+06	3.03525e+06	3.0385e+06	3.00875e+06	3.012e+06	
3.04225e+06	3.0755e+06	3.09125e+06	3.10525e+06	3.1065e+06	
3.16125e+06	3.174e+06	3.167e+06	3.15875e+06	3.19025e+06	
3.20925e+06	3.2305e+06	3.23325e+06	3.17075e+06	3.27225e+06	
3.33025e+06	3.3365e+06	3.37425e+06	3.341e+06	3.332e+06	
3.3e+06	3.38375e+06	3.41975e+06	3.3515e+06	3.39375e+06	
3.225e+06	3.259e+06	3.2595e+06	3.26775e+06	3.30875e+06	
3.01575e+06	3.07e+06	3.02775e+06	3.0295e+06	3.07675e+06	
3.0195e+06	3.03525e+06	3.058e+06	3.07875e+06	3.07125e+06	
3.08875e+06	3.0655e+06	3.15875e+06	3.1575e+06	3.1405e+06	
3.33975e+06	3.276e+06	3.35675e+06	3.31e+06	3.34275e+06	
3.40575e+06	3.45425e+06	3.5185e+06	3.47125e+06	3.4625e+06	
3.4435e+06	3.50725e+06	3.47075e+06	3.448e+06	3.52425e+06	
3.55125e+06	3.5955e+06	3.588e+06	3.59225e+06	3.56325e+06	
3.56325e+06	3.521e+06	3.54e+06	3.56975e+06	3.554e+06	
3.45925e+06	3.504e+06	3.518e+06	3.4845e+06	3.50475e+06	
3.45925e+06	3.441e+06	3.44675e+06	3.443e+06	3.489e+06	
3.545e+06	3.60125e+06	3.60675e+06	3.617e+06	3.5325e+06	
3.60925e+06	3.581e+06	3.62375e+06	3.63075e+06	3.6515e+06	
3.57225e+06	3.545e+06	3.63275e+06	3.46825e+06	3.58025e+06	
3.5545e+06	3.608e+06	3.673e+06	3.5645e+06	3.605e+06	
3.5445e+06	3.54e+06	3.5645e+06	3.62825e+06	3.55275e+06	
3.60875e+06	3.6075e+06	3.58925e+06	3.63325e+06	3.615e+06	
3.65725e+06	3.64525e+06	3.659e+06	3.6565e+06	3.74225e+06	
3.76825e+06	3.77625e+06	3.81975e+06	3.7795e+06	3.90225e+06	
3.7505e+06	3.77375e+06	3.8475e+06	3.83125e+06	3.7795e+06	
3.69875e+06	3.69575e+06	3.68875e+06	3.726e+06	3.75625e+06	
3.66675e+06	3.60175e+06	3.651e+06	3.64525e+06	3.646e+06	
3.564e+06	3.632e+06	3.64775e+06	3.663e+06	3.668e+06	
3.64725e+06	3.64725e+06	3.683e+06	3.69825e+06	3.7405e+06	
3.64325e+06	3.70775e+06	3.75875e+06	3.70125e+06	3.67175e+06	
3.7195e+06	3.74175e+06	3.79275e+06	3.767e+06	3.78075e+06	
3.77625e+06	3.72775e+06	3.731e+06	3.845e+06	3.78125e+06	
3.73675e+06	3.73525e+06	3.767e+06	3.7985e+06	3.8425e+06	
3.73525e+06	3.72525e+06	3.787e+06	3.72775e+06	3.76425e+06	
3.78275e+06	3.80725e+06	3.88525e+06	3.78775e+06	3.83925e+06	
3.92e+06	3.9275e+06	3.9805e+06	4.022e+06	3.927e+06	
3.985e+06	4.02775e+06	3.96475e+06	4.01325e+06	4.111e+06	
4.13175e+06	4.10075e+06	4.05225e+06	4.18025e+06	4.14675e+06	
4.0745e+06	4.058e+06	4.1115e+06	4.1475e+06	4.1015e+06	
3.89725e+06	3.94025e+06	3.91625e+06	3.96675e+06	4.00375e+06	
3.89925e+06	3.874e+06	3.85375e+06	3.86075e+06	3.89175e+06	
3.77825e+06	3.782e+06	3.86275e+06	3.835e+06	3.826e+06	
3.7695e+06	3.7795e+06	3.87725e+06	3.81025e+06	3.86525e+06	
3.87725e+06	3.90925e+06	3.918e+06	3.89975e+06	3.995e+06	
4.04425e+06	4.03025e+06	4.0535e+06	4.041e+06	4.036e+06	
4.04925e+06	4.09075e+06	4.14125e+06	4.1205e+06	4.07575e+06	
4.068e+06	4.186e+06	4.19475e+06	4.1165e+06	4.07325e+06	
4.1165e+06	3.99425e+06	4.05675e+06	4.01325e+06	4.0335e+06	
3.99e+06	4.0795e+06	4.012e+06	4.03525e+06	4.07825e+06	
4.05475e+06	4.05675e+06	4.09075e+06	4.10475e+06	4.1815e+06	
4.031e+06	4.208e+06	4.2295e+06	4.22875e+06	4.223e+06	
4.06675e+06	4.1305e+06	4.1815e+06	4.10325e+06	4.203e+06	
4.0555e+06	4.12425e+06	4.08625e+06	4.1715e+06	4.15e+06	
3.92075e+06	3.98175e+06	3.9415e+06	3.96475e+06	4.00125e+06	
4.0045e+06	4.03225e+06	4.0605e+06	3.968e+06	4.097e+06	
4.126e+06	4.0915e+06	4.1375e+06	4.099e+06	4.1165e+06	
4.0915e+06	4.13175e+06	4.13625e+06	4.10975e+06	4.17325e+06	
4.03025e+06	4.1475e+06	4.08825e+06	4.07575e+06	4.094e+06	
4.0145e+06	3.939e+06	3.978e+06	3.94075e+06	3.92e+06	
3.789e+06	3.77875e+06	3.7695e+06	3.7695e+06	3.8255e+06	
3.5815e+06	3.5855e+06	3.62125e+06	3.651e+06	3.6055e+06	
3.26525e+06	3.3635e+06	3.3295e+06	3.35275e+06	3.3805e+06	
3.24775e+06	3.24575e+06	3.29675e+06	3.25525e+06	3.36875e+06	
3.32775e+06	3.38825e+06	3.337e+06	3.3845e+06	3.37375e+06	
3.806e+06	3.8185e+06	3.809e+06	3.86575e+06	3.828e+06	
4.218e+06	4.1355e+06	4.273e+06	4.273e+06	4.186e+06	
4.482e+06	4.467e+06	4.499e+06	4.52675e+06	4.5055e+06	
4.39e+06	4.424e+06	4.4675e+06	4.48575e+06	4.44925e+06	
4.387e+06	4.40075e+06	4.489e+06	4.4505e+06	4.4985e+06	
4.4335e+06	4.52925e+06	4.542e+06	4.58175e+06	4.59925e+06	
4.482e+06	4.5425e+06	4.50675e+06	4.51425e+06	4.52125e+06	
4.20925e+06	4.25575e+06	4.266e+06	4.3075e+06	4.327e+06	
4.27675e+06	4.2635e+06	4.278e+06	4.18725e+06	4.32025e+06	
4.39125e+06	4.48525e+06	4.484e+06	4.46575e+06	4.4595e+06	
4.595e+06	4.605e+06	4.634e+06	4.6685e+06	4.6485e+06	
4.6555e+06	4.7725e+06	4.71075e+06	4.673e+06	4.71275e+06	
4.7625e+06	4.7555e+06	4.78325e+06	4.77775e+06	4.8815e+06	
4.95725e+06	5.0025e+06	5.0435e+06	5.0625e+06	5.0435e+06	
5.06875e+06	5.05175e+06	5.00575e+06	5.03925e+06	4.98675e+06	
5.0235e+06	5.04975e+06	5.053e+06	5.0775e+06	5.08125e+06	
4.973e+06	4.91825e+06	4.96025e+06	4.9805e+06	5e+06	
4.8815e+06	4.879e+06	4.86275e+06	4.96475e+06	4.879e+06	
4.7555e+06	4.73025e+06	4.799e+06	4.8375e+06	4.82175e+06	
4.62125e+06	4.59375e+06	4.68175e+06	4.6705e+06	4.73025e+06	
4.51175e+06	4.50725e+06	4.49475e+06	4.5765e+06	4.5055e+06	
4.7475e+06	4.70325e+06	4.69825e+06	4.77775e+06	4.70525e+06	
4.85525e+06	4.888e+06	4.9515e+06	4.9685e+06	4.9485e+06	
4.874e+06	4.95725e+06	5.03225e+06	5.05625e+06	5.0095e+06	
4.985e+06	5.02275e+06	5.005e+06	5.02075e+06	4.96475e+06	
4.9755e+06	4.90125e+06	5.01325e+06	4.96975e+06	5.0215e+06	
5.07325e+06	5.07875e+06	5.16825e+06	5.1425e+06	5.038e+06	
5.21375e+06	5.21625e+06	5.26475e+06	5.24525e+06	5.2615e+06	
5.43225e+06	5.45125e+06	5.43225e+06	5.48225e+06	5.48025e+06	
5.3945e+06	5.402e+06	5.40725e+06	5.44675e+06	5.44875e+06	
5.60825e+06	5.53825e+06	5.617e+06	5.67425e+06	5.56525e+06	
5.57225e+06	5.62575e+06	5.57225e+06	5.651e+06	5.72975e+06	
5.63025e+06	5.55575e+06	5.62275e+06	5.6295e+06	5.629e+06	
5.49225e+06	5.52425e+06	5.5715e+06	5.53875e+06	5.56775e+06	
5.61575e+06	5.59425e+06	5.598e+06	5.65725e+06	5.5735e+06	
5.515e+06	5.5275e+06	5.65175e+06	5.67375e+06	5.65975e+06	
5.70075e+06	5.67875e+06	5.68825e+06	5.675e+06	5.685e+06	
5.707e+06	5.6825e+06	5.784e+06	5.726e+06	5.74425e+06	
5.62075e+06	5.72475e+06	5.658e+06	5.65425e+06	5.67875e+06	
5.44925e+06	5.455e+06	5.47575e+06	5.513e+06	5.52125e+06	
5.3385e+06	5.35225e+06	5.457e+06	5.36375e+06	5.3655e+06	
5.42725e+06	5.52e+06	5.5885e+06	5.5495e+06	5.56225e+06	
5.6005e+06	5.624e+06	5.68825e+06	5.68325e+06	5.627e+06	
5.7305e+06	5.74175e+06	5.726e+06	5.782e+06	5.7215e+06	
5.8955e+06	5.946e+06	5.905e+06	5.94475e+06	5.9515e+06	
5.93575e+06	5.90625e+06	5.966e+06	5.971e+06	5.94775e+06	
5.94475e+06	6.024e+06	6.04925e+06	5.9365e+06	6.031e+06	
5.9145e+06	5.9005e+06	6.03225e+06	6.0625e+06	6.00575e+06	
5.87725e+06	5.893e+06	6.00325e+06	6.01275e+06	5.94725e+06	
5.99e+06	5.9825e+06	5.93025e+06	6.0335e+06	6.02525e+06	
6.0355e+06	6.07075e+06	6.1715e+06	6.087e+06	6.1445e+06	
5.992e+06	6.1765e+06	6.0845e+06	6.13125e+06	6.12425e+06	
6.1885e+06	6.22575e+06	6.1615e+06	6.2825e+06	6.312e+06	
6.39275e+06	6.46275e+06	6.3825e+06	6.535e+06	6.4545e+06	
6.307e+06	6.326e+06	6.4205e+06	6.35225e+06	6.322e+06	
6.2025e+06	6.2565e+06	6.25025e+06	6.3265e+06	6.29825e+06	
6.17775e+06	6.28925e+06	6.3265e+06	6.33975e+06	6.32075e+06	
6.0115e+06	6.09325e+06	6.176e+06	6.196e+06	6.1905e+06	
5.971e+06	5.951e+06	6.058e+06	6.01575e+06	5.96175e+06	
5.77575e+06	5.799e+06	5.8425e+06	5.869e+06	5.82875e+06	
5.9025e+06	5.89675e+06	5.96425e+06	5.84625e+06	5.8835e+06	
5.8805e+06	5.94225e+06	6.0355e+06	6.04425e+06	5.99325e+06	
6.12875e+06	6.13925e+06	6.18525e+06	6.04425e+06	6.193e+06	
6.1235e+06	6.14625e+06	6.16325e+06	6.15825e+06	6.16275e+06	
5.9855e+06	6.099e+06	6.13125e+06	6.09275e+06	6.0915e+06	
6.03975e+06	6.10525e+06	6.17275e+06	6.19225e+06	6.16775e+06	
6.18675e+06	6.24275e+06	6.26925e+06	6.2345e+06	6.26925e+06	
6.13425e+06	6.23775e+06	6.1955e+06	6.2735e+06	6.25475e+06	
6.31825e+06	6.29825e+06	6.372e+06	6.39825e+06	6.3745e+06	
6.27675e+06	6.41675e+06	6.4205e+06	6.35925e+06	6.443e+06	
6.271e+06	6.421e+06	6.4325e+06	6.40525e+06	6.38325e+06	
6.4065e+06	6.554e+06	6.53575e+06	6.58675e+06	6.56475e+06	
6.42925e+06	6.4935e+06	6.4525e+06	6.39075e+06	6.525e+06	
6.254e+06	6.33975e+06	6.36675e+06	6.36375e+06	6.45125e+06	
6.33925e+06	6.40025e+06	6.4035e+06	6.37075e+06	6.372e+06	
6.24575e+06	6.32975e+06	6.40475e+06	6.3995e+06	6.37125e+06	
6.414e+06	6.4035e+06	6.44625e+06	6.42475e+06	6.45325e+06	
6.28675e+06	6.3555e+06	6.38825e+06	6.34475e+06	6.38775e+06	
6.37575e+06	6.348e+06	6.37825e+06	6.4255e+06	6.4065e+06	
6.479e+06	6.464e+06	6.49725e+06	6.5125e+06	6.61525e+06	
6.324e+06	6.43625e+06	6.469e+06	6.49025e+06	6.41525e+06	
6.65725e+06	6.64725e+06	6.68875e+06	6.677e+06	6.69325e+06	
6.6415e+06	6.593e+06	6.7215e+06	6.64675e+06	6.68825e+06	
6.61575e+06	6.6625e+06	6.719e+06	6.6995e+06	6.786e+06	
6.7065e+06	6.78975e+06	6.835e+06	6.76075e+06	6.83375e+06	
6.76375e+06	6.74425e+06	6.8175e+06	6.8205e+06	6.8395e+06	
6.72225e+06	6.68825e+06	6.74425e+06	6.79925e+06	6.835e+06	
6.78275e+06	6.77075e+06	6.8955e+06	6.83825e+06	6.87275e+06	
6.7595e+06	6.721e+06	6.79975e+06	6.823e+06	6.79925e+06	
6.588e+06	6.66875e+06	6.748e+06	6.716e+06	6.7285e+06	
6.64725e+06	6.6675e+06	6.7795e+06	6.653e+06	6.694e+06	
6.70725e+06	6.66875e+06	6.7015e+06	6.76075e+06	6.74175e+06	
6.503e+06	6.51425e+06	6.67125e+06	6.68825e+06	6.5855e+06	
6.6435e+06	6.743e+06	6.72425e+06	6.78025e+06	6.859e+06	
6.71025e+06	6.75825e+06	6.7865e+06	6.811e+06	6.786e+06	
6.87725e+06	6.90375e+06	6.9535e+06	6.9295e+06	6.99375e+06	
6.60875e+06	6.7595e+06	6.8035e+06	6.78775e+06	6.7505e+06	
6.6795e+06	6.68875e+06	6.7645e+06	6.738e+06	6.762e+06	
6.65725e+06	6.84825e+06	6.8135e+06	6.871e+06	6.886e+06	
6.7865e+06	6.85825e+06	6.888e+06	6.91875e+06	6.8925e+06	
6.83625e+06	6.924e+06	6.9195e+06	6.94775e+06	6.97125e+06	
6.91e+06	6.941e+06	6.9075e+06	6.97425e+06	6.881e+06	
7.0335e+06	7.10725e+06	7.10475e+06	7.16725e+06	7.208e+06	
7.03475e+06	7.1735e+06	7.13175e+06	7.18975e+06	7.1445e+06	
7.106e+06	7.19475e+06	7.1325e+06	7.1305e+06	7.2055e+06	
7.10275e+06	7.123e+06	7.18225e+06	7.15775e+06	7.072e+06	
6.99775e+06	7.12875e+06	7.125e+06	7.17475e+06	7.1105e+06	
6.90175e+06	6.9385e+06	6.961e+06	6.93325e+06	6.956e+06	
7.002e+06	7.07775e+06	7.1375e+06	7.19925e+06	7.13875e+06	
7.14075e+06	7.18925e+06	7.256e+06	7.2225e+06	7.29e+06	
7.30825e+06	7.35375e+06	7.4425e+06	7.334e+06	7.4375e+06	
7.549e+06	7.689e+06	7.6705e+06	7.66675e+06	7.6535e+06	
7.5275e+06	7.59625e+06	7.58625e+06	7.67575e+06	7.72475e+06	
7.5465e+06	7.578e+06	7.755e+06	7.62075e+06	7.59825e+06	
7.486e+06	7.47975e+06	7.547e+06	7.508e+06	7.5175e+06	
7.62025e+06	7.745e+06	7.7375e+06	7.68825e+06	7.75125e+06	
7.6535e+06	7.6555e+06	7.7595e+06	7.72725e+06	7.769e+06	
7.7765e+06	7.764e+06	7.861e+06	7.8465e+06	7.85325e+06	
7.9825e+06	8.036e+06	8.11675e+06	8.0625e+06	8.07525e+06	
8.03675e+06	8.026e+06	8.1425e+06	8.1685e+06	8.12925e+06	
8.01525e+06	8.113e+06	8.04625e+06	8.203e+06	8.1565e+06	
7.8975e+06	8.086e+06	8.074e+06	8.0045e+06	8.00775e+06	
8.062e+06	8.05575e+06	8.16225e+06	8.086e+06	8.07775e+06	
8.1465e+06	8.06575e+06	8.18175e+06	8.19875e+06	8.1785e+06	
8.02725e+06	8.14375e+06	8.1735e+06	8.2075e+06	8.2585e+06	
8.251e+06	8.25425e+06	8.3455e+06	8.365e+06	8.45775e+06	
8.50675e+06	8.39475e+06	8.57625e+06	8.6045e+06	8.50675e+06	
8.73675e+06	8.68825e+06	8.8155e+06	8.82325e+06	8.8415e+06	
8.672e+06	8.65425e+06	8.7575e+06	8.74825e+06	8.72175e+06	
8.723e+06	8.76025e+06	8.7885e+06	8.81425e+06	8.76825e+06	
8.7305e+06	8.70275e+06	8.8055e+06	8.83525e+06	8.90075e+06	
8.91125e+06	9.11125e+06	9.05575e+06	9.07325e+06	9.161e+06	
9.0335e+06	9.07775e+06	9.07075e+06	9.05325e+06	9.0405e+06	
9.023e+06	9.062e+06	8.97625e+06	9.09225e+06	9.17225e+06	
9.1755e+06	9.261e+06	9.32275e+06	9.336e+06	9.382e+06	
9.193e+06	9.2045e+06	9.30275e+06	9.365e+06	9.403e+06	
9.12375e+06	9.23475e+06	9.42125e+06	9.207e+06	9.29775e+06	
9.3965e+06	9.3255e+06	9.3355e+06	9.43375e+06	9.357e+06	
9.5485e+06	9.60825e+06	9.64225e+06	9.63225e+06	9.66625e+06	
9.44075e+06	9.616e+06	9.6695e+06	9.59325e+06	9.67e+06	
9.49875e+06	9.69725e+06	9.75525e+06	9.75e+06	9.798e+06	
9.55725e+06	9.469e+06	9.648e+06	9.69075e+06	9.6605e+06	
9.587e+06	9.59125e+06	9.74e+06	9.7525e+06	9.6435e+06	
9.5995e+06	9.6575e+06	9.7085e+06	9.633e+06	9.6915e+06	
9.62525e+06	9.7155e+06	9.684e+06	9.78975e+06	9.6845e+06	
9.49675e+06	9.46975e+06	9.75575e+06	9.655e+06	9.5175e+06	
9.7325e+06	9.78675e+06	9.83325e+06	9.866e+06	9.8485e+06	
9.57e+06	9.60075e+06	9.713e+06	9.704e+06	9.68775e+06	
9.24975e+06	9.435e+06	9.53575e+06	9.49925e+06	9.41425e+06	
8.868e+06	8.86925e+06	8.8585e+06	8.93275e+06	9.002e+06	
8.4355e+06	8.58625e+06	8.55025e+06	8.5945e+06	8.59e+06	
8.3985e+06	8.486e+06	8.571e+06	8.5875e+06	8.517e+06	
8.65625e+06	8.7765e+06	8.93225e+06	8.89e+06	8.8325e+06	
9.1515e+06	9.21625e+06	9.36e+06	9.31025e+06	9.41425e+06	
9.5e+06	9.54975e+06	9.67075e+06	9.60325e+06	9.57e+06	
9.84975e+06	9.846e+06	9.9865e+06	9.97075e+06	1.0043e+07	
9.999e+06	1.00048e+07	1.02402e+07	1.00695e+07	1.0173e+07	
9.94975e+06	9.9775e+06	1.00185e+07	1.0028e+07	1.00052e+07	
1.00035e+07	1.00148e+07	1.0118e+07	1.0093e+07	1.0188e+07	
1.02498e+07	1.03375e+07	1.0374e+07	1.04048e+07	1.04218e+07	
1.05755e+07	1.05232e+07	1.059e+07	1.06562e+07	1.07055e+07	
1.0691e+07	1.08382e+07	1.09198e+07	1.08962e+07	1.0875e+07	
1.06828e+07	1.0708e+07	1.0723e+07	1.07988e+07	1.0795e+07	
1.07885e+07	1.0846e+07	1.09732e+07	1.09985e+07	1.09645e+07	
1.06438e+07	1.07212e+07	1.0674e+07	1.0638e+07	1.0781e+07	
1.04295e+07	1.04855e+07	1.05618e+07	1.05845e+07	1.05095e+07	
1.03638e+07	1.03985e+07	1.03998e+07	1.04452e+07	1.0486e+07	
1.03608e+07	1.03658e+07	1.043e+07	1.04072e+07	1.04772e+07	
1.04325e+07	1.06152e+07	1.07582e+07	1.0597e+07	1.06252e+07	
1.07395e+07	1.08315e+07	1.0965e+07	1.09058e+07	1.09418e+07	
1.08075e+07	1.07942e+07	1.09645e+07	1.09302e+07	1.08402e+07	
1.08125e+07	1.08805e+07	1.09542e+07	1.09102e+07	1.09165e+07	
1.09335e+07	1.1086e+07	1.11208e+07	1.10578e+07	1.10052e+07	
1.12062e+07	1.11262e+07	1.12115e+07	1.12845e+07	1.12812e+07	
1.12688e+07	1.12392e+07	1.1485e+07	1.15032e+07	1.14962e+07	
1.11578e+07	1.13645e+07	1.13575e+07	1.14125e+07	1.13948e+07	
1.12158e+07	1.12712e+07	1.14622e+07	1.1352e+07	1.13652e+07	
1.12675e+07	1.12655e+07	1.13728e+07	1.1393e+07	1.1345e+07	
1.12692e+07	1.1403e+07	1.13588e+07	1.13852e+07	1.14578e+07	
1.1333e+07	1.13312e+07	1.13772e+07	1.14288e+07	1.14875e+07	
1.14478e+07	1.14402e+07	1.151e+07	1.15145e+07	1.15348e+07	
1.14742e+07	1.14578e+07	1.1541e+07	1.15258e+07	1.16272e+07	
1.1364e+07	1.12978e+07	1.15025e+07	1.15075e+07	1.15088e+07	
1.12252e+07	1.1137e+07	1.1289e+07	1.12655e+07	1.13405e+07	
1.11005e+07	1.10998e+07	1.1154e+07	1.12858e+07	1.12385e+07	
1.10682e+07	1.10595e+07	1.12812e+07	1.11648e+07	1.1142e+07	
1.12655e+07	1.1265e+07	1.1386e+07	1.1381e+07	1.13652e+07	
1.12498e+07	1.12152e+07	1.13695e+07	1.13822e+07	1.15782e+07	
1.12498e+07	1.12902e+07	1.128e+07	1.13205e+07	1.1432e+07	
1.10412e+07	1.10772e+07	1.12945e+07	1.12902e+07	1.13482e+07	
1.08938e+07	1.10155e+07	1.10848e+07	1.1115e+07	1.1067e+07	
1.0878e+07	1.08308e+07	1.10462e+07	1.105e+07	1.10665e+07	
1.08975e+07	1.1004e+07	1.1009e+07	1.10632e+07	1.0931e+07	
1.07172e+07	1.0817e+07	1.0933e+07	1.09518e+07	1.10028e+07	
1.08755e+07	1.08755e+07	1.09555e+07	1.09695e+07	1.1059e+07	
1.08912e+07	1.10702e+07	1.10242e+07	1.10608e+07	1.1009e+07	
1.11075e+07	1.11685e+07	1.13078e+07	1.1389e+07	1.13695e+07	
1.1289e+07	1.13455e+07	1.13745e+07	1.14458e+07	1.1381e+07	
1.11458e+07	1.13078e+07	1.1391e+07	1.13878e+07	1.1403e+07	
1.11465e+07	1.11138e+07	1.1275e+07	1.13148e+07	1.13898e+07	
1.10222e+07	1.1098e+07	1.1255e+07	1.11182e+07	1.1188e+07	
1.12422e+07	1.12328e+07	1.12655e+07	1.12928e+07	1.1255e+07	
1.1386e+07	1.14018e+07	1.15522e+07	1.13438e+07	1.15705e+07	
1.149e+07	1.14888e+07	1.16058e+07	1.15995e+07	1.16122e+07	
1.1602e+07	1.18138e+07	1.17848e+07	1.18742e+07	1.1895e+07	
1.16462e+07	1.17872e+07	1.17142e+07	1.18415e+07	1.18182e+07	
1.18502e+07	1.1793e+07	1.1948e+07	1.19058e+07	1.19222e+07	
1.15795e+07	1.1633e+07	1.1689e+07	1.17122e+07	1.17312e+07	
1.15232e+07	1.16322e+07	1.17665e+07	1.17558e+07	1.18302e+07	
1.13815e+07	1.14345e+07	1.1643e+07	1.15302e+07	1.1621e+07	
1.1294e+07	1.13028e+07	1.14238e+07	1.14332e+07	1.143e+07	
1.12108e+07	1.1328e+07	1.14092e+07	1.141e+07	1.14345e+07	
1.119e+07	1.1355e+07	1.1498e+07	1.13972e+07	1.14875e+07	
1.17188e+07	1.16135e+07	1.16878e+07	1.17268e+07	1.18058e+07	
1.16492e+07	1.1677e+07	1.1824e+07	1.17478e+07	1.18018e+07	
1.15712e+07	1.165e+07	1.1732e+07	1.17962e+07	1.1807e+07	
1.142e+07	1.16525e+07	1.17175e+07	1.1783e+07	1.1798e+07	
1.14768e+07	1.13525e+07	1.15662e+07	1.15812e+07	1.16948e+07	
1.15112e+07	1.15398e+07	1.16298e+07	1.1691e+07	1.1585e+07	
1.16242e+07	1.1706e+07	1.17042e+07	1.172e+07	1.1766e+07	
1.17578e+07	1.1916e+07	1.19782e+07	1.21025e+07	1.19322e+07	
1.16632e+07	1.1757e+07	1.19165e+07	1.189e+07	1.1972e+07	
1.166e+07	1.16538e+07	1.1749e+07	1.17955e+07	1.17665e+07	
1.1674e+07	1.17005e+07	1.1829e+07	1.17798e+07	1.1868e+07	
1.1604e+07	1.1587e+07	1.17325e+07	1.17388e+07	1.18352e+07	
1.13708e+07	1.14628e+07	1.15265e+07	1.1556e+07	1.14862e+07	
1.1447e+07	1.15372e+07	1.16065e+07	1.15402e+07	1.17175e+07	
1.1297e+07	1.1357e+07	1.14432e+07	1.14692e+07	1.14018e+07	
1.1236e+07	1.11988e+07	1.13298e+07	1.13835e+07	1.1362e+07	
1.1314e+07	1.12378e+07	1.12588e+07	1.13425e+07	1.14602e+07	
1.13588e+07	1.13632e+07	1.14382e+07	1.13972e+07	1.15908e+07	
1.14452e+07	1.15555e+07	1.16695e+07	1.15232e+07	1.16532e+07	
1.15062e+07	1.1604e+07	1.16098e+07	1.14938e+07	1.16405e+07	
1.13922e+07	1.13665e+07	1.1481e+07	1.14685e+07	1.1425e+07	
1.08378e+07	1.09372e+07	1.1071e+07	1.0963e+07	1.10848e+07	
1.04432e+07	1.04022e+07	1.0517e+07	1.04988e+07	1.05075e+07	
1.01395e+07	1.02568e+07	1.02442e+07	1.0248e+07	1.03115e+07	
1.03178e+07	1.0394e+07	1.04792e+07	1.04955e+07	1.03872e+07	
1.0398e+07	1.05568e+07	1.05762e+07	1.06202e+07	1.06562e+07	
1.05012e+07	1.05385e+07	1.06392e+07	1.07595e+07	1.06348e+07	
1.05182e+07	1.06202e+07	1.0708e+07	1.07412e+07	1.0641e+07	
1.08855e+07	1.09078e+07	1.1064e+07	1.09435e+07	1.09972e+07	
1.10002e+07	1.09575e+07	1.11088e+07	1.10968e+07	1.1151e+07	
1.11875e+07	1.13525e+07	1.1456e+07	1.15282e+07	1.13558e+07	
1.14408e+07	1.1481e+07	1.16072e+07	1.15915e+07	1.16412e+07	
1.15378e+07	1.16128e+07	1.151e+07	1.1667e+07	1.15548e+07	
1.16002e+07	1.1628e+07	1.16368e+07	1.16695e+07	1.17722e+07	
1.17142e+07	1.1674e+07	1.17345e+07	1.17628e+07	1.18228e+07	
1.1672e+07	1.16915e+07	1.1844e+07	1.18385e+07	1.18502e+07	
1.1887e+07	1.19148e+07	1.19248e+07	1.19568e+07	1.20172e+07	
1.18372e+07	1.17482e+07	1.19442e+07	1.19228e+07	1.18568e+07	
1.16538e+07	1.17458e+07	1.17072e+07	1.18042e+07	1.17955e+07	
1.16355e+07	1.1623e+07	1.17098e+07	1.16658e+07	1.17578e+07	
1.16518e+07	1.17312e+07	1.18415e+07	1.1706e+07	1.17238e+07	
1.18188e+07	1.1747e+07	1.19348e+07	1.18862e+07	1.1948e+07	
1.20898e+07	1.21842e+07	1.20652e+07	1.21138e+07	1.21302e+07	
1.22542e+07	1.22222e+07	1.22708e+07	1.23495e+07	1.23562e+07	
1.22588e+07	1.23205e+07	1.24748e+07	1.23268e+07	1.23362e+07	
1.2166e+07	1.21818e+07	1.23998e+07	1.23532e+07	1.24212e+07	
1.21428e+07	1.2248e+07	1.2338e+07	1.2321e+07	1.23355e+07	
1.21308e+07	1.22385e+07	1.22455e+07	1.23155e+07	1.22542e+07	
1.18978e+07	1.2037e+07	1.21605e+07	1.19368e+07	1.21302e+07	
1.1585e+07	1.16538e+07	1.16878e+07	1.17338e+07	1.16878e+07	
1.11415e+07	1.11358e+07	1.12145e+07	1.13715e+07	1.12995e+07	
1.12838e+07	1.12605e+07	1.13338e+07	1.14092e+07	1.1384e+07	
1.1343e+07	1.14692e+07	1.15252e+07	1.15428e+07	1.1517e+07	
1.16248e+07	1.16885e+07	1.17085e+07	1.1672e+07	1.18398e+07	
1.18542e+07	1.18282e+07	1.197e+07	1.1941e+07	1.20495e+07	
1.2086e+07	1.21705e+07	1.225e+07	1.22468e+07	1.2207e+07	
1.23085e+07	1.23488e+07	1.23865e+07	1.24055e+07	1.24938e+07	
1.23748e+07	1.25298e+07	1.25908e+07	1.27408e+07	1.26482e+07	
1.23065e+07	1.22915e+07	1.24642e+07	1.23828e+07	1.2541e+07	
1.23582e+07	1.24142e+07	1.24855e+07	1.2495e+07	1.2543e+07	
1.23695e+07	1.24195e+07	1.24918e+07	1.25858e+07	1.2614e+07	
1.2531e+07	1.26065e+07	1.256e+07	1.26968e+07	1.26702e+07	
1.25128e+07	1.26015e+07	1.27918e+07	1.2587e+07	1.26948e+07	
1.25758e+07	1.26285e+07	1.27035e+07	1.25982e+07	1.26665e+07	
1.25725e+07	1.2546e+07	1.2635e+07	1.273e+07	1.2773e+07	
1.23275e+07	1.24982e+07	1.2425e+07	1.24188e+07	1.24258e+07	
1.20085e+07	1.20918e+07	1.20798e+07	1.2188e+07	1.21282e+07	
1.18958e+07	1.19292e+07	1.2052e+07	1.19745e+07	1.2137e+07	
1.1984e+07	1.18755e+07	1.20015e+07	1.21212e+07	1.2047e+07	
1.20292e+07	1.22278e+07	1.2166e+07	1.22605e+07	1.21195e+07	
1.20892e+07	1.22025e+07	1.23148e+07	1.22372e+07	1.22052e+07	
1.20785e+07	1.21515e+07	1.22215e+07	1.2277e+07	1.22012e+07	
1.21472e+07	1.21295e+07	1.22342e+07	1.22708e+07	1.23078e+07	
1.24598e+07	1.2345e+07	1.23578e+07	1.23798e+07	1.24912e+07	
1.23802e+07	1.24515e+07	1.24825e+07	1.25878e+07	1.2531e+07	
1.2488e+07	1.25738e+07	1.26575e+07	1.26165e+07	1.26268e+07	
1.2444e+07	1.25232e+07	1.24598e+07	1.25518e+07	1.25468e+07	
1.22512e+07	1.22828e+07	1.2495e+07	1.24655e+07	1.25762e+07	
1.20872e+07	1.2209e+07	1.22392e+07	1.2146e+07	1.22078e+07	
1.21295e+07	1.21945e+07	1.22538e+07	1.22815e+07	1.2243e+07	
1.21975e+07	1.21382e+07	1.22418e+07	1.22315e+07	1.23185e+07	
1.21402e+07	1.21912e+07	1.2197e+07	1.2243e+07	1.21975e+07	
1.2224e+07	1.22738e+07	1.23192e+07	1.23288e+07	1.24118e+07	
1.22795e+07	1.22568e+07	1.23602e+07	1.2384e+07	1.23972e+07	
1.2173e+07	1.21768e+07	1.22932e+07	1.2422e+07	1.24088e+07	
1.21262e+07	1.21535e+07	1.2393e+07	1.2224e+07	1.23532e+07	
1.19178e+07	1.1977e+07	1.20408e+07	1.2129e+07	1.211e+07	
1.18522e+07	1.17702e+07	1.19682e+07	1.20735e+07	1.1921e+07	
1.15862e+07	1.17578e+07	1.17288e+07	1.18088e+07	1.18295e+07	
1.1691e+07	1.1689e+07	1.17395e+07	1.17925e+07	1.17155e+07	
1.1568e+07	1.17728e+07	1.17855e+07	1.18308e+07	1.18428e+07	
1.17332e+07	1.18485e+07	1.17848e+07	1.17835e+07	1.18925e+07	
1.17938e+07	1.1875e+07	1.20722e+07	1.18718e+07	1.2093e+07	
1.1807e+07	1.18498e+07	1.1936e+07	1.1902e+07	1.19512e+07	
1.17885e+07	1.17552e+07	1.1919e+07	1.19898e+07	1.19865e+07	
1.18182e+07	1.18572e+07	1.20552e+07	1.2074e+07	1.20238e+07	
1.1839e+07	1.18108e+07	1.19732e+07	1.20608e+07	1.1979e+07	
1.19172e+07	1.20632e+07	1.20678e+07	1.20685e+07	1.20665e+07	
1.1979e+07	1.19765e+07	1.19985e+07	1.21352e+07	1.20578e+07	
1.19815e+07	1.21485e+07	1.21158e+07	1.22405e+07	1.2292e+07	
1.19468e+07	1.1994e+07	1.20148e+07	1.20748e+07	1.21668e+07	
1.20218e+07	1.20715e+07	1.21668e+07	1.22108e+07	1.22355e+07	
1.2192e+07	1.21262e+07	1.22605e+07	1.22538e+07	1.21868e+07	
1.19015e+07	1.20702e+07	1.21668e+07	1.21498e+07	1.205e+07	
1.19782e+07	1.21295e+07	1.21258e+07	1.2144e+07	1.2093e+07	
1.19682e+07	1.2103e+07	1.2088e+07	1.20918e+07	1.21618e+07	
1.19645e+07	1.1955e+07	1.20872e+07	1.20602e+07	1.20015e+07	
1.18265e+07	1.20495e+07	1.20445e+07	1.19832e+07	1.19082e+07	
1.17312e+07	1.18282e+07	1.18818e+07	1.1941e+07	1.19342e+07	
1.15138e+07	1.15845e+07	1.17528e+07	1.17748e+07	1.17818e+07	
1.17582e+07	1.1682e+07	1.18648e+07	1.1849e+07	1.17898e+07	
1.18082e+07	1.1742e+07	1.188e+07	1.19252e+07	1.18598e+07	
1.18718e+07	1.1851e+07	1.19758e+07	1.19978e+07	1.19318e+07	
1.1945e+07	1.18485e+07	1.1902e+07	1.20425e+07	1.18888e+07	
1.19335e+07	1.19272e+07	1.20022e+07	1.20185e+07	1.196e+07	
1.17685e+07	1.19355e+07	1.1931e+07	1.19322e+07	1.20855e+07	
1.17955e+07	1.18762e+07	1.1931e+07	1.19475e+07	1.19298e+07	
1.18188e+07	1.18435e+07	1.19765e+07	1.20645e+07	1.20818e+07	
1.16538e+07	1.1812e+07	1.19148e+07	1.1904e+07	1.18962e+07	
1.16795e+07	1.18465e+07	1.19115e+07	1.19348e+07	1.18818e+07	
1.1694e+07	1.18012e+07	1.18825e+07	1.19222e+07	1.1938e+07	
1.18522e+07	1.203e+07	1.20968e+07	1.19488e+07	1.20722e+07	
1.1844e+07	1.1759e+07	1.19745e+07	1.1958e+07	1.1994e+07	
1.18182e+07	1.1834e+07	1.1931e+07	1.18182e+07	1.18675e+07	
1.18472e+07	1.1902e+07	1.1928e+07	1.19172e+07	1.19398e+07	
1.17478e+07	1.18e+07	1.18742e+07	1.18518e+07	1.19348e+07	
1.18162e+07	1.1861e+07	1.19802e+07	1.19078e+07	1.18622e+07	
1.1747e+07	1.18768e+07	1.1996e+07	1.19095e+07	1.1846e+07	
1.18535e+07	1.19095e+07	1.1996e+07	1.20338e+07	1.19588e+07	
1.18932e+07	1.2086e+07	1.19638e+07	1.1999e+07	1.20848e+07	
1.18688e+07	1.20098e+07	1.21062e+07	1.19828e+07	1.2018e+07	
1.19045e+07	1.19165e+07	1.21278e+07	1.2037e+07	1.22525e+07	
1.16392e+07	1.1616e+07	1.18415e+07	1.18932e+07	1.18082e+07	
1.16808e+07	1.1737e+07	1.18228e+07	1.19298e+07	1.18398e+07	
1.1609e+07	1.15618e+07	1.17565e+07	1.16405e+07	1.16708e+07	
1.13822e+07	1.14325e+07	1.15302e+07	1.1481e+07	1.15352e+07	
1.14042e+07	1.14768e+07	1.16355e+07	1.16545e+07	1.1626e+07	
1.13998e+07	1.13632e+07	1.15895e+07	1.16292e+07	1.15965e+07	
1.13955e+07	1.14955e+07	1.15095e+07	1.1582e+07	1.16425e+07	
1.14288e+07	1.14862e+07	1.14822e+07	1.15945e+07	1.15655e+07	
1.1086e+07	1.10848e+07	1.128e+07	1.12492e+07	1.1304e+07	
1.12712e+07	1.12418e+07	1.12302e+07	1.12158e+07	1.12158e+07	
1.10935e+07	1.11938e+07	1.11485e+07	1.1255e+07	1.13192e+07	
1.12945e+07	1.12195e+07	1.1195e+07	1.1369e+07	1.14142e+07	
1.11635e+07	1.12808e+07	1.1289e+07	1.13085e+07	1.13532e+07	
1.1316e+07	1.13822e+07	1.1534e+07	1.15642e+07	1.16242e+07	
1.14552e+07	1.15895e+07	1.14805e+07	1.159e+07	1.15775e+07	
1.14332e+07	1.1461e+07	1.16928e+07	1.16032e+07	1.16355e+07	
1.1393e+07	1.15215e+07	1.16758e+07	1.15825e+07	1.15965e+07	
1.12115e+07	1.13595e+07	1.15032e+07	1.14402e+07	1.14508e+07	
1.13065e+07	1.14212e+07	1.15932e+07	1.14772e+07	1.15978e+07	
1.1386e+07	1.14735e+07	1.14868e+07	1.1418e+07	1.14508e+07	
1.13615e+07	1.14685e+07	1.15152e+07	1.17325e+07	1.16575e+07	
1.15038e+07	1.1534e+07	1.15692e+07	1.15668e+07	1.16128e+07	
1.15178e+07	1.14692e+07	1.15145e+07	1.16268e+07	1.16412e+07	
1.13152e+07	1.14142e+07	1.1507e+07	1.14502e+07	1.1553e+07	
1.1481e+07	1.1456e+07	1.1524e+07	1.15088e+07	1.14975e+07	
1.12738e+07	1.15352e+07	1.14942e+07	1.14918e+07	1.16412e+07	
1.1229e+07	1.13298e+07	1.1471e+07	1.1393e+07	1.16148e+07	
1.12208e+07	1.12378e+07	1.13865e+07	1.1381e+07	1.14188e+07	
1.11282e+07	1.12032e+07	1.13575e+07	1.1435e+07	1.13508e+07	
1.1176e+07	1.12352e+07	1.12568e+07	1.11938e+07	1.12132e+07	
1.10885e+07	1.12472e+07	1.13388e+07	1.136e+07	1.12688e+07	
1.12315e+07	1.12542e+07	1.13852e+07	1.1471e+07	1.14205e+07	
1.13268e+07	1.1372e+07	1.15952e+07	1.14395e+07	1.14622e+07	
1.1369e+07	1.1386e+07	1.14735e+07	1.158e+07	1.15228e+07	
1.1287e+07	1.12878e+07	1.14822e+07	1.15178e+07	1.15598e+07	
1.12418e+07	1.13248e+07	1.13115e+07	1.13915e+07	1.14578e+07	
1.104e+07	1.12152e+07	1.12252e+07	1.11105e+07	1.1176e+07	
1.11578e+07	1.11365e+07	1.12795e+07	1.13695e+07	1.12662e+07	
1.1139e+07	1.12392e+07	1.14042e+07	1.12152e+07	1.1241e+07	
1.10425e+07	1.12568e+07	1.12738e+07	1.13128e+07	1.12982e+07	
1.11282e+07	1.09985e+07	1.13028e+07	1.1236e+07	1.1226e+07	
1.10512e+07	1.11552e+07	1.12232e+07	1.11548e+07	1.11838e+07	
1.08365e+07	1.10148e+07	1.09882e+07	1.1009e+07	1.11025e+07	
1.0803e+07	1.0938e+07	1.10305e+07	1.09852e+07	1.09688e+07	
1.09592e+07	1.0895e+07	1.10065e+07	1.10778e+07	1.10735e+07	
1.09518e+07	1.1028e+07	1.1103e+07	1.11225e+07	1.11818e+07	
1.10595e+07	1.10392e+07	1.11225e+07	1.112e+07	1.1229e+07	
1.11142e+07	1.11962e+07	1.12838e+07	1.13935e+07	1.12788e+07	
1.12025e+07	1.12248e+07	1.12505e+07	1.12568e+07	1.12575e+07	
1.1219e+07	1.127e+07	1.13455e+07	1.14722e+07	1.14105e+07	
1.1214e+07	1.11648e+07	1.13035e+07	1.12878e+07	1.13248e+07	
1.1168e+07	1.12095e+07	1.12058e+07	1.1309e+07	1.13248e+07	
1.12095e+07	1.11382e+07	1.13115e+07	1.1379e+07	1.14088e+07	
1.10545e+07	1.11788e+07	1.12712e+07	1.12115e+07	1.12808e+07	
1.10048e+07	1.11925e+07	1.11825e+07	1.1212e+07	1.11925e+07	
1.09368e+07	1.0883e+07	1.1081e+07	1.10235e+07	1.10968e+07	
1.08932e+07	1.09052e+07	1.1018e+07	1.09928e+07	1.10968e+07	
1.08962e+07	1.09165e+07	1.09472e+07	1.0984e+07	1.10312e+07	
1.09248e+07	1.09342e+07	1.1096e+07	1.09605e+07	1.1071e+07	
1.08838e+07	1.0946e+07	1.10785e+07	1.08698e+07	1.09952e+07	
1.08925e+07	1.09285e+07	1.1185e+07	1.10368e+07	1.10722e+07	
1.0747e+07	1.09348e+07	1.0943e+07	1.10412e+07	1.09272e+07	
1.08282e+07	1.08988e+07	1.1016e+07	1.10168e+07	1.09185e+07	
1.07855e+07	1.08258e+07	1.08648e+07	1.0795e+07	1.07602e+07	
1.07565e+07	1.07445e+07	1.09405e+07	1.08415e+07	1.0837e+07	
1.0641e+07	1.0742e+07	1.08075e+07	1.07632e+07	1.06688e+07	
1.06045e+07	1.07188e+07	1.06058e+07	1.08515e+07	1.07842e+07	
1.0633e+07	1.07665e+07	1.0854e+07	1.08278e+07	1.09222e+07	
1.0783e+07	1.07842e+07	1.08895e+07	1.07508e+07	1.08635e+07	
1.0791e+07	1.08818e+07	1.0883e+07	1.1021e+07	1.09322e+07	
1.08415e+07	1.08428e+07	1.08465e+07	1.08158e+07	1.0931e+07	
1.07552e+07	1.07835e+07	1.07835e+07	1.08775e+07	1.09158e+07	
1.06852e+07	1.07608e+07	1.08775e+07	1.09562e+07	1.09265e+07	
1.08875e+07	1.0825e+07	1.09732e+07	1.10425e+07	1.09202e+07	
1.0764e+07	1.08092e+07	1.08212e+07	1.0858e+07	1.09302e+07	
1.08108e+07	1.08012e+07	1.09405e+07	1.10388e+07	1.1018e+07	
1.09468e+07	1.09468e+07	1.09178e+07	1.1018e+07	1.1086e+07	
1.06832e+07	1.0904e+07	1.0892e+07	1.09612e+07	1.09215e+07	
1.07545e+07	1.0917e+07	1.0854e+07	1.09658e+07	1.09762e+07	
1.06688e+07	1.08415e+07	1.08535e+07	1.08692e+07	1.07748e+07	
1.07438e+07	1.0851e+07	1.09108e+07	1.09108e+07	1.09695e+07	
1.0604e+07	1.07868e+07	1.08705e+07	1.09115e+07	1.09115e+07	
1.07532e+07	1.0745e+07	1.08258e+07	1.07495e+07	1.08195e+07	
1.05945e+07	1.06152e+07	1.06845e+07	1.07848e+07	1.07242e+07	
1.0442e+07	1.04048e+07	1.05308e+07	1.05422e+07	1.05542e+07	
1.02795e+07	1.03392e+07	1.05832e+07	1.04598e+07	1.0493e+07	
1.01365e+07	1.0403e+07	1.03638e+07	1.03898e+07	1.0425e+07	
1.0236e+07	1.03848e+07	1.04515e+07	1.04785e+07	1.03815e+07	
1.02322e+07	1.05038e+07	1.05675e+07	1.0529e+07	1.0524e+07	
1.03865e+07	1.05018e+07	1.04602e+07	1.0476e+07	1.05812e+07	
1.01855e+07	1.02825e+07	1.04735e+07	1.04722e+07	1.042e+07	
1.02252e+07	1.0304e+07	1.0379e+07	1.03342e+07	1.0352e+07	
1.00972e+07	1.01792e+07	1.01698e+07	1.03418e+07	1.01938e+07	
9.7615e+06	9.79225e+06	9.85975e+06	9.9385e+06	9.9865e+06	
9.50175e+06	9.54975e+06	9.58175e+06	9.718e+06	9.6475e+06	
9.22775e+06	9.391e+06	9.3135e+06	9.44625e+06	9.44825e+06	
9.09225e+06	9.15725e+06	9.275e+06	9.287e+06	9.229e+06	
9.1685e+06	9.25225e+06	9.275e+06	9.345e+06	9.4105e+06	
9.32675e+06	9.321e+06	9.449e+06	9.45325e+06	9.3965e+06	
9.43625e+06	9.5535e+06	9.59e+06	9.5725e+06	9.47025e+06	
9.40425e+06	9.5245e+06	9.568e+06	9.6605e+06	9.57625e+06	
9.704e+06	9.69775e+06	9.71725e+06	9.706e+06	9.745e+06	
9.49925e+06	9.55725e+06	9.687e+06	9.711e+06	9.67075e+06	
9.59825e+06	9.6435e+06	9.70975e+06	9.7905e+06	9.67375e+06	
9.51075e+06	9.62225e+06	9.7135e+06	9.81825e+06	9.8565e+06	
9.4495e+06	9.6165e+06	9.641e+06	9.63025e+06	9.71425e+06	
9.6335e+06	9.677e+06	9.8225e+06	9.58625e+06	9.76825e+06	
9.6e+06	9.61275e+06	9.679e+06	9.74875e+06	9.798e+06	
9.58575e+06	9.61075e+06	9.646e+06	9.7395e+06	9.6865e+06	
9.53525e+06	9.54975e+06	9.69475e+06	9.72925e+06	9.624e+06	
9.495e+06	9.57925e+06	9.62975e+06	9.6015e+06	9.665e+06	
9.39775e+06	9.379e+06	9.621e+06	9.544e+06	9.527e+06	
9.31775e+06	9.4175e+06	9.5225e+06	9.493e+06	9.46975e+06	
9.36e+06	9.418e+06	9.4835e+06	9.549e+06	9.544e+06	
9.42425e+06	9.56725e+06	9.641e+06	9.549e+06	9.61725e+06	
9.48475e+06	9.51325e+06	9.662e+06	9.60825e+06	9.55225e+06	
9.48675e+06	9.5555e+06	9.58175e+06	9.6115e+06	9.64175e+06	
9.5195e+06	9.5515e+06	9.60825e+06	9.53525e+06	9.66125e+06	
9.38975e+06	9.416e+06	9.62525e+06	9.609e+06	9.629e+06	
9.38775e+06	9.522e+06	9.6145e+06	9.66575e+06	9.57e+06	
9.43575e+06	9.41925e+06	9.43175e+06	9.44325e+06	9.38725e+06	
9.39975e+06	9.39025e+06	9.527e+06	9.466e+06	9.59325e+06	
9.35175e+06	9.31775e+06	9.42925e+06	9.44825e+06	9.5605e+06	
9.4255e+06	9.38725e+06	9.46525e+06	9.5315e+06	9.51125e+06	
9.4035e+06	9.43e+06	9.493e+06	9.464e+06	9.58375e+06	
9.4085e+06	9.41175e+06	9.45825e+06	9.58875e+06	9.544e+06	
9.38025e+06	9.32275e+06	9.39725e+06	9.45775e+06	9.4545e+06	
9.28575e+06	9.42e+06	9.428e+06	9.41875e+06	9.4395e+06	
9.41875e+06	9.4055e+06	9.471e+06	9.517e+06	9.5635e+06	
9.0695e+06	9.292e+06	9.2655e+06	9.34425e+06	9.374e+06	
9.2675e+06	9.2315e+06	9.3505e+06	9.24525e+06	9.31025e+06	
9.227e+06	9.2385e+06	9.287e+06	9.27425e+06	9.36125e+06	
9.05375e+06	9.229e+06	9.2385e+06	9.21575e+06	9.321e+06	
9.15025e+06	9.19175e+06	9.29e+06	9.29375e+06	9.3185e+06	
9.15725e+06	9.304e+06	9.2945e+06	9.3045e+06	9.32725e+06	
9.3015e+06	9.30275e+06	9.35825e+06	9.48725e+06	9.38575e+06	
9.377e+06	9.34875e+06	9.54725e+06	9.4715e+06	9.45325e+06	
9.28075e+06	9.32275e+06	9.49875e+06	9.44325e+06	9.5755e+06	
9.27425e+06	9.3845e+06	9.44375e+06	9.505e+06	9.4495e+06	
9.22025e+06	9.32975e+06	9.4565e+06	9.40475e+06	9.46275e+06	
9.33725e+06	9.43e+06	9.4375e+06	9.45325e+06	9.52825e+06	
9.2895e+06	9.3915e+06	9.5095e+06	9.4905e+06	9.39225e+06	
9.37e+06	9.435e+06	9.517e+06	9.40975e+06	9.4205e+06	
9.30525e+06	9.307e+06	9.44625e+06	9.43175e+06	9.282e+06	
9.263e+06	9.1715e+06	9.40475e+06	9.30975e+06	9.311e+06	
9.2145e+06	9.3575e+06	9.428e+06	9.3885e+06	9.3865e+06	
9.21825e+06	9.29075e+06	9.39975e+06	9.39025e+06	9.4105e+06	
9.2435e+06	9.253e+06	9.38975e+06	9.35125e+06	9.4275e+06	
9.275e+06	9.28875e+06	9.35825e+06	9.40925e+06	9.314e+06	
9.05625e+06	9.164e+06	9.19e+06	9.29e+06	9.39775e+06	
9.101e+06	9.1225e+06	9.29525e+06	9.28625e+06	9.1925e+06	
9.069e+06	9.20875e+06	9.186e+06	9.1465e+06	9.25475e+06	
9.10925e+06	9.10175e+06	9.186e+06	9.29075e+06	9.24775e+06	
9.01525e+06	9.0665e+06	9.18675e+06	9.13825e+06	9.07775e+06	
9.103e+06	9.0455e+06	9.239e+06	9.144e+06	9.19925e+06	
9.004e+06	9.1155e+06	9.144e+06	9.1635e+06	9.11925e+06	
9.0335e+06	9.13375e+06	9.149e+06	9.06825e+06	9.13e+06	
9.00475e+06	8.96175e+06	9.1375e+06	9.00475e+06	9.021e+06	
9.0255e+06	9.03875e+06	9.18925e+06	9.125e+06	9.15025e+06	
9.033e+06	9.08725e+06	9.07075e+06	9.159e+06	9.193e+06	
8.98325e+06	9.04175e+06	9.13625e+06	9.0355e+06	9.127e+06	
8.88125e+06	8.97125e+06	8.9725e+06	9.009e+06	9.12175e+06	
8.9535e+06	8.9435e+06	9.05375e+06	9.0455e+06	9.08275e+06	
8.88425e+06	8.88625e+06	8.88175e+06	9.002e+06	9.00975e+06	
8.91325e+06	8.91e+06	8.99025e+06	9.0405e+06	9.0715e+06	
8.8155e+06	8.837e+06	8.951e+06	8.90075e+06	8.89e+06	
8.7695e+06	8.86725e+06	8.80225e+06	8.85475e+06	8.96175e+06	
8.66175e+06	8.87975e+06	8.9215e+06	8.873e+06	8.90825e+06	
8.79475e+06	8.83525e+06	8.96375e+06	8.95875e+06	8.87175e+06	
8.72475e+06	8.91e+06	8.975e+06	8.83e+06	8.96675e+06	
8.74575e+06	8.895e+06	8.871e+06	8.91775e+06	8.997e+06	
8.667e+06	8.711e+06	8.8585e+06	8.755e+06	8.791e+06	
8.66375e+06	8.71475e+06	8.7695e+06	8.71725e+06	8.7905e+06	
8.50925e+06	8.643e+06	8.64425e+06	8.68325e+06	8.689e+06	
8.4885e+06	8.56475e+06	8.5805e+06	8.7085e+06	8.66875e+06	
8.5565e+06	8.58375e+06	8.70025e+06	8.62275e+06	8.59325e+06	
8.48225e+06	8.54325e+06	8.63225e+06	8.6095e+06	8.66e+06	
8.6265e+06	8.694e+06	8.6895e+06	8.694e+06	8.64225e+06	
8.6455e+06	8.6555e+06	8.69525e+06	8.70225e+06	8.7865e+06	
8.57925e+06	8.6795e+06	8.73125e+06	8.70725e+06	8.85725e+06	
8.5225e+06	8.6235e+06	8.74825e+06	8.648e+06	8.70975e+06	
8.69075e+06	8.636e+06	8.81875e+06	8.7355e+06	8.7305e+06	
8.5705e+06	8.67325e+06	8.78975e+06	8.6895e+06	8.75825e+06	
8.6265e+06	8.65175e+06	8.849e+06	8.81125e+06	8.89625e+06	
8.6385e+06	8.68275e+06	8.7665e+06	8.82625e+06	8.86725e+06	
8.55475e+06	8.6985e+06	8.74325e+06	8.78775e+06	8.868e+06	
8.73625e+06	8.71225e+06	8.781e+06	8.7695e+06	8.796e+06	
8.62025e+06	8.69975e+06	8.7575e+06	8.86275e+06	8.825e+06	
8.61575e+06	8.6335e+06	8.709e+06	8.7115e+06	8.63225e+06	
8.5925e+06	8.602e+06	8.76525e+06	8.66125e+06	8.64425e+06	
8.56725e+06	8.435e+06	8.6725e+06	8.5565e+06	8.6505e+06	
8.61275e+06	8.554e+06	8.60825e+06	8.63925e+06	8.6095e+06	
8.3795e+06	8.37e+06	8.50375e+06	8.64925e+06	8.6e+06	
8.36825e+06	8.4905e+06	8.49425e+06	8.45125e+06	8.4885e+06	
8.421e+06	8.5275e+06	8.442e+06	8.50675e+06	8.45825e+06	
8.36075e+06	8.423e+06	8.39775e+06	8.4685e+06	8.5145e+06	
8.246e+06	8.2265e+06	8.38075e+06	8.37125e+06	8.3765e+06	
8.1545e+06	8.21875e+06	8.36875e+06	8.336e+06	8.27e+06	
8.14e+06	8.268e+06	8.35425e+06	8.222e+06	8.341e+06	
8.13e+06	8.3065e+06	8.217e+06	8.246e+06	8.2e+06	
8.01525e+06	8.12175e+06	8.113e+06	8.205e+06	8.16525e+06	
8.06375e+06	8.1685e+06	8.1715e+06	8.1805e+06	8.106e+06	
8.06825e+06	8.1785e+06	8.17025e+06	8.27875e+06	8.29125e+06	
8.07775e+06	8.16275e+06	8.166e+06	8.2435e+06	8.12875e+06	
8.06125e+06	8.17975e+06	8.26875e+06	8.1885e+06	8.17675e+06	
8.033e+06	8.0505e+06	8.007e+06	8.13375e+06	8.09025e+06	
7.8275e+06	7.94525e+06	8.01275e+06	8.103e+06	8.07325e+06	
7.898e+06	7.89125e+06	8.00325e+06	7.8835e+06	7.93275e+06	
7.80675e+06	7.96925e+06	8.01725e+06	8.031e+06	7.9435e+06	
7.7695e+06	7.888e+06	7.9505e+06	7.87725e+06	7.84275e+06	
7.8755e+06	7.86025e+06	7.973e+06	7.907e+06	7.92025e+06	
7.8055e+06	7.84025e+06	7.92825e+06	7.83075e+06	7.97625e+06	
7.83075e+06	7.79275e+06	7.85775e+06	7.852e+06	7.86775e+06	
7.71925e+06	7.827e+06	7.76775e+06	7.8615e+06	7.77775e+06	
7.74625e+06	7.83075e+06	7.888e+06	7.806e+06	7.905e+06	
7.856e+06	7.823e+06	7.917e+06	7.81875e+06	7.9045e+06	
7.6845e+06	7.769e+06	7.76525e+06	7.75125e+06	7.72725e+06	
7.68325e+06	7.7575e+06	7.77025e+06	7.772e+06	7.755e+06	
7.64025e+06	7.6535e+06	7.72225e+06	7.699e+06	7.73875e+06	
7.60825e+06	7.61025e+06	7.70975e+06	7.7165e+06	7.63975e+06	
7.5825e+06	7.6505e+06	7.626e+06	7.69775e+06	7.6435e+06	
7.7375e+06	7.752e+06	7.8105e+06	7.8035e+06	7.79025e+06	
7.6485e+06	7.706e+06	7.69325e+06	7.79275e+06	7.80425e+06	
7.4735e+06	7.54975e+06	7.67325e+06	7.6555e+06	7.646e+06	
7.58e+06	7.5755e+06	7.643e+06	7.6795e+06	7.6575e+06	
7.52125e+06	7.597e+06	7.60125e+06	7.69025e+06	7.658e+06	
7.4425e+06	7.547e+06	7.7185e+06	7.714e+06	7.66175e+06	
7.493e+06	7.58925e+06	7.646e+06	7.774e+06	7.66375e+06	
7.55775e+06	7.57175e+06	7.58175e+06	7.66125e+06	7.65175e+06	
7.4155e+06	7.484e+06	7.57425e+06	7.52325e+06	7.631e+06	
7.48725e+06	7.4835e+06	7.5585e+06	7.56275e+06	7.588e+06	
7.33925e+06	7.4255e+06	7.5175e+06	7.474e+06	7.585e+06	
7.46525e+06	7.49975e+06	7.54075e+06	7.56925e+06	7.52825e+06	
7.532e+06	7.48225e+06	7.5125e+06	7.4865e+06	7.59875e+06	
7.41425e+06	7.42925e+06	7.4985e+06	7.52325e+06	7.5585e+06	
7.47525e+06	7.46075e+06	7.5245e+06	7.60875e+06	7.5875e+06	
7.44625e+06	7.404e+06	7.54575e+06	7.56925e+06	7.597e+06	
7.4425e+06	7.43e+06	7.426e+06	7.5655e+06	7.49675e+06	
7.3335e+06	7.3895e+06	7.60875e+06	7.47975e+06	7.51825e+06	
7.34425e+06	7.392e+06	7.4015e+06	7.50925e+06	7.4715e+06	
7.30775e+06	7.36875e+06	7.3525e+06	7.4035e+06	7.41925e+06	
7.31825e+06	7.35425e+06	7.33925e+06	7.38e+06	7.3575e+06	
7.11225e+06	7.217e+06	7.23025e+06	7.24975e+06	7.205e+06	
7.12125e+06	7.22825e+06	7.28375e+06	7.19425e+06	7.242e+06	
7.15275e+06	7.0065e+06	7.2295e+06	7.18725e+06	7.225e+06	
7.099e+06	7.0845e+06	7.229e+06	7.2605e+06	7.183e+06	
7.02775e+06	7.10975e+06	7.217e+06	7.133e+06	7.133e+06	
7.033e+06	7.094e+06	7.101e+06	7.176e+06	7.183e+06	
6.9995e+06	7.03425e+06	7.17525e+06	7.04225e+06	7.084e+06	
7.08825e+06	7.08325e+06	7.1255e+06	7.02025e+06	7.13875e+06	
6.9675e+06	6.98125e+06	7.01475e+06	7.07325e+06	6.96225e+06	
7.02225e+06	7.08975e+06	7.12925e+06	7.1445e+06	7.0765e+06	
6.973e+06	7.09225e+06	7.152e+06	7.1305e+06	7.072e+06	
6.98325e+06	6.956e+06	7.106e+06	6.97425e+06	7.06325e+06	
6.997e+06	6.96425e+06	6.96925e+06	7.1155e+06	7.05625e+06	
7.0095e+06	6.9675e+06	7.00825e+06	7.08775e+06	7.00075e+06	
6.74125e+06	6.9675e+06	6.985e+06	7.02025e+06	7.02025e+06	
6.782e+06	6.869e+06	6.874e+06	6.97175e+06	6.96475e+06	
6.79725e+06	6.74925e+06	6.852e+06	6.92e+06	6.808e+06	
6.711e+06	6.731e+06	6.8495e+06	6.87725e+06	6.811e+06	
6.80675e+06	6.808e+06	6.796e+06	6.82425e+06	6.748e+06	
6.675e+06	6.6705e+06	6.774e+06	6.789e+06	6.779e+06	
6.6295e+06	6.69825e+06	6.70075e+06	6.71475e+06	6.682e+06	
6.631e+06	6.5855e+06	6.6915e+06	6.622e+06	6.6165e+06	
6.4595e+06	6.52375e+06	6.651e+06	6.61825e+06	6.65925e+06	
6.42675e+06	6.51675e+06	6.54825e+06	6.61575e+06	6.6165e+06	
6.56475e+06	6.50725e+06	6.53375e+06	6.47325e+06	6.64725e+06	
6.4865e+06	6.4885e+06	6.564e+06	6.561e+06	6.5875e+06	
6.36625e+06	6.4015e+06	6.4205e+06	6.45125e+06	6.5295e+06	
6.2945e+06	6.411e+06	6.394e+06	6.3675e+06	6.43625e+06	
6.28675e+06	6.3285e+06	6.34425e+06	6.34475e+06	6.421e+06	
6.24025e+06	6.32725e+06	6.237e+06	6.3505e+06	6.38075e+06	
6.32325e+06	6.44375e+06	6.4085e+06	6.353e+06	6.47075e+06	
6.3285e+06	6.351e+06	6.43625e+06	6.375e+06	6.3915e+06	
6.387e+06	6.3775e+06	6.39525e+06	6.49925e+06	6.45575e+06	
6.35925e+06	6.31075e+06	6.401e+06	6.39825e+06	6.37625e+06	
6.23275e+06	6.266e+06	6.4205e+06	6.36e+06	6.346e+06	
6.322e+06	6.302e+06	6.404e+06	6.36375e+06	6.33775e+06	
6.2905e+06	6.27425e+06	6.36625e+06	6.43375e+06	6.394e+06	
6.271e+06	6.45375e+06	6.363e+06	6.4745e+06	6.46275e+06	
6.256e+06	6.40025e+06	6.42925e+06	6.438e+06	6.3675e+06	
6.2705e+06	6.36425e+06	6.3795e+06	6.372e+06	6.41675e+06	
6.26725e+06	6.3455e+06	6.341e+06	6.33475e+06	6.43675e+06	
6.20875e+06	6.2295e+06	6.29325e+06	6.30075e+06	6.34725e+06	
6.23325e+06	6.2275e+06	6.263e+06	6.26675e+06	6.3e+06	
6.13125e+06	6.24075e+06	6.249e+06	6.28375e+06	6.2875e+06	
6.065e+06	6.10725e+06	6.19675e+06	6.121e+06	6.1885e+06	
6.01975e+06	5.983e+06	6.03225e+06	6.014e+06	6.00575e+06	
5.72525e+06	5.774e+06	5.891e+06	5.88475e+06	5.83375e+06	
5.5715e+06	5.58475e+06	5.687e+06	5.61825e+06	5.65925e+06	
5.363e+06	5.41275e+06	5.47825e+06	5.4205e+06	5.47275e+06	
5.43175e+06	5.48075e+06	5.498e+06	5.46375e+06	5.56025e+06	
5.49725e+06	5.55575e+06	5.506e+06	5.6145e+06	5.62775e+06	
5.673e+06	5.61625e+06	5.72675e+06	5.70575e+06	5.615e+06	
5.76e+06	5.69075e+06	5.78325e+06	5.709e+06	5.7595e+06	
5.84575e+06	5.905e+06	5.8885e+06	5.88975e+06	5.95475e+06	
5.946e+06	5.857e+06	5.94075e+06	5.98825e+06	5.9685e+06	
5.893e+06	5.95225e+06	5.95525e+06	5.983e+06	5.98175e+06	
5.9075e+06	5.99375e+06	6.014e+06	6.05125e+06	6.06375e+06	
6.02525e+06	6.021e+06	6.0095e+06	6.12625e+06	6.0745e+06	
6.014e+06	6.08025e+06	6.063e+06	6.01575e+06	6.11175e+06	
5.97625e+06	5.987e+06	6.0645e+06	6.08025e+06	6.1275e+06	
6.063e+06	6.1545e+06	6.036e+06	6.14825e+06	6.0745e+06	
5.9855e+06	5.9975e+06	6.09725e+06	6.08525e+06	6.12175e+06	
5.96675e+06	6.05875e+06	6.09325e+06	5.95925e+06	6.0895e+06	
5.94475e+06	5.9685e+06	6.07625e+06	6.05e+06	6.0235e+06	
6.0115e+06	6.067e+06	6.0795e+06	6.06825e+06	6.116e+06	
6.06625e+06	6.09025e+06	6.08525e+06	6.0605e+06	6.08075e+06	
6.01575e+06	6.09025e+06	6.063e+06	6.1765e+06	6.18475e+06	
6e+06	6.021e+06	6.0525e+06	6.1035e+06	6.121e+06	
6.031e+06	6.06175e+06	6.021e+06	6.072e+06	6.041e+06	
5.8905e+06	5.92575e+06	6.0165e+06	6.02475e+06	6.06875e+06	
5.929e+06	5.9975e+06	5.97375e+06	5.97175e+06	5.95675e+06	
5.9265e+06	5.95725e+06	6.0185e+06	6.00825e+06	6.02725e+06	
5.823e+06	5.8935e+06	5.87775e+06	5.96675e+06	5.9515e+06	
5.82925e+06	5.971e+06	5.95925e+06	6.043e+06	6.0625e+06	
5.816e+06	5.9775e+06	5.908e+06	6.03675e+06	5.95275e+06	
5.9195e+06	5.886e+06	6.0115e+06	5.9925e+06	5.995e+06	
5.87525e+06	5.9515e+06	5.92775e+06	5.9655e+06	5.97875e+06	
5.864e+06	5.9245e+06	5.937e+06	5.91575e+06	5.89425e+06	
5.90875e+06	5.9005e+06	5.9825e+06	6.026e+06	5.96225e+06	
5.823e+06	5.87475e+06	5.99e+06	5.95725e+06	5.94025e+06	
5.86975e+06	5.825e+06	6.02025e+06	5.89475e+06	5.8735e+06	
5.787e+06	5.8565e+06	5.89225e+06	5.90125e+06	5.946e+06	
5.784e+06	5.837e+06	5.83825e+06	5.893e+06	5.86725e+06	
5.73175e+06	5.87775e+06	5.8735e+06	5.818e+06	5.9e+06	
5.78325e+06	5.7675e+06	5.85325e+06	5.88975e+06	5.852e+06	
5.789e+06	5.86275e+06	5.9225e+06	5.92e+06	5.91825e+06	
5.79225e+06	5.84325e+06	5.8495e+06	5.835e+06	5.816e+06	
5.83825e+06	5.828e+06	5.81225e+06	5.888e+06	5.891e+06	
5.753e+06	5.7885e+06	5.83625e+06	5.81475e+06	5.88475e+06	
5.77e+06	5.74675e+06	5.84125e+06	5.80425e+06	5.852e+06	
5.69075e+06	5.753e+06	5.79025e+06	5.79275e+06	5.806e+06	
5.68625e+06	5.738e+06	5.7575e+06	5.75175e+06	5.75125e+06	
5.63075e+06	5.65975e+06	5.8035e+06	5.7115e+06	5.7745e+06	
5.6315e+06	5.73225e+06	5.70825e+06	5.74675e+06	5.7675e+06	
5.6295e+06	5.69775e+06	5.69075e+06	5.7235e+06	5.7045e+06	
5.5835e+06	5.6365e+06	5.65475e+06	5.67375e+06	5.69075e+06	
5.6485e+06	5.552e+06	5.6535e+06	5.709e+06	5.6845e+06	
5.646e+06	5.55975e+06	5.70075e+06	5.6585e+06	5.699e+06	
5.583e+06	5.70275e+06	5.77275e+06	5.64725e+06	5.6345e+06	
5.63775e+06	5.58475e+06	5.7625e+06	5.76125e+06	5.7355e+06	
5.57025e+06	5.617e+06	5.692e+06	5.69775e+06	5.663e+06	
5.675e+06	5.65925e+06	5.743e+06	5.675e+06	5.719e+06	
5.58925e+06	5.66175e+06	5.69575e+06	5.636e+06	5.60825e+06	
5.52625e+06	5.5635e+06	5.6345e+06	5.6415e+06	5.624e+06	
5.53325e+06	5.56225e+06	5.55525e+06	5.629e+06	5.663e+06	
5.50975e+06	5.542e+06	5.5905e+06	5.644e+06	5.576e+06	
5.53825e+06	5.61325e+06	5.67425e+06	5.7045e+06	5.57025e+06	
5.484e+06	5.44425e+06	5.508e+06	5.55025e+06	5.641e+06	
5.4965e+06	5.52625e+06	5.649e+06	5.57425e+06	5.59425e+06	
5.52e+06	5.469e+06	5.5565e+06	5.5905e+06	5.5685e+06	
5.47575e+06	5.47275e+06	5.54125e+06	5.53e+06	5.62575e+06	
5.4985e+06	5.52125e+06	5.58425e+06	5.5425e+06	5.57675e+06	
5.49275e+06	5.53e+06	5.53875e+06	5.59175e+06	5.5855e+06	
5.46775e+06	5.52175e+06	5.54775e+06	5.552e+06	5.5295e+06	
5.47325e+06	5.445e+06	5.4965e+06	5.54775e+06	5.57275e+06	
5.40725e+06	5.42675e+06	5.52825e+06	5.4985e+06	5.48725e+06	
5.392e+06	5.489e+06	5.503e+06	5.5225e+06	5.47025e+06	
5.41775e+06	5.341e+06	5.363e+06	5.44875e+06	5.44425e+06	
5.40775e+06	5.40725e+06	5.44675e+06	5.44375e+06	5.45375e+06	
5.41475e+06	5.41025e+06	5.44125e+06	5.452e+06	5.4305e+06	
5.28425e+06	5.346e+06	5.38125e+06	5.3945e+06	5.39775e+06	
5.32575e+06	5.38075e+06	5.365e+06	5.409e+06	5.452e+06	
5.33525e+06	5.3245e+06	5.445e+06	5.4575e+06	5.48725e+06	
5.29625e+06	5.3965e+06	5.4065e+06	5.4285e+06	5.387e+06	
5.302e+06	5.334e+06	5.382e+06	5.36875e+06	5.4525e+06	
5.2685e+06	5.38625e+06	5.43175e+06	5.36625e+06	5.3415e+06	
5.2905e+06	5.23325e+06	5.29375e+06	5.356e+06	5.268e+06	
5.3265e+06	5.24575e+06	5.2805e+06	5.40275e+06	5.327e+06	
5.18725e+06	5.2465e+06	5.31825e+06	5.26725e+06	5.3145e+06	
5.1325e+06	5.20475e+06	5.28425e+06	5.27425e+06	5.273e+06	
5.19475e+06	5.17075e+06	5.22125e+06	5.20225e+06	5.24525e+06	
5.16325e+06	5.12175e+06	5.25775e+06	5.2415e+06	5.181e+06	
5.118e+06	5.186e+06	5.12675e+06	5.227e+06	5.13625e+06	
5.10275e+06	5.1185e+06	5.14175e+06	5.155e+06	5.21425e+06	
5.0675e+06	5.051e+06	5.19425e+06	5.1375e+06	5.1355e+06	
5.0485e+06	5.12475e+06	5.1325e+06	5.13925e+06	5.089e+06	
4.96725e+06	4.915e+06	4.9995e+06	5.053e+06	5.0165e+06	
4.8035e+06	4.821e+06	4.8545e+06	4.8715e+06	4.8815e+06	
4.48075e+06	4.51875e+06	4.55575e+06	4.537e+06	4.55275e+06	
4.23625e+06	4.276e+06	4.327e+06	4.31e+06	4.3195e+06	
4.09825e+06	4.1625e+06	4.0995e+06	4.16775e+06	4.14375e+06	
4.143e+06	4.135e+06	4.157e+06	4.143e+06	4.169e+06	
4.143e+06	4.16825e+06	4.111e+06	4.167e+06	4.2175e+06	
4.1645e+06	4.20725e+06	4.19975e+06	4.21425e+06	4.1765e+06	
4.1545e+06	4.1885e+06	4.152e+06	4.198e+06	4.2225e+06	
4.16375e+06	4.2415e+06	4.2615e+06	4.20225e+06	4.29e+06	
4.167e+06	4.177e+06	4.247e+06	4.254e+06	4.2685e+06	
4.2375e+06	4.2225e+06	4.261e+06	4.334e+06	4.286e+06	
4.31375e+06	4.261e+06	4.30375e+06	4.26975e+06	4.23825e+06	
4.2875e+06	4.269e+06	4.271e+06	4.33075e+06	4.27975e+06	
4.2735e+06	4.31075e+06	4.438e+06	4.34525e+06	4.32525e+06	
4.31375e+06	4.36925e+06	4.38325e+06	4.293e+06	4.3825e+06	
4.28875e+06	4.3505e+06	4.36625e+06	4.4115e+06	4.44175e+06	
4.38125e+06	4.38875e+06	4.433e+06	4.465e+06	4.3925e+06	
4.4765e+06	4.43175e+06	4.45175e+06	4.5255e+06	4.52175e+06	
4.42925e+06	4.50025e+06	4.4795e+06	4.49775e+06	4.50425e+06	
4.41275e+06	4.428e+06	4.4385e+06	4.378e+06	4.3775e+06	
4.3635e+06	4.4235e+06	4.49025e+06	4.4385e+06	4.4335e+06	
4.324e+06	4.44125e+06	4.462e+06	4.43175e+06	4.361e+06	
4.344e+06	4.368e+06	4.3175e+06	4.3335e+06	4.3465e+06	
4.22425e+06	4.30575e+06	4.33275e+06	4.28925e+06	4.339e+06	
4.244e+06	4.26275e+06	4.29375e+06	4.34775e+06	4.4215e+06	
4.26725e+06	4.319e+06	4.31575e+06	4.34925e+06	4.34775e+06	
4.30175e+06	4.25075e+06	4.2925e+06	4.34025e+06	4.3365e+06	
4.201e+06	4.2785e+06	4.25725e+06	4.29125e+06	4.26275e+06	
4.208e+06	4.3175e+06	4.3175e+06	4.31075e+06	4.35975e+06	
4.26775e+06	4.324e+06	4.332e+06	4.3215e+06	4.339e+06	
4.25975e+06	4.33975e+06	4.27225e+06	4.33725e+06	4.29875e+06	
4.37e+06	4.28675e+06	4.43475e+06	4.39325e+06	4.341e+06	
4.35975e+06	4.356e+06	4.39825e+06	4.4405e+06	4.40325e+06	
4.36625e+06	4.382e+06	4.36675e+06	4.37425e+06	4.482e+06	
4.24575e+06	4.283e+06	4.341e+06	4.409e+06	4.32075e+06	
4.3125e+06	4.332e+06	4.37175e+06	4.37625e+06	4.33075e+06	
4.23375e+06	4.29425e+06	4.32325e+06	4.3845e+06	4.2685e+06	
4.20475e+06	4.22175e+06	4.2545e+06	4.2665e+06	4.2155e+06	
4.15625e+06	4.17075e+06	4.16825e+06	4.25275e+06	4.232e+06	
4.14925e+06	4.2445e+06	4.18775e+06	4.21925e+06	4.1765e+06	
4.0605e+06	4.1745e+06	4.1835e+06	4.1815e+06	4.1475e+06	
4.02325e+06	4.1015e+06	4.121e+06	4.14675e+06	4.0725e+06	
4.04925e+06	4.07175e+06	4.09075e+06	4.07125e+06	4.09525e+06	
4.01775e+06	3.96525e+06	4.0095e+06	4.0655e+06	4.0415e+06	
3.9735e+06	4.0025e+06	4.03975e+06	4.05425e+06	4.087e+06	
3.9585e+06	4.00375e+06	4.01825e+06	4.09825e+06	4.06375e+06	
3.9055e+06	3.9785e+06	3.985e+06	3.99125e+06	4.0825e+06	
3.94525e+06	4.036e+06	4.0215e+06	4.0075e+06	3.9905e+06	
3.91675e+06	3.89925e+06	3.964e+06	3.937e+06	3.98175e+06	
3.85325e+06	3.91175e+06	3.9855e+06	3.9755e+06	4.0095e+06	
3.90225e+06	3.93775e+06	3.98375e+06	3.9975e+06	4.02275e+06	
3.9325e+06	3.9995e+06	3.95225e+06	3.9755e+06	4.022e+06	
3.89175e+06	3.99875e+06	4.065e+06	4.014e+06	3.947e+06	
3.9585e+06	3.9495e+06	4.0335e+06	4.0745e+06	4.0535e+06	
3.9275e+06	3.9825e+06	4.02775e+06	3.956e+06	4.036e+06	
3.93325e+06	3.99375e+06	3.983e+06	3.98875e+06	3.942e+06	
3.93575e+06	3.95275e+06	3.97475e+06	3.9535e+06	3.98425e+06	
3.89925e+06	3.9755e+06	3.9125e+06	3.9225e+06	3.99125e+06	
3.89975e+06	3.87525e+06	3.9495e+06	3.92125e+06	3.96225e+06	
3.90675e+06	3.918e+06	3.893e+06	3.88225e+06	3.96975e+06	
3.85575e+06	3.8835e+06	3.92075e+06	3.9365e+06	3.92075e+06	
3.82175e+06	3.947e+06	3.927e+06	3.862e+06	3.9175e+06	
3.87775e+06	3.9055e+06	3.96975e+06	3.91425e+06	3.9035e+06	
3.9155e+06	3.88475e+06	3.96725e+06	3.891e+06	3.9345e+06	
3.83625e+06	3.83425e+06	3.89975e+06	3.88775e+06	3.8715e+06	
3.86325e+06	3.833e+06	3.80775e+06	3.87325e+06	3.97675e+06	
3.83625e+06	3.8325e+06	3.83375e+06	3.8765e+06	3.81225e+06	
3.78275e+06	3.8405e+06	3.86525e+06	3.83e+06	3.82425e+06	
3.76625e+06	3.811e+06	3.83625e+06	3.867e+06	3.86525e+06	
3.7605e+06	3.797e+06	3.80475e+06	3.8065e+06	3.8185e+06	
3.75375e+06	3.8065e+06	3.81675e+06	3.8155e+06	3.82675e+06	
3.75925e+06	3.77625e+06	3.8575e+06	3.864e+06	3.8205e+06	
3.73475e+06	3.7675e+06	3.7725e+06	3.78e+06	3.7745e+06	
3.7115e+06	3.8085e+06	3.77325e+06	3.835e+06	3.843e+06	
3.73525e+06	3.7965e+06	3.76625e+06	3.73025e+06	3.78825e+06	
3.70775e+06	3.729e+06	3.77075e+06	3.81675e+06	3.7895e+06	
3.654e+06	3.73025e+06	3.7145e+06	3.743e+06	3.7335e+06	
3.6705e+06	3.697e+06	3.731e+06	3.717e+06	3.707e+06	
3.72975e+06	3.7845e+06	3.70125e+06	3.66175e+06	3.7335e+06	
3.613e+06	3.598e+06	3.68875e+06	3.695e+06	3.6875e+06	
3.627e+06	3.62625e+06	3.76175e+06	3.68625e+06	3.62375e+06	
3.625e+06	3.64975e+06	3.61e+06	3.65725e+06	3.66725e+06	
3.6245e+06	3.6225e+06	3.6395e+06	3.6805e+06	3.61125e+06	
3.5935e+06	3.59475e+06	3.6465e+06	3.668e+06	3.666e+06	
3.57225e+06	3.61125e+06	3.6225e+06	3.63075e+06	3.6775e+06	
3.5475e+06	3.5645e+06	3.59225e+06	3.60375e+06	3.57975e+06	
3.49475e+06	3.6105e+06	3.62075e+06	3.58925e+06	3.6005e+06	
3.4895e+06	3.50725e+06	3.53875e+06	3.4985e+06	3.4725e+06	
3.45625e+06	3.48825e+06	3.576e+06	3.516e+06	3.51425e+06	
3.42525e+06	3.441e+06	3.48825e+06	3.48775e+06	3.45425e+06	
3.363e+06	3.3295e+06	3.41275e+06	3.39325e+06	3.38125e+06	
3.19525e+06	3.2055e+06	3.2925e+06	3.298e+06	3.32e+06	
3.1385e+06	3.1965e+06	3.16575e+06	3.2225e+06	3.1425e+06	
3.04225e+06	2.9955e+06	3.0605e+06	3.09125e+06	3.08375e+06	
2.93375e+06	3.01825e+06	2.998e+06	2.98475e+06	3.005e+06	
2.92625e+06	2.89725e+06	2.88225e+06	2.97025e+06	2.96225e+06	
2.84125e+06	2.8625e+06	2.85825e+06	2.855e+06	2.85825e+06	
2.72975e+06	2.76375e+06	2.74225e+06	2.85125e+06	2.82475e+06	
2.7335e+06	2.6585e+06	2.74975e+06	2.7655e+06	2.7505e+06	
2.70325e+06	2.73525e+06	2.75675e+06	2.73475e+06	2.717e+06	
2.66925e+06	2.6635e+06	2.69e+06	2.73025e+06	2.7045e+06	
2.726e+06	2.67475e+06	2.726e+06	2.70625e+06	2.741e+06	
2.72075e+06	2.6685e+06	2.654e+06	2.6705e+06	2.70375e+06	
2.705e+06	2.768e+06	2.7245e+06	2.73725e+06	2.746e+06	
2.816e+06	2.828e+06	2.85875e+06	2.872e+06	2.81525e+06	
2.8985e+06	2.9395e+06	2.94525e+06	2.92875e+06	2.9375e+06	
2.961e+06	2.9615e+06	2.98625e+06	3.02525e+06	3.00125e+06	
3.03025e+06	3.0465e+06	3.03075e+06	3.0705e+06	3.10575e+06	
3.06625e+06	3.0775e+06	3.06875e+06	3.08625e+06	3.12725e+06	
3.04975e+06	3.061e+06	3.056e+06	3.0505e+06	3.05975e+06	
3.022e+06	3.056e+06	3.08575e+06	3.0195e+06	3.039e+06	
2.9545e+06	2.97425e+06	3.04025e+06	2.964e+06	2.93325e+06	
2.838e+06	2.8715e+06	2.8575e+06	2.8745e+06	2.90225e+06	
2.8185e+06	2.775e+06	2.91175e+06	2.884e+06	2.9005e+06	
2.8495e+06	2.82975e+06	2.82225e+06	2.862e+06	2.90725e+06	
2.8115e+06	2.8035e+06	2.8115e+06	2.8305e+06	2.855e+06	
2.74975e+06	2.8015e+06	2.79275e+06	2.833e+06	2.729e+06	
2.78125e+06	2.7725e+06	2.78325e+06	2.80225e+06	2.79075e+06	
2.7535e+06	2.741e+06	2.83675e+06	2.71325e+06	2.768e+06	
2.719e+06	2.7315e+06	2.77325e+06	2.734e+06	2.77325e+06	
2.71275e+06	2.77125e+06	2.77575e+06	2.74975e+06	2.7315e+06	
2.80275e+06	2.77825e+06	2.81025e+06	2.838e+06	2.76925e+06	
2.80475e+06	2.804e+06	2.77125e+06	2.80475e+06	2.86825e+06	
2.70625e+06	2.72275e+06	2.78575e+06	2.78075e+06	2.7725e+06	
2.7115e+06	2.78825e+06	2.7775e+06	2.71775e+06	2.7575e+06	
2.736e+06	2.748e+06	2.746e+06	2.78375e+06	2.79575e+06	
2.79775e+06	2.78125e+06	2.7575e+06	2.7335e+06	2.78575e+06	
2.71775e+06	2.743e+06	2.753e+06	2.7505e+06	2.76125e+06	
2.72525e+06	2.7535e+06	2.73975e+06	2.71325e+06	2.741e+06	
2.69625e+06	2.69425e+06	2.79525e+06	2.73725e+06	2.6855e+06	
2.7e+06	2.71075e+06	2.719e+06	2.73275e+06	2.7385e+06	
2.7195e+06	2.7655e+06	2.78125e+06	2.74425e+06	2.7775e+06	
2.726e+06	2.78125e+06	2.775e+06	2.75875e+06	2.77325e+06	
2.6515e+06	2.74425e+06	2.72975e+06	2.73275e+06	2.74675e+06	
2.7115e+06	2.7245e+06	2.746e+06	2.75225e+06	2.8035e+06	
2.731e+06	2.73025e+06	2.7845e+06	2.8115e+06	2.75175e+06	
2.78775e+06	2.74725e+06	2.72775e+06	2.73775e+06	2.789e+06	
2.743e+06	2.81225e+06	2.82175e+06	2.83625e+06	2.8015e+06	
2.76875e+06	2.80075e+06	2.809e+06	2.84425e+06	2.88275e+06	
2.80475e+06	2.828e+06	2.8665e+06	2.8545e+06	2.85825e+06	
2.8525e+06	2.87825e+06	2.87775e+06	2.8865e+06	2.869e+06	
2.8985e+06	2.8645e+06	2.9175e+06	2.896e+06	2.85125e+06	
2.92625e+06	2.9395e+06	2.971e+06	2.9515e+06	2.9445e+06	
2.98475e+06	2.93625e+06	2.92425e+06	2.98225e+06	2.91925e+06	
2.93325e+06	2.95025e+06	2.9515e+06	2.99625e+06	3.00825e+06	
2.9295e+06	3.007e+06	2.976e+06	3.00825e+06	2.969e+06	
2.8835e+06	2.9585e+06	2.99625e+06	2.92e+06	2.97925e+06	
2.9125e+06	2.949e+06	2.966e+06	2.95275e+06	2.993e+06	
2.944e+06	2.9615e+06	2.978e+06	2.99675e+06	2.998e+06	
2.85125e+06	2.908e+06	2.94775e+06	2.961e+06	2.97975e+06	
2.86075e+06	2.9415e+06	2.9395e+06	2.93325e+06	2.93375e+06	
2.91875e+06	2.92425e+06	2.89025e+06	2.952e+06	2.9515e+06	
2.8575e+06	2.86325e+06	2.92425e+06	2.92575e+06	2.94075e+06	
2.877e+06	2.9465e+06	2.8715e+06	2.91e+06	2.95725e+06	
2.88975e+06	2.864e+06	2.923e+06	3.0125e+06	2.9415e+06	
2.89475e+06	2.935e+06	2.93875e+06	2.9735e+06	2.94275e+06	
2.87825e+06	2.925e+06	2.923e+06	2.92625e+06	2.9325e+06	
2.82975e+06	2.8405e+06	2.8885e+06	2.855e+06	2.85625e+06	
2.898e+06	2.86825e+06	2.852e+06	2.913e+06	2.87975e+06	
2.85375e+06	2.906e+06	2.903e+06	2.95025e+06	2.87575e+06	
2.9105e+06	2.86775e+06	2.935e+06	2.87025e+06	2.93075e+06	
2.87325e+06	2.9205e+06	2.86775e+06	2.92375e+06	2.96475e+06	
2.85875e+06	2.881e+06	2.8495e+06	2.9005e+06	2.93125e+06	
2.85875e+06	2.91875e+06	2.89025e+06	2.91925e+06	2.942e+06	
2.828e+06	2.872e+06	2.8715e+06	2.90425e+06	2.8695e+06	
2.816e+06	2.82725e+06	2.874e+06	2.8525e+06	2.86775e+06	
2.8985e+06	2.8375e+06	2.8765e+06	2.91375e+06	2.886e+06	
2.8165e+06	2.872e+06	2.88275e+06	2.92425e+06	2.862e+06	
2.857e+06	2.86825e+06	2.86125e+06	2.8885e+06	2.90225e+06	
2.809e+06	2.8715e+06	2.93125e+06	2.90725e+06	2.87525e+06	
2.83675e+06	2.81975e+06	2.8595e+06	2.84625e+06	2.8815e+06	
2.8545e+06	2.9005e+06	2.89975e+06	2.89725e+06	2.94025e+06	
2.8665e+06	2.8955e+06	2.91175e+06	2.89475e+06	2.9495e+06	
2.845e+06	2.89475e+06	2.877e+06	2.925e+06	2.91175e+06	
2.91425e+06	2.8885e+06	2.896e+06	2.86775e+06	2.874e+06	
2.85625e+06	2.82725e+06	2.8955e+06	2.9375e+06	2.9275e+06	
2.83375e+06	2.8575e+06	2.913e+06	2.88775e+06	2.86775e+06	
2.809e+06	2.8185e+06	2.8165e+06	2.87275e+06	2.90475e+06	
2.85125e+06	2.85125e+06	2.85375e+06	2.8915e+06	2.881e+06	
2.8645e+06	2.867e+06	2.93125e+06	2.879e+06	2.89225e+06	
2.82425e+06	2.8285e+06	2.874e+06	2.8955e+06	2.87025e+06	
2.814e+06	2.8665e+06	2.86775e+06	2.884e+06	2.85375e+06	
2.797e+06	2.8455e+06	2.79325e+06	2.7945e+06	2.85875e+06	
2.80275e+06	2.838e+06	2.84675e+06	2.881e+06	2.85825e+06	
2.87775e+06	2.82475e+06	2.8745e+06	2.8595e+06	2.87025e+06	
2.80075e+06	2.838e+06	2.84425e+06	2.84125e+06	2.83375e+06	
2.777e+06	2.78125e+06	2.8135e+06	2.83425e+06	2.80775e+06	
2.82475e+06	2.823e+06	2.785e+06	2.84e+06	2.7675e+06	
2.867e+06	2.81525e+06	2.821e+06	2.83425e+06	2.8695e+06	
2.8135e+06	2.787e+06	2.8285e+06	2.81975e+06	2.81225e+06	
2.7625e+06	2.78775e+06	2.7895e+06	2.8355e+06	2.7915e+06	
2.7555e+06	2.8085e+06	2.751e+06	2.78325e+06	2.81525e+06	
2.75675e+06	2.7335e+06	2.76625e+06	2.7945e+06	2.81275e+06	
2.792e+06	2.7045e+06	2.72725e+06	2.79825e+06	2.80225e+06	
2.77e+06	2.7075e+06	2.70825e+06	2.729e+06	2.7605e+06	
2.726e+06	2.71575e+06	2.76925e+06	2.72725e+06	2.7945e+06	
2.66925e+06	2.7045e+06	2.74025e+06	2.76125e+06	2.707e+06	
2.70125e+06	2.7165e+06	2.72525e+06	2.7845e+06	2.79275e+06	
2.7025e+06	2.75875e+06	2.70075e+06	2.7435e+06	2.8185e+06	
2.72975e+06	2.683e+06	2.71525e+06	2.734e+06	2.7245e+06	
2.671e+06	2.73025e+06	2.73775e+06	2.712e+06	2.72025e+06	
2.67925e+06	2.741e+06	2.73725e+06	2.743e+06	2.72075e+06	
2.69375e+06	2.69875e+06	2.75225e+06	2.7165e+06	2.683e+06	
2.7195e+06	2.70375e+06	2.695e+06	2.69125e+06	2.71825e+06	
2.6855e+06	2.71275e+06	2.6705e+06	2.6925e+06	2.7575e+06	
2.7025e+06	2.7435e+06	2.659e+06	2.68175e+06	2.73225e+06	
2.70575e+06	2.71025e+06	2.6805e+06	2.7095e+06	2.7e+06	
2.65225e+06	2.68625e+06	2.69425e+06	2.71525e+06	2.7165e+06	
2.67425e+06	2.60675e+06	2.68925e+06	2.6825e+06	2.724e+06	
2.6585e+06	2.67925e+06	2.6825e+06	2.64525e+06	2.702e+06	
2.62375e+06	2.6785e+06	2.659e+06	2.7045e+06	2.6995e+06	
2.6395e+06	2.65275e+06	2.6685e+06	2.693e+06	2.67175e+06	
2.60375e+06	2.6535e+06	2.634e+06	2.61375e+06	2.7025e+06	
2.649e+06	2.605e+06	2.66675e+06	2.6615e+06	2.627e+06	
2.6295e+06	2.678e+06	2.61375e+06	2.64325e+06	2.6465e+06	
2.55575e+06	2.593e+06	2.62125e+06	2.615e+06	2.63775e+06	
2.66025e+06	2.58025e+06	2.57525e+06	2.5865e+06	2.65775e+06	
2.542e+06	2.57275e+06	2.58475e+06	2.60625e+06	2.6465e+06	
2.60375e+06	2.57525e+06	2.58975e+06	2.5935e+06	2.60375e+06	
2.518e+06	2.55375e+06	2.591e+06	2.51975e+06	2.605e+06	
2.392e+06	2.46425e+06	2.436e+06	2.43275e+06	2.453e+06	
2.20975e+06	2.22375e+06	2.26775e+06	2.23175e+06	2.2325e+06	
1.96525e+06	1.949e+06	1.96775e+06	1.971e+06	1.96725e+06	
1.67225e+06	1.635e+06	1.62875e+06	1.681e+06	1.656e+06	
1.39625e+06	1.4505e+06	1.43775e+06	1.446e+06	1.42475e+06	
1.2525e+06	1.25825e+06	1.27475e+06	1.28275e+06	1.27775e+06	
1.1625e+06	1.1745e+06	1.19525e+06	1.2065e+06	1.20275e+06	
1.24075e+06	1.24125e+06	1.22175e+06	1.21975e+06	1.20275e+06	
1.2985e+06	1.2985e+06	1.3105e+06	1.313e+06	1.33325e+06	
1.40125e+06	1.43225e+06	1.46e+06	1.426e+06	1.424e+06	
1.453e+06	1.45925e+06	1.46875e+06	1.4505e+06	1.45925e+06	
1.48075e+06	1.41525e+06	1.44425e+06	1.45225e+06	1.468e+06	
1.4505e+06	1.41825e+06	1.46625e+06	1.4605e+06	1.46925e+06	
1.42525e+06	1.4315e+06	1.45175e+06	1.46175e+06	1.45425e+06	
1.45425e+06	1.424e+06	1.448e+06	1.47e+06	1.4505e+06	
1.46125e+06	1.4555e+06	1.426e+06	1.451e+06	1.48575e+06	
1.509e+06	1.4965e+06	1.5325e+06	1.5035e+06	1.5065e+06	
1.572e+06	1.5495e+06	1.57975e+06	1.56325e+06	1.55e+06	
1.60875e+06	1.59925e+06	1.63075e+06	1.574e+06	1.64075e+06	
1.671e+06	1.705e+06	1.67175e+06	1.6685e+06	1.70325e+06	
1.72075e+06	1.71825e+06	1.74475e+06	1.75475e+06	1.74225e+06	
1.81025e+06	1.7625e+06	1.80975e+06	1.85325e+06	1.799e+06	
1.87825e+06	1.8545e+06	1.88975e+06	1.8815e+06	1.8715e+06	
1.93575e+06	1.9035e+06	1.9925e+06	1.93625e+06	1.976e+06	
2.0365e+06	2.0055e+06	2.0465e+06	1.99125e+06	2.0055e+06	
2.022e+06	2.01075e+06	2.0995e+06	2.08825e+06	2.063e+06	
2.102e+06	2.13225e+06	2.116e+06	2.14875e+06	2.16325e+06	
2.165e+06	2.13675e+06	2.19975e+06	2.1795e+06	2.18325e+06	
2.19275e+06	2.223e+06	2.21975e+06	2.23575e+06	2.237e+06	
2.26975e+06	2.21475e+06	2.2495e+06	2.26325e+06	2.21725e+06	
2.22675e+06	2.25525e+06	2.25325e+06	2.235e+06	2.298e+06	
2.27725e+06	2.27475e+06	2.25e+06	2.27025e+06	2.262e+06	
2.2685e+06	2.28925e+06	2.20725e+06	2.3195e+06	2.2445e+06	
2.19525e+06	2.2935e+06	2.2325e+06	2.29475e+06	2.3195e+06	
2.28425e+06	2.2615e+06	2.34475e+06	2.27225e+06	2.288e+06	
2.2955e+06	2.26275e+06	2.29875e+06	2.317e+06	2.293e+06	
2.24375e+06	2.30425e+06	2.3345e+06	2.27275e+06	2.298e+06	
2.29225e+06	2.2645e+06	2.32325e+06	2.305e+06	2.31175e+06	
2.247e+06	2.208e+06	2.3055e+06	2.29675e+06	2.2885e+06	
2.19275e+06	2.25825e+06	2.29475e+06	2.288e+06	2.29425e+06	
2.259e+06	2.2325e+06	2.233e+06	2.23425e+06	2.28675e+06	
2.223e+06	2.252e+06	2.2595e+06	2.2765e+06	2.2955e+06	
2.2225e+06	2.2275e+06	2.264e+06	2.26525e+06	2.2545e+06	
2.225e+06	2.228e+06	2.25525e+06	2.26575e+06	2.26075e+06	
2.26975e+06	2.23425e+06	2.2765e+06	2.2565e+06	2.2545e+06	
2.23575e+06	2.2035e+06	2.233e+06	2.2225e+06	2.23175e+06	
2.17375e+06	2.22125e+06	2.2325e+06	2.242e+06	2.225e+06	
2.20975e+06	2.21475e+06	2.20275e+06	2.225e+06	2.26275e+06	
2.172e+06	2.204e+06	2.20225e+06	2.20025e+06	2.252e+06	
2.1745e+06	2.19725e+06	2.218e+06	2.213e+06	2.2185e+06	
2.1865e+06	2.19275e+06	2.19275e+06	2.201e+06	2.18975e+06	
2.158e+06	2.218e+06	2.21725e+06	2.2085e+06	2.191e+06	
2.2085e+06	2.19475e+06	2.228e+06	2.20475e+06	2.18575e+06	
2.17325e+06	2.18325e+06	2.1795e+06	2.23575e+06	2.18975e+06	
2.153e+06	2.16075e+06	2.2015e+06	2.15625e+06	2.184e+06	
2.158e+06	2.2105e+06	2.165e+06	2.21175e+06	2.2185e+06	
2.1575e+06	2.17525e+06	2.201e+06	2.20675e+06	2.20925e+06	
2.15e+06	2.17075e+06	2.12725e+06	2.162e+06	2.15875e+06	
2.15125e+06	2.1285e+06	2.1985e+06	2.14875e+06	2.18825e+06	
2.12725e+06	2.17e+06	2.148e+06	2.167e+06	2.138e+06	
2.1235e+06	2.1095e+06	2.16e+06	2.13925e+06	2.1525e+06	
2.136e+06	2.15125e+06	2.13475e+06	2.14675e+06	2.1505e+06	
2.07675e+06	2.0805e+06	2.17775e+06	2.18975e+06	2.14425e+06	
2.17075e+06	2.0925e+06	2.16375e+06	2.15425e+06	2.1475e+06	
2.1575e+06	2.16e+06	2.18275e+06	2.14925e+06	2.1575e+06	
2.11525e+06	2.15e+06	2.13225e+06	2.12025e+06	2.1185e+06	
2.10775e+06	2.1065e+06	2.13725e+06	2.124e+06	2.116e+06	
2.092e+06	2.138e+06	2.1135e+06	2.162e+06	2.114e+06	
2.0755e+06	2.09325e+06	2.119e+06	2.11275e+06	2.11725e+06	
2.1185e+06	2.10575e+06	2.126e+06	2.10025e+06	2.10825e+06	
2.07425e+06	2.165e+06	2.097e+06	2.097e+06	2.06875e+06	
2.1185e+06	2.11025e+06	2.092e+06	2.12025e+06	2.12025e+06	
2.09575e+06	2.08175e+06	2.104e+06	2.075e+06	2.1115e+06	
2.095e+06	2.0875e+06	2.14425e+06	2.09825e+06	2.097e+06	
2.0825e+06	2.1215e+06	2.1165e+06	2.102e+06	2.07375e+06	
2.11725e+06	2.10325e+06	2.13475e+06	2.1185e+06	2.1065e+06	
2.1065e+06	2.073e+06	2.063e+06	2.07925e+06	2.1095e+06	
2.0635e+06	2.0995e+06	2.056e+06	2.0805e+06	2.08875e+06	
2.0555e+06	2.09325e+06	2.05975e+06	2.10025e+06	2.09575e+06	
2.02275e+06	2.0535e+06	2.0875e+06	2.09825e+06	2.0585e+06	
2.08175e+06	2.07e+06	2.09325e+06	2.07125e+06	2.07625e+06	
2.051e+06	2.03325e+06	2.02325e+06	2.073e+06	2.05675e+06	
2.0675e+06	2.0805e+06	2.0635e+06	2.0385e+06	2.08e+06	
2.01575e+06	2.08375e+06	2.03525e+06	2.03775e+06	2.08625e+06	
2.01575e+06	2.022e+06	2.0175e+06	2.06875e+06	2.027e+06	
2.039e+06	2.078e+06	2.0925e+06	2.066e+06	2.0485e+06	
2.0245e+06	1.99925e+06	2.0635e+06	2.003e+06	2.053e+06	
2.015e+06	1.97675e+06	1.998e+06	2.04475e+06	2.0175e+06	
2.01075e+06	2.00175e+06	2.0295e+06	2.03075e+06	2.00425e+06	
2.02325e+06	1.9445e+06	1.99675e+06	2.01575e+06	1.99625e+06	
2.00125e+06	2.0195e+06	1.99125e+06	1.97275e+06	2.03975e+06	
2.00375e+06	1.96725e+06	1.99675e+06	2.0245e+06	1.9805e+06	
1.978e+06	1.97475e+06	1.99425e+06	1.966e+06	1.9805e+06	
1.9175e+06	1.986e+06	1.94575e+06	2.01075e+06	2.03025e+06	
1.94525e+06	1.98675e+06	1.98475e+06	1.9905e+06	1.9495e+06	
1.92425e+06	1.957e+06	1.94575e+06	1.94375e+06	1.95325e+06	
1.9105e+06	1.9565e+06	1.94325e+06	1.91675e+06	1.9615e+06	
1.8885e+06	1.93125e+06	1.918e+06	1.9685e+06	1.89975e+06	
1.92125e+06	1.95825e+06	1.932e+06	1.92875e+06	1.9905e+06	
1.87325e+06	1.9255e+06	1.89975e+06	1.97675e+06	1.9325e+06	
1.92125e+06	1.882e+06	1.91175e+06	1.87025e+06	1.91425e+06	
1.889e+06	1.894e+06	1.89525e+06	1.85325e+06	1.87775e+06	
1.8475e+06	1.90175e+06	1.90425e+06	1.92675e+06	1.89975e+06	
1.85375e+06	1.85375e+06	1.87575e+06	1.87025e+06	1.87825e+06	
1.86e+06	1.8765e+06	1.86075e+06	1.8765e+06	1.8455e+06	
1.86e+06	1.8505e+06	1.857e+06	1.85625e+06	1.867e+06	
1.83425e+06	1.86825e+06	1.879e+06	1.85625e+06	1.91925e+06	
1.826e+06	1.819e+06	1.87075e+06	1.85175e+06	1.85825e+06	
1.8305e+06	1.87075e+06	1.879e+06	1.8335e+06	1.86625e+06	
1.8185e+06	1.867e+06	1.85375e+06	1.833e+06	1.87775e+06	
1.86e+06	1.865e+06	1.8645e+06	1.8595e+06	1.85325e+06	
1.843e+06	1.80725e+06	1.843e+06	1.84425e+06	1.86325e+06	
1.85825e+06	1.7965e+06	1.81975e+06	1.81525e+06	1.8675e+06	
1.83225e+06	1.81975e+06	1.8795e+06	1.8405e+06	1.891e+06	
1.8645e+06	1.8015e+06	1.8165e+06	1.8475e+06	1.8425e+06	
1.7845e+06	1.811e+06	1.78625e+06	1.82925e+06	1.845e+06	
1.7995e+06	1.76425e+06	1.81475e+06	1.7875e+06	1.79575e+06	
1.79575e+06	1.77125e+06	1.79075e+06	1.826e+06	1.80975e+06	
1.7995e+06	1.758e+06	1.76625e+06	1.80075e+06	1.81225e+06	
1.80775e+06	1.7965e+06	1.80025e+06	1.8045e+06	1.8185e+06	
1.782e+06	1.785e+06	1.8305e+06	1.8015e+06	1.7995e+06	
1.773e+06	1.79825e+06	1.80725e+06	1.82475e+06	1.81775e+06	
1.78125e+06	1.79775e+06	1.838e+06	1.78875e+06	1.8185e+06	
1.7995e+06	1.775e+06	1.80275e+06	1.77625e+06	1.7895e+06	
1.7705e+06	1.7825e+06	1.753e+06	1.81225e+06	1.76375e+06	
1.74675e+06	1.7505e+06	1.81225e+06	1.78875e+06	1.7845e+06	
1.717e+06	1.751e+06	1.763e+06	1.74675e+06	1.7605e+06	
1.72075e+06	1.75675e+06	1.73525e+06	1.7385e+06	1.756e+06	
1.74275e+06	1.75175e+06	1.7845e+06	1.74475e+06	1.7215e+06	
1.717e+06	1.695e+06	1.736e+06	1.69e+06	1.70825e+06	
1.6925e+06	1.70825e+06	1.73275e+06	1.72075e+06	1.7605e+06	
1.7125e+06	1.707e+06	1.70575e+06	1.7215e+06	1.69425e+06	
1.73475e+06	1.71125e+06	1.68425e+06	1.693e+06	1.71075e+06	
1.70325e+06	1.72025e+06	1.729e+06	1.7025e+06	1.70875e+06	
1.69125e+06	1.6755e+06	1.69675e+06	1.70825e+06	1.72575e+06	
1.678e+06	1.688e+06	1.71325e+06	1.67425e+06	1.693e+06	
1.68675e+06	1.64325e+06	1.7045e+06	1.671e+06	1.66475e+06	
1.68225e+06	1.695e+06	1.676e+06	1.69675e+06	1.731e+06	
1.65025e+06	1.6955e+06	1.6685e+06	1.6755e+06	1.68625e+06	
1.66225e+06	1.64775e+06	1.66225e+06	1.66925e+06	1.70325e+06	
1.64525e+06	1.678e+06	1.64775e+06	1.65725e+06	1.625e+06	
1.59425e+06	1.613e+06	1.66225e+06	1.6445e+06	1.64525e+06	
1.62625e+06	1.62625e+06	1.656e+06	1.6345e+06	1.6175e+06	
1.61375e+06	1.59975e+06	1.63075e+06	1.639e+06	1.642e+06	
1.60875e+06	1.6465e+06	1.6225e+06	1.6105e+06	1.65025e+06	
1.59475e+06	1.65275e+06	1.60475e+06	1.65775e+06	1.6175e+06	
1.6325e+06	1.6155e+06	1.639e+06	1.6755e+06	1.66925e+06	
1.65325e+06	1.613e+06	1.6445e+06	1.65525e+06	1.62875e+06	
1.61925e+06	1.606e+06	1.62325e+06	1.5955e+06	1.62375e+06	
1.637e+06	1.60925e+06	1.62e+06	1.63075e+06	1.6125e+06	
1.60875e+06	1.62875e+06	1.60725e+06	1.62125e+06	1.60225e+06	
1.57975e+06	1.61675e+06	1.637e+06	1.63125e+06	1.6295e+06	
1.627e+06	1.598e+06	1.6225e+06	1.59475e+06	1.61175e+06	
1.59475e+06	1.61925e+06	1.57775e+06	1.5915e+06	1.60425e+06	
1.58725e+06	1.596e+06	1.61125e+06	1.61425e+06	1.61e+06	
1.5715e+06	1.5865e+06	1.5785e+06	1.60925e+06	1.586e+06	
1.5935e+06	1.5785e+06	1.55325e+06	1.57775e+06	1.57075e+06	
1.51525e+06	1.54e+06	1.57575e+06	1.586e+06	1.5645e+06	
1.543e+06	1.5255e+06	1.56125e+06	1.586e+06	1.5835e+06	
1.5405e+06	1.53625e+06	1.53875e+06	1.55825e+06	1.52175e+06	
1.52175e+06	1.51925e+06	1.5325e+06	1.55325e+06	1.5375e+06	
1.50475e+06	1.50725e+06	1.52975e+06	1.5185e+06	1.526e+06	
1.526e+06	1.53625e+06	1.51225e+06	1.535e+06	1.52675e+06	
1.5185e+06	1.50725e+06	1.50525e+06	1.506e+06	1.52975e+06	
1.45925e+06	1.50025e+06	1.49525e+06	1.5425e+06	1.489e+06	
1.44225e+06	1.5115e+06	1.51725e+06	1.50975e+06	1.48825e+06	
1.472e+06	1.47075e+06	1.43775e+06	1.4825e+06	1.4915e+06	
1.475e+06	1.485e+06	1.472e+06	1.49825e+06	1.499e+06	
1.4625e+06	1.46425e+06	1.453e+06	1.47e+06	1.472e+06	
1.453e+06	1.3925e+06	1.443e+06	1.40625e+06	1.43475e+06	
1.37725e+06	1.3995e+06	1.4315e+06	1.4365e+06	1.4145e+06	
1.35725e+06	1.3945e+06	1.42475e+06	1.40125e+06	1.38675e+06	
1.405e+06	1.42775e+06	1.37725e+06	1.412e+06	1.397e+06	
1.342e+06	1.366e+06	1.354e+06	1.3195e+06	1.3735e+06	
1.34025e+06	1.349e+06	1.33275e+06	1.3685e+06	1.3245e+06	
1.30625e+06	1.2955e+06	1.313e+06	1.32325e+06	1.322e+06	
1.29225e+06	1.293e+06	1.313e+06	1.32825e+06	1.29925e+06	
1.3025e+06	1.30875e+06	1.2985e+06	1.30925e+06	1.3155e+06	
1.291e+06	1.27275e+06	1.28675e+06	1.2735e+06	1.288e+06	
1.276e+06	1.2615e+06	1.28225e+06	1.28275e+06	1.28475e+06	
1.2275e+06	1.27525e+06	1.255e+06	1.28525e+06	1.27225e+06	
1.3025e+06	1.2905e+06	1.27525e+06	1.2565e+06	1.25825e+06	
1.301e+06	1.2525e+06	1.274e+06	1.28475e+06	1.27025e+06	
1.25375e+06	1.24125e+06	1.26075e+06	1.2325e+06	1.28525e+06	
1.2375e+06	1.262e+06	1.25075e+06	1.2815e+06	1.242e+06	
1.25375e+06	1.27275e+06	1.2715e+06	1.27025e+06	1.267e+06	
1.2645e+06	1.2765e+06	1.2765e+06	1.26325e+06	1.269e+06	
1.27775e+06	1.28925e+06	1.28225e+06	1.29725e+06	1.2765e+06	
1.25575e+06	1.24325e+06	1.27275e+06	1.293e+06	1.27025e+06	
1.2185e+06	1.23425e+06	1.2715e+06	1.25575e+06	1.2695e+06	
1.2645e+06	1.26525e+06	1.296e+06	1.2765e+06	1.25075e+06	
1.26825e+06	1.27225e+06	1.28975e+06	1.29675e+06	1.2935e+06	
1.28275e+06	1.29725e+06	1.3075e+06	1.30375e+06	1.32125e+06	
1.3155e+06	1.30675e+06	1.33575e+06	1.3295e+06	1.3295e+06	
1.3125e+06	1.28975e+06	1.3075e+06	1.3445e+06	1.3275e+06	
1.325e+06	1.3345e+06	1.3245e+06	1.30375e+06	1.342e+06	
1.30175e+06	1.3025e+06	1.33125e+06	1.33275e+06	1.3055e+06	
1.27775e+06	1.26075e+06	1.301e+06	1.264e+06	1.28025e+06	
1.2135e+06	1.22425e+06	1.22625e+06	1.25325e+06	1.25575e+06	
1.1815e+06	1.2065e+06	1.20275e+06	1.213e+06	1.19275e+06	
1.1965e+06	1.16875e+06	1.19025e+06	1.158e+06	1.16e+06	
1.18025e+06	1.165e+06	1.167e+06	1.15375e+06	1.19075e+06	
1.20975e+06	1.196e+06	1.196e+06	1.19025e+06	1.21225e+06	
1.2105e+06	1.247e+06	1.2205e+06	1.255e+06	1.22875e+06	
1.2495e+06	1.25325e+06	1.264e+06	1.2375e+06	1.298e+06	
1.26075e+06	1.26325e+06	1.284e+06	1.27725e+06	1.26775e+06	
1.288e+06	1.255e+06	1.28675e+06	1.267e+06	1.26575e+06	
1.27775e+06	1.27475e+06	1.305e+06	1.245e+06	1.27525e+06	
1.25375e+06	1.2595e+06	1.3105e+06	1.29175e+06	1.30375e+06	
1.2595e+06	1.264e+06	1.2355e+06	1.24625e+06	1.264e+06	
1.27775e+06	1.24875e+06	1.2835e+06	1.267e+06	1.2955e+06	
1.2565e+06	1.23375e+06	1.2595e+06	1.257e+06	1.264e+06	
1.28275e+06	1.2935e+06	1.2785e+06	1.29925e+06	1.26775e+06	
1.257e+06	1.2735e+06	1.26525e+06	1.291e+06	1.2765e+06	
1.24075e+06	1.21425e+06	1.23875e+06	1.22925e+06	1.271e+06	
1.22225e+06	1.223e+06	1.24375e+06	1.23175e+06	1.235e+06	
1.218e+06	1.21925e+06	1.209e+06	1.22175e+06	1.24825e+06	
1.20725e+06	1.23125e+06	1.24125e+06	1.22425e+06	1.2275e+06	
1.20775e+06	1.2085e+06	1.25125e+06	1.22875e+06	1.223e+06	
1.20975e+06	1.19025e+06	1.2155e+06	1.22175e+06	1.2275e+06	
1.2085e+06	1.211e+06	1.22425e+06	1.204e+06	1.21225e+06	
1.2135e+06	1.21925e+06	1.2495e+06	1.233e+06	1.23875e+06	
1.21225e+06	1.18525e+06	1.22925e+06	1.21925e+06	1.19075e+06	
1.19475e+06	1.228e+06	1.2155e+06	1.218e+06	1.225e+06	
1.20725e+06	1.22625e+06	1.20475e+06	1.22675e+06	1.22625e+06	
1.19525e+06	1.21175e+06	1.204e+06	1.20525e+06	1.2275e+06	
1.20775e+06	1.2015e+06	1.228e+06	1.2375e+06	1.2155e+06	
1.2085e+06	1.24e+06	1.252e+06	1.218e+06	1.204e+06	
1.17825e+06	1.192e+06	1.2275e+06	1.21225e+06	1.20725e+06	
1.20225e+06	1.20275e+06	1.18825e+06	1.21675e+06	1.2065e+06	
1.177e+06	1.20025e+06	1.218e+06	1.1985e+06	1.2085e+06	
1.187e+06	1.20275e+06	1.20725e+06	1.17325e+06	1.1895e+06	
1.16125e+06	1.17075e+06	1.2355e+06	1.1895e+06	1.22925e+06	
1.16625e+06	1.19325e+06	1.20975e+06	1.2085e+06	1.19975e+06	
1.1895e+06	1.1695e+06	1.17625e+06	1.1865e+06	1.19775e+06	
1.20725e+06	1.1895e+06	1.18825e+06	1.18525e+06	1.20275e+06	
1.21475e+06	1.18075e+06	1.196e+06	1.189e+06	1.20225e+06	
1.1965e+06	1.204e+06	1.20725e+06	1.24375e+06	1.21175e+06	
1.213e+06	1.20775e+06	1.225e+06	1.20275e+06	1.21725e+06	
1.216e+06	1.206e+06	1.22425e+06	1.2545e+06	1.216e+06	
1.2135e+06	1.20475e+06	1.22925e+06	1.22875e+06	1.221e+06	
1.19075e+06	1.2255e+06	1.175e+06	1.1965e+06	1.211e+06	
1.213e+06	1.1815e+06	1.2035e+06	1.23675e+06	1.22675e+06	
1.192e+06	1.24125e+06	1.17325e+06	1.21475e+06	1.225e+06	
1.1965e+06	1.189e+06	1.20525e+06	1.1965e+06	1.2105e+06	
1.2255e+06	1.225e+06	1.19775e+06	1.218e+06	1.21175e+06	
1.20775e+06	1.19075e+06	1.21225e+06	1.19525e+06	1.21425e+06	
1.2035e+06	1.20775e+06	1.22425e+06	1.2355e+06	1.2105e+06	
1.206e+06	1.20275e+06	1.199e+06	1.216e+06	1.221e+06	
1.19025e+06	1.20025e+06	1.20975e+06	1.19025e+06	1.201e+06	
1.1795e+06	1.20725e+06	1.20725e+06	1.196e+06	1.21675e+06	
1.17325e+06	1.2105e+06	1.20725e+06	1.20725e+06	1.20025e+06	
1.18525e+06	1.1985e+06	1.233e+06	1.1795e+06	1.221e+06	
1.20275e+06	1.206e+06	1.209e+06	1.19775e+06	1.23675e+06	
1.20225e+06	1.235e+06	1.20975e+06	1.177e+06	1.2015e+06	
1.19475e+06	1.19725e+06	1.1985e+06	1.1965e+06	1.19025e+06	
1.21675e+06	1.2085e+06	1.20725e+06	1.2085e+06	1.23625e+06	
1.1745e+06	1.19275e+06	1.225e+06	1.216e+06	1.1775e+06	
1.19475e+06	1.1915e+06	1.18025e+06	1.2135e+06	1.2015e+06	
1.1745e+06	1.177e+06	1.182e+06	1.16575e+06	1.218e+06	
1.216e+06	1.1555e+06	1.16e+06	1.16875e+06	1.1985e+06	
1.1775e+06	1.189e+06	1.16825e+06	1.17125e+06	1.20775e+06	
1.1985e+06	1.1895e+06	1.187e+06	1.1815e+06	1.17825e+06	
1.20225e+06	1.17875e+06	1.16825e+06	1.19525e+06	1.165e+06	
1.21725e+06	1.17075e+06	1.17575e+06	1.209e+06	1.18325e+06	
1.15e+06	1.1575e+06	1.201e+06	1.1575e+06	1.1625e+06	
1.1555e+06	1.1525e+06	1.1965e+06	1.16625e+06	1.1745e+06	
1.1385e+06	1.14175e+06	1.14675e+06	1.14225e+06	1.194e+06	
1.138e+06	1.15125e+06	1.16e+06	1.1605e+06	1.192e+06	
1.1505e+06	1.1775e+06	1.1625e+06	1.165e+06	1.16625e+06	
1.1645e+06	1.163e+06	1.1725e+06	1.177e+06	1.16825e+06	
1.16875e+06	1.15675e+06	1.17125e+06	1.184e+06	1.16575e+06	
1.18275e+06	1.163e+06	1.167e+06	1.1645e+06	1.1725e+06	
1.16875e+06	1.1815e+06	1.1745e+06	1.1575e+06	1.19475e+06	
1.17125e+06	1.13675e+06	1.153e+06	1.18325e+06	1.1815e+06	
1.143e+06	1.12975e+06	1.15925e+06	1.192e+06	1.16625e+06	
1.165e+06	1.16575e+06	1.16125e+06	1.17625e+06	1.1625e+06	
1.153e+06	1.12975e+06	1.15675e+06	1.13675e+06	1.15675e+06	
1.1575e+06	1.1435e+06	1.1315e+06	1.167e+06	1.148e+06	
1.1435e+06	1.143e+06	1.15125e+06	1.155e+06	1.1625e+06	
1.136e+06	1.1695e+06	1.1315e+06	1.16575e+06	1.1525e+06	
1.1315e+06	1.13725e+06	1.146e+06	1.14875e+06	1.14925e+06	
1.1525e+06	1.14925e+06	1.158e+06	1.1505e+06	1.13925e+06	
1.12275e+06	1.1335e+06	1.1315e+06	1.143e+06	1.175e+06	
1.112e+06	1.1385e+06	1.1235e+06	1.11525e+06	1.1315e+06	
1.092e+06	1.1e+06	1.129e+06	1.097e+06	1.104e+06	
1.11025e+06	1.095e+06	1.0855e+06	1.10075e+06	1.109e+06	
1.09375e+06	1.10525e+06	1.0945e+06	1.0945e+06	1.1165e+06	
1.102e+06	1.107e+06	1.10525e+06	1.102e+06	1.12275e+06	
1.1165e+06	1.0995e+06	1.08175e+06	1.117e+06	1.11025e+06	
1.10125e+06	1.097e+06	1.09625e+06	1.09875e+06	1.10525e+06	
1.10075e+06	1.11575e+06	1.1095e+06	1.11975e+06	1.1115e+06	
1.071e+06	1.1095e+06	1.11525e+06	1.0825e+06	1.10525e+06	
1.10275e+06	1.09125e+06	1.112e+06	1.10525e+06	1.092e+06	
1.08875e+06	1.119e+06	1.09e+06	1.10775e+06	1.092e+06	
1.07875e+06	1.10525e+06	1.10525e+06	1.12525e+06	1.08675e+06	
1.0755e+06	1.09325e+06	1.10775e+06	1.0975e+06	1.0825e+06	
1.08125e+06	1.08375e+06	1.073e+06	1.073e+06	1.097e+06	
1.05675e+06	1.0775e+06	1.09125e+06	1.08175e+06	1.08e+06	
1.0195e+06	1.032e+06	1.0415e+06	1.0465e+06	1.046e+06	
1.03325e+06	1.02125e+06	1.0175e+06	1.04275e+06	1.0345e+06	
1.01875e+06	1.05525e+06	1.02e+06	1.00875e+06	1.04275e+06	
1.05975e+06	1.017e+06	1.05025e+06	1.0315e+06	1.04725e+06	
1.04225e+06	1.0415e+06	1.066e+06	1.066e+06	1.0315e+06	
1.07175e+06	1.0415e+06	1.05725e+06	1.0485e+06	1.075e+06	
1.0345e+06	1.0635e+06	1.073e+06	1.063e+06	1.0755e+06	
1.06475e+06	1.07675e+06	1.0805e+06	1.08e+06	1.05525e+06	
1.0755e+06	1.06175e+06	1.07925e+06	1.09625e+06	1.063e+06	
1.078e+06	1.05975e+06	1.09125e+06	1.0725e+06	1.05475e+06	
1.0975e+06	1.075e+06	1.07175e+06	1.08875e+06	1.0705e+06	
1.058e+06	1.07625e+06	1.07425e+06	1.09575e+06	1.07925e+06	
1.07675e+06	1.07625e+06	1.07675e+06	1.06925e+06	1.08425e+06	
1.04025e+06	1.0485e+06	1.0925e+06	1.06975e+06	1.092e+06	
1.06175e+06	1.08175e+06	1.08125e+06	1.0755e+06	1.08425e+06	
1.09825e+06	1.073e+06	1.056e+06	1.07375e+06	1.05275e+06	
1.07175e+06	1.0925e+06	1.0725e+06	1.07925e+06	1.0485e+06	
1.051e+06	1.0535e+06	1.0685e+06	1.066e+06	1.05975e+06	
1.025e+06	1.0535e+06	1.0755e+06	1.0755e+06	1.0485e+06	
1.075e+06	1.071e+06	1.051e+06	1.063e+06	1.08875e+06	
1.0655e+06	1.0705e+06	1.06475e+06	1.05725e+06	1.0705e+06	
1.05225e+06	1.05525e+06	1.0465e+06	1.071e+06	1.07875e+06	
1.04725e+06	1.08e+06	1.07625e+06	1.04075e+06	1.0465e+06	
1.083e+06	1.06475e+06	1.05025e+06	1.0125e+06	1.051e+06	
1.0655e+06	1.04475e+06	1.03075e+06	1.04275e+06	1.05225e+06	
1.03275e+06	1.03025e+06	1.054e+06	1.063e+06	1.05925e+06	
1.0465e+06	1.04525e+06	1.0535e+06	1.0485e+06	1.0685e+06	
1.03525e+06	1.0515e+06	1.05725e+06	1.05975e+06	1.04725e+06	
1.025e+06	1.039e+06	1.04775e+06	1.029e+06	1.06475e+06	
1.0605e+06	1.03525e+06	1.04075e+06	1.029e+06	1.06925e+06	
1.049e+06	1.0605e+06	1.03325e+06	1.068e+06	1.027e+06	
1.037e+06	1.0415e+06	1.04075e+06	1.04975e+06	1.04975e+06	
1.03525e+06	1.01825e+06	1.06175e+06	1.0415e+06	1.03775e+06	
1.04525e+06	1.00925e+06	1.04525e+06	1.0535e+06	1.0365e+06	
1.0265e+06	1.0415e+06	1.04225e+06	1.04075e+06	1.0435e+06	
1.0345e+06	1.039e+06	1.03575e+06	1.044e+06	1.029e+06	
1.034e+06	1.022e+06	984250	1.04775e+06	1.03775e+06	
1.00625e+06	1.0005e+06	1.0295e+06	996750	1.00625e+06	
1.00125e+06	988500	1e+06	998000	996750	
976500	966500	987250	985500	977750	
959500	965250	977750	1.0005e+06	965250	
960250	966000	983500	963250	974750	
970250	1.008e+06	996250	978500	979000	
1.00425e+06	993000	981000	988000	987250	
982250	993500	994750	1.01575e+06	989250	
1e+06	991750	1.0145e+06	979000	990500	
991750	974000	999250	972750	991000	
991750	1.00425e+06	999250	1.0005e+06	1.015e+06	
983500	976500	1.01075e+06	980500	987250	
989750	998000	958250	1.00675e+06	992250	
982250	988500	1.00375e+06	998750	988000	
958250	992250	992250	999250	986750	
988500	991000	986000	999250	987250	
991750	994750	977750	993000	992250	
994750	985500	991750	987250	988500	
976000	959000	993000	995500	995500	
990500	969750	996250	1.00375e+06	988500	
984250	966500	964000	992250	988500	
960750	954500	971500	998000	988500	
982250	984250	984750	986000	1.0145e+06	
972750	1.0075e+06	962750	966500	983000	
980500	962000	984250	995500	967750	
986000	964750	983500	960750	966500	
964000	957000	945750	991750	999250	
981000	966000	966000	979000	966000	
961500	972250	956500	954500	957750	
952750	962000	963250	941250	991750	
937500	966000	955250	965250	968500	
952000	978500	965250	967250	981000	
941250	950250	964000	952000	954000	
955750	972250	958250	968500	950250	
961500	935750	960250	945750	963250	
946250	942500	945000	959000	940000	
944500	938750	940000	950750	948750	
943250	936250	974750	944500	944500	
938750	943250	946250	961500	952750	
920500	965250	938750	954000	975250	
964750	932500	948750	925500	945000	
930500	942000	961500	923750	940750	
928750	930500	921750	949500	921750	
926750	923750	938250	949500	951500	
950250	903500	935750	924250	957750	
923000	923750	918000	936250	931250	
928750	896500	934500	921750	921250	
930500	933750	923000	939500	934500	
920500	931750	918750	931750	953250	
928750	928000	892250	935750	906000	
914750	901500	904750	953250	902750	
910500	896500	909250	896500	916750	
933750	906750	921250	925500	929250	
926250	908000	930500	924250	923750	
920500	904750	920000	918750	889000	
913500	908000	908500	908500	908500	
933750	909250	921750	905500	926750	
909250	911750	897750	916000	908000	
918000	896000	911000	921750	923000	
914750	909750	902250	908000	913000	
919250	921250	915500	894000	894000	
890250	925500	895250	907250	897750	
890250	900250	903500	923000	892250	
887000	877750	884000	919250	903500	
922500	906000	916000	903500	922500	
901500	918000	884500	928000	900250	
880750	901000	902250	893500	908500	
889750	889750	902750	873250	880750	
878250	878250	872500	901500	894000	
870750	889000	889000	884000	879500	
881500	870750	877000	875750	889750	
896500	890250	864500	867500	858750	
878250	865750	878250	865000	882750	
879000	863750	880750	868750	872500	
879000	870000	882750	866250	875750	
872500	880250	893500	887750	889750	
879000	887000	872000	865750	879000	
876500	855000	866250	851750	880750	
853750	870000	870000	860000	850500	
857500	869500	863250	874000	885250	
872000	849250	848750	863250	867000	
842500	862000	859500	866250	875250	
879000	865750	889000	863250	855000	
881500	862000	867000	862000	874000	
883250	865750	839750	868750	870750	
856750	869500	870000	841000	853000	
838000	872000	864500	850000	850500	
870000	856250	857500	851250	855500	
847500	839250	854250	865750	843750	
833500	867500	839250	843750	855000	
848000	836750	850500	860000	829750	
838500	850500	849250	850500	852500	
841750	834750	858250	858750	852500	
835500	811500	833000	850000	836000	
828500	840500	817750	837250	863250	
838500	835500	809500	838000	822750	
826000	833500	833000	839750	845500	
821500	839250	843750	846250	843000	
818500	806500	817250	817750	824750	
826000	833500	829750	831750	831000	
827250	808250	831750	816000	814750	
807000	813500	814750	807750	817250	
821500	820250	808250	804500	829750	
794500	795000	797750	794500	796500	
799500	807000	795000	795000	805750	
791250	783250	791250	809500	804000	
773750	802000	805250	778000	801500	
786250	794500	797000	785000	791250	
805250	758000	798250	785000	795000	
781250	767500	780500	770500	778000	
785000	765500	777500	785000	782500	
785000	749750	790750	769250	788750	
781250	788750	771250	774250	776250	
761750	789500	775500	785750	746500	
778750	785750	792000	775500	773000	
785750	800750	793250	775500	779250	
773000	778000	776750	771250	761000	
773750	776250	778750	772500	758500	
787500	776250	768000	788250	795000	
773750	776750	757250	756750	770500	
778000	774250	770500	763000	781250	
768000	773000	773750	795000	770000	
782500	783750	778750	785750	761000	
761750	781250	773000	778000	783250	
786250	785000	774250	782500	792000	
790750	787500	774250	794500	777500	
778000	787000	786250	785750	802000	
788250	782500	819000	785750	805250	
787500	766250	785750	802000	805750	
777500	785750	819000	810750	786250	
782000	798250	799000	791250	776750	
768000	783750	772500	808250	796500	
802000	802000	801500	798250	802000	
778000	780000	798250	811500	787000	
768000	787000	791250	799500	793750	
766250	792000	807750	780000	783750	
771750	782500	794500	776750	793750	
786250	781250	778750	782000	782500	
764250	782000	774250	768750	810250	
775500	773750	787500	777500	786250	
777500	766250	770500	770500	788750	
763500	769250	766250	762250	758500	
766250	767500	751000	754750	760500	
777500	773750	768750	762250	780500	
761750	757250	754250	754250	758500	
739000	757250	742750	750500	756000	
761000	767500	759750	760500	751000	
749750	746500	732000	746500	761750	
774250	744750	758500	770500	774250	
758500	760500	764750	775000	761000	
747250	766750	751750	747750	747250	
749750	764250	770500	783250	747250	
746500	734500	780500	766250	771250	
759750	778000	752250	759250	756000	
766250	746500	773000	768000	749750	
761750	752250	766250	753000	758000	
745250	744750	746500	724000	773000	
767500	742750	759250	764750	762250	
736500	735250	754250	752250	762250	
756000	747250	765500	740250	769250	
732000	760500	743500	754250	749000	
746500	749000	766250	743500	755500	
759250	735250	743500	769250	754250	
754750	732750	752250	761750	764250	
741000	734000	746500	745250	743500	
750500	732750	736000	747250	738500	
729500	738500	759750	728250	722750	
729500	747750	736000	732000	753500	
734000	734000	731500	752250	730750	
746000	738500	728250	740250	762250	
725250	765500	725750	735250	747250	
760500	747250	735250	752250	753000	
737750	735250	730750	761750	736000	
728250	723250	758500	740250	756000	
727000	737250	739750	741500	717500	
730250	749000	738500	754250	739000	
756750	740250	750500	758000	735250	
745250	732750	746000	723250	746000	
742250	732000	733250	753000	763500	
766750	734000	754250	732000	735250	
725250	767500	754750	742250	737250	
738500	760500	749000	764250	754250	
747750	745250	759750	748500	743500	
763000	746500	747250	746500	754750	
752250	770000	733250	754250	765500	
770500	737750	726500	745250	747750	
752250	745250	749750	748500	738500	
749000	747750	763000	748500	734500	
732750	758500	742750	719500	734000	
751750	734000	737250	734500	742750	
734000	736500	759750	730250	763000	
746500	720250	731500	748500	724500	
744750	732750	747750	744750	746500	
744000	746000	734000	758000	743500	
733250	743500	745250	739000	734000	
730750	728250	750500	730250	721500	
729500	717500	752250	718250	730250	
722750	736500	730250	735250	734500	
727000	730750	720750	732750	738500	
754750	724500	726500	717000	728250	
719500	736000	732750	754250	732000	
735250	736500	729000	729500	707500	
717500	732000	734000	739000	716250	
731500	737250	714500	716250	719500	
711250	718750	710750	736500	743500	
705000	733250	722750	720750	722750	
718750	707000	722000	705000	716250	
725250	720250	718250	728250	741000	
707000	703750	725250	712000	736500	
705750	701750	720750	707000	701750	
720250	725750	696250	729500	696250	
725750	703750	727750	706250	715750	
730250	703750	712000	708250	686750	
693750	695500	696250	681000	700500	
700500	696250	696750	695000	711250	
707500	714500	688000	695000	703000	
694250	688000	686000	699250	680500	
686000	698000	682250	679250	697500	
665250	670250	690500	700500	685500	
693000	669000	682250	688500	698000	
688500	702500	688000	679750	691750	
664750	684250	688000	676000	680500	
669000	671500	654500	673500	664750	
669000	674250	681750	676750	683000	
679250	677250	677250	685500	649000	
660250	676000	666500	684750	690000	
668500	657000	656500	662750	662750	
662250	678500	693750	664000	653250	
654500	659750	662250	666000	650250	
658500	668500	662250	659000	659750	
664000	694250	672250	661000	691250	
654000	652000	671000	656500	650250	
649500	645250	669000	663500	664000	
676000	659750	674750	665250	659000	
667750	678000	666000	661000	664750	
650750	659750	669750	665250	666500	
644500	662250	654000	653250	641250	
654500	652750	666000	662750	671000	
680500	647000	657000	662750	652000	
654000	661500	644000	651500	643250	
645250	655750	674750	647750	672250	
650750	650750	671000	667750	664750	
652000	645250	655250	636250	666500	
652750	653250	637000	664000	667250	
673500	649500	652000	662250	645250	
657750	656500	668500	666500	668500	
656500	646500	652750	656500	673500	
673500	665250	674250	666000	667250	
672750	666500	654500	648250	647000	
676750	668500	683500	673500	667750	
647750	666000	666500	681000	662750	
657000	666000	676750	681000	680500	
661500	652750	676000	657750	664750	
669000	652000	655750	647750	679750	
655750	654000	679250	675500	659000	
665250	674250	659750	664000	650250	
666000	657750	682250	670250	662750	
668500	670250	659000	666500	677250	
663500	667250	661500	671500	667250	
652750	664750	657000	664000	645750	
671500	647000	672250	652000	664000	
659000	674250	664750	665250	665250	
647750	679250	650750	669750	668500	
641250	653250	663500	652000	672250	
656500	655750	683500	657000	655250	
654500	637000	662250	645750	664750	
662250	668500	655750	657750	652750	
640000	653250	651500	657000	640000	
663500	660250	640000	649500	668500	
649500	665250	664000	666000	635000	
657000	652000	658500	647750	671000	
672250	652750	661500	665250	656500	
679250	656500	657000	654500	652750	
650250	652750	664000	654500	645250	
644500	656500	639500	659000	662750	
661000	643250	662750	649000	640000	
633250	665250	642000	651500	663500	
658500	650750	658500	643250	662750	
657750	652750	650750	652000	657750	
657000	655750	662250	668500	649000	
659000	671500	664000	657000	632500	
641250	683000	664750	655750	633750	
672750	650250	669000	654000	664000	
647750	649000	671500	650750	672750	
647000	644000	643250	671500	657000	
657000	655750	653250	647000	656500	
659750	637500	653250	655250	664750	
635000	661500	645750	666000	625500	
671500	659750	652000	655250	652750	
663500	667250	650250	649500	652000	
653250	670250	640000	648250	653250	
659750	631250	657750	676750	669750	
680500	666000	642500	640000	656500	
650750	664750	655750	645250	655250	
659000	635750	636250	663500	659750	
645250	647750	627500	642500	661500	
659750	640750	651500	663500	648250	
645250	650250	642500	671500	652000	
644000	649500	659000	651500	644000	
653250	650250	658500	640000	642000	
649000	651500	644000	638750	652000	
650750	649000	659750	667750	670250	
645250	652750	655250	640750	654500	
648250	662250	661000	650750	645750	
637500	641250	638750	630000	634500	
648250	659750	649500	635750	662250	
651500	643250	663500	652750	661500	
647750	649000	647750	646500	657000	
635000	650750	655250	661500	645250	
665250	647000	667250	652750	635750	
654000	661000	648250	640000	655750	
653250	640000	626250	635000	664750	
651500	650750	651500	657000	642000	
661500	633750	647750	638250	662750	
661500	643250	667250	662750	656500	
654500	657750	646500	661500	633750	
644000	647750	650750	660250	649500	
677250	644000	669750	667250	652000	
655750	668500	652750	638750	644000	
661000	649000	653250	650250	664750	
633250	645250	645750	643250	644500	
661000	644000	645250	656500	628250	
635750	640750	658500	634500	657000	
647750	651500	649000	648250	635750	
644000	644500	646500	671500	649500	
645250	651500	647750	640000	645750	
664000	644500	664000	652000	662750	
661500	662750	645250	664750	652000	
625000	650750	669750	649000	655250	
659750	657000	666000	645750	664750	
646500	653250	647750	652750	662750	
635750	628250	625500	637000	672750	
663500	667750	654000	653250	650750	
651500	646500	653250	650750	642500	
650750	658500	654000	640000	648250	
639500	657750	659000	638750	654000	
650250	651500	633750	654500	651500	
628750	646500	654500	654000	644000	
644500	653250	651500	631250	667750	
644000	635000	634500	647750	633750	
653250	644000	650750	644500	654500	
660250	648250	649500	637000	642000	
655750	640750	645750	663500	667250	
654500	642500	669750	642000	662750	
662250	655250	639500	657750	664750	
641250	650750	650250	639500	668500	
662750	649000	635750	647000	635750	
644000	657750	638750	645250	630750	
658500	656500	654500	663500	646500	
654500	642500	638250	661500	652000	
664750	660250	640000	648250	646500	
644000	647000	647750	648250	642500	
667250	636250	644500	647750	657750	
671500	649500	661000	641250	659750	
648250	635000	647750	644500	645750	
634500	640000	651500	651500	657000	
644500	654500	652750	640000	656500	
638250	642000	639500	650250	650250	
648250	649500	660250	658500	645750	
640000	650250	633750	645750	652750	
639500	638750	644500	644500	638250	
653250	640750	644000	645250	662250	
660250	644500	630750	649000	651500	
642500	654500	646500	646500	667750	
645250	659000	648250	641250	654000	
661000	663500	643250	637000	657750	
657750	661500	637000	642500	637000	
650250	649500	654000	640750	640750	
657750	658500	648250	639500	644000	
654000	639500	656500	637000	650750	
657750	655250	640000	645750	657750	
652750	643250	652000	649000	653250	
641250	657000	640750	674250	630000	
657750	646500	637500	637000	638250	
657000	650750	653250	650750	640000	
636250	632500	656500	637500	651500	
642500	645250	639500	650750	651500	
644500	638250	646500	638250	665250	
656500	637000	649000	640750	641250	
652000	650250	652750	627500	654000	
658500	632500	655750	642500	630750	
640000	647750	645750	656500	645750	
668500	636250	652000	637500	641250	
649500	633250	630750	669000	655750	
649500	647750	652750	665250	653250	
642500	649000	674250	638750	669000	
631250	645250	627500	648250	646500	
633750	638250	649500	651500	643250	
629500	638750	638750	648250	627500	
652000	651500	645250	637500	662750	
644000	654500	644500	629500	625500	
645750	649000	661500	637500	635750	
652000	660250	635750	647000	638750	
629500	642000	640750	623750	647750	
624250	642000	645250	638750	638750	
632000	613000	644500	640750	654000	
645250	657000	645750	627500	649000	
634500	650250	637500	650750	638250	
639500	653250	645250	648250	657750	
634500	657000	647750	649500	642000	
626750	622500	659750	644000	654500	
632500	642000	647750	649000	654500	
635750	636250	635000	626250	649000	
635750	635000	635000	630000	635000	
640750	650750	617500	634500	637000	
648250	633750	634500	653250	621750	
662750	659750	631250	633250	649500	
641250	654500	638750	625500	642000	
644000	626250	636250	630000	622500	
646500	628750	630000	643250	642000	
657750	632000	637000	637500	633250	
633750	640750	634500	636250	650750	
639500	648250	637000	633750	644500	
638250	639500	649500	649000	636250	
639500	638250	651500	620000	655750	
641250	632000	635750	651500	649000	
653250	644000	630750	630750	642500	
639500	633750	653250	633250	649500	
640000	657000	629500	633250	628250	
639500	640000	647000	632500	627500	
634500	621750	622500	632000	645750	
625000	647000	633750	647750	636250	
637000	662250	645250	650250	643250	
635000	640750	647000	620000	645250	
635750	638750	642000	636250	631250	
628250	624250	632500	635750	642500	
649000	638250	642000	613750	644500	
634500	637000	645250	650250	644000	
633750	635000	618000	633750	660250	
635000	633250	638250	635750	639500	
635000	649500	661500	654000	637500	
615500	644000	645750	632000	642000	
643250	642000	636250	631250	633250	
621750	632500	636250	628250	651500	
638750	632500	632500	640000	644500	
618750	629500	629500	640750	635000	
623750	632000	641250	635750	642000	
638750	643250	630750	632000	641250	
634500	633750	635750	645250	661000	
647000	637500	657750	638750	628250	
643250	626750	650750	642500	630000	
640750	633250	635750	654000	647000	
639500	641250	633750	648250	638250	
657000	654500	631250	644000	647750	
629500	632500	650250	639500	626250	
642500	648250	637500	632500	641250	
649000	633750	631250	640750	642000	
623000	616750	642000	646500	633750	
630750	639500	619250	645750	627500	
653250	654000	620000	628250	642000	
640000	622500	631250	640000	644500	
648250	634500	648250	625000	629500	
622500	632000	643250	650750	655750	
635000	623000	647000	621250	637500	
616250	625500	635000	627500	638250	
635000	635000	639500	637500	645750	
635000	633250	631250	640000	649500	
642500	652000	649000	640000	651500	
636250	620000	632000	639500	638750	
629500	631250	636250	637500	659000	
628750	646500	623000	636250	641250	
621250	622500	648250	630000	623000	
632500	653250	637000	625000	648250	
605500	645250	652000	623000	630750	
639500	643250	638250	635000	649500	
661000	616750	627500	648250	669750	
638250	618750	623750	649000	621250	
637500	632500	648250	644000	657750	
633750	626250	634500	650250	622500	
635750	637500	635000	631250	642000	
626250	623000	630000	618750	618000	
642500	639500	625500	621750	644500	
621250	637500	636250	640750	616250	
632000	634500	633250	636250	630000	
644000	633750	636250	649500	640750	
629500	646500	628750	625500	635000	
637500	643250	621250	632000	630750	
632000	635000	628250	633750	654500	
647000	606750	641250	640750	652750	
625500	650750	628250	626750	635000	
648250	637000	632000	647750	640000	
632500	612500	632000	629500	641250	
655750	654000	660250	630750	649500	
652000	632000	635750	640000	620000	
660250	630000	636250	644500	637500	
640000	648250	643250	650250	630000	
636250	631250	632000	634500	633250	
636250	633250	627500	613750	635750	
616750	625500	623750	625000	632500	
640000	611000	624250	625500	627500	
635000	654000	645250	628750	637500	
629500	610500	638250	644500	638750	
620500	633750	636250	647000	638750	
643250	649000	618000	622500	637500	
647750	624250	630750	635000	626250	
631250	643250	616250	629500	636250	
633250	633750	655250	637000	650750	
623750	620500	626750	632000	638250	
635000	638250	632500	626250	644000	
633750	625500	640000	638750	635750	
637000	631250	637000	637000	629500	
651500	642000	645250	639500	628750	
628250	642500	640750	650750	627500	
622500	652750	613750	630750	628250	
634500	627500	631250	628250	635000	
635750	639500	625500	621750	632000	
647000	621750	626250	619250	640750	
646500	625000	633750	631250	635000	
641250	641250	623000	627500	646500	
630750	633750	643250	628750	633750	
637500	637000	620000	649500	634500	
635750	642000	634500	630750	633750	
645750	642500	626750	626750	638750	
634500	647000	625000	635000	638250	
626250	624250	641250	630750	638250	
638750	634500	638750	615500	634500	
638750	634500	638750	615500	634500	
638750	634500	638750	615500	634500	
