4250	4250	4250	4250	4250	
7.13825e+06	7.13825e+06	7.13825e+06	7.13825e+06	7.13825e+06	
528500	559500	524250	541750	535500	
526000	513500	522250	512750	510250	
499000	523000	511000	507750	514000	
517250	507750	514000	512750	521000	
521750	539250	511500	524250	518500	
506000	517750	514000	505250	493250	
524750	512250	506500	512250	498250	
505250	513500	511000	518500	524250	
525500	518500	523000	531000	536250	
512750	524250	512750	524250	540000	
537500	509750	531750	522250	524750	
539250	530500	529250	515250	542500	
534750	532250	542500	537500	531750	
548750	536250	529750	541250	561250	
555000	549250	537500	557000	553250	
550500	555750	567000	549250	567000	
562000	548750	568250	556250	558250	
562000	567000	552000	552000	564500	
569000	577750	569500	576500	571500	
565750	587250	577000	564500	601750	
577750	552500	567000	573250	575750	
645250	661000	676000	647000	640750	
834250	828000	841750	820250	821500	
846250	854250	863250	860000	846250	
851250	849250	854250	862000	852500	
856750	851750	878250	872500	866250	
874500	867000	868250	867500	858250	
851750	886500	879500	871250	864500	
879000	884500	909250	879500	858750	
882750	892250	897250	889750	897250	
896000	928750	910500	903500	919250	
940000	966500	943250	938750	953250	
935000	918000	947500	920500	926250	
930500	921250	900250	928750	943250	
930000	926250	932500	933750	928750	
950750	943250	921250	938250	918000	
938750	928000	926250	940750	922500	
935000	920000	964000	936250	924250	
942500	914250	932500	931750	948750	
996750	987250	969000	957000	981000	
986750	988000	979750	995500	957750	
991000	1.01575e+06	1.01125e+06	995500	1.022e+06	
1.032e+06	989250	1.015e+06	998750	1.01625e+06	
993000	1.02e+06	999250	987250	986000	
996250	993500	1.0075e+06	1.00875e+06	995500	
1.01375e+06	996750	986000	1.008e+06	994250	
990500	1.032e+06	1.00425e+06	967750	997500	
987250	978500	991000	965250	977750	
972750	957000	954500	952000	951500	
975250	930000	959500	945000	933750	
975250	967250	941250	938750	954500	
931250	947000	943250	941250	963250	
908000	933750	918750	901000	950250	
912250	925500	948250	950750	940750	
1.00425e+06	981750	977250	969000	981000	
1.02325e+06	1.04025e+06	1.05275e+06	1.0605e+06	1.039e+06	
1.05275e+06	1.068e+06	1.08e+06	1.063e+06	1.03075e+06	
1.0725e+06	1.08825e+06	1.07925e+06	1.058e+06	1.066e+06	
1.0435e+06	1.051e+06	1.02825e+06	1.0535e+06	1.027e+06	
997500	1.029e+06	1.029e+06	1.03525e+06	1.0145e+06	
1.027e+06	1.00875e+06	1.00875e+06	1.01125e+06	1.01075e+06	
1.0175e+06	1.02375e+06	1.03025e+06	1.02125e+06	1.037e+06	
1.05925e+06	1.0655e+06	1.04225e+06	1.034e+06	1.03575e+06	
1.06975e+06	1.08625e+06	1.0825e+06	1.066e+06	1.068e+06	
1.068e+06	1.10525e+06	1.0975e+06	1.0995e+06	1.10075e+06	
1.06425e+06	1.109e+06	1.1e+06	1.08375e+06	1.08e+06	
1.11325e+06	1.1355e+06	1.12225e+06	1.06225e+06	1.054e+06	
1.10125e+06	1.11325e+06	1.1045e+06	1.11025e+06	1.09125e+06	
1.1185e+06	1.13275e+06	1.1335e+06	1.14675e+06	1.112e+06	
1.112e+06	1.141e+06	1.12725e+06	1.1405e+06	1.10825e+06	
1.17575e+06	1.153e+06	1.14725e+06	1.14925e+06	1.15875e+06	
1.204e+06	1.18025e+06	1.18075e+06	1.2015e+06	1.206e+06	
1.2325e+06	1.213e+06	1.235e+06	1.2355e+06	1.25e+06	
1.271e+06	1.2445e+06	1.26575e+06	1.259e+06	1.235e+06	
1.2665e+06	1.233e+06	1.2565e+06	1.233e+06	1.228e+06	
1.2495e+06	1.223e+06	1.27275e+06	1.2525e+06	1.2355e+06	
1.247e+06	1.196e+06	1.24075e+06	1.2545e+06	1.23425e+06	
1.19325e+06	1.216e+06	1.2235e+06	1.23125e+06	1.201e+06	
1.24e+06	1.19775e+06	1.20475e+06	1.19775e+06	1.211e+06	
1.21425e+06	1.2185e+06	1.2305e+06	1.211e+06	1.17325e+06	
1.242e+06	1.26025e+06	1.2375e+06	1.26275e+06	1.2425e+06	
1.27225e+06	1.286e+06	1.27275e+06	1.3125e+06	1.26825e+06	
1.27725e+06	1.32875e+06	1.29475e+06	1.30625e+06	1.2695e+06	
1.308e+06	1.3195e+06	1.293e+06	1.332e+06	1.29975e+06	
1.2985e+06	1.30375e+06	1.26525e+06	1.24075e+06	1.271e+06	
1.262e+06	1.264e+06	1.26025e+06	1.24375e+06	1.2475e+06	
1.29225e+06	1.288e+06	1.264e+06	1.257e+06	1.264e+06	
1.315e+06	1.308e+06	1.3025e+06	1.30675e+06	1.2885e+06	
1.2565e+06	1.281e+06	1.26775e+06	1.2885e+06	1.2885e+06	
1.20225e+06	1.22625e+06	1.2375e+06	1.177e+06	1.22225e+06	
1.228e+06	1.2205e+06	1.23375e+06	1.209e+06	1.21475e+06	
1.24575e+06	1.22625e+06	1.242e+06	1.21925e+06	1.228e+06	
1.1675e+06	1.17825e+06	1.16375e+06	1.18525e+06	1.15425e+06	
1.15375e+06	1.114e+06	1.17075e+06	1.1265e+06	1.177e+06	
1.1405e+06	1.1675e+06	1.158e+06	1.15675e+06	1.13425e+06	
1.15175e+06	1.18075e+06	1.15125e+06	1.1675e+06	1.187e+06	
1.196e+06	1.209e+06	1.16875e+06	1.19275e+06	1.20475e+06	
1.20725e+06	1.23925e+06	1.2445e+06	1.2235e+06	1.211e+06	
1.31375e+06	1.30175e+06	1.305e+06	1.28925e+06	1.32575e+06	
1.31e+06	1.308e+06	1.33525e+06	1.33575e+06	1.3005e+06	
1.34575e+06	1.315e+06	1.33e+06	1.29425e+06	1.3535e+06	
1.34525e+06	1.34275e+06	1.33e+06	1.34975e+06	1.35725e+06	
1.37225e+06	1.38175e+06	1.37925e+06	1.3515e+06	1.349e+06	
1.424e+06	1.431e+06	1.41325e+06	1.4045e+06	1.45425e+06	
1.514e+06	1.4895e+06	1.48775e+06	1.4745e+06	1.443e+06	
1.45675e+06	1.4775e+06	1.47875e+06	1.50275e+06	1.487e+06	
1.48775e+06	1.41575e+06	1.48125e+06	1.475e+06	1.431e+06	
1.3755e+06	1.40625e+06	1.39375e+06	1.39875e+06	1.40625e+06	
1.3585e+06	1.3515e+06	1.37425e+06	1.35725e+06	1.35975e+06	
1.349e+06	1.35225e+06	1.34325e+06	1.3485e+06	1.35275e+06	
1.4075e+06	1.39875e+06	1.3755e+06	1.38625e+06	1.37725e+06	
1.45675e+06	1.4675e+06	1.47e+06	1.45175e+06	1.46e+06	
1.49525e+06	1.55625e+06	1.506e+06	1.516e+06	1.516e+06	
1.44925e+06	1.409e+06	1.44425e+06	1.465e+06	1.4485e+06	
1.3875e+06	1.42325e+06	1.39875e+06	1.3975e+06	1.3755e+06	
1.30625e+06	1.3345e+06	1.3175e+06	1.34075e+06	1.3225e+06	
1.27025e+06	1.27025e+06	1.284e+06	1.23e+06	1.2765e+06	
1.2135e+06	1.23675e+06	1.1965e+06	1.21925e+06	1.209e+06	
1.23375e+06	1.177e+06	1.17575e+06	1.2035e+06	1.16875e+06	
1.213e+06	1.19025e+06	1.206e+06	1.1725e+06	1.19775e+06	
1.23375e+06	1.2545e+06	1.247e+06	1.235e+06	1.257e+06	
1.3195e+06	1.3535e+06	1.315e+06	1.3345e+06	1.31e+06	
1.446e+06	1.45875e+06	1.4485e+06	1.446e+06	1.45225e+06	
1.49025e+06	1.501e+06	1.46875e+06	1.5115e+06	1.4775e+06	
1.5035e+06	1.501e+06	1.48775e+06	1.49325e+06	1.4655e+06	
1.441e+06	1.446e+06	1.4335e+06	1.482e+06	1.4385e+06	
1.46625e+06	1.472e+06	1.485e+06	1.50275e+06	1.4335e+06	
1.5305e+06	1.53175e+06	1.5455e+06	1.52175e+06	1.506e+06	
1.53125e+06	1.514e+06	1.4915e+06	1.53175e+06	1.51475e+06	
1.53175e+06	1.547e+06	1.53125e+06	1.547e+06	1.5405e+06	
1.489e+06	1.552e+06	1.51275e+06	1.50975e+06	1.5305e+06	
1.514e+06	1.5815e+06	1.56775e+06	1.55625e+06	1.552e+06	
1.55625e+06	1.557e+06	1.593e+06	1.547e+06	1.56825e+06	
1.5745e+06	1.59725e+06	1.58475e+06	1.606e+06	1.58525e+06	
1.65275e+06	1.65525e+06	1.664e+06	1.63375e+06	1.60925e+06	
1.7775e+06	1.736e+06	1.777e+06	1.74525e+06	1.73525e+06	
1.8455e+06	1.85575e+06	1.821e+06	1.81275e+06	1.85325e+06	
1.88475e+06	1.83675e+06	1.86625e+06	1.80775e+06	1.84125e+06	
1.8795e+06	1.85175e+06	1.87825e+06	1.874e+06	1.86625e+06	
1.89725e+06	1.90475e+06	1.93575e+06	1.9445e+06	1.92e+06	
1.9835e+06	2.012e+06	2.0025e+06	1.98175e+06	2.003e+06	
1.96225e+06	1.96475e+06	1.95775e+06	1.97725e+06	1.9155e+06	
1.867e+06	1.90225e+06	1.85175e+06	1.83225e+06	1.83175e+06	
1.746e+06	1.71575e+06	1.73025e+06	1.71325e+06	1.673e+06	
1.538e+06	1.55825e+06	1.526e+06	1.528e+06	1.504e+06	
1.32575e+06	1.36475e+06	1.368e+06	1.3105e+06	1.3565e+06	
1.31e+06	1.30375e+06	1.2735e+06	1.29975e+06	1.2615e+06	
1.40575e+06	1.46375e+06	1.4485e+06	1.4115e+06	1.43475e+06	
1.6665e+06	1.6665e+06	1.702e+06	1.601e+06	1.6615e+06	
1.8525e+06	1.879e+06	1.85175e+06	1.821e+06	1.8745e+06	
1.97475e+06	2.01825e+06	2.041e+06	1.99625e+06	1.976e+06	
2.056e+06	2.107e+06	2.07175e+06	2.10275e+06	2.11025e+06	
1.98925e+06	2.03075e+06	2.03075e+06	2.039e+06	2.01625e+06	
1.826e+06	1.84875e+06	1.8525e+06	1.85625e+06	1.82725e+06	
1.6245e+06	1.6125e+06	1.62625e+06	1.6225e+06	1.60725e+06	
1.46875e+06	1.48375e+06	1.485e+06	1.49075e+06	1.47325e+06	
1.60225e+06	1.579e+06	1.61675e+06	1.618e+06	1.584e+06	
1.8625e+06	1.89225e+06	1.925e+06	1.91925e+06	1.88275e+06	
2.24375e+06	2.24125e+06	2.22425e+06	2.20975e+06	2.1915e+06	
2.4315e+06	2.45675e+06	2.43975e+06	2.39875e+06	2.39125e+06	
2.5715e+06	2.56025e+06	2.58725e+06	2.5525e+06	2.52225e+06	
2.627e+06	2.65225e+06	2.685e+06	2.68175e+06	2.64975e+06	
2.6995e+06	2.743e+06	2.69875e+06	2.68625e+06	2.6755e+06	
2.69575e+06	2.7335e+06	2.748e+06	2.7115e+06	2.748e+06	
2.7215e+06	2.76175e+06	2.79775e+06	2.7555e+06	2.74675e+06	
2.78775e+06	2.77325e+06	2.81725e+06	2.763e+06	2.7365e+06	
2.79525e+06	2.891e+06	2.83925e+06	2.8355e+06	2.86325e+06	
2.93375e+06	2.9225e+06	2.9585e+06	2.95325e+06	2.8815e+06	
2.9635e+06	3.02775e+06	2.9615e+06	2.99375e+06	2.9805e+06	
2.9925e+06	3.0555e+06	3.01575e+06	3.01075e+06	3.02775e+06	
3.08125e+06	3.065e+06	3.1385e+06	3.13175e+06	3.05425e+06	
3.03975e+06	3.05975e+06	3.03275e+06	3.0435e+06	2.96775e+06	
2.96525e+06	3.00875e+06	2.961e+06	2.99875e+06	2.9905e+06	
3.005e+06	3.0435e+06	3.0435e+06	3.019e+06	3.0315e+06	
3.0435e+06	3.07625e+06	3.039e+06	3.02025e+06	3.022e+06	
3.11975e+06	3.0335e+06	3.04975e+06	3.048e+06	3.044e+06	
3.0535e+06	3.04225e+06	3.0535e+06	2.9925e+06	2.96475e+06	
3.053e+06	3.10975e+06	3.0605e+06	3.005e+06	3.053e+06	
3.061e+06	3.0845e+06	3.048e+06	3.10575e+06	3.09325e+06	
3.04525e+06	3.0215e+06	3.068e+06	3.01575e+06	3.04975e+06	
3.015e+06	3.073e+06	3.05475e+06	2.988e+06	3.0315e+06	
3.00375e+06	3.041e+06	3.03775e+06	3.0045e+06	3.03075e+06	
3.0485e+06	3.107e+06	3.0485e+06	2.988e+06	3.04225e+06	
3.0945e+06	3.1045e+06	3.17325e+06	3.11275e+06	3.075e+06	
3.186e+06	3.1765e+06	3.1505e+06	3.155e+06	3.14925e+06	
3.2035e+06	3.26525e+06	3.2515e+06	3.2685e+06	3.1815e+06	
3.33275e+06	3.33275e+06	3.32575e+06	3.30825e+06	3.237e+06	
3.407e+06	3.42975e+06	3.41475e+06	3.4185e+06	3.43175e+06	
3.4915e+06	3.494e+06	3.4405e+06	3.40275e+06	3.467e+06	
3.3925e+06	3.346e+06	3.35725e+06	3.3175e+06	3.378e+06	
3.10525e+06	3.19775e+06	3.11775e+06	3.1815e+06	3.1065e+06	
3.162e+06	3.162e+06	3.15e+06	3.116e+06	3.13925e+06	
3.21675e+06	3.247e+06	3.2445e+06	3.23e+06	3.2395e+06	
3.42025e+06	3.4215e+06	3.424e+06	3.44925e+06	3.38175e+06	
3.642e+06	3.57475e+06	3.55e+06	3.5955e+06	3.511e+06	
3.60675e+06	3.63775e+06	3.632e+06	3.61575e+06	3.55575e+06	
3.7435e+06	3.65025e+06	3.70825e+06	3.695e+06	3.70825e+06	
3.6105e+06	3.724e+06	3.66475e+06	3.6175e+06	3.69375e+06	
3.58425e+06	3.615e+06	3.56575e+06	3.58475e+06	3.567e+06	
3.54375e+06	3.588e+06	3.5645e+06	3.576e+06	3.5325e+06	
3.69375e+06	3.68375e+06	3.63575e+06	3.66675e+06	3.65025e+06	
3.77575e+06	3.816e+06	3.73025e+06	3.69e+06	3.75675e+06	
3.692e+06	3.75375e+06	3.69125e+06	3.738e+06	3.64275e+06	
3.74425e+06	3.81225e+06	3.6945e+06	3.656e+06	3.71025e+06	
3.743e+06	3.7095e+06	3.72025e+06	3.68425e+06	3.67175e+06	
3.7865e+06	3.688e+06	3.80025e+06	3.7485e+06	3.65725e+06	
3.83375e+06	3.82875e+06	3.7945e+06	3.859e+06	3.77e+06	
3.973e+06	3.9005e+06	3.91e+06	3.8955e+06	3.87275e+06	
3.9905e+06	3.96525e+06	3.925e+06	3.9325e+06	3.86275e+06	
3.8615e+06	3.88225e+06	3.84625e+06	3.799e+06	3.7775e+06	
3.7315e+06	3.8035e+06	3.7525e+06	3.748e+06	3.7505e+06	
3.73925e+06	3.8235e+06	3.721e+06	3.7605e+06	3.7045e+06	
3.78075e+06	3.78e+06	3.7405e+06	3.7625e+06	3.78275e+06	
3.78575e+06	3.79575e+06	3.811e+06	3.787e+06	3.73475e+06	
3.797e+06	3.8615e+06	3.86525e+06	3.83375e+06	3.85575e+06	
3.97425e+06	3.92825e+06	3.87725e+06	3.8235e+06	3.80225e+06	
3.93e+06	3.8815e+06	3.951e+06	3.91675e+06	3.87475e+06	
3.87775e+06	3.85575e+06	3.898e+06	3.8255e+06	3.8545e+06	
3.9155e+06	4.01e+06	4.0075e+06	3.9275e+06	3.89725e+06	
4.07625e+06	4.03275e+06	4.031e+06	4.0025e+06	4.0915e+06	
4.2415e+06	4.1885e+06	4.14875e+06	4.1235e+06	4.099e+06	
4.2155e+06	4.21925e+06	4.21125e+06	4.22425e+06	4.1085e+06	
4.206e+06	4.249e+06	4.26775e+06	4.215e+06	4.1665e+06	
4.05475e+06	4.15e+06	4.09325e+06	4.0215e+06	4.09075e+06	
4.03525e+06	4.01275e+06	3.97975e+06	3.9925e+06	4.02775e+06	
3.9365e+06	4.007e+06	3.9785e+06	3.903e+06	3.961e+06	
3.96925e+06	3.947e+06	3.91375e+06	3.91925e+06	3.92075e+06	
4.0335e+06	4.0675e+06	4.04675e+06	3.98875e+06	3.99875e+06	
4.2175e+06	4.20725e+06	4.19025e+06	4.08125e+06	4.14125e+06	
4.218e+06	4.271e+06	4.2055e+06	4.19275e+06	4.155e+06	
4.21625e+06	4.264e+06	4.24775e+06	4.2085e+06	4.24525e+06	
4.264e+06	4.2055e+06	4.1795e+06	4.218e+06	4.1835e+06	
4.169e+06	4.18475e+06	4.19725e+06	4.12425e+06	4.12425e+06	
4.20425e+06	4.29125e+06	4.30175e+06	4.23825e+06	4.22825e+06	
4.36225e+06	4.30825e+06	4.29675e+06	4.2805e+06	4.33975e+06	
4.18475e+06	4.264e+06	4.315e+06	4.22e+06	4.22175e+06	
4.29925e+06	4.27425e+06	4.242e+06	4.2615e+06	4.2565e+06	
4.09825e+06	4.10725e+06	4.05175e+06	4.09575e+06	4.14e+06	
4.11225e+06	4.21125e+06	4.1695e+06	4.12675e+06	4.089e+06	
4.22625e+06	4.169e+06	4.27425e+06	4.20675e+06	4.18475e+06	
4.36675e+06	4.293e+06	4.35425e+06	4.31375e+06	4.26975e+06	
4.27675e+06	4.269e+06	4.22175e+06	4.23375e+06	4.15825e+06	
4.11225e+06	4.09775e+06	4.14925e+06	4.08325e+06	4.0675e+06	
3.97925e+06	3.9415e+06	3.97475e+06	3.93325e+06	3.93075e+06	
3.7285e+06	3.77075e+06	3.707e+06	3.7065e+06	3.6685e+06	
3.465e+06	3.4745e+06	3.4675e+06	3.50675e+06	3.4115e+06	
3.40075e+06	3.41975e+06	3.395e+06	3.36425e+06	3.349e+06	
3.49025e+06	3.48275e+06	3.4935e+06	3.4405e+06	3.4335e+06	
3.949e+06	3.93775e+06	3.8765e+06	3.93e+06	3.9175e+06	
4.30625e+06	4.38325e+06	4.38375e+06	4.3485e+06	4.26275e+06	
4.656e+06	4.63575e+06	4.54375e+06	4.57725e+06	4.61575e+06	
4.59625e+06	4.6005e+06	4.56075e+06	4.57275e+06	4.53375e+06	
4.57275e+06	4.59925e+06	4.6075e+06	4.61375e+06	4.56725e+06	
4.661e+06	4.77375e+06	4.673e+06	4.64275e+06	4.726e+06	
4.68875e+06	4.68575e+06	4.736e+06	4.68825e+06	4.673e+06	
4.431e+06	4.43725e+06	4.44175e+06	4.43475e+06	4.39825e+06	
4.41525e+06	4.4915e+06	4.477e+06	4.40075e+06	4.37e+06	
4.66925e+06	4.6055e+06	4.55825e+06	4.59425e+06	4.62375e+06	
4.77375e+06	4.823e+06	4.794e+06	4.813e+06	4.7045e+06	
4.87975e+06	4.99325e+06	4.939e+06	4.84825e+06	4.86075e+06	
4.9805e+06	4.9395e+06	4.9515e+06	4.922e+06	4.92625e+06	
5.222e+06	5.2755e+06	5.12425e+06	5.11675e+06	5.1475e+06	
5.198e+06	5.18975e+06	5.2445e+06	5.17275e+06	5.11725e+06	
5.181e+06	5.20925e+06	5.29425e+06	5.18025e+06	5.145e+06	
5.11275e+06	5.18225e+06	5.16025e+06	5.1185e+06	5.0945e+06	
5.08e+06	5.10475e+06	5.11975e+06	5.111e+06	5.00125e+06	
4.9105e+06	4.9805e+06	4.915e+06	4.8935e+06	4.92375e+06	
4.7575e+06	4.765e+06	4.8275e+06	4.813e+06	4.73225e+06	
4.6585e+06	4.6875e+06	4.65725e+06	4.654e+06	4.639e+06	
4.903e+06	4.905e+06	4.89475e+06	4.86775e+06	4.847e+06	
5.1085e+06	5.046e+06	5.14425e+06	5.03025e+06	5.046e+06	
5.162e+06	5.13175e+06	5.1405e+06	5.13e+06	5.203e+06	
5.203e+06	5.213e+06	5.22e+06	5.09075e+06	5.09575e+06	
5.143e+06	5.106e+06	5.145e+06	5.13875e+06	5.10225e+06	
5.273e+06	5.25025e+06	5.27675e+06	5.32825e+06	5.21125e+06	
5.45625e+06	5.4835e+06	5.3965e+06	5.44625e+06	5.34725e+06	
5.62075e+06	5.6245e+06	5.60875e+06	5.549e+06	5.598e+06	
5.65225e+06	5.5565e+06	5.63975e+06	5.63525e+06	5.57225e+06	
5.78025e+06	5.7865e+06	5.77325e+06	5.69575e+06	5.73925e+06	
5.7645e+06	5.84375e+06	5.84075e+06	5.719e+06	5.72975e+06	
5.75875e+06	5.7915e+06	5.83625e+06	5.789e+06	5.707e+06	
5.7015e+06	5.74875e+06	5.7015e+06	5.6995e+06	5.64475e+06	
5.77e+06	5.78025e+06	5.794e+06	5.8015e+06	5.68825e+06	
5.79725e+06	5.83825e+06	5.8395e+06	5.78025e+06	5.81475e+06	
5.937e+06	5.9175e+06	5.89675e+06	5.845e+06	5.74925e+06	
5.8835e+06	5.9705e+06	5.93025e+06	5.83825e+06	5.85275e+06	
5.985e+06	5.8445e+06	5.8135e+06	5.79975e+06	5.7965e+06	
5.646e+06	5.78075e+06	5.66925e+06	5.697e+06	5.63275e+06	
5.588e+06	5.61075e+06	5.5835e+06	5.57025e+06	5.5755e+06	
5.71075e+06	5.72725e+06	5.75125e+06	5.59675e+06	5.63325e+06	
5.91825e+06	5.78775e+06	5.83575e+06	5.854e+06	5.80725e+06	
5.88225e+06	5.9225e+06	5.9225e+06	5.9585e+06	5.91125e+06	
6.13375e+06	6.15575e+06	6.1715e+06	6.07075e+06	6.113e+06	
6.13625e+06	6.18525e+06	6.25225e+06	6.10725e+06	6.12225e+06	
6.1495e+06	6.164e+06	6.13925e+06	6.0675e+06	6.087e+06	
6.21425e+06	6.193e+06	6.20925e+06	6.142e+06	6.14375e+06	
6.13675e+06	6.18225e+06	6.1645e+06	6.164e+06	6.11475e+06	
6.244e+06	6.18025e+06	6.18475e+06	6.2125e+06	6.1715e+06	
6.40525e+06	6.348e+06	6.3965e+06	6.4035e+06	6.25225e+06	
6.37e+06	6.365e+06	6.43175e+06	6.387e+06	6.2445e+06	
6.5035e+06	6.51925e+06	6.53625e+06	6.43675e+06	6.40525e+06	
6.62325e+06	6.636e+06	6.699e+06	6.6145e+06	6.5245e+06	
6.59e+06	6.63525e+06	6.5905e+06	6.5955e+06	6.506e+06	
6.595e+06	6.56525e+06	6.5465e+06	6.47075e+06	6.418e+06	
6.6705e+06	6.59375e+06	6.63225e+06	6.53325e+06	6.5615e+06	
6.35675e+06	6.38e+06	6.406e+06	6.3145e+06	6.20925e+06	
6.20625e+06	6.26025e+06	6.16575e+06	6.18925e+06	6.20875e+06	
6.06625e+06	6.0675e+06	6.05625e+06	6.007e+06	6.05675e+06	
6.1255e+06	6.20625e+06	6.0985e+06	6.101e+06	6.155e+06	
6.1355e+06	6.184e+06	6.2055e+06	6.1765e+06	6.1425e+06	
6.31275e+06	6.3265e+06	6.3725e+06	6.37075e+06	6.2655e+06	
6.3605e+06	6.2945e+06	6.416e+06	6.307e+06	6.22575e+06	
6.2805e+06	6.276e+06	6.3385e+06	6.30375e+06	6.2685e+06	
6.30125e+06	6.3115e+06	6.39025e+06	6.331e+06	6.27475e+06	
6.44125e+06	6.48975e+06	6.52175e+06	6.399e+06	6.31775e+06	
6.50875e+06	6.43875e+06	6.498e+06	6.38e+06	6.36625e+06	
6.62075e+06	6.64275e+06	6.61325e+06	6.6125e+06	6.49675e+06	
6.5705e+06	6.68325e+06	6.6485e+06	6.45875e+06	6.53575e+06	
6.6125e+06	6.71475e+06	6.6e+06	6.59425e+06	6.5275e+06	
6.801e+06	6.9145e+06	6.80475e+06	6.77075e+06	6.8035e+06	
6.7475e+06	6.806e+06	6.663e+06	6.716e+06	6.631e+06	
6.6095e+06	6.5615e+06	6.53e+06	6.602e+06	6.559e+06	
6.5325e+06	6.64725e+06	6.5665e+06	6.62075e+06	6.52325e+06	
6.65975e+06	6.5925e+06	6.6335e+06	6.54075e+06	6.53e+06	
6.65675e+06	6.60375e+06	6.66875e+06	6.59125e+06	6.53825e+06	
6.60375e+06	6.61775e+06	6.68875e+06	6.59175e+06	6.5325e+06	
6.61775e+06	6.6795e+06	6.70525e+06	6.51675e+06	6.5055e+06	
6.738e+06	6.78025e+06	6.6555e+06	6.63225e+06	6.61375e+06	
6.6265e+06	6.73925e+06	6.61825e+06	6.6845e+06	6.7015e+06	
6.9175e+06	6.852e+06	6.95475e+06	6.905e+06	6.88225e+06	
6.905e+06	6.8325e+06	6.84525e+06	6.84575e+06	6.83875e+06	
6.91075e+06	6.905e+06	6.915e+06	6.86775e+06	6.75375e+06	
7.05875e+06	7.05875e+06	7.08825e+06	7.007e+06	6.91375e+06	
7.0625e+06	7.0595e+06	6.999e+06	6.97175e+06	6.99375e+06	
6.922e+06	6.94225e+06	6.9995e+06	6.874e+06	6.91325e+06	
7.02275e+06	7.125e+06	7.0595e+06	7.04875e+06	7.084e+06	
7.03175e+06	7.096e+06	7.05425e+06	6.95725e+06	6.922e+06	
6.88925e+06	6.9825e+06	6.9465e+06	6.95025e+06	6.8685e+06	
6.881e+06	6.87925e+06	6.9295e+06	6.86975e+06	6.8275e+06	
6.905e+06	6.93775e+06	6.9655e+06	6.9705e+06	6.811e+06	
6.73225e+06	6.83875e+06	6.82375e+06	6.78725e+06	6.777e+06	
6.99775e+06	7.05e+06	6.9485e+06	6.96425e+06	6.91875e+06	
6.9895e+06	6.9995e+06	7.036e+06	6.97625e+06	6.9945e+06	
7.20875e+06	7.18725e+06	7.2e+06	7.203e+06	7.07575e+06	
6.9875e+06	6.93075e+06	7.01025e+06	6.96225e+06	6.9125e+06	
6.92275e+06	6.9465e+06	6.99325e+06	6.8615e+06	6.9585e+06	
7.0185e+06	7.137e+06	7.11725e+06	7.0335e+06	6.94275e+06	
7.06e+06	7.13825e+06	7.154e+06	7.06575e+06	7.09275e+06	
7.1835e+06	7.25475e+06	7.2195e+06	7.1565e+06	7.1785e+06	
7.25525e+06	7.23075e+06	7.25525e+06	7.12925e+06	7.11225e+06	
7.43e+06	7.505e+06	7.4525e+06	7.41175e+06	7.27625e+06	
7.40725e+06	7.44125e+06	7.382e+06	7.34675e+06	7.3405e+06	
7.38525e+06	7.481e+06	7.4495e+06	7.42175e+06	7.3435e+06	
7.40525e+06	7.384e+06	7.41425e+06	7.32975e+06	7.36375e+06	
7.4375e+06	7.5055e+06	7.33675e+06	7.37825e+06	7.348e+06	
7.1615e+06	7.256e+06	7.22825e+06	7.246e+06	7.14625e+06	
7.43375e+06	7.40025e+06	7.4235e+06	7.363e+06	7.30075e+06	
7.496e+06	7.5075e+06	7.44375e+06	7.358e+06	7.37825e+06	
7.6675e+06	7.69075e+06	7.64425e+06	7.5705e+06	7.56475e+06	
7.934e+06	8.01475e+06	7.9465e+06	7.88675e+06	7.88425e+06	
7.9385e+06	7.9755e+06	7.92275e+06	7.89625e+06	7.85775e+06	
7.85025e+06	7.94725e+06	7.97125e+06	7.8465e+06	7.83325e+06	
7.86525e+06	7.78525e+06	7.79975e+06	7.84775e+06	7.7885e+06	
7.956e+06	8.077e+06	8.0385e+06	7.99325e+06	7.82875e+06	
7.958e+06	8.011e+06	8.04e+06	7.994e+06	8.0065e+06	
8.08025e+06	8.19675e+06	8.1665e+06	8.065e+06	8.11925e+06	
8.32725e+06	8.43625e+06	8.41925e+06	8.319e+06	8.31075e+06	
8.47725e+06	8.4685e+06	8.33725e+06	8.341e+06	8.29e+06	
8.283e+06	8.534e+06	8.39725e+06	8.40225e+06	8.25225e+06	
8.387e+06	8.3555e+06	8.3675e+06	8.3095e+06	8.341e+06	
8.35625e+06	8.46525e+06	8.358e+06	8.32475e+06	8.24225e+06	
8.51375e+06	8.48025e+06	8.52075e+06	8.375e+06	8.39225e+06	
8.44375e+06	8.49725e+06	8.505e+06	8.401e+06	8.30275e+06	
8.68825e+06	8.70275e+06	8.7065e+06	8.60325e+06	8.546e+06	
8.8705e+06	8.98075e+06	8.95475e+06	8.68775e+06	8.76775e+06	
9.0715e+06	9.1615e+06	9.07525e+06	9.10725e+06	9.06e+06	
9.0205e+06	9.178e+06	9.07075e+06	8.936e+06	8.87675e+06	
9.1685e+06	9.0915e+06	9.1105e+06	9.02225e+06	9.069e+06	
9.0625e+06	9.2485e+06	9.11925e+06	9.09275e+06	9.06075e+06	
9.35875e+06	9.46075e+06	9.42e+06	9.35825e+06	9.3355e+06	
9.4885e+06	9.445e+06	9.449e+06	9.39025e+06	9.31525e+06	
9.35175e+06	9.43175e+06	9.43e+06	9.2895e+06	9.2585e+06	
9.619e+06	9.752e+06	9.6405e+06	9.556e+06	9.568e+06	
9.70225e+06	9.665e+06	9.67775e+06	9.58875e+06	9.551e+06	
9.63475e+06	9.633e+06	9.62725e+06	9.52075e+06	9.54475e+06	
9.73625e+06	9.805e+06	9.8195e+06	9.677e+06	9.65425e+06	
9.98125e+06	1.01035e+07	1.0028e+07	9.94175e+06	9.8995e+06	
9.94975e+06	9.941e+06	9.96675e+06	9.99275e+06	9.902e+06	
1.0076e+07	1.01055e+07	1.01622e+07	1.00015e+07	1.00205e+07	
9.87225e+06	9.9745e+06	9.93025e+06	9.9285e+06	9.803e+06	
1.0156e+07	1.01075e+07	1.0093e+07	9.97e+06	9.94475e+06	
1.0038e+07	1.00765e+07	1.0035e+07	9.96e+06	1.00035e+07	
1.01142e+07	1.01112e+07	1.01602e+07	9.934e+06	9.98325e+06	
9.95675e+06	1.00558e+07	1.00865e+07	9.9195e+06	9.813e+06	
1.01735e+07	1.01665e+07	1.02315e+07	1.00848e+07	1.00558e+07	
9.912e+06	1.01515e+07	1.01262e+07	9.972e+06	9.9215e+06	
9.75e+06	9.87625e+06	9.781e+06	9.711e+06	9.73375e+06	
9.12375e+06	9.309e+06	9.258e+06	9.1635e+06	9.125e+06	
8.9075e+06	8.91325e+06	8.868e+06	8.7985e+06	8.8155e+06	
8.885e+06	8.9045e+06	8.91125e+06	8.871e+06	8.71675e+06	
9.1275e+06	9.2535e+06	9.13e+06	9.04625e+06	9.01475e+06	
9.6335e+06	9.64875e+06	9.614e+06	9.51825e+06	9.61775e+06	
9.8825e+06	9.8415e+06	9.9625e+06	9.9505e+06	9.79475e+06	
1.02435e+07	1.02875e+07	1.02548e+07	1.02328e+07	1.01055e+07	
1.04338e+07	1.04055e+07	1.04508e+07	1.03952e+07	1.03368e+07	
1.03972e+07	1.0435e+07	1.0333e+07	1.0236e+07	1.02668e+07	
1.04552e+07	1.043e+07	1.04652e+07	1.03695e+07	1.02592e+07	
1.07055e+07	1.08225e+07	1.0931e+07	1.0553e+07	1.06808e+07	
1.09505e+07	1.10242e+07	1.10342e+07	1.08982e+07	1.0861e+07	
1.11402e+07	1.12592e+07	1.12418e+07	1.10628e+07	1.11548e+07	
1.11722e+07	1.12958e+07	1.12058e+07	1.11472e+07	1.0992e+07	
1.1355e+07	1.12945e+07	1.11598e+07	1.13362e+07	1.12542e+07	
1.11105e+07	1.11328e+07	1.11428e+07	1.10798e+07	1.09688e+07	
1.09435e+07	1.10028e+07	1.0887e+07	1.09045e+07	1.07992e+07	
1.0858e+07	1.08382e+07	1.0788e+07	1.06632e+07	1.065e+07	
1.07168e+07	1.08792e+07	1.07632e+07	1.06865e+07	1.06342e+07	
1.0987e+07	1.1069e+07	1.0984e+07	1.09222e+07	1.08422e+07	
1.1205e+07	1.12915e+07	1.13052e+07	1.12158e+07	1.11162e+07	
1.12738e+07	1.13652e+07	1.13512e+07	1.12278e+07	1.1265e+07	
1.13355e+07	1.1297e+07	1.12732e+07	1.12575e+07	1.1156e+07	
1.14615e+07	1.15642e+07	1.15038e+07	1.13658e+07	1.14458e+07	
1.1548e+07	1.16708e+07	1.17425e+07	1.1553e+07	1.14968e+07	
1.18522e+07	1.18688e+07	1.19335e+07	1.17768e+07	1.17332e+07	
1.1798e+07	1.17168e+07	1.174e+07	1.1648e+07	1.16032e+07	
1.18088e+07	1.17648e+07	1.1793e+07	1.16612e+07	1.16715e+07	
1.17622e+07	1.1766e+07	1.17938e+07	1.16248e+07	1.16072e+07	
1.18245e+07	1.1853e+07	1.18132e+07	1.18058e+07	1.17005e+07	
1.1723e+07	1.18675e+07	1.1841e+07	1.1708e+07	1.16285e+07	
1.1866e+07	1.20715e+07	1.19202e+07	1.18215e+07	1.17375e+07	
1.19148e+07	1.2137e+07	1.1938e+07	1.20185e+07	1.18725e+07	
1.19252e+07	1.19902e+07	1.19058e+07	1.17938e+07	1.17268e+07	
1.17005e+07	1.17452e+07	1.1657e+07	1.15535e+07	1.15492e+07	
1.15668e+07	1.15808e+07	1.16242e+07	1.15302e+07	1.1459e+07	
1.14742e+07	1.15518e+07	1.1636e+07	1.15555e+07	1.1415e+07	
1.18415e+07	1.17458e+07	1.18012e+07	1.16348e+07	1.1548e+07	
1.18882e+07	1.1839e+07	1.17768e+07	1.16625e+07	1.16835e+07	
1.17205e+07	1.1798e+07	1.18245e+07	1.17098e+07	1.17192e+07	
1.16198e+07	1.18195e+07	1.1643e+07	1.16218e+07	1.1456e+07	
1.14458e+07	1.14785e+07	1.14565e+07	1.14452e+07	1.13115e+07	
1.13942e+07	1.14458e+07	1.13942e+07	1.1389e+07	1.12032e+07	
1.15158e+07	1.14295e+07	1.14785e+07	1.13135e+07	1.12932e+07	
1.12982e+07	1.13482e+07	1.13312e+07	1.12485e+07	1.1159e+07	
1.136e+07	1.13375e+07	1.1268e+07	1.12045e+07	1.1185e+07	
1.13235e+07	1.1437e+07	1.13362e+07	1.13192e+07	1.1299e+07	
1.16468e+07	1.17105e+07	1.1662e+07	1.16545e+07	1.15108e+07	
1.17035e+07	1.16985e+07	1.17885e+07	1.17755e+07	1.17162e+07	
1.1807e+07	1.17155e+07	1.16972e+07	1.15838e+07	1.16852e+07	
1.17205e+07	1.1713e+07	1.17615e+07	1.15982e+07	1.1536e+07	
1.1575e+07	1.15838e+07	1.15612e+07	1.1522e+07	1.12978e+07	
1.16998e+07	1.1703e+07	1.17755e+07	1.15875e+07	1.15888e+07	
1.19058e+07	1.19815e+07	1.182e+07	1.17628e+07	1.16425e+07	
1.19538e+07	1.20835e+07	1.20362e+07	1.1943e+07	1.19235e+07	
1.22865e+07	1.22385e+07	1.23142e+07	1.21738e+07	1.2156e+07	
1.2217e+07	1.23412e+07	1.22128e+07	1.2149e+07	1.21112e+07	
1.23678e+07	1.24238e+07	1.23562e+07	1.22625e+07	1.20855e+07	
1.21738e+07	1.21105e+07	1.20955e+07	1.19455e+07	1.19865e+07	
1.21232e+07	1.2212e+07	1.22372e+07	1.20382e+07	1.19758e+07	
1.19355e+07	1.20238e+07	1.19128e+07	1.18622e+07	1.1899e+07	
1.17848e+07	1.18265e+07	1.18112e+07	1.18e+07	1.1752e+07	
1.18688e+07	1.17748e+07	1.18252e+07	1.1597e+07	1.1691e+07	
1.17465e+07	1.18385e+07	1.17678e+07	1.17962e+07	1.1628e+07	
1.20515e+07	1.21668e+07	1.22045e+07	1.20645e+07	1.19562e+07	
1.2333e+07	1.22448e+07	1.22032e+07	1.20595e+07	1.20868e+07	
1.2137e+07	1.2188e+07	1.21842e+07	1.203e+07	1.20665e+07	
1.20918e+07	1.21005e+07	1.2103e+07	1.20558e+07	1.20595e+07	
1.19135e+07	1.21182e+07	1.20818e+07	1.1989e+07	1.18555e+07	
1.19688e+07	1.20595e+07	1.20898e+07	1.18962e+07	1.19178e+07	
1.21528e+07	1.22182e+07	1.22252e+07	1.21042e+07	1.19675e+07	
1.24212e+07	1.24092e+07	1.24428e+07	1.23578e+07	1.225e+07	
1.226e+07	1.22618e+07	1.22152e+07	1.22435e+07	1.2156e+07	
1.22315e+07	1.22102e+07	1.21945e+07	1.20715e+07	1.2035e+07	
1.22682e+07	1.2287e+07	1.22315e+07	1.21395e+07	1.21138e+07	
1.20338e+07	1.21245e+07	1.21212e+07	1.19462e+07	1.19172e+07	
1.19272e+07	1.19475e+07	1.19178e+07	1.19265e+07	1.16728e+07	
1.1974e+07	1.21042e+07	1.20772e+07	1.19202e+07	1.19318e+07	
1.19202e+07	1.18642e+07	1.18792e+07	1.16952e+07	1.15965e+07	
1.17445e+07	1.1798e+07	1.16998e+07	1.16612e+07	1.15705e+07	
1.18252e+07	1.1868e+07	1.18402e+07	1.1706e+07	1.16462e+07	
1.18062e+07	1.19108e+07	1.1878e+07	1.18082e+07	1.16512e+07	
1.20035e+07	1.2052e+07	1.1967e+07	1.19058e+07	1.17528e+07	
1.19865e+07	1.19802e+07	1.195e+07	1.1945e+07	1.18108e+07	
1.1841e+07	1.18548e+07	1.18675e+07	1.1803e+07	1.1672e+07	
1.13745e+07	1.14338e+07	1.1391e+07	1.1268e+07	1.13608e+07	
1.08635e+07	1.1009e+07	1.09662e+07	1.08805e+07	1.07698e+07	
1.0798e+07	1.06625e+07	1.07192e+07	1.06198e+07	1.0616e+07	
1.07268e+07	1.09028e+07	1.07728e+07	1.07098e+07	1.05908e+07	
1.0921e+07	1.10098e+07	1.10048e+07	1.08238e+07	1.09185e+07	
1.09852e+07	1.10325e+07	1.0982e+07	1.10168e+07	1.0929e+07	
1.10425e+07	1.1047e+07	1.1038e+07	1.10318e+07	1.0994e+07	
1.13198e+07	1.1384e+07	1.1459e+07	1.11445e+07	1.11565e+07	
1.15598e+07	1.1575e+07	1.14785e+07	1.13285e+07	1.14615e+07	
1.16758e+07	1.17848e+07	1.17885e+07	1.17092e+07	1.1701e+07	
1.19688e+07	1.19902e+07	1.19385e+07	1.18788e+07	1.18692e+07	
1.20092e+07	1.20515e+07	1.21225e+07	1.19028e+07	1.18788e+07	
1.2178e+07	1.20842e+07	1.212e+07	1.19948e+07	1.18768e+07	
1.21868e+07	1.21552e+07	1.21528e+07	1.20818e+07	1.2076e+07	
1.22095e+07	1.22932e+07	1.22562e+07	1.20905e+07	1.20558e+07	
1.22972e+07	1.2347e+07	1.24182e+07	1.2301e+07	1.21868e+07	
1.23412e+07	1.23885e+07	1.24042e+07	1.23318e+07	1.22278e+07	
1.2229e+07	1.21642e+07	1.21435e+07	1.2088e+07	1.2004e+07	
1.20722e+07	1.21825e+07	1.22832e+07	1.21718e+07	1.19712e+07	
1.21818e+07	1.22512e+07	1.20905e+07	1.19115e+07	1.2037e+07	
1.21988e+07	1.2495e+07	1.23615e+07	1.2309e+07	1.2188e+07	
1.25625e+07	1.2522e+07	1.26102e+07	1.24988e+07	1.24075e+07	
1.26412e+07	1.27768e+07	1.26488e+07	1.26048e+07	1.25075e+07	
1.27118e+07	1.28548e+07	1.2817e+07	1.2638e+07	1.27155e+07	
1.2802e+07	1.26778e+07	1.27925e+07	1.27395e+07	1.26325e+07	
1.2723e+07	1.26532e+07	1.27125e+07	1.26035e+07	1.25328e+07	
1.26052e+07	1.26482e+07	1.26708e+07	1.2674e+07	1.25315e+07	
1.2425e+07	1.24125e+07	1.2459e+07	1.23865e+07	1.23205e+07	
1.20532e+07	1.21958e+07	1.20495e+07	1.20305e+07	1.19948e+07	
1.16322e+07	1.1701e+07	1.16235e+07	1.15468e+07	1.1502e+07	
1.16872e+07	1.17648e+07	1.17528e+07	1.16438e+07	1.1621e+07	
1.18882e+07	1.18882e+07	1.1878e+07	1.1863e+07	1.17288e+07	
1.2011e+07	1.21522e+07	1.22525e+07	1.20395e+07	1.20015e+07	
1.23682e+07	1.24182e+07	1.2422e+07	1.2338e+07	1.2243e+07	
1.26152e+07	1.27238e+07	1.27495e+07	1.24628e+07	1.24958e+07	
1.28378e+07	1.2848e+07	1.28668e+07	1.27798e+07	1.27055e+07	
1.29865e+07	1.3013e+07	1.30155e+07	1.2911e+07	1.29455e+07	
1.29015e+07	1.29708e+07	1.28662e+07	1.27295e+07	1.27962e+07	
1.2856e+07	1.29815e+07	1.29052e+07	1.28348e+07	1.2677e+07	
1.28498e+07	1.2894e+07	1.29392e+07	1.27685e+07	1.27295e+07	
1.29898e+07	1.30515e+07	1.31378e+07	1.30425e+07	1.29085e+07	
1.31308e+07	1.30722e+07	1.2994e+07	1.29948e+07	1.28825e+07	
1.30885e+07	1.31055e+07	1.30898e+07	1.30728e+07	1.30358e+07	
1.31858e+07	1.31258e+07	1.31158e+07	1.2943e+07	1.29575e+07	
1.28812e+07	1.27875e+07	1.28328e+07	1.2761e+07	1.26985e+07	
1.2369e+07	1.25738e+07	1.24958e+07	1.25405e+07	1.24022e+07	
1.24988e+07	1.24262e+07	1.2546e+07	1.23665e+07	1.22008e+07	
1.24975e+07	1.24988e+07	1.2517e+07	1.2374e+07	1.23048e+07	
1.2604e+07	1.2756e+07	1.26272e+07	1.24502e+07	1.24685e+07	
1.2616e+07	1.26495e+07	1.27375e+07	1.266e+07	1.24692e+07	
1.26732e+07	1.26588e+07	1.2582e+07	1.25838e+07	1.25152e+07	
1.26098e+07	1.26495e+07	1.27445e+07	1.26065e+07	1.25252e+07	
1.27375e+07	1.27938e+07	1.27388e+07	1.2807e+07	1.2679e+07	
1.29765e+07	1.29778e+07	1.30482e+07	1.2858e+07	1.27648e+07	
1.30628e+07	1.30005e+07	1.30218e+07	1.30142e+07	1.29028e+07	
1.28675e+07	1.2982e+07	1.3037e+07	1.2994e+07	1.2769e+07	
1.28655e+07	1.279e+07	1.28572e+07	1.2766e+07	1.2638e+07	
1.26248e+07	1.26802e+07	1.25978e+07	1.26305e+07	1.25562e+07	
1.25335e+07	1.27282e+07	1.26338e+07	1.25712e+07	1.24755e+07	
1.2616e+07	1.27938e+07	1.2507e+07	1.25825e+07	1.2483e+07	
1.26205e+07	1.26878e+07	1.26508e+07	1.25435e+07	1.25838e+07	
1.27478e+07	1.28005e+07	1.26948e+07	1.2558e+07	1.2652e+07	
1.27532e+07	1.27938e+07	1.27768e+07	1.2585e+07	1.2631e+07	
1.26852e+07	1.27735e+07	1.26948e+07	1.26488e+07	1.2626e+07	
1.26658e+07	1.27988e+07	1.27138e+07	1.25738e+07	1.25958e+07	
1.25522e+07	1.25555e+07	1.25498e+07	1.2563e+07	1.24142e+07	
1.234e+07	1.2471e+07	1.23325e+07	1.22662e+07	1.2161e+07	
1.20992e+07	1.22518e+07	1.21692e+07	1.20458e+07	1.211e+07	
1.20992e+07	1.21245e+07	1.2166e+07	1.2105e+07	1.2037e+07	
1.2139e+07	1.22682e+07	1.20975e+07	1.21572e+07	1.2018e+07	
1.22222e+07	1.2299e+07	1.21932e+07	1.20988e+07	1.20722e+07	
1.24168e+07	1.23288e+07	1.24232e+07	1.22278e+07	1.22455e+07	
1.23798e+07	1.2359e+07	1.23582e+07	1.22198e+07	1.22455e+07	
1.2405e+07	1.2367e+07	1.2311e+07	1.23122e+07	1.21598e+07	
1.24288e+07	1.25385e+07	1.24092e+07	1.2401e+07	1.2362e+07	
1.2367e+07	1.24118e+07	1.23325e+07	1.23028e+07	1.22265e+07	
1.2473e+07	1.2478e+07	1.24938e+07	1.24212e+07	1.22108e+07	
1.24598e+07	1.2604e+07	1.2594e+07	1.2468e+07	1.23168e+07	
1.25492e+07	1.25655e+07	1.25725e+07	1.2427e+07	1.23695e+07	
1.24022e+07	1.25845e+07	1.2483e+07	1.2304e+07	1.22708e+07	
1.25405e+07	1.25965e+07	1.26222e+07	1.25045e+07	1.24875e+07	
1.26172e+07	1.27192e+07	1.26625e+07	1.26405e+07	1.25908e+07	
1.23785e+07	1.25365e+07	1.25012e+07	1.2379e+07	1.2277e+07	
1.25165e+07	1.25712e+07	1.24768e+07	1.2396e+07	1.23628e+07	
1.2568e+07	1.25468e+07	1.2451e+07	1.24055e+07	1.23482e+07	
1.2459e+07	1.2456e+07	1.24875e+07	1.23205e+07	1.23835e+07	
1.24698e+07	1.2551e+07	1.23942e+07	1.24288e+07	1.24088e+07	
1.2265e+07	1.22782e+07	1.2272e+07	1.22385e+07	1.2103e+07	
1.2093e+07	1.21685e+07	1.22562e+07	1.20532e+07	1.1948e+07	
1.22788e+07	1.22342e+07	1.22215e+07	1.21018e+07	1.20205e+07	
1.23065e+07	1.233e+07	1.23078e+07	1.21238e+07	1.21315e+07	
1.2313e+07	1.24068e+07	1.22865e+07	1.22145e+07	1.21112e+07	
1.24225e+07	1.24325e+07	1.24295e+07	1.22592e+07	1.22392e+07	
1.24055e+07	1.23802e+07	1.24862e+07	1.22902e+07	1.2139e+07	
1.23968e+07	1.23828e+07	1.23562e+07	1.22612e+07	1.22485e+07	
1.2432e+07	1.2408e+07	1.2396e+07	1.2217e+07	1.2275e+07	
1.22235e+07	1.23582e+07	1.24825e+07	1.22082e+07	1.21995e+07	
1.23525e+07	1.23248e+07	1.23582e+07	1.2146e+07	1.21598e+07	
1.21585e+07	1.2393e+07	1.24118e+07	1.23405e+07	1.21212e+07	
1.2221e+07	1.23578e+07	1.22525e+07	1.2112e+07	1.21332e+07	
1.24502e+07	1.2524e+07	1.23532e+07	1.23898e+07	1.22485e+07	
1.23905e+07	1.24428e+07	1.23798e+07	1.219e+07	1.22398e+07	
1.22418e+07	1.23652e+07	1.22712e+07	1.22858e+07	1.21138e+07	
1.23728e+07	1.22518e+07	1.23078e+07	1.21755e+07	1.2212e+07	
1.22405e+07	1.2146e+07	1.22512e+07	1.2091e+07	1.20035e+07	
1.23185e+07	1.2355e+07	1.22575e+07	1.22568e+07	1.2117e+07	
1.23085e+07	1.23312e+07	1.22265e+07	1.21842e+07	1.21025e+07	
1.23022e+07	1.24585e+07	1.2427e+07	1.23392e+07	1.22272e+07	
1.23815e+07	1.23728e+07	1.25662e+07	1.2393e+07	1.227e+07	
1.24022e+07	1.25555e+07	1.24685e+07	1.23722e+07	1.22952e+07	
1.23532e+07	1.24862e+07	1.23658e+07	1.23198e+07	1.23292e+07	
1.22802e+07	1.22512e+07	1.2316e+07	1.2173e+07	1.21182e+07	
1.23412e+07	1.2296e+07	1.22525e+07	1.22025e+07	1.2139e+07	
1.21465e+07	1.20212e+07	1.20122e+07	1.202e+07	1.1989e+07	
1.1982e+07	1.19815e+07	1.1953e+07	1.19078e+07	1.17358e+07	
1.19488e+07	1.20122e+07	1.19272e+07	1.18862e+07	1.1778e+07	
1.19765e+07	1.20035e+07	1.20785e+07	1.1817e+07	1.188e+07	
1.19372e+07	1.19082e+07	1.1926e+07	1.1902e+07	1.16828e+07	
1.19512e+07	1.19852e+07	1.20765e+07	1.18372e+07	1.17905e+07	
1.16202e+07	1.17225e+07	1.16865e+07	1.15505e+07	1.14635e+07	
1.16255e+07	1.16545e+07	1.16715e+07	1.15208e+07	1.15385e+07	
1.16595e+07	1.16475e+07	1.15932e+07	1.14785e+07	1.15518e+07	
1.16438e+07	1.17602e+07	1.17022e+07	1.16438e+07	1.1461e+07	
1.18282e+07	1.18278e+07	1.17685e+07	1.1611e+07	1.1594e+07	
1.1974e+07	1.19745e+07	1.19305e+07	1.18862e+07	1.16902e+07	
1.20268e+07	1.19998e+07	1.19368e+07	1.18158e+07	1.1807e+07	
1.2054e+07	1.21855e+07	1.20752e+07	1.1878e+07	1.181e+07	
1.19128e+07	1.20702e+07	1.20992e+07	1.18875e+07	1.17722e+07	
1.1807e+07	1.19002e+07	1.19198e+07	1.17715e+07	1.16632e+07	
1.18925e+07	1.20098e+07	1.18792e+07	1.18422e+07	1.17848e+07	
1.19492e+07	1.2035e+07	1.19355e+07	1.17955e+07	1.18705e+07	
1.20205e+07	1.20225e+07	1.2098e+07	1.19228e+07	1.17768e+07	
1.20205e+07	1.20072e+07	1.20822e+07	1.18655e+07	1.18372e+07	
1.1984e+07	1.20872e+07	1.21038e+07	1.19965e+07	1.1839e+07	
1.17835e+07	1.1904e+07	1.196e+07	1.1834e+07	1.18158e+07	
1.18788e+07	1.19102e+07	1.1912e+07	1.1856e+07	1.18005e+07	
1.19778e+07	1.2035e+07	1.19392e+07	1.18592e+07	1.18138e+07	
1.2018e+07	1.18648e+07	1.19368e+07	1.17868e+07	1.17532e+07	
1.17842e+07	1.18485e+07	1.18188e+07	1.17162e+07	1.16375e+07	
1.1761e+07	1.17652e+07	1.17382e+07	1.17092e+07	1.16795e+07	
1.1531e+07	1.165e+07	1.1626e+07	1.15095e+07	1.15158e+07	
1.16148e+07	1.17515e+07	1.16532e+07	1.15795e+07	1.15378e+07	
1.17545e+07	1.18025e+07	1.1798e+07	1.16525e+07	1.16425e+07	
1.18908e+07	1.18862e+07	1.18668e+07	1.17068e+07	1.17532e+07	
1.19198e+07	1.19518e+07	1.1858e+07	1.17225e+07	1.17425e+07	
1.1691e+07	1.20068e+07	1.19052e+07	1.17872e+07	1.16922e+07	
1.17772e+07	1.17685e+07	1.18088e+07	1.16248e+07	1.1531e+07	
1.16898e+07	1.1619e+07	1.16492e+07	1.1621e+07	1.14672e+07	
1.16885e+07	1.16242e+07	1.16878e+07	1.16368e+07	1.14748e+07	
1.1708e+07	1.16898e+07	1.16972e+07	1.15825e+07	1.14995e+07	
1.16248e+07	1.16758e+07	1.16148e+07	1.1633e+07	1.14375e+07	
1.15915e+07	1.16512e+07	1.1592e+07	1.15518e+07	1.15108e+07	
1.14968e+07	1.15762e+07	1.1614e+07	1.14615e+07	1.143e+07	
1.14018e+07	1.13835e+07	1.14332e+07	1.13318e+07	1.12612e+07	
1.12908e+07	1.14428e+07	1.12825e+07	1.12795e+07	1.11635e+07	
1.1374e+07	1.13135e+07	1.12982e+07	1.1243e+07	1.11995e+07	
1.14955e+07	1.15762e+07	1.1466e+07	1.15378e+07	1.14288e+07	
1.1655e+07	1.16558e+07	1.15825e+07	1.15755e+07	1.13785e+07	
1.1754e+07	1.16992e+07	1.166e+07	1.15928e+07	1.15232e+07	
1.15888e+07	1.16152e+07	1.1587e+07	1.14548e+07	1.15415e+07	
1.16985e+07	1.18295e+07	1.1677e+07	1.17035e+07	1.16852e+07	
1.17098e+07	1.17225e+07	1.17432e+07	1.16178e+07	1.16298e+07	
1.16272e+07	1.17068e+07	1.18175e+07	1.15662e+07	1.16148e+07	
1.1689e+07	1.16732e+07	1.17722e+07	1.16335e+07	1.15548e+07	
1.16002e+07	1.16335e+07	1.16122e+07	1.14515e+07	1.1393e+07	
1.1563e+07	1.15315e+07	1.16505e+07	1.16072e+07	1.1466e+07	
1.14805e+07	1.14338e+07	1.14735e+07	1.14055e+07	1.13538e+07	
1.1461e+07	1.1478e+07	1.14768e+07	1.13455e+07	1.12745e+07	
1.13292e+07	1.14508e+07	1.1372e+07	1.12448e+07	1.1234e+07	
1.1413e+07	1.15132e+07	1.14142e+07	1.13412e+07	1.1306e+07	
1.1294e+07	1.14445e+07	1.14092e+07	1.14042e+07	1.11975e+07	
1.15775e+07	1.15618e+07	1.14585e+07	1.13538e+07	1.13455e+07	
1.12795e+07	1.1333e+07	1.14332e+07	1.12945e+07	1.11622e+07	
1.14415e+07	1.1326e+07	1.14022e+07	1.13222e+07	1.12758e+07	
1.12228e+07	1.12662e+07	1.12082e+07	1.11528e+07	1.1159e+07	
1.11842e+07	1.1347e+07	1.13015e+07	1.11212e+07	1.11655e+07	
1.11572e+07	1.12025e+07	1.10992e+07	1.10242e+07	1.09695e+07	
1.11432e+07	1.12128e+07	1.11195e+07	1.10702e+07	1.09322e+07	
1.1253e+07	1.13028e+07	1.13268e+07	1.11498e+07	1.10028e+07	
1.11918e+07	1.13355e+07	1.12435e+07	1.10885e+07	1.11722e+07	
1.13148e+07	1.13218e+07	1.1401e+07	1.1113e+07	1.11188e+07	
1.11805e+07	1.1217e+07	1.1231e+07	1.11402e+07	1.11548e+07	
1.11975e+07	1.11352e+07	1.11945e+07	1.11788e+07	1.11498e+07	
1.12928e+07	1.12958e+07	1.1236e+07	1.113e+07	1.10955e+07	
1.12845e+07	1.13425e+07	1.12902e+07	1.13388e+07	1.1163e+07	
1.13325e+07	1.1304e+07	1.13285e+07	1.11988e+07	1.10262e+07	
1.11995e+07	1.1389e+07	1.13948e+07	1.1299e+07	1.11982e+07	
1.14288e+07	1.14338e+07	1.13652e+07	1.1282e+07	1.12588e+07	
1.1205e+07	1.1314e+07	1.12322e+07	1.1159e+07	1.1103e+07	
1.13512e+07	1.13942e+07	1.13865e+07	1.12788e+07	1.11958e+07	
1.11522e+07	1.1304e+07	1.13152e+07	1.11445e+07	1.11378e+07	
1.12418e+07	1.13508e+07	1.12902e+07	1.11012e+07	1.1047e+07	
1.1214e+07	1.13338e+07	1.12692e+07	1.1151e+07	1.10482e+07	
1.10985e+07	1.11452e+07	1.11812e+07	1.105e+07	1.1059e+07	
1.10872e+07	1.11062e+07	1.11088e+07	1.10052e+07	1.09058e+07	
1.09575e+07	1.10368e+07	1.10665e+07	1.08692e+07	1.08e+07	
1.08358e+07	1.08158e+07	1.08812e+07	1.0832e+07	1.0762e+07	
1.0837e+07	1.08895e+07	1.07072e+07	1.06782e+07	1.0701e+07	
1.07855e+07	1.0825e+07	1.08448e+07	1.06442e+07	1.07205e+07	
1.08592e+07	1.088e+07	1.08042e+07	1.07905e+07	1.0699e+07	
1.07702e+07	1.08742e+07	1.082e+07	1.07678e+07	1.0655e+07	
1.06972e+07	1.07148e+07	1.0875e+07	1.07632e+07	1.05945e+07	
1.07495e+07	1.07388e+07	1.0667e+07	1.0684e+07	1.0621e+07	
1.05472e+07	1.05428e+07	1.0684e+07	1.04768e+07	1.04225e+07	
1.02058e+07	1.03752e+07	1.03198e+07	1.01062e+07	1.01672e+07	
9.955e+06	9.94725e+06	1.00098e+07	9.888e+06	9.80625e+06	
9.70925e+06	9.82375e+06	9.725e+06	9.58425e+06	9.597e+06	
9.57125e+06	9.54475e+06	9.65375e+06	9.36825e+06	9.464e+06	
9.68075e+06	9.653e+06	9.754e+06	9.61775e+06	9.6185e+06	
9.796e+06	9.86425e+06	9.776e+06	9.735e+06	9.6355e+06	
9.89625e+06	9.905e+06	1.00142e+07	9.76575e+06	9.75775e+06	
9.90575e+06	9.96825e+06	9.7835e+06	9.8875e+06	9.7615e+06	
1.0115e+07	1.01105e+07	1.0081e+07	9.9315e+06	9.9605e+06	
1.00628e+07	1.0045e+07	9.9505e+06	1.00512e+07	9.863e+06	
1.00878e+07	1.01018e+07	1.00828e+07	9.96125e+06	9.95425e+06	
1.01048e+07	1.00942e+07	1.00532e+07	1.00148e+07	1.0038e+07	
1.00015e+07	1.00312e+07	9.9605e+06	9.92025e+06	9.8925e+06	
1.00935e+07	1.01288e+07	1.00778e+07	1.0028e+07	9.9695e+06	
1.01288e+07	1.01378e+07	1.0122e+07	9.90375e+06	1.00128e+07	
1.01188e+07	1.01295e+07	1.0033e+07	1.00218e+07	9.94475e+06	
1.00458e+07	9.958e+06	1.00135e+07	9.9725e+06	9.90125e+06	
1.00682e+07	1.00172e+07	9.9315e+06	9.82575e+06	9.92275e+06	
9.82075e+06	9.91525e+06	9.91575e+06	9.82575e+06	9.77725e+06	
9.8345e+06	9.863e+06	9.817e+06	9.63975e+06	9.759e+06	
9.919e+06	9.91025e+06	9.88625e+06	9.805e+06	9.73625e+06	
9.934e+06	9.99975e+06	9.98075e+06	9.871e+06	9.7885e+06	
9.92025e+06	9.88925e+06	9.98125e+06	9.8855e+06	9.83575e+06	
9.95225e+06	9.97325e+06	9.892e+06	9.90575e+06	9.786e+06	
9.9695e+06	1.01138e+07	1.00072e+07	9.90775e+06	9.82325e+06	
9.955e+06	9.94175e+06	9.88925e+06	9.82125e+06	9.822e+06	
9.92725e+06	9.9675e+06	9.90625e+06	9.86025e+06	9.77275e+06	
9.71475e+06	9.774e+06	9.77225e+06	9.71925e+06	9.68025e+06	
9.89e+06	9.96825e+06	9.85975e+06	9.76075e+06	9.71475e+06	
9.77225e+06	9.837e+06	9.8515e+06	9.7185e+06	9.71425e+06	
9.82825e+06	9.9335e+06	9.73625e+06	9.8195e+06	9.6935e+06	
9.73625e+06	9.83575e+06	9.883e+06	9.6475e+06	9.67775e+06	
9.7305e+06	9.822e+06	9.78475e+06	9.70925e+06	9.59625e+06	
9.6405e+06	9.866e+06	9.832e+06	9.66575e+06	9.776e+06	
9.728e+06	9.82325e+06	9.7035e+06	9.68075e+06	9.55275e+06	
9.78475e+06	9.8415e+06	9.74125e+06	9.63675e+06	9.72375e+06	
9.6165e+06	9.67625e+06	9.655e+06	9.5345e+06	9.54725e+06	
9.609e+06	9.7815e+06	9.70275e+06	9.60075e+06	9.466e+06	
9.68075e+06	9.69275e+06	9.64425e+06	9.61025e+06	9.532e+06	
9.55475e+06	9.65e+06	9.70225e+06	9.54225e+06	9.45075e+06	
9.578e+06	9.648e+06	9.6065e+06	9.5465e+06	9.44775e+06	
9.69775e+06	9.7015e+06	9.68825e+06	9.6455e+06	9.53825e+06	
9.6385e+06	9.6745e+06	9.72375e+06	9.587e+06	9.61275e+06	
9.78675e+06	9.798e+06	9.888e+06	9.7135e+06	9.82075e+06	
9.81425e+06	9.8585e+06	9.83525e+06	9.71725e+06	9.692e+06	
9.8075e+06	9.8445e+06	9.78975e+06	9.67825e+06	9.67e+06	
9.7715e+06	9.82e+06	9.71475e+06	9.75e+06	9.66875e+06	
9.7105e+06	9.89825e+06	9.84325e+06	9.73e+06	9.69725e+06	
9.764e+06	9.7835e+06	9.84025e+06	9.72375e+06	9.679e+06	
9.764e+06	9.7935e+06	9.796e+06	9.65625e+06	9.5755e+06	
9.7735e+06	9.7375e+06	9.7355e+06	9.59e+06	9.624e+06	
9.604e+06	9.6675e+06	9.65625e+06	9.66125e+06	9.50625e+06	
9.72875e+06	9.84025e+06	9.81e+06	9.65625e+06	9.602e+06	
9.643e+06	9.82575e+06	9.71675e+06	9.643e+06	9.6285e+06	
9.63925e+06	9.6355e+06	9.76775e+06	9.5175e+06	9.554e+06	
9.662e+06	9.771e+06	9.60525e+06	9.585e+06	9.56175e+06	
9.57925e+06	9.5875e+06	9.5755e+06	9.38275e+06	9.41475e+06	
9.51075e+06	9.675e+06	9.60075e+06	9.3625e+06	9.445e+06	
9.64425e+06	9.6045e+06	9.554e+06	9.5295e+06	9.40025e+06	
9.52e+06	9.57375e+06	9.52125e+06	9.36625e+06	9.45525e+06	
9.505e+06	9.4615e+06	9.53075e+06	9.35175e+06	9.36575e+06	
9.498e+06	9.483e+06	9.48475e+06	9.36075e+06	9.355e+06	
9.413e+06	9.37325e+06	9.374e+06	9.45775e+06	9.24275e+06	
9.539e+06	9.51325e+06	9.435e+06	9.333e+06	9.372e+06	
9.35375e+06	9.36875e+06	9.40975e+06	9.33975e+06	9.20375e+06	
9.4595e+06	9.425e+06	9.55675e+06	9.4105e+06	9.3985e+06	
9.32475e+06	9.476e+06	9.515e+06	9.2435e+06	9.3305e+06	
9.37825e+06	9.435e+06	9.36875e+06	9.27675e+06	9.2315e+06	
9.25725e+06	9.37525e+06	9.38275e+06	9.33675e+06	9.166e+06	
9.3425e+06	9.44575e+06	9.38025e+06	9.2875e+06	9.333e+06	
9.321e+06	9.32975e+06	9.32275e+06	9.17675e+06	9.20325e+06	
9.3455e+06	9.362e+06	9.321e+06	9.161e+06	9.20175e+06	
9.17425e+06	9.2795e+06	9.21e+06	9.183e+06	9.1515e+06	
9.188e+06	9.20175e+06	9.24475e+06	9.0765e+06	9.09475e+06	
9.12875e+06	9.14e+06	9.14525e+06	9.0885e+06	9.0645e+06	
9.287e+06	9.23475e+06	9.16525e+06	9.096e+06	9.1005e+06	
9.24975e+06	9.408e+06	9.26675e+06	9.2095e+06	9.086e+06	
9.261e+06	9.29375e+06	9.15725e+06	9.137e+06	9.05825e+06	
9.00975e+06	9.178e+06	9.144e+06	9.08525e+06	8.83575e+06	
8.99025e+06	9.15575e+06	9.0575e+06	9.02925e+06	8.99575e+06	
8.922e+06	8.9095e+06	8.929e+06	8.844e+06	8.8465e+06	
8.86275e+06	8.941e+06	8.9385e+06	8.805e+06	8.80625e+06	
8.84825e+06	8.95675e+06	8.919e+06	8.87225e+06	8.85525e+06	
8.93225e+06	9.026e+06	8.97375e+06	8.93725e+06	8.8615e+06	
8.96125e+06	8.97875e+06	9.03675e+06	8.919e+06	8.78025e+06	
9.08225e+06	9.10725e+06	9.101e+06	8.91325e+06	8.83525e+06	
9.01975e+06	9.103e+06	9.03225e+06	8.8735e+06	9.05075e+06	
8.98375e+06	9.03925e+06	9.067e+06	8.9455e+06	8.8825e+06	
9.081e+06	9.15975e+06	9.02725e+06	9.0115e+06	8.888e+06	
9.0815e+06	9.103e+06	9.12825e+06	8.93725e+06	8.9575e+06	
9.1395e+06	9.137e+06	9.11375e+06	9.016e+06	8.94675e+06	
9.13875e+06	9.1415e+06	9.1125e+06	9.08725e+06	8.99775e+06	
9.09925e+06	9.10675e+06	9.04625e+06	9.01475e+06	9.006e+06	
9.07825e+06	9.1295e+06	9.135e+06	8.99325e+06	8.95425e+06	
9.14575e+06	9.2045e+06	9.16525e+06	9.02425e+06	8.9145e+06	
8.9745e+06	9.07025e+06	8.975e+06	8.89e+06	8.81375e+06	
8.965e+06	8.975e+06	9.02975e+06	8.9365e+06	8.82e+06	
8.9415e+06	8.8585e+06	8.84075e+06	8.84775e+06	8.8005e+06	
8.994e+06	8.94925e+06	8.9265e+06	8.86225e+06	8.72175e+06	
8.86025e+06	8.9145e+06	8.83325e+06	8.7865e+06	8.77475e+06	
8.844e+06	8.752e+06	8.7695e+06	8.8155e+06	8.713e+06	
8.74325e+06	8.9245e+06	8.81125e+06	8.77725e+06	8.66825e+06	
8.77475e+06	8.6865e+06	8.72675e+06	8.62775e+06	8.6725e+06	
8.638e+06	8.75825e+06	8.61575e+06	8.61275e+06	8.624e+06	
8.64925e+06	8.6195e+06	8.62475e+06	8.51575e+06	8.4905e+06	
8.5515e+06	8.653e+06	8.527e+06	8.50375e+06	8.476e+06	
8.549e+06	8.4835e+06	8.51375e+06	8.411e+06	8.40475e+06	
8.391e+06	8.5195e+06	8.5485e+06	8.4425e+06	8.39025e+06	
8.40225e+06	8.55775e+06	8.6e+06	8.4225e+06	8.33725e+06	
8.51625e+06	8.486e+06	8.559e+06	8.35875e+06	8.40925e+06	
8.47975e+06	8.48025e+06	8.503e+06	8.45575e+06	8.39025e+06	
8.65125e+06	8.52625e+06	8.4785e+06	8.4375e+06	8.345e+06	
8.362e+06	8.3845e+06	8.41925e+06	8.413e+06	8.3815e+06	
8.428e+06	8.28e+06	8.3555e+06	8.2995e+06	8.2705e+06	
8.229e+06	8.273e+06	8.326e+06	8.22075e+06	8.07075e+06	
8.27e+06	8.355e+06	8.35125e+06	8.20375e+06	8.21875e+06	
8.1805e+06	8.2265e+06	8.2995e+06	8.15575e+06	8.03725e+06	
8.132e+06	8.2175e+06	8.164e+06	8.084e+06	8.13375e+06	
8.13575e+06	8.24225e+06	8.101e+06	8.0715e+06	8.06825e+06	
8.14075e+06	8.1955e+06	8.20675e+06	8.0525e+06	8.0645e+06	
8.091e+06	8.21125e+06	8.183e+06	8.03225e+06	8.00575e+06	
8.12675e+06	8.181e+06	8.176e+06	8.06875e+06	7.8685e+06	
8.10725e+06	8.0885e+06	8.2145e+06	8.043e+06	8.009e+06	
8.06375e+06	8.0595e+06	8.072e+06	7.961e+06	7.91075e+06	
8.01975e+06	7.99325e+06	8.01025e+06	7.924e+06	7.8875e+06	
8.038e+06	8.04875e+06	8.103e+06	7.9605e+06	7.8805e+06	
8.009e+06	8.0045e+06	8.045e+06	7.9145e+06	7.92275e+06	
8.0135e+06	7.96375e+06	7.878e+06	7.922e+06	7.871e+06	
8.1035e+06	8.045e+06	8.031e+06	7.91375e+06	7.95425e+06	
8.036e+06	8.096e+06	8.004e+06	7.982e+06	7.815e+06	
7.951e+06	7.8805e+06	7.871e+06	7.8125e+06	7.82575e+06	
8.07525e+06	8.02975e+06	7.88875e+06	7.85275e+06	7.70775e+06	
7.98375e+06	7.9605e+06	7.89375e+06	7.90575e+06	7.7525e+06	
7.87425e+06	7.98325e+06	7.9725e+06	7.90375e+06	7.813e+06	
7.9965e+06	8.03675e+06	7.94525e+06	7.842e+06	7.8635e+06	
7.94525e+06	8.00075e+06	8.05375e+06	7.88875e+06	7.8295e+06	
7.86225e+06	7.915e+06	7.87225e+06	7.8585e+06	7.77325e+06	
7.832e+06	7.893e+06	7.8205e+06	7.77775e+06	7.64025e+06	
7.85775e+06	7.801e+06	7.796e+06	7.6845e+06	7.6555e+06	
7.79675e+06	7.82825e+06	7.9005e+06	7.7205e+06	7.7475e+06	
7.81875e+06	7.83875e+06	7.714e+06	7.779e+06	7.796e+06	
7.73925e+06	7.78225e+06	7.786e+06	7.76775e+06	7.62075e+06	
7.78725e+06	7.79925e+06	7.79925e+06	7.779e+06	7.80725e+06	
7.79675e+06	7.859e+06	7.76825e+06	7.745e+06	7.6675e+06	
7.78475e+06	7.81425e+06	7.866e+06	7.70275e+06	7.66175e+06	
7.68625e+06	7.86275e+06	7.75e+06	7.73675e+06	7.68775e+06	
7.63775e+06	7.769e+06	7.77325e+06	7.69075e+06	7.6655e+06	
7.57475e+06	7.6535e+06	7.743e+06	7.525e+06	7.48275e+06	
7.723e+06	7.641e+06	7.55525e+06	7.668e+06	7.6045e+06	
7.479e+06	7.58925e+06	7.51175e+06	7.47075e+06	7.4715e+06	
7.52575e+06	7.4815e+06	7.63525e+06	7.49675e+06	7.42175e+06	
7.52125e+06	7.501e+06	7.47475e+06	7.4355e+06	7.35e+06	
7.51875e+06	7.498e+06	7.505e+06	7.38575e+06	7.3745e+06	
7.38275e+06	7.35175e+06	7.45125e+06	7.326e+06	7.38525e+06	
7.41025e+06	7.457e+06	7.4445e+06	7.30075e+06	7.2755e+06	
7.38825e+06	7.365e+06	7.307e+06	7.23525e+06	7.27625e+06	
7.31075e+06	7.48725e+06	7.416e+06	7.32725e+06	7.25925e+06	
7.28425e+06	7.3845e+06	7.43875e+06	7.2755e+06	7.24475e+06	
7.263e+06	7.319e+06	7.404e+06	7.23825e+06	7.28175e+06	
7.2515e+06	7.40225e+06	7.343e+06	7.353e+06	7.28e+06	
7.2415e+06	7.30825e+06	7.36625e+06	7.17275e+06	7.22325e+06	
7.33675e+06	7.33275e+06	7.33475e+06	7.27925e+06	7.1935e+06	
7.225e+06	7.32775e+06	7.205e+06	7.14625e+06	7.25525e+06	
7.251e+06	7.19925e+06	7.208e+06	7.203e+06	7.14575e+06	
7.1735e+06	7.28e+06	7.1055e+06	7.12675e+06	7.11925e+06	
7.1395e+06	7.10975e+06	7.111e+06	6.99775e+06	7.014e+06	
6.999e+06	7.07525e+06	7.065e+06	6.95925e+06	6.94025e+06	
6.98125e+06	7.01975e+06	7.0305e+06	7.0045e+06	6.927e+06	
6.97875e+06	7.04875e+06	7.10225e+06	6.94975e+06	6.93525e+06	
6.90875e+06	7.0575e+06	6.944e+06	6.859e+06	6.946e+06	
6.9095e+06	6.92325e+06	6.86725e+06	6.84075e+06	6.8175e+06	
6.80975e+06	6.93025e+06	6.88475e+06	6.80425e+06	6.777e+06	
6.81625e+06	6.77775e+06	6.8395e+06	6.71725e+06	6.75875e+06	
6.8375e+06	6.83875e+06	6.772e+06	6.67825e+06	6.641e+06	
6.789e+06	6.78275e+06	6.7375e+06	6.7135e+06	6.64975e+06	
6.70975e+06	6.6775e+06	6.73675e+06	6.624e+06	6.6295e+06	
6.704e+06	6.675e+06	6.62325e+06	6.612e+06	6.602e+06	
6.5875e+06	6.60375e+06	6.622e+06	6.5205e+06	6.50475e+06	
6.549e+06	6.537e+06	6.5955e+06	6.496e+06	6.4595e+06	
6.651e+06	6.668e+06	6.64925e+06	6.56275e+06	6.60375e+06	
6.58625e+06	6.71725e+06	6.77825e+06	6.50175e+06	6.5835e+06	
6.63975e+06	6.76625e+06	6.74425e+06	6.64025e+06	6.57975e+06	
6.6385e+06	6.7085e+06	6.644e+06	6.6075e+06	6.5615e+06	
6.56475e+06	6.58175e+06	6.65225e+06	6.561e+06	6.43675e+06	
6.5465e+06	6.5515e+06	6.58875e+06	6.5375e+06	6.48775e+06	
6.58625e+06	6.59375e+06	6.6125e+06	6.573e+06	6.52325e+06	
6.64675e+06	6.62825e+06	6.7015e+06	6.64975e+06	6.50875e+06	
6.5955e+06	6.6775e+06	6.54825e+06	6.535e+06	6.45125e+06	
6.66125e+06	6.55725e+06	6.70725e+06	6.54075e+06	6.51125e+06	
6.58625e+06	6.61775e+06	6.55475e+06	6.5035e+06	6.54075e+06	
6.57975e+06	6.5875e+06	6.602e+06	6.472e+06	6.3655e+06	
6.48025e+06	6.49475e+06	6.44425e+06	6.4665e+06	6.38075e+06	
6.4455e+06	6.513e+06	6.52825e+06	6.42175e+06	6.365e+06	
6.31075e+06	6.4495e+06	6.3405e+06	6.2485e+06	6.25975e+06	
6.242e+06	6.2705e+06	6.2615e+06	6.21425e+06	6.20925e+06	
5.992e+06	6.1735e+06	6.043e+06	6.03225e+06	5.958e+06	
5.82625e+06	5.8885e+06	5.84825e+06	5.74375e+06	5.697e+06	
5.6725e+06	5.728e+06	5.627e+06	5.52175e+06	5.661e+06	
5.7335e+06	5.69825e+06	5.68075e+06	5.56775e+06	5.634e+06	
5.74625e+06	5.74375e+06	5.77325e+06	5.8155e+06	5.72975e+06	
5.89425e+06	5.91575e+06	5.88225e+06	5.806e+06	5.6945e+06	
5.978e+06	5.9635e+06	5.9585e+06	5.85325e+06	5.89175e+06	
6.15575e+06	6.11675e+06	6.1595e+06	6.02975e+06	5.98625e+06	
6.17725e+06	6.094e+06	6.11425e+06	6.072e+06	6.02775e+06	
6.2025e+06	6.23275e+06	6.215e+06	6.14375e+06	6.1715e+06	
6.28175e+06	6.25725e+06	6.23525e+06	6.1885e+06	6.145e+06	
6.30825e+06	6.2585e+06	6.2005e+06	6.14625e+06	6.27175e+06	
6.22575e+06	6.2995e+06	6.2995e+06	6.18675e+06	6.174e+06	
6.21125e+06	6.317e+06	6.33475e+06	6.26725e+06	6.16575e+06	
6.2365e+06	6.25525e+06	6.3335e+06	6.24025e+06	6.16825e+06	
6.382e+06	6.32725e+06	6.317e+06	6.23825e+06	6.232e+06	
6.32325e+06	6.25725e+06	6.33525e+06	6.24025e+06	6.1235e+06	
6.28e+06	6.309e+06	6.222e+06	6.2755e+06	6.19975e+06	
6.3165e+06	6.31025e+06	6.377e+06	6.27675e+06	6.188e+06	
6.26475e+06	6.26925e+06	6.2615e+06	6.28425e+06	6.20925e+06	
6.25475e+06	6.39575e+06	6.3995e+06	6.1955e+06	6.23775e+06	
6.28425e+06	6.2805e+06	6.28175e+06	6.17725e+06	6.225e+06	
6.24275e+06	6.21175e+06	6.21875e+06	6.28175e+06	6.196e+06	
6.179e+06	6.22375e+06	6.22825e+06	6.213e+06	6.188e+06	
6.17975e+06	6.2925e+06	6.188e+06	6.09075e+06	6.08525e+06	
6.259e+06	6.16825e+06	6.14625e+06	6.1235e+06	6.1205e+06	
6.06825e+06	6.2365e+06	6.22075e+06	6.1155e+06	6.1065e+06	
6.152e+06	6.22125e+06	6.20175e+06	6.106e+06	6.1235e+06	
6.17225e+06	6.1905e+06	6.1375e+06	6.14875e+06	6.13e+06	
6.16075e+06	6.19225e+06	6.1665e+06	6.13925e+06	6.1035e+06	
6.1765e+06	6.22825e+06	6.1445e+06	6.055e+06	5.97625e+06	
6.11675e+06	6.135e+06	6.24075e+06	6.0745e+06	6.104e+06	
6.12175e+06	6.19175e+06	6.1545e+06	6.099e+06	6.0285e+06	
6.13675e+06	6.16775e+06	6.11975e+06	6.04475e+06	5.9685e+06	
6.16525e+06	6.075e+06	6.16575e+06	6.07125e+06	6.031e+06	
6.041e+06	6.11975e+06	6.1105e+06	6.0315e+06	5.96475e+06	
6.0095e+06	6.11975e+06	6.03425e+06	6.0605e+06	5.94525e+06	
6.06875e+06	6.079e+06	6.06625e+06	6.0525e+06	6.021e+06	
6.04725e+06	6.04425e+06	6.05425e+06	5.96725e+06	6.04675e+06	
6.0895e+06	6.10725e+06	6.08575e+06	6.041e+06	6.08025e+06	
6.11925e+06	6.14e+06	6.1035e+06	6.02025e+06	6.012e+06	
6.08825e+06	6.0895e+06	6.10475e+06	6.0145e+06	5.8975e+06	
5.99825e+06	6.05e+06	6.0625e+06	5.98625e+06	5.9125e+06	
5.937e+06	6.02525e+06	5.95975e+06	5.92375e+06	5.966e+06	
5.9825e+06	6.03925e+06	5.99075e+06	5.978e+06	5.92575e+06	
5.93275e+06	6.03425e+06	5.91e+06	5.88225e+06	5.9005e+06	
5.97675e+06	5.96475e+06	5.995e+06	5.88425e+06	5.79025e+06	
5.96425e+06	5.9055e+06	5.9005e+06	5.8805e+06	5.82425e+06	
5.94025e+06	5.93275e+06	5.963e+06	5.82375e+06	5.8425e+06	
5.9175e+06	5.903e+06	5.84575e+06	5.794e+06	5.72675e+06	
5.84575e+06	5.89925e+06	5.90125e+06	5.8345e+06	5.748e+06	
5.86525e+06	5.8835e+06	5.92375e+06	5.765e+06	5.796e+06	
5.8515e+06	5.9725e+06	5.8715e+06	5.91325e+06	5.823e+06	
5.87225e+06	5.93025e+06	5.95525e+06	5.84325e+06	5.84e+06	
5.881e+06	5.90925e+06	5.84875e+06	5.842e+06	5.81875e+06	
5.83625e+06	5.87475e+06	5.86775e+06	5.82925e+06	5.8395e+06	
5.82e+06	5.82375e+06	5.82875e+06	5.75675e+06	5.794e+06	
5.7765e+06	5.83825e+06	5.85825e+06	5.85525e+06	5.743e+06	
5.86325e+06	5.842e+06	5.779e+06	5.73925e+06	5.7065e+06	
5.73925e+06	5.78775e+06	5.79275e+06	5.755e+06	5.784e+06	
5.78525e+06	5.82925e+06	5.8615e+06	5.7575e+06	5.8055e+06	
5.748e+06	5.794e+06	5.73225e+06	5.78325e+06	5.707e+06	
5.7185e+06	5.80725e+06	5.791e+06	5.7065e+06	5.6845e+06	
5.7215e+06	5.789e+06	5.736e+06	5.74175e+06	5.646e+06	
5.709e+06	5.82375e+06	5.7695e+06	5.6535e+06	5.6365e+06	
5.7355e+06	5.84575e+06	5.76875e+06	5.6965e+06	5.6245e+06	
5.678e+06	5.80425e+06	5.845e+06	5.73475e+06	5.651e+06	
5.69825e+06	5.69775e+06	5.71475e+06	5.67875e+06	5.578e+06	
5.62325e+06	5.69325e+06	5.7335e+06	5.69125e+06	5.544e+06	
5.7215e+06	5.70575e+06	5.68125e+06	5.578e+06	5.578e+06	
5.64525e+06	5.67875e+06	5.5925e+06	5.64975e+06	5.5345e+06	
5.61875e+06	5.649e+06	5.67625e+06	5.59425e+06	5.622e+06	
5.74625e+06	5.692e+06	5.71275e+06	5.67375e+06	5.58675e+06	
5.55525e+06	5.697e+06	5.6315e+06	5.5905e+06	5.53075e+06	
5.554e+06	5.60625e+06	5.515e+06	5.49725e+06	5.46575e+06	
5.61875e+06	5.6775e+06	5.75e+06	5.566e+06	5.53825e+06	
5.58675e+06	5.5755e+06	5.56025e+06	5.561e+06	5.52425e+06	
5.56225e+06	5.6145e+06	5.6315e+06	5.49475e+06	5.45e+06	
5.578e+06	5.554e+06	5.58425e+06	5.59175e+06	5.525e+06	
5.54825e+06	5.55275e+06	5.61825e+06	5.515e+06	5.421e+06	
5.43175e+06	5.43875e+06	5.5175e+06	5.409e+06	5.399e+06	
5.4865e+06	5.5325e+06	5.54775e+06	5.46325e+06	5.45875e+06	
5.44e+06	5.3995e+06	5.43925e+06	5.40775e+06	5.37375e+06	
5.43675e+06	5.4665e+06	5.42475e+06	5.42475e+06	5.34975e+06	
5.42175e+06	5.34725e+06	5.4545e+06	5.385e+06	5.387e+06	
5.317e+06	5.33025e+06	5.428e+06	5.264e+06	5.307e+06	
5.44e+06	5.4405e+06	5.35225e+06	5.208e+06	5.3505e+06	
5.3675e+06	5.3725e+06	5.39525e+06	5.348e+06	5.36625e+06	
5.30325e+06	5.305e+06	5.32575e+06	5.249e+06	5.285e+06	
5.2805e+06	5.27475e+06	5.3045e+06	5.26725e+06	5.327e+06	
5.16525e+06	5.17275e+06	5.21175e+06	5.21175e+06	5.101e+06	
5.00825e+06	5.14875e+06	5.005e+06	5.0195e+06	5.06825e+06	
4.801e+06	4.714e+06	4.68125e+06	4.656e+06	4.69575e+06	
4.49525e+06	4.49225e+06	4.50675e+06	4.37125e+06	4.4405e+06	
4.28225e+06	4.2855e+06	4.235e+06	4.191e+06	4.283e+06	
4.32525e+06	4.2735e+06	4.31325e+06	4.2855e+06	4.25525e+06	
4.378e+06	4.40525e+06	4.3675e+06	4.3585e+06	4.28675e+06	
4.3485e+06	4.38825e+06	4.3655e+06	4.31375e+06	4.3125e+06	
4.37375e+06	4.29875e+06	4.402e+06	4.329e+06	4.32575e+06	
4.407e+06	4.4335e+06	4.43725e+06	4.327e+06	4.33525e+06	
4.324e+06	4.433e+06	4.46625e+06	4.3755e+06	4.3415e+06	
4.44875e+06	4.42275e+06	4.46825e+06	4.36925e+06	4.39775e+06	
4.499e+06	4.47275e+06	4.55325e+06	4.46075e+06	4.35175e+06	
4.46875e+06	4.5425e+06	4.472e+06	4.385e+06	4.39825e+06	
4.47575e+06	4.48275e+06	4.52125e+06	4.462e+06	4.44125e+06	
4.496e+06	4.58925e+06	4.55575e+06	4.53575e+06	4.472e+06	
4.562e+06	4.593e+06	4.53375e+06	4.5515e+06	4.49975e+06	
4.63775e+06	4.6685e+06	4.63075e+06	4.559e+06	4.62075e+06	
4.586e+06	4.634e+06	4.6755e+06	4.57925e+06	4.528e+06	
4.67125e+06	4.58925e+06	4.62825e+06	4.61625e+06	4.55325e+06	
4.6435e+06	4.64225e+06	4.62325e+06	4.5765e+06	4.591e+06	
4.61625e+06	4.6465e+06	4.58925e+06	4.55025e+06	4.5255e+06	
4.56475e+06	4.5445e+06	4.54075e+06	4.516e+06	4.4815e+06	
4.5565e+06	4.53625e+06	4.52425e+06	4.46575e+06	4.501e+06	
4.547e+06	4.535e+06	4.44625e+06	4.4065e+06	4.3485e+06	
4.4965e+06	4.53125e+06	4.489e+06	4.414e+06	4.3875e+06	
4.46075e+06	4.4795e+06	4.42925e+06	4.47775e+06	4.4015e+06	
4.52675e+06	4.5445e+06	4.51875e+06	4.438e+06	4.3995e+06	
4.39125e+06	4.43175e+06	4.489e+06	4.35725e+06	4.38e+06	
4.4625e+06	4.47275e+06	4.4625e+06	4.46e+06	4.41475e+06	
4.445e+06	4.41025e+06	4.436e+06	4.34775e+06	4.3925e+06	
4.477e+06	4.46625e+06	4.518e+06	4.43675e+06	4.52675e+06	
4.547e+06	4.6e+06	4.52875e+06	4.49725e+06	4.49975e+06	
4.55575e+06	4.571e+06	4.5105e+06	4.5135e+06	4.457e+06	
4.57025e+06	4.54e+06	4.53125e+06	4.53375e+06	4.5175e+06	
4.4695e+06	4.5175e+06	4.49775e+06	4.4965e+06	4.42925e+06	
4.4385e+06	4.523e+06	4.5135e+06	4.38575e+06	4.3655e+06	
4.39325e+06	4.513e+06	4.39775e+06	4.42975e+06	4.373e+06	
4.39e+06	4.46075e+06	4.38875e+06	4.35225e+06	4.3365e+06	
4.426e+06	4.38325e+06	4.3635e+06	4.2805e+06	4.407e+06	
4.3415e+06	4.3465e+06	4.36875e+06	4.276e+06	4.2875e+06	
4.29375e+06	4.32075e+06	4.32825e+06	4.25075e+06	4.247e+06	
4.25075e+06	4.31325e+06	4.254e+06	4.259e+06	4.1865e+06	
4.21125e+06	4.27675e+06	4.232e+06	4.26025e+06	4.1935e+06	
4.18775e+06	4.19675e+06	4.21175e+06	4.2055e+06	4.157e+06	
4.20975e+06	4.196e+06	4.16e+06	4.16325e+06	4.097e+06	
4.13425e+06	4.19925e+06	4.169e+06	4.085e+06	4.1715e+06	
4.148e+06	4.16125e+06	4.2125e+06	4.094e+06	4.09825e+06	
4.16575e+06	4.1595e+06	4.13225e+06	4.10725e+06	4.00075e+06	
4.0725e+06	4.092e+06	4.07325e+06	4.05875e+06	4.068e+06	
4.1475e+06	4.1545e+06	4.06e+06	4.06125e+06	4.11775e+06	
4.12975e+06	4.14125e+06	4.08575e+06	4.09025e+06	4.111e+06	
4.08125e+06	4.1285e+06	4.10325e+06	4.1135e+06	4.05675e+06	
4.10275e+06	4.18525e+06	4.14175e+06	4.06875e+06	4.0605e+06	
4.109e+06	4.104e+06	4.17775e+06	4.08575e+06	4.04025e+06	
4.16325e+06	4.077e+06	4.1015e+06	4.08575e+06	4.07375e+06	
4.1405e+06	4.1575e+06	4.14e+06	4.1645e+06	4.06925e+06	
4.10475e+06	4.13225e+06	4.14e+06	4.05175e+06	4.07e+06	
4.08125e+06	4.123e+06	4.087e+06	4.07825e+06	4.0415e+06	
4.0315e+06	4.0555e+06	4.123e+06	4.04425e+06	4.0315e+06	
4.0915e+06	4.152e+06	4.02275e+06	4.0075e+06	3.9975e+06	
4.03725e+06	4.0535e+06	4.06375e+06	4.00625e+06	3.988e+06	
3.9955e+06	4.10275e+06	4.07875e+06	4.02725e+06	3.98675e+06	
4.04425e+06	4.06625e+06	4.123e+06	4.04925e+06	3.95775e+06	
4.02075e+06	3.98375e+06	4.0485e+06	3.9855e+06	3.94525e+06	
4.04675e+06	4.0215e+06	4.0365e+06	3.922e+06	3.932e+06	
3.949e+06	3.94325e+06	4.024e+06	3.92625e+06	3.92575e+06	
3.937e+06	3.9905e+06	4.00375e+06	3.92125e+06	3.89225e+06	
3.988e+06	3.9445e+06	3.98675e+06	3.90225e+06	3.91425e+06	
3.976e+06	3.954e+06	3.9535e+06	3.9445e+06	3.908e+06	
3.96525e+06	3.9125e+06	3.92125e+06	3.8375e+06	3.8665e+06	
3.93775e+06	3.9325e+06	3.91875e+06	3.87975e+06	3.8785e+06	
3.94825e+06	3.898e+06	3.9225e+06	3.91375e+06	3.84625e+06	
3.93325e+06	3.92575e+06	3.9325e+06	3.80975e+06	3.86775e+06	
3.88225e+06	3.93775e+06	3.9515e+06	3.908e+06	3.9225e+06	
3.8905e+06	3.9245e+06	3.94775e+06	3.843e+06	3.859e+06	
3.89175e+06	3.87525e+06	3.88725e+06	3.83625e+06	3.8205e+06	
3.84175e+06	3.89225e+06	3.84e+06	3.80025e+06	3.801e+06	
3.818e+06	3.87075e+06	3.859e+06	3.775e+06	3.799e+06	
3.8235e+06	3.83375e+06	3.79775e+06	3.81925e+06	3.77825e+06	
3.81425e+06	3.81475e+06	3.78575e+06	3.73975e+06	3.77575e+06	
3.76175e+06	3.7965e+06	3.7895e+06	3.78575e+06	3.7145e+06	
3.77825e+06	3.7455e+06	3.7385e+06	3.76875e+06	3.72775e+06	
3.7285e+06	3.76875e+06	3.7405e+06	3.726e+06	3.65975e+06	
3.72025e+06	3.73525e+06	3.736e+06	3.719e+06	3.74925e+06	
3.705e+06	3.707e+06	3.71275e+06	3.6605e+06	3.6735e+06	
3.71575e+06	3.66225e+06	3.68675e+06	3.64725e+06	3.66425e+06	
3.642e+06	3.656e+06	3.685e+06	3.685e+06	3.65975e+06	
3.67875e+06	3.72025e+06	3.67875e+06	3.6585e+06	3.60175e+06	
3.5955e+06	3.6195e+06	3.58425e+06	3.5545e+06	3.61375e+06	
3.569e+06	3.58225e+06	3.598e+06	3.5425e+06	3.54575e+06	
3.535e+06	3.54e+06	3.49275e+06	3.4505e+06	3.48025e+06	
3.3485e+06	3.44475e+06	3.3635e+06	3.361e+06	3.33575e+06	
3.29375e+06	3.288e+06	3.26075e+06	3.2205e+06	3.2515e+06	
3.1525e+06	3.1695e+06	3.1885e+06	3.1405e+06	3.09825e+06	
3.10025e+06	3.10775e+06	3.04525e+06	3.145e+06	3.063e+06	
3.00375e+06	2.99375e+06	3.044e+06	2.99675e+06	2.97725e+06	
2.908e+06	2.91175e+06	2.961e+06	2.9785e+06	2.88775e+06	
2.874e+06	2.9055e+06	2.9055e+06	2.83875e+06	2.867e+06	
2.81725e+06	2.86525e+06	2.8695e+06	2.81925e+06	2.7965e+06	
2.814e+06	2.79775e+06	2.83175e+06	2.82725e+06	2.794e+06	
2.76175e+06	2.78575e+06	2.7655e+06	2.76125e+06	2.74225e+06	
2.797e+06	2.79775e+06	2.78325e+06	2.76425e+06	2.75675e+06	
2.77625e+06	2.821e+06	2.821e+06	2.7725e+06	2.78075e+06	
2.81975e+06	2.787e+06	2.86125e+06	2.7945e+06	2.81475e+06	
2.9785e+06	2.93125e+06	2.9635e+06	2.85125e+06	2.88775e+06	
3.0075e+06	3.046e+06	2.98175e+06	2.96975e+06	2.95275e+06	
3.082e+06	3.0725e+06	3.094e+06	3.0465e+06	3.02275e+06	
3.19775e+06	3.18725e+06	3.10775e+06	3.14175e+06	3.085e+06	
3.17775e+06	3.14375e+06	3.27025e+06	3.16125e+06	3.1765e+06	
3.16375e+06	3.1405e+06	3.1765e+06	3.1505e+06	3.14625e+06	
3.1405e+06	3.107e+06	3.186e+06	3.157e+06	3.0995e+06	
3.05925e+06	3.04725e+06	3.10575e+06	3.08325e+06	3.03975e+06	
2.961e+06	2.9875e+06	3.0005e+06	2.97725e+06	2.8885e+06	
2.903e+06	3.002e+06	2.97475e+06	2.93625e+06	2.8745e+06	
2.881e+06	2.9565e+06	2.983e+06	2.84425e+06	2.8935e+06	
2.8695e+06	2.87525e+06	2.901e+06	2.903e+06	2.80075e+06	
2.8765e+06	2.8935e+06	2.86825e+06	2.8745e+06	2.79775e+06	
2.845e+06	2.857e+06	2.87025e+06	2.79775e+06	2.84675e+06	
2.86e+06	2.85575e+06	2.80275e+06	2.80775e+06	2.78825e+06	
2.8745e+06	2.86575e+06	2.884e+06	2.8235e+06	2.86075e+06	
2.9005e+06	2.88025e+06	2.867e+06	2.8035e+06	2.81275e+06	
2.89225e+06	2.8695e+06	2.8645e+06	2.845e+06	2.8645e+06	
2.90925e+06	2.91675e+06	2.874e+06	2.886e+06	2.79575e+06	
2.89275e+06	2.87825e+06	2.87825e+06	2.88725e+06	2.84425e+06	
2.80225e+06	2.88225e+06	2.78775e+06	2.833e+06	2.823e+06	
2.8525e+06	2.874e+06	2.83225e+06	2.852e+06	2.78e+06	
2.855e+06	2.88525e+06	2.8665e+06	2.84875e+06	2.81975e+06	
2.81275e+06	2.79775e+06	2.82675e+06	2.82925e+06	2.7825e+06	
2.84e+06	2.86325e+06	2.823e+06	2.82475e+06	2.79575e+06	
2.787e+06	2.83875e+06	2.76e+06	2.775e+06	2.75225e+06	
2.8035e+06	2.80025e+06	2.84875e+06	2.82225e+06	2.80275e+06	
2.83375e+06	2.8475e+06	2.9085e+06	2.8205e+06	2.835e+06	
2.79275e+06	2.82925e+06	2.845e+06	2.8475e+06	2.81025e+06	
2.85e+06	2.7485e+06	2.80275e+06	2.7795e+06	2.8065e+06	
2.90175e+06	2.8695e+06	2.886e+06	2.82175e+06	2.77875e+06	
2.84825e+06	2.886e+06	2.7915e+06	2.8035e+06	2.76875e+06	
2.838e+06	2.845e+06	2.8205e+06	2.8305e+06	2.777e+06	
2.877e+06	2.8715e+06	2.806e+06	2.8715e+06	2.82925e+06	
2.84375e+06	2.88775e+06	2.9275e+06	2.85375e+06	2.8715e+06	
2.9515e+06	2.95725e+06	2.9375e+06	2.90425e+06	2.90425e+06	
2.9275e+06	2.92125e+06	2.981e+06	2.959e+06	2.89275e+06	
3.027e+06	2.9735e+06	2.988e+06	2.98175e+06	2.908e+06	
3.0315e+06	3.01575e+06	3.01825e+06	3.00825e+06	2.9925e+06	
3.046e+06	2.97975e+06	3.01e+06	3.012e+06	3.0245e+06	
2.99675e+06	3.0585e+06	3.0945e+06	3.00325e+06	2.9955e+06	
3.039e+06	3.0045e+06	3.02775e+06	3.022e+06	3.03025e+06	
3.0435e+06	3.00625e+06	3.01e+06	2.97425e+06	2.97225e+06	
3.04025e+06	3.00625e+06	3.058e+06	3.03025e+06	3.061e+06	
3.0465e+06	3.0245e+06	3.01075e+06	3.0095e+06	2.95775e+06	
2.98425e+06	3.0075e+06	3.07825e+06	3.02275e+06	2.966e+06	
2.99125e+06	3.01825e+06	2.954e+06	3.02325e+06	2.973e+06	
2.93825e+06	2.942e+06	2.96775e+06	2.915e+06	2.901e+06	
3.01825e+06	3.024e+06	2.969e+06	2.94025e+06	2.95075e+06	
2.9925e+06	2.99675e+06	3.024e+06	2.93125e+06	2.95975e+06	
3.002e+06	3.0295e+06	3.0675e+06	2.954e+06	2.966e+06	
3.058e+06	3.03025e+06	3.02825e+06	3.029e+06	2.9925e+06	
3.034e+06	3.01825e+06	3.0315e+06	3.02775e+06	2.973e+06	
2.971e+06	3.005e+06	2.94025e+06	3.0025e+06	2.90425e+06	
2.98925e+06	2.9955e+06	2.9685e+06	2.9615e+06	2.88975e+06	
2.9565e+06	2.969e+06	2.96275e+06	2.93625e+06	2.94825e+06	
2.9805e+06	3.0295e+06	2.98625e+06	2.95075e+06	2.92125e+06	
2.93575e+06	2.95725e+06	3.0075e+06	2.9855e+06	2.9395e+06	
2.961e+06	3.0005e+06	2.99e+06	3.02575e+06	2.925e+06	
2.9755e+06	2.98625e+06	2.9835e+06	2.91e+06	2.92175e+06	
2.964e+06	2.964e+06	2.9685e+06	2.91375e+06	2.94075e+06	
2.99375e+06	2.96525e+06	2.96725e+06	2.923e+06	2.93375e+06	
2.9055e+06	2.993e+06	2.94525e+06	2.9395e+06	2.90725e+06	
2.9105e+06	2.96725e+06	2.9565e+06	2.92425e+06	2.86e+06	
2.93825e+06	2.9395e+06	2.94325e+06	2.92575e+06	2.83925e+06	
2.95025e+06	2.92e+06	2.9395e+06	2.87325e+06	2.86775e+06	
2.88775e+06	2.95325e+06	2.93375e+06	2.9585e+06	2.906e+06	
2.9445e+06	2.8865e+06	2.93825e+06	2.9125e+06	2.89425e+06	
2.9495e+06	2.973e+06	2.95525e+06	2.9465e+06	2.87525e+06	
2.93575e+06	2.96775e+06	2.99875e+06	2.874e+06	2.9875e+06	
2.96725e+06	2.927e+06	2.978e+06	2.91625e+06	2.89275e+06	
2.95975e+06	2.9925e+06	2.9035e+06	2.95975e+06	2.92375e+06	
2.964e+06	2.9375e+06	2.942e+06	2.9295e+06	2.93625e+06	
2.92375e+06	2.942e+06	2.952e+06	2.84675e+06	2.874e+06	
2.9495e+06	2.9395e+06	2.9585e+06	2.8595e+06	2.92375e+06	
2.91375e+06	2.978e+06	2.91675e+06	2.95525e+06	2.932e+06	
2.92e+06	2.886e+06	2.95025e+06	2.9085e+06	2.906e+06	
2.85075e+06	2.927e+06	2.96025e+06	2.84425e+06	2.88225e+06	
2.88225e+06	2.88725e+06	2.91e+06	2.89675e+06	2.88475e+06	
2.92125e+06	2.93375e+06	2.91675e+06	2.8665e+06	2.85075e+06	
2.9465e+06	2.932e+06	2.9085e+06	2.90175e+06	2.83425e+06	
2.908e+06	2.944e+06	2.94575e+06	2.88225e+06	2.83675e+06	
2.881e+06	2.9125e+06	2.932e+06	2.85625e+06	2.8765e+06	
2.87275e+06	2.88025e+06	2.93325e+06	2.872e+06	2.89425e+06	
2.9225e+06	2.91e+06	2.88475e+06	2.8455e+06	2.78e+06	
2.86825e+06	2.88975e+06	2.9415e+06	2.84675e+06	2.87275e+06	
2.9005e+06	2.85325e+06	2.932e+06	2.81975e+06	2.8085e+06	
2.84175e+06	2.908e+06	2.85075e+06	2.8595e+06	2.83425e+06	
2.88025e+06	2.78575e+06	2.845e+06	2.8185e+06	2.81025e+06	
2.826e+06	2.80975e+06	2.81225e+06	2.84425e+06	2.74725e+06	
2.7825e+06	2.7895e+06	2.818e+06	2.772e+06	2.74925e+06	
2.80725e+06	2.7965e+06	2.80025e+06	2.7705e+06	2.77875e+06	
2.81225e+06	2.81225e+06	2.77875e+06	2.77575e+06	2.758e+06	
2.84e+06	2.80525e+06	2.869e+06	2.76375e+06	2.775e+06	
2.7675e+06	2.82975e+06	2.7605e+06	2.7315e+06	2.69825e+06	
2.7915e+06	2.797e+06	2.8205e+06	2.8035e+06	2.72525e+06	
2.7365e+06	2.75675e+06	2.775e+06	2.76e+06	2.74425e+06	
2.739e+06	2.7845e+06	2.772e+06	2.72725e+06	2.731e+06	
2.7705e+06	2.76875e+06	2.7575e+06	2.73525e+06	2.751e+06	
2.8165e+06	2.75675e+06	2.746e+06	2.75675e+06	2.7655e+06	
2.79825e+06	2.81225e+06	2.7825e+06	2.72725e+06	2.72975e+06	
2.7075e+06	2.74925e+06	2.76e+06	2.7385e+06	2.69625e+06	
2.75675e+06	2.792e+06	2.8135e+06	2.75225e+06	2.724e+06	
2.7335e+06	2.73025e+06	2.7915e+06	2.67425e+06	2.6785e+06	
2.76925e+06	2.78825e+06	2.68625e+06	2.74925e+06	2.70075e+06	
2.74475e+06	2.743e+06	2.69175e+06	2.7245e+06	2.775e+06	
2.71575e+06	2.71525e+06	2.693e+06	2.6825e+06	2.685e+06	
2.719e+06	2.68625e+06	2.69825e+06	2.66925e+06	2.72775e+06	
2.724e+06	2.712e+06	2.65475e+06	2.615e+06	2.661e+06	
2.64825e+06	2.6655e+06	2.632e+06	2.66475e+06	2.6445e+06	
2.73975e+06	2.6465e+06	2.66925e+06	2.63125e+06	2.61375e+06	
2.64975e+06	2.707e+06	2.72275e+06	2.615e+06	2.678e+06	
2.64975e+06	2.68375e+06	2.651e+06	2.63525e+06	2.6175e+06	
2.64575e+06	2.6995e+06	2.6515e+06	2.666e+06	2.6295e+06	
2.65475e+06	2.661e+06	2.625e+06	2.61125e+06	2.63775e+06	
2.586e+06	2.62375e+06	2.63e+06	2.58725e+06	2.5985e+06	
2.49525e+06	2.46875e+06	2.494e+06	2.47825e+06	2.50975e+06	
2.28475e+06	2.308e+06	2.29175e+06	2.2475e+06	2.27525e+06	
2.03575e+06	2.0215e+06	2.02525e+06	2.027e+06	1.9685e+06	
1.69875e+06	1.71575e+06	1.68175e+06	1.7215e+06	1.66275e+06	
1.4745e+06	1.47825e+06	1.46625e+06	1.46125e+06	1.4895e+06	
1.279e+06	1.3025e+06	1.26575e+06	1.26775e+06	1.31125e+06	
1.213e+06	1.204e+06	1.2425e+06	1.23175e+06	1.228e+06	
1.2495e+06	1.23375e+06	1.2645e+06	1.21975e+06	1.2615e+06	
1.347e+06	1.33525e+06	1.33825e+06	1.34325e+06	1.31625e+06	
1.44175e+06	1.4575e+06	1.4825e+06	1.42075e+06	1.439e+06	
1.49275e+06	1.5355e+06	1.50475e+06	1.48575e+06	1.48825e+06	
1.4845e+06	1.48775e+06	1.49575e+06	1.499e+06	1.477e+06	
1.494e+06	1.47625e+06	1.489e+06	1.48075e+06	1.4675e+06	
1.514e+06	1.485e+06	1.47575e+06	1.482e+06	1.4845e+06	
1.477e+06	1.5035e+06	1.48575e+06	1.475e+06	1.46425e+06	
1.5235e+06	1.50725e+06	1.492e+06	1.4865e+06	1.4865e+06	
1.5575e+06	1.52975e+06	1.538e+06	1.52425e+06	1.526e+06	
1.601e+06	1.58225e+06	1.57975e+06	1.5745e+06	1.56125e+06	
1.62375e+06	1.67225e+06	1.66925e+06	1.64075e+06	1.661e+06	
1.70875e+06	1.71325e+06	1.741e+06	1.724e+06	1.705e+06	
1.72575e+06	1.782e+06	1.81475e+06	1.74725e+06	1.751e+06	
1.8715e+06	1.82975e+06	1.84125e+06	1.84425e+06	1.85325e+06	
1.93075e+06	1.9135e+06	1.92625e+06	1.87825e+06	1.901e+06	
2.00125e+06	1.96025e+06	2.00125e+06	1.99625e+06	1.97475e+06	
2.039e+06	2.0385e+06	2.09375e+06	2.05425e+06	2.066e+06	
2.12925e+06	2.10575e+06	2.12225e+06	2.09825e+06	2.08125e+06	
2.16575e+06	2.16875e+06	2.191e+06	2.20725e+06	2.12975e+06	
2.2395e+06	2.218e+06	2.2055e+06	2.21175e+06	2.22175e+06	
2.21425e+06	2.25525e+06	2.247e+06	2.25075e+06	2.1985e+06	
2.291e+06	2.25775e+06	2.303e+06	2.26575e+06	2.264e+06	
2.27525e+06	2.33075e+06	2.28225e+06	2.2855e+06	2.27025e+06	
2.27975e+06	2.322e+06	2.29475e+06	2.293e+06	2.257e+06	
2.34725e+06	2.30625e+06	2.296e+06	2.30675e+06	2.298e+06	
2.269e+06	2.3195e+06	2.337e+06	2.334e+06	2.2645e+06	
2.334e+06	2.337e+06	2.3395e+06	2.3075e+06	2.27225e+06	
2.29925e+06	2.32825e+06	2.3825e+06	2.3145e+06	2.29425e+06	
2.32075e+06	2.37175e+06	2.3005e+06	2.36725e+06	2.33075e+06	
2.325e+06	2.344e+06	2.3515e+06	2.3075e+06	2.322e+06	
2.30875e+06	2.34025e+06	2.276e+06	2.25825e+06	2.2665e+06	
2.33025e+06	2.33025e+06	2.305e+06	2.327e+06	2.30175e+06	
2.296e+06	2.28425e+06	2.3175e+06	2.31375e+06	2.25325e+06	
2.2955e+06	2.276e+06	2.30425e+06	2.26325e+06	2.27275e+06	
2.274e+06	2.31125e+06	2.36175e+06	2.317e+06	2.27975e+06	
2.29875e+06	2.3145e+06	2.329e+06	2.2785e+06	2.247e+06	
2.32075e+06	2.322e+06	2.23875e+06	2.2395e+06	2.233e+06	
2.2885e+06	2.26575e+06	2.2855e+06	2.257e+06	2.2495e+06	
2.24625e+06	2.281e+06	2.2645e+06	2.271e+06	2.28175e+06	
2.2735e+06	2.25575e+06	2.27725e+06	2.271e+06	2.259e+06	
2.194e+06	2.28475e+06	2.2015e+06	2.24825e+06	2.23125e+06	
2.2615e+06	2.291e+06	2.2305e+06	2.16325e+06	2.21675e+06	
2.21175e+06	2.21675e+06	2.24625e+06	2.2085e+06	2.22625e+06	
2.2445e+06	2.22175e+06	2.24625e+06	2.20025e+06	2.199e+06	
2.22175e+06	2.2255e+06	2.23375e+06	2.22175e+06	2.14375e+06	
2.235e+06	2.23375e+06	2.245e+06	2.24325e+06	2.233e+06	
2.247e+06	2.2305e+06	2.223e+06	2.247e+06	2.22125e+06	
2.18075e+06	2.216e+06	2.281e+06	2.218e+06	2.20675e+06	
2.201e+06	2.2275e+06	2.218e+06	2.21425e+06	2.19475e+06	
2.21475e+06	2.20275e+06	2.199e+06	2.20475e+06	2.16325e+06	
2.259e+06	2.22175e+06	2.18575e+06	2.1765e+06	2.141e+06	
2.2135e+06	2.21675e+06	2.184e+06	2.14175e+06	2.17525e+06	
2.1865e+06	2.1965e+06	2.21175e+06	2.16125e+06	2.14925e+06	
2.1915e+06	2.2135e+06	2.1765e+06	2.19225e+06	2.191e+06	
2.2135e+06	2.21425e+06	2.2085e+06	2.17075e+06	2.141e+06	
2.1525e+06	2.158e+06	2.15875e+06	2.1745e+06	2.11775e+06	
2.19775e+06	2.18325e+06	2.1455e+06	2.177e+06	2.1575e+06	
2.20975e+06	2.19475e+06	2.17075e+06	2.14425e+06	2.1355e+06	
2.15175e+06	2.16625e+06	2.14675e+06	2.1405e+06	2.12725e+06	
2.1915e+06	2.14675e+06	2.19025e+06	2.15e+06	2.109e+06	
2.141e+06	2.189e+06	2.143e+06	2.109e+06	2.12225e+06	
2.15e+06	2.179e+06	2.097e+06	2.18325e+06	2.1385e+06	
2.18825e+06	2.153e+06	2.14875e+06	2.1455e+06	2.145e+06	
2.1265e+06	2.1695e+06	2.18825e+06	2.10825e+06	2.1045e+06	
2.1405e+06	2.138e+06	2.18775e+06	2.15375e+06	2.14675e+06	
2.1645e+06	2.1745e+06	2.13725e+06	2.12925e+06	2.12725e+06	
2.1525e+06	2.15675e+06	2.15125e+06	2.112e+06	2.14425e+06	
2.1385e+06	2.12975e+06	2.12775e+06	2.15125e+06	2.1135e+06	
2.1115e+06	2.138e+06	2.1185e+06	2.10775e+06	2.14225e+06	
2.12475e+06	2.1335e+06	2.1285e+06	2.08e+06	2.09375e+06	
2.12775e+06	2.0875e+06	2.12975e+06	2.075e+06	2.0845e+06	
2.14375e+06	2.1215e+06	2.10775e+06	2.10325e+06	2.066e+06	
2.1015e+06	2.13975e+06	2.09575e+06	2.1355e+06	2.03575e+06	
2.1165e+06	2.1385e+06	2.0925e+06	2.08825e+06	2.08175e+06	
2.1335e+06	2.0825e+06	2.09625e+06	2.0805e+06	2.10025e+06	
2.0995e+06	2.12475e+06	2.12475e+06	2.0755e+06	2.07425e+06	
2.119e+06	2.1215e+06	2.097e+06	2.085e+06	2.03975e+06	
2.09e+06	2.06925e+06	2.09125e+06	2.063e+06	2.03725e+06	
2.09e+06	2.041e+06	2.0515e+06	2.0385e+06	2.03275e+06	
2.07e+06	2.0805e+06	2.08125e+06	2.05725e+06	2.00375e+06	
2.044e+06	2.07425e+06	2.03525e+06	2.032e+06	2.015e+06	
2.00175e+06	2.04475e+06	2.02525e+06	1.9885e+06	2.01625e+06	
2.02775e+06	2.09075e+06	2.051e+06	2.0635e+06	2.03025e+06	
2.0265e+06	2.02575e+06	2.0465e+06	2.0005e+06	1.98925e+06	
1.99375e+06	2.0345e+06	2.017e+06	2.03025e+06	2.00375e+06	
2.0175e+06	2.02275e+06	1.9955e+06	1.97725e+06	1.95525e+06	
1.98725e+06	1.9885e+06	2.03575e+06	1.99125e+06	2e+06	
1.99175e+06	1.98925e+06	1.98425e+06	1.959e+06	1.96275e+06	
1.928e+06	1.95775e+06	1.99375e+06	1.964e+06	1.9635e+06	
1.94575e+06	1.97475e+06	1.995e+06	1.96275e+06	1.942e+06	
1.94525e+06	1.954e+06	1.954e+06	1.93875e+06	1.9175e+06	
1.97025e+06	1.957e+06	1.993e+06	1.96475e+06	1.9225e+06	
1.9205e+06	1.92175e+06	1.92175e+06	1.928e+06	1.9135e+06	
1.9545e+06	1.9135e+06	1.93575e+06	1.93575e+06	1.928e+06	
1.923e+06	1.94125e+06	1.89475e+06	1.935e+06	1.915e+06	
1.9135e+06	1.95575e+06	1.92425e+06	1.89275e+06	1.89725e+06	
1.90475e+06	1.93375e+06	1.8985e+06	1.89475e+06	1.8985e+06	
1.9055e+06	1.9175e+06	1.9085e+06	1.88025e+06	1.93325e+06	
1.83925e+06	1.894e+06	1.884e+06	1.89525e+06	1.85625e+06	
1.89775e+06	1.90925e+06	1.88725e+06	1.90225e+06	1.882e+06	
1.91675e+06	1.903e+06	1.89725e+06	1.8765e+06	1.85575e+06	
1.838e+06	1.879e+06	1.86e+06	1.90975e+06	1.8335e+06	
1.9295e+06	1.89475e+06	1.90925e+06	1.908e+06	1.87525e+06	
1.88975e+06	1.8935e+06	1.87825e+06	1.84e+06	1.833e+06	
1.83475e+06	1.882e+06	1.88725e+06	1.85825e+06	1.85825e+06	
1.8215e+06	1.88775e+06	1.85325e+06	1.8505e+06	1.82725e+06	
1.874e+06	1.8795e+06	1.86e+06	1.9135e+06	1.84175e+06	
1.877e+06	1.882e+06	1.862e+06	1.8185e+06	1.8285e+06	
1.8305e+06	1.8475e+06	1.8525e+06	1.81725e+06	1.81475e+06	
1.79575e+06	1.82925e+06	1.857e+06	1.82725e+06	1.787e+06	
1.86575e+06	1.83875e+06	1.8375e+06	1.8475e+06	1.792e+06	
1.8505e+06	1.79525e+06	1.8335e+06	1.8475e+06	1.82675e+06	
1.85825e+06	1.7915e+06	1.819e+06	1.814e+06	1.8115e+06	
1.81475e+06	1.86625e+06	1.81975e+06	1.82475e+06	1.83475e+06	
1.8545e+06	1.8545e+06	1.8215e+06	1.797e+06	1.80725e+06	
1.8135e+06	1.7915e+06	1.8235e+06	1.8085e+06	1.76425e+06	
1.7995e+06	1.7995e+06	1.77125e+06	1.7755e+06	1.8165e+06	
1.8235e+06	1.82025e+06	1.8065e+06	1.76625e+06	1.79775e+06	
1.78575e+06	1.82425e+06	1.79575e+06	1.77175e+06	1.753e+06	
1.736e+06	1.775e+06	1.79e+06	1.7945e+06	1.76675e+06	
1.7775e+06	1.785e+06	1.741e+06	1.77125e+06	1.758e+06	
1.7215e+06	1.76925e+06	1.74225e+06	1.76375e+06	1.74975e+06	
1.7725e+06	1.76675e+06	1.73475e+06	1.73975e+06	1.72525e+06	
1.73475e+06	1.7535e+06	1.7145e+06	1.75175e+06	1.7435e+06	
1.7195e+06	1.73775e+06	1.7555e+06	1.724e+06	1.7365e+06	
1.78075e+06	1.695e+06	1.7295e+06	1.717e+06	1.71825e+06	
1.73775e+06	1.748e+06	1.744e+06	1.67175e+06	1.71125e+06	
1.67725e+06	1.71375e+06	1.739e+06	1.71e+06	1.66025e+06	
1.71525e+06	1.7095e+06	1.7025e+06	1.72275e+06	1.68425e+06	
1.70625e+06	1.7385e+06	1.736e+06	1.666e+06	1.70125e+06	
1.69925e+06	1.71825e+06	1.685e+06	1.7e+06	1.6955e+06	
1.736e+06	1.6375e+06	1.719e+06	1.67975e+06	1.671e+06	
1.649e+06	1.637e+06	1.6585e+06	1.6665e+06	1.69425e+06	
1.70075e+06	1.6345e+06	1.67425e+06	1.66525e+06	1.681e+06	
1.671e+06	1.6755e+06	1.66525e+06	1.6635e+06	1.666e+06	
1.66475e+06	1.698e+06	1.66275e+06	1.693e+06	1.65275e+06	
1.62375e+06	1.67675e+06	1.6495e+06	1.64275e+06	1.63575e+06	
1.64825e+06	1.66775e+06	1.68225e+06	1.6245e+06	1.62575e+06	
1.66775e+06	1.659e+06	1.666e+06	1.659e+06	1.656e+06	
1.66475e+06	1.69425e+06	1.6805e+06	1.65075e+06	1.66975e+06	
1.64775e+06	1.64775e+06	1.6805e+06	1.62125e+06	1.6515e+06	
1.6585e+06	1.67725e+06	1.63125e+06	1.664e+06	1.6105e+06	
1.62325e+06	1.6275e+06	1.678e+06	1.615e+06	1.62575e+06	
1.62375e+06	1.6735e+06	1.63325e+06	1.6785e+06	1.6005e+06	
1.601e+06	1.61925e+06	1.60475e+06	1.62175e+06	1.63125e+06	
1.58975e+06	1.62125e+06	1.596e+06	1.57525e+06	1.60425e+06	
1.61425e+06	1.63625e+06	1.6155e+06	1.6155e+06	1.5815e+06	
1.63325e+06	1.606e+06	1.63e+06	1.59225e+06	1.5915e+06	
1.56525e+06	1.579e+06	1.59925e+06	1.5865e+06	1.59025e+06	
1.5525e+06	1.581e+06	1.5785e+06	1.5835e+06	1.58275e+06	
1.5495e+06	1.57775e+06	1.58525e+06	1.57025e+06	1.5785e+06	
1.55575e+06	1.5915e+06	1.545e+06	1.5915e+06	1.57725e+06	
1.56275e+06	1.545e+06	1.523e+06	1.54175e+06	1.53925e+06	
1.54125e+06	1.56325e+06	1.56325e+06	1.53925e+06	1.54125e+06	
1.5135e+06	1.5285e+06	1.50975e+06	1.5085e+06	1.5185e+06	
1.538e+06	1.506e+06	1.5325e+06	1.53875e+06	1.57775e+06	
1.5425e+06	1.52425e+06	1.56e+06	1.55075e+06	1.552e+06	
1.52225e+06	1.5185e+06	1.4995e+06	1.51525e+06	1.48e+06	
1.49525e+06	1.50975e+06	1.51475e+06	1.52425e+06	1.509e+06	
1.494e+06	1.47625e+06	1.5135e+06	1.48775e+06	1.51675e+06	
1.48325e+06	1.475e+06	1.45425e+06	1.4675e+06	1.46175e+06	
1.46425e+06	1.451e+06	1.4555e+06	1.46175e+06	1.4675e+06	
1.4165e+06	1.46375e+06	1.4405e+06	1.39875e+06	1.43775e+06	
1.414e+06	1.4115e+06	1.41525e+06	1.4285e+06	1.42325e+06	
1.38925e+06	1.38925e+06	1.40325e+06	1.39125e+06	1.38925e+06	
1.38425e+06	1.39875e+06	1.3635e+06	1.36725e+06	1.37725e+06	
1.34975e+06	1.383e+06	1.3615e+06	1.3735e+06	1.36475e+06	
1.32325e+06	1.36675e+06	1.334e+06	1.3535e+06	1.32875e+06	
1.3155e+06	1.34975e+06	1.34775e+06	1.315e+06	1.31625e+06	
1.30175e+06	1.3535e+06	1.34025e+06	1.337e+06	1.3105e+06	
1.298e+06	1.33075e+06	1.3485e+06	1.30375e+06	1.31125e+06	
1.2985e+06	1.29225e+06	1.317e+06	1.2565e+06	1.30625e+06	
1.27525e+06	1.274e+06	1.2955e+06	1.26525e+06	1.2905e+06	
1.274e+06	1.3025e+06	1.2885e+06	1.28975e+06	1.28525e+06	
1.3175e+06	1.327e+06	1.33e+06	1.26325e+06	1.298e+06	
1.30675e+06	1.2815e+06	1.28925e+06	1.288e+06	1.26525e+06	
1.288e+06	1.28225e+06	1.29225e+06	1.2695e+06	1.24875e+06	
1.28675e+06	1.2835e+06	1.29925e+06	1.2765e+06	1.26775e+06	
1.30625e+06	1.291e+06	1.284e+06	1.286e+06	1.2715e+06	
1.2835e+06	1.29475e+06	1.3175e+06	1.3105e+06	1.3005e+06	
1.3025e+06	1.2885e+06	1.27725e+06	1.2565e+06	1.28025e+06	
1.2905e+06	1.29475e+06	1.24325e+06	1.27475e+06	1.3025e+06	
1.26825e+06	1.3055e+06	1.315e+06	1.29475e+06	1.259e+06	
1.30175e+06	1.27775e+06	1.32875e+06	1.2955e+06	1.301e+06	
1.33325e+06	1.3225e+06	1.33275e+06	1.3345e+06	1.3395e+06	
1.33125e+06	1.36225e+06	1.32375e+06	1.33125e+06	1.33325e+06	
1.3345e+06	1.31625e+06	1.3395e+06	1.36025e+06	1.325e+06	
1.332e+06	1.33075e+06	1.31125e+06	1.31875e+06	1.35025e+06	
1.32125e+06	1.33575e+06	1.31825e+06	1.33325e+06	1.327e+06	
1.31175e+06	1.29725e+06	1.2935e+06	1.3025e+06	1.28975e+06	
1.2665e+06	1.25575e+06	1.23e+06	1.24625e+06	1.255e+06	
1.22175e+06	1.20225e+06	1.2305e+06	1.218e+06	1.213e+06	
1.17375e+06	1.18825e+06	1.17075e+06	1.18075e+06	1.209e+06	
1.196e+06	1.221e+06	1.17825e+06	1.19325e+06	1.16875e+06	
1.19275e+06	1.2105e+06	1.2425e+06	1.19775e+06	1.21925e+06	
1.2305e+06	1.28025e+06	1.25375e+06	1.2255e+06	1.23875e+06	
1.26825e+06	1.264e+06	1.24375e+06	1.26025e+06	1.2565e+06	
1.2935e+06	1.3125e+06	1.276e+06	1.28725e+06	1.27475e+06	
1.281e+06	1.28475e+06	1.2935e+06	1.28725e+06	1.296e+06	
1.28675e+06	1.32825e+06	1.2565e+06	1.303e+06	1.29225e+06	
1.28525e+06	1.32075e+06	1.29475e+06	1.2765e+06	1.281e+06	
1.274e+06	1.28975e+06	1.27975e+06	1.26525e+06	1.26575e+06	
1.29425e+06	1.28475e+06	1.29675e+06	1.29475e+06	1.27725e+06	
1.28925e+06	1.30625e+06	1.293e+06	1.2785e+06	1.264e+06	
1.28975e+06	1.27775e+06	1.29475e+06	1.26525e+06	1.31125e+06	
1.284e+06	1.2615e+06	1.26825e+06	1.25325e+06	1.274e+06	
1.257e+06	1.2495e+06	1.26575e+06	1.22875e+06	1.23125e+06	
1.29725e+06	1.25825e+06	1.25075e+06	1.24575e+06	1.233e+06	
1.23675e+06	1.25125e+06	1.245e+06	1.2325e+06	1.24825e+06	
1.25325e+06	1.225e+06	1.2355e+06	1.20475e+06	1.2135e+06	
1.23925e+06	1.25825e+06	1.23125e+06	1.221e+06	1.2205e+06	
1.21675e+06	1.238e+06	1.2325e+06	1.204e+06	1.21175e+06	
1.22925e+06	1.211e+06	1.23875e+06	1.24e+06	1.21475e+06	
1.218e+06	1.22425e+06	1.24875e+06	1.259e+06	1.21975e+06	
1.23125e+06	1.24125e+06	1.2325e+06	1.22875e+06	1.242e+06	
1.22175e+06	1.25e+06	1.25825e+06	1.209e+06	1.22225e+06	
1.2355e+06	1.23625e+06	1.24375e+06	1.2695e+06	1.2355e+06	
1.2355e+06	1.233e+06	1.23675e+06	1.21975e+06	1.2615e+06	
1.25e+06	1.22675e+06	1.2445e+06	1.238e+06	1.23125e+06	
1.22175e+06	1.276e+06	1.22625e+06	1.218e+06	1.21675e+06	
1.184e+06	1.2375e+06	1.20225e+06	1.2305e+06	1.21225e+06	
1.1845e+06	1.233e+06	1.22175e+06	1.21175e+06	1.18825e+06	
1.211e+06	1.2425e+06	1.2255e+06	1.206e+06	1.2105e+06	
1.20975e+06	1.23175e+06	1.20775e+06	1.2325e+06	1.21675e+06	
1.1965e+06	1.21975e+06	1.21425e+06	1.19975e+06	1.194e+06	
1.223e+06	1.206e+06	1.20975e+06	1.20725e+06	1.21225e+06	
1.196e+06	1.20975e+06	1.209e+06	1.247e+06	1.209e+06	
1.21425e+06	1.216e+06	1.20225e+06	1.24075e+06	1.24625e+06	
1.23875e+06	1.175e+06	1.2135e+06	1.2325e+06	1.209e+06	
1.23425e+06	1.2035e+06	1.238e+06	1.2235e+06	1.21175e+06	
1.216e+06	1.2445e+06	1.2565e+06	1.201e+06	1.2275e+06	
1.238e+06	1.2475e+06	1.23175e+06	1.2205e+06	1.21175e+06	
1.21925e+06	1.23425e+06	1.225e+06	1.2325e+06	1.204e+06	
1.242e+06	1.19725e+06	1.23175e+06	1.21975e+06	1.213e+06	
1.238e+06	1.218e+06	1.23e+06	1.209e+06	1.218e+06	
1.228e+06	1.2255e+06	1.21175e+06	1.21925e+06	1.221e+06	
1.23125e+06	1.255e+06	1.23675e+06	1.216e+06	1.21175e+06	
1.21925e+06	1.24575e+06	1.21975e+06	1.2275e+06	1.189e+06	
1.21175e+06	1.2235e+06	1.209e+06	1.19075e+06	1.19325e+06	
1.21725e+06	1.21225e+06	1.20725e+06	1.19775e+06	1.211e+06	
1.20725e+06	1.23e+06	1.218e+06	1.213e+06	1.238e+06	
1.19775e+06	1.21725e+06	1.209e+06	1.2205e+06	1.18025e+06	
1.233e+06	1.2235e+06	1.25e+06	1.221e+06	1.20275e+06	
1.21925e+06	1.19525e+06	1.22675e+06	1.2105e+06	1.21425e+06	
1.2035e+06	1.2235e+06	1.21475e+06	1.1895e+06	1.218e+06	
1.20975e+06	1.21475e+06	1.2235e+06	1.201e+06	1.19975e+06	
1.21725e+06	1.216e+06	1.1865e+06	1.19975e+06	1.216e+06	
1.225e+06	1.2105e+06	1.23125e+06	1.2205e+06	1.221e+06	
1.2105e+06	1.21225e+06	1.18275e+06	1.225e+06	1.1965e+06	
1.1965e+06	1.2155e+06	1.21725e+06	1.1985e+06	1.18575e+06	
1.20725e+06	1.1895e+06	1.20025e+06	1.2015e+06	1.19975e+06	
1.2185e+06	1.218e+06	1.20525e+06	1.201e+06	1.189e+06	
1.206e+06	1.19075e+06	1.24075e+06	1.20475e+06	1.19525e+06	
1.1795e+06	1.2035e+06	1.1985e+06	1.18825e+06	1.189e+06	
1.21925e+06	1.18325e+06	1.201e+06	1.223e+06	1.1865e+06	
1.18575e+06	1.21475e+06	1.206e+06	1.19775e+06	1.18075e+06	
1.16125e+06	1.1985e+06	1.1895e+06	1.19275e+06	1.223e+06	
1.20025e+06	1.19025e+06	1.21475e+06	1.182e+06	1.17825e+06	
1.1985e+06	1.194e+06	1.17625e+06	1.1625e+06	1.18775e+06	
1.1675e+06	1.17875e+06	1.199e+06	1.15175e+06	1.1625e+06	
1.1675e+06	1.177e+06	1.2065e+06	1.16575e+06	1.16875e+06	
1.18275e+06	1.16375e+06	1.15675e+06	1.192e+06	1.201e+06	
1.177e+06	1.17075e+06	1.18325e+06	1.211e+06	1.1575e+06	
1.1775e+06	1.1775e+06	1.1965e+06	1.19975e+06	1.16175e+06	
1.18575e+06	1.19525e+06	1.16875e+06	1.192e+06	1.15925e+06	
1.167e+06	1.1555e+06	1.165e+06	1.17875e+06	1.18275e+06	
1.177e+06	1.1725e+06	1.225e+06	1.153e+06	1.17875e+06	
1.17825e+06	1.17e+06	1.18025e+06	1.17125e+06	1.158e+06	
1.1645e+06	1.16175e+06	1.17875e+06	1.1605e+06	1.17325e+06	
1.1625e+06	1.15925e+06	1.165e+06	1.18825e+06	1.1695e+06	
1.17825e+06	1.16625e+06	1.172e+06	1.165e+06	1.15175e+06	
1.14925e+06	1.15175e+06	1.15425e+06	1.1775e+06	1.16875e+06	
1.15375e+06	1.1555e+06	1.14925e+06	1.14725e+06	1.13975e+06	
1.177e+06	1.158e+06	1.15125e+06	1.112e+06	1.141e+06	
1.153e+06	1.1795e+06	1.16575e+06	1.14225e+06	1.15175e+06	
1.16625e+06	1.14225e+06	1.14925e+06	1.143e+06	1.1165e+06	
1.12025e+06	1.15675e+06	1.124e+06	1.1315e+06	1.136e+06	
1.126e+06	1.117e+06	1.1115e+06	1.1e+06	1.13675e+06	
1.09625e+06	1.10825e+06	1.1145e+06	1.1115e+06	1.12475e+06	
1.102e+06	1.08625e+06	1.12225e+06	1.12025e+06	1.11025e+06	
1.10825e+06	1.14175e+06	1.12275e+06	1.1335e+06	1.1265e+06	
1.12975e+06	1.12025e+06	1.13425e+06	1.11025e+06	1.09325e+06	
1.1435e+06	1.10525e+06	1.1215e+06	1.13475e+06	1.138e+06	
1.1265e+06	1.1235e+06	1.1215e+06	1.13025e+06	1.1165e+06	
1.12275e+06	1.10275e+06	1.10775e+06	1.107e+06	1.11325e+06	
1.126e+06	1.11775e+06	1.11325e+06	1.1045e+06	1.124e+06	
1.08625e+06	1.1095e+06	1.13425e+06	1.11325e+06	1.1045e+06	
1.11075e+06	1.1285e+06	1.08625e+06	1.10525e+06	1.09575e+06	
1.10775e+06	1.1285e+06	1.09875e+06	1.07925e+06	1.07625e+06	
1.10575e+06	1.0855e+06	1.107e+06	1.1115e+06	1.08675e+06	
1.078e+06	1.06425e+06	1.07925e+06	1.0875e+06	1.0685e+06	
1.06975e+06	1.05725e+06	1.04725e+06	1.0805e+06	1.03325e+06	
1.03275e+06	1.01625e+06	1.0345e+06	1.05925e+06	1.0415e+06	
1.063e+06	1.03025e+06	1.03575e+06	1.0485e+06	1.0395e+06	
1.0465e+06	1.06425e+06	1.04975e+06	1.0635e+06	1.022e+06	
1.06675e+06	1.06225e+06	1.0635e+06	1.0805e+06	1.04075e+06	
1.08425e+06	1.0655e+06	1.06425e+06	1.09075e+06	1.0585e+06	
1.078e+06	1.0685e+06	1.0705e+06	1.07375e+06	1.0775e+06	
1.07425e+06	1.08175e+06	1.104e+06	1.06975e+06	1.083e+06	
1.10275e+06	1.0775e+06	1.07675e+06	1.0635e+06	1.09325e+06	
1.09125e+06	1.097e+06	1.10275e+06	1.08175e+06	1.0825e+06	
1.10125e+06	1.10075e+06	1.05475e+06	1.0945e+06	1.05225e+06	
1.0705e+06	1.10525e+06	1.08675e+06	1.11775e+06	1.0805e+06	
1.0975e+06	1.075e+06	1.0775e+06	1.07175e+06	1.112e+06	
1.092e+06	1.07175e+06	1.0825e+06	1.07875e+06	1.0805e+06	
1.0685e+06	1.066e+06	1.06925e+06	1.10275e+06	1.0705e+06	
1.066e+06	1.08825e+06	1.07425e+06	1.08625e+06	1.09325e+06	
1.11075e+06	1.063e+06	1.07875e+06	1.0755e+06	1.08675e+06	
1.09575e+06	1.0995e+06	1.09825e+06	1.06975e+06	1.06225e+06	
1.0825e+06	1.0775e+06	1.05925e+06	1.0635e+06	1.083e+06	
1.08e+06	1.06475e+06	1.07375e+06	1.05025e+06	1.0705e+06	
1.09125e+06	1.054e+06	1.11025e+06	1.08625e+06	1.0705e+06	
1.0755e+06	1.08425e+06	1.085e+06	1.063e+06	1.07875e+06	
1.04525e+06	1.05725e+06	1.07175e+06	1.054e+06	1.05275e+06	
1.078e+06	1.0515e+06	1.0435e+06	1.05475e+06	1.0655e+06	
1.04775e+06	1.0465e+06	1.0775e+06	1.06925e+06	1.049e+06	
1.07625e+06	1.0635e+06	1.0705e+06	1.066e+06	1.0365e+06	
1.044e+06	1.051e+06	1.06175e+06	1.07425e+06	1.0395e+06	
1.06925e+06	1.05025e+06	1.0725e+06	1.0435e+06	1.0365e+06	
1.06425e+06	1.0775e+06	1.04225e+06	1.02775e+06	1.025e+06	
1.04275e+06	1.03825e+06	1.03275e+06	1.032e+06	1.04075e+06	
1.071e+06	1.05975e+06	1.04775e+06	1.03825e+06	1.046e+06	
1.03825e+06	1.06225e+06	1.017e+06	1.0395e+06	1.0225e+06	
1.04975e+06	1.05925e+06	1.0465e+06	1.051e+06	1.05975e+06	
1.04725e+06	1.068e+06	1.02e+06	1.05675e+06	1.04025e+06	
1.0265e+06	1.03075e+06	1.05025e+06	1.015e+06	1.056e+06	
1.06725e+06	1.039e+06	1.05025e+06	1.05475e+06	1.04225e+06	
1.03575e+06	1.0265e+06	1.02775e+06	1.03525e+06	1.058e+06	
1.02125e+06	1.037e+06	1.02075e+06	1.00925e+06	1.01625e+06	
1.01625e+06	1.00875e+06	1.00625e+06	1.01575e+06	978500	
1.0005e+06	961500	991000	994750	986750	
971000	989250	979750	989750	984750	
976500	971500	987250	984750	988500	
998000	1e+06	989250	1.00375e+06	996750	
1.0145e+06	1.01075e+06	1.0055e+06	988000	1.0055e+06	
1.017e+06	997500	1.012e+06	1.00375e+06	1.0125e+06	
1.01825e+06	992250	986000	986000	1e+06	
1e+06	994750	1.02e+06	996250	1.00175e+06	
1.01325e+06	1.01125e+06	1.00125e+06	1.00425e+06	976000	
973500	1.0145e+06	1.00175e+06	977750	1.00675e+06	
1.00375e+06	996250	1.0125e+06	981750	984750	
1.0245e+06	1.00375e+06	1.027e+06	1.008e+06	1.00375e+06	
1.02125e+06	1.005e+06	996250	983000	993500	
996750	991750	984250	1.0125e+06	994250	
986750	1.0075e+06	977250	996750	982250	
991750	991750	998750	978500	993500	
986000	976500	1.005e+06	991750	1.01075e+06	
986750	1.00375e+06	986750	984250	1.003e+06	
997500	984750	983500	978500	974750	
983500	1.00625e+06	994750	983500	984750	
989750	998750	998000	991750	984250	
983000	1e+06	981000	976000	985500	
989750	983000	986000	994750	966500	
984750	1.01e+06	1.0005e+06	969000	973500	
977750	965250	986000	962750	964750	
954500	974000	990500	958250	947000	
970250	940750	985500	957750	962750	
964750	964000	1.00175e+06	971000	993500	
969750	964750	967750	974750	971500	
956500	975250	977750	964000	940750	
955750	973500	947500	962750	983500	
971500	974000	952750	969000	986750	
963250	950750	957000	927500	943750	
971000	929250	957750	948250	944500	
954500	974000	977750	947000	945000	
975250	962750	948750	959000	941250	
949500	960750	954000	945750	976000	
945000	946250	957000	954000	949500	
950250	977250	971500	981750	923000	
972250	935750	936250	972250	922500	
948750	956500	947000	931750	943250	
972250	957750	952000	950250	950250	
954000	942000	973500	952000	955750	
945000	959500	962000	949500	950250	
963250	946250	968500	940750	943750	
926750	908000	967250	954500	942500	
954500	920000	954500	936250	932500	
929250	913000	941250	902750	933750	
930000	953250	944500	933000	898500	
914750	913000	920000	908500	940750	
921750	921250	949500	935750	943750	
913000	943750	931750	910500	916000	
920500	917250	920500	923750	911750	
923750	941250	929250	926250	914250	
917250	923750	897250	887750	947500	
911750	897750	921750	896000	923000	
926250	909250	916750	906000	928000	
913500	908500	931250	908000	924250	
908000	915500	905500	896500	910500	
947500	926750	909750	903500	907250	
899000	912250	911750	916750	922500	
896500	904250	909250	910500	898500	
930500	916750	906750	906000	918000	
882000	927500	888500	887750	888500	
898500	897750	917250	909250	888500	
875250	911000	906750	889000	901000	
890250	875250	890250	885750	895250	
911000	885250	877750	871250	883250	
874500	892250	889000	880750	858750	
885250	869500	879500	899000	881500	
867000	874000	884000	900250	890250	
864500	916000	894750	899000	896000	
901500	864500	898500	851250	876500	
885750	889750	886500	879000	871250	
896000	885750	898500	884000	870000	
888500	863750	884000	874500	865750	
885750	879000	894750	868750	887750	
867500	865750	832250	899000	875250	
868750	865750	856250	876500	877750	
877750	861250	865000	861250	877000	
870000	846250	875250	870750	861250	
872500	876500	874500	861250	875750	
870750	875250	858250	862500	879500	
872500	887750	847500	872500	856750	
870750	863750	849250	846250	845500	
854250	851250	860750	862500	875250	
865750	872500	851750	857500	851250	
868750	873250	861250	873250	856750	
860750	863250	849250	864500	862000	
856250	853750	863250	843750	851250	
873250	865000	841000	863250	850500	
843750	868250	860750	843000	857500	
852500	847500	847500	850000	824000	
826000	829750	821500	835500	845500	
827250	846250	847500	848750	823500	
824750	856750	861250	827250	850000	
819750	813500	837250	836000	824000	
822750	819000	825250	829250	822750	
823500	836750	824000	795750	814750	
821500	821000	836750	821000	810750	
820250	817750	833500	804000	801500	
793750	805750	807750	805750	795000	
808250	805250	805750	797750	794500	
807000	810250	804000	788250	793750	
821500	802000	791250	814750	798250	
816000	789500	803250	826500	791250	
793750	795750	800750	793250	785750	
774250	779250	788250	778000	797750	
786250	778000	797750	785750	748500	
790000	782500	773750	792500	761750	
792000	790000	769250	787500	782500	
777500	792000	779250	782000	788250	
785000	776250	795750	785750	792000	
790000	778000	776750	782000	764750	
766750	779250	786250	779250	761000	
759750	785750	783750	788250	773000	
774250	777500	768750	759750	784500	
760500	782500	797000	763000	792500	
782000	771750	780000	787500	759250	
804000	786250	786250	781250	770000	
787000	773000	776250	769250	793250	
775000	783250	780000	765500	799000	
788250	794500	785000	785750	782000	
791250	809000	807000	785750	781250	
788750	800250	793750	795000	774250	
806500	800750	816500	806500	790750	
798250	789500	787000	789500	797750	
780500	778750	810750	804500	790000	
790000	807750	791250	788250	799000	
802750	805750	796500	779250	800250	
809000	809500	797750	809000	778000	
784500	790000	801500	777500	807000	
808250	809000	809500	812750	818500	
807000	802000	783750	771750	791250	
788250	787000	763500	785000	785750	
786250	797750	780500	781250	795750	
768750	793250	772500	798250	776250	
755500	776250	776250	760500	782000	
766250	775000	780000	766250	766250	
766750	773750	772500	782000	779250	
778750	771750	774250	790000	782000	
777500	779250	775500	764250	773750	
756750	767500	792500	771750	772500	
753500	759250	775500	754750	754750	
778750	772500	764250	776250	761000	
759750	766250	772500	766750	756000	
782000	787500	769250	754750	775000	
768750	771750	749000	771250	771750	
801500	787500	765500	761750	774250	
776250	744000	758500	751000	786250	
771750	792500	790750	758500	773750	
777500	769250	742250	763000	763000	
761000	782500	772500	772500	767500	
763500	763000	770500	752250	759750	
772500	763500	782500	751000	754750	
772500	755500	759250	770000	756000	
751750	748500	765500	725250	769250	
756000	749000	736500	736500	773000	
762250	766750	759250	734000	758000	
765500	764750	753000	747250	754250	
745250	770500	767500	785750	778750	
754750	758500	753000	749000	742250	
763500	767500	747250	754750	742750	
751750	763500	737250	759750	765500	
735250	731500	740250	725250	746000	
753000	758000	744000	747750	751000	
754250	743500	756750	737250	740250	
748500	754250	750500	735250	749000	
734500	761000	749000	763000	760500	
735250	761000	747750	773000	747250	
729000	754250	759750	737750	744750	
729500	720750	749750	754250	741500	
744750	741000	744000	753000	727000	
726500	761000	739750	726500	721500	
750500	728250	734000	746500	736500	
744750	754750	763000	751750	754250	
745250	744750	750500	733250	747250	
744000	767500	738500	773000	741500	
759750	743500	737750	770000	751000	
744000	742250	753500	757250	744750	
740250	751750	758000	746000	756000	
736500	756750	740250	747250	753000	
776250	766750	763500	746500	751000	
750500	747250	734000	735250	749750	
748500	740250	744750	773000	741500	
744000	736000	760500	739750	748500	
747250	722000	755500	749000	736500	
748500	734500	751000	739750	743500	
732750	737750	736000	737750	753000	
751000	735250	735250	758000	752250	
742250	736000	730250	747750	748500	
734000	742750	751750	737250	732000	
749750	735250	737250	722750	738500	
730250	753000	723250	701250	754250	
719500	737750	739000	732750	727750	
740250	739750	730250	729000	736000	
729500	732750	738500	737750	747750	
722750	724000	739000	739000	736000	
741500	751750	714500	747250	746000	
741500	744000	742250	741500	722750	
727750	741500	737750	733250	752250	
724000	742750	728250	726500	745250	
749000	728250	715750	738500	732000	
718250	714500	730250	720250	715750	
742250	725750	732750	743500	731500	
740250	736000	729000	708250	729000	
722000	724000	727000	724500	726500	
719500	734500	728250	718250	712500	
744750	707500	731500	703750	743500	
682250	691750	701250	719500	732000	
708750	730750	705750	707000	690500	
711250	712000	720250	711250	730750	
711250	711250	703000	686750	707500	
696250	710000	699250	714500	704500	
696250	684750	691750	697500	711250	
676750	703000	672750	708750	671500	
690500	674750	690000	699250	696750	
684250	681750	701750	678500	687250	
689250	679750	687250	696250	703750	
696750	676000	692500	671000	678000	
678500	667750	664000	665250	672250	
683000	673500	678500	681000	682250	
682250	672250	681000	666500	681000	
690000	658500	688500	660250	680500	
682250	674250	673500	666500	664000	
660250	665250	672250	662750	663500	
660250	655250	650250	664000	678500	
658500	679750	661500	677250	662750	
661000	672750	659000	671500	666500	
657000	655750	642500	652000	625500	
664000	665250	672250	656500	641250	
664000	670250	662750	649500	662750	
670250	653250	674750	661000	662750	
670250	669000	653250	664750	664750	
653250	665250	661500	674750	659000	
664750	665250	658500	652000	668500	
654500	674250	654000	650750	661500	
652750	666500	659750	642500	651500	
651500	667250	641250	667250	664750	
655250	659000	652000	648250	671000	
667250	650250	670250	664750	667750	
661000	658500	662250	635000	663500	
672750	661000	662250	654000	647000	
666000	671000	648250	654500	663500	
659000	655750	666000	655250	684250	
653250	681750	667750	667250	670250	
662750	660250	672250	662750	679250	
683000	685500	683500	671000	669750	
662750	669000	666500	658500	679250	
673500	661500	655250	661500	678500	
659000	664750	659000	663500	670250	
685500	664000	672250	671500	690000	
660250	678000	689250	664000	666000	
662750	667250	663500	661500	668500	
675500	664750	670250	668500	669000	
653250	678500	678500	656500	659000	
657750	672250	653250	657000	688500	
652750	686750	668500	658500	644000	
657750	664750	678000	658500	651500	
671500	655750	671500	642500	659750	
676750	665250	680500	647000	681000	
665250	664750	659000	634500	657750	
660250	676000	662750	665250	658500	
662750	666000	664000	657750	668500	
664750	678000	657000	670250	661000	
671000	669000	656500	667250	669000	
660250	647000	658500	672250	647750	
656500	642500	675500	646500	670250	
656500	664000	666000	645250	640000	
653250	651500	652000	656500	666500	
664000	664750	661000	658500	648250	
664000	671000	657750	681000	662750	
671000	650250	645250	652000	645250	
647000	637000	656500	652750	666500	
659000	653250	658500	647000	659750	
655750	674750	642500	655250	676750	
672250	664000	660250	645250	656500	
664000	646500	645250	634500	657750	
672250	652000	647000	669000	667250	
674750	649000	654000	659750	659750	
671500	668500	641250	655250	649500	
658500	658500	667750	650250	666000	
661000	673500	666500	655750	688000	
662250	652000	655750	691250	650750	
666000	647000	661000	662250	635750	
658500	659000	661000	660250	664750	
662750	657750	651500	680500	676750	
651500	657750	663500	652750	652750	
669750	645750	660250	650250	666500	
661500	659750	667750	666000	669000	
645250	657000	640000	657750	658500	
656500	669000	661000	656500	661000	
654500	655250	649000	655250	636250	
662250	667750	659000	666500	637000	
662250	653250	642500	646500	671000	
679250	649500	637500	661500	665250	
664750	667250	659000	643250	650250	
644500	665250	652000	652750	655750	
644500	659000	643250	652000	679750	
662250	655250	646500	662250	650250	
645750	644500	657750	666000	656500	
637000	654500	671000	650250	651500	
639500	655250	655750	665250	652750	
628250	655750	655250	658500	655750	
676000	662750	664750	650750	655250	
646500	653250	657750	666500	650750	
647000	643250	636250	665250	654500	
662250	660250	657750	633750	645250	
650250	657750	665250	646500	660250	
645250	647750	647000	645250	669000	
645750	660250	649000	669750	649000	
648250	657750	645750	656500	657000	
666000	652750	651500	652000	649000	
656500	655250	646500	666000	655250	
666500	662750	650750	651500	659750	
642500	662750	655750	666000	638250	
651500	655250	659000	659750	647000	
631250	657750	658500	663500	640750	
647000	642500	667250	652750	645250	
642000	641250	632500	658500	642000	
649000	674250	659000	654000	657750	
657000	640000	637000	643250	669750	
648250	642500	655250	638750	647750	
647000	659000	664750	662750	638750	
657000	654500	660250	652750	634500	
677250	653250	647000	659750	655250	
655750	650250	643250	654000	640750	
623750	651500	646500	661000	654000	
648250	664750	630750	651500	661000	
663500	649500	657750	652750	657000	
633250	669000	654500	639500	664000	
650250	654000	628750	644500	644000	
650750	654500	635750	646500	633250	
644000	662250	641250	654500	640000	
659000	657000	654000	645250	647000	
652750	637000	642000	663500	643250	
670250	659750	634500	647000	657000	
651500	664750	652750	658500	657750	
652000	662250	654500	638250	660250	
662250	642000	649500	645250	653250	
637500	664750	658500	659000	656500	
649000	666000	648250	643250	659750	
647000	648250	662750	662750	628750	
654500	652000	649500	644000	660250	
658500	650750	644500	635000	642500	
669000	649500	621250	648250	653250	
652000	662750	660250	644000	657000	
645750	656500	642500	659000	637000	
666000	650750	648250	640750	665250	
656500	654000	655750	633750	649000	
645750	666000	648250	664000	638750	
649500	642500	646500	661000	650750	
657750	634500	659000	658500	649500	
646500	659000	655250	646500	660250	
659750	672250	651500	643250	645750	
655250	636250	651500	672250	645750	
658500	644000	634500	642500	651500	
641250	647000	655750	645250	629500	
658500	642000	661500	652000	642500	
637000	659750	650750	669000	660250	
640000	637000	657000	639500	638750	
650250	634500	649500	662750	650750	
661000	644500	659000	647750	653250	
651500	630750	638250	642000	652750	
662250	638250	645250	664750	657750	
645250	669750	655750	639500	648250	
637500	652000	655750	638750	655250	
638750	650750	628250	684250	662750	
657000	652750	650250	632000	655250	
647000	655250	670250	643250	660250	
647750	640750	665250	662250	659000	
651500	650750	651500	644500	656500	
647000	662750	659000	642000	633750	
648250	666500	635000	654500	646500	
648250	656500	650250	645250	631250	
660250	647750	644000	657000	653250	
637000	650250	629500	657000	649500	
637000	646500	632000	648250	653250	
647750	632000	642500	628250	625500	
644000	649500	650250	644000	650750	
644000	636250	647000	652000	649000	
643250	674250	638250	648250	648250	
648250	634500	643250	650250	636250	
651500	644500	664000	642500	628750	
623000	649500	657750	640750	646500	
655750	640750	658500	649500	645750	
657750	640750	650250	647750	633750	
644000	644500	635000	670250	634500	
648250	633250	654500	649000	634500	
638750	657000	649000	638750	662250	
657750	645250	644000	642000	644000	
650250	657750	654000	637500	639500	
645750	654500	646500	641250	648250	
646500	644000	658500	639500	638250	
644500	626750	638250	640750	643250	
664000	640000	647000	642000	639500	
647750	640000	640750	640000	614250	
650250	654500	652000	639500	647750	
650750	648250	655250	654500	631250	
638250	644500	637500	633750	652750	
649500	645250	628250	625500	649500	
644000	640000	635000	633750	655750	
651500	647000	629500	630750	637500	
664000	638750	628750	639500	637000	
650250	644500	664000	645750	637500	
634500	654000	646500	632500	652000	
637000	636250	636250	644500	650250	
634500	648250	632000	645250	640000	
633250	633250	658500	642000	624250	
630000	634500	649500	636250	649000	
626750	624250	638250	631250	648250	
625500	625500	630750	643250	646500	
635750	647750	635750	647750	638750	
649000	644000	628750	638250	644500	
645250	662250	639500	637000	635750	
630750	640750	652750	619250	632500	
627500	652750	632500	636250	638250	
637500	645250	618750	633750	635750	
635750	643250	659750	657750	635750	
627500	629500	635750	655750	633750	
642500	626250	640000	654500	641250	
636250	657750	623750	648250	652750	
630000	650250	633250	648250	632500	
632500	638750	629500	654000	630000	
650250	637000	640000	640000	649500	
631250	620500	620000	628250	634500	
645750	635000	645750	645250	638750	
623750	649000	636250	654000	665250	
641250	632000	637000	632000	635000	
645250	633250	654000	633750	642000	
645750	630000	657750	645250	644500	
642500	646500	656500	644000	648250	
644500	638250	653250	633250	649000	
642000	626750	639500	620500	651500	
626250	637500	635750	650750	639500	
644000	608500	637500	635000	638250	
641250	650750	628250	643250	632500	
632000	636250	644000	642500	653250	
640750	623000	635750	640000	671000	
652000	617500	649000	636250	626750	
637000	657000	645250	635000	628750	
637000	635000	638750	630000	647750	
647000	640750	653250	633750	630000	
627500	633750	633750	636250	631250	
614250	635000	644500	629500	630750	
626750	637000	627500	649000	633250	
648250	645250	633250	638750	640000	
633250	654000	626250	634500	645250	
628750	635750	643250	628250	645750	
643250	644000	630750	628250	632500	
654500	640750	635000	635750	632500	
644000	638750	652750	638250	641250	
640000	635750	645750	640750	645250	
643250	636250	633750	608500	646500	
660250	644500	645250	652750	631250	
638250	635000	657750	626250	633750	
643250	628250	650250	642500	630750	
633750	642500	638750	626250	637500	
638750	620500	643250	629500	638250	
649000	630750	637500	649000	623000	
630000	632500	646500	644500	626750	
656500	623750	642500	637500	637500	
647000	633750	635750	644500	625000	
643250	623750	637500	642000	656500	
642000	626250	642500	639500	630000	
655250	641250	633250	615500	652000	
632000	632000	636250	635000	628750	
637000	640750	638750	644500	646500	
638750	623000	650250	642000	635750	
640750	630750	644000	637000	644000	
638750	623000	638750	642500	634500	
639500	635750	647000	620000	629500	
643250	642500	650750	610500	642000	
639500	635000	644000	626750	652750	
631250	635000	637000	626750	642000	
635750	647750	625500	635000	633250	
630750	638750	642000	621250	647000	
621250	644000	633750	645250	643250	
626750	642500	635750	635750	632500	
633250	625000	635750	638250	643250	
632500	628750	628750	618750	642500	
632500	639500	639500	633250	626750	
635750	647000	652000	646500	637500	
644500	625000	628750	645250	608500	
628750	617500	621250	644000	631250	
633750	625500	608000	621750	631250	
626250	629500	621750	620000	634500	
655250	624250	637000	628250	645250	
625500	628750	623000	622500	659750	
644500	637500	623000	644500	638250	
635750	642500	641250	643250	638250	
623000	635750	629500	632500	637000	
631250	644500	616750	635000	649000	
644000	654500	640000	640000	638250	
616750	631250	635000	630750	631250	
626250	654000	644500	645250	635000	
654000	644000	647000	625000	634500	
652000	649500	639500	628750	638250	
635750	628250	636250	626250	642500	
629500	645750	626250	652750	630750	
640750	642000	629500	616250	623750	
644500	643250	633250	640000	635750	
645750	634500	662250	648250	646500	
617500	630000	635750	634500	650250	
626750	630000	635750	632500	644000	
645250	645750	632000	623000	650750	
623000	657750	633750	632500	641250	
632500	650750	635750	651500	623000	
633750	620000	636250	624250	631250	
628250	632500	641250	625000	633250	
637500	637500	632000	645250	621250	
644000	640000	640750	637500	633250	
646500	640000	636250	619250	636250	
626750	652750	635750	649500	637000	
626750	652750	635750	649500	637000	
626750	652750	635750	649500	637000	
