4250	4250	4250	4250	4250	
7.13825e+06	7.13825e+06	7.13825e+06	7.13825e+06	7.13825e+06	
543000	524750	528500	520250	523500	
522250	535500	504500	512750	516500	
517750	518500	517750	524750	508500	
512250	507750	517250	503250	502000	
520250	509000	512750	524750	510250	
518500	511000	524250	504500	507750	
504000	509750	528000	517250	511500	
516000	511000	518500	517750	517250	
511500	502000	515250	524750	534250	
522250	512750	533500	523000	536250	
540000	533500	525500	550500	536250	
548000	528000	541250	540500	544250	
546250	543750	540000	543750	531750	
544250	553250	541250	538000	541750	
539250	550000	545000	547500	533500	
545500	537500	555000	558750	558750	
565000	558750	543750	551250	558250	
562500	541250	555750	566250	558250	
554500	577750	551250	563750	567000	
580750	577000	575750	570750	592750	
572750	565750	577000	596500	579000	
645250	659750	658500	648250	657000	
844250	810750	826000	833500	812250	
862000	836750	837250	841000	829250	
867500	859500	850000	847500	846750	
844250	861250	840500	846250	838500	
867000	845000	844250	836750	865000	
858250	841000	837250	856250	825250	
845500	877000	864500	865000	855500	
868250	874500	868250	849250	869500	
902250	900250	902750	911750	895250	
908500	937500	936250	892250	940000	
928000	944500	959000	931750	915500	
923000	909750	911000	940000	909250	
923000	903500	940750	913500	920000	
921250	921250	916000	916750	912250	
928000	914750	913000	899750	909750	
903500	920500	924250	896500	882000	
948750	928750	942000	946250	920500	
959000	958250	972750	943250	951500	
973500	974750	973500	977250	965250	
975250	990500	986750	984250	967750	
989750	1.00425e+06	1.00625e+06	1.01e+06	971500	
1.0025e+06	993500	983500	996250	998000	
971000	977750	971500	989250	972250	
974000	976000	974000	1e+06	980500	
981750	990500	964750	997500	975250	
964750	977250	961500	964750	943250	
944500	928750	941250	932500	921250	
920000	920000	919250	940750	935750	
925500	922500	940750	915500	959000	
925500	880750	920500	916750	908500	
897750	910500	906750	891500	930000	
926750	914250	943250	933750	923000	
965250	975250	977250	947500	986750	
1.022e+06	1.0345e+06	1.01825e+06	1.03075e+06	1.01875e+06	
1.02575e+06	1.054e+06	1.03825e+06	1.01125e+06	1.04275e+06	
1.01825e+06	1.04975e+06	1.04025e+06	1.04025e+06	1.027e+06	
969750	1.03525e+06	1.02075e+06	1.0075e+06	1.003e+06	
1.003e+06	985500	996250	989250	994750	
987250	1.0025e+06	1.00425e+06	1.00925e+06	1.0195e+06	
1.003e+06	996750	1.017e+06	989250	981000	
1.02075e+06	1.0365e+06	1.00875e+06	1.04525e+06	1.0225e+06	
1.06425e+06	1.044e+06	1.037e+06	1.0705e+06	1.05225e+06	
1.0775e+06	1.0585e+06	1.1e+06	1.06425e+06	1.0605e+06	
1.06425e+06	1.02125e+06	1.068e+06	1.06675e+06	1.04525e+06	
1.08e+06	1.04525e+06	1.0705e+06	1.0655e+06	1.0585e+06	
1.11025e+06	1.07625e+06	1.07625e+06	1.09825e+06	1.06925e+06	
1.0825e+06	1.09e+06	1.0945e+06	1.107e+06	1.083e+06	
1.08425e+06	1.08625e+06	1.09825e+06	1.0775e+06	1.07925e+06	
1.148e+06	1.119e+06	1.131e+06	1.109e+06	1.1145e+06	
1.18275e+06	1.17875e+06	1.1865e+06	1.14725e+06	1.148e+06	
1.19775e+06	1.2325e+06	1.21225e+06	1.19525e+06	1.21475e+06	
1.24325e+06	1.21675e+06	1.25e+06	1.19725e+06	1.21175e+06	
1.24125e+06	1.206e+06	1.2015e+06	1.2105e+06	1.2085e+06	
1.2355e+06	1.21225e+06	1.199e+06	1.21725e+06	1.20225e+06	
1.17075e+06	1.19525e+06	1.2255e+06	1.21975e+06	1.1965e+06	
1.192e+06	1.20225e+06	1.20725e+06	1.1745e+06	1.18575e+06	
1.19475e+06	1.19025e+06	1.17075e+06	1.1845e+06	1.18775e+06	
1.189e+06	1.19025e+06	1.1815e+06	1.20475e+06	1.2065e+06	
1.24875e+06	1.1985e+06	1.16375e+06	1.225e+06	1.221e+06	
1.23925e+06	1.23125e+06	1.25375e+06	1.255e+06	1.23675e+06	
1.26525e+06	1.279e+06	1.30175e+06	1.2815e+06	1.262e+06	
1.26525e+06	1.2715e+06	1.2985e+06	1.2565e+06	1.2615e+06	
1.23925e+06	1.23875e+06	1.257e+06	1.23625e+06	1.242e+06	
1.228e+06	1.2355e+06	1.23925e+06	1.22625e+06	1.22925e+06	
1.25325e+06	1.25575e+06	1.23675e+06	1.2525e+06	1.24825e+06	
1.284e+06	1.27975e+06	1.24575e+06	1.25575e+06	1.2595e+06	
1.23e+06	1.25325e+06	1.25125e+06	1.23425e+06	1.2105e+06	
1.199e+06	1.189e+06	1.19775e+06	1.1675e+06	1.1625e+06	
1.21475e+06	1.14675e+06	1.175e+06	1.15875e+06	1.1965e+06	
1.19475e+06	1.19975e+06	1.1965e+06	1.19075e+06	1.221e+06	
1.16625e+06	1.146e+06	1.14675e+06	1.15425e+06	1.15375e+06	
1.14175e+06	1.11775e+06	1.11975e+06	1.11325e+06	1.11025e+06	
1.15375e+06	1.136e+06	1.13425e+06	1.13675e+06	1.1e+06	
1.15675e+06	1.1695e+06	1.13425e+06	1.15625e+06	1.155e+06	
1.14425e+06	1.1605e+06	1.16625e+06	1.15375e+06	1.126e+06	
1.21675e+06	1.189e+06	1.192e+06	1.18325e+06	1.17625e+06	
1.27775e+06	1.26075e+06	1.269e+06	1.242e+06	1.2545e+06	
1.2885e+06	1.276e+06	1.27275e+06	1.2665e+06	1.28975e+06	
1.279e+06	1.284e+06	1.284e+06	1.267e+06	1.25375e+06	
1.3245e+06	1.33e+06	1.30875e+06	1.3225e+06	1.29725e+06	
1.3415e+06	1.31375e+06	1.31825e+06	1.3225e+06	1.3225e+06	
1.3685e+06	1.37875e+06	1.3655e+06	1.3805e+06	1.359e+06	
1.4215e+06	1.419e+06	1.42775e+06	1.4675e+06	1.436e+06	
1.455e+06	1.4435e+06	1.46e+06	1.44975e+06	1.4285e+06	
1.431e+06	1.42075e+06	1.3975e+06	1.42975e+06	1.41325e+06	
1.347e+06	1.3735e+06	1.337e+06	1.3655e+06	1.33525e+06	
1.31425e+06	1.32075e+06	1.30875e+06	1.30875e+06	1.32075e+06	
1.34975e+06	1.3295e+06	1.3415e+06	1.33075e+06	1.33e+06	
1.39e+06	1.373e+06	1.385e+06	1.36225e+06	1.36925e+06	
1.44225e+06	1.4045e+06	1.397e+06	1.41775e+06	1.40575e+06	
1.48e+06	1.44675e+06	1.45625e+06	1.44475e+06	1.41075e+06	
1.40325e+06	1.4e+06	1.39e+06	1.37725e+06	1.38125e+06	
1.34775e+06	1.35025e+06	1.34975e+06	1.337e+06	1.32125e+06	
1.28475e+06	1.2985e+06	1.27975e+06	1.28475e+06	1.29425e+06	
1.24e+06	1.24e+06	1.225e+06	1.20525e+06	1.21425e+06	
1.20975e+06	1.182e+06	1.1815e+06	1.15425e+06	1.17e+06	
1.17625e+06	1.15625e+06	1.17e+06	1.15125e+06	1.148e+06	
1.17625e+06	1.1435e+06	1.16875e+06	1.1675e+06	1.16825e+06	
1.21675e+06	1.22875e+06	1.2355e+06	1.22925e+06	1.1775e+06	
1.332e+06	1.32075e+06	1.28525e+06	1.259e+06	1.257e+06	
1.42275e+06	1.4025e+06	1.402e+06	1.43775e+06	1.395e+06	
1.44725e+06	1.45225e+06	1.44675e+06	1.41825e+06	1.42075e+06	
1.47125e+06	1.4335e+06	1.4335e+06	1.43525e+06	1.46375e+06	
1.4145e+06	1.45225e+06	1.4605e+06	1.451e+06	1.439e+06	
1.4195e+06	1.429e+06	1.44425e+06	1.43475e+06	1.4435e+06	
1.4915e+06	1.49025e+06	1.4655e+06	1.485e+06	1.47375e+06	
1.50975e+06	1.50475e+06	1.48575e+06	1.4825e+06	1.485e+06	
1.475e+06	1.4915e+06	1.46875e+06	1.4775e+06	1.489e+06	
1.492e+06	1.50225e+06	1.504e+06	1.46375e+06	1.4845e+06	
1.501e+06	1.54125e+06	1.4895e+06	1.54375e+06	1.4915e+06	
1.5015e+06	1.46675e+06	1.489e+06	1.4555e+06	1.51525e+06	
1.52975e+06	1.5185e+06	1.5065e+06	1.52975e+06	1.51225e+06	
1.593e+06	1.61375e+06	1.57075e+06	1.5815e+06	1.60725e+06	
1.705e+06	1.7025e+06	1.66775e+06	1.72575e+06	1.67225e+06	
1.81275e+06	1.74975e+06	1.76425e+06	1.7585e+06	1.75725e+06	
1.80275e+06	1.78325e+06	1.76125e+06	1.79e+06	1.79075e+06	
1.82225e+06	1.79275e+06	1.7875e+06	1.76425e+06	1.7995e+06	
1.89525e+06	1.8625e+06	1.85375e+06	1.81525e+06	1.877e+06	
1.94775e+06	1.911e+06	1.93875e+06	1.90725e+06	1.89975e+06	
1.9005e+06	1.9005e+06	1.89275e+06	1.8745e+06	1.8915e+06	
1.777e+06	1.79275e+06	1.80775e+06	1.7945e+06	1.78125e+06	
1.67225e+06	1.676e+06	1.66225e+06	1.66725e+06	1.69e+06	
1.49325e+06	1.48825e+06	1.485e+06	1.45675e+06	1.4435e+06	
1.2785e+06	1.32825e+06	1.279e+06	1.3025e+06	1.2885e+06	
1.284e+06	1.26275e+06	1.28025e+06	1.2695e+06	1.2645e+06	
1.38875e+06	1.40125e+06	1.40625e+06	1.36725e+06	1.3565e+06	
1.62e+06	1.60425e+06	1.58475e+06	1.56325e+06	1.62e+06	
1.794e+06	1.79775e+06	1.8085e+06	1.76425e+06	1.799e+06	
1.96225e+06	1.942e+06	1.925e+06	1.93125e+06	1.9295e+06	
2.02575e+06	1.99125e+06	1.99625e+06	1.993e+06	1.9805e+06	
1.9685e+06	1.90925e+06	1.9495e+06	1.9565e+06	1.9685e+06	
1.74975e+06	1.74725e+06	1.75975e+06	1.77175e+06	1.74975e+06	
1.56325e+06	1.56525e+06	1.52675e+06	1.57025e+06	1.55325e+06	
1.436e+06	1.422e+06	1.441e+06	1.39625e+06	1.426e+06	
1.55825e+06	1.57525e+06	1.55875e+06	1.59475e+06	1.53925e+06	
1.889e+06	1.8405e+06	1.8165e+06	1.83875e+06	1.81725e+06	
2.179e+06	2.145e+06	2.1045e+06	2.11725e+06	2.17125e+06	
2.3755e+06	2.3315e+06	2.337e+06	2.32625e+06	2.3075e+06	
2.4455e+06	2.47e+06	2.448e+06	2.4625e+06	2.41525e+06	
2.58975e+06	2.5445e+06	2.52875e+06	2.4985e+06	2.58925e+06	
2.59175e+06	2.5155e+06	2.569e+06	2.55625e+06	2.59975e+06	
2.618e+06	2.6175e+06	2.61e+06	2.601e+06	2.627e+06	
2.676e+06	2.6325e+06	2.634e+06	2.615e+06	2.62075e+06	
2.678e+06	2.70575e+06	2.649e+06	2.65775e+06	2.66275e+06	
2.74025e+06	2.71275e+06	2.75875e+06	2.7145e+06	2.71825e+06	
2.8545e+06	2.84175e+06	2.8405e+06	2.79525e+06	2.78325e+06	
2.8525e+06	2.80725e+06	2.85625e+06	2.83175e+06	2.83675e+06	
2.889e+06	2.9295e+06	2.8745e+06	2.91675e+06	2.869e+06	
2.99e+06	3.005e+06	2.978e+06	3.005e+06	2.89425e+06	
2.9375e+06	2.92e+06	2.89925e+06	2.87575e+06	2.93575e+06	
2.85125e+06	2.83625e+06	2.838e+06	2.8355e+06	2.87575e+06	
2.855e+06	2.85125e+06	2.93625e+06	2.85625e+06	2.82725e+06	
2.9085e+06	2.93875e+06	2.92825e+06	2.88975e+06	2.92875e+06	
2.92375e+06	2.944e+06	2.91175e+06	2.90475e+06	2.8885e+06	
2.8915e+06	2.92575e+06	2.843e+06	2.891e+06	2.91675e+06	
2.9665e+06	2.91625e+06	2.89975e+06	2.88475e+06	2.896e+06	
2.9635e+06	2.95275e+06	2.949e+06	2.944e+06	2.9545e+06	
2.97175e+06	2.94025e+06	2.898e+06	2.90925e+06	2.862e+06	
2.915e+06	2.8745e+06	2.84825e+06	2.845e+06	2.90725e+06	
2.944e+06	2.898e+06	2.881e+06	2.85825e+06	2.89725e+06	
2.906e+06	2.94275e+06	2.8915e+06	2.952e+06	2.877e+06	
3.024e+06	3.02275e+06	2.9955e+06	2.96775e+06	3.0045e+06	
3.0145e+06	3.0265e+06	3.06175e+06	2.993e+06	2.971e+06	
3.111e+06	3.08575e+06	3.09525e+06	3.06175e+06	3.07675e+06	
3.2325e+06	3.165e+06	3.21475e+06	3.11525e+06	3.16625e+06	
3.35475e+06	3.27725e+06	3.31325e+06	3.27675e+06	3.23825e+06	
3.38575e+06	3.34225e+06	3.324e+06	3.25075e+06	3.30175e+06	
3.2425e+06	3.1625e+06	3.19525e+06	3.1965e+06	3.21925e+06	
3.061e+06	3.02325e+06	3.02075e+06	3.0165e+06	3.00875e+06	
3.024e+06	3.034e+06	2.9735e+06	3.036e+06	2.99175e+06	
3.0875e+06	3.05725e+06	3.03025e+06	3.109e+06	3.082e+06	
3.33325e+06	3.278e+06	3.228e+06	3.237e+06	3.24e+06	
3.42225e+06	3.412e+06	3.3555e+06	3.43175e+06	3.351e+06	
3.4915e+06	3.43475e+06	3.4335e+06	3.4045e+06	3.416e+06	
3.52675e+06	3.53675e+06	3.51675e+06	3.53175e+06	3.48825e+06	
3.4895e+06	3.49975e+06	3.50225e+06	3.4435e+06	3.4575e+06	
3.4915e+06	3.47125e+06	3.407e+06	3.4265e+06	3.368e+06	
3.41475e+06	3.407e+06	3.38375e+06	3.37425e+06	3.38175e+06	
3.53375e+06	3.53675e+06	3.49975e+06	3.504e+06	3.49975e+06	
3.62575e+06	3.56525e+06	3.554e+06	3.64075e+06	3.58425e+06	
3.5445e+06	3.52425e+06	3.504e+06	3.4795e+06	3.5015e+06	
3.554e+06	3.525e+06	3.576e+06	3.533e+06	3.47575e+06	
3.5735e+06	3.49775e+06	3.5015e+06	3.48775e+06	3.518e+06	
3.62325e+06	3.53375e+06	3.542e+06	3.50475e+06	3.5645e+06	
3.5935e+06	3.6315e+06	3.59925e+06	3.63775e+06	3.57275e+06	
3.787e+06	3.79325e+06	3.73925e+06	3.7235e+06	3.7215e+06	
3.7795e+06	3.70075e+06	3.73725e+06	3.76375e+06	3.7315e+06	
3.66925e+06	3.6275e+06	3.6105e+06	3.6125e+06	3.5935e+06	
3.62625e+06	3.62325e+06	3.60175e+06	3.55825e+06	3.5665e+06	
3.629e+06	3.576e+06	3.5905e+06	3.5225e+06	3.523e+06	
3.64525e+06	3.579e+06	3.6365e+06	3.59925e+06	3.61625e+06	
3.6275e+06	3.65225e+06	3.5885e+06	3.64075e+06	3.55825e+06	
3.7235e+06	3.627e+06	3.6605e+06	3.68e+06	3.65025e+06	
3.74225e+06	3.7195e+06	3.64075e+06	3.70325e+06	3.70375e+06	
3.72225e+06	3.73475e+06	3.6755e+06	3.68925e+06	3.71825e+06	
3.7315e+06	3.72025e+06	3.72975e+06	3.646e+06	3.63025e+06	
3.7985e+06	3.7605e+06	3.84175e+06	3.7525e+06	3.77875e+06	
3.918e+06	3.88025e+06	3.78575e+06	3.864e+06	3.8525e+06	
3.99425e+06	3.95025e+06	3.91e+06	3.99875e+06	3.92875e+06	
4.08125e+06	4.06375e+06	4.005e+06	4.07125e+06	4.01775e+06	
4.031e+06	4.02025e+06	3.98175e+06	3.97675e+06	4.00125e+06	
3.91675e+06	3.82875e+06	3.8865e+06	3.86575e+06	3.835e+06	
3.88225e+06	3.81425e+06	3.7405e+06	3.81725e+06	3.75625e+06	
3.7675e+06	3.811e+06	3.75425e+06	3.731e+06	3.71325e+06	
3.76175e+06	3.7795e+06	3.76425e+06	3.70125e+06	3.685e+06	
3.91175e+06	3.88275e+06	3.84575e+06	3.838e+06	3.828e+06	
4.01e+06	4.024e+06	3.9875e+06	3.9705e+06	3.9125e+06	
4.0315e+06	3.995e+06	3.995e+06	3.96525e+06	4.00875e+06	
4.0725e+06	4.01125e+06	4.0535e+06	3.96225e+06	4.02525e+06	
4.05475e+06	3.968e+06	4.01325e+06	4.0095e+06	3.99125e+06	
4.0165e+06	3.90225e+06	3.94525e+06	3.9275e+06	3.91e+06	
4.05925e+06	3.988e+06	3.956e+06	4.01775e+06	3.94825e+06	
4.041e+06	4.11225e+06	4.12225e+06	4.01125e+06	4.04725e+06	
4.051e+06	3.9805e+06	3.9925e+06	4.039e+06	4.03525e+06	
3.9955e+06	4.01525e+06	4.0075e+06	4.02075e+06	3.9805e+06	
3.9705e+06	3.91425e+06	3.908e+06	3.93075e+06	3.87775e+06	
3.96275e+06	3.90425e+06	3.89725e+06	3.86025e+06	3.9325e+06	
4.0455e+06	4.05725e+06	3.988e+06	4.00575e+06	3.98675e+06	
4.1135e+06	4.0605e+06	4.03025e+06	4.114e+06	4.02025e+06	
4.0365e+06	4.039e+06	3.9735e+06	4.0505e+06	3.96225e+06	
3.9635e+06	3.94825e+06	3.88475e+06	3.84825e+06	3.905e+06	
3.724e+06	3.75675e+06	3.767e+06	3.71325e+06	3.70125e+06	
3.54875e+06	3.57725e+06	3.53625e+06	3.4935e+06	3.518e+06	
3.322e+06	3.26275e+06	3.2955e+06	3.25775e+06	3.25775e+06	
3.228e+06	3.218e+06	3.19775e+06	3.2035e+06	3.1595e+06	
3.33025e+06	3.387e+06	3.3005e+06	3.2975e+06	3.24375e+06	
3.77375e+06	3.77375e+06	3.70325e+06	3.74175e+06	3.70325e+06	
4.208e+06	4.174e+06	4.16375e+06	4.17525e+06	4.06875e+06	
4.4385e+06	4.3485e+06	4.409e+06	4.34975e+06	4.39775e+06	
4.36225e+06	4.37875e+06	4.38875e+06	4.315e+06	4.235e+06	
4.46125e+06	4.33725e+06	4.3335e+06	4.33775e+06	4.3505e+06	
4.52925e+06	4.479e+06	4.43475e+06	4.4215e+06	4.46625e+06	
4.52375e+06	4.3895e+06	4.4525e+06	4.443e+06	4.353e+06	
4.271e+06	4.21425e+06	4.194e+06	4.1885e+06	4.19975e+06	
4.26775e+06	4.22425e+06	4.2495e+06	4.135e+06	4.2055e+06	
4.411e+06	4.41525e+06	4.36925e+06	4.45625e+06	4.329e+06	
4.52925e+06	4.60875e+06	4.5375e+06	4.47775e+06	4.4715e+06	
4.65475e+06	4.63825e+06	4.5665e+06	4.60675e+06	4.60375e+06	
4.8085e+06	4.6895e+06	4.77e+06	4.65475e+06	4.6895e+06	
5.03725e+06	4.99575e+06	4.9315e+06	4.94725e+06	4.86775e+06	
4.9565e+06	4.95975e+06	4.93075e+06	4.94025e+06	4.88275e+06	
5.05875e+06	4.98625e+06	4.94775e+06	4.98375e+06	4.92375e+06	
4.87025e+06	4.9995e+06	4.927e+06	4.9055e+06	4.898e+06	
4.88275e+06	4.8375e+06	4.8955e+06	4.78825e+06	4.81725e+06	
4.709e+06	4.69325e+06	4.67125e+06	4.632e+06	4.58975e+06	
4.62075e+06	4.52625e+06	4.5345e+06	4.47775e+06	4.50175e+06	
4.42475e+06	4.465e+06	4.4475e+06	4.407e+06	4.385e+06	
4.707e+06	4.7065e+06	4.646e+06	4.581e+06	4.5975e+06	
4.881e+06	4.89475e+06	4.799e+06	4.806e+06	4.8015e+06	
4.97425e+06	4.8545e+06	4.93775e+06	4.85e+06	4.93525e+06	
4.9365e+06	4.92825e+06	4.89225e+06	4.913e+06	4.83675e+06	
4.93825e+06	4.821e+06	4.8715e+06	4.787e+06	4.78075e+06	
5.05675e+06	5.0335e+06	4.949e+06	4.971e+06	4.91875e+06	
5.26975e+06	5.15325e+06	5.17725e+06	5.18525e+06	5.172e+06	
5.43875e+06	5.341e+06	5.36875e+06	5.3335e+06	5.34475e+06	
5.34675e+06	5.37375e+06	5.35225e+06	5.31075e+06	5.312e+06	
5.501e+06	5.52425e+06	5.523e+06	5.42175e+06	5.52825e+06	
5.578e+06	5.438e+06	5.5295e+06	5.4745e+06	5.40725e+06	
5.508e+06	5.54075e+06	5.41275e+06	5.4355e+06	5.47575e+06	
5.48025e+06	5.35225e+06	5.4065e+06	5.327e+06	5.416e+06	
5.515e+06	5.48075e+06	5.46375e+06	5.53e+06	5.44125e+06	
5.566e+06	5.4575e+06	5.50225e+06	5.47575e+06	5.4255e+06	
5.66475e+06	5.6265e+06	5.53825e+06	5.60575e+06	5.57275e+06	
5.6965e+06	5.60575e+06	5.60625e+06	5.52825e+06	5.557e+06	
5.5805e+06	5.4575e+06	5.5565e+06	5.49275e+06	5.56975e+06	
5.4595e+06	5.41725e+06	5.368e+06	5.3485e+06	5.31525e+06	
5.3625e+06	5.2995e+06	5.23125e+06	5.266e+06	5.256e+06	
5.426e+06	5.45325e+06	5.48725e+06	5.3385e+06	5.3675e+06	
5.60575e+06	5.53e+06	5.55275e+06	5.45325e+06	5.503e+06	
5.67625e+06	5.6775e+06	5.5975e+06	5.58675e+06	5.6505e+06	
5.81475e+06	5.79725e+06	5.83175e+06	5.7555e+06	5.76875e+06	
5.93775e+06	5.8735e+06	5.84825e+06	5.845e+06	5.86275e+06	
5.94025e+06	5.75625e+06	5.854e+06	5.86275e+06	5.7815e+06	
5.9435e+06	5.908e+06	5.80725e+06	5.8055e+06	5.893e+06	
5.8955e+06	5.8545e+06	5.80025e+06	5.789e+06	5.7475e+06	
5.9295e+06	5.92325e+06	5.88725e+06	5.82425e+06	5.8395e+06	
6.181e+06	5.9485e+06	5.9535e+06	5.9195e+06	5.9195e+06	
5.99825e+06	6.031e+06	5.9175e+06	5.9245e+06	5.958e+06	
6.21425e+06	6.1665e+06	6.14375e+06	6.20675e+06	6.14375e+06	
6.3995e+06	6.26425e+06	6.29875e+06	6.25525e+06	6.24575e+06	
6.29825e+06	6.19425e+06	6.23e+06	6.2515e+06	6.19725e+06	
6.21825e+06	6.20425e+06	6.14375e+06	6.0525e+06	6.08775e+06	
6.30325e+06	6.24525e+06	6.18975e+06	6.142e+06	6.2415e+06	
6.041e+06	6.00075e+06	6.03475e+06	5.9805e+06	5.9125e+06	
5.98375e+06	5.93575e+06	5.83125e+06	5.85325e+06	5.86525e+06	
5.74875e+06	5.77e+06	5.6845e+06	5.7455e+06	5.731e+06	
5.89425e+06	5.82675e+06	5.85575e+06	5.75175e+06	5.76075e+06	
5.92125e+06	5.83175e+06	5.90625e+06	5.8495e+06	5.777e+06	
6.1305e+06	5.9945e+06	5.99625e+06	5.95025e+06	6.007e+06	
6.11725e+06	6.03925e+06	5.997e+06	6.02775e+06	5.9725e+06	
6.0385e+06	6.00775e+06	6.004e+06	5.987e+06	5.97175e+06	
6.0525e+06	5.9805e+06	5.96975e+06	5.971e+06	5.934e+06	
6.145e+06	6.191e+06	6.05925e+06	6.176e+06	6.14125e+06	
6.16275e+06	6.1085e+06	6.14625e+06	6.15825e+06	6.1035e+06	
6.28625e+06	6.242e+06	6.1665e+06	6.128e+06	6.19475e+06	
6.38125e+06	6.2755e+06	6.16525e+06	6.24575e+06	6.2155e+06	
6.3365e+06	6.22125e+06	6.225e+06	6.2535e+06	6.19675e+06	
6.484e+06	6.387e+06	6.489e+06	6.40975e+06	6.394e+06	
6.416e+06	6.31575e+06	6.31575e+06	6.2735e+06	6.26925e+06	
6.2635e+06	6.152e+06	6.133e+06	6.232e+06	6.1735e+06	
6.3285e+06	6.26925e+06	6.14375e+06	6.20925e+06	6.14625e+06	
6.24975e+06	6.2345e+06	6.1645e+06	6.1665e+06	6.15325e+06	
6.31325e+06	6.2395e+06	6.2705e+06	6.24325e+06	6.1495e+06	
6.312e+06	6.23525e+06	6.29575e+06	6.18525e+06	6.188e+06	
6.35675e+06	6.16825e+06	6.23075e+06	6.24525e+06	6.222e+06	
6.399e+06	6.32525e+06	6.35225e+06	6.3195e+06	6.36375e+06	
6.37125e+06	6.27175e+06	6.341e+06	6.31075e+06	6.3455e+06	
6.5275e+06	6.549e+06	6.5515e+06	6.45375e+06	6.501e+06	
6.527e+06	6.4745e+06	6.4745e+06	6.42475e+06	6.39575e+06	
6.6025e+06	6.59125e+06	6.5155e+06	6.45825e+06	6.4695e+06	
6.70525e+06	6.60075e+06	6.663e+06	6.552e+06	6.6625e+06	
6.76575e+06	6.6365e+06	6.6585e+06	6.65475e+06	6.60825e+06	
6.67e+06	6.5925e+06	6.62025e+06	6.59675e+06	6.5495e+06	
6.7115e+06	6.6675e+06	6.70025e+06	6.59875e+06	6.6485e+06	
6.6585e+06	6.7335e+06	6.6555e+06	6.6265e+06	6.60575e+06	
6.6945e+06	6.5905e+06	6.6045e+06	6.48475e+06	6.61125e+06	
6.6125e+06	6.6125e+06	6.4545e+06	6.4715e+06	6.491e+06	
6.692e+06	6.559e+06	6.49975e+06	6.50425e+06	6.4885e+06	
6.467e+06	6.508e+06	6.479e+06	6.44625e+06	6.3865e+06	
6.728e+06	6.6675e+06	6.60575e+06	6.5445e+06	6.5225e+06	
6.75375e+06	6.641e+06	6.639e+06	6.56025e+06	6.55975e+06	
6.85525e+06	6.806e+06	6.75825e+06	6.71025e+06	6.7045e+06	
6.7135e+06	6.62025e+06	6.55775e+06	6.486e+06	6.5445e+06	
6.5755e+06	6.55475e+06	6.55775e+06	6.559e+06	6.55275e+06	
6.74e+06	6.7135e+06	6.57425e+06	6.58425e+06	6.6775e+06	
6.70775e+06	6.728e+06	6.7135e+06	6.78075e+06	6.7255e+06	
6.8515e+06	6.765e+06	6.90375e+06	6.69325e+06	6.6895e+06	
6.86025e+06	6.777e+06	6.75825e+06	6.75375e+06	6.73925e+06	
7.07575e+06	6.98e+06	7.014e+06	6.90625e+06	6.9295e+06	
7.14825e+06	7.009e+06	6.978e+06	6.93525e+06	6.9945e+06	
7.05625e+06	6.9805e+06	7.0505e+06	6.95025e+06	6.86225e+06	
7.10675e+06	6.98575e+06	6.9265e+06	6.932e+06	6.88475e+06	
6.99e+06	6.94475e+06	6.9415e+06	6.99125e+06	6.92325e+06	
6.84575e+06	6.83325e+06	6.80975e+06	6.7915e+06	6.76625e+06	
7.06e+06	7.0355e+06	7.06075e+06	6.91075e+06	6.88225e+06	
7.26725e+06	7.08825e+06	7.123e+06	7.08075e+06	7.02275e+06	
7.32775e+06	7.275e+06	7.23775e+06	7.1975e+06	7.193e+06	
7.568e+06	7.48975e+06	7.4985e+06	7.4665e+06	7.4815e+06	
7.62325e+06	7.59425e+06	7.44375e+06	7.43875e+06	7.50175e+06	
7.56925e+06	7.4785e+06	7.48475e+06	7.38075e+06	7.4615e+06	
7.481e+06	7.39025e+06	7.3525e+06	7.3335e+06	7.45825e+06	
7.62725e+06	7.65475e+06	7.58375e+06	7.59875e+06	7.527e+06	
7.68575e+06	7.474e+06	7.52625e+06	7.53e+06	7.39025e+06	
7.8205e+06	7.8175e+06	7.63975e+06	7.65475e+06	7.57925e+06	
7.95225e+06	8.00275e+06	7.90875e+06	7.81125e+06	7.8325e+06	
8.02425e+06	7.98375e+06	7.8565e+06	7.88225e+06	7.835e+06	
7.9625e+06	7.94975e+06	7.871e+06	7.85075e+06	7.92325e+06	
7.94475e+06	7.8615e+06	7.883e+06	7.823e+06	7.8035e+06	
8.10425e+06	7.915e+06	7.89425e+06	7.912e+06	7.8565e+06	
8.06575e+06	8.04675e+06	7.9165e+06	7.99775e+06	7.895e+06	
8.0625e+06	7.9945e+06	7.98875e+06	7.92575e+06	7.94925e+06	
8.261e+06	8.11875e+06	8.12925e+06	8.02225e+06	8.1255e+06	
8.367e+06	8.324e+06	8.38025e+06	8.3675e+06	8.23075e+06	
8.585e+06	8.6e+06	8.62025e+06	8.54075e+06	8.5345e+06	
8.66175e+06	8.467e+06	8.5175e+06	8.329e+06	8.464e+06	
8.6435e+06	8.59575e+06	8.563e+06	8.5365e+06	8.45825e+06	
8.77475e+06	8.6e+06	8.4905e+06	8.46975e+06	8.50875e+06	
8.87425e+06	8.92975e+06	8.88425e+06	8.772e+06	8.83775e+06	
8.992e+06	9.03225e+06	8.88125e+06	8.801e+06	8.83825e+06	
9.03425e+06	8.93525e+06	8.90375e+06	8.878e+06	8.9e+06	
9.2075e+06	9.06775e+06	9.14325e+06	8.9725e+06	8.9245e+06	
9.171e+06	9.08525e+06	9.159e+06	9.04625e+06	9.067e+06	
9.1375e+06	9.08975e+06	9.149e+06	9.0235e+06	9.01725e+06	
9.2965e+06	9.2675e+06	9.188e+06	9.15025e+06	9.06075e+06	
9.44325e+06	9.5265e+06	9.4225e+06	9.2175e+06	9.3425e+06	
9.5755e+06	9.2965e+06	9.4565e+06	9.3695e+06	9.333e+06	
9.585e+06	9.633e+06	9.4665e+06	9.40675e+06	9.40925e+06	
9.58825e+06	9.3915e+06	9.37325e+06	9.30325e+06	9.357e+06	
9.54775e+06	9.42e+06	9.4545e+06	9.40925e+06	9.43e+06	
9.58e+06	9.55725e+06	9.51125e+06	9.374e+06	9.35175e+06	
9.6285e+06	9.59075e+06	9.42375e+06	9.365e+06	9.445e+06	
9.5825e+06	9.4375e+06	9.4035e+06	9.36375e+06	9.35125e+06	
9.71925e+06	9.54775e+06	9.575e+06	9.655e+06	9.5655e+06	
9.65625e+06	9.5515e+06	9.476e+06	9.28575e+06	9.457e+06	
9.3795e+06	9.25475e+06	9.25975e+06	9.215e+06	9.215e+06	
8.7615e+06	8.7865e+06	8.65875e+06	8.69025e+06	8.5775e+06	
8.50125e+06	8.46525e+06	8.33725e+06	8.314e+06	8.348e+06	
8.4135e+06	8.38325e+06	8.35375e+06	8.2995e+06	8.2435e+06	
8.6895e+06	8.58675e+06	8.59325e+06	8.55975e+06	8.68575e+06	
9.1685e+06	9.15525e+06	9.0645e+06	8.963e+06	8.89875e+06	
9.47975e+06	9.3965e+06	9.47975e+06	9.19425e+06	9.27175e+06	
9.8445e+06	9.74875e+06	9.653e+06	9.68325e+06	9.65875e+06	
9.9915e+06	9.8465e+06	9.8515e+06	9.813e+06	9.7325e+06	
9.8925e+06	9.80175e+06	9.771e+06	9.65625e+06	9.77225e+06	
9.99575e+06	9.9195e+06	9.796e+06	9.7785e+06	9.745e+06	
1.0323e+07	1.0217e+07	1.0241e+07	1.01482e+07	1.0142e+07	
1.0447e+07	1.0442e+07	1.03778e+07	1.0321e+07	1.03545e+07	
1.0827e+07	1.05908e+07	1.05755e+07	1.04968e+07	1.03532e+07	
1.06095e+07	1.05755e+07	1.0408e+07	1.05675e+07	1.05158e+07	
1.0728e+07	1.06398e+07	1.06398e+07	1.0616e+07	1.0536e+07	
1.04698e+07	1.05228e+07	1.04375e+07	1.04615e+07	1.036e+07	
1.04622e+07	1.03362e+07	1.03052e+07	1.02555e+07	1.02675e+07	
1.03412e+07	1.0142e+07	1.01395e+07	1.00702e+07	1.0122e+07	
1.03065e+07	1.0137e+07	1.00772e+07	1.02025e+07	1.0043e+07	
1.04098e+07	1.03595e+07	1.03732e+07	1.03172e+07	1.02372e+07	
1.0684e+07	1.06752e+07	1.06405e+07	1.06802e+07	1.04792e+07	
1.0834e+07	1.0766e+07	1.0699e+07	1.06865e+07	1.06185e+07	
1.07698e+07	1.07092e+07	1.06095e+07	1.06052e+07	1.04872e+07	
1.09592e+07	1.08075e+07	1.07388e+07	1.0791e+07	1.0747e+07	
1.118e+07	1.09895e+07	1.10408e+07	1.09542e+07	1.08692e+07	
1.1381e+07	1.10778e+07	1.10972e+07	1.1113e+07	1.12965e+07	
1.12758e+07	1.1103e+07	1.1144e+07	1.09675e+07	1.09145e+07	
1.1246e+07	1.10948e+07	1.10312e+07	1.10218e+07	1.10142e+07	
1.12025e+07	1.11982e+07	1.11995e+07	1.103e+07	1.09865e+07	
1.127e+07	1.11912e+07	1.10905e+07	1.10538e+07	1.103e+07	
1.13375e+07	1.1098e+07	1.12448e+07	1.1103e+07	1.10785e+07	
1.13442e+07	1.1321e+07	1.1258e+07	1.10892e+07	1.11295e+07	
1.1386e+07	1.13872e+07	1.12372e+07	1.11602e+07	1.11162e+07	
1.142e+07	1.12008e+07	1.11685e+07	1.10802e+07	1.1168e+07	
1.11622e+07	1.1011e+07	1.10035e+07	1.0858e+07	1.09165e+07	
1.1113e+07	1.08648e+07	1.1059e+07	1.08182e+07	1.07652e+07	
1.11238e+07	1.09222e+07	1.08428e+07	1.0795e+07	1.0762e+07	
1.10765e+07	1.11352e+07	1.10375e+07	1.1067e+07	1.1108e+07	
1.12852e+07	1.12335e+07	1.11258e+07	1.1001e+07	1.09828e+07	
1.11868e+07	1.11188e+07	1.10408e+07	1.10985e+07	1.1108e+07	
1.1103e+07	1.11075e+07	1.10342e+07	1.08145e+07	1.08762e+07	
1.09518e+07	1.0841e+07	1.07395e+07	1.0718e+07	1.06815e+07	
1.082e+07	1.0786e+07	1.07665e+07	1.06562e+07	1.0633e+07	
1.07665e+07	1.0776e+07	1.08132e+07	1.05982e+07	1.06555e+07	
1.07552e+07	1.0745e+07	1.06845e+07	1.06442e+07	1.06152e+07	
1.0672e+07	1.06575e+07	1.06135e+07	1.05202e+07	1.05648e+07	
1.09368e+07	1.07462e+07	1.07255e+07	1.06418e+07	1.0708e+07	
1.11088e+07	1.09895e+07	1.08895e+07	1.09298e+07	1.08705e+07	
1.12575e+07	1.11535e+07	1.1093e+07	1.09235e+07	1.10105e+07	
1.12202e+07	1.12315e+07	1.11962e+07	1.09215e+07	1.0955e+07	
1.1103e+07	1.10325e+07	1.09878e+07	1.08705e+07	1.09082e+07	
1.10148e+07	1.09132e+07	1.08672e+07	1.08358e+07	1.07818e+07	
1.1209e+07	1.10222e+07	1.08282e+07	1.09795e+07	1.09422e+07	
1.12655e+07	1.1185e+07	1.1176e+07	1.1076e+07	1.0996e+07	
1.1435e+07	1.13702e+07	1.12808e+07	1.1311e+07	1.12352e+07	
1.15468e+07	1.16272e+07	1.14822e+07	1.14375e+07	1.1502e+07	
1.16815e+07	1.16545e+07	1.15612e+07	1.15125e+07	1.14288e+07	
1.18428e+07	1.16335e+07	1.16625e+07	1.15138e+07	1.15808e+07	
1.15548e+07	1.1406e+07	1.1418e+07	1.13022e+07	1.13015e+07	
1.16342e+07	1.14598e+07	1.1454e+07	1.13318e+07	1.13015e+07	
1.14245e+07	1.1364e+07	1.1197e+07	1.11718e+07	1.1316e+07	
1.13495e+07	1.1188e+07	1.1076e+07	1.1038e+07	1.1045e+07	
1.11312e+07	1.113e+07	1.11155e+07	1.1079e+07	1.10392e+07	
1.1306e+07	1.10702e+07	1.11485e+07	1.10678e+07	1.11365e+07	
1.16052e+07	1.15612e+07	1.14005e+07	1.1343e+07	1.13608e+07	
1.1686e+07	1.15498e+07	1.15265e+07	1.15178e+07	1.13205e+07	
1.15335e+07	1.15208e+07	1.14508e+07	1.13312e+07	1.14875e+07	
1.15845e+07	1.1415e+07	1.13562e+07	1.13772e+07	1.13595e+07	
1.14918e+07	1.1408e+07	1.1316e+07	1.12542e+07	1.12165e+07	
1.14445e+07	1.13392e+07	1.12858e+07	1.12605e+07	1.12455e+07	
1.15705e+07	1.15655e+07	1.14408e+07	1.13848e+07	1.13828e+07	
1.1807e+07	1.17868e+07	1.1694e+07	1.16065e+07	1.1662e+07	
1.16462e+07	1.1531e+07	1.15638e+07	1.14742e+07	1.1425e+07	
1.16438e+07	1.14308e+07	1.1522e+07	1.1345e+07	1.15518e+07	
1.1749e+07	1.16015e+07	1.15058e+07	1.13972e+07	1.13545e+07	
1.1565e+07	1.1507e+07	1.1364e+07	1.13205e+07	1.12782e+07	
1.13525e+07	1.13425e+07	1.11705e+07	1.11868e+07	1.11755e+07	
1.1478e+07	1.142e+07	1.13405e+07	1.11735e+07	1.1236e+07	
1.13292e+07	1.11572e+07	1.12442e+07	1.10578e+07	1.1108e+07	
1.1263e+07	1.1217e+07	1.10432e+07	1.0917e+07	1.09385e+07	
1.12075e+07	1.11772e+07	1.10458e+07	1.11105e+07	1.10558e+07	
1.1306e+07	1.12228e+07	1.1139e+07	1.1132e+07	1.11615e+07	
1.15108e+07	1.13745e+07	1.12932e+07	1.12152e+07	1.12612e+07	
1.14162e+07	1.12928e+07	1.12708e+07	1.1268e+07	1.11585e+07	
1.13255e+07	1.11648e+07	1.12505e+07	1.10615e+07	1.12082e+07	
1.08402e+07	1.07835e+07	1.07338e+07	1.0759e+07	1.0619e+07	
1.04735e+07	1.03235e+07	1.02902e+07	1.01142e+07	1.01665e+07	
1.019e+07	1.00575e+07	1.00615e+07	1.00235e+07	1.00222e+07	
1.03028e+07	1.02738e+07	1.00615e+07	1.01055e+07	9.96625e+06	
1.03835e+07	1.02832e+07	1.02542e+07	1.02012e+07	1.02642e+07	
1.05328e+07	1.03558e+07	1.02415e+07	1.01962e+07	1.03455e+07	
1.05598e+07	1.05328e+07	1.04308e+07	1.0273e+07	1.04118e+07	
1.0902e+07	1.0711e+07	1.06878e+07	1.04975e+07	1.0599e+07	
1.0999e+07	1.08472e+07	1.0762e+07	1.07072e+07	1.06795e+07	
1.11958e+07	1.10495e+07	1.1137e+07	1.10525e+07	1.09782e+07	
1.13645e+07	1.12372e+07	1.13715e+07	1.12265e+07	1.1105e+07	
1.13872e+07	1.1391e+07	1.1311e+07	1.12158e+07	1.12688e+07	
1.15265e+07	1.1406e+07	1.14118e+07	1.13015e+07	1.12152e+07	
1.16532e+07	1.16015e+07	1.14465e+07	1.1447e+07	1.14055e+07	
1.16885e+07	1.15965e+07	1.15498e+07	1.1413e+07	1.15258e+07	
1.17992e+07	1.17962e+07	1.15598e+07	1.16388e+07	1.14995e+07	
1.1769e+07	1.1679e+07	1.16255e+07	1.15385e+07	1.15585e+07	
1.16865e+07	1.15202e+07	1.15058e+07	1.14175e+07	1.14792e+07	
1.16235e+07	1.13922e+07	1.13085e+07	1.13785e+07	1.13665e+07	
1.15075e+07	1.1401e+07	1.14432e+07	1.12895e+07	1.1231e+07	
1.17408e+07	1.1703e+07	1.16122e+07	1.14288e+07	1.14875e+07	
1.20155e+07	1.18332e+07	1.18315e+07	1.17578e+07	1.17438e+07	
1.21105e+07	1.20312e+07	1.1987e+07	1.19318e+07	1.19852e+07	
1.22165e+07	1.2001e+07	1.2035e+07	1.1979e+07	1.189e+07	
1.22405e+07	1.20935e+07	1.20168e+07	1.19638e+07	1.20085e+07	
1.2125e+07	1.20545e+07	1.20318e+07	1.20155e+07	1.1866e+07	
1.22952e+07	1.18762e+07	1.1965e+07	1.18448e+07	1.19322e+07	
1.18535e+07	1.17255e+07	1.1585e+07	1.17438e+07	1.1665e+07	
1.15585e+07	1.13298e+07	1.1318e+07	1.12422e+07	1.13902e+07	
1.1113e+07	1.10918e+07	1.10118e+07	1.09372e+07	1.088e+07	
1.11932e+07	1.10268e+07	1.1028e+07	1.10565e+07	1.09902e+07	
1.13942e+07	1.1289e+07	1.12542e+07	1.1171e+07	1.11522e+07	
1.14792e+07	1.15215e+07	1.1592e+07	1.14585e+07	1.13752e+07	
1.18712e+07	1.15995e+07	1.17192e+07	1.1645e+07	1.16072e+07	
1.20885e+07	1.2059e+07	1.20098e+07	1.1824e+07	1.1866e+07	
1.22985e+07	1.20388e+07	1.21592e+07	1.21145e+07	1.19675e+07	
1.25e+07	1.23918e+07	1.22322e+07	1.22248e+07	1.2151e+07	
1.2241e+07	1.22108e+07	1.2139e+07	1.21428e+07	1.2071e+07	
1.23702e+07	1.2284e+07	1.2224e+07	1.20698e+07	1.21062e+07	
1.2376e+07	1.2246e+07	1.2195e+07	1.22045e+07	1.2248e+07	
1.24668e+07	1.23835e+07	1.23582e+07	1.22775e+07	1.22372e+07	
1.24995e+07	1.23658e+07	1.23192e+07	1.22852e+07	1.22618e+07	
1.2568e+07	1.24772e+07	1.23682e+07	1.2253e+07	1.23305e+07	
1.24395e+07	1.24232e+07	1.23512e+07	1.22882e+07	1.2401e+07	
1.22538e+07	1.22392e+07	1.21112e+07	1.19978e+07	1.20305e+07	
1.19828e+07	1.17848e+07	1.1849e+07	1.16678e+07	1.1761e+07	
1.19058e+07	1.17938e+07	1.16758e+07	1.1621e+07	1.16848e+07	
1.182e+07	1.17912e+07	1.17142e+07	1.16978e+07	1.1539e+07	
1.2023e+07	1.19935e+07	1.18088e+07	1.1728e+07	1.17772e+07	
1.20338e+07	1.18712e+07	1.1786e+07	1.18718e+07	1.18328e+07	
1.21452e+07	1.20412e+07	1.1965e+07	1.18882e+07	1.18642e+07	
1.22418e+07	1.1974e+07	1.19625e+07	1.1919e+07	1.1943e+07	
1.23325e+07	1.21895e+07	1.21005e+07	1.2071e+07	1.20495e+07	
1.24275e+07	1.21642e+07	1.21552e+07	1.21478e+07	1.21395e+07	
1.25688e+07	1.24018e+07	1.2328e+07	1.21908e+07	1.219e+07	
1.23828e+07	1.22222e+07	1.21868e+07	1.21825e+07	1.21478e+07	
1.2306e+07	1.21622e+07	1.20835e+07	1.19745e+07	1.19638e+07	
1.20855e+07	1.1999e+07	1.17955e+07	1.17495e+07	1.18435e+07	
1.20842e+07	1.19462e+07	1.20238e+07	1.18282e+07	1.1834e+07	
1.21145e+07	1.18818e+07	1.18568e+07	1.17818e+07	1.18742e+07	
1.21395e+07	1.2013e+07	1.18742e+07	1.19148e+07	1.1919e+07	
1.22235e+07	1.2086e+07	1.20118e+07	1.19418e+07	1.19555e+07	
1.2238e+07	1.20438e+07	1.20552e+07	1.19882e+07	1.20048e+07	
1.2202e+07	1.20918e+07	1.20118e+07	1.1827e+07	1.19625e+07	
1.2188e+07	1.2028e+07	1.20318e+07	1.18428e+07	1.18805e+07	
1.19285e+07	1.18618e+07	1.17722e+07	1.1795e+07	1.16872e+07	
1.17338e+07	1.1665e+07	1.16305e+07	1.15232e+07	1.15112e+07	
1.17042e+07	1.15062e+07	1.1372e+07	1.13235e+07	1.14022e+07	
1.17308e+07	1.1602e+07	1.14552e+07	1.13955e+07	1.13048e+07	
1.15485e+07	1.14408e+07	1.14238e+07	1.13772e+07	1.13998e+07	
1.16972e+07	1.16172e+07	1.14905e+07	1.1498e+07	1.15195e+07	
1.18062e+07	1.17332e+07	1.17242e+07	1.16405e+07	1.15755e+07	
1.18058e+07	1.1689e+07	1.17362e+07	1.1522e+07	1.15888e+07	
1.17685e+07	1.16122e+07	1.15862e+07	1.1481e+07	1.14635e+07	
1.19782e+07	1.17685e+07	1.1645e+07	1.16518e+07	1.16972e+07	
1.18158e+07	1.16638e+07	1.1628e+07	1.15435e+07	1.1563e+07	
1.19765e+07	1.17382e+07	1.1793e+07	1.1747e+07	1.16392e+07	
1.18962e+07	1.1856e+07	1.18012e+07	1.17722e+07	1.16795e+07	
1.20105e+07	1.19612e+07	1.17362e+07	1.17068e+07	1.17962e+07	
1.19185e+07	1.18012e+07	1.17785e+07	1.16998e+07	1.16658e+07	
1.21295e+07	1.19305e+07	1.17925e+07	1.1769e+07	1.17868e+07	
1.203e+07	1.21075e+07	1.19418e+07	1.1875e+07	1.19405e+07	
1.19832e+07	1.1948e+07	1.1713e+07	1.18145e+07	1.17375e+07	
1.19525e+07	1.19078e+07	1.18592e+07	1.17602e+07	1.17495e+07	
1.1866e+07	1.1853e+07	1.18592e+07	1.17552e+07	1.17988e+07	
1.19815e+07	1.1742e+07	1.17362e+07	1.1621e+07	1.16802e+07	
1.19392e+07	1.1866e+07	1.1667e+07	1.1684e+07	1.16702e+07	
1.1786e+07	1.15655e+07	1.15125e+07	1.15692e+07	1.1541e+07	
1.14875e+07	1.14822e+07	1.14105e+07	1.13255e+07	1.14275e+07	
1.1783e+07	1.15585e+07	1.15505e+07	1.13872e+07	1.1369e+07	
1.17818e+07	1.16848e+07	1.1485e+07	1.14995e+07	1.1592e+07	
1.18145e+07	1.16645e+07	1.15862e+07	1.16645e+07	1.1602e+07	
1.1694e+07	1.16848e+07	1.15738e+07	1.151e+07	1.16128e+07	
1.18058e+07	1.16165e+07	1.1684e+07	1.16992e+07	1.15522e+07	
1.18208e+07	1.1749e+07	1.16972e+07	1.16052e+07	1.16318e+07	
1.18792e+07	1.16318e+07	1.17022e+07	1.16298e+07	1.1616e+07	
1.19612e+07	1.18738e+07	1.16782e+07	1.1628e+07	1.1485e+07	
1.16922e+07	1.1715e+07	1.15612e+07	1.14742e+07	1.1452e+07	
1.17818e+07	1.15535e+07	1.1619e+07	1.1575e+07	1.1539e+07	
1.17138e+07	1.16375e+07	1.15662e+07	1.14798e+07	1.15158e+07	
1.18138e+07	1.17022e+07	1.16368e+07	1.15908e+07	1.15675e+07	
1.1725e+07	1.16872e+07	1.15945e+07	1.1631e+07	1.16708e+07	
1.17715e+07	1.16835e+07	1.159e+07	1.1471e+07	1.14818e+07	
1.1766e+07	1.1599e+07	1.16078e+07	1.1519e+07	1.15782e+07	
1.16348e+07	1.15378e+07	1.13645e+07	1.1522e+07	1.1396e+07	
1.17622e+07	1.15862e+07	1.15825e+07	1.15045e+07	1.1476e+07	
1.18435e+07	1.15915e+07	1.16322e+07	1.1648e+07	1.15832e+07	
1.18315e+07	1.17532e+07	1.16462e+07	1.16802e+07	1.16148e+07	
1.18592e+07	1.1822e+07	1.16375e+07	1.16388e+07	1.15875e+07	
1.1912e+07	1.17652e+07	1.16885e+07	1.16702e+07	1.16728e+07	
1.18005e+07	1.17502e+07	1.17168e+07	1.1645e+07	1.16575e+07	
1.17022e+07	1.15058e+07	1.15755e+07	1.1485e+07	1.14665e+07	
1.1747e+07	1.16538e+07	1.15485e+07	1.14572e+07	1.14888e+07	
1.15945e+07	1.14218e+07	1.13752e+07	1.13532e+07	1.1287e+07	
1.14042e+07	1.12285e+07	1.12e+07	1.12328e+07	1.11258e+07	
1.1444e+07	1.13292e+07	1.1299e+07	1.12012e+07	1.12202e+07	
1.1444e+07	1.1391e+07	1.13318e+07	1.12248e+07	1.11888e+07	
1.1459e+07	1.13268e+07	1.1294e+07	1.12348e+07	1.10752e+07	
1.12982e+07	1.13192e+07	1.134e+07	1.11962e+07	1.11408e+07	
1.1052e+07	1.09852e+07	1.1009e+07	1.08025e+07	1.0885e+07	
1.10615e+07	1.1105e+07	1.09562e+07	1.09228e+07	1.10608e+07	
1.11208e+07	1.10048e+07	1.09448e+07	1.08838e+07	1.08422e+07	
1.11005e+07	1.10065e+07	1.0999e+07	1.10072e+07	1.08912e+07	
1.1222e+07	1.10748e+07	1.1088e+07	1.0967e+07	1.09605e+07	
1.13292e+07	1.1364e+07	1.1134e+07	1.10682e+07	1.10028e+07	
1.14602e+07	1.13418e+07	1.1275e+07	1.11565e+07	1.11988e+07	
1.15542e+07	1.14772e+07	1.13122e+07	1.11838e+07	1.13495e+07	
1.14735e+07	1.14238e+07	1.12335e+07	1.11118e+07	1.1127e+07	
1.12895e+07	1.11552e+07	1.11598e+07	1.10488e+07	1.10998e+07	
1.13218e+07	1.12978e+07	1.12708e+07	1.11042e+07	1.10615e+07	
1.13355e+07	1.12952e+07	1.11118e+07	1.12012e+07	1.11142e+07	
1.1529e+07	1.13972e+07	1.14018e+07	1.12328e+07	1.12298e+07	
1.14585e+07	1.13425e+07	1.1372e+07	1.12008e+07	1.1231e+07	
1.13902e+07	1.13558e+07	1.12298e+07	1.12385e+07	1.12182e+07	
1.1343e+07	1.1326e+07	1.1159e+07	1.12952e+07	1.10722e+07	
1.14005e+07	1.1326e+07	1.128e+07	1.118e+07	1.11578e+07	
1.14672e+07	1.12838e+07	1.1125e+07	1.1115e+07	1.10968e+07	
1.14482e+07	1.11698e+07	1.11378e+07	1.1202e+07	1.10885e+07	
1.12732e+07	1.11862e+07	1.11485e+07	1.11982e+07	1.10495e+07	
1.11432e+07	1.1009e+07	1.1021e+07	1.0866e+07	1.09915e+07	
1.10628e+07	1.0994e+07	1.0924e+07	1.09158e+07	1.07988e+07	
1.12095e+07	1.10342e+07	1.10722e+07	1.10052e+07	1.09372e+07	
1.1176e+07	1.11705e+07	1.11025e+07	1.0924e+07	1.09278e+07	
1.12195e+07	1.1277e+07	1.11118e+07	1.11502e+07	1.10532e+07	
1.13852e+07	1.12398e+07	1.12638e+07	1.12365e+07	1.11465e+07	
1.134e+07	1.11275e+07	1.12795e+07	1.11088e+07	1.12012e+07	
1.11232e+07	1.11288e+07	1.1057e+07	1.1021e+07	1.10628e+07	
1.10375e+07	1.08755e+07	1.08792e+07	1.09355e+07	1.09008e+07	
1.10512e+07	1.11245e+07	1.10268e+07	1.09865e+07	1.0895e+07	
1.12215e+07	1.10048e+07	1.10532e+07	1.0929e+07	1.09618e+07	
1.1098e+07	1.09815e+07	1.08812e+07	1.08055e+07	1.07652e+07	
1.11005e+07	1.09948e+07	1.1028e+07	1.07582e+07	1.08572e+07	
1.1059e+07	1.09538e+07	1.08648e+07	1.08265e+07	1.08e+07	
1.08605e+07	1.08302e+07	1.06612e+07	1.05832e+07	1.06148e+07	
1.06695e+07	1.06858e+07	1.06252e+07	1.0691e+07	1.0628e+07	
1.08825e+07	1.0742e+07	1.0687e+07	1.06468e+07	1.05978e+07	
1.09102e+07	1.08775e+07	1.07702e+07	1.07122e+07	1.07358e+07	
1.1067e+07	1.0849e+07	1.0849e+07	1.0885e+07	1.07975e+07	
1.1139e+07	1.09852e+07	1.09145e+07	1.10798e+07	1.09832e+07	
1.1069e+07	1.1047e+07	1.09725e+07	1.0825e+07	1.08818e+07	
1.12195e+07	1.1013e+07	1.10992e+07	1.10412e+07	1.10392e+07	
1.12145e+07	1.11578e+07	1.09228e+07	1.10702e+07	1.089e+07	
1.11552e+07	1.09782e+07	1.09745e+07	1.10205e+07	1.09132e+07	
1.11888e+07	1.10222e+07	1.10652e+07	1.11038e+07	1.08818e+07	
1.09762e+07	1.10695e+07	1.08925e+07	1.0946e+07	1.09e+07	
1.10488e+07	1.08862e+07	1.08138e+07	1.0762e+07	1.08452e+07	
1.0943e+07	1.07935e+07	1.07268e+07	1.06782e+07	1.05202e+07	
1.08982e+07	1.08025e+07	1.08055e+07	1.07388e+07	1.06625e+07	
1.07412e+07	1.0769e+07	1.06832e+07	1.07338e+07	1.05825e+07	
1.08705e+07	1.0771e+07	1.07105e+07	1.06928e+07	1.06475e+07	
1.07962e+07	1.0769e+07	1.0672e+07	1.05895e+07	1.06348e+07	
1.0989e+07	1.08295e+07	1.08112e+07	1.06828e+07	1.0684e+07	
1.08e+07	1.06488e+07	1.06708e+07	1.0592e+07	1.06115e+07	
1.08265e+07	1.0708e+07	1.06952e+07	1.06902e+07	1.06588e+07	
1.06425e+07	1.0614e+07	1.05888e+07	1.05245e+07	1.044e+07	
1.06492e+07	1.04975e+07	1.05282e+07	1.04855e+07	1.05622e+07	
1.06335e+07	1.05088e+07	1.0425e+07	1.04855e+07	1.0374e+07	
1.05605e+07	1.04395e+07	1.0403e+07	1.03255e+07	1.03835e+07	
1.0759e+07	1.06682e+07	1.05282e+07	1.04905e+07	1.0442e+07	
1.07552e+07	1.0609e+07	1.04905e+07	1.05452e+07	1.05145e+07	
1.07172e+07	1.06122e+07	1.05725e+07	1.04755e+07	1.05402e+07	
1.0742e+07	1.0696e+07	1.05622e+07	1.04728e+07	1.04672e+07	
1.07458e+07	1.06185e+07	1.05435e+07	1.0432e+07	1.0558e+07	
1.06462e+07	1.05162e+07	1.073e+07	1.05912e+07	1.06688e+07	
1.08042e+07	1.0691e+07	1.05875e+07	1.05792e+07	1.0592e+07	
1.07462e+07	1.05875e+07	1.05768e+07	1.04628e+07	1.04835e+07	
1.08212e+07	1.06765e+07	1.06915e+07	1.05888e+07	1.07015e+07	
1.08622e+07	1.08315e+07	1.06858e+07	1.06198e+07	1.0636e+07	
1.07935e+07	1.07188e+07	1.04905e+07	1.06392e+07	1.05215e+07	
1.0883e+07	1.07318e+07	1.06398e+07	1.0595e+07	1.05232e+07	
1.08175e+07	1.06122e+07	1.05158e+07	1.05572e+07	1.06002e+07	
1.07565e+07	1.06638e+07	1.06475e+07	1.05888e+07	1.04458e+07	
1.07482e+07	1.05245e+07	1.0553e+07	1.05385e+07	1.05452e+07	
1.0527e+07	1.0495e+07	1.05258e+07	1.05258e+07	1.0411e+07	
1.06688e+07	1.05642e+07	1.04175e+07	1.0384e+07	1.03682e+07	
1.04648e+07	1.03418e+07	1.02928e+07	1.02252e+07	1.02895e+07	
1.02895e+07	1.0297e+07	1.02195e+07	1.03165e+07	1.02208e+07	
1.03242e+07	1.0127e+07	1.01585e+07	1.01338e+07	1.0156e+07	
1.03375e+07	1.0142e+07	1.01868e+07	1.0149e+07	1.0127e+07	
1.03322e+07	1.02712e+07	1.0212e+07	1.00765e+07	1.0234e+07	
1.03045e+07	1.01942e+07	1.01295e+07	1.02178e+07	1.02045e+07	
1.03492e+07	1.01465e+07	1.01192e+07	1.00772e+07	9.99525e+06	
1.03318e+07	9.96675e+06	1.00772e+07	1.00628e+07	9.92225e+06	
1.00405e+07	9.99325e+06	9.89125e+06	9.716e+06	9.97825e+06	
9.7355e+06	9.67125e+06	9.60275e+06	9.61275e+06	9.46075e+06	
9.46975e+06	9.391e+06	9.4225e+06	9.343e+06	9.3985e+06	
9.2465e+06	9.207e+06	9.19675e+06	9.1055e+06	9.077e+06	
9.09925e+06	9.098e+06	8.96425e+06	8.81175e+06	8.90075e+06	
9.183e+06	9.0645e+06	9.1545e+06	9.038e+06	9.01775e+06	
9.32025e+06	9.1875e+06	9.1465e+06	9.11625e+06	9.1175e+06	
9.36125e+06	9.30025e+06	9.26175e+06	9.2825e+06	9.30025e+06	
9.4955e+06	9.3405e+06	9.33675e+06	9.309e+06	9.21e+06	
9.63475e+06	9.5295e+06	9.34675e+06	9.42175e+06	9.50375e+06	
9.51e+06	9.3525e+06	9.307e+06	9.348e+06	9.2775e+06	
9.5585e+06	9.4735e+06	9.52575e+06	9.3795e+06	9.40675e+06	
9.5315e+06	9.445e+06	9.37325e+06	9.3845e+06	9.4035e+06	
9.49375e+06	9.4175e+06	9.239e+06	9.326e+06	9.379e+06	
9.58375e+06	9.4955e+06	9.45325e+06	9.442e+06	9.40975e+06	
9.60825e+06	9.52575e+06	9.483e+06	9.37075e+06	9.445e+06	
9.54775e+06	9.39225e+06	9.38025e+06	9.32475e+06	9.215e+06	
9.561e+06	9.336e+06	9.406e+06	9.33725e+06	9.261e+06	
9.459e+06	9.52125e+06	9.30775e+06	9.24525e+06	9.33225e+06	
9.45075e+06	9.307e+06	9.1955e+06	9.282e+06	9.253e+06	
9.32725e+06	9.2365e+06	9.31725e+06	9.1225e+06	9.1105e+06	
9.44075e+06	9.37e+06	9.2535e+06	9.09475e+06	9.23775e+06	
9.505e+06	9.38275e+06	9.34925e+06	9.36825e+06	9.31975e+06	
9.51075e+06	9.43e+06	9.3355e+06	9.2655e+06	9.285e+06	
9.4665e+06	9.34925e+06	9.3625e+06	9.2535e+06	9.2415e+06	
9.44125e+06	9.401e+06	9.3165e+06	9.30975e+06	9.33175e+06	
9.46025e+06	9.3215e+06	9.2795e+06	9.1395e+06	9.2e+06	
9.43575e+06	9.35425e+06	9.27175e+06	9.2245e+06	9.19925e+06	
9.33975e+06	9.263e+06	9.18425e+06	9.1155e+06	9.12625e+06	
9.35575e+06	9.33975e+06	9.2245e+06	9.16975e+06	9.09725e+06	
9.35825e+06	9.16275e+06	9.08025e+06	9.115e+06	9.094e+06	
9.302e+06	9.36125e+06	9.2585e+06	9.22025e+06	9.1495e+06	
9.38575e+06	9.19125e+06	9.19675e+06	9.1085e+06	9.227e+06	
9.3255e+06	9.2265e+06	9.23975e+06	9.13375e+06	9.12125e+06	
9.30275e+06	9.34425e+06	9.21825e+06	9.19875e+06	9.171e+06	
9.28625e+06	9.278e+06	9.101e+06	9.22025e+06	9.1545e+06	
9.416e+06	9.22775e+06	9.1975e+06	9.1685e+06	9.15575e+06	
9.14775e+06	9.0405e+06	9.08475e+06	8.97125e+06	8.97875e+06	
9.22575e+06	9.217e+06	9.081e+06	9.03175e+06	8.9675e+06	
9.1665e+06	9.098e+06	8.9945e+06	8.9535e+06	9.086e+06	
9.094e+06	9.05875e+06	8.9915e+06	8.963e+06	8.86975e+06	
9.198e+06	9.0665e+06	8.91e+06	8.9875e+06	8.975e+06	
9.28575e+06	9.1175e+06	9.1205e+06	9.0135e+06	8.93025e+06	
9.1585e+06	9.149e+06	9.1955e+06	9.1155e+06	9.004e+06	
9.35175e+06	9.2295e+06	9.348e+06	9.19375e+06	9.08225e+06	
9.3765e+06	9.29825e+06	9.161e+06	9.103e+06	9.171e+06	
9.2895e+06	9.23275e+06	9.22275e+06	9.1565e+06	9.14e+06	
9.34625e+06	9.14075e+06	9.29775e+06	9.08525e+06	9.142e+06	
9.3405e+06	9.25725e+06	9.1835e+06	9.149e+06	9.19e+06	
9.32225e+06	9.19675e+06	9.1465e+06	9.1855e+06	9.02475e+06	
9.31725e+06	9.35375e+06	9.15025e+06	9.0985e+06	9.15025e+06	
9.14525e+06	9.17975e+06	9.1735e+06	9.13875e+06	9.02975e+06	
9.25675e+06	9.07575e+06	9.07825e+06	9.062e+06	8.97325e+06	
9.24975e+06	9.1415e+06	9.09725e+06	9.1225e+06	9.09675e+06	
9.275e+06	9.12875e+06	9.13125e+06	9.09925e+06	8.96125e+06	
9.13875e+06	9.1545e+06	9.002e+06	9.0495e+06	9.011e+06	
9.14075e+06	9.055e+06	9.11875e+06	9.0165e+06	8.956e+06	
9.125e+06	9.0065e+06	9.101e+06	8.86225e+06	8.80675e+06	
9.07325e+06	8.97875e+06	8.8875e+06	8.914e+06	8.803e+06	
9.03925e+06	9.0065e+06	8.9145e+06	8.847e+06	8.87475e+06	
9.1615e+06	8.93025e+06	8.912e+06	9.02225e+06	8.832e+06	
9.0405e+06	8.9335e+06	8.90575e+06	8.86725e+06	8.8635e+06	
9.108e+06	8.905e+06	8.9045e+06	8.83075e+06	8.866e+06	
9.023e+06	8.8875e+06	8.827e+06	8.6965e+06	8.8615e+06	
8.98825e+06	8.87225e+06	8.897e+06	8.9165e+06	8.7665e+06	
8.97375e+06	8.847e+06	8.7985e+06	8.78225e+06	8.7525e+06	
8.9625e+06	8.99825e+06	8.93025e+06	8.7905e+06	8.8075e+06	
8.975e+06	8.90875e+06	8.8515e+06	8.89825e+06	8.868e+06	
9.06075e+06	8.80175e+06	8.8155e+06	8.78775e+06	8.87175e+06	
8.861e+06	8.83075e+06	8.75075e+06	8.77075e+06	8.83075e+06	
8.97575e+06	8.9e+06	8.96e+06	8.90375e+06	8.631e+06	
8.88675e+06	8.79675e+06	8.721e+06	8.72425e+06	8.7765e+06	
8.85525e+06	8.8175e+06	8.77475e+06	8.69975e+06	8.72475e+06	
8.772e+06	8.68575e+06	8.68275e+06	8.6095e+06	8.65375e+06	
8.77075e+06	8.62225e+06	8.66e+06	8.69775e+06	8.59325e+06	
8.6745e+06	8.605e+06	8.58925e+06	8.568e+06	8.52325e+06	
8.78725e+06	8.6405e+06	8.561e+06	8.62775e+06	8.5395e+06	
8.84325e+06	8.6985e+06	8.7525e+06	8.58675e+06	8.56925e+06	
8.808e+06	8.6895e+06	8.60825e+06	8.62725e+06	8.5535e+06	
8.66875e+06	8.60325e+06	8.549e+06	8.433e+06	8.39475e+06	
8.6045e+06	8.46525e+06	8.52e+06	8.474e+06	8.4645e+06	
8.527e+06	8.44375e+06	8.33725e+06	8.39225e+06	8.27375e+06	
8.404e+06	8.4325e+06	8.32225e+06	8.2655e+06	8.302e+06	
8.57675e+06	8.544e+06	8.45525e+06	8.34875e+06	8.33225e+06	
8.55475e+06	8.43e+06	8.418e+06	8.31325e+06	8.30825e+06	
8.58925e+06	8.476e+06	8.49675e+06	8.38075e+06	8.36825e+06	
8.61275e+06	8.493e+06	8.447e+06	8.394e+06	8.3815e+06	
8.5975e+06	8.612e+06	8.539e+06	8.459e+06	8.4735e+06	
8.617e+06	8.50375e+06	8.486e+06	8.3935e+06	8.399e+06	
8.6985e+06	8.59575e+06	8.4305e+06	8.44125e+06	8.45e+06	
8.636e+06	8.50875e+06	8.498e+06	8.30025e+06	8.435e+06	
8.6745e+06	8.709e+06	8.45125e+06	8.54075e+06	8.36825e+06	
8.7035e+06	8.61575e+06	8.51375e+06	8.50175e+06	8.50375e+06	
8.6575e+06	8.534e+06	8.53525e+06	8.4665e+06	8.401e+06	
8.67825e+06	8.5395e+06	8.457e+06	8.556e+06	8.46575e+06	
8.571e+06	8.655e+06	8.4935e+06	8.45275e+06	8.44325e+06	
8.5365e+06	8.51175e+06	8.43125e+06	8.341e+06	8.35425e+06	
8.58e+06	8.48025e+06	8.525e+06	8.5195e+06	8.3675e+06	
8.44825e+06	8.38025e+06	8.329e+06	8.2825e+06	8.27125e+06	
8.513e+06	8.44375e+06	8.329e+06	8.25675e+06	8.3285e+06	
8.4735e+06	8.28825e+06	8.278e+06	8.24775e+06	8.224e+06	
8.31475e+06	8.29375e+06	8.183e+06	8.24475e+06	8.24025e+06	
8.3895e+06	8.268e+06	8.25975e+06	8.23975e+06	8.23025e+06	
8.31325e+06	8.24775e+06	8.205e+06	8.14775e+06	8.04e+06	
8.27175e+06	8.14125e+06	8.20375e+06	8.05375e+06	8.08475e+06	
8.13825e+06	8.1855e+06	8.13375e+06	8.04425e+06	7.98575e+06	
8.14575e+06	8.05875e+06	8.0425e+06	7.94225e+06	7.99e+06	
8.12175e+06	8.08475e+06	7.95725e+06	7.98125e+06	7.927e+06	
8.038e+06	7.97125e+06	7.9245e+06	7.88625e+06	7.88475e+06	
8.06e+06	7.99125e+06	7.96925e+06	7.883e+06	7.81925e+06	
8.0525e+06	7.944e+06	7.87175e+06	7.944e+06	7.85025e+06	
8.103e+06	7.93725e+06	7.93525e+06	7.91075e+06	7.93725e+06	
8.10475e+06	8.02975e+06	7.98375e+06	7.929e+06	7.92575e+06	
8.02925e+06	7.9505e+06	7.8615e+06	7.75625e+06	7.825e+06	
7.939e+06	7.85325e+06	7.803e+06	7.77275e+06	7.878e+06	
7.8875e+06	7.79275e+06	7.68775e+06	7.6995e+06	7.63025e+06	
7.8875e+06	7.709e+06	7.777e+06	7.6945e+06	7.6575e+06	
7.80925e+06	7.75375e+06	7.7375e+06	7.55975e+06	7.619e+06	
7.861e+06	7.7405e+06	7.79475e+06	7.61075e+06	7.784e+06	
7.881e+06	7.69575e+06	7.66175e+06	7.668e+06	7.6315e+06	
7.79725e+06	7.6895e+06	7.61325e+06	7.648e+06	7.61075e+06	
7.714e+06	7.60375e+06	7.55725e+06	7.62025e+06	7.6145e+06	
7.75825e+06	7.62725e+06	7.64675e+06	7.6385e+06	7.53575e+06	
7.692e+06	7.646e+06	7.70225e+06	7.59875e+06	7.559e+06	
7.70225e+06	7.59825e+06	7.527e+06	7.4885e+06	7.4275e+06	
7.68825e+06	7.556e+06	7.5055e+06	7.486e+06	7.48275e+06	
7.46275e+06	7.51175e+06	7.4545e+06	7.42675e+06	7.3575e+06	
7.66625e+06	7.6145e+06	7.45775e+06	7.50675e+06	7.45775e+06	
7.59e+06	7.47775e+06	7.49175e+06	7.37325e+06	7.3045e+06	
7.6025e+06	7.51425e+06	7.52125e+06	7.45825e+06	7.3985e+06	
7.64475e+06	7.54825e+06	7.52825e+06	7.54775e+06	7.52575e+06	
7.5585e+06	7.4985e+06	7.445e+06	7.3025e+06	7.3815e+06	
7.5925e+06	7.47975e+06	7.47275e+06	7.409e+06	7.416e+06	
7.5565e+06	7.3985e+06	7.41175e+06	7.394e+06	7.389e+06	
7.593e+06	7.49225e+06	7.35375e+06	7.346e+06	7.26175e+06	
7.6285e+06	7.547e+06	7.503e+06	7.401e+06	7.3115e+06	
7.561e+06	7.302e+06	7.3355e+06	7.50225e+06	7.348e+06	
7.50875e+06	7.3895e+06	7.32275e+06	7.34175e+06	7.27925e+06	
7.44825e+06	7.365e+06	7.3605e+06	7.37575e+06	7.285e+06	
7.421e+06	7.37575e+06	7.334e+06	7.20675e+06	7.2755e+06	
7.4185e+06	7.3725e+06	7.2245e+06	7.225e+06	7.256e+06	
7.50425e+06	7.40775e+06	7.283e+06	7.31025e+06	7.40525e+06	
7.3725e+06	7.348e+06	7.41675e+06	7.35175e+06	7.283e+06	
7.4445e+06	7.317e+06	7.365e+06	7.36e+06	7.3435e+06	
7.5365e+06	7.43675e+06	7.3065e+06	7.32725e+06	7.2685e+06	
7.336e+06	7.2225e+06	7.30575e+06	7.1715e+06	7.222e+06	
7.346e+06	7.43425e+06	7.29875e+06	7.24025e+06	7.3045e+06	
7.43675e+06	7.32725e+06	7.271e+06	7.19425e+06	7.188e+06	
7.23825e+06	7.2415e+06	7.17725e+06	7.10925e+06	7.09975e+06	
7.341e+06	7.18425e+06	7.25225e+06	7.16725e+06	7.15525e+06	
7.15275e+06	7.1375e+06	7.091e+06	7.07125e+06	7.012e+06	
7.164e+06	7.10725e+06	7.14125e+06	6.995e+06	7.06375e+06	
7.1085e+06	7.07525e+06	7.0215e+06	7.002e+06	6.956e+06	
7.13875e+06	7.08775e+06	7.0505e+06	6.93575e+06	6.88675e+06	
7.024e+06	6.96675e+06	6.90625e+06	6.869e+06	6.9435e+06	
7.024e+06	6.9825e+06	6.88975e+06	6.91575e+06	6.81675e+06	
7.0335e+06	6.927e+06	6.7715e+06	6.813e+06	6.7885e+06	
6.97425e+06	6.89625e+06	6.9435e+06	6.808e+06	6.81875e+06	
6.95925e+06	6.953e+06	6.85075e+06	6.80475e+06	6.8005e+06	
7.02025e+06	6.99325e+06	6.886e+06	7.01075e+06	6.8905e+06	
6.94475e+06	6.85975e+06	6.87925e+06	6.8855e+06	6.84375e+06	
6.95475e+06	6.9125e+06	6.87925e+06	6.77775e+06	6.72475e+06	
7.00325e+06	6.9215e+06	6.84525e+06	6.86975e+06	6.8005e+06	
6.87725e+06	6.878e+06	6.8005e+06	6.7545e+06	6.74125e+06	
6.88725e+06	6.883e+06	6.6555e+06	6.69775e+06	6.72675e+06	
6.89125e+06	6.74175e+06	6.74125e+06	6.7455e+06	6.69825e+06	
6.74375e+06	6.71025e+06	6.658e+06	6.711e+06	6.6415e+06	
6.7835e+06	6.6265e+06	6.5325e+06	6.5615e+06	6.566e+06	
6.782e+06	6.6675e+06	6.65175e+06	6.59425e+06	6.602e+06	
6.6295e+06	6.64475e+06	6.56525e+06	6.58225e+06	6.5275e+06	
6.6075e+06	6.564e+06	6.472e+06	6.4325e+06	6.51125e+06	
6.535e+06	6.435e+06	6.501e+06	6.53e+06	6.3365e+06	
6.6075e+06	6.47525e+06	6.438e+06	6.387e+06	6.46275e+06	
6.506e+06	6.4475e+06	6.28125e+06	6.28625e+06	6.2825e+06	
6.48275e+06	6.411e+06	6.32475e+06	6.47325e+06	6.35875e+06	
6.506e+06	6.392e+06	6.30325e+06	6.26475e+06	6.237e+06	
6.40525e+06	6.2485e+06	6.27225e+06	6.29325e+06	6.25725e+06	
6.41025e+06	6.2875e+06	6.27475e+06	6.18025e+06	6.12625e+06	
6.24075e+06	6.19675e+06	6.2535e+06	6.193e+06	6.17725e+06	
6.329e+06	6.18225e+06	6.125e+06	6.13875e+06	6.16575e+06	
6.30375e+06	6.24575e+06	6.16825e+06	6.1595e+06	6.2365e+06	
6.256e+06	6.18275e+06	6.1735e+06	6.14075e+06	6.1885e+06	
6.343e+06	6.191e+06	6.2515e+06	6.2635e+06	6.17975e+06	
6.3605e+06	6.23e+06	6.184e+06	6.23325e+06	6.18225e+06	
6.372e+06	6.20625e+06	6.16275e+06	6.11425e+06	6.11725e+06	
6.23075e+06	6.164e+06	6.19175e+06	6.18225e+06	6.17275e+06	
6.2635e+06	6.285e+06	6.17775e+06	6.19175e+06	6.213e+06	
6.27425e+06	6.35175e+06	6.24975e+06	6.23825e+06	6.26675e+06	
6.37875e+06	6.239e+06	6.234e+06	6.184e+06	6.1735e+06	
6.30375e+06	6.266e+06	6.222e+06	6.19975e+06	6.208e+06	
6.256e+06	6.1935e+06	6.1255e+06	6.13175e+06	6.092e+06	
6.11975e+06	6.11675e+06	6.15375e+06	6.11925e+06	6.11975e+06	
6.22325e+06	6.096e+06	6.12925e+06	6e+06	6.07825e+06	
6.12675e+06	6.14875e+06	6.063e+06	6.09025e+06	6.02775e+06	
6.12225e+06	5.99e+06	5.98425e+06	5.95925e+06	5.898e+06	
6.04675e+06	5.95475e+06	5.86275e+06	5.8395e+06	5.93575e+06	
5.7795e+06	5.73475e+06	5.64775e+06	5.6465e+06	5.69125e+06	
5.56525e+06	5.45625e+06	5.4625e+06	5.41475e+06	5.46775e+06	
5.3605e+06	5.3555e+06	5.23825e+06	5.273e+06	5.232e+06	
5.486e+06	5.38325e+06	5.341e+06	5.32975e+06	5.23125e+06	
5.45825e+06	5.523e+06	5.4115e+06	5.392e+06	5.3775e+06	
5.53875e+06	5.49725e+06	5.513e+06	5.433e+06	5.50475e+06	
5.66225e+06	5.644e+06	5.603e+06	5.578e+06	5.5425e+06	
5.837e+06	5.79525e+06	5.70525e+06	5.72275e+06	5.67925e+06	
5.90875e+06	5.79025e+06	5.76825e+06	5.755e+06	5.77e+06	
5.997e+06	5.81725e+06	5.85525e+06	5.7595e+06	5.813e+06	
5.93525e+06	5.869e+06	5.8515e+06	5.8105e+06	5.83625e+06	
5.997e+06	5.85025e+06	5.8375e+06	5.91575e+06	5.8425e+06	
5.992e+06	5.912e+06	5.86325e+06	5.8785e+06	5.903e+06	
6.07325e+06	5.90925e+06	5.84075e+06	5.87025e+06	5.84875e+06	
6.12225e+06	5.98625e+06	5.9535e+06	5.8515e+06	5.88925e+06	
5.963e+06	5.89625e+06	5.8885e+06	5.8715e+06	5.92775e+06	
6.01525e+06	5.90675e+06	5.8905e+06	5.93325e+06	5.816e+06	
5.956e+06	5.97675e+06	5.961e+06	5.90425e+06	5.8085e+06	
6.0435e+06	6.0625e+06	5.90425e+06	5.88675e+06	5.84575e+06	
6.04175e+06	5.92075e+06	5.97375e+06	5.929e+06	5.929e+06	
5.973e+06	5.9825e+06	5.9055e+06	5.89875e+06	5.89225e+06	
6.0235e+06	5.87225e+06	5.85525e+06	5.89925e+06	5.808e+06	
5.91075e+06	5.86775e+06	5.869e+06	5.76375e+06	5.8685e+06	
5.925e+06	5.9245e+06	5.9075e+06	5.75125e+06	5.77075e+06	
5.84e+06	5.806e+06	5.806e+06	5.78975e+06	5.777e+06	
5.9315e+06	5.881e+06	5.893e+06	5.73175e+06	5.86075e+06	
5.96175e+06	5.8055e+06	5.76575e+06	5.82175e+06	5.81725e+06	
5.94225e+06	5.91075e+06	5.8595e+06	5.745e+06	5.78975e+06	
5.87975e+06	5.73475e+06	5.77125e+06	5.79775e+06	5.7675e+06	
5.932e+06	5.784e+06	5.77275e+06	5.787e+06	5.7595e+06	
5.93575e+06	5.859e+06	5.72925e+06	5.75175e+06	5.70525e+06	
5.8425e+06	5.806e+06	5.8015e+06	5.7815e+06	5.7555e+06	
5.968e+06	5.86025e+06	5.74375e+06	5.72675e+06	5.7695e+06	
5.86975e+06	5.7405e+06	5.7575e+06	5.75825e+06	5.75825e+06	
5.82925e+06	5.8055e+06	5.811e+06	5.70775e+06	5.71525e+06	
5.78325e+06	5.726e+06	5.7595e+06	5.72525e+06	5.726e+06	
5.8565e+06	5.6755e+06	5.69575e+06	5.7095e+06	5.65925e+06	
5.85325e+06	5.72925e+06	5.789e+06	5.7165e+06	5.75675e+06	
5.8495e+06	5.7385e+06	5.65475e+06	5.68325e+06	5.58725e+06	
5.789e+06	5.7505e+06	5.70075e+06	5.7135e+06	5.71075e+06	
5.71075e+06	5.7335e+06	5.7015e+06	5.62025e+06	5.6995e+06	
5.8155e+06	5.755e+06	5.75875e+06	5.695e+06	5.72675e+06	
5.777e+06	5.62825e+06	5.63525e+06	5.656e+06	5.58425e+06	
5.736e+06	5.6845e+06	5.60625e+06	5.62025e+06	5.56975e+06	
5.6655e+06	5.5925e+06	5.71225e+06	5.61375e+06	5.62775e+06	
5.74375e+06	5.5975e+06	5.67875e+06	5.5785e+06	5.622e+06	
5.67625e+06	5.6195e+06	5.5255e+06	5.5835e+06	5.564e+06	
5.58175e+06	5.5565e+06	5.5735e+06	5.5375e+06	5.51425e+06	
5.6845e+06	5.583e+06	5.549e+06	5.552e+06	5.513e+06	
5.60125e+06	5.54575e+06	5.57675e+06	5.428e+06	5.46125e+06	
5.576e+06	5.547e+06	5.49975e+06	5.544e+06	5.51425e+06	
5.69125e+06	5.5685e+06	5.5375e+06	5.477e+06	5.494e+06	
5.639e+06	5.649e+06	5.62075e+06	5.554e+06	5.47775e+06	
5.636e+06	5.5425e+06	5.494e+06	5.42975e+06	5.44925e+06	
5.52125e+06	5.55025e+06	5.5255e+06	5.5545e+06	5.51925e+06	
5.61575e+06	5.52675e+06	5.51875e+06	5.5885e+06	5.55975e+06	
5.6005e+06	5.53e+06	5.433e+06	5.47325e+06	5.44625e+06	
5.5615e+06	5.452e+06	5.48225e+06	5.445e+06	5.38375e+06	
5.52375e+06	5.47825e+06	5.5055e+06	5.4065e+06	5.467e+06	
5.55575e+06	5.53375e+06	5.45825e+06	5.382e+06	5.402e+06	
5.506e+06	5.52425e+06	5.41225e+06	5.41025e+06	5.4085e+06	
5.51625e+06	5.4835e+06	5.39075e+06	5.36925e+06	5.37175e+06	
5.566e+06	5.457e+06	5.48225e+06	5.4015e+06	5.34725e+06	
5.47775e+06	5.4575e+06	5.4505e+06	5.36e+06	5.32075e+06	
5.56025e+06	5.47275e+06	5.4235e+06	5.394e+06	5.35225e+06	
5.46375e+06	5.4425e+06	5.3625e+06	5.3e+06	5.28375e+06	
5.46775e+06	5.45e+06	5.4475e+06	5.36875e+06	5.3335e+06	
5.43175e+06	5.36875e+06	5.2855e+06	5.39775e+06	5.26475e+06	
5.472e+06	5.351e+06	5.3505e+06	5.29875e+06	5.327e+06	
5.41525e+06	5.39275e+06	5.39325e+06	5.29175e+06	5.31e+06	
5.3745e+06	5.2955e+06	5.3215e+06	5.3215e+06	5.2855e+06	
5.37e+06	5.29825e+06	5.3485e+06	5.273e+06	5.2665e+06	
5.42175e+06	5.39775e+06	5.3045e+06	5.314e+06	5.358e+06	
5.3045e+06	5.3625e+06	5.24325e+06	5.2705e+06	5.28625e+06	
5.27475e+06	5.1815e+06	5.261e+06	5.121e+06	5.23575e+06	
5.40025e+06	5.2705e+06	5.3585e+06	5.2275e+06	5.18975e+06	
5.3895e+06	5.29425e+06	5.244e+06	5.2225e+06	5.21925e+06	
5.35475e+06	5.2585e+06	5.23575e+06	5.19725e+06	5.30125e+06	
5.3455e+06	5.25975e+06	5.23125e+06	5.1645e+06	5.235e+06	
5.27975e+06	5.285e+06	5.21125e+06	5.19025e+06	5.19225e+06	
5.25075e+06	5.22375e+06	5.11425e+06	5.0625e+06	5.0915e+06	
5.244e+06	5.2155e+06	5.1285e+06	5.2075e+06	5.11225e+06	
5.184e+06	5.14175e+06	5.143e+06	5.1115e+06	5.11425e+06	
5.1615e+06	5.13125e+06	5.0695e+06	5.0725e+06	5.0825e+06	
5.189e+06	5.0315e+06	5.05175e+06	5.06e+06	5.01075e+06	
5.1115e+06	5.009e+06	5.109e+06	5.0605e+06	5.02075e+06	
5.1425e+06	4.99575e+06	4.99e+06	5.017e+06	4.9805e+06	
5.14e+06	5.0725e+06	5.019e+06	5.06875e+06	5.0235e+06	
5.048e+06	5.09325e+06	4.968e+06	4.956e+06	4.927e+06	
5.0505e+06	5.022e+06	4.9855e+06	5.034e+06	4.98675e+06	
4.9655e+06	5.002e+06	4.84575e+06	4.85525e+06	4.82925e+06	
4.82425e+06	4.7285e+06	4.68625e+06	4.7265e+06	4.68825e+06	
4.48025e+06	4.41025e+06	4.49275e+06	4.40325e+06	4.39825e+06	
4.22e+06	4.201e+06	4.20425e+06	4.102e+06	4.15325e+06	
4.031e+06	4.05225e+06	4.05425e+06	3.96475e+06	4.0045e+06	
4.08075e+06	4.1065e+06	3.98425e+06	4.039e+06	4.04925e+06	
4.10475e+06	4.08325e+06	4.0995e+06	4.0505e+06	4.005e+06	
4.1645e+06	4.14925e+06	4.1165e+06	4.024e+06	4.08325e+06	
4.14125e+06	4.123e+06	4.0505e+06	4.09525e+06	4.07125e+06	
4.213e+06	4.14175e+06	4.1305e+06	4.15875e+06	4.10275e+06	
4.14e+06	4.08325e+06	4.13675e+06	4.143e+06	4.11525e+06	
4.2225e+06	4.22825e+06	4.16075e+06	4.1625e+06	4.1285e+06	
4.2445e+06	4.20675e+06	4.18525e+06	4.1545e+06	4.092e+06	
4.23575e+06	4.235e+06	4.18275e+06	4.23625e+06	4.223e+06	
4.28425e+06	4.2345e+06	4.23375e+06	4.208e+06	4.16825e+06	
4.37875e+06	4.271e+06	4.25325e+06	4.29175e+06	4.24775e+06	
4.329e+06	4.307e+06	4.2855e+06	4.25025e+06	4.22825e+06	
4.3705e+06	4.319e+06	4.336e+06	4.26475e+06	4.3145e+06	
4.44425e+06	4.39325e+06	4.32325e+06	4.36225e+06	4.3385e+06	
4.43425e+06	4.38825e+06	4.3675e+06	4.346e+06	4.312e+06	
4.3025e+06	4.356e+06	4.29675e+06	4.26775e+06	4.227e+06	
4.356e+06	4.273e+06	4.32775e+06	4.33525e+06	4.30325e+06	
4.35425e+06	4.35725e+06	4.3e+06	4.266e+06	4.23875e+06	
4.3175e+06	4.295e+06	4.29125e+06	4.2715e+06	4.174e+06	
4.31375e+06	4.2635e+06	4.2125e+06	4.218e+06	4.1595e+06	
4.2835e+06	4.18525e+06	4.18725e+06	4.189e+06	4.126e+06	
4.223e+06	4.184e+06	4.14875e+06	4.1525e+06	4.1085e+06	
4.283e+06	4.25025e+06	4.213e+06	4.1645e+06	4.14675e+06	
4.3025e+06	4.19675e+06	4.14675e+06	4.13425e+06	4.1285e+06	
4.2715e+06	4.235e+06	4.131e+06	4.1065e+06	4.194e+06	
4.2565e+06	4.2125e+06	4.1335e+06	4.1375e+06	4.14875e+06	
4.34725e+06	4.261e+06	4.23575e+06	4.22625e+06	4.21675e+06	
4.34775e+06	4.30875e+06	4.27425e+06	4.2735e+06	4.29e+06	
4.344e+06	4.3795e+06	4.25725e+06	4.266e+06	4.2255e+06	
4.3485e+06	4.36175e+06	4.30625e+06	4.2585e+06	4.198e+06	
4.29675e+06	4.24075e+06	4.26725e+06	4.22125e+06	4.208e+06	
4.2805e+06	4.20475e+06	4.23875e+06	4.21375e+06	4.25975e+06	
4.24075e+06	4.18975e+06	4.11025e+06	4.12925e+06	4.1185e+06	
4.16075e+06	4.13925e+06	4.1235e+06	4.1065e+06	4.11525e+06	
4.1715e+06	4.08125e+06	4.114e+06	4.11925e+06	4.03475e+06	
4.06e+06	4.0965e+06	4.10075e+06	4.10275e+06	4.09025e+06	
4.07575e+06	4.13875e+06	4.0485e+06	4.03475e+06	4.0415e+06	
4.04475e+06	3.96975e+06	3.9755e+06	4.029e+06	4.005e+06	
4.10525e+06	3.98125e+06	3.93575e+06	3.96475e+06	3.97175e+06	
3.96725e+06	3.985e+06	3.96725e+06	3.9395e+06	3.9365e+06	
3.9565e+06	3.92825e+06	3.898e+06	3.9325e+06	3.8835e+06	
3.96225e+06	3.95475e+06	3.94575e+06	3.9075e+06	3.939e+06	
3.98675e+06	3.8905e+06	3.87525e+06	3.89975e+06	3.884e+06	
3.9805e+06	3.90625e+06	3.87725e+06	3.898e+06	3.78775e+06	
3.95475e+06	3.78325e+06	3.8615e+06	3.83875e+06	3.7625e+06	
3.92e+06	3.87725e+06	3.87325e+06	3.8475e+06	3.775e+06	
3.9585e+06	3.9535e+06	3.8785e+06	3.91425e+06	3.86325e+06	
3.925e+06	3.9035e+06	3.93525e+06	3.7985e+06	3.8375e+06	
3.9345e+06	3.88475e+06	3.84625e+06	3.81675e+06	3.92875e+06	
3.9395e+06	3.8865e+06	3.89925e+06	3.9295e+06	3.838e+06	
3.9735e+06	3.91675e+06	3.91375e+06	3.881e+06	3.862e+06	
3.96025e+06	3.92875e+06	3.85325e+06	3.92825e+06	3.867e+06	
3.9295e+06	3.91375e+06	3.932e+06	3.86275e+06	3.847e+06	
3.985e+06	3.869e+06	3.8665e+06	3.845e+06	3.7965e+06	
3.864e+06	3.83375e+06	3.80725e+06	3.84125e+06	3.81425e+06	
3.838e+06	3.84875e+06	3.81025e+06	3.8015e+06	3.845e+06	
3.898e+06	3.833e+06	3.8065e+06	3.809e+06	3.85375e+06	
3.87025e+06	3.80275e+06	3.8135e+06	3.8115e+06	3.763e+06	
3.884e+06	3.86275e+06	3.76175e+06	3.794e+06	3.777e+06	
3.84875e+06	3.734e+06	3.755e+06	3.82875e+06	3.76825e+06	
3.85325e+06	3.859e+06	3.77875e+06	3.801e+06	3.78275e+06	
3.79775e+06	3.7625e+06	3.729e+06	3.695e+06	3.68125e+06	
3.8785e+06	3.76375e+06	3.76825e+06	3.73525e+06	3.705e+06	
3.763e+06	3.70825e+06	3.61125e+06	3.7115e+06	3.712e+06	
3.8135e+06	3.7485e+06	3.76625e+06	3.68625e+06	3.6975e+06	
3.77125e+06	3.729e+06	3.6875e+06	3.71275e+06	3.67175e+06	
3.78e+06	3.7525e+06	3.71325e+06	3.709e+06	3.68175e+06	
3.75625e+06	3.7455e+06	3.7265e+06	3.65225e+06	3.66475e+06	
3.7605e+06	3.69625e+06	3.70075e+06	3.69325e+06	3.66675e+06	
3.7945e+06	3.77575e+06	3.714e+06	3.67425e+06	3.719e+06	
3.797e+06	3.73975e+06	3.6875e+06	3.642e+06	3.659e+06	
3.683e+06	3.64275e+06	3.64475e+06	3.6415e+06	3.654e+06	
3.66975e+06	3.64975e+06	3.615e+06	3.64475e+06	3.60675e+06	
3.646e+06	3.6755e+06	3.66975e+06	3.64725e+06	3.58225e+06	
3.67425e+06	3.65725e+06	3.66925e+06	3.58975e+06	3.6125e+06	
3.63775e+06	3.61625e+06	3.60675e+06	3.56775e+06	3.55825e+06	
3.6105e+06	3.59675e+06	3.545e+06	3.5545e+06	3.5355e+06	
3.58925e+06	3.637e+06	3.53125e+06	3.53625e+06	3.5565e+06	
3.6705e+06	3.52625e+06	3.5955e+06	3.5035e+06	3.487e+06	
3.6605e+06	3.5615e+06	3.5595e+06	3.57275e+06	3.55525e+06	
3.59675e+06	3.547e+06	3.49225e+06	3.54575e+06	3.49525e+06	
3.5015e+06	3.482e+06	3.4865e+06	3.45175e+06	3.42725e+06	
3.56775e+06	3.41525e+06	3.4845e+06	3.44675e+06	3.4935e+06	
3.46325e+06	3.472e+06	3.513e+06	3.4645e+06	3.43475e+06	
3.458e+06	3.3875e+06	3.40275e+06	3.4625e+06	3.36925e+06	
3.42525e+06	3.37125e+06	3.35275e+06	3.363e+06	3.37925e+06	
3.35225e+06	3.32775e+06	3.29925e+06	3.28725e+06	3.32e+06	
3.21425e+06	3.201e+06	3.1525e+06	3.1575e+06	3.2035e+06	
3.153e+06	3.14875e+06	3.1135e+06	3.11725e+06	3.0945e+06	
3.0335e+06	2.998e+06	3.0145e+06	2.96225e+06	2.99625e+06	
2.9755e+06	2.918e+06	2.91e+06	2.90225e+06	2.9105e+06	
2.9175e+06	2.91875e+06	2.87575e+06	2.84675e+06	2.84675e+06	
2.79025e+06	2.79275e+06	2.78325e+06	2.7995e+06	2.775e+06	
2.76875e+06	2.7195e+06	2.71325e+06	2.71775e+06	2.70375e+06	
2.685e+06	2.739e+06	2.6565e+06	2.664e+06	2.6975e+06	
2.68625e+06	2.65975e+06	2.69375e+06	2.63325e+06	2.632e+06	
2.6445e+06	2.6275e+06	2.66925e+06	2.6295e+06	2.647e+06	
2.693e+06	2.659e+06	2.66275e+06	2.6295e+06	2.5885e+06	
2.69125e+06	2.688e+06	2.65225e+06	2.65275e+06	2.627e+06	
2.73725e+06	2.724e+06	2.68925e+06	2.673e+06	2.63525e+06	
2.8375e+06	2.7725e+06	2.79575e+06	2.763e+06	2.804e+06	
2.8985e+06	2.8625e+06	2.85825e+06	2.79275e+06	2.8595e+06	
2.9205e+06	2.94275e+06	2.91175e+06	2.85825e+06	2.87075e+06	
2.9685e+06	2.9925e+06	2.969e+06	2.97975e+06	2.9805e+06	
3.022e+06	3.0365e+06	2.97425e+06	3.00625e+06	2.97975e+06	
3.029e+06	2.98925e+06	2.998e+06	2.94525e+06	2.923e+06	
3.02825e+06	2.96975e+06	2.96525e+06	2.973e+06	2.98875e+06	
2.9875e+06	2.90925e+06	2.85325e+06	2.87075e+06	2.843e+06	
2.86775e+06	2.81025e+06	2.80525e+06	2.79025e+06	2.748e+06	
2.804e+06	2.7845e+06	2.765e+06	2.75425e+06	2.7095e+06	
2.74675e+06	2.79275e+06	2.772e+06	2.7655e+06	2.75675e+06	
2.8035e+06	2.707e+06	2.70125e+06	2.70875e+06	2.73775e+06	
2.74975e+06	2.7145e+06	2.741e+06	2.741e+06	2.68925e+06	
2.826e+06	2.7435e+06	2.6855e+06	2.751e+06	2.6905e+06	
2.73525e+06	2.7555e+06	2.6705e+06	2.6825e+06	2.68675e+06	
2.729e+06	2.7575e+06	2.76675e+06	2.72975e+06	2.70625e+06	
2.75225e+06	2.72725e+06	2.69375e+06	2.6925e+06	2.722e+06	
2.80775e+06	2.746e+06	2.753e+06	2.724e+06	2.70075e+06	
2.79275e+06	2.79075e+06	2.73775e+06	2.76425e+06	2.7655e+06	
2.74475e+06	2.77e+06	2.7655e+06	2.7385e+06	2.6905e+06	
2.714e+06	2.73475e+06	2.6875e+06	2.673e+06	2.64075e+06	
2.7335e+06	2.71575e+06	2.719e+06	2.69425e+06	2.66675e+06	
2.76375e+06	2.7165e+06	2.73225e+06	2.661e+06	2.66225e+06	
2.722e+06	2.751e+06	2.71575e+06	2.67725e+06	2.664e+06	
2.7245e+06	2.65275e+06	2.65525e+06	2.66225e+06	2.6195e+06	
2.7265e+06	2.668e+06	2.6905e+06	2.63575e+06	2.64825e+06	
2.70125e+06	2.68125e+06	2.68875e+06	2.66925e+06	2.62625e+06	
2.74175e+06	2.77825e+06	2.67175e+06	2.67225e+06	2.68425e+06	
2.736e+06	2.719e+06	2.71525e+06	2.722e+06	2.673e+06	
2.70075e+06	2.7e+06	2.7115e+06	2.707e+06	2.63775e+06	
2.68625e+06	2.70375e+06	2.72275e+06	2.69e+06	2.6445e+06	
2.75675e+06	2.7505e+06	2.753e+06	2.726e+06	2.6515e+06	
2.73275e+06	2.71325e+06	2.6615e+06	2.693e+06	2.68925e+06	
2.743e+06	2.76925e+06	2.73225e+06	2.707e+06	2.70375e+06	
2.758e+06	2.75225e+06	2.7705e+06	2.78375e+06	2.729e+06	
2.874e+06	2.8185e+06	2.78625e+06	2.78775e+06	2.804e+06	
2.86e+06	2.8695e+06	2.82425e+06	2.811e+06	2.814e+06	
2.833e+06	2.83225e+06	2.84425e+06	2.83875e+06	2.78e+06	
2.88725e+06	2.85875e+06	2.8115e+06	2.85075e+06	2.85875e+06	
2.9175e+06	2.87575e+06	2.886e+06	2.864e+06	2.89925e+06	
2.9085e+06	2.9225e+06	2.932e+06	2.891e+06	2.91175e+06	
2.92825e+06	2.94075e+06	2.90925e+06	2.881e+06	2.879e+06	
2.92375e+06	2.92175e+06	2.898e+06	2.8595e+06	2.94775e+06	
2.8765e+06	2.881e+06	2.8915e+06	2.86575e+06	2.867e+06	
2.95725e+06	2.9465e+06	2.87975e+06	2.87975e+06	2.87575e+06	
2.91625e+06	2.84875e+06	2.906e+06	2.85825e+06	2.833e+06	
2.90175e+06	2.85e+06	2.88225e+06	2.82425e+06	2.83675e+06	
2.8065e+06	2.83175e+06	2.811e+06	2.8425e+06	2.84375e+06	
2.9515e+06	2.857e+06	2.862e+06	2.89475e+06	2.82475e+06	
2.944e+06	2.8405e+06	2.84625e+06	2.89275e+06	2.81925e+06	
2.915e+06	2.89475e+06	2.896e+06	2.8835e+06	2.852e+06	
2.915e+06	2.90425e+06	2.82225e+06	2.8375e+06	2.826e+06	
2.9155e+06	2.879e+06	2.862e+06	2.8425e+06	2.8595e+06	
2.88225e+06	2.78575e+06	2.787e+06	2.7705e+06	2.77575e+06	
2.838e+06	2.8355e+06	2.78775e+06	2.83875e+06	2.79325e+06	
2.879e+06	2.8525e+06	2.8165e+06	2.8165e+06	2.84875e+06	
2.879e+06	2.84175e+06	2.82225e+06	2.76675e+06	2.79525e+06	
2.89025e+06	2.79525e+06	2.84125e+06	2.84875e+06	2.79575e+06	
2.84875e+06	2.8595e+06	2.8135e+06	2.82925e+06	2.82925e+06	
2.872e+06	2.79525e+06	2.86575e+06	2.85575e+06	2.80775e+06	
2.85075e+06	2.81475e+06	2.918e+06	2.81975e+06	2.80775e+06	
2.83675e+06	2.8235e+06	2.8085e+06	2.80475e+06	2.79775e+06	
2.82225e+06	2.799e+06	2.7675e+06	2.77625e+06	2.809e+06	
2.8165e+06	2.85875e+06	2.8305e+06	2.81225e+06	2.76925e+06	
2.84875e+06	2.867e+06	2.7825e+06	2.80025e+06	2.74975e+06	
2.84425e+06	2.816e+06	2.8375e+06	2.81975e+06	2.80275e+06	
2.84875e+06	2.7775e+06	2.79775e+06	2.831e+06	2.8065e+06	
2.83225e+06	2.88275e+06	2.823e+06	2.806e+06	2.79325e+06	
2.84e+06	2.86325e+06	2.828e+06	2.79825e+06	2.7945e+06	
2.85825e+06	2.84875e+06	2.818e+06	2.809e+06	2.82925e+06	
2.84e+06	2.85325e+06	2.821e+06	2.816e+06	2.81525e+06	
2.8695e+06	2.818e+06	2.8355e+06	2.814e+06	2.82975e+06	
2.7995e+06	2.81725e+06	2.81925e+06	2.79025e+06	2.828e+06	
2.821e+06	2.79525e+06	2.83425e+06	2.82175e+06	2.77325e+06	
2.85325e+06	2.7965e+06	2.81275e+06	2.80975e+06	2.80475e+06	
2.7945e+06	2.85075e+06	2.79275e+06	2.8165e+06	2.79275e+06	
2.8765e+06	2.77625e+06	2.75225e+06	2.753e+06	2.76425e+06	
2.84375e+06	2.83375e+06	2.81475e+06	2.77125e+06	2.79025e+06	
2.8355e+06	2.765e+06	2.83225e+06	2.743e+06	2.809e+06	
2.8355e+06	2.7745e+06	2.8015e+06	2.797e+06	2.81225e+06	
2.82225e+06	2.81925e+06	2.79025e+06	2.792e+06	2.73475e+06	
2.80275e+06	2.77575e+06	2.73725e+06	2.7575e+06	2.7845e+06	
2.74725e+06	2.7195e+06	2.78575e+06	2.72775e+06	2.7485e+06	
2.8205e+06	2.74225e+06	2.75675e+06	2.7385e+06	2.758e+06	
2.799e+06	2.77575e+06	2.792e+06	2.758e+06	2.77575e+06	
2.85125e+06	2.73025e+06	2.7575e+06	2.74675e+06	2.74975e+06	
2.7145e+06	2.7625e+06	2.71325e+06	2.66675e+06	2.68375e+06	
2.72075e+06	2.7775e+06	2.7095e+06	2.726e+06	2.758e+06	
2.7625e+06	2.70075e+06	2.7165e+06	2.72275e+06	2.70575e+06	
2.73025e+06	2.70575e+06	2.74425e+06	2.71075e+06	2.6705e+06	
2.72075e+06	2.7335e+06	2.67675e+06	2.65975e+06	2.72725e+06	
2.7485e+06	2.6905e+06	2.74175e+06	2.7045e+06	2.739e+06	
2.7315e+06	2.702e+06	2.70325e+06	2.64075e+06	2.69825e+06	
2.71075e+06	2.69375e+06	2.7265e+06	2.6565e+06	2.68375e+06	
2.68675e+06	2.6925e+06	2.695e+06	2.695e+06	2.71775e+06	
2.705e+06	2.68875e+06	2.6615e+06	2.69175e+06	2.63775e+06	
2.65975e+06	2.69e+06	2.64075e+06	2.66275e+06	2.63075e+06	
2.68625e+06	2.639e+06	2.632e+06	2.622e+06	2.69125e+06	
2.69125e+06	2.632e+06	2.6345e+06	2.639e+06	2.6295e+06	
2.72075e+06	2.654e+06	2.6515e+06	2.64775e+06	2.60625e+06	
2.68425e+06	2.68375e+06	2.6615e+06	2.61625e+06	2.6345e+06	
2.71075e+06	2.69575e+06	2.627e+06	2.6395e+06	2.62325e+06	
2.67225e+06	2.6515e+06	2.6465e+06	2.59225e+06	2.613e+06	
2.63325e+06	2.69825e+06	2.596e+06	2.6125e+06	2.6225e+06	
2.676e+06	2.61625e+06	2.644e+06	2.6345e+06	2.64025e+06	
2.6565e+06	2.60175e+06	2.581e+06	2.57975e+06	2.63e+06	
2.579e+06	2.62075e+06	2.62625e+06	2.63525e+06	2.61175e+06	
2.605e+06	2.6175e+06	2.63525e+06	2.6195e+06	2.59175e+06	
2.598e+06	2.55775e+06	2.60225e+06	2.516e+06	2.5715e+06	
2.62575e+06	2.59725e+06	2.5785e+06	2.55325e+06	2.58275e+06	
2.572e+06	2.56575e+06	2.61625e+06	2.574e+06	2.53875e+06	
2.59725e+06	2.55125e+06	2.57475e+06	2.53375e+06	2.53425e+06	
2.618e+06	2.53125e+06	2.56775e+06	2.5355e+06	2.5545e+06	
2.5865e+06	2.5475e+06	2.53e+06	2.52425e+06	2.5495e+06	
2.59175e+06	2.54625e+06	2.51675e+06	2.52925e+06	2.55e+06	
2.50475e+06	2.53175e+06	2.51025e+06	2.47625e+06	2.48275e+06	
2.438e+06	2.397e+06	2.36225e+06	2.39325e+06	2.385e+06	
2.23125e+06	2.24075e+06	2.22875e+06	2.228e+06	2.19975e+06	
1.93325e+06	1.896e+06	1.92e+06	1.86325e+06	1.882e+06	
1.676e+06	1.65725e+06	1.62e+06	1.6275e+06	1.659e+06	
1.3995e+06	1.42725e+06	1.385e+06	1.393e+06	1.414e+06	
1.2425e+06	1.23625e+06	1.25775e+06	1.23175e+06	1.2475e+06	
1.16175e+06	1.13675e+06	1.18575e+06	1.19075e+06	1.1625e+06	
1.2185e+06	1.187e+06	1.22175e+06	1.201e+06	1.2255e+06	
1.31825e+06	1.33775e+06	1.28975e+06	1.29475e+06	1.3105e+06	
1.4115e+06	1.395e+06	1.41575e+06	1.402e+06	1.38125e+06	
1.463e+06	1.44725e+06	1.47075e+06	1.4335e+06	1.42025e+06	
1.42275e+06	1.448e+06	1.47125e+06	1.4385e+06	1.42525e+06	
1.44225e+06	1.4555e+06	1.4535e+06	1.431e+06	1.4315e+06	
1.453e+06	1.44225e+06	1.42475e+06	1.446e+06	1.4115e+06	
1.44675e+06	1.422e+06	1.43225e+06	1.45425e+06	1.429e+06	
1.43475e+06	1.4605e+06	1.45625e+06	1.4195e+06	1.3945e+06	
1.4865e+06	1.49025e+06	1.4775e+06	1.46125e+06	1.509e+06	
1.53375e+06	1.518e+06	1.52175e+06	1.52925e+06	1.51975e+06	
1.60475e+06	1.57025e+06	1.603e+06	1.58475e+06	1.59675e+06	
1.63075e+06	1.68875e+06	1.65325e+06	1.6585e+06	1.68875e+06	
1.729e+06	1.678e+06	1.6805e+06	1.69875e+06	1.69e+06	
1.8115e+06	1.802e+06	1.77175e+06	1.75975e+06	1.7875e+06	
1.84175e+06	1.8575e+06	1.86325e+06	1.809e+06	1.85e+06	
1.96775e+06	1.932e+06	1.88525e+06	1.911e+06	1.92e+06	
2.00375e+06	1.9885e+06	1.986e+06	1.9835e+06	1.94075e+06	
2.03275e+06	2.04225e+06	2.0295e+06	2.0605e+06	1.988e+06	
2.109e+06	2.1235e+06	2.092e+06	2.097e+06	2.07675e+06	
2.1845e+06	2.13475e+06	2.1575e+06	2.143e+06	2.11975e+06	
2.24e+06	2.16575e+06	2.16125e+06	2.15375e+06	2.124e+06	
2.24075e+06	2.1915e+06	2.199e+06	2.14875e+06	2.20675e+06	
2.26775e+06	2.20925e+06	2.19275e+06	2.21225e+06	2.2275e+06	
2.25525e+06	2.22375e+06	2.189e+06	2.223e+06	2.237e+06	
2.26025e+06	2.21425e+06	2.21175e+06	2.1965e+06	2.20025e+06	
2.22125e+06	2.22675e+06	2.26775e+06	2.2325e+06	2.22625e+06	
2.29475e+06	2.25775e+06	2.26775e+06	2.254e+06	2.19475e+06	
2.21475e+06	2.2425e+06	2.24075e+06	2.26275e+06	2.23125e+06	
2.28175e+06	2.228e+06	2.2565e+06	2.23825e+06	2.22375e+06	
2.2855e+06	2.25775e+06	2.2425e+06	2.23125e+06	2.22675e+06	
2.2595e+06	2.20975e+06	2.21475e+06	2.2275e+06	2.25075e+06	
2.264e+06	2.2225e+06	2.22625e+06	2.233e+06	2.21225e+06	
2.2615e+06	2.23875e+06	2.26575e+06	2.22875e+06	2.2055e+06	
2.25325e+06	2.189e+06	2.184e+06	2.19525e+06	2.18275e+06	
2.254e+06	2.264e+06	2.19475e+06	2.213e+06	2.22125e+06	
2.25e+06	2.19725e+06	2.23e+06	2.2085e+06	2.24075e+06	
2.223e+06	2.245e+06	2.1765e+06	2.2255e+06	2.1745e+06	
2.23825e+06	2.23175e+06	2.2205e+06	2.17375e+06	2.20925e+06	
2.20025e+06	2.19725e+06	2.19225e+06	2.1815e+06	2.16625e+06	
2.179e+06	2.194e+06	2.1695e+06	2.20675e+06	2.17e+06	
2.25775e+06	2.20725e+06	2.1695e+06	2.17125e+06	2.14225e+06	
2.20025e+06	2.15675e+06	2.14675e+06	2.15875e+06	2.172e+06	
2.1815e+06	2.167e+06	2.145e+06	2.119e+06	2.177e+06	
2.19025e+06	2.13675e+06	2.16325e+06	2.10525e+06	2.1455e+06	
2.177e+06	2.153e+06	2.1745e+06	2.153e+06	2.1475e+06	
2.15675e+06	2.167e+06	2.13425e+06	2.18325e+06	2.14375e+06	
2.18775e+06	2.14175e+06	2.15175e+06	2.099e+06	2.18075e+06	
2.17325e+06	2.1215e+06	2.145e+06	2.1595e+06	2.133e+06	
2.184e+06	2.153e+06	2.131e+06	2.15125e+06	2.11075e+06	
2.15425e+06	2.078e+06	2.12775e+06	2.05025e+06	2.0805e+06	
2.15175e+06	2.12275e+06	2.12775e+06	2.11475e+06	2.104e+06	
2.141e+06	2.13925e+06	2.1065e+06	2.13675e+06	2.10575e+06	
2.0755e+06	2.1215e+06	2.1525e+06	2.1265e+06	2.10825e+06	
2.13675e+06	2.1475e+06	2.114e+06	2.1015e+06	2.04975e+06	
2.1455e+06	2.11775e+06	2.05925e+06	2.09125e+06	2.10775e+06	
2.16325e+06	2.0705e+06	2.0755e+06	2.08175e+06	2.07375e+06	
2.1065e+06	2.10025e+06	2.06225e+06	2.109e+06	2.06475e+06	
2.12275e+06	2.0825e+06	2.12225e+06	2.08875e+06	2.08875e+06	
2.1015e+06	2.131e+06	2.0585e+06	2.08375e+06	2.0845e+06	
2.08325e+06	2.0995e+06	2.06425e+06	2.0775e+06	2.087e+06	
2.0945e+06	2.051e+06	2.07875e+06	2.1045e+06	2.03975e+06	
2.05725e+06	2.063e+06	2.04025e+06	2.0875e+06	2.049e+06	
2.12225e+06	2.08575e+06	2.0895e+06	2.104e+06	2.04475e+06	
2.119e+06	2.1065e+06	2.07875e+06	2.0385e+06	2.10575e+06	
2.08625e+06	2.0655e+06	2.1045e+06	2.09825e+06	2.01875e+06	
2.07425e+06	2.061e+06	2.06475e+06	2.05425e+06	2.04525e+06	
2.06425e+06	2.03725e+06	2.046e+06	2.0265e+06	2.034e+06	
2.04275e+06	2.0585e+06	2.05675e+06	2.017e+06	2.0555e+06	
2.07375e+06	2.041e+06	2.06475e+06	2.05225e+06	2.09375e+06	
2.04225e+06	2.032e+06	2.05425e+06	2.007e+06	2.05025e+06	
2.078e+06	2.05225e+06	2.04025e+06	2.024e+06	2.041e+06	
2.049e+06	2.03025e+06	2.017e+06	1.96475e+06	2.00625e+06	
2.0775e+06	2.06475e+06	2.04525e+06	2.029e+06	1.99925e+06	
2.09625e+06	2.0195e+06	2.0125e+06	2.03525e+06	1.998e+06	
2.04275e+06	1.9975e+06	2.02275e+06	1.9975e+06	1.9805e+06	
2.066e+06	2.02525e+06	1.969e+06	1.981e+06	1.99925e+06	
2.0215e+06	2.03975e+06	2.024e+06	2.01075e+06	1.99375e+06	
2.00875e+06	2.03275e+06	2.007e+06	1.95325e+06	2.0025e+06	
1.988e+06	1.995e+06	1.98175e+06	1.978e+06	1.95775e+06	
2.03075e+06	1.9755e+06	1.993e+06	1.97025e+06	2.007e+06	
1.98675e+06	1.9425e+06	1.96975e+06	1.923e+06	1.971e+06	
1.96475e+06	1.98975e+06	1.947e+06	1.9465e+06	1.9595e+06	
1.98225e+06	1.9515e+06	1.93075e+06	1.94825e+06	1.92625e+06	
2.0095e+06	1.96275e+06	1.9295e+06	1.98925e+06	1.91225e+06	
1.97675e+06	1.93875e+06	1.9275e+06	1.9565e+06	1.952e+06	
1.93075e+06	1.96025e+06	1.9175e+06	1.94575e+06	1.94075e+06	
1.9565e+06	1.9275e+06	1.9715e+06	1.94075e+06	1.89975e+06	
1.90975e+06	1.91175e+06	1.8865e+06	1.89775e+06	1.88025e+06	
1.88525e+06	1.901e+06	1.88975e+06	1.89025e+06	1.92625e+06	
1.90925e+06	1.894e+06	1.877e+06	1.84e+06	1.91625e+06	
1.8625e+06	1.88725e+06	1.90475e+06	1.84625e+06	1.874e+06	
1.9595e+06	1.89725e+06	1.89525e+06	1.869e+06	1.8255e+06	
1.89225e+06	1.86325e+06	1.87825e+06	1.91675e+06	1.84875e+06	
1.88525e+06	1.85125e+06	1.8795e+06	1.83475e+06	1.8475e+06	
1.89225e+06	1.8545e+06	1.87825e+06	1.8335e+06	1.8525e+06	
1.85125e+06	1.8795e+06	1.809e+06	1.85575e+06	1.804e+06	
1.86325e+06	1.84175e+06	1.82725e+06	1.83175e+06	1.83225e+06	
1.823e+06	1.845e+06	1.86e+06	1.799e+06	1.84675e+06	
1.85e+06	1.82675e+06	1.79275e+06	1.8135e+06	1.82225e+06	
1.87075e+06	1.83925e+06	1.82725e+06	1.82025e+06	1.8285e+06	
1.819e+06	1.7965e+06	1.83675e+06	1.80975e+06	1.843e+06	
1.82225e+06	1.8305e+06	1.7845e+06	1.83175e+06	1.8135e+06	
1.85875e+06	1.84375e+06	1.83225e+06	1.77875e+06	1.7825e+06	
1.8235e+06	1.82925e+06	1.82225e+06	1.80025e+06	1.79575e+06	
1.78575e+06	1.79525e+06	1.81725e+06	1.792e+06	1.8115e+06	
1.7965e+06	1.8215e+06	1.8215e+06	1.78325e+06	1.777e+06	
1.81725e+06	1.797e+06	1.821e+06	1.794e+06	1.8115e+06	
1.7725e+06	1.75975e+06	1.7845e+06	1.77375e+06	1.78825e+06	
1.78875e+06	1.77125e+06	1.74925e+06	1.74025e+06	1.78125e+06	
1.7775e+06	1.787e+06	1.78075e+06	1.7555e+06	1.7725e+06	
1.78125e+06	1.75225e+06	1.76375e+06	1.76375e+06	1.73775e+06	
1.7995e+06	1.7705e+06	1.74725e+06	1.77375e+06	1.74975e+06	
1.7995e+06	1.79575e+06	1.77825e+06	1.75975e+06	1.75725e+06	
1.79275e+06	1.79275e+06	1.75425e+06	1.75725e+06	1.751e+06	
1.7705e+06	1.777e+06	1.73725e+06	1.75225e+06	1.77425e+06	
1.7965e+06	1.79075e+06	1.76375e+06	1.727e+06	1.73475e+06	
1.7125e+06	1.76625e+06	1.72525e+06	1.72075e+06	1.74525e+06	
1.753e+06	1.74975e+06	1.765e+06	1.739e+06	1.71e+06	
1.7555e+06	1.71525e+06	1.68875e+06	1.7165e+06	1.741e+06	
1.73475e+06	1.719e+06	1.71775e+06	1.7075e+06	1.661e+06	
1.7775e+06	1.70825e+06	1.68925e+06	1.70625e+06	1.6785e+06	
1.70325e+06	1.70325e+06	1.71575e+06	1.6665e+06	1.6665e+06	
1.7145e+06	1.719e+06	1.68875e+06	1.68625e+06	1.69175e+06	
1.688e+06	1.67175e+06	1.67725e+06	1.685e+06	1.664e+06	
1.676e+06	1.6975e+06	1.635e+06	1.6665e+06	1.666e+06	
1.72275e+06	1.70575e+06	1.69625e+06	1.65725e+06	1.69625e+06	
1.73725e+06	1.65775e+06	1.66775e+06	1.64075e+06	1.67225e+06	
1.71e+06	1.65475e+06	1.63325e+06	1.69e+06	1.652e+06	
1.6665e+06	1.661e+06	1.654e+06	1.63125e+06	1.6395e+06	
1.69625e+06	1.683e+06	1.65275e+06	1.62825e+06	1.65475e+06	
1.625e+06	1.6325e+06	1.63075e+06	1.615e+06	1.63825e+06	
1.67475e+06	1.683e+06	1.66775e+06	1.6495e+06	1.62375e+06	
1.68925e+06	1.63e+06	1.62825e+06	1.6125e+06	1.6325e+06	
1.62325e+06	1.632e+06	1.61425e+06	1.60925e+06	1.57075e+06	
1.62175e+06	1.654e+06	1.6325e+06	1.608e+06	1.6375e+06	
1.606e+06	1.58475e+06	1.608e+06	1.591e+06	1.59425e+06	
1.62875e+06	1.5985e+06	1.65275e+06	1.61875e+06	1.56125e+06	
1.598e+06	1.63e+06	1.637e+06	1.58225e+06	1.6275e+06	
1.618e+06	1.5985e+06	1.5835e+06	1.61125e+06	1.5865e+06	
1.635e+06	1.632e+06	1.59975e+06	1.61675e+06	1.60875e+06	
1.584e+06	1.62e+06	1.56525e+06	1.5865e+06	1.591e+06	
1.62325e+06	1.598e+06	1.60225e+06	1.5915e+06	1.57075e+06	
1.58775e+06	1.6415e+06	1.6125e+06	1.5745e+06	1.586e+06	
1.589e+06	1.59675e+06	1.613e+06	1.56125e+06	1.57325e+06	
1.61e+06	1.5645e+06	1.581e+06	1.5835e+06	1.53875e+06	
1.57325e+06	1.55825e+06	1.57525e+06	1.55825e+06	1.5665e+06	
1.57525e+06	1.5665e+06	1.58725e+06	1.58475e+06	1.5865e+06	
1.56275e+06	1.58275e+06	1.547e+06	1.5835e+06	1.53625e+06	
1.57325e+06	1.538e+06	1.55125e+06	1.51525e+06	1.54e+06	
1.54825e+06	1.5545e+06	1.5325e+06	1.50975e+06	1.54825e+06	
1.50725e+06	1.52725e+06	1.49325e+06	1.5375e+06	1.518e+06	
1.526e+06	1.52425e+06	1.52175e+06	1.5115e+06	1.53925e+06	
1.5085e+06	1.5085e+06	1.514e+06	1.49075e+06	1.51525e+06	
1.51975e+06	1.52975e+06	1.55325e+06	1.51725e+06	1.52725e+06	
1.501e+06	1.46625e+06	1.4795e+06	1.46175e+06	1.49325e+06	
1.50725e+06	1.48825e+06	1.49775e+06	1.4555e+06	1.49575e+06	
1.48375e+06	1.455e+06	1.4865e+06	1.475e+06	1.47e+06	
1.48125e+06	1.47375e+06	1.48375e+06	1.49775e+06	1.42525e+06	
1.47575e+06	1.45175e+06	1.4455e+06	1.44675e+06	1.46425e+06	
1.4625e+06	1.43225e+06	1.4655e+06	1.46425e+06	1.40825e+06	
1.448e+06	1.43225e+06	1.43275e+06	1.431e+06	1.4485e+06	
1.4195e+06	1.40625e+06	1.426e+06	1.4165e+06	1.4265e+06	
1.38425e+06	1.34775e+06	1.397e+06	1.385e+06	1.38425e+06	
1.3755e+06	1.35475e+06	1.36925e+06	1.361e+06	1.33325e+06	
1.33575e+06	1.34325e+06	1.363e+06	1.34975e+06	1.39575e+06	
1.3805e+06	1.342e+06	1.33775e+06	1.325e+06	1.325e+06	
1.351e+06	1.361e+06	1.30875e+06	1.31825e+06	1.32575e+06	
1.3245e+06	1.3025e+06	1.313e+06	1.301e+06	1.3055e+06	
1.30625e+06	1.28225e+06	1.303e+06	1.29425e+06	1.3005e+06	
1.3005e+06	1.3105e+06	1.301e+06	1.28975e+06	1.28725e+06	
1.28725e+06	1.262e+06	1.2985e+06	1.28225e+06	1.25825e+06	
1.25125e+06	1.2765e+06	1.2425e+06	1.26275e+06	1.2275e+06	
1.27475e+06	1.247e+06	1.23875e+06	1.269e+06	1.2275e+06	
1.26025e+06	1.276e+06	1.25375e+06	1.271e+06	1.25775e+06	
1.255e+06	1.264e+06	1.255e+06	1.281e+06	1.252e+06	
1.252e+06	1.2445e+06	1.24e+06	1.21425e+06	1.2185e+06	
1.2595e+06	1.2495e+06	1.24e+06	1.2375e+06	1.24875e+06	
1.26825e+06	1.23925e+06	1.26825e+06	1.21425e+06	1.22225e+06	
1.245e+06	1.24625e+06	1.24575e+06	1.23875e+06	1.25125e+06	
1.28675e+06	1.27475e+06	1.27025e+06	1.279e+06	1.2545e+06	
1.276e+06	1.2305e+06	1.245e+06	1.228e+06	1.2735e+06	
1.271e+06	1.23675e+06	1.23875e+06	1.23625e+06	1.24575e+06	
1.2615e+06	1.25075e+06	1.24125e+06	1.26575e+06	1.24125e+06	
1.28025e+06	1.28725e+06	1.264e+06	1.28225e+06	1.2645e+06	
1.28475e+06	1.276e+06	1.303e+06	1.291e+06	1.30625e+06	
1.3195e+06	1.34325e+06	1.31825e+06	1.293e+06	1.3005e+06	
1.322e+06	1.3025e+06	1.31e+06	1.32875e+06	1.293e+06	
1.31125e+06	1.327e+06	1.30375e+06	1.28925e+06	1.286e+06	
1.32325e+06	1.276e+06	1.28225e+06	1.27975e+06	1.28475e+06	
1.276e+06	1.26025e+06	1.2475e+06	1.26525e+06	1.255e+06	
1.223e+06	1.25375e+06	1.20225e+06	1.19075e+06	1.21225e+06	
1.17125e+06	1.194e+06	1.1815e+06	1.14925e+06	1.16175e+06	
1.196e+06	1.15375e+06	1.17325e+06	1.17e+06	1.1605e+06	
1.1695e+06	1.1555e+06	1.17625e+06	1.12725e+06	1.15125e+06	
1.22225e+06	1.1645e+06	1.172e+06	1.18575e+06	1.14425e+06	
1.20725e+06	1.2155e+06	1.19725e+06	1.20525e+06	1.18825e+06	
1.271e+06	1.2445e+06	1.2445e+06	1.2235e+06	1.20475e+06	
1.27725e+06	1.23425e+06	1.25075e+06	1.25125e+06	1.24825e+06	
1.27025e+06	1.26575e+06	1.271e+06	1.2565e+06	1.25075e+06	
1.23625e+06	1.269e+06	1.24625e+06	1.2735e+06	1.2475e+06	
1.293e+06	1.25375e+06	1.24625e+06	1.25375e+06	1.257e+06	
1.2815e+06	1.2645e+06	1.2445e+06	1.2355e+06	1.22875e+06	
1.3075e+06	1.291e+06	1.24375e+06	1.2735e+06	1.23875e+06	
1.284e+06	1.264e+06	1.27775e+06	1.22925e+06	1.27025e+06	
1.27975e+06	1.25575e+06	1.2205e+06	1.2525e+06	1.24625e+06	
1.23125e+06	1.25575e+06	1.24075e+06	1.24825e+06	1.25575e+06	
1.238e+06	1.233e+06	1.19275e+06	1.2275e+06	1.21175e+06	
1.21175e+06	1.24375e+06	1.20775e+06	1.19075e+06	1.2255e+06	
1.238e+06	1.1915e+06	1.23625e+06	1.218e+06	1.21475e+06	
1.2105e+06	1.20725e+06	1.2085e+06	1.192e+06	1.2015e+06	
1.2205e+06	1.201e+06	1.20725e+06	1.187e+06	1.1895e+06	
1.20225e+06	1.19975e+06	1.20725e+06	1.19075e+06	1.1815e+06	
1.21425e+06	1.2015e+06	1.2085e+06	1.22675e+06	1.16575e+06	
1.19975e+06	1.18525e+06	1.22675e+06	1.20475e+06	1.20225e+06	
1.21975e+06	1.177e+06	1.19525e+06	1.216e+06	1.19275e+06	
1.2035e+06	1.189e+06	1.20225e+06	1.192e+06	1.1895e+06	
1.21225e+06	1.21225e+06	1.21475e+06	1.18525e+06	1.194e+06	
1.20275e+06	1.2155e+06	1.18025e+06	1.209e+06	1.2015e+06	
1.2185e+06	1.18575e+06	1.184e+06	1.1895e+06	1.187e+06	
1.19725e+06	1.235e+06	1.18575e+06	1.22175e+06	1.18325e+06	
1.1915e+06	1.184e+06	1.19325e+06	1.19725e+06	1.1845e+06	
1.1895e+06	1.18825e+06	1.2135e+06	1.1795e+06	1.199e+06	
1.187e+06	1.19075e+06	1.192e+06	1.194e+06	1.18775e+06	
1.18775e+06	1.20025e+06	1.1675e+06	1.20975e+06	1.182e+06	
1.19325e+06	1.177e+06	1.1865e+06	1.189e+06	1.19275e+06	
1.18525e+06	1.1865e+06	1.1775e+06	1.2035e+06	1.15175e+06	
1.19075e+06	1.20525e+06	1.18275e+06	1.163e+06	1.15875e+06	
1.18075e+06	1.17125e+06	1.20725e+06	1.2065e+06	1.167e+06	
1.21975e+06	1.16175e+06	1.196e+06	1.1795e+06	1.1795e+06	
1.199e+06	1.1895e+06	1.1915e+06	1.19525e+06	1.187e+06	
1.2275e+06	1.19275e+06	1.21225e+06	1.1915e+06	1.1985e+06	
1.209e+06	1.18825e+06	1.21225e+06	1.204e+06	1.189e+06	
1.2105e+06	1.16875e+06	1.2135e+06	1.213e+06	1.18075e+06	
1.1985e+06	1.1845e+06	1.1675e+06	1.1795e+06	1.1795e+06	
1.19025e+06	1.21475e+06	1.204e+06	1.177e+06	1.19075e+06	
1.221e+06	1.21725e+06	1.20975e+06	1.1865e+06	1.21675e+06	
1.204e+06	1.1965e+06	1.18825e+06	1.2015e+06	1.1625e+06	
1.216e+06	1.21425e+06	1.18275e+06	1.1845e+06	1.19775e+06	
1.199e+06	1.196e+06	1.1795e+06	1.1505e+06	1.19975e+06	
1.221e+06	1.18825e+06	1.17625e+06	1.2035e+06	1.175e+06	
1.189e+06	1.16825e+06	1.187e+06	1.1865e+06	1.2015e+06	
1.194e+06	1.1815e+06	1.19525e+06	1.18775e+06	1.196e+06	
1.19775e+06	1.19025e+06	1.21725e+06	1.187e+06	1.172e+06	
1.1775e+06	1.194e+06	1.206e+06	1.21175e+06	1.192e+06	
1.22175e+06	1.19775e+06	1.20525e+06	1.194e+06	1.19475e+06	
1.19025e+06	1.20275e+06	1.1895e+06	1.17875e+06	1.17625e+06	
1.19775e+06	1.18525e+06	1.158e+06	1.1845e+06	1.1725e+06	
1.2085e+06	1.17325e+06	1.17575e+06	1.17825e+06	1.163e+06	
1.192e+06	1.15625e+06	1.16625e+06	1.19275e+06	1.192e+06	
1.199e+06	1.167e+06	1.1645e+06	1.2065e+06	1.17575e+06	
1.19325e+06	1.15425e+06	1.1895e+06	1.1775e+06	1.17125e+06	
1.211e+06	1.17575e+06	1.1525e+06	1.177e+06	1.1895e+06	
1.16e+06	1.15e+06	1.17375e+06	1.17125e+06	1.14225e+06	
1.16175e+06	1.1675e+06	1.165e+06	1.192e+06	1.182e+06	
1.18275e+06	1.19475e+06	1.19075e+06	1.15875e+06	1.18275e+06	
1.1625e+06	1.1605e+06	1.158e+06	1.177e+06	1.18025e+06	
1.18025e+06	1.155e+06	1.14925e+06	1.15175e+06	1.18075e+06	
1.15925e+06	1.15175e+06	1.17e+06	1.13475e+06	1.1455e+06	
1.17825e+06	1.14425e+06	1.167e+06	1.14925e+06	1.163e+06	
1.13425e+06	1.129e+06	1.13975e+06	1.1385e+06	1.13925e+06	
1.16825e+06	1.155e+06	1.136e+06	1.163e+06	1.14175e+06	
1.158e+06	1.143e+06	1.13025e+06	1.1605e+06	1.136e+06	
1.17325e+06	1.18325e+06	1.138e+06	1.13925e+06	1.16e+06	
1.15625e+06	1.148e+06	1.12775e+06	1.13675e+06	1.15e+06	
1.14425e+06	1.167e+06	1.172e+06	1.13975e+06	1.1505e+06	
1.16e+06	1.1505e+06	1.12725e+06	1.16875e+06	1.1265e+06	
1.10325e+06	1.14725e+06	1.131e+06	1.1525e+06	1.155e+06	
1.15375e+06	1.126e+06	1.141e+06	1.124e+06	1.124e+06	
1.15875e+06	1.13225e+06	1.141e+06	1.14675e+06	1.138e+06	
1.1555e+06	1.14175e+06	1.1115e+06	1.1355e+06	1.13725e+06	
1.143e+06	1.13725e+06	1.14925e+06	1.13475e+06	1.1265e+06	
1.12725e+06	1.13025e+06	1.13475e+06	1.13425e+06	1.14175e+06	
1.1335e+06	1.13475e+06	1.12475e+06	1.14925e+06	1.13275e+06	
1.12725e+06	1.153e+06	1.13725e+06	1.153e+06	1.121e+06	
1.13475e+06	1.1405e+06	1.10125e+06	1.1385e+06	1.14175e+06	
1.1095e+06	1.11525e+06	1.12775e+06	1.13025e+06	1.119e+06	
1.1165e+06	1.0995e+06	1.129e+06	1.109e+06	1.10525e+06	
1.09575e+06	1.09625e+06	1.06225e+06	1.09375e+06	1.09575e+06	
1.0875e+06	1.09075e+06	1.0825e+06	1.073e+06	1.08425e+06	
1.085e+06	1.1235e+06	1.0585e+06	1.06175e+06	1.08125e+06	
1.09625e+06	1.092e+06	1.092e+06	1.10825e+06	1.09125e+06	
1.10275e+06	1.10775e+06	1.0925e+06	1.09125e+06	1.0895e+06	
1.13225e+06	1.09e+06	1.12475e+06	1.08375e+06	1.1045e+06	
1.09075e+06	1.102e+06	1.112e+06	1.112e+06	1.10275e+06	
1.06675e+06	1.07925e+06	1.09875e+06	1.1065e+06	1.09e+06	
1.11025e+06	1.124e+06	1.095e+06	1.0895e+06	1.0875e+06	
1.0995e+06	1.102e+06	1.097e+06	1.109e+06	1.075e+06	
1.09375e+06	1.0705e+06	1.08875e+06	1.09875e+06	1.1e+06	
1.0855e+06	1.08375e+06	1.0825e+06	1.08e+06	1.0805e+06	
1.08875e+06	1.056e+06	1.07375e+06	1.06975e+06	1.054e+06	
1.08425e+06	1.0585e+06	1.0515e+06	1.0535e+06	1.06675e+06	
1.032e+06	1.05475e+06	1.0585e+06	1.01325e+06	1.03025e+06	
1.022e+06	1.0265e+06	1.01075e+06	1.022e+06	1.0125e+06	
1.00875e+06	1.003e+06	1.02125e+06	1.025e+06	1.02125e+06	
1.04225e+06	1.032e+06	1.022e+06	1.00875e+06	1.02325e+06	
1.04075e+06	1.02825e+06	1.05725e+06	1.061e+06	1.0485e+06	
1.0655e+06	1.05275e+06	1.05975e+06	1.061e+06	1.04775e+06	
1.0995e+06	1.0535e+06	1.056e+06	1.07175e+06	1.01625e+06	
1.06725e+06	1.061e+06	1.04725e+06	1.039e+06	1.032e+06	
1.06925e+06	1.07675e+06	1.049e+06	1.046e+06	1.04075e+06	
1.07625e+06	1.09e+06	1.073e+06	1.04475e+06	1.04225e+06	
1.0465e+06	1.07425e+06	1.04525e+06	1.075e+06	1.06675e+06	
1.07625e+06	1.05225e+06	1.071e+06	1.03575e+06	1.0635e+06	
1.0805e+06	1.04475e+06	1.0805e+06	1.066e+06	1.068e+06	
1.061e+06	1.06975e+06	1.05725e+06	1.04975e+06	1.06725e+06	
1.07375e+06	1.068e+06	1.05025e+06	1.0465e+06	1.05675e+06	
1.0685e+06	1.071e+06	1.06925e+06	1.04275e+06	1.0635e+06	
1.07375e+06	1.0515e+06	1.071e+06	1.05725e+06	1.08375e+06	
1.054e+06	1.078e+06	1.04525e+06	1.05975e+06	1.05525e+06	
1.06725e+06	1.05925e+06	1.03025e+06	1.005e+06	1.05525e+06	
1.04975e+06	1.03275e+06	1.05025e+06	1.02575e+06	1.04975e+06	
1.05475e+06	1.05475e+06	1.0245e+06	1.044e+06	1.03075e+06	
1.06225e+06	1.02325e+06	1.0245e+06	1.04025e+06	1.066e+06	
1.04725e+06	1.02375e+06	1.054e+06	1.01625e+06	1.04775e+06	
1.029e+06	1.027e+06	1.058e+06	1.04775e+06	1.054e+06	
1.025e+06	1.05025e+06	1.05025e+06	1.03575e+06	1.058e+06	
1.04775e+06	1.04025e+06	1.01625e+06	1.0395e+06	1.0635e+06	
1.0415e+06	1.0145e+06	1.00125e+06	1.01625e+06	1.03825e+06	
1.039e+06	1.0535e+06	1.0585e+06	1.02575e+06	1.00625e+06	
1.0635e+06	1.0415e+06	1.02375e+06	1.03275e+06	1.017e+06	
1.044e+06	1.02e+06	1.03525e+06	1.032e+06	1.0365e+06	
1.0265e+06	1.01375e+06	1.02325e+06	1.0125e+06	1.02325e+06	
1.027e+06	1.0365e+06	1.01825e+06	1.046e+06	1.008e+06	
1.02575e+06	1.027e+06	1.022e+06	1.01575e+06	1.03825e+06	
1.0345e+06	1.0535e+06	1.032e+06	1.0075e+06	1.0025e+06	
1.02325e+06	1.03025e+06	1.03025e+06	1.0315e+06	1.00175e+06	
1.0245e+06	1.01825e+06	1.04725e+06	1.01e+06	1.046e+06	
1.0125e+06	1.00425e+06	1.02825e+06	984250	1.04475e+06	
1.008e+06	1.02375e+06	988500	998000	988000	
994750	1.01825e+06	991000	984750	986000	
959000	977250	987250	960250	955750	
976000	974000	945750	962000	950250	
955750	983500	942500	971000	953250	
970250	974000	1.012e+06	985500	977750	
964750	971500	986750	982250	965250	
992250	963250	950750	969000	969000	
967750	1.0025e+06	966500	973500	981750	
994250	972750	996750	965250	960250	
981750	963250	997500	977750	988000	
987250	979750	971000	981000	974000	
978500	995500	967750	979750	955750	
975250	983500	979750	986750	978500	
997500	991750	958250	980500	971500	
977250	976500	989750	952750	981750	
986000	997500	959000	998000	963250	
994250	964000	984250	963250	961500	
1.003e+06	974000	978500	982250	988000	
958250	976000	983000	966500	976000	
993500	986000	974750	988000	972250	
966500	988500	988500	974000	961500	
979750	960750	983500	946250	971000	
974000	997500	950250	964750	986750	
989250	956500	977750	960750	972750	
969000	972750	964750	965250	974750	
958250	959000	966500	968500	979750	
950750	936250	971500	949500	959000	
950750	962000	945000	957000	926750	
971000	959500	946250	970250	960250	
967250	956500	967250	964000	950750	
989250	930500	934500	932500	934500	
936250	931750	945750	953250	920500	
955250	937000	935000	924250	939500	
967750	984750	930500	942500	928750	
945750	926750	949500	960750	956500	
959500	946250	942000	946250	937000	
948250	930500	935000	950250	932500	
956500	935750	936250	945750	949500	
931250	939500	937500	936250	909250	
957750	919250	935750	932500	915500	
954500	928000	933000	958250	962000	
922500	955250	923750	928750	921250	
953250	940000	959500	911000	923000	
925500	944500	918750	939500	931750	
942500	910500	945000	917250	913500	
937000	909750	921250	932500	908000	
936250	928750	920500	923000	913000	
947500	911000	938250	900250	923750	
925000	911750	875250	905500	915500	
917250	920000	899750	902250	921750	
921750	913500	934500	921250	925000	
920500	916750	913500	891000	935000	
925000	902750	902250	899750	914250	
930000	914250	912250	891000	921250	
902250	906000	902250	891000	913000	
930500	902750	897750	919250	916000	
907250	906750	915500	909250	907250	
902250	908500	914750	888500	904250	
908500	897750	893500	896500	900250	
887000	895250	896000	914250	893500	
901000	911000	884500	884000	906750	
913500	890250	880750	886500	908500	
870750	884000	877000	879000	914250	
897750	912250	880250	886500	901000	
908500	897250	887750	892750	874000	
875250	882750	894750	897750	889000	
866250	875750	877750	890250	894000	
877750	891500	873250	862500	863750	
892250	896000	877000	885250	842500	
884000	884500	885750	891000	858750	
874500	907250	892250	873250	863750	
860000	880250	875750	865750	872500	
882000	876500	890250	872000	870000	
868250	858750	902250	851750	865750	
874000	863250	874000	879000	879000	
872000	870750	874500	876500	867500	
885750	885750	867500	868750	870750	
858250	851250	865750	854250	873250	
868750	891500	858250	868250	862500	
884000	861250	843750	851250	885250	
877000	874000	859500	831000	841750	
868750	862500	839250	871250	867500	
855000	861250	841000	835500	866250	
866250	848750	868750	853750	864500	
865000	862500	870000	858750	838000	
836750	842500	853000	853750	848000	
846250	845500	851750	829750	845500	
869500	862500	841000	842500	843750	
829750	855000	828500	850000	835500	
844250	821500	836750	853750	841000	
845500	829250	831000	838500	819750	
846250	829750	839250	811500	821000	
855500	831750	845000	834250	818500	
835500	814000	839750	831750	828500	
839250	814000	826500	812250	804500	
829750	821500	836000	812250	820250	
822250	824000	810250	825250	822250	
800750	812750	810250	806500	828500	
828500	838000	815250	819000	800750	
817750	815250	800250	799000	815250	
816500	800250	809500	790000	813500	
792500	805250	814750	785750	796500	
809500	790750	804500	806500	809500	
790750	792000	807000	759750	793250	
809500	795750	798250	775000	776750	
788750	780500	781250	790750	783250	
802000	780500	792500	778000	804000	
790000	794500	790000	785000	780000	
783250	795000	786250	782000	784500	
775000	778000	776750	789500	767500	
772500	795750	767500	746500	783250	
786250	787000	775500	774250	757250	
792000	759750	773000	774250	759250	
779250	770500	786250	790000	764750	
789500	780500	767500	773750	768000	
775500	770500	764250	773750	761750	
804000	787500	760500	780000	784500	
781250	755500	761750	785000	770000	
761000	778000	771250	769250	774250	
776250	754250	776750	777500	766750	
797000	799500	749750	792500	762250	
766250	779250	755500	766750	766250	
758500	783250	773750	769250	760500	
775000	780500	778750	763500	771250	
781250	772500	776250	793250	796500	
804000	814000	795750	780500	790750	
799000	782500	784500	787500	767500	
807750	790750	772500	793750	784500	
802000	809500	776250	802750	804000	
786250	787000	785000	775500	799000	
811500	792500	800750	799500	797000	
783750	775500	768750	779250	799500	
795750	797000	785750	781250	790000	
786250	801500	788750	775500	781250	
796500	795000	804500	768000	781250	
778750	783250	794500	773750	782500	
780000	787000	800250	754750	777500	
807000	752250	764250	759750	780500	
785000	764750	804000	783250	753500	
772500	763000	751000	774250	764750	
756000	773000	762250	775000	755500	
753000	753500	782000	750500	753000	
764750	746500	766250	755500	750500	
755500	751750	761000	765500	772500	
737750	751750	752250	748500	766750	
758500	766750	774250	746500	756750	
745250	773750	756000	756750	747750	
750500	768750	746000	761750	758000	
744000	734500	762250	754250	774250	
769250	757250	751750	756000	749750	
775000	752250	766250	754750	748500	
768000	756000	748500	757250	741500	
787000	767500	757250	772500	758000	
770000	769250	763000	746000	767500	
766250	750500	749750	748500	759250	
770500	774250	756000	736500	764750	
770500	739750	772500	741500	754750	
741000	746500	739000	750500	760500	
739000	749750	734000	752250	754250	
742250	758000	753000	770000	718250	
739000	734500	739750	748500	746500	
755500	761750	736500	748500	745250	
742250	759750	738500	745250	753000	
749750	749000	734500	740250	730750	
745250	754250	742750	741500	724500	
733250	734000	739000	739750	744750	
742750	729500	746000	738500	739000	
749000	730250	727000	721500	741500	
727750	732000	740250	726500	739750	
763000	744750	764250	749750	736500	
724500	743500	733250	747750	702500	
739000	749000	714500	724500	699250	
717000	739000	725250	718250	751000	
726500	731500	744000	733250	735250	
727750	750500	738500	741500	737250	
727750	746000	746000	744000	746500	
720750	753500	744000	744000	737750	
721500	736000	756750	743500	754750	
732000	736000	757250	747250	747750	
737750	749000	733250	725750	729000	
736500	743500	752250	733250	761000	
752250	744750	749750	756000	734000	
777500	746000	768750	748500	759250	
751750	730750	737750	751750	746500	
727750	737250	736000	722000	748500	
741000	715750	745250	751000	747250	
742750	742750	761750	724500	749750	
746500	746000	712000	739750	734500	
772500	730750	731500	736000	742250	
744000	746500	732000	753000	730750	
751000	730750	764250	746000	735250	
727750	755500	732000	741500	760500	
728250	733250	739000	716250	726500	
721500	733250	739750	741000	727750	
714500	728250	724000	716250	739750	
736000	724500	724500	736000	735250	
746500	744000	724000	715750	715000	
739750	724500	743500	729500	727000	
727000	717000	735250	732000	712500	
713750	710750	714500	722000	730250	
729500	735250	731500	723250	746500	
736000	724500	714500	734500	741500	
717500	717500	728250	717500	736500	
717500	708750	737750	734000	741500	
709500	719500	727750	725250	710000	
712500	720250	722000	704500	717000	
724500	725250	718750	729000	696750	
713750	727750	720750	730250	715750	
696250	705750	708750	723250	715750	
703750	711250	716250	705000	724000	
706250	722750	713750	715000	700000	
718750	711250	698000	696750	706250	
714500	700000	675500	681000	707000	
699250	695500	690500	694250	691750	
664000	701750	700500	703750	704500	
686750	679750	690500	692500	669750	
712000	685500	685500	705000	691750	
697500	671000	670250	686750	708750	
692500	689250	672750	672250	677250	
669750	681000	694250	672750	679750	
683500	679750	651500	681000	679750	
659750	671500	667750	678500	657000	
682250	676750	669000	678500	672750	
661000	672250	676750	662250	663500	
686000	650250	673500	646500	673500	
659000	658500	655750	664000	664750	
673500	674750	664000	666500	666000	
642000	674750	655750	654000	665250	
651500	661000	663500	672250	657750	
667750	679250	652750	664750	667750	
666000	657750	650250	673500	666000	
662750	668500	649500	666000	652750	
667250	669750	656500	649500	647750	
639500	659000	676750	655750	651500	
637500	663500	656500	668500	662750	
655250	647750	646500	649000	679250	
660250	662750	672250	657750	657750	
659750	639500	649500	658500	656500	
652000	674750	642000	659000	664750	
669000	645250	667250	670250	652750	
666500	659000	644500	652000	632000	
664000	656500	658500	647750	674250	
628250	671000	643250	652750	653250	
649500	669750	652000	648250	657000	
662250	670250	682250	654000	647750	
644500	647000	672250	645750	663500	
666000	673500	661500	665250	658500	
684250	645250	667750	665250	665250	
669750	667250	667250	656500	657000	
648250	660250	667250	659750	674250	
659750	677250	659750	676750	652750	
656500	669000	666000	666500	661500	
678500	657750	661500	662750	656500	
653250	667250	676000	688500	649500	
665250	674250	671000	674750	657000	
658500	668500	661000	664750	662750	
669750	659750	661500	652000	659750	
652750	678000	657000	666500	661000	
637500	653250	679250	664000	653250	
667750	653250	656500	682250	681000	
655250	670250	669000	672250	674250	
658500	662250	659750	667250	659750	
646500	651500	659750	650750	646500	
651500	689250	658500	653250	659000	
642500	649000	673500	639500	638750	
654000	654000	674750	658500	649500	
656500	640750	658500	686000	645750	
655750	645750	653250	644000	652000	
650750	650750	641250	649000	650750	
666500	647000	650250	630750	659750	
664750	634500	667250	645250	643250	
662250	649000	651500	645250	645250	
649000	637500	650250	645750	654500	
661500	646500	668500	664750	656500	
669750	657000	659000	670250	667250	
663500	644500	653250	640000	667750	
640750	657000	654500	646500	656500	
667250	681750	665250	652750	653250	
650750	649500	652750	661000	654500	
654500	650750	643250	656500	633250	
649000	664750	665250	654000	659000	
665250	648250	659750	659750	661000	
649500	644500	638750	651500	657750	
659000	643250	644000	641250	655750	
658500	657750	649000	655750	657750	
653250	643250	647750	655750	657000	
649000	656500	655750	657000	651500	
657000	644500	647000	657000	646500	
647000	650250	652000	644500	652750	
651500	657750	647000	669000	661500	
645250	642500	656500	650250	658500	
637000	645750	646500	659750	668500	
661000	645750	643250	663500	650750	
661000	655250	659750	643250	654000	
647000	650250	672250	644500	657000	
636250	666500	668500	647750	657750	
649500	644000	639500	659750	647750	
632500	672750	638750	676750	657750	
645250	636250	650750	661500	654500	
654500	651500	648250	649500	663500	
659750	669750	656500	651500	655250	
640750	643250	655750	644500	657750	
644000	633750	654500	630750	655250	
638750	661000	655250	655750	653250	
649500	658500	650250	642000	644000	
644500	648250	663500	647000	650250	
659000	646500	644000	640750	651500	
650750	638250	640750	657750	645250	
647000	645250	652750	666500	652750	
661000	670250	651500	645750	638250	
645750	649000	655250	638250	642500	
647000	653250	650750	654000	644500	
652750	652750	633750	655250	652750	
647000	656500	659000	652000	656500	
642500	638750	650750	652750	642500	
644000	662250	644000	659000	640000	
662250	649000	649000	654500	643250	
637500	637500	657000	651500	649000	
640750	653250	652000	633250	653250	
652750	649500	649000	659000	652750	
628250	642000	649500	671000	650250	
652000	667250	643250	649500	659000	
660250	660250	647000	649500	662250	
666500	627500	647000	646500	660250	
676750	659750	658500	653250	649000	
641250	663500	638250	657750	654000	
663500	659750	651500	639500	645750	
656500	650250	648250	661000	637000	
644500	647750	628250	634500	647750	
663500	652000	646500	645250	638250	
654500	649000	626250	649000	647000	
637500	643250	652000	662250	640000	
642000	655250	654000	641250	662250	
657000	649000	641250	649500	650250	
646500	629500	644500	656500	641250	
643250	659750	655750	645750	648250	
637500	652750	632000	663500	625000	
650750	647750	644500	643250	647000	
659750	652000	667250	642000	645250	
649500	643250	643250	658500	676000	
642500	643250	633750	655250	659000	
637500	636250	659750	623750	644000	
644000	647750	657000	640000	648250	
648250	620500	663500	650750	627500	
639500	645250	641250	669000	655250	
647750	650250	657000	665250	637000	
661500	632000	629500	663500	642000	
653250	651500	666000	632500	636250	
647750	662750	666500	636250	654000	
637000	657750	657000	626750	654000	
646500	654000	644500	652750	661000	
632000	659750	654500	647750	652000	
661500	650750	647750	640000	637000	
655250	651500	650750	652000	634500	
650750	637500	654500	648250	655750	
654500	652000	657000	646500	683000	
658500	638250	659750	631250	661000	
633250	647750	665250	657750	663500	
660250	655750	651500	640750	637000	
657750	655250	649500	650250	644000	
643250	679750	638250	668500	638750	
647750	654000	653250	642000	654000	
649000	641250	638750	654000	656500	
640000	654000	649500	666500	671000	
654000	651500	661000	644000	639500	
669000	647000	635000	646500	648250	
650250	633250	641250	624250	648250	
633250	649500	649500	642000	640750	
637500	620500	648250	659750	635000	
643250	638250	647750	630750	645750	
642000	634500	661500	655750	646500	
651500	650250	619250	643250	646500	
647750	647000	645750	652000	647750	
655250	660250	636250	653250	649000	
636250	651500	645250	630000	646500	
638250	639500	645750	662750	638250	
645750	640000	654500	646500	645750	
646500	658500	642500	643250	637500	
626250	645250	638250	641250	635750	
626750	654500	645250	646500	634500	
647750	650750	644000	642500	647750	
654000	649000	639500	633250	660250	
626750	637500	638750	659000	650250	
637000	642500	647750	645750	638750	
635750	625500	644000	643250	649500	
626250	646500	661000	650250	642500	
661000	649500	642000	641250	638750	
649500	638750	645750	647000	652750	
626750	627500	656500	636250	637000	
652750	646500	633250	649000	640750	
645750	648250	641250	633750	644000	
644000	634500	625500	640750	632000	
648250	639500	669000	630750	627500	
645750	633750	650750	640750	645750	
651500	653250	631250	653250	623750	
647750	637500	632000	647000	639500	
637000	618000	652750	646500	644500	
646500	629500	637000	635000	656500	
656500	654500	636250	642500	647750	
639500	642500	659750	641250	648250	
650250	642500	647000	658500	639500	
633250	650250	635000	634500	645750	
653250	647000	653250	654000	644500	
637000	650750	630750	635000	649000	
639500	647750	630750	652000	632500	
637500	628750	643250	649000	630750	
632500	650250	631250	634500	647750	
633750	645750	640000	648250	642000	
633250	647750	637500	632500	662250	
640750	637500	635000	635750	640000	
654000	645750	637500	640750	647750	
656500	641250	628250	626750	630000	
643250	635000	637500	631250	638250	
641250	627500	637500	627500	662250	
631250	644000	660250	637500	631250	
637000	632500	640000	637500	627500	
644500	633250	632500	632000	631250	
644000	627500	641250	643250	637500	
628250	632500	644000	650250	625500	
634500	645750	641250	649000	652000	
643250	647750	626250	637500	655250	
639500	651500	620000	639500	638250	
643250	650250	632000	644000	638750	
640000	655250	638250	657750	638750	
615500	625000	638250	649500	648250	
627500	633750	643250	651500	641250	
640750	639500	651500	629500	628750	
638750	641250	619250	644500	625500	
645250	656500	655250	655250	640750	
646500	646500	646500	638250	637500	
636250	643250	623750	645750	625500	
644000	632000	645750	643250	634500	
644500	652000	664750	649500	640000	
640000	638250	644000	657750	635000	
619250	649500	639500	645250	638750	
637000	633750	632000	646500	642500	
639500	637000	628750	615000	635750	
630750	624250	634500	638250	633750	
631250	631250	647000	630000	649000	
652000	640750	648250	633750	648250	
650750	639500	633250	644500	633750	
659750	652000	630750	651500	631250	
637500	634500	639500	641250	626750	
625500	615500	638250	632500	639500	
638250	628750	644000	644500	626250	
638750	634500	645250	647000	620500	
640750	620500	644000	644500	649500	
644000	628250	645750	637000	629500	
636250	630000	632500	657750	652000	
630000	643250	643250	629500	632000	
642000	621750	628750	638250	640000	
617500	628750	644500	640750	643250	
642000	637500	649000	640750	624250	
620500	628750	626250	638750	650750	
631250	649000	633750	625500	634500	
633250	626750	621750	631250	631250	
636250	642000	640750	638750	633750	
626750	633750	642000	651500	621750	
637500	630750	647000	642000	641250	
648250	642000	647000	626250	632000	
636250	637000	614250	645750	625500	
632000	653250	627500	638250	657000	
649500	634500	648250	643250	632000	
641250	636250	633250	638250	647000	
637500	633250	643250	642000	640750	
611750	620500	649500	642500	641250	
640750	646500	635000	628750	624250	
635750	639500	630000	633750	643250	
649500	637000	650250	640000	639500	
637500	637500	635000	639500	636250	
644500	625000	649500	630000	635750	
641250	626750	635000	629500	632000	
628750	620500	640000	645750	637500	
633250	618000	622500	646500	618000	
630000	626250	637500	635750	619250	
623000	661500	639500	627500	626250	
643250	629500	654000	647000	615500	
630750	620000	631250	647750	608500	
642500	641250	637500	644500	630000	
638750	624250	636250	617500	644500	
636250	630750	621750	633750	637000	
635000	624250	648250	637000	651500	
628750	646500	619250	640000	635750	
635000	632000	640000	638250	628750	
618000	626750	633250	625000	639500	
632000	633750	623000	632000	625500	
625000	632000	641250	630750	618000	
637000	643250	630750	644000	631250	
635000	616750	654000	642500	624250	
641250	645750	644000	641250	644500	
644500	643250	642500	611750	633750	
649000	625500	632000	641250	631250	
630750	627500	637500	625500	624250	
641250	619250	647000	637500	632000	
628250	644000	639500	630750	643250	
638250	626250	630000	645750	619250	
620500	628750	629500	630750	642000	
637500	632500	615000	636250	638250	
632000	625500	633250	611000	626750	
646500	633250	625500	621250	636250	
631250	624250	622500	622500	635750	
612500	624250	647000	627500	633250	
635000	646500	644000	645750	628750	
642000	621250	631250	637000	610500	
629500	631250	646500	639500	640750	
623000	635750	632500	637500	626250	
636250	634500	639500	642500	636250	
631250	624250	640750	632500	654500	
634500	639500	648250	629500	635000	
645750	630750	632000	640750	638750	
627500	644000	620000	640000	633250	
638250	640750	616750	602250	630750	
629500	637000	649000	621250	642000	
610500	640750	626250	630750	623750	
630000	623750	645750	627500	634500	
630000	623750	645750	627500	634500	
630000	623750	645750	627500	634500	
