4250	4250	4250	4250	4250	
7.13825e+06	7.13825e+06	7.13825e+06	7.13825e+06	7.13825e+06	
531750	541750	525500	533500	512250	
513500	513500	517750	512750	506000	
507750	515250	507250	507750	524250	
487500	500250	507250	512250	506500	
513500	523500	521750	519000	503250	
510250	511000	509000	497750	521750	
531000	504500	527250	503250	507250	
513500	508500	526750	500750	530500	
513500	516000	525500	540500	507750	
533500	524750	507750	534250	522250	
503250	527250	531750	526000	525500	
532250	538000	528000	524750	524250	
521000	527250	529250	531000	532250	
550000	550000	548750	552500	541250	
529750	536750	541250	534250	557000	
540000	554500	559500	563750	536250	
541750	551250	550000	565750	544250	
552500	558250	575750	567750	572000	
562000	584750	574000	562000	551250	
569500	573250	569000	545500	568250	
570750	589750	572000	577750	569000	
644000	637000	644000	634500	641250	
805250	819750	814750	812750	807750	
819000	824000	846250	833000	812250	
817750	841000	836000	839750	834750	
837250	850500	843000	855500	841000	
828500	843750	865000	834750	836000	
851250	855500	838000	846250	848750	
840500	841750	884000	870000	870750	
856250	861250	866250	897250	870750	
873250	881500	867500	919250	895250	
914250	909250	907250	902250	911750	
891500	895250	909250	924250	906750	
918000	901000	896500	914750	902750	
916750	879000	910500	914750	926750	
920500	891500	897250	930500	916000	
911750	887750	893500	898500	899000	
905500	913500	901500	929250	902750	
911000	955750	910500	917250	932500	
979750	960750	951500	926250	947000	
971500	967250	970250	990500	952000	
954500	981750	968500	967250	973500	
988000	973500	986000	979750	972750	
973500	998000	969000	983000	989250	
976000	972750	981000	972250	947000	
971000	959500	962750	950250	935750	
982250	969750	974000	973500	957750	
925000	940000	967750	947000	943750	
914750	932500	943250	930000	908000	
921250	943750	893500	930500	930500	
927500	923000	923750	932500	943750	
919250	904250	910500	923750	888500	
903500	896000	889750	886500	892750	
923750	897250	914750	926250	908500	
947000	955750	984750	952750	948750	
1.02075e+06	1.0295e+06	996250	1.02075e+06	1.0075e+06	
1.0175e+06	1.0075e+06	1.022e+06	1.0175e+06	1.05025e+06	
1.0465e+06	1.029e+06	1.02325e+06	1.0265e+06	1.0345e+06	
996250	977750	974000	1.00625e+06	1.01625e+06	
978500	961500	981000	975250	1.00125e+06	
993000	988500	1.00675e+06	979000	976000	
1.0025e+06	1.0025e+06	979750	1.005e+06	982250	
1.0005e+06	1.0195e+06	985500	1.01825e+06	1.00375e+06	
1.027e+06	1.03325e+06	1.0075e+06	1.02825e+06	1.0245e+06	
1.061e+06	1.05025e+06	1.0685e+06	1.06975e+06	1.03575e+06	
1.03325e+06	1.03575e+06	1.05925e+06	1.058e+06	1.04725e+06	
1.0365e+06	1.0465e+06	1.0655e+06	1.03525e+06	1.0465e+06	
1.08e+06	1.06425e+06	1.0925e+06	1.08125e+06	1.09e+06	
1.08675e+06	1.051e+06	1.0805e+06	1.10775e+06	1.05925e+06	
1.0925e+06	1.0805e+06	1.06475e+06	1.0655e+06	1.075e+06	
1.1e+06	1.1165e+06	1.0975e+06	1.121e+06	1.11075e+06	
1.13275e+06	1.143e+06	1.14875e+06	1.131e+06	1.1505e+06	
1.17125e+06	1.2135e+06	1.20275e+06	1.19475e+06	1.17875e+06	
1.192e+06	1.19475e+06	1.21175e+06	1.19775e+06	1.19475e+06	
1.204e+06	1.194e+06	1.1775e+06	1.19025e+06	1.184e+06	
1.20275e+06	1.196e+06	1.19025e+06	1.20775e+06	1.22175e+06	
1.1865e+06	1.19275e+06	1.20775e+06	1.19525e+06	1.21175e+06	
1.17e+06	1.16875e+06	1.2185e+06	1.20225e+06	1.18525e+06	
1.1605e+06	1.20225e+06	1.1525e+06	1.17325e+06	1.138e+06	
1.155e+06	1.15625e+06	1.14425e+06	1.158e+06	1.1815e+06	
1.19325e+06	1.2105e+06	1.1845e+06	1.2085e+06	1.19525e+06	
1.2355e+06	1.1985e+06	1.19725e+06	1.235e+06	1.2205e+06	
1.279e+06	1.252e+06	1.281e+06	1.2375e+06	1.2425e+06	
1.26825e+06	1.255e+06	1.23625e+06	1.233e+06	1.233e+06	
1.23625e+06	1.2495e+06	1.2815e+06	1.247e+06	1.21675e+06	
1.24825e+06	1.216e+06	1.23875e+06	1.19775e+06	1.19725e+06	
1.2275e+06	1.21175e+06	1.235e+06	1.24625e+06	1.20975e+06	
1.242e+06	1.2305e+06	1.25125e+06	1.21725e+06	1.2275e+06	
1.2275e+06	1.25125e+06	1.22175e+06	1.225e+06	1.2375e+06	
1.16e+06	1.1525e+06	1.20775e+06	1.18025e+06	1.165e+06	
1.1555e+06	1.17125e+06	1.14225e+06	1.16575e+06	1.15175e+06	
1.15425e+06	1.155e+06	1.1555e+06	1.184e+06	1.15925e+06	
1.126e+06	1.1405e+06	1.131e+06	1.13425e+06	1.153e+06	
1.1065e+06	1.13475e+06	1.09825e+06	1.13275e+06	1.114e+06	
1.138e+06	1.13025e+06	1.104e+06	1.104e+06	1.095e+06	
1.16e+06	1.1435e+06	1.12025e+06	1.11975e+06	1.129e+06	
1.17075e+06	1.1505e+06	1.16e+06	1.155e+06	1.12775e+06	
1.18025e+06	1.17875e+06	1.1335e+06	1.1605e+06	1.209e+06	
1.2475e+06	1.24375e+06	1.238e+06	1.2495e+06	1.255e+06	
1.2305e+06	1.22675e+06	1.2905e+06	1.25375e+06	1.25325e+06	
1.26525e+06	1.271e+06	1.2595e+06	1.27525e+06	1.274e+06	
1.30625e+06	1.31375e+06	1.29675e+06	1.27275e+06	1.27225e+06	
1.32825e+06	1.32625e+06	1.30375e+06	1.31125e+06	1.32e+06	
1.3535e+06	1.38925e+06	1.37225e+06	1.3615e+06	1.38625e+06	
1.38875e+06	1.426e+06	1.4075e+06	1.4195e+06	1.39625e+06	
1.4365e+06	1.43025e+06	1.42725e+06	1.414e+06	1.42075e+06	
1.39375e+06	1.395e+06	1.38675e+06	1.38375e+06	1.402e+06	
1.33075e+06	1.3445e+06	1.32825e+06	1.332e+06	1.3125e+06	
1.30675e+06	1.298e+06	1.31875e+06	1.3155e+06	1.274e+06	
1.29425e+06	1.32875e+06	1.34025e+06	1.313e+06	1.3005e+06	
1.3445e+06	1.35275e+06	1.342e+06	1.36475e+06	1.35275e+06	
1.42275e+06	1.37425e+06	1.41275e+06	1.40125e+06	1.3875e+06	
1.4505e+06	1.43225e+06	1.45175e+06	1.44725e+06	1.4335e+06	
1.3705e+06	1.39125e+06	1.37475e+06	1.3685e+06	1.34025e+06	
1.33125e+06	1.34075e+06	1.3365e+06	1.3295e+06	1.3155e+06	
1.26825e+06	1.2735e+06	1.26325e+06	1.27225e+06	1.2645e+06	
1.20775e+06	1.21975e+06	1.223e+06	1.19475e+06	1.20525e+06	
1.165e+06	1.16575e+06	1.163e+06	1.163e+06	1.165e+06	
1.1575e+06	1.1645e+06	1.14475e+06	1.14925e+06	1.14725e+06	
1.1795e+06	1.143e+06	1.15925e+06	1.175e+06	1.1555e+06	
1.18575e+06	1.18825e+06	1.192e+06	1.20025e+06	1.1865e+06	
1.28525e+06	1.29925e+06	1.2665e+06	1.28025e+06	1.303e+06	
1.405e+06	1.37675e+06	1.39575e+06	1.38675e+06	1.4e+06	
1.41775e+06	1.4365e+06	1.419e+06	1.409e+06	1.439e+06	
1.42275e+06	1.43975e+06	1.43775e+06	1.409e+06	1.4095e+06	
1.41575e+06	1.40825e+06	1.405e+06	1.4025e+06	1.37675e+06	
1.4075e+06	1.3995e+06	1.41575e+06	1.395e+06	1.44175e+06	
1.4435e+06	1.4945e+06	1.40575e+06	1.49575e+06	1.48125e+06	
1.46875e+06	1.46925e+06	1.472e+06	1.47325e+06	1.48325e+06	
1.4965e+06	1.453e+06	1.43725e+06	1.477e+06	1.45675e+06	
1.4575e+06	1.44725e+06	1.4535e+06	1.441e+06	1.43525e+06	
1.49525e+06	1.487e+06	1.4675e+06	1.451e+06	1.5035e+06	
1.47e+06	1.48825e+06	1.48775e+06	1.47875e+06	1.51925e+06	
1.47375e+06	1.5135e+06	1.497e+06	1.52425e+06	1.53175e+06	
1.57975e+06	1.6175e+06	1.6005e+06	1.564e+06	1.62825e+06	
1.67475e+06	1.681e+06	1.6755e+06	1.7045e+06	1.688e+06	
1.7215e+06	1.72525e+06	1.75675e+06	1.73475e+06	1.7245e+06	
1.75675e+06	1.78875e+06	1.773e+06	1.717e+06	1.70825e+06	
1.775e+06	1.78875e+06	1.77425e+06	1.77375e+06	1.7625e+06	
1.8115e+06	1.79775e+06	1.83225e+06	1.82925e+06	1.80325e+06	
1.84175e+06	1.8965e+06	1.882e+06	1.89275e+06	1.8835e+06	
1.89925e+06	1.886e+06	1.84875e+06	1.8915e+06	1.8425e+06	
1.75425e+06	1.76625e+06	1.7295e+06	1.7795e+06	1.765e+06	
1.6345e+06	1.644e+06	1.63325e+06	1.6225e+06	1.637e+06	
1.44475e+06	1.45425e+06	1.45675e+06	1.45625e+06	1.45625e+06	
1.2695e+06	1.30875e+06	1.27475e+06	1.29175e+06	1.27275e+06	
1.24075e+06	1.2375e+06	1.247e+06	1.2445e+06	1.23625e+06	
1.36975e+06	1.38925e+06	1.3825e+06	1.356e+06	1.361e+06	
1.59475e+06	1.60175e+06	1.63325e+06	1.5985e+06	1.59725e+06	
1.7605e+06	1.748e+06	1.7705e+06	1.80275e+06	1.7825e+06	
1.90225e+06	1.94325e+06	1.8985e+06	1.89225e+06	1.89275e+06	
1.995e+06	1.961e+06	1.9715e+06	1.949e+06	1.97025e+06	
1.91875e+06	1.9395e+06	1.90225e+06	1.91425e+06	1.90925e+06	
1.7625e+06	1.751e+06	1.73275e+06	1.71775e+06	1.736e+06	
1.523e+06	1.52425e+06	1.5645e+06	1.52225e+06	1.5425e+06	
1.417e+06	1.44175e+06	1.419e+06	1.41825e+06	1.405e+06	
1.528e+06	1.5375e+06	1.53625e+06	1.54875e+06	1.543e+06	
1.84e+06	1.8505e+06	1.81525e+06	1.81775e+06	1.84425e+06	
2.0945e+06	2.14425e+06	2.114e+06	2.0825e+06	2.10275e+06	
2.25575e+06	2.303e+06	2.327e+06	2.26325e+06	2.2685e+06	
2.42475e+06	2.455e+06	2.465e+06	2.448e+06	2.43025e+06	
2.5205e+06	2.56075e+06	2.4945e+06	2.526e+06	2.49025e+06	
2.55825e+06	2.58225e+06	2.5595e+06	2.51425e+06	2.5765e+06	
2.57075e+06	2.564e+06	2.59175e+06	2.572e+06	2.542e+06	
2.62875e+06	2.60675e+06	2.59975e+06	2.5985e+06	2.55575e+06	
2.65525e+06	2.5985e+06	2.654e+06	2.644e+06	2.664e+06	
2.68675e+06	2.6905e+06	2.7e+06	2.71325e+06	2.67425e+06	
2.73975e+06	2.811e+06	2.763e+06	2.768e+06	2.70325e+06	
2.79025e+06	2.8595e+06	2.77e+06	2.7945e+06	2.80975e+06	
2.81525e+06	2.862e+06	2.84375e+06	2.84825e+06	2.86325e+06	
2.9155e+06	2.84825e+06	2.886e+06	2.901e+06	2.891e+06	
2.86325e+06	2.884e+06	2.90225e+06	2.85125e+06	2.881e+06	
2.789e+06	2.799e+06	2.8255e+06	2.7725e+06	2.855e+06	
2.804e+06	2.8715e+06	2.8495e+06	2.845e+06	2.845e+06	
2.81525e+06	2.87525e+06	2.90475e+06	2.85825e+06	2.833e+06	
2.831e+06	2.87575e+06	2.84825e+06	2.83925e+06	2.828e+06	
2.85325e+06	2.86575e+06	2.816e+06	2.8645e+06	2.81525e+06	
2.89275e+06	2.889e+06	2.81275e+06	2.8745e+06	2.845e+06	
2.89275e+06	2.906e+06	2.903e+06	2.92575e+06	2.84625e+06	
2.9125e+06	2.8285e+06	2.8185e+06	2.82425e+06	2.833e+06	
2.8115e+06	2.8455e+06	2.8835e+06	2.85875e+06	2.9085e+06	
2.84175e+06	2.91125e+06	2.838e+06	2.8285e+06	2.88975e+06	
2.8625e+06	2.89225e+06	2.8595e+06	2.86525e+06	2.806e+06	
2.92575e+06	2.9465e+06	2.923e+06	2.89025e+06	2.9275e+06	
2.9635e+06	2.95525e+06	2.97925e+06	2.97975e+06	2.998e+06	
3.024e+06	3.0385e+06	3.06625e+06	3.0675e+06	3.05975e+06	
3.13725e+06	3.157e+06	3.14925e+06	3.13175e+06	3.11475e+06	
3.232e+06	3.257e+06	3.26225e+06	3.2545e+06	3.26775e+06	
3.23325e+06	3.274e+06	3.23575e+06	3.26075e+06	3.2345e+06	
3.155e+06	3.165e+06	3.18325e+06	3.14675e+06	3.1765e+06	
2.95975e+06	3.0025e+06	2.976e+06	2.97675e+06	2.99925e+06	
2.9685e+06	2.99125e+06	2.9735e+06	2.952e+06	2.95075e+06	
3.022e+06	3.0485e+06	3.0385e+06	3.046e+06	3.03775e+06	
3.2635e+06	3.259e+06	3.232e+06	3.20175e+06	3.2565e+06	
3.32775e+06	3.31125e+06	3.32075e+06	3.3515e+06	3.34475e+06	
3.4065e+06	3.39625e+06	3.39825e+06	3.35975e+06	3.37e+06	
3.42975e+06	3.51925e+06	3.4675e+06	3.472e+06	3.43725e+06	
3.41525e+06	3.34275e+06	3.392e+06	3.39575e+06	3.4505e+06	
3.39825e+06	3.37625e+06	3.438e+06	3.409e+06	3.41775e+06	
3.29675e+06	3.28725e+06	3.3555e+06	3.368e+06	3.29925e+06	
3.47375e+06	3.475e+06	3.433e+06	3.4895e+06	3.487e+06	
3.5595e+06	3.545e+06	3.54325e+06	3.46e+06	3.533e+06	
3.45425e+06	3.44425e+06	3.4625e+06	3.458e+06	3.438e+06	
3.44425e+06	3.518e+06	3.438e+06	3.479e+06	3.521e+06	
3.45175e+06	3.47825e+06	3.4935e+06	3.44675e+06	3.50225e+06	
3.54e+06	3.50275e+06	3.52875e+06	3.46375e+06	3.542e+06	
3.62075e+06	3.5395e+06	3.5835e+06	3.5735e+06	3.53825e+06	
3.639e+06	3.66175e+06	3.73225e+06	3.6775e+06	3.661e+06	
3.68175e+06	3.7235e+06	3.714e+06	3.719e+06	3.646e+06	
3.57475e+06	3.6395e+06	3.608e+06	3.59875e+06	3.62125e+06	
3.5205e+06	3.53175e+06	3.56275e+06	3.5615e+06	3.45425e+06	
3.48275e+06	3.5425e+06	3.52175e+06	3.5355e+06	3.479e+06	
3.523e+06	3.571e+06	3.494e+06	3.5275e+06	3.53675e+06	
3.56575e+06	3.559e+06	3.54575e+06	3.53675e+06	3.542e+06	
3.60425e+06	3.6005e+06	3.6755e+06	3.586e+06	3.586e+06	
3.673e+06	3.666e+06	3.65275e+06	3.68375e+06	3.68675e+06	
3.63025e+06	3.60625e+06	3.6105e+06	3.65775e+06	3.66475e+06	
3.64025e+06	3.659e+06	3.65975e+06	3.63275e+06	3.5905e+06	
3.6945e+06	3.7165e+06	3.70825e+06	3.71525e+06	3.6775e+06	
3.7895e+06	3.89975e+06	3.81725e+06	3.83175e+06	3.828e+06	
3.89425e+06	3.91625e+06	3.88775e+06	3.89725e+06	3.90625e+06	
4.02525e+06	4.0245e+06	4.0335e+06	4.0075e+06	4.005e+06	
3.908e+06	3.94025e+06	3.947e+06	3.927e+06	3.9275e+06	
3.86325e+06	3.8785e+06	3.82875e+06	3.79975e+06	3.8085e+06	
3.75625e+06	3.72275e+06	3.746e+06	3.73675e+06	3.7525e+06	
3.705e+06	3.74725e+06	3.72225e+06	3.7455e+06	3.70825e+06	
3.6875e+06	3.70075e+06	3.7555e+06	3.6735e+06	3.63325e+06	
3.8355e+06	3.845e+06	3.84875e+06	3.82475e+06	3.792e+06	
3.92125e+06	3.96275e+06	3.8665e+06	3.87975e+06	3.89175e+06	
3.966e+06	4.0075e+06	4.01525e+06	3.93e+06	3.98425e+06	
3.93325e+06	4.031e+06	3.993e+06	3.97725e+06	3.91425e+06	
3.9445e+06	3.94575e+06	3.92825e+06	3.944e+06	3.93375e+06	
3.86825e+06	3.852e+06	3.93575e+06	3.8985e+06	3.92125e+06	
3.959e+06	3.97225e+06	3.97475e+06	4.0165e+06	3.95975e+06	
4.1015e+06	4.0605e+06	4.0655e+06	4.04425e+06	4.036e+06	
3.97425e+06	4.019e+06	4.0845e+06	3.9155e+06	4.02775e+06	
3.9345e+06	4.0095e+06	3.954e+06	3.9515e+06	3.9705e+06	
3.87475e+06	3.87525e+06	3.84575e+06	3.818e+06	3.81925e+06	
3.87475e+06	3.90175e+06	3.92325e+06	3.90625e+06	3.92575e+06	
3.94075e+06	3.9105e+06	3.98125e+06	3.9705e+06	3.93325e+06	
4.07125e+06	4.017e+06	4.0245e+06	4.0485e+06	3.9925e+06	
3.922e+06	3.95025e+06	3.92375e+06	4.03975e+06	4.005e+06	
3.772e+06	3.813e+06	3.862e+06	3.8785e+06	3.835e+06	
3.71775e+06	3.70125e+06	3.68925e+06	3.72725e+06	3.66925e+06	
3.49025e+06	3.42975e+06	3.50925e+06	3.49725e+06	3.499e+06	
3.312e+06	3.286e+06	3.22175e+06	3.264e+06	3.2515e+06	
3.177e+06	3.1985e+06	3.223e+06	3.136e+06	3.1405e+06	
3.2595e+06	3.22175e+06	3.2715e+06	3.25575e+06	3.30375e+06	
3.69e+06	3.736e+06	3.74225e+06	3.68675e+06	3.70575e+06	
4.0915e+06	4.14675e+06	4.10725e+06	4.10025e+06	4.15e+06	
4.34525e+06	4.3335e+06	4.363e+06	4.3215e+06	4.43225e+06	
4.293e+06	4.30375e+06	4.259e+06	4.3e+06	4.3265e+06	
4.37425e+06	4.3e+06	4.29125e+06	4.2905e+06	4.31575e+06	
4.38825e+06	4.40825e+06	4.39375e+06	4.3435e+06	4.39325e+06	
4.34925e+06	4.37675e+06	4.38875e+06	4.351e+06	4.35725e+06	
4.18025e+06	4.16775e+06	4.11725e+06	4.1165e+06	4.16075e+06	
4.17775e+06	4.1545e+06	4.14925e+06	4.12975e+06	4.13175e+06	
4.28925e+06	4.34775e+06	4.317e+06	4.334e+06	4.305e+06	
4.44125e+06	4.51175e+06	4.52675e+06	4.46e+06	4.49025e+06	
4.574e+06	4.54e+06	4.537e+06	4.49775e+06	4.564e+06	
4.598e+06	4.666e+06	4.65725e+06	4.54825e+06	4.6485e+06	
4.86525e+06	4.886e+06	4.85575e+06	4.79975e+06	4.81925e+06	
4.82375e+06	4.8885e+06	4.89675e+06	4.86275e+06	4.876e+06	
4.8255e+06	4.92375e+06	4.91625e+06	4.90675e+06	4.8855e+06	
4.8035e+06	4.90625e+06	4.81425e+06	4.79975e+06	4.806e+06	
4.765e+06	4.7475e+06	4.7e+06	4.79975e+06	4.70325e+06	
4.64275e+06	4.63075e+06	4.6005e+06	4.591e+06	4.6365e+06	
4.525e+06	4.491e+06	4.48075e+06	4.489e+06	4.457e+06	
4.341e+06	4.3965e+06	4.34975e+06	4.419e+06	4.38575e+06	
4.61075e+06	4.608e+06	4.6315e+06	4.54575e+06	4.56025e+06	
4.76575e+06	4.79725e+06	4.7695e+06	4.81925e+06	4.74225e+06	
4.8495e+06	4.84825e+06	4.7725e+06	4.81975e+06	4.79725e+06	
4.80525e+06	4.84125e+06	4.869e+06	4.8255e+06	4.84325e+06	
4.78525e+06	4.7865e+06	4.874e+06	4.82175e+06	4.76375e+06	
4.99825e+06	4.954e+06	4.98e+06	4.98375e+06	4.9025e+06	
5.1235e+06	5.09025e+06	5.1355e+06	5.109e+06	5.05925e+06	
5.24525e+06	5.29e+06	5.28875e+06	5.3095e+06	5.26925e+06	
5.2495e+06	5.339e+06	5.2395e+06	5.2295e+06	5.30625e+06	
5.455e+06	5.4985e+06	5.44125e+06	5.404e+06	5.3775e+06	
5.47575e+06	5.43225e+06	5.4575e+06	5.42675e+06	5.399e+06	
5.35175e+06	5.465e+06	5.48275e+06	5.38875e+06	5.4305e+06	
5.3875e+06	5.39325e+06	5.33475e+06	5.3705e+06	5.35925e+06	
5.47025e+06	5.4455e+06	5.431e+06	5.44875e+06	5.35725e+06	
5.4455e+06	5.5005e+06	5.4575e+06	5.38125e+06	5.41475e+06	
5.50175e+06	5.462e+06	5.53e+06	5.50475e+06	5.5085e+06	
5.5375e+06	5.49725e+06	5.511e+06	5.51375e+06	5.49925e+06	
5.5105e+06	5.4765e+06	5.47775e+06	5.49925e+06	5.4795e+06	
5.3625e+06	5.27475e+06	5.3455e+06	5.33525e+06	5.2735e+06	
5.2785e+06	5.19975e+06	5.22e+06	5.2465e+06	5.2175e+06	
5.42475e+06	5.34975e+06	5.452e+06	5.35725e+06	5.35425e+06	
5.462e+06	5.44925e+06	5.474e+06	5.537e+06	5.45875e+06	
5.52875e+06	5.56725e+06	5.593e+06	5.532e+06	5.56525e+06	
5.702e+06	5.75e+06	5.7625e+06	5.68825e+06	5.7695e+06	
5.72275e+06	5.709e+06	5.78325e+06	5.81675e+06	5.801e+06	
5.772e+06	5.808e+06	5.796e+06	5.8015e+06	5.84e+06	
5.7985e+06	5.76825e+06	5.8305e+06	5.81925e+06	5.71975e+06	
5.76125e+06	5.7765e+06	5.77575e+06	5.736e+06	5.7555e+06	
5.81875e+06	5.84875e+06	5.8715e+06	5.83575e+06	5.87525e+06	
5.8885e+06	5.97625e+06	5.96925e+06	5.90875e+06	5.97425e+06	
5.86525e+06	5.93075e+06	5.92775e+06	5.8935e+06	5.94225e+06	
6.1105e+06	6.0965e+06	6.08825e+06	6.1545e+06	5.97625e+06	
6.196e+06	6.244e+06	6.225e+06	6.2515e+06	6.16075e+06	
6.123e+06	6.17975e+06	6.1735e+06	6.125e+06	6.17525e+06	
6.077e+06	6.13375e+06	6.07075e+06	6.082e+06	6.092e+06	
6.17275e+06	6.1275e+06	6.128e+06	6.14e+06	6.14575e+06	
5.908e+06	5.9755e+06	5.93025e+06	5.9605e+06	5.898e+06	
5.816e+06	5.86025e+06	5.808e+06	5.7795e+06	5.80975e+06	
5.64975e+06	5.65425e+06	5.70775e+06	5.627e+06	5.6925e+06	
5.767e+06	5.79775e+06	5.7335e+06	5.68125e+06	5.7405e+06	
5.83125e+06	5.80225e+06	5.75175e+06	5.7645e+06	5.75675e+06	
5.9395e+06	6.00575e+06	5.97925e+06	5.98825e+06	5.98625e+06	
5.94025e+06	5.96475e+06	5.9395e+06	5.9145e+06	5.9345e+06	
5.9465e+06	5.98375e+06	5.958e+06	6.00325e+06	5.91875e+06	
5.91575e+06	5.91075e+06	5.978e+06	5.975e+06	5.925e+06	
6.11675e+06	6.024e+06	6.08075e+06	5.9875e+06	6.0505e+06	
6.10775e+06	6.104e+06	5.9825e+06	6.06125e+06	6.14625e+06	
6.27425e+06	6.181e+06	6.16575e+06	6.12175e+06	6.1595e+06	
6.10725e+06	6.10725e+06	6.1595e+06	6.17725e+06	6.217e+06	
6.116e+06	6.17275e+06	6.152e+06	6.1695e+06	6.11425e+06	
6.3145e+06	6.3795e+06	6.3335e+06	6.36e+06	6.37625e+06	
6.2685e+06	6.2945e+06	6.3285e+06	6.21875e+06	6.273e+06	
6.18275e+06	6.261e+06	6.1185e+06	6.138e+06	6.18725e+06	
6.15775e+06	6.1765e+06	6.13925e+06	6.1935e+06	6.142e+06	
6.0815e+06	6.237e+06	6.16075e+06	6.162e+06	6.17725e+06	
6.174e+06	6.1955e+06	6.1935e+06	6.1235e+06	6.22625e+06	
6.19675e+06	6.179e+06	6.162e+06	6.17025e+06	6.13925e+06	
6.15125e+06	6.174e+06	6.254e+06	6.20175e+06	6.12925e+06	
6.2975e+06	6.37625e+06	6.28675e+06	6.29875e+06	6.31575e+06	
6.2415e+06	6.28425e+06	6.24575e+06	6.18975e+06	6.273e+06	
6.40275e+06	6.45625e+06	6.4955e+06	6.45325e+06	6.46525e+06	
6.44425e+06	6.418e+06	6.43925e+06	6.503e+06	6.41025e+06	
6.447e+06	6.457e+06	6.5345e+06	6.50475e+06	6.49975e+06	
6.573e+06	6.68e+06	6.64925e+06	6.59e+06	6.6245e+06	
6.624e+06	6.5835e+06	6.57475e+06	6.6195e+06	6.5175e+06	
6.5155e+06	6.54275e+06	6.566e+06	6.5005e+06	6.63025e+06	
6.544e+06	6.53575e+06	6.57175e+06	6.69325e+06	6.581e+06	
6.56775e+06	6.6145e+06	6.61825e+06	6.61575e+06	6.55525e+06	
6.50725e+06	6.53575e+06	6.62275e+06	6.447e+06	6.52825e+06	
6.43125e+06	6.49925e+06	6.41275e+06	6.44625e+06	6.43175e+06	
6.46e+06	6.56025e+06	6.50925e+06	6.4765e+06	6.43425e+06	
6.36425e+06	6.35175e+06	6.3455e+06	6.399e+06	6.44625e+06	
6.47975e+06	6.5875e+06	6.622e+06	6.51625e+06	6.573e+06	
6.56275e+06	6.5395e+06	6.583e+06	6.617e+06	6.43875e+06	
6.7255e+06	6.7795e+06	6.75625e+06	6.7835e+06	6.74925e+06	
6.5445e+06	6.57175e+06	6.55025e+06	6.404e+06	6.44175e+06	
6.46775e+06	6.5735e+06	6.53125e+06	6.50875e+06	6.49225e+06	
6.733e+06	6.56025e+06	6.5585e+06	6.503e+06	6.53625e+06	
6.63725e+06	6.6535e+06	6.67875e+06	6.69075e+06	6.6585e+06	
6.7135e+06	6.66125e+06	6.772e+06	6.75625e+06	6.7115e+06	
6.66875e+06	6.7375e+06	6.699e+06	6.77575e+06	6.7885e+06	
6.8885e+06	6.97675e+06	6.90875e+06	6.95175e+06	6.91325e+06	
6.89375e+06	6.966e+06	6.99575e+06	6.9265e+06	6.934e+06	
6.91e+06	6.932e+06	6.96225e+06	6.91825e+06	6.95475e+06	
6.90175e+06	6.9675e+06	6.87675e+06	6.87025e+06	6.825e+06	
6.9095e+06	6.861e+06	6.92325e+06	6.91125e+06	6.915e+06	
6.74e+06	6.7135e+06	6.76375e+06	6.736e+06	6.70275e+06	
6.9315e+06	6.893e+06	6.90425e+06	6.85825e+06	6.87225e+06	
6.88425e+06	7.0915e+06	7.04625e+06	6.98125e+06	6.94275e+06	
7.186e+06	7.268e+06	7.162e+06	7.227e+06	7.2005e+06	
7.4205e+06	7.46075e+06	7.45375e+06	7.3625e+06	7.406e+06	
7.4205e+06	7.48925e+06	7.3745e+06	7.53575e+06	7.4205e+06	
7.355e+06	7.4085e+06	7.43425e+06	7.4015e+06	7.3945e+06	
7.2315e+06	7.266e+06	7.3315e+06	7.39975e+06	7.338e+06	
7.49725e+06	7.5005e+06	7.42475e+06	7.52125e+06	7.54325e+06	
7.56675e+06	7.4595e+06	7.55775e+06	7.423e+06	7.53e+06	
7.568e+06	7.62975e+06	7.66425e+06	7.6075e+06	7.60325e+06	
7.83e+06	7.854e+06	7.8975e+06	7.7715e+06	7.85325e+06	
7.81375e+06	7.8925e+06	7.8545e+06	7.798e+06	7.80725e+06	
7.79025e+06	7.88625e+06	7.7665e+06	7.79475e+06	7.827e+06	
7.7985e+06	7.852e+06	7.8005e+06	7.78725e+06	7.73225e+06	
7.74875e+06	7.81375e+06	7.81175e+06	7.94225e+06	7.82575e+06	
7.92525e+06	7.87425e+06	7.917e+06	7.8855e+06	7.91375e+06	
7.92825e+06	7.9045e+06	7.7935e+06	7.9125e+06	7.8685e+06	
8.0135e+06	8.07775e+06	8.062e+06	8.06625e+06	8.12625e+06	
8.256e+06	8.2535e+06	8.268e+06	8.195e+06	8.2465e+06	
8.52825e+06	8.53325e+06	8.39725e+06	8.4765e+06	8.486e+06	
8.39475e+06	8.43875e+06	8.488e+06	8.4305e+06	8.48475e+06	
8.5225e+06	8.43375e+06	8.50175e+06	8.46025e+06	8.51375e+06	
8.609e+06	8.5605e+06	8.534e+06	8.45125e+06	8.561e+06	
8.796e+06	8.85025e+06	8.8155e+06	8.79925e+06	8.728e+06	
8.7785e+06	8.81375e+06	8.8565e+06	8.7815e+06	8.84275e+06	
8.75325e+06	8.92525e+06	8.86925e+06	8.7935e+06	8.7665e+06	
8.992e+06	9.0915e+06	9.171e+06	8.99025e+06	8.9435e+06	
8.9145e+06	8.99075e+06	9.106e+06	9.04625e+06	9.0205e+06	
9.0455e+06	8.968e+06	8.999e+06	9.0285e+06	9.038e+06	
9.2005e+06	9.20825e+06	9.13375e+06	9.0915e+06	9.0765e+06	
9.217e+06	9.29325e+06	9.28e+06	9.3165e+06	9.32475e+06	
9.362e+06	9.268e+06	9.37575e+06	9.29125e+06	9.34375e+06	
9.416e+06	9.48475e+06	9.46775e+06	9.45825e+06	9.4615e+06	
9.24725e+06	9.29825e+06	9.273e+06	9.3335e+06	9.159e+06	
9.423e+06	9.3815e+06	9.40225e+06	9.278e+06	9.4395e+06	
9.39475e+06	9.51625e+06	9.4375e+06	9.389e+06	9.36825e+06	
9.39775e+06	9.51875e+06	9.44625e+06	9.42675e+06	9.37775e+06	
9.39225e+06	9.394e+06	9.39775e+06	9.38075e+06	9.314e+06	
9.498e+06	9.486e+06	9.54025e+06	9.48975e+06	9.449e+06	
9.36575e+06	9.3335e+06	9.3915e+06	9.31725e+06	9.28075e+06	
9.1395e+06	9.28875e+06	9.1155e+06	9.147e+06	9.1615e+06	
8.592e+06	8.55275e+06	8.59075e+06	8.65425e+06	8.64475e+06	
8.30525e+06	8.4185e+06	8.31475e+06	8.331e+06	8.29625e+06	
8.2875e+06	8.37125e+06	8.29375e+06	8.275e+06	8.19625e+06	
8.559e+06	8.6605e+06	8.45775e+06	8.4835e+06	8.546e+06	
8.9895e+06	9.07025e+06	9.00275e+06	8.963e+06	9.03425e+06	
9.28875e+06	9.36375e+06	9.3385e+06	9.22825e+06	9.27625e+06	
9.50875e+06	9.7205e+06	9.595e+06	9.699e+06	9.64675e+06	
9.7735e+06	9.87675e+06	9.827e+06	9.78975e+06	9.69725e+06	
9.79675e+06	9.742e+06	9.68075e+06	9.701e+06	9.63675e+06	
9.80675e+06	9.80925e+06	9.84075e+06	9.77225e+06	9.6915e+06	
9.96125e+06	1.01238e+07	1.00708e+07	1.0178e+07	1.0154e+07	
1.02882e+07	1.04192e+07	1.0263e+07	1.03455e+07	1.03305e+07	
1.05188e+07	1.05858e+07	1.05542e+07	1.05245e+07	1.0425e+07	
1.03272e+07	1.04715e+07	1.0418e+07	1.04635e+07	1.04022e+07	
1.04872e+07	1.06438e+07	1.0561e+07	1.0401e+07	1.0595e+07	
1.0352e+07	1.03815e+07	1.04282e+07	1.03205e+07	1.0331e+07	
1.02215e+07	1.0345e+07	1.02555e+07	1.02442e+07	1.02025e+07	
1.00102e+07	1.00878e+07	1.01528e+07	1.00438e+07	1.0091e+07	
1.00848e+07	1.01395e+07	1.0062e+07	1.013e+07	1.0018e+07	
1.0263e+07	1.03412e+07	1.02775e+07	1.01975e+07	1.03562e+07	
1.0643e+07	1.0587e+07	1.0619e+07	1.06122e+07	1.0529e+07	
1.06178e+07	1.06128e+07	1.05808e+07	1.07048e+07	1.0665e+07	
1.0544e+07	1.06518e+07	1.06555e+07	1.05012e+07	1.06185e+07	
1.06898e+07	1.08855e+07	1.08485e+07	1.08182e+07	1.0781e+07	
1.09762e+07	1.09562e+07	1.08755e+07	1.08655e+07	1.0926e+07	
1.10872e+07	1.10892e+07	1.105e+07	1.10412e+07	1.10992e+07	
1.1091e+07	1.10458e+07	1.1052e+07	1.09252e+07	1.09645e+07	
1.09782e+07	1.09932e+07	1.10002e+07	1.08925e+07	1.10408e+07	
1.10438e+07	1.10408e+07	1.0996e+07	1.1088e+07	1.10172e+07	
1.10872e+07	1.1047e+07	1.1163e+07	1.10822e+07	1.09965e+07	
1.11312e+07	1.11602e+07	1.10475e+07	1.10305e+07	1.10368e+07	
1.11622e+07	1.1185e+07	1.11995e+07	1.11075e+07	1.11722e+07	
1.12878e+07	1.12838e+07	1.11522e+07	1.1299e+07	1.11938e+07	
1.1173e+07	1.11282e+07	1.10772e+07	1.11142e+07	1.11055e+07	
1.08415e+07	1.10142e+07	1.09638e+07	1.09348e+07	1.08855e+07	
1.07035e+07	1.08528e+07	1.0871e+07	1.07412e+07	1.08162e+07	
1.0762e+07	1.0931e+07	1.08382e+07	1.08328e+07	1.09488e+07	
1.09708e+07	1.1125e+07	1.10342e+07	1.0989e+07	1.10022e+07	
1.09815e+07	1.11105e+07	1.11288e+07	1.09738e+07	1.1045e+07	
1.09078e+07	1.10658e+07	1.09738e+07	1.0996e+07	1.10015e+07	
1.09638e+07	1.09538e+07	1.09202e+07	1.08742e+07	1.09178e+07	
1.07408e+07	1.08515e+07	1.06355e+07	1.07105e+07	1.0626e+07	
1.06108e+07	1.0679e+07	1.06662e+07	1.05692e+07	1.06392e+07	
1.06425e+07	1.07438e+07	1.0619e+07	1.06058e+07	1.05535e+07	
1.0534e+07	1.05788e+07	1.0689e+07	1.05365e+07	1.07118e+07	
1.06398e+07	1.06045e+07	1.06965e+07	1.06658e+07	1.05858e+07	
1.06078e+07	1.07892e+07	1.06538e+07	1.06898e+07	1.06675e+07	
1.08842e+07	1.08768e+07	1.0887e+07	1.09215e+07	1.09505e+07	
1.09708e+07	1.11262e+07	1.10375e+07	1.10885e+07	1.10362e+07	
1.10488e+07	1.11142e+07	1.09902e+07	1.0963e+07	1.09525e+07	
1.09128e+07	1.09215e+07	1.09248e+07	1.09322e+07	1.0844e+07	
1.08112e+07	1.0887e+07	1.08352e+07	1.0764e+07	1.08055e+07	
1.08888e+07	1.0885e+07	1.09405e+07	1.09165e+07	1.09525e+07	
1.10848e+07	1.1108e+07	1.11485e+07	1.1103e+07	1.11088e+07	
1.12398e+07	1.13218e+07	1.12228e+07	1.12435e+07	1.12568e+07	
1.14212e+07	1.15165e+07	1.14382e+07	1.14258e+07	1.14232e+07	
1.1393e+07	1.1563e+07	1.15472e+07	1.14665e+07	1.14572e+07	
1.15692e+07	1.15788e+07	1.16608e+07	1.16008e+07	1.1621e+07	
1.1309e+07	1.13575e+07	1.1413e+07	1.13815e+07	1.13222e+07	
1.13475e+07	1.14502e+07	1.1415e+07	1.14692e+07	1.14332e+07	
1.11572e+07	1.13272e+07	1.12e+07	1.11825e+07	1.12178e+07	
1.10338e+07	1.1076e+07	1.10905e+07	1.09908e+07	1.09512e+07	
1.0948e+07	1.10645e+07	1.11295e+07	1.09525e+07	1.11088e+07	
1.10255e+07	1.11648e+07	1.10375e+07	1.1086e+07	1.10678e+07	
1.14142e+07	1.14138e+07	1.13368e+07	1.13525e+07	1.14585e+07	
1.1386e+07	1.1553e+07	1.14415e+07	1.13355e+07	1.13608e+07	
1.14428e+07	1.1452e+07	1.14018e+07	1.13115e+07	1.1352e+07	
1.1222e+07	1.14768e+07	1.14428e+07	1.13098e+07	1.13678e+07	
1.1297e+07	1.1289e+07	1.13122e+07	1.13122e+07	1.12605e+07	
1.12535e+07	1.1306e+07	1.12902e+07	1.12832e+07	1.13488e+07	
1.14458e+07	1.13848e+07	1.14232e+07	1.13778e+07	1.1427e+07	
1.17048e+07	1.16998e+07	1.159e+07	1.16128e+07	1.1657e+07	
1.14535e+07	1.14622e+07	1.1473e+07	1.1505e+07	1.14358e+07	
1.14735e+07	1.15058e+07	1.14962e+07	1.136e+07	1.14868e+07	
1.14415e+07	1.14652e+07	1.15692e+07	1.14842e+07	1.14375e+07	
1.1384e+07	1.13342e+07	1.1326e+07	1.12655e+07	1.13772e+07	
1.10948e+07	1.11892e+07	1.12708e+07	1.12025e+07	1.11025e+07	
1.1379e+07	1.13835e+07	1.11995e+07	1.12158e+07	1.10918e+07	
1.10955e+07	1.11918e+07	1.11295e+07	1.1016e+07	1.11432e+07	
1.09505e+07	1.11478e+07	1.10802e+07	1.10538e+07	1.09348e+07	
1.10608e+07	1.11402e+07	1.11075e+07	1.11138e+07	1.10645e+07	
1.10872e+07	1.11498e+07	1.12045e+07	1.112e+07	1.11012e+07	
1.13255e+07	1.12945e+07	1.12618e+07	1.12812e+07	1.12688e+07	
1.12505e+07	1.1243e+07	1.12208e+07	1.12485e+07	1.12542e+07	
1.10078e+07	1.12562e+07	1.1137e+07	1.10848e+07	1.11472e+07	
1.06492e+07	1.07482e+07	1.07382e+07	1.06795e+07	1.06878e+07	
1.01598e+07	1.02428e+07	1.01652e+07	1.01988e+07	1.02688e+07	
1.00392e+07	1.00128e+07	9.96125e+06	9.953e+06	1.0016e+07	
1.00728e+07	1.00412e+07	1.01155e+07	1.02112e+07	1.0125e+07	
1.03268e+07	1.03412e+07	1.0316e+07	1.02882e+07	1.0253e+07	
1.02978e+07	1.0444e+07	1.0338e+07	1.0275e+07	1.0251e+07	
1.02858e+07	1.03665e+07	1.03595e+07	1.03455e+07	1.03255e+07	
1.06555e+07	1.05642e+07	1.05738e+07	1.0626e+07	1.06148e+07	
1.073e+07	1.08025e+07	1.08648e+07	1.06708e+07	1.07035e+07	
1.105e+07	1.10722e+07	1.1033e+07	1.10368e+07	1.09775e+07	
1.12838e+07	1.13192e+07	1.12865e+07	1.12208e+07	1.12442e+07	
1.12045e+07	1.12812e+07	1.13865e+07	1.12385e+07	1.11905e+07	
1.13405e+07	1.1432e+07	1.13715e+07	1.13218e+07	1.13778e+07	
1.14888e+07	1.15045e+07	1.1401e+07	1.1507e+07	1.14088e+07	
1.14912e+07	1.14312e+07	1.15655e+07	1.13658e+07	1.13968e+07	
1.16178e+07	1.15522e+07	1.15888e+07	1.1483e+07	1.15518e+07	
1.15302e+07	1.16002e+07	1.16758e+07	1.15788e+07	1.158e+07	
1.13198e+07	1.14362e+07	1.1386e+07	1.14892e+07	1.1369e+07	
1.1466e+07	1.14332e+07	1.14458e+07	1.12932e+07	1.13615e+07	
1.13778e+07	1.13878e+07	1.1372e+07	1.13538e+07	1.13305e+07	
1.1587e+07	1.17142e+07	1.15762e+07	1.15825e+07	1.1582e+07	
1.18145e+07	1.1858e+07	1.18365e+07	1.17855e+07	1.18062e+07	
1.18605e+07	1.1926e+07	1.1916e+07	1.19852e+07	1.19758e+07	
1.19335e+07	1.20748e+07	1.19475e+07	1.1933e+07	1.20778e+07	
1.1994e+07	1.20645e+07	1.19808e+07	1.20122e+07	1.19185e+07	
1.1858e+07	1.1943e+07	1.20578e+07	1.19462e+07	1.20645e+07	
1.18718e+07	1.19065e+07	1.19878e+07	1.189e+07	1.18465e+07	
1.15675e+07	1.1662e+07	1.16732e+07	1.1747e+07	1.16952e+07	
1.14238e+07	1.14402e+07	1.12605e+07	1.13902e+07	1.13482e+07	
1.09272e+07	1.08792e+07	1.09392e+07	1.0863e+07	1.09398e+07	
1.09298e+07	1.0943e+07	1.11502e+07	1.09638e+07	1.09828e+07	
1.1093e+07	1.11905e+07	1.11295e+07	1.11395e+07	1.12418e+07	
1.13562e+07	1.1396e+07	1.1471e+07	1.14022e+07	1.13312e+07	
1.1636e+07	1.16242e+07	1.1662e+07	1.16965e+07	1.16008e+07	
1.18075e+07	1.19612e+07	1.19172e+07	1.1904e+07	1.18932e+07	
1.2066e+07	1.21092e+07	1.2142e+07	1.20968e+07	1.20698e+07	
1.2241e+07	1.2258e+07	1.22342e+07	1.22555e+07	1.22965e+07	
1.21535e+07	1.22625e+07	1.21452e+07	1.20955e+07	1.21635e+07	
1.20892e+07	1.22115e+07	1.20955e+07	1.21245e+07	1.19998e+07	
1.21862e+07	1.2229e+07	1.2197e+07	1.2214e+07	1.2214e+07	
1.2226e+07	1.2284e+07	1.2313e+07	1.22712e+07	1.22658e+07	
1.2175e+07	1.23015e+07	1.23438e+07	1.22562e+07	1.22342e+07	
1.23828e+07	1.2386e+07	1.23438e+07	1.23198e+07	1.23918e+07	
1.23695e+07	1.24018e+07	1.23752e+07	1.22865e+07	1.23362e+07	
1.19832e+07	1.21498e+07	1.20948e+07	1.20818e+07	1.22115e+07	
1.17412e+07	1.18485e+07	1.18188e+07	1.17528e+07	1.1897e+07	
1.17685e+07	1.1803e+07	1.17848e+07	1.16922e+07	1.16782e+07	
1.17098e+07	1.18012e+07	1.16765e+07	1.16305e+07	1.17408e+07	
1.18498e+07	1.19082e+07	1.17905e+07	1.1866e+07	1.1887e+07	
1.18265e+07	1.17445e+07	1.19368e+07	1.18252e+07	1.18522e+07	
1.19398e+07	1.20388e+07	1.18175e+07	1.18648e+07	1.19422e+07	
1.19965e+07	1.1928e+07	1.19342e+07	1.18422e+07	1.18605e+07	
1.20552e+07	1.20242e+07	1.1991e+07	1.20898e+07	1.20068e+07	
1.2188e+07	1.2219e+07	1.22368e+07	1.22355e+07	1.21982e+07	
1.2134e+07	1.22265e+07	1.2292e+07	1.22972e+07	1.22372e+07	
1.21768e+07	1.2236e+07	1.22315e+07	1.2125e+07	1.20558e+07	
1.20338e+07	1.21225e+07	1.2079e+07	1.21e+07	1.20818e+07	
1.17288e+07	1.18838e+07	1.18858e+07	1.18725e+07	1.19418e+07	
1.18862e+07	1.19078e+07	1.19392e+07	1.18668e+07	1.1909e+07	
1.18428e+07	1.18875e+07	1.189e+07	1.1914e+07	1.18175e+07	
1.18352e+07	1.19808e+07	1.19228e+07	1.1856e+07	1.18908e+07	
1.20342e+07	1.21068e+07	1.1945e+07	1.1938e+07	1.20118e+07	
1.1941e+07	1.20262e+07	1.20515e+07	1.1974e+07	1.19228e+07	
1.19695e+07	1.1979e+07	1.19782e+07	1.1912e+07	1.19542e+07	
1.19418e+07	1.19575e+07	1.19688e+07	1.1904e+07	1.19028e+07	
1.17502e+07	1.17155e+07	1.18768e+07	1.17602e+07	1.17275e+07	
1.15435e+07	1.1665e+07	1.15618e+07	1.16702e+07	1.15058e+07	
1.1391e+07	1.15365e+07	1.15555e+07	1.1493e+07	1.15455e+07	
1.1512e+07	1.14742e+07	1.14622e+07	1.14092e+07	1.13898e+07	
1.15095e+07	1.1495e+07	1.14552e+07	1.13392e+07	1.13852e+07	
1.15688e+07	1.1568e+07	1.1481e+07	1.13168e+07	1.1488e+07	
1.15688e+07	1.16335e+07	1.1611e+07	1.15908e+07	1.1609e+07	
1.15415e+07	1.15808e+07	1.15612e+07	1.15662e+07	1.15485e+07	
1.1602e+07	1.16222e+07	1.16795e+07	1.15775e+07	1.15372e+07	
1.16952e+07	1.16492e+07	1.1807e+07	1.17048e+07	1.18518e+07	
1.16002e+07	1.15422e+07	1.16512e+07	1.15965e+07	1.15775e+07	
1.1769e+07	1.1706e+07	1.17702e+07	1.16632e+07	1.16835e+07	
1.16952e+07	1.18912e+07	1.17515e+07	1.18182e+07	1.17892e+07	
1.17635e+07	1.1815e+07	1.19152e+07	1.17735e+07	1.1766e+07	
1.16612e+07	1.1735e+07	1.17672e+07	1.1774e+07	1.16475e+07	
1.18668e+07	1.18668e+07	1.19015e+07	1.17338e+07	1.1781e+07	
1.18415e+07	1.19272e+07	1.18762e+07	1.1815e+07	1.1945e+07	
1.1761e+07	1.1774e+07	1.17912e+07	1.17085e+07	1.1732e+07	
1.17395e+07	1.173e+07	1.18112e+07	1.1853e+07	1.182e+07	
1.17122e+07	1.17855e+07	1.18005e+07	1.16662e+07	1.1761e+07	
1.16235e+07	1.17255e+07	1.17452e+07	1.17255e+07	1.17242e+07	
1.16715e+07	1.17698e+07	1.17818e+07	1.16808e+07	1.16348e+07	
1.15125e+07	1.15755e+07	1.15932e+07	1.14648e+07	1.15775e+07	
1.142e+07	1.13935e+07	1.13715e+07	1.142e+07	1.14048e+07	
1.14842e+07	1.14805e+07	1.1498e+07	1.14225e+07	1.15038e+07	
1.157e+07	1.16512e+07	1.1628e+07	1.15655e+07	1.14528e+07	
1.16782e+07	1.16682e+07	1.16172e+07	1.14862e+07	1.16728e+07	
1.16305e+07	1.1648e+07	1.16002e+07	1.1662e+07	1.16185e+07	
1.16052e+07	1.16045e+07	1.16518e+07	1.16922e+07	1.15788e+07	
1.16388e+07	1.15915e+07	1.15838e+07	1.1672e+07	1.16525e+07	
1.16045e+07	1.17085e+07	1.1708e+07	1.16808e+07	1.16178e+07	
1.15618e+07	1.1558e+07	1.15618e+07	1.15555e+07	1.16148e+07	
1.15178e+07	1.15668e+07	1.15782e+07	1.14628e+07	1.15775e+07	
1.15908e+07	1.15075e+07	1.15838e+07	1.14628e+07	1.15282e+07	
1.15485e+07	1.15862e+07	1.1604e+07	1.1551e+07	1.14772e+07	
1.1674e+07	1.17635e+07	1.15265e+07	1.16222e+07	1.17622e+07	
1.15568e+07	1.16305e+07	1.15858e+07	1.14175e+07	1.1548e+07	
1.14855e+07	1.16222e+07	1.1623e+07	1.14615e+07	1.15e+07	
1.15812e+07	1.15775e+07	1.15195e+07	1.15045e+07	1.15738e+07	
1.15145e+07	1.1527e+07	1.1444e+07	1.15032e+07	1.15095e+07	
1.15145e+07	1.15945e+07	1.1597e+07	1.14835e+07	1.15145e+07	
1.17055e+07	1.17558e+07	1.17225e+07	1.15585e+07	1.16342e+07	
1.16355e+07	1.15455e+07	1.17005e+07	1.16058e+07	1.15638e+07	
1.174e+07	1.17142e+07	1.17622e+07	1.16852e+07	1.16505e+07	
1.16412e+07	1.18352e+07	1.18e+07	1.17275e+07	1.1636e+07	
1.16335e+07	1.1611e+07	1.17772e+07	1.16322e+07	1.17168e+07	
1.1577e+07	1.1558e+07	1.15522e+07	1.16052e+07	1.13998e+07	
1.13902e+07	1.16292e+07	1.15718e+07	1.14905e+07	1.15422e+07	
1.12902e+07	1.13392e+07	1.1318e+07	1.13702e+07	1.12995e+07	
1.13168e+07	1.1338e+07	1.1222e+07	1.11578e+07	1.12775e+07	
1.11932e+07	1.127e+07	1.12625e+07	1.1268e+07	1.11705e+07	
1.13652e+07	1.13785e+07	1.13752e+07	1.1297e+07	1.12688e+07	
1.11825e+07	1.12662e+07	1.11345e+07	1.11668e+07	1.11535e+07	
1.12128e+07	1.12978e+07	1.13172e+07	1.11445e+07	1.1176e+07	
1.09032e+07	1.09418e+07	1.10715e+07	1.10142e+07	1.10235e+07	
1.09198e+07	1.10072e+07	1.08838e+07	1.09322e+07	1.1013e+07	
1.0871e+07	1.09858e+07	1.09215e+07	1.0827e+07	1.08945e+07	
1.09662e+07	1.10772e+07	1.10558e+07	1.0929e+07	1.0861e+07	
1.10305e+07	1.0977e+07	1.10185e+07	1.10218e+07	1.0895e+07	
1.10722e+07	1.12315e+07	1.11742e+07	1.11238e+07	1.11932e+07	
1.12128e+07	1.12152e+07	1.12378e+07	1.11672e+07	1.11648e+07	
1.11975e+07	1.12838e+07	1.13272e+07	1.1347e+07	1.13148e+07	
1.12045e+07	1.13115e+07	1.1263e+07	1.12352e+07	1.12062e+07	
1.12315e+07	1.12152e+07	1.11768e+07	1.11212e+07	1.11025e+07	
1.1251e+07	1.11988e+07	1.11925e+07	1.11195e+07	1.12145e+07	
1.1159e+07	1.11792e+07	1.11565e+07	1.11958e+07	1.11328e+07	
1.11792e+07	1.1328e+07	1.13185e+07	1.12285e+07	1.11622e+07	
1.13325e+07	1.14325e+07	1.12928e+07	1.12625e+07	1.12352e+07	
1.134e+07	1.12738e+07	1.12542e+07	1.12758e+07	1.12145e+07	
1.11565e+07	1.1142e+07	1.1091e+07	1.1173e+07	1.11282e+07	
1.1161e+07	1.13538e+07	1.12468e+07	1.1178e+07	1.1207e+07	
1.11888e+07	1.1297e+07	1.1251e+07	1.12675e+07	1.12825e+07	
1.1113e+07	1.11868e+07	1.11498e+07	1.11772e+07	1.11138e+07	
1.10715e+07	1.10682e+07	1.10968e+07	1.10898e+07	1.10148e+07	
1.09882e+07	1.1033e+07	1.10678e+07	1.09145e+07	1.0996e+07	
1.0837e+07	1.09132e+07	1.088e+07	1.09058e+07	1.09392e+07	
1.09568e+07	1.10815e+07	1.1033e+07	1.10122e+07	1.0943e+07	
1.10222e+07	1.1093e+07	1.1028e+07	1.10342e+07	1.10312e+07	
1.11668e+07	1.11812e+07	1.11352e+07	1.11905e+07	1.11445e+07	
1.11075e+07	1.12642e+07	1.12115e+07	1.11282e+07	1.12348e+07	
1.11528e+07	1.1246e+07	1.12195e+07	1.11212e+07	1.10702e+07	
1.09618e+07	1.10255e+07	1.10288e+07	1.09265e+07	1.09575e+07	
1.09302e+07	1.0943e+07	1.09568e+07	1.0912e+07	1.0897e+07	
1.08888e+07	1.09012e+07	1.08995e+07	1.09235e+07	1.09775e+07	
1.1018e+07	1.10198e+07	1.103e+07	1.09368e+07	1.11208e+07	
1.0907e+07	1.09588e+07	1.08888e+07	1.08812e+07	1.08472e+07	
1.08068e+07	1.0798e+07	1.08592e+07	1.08422e+07	1.08775e+07	
1.08605e+07	1.0955e+07	1.0851e+07	1.0759e+07	1.07955e+07	
1.07262e+07	1.07048e+07	1.06845e+07	1.06222e+07	1.0691e+07	
1.06342e+07	1.0682e+07	1.05762e+07	1.05912e+07	1.06645e+07	
1.0701e+07	1.06828e+07	1.06555e+07	1.06658e+07	1.05768e+07	
1.08552e+07	1.0677e+07	1.07805e+07	1.07722e+07	1.07735e+07	
1.08328e+07	1.08572e+07	1.0749e+07	1.08012e+07	1.08108e+07	
1.09435e+07	1.1035e+07	1.0987e+07	1.0987e+07	1.09638e+07	
1.08622e+07	1.10425e+07	1.08208e+07	1.08548e+07	1.09228e+07	
1.1023e+07	1.10802e+07	1.10835e+07	1.1009e+07	1.11195e+07	
1.09322e+07	1.09355e+07	1.09115e+07	1.09815e+07	1.09442e+07	
1.09272e+07	1.09448e+07	1.1047e+07	1.09178e+07	1.09782e+07	
1.096e+07	1.10072e+07	1.09012e+07	1.09165e+07	1.09802e+07	
1.0844e+07	1.0779e+07	1.08648e+07	1.0912e+07	1.08452e+07	
1.07855e+07	1.09695e+07	1.0938e+07	1.08605e+07	1.08465e+07	
1.07528e+07	1.0708e+07	1.07818e+07	1.0752e+07	1.06542e+07	
1.07728e+07	1.07752e+07	1.08278e+07	1.07432e+07	1.06398e+07	
1.06758e+07	1.06708e+07	1.0749e+07	1.07275e+07	1.05182e+07	
1.07312e+07	1.0723e+07	1.07068e+07	1.07892e+07	1.06512e+07	
1.06065e+07	1.06845e+07	1.08328e+07	1.06952e+07	1.0648e+07	
1.06405e+07	1.07968e+07	1.07482e+07	1.07822e+07	1.07085e+07	
1.05938e+07	1.07135e+07	1.06108e+07	1.0691e+07	1.06442e+07	
1.04835e+07	1.06235e+07	1.07015e+07	1.06355e+07	1.06542e+07	
1.05618e+07	1.04818e+07	1.05202e+07	1.0597e+07	1.049e+07	
1.05385e+07	1.05258e+07	1.05328e+07	1.05195e+07	1.05452e+07	
1.05415e+07	1.03235e+07	1.0469e+07	1.03678e+07	1.03322e+07	
1.03152e+07	1.05478e+07	1.04358e+07	1.04218e+07	1.0396e+07	
1.04312e+07	1.05e+07	1.06135e+07	1.04988e+07	1.0604e+07	
1.06745e+07	1.05215e+07	1.05518e+07	1.0527e+07	1.05605e+07	
1.057e+07	1.05725e+07	1.05012e+07	1.066e+07	1.06148e+07	
1.04842e+07	1.06008e+07	1.04848e+07	1.04892e+07	1.06215e+07	
1.05038e+07	1.06148e+07	1.06695e+07	1.05162e+07	1.0481e+07	
1.06222e+07	1.07105e+07	1.05202e+07	1.06468e+07	1.06268e+07	
1.06518e+07	1.07135e+07	1.06442e+07	1.06082e+07	1.05932e+07	
1.05202e+07	1.06638e+07	1.06252e+07	1.0624e+07	1.05965e+07	
1.06538e+07	1.0694e+07	1.07002e+07	1.07305e+07	1.0561e+07	
1.05448e+07	1.07085e+07	1.07262e+07	1.06052e+07	1.06292e+07	
1.05245e+07	1.05725e+07	1.05718e+07	1.05282e+07	1.06658e+07	
1.0648e+07	1.06978e+07	1.07238e+07	1.0578e+07	1.05792e+07	
1.06045e+07	1.0597e+07	1.0674e+07	1.04728e+07	1.06708e+07	
1.05995e+07	1.05452e+07	1.05725e+07	1.05372e+07	1.0614e+07	
1.05378e+07	1.06285e+07	1.0457e+07	1.04848e+07	1.05258e+07	
1.0495e+07	1.04672e+07	1.04805e+07	1.04098e+07	1.04685e+07	
1.035e+07	1.04578e+07	1.03512e+07	1.04622e+07	1.02965e+07	
1.03582e+07	1.02132e+07	1.02505e+07	1.02838e+07	1.02365e+07	
1.02108e+07	1.02302e+07	1.03045e+07	1.02542e+07	1.01718e+07	
1.00538e+07	1.01962e+07	1.01118e+07	1.00968e+07	9.9915e+06	
1.01042e+07	1.0195e+07	1.01768e+07	1.01428e+07	1.00305e+07	
1.0188e+07	1.02498e+07	1.01585e+07	1.01332e+07	1.00708e+07	
1.02468e+07	1.02232e+07	1.0142e+07	1.0047e+07	1.01402e+07	
1.01365e+07	1.00828e+07	1.01275e+07	1.00772e+07	1.0103e+07	
1.00388e+07	1.01665e+07	1.01042e+07	1.004e+07	1.00242e+07	
9.84975e+06	9.92275e+06	9.93275e+06	9.90075e+06	9.93275e+06	
9.6045e+06	9.60275e+06	9.602e+06	9.646e+06	9.6795e+06	
9.268e+06	9.35875e+06	9.3015e+06	9.31725e+06	9.32725e+06	
9.0795e+06	9.02975e+06	9.2e+06	9.03225e+06	9.069e+06	
8.878e+06	8.92575e+06	8.98125e+06	8.97175e+06	8.8735e+06	
9.03925e+06	9.067e+06	8.9915e+06	8.9945e+06	8.95225e+06	
9.1375e+06	9.1565e+06	9.1755e+06	9.04e+06	9.16975e+06	
9.224e+06	9.32725e+06	9.2655e+06	9.217e+06	9.256e+06	
9.2415e+06	9.2585e+06	9.3135e+06	9.26875e+06	9.239e+06	
9.3815e+06	9.48475e+06	9.4305e+06	9.34425e+06	9.314e+06	
9.34125e+06	9.38025e+06	9.311e+06	9.377e+06	9.29375e+06	
9.33975e+06	9.372e+06	9.4785e+06	9.4615e+06	9.355e+06	
9.43e+06	9.51075e+06	9.36625e+06	9.353e+06	9.36375e+06	
9.348e+06	9.40175e+06	9.33725e+06	9.49625e+06	9.2725e+06	
9.4305e+06	9.40175e+06	9.41875e+06	9.4445e+06	9.476e+06	
9.48225e+06	9.50675e+06	9.44075e+06	9.44325e+06	9.389e+06	
9.304e+06	9.50875e+06	9.353e+06	9.43625e+06	9.25225e+06	
9.2995e+06	9.384e+06	9.471e+06	9.3255e+06	9.3285e+06	
9.32025e+06	9.345e+06	9.2875e+06	9.3355e+06	9.3505e+06	
9.13e+06	9.287e+06	9.2095e+06	9.22775e+06	9.2825e+06	
9.21625e+06	9.34425e+06	9.188e+06	9.12375e+06	9.2e+06	
9.253e+06	9.338e+06	9.115e+06	9.17925e+06	9.193e+06	
9.20575e+06	9.28325e+06	9.2875e+06	9.19175e+06	9.2075e+06	
9.38075e+06	9.324e+06	9.32675e+06	9.30025e+06	9.3305e+06	
9.29575e+06	9.28125e+06	9.33675e+06	9.24025e+06	9.246e+06	
9.40725e+06	9.32475e+06	9.3335e+06	9.319e+06	9.3185e+06	
9.24525e+06	9.40475e+06	9.326e+06	9.32925e+06	9.36125e+06	
9.25925e+06	9.19375e+06	9.25475e+06	9.2245e+06	9.161e+06	
9.154e+06	9.1835e+06	9.24925e+06	9.149e+06	9.18925e+06	
9.3235e+06	9.29325e+06	9.25425e+06	9.19125e+06	9.152e+06	
9.215e+06	9.13625e+06	9.21375e+06	9.18475e+06	9.19875e+06	
9.292e+06	9.268e+06	9.12425e+06	9.17225e+06	9.224e+06	
9.15525e+06	9.29e+06	9.19425e+06	9.1855e+06	9.212e+06	
9.1715e+06	9.24725e+06	9.246e+06	9.246e+06	9.2095e+06	
9.244e+06	9.2215e+06	9.178e+06	9.1325e+06	9.2845e+06	
9.12175e+06	9.125e+06	9.1955e+06	9.05625e+06	9.125e+06	
9.17425e+06	9.30975e+06	9.186e+06	9.17725e+06	9.0935e+06	
9.02225e+06	9.04175e+06	9.03925e+06	9.00975e+06	9.01775e+06	
9.09475e+06	9.09475e+06	9.07525e+06	9.02225e+06	9.0205e+06	
8.99775e+06	9.101e+06	9.098e+06	9.05625e+06	9.15025e+06	
8.8925e+06	9.02725e+06	9.0525e+06	9.00475e+06	8.98325e+06	
8.9575e+06	9.1415e+06	8.965e+06	9.05375e+06	9.043e+06	
9.06575e+06	9.08775e+06	9.026e+06	9.1085e+06	9.149e+06	
9.04875e+06	9.0955e+06	9.1225e+06	9.19675e+06	9.15025e+06	
9.25475e+06	9.1855e+06	9.25225e+06	9.12175e+06	9.11675e+06	
9.19375e+06	9.232e+06	9.17425e+06	9.1035e+06	9.15725e+06	
9.17925e+06	9.16525e+06	9.154e+06	9.16475e+06	9.20175e+06	
9.17675e+06	9.21075e+06	9.10675e+06	9.15275e+06	9.2245e+06	
9.24525e+06	9.29775e+06	9.21375e+06	9.21825e+06	9.2075e+06	
9.15525e+06	9.23525e+06	9.1855e+06	9.016e+06	9.084e+06	
9.17025e+06	9.29775e+06	9.14525e+06	9.1805e+06	9.094e+06	
9.154e+06	9.181e+06	9.15775e+06	9.04375e+06	9.2145e+06	
8.98625e+06	9.161e+06	9.13575e+06	9.04125e+06	9.0835e+06	
9.06525e+06	9.26875e+06	9.173e+06	9.0865e+06	9.07775e+06	
9.113e+06	9.10425e+06	9.186e+06	9.17975e+06	9.04625e+06	
9.06375e+06	9.1665e+06	9.06125e+06	9.02225e+06	9.1585e+06	
8.92975e+06	9.057e+06	9.07775e+06	8.96175e+06	9.096e+06	
8.987e+06	9.0745e+06	8.96375e+06	8.94925e+06	8.91325e+06	
8.9575e+06	8.95675e+06	8.92275e+06	8.89875e+06	8.8995e+06	
9.07075e+06	9.05875e+06	8.9045e+06	8.92025e+06	8.89625e+06	
8.96675e+06	8.92725e+06	9.016e+06	8.946e+06	9.0645e+06	
8.83375e+06	8.8735e+06	8.86925e+06	8.88175e+06	8.79725e+06	
8.91575e+06	8.86975e+06	8.87225e+06	8.9625e+06	8.822e+06	
8.85025e+06	8.79725e+06	8.83575e+06	8.85775e+06	8.81875e+06	
8.8415e+06	9.002e+06	8.8755e+06	8.8495e+06	8.9435e+06	
8.88675e+06	8.77075e+06	8.847e+06	8.76025e+06	8.8055e+06	
8.82125e+06	8.931e+06	8.9095e+06	8.8565e+06	8.8445e+06	
8.89375e+06	8.89625e+06	8.8825e+06	8.86925e+06	8.91275e+06	
8.87975e+06	8.80675e+06	8.8275e+06	8.769e+06	8.72175e+06	
8.7785e+06	8.68525e+06	8.9e+06	8.72225e+06	8.73375e+06	
8.84525e+06	8.82375e+06	8.78025e+06	8.83e+06	8.7835e+06	
8.747e+06	8.75e+06	8.7595e+06	8.69025e+06	8.73625e+06	
8.7115e+06	8.7595e+06	8.71225e+06	8.74575e+06	8.7035e+06	
8.648e+06	8.6315e+06	8.716e+06	8.629e+06	8.7085e+06	
8.70525e+06	8.7445e+06	8.61775e+06	8.665e+06	8.68325e+06	
8.54975e+06	8.65125e+06	8.58925e+06	8.57625e+06	8.568e+06	
8.64675e+06	8.74175e+06	8.68325e+06	8.713e+06	8.61275e+06	
8.682e+06	8.70975e+06	8.646e+06	8.60325e+06	8.71475e+06	
8.6165e+06	8.675e+06	8.68825e+06	8.6865e+06	8.6695e+06	
8.4885e+06	8.52075e+06	8.5195e+06	8.54275e+06	8.48025e+06	
8.42875e+06	8.45e+06	8.44075e+06	8.5415e+06	8.46275e+06	
8.31975e+06	8.4325e+06	8.34675e+06	8.42675e+06	8.35925e+06	
8.2465e+06	8.42175e+06	8.39475e+06	8.30525e+06	8.33975e+06	
8.3525e+06	8.4205e+06	8.3505e+06	8.367e+06	8.41675e+06	
8.3435e+06	8.46075e+06	8.3455e+06	8.454e+06	8.442e+06	
8.45125e+06	8.525e+06	8.48475e+06	8.471e+06	8.5e+06	
8.44325e+06	8.529e+06	8.43175e+06	8.4715e+06	8.44825e+06	
8.40675e+06	8.542e+06	8.5565e+06	8.435e+06	8.54025e+06	
8.42425e+06	8.544e+06	8.46275e+06	8.48725e+06	8.48675e+06	
8.5105e+06	8.58925e+06	8.54325e+06	8.474e+06	8.5005e+06	
8.517e+06	8.3935e+06	8.4905e+06	8.49225e+06	8.479e+06	
8.602e+06	8.636e+06	8.537e+06	8.53575e+06	8.5515e+06	
8.56475e+06	8.65175e+06	8.583e+06	8.48975e+06	8.58e+06	
8.5105e+06	8.52e+06	8.5565e+06	8.5345e+06	8.6265e+06	
8.43425e+06	8.55775e+06	8.5025e+06	8.4425e+06	8.46075e+06	
8.52075e+06	8.54325e+06	8.578e+06	8.50425e+06	8.4665e+06	
8.42425e+06	8.42625e+06	8.41225e+06	8.40525e+06	8.408e+06	
8.47525e+06	8.51875e+06	8.52075e+06	8.34175e+06	8.41725e+06	
8.3815e+06	8.4135e+06	8.37e+06	8.3215e+06	8.3045e+06	
8.40975e+06	8.4815e+06	8.387e+06	8.29075e+06	8.29575e+06	
8.25275e+06	8.3385e+06	8.30775e+06	8.30775e+06	8.19175e+06	
8.251e+06	8.24475e+06	8.32725e+06	8.23775e+06	8.25025e+06	
8.278e+06	8.3625e+06	8.3335e+06	8.1975e+06	8.2995e+06	
8.183e+06	8.2005e+06	8.30575e+06	8.26425e+06	8.13325e+06	
8.1685e+06	8.091e+06	8.2025e+06	8.1275e+06	8.04925e+06	
8.0455e+06	8.17025e+06	8.106e+06	7.97125e+06	8.0305e+06	
7.98825e+06	8.04425e+06	8.05375e+06	8.072e+06	8.0305e+06	
8.1035e+06	8.05e+06	8.101e+06	8.048e+06	8.0385e+06	
7.9465e+06	7.929e+06	7.92325e+06	7.92025e+06	7.87975e+06	
7.95175e+06	7.97e+06	7.9625e+06	7.8875e+06	7.95925e+06	
7.99125e+06	8.0135e+06	8.08325e+06	7.94275e+06	7.98375e+06	
7.8905e+06	7.987e+06	7.94225e+06	7.84075e+06	8.0165e+06	
7.96875e+06	7.95425e+06	7.994e+06	7.89675e+06	7.9385e+06	
7.99575e+06	7.948e+06	7.92775e+06	7.88175e+06	7.9195e+06	
7.731e+06	7.9335e+06	7.7885e+06	7.84025e+06	7.76125e+06	
7.7035e+06	7.7695e+06	7.65625e+06	7.72925e+06	7.67575e+06	
7.75625e+06	7.745e+06	7.77975e+06	7.71475e+06	7.8005e+06	
7.648e+06	7.71475e+06	7.697e+06	7.646e+06	7.629e+06	
7.70775e+06	7.67125e+06	7.646e+06	7.738e+06	7.67125e+06	
7.7305e+06	7.7285e+06	7.7355e+06	7.71225e+06	7.68625e+06	
7.5995e+06	7.64025e+06	7.6e+06	7.7185e+06	7.622e+06	
7.63225e+06	7.65425e+06	7.6115e+06	7.56975e+06	7.5825e+06	
7.58925e+06	7.67325e+06	7.6705e+06	7.6e+06	7.67325e+06	
7.62975e+06	7.72475e+06	7.697e+06	7.602e+06	7.55225e+06	
7.5565e+06	7.544e+06	7.612e+06	7.5535e+06	7.4815e+06	
7.5365e+06	7.597e+06	7.54275e+06	7.4885e+06	7.51125e+06	
7.48225e+06	7.493e+06	7.4815e+06	7.4785e+06	7.5415e+06	
7.49475e+06	7.55275e+06	7.4595e+06	7.46325e+06	7.46325e+06	
7.50625e+06	7.53825e+06	7.5155e+06	7.515e+06	7.4735e+06	
7.418e+06	7.549e+06	7.48475e+06	7.469e+06	7.4885e+06	
7.5365e+06	7.56025e+06	7.5295e+06	7.486e+06	7.49225e+06	
7.426e+06	7.44875e+06	7.3965e+06	7.4405e+06	7.39025e+06	
7.44875e+06	7.4765e+06	7.503e+06	7.42675e+06	7.4305e+06	
7.36375e+06	7.40975e+06	7.396e+06	7.416e+06	7.40025e+06	
7.43425e+06	7.418e+06	7.4185e+06	7.41675e+06	7.4015e+06	
7.40275e+06	7.6315e+06	7.42925e+06	7.505e+06	7.4765e+06	
7.40275e+06	7.457e+06	7.39975e+06	7.47725e+06	7.38e+06	
7.34475e+06	7.336e+06	7.33675e+06	7.39325e+06	7.3095e+06	
7.372e+06	7.4135e+06	7.34225e+06	7.312e+06	7.3775e+06	
7.3065e+06	7.35875e+06	7.3045e+06	7.2685e+06	7.36825e+06	
7.31325e+06	7.382e+06	7.33675e+06	7.2825e+06	7.3525e+06	
7.43175e+06	7.32275e+06	7.37575e+06	7.324e+06	7.35875e+06	
7.321e+06	7.31525e+06	7.343e+06	7.3045e+06	7.229e+06	
7.271e+06	7.409e+06	7.30575e+06	7.31825e+06	7.31975e+06	
7.271e+06	7.3165e+06	7.3235e+06	7.38575e+06	7.244e+06	
7.29375e+06	7.285e+06	7.32525e+06	7.3435e+06	7.23525e+06	
7.30125e+06	7.3775e+06	7.34475e+06	7.31525e+06	7.2635e+06	
7.22825e+06	7.288e+06	7.2515e+06	7.2755e+06	7.283e+06	
7.26975e+06	7.23075e+06	7.2925e+06	7.145e+06	7.147e+06	
7.1565e+06	7.13375e+06	7.26225e+06	7.196e+06	7.162e+06	
7.1225e+06	7.15075e+06	7.026e+06	7.01275e+06	7.10225e+06	
7.06575e+06	7.0575e+06	7.13825e+06	7.13175e+06	7.03675e+06	
7.038e+06	7.02925e+06	7.01975e+06	6.92825e+06	6.99e+06	
6.968e+06	7.02525e+06	7.04375e+06	7.058e+06	6.98375e+06	
6.93275e+06	7.00075e+06	7.00075e+06	6.944e+06	7.0265e+06	
6.874e+06	6.94775e+06	6.86275e+06	6.8295e+06	6.995e+06	
6.85825e+06	6.94525e+06	6.91875e+06	6.917e+06	6.94725e+06	
6.88725e+06	6.98e+06	6.88725e+06	6.961e+06	6.9175e+06	
6.95725e+06	6.94025e+06	6.89675e+06	6.8735e+06	6.8375e+06	
6.9775e+06	6.89925e+06	6.94725e+06	6.95175e+06	6.922e+06	
6.808e+06	6.95725e+06	6.89425e+06	6.806e+06	6.895e+06	
6.90375e+06	6.93325e+06	6.84575e+06	6.79925e+06	6.82175e+06	
6.84375e+06	6.88225e+06	6.87025e+06	6.8805e+06	6.91575e+06	
6.93775e+06	6.82e+06	6.847e+06	6.876e+06	6.7935e+06	
6.716e+06	6.8005e+06	6.779e+06	6.6995e+06	6.774e+06	
6.80175e+06	6.80925e+06	6.789e+06	6.7375e+06	6.74175e+06	
6.74875e+06	6.64475e+06	6.66175e+06	6.63975e+06	6.65725e+06	
6.6075e+06	6.62575e+06	6.60075e+06	6.63725e+06	6.6295e+06	
6.656e+06	6.58925e+06	6.71775e+06	6.6215e+06	6.61375e+06	
6.56025e+06	6.62775e+06	6.539e+06	6.4955e+06	6.4985e+06	
6.53375e+06	6.57175e+06	6.5175e+06	6.57225e+06	6.48975e+06	
6.4785e+06	6.55975e+06	6.43125e+06	6.45625e+06	6.474e+06	
6.4545e+06	6.4455e+06	6.5465e+06	6.455e+06	6.406e+06	
6.2655e+06	6.329e+06	6.39075e+06	6.4035e+06	6.343e+06	
6.399e+06	6.38775e+06	6.33525e+06	6.36925e+06	6.46525e+06	
6.27725e+06	6.3555e+06	6.341e+06	6.268e+06	6.409e+06	
6.29125e+06	6.317e+06	6.2995e+06	6.1935e+06	6.29575e+06	
6.215e+06	6.2295e+06	6.2585e+06	6.24975e+06	6.19475e+06	
6.133e+06	6.23575e+06	6.14075e+06	6.157e+06	6.259e+06	
6.18725e+06	6.18275e+06	6.2125e+06	6.11975e+06	6.159e+06	
6.1545e+06	6.24025e+06	6.16075e+06	6.26425e+06	6.1305e+06	
6.14375e+06	6.193e+06	6.20675e+06	6.2345e+06	6.167e+06	
6.2465e+06	6.331e+06	6.29875e+06	6.234e+06	6.278e+06	
6.227e+06	6.27475e+06	6.19425e+06	6.20375e+06	6.2195e+06	
6.13675e+06	6.2055e+06	6.1155e+06	6.16775e+06	6.23125e+06	
6.16325e+06	6.133e+06	6.17025e+06	6.174e+06	6.208e+06	
6.191e+06	6.1905e+06	6.21375e+06	6.15325e+06	6.1545e+06	
6.2735e+06	6.23775e+06	6.2825e+06	6.17525e+06	6.2755e+06	
6.17975e+06	6.259e+06	6.22375e+06	6.20925e+06	6.167e+06	
6.24775e+06	6.18525e+06	6.18925e+06	6.18925e+06	6.213e+06	
6.1715e+06	6.1905e+06	6.17525e+06	6.23275e+06	6.14e+06	
6.1615e+06	6.193e+06	6.12625e+06	6.111e+06	6.1595e+06	
6.04175e+06	6.10525e+06	6.162e+06	6.04925e+06	6.06e+06	
6.02475e+06	6.10225e+06	6.1375e+06	6.0775e+06	6.10275e+06	
6.05375e+06	5.98125e+06	5.973e+06	5.94025e+06	5.98875e+06	
5.886e+06	5.89425e+06	5.83125e+06	5.837e+06	5.869e+06	
5.7625e+06	5.7165e+06	5.7865e+06	5.66425e+06	5.6415e+06	
5.46075e+06	5.50725e+06	5.4525e+06	5.42925e+06	5.46575e+06	
5.32325e+06	5.327e+06	5.36125e+06	5.36875e+06	5.33475e+06	
5.3605e+06	5.4545e+06	5.40725e+06	5.29375e+06	5.29825e+06	
5.3435e+06	5.46e+06	5.49025e+06	5.44625e+06	5.397e+06	
5.50475e+06	5.4885e+06	5.523e+06	5.51625e+06	5.51875e+06	
5.7285e+06	5.70025e+06	5.58175e+06	5.61075e+06	5.66675e+06	
5.73925e+06	5.799e+06	5.7015e+06	5.7505e+06	5.71975e+06	
5.83575e+06	5.81475e+06	5.74675e+06	5.78075e+06	5.71525e+06	
5.8715e+06	5.8565e+06	5.85025e+06	5.799e+06	5.8325e+06	
5.94225e+06	5.9025e+06	5.8375e+06	5.85075e+06	5.85325e+06	
5.91e+06	5.886e+06	5.88725e+06	5.835e+06	5.883e+06	
5.893e+06	5.91625e+06	5.92075e+06	6.00325e+06	5.874e+06	
5.93075e+06	5.93575e+06	5.91075e+06	5.88475e+06	5.86325e+06	
5.89625e+06	5.94025e+06	5.9825e+06	5.92775e+06	5.91825e+06	
5.96675e+06	5.9225e+06	5.87275e+06	5.883e+06	5.98125e+06	
5.90125e+06	5.92325e+06	5.92125e+06	5.908e+06	5.91825e+06	
5.917e+06	5.96475e+06	5.91325e+06	5.93025e+06	5.95275e+06	
5.91075e+06	6.01025e+06	5.96725e+06	5.97425e+06	5.94475e+06	
5.908e+06	6.0185e+06	5.9225e+06	5.9415e+06	5.95225e+06	
5.8715e+06	5.925e+06	5.927e+06	5.8765e+06	6.004e+06	
5.95475e+06	5.893e+06	5.89675e+06	5.903e+06	5.883e+06	
5.88975e+06	5.94275e+06	5.91825e+06	5.842e+06	5.9e+06	
5.90425e+06	5.87975e+06	5.83825e+06	5.81475e+06	5.91875e+06	
5.7885e+06	5.81175e+06	5.8685e+06	5.8475e+06	5.8015e+06	
5.80275e+06	5.80425e+06	5.823e+06	5.81925e+06	5.82875e+06	
5.8055e+06	5.90175e+06	5.8345e+06	5.9005e+06	5.86525e+06	
5.8495e+06	5.81425e+06	5.83625e+06	5.8205e+06	5.862e+06	
5.80675e+06	5.84575e+06	5.84e+06	5.82375e+06	5.77575e+06	
5.8345e+06	5.78025e+06	5.859e+06	5.7985e+06	5.81675e+06	
5.82625e+06	5.813e+06	5.8135e+06	5.83175e+06	5.82175e+06	
5.81875e+06	5.8545e+06	5.79525e+06	5.79475e+06	5.78325e+06	
5.85075e+06	5.81175e+06	5.9e+06	5.7795e+06	5.75625e+06	
5.8055e+06	5.78325e+06	5.73925e+06	5.78275e+06	5.73225e+06	
5.79775e+06	5.772e+06	5.7815e+06	5.75125e+06	5.79525e+06	
5.808e+06	5.8375e+06	5.7185e+06	5.7625e+06	5.7135e+06	
5.76e+06	5.76e+06	5.6875e+06	5.699e+06	5.70825e+06	
5.7405e+06	5.78775e+06	5.716e+06	5.74425e+06	5.75e+06	
5.72525e+06	5.75625e+06	5.6095e+06	5.6635e+06	5.811e+06	
5.6435e+06	5.806e+06	5.702e+06	5.68325e+06	5.714e+06	
5.64725e+06	5.738e+06	5.7425e+06	5.748e+06	5.71475e+06	
5.72025e+06	5.7695e+06	5.75e+06	5.70275e+06	5.73475e+06	
5.6655e+06	5.7505e+06	5.72225e+06	5.64975e+06	5.66625e+06	
5.60375e+06	5.6945e+06	5.653e+06	5.607e+06	5.639e+06	
5.5905e+06	5.70575e+06	5.69375e+06	5.649e+06	5.6145e+06	
5.64025e+06	5.673e+06	5.588e+06	5.61875e+06	5.59425e+06	
5.6025e+06	5.54e+06	5.6535e+06	5.537e+06	5.646e+06	
5.5885e+06	5.56975e+06	5.632e+06	5.57225e+06	5.53125e+06	
5.66625e+06	5.63725e+06	5.639e+06	5.56725e+06	5.511e+06	
5.4885e+06	5.5395e+06	5.48975e+06	5.5715e+06	5.494e+06	
5.5735e+06	5.5685e+06	5.52625e+06	5.5035e+06	5.57975e+06	
5.586e+06	5.56525e+06	5.559e+06	5.61125e+06	5.54525e+06	
5.53375e+06	5.5685e+06	5.64275e+06	5.508e+06	5.56725e+06	
5.5515e+06	5.5835e+06	5.6295e+06	5.59625e+06	5.52175e+06	
5.5155e+06	5.59875e+06	5.5085e+06	5.523e+06	5.50175e+06	
5.5225e+06	5.55275e+06	5.54075e+06	5.48525e+06	5.54075e+06	
5.419e+06	5.50725e+06	5.5155e+06	5.48725e+06	5.48725e+06	
5.494e+06	5.57025e+06	5.479e+06	5.45575e+06	5.44625e+06	
5.44125e+06	5.467e+06	5.47775e+06	5.47325e+06	5.45e+06	
5.42925e+06	5.52625e+06	5.49925e+06	5.48975e+06	5.4815e+06	
5.48475e+06	5.53e+06	5.4835e+06	5.45825e+06	5.47325e+06	
5.45325e+06	5.472e+06	5.48225e+06	5.42925e+06	5.38125e+06	
5.44125e+06	5.38375e+06	5.42475e+06	5.387e+06	5.4665e+06	
5.4285e+06	5.43925e+06	5.4065e+06	5.445e+06	5.44675e+06	
5.4695e+06	5.537e+06	5.4185e+06	5.443e+06	5.43875e+06	
5.38375e+06	5.43175e+06	5.455e+06	5.39575e+06	5.4185e+06	
5.35675e+06	5.4065e+06	5.40775e+06	5.399e+06	5.404e+06	
5.426e+06	5.3875e+06	5.45825e+06	5.414e+06	5.3795e+06	
5.41975e+06	5.3625e+06	5.38125e+06	5.365e+06	5.327e+06	
5.41775e+06	5.37575e+06	5.334e+06	5.34675e+06	5.3455e+06	
5.3335e+06	5.39025e+06	5.28925e+06	5.30375e+06	5.348e+06	
5.239e+06	5.36625e+06	5.31e+06	5.3145e+06	5.3385e+06	
5.32775e+06	5.35675e+06	5.373e+06	5.28675e+06	5.3145e+06	
5.3145e+06	5.30625e+06	5.336e+06	5.2735e+06	5.3215e+06	
5.227e+06	5.2685e+06	5.2705e+06	5.23775e+06	5.189e+06	
5.37875e+06	5.3505e+06	5.3125e+06	5.30325e+06	5.174e+06	
5.21925e+06	5.2415e+06	5.3455e+06	5.27225e+06	5.268e+06	
5.36675e+06	5.28425e+06	5.30125e+06	5.21425e+06	5.266e+06	
5.30625e+06	5.239e+06	5.2275e+06	5.307e+06	5.25525e+06	
5.28625e+06	5.2995e+06	5.16575e+06	5.24025e+06	5.1715e+06	
5.152e+06	5.25725e+06	5.20425e+06	5.19225e+06	5.13125e+06	
5.21175e+06	5.2005e+06	5.22575e+06	5.20425e+06	5.0965e+06	
5.0485e+06	5.19425e+06	5.16325e+06	5.13375e+06	5.1885e+06	
5.1205e+06	5.189e+06	5.09525e+06	5.05675e+06	5.0625e+06	
5.0285e+06	5.11975e+06	5.092e+06	5.1785e+06	5.08575e+06	
5.026e+06	5.14125e+06	4.961e+06	5.01825e+06	5.0895e+06	
4.99875e+06	5.05375e+06	4.9855e+06	4.97875e+06	4.95275e+06	
4.988e+06	5.01275e+06	5.058e+06	5.0945e+06	5.06825e+06	
4.98875e+06	5.0605e+06	5.0365e+06	4.9995e+06	4.95475e+06	
4.94525e+06	4.9945e+06	4.97925e+06	5.00375e+06	5.024e+06	
4.90125e+06	4.888e+06	4.86325e+06	4.92875e+06	4.92375e+06	
4.69075e+06	4.77125e+06	4.726e+06	4.71725e+06	4.76125e+06	
4.411e+06	4.46825e+06	4.443e+06	4.445e+06	4.39375e+06	
4.131e+06	4.225e+06	4.20425e+06	4.15825e+06	4.152e+06	
3.98125e+06	4.00825e+06	4.06875e+06	4.01775e+06	3.9685e+06	
4.041e+06	4.09325e+06	4.02575e+06	4.065e+06	4.12175e+06	
4.0315e+06	4.12475e+06	4.13625e+06	4.0965e+06	4.07325e+06	
4.07575e+06	4.12925e+06	4.1255e+06	4.14425e+06	4.102e+06	
4.135e+06	4.14125e+06	4.08575e+06	4.02075e+06	4.10725e+06	
4.06875e+06	4.13625e+06	4.1375e+06	4.106e+06	4.162e+06	
4.1425e+06	4.0895e+06	4.14875e+06	4.13925e+06	4.179e+06	
4.14925e+06	4.1885e+06	4.155e+06	4.1915e+06	4.15375e+06	
4.198e+06	4.23075e+06	4.1595e+06	4.116e+06	4.14925e+06	
4.18725e+06	4.232e+06	4.155e+06	4.1575e+06	4.181e+06	
4.24575e+06	4.19025e+06	4.181e+06	4.28475e+06	4.198e+06	
4.2325e+06	4.264e+06	4.31625e+06	4.218e+06	4.28875e+06	
4.3555e+06	4.3245e+06	4.34725e+06	4.25575e+06	4.3025e+06	
4.40525e+06	4.3195e+06	4.4285e+06	4.2875e+06	4.26225e+06	
4.33025e+06	4.421e+06	4.424e+06	4.29175e+06	4.419e+06	
4.365e+06	4.3635e+06	4.419e+06	4.3655e+06	4.33475e+06	
4.3315e+06	4.327e+06	4.35975e+06	4.32325e+06	4.283e+06	
4.3215e+06	4.37125e+06	4.31825e+06	4.30175e+06	4.30875e+06	
4.32325e+06	4.26775e+06	4.31125e+06	4.3175e+06	4.266e+06	
4.18525e+06	4.20425e+06	4.2635e+06	4.2515e+06	4.1865e+06	
4.1885e+06	4.2635e+06	4.2005e+06	4.14375e+06	4.17325e+06	
4.2275e+06	4.2665e+06	4.19475e+06	4.2105e+06	4.15625e+06	
4.26025e+06	4.2205e+06	4.23075e+06	4.157e+06	4.157e+06	
4.203e+06	4.27225e+06	4.177e+06	4.2735e+06	4.23375e+06	
4.152e+06	4.189e+06	4.10525e+06	4.215e+06	4.1375e+06	
4.14925e+06	4.23875e+06	4.18725e+06	4.2155e+06	4.16075e+06	
4.20425e+06	4.21125e+06	4.23825e+06	4.162e+06	4.227e+06	
4.242e+06	4.293e+06	4.18225e+06	4.23075e+06	4.203e+06	
4.2375e+06	4.32275e+06	4.27975e+06	4.259e+06	4.273e+06	
4.242e+06	4.2445e+06	4.24e+06	4.266e+06	4.26525e+06	
4.26975e+06	4.20725e+06	4.315e+06	4.21375e+06	4.27675e+06	
4.20675e+06	4.278e+06	4.3005e+06	4.28225e+06	4.20175e+06	
4.21675e+06	4.208e+06	4.213e+06	4.22125e+06	4.19225e+06	
4.20925e+06	4.19275e+06	4.19675e+06	4.177e+06	4.1335e+06	
4.0995e+06	4.1135e+06	4.10725e+06	4.16075e+06	4.16375e+06	
4.0795e+06	4.11725e+06	4.15125e+06	4.065e+06	4.094e+06	
4.0945e+06	4.116e+06	4.0025e+06	4.11725e+06	4.1085e+06	
4.08075e+06	4.1065e+06	4.1015e+06	4.06875e+06	4.043e+06	
4.029e+06	4.05725e+06	4.0075e+06	4.04425e+06	3.98125e+06	
3.95525e+06	3.9735e+06	4.002e+06	3.9515e+06	4.0555e+06	
3.94525e+06	4.017e+06	3.91925e+06	3.954e+06	3.94825e+06	
3.9515e+06	3.9445e+06	3.9685e+06	3.92e+06	3.9735e+06	
3.9535e+06	4.01525e+06	3.9295e+06	3.95225e+06	3.8475e+06	
3.87075e+06	3.89975e+06	3.9295e+06	3.852e+06	3.8695e+06	
3.95725e+06	3.9175e+06	3.964e+06	3.89725e+06	3.85e+06	
3.8905e+06	3.915e+06	3.82875e+06	3.88225e+06	3.8255e+06	
3.91125e+06	3.91175e+06	3.88725e+06	3.9345e+06	3.847e+06	
3.86825e+06	3.966e+06	3.84625e+06	3.84125e+06	3.89475e+06	
3.88975e+06	3.9345e+06	3.879e+06	3.864e+06	3.879e+06	
3.8905e+06	3.913e+06	3.93e+06	3.864e+06	3.891e+06	
3.838e+06	3.8865e+06	3.8425e+06	3.908e+06	3.87975e+06	
3.85575e+06	3.89675e+06	3.89675e+06	3.96475e+06	3.87525e+06	
3.87075e+06	3.91125e+06	3.9105e+06	3.87025e+06	3.893e+06	
3.893e+06	3.87025e+06	3.92075e+06	3.89675e+06	3.87025e+06	
3.79525e+06	3.88225e+06	3.85375e+06	3.855e+06	3.86575e+06	
3.76e+06	3.89675e+06	3.87325e+06	3.81675e+06	3.806e+06	
3.804e+06	3.84e+06	3.869e+06	3.84625e+06	3.86075e+06	
3.88725e+06	3.84825e+06	3.84175e+06	3.823e+06	3.823e+06	
3.852e+06	3.8495e+06	3.80025e+06	3.79075e+06	3.843e+06	
3.81675e+06	3.86525e+06	3.84625e+06	3.83425e+06	3.8405e+06	
3.80775e+06	3.82475e+06	3.87075e+06	3.75425e+06	3.84125e+06	
3.821e+06	3.799e+06	3.78325e+06	3.797e+06	3.81025e+06	
3.76175e+06	3.82175e+06	3.81975e+06	3.7915e+06	3.736e+06	
3.7695e+06	3.78075e+06	3.77875e+06	3.6975e+06	3.72975e+06	
3.71025e+06	3.726e+06	3.77825e+06	3.738e+06	3.7235e+06	
3.721e+06	3.76125e+06	3.7725e+06	3.69825e+06	3.7985e+06	
3.71775e+06	3.70375e+06	3.68375e+06	3.74975e+06	3.66675e+06	
3.78275e+06	3.73675e+06	3.73475e+06	3.6735e+06	3.7315e+06	
3.73225e+06	3.7315e+06	3.75675e+06	3.7265e+06	3.644e+06	
3.6775e+06	3.70775e+06	3.6875e+06	3.70125e+06	3.66225e+06	
3.66725e+06	3.656e+06	3.73975e+06	3.63575e+06	3.6825e+06	
3.7065e+06	3.804e+06	3.73475e+06	3.67925e+06	3.678e+06	
3.67175e+06	3.70575e+06	3.71575e+06	3.668e+06	3.702e+06	
3.6855e+06	3.68425e+06	3.66925e+06	3.61125e+06	3.6805e+06	
3.63575e+06	3.598e+06	3.65475e+06	3.59725e+06	3.583e+06	
3.661e+06	3.668e+06	3.60375e+06	3.65775e+06	3.554e+06	
3.54825e+06	3.598e+06	3.59875e+06	3.58225e+06	3.56025e+06	
3.6365e+06	3.6145e+06	3.56775e+06	3.574e+06	3.53675e+06	
3.54875e+06	3.5785e+06	3.5445e+06	3.60875e+06	3.56525e+06	
3.6175e+06	3.489e+06	3.57275e+06	3.5225e+06	3.49025e+06	
3.57225e+06	3.593e+06	3.533e+06	3.57275e+06	3.53625e+06	
3.50025e+06	3.55575e+06	3.533e+06	3.55525e+06	3.54325e+06	
3.4965e+06	3.5325e+06	3.46125e+06	3.49475e+06	3.443e+06	
3.487e+06	3.49275e+06	3.554e+06	3.45125e+06	3.4675e+06	
3.46825e+06	3.5135e+06	3.4385e+06	3.47775e+06	3.46625e+06	
3.414e+06	3.39825e+06	3.34275e+06	3.34275e+06	3.35975e+06	
3.387e+06	3.4095e+06	3.4045e+06	3.34525e+06	3.3175e+06	
3.29675e+06	3.324e+06	3.3005e+06	3.30375e+06	3.2855e+06	
3.14625e+06	3.247e+06	3.17075e+06	3.1455e+06	3.17275e+06	
3.05725e+06	3.153e+06	3.12025e+06	3.073e+06	3.09e+06	
2.96225e+06	2.97675e+06	2.96775e+06	2.97425e+06	3.027e+06	
2.87275e+06	2.90925e+06	2.91425e+06	2.9225e+06	2.93625e+06	
2.87325e+06	2.87525e+06	2.83225e+06	2.82725e+06	2.8285e+06	
2.72075e+06	2.77e+06	2.7435e+06	2.75625e+06	2.77575e+06	
2.73975e+06	2.7385e+06	2.71325e+06	2.712e+06	2.722e+06	
2.6325e+06	2.65275e+06	2.63825e+06	2.693e+06	2.6705e+06	
2.63575e+06	2.67675e+06	2.62375e+06	2.6445e+06	2.659e+06	
2.6125e+06	2.62575e+06	2.60925e+06	2.6535e+06	2.5985e+06	
2.6245e+06	2.63e+06	2.63325e+06	2.579e+06	2.634e+06	
2.61e+06	2.59675e+06	2.574e+06	2.63525e+06	2.62125e+06	
2.6875e+06	2.7075e+06	2.642e+06	2.7075e+06	2.6445e+06	
2.78575e+06	2.73975e+06	2.72075e+06	2.7775e+06	2.77875e+06	
2.8085e+06	2.84125e+06	2.867e+06	2.8035e+06	2.82175e+06	
2.91125e+06	2.908e+06	2.89675e+06	2.91e+06	2.90725e+06	
2.98875e+06	3.007e+06	3.04225e+06	2.98875e+06	2.98925e+06	
2.99425e+06	3.0335e+06	3.04475e+06	3.012e+06	3.0045e+06	
3.002e+06	3.002e+06	2.9975e+06	2.9805e+06	2.99e+06	
2.97175e+06	3.03225e+06	2.966e+06	2.9665e+06	2.981e+06	
2.89225e+06	2.86775e+06	2.91625e+06	2.9055e+06	2.8815e+06	
2.81725e+06	2.7725e+06	2.833e+06	2.797e+06	2.84825e+06	
2.77e+06	2.76675e+06	2.77625e+06	2.76375e+06	2.79525e+06	
2.7145e+06	2.765e+06	2.8355e+06	2.76425e+06	2.7435e+06	
2.726e+06	2.74475e+06	2.7315e+06	2.73475e+06	2.71775e+06	
2.72275e+06	2.719e+06	2.7385e+06	2.6925e+06	2.712e+06	
2.676e+06	2.74475e+06	2.7195e+06	2.7505e+06	2.70825e+06	
2.702e+06	2.7165e+06	2.68125e+06	2.67225e+06	2.69825e+06	
2.67425e+06	2.74225e+06	2.707e+06	2.6925e+06	2.724e+06	
2.73525e+06	2.71325e+06	2.70125e+06	2.736e+06	2.73975e+06	
2.693e+06	2.7795e+06	2.77325e+06	2.74975e+06	2.7335e+06	
2.67475e+06	2.70825e+06	2.69175e+06	2.6995e+06	2.7165e+06	
2.7045e+06	2.7115e+06	2.74925e+06	2.67925e+06	2.69e+06	
2.673e+06	2.693e+06	2.64525e+06	2.649e+06	2.676e+06	
2.67925e+06	2.685e+06	2.7215e+06	2.71275e+06	2.6655e+06	
2.714e+06	2.6825e+06	2.69575e+06	2.678e+06	2.66975e+06	
2.66925e+06	2.69375e+06	2.68675e+06	2.67425e+06	2.695e+06	
2.7385e+06	2.68e+06	2.70875e+06	2.67675e+06	2.707e+06	
2.65975e+06	2.68875e+06	2.65975e+06	2.67425e+06	2.695e+06	
2.70575e+06	2.6365e+06	2.67725e+06	2.70575e+06	2.67475e+06	
2.70875e+06	2.722e+06	2.6635e+06	2.719e+06	2.66675e+06	
2.722e+06	2.671e+06	2.717e+06	2.62125e+06	2.644e+06	
2.66975e+06	2.668e+06	2.7265e+06	2.68675e+06	2.6225e+06	
2.68675e+06	2.70375e+06	2.71325e+06	2.70575e+06	2.6905e+06	
2.69375e+06	2.697e+06	2.71575e+06	2.647e+06	2.68925e+06	
2.7e+06	2.717e+06	2.70375e+06	2.661e+06	2.73725e+06	
2.6705e+06	2.7215e+06	2.7095e+06	2.7095e+06	2.7335e+06	
2.78125e+06	2.7845e+06	2.76675e+06	2.7245e+06	2.75675e+06	
2.80275e+06	2.76925e+06	2.734e+06	2.8085e+06	2.787e+06	
2.84125e+06	2.86325e+06	2.83225e+06	2.82175e+06	2.833e+06	
2.8065e+06	2.85575e+06	2.79075e+06	2.82975e+06	2.8205e+06	
2.8915e+06	2.92425e+06	2.8455e+06	2.87325e+06	2.879e+06	
2.942e+06	2.908e+06	2.85375e+06	2.8645e+06	2.9105e+06	
2.88725e+06	2.92175e+06	2.88525e+06	2.8695e+06	2.84e+06	
2.915e+06	2.96775e+06	2.913e+06	2.91675e+06	2.90725e+06	
2.8375e+06	2.90225e+06	2.8985e+06	2.88275e+06	2.925e+06	
2.8545e+06	2.91375e+06	2.906e+06	2.915e+06	2.867e+06	
2.906e+06	2.91425e+06	2.9375e+06	2.884e+06	2.918e+06	
2.90175e+06	2.872e+06	2.8715e+06	2.86525e+06	2.84875e+06	
2.83625e+06	2.8575e+06	2.903e+06	2.877e+06	2.83875e+06	
2.811e+06	2.8285e+06	2.80025e+06	2.84375e+06	2.82225e+06	
2.84875e+06	2.7675e+06	2.82425e+06	2.83875e+06	2.83225e+06	
2.814e+06	2.857e+06	2.89275e+06	2.8885e+06	2.82225e+06	
2.89725e+06	2.89275e+06	2.867e+06	2.8525e+06	2.8495e+06	
2.87825e+06	2.89675e+06	2.89425e+06	2.85375e+06	2.92375e+06	
2.901e+06	2.901e+06	2.84175e+06	2.83425e+06	2.879e+06	
2.8935e+06	2.8205e+06	2.831e+06	2.82925e+06	2.83225e+06	
2.7845e+06	2.84875e+06	2.86525e+06	2.79025e+06	2.8035e+06	
2.831e+06	2.8425e+06	2.826e+06	2.869e+06	2.8425e+06	
2.7965e+06	2.87825e+06	2.84175e+06	2.867e+06	2.80275e+06	
2.88225e+06	2.87075e+06	2.80725e+06	2.884e+06	2.80775e+06	
2.8355e+06	2.833e+06	2.87075e+06	2.879e+06	2.831e+06	
2.8525e+06	2.86075e+06	2.821e+06	2.85075e+06	2.8455e+06	
2.76125e+06	2.78075e+06	2.8355e+06	2.82925e+06	2.83375e+06	
2.81975e+06	2.838e+06	2.821e+06	2.80475e+06	2.818e+06	
2.80475e+06	2.76625e+06	2.83625e+06	2.789e+06	2.84825e+06	
2.818e+06	2.828e+06	2.80775e+06	2.81925e+06	2.79775e+06	
2.831e+06	2.8495e+06	2.81925e+06	2.83925e+06	2.809e+06	
2.81225e+06	2.82675e+06	2.84825e+06	2.81975e+06	2.81925e+06	
2.831e+06	2.8885e+06	2.83675e+06	2.80225e+06	2.736e+06	
2.83875e+06	2.8375e+06	2.857e+06	2.82475e+06	2.8205e+06	
2.823e+06	2.86075e+06	2.85075e+06	2.87025e+06	2.85825e+06	
2.82425e+06	2.83225e+06	2.869e+06	2.8375e+06	2.9005e+06	
2.81225e+06	2.84625e+06	2.8455e+06	2.83375e+06	2.806e+06	
2.80525e+06	2.862e+06	2.8525e+06	2.874e+06	2.79325e+06	
2.85325e+06	2.811e+06	2.84625e+06	2.811e+06	2.8115e+06	
2.751e+06	2.84175e+06	2.87575e+06	2.81225e+06	2.80275e+06	
2.811e+06	2.84375e+06	2.83175e+06	2.80075e+06	2.7655e+06	
2.8285e+06	2.828e+06	2.87075e+06	2.8595e+06	2.82425e+06	
2.85575e+06	2.81725e+06	2.806e+06	2.7385e+06	2.77125e+06	
2.8545e+06	2.78e+06	2.78775e+06	2.7825e+06	2.753e+06	
2.768e+06	2.7845e+06	2.8255e+06	2.787e+06	2.72975e+06	
2.7485e+06	2.77625e+06	2.81475e+06	2.77375e+06	2.76375e+06	
2.76875e+06	2.80025e+06	2.7965e+06	2.777e+06	2.79825e+06	
2.794e+06	2.8475e+06	2.8455e+06	2.84375e+06	2.81475e+06	
2.7995e+06	2.77375e+06	2.81025e+06	2.79525e+06	2.77375e+06	
2.80525e+06	2.7845e+06	2.794e+06	2.763e+06	2.804e+06	
2.792e+06	2.79325e+06	2.75425e+06	2.77825e+06	2.739e+06	
2.7705e+06	2.794e+06	2.76425e+06	2.7895e+06	2.75875e+06	
2.705e+06	2.763e+06	2.717e+06	2.746e+06	2.7505e+06	
2.69625e+06	2.74925e+06	2.731e+06	2.70325e+06	2.74025e+06	
2.7335e+06	2.7365e+06	2.69e+06	2.688e+06	2.73025e+06	
2.69125e+06	2.75625e+06	2.729e+06	2.683e+06	2.72025e+06	
2.7095e+06	2.753e+06	2.714e+06	2.75925e+06	2.6925e+06	
2.69175e+06	2.73475e+06	2.7095e+06	2.7165e+06	2.64775e+06	
2.705e+06	2.72025e+06	2.6875e+06	2.72275e+06	2.625e+06	
2.6785e+06	2.67725e+06	2.649e+06	2.71275e+06	2.65025e+06	
2.69e+06	2.71775e+06	2.70125e+06	2.758e+06	2.683e+06	
2.6805e+06	2.67925e+06	2.7215e+06	2.71025e+06	2.70575e+06	
2.6755e+06	2.61875e+06	2.6905e+06	2.62075e+06	2.666e+06	
2.65525e+06	2.65275e+06	2.66275e+06	2.6365e+06	2.734e+06	
2.65975e+06	2.70825e+06	2.683e+06	2.63775e+06	2.66975e+06	
2.69425e+06	2.71075e+06	2.6395e+06	2.688e+06	2.656e+06	
2.6685e+06	2.72725e+06	2.6785e+06	2.66025e+06	2.65975e+06	
2.66725e+06	2.63775e+06	2.67225e+06	2.62075e+06	2.671e+06	
2.69375e+06	2.6585e+06	2.59675e+06	2.639e+06	2.62825e+06	
2.61625e+06	2.671e+06	2.666e+06	2.622e+06	2.66675e+06	
2.65525e+06	2.651e+06	2.634e+06	2.705e+06	2.6055e+06	
2.59425e+06	2.634e+06	2.63575e+06	2.6195e+06	2.62375e+06	
2.625e+06	2.65975e+06	2.62125e+06	2.618e+06	2.63825e+06	
2.66225e+06	2.68125e+06	2.586e+06	2.55325e+06	2.58275e+06	
2.5645e+06	2.64975e+06	2.61425e+06	2.576e+06	2.56075e+06	
2.58525e+06	2.59925e+06	2.6125e+06	2.601e+06	2.60675e+06	
2.538e+06	2.5645e+06	2.58925e+06	2.59975e+06	2.6415e+06	
2.59675e+06	2.55325e+06	2.56575e+06	2.64575e+06	2.5525e+06	
2.61125e+06	2.579e+06	2.572e+06	2.5595e+06	2.5425e+06	
2.58925e+06	2.56825e+06	2.567e+06	2.51675e+06	2.538e+06	
2.5185e+06	2.5405e+06	2.55375e+06	2.5885e+06	2.54325e+06	
2.528e+06	2.492e+06	2.50525e+06	2.506e+06	2.49775e+06	
2.35525e+06	2.4335e+06	2.3895e+06	2.3825e+06	2.434e+06	
2.19025e+06	2.189e+06	2.18575e+06	2.1595e+06	2.19225e+06	
1.91925e+06	1.937e+06	1.911e+06	1.93125e+06	1.9345e+06	
1.63325e+06	1.6205e+06	1.627e+06	1.61675e+06	1.6345e+06	
1.414e+06	1.3945e+06	1.3875e+06	1.39875e+06	1.40125e+06	
1.2255e+06	1.24325e+06	1.21975e+06	1.23375e+06	1.22675e+06	
1.16575e+06	1.19775e+06	1.17575e+06	1.15e+06	1.14725e+06	
1.189e+06	1.2015e+06	1.19975e+06	1.22625e+06	1.19525e+06	
1.303e+06	1.30425e+06	1.28975e+06	1.2885e+06	1.28975e+06	
1.419e+06	1.4165e+06	1.436e+06	1.38375e+06	1.4e+06	
1.45425e+06	1.41525e+06	1.41525e+06	1.44225e+06	1.4535e+06	
1.407e+06	1.44175e+06	1.39175e+06	1.42275e+06	1.4215e+06	
1.422e+06	1.43475e+06	1.4315e+06	1.43475e+06	1.40125e+06	
1.40625e+06	1.41825e+06	1.41325e+06	1.4025e+06	1.42075e+06	
1.4265e+06	1.43275e+06	1.42975e+06	1.43525e+06	1.4335e+06	
1.443e+06	1.4335e+06	1.422e+06	1.4215e+06	1.44225e+06	
1.458e+06	1.468e+06	1.47075e+06	1.44725e+06	1.482e+06	
1.5325e+06	1.521e+06	1.5085e+06	1.497e+06	1.50475e+06	
1.56525e+06	1.567e+06	1.6125e+06	1.57075e+06	1.61625e+06	
1.61675e+06	1.6465e+06	1.64825e+06	1.63e+06	1.65525e+06	
1.72325e+06	1.731e+06	1.71e+06	1.676e+06	1.68625e+06	
1.8115e+06	1.79775e+06	1.81525e+06	1.76425e+06	1.75675e+06	
1.81975e+06	1.82025e+06	1.8255e+06	1.81725e+06	1.8375e+06	
1.91425e+06	1.93625e+06	1.9325e+06	1.928e+06	1.87775e+06	
1.98175e+06	1.98475e+06	1.96475e+06	1.95275e+06	1.99425e+06	
2.03975e+06	2.0195e+06	2.0875e+06	2.01625e+06	2.04025e+06	
2.1015e+06	2.1045e+06	2.1045e+06	2.107e+06	2.049e+06	
2.13475e+06	2.16e+06	2.16625e+06	2.13725e+06	2.1235e+06	
2.2035e+06	2.1965e+06	2.14925e+06	2.17775e+06	2.208e+06	
2.18025e+06	2.17825e+06	2.2035e+06	2.216e+06	2.16625e+06	
2.21425e+06	2.2155e+06	2.2105e+06	2.228e+06	2.21725e+06	
2.211e+06	2.21425e+06	2.2445e+06	2.21925e+06	2.20275e+06	
2.17775e+06	2.2395e+06	2.24625e+06	2.208e+06	2.2515e+06	
2.2445e+06	2.259e+06	2.22625e+06	2.26075e+06	2.2155e+06	
2.21175e+06	2.22175e+06	2.2885e+06	2.22425e+06	2.22625e+06	
2.26275e+06	2.26975e+06	2.23425e+06	2.24575e+06	2.25e+06	
2.257e+06	2.2615e+06	2.245e+06	2.25775e+06	2.228e+06	
2.23825e+06	2.23875e+06	2.28225e+06	2.21925e+06	2.2645e+06	
2.23125e+06	2.242e+06	2.237e+06	2.223e+06	2.223e+06	
2.25525e+06	2.24e+06	2.23825e+06	2.23375e+06	2.26325e+06	
2.16325e+06	2.20475e+06	2.24375e+06	2.21925e+06	2.19725e+06	
2.21975e+06	2.19775e+06	2.216e+06	2.254e+06	2.24575e+06	
2.2205e+06	2.2495e+06	2.2375e+06	2.23e+06	2.21975e+06	
2.25825e+06	2.2085e+06	2.22375e+06	2.204e+06	2.21925e+06	
2.2185e+06	2.21225e+06	2.21425e+06	2.2055e+06	2.228e+06	
2.2545e+06	2.1985e+06	2.1965e+06	2.25e+06	2.23e+06	
2.148e+06	2.218e+06	2.19275e+06	2.18525e+06	2.204e+06	
2.131e+06	2.19225e+06	2.2375e+06	2.1845e+06	2.158e+06	
2.179e+06	2.1915e+06	2.1625e+06	2.1745e+06	2.119e+06	
2.15625e+06	2.1455e+06	2.14675e+06	2.19525e+06	2.18775e+06	
2.1695e+06	2.13725e+06	2.1505e+06	2.14675e+06	2.1555e+06	
2.1725e+06	2.1335e+06	2.1385e+06	2.16125e+06	2.1405e+06	
2.16575e+06	2.14925e+06	2.16825e+06	2.177e+06	2.141e+06	
2.15675e+06	2.1695e+06	2.15125e+06	2.12275e+06	2.19225e+06	
2.167e+06	2.18025e+06	2.1645e+06	2.131e+06	2.208e+06	
2.172e+06	2.121e+06	2.15875e+06	2.124e+06	2.18025e+06	
2.1475e+06	2.124e+06	2.11775e+06	2.13925e+06	2.15625e+06	
2.12475e+06	2.172e+06	2.12975e+06	2.114e+06	2.1305e+06	
2.13925e+06	2.12925e+06	2.1355e+06	2.102e+06	2.1265e+06	
2.12275e+06	2.13975e+06	2.1455e+06	2.1215e+06	2.12475e+06	
2.11025e+06	2.1165e+06	2.1115e+06	2.12925e+06	2.11975e+06	
2.1285e+06	2.085e+06	2.12225e+06	2.0825e+06	2.14175e+06	
2.08575e+06	2.12775e+06	2.11475e+06	2.1265e+06	2.116e+06	
2.10025e+06	2.0925e+06	2.07175e+06	2.08325e+06	2.08375e+06	
2.07675e+06	2.15875e+06	2.0995e+06	2.10525e+06	2.112e+06	
2.126e+06	2.095e+06	2.08875e+06	2.114e+06	2.08575e+06	
2.0875e+06	2.1095e+06	2.07675e+06	2.126e+06	2.1065e+06	
2.12275e+06	2.07175e+06	2.08325e+06	2.07625e+06	2.08375e+06	
2.0755e+06	2.0555e+06	2.0755e+06	2.0825e+06	2.07375e+06	
2.06675e+06	2.08625e+06	2.058e+06	2.0895e+06	2.09575e+06	
2.0585e+06	2.0945e+06	2.075e+06	2.07625e+06	2.0535e+06	
2.06175e+06	2.131e+06	2.087e+06	2.08375e+06	2.032e+06	
2.0705e+06	2.07925e+06	2.075e+06	2.066e+06	2.08375e+06	
2.06225e+06	2.09625e+06	2.06225e+06	2.09075e+06	2.0725e+06	
2.049e+06	2.0775e+06	2.05975e+06	2.06925e+06	2.0675e+06	
2.0635e+06	2.0945e+06	2.05425e+06	2.075e+06	2.0775e+06	
2.05675e+06	2.032e+06	2.03775e+06	2.02575e+06	2.02275e+06	
2.03975e+06	2.0705e+06	2.05925e+06	2.02575e+06	2.03975e+06	
2.049e+06	2.056e+06	2.01625e+06	2.00175e+06	2.02775e+06	
2.01125e+06	2.00375e+06	2.01125e+06	2.02e+06	1.98225e+06	
2.0485e+06	2.073e+06	2.01375e+06	2.049e+06	2.034e+06	
2.03275e+06	2.034e+06	2.03075e+06	2.07875e+06	2.027e+06	
1.9975e+06	2.03575e+06	2.044e+06	2.0005e+06	2.02525e+06	
2.005e+06	2.0295e+06	2.04025e+06	2.015e+06	2.01075e+06	
2.01625e+06	1.9975e+06	1.9595e+06	2.01825e+06	2.03975e+06	
2.046e+06	2.027e+06	2.00125e+06	2.01e+06	2.00875e+06	
2.022e+06	1.9885e+06	1.998e+06	2.0055e+06	2.01125e+06	
1.978e+06	2.046e+06	1.99125e+06	2.01325e+06	2.01075e+06	
1.94e+06	2.005e+06	1.9905e+06	2.003e+06	1.9325e+06	
1.92675e+06	1.9715e+06	1.964e+06	1.94125e+06	1.95325e+06	
1.988e+06	1.95325e+06	1.97225e+06	1.9465e+06	1.9495e+06	
1.96225e+06	1.99375e+06	1.91875e+06	1.954e+06	1.92175e+06	
1.91625e+06	1.978e+06	1.94825e+06	1.91225e+06	1.9175e+06	
1.93375e+06	1.9275e+06	1.93375e+06	1.901e+06	1.93125e+06	
1.91625e+06	1.94575e+06	1.9105e+06	1.94325e+06	1.932e+06	
1.8885e+06	1.95075e+06	1.93e+06	1.90425e+06	1.93375e+06	
1.89475e+06	1.88275e+06	1.90925e+06	1.9155e+06	1.915e+06	
1.91175e+06	1.94e+06	1.8865e+06	1.86325e+06	1.87325e+06	
1.89925e+06	1.8885e+06	1.89525e+06	1.874e+06	1.923e+06	
1.894e+06	1.908e+06	1.884e+06	1.89525e+06	1.862e+06	
1.903e+06	1.9005e+06	1.872e+06	1.82925e+06	1.89275e+06	
1.867e+06	1.90425e+06	1.8835e+06	1.84125e+06	1.8545e+06	
1.88075e+06	1.89725e+06	1.877e+06	1.855e+06	1.84125e+06	
1.8405e+06	1.855e+06	1.8625e+06	1.86575e+06	1.85e+06	
1.82025e+06	1.86e+06	1.83425e+06	1.80325e+06	1.83675e+06	
1.80325e+06	1.85e+06	1.80775e+06	1.823e+06	1.83475e+06	
1.85575e+06	1.82025e+06	1.84375e+06	1.83925e+06	1.799e+06	
1.85625e+06	1.81525e+06	1.819e+06	1.80575e+06	1.823e+06	
1.802e+06	1.8085e+06	1.816e+06	1.816e+06	1.7845e+06	
1.82975e+06	1.80325e+06	1.81775e+06	1.867e+06	1.80525e+06	
1.8065e+06	1.855e+06	1.82975e+06	1.8085e+06	1.80725e+06	
1.8425e+06	1.80075e+06	1.823e+06	1.79525e+06	1.8065e+06	
1.799e+06	1.82725e+06	1.8305e+06	1.81525e+06	1.78825e+06	
1.84375e+06	1.77e+06	1.78e+06	1.80025e+06	1.8185e+06	
1.77425e+06	1.7875e+06	1.7605e+06	1.81275e+06	1.7945e+06	
1.79525e+06	1.777e+06	1.76925e+06	1.76375e+06	1.75675e+06	
1.77175e+06	1.7965e+06	1.80325e+06	1.7755e+06	1.76625e+06	
1.77875e+06	1.75675e+06	1.76425e+06	1.77825e+06	1.7775e+06	
1.75725e+06	1.76425e+06	1.76675e+06	1.773e+06	1.77e+06	
1.77425e+06	1.777e+06	1.73975e+06	1.72275e+06	1.7995e+06	
1.80975e+06	1.7755e+06	1.7895e+06	1.76875e+06	1.768e+06	
1.74275e+06	1.8165e+06	1.77625e+06	1.78375e+06	1.78125e+06	
1.77e+06	1.802e+06	1.748e+06	1.765e+06	1.763e+06	
1.78575e+06	1.77175e+06	1.7705e+06	1.756e+06	1.75925e+06	
1.719e+06	1.75675e+06	1.773e+06	1.72325e+06	1.7555e+06	
1.758e+06	1.7535e+06	1.744e+06	1.74725e+06	1.7335e+06	
1.7675e+06	1.74725e+06	1.712e+06	1.731e+06	1.71825e+06	
1.7165e+06	1.70875e+06	1.69425e+06	1.74525e+06	1.7095e+06	
1.6955e+06	1.72775e+06	1.68425e+06	1.707e+06	1.69375e+06	
1.68625e+06	1.6925e+06	1.70825e+06	1.70575e+06	1.67925e+06	
1.69675e+06	1.7045e+06	1.70625e+06	1.68875e+06	1.6705e+06	
1.67975e+06	1.671e+06	1.681e+06	1.688e+06	1.68925e+06	
1.65975e+06	1.7e+06	1.6585e+06	1.6805e+06	1.6495e+06	
1.6755e+06	1.673e+06	1.6735e+06	1.64075e+06	1.6735e+06	
1.6635e+06	1.664e+06	1.63e+06	1.63375e+06	1.6735e+06	
1.60675e+06	1.67725e+06	1.65725e+06	1.671e+06	1.6515e+06	
1.66025e+06	1.6585e+06	1.661e+06	1.66775e+06	1.63325e+06	
1.639e+06	1.635e+06	1.647e+06	1.62625e+06	1.6515e+06	
1.6465e+06	1.654e+06	1.63075e+06	1.58525e+06	1.65725e+06	
1.598e+06	1.695e+06	1.67425e+06	1.65075e+06	1.6445e+06	
1.66275e+06	1.635e+06	1.65025e+06	1.5815e+06	1.66725e+06	
1.61e+06	1.62825e+06	1.62825e+06	1.59725e+06	1.6055e+06	
1.6005e+06	1.664e+06	1.63e+06	1.5665e+06	1.593e+06	
1.6155e+06	1.6205e+06	1.6005e+06	1.60175e+06	1.639e+06	
1.60925e+06	1.615e+06	1.608e+06	1.62825e+06	1.5935e+06	
1.61625e+06	1.63125e+06	1.61875e+06	1.60475e+06	1.61125e+06	
1.56575e+06	1.63825e+06	1.62175e+06	1.64525e+06	1.574e+06	
1.6055e+06	1.6205e+06	1.5785e+06	1.557e+06	1.59925e+06	
1.59025e+06	1.6295e+06	1.58275e+06	1.62e+06	1.58025e+06	
1.6175e+06	1.61e+06	1.593e+06	1.60675e+06	1.58525e+06	
1.5815e+06	1.59425e+06	1.589e+06	1.58225e+06	1.603e+06	
1.59425e+06	1.59025e+06	1.56825e+06	1.58225e+06	1.591e+06	
1.5665e+06	1.55625e+06	1.5765e+06	1.63375e+06	1.586e+06	
1.55375e+06	1.6035e+06	1.5765e+06	1.5885e+06	1.5915e+06	
1.57325e+06	1.5595e+06	1.593e+06	1.57725e+06	1.58025e+06	
1.543e+06	1.5455e+06	1.52675e+06	1.5645e+06	1.5325e+06	
1.538e+06	1.55125e+06	1.56525e+06	1.543e+06	1.53375e+06	
1.509e+06	1.5695e+06	1.543e+06	1.52225e+06	1.535e+06	
1.54425e+06	1.52225e+06	1.52425e+06	1.51975e+06	1.53175e+06	
1.55875e+06	1.5305e+06	1.53125e+06	1.51675e+06	1.54875e+06	
1.492e+06	1.50475e+06	1.5255e+06	1.504e+06	1.50475e+06	
1.487e+06	1.5305e+06	1.5185e+06	1.50725e+06	1.49775e+06	
1.49775e+06	1.4965e+06	1.48075e+06	1.4895e+06	1.50975e+06	
1.48775e+06	1.5185e+06	1.5065e+06	1.51725e+06	1.50275e+06	
1.504e+06	1.50475e+06	1.475e+06	1.45225e+06	1.47e+06	
1.46925e+06	1.4795e+06	1.46425e+06	1.4485e+06	1.46675e+06	
1.43775e+06	1.472e+06	1.4535e+06	1.4745e+06	1.458e+06	
1.43025e+06	1.47125e+06	1.47e+06	1.43775e+06	1.43775e+06	
1.4555e+06	1.41325e+06	1.465e+06	1.41275e+06	1.44925e+06	
1.402e+06	1.39875e+06	1.42525e+06	1.4165e+06	1.40375e+06	
1.385e+06	1.366e+06	1.39e+06	1.39825e+06	1.37725e+06	
1.37925e+06	1.3735e+06	1.349e+06	1.41775e+06	1.36925e+06	
1.37425e+06	1.354e+06	1.3635e+06	1.34025e+06	1.3515e+06	
1.32375e+06	1.349e+06	1.342e+06	1.315e+06	1.3245e+06	
1.30175e+06	1.317e+06	1.301e+06	1.32075e+06	1.31175e+06	
1.3225e+06	1.28525e+06	1.28725e+06	1.31125e+06	1.24325e+06	
1.308e+06	1.308e+06	1.274e+06	1.29475e+06	1.30425e+06	
1.27775e+06	1.26275e+06	1.29675e+06	1.276e+06	1.2815e+06	
1.2955e+06	1.27275e+06	1.26575e+06	1.257e+06	1.29225e+06	
1.25325e+06	1.27225e+06	1.24875e+06	1.26025e+06	1.23175e+06	
1.24325e+06	1.25125e+06	1.22425e+06	1.25e+06	1.26025e+06	
1.2525e+06	1.26775e+06	1.25575e+06	1.24325e+06	1.267e+06	
1.26525e+06	1.255e+06	1.2495e+06	1.2275e+06	1.27225e+06	
1.255e+06	1.2765e+06	1.2565e+06	1.242e+06	1.233e+06	
1.21475e+06	1.233e+06	1.22175e+06	1.2325e+06	1.25575e+06	
1.2665e+06	1.228e+06	1.25575e+06	1.2475e+06	1.2615e+06	
1.24e+06	1.2615e+06	1.2425e+06	1.24375e+06	1.242e+06	
1.2715e+06	1.27775e+06	1.238e+06	1.255e+06	1.252e+06	
1.26275e+06	1.24575e+06	1.27475e+06	1.262e+06	1.26525e+06	
1.23125e+06	1.255e+06	1.23925e+06	1.2275e+06	1.2425e+06	
1.25575e+06	1.2525e+06	1.2135e+06	1.259e+06	1.2545e+06	
1.26525e+06	1.2595e+06	1.25375e+06	1.2595e+06	1.2155e+06	
1.27725e+06	1.2955e+06	1.25775e+06	1.29175e+06	1.28225e+06	
1.27275e+06	1.2955e+06	1.31e+06	1.29725e+06	1.29925e+06	
1.3075e+06	1.284e+06	1.31125e+06	1.27775e+06	1.30175e+06	
1.2905e+06	1.2815e+06	1.28725e+06	1.31e+06	1.3025e+06	
1.28025e+06	1.286e+06	1.27225e+06	1.32625e+06	1.298e+06	
1.2785e+06	1.2615e+06	1.27025e+06	1.26075e+06	1.257e+06	
1.23875e+06	1.2565e+06	1.22425e+06	1.204e+06	1.22425e+06	
1.18025e+06	1.18025e+06	1.15675e+06	1.18075e+06	1.1815e+06	
1.16175e+06	1.16125e+06	1.12475e+06	1.12475e+06	1.1675e+06	
1.148e+06	1.177e+06	1.16625e+06	1.13925e+06	1.1405e+06	
1.17325e+06	1.1775e+06	1.1605e+06	1.18825e+06	1.1775e+06	
1.21675e+06	1.21425e+06	1.1965e+06	1.20275e+06	1.21925e+06	
1.24875e+06	1.20475e+06	1.2615e+06	1.22675e+06	1.1915e+06	
1.269e+06	1.2445e+06	1.25125e+06	1.27525e+06	1.22875e+06	
1.267e+06	1.29175e+06	1.26325e+06	1.25375e+06	1.291e+06	
1.2305e+06	1.24125e+06	1.24575e+06	1.262e+06	1.28675e+06	
1.262e+06	1.267e+06	1.281e+06	1.24875e+06	1.24075e+06	
1.25075e+06	1.2615e+06	1.24825e+06	1.252e+06	1.2355e+06	
1.24075e+06	1.252e+06	1.271e+06	1.235e+06	1.276e+06	
1.2305e+06	1.25575e+06	1.2375e+06	1.25325e+06	1.255e+06	
1.28025e+06	1.27725e+06	1.25775e+06	1.25825e+06	1.257e+06	
1.2595e+06	1.25325e+06	1.24375e+06	1.23425e+06	1.22875e+06	
1.221e+06	1.21925e+06	1.21225e+06	1.20275e+06	1.20975e+06	
1.211e+06	1.22675e+06	1.206e+06	1.211e+06	1.18575e+06	
1.1895e+06	1.2035e+06	1.20225e+06	1.2425e+06	1.192e+06	
1.19725e+06	1.2105e+06	1.22225e+06	1.206e+06	1.22675e+06	
1.22175e+06	1.206e+06	1.1965e+06	1.19275e+06	1.233e+06	
1.19025e+06	1.15125e+06	1.2035e+06	1.18325e+06	1.2035e+06	
1.223e+06	1.1865e+06	1.21425e+06	1.1865e+06	1.1915e+06	
1.19325e+06	1.2015e+06	1.192e+06	1.19725e+06	1.21225e+06	
1.16575e+06	1.201e+06	1.17825e+06	1.2065e+06	1.18275e+06	
1.21925e+06	1.18275e+06	1.1965e+06	1.1895e+06	1.2185e+06	
1.19725e+06	1.1865e+06	1.18525e+06	1.17625e+06	1.18275e+06	
1.20725e+06	1.194e+06	1.20275e+06	1.17875e+06	1.18025e+06	
1.194e+06	1.22925e+06	1.16825e+06	1.19475e+06	1.18825e+06	
1.1815e+06	1.20775e+06	1.21925e+06	1.218e+06	1.19725e+06	
1.2015e+06	1.1555e+06	1.19275e+06	1.20975e+06	1.19025e+06	
1.19975e+06	1.18025e+06	1.167e+06	1.16375e+06	1.2035e+06	
1.19075e+06	1.1815e+06	1.187e+06	1.18025e+06	1.192e+06	
1.1675e+06	1.1915e+06	1.1915e+06	1.196e+06	1.209e+06	
1.1815e+06	1.201e+06	1.21925e+06	1.1845e+06	1.16175e+06	
1.18775e+06	1.13225e+06	1.163e+06	1.167e+06	1.163e+06	
1.17325e+06	1.18575e+06	1.1455e+06	1.155e+06	1.1625e+06	
1.1575e+06	1.18275e+06	1.1745e+06	1.1895e+06	1.15175e+06	
1.172e+06	1.19275e+06	1.17875e+06	1.17625e+06	1.194e+06	
1.2255e+06	1.2015e+06	1.18275e+06	1.20475e+06	1.2235e+06	
1.20225e+06	1.20225e+06	1.19025e+06	1.16175e+06	1.19275e+06	
1.19275e+06	1.20525e+06	1.17875e+06	1.21725e+06	1.192e+06	
1.17325e+06	1.196e+06	1.196e+06	1.19975e+06	1.1795e+06	
1.17075e+06	1.19325e+06	1.20775e+06	1.20525e+06	1.20275e+06	
1.18325e+06	1.1775e+06	1.187e+06	1.17825e+06	1.1915e+06	
1.206e+06	1.196e+06	1.167e+06	1.18325e+06	1.17575e+06	
1.187e+06	1.19075e+06	1.209e+06	1.18575e+06	1.19725e+06	
1.2155e+06	1.19525e+06	1.21175e+06	1.182e+06	1.18325e+06	
1.18025e+06	1.1965e+06	1.196e+06	1.20225e+06	1.18825e+06	
1.18775e+06	1.211e+06	1.20225e+06	1.21675e+06	1.189e+06	
1.199e+06	1.2105e+06	1.19325e+06	1.21425e+06	1.17875e+06	
1.20475e+06	1.17e+06	1.1725e+06	1.175e+06	1.17575e+06	
1.1895e+06	1.19325e+06	1.16375e+06	1.182e+06	1.1965e+06	
1.1645e+06	1.1625e+06	1.1625e+06	1.1845e+06	1.199e+06	
1.2085e+06	1.18525e+06	1.172e+06	1.17875e+06	1.16125e+06	
1.2255e+06	1.2035e+06	1.18525e+06	1.20525e+06	1.20525e+06	
1.19975e+06	1.19975e+06	1.1845e+06	1.1795e+06	1.18275e+06	
1.21975e+06	1.18775e+06	1.19775e+06	1.17825e+06	1.18525e+06	
1.182e+06	1.18075e+06	1.196e+06	1.14675e+06	1.1625e+06	
1.17e+06	1.1845e+06	1.1695e+06	1.17875e+06	1.17625e+06	
1.17325e+06	1.16875e+06	1.143e+06	1.20475e+06	1.19075e+06	
1.182e+06	1.163e+06	1.1795e+06	1.19075e+06	1.182e+06	
1.1455e+06	1.17825e+06	1.16575e+06	1.15125e+06	1.153e+06	
1.18325e+06	1.184e+06	1.16875e+06	1.167e+06	1.1265e+06	
1.1645e+06	1.16575e+06	1.16175e+06	1.16375e+06	1.165e+06	
1.18275e+06	1.18275e+06	1.16375e+06	1.17325e+06	1.17875e+06	
1.14925e+06	1.16625e+06	1.14925e+06	1.18775e+06	1.1845e+06	
1.17875e+06	1.189e+06	1.18025e+06	1.1775e+06	1.16e+06	
1.1625e+06	1.189e+06	1.1625e+06	1.15175e+06	1.143e+06	
1.14675e+06	1.15875e+06	1.14175e+06	1.13225e+06	1.1455e+06	
1.14175e+06	1.148e+06	1.155e+06	1.14725e+06	1.16125e+06	
1.143e+06	1.1385e+06	1.15675e+06	1.1405e+06	1.15675e+06	
1.165e+06	1.15375e+06	1.12775e+06	1.15675e+06	1.13275e+06	
1.16825e+06	1.14725e+06	1.14675e+06	1.138e+06	1.15375e+06	
1.163e+06	1.17125e+06	1.1215e+06	1.14425e+06	1.146e+06	
1.187e+06	1.136e+06	1.14675e+06	1.1695e+06	1.1385e+06	
1.13475e+06	1.14875e+06	1.12525e+06	1.15e+06	1.1455e+06	
1.12775e+06	1.15875e+06	1.14225e+06	1.1555e+06	1.16e+06	
1.1285e+06	1.12025e+06	1.12775e+06	1.1385e+06	1.18525e+06	
1.13725e+06	1.146e+06	1.1505e+06	1.143e+06	1.12225e+06	
1.143e+06	1.1435e+06	1.129e+06	1.13275e+06	1.1385e+06	
1.10275e+06	1.1385e+06	1.121e+06	1.13425e+06	1.12975e+06	
1.14225e+06	1.14225e+06	1.15925e+06	1.13475e+06	1.1315e+06	
1.121e+06	1.1335e+06	1.1145e+06	1.12725e+06	1.13025e+06	
1.14675e+06	1.13225e+06	1.14475e+06	1.15375e+06	1.148e+06	
1.10575e+06	1.136e+06	1.12275e+06	1.14875e+06	1.1045e+06	
1.11075e+06	1.1285e+06	1.10825e+06	1.12775e+06	1.1e+06	
1.09625e+06	1.09875e+06	1.11275e+06	1.0875e+06	1.0725e+06	
1.0945e+06	1.0855e+06	1.09375e+06	1.06225e+06	1.09325e+06	
1.09625e+06	1.085e+06	1.08e+06	1.0995e+06	1.09075e+06	
1.09575e+06	1.08675e+06	1.102e+06	1.092e+06	1.1e+06	
1.08825e+06	1.09825e+06	1.08825e+06	1.10075e+06	1.08675e+06	
1.09625e+06	1.11525e+06	1.09825e+06	1.10575e+06	1.097e+06	
1.1065e+06	1.126e+06	1.0975e+06	1.092e+06	1.097e+06	
1.085e+06	1.10575e+06	1.0895e+06	1.085e+06	1.0605e+06	
1.07925e+06	1.09875e+06	1.10275e+06	1.08875e+06	1.083e+06	
1.09325e+06	1.09325e+06	1.09575e+06	1.097e+06	1.08375e+06	
1.11275e+06	1.08825e+06	1.0945e+06	1.078e+06	1.095e+06	
1.104e+06	1.07425e+06	1.08675e+06	1.061e+06	1.06225e+06	
1.0705e+06	1.083e+06	1.11025e+06	1.05925e+06	1.092e+06	
1.061e+06	1.06725e+06	1.07925e+06	1.061e+06	1.0515e+06	
1.0175e+06	1.04775e+06	1.04275e+06	1.02825e+06	1.01575e+06	
1e+06	992250	1.04475e+06	1.0125e+06	1.029e+06	
1.0295e+06	1.027e+06	1.00925e+06	1.01325e+06	1.025e+06	
1.025e+06	1.01125e+06	1.029e+06	1.03075e+06	1.0295e+06	
1.04725e+06	1.063e+06	1.032e+06	1.0435e+06	1.0295e+06	
1.0365e+06	1.07675e+06	1.044e+06	1.03575e+06	1.051e+06	
1.06425e+06	1.05925e+06	1.049e+06	1.06425e+06	1.04725e+06	
1.05275e+06	1.0755e+06	1.05675e+06	1.0635e+06	1.073e+06	
1.05525e+06	1.05225e+06	1.066e+06	1.06975e+06	1.09075e+06	
1.06175e+06	1.068e+06	1.08425e+06	1.05975e+06	1.08675e+06	
1.0485e+06	1.05725e+06	1.08e+06	1.071e+06	1.0725e+06	
1.0435e+06	1.05975e+06	1.0585e+06	1.0635e+06	1.05275e+06	
1.07425e+06	1.0755e+06	1.08375e+06	1.06225e+06	1.07925e+06	
1.0655e+06	1.0605e+06	1.04975e+06	1.06425e+06	1.05675e+06	
1.051e+06	1.05925e+06	1.046e+06	1.063e+06	1.066e+06	
1.04475e+06	1.068e+06	1.02375e+06	1.04975e+06	1.06425e+06	
1.06225e+06	1.05675e+06	1.04725e+06	1.071e+06	1.039e+06	
1.061e+06	1.068e+06	1.04725e+06	1.04275e+06	1.09e+06	
1.05025e+06	1.03025e+06	1.0605e+06	1.075e+06	1.05475e+06	
1.0395e+06	1.06225e+06	1.046e+06	1.0655e+06	1.06475e+06	
1.05025e+06	1.04275e+06	1.0245e+06	1.04525e+06	1.04475e+06	
1.054e+06	1.05225e+06	1.058e+06	1.02825e+06	1.051e+06	
1.09625e+06	1.02375e+06	1.05675e+06	1.02e+06	1.06675e+06	
1.05275e+06	1.05275e+06	1.04275e+06	1.039e+06	1.03525e+06	
1.01625e+06	1.02775e+06	1.0435e+06	1.04775e+06	1.0365e+06	
1.04775e+06	1.05675e+06	1.01375e+06	1.03275e+06	1.0265e+06	
1.0195e+06	1.04025e+06	1.04025e+06	1.02825e+06	1.0535e+06	
1.04075e+06	1.056e+06	1.04075e+06	1.04025e+06	1.03575e+06	
1.0315e+06	1.05025e+06	1.025e+06	1.04225e+06	1.0175e+06	
1.05225e+06	1.0225e+06	1.01825e+06	1.04025e+06	1.032e+06	
1.0365e+06	1.03325e+06	1.04725e+06	1.01875e+06	1.03825e+06	
1.03275e+06	1.034e+06	1.0225e+06	1.03075e+06	1.01575e+06	
1.04075e+06	994250	1.0435e+06	1.04525e+06	1.0295e+06	
1.02325e+06	1.03025e+06	1.03275e+06	1.0415e+06	1.02e+06	
1.0175e+06	1.03775e+06	1.0245e+06	1.015e+06	989750	
988000	1.022e+06	1.0075e+06	1.0395e+06	1.01825e+06	
1.0025e+06	1.0005e+06	994750	1.0435e+06	1.02575e+06	
1.008e+06	1.025e+06	1.0195e+06	1.0125e+06	1.0075e+06	
981750	978500	997500	979000	992250	
957000	986000	976000	947000	991000	
966500	982250	963250	964750	945000	
989750	955250	950750	967750	965250	
965250	959500	982250	977250	994750	
958250	971500	952000	966000	1.00625e+06	
948250	977750	976500	1.0025e+06	977750	
979750	979750	981750	971000	974000	
972250	989250	967750	998000	989250	
972750	989750	974750	962000	967250	
966500	979750	1.0025e+06	1.012e+06	957750	
971500	967750	1e+06	997500	966500	
1.00375e+06	988500	968500	974000	978500	
987250	1.0075e+06	1.0005e+06	993000	966000	
971500	1.005e+06	978500	981000	974750	
978500	981000	989750	955750	985500	
953250	986750	1.0025e+06	967250	977250	
984250	1.0005e+06	991750	962000	962750	
992250	981000	979000	998000	955250	
977250	977250	985500	961500	971000	
967750	975250	977250	981750	988000	
962750	957000	974750	939500	977250	
996250	965250	987250	962000	980500	
942000	974000	971000	975250	954000	
966000	959500	977750	954500	940000	
964000	994250	955750	960750	965250	
962750	948250	950750	982250	966000	
937500	956500	966000	958250	984250	
963250	952000	955250	962750	972250	
960250	967250	938750	963250	941250	
943250	954500	952750	986750	942500	
951500	945000	954000	954500	922500	
956500	957000	956500	947500	945750	
926250	950750	935000	957750	952000	
938750	928000	948250	951500	915500	
946250	924250	955250	963250	943750	
942000	935000	945750	923000	931250	
967250	957000	940750	932500	923750	
920500	954000	930000	937500	950750	
931750	917250	930000	950750	922500	
940750	957000	951500	964000	891500	
933000	931250	935000	943750	928000	
918000	929250	943750	918750	944500	
920000	930500	933750	930000	952750	
915500	912250	917250	936250	931250	
920000	918000	925500	918000	913000	
923750	919250	922500	911750	922500	
935000	913000	915500	913000	906750	
899750	907250	891500	909750	907250	
908500	891000	923750	905500	892750	
904750	916000	891000	901000	914750	
924250	913000	909750	900250	894750	
918750	911000	903500	922500	900250	
902250	914750	892750	922500	909750	
918000	904250	911750	911000	917250	
894750	915500	904250	908000	879500	
926750	923750	902250	901000	926250	
884000	916750	887750	901000	897250	
911000	916000	883250	896000	906000	
916000	887750	909250	887750	909750	
872000	906000	894000	883250	904750	
909250	904250	898500	886500	892750	
902750	896500	867000	897750	878250	
896500	896500	894000	892750	889000	
892750	889750	905500	869500	877000	
860750	882750	879000	870000	892250	
899000	890250	884000	891500	869500	
883250	875250	872000	887000	895250	
872500	880250	877750	869500	891500	
848000	860750	885750	879500	855500	
868750	875750	882750	883250	885750	
868750	845500	877750	870000	863250	
874000	869500	862000	879500	862000	
859500	885750	862000	863250	866250	
876500	861250	843750	875750	889000	
863750	862500	872000	867500	879000	
850000	860000	879500	859500	863750	
860000	854250	845500	870750	860750	
846750	872500	868250	865000	850000	
850000	858750	870000	871250	851250	
834750	854250	848000	859500	862500	
873250	867000	844250	846750	855000	
851750	858250	847500	863750	851250	
858250	870750	851250	873250	864500	
874500	855000	882000	856250	850000	
862000	863250	851250	836750	851750	
860000	856750	844250	859500	853000	
839250	850000	844250	851250	852500	
853750	834750	841000	832250	834250	
824000	840500	850500	836000	840500	
839250	843750	837250	825250	836750	
843000	829250	830500	819000	832250	
833000	841750	810250	845000	816500	
837250	836750	861250	810250	825250	
820250	827250	834750	828500	837250	
824000	818500	848000	833500	810250	
810750	833000	817250	831750	812750	
821000	815250	818500	810250	786250	
812750	814000	800750	827250	816000	
804500	796500	822750	795750	792500	
821500	821000	799500	808250	789500	
790750	809500	805250	804000	795750	
780500	790750	780500	789500	804000	
779250	787500	782000	787500	778000	
782500	800250	775500	788250	803250	
796500	799500	764750	787000	777500	
802000	790000	795750	796500	798250	
793250	793250	797000	796500	781250	
799000	771750	776250	766750	807000	
770500	765500	763000	758000	768000	
786250	781250	760500	775000	770500	
775000	769250	761750	776250	783250	
775500	789500	780000	777500	792500	
764750	759750	759750	767500	762250	
787000	764250	755500	766750	759250	
747250	773750	782000	773000	744000	
773000	759750	753500	776250	778000	
744000	753500	760500	759250	779250	
756750	776750	784500	766750	770500	
770000	758500	766750	749750	752250	
766750	778750	757250	789500	762250	
779250	749000	748500	768750	747750	
766250	759750	787000	777500	749750	
762250	782500	770000	777500	763000	
764250	778750	764750	784500	782000	
770000	790000	788250	787500	794500	
785000	788750	772500	768750	780500	
791250	782000	777500	778000	792000	
788250	793250	782000	782000	793250	
787500	782500	794500	786250	791250	
793250	795750	792000	785750	783750	
794500	800250	760500	788750	785750	
796500	786250	794500	792000	776250	
794500	795750	805250	785000	766750	
793250	776750	759750	777500	770000	
764250	766750	770000	778000	787500	
786250	775500	779250	797750	774250	
790000	790000	758500	777500	751000	
764750	765500	764250	761750	770000	
780500	764750	753000	763000	753000	
738500	772500	775500	761750	756750	
757250	759250	767500	746500	752250	
758000	750500	754750	745250	748500	
727750	760500	754750	754750	758000	
759250	766750	750500	750500	737750	
746000	769250	753000	748500	787500	
760500	744750	761750	744750	741500	
746500	755500	729000	742750	746000	
770500	739000	735250	754250	763000	
752250	759750	750500	739000	740250	
737250	734500	746500	743500	764250	
753000	751750	766250	730250	738500	
743500	749000	741000	742750	744750	
764250	767500	754250	747250	750500	
749000	759250	745250	749750	750500	
741500	755500	743500	759750	742250	
764250	748500	734500	744000	744750	
749750	724500	748500	759250	759250	
744750	747750	753500	722750	740250	
744750	736000	734000	755500	744000	
748500	746500	733250	769250	742750	
756000	747250	736500	742250	736500	
741500	735250	738500	743500	744750	
730250	739000	730750	755500	742750	
740250	747250	729500	745250	723250	
710750	737250	742250	741000	746500	
741000	753000	732000	713750	737250	
725750	744000	734500	733250	736500	
725250	754750	748500	737750	746500	
727750	729000	734000	740250	733250	
733250	720250	727750	719500	737250	
737250	717500	736500	738500	724000	
725750	744750	722750	741000	739750	
712500	735250	736000	713750	730750	
741500	733250	738500	736500	724500	
741000	745250	722750	746500	739000	
746500	745250	741000	701750	738500	
742250	751750	745250	759750	725250	
742750	736500	743500	730750	712000	
725750	741000	728250	743500	729000	
730750	740250	730250	732000	727000	
738500	740250	725750	751750	738500	
731500	741000	740250	742750	769250	
729000	752250	752250	742250	724000	
756000	746000	752250	738500	725750	
758500	750500	732750	736500	730250	
743500	745250	708250	742250	757250	
737250	747250	718750	747750	746000	
748500	734000	756750	736500	734500	
730750	728250	737750	728250	744750	
733250	722750	741500	748500	732750	
728250	756750	730750	729000	739000	
702500	729000	739750	741500	748500	
719500	719500	724500	725750	732750	
733250	723250	731500	728250	729000	
751000	717500	728250	730750	731500	
723250	738500	719500	699250	736000	
712500	699250	715000	727000	730750	
726500	720250	725250	733250	715000	
728250	744750	728250	715750	722000	
733250	731500	718250	722000	720750	
722000	718250	727750	741500	696750	
726500	708750	712500	715000	729500	
723250	716250	722750	709500	718750	
727000	712500	736000	723250	722750	
719500	727000	729500	730250	713250	
705000	725750	701250	712000	692500	
719500	710750	707500	698750	716250	
696750	709500	713750	695000	718250	
711250	718750	723250	710750	712500	
712500	711250	706250	700000	686750	
722750	700500	693000	693750	720250	
711250	696750	702500	698000	695500	
707500	690000	689250	697500	693000	
680500	694250	699250	696750	691250	
693750	689250	695500	692500	707500	
684750	686750	691750	686750	692500	
683000	706250	688500	669000	679250	
673500	681000	677250	696250	678000	
680500	663500	678500	681000	671500	
676750	667250	680500	672250	676000	
662250	683500	668500	673500	666000	
662750	652750	683000	659750	667250	
662750	665250	644500	666500	666500	
666500	672750	685500	678000	654500	
662250	669750	665250	657000	666500	
644500	662750	675500	669000	669000	
675500	655250	659000	644500	658500	
672750	656500	648250	657000	650750	
662250	660250	662750	656500	643250	
644500	634500	655250	667250	654500	
643250	654000	623750	650750	632000	
646500	659000	640750	658500	642500	
651500	638250	646500	658500	655250	
664750	660250	647750	654500	657750	
657000	640750	655250	624250	663500	
655250	668500	653250	650250	643250	
647000	637000	652750	655250	670250	
644500	644000	659750	674250	670250	
652000	655250	645250	667250	662750	
652000	647750	652750	655750	652750	
657750	660250	662750	662750	649000	
676000	648250	628750	641250	665250	
650750	647000	650750	664750	679250	
669750	666500	644000	653250	664000	
645750	645250	660250	651500	657750	
661500	671500	656500	669000	661000	
655250	662750	677250	664750	654000	
652750	652000	650250	672250	664750	
640750	667250	671000	678000	661000	
670250	661500	659000	669750	647750	
652000	659750	644500	674750	637500	
660250	672750	650750	677250	655750	
666500	669750	657750	671000	661000	
638750	661000	666500	660250	651500	
649000	668500	666000	645750	652750	
666000	661000	666000	661000	685500	
656500	667750	641250	666000	651500	
663500	664750	683000	656500	666500	
649500	662750	667250	657750	642000	
659750	660250	650250	654000	666500	
640000	654000	656500	642500	656500	
647000	660250	669750	661500	647000	
650250	663500	670250	653250	658500	
630750	646500	668500	681750	652000	
643250	662750	654000	648250	625500	
640000	655750	658500	659000	644500	
647000	661500	658500	657000	649500	
640000	656500	655250	631250	662750	
647750	661000	651500	645750	659750	
646500	652750	662250	669000	645250	
635000	664000	647750	658500	652000	
649500	673500	649000	647000	655750	
665250	654500	662750	657000	642500	
646500	647750	642000	652750	659750	
640750	649000	645750	676000	666500	
664000	658500	651500	650250	673500	
648250	649000	654500	650750	661500	
650250	650750	654000	637000	669000	
642000	649000	649500	666500	649500	
665250	655750	671500	645250	655750	
661000	646500	648250	638750	670250	
661500	654500	635750	650250	639500	
656500	664000	645750	661000	642000	
642000	652000	644500	663500	644500	
650250	659000	667250	635000	632500	
638750	652000	642500	633250	656500	
643250	654500	644000	645250	640750	
662250	644500	638750	645250	663500	
645750	649500	619250	654000	657000	
649000	658500	668500	642500	659000	
652000	649500	637500	652750	649500	
646500	640750	655750	644000	645250	
667250	662250	642000	655250	647750	
650250	634500	657000	650750	620500	
661000	635000	657750	633750	657000	
643250	628250	657750	654000	644500	
645750	642500	635000	630750	647750	
633250	643250	666000	647750	636250	
670250	640750	662250	636250	636250	
641250	645250	647750	640750	624250	
641250	655250	659000	645750	648250	
626250	652750	649000	636250	647750	
659000	647750	620000	644000	655750	
633750	649000	645750	640750	649500	
655750	645250	657750	641250	653250	
645750	636250	655750	630000	650250	
638250	641250	668500	652000	672750	
626750	651500	638750	642000	651500	
661000	632000	641250	654000	655750	
645250	638750	638750	626750	631250	
662750	657000	650250	642500	654000	
665250	640750	655250	652000	657750	
642000	659750	663500	637000	650750	
637500	653250	650750	647000	660250	
654000	640750	653250	634500	645750	
662750	634500	665250	659000	650750	
662750	641250	638750	634500	647750	
648250	650750	642500	648250	642500	
649000	630000	647750	632000	631250	
664750	641250	631250	653250	623750	
644000	652000	657750	632000	638750	
637500	642000	637000	654500	632500	
630000	644000	640000	646500	642500	
633250	633750	623750	649500	645750	
639500	644500	647000	652750	643250	
637000	643250	635000	652000	628250	
627500	632000	650750	649500	654000	
650250	653250	646500	668500	644000	
657750	626750	662250	643250	652750	
630750	668500	648250	636250	652750	
642000	651500	650250	638250	654000	
646500	657000	645250	659750	645750	
640000	641250	638250	650250	654500	
651500	661000	638250	636250	646500	
627500	646500	655250	634500	630000	
659750	650750	654000	632500	648250	
625500	652000	651500	637000	641250	
642500	652000	644000	641250	647000	
644500	627500	627500	632000	644500	
645250	647000	646500	625500	654000	
653250	655250	634500	651500	652750	
657750	644500	637000	645750	643250	
650250	640750	632000	645750	645750	
630750	645250	650250	642000	658500	
650250	664750	638250	637500	640750	
635000	636250	653250	634500	660250	
645250	657000	637000	647750	654000	
652750	647750	634500	646500	651500	
649000	664000	632500	647000	678000	
647750	645750	649000	659000	637500	
652750	635750	637500	648250	654000	
636250	635750	639500	641250	633250	
645250	652750	655750	619250	657000	
655750	647000	622500	650750	631250	
646500	637500	649500	650750	642500	
636250	645250	651500	660250	657000	
650750	631250	632000	654500	646500	
642500	645250	652750	639500	635750	
637500	658500	657750	651500	634500	
629500	649000	643250	656500	652750	
659750	659000	640750	640000	663500	
638750	644500	649500	638250	649500	
636250	642500	636250	654500	660250	
660250	642500	652750	661000	650750	
632000	648250	641250	634500	640000	
649500	649500	630000	646500	656500	
642000	634500	668500	651500	637000	
647000	637500	633250	618000	656500	
638750	657750	655250	642500	642500	
624250	645250	640750	648250	660250	
655750	639500	656500	647000	639500	
644500	623000	644000	638250	635750	
626750	659000	625000	637500	634500	
634500	652750	650250	659000	644000	
634500	646500	627500	654000	625000	
636250	655750	639500	647000	626750	
637000	649000	632000	645250	641250	
653250	619250	642500	642500	657000	
634500	621250	637500	643250	637000	
650750	647000	640000	645750	644000	
635750	638750	625500	630750	626750	
635750	652000	650750	654000	635750	
655250	640750	631250	622500	642000	
628250	645750	652750	645250	649500	
641250	655750	640000	644000	647000	
632500	628250	651500	641250	632000	
641250	630750	636250	643250	637500	
649000	632500	638250	644000	653250	
645250	657750	638750	645250	635750	
637000	649000	627500	638250	643250	
649000	662750	642000	635750	635750	
634500	637500	637000	622500	642500	
635750	640000	637500	625500	636250	
628750	633750	658500	646500	623750	
637000	643250	644000	644000	667750	
643250	660250	640750	646500	651500	
639500	640000	648250	632500	636250	
646500	627500	637500	630000	662250	
629500	643250	640000	635750	637000	
635750	631250	642000	638250	642500	
621250	642500	645250	620500	619250	
648250	623750	637500	631250	639500	
616750	641250	628750	654000	639500	
623000	654000	636250	637500	623000	
636250	628250	635750	646500	664000	
642000	635000	654000	636250	629500	
642500	633250	631250	637000	623000	
634500	647000	654500	650750	632000	
627500	657000	633250	623750	645250	
644500	646500	641250	639500	630750	
642000	633750	629500	635750	640750	
631250	622500	653250	649500	623750	
644500	634500	633250	637500	642000	
632500	621750	644000	649500	646500	
640750	620500	639500	634500	652750	
654500	650750	640750	637500	640000	
621750	644000	618750	640750	621750	
634500	649500	638750	652750	619250	
636250	638250	657000	633250	644500	
659000	644000	638250	635750	632500	
620500	646500	664000	637500	649000	
630750	650750	635750	626250	643250	
642000	639500	647000	646500	632000	
650750	630000	634500	642500	637000	
628250	634500	633750	622500	637500	
627500	628250	628250	638750	638250	
642500	627500	638750	644500	633750	
639500	640750	626750	626750	647000	
636250	632500	647000	642500	632000	
611000	633250	643250	640000	636250	
625000	645250	640000	626750	632500	
632500	635000	621750	626750	642000	
624250	644000	637000	632000	643250	
633250	637500	644500	633750	633250	
644500	626250	642500	622500	628250	
622500	636250	633750	640750	640000	
612500	633750	633250	642000	648250	
629500	630750	637000	626750	615000	
637500	638750	644500	643250	633750	
645750	655750	626250	640000	630000	
636250	642000	630750	616250	632500	
636250	642000	635000	626750	622500	
620500	628750	639500	621750	621250	
635000	632000	640750	640000	613000	
626250	628750	638250	640000	627500	
642000	620500	649000	626750	636250	
626750	661000	627500	635750	633750	
640000	640750	628250	616750	650750	
621250	634500	638750	622500	644000	
620500	633250	633750	627500	640000	
630750	636250	638250	640750	661000	
630750	646500	650250	645250	637000	
615000	651500	635000	647000	632500	
633250	637000	647000	625000	619250	
616250	620000	625500	637500	635000	
628750	637000	637500	638750	621250	
630000	635750	637500	647750	638250	
615000	642000	644000	643250	636250	
646500	643250	618000	623750	619250	
639500	625000	635000	655250	638750	
632000	634500	633750	626750	638250	
628750	625000	632500	645250	638750	
621250	623000	630750	628750	642000	
640750	628750	635000	620500	618000	
637000	635000	626250	617500	623000	
655750	626750	616750	618000	631250	
634500	628750	631250	632500	642000	
620500	640000	641250	634500	652000	
632500	620500	621250	631250	620000	
628250	632500	629500	625000	621250	
623750	628250	621750	625000	634500	
620500	642000	628250	641250	635750	
638750	625000	642000	630750	632000	
635000	628750	620500	637000	636250	
631250	652750	633250	637500	626750	
632000	618750	620500	636250	613000	
635000	633250	638750	632000	620000	
633250	654000	626750	626250	633250	
618750	643250	642500	629500	630750	
620500	635000	627500	638750	620500	
629500	638250	618750	619250	641250	
635000	628750	642000	619250	632500	
630000	652000	629500	630750	625000	
624250	638750	638750	630750	628750	
631250	608500	628750	645750	621250	
635750	646500	633250	633250	624250	
628750	634500	645750	616750	625000	
632500	635750	635750	640000	633750	
630750	629500	630750	623750	628250	
623000	616750	626750	637500	640750	
623750	630750	638750	625000	638250	
628250	650750	633750	621750	623750	
640000	631250	618750	609750	637000	
659000	630750	650250	634500	621250	
609750	637000	624250	649000	641250	
633250	630000	638250	632500	626250	
622500	637500	639500	640750	613000	
616250	625500	630750	632500	633250	
637000	627500	620000	662250	640750	
630000	638250	625500	635750	633250	
633750	625000	628750	631250	616750	
623750	636250	630750	628750	644000	
628250	622500	636250	628750	642500	
628250	625000	627500	629500	644000	
646500	615000	620000	627500	631250	
634500	632500	621750	633250	637000	
638250	626750	623750	625500	630750	
621250	631250	633250	626750	635000	
626250	628750	632500	635750	635750	
635750	632500	630000	623750	644500	
637000	626250	634500	617500	638250	
637500	614250	628250	627500	628750	
643250	624250	625000	634500	622500	
629500	628250	622500	628750	622500	
629500	628250	622500	628750	622500	
629500	628250	622500	628750	622500	
