4250	4250	4250	4250	4250	
7.13825e+06	7.13825e+06	7.13825e+06	7.13825e+06	7.13825e+06	
541750	526000	537500	533000	536750	
523000	511500	502000	506000	519750	
501500	522250	499000	519000	508500	
521750	519750	505250	506000	509000	
533500	502000	516000	511500	510250	
523500	514750	519000	500250	524750	
500750	531750	541750	500750	517750	
519000	530500	524250	540500	526000	
525500	525500	521000	533500	529250	
531000	526750	532250	519000	541250	
529750	517750	529250	548750	538000	
524750	521750	544250	540000	531000	
553250	528500	545500	533500	526000	
540000	552500	529750	548750	546750	
538750	533000	554500	559500	541250	
557000	538750	565750	551250	550000	
573250	555750	539250	559500	550000	
560000	584000	571500	569000	577750	
570750	574500	565750	592750	589750	
581500	560000	582250	569500	566250	
579500	587750	575250	579000	583500	
663500	668500	636250	650250	657750	
839250	826000	836000	821000	858250	
865000	844250	833500	843000	843000	
862500	851750	834250	870750	842500	
879500	864500	867000	877750	855000	
865750	888500	860000	877000	867000	
869500	866250	868750	870000	855000	
874500	868250	872500	861250	892750	
884500	917250	899750	897750	878250	
921250	925000	914750	908500	893500	
969750	924250	951500	957750	946250	
954000	921750	952000	943750	941250	
950250	943250	937500	902750	927500	
941250	920000	937500	942500	919250	
952000	932500	921250	911750	940750	
945750	918000	929250	931250	942000	
943250	926750	937000	934500	955750	
972750	957750	989250	955250	943750	
968500	964000	967750	983000	963250	
1.01125e+06	1.01575e+06	992250	996250	979000	
991750	995500	989750	1.02e+06	986000	
986750	1.00875e+06	1.00125e+06	1.0225e+06	998000	
1.003e+06	994250	1.005e+06	996750	984750	
985500	1.00625e+06	993000	993000	969000	
979000	991750	998750	989250	982250	
977250	1.00675e+06	993500	1.01125e+06	991750	
972250	947500	983000	971000	983000	
947500	966000	943250	966000	950750	
954000	965250	932500	932500	947000	
962000	948250	951500	935750	937000	
943250	940750	926250	936250	928000	
910500	930000	937500	935000	889750	
942500	976500	937500	935000	932500	
991000	998000	975250	972750	944500	
1.01875e+06	1.037e+06	1.05025e+06	1.056e+06	1.01625e+06	
1.04725e+06	1.07375e+06	1.0465e+06	1.0705e+06	1.05225e+06	
1.04475e+06	1.071e+06	1.04975e+06	1.04725e+06	1.061e+06	
1.0145e+06	1.02e+06	1.02075e+06	1.02325e+06	1.01575e+06	
995500	995500	1.003e+06	995500	993500	
1.008e+06	1.0125e+06	1.0125e+06	1.01575e+06	985500	
1.05525e+06	1.0055e+06	1.01075e+06	1.01875e+06	1.02125e+06	
1.04525e+06	1.03325e+06	1.05275e+06	1.0415e+06	1.0435e+06	
1.0515e+06	1.10325e+06	1.06725e+06	1.08125e+06	1.07625e+06	
1.1065e+06	1.1165e+06	1.0875e+06	1.0685e+06	1.0775e+06	
1.0925e+06	1.097e+06	1.09075e+06	1.046e+06	1.10275e+06	
1.097e+06	1.0825e+06	1.09125e+06	1.071e+06	1.09375e+06	
1.09325e+06	1.1065e+06	1.11575e+06	1.085e+06	1.1165e+06	
1.10125e+06	1.131e+06	1.12725e+06	1.08875e+06	1.11525e+06	
1.1165e+06	1.11275e+06	1.10575e+06	1.0725e+06	1.0945e+06	
1.14225e+06	1.13675e+06	1.15375e+06	1.13925e+06	1.1095e+06	
1.18325e+06	1.17e+06	1.18075e+06	1.163e+06	1.16825e+06	
1.22175e+06	1.24875e+06	1.25075e+06	1.22425e+06	1.23e+06	
1.22625e+06	1.27475e+06	1.25e+06	1.225e+06	1.22425e+06	
1.27775e+06	1.2445e+06	1.247e+06	1.247e+06	1.2325e+06	
1.2325e+06	1.19725e+06	1.24825e+06	1.22625e+06	1.19975e+06	
1.23425e+06	1.221e+06	1.2355e+06	1.2155e+06	1.238e+06	
1.21425e+06	1.2305e+06	1.24e+06	1.21175e+06	1.2085e+06	
1.218e+06	1.213e+06	1.196e+06	1.1895e+06	1.20275e+06	
1.21475e+06	1.17875e+06	1.223e+06	1.18025e+06	1.1845e+06	
1.235e+06	1.24125e+06	1.2475e+06	1.209e+06	1.221e+06	
1.25325e+06	1.262e+06	1.28675e+06	1.24e+06	1.27275e+06	
1.2885e+06	1.3155e+06	1.29175e+06	1.276e+06	1.2645e+06	
1.322e+06	1.3005e+06	1.3075e+06	1.29175e+06	1.2715e+06	
1.28025e+06	1.2595e+06	1.27025e+06	1.28925e+06	1.2615e+06	
1.264e+06	1.2595e+06	1.25375e+06	1.2595e+06	1.257e+06	
1.3055e+06	1.252e+06	1.271e+06	1.28925e+06	1.25775e+06	
1.30425e+06	1.28925e+06	1.27475e+06	1.30925e+06	1.281e+06	
1.27725e+06	1.28925e+06	1.271e+06	1.28225e+06	1.252e+06	
1.21225e+06	1.21425e+06	1.22625e+06	1.25825e+06	1.2255e+06	
1.223e+06	1.2105e+06	1.24575e+06	1.17875e+06	1.194e+06	
1.2135e+06	1.23675e+06	1.20225e+06	1.20775e+06	1.216e+06	
1.19525e+06	1.16125e+06	1.16125e+06	1.16e+06	1.148e+06	
1.155e+06	1.13725e+06	1.1645e+06	1.1575e+06	1.1285e+06	
1.13425e+06	1.1335e+06	1.14225e+06	1.1405e+06	1.17075e+06	
1.172e+06	1.177e+06	1.16175e+06	1.1435e+06	1.165e+06	
1.18775e+06	1.1675e+06	1.19075e+06	1.17575e+06	1.14225e+06	
1.21975e+06	1.20525e+06	1.23425e+06	1.221e+06	1.21675e+06	
1.279e+06	1.274e+06	1.28925e+06	1.24875e+06	1.281e+06	
1.293e+06	1.31625e+06	1.27525e+06	1.28725e+06	1.30875e+06	
1.30925e+06	1.29675e+06	1.308e+06	1.296e+06	1.30925e+06	
1.32575e+06	1.3245e+06	1.33775e+06	1.32e+06	1.31425e+06	
1.3485e+06	1.34325e+06	1.35775e+06	1.32e+06	1.34775e+06	
1.41075e+06	1.3945e+06	1.42075e+06	1.40075e+06	1.41275e+06	
1.458e+06	1.472e+06	1.487e+06	1.48375e+06	1.45425e+06	
1.4725e+06	1.49775e+06	1.535e+06	1.47325e+06	1.4915e+06	
1.43525e+06	1.4435e+06	1.43225e+06	1.42725e+06	1.45225e+06	
1.3635e+06	1.39125e+06	1.36025e+06	1.38425e+06	1.35525e+06	
1.349e+06	1.371e+06	1.3565e+06	1.34525e+06	1.334e+06	
1.36425e+06	1.3445e+06	1.361e+06	1.34025e+06	1.356e+06	
1.4075e+06	1.36725e+06	1.4165e+06	1.41075e+06	1.40325e+06	
1.4285e+06	1.45625e+06	1.44425e+06	1.45175e+06	1.42775e+06	
1.4945e+06	1.4945e+06	1.49275e+06	1.506e+06	1.455e+06	
1.42525e+06	1.43025e+06	1.4075e+06	1.44225e+06	1.41275e+06	
1.36975e+06	1.393e+06	1.3825e+06	1.368e+06	1.371e+06	
1.3175e+06	1.33e+06	1.30425e+06	1.32125e+06	1.29725e+06	
1.228e+06	1.267e+06	1.2665e+06	1.2375e+06	1.257e+06	
1.216e+06	1.192e+06	1.20975e+06	1.24075e+06	1.19475e+06	
1.194e+06	1.1865e+06	1.19775e+06	1.15175e+06	1.18525e+06	
1.209e+06	1.18025e+06	1.213e+06	1.204e+06	1.18825e+06	
1.228e+06	1.25325e+06	1.20525e+06	1.23625e+06	1.23175e+06	
1.31425e+06	1.32e+06	1.32125e+06	1.332e+06	1.315e+06	
1.42725e+06	1.44425e+06	1.44425e+06	1.4315e+06	1.43775e+06	
1.4825e+06	1.47625e+06	1.458e+06	1.49325e+06	1.477e+06	
1.47625e+06	1.49325e+06	1.477e+06	1.451e+06	1.44725e+06	
1.47825e+06	1.439e+06	1.4265e+06	1.455e+06	1.4335e+06	
1.475e+06	1.4725e+06	1.44425e+06	1.489e+06	1.43975e+06	
1.501e+06	1.48575e+06	1.477e+06	1.53875e+06	1.47625e+06	
1.53625e+06	1.538e+06	1.5355e+06	1.5455e+06	1.497e+06	
1.523e+06	1.51675e+06	1.5325e+06	1.543e+06	1.4995e+06	
1.53425e+06	1.54125e+06	1.53375e+06	1.506e+06	1.51525e+06	
1.5525e+06	1.521e+06	1.521e+06	1.51025e+06	1.54625e+06	
1.5405e+06	1.5355e+06	1.52975e+06	1.51275e+06	1.5015e+06	
1.5455e+06	1.5375e+06	1.54625e+06	1.52725e+06	1.52725e+06	
1.67475e+06	1.6665e+06	1.60675e+06	1.647e+06	1.632e+06	
1.746e+06	1.70325e+06	1.7145e+06	1.75725e+06	1.66225e+06	
1.8085e+06	1.83925e+06	1.843e+06	1.82225e+06	1.86075e+06	
1.80725e+06	1.797e+06	1.80725e+06	1.82225e+06	1.80275e+06	
1.855e+06	1.874e+06	1.857e+06	1.879e+06	1.85625e+06	
1.9325e+06	1.9005e+06	1.86575e+06	1.8885e+06	1.872e+06	
2.003e+06	1.97275e+06	1.986e+06	1.947e+06	1.91625e+06	
1.94125e+06	1.949e+06	1.95075e+06	1.93325e+06	1.92425e+06	
1.87025e+06	1.80075e+06	1.836e+06	1.8475e+06	1.86e+06	
1.685e+06	1.70575e+06	1.688e+06	1.73475e+06	1.69675e+06	
1.55825e+06	1.501e+06	1.49325e+06	1.51475e+06	1.5065e+06	
1.33525e+06	1.3415e+06	1.34575e+06	1.33775e+06	1.32575e+06	
1.28925e+06	1.30675e+06	1.28675e+06	1.284e+06	1.276e+06	
1.45425e+06	1.41825e+06	1.45625e+06	1.3925e+06	1.43525e+06	
1.64025e+06	1.6465e+06	1.69675e+06	1.6345e+06	1.652e+06	
1.85625e+06	1.8695e+06	1.83425e+06	1.83875e+06	1.82025e+06	
1.978e+06	1.9545e+06	2.0025e+06	1.95275e+06	1.94325e+06	
2.06875e+06	2.12525e+06	2.07875e+06	2.06475e+06	2.03025e+06	
2.005e+06	2.003e+06	2.0095e+06	2.02075e+06	1.98425e+06	
1.8355e+06	1.83225e+06	1.8045e+06	1.82675e+06	1.8405e+06	
1.5695e+06	1.62625e+06	1.60225e+06	1.59725e+06	1.6055e+06	
1.475e+06	1.4625e+06	1.48375e+06	1.42725e+06	1.4455e+06	
1.5785e+06	1.59025e+06	1.58975e+06	1.58775e+06	1.60725e+06	
1.87075e+06	1.886e+06	1.8765e+06	1.90975e+06	1.85375e+06	
2.2105e+06	2.23575e+06	2.1725e+06	2.18975e+06	2.14875e+06	
2.395e+06	2.40825e+06	2.36975e+06	2.3875e+06	2.43475e+06	
2.56825e+06	2.542e+06	2.53375e+06	2.50775e+06	2.46175e+06	
2.6125e+06	2.67925e+06	2.62575e+06	2.63525e+06	2.6345e+06	
2.67175e+06	2.654e+06	2.7115e+06	2.60675e+06	2.64575e+06	
2.6855e+06	2.62125e+06	2.697e+06	2.65975e+06	2.651e+06	
2.72975e+06	2.6975e+06	2.702e+06	2.70075e+06	2.659e+06	
2.799e+06	2.7745e+06	2.73725e+06	2.7575e+06	2.7215e+06	
2.82725e+06	2.7825e+06	2.84375e+06	2.7795e+06	2.75875e+06	
2.9465e+06	2.91625e+06	2.947e+06	2.8985e+06	2.89275e+06	
2.9105e+06	2.88225e+06	2.9855e+06	2.9565e+06	2.87275e+06	
2.988e+06	2.993e+06	2.993e+06	3.01775e+06	2.90725e+06	
3.06925e+06	3.07425e+06	3.02825e+06	3.06875e+06	3.005e+06	
2.98625e+06	2.978e+06	2.993e+06	3.00625e+06	3.019e+06	
2.964e+06	2.95025e+06	2.9275e+06	2.9955e+06	2.8815e+06	
3.00125e+06	2.94575e+06	3.01e+06	2.97425e+06	2.9735e+06	
3.07675e+06	3.00625e+06	2.98475e+06	3.046e+06	2.99625e+06	
2.98225e+06	2.97475e+06	3.005e+06	2.93825e+06	2.95525e+06	
3.0215e+06	2.99625e+06	3.0365e+06	2.91675e+06	2.95725e+06	
3.04725e+06	3.015e+06	3.03275e+06	3.02775e+06	2.98425e+06	
3.06675e+06	3.13725e+06	3.0295e+06	3.03225e+06	3.01775e+06	
2.947e+06	2.981e+06	2.998e+06	2.99125e+06	2.98475e+06	
3.0435e+06	2.9855e+06	2.99925e+06	2.98225e+06	2.961e+06	
3.06175e+06	2.995e+06	3.02025e+06	3.01825e+06	2.9665e+06	
2.978e+06	3.04475e+06	3.012e+06	3.04725e+06	2.9805e+06	
3.09075e+06	3.0945e+06	3.09e+06	3.08125e+06	3.04725e+06	
3.0965e+06	3.15875e+06	3.16875e+06	3.07675e+06	3.03225e+06	
3.16375e+06	3.1765e+06	3.19475e+06	3.2225e+06	3.12225e+06	
3.2595e+06	3.303e+06	3.34475e+06	3.17775e+06	3.19475e+06	
3.363e+06	3.3925e+06	3.375e+06	3.4065e+06	3.3895e+06	
3.419e+06	3.42475e+06	3.4115e+06	3.4335e+06	3.346e+06	
3.2885e+06	3.26275e+06	3.2905e+06	3.26975e+06	3.28425e+06	
3.13175e+06	3.099e+06	3.15375e+06	3.18775e+06	3.05675e+06	
3.1165e+06	3.0705e+06	3.1305e+06	3.1085e+06	3.00125e+06	
3.2085e+06	3.16575e+06	3.1985e+06	3.21175e+06	3.1715e+06	
3.4525e+06	3.42225e+06	3.407e+06	3.385e+06	3.35925e+06	
3.5015e+06	3.48775e+06	3.49775e+06	3.42275e+06	3.496e+06	
3.56575e+06	3.5255e+06	3.5615e+06	3.52425e+06	3.46625e+06	
3.639e+06	3.62825e+06	3.65475e+06	3.63075e+06	3.5835e+06	
3.598e+06	3.61175e+06	3.52625e+06	3.545e+06	3.53375e+06	
3.591e+06	3.518e+06	3.557e+06	3.57525e+06	3.45125e+06	
3.52375e+06	3.51925e+06	3.4675e+06	3.48825e+06	3.48575e+06	
3.668e+06	3.6605e+06	3.6535e+06	3.6395e+06	3.60425e+06	
3.71825e+06	3.717e+06	3.714e+06	3.6655e+06	3.644e+06	
3.6805e+06	3.65975e+06	3.63825e+06	3.5935e+06	3.66225e+06	
3.67675e+06	3.673e+06	3.69125e+06	3.678e+06	3.57025e+06	
3.64975e+06	3.6925e+06	3.64525e+06	3.6195e+06	3.60925e+06	
3.65975e+06	3.6685e+06	3.68425e+06	3.72275e+06	3.642e+06	
3.69625e+06	3.72475e+06	3.73225e+06	3.7745e+06	3.68175e+06	
3.85375e+06	3.8375e+06	3.8545e+06	3.852e+06	3.81975e+06	
3.91875e+06	3.855e+06	3.8355e+06	3.9105e+06	3.8495e+06	
3.753e+06	3.777e+06	3.7945e+06	3.76425e+06	3.70775e+06	
3.71525e+06	3.6855e+06	3.7195e+06	3.66975e+06	3.656e+06	
3.663e+06	3.7525e+06	3.76625e+06	3.731e+06	3.63775e+06	
3.72025e+06	3.7285e+06	3.75925e+06	3.671e+06	3.649e+06	
3.765e+06	3.7435e+06	3.75625e+06	3.7625e+06	3.64325e+06	
3.83625e+06	3.76125e+06	3.83925e+06	3.813e+06	3.772e+06	
3.80975e+06	3.87025e+06	3.852e+06	3.8665e+06	3.7725e+06	
3.83375e+06	3.87475e+06	3.859e+06	3.86525e+06	3.801e+06	
3.7655e+06	3.859e+06	3.77e+06	3.7525e+06	3.765e+06	
3.86075e+06	3.9105e+06	3.8815e+06	3.91e+06	3.8935e+06	
4.043e+06	4.005e+06	4.0505e+06	3.993e+06	3.98175e+06	
4.09525e+06	4.143e+06	4.11475e+06	4.08825e+06	4.05475e+06	
4.14125e+06	4.1335e+06	4.20675e+06	4.20725e+06	4.07575e+06	
4.126e+06	4.17775e+06	4.12675e+06	4.14675e+06	4.138e+06	
4.06125e+06	4.0625e+06	4.08075e+06	4.01e+06	3.978e+06	
3.93075e+06	3.9155e+06	3.92575e+06	3.89425e+06	3.886e+06	
3.88975e+06	3.886e+06	3.876e+06	3.898e+06	3.82925e+06	
3.8905e+06	3.91925e+06	3.859e+06	3.8575e+06	3.8035e+06	
4.029e+06	4.036e+06	4.00375e+06	4.03275e+06	3.939e+06	
4.0895e+06	4.13175e+06	4.11975e+06	4.121e+06	4.029e+06	
4.15575e+06	4.14675e+06	4.22125e+06	4.17275e+06	4.099e+06	
4.179e+06	4.1355e+06	4.16575e+06	4.056e+06	4.0795e+06	
4.14925e+06	4.14e+06	4.18025e+06	4.191e+06	4.068e+06	
4.191e+06	4.09825e+06	4.07875e+06	4.1375e+06	4.07e+06	
4.18725e+06	4.1475e+06	4.162e+06	4.19675e+06	4.10025e+06	
4.307e+06	4.21675e+06	4.28925e+06	4.27425e+06	4.20675e+06	
4.232e+06	4.181e+06	4.1745e+06	4.20425e+06	4.17825e+06	
4.18275e+06	4.1795e+06	4.254e+06	4.20975e+06	4.10075e+06	
4.02075e+06	4.068e+06	4.02025e+06	4.031e+06	3.99175e+06	
4.08825e+06	4.09525e+06	4.082e+06	4.04675e+06	4.02075e+06	
4.1205e+06	4.10975e+06	4.18475e+06	4.123e+06	4.05675e+06	
4.2055e+06	4.206e+06	4.223e+06	4.2005e+06	4.17825e+06	
4.1455e+06	4.1525e+06	4.244e+06	4.1335e+06	4.131e+06	
4.048e+06	4.03775e+06	4.05425e+06	3.97975e+06	3.99425e+06	
3.879e+06	3.89725e+06	3.954e+06	3.8885e+06	3.83375e+06	
3.68175e+06	3.6805e+06	3.68125e+06	3.67925e+06	3.59875e+06	
3.4235e+06	3.42475e+06	3.39075e+06	3.3895e+06	3.378e+06	
3.32525e+06	3.39575e+06	3.32775e+06	3.32325e+06	3.3295e+06	
3.43675e+06	3.45675e+06	3.45875e+06	3.34975e+06	3.358e+06	
3.8665e+06	3.864e+06	3.91375e+06	3.8545e+06	3.81975e+06	
4.29175e+06	4.2875e+06	4.327e+06	4.34725e+06	4.181e+06	
4.5495e+06	4.593e+06	4.61125e+06	4.57275e+06	4.489e+06	
4.576e+06	4.581e+06	4.52425e+06	4.5665e+06	4.392e+06	
4.56775e+06	4.4695e+06	4.54325e+06	4.5255e+06	4.49025e+06	
4.56475e+06	4.62525e+06	4.58175e+06	4.605e+06	4.48725e+06	
4.59175e+06	4.59875e+06	4.62825e+06	4.622e+06	4.50475e+06	
4.42225e+06	4.3945e+06	4.44175e+06	4.2635e+06	4.35175e+06	
4.409e+06	4.346e+06	4.37175e+06	4.33975e+06	4.322e+06	
4.479e+06	4.53175e+06	4.4935e+06	4.545e+06	4.4985e+06	
4.82175e+06	4.77625e+06	4.7165e+06	4.6415e+06	4.6025e+06	
4.92075e+06	4.84875e+06	4.75625e+06	4.7895e+06	4.746e+06	
4.98e+06	4.90925e+06	4.91e+06	4.888e+06	4.8325e+06	
5.17325e+06	5.13425e+06	5.14e+06	5.10725e+06	5.0215e+06	
5.18225e+06	5.14175e+06	5.17525e+06	5.12675e+06	5.03275e+06	
5.162e+06	5.1885e+06	5.065e+06	5.16775e+06	5.0575e+06	
5.152e+06	5.14e+06	5.07375e+06	5.1115e+06	5.0045e+06	
5.00125e+06	5.009e+06	5.012e+06	5.07e+06	4.978e+06	
4.869e+06	4.9025e+06	4.84825e+06	4.82675e+06	4.784e+06	
4.6895e+06	4.81675e+06	4.7435e+06	4.82675e+06	4.57775e+06	
4.62375e+06	4.60175e+06	4.608e+06	4.61375e+06	4.52375e+06	
4.8105e+06	4.82675e+06	4.89225e+06	4.726e+06	4.7645e+06	
5.0575e+06	5.01325e+06	5.04175e+06	5.024e+06	4.95275e+06	
5.11725e+06	5.08525e+06	5.0845e+06	5.0625e+06	4.9855e+06	
5.135e+06	5.12175e+06	5.13175e+06	5.04725e+06	4.992e+06	
5.0365e+06	4.99875e+06	5.00575e+06	5.05175e+06	5.03525e+06	
5.24575e+06	5.239e+06	5.22625e+06	5.196e+06	5.1355e+06	
5.305e+06	5.41025e+06	5.3775e+06	5.35225e+06	5.29175e+06	
5.59425e+06	5.50675e+06	5.57675e+06	5.62025e+06	5.419e+06	
5.54525e+06	5.583e+06	5.5905e+06	5.595e+06	5.43625e+06	
5.76075e+06	5.71775e+06	5.622e+06	5.60825e+06	5.61125e+06	
5.72925e+06	5.71975e+06	5.71975e+06	5.71975e+06	5.60375e+06	
5.61875e+06	5.73975e+06	5.7135e+06	5.64775e+06	5.61625e+06	
5.64525e+06	5.634e+06	5.65175e+06	5.55075e+06	5.48975e+06	
5.74175e+06	5.646e+06	5.7645e+06	5.7335e+06	5.53075e+06	
5.6845e+06	5.779e+06	5.69575e+06	5.7165e+06	5.632e+06	
5.77075e+06	5.75425e+06	5.77325e+06	5.7555e+06	5.719e+06	
5.87525e+06	5.7985e+06	5.84075e+06	5.80425e+06	5.7595e+06	
5.78025e+06	5.801e+06	5.801e+06	5.77325e+06	5.6965e+06	
5.612e+06	5.6245e+06	5.53e+06	5.503e+06	5.55025e+06	
5.54525e+06	5.47275e+06	5.474e+06	5.4455e+06	5.37175e+06	
5.6845e+06	5.6825e+06	5.63025e+06	5.64525e+06	5.515e+06	
5.74675e+06	5.78775e+06	5.719e+06	5.794e+06	5.66875e+06	
5.879e+06	5.86475e+06	5.7675e+06	5.81175e+06	5.72275e+06	
6.05375e+06	6.084e+06	6.063e+06	6.07075e+06	5.96225e+06	
6.11475e+06	6.13625e+06	6.094e+06	6.0285e+06	6.0265e+06	
6.0115e+06	6.0815e+06	5.983e+06	5.992e+06	5.97875e+06	
6.11475e+06	6.0605e+06	6.02775e+06	6.1445e+06	6.0265e+06	
6.17725e+06	6.06375e+06	6.09975e+06	6.021e+06	6.07e+06	
6.133e+06	6.10775e+06	6.128e+06	6.11675e+06	6.05125e+06	
6.23325e+06	6.2565e+06	6.3095e+06	6.186e+06	6.10725e+06	
6.247e+06	6.21375e+06	6.26925e+06	6.18675e+06	6.07575e+06	
6.401e+06	6.3965e+06	6.3965e+06	6.28675e+06	6.30625e+06	
6.58925e+06	6.57425e+06	6.5535e+06	6.45825e+06	6.4915e+06	
6.43125e+06	6.51175e+06	6.46275e+06	6.42175e+06	6.38775e+06	
6.45125e+06	6.34425e+06	6.35925e+06	6.4035e+06	6.25725e+06	
6.4595e+06	6.416e+06	6.411e+06	6.45575e+06	6.3915e+06	
6.26025e+06	6.34975e+06	6.17725e+06	6.15e+06	6.125e+06	
6.1565e+06	6.08325e+06	6.14e+06	6.0215e+06	6.06375e+06	
5.94275e+06	5.95675e+06	6.01025e+06	5.915e+06	5.8565e+06	
6.0335e+06	6.033e+06	6.0555e+06	6.06e+06	5.9265e+06	
6.041e+06	6.10275e+06	6.0775e+06	5.98125e+06	6.031e+06	
6.31325e+06	6.23575e+06	6.33475e+06	6.21175e+06	6.09325e+06	
6.288e+06	6.225e+06	6.26475e+06	6.237e+06	6.152e+06	
6.21125e+06	6.24575e+06	6.24025e+06	6.234e+06	6.12675e+06	
6.1885e+06	6.1735e+06	6.1785e+06	6.19925e+06	6.135e+06	
6.40775e+06	6.27725e+06	6.3075e+06	6.4085e+06	6.22875e+06	
6.336e+06	6.382e+06	6.35675e+06	6.29825e+06	6.205e+06	
6.45325e+06	6.41925e+06	6.47575e+06	6.4355e+06	6.3145e+06	
6.53575e+06	6.57475e+06	6.588e+06	6.484e+06	6.39775e+06	
6.498e+06	6.52175e+06	6.435e+06	6.49225e+06	6.38825e+06	
6.6705e+06	6.6675e+06	6.72025e+06	6.67e+06	6.61125e+06	
6.61825e+06	6.59125e+06	6.65175e+06	6.65475e+06	6.535e+06	
6.50675e+06	6.39025e+06	6.51925e+06	6.421e+06	6.48275e+06	
6.55075e+06	6.50875e+06	6.47075e+06	6.47325e+06	6.3165e+06	
6.552e+06	6.42425e+06	6.464e+06	6.42175e+06	6.33475e+06	
6.452e+06	6.53825e+06	6.51675e+06	6.4815e+06	6.36675e+06	
6.51e+06	6.52325e+06	6.48775e+06	6.49025e+06	6.3775e+06	
6.53125e+06	6.53575e+06	6.4935e+06	6.50475e+06	6.4035e+06	
6.7865e+06	6.47025e+06	6.61125e+06	6.6215e+06	6.44375e+06	
6.598e+06	6.4785e+06	6.5275e+06	6.57425e+06	6.4035e+06	
6.79225e+06	6.90125e+06	6.772e+06	6.791e+06	6.63775e+06	
6.75175e+06	6.79525e+06	6.75625e+06	6.74875e+06	6.59e+06	
6.87975e+06	6.813e+06	6.7965e+06	6.79475e+06	6.651e+06	
6.98625e+06	6.9655e+06	6.97425e+06	6.87475e+06	6.80475e+06	
6.93575e+06	6.9125e+06	6.946e+06	6.861e+06	6.8085e+06	
6.9195e+06	6.80675e+06	6.907e+06	6.8545e+06	6.7115e+06	
6.95975e+06	7.00825e+06	6.93325e+06	6.98875e+06	6.84375e+06	
6.922e+06	6.92e+06	6.961e+06	6.87275e+06	6.81625e+06	
6.96225e+06	6.7645e+06	6.89875e+06	6.7835e+06	6.782e+06	
6.79225e+06	6.81875e+06	6.8175e+06	6.8105e+06	6.74125e+06	
6.9e+06	6.7795e+06	6.81175e+06	6.78475e+06	6.699e+06	
6.74e+06	6.71025e+06	6.7645e+06	6.67125e+06	6.51675e+06	
6.8885e+06	6.82625e+06	6.84775e+06	6.75175e+06	6.779e+06	
6.96425e+06	6.90175e+06	6.861e+06	6.84575e+06	6.68e+06	
7.01775e+06	7.09025e+06	7.0355e+06	7.0385e+06	6.917e+06	
6.94975e+06	6.8755e+06	6.85775e+06	6.8275e+06	6.74925e+06	
6.87725e+06	6.84825e+06	6.8135e+06	6.77825e+06	6.69525e+06	
6.94525e+06	6.9075e+06	6.93075e+06	6.92575e+06	6.81225e+06	
7.02225e+06	7.04375e+06	7.0285e+06	6.91e+06	6.98325e+06	
7.08525e+06	7.055e+06	7.02725e+06	6.99375e+06	6.85825e+06	
7.11175e+06	7.15775e+06	7.08075e+06	7.053e+06	6.9775e+06	
7.29875e+06	7.225e+06	7.28175e+06	7.2605e+06	7.09775e+06	
7.3405e+06	7.34925e+06	7.28e+06	7.2195e+06	7.2535e+06	
7.326e+06	7.28375e+06	7.36825e+06	7.14875e+06	7.15e+06	
7.288e+06	7.288e+06	7.23775e+06	7.19175e+06	7.13425e+06	
7.34675e+06	7.2925e+06	7.27425e+06	7.26925e+06	7.19475e+06	
7.1325e+06	7.096e+06	7.04875e+06	7.0405e+06	6.939e+06	
7.26675e+06	7.285e+06	7.2515e+06	7.2655e+06	7.193e+06	
7.38075e+06	7.35925e+06	7.4255e+06	7.36625e+06	7.179e+06	
7.55225e+06	7.59625e+06	7.52075e+06	7.63975e+06	7.42225e+06	
7.89125e+06	7.7695e+06	7.7115e+06	7.8035e+06	7.65925e+06	
7.89e+06	7.8415e+06	7.876e+06	7.723e+06	7.62975e+06	
7.76325e+06	7.7015e+06	7.74675e+06	7.71225e+06	7.653e+06	
7.68625e+06	7.711e+06	7.5995e+06	7.61525e+06	7.54775e+06	
7.98e+06	7.8585e+06	7.82575e+06	7.82625e+06	7.73225e+06	
7.80675e+06	7.88475e+06	7.9125e+06	7.786e+06	7.7235e+06	
8.03925e+06	8.067e+06	8.06875e+06	7.8705e+06	7.88675e+06	
8.27625e+06	8.283e+06	8.2265e+06	8.186e+06	8.0645e+06	
8.2605e+06	8.1375e+06	8.2435e+06	8.14e+06	8.171e+06	
8.295e+06	8.2705e+06	8.2755e+06	8.22325e+06	8.18225e+06	
8.3015e+06	8.21325e+06	8.27625e+06	8.2485e+06	8.08975e+06	
8.29075e+06	8.2415e+06	8.16275e+06	8.16975e+06	8.15525e+06	
8.244e+06	8.27875e+06	8.3385e+06	8.29325e+06	8.22e+06	
8.36325e+06	8.3045e+06	8.34625e+06	8.26175e+06	8.17475e+06	
8.57625e+06	8.575e+06	8.47025e+06	8.48725e+06	8.25725e+06	
8.7405e+06	8.62725e+06	8.665e+06	8.602e+06	8.55775e+06	
8.91125e+06	8.917e+06	8.90575e+06	8.79675e+06	8.82e+06	
8.9385e+06	8.90075e+06	8.89875e+06	8.803e+06	8.7425e+06	
9.07025e+06	8.92575e+06	8.97325e+06	8.92725e+06	8.81675e+06	
8.96375e+06	9.05875e+06	9.02425e+06	8.79425e+06	8.90375e+06	
9.314e+06	9.2335e+06	9.3305e+06	9.16525e+06	9.11425e+06	
9.314e+06	9.28125e+06	9.32975e+06	9.26175e+06	9.04125e+06	
9.35875e+06	9.326e+06	9.26625e+06	9.1905e+06	9.12125e+06	
9.449e+06	9.48475e+06	9.5655e+06	9.40975e+06	9.26675e+06	
9.55675e+06	9.50375e+06	9.52125e+06	9.4395e+06	9.27625e+06	
9.5365e+06	9.47725e+06	9.45525e+06	9.3625e+06	9.3475e+06	
9.57175e+06	9.53525e+06	9.585e+06	9.537e+06	9.384e+06	
9.82375e+06	9.78725e+06	9.71925e+06	9.65125e+06	9.721e+06	
9.85475e+06	9.805e+06	9.786e+06	9.7645e+06	9.662e+06	
9.94175e+06	1.00148e+07	9.99075e+06	9.8175e+06	9.69525e+06	
9.759e+06	9.77225e+06	9.72675e+06	9.692e+06	9.5685e+06	
9.8735e+06	9.825e+06	1.0016e+07	9.79675e+06	9.738e+06	
9.92275e+06	9.84775e+06	9.9625e+06	9.86925e+06	9.638e+06	
9.8395e+06	9.8995e+06	9.9555e+06	9.8855e+06	9.675e+06	
9.85275e+06	9.747e+06	9.716e+06	9.76975e+06	9.66325e+06	
1.00022e+07	1.00205e+07	1.0052e+07	1.00155e+07	9.8125e+06	
9.9485e+06	9.878e+06	9.80425e+06	9.721e+06	9.71975e+06	
9.62525e+06	9.738e+06	9.53825e+06	9.53825e+06	9.4515e+06	
9.04175e+06	9.043e+06	9.081e+06	8.99825e+06	8.897e+06	
8.78925e+06	8.77275e+06	8.75825e+06	8.74625e+06	8.6235e+06	
8.69725e+06	8.6965e+06	8.68575e+06	8.544e+06	8.503e+06	
8.963e+06	8.9505e+06	9.028e+06	8.8465e+06	8.8295e+06	
9.5195e+06	9.517e+06	9.5415e+06	9.46975e+06	9.22325e+06	
9.8e+06	9.74375e+06	9.692e+06	9.665e+06	9.5875e+06	
1.01942e+07	1.01018e+07	1.0079e+07	1.01415e+07	9.98e+06	
1.0219e+07	1.02875e+07	1.02612e+07	1.02e+07	1.01308e+07	
1.02132e+07	1.0173e+07	1.01192e+07	1.0118e+07	1.00102e+07	
1.0229e+07	1.02428e+07	1.0321e+07	1.02008e+07	1.0101e+07	
1.06202e+07	1.05655e+07	1.06165e+07	1.04835e+07	1.03852e+07	
1.08478e+07	1.08415e+07	1.08768e+07	1.07922e+07	1.06095e+07	
1.0933e+07	1.09108e+07	1.09845e+07	1.10002e+07	1.08282e+07	
1.10628e+07	1.10388e+07	1.0979e+07	1.0972e+07	1.07508e+07	
1.12302e+07	1.10972e+07	1.10595e+07	1.10765e+07	1.08515e+07	
1.09775e+07	1.0878e+07	1.09078e+07	1.0798e+07	1.06922e+07	
1.0771e+07	1.07868e+07	1.07388e+07	1.06372e+07	1.05245e+07	
1.0684e+07	1.05465e+07	1.0599e+07	1.05598e+07	1.0478e+07	
1.06178e+07	1.05352e+07	1.06058e+07	1.05738e+07	1.03102e+07	
1.08162e+07	1.07835e+07	1.07482e+07	1.07345e+07	1.06342e+07	
1.11382e+07	1.1096e+07	1.11578e+07	1.10148e+07	1.09518e+07	
1.12165e+07	1.11792e+07	1.10682e+07	1.10412e+07	1.09915e+07	
1.12915e+07	1.11622e+07	1.10652e+07	1.10935e+07	1.09645e+07	
1.13015e+07	1.12272e+07	1.1367e+07	1.11585e+07	1.09512e+07	
1.14142e+07	1.14862e+07	1.16335e+07	1.13455e+07	1.1268e+07	
1.17018e+07	1.16348e+07	1.1667e+07	1.15542e+07	1.1471e+07	
1.15692e+07	1.15808e+07	1.14748e+07	1.142e+07	1.13292e+07	
1.16002e+07	1.16305e+07	1.15505e+07	1.1505e+07	1.13488e+07	
1.15548e+07	1.15315e+07	1.15788e+07	1.15352e+07	1.14615e+07	
1.16152e+07	1.16865e+07	1.16935e+07	1.14835e+07	1.13595e+07	
1.15788e+07	1.16148e+07	1.15675e+07	1.15012e+07	1.1374e+07	
1.16475e+07	1.16518e+07	1.16695e+07	1.16052e+07	1.14652e+07	
1.17635e+07	1.17395e+07	1.17098e+07	1.17138e+07	1.142e+07	
1.17105e+07	1.16588e+07	1.159e+07	1.15095e+07	1.14458e+07	
1.16072e+07	1.14905e+07	1.14205e+07	1.1369e+07	1.128e+07	
1.13985e+07	1.14142e+07	1.1335e+07	1.1379e+07	1.12688e+07	
1.13462e+07	1.14312e+07	1.13028e+07	1.13362e+07	1.1188e+07	
1.15062e+07	1.15282e+07	1.15625e+07	1.15178e+07	1.1347e+07	
1.1631e+07	1.15862e+07	1.15605e+07	1.15402e+07	1.13752e+07	
1.1452e+07	1.16632e+07	1.16098e+07	1.15535e+07	1.13815e+07	
1.15315e+07	1.13848e+07	1.15378e+07	1.13898e+07	1.12775e+07	
1.1236e+07	1.1277e+07	1.12468e+07	1.1159e+07	1.10255e+07	
1.11382e+07	1.11705e+07	1.11938e+07	1.11642e+07	1.0931e+07	
1.11742e+07	1.11918e+07	1.11842e+07	1.10835e+07	1.10185e+07	
1.12498e+07	1.10172e+07	1.10512e+07	1.11088e+07	1.09738e+07	
1.11258e+07	1.10972e+07	1.11502e+07	1.11025e+07	1.09948e+07	
1.1197e+07	1.11092e+07	1.12265e+07	1.1176e+07	1.1021e+07	
1.1548e+07	1.14362e+07	1.15088e+07	1.14798e+07	1.1178e+07	
1.1582e+07	1.15945e+07	1.15555e+07	1.1582e+07	1.13368e+07	
1.16045e+07	1.14772e+07	1.15132e+07	1.14055e+07	1.13368e+07	
1.15468e+07	1.1493e+07	1.1367e+07	1.13985e+07	1.1311e+07	
1.13992e+07	1.13495e+07	1.1408e+07	1.1224e+07	1.1163e+07	
1.15472e+07	1.14168e+07	1.1577e+07	1.13682e+07	1.12435e+07	
1.16815e+07	1.16072e+07	1.1619e+07	1.15468e+07	1.14565e+07	
1.18302e+07	1.17628e+07	1.1953e+07	1.17848e+07	1.15485e+07	
1.21088e+07	1.20715e+07	1.1919e+07	1.20318e+07	1.17312e+07	
1.2108e+07	1.2083e+07	1.21062e+07	1.18265e+07	1.19028e+07	
1.2115e+07	1.20578e+07	1.21415e+07	1.2091e+07	1.19368e+07	
1.1928e+07	1.19222e+07	1.1899e+07	1.18768e+07	1.17482e+07	
1.19115e+07	1.20098e+07	1.18882e+07	1.17728e+07	1.1706e+07	
1.1892e+07	1.16488e+07	1.16935e+07	1.16795e+07	1.1481e+07	
1.15738e+07	1.15915e+07	1.15605e+07	1.14698e+07	1.13915e+07	
1.16418e+07	1.14528e+07	1.15568e+07	1.15378e+07	1.1343e+07	
1.16865e+07	1.1708e+07	1.15725e+07	1.14585e+07	1.14245e+07	
1.19555e+07	1.19405e+07	1.19165e+07	1.18295e+07	1.17975e+07	
1.19712e+07	1.19708e+07	1.19348e+07	1.1827e+07	1.16375e+07	
1.20362e+07	1.18308e+07	1.19708e+07	1.18962e+07	1.16102e+07	
1.1914e+07	1.19948e+07	1.18768e+07	1.18345e+07	1.1723e+07	
1.17478e+07	1.1781e+07	1.17672e+07	1.18e+07	1.1604e+07	
1.19095e+07	1.17445e+07	1.17842e+07	1.16728e+07	1.15132e+07	
1.19998e+07	1.19322e+07	1.18982e+07	1.19372e+07	1.16425e+07	
1.21805e+07	1.22012e+07	1.22298e+07	1.205e+07	1.20192e+07	
1.20362e+07	1.1996e+07	1.21112e+07	1.1945e+07	1.17242e+07	
1.20212e+07	1.19398e+07	1.19682e+07	1.17578e+07	1.1672e+07	
1.21502e+07	1.20752e+07	1.19802e+07	1.19612e+07	1.18435e+07	
1.18978e+07	1.19198e+07	1.18888e+07	1.181e+07	1.16828e+07	
1.18058e+07	1.16795e+07	1.1636e+07	1.1648e+07	1.15182e+07	
1.1921e+07	1.18265e+07	1.17532e+07	1.1665e+07	1.1623e+07	
1.16438e+07	1.16978e+07	1.16952e+07	1.14325e+07	1.13848e+07	
1.1594e+07	1.15158e+07	1.14698e+07	1.1396e+07	1.1294e+07	
1.1568e+07	1.15882e+07	1.15638e+07	1.14212e+07	1.1369e+07	
1.16268e+07	1.1609e+07	1.16102e+07	1.16045e+07	1.15032e+07	
1.1875e+07	1.17872e+07	1.1732e+07	1.17988e+07	1.1655e+07	
1.17768e+07	1.17885e+07	1.18075e+07	1.17212e+07	1.15245e+07	
1.18158e+07	1.1609e+07	1.15322e+07	1.15252e+07	1.14755e+07	
1.13455e+07	1.1212e+07	1.11578e+07	1.11535e+07	1.09422e+07	
1.0839e+07	1.06802e+07	1.07238e+07	1.06998e+07	1.0389e+07	
1.0449e+07	1.03778e+07	1.05478e+07	1.044e+07	1.0212e+07	
1.0677e+07	1.0599e+07	1.06135e+07	1.05485e+07	1.03998e+07	
1.07962e+07	1.07735e+07	1.08158e+07	1.0674e+07	1.04988e+07	
1.08068e+07	1.07462e+07	1.08038e+07	1.07425e+07	1.05635e+07	
1.1006e+07	1.09782e+07	1.0926e+07	1.07678e+07	1.0665e+07	
1.1105e+07	1.11308e+07	1.11038e+07	1.10312e+07	1.0873e+07	
1.1384e+07	1.1214e+07	1.11742e+07	1.11572e+07	1.11772e+07	
1.1674e+07	1.15518e+07	1.15252e+07	1.14428e+07	1.12882e+07	
1.18448e+07	1.17325e+07	1.17785e+07	1.1728e+07	1.14535e+07	
1.18232e+07	1.1846e+07	1.17175e+07	1.17345e+07	1.1669e+07	
1.204e+07	1.1752e+07	1.19952e+07	1.1686e+07	1.17262e+07	
1.19658e+07	1.19045e+07	1.18995e+07	1.19152e+07	1.16972e+07	
1.20628e+07	1.20988e+07	1.20702e+07	1.19128e+07	1.17792e+07	
1.22322e+07	1.2146e+07	1.21515e+07	1.2105e+07	1.19952e+07	
1.2161e+07	1.2025e+07	1.21938e+07	1.20552e+07	1.19265e+07	
1.204e+07	1.1943e+07	1.20028e+07	1.1936e+07	1.1781e+07	
1.20015e+07	1.1965e+07	1.19562e+07	1.18542e+07	1.16242e+07	
1.18875e+07	1.18908e+07	1.18938e+07	1.18125e+07	1.16952e+07	
1.22095e+07	1.20438e+07	1.21302e+07	1.21408e+07	1.19148e+07	
1.23148e+07	1.23375e+07	1.23475e+07	1.2263e+07	1.205e+07	
1.25165e+07	1.24642e+07	1.24552e+07	1.24635e+07	1.22512e+07	
1.26198e+07	1.2483e+07	1.26172e+07	1.25562e+07	1.23185e+07	
1.25158e+07	1.25252e+07	1.25252e+07	1.2505e+07	1.23015e+07	
1.2415e+07	1.25082e+07	1.25062e+07	1.24105e+07	1.22738e+07	
1.23828e+07	1.24962e+07	1.25075e+07	1.2449e+07	1.2175e+07	
1.21788e+07	1.21618e+07	1.22228e+07	1.21938e+07	1.2064e+07	
1.19555e+07	1.18725e+07	1.18888e+07	1.18635e+07	1.17168e+07	
1.1454e+07	1.15228e+07	1.1485e+07	1.1253e+07	1.11842e+07	
1.15535e+07	1.14162e+07	1.1531e+07	1.13682e+07	1.12522e+07	
1.15812e+07	1.1691e+07	1.17042e+07	1.16902e+07	1.14105e+07	
1.19832e+07	1.20155e+07	1.1931e+07	1.18675e+07	1.16525e+07	
1.22182e+07	1.22248e+07	1.21648e+07	1.20628e+07	1.19922e+07	
1.2468e+07	1.2495e+07	1.23615e+07	1.23338e+07	1.2139e+07	
1.2698e+07	1.26482e+07	1.26678e+07	1.26342e+07	1.24212e+07	
1.2819e+07	1.28725e+07	1.2771e+07	1.27212e+07	1.2454e+07	
1.27842e+07	1.272e+07	1.27308e+07	1.25825e+07	1.23972e+07	
1.27192e+07	1.27085e+07	1.27312e+07	1.2664e+07	1.25012e+07	
1.2708e+07	1.26998e+07	1.27035e+07	1.26305e+07	1.24352e+07	
1.2926e+07	1.28348e+07	1.28178e+07	1.28252e+07	1.26305e+07	
1.2742e+07	1.2841e+07	1.28012e+07	1.2861e+07	1.25575e+07	
1.29455e+07	1.29625e+07	1.29388e+07	1.28032e+07	1.26828e+07	
1.2909e+07	1.29658e+07	1.2962e+07	1.28158e+07	1.26425e+07	
1.2679e+07	1.25228e+07	1.26242e+07	1.25688e+07	1.24548e+07	
1.23458e+07	1.2333e+07	1.2342e+07	1.2221e+07	1.21e+07	
1.23142e+07	1.22355e+07	1.22078e+07	1.2161e+07	1.19688e+07	
1.22588e+07	1.20765e+07	1.2284e+07	1.22012e+07	1.19695e+07	
1.24432e+07	1.24428e+07	1.22708e+07	1.22908e+07	1.21182e+07	
1.24855e+07	1.23645e+07	1.24685e+07	1.22605e+07	1.20835e+07	
1.24112e+07	1.24565e+07	1.24458e+07	1.24155e+07	1.21308e+07	
1.24875e+07	1.26318e+07	1.23835e+07	1.23512e+07	1.23222e+07	
1.2592e+07	1.2536e+07	1.2606e+07	1.24648e+07	1.23678e+07	
1.27345e+07	1.27735e+07	1.26418e+07	1.26758e+07	1.24042e+07	
1.2824e+07	1.27848e+07	1.28315e+07	1.27238e+07	1.26368e+07	
1.26798e+07	1.27048e+07	1.27192e+07	1.27622e+07	1.2447e+07	
1.27072e+07	1.26425e+07	1.2565e+07	1.24755e+07	1.24005e+07	
1.23765e+07	1.23702e+07	1.23948e+07	1.2434e+07	1.21358e+07	
1.25285e+07	1.2451e+07	1.24925e+07	1.24942e+07	1.2144e+07	
1.24345e+07	1.23708e+07	1.2437e+07	1.2246e+07	1.21522e+07	
1.24825e+07	1.23678e+07	1.24918e+07	1.22472e+07	1.21642e+07	
1.25492e+07	1.2563e+07	1.2497e+07	1.25215e+07	1.23288e+07	
1.2677e+07	1.25832e+07	1.25705e+07	1.242e+07	1.22405e+07	
1.2519e+07	1.25328e+07	1.25272e+07	1.24088e+07	1.21718e+07	
1.24718e+07	1.24755e+07	1.25335e+07	1.25405e+07	1.2125e+07	
1.22978e+07	1.2393e+07	1.22322e+07	1.22902e+07	1.21718e+07	
1.2156e+07	1.19675e+07	1.21225e+07	1.204e+07	1.18908e+07	
1.19948e+07	1.19625e+07	1.2028e+07	1.1841e+07	1.1757e+07	
1.19595e+07	1.19712e+07	1.19525e+07	1.18858e+07	1.17822e+07	
1.1955e+07	1.19342e+07	1.1899e+07	1.1878e+07	1.16658e+07	
1.21088e+07	1.20438e+07	1.20558e+07	1.1945e+07	1.1747e+07	
1.21988e+07	1.2086e+07	1.22732e+07	1.20818e+07	1.19405e+07	
1.2258e+07	1.21225e+07	1.2115e+07	1.20778e+07	1.18485e+07	
1.20488e+07	1.21258e+07	1.20218e+07	1.21358e+07	1.19215e+07	
1.2299e+07	1.22468e+07	1.2253e+07	1.20122e+07	1.1965e+07	
1.20948e+07	1.2033e+07	1.20068e+07	1.20532e+07	1.18725e+07	
1.2296e+07	1.22775e+07	1.2202e+07	1.21705e+07	1.2057e+07	
1.23695e+07	1.22568e+07	1.2408e+07	1.21738e+07	1.20412e+07	
1.24162e+07	1.23222e+07	1.24068e+07	1.22882e+07	1.21245e+07	
1.21498e+07	1.22052e+07	1.22485e+07	1.22115e+07	1.20092e+07	
1.23702e+07	1.23822e+07	1.22745e+07	1.2294e+07	1.21e+07	
1.24112e+07	1.24918e+07	1.25182e+07	1.23628e+07	1.22682e+07	
1.23098e+07	1.2214e+07	1.22758e+07	1.2214e+07	1.20735e+07	
1.23998e+07	1.22832e+07	1.23218e+07	1.22248e+07	1.20645e+07	
1.22775e+07	1.21958e+07	1.2267e+07	1.21635e+07	1.20678e+07	
1.23665e+07	1.23035e+07	1.21938e+07	1.2161e+07	1.19442e+07	
1.22298e+07	1.21618e+07	1.21345e+07	1.2117e+07	1.20055e+07	
1.21598e+07	1.19405e+07	1.20318e+07	1.19782e+07	1.18478e+07	
1.1977e+07	1.18882e+07	1.19305e+07	1.17885e+07	1.1643e+07	
1.20205e+07	1.20035e+07	1.20515e+07	1.19832e+07	1.16972e+07	
1.21038e+07	1.2047e+07	1.21358e+07	1.2011e+07	1.18448e+07	
1.21842e+07	1.2028e+07	1.21225e+07	1.19638e+07	1.1892e+07	
1.21842e+07	1.20445e+07	1.21838e+07	1.20458e+07	1.18535e+07	
1.23072e+07	1.219e+07	1.2158e+07	1.21238e+07	1.18592e+07	
1.21908e+07	1.21225e+07	1.2125e+07	1.1989e+07	1.187e+07	
1.22158e+07	1.21622e+07	1.22052e+07	1.21692e+07	1.18655e+07	
1.21958e+07	1.21842e+07	1.21635e+07	1.20842e+07	1.18175e+07	
1.21842e+07	1.22052e+07	1.20855e+07	1.1955e+07	1.1759e+07	
1.20855e+07	1.21692e+07	1.20035e+07	1.20142e+07	1.1747e+07	
1.20702e+07	1.20425e+07	1.20765e+07	1.18962e+07	1.18655e+07	
1.21825e+07	1.2212e+07	1.21668e+07	1.212e+07	1.19568e+07	
1.21888e+07	1.20772e+07	1.21068e+07	1.2052e+07	1.17652e+07	
1.20922e+07	1.2042e+07	1.2025e+07	1.20015e+07	1.1945e+07	
1.21055e+07	1.2066e+07	1.21088e+07	1.19832e+07	1.17628e+07	
1.2074e+07	1.2016e+07	1.20028e+07	1.20048e+07	1.17768e+07	
1.21025e+07	1.21188e+07	1.20698e+07	1.19758e+07	1.1841e+07	
1.2035e+07	1.2079e+07	1.21402e+07	1.20275e+07	1.18675e+07	
1.21875e+07	1.2117e+07	1.22405e+07	1.2161e+07	1.19422e+07	
1.22228e+07	1.2173e+07	1.2202e+07	1.21502e+07	1.19455e+07	
1.22612e+07	1.2265e+07	1.22435e+07	1.21245e+07	1.19662e+07	
1.22555e+07	1.22272e+07	1.21975e+07	1.21212e+07	1.19985e+07	
1.20855e+07	1.1994e+07	1.1967e+07	1.19922e+07	1.18088e+07	
1.22385e+07	1.21112e+07	1.21025e+07	1.20275e+07	1.1912e+07	
1.1887e+07	1.19632e+07	1.19675e+07	1.18295e+07	1.15808e+07	
1.17048e+07	1.17458e+07	1.1812e+07	1.17772e+07	1.14225e+07	
1.17482e+07	1.16878e+07	1.16638e+07	1.1631e+07	1.15882e+07	
1.17715e+07	1.17918e+07	1.1783e+07	1.17275e+07	1.14598e+07	
1.17768e+07	1.16702e+07	1.17138e+07	1.16518e+07	1.15378e+07	
1.17622e+07	1.17018e+07	1.17822e+07	1.16462e+07	1.15572e+07	
1.15045e+07	1.13828e+07	1.14068e+07	1.13885e+07	1.12738e+07	
1.15152e+07	1.14395e+07	1.14125e+07	1.14942e+07	1.12082e+07	
1.15302e+07	1.1355e+07	1.13582e+07	1.13405e+07	1.12385e+07	
1.14822e+07	1.15402e+07	1.14382e+07	1.13482e+07	1.12372e+07	
1.15132e+07	1.15295e+07	1.15132e+07	1.14502e+07	1.12102e+07	
1.15958e+07	1.1684e+07	1.16102e+07	1.15832e+07	1.15322e+07	
1.17085e+07	1.17502e+07	1.17175e+07	1.15795e+07	1.1473e+07	
1.18925e+07	1.17835e+07	1.17545e+07	1.1742e+07	1.15725e+07	
1.18258e+07	1.18345e+07	1.16815e+07	1.17635e+07	1.15215e+07	
1.16292e+07	1.16335e+07	1.158e+07	1.1565e+07	1.14312e+07	
1.16745e+07	1.17275e+07	1.17268e+07	1.16065e+07	1.1437e+07	
1.17962e+07	1.15775e+07	1.1686e+07	1.16122e+07	1.14515e+07	
1.18605e+07	1.17822e+07	1.17955e+07	1.16405e+07	1.14685e+07	
1.1851e+07	1.17698e+07	1.1861e+07	1.16425e+07	1.14672e+07	
1.1807e+07	1.17652e+07	1.16728e+07	1.17748e+07	1.15932e+07	
1.17678e+07	1.16518e+07	1.16242e+07	1.16305e+07	1.14692e+07	
1.17622e+07	1.17598e+07	1.16915e+07	1.16488e+07	1.13728e+07	
1.17022e+07	1.1686e+07	1.17615e+07	1.16512e+07	1.1476e+07	
1.18145e+07	1.15812e+07	1.17502e+07	1.15455e+07	1.14665e+07	
1.16388e+07	1.16368e+07	1.15568e+07	1.16128e+07	1.13922e+07	
1.159e+07	1.15788e+07	1.14855e+07	1.14345e+07	1.11722e+07	
1.14188e+07	1.15572e+07	1.141e+07	1.13268e+07	1.12642e+07	
1.1483e+07	1.14245e+07	1.14822e+07	1.13632e+07	1.1132e+07	
1.1456e+07	1.15498e+07	1.16708e+07	1.15322e+07	1.12252e+07	
1.16898e+07	1.16682e+07	1.1582e+07	1.1577e+07	1.1517e+07	
1.17432e+07	1.17262e+07	1.16708e+07	1.15638e+07	1.13658e+07	
1.1732e+07	1.16222e+07	1.16342e+07	1.15598e+07	1.14598e+07	
1.15335e+07	1.15725e+07	1.1619e+07	1.14105e+07	1.12725e+07	
1.15795e+07	1.1427e+07	1.14635e+07	1.14548e+07	1.12878e+07	
1.15195e+07	1.14345e+07	1.14622e+07	1.13968e+07	1.1214e+07	
1.15125e+07	1.14735e+07	1.15315e+07	1.13582e+07	1.1326e+07	
1.1459e+07	1.12908e+07	1.14262e+07	1.13562e+07	1.1023e+07	
1.14465e+07	1.14258e+07	1.12435e+07	1.14192e+07	1.11485e+07	
1.14308e+07	1.11982e+07	1.13098e+07	1.13392e+07	1.11295e+07	
1.12302e+07	1.12762e+07	1.1217e+07	1.10972e+07	1.08548e+07	
1.12738e+07	1.11572e+07	1.11472e+07	1.1108e+07	1.08452e+07	
1.1137e+07	1.10885e+07	1.1132e+07	1.11642e+07	1.0904e+07	
1.12708e+07	1.1195e+07	1.12965e+07	1.12335e+07	1.10312e+07	
1.13562e+07	1.1314e+07	1.13338e+07	1.11565e+07	1.10735e+07	
1.15448e+07	1.1502e+07	1.14975e+07	1.15008e+07	1.12825e+07	
1.14718e+07	1.14552e+07	1.14502e+07	1.13852e+07	1.11982e+07	
1.15762e+07	1.15505e+07	1.15725e+07	1.1471e+07	1.13902e+07	
1.1517e+07	1.159e+07	1.15322e+07	1.14225e+07	1.12145e+07	
1.1594e+07	1.14665e+07	1.15638e+07	1.13815e+07	1.1142e+07	
1.15278e+07	1.14572e+07	1.14262e+07	1.14325e+07	1.13285e+07	
1.1558e+07	1.1396e+07	1.1323e+07	1.12165e+07	1.11705e+07	
1.14312e+07	1.13292e+07	1.13575e+07	1.12692e+07	1.10968e+07	
1.1272e+07	1.1209e+07	1.11332e+07	1.1149e+07	1.10048e+07	
1.12878e+07	1.12808e+07	1.13128e+07	1.11958e+07	1.09538e+07	
1.13368e+07	1.12335e+07	1.1234e+07	1.1183e+07	1.09008e+07	
1.13015e+07	1.1156e+07	1.1185e+07	1.10942e+07	1.09965e+07	
1.12062e+07	1.11515e+07	1.0996e+07	1.10375e+07	1.10305e+07	
1.1263e+07	1.12202e+07	1.1171e+07	1.11925e+07	1.09442e+07	
1.10715e+07	1.10545e+07	1.11245e+07	1.11352e+07	1.0883e+07	
1.1236e+07	1.11288e+07	1.10968e+07	1.10722e+07	1.0941e+07	
1.09675e+07	1.09568e+07	1.0979e+07	1.09198e+07	1.08328e+07	
1.11005e+07	1.10135e+07	1.1004e+07	1.09052e+07	1.08005e+07	
1.09222e+07	1.0849e+07	1.0933e+07	1.09775e+07	1.06845e+07	
1.09145e+07	1.09448e+07	1.10105e+07	1.09372e+07	1.07382e+07	
1.10772e+07	1.0963e+07	1.1096e+07	1.10645e+07	1.0742e+07	
1.11522e+07	1.10512e+07	1.09915e+07	1.08622e+07	1.07885e+07	
1.11812e+07	1.10495e+07	1.10342e+07	1.09675e+07	1.08245e+07	
1.1103e+07	1.1132e+07	1.10142e+07	1.0846e+07	1.07992e+07	
1.10462e+07	1.10438e+07	1.09065e+07	1.09455e+07	1.07942e+07	
1.11932e+07	1.11125e+07	1.10905e+07	1.10218e+07	1.08908e+07	
1.12298e+07	1.10558e+07	1.10292e+07	1.1023e+07	1.09832e+07	
1.1069e+07	1.10772e+07	1.1009e+07	1.09592e+07	1.09298e+07	
1.1113e+07	1.1183e+07	1.11125e+07	1.1025e+07	1.0854e+07	
1.1212e+07	1.1134e+07	1.12315e+07	1.11365e+07	1.09108e+07	
1.11515e+07	1.10532e+07	1.11118e+07	1.09828e+07	1.09145e+07	
1.1088e+07	1.11332e+07	1.1178e+07	1.10578e+07	1.08932e+07	
1.1081e+07	1.10595e+07	1.0979e+07	1.10148e+07	1.08448e+07	
1.10475e+07	1.0936e+07	1.10408e+07	1.09165e+07	1.08332e+07	
1.1059e+07	1.10375e+07	1.10222e+07	1.0904e+07	1.0771e+07	
1.09832e+07	1.10185e+07	1.08908e+07	1.08498e+07	1.06972e+07	
1.08522e+07	1.09065e+07	1.08882e+07	1.07388e+07	1.06538e+07	
1.07752e+07	1.0694e+07	1.0631e+07	1.06292e+07	1.0471e+07	
1.07528e+07	1.07055e+07	1.06342e+07	1.07122e+07	1.04578e+07	
1.05945e+07	1.07312e+07	1.05548e+07	1.04412e+07	1.04652e+07	
1.07382e+07	1.0674e+07	1.05302e+07	1.0529e+07	1.03368e+07	
1.07142e+07	1.07312e+07	1.06625e+07	1.05655e+07	1.05062e+07	
1.07148e+07	1.0573e+07	1.06148e+07	1.05598e+07	1.04905e+07	
1.0614e+07	1.0561e+07	1.0633e+07	1.05912e+07	1.04565e+07	
1.04942e+07	1.04382e+07	1.0529e+07	1.04092e+07	1.0236e+07	
1.044e+07	1.03915e+07	1.03375e+07	1.03848e+07	1.01212e+07	
1.01018e+07	1.00665e+07	1.01428e+07	1.01042e+07	9.90325e+06	
9.90075e+06	9.73625e+06	9.71925e+06	9.78025e+06	9.491e+06	
9.56925e+06	9.54775e+06	9.5095e+06	9.466e+06	9.353e+06	
9.4615e+06	9.3045e+06	9.41175e+06	9.2385e+06	9.15975e+06	
9.52e+06	9.44625e+06	9.52775e+06	9.40175e+06	9.29375e+06	
9.61025e+06	9.5925e+06	9.60575e+06	9.517e+06	9.3475e+06	
9.767e+06	9.78025e+06	9.718e+06	9.66e+06	9.3505e+06	
9.822e+06	9.6235e+06	9.784e+06	9.6935e+06	9.5055e+06	
9.8345e+06	9.9695e+06	9.8655e+06	9.844e+06	9.7305e+06	
9.834e+06	9.8635e+06	9.77225e+06	9.74325e+06	9.5365e+06	
9.87875e+06	9.7715e+06	9.78225e+06	9.85975e+06	9.65925e+06	
9.90825e+06	9.88925e+06	9.9605e+06	9.76025e+06	9.6745e+06	
9.82825e+06	9.81e+06	9.7855e+06	9.808e+06	9.5605e+06	
9.856e+06	9.8755e+06	1.00342e+07	9.81175e+06	9.653e+06	
9.82575e+06	9.873e+06	9.85025e+06	9.78025e+06	9.633e+06	
9.95375e+06	9.861e+06	9.65e+06	9.6935e+06	9.568e+06	
9.80875e+06	9.80675e+06	9.74875e+06	9.76575e+06	9.6095e+06	
9.77975e+06	9.6865e+06	9.75075e+06	9.684e+06	9.46075e+06	
9.76575e+06	9.76575e+06	9.67125e+06	9.61025e+06	9.459e+06	
9.771e+06	9.65125e+06	9.69025e+06	9.62725e+06	9.44775e+06	
9.74575e+06	9.72175e+06	9.822e+06	9.62775e+06	9.51625e+06	
9.7035e+06	9.73625e+06	9.8345e+06	9.59875e+06	9.5535e+06	
9.78975e+06	9.7395e+06	9.6895e+06	9.73175e+06	9.4955e+06	
9.7325e+06	9.803e+06	9.76325e+06	9.6215e+06	9.561e+06	
9.78025e+06	9.79725e+06	9.71725e+06	9.672e+06	9.63975e+06	
9.779e+06	9.738e+06	9.72875e+06	9.65425e+06	9.60525e+06	
9.74875e+06	9.74125e+06	9.648e+06	9.7155e+06	9.41425e+06	
9.63225e+06	9.59575e+06	9.58575e+06	9.56925e+06	9.408e+06	
9.66625e+06	9.6965e+06	9.6015e+06	9.55025e+06	9.389e+06	
9.5805e+06	9.65625e+06	9.53025e+06	9.58825e+06	9.353e+06	
9.66575e+06	9.5685e+06	9.60275e+06	9.57925e+06	9.50675e+06	
9.604e+06	9.5145e+06	9.6645e+06	9.50675e+06	9.45325e+06	
9.745e+06	9.65125e+06	9.65375e+06	9.60275e+06	9.3885e+06	
9.58825e+06	9.65125e+06	9.684e+06	9.53775e+06	9.3285e+06	
9.573e+06	9.58175e+06	9.5315e+06	9.46725e+06	9.39475e+06	
9.6355e+06	9.59075e+06	9.658e+06	9.61525e+06	9.47525e+06	
9.413e+06	9.4425e+06	9.5225e+06	9.38075e+06	9.22325e+06	
9.50375e+06	9.44825e+06	9.4975e+06	9.4225e+06	9.3255e+06	
9.4345e+06	9.41675e+06	9.442e+06	9.408e+06	9.24925e+06	
9.39025e+06	9.3405e+06	9.38975e+06	9.4055e+06	9.2845e+06	
9.46525e+06	9.41925e+06	9.41225e+06	9.4565e+06	9.273e+06	
9.55975e+06	9.41925e+06	9.49375e+06	9.36575e+06	9.23525e+06	
9.6165e+06	9.5775e+06	9.5515e+06	9.437e+06	9.333e+06	
9.66e+06	9.5515e+06	9.53025e+06	9.5485e+06	9.357e+06	
9.6745e+06	9.67325e+06	9.6235e+06	9.47275e+06	9.44125e+06	
9.65125e+06	9.587e+06	9.5315e+06	9.45775e+06	9.3285e+06	
9.682e+06	9.71675e+06	9.5535e+06	9.57e+06	9.3865e+06	
9.53525e+06	9.541e+06	9.6215e+06	9.56425e+06	9.493e+06	
9.6695e+06	9.6015e+06	9.51625e+06	9.54525e+06	9.36e+06	
9.6185e+06	9.4665e+06	9.476e+06	9.4395e+06	9.37075e+06	
9.47225e+06	9.498e+06	9.51825e+06	9.481e+06	9.30575e+06	
9.54025e+06	9.5e+06	9.457e+06	9.53325e+06	9.30325e+06	
9.50375e+06	9.5265e+06	9.5655e+06	9.4615e+06	9.224e+06	
9.51625e+06	9.462e+06	9.43625e+06	9.505e+06	9.26625e+06	
9.50625e+06	9.464e+06	9.49925e+06	9.49225e+06	9.24225e+06	
9.40925e+06	9.486e+06	9.4445e+06	9.39725e+06	9.16225e+06	
9.44325e+06	9.39275e+06	9.36625e+06	9.35125e+06	9.2655e+06	
9.4905e+06	9.464e+06	9.374e+06	9.217e+06	9.1125e+06	
9.34675e+06	9.33725e+06	9.30525e+06	9.23525e+06	9.21125e+06	
9.324e+06	9.3505e+06	9.3845e+06	9.2465e+06	9.178e+06	
9.40675e+06	9.285e+06	9.24775e+06	9.20875e+06	9.1345e+06	
9.25475e+06	9.367e+06	9.38775e+06	9.2215e+06	9.0665e+06	
9.36125e+06	9.2485e+06	9.26175e+06	9.1275e+06	8.93775e+06	
9.278e+06	9.222e+06	9.2965e+06	9.19125e+06	9.08475e+06	
9.2505e+06	9.2675e+06	9.2025e+06	9.1275e+06	8.95675e+06	
9.28075e+06	9.28875e+06	9.21125e+06	9.16275e+06	9.05e+06	
9.198e+06	9.3135e+06	9.241e+06	9.22325e+06	9.05375e+06	
9.19875e+06	9.1735e+06	9.23475e+06	9.18875e+06	9.04375e+06	
9.18225e+06	9.2005e+06	9.19625e+06	9.1225e+06	8.9415e+06	
9.229e+06	9.2485e+06	9.2215e+06	9.127e+06	8.97125e+06	
9.21125e+06	9.06375e+06	9.13375e+06	9.00725e+06	8.91825e+06	
9.229e+06	9.2175e+06	9.0715e+06	9.0715e+06	8.91275e+06	
9.05325e+06	9.11125e+06	9.07575e+06	9.0355e+06	8.89125e+06	
9.07275e+06	9.00975e+06	9.02175e+06	8.929e+06	8.7445e+06	
8.999e+06	8.924e+06	8.9485e+06	8.86475e+06	8.75e+06	
8.9915e+06	9.14325e+06	9.01925e+06	8.8705e+06	8.808e+06	
9.125e+06	9.03875e+06	9.069e+06	8.9895e+06	8.9025e+06	
9.052e+06	8.9875e+06	9.096e+06	8.96125e+06	8.7645e+06	
8.93975e+06	8.878e+06	8.8925e+06	8.8035e+06	8.70975e+06	
8.968e+06	8.83375e+06	8.726e+06	8.86725e+06	8.60325e+06	
8.798e+06	8.781e+06	8.721e+06	8.71725e+06	8.5605e+06	
8.80675e+06	8.69975e+06	8.8005e+06	8.6485e+06	8.5055e+06	
8.83075e+06	8.71025e+06	8.67e+06	8.76275e+06	8.629e+06	
8.84525e+06	8.86225e+06	8.7525e+06	8.67625e+06	8.626e+06	
8.78525e+06	8.85525e+06	8.79425e+06	8.643e+06	8.6945e+06	
8.8995e+06	8.77325e+06	8.8585e+06	8.82875e+06	8.65425e+06	
8.9025e+06	8.86275e+06	8.883e+06	8.79175e+06	8.6915e+06	
8.88925e+06	8.83375e+06	8.76325e+06	8.77325e+06	8.72925e+06	
8.7905e+06	8.769e+06	8.81125e+06	8.837e+06	8.71475e+06	
8.79225e+06	8.851e+06	8.80425e+06	8.7815e+06	8.65625e+06	
8.897e+06	8.9625e+06	8.897e+06	8.88675e+06	8.63975e+06	
8.93025e+06	8.95675e+06	8.91e+06	8.88125e+06	8.7425e+06	
8.902e+06	8.84275e+06	8.907e+06	8.776e+06	8.64175e+06	
8.9285e+06	8.924e+06	8.883e+06	8.818e+06	8.626e+06	
8.982e+06	8.91575e+06	8.89625e+06	8.837e+06	8.8445e+06	
8.82375e+06	8.79475e+06	8.7695e+06	8.81625e+06	8.612e+06	
8.842e+06	8.78725e+06	8.84575e+06	8.7155e+06	8.60325e+06	
8.78475e+06	8.7955e+06	8.7545e+06	8.6435e+06	8.5465e+06	
8.81925e+06	8.805e+06	8.78525e+06	8.70025e+06	8.47525e+06	
8.69025e+06	8.745e+06	8.641e+06	8.624e+06	8.605e+06	
8.67875e+06	8.54975e+06	8.546e+06	8.59325e+06	8.5465e+06	
8.692e+06	8.55975e+06	8.665e+06	8.55525e+06	8.41475e+06	
8.5395e+06	8.62975e+06	8.55725e+06	8.54975e+06	8.45075e+06	
8.49175e+06	8.44375e+06	8.49725e+06	8.37125e+06	8.2465e+06	
8.43175e+06	8.4685e+06	8.411e+06	8.35125e+06	8.32025e+06	
8.4815e+06	8.3985e+06	8.341e+06	8.3555e+06	8.191e+06	
8.3435e+06	8.396e+06	8.3435e+06	8.367e+06	8.20375e+06	
8.43e+06	8.27675e+06	8.319e+06	8.22075e+06	8.07025e+06	
8.362e+06	8.246e+06	8.32025e+06	8.266e+06	8.13575e+06	
8.382e+06	8.3185e+06	8.406e+06	8.2245e+06	8.174e+06	
8.362e+06	8.295e+06	8.46275e+06	8.18925e+06	8.1685e+06	
8.309e+06	8.36075e+06	8.40475e+06	8.224e+06	8.113e+06	
8.249e+06	8.229e+06	8.2465e+06	8.09525e+06	7.98075e+06	
8.273e+06	8.1345e+06	8.1715e+06	8.142e+06	8.007e+06	
8.2e+06	8.12625e+06	8.0985e+06	8.02275e+06	7.9295e+06	
8.04375e+06	8.15775e+06	8.2125e+06	8.1425e+06	7.94525e+06	
8.11925e+06	8.0305e+06	8.11175e+06	7.92775e+06	7.88225e+06	
8.14075e+06	8.06e+06	8.10425e+06	7.96425e+06	7.893e+06	
8.0645e+06	8.096e+06	8.07575e+06	7.98875e+06	7.9165e+06	
7.9925e+06	7.97e+06	7.8465e+06	7.92575e+06	7.82875e+06	
8.01775e+06	8.01975e+06	7.94725e+06	7.9215e+06	7.78225e+06	
7.985e+06	7.985e+06	8.0455e+06	7.888e+06	7.82e+06	
8.02225e+06	7.9605e+06	7.9775e+06	7.96425e+06	7.8055e+06	
7.905e+06	7.82e+06	7.92075e+06	7.82175e+06	7.75e+06	
7.95725e+06	7.946e+06	7.86275e+06	7.79425e+06	7.63475e+06	
7.9485e+06	7.91125e+06	7.81625e+06	7.798e+06	7.6165e+06	
7.82625e+06	7.81125e+06	7.81625e+06	7.735e+06	7.63525e+06	
7.78525e+06	7.81125e+06	7.82e+06	7.65175e+06	7.624e+06	
7.92825e+06	7.84325e+06	7.84825e+06	7.796e+06	7.70475e+06	
7.912e+06	7.89375e+06	7.91e+06	7.844e+06	7.612e+06	
7.7715e+06	7.76125e+06	7.752e+06	7.648e+06	7.65175e+06	
7.76075e+06	7.8225e+06	7.72675e+06	7.69325e+06	7.59175e+06	
7.73225e+06	7.723e+06	7.76525e+06	7.76125e+06	7.54075e+06	
7.79025e+06	7.779e+06	7.7135e+06	7.7115e+06	7.498e+06	
7.883e+06	7.7765e+06	7.83625e+06	7.65475e+06	7.593e+06	
7.83625e+06	7.8275e+06	7.832e+06	7.689e+06	7.58125e+06	
7.6575e+06	7.64925e+06	7.764e+06	7.58925e+06	7.58425e+06	
7.74125e+06	7.6965e+06	7.711e+06	7.626e+06	7.5055e+06	
7.64675e+06	7.61825e+06	7.59575e+06	7.619e+06	7.363e+06	
7.70075e+06	7.612e+06	7.6435e+06	7.52375e+06	7.5345e+06	
7.69025e+06	7.62525e+06	7.709e+06	7.70225e+06	7.5445e+06	
7.67375e+06	7.6315e+06	7.641e+06	7.5565e+06	7.49725e+06	
7.743e+06	7.634e+06	7.6335e+06	7.634e+06	7.42225e+06	
7.6605e+06	7.71975e+06	7.65425e+06	7.5105e+06	7.41925e+06	
7.685e+06	7.6435e+06	7.59125e+06	7.4695e+06	7.41025e+06	
7.646e+06	7.67125e+06	7.63525e+06	7.57475e+06	7.5175e+06	
7.6215e+06	7.6e+06	7.50675e+06	7.501e+06	7.45625e+06	
7.60825e+06	7.542e+06	7.48275e+06	7.4375e+06	7.3065e+06	
7.55775e+06	7.51425e+06	7.43875e+06	7.43125e+06	7.39325e+06	
7.4305e+06	7.39325e+06	7.39725e+06	7.38075e+06	7.27175e+06	
7.46025e+06	7.3695e+06	7.3095e+06	7.34725e+06	7.193e+06	
7.377e+06	7.355e+06	7.2605e+06	7.297e+06	7.17725e+06	
7.353e+06	7.35875e+06	7.36175e+06	7.2395e+06	7.188e+06	
7.2775e+06	7.2605e+06	7.321e+06	7.288e+06	7.128e+06	
7.27925e+06	7.20125e+06	7.159e+06	7.23775e+06	7.0675e+06	
7.237e+06	7.1905e+06	7.2515e+06	7.176e+06	7.09725e+06	
7.18925e+06	7.20625e+06	7.2245e+06	7.2e+06	7.07325e+06	
7.15825e+06	7.1185e+06	7.164e+06	7.07775e+06	6.98375e+06	
7.26175e+06	7.2395e+06	7.135e+06	7.2245e+06	7.08525e+06	
7.229e+06	7.2415e+06	7.17225e+06	7.111e+06	7.00575e+06	
7.20375e+06	7.135e+06	7.16325e+06	7.19475e+06	6.99775e+06	
7.1645e+06	7.1255e+06	7.234e+06	7.0845e+06	6.95025e+06	
7.2175e+06	7.14075e+06	7.1105e+06	7.11675e+06	6.8665e+06	
7.12175e+06	7.06875e+06	7.1375e+06	6.9845e+06	6.9215e+06	
7.0335e+06	6.997e+06	7.04425e+06	6.9315e+06	6.97e+06	
7.0335e+06	7.01025e+06	7.0135e+06	6.93075e+06	6.95425e+06	
7.01275e+06	6.857e+06	6.87725e+06	6.94725e+06	6.70025e+06	
6.917e+06	6.8545e+06	6.9265e+06	6.89175e+06	6.82425e+06	
6.8715e+06	6.811e+06	6.83125e+06	6.83325e+06	6.60875e+06	
6.87925e+06	6.72975e+06	6.8225e+06	6.721e+06	6.71725e+06	
6.704e+06	6.8055e+06	6.6965e+06	6.66875e+06	6.6845e+06	
6.7375e+06	6.7015e+06	6.76325e+06	6.6555e+06	6.5975e+06	
6.76375e+06	6.65225e+06	6.66425e+06	6.65675e+06	6.54525e+06	
6.7285e+06	6.6655e+06	6.682e+06	6.5875e+06	6.5105e+06	
6.648e+06	6.61125e+06	6.573e+06	6.62325e+06	6.48775e+06	
6.64725e+06	6.57475e+06	6.549e+06	6.45575e+06	6.42725e+06	
6.53825e+06	6.535e+06	6.629e+06	6.39775e+06	6.40525e+06	
6.467e+06	6.49425e+06	6.4955e+06	6.4285e+06	6.23e+06	
6.49725e+06	6.38525e+06	6.47775e+06	6.43175e+06	6.25725e+06	
6.62575e+06	6.5345e+06	6.43425e+06	6.45575e+06	6.34175e+06	
6.547e+06	6.4355e+06	6.48775e+06	6.44125e+06	6.29875e+06	
6.58225e+06	6.49975e+06	6.493e+06	6.513e+06	6.3845e+06	
6.5275e+06	6.5035e+06	6.50175e+06	6.544e+06	6.38e+06	
6.51875e+06	6.37575e+06	6.397e+06	6.4885e+06	6.32475e+06	
6.53125e+06	6.48225e+06	6.40525e+06	6.309e+06	6.24325e+06	
6.433e+06	6.4765e+06	6.41975e+06	6.3625e+06	6.33525e+06	
6.52e+06	6.54775e+06	6.508e+06	6.498e+06	6.48025e+06	
6.50475e+06	6.4865e+06	6.4885e+06	6.411e+06	6.3455e+06	
6.5105e+06	6.5375e+06	6.4865e+06	6.45875e+06	6.39575e+06	
6.392e+06	6.4455e+06	6.46275e+06	6.37825e+06	6.387e+06	
6.40225e+06	6.42175e+06	6.36175e+06	6.34925e+06	6.17975e+06	
6.43675e+06	6.3675e+06	6.4285e+06	6.3745e+06	6.19925e+06	
6.3775e+06	6.3095e+06	6.372e+06	6.2515e+06	6.2615e+06	
6.32275e+06	6.27175e+06	6.263e+06	6.15325e+06	6.09775e+06	
6.17275e+06	6.058e+06	6.09725e+06	6.1785e+06	6.00125e+06	
5.9245e+06	5.91875e+06	5.8805e+06	5.94225e+06	5.82675e+06	
5.72975e+06	5.75425e+06	5.78775e+06	5.63975e+06	5.61125e+06	
5.583e+06	5.50975e+06	5.607e+06	5.554e+06	5.43175e+06	
5.55325e+06	5.57675e+06	5.51925e+06	5.525e+06	5.443e+06	
5.7505e+06	5.66425e+06	5.598e+06	5.7405e+06	5.55775e+06	
5.72225e+06	5.74925e+06	5.7555e+06	5.6945e+06	5.624e+06	
5.79475e+06	5.82375e+06	5.80975e+06	5.82675e+06	5.6725e+06	
5.9975e+06	5.98375e+06	6.0335e+06	5.925e+06	5.80475e+06	
6.038e+06	6.03225e+06	5.983e+06	5.98875e+06	5.90875e+06	
6.05625e+06	6.10475e+06	6.09325e+06	6.05125e+06	5.9875e+06	
6.09725e+06	6.05175e+06	6.1645e+06	6.13e+06	5.9725e+06	
6.22325e+06	6.11675e+06	6.08825e+06	6.07625e+06	5.9705e+06	
6.1305e+06	6.135e+06	6.1355e+06	6.11925e+06	6.04425e+06	
6.10775e+06	6.2395e+06	6.19725e+06	6.1085e+06	6.058e+06	
6.21875e+06	6.14625e+06	6.19975e+06	6.1155e+06	6.0145e+06	
6.20925e+06	6.13375e+06	6.15325e+06	6.11475e+06	5.98825e+06	
6.15e+06	6.14825e+06	6.17475e+06	6.10275e+06	6.046e+06	
6.2155e+06	6.164e+06	6.121e+06	6.16075e+06	6.07075e+06	
6.22575e+06	6.21625e+06	6.152e+06	6.16325e+06	6.11175e+06	
6.174e+06	6.25525e+06	6.19475e+06	6.1325e+06	6e+06	
6.254e+06	6.1785e+06	6.198e+06	6.1565e+06	6.03975e+06	
6.23325e+06	6.15775e+06	6.16075e+06	6.07825e+06	6.03225e+06	
6.1375e+06	6.157e+06	6.18975e+06	6.11475e+06	5.949e+06	
6.213e+06	6.1665e+06	6.08025e+06	6.0795e+06	6.036e+06	
5.99825e+06	6.0525e+06	6.0095e+06	6.029e+06	5.95525e+06	
6.0845e+06	5.9685e+06	6.0845e+06	6.0775e+06	5.8765e+06	
6.04175e+06	6.06575e+06	6.03025e+06	6.026e+06	5.912e+06	
6.13875e+06	6.0285e+06	6.07625e+06	6.03925e+06	5.96475e+06	
6.09325e+06	6.0815e+06	6.0695e+06	6.04675e+06	5.9025e+06	
6.05125e+06	6.01275e+06	6.135e+06	5.975e+06	5.973e+06	
6.072e+06	6.01775e+06	6.1035e+06	5.985e+06	5.93775e+06	
6.10725e+06	6.065e+06	6.1155e+06	5.925e+06	5.862e+06	
6.0575e+06	6.0815e+06	6.06625e+06	5.99875e+06	5.823e+06	
6.03475e+06	6.0145e+06	5.995e+06	5.9535e+06	5.866e+06	
5.98175e+06	6.026e+06	5.951e+06	5.98825e+06	5.90875e+06	
5.94725e+06	5.9895e+06	5.95275e+06	5.91375e+06	5.915e+06	
5.9775e+06	5.9775e+06	5.932e+06	5.91875e+06	5.86075e+06	
6.019e+06	5.987e+06	6.06375e+06	5.883e+06	5.8855e+06	
5.9345e+06	5.8955e+06	5.973e+06	5.85775e+06	5.801e+06	
5.96475e+06	5.94025e+06	5.94975e+06	5.9075e+06	5.85025e+06	
5.954e+06	5.98625e+06	5.96925e+06	5.864e+06	5.74875e+06	
5.954e+06	5.886e+06	5.973e+06	5.89675e+06	5.84625e+06	
5.932e+06	5.951e+06	5.84325e+06	5.825e+06	5.79975e+06	
5.8495e+06	5.95725e+06	5.97425e+06	5.888e+06	5.7575e+06	
5.9315e+06	5.925e+06	5.88225e+06	5.81925e+06	5.714e+06	
5.89675e+06	5.83e+06	5.8765e+06	5.755e+06	5.67425e+06	
5.8225e+06	5.70275e+06	5.87475e+06	5.86075e+06	5.73975e+06	
5.80925e+06	5.7645e+06	5.83e+06	5.76825e+06	5.714e+06	
5.9e+06	5.80925e+06	5.7695e+06	5.7745e+06	5.71025e+06	
5.77575e+06	5.79025e+06	5.73725e+06	5.64275e+06	5.64725e+06	
5.7525e+06	5.7845e+06	5.789e+06	5.78075e+06	5.70025e+06	
5.72925e+06	5.76375e+06	5.7525e+06	5.743e+06	5.6925e+06	
5.823e+06	5.77325e+06	5.7885e+06	5.72475e+06	5.632e+06	
5.79025e+06	5.78775e+06	5.7985e+06	5.704e+06	5.64525e+06	
5.765e+06	5.71775e+06	5.68875e+06	5.72975e+06	5.61375e+06	
5.82875e+06	5.8475e+06	5.76375e+06	5.67425e+06	5.576e+06	
5.8135e+06	5.72475e+06	5.7305e+06	5.69575e+06	5.634e+06	
5.68375e+06	5.7095e+06	5.7385e+06	5.71775e+06	5.6365e+06	
5.74675e+06	5.6965e+06	5.668e+06	5.65725e+06	5.59e+06	
5.753e+06	5.66925e+06	5.63325e+06	5.69375e+06	5.53375e+06	
5.7965e+06	5.801e+06	5.68325e+06	5.70775e+06	5.63725e+06	
5.6175e+06	5.6775e+06	5.63025e+06	5.5635e+06	5.47825e+06	
5.58675e+06	5.632e+06	5.6365e+06	5.60375e+06	5.54e+06	
5.62075e+06	5.67e+06	5.64025e+06	5.5885e+06	5.52175e+06	
5.64275e+06	5.641e+06	5.661e+06	5.57275e+06	5.57725e+06	
5.581e+06	5.571e+06	5.63775e+06	5.561e+06	5.498e+06	
5.6755e+06	5.65925e+06	5.6025e+06	5.569e+06	5.5155e+06	
5.62275e+06	5.595e+06	5.598e+06	5.569e+06	5.52875e+06	
5.5855e+06	5.52425e+06	5.5635e+06	5.486e+06	5.4335e+06	
5.5785e+06	5.55525e+06	5.56275e+06	5.52375e+06	5.45875e+06	
5.58675e+06	5.578e+06	5.54075e+06	5.47825e+06	5.38375e+06	
5.53825e+06	5.588e+06	5.581e+06	5.54075e+06	5.414e+06	
5.60125e+06	5.5445e+06	5.5375e+06	5.50425e+06	5.5005e+06	
5.593e+06	5.537e+06	5.57675e+06	5.465e+06	5.474e+06	
5.48225e+06	5.4165e+06	5.4595e+06	5.382e+06	5.33275e+06	
5.494e+06	5.544e+06	5.53875e+06	5.518e+06	5.35475e+06	
5.554e+06	5.47075e+06	5.47075e+06	5.48725e+06	5.404e+06	
5.49475e+06	5.455e+06	5.491e+06	5.40325e+06	5.31325e+06	
5.44925e+06	5.37825e+06	5.469e+06	5.44675e+06	5.3365e+06	
5.40525e+06	5.42925e+06	5.4595e+06	5.4165e+06	5.27475e+06	
5.44e+06	5.353e+06	5.31775e+06	5.31825e+06	5.2635e+06	
5.426e+06	5.4135e+06	5.3945e+06	5.37625e+06	5.25275e+06	
5.356e+06	5.394e+06	5.3455e+06	5.39075e+06	5.30325e+06	
5.273e+06	5.30625e+06	5.2495e+06	5.283e+06	5.201e+06	
5.31525e+06	5.31325e+06	5.254e+06	5.28925e+06	5.213e+06	
5.2755e+06	5.1865e+06	5.242e+06	5.13675e+06	5.186e+06	
5.2245e+06	5.24575e+06	5.25025e+06	5.1835e+06	5.181e+06	
5.235e+06	5.215e+06	5.2735e+06	5.21175e+06	5.15075e+06	
5.25025e+06	5.1595e+06	5.184e+06	5.07375e+06	5.155e+06	
5.1665e+06	5.152e+06	5.237e+06	5.18025e+06	5.0775e+06	
5.10275e+06	5.2005e+06	5.135e+06	5.1015e+06	5.04175e+06	
4.9485e+06	4.96675e+06	4.8545e+06	4.937e+06	4.75675e+06	
4.639e+06	4.595e+06	4.61875e+06	4.60425e+06	4.57275e+06	
4.35175e+06	4.3655e+06	4.34725e+06	4.2975e+06	4.28225e+06	
4.2465e+06	4.21175e+06	4.2615e+06	4.17275e+06	4.089e+06	
4.24e+06	4.25725e+06	4.242e+06	4.15375e+06	4.19925e+06	
4.2585e+06	4.23625e+06	4.223e+06	4.29675e+06	4.19925e+06	
4.3005e+06	4.24575e+06	4.293e+06	4.31575e+06	4.21925e+06	
4.30825e+06	4.339e+06	4.2615e+06	4.281e+06	4.237e+06	
4.27925e+06	4.25575e+06	4.26275e+06	4.2955e+06	4.179e+06	
4.33275e+06	4.36925e+06	4.324e+06	4.334e+06	4.21675e+06	
4.3675e+06	4.336e+06	4.356e+06	4.307e+06	4.22175e+06	
4.36425e+06	4.30325e+06	4.29875e+06	4.3175e+06	4.3365e+06	
4.378e+06	4.385e+06	4.3535e+06	4.332e+06	4.25325e+06	
4.49225e+06	4.40275e+06	4.40825e+06	4.4285e+06	4.33775e+06	
4.48525e+06	4.424e+06	4.453e+06	4.4455e+06	4.315e+06	
4.496e+06	4.45625e+06	4.4185e+06	4.4065e+06	4.4475e+06	
4.47325e+06	4.50175e+06	4.54125e+06	4.494e+06	4.4115e+06	
4.51175e+06	4.48575e+06	4.56475e+06	4.4645e+06	4.48075e+06	
4.53175e+06	4.5665e+06	4.53175e+06	4.47275e+06	4.4965e+06	
4.51875e+06	4.474e+06	4.52875e+06	4.506e+06	4.4335e+06	
4.4885e+06	4.55325e+06	4.4865e+06	4.5445e+06	4.34475e+06	
4.43175e+06	4.503e+06	4.48575e+06	4.436e+06	4.40325e+06	
4.49025e+06	4.4795e+06	4.40575e+06	4.4715e+06	4.3875e+06	
4.47775e+06	4.3825e+06	4.3795e+06	4.37875e+06	4.25975e+06	
4.42275e+06	4.407e+06	4.38875e+06	4.34975e+06	4.28875e+06	
4.3965e+06	4.457e+06	4.38575e+06	4.344e+06	4.30175e+06	
4.416e+06	4.4305e+06	4.37125e+06	4.44875e+06	4.266e+06	
4.3145e+06	4.3655e+06	4.382e+06	4.3505e+06	4.2415e+06	
4.424e+06	4.37875e+06	4.37875e+06	4.3755e+06	4.23575e+06	
4.41775e+06	4.4115e+06	4.40825e+06	4.3635e+06	4.312e+06	
4.41725e+06	4.37425e+06	4.4185e+06	4.3385e+06	4.28675e+06	
4.48275e+06	4.47575e+06	4.45125e+06	4.39075e+06	4.41025e+06	
4.4115e+06	4.4185e+06	4.399e+06	4.3795e+06	4.33725e+06	
4.41225e+06	4.484e+06	4.474e+06	4.4525e+06	4.3485e+06	
4.41275e+06	4.37175e+06	4.3655e+06	4.31125e+06	4.293e+06	
4.414e+06	4.3435e+06	4.47e+06	4.40075e+06	4.2715e+06	
4.3725e+06	4.327e+06	4.3415e+06	4.3075e+06	4.25775e+06	
4.227e+06	4.3125e+06	4.276e+06	4.25775e+06	4.1985e+06	
4.33075e+06	4.2875e+06	4.26975e+06	4.206e+06	4.2255e+06	
4.24275e+06	4.30325e+06	4.25725e+06	4.24275e+06	4.126e+06	
4.3e+06	4.22175e+06	4.22625e+06	4.22425e+06	4.099e+06	
4.16325e+06	4.22875e+06	4.1885e+06	4.1765e+06	4.0265e+06	
4.169e+06	4.145e+06	4.15825e+06	4.06175e+06	4.04475e+06	
4.0945e+06	4.16775e+06	4.08825e+06	4.06125e+06	4.0195e+06	
4.07175e+06	4.0945e+06	4.08075e+06	4.07575e+06	3.97225e+06	
4.1425e+06	4.1525e+06	4.109e+06	4.077e+06	3.995e+06	
4.07125e+06	4.09025e+06	4.109e+06	4.053e+06	3.973e+06	
4.063e+06	4.05725e+06	4.05475e+06	4.036e+06	4.0145e+06	
4.02325e+06	4.017e+06	4.01775e+06	4.014e+06	3.93525e+06	
4.007e+06	3.993e+06	4.0555e+06	3.96225e+06	3.98125e+06	
4.06e+06	4.0145e+06	4.0365e+06	4.056e+06	3.94575e+06	
4e+06	4.046e+06	4.039e+06	3.98375e+06	3.93575e+06	
4.019e+06	4.041e+06	4.051e+06	4.05675e+06	3.9565e+06	
4.048e+06	4.0485e+06	4.00875e+06	3.98175e+06	3.94075e+06	
4.02325e+06	3.98125e+06	4.06675e+06	4.01525e+06	3.954e+06	
4.03475e+06	4.06125e+06	4.0625e+06	4.043e+06	3.983e+06	
4.00875e+06	3.98875e+06	4.04725e+06	3.9955e+06	3.9855e+06	
4.05725e+06	4.014e+06	4.03275e+06	3.95275e+06	3.901e+06	
3.94325e+06	4.0075e+06	3.9705e+06	3.968e+06	3.881e+06	
3.96725e+06	3.94525e+06	3.993e+06	3.90675e+06	3.925e+06	
4.0095e+06	3.976e+06	4.00325e+06	3.9345e+06	3.898e+06	
4.00325e+06	3.978e+06	3.92e+06	3.85e+06	3.92325e+06	
4.0195e+06	3.9465e+06	3.971e+06	3.94325e+06	3.95025e+06	
3.915e+06	4.0075e+06	3.9875e+06	3.9245e+06	3.87325e+06	
3.971e+06	3.89925e+06	3.90675e+06	3.91425e+06	3.8715e+06	
3.88225e+06	3.8545e+06	3.859e+06	3.8475e+06	3.82175e+06	
3.92325e+06	3.913e+06	3.864e+06	3.8935e+06	3.9075e+06	
3.89225e+06	3.92875e+06	3.867e+06	3.85325e+06	3.78075e+06	
3.90925e+06	3.9535e+06	3.88025e+06	3.86025e+06	3.76375e+06	
3.83425e+06	3.86525e+06	3.7985e+06	3.855e+06	3.8185e+06	
3.884e+06	3.8375e+06	3.87775e+06	3.896e+06	3.76425e+06	
3.84175e+06	3.8065e+06	3.86275e+06	3.876e+06	3.7555e+06	
3.8035e+06	3.8205e+06	3.79975e+06	3.828e+06	3.7115e+06	
3.79975e+06	3.89975e+06	3.8695e+06	3.85075e+06	3.78075e+06	
3.87275e+06	3.813e+06	3.8525e+06	3.809e+06	3.7315e+06	
3.8135e+06	3.83925e+06	3.818e+06	3.7865e+06	3.67425e+06	
3.83e+06	3.79325e+06	3.765e+06	3.799e+06	3.68625e+06	
3.80725e+06	3.833e+06	3.7285e+06	3.731e+06	3.59725e+06	
3.799e+06	3.77575e+06	3.797e+06	3.7335e+06	3.69e+06	
3.71825e+06	3.73225e+06	3.71325e+06	3.70125e+06	3.59875e+06	
3.734e+06	3.7115e+06	3.678e+06	3.70125e+06	3.605e+06	
3.726e+06	3.6145e+06	3.7335e+06	3.70125e+06	3.586e+06	
3.7045e+06	3.62125e+06	3.588e+06	3.6735e+06	3.6055e+06	
3.6925e+06	3.74175e+06	3.66425e+06	3.6825e+06	3.6055e+06	
3.675e+06	3.6805e+06	3.6295e+06	3.58225e+06	3.60625e+06	
3.5495e+06	3.678e+06	3.5855e+06	3.571e+06	3.5475e+06	
3.622e+06	3.6055e+06	3.6055e+06	3.542e+06	3.4965e+06	
3.5495e+06	3.58725e+06	3.57225e+06	3.54325e+06	3.49525e+06	
3.5765e+06	3.52675e+06	3.56325e+06	3.52625e+06	3.50925e+06	
3.5665e+06	3.54375e+06	3.44925e+06	3.40775e+06	3.41475e+06	
3.404e+06	3.40025e+06	3.431e+06	3.41475e+06	3.3995e+06	
3.34725e+06	3.3465e+06	3.324e+06	3.30825e+06	3.27275e+06	
3.20475e+06	3.2275e+06	3.2565e+06	3.24075e+06	3.179e+06	
3.13675e+06	3.09525e+06	3.107e+06	3.08625e+06	3.036e+06	
3.09125e+06	3.036e+06	3.0705e+06	3.01325e+06	3.03525e+06	
2.98475e+06	2.97175e+06	2.98925e+06	2.9105e+06	2.952e+06	
2.9085e+06	2.90175e+06	2.9105e+06	2.84875e+06	2.78575e+06	
2.845e+06	2.77575e+06	2.84175e+06	2.79325e+06	2.7535e+06	
2.777e+06	2.7335e+06	2.743e+06	2.7555e+06	2.743e+06	
2.74175e+06	2.75925e+06	2.765e+06	2.76175e+06	2.707e+06	
2.726e+06	2.731e+06	2.736e+06	2.74175e+06	2.6365e+06	
2.69425e+06	2.717e+06	2.7655e+06	2.7625e+06	2.6175e+06	
2.7365e+06	2.71075e+06	2.75925e+06	2.712e+06	2.6585e+06	
2.797e+06	2.82975e+06	2.74475e+06	2.74225e+06	2.80025e+06	
2.879e+06	2.8375e+06	2.86825e+06	2.87775e+06	2.81925e+06	
2.95975e+06	2.93575e+06	2.952e+06	2.95725e+06	2.93625e+06	
3.036e+06	3.01075e+06	3.00575e+06	3.027e+06	2.956e+06	
3.058e+06	3.111e+06	3.06675e+06	3.056e+06	3.044e+06	
3.11475e+06	3.107e+06	3.08125e+06	3.08625e+06	3.10525e+06	
3.14175e+06	2.99625e+06	3.07875e+06	3.10575e+06	3.0265e+06	
3.12675e+06	3.0415e+06	3.094e+06	3.0145e+06	3.027e+06	
2.961e+06	2.97475e+06	2.99375e+06	2.973e+06	2.942e+06	
2.9035e+06	2.88225e+06	2.93325e+06	2.89025e+06	2.835e+06	
2.88025e+06	2.92175e+06	2.8375e+06	2.821e+06	2.80025e+06	
2.83625e+06	2.83625e+06	2.869e+06	2.86325e+06	2.816e+06	
2.8475e+06	2.8375e+06	2.80075e+06	2.8015e+06	2.794e+06	
2.83625e+06	2.8165e+06	2.84875e+06	2.82975e+06	2.785e+06	
2.79025e+06	2.78575e+06	2.80975e+06	2.80475e+06	2.76175e+06	
2.78575e+06	2.78375e+06	2.787e+06	2.77e+06	2.74475e+06	
2.82425e+06	2.79025e+06	2.81025e+06	2.76e+06	2.81275e+06	
2.86125e+06	2.78825e+06	2.794e+06	2.7705e+06	2.76175e+06	
2.86575e+06	2.85875e+06	2.80025e+06	2.758e+06	2.75625e+06	
2.82175e+06	2.8205e+06	2.82475e+06	2.79075e+06	2.768e+06	
2.80275e+06	2.811e+06	2.80475e+06	2.83425e+06	2.78775e+06	
2.782e+06	2.746e+06	2.77e+06	2.74225e+06	2.73225e+06	
2.77625e+06	2.77625e+06	2.7705e+06	2.785e+06	2.74925e+06	
2.8065e+06	2.75475e+06	2.746e+06	2.722e+06	2.714e+06	
2.80075e+06	2.76375e+06	2.821e+06	2.76375e+06	2.7195e+06	
2.809e+06	2.7335e+06	2.79575e+06	2.777e+06	2.7095e+06	
2.76425e+06	2.763e+06	2.765e+06	2.6855e+06	2.70575e+06	
2.72025e+06	2.81475e+06	2.75225e+06	2.74975e+06	2.7215e+06	
2.82725e+06	2.8115e+06	2.81475e+06	2.76625e+06	2.70125e+06	
2.79025e+06	2.77575e+06	2.81925e+06	2.7705e+06	2.712e+06	
2.777e+06	2.753e+06	2.75625e+06	2.74175e+06	2.731e+06	
2.78075e+06	2.83175e+06	2.77625e+06	2.74025e+06	2.76675e+06	
2.731e+06	2.743e+06	2.77875e+06	2.7965e+06	2.69625e+06	
2.8135e+06	2.76425e+06	2.78575e+06	2.826e+06	2.76175e+06	
2.881e+06	2.789e+06	2.78825e+06	2.83175e+06	2.789e+06	
2.92175e+06	2.81525e+06	2.78825e+06	2.78325e+06	2.80975e+06	
2.90225e+06	2.86775e+06	2.90925e+06	2.87575e+06	2.79075e+06	
2.92175e+06	2.852e+06	2.90675e+06	2.889e+06	2.8665e+06	
2.901e+06	2.869e+06	2.96025e+06	2.881e+06	2.88775e+06	
2.88475e+06	2.93075e+06	2.9175e+06	2.97475e+06	2.923e+06	
3.02825e+06	2.99925e+06	3.04225e+06	3.00575e+06	2.89425e+06	
2.981e+06	2.94075e+06	2.98175e+06	2.96525e+06	2.9275e+06	
3.03075e+06	3.00875e+06	3.00825e+06	2.99925e+06	2.93875e+06	
2.98175e+06	2.99925e+06	2.981e+06	2.96775e+06	2.927e+06	
2.99625e+06	2.99e+06	2.98225e+06	2.96275e+06	2.90675e+06	
2.96975e+06	3.00825e+06	2.988e+06	2.89675e+06	2.901e+06	
3.0075e+06	2.94075e+06	2.97025e+06	2.9545e+06	2.92825e+06	
2.98625e+06	2.9735e+06	2.94325e+06	2.93125e+06	2.8405e+06	
2.96525e+06	2.89975e+06	2.90675e+06	2.90675e+06	2.862e+06	
2.923e+06	2.93e+06	2.88975e+06	2.91425e+06	2.93375e+06	
3.01325e+06	2.87025e+06	2.98225e+06	2.9125e+06	2.8305e+06	
2.964e+06	2.93575e+06	2.97725e+06	2.9615e+06	2.8665e+06	
3.02275e+06	2.952e+06	3.03025e+06	2.93125e+06	2.857e+06	
2.9545e+06	2.966e+06	2.94275e+06	2.92125e+06	2.86775e+06	
2.9395e+06	2.855e+06	2.88775e+06	2.8835e+06	2.823e+06	
2.89925e+06	2.91925e+06	2.8885e+06	2.8915e+06	2.8595e+06	
2.935e+06	2.89275e+06	2.8935e+06	2.891e+06	2.88225e+06	
2.91375e+06	2.91e+06	2.91625e+06	2.8405e+06	2.8625e+06	
2.9415e+06	2.92575e+06	2.88275e+06	2.867e+06	2.83625e+06	
2.94025e+06	2.92575e+06	2.9105e+06	2.886e+06	2.80775e+06	
2.8745e+06	2.8645e+06	2.92125e+06	2.88475e+06	2.8575e+06	
2.9585e+06	2.88525e+06	2.891e+06	2.96025e+06	2.811e+06	
2.8835e+06	2.89675e+06	2.94275e+06	2.87575e+06	2.81475e+06	
2.87075e+06	2.85625e+06	2.85625e+06	2.9295e+06	2.804e+06	
2.88525e+06	2.94325e+06	2.8475e+06	2.90225e+06	2.8405e+06	
2.90425e+06	2.88025e+06	2.86575e+06	2.8375e+06	2.81975e+06	
2.89275e+06	2.869e+06	2.88975e+06	2.86525e+06	2.8205e+06	
2.86325e+06	2.8545e+06	2.82225e+06	2.83425e+06	2.86e+06	
2.9125e+06	2.9035e+06	2.89225e+06	2.8835e+06	2.84625e+06	
2.92825e+06	2.89425e+06	2.8815e+06	2.92175e+06	2.8745e+06	
2.86825e+06	2.9155e+06	2.944e+06	2.93075e+06	2.84125e+06	
2.92175e+06	2.9225e+06	2.913e+06	2.9005e+06	2.833e+06	
2.88225e+06	2.87525e+06	2.90425e+06	2.8765e+06	2.81475e+06	
2.92425e+06	2.872e+06	2.88775e+06	2.82175e+06	2.80775e+06	
2.889e+06	2.84825e+06	2.818e+06	2.8115e+06	2.8085e+06	
2.843e+06	2.88275e+06	2.92125e+06	2.85625e+06	2.8205e+06	
2.88975e+06	2.88525e+06	2.8665e+06	2.85e+06	2.794e+06	
2.9055e+06	2.9155e+06	2.8545e+06	2.8645e+06	2.82225e+06	
2.886e+06	2.8525e+06	2.864e+06	2.87775e+06	2.7965e+06	
2.8645e+06	2.82925e+06	2.85825e+06	2.835e+06	2.7625e+06	
2.862e+06	2.85375e+06	2.86075e+06	2.85325e+06	2.785e+06	
2.855e+06	2.8425e+06	2.80025e+06	2.82975e+06	2.84375e+06	
2.831e+06	2.8375e+06	2.8475e+06	2.86125e+06	2.75175e+06	
2.79025e+06	2.82225e+06	2.85825e+06	2.82725e+06	2.76925e+06	
2.85125e+06	2.8135e+06	2.857e+06	2.7995e+06	2.7625e+06	
2.8865e+06	2.81275e+06	2.8545e+06	2.81025e+06	2.7535e+06	
2.81975e+06	2.8425e+06	2.7575e+06	2.81225e+06	2.741e+06	
2.76375e+06	2.74025e+06	2.72525e+06	2.79275e+06	2.68375e+06	
2.78775e+06	2.80475e+06	2.74975e+06	2.77325e+06	2.743e+06	
2.80775e+06	2.751e+06	2.76425e+06	2.76175e+06	2.73475e+06	
2.75225e+06	2.7725e+06	2.7605e+06	2.77e+06	2.71275e+06	
2.777e+06	2.76925e+06	2.7775e+06	2.74025e+06	2.7025e+06	
2.7845e+06	2.7965e+06	2.712e+06	2.736e+06	2.637e+06	
2.79025e+06	2.743e+06	2.7435e+06	2.73225e+06	2.61e+06	
2.76375e+06	2.758e+06	2.69125e+06	2.7315e+06	2.69575e+06	
2.7285e+06	2.71575e+06	2.73475e+06	2.746e+06	2.64025e+06	
2.75175e+06	2.7455e+06	2.75475e+06	2.70075e+06	2.6805e+06	
2.73025e+06	2.7115e+06	2.6655e+06	2.6735e+06	2.68175e+06	
2.67175e+06	2.688e+06	2.67225e+06	2.71825e+06	2.67725e+06	
2.72275e+06	2.73475e+06	2.71775e+06	2.7165e+06	2.67225e+06	
2.7315e+06	2.739e+06	2.70325e+06	2.72025e+06	2.66975e+06	
2.7165e+06	2.70325e+06	2.64775e+06	2.6785e+06	2.67475e+06	
2.7435e+06	2.71275e+06	2.7075e+06	2.71275e+06	2.6465e+06	
2.722e+06	2.70875e+06	2.6905e+06	2.68625e+06	2.7045e+06	
2.722e+06	2.668e+06	2.697e+06	2.66975e+06	2.60875e+06	
2.7e+06	2.66475e+06	2.671e+06	2.68675e+06	2.664e+06	
2.632e+06	2.65725e+06	2.6925e+06	2.6785e+06	2.66275e+06	
2.70375e+06	2.69175e+06	2.66025e+06	2.66025e+06	2.58725e+06	
2.6415e+06	2.70625e+06	2.64825e+06	2.63325e+06	2.557e+06	
2.67675e+06	2.613e+06	2.6365e+06	2.6615e+06	2.55575e+06	
2.65025e+06	2.6365e+06	2.632e+06	2.64275e+06	2.586e+06	
2.62875e+06	2.6805e+06	2.634e+06	2.618e+06	2.59175e+06	
2.60175e+06	2.6125e+06	2.6155e+06	2.64575e+06	2.579e+06	
2.5735e+06	2.63575e+06	2.603e+06	2.588e+06	2.53e+06	
2.601e+06	2.6005e+06	2.5885e+06	2.572e+06	2.57475e+06	
2.63825e+06	2.562e+06	2.5835e+06	2.6105e+06	2.5735e+06	
2.557e+06	2.53625e+06	2.5885e+06	2.54375e+06	2.5305e+06	
2.4285e+06	2.46175e+06	2.45675e+06	2.4115e+06	2.4045e+06	
2.228e+06	2.27525e+06	2.24625e+06	2.23125e+06	2.18975e+06	
1.986e+06	1.9665e+06	1.97725e+06	1.978e+06	1.94125e+06	
1.712e+06	1.71075e+06	1.65725e+06	1.6755e+06	1.63575e+06	
1.44225e+06	1.463e+06	1.43275e+06	1.42525e+06	1.44425e+06	
1.30875e+06	1.2495e+06	1.28725e+06	1.26325e+06	1.25375e+06	
1.20975e+06	1.194e+06	1.21975e+06	1.17325e+06	1.1965e+06	
1.225e+06	1.24375e+06	1.23675e+06	1.218e+06	1.23875e+06	
1.33325e+06	1.33275e+06	1.35775e+06	1.33125e+06	1.3345e+06	
1.434e+06	1.4435e+06	1.43475e+06	1.42475e+06	1.42525e+06	
1.50475e+06	1.4965e+06	1.51275e+06	1.49325e+06	1.48125e+06	
1.48825e+06	1.4775e+06	1.50225e+06	1.47875e+06	1.475e+06	
1.46175e+06	1.48775e+06	1.4725e+06	1.50975e+06	1.45225e+06	
1.463e+06	1.47e+06	1.46625e+06	1.439e+06	1.44725e+06	
1.443e+06	1.475e+06	1.48575e+06	1.46175e+06	1.47e+06	
1.48575e+06	1.4915e+06	1.497e+06	1.46375e+06	1.465e+06	
1.509e+06	1.5035e+06	1.51975e+06	1.48125e+06	1.4995e+06	
1.5715e+06	1.5915e+06	1.58275e+06	1.55e+06	1.569e+06	
1.62625e+06	1.598e+06	1.601e+06	1.67475e+06	1.6155e+06	
1.65525e+06	1.7125e+06	1.693e+06	1.68225e+06	1.65325e+06	
1.75975e+06	1.7485e+06	1.76425e+06	1.70575e+06	1.73525e+06	
1.823e+06	1.828e+06	1.802e+06	1.81525e+06	1.802e+06	
1.88075e+06	1.872e+06	1.913e+06	1.8915e+06	1.86575e+06	
1.99125e+06	1.9595e+06	1.9975e+06	1.97925e+06	1.93325e+06	
2.04475e+06	2.0385e+06	2.0295e+06	2.04225e+06	2.005e+06	
2.0945e+06	2.09375e+06	2.078e+06	2.099e+06	2.046e+06	
2.14375e+06	2.10825e+06	2.102e+06	2.1045e+06	2.11975e+06	
2.16625e+06	2.18575e+06	2.21425e+06	2.16325e+06	2.1625e+06	
2.247e+06	2.2275e+06	2.191e+06	2.184e+06	2.19525e+06	
2.2595e+06	2.2375e+06	2.1765e+06	2.218e+06	2.24375e+06	
2.247e+06	2.26025e+06	2.25775e+06	2.25775e+06	2.2225e+06	
2.26775e+06	2.283e+06	2.252e+06	2.2685e+06	2.22925e+06	
2.23e+06	2.257e+06	2.2715e+06	2.24325e+06	2.21925e+06	
2.28175e+06	2.28675e+06	2.2835e+06	2.23375e+06	2.228e+06	
2.33575e+06	2.3195e+06	2.303e+06	2.29475e+06	2.2685e+06	
2.30175e+06	2.28925e+06	2.3195e+06	2.28675e+06	2.24125e+06	
2.28025e+06	2.26025e+06	2.28175e+06	2.2885e+06	2.25525e+06	
2.28175e+06	2.2765e+06	2.2975e+06	2.286e+06	2.25525e+06	
2.27975e+06	2.286e+06	2.25325e+06	2.2685e+06	2.23175e+06	
2.2955e+06	2.2835e+06	2.2565e+06	2.2325e+06	2.24825e+06	
2.2835e+06	2.286e+06	2.23175e+06	2.237e+06	2.21175e+06	
2.25525e+06	2.245e+06	2.296e+06	2.21925e+06	2.2375e+06	
2.296e+06	2.26975e+06	2.26275e+06	2.233e+06	2.2325e+06	
2.27275e+06	2.242e+06	2.22925e+06	2.271e+06	2.2325e+06	
2.23625e+06	2.247e+06	2.2255e+06	2.21975e+06	2.17375e+06	
2.2445e+06	2.22175e+06	2.2185e+06	2.22875e+06	2.201e+06	
2.225e+06	2.259e+06	2.252e+06	2.2325e+06	2.23625e+06	
2.237e+06	2.27525e+06	2.24625e+06	2.199e+06	2.1305e+06	
2.196e+06	2.18975e+06	2.196e+06	2.204e+06	2.172e+06	
2.2305e+06	2.17075e+06	2.18025e+06	2.19225e+06	2.18575e+06	
2.211e+06	2.19975e+06	2.18525e+06	2.21675e+06	2.18775e+06	
2.21475e+06	2.247e+06	2.254e+06	2.172e+06	2.15875e+06	
2.2325e+06	2.2765e+06	2.2015e+06	2.138e+06	2.1525e+06	
2.1815e+06	2.1795e+06	2.17775e+06	2.158e+06	2.1935e+06	
2.184e+06	2.17375e+06	2.18275e+06	2.177e+06	2.1625e+06	
2.17775e+06	2.18325e+06	2.18775e+06	2.158e+06	2.1525e+06	
2.1645e+06	2.211e+06	2.194e+06	2.148e+06	2.12775e+06	
2.1555e+06	2.1625e+06	2.14175e+06	2.141e+06	2.13725e+06	
2.133e+06	2.16325e+06	2.17125e+06	2.1385e+06	2.12475e+06	
2.196e+06	2.162e+06	2.17125e+06	2.12275e+06	2.1575e+06	
2.19525e+06	2.17125e+06	2.16875e+06	2.1335e+06	2.11725e+06	
2.172e+06	2.1525e+06	2.119e+06	2.11475e+06	2.06175e+06	
2.17125e+06	2.1815e+06	2.14425e+06	2.05725e+06	2.10325e+06	
2.15625e+06	2.1725e+06	2.104e+06	2.11025e+06	2.14625e+06	
2.15e+06	2.18575e+06	2.1555e+06	2.1575e+06	2.0845e+06	
2.165e+06	2.11275e+06	2.14675e+06	2.10025e+06	2.0705e+06	
2.12025e+06	2.08575e+06	2.09375e+06	2.0705e+06	2.09825e+06	
2.10275e+06	2.104e+06	2.10525e+06	2.08825e+06	2.0725e+06	
2.13425e+06	2.13225e+06	2.08625e+06	2.11975e+06	2.09e+06	
2.11725e+06	2.116e+06	2.10075e+06	2.10325e+06	2.08175e+06	
2.11725e+06	2.1135e+06	2.109e+06	2.092e+06	2.05475e+06	
2.102e+06	2.1165e+06	2.10025e+06	2.119e+06	2.066e+06	
2.11725e+06	2.1215e+06	2.1185e+06	2.14425e+06	2.068e+06	
2.1355e+06	2.10825e+06	2.099e+06	2.0655e+06	2.08575e+06	
2.1095e+06	2.07125e+06	2.0725e+06	2.05225e+06	2.053e+06	
2.107e+06	2.13175e+06	2.119e+06	2.0845e+06	2.058e+06	
2.1185e+06	2.07125e+06	2.078e+06	2.03325e+06	2.07e+06	
2.0515e+06	2.1015e+06	2.0825e+06	2.061e+06	2.02075e+06	
2.10575e+06	2.09e+06	2.10525e+06	2.0535e+06	2.03325e+06	
2.06175e+06	2.075e+06	2.07925e+06	2.05025e+06	1.998e+06	
2.09075e+06	2.056e+06	2.05975e+06	2.07425e+06	2.056e+06	
2.09775e+06	2.05725e+06	2.08625e+06	2.056e+06	2.03275e+06	
2.03275e+06	2.03725e+06	2.08575e+06	2.056e+06	2.01075e+06	
2.05475e+06	2.02e+06	2.03025e+06	2.0195e+06	2.01325e+06	
2.039e+06	2.073e+06	2.01e+06	2.0435e+06	2.00175e+06	
2.04725e+06	2.0345e+06	2.04275e+06	2.0415e+06	2.0775e+06	
2.06675e+06	2.0175e+06	2.0295e+06	2.051e+06	1.993e+06	
2.04225e+06	2.01375e+06	2.01075e+06	1.998e+06	1.9755e+06	
1.99875e+06	1.99425e+06	2.02575e+06	1.99125e+06	2.003e+06	
1.995e+06	1.9665e+06	2.02075e+06	1.99175e+06	1.92425e+06	
1.966e+06	1.97725e+06	2.003e+06	1.9925e+06	1.94575e+06	
2.0125e+06	1.96775e+06	1.9925e+06	1.988e+06	1.92375e+06	
1.97225e+06	1.995e+06	1.9615e+06	1.9715e+06	1.96025e+06	
1.95825e+06	1.918e+06	1.974e+06	1.961e+06	1.886e+06	
1.94525e+06	1.9445e+06	1.9805e+06	1.9545e+06	1.8985e+06	
1.942e+06	1.9225e+06	1.93e+06	1.93625e+06	1.93825e+06	
1.94525e+06	1.95775e+06	1.925e+06	1.9515e+06	1.92425e+06	
1.93e+06	1.9225e+06	1.92675e+06	1.93825e+06	1.882e+06	
1.93075e+06	1.942e+06	1.90425e+06	1.9395e+06	1.89275e+06	
1.93e+06	1.89725e+06	1.91225e+06	1.9135e+06	1.89925e+06	
1.93125e+06	1.9135e+06	1.9035e+06	1.93075e+06	1.86125e+06	
1.896e+06	1.93125e+06	1.886e+06	1.91925e+06	1.848e+06	
1.92125e+06	1.8645e+06	1.90725e+06	1.87525e+06	1.88475e+06	
1.88525e+06	1.8745e+06	1.91625e+06	1.89975e+06	1.831e+06	
1.86075e+06	1.8695e+06	1.87075e+06	1.8865e+06	1.8165e+06	
1.87025e+06	1.874e+06	1.88025e+06	1.8815e+06	1.83675e+06	
1.85875e+06	1.8575e+06	1.85625e+06	1.8645e+06	1.84e+06	
1.8375e+06	1.84925e+06	1.872e+06	1.87525e+06	1.8255e+06	
1.879e+06	1.85175e+06	1.87025e+06	1.85325e+06	1.84425e+06	
1.869e+06	1.838e+06	1.85625e+06	1.8115e+06	1.81525e+06	
1.86375e+06	1.82675e+06	1.83875e+06	1.83675e+06	1.838e+06	
1.86075e+06	1.82975e+06	1.86575e+06	1.833e+06	1.8235e+06	
1.85875e+06	1.843e+06	1.84925e+06	1.816e+06	1.8045e+06	
1.8505e+06	1.79275e+06	1.821e+06	1.82475e+06	1.775e+06	
1.77875e+06	1.83475e+06	1.8355e+06	1.82925e+06	1.79825e+06	
1.83175e+06	1.81525e+06	1.828e+06	1.78e+06	1.8285e+06	
1.8335e+06	1.821e+06	1.7755e+06	1.79075e+06	1.77625e+06	
1.78625e+06	1.80575e+06	1.79525e+06	1.7965e+06	1.77175e+06	
1.80725e+06	1.7845e+06	1.81275e+06	1.8085e+06	1.80975e+06	
1.8115e+06	1.80325e+06	1.79575e+06	1.79e+06	1.75475e+06	
1.79275e+06	1.78575e+06	1.80575e+06	1.81975e+06	1.76375e+06	
1.804e+06	1.76375e+06	1.78125e+06	1.804e+06	1.78125e+06	
1.7775e+06	1.81025e+06	1.792e+06	1.7915e+06	1.78325e+06	
1.80575e+06	1.7895e+06	1.787e+06	1.8065e+06	1.72775e+06	
1.80025e+06	1.7585e+06	1.78375e+06	1.758e+06	1.753e+06	
1.7705e+06	1.765e+06	1.78875e+06	1.8045e+06	1.7485e+06	
1.76375e+06	1.7295e+06	1.756e+06	1.7485e+06	1.727e+06	
1.758e+06	1.72275e+06	1.729e+06	1.717e+06	1.72575e+06	
1.75475e+06	1.729e+06	1.74675e+06	1.688e+06	1.73475e+06	
1.705e+06	1.741e+06	1.7045e+06	1.74475e+06	1.69925e+06	
1.74475e+06	1.74525e+06	1.71075e+06	1.719e+06	1.70825e+06	
1.71325e+06	1.72525e+06	1.72325e+06	1.70575e+06	1.69e+06	
1.702e+06	1.6855e+06	1.705e+06	1.6785e+06	1.65775e+06	
1.69875e+06	1.70375e+06	1.73525e+06	1.71575e+06	1.6875e+06	
1.71325e+06	1.6705e+06	1.66475e+06	1.65475e+06	1.65975e+06	
1.6585e+06	1.7095e+06	1.66275e+06	1.64325e+06	1.66275e+06	
1.707e+06	1.6755e+06	1.65775e+06	1.67425e+06	1.6705e+06	
1.68225e+06	1.678e+06	1.6565e+06	1.6735e+06	1.63625e+06	
1.69625e+06	1.64075e+06	1.6755e+06	1.66925e+06	1.6035e+06	
1.6755e+06	1.6415e+06	1.698e+06	1.6705e+06	1.6515e+06	
1.64825e+06	1.647e+06	1.64775e+06	1.6735e+06	1.6465e+06	
1.642e+06	1.64775e+06	1.65525e+06	1.6155e+06	1.61375e+06	
1.644e+06	1.64275e+06	1.6635e+06	1.64075e+06	1.613e+06	
1.618e+06	1.6105e+06	1.639e+06	1.6395e+06	1.64075e+06	
1.6415e+06	1.65075e+06	1.659e+06	1.62625e+06	1.603e+06	
1.62325e+06	1.6615e+06	1.62875e+06	1.65075e+06	1.637e+06	
1.61125e+06	1.63e+06	1.635e+06	1.627e+06	1.5815e+06	
1.63075e+06	1.66775e+06	1.64575e+06	1.62825e+06	1.60675e+06	
1.632e+06	1.642e+06	1.598e+06	1.59475e+06	1.63325e+06	
1.618e+06	1.6345e+06	1.63575e+06	1.64075e+06	1.60675e+06	
1.6105e+06	1.60675e+06	1.62325e+06	1.613e+06	1.57075e+06	
1.637e+06	1.6035e+06	1.62125e+06	1.601e+06	1.59225e+06	
1.62325e+06	1.6225e+06	1.608e+06	1.60175e+06	1.59975e+06	
1.61375e+06	1.60875e+06	1.608e+06	1.5745e+06	1.57275e+06	
1.6005e+06	1.6325e+06	1.58775e+06	1.5715e+06	1.56075e+06	
1.579e+06	1.5935e+06	1.5765e+06	1.56525e+06	1.54875e+06	
1.557e+06	1.574e+06	1.5865e+06	1.55875e+06	1.53925e+06	
1.5815e+06	1.56325e+06	1.54875e+06	1.5545e+06	1.52675e+06	
1.55625e+06	1.535e+06	1.53875e+06	1.5455e+06	1.5185e+06	
1.53625e+06	1.5745e+06	1.52975e+06	1.5355e+06	1.52975e+06	
1.552e+06	1.55625e+06	1.54175e+06	1.511e+06	1.51525e+06	
1.533e+06	1.49775e+06	1.5545e+06	1.51525e+06	1.485e+06	
1.51025e+06	1.53125e+06	1.54825e+06	1.5065e+06	1.4915e+06	
1.56325e+06	1.50975e+06	1.52175e+06	1.54625e+06	1.5115e+06	
1.5205e+06	1.48775e+06	1.4895e+06	1.50975e+06	1.49325e+06	
1.489e+06	1.50775e+06	1.5305e+06	1.50025e+06	1.4605e+06	
1.50725e+06	1.4845e+06	1.4575e+06	1.48825e+06	1.463e+06	
1.48075e+06	1.49275e+06	1.48575e+06	1.47125e+06	1.4575e+06	
1.47075e+06	1.487e+06	1.4575e+06	1.46875e+06	1.4625e+06	
1.453e+06	1.4315e+06	1.458e+06	1.43275e+06	1.4095e+06	
1.397e+06	1.434e+06	1.42525e+06	1.38125e+06	1.397e+06	
1.3925e+06	1.385e+06	1.40125e+06	1.4145e+06	1.39575e+06	
1.3755e+06	1.3825e+06	1.35525e+06	1.3655e+06	1.3485e+06	
1.3755e+06	1.3635e+06	1.385e+06	1.359e+06	1.361e+06	
1.33775e+06	1.337e+06	1.3755e+06	1.3465e+06	1.347e+06	
1.3295e+06	1.32575e+06	1.31e+06	1.32825e+06	1.31425e+06	
1.32375e+06	1.32625e+06	1.3395e+06	1.313e+06	1.31875e+06	
1.32125e+06	1.33125e+06	1.33125e+06	1.291e+06	1.30425e+06	
1.31375e+06	1.28025e+06	1.31625e+06	1.274e+06	1.26025e+06	
1.281e+06	1.26825e+06	1.2735e+06	1.274e+06	1.26075e+06	
1.267e+06	1.274e+06	1.2645e+06	1.269e+06	1.2645e+06	
1.28925e+06	1.29175e+06	1.281e+06	1.288e+06	1.25775e+06	
1.2765e+06	1.3105e+06	1.25375e+06	1.2815e+06	1.271e+06	
1.25e+06	1.29175e+06	1.29675e+06	1.267e+06	1.23e+06	
1.27025e+06	1.2665e+06	1.2715e+06	1.25325e+06	1.2525e+06	
1.301e+06	1.25825e+06	1.28975e+06	1.267e+06	1.25325e+06	
1.28225e+06	1.27725e+06	1.28025e+06	1.264e+06	1.2375e+06	
1.2735e+06	1.27775e+06	1.27975e+06	1.25825e+06	1.264e+06	
1.24875e+06	1.2695e+06	1.26825e+06	1.28975e+06	1.264e+06	
1.2475e+06	1.267e+06	1.2835e+06	1.24e+06	1.2425e+06	
1.2815e+06	1.284e+06	1.27225e+06	1.2735e+06	1.25e+06	
1.26825e+06	1.29475e+06	1.288e+06	1.267e+06	1.26275e+06	
1.32325e+06	1.29175e+06	1.3275e+06	1.2905e+06	1.3025e+06	
1.33775e+06	1.344e+06	1.3195e+06	1.32625e+06	1.2935e+06	
1.31425e+06	1.30625e+06	1.3245e+06	1.327e+06	1.29675e+06	
1.30875e+06	1.3275e+06	1.33e+06	1.317e+06	1.24875e+06	
1.29425e+06	1.32e+06	1.308e+06	1.325e+06	1.2665e+06	
1.30675e+06	1.276e+06	1.2695e+06	1.2425e+06	1.2785e+06	
1.2785e+06	1.259e+06	1.2445e+06	1.22875e+06	1.25375e+06	
1.18275e+06	1.1645e+06	1.20275e+06	1.1915e+06	1.1815e+06	
1.21725e+06	1.189e+06	1.19525e+06	1.16e+06	1.1575e+06	
1.1865e+06	1.17125e+06	1.1745e+06	1.18275e+06	1.1815e+06	
1.24825e+06	1.21725e+06	1.19775e+06	1.192e+06	1.17075e+06	
1.23e+06	1.228e+06	1.21675e+06	1.24575e+06	1.23175e+06	
1.25775e+06	1.2715e+06	1.2525e+06	1.23175e+06	1.252e+06	
1.27025e+06	1.27975e+06	1.264e+06	1.259e+06	1.21725e+06	
1.26575e+06	1.267e+06	1.27775e+06	1.264e+06	1.27225e+06	
1.27275e+06	1.2815e+06	1.28925e+06	1.284e+06	1.23175e+06	
1.2525e+06	1.29925e+06	1.2885e+06	1.2565e+06	1.2645e+06	
1.2765e+06	1.26075e+06	1.269e+06	1.2645e+06	1.2205e+06	
1.26775e+06	1.30875e+06	1.291e+06	1.23925e+06	1.2325e+06	
1.27275e+06	1.27225e+06	1.30175e+06	1.2885e+06	1.23425e+06	
1.308e+06	1.30625e+06	1.3025e+06	1.27725e+06	1.26825e+06	
1.25e+06	1.2645e+06	1.2765e+06	1.262e+06	1.271e+06	
1.2595e+06	1.259e+06	1.24575e+06	1.2445e+06	1.2325e+06	
1.22625e+06	1.2275e+06	1.24625e+06	1.22925e+06	1.23625e+06	
1.26775e+06	1.2205e+06	1.25575e+06	1.2085e+06	1.223e+06	
1.24875e+06	1.2185e+06	1.204e+06	1.213e+06	1.1985e+06	
1.24875e+06	1.2155e+06	1.218e+06	1.20775e+06	1.20475e+06	
1.21425e+06	1.22175e+06	1.2035e+06	1.223e+06	1.19475e+06	
1.21425e+06	1.22625e+06	1.194e+06	1.21675e+06	1.1815e+06	
1.21975e+06	1.21975e+06	1.24375e+06	1.1965e+06	1.2235e+06	
1.20775e+06	1.20275e+06	1.218e+06	1.22875e+06	1.21425e+06	
1.223e+06	1.221e+06	1.21975e+06	1.192e+06	1.1985e+06	
1.247e+06	1.22175e+06	1.23925e+06	1.235e+06	1.206e+06	
1.23175e+06	1.233e+06	1.2255e+06	1.199e+06	1.19525e+06	
1.22225e+06	1.22625e+06	1.23175e+06	1.218e+06	1.21175e+06	
1.24625e+06	1.20225e+06	1.21725e+06	1.223e+06	1.18275e+06	
1.216e+06	1.2355e+06	1.21475e+06	1.19975e+06	1.21425e+06	
1.23925e+06	1.17625e+06	1.19025e+06	1.18575e+06	1.1865e+06	
1.2065e+06	1.18075e+06	1.20475e+06	1.2015e+06	1.19725e+06	
1.225e+06	1.20275e+06	1.228e+06	1.206e+06	1.19775e+06	
1.1865e+06	1.19475e+06	1.24e+06	1.2035e+06	1.21975e+06	
1.1865e+06	1.221e+06	1.19725e+06	1.20725e+06	1.184e+06	
1.19775e+06	1.2065e+06	1.2135e+06	1.204e+06	1.2015e+06	
1.21425e+06	1.19775e+06	1.225e+06	1.1915e+06	1.2135e+06	
1.1845e+06	1.18825e+06	1.22225e+06	1.2205e+06	1.1845e+06	
1.20775e+06	1.2235e+06	1.211e+06	1.184e+06	1.182e+06	
1.22425e+06	1.20775e+06	1.21975e+06	1.211e+06	1.199e+06	
1.2135e+06	1.194e+06	1.2255e+06	1.2255e+06	1.20025e+06	
1.23425e+06	1.2035e+06	1.225e+06	1.2155e+06	1.20525e+06	
1.187e+06	1.2105e+06	1.20225e+06	1.21225e+06	1.2085e+06	
1.2085e+06	1.1965e+06	1.21675e+06	1.19025e+06	1.18575e+06	
1.2105e+06	1.211e+06	1.21475e+06	1.20025e+06	1.19775e+06	
1.20275e+06	1.218e+06	1.23e+06	1.20225e+06	1.20725e+06	
1.218e+06	1.23425e+06	1.225e+06	1.20725e+06	1.211e+06	
1.22225e+06	1.20975e+06	1.221e+06	1.177e+06	1.199e+06	
1.165e+06	1.2015e+06	1.199e+06	1.2185e+06	1.18275e+06	
1.2135e+06	1.23925e+06	1.19475e+06	1.18325e+06	1.206e+06	
1.2235e+06	1.19475e+06	1.20225e+06	1.211e+06	1.19475e+06	
1.196e+06	1.21175e+06	1.2035e+06	1.177e+06	1.19525e+06	
1.20725e+06	1.206e+06	1.18775e+06	1.2375e+06	1.1915e+06	
1.22625e+06	1.2205e+06	1.21425e+06	1.228e+06	1.18325e+06	
1.213e+06	1.22675e+06	1.1985e+06	1.213e+06	1.19025e+06	
1.1965e+06	1.1845e+06	1.206e+06	1.16625e+06	1.187e+06	
1.21425e+06	1.199e+06	1.2065e+06	1.177e+06	1.192e+06	
1.206e+06	1.16e+06	1.20225e+06	1.201e+06	1.165e+06	
1.1915e+06	1.18575e+06	1.23425e+06	1.19075e+06	1.18525e+06	
1.20225e+06	1.21925e+06	1.17625e+06	1.19325e+06	1.16175e+06	
1.2065e+06	1.19325e+06	1.16875e+06	1.204e+06	1.1745e+06	
1.189e+06	1.184e+06	1.1965e+06	1.2185e+06	1.16575e+06	
1.19525e+06	1.19325e+06	1.19075e+06	1.17625e+06	1.163e+06	
1.19775e+06	1.16875e+06	1.19025e+06	1.18275e+06	1.163e+06	
1.192e+06	1.1965e+06	1.1915e+06	1.175e+06	1.1985e+06	
1.1815e+06	1.1915e+06	1.1725e+06	1.17625e+06	1.167e+06	
1.1725e+06	1.1915e+06	1.17125e+06	1.16625e+06	1.16625e+06	
1.1555e+06	1.16375e+06	1.209e+06	1.15875e+06	1.13975e+06	
1.15925e+06	1.16875e+06	1.187e+06	1.17075e+06	1.14875e+06	
1.148e+06	1.14225e+06	1.18275e+06	1.17075e+06	1.1675e+06	
1.17375e+06	1.1675e+06	1.15675e+06	1.155e+06	1.143e+06	
1.172e+06	1.16125e+06	1.15625e+06	1.14475e+06	1.17125e+06	
1.14475e+06	1.16375e+06	1.16e+06	1.19775e+06	1.13675e+06	
1.177e+06	1.15875e+06	1.17075e+06	1.1625e+06	1.15875e+06	
1.15e+06	1.1555e+06	1.17575e+06	1.18525e+06	1.1405e+06	
1.16625e+06	1.17575e+06	1.20975e+06	1.187e+06	1.1575e+06	
1.192e+06	1.16125e+06	1.17375e+06	1.16575e+06	1.15125e+06	
1.1845e+06	1.155e+06	1.13925e+06	1.15925e+06	1.104e+06	
1.1355e+06	1.14225e+06	1.15125e+06	1.1455e+06	1.12725e+06	
1.15425e+06	1.14475e+06	1.1625e+06	1.14175e+06	1.11325e+06	
1.15625e+06	1.117e+06	1.138e+06	1.16825e+06	1.11775e+06	
1.1645e+06	1.17125e+06	1.16125e+06	1.13725e+06	1.1235e+06	
1.1405e+06	1.15425e+06	1.13925e+06	1.148e+06	1.11025e+06	
1.15875e+06	1.158e+06	1.141e+06	1.1435e+06	1.15925e+06	
1.163e+06	1.1405e+06	1.143e+06	1.1405e+06	1.14225e+06	
1.12225e+06	1.11525e+06	1.107e+06	1.13725e+06	1.0995e+06	
1.114e+06	1.0855e+06	1.08825e+06	1.124e+06	1.0755e+06	
1.12475e+06	1.12025e+06	1.109e+06	1.083e+06	1.097e+06	
1.11075e+06	1.10325e+06	1.12725e+06	1.07925e+06	1.11275e+06	
1.1145e+06	1.10075e+06	1.1235e+06	1.12475e+06	1.0685e+06	
1.1065e+06	1.11325e+06	1.095e+06	1.1e+06	1.114e+06	
1.1065e+06	1.107e+06	1.11975e+06	1.13025e+06	1.0945e+06	
1.12025e+06	1.08675e+06	1.08375e+06	1.11975e+06	1.1265e+06	
1.10325e+06	1.0855e+06	1.114e+06	1.1165e+06	1.10075e+06	
1.09125e+06	1.112e+06	1.10575e+06	1.09875e+06	1.1e+06	
1.1315e+06	1.1095e+06	1.11975e+06	1.10575e+06	1.11525e+06	
1.10525e+06	1.12275e+06	1.0975e+06	1.09575e+06	1.12275e+06	
1.0945e+06	1.10775e+06	1.11275e+06	1.095e+06	1.09e+06	
1.0755e+06	1.10825e+06	1.08e+06	1.104e+06	1.0855e+06	
1.06975e+06	1.08375e+06	1.07675e+06	1.04725e+06	1.0465e+06	
1.04975e+06	1.03325e+06	1.0435e+06	1.06175e+06	1.03775e+06	
1.04775e+06	1.01625e+06	1.02125e+06	1.01875e+06	1.03525e+06	
1.0435e+06	1.05525e+06	1.01625e+06	1.0265e+06	1.01125e+06	
1.054e+06	1.05925e+06	1.04525e+06	1.03575e+06	1.01125e+06	
1.06925e+06	1.04725e+06	1.04225e+06	1.06675e+06	1.06225e+06	
1.058e+06	1.0685e+06	1.05975e+06	1.0975e+06	1.0515e+06	
1.049e+06	1.0395e+06	1.04975e+06	1.08625e+06	1.039e+06	
1.056e+06	1.06425e+06	1.05475e+06	1.08375e+06	1.066e+06	
1.07375e+06	1.075e+06	1.0605e+06	1.08625e+06	1.0635e+06	
1.08875e+06	1.04275e+06	1.06175e+06	1.09e+06	1.078e+06	
1.07675e+06	1.095e+06	1.063e+06	1.083e+06	1.07375e+06	
1.06725e+06	1.0855e+06	1.0655e+06	1.04725e+06	1.061e+06	
1.1e+06	1.06475e+06	1.07175e+06	1.06475e+06	1.05225e+06	
1.08375e+06	1.07175e+06	1.0705e+06	1.08125e+06	1.0535e+06	
1.071e+06	1.06675e+06	1.0685e+06	1.078e+06	1.0755e+06	
1.0635e+06	1.083e+06	1.07675e+06	1.08675e+06	1.066e+06	
1.04775e+06	1.11575e+06	1.06675e+06	1.0515e+06	1.03825e+06	
1.07425e+06	1.05025e+06	1.05725e+06	1.06675e+06	1.07675e+06	
1.085e+06	1.075e+06	1.05675e+06	1.03825e+06	1.05225e+06	
1.06975e+06	1.0485e+06	1.0775e+06	1.034e+06	1.03525e+06	
1.0635e+06	1.06425e+06	1.0635e+06	1.0435e+06	1.04975e+06	
1.04775e+06	1.08675e+06	1.0585e+06	1.05225e+06	1.08375e+06	
1.0535e+06	1.07425e+06	1.054e+06	1.051e+06	1.027e+06	
1.058e+06	1.054e+06	1.03575e+06	1.037e+06	1.05025e+06	
1.054e+06	1.03575e+06	1.063e+06	1.061e+06	1.03525e+06	
1.0585e+06	1.0345e+06	1.03325e+06	1.05475e+06	1.01125e+06	
1.0415e+06	1.051e+06	1.03075e+06	1.04775e+06	1.0345e+06	
1.03825e+06	1.0485e+06	1.02575e+06	1.03825e+06	1.01e+06	
1.0225e+06	1.01825e+06	1.0345e+06	1.03025e+06	1.05525e+06	
1.05475e+06	1.0585e+06	1.03525e+06	1.05225e+06	1.034e+06	
1.061e+06	1.054e+06	1.0295e+06	1.0315e+06	1.012e+06	
1.05225e+06	1.0195e+06	1.02575e+06	1.039e+06	1.02375e+06	
1.037e+06	1.061e+06	1.04725e+06	1.046e+06	1.025e+06	
1.049e+06	1.04475e+06	1.04525e+06	1.06675e+06	1.0175e+06	
1.0415e+06	1.04475e+06	1.03775e+06	1.03275e+06	1.012e+06	
1.032e+06	1.02825e+06	1.03025e+06	1.01325e+06	1.0125e+06	
1.00625e+06	1.044e+06	1.02325e+06	1.012e+06	975250	
1.00875e+06	1.0295e+06	1.03275e+06	1.0435e+06	1.01125e+06	
1.0055e+06	1.01375e+06	991000	1.00675e+06	994750	
989250	976000	988500	966000	1.00625e+06	
953250	959000	964750	956500	976000	
969000	972750	957750	964750	965250	
974000	1.00875e+06	983500	1.00425e+06	972750	
991750	990500	991750	988500	986000	
1.00625e+06	1.012e+06	985500	976500	966500	
983000	982250	1.0125e+06	996250	974000	
988500	991750	985500	991000	980500	
1.0175e+06	993000	1.0145e+06	1.00625e+06	993000	
963250	971500	1e+06	974000	1.00175e+06	
1.0145e+06	987250	995500	979750	994750	
1.0055e+06	1.00625e+06	1.00125e+06	1.012e+06	996250	
985500	1e+06	977750	1.00425e+06	970250	
977250	994250	988500	976500	989250	
984250	993500	1.01625e+06	976000	991000	
992250	1.01e+06	1.0195e+06	981000	996250	
984250	988000	979000	994750	959000	
962750	984750	980500	976000	960250	
989750	1.0025e+06	966500	969750	964750	
969750	972750	998000	988000	965250	
984750	989750	992250	990500	988000	
996250	979000	978500	963250	957000	
975250	977250	966500	972750	971500	
1e+06	979750	969750	971000	964750	
973500	964000	991750	938750	955250	
979750	994750	969750	955250	969000	
970250	971000	959000	932500	974750	
967750	991000	969750	943750	958250	
950750	963250	963250	965250	950750	
967750	950750	948250	987250	976500	
943250	945750	933000	950250	930500	
969000	976500	959500	965250	944500	
957750	956500	964750	978500	947500	
962750	946250	945000	917250	946250	
946250	943750	967750	959500	913000	
943750	943750	951500	943750	938750	
960750	964750	962000	935000	954500	
960250	934500	950750	962750	938750	
946250	938250	962750	946250	939500	
960750	928000	928750	957000	933750	
942000	931750	934500	945750	920500	
956500	939500	953250	937500	918000	
930000	934500	945000	928750	904250	
945750	948750	942500	925500	937000	
937500	917250	935750	919250	925500	
931750	924250	944500	921250	925000	
929250	934500	932500	904750	930000	
920000	921750	923750	926750	901500	
914750	913000	931250	913500	919250	
923750	922500	943750	909250	913500	
935750	925500	935750	929250	932500	
937000	937000	897250	920000	911000	
908500	934500	928000	892750	921750	
942500	914750	923000	916750	887750	
874000	889750	902750	918000	892750	
898500	897250	896000	896500	907250	
891500	894000	917250	920000	925500	
918000	911750	916000	920000	902750	
921250	901000	912250	899000	898500	
910500	908500	911000	894750	912250	
901500	909750	905500	899000	911000	
901500	908000	923750	889750	916000	
899750	914250	902750	913500	889750	
894000	895250	893500	892750	910500	
873250	905500	910500	923750	885750	
892750	898500	912250	904250	887750	
872500	887000	896500	899750	886500	
897250	879000	889750	871250	887000	
885250	901000	891500	903500	862000	
881500	904750	887000	879000	867500	
867000	872500	885750	866250	897250	
870750	877000	887750	877000	875250	
903500	860000	879500	868750	856750	
859500	885250	887750	855000	868250	
868750	864500	872000	910500	880750	
878250	858250	879000	874000	875750	
881500	884500	880750	883250	867000	
874000	884500	874500	890250	879500	
879500	887000	865750	877000	856250	
877750	869500	851750	868250	856250	
856250	855000	870000	863750	852500	
877750	870750	860000	853750	878250	
872500	884500	851750	841750	859500	
860750	859500	850000	846750	856250	
843000	845500	864500	852500	836000	
848750	875750	849250	847500	864500	
845500	856250	862000	839750	863750	
833000	860750	828000	830500	840500	
847500	828000	863250	868250	850000	
852500	834750	838000	845500	850000	
846250	851250	849250	843000	858250	
824750	833500	841750	856750	850000	
848750	829750	832250	838500	828500	
829250	837250	837250	822250	820250	
845500	828000	831000	833500	825250	
816000	818500	816500	839750	817250	
833000	821000	835500	822750	809000	
818500	816500	851750	808250	832250	
806500	787500	804000	826500	804500	
805750	813500	833500	790750	792000	
824750	807000	825250	793750	815250	
807000	793250	802000	790750	806500	
790750	785000	805250	804500	805250	
800250	807000	806500	801500	797750	
805750	800750	795750	809500	791250	
810250	782500	808250	799000	787000	
804000	798250	795000	774250	785000	
787000	776750	768000	775000	773000	
790750	761000	800250	752250	790750	
778000	770500	774250	768750	759750	
787000	785750	761750	778750	800250	
786250	797000	774250	768750	779250	
785000	795000	794500	768000	788250	
780500	775000	769250	776750	770500	
782000	775500	766250	777500	782000	
783750	769250	752250	781250	778000	
771250	797750	778750	748500	783750	
775500	797000	767500	789500	761750	
776750	776750	783750	771250	771750	
777500	771750	763500	763000	791250	
783750	775000	778000	764750	775500	
787500	795750	782500	782500	800250	
774250	800250	782000	778750	778750	
777500	810250	822750	791250	785000	
798250	805250	785000	802000	786250	
806500	798250	797000	773000	798250	
817250	808250	776750	797000	780500	
797750	818500	805250	800250	804000	
807000	809500	792000	795000	785750	
787000	792000	788250	819000	819000	
787500	779250	805250	817250	799500	
788750	795750	806500	792500	808250	
775500	792000	784500	817250	782500	
799000	792500	796500	782000	787000	
792500	787500	778000	781250	770000	
784500	787500	755500	762250	782500	
762250	799500	792500	784500	795750	
784500	793750	771250	783750	770500	
746000	765500	770000	772500	781250	
784500	774250	751750	761000	763000	
764750	770500	782000	788250	756750	
779250	771250	778000	771250	760500	
766250	756000	744750	751000	746500	
768750	779250	751750	759250	766250	
756000	761000	777500	756000	747750	
759250	753000	767500	729000	757250	
770000	752250	755500	761000	741500	
759750	742250	750500	753500	756000	
756000	749750	758500	752250	757250	
762250	749750	753000	768750	760500	
782500	759250	755500	780000	758000	
765500	776750	787000	759750	763500	
765500	771750	780500	773750	764750	
747250	759250	767500	770500	770500	
776750	740250	754250	772500	759250	
746500	753500	779250	765500	758000	
734000	777500	741000	761750	757250	
754250	753500	749000	763500	747750	
729000	761000	759250	745250	744000	
758500	744000	748500	747750	759750	
744750	742250	739750	760500	739000	
748500	732750	743500	752250	742750	
756000	741000	749750	766250	754250	
744750	733250	737250	744000	741000	
737250	737250	741000	737750	736500	
744000	766750	737750	754250	754750	
744750	732750	752250	725250	745250	
742250	751000	758000	729500	741000	
751750	736000	749000	744750	749750	
754250	736500	749750	742750	730750	
732000	744750	766750	743500	758000	
742750	745250	737750	747750	729000	
732750	730750	753000	739000	743500	
738500	736000	747250	745250	744000	
754750	743500	742750	742750	739750	
745250	755500	742250	744750	747750	
749000	754250	742750	758000	729500	
759250	752250	746500	771250	744750	
746000	741000	766750	751750	757250	
742750	751000	740250	741500	744000	
747750	773000	740250	740250	726500	
749750	756000	763000	729000	760500	
768750	751750	753500	763500	741500	
759750	733250	764750	782500	729000	
750500	749750	749000	751000	748500	
747750	741500	730250	766750	742250	
741500	739750	763000	737250	744000	
749750	757250	757250	734500	733250	
750500	720750	742750	741500	743500	
755500	749000	741000	742250	714500	
737750	734500	739000	725750	732750	
746000	741500	732750	737750	741000	
742750	759250	754250	731500	733250	
756750	715750	729000	727000	730750	
741500	739750	749750	741500	737750	
731500	751750	715750	728250	739000	
747250	728250	717500	730250	738500	
725250	741000	734500	720750	753500	
732000	722000	729500	720250	741000	
715750	724000	746500	730750	740250	
728250	728250	720750	723250	742250	
724000	734500	765500	739000	738500	
729000	719500	726500	720750	723250	
739000	725250	741500	720250	739750	
738500	704500	733250	727000	717500	
714500	715750	734500	714500	715000	
701750	729000	698750	704500	710750	
718250	725250	715750	722000	700500	
718250	721500	714500	722750	712500	
709500	700000	723250	693750	715000	
715000	712000	710000	717500	721500	
688500	703000	708250	700000	703000	
714500	720250	720750	698750	720750	
698000	696750	712500	698750	705000	
715000	690000	691750	700500	701250	
721500	681000	677250	696250	683000	
689250	683000	686750	698750	683000	
678500	700000	686750	701750	694250	
710750	697500	696250	684250	692500	
686000	663500	684750	666500	683000	
680500	680500	671000	683000	681750	
696250	696750	681000	675500	672750	
675500	672250	666000	669750	658500	
662750	674750	669000	676000	669750	
679250	660250	654500	662250	655250	
669000	662750	676750	678000	679750	
661500	662250	652750	655250	657750	
645250	661000	680500	663500	645250	
680500	666000	639500	669000	655750	
672250	664000	654500	659750	660250	
655750	659000	657000	666500	667250	
682250	655750	646500	655250	665250	
683000	656500	662750	656500	664000	
664000	676750	673500	664750	652750	
669750	649500	634500	664750	640000	
652750	667250	657000	676000	671000	
648250	670250	663500	665250	654000	
670250	655750	665250	657000	682250	
683500	645750	666500	664750	632500	
650750	672250	647000	663500	660250	
659000	666000	668500	665250	667750	
660250	641250	649000	645250	639500	
659000	647750	667750	661000	664750	
664000	689250	659750	666000	670250	
659000	666000	673500	654000	661500	
662250	667750	660250	661500	669000	
672750	658500	671000	670250	677250	
663500	678000	657750	667750	666000	
686000	672250	673500	669000	662750	
666000	679250	667750	671000	657000	
673500	656500	676750	673500	686000	
681750	659000	672750	683000	667250	
666500	680500	678000	680500	660250	
662750	672250	669000	658500	659000	
688000	654500	662750	664000	676000	
680500	682250	671000	679250	672750	
657000	666000	676750	655250	679750	
657000	676750	662750	647750	662750	
670250	663500	662250	685500	668500	
660250	633250	655250	642000	665250	
666500	653250	664000	676000	684250	
659750	680500	655750	671500	643250	
655750	682250	664000	650250	665250	
649000	667750	664750	662750	652750	
652750	672750	632500	652000	637500	
664750	670250	645750	666500	664750	
645750	662750	637500	676000	664000	
659000	662250	657000	650250	661500	
645750	665250	681000	664000	657750	
652750	661500	661500	658500	665250	
650750	655250	646500	642000	661000	
659000	662750	656500	661500	637000	
672250	663500	655750	656500	649500	
660250	654000	659000	648250	655250	
675500	678500	664750	646500	645250	
641250	671500	649500	639500	640000	
663500	661500	652000	678500	645750	
671000	655250	651500	668500	652000	
657750	666000	644500	644000	664000	
657750	659000	647000	648250	651500	
649500	668500	691250	655750	666500	
640000	664750	668500	650250	645250	
661500	667750	661000	651500	658500	
647750	654000	668500	666000	647000	
666500	645750	653250	655250	654500	
664750	651500	649000	661500	663500	
645250	649500	666500	664000	628750	
673500	662750	675500	663500	657750	
662750	657000	657750	666500	643250	
661000	660250	667750	667750	650750	
653250	654500	659750	654500	662750	
661500	648250	661000	647000	643250	
637500	640000	669000	645250	640000	
650250	682250	650250	652000	665250	
657750	645250	665250	655250	645250	
674250	633250	652000	668500	654000	
661000	641250	646500	667250	660250	
644000	662750	653250	656500	645250	
651500	647000	628750	667250	654000	
649000	656500	669000	665250	652750	
653250	655250	657000	644000	673500	
654000	664750	637000	642000	647750	
648250	654000	657750	657000	661500	
664750	648250	653250	643250	661000	
658500	643250	666000	670250	647750	
650250	650250	659750	662250	666500	
650750	640750	647000	649500	642500	
664000	666000	660250	654500	664750	
667250	666500	657750	642500	651500	
650250	651500	666500	659000	660250	
655250	641250	655750	644500	649500	
661500	665250	673500	666000	640000	
672250	642500	647750	650750	664750	
645750	666000	646500	628750	637000	
654000	652000	638250	657000	649000	
661500	649500	655250	677250	654500	
645750	661500	656500	647750	659000	
648250	641250	656500	659000	638250	
661500	666500	640750	647000	632000	
633250	644500	664000	635750	672250	
659750	671000	649000	688500	654500	
652750	659750	657000	657750	652000	
652750	664750	653250	652000	644000	
644500	649500	666500	662250	655750	
660250	642000	648250	645250	635750	
640750	646500	645750	655250	669750	
645250	658500	648250	652750	637000	
631250	658500	665250	662250	644500	
666000	639500	640750	653250	631250	
655250	672250	644000	650250	625000	
662750	653250	630000	660250	654500	
644000	652750	641250	661500	659750	
676000	635000	659000	654500	659750	
659000	653250	661500	641250	658500	
657750	666000	630750	652750	657750	
641250	667750	645250	654000	659750	
659750	637500	632000	650750	678500	
654000	650250	649500	648250	647000	
657000	652750	649500	643250	649000	
667750	654000	657750	644000	647750	
642000	654000	646500	672250	649500	
647000	646500	644500	649000	631250	
658500	642500	652000	655250	655750	
650750	628750	648250	630000	659750	
649000	654500	655250	650750	656500	
647000	643250	647000	666000	635750	
664750	647000	668500	682250	671000	
671500	638750	652000	670250	659000	
657750	633250	622500	655250	643250	
653250	638250	664000	637500	650750	
652000	669000	649500	638750	651500	
654500	635750	642500	652000	652750	
655750	637000	637000	652750	662250	
655250	650250	652750	647750	644000	
654000	657750	659750	657750	642500	
650750	637000	638250	650750	666000	
666000	654000	647750	645750	678000	
665250	657000	648250	656500	659750	
649000	651500	636250	645250	654500	
653250	636250	643250	651500	655250	
659000	657000	665250	632500	646500	
647750	645750	650250	642500	631250	
654000	668500	654000	648250	657000	
634500	658500	649500	655250	642000	
644000	635750	642500	650750	651500	
648250	662250	652750	642500	647000	
646500	641250	662750	662750	639500	
643250	636250	654500	644000	657000	
630750	651500	637000	637500	645750	
644500	638750	652750	646500	649500	
650250	644500	655250	654000	659750	
655750	630750	662750	650250	649500	
654000	637000	644500	638250	654500	
650250	659750	642000	637500	638750	
647000	645750	646500	649500	620500	
647750	648250	660250	650750	654500	
656500	661500	665250	647750	657000	
637000	634500	643250	644000	638250	
641250	653250	649500	656500	643250	
640750	657750	658500	640750	655250	
637500	654000	650250	654000	645750	
642000	639500	659000	665250	649500	
643250	634500	636250	671000	654000	
653250	642500	666000	644500	646500	
652750	650250	647750	660250	655250	
644000	640750	650250	634500	636250	
643250	657000	639500	636250	654500	
652750	653250	643250	644000	652000	
661500	642500	645250	647000	644500	
652750	647750	657750	672750	649000	
657000	649000	640000	642000	623000	
661500	654500	649500	653250	649500	
638750	636250	655250	632000	654500	
637000	645250	655250	639500	630750	
651500	641250	637500	650250	634500	
649500	639500	622500	648250	631250	
643250	659750	635750	640000	643250	
648250	643250	640000	639500	624250	
648250	644000	637500	632000	641250	
657000	628250	645250	641250	632000	
640750	647000	637500	637500	635750	
642500	666000	636250	649000	642500	
652750	633750	636250	644500	664750	
664000	648250	651500	628250	640750	
677250	645250	667750	647000	655750	
636250	650750	646500	651500	637500	
647750	637500	650750	634500	637500	
645250	643250	650750	650750	644500	
652000	637500	630750	656500	633750	
642000	636250	659000	650750	647750	
647000	649000	642000	647000	646500	
623750	642500	645250	658500	651500	
655250	645250	656500	641250	630750	
662250	642500	632500	650750	647000	
630750	638250	652000	635000	644000	
634500	655750	654500	654500	642000	
639500	651500	647750	644000	632000	
641250	636250	614250	628250	641250	
643250	630000	656500	622500	647000	
625000	657750	637000	655250	649500	
638250	638750	649500	663500	626750	
633250	645750	638750	635750	648250	
647000	648250	642000	630000	638250	
638750	635000	633250	646500	633250	
652750	660250	650750	626250	634500	
642500	628250	628250	649000	637000	
635000	656500	653250	649000	633750	
648250	635000	647000	644000	657750	
645750	631250	637500	648250	636250	
642500	638750	649000	658500	635750	
646500	649000	637500	626750	623000	
652750	633250	630000	640750	649500	
637500	630000	620500	645750	646500	
638750	642000	626250	625000	629500	
655250	628250	642000	645250	626250	
634500	645750	637500	628250	623750	
642500	644000	645250	631250	664750	
645250	659000	636250	613750	666000	
652000	635750	634500	622500	634500	
642500	640000	632000	623750	644500	
630750	628750	654000	642500	637000	
635000	635750	647750	633250	642000	
642500	649500	629500	644500	638750	
647000	633750	634500	628750	633250	
640000	638750	624250	629500	635750	
650250	625500	615500	642500	648250	
633750	638750	627500	622500	623000	
640000	637000	630750	635750	648250	
633250	645750	652000	637000	622500	
656500	626750	645750	619250	630000	
631250	622500	623750	657750	656500	
639500	649500	650250	640000	627500	
642500	618000	652750	644000	649000	
654000	635000	632000	632000	641250	
647000	640750	650250	649500	650250	
632000	646500	638250	625000	645750	
639500	649500	620000	628750	649000	
637500	641250	644000	639500	626750	
650750	656500	638250	635750	647000	
642000	657750	628750	650750	650250	
634500	644500	632500	646500	628750	
639500	648250	635000	619250	644500	
631250	642000	621750	638250	635750	
642500	629500	655250	618750	629500	
644500	657750	644500	649000	636250	
623000	657000	628750	630750	645750	
654500	642500	635000	638250	648250	
629500	661000	650750	647750	625000	
628750	659750	627500	635750	649500	
632000	646500	638250	633250	634500	
633750	652000	640750	645250	636250	
639500	618750	626250	637500	628750	
620500	632500	637500	654000	632500	
638250	633250	625000	637500	637000	
610500	630750	646500	631250	633250	
624250	639500	644000	642500	632000	
649500	643250	637000	637500	624250	
630000	637500	621250	645750	630000	
638750	640000	627500	631250	644500	
632500	647750	630750	634500	640000	
638250	626750	626750	633750	630750	
642000	617500	645750	647750	638250	
640000	618750	633250	631250	641250	
638250	632500	646500	633250	647000	
636250	637500	646500	621750	628750	
630000	634500	639500	639500	626250	
626750	641250	632500	638750	638750	
647750	629500	646500	629500	647000	
630000	647750	642000	627500	635750	
619250	644000	635750	633250	623000	
650250	644500	633250	652000	635750	
637000	640750	628750	616750	628250	
618750	633250	632000	647000	630750	
628750	633750	643250	636250	641250	
643250	628250	623750	632500	635000	
632500	628250	636250	642000	659000	
638250	650250	637000	645750	640000	
638250	632500	628250	645750	637500	
635750	637000	632500	647000	637000	
646500	649000	649500	635000	638750	
644000	637500	628250	628250	654500	
640000	633750	640750	640000	632500	
628750	630000	633750	640000	644000	
646500	626750	638750	638250	643250	
637000	643250	644500	633750	633250	
642000	637500	631250	645250	655750	
659000	637000	637500	632500	647750	
639500	628750	633250	628750	637000	
635750	640750	655750	632500	628750	
633250	637500	637000	616750	628750	
642000	642500	634500	635000	645250	
639500	626750	641250	652750	640000	
634500	632000	642500	629500	638250	
642500	638750	631250	620000	637000	
642500	638750	631250	620000	637000	
642500	638750	631250	620000	637000	
