4250	4250	4250	4250	4250	
7.13825e+06	7.13825e+06	7.13825e+06	7.13825e+06	7.13825e+06	
536250	541250	538750	545000	523500	
525500	537500	514000	509750	522250	
516000	512750	519750	515250	511000	
506000	516000	512250	515250	506000	
520250	526750	514000	494000	500250	
502750	526750	512250	527250	509750	
514750	520250	512750	525500	523000	
523500	514750	548000	523500	513500	
514750	522250	520250	517250	518500	
518500	529250	524250	531750	518500	
541250	529250	514000	529250	523000	
517750	536250	508500	527250	522250	
555000	548000	531000	541250	534750	
536750	534250	531000	534250	537500	
557500	545500	548000	550500	533500	
556250	543000	554500	550500	575250	
576500	570250	547500	557000	557000	
559500	569000	557500	556250	568250	
567000	553250	552500	555750	565750	
569500	580250	582750	566250	560000	
575250	571500	601000	594000	580750	
644500	637500	646500	655250	662750	
839250	826000	822750	822250	818500	
848000	824750	831750	841000	842500	
836750	854250	828000	822250	849250	
862000	855000	822250	858750	858750	
863750	880750	843750	865750	859500	
860750	865000	851250	841750	862500	
877750	840500	874500	863750	880750	
898500	883250	892750	879500	875750	
894750	896000	912250	911750	905500	
925500	918000	930500	918000	906000	
924250	936250	920500	952750	918750	
942500	910500	901000	909250	920500	
933000	918000	902250	917250	950750	
922500	929250	935000	926750	922500	
920000	928750	908500	912250	913000	
920500	942000	920000	908500	926750	
950250	928750	945750	952000	936250	
943750	956500	965250	948750	936250	
977750	1.0075e+06	951500	969750	975250	
977750	969750	994750	980500	976500	
971500	992250	983000	987250	987250	
1.0005e+06	988500	975250	971000	981000	
989750	976000	983000	973500	968500	
977750	966000	960750	977250	993000	
995500	989750	994750	964000	1.0075e+06	
949500	963250	937500	963250	954500	
954000	972750	925000	933750	938750	
950750	936250	936250	928750	921250	
933750	935000	911000	926750	941250	
938750	911750	915500	890250	930500	
920500	907250	917250	892250	909250	
921750	932500	921250	920500	901500	
999250	969750	979750	974750	967250	
1.02775e+06	1.008e+06	1.0365e+06	1.0225e+06	1.04275e+06	
1.073e+06	1.05275e+06	1.04475e+06	1.022e+06	1.0585e+06	
1.0585e+06	1.04725e+06	1.027e+06	1.0485e+06	996250	
1.025e+06	995500	1.005e+06	988000	1.01e+06	
987250	993500	969750	1.00125e+06	986000	
1e+06	1.00175e+06	991750	987250	978500	
1.01125e+06	1.0125e+06	1.00375e+06	996250	998000	
1.04725e+06	1.03775e+06	1.01625e+06	1.0195e+06	1.02325e+06	
1.05025e+06	1.05975e+06	1.05675e+06	1.0635e+06	1.073e+06	
1.08825e+06	1.0775e+06	1.04775e+06	1.05475e+06	1.095e+06	
1.09325e+06	1.08175e+06	1.054e+06	1.06675e+06	1.075e+06	
1.071e+06	1.0465e+06	1.051e+06	1.05225e+06	1.07875e+06	
1.102e+06	1.107e+06	1.08e+06	1.09075e+06	1.1065e+06	
1.10075e+06	1.11975e+06	1.114e+06	1.09125e+06	1.0995e+06	
1.0755e+06	1.1185e+06	1.09075e+06	1.09075e+06	1.08425e+06	
1.12225e+06	1.11525e+06	1.12025e+06	1.11275e+06	1.07425e+06	
1.18075e+06	1.143e+06	1.18075e+06	1.16875e+06	1.17325e+06	
1.206e+06	1.2235e+06	1.20025e+06	1.223e+06	1.201e+06	
1.23425e+06	1.20975e+06	1.22625e+06	1.20475e+06	1.22225e+06	
1.21425e+06	1.228e+06	1.19275e+06	1.20025e+06	1.1985e+06	
1.18575e+06	1.21925e+06	1.21675e+06	1.2205e+06	1.18325e+06	
1.22925e+06	1.23675e+06	1.1775e+06	1.213e+06	1.19275e+06	
1.18275e+06	1.2015e+06	1.19075e+06	1.1895e+06	1.189e+06	
1.189e+06	1.19475e+06	1.209e+06	1.19725e+06	1.15175e+06	
1.1675e+06	1.2035e+06	1.2085e+06	1.19725e+06	1.20775e+06	
1.199e+06	1.204e+06	1.2155e+06	1.24e+06	1.21425e+06	
1.23925e+06	1.24825e+06	1.22875e+06	1.245e+06	1.23125e+06	
1.26775e+06	1.252e+06	1.2695e+06	1.235e+06	1.305e+06	
1.31375e+06	1.288e+06	1.30375e+06	1.264e+06	1.25e+06	
1.269e+06	1.271e+06	1.24325e+06	1.26525e+06	1.24375e+06	
1.252e+06	1.23425e+06	1.2275e+06	1.21225e+06	1.2205e+06	
1.26075e+06	1.24375e+06	1.238e+06	1.235e+06	1.2255e+06	
1.264e+06	1.286e+06	1.267e+06	1.26025e+06	1.25825e+06	
1.2525e+06	1.25e+06	1.23875e+06	1.2205e+06	1.23e+06	
1.1775e+06	1.21225e+06	1.19075e+06	1.1985e+06	1.175e+06	
1.184e+06	1.16375e+06	1.16825e+06	1.1555e+06	1.1895e+06	
1.1845e+06	1.19275e+06	1.20225e+06	1.16825e+06	1.19325e+06	
1.15625e+06	1.13675e+06	1.136e+06	1.1555e+06	1.13025e+06	
1.153e+06	1.1265e+06	1.1095e+06	1.1115e+06	1.1215e+06	
1.153e+06	1.12775e+06	1.092e+06	1.112e+06	1.1115e+06	
1.13975e+06	1.16e+06	1.1285e+06	1.14725e+06	1.12775e+06	
1.17325e+06	1.14675e+06	1.177e+06	1.14475e+06	1.15375e+06	
1.21675e+06	1.18575e+06	1.20275e+06	1.1865e+06	1.17625e+06	
1.267e+06	1.2525e+06	1.25e+06	1.25125e+06	1.24375e+06	
1.2985e+06	1.2935e+06	1.25e+06	1.28675e+06	1.279e+06	
1.2615e+06	1.28275e+06	1.2645e+06	1.2765e+06	1.276e+06	
1.30625e+06	1.332e+06	1.2905e+06	1.284e+06	1.29725e+06	
1.339e+06	1.33e+06	1.34075e+06	1.32e+06	1.3275e+06	
1.41075e+06	1.3975e+06	1.37725e+06	1.378e+06	1.38675e+06	
1.4555e+06	1.443e+06	1.43025e+06	1.41075e+06	1.42975e+06	
1.4575e+06	1.46925e+06	1.4385e+06	1.42475e+06	1.45175e+06	
1.405e+06	1.4335e+06	1.4115e+06	1.378e+06	1.40825e+06	
1.3735e+06	1.34025e+06	1.3735e+06	1.35025e+06	1.3515e+06	
1.33275e+06	1.33125e+06	1.29475e+06	1.30625e+06	1.30925e+06	
1.3075e+06	1.3275e+06	1.31875e+06	1.325e+06	1.32325e+06	
1.361e+06	1.376e+06	1.339e+06	1.342e+06	1.342e+06	
1.41575e+06	1.43725e+06	1.39625e+06	1.4095e+06	1.426e+06	
1.448e+06	1.475e+06	1.4655e+06	1.465e+06	1.47075e+06	
1.42075e+06	1.37725e+06	1.37425e+06	1.39125e+06	1.4195e+06	
1.36425e+06	1.368e+06	1.3295e+06	1.34025e+06	1.351e+06	
1.30175e+06	1.27025e+06	1.25775e+06	1.2785e+06	1.2695e+06	
1.213e+06	1.21475e+06	1.2085e+06	1.245e+06	1.2105e+06	
1.17e+06	1.19325e+06	1.1815e+06	1.1895e+06	1.17125e+06	
1.1815e+06	1.15625e+06	1.12775e+06	1.13025e+06	1.14925e+06	
1.163e+06	1.15375e+06	1.17625e+06	1.1525e+06	1.14675e+06	
1.24825e+06	1.23375e+06	1.20225e+06	1.21975e+06	1.21175e+06	
1.3005e+06	1.30425e+06	1.29975e+06	1.313e+06	1.28925e+06	
1.43275e+06	1.412e+06	1.43475e+06	1.405e+06	1.39175e+06	
1.455e+06	1.422e+06	1.4285e+06	1.451e+06	1.43025e+06	
1.4435e+06	1.44475e+06	1.45875e+06	1.42775e+06	1.42775e+06	
1.448e+06	1.44475e+06	1.3975e+06	1.43525e+06	1.39825e+06	
1.46425e+06	1.47625e+06	1.4095e+06	1.443e+06	1.412e+06	
1.52175e+06	1.46425e+06	1.4945e+06	1.465e+06	1.45675e+06	
1.5185e+06	1.5235e+06	1.4825e+06	1.47125e+06	1.4725e+06	
1.50525e+06	1.53375e+06	1.50275e+06	1.46375e+06	1.46125e+06	
1.50275e+06	1.49075e+06	1.504e+06	1.46625e+06	1.48e+06	
1.5235e+06	1.5115e+06	1.521e+06	1.494e+06	1.497e+06	
1.5015e+06	1.51475e+06	1.47575e+06	1.47575e+06	1.46425e+06	
1.567e+06	1.52175e+06	1.4995e+06	1.5115e+06	1.526e+06	
1.5715e+06	1.61375e+06	1.58525e+06	1.586e+06	1.57075e+06	
1.75425e+06	1.712e+06	1.6705e+06	1.67925e+06	1.6585e+06	
1.78e+06	1.765e+06	1.7675e+06	1.77e+06	1.7415e+06	
1.8165e+06	1.816e+06	1.80275e+06	1.76625e+06	1.758e+06	
1.828e+06	1.80275e+06	1.81225e+06	1.809e+06	1.76625e+06	
1.90975e+06	1.84375e+06	1.84125e+06	1.81975e+06	1.83475e+06	
1.96475e+06	1.9205e+06	1.92125e+06	1.93075e+06	1.9005e+06	
1.93075e+06	1.9005e+06	1.91175e+06	1.8765e+06	1.91175e+06	
1.7965e+06	1.819e+06	1.7895e+06	1.78625e+06	1.8015e+06	
1.6735e+06	1.637e+06	1.6395e+06	1.6415e+06	1.67175e+06	
1.47625e+06	1.4575e+06	1.49025e+06	1.472e+06	1.443e+06	
1.33525e+06	1.313e+06	1.293e+06	1.2905e+06	1.28925e+06	
1.26025e+06	1.245e+06	1.28475e+06	1.24825e+06	1.257e+06	
1.41075e+06	1.40575e+06	1.39625e+06	1.383e+06	1.422e+06	
1.59925e+06	1.61125e+06	1.62875e+06	1.5765e+06	1.62825e+06	
1.8165e+06	1.78325e+06	1.77425e+06	1.80725e+06	1.7775e+06	
1.93e+06	1.94575e+06	1.89775e+06	1.91675e+06	1.9085e+06	
1.96475e+06	1.995e+06	1.9955e+06	1.98225e+06	1.97675e+06	
1.959e+06	1.98425e+06	1.9785e+06	1.93125e+06	1.89925e+06	
1.78125e+06	1.768e+06	1.802e+06	1.77875e+06	1.73025e+06	
1.57325e+06	1.586e+06	1.5425e+06	1.54125e+06	1.5525e+06	
1.46e+06	1.4455e+06	1.4265e+06	1.42075e+06	1.40125e+06	
1.53175e+06	1.55825e+06	1.55075e+06	1.55075e+06	1.5865e+06	
1.82975e+06	1.83875e+06	1.811e+06	1.802e+06	1.82925e+06	
2.18825e+06	2.16325e+06	2.116e+06	2.0925e+06	2.10775e+06	
2.33775e+06	2.31625e+06	2.315e+06	2.279e+06	2.31375e+06	
2.47375e+06	2.45425e+06	2.412e+06	2.4e+06	2.44225e+06	
2.5815e+06	2.56075e+06	2.54325e+06	2.5445e+06	2.53e+06	
2.58475e+06	2.59925e+06	2.603e+06	2.55575e+06	2.53125e+06	
2.605e+06	2.60225e+06	2.584e+06	2.5645e+06	2.64775e+06	
2.70375e+06	2.66275e+06	2.65725e+06	2.596e+06	2.60375e+06	
2.74025e+06	2.6825e+06	2.664e+06	2.66025e+06	2.6275e+06	
2.72725e+06	2.72325e+06	2.72725e+06	2.64975e+06	2.7115e+06	
2.7995e+06	2.81275e+06	2.787e+06	2.81025e+06	2.78625e+06	
2.87525e+06	2.874e+06	2.83675e+06	2.8375e+06	2.79325e+06	
2.92825e+06	2.91425e+06	2.88975e+06	2.87575e+06	2.86325e+06	
2.96775e+06	2.9175e+06	2.877e+06	2.90175e+06	2.92425e+06	
2.93875e+06	2.932e+06	2.86575e+06	2.90225e+06	2.864e+06	
2.86775e+06	2.87825e+06	2.7895e+06	2.794e+06	2.782e+06	
2.88525e+06	2.8985e+06	2.85125e+06	2.835e+06	2.8015e+06	
2.98225e+06	2.969e+06	2.908e+06	2.88475e+06	2.87075e+06	
2.961e+06	2.9345e+06	2.88525e+06	2.8495e+06	2.833e+06	
2.87575e+06	2.87825e+06	2.8355e+06	2.86775e+06	2.88725e+06	
2.956e+06	2.896e+06	2.93325e+06	2.937e+06	2.8815e+06	
2.95325e+06	2.93875e+06	2.872e+06	2.89425e+06	2.9205e+06	
2.91e+06	2.8985e+06	2.85125e+06	2.874e+06	2.881e+06	
2.98625e+06	2.91875e+06	2.874e+06	2.85875e+06	2.8595e+06	
2.9325e+06	2.90725e+06	2.85325e+06	2.84e+06	2.85125e+06	
2.96725e+06	2.90725e+06	2.84375e+06	2.88975e+06	2.901e+06	
3.01375e+06	3.01575e+06	2.91675e+06	2.8835e+06	2.9395e+06	
3.0895e+06	3.06375e+06	2.9805e+06	2.9755e+06	3.00575e+06	
3.13475e+06	3.104e+06	3.08625e+06	3.03475e+06	3.09575e+06	
3.21175e+06	3.126e+06	3.12425e+06	3.15125e+06	3.11025e+06	
3.34975e+06	3.3415e+06	3.28425e+06	3.2495e+06	3.27925e+06	
3.33025e+06	3.31125e+06	3.2425e+06	3.2135e+06	3.2805e+06	
3.24075e+06	3.16875e+06	3.136e+06	3.155e+06	3.14125e+06	
3.04025e+06	3.07675e+06	2.99e+06	2.9755e+06	3.05225e+06	
3.0675e+06	3.05725e+06	2.95725e+06	2.9755e+06	2.969e+06	
3.12925e+06	3.0555e+06	3.061e+06	3.06625e+06	3.022e+06	
3.332e+06	3.291e+06	3.2345e+06	3.18725e+06	3.24325e+06	
3.43975e+06	3.3635e+06	3.37125e+06	3.368e+06	3.34725e+06	
3.467e+06	3.45125e+06	3.433e+06	3.34775e+06	3.40775e+06	
3.51225e+06	3.49725e+06	3.48075e+06	3.44225e+06	3.472e+06	
3.528e+06	3.51975e+06	3.43725e+06	3.41475e+06	3.42525e+06	
3.458e+06	3.475e+06	3.39875e+06	3.397e+06	3.43475e+06	
3.45875e+06	3.42725e+06	3.31375e+06	3.3725e+06	3.3055e+06	
3.591e+06	3.53e+06	3.477e+06	3.453e+06	3.4505e+06	
3.62e+06	3.591e+06	3.50475e+06	3.5445e+06	3.50675e+06	
3.56075e+06	3.475e+06	3.46375e+06	3.513e+06	3.46325e+06	
3.5905e+06	3.557e+06	3.552e+06	3.46625e+06	3.499e+06	
3.53125e+06	3.52175e+06	3.4525e+06	3.48075e+06	3.508e+06	
3.5355e+06	3.57725e+06	3.53825e+06	3.472e+06	3.52875e+06	
3.67875e+06	3.60625e+06	3.557e+06	3.51975e+06	3.574e+06	
3.8065e+06	3.73225e+06	3.71525e+06	3.63775e+06	3.67875e+06	
3.77125e+06	3.71025e+06	3.71775e+06	3.75175e+06	3.70375e+06	
3.71275e+06	3.661e+06	3.64275e+06	3.60675e+06	3.62e+06	
3.63775e+06	3.57025e+06	3.55825e+06	3.56325e+06	3.5665e+06	
3.6075e+06	3.5735e+06	3.46325e+06	3.58975e+06	3.55e+06	
3.69125e+06	3.62125e+06	3.5425e+06	3.617e+06	3.56075e+06	
3.68875e+06	3.617e+06	3.569e+06	3.567e+06	3.59225e+06	
3.767e+06	3.66425e+06	3.65225e+06	3.62325e+06	3.598e+06	
3.7215e+06	3.755e+06	3.654e+06	3.7045e+06	3.66975e+06	
3.79075e+06	3.65775e+06	3.6345e+06	3.6825e+06	3.66925e+06	
3.6995e+06	3.66675e+06	3.678e+06	3.67225e+06	3.60625e+06	
3.81425e+06	3.7745e+06	3.7115e+06	3.7215e+06	3.69875e+06	
3.8985e+06	3.91875e+06	3.8425e+06	3.8595e+06	3.78775e+06	
4.031e+06	3.9325e+06	3.95275e+06	3.89975e+06	3.90425e+06	
4.09325e+06	4.04925e+06	3.97975e+06	4e+06	3.949e+06	
4.0625e+06	4.04225e+06	3.971e+06	4e+06	3.9995e+06	
3.961e+06	3.91125e+06	3.828e+06	3.83175e+06	3.8695e+06	
3.857e+06	3.828e+06	3.70575e+06	3.72025e+06	3.7235e+06	
3.81975e+06	3.72775e+06	3.79075e+06	3.67875e+06	3.73925e+06	
3.787e+06	3.751e+06	3.7065e+06	3.6635e+06	3.6705e+06	
3.93125e+06	3.88225e+06	3.83925e+06	3.84e+06	3.833e+06	
4.04225e+06	3.96275e+06	3.93375e+06	3.932e+06	3.92575e+06	
4.05675e+06	3.988e+06	4.01525e+06	3.9785e+06	3.966e+06	
4.0485e+06	3.99875e+06	3.9925e+06	3.997e+06	3.925e+06	
4.0485e+06	3.99875e+06	3.92875e+06	3.93775e+06	3.94825e+06	
4.002e+06	3.951e+06	3.9495e+06	3.87975e+06	3.88725e+06	
4.0725e+06	4.048e+06	4.0095e+06	3.97475e+06	3.98425e+06	
4.13925e+06	4.0845e+06	4.048e+06	4.03725e+06	4.07125e+06	
4.10325e+06	4.06875e+06	4.048e+06	3.9905e+06	3.94575e+06	
4.09575e+06	4.0095e+06	3.99175e+06	3.9445e+06	4.0095e+06	
3.9365e+06	3.87075e+06	3.8575e+06	3.83125e+06	3.83125e+06	
3.99825e+06	3.9735e+06	3.8935e+06	3.86025e+06	3.925e+06	
4.04425e+06	3.997e+06	3.9685e+06	3.983e+06	3.9535e+06	
4.1135e+06	4.10975e+06	3.98875e+06	3.98625e+06	4.01075e+06	
3.97975e+06	4.114e+06	3.9755e+06	4.024e+06	3.9615e+06	
3.867e+06	3.94275e+06	3.886e+06	3.86775e+06	3.83125e+06	
3.74175e+06	3.6945e+06	3.726e+06	3.65275e+06	3.7265e+06	
3.5835e+06	3.54825e+06	3.455e+06	3.472e+06	3.49775e+06	
3.312e+06	3.295e+06	3.3e+06	3.17775e+06	3.24e+06	
3.25525e+06	3.24e+06	3.19225e+06	3.2205e+06	3.1965e+06	
3.33575e+06	3.3145e+06	3.26225e+06	3.28475e+06	3.25275e+06	
3.78e+06	3.77875e+06	3.6735e+06	3.66725e+06	3.7725e+06	
4.24525e+06	4.18225e+06	4.133e+06	4.13925e+06	4.089e+06	
4.49525e+06	4.42975e+06	4.358e+06	4.404e+06	4.35975e+06	
4.40775e+06	4.375e+06	4.2955e+06	4.3145e+06	4.32025e+06	
4.38875e+06	4.31e+06	4.3315e+06	4.25075e+06	4.33075e+06	
4.5375e+06	4.45375e+06	4.4355e+06	4.4425e+06	4.40275e+06	
4.4675e+06	4.426e+06	4.3775e+06	4.38075e+06	4.38575e+06	
4.24525e+06	4.2375e+06	4.14875e+06	4.14625e+06	4.20475e+06	
4.322e+06	4.254e+06	4.13875e+06	4.19225e+06	4.20925e+06	
4.39325e+06	4.40075e+06	4.35225e+06	4.29675e+06	4.31e+06	
4.62525e+06	4.56475e+06	4.48075e+06	4.491e+06	4.46825e+06	
4.6535e+06	4.639e+06	4.57025e+06	4.58725e+06	4.54075e+06	
4.78775e+06	4.75125e+06	4.63275e+06	4.57975e+06	4.678e+06	
5.00125e+06	4.917e+06	4.85075e+06	4.79275e+06	4.84075e+06	
5.01075e+06	4.934e+06	4.8765e+06	4.8475e+06	4.9515e+06	
5.065e+06	4.95275e+06	4.956e+06	4.89925e+06	4.8905e+06	
4.988e+06	4.91575e+06	4.818e+06	4.80925e+06	4.8325e+06	
4.888e+06	4.78525e+06	4.799e+06	4.77125e+06	4.76125e+06	
4.7435e+06	4.69625e+06	4.68375e+06	4.65975e+06	4.574e+06	
4.6945e+06	4.52625e+06	4.53e+06	4.445e+06	4.51225e+06	
4.506e+06	4.4675e+06	4.39825e+06	4.341e+06	4.411e+06	
4.697e+06	4.62e+06	4.6055e+06	4.5545e+06	4.62375e+06	
4.89225e+06	4.82625e+06	4.8015e+06	4.76875e+06	4.80025e+06	
4.94775e+06	4.925e+06	4.8785e+06	4.82225e+06	4.8715e+06	
4.922e+06	4.8905e+06	4.79025e+06	4.82875e+06	4.78025e+06	
4.884e+06	4.83e+06	4.76625e+06	4.77375e+06	4.81425e+06	
5.0505e+06	5.0095e+06	4.98175e+06	4.94775e+06	4.89675e+06	
5.24775e+06	5.17525e+06	5.05875e+06	5.0435e+06	5.1085e+06	
5.36e+06	5.36125e+06	5.314e+06	5.283e+06	5.31e+06	
5.39575e+06	5.317e+06	5.35675e+06	5.2535e+06	5.32275e+06	
5.48775e+06	5.50225e+06	5.42925e+06	5.4115e+06	5.394e+06	
5.53575e+06	5.57225e+06	5.4185e+06	5.38875e+06	5.44125e+06	
5.5515e+06	5.433e+06	5.38875e+06	5.44675e+06	5.3265e+06	
5.523e+06	5.428e+06	5.4255e+06	5.29675e+06	5.319e+06	
5.6215e+06	5.49925e+06	5.356e+06	5.3335e+06	5.484e+06	
5.52875e+06	5.5275e+06	5.423e+06	5.4405e+06	5.38e+06	
5.64975e+06	5.56225e+06	5.49525e+06	5.47075e+06	5.4715e+06	
5.7185e+06	5.68325e+06	5.5035e+06	5.5175e+06	5.52375e+06	
5.59425e+06	5.5635e+06	5.40075e+06	5.47025e+06	5.48975e+06	
5.40775e+06	5.38075e+06	5.30575e+06	5.33975e+06	5.2735e+06	
5.3415e+06	5.317e+06	5.232e+06	5.222e+06	5.24575e+06	
5.5255e+06	5.4525e+06	5.346e+06	5.3365e+06	5.373e+06	
5.581e+06	5.52675e+06	5.45875e+06	5.365e+06	5.4915e+06	
5.6895e+06	5.6825e+06	5.595e+06	5.50225e+06	5.47825e+06	
5.91875e+06	5.789e+06	5.77075e+06	5.72475e+06	5.767e+06	
5.91325e+06	5.85825e+06	5.80275e+06	5.81425e+06	5.73425e+06	
5.84125e+06	5.90425e+06	5.704e+06	5.762e+06	5.7285e+06	
5.98375e+06	5.866e+06	5.774e+06	5.678e+06	5.8205e+06	
5.9685e+06	5.8785e+06	5.76875e+06	5.7355e+06	5.69825e+06	
5.956e+06	5.87475e+06	5.78025e+06	5.74175e+06	5.811e+06	
6.0405e+06	5.9195e+06	5.95975e+06	5.973e+06	5.93075e+06	
6.021e+06	5.99575e+06	5.9535e+06	5.90425e+06	5.88225e+06	
6.169e+06	6.13375e+06	6.11175e+06	6.11925e+06	6.04425e+06	
6.3165e+06	6.2735e+06	6.1935e+06	6.23775e+06	6.2025e+06	
6.2195e+06	6.21e+06	6.1715e+06	6.038e+06	6.20625e+06	
6.29825e+06	6.171e+06	6.03225e+06	6.02225e+06	6.111e+06	
6.30575e+06	6.18725e+06	6.17775e+06	6.0915e+06	6.06125e+06	
6.089e+06	5.954e+06	5.96675e+06	5.8885e+06	5.93575e+06	
5.9055e+06	5.879e+06	5.86025e+06	5.726e+06	5.823e+06	
5.73975e+06	5.716e+06	5.649e+06	5.5975e+06	5.64725e+06	
5.87225e+06	5.90425e+06	5.6725e+06	5.75175e+06	5.71225e+06	
5.91e+06	5.87975e+06	5.77825e+06	5.721e+06	5.7575e+06	
6.1835e+06	6.02025e+06	6.03025e+06	5.91075e+06	5.93325e+06	
6.072e+06	6.05875e+06	5.9005e+06	5.88475e+06	5.92575e+06	
6.12225e+06	5.925e+06	5.87525e+06	5.93525e+06	5.891e+06	
6.04875e+06	6.0335e+06	5.93775e+06	5.93575e+06	5.9005e+06	
6.142e+06	6.16825e+06	6.04725e+06	5.99575e+06	6.0115e+06	
6.242e+06	6.20625e+06	5.9945e+06	6.063e+06	6.0115e+06	
6.22575e+06	6.2175e+06	6.18275e+06	6.079e+06	6.1665e+06	
6.285e+06	6.2515e+06	6.1715e+06	6.16325e+06	6.14625e+06	
6.3335e+06	6.23525e+06	6.23125e+06	6.164e+06	6.2005e+06	
6.44825e+06	6.4035e+06	6.3505e+06	6.2805e+06	6.3455e+06	
6.4885e+06	6.392e+06	6.3025e+06	6.17475e+06	6.2395e+06	
6.35425e+06	6.2415e+06	6.0795e+06	6.084e+06	6.13675e+06	
6.3095e+06	6.2245e+06	6.10775e+06	6.10225e+06	6.196e+06	
6.33725e+06	6.181e+06	6.092e+06	6.0915e+06	6.16525e+06	
6.3555e+06	6.24275e+06	6.22375e+06	6.1445e+06	6.14575e+06	
6.33275e+06	6.24075e+06	6.1985e+06	6.1355e+06	6.16325e+06	
6.324e+06	6.2155e+06	6.20925e+06	6.11925e+06	6.1495e+06	
6.4715e+06	6.33725e+06	6.2635e+06	6.3265e+06	6.26225e+06	
6.44e+06	6.3165e+06	6.25225e+06	6.249e+06	6.155e+06	
6.544e+06	6.593e+06	6.51925e+06	6.42425e+06	6.43375e+06	
6.54025e+06	6.48525e+06	6.3795e+06	6.37075e+06	6.38575e+06	
6.60375e+06	6.6075e+06	6.45825e+06	6.452e+06	6.48225e+06	
6.7215e+06	6.68825e+06	6.58875e+06	6.53325e+06	6.57425e+06	
6.66925e+06	6.648e+06	6.6245e+06	6.53825e+06	6.51675e+06	
6.6265e+06	6.6335e+06	6.5035e+06	6.62075e+06	6.48725e+06	
6.7255e+06	6.67825e+06	6.58225e+06	6.61825e+06	6.5705e+06	
6.7375e+06	6.63725e+06	6.49925e+06	6.4745e+06	6.44175e+06	
6.733e+06	6.549e+06	6.45375e+06	6.484e+06	6.484e+06	
6.60625e+06	6.50725e+06	6.4325e+06	6.377e+06	6.4405e+06	
6.56475e+06	6.62325e+06	6.44e+06	6.36e+06	6.46325e+06	
6.61525e+06	6.481e+06	6.36625e+06	6.30825e+06	6.457e+06	
6.70075e+06	6.56975e+06	6.501e+06	6.42175e+06	6.49475e+06	
6.78525e+06	6.585e+06	6.54775e+06	6.549e+06	6.55025e+06	
6.8105e+06	6.77825e+06	6.6455e+06	6.673e+06	6.634e+06	
6.7215e+06	6.60325e+06	6.47525e+06	6.42475e+06	6.52575e+06	
6.60075e+06	6.56975e+06	6.46825e+06	6.36625e+06	6.47075e+06	
6.83375e+06	6.69525e+06	6.55475e+06	6.598e+06	6.6195e+06	
6.84575e+06	6.748e+06	6.67375e+06	6.63775e+06	6.60825e+06	
6.86975e+06	6.80675e+06	6.685e+06	6.66375e+06	6.745e+06	
6.8955e+06	6.77325e+06	6.75375e+06	6.64925e+06	6.77775e+06	
7.091e+06	6.99375e+06	6.89125e+06	6.85275e+06	6.837e+06	
7.11425e+06	6.9895e+06	6.9635e+06	6.815e+06	6.832e+06	
7.099e+06	6.9175e+06	6.91075e+06	6.89925e+06	6.946e+06	
7.09225e+06	6.927e+06	6.83575e+06	6.854e+06	6.8885e+06	
7.07325e+06	7.016e+06	6.88925e+06	6.85325e+06	6.886e+06	
6.8835e+06	6.8515e+06	6.7185e+06	6.64475e+06	6.68125e+06	
7.024e+06	7.00075e+06	6.85775e+06	6.825e+06	6.85525e+06	
7.18175e+06	7.0065e+06	7.01275e+06	6.939e+06	6.89675e+06	
7.3695e+06	7.13825e+06	7.20875e+06	7.1205e+06	7.099e+06	
7.5855e+06	7.55725e+06	7.4355e+06	7.321e+06	7.4695e+06	
7.65625e+06	7.515e+06	7.37825e+06	7.27425e+06	7.38575e+06	
7.585e+06	7.5395e+06	7.2345e+06	7.25975e+06	7.25975e+06	
7.5365e+06	7.3945e+06	7.2175e+06	7.31075e+06	7.268e+06	
7.779e+06	7.55775e+06	7.5125e+06	7.40525e+06	7.33025e+06	
7.6705e+06	7.50225e+06	7.438e+06	7.29125e+06	7.4765e+06	
7.7765e+06	7.677e+06	7.62075e+06	7.53775e+06	7.534e+06	
8.0215e+06	7.90825e+06	7.79725e+06	7.7935e+06	7.7355e+06	
8.08075e+06	8.007e+06	7.832e+06	7.852e+06	7.75875e+06	
8.09725e+06	7.9845e+06	7.78775e+06	7.79975e+06	7.7645e+06	
8.00275e+06	7.92525e+06	7.7985e+06	7.7665e+06	7.82125e+06	
8.02925e+06	7.9365e+06	7.8155e+06	7.76e+06	7.7745e+06	
8.10175e+06	7.96175e+06	7.84575e+06	7.8415e+06	7.80225e+06	
8.14e+06	7.9705e+06	7.844e+06	7.81e+06	7.92325e+06	
8.1885e+06	8.079e+06	8.0765e+06	7.8835e+06	8.00325e+06	
8.493e+06	8.3405e+06	8.1375e+06	8.15275e+06	8.1465e+06	
8.65625e+06	8.563e+06	8.4835e+06	8.452e+06	8.5025e+06	
8.701e+06	8.49225e+06	8.399e+06	8.358e+06	8.40675e+06	
8.68125e+06	8.55725e+06	8.425e+06	8.33475e+06	8.491e+06	
8.71025e+06	8.55475e+06	8.532e+06	8.4495e+06	8.464e+06	
9.01525e+06	8.82325e+06	8.897e+06	8.7305e+06	8.65675e+06	
9.04875e+06	8.861e+06	8.805e+06	8.735e+06	8.70725e+06	
9.07275e+06	8.948e+06	8.79175e+06	8.71225e+06	8.77525e+06	
9.1875e+06	9.0955e+06	8.897e+06	8.9195e+06	8.92975e+06	
9.23075e+06	9.1155e+06	9.05e+06	9.02975e+06	8.98575e+06	
9.21075e+06	9.0745e+06	9.004e+06	8.88675e+06	8.975e+06	
9.3285e+06	9.17425e+06	8.92775e+06	9.07825e+06	9.0405e+06	
9.49425e+06	9.35875e+06	9.297e+06	9.1955e+06	9.25225e+06	
9.51375e+06	9.3355e+06	9.212e+06	9.26225e+06	9.1755e+06	
9.71925e+06	9.48925e+06	9.4035e+06	9.3935e+06	9.413e+06	
9.51125e+06	9.355e+06	9.26425e+06	9.188e+06	9.25725e+06	
9.65375e+06	9.4765e+06	9.35e+06	9.2775e+06	9.3645e+06	
9.662e+06	9.53525e+06	9.32675e+06	9.2945e+06	9.328e+06	
9.692e+06	9.517e+06	9.38725e+06	9.2585e+06	9.273e+06	
9.5075e+06	9.411e+06	9.26225e+06	9.20325e+06	9.275e+06	
9.82325e+06	9.6505e+06	9.49675e+06	9.4595e+06	9.35175e+06	
9.5895e+06	9.4805e+06	9.382e+06	9.24225e+06	9.3335e+06	
9.3715e+06	9.24775e+06	9.108e+06	9.0645e+06	9.009e+06	
8.81675e+06	8.68275e+06	8.5195e+06	8.51175e+06	8.56975e+06	
8.542e+06	8.3625e+06	8.22125e+06	8.2825e+06	8.239e+06	
8.44625e+06	8.31725e+06	8.09775e+06	8.16775e+06	8.19925e+06	
8.73925e+06	8.6115e+06	8.4615e+06	8.49875e+06	8.5005e+06	
9.137e+06	9.03875e+06	8.97625e+06	8.98825e+06	8.9455e+06	
9.554e+06	9.33675e+06	9.15975e+06	9.292e+06	9.2795e+06	
9.81625e+06	9.701e+06	9.5775e+06	9.52775e+06	9.46525e+06	
9.9385e+06	9.85725e+06	9.7085e+06	9.6455e+06	9.6525e+06	
9.9625e+06	9.78925e+06	9.60325e+06	9.5975e+06	9.508e+06	
9.98125e+06	9.7935e+06	9.69525e+06	9.55675e+06	9.67e+06	
1.03438e+07	1.028e+07	9.96375e+06	9.99825e+06	1.00538e+07	
1.0461e+07	1.0476e+07	1.01018e+07	1.0125e+07	1.02585e+07	
1.07678e+07	1.0607e+07	1.05365e+07	1.04268e+07	1.03678e+07	
1.06562e+07	1.05328e+07	1.0304e+07	1.03512e+07	1.0285e+07	
1.07765e+07	1.07432e+07	1.04395e+07	1.0389e+07	1.0515e+07	
1.06322e+07	1.05228e+07	1.02978e+07	1.0306e+07	1.03085e+07	
1.0401e+07	1.03998e+07	1.01685e+07	1.00835e+07	1.00532e+07	
1.03015e+07	1.026e+07	1.00772e+07	9.92775e+06	9.95625e+06	
1.03185e+07	1.02328e+07	9.99025e+06	9.9845e+06	9.96675e+06	
1.04672e+07	1.04175e+07	1.01888e+07	1.01232e+07	1.0224e+07	
1.07955e+07	1.0718e+07	1.04722e+07	1.0398e+07	1.0432e+07	
1.08428e+07	1.0662e+07	1.0595e+07	1.04445e+07	1.05265e+07	
1.07412e+07	1.06538e+07	1.04275e+07	1.051e+07	1.04968e+07	
1.09852e+07	1.09422e+07	1.07155e+07	1.06795e+07	1.0599e+07	
1.10445e+07	1.10072e+07	1.08825e+07	1.08308e+07	1.08448e+07	
1.1326e+07	1.1079e+07	1.08882e+07	1.08862e+07	1.09525e+07	
1.11352e+07	1.11155e+07	1.0907e+07	1.08428e+07	1.0798e+07	
1.11842e+07	1.09928e+07	1.08938e+07	1.08552e+07	1.09525e+07	
1.12062e+07	1.1069e+07	1.0924e+07	1.09115e+07	1.0972e+07	
1.13495e+07	1.12418e+07	1.09902e+07	1.0919e+07	1.09775e+07	
1.13115e+07	1.11718e+07	1.0999e+07	1.09e+07	1.0909e+07	
1.13732e+07	1.12832e+07	1.10868e+07	1.09775e+07	1.105e+07	
1.15012e+07	1.13462e+07	1.10222e+07	1.10722e+07	1.1059e+07	
1.1335e+07	1.11868e+07	1.10022e+07	1.09518e+07	1.1006e+07	
1.11932e+07	1.09695e+07	1.08358e+07	1.08698e+07	1.08308e+07	
1.10545e+07	1.09e+07	1.0684e+07	1.0694e+07	1.0749e+07	
1.103e+07	1.09588e+07	1.0684e+07	1.07122e+07	1.06542e+07	
1.11498e+07	1.10658e+07	1.09568e+07	1.0815e+07	1.0917e+07	
1.13615e+07	1.11358e+07	1.1069e+07	1.1001e+07	1.10065e+07	
1.12398e+07	1.10778e+07	1.09315e+07	1.08605e+07	1.08282e+07	
1.11718e+07	1.09235e+07	1.0752e+07	1.07835e+07	1.08618e+07	
1.08825e+07	1.07192e+07	1.05882e+07	1.06542e+07	1.0599e+07	
1.08225e+07	1.07955e+07	1.06492e+07	1.04888e+07	1.05332e+07	
1.08908e+07	1.0667e+07	1.05428e+07	1.06425e+07	1.05125e+07	
1.08195e+07	1.06115e+07	1.05925e+07	1.05415e+07	1.044e+07	
1.07412e+07	1.06385e+07	1.05265e+07	1.0522e+07	1.04602e+07	
1.08655e+07	1.06915e+07	1.06008e+07	1.0614e+07	1.05332e+07	
1.10015e+07	1.1021e+07	1.09012e+07	1.07805e+07	1.08382e+07	
1.12498e+07	1.10135e+07	1.09588e+07	1.08685e+07	1.09132e+07	
1.12322e+07	1.10565e+07	1.0791e+07	1.08988e+07	1.0919e+07	
1.12675e+07	1.10065e+07	1.08308e+07	1.082e+07	1.07818e+07	
1.09688e+07	1.09235e+07	1.07698e+07	1.07148e+07	1.06028e+07	
1.1134e+07	1.10142e+07	1.08182e+07	1.089e+07	1.0822e+07	
1.12808e+07	1.11175e+07	1.10255e+07	1.0895e+07	1.11378e+07	
1.14685e+07	1.15045e+07	1.11295e+07	1.10098e+07	1.11862e+07	
1.16678e+07	1.15032e+07	1.13652e+07	1.12978e+07	1.13052e+07	
1.1643e+07	1.14995e+07	1.13758e+07	1.1393e+07	1.14125e+07	
1.19398e+07	1.16492e+07	1.14785e+07	1.13595e+07	1.1415e+07	
1.16645e+07	1.1444e+07	1.11962e+07	1.12082e+07	1.1217e+07	
1.15378e+07	1.1452e+07	1.1304e+07	1.1117e+07	1.11622e+07	
1.15025e+07	1.12348e+07	1.10868e+07	1.09882e+07	1.11245e+07	
1.13085e+07	1.12618e+07	1.09745e+07	1.08358e+07	1.09285e+07	
1.12518e+07	1.11162e+07	1.0929e+07	1.08188e+07	1.0863e+07	
1.12208e+07	1.0982e+07	1.09302e+07	1.096e+07	1.08888e+07	
1.159e+07	1.1531e+07	1.13192e+07	1.1071e+07	1.12662e+07	
1.16102e+07	1.1519e+07	1.13495e+07	1.12385e+07	1.126e+07	
1.17072e+07	1.1481e+07	1.13085e+07	1.11522e+07	1.1314e+07	
1.15075e+07	1.1471e+07	1.1301e+07	1.12845e+07	1.12285e+07	
1.14755e+07	1.13148e+07	1.11402e+07	1.12152e+07	1.11105e+07	
1.14295e+07	1.1333e+07	1.1212e+07	1.11498e+07	1.11855e+07	
1.16322e+07	1.14042e+07	1.13482e+07	1.12195e+07	1.1219e+07	
1.18875e+07	1.1752e+07	1.15472e+07	1.143e+07	1.15108e+07	
1.17388e+07	1.15555e+07	1.13442e+07	1.13098e+07	1.13758e+07	
1.15952e+07	1.16058e+07	1.13922e+07	1.12232e+07	1.12832e+07	
1.17325e+07	1.1558e+07	1.14218e+07	1.1338e+07	1.13758e+07	
1.15088e+07	1.14048e+07	1.11698e+07	1.11825e+07	1.12378e+07	
1.1408e+07	1.1275e+07	1.10765e+07	1.09638e+07	1.11062e+07	
1.15782e+07	1.1294e+07	1.10998e+07	1.10578e+07	1.11208e+07	
1.12895e+07	1.12195e+07	1.0989e+07	1.08768e+07	1.09738e+07	
1.12158e+07	1.10155e+07	1.09272e+07	1.06948e+07	1.08005e+07	
1.12745e+07	1.10682e+07	1.09008e+07	1.09348e+07	1.0742e+07	
1.14508e+07	1.1103e+07	1.09272e+07	1.08995e+07	1.10288e+07	
1.13985e+07	1.12852e+07	1.12272e+07	1.1069e+07	1.12102e+07	
1.14822e+07	1.12932e+07	1.10872e+07	1.10425e+07	1.10835e+07	
1.14035e+07	1.12568e+07	1.09998e+07	1.0987e+07	1.10462e+07	
1.08648e+07	1.0648e+07	1.06335e+07	1.06318e+07	1.05592e+07	
1.02812e+07	1.03065e+07	1.00545e+07	1.0076e+07	1.00942e+07	
1.01892e+07	9.92975e+06	9.951e+06	9.808e+06	9.90625e+06	
1.0389e+07	1.01925e+07	1.00035e+07	1.00192e+07	1.0125e+07	
1.03822e+07	1.0367e+07	1.01665e+07	1.0202e+07	1.02302e+07	
1.04585e+07	1.02908e+07	1.0258e+07	1.0207e+07	1.02348e+07	
1.06102e+07	1.04412e+07	1.02812e+07	1.02328e+07	1.0311e+07	
1.07432e+07	1.06852e+07	1.06065e+07	1.04892e+07	1.04905e+07	
1.09828e+07	1.08568e+07	1.066e+07	1.05875e+07	1.05888e+07	
1.12062e+07	1.1113e+07	1.09802e+07	1.08642e+07	1.095e+07	
1.1432e+07	1.12838e+07	1.10682e+07	1.0975e+07	1.10632e+07	
1.14718e+07	1.13595e+07	1.10702e+07	1.1159e+07	1.11312e+07	
1.15428e+07	1.14092e+07	1.1263e+07	1.11792e+07	1.11635e+07	
1.16135e+07	1.14358e+07	1.12832e+07	1.1226e+07	1.11962e+07	
1.1757e+07	1.15908e+07	1.13285e+07	1.14092e+07	1.12178e+07	
1.17678e+07	1.15928e+07	1.14648e+07	1.13728e+07	1.14772e+07	
1.17332e+07	1.1619e+07	1.15038e+07	1.13878e+07	1.14445e+07	
1.16632e+07	1.14742e+07	1.12965e+07	1.12252e+07	1.12492e+07	
1.16848e+07	1.14822e+07	1.13558e+07	1.12108e+07	1.12655e+07	
1.14692e+07	1.13972e+07	1.1241e+07	1.1086e+07	1.11995e+07	
1.17792e+07	1.15995e+07	1.143e+07	1.13915e+07	1.14692e+07	
1.20192e+07	1.1866e+07	1.16488e+07	1.16185e+07	1.15965e+07	
1.21818e+07	1.19802e+07	1.1769e+07	1.1764e+07	1.17835e+07	
1.21775e+07	1.19985e+07	1.18012e+07	1.17992e+07	1.18422e+07	
1.21565e+07	1.19782e+07	1.18308e+07	1.17748e+07	1.17558e+07	
1.20872e+07	1.21125e+07	1.18332e+07	1.17805e+07	1.17748e+07	
1.21762e+07	1.20628e+07	1.17818e+07	1.17098e+07	1.172e+07	
1.19852e+07	1.17192e+07	1.1529e+07	1.14835e+07	1.15492e+07	
1.14672e+07	1.12782e+07	1.12038e+07	1.11382e+07	1.1282e+07	
1.11522e+07	1.0943e+07	1.09525e+07	1.07975e+07	1.07955e+07	
1.12738e+07	1.095e+07	1.0887e+07	1.0742e+07	1.08012e+07	
1.12625e+07	1.11038e+07	1.08672e+07	1.09198e+07	1.096e+07	
1.15468e+07	1.14188e+07	1.14345e+07	1.11282e+07	1.12405e+07	
1.18082e+07	1.17212e+07	1.14822e+07	1.13678e+07	1.14698e+07	
1.20818e+07	1.18875e+07	1.17432e+07	1.17048e+07	1.1742e+07	
1.22845e+07	1.21188e+07	1.18465e+07	1.1822e+07	1.20142e+07	
1.24565e+07	1.22032e+07	1.20868e+07	1.2013e+07	1.21212e+07	
1.2289e+07	1.2255e+07	1.1914e+07	1.19512e+07	1.19608e+07	
1.24068e+07	1.22878e+07	1.19708e+07	1.18162e+07	1.19782e+07	
1.23458e+07	1.22298e+07	1.19512e+07	1.19418e+07	1.1996e+07	
1.24635e+07	1.2323e+07	1.21188e+07	1.2076e+07	1.21208e+07	
1.24705e+07	1.2413e+07	1.22348e+07	1.21908e+07	1.21668e+07	
1.24232e+07	1.24452e+07	1.22165e+07	1.21788e+07	1.21402e+07	
1.25788e+07	1.22612e+07	1.2134e+07	1.2042e+07	1.20822e+07	
1.22588e+07	1.21668e+07	1.1933e+07	1.18688e+07	1.19335e+07	
1.20728e+07	1.18908e+07	1.16575e+07	1.15138e+07	1.1667e+07	
1.188e+07	1.16608e+07	1.15352e+07	1.15182e+07	1.1534e+07	
1.1885e+07	1.17162e+07	1.16102e+07	1.14892e+07	1.14768e+07	
1.20412e+07	1.18598e+07	1.17218e+07	1.16632e+07	1.17338e+07	
1.21332e+07	1.19045e+07	1.16348e+07	1.1648e+07	1.17175e+07	
1.19898e+07	1.19998e+07	1.17255e+07	1.16045e+07	1.17465e+07	
1.20318e+07	1.2004e+07	1.18082e+07	1.17478e+07	1.17358e+07	
1.23205e+07	1.2096e+07	1.18882e+07	1.1839e+07	1.18908e+07	
1.2376e+07	1.21315e+07	1.19808e+07	1.19438e+07	1.20168e+07	
1.24142e+07	1.227e+07	1.20432e+07	1.20002e+07	1.20388e+07	
1.2287e+07	1.21535e+07	1.20205e+07	1.195e+07	1.2071e+07	
1.22642e+07	1.20855e+07	1.19102e+07	1.17842e+07	1.19878e+07	
1.21162e+07	1.2004e+07	1.17412e+07	1.17698e+07	1.17502e+07	
1.20558e+07	1.1897e+07	1.1766e+07	1.16342e+07	1.18295e+07	
1.19675e+07	1.19082e+07	1.16098e+07	1.16715e+07	1.16952e+07	
1.2117e+07	1.19342e+07	1.17722e+07	1.17142e+07	1.16525e+07	
1.21358e+07	1.20362e+07	1.1771e+07	1.1781e+07	1.1805e+07	
1.2231e+07	1.20375e+07	1.19778e+07	1.1774e+07	1.18548e+07	
1.21768e+07	1.20105e+07	1.17545e+07	1.1701e+07	1.18502e+07	
1.21212e+07	1.20338e+07	1.17545e+07	1.17122e+07	1.19348e+07	
1.20118e+07	1.17792e+07	1.1619e+07	1.16682e+07	1.15982e+07	
1.17955e+07	1.16778e+07	1.14622e+07	1.14748e+07	1.14362e+07	
1.17098e+07	1.14578e+07	1.1214e+07	1.1214e+07	1.12758e+07	
1.16198e+07	1.14258e+07	1.12825e+07	1.1205e+07	1.1207e+07	
1.16298e+07	1.14142e+07	1.12058e+07	1.12575e+07	1.1277e+07	
1.17212e+07	1.14635e+07	1.13355e+07	1.12982e+07	1.128e+07	
1.18095e+07	1.17018e+07	1.1459e+07	1.13658e+07	1.14408e+07	
1.1691e+07	1.1575e+07	1.14572e+07	1.13538e+07	1.13545e+07	
1.1708e+07	1.15415e+07	1.1427e+07	1.13152e+07	1.14395e+07	
1.18768e+07	1.17022e+07	1.15322e+07	1.15505e+07	1.15402e+07	
1.18568e+07	1.16148e+07	1.13512e+07	1.1439e+07	1.14482e+07	
1.18742e+07	1.16835e+07	1.14735e+07	1.15795e+07	1.15428e+07	
1.19095e+07	1.17458e+07	1.15825e+07	1.15282e+07	1.16002e+07	
1.2013e+07	1.18465e+07	1.16972e+07	1.16222e+07	1.16532e+07	
1.19512e+07	1.18195e+07	1.15e+07	1.14818e+07	1.14665e+07	
1.2018e+07	1.19298e+07	1.1677e+07	1.16272e+07	1.16235e+07	
1.21162e+07	1.18655e+07	1.17295e+07	1.15062e+07	1.17122e+07	
1.18705e+07	1.17622e+07	1.164e+07	1.16318e+07	1.15165e+07	
1.2076e+07	1.18502e+07	1.15888e+07	1.15995e+07	1.15692e+07	
1.1991e+07	1.17495e+07	1.15612e+07	1.15138e+07	1.1626e+07	
1.19385e+07	1.17885e+07	1.1483e+07	1.14482e+07	1.15472e+07	
1.19248e+07	1.16468e+07	1.1565e+07	1.13902e+07	1.15045e+07	
1.18308e+07	1.15825e+07	1.13048e+07	1.1251e+07	1.1272e+07	
1.16322e+07	1.1425e+07	1.13065e+07	1.11308e+07	1.1151e+07	
1.1592e+07	1.14918e+07	1.1255e+07	1.1229e+07	1.11945e+07	
1.17792e+07	1.15982e+07	1.13482e+07	1.13802e+07	1.13728e+07	
1.1824e+07	1.17312e+07	1.15505e+07	1.14358e+07	1.151e+07	
1.17412e+07	1.16928e+07	1.14168e+07	1.12825e+07	1.14888e+07	
1.18452e+07	1.16782e+07	1.15208e+07	1.13272e+07	1.14018e+07	
1.18175e+07	1.16122e+07	1.14495e+07	1.1481e+07	1.135e+07	
1.18882e+07	1.16292e+07	1.15592e+07	1.1466e+07	1.14432e+07	
1.18555e+07	1.16992e+07	1.14578e+07	1.14205e+07	1.15448e+07	
1.17898e+07	1.15932e+07	1.13545e+07	1.13752e+07	1.1292e+07	
1.17225e+07	1.15202e+07	1.14088e+07	1.1326e+07	1.1352e+07	
1.17452e+07	1.15795e+07	1.14602e+07	1.13665e+07	1.13272e+07	
1.18058e+07	1.16745e+07	1.15125e+07	1.14245e+07	1.15178e+07	
1.18398e+07	1.1614e+07	1.14818e+07	1.14042e+07	1.13425e+07	
1.17275e+07	1.1536e+07	1.13508e+07	1.13022e+07	1.13475e+07	
1.17628e+07	1.16255e+07	1.14798e+07	1.13342e+07	1.13102e+07	
1.1672e+07	1.16678e+07	1.12878e+07	1.12422e+07	1.13235e+07	
1.17425e+07	1.1459e+07	1.14428e+07	1.1309e+07	1.13785e+07	
1.17822e+07	1.16368e+07	1.14192e+07	1.14022e+07	1.13715e+07	
1.18005e+07	1.16078e+07	1.15365e+07	1.14635e+07	1.1437e+07	
1.18862e+07	1.17772e+07	1.14918e+07	1.1551e+07	1.1432e+07	
1.1948e+07	1.17105e+07	1.165e+07	1.1582e+07	1.15675e+07	
1.18598e+07	1.1708e+07	1.15788e+07	1.1498e+07	1.15152e+07	
1.17275e+07	1.15498e+07	1.13872e+07	1.12965e+07	1.1347e+07	
1.1759e+07	1.1529e+07	1.13388e+07	1.13048e+07	1.1372e+07	
1.14955e+07	1.13482e+07	1.1253e+07	1.10495e+07	1.1139e+07	
1.13942e+07	1.12782e+07	1.10852e+07	1.0943e+07	1.09782e+07	
1.15165e+07	1.1229e+07	1.10935e+07	1.0936e+07	1.09298e+07	
1.13305e+07	1.13285e+07	1.0999e+07	1.1067e+07	1.11138e+07	
1.14105e+07	1.12642e+07	1.09952e+07	1.10968e+07	1.10872e+07	
1.14022e+07	1.12745e+07	1.10872e+07	1.0936e+07	1.10048e+07	
1.10798e+07	1.08792e+07	1.07992e+07	1.06612e+07	1.06915e+07	
1.11068e+07	1.0938e+07	1.07565e+07	1.07835e+07	1.08108e+07	
1.10918e+07	1.09322e+07	1.07445e+07	1.07632e+07	1.07842e+07	
1.11118e+07	1.09882e+07	1.0812e+07	1.06525e+07	1.06778e+07	
1.12145e+07	1.1001e+07	1.08655e+07	1.07268e+07	1.08912e+07	
1.1309e+07	1.10752e+07	1.10105e+07	1.09045e+07	1.09588e+07	
1.14402e+07	1.12298e+07	1.0994e+07	1.09658e+07	1.09998e+07	
1.1439e+07	1.11788e+07	1.11478e+07	1.10778e+07	1.10682e+07	
1.14275e+07	1.12522e+07	1.1028e+07	1.0904e+07	1.0943e+07	
1.12655e+07	1.11792e+07	1.09082e+07	1.08352e+07	1.09542e+07	
1.14578e+07	1.12455e+07	1.09732e+07	1.08975e+07	1.09335e+07	
1.14048e+07	1.1219e+07	1.09472e+07	1.08855e+07	1.10602e+07	
1.1403e+07	1.1229e+07	1.11288e+07	1.103e+07	1.1176e+07	
1.14692e+07	1.12202e+07	1.11105e+07	1.103e+07	1.11352e+07	
1.1367e+07	1.1229e+07	1.11615e+07	1.11175e+07	1.1127e+07	
1.1357e+07	1.12182e+07	1.1018e+07	1.10218e+07	1.1076e+07	
1.14035e+07	1.12782e+07	1.09555e+07	1.09538e+07	1.09645e+07	
1.13388e+07	1.1214e+07	1.10198e+07	1.09882e+07	1.09732e+07	
1.12555e+07	1.10998e+07	1.10198e+07	1.08988e+07	1.09878e+07	
1.1159e+07	1.10628e+07	1.10362e+07	1.0805e+07	1.0873e+07	
1.11312e+07	1.1028e+07	1.09278e+07	1.07872e+07	1.08018e+07	
1.10652e+07	1.08982e+07	1.07155e+07	1.08e+07	1.07942e+07	
1.11038e+07	1.10325e+07	1.08548e+07	1.07092e+07	1.07988e+07	
1.1202e+07	1.10532e+07	1.08788e+07	1.08055e+07	1.08585e+07	
1.1364e+07	1.11648e+07	1.09235e+07	1.0907e+07	1.08945e+07	
1.13488e+07	1.12592e+07	1.10218e+07	1.08265e+07	1.1033e+07	
1.12392e+07	1.11075e+07	1.09102e+07	1.08465e+07	1.09965e+07	
1.11648e+07	1.11042e+07	1.0786e+07	1.07898e+07	1.07715e+07	
1.1122e+07	1.09948e+07	1.0779e+07	1.06922e+07	1.0769e+07	
1.12182e+07	1.09828e+07	1.09132e+07	1.07122e+07	1.0774e+07	
1.10948e+07	1.09658e+07	1.08075e+07	1.0706e+07	1.07942e+07	
1.1021e+07	1.09638e+07	1.082e+07	1.06832e+07	1.0747e+07	
1.09725e+07	1.09675e+07	1.07615e+07	1.06475e+07	1.06928e+07	
1.0984e+07	1.08598e+07	1.0641e+07	1.0546e+07	1.0587e+07	
1.08642e+07	1.07615e+07	1.0423e+07	1.04905e+07	1.05352e+07	
1.08365e+07	1.05605e+07	1.04105e+07	1.0365e+07	1.05352e+07	
1.07722e+07	1.06538e+07	1.04622e+07	1.05202e+07	1.04938e+07	
1.09215e+07	1.07805e+07	1.05125e+07	1.05812e+07	1.059e+07	
1.09435e+07	1.08932e+07	1.06348e+07	1.05838e+07	1.05938e+07	
1.11445e+07	1.0926e+07	1.08522e+07	1.06582e+07	1.07192e+07	
1.12178e+07	1.09762e+07	1.06935e+07	1.08055e+07	1.06765e+07	
1.12915e+07	1.10608e+07	1.0858e+07	1.08958e+07	1.09695e+07	
1.12215e+07	1.11068e+07	1.08768e+07	1.08572e+07	1.08075e+07	
1.10508e+07	1.10015e+07	1.07992e+07	1.0856e+07	1.08838e+07	
1.1125e+07	1.0946e+07	1.08075e+07	1.07722e+07	1.08668e+07	
1.10495e+07	1.09435e+07	1.07002e+07	1.06165e+07	1.06148e+07	
1.11365e+07	1.08068e+07	1.0718e+07	1.06095e+07	1.06368e+07	
1.0851e+07	1.06865e+07	1.06102e+07	1.04962e+07	1.05e+07	
1.0885e+07	1.07408e+07	1.05315e+07	1.04942e+07	1.05585e+07	
1.0805e+07	1.06662e+07	1.05792e+07	1.04205e+07	1.0556e+07	
1.09008e+07	1.07015e+07	1.0444e+07	1.04412e+07	1.043e+07	
1.07072e+07	1.07532e+07	1.0532e+07	1.0459e+07	1.0512e+07	
1.08092e+07	1.07042e+07	1.0645e+07	1.06608e+07	1.0621e+07	
1.07975e+07	1.0672e+07	1.0459e+07	1.03828e+07	1.04338e+07	
1.0834e+07	1.06662e+07	1.04892e+07	1.0512e+07	1.04275e+07	
1.0699e+07	1.05302e+07	1.03538e+07	1.0282e+07	1.0372e+07	
1.07375e+07	1.05472e+07	1.03475e+07	1.02995e+07	1.03562e+07	
1.0495e+07	1.0582e+07	1.02258e+07	1.02705e+07	1.02112e+07	
1.06185e+07	1.04715e+07	1.02278e+07	1.02485e+07	1.02455e+07	
1.07388e+07	1.0524e+07	1.03072e+07	1.03665e+07	1.03405e+07	
1.0665e+07	1.05908e+07	1.03538e+07	1.03658e+07	1.03695e+07	
1.07085e+07	1.05352e+07	1.04842e+07	1.04715e+07	1.03828e+07	
1.08012e+07	1.05082e+07	1.03205e+07	1.0394e+07	1.03152e+07	
1.07242e+07	1.0597e+07	1.04382e+07	1.02762e+07	1.03462e+07	
1.07508e+07	1.0638e+07	1.0483e+07	1.0331e+07	1.04848e+07	
1.07528e+07	1.0699e+07	1.05402e+07	1.04192e+07	1.04098e+07	
1.06662e+07	1.0607e+07	1.03715e+07	1.03362e+07	1.03658e+07	
1.0735e+07	1.05875e+07	1.05252e+07	1.0355e+07	1.04005e+07	
1.0878e+07	1.07312e+07	1.0546e+07	1.0532e+07	1.04872e+07	
1.07475e+07	1.06135e+07	1.0391e+07	1.03852e+07	1.03678e+07	
1.07615e+07	1.066e+07	1.05882e+07	1.03172e+07	1.0512e+07	
1.08315e+07	1.0512e+07	1.04975e+07	1.0273e+07	1.04142e+07	
1.06342e+07	1.06008e+07	1.04872e+07	1.03872e+07	1.03368e+07	
1.06928e+07	1.06712e+07	1.04428e+07	1.03488e+07	1.03625e+07	
1.06682e+07	1.04495e+07	1.02832e+07	1.0309e+07	1.02738e+07	
1.05858e+07	1.0503e+07	1.02705e+07	1.0251e+07	1.01482e+07	
1.04465e+07	1.03045e+07	1.0006e+07	1.0069e+07	1.00802e+07	
1.03532e+07	1.02555e+07	1.00955e+07	9.941e+06	9.931e+06	
1.01125e+07	1.00802e+07	9.951e+06	9.822e+06	9.9625e+06	
1.03828e+07	1.01635e+07	1.00072e+07	9.8995e+06	9.98e+06	
1.03462e+07	1.01415e+07	9.93025e+06	9.88425e+06	9.994e+06	
1.03172e+07	1.0183e+07	1.00765e+07	1.00072e+07	9.88175e+06	
1.02415e+07	1.01332e+07	9.8705e+06	9.854e+06	9.88925e+06	
1.03205e+07	1.00102e+07	9.892e+06	9.94675e+06	9.90375e+06	
1.0057e+07	9.786e+06	9.72425e+06	9.66325e+06	9.769e+06	
9.83075e+06	9.69725e+06	9.5005e+06	9.40725e+06	9.48475e+06	
9.495e+06	9.38275e+06	9.193e+06	9.161e+06	9.135e+06	
9.26925e+06	9.10175e+06	9.01725e+06	8.88425e+06	8.888e+06	
9.1085e+06	9.043e+06	8.74175e+06	8.7665e+06	8.8585e+06	
9.13325e+06	9.05575e+06	8.86475e+06	8.815e+06	8.85275e+06	
9.2705e+06	9.181e+06	8.98825e+06	8.9795e+06	8.9705e+06	
9.457e+06	9.28625e+06	9.14825e+06	9.13e+06	9.1545e+06	
9.47525e+06	9.263e+06	9.19425e+06	9.038e+06	9.15975e+06	
9.6215e+06	9.35575e+06	9.17725e+06	9.20625e+06	9.19425e+06	
9.62775e+06	9.4715e+06	9.25925e+06	9.20625e+06	9.219e+06	
9.5805e+06	9.4325e+06	9.29325e+06	9.20575e+06	9.22025e+06	
9.54775e+06	9.55925e+06	9.30025e+06	9.263e+06	9.29575e+06	
9.5175e+06	9.3235e+06	9.2045e+06	9.18425e+06	9.20375e+06	
9.583e+06	9.382e+06	9.273e+06	9.19175e+06	9.328e+06	
9.54225e+06	9.43625e+06	9.35425e+06	9.207e+06	9.3505e+06	
9.5555e+06	9.3675e+06	9.2555e+06	9.195e+06	9.15975e+06	
9.462e+06	9.36075e+06	9.198e+06	9.1685e+06	9.1545e+06	
9.51375e+06	9.37525e+06	9.135e+06	9.1855e+06	9.081e+06	
9.43325e+06	9.2215e+06	9.0665e+06	9.08975e+06	9.06825e+06	
9.38075e+06	9.28e+06	9.08525e+06	8.975e+06	9.0985e+06	
9.3675e+06	9.28e+06	9.08275e+06	9.04375e+06	9.108e+06	
9.5265e+06	9.27375e+06	9.1875e+06	9.1855e+06	9.1255e+06	
9.5195e+06	9.2825e+06	9.09025e+06	9.132e+06	9.15275e+06	
9.39725e+06	9.3885e+06	9.18475e+06	9.05875e+06	9.2145e+06	
9.5435e+06	9.33175e+06	9.1175e+06	9.0835e+06	9.20575e+06	
9.47775e+06	9.34925e+06	9.07825e+06	9.14825e+06	9.077e+06	
9.45525e+06	9.32725e+06	9.15325e+06	9.15975e+06	9.17425e+06	
9.2385e+06	9.1905e+06	9.02425e+06	9.0475e+06	8.9265e+06	
9.4395e+06	9.26875e+06	9.00075e+06	9.04e+06	9.04675e+06	
9.36375e+06	9.21e+06	8.98825e+06	8.98625e+06	9.045e+06	
9.4205e+06	9.3045e+06	9.0255e+06	8.9875e+06	9.10925e+06	
9.30075e+06	9.1755e+06	9.048e+06	8.97825e+06	9.03425e+06	
9.30975e+06	9.21625e+06	9.094e+06	9.0065e+06	8.965e+06	
9.27675e+06	9.19875e+06	9.074e+06	9.0015e+06	8.963e+06	
9.263e+06	9.1495e+06	9.01975e+06	8.8685e+06	8.99275e+06	
9.28e+06	9.18925e+06	9.038e+06	9.01925e+06	9.06125e+06	
9.09675e+06	8.94925e+06	8.90825e+06	8.8495e+06	8.85975e+06	
9.17925e+06	9.09725e+06	8.8245e+06	8.822e+06	8.86275e+06	
9.2045e+06	9.03425e+06	8.8635e+06	8.8585e+06	8.9655e+06	
9.14075e+06	9.002e+06	8.86925e+06	8.77975e+06	8.87675e+06	
9.1855e+06	9.028e+06	8.81125e+06	8.89375e+06	8.85725e+06	
9.17975e+06	9.096e+06	8.953e+06	8.8535e+06	8.87725e+06	
9.24975e+06	9.0625e+06	9.021e+06	8.82575e+06	8.91125e+06	
9.38075e+06	9.1975e+06	8.99275e+06	8.9575e+06	9.002e+06	
9.3455e+06	9.11375e+06	9.06575e+06	8.97575e+06	8.97375e+06	
9.2755e+06	9.149e+06	9.135e+06	8.93475e+06	8.95925e+06	
9.23775e+06	9.11125e+06	8.9895e+06	9.009e+06	8.99325e+06	
9.35425e+06	9.261e+06	9.08525e+06	9.057e+06	8.9825e+06	
9.35575e+06	9.25425e+06	8.946e+06	8.975e+06	8.99775e+06	
9.227e+06	9.1035e+06	8.92725e+06	8.95175e+06	8.963e+06	
9.26675e+06	9.0935e+06	8.9655e+06	8.985e+06	8.917e+06	
9.171e+06	9.0065e+06	8.91325e+06	8.88375e+06	8.924e+06	
9.336e+06	9.10425e+06	9.04675e+06	8.90875e+06	8.9535e+06	
9.227e+06	9.12125e+06	8.9655e+06	8.91575e+06	8.9625e+06	
9.193e+06	9.09475e+06	8.89425e+06	8.86675e+06	9.0375e+06	
9.25225e+06	9.11875e+06	8.80925e+06	8.85525e+06	8.94975e+06	
9.06575e+06	8.9795e+06	8.82575e+06	8.8075e+06	8.84775e+06	
9.04e+06	8.90125e+06	8.80925e+06	8.81375e+06	8.832e+06	
9.0695e+06	8.8565e+06	8.851e+06	8.72475e+06	8.80625e+06	
9.03625e+06	8.939e+06	8.8225e+06	8.757e+06	8.6865e+06	
8.9825e+06	8.9385e+06	8.7905e+06	8.68575e+06	8.70025e+06	
9.02175e+06	8.849e+06	8.79725e+06	8.6945e+06	8.7185e+06	
8.931e+06	8.84775e+06	8.61775e+06	8.641e+06	8.609e+06	
8.9455e+06	8.90825e+06	8.78975e+06	8.68775e+06	8.64475e+06	
8.90125e+06	8.80625e+06	8.63025e+06	8.63525e+06	8.5735e+06	
8.97625e+06	8.8245e+06	8.71025e+06	8.71475e+06	8.60075e+06	
8.98575e+06	8.859e+06	8.68575e+06	8.7115e+06	8.63925e+06	
8.943e+06	8.818e+06	8.6215e+06	8.624e+06	8.68775e+06	
8.91e+06	8.80175e+06	8.71475e+06	8.588e+06	8.6235e+06	
8.868e+06	8.79975e+06	8.65675e+06	8.634e+06	8.568e+06	
8.837e+06	8.69725e+06	8.58925e+06	8.57675e+06	8.60375e+06	
8.92525e+06	8.7205e+06	8.51825e+06	8.532e+06	8.51875e+06	
8.79925e+06	8.71675e+06	8.55775e+06	8.51e+06	8.45075e+06	
8.77775e+06	8.6405e+06	8.57175e+06	8.46275e+06	8.503e+06	
8.721e+06	8.595e+06	8.404e+06	8.40275e+06	8.382e+06	
8.82825e+06	8.7305e+06	8.52375e+06	8.43175e+06	8.486e+06	
8.7815e+06	8.62725e+06	8.48975e+06	8.40225e+06	8.51125e+06	
8.769e+06	8.48675e+06	8.546e+06	8.391e+06	8.457e+06	
8.68775e+06	8.5535e+06	8.4645e+06	8.287e+06	8.16725e+06	
8.517e+06	8.48925e+06	8.285e+06	8.26175e+06	8.263e+06	
8.53525e+06	8.365e+06	8.22775e+06	8.12875e+06	8.21625e+06	
8.49675e+06	8.3575e+06	8.30025e+06	8.09525e+06	8.1885e+06	
8.47025e+06	8.42875e+06	8.18975e+06	8.23975e+06	8.31275e+06	
8.58925e+06	8.3625e+06	8.18175e+06	8.1205e+06	8.2345e+06	
8.5735e+06	8.396e+06	8.29125e+06	8.239e+06	8.25475e+06	
8.63025e+06	8.476e+06	8.27e+06	8.31775e+06	8.307e+06	
8.6025e+06	8.49875e+06	8.40975e+06	8.336e+06	8.399e+06	
8.52375e+06	8.435e+06	8.31025e+06	8.24725e+06	8.25725e+06	
8.5565e+06	8.505e+06	8.41975e+06	8.273e+06	8.329e+06	
8.61825e+06	8.47275e+06	8.1975e+06	8.283e+06	8.319e+06	
8.6115e+06	8.50375e+06	8.35425e+06	8.44875e+06	8.38025e+06	
8.614e+06	8.54775e+06	8.3765e+06	8.31525e+06	8.275e+06	
8.6625e+06	8.4835e+06	8.382e+06	8.39225e+06	8.34175e+06	
8.6625e+06	8.56725e+06	8.4105e+06	8.29875e+06	8.34625e+06	
8.70225e+06	8.45825e+06	8.358e+06	8.36825e+06	8.35875e+06	
8.4545e+06	8.36625e+06	8.27675e+06	8.21325e+06	8.31475e+06	
8.43825e+06	8.575e+06	8.27e+06	8.3355e+06	8.246e+06	
8.505e+06	8.34875e+06	8.22e+06	8.15325e+06	8.2415e+06	
8.457e+06	8.391e+06	8.147e+06	8.14825e+06	8.135e+06	
8.45075e+06	8.375e+06	8.2345e+06	8.0885e+06	8.13375e+06	
8.39475e+06	8.188e+06	8.0235e+06	8.11675e+06	8.0185e+06	
8.37775e+06	8.27e+06	8.0745e+06	8.1175e+06	8.16725e+06	
8.29875e+06	8.2095e+06	8.1035e+06	8.0675e+06	8.05125e+06	
8.2295e+06	8.22825e+06	8.03175e+06	7.871e+06	7.973e+06	
8.2605e+06	8.0575e+06	7.999e+06	7.864e+06	7.936e+06	
8.1545e+06	8.0425e+06	7.9385e+06	7.87175e+06	7.8085e+06	
8.06125e+06	8.038e+06	7.8545e+06	7.77775e+06	7.806e+06	
8.031e+06	7.9775e+06	7.7695e+06	7.72475e+06	7.786e+06	
8.0985e+06	7.8735e+06	7.79425e+06	7.784e+06	7.91075e+06	
7.98625e+06	7.9075e+06	7.80425e+06	7.791e+06	7.76775e+06	
8.149e+06	8.04625e+06	7.81175e+06	7.73675e+06	7.815e+06	
7.96375e+06	7.97625e+06	7.87925e+06	7.78275e+06	7.849e+06	
8.072e+06	7.91575e+06	7.789e+06	7.70975e+06	7.796e+06	
7.8955e+06	7.798e+06	7.665e+06	7.67375e+06	7.7185e+06	
7.8495e+06	7.67875e+06	7.597e+06	7.6245e+06	7.60625e+06	
7.825e+06	7.7355e+06	7.626e+06	7.55475e+06	7.56975e+06	
7.78525e+06	7.643e+06	7.3965e+06	7.561e+06	7.53525e+06	
7.80175e+06	7.731e+06	7.5755e+06	7.493e+06	7.5325e+06	
7.813e+06	7.65175e+06	7.56925e+06	7.5195e+06	7.496e+06	
7.68775e+06	7.69825e+06	7.51e+06	7.45075e+06	7.45625e+06	
7.70975e+06	7.626e+06	7.44375e+06	7.41925e+06	7.48475e+06	
7.70725e+06	7.62725e+06	7.52575e+06	7.498e+06	7.55225e+06	
7.76325e+06	7.62725e+06	7.5685e+06	7.38825e+06	7.43875e+06	
7.643e+06	7.556e+06	7.45825e+06	7.36875e+06	7.317e+06	
7.73675e+06	7.57675e+06	7.3795e+06	7.39775e+06	7.3335e+06	
7.6075e+06	7.4475e+06	7.41025e+06	7.32025e+06	7.29125e+06	
7.6655e+06	7.4935e+06	7.3745e+06	7.285e+06	7.33725e+06	
7.607e+06	7.33225e+06	7.363e+06	7.27425e+06	7.346e+06	
7.61825e+06	7.50675e+06	7.38525e+06	7.3215e+06	7.37875e+06	
7.7475e+06	7.486e+06	7.40725e+06	7.3675e+06	7.416e+06	
7.55275e+06	7.52825e+06	7.2565e+06	7.278e+06	7.275e+06	
7.496e+06	7.4065e+06	7.324e+06	7.3095e+06	7.25925e+06	
7.568e+06	7.49225e+06	7.27175e+06	7.19225e+06	7.26225e+06	
7.56975e+06	7.3965e+06	7.283e+06	7.24725e+06	7.32775e+06	
7.59875e+06	7.423e+06	7.2685e+06	7.27925e+06	7.317e+06	
7.51425e+06	7.396e+06	7.29075e+06	7.2535e+06	7.26925e+06	
7.46075e+06	7.334e+06	7.23825e+06	7.10275e+06	7.15575e+06	
7.46525e+06	7.363e+06	7.20375e+06	7.096e+06	7.19225e+06	
7.3915e+06	7.31025e+06	7.13375e+06	7.1445e+06	7.1785e+06	
7.46025e+06	7.292e+06	7.1565e+06	7.176e+06	7.1395e+06	
7.4065e+06	7.302e+06	7.116e+06	7.17275e+06	7.215e+06	
7.36e+06	7.329e+06	7.15775e+06	7.09275e+06	7.09525e+06	
7.38825e+06	7.32975e+06	7.1105e+06	7.0865e+06	7.1475e+06	
7.3795e+06	7.36e+06	7.13575e+06	7.159e+06	7.142e+06	
7.392e+06	7.16975e+06	7.19225e+06	7.2075e+06	7.11725e+06	
7.343e+06	7.24025e+06	7.13175e+06	7.1325e+06	7.02775e+06	
7.43425e+06	7.22575e+06	7.15e+06	7.10275e+06	7.171e+06	
7.2655e+06	7.15075e+06	6.9995e+06	6.98625e+06	7.0305e+06	
7.3065e+06	7.0625e+06	7.14075e+06	7.01725e+06	6.99125e+06	
7.19425e+06	7.03175e+06	7.043e+06	6.8805e+06	6.9005e+06	
7.1205e+06	7.07325e+06	6.90575e+06	6.95225e+06	6.8975e+06	
7.1035e+06	6.99375e+06	6.9005e+06	6.9025e+06	6.87725e+06	
7.06325e+06	7.0625e+06	6.9075e+06	6.854e+06	6.84325e+06	
7.06825e+06	6.9365e+06	6.83075e+06	6.808e+06	6.859e+06	
6.968e+06	6.89175e+06	6.84575e+06	6.78075e+06	6.78725e+06	
6.90875e+06	6.852e+06	6.685e+06	6.692e+06	6.757e+06	
6.97425e+06	6.87675e+06	6.7115e+06	6.757e+06	6.78975e+06	
7.01475e+06	6.813e+06	6.801e+06	6.69075e+06	6.668e+06	
6.978e+06	6.9075e+06	6.779e+06	6.789e+06	6.80425e+06	
6.93325e+06	6.92e+06	6.77025e+06	6.68325e+06	6.7305e+06	
6.95925e+06	6.893e+06	6.7525e+06	6.6505e+06	6.67875e+06	
6.9895e+06	6.78775e+06	6.69275e+06	6.74925e+06	6.71275e+06	
6.895e+06	6.8345e+06	6.70575e+06	6.612e+06	6.72675e+06	
6.738e+06	6.801e+06	6.544e+06	6.617e+06	6.62325e+06	
6.9875e+06	6.68875e+06	6.59e+06	6.57925e+06	6.64025e+06	
6.794e+06	6.6585e+06	6.51425e+06	6.4405e+06	6.53e+06	
6.72475e+06	6.57725e+06	6.50925e+06	6.40025e+06	6.48025e+06	
6.79975e+06	6.65975e+06	6.45575e+06	6.50425e+06	6.4935e+06	
6.648e+06	6.4475e+06	6.42725e+06	6.4085e+06	6.41025e+06	
6.56225e+06	6.52875e+06	6.4205e+06	6.3455e+06	6.32975e+06	
6.59425e+06	6.4205e+06	6.45075e+06	6.2635e+06	6.3045e+06	
6.46e+06	6.447e+06	6.2415e+06	6.22075e+06	6.266e+06	
6.51875e+06	6.39075e+06	6.329e+06	6.20375e+06	6.203e+06	
6.47575e+06	6.3745e+06	6.27875e+06	6.2465e+06	6.27225e+06	
6.394e+06	6.319e+06	6.22575e+06	6.22625e+06	6.2055e+06	
6.32525e+06	6.26225e+06	6.213e+06	6.13375e+06	6.198e+06	
6.329e+06	6.16075e+06	6.11475e+06	6.10975e+06	6.116e+06	
6.21175e+06	6.16575e+06	6.10975e+06	6.01525e+06	6.09475e+06	
6.217e+06	6.15125e+06	6.09725e+06	6.04675e+06	5.992e+06	
6.3095e+06	6.25225e+06	6.07325e+06	6.0645e+06	6.063e+06	
6.33225e+06	6.2025e+06	6.09475e+06	6.02225e+06	6.1085e+06	
6.35175e+06	6.334e+06	6.24325e+06	6.1615e+06	6.16825e+06	
6.2655e+06	6.24325e+06	6.1615e+06	6.152e+06	6.164e+06	
6.196e+06	6.22625e+06	6.05425e+06	5.96225e+06	6.15775e+06	
6.305e+06	6.18725e+06	6.02975e+06	5.99375e+06	5.934e+06	
6.27225e+06	6.128e+06	6.08325e+06	6.0745e+06	6.026e+06	
6.295e+06	6.2485e+06	6.18275e+06	6.1105e+06	6.077e+06	
6.288e+06	6.20675e+06	6.1495e+06	6.031e+06	6.142e+06	
6.25975e+06	6.2155e+06	6.04675e+06	6.07375e+06	6.029e+06	
6.239e+06	6.1985e+06	6.15e+06	6.014e+06	6.019e+06	
6.18725e+06	6.1375e+06	6.02725e+06	5.951e+06	6.07e+06	
6.16575e+06	6.12225e+06	5.9685e+06	5.971e+06	5.975e+06	
6.244e+06	6.0335e+06	6.021e+06	5.9315e+06	5.9075e+06	
6.113e+06	5.99875e+06	5.88925e+06	5.91375e+06	5.9345e+06	
5.946e+06	5.888e+06	5.743e+06	5.719e+06	5.78575e+06	
5.77125e+06	5.70025e+06	5.64225e+06	5.52875e+06	5.6635e+06	
5.54e+06	5.5125e+06	5.3675e+06	5.27925e+06	5.31775e+06	
5.31575e+06	5.33775e+06	5.25975e+06	5.12675e+06	5.14375e+06	
5.35475e+06	5.2665e+06	5.237e+06	5.259e+06	5.20675e+06	
5.53625e+06	5.4505e+06	5.29e+06	5.2905e+06	5.33025e+06	
5.63775e+06	5.5545e+06	5.368e+06	5.42475e+06	5.39275e+06	
5.77075e+06	5.5905e+06	5.523e+06	5.56225e+06	5.4185e+06	
5.84e+06	5.7625e+06	5.69575e+06	5.5755e+06	5.682e+06	
5.80025e+06	5.755e+06	5.68075e+06	5.6315e+06	5.62775e+06	
5.8735e+06	5.83825e+06	5.8015e+06	5.714e+06	5.68075e+06	
5.89475e+06	5.866e+06	5.779e+06	5.7845e+06	5.8055e+06	
6.017e+06	5.835e+06	5.78575e+06	5.73975e+06	5.721e+06	
5.96225e+06	5.854e+06	5.7285e+06	5.72925e+06	5.76575e+06	
5.99125e+06	5.9295e+06	5.75125e+06	5.74925e+06	5.75125e+06	
5.9395e+06	5.95975e+06	5.8885e+06	5.79725e+06	5.828e+06	
5.99575e+06	5.9295e+06	5.79525e+06	5.79225e+06	5.74925e+06	
5.9535e+06	5.854e+06	5.7285e+06	5.753e+06	5.76875e+06	
6.07125e+06	5.80025e+06	5.83825e+06	5.68375e+06	5.77525e+06	
6.03425e+06	5.958e+06	5.779e+06	5.835e+06	5.8255e+06	
5.963e+06	5.944e+06	5.777e+06	5.77325e+06	5.81225e+06	
6.0625e+06	5.94775e+06	5.84e+06	5.7885e+06	5.787e+06	
5.95475e+06	5.89225e+06	5.77275e+06	5.80925e+06	5.80675e+06	
5.9465e+06	5.90425e+06	5.6675e+06	5.75175e+06	5.74425e+06	
5.90925e+06	5.88975e+06	5.77125e+06	5.724e+06	5.7885e+06	
5.837e+06	5.82e+06	5.71775e+06	5.63525e+06	5.70275e+06	
5.90175e+06	5.83175e+06	5.685e+06	5.62775e+06	5.69125e+06	
5.866e+06	5.78275e+06	5.71775e+06	5.6945e+06	5.76375e+06	
5.87275e+06	5.794e+06	5.799e+06	5.685e+06	5.738e+06	
5.82675e+06	5.833e+06	5.66175e+06	5.65975e+06	5.61e+06	
5.8835e+06	5.73675e+06	5.6655e+06	5.70575e+06	5.67925e+06	
5.89625e+06	5.8255e+06	5.673e+06	5.658e+06	5.6775e+06	
5.91075e+06	5.78075e+06	5.61125e+06	5.61325e+06	5.658e+06	
5.81725e+06	5.862e+06	5.658e+06	5.6125e+06	5.62025e+06	
5.82425e+06	5.7355e+06	5.65725e+06	5.62275e+06	5.6705e+06	
5.80475e+06	5.7795e+06	5.62775e+06	5.58475e+06	5.59425e+06	
5.74675e+06	5.67875e+06	5.721e+06	5.547e+06	5.644e+06	
5.7795e+06	5.765e+06	5.63325e+06	5.6195e+06	5.6215e+06	
5.76825e+06	5.68825e+06	5.6215e+06	5.6e+06	5.60125e+06	
5.7285e+06	5.64775e+06	5.62275e+06	5.59375e+06	5.542e+06	
5.7935e+06	5.74175e+06	5.63525e+06	5.58225e+06	5.615e+06	
5.7645e+06	5.6875e+06	5.61625e+06	5.57475e+06	5.6045e+06	
5.81475e+06	5.81475e+06	5.583e+06	5.557e+06	5.5905e+06	
5.72475e+06	5.6365e+06	5.59925e+06	5.561e+06	5.501e+06	
5.65925e+06	5.557e+06	5.46775e+06	5.49725e+06	5.5685e+06	
5.692e+06	5.646e+06	5.5155e+06	5.5155e+06	5.57475e+06	
5.74925e+06	5.615e+06	5.54525e+06	5.4625e+06	5.518e+06	
5.58925e+06	5.5425e+06	5.4795e+06	5.426e+06	5.448e+06	
5.61575e+06	5.559e+06	5.4135e+06	5.36375e+06	5.4715e+06	
5.66625e+06	5.59875e+06	5.4305e+06	5.47075e+06	5.428e+06	
5.641e+06	5.515e+06	5.34475e+06	5.40025e+06	5.50675e+06	
5.559e+06	5.53825e+06	5.31325e+06	5.33975e+06	5.4015e+06	
5.615e+06	5.4885e+06	5.4455e+06	5.40975e+06	5.49525e+06	
5.5715e+06	5.5055e+06	5.411e+06	5.443e+06	5.4135e+06	
5.6585e+06	5.50975e+06	5.431e+06	5.3845e+06	5.40075e+06	
5.59925e+06	5.49225e+06	5.39825e+06	5.4235e+06	5.42225e+06	
5.5785e+06	5.56275e+06	5.4455e+06	5.38075e+06	5.33475e+06	
5.57725e+06	5.382e+06	5.29625e+06	5.346e+06	5.39525e+06	
5.57725e+06	5.43175e+06	5.3705e+06	5.4185e+06	5.41475e+06	
5.49475e+06	5.42925e+06	5.42225e+06	5.2415e+06	5.29875e+06	
5.503e+06	5.4115e+06	5.35425e+06	5.32025e+06	5.331e+06	
5.525e+06	5.452e+06	5.32525e+06	5.3165e+06	5.329e+06	
5.47025e+06	5.4355e+06	5.32575e+06	5.254e+06	5.329e+06	
5.53825e+06	5.4455e+06	5.33275e+06	5.26475e+06	5.30075e+06	
5.399e+06	5.3435e+06	5.273e+06	5.3315e+06	5.2075e+06	
5.4745e+06	5.41775e+06	5.2615e+06	5.36425e+06	5.327e+06	
5.40025e+06	5.40775e+06	5.26975e+06	5.24525e+06	5.32575e+06	
5.491e+06	5.3555e+06	5.2995e+06	5.155e+06	5.30325e+06	
5.40525e+06	5.40975e+06	5.208e+06	5.20175e+06	5.24275e+06	
5.42425e+06	5.31575e+06	5.254e+06	5.25525e+06	5.278e+06	
5.41525e+06	5.314e+06	5.266e+06	5.21375e+06	5.21425e+06	
5.46125e+06	5.3165e+06	5.1525e+06	5.1495e+06	5.19975e+06	
5.41475e+06	5.3505e+06	5.2535e+06	5.16075e+06	5.16825e+06	
5.382e+06	5.3435e+06	5.19475e+06	5.16275e+06	5.20475e+06	
5.331e+06	5.36375e+06	5.25225e+06	5.2225e+06	5.19225e+06	
5.30125e+06	5.1405e+06	5.15575e+06	5.0405e+06	5.14875e+06	
5.3165e+06	5.2995e+06	5.2755e+06	5.11675e+06	5.1695e+06	
5.29425e+06	5.3215e+06	5.2035e+06	5.10475e+06	5.101e+06	
5.419e+06	5.22375e+06	5.196e+06	5.10025e+06	5.2035e+06	
5.25525e+06	5.22625e+06	5.18525e+06	5.08775e+06	5.128e+06	
5.27675e+06	5.1765e+06	5.0605e+06	5.1715e+06	5.07325e+06	
5.16825e+06	5.21425e+06	5.06125e+06	5.0095e+06	5.07125e+06	
5.2005e+06	5.1935e+06	5.06825e+06	4.988e+06	5.05925e+06	
5.17975e+06	5.09325e+06	5.07325e+06	4.99375e+06	5.043e+06	
5.09525e+06	5.10225e+06	5.0675e+06	4.95725e+06	4.9875e+06	
5.13625e+06	5.12725e+06	5.009e+06	4.95225e+06	5.01525e+06	
5.14375e+06	5.07575e+06	4.9855e+06	4.869e+06	4.9365e+06	
5.09775e+06	5.0025e+06	4.913e+06	4.89475e+06	4.94525e+06	
5.05625e+06	5.048e+06	4.9395e+06	4.905e+06	4.95975e+06	
5.0115e+06	4.99575e+06	4.946e+06	4.83875e+06	4.89175e+06	
5.072e+06	4.9175e+06	4.852e+06	4.825e+06	4.80975e+06	
4.9585e+06	4.79975e+06	4.79775e+06	4.76575e+06	4.77825e+06	
4.76575e+06	4.69875e+06	4.6705e+06	4.6125e+06	4.6075e+06	
4.50025e+06	4.41775e+06	4.34475e+06	4.34275e+06	4.385e+06	
4.24075e+06	4.174e+06	4.116e+06	4.1015e+06	4.0965e+06	
4.08575e+06	3.99625e+06	3.9785e+06	3.947e+06	3.9445e+06	
4.1085e+06	4.05925e+06	4.0535e+06	3.97425e+06	3.91375e+06	
4.15575e+06	4.097e+06	4.0655e+06	4.0215e+06	3.9535e+06	
4.17575e+06	4.13675e+06	4.065e+06	3.99375e+06	4.075e+06	
4.19225e+06	4.06175e+06	4.0845e+06	4.014e+06	4.0075e+06	
4.18525e+06	4.11525e+06	4.012e+06	3.9785e+06	4.04925e+06	
4.18275e+06	4.1305e+06	4.04425e+06	4.0535e+06	4.0535e+06	
4.15575e+06	4.07625e+06	4.07175e+06	4.0435e+06	4.0875e+06	
4.2805e+06	4.1625e+06	4.114e+06	4.03725e+06	4.089e+06	
4.29625e+06	4.264e+06	4.0915e+06	4.12175e+06	4.14375e+06	
4.2275e+06	4.23375e+06	4.143e+06	4.07375e+06	4.15325e+06	
4.33725e+06	4.2955e+06	4.225e+06	4.1575e+06	4.1815e+06	
4.37125e+06	4.25725e+06	4.26275e+06	4.179e+06	4.235e+06	
4.34525e+06	4.2715e+06	4.25725e+06	4.18225e+06	4.29625e+06	
4.38e+06	4.3635e+06	4.20425e+06	4.26475e+06	4.27975e+06	
4.40325e+06	4.3485e+06	4.24525e+06	4.227e+06	4.259e+06	
4.37625e+06	4.27725e+06	4.198e+06	4.2415e+06	4.23325e+06	
4.3555e+06	4.34025e+06	4.24575e+06	4.145e+06	4.213e+06	
4.35925e+06	4.298e+06	4.23325e+06	4.189e+06	4.2085e+06	
4.32325e+06	4.266e+06	4.135e+06	4.15375e+06	4.15125e+06	
4.25725e+06	4.20425e+06	4.14625e+06	4.087e+06	4.08625e+06	
4.247e+06	4.2005e+06	4.1595e+06	4.109e+06	4.12175e+06	
4.27725e+06	4.237e+06	4.0535e+06	4.07e+06	4.09025e+06	
4.25275e+06	4.213e+06	4.12175e+06	4.08825e+06	4.09275e+06	
4.29375e+06	4.172e+06	4.0625e+06	4.03275e+06	4.068e+06	
4.21925e+06	4.1865e+06	4.082e+06	4.167e+06	4.111e+06	
4.23325e+06	4.1455e+06	4.15875e+06	4.11475e+06	4.07325e+06	
4.2735e+06	4.271e+06	4.1235e+06	4.186e+06	4.16825e+06	
4.3265e+06	4.283e+06	4.23825e+06	4.1285e+06	4.19725e+06	
4.336e+06	4.2875e+06	4.201e+06	4.13625e+06	4.169e+06	
4.33025e+06	4.286e+06	4.20225e+06	4.1425e+06	4.15125e+06	
4.34725e+06	4.23375e+06	4.13875e+06	4.1455e+06	4.18525e+06	
4.288e+06	4.20225e+06	4.12975e+06	4.123e+06	4.11025e+06	
4.14425e+06	4.15875e+06	4.123e+06	4.0165e+06	4.077e+06	
4.184e+06	4.116e+06	4.09525e+06	4.04425e+06	3.99375e+06	
4.1375e+06	4.10025e+06	4.01775e+06	4.06e+06	4.04675e+06	
4.11775e+06	4.1305e+06	4.00375e+06	4.01325e+06	3.97925e+06	
4.10975e+06	4.0265e+06	4.002e+06	4.0095e+06	3.9755e+06	
4.0845e+06	4.02275e+06	3.95025e+06	3.88475e+06	3.9415e+06	
4.08325e+06	3.951e+06	3.9225e+06	3.89725e+06	3.89975e+06	
3.9905e+06	3.9565e+06	3.8815e+06	3.838e+06	3.87325e+06	
3.939e+06	3.91e+06	3.8255e+06	3.7985e+06	3.8645e+06	
3.949e+06	3.8835e+06	3.8595e+06	3.818e+06	3.8715e+06	
3.988e+06	3.84375e+06	3.84125e+06	3.81975e+06	3.7865e+06	
3.918e+06	3.8595e+06	3.826e+06	3.8235e+06	3.7555e+06	
3.94075e+06	3.89225e+06	3.8325e+06	3.75375e+06	3.78125e+06	
3.96525e+06	3.90425e+06	3.852e+06	3.7745e+06	3.81225e+06	
3.91375e+06	3.8405e+06	3.811e+06	3.83925e+06	3.84875e+06	
3.9245e+06	3.85e+06	3.81725e+06	3.789e+06	3.77325e+06	
3.91125e+06	3.89675e+06	3.85375e+06	3.801e+06	3.801e+06	
3.93e+06	3.835e+06	3.838e+06	3.797e+06	3.76425e+06	
3.9495e+06	3.89425e+06	3.78325e+06	3.799e+06	3.78e+06	
3.95275e+06	3.8785e+06	3.80225e+06	3.7945e+06	3.84125e+06	
3.93075e+06	3.809e+06	3.82675e+06	3.8035e+06	3.77325e+06	
3.8305e+06	3.8955e+06	3.80975e+06	3.7555e+06	3.84875e+06	
3.88025e+06	3.8445e+06	3.8065e+06	3.692e+06	3.76625e+06	
3.89175e+06	3.76825e+06	3.73275e+06	3.656e+06	3.7775e+06	
3.8715e+06	3.77625e+06	3.688e+06	3.66925e+06	3.7315e+06	
3.8445e+06	3.83375e+06	3.772e+06	3.7455e+06	3.7315e+06	
3.8445e+06	3.809e+06	3.72725e+06	3.724e+06	3.71275e+06	
3.81025e+06	3.8135e+06	3.7215e+06	3.7435e+06	3.70125e+06	
3.8035e+06	3.75675e+06	3.71025e+06	3.7045e+06	3.673e+06	
3.77825e+06	3.69125e+06	3.71525e+06	3.66675e+06	3.71075e+06	
3.734e+06	3.74675e+06	3.683e+06	3.7065e+06	3.6755e+06	
3.7455e+06	3.714e+06	3.639e+06	3.683e+06	3.613e+06	
3.7575e+06	3.73525e+06	3.634e+06	3.646e+06	3.63525e+06	
3.76425e+06	3.7145e+06	3.632e+06	3.649e+06	3.593e+06	
3.69875e+06	3.673e+06	3.66975e+06	3.605e+06	3.593e+06	
3.81025e+06	3.6945e+06	3.61825e+06	3.6315e+06	3.6295e+06	
3.69125e+06	3.71575e+06	3.62375e+06	3.6105e+06	3.60625e+06	
3.731e+06	3.65975e+06	3.60875e+06	3.60375e+06	3.6105e+06	
3.7235e+06	3.67175e+06	3.63075e+06	3.6e+06	3.58725e+06	
3.6855e+06	3.70375e+06	3.5765e+06	3.52375e+06	3.6025e+06	
3.7045e+06	3.62e+06	3.52175e+06	3.48525e+06	3.5615e+06	
3.673e+06	3.60425e+06	3.53425e+06	3.58475e+06	3.5785e+06	
3.675e+06	3.5665e+06	3.567e+06	3.52425e+06	3.53175e+06	
3.632e+06	3.56975e+06	3.484e+06	3.51475e+06	3.506e+06	
3.554e+06	3.56975e+06	3.48575e+06	3.45675e+06	3.4745e+06	
3.6125e+06	3.5905e+06	3.45925e+06	3.484e+06	3.48825e+06	
3.6195e+06	3.52375e+06	3.4405e+06	3.40775e+06	3.45125e+06	
3.5715e+06	3.5225e+06	3.438e+06	3.4355e+06	3.41775e+06	
3.4745e+06	3.45675e+06	3.40275e+06	3.44475e+06	3.42275e+06	
3.54875e+06	3.45425e+06	3.4455e+06	3.363e+06	3.3945e+06	
3.50975e+06	3.47375e+06	3.431e+06	3.29675e+06	3.39e+06	
3.55275e+06	3.48325e+06	3.42275e+06	3.3535e+06	3.37625e+06	
3.4065e+06	3.34525e+06	3.35225e+06	3.36475e+06	3.3345e+06	
3.35925e+06	3.4095e+06	3.269e+06	3.2545e+06	3.27675e+06	
3.37e+06	3.32525e+06	3.23125e+06	3.19725e+06	3.2305e+06	
3.1575e+06	3.19975e+06	3.08625e+06	3.08125e+06	3.128e+06	
3.15375e+06	3.07e+06	3.05975e+06	3.00625e+06	3.0465e+06	
3.01375e+06	3.012e+06	2.9175e+06	2.872e+06	2.94775e+06	
2.93575e+06	2.89425e+06	2.906e+06	2.852e+06	2.83425e+06	
2.92125e+06	2.82675e+06	2.79275e+06	2.78825e+06	2.845e+06	
2.8135e+06	2.7745e+06	2.7265e+06	2.6925e+06	2.72325e+06	
2.74475e+06	2.7675e+06	2.66675e+06	2.66725e+06	2.65975e+06	
2.6925e+06	2.65525e+06	2.6245e+06	2.63825e+06	2.60175e+06	
2.68875e+06	2.60625e+06	2.62875e+06	2.57775e+06	2.6295e+06	
2.6225e+06	2.61675e+06	2.53175e+06	2.562e+06	2.58525e+06	
2.63125e+06	2.603e+06	2.64075e+06	2.59475e+06	2.598e+06	
2.668e+06	2.59475e+06	2.6275e+06	2.596e+06	2.6075e+06	
2.746e+06	2.72025e+06	2.68675e+06	2.651e+06	2.58975e+06	
2.75925e+06	2.75625e+06	2.70825e+06	2.71775e+06	2.71075e+06	
2.82225e+06	2.8405e+06	2.787e+06	2.7605e+06	2.816e+06	
2.93875e+06	2.9005e+06	2.8715e+06	2.85375e+06	2.89275e+06	
3.01375e+06	2.952e+06	2.93825e+06	2.88475e+06	2.95975e+06	
3.0655e+06	2.98175e+06	2.9375e+06	2.86525e+06	2.93075e+06	
3.0415e+06	2.97725e+06	2.971e+06	2.9225e+06	2.89425e+06	
2.96975e+06	2.944e+06	2.87775e+06	2.89225e+06	2.891e+06	
2.915e+06	2.85625e+06	2.83925e+06	2.78375e+06	2.86525e+06	
2.78825e+06	2.77875e+06	2.7115e+06	2.70625e+06	2.751e+06	
2.7915e+06	2.7725e+06	2.7025e+06	2.69e+06	2.76425e+06	
2.8035e+06	2.7145e+06	2.7265e+06	2.6875e+06	2.68675e+06	
2.717e+06	2.75875e+06	2.69e+06	2.63575e+06	2.66275e+06	
2.69375e+06	2.69425e+06	2.685e+06	2.68625e+06	2.60925e+06	
2.7285e+06	2.695e+06	2.6685e+06	2.627e+06	2.651e+06	
2.73775e+06	2.654e+06	2.65525e+06	2.61125e+06	2.63325e+06	
2.74475e+06	2.70075e+06	2.661e+06	2.66675e+06	2.62125e+06	
2.731e+06	2.70125e+06	2.64775e+06	2.647e+06	2.65475e+06	
2.7555e+06	2.73225e+06	2.697e+06	2.66475e+06	2.707e+06	
2.7705e+06	2.70325e+06	2.647e+06	2.6615e+06	2.66725e+06	
2.72325e+06	2.746e+06	2.6875e+06	2.6325e+06	2.627e+06	
2.70075e+06	2.68e+06	2.6445e+06	2.644e+06	2.6515e+06	
2.6785e+06	2.651e+06	2.65725e+06	2.625e+06	2.64525e+06	
2.707e+06	2.625e+06	2.6325e+06	2.654e+06	2.64525e+06	
2.7285e+06	2.66975e+06	2.688e+06	2.66025e+06	2.6365e+06	
2.705e+06	2.6875e+06	2.64275e+06	2.66975e+06	2.6125e+06	
2.68625e+06	2.649e+06	2.625e+06	2.55825e+06	2.61875e+06	
2.7075e+06	2.6785e+06	2.65775e+06	2.61175e+06	2.61675e+06	
2.702e+06	2.65725e+06	2.61425e+06	2.62375e+06	2.71275e+06	
2.6825e+06	2.6855e+06	2.63325e+06	2.68875e+06	2.65775e+06	
2.73725e+06	2.6705e+06	2.598e+06	2.625e+06	2.62825e+06	
2.79075e+06	2.66675e+06	2.64325e+06	2.63775e+06	2.60375e+06	
2.6615e+06	2.676e+06	2.65475e+06	2.61625e+06	2.6365e+06	
2.7095e+06	2.693e+06	2.6275e+06	2.62125e+06	2.6415e+06	
2.741e+06	2.70125e+06	2.6445e+06	2.64825e+06	2.676e+06	
2.78125e+06	2.75175e+06	2.68625e+06	2.65475e+06	2.695e+06	
2.8205e+06	2.794e+06	2.7845e+06	2.75425e+06	2.66675e+06	
2.8115e+06	2.748e+06	2.74725e+06	2.75225e+06	2.7335e+06	
2.80525e+06	2.816e+06	2.753e+06	2.7095e+06	2.8065e+06	
2.89025e+06	2.864e+06	2.857e+06	2.75175e+06	2.8085e+06	
2.93325e+06	2.85e+06	2.84625e+06	2.789e+06	2.81025e+06	
2.92e+06	2.8475e+06	2.816e+06	2.83225e+06	2.82175e+06	
2.94325e+06	2.88475e+06	2.79775e+06	2.79025e+06	2.81975e+06	
2.9035e+06	2.8645e+06	2.794e+06	2.83425e+06	2.82225e+06	
2.85375e+06	2.82675e+06	2.835e+06	2.8665e+06	2.828e+06	
2.8865e+06	2.82975e+06	2.833e+06	2.79325e+06	2.80275e+06	
2.88775e+06	2.8575e+06	2.78e+06	2.78575e+06	2.75425e+06	
2.869e+06	2.79825e+06	2.7575e+06	2.8355e+06	2.74425e+06	
2.85075e+06	2.8235e+06	2.792e+06	2.74425e+06	2.77325e+06	
2.8305e+06	2.831e+06	2.76675e+06	2.7625e+06	2.78375e+06	
2.83425e+06	2.845e+06	2.775e+06	2.77125e+06	2.79775e+06	
2.8865e+06	2.8285e+06	2.76625e+06	2.75475e+06	2.78325e+06	
2.92e+06	2.83425e+06	2.83175e+06	2.775e+06	2.77825e+06	
2.88725e+06	2.804e+06	2.8135e+06	2.77825e+06	2.81925e+06	
2.84175e+06	2.75875e+06	2.73275e+06	2.73225e+06	2.72525e+06	
2.82225e+06	2.82725e+06	2.71325e+06	2.7655e+06	2.7675e+06	
2.843e+06	2.79275e+06	2.816e+06	2.794e+06	2.76e+06	
2.8185e+06	2.75675e+06	2.768e+06	2.76625e+06	2.77375e+06	
2.835e+06	2.7845e+06	2.7485e+06	2.78e+06	2.75675e+06	
2.845e+06	2.79075e+06	2.7485e+06	2.75475e+06	2.7285e+06	
2.79825e+06	2.78825e+06	2.7555e+06	2.72075e+06	2.7675e+06	
2.77e+06	2.78e+06	2.75625e+06	2.75175e+06	2.76125e+06	
2.8065e+06	2.78575e+06	2.78125e+06	2.7025e+06	2.73025e+06	
2.78825e+06	2.73025e+06	2.7365e+06	2.722e+06	2.7215e+06	
2.8625e+06	2.74225e+06	2.7075e+06	2.7245e+06	2.705e+06	
2.81275e+06	2.76625e+06	2.6615e+06	2.734e+06	2.7195e+06	
2.79525e+06	2.76625e+06	2.71275e+06	2.705e+06	2.73775e+06	
2.78825e+06	2.76625e+06	2.76925e+06	2.71075e+06	2.7195e+06	
2.80275e+06	2.77625e+06	2.7505e+06	2.73225e+06	2.75175e+06	
2.83225e+06	2.76e+06	2.717e+06	2.71825e+06	2.73225e+06	
2.857e+06	2.79075e+06	2.73475e+06	2.71775e+06	2.76375e+06	
2.85825e+06	2.79075e+06	2.77e+06	2.746e+06	2.731e+06	
2.79025e+06	2.758e+06	2.729e+06	2.71525e+06	2.712e+06	
2.77125e+06	2.7365e+06	2.76375e+06	2.67675e+06	2.70125e+06	
2.78325e+06	2.76e+06	2.71825e+06	2.729e+06	2.75225e+06	
2.772e+06	2.77125e+06	2.70575e+06	2.72725e+06	2.73275e+06	
2.80275e+06	2.75225e+06	2.7675e+06	2.7165e+06	2.70375e+06	
2.78375e+06	2.76875e+06	2.719e+06	2.688e+06	2.70825e+06	
2.7455e+06	2.6975e+06	2.69875e+06	2.69175e+06	2.72275e+06	
2.79775e+06	2.746e+06	2.724e+06	2.69e+06	2.6995e+06	
2.797e+06	2.76175e+06	2.70625e+06	2.6805e+06	2.7095e+06	
2.81025e+06	2.70325e+06	2.69425e+06	2.705e+06	2.6925e+06	
2.75425e+06	2.748e+06	2.7365e+06	2.70375e+06	2.73525e+06	
2.74475e+06	2.6995e+06	2.70625e+06	2.68925e+06	2.63775e+06	
2.77125e+06	2.729e+06	2.739e+06	2.6655e+06	2.68425e+06	
2.74675e+06	2.74425e+06	2.6875e+06	2.73775e+06	2.7045e+06	
2.73475e+06	2.724e+06	2.659e+06	2.6565e+06	2.649e+06	
2.7025e+06	2.68925e+06	2.67475e+06	2.60675e+06	2.6225e+06	
2.69825e+06	2.68175e+06	2.6295e+06	2.59975e+06	2.59175e+06	
2.7025e+06	2.6825e+06	2.59425e+06	2.60425e+06	2.58475e+06	
2.68875e+06	2.6585e+06	2.64775e+06	2.5835e+06	2.639e+06	
2.6515e+06	2.642e+06	2.6655e+06	2.5735e+06	2.605e+06	
2.6995e+06	2.62375e+06	2.5935e+06	2.5835e+06	2.6195e+06	
2.676e+06	2.63125e+06	2.6275e+06	2.59175e+06	2.542e+06	
2.649e+06	2.6805e+06	2.61125e+06	2.60625e+06	2.603e+06	
2.6585e+06	2.67225e+06	2.59425e+06	2.552e+06	2.59725e+06	
2.6755e+06	2.6225e+06	2.59175e+06	2.61e+06	2.60425e+06	
2.5935e+06	2.659e+06	2.57975e+06	2.5645e+06	2.57475e+06	
2.6925e+06	2.61125e+06	2.59925e+06	2.62375e+06	2.62825e+06	
2.61125e+06	2.6195e+06	2.57475e+06	2.51425e+06	2.53125e+06	
2.60175e+06	2.61625e+06	2.58225e+06	2.5905e+06	2.58525e+06	
2.64075e+06	2.622e+06	2.56325e+06	2.55625e+06	2.56325e+06	
2.62e+06	2.59725e+06	2.52225e+06	2.5375e+06	2.5765e+06	
2.64525e+06	2.60625e+06	2.54825e+06	2.562e+06	2.55775e+06	
2.61875e+06	2.61125e+06	2.57275e+06	2.53375e+06	2.59975e+06	
2.6465e+06	2.60875e+06	2.56275e+06	2.5185e+06	2.53875e+06	
2.59175e+06	2.53925e+06	2.5355e+06	2.5255e+06	2.567e+06	
2.57775e+06	2.5665e+06	2.47825e+06	2.55125e+06	2.5065e+06	
2.57525e+06	2.5735e+06	2.54825e+06	2.56025e+06	2.559e+06	
2.591e+06	2.5305e+06	2.5135e+06	2.55575e+06	2.521e+06	
2.52175e+06	2.55325e+06	2.535e+06	2.48775e+06	2.4915e+06	
2.547e+06	2.48825e+06	2.5015e+06	2.46875e+06	2.5035e+06	
2.54875e+06	2.5155e+06	2.49775e+06	2.41825e+06	2.49075e+06	
2.574e+06	2.52425e+06	2.48e+06	2.47825e+06	2.50775e+06	
2.52175e+06	2.52175e+06	2.4435e+06	2.45125e+06	2.51025e+06	
2.54e+06	2.48525e+06	2.43675e+06	2.46625e+06	2.46825e+06	
2.50975e+06	2.4575e+06	2.42275e+06	2.38375e+06	2.41075e+06	
2.4045e+06	2.35775e+06	2.33775e+06	2.30425e+06	2.32375e+06	
2.22675e+06	2.18075e+06	2.13725e+06	2.155e+06	2.17e+06	
1.9425e+06	1.8885e+06	1.8935e+06	1.886e+06	1.8815e+06	
1.63375e+06	1.6495e+06	1.6125e+06	1.62625e+06	1.6295e+06	
1.402e+06	1.4265e+06	1.376e+06	1.3905e+06	1.373e+06	
1.259e+06	1.21425e+06	1.2545e+06	1.2235e+06	1.221e+06	
1.18275e+06	1.1555e+06	1.13275e+06	1.148e+06	1.1695e+06	
1.223e+06	1.20475e+06	1.18825e+06	1.2035e+06	1.1965e+06	
1.3005e+06	1.3275e+06	1.301e+06	1.2765e+06	1.29725e+06	
1.409e+06	1.405e+06	1.371e+06	1.373e+06	1.3945e+06	
1.44225e+06	1.42975e+06	1.426e+06	1.42975e+06	1.40075e+06	
1.4365e+06	1.44225e+06	1.41075e+06	1.43475e+06	1.41525e+06	
1.4165e+06	1.43275e+06	1.402e+06	1.39575e+06	1.388e+06	
1.44175e+06	1.431e+06	1.39875e+06	1.38675e+06	1.426e+06	
1.4405e+06	1.3995e+06	1.443e+06	1.4285e+06	1.424e+06	
1.4555e+06	1.42275e+06	1.42725e+06	1.3975e+06	1.40825e+06	
1.49575e+06	1.4605e+06	1.475e+06	1.47325e+06	1.46625e+06	
1.5185e+06	1.5015e+06	1.468e+06	1.49775e+06	1.509e+06	
1.58525e+06	1.56825e+06	1.56525e+06	1.5815e+06	1.55575e+06	
1.6375e+06	1.671e+06	1.63e+06	1.6125e+06	1.61425e+06	
1.7095e+06	1.71325e+06	1.63825e+06	1.66775e+06	1.66275e+06	
1.77e+06	1.7675e+06	1.748e+06	1.74475e+06	1.717e+06	
1.828e+06	1.84925e+06	1.7915e+06	1.7845e+06	1.84675e+06	
1.91425e+06	1.90675e+06	1.913e+06	1.85825e+06	1.85375e+06	
1.94775e+06	1.98475e+06	1.95525e+06	1.92875e+06	1.90225e+06	
2.03775e+06	2.003e+06	1.96975e+06	1.96275e+06	1.9715e+06	
2.112e+06	2.0755e+06	2.03075e+06	2.05925e+06	2.024e+06	
2.15875e+06	2.1355e+06	2.09e+06	2.07175e+06	2.0535e+06	
2.20225e+06	2.1265e+06	2.10325e+06	2.107e+06	2.06225e+06	
2.177e+06	2.167e+06	2.1355e+06	2.126e+06	2.15175e+06	
2.23375e+06	2.177e+06	2.16325e+06	2.104e+06	2.14375e+06	
2.237e+06	2.1645e+06	2.153e+06	2.14875e+06	2.1235e+06	
2.1695e+06	2.179e+06	2.189e+06	2.16e+06	2.14425e+06	
2.20725e+06	2.2035e+06	2.1455e+06	2.12725e+06	2.14625e+06	
2.245e+06	2.20225e+06	2.16875e+06	2.15175e+06	2.11775e+06	
2.28975e+06	2.191e+06	2.1625e+06	2.21225e+06	2.19725e+06	
2.201e+06	2.18975e+06	2.15375e+06	2.16325e+06	2.143e+06	
2.22875e+06	2.21725e+06	2.19975e+06	2.15125e+06	2.21225e+06	
2.24375e+06	2.22425e+06	2.1385e+06	2.1525e+06	2.14925e+06	
2.1845e+06	2.2085e+06	2.177e+06	2.133e+06	2.1525e+06	
2.2135e+06	2.20025e+06	2.15875e+06	2.1265e+06	2.18325e+06	
2.184e+06	2.1555e+06	2.16325e+06	2.1385e+06	2.1185e+06	
2.26575e+06	2.177e+06	2.1455e+06	2.11525e+06	2.187e+06	
2.16875e+06	2.167e+06	2.1305e+06	2.13725e+06	2.162e+06	
2.23375e+06	2.145e+06	2.09625e+06	2.1525e+06	2.16375e+06	
2.16e+06	2.121e+06	2.15175e+06	2.11025e+06	2.16375e+06	
2.153e+06	2.12725e+06	2.10825e+06	2.07625e+06	2.10275e+06	
2.18025e+06	2.177e+06	2.1335e+06	2.1475e+06	2.085e+06	
2.17075e+06	2.14425e+06	2.1525e+06	2.078e+06	2.09775e+06	
2.15125e+06	2.1675e+06	2.1305e+06	2.10575e+06	2.13175e+06	
2.10325e+06	2.1015e+06	2.0385e+06	2.0415e+06	2.061e+06	
2.112e+06	2.141e+06	2.09775e+06	2.10275e+06	2.1045e+06	
2.1675e+06	2.1355e+06	2.08875e+06	2.0845e+06	2.05025e+06	
2.16875e+06	2.13925e+06	2.11475e+06	2.07e+06	2.112e+06	
2.1695e+06	2.136e+06	2.039e+06	2.075e+06	2.08375e+06	
2.1505e+06	2.12275e+06	2.1065e+06	2.049e+06	2.099e+06	
2.11075e+06	2.109e+06	2.07675e+06	2.0555e+06	2.092e+06	
2.08325e+06	2.05925e+06	2.09e+06	2.044e+06	2.07625e+06	
2.10525e+06	2.05225e+06	2.039e+06	2.04775e+06	2.0315e+06	
2.085e+06	2.07125e+06	2.03525e+06	2.0555e+06	2.085e+06	
2.1045e+06	2.06925e+06	2.0925e+06	2.01625e+06	2.046e+06	
2.10775e+06	2.0775e+06	2.058e+06	1.998e+06	2.03025e+06	
2.114e+06	2.102e+06	2.03775e+06	2.02e+06	2.032e+06	
2.06675e+06	2.05425e+06	2.01125e+06	2.017e+06	2.03775e+06	
2.06425e+06	2.05225e+06	2.05725e+06	2.01325e+06	2.01375e+06	
2.097e+06	2.049e+06	2.01375e+06	2.01375e+06	2.017e+06	
2.0945e+06	2.04525e+06	2.0345e+06	2.03725e+06	2.02825e+06	
2.07875e+06	2.0655e+06	2.0295e+06	2.01075e+06	1.98725e+06	
2.06675e+06	2.039e+06	1.9835e+06	1.99625e+06	1.97675e+06	
2.10825e+06	2.0415e+06	1.995e+06	1.9955e+06	1.9735e+06	
2.09325e+06	2.03775e+06	2.0415e+06	1.9885e+06	1.99625e+06	
2.044e+06	2.0535e+06	2.05675e+06	2e+06	2.0345e+06	
2.09775e+06	1.998e+06	2.005e+06	1.96275e+06	2.0345e+06	
2.0655e+06	2.0555e+06	1.9925e+06	2.00625e+06	1.995e+06	
2.0725e+06	2e+06	2.00175e+06	2.0095e+06	1.995e+06	
2.0485e+06	2.02325e+06	1.9835e+06	2e+06	1.976e+06	
2.0465e+06	2.041e+06	2.02275e+06	1.96275e+06	1.9835e+06	
2.03025e+06	2.03325e+06	2.041e+06	1.94775e+06	1.9545e+06	
2.02575e+06	2.03575e+06	2.003e+06	1.976e+06	1.9905e+06	
2e+06	1.98425e+06	1.96225e+06	1.942e+06	1.90225e+06	
2.02325e+06	2.0005e+06	1.95575e+06	1.9615e+06	1.966e+06	
2.00875e+06	1.983e+06	1.9565e+06	1.95775e+06	1.9495e+06	
2.012e+06	1.993e+06	1.96525e+06	1.9805e+06	1.96275e+06	
1.993e+06	1.9955e+06	1.974e+06	1.92175e+06	1.974e+06	
2.017e+06	1.9685e+06	1.94525e+06	1.95275e+06	1.978e+06	
2.02325e+06	1.978e+06	1.9445e+06	1.9495e+06	1.96225e+06	
1.97975e+06	1.9325e+06	1.93825e+06	1.915e+06	1.9085e+06	
1.99375e+06	1.94525e+06	1.94125e+06	1.9515e+06	1.915e+06	
1.96275e+06	1.93375e+06	1.937e+06	1.9175e+06	1.90675e+06	
1.94575e+06	1.89775e+06	1.89725e+06	1.882e+06	1.93625e+06	
1.88475e+06	1.90725e+06	1.89475e+06	1.88725e+06	1.88975e+06	
1.9615e+06	1.92125e+06	1.9105e+06	1.87075e+06	1.87775e+06	
1.942e+06	1.89725e+06	1.8765e+06	1.88775e+06	1.8885e+06	
1.9225e+06	1.908e+06	1.882e+06	1.9085e+06	1.89225e+06	
1.94575e+06	1.9205e+06	1.8745e+06	1.882e+06	1.8765e+06	
1.90225e+06	1.867e+06	1.82025e+06	1.8545e+06	1.8355e+06	
1.932e+06	1.8765e+06	1.84125e+06	1.88275e+06	1.82475e+06	
1.8935e+06	1.84675e+06	1.8405e+06	1.821e+06	1.86625e+06	
1.86825e+06	1.84625e+06	1.84675e+06	1.845e+06	1.823e+06	
1.87525e+06	1.85625e+06	1.8355e+06	1.833e+06	1.8115e+06	
1.8215e+06	1.862e+06	1.82975e+06	1.81525e+06	1.81225e+06	
1.8835e+06	1.833e+06	1.7965e+06	1.8285e+06	1.81975e+06	
1.894e+06	1.82925e+06	1.81725e+06	1.828e+06	1.8405e+06	
1.83475e+06	1.84175e+06	1.80275e+06	1.7895e+06	1.80325e+06	
1.81225e+06	1.8255e+06	1.80075e+06	1.79325e+06	1.794e+06	
1.83425e+06	1.83425e+06	1.8335e+06	1.7845e+06	1.811e+06	
1.8235e+06	1.75675e+06	1.7775e+06	1.76125e+06	1.77825e+06	
1.81025e+06	1.78375e+06	1.78325e+06	1.763e+06	1.78825e+06	
1.8085e+06	1.78125e+06	1.78825e+06	1.78575e+06	1.77875e+06	
1.826e+06	1.77175e+06	1.75725e+06	1.775e+06	1.7385e+06	
1.8215e+06	1.80275e+06	1.7915e+06	1.79575e+06	1.76375e+06	
1.80275e+06	1.76425e+06	1.76675e+06	1.751e+06	1.746e+06	
1.80975e+06	1.77625e+06	1.765e+06	1.73975e+06	1.7485e+06	
1.78e+06	1.78875e+06	1.765e+06	1.79275e+06	1.75725e+06	
1.833e+06	1.75675e+06	1.7655e+06	1.76175e+06	1.72575e+06	
1.7965e+06	1.75175e+06	1.72325e+06	1.7145e+06	1.71825e+06	
1.74275e+06	1.763e+06	1.6735e+06	1.69175e+06	1.707e+06	
1.7655e+06	1.71325e+06	1.7315e+06	1.6835e+06	1.71325e+06	
1.768e+06	1.75725e+06	1.72025e+06	1.67725e+06	1.68625e+06	
1.7655e+06	1.71125e+06	1.69675e+06	1.685e+06	1.70825e+06	
1.7625e+06	1.72775e+06	1.7295e+06	1.7415e+06	1.72575e+06	
1.7725e+06	1.7385e+06	1.729e+06	1.6975e+06	1.7315e+06	
1.75225e+06	1.72575e+06	1.6975e+06	1.729e+06	1.75725e+06	
1.72075e+06	1.7315e+06	1.71325e+06	1.707e+06	1.73025e+06	
1.712e+06	1.73025e+06	1.7e+06	1.6955e+06	1.702e+06	
1.75175e+06	1.71825e+06	1.67225e+06	1.67475e+06	1.68175e+06	
1.7075e+06	1.70575e+06	1.68225e+06	1.688e+06	1.6835e+06	
1.71775e+06	1.673e+06	1.6515e+06	1.67475e+06	1.681e+06	
1.7245e+06	1.71375e+06	1.678e+06	1.63825e+06	1.65775e+06	
1.71e+06	1.644e+06	1.66025e+06	1.65525e+06	1.61925e+06	
1.66725e+06	1.6855e+06	1.65025e+06	1.63375e+06	1.6345e+06	
1.64525e+06	1.64025e+06	1.63e+06	1.601e+06	1.627e+06	
1.68925e+06	1.62375e+06	1.6495e+06	1.58975e+06	1.60425e+06	
1.6585e+06	1.64575e+06	1.62375e+06	1.61175e+06	1.6175e+06	
1.6665e+06	1.6155e+06	1.6225e+06	1.61e+06	1.60225e+06	
1.63625e+06	1.62375e+06	1.67675e+06	1.6005e+06	1.62125e+06	
1.64525e+06	1.64025e+06	1.6465e+06	1.593e+06	1.6125e+06	
1.62575e+06	1.613e+06	1.596e+06	1.60225e+06	1.615e+06	
1.65075e+06	1.61425e+06	1.60925e+06	1.58725e+06	1.62e+06	
1.6205e+06	1.62325e+06	1.57325e+06	1.60475e+06	1.60475e+06	
1.6345e+06	1.60675e+06	1.5765e+06	1.598e+06	1.59025e+06	
1.625e+06	1.5985e+06	1.55875e+06	1.555e+06	1.57575e+06	
1.58775e+06	1.5865e+06	1.59925e+06	1.59225e+06	1.562e+06	
1.62575e+06	1.55825e+06	1.581e+06	1.547e+06	1.552e+06	
1.603e+06	1.56775e+06	1.56275e+06	1.56325e+06	1.56325e+06	
1.5885e+06	1.61125e+06	1.57075e+06	1.5765e+06	1.5865e+06	
1.6375e+06	1.5715e+06	1.56575e+06	1.55625e+06	1.5915e+06	
1.61175e+06	1.557e+06	1.57975e+06	1.57075e+06	1.5595e+06	
1.61175e+06	1.58275e+06	1.55125e+06	1.56575e+06	1.5935e+06	
1.58275e+06	1.569e+06	1.58275e+06	1.55875e+06	1.564e+06	
1.589e+06	1.57525e+06	1.5665e+06	1.533e+06	1.56075e+06	
1.61e+06	1.55325e+06	1.511e+06	1.52925e+06	1.5255e+06	
1.572e+06	1.54175e+06	1.5255e+06	1.5425e+06	1.5405e+06	
1.5405e+06	1.5375e+06	1.5645e+06	1.53875e+06	1.5235e+06	
1.57775e+06	1.552e+06	1.526e+06	1.52425e+06	1.54425e+06	
1.5405e+06	1.52975e+06	1.50525e+06	1.5525e+06	1.53375e+06	
1.54825e+06	1.5375e+06	1.46875e+06	1.518e+06	1.501e+06	
1.52925e+06	1.51675e+06	1.4995e+06	1.51975e+06	1.497e+06	
1.5475e+06	1.52725e+06	1.45875e+06	1.50025e+06	1.504e+06	
1.5235e+06	1.52425e+06	1.44225e+06	1.47625e+06	1.4485e+06	
1.53625e+06	1.45925e+06	1.4945e+06	1.4995e+06	1.48775e+06	
1.5325e+06	1.487e+06	1.46375e+06	1.46425e+06	1.4535e+06	
1.48e+06	1.49025e+06	1.44675e+06	1.4895e+06	1.482e+06	
1.50225e+06	1.45675e+06	1.45875e+06	1.45175e+06	1.46e+06	
1.52425e+06	1.4825e+06	1.45175e+06	1.4335e+06	1.446e+06	
1.46e+06	1.44925e+06	1.44925e+06	1.46425e+06	1.45675e+06	
1.44925e+06	1.42025e+06	1.3995e+06	1.43525e+06	1.4335e+06	
1.41025e+06	1.424e+06	1.4215e+06	1.41525e+06	1.42275e+06	
1.4215e+06	1.40625e+06	1.378e+06	1.395e+06	1.4025e+06	
1.43725e+06	1.409e+06	1.38625e+06	1.36025e+06	1.38675e+06	
1.40375e+06	1.385e+06	1.3735e+06	1.34575e+06	1.361e+06	
1.3685e+06	1.363e+06	1.35225e+06	1.34275e+06	1.3275e+06	
1.33275e+06	1.361e+06	1.36225e+06	1.36025e+06	1.36675e+06	
1.342e+06	1.327e+06	1.31e+06	1.32125e+06	1.34525e+06	
1.303e+06	1.3245e+06	1.274e+06	1.2835e+06	1.3005e+06	
1.313e+06	1.28975e+06	1.2765e+06	1.28275e+06	1.27525e+06	
1.298e+06	1.2785e+06	1.2545e+06	1.2495e+06	1.30625e+06	
1.2935e+06	1.303e+06	1.27725e+06	1.2645e+06	1.2475e+06	
1.29725e+06	1.2445e+06	1.262e+06	1.2375e+06	1.2495e+06	
1.26025e+06	1.23425e+06	1.2305e+06	1.24e+06	1.23e+06	
1.24375e+06	1.2445e+06	1.2355e+06	1.196e+06	1.23875e+06	
1.26775e+06	1.28525e+06	1.233e+06	1.218e+06	1.259e+06	
1.25125e+06	1.2525e+06	1.21925e+06	1.252e+06	1.23375e+06	
1.247e+06	1.22925e+06	1.23425e+06	1.2085e+06	1.23925e+06	
1.2375e+06	1.2305e+06	1.23125e+06	1.20475e+06	1.19475e+06	
1.228e+06	1.2445e+06	1.225e+06	1.21675e+06	1.21675e+06	
1.2375e+06	1.221e+06	1.23e+06	1.23e+06	1.22675e+06	
1.27475e+06	1.2615e+06	1.21675e+06	1.22925e+06	1.23425e+06	
1.2495e+06	1.26825e+06	1.2105e+06	1.26075e+06	1.2355e+06	
1.23375e+06	1.2185e+06	1.21675e+06	1.221e+06	1.201e+06	
1.24125e+06	1.23925e+06	1.23e+06	1.19525e+06	1.2305e+06	
1.264e+06	1.26325e+06	1.23375e+06	1.23125e+06	1.2305e+06	
1.271e+06	1.24575e+06	1.29475e+06	1.223e+06	1.2305e+06	
1.31e+06	1.27275e+06	1.279e+06	1.2715e+06	1.28675e+06	
1.2835e+06	1.27475e+06	1.31375e+06	1.2645e+06	1.2595e+06	
1.3365e+06	1.28225e+06	1.2905e+06	1.259e+06	1.28025e+06	
1.29225e+06	1.29925e+06	1.27475e+06	1.24825e+06	1.2525e+06	
1.28525e+06	1.27025e+06	1.247e+06	1.26025e+06	1.24625e+06	
1.24325e+06	1.21975e+06	1.1965e+06	1.19275e+06	1.20775e+06	
1.163e+06	1.13725e+06	1.17325e+06	1.13975e+06	1.1435e+06	
1.16175e+06	1.146e+06	1.143e+06	1.11575e+06	1.13675e+06	
1.1435e+06	1.13975e+06	1.1525e+06	1.14925e+06	1.143e+06	
1.19725e+06	1.19725e+06	1.19275e+06	1.17325e+06	1.14725e+06	
1.2375e+06	1.20725e+06	1.19525e+06	1.19325e+06	1.17575e+06	
1.24575e+06	1.235e+06	1.19525e+06	1.20975e+06	1.24075e+06	
1.279e+06	1.2495e+06	1.2305e+06	1.22425e+06	1.201e+06	
1.23925e+06	1.24375e+06	1.26025e+06	1.22875e+06	1.25325e+06	
1.26275e+06	1.26275e+06	1.25e+06	1.22925e+06	1.24125e+06	
1.25e+06	1.24125e+06	1.21975e+06	1.233e+06	1.247e+06	
1.2475e+06	1.26025e+06	1.2185e+06	1.2325e+06	1.19975e+06	
1.26075e+06	1.25575e+06	1.25375e+06	1.25075e+06	1.2305e+06	
1.26075e+06	1.2595e+06	1.26275e+06	1.218e+06	1.221e+06	
1.25125e+06	1.24875e+06	1.25e+06	1.218e+06	1.2155e+06	
1.23125e+06	1.247e+06	1.21225e+06	1.22225e+06	1.22425e+06	
1.21725e+06	1.20975e+06	1.22675e+06	1.20225e+06	1.20725e+06	
1.2035e+06	1.187e+06	1.18775e+06	1.182e+06	1.1795e+06	
1.22225e+06	1.218e+06	1.192e+06	1.19325e+06	1.18275e+06	
1.199e+06	1.20025e+06	1.1895e+06	1.1745e+06	1.18075e+06	
1.17875e+06	1.19275e+06	1.18825e+06	1.1845e+06	1.1775e+06	
1.2035e+06	1.15675e+06	1.175e+06	1.20225e+06	1.18825e+06	
1.2445e+06	1.20725e+06	1.1645e+06	1.1695e+06	1.16825e+06	
1.211e+06	1.1895e+06	1.1985e+06	1.184e+06	1.1845e+06	
1.204e+06	1.19475e+06	1.17825e+06	1.192e+06	1.18775e+06	
1.19275e+06	1.196e+06	1.1775e+06	1.17575e+06	1.182e+06	
1.18275e+06	1.17575e+06	1.172e+06	1.15925e+06	1.19025e+06	
1.17625e+06	1.187e+06	1.1795e+06	1.1605e+06	1.1675e+06	
1.2105e+06	1.17575e+06	1.17625e+06	1.15625e+06	1.1845e+06	
1.18775e+06	1.182e+06	1.184e+06	1.19325e+06	1.15675e+06	
1.1895e+06	1.1675e+06	1.16575e+06	1.15375e+06	1.182e+06	
1.19075e+06	1.16375e+06	1.13025e+06	1.16175e+06	1.1745e+06	
1.18025e+06	1.1985e+06	1.18825e+06	1.1575e+06	1.18075e+06	
1.1795e+06	1.1775e+06	1.17e+06	1.15e+06	1.1555e+06	
1.211e+06	1.19325e+06	1.17e+06	1.18525e+06	1.15425e+06	
1.206e+06	1.1505e+06	1.15375e+06	1.15875e+06	1.163e+06	
1.19275e+06	1.15e+06	1.1575e+06	1.158e+06	1.17325e+06	
1.182e+06	1.18025e+06	1.175e+06	1.158e+06	1.1575e+06	
1.19075e+06	1.167e+06	1.177e+06	1.13275e+06	1.16e+06	
1.17875e+06	1.18275e+06	1.1455e+06	1.16825e+06	1.163e+06	
1.2205e+06	1.19025e+06	1.2065e+06	1.15e+06	1.19025e+06	
1.21225e+06	1.18575e+06	1.167e+06	1.1815e+06	1.18775e+06	
1.19075e+06	1.18825e+06	1.1845e+06	1.1435e+06	1.19325e+06	
1.18775e+06	1.18325e+06	1.17325e+06	1.1725e+06	1.187e+06	
1.1865e+06	1.16575e+06	1.15375e+06	1.16875e+06	1.17375e+06	
1.211e+06	1.19075e+06	1.1915e+06	1.15425e+06	1.196e+06	
1.2085e+06	1.184e+06	1.1895e+06	1.17375e+06	1.16175e+06	
1.19525e+06	1.1775e+06	1.18325e+06	1.155e+06	1.16e+06	
1.1895e+06	1.17e+06	1.1775e+06	1.15425e+06	1.16825e+06	
1.17875e+06	1.17375e+06	1.155e+06	1.17e+06	1.189e+06	
1.2015e+06	1.16625e+06	1.16e+06	1.1555e+06	1.141e+06	
1.1815e+06	1.18275e+06	1.15675e+06	1.1525e+06	1.148e+06	
1.1795e+06	1.148e+06	1.18025e+06	1.1555e+06	1.16825e+06	
1.1795e+06	1.17075e+06	1.17825e+06	1.1645e+06	1.146e+06	
1.199e+06	1.19525e+06	1.163e+06	1.15675e+06	1.1725e+06	
1.184e+06	1.17375e+06	1.15925e+06	1.1675e+06	1.1625e+06	
1.194e+06	1.158e+06	1.1645e+06	1.1555e+06	1.16875e+06	
1.1895e+06	1.15875e+06	1.1555e+06	1.1775e+06	1.17625e+06	
1.211e+06	1.15875e+06	1.1815e+06	1.15175e+06	1.15125e+06	
1.1525e+06	1.1695e+06	1.16125e+06	1.15675e+06	1.17075e+06	
1.16875e+06	1.1575e+06	1.14175e+06	1.1505e+06	1.15675e+06	
1.18025e+06	1.15875e+06	1.16175e+06	1.15875e+06	1.15375e+06	
1.18575e+06	1.15625e+06	1.12225e+06	1.1265e+06	1.1285e+06	
1.1775e+06	1.16e+06	1.15125e+06	1.158e+06	1.16375e+06	
1.1455e+06	1.1795e+06	1.13725e+06	1.1405e+06	1.126e+06	
1.184e+06	1.15925e+06	1.1605e+06	1.1335e+06	1.12525e+06	
1.192e+06	1.16875e+06	1.109e+06	1.1435e+06	1.13225e+06	
1.16125e+06	1.136e+06	1.1315e+06	1.124e+06	1.1385e+06	
1.129e+06	1.148e+06	1.155e+06	1.12225e+06	1.1285e+06	
1.13225e+06	1.14675e+06	1.1405e+06	1.107e+06	1.13975e+06	
1.1525e+06	1.14925e+06	1.11975e+06	1.1385e+06	1.10075e+06	
1.143e+06	1.131e+06	1.1455e+06	1.112e+06	1.124e+06	
1.1625e+06	1.1625e+06	1.15925e+06	1.14425e+06	1.12225e+06	
1.14425e+06	1.131e+06	1.12525e+06	1.12525e+06	1.16375e+06	
1.1695e+06	1.16825e+06	1.126e+06	1.1115e+06	1.11525e+06	
1.15925e+06	1.148e+06	1.167e+06	1.112e+06	1.1435e+06	
1.14875e+06	1.1435e+06	1.12975e+06	1.095e+06	1.13675e+06	
1.14425e+06	1.153e+06	1.11025e+06	1.119e+06	1.1065e+06	
1.1315e+06	1.126e+06	1.102e+06	1.12475e+06	1.121e+06	
1.14925e+06	1.13475e+06	1.09325e+06	1.12275e+06	1.11975e+06	
1.11275e+06	1.10825e+06	1.104e+06	1.1e+06	1.112e+06	
1.117e+06	1.0945e+06	1.109e+06	1.13225e+06	1.11775e+06	
1.13425e+06	1.11975e+06	1.1145e+06	1.129e+06	1.10125e+06	
1.1315e+06	1.11575e+06	1.10125e+06	1.124e+06	1.1235e+06	
1.129e+06	1.124e+06	1.0995e+06	1.141e+06	1.138e+06	
1.1145e+06	1.11075e+06	1.09625e+06	1.09325e+06	1.09375e+06	
1.1215e+06	1.1115e+06	1.1e+06	1.0925e+06	1.1185e+06	
1.11525e+06	1.10125e+06	1.09375e+06	1.0535e+06	1.0825e+06	
1.085e+06	1.049e+06	1.051e+06	1.0345e+06	1.05925e+06	
1.10275e+06	1.07375e+06	1.032e+06	1.05675e+06	1.04025e+06	
1.056e+06	1.07675e+06	1.0685e+06	1.06925e+06	1.06475e+06	
1.08e+06	1.10125e+06	1.06925e+06	1.06925e+06	1.11575e+06	
1.07175e+06	1.09625e+06	1.0875e+06	1.07875e+06	1.0855e+06	
1.1145e+06	1.12025e+06	1.07375e+06	1.083e+06	1.051e+06	
1.10075e+06	1.06725e+06	1.07425e+06	1.0825e+06	1.058e+06	
1.075e+06	1.07375e+06	1.08125e+06	1.06225e+06	1.0805e+06	
1.08425e+06	1.09e+06	1.05475e+06	1.06475e+06	1.06425e+06	
1.0775e+06	1.08625e+06	1.0705e+06	1.0875e+06	1.06425e+06	
1.07375e+06	1.083e+06	1.051e+06	1.0755e+06	1.0635e+06	
1.073e+06	1.04025e+06	1.085e+06	1.05025e+06	1.06675e+06	
1.05275e+06	1.06475e+06	1.037e+06	1.05525e+06	1.03025e+06	
1.03575e+06	1.01625e+06	1.029e+06	982250	1.00675e+06	
1.01375e+06	1.00675e+06	1.00625e+06	1.01125e+06	996750	
1.0195e+06	1.01625e+06	986750	1.0125e+06	1.012e+06	
1.0225e+06	1.0175e+06	1.039e+06	1.00125e+06	1.0295e+06	
1.0365e+06	1.03025e+06	1.015e+06	1.029e+06	996250	
1.05475e+06	1.0245e+06	1.0345e+06	1.0265e+06	1.02775e+06	
1.032e+06	1.0465e+06	1.0145e+06	1.01825e+06	1.03275e+06	
1.03525e+06	1.07375e+06	1.0315e+06	1.0465e+06	1.063e+06	
1.049e+06	1.04525e+06	1.06225e+06	1.04075e+06	1.03025e+06	
1.08625e+06	1.06425e+06	1.04775e+06	1.0395e+06	1.0245e+06	
1.0515e+06	1.068e+06	1.03275e+06	1.03575e+06	1.0705e+06	
1.06425e+06	1.06225e+06	1.05525e+06	1.04225e+06	1.0605e+06	
1.058e+06	1.05475e+06	1.0345e+06	1.03325e+06	1.054e+06	
1.07375e+06	1.04525e+06	1.0605e+06	1.04475e+06	1.04525e+06	
1.05225e+06	1.0535e+06	1.04025e+06	1.05925e+06	1.029e+06	
1.05475e+06	1.01625e+06	1.03275e+06	1.02825e+06	1.063e+06	
1.0685e+06	1.03275e+06	1.034e+06	1.029e+06	1.03275e+06	
1.068e+06	1.04275e+06	1.039e+06	1.032e+06	1.04475e+06	
1.04475e+06	1.05925e+06	1.0415e+06	1.005e+06	1.044e+06	
1.06925e+06	1.02575e+06	1.03275e+06	1.0345e+06	1.03575e+06	
1.039e+06	1.0395e+06	1.03525e+06	1.04225e+06	1.03025e+06	
1.0345e+06	1.0465e+06	1.0195e+06	1.00925e+06	1.044e+06	
1.02e+06	1.02375e+06	1.04475e+06	1e+06	1.0415e+06	
1.0315e+06	1.0295e+06	1.03325e+06	1.0315e+06	1.03075e+06	
1.04225e+06	1.03575e+06	1.025e+06	1.015e+06	1.012e+06	
1.04075e+06	1.0315e+06	1.025e+06	998750	1.03275e+06	
1.03275e+06	1.0345e+06	1.02125e+06	1e+06	1.0055e+06	
1.03525e+06	1.01825e+06	1.03025e+06	1.01125e+06	1.0195e+06	
1.0245e+06	1.034e+06	1.03075e+06	1.0195e+06	1.017e+06	
1.0265e+06	1.01325e+06	1.01875e+06	1.015e+06	1.00625e+06	
1.03075e+06	1.00925e+06	1.02775e+06	1.012e+06	1.025e+06	
1.00625e+06	1.015e+06	1.0395e+06	1.01375e+06	1.0295e+06	
1.01875e+06	1.03325e+06	1.01375e+06	1.032e+06	1.0075e+06	
1.02775e+06	1.012e+06	1.04225e+06	1.02375e+06	1.03525e+06	
1.008e+06	1.0005e+06	1.0145e+06	1.00125e+06	985500	
1.037e+06	1.025e+06	1.015e+06	981000	1.0225e+06	
1.02825e+06	1.01375e+06	1.005e+06	1.01075e+06	993500	
1.012e+06	1.008e+06	1.00675e+06	1.0175e+06	991000	
977250	982250	991000	983000	939500	
979000	965250	968500	970250	962750	
1.005e+06	939500	978500	927500	971000	
951500	940000	938250	945000	945000	
953250	964000	940750	947000	938750	
964750	944500	955250	966500	992250	
983500	971500	959000	946250	981750	
977250	977250	977750	935000	975250	
989750	986750	974000	956500	950250	
965250	964750	959000	971000	955750	
1.01125e+06	974750	954000	973500	969750	
979000	957000	952000	976000	972250	
978500	982250	945000	985500	961500	
976000	988500	967250	947000	974000	
962750	971000	982250	935000	928750	
993000	966000	955750	970250	974750	
977250	972250	972250	931250	966000	
988000	997500	951500	972750	962000	
971500	975250	957000	949500	968500	
965250	962750	958250	957750	939500	
957750	965250	961500	964000	966000	
981000	972250	947000	938250	954000	
964000	967250	971000	966500	949500	
976000	946250	935750	947000	964000	
974000	950250	952750	947500	964750	
961500	955250	947000	939500	940000	
947500	948250	929250	940000	930500	
947000	942000	933750	928000	935750	
977750	938250	945000	948250	935750	
976000	948750	936250	962750	933000	
924250	941250	950750	947000	977750	
926250	954000	924250	925000	955250	
928000	947000	950750	931250	917250	
946250	933750	911000	927500	912250	
948750	916750	923000	941250	937500	
942000	930500	926250	925500	946250	
935750	943250	949500	923750	933750	
964000	928000	933750	929250	931250	
930500	902750	914250	933750	897250	
942000	938250	931250	929250	916000	
925500	926250	928000	917250	913000	
932500	912250	915500	933000	935750	
909250	932500	904250	897750	923000	
909750	902250	916750	902750	920000	
915500	917250	919250	910500	929250	
921250	940750	894750	911000	932500	
914750	897250	932500	926250	906000	
916750	914750	908000	916000	914750	
903500	907250	915500	889750	920000	
918750	902250	900250	875750	902750	
920500	921250	899750	892750	926250	
908500	902250	906000	886500	906750	
911750	908500	887000	905500	893500	
935750	909750	897250	878250	898500	
911750	938750	897250	895250	893500	
913500	894000	892250	877000	876500	
906750	891000	872500	910500	911750	
897750	900250	879500	874500	902750	
902250	912250	891000	882750	900250	
889000	913000	887000	891000	895250	
890250	906750	883250	884500	910500	
892750	884000	883250	888500	884000	
897250	902250	872000	874500	887000	
893500	875750	870000	887000	873250	
886500	893500	870750	887750	884500	
891000	877750	890250	880750	873250	
883250	889000	847500	866250	867500	
875750	858250	849250	884500	891000	
868750	868750	856750	854250	865000	
857500	853750	855000	846750	872000	
889000	865750	868250	860000	853750	
862500	856250	880750	886500	862000	
872500	870000	865750	836750	850000	
858750	858750	851750	864500	859500	
880750	877750	865750	854250	867000	
851250	870000	858750	834250	853750	
880750	857500	839750	855000	833000	
860750	848000	853750	853000	853000	
847500	860000	840500	849250	880750	
862500	874500	848750	848000	856750	
845000	869500	850000	848000	855000	
851250	856750	858250	846750	862500	
856250	875250	837250	863750	861250	
855500	839250	823500	844250	860000	
856750	840500	846250	839750	835500	
849250	843000	826500	856250	841750	
847500	843000	851250	819000	836750	
829750	828000	830500	827250	822250	
856250	850500	826000	806500	831750	
873250	843750	824750	825250	819750	
830500	839750	845500	829750	831750	
851750	826000	831000	846750	845500	
838000	833500	827250	828000	833000	
845000	818500	832250	824000	833000	
831000	824750	811500	836000	817750	
816000	810250	822250	812750	816500	
834250	842500	808250	801500	805750	
824750	823500	797750	818500	804500	
838000	812250	800250	800250	814750	
813500	804000	785000	814750	804500	
817250	800750	797750	826000	810250	
811500	828000	807000	793750	794500	
786250	799500	789500	783250	786250	
799500	807750	778000	783250	786250	
794500	785000	797000	772500	786250	
786250	810750	779250	789500	770500	
788750	789500	787500	782500	791250	
804000	786250	787500	810750	786250	
761000	784500	758000	800750	790000	
785000	753000	752250	770500	758500	
766250	778000	763500	788750	783250	
776250	775000	769250	751750	757250	
771250	766250	773000	758000	767500	
786250	777500	773000	770500	754250	
780500	778000	770500	775500	768750	
763500	771750	741000	764750	769250	
771250	774250	776250	773750	753000	
772500	759750	770500	750500	736500	
759750	776750	771750	768000	737250	
769250	784500	766750	780500	776250	
782500	786250	756000	778000	780000	
788750	770000	775000	764750	754250	
770500	770500	778000	760500	781250	
794500	791250	783750	797000	758000	
771250	762250	778750	807000	790000	
793250	785000	792500	783250	787000	
790000	800750	798250	792000	780000	
785750	787000	780500	776750	799000	
790000	783750	792500	775000	778000	
807750	789500	781250	800250	798250	
805750	794500	794500	817250	792500	
779250	792000	785750	802750	788250	
788250	786250	792000	791250	799000	
785750	768750	787000	774250	775500	
784500	773750	775000	795750	787000	
780500	782500	766250	771250	771750	
793750	787500	779250	794500	766750	
773000	762250	766250	764750	786250	
763000	751000	768750	748500	764250	
775000	772500	745250	747750	759750	
774250	773000	764750	770000	763500	
754750	740250	759750	746000	748500	
765500	761750	756000	747750	768750	
761750	756000	756000	752250	741000	
746500	771750	764250	750500	747750	
766250	740250	760500	731500	759750	
755500	747750	749000	756000	748500	
763000	754750	737250	750500	744750	
778750	756000	736000	730250	770000	
768750	756000	761000	753000	769250	
752250	769250	768000	732000	751750	
768000	746500	751000	751000	762250	
755500	758000	729000	742750	749000	
768750	764750	729500	737750	745250	
752250	759750	749750	759250	743500	
737750	734500	760500	740250	767500	
758000	739750	764750	742250	749000	
737750	744000	749750	740250	752250	
743500	711250	747750	735250	734000	
736500	766750	736500	737250	714500	
745250	749000	737750	747750	730250	
751750	737750	744000	744000	763500	
746500	734500	744000	742750	755500	
759750	753500	731500	742750	737250	
739750	741000	753500	740250	736500	
727750	741000	721500	722750	730250	
758500	739000	738500	710750	738500	
751000	759250	713250	744000	749000	
739000	761000	752250	724000	742750	
744000	730750	730750	732750	729500	
745250	738500	743500	741500	732750	
748500	723250	739750	736000	724500	
724500	753500	734500	714500	753500	
736000	737250	725250	715750	747750	
746000	736000	744750	725250	750500	
744000	741000	734500	722000	739000	
742250	733250	734000	737250	749000	
730250	734500	729000	742750	748500	
753500	727750	722750	752250	746500	
744750	733250	730250	729000	741500	
746000	751000	753000	740250	741000	
751750	746000	753500	753000	738500	
755500	730250	754750	742750	737250	
737250	749000	731500	751750	742250	
737750	748500	758000	732000	734500	
742250	732000	746500	735250	752250	
743500	743500	752250	736500	732000	
718750	744000	730250	727750	730250	
736500	752250	739750	733250	706250	
731500	749750	750500	751750	742750	
724000	742750	751000	741500	730250	
744750	727000	727750	725750	726500	
723250	737250	742750	737750	726500	
709500	727750	727750	722000	717000	
723250	722750	724000	719500	736500	
736000	736500	733250	729500	735250	
740250	727750	727750	718250	722000	
723250	732750	707500	702500	727000	
718750	739000	711250	744000	724000	
738500	729000	723250	712500	715750	
724500	741000	734500	717500	727750	
720250	740250	716250	738500	737750	
730750	724000	711250	727750	727750	
737250	713250	720750	722000	722000	
752250	725750	719500	724000	705750	
731500	701750	736500	713750	716250	
724000	710000	710750	712000	701250	
714500	696750	705750	710000	710000	
729000	719500	725750	705000	720250	
716250	724500	702500	701750	694250	
698000	715000	698000	685500	708250	
712000	686000	722000	705000	709500	
707500	703750	693000	693750	702500	
708250	700000	712000	705000	682250	
712000	705000	702500	698750	706250	
695500	697500	678000	678000	674250	
683500	691750	691250	696250	697500	
674750	700500	683000	689250	698750	
701750	697500	677250	681000	682250	
659750	679750	666000	674250	683000	
666500	684750	681750	695500	671000	
675500	691250	670250	665250	671000	
671000	688000	669000	672250	669000	
691250	678500	674750	661500	683500	
684750	679750	659000	659750	662750	
664750	674750	650750	679250	666500	
664000	655250	657750	659000	660250	
666500	647750	664750	650750	668500	
657750	657750	679750	654500	665250	
649500	676000	681000	658500	660250	
652000	652000	661500	640750	658500	
662250	656500	642500	654500	655250	
658500	649000	644500	652750	647750	
662750	660250	658500	654500	664000	
653250	650250	650250	642500	669000	
659750	649500	661000	647750	650250	
654500	650750	651500	661000	650250	
662750	643250	669750	649000	656500	
671500	651500	657750	658500	657000	
666500	665250	650250	652750	657000	
661000	626750	647750	649000	661500	
638250	661500	626750	657750	647750	
646500	665250	648250	648250	647000	
661000	673500	662750	644000	653250	
661000	655250	642500	646500	653250	
662750	666000	626250	661000	652000	
675500	645750	666000	665250	654000	
676000	675500	665250	674250	679750	
652750	684250	665250	652000	641250	
669000	665250	671500	661000	651500	
662750	667750	663500	666500	668500	
666500	666500	671500	672750	652000	
649000	665250	649000	669750	669750	
678000	655750	675500	677250	662250	
655750	662750	681000	684250	672250	
672750	678000	662750	671000	667750	
668500	678500	652000	665250	673500	
668500	666500	661000	664750	662250	
655250	669000	652750	653250	653250	
674250	679250	655250	635750	659750	
646500	666500	636250	669000	678000	
656500	654000	666000	644000	675500	
659000	655750	662750	674750	647000	
660250	654500	655250	654000	662750	
662250	657000	671500	661500	637000	
654500	668500	644500	654500	665250	
657000	630750	657750	673500	649000	
663500	674250	647750	664750	642000	
656500	672250	674250	673500	672750	
674750	657000	662250	649500	640750	
659750	660250	676000	653250	628750	
661000	651500	662750	671500	659750	
661500	657000	669000	662250	676000	
666000	659750	645750	662750	651500	
662250	657000	662250	663500	654000	
652000	651500	644000	671500	671000	
650250	645750	645250	653250	659750	
643250	634500	666000	653250	647750	
656500	662250	650250	657750	640750	
649500	666000	644500	661500	647000	
649500	658500	659750	657000	644000	
645250	667750	667750	661500	638250	
647750	652000	647750	654000	662750	
650750	639500	644000	637500	649000	
657000	670250	647000	645750	644500	
648250	656500	661000	637000	659750	
641250	651500	660250	664750	652750	
666500	647000	650250	634500	652750	
635000	650750	652000	660250	671000	
645750	661500	643250	651500	674750	
651500	673500	664000	643250	659750	
654500	643250	645250	668500	650250	
661000	661000	671500	661000	654000	
657750	641250	648250	635000	645250	
644000	654500	649000	626750	637000	
666000	657750	647000	628750	659750	
666000	641250	655250	640000	649000	
646500	661500	637000	664000	639500	
651500	643250	659000	661500	656500	
673500	649500	653250	662250	653250	
641250	649000	655750	655750	649500	
650250	642000	650250	650250	654500	
650750	661000	653250	645750	640750	
650750	645250	654500	650750	642000	
645250	653250	655250	637000	657750	
658500	650750	659000	652750	639500	
660250	662250	662750	647750	638250	
631250	656500	644000	646500	642500	
655250	649000	653250	655250	645750	
644000	642500	662750	640750	640000	
656500	645250	643250	660250	655750	
647750	654500	664000	646500	662750	
654500	645750	648250	643250	655250	
660250	647000	652750	633750	659000	
659750	665250	640000	640000	644000	
630750	667750	662750	651500	667750	
649000	655750	653250	648250	645250	
644500	646500	664000	662750	638750	
664000	662250	644000	657000	663500	
639500	656500	649000	646500	659750	
662750	664000	669000	654500	633750	
637000	644000	669000	650250	665250	
662250	649500	643250	650250	629500	
645750	650750	628250	668500	633750	
654500	630750	629500	635750	647000	
655250	653250	640750	642000	659750	
647000	650750	657000	650250	657750	
657000	647000	657750	656500	653250	
646500	625000	640000	636250	638250	
638250	660250	658500	638750	654500	
646500	657750	637500	639500	661000	
653250	655250	652000	654000	649000	
637000	650750	647750	653250	641250	
639500	661500	662750	645750	638750	
661500	666500	656500	632000	647000	
658500	672750	654000	650750	650250	
637500	652750	643250	640750	648250	
658500	628750	649000	665250	659750	
635750	638250	644000	647750	638250	
647000	658500	653250	654500	634500	
647750	652750	661000	631250	636250	
646500	647750	647750	655250	637500	
655250	664750	654500	647750	657000	
641250	649000	652000	657750	646500	
644500	636250	660250	655750	644500	
656500	657750	652750	638250	629500	
657000	660250	651500	644000	647750	
652750	640750	637000	655250	647000	
648250	654500	648250	644000	650750	
657000	653250	637500	662750	643250	
653250	651500	656500	623750	658500	
663500	649000	668500	650750	640000	
638750	647750	649500	646500	642000	
647750	649500	655250	649500	645250	
668500	664000	656500	657750	664000	
644000	650750	667250	638250	655250	
652750	645750	646500	659000	641250	
645750	656500	623000	644500	640750	
655250	653250	641250	659750	655250	
640000	662250	639500	650250	644500	
649500	649000	659750	638750	649000	
655250	656500	657000	628250	655750	
654000	650750	672750	663500	651500	
675500	646500	643250	634500	666500	
660250	640750	638250	642500	657000	
640750	643250	653250	658500	629500	
649000	650750	639500	666500	642500	
655750	637500	640000	666500	644500	
649000	643250	646500	633250	645750	
642500	637500	655250	654000	659750	
640000	657750	649000	657750	643250	
642000	649000	628250	655750	649000	
636250	650250	656500	640750	625500	
647000	638750	667250	630000	628750	
649000	656500	650250	661000	638250	
654000	644000	650750	649000	631250	
647000	649500	645250	661500	633250	
629500	633750	649500	642500	642500	
637000	645750	635750	631250	653250	
639500	624250	647750	630000	642500	
661000	637000	641250	645750	634500	
657000	638250	661500	658500	633750	
666000	637000	655750	638750	640000	
632000	642500	651500	655750	646500	
658500	640750	635000	654000	656500	
647750	649500	643250	649000	642000	
644500	635000	653250	636250	635750	
650250	667250	651500	642000	646500	
640750	655250	655750	646500	630750	
646500	633750	638750	630750	634500	
647750	649500	637500	626750	645750	
645750	641250	660250	642000	650250	
638750	632000	648250	640750	668500	
651500	625000	650250	662250	630000	
650750	637000	645750	652750	650750	
640000	625500	638750	644500	630000	
646500	642000	654000	644500	652750	
654500	645750	650250	635000	647750	
642000	623750	635000	658500	642500	
638750	647000	630000	633750	649000	
651500	657750	639500	642000	655250	
664750	634500	639500	648250	649000	
645750	636250	644000	644000	630000	
616750	644500	657750	647750	642500	
661000	642000	631250	640750	654500	
643250	657750	632000	647000	633750	
653250	626750	658500	640000	626750	
646500	632000	634500	624250	632500	
632000	644500	617500	655250	650250	
649000	630750	625500	631250	659750	
636250	632500	659750	647000	653250	
644000	645750	632500	642500	640750	
647000	657000	633250	642000	652750	
629500	638250	631250	646500	636250	
652000	636250	652750	634500	640750	
640750	625000	642000	639500	638750	
647000	656500	638750	637500	638750	
653250	661000	667750	640750	626250	
637000	642500	648250	657000	632000	
630750	643250	636250	654500	646500	
645250	640000	630750	645750	637000	
642000	632000	640750	656500	638250	
636250	636250	635000	662750	626750	
639500	641250	627500	647000	623000	
652750	633750	630750	639500	650750	
638750	657750	647750	637500	632000	
638250	632000	649000	634500	641250	
642000	633250	646500	646500	635750	
635750	644500	633750	637000	627500	
635000	634500	649000	633250	642500	
628250	650250	625000	642500	650750	
637500	661000	629500	635750	639500	
634500	635000	632000	629500	661500	
646500	645750	647000	632000	656500	
649000	613000	647000	623750	655250	
638750	651500	633750	646500	645250	
646500	630000	644500	640000	637000	
643250	635000	653250	662250	640750	
642000	622500	652000	640750	644500	
638250	637500	644500	643250	642500	
640750	649500	640750	644500	611000	
635750	635000	647000	642500	644500	
631250	638750	651500	657000	638750	
629500	637500	654500	631250	625500	
640000	647750	638250	632500	631250	
625000	625500	636250	648250	628250	
632500	626250	629500	638750	644500	
652000	638250	624250	639500	652000	
635750	631250	640750	632000	632500	
655250	662750	645250	623750	649500	
642500	650250	638250	647750	622500	
636250	637000	634500	645750	615500	
635750	636250	628250	645750	632000	
644000	633250	626250	666000	630000	
650250	652750	631250	650750	643250	
657750	656500	647750	630000	627500	
630750	647000	652000	630000	640000	
646500	635750	646500	638750	653250	
611750	654000	642000	647750	649000	
632500	641250	630750	636250	641250	
623750	625500	651500	632500	642500	
632500	637000	649500	644000	632500	
619250	632500	647000	639500	632500	
630750	639500	632000	616250	629500	
637500	648250	628750	638250	648250	
628250	617500	658500	649000	650250	
633750	626750	643250	652000	646500	
635750	647750	632000	640750	635000	
650250	643250	626750	634500	625500	
635000	641250	635750	642500	623750	
638750	635000	650250	628250	646500	
621750	630750	625000	632000	642000	
625000	646500	635750	652750	640000	
637500	638750	633250	630750	628750	
661500	643250	626250	625000	634500	
625500	621250	652750	623750	629500	
630750	645250	616250	639500	634500	
628750	652000	641250	623750	630000	
642500	635750	621250	649000	639500	
638250	631250	637000	632500	634500	
630000	629500	647750	634500	623000	
636250	644000	623000	648250	640750	
647000	644500	639500	628250	638750	
642500	644000	621750	630750	620500	
645250	635750	630750	631250	638250	
630000	645750	633750	633250	640000	
642000	640750	628750	647750	654000	
630750	634500	645750	618750	637000	
635000	652000	635750	638750	633750	
631250	628750	644000	632000	631250	
628750	649000	630750	623750	646500	
635750	641250	637000	625000	639500	
635000	644500	635000	637000	633250	
652750	647000	627500	634500	620500	
642000	632000	642000	639500	633250	
633250	640750	626250	647000	632000	
636250	634500	630750	630000	657000	
649000	639500	618750	630750	635000	
638750	625500	632500	643250	628750	
626750	645750	629500	640750	647750	
616250	635000	630750	642000	647000	
632000	640750	644000	650250	642000	
643250	637000	635750	633750	631250	
645750	630000	645250	620000	618000	
618000	641250	629500	633750	638750	
621750	631250	642500	640750	637000	
633250	650250	639500	642500	644500	
620000	628250	636250	629500	638250	
635000	642500	638750	641250	637500	
631250	643250	639500	644500	635750	
634500	633250	637500	627500	645750	
636250	625000	626750	645250	621750	
647750	646500	634500	637000	641250	
651500	618750	635750	633250	638750	
628250	626250	625500	647000	652750	
628250	626250	625500	647000	652750	
628250	626250	625500	647000	652750	
