373147000 8928776.9547451735 24211734.520653475
419830000 0 25442020.084483325
-5.4019594599168146e-06 0.0001007143622271881 5.3900911705697682e-07
-7.3547475307943097e-06 0.00013166165859624285 7.1805513790779014e-07
-2.2679029588066573e-06 5.6260494061279234e-05 2.1706935841975877e-07
8.4119098970815588e-07 1.352276186407967e-05 7.9079651837922666e-08
-1.1815051559132029e-06 3.8589940593987306e-05 1.092899672914079e-07
-4.3645077437178055e-06 0.0013399340417745941 3.9791671226856227e-07
6.0454945428997225e-06 8.4242671325680251e-05 5.4411739278798829e-07
4.953414127343139e-06 0.0009023985120382884 4.4077035240024732e-07
1.8499292770512752e-06 6.4448927406933763e-05 1.62967576704036e-07
2.4939921841726039e-06 5.6197945119606245e-05 2.1778085959184934e-07
1.8638789593544647e-06 0.0001043621004302884 1.6151373072136267e-07
3.1345824462737561e-06 8.1656517961749208e-05 2.6982248077340113e-07
-5.0228861265712931e-05 0.00032256079556589425 4.2988365661024911e-06
2.6672958319974064e-06 0.00020078210424150217 2.2715192409724265e-07
1.1654914191336512e-06 2.3808820430801424e-05 9.883479465395526e-08
7.9343510380684532e-06 0.0017513096915732892 6.7040655745198412e-07
-4.4494859580759098e-06 0.0023012870201808812 3.74800513074483e-07
7.1739680744452899e-05 0.00017219132498480163 6.0272704844510577e-06
1.8789302627610492e-06 0.00012394316805883191 1.5751553148936864e-07
1.2866757080927516e-05 0.0006251542915750543 1.0766895840314428e-06
-3.364839171531649e-06 0.00020692454847312395 2.8114547242853476e-07
1.4097768534755157e-07 5.4753253631589709e-09 1.1764708407972824e-08
3.9288959870718105e-08 4.3535573350342592e-10 3.2754267050588719e-09
3.9641763781115863e-08 4.5827187915417857e-10 3.3022168350598972e-09
3.9205721581430177e-08 4.4617788756811936e-10 3.2638760097316853e-09
4.034467879295009e-08 4.2058940142400032e-10 3.3571227627272434e-09
4.0811900537276515e-08 4.7824462779428965e-10 3.3948438234670306e-09
4.1257926346113274e-08 4.4592617417997952e-10 3.4311385066536239e-09
4.2923611735255104e-08 5.2313427817640545e-10 3.5691285388417364e-09
4.3226454913403298e-08 5.3340354300345464e-10 3.5940115338494319e-09
4.3828147927044729e-08 5.1582021200300037e-10 3.6439104968664333e-09
4.3092489136644791e-08 4.6316568652846157e-10 3.5827280900744376e-09
4.5189606243117822e-08 4.9469338616005097e-10 3.7571053038959055e-09
4.3761575103978666e-08 5.0255896661340845e-10 3.6383734182848775e-09
4.5105611828395978e-08 4.3388810026820628e-10 3.7500264413424504e-09
4.5980955255318086e-08 5.4789742189078353e-10 3.8226275701603942e-09
4.6034484372985389e-08 5.2271527544082996e-10 3.826879209700283e-09
4.8417518864206715e-08 6.2165234716300577e-10 4.0247955466935455e-09
4.8914888296453057e-08 5.8388680490315573e-10 4.0659684719115898e-09
4.8833224977404741e-08 5.9209124410487253e-10 4.0590101861089154e-09
4.9323746477714628e-08 5.2780867724031886e-10 4.0996039418342945e-09
4.9696753058275088e-08 4.988330732697594e-10 4.1304253278351681e-09
5.088714639411386e-08 5.3391062475459243e-10 4.229177290067434e-09
5.4890524741091425e-08 6.7544821767712268e-10 4.5616957164712004e-09
5.4468178177047368e-08 6.2773777622912697e-10 4.5264002305193586e-09
5.1968106502940721e-08 5.7987738758315208e-10 4.318449782542639e-09
4.6438147443657222e-08 4.6308417567128204e-10 3.8587533176177757e-09
4.3957307928919351e-08 4.0021295244464169e-10 3.6524579800980363e-09
4.7108817350497019e-08 5.1311684169204072e-10 3.9141595389003768e-09
5.3001040914399812e-08 5.7562832704441099e-10 4.4035318083278292e-09
5.0956298554966139e-08 5.5961940722697288e-10 4.233427158357772e-09
5.2470590294149319e-08 5.1098805597649626e-10 4.3590270304888739e-09
5.1831494393301916e-08 5.4139825127522906e-10 4.3058202356933741e-09
5.1989985586159779e-08 5.2775297632920199e-10 4.3189892722665014e-09
5.258165671659347e-08 5.9051251393698895e-10 4.3681646435544674e-09
5.3056390164621952e-08 5.7294955292261401e-10 4.4075312069995957e-09
5.3000073064269205e-08 5.2680117595265082e-10 4.402666952749284e-09
5.4798935812209552e-08 5.8361237421591596e-10 4.5518597340844726e-09
5.2461548615291547e-08 5.065870774668629e-10 4.3574994907616781e-09
5.3560249008180751e-08 5.5792101455393236e-10 4.4485743473025671e-09
5.3603498759713744e-08 5.3180623780234391e-10 4.4519872629638426e-09
5.4133639055139086e-08 5.0906159804007359e-10 4.4958290753350792e-09
5.4332702098827402e-08 5.2287193787130098e-10 4.5121664680029039e-09
5.4559592938392567e-08 5.3043444733505265e-10 4.5308114727684041e-09
5.3610914260473916e-08 5.0934715711755057e-10 4.4518390903518025e-09
5.5314706693682451e-08 5.6054063026366995e-10 4.5931308238649106e-09
5.4768201248253987e-08 5.445857804336515e-10 4.5475699327402113e-09
5.4643097897323262e-08 5.2512961010884957e-10 4.5369933638864756e-09
5.4395490803957652e-08 5.6048479770959292e-10 4.5162202600753341e-09
5.5316076863911424e-08 5.2270556311710711e-10 4.5924180578025134e-09
5.5728184028699898e-08 5.3750477152971545e-10 4.6264518593283991e-09
5.4206095597429692e-08 5.1690429817439002e-10 4.5000364102066252e-09
5.4587178550475861e-08 5.4389085521815881e-10 4.5317002152850793e-09
5.5101034672244425e-08 4.7247462993742975e-10 4.5743517323688857e-09
5.5910510688550462e-08 4.6395315564065028e-10 4.641416107183489e-09
5.6797351502924726e-08 4.7610173121983507e-10 4.7148122206656857e-09
5.6001164327090765e-08 4.7333103958121835e-10 4.6484877373965448e-09
5.5598511104367615e-08 4.9127633685808071e-10 4.6148665768658667e-09
5.5756082193321135e-08 4.9386404046843868e-10 4.6277617281166717e-09
5.6334435451832742e-08 5.5293521318548807e-10 4.6755741579152142e-09
5.5285179711197988e-08 5.0672140979808806e-10 4.5882957845455401e-09
5.7771293057832788e-08 4.8968030458714281e-10 4.794426938453836e-09
5.6913646225692454e-08 4.6102059911824993e-10 4.7230648382363894e-09
5.6953973350133724e-08 5.1023020260636491e-10 4.7262175934604386e-09
5.676138318119711e-08 4.5347596673933179e-10 4.7100137755215203e-09
5.6525282520101949e-08 4.710462548248168e-10 4.6901890119689238e-09
5.755587684305443e-08 4.6989280372717718e-10 4.7755275189300084e-09
5.9255876555847291e-08 5.2088052133036947e-10 4.9165321146974932e-09
5.9079673229506517e-08 5.4508136255194732e-10 4.9019429624652858e-09
5.9381977390255142e-08 5.0833815362126443e-10 4.9270098753354609e-09
6.106438683827916e-08 5.1095095856794927e-10 5.0664474045645952e-09
6.012959854838756e-08 5.0108971621007667e-10 4.9886508788520064e-09
6.1217287656130905e-08 5.5196097676519466e-10 5.0786415539666944e-09
6.1186198399313797e-08 4.4135460643675412e-10 5.0758464993263889e-09
6.0816658949439573e-08 4.8646356167427015e-10 5.0449961710273053e-09
6.2165690186552736e-08 5.5811690130439421e-10 5.1567106613163394e-09
6.20046072970657e-08 4.6856271607568478e-10 5.143143743203241e-09
6.2001682122932975e-08 4.6378883716914673e-10 5.1426682993809077e-09
6.1606922530648313e-08 4.2569262308507483e-10 5.1096699351793841e-09
6.1456483727523212e-08 4.6777439436854176e-10 5.0969819899688131e-09
6.1562344027375466e-08 4.7568014085628523e-10 5.1056727203480825e-09
6.1847589107206264e-08 4.8632278937788093e-10 5.1293517087692556e-09
6.2767356367128739e-08 4.9614240155295772e-10 5.2056430978017435e-09
6.3705618623575047e-08 4.5698717111948422e-10 5.2833373876990989e-09
6.2298249061919389e-08 4.6554815497180261e-10 5.1663914378627404e-09
6.3252658573314033e-08 5.1263409522082906e-10 5.2452869457648366e-09
6.227701119789589e-08 4.5745947182037804e-10 5.1641702399659621e-09
6.3837442827827157e-08 4.4950798644985922e-10 5.2933599298908997e-09
6.314036185699082e-08 4.4518573156876074e-10 5.2353243749609569e-09
6.3641045860482955e-08 4.6986001590611818e-10 5.27658552962821e-09
6.203735662937229e-08 4.2430440026075734e-10 5.1434412794735555e-09
6.3202535920351068e-08 4.4257849528944187e-10 5.2400025987841372e-09
6.2424426388488949e-08 4.4244984033331503e-10 5.1755244181648317e-09
6.161996772758152e-08 3.8473869784660594e-10 5.1088041484043124e-09
6.2431782897157673e-08 3.8500273409062627e-10 5.1759459934176793e-09
6.1886547749256547e-08 3.9127601455114228e-10 5.1305016654151755e-09
6.2284245239925264e-08 4.2436105881841808e-10 5.163236081543064e-09
6.1590599348965729e-08 4.1749889909445469e-10 5.1055366141533795e-09
6.1135797954095057e-08 4.2850103587385007e-10 5.0676361042362749e-09
6.0657620334257966e-08 3.9542873521856319e-10 5.0277635650348525e-09
5.9843047796427851e-08 3.6457216622989969e-10 4.9600223863660997e-09
5.9692520775862059e-08 3.3234111733689169e-10 4.9474162214415396e-09
5.9253879866076955e-08 3.4353388060151413e-10 4.9110594615662126e-09
5.9264394087714967e-08 3.8078932855134711e-10 4.9119580214291182e-09
6.0097120974274578e-08 3.4616952399376173e-10 4.9809094269765354e-09
5.9733529952335828e-08 3.5895695178843741e-10 4.9505846520597342e-09
5.901141767846033e-08 3.4865791537942137e-10 4.8905034030645357e-09
5.9162689570170767e-08 3.3594435037185953e-10 4.9028327336565594e-09
5.9098350405009442e-08 3.5201856635840402e-10 4.8973167341295366e-09
5.8435613425285879e-08 3.4910525019623576e-10 4.8421979615246557e-09
5.7503611503762365e-08 2.8948637550004881e-10 4.7647425228294369e-09
5.8273794570896875e-08 3.0651149196350429e-10 4.828365160610503e-09
5.7375747615581875e-08 3.1404938606984781e-10 4.7538755740846498e-09
5.7922503472437555e-08 3.3578016188257125e-10 4.7991979603513637e-09
5.7191035435208162e-08 3.1837435089426796e-10 4.7386010197464031e-09
5.763974458522981e-08 3.0893516807121464e-10 4.7756727273305635e-09
5.7089813643477378e-08 2.6742114842423722e-10 4.7299062454445293e-09
5.7085594620412143e-08 2.9986229355519715e-10 4.729335425203495e-09
5.6677271205696024e-08 2.7948781559924931e-10 4.6953216172285327e-09
5.634015470430594e-08 2.6222484731506344e-10 4.6672191666881183e-09
5.6084742694645678e-08 2.5450566481655032e-10 4.6458605398151403e-09
5.559882803477438e-08 2.8045024766688862e-10 4.6053954867387588e-09
5.6482092776887335e-08 2.7390964474572231e-10 4.6783981902154833e-09
5.5564536816611202e-08 2.6788169895608378e-10 4.6023561859254473e-09
5.5960088937048708e-08 3.1059670373563696e-10 4.6351457709740189e-09
5.5770471854055767e-08 3.1310336695620603e-10 4.6194278616798578e-09
5.5993172087902961e-08 2.8665655875102795e-10 4.6377480671748013e-09
5.5708313793113075e-08 2.4604680966471552e-10 4.6139462133320358e-09
5.5159478789973788e-08 2.3132889919717479e-10 4.5682538258798954e-09
5.5169454687676194e-08 2.6098196817312152e-10 4.5688642754195282e-09
5.5478925133190421e-08 2.640211379649854e-10 4.5943480066936702e-09
5.5320256834189602e-08 2.3338462986693639e-10 4.5811754812408584e-09
5.4718174109039302e-08 2.3840186004069655e-10 4.5313423370149081e-09
5.4798491305737813e-08 2.4762273208365977e-10 4.5379753870362793e-09
5.3710899417929022e-08 2.4868667562304688e-10 4.4477790058572579e-09
5.4530395186353948e-08 2.4386316917481965e-10 4.5154398420181569e-09
5.4107379432141858e-08 2.3928903657825203e-10 4.4802139444096303e-09
5.3857066839271649e-08 2.2139632893419954e-10 4.4593205784132918e-09
5.3841606292468426e-08 2.1756525246590491e-10 4.4578727693248591e-09
5.405903298711131e-08 2.4640470212659315e-10 4.4756764344857736e-09
5.4023864601214335e-08 2.3147008377860118e-10 4.4725686410099583e-09
5.3225150401389058e-08 2.2159091958270922e-10 4.4063212719259869e-09
5.2963878800831573e-08 2.2654650940583655e-10 4.3846793097002887e-09
5.3024035875356386e-08 2.4307463299696145e-10 4.3896844003500887e-09
5.311536233147103e-08 2.0741941030939548e-10 4.397208666298866e-09
5.2655413774089031e-08 2.0685917496441171e-10 4.3589907230110958e-09
5.2310582184380468e-08 2.1314497768841618e-10 4.330241444966686e-09
5.2639215275287565e-08 2.1137155416239731e-10 4.3572256800913803e-09
5.2398291135953282e-08 1.951474085248152e-10 4.3370949139346175e-09
5.2118474342402232e-08 1.9665518296279165e-10 4.3138226947211165e-09
5.1654593147943576e-08 1.9294599021259246e-10 4.2754164508356863e-09
5.1397066676476969e-08 1.9168839991462785e-10 4.2541234679874569e-09
5.2121070839683345e-08 1.8998098763462018e-10 4.3140153975040782e-09
5.1144183416487867e-08 1.9559293146413628e-10 4.2330270323971607e-09
5.1387497499114824e-08 1.8310522672271576e-10 4.2529702107469163e-09
5.1145113819741227e-08 1.8495547601072623e-10 4.2326980103529713e-09
5.0966716741631262e-08 1.7556985671371841e-10 4.2177502325435814e-09
5.1204699088649821e-08 1.891688920425158e-10 4.237330883959827e-09
5.0876345627250866e-08 1.7115986983890779e-10 4.2101439251860554e-09
5.071136715640487e-08 1.5340402334190294e-10 4.1965141245381558e-09
5.089327434993707e-08 1.7651919738650037e-10 4.2115394176797807e-09
5.1158186957303991e-08 1.5749062095924541e-10 4.2333350330210648e-09
5.0018815325653142e-08 1.7951973446598786e-10 4.138865807236076e-09
5.019864350670618e-08 1.6697855231057116e-10 4.1535394637853073e-09
4.9795780412575548e-08 1.6132645159798425e-10 4.1200248737645031e-09
4.9504518512361142e-08 1.6315971067400339e-10 4.0958123435517885e-09
4.9518117393975691e-08 1.482702178454654e-10 4.0969185228648668e-09
4.9422077487905707e-08 1.5950595562941827e-10 4.0889946124542068e-09
4.896932065604586e-08 1.480435576056445e-10 4.0515136193964425e-09
4.9404265480972742e-08 1.7819706879311654e-10 4.0873830304129332e-09
4.9304490239937031e-08 1.5603480240727935e-10 4.0789485782156913e-09
4.9279126358616228e-08 1.6328363623262801e-10 4.0766491566960441e-09
4.88901971416308e-08 1.4820462258726309e-10 4.0442958126255676e-09
4.886690716847796e-08 1.4970077708089918e-10 4.0422523163100016e-09
4.9011179919615474e-08 1.5985942949357035e-10 4.0541622925569733e-09
4.8412741609924667e-08 1.353637156614309e-10 4.0046816649193997e-09
4.825415732701218e-08 1.5436862999050624e-10 3.9915473743136712e-09
4.8341893649307425e-08 1.422576746618803e-10 3.9986981247318091e-09
4.7714037144282866e-08 1.5247180637948406e-10 3.946593779491645e-09
4.775877308698779e-08 1.2078592627865473e-10 3.9501017639550481e-09
4.7693842284920336e-08 1.3567012046117615e-10 3.9445555107524394e-09
4.6838739043441189e-08 1.3676005089874641e-10 3.8737164258594397e-09
4.7609222682209095e-08 1.5798036465945378e-10 3.9374080249734588e-09
4.6891482259511699e-08 1.325185838242711e-10 3.8780691069198429e-09
4.7350319698955478e-08 1.3241610224850654e-10 3.9160065213088953e-09
4.6476761984843097e-08 1.3578405332545884e-10 3.8436661836637618e-09
4.6523434973658032e-08 1.1759407762759966e-10 3.8473652576455554e-09
4.6527913958219865e-08 1.2364840868392303e-10 3.8475479468331851e-09
4.6551852617334266e-08 1.2460296037091023e-10 3.8493521134464636e-09
4.6625872597740003e-08 1.281294533215504e-10 3.8553525819515257e-09
4.5638307091977134e-08 1.0825658916904245e-10 3.7736675319901633e-09
4.5802902659065826e-08 1.2439853128668737e-10 3.7873025761992451e-09
4.5866566874258324e-08 1.1105907884550558e-10 3.7925509105228644e-09
4.5435602564184039e-08 1.2615337025118784e-10 3.7567938951133848e-09
4.5154280581862426e-08 1.1385450823590862e-10 3.7333704171365056e-09
4.5143374646686444e-08 1.127501507644684e-10 3.7323669157451342e-09
4.5141850242493668e-08 1.1845244166124515e-10 3.7322404794468081e-09
4.4984228322548817e-08 1.1364864843841911e-10 3.7192306707244407e-09
4.4542384381324041e-08 1.2330408938641042e-10 3.6826568754050344e-09
4.4527034782732707e-08 1.1632411087763506e-10 3.6812604774644931e-09
4.4887204037966593e-08 1.0685900863462367e-10 3.7108648743388697e-09
4.3959349553072273e-08 1.0136357381737634e-10 3.6339852537472518e-09
4.4022195301256414e-08 1.1305934888725272e-10 3.6390394261680503e-09
4.4355758109213383e-08 1.0956829664937908e-10 3.6665395831423415e-09
4.4109442668466196e-08 1.0244869219497675e-10 3.6461793257287462e-09
4.3743195829158642e-08 9.7465680296101774e-11 3.6159199140696954e-09
4.4168363467100265e-08 1.0833818623364192e-10 3.6510253270941323e-09
4.3726137178656472e-08 1.0609681931634063e-10 3.6143525557868038e-09
4.334290453118644e-08 1.0514127306094928e-10 3.5825139295510351e-09
4.3423954162576292e-08 9.4685877702436002e-11 3.5890417115341791e-09
4.3600358157802365e-08 1.0085148593958721e-10 3.6034771387221277e-09
4.303651820454934e-08 9.511150081088418e-11 3.5568001127324603e-09
4.2943732665056976e-08 8.7949670243853007e-11 3.5491374193922957e-09
4.3132369430755985e-08 9.7159192044756535e-11 3.5647454446287878e-09
4.3025249551924081e-08 9.5738590054561942e-11 3.5558395846940525e-09
4.2507946653591198e-08 1.0013445128971875e-10 3.5129484262641684e-09
4.2064909308013123e-08 9.5811069920768829e-11 3.4761972482878064e-09
4.2579713787662568e-08 9.5949836078838892e-11 3.5186871574559425e-09
4.2448166298836947e-08 9.7977060687117535e-11 3.5078337939715423e-09
4.2543764369730528e-08 9.4204472131393742e-11 3.5157395222558415e-09
4.1840900809885184e-08 8.4983368466984174e-11 3.4575837203913259e-09
4.2088275628386471e-08 8.9942774165505981e-11 3.4778879539374666e-09
4.14916203119574e-08 7.9701029217475722e-11 3.4284217987518794e-09
4.1725943272481193e-08 7.9170069548216281e-11 3.4476273812861119e-09
4.1394145614400956e-08 7.5537751443179919e-11 3.4201039348749407e-09
4.1736540349088063e-08 8.2271064322864023e-11 3.448361423495085e-09
4.0981231793685369e-08 9.2642898944137652e-11 3.3859771078000297e-09
4.1570747672021247e-08 9.9022392492793117e-11 3.4346790241937277e-09
4.0814647702697291e-08 8.5465703529033414e-11 3.3721122981538182e-09
4.1451477628276784e-08 8.2944467724193201e-11 3.4245829449081449e-09
4.1243400821431928e-08 8.0449689088825109e-11 3.4072903074467743e-09
4.0292491014956546e-08 7.2968475718973433e-11 3.3287225699800775e-09
4.078929539145498e-08 8.1969598991189464e-11 3.3697865317725722e-09
4.0835244503559598e-08 8.0097409451798719e-11 3.3735568365971213e-09
4.0351062027313982e-08 8.122304665887056e-11 3.3334552656777981e-09
4.0774936444803648e-08 7.7628582718129092e-11 3.3683230252898635e-09
4.0013910808180182e-08 7.7041097743065785e-11 3.3053004369281437e-09
4.0113349100421737e-08 7.9324200363704102e-11 3.3133823044294371e-09
4.0010731109086551e-08 7.0459185883348305e-11 3.3048327564884218e-09
3.9628479797076876e-08 7.7909026380907146e-11 3.2732616812795611e-09
3.9439945573845618e-08 8.071446305265538e-11 3.2577066417850395e-09
3.9762267080826979e-08 7.3953326954861066e-11 3.2842877000796258e-09
3.93290662446237e-08 6.9368843953898943e-11 3.2483824218223888e-09
3.9349378988114317e-08 6.9140063173203242e-11 3.2499327726154275e-09
3.8864702628841371e-08 6.9566462486924105e-11 3.2098538056444911e-09
3.8813404052242241e-08 7.3475121131433463e-11 3.205636659658657e-09
3.8904759022423598e-08 6.970641282770407e-11 3.2131836786114575e-09
3.8308399211230184e-08 7.0667694880180362e-11 3.163842709097342e-09
3.9016258960654185e-08 6.8085339653747294e-11 3.2221696611393606e-09
3.8597571301279301e-08 6.5401297733255799e-11 3.1874980243299206e-09
3.8593897845521488e-08 7.4090493507339732e-11 3.1871860668399299e-09
3.8386113711640974e-08 6.4523449862197166e-11 3.1700470785899235e-09
3.8946141154291464e-08 7.89299738386805e-11 3.2162716066693825e-09
3.8275759875437705e-08 6.7270753675335526e-11 3.1608140086805595e-09
3.8290527920924131e-08 6.3894444091187904e-11 3.161896021792467e-09
3.8399479468884964e-08 6.7571623607085008e-11 3.1707455491934897e-09
3.7701150006637307e-08 6.5977787076459222e-11 3.1129603016190953e-09
3.7720673663188419e-08 6.9692558797527271e-11 3.1145050419602696e-09
3.7780186744337857e-08 6.8496288545175599e-11 3.1194211717691995e-09
3.7674178081202912e-08 6.5585377829725773e-11 3.1106847869194771e-09
3.7379225169844508e-08 6.3538233836083224e-11 3.0862927189774859e-09
3.7779883051956297e-08 6.944839149060281e-11 3.1192574893790542e-09
3.7788285714883005e-08 6.0723186611696756e-11 3.1198304701231339e-09
3.7654850336586839e-08 6.5834487709768301e-11 3.1087662258618509e-09
3.7394474059548642e-08 6.3916003768092746e-11 3.0872881109341905e-09
3.7171968111664863e-08 6.4057608845333697e-11 3.0689204063706629e-09
3.7297397078292569e-08 7.0393938113935716e-11 3.0791947005728869e-09
3.7101647460770406e-08 6.2369331552831721e-11 3.062908313368288e-09
3.782521081839071e-08 6.843884698976263e-11 3.1225497114975157e-09
3.6828477415557845e-08 5.9368903556243281e-11 3.0402574667436369e-09
3.7388251631659078e-08 6.0083846235356948e-11 3.086487423837658e-09
3.7400151650834523e-08 6.0442009137727992e-11 3.0874486916872266e-09
3.7245884774612991e-08 6.1115596360067309e-11 3.0746242387963378e-09
3.7085453098197826e-08 6.4008671560956742e-11 3.0612507191381786e-09
3.7155702307736708e-08 5.8301824181669375e-11 3.066909450911019e-09
3.7555799195669065e-08 5.8024423887367848e-11 3.099813006280844e-09
3.7137866140846989e-08 5.634952187304695e-11 3.0652492196419063e-09
3.7171564661515212e-08 5.1191070830808759e-11 3.0680298167582645e-09
3.6995398527723737e-08 5.8334807269671798e-11 3.0223628859599872e-09
3.7697782316362916e-08 6.4894091896049678e-11 3.0637772084746609e-09
3.7114397988696403e-08 5.5926502048576276e-11 2.9967075539682453e-09
3.672926363576436e-08 5.5697559243811219e-11 2.9519455121114744e-09
3.7249685785538496e-08 5.772684203143043e-11 2.9654406201145549e-09
3.687044917140965e-08 6.0143305113576409e-11 2.9270445172736397e-09
3.6906368503545673e-08 6.072318759428054e-11 2.9080034208655753e-09
3.7453022747731508e-08 5.2816912576850122e-11 2.9276138774817304e-09
3.670540894614246e-08 5.7128205567113437e-11 2.8718236668303921e-09
3.6920944955359692e-08 5.9517810232041592e-11 2.8954084474757338e-09
3.7010307126999244e-08 5.6043205347547085e-11 2.8821903497235683e-09
3.6928933638288918e-08 5.9557464241055173e-11 2.870496458038155e-09
3.6818018702095325e-08 5.1476002708528202e-11 2.8379946172943368e-09
3.7148644684029103e-08 6.1696701732279828e-11 2.8568393967478716e-09
3.7059191342667072e-08 5.852427773209809e-11 2.83495180176709e-09
3.6712458050531456e-08 5.8742458210346672e-11 2.7893084884298493e-09
3.6656967347856031e-08 5.7849292300310414e-11 2.7638784426861481e-09
3.6713495106413062e-08 5.5500342740026413e-11 2.7548142910595479e-09
3.6705969044419928e-08 5.3342599780030427e-11 2.7409386741556085e-09
3.6199115109361958e-08 4.7904091387425821e-11 2.696637823528667e-09
3.6509889299762328e-08 5.648093614582997e-11 2.7263307813733181e-09
3.6438149614023219e-08 5.5059838597882565e-11 2.7064993568429537e-09
3.658884118664186e-08 5.870559036570381e-11 2.7125798473199002e-09
3.5988912101340859e-08 4.8447877145361354e-11 2.6690620649138577e-09
3.634765333003228e-08 5.6432520697570432e-11 2.6794556829384549e-09
3.6021257231820458e-08 4.877909527342868e-11 2.643409149408595e-09
3.6128677014653066e-08 5.5476048434602489e-11 2.6423247219083718e-09
3.5699371616963297e-08 5.4975881901667685e-11 2.6086030652060103e-09
3.5722234494837749e-08 5.280954088277302e-11 2.598376585740501e-09
3.5819940437102498e-08 5.2784451706481928e-11 2.6003627038891492e-09
3.5786366459949125e-08 5.0439201778337504e-11 2.5824852701204876e-09
3.5347312975574524e-08 5.0726756666626572e-11 2.5507464507284304e-09
3.5332755834832927e-08 4.8733085854035884e-11 2.5425720618583331e-09
3.509392982514873e-08 4.7507458636159818e-11 2.5086235608747271e-09
3.4921201542513274e-08 5.5760512822187681e-11 2.4888615552149338e-09
3.4916515573162223e-08 5.2856150502989065e-11 2.4894973596226745e-09
3.5057245061421631e-08 4.3217236452581488e-11 2.4914403088628766e-09
3.5013398703954317e-08 4.5543638987615483e-11 2.4761659288092628e-09
3.4525402803058169e-08 4.9545051640373968e-11 2.4302043571616626e-09
3.4358473071115871e-08 4.9198137048040853e-11 2.4121606285798767e-09
3.4234056193510869e-08 4.9300216073713194e-11 2.3943942716986868e-09
3.4091761492460825e-08 4.4446750625133247e-11 2.3671856933582515e-09
3.4131023265010788e-08 5.2142471593110573e-11 2.359833801281532e-09
3.3677088936392064e-08 4.0281334708010605e-11 2.3201956768363792e-09
3.3640924702379604e-08 4.1694942805930824e-11 2.3106429193997266e-09
3.3316146081886684e-08 4.5402150041129798e-11 2.2728613608795782e-09
3.3167287877985765e-08 4.1793799150178519e-11 2.2588584575850346e-09
3.2828111820730338e-08 3.4522043598962468e-11 2.2286104571113796e-09
3.2607750080698539e-08 4.6291489304004096e-11 2.2038879975307518e-09
3.2823709718176465e-08 4.4152163515285337e-11 2.2104989731977135e-09
3.213215604055866e-08 4.2253923402658661e-11 2.1615030552776441e-09
3.2445285000612006e-08 3.8865482195439605e-11 2.17272735199161e-09
3.1876186437894832e-08 4.712668144623464e-11 2.1309596108715319e-09
3.1673461335959287e-08 4.0211208442290328e-11 2.1133594140514925e-09
3.1677048749349252e-08 3.4516763339955767e-11 2.1058218279694078e-09
3.1338437095861937e-08 3.9282859308295715e-11 2.0704835322331005e-09
3.1007435029065053e-08 3.9850232178930593e-11 2.0401036905728781e-09
3.1211030370898321e-08 3.8032734717138965e-11 2.044507587955405e-09
3.0879446597927358e-08 3.5082870865696926e-11 2.0164047586580544e-09
3.066092773112235e-08 3.9535438674331965e-11 1.9930939737608597e-09
3.0418923771347616e-08 3.4914398426063807e-11 1.9726151672927065e-09
3.0090650767276155e-08 3.4164224554520812e-11 1.9457359008252465e-09
3.0318802758691016e-08 3.6647651868344957e-11 1.9605774891013821e-09
2.9691303469172739e-08 3.7865425947078242e-11 1.9147958590271117e-09
2.9667611767536483e-08 3.3296045314310288e-11 1.9035061233710098e-09
2.9078725884646977e-08 3.1127917378074789e-11 1.8618294159672156e-09
2.9335915793621953e-08 3.1277871622870045e-11 1.8730358772769283e-09
2.8860942808097222e-08 2.7694952072574125e-11 1.8325295634705632e-09
2.8582340688257276e-08 3.0667310865936674e-11 1.8060926677920839e-09
2.8460230100321605e-08 3.5358053397991853e-11 1.7929102954385213e-09
2.8332166923194145e-08 3.3176222032755563e-11 1.7768716897875452e-09
2.8167309037407489e-08 3.2027701184202262e-11 1.7606549227789285e-09
2.7853849632283282e-08 2.8549513004719832e-11 1.7382069447224398e-09
2.8017805237567649e-08 2.7918763162725842e-11 1.74855038000361e-09
2.737030070920493e-08 2.845611395091212e-11 1.7001064846400087e-09
2.7339351666590802e-08 3.390625313602771e-11 1.6815675427135571e-09
2.6895993704069938e-08 3.175258649348648e-11 1.6479261052557215e-09
2.6886086728446625e-08 3.0678824005779037e-11 1.6254144228082392e-09
2.6729168352591647e-08 2.5106971262303684e-11 1.612998323959353e-09
2.6496440500478829e-08 2.5284573161478376e-11 1.5858334994008511e-09
2.6073388811987031e-08 2.8115918546057993e-11 1.5531741890846407e-09
2.5925802005113835e-08 2.8057637758572731e-11 1.5237484633050595e-09
2.5826698322065154e-08 2.5972506782413789e-11 1.5039873356101238e-09
2.5636341940959082e-08 2.3970065456291128e-11 1.4843879386099478e-09
2.5423233052712247e-08 2.4145283243209863e-11 1.4399638835750702e-09
2.5187046444632188e-08 2.460062904983176e-11 1.4003300200559339e-09
2.5189975910335208e-08 2.3317453258956222e-11 1.3953478740988304e-09
2.4959122095226506e-08 2.3384674577275715e-11 1.3712029158691675e-09
2.4520498735138479e-08 2.0670995371968766e-11 1.3422478286964769e-09
2.4748216837066371e-08 2.1980114554190889e-11 1.3444211997025456e-09
2.4141055579673981e-08 2.3580861394892739e-11 1.3020200414860426e-09
2.3974908851760203e-08 2.2089177973873008e-11 1.2905854707315458e-09
2.4012467175952113e-08 2.1387499225596517e-11 1.2906550597308082e-09
2.3683891287408173e-08 2.2538782978620376e-11 1.2441374136954139e-09
2.3581813794409284e-08 2.2883173051744996e-11 1.2164801920410724e-09
2.3736448428578738e-08 2.3474664923107179e-11 1.1992199444614545e-09
2.3357159708085007e-08 2.1912959291672518e-11 1.1815093956912542e-09
2.3331919938132212e-08 2.1609437578392768e-11 1.1721916945677316e-09
2.3082255193768451e-08 2.3499127173799904e-11 1.1523361254875905e-09
2.28329262166209e-08 2.1448490408412393e-11 1.1358897445764048e-09
2.2787414363831714e-08 1.9954179291318945e-11 1.1218279812244816e-09
2.2794938923695256e-08 1.9776088794196532e-11 1.1108286903921009e-09
2.249376121428744e-08 1.9606260020645019e-11 1.0864221184801658e-09
2.2377927823543344e-08 2.0242496647680192e-11 1.0800573097321092e-09
2.21945117181491e-08 2.2016652651948822e-11 1.052314952351698e-09
2.2219438374524292e-08 1.9800715552546792e-11 1.0512942094449266e-09
2.1968746559312817e-08 1.7084294318069646e-11 1.0305566408643276e-09
2.2027462641232066e-08 1.7145748981827177e-11 1.0303736936164503e-09
2.178616520133822e-08 1.9297908223234613e-11 1.0123020232768535e-09
2.1741795510849377e-08 1.9416919173326241e-11 1.0094341537442283e-09
2.1696025285148334e-08 1.6280505534590537e-11 9.8628360235808507e-10
2.1631405614756638e-08 1.8733042825567741e-11 9.671312231841869e-10
2.1466937144662219e-08 1.5007789168360082e-11 9.5377393418066474e-10
2.1430401089396697e-08 1.7366223602210235e-11 9.4870490987681088e-10
2.1434555268516654e-08 1.5875307004958062e-11 9.4772359625056546e-10
2.1247270861475632e-08 1.8223568208004537e-11 9.2709956867963805e-10
2.1135251509954417e-08 1.5613580824262701e-11 9.1860662266729789e-10
2.1091738615376021e-08 1.6408755619707882e-11 9.0976705551658067e-10
2.1017772051444947e-08 1.6170927948147149e-11 9.06230430835052e-10
2.1006989350998056e-08 1.7007174819591319e-11 9.025973826661129e-10
2.0940197170426087e-08 1.7348588908814466e-11 8.960701154374529e-10
2.0855120731566318e-08 1.7786177797538086e-11 8.8794152479238078e-10
2.0745009008614217e-08 1.7440932110524133e-11 8.8104789453149349e-10
2.0878831401472991e-08 1.7156477237609525e-11 8.7501208406169992e-10
2.0705986674933179e-08 1.518303960967094e-11 8.5883944400765056e-10
2.0626125214553461e-08 1.5891165508844981e-11 8.3968283058528636e-10
2.0623808048910235e-08 1.7003983422569873e-11 8.2816736030030251e-10
2.0608135865674999e-08 1.9608703207565557e-11 8.2710696950643487e-10
2.0474591406794874e-08 1.7207161621415523e-11 8.2329091748499976e-10
2.0406256590415038e-08 1.476095144043462e-11 8.0992574234984689e-10
2.0501525928813553e-08 1.5987397947815607e-11 8.1405173912057362e-10
2.0294198310593737e-08 1.7053816548167313e-11 7.9817233379583596e-10
2.0330167205089743e-08 1.6989473716130892e-11 7.9274950520392054e-10
2.0191561685789848e-08 1.5315605009756445e-11 7.8382195393874186e-10
2.029875074356083e-08 1.6908560741796208e-11 7.8927036039659821e-10
2.0222509217421579e-08 1.4915285834549132e-11 7.7698886595410158e-10
2.0027869756627195e-08 1.515925648166338e-11 7.6710655543801634e-10
2.0257729322523992e-08 1.7248948046384358e-11 7.7314383407508624e-10
2.0224072560358782e-08 1.5235029178374229e-11 7.7051221912724352e-10
1.9913809749524931e-08 1.5085763933699558e-11 7.4865573064260858e-10
1.9941805334703952e-08 1.6355867170033926e-11 7.4622599397055859e-10
1.9992274371176398e-08 1.5453465678078544e-11 7.4388473309557062e-10
1.9994012744960502e-08 1.5834352118652684e-11 7.4378152596469501e-10
1.9835811012398838e-08 1.5364996878214572e-11 7.2944168205053447e-10
2.0102586877102612e-08 1.4739799255063161e-11 7.3384157737891748e-10
2.0081227650490512e-08 1.4916640324503954e-11 7.2861304481194136e-10
1.9829716175308121e-08 1.5572493666728785e-11 7.0934926044349986e-10
1.9809989695366976e-08 1.3735352051187807e-11 7.0960916350155591e-10
1.982348088192135e-08 1.573827795013542e-11 7.0485584591505944e-10
1.9691338314316641e-08 1.71094908932623e-11 7.0003171132552444e-10
1.9787440572278241e-08 1.538369449515117e-11 6.9799052531766057e-10
1.9853080087797567e-08 1.4362299973205501e-11 7.0141864671636204e-10
1.9622187853531856e-08 1.2331287245128316e-11 6.917379999542865e-10
1.9669111196212546e-08 1.5324590451028102e-11 6.89740508443218e-10
1.9742284069700922e-08 1.4487716591389291e-11 6.8882365236171142e-10
1.9736470606552577e-08 1.3507089328185987e-11 6.8794881192930113e-10
1.9559271141284487e-08 1.4725610715431458e-11 6.7889734951797868e-10
1.9618940372763599e-08 1.2935247003617003e-11 6.831837958998396e-10
1.9743509243392648e-08 1.3790579169883292e-11 6.8712341313781586e-10
1.9647378324199507e-08 1.416651946902903e-11 6.7711508965645657e-10
1.9656151441069752e-08 1.6379820425120382e-11 6.6956569429035984e-10
1.9539215378469117e-08 1.4914000540163185e-11 6.6569905794407458e-10
1.9664319622049855e-08 1.2322788519131521e-11 6.6644934032081814e-10
1.9554329760146058e-08 1.4544512704036202e-11 6.637725380774596e-10
1.9499512667338497e-08 1.2955110140382952e-11 6.5823722615126971e-10
1.9457612540002569e-08 1.4000169756703243e-11 6.5458846278185108e-10
1.9646690908198716e-08 1.3097848128887598e-11 6.6064760788173737e-10
1.9623269179918476e-08 1.2969448325038797e-11 6.6104136222267544e-10
1.9575920292603323e-08 1.378914749343582e-11 6.5702972957482492e-10
1.9508990173654731e-08 1.3811293928353586e-11 6.5188520403064312e-10
1.9402740239934032e-08 1.4483020987534681e-11 6.4531130157381019e-10
1.9473405744130304e-08 1.4105524873833277e-11 6.417716192724587e-10
1.9421135154843925e-08 1.2625942798654124e-11 6.3668847017307959e-10
1.9364997509505241e-08 1.3407449582133669e-11 6.3038256331132019e-10
1.9399754389011822e-08 1.3154254531162415e-11 6.2441036706215299e-10
1.9381695071434411e-08 1.4301390246744357e-11 6.220785013948293e-10
1.9368289233066622e-08 1.2389257372551097e-11 6.211226932754547e-10
1.940439266768617e-08 1.2655710664675595e-11 6.1954854301550027e-10
1.9323956153333022e-08 1.4360476052911158e-11 6.1292516117636304e-10
1.9396547466598137e-08 1.3995495808297091e-11 6.1298409776076857e-10
1.9414947942906183e-08 1.3251549906651098e-11 6.1094226415410093e-10
1.9358957622332594e-08 1.2464939761609932e-11 6.088518834658902e-10
1.9232976887085376e-08 1.3757620068542349e-11 5.9716969449461322e-10
1.9269890663405956e-08 1.3963038439601972e-11 5.9706552657847124e-10
1.9363230798406592e-08 1.5182049971724653e-11 6.0176490822213673e-10
1.915424637329805e-08 1.255862356492887e-11 5.912702384537489e-10
1.9161290095066255e-08 1.2649351913502149e-11 5.8593634516139038e-10
1.9286011361182146e-08 1.2722540924840869e-11 5.89276258344628e-10
1.9168529619646311e-08 1.2708095931040584e-11 5.8338245136617001e-10
1.9196887639265341e-08 1.3395090669836775e-11 5.8356572544241172e-10
1.9108532092994347e-08 1.2472064668741374e-11 5.7741002879151332e-10
1.90348382730541e-08 1.2090671401801475e-11 5.7279794464531465e-10
1.9149750456605957e-08 1.136660248426597e-11 5.7864053719414815e-10
1.9108747056092677e-08 1.436534285841099e-11 5.7769270810464815e-10
1.9130293066493748e-08 1.1497257884009062e-11 5.7594196374499097e-10
1.9153298482379416e-08 1.3424257351348347e-11 5.7534518143136814e-10
1.9016051979008383e-08 1.3324535972399786e-11 5.7149569979108439e-10
1.9070948781810275e-08 1.1960232759190555e-11 5.7219999337501147e-10
1.9170854574268585e-08 1.2389806177481376e-11 5.7308242932429158e-10
1.9069338639465001e-08 1.3837405917891845e-11 5.6801390882887638e-10
1.904385084005509e-08 1.2691626638403376e-11 5.6602799937433738e-10
1.8935544348869348e-08 1.2089679349174761e-11 5.5952932532099201e-10
1.8958724276461366e-08 1.1203742579793531e-11 5.6025744702191291e-10
1.896279732300096e-08 1.1123573829308608e-11 5.5656880511689378e-10
1.90652542118377e-08 1.2280036083526377e-11 5.5781844979326788e-10
1.896318665060005e-08 1.1790627657672613e-11 5.5495873812601776e-10
1.8900030740355897e-08 1.0963730182105977e-11 5.5510146605592054e-10
1.9008500206970507e-08 1.156854614923493e-11 5.5885116621258992e-10
1.892811594861694e-08 1.0981645603020287e-11 5.5616143763125083e-10
1.8969144681459647e-08 1.1800351614970985e-11 5.5476731300963436e-10
1.8898957895030541e-08 1.0542291266093142e-11 5.5349377340599327e-10
1.8949614907624606e-08 1.121664869795448e-11 5.5700168601923427e-10
1.8871219211781908e-08 1.3211035945249378e-11 5.5149690448083547e-10
1.8940316667361739e-08 1.2486326096535752e-11 5.4786589692255376e-10
1.8876127682205657e-08 1.0980917075158099e-11 5.4446338490751364e-10
1.8887257206432595e-08 1.28720179152937e-11 5.4474592760311324e-10
1.8790688445026802e-08 1.2394237844225988e-11 5.4061522497592312e-10
1.8829633493369589e-08 1.2062261430007949e-11 5.4153625548584137e-10
1.8827360459019475e-08 1.0461587947207333e-11 5.4214528448891273e-10
1.8819096151851043e-08 1.0969871783161111e-11 5.4306258477332503e-10
1.8716305458957945e-08 1.1769821928688191e-11 5.397791761978536e-10
1.8882858137584996e-08 1.1563710823319265e-11 5.4419785316018757e-10
1.8742232456260181e-08 1.3689627240879489e-11 5.3887992209180728e-10
1.8871352580219564e-08 1.3349360457795736e-11 5.4269720727319412e-10
1.8758701554191314e-08 1.1236471242816817e-11 5.3469621068280647e-10
1.8847628800358389e-08 1.0541426624462832e-11 5.3650217205483452e-10
1.8919824284254956e-08 1.0584750255782498e-11 5.408568762248094e-10
1.8822832026004019e-08 9.9629086855449066e-12 5.3396621149137825e-10
1.8820153008131084e-08 1.204238431458907e-11 5.3260381922097594e-10
1.8903955584191785e-08 1.1825819031460588e-11 5.3244981810125041e-10
1.8811845982011717e-08 1.114376260713359e-11 5.3178696969946794e-10
1.8840857450877825e-08 1.1390601489851099e-11 5.3013743596911141e-10
1.8779758650335475e-08 1.1266071841307604e-11 5.2905593771548425e-10
1.8822154053083069e-08 1.2951896340616178e-11 5.2751147544210552e-10
1.8773372689860261e-08 1.120980033586418e-11 5.262951524709491e-10
1.8846976879003176e-08 1.3155332577177698e-11 5.2759377263560658e-10
1.8762575190293351e-08 1.0730520968735382e-11 5.2431258682328294e-10
1.8797040568187811e-08 1.0451767930588809e-11 5.2307175683952136e-10
1.8796408696491816e-08 1.162997968255645e-11 5.2354643530914113e-10
1.8815378820397448e-08 1.1571384315050782e-11 5.2574307585878898e-10
1.8768057051144698e-08 1.1198702691005015e-11 5.2198682946182411e-10
1.8822935669544553e-08 1.1644507555867487e-11 5.2514562825981441e-10
1.8756757090056205e-08 1.1641975144138838e-11 5.2268563743594803e-10
1.8769533195896998e-08 1.1522283556306195e-11 5.2042350970277081e-10
1.881372265486647e-08 1.0147944820736466e-11 5.2369222999917022e-10
1.8739771810801527e-08 1.3152292553963227e-11 5.2486043392408986e-10
1.8786075720067656e-08 1.0639444217196717e-11 5.2540894059296875e-10
1.8920392697080057e-08 1.1950549509487917e-11 5.2538554374729627e-10
1.8591408327397456e-08 1.1924014771485987e-11 5.1502668615666283e-10
1.8745905310204801e-08 1.0009594284170349e-11 5.1988363189253052e-10
1.8887825356670444e-08 1.1301430670246251e-11 5.2314054352914286e-10
1.8970656997909663e-08 1.1838239812536953e-11 5.2462020613177848e-10
1.8983607509785033e-08 1.1227227835710743e-11 5.2570877960375193e-10
1.8900585241073288e-08 1.0246136151308959e-11 5.2490721500966375e-10
1.896610527351434e-08 1.1360876806599357e-11 5.2185756962780391e-10
1.8902023751953827e-08 1.0590071925480503e-11 5.1981391814070113e-10
1.899370966685249e-08 9.599471662783947e-12 5.1843614977495283e-10
1.9164411893298715e-08 1.1829139425084774e-11 5.2223033948698489e-10
1.9114760719643152e-08 1.1472960786674106e-11 5.2180359611504452e-10
1.9109452339827224e-08 1.1030701564682946e-11 5.2193902175919048e-10
1.8928535626597461e-08 1.141437142327286e-11 5.146873385981812e-10
1.9034661845735173e-08 9.782092723552204e-12 5.1839322206367995e-10
1.9170091104659978e-08 9.1345312785521779e-12 5.2120295071478675e-10
1.9158861935239734e-08 1.1306264682630642e-11 5.1996549753727562e-10
1.8958404285043335e-08 1.0997790281305019e-11 5.1439690775257601e-10
1.9082071738633503e-08 1.095207360869366e-11 5.1461353421535278e-10
1.9283483437162088e-08 9.9522951187169327e-12 5.2070162761757797e-10
1.9035280920539292e-08 1.2257760043961269e-11 5.1378430859089506e-10
1.9168054865513609e-08 1.1556409404675409e-11 5.1631425285755101e-10
1.921147142388585e-08 1.202142085690405e-11 5.161753553981347e-10
1.9003995772182374e-08 1.1295484855872312e-11 5.0895074094949682e-10
1.9166279558408658e-08 1.0801395826691642e-11 5.1547089052094544e-10
1.9288915146897742e-08 1.030075569680451e-11 5.1645956797982326e-10
1.9238631868179389e-08 1.038176439680721e-11 5.125299409717837e-10
1.9084347671439122e-08 1.2714582229442682e-11 5.1112290670317037e-10
1.9131083831980197e-08 1.1983168490661813e-11 5.1520195173678578e-10
1.9337936015070579e-08 1.0299279512929092e-11 5.1954038871581061e-10
1.9288575130788748e-08 1.1196013923525175e-11 5.1757255075039342e-10
1.9306559048338943e-08 1.0839182218390197e-11 5.1355684708145861e-10
1.9325394176511657e-08 1.0782641562485539e-11 5.1025071355048783e-10
1.9191288457318374e-08 1.117311771600141e-11 5.0510398538050578e-10
1.933727383829529e-08 9.8349519103988676e-12 5.0546855429405086e-10
1.9241515259960538e-08 1.0308002017424033e-11 5.0477603094235733e-10
1.9415969471560222e-08 1.2194806846955214e-11 5.0727330465135845e-10
1.9335706039500678e-08 1.001071851072996e-11 5.0400127796170799e-10
1.9349380848745177e-08 1.0906321849586128e-11 5.0156761853188056e-10
1.9442816733035394e-08 1.0693014954231492e-11 5.0476826775701824e-10
1.9284559400449307e-08 9.9653284678219959e-12 4.9779258478550455e-10
1.933483412888195e-08 1.1567040806699762e-11 4.9380247479189951e-10
1.9174458661081459e-08 1.2029462852494565e-11 4.8603871385778028e-10
1.9419400550993915e-08 1.1247036581965497e-11 4.9312980270610873e-10
1.9495683584937497e-08 9.9254660555093862e-12 4.9499701141270999e-10
1.9424467004901454e-08 1.0782471753478069e-11 4.9188661114525921e-10
1.9407604501063068e-08 9.3286996048922763e-12 4.8888531842225637e-10
1.9421275995278586e-08 1.1133956192327425e-11 4.917290356489855e-10
1.9535605794853855e-08 1.061208976914427e-11 4.9553093553401154e-10
1.9442425979325805e-08 1.1422270692499858e-11 4.9399524658607939e-10
1.9583405662257078e-08 1.0295083720435284e-11 4.965034271794304e-10
1.9525793201857215e-08 1.0838493235279605e-11 4.9316082413401018e-10
1.955014584405021e-08 1.0671099251498094e-11 4.9296517256290756e-10
1.9554079430132787e-08 1.0307556047227223e-11 4.9127399520046734e-10
1.9633041032399197e-08 1.0560800408719986e-11 4.9281663458135475e-10
1.955637451315845e-08 1.1414901105244137e-11 4.8858617312775825e-10
1.9576517698361789e-08 8.7740899301005578e-12 4.8716727318108468e-10
1.9653361550136914e-08 1.1522287816833673e-11 4.892469390044246e-10
1.9618482894497218e-08 1.0944424020943678e-11 4.8732892310375832e-10
1.9525957598129042e-08 1.0342033361761755e-11 4.8600120826587612e-10
1.9603905010595003e-08 1.0367568973040135e-11 4.8451302992645038e-10
1.9659959559017627e-08 1.0846004197169634e-11 4.8187114215161436e-10
1.9672495070190326e-08 1.0649598443224922e-11 4.8099108513320657e-10
1.9714271148189212e-08 1.1413904388138438e-11 4.7976425182627367e-10
1.9615515920647091e-08 9.6097576307524477e-12 4.7750601507519875e-10
1.9760321123127223e-08 1.1666007208189943e-11 4.8011080509223641e-10
1.974605682304716e-08 1.1267660268182322e-11 4.7948562027227787e-10
1.9727643786433962e-08 1.0855185309403756e-11 4.7799220524761499e-10
1.9755381067207203e-08 1.1780613999214418e-11 4.7721127168834586e-10
1.9766465167852088e-08 1.0707523751685136e-11 4.7637732026701733e-10
1.9768401187552491e-08 9.7486446250490207e-12 4.7497959924394702e-10
1.9798637226372845e-08 1.1629384491178107e-11 4.7357795540289437e-10
1.988235758362773e-08 1.1492520381207364e-11 4.7696074147065089e-10
1.9786959874560284e-08 1.0887630533785793e-11 4.7618876208854951e-10
1.9861587378004517e-08 1.034720911834225e-11 4.7732593430258172e-10
2.0041364060069857e-08 1.1101724345555026e-11 4.804109616084852e-10
1.9968476968217124e-08 1.1449970354676775e-11 4.8157190654883183e-10
1.9977000277215726e-08 9.5079796506256925e-12 4.8096904289115858e-10
1.9978617101223127e-08 1.0488568991965067e-11 4.8330362135048616e-10
1.9928987263961587e-08 1.1616679784525726e-11 4.8113517261240186e-10
2.0064496919420277e-08 1.2041067296899288e-11 4.8177495225907948e-10
2.0007888663734144e-08 1.0378585300562673e-11 4.7918013422795591e-10
2.000444425435707e-08 8.572760039893363e-12 4.7796404173438327e-10
2.0088349060282679e-08 1.1001864283518061e-11 4.8191949661580463e-10
2.0133281774735366e-08 1.2081007887662236e-11 4.7983613845383662e-10
2.0057479359051254e-08 9.8609310595366168e-12 4.7685330318988925e-10
2.0048112363342252e-08 1.1495589049656572e-11 4.7749914469156934e-10
2.0243111012711252e-08 1.2791262890514029e-11 4.8091998001300394e-10
2.0193422850498632e-08 9.5901300165178372e-12 4.7810195036973302e-10
2.023604995492663e-08 1.0737782178079603e-11 4.7986310092789119e-10
2.0213644499400257e-08 9.8113860944410442e-12 4.7853019758391065e-10
2.0332959858910752e-08 1.1113583901515303e-11 4.78696915434509e-10
2.0359607474061847e-08 1.0111980820140177e-11 4.7950339436660751e-10
2.0349246135868182e-08 1.1516030235023175e-11 4.7812039442150131e-10
2.0451420414108989e-08 1.2016073730329451e-11 4.8058789402079768e-10
2.0373233629278923e-08 9.850965510708472e-12 4.7803668919103522e-10
2.0459209558410959e-08 1.2207108370272163e-11 4.7810564259568049e-10
2.0426430782968843e-08 9.0603280877091326e-12 4.76259356864158e-10
2.0523009248939301e-08 1.2157698912237528e-11 4.7928149026937048e-10
2.0640017806052157e-08 1.1019492477158219e-11 4.7936751223863254e-10
2.057674563295441e-08 1.0704879316697817e-11 4.7797843874690752e-10
2.0710234824288637e-08 1.0846859894866378e-11 4.7641267440984327e-10
2.05869199140048e-08 1.0504204962086413e-11 4.7256558213373763e-10
2.074083495148961e-08 1.1190227041530308e-11 4.761850940111623e-10
2.0741066810443359e-08 1.0987136824207459e-11 4.7632842258314789e-10
2.0825526063261925e-08 1.0463008079746266e-11 4.7590755367664402e-10
2.076749652499597e-08 1.086401806131907e-11 4.749278799881465e-10
2.0788145248757242e-08 1.0810757374610965e-11 4.7469338979424456e-10
2.0806483504836735e-08 1.1135447409097035e-11 4.7401037862196687e-10
2.1046514042324784e-08 1.2335476758982265e-11 4.7988330579983592e-10
2.0828839777492759e-08 1.1640981638582283e-11 4.753016365392016e-10
2.1081081206787101e-08 1.066784282666931e-11 4.7829898342453632e-10
2.0869368239149692e-08 1.0170810237635722e-11 4.7126557376027981e-10
2.1091710522854411e-08 1.0445616892935886e-11 4.752833840134278e-10
2.1195743721126798e-08 1.0974144484286149e-11 4.7615770109841709e-10
2.1030743998732567e-08 1.1461129559517034e-11 4.657826862870923e-10
2.1280747959315214e-08 1.0556216007585212e-11 4.7195928843576624e-10
2.1260053376242821e-08 1.1927085321351004e-11 4.7349200469515419e-10
2.1225908363503804e-08 1.1935241041924136e-11 4.709956370825637e-10
2.1444269346090985e-08 1.1574276232992874e-11 4.7509651595555018e-10
2.1393129500448128e-08 1.291058503131681e-11 4.7041108726032242e-10
2.134445713825448e-08 1.1489794651183791e-11 4.6564767366509662e-10
2.1605560892416235e-08 1.1651417430235911e-11 4.6947230398787314e-10
2.1464392476944803e-08 1.0544434713817004e-11 4.6407656141104723e-10
2.1632828933678181e-08 1.264808706541896e-11 4.6518893016002617e-10
2.1601001184776531e-08 1.1666183701839129e-11 4.6405246563838272e-10
2.1649347874422478e-08 1.0045624681284045e-11 4.6387373429317449e-10
2.1688446761207455e-08 1.021284598682272e-11 4.6033245898290642e-10
2.1786353480346426e-08 1.1748507756944171e-11 4.6199024970022432e-10
2.1709180891963139e-08 1.0624895472109263e-11 4.5982331019588162e-10
2.184824925867669e-08 1.0068549076331175e-11 4.6130024324244123e-10
2.192038160284025e-08 1.0414789082033173e-11 4.6337552414525543e-10
2.1917333642038987e-08 1.2188738385335749e-11 4.6116125139686623e-10
2.1907161874087319e-08 1.1529406938363819e-11 4.6155671096510371e-10
2.2107294844988443e-08 1.216631810322407e-11 4.6689554825120002e-10
2.2189358227343652e-08 1.1565569188237251e-11 4.6905638223770164e-10
2.2082723286579083e-08 1.0928777616381684e-11 4.6572161888408434e-10
2.2280696216221441e-08 1.0435418887787633e-11 4.708582153026118e-10
2.2336106874037777e-08 1.25074078979107e-11 4.6953383959059903e-10
2.2303918141284936e-08 1.1242242983171483e-11 4.6838214954412448e-10
2.2284959225438849e-08 1.0524025401350124e-11 4.695048080710752e-10
2.2498074155336265e-08 1.1827944784783267e-11 4.7419382402633477e-10
2.23795807630471e-08 1.1652641924574234e-11 4.706908380050219e-10
2.2486302743015644e-08 1.2564880772543688e-11 4.7074584003001076e-10
2.2557850573169405e-08 1.1170868463752977e-11 4.7149380878543479e-10
2.2601047019064548e-08 1.142232023296116e-11 4.7098558949260756e-10
2.2677465465861773e-08 1.0842851942317534e-11 4.7314464830240216e-10
2.2618447410242172e-08 1.3516893303662377e-11 4.7122161515480314e-10
2.282646849404662e-08 1.2765995469411564e-11 4.7503148218735437e-10
2.2730477371012394e-08 1.2218333095518397e-11 4.7156996769646653e-10
2.2829218610579113e-08 1.2477697419122914e-11 4.7365442937821557e-10
2.291211265357351e-08 1.3990493726256385e-11 4.7775999237989382e-10
2.3028511187521518e-08 1.2093296957327724e-11 4.8011349920317039e-10
2.2993582338455492e-08 1.1316502927651449e-11 4.782388128120748e-10
2.2865165286329796e-08 1.2068704289711112e-11 4.7545498535655023e-10
2.3167486817420458e-08 1.2684397518892179e-11 4.8154533495485926e-10
2.3063087053451565e-08 1.2530287584646018e-11 4.7869690599224076e-10
2.3157194542341792e-08 1.2200847152119371e-11 4.8099441587235236e-10
2.3046085419069707e-08 1.1771159741117467e-11 4.7874908283888641e-10
2.3318201300376109e-08 1.2506513098336172e-11 4.8442815110174148e-10
2.3279388335286221e-08 1.1124651773446483e-11 4.8192763729993684e-10
2.3198150473621336e-08 1.1995667022964638e-11 4.8051170611610795e-10
2.3295127948153364e-08 1.1055387411826755e-11 4.8181018518807038e-10
2.3403318578021285e-08 1.0839042298414512e-11 4.8216282937625258e-10
2.3448381730800434e-08 1.2382675193818521e-11 4.8269629018637373e-10
2.3427827384131405e-08 1.2546942939462277e-11 4.8265408282282907e-10
2.3484420328420106e-08 1.3488316565790543e-11 4.8409952799936245e-10
2.3454897715113403e-08 9.5995514030403094e-12 4.8608470789843054e-10
2.3550375979525103e-08 1.1842429274634256e-11 4.9030155878028545e-10
2.3582587465011987e-08 1.2238771477890358e-11 4.9129371861769465e-10
2.3639618649708439e-08 1.2324804167004336e-11 4.9323482127828152e-10
2.3642866036900728e-08 1.3312294259285817e-11 4.9145855723492399e-10
2.3521072402016897e-08 1.3488221308416129e-11 4.916603797985299e-10
2.3656545506352913e-08 1.2990973297344957e-11 4.9442331871989648e-10
2.3634163333951879e-08 1.3158161707154523e-11 4.9545274027390782e-10
2.3758961427398408e-08 1.0525808990701755e-11 4.9589695269347789e-10
2.3608337132552861e-08 1.3491638052780363e-11 4.9196141731703404e-10
2.3943417226519469e-08 1.1327241041319841e-11 5.0144946769231796e-10
2.3870659582536612e-08 1.1698673675151644e-11 4.9776468344744789e-10
2.3812352142368399e-08 1.2229074033405485e-11 4.9501389484129879e-10
2.3827957754511141e-08 1.3079591305445706e-11 4.9772934614149785e-10
2.3892653309596838e-08 1.2034258948889095e-11 4.9985130372317497e-10
2.4031448301392761e-08 1.2995427805526374e-11 5.0590715483493973e-10
2.3982388857143904e-08 1.2363859772659763e-11 5.0477705151475555e-10
2.3923771987540628e-08 1.2936556523153881e-11 5.038591824490986e-10
2.3912946913566435e-08 1.3213011595457706e-11 5.0564034448316971e-10
2.4096887607242586e-08 1.2758534823037457e-11 5.0797297094771536e-10
2.40082443405147e-08 1.2765468401796634e-11 5.0790501678572969e-10
2.4086411790898618e-08 1.3105599022277463e-11 5.1075399381470491e-10
2.4074072691541376e-08 1.3503358838137872e-11 5.1262342336527593e-10
2.413850213133295e-08 1.2399443960562632e-11 5.1118381671579854e-10
2.420735079430857e-08 1.3288608526299857e-11 5.1171700692989112e-10
2.4265827981727622e-08 1.2129845948182254e-11 5.1417898527147799e-10
2.425921460954371e-08 1.1762158477066392e-11 5.1259088713809396e-10
2.4300346204693797e-08 1.3584992930944116e-11 5.1099141567228381e-10
2.4430250671033266e-08 1.3529962890300322e-11 5.1252305283930153e-10
2.4413013328421695e-08 1.1614481020776734e-11 5.1046467346662537e-10
2.442949501318047e-08 1.2677404102554244e-11 5.1201839671878261e-10
2.4346857667383761e-08 1.237241496156354e-11 5.0749581553079128e-10
2.4359366315161906e-08 1.1539198745279029e-11 5.0652233175661932e-10
2.4443933215722386e-08 1.469486636217392e-11 5.0783134790754894e-10
2.4673581445059372e-08 1.3071277786168602e-11 5.1140741152433871e-10
2.4473768114977788e-08 1.2299498222973691e-11 5.06294295728812e-10
2.4589113668143836e-08 1.1724713306620761e-11 5.1134500839117538e-10
2.4575867883309941e-08 1.0480910300748927e-11 5.1228302636457064e-10
2.4675252707618129e-08 1.3239559827866457e-11 5.1545073944627424e-10
2.4747881270977178e-08 1.1822855512974509e-11 5.1720264852065236e-10
2.4734393897506772e-08 1.1937479230999182e-11 5.1712542986124817e-10
2.4740083340126363e-08 1.3289652781802214e-11 5.2101859497815703e-10
2.4880167803016164e-08 1.2617424172570854e-11 5.2491896310642303e-10
2.4816253121977238e-08 1.2307875764540708e-11 5.2316127336819555e-10
2.4993599030201032e-08 1.0684398664244961e-11 5.2997732458013805e-10
2.4887095834831296e-08 1.2012714996113974e-11 5.2793358885126722e-10
2.4983287626738678e-08 1.3195705357604777e-11 5.3000390757517615e-10
2.4969646492107737e-08 1.2776114643212294e-11 5.3052304593769966e-10
2.5163771390403464e-08 1.3066379482263781e-11 5.3284680557606534e-10
2.5268580738224506e-08 1.305303514203376e-11 5.3713375042688945e-10
2.5222080275759671e-08 1.1680414342683864e-11 5.3309819750766614e-10
2.5132056137679727e-08 1.2762152549452949e-11 5.3264405275440306e-10
2.5356271213781368e-08 1.5033405349924098e-11 5.3881530873330979e-10
2.5347281627761994e-08 1.2955035963747692e-11 5.4331559281261162e-10
2.539420380101299e-08 1.3617259282095251e-11 5.4404764889893738e-10
2.5444157796208214e-08 1.393164954152626e-11 5.4553648715738208e-10
2.5470876819739759e-08 1.323902729889378e-11 5.4509991795527659e-10
2.5693940832537519e-08 1.3055986771763782e-11 5.4806878903397995e-10
2.5564889653875477e-08 1.3121629395917614e-11 5.4441159445052269e-10
2.5709768112911737e-08 1.3641058470001697e-11 5.5007190500049533e-10
2.5758882643984388e-08 1.300467993385355e-11 5.5278011595480416e-10
2.5822564654765904e-08 1.264807339036334e-11 5.5511960197983738e-10
2.5716856428564927e-08 1.3835367438774357e-11 5.5226832461282217e-10
2.5859123447837281e-08 1.1899980833004142e-11 5.5756603020359403e-10
2.6029618828711144e-08 1.1957934138625998e-11 5.6180873558419517e-10
2.5986031975212576e-08 1.1934231989086474e-11 5.6077452617614631e-10
2.6108221858254363e-08 1.3626257870092457e-11 5.6327181455228537e-10
2.6237000124936978e-08 1.5606366918854924e-11 5.6216813780773617e-10
2.6224919841318524e-08 1.508311523464907e-11 5.6304910723121752e-10
2.6314780316646092e-08 1.6319359761014416e-11 5.6471927402608227e-10
2.6290702630894582e-08 1.2213111902370981e-11 5.6697921840053656e-10
2.6647488422851858e-08 1.4395811061092269e-11 5.7322090096059336e-10
2.6586410388935462e-08 1.4262791329127235e-11 5.7568260941732339e-10
2.6525134367324583e-08 1.5058450522143869e-11 5.7434555383950803e-10
2.6672232659551456e-08 1.2891433505344667e-11 5.7719866673181054e-10
2.6712357445893637e-08 1.4917380246365982e-11 5.7896399210696677e-10
2.6733807872904531e-08 1.4477253984497607e-11 5.7892419634961576e-10
2.6799437166512663e-08 1.5754282072107293e-11 5.8360909305808651e-10
2.6923450988194621e-08 1.2956602495774428e-11 5.8561049222328201e-10
2.6999959393215991e-08 1.3290847350840425e-11 5.8955357624367267e-10
2.6990771505749102e-08 1.4554267240662162e-11 5.9044743224369297e-10
2.7132062474454829e-08 1.376413781003158e-11 5.9169581944413331e-10
2.7224129602128198e-08 1.3754021762950724e-11 5.9385934539960995e-10
2.7324075017323694e-08 1.4212954732606647e-11 5.9671785677578549e-10
2.7398986086335095e-08 1.4606885931986516e-11 6.0117934513336722e-10
2.7483600384569854e-08 1.5012156889465803e-11 6.0639322684283475e-10
2.7481649857009955e-08 1.5530812951088585e-11 6.0693109346987769e-10
2.7704492713079473e-08 1.4619370034429928e-11 6.148320117609909e-10
2.7634007417010066e-08 1.4814832059476243e-11 6.1292413489001435e-10
2.7728634026749551e-08 1.3430973074413438e-11 6.1860884542281763e-10
2.7709981102954259e-08 1.4234441986242643e-11 6.217717194141263e-10
2.7997491451537462e-08 1.7045780885817975e-11 6.3257971598330824e-10
2.7995868845131824e-08 1.5829367066531802e-11 6.3553671418228865e-10
2.8046245466838791e-08 1.5717721403955957e-11 6.3698270372594867e-10
2.8015933409336139e-08 1.4844819105635566e-11 6.3397772363179231e-10
2.8273858273723372e-08 1.4623006887093738e-11 6.40667557368462e-10
2.8243292895766247e-08 1.4286571006345966e-11 6.4655952736983817e-10
2.8422645356554785e-08 1.5774962695324723e-11 6.5288599439427048e-10
2.8371178773817617e-08 1.3760414475231028e-11 6.5314051626502437e-10
2.8573646408687515e-08 1.4118350651095854e-11 6.5813370627845897e-10
2.8546228261136869e-08 1.5776116204539021e-11 6.6229749301177181e-10
2.8890882981056975e-08 1.4943687165246318e-11 6.6952077357314945e-10
2.8762521345566457e-08 1.5352192008883002e-11 6.6827215128097507e-10
2.884739572600664e-08 1.5512168477441849e-11 6.7354329765057778e-10
2.89864632104592e-08 1.5229011236828523e-11 6.8099715184866621e-10
2.8993491394093935e-08 1.3738876820171153e-11 6.8092140153459146e-10
2.9035407271809044e-08 1.6425669474957798e-11 6.8279411131721149e-10
2.9177329766471114e-08 1.6846762443474885e-11 6.8816084370650663e-10
2.9202520424767567e-08 1.4995593225892604e-11 6.9095252497485118e-10
2.9277137764694084e-08 1.6796151369052441e-11 6.952671708826096e-10
2.959082165624524e-08 1.7294684336072227e-11 7.0403906510904769e-10
2.959112610772304e-08 1.6527683339301038e-11 7.0386785610456522e-10
2.9669388065898545e-08 1.7093527878759876e-11 7.0841165373628388e-10
2.9593932337760765e-08 1.6836900563447794e-11 7.0785573880680253e-10
2.978673883046044e-08 1.6649289432679992e-11 7.1455962007234638e-10
2.9993268307330058e-08 1.7909277378016821e-11 7.177734444952991e-10
3.0053361520108303e-08 1.6864456391372669e-11 7.2178272802619809e-10
3.0098117718788662e-08 1.8898940148811931e-11 7.2397167463182734e-10
3.0325148396901166e-08 1.4994636030389154e-11 7.268178725517945e-10
3.033489678532667e-08 1.4426834185158142e-11 7.2763298304589826e-10
3.0274005882300695e-08 1.7907902168831815e-11 7.2495978508052368e-10
3.0424643757069212e-08 1.5383501681833542e-11 7.2917076235488182e-10
3.0334148813244002e-08 1.7884511661326415e-11 7.2989493179996196e-10
3.0791385869318279e-08 1.6065433112416136e-11 7.3958876934268437e-10
3.0775216361193396e-08 1.833547052680559e-11 7.3794934919084626e-10
3.0566439274492529e-08 1.4276759937858142e-11 7.3466335834117655e-10
3.0882508428014643e-08 1.7089805358841221e-11 7.4242310567941967e-10
3.0854378634648211e-08 1.7506922705717744e-11 7.4318022956490321e-10
3.0976467211567349e-08 1.6689224316172458e-11 7.5108923925360626e-10
3.1008826651902299e-08 1.5069569353955117e-11 7.5341953738573867e-10
3.1273940378874125e-08 1.776921818925205e-11 7.6050435803092963e-10
3.1400264573581537e-08 1.9517113694834786e-11 7.6619844794237956e-10
3.1119904753172365e-08 1.5650738396754872e-11 7.6091093659020328e-10
3.1333427728960386e-08 1.6066195483895133e-11 7.6645480768658407e-10
3.1443568985404807e-08 1.9136498444218632e-11 7.7227605171767304e-10
3.1477380474458564e-08 1.6749627354034955e-11 7.7345842964199754e-10
3.1457984738660678e-08 1.6824591124592154e-11 7.7799264780349606e-10
3.175026761487811e-08 1.9249723828723227e-11 7.8381602903428802e-10
3.1911609909971789e-08 1.7685809404210728e-11 7.8689729207791933e-10
3.1759575119987625e-08 1.8258139378482504e-11 7.8165882281837721e-10
3.1878986545690924e-08 1.7693579334168641e-11 7.8437082053411929e-10
3.2000457769144951e-08 2.1050355649315254e-11 7.8800371775276978e-10
3.1890721838071701e-08 1.8577249863761367e-11 7.8481571513567967e-10
3.2065688923777862e-08 1.929902633284194e-11 7.9156036632705266e-10
3.2188552525540931e-08 1.7479366691916982e-11 7.9681573447182323e-10
3.2094607989905159e-08 1.7813442052339221e-11 7.9050288487138245e-10
3.2380066658880894e-08 1.822354840414105e-11 7.954096942240037e-10
3.2386054959250652e-08 2.0332688725735076e-11 7.9999084929619959e-10
3.2571160021065318e-08 1.7310563418040543e-11 8.0440265323027621e-10
3.2791505683634393e-08 2.0317965680261069e-11 8.0795621094762549e-10
3.266145588856818e-08 1.7360306841532417e-11 8.072011485096533e-10
3.2863594128107955e-08 1.9060994598106805e-11 8.087912122128508e-10
3.2856705437693121e-08 1.8767181042989757e-11 8.0535552341630576e-10
3.280854084426103e-08 1.6673432566161734e-11 8.0816853246328914e-10
3.317527462260669e-08 1.9041880597260135e-11 8.2288822156179183e-10
3.3037487014024026e-08 1.8521462326025424e-11 8.2322597917199297e-10
3.31210460304094e-08 1.9472502887541654e-11 8.2530249069905588e-10
3.3313379828641864e-08 2.0183525438316371e-11 8.2988271284829636e-10
3.322906331021958e-08 2.0200985860231359e-11 8.3144520645275053e-10
3.3339768399662158e-08 1.9961903102135068e-11 8.3791564719616884e-10
3.3237894286378837e-08 2.0713044900585678e-11 8.3549558146489159e-10
3.3410618793900004e-08 1.82036496028571e-11 8.4213540132431826e-10
3.3467401631023158e-08 1.7984294847215078e-11 8.432519819674649e-10
3.3589601493869919e-08 2.009402578913146e-11 8.4594418331774698e-10
3.3870655347000399e-08 2.1265043186783405e-11 8.5794548571929027e-10
3.3806319179788021e-08 1.801498930319858e-11 8.6052054077898883e-10
3.3897916649671137e-08 1.9606500885997845e-11 8.6203266334468271e-10
3.3926529449362733e-08 1.997932328247188e-11 8.667251321561269e-10
3.401921565244927e-08 2.0406958125824623e-11 8.7346468009932006e-10
3.4020059985505144e-08 1.7647516595455321e-11 8.7265119213294436e-10
3.4100883837005356e-08 2.0629630586682205e-11 8.7708045267671621e-10
3.4312856585510067e-08 1.8335072064900019e-11 8.8274948393360853e-10
3.4387683800986203e-08 2.070868333554697e-11 8.8862731442968657e-10
3.4333259624470978e-08 1.7654429029990489e-11 8.8814888728745484e-10
3.443580835599463e-08 2.2345016001099599e-11 8.9568615238002222e-10
3.4622746575632914e-08 2.2380611043462604e-11 9.0395408184388096e-10
3.4510681129938836e-08 2.0239689241020004e-11 9.0414904307245143e-10
3.4638477926900688e-08 1.9501672714154705e-11 9.0944139745752085e-10
3.4920389287743411e-08 1.9185453635294995e-11 9.2129073621223918e-10
3.4830343985439939e-08 2.0206520006048424e-11 9.2249134106584554e-10
3.492371621471837e-08 2.1137605322583751e-11 9.3087597293425792e-10
3.4942839039298665e-08 1.9491091961286421e-11 9.3002795735230369e-10
3.5186634087924626e-08 1.9335057715303993e-11 9.3802194079664151e-10
3.5109673676995444e-08 2.061515684511217e-11 9.4099429722773623e-10
3.5255177680544063e-08 1.7960610268759306e-11 9.421317551459769e-10
3.5409266627572953e-08 1.8912020072937234e-11 9.5106682997157089e-10
3.5290567336532529e-08 2.1162676949725428e-11 9.5076779303994386e-10
3.5571912069091076e-08 2.1333647941419465e-11 9.5459514671181779e-10
3.5737047163839845e-08 2.1559283217620418e-11 9.5799163644859598e-10
3.5560577847158987e-08 2.3294677577492522e-11 9.4911023866351609e-10
3.5747827898799509e-08 1.8530955069372266e-11 9.5737873870340662e-10
3.5810682973135467e-08 1.8421617268110445e-11 9.6386892244906264e-10
3.5883237504216331e-08 2.0520000463305241e-11 9.626855660461375e-10
3.6093781420217861e-08 2.1163191950632383e-11 9.7100070881529964e-10
3.594346759925959e-08 2.1421882762856892e-11 9.6656850527839339e-10
3.5946368608897173e-08 2.091885751912293e-11 9.6581627349601704e-10
3.6237201913360481e-08 2.1732555960353977e-11 9.7710645985662489e-10
3.6255053463255908e-08 2.5336903928582696e-11 9.8161477187649462e-10
3.6381993339159651e-08 2.1179778176375808e-11 9.8867985220214245e-10
3.631424546489736e-08 1.9421342099841412e-11 9.9162840416039435e-10
3.6536752672881145e-08 2.2229924153638861e-11 9.9665970606946655e-10
3.6542655815526529e-08 2.1856016247653581e-11 1.0031256628182787e-09
3.6586113918449287e-08 2.0657465587710794e-11 1.0013655254383917e-09
3.6533561802766467e-08 2.137340063655542e-11 9.9950711098861354e-10
3.6674688838482079e-08 2.3278613289627045e-11 9.9690253904359422e-10
3.6954946700588314e-08 1.9775108320416745e-11 1.0044975817003917e-09
3.6992352796027936e-08 2.2681909322558976e-11 1.0083926220785148e-09
3.7109980055574348e-08 2.1937417199179019e-11 1.0074495183254471e-09
3.7153233301569822e-08 2.4106788493483909e-11 1.0163593603507017e-09
3.7079137490176046e-08 1.8134794136601771e-11 1.015200101279945e-09
3.7215574615924399e-08 2.2212039437858988e-11 1.0109547164698157e-09
3.7321011763873496e-08 2.3235156617495142e-11 1.0064563658593686e-09
3.74840791935933e-08 2.2698540609090977e-11 1.0074816816576722e-09
3.7473059351162777e-08 2.3318394794856918e-11 1.0068400381857423e-09
3.7656984858623441e-08 2.1770796350129853e-11 1.0131167521982415e-09
3.7659324593311187e-08 2.3285542480290196e-11 1.0148911045331186e-09
3.7923853121082829e-08 2.3342546617363113e-11 1.0306361301345955e-09
3.7874608962368064e-08 2.2919510068829368e-11 1.0307422442702183e-09
3.8058497916241189e-08 2.3559662486691368e-11 1.0370391677275994e-09
3.8056675357677887e-08 1.9972182028034611e-11 1.0396773641632721e-09
3.8103990283531479e-08 2.2989599617558984e-11 1.0396150477686311e-09
3.8380739980154165e-08 2.3481043465930667e-11 1.0420253392065436e-09
3.8363497542396939e-08 2.1486296709771462e-11 1.0394223591927891e-09
3.8548189204124471e-08 2.4777611486240224e-11 1.0416087790254816e-09
3.8638230146046597e-08 1.9798550895187721e-11 1.0400124358733648e-09
3.8680523893386313e-08 2.291235625344796e-11 1.0446236481500614e-09
3.882639347799293e-08 2.1804142602201908e-11 1.0498323934488129e-09
3.8823227985647069e-08 2.3662828609076327e-11 1.0610209582474337e-09
3.8973956069735383e-08 2.0715608803317391e-11 1.0615688126042284e-09
3.9090706390197441e-08 2.2538566688730824e-11 1.0652243836266113e-09
3.9244308315110745e-08 2.3739061570986283e-11 1.0766242130228462e-09
3.9280567135443331e-08 2.5058591255097221e-11 1.0778076369969717e-09
3.9339532382402173e-08 2.2727511363502542e-11 1.0822356056422387e-09
3.9500737216218378e-08 2.4563898260098014e-11 1.0844391996630163e-09
3.9684578694830747e-08 2.2074380651925077e-11 1.0923879163293385e-09
3.9707659275175806e-08 2.6122078723065418e-11 1.0939026359681592e-09
3.9757545364742765e-08 2.4231779879008922e-11 1.0991678944791304e-09
4.0088217914298363e-08 2.3443685090839795e-11 1.1111459127613425e-09
4.0171613472277397e-08 2.4465669386967076e-11 1.121416784337482e-09
4.0270461691983898e-08 2.3625297568956057e-11 1.121662016070618e-09
4.0329879517515659e-08 2.561960980110486e-11 1.11991914764867e-09
4.0148888122451657e-08 2.2096796684325812e-11 1.1108373186953245e-09
4.0472958022316944e-08 2.1151010960545415e-11 1.1114069484877377e-09
4.075315929856027e-08 2.4263147470281665e-11 1.1143745184577683e-09
4.0636957321171889e-08 2.4713742123021832e-11 1.109038897771959e-09
4.1015564646586916e-08 2.7705240653354778e-11 1.1191245865215865e-09
4.0844737472069175e-08 2.2489160149576819e-11 1.1138305020287808e-09
4.1165657403562501e-08 2.6757600617902542e-11 1.1188699810418817e-09
4.1155583606630065e-08 2.4776112506508366e-11 1.1156362737863781e-09
4.1520292483169627e-08 2.3076237986307905e-11 1.1280004246628724e-09
4.1603460167608299e-08 2.6681658755354057e-11 1.1301475235538485e-09
4.1831381207265394e-08 2.4750984710948732e-11 1.1266850045903243e-09
4.179268148919612e-08 2.5881671946475838e-11 1.1252714261703814e-09
4.1793093781770861e-08 2.2114825861583134e-11 1.1278937289020418e-09
4.1900094219834122e-08 2.7138539726088546e-11 1.1370936812606672e-09
4.2245820087951059e-08 2.5009401586960535e-11 1.1440528073454079e-09
4.2400991145777921e-08 2.5772984019907215e-11 1.1521050587308109e-09
4.2601445004784676e-08 2.437028894302086e-11 1.1556274027450217e-09
4.2747297133174283e-08 2.8532044526557898e-11 1.1630212574496568e-09
4.2707752493612574e-08 2.5239319636434204e-11 1.1605211712197257e-09
4.2743257496930897e-08 2.6759898155302794e-11 1.1700482129661024e-09
4.3290382809308782e-08 2.4351480382804473e-11 1.1843079942393655e-09
4.2971742634190534e-08 2.8166375577271636e-11 1.1831107066956588e-09
4.32864701782979e-08 2.7011733377786043e-11 1.192882374576862e-09
4.3283854380360971e-08 2.7591094641433503e-11 1.2019362576341315e-09
4.3652933667392535e-08 2.7346401786909352e-11 1.209863687634309e-09
4.3760363563412497e-08 2.9154769547259925e-11 1.2107967620956845e-09
4.4021385383929907e-08 2.9413101879890828e-11 1.2212026941038185e-09
4.4021999406221317e-08 2.7792816246609995e-11 1.2200214094503244e-09
4.4449258803362098e-08 2.4717917435571761e-11 1.2306373977543628e-09
4.4511730340919361e-08 2.5736852540415782e-11 1.2329886329821995e-09
4.4513157847834985e-08 2.7274820845349619e-11 1.237036744545232e-09
4.496679721215525e-08 2.6612302935030757e-11 1.2437352949495165e-09
4.4961164365025766e-08 3.1315331437453686e-11 1.2397828151444558e-09
4.517085400123837e-08 2.6835589016170836e-11 1.2441277972511424e-09
4.5459176114451244e-08 2.9634883799843586e-11 1.256575541028475e-09
4.5451628948953539e-08 3.0314784765318778e-11 1.2588891448572051e-09
4.555494825586394e-08 3.0965491588336727e-11 1.26603645642103e-09
4.5555252985770109e-08 3.2271550981920429e-11 1.2615421270739124e-09
4.5875885573695858e-08 2.9923026072140761e-11 1.2698743198174397e-09
4.6065583802729332e-08 2.6488671689426004e-11 1.279868616908997e-09
4.6578843152701018e-08 3.0946702617118965e-11 1.2956557239667103e-09
4.6393066940928632e-08 3.2177253872042149e-11 1.2894925776612882e-09
4.6874815772591204e-08 2.9833272120159045e-11 1.3007746948555314e-09
4.6915549895340129e-08 3.1183200980340097e-11 1.3025355044761354e-09
4.7335566583612161e-08 3.2247258853631941e-11 1.3159400376622313e-09
4.712496578205959e-08 2.9854946441518746e-11 1.3096195147948012e-09
4.7519485695386226e-08 3.0478923442156956e-11 1.3179239862298749e-09
4.7468709152785741e-08 3.1975361960070357e-11 1.3190117903833224e-09
4.7858361132694345e-08 3.4140628943827217e-11 1.3268987210578752e-09
4.7865897556919706e-08 3.3244063369525619e-11 1.3331688725645519e-09
4.8111934699391286e-08 3.0875448367377273e-11 1.3472947275788696e-09
4.8527045840187921e-08 3.4230495796759587e-11 1.3535024090150718e-09
4.8566216377166251e-08 3.1674766660038414e-11 1.3543728113907527e-09
4.8806099745640293e-08 3.2776065607810096e-11 1.3603816599390223e-09
4.84875309799947e-08 3.3894955975305134e-11 1.359572580956433e-09
4.9105795016704847e-08 3.1218045869247424e-11 1.3831686109160908e-09
4.9233245555002507e-08 2.9924457961050262e-11 1.3922241050654694e-09
4.9085899606345059e-08 3.193032181849237e-11 1.3930614109515944e-09
4.9466457425548947e-08 3.0699497875751878e-11 1.4110678099782343e-09
4.9612030263706024e-08 3.7828038004466444e-11 1.4141004367394083e-09
5.0384159321023135e-08 2.6953242398499067e-11 1.4419740582164702e-09
5.0180900762194133e-08 3.3432858981677029e-11 1.4501848349840931e-09
5.0164537217581662e-08 3.1657574010107862e-11 1.4520467182715075e-09
5.0605848941017726e-08 3.1363434469060024e-11 1.4661519595650515e-09
5.023266009003421e-08 3.0432649200709407e-11 1.4453008632451084e-09
5.076551138119422e-08 3.1493458468679965e-11 1.4552067705306261e-09
5.080765324877971e-08 3.2429940577355416e-11 1.4680613709096099e-09
5.1066232212786459e-08 2.8464902908534156e-11 1.4803985879290447e-09
5.1468330323010787e-08 3.0661073661558962e-11 1.4860434215730979e-09
5.1594170926415029e-08 3.3643209153758908e-11 1.4856542550600984e-09
5.1495424712307998e-08 3.3734966195643834e-11 1.4961811099855612e-09
5.1943575334945221e-08 3.2464728629523659e-11 1.4986758010428567e-09
5.2137109879910839e-08 3.3071600707707163e-11 1.5142153196476608e-09
5.2195991947580225e-08 3.4347204180960297e-11 1.5148583889008748e-09
5.2390638172612099e-08 3.2810682561617689e-11 1.5074843061266945e-09
5.2441102657206484e-08 3.6327490362024459e-11 1.5058097652266254e-09
5.2619359993703334e-08 3.768732901364754e-11 1.5143680570724073e-09
5.3151944599816595e-08 3.5008008910696991e-11 1.5221510540431042e-09
5.2975188930809532e-08 3.7850845803571521e-11 1.5156873330011352e-09
5.3268222519451361e-08 3.6640804704766258e-11 1.5283602094943716e-09
5.3434804302542737e-08 3.4897440294091219e-11 1.5353708310470208e-09
5.3583367817761823e-08 3.166704159819423e-11 1.5567892517068365e-09
5.4025880171005501e-08 3.9703597822432077e-11 1.5609202144649643e-09
5.4118402640228693e-08 3.76308382848095e-11 1.5629539924314935e-09
5.4051227519628814e-08 3.314946603521046e-11 1.5630535865708899e-09
5.4485632738498868e-08 3.6517031767774387e-11 1.5825807984984366e-09
5.4720202278949993e-08 3.6679402833088337e-11 1.5936377101628045e-09
5.4499668850045676e-08 3.9874704544859425e-11 1.5884648129010229e-09
5.487126527186313e-08 3.8528436316354738e-11 1.6030521842921781e-09
5.5065267442778479e-08 3.6213524546845318e-11 1.6121307579063016e-09
5.517093393863469e-08 3.5602829004257185e-11 1.6042166289671723e-09
5.5519766616911666e-08 3.6062327170044179e-11 1.6137488683323045e-09
5.5543721031805093e-08 3.3863107603294606e-11 1.618360447680571e-09
5.5817932762180021e-08 4.8764541347051503e-11 1.620339294222746e-09
5.5211792058570824e-08 3.6110044120417843e-11 1.6126326033882317e-09
5.6369047120019161e-08 4.0321903309266096e-11 1.6414425270962075e-09
5.607481845677049e-08 3.8164898927962267e-11 1.6375055863921013e-09
5.6285863558477904e-08 3.7161918436989779e-11 1.6549912523818638e-09
5.6949685162209416e-08 3.7386654163634814e-11 1.6777724335240034e-09
5.6639333841526749e-08 3.9104826925605832e-11 1.677410615200269e-09
5.6967455920608935e-08 4.2090748177458145e-11 1.6876211025911631e-09
5.7600513498764784e-08 4.6429403775331774e-11 1.6957307325203604e-09
5.7197839576168525e-08 4.1103091097692369e-11 1.693840919337286e-09
5.7124854402560075e-08 4.1550174031192559e-11 1.6936579819323196e-09
5.7603818504196831e-08 3.4804760538157031e-11 1.712502956180942e-09
5.7548042595844844e-08 3.9387645798233773e-11 1.7101046511616866e-09
5.7773184067196324e-08 3.3666248289152102e-11 1.7115384219665002e-09
5.8311928883866079e-08 4.2028223246448903e-11 1.7224725236414139e-09
5.8646603752160597e-08 3.8693431769798034e-11 1.7295124134197116e-09
5.85587820277709e-08 4.0819479262720929e-11 1.7172093182401315e-09
5.8507113771803394e-08 4.4647681878535476e-11 1.7117927024080191e-09
5.8613781890229872e-08 3.9957384101401175e-11 1.712412715696725e-09
5.9086794417246807e-08 4.1614147660368361e-11 1.737238334205089e-09
5.9123096836365881e-08 4.3064512488119232e-11 1.7325694049767749e-09
5.9168092696774636e-08 4.2275760802803939e-11 1.7402890528122701e-09
5.9598230033761174e-08 4.3849783030649866e-11 1.7585463222019004e-09
5.9697327762219184e-08 4.654371531889542e-11 1.7542233883805952e-09
6.0014623221102566e-08 4.2147252162355315e-11 1.7708406512341862e-09
6.0020421209029635e-08 4.6620810925855077e-11 1.7692769269116518e-09
6.0290426391640628e-08 4.7097326515765522e-11 1.7826475786836116e-09
6.0112343675812784e-08 4.0485515194767569e-11 1.7798324387807066e-09
6.0154361725990797e-08 4.4039271583315085e-11 1.7864270377698911e-09
6.1026629281568256e-08 4.486053609145577e-11 1.8179364890182362e-09
6.0749737557129009e-08 4.1999324359007644e-11 1.8096969819823545e-09
6.1400277420049931e-08 4.0931745410997005e-11 1.8324513750859706e-09
6.1408235346533707e-08 4.1637407052899209e-11 1.8416134960991086e-09
6.1349185333547782e-08 3.9468594596173944e-11 1.8465806888522269e-09
6.1416419333205712e-08 4.3968426730034163e-11 1.8433045633390521e-09
6.1846172005290818e-08 4.2680031865015938e-11 1.8591800932044259e-09
6.1743330697631216e-08 4.1218072060566022e-11 1.8544421987084589e-09
6.1853885933754482e-08 4.6880274320150834e-11 1.8776146861136947e-09
6.2551363006739889e-08 4.9787578170573167e-11 1.9122160448871452e-09
6.2339241362042635e-08 4.3944446034840162e-11 1.9154290725466683e-09
6.2445362732993597e-08 4.1190873984387401e-11 1.9177819669097284e-09
6.2571841677321113e-08 4.0809480839512043e-11 1.9316425467713128e-09
6.2705388283989219e-08 4.3711967337203474e-11 1.9292848819330082e-09
6.2840303924591373e-08 4.843733220940359e-11 1.9327640547803193e-09
6.320143706629557e-08 4.4609215560927097e-11 1.9295617133313041e-09
6.3251905004557768e-08 4.811803258133483e-11 1.932492817992103e-09
6.291250548752447e-08 4.7335055253725675e-11 1.9230127487170247e-09
6.3454398355503111e-08 4.3692575766059203e-11 1.9358534018432694e-09
6.3666068978986047e-08 4.4428945285342984e-11 1.9465014009784226e-09
6.3463912922676302e-08 4.1800707656390571e-11 1.9424054402398523e-09
6.4279656081863617e-08 5.7137968896610656e-11 1.9693371187761641e-09
6.3944449061384366e-08 4.6419592997335261e-11 1.9589073658954631e-09
6.4491174985751944e-08 4.3419808010424876e-11 1.9823612022013722e-09
6.4410142069939422e-08 4.4837982723421082e-11 1.9688878471807033e-09
6.462623440700591e-08 4.78213557834363e-11 1.9786687153063012e-09
6.4589399071011869e-08 4.6449355410425372e-11 1.9613594140756545e-09
6.4981749560683304e-08 4.1166470054122463e-11 1.9756943742845036e-09
6.4922076055428832e-08 5.0593855079873315e-11 1.9776968335425669e-09
6.4966405118782118e-08 5.0318915504041997e-11 1.9734853436622023e-09
6.5591004356873413e-08 4.6047328331510525e-11 2.0127590266156025e-09
6.5540095099094918e-08 4.8908461573035559e-11 2.0121801914745592e-09
6.5593937396319087e-08 4.932667542679943e-11 2.0136721287518228e-09
6.5666797488323156e-08 4.6987743317393718e-11 2.0260810387238863e-09
6.5895107683170096e-08 4.5692201163682845e-11 2.0412666335962058e-09
6.5823912065166843e-08 4.7513672058663713e-11 2.0382974850125506e-09
6.6135749442155732e-08 5.397327749038211e-11 2.0511535197020779e-09
6.6438873677053849e-08 5.4585355186492441e-11 2.0486813331152246e-09
6.6806252329915902e-08 5.3770097284725987e-11 2.0752193192448152e-09
6.6483019171789363e-08 4.7305347337422228e-11 2.0855157461005775e-09
6.6966649911628756e-08 5.0761681157012363e-11 2.0983020062505195e-09
6.7303632322170497e-08 4.738844166533487e-11 2.1052354692861977e-09
6.699295173212065e-08 4.9367738923643307e-11 2.0966364932096169e-09
6.7642573236444858e-08 5.3659008115549216e-11 2.1359195512120699e-09
6.761576167190176e-08 5.0754291595002887e-11 2.1322836734860158e-09
6.7443849426931869e-08 4.7142626695812468e-11 2.1512837192954287e-09
6.7749424921519671e-08 5.5332073831149166e-11 2.1613407420854417e-09
6.8029674871660288e-08 5.1345994985268983e-11 2.1756326069216868e-09
6.8373047682072842e-08 4.9501953066169479e-11 2.1825641533928137e-09
6.8222176034015034e-08 5.2509061544327716e-11 2.1794396699591704e-09
6.8312959781683622e-08 5.2928543547777992e-11 2.1767266787332654e-09
6.863254968428153e-08 4.8721361421718847e-11 2.1808578787533486e-09
6.853611908360028e-08 5.1980880028749931e-11 2.1662980875356915e-09
6.8832865462659195e-08 5.2926352596910428e-11 2.1962445166502661e-09
6.9424330802055067e-08 5.3186904426023919e-11 2.2250533620547873e-09
6.9378915063072123e-08 5.1034290951886302e-11 2.2194687640826387e-09
6.9420539386140462e-08 4.6587022086170517e-11 2.2286073609908429e-09
6.9559413374049297e-08 5.0390458179070469e-11 2.2503857621358857e-09
6.9841499841479422e-08 5.417256911672645e-11 2.2582975926254607e-09
7.0154484325559803e-08 5.3166944190677761e-11 2.2808075327615376e-09
7.0261079371306757e-08 5.0736914253788608e-11 2.3071248384436384e-09
7.0696861947491862e-08 5.5511619564079936e-11 2.3413181124616907e-09
7.0487017763007659e-08 4.8871830761718313e-11 2.3546958761738045e-09
7.0787931991901693e-08 5.5008108988064507e-11 2.3608966775152029e-09
7.0914950243648353e-08 5.3662285848219214e-11 2.360721247473805e-09
7.1070995257862065e-08 4.628956105054663e-11 2.3815063600769963e-09
7.1082166509144617e-08 5.4462367638179331e-11 2.386663310139694e-09
7.1475225842695191e-08 6.2122019375147718e-11 2.3981308021099273e-09
7.1414737360915822e-08 5.8051158890948928e-11 2.3906813550967601e-09
7.207096517260303e-08 5.5141372846746161e-11 2.4168378995411334e-09
7.176175189169108e-08 5.48409220281302e-11 2.4139165071357261e-09
7.1804915949826546e-08 5.0946422096272668e-11 2.4268463164489727e-09
7.2332441083122917e-08 6.3998608813165546e-11 2.4497095026281299e-09
7.2325863004489527e-08 6.2244358711820626e-11 2.4383248957577983e-09
7.2529136913707507e-08 6.2436344828156817e-11 2.4410430452286363e-09
7.2996263575361359e-08 5.373055673072868e-11 2.4748067051749431e-09
7.2927616219600187e-08 5.6379879821737975e-11 2.4897160666106089e-09
7.3209033349631912e-08 6.2632661403208375e-11 2.5055054901203324e-09
7.3509305613614458e-08 5.9009073901559711e-11 2.5212574884294022e-09
7.3818234607143775e-08 5.8323259775310494e-11 2.5268540198168845e-09
7.3997455767120756e-08 5.9700263346668475e-11 2.5384334852251151e-09
7.4131828288427215e-08 6.0088845064401305e-11 2.5553105285234537e-09
7.4055955947353379e-08 4.4518265753650194e-11 2.5545428048389989e-09
7.4619624354316067e-08 5.7265752885692994e-11 2.5763296096376722e-09
7.491826073870597e-08 5.475408932642021e-11 2.5974595266366055e-09
7.4902064760539381e-08 5.8125954331928478e-11 2.6061598053456658e-09
7.4716808244084268e-08 5.2876436655996858e-11 2.6006895664454829e-09
7.5273408079762286e-08 6.574733627399844e-11 2.6177836715195039e-09
7.5686790786055787e-08 5.562341674449481e-11 2.6405986310990034e-09
7.5893141192655062e-08 6.153867450376359e-11 2.6495097699483929e-09
7.6025105545226576e-08 5.2883591253580994e-11 2.6422291797504433e-09
7.6315193296391007e-08 6.0822217532430773e-11 2.6659483003008565e-09
7.6583183060872466e-08 5.8254882003309685e-11 2.6736950667421625e-09
7.6745856404101127e-08 6.2624713634232023e-11 2.6848601716634117e-09
7.6813124473428579e-08 6.4346263853686682e-11 2.6986540031531223e-09
7.6901615930908587e-08 6.1345648025801995e-11 2.6985987080311315e-09
7.7431452276383355e-08 5.5797718576641846e-11 2.7178740995064911e-09
7.7492654605883309e-08 6.1454739115330103e-11 2.7512036387124568e-09
7.7526252866602125e-08 6.7423550057988688e-11 2.7848818800280481e-09
7.7517801742048784e-08 6.415181833865044e-11 2.7741197574506539e-09
7.822780138808814e-08 6.885848379053989e-11 2.8184178060523734e-09
7.8437030490485564e-08 6.3918760999141218e-11 2.820601855295057e-09
7.8545924565045048e-08 5.8774588260418358e-11 2.8232941329608856e-09
7.8957176787580724e-08 6.0350355181438625e-11 2.8595014758226935e-09
7.9075669859142557e-08 6.3577963313367612e-11 2.8843575995202673e-09
7.9499901318310391e-08 6.7323512201327739e-11 2.9174133348465016e-09
7.937804510252127e-08 6.2344433736004379e-11 2.9363985516017003e-09
7.9896069359778662e-08 5.3878885134959243e-11 2.9541668487426637e-09
8.006140736512975e-08 6.9876819351874917e-11 2.9741320797667691e-09
8.0808125320030324e-08 6.2540687593668625e-11 3.0040845893699996e-09
8.0315303045376378e-08 6.0517504793186625e-11 2.9649792015483667e-09
8.0768038483056595e-08 6.169306668497363e-11 3.0170566338468295e-09
8.0904201185771129e-08 6.7175490473525179e-11 3.0378615447795575e-09
8.1872830751822315e-08 6.6661742581140059e-11 3.0862516315176996e-09
8.1493832503642046e-08 6.3394259544549719e-11 3.0715994997049148e-09
8.181889540514056e-08 6.4132037569976151e-11 3.0685452262863918e-09
8.189786998462507e-08 7.1686230683302518e-11 3.085928616483718e-09
8.2418963413622457e-08 7.3270092158500585e-11 3.1051896360866227e-09
8.3041103728942934e-08 7.4487359854648812e-11 3.1340965445168918e-09
8.3344959612771698e-08 5.3583442414768774e-11 3.1506416237215228e-09
8.3766782998785267e-08 6.1877584804303962e-11 3.1894100588336215e-09
8.4097162385090183e-08 6.2406322435893426e-11 3.1985578379738493e-09
8.4577782094534986e-08 7.6023706429165632e-11 3.2195376526701269e-09
8.4428632671165253e-08 6.1795240331831233e-11 3.2168732580007883e-09
8.4744343514984499e-08 7.1383470457042895e-11 3.227613669306047e-09
8.5070583949684927e-08 7.1957336073384623e-11 3.2291123587097393e-09
8.5138713747524109e-08 7.2434486188064883e-11 3.2275227590830045e-09
8.529166904115132e-08 7.0110486311302664e-11 3.2462495554858857e-09
8.5992274776060515e-08 7.4021600382783334e-11 3.2654359824116307e-09
8.5766077486135584e-08 7.3729736895701181e-11 3.2496066679911478e-09
8.6641342724231842e-08 6.8964171447419445e-11 3.2933249496058996e-09
8.7220621539334583e-08 7.8805640098675759e-11 3.3308654940513913e-09
8.7160685282484738e-08 6.7677584600976513e-11 3.3387676394447065e-09
8.7193193065298475e-08 6.7481709068144942e-11 3.3359655735589689e-09
8.7609474071279715e-08 7.6416182366333231e-11 3.3462939434682023e-09
8.7873181212383324e-08 7.0530956875906033e-11 3.3537956236018435e-09
8.8109582016938401e-08 7.6309524294651534e-11 3.3625295813284506e-09
8.8940896329707782e-08 6.7427866613853915e-11 3.4053457222270213e-09
8.8635587715744281e-08 7.3559030765726507e-11 3.3986481914556133e-09
8.928937089431854e-08 7.7709591883979459e-11 3.41996654020576e-09
8.9644495006390613e-08 7.8678390688114266e-11 3.4618062872352388e-09
8.9812582242088519e-08 7.5277278291392701e-11 3.4533433377866599e-09
9.0197584960690446e-08 7.1429644196346383e-11 3.4828865167294064e-09
9.0110402906369729e-08 7.9990911647193804e-11 3.5070240853825864e-09
9.0792615783890602e-08 8.3767210371708863e-11 3.5344753908932007e-09
9.08469383045716e-08 8.584515395064583e-11 3.5640875753803528e-09
9.1963078637258613e-08 8.2142395144870118e-11 3.6252609556829267e-09
9.2087106682457738e-08 8.6881375429498037e-11 3.6152218932482934e-09
9.2273695527521414e-08 7.5044190899780945e-11 3.6238837158006167e-09
9.2599625899632395e-08 6.8724909528124894e-11 3.6449923828929286e-09
9.3277585770461076e-08 7.7443669522899094e-11 3.6920819813910999e-09
9.335395911425151e-08 8.1834717858850443e-11 3.7186281146009598e-09
9.384292726200913e-08 7.9775286409538337e-11 3.7773747486605241e-09
9.4503927910091331e-08 8.6089624935268859e-11 3.8197757333221728e-09
9.4563972697974859e-08 8.4600462874815752e-11 3.8184122034099782e-09
9.5216536037205614e-08 6.9530561494402658e-11 3.827806467979812e-09
9.5388308971969631e-08 9.1069467436908073e-11 3.8965202892565503e-09
9.6192620240507056e-08 9.113524791111062e-11 3.9428851059716169e-09
9.6000792561928751e-08 7.8149956443571141e-11 3.9416801249388176e-09
9.6198849914071894e-08 9.0020036673455427e-11 3.9466737860719659e-09
9.6491582836378537e-08 9.26351153909042e-11 3.9620468265456463e-09
9.7629592043237813e-08 8.9370753241245196e-11 4.0060824954933813e-09
9.804625928748325e-08 7.9900028469112123e-11 4.0332621643788777e-09
9.7993074812320359e-08 8.7906084035517117e-11 4.0292148786439857e-09
9.7902275884031231e-08 7.525596370427832e-11 4.023583237441737e-09
9.8774751449310552e-08 9.6394955613549536e-11 4.0525545734884489e-09
9.8660900131670868e-08 8.6195569605060069e-11 4.0846552678796628e-09
9.9153625148120511e-08 8.3922107517017972e-11 4.1041545540164643e-09
9.9371099618101063e-08 9.4840712360329287e-11 4.1417265235977957e-09
9.9518663375660185e-08 8.8320868721040592e-11 4.1448085156963827e-09
9.9819413341162032e-08 8.354756213698593e-11 4.17629142166164e-09
1.0036873539331771e-07 8.6985083906158331e-11 4.2113001810553333e-09
1.003673439624643e-07 9.3897482992489531e-11 4.24914567230045e-09
1.0077031746574974e-07 8.5756878934751267e-11 4.2744412962390124e-09
1.013439993566961e-07 9.1600516017340407e-11 4.2811103162392801e-09
1.0090434872075801e-07 8.7819817224702416e-11 4.2833549350095732e-09
1.0153008986306593e-07 8.6180187066160185e-11 4.3204198486448935e-09
1.0133366246078141e-07 9.4013389354011335e-11 4.3128444863386874e-09
1.0208724757102331e-07 8.5577412682513117e-11 4.3547282121779062e-09
1.0186782131766135e-07 9.2959458374430159e-11 4.3532968969506025e-09
1.0198616435461444e-07 1.0181418300714482e-10 4.3551754224029408e-09
1.0233366527028363e-07 8.9251816142787947e-11 4.3645024787176172e-09
1.0253107630073314e-07 1.0064338382679516e-10 4.3976013852590064e-09
1.0266687118533733e-07 9.0264827614555822e-11 4.4166455516356515e-09
1.0257087801482239e-07 9.731991426950583e-11 4.4504237977271595e-09
1.0350654733397329e-07 9.3885759201394981e-11 4.481189955655002e-09
1.0320258286996402e-07 9.5106679514630222e-11 4.4691833282256523e-09
1.0298686317807543e-07 9.9870585925194169e-11 4.4870721043341143e-09
1.0328170650452061e-07 9.2043677435456098e-11 4.5132774481006431e-09
1.0417014806635994e-07 9.7687587111855457e-11 4.5465345956945272e-09
1.0367002543694479e-07 8.70480326506604e-11 4.5135712452692322e-09
1.0400901375706669e-07 9.0850913457178956e-11 4.5410859531258783e-09
1.0403917861848405e-07 9.9342750968534936e-11 4.6007021423327458e-09
1.0451559276319522e-07 8.0905582301622548e-11 4.632832659724248e-09
1.044353893357593e-07 9.7317815167290511e-11 4.6289231284949435e-09
1.0425519537814895e-07 1.0050729002251828e-10 4.6439168858340713e-09
1.0551059385494458e-07 8.9616399608013324e-11 4.6945037403202347e-09
1.0502540903120224e-07 9.7108733837205551e-11 4.6755379630165893e-09
1.0496959191432402e-07 9.8467356007605702e-11 4.6848636003668081e-09
1.0574550092403285e-07 1.0375924404729568e-10 4.7342107193061008e-09
1.055358933704064e-07 9.5121176713466876e-11 4.7404029687842171e-09
1.0571515753739936e-07 1.1329313977382287e-10 4.754322222671741e-09
1.0669332525906197e-07 1.0198137165630321e-10 4.804551868415685e-09
1.0612192847850341e-07 9.0658116990962721e-11 4.7717744690965502e-09
1.0680652416614083e-07 1.0426476529768165e-10 4.7757885971585979e-09
1.0701186239273575e-07 1.0085235213624489e-10 4.8109458236388864e-09
1.0746582567984521e-07 1.1195492565542752e-10 4.851142995055934e-09
1.0775579386021175e-07 1.0218344756129445e-10 4.8678722358677457e-09
1.0742196711087948e-07 9.4289454358630733e-11 4.8354785765002483e-09
1.0867009441647016e-07 9.5543957813960654e-11 4.9105633326372183e-09
1.0858893088389839e-07 1.0361191881030565e-10 4.8854949011272571e-09
1.0897690383877548e-07 1.0679670544353085e-10 4.8898523315139687e-09
1.096987310968106e-07 9.9459810920065853e-11 4.9074687685310537e-09
1.0878026686806021e-07 1.001084614602077e-10 4.845240851768606e-09
1.0958098010060086e-07 1.0514091806610378e-10 4.8901965950929777e-09
1.1025594612416172e-07 1.0507515125507165e-10 4.9423122652114213e-09
1.1042411452293547e-07 9.6596922833526072e-11 4.944253031303009e-09
1.1093014746054548e-07 1.1467730380532876e-10 4.9918589811019487e-09
1.1167683155987416e-07 1.0183476794836077e-10 5.0408472174698092e-09
1.1129716623664245e-07 1.0991223434741845e-10 5.0440981736636308e-09
1.1174978013875017e-07 1.0049026843523481e-10 5.1116234145371314e-09
1.1255054508500721e-07 1.0678255939995362e-10 5.1584181349558767e-09
1.1222385595151792e-07 1.1080212262064778e-10 5.1479122029851924e-09
1.1357764388267522e-07 9.9011902031493637e-11 5.2129397810630961e-09
1.1406694098206033e-07 1.0556519095198553e-10 5.2444999450991693e-09
1.1362420626387229e-07 1.1573022241779201e-10 5.2449762422360057e-09
1.146699076799318e-07 1.019560689939749e-10 5.3112433835213787e-09
1.1465169055312991e-07 1.0763542235091227e-10 5.2902567245379866e-09
1.1488668118945432e-07 1.1484517739628158e-10 5.3141696003160102e-09
1.1563866835730839e-07 1.023109502786362e-10 5.3660750959503047e-09
1.1663556488327096e-07 1.3273718656122448e-10 5.4657779073293218e-09
1.1664568031662309e-07 1.1693441785986569e-10 5.5122315891818617e-09
1.1668175286875471e-07 1.063579612999763e-10 5.5372762496950687e-09
1.1751894931889253e-07 1.0783887216220331e-10 5.6148328253020386e-09
1.1882568307436993e-07 1.0567462361586136e-10 5.6572568441350552e-09
1.1877967892737292e-07 1.2114604537376081e-10 5.7109976647578194e-09
1.1904680887064928e-07 1.2204123222105579e-10 5.7379682895076073e-09
1.2020156086431673e-07 1.1652015689492375e-10 5.8238824473287165e-09
1.1946143116269617e-07 1.1491533203161378e-10 5.777672876324901e-09
1.2083335725996577e-07 1.3206940705450152e-10 5.8642663107462997e-09
1.216457477416641e-07 1.0545091759416376e-10 5.9010281300337659e-09
1.2276132373845841e-07 1.165804764569069e-10 5.9711393612381088e-09
1.2135377531830126e-07 1.0801773465292525e-10 5.9500671744677836e-09
1.2278096260932198e-07 1.0600276625658551e-10 6.0838915277496077e-09
1.2275585699147292e-07 1.2796696316894521e-10 6.1005754229186624e-09
1.2359614655310946e-07 1.2064220307560914e-10 6.156608173473136e-09
1.2506458465136655e-07 1.2890338988165061e-10 6.2142167702177176e-09
1.2482011092595813e-07 1.1865113343969331e-10 6.223420045394971e-09
1.2502053105653152e-07 1.2986489316005816e-10 6.2309879438146039e-09
1.2649028971914376e-07 1.3449907277709279e-10 6.2900057749188662e-09
1.2566555419822453e-07 1.4419161474975298e-10 6.283318744173543e-09
1.2671926425760973e-07 1.1426465883197205e-10 6.3477669006176096e-09
1.278352731680599e-07 1.1013660417300945e-10 6.4046876825374619e-09
1.2787198178847307e-07 1.1739065987421898e-10 6.469782515864097e-09
1.2786817879220588e-07 1.2867985419261016e-10 6.4542605630648378e-09
1.2993055008969108e-07 1.4371218622304043e-10 6.5696039557897752e-09
1.2956280715540865e-07 1.385674214815594e-10 6.5269032718356856e-09
1.3026444775121389e-07 1.3360282266049588e-10 6.5464442531607941e-09
1.3214294973356756e-07 1.4004177500565227e-10 6.6630856140808927e-09
1.3094727502590828e-07 1.2654612519756498e-10 6.6096504253272384e-09
1.3175719052598833e-07 1.0881433685249287e-10 6.6440850551770584e-09
1.3246634834145267e-07 1.332128777572321e-10 6.6928115092043896e-09
1.3335831633707399e-07 1.3761863166461471e-10 6.7280352959233922e-09
1.3318543976871857e-07 1.2811015617511899e-10 6.7205124831490674e-09
1.3458243345836935e-07 1.3876155248645431e-10 6.8050685585209727e-09
1.360032551708998e-07 1.5777260091956476e-10 6.8763546020739233e-09
1.3578798314180585e-07 1.4926889006142422e-10 6.8750571342996392e-09
1.3789611768001246e-07 1.388017961611146e-10 6.9476453732443268e-09
1.3861331733248781e-07 1.4622543760107644e-10 7.0089823219055172e-09
1.3753191635082906e-07 1.5147243669805369e-10 6.9660325927167589e-09
1.3914073239850033e-07 1.5365272875837369e-10 7.0969366461839969e-09
1.3817211019192049e-07 1.4031294834571417e-10 7.0315458872432807e-09
1.4109261051432708e-07 1.4378447629819891e-10 7.1862834149856572e-09
1.4064098174840467e-07 1.5413263390058181e-10 7.1826031840309273e-09
1.4136264843997828e-07 1.5811438274565343e-10 7.2137965173795086e-09
1.4267423420224127e-07 1.5109386704738029e-10 7.3667006589959056e-09
1.4207791032757636e-07 1.6774607786910021e-10 7.4041915953781767e-09
1.4460967045136201e-07 1.4127200126650243e-10 7.5395649639126794e-09
1.4362660553284544e-07 1.4740238565289741e-10 7.4856720829132888e-09
1.4435632782295878e-07 1.5249235827354169e-10 7.5315527087260612e-09
1.4528675667892553e-07 1.5538743087120319e-10 7.5817861982298163e-09
1.4551929700279983e-07 1.4732180045848982e-10 7.6210937689378486e-09
1.4608219387444866e-07 1.6046357207878115e-10 7.6293753793472628e-09
1.4727408530670128e-07 1.5845036188282001e-10 7.7015516790704307e-09
1.4674362059084675e-07 1.6867461611650795e-10 7.7609461193732219e-09
1.4670864384787013e-07 1.4281686928327229e-10 7.8193363742013369e-09
1.4852221771376844e-07 1.732083303028516e-10 8.0093256217555966e-09
1.4960673370625849e-07 1.4877667422807089e-10 8.1779814225625535e-09
1.498365749854766e-07 1.6322484138320993e-10 8.1657351063271161e-09
1.5054976953159771e-07 1.6701499934750434e-10 8.249274288103781e-09
1.5163737036770162e-07 1.7889783874292852e-10 8.3625573947405505e-09
1.5222013071581975e-07 1.5918181967982328e-10 8.3992704398002367e-09
1.5302147446677733e-07 1.813600568453687e-10 8.5036755677331455e-09
1.5370555904578028e-07 1.564577227644405e-10 8.6058589527723917e-09
1.5383437278522707e-07 1.5622199229806956e-10 8.6541087992429304e-09
1.5428588675403089e-07 1.5877552150732609e-10 8.7433712051145654e-09
1.5457663176337302e-07 1.7790857117063789e-10 8.7240473297382889e-09
1.5617885083924903e-07 1.6830178810597949e-10 8.9008351091350619e-09
1.5706625438601036e-07 1.6470017154473675e-10 8.9539544766687147e-09
1.5648522249014996e-07 1.6884186700885035e-10 8.9505544422528642e-09
1.5888588775162448e-07 2.0923395874203453e-10 9.1014171264575891e-09
1.5969656692753815e-07 1.5873867316765508e-10 9.1388560931246257e-09
1.5832226808316095e-07 1.8878101508708262e-10 9.1169858251343729e-09
1.5979114171048513e-07 1.7112930181120022e-10 9.1384695500261625e-09
1.6174733718147035e-07 1.8303647741223331e-10 9.2639543772715349e-09
1.6046821881724404e-07 1.7009448626720317e-10 9.2467564840237809e-09
1.6272424762172252e-07 1.7860260170882932e-10 9.3838127775446451e-09
1.6238143911059419e-07 1.8257960320288803e-10 9.3585639458682581e-09
1.6386602875459485e-07 2.2814283296658826e-10 9.4575777684221192e-09
1.6426885478321484e-07 1.8645076526678341e-10 9.5012946427822724e-09
1.6520331216145038e-07 1.791075798558885e-10 9.5937795027359534e-09
1.6600754475855882e-07 1.8123750142075318e-10 9.6089362968260399e-09
1.6593354528204736e-07 2.108068497382139e-10 9.6436771401430783e-09
1.6827260653364665e-07 2.0327053481861722e-10 9.8613446589122652e-09
1.6738366089715628e-07 1.8738344928885152e-10 9.8737511730078539e-09
1.6934205173645415e-07 1.789345422205304e-10 1.009841179666083e-08
1.7074889619383641e-07 1.8713241476792529e-10 1.0224064751974438e-08
1.7000000449556002e-07 2.1258951621383918e-10 1.0198187148982484e-08
1.7177510893428495e-07 1.9495144666095477e-10 1.0323226165778972e-08
1.7175251292337382e-07 1.9593495041522731e-10 1.0366958407407291e-08
1.7275070727150104e-07 2.1922185109444473e-10 1.0488752294172302e-08
1.7262872883321273e-07 2.0787298107469861e-10 1.0425086762238223e-08
1.7389124268837773e-07 2.2170222950423832e-10 1.047564559374063e-08
1.7517887193467218e-07 2.0393909971245875e-10 1.0652448411375597e-08
1.7504087063373048e-07 1.9954957111656633e-10 1.0735775190799405e-08
1.75448455992267e-07 1.9933448637626382e-10 1.0854761386309764e-08
1.7804086521212382e-07 2.0908065436942452e-10 1.1105533985464713e-08
1.7793501625577395e-07 2.1772423368179996e-10 1.1146154915335099e-08
1.791558670503336e-07 2.0487197290087053e-10 1.1273875755905978e-08
1.799545727383788e-07 2.1727586042055037e-10 1.1450980608967716e-08
1.806737688471839e-07 2.3229717633753215e-10 1.1601869229945124e-08
1.803637781606722e-07 2.2835215067675369e-10 1.1609949170119687e-08
1.8043777378010089e-07 2.1717435258408266e-10 1.1649347658022825e-08
1.8230601248779085e-07 2.0220933091311372e-10 1.1812086381082318e-08
1.8324931625353886e-07 2.4346297788863988e-10 1.1871387054058874e-08
1.8501760907361511e-07 2.2794452415906982e-10 1.197465277770058e-08
1.8528912506721504e-07 2.3671968063188126e-10 1.2061945687738287e-08
1.8565885140519637e-07 2.1969533576876843e-10 1.2182650509332139e-08
1.856947451176435e-07 2.4709812477017188e-10 1.2145951968521264e-08
1.8758362076639434e-07 2.3371676678162245e-10 1.2397121680873415e-08
1.8704619865440802e-07 2.0561099061879184e-10 1.2395914905958448e-08
1.8930873159847602e-07 2.5310370535647012e-10 1.2644805474015285e-08
1.8934689057129824e-07 2.3924956071318683e-10 1.2687542442015784e-08
1.907466235434302e-07 2.2611320529274634e-10 1.2702925440654983e-08
1.9081664902916113e-07 2.4995552804238731e-10 1.2769968478494857e-08
1.9107548132416502e-07 2.3821394844876231e-10 1.2803314021015051e-08
1.9255759725001667e-07 2.4144270452068694e-10 1.2993511546782288e-08
1.9468209211722982e-07 2.2250936044300106e-10 1.3119055431424027e-08
1.9372823872572689e-07 2.2782327650559104e-10 1.3088332318981803e-08
1.95238367542036e-07 2.475099990686193e-10 1.3213847473916584e-08
1.9548337399738347e-07 2.6813009157652293e-10 1.3222269742043624e-08
1.9680614958582213e-07 2.7686322981989438e-10 1.3345142118010123e-08
1.9722046119108959e-07 2.5393494215268388e-10 1.341442608816367e-08
1.9909464972277207e-07 2.61321859344497e-10 1.3589236816347605e-08
1.99480407232883e-07 2.5363126500188342e-10 1.3692776345079177e-08
2.0009776515151274e-07 2.4646879884385303e-10 1.379531740106237e-08
2.0044809391418621e-07 2.4255366208227646e-10 1.3815939441625911e-08
1.9995186939849662e-07 2.5773797169639853e-10 1.3807023795568787e-08
2.0340471426605602e-07 2.5042386489659932e-10 1.4085265459525907e-08
2.0291488213912102e-07 2.4552495979848951e-10 1.4100461730212135e-08
2.0309547846854053e-07 2.7142997222442886e-10 1.4141488111559329e-08
2.0480880346105437e-07 2.7112990868887767e-10 1.4321380544486e-08
2.059514970277341e-07 2.7273727030331309e-10 1.4447514449043216e-08
2.0640566822873496e-07 2.9388485640657337e-10 1.4526908813353799e-08
2.0754256740237049e-07 2.8058315429018388e-10 1.4683374699002324e-08
2.0753039031277728e-07 2.7394648566997104e-10 1.4734485339043458e-08
2.0889050016612659e-07 2.6254490285680485e-10 1.4858912785822585e-08
2.1024431949385762e-07 3.0869611442432333e-10 1.498579030260411e-08
2.1092323277223902e-07 2.7604306131914291e-10 1.5056550819080406e-08
2.1090687411110125e-07 2.8020560217443041e-10 1.5079551027070199e-08
2.1266809747580203e-07 2.848945723006339e-10 1.5222964036515513e-08
2.1393768257364327e-07 3.0994731174835718e-10 1.5265792896854336e-08
2.145027370925586e-07 2.7261052030803595e-10 1.5338006977144424e-08
2.1481764438436898e-07 2.8224832071311767e-10 1.5388084182418513e-08
2.1644475758252004e-07 2.9440147583855635e-10 1.5560519746798332e-08
2.166009851470794e-07 2.7655665598199994e-10 1.5644018233556699e-08
2.1702766962487616e-07 3.2196682906748633e-10 1.5717205377490623e-08
2.1813869753196732e-07 2.9714073892576298e-10 1.5772206492458282e-08
2.1779332447711183e-07 3.1459757846312722e-10 1.5814883252084601e-08
2.1952838429114798e-07 2.7443106212710225e-10 1.6006732707549202e-08
2.1963590621323557e-07 3.2191526290184476e-10 1.6034103014002209e-08
2.2136486740602351e-07 3.3699228262968861e-10 1.611153404575435e-08
2.2531304151801101e-07 2.9713972608122162e-10 1.6378394932613801e-08
2.2333106988667532e-07 2.9971544325929311e-10 1.6244192441228278e-08
2.2406440554602251e-07 3.1394441359661817e-10 1.6288508763431751e-08
2.2540026991906488e-07 2.510683675853619e-10 1.648758484253754e-08
2.2663388615726289e-07 3.1949973749724187e-10 1.6467366897547301e-08
2.269354346214609e-07 3.0008655047972844e-10 1.6496512953712461e-08
2.2723816043954732e-07 3.1178331468651113e-10 1.6493237798068762e-08
2.290013275313445e-07 3.3417164226214873e-10 1.6726835336325706e-08
2.2975400771392832e-07 3.3361527826065982e-10 1.6809361804933085e-08
2.3088625575484608e-07 3.4075179326858408e-10 1.6961754807545321e-08
2.320963758614233e-07 3.4083329581585671e-10 1.7090620494982779e-08
2.3231980527403476e-07 3.3873964118222102e-10 1.7001191775010817e-08
2.3367760232157428e-07 3.3346688607535177e-10 1.7002732403517563e-08
2.3431410721527804e-07 3.1775707610192451e-10 1.7106078331591508e-08
2.3515103290349404e-07 3.5897922612496609e-10 1.7226544477233145e-08
2.3639789995094377e-07 2.9401056423838641e-10 1.740214411122509e-08
2.3757571394449441e-07 3.3056707987568933e-10 1.7513660163999781e-08
2.3883703522562309e-07 3.4730307658291275e-10 1.7574989927122745e-08
2.3900188650782555e-07 3.4208994714118278e-10 1.7600927072814251e-08
2.4095101789067191e-07 3.2271848045890057e-10 1.7717299635748233e-08
2.4015992057938163e-07 3.6137285577742535e-10 1.7688336952092969e-08
2.4144546616662858e-07 3.2376710007497784e-10 1.7891712645584981e-08
2.4204726709157386e-07 3.3583692788464324e-10 1.7878703198247339e-08
2.4458398980151774e-07 3.1288110449058663e-10 1.8156193375944618e-08
2.4464877346975537e-07 3.6313317324562995e-10 1.8154701632249003e-08
2.4594406039679814e-07 3.2757628030986438e-10 1.8345037925414427e-08
2.4685154406789901e-07 3.6290311081303764e-10 1.8530593421661486e-08
2.4915889589238865e-07 3.3450112517372306e-10 1.8756330094062028e-08
2.4938201487004956e-07 3.5643868554916277e-10 1.8794443558115738e-08
2.5019879128563191e-07 3.5553373933177318e-10 1.897217476594042e-08
2.5100788111528173e-07 3.7188464217812419e-10 1.9115381427104563e-08
2.5461364729503933e-07 3.955513104138872e-10 1.9401212595250535e-08
2.5246875224722505e-07 3.6448219005170634e-10 1.9270192769139812e-08
2.5317130977785203e-07 3.9423811080771729e-10 1.9308943658861289e-08
2.5487269586403458e-07 3.7603872811625136e-10 1.9538026334261675e-08
2.5556728229837741e-07 3.6147566206484736e-10 1.9733996956288252e-08
2.5766564392919125e-07 3.8924763600350252e-10 2.0094367055527191e-08
2.6073001002646281e-07 3.9487086981458478e-10 2.0368538714252192e-08
2.6043910375015599e-07 3.7859216200419725e-10 2.0418991526069574e-08
2.5930887309673428e-07 3.8915927493114363e-10 2.0357049292696729e-08
2.6337588844114501e-07 3.8887051234485321e-10 2.0794010951385743e-08
2.628690425955029e-07 3.7946541038505863e-10 2.0754000947456457e-08
2.6428055033910479e-07 3.7527358746030132e-10 2.0865450469990719e-08
2.6506456878042542e-07 3.3582481358164382e-10 2.0927355128942181e-08
2.6774166213243708e-07 4.1029881656066396e-10 2.1138713783101815e-08
2.6778044446955229e-07 3.8118527882938503e-10 2.1141760319697724e-08
2.6865104700417513e-07 3.5177074340156712e-10 2.1210474642407821e-08
2.7061679149887237e-07 4.5000740713856799e-10 2.1365672985294617e-08
2.7067134096294291e-07 3.7513457955727345e-10 2.1370022586221589e-08
2.720535787884097e-07 3.9348175295510518e-10 2.1479231784573529e-08
2.7253689067530636e-07 4.189821333147797e-10 2.1517421106202525e-08
2.7443842880279885e-07 4.0587331229919357e-10 2.1667440804121695e-08
2.7710576055194233e-07 4.0223098087779387e-10 2.18777158569159e-08
2.7709315135749306e-07 4.2104325983583347e-10 2.1876303616678599e-08
2.78617912973404e-07 4.2593386607440603e-10 2.1996311277512813e-08
2.7948341068063634e-07 4.089540434115266e-10 2.2064455059506914e-08
2.8107320052450041e-07 4.4462998455639305e-10 2.218995475657559e-08
2.8337867252209723e-07 4.1851773026298485e-10 2.2372039643340323e-08
2.8466130794714535e-07 4.2886669337911824e-10 2.2473365549797564e-08
2.8433719888842291e-07 4.2012078066373221e-10 2.2447790018744064e-08
2.8534120340913429e-07 4.3137615561787465e-10 2.2527037127156426e-08
2.869525374175332e-07 4.9478915587575893e-10 2.2654227266652346e-08
2.9011574747719373e-07 4.4811382303724661e-10 2.2903947102140726e-08
2.8947372881435519e-07 4.5016622145322473e-10 2.2853263889665863e-08
2.9131140788363504e-07 4.4795781150390218e-10 2.2998352557987422e-08
2.9301958195719681e-07 4.4212232086499555e-10 2.3133217624929059e-08
2.9441741693165732e-07 4.4807915482317508e-10 2.3243575843779328e-08
2.9473228702969457e-07 4.1074542599901435e-10 2.3268427732226152e-08
2.9685413652152516e-07 4.7012507411123092e-10 2.3435922617373811e-08
2.9716095405100977e-07 4.5266342705851084e-10 2.3460126201216035e-08
2.996707268141286e-07 4.6390669808975008e-10 2.3658274151493808e-08
3.0302839972509932e-07 4.6154185861837693e-10 2.3923416205163836e-08
2.9949154658057453e-07 4.9871876882883241e-10 2.3644271395741628e-08
3.0421491384408059e-07 4.9567775062207135e-10 2.4017179485024205e-08
3.0588667420097588e-07 4.5999298214363739e-10 2.4148987425270264e-08
3.0687021576686041e-07 4.7201595250671867e-10 2.4226249735623466e-08
3.0852837203597788e-07 4.5122583510076002e-10 2.4356692677631197e-08
3.1268459783592047e-07 4.7658720816809395e-10 2.4684429190320146e-08
3.115451886722582e-07 4.8573585251790319e-10 2.4594325230556657e-08
3.1241075440223738e-07 5.4116183878213076e-10 2.4662673580939369e-08
3.1329413048841796e-07 5.3605602729767487e-10 2.473249858324091e-08
3.144476051512676e-07 4.9964572171160149e-10 2.4823615518281243e-08
3.1589014606994084e-07 5.1903982956739226e-10 2.493749957858978e-08
3.1917014320727876e-07 5.7573433403173961e-10 2.5196412080364896e-08
3.2050413277846118e-07 5.2826530859149202e-10 2.5301701706672939e-08
3.2095659333514464e-07 5.2380366919101581e-10 2.5337413565001102e-08
3.2478177396445585e-07 5.9201562278759062e-10 2.5639391378850455e-08
3.2332981843363052e-07 4.9165497825594738e-10 2.5524778936996238e-08
3.2640842322289886e-07 4.7700706740477322e-10 2.5767822571049518e-08
3.2952306369972105e-07 5.6595316216634085e-10 2.6013706333889359e-08
3.3196704250731312e-07 5.9310129138505583e-10 2.6206631918142666e-08
3.3322705879728405e-07 5.7701918130115966e-10 2.630607799296324e-08
3.3491681877121856e-07 5.3363723847163342e-10 2.6439454174626462e-08
3.3602776099307037e-07 5.9995907386182975e-10 2.6527173293138613e-08
3.3626683478848448e-07 5.6857495556442677e-10 2.6546122727045526e-08
3.4042957936847865e-07 5.6252093244308843e-10 2.6874832768535046e-08
3.4189643008252687e-07 5.6511914209379235e-10 2.6990616314855077e-08
3.436458657107334e-07 5.8622208790891975e-10 2.712849272998623e-08
3.4588337339725367e-07 5.7973967487634777e-10 2.7304674890605825e-08
3.4592060079498925e-07 6.1506359604567544e-10 2.7307106054050838e-08
3.4833113937586907e-07 5.5879361992477639e-10 2.7497007211211305e-08
3.4814172614424755e-07 5.9134370119921914e-10 2.7481915727176115e-08
3.4934563365073203e-07 6.3028373503781126e-10 2.7576987104983264e-08
3.529363243293669e-07 6.1222916863796739e-10 2.7860531232299626e-08
3.554218866261023e-07 5.5984975162392688e-10 2.8056796542642124e-08
3.6068186103971976e-07 6.8405191638965524e-10 2.8472016407917535e-08
3.5857172833145642e-07 6.6551332591389834e-10 2.8305418409531766e-08
3.6040959416999384e-07 6.4611573247849537e-10 2.8450476883655902e-08
3.6427868236481726e-07 6.3867235723751195e-10 2.8755894963084467e-08
3.6497577897882626e-07 6.1010370474595387e-10 2.8810927825465201e-08
3.6661621329811813e-07 6.0824481644807035e-10 2.8940433793497952e-08
3.679147884238893e-07 6.3343404441838851e-10 2.9042952183094429e-08
3.7324421344264587e-07 7.0881725297840772e-10 2.9463654271804529e-08
3.7601722874205884e-07 6.1685235865190443e-10 2.9682542625588298e-08
3.7668748534844628e-07 7.1043433941561798e-10 2.973542379010831e-08
3.809003175426954e-07 7.2854705270163653e-10 3.0067962060643234e-08
3.806551390873198e-07 6.4802593079341019e-10 3.004863165887081e-08
3.8201786196787924e-07 6.4990571528647345e-10 3.0156293926484584e-08
3.8503214331091064e-07 7.537073136351734e-10 3.0394334447410037e-08
3.8501060425724549e-07 7.6439918242852673e-10 3.0392605404638951e-08
3.8989302701672311e-07 7.2430679298201684e-10 3.077774821444601e-08
3.9099963644744515e-07 7.6796430051713587e-10 3.0864588740394166e-08
3.9124204256133392e-07 7.3817043887288095e-10 3.0883156283432235e-08
3.9679913210171318e-07 8.121415802546717e-10 3.1321386316748153e-08
3.9743316120019651e-07 7.6945252136234147e-10 3.1371286863796095e-08
3.988632155409447e-07 7.3503641978937123e-10 3.1484213539094011e-08
4.0009652896997056e-07 7.6266005593721421e-10 3.1581676230195101e-08
4.0321086759467673e-07 7.3896173210852862e-10 3.1827567432186071e-08
4.0604275865327998e-07 8.1753048300708167e-10 3.2051103898300321e-08
4.0923798234914493e-07 8.0003749951685113e-10 3.2303290128949333e-08
4.1126939396066752e-07 6.9092363191302884e-10 3.2463615864816469e-08
4.1361466491969587e-07 8.9361930976663838e-10 3.2648734555712129e-08
4.1819967875815841e-07 8.2804594651630683e-10 3.3010660447189768e-08
4.2035243450453297e-07 8.5042216212942103e-10 3.3180600005743812e-08
4.2151361745708927e-07 8.3856677091476479e-10 3.3272268507343659e-08
4.2402207797565805e-07 9.2922461789042115e-10 3.347027784950991e-08
4.2717136355142909e-07 8.3267621156452593e-10 3.3718852134062444e-08
4.3184051148537892e-07 7.4690621642315148e-10 3.4087381221911805e-08
4.3251799618532715e-07 8.5194946507354725e-10 3.4140836039431371e-08
4.3563240332036668e-07 9.3410948983994075e-10 3.4386696508532593e-08
4.3781449283068179e-07 8.4340666832459131e-10 3.4559041035195538e-08
4.4140934917647445e-07 9.3035197739670434e-10 3.4842911637004257e-08
4.4265932239767117e-07 9.1420267617819122e-10 3.4941554044062654e-08
4.5130396892973541e-07 1.0170007427803252e-09 3.5623622013519507e-08
4.5103092983089625e-07 8.6991497559348149e-10 3.5601489017630543e-08
4.535873550402318e-07 9.6481560914661934e-10 3.5802624421589863e-08
4.5673889866427068e-07 1.0307635095592227e-09 3.6050884633702941e-08
4.6063369076850532e-07 1.0848528016451432e-09 3.6358122587295806e-08
4.6432675891529636e-07 9.878865869364941e-10 3.6649663523058934e-08
4.6182262066499918e-07 1.0204788214805283e-09 3.6452136086547198e-08
4.6822792248449627e-07 9.2402361823096805e-10 3.6957788777717029e-08
4.7251837730404696e-07 1.0220063172200584e-09 3.729644113182032e-08
4.7750995978318985e-07 1.065293006713192e-09 3.7690400239579117e-08
4.7421702154989327e-07 9.8522720595174241e-10 3.7430458433667269e-08
4.7863110995454117e-07 1.1349454753124783e-09 3.7778861716914607e-08
4.8173087560917991e-07 1.0705666005561554e-09 3.8023538001491051e-08
4.8400555002063389e-07 1.0764107996493144e-09 3.8203087681657288e-08
4.8894681834902426e-07 1.0317683463232206e-09 3.8593108398881799e-08
4.9099307032636984e-07 1.1180322896688502e-09 3.8754617980671862e-08
4.9135232897256094e-07 9.5998208143056212e-10 3.8782974624615888e-08
4.927693529945887e-07 1.1089561344599399e-09 3.8894829113374407e-08
4.9985433851564129e-07 1.1604932235123715e-09 3.9454062180000222e-08
4.9698418798073169e-07 1.1071936769991186e-09 3.922751361813112e-08
5.0060480659678933e-07 1.0258375758524205e-09 3.9513265866095536e-08
5.024030894807861e-07 1.0978673211221434e-09 3.9655171900827201e-08
5.0755913247194431e-07 1.1217911644204258e-09 4.0062143794141597e-08
5.1024600273738009e-07 1.0614925262919992e-09 4.0274299268399833e-08
5.063529662891944e-07 1.1935218084386995e-09 3.9967155600952151e-08
5.0961724980900419e-07 1.0023448837826431e-09 4.0224867952643575e-08
5.0918044884670191e-07 1.1615250023904536e-09 4.0190207356761252e-08
5.2007660297665116e-07 1.0739434904781072e-09 4.1049709384455976e-08
5.1956585961183434e-07 1.1954519904114099e-09 4.1008661250383966e-08
5.1417050717069846e-07 1.2193389102372974e-09 4.0582148143764811e-08
5.1758214020328699e-07 1.2555937720320815e-09 4.0851051765309408e-08
5.2092795342859733e-07 1.2946543147174497e-09 4.1115079258648376e-08
5.2316057884507838e-07 1.1694663886381399e-09 4.1291412076480783e-08
5.2426280490327018e-07 1.155844349733228e-09 4.1378531603473443e-08
5.2360198075079575e-07 1.156243764396706e-09 4.1326410200709844e-08
5.2861332176224193e-07 1.2117950288616788e-09 4.1721919654615409e-08
5.2668380743049189e-07 1.1846360379401686e-09 4.1569591039385457e-08
5.3486015364665379e-07 1.0962284575450245e-09 4.2214904873541638e-08
5.3252069480403288e-07 1.2174013866037969e-09 4.2030259407279434e-08
5.3274947162926267e-07 1.1146782811920826e-09 4.2048327284596753e-08
5.3321050735213852e-07 1.1618503043465911e-09 4.2084730991663349e-08
5.3623782636734256e-07 1.1790419922947335e-09 4.2323678018058556e-08
5.384520812693958e-07 1.2926877482639159e-09 4.2498439674396091e-08
5.3424734764516903e-07 1.2823831527677282e-09 4.2166546242994374e-08
5.4019290081026114e-07 1.3840352300736457e-09 4.2635769938329892e-08
5.3662614400208407e-07 1.1956315582789639e-09 4.2354246399041075e-08
5.4303765293910768e-07 1.2850455585090304e-09 4.2860347951963835e-08
5.4301705269528535e-07 1.2517313705221806e-09 4.2858863978003431e-08
5.4343901265368764e-07 1.3640513577671855e-09 4.2892263018639389e-08
5.4550436332907882e-07 1.2619058971001519e-09 4.3055157087073244e-08
5.4704126317494596e-07 1.2175830839578755e-09 4.3175978791195644e-08
5.4957094828101077e-07 1.2176581693625583e-09 4.3374892932840133e-08
5.5215356365831484e-07 1.2792931972110067e-09 4.357797905631767e-08
5.4770832985178734e-07 1.3240329955853939e-09 4.3226667296558441e-08
5.5328896196383576e-07 1.3611928816645421e-09 4.3666986195916039e-08
5.5312502367399341e-07 1.1636526589952846e-09 4.3654142735342383e-08
5.5865088637449664e-07 1.3045309321739901e-09 4.4090404989752886e-08
5.5623777106472017e-07 1.3897943125569511e-09 4.3900015791677376e-08
5.5738046255840405e-07 1.2738633415460487e-09 4.3990187861603246e-08
5.619812630176027e-07 1.2836101479729916e-09 4.4353258184868338e-08
5.6951986833276884e-07 1.2824046920174698e-09 4.4948202546523099e-08
5.6509510948482116e-07 1.3606444779137852e-09 4.4598985234580156e-08
5.6585723519604338e-07 1.3248346644456141e-09 4.4659144783384644e-08
5.6769861994258647e-07 1.4120973333667572e-09 4.4804479777122268e-08
5.6822700482984033e-07 1.3428432186770458e-09 4.484618042966604e-08
5.6654761311771357e-07 1.328862948556198e-09 4.4713633791886792e-08
5.7222840780639816e-07 1.3126573926372282e-09 4.5161981398063486e-08
5.7687372063205207e-07 1.4568380082170088e-09 4.5528612813376026e-08
5.7769767089866787e-07 1.4437504909754546e-09 4.5593650131579427e-08
5.8116059131479251e-07 1.5632849784786381e-09 4.5866946090676431e-08
5.7977575106508714e-07 1.4537323817691637e-09 4.5757615864371617e-08
5.7809285586841433e-07 1.3708376999893758e-09 4.5624759848479844e-08
5.8930552992510255e-07 1.5669599252268321e-09 4.6509704227503722e-08
5.8657314879791502e-07 1.4064446451079709e-09 4.6294157047057118e-08
5.9240986964983229e-07 1.5509214512660964e-09 4.6754965071146092e-08
5.9181322450811463e-07 1.368687581427061e-09 4.670792261516669e-08
5.9419377043456456e-07 1.4075477416388626e-09 4.6895556816344906e-08
5.9868444069071712e-07 1.4082131658752191e-09 4.7249332656790818e-08
5.9723272204342503e-07 1.4593588157068718e-09 4.7133930097401114e-08
6.0381815861398047e-07 1.4744325991091679e-09 4.7652912305172533e-08
6.0796023798258163e-07 1.4960726777119247e-09 4.7979406661413531e-08
6.0291710055062908e-07 1.5639747142936005e-09 4.7581370492955076e-08
6.0456294617895906e-07 1.3406332289203104e-09 4.7711398408650599e-08
6.2102887496818353e-07 1.6663712339304378e-09 4.9011010113361924e-08
6.1557836634416903e-07 1.5540559953736494e-09 4.8580900526451039e-08
6.1890053449572746e-07 1.6416509026071977e-09 4.8843054174653601e-08
6.2312973304651352e-07 1.6416993327383859e-09 4.9176775534923635e-08
6.2789567005565803e-07 1.6048912635646882e-09 4.9552881256408433e-08
6.3152962014362851e-07 1.5946405224539678e-09 4.9839670483252065e-08
6.2936099355187883e-07 1.51142203534636e-09 4.9668536764059609e-08
6.346617114016652e-07 1.7636789944438418e-09 5.0086869764182258e-08
6.3889173703548192e-07 1.6730226425501724e-09 5.0420696722493118e-08
6.4483721718147391e-07 1.5535774531657473e-09 5.088990477341735e-08
6.4104568487871981e-07 1.7475126697076485e-09 5.0590686177696414e-08
6.5413857652932728e-07 1.7387417316150081e-09 5.1623976237765257e-08
6.5141232225381378e-07 1.6398055133678675e-09 5.1408828319231106e-08
6.5737895145277281e-07 1.4435175030019253e-09 5.1879692544260669e-08
6.6514966603136865e-07 1.7191699182194429e-09 5.249290463720864e-08
6.7312361744874575e-07 1.8453173894539367e-09 5.3122166943606678e-08
6.6685259457719621e-07 1.9174574302176102e-09 5.2627291591668093e-08
6.7357161194116608e-07 1.8763582127729295e-09 5.3157687491914756e-08
6.7730683751095302e-07 1.7486463312233308e-09 5.3452634478424006e-08
6.8069389114147787e-07 1.7742440882343973e-09 5.3719940323097477e-08
6.8681269577107286e-07 1.8557886469744226e-09 5.4202461063719042e-08
6.9171595731966055e-07 1.7653620982525223e-09 5.4588621204810206e-08
6.9131562709169184e-07 1.9461350880389247e-09 5.4556073544678683e-08
6.979018183577963e-07 2.0577318156158658e-09 5.5075036579737401e-08
7.0521346444356687e-07 1.8890159094549388e-09 5.5651671954013776e-08
7.0697297381762361e-07 1.8867822453726382e-09 5.5790532148317967e-08
7.1376329204993215e-07 1.9180604929418151e-09 5.6326562716210665e-08
7.1081901942581521e-07 2.1749237218098586e-09 5.6094356725876551e-08
7.2098211079785746e-07 1.9940066722823978e-09 5.6896408304910447e-08
7.1556806133667988e-07 2.0750779732124966e-09 5.6469121385358172e-08
7.337989285709596e-07 2.1622149757738122e-09 5.7907762183985272e-08
7.3540427694524243e-07 2.2648588283993066e-09 5.8034426207016181e-08
7.3806850719890364e-07 2.1405011385019866e-09 5.8244676888114157e-08
7.4907598753823172e-07 2.3218285947262463e-09 5.9113349369346066e-08
7.4760233932552203e-07 2.1615203203167237e-09 5.8997078192151205e-08
7.4977351977817476e-07 2.1699993979469782e-09 5.9168428036013599e-08
7.6064581569514727e-07 2.0687234076927186e-09 6.0026408956922881e-08
7.6862769037349368e-07 2.1586051590879699e-09 6.0656260976566613e-08
7.6813927788121895e-07 2.0704253952831519e-09 6.0617661996448601e-08
7.7717184496337936e-07 2.4370286342050745e-09 6.133045389924097e-08
7.8115650182810155e-07 1.9783670303654003e-09 6.1644990413825871e-08
7.8523612670329388e-07 2.58810612955405e-09 6.1967136832660643e-08
7.9114340188911866e-07 2.2956238885570448e-09 6.2433443715264048e-08
7.9979190340939729e-07 2.2704815150824414e-09 6.3115779198227825e-08
8.091771386352423e-07 2.6087263382655699e-09 6.3855746795027802e-08
8.1473922802976887e-07 2.6985287999090633e-09 6.429361779825324e-08
8.1836164911901965e-07 2.4650567614635065e-09 6.4578400471476544e-08
8.2572940729660388e-07 2.6185642709829159e-09 6.5159070549896116e-08
8.3033347714351079e-07 2.8929253450698005e-09 6.5522173337949829e-08
8.3571881204549472e-07 2.2237985968160223e-09 6.5947254254297565e-08
8.4558940829372669e-07 2.4044475502682654e-09 6.6726367787029854e-08
8.5329756662324315e-07 2.5698497060267747e-09 6.7334736049635518e-08
8.6123925313680058e-07 2.8165251278793476e-09 6.7961417350284929e-08
8.5771543095306858e-07 2.7902306928085046e-09 6.7683291447414656e-08
8.6655515440602053e-07 2.6573714712312236e-09 6.8380799487880582e-08
8.7407797125418437e-07 3.1101123895191101e-09 6.8974424631768797e-08
8.870778895523163e-07 3.3443688175394233e-09 7.0000273915042072e-08
8.9654238160657651e-07 3.111413793182131e-09 7.0747142538881452e-08
9.0126536492715293e-07 3.0086987005943873e-09 7.1119844217227033e-08
9.1210633991012021e-07 3.2651879772641544e-09 7.1975318872601679e-08
9.1747623690919308e-07 2.9207299494527217e-09 7.2399056245667682e-08
9.2502112562464636e-07 3.3549040619302921e-09 7.2994423928510725e-08
9.2462249488448925e-07 2.9825293681315759e-09 7.2962965475666051e-08
9.4091136465504742e-07 3.1714544971408254e-09 7.4248339346739518e-08
9.4259132363762984e-07 3.3168046887116132e-09 7.4380921610896084e-08
9.5798272887900484e-07 3.508168396719289e-09 7.5595490744955723e-08
9.6770812132709891e-07 3.3689691657680683e-09 7.6362935061486356e-08
9.7341185493677808e-07 3.287547929483149e-09 7.6812997339504017e-08
9.8141332747846329e-07 2.9136309014329199e-09 7.7444335009049898e-08
9.984528003956143e-07 3.3063389104792592e-09 7.8788892998258342e-08
9.9121522001743117e-07 3.4750005168619521e-09 7.8217814853947204e-08
1.0139882806317223e-06 3.8935716432783071e-09 8.0015072799121417e-08
1.0208976524913176e-06 3.9526804816110833e-09 8.0560540287291938e-08
1.0396630529575794e-06 3.2882811846655762e-09 8.2041333071021903e-08
1.0279598798239075e-06 3.7616125324752223e-09 8.1117269908355334e-08
1.0474917452894218e-06 4.1287900848613393e-09 8.2657360242637861e-08
1.0563513203651908e-06 3.9602259371745915e-09 8.3355047419909032e-08
1.0750245419996514e-06 4.2274682363850984e-09 8.4827325553159667e-08
1.0872786946292237e-06 4.1904298391592186e-09 8.5793704819538607e-08
1.0848458794046033e-06 4.1916479988672182e-09 8.5601735688010975e-08
1.0961698075492202e-06 4.1383585582139032e-09 8.6495529151983897e-08
1.1046411228005273e-06 3.7328981570862438e-09 8.7164198032457524e-08
1.1142448173502307e-06 4.4289736725963279e-09 8.7922050337298136e-08
1.1275924183078893e-06 4.2631491095573501e-09 8.8975220677633801e-08
1.1356631508773622e-06 4.4194689633494795e-09 8.9611985938407097e-08
1.1474086812850493e-06 4.7200858507063315e-09 9.0538762265174925e-08
1.1611556545577962e-06 4.7772560120729245e-09 9.1623504571628193e-08
1.1665602117749085e-06 5.2098075864785243e-09 9.2049983454603322e-08
1.1637042105124566e-06 5.006937871790647e-09 9.1824634960092879e-08
1.1787322091603419e-06 4.5877719709181772e-09 9.3010446323148456e-08
1.1797216708543318e-06 5.513974567303993e-09 9.3088518891437927e-08
1.1973200369864067e-06 4.455363837337507e-09 9.4477161529083601e-08
1.2038725336606648e-06 5.2734070584907354e-09 9.4994224062566501e-08
1.2282635909304322e-06 5.2102655426361853e-09 9.6918863315996456e-08
1.2210753724596313e-06 5.241052511816322e-09 9.6351635478397327e-08
1.2306223897583206e-06 5.1062497636324094e-09 9.7104891318789581e-08
1.2602256191716314e-06 5.2690332750052768e-09 9.9440728713494818e-08
1.2726793390739606e-06 5.8057276006153951e-09 1.0042344887985236e-07
1.262453205173993e-06 5.4066944889945045e-09 9.9616754481307764e-08
1.2986484185064747e-06 5.271939830101305e-09 1.0247314316157786e-07
1.3032016887798303e-06 5.4054477408477071e-09 1.0283250452083972e-07
1.3145919053797582e-06 5.4245834422591836e-09 1.0373074232527968e-07
1.3346979016248721e-06 6.276571848468479e-09 1.0531587848247004e-07
1.3287251774203545e-06 6.256611737373622e-09 1.0484283908336936e-07
1.3422626064012481e-06 6.2625388922311394e-09 1.0590941989397845e-07
1.3652811573928916e-06 5.8111389679561567e-09 1.0772478556205433e-07
1.3810280960316507e-06 6.5461793264884727e-09 1.089671454879853e-07
1.3842504278839201e-06 6.6462841321116708e-09 1.0922168148948785e-07
1.4003378292178548e-06 6.3835650103426195e-09 1.1049134870868711e-07
1.4178439278366994e-06 6.2138892333390709e-09 1.1187274471879877e-07
1.4306990527454329e-06 6.7270952826622805e-09 1.1288701598042833e-07
1.4424157079755063e-06 7.0311083165207738e-09 1.1381140256802302e-07
1.4595306995925866e-06 7.1429282277593899e-09 1.1516177815291148e-07
1.4755749393878375e-06 7.231782523561305e-09 1.1642772204699175e-07
1.489642154339464e-06 6.8480993584746107e-09 1.1753769651435971e-07
1.4945208501760165e-06 7.2641020993292666e-09 1.1792265604948846e-07
1.522676691479317e-06 8.2942749854964018e-09 1.2014424594164979e-07
1.5330626121645822e-06 7.4055876932766027e-09 1.2096372103443574e-07
1.528992491701377e-06 7.9047274330839433e-09 1.206425794778703e-07
1.539297505750597e-06 7.8466030055742195e-09 1.2145570420077514e-07
1.5643923673301785e-06 8.3211263904980103e-09 1.2343578943742041e-07
1.5915977660858916e-06 9.4555261300889594e-09 1.2558237367867948e-07
1.6051483989777074e-06 8.7399497445313259e-09 1.2665148219401008e-07
1.6038502357697232e-06 8.3959352651986228e-09 1.2654895003561303e-07
1.6243931577923463e-06 7.6585512673884029e-09 1.2816984299056551e-07
1.6420591216520002e-06 9.0853950561119757e-09 1.2956394790911054e-07
1.6529486118311192e-06 8.1054729335733989e-09 1.3042357304425558e-07
1.6728478219570266e-06 8.604889747170644e-09 1.319939375198806e-07
1.6890055887975711e-06 9.2225246515983189e-09 1.3326846368235059e-07
1.7139841319082647e-06 8.640842917722648e-09 1.3523794073131674e-07
1.7338071952102804e-06 9.152480598077997e-09 1.3679986345569672e-07
1.7370224349522346e-06 9.8055528342213238e-09 1.370513615317826e-07
1.7468623604397676e-06 9.88065478992632e-09 1.3782624011574081e-07
1.7831740700905202e-06 9.7025958157280977e-09 1.4069076427902845e-07
1.7750785566881273e-06 1.0068378072603359e-08 1.4005226507012281e-07
1.8175698825744503e-06 9.8489686650534449e-09 1.4340524983442799e-07
1.8069343536990413e-06 1.0219400071039554e-08 1.4256634896526718e-07
1.8501798665218923e-06 1.0599201948143517e-08 1.4597840361870671e-07
1.9365117816588051e-06 1.1831099561351229e-08 1.5278983824931708e-07
1.9680465171826865e-06 1.2593957865826737e-08 1.5527780235645629e-07
1.9623677005171227e-06 1.2361978346541072e-08 1.5482971991305298e-07
1.9494203956776699e-06 1.3206981416028861e-08 1.538082135280832e-07
1.9458698011357962e-06 1.2190457345294533e-08 1.5352810600594065e-07
1.954390322313069e-06 1.0980235398613657e-08 1.5420038578549549e-07
1.9821412731858595e-06 1.3248662071562397e-08 1.5638992233990413e-07
2.0265257022654769e-06 1.241602896249262e-08 1.5989181970035296e-07
2.0086846813550391e-06 1.2828937392743964e-08 1.5848416230572927e-07
2.0529890152399637e-06 1.3471128962250903e-08 1.6197973593125287e-07
2.0520408544429942e-06 1.2209641199532078e-08 1.6190492838706687e-07
2.0853515781213445e-06 1.3668189950751832e-08 1.6453314593258857e-07
2.0484226770663783e-06 1.370875741930817e-08 1.6161951427389321e-07
2.1338818984968287e-06 1.4217449911008307e-08 1.6836222553222823e-07
2.1511594049247533e-06 1.3875866259364761e-08 1.6972538154695141e-07
2.1534512026807968e-06 1.4332089343644439e-08 1.6990608042655585e-07
2.193234874310804e-06 1.4348227540454615e-08 1.7304485906629141e-07
2.2202047857479659e-06 1.6300032263759357e-08 1.7517278110368565e-07
2.2365382730763434e-06 1.4039953882763459e-08 1.7646179511614283e-07
2.2748303576052653e-06 1.7378706879645984e-08 1.794835839027717e-07
2.2727032892105536e-06 1.5858763579852955e-08 1.7931603043210647e-07
2.2909511661312946e-06 1.5961126206244542e-08 1.8075516259781323e-07
2.3805732918824282e-06 1.8564882142830759e-08 1.8782424854052532e-07
2.3942766886121836e-06 1.677726157529722e-08 1.8890243569311504e-07
2.4131303889952535e-06 1.6231006458450286e-08 1.9038697932264038e-07
2.4268382131948915e-06 1.8522641336389402e-08 1.9146654524060039e-07
2.4050040158152359e-06 2.0255159061268394e-08 1.8974340675333736e-07
2.4550583785156148e-06 1.8428572931650597e-08 1.9369280686306781e-07
2.4907194376923192e-06 1.7991223988621056e-08 1.9650690945864342e-07
2.4496927832749103e-06 1.7935816677456664e-08 1.9327038497526373e-07
2.5281675238945873e-06 1.9529086485736156e-08 1.994617005425207e-07
2.5813509172260372e-06 1.8848907050821774e-08 2.0365748385860311e-07
2.5538189292271153e-06 1.9818788050335355e-08 2.0148520329024042e-07
2.5830623283282816e-06 2.1191504865346954e-08 2.0379234672864745e-07
2.6553482063443616e-06 2.2275364762797945e-08 2.0949542078624078e-07
2.6655430763033747e-06 2.0983298477888609e-08 2.1029979175270996e-07
2.6970715767843646e-06 2.1313818902800197e-08 2.1278725944522386e-07
2.7139292815603443e-06 2.3510298597739255e-08 2.1411725340085456e-07
2.7339575347559755e-06 2.4243947371750735e-08 2.1569738546672132e-07
2.7319799266689257e-06 2.2599150826574608e-08 2.1554139172922438e-07
2.8139515758422208e-06 2.3239492513726004e-08 2.2200865011736185e-07
2.8581456995856259e-06 2.4327576512683624e-08 2.2549537866508108e-07
2.8441543911727465e-06 2.5685780635507001e-08 2.2439144341605989e-07
2.9092527944200427e-06 2.5191048961460358e-08 2.2952723483365741e-07
2.974431202343018e-06 2.588232029010302e-08 2.3466940607414213e-07
2.9527256538513193e-06 2.7296253985934684e-08 2.3295707959578758e-07
3.0297417499011309e-06 2.8390152792333671e-08 2.3903390961276929e-07
3.0786784312708308e-06 2.7352908166716529e-08 2.4289549982936004e-07
3.0904491254254124e-06 2.8384045345604331e-08 2.4382416545885632e-07
3.0723669499013691e-06 2.7667151958132506e-08 2.4239608229245912e-07
3.0770772739762878e-06 2.9434234153400131e-08 2.4276449587503886e-07
3.2233618812832203e-06 3.0278574985374325e-08 2.5430143819114984e-07
3.199640168447135e-06 3.0256377574066933e-08 2.5242643813820225e-07
3.2666411774014097e-06 3.3897219881618126e-08 2.5771042579233601e-07
3.3374775137257318e-06 3.1652417221177318e-08 2.6329861967740513e-07
3.3244819425078556e-06 3.1370918385675883e-08 2.6227405619273475e-07
3.392365754578413e-06 3.3493437402326758e-08 2.6763025235267671e-07
3.2935398873488334e-06 3.3967148299596205e-08 2.5983392610936738e-07
3.4214564861157844e-06 3.4307552007273632e-08 2.6992542173620016e-07
3.484969449971563e-06 3.4137532316245092e-08 2.7493585849026331e-07
3.4913018846477307e-06 3.4833345315776383e-08 2.7543530895278237e-07
3.5276772293918226e-06 3.4490326650122038e-08 2.7830501170240844e-07
3.6653357856560973e-06 4.189084761575908e-08 2.891652060192743e-07
3.6830190125044688e-06 4.3276514983967021e-08 2.9056033058032118e-07
3.7019438207237145e-06 4.0428595969530611e-08 2.9205336422329006e-07
3.7403267352723267e-06 3.8070870858737132e-08 2.9508146118474516e-07
3.7165083494861326e-06 4.15666337542814e-08 2.9320235677383085e-07
3.8280617278155568e-06 4.1153798674482933e-08 3.0200299376247945e-07
3.9778053703569745e-06 4.6897695537210311e-08 3.1381652974425524e-07
3.9143054779469983e-06 4.4859853155040436e-08 3.0880692041818935e-07
3.9617490138745737e-06 4.4411245338176688e-08 3.1254987276778681e-07
4.1196307799977407e-06 4.9065356774081789e-08 3.2500552963388436e-07
4.0990703078040293e-06 4.8652602496337151e-08 3.2338350607607874e-07
4.1556350658666647e-06 5.0232922735711244e-08 3.2784591960203373e-07
4.170333320800083e-06 5.1414486009153954e-08 3.2900523103845013e-07
4.2385777108199518e-06 5.5342487983543914e-08 3.3438895209551348e-07
4.2158093005878534e-06 4.9284241923055048e-08 3.3259280729963881e-07
4.324914120692952e-06 5.7654054304043964e-08 3.4120097941982057e-07
4.4372083733855485e-06 5.2786804792679715e-08 3.5006115075909255e-07
4.5157356467892921e-06 6.039416152634538e-08 3.5625669933017347e-07
4.4601540624481411e-06 5.8516963295302591e-08 3.5187024986382505e-07
4.5948622707155103e-06 5.684308890608859e-08 3.6249346156415414e-07
4.7012578903917795e-06 6.3090452838747843e-08 3.7088131103233134e-07
4.6374289771697177e-06 6.5775052928990593e-08 3.6584045272382279e-07
4.8301876329409799e-06 7.2871707450886889e-08 3.8104342112020128e-07
4.8146271262914598e-06 7.0578284617801026e-08 3.7981504054745108e-07
5.0198507905547647e-06 7.2156190850631714e-08 3.9600544314299933e-07
4.9360571906498564e-06 7.7167982201722293e-08 3.8939630568580845e-07
5.1398205838517011e-06 7.882209995932452e-08 4.0547140091276661e-07
5.1347919172240628e-06 8.2967477543888658e-08 4.0507466230818149e-07
5.2100772752980634e-06 7.7609450460861741e-08 4.1101346214966224e-07
5.3860255410092115e-06 9.1292604668964402e-08 4.2489343646344445e-07
5.2915214672416112e-06 8.5661402048491277e-08 4.1743812834204085e-07
5.3396199720346383e-06 8.7851616791152551e-08 4.2123257794259478e-07
5.4544780461730414e-06 8.8800491260891821e-08 4.3029362454203903e-07
5.4262784126450462e-06 7.8523557671505489e-08 4.2806904762305936e-07
5.7503864794881966e-06 1.1032178478161187e-07 4.5363732841039617e-07
5.6282641209502543e-06 8.9450898988864973e-08 4.4400330715506699e-07
5.8491571257973579e-06 9.493498788621349e-08 4.6142910407841741e-07
5.888935808282621e-06 1.000293677470195e-07 4.645671365461378e-07
6.1070759518672237e-06 1.0266534117737094e-07 4.817758032659281e-07
6.0244727887090407e-06 1.009746133624715e-07 4.7525945338739233e-07
6.0540119052071278e-06 1.0978176548305415e-07 4.77589820996216e-07
6.2442691859103495e-06 1.0625606207897086e-07 4.9259895507372731e-07
6.2712097306761988e-06 1.1476238588053642e-07 4.9472419081190033e-07
6.4954078092047088e-06 1.3534927050730479e-07 5.1241045568333735e-07
6.5554171419190098e-06 1.2739564675401809e-07 5.1714407935145113e-07
6.6781137169576019e-06 1.211452162147762e-07 5.268232714947113e-07
6.7585837267719194e-06 1.3545212725464505e-07 5.3317206438747048e-07
6.7288276956518148e-06 1.2218088970457727e-07 5.3082618342364477e-07
6.6098507175517817e-06 1.1694187153614234e-07 5.2144144734748859e-07
6.9173318054394287e-06 1.4027546436260961e-07 5.456973100114071e-07
6.9653797081822823e-06 1.4668373144782261e-07 5.4948319820267479e-07
7.1306540928144977e-06 1.4341945617857647e-07 5.6251330838967593e-07
7.4408992907625651e-06 1.4543598041279085e-07 5.8697836199577862e-07
7.3099102036441634e-06 1.4757978200933383e-07 5.7663823739540484e-07
7.494699445632809e-06 1.459473858345669e-07 5.912122511232051e-07
7.4656059579761526e-06 1.5142398829030196e-07 5.8891748027293082e-07
7.5364577976639272e-06 1.5943436411883141e-07 5.9450822958511615e-07
7.6554085721918587e-06 1.5632371994438496e-07 6.0389298447379838e-07
7.9146969944258413e-06 1.8991832777291861e-07 6.2434713982307081e-07
8.1643879675025288e-06 1.5781338304811878e-07 6.4404355716294376e-07
8.1621429448705662e-06 1.8407565568488872e-07 6.4386597241008434e-07
8.4662462058959908e-06 1.9374165322083261e-07 6.678547328701003e-07
8.444839838671027e-06 1.9349819809384517e-07 6.6616609538887263e-07
8.6824772249757259e-06 2.0642825588363575e-07 6.8491211277343266e-07
8.667867407978061e-06 2.2545893219655032e-07 6.8375977060458363e-07
9.0372106383538356e-06 2.3843670389188696e-07 7.1289522729977601e-07
9.5913907756631068e-06 2.2924550705430127e-07 7.5661140554042752e-07
8.8875785073690263e-06 2.1528019633771116e-07 7.0109151542139029e-07
9.3459740383598781e-06 2.2679815134759835e-07 7.3725170972034061e-07
9.2604772838580227e-06 2.3522157633811793e-07 7.3050731506889543e-07
9.3441221458206752e-06 2.3420363409108168e-07 7.3710563987922425e-07
9.6652871829061634e-06 2.6954269601969617e-07 7.6244067034839083e-07
9.7448465946975271e-06 2.8881762753185351e-07 7.687168386753502e-07
9.358023757809299e-06 2.1684730184568099e-07 7.3820256023242388e-07
1.0099775548226801e-05 2.8474205853197009e-07 7.9671502336828844e-07
1.0284652732773228e-05 3.0164096714715377e-07 8.1129835854657389e-07
1.0226114804317623e-05 2.9607212703386116e-07 8.0668010484156797e-07
1.0980067269551552e-05 3.1281124663682661e-07 8.661553973288084e-07
1.1124389952638569e-05 3.6757849068211043e-07 8.7754190567499826e-07
1.1937904685603586e-05 3.9714153032396227e-07 9.4171839732582546e-07
1.0790240366096301e-05 3.4268547226764986e-07 8.5118611831279141e-07
1.1077484725157769e-05 3.3253446511805386e-07 8.738420834977987e-07
1.1310067819386273e-05 3.4949379292030001e-07 8.9217964735161648e-07
1.1691305701315841e-05 4.0600624781458133e-07 9.2223920498143543e-07
1.2136607947755311e-05 4.1731665370971151e-07 9.5735168151316061e-07
1.2228961401471748e-05 3.91201621894599e-07 9.6462735226681321e-07
1.2287138980219885e-05 4.2747747286464811e-07 9.6921375849273252e-07
1.2047092419344526e-05 3.7452140308642029e-07 9.5028025243226005e-07
1.2280627230149102e-05 4.6515223717503499e-07 9.6870443931118831e-07
1.2651197128500265e-05 4.5781163133648737e-07 9.9793692693818801e-07
1.3125495377781492e-05 4.5827886756506046e-07 1.0353500768470084e-06
1.3924661364017289e-05 5.5340503662896709e-07 1.098388166401036e-06
1.2888913109284823e-05 4.3225906526084097e-07 1.0166868333805261e-06
1.3935577963106295e-05 5.5823791661199625e-07 1.0992483105503246e-06
1.4280094123452229e-05 5.543103916925977e-07 1.1264240947087517e-06
1.3418182433486957e-05 4.894182562188862e-07 1.0584360915077514e-06
1.4357882256905299e-05 5.6075548787968394e-07 1.1325604411089377e-06
1.444754342163306e-05 5.3188847769391857e-07 1.1396329805269445e-06
1.3933900263892561e-05 5.2688992388227085e-07 1.0991163906874699e-06
1.5277313960793137e-05 6.0640540846200645e-07 1.2050857955335917e-06
1.4410801802745669e-05 6.0227190256283314e-07 1.1367346772681399e-06
1.585858591098635e-05 6.863801409941476e-07 1.2509369958072815e-06
1.4881446989490569e-05 6.1822128720580941e-07 1.1738595668829948e-06
1.5538374157597387e-05 6.9073840877002537e-07 1.2256783815871755e-06
1.6285703874445133e-05 6.977276846835891e-07 1.2846282399226226e-06
1.6643092566212677e-05 7.681964085429927e-07 1.3128193261454366e-06
1.6947366116005912e-05 8.0905230533948372e-07 1.3368207843342242e-06
1.8135761008295241e-05 9.3766723998347968e-07 1.4305625328421243e-06
1.8164739545659393e-05 8.6983289998424427e-07 1.4328486058907781e-06
1.6636170162575146e-05 6.8819814880704197e-07 1.3122736504120627e-06
1.8106462333152762e-05 9.6402306851107346e-07 1.4282505528833558e-06
1.920409353179098e-05 1.1076035715647877e-06 1.5148313581767702e-06
1.7607508326817579e-05 7.5962096486010343e-07 1.3888915430996683e-06
1.931991713424318e-05 9.4712473488533921e-07 1.5239694299091841e-06
1.8541309401545875e-05 9.7662456075374904e-07 1.4625564226110806e-06
1.9007401260452683e-05 8.9991815085193148e-07 1.499325271133456e-06
2.3073252222567204e-05 1.5009254302920938e-06 1.8200412526141652e-06
2.142369573811051e-05 1.1965316733821943e-06 1.6899088911961435e-06
2.0893789676120977e-05 1.2231675479559033e-06 1.6480869531656459e-06
2.0199989919753795e-05 9.8209713288603973e-07 1.5933364163707656e-06
2.3707584895996594e-05 1.6156479845996687e-06 1.8699864396607271e-06
2.2355376444378977e-05 1.3393712342060527e-06 1.7633189088588511e-06
2.2078459049677015e-05 1.3298222621694481e-06 1.7414769146808598e-06
2.3274794389919098e-05 1.4104300497798862e-06 1.8358448435670975e-06
2.1944780906696795e-05 1.2539621386354368e-06 1.7309415687688021e-06
2.1933053868425679e-05 1.3002874916699987e-06 1.7300176655528446e-06
2.1723688821953942e-05 1.2456365823649991e-06 1.7135027900530204e-06
2.3734077183154054e-05 1.5738430084499755e-06 1.8720750548166075e-06
2.3616445108768652e-05 1.504747912019016e-06 1.8627958230191467e-06
2.3759486298997474e-05 1.4835672224938558e-06 1.874078425922815e-06
2.5041256596493331e-05 1.8223285361359667e-06 1.9751810187137618e-06
2.6915720666045796e-05 1.76114672465706e-06 2.1230337131251746e-06
2.4247791934100776e-05 1.4541250592776285e-06 1.9125953670778719e-06
2.5935949401541072e-05 2.0178130645749464e-06 2.0457523002139886e-06
2.414582238645543e-05 1.515933618617282e-06 1.9045521296297737e-06
2.7867701778724585e-05 2.1742658291785225e-06 2.1981230152128491e-06
2.6013643973208421e-05 1.7885430837364454e-06 2.0518802483600196e-06
2.7167149409143599e-05 1.9532192719558986e-06 2.1428653778294807e-06
2.6916567530394304e-05 2.0129469015285727e-06 2.1231004260321306e-06
2.9554680993162748e-05 2.4607335583736525e-06 2.3311876688702759e-06
2.6318483714439716e-05 1.7807483918733713e-06 2.07592602172741e-06
2.7843698539459618e-05 2.0749410233237882e-06 2.1962302515658493e-06
2.738711865648429e-05 2.0384512530433068e-06 2.1602152561535475e-06
2.8842364599898964e-05 2.2176841856438595e-06 2.2749990438247728e-06
2.7176879801057825e-05 2.1779979995440982e-06 2.1436303631027178e-06
3.1231476446907026e-05 2.8929805160667582e-06 2.4634478474097806e-06
3.1140273179769939e-05 2.8268660939236921e-06 2.4562608552489481e-06
3.0400592549097836e-05 2.4114406498835598e-06 2.3979218444169659e-06
3.0820298576765112e-05 2.768357136705755e-06 2.4310236919337206e-06
3.3439141653287132e-05 3.1722072382342377e-06 2.637570940813429e-06
2.8384523120937343e-05 2.2130363980678977e-06 2.2388489306473872e-06
3.4785696288288826e-05 3.4499600679621732e-06 2.7437048039060562e-06
3.0977709495106273e-05 2.5751405370124799e-06 2.443322195614603e-06
2.6644570977443749e-05 1.9560715058801766e-06 2.1015405072036659e-06
3.30058146959757e-05 2.8667863308123249e-06 2.6032713446879516e-06
3.2800449867172903e-05 3.0628481810978445e-06 2.5870801715339754e-06
3.2964599793832668e-05 3.0529042972369942e-06 2.6000335742567413e-06
3.3829166215584839e-05 3.2237454702321113e-06 2.6682271239800654e-06
3.7501063089622487e-05 3.7062423077915989e-06 2.9578416361795432e-06
3.0090106065542235e-05 2.3681361500355901e-06 2.3733113815018834e-06
3.7555850865175486e-05 4.2004258054840945e-06 2.9621592385596922e-06
3.7554701885073296e-05 4.250207497089367e-06 2.9620684405424419e-06
3.7553552904971106e-05 4.198150611460572e-06 2.9619783052935869e-06
