0 0 0
0 0 0
0.059236740674060318 0.78201801445523689 0.0068369435293100479
-0.011517261301797595 9.7198734328380372 0.0013292712298187471
-0.034181658033096571 1.3964176148355014 0.0039183751044071079
-0.057497564908948681 4.2877230802270958 0.0066359123712994815
0.09379633989787925 3.9942586238907598 0.010751904963690705
-0.0077528829640479023 10.626212883186316 0.00088870156687007929
0.0082425546582138524 10.572765124903654 0.00095124558807195168
-0.0034338957253256248 4.0639155352775793 0.00039360992579233738
0.016247085168556587 2.8016102929597198 0.0018622904748751288
0.011386568014648367 5.3519219011986587 0.0013140224537697312
0.0095385022729879126 17.0782941520417 0.0010932969232258546
0.024806333397227036 0.71214712345496223 0.0028625854842918132
0.032696180126515886 3.0179806066421313 0.0037474933098182667
0.01485298025295792 45.977950869753009 0.0017023560679110771
0.018618550062501984 19.701666539392562 0.0021339076569013449
0.057437751316370529 1.4231627856750342 0.0065829443383082272
-0.0022098048936252373 0.078800948962231873 0.00025326180440582826
0.023650143383407658 2.3628665483615077 0.0027289000459635913
0.086953928309690329 1.9620802874355971 0.010033123696118388
-0.26571976145460269 23.000067780374906 0.030452219949863
-0.01060760260693573 4.7432780352429598 0.001223913175765002
0.028837683032731563 0.0021357245393334471 0.0033047759093376892
0.027546561957776942 0.00062240058892775059 0.0031567664756074463
0.02758854491734164 0.00058862122863791698 0.0031615301947054402
0.028550263404117659 0.00063858808682099684 0.0032716908386644736
0.026569461558215813 0.00056518885230201574 0.0030446585719946591
0.027944715914337889 0.00058720198636223189 0.0032022067792478858
0.0289308351524484 0.00060587445556230355 0.0033151608886797935
0.028303098694541565 0.0005820509094330693 0.0032431850248015987
0.028838214485279214 0.00059985815541716741 0.0033044588757433213
0.028886329059751633 0.00057700837814733035 0.0033099294046289485
0.028846303410782408 0.0006206983164148721 0.0033053014374460643
0.028549463566943874 0.00057338116346408816 0.0032712482874122793
0.027748426753298874 0.00054443660146487013 0.0031794257958799098
0.029707309448255403 0.00057610150432715857 0.0034038351264173081
0.028998957613070222 0.00055375542072085698 0.0033226343557965247
0.029904034795077656 0.00054848046356112932 0.0034262970152259724
0.029319816072475507 0.00056495273850725629 0.003359321726944206
0.029947343009185147 0.00059127016947480677 0.0034311827929398059
0.030061807856997962 0.00059698100624609241 0.0034442598083587006
0.029813304560694979 0.00066971339187321807 0.0034157512257077102
0.030137020991997075 0.00058994861306154106 0.0034528028428655734
0.029565626632594356 0.00064145494588671039 0.0033873020331163183
0.029630453991209154 0.00059900146357812103 0.0033946932232854763
0.030721089356458293 0.00064157081679662139 0.003519607588478078
0.030032158062710351 0.00059731905630909521 0.0034406427679334454
0.03103908458901352 0.00049041461679203921 0.0035559639334119594
0.03229154399165169 0.00053947506875685924 0.0036994114438855621
0.031837847851049213 0.00056740832446219424 0.0036473956954693326
0.031460567544996196 0.00063434691449634089 0.0036041350673378424
0.031478493116297683 0.0005866185631445076 0.0036061494598801404
0.032005535494459163 0.00052845214086102684 0.0036664866416907275
0.031238443156987927 0.00061795029531000706 0.0035785703485226136
0.03178872960492983 0.00057826528229240766 0.0036415681405424912
0.03328451134193329 0.00060464330241194366 0.0038128741064285395
0.031611018150424587 0.00054247506755809405 0.0036211264798602957
0.032170647779580362 0.00055116718963072874 0.0036851897154276843
0.033430321570950321 0.00059657948776719086 0.0038294405391005614
0.032545049757851024 0.00054665855085771751 0.0037279869561113389
0.033725133697992446 0.00057133096241454074 0.0038631157901842629
0.032823567376459868 0.00058101174677277002 0.003759796507516421
0.034245177620790213 0.00061022040735012994 0.0039225861804524018
0.033016915898724158 0.00060478814996824581 0.0037818471831042692
0.032332524836216826 0.00051938759929216164 0.0037034071251953516
0.034605397243093881 0.00058630734516826257 0.0039636929882257334
0.03401985216809468 0.00061544129885258265 0.0038965740289990548
0.035549807917562147 0.00055536517127330765 0.0040717586847939949
0.035421103092613974 0.00056920339570339313 0.0040569637744431643
0.034568578581003574 0.00050508064509020595 0.0039592672981458221
0.033412604242930237 0.00052490921742403044 0.0038268187985370855
0.03519722271520212 0.00056336790697242582 0.0040311616580163143
0.035563398940663904 0.00052128834146512306 0.0040730463914300926
0.035276779887280584 0.00054514175013803195 0.0040401666951172298
0.035340942886323529 0.00051217532925280386 0.0040474622255373483
0.03674306320260954 0.00055008206181932789 0.0042079869157008523
0.036055933853024039 0.00052440779000055061 0.0041292397756894448
0.036756145251986255 0.000539882859675211 0.0042093759844332342
0.036037733646956123 0.00054405884451647285 0.0041270501112227265
0.036912912414778135 0.00053898858471758686 0.0042272222041374978
0.036442098963513476 0.00054907572195195189 0.0041732529856652956
0.038021205196476303 0.00055353300333178075 0.0043540342125977073
0.037184648814911729 0.00053059111724659575 0.0042581836765259251
0.037888243942825604 0.00054127701716645354 0.0043387035325139949
0.038048592062401736 0.00053277920029389111 0.0043570140233294375
0.037112172308660922 0.0005226174788419604 0.0042497337239608742
0.038481735192770906 0.00052511340192885881 0.0044065126761238605
0.038883875481125957 0.00051475199168429895 0.0044525111014398324
0.039121649720609553 0.00053004053661331722 0.0044796881661965755
0.038777934548407347 0.00054830470486796163 0.0044402815859636135
0.039137962776487026 0.0005493930741588439 0.0044814575560492374
0.038925651026259729 0.00055659972371614882 0.0044570990897902438
0.039899216856745107 0.00051757086125964332 0.004568526251700334
0.040305620377500101 0.00057044926666840231 0.0046150117375840273
0.040324424342174987 0.00053265128508853165 0.0046171161686254765
0.040134114299017164 0.0005134770994297944 0.0045952780016467291
0.040728352673165526 0.00054338875387909306 0.0046632688342229354
0.041169958183871584 0.00056299484223513671 0.0047137822448209731
0.041153940090781244 0.00053391638068416903 0.0047118998239557893
0.041016168029810555 0.00053386960006474439 0.0046960776424178965
0.041416711133633426 0.00051548421080821981 0.0047418892404710805
0.041363526551134254 0.00049062135053888243 0.004735751603996933
0.04237558392330467 0.00050254605291627855 0.0048515736982963987
0.042528902086686887 0.00057068947538570279 0.0048690777581068389
0.042487124321866659 0.00050856760565831487 0.004864245238275086
0.042950014946594936 0.00053935195599602321 0.0049171903340065777
0.044217210404753036 0.00052343386249366483 0.005062215173446692
0.043345785174796099 0.00049739997172233805 0.0049623987093439818
0.043736925012366132 0.0005376867266104606 0.0050071265817618893
0.043436977863630391 0.00052249448425671359 0.0049727362297231114
0.044403701368989752 0.00051626691673304357 0.0050833554601522821
0.045111019990193998 0.00055938532144047192 0.005164275808032334
0.044850747175597866 0.00052164990779902313 0.0051344256204811766
0.045532391781557741 0.00051576812530470704 0.0052124037883947245
0.045549055444406718 0.00047688661750536009 0.0052142565373702694
0.045989700386628196 0.00047680291434058775 0.005264643829738268
0.045307182100618154 0.00049846664461244581 0.0051864579194842607
0.045205469651917525 0.00050826158469324562 0.0051747596580853268
0.046179100551871043 0.00047433942160822441 0.0052861566313208222
0.046648866930639986 0.00045747419909101297 0.0053398740661510322
0.046710711108197488 0.00046137458147610004 0.0053468969528450002
0.046665024923602277 0.00046034632472814719 0.0053416105963713613
0.047762963122819961 0.00042922538499493473 0.0054672303707503827
0.046915887532704745 0.0004292205862386483 0.0053702128247353417
0.047673864428851596 0.0004200275963006322 0.0054569168785411903
0.048533226649206743 0.00046964400651091243 0.0055552246489194799
0.048548075575219986 0.00045738413934622799 0.0055568664506161717
0.048828476303562601 0.00043463963950675171 0.0055889036476852024
0.048587936645064278 0.00045452488196999155 0.0055613143591579555
0.0497265546694588 0.0004240356996901749 0.0056915810403321753
0.049442824440521289 0.00042863897145426405 0.0056590489528783238
0.049610820131521731 0.0004579628679808651 0.0056782199123917377
0.050111959674454039 0.00041156130124581628 0.0057355209068516485
0.049587954840199351 0.00043709219015697993 0.0056754909729615274
0.049865862901087292 0.00045886708062654495 0.0057072426637986484
0.05033988667745172 0.00043388335000809307 0.005761440381649675
0.050234523838163937 0.00042082810311401455 0.0057493271006065112
0.050950993061092367 0.00039846544603848645 0.0058312719360188864
0.052045880744926408 0.00043862498275694319 0.0059565253472658062
0.05124180385793986 0.00039944338729185107 0.0058644471954170203
0.052478558081981957 0.00043008653154509775 0.0060059353380875714
0.05356788266154152 0.00040255196935983265 0.0061305487406443223
0.053131420372449036 0.00042092785822262944 0.0060805442606321385
0.054166303336262961 0.00041602396691094542 0.0061989260598245728
0.053951978397913963 0.00040870611036572632 0.006174344894284603
0.054254168665198665 0.00040394989550740837 0.0062088743750584293
0.054810483585963382 0.00039140135667337566 0.0062724861708310098
0.055262998714979694 0.00040391328051302746 0.0063242188494873524
0.055121677029556747 0.00039010212627692769 0.0063079933453110302
0.055098671080030172 0.00038114447079183773 0.0063053084198898659
0.056504856375332695 0.00042286611908789421 0.0064661747278290547
0.056029899340419305 0.00039609604681710653 0.0064117702124713277
0.056865336709727703 0.00039029162425342718 0.0065073203726230822
0.05675384168644753 0.00039854509966481588 0.0064945093915954192
0.056897192119575578 0.00039666016332463578 0.006510861030953225
0.05782727361035956 0.00038614030843928338 0.0066172392482342487
0.057809421726351153 0.00035773426227952038 0.0066151438526925429
0.058987903814047934 0.00038736551545938663 0.0067499441209339798
0.05897334380040329 0.00039263169741598542 0.0067482246659257917
0.059136786328311805 0.00037301523699346541 0.0067668736062579142
0.060339373176284676 0.00038811207014276163 0.0069044279697985794
0.060297419421903871 0.00035425598657400504 0.0068995727373870313
0.06021809734326114 0.00038289075987538396 0.0068904420514381958
0.060571727401603735 0.00038410247191947663 0.0069308515324973726
0.06104986504317704 0.00038989311712158363 0.0069855065615830577
0.061579081692494868 0.00034512001973743714 0.0070460059692104837
0.061759792729529847 0.00034515884475602666 0.0070666273412310224
0.063094452562599587 0.0003530004288664157 0.0072192835301744633
0.062483758841366387 0.00035457818028243121 0.0071493512215021812
0.063580102571445835 0.00036827412516658899 0.0072747366277970621
0.06312131679169132 0.00037166688363402808 0.007222186319679586
0.064254593582170061 0.00034267082275403352 0.007351794660379515
0.06338658865559299 0.0003387871373198191 0.0072524232076848988
0.065042206704041455 0.00035201474026582612 0.0074417929295389502
0.065158429047097191 0.00035986129503412219 0.0074550317371501048
0.065902071106496846 0.00039588273277226682 0.0075400550518608771
0.066301240008223697 0.00038968873427859606 0.0075856648400771717
0.066689632067385665 0.00038262333628763252 0.0076300416612749399
0.066891598833141816 0.00034730255962427576 0.007653088193600225
0.067224242249049659 0.00036058259822098368 0.007691085421445417
0.067493419253162615 0.00037346063134531613 0.0077218206944469495
0.06824394244366716 0.00035098330159408393 0.0078076248882139052
0.068336114401898712 0.00033215833271033648 0.0078181083772058506
0.069242565672005138 0.00035156445386187241 0.0079217497192520872
0.069837397828590692 0.0003579033929510742 0.007989738779729633
0.070254699566505832 0.00035320206603149033 0.0080374166887792527
0.070148619945337831 0.00033196728749196103 0.0080252168584024931
0.071243676124054453 0.00036976383486096758 0.0081504301942591974
0.070963086904082678 0.00034624713267986042 0.0081182661157354948
0.071233016022368589 0.00032579577542586987 0.0081490821602319598
0.072313415201491912 0.00032622813240072176 0.0082726145134061797
0.072775978012210377 0.00033863972457484046 0.0083254657965543526
0.072827802926918428 0.00034870177865404774 0.0083313286129830799
0.073814891147334333 0.00031449019817516411 0.0084441828771756218
0.074282636093552193 0.00031492247508223693 0.0084976241395015618
0.07533654176394794 0.00036603747789162839 0.0086181185369903716
0.074563887493667352 0.00032735563215726874 0.0085296636312072339
0.075618587670323575 0.0003404619456187707 0.0086502467477492708
0.076266434418813006 0.00034166654036143281 0.0087242875875769288
0.076343059525620774 0.00033799786584918465 0.0087329843012444609
0.077440590161548153 0.00031611414522175789 0.0088584622157092899
0.077223096558235532 0.00035241539973870597 0.0088335139900389825
0.078572880439446241 0.00035706218993106914 0.0089878444092033206
0.079026859770328015 0.00034009991227214147 0.00903970353780152
0.079559877915737084 0.00033897822905663144 0.0091006027168316229
0.079652317629373331 0.00036038398528090724 0.009111105159498846
0.079941122685792093 0.00034638567273378702 0.009144068894990913
0.080391604680140463 0.00031136628290358976 0.0091955252704299488
0.081194809746252039 0.00033389260846222843 0.0092873266605115381
0.08146031365043313 0.00033832990353763843 0.0093176229680381386
0.081926075109737692 0.00032166676505791033 0.0093708247745649658
0.082963065515123904 0.00035782368253020705 0.0094893634663448401
0.08296964643983773 0.0002986454890959186 0.0094900419646402542
0.08306507723279366 0.00032832867867178079 0.0095008835480921358
0.084012581025136243 0.00035504154996067309 0.0096091831905477151
0.084862999179255022 0.00035204191767591474 0.0097063766946931321
0.08536117667447643 0.00031544433921339772 0.009763281001577688
0.086119845469466508 0.00033288311414116887 0.0098499784256963208
0.086240166627276821 0.00031568698273584509 0.0098636634973984644
0.086954883058183857 0.00031955138040949986 0.0099453319847085733
0.087682138465027037 0.00032355112463920032 0.010028433250721414
0.088363917401653919 0.00032693793023955885 0.0101063316158397
0.088153130736583957 0.00030414832158752691 0.01008214623041355
0.088746714011388658 0.00034142954650153204 0.010149956573358201
0.089819124693617053 0.0003145454713000418 0.010272529180770934
0.090011499730395489 0.00034253918443873555 0.010294451770103014
0.090830723464148375 0.00033022090157161656 0.010388065293855386
0.091323596909295271 0.00029950264535598094 0.010444353816645687
0.091995209787215454 0.00034351580812927326 0.010521083392947378
0.092405058411989968 0.00030742640766936026 0.010567875169174784
0.093238677085587085 0.00029729137143286134 0.010663130150074869
0.093423871514641307 0.0003153686942216911 0.010684228591010749
0.094588181711185854 0.00029779567632864413 0.010817300060597309
0.094976808277761199 0.0003317092328570144 0.010861662017524769
0.095628649009421293 0.00030013813903985665 0.010936123886482803
0.095714433728936843 0.00033780245749041253 0.010945851391493492
0.09679742260823114 0.00034640052828744235 0.011069617927603229
0.096656938516651913 0.00028843847281341019 0.011053468972381412
0.097553420868881704 0.00031932051184542601 0.011155904496134848
0.098336524137731238 0.00033535460522982112 0.011245373207608524
0.098977862811035044 0.00031067371995289214 0.011318629059609462
0.099495534881161488 0.0003094561301366243 0.011377741996093448
0.099717903905252453 0.00031210722485464689 0.01140308545215871
0.10066032383315948 0.00030057736539405952 0.01151076853363078
0.10156636605048218 0.00032575175519354625 0.011614290164260969
0.10206081695404867 0.00030178305380027182 0.011670744423610786
0.10268167617459181 0.00031427763351567011 0.011741652974656335
0.1028938824238033 0.0003370235259198142 0.01176583167042005
0.10394880935564943 0.00032004263665172785 0.011886373414771001
0.10497665811137939 0.00030756056679648943 0.012003817717209981
0.10465630206820152 0.00032933884016865425 0.011967097280784095
0.10552832107763514 0.00032819193238733642 0.012066721138815644
0.10660653542806854 0.00031390966286411149 0.012189920958365434
0.10642416591714322 0.0003078199001156692 0.012168978634025629
0.1073097580708831 0.000336084537157458 0.01227015122618526
0.10799568183735699 0.00030276785832489847 0.012348491474371811
0.1087183598590574 0.00031595408176465843 0.012431033797653698
0.10933889093671259 0.00031165718749779459 0.012501895385712058
0.10983652839493893 0.00027736699383698122 0.012558704343617557
0.11012250637128966 0.0003027324308816794 0.012591311874605668
0.11176040681516178 0.00030838170375839242 0.012778496146044671
0.11175599728230026 0.00034447329501330928 0.01277789953237457
0.11202251567689564 0.00029393191020417032 0.012808280600585972
0.11305371986505605 0.00031914355979656683 0.012926092289061041
0.11323468403693202 0.00031336530307276032 0.012946690119481628
0.1143125095021902 0.00029702800440696716 0.013069829958809563
0.11542892342783116 0.00031694348823344649 0.01319738036174611
0.11625919924900355 0.00033652520629061291 0.013292214102299894
0.11606254675438304 0.00032567026814770902 0.013269636029627626
0.11702476900513366 0.00031328360277281612 0.013379554237613315
0.11798151339745618 0.00029776852831836791 0.013488844661182513
0.11841681800201972 0.00030221823573378729 0.013538517740158167
0.11919461295245663 0.00032768367789206702 0.013627346938716624
0.1200239944630416 0.00030679634119144637 0.013722072723507447
0.12052501941921492 0.00031575296163947317 0.013779257579177827
0.12097488233357281 0.00031514320156041597 0.01383059286218186
0.1218598192306803 0.00030878229775393225 0.013931667495176469
0.12215529271252575 0.00031516411780519078 0.013965350654506152
0.12322614666242186 0.00033527252497225502 0.014087678466985836
0.12348895229363764 0.00031460578865506397 0.014117625864605989
0.12421231079139375 0.00030112960447925715 0.014200224982385818
0.1248347967220937 0.00031202342200265182 0.014271291137889903
0.12637821034487812 0.00029071446004813974 0.014447637444756427
0.12724466111117 0.00028878630015132526 0.01454659176825397
0.12772003218888875 0.00030786087913103519 0.014600837270106562
0.12756039711368669 0.00030951061307122127 0.014582488967367864
0.12857746577588627 0.00030860523246335682 0.014698659200367396
0.12912243328652234 0.00030562468044182084 0.014760859185845248
0.12991892977070751 0.00031657777669515813 0.014851812518161133
0.13056364471420687 0.00030757837066349971 0.014925413780490381
0.13131921902335841 0.00028432823799377668 0.015011687287716817
0.13256795825941756 0.00030858140709348457 0.015154335558698316
0.13300765252502247 0.00030702502782714141 0.01520449772867293
0.1331404092548639 0.00031760162130875215 0.015219572931891724
0.13473728995396056 0.0002965905041509752 0.015402014464523613
0.13461319213882275 0.00032679343526073921 0.015387728032356277
0.13576960515165751 0.00030501455349200222 0.015519816644406957
0.13663128953094569 0.00033681412563722573 0.01561821381894604
0.13731164379528446 0.00031907710836352201 0.015695882740407622
0.13732752628255274 0.00033757703762836758 0.015538374710182259
0.13861515559224794 0.00031781551119402422 0.01560322925501233
0.13941776074213508 0.00030467891065976744 0.015592250637716585
0.14000957704799102 0.00033125132645557169 0.01558711948882267
0.1407842003165708 0.00030540047192287805 0.015525770044753166
0.14209934568319188 0.00032368799481184848 0.015626952502732168
0.14272829700828815 0.00030665583451809582 0.015579055972842881
0.1429827078039391 0.00031014578199064699 0.015483370025697513
0.14347213047136539 0.00032089267010151679 0.015551269495109437
0.14441637650336422 0.00030088053258704554 0.01569035477078539
0.14541308155713917 0.00034418926293622017 0.015688730919237961
0.1466816466928422 0.00032402338231177604 0.015795949773985636
0.14714092660927103 0.00032335243240093792 0.015713498953726819
0.14784294753656754 0.00032041480521859697 0.015752449261117282
0.14805854151784451 0.00032638758467587177 0.015693015065723896
0.14906574152955396 0.00032314554013054586 0.015692439671428433
0.14967343265444588 0.00030735780548578199 0.01563620268961545
0.15021411383935895 0.00032464831381454295 0.015617008118027504
0.15155942321473173 0.0003364668906419545 0.015681077598716307
0.15232251358102983 0.00032133717796139257 0.015723040665231086
0.15282803553187754 0.00032734247229870416 0.015813597703253482
0.15333806771780886 0.00031556910886255122 0.015781799166798182
0.15407844675962171 0.00035651391924506367 0.015827903109232485
0.15484472984511469 0.00033596948425772619 0.015912489352695482
0.15622444036968278 0.00035957846291146637 0.015958226838299869
0.15696156402633094 0.00034406345268510292 0.015961658296973043
0.15764985188986899 0.00033251281010132156 0.015977457594371337
0.15831155580880485 0.00030428943700102978 0.016029962558953365
0.15933701071302342 0.00034837649963073068 0.016060012861545105
0.15986531087179923 0.00031981607943176569 0.016081970102675702
0.1609704031003569 0.00032929472455913957 0.016097364347830958
0.16097597567052604 0.00030442400786930479 0.016098011894446197
0.16200565613545562 0.00034477595844717944 0.016155501297535083
0.16237102216388866 0.00033438453381902632 0.0160838929968391
0.16364703675288531 0.00032747470241403158 0.016162025990796993
0.16410271707700433 0.00032890921304043621 0.016213874430242019
0.1650351821607759 0.00030836008222275094 0.016253814361820853
0.16617014178409945 0.0002966751568728051 0.016286178078251043
0.16693147553543983 0.00031927558651212158 0.016284465296427814
0.16736534135198056 0.00033372976402099697 0.016284462099832916
0.16860170549148162 0.00033264540785210442 0.016342712513734477
0.16947223495146499 0.00032804737083104706 0.016307409086909357
0.17031530592766347 0.00031954510534274756 0.016318618642562951
0.17117871954609218 0.00031032309934074352 0.016343586048694618
0.17170004342653206 0.00034689504262919743 0.016343879104105972
0.17285673156767031 0.0003260789522593503 0.016342314657462945
0.17353336374085915 0.00030458679446230619 0.016377962490504074
0.17429802021868515 0.00029582797846206693 0.016397037848964749
0.17523908864697998 0.00036594622945851959 0.016412834287309813
0.176351068289366 0.00032230152644309679 0.016457955415164462
0.17751241248391073 0.00032145943286984615 0.016548238418149536
0.17829016273272971 0.00033815177750175641 0.016545214415859624
0.17857794392392703 0.00035458763313930234 0.016543018732258517
0.17934751884378497 0.00034173717154866687 0.016582432376478263
0.18092864316601731 0.00032356816424695191 0.016667359122441012
0.18159181247312398 0.00033097376218931972 0.016625454953200461
0.18208669214118581 0.00032218714319804894 0.016601197629397595
0.18318375102694123 0.00031215886410975254 0.016627202258046769
0.18332739750785246 0.00031723017986145418 0.016587115768243867
0.18451269359642117 0.00031640139133794768 0.016618803519007484
0.18592771089196999 0.00031197069924536973 0.016706580013630394
0.18640312902230199 0.00032511539090887185 0.016701482204138664
0.18776294694361523 0.00032273788484302922 0.016823993978946756
0.18905708734304849 0.00033118422416113783 0.016893292076125842
0.18957125098889469 0.00030717149714091585 0.016852121958933174
0.19025414796646051 0.00035239693367890708 0.016878006141049045
0.19112427201713558 0.0003241695956792844 0.016908113113700732
0.19242936173323505 0.00033047478063086283 0.016928842350360625
0.19338101295030027 0.0003175477097404982 0.016929420241743522
0.19397926552592218 0.00032234618841075395 0.016929431198941532
0.19507979400336894 0.00033037527456344744 0.016949097805970911
0.19545523683190341 0.00028240267631281967 0.016925517054196898
0.19621346602924902 0.00034239472802324552 0.016963774021361455
0.19759049592700417 0.0003014847837582866 0.017084103034279523
0.19856808025222619 0.00031198414062835701 0.017086662511858294
0.19903841471425721 0.00032203628121884432 0.016957048886978066
0.19965599377450502 0.00030514700783244045 0.016942926520504893
0.20087526048975965 0.00030184547639067118 0.016816699440645847
0.20162472694251071 0.00032358546531496791 0.01684902157394039
0.20237762222871006 0.0003128168985234967 0.016772226529874097
0.2039916324426799 0.00030524548490756261 0.016826130562532182
0.20387881397690996 0.00030733051108417886 0.016588798670207489
0.20556577670666862 0.00031967176006337909 0.016569676804969444
0.20629142597518305 0.00029717967885232647 0.016531763952905069
0.20708611143454975 0.00027568549316409058 0.016228277852800805
0.20754824658859106 0.00032191919473219661 0.015960608660567387
0.2084184507514556 0.00031282332517303335 0.015968041913797328
0.20984825311795355 0.00030236149153609288 0.015942571792153425
0.21142282610658816 0.00030492553467976953 0.016002735435022553
0.21217207262452484 0.00031188168528266711 0.015935305212963241
0.21283055299343745 0.00031020487838483483 0.015868646717840242
0.21363497293895642 0.00032598696297281369 0.015898509278938638
0.21439508955258277 0.00028630213036738805 0.01593055398754389
0.21512354745709117 0.00030857995200108757 0.015613611080226669
0.21701535675263128 0.00028593556688321167 0.015460396697117296
0.21718309368802269 0.00028953242320482839 0.015146026737865271
0.21835299869381478 0.00030552521125687653 0.015248201389230383
0.21939471310890513 0.00029568854593096954 0.015214395456247254
0.22071219724162378 0.00029242311996743436 0.015206267131973596
0.22108992377515882 0.0002923641319745071 0.015176951047889393
0.22253805262095125 0.00030959610132551101 0.015113262112076338
0.22365241528841381 0.00031768836023683596 0.015031818350750787
0.22390515857929777 0.0002989455751981961 0.01491235527978901
0.22495821973161326 0.00029111542857144281 0.014971653423439448
0.22574740120795805 0.00027782756717881311 0.014750369516600923
0.22707105345240239 0.0003187927490321161 0.014804747762108517
0.22801493101463166 0.00028056759017866057 0.014736196856708133
0.22936458260340306 0.00028170126645529607 0.01478137163454638
0.23002733973782416 0.0003010404458430814 0.014722860367349358
0.23042336306025271 0.00028729047024676448 0.01473575076779835
0.23166421279644847 0.00024952670202262137 0.014494553442166725
0.23284241157313368 0.00027243551219050449 0.014319616296933471
0.2339793542708897 0.00030577004439904344 0.014297584379708643
0.23474242083086372 0.00029683688850861898 0.014291710963361275
0.23586317415738592 0.00028837441761860272 0.014341909004402863
0.236835049231953 0.00030901537950325206 0.014203797697623055
0.23771748431901485 0.00030919962840662244 0.0141985532675493
0.23911149046387736 0.00027944114043097946 0.014170152122246179
0.239818503064302 0.00028759755802132018 0.014208068197445963
0.24087643283055246 0.00028847959661813441 0.014220005136384004
0.24227583413638004 0.00027674753481918236 0.014242244351478998
0.24301962238584876 0.00031005974640024956 0.01421055579656361
0.24359367050317773 0.00026855689276455703 0.014206221406358296
0.2451052199281526 0.00030140429300564456 0.014096596342166532
0.24584570142965867 0.00028729233371775116 0.013987198639667993
0.24657738267041962 0.00031299307300020599 0.013758080793412364
0.24714873410438307 0.00027457680543452258 0.013595099957887694
0.24899928119316742 0.00028393104544295297 0.013690762165335511
0.24971811684565623 0.00030766244207113886 0.013757348697105787
0.25111132445872958 0.00028192312981672573 0.013645591296659668
0.25166687858535508 0.0002967850869124089 0.013681988888533196
0.25291545952517935 0.00028464226300793492 0.013614286411767252
0.2534850896115054 0.00026378448577641002 0.013524133741121384
0.25430473339340637 0.00028948879117837029 0.013504865388249221
0.25518335715048901 0.00029344129500093945 0.01357439519716244
0.25588044709336177 0.00029453959073175552 0.013441076814433146
0.25753048107823162 0.00028263875773073085 0.013484014189450605
0.25828664775320553 0.00027509516240424017 0.013474736072334393
0.259090677819455 0.00029405789096698169 0.013493522106083282
0.25997448322078309 0.00028039893262378853 0.013350729445966091
0.26065731786816582 0.00029521791771286557 0.013319420102321825
0.26207801871775954 0.00027136568634419125 0.013311825135332241
0.26339713388390079 0.00029774849007977198 0.013377087077740784
0.26364016751317565 0.00027685606341791113 0.013229153125427122
0.26492982260311998 0.00026283855928190697 0.013192273516671633
0.2658757627379687 0.00028919820491943912 0.013154344903457486
0.2669412892150646 0.00028357546387229924 0.013008746980941342
0.26911405981355707 0.00030901783624758103 0.013132613201299669
0.26892508575338658 0.00028433510819391317 0.013019709758749385
0.27014507236748975 0.00027296157147667154 0.013076455613774898
0.27162091723804332 0.00029689311574700433 0.013040850313250467
0.27224938169586366 0.00029918417044027461 0.013095456371597694
0.27303245698232065 0.00026629251288168065 0.013104010116410499
0.27384432758371124 0.00029879522151146914 0.013069179962177714
0.27533337276615238 0.00029336703077413937 0.013069031732057652
0.27588616447707531 0.00031276260630820521 0.013081857764933201
0.27713272015455959 0.00027827805906558025 0.013083814134041152
0.27827717746230157 0.00029027549438248189 0.013185825102867867
0.27866816866920702 0.00030147244874009061 0.013197280944993017
0.28041592980517138 0.00029754819677970063 0.013141502249972386
0.2805503528726605 0.0003097136711873946 0.012984375117206516
0.28233072722933006 0.00030742045651869582 0.013070155549266013
0.28362328392299896 0.00032147847309759651 0.01305867101443111
0.28468494751095696 0.00031332658680156058 0.013132058258523012
0.28557822710520497 0.00031108665989948241 0.01309591119929767
0.28662801606578397 0.00029062762748019823 0.013095758391289644
0.28746088812344511 0.0002981189033255843 0.013126324439102109
0.28838066093509218 0.00034362188352646261 0.013192536916109179
0.28945152525014112 0.00029688569727322867 0.013189199944409745
0.29030664338244699 0.0003099517809263185 0.013166443964730387
0.29113881614699971 0.00027638677546246274 0.013140552134094471
0.29285295264145367 0.00030223828319466799 0.013091306409763323
0.29389557960173146 0.00028991992775057425 0.013064649192479412
0.29473494518685156 0.00026498575444529625 0.013002179350781863
0.29611519555169724 0.00032080555871599547 0.012904364584058071
0.29657247039637552 0.00030992855447330999 0.01288658817198142
0.29763976522921415 0.00029928936150918104 0.012923934308055954
0.29858124766314398 0.00030754338502994095 0.012905628861447209
0.29976165952920264 0.00029652512463685201 0.01286490081193321
0.3009265561006953 0.00029182072164861942 0.012863156967564085
0.3019064574755615 0.00030899795305421393 0.012845448222248881
0.30261203703838313 0.00031368383585589539 0.01287004651658984
0.3036759670066464 0.00032888041098671865 0.01273982350332333
0.30559615968553921 0.00028752139327767188 0.012793289481574783
0.30629289995763775 0.00029509995852843778 0.012864477876513918
0.30748563004622514 0.0002741051691719994 0.012819636616128427
0.30793149444397994 0.00029395443601104408 0.012706207536821605
0.3095373343955104 0.00031964116767494463 0.012760422780883591
0.31010706135823846 0.00029122268185145355 0.012729563704326581
0.31129332921739233 0.00029436916333079881 0.012764240646388876
0.31199975620367515 0.00028015693899914785 0.012713119031509066
0.31295620951491426 0.00032633667545925189 0.012696665718054251
0.31411914878809238 0.00029541651659165786 0.012801201129888964
0.3153373470330057 0.00029397380811855515 0.012856996258447877
0.31653764990913924 0.00033698915641183357 0.012847847513616097
0.31752959095676309 0.0003028644108877074 0.012859116379606274
0.31825352919532918 0.0002996034120368015 0.012898223829698869
0.31963350791509526 0.00030574678142761074 0.012932877965192885
0.32075188602754834 0.00032549285166199346 0.012926329668495832
0.32246347447286738 0.00030085882426579758 0.012943778126622701
0.32285135533739517 0.00029220778825886969 0.012927414886802465
0.32354192502107043 0.00030790946302319697 0.012871826232759459
0.32509778303241194 0.00031850178453105823 0.012935225159950613
0.32568354307446007 0.00030094282211848565 0.012864722398759314
0.32658808593455174 0.00033410948173015422 0.012859419854828797
0.3279275988591131 0.00030036378660302479 0.012917589818992154
0.32914949944534766 0.0003155269410134165 0.013016607189895838
0.32994363749863981 0.00030938930827586851 0.01306145068130975
0.33161174239085872 0.00031071630271579075 0.013119390983836677
0.33237749185114479 0.00035467331064941831 0.013085303314047642
0.33335926942642635 0.00030674869740235404 0.013147438330367417
0.33430422025704615 0.00030178577585161526 0.013239235411652684
0.33521394121986914 0.00030893716611427713 0.013191842318627247
0.33638183428953822 0.00030134515174400355 0.013089118646155673
0.33748357484876851 0.00028869211776576736 0.013089846004053284
0.33856588848822317 0.00033279558688710899 0.013129861828960762
0.34015684887182629 0.00031103201279847695 0.013156169605798226
0.34037138646564896 0.00032158183981596057 0.013161690500552816
0.34181121838697459 0.00030198779069578725 0.013238816999224585
0.34305746093050993 0.00030234557302358218 0.013320379395432069
0.3442487061906806 0.00030184987411371709 0.013357951850708066
0.34547250443320787 0.00029480288596582126 0.013394088799211154
0.34693570926074713 0.00034978493325509675 0.013416693681072346
0.34723738915310526 0.00029094765954548588 0.013433917006821174
0.34788145387907005 0.0003166755300026302 0.013332332470188375
0.34885455035106033 0.00032153975309270471 0.013351975553914671
0.3504245518158714 0.00034039225221106536 0.013474889846852517
0.3516858257038335 0.00029313710932390167 0.013408949983518678
0.35261658339476604 0.00033934038429471545 0.013407382129290726
0.35360831092292194 0.00031718611333760699 0.013374448432720823
0.35465362417214563 0.00030931848911211691 0.013468137636501766
0.35585443565704894 0.00029904859907542322 0.013447634297579782
0.35667403470132303 0.00032138264143231578 0.013500080374351684
0.35816605202806645 0.00032918879122115625 0.013482232279481133
0.35941942678671462 0.00032430669572622848 0.013533609001677618
0.3599997741559674 0.00031869074291469818 0.013532867470198211
0.36146940681681888 0.0003313620878791384 0.013562322508634161
0.36211194420439402 0.00030440112886218545 0.013526671628859536
0.36398000626756793 0.00030680319675723623 0.013614219694402394
0.36426679208036983 0.00029315622646518367 0.013674943421002925
0.36595999212235569 0.00034822739020875983 0.013668726527044118
0.36693699603969293 0.00032134912296664215 0.013750951140461076
0.36802144205167669 0.00031668038119638431 0.013772273195672086
0.36877185282967384 0.00032605107722351529 0.013723452338723458
0.36988423032962869 0.00032301957715995694 0.013824479280119503
0.37158193645236887 0.00032319845010914155 0.013984691163148667
0.37226028100006592 0.00032551351136861199 0.013991967206524306
0.37320817138703138 0.0003375007785016218 0.013920723022344981
0.37435905121656243 0.00033622881126300127 0.01392833397162895
0.37534437638084084 0.00033471806512266471 0.013981344061810962
0.37731915847994768 0.00033062471517931769 0.014033375223127252
0.37735500512989345 0.00034294964277911769 0.014009361788344048
0.37905027687327797 0.0003672149049201877 0.01409343436810922
0.38009645867517461 0.00032536799845318999 0.014178451528436605
0.38159830083229701 0.00033860072489504052 0.014093657465310041
0.38190652465799624 0.00032427136906136431 0.014100242126951283
0.3833847690186154 0.00032140080987843635 0.01403996124921773
0.38504768241255982 0.00033992820190156516 0.014074263726720928
0.38603933758537812 0.00032697906524910481 0.014137417741210145
0.38766015768001566 0.00027958384105913539 0.01420699164734365
0.38829877982093552 0.00034392142479785435 0.014164264529224794
0.38927527183286115 0.00030914127364825399 0.014228202300133915
0.38966855242052212 0.00032416386115429965 0.014217552229251399
0.39174278266125628 0.00033138105611967917 0.014264441265406427
0.39245286438455224 0.00031198293385023166 0.014284770674649762
0.39381123788515338 0.00032677268214834234 0.014237008705379528
0.39485106330981212 0.00031948977661449076 0.014293964799701606
0.39627438263123277 0.00031491622395448803 0.014340347901660706
0.39694627183626241 0.0003372022708040241 0.014335935026611329
0.39843800160695847 0.00034205314600202453 0.014353587721585726
0.39855940827948688 0.00034994615268806408 0.014309153428572821
0.40050134544373783 0.00036886830991407905 0.014446076840947676
0.40185414881088999 0.00031372717382206495 0.01442251940372977
0.40234149489169713 0.0003606608513111339 0.014358455490491055
0.40382356242136686 0.0003595962991999097 0.014494794553548669
0.40508964774688005 0.00035433260536686477 0.014629141566279404
0.40630225808736042 0.00032236802915829287 0.014637453510627795
0.40688284200893604 0.00032370679184331612 0.014642388708572035
0.4088366102065234 0.00034113615301631996 0.014575319243641392
0.40933493721822867 0.000342578490275919 0.014474967849171334
0.41002385051492291 0.00034174799800057096 0.014447792905322662
0.41181953971180912 0.00031185072343422877 0.014399701531737084
0.41293995035739633 0.00032650998732574921 0.014494774454100749
0.41363926958286923 0.00032323220931693321 0.014453279361460668
0.41465767300073547 0.00035600010670398157 0.014453447127817539
0.41661328632128525 0.00036846938898506975 0.014436752311640084
0.4167613376265652 0.00033236781823873271 0.014470681388217537
0.41846454990616389 0.00037428850169252164 0.014439160347670366
0.41959363984617898 0.00033816817617523376 0.014306886093367969
0.41997863557699638 0.00032790415086369622 0.014199844342083439
0.42208228894043304 0.00032886725007502839 0.014301428649650064
0.42334610170558729 0.00032596660630687885 0.014346347320730882
0.42408025242911546 0.00034043550362735959 0.014333178891380468
0.42561734205437662 0.00032616077399695765 0.014302964295150588
0.42654101515160808 0.00034905771947903115 0.014414863864776622
0.42785999799650482 0.00034179068292829521 0.014487128538432583
0.42893490644166204 0.00033321139909647573 0.014548862664909533
0.42971923787800864 0.00033535957880377452 0.01453981250046045
0.43060632046875308 0.00034595759596331047 0.014509677263269875
0.43199103734206495 0.0003921799037880188 0.014533619013418505
0.43353095416683946 0.00037902082941347409 0.014530924975399201
0.4348016854781892 0.00032288767399687735 0.014561871788883482
0.43567329949491301 0.00034263555532003436 0.014515033563763565
0.43663169899111065 0.00038786635576584311 0.014481855675346305
0.43770762067230151 0.00034817786233549671 0.014521153006053431
0.43939784735639831 0.00039592468864452939 0.014540864667359332
0.43985387709365326 0.00036135176815141069 0.014588751959567716
0.44125420152101269 0.00036724045607782282 0.014523305557764172
0.44227038149875159 0.00038578076944825561 0.014426491420231599
0.44394754535735087 0.00033842455261546536 0.014445403399044024
0.4446697568113181 0.00036240283764984196 0.014394959316103245
0.4463564086976527 0.00038002391661624927 0.014453779963553928
0.44682021965832291 0.00035390444043317538 0.014435918882266844
0.44840445037214183 0.00033696962802356821 0.014475780563424728
0.44950240126775415 0.00033993399249369086 0.014474940933960446
0.45077202519743964 0.00034220141901311835 0.014467952918469038
0.45185896728883673 0.00035044523153718055 0.014469474126114145
0.45351428237473645 0.00032950803561395726 0.01447788631783605
0.45404369577596981 0.00034751836449101447 0.014425101869020024
0.45532947924614681 0.00036125731075741668 0.014513476089476405
0.45692872599272494 0.00037274622710269079 0.01461524713224039
0.45755267250545162 0.00037278285275427593 0.01461048834717878
0.45863753427894471 0.00036813333042564857 0.014601426511331478
0.46090700372715021 0.00035991897840907845 0.014774088961165971
0.46141961454052433 0.00034135330795119186 0.014765724252763559
0.46267418737730276 0.00036759687110942828 0.014890021079281598
0.46361721039674336 0.00035286729108490638 0.01489117239038852
0.46455169812785452 0.00032691176457955162 0.014832126299521296
0.46583100837585889 0.00034578173091442217 0.01482940829350513
0.466917718369523 0.0003362245704299879 0.014822591373234084
0.46812719275638837 0.00036729782800502472 0.014926824969314289
0.46956237970270115 0.00036659653585809082 0.014861716981560524
0.47051340249085827 0.00034889338129402063 0.014852167318493361
0.47141457707324802 0.00038289442450665134 0.014915425809605675
0.47216087103240706 0.00035864437825406178 0.014901529158753611
0.47383855120416213 0.00037060844649381211 0.014900532293637837
0.47551667287686983 0.00039738656108403146 0.014980174839720688
0.47654066830188146 0.00036858483008134159 0.01498276960687059
0.47785901609335607 0.00032686998430988374 0.014928750307150232
0.47872449597940719 0.00033558998221417242 0.014960440545602891
0.48011457099864002 0.00036612072580300569 0.014963834041534936
0.48048533291585255 0.00037210342169777282 0.014980784611995337
0.48150382123007962 0.00038567174343098038 0.01499244957345031
0.48363465500747038 0.0003703345426698697 0.014994726367368072
0.48487036945337664 0.00039337034120092557 0.014996814328957433
0.48542488254918409 0.00037792393910997707 0.015040641611471894
0.48709578010295984 0.00036330105269810853 0.014997030818010199
0.48792325561925753 0.00038629698109752907 0.015023214255994038
0.48859604934145917 0.00037394158263170843 0.01487808238910206
0.48983278374068406 0.00036893592860923332 0.014881123977975129
0.49065289386525729 0.00037782819013003989 0.01491355643692323
0.49321095014869293 0.00039188776590232154 0.015001703555651669
0.49393670895226244 0.00037128792942965909 0.014943837328104533
0.49479616013384509 0.00038302412591476493 0.014982988752758572
0.49592781300190647 0.0003930715565128499 0.014990595978406563
0.49709659767310754 0.00036921125256482874 0.01498418794937021
0.49835960913639038 0.0003969826159961034 0.015034747649527785
0.49983118961952522 0.0003601603499950915 0.015092768405093444
0.50058419364487416 0.00037681348723821265 0.015020221501398145
0.50133595139112164 0.00040699290204520384 0.014967807926666394
0.50254850643470117 0.00036191725349837015 0.014973419938805618
0.50359526003260813 0.00038801458641826264 0.014954826765219678
0.50485172827474656 0.00037047603056478194 0.014751346889092959
0.50699460507279692 0.00038550088004764299 0.014834829957078943
0.5075303122094994 0.0003971860816365235 0.014919610280987487
0.50933359653523524 0.00037093864879108592 0.014908689342602749
0.50982080160376675 0.00035552264828987641 0.014897470524954692
0.5112110095120076 0.00037608403551019738 0.014814842817291821
0.51210328080182332 0.00036570876343552944 0.014713224533696818
0.51273437749953488 0.00042680361917000868 0.014669046505868784
0.5146848073597653 0.00037141929156037502 0.014641971872262145
0.51565563008607029 0.00036683413730786573 0.014577339014027791
0.51715592279582412 0.00041146935993889594 0.01460095392108144
0.51747157165940183 0.00037897034829401555 0.014563744716546026
0.51965042942120709 0.00040235990604341768 0.01446599173483473
0.52011969092721699 0.00036634862154159132 0.01446662471406456
0.52182938336796447 0.00040556415697191574 0.01450063774718615
0.52255014990325999 0.00042167586833226345 0.014473561109746865
0.52389847575886606 0.00038097807188782807 0.014534309427022102
0.52529487982505185 0.00041137286852019735 0.014495147206150361
0.52611664328944241 0.0003598807113494001 0.014537939896159738
0.52697153539916053 0.00044569182062862675 0.014599434341206587
0.52805327833386351 0.00041046953458844491 0.014643121191334095
0.53000199154401251 0.00045657049184412592 0.014658653115352766
0.53110128035766557 0.00042977373661145255 0.01472803187492812
0.53157562983432904 0.00040850806510049815 0.014657688213927735
0.53333425797075296 0.00040497888122975075 0.014694389113360753
0.53450067301589266 0.00039000351035222677 0.014783633265797494
0.53576340914497533 0.00042029316117395127 0.014824729784072569
0.536086058112626 0.00039129094103373312 0.01479477713974133
0.53724661355334791 0.00039055407875794422 0.014745223000844812
0.5386681374213852 0.00039301070468393469 0.014756227907753923
0.54013124687501368 0.00040976151075225361 0.014747428468329223
0.5413105199070648 0.00043247444938426707 0.014805729415651845
0.54246654367984992 0.00040946606118047419 0.014818697501670579
0.54366959050886898 0.00035907859139090563 0.014836951962603977
0.54430808941340314 0.00039078118685357323 0.01480193685657644
0.5454800826086007 0.0003981268273148837 0.014833307122100063
0.54682715825843731 0.00036592402051599385 0.014953426838847993
0.54821564371159881 0.00042784600046947863 0.014986703696820956
0.54938111279632751 0.00041845632920314412 0.014977248699785688
0.54994075669761577 0.00042057956418819462 0.014992153378640311
0.551510499469968 0.00043540273322500858 0.015034293548899109
0.55297569978879502 0.00041875696639077556 0.015055690243756114
0.55292201486056836 0.0003992772992608679 0.015069505228431939
0.55447034318565391 0.00040399715545926413 0.015113478270691183
0.55560685194770854 0.00040237844493415333 0.015143048932857216
0.55701722539071019 0.00042138313143502411 0.015117468340903186
0.5582833604795624 0.00043891863891799626 0.015160096800246313
0.55896500942629423 0.00042887191278157243 0.015154288160821967
0.56022098770176443 0.00041244405442945864 0.01512534343907726
0.5619481068764407 0.00042788288739502327 0.01516449316721355
0.56242493003753413 0.00043132830087968578 0.015196201852827294
0.56355487395318737 0.00043802774649501854 0.015237851101797744
0.56511939689137936 0.00041009167163683058 0.015373126398495581
0.56704052553918649 0.00045590121232542827 0.01550508723807373
0.56727578441665583 0.00047199105790124554 0.015522579399872401
0.56842836325356527 0.00046457834049963651 0.015581132978769537
0.56863437434879405 0.0004177111240729684 0.015518591116119062
0.57085881273585992 0.00038959351596806752 0.015677601777434748
0.57235363870226097 0.00043498364220942687 0.015715584783490021
0.57354574264638536 0.00042142767649215368 0.015806191406308789
0.57407618389110293 0.00043221157361044354 0.015747934648345927
0.57556256058617317 0.00044705502505316611 0.015766099147104626
0.57580274361890493 0.00044814182315081497 0.015867099203088122
0.57787132266696206 0.00044159218262464813 0.015845040047779362
0.57798171414771427 0.00041187750352850887 0.01578956772543056
0.57951420826477384 0.00040580849381841863 0.015916465186115898
0.58131811428230851 0.00041382564756500047 0.015992643811590317
0.58205484757596482 0.00041799235506705096 0.016129055456238557
0.58272117825522862 0.0004238548696026317 0.016148714364073693
0.58422382619681978 0.00041724539809701033 0.016208761212729163
0.58557058185478261 0.0004348859018858841 0.01632584452847375
0.58588044195729838 0.0004321920566709407 0.016279528513816435
0.58722646563482594 0.00044085460488969006 0.016382169752003448
0.58950715970019407 0.00043351298831939756 0.016487240994824681
0.58974397772556697 0.00044288924723452004 0.016569851792442265
0.59053667980109081 0.00046906560978655562 0.016487750444152429
0.59253072380079697 0.00042996983045686451 0.01651170245719584
0.59332283407870268 0.00042144135390144899 0.016584851577002641
0.59415542958513223 0.00043150007656346924 0.01656157762084037
0.59546361492512101 0.00042805199405698238 0.016511348953082414
0.59643044814125634 0.00044763588265760656 0.016494390890492452
0.5987408199041705 0.00043946569873670792 0.016493867355267772
0.59890948497810459 0.00043729917005529606 0.016541590644785647
0.59982100433029129 0.00044060145193673071 0.016462735016771993
0.60200849246678101 0.0004618710624435327 0.016476400231950145
0.60248405143488482 0.00045444223492640016 0.016471292982717319
0.60370894269545972 0.00042161699312853507 0.016458779018044895
0.60376643616579106 0.00045719821696152987 0.016424103488835242
0.60472928085340305 0.00048217745134453957 0.016553019056241194
0.60600230973643121 0.00041015039834634145 0.016639829898627091
0.60835534683391423 0.00041918449014975712 0.016751624758243801
0.60898761128381684 0.00045238537784973856 0.016780752273596967
0.609803694619521 0.0004708436725183485 0.016810289484297435
0.61091102194021774 0.00044238506916560179 0.016978561329819546
0.6120719568654317 0.00047232498033787169 0.017043250769518695
0.61349954291536324 0.00045533330486427834 0.017066398862050757
0.61418846836457175 0.00044854569028183929 0.017200739129122528
0.6153770010701799 0.00046135049673986936 0.017247328774479244
0.61634887221375811 0.00042414476560056694 0.017282660131738615
0.61742704516470337 0.00044253130381219661 0.017348353644337178
0.61866565651348415 0.00044737606725594168 0.017318375227479532
0.62012169117702309 0.00046334474696570367 0.017433979253976564
0.6207696385605439 0.00052492211168778829 0.01733694808572582
0.6224540261544742 0.00045754034304097224 0.017435367094341122
0.62324368786083384 0.00049673957757800371 0.017509208134463623
0.62402223399893453 0.00045371646439919591 0.017707106251650014
0.62610910159747157 0.00048505900138815086 0.017762524283522377
0.62658072450199209 0.00045753147446258674 0.017798183999647062
0.6267425808572249 0.00047746425244987967 0.01776963627411364
0.6292609181890555 0.00046592607422055562 0.017774934641483164
0.62919252403008707 0.00050215950331793417 0.017737833636136562
0.63095074205383694 0.00052023286766279678 0.017880621581618187
0.63179255479641483 0.00047992960452931607 0.017964965693728699
0.63273014059372645 0.00045554012703018129 0.018026922481403002
0.63473158409047525 0.00043509783835950726 0.018061099476178351
0.63552963937505802 0.00045771698487145261 0.018164513801739567
0.63705535052257356 0.00050581769939869357 0.018228966221986536
0.63718369352897475 0.0004869483882984224 0.018233266466291316
0.638974191437233 0.00047398041971405993 0.018286272378901899
0.6386937549479248 0.00048056855892753832 0.018143257877956648
0.64053399778983144 0.00052888692337839957 0.018240081031646541
0.64148552796578839 0.00046468070792709848 0.018257146653492658
0.64266725469158503 0.00043344050956937319 0.018389817533567512
0.64383404159236624 0.00050164313534637817 0.018367997595322334
0.64609545539295776 0.00046033620309354095 0.018568363206957348
0.64629539062195762 0.0004437931326020706 0.018575385771070582
0.64710161948606415 0.00049782393014906323 0.018592086377864379
0.64900410908588957 0.00047557575458020062 0.018686414749814407
0.6503336885522919 0.00045794893048329682 0.018711661753412826
0.65123960122892943 0.00044726156342857459 0.018857291038108296
0.65159485086157709 0.000459277820993725 0.018840900561226604
0.65324024345922682 0.00049385014924104855 0.018968980345480117
0.65398847278725425 0.00050154206966396102 0.019029647350495893
0.65517425680422392 0.00045462967754371125 0.01899753947812963
0.65554742329769178 0.00045764436099961318 0.019012917114425664
0.65725976266175978 0.00050453702484117176 0.019084975252404976
0.65904186761256189 0.00047937306375037949 0.019237323577743059
0.65927984233382098 0.0005168210719595697 0.01936700974502395
0.6612165797290438 0.00049369231918043751 0.019451113693264396
0.66228171881578735 0.0004648577675584299 0.019595325142861421
0.66257650697463777 0.00047755247907002693 0.019595709389629755
0.6635885036207283 0.00045974815209206567 0.019753243776388631
0.66593485174297429 0.00048810876448222059 0.019949094597769185
0.66576963802269806 0.00050828868955317148 0.020096630447104795
0.66726881870965071 0.00052836155938050327 0.020247439525944395
0.669084621576994 0.00055413395149400463 0.020312880317817934
0.66900689913797551 0.00046356571380160727 0.020227018771937468
0.67015291526107745 0.00044638481949871599 0.020289979533282643
0.67121447409250246 0.00052036313494346822 0.020554422465939234
0.67277355352861878 0.00053143928839186852 0.02068407043008743
0.6749276618344946 0.00050603107391708783 0.020807578917925326
0.67505707761037559 0.00044602866831941322 0.020829315701422768
0.67532498775086569 0.00052346178737427062 0.02100817994875261
0.67763251470004637 0.00052869628306723756 0.021052623278992745
0.67849848869972196 0.00050289307472633842 0.021137438238913286
0.67989648912017542 0.00051449019604625089 0.021293404299970502
0.68021790833366913 0.00051097690593152653 0.021448085050897531
0.68162037559417965 0.00047242236059320586 0.02148544986983978
0.68287847216862174 0.00046342118607232887 0.021561155376323062
0.68269534742473015 0.00052258925166746753 0.021632153193588813
0.68512992137495943 0.00056243066497297636 0.02179044826085377
0.68597890197128852 0.00049882691730653624 0.021906798633613819
0.6864959469162768 0.0005407525401886535 0.021967288462159808
0.68744636878599041 0.0005304045717870314 0.021989943522965114
0.69012632374366689 0.00050767613334595416 0.022167034679386407
0.69123049528199898 0.00049469343156957851 0.02224517966617643
0.69134513745447468 0.00050698160825358432 0.022319542063243988
0.69261942059597537 0.00053434189907387332 0.022299687981435633
0.69350892499974581 0.00054712014049598909 0.022414895076376073
0.69393321566744315 0.00056238931300861344 0.022468691024942436
0.69569250746539357 0.00055081394076274129 0.022443162565390487
0.69725363035677901 0.00053091319997957353 0.02251978691607676
0.69789029534200409 0.0005564871830948825 0.022503261981209482
0.69905061657454115 0.00052459183066651965 0.022561384847363662
0.69967857228321273 0.00050609532757558604 0.02267824273953499
0.70063281359828233 0.00057341720302766087 0.022663971365230975
0.70267392327429956 0.00052992625513441057 0.022687588218947466
0.70365100353490551 0.00055102383067863524 0.022777163003741649
0.70451760060722879 0.00049760664822522398 0.022809491948581777
0.70598911152767607 0.00058384258513289418 0.022903714512902303
0.70636787273575219 0.00054739543980536856 0.02308255034729817
0.70814498090985811 0.00055792690012214949 0.023195921451617082
0.70821377859608048 0.0006178514178298085 0.023225878607659692
0.71072789279736892 0.00058331429445026412 0.023401729388865439
0.71081923780960643 0.00052649120242994035 0.023460081687695478
0.71168024268837304 0.0005635412063220806 0.023499161212147398
0.71276671733772246 0.00052571279280901127 0.023637063921900254
0.71454172519754133 0.00051623023109407498 0.023705149107301218
0.71620400813832263 0.00053639374977440047 0.023926215319619741
0.71586916931908684 0.00058007905619228319 0.023869490702431887
0.71688974743053047 0.00054569057227922492 0.023878337554433922
0.7189816582813302 0.00059779309216738559 0.023905077783695595
0.72060842432779015 0.00056419586888666366 0.023957171150378917
0.72080327038957992 0.00058738765187052509 0.023986883760763519
0.72227988804147103 0.00056511618801503003 0.024018975505953277
0.72283465324096119 0.00054103600150647013 0.024116358606719884
0.72440834327818526 0.00057402707268449597 0.024241435497165498
0.72535440302819787 0.00055861705682076377 0.024140796691472993
0.72636074425891639 0.00059299159461093987 0.024103777300483201
0.72798017752954813 0.0005365331594845515 0.024302046966540834
0.72873159480755922 0.00060279150086157919 0.024320666147265038
0.72984095955608841 0.00054361737861380939 0.024297479774384342
0.73098679398842981 0.00059176764058804549 0.024421261363317483
0.73194331240942978 0.00058787646093744845 0.0243486955671414
0.73199150200634377 0.000594178453706585 0.024248536724781129
0.7356038260426343 0.00057340447278975072 0.024500553308393808
0.73490099360599492 0.00060402168497577168 0.024660381179762998
0.73608832973363325 0.00058692738343482035 0.024821195790292933
0.73635328810932232 0.00058220118427067431 0.024829449504923044
0.73834494608523471 0.00062847776607475529 0.024889554502116534
0.73930918308329352 0.00057323017167277006 0.025040515521426557
0.74052754227685091 0.00059418311525269668 0.025200360045408023
0.74118675697131353 0.00058714421459366646 0.025226647962985294
0.74192821512949025 0.00055746852265332338 0.025328921791290007
0.7429197202753719 0.00059000361256052885 0.025358373471746146
0.7439739408856747 0.00055269902403394619 0.025388296064929941
0.7461156745381613 0.00062301770280411039 0.025623898632909245
0.74636151940920081 0.00057731417767374388 0.025768267238195988
0.74739193663252468 0.00061389484346892603 0.025775914481493762
0.74865854108461349 0.00069253799720771529 0.025946071875326351
0.7505934914986907 0.00060051558435196453 0.026153657998661761
0.75086290101426367 0.00058903527674573366 0.026135923181779475
0.7520770121993352 0.00058336428882467095 0.026252923835620577
0.75272219789307404 0.00057757228614317528 0.026280753118370248
0.75400202378179459 0.00061118176919351002 0.026451750500292453
0.75505804231745066 0.00063965665373670263 0.026521795854936425
0.75565349637850687 0.00061310571336079683 0.026705143932828204
0.7571874572760684 0.0006076039845733126 0.026873935774769511
0.75719720705809046 0.00059980872096934961 0.026977064995146367
0.75735457150878849 0.00057904758941621924 0.027044311180352235
0.7606115947617843 0.00055498001275430461 0.027300070547416257
0.76098468788837792 0.0006048579349218025 0.027426163343027266
0.76256344673089704 0.00060360945766059189 0.027670708434645863
0.76455058949067778 0.00061029759488780339 0.027699278185318622
0.76517340932724953 0.00059788420583620867 0.027768163676187139
0.76563137058136843 0.00059282058536107882 0.027942691982890306
0.76561875104371935 0.00057623599713608066 0.027855353770296645
0.76687756233242133 0.00058655659083242878 0.028056769181718462
0.76872559233645488 0.0006522713247113604 0.028222028379038061
0.76972145073217646 0.00061911338589888405 0.028146087354307354
0.76931303951845142 0.00066696552653945553 0.028100972570280672
0.77093088767471962 0.00065709713732211412 0.028028586427532698
0.77212680199894224 0.0006369801484432593 0.028173143116990269
0.77252968982168035 0.00058876361523265905 0.028337741636714622
0.77447579210379491 0.00064369227772378447 0.028310632046290671
0.77581137953500945 0.00065308012544086213 0.02844231269505592
0.77535474266306215 0.00063145775831490272 0.028411936971853249
0.77839676563630322 0.00071039100510170454 0.028496033424732579
0.77890268145035924 0.00066813567470211496 0.028624067164352878
0.77958171373091234 0.00065751589962027759 0.028779342637044819
0.78030195826221516 0.00064774343772337306 0.028925174997777289
0.78125559758077023 0.00064547225078978848 0.029115091777618462
0.78286103186399858 0.00060690339326561343 0.029143982442140809
0.78390876730272163 0.00064537907485533782 0.029378208065681404
0.7842786225348094 0.0006317314031596288 0.029298706071777928
0.78655619222278439 0.00065122347927273742 0.029370067798055208
0.78652582422185024 0.00059609864745145582 0.029167630786157275
0.78785751816764227 0.00057851868683225685 0.029215710147655265
0.78896765439656302 0.00067119235471368522 0.029344420958287785
0.78893773399974298 0.00064535278924749469 0.029214256814024578
0.79092825306326375 0.00064236303116122027 0.029528462600728566
0.79203523096107264 0.00064528268269970304 0.029601693310828174
0.79311051373636199 0.00062694125902632155 0.029401412563888878
0.79385343747740678 0.00069668459301349577 0.029206303992940542
0.79427181348770337 0.00064865775527435301 0.029118995438758909
0.79666122261308714 0.00066983867741219152 0.029194707600380131
0.79647282482856896 0.00067307469118518955 0.029227305673938733
0.79733118144760429 0.00061448210820021589 0.029310956745402461
0.79708744641008589 0.00066560203410770532 0.029564705363473432
0.80017922343350645 0.00064083624990412744 0.029722895454394865
0.80096228110698353 0.00064330567950220607 0.029789848286655041
0.80267860602755592 0.00072944686484327601 0.029935160041506544
0.80428337037920761 0.00065464035890647914 0.029955582833884789
0.80484922451484875 0.00070183982595438768 0.029825753365074547
0.80474353850277069 0.000670814480496435 0.029763174577706889
0.80711648368908961 0.00066556593013143847 0.029769547648431
0.8081173153967397 0.00067957724739452295 0.029684792896336399
0.80844497351363498 0.00074282373799976328 0.029800767864128937
0.80837275551412702 0.00067788356677252973 0.029835070839667785
0.81143788421814689 0.0006135827544177777 0.030289560810074643
0.81166328206324079 0.00066704326105432538 0.030190015457435763
0.81205550614143196 0.00073246299539397191 0.030218037025970548
0.81380980176294104 0.00069136588695433202 0.030498594705606587
0.81427383731791392 0.0006549607034009408 0.030521152992562275
0.81491269020316737 0.00069555920749259656 0.030631971086522936
0.81609003854485207 0.00063751400677310242 0.030615108488805835
0.81800002847442133 0.00065014609832561652 0.030779569044333023
0.81949890123195801 0.0007612550640433293 0.030866046582434952
0.81905163919980983 0.00063323422533743034 0.030965629492938754
0.82052666759456938 0.00068134918894977438 0.031103973150731563
0.821350499411031 0.00064401878666388757 0.031369216103497133
0.82308698809962033 0.00070220371797911332 0.031360507717673305
0.82417051635408745 0.0007332249780697093 0.031301187776498131
0.82364792850886226 0.00071995038797691428 0.031160986098086284
0.82553205803868723 0.0006972480586405613 0.030984204135191113
0.8278395432568405 0.00074006625085945652 0.030931144778463957
0.82742620817383272 0.0006835030312478857 0.030850622351564685
0.82905441455414808 0.00064823074482716118 0.030902457599391364
0.83033638476811533 0.00072584519227825433 0.030931489315361941
0.83096498311479927 0.00075970906825041987 0.030849483674090135
0.83175534426841602 0.00072739226215657899 0.030798186471054336
0.83227831709376832 0.00069608336946874077 0.030895667002608176
0.83502721134299518 0.00074846790967658889 0.030997763419500453
0.83458784866830005 0.00070973258671652858 0.03070224344949413
0.83704002467417238 0.00077530991501869977 0.030780108889477697
0.83669528950594541 0.00071850312274846602 0.030842093105225087
0.83912952025951693 0.00067777375423197885 0.031114853762229746
0.83896840794679262 0.00075162056674940949 0.031038915903101334
0.8404302967910865 0.00070262891508626323 0.031202443757423835
0.84173294533204457 0.00068540953154246683 0.031194147291800655
0.84330608724306466 0.00070341436581075243 0.031350721797665057
0.84359426627304757 0.0007328661466365113 0.031324105916576986
0.84409539579910764 0.00070958221753065511 0.031593836807080743
0.84541176249820638 0.00077778454410827233 0.031628874363149984
0.84663743351007004 0.00068768192771641236 0.031892215945193716
0.8467314524833538 0.0006812069251763579 0.03192686316350276
0.84793560015775193 0.00073626628531496552 0.032229331907491984
0.85003229430947203 0.0007844995947410442 0.032242602144688187
0.84976925846056317 0.00072160201784679729 0.032175025446976528
0.85066517447095524 0.00076421646869806123 0.032297710012502284
0.85205572575791932 0.00076273156657625542 0.032315762583798556
0.85315619422841882 0.00077796358176685019 0.032322001785189576
0.85654076132827917 0.00072682754815604181 0.032467679770822329
0.85552652190437328 0.00074841850351134464 0.032544264783671673
0.85479606443254108 0.00078404474365750397 0.032360198812465692
0.85649295846105 0.00074268032847054711 0.032325761514021938
0.85893266340332275 0.00073796678753283121 0.032381264518427301
0.86088871740367667 0.00079381521680074588 0.032578199457693233
0.86104687149779979 0.00075095597880674094 0.03265162786980131
0.86118392105463115 0.00075746507295292205 0.03277261978612013
0.86241063902191839 0.00068376731937159281 0.032695540553765022
0.8637161282829976 0.00073934028094325228 0.032730127712099696
0.86585776697926398 0.00073466978091010846 0.032940312480259255
0.86465485665241493 0.0007717262324935095 0.032935429875323045
0.86683197357147279 0.00076831927582816256 0.032990776497383391
0.86813887156070668 0.00078992268178260648 0.032982513657729057
0.86778870949090237 0.00071995722757585098 0.032984605944442719
0.86992332008087969 0.00078856164979909974 0.033112469040111538
0.87123575862463276 0.0007690672508804551 0.033153858977720364
0.87179198957826398 0.00071592279250142562 0.033110802390077722
0.87244329014729582 0.00079674133256022828 0.03320768192653048
0.87421373040037476 0.00077012531164522599 0.033200143565638725
0.87494420130170658 0.00074144194063083724 0.033387581143835714
0.87663599179309182 0.00070496362953524595 0.033642007686837699
0.87630905077793597 0.00079644460657909305 0.033487208069480794
0.87781861449299181 0.00079216986440833561 0.033538974531981548
0.87800993140591821 0.00074199582469695988 0.033528307490659451
0.88052859599654465 0.00082318117810086238 0.033834940183071378
0.87983473008962476 0.00087163610187997414 0.033968828709662197
0.88108880650885979 0.00078603554635971325 0.03415880064949782
0.88397375412408408 0.00085161020513966615 0.034404511211875481
0.88497746464475779 0.00080558380098795144 0.034635787382829394
0.88414749252794367 0.00071315125744080465 0.034580241384744824
0.88646479509818343 0.00079685950566512622 0.034822321403698737
0.88645210059840518 0.00080860637417632384 0.035178609616785143
0.88792901966711613 0.00082747542549547364 0.035295237250532352
0.88824670307283204 0.00076215648928306182 0.035340615906123009
0.88984218251221459 0.00085656676593383243 0.035147679184003147
0.89043670848949752 0.00081176091423075666 0.035033704939185797
0.89141596675076706 0.00085774219877474047 0.035365563348321999
0.89242124921214938 0.00076524892673531474 0.035526587142182479
0.8927307265144635 0.00082877155174751569 0.035388920895752032
0.8947583348937207 0.00084515580968293918 0.035372434424983216
0.89677493353755033 0.0008870383199614312 0.035793718347272616
0.89772327443749433 0.00087684616343508331 0.035575227407249665
0.89843867399469612 0.00087793505844643881 0.035853446962545235
0.89888408570651612 0.00085609520656113264 0.035844490184874359
0.90073086667618252 0.00081943167498637855 0.035593992156254618
0.90186436159690875 0.00090069418112828593 0.03555999403704023
0.90306095727406277 0.00083008350143316345 0.035691761671662443
0.90289676664754137 0.00095775571135067099 0.035500559160009784
0.90483844214688924 0.00085216037707424035 0.035542521700926186
0.90636726703839077 0.00089019699667767821 0.035707661742415256
0.90697974402363102 0.00087428574627994001 0.035785705271101094
0.9070073264725903 0.00083176174681154433 0.036203537144168685
0.90844389550242455 0.00090382396053417758 0.03604807740714177
0.90980616460546893 0.00081413468279208188 0.03608695030904998
0.9115298849702862 0.00093874120402017227 0.036208507617306929
0.91139689708502525 0.00087873329835352519 0.036377097257914631
0.91247155172382699 0.0009156526947034704 0.036527660544160817
0.91247651834427956 0.00087466884991834241 0.036560889273836723
0.91651486773356949 0.0008972602998091843 0.036812850489081367
0.91399663700114364 0.00085906085761644642 0.036791618920071864
0.91787420304122902 0.0008738597728793554 0.036682788268398055
0.91804589254776559 0.00088714895589551979 0.036674591361728237
0.91913781244205606 0.00086751114185587932 0.036811453898128711
0.91948487174135363 0.0009209243211462314 0.03668293546009245
0.92258840048040525 0.00088010766758861686 0.037044566896363734
0.92278543228262211 0.00083030544756047234 0.036934262890588335
0.92325406025546208 0.00091151631004799272 0.037061337115949361
0.92370729648488725 0.0010166443875430271 0.037345433900571698
0.92524663258159967 0.00090144659814209464 0.037484050353365939
0.92572253728712373 0.00090831598713092174 0.037713102417019813
0.92840761846964037 0.00078242657737764398 0.037839975700276071
0.92854477500225341 0.00097580639157100323 0.037604680517917606
0.92948580699082162 0.00094870446914168576 0.03787874382102157
0.9287907558292432 0.001006602449319867 0.037896597692823879
0.93235182437608333 0.00093048898813255943 0.038148493915617296
0.93108283611259413 0.00090400289287785932 0.038078291104544089
0.93380317551651937 0.00093369497180781455 0.038067224545929229
0.9349830788306831 0.00098053359706887829 0.037999290482699011
0.93709036058835427 0.00085950223193956646 0.038018517614578674
0.93647339357960968 0.00096869488945593141 0.037768573382482427
0.93783956797409573 0.00098179196672762425 0.037733522566694641
0.93973509605968453 0.00094844356601225929 0.037755070300872579
0.94116575771147304 0.0010465208818124122 0.038070574660661265
0.9410956959511515 0.00095148576070107501 0.037942527264172146
0.94106417599630066 0.00090708461183079561 0.038091222455891194
0.94418568108990331 0.00096868112666573724 0.03834551683522567
0.94399773904619577 0.00099476988626701242 0.038171705857961466
0.94526612600865356 0.00095137126062347626 0.038386660698395997
0.94670411646084551 0.0010367195138425672 0.038405070334591687
0.94686285172125229 0.00091236728195576969 0.038533591667067192
0.94719067695837822 0.00092466985869264307 0.038602555478932772
0.94992438809355817 0.00092801860061861958 0.038835397262736382
0.95044507047463822 0.00092929642975640258 0.038981670285157144
0.95168270353399642 0.00095010478557726059 0.03903139426996384
0.9531630497538961 0.00089729183691014496 0.039165773699545811
0.95306437674848243 0.00092847869160921092 0.039360322477521748
0.95369729730459529 0.0010473381063730437 0.039539388513123726
0.95606135228190048 0.00091286405947697672 0.039524465280591101
0.95603527030759261 0.00092905751319021781 0.039595560334727005
0.95721229421599285 0.00097092402742303906 0.039611661657267025
0.95752790187737846 0.00098369188565831781 0.040066424998000061
0.96062697415860976 0.00096032026545831675 0.040490678810744869
0.96186752737195857 0.0010770435664232271 0.040756037370822812
0.96260492548971754 0.00093110429415362993 0.040766481106499074
0.96388967628998068 0.00099221434319567191 0.041041085890815794
0.96406725038851426 0.0010740509071612916 0.040905925253743543
0.96656643550046939 0.0010782264899627115 0.040997202454697866
0.96567618684543555 0.0010404571036544854 0.040645539305941433
0.96761049909054608 0.00098436654626724192 0.040756396187865328
0.96927234845656352 0.0010469607991514494 0.040844432306101602
0.97088078973606606 0.0010814751846260396 0.040829807890904436
0.97147701251995133 0.001069314900402528 0.040948498542829573
0.97394502332783051 0.00095113145358345587 0.041103527825525905
0.97312266463477726 0.0010307650937239914 0.041117581565947178
0.97327427040350911 0.0008880202921861094 0.041125002303898928
0.97299418248846892 0.00095523833500050289 0.041259363480599547
0.97605115651289309 0.0010481544785741054 0.041149383646470729
0.97528371366762612 0.0010122940234368284 0.041184148770678206
0.97801648013667963 0.0010856999404199998 0.040947283814078562
0.97934327866105098 0.0009918814340532532 0.041054926564132663
0.97961358129259313 0.0011259994552453728 0.041148958428798246
0.98058880518959624 0.00098624220311924822 0.041069613750591337
0.98286502858029257 0.0010037640609817757 0.041600914661562266
0.9864169169051209 0.0010658585103508415 0.041771564964669446
0.98403489587217341 0.0011302420053318804 0.041665631032926094
0.98640649224908394 0.0011011212892237509 0.041984083444194069
0.98521484155109973 0.0010170182037531846 0.042109029519038998
0.9877573893132362 0.0010119701483763627 0.042205816406560279
0.98918459715999951 0.0010246437836493659 0.042341461488387945
0.99060607329798589 0.001084363181656337 0.04215374352565935
0.99169848937325344 0.0010054596236500118 0.042525527038057322
0.99233573729524105 0.0010839251383054345 0.042986821282588981
0.99341684213397963 0.0011078850079597666 0.042981429944559557
0.99321976101908171 0.001029004527116214 0.042895246305059295
0.99667920292508283 0.0009415123490221065 0.043068148803041169
0.99581916612628052 0.001048806475522208 0.043430438306063135
0.99989370945163314 0.0011076174107705595 0.043549223165024444
0.99870144943946226 0.00099875379731841941 0.044014607821886265
0.99769636703326126 0.001145753350743775 0.043976155588799207
1.0005427049062376 0.0010316664803830878 0.044212738613762931
1.0024657175853451 0.0011069478740061052 0.044211528501276888
1.0021313978353297 0.0010812130065816436 0.044232858209615582
1.0032636398772476 0.0010524555229302361 0.044168601766885168
1.0045548486931763 0.0010136141831556783 0.0441045610368134
1.0057600578866852 0.0010523653609583511 0.043921604695239438
1.0062635509866136 0.0010136197028692302 0.044376317562408236
1.0064160385012157 0.0010384849000021621 0.044588823381064305
1.0083482448252785 0.0011185058284306801 0.044587156265099709
1.0100063989162316 0.0010447115773043665 0.044821622821838776
1.0107321360392434 0.0011574957121240907 0.045213076898279997
1.0111407909560202 0.0011307489555449763 0.04520622630752634
1.0135350308292708 0.0010797276234088961 0.045569178092197758
1.013110674380771 0.0011206136954257108 0.046020751760008111
1.01329548552892 0.0010827413168221932 0.046435587770396594
1.0159994150521545 0.001004826478184985 0.046976459246383495
1.017477186567521 0.0011645830876165779 0.046964372611535764
1.0170956840086203 0.0011070308204495414 0.046856340941512399
1.0194973707251578 0.0010123919733731213 0.047288805529550219
1.0194060644898801 0.0011677081986133011 0.047387653956224844
1.0225152280531018 0.0011248630107652173 0.047502427155768051
1.0199248855488772 0.0010784195420426522 0.047275136229419819
1.0224664476122729 0.0011230057353780656 0.047478160209447513
1.0222259286977087 0.0011130881778671537 0.047617098545802455
1.0242964479464083 0.0011527028420360724 0.047945648813596517
1.0248270723946487 0.0010585073981200196 0.048071554252961231
1.0258074245664339 0.0010768520827333845 0.047891670735378915
1.0255323908780487 0.0010813663265607674 0.047795588604164392
1.0277513141751615 0.0010346676943525975 0.048261283020680765
1.0300725739497529 0.0011326507732484622 0.048717038963588137
1.0310074539034231 0.001136235646527908 0.048884366498908899
1.0314328589396582 0.0012516941374207595 0.049012569443099993
1.0318787999679633 0.001063318498911377 0.048933491027481096
1.0337601984197091 0.0010413245734949919 0.049132741151973913
1.0342251783298888 0.0011586230961029053 0.049403234098305868
1.0357084434790045 0.0011232363701057237 0.049516478219526532
1.0349528926973894 0.0010878398229267031 0.049530907048663829
1.036359184691694 0.0011220327067851526 0.049812628392989097
1.038062062578063 0.0011557413154252231 0.05007643129906858
1.0402379391726941 0.0010542663406319845 0.050199306787391443
1.0396721624004603 0.001169247139369839 0.050126307030461968
1.0421045346192923 0.0011667177069824054 0.050408742498765285
1.0409574359995333 0.0010976382408209378 0.050386774911227568
1.044702590891033 0.0011609147265367519 0.050335584905836124
1.0446166846253693 0.0011149638843579812 0.050597074719506384
1.0457412159976478 0.0011541165995173754 0.050619457616902834
1.0437209753126433 0.0011128647189875647 0.050626508441651105
1.0441301245388466 0.0010929549644475294 0.050866622628524261
1.0449936193292244 0.0011616560260325917 0.050848127559704207
1.0479620999245476 0.0010903602651636307 0.051009291716231336
1.0451514133165525 0.0011944259238759424 0.051476204979684081
1.0486277485241418 0.0011429456302258761 0.052277103117224659
1.0509161302540666 0.0010228889485338318 0.052191895593046836
1.0536875933576948 0.0011517871282262296 0.052691030914508129
1.0519254180901478 0.0010829832146486489 0.052499509035631366
1.0517201710549611 0.001145066574946607 0.05246487333719406
1.0527051383197923 0.0011575500864478129 0.052919592800541961
1.0546791278383452 0.0011851527210672416 0.053408560299229413
1.0560711462997439 0.001087357920620467 0.053810955694248361
1.0577346758669941 0.0012776893994083172 0.054339604610371302
1.0568850230367226 0.0011473254769097181 0.054269327435174056
1.0599568208358527 0.0011370563434433439 0.054686357938928773
1.0569468489907872 0.001133270309692232 0.054570872169457607
1.0607948920735744 0.0012629742464274666 0.054379576983685514
1.0594301361573735 0.0011819888887394741 0.054970465356188672
1.0624242339211052 0.0011874579946827763 0.055423427626160648
1.0592227684048974 0.0012306184309595792 0.055482061259560483
1.0622517194039141 0.0013137051184009747 0.055637274309647031
1.0637721158571196 0.0011437077049686818 0.055435176623106125
1.0627074531379652 0.0011226444346412855 0.055644167723849815
1.0634890465806102 0.0011451462845753497 0.055676970468864252
1.0646007911057211 0.0012635791398290528 0.055833962371368916
1.064521737289245 0.0011587913214025848 0.055921667557007233
1.0660471541883849 0.001263391346449913 0.056413837072952014
1.0659991625289196 0.0012023341761741458 0.056349695896128427
1.0643718600498333 0.001113024351535619 0.056311653286219225
1.0682165958195737 0.0011756357793749792 0.056568360016365345
1.0673449219172508 0.0011415908336045221 0.056497875006790085
1.0674330435518242 0.00123655470398759 0.056307306730916211
1.068613984399297 0.0012401403889385641 0.056296342336904726
1.0736823231572219 0.001288736045976524 0.056797950604871764
1.072729794599913 0.0013051240643219112 0.05662036449767785
1.0727093531466338 0.0011206562433083269 0.056495141632735064
1.0733991950097299 0.0013656593649213232 0.056718559558225579
1.0744771843468384 0.0012548045783037996 0.057046102556929497
1.073705246758732 0.0012510534906845063 0.05718181342312631
1.0755249012453796 0.0013402064881717277 0.057207104465730907
1.0775547704384156 0.0012701417125686417 0.057217209889712559
1.0778625030542266 0.0012501836183435951 0.057188822364931266
1.0803776887571468 0.0013882986610104211 0.057317094515809776
1.0808220675162448 0.0012385785530544477 0.057531402200658409
1.0806250918508793 0.0012991973919192371 0.057606863607222725
1.0822962562691059 0.0012118995763777186 0.057631404306345689
1.0819319224390855 0.0014040131227729808 0.058094973505683739
1.0832612750502426 0.00123152376933613 0.057910394461395488
1.0851712836935619 0.001441787313337712 0.058262823454661092
1.0858029392194102 0.0013622149930064887 0.058765096048711739
1.0856082443298258 0.0012955047453541229 0.058769682437031227
1.0857772959196335 0.0013014462141536674 0.059246542207288463
1.0862675017149948 0.0013542506479320405 0.05956857127036129
1.0896217095792755 0.0013080614083626659 0.059507240323121234
1.0892562631740885 0.0012789660269220638 0.05951281452770267
1.0922522896430966 0.0013496438609984316 0.059815841066052255
1.0920027307363782 0.0013113594573104072 0.060139336507481655
1.0930300790172331 0.0013067931911357961 0.060584490886426451
1.0931292940745989 0.0013627166665936077 0.061236588872919044
1.0942441833306134 0.001337204734649171 0.061557599906028972
1.0941699919881489 0.0012943900033208818 0.061491487898384913
1.0968025822453185 0.0013172909327063584 0.061363254248605323
1.0943628543141475 0.0013249141087532741 0.06222942959125162
1.0985822100684746 0.0013414790354518648 0.062686779858580982
1.0990506433100666 0.0013628728148108024 0.062820041410462199
1.0996305502430752 0.0013159883630480351 0.06280169207807898
1.0998703469688544 0.0013602969186657641 0.062870440503830061
1.1006154493894431 0.0013681882040493751 0.062873532077724545
1.1017487948344624 0.001285897123685374 0.063103146818106193
1.1013491963310786 0.0012161036410243014 0.063054808432772044
1.1033760852695613 0.0012787277453688755 0.063142382184499204
1.1032861258092745 0.0013191066888067081 0.063028200779193938
1.1047656572002165 0.0012691870487588216 0.06369340402668007
1.1045357036827075 0.0013736236912543346 0.063665137855769341
1.1067933870446751 0.0013531913820720098 0.064244573201572647
1.1052359949631121 0.0013349113142836959 0.064106007472911966
1.1055050722840574 0.0015131379959390761 0.064418046425275252
1.1079753258350418 0.0013035878425594072 0.064749175312068169
1.1096177800708469 0.0013275878819277865 0.065436579816547685
1.1087955889128078 0.0013973758226993544 0.065515887431431219
1.1130520156796067 0.00142296814845499 0.06549345289394029
1.1137822602762046 0.0013194335257635306 0.065860575474063085
1.1131238420666509 0.0013820313914320818 0.065983356332136131
1.1143314304421024 0.0014424297984014683 0.06606594081781994
1.1130011072253778 0.0013142328035417648 0.066137702587256139
1.114193147774067 0.0013597355686525926 0.066332559599827715
1.1150813506590662 0.0014554689920594302 0.066340294749680048
1.1153252504074409 0.001376709506035129 0.06627459748021429
1.1180612407077677 0.001377475108991203 0.066820270516560823
1.1171725848284586 0.0013768301094818588 0.066971020539162526
1.1163721710907244 0.0014379774912657223 0.067504294052178171
1.1177474383948238 0.0013647249206175068 0.067436551884368395
1.1188051640436647 0.0014795765925277632 0.067517321221331403
1.1215178636881837 0.0014825810278395145 0.068099051353159676
1.1240196125065427 0.001309801634113663 0.068456029362193707
1.1225852963508036 0.0013518451335237903 0.068284203521280715
1.1207181992218733 0.0013095008217763489 0.068000795590073354
1.1232222020744882 0.001399503590806581 0.068346455016927793
1.1252923482724884 0.0012508943138174128 0.069360262575773365
1.1252112695975547 0.0014266057824020965 0.069522198772144023
1.1243297060580784 0.001441007805772926 0.069462688745343698
1.1254222815387764 0.001518243653769552 0.069882357237364537
1.1287347210738841 0.0016347314152496187 0.070011904165605626
1.1265015420166742 0.0014584135326823496 0.069917123801161066
1.1290572372706686 0.0014609400480750101 0.070256971838239132
1.1300944667634121 0.0015837706383861777 0.070543180283953816
1.1294768110544124 0.0014613071936832272 0.070738426196740534
1.1303651481643198 0.0015110582947488306 0.070881476075083147
1.1306750594897694 0.0015373523487663659 0.070993662350203893
1.1308644703158426 0.0014752216805005054 0.070899749814885005
1.1329540386485479 0.0014360960117463734 0.07063075444546181
1.1340254147980984 0.0015684445099604029 0.071085015182895506
1.1367848276799568 0.0014603916688584232 0.07155249184680644
1.1336177133711476 0.0015086868582691506 0.071406886433615285
1.1370091073380941 0.0013897353970179856 0.071362427649072718
1.1372906637390396 0.0015085607377113446 0.071658538355434898
1.1366565641975885 0.0014657635762781065 0.071302575583263028
1.1369271947264972 0.001507625178749115 0.07112600763961574
1.1384742786772428 0.0014796022358062003 0.071006129899685758
1.1389212206252566 0.0014412768092154887 0.070722992559221723
1.1389892515870768 0.001553694347230505 0.070866394475268463
1.140795701760549 0.0014863472777432653 0.071303693695872222
1.1420196381171197 0.0014161144716337167 0.071302492511288326
1.139315101560983 0.0014322319508111305 0.071496158320295988
1.142620100477012 0.0016183221577869668 0.071924999129081305
1.1413156845260459 0.0014516386263755932 0.072136186071469613
1.1444963140368229 0.0014773058787123515 0.073014112973902187
1.1443634900167861 0.0014861801858055141 0.073150837695351412
1.1446231755469869 0.0015793027876252251 0.073231539155008213
1.1460216838808763 0.0015051496129037608 0.073362469485828155
1.1440292872200042 0.00150860789464625 0.073363133325974703
1.147894690477403 0.0014758884650130694 0.073906860529970184
1.1468279773937129 0.0015218553701137462 0.074091249676321289
1.1491683225902676 0.0016470739045023549 0.073958414397934838
1.14898606031328 0.0016567425550725002 0.074130391377371943
1.150909847065587 0.0014944050590477154 0.074493560052938307
1.1489793716546584 0.0014563799707642323 0.075107968873744407
1.1501769487645621 0.0015581382146263247 0.075823183714900474
1.1511589573317262 0.0015567405128625502 0.076212710599809483
1.1505911931203754 0.0015699725350056511 0.076698845121577944
1.1500203869316359 0.0016165973232187731 0.076392811787536166
1.153432214094281 0.0015460088519499589 0.077385807223708261
1.1529204012958998 0.0016112564506650516 0.077544841018823127
1.1535868321775864 0.0014897809876455404 0.077997008167078871
1.1526978577404026 0.0015569769278055423 0.077795665041872797
1.1558592494667106 0.001608360985963024 0.078280258057319529
1.1548674336744185 0.0015573165473382667 0.078177386020119352
1.1580989099229795 0.0016875174236095831 0.078607993889438899
1.1550269686183263 0.0015234184566754671 0.07903260450406005
1.1588854268287558 0.0016355818741494307 0.080142108613281374
1.1609236751284535 0.0016748230935189085 0.080520701735976266
1.1563556052073798 0.0017139472560629748 0.080391124828027655
1.1587634002369769 0.0016348234790241657 0.080356526972324954
1.1616976648300368 0.0016821851057332048 0.080838565765397885
1.1578798619861417 0.0015765005352341753 0.080540716698389983
1.1643873071625523 0.0015683611772990005 0.080808553151704182
1.1630899376715567 0.0015599800684587008 0.081163867739209652
1.1602304214893484 0.001740037202062445 0.081116721662149172
1.1650240303841255 0.0018349257489895666 0.081468166832120326
1.1614717706976505 0.0014744257145944445 0.08202931718105734
1.1627858822020813 0.0015804426435614375 0.081929633573351104
1.1630837677858783 0.0016950799427733682 0.082092638012312688
1.1650092244092984 0.0015972268192033766 0.081924098397058068
1.165419933239721 0.0017011591135988782 0.081753738774006574
1.1668975735973441 0.0017241581422812609 0.082132162902769187
1.1695504325056618 0.0016345769019184674 0.082404584072289136
1.1669193743012114 0.0017093090585498483 0.082139142472143073
1.1665926323990412 0.0016256379883132417 0.082276125157253729
1.1657566643509445 0.0016696402649208032 0.082096290102374056
1.1695951486651277 0.0019793003631393964 0.082381142539086752
1.1684443373406321 0.0017424330013140453 0.082471199013199353
1.170172183144716 0.0016150195468540415 0.082586420510681421
1.16982235142456 0.0017308842750072431 0.082677277643722361
1.1690026036789607 0.0016828130326232854 0.082212748096585367
1.1699103657327918 0.001878163482932223 0.082573880264865326
1.17019204192813 0.0017703258864791634 0.082733478701282892
1.1721604362601203 0.001772797615122971 0.083457659987560717
1.1718158919956299 0.0018081026130388155 0.083246460643652945
1.1733401302450228 0.0017550129905956799 0.083429833909741097
1.1754130039416866 0.0017633447808937492 0.083806341532340345
1.1749322736085048 0.0019157249360030792 0.083706908315200265
1.1735703056316271 0.001710771481521958 0.084600076260539045
1.1719129047179686 0.0017650301468505919 0.085268427352863732
1.1764497108516998 0.0019629682060254778 0.085637127737690374
1.1767278842713325 0.0019107320454087064 0.085626987561454912
1.1764086069512798 0.0017213652410609155 0.085693290397540645
1.1784704413127278 0.0018944961309055812 0.08586255384798952
1.1788465212925658 0.0017070457861851874 0.086197921007052467
1.1782218842904681 0.0018361240076548658 0.085912650260550838
1.1775060742129511 0.0018943129745006147 0.08597153460194179
1.1775799188568752 0.0018460563015024411 0.086955682381931521
1.1787857763554901 0.0018865493154436505 0.087721786692779219
1.1798776242494908 0.0017707046425151939 0.08883941768738414
1.1783207299046445 0.001677322194989083 0.089934492264660798
1.1806394557337183 0.0018363988239915542 0.089838028081982782
1.1779875108190325 0.0018868846175294763 0.090126192704380367
1.1790598747999019 0.0018783940018561925 0.090794693876198262
1.1841626071751448 0.0018831519945218659 0.091240899709120138
1.1828757680952189 0.0021035996082012748 0.091794251385251019
1.182532887928827 0.0019705032305336431 0.092457763467979084
1.1804211530763429 0.0017159668141861291 0.092731785372722378
1.1820934216997736 0.0019498644740804474 0.093545262921507444
1.1804865926249255 0.0019639537307944428 0.093036027324823828
1.184485666685831 0.0020942373872272196 0.094265167703684302
1.1861298126346822 0.0018094001216136617 0.094422819158962709
1.1827099813233075 0.0019954673799277237 0.09446390343352748
1.1880234108199146 0.0018303355042068523 0.095029423569810353
1.1882738841558875 0.002032318041599872 0.094955859806328174
1.1849392889589585 0.0019371457037599118 0.095282066186228448
1.1877111250900412 0.0020244916119562368 0.094850682216297749
1.1859140014525222 0.0020168755138627822 0.094846167964911743
1.1875645622566571 0.0019685337141061654 0.095556285855570591
1.1890854470000252 0.0020810164661911185 0.095749744621102598
1.1877024530473634 0.0019298521240730493 0.095582264082454446
1.1895027596616108 0.0018534958260705875 0.095864571236195809
1.1881890948339313 0.001995487958321085 0.095968049998100019
1.1902493493513226 0.0020665805470739718 0.096523934078674087
1.1911715554535944 0.0018423100594183856 0.096285654063863857
1.1918786883879171 0.00190344331527193 0.096734392704033098
1.190147155673307 0.0019817133887072742 0.097399113231901674
1.1900643539480402 0.0021378187576203173 0.098030531432749979
1.1929219035966434 0.0020155868602202203 0.09933634469047721
1.1931997261793066 0.0018804183829536632 0.099765708249279661
1.1866563989100238 0.0020030108642519772 0.099402915417738186
1.195242304890483 0.0020851540623308094 0.10030175750940221
1.1941947785082441 0.0020290439185001261 0.10065007723579585
1.1964242765617215 0.0019917749333444078 0.10143100398375447
1.1929699859927425 0.0020801758706963601 0.10059699791522572
1.1937821886625981 0.0021710936039304701 0.1004200362803149
1.1980145316312154 0.0021663022169383299 0.10172038932355676
1.1950246796524977 0.0021550714421286468 0.10233714049271414
1.1946865454101869 0.0020997949708232455 0.10319744571882924
1.1980524434024198 0.0020238379757138128 0.10433342304310965
1.1967926220154967 0.0020203906170581359 0.10466612814023721
1.1991916852962023 0.0020569700225933417 0.10535510761028742
1.199882056952621 0.0021963842564374373 0.1065936140622174
1.1984284339593971 0.0022312066462485593 0.10743500658261107
1.199818769131171 0.0023379086748434069 0.10781891964876776
1.1995066880515781 0.0021507701885292081 0.10811010133993425
1.2049378869844476 0.0021067101297284939 0.10898515745324458
1.2006513795175018 0.0021252302435690504 0.10858040980999698
1.2008720570548026 0.0022321036339548817 0.10849853831764204
1.2016167855112885 0.0021698654373285271 0.10919311223564031
1.2025799202048317 0.0022372185689456051 0.1101487364341351
1.2036375969392294 0.0021698500261143915 0.10989445227094252
1.2046936637386993 0.0022460683508951748 0.11112708679035772
1.2041512840295627 0.0022218780047589624 0.11138301408521789
1.2055272695223398 0.0021664131743475432 0.11238325452471735
1.2070356012443468 0.0021223583135496489 0.11287864573431902
1.2019983958003884 0.0020233867206566887 0.11172296274803437
1.2093894082447711 0.0022265162642593887 0.11295772869532478
1.2069488440686702 0.0021490013701877834 0.11286992008994814
1.2072691748824342 0.0023299529897460414 0.11368873414744185
1.2065882852068814 0.0021297363934872659 0.11347100945232781
1.2070628892006217 0.002341334362318633 0.11380465738220076
1.2086012469219549 0.0021174479106808339 0.11415144315785614
1.2092326712313977 0.0022786193931330044 0.1141430755647093
1.2121321237282925 0.0023755450807549081 0.11470442313998397
1.2083521485740398 0.0021439693839869073 0.11469873189688219
1.2100218206212605 0.002282551245614356 0.11525678718215078
1.2089837081219077 0.0021578278678636457 0.11580546345624908
1.211950249202894 0.0022203969086290716 0.11659310195269876
1.2105945290855513 0.002123973660500697 0.11643257862947368
1.2098966438639447 0.0020371518709100958 0.11657685743450993
1.2124288596777377 0.0023014466493973137 0.11714905408648867
1.21356943640701 0.002359713405797121 0.11766544188861958
1.2130838624856062 0.0022445252922947867 0.11785340993489787
1.2144042438941858 0.0020938599255272508 0.1184781986784825
1.2159070370971157 0.0023502962075440371 0.11900192503695153
1.2114878182232154 0.0021147579384227884 0.1189549532897415
1.2182273255235687 0.0022307656194651753 0.12023667028204375
1.2134513851102486 0.0022167428573645811 0.12018479590652568
1.2191784821685649 0.0020813485870676478 0.12097599411808291
1.2169937284307211 0.0022643126568904939 0.12100304461406666
1.2173421908934674 0.00227844627299355 0.12121608234616005
1.2182807218112428 0.0024957789749059044 0.121503732621924
1.2197727674254879 0.0022871491301049906 0.12179358340711897
1.2168276501008111 0.0024879374104042561 0.12112484173167196
1.2154117056745113 0.0021533747341753663 0.12123510533771428
1.2218667044687244 0.0023559741557118508 0.12209571189747141
1.2216590641674303 0.0023578056104800477 0.12250981939638322
1.2192469105458235 0.0022228192986542572 0.12282865362788577
1.2159500597500046 0.0021921852507738701 0.12282373818572395
1.2178316304145953 0.002352758698344642 0.12281761741123901
1.217293255503501 0.0023279968402753048 0.12328497214938802
1.2188465556423076 0.0023076390177606924 0.12394659615519937
1.2225235837373618 0.0021477660338317444 0.12447031202526344
1.2217304958705955 0.0024978701853500375 0.12401801228746016
1.2197575391014932 0.0023961570941655533 0.12366448692312519
1.2252750733131188 0.0024587793559724832 0.12429841255341303
1.2259022816750111 0.0023500346836929729 0.1242938330089185
1.2305723365031809 0.0026753290011945472 0.12553504443534069
1.2265045934820684 0.0023478246442719475 0.12429567385576866
1.2230706916321412 0.002474707458718332 0.12400134233362059
1.2226433130879129 0.0024602998966128009 0.12376993465952837
1.2224762502215691 0.0024757853803317248 0.12453007706132443
1.2257277185408049 0.0025325480323144288 0.12506364937464914
1.2262351181674178 0.0023450969940633998 0.12562541623841625
1.2267267692917794 0.0026377386768489763 0.12596900836870464
1.2299539470412655 0.00254982862484364 0.12553025615731936
1.2271479629712416 0.0025777653977612771 0.12453771619354816
1.2236596895672738 0.002478595117016882 0.12459547020146196
1.2311433149734563 0.0024295697576309856 0.12578589913474769
1.2283940660544637 0.0026728277302531167 0.12610795189082211
1.2265604436416553 0.0026382080401106027 0.12609577288850246
1.2299275852482785 0.0024536313802970039 0.12621709282768759
1.2266258837182582 0.0024917779207398487 0.12597592245730485
1.2269826275649922 0.0025974697765996169 0.12582183735362854
1.2287607506310791 0.0025373906317862167 0.12621001544103314
1.2309229424853101 0.0025071461061390121 0.12719559810947811
1.2336009658985778 0.002781549486432779 0.12706767344996958
1.2315725823283246 0.0027189990957248917 0.12748400224961071
1.2275618368471692 0.0028045148762529857 0.12702522680327075
1.2289568355615834 0.0024279605426673545 0.12781785257396364
1.2321839982990319 0.0026181015761768097 0.12896311502643096
1.2319395374258659 0.0026291734871942336 0.1292946075949431
1.2306362426420212 0.0024946423113083333 0.12930286571550881
1.2276897613596092 0.0026463446331303651 0.12977937508162729
1.2349867942549153 0.0028427617450104501 0.13110732707936484
1.2339844297651086 0.0027551322226229452 0.13107825495392028
1.2327262610673086 0.0025935534916329429 0.13116382207538452
1.2314199820433189 0.0026046595657220908 0.13092553992435396
1.2310539964672524 0.0026504696836932369 0.13154593674804541
1.2364947856815611 0.0025744681942111176 0.13307612236465494
1.2362929555259035 0.0028321195141798759 0.13436186840163525
1.2334501207220538 0.0023722051849774852 0.13428156367995095
1.2393860125800735 0.0025702423477651755 0.13540611129838376
1.2341409640233381 0.0024890209969488232 0.13500734205167561
1.2374397888804045 0.0026150984679981122 0.13612723241511618
1.2394532425943834 0.0024039072718023569 0.13634860933437967
1.2363477359029829 0.0025858892925164222 0.13600686012917557
1.2350638846221202 0.0025303632571715678 0.13586551070871242
1.2404866914066086 0.0027047661460456204 0.13646193638803361
1.2381479144768592 0.0025327686980985676 0.13620453957646478
1.2351942864823207 0.0025244327076391934 0.13587950111253311
1.2406425245044572 0.0028574525396494223 0.13647872754739873
1.2365651422889639 0.0027515030642961836 0.1360300693993782
1.2428009046181683 0.0025916434034193238 0.13671592441250113
1.2397389627164939 0.002629852029121704 0.13637897318749492
1.2477176281526445 0.0030200544105687985 0.13725655831286376
1.2383347866247953 0.0027506303745601676 0.13622427038444679
1.2415813071947555 0.0028504541160808859 0.13658128885966409
1.2418297350723533 0.0030821605374460035 0.13660850061086022
1.2406278054026172 0.0027247883501694816 0.13647616474561361
1.2386759440321988 0.0027144679505128676 0.13626133246192004
1.2445725594896755 0.0028999645577168676 0.13690987654454981
1.2442016885679155 0.0028206538495969798 0.13686896342157806
1.2446833725676401 0.0028784784061282047 0.13692183457092336
1.2453404325548714 0.0028148138885639887 0.13699399642430127
1.2477639599493997 0.0027916390680680363 0.13726048178478337
1.2427860103056876 0.0028801707240383046 0.13671276372131583
1.2414470282529659 0.002851211606468609 0.13656535422361377
1.2425382319700191 0.0028696546612801545 0.13668527433795835
1.2471310168528076 0.0028961925465559894 0.13719038949710816
1.2447569571673835 0.0030738175581830176 0.13692911374814498
1.2439531352941935 0.0028755115668923177 0.13684057336297728
1.2491901076672753 0.0030065353990126266 0.13741655083603713
1.2497320218506516 0.0028970768355095836 0.13747604723039072
1.2464997390832846 0.0027765865763447928 0.13712036704926761
1.2448659063473904 0.0029492656419305274 0.13694052234750381
1.2462445012983552 0.0031846046508965937 0.13709205899460689
1.247062829048236 0.0030702786282317328 0.13718196233438637
1.2497381657568249 0.0030972356985222811 0.13747614537821556
1.2448530690160877 0.0028869831856358141 0.13693865108023662
1.249052359412671 0.0030128279402365328 0.13740047607366368
1.2533204966114613 0.0029322279412789263 0.13786987231157724
1.2553539313075701 0.0029998863168235038 0.13809344252600644
1.2513069077809025 0.0028616799166903133 0.13764813917919616
1.2536444741350714 0.0031031163771460374 0.13790516630259017
1.2548621599902599 0.0030323051389778495 0.13803900249241186
1.2511217415417386 0.0030451306562220498 0.13762742803383138
1.249651393240701 0.00301459999014107 0.13746557361069531
1.2482561323265069 0.0029672262688175289 0.13731197490757988
1.2529656503631814 0.002961492492345512 0.13782992468745284
1.2517769610324743 0.003264145910806615 0.13769905096543936
1.2533485480935072 0.0029374078090661031 0.13787181713897503
1.2486883660233894 0.0030325554178123239 0.13735907164400424
1.2584610437522117 0.0030060033813376218 0.13843397761208961
1.2502035077420142 0.0030718080668119753 0.1375255162398637
1.261414003508545 0.0034540740104169573 0.13875858533528948
1.2544712456973293 0.002920583891254594 0.13799475239119535
1.2543178998688413 0.0032971676859350715 0.13797776980011989
1.2521664235233312 0.0032865437526954952 0.13774099153418412
1.2607952507293481 0.0034293935727971784 0.13869006781102258
1.262766998424663 0.0031137332626934963 0.13890685077197365
1.256623425349146 0.003097046853587259 0.13823093437536382
1.2569647583890131 0.0031976025577406145 0.13826836895036443
1.2538912996156204 0.0031449131139789448 0.13793017206180894
1.2575920267560792 0.0032326667196621753 0.138337147127049
1.2553253779870674 0.0030713170396504692 0.13808769817266786
1.2552919215946821 0.0031994032743650831 0.13808390703141707
1.2593856533106222 0.002949157424766338 0.13853411361836973
1.2581284790776084 0.0032380354197514578 0.1383957087403514
1.2633990700806941 0.0033171855900588536 0.1389753703561851
1.2657252244156096 0.0033127349886298597 0.13923113989924329
1.259924642114107 0.0033250671834704378 0.13859295700547727
1.2618370626403095 0.0031845409861325962 0.13880321545761731
1.2574116309689902 0.0033248786687910012 0.13831630173237855
1.2670627417701479 0.0033055366260289218 0.13937782014999975
1.2650199576308396 0.0031615394582870529 0.13915300260309657
1.2642797076981722 0.0031905614944629898 0.13907146337445689
1.2602921784524008 0.0033322734547795957 0.13863272210505842
1.2569243474669081 0.0033695507687235265 0.1382621516136863
1.262803844620261 0.0036660827546847424 0.13890878754239919
1.2680918452513568 0.0033171910304662256 0.13949035918646846
1.2641979217482959 0.0033892968114930047 0.13906191582655841
1.2649592090845272 0.0034672673974441557 0.13914554794496245
1.2615162541064691 0.0034017446931942051 0.13876671357677967
1.2729432970270302 0.0035394230611211059 0.14002357746175584
1.26650962818459 0.003581493958358441 0.13931576527136855
1.260688920238233 0.0032757726038590089 0.13867537974909139
1.2627726742021654 0.0036237099838956708 0.13890448289459842
1.2702471652829743 0.0037133365996814952 0.13972656559099425
1.2673555143016348 0.0033825493777534955 0.13940837440653567
1.2681977344478492 0.0037773250416765903 0.1395009101154161
1.2682093008437727 0.0035016828627441247 0.13950207443950691
1.2731510497098306 0.0035992320212117675 0.14004555477570788
1.2668900336766826 0.003628505959966024 0.13935673748006902
1.2700823961982828 0.0035895144318008705 0.1397077864382372
1.2709319717918324 0.0034897640802229401 0.13980112931885505
1.267735301093279 0.0038698237393847536 0.13944939276403046
1.2646485823366436 0.0033938301624082162 0.13910975136778758
1.2746308882233455 0.0038232056224245404 0.14020768269260969
1.2685952528164415 0.0036634755888076283 0.13954366173730229
1.2682524284224024 0.0037388206248794853 0.1395058454261108
1.2742198790017023 0.0037773128070383321 0.14016214779662775
1.2731326833583509 0.0036357475375363812 0.14004244859143389
1.2688097017443767 0.0039240638254048809 0.13956682328880102
1.2711130743984362 0.0040487070664233385 0.13982008246325953
1.2738775166664726 0.0037822036429505448 0.14012405805912681
1.2719772661346767 0.0039707901784312039 0.13991492646180373
1.2678344916917188 0.0036410599857938548 0.13945912232961624
1.2708907196593617 0.0038071557600754193 0.13979519781694871
1.2757040533413044 0.0038924451172315548 0.14032454609253506
1.2778336537376049 0.0039907938614681896 0.14055869067803267
1.2808537083486566 0.0038368552126376988 0.14089078274516503
1.274486158493723 0.0043102965601008328 0.14019026155097347
1.2785434499796797 0.0039421740663023574 0.14063644683803056
1.2721260596839876 0.0041088893784679611 0.13993044309761826
1.2786251206092942 0.0041646251431059966 0.14064521585591955
1.2720639264883662 0.0041104300464974639 0.13992339824211608
1.2736861085519648 0.0041290780615984464 0.14010172768333123
1.2806904951862914 0.0042824107990756272 0.14087208453891184
1.2825637374887222 0.0040547743386106323 0.14107802734248304
1.2788854248488721 0.0041226226077630684 0.14067331953084619
1.2722727257929272 0.004152002225773512 0.13994584084896769
1.2816756835236811 0.0041035059031015791 0.1409800274824046
1.285891066448128 0.0042089948000898205 0.14144360158662087
1.2859446275750626 0.0042788146276954049 0.14144938928192632
1.2815909007537223 0.0040985080123317327 0.14097038679566512
1.27710423972181 0.0040758001292212848 0.14047676718380797
1.2870053966852992 0.0041930179628891081 0.14156575262117269
1.2814559397616891 0.0043380210744420446 0.14095522992106424
1.2895292763057118 0.0043093186677990161 0.14184315899951258
1.291585567754383 0.0043042254573836787 0.1420692373441404
1.2822365035221548 0.0046398667877626471 0.14104077588389002
1.2781899896319437 0.0044785023502904968 0.14059557003663331
1.2819714600175367 0.0041479363417781089 0.1410114112824826
1.2778387516415222 0.0042082969575390821 0.14055672796275856
1.2773182757945516 0.0041155399101672268 0.14049937657237438
1.2825504230774651 0.00463994813756424 0.14107478504167845
1.2749659276189587 0.0044388710657149374 0.14024042199888512
1.28659904152405 0.0043855603290615091 0.1415199064317387
1.2782969146257264 0.0044474766134760518 0.14060660831207902
1.2911084594280078 0.0044328854781994316 0.14201571379114339
1.2896800109685589 0.0043582309408785351 0.14185848770279005
1.2918851786671945 0.0043136677643397393 0.14210094158168793
1.2800031593026291 0.0043786287392855094 0.14079387717528905
1.2872046368027033 0.0042754790093447789 0.14158589997972917
1.2819840525713506 0.0044413882076893276 0.1410115610452479
1.2841404431584225 0.0041937776113441126 0.14124865115521315
1.2804521721560458 0.0045634689082720012 0.14084285958826273
1.2860070745243357 0.0041827822844406502 0.14145376732280138
1.2841049653792453 0.0043677703301192791 0.14124444260378674
1.2775516753069478 0.0044615567536436997 0.14052351738218877
1.2899298424356342 0.0044592692409816809 0.14188494285188641
1.2869615626238422 0.0045179248467323591 0.141558348736606
1.2876780787058526 0.0043956991939667839 0.14163705815451594
1.2865181171836877 0.0046803292391532549 0.14150936608365117
1.2880626496563548 0.0048247449296952797 0.14167915667666633
1.2889643652993517 0.0045731879951813621 0.14177823815227561
1.2824862814643168 0.0048536258793708958 0.14106558864769136
1.2779873679375 0.0047510816300470058 0.14057063498986172
1.2868645767399398 0.0043840914924848009 0.14154697100317379
1.2856432398392095 0.0044327842996756996 0.14141253023983033
1.2899239506079863 0.0050461336164676083 0.1418832836555434
1.290024347545637 0.0043374388729154377 0.14189422497154119
1.2831476330267069 0.0047817739126038991 0.14113773168276608
1.287733104291676 0.0046558170997897464 0.14164200167310398
1.2903693978736863 0.0044768419890144984 0.14193187603480503
1.2936353296099909 0.0046103566379975171 0.14229100589631935
1.2961137248604684 0.0047075220963407943 0.14256351471828327
1.2920505395443842 0.0045824820676189718 0.14211649225982875
1.2908546467933475 0.0045603274885000532 0.14198485367308375
1.2974133654854911 0.0045933532297691218 0.14270616558125593
1.2951547879656753 0.0044012492967427652 0.14245763921317012
1.2843731277895749 0.0048747029986766907 0.14127163655923133
1.2934627957116842 0.0048855082019220722 0.14227133027426295
1.2862312140990693 0.0047827736590720961 0.14147581158568295
1.2852338971687065 0.0049932343999457658 0.14136601739356186
1.2967831988964604 0.0050066149928564676 0.1426362543191057
1.2915797989058344 0.0045782109814750697 0.14206382087534786
1.3030910398811182 0.0048951027666817902 0.14332987000436079
1.2859687644803506 0.0044626425626666912 0.14144645404716397
1.2874162623408143 0.0044734155616739293 0.14160557004580365
1.2974885657972439 0.0048098340663303065 0.1427133450642234
1.2933334853887442 0.0047110003578053339 0.14225622144873729
1.2956630284998916 0.004484350346224201 0.14251235383925293
1.2929824227200182 0.0052314661525853338 0.14221741217635453
1.2980615787885506 0.0051360786731356918 0.14277597916071358
1.3009828409345698 0.0051144440938244128 0.14309719595367862
1.2928096484838183 0.0046014871344276839 0.14219811520012807
1.2898949561016342 0.0050617326738468553 0.14187742686059523
1.2988791270891842 0.0047675962105690863 0.14286551142605342
1.2954711891048056 0.0053269738135972213 0.14249057040022833
1.3013765650645686 0.0049906849534613338 0.14314001250187686
1.2977795792137967 0.0051949829743483311 0.14274427962360883
1.3045176704699517 0.0050588705571601228 0.14348531198862408
1.3024342771701207 0.0053133291696402388 0.14325606045195888
1.2979953018868193 0.0052697973603522269 0.14276771553243139
1.2936714545864354 0.0052818246287022648 0.14229203538948954
1.2875072166585586 0.0052263643783004446 0.14161392990757576
1.2977999762042682 0.0050129752325755762 0.14274594222463774
1.2996069099717096 0.0057325687233871917 0.14294459166064541
1.301127073635391 0.0054405522132071954 0.14311169990866285
1.2997734787553989 0.0056314164261928087 0.14296272050055045
1.3052768149776572 0.005448487234131846 0.14356793937282031
1.2977690418597667 0.0049564238968203486 0.14274206109574919
1.2991720737633121 0.0055821206394698099 0.14289628414587344
1.2949000943008218 0.0058625645962152402 0.14242631276185702
1.2940322922389089 0.005150554838032919 0.14233076791658136
1.2986686197596833 0.0054572476175372307 0.1428406240427528
1.3008085612007905 0.0057182851227020508 0.14307590043815138
1.2991010671736662 0.0058578725765519798 0.14288799750064593
1.2963300300360727 0.0058384862265040026 0.14258311725887662
1.3026604636750754 0.0055570639650135501 0.14327930599178851
1.3038070444514189 0.0060015505076432387 0.14340532349893229
1.3047056855059791 0.0054345737158509625 0.14350406843143329
1.3026874819940242 0.0055505266467350458 0.14328199356576898
1.3038572705374056 0.0055981188898486193 0.14341056321450688
1.3095968396469886 0.0055634305828718665 0.14404176010546094
1.3059305748614587 0.0059563106822700463 0.14363841462544255
1.3034632558219144 0.0055743423490631477 0.14336694218563797
1.3002868680332069 0.0056087849148435424 0.14301748023864544
1.3098469005619879 0.0058423643423612748 0.14406888622478836
1.3050358691881214 0.0056948270138248028 0.1435396301215667
1.2970533141526177 0.0057969330974264937 0.14266154320087596
1.3040221160319732 0.0057336121545431039 0.14342794189098537
1.3074339588092234 0.005742801382944274 0.14380311255384534
1.3012369537103414 0.0056840068721537114 0.14312141764561434
1.3027316815533323 0.0057018326309241727 0.1432857281819585
1.3141748649562386 0.0064535613166744029 0.14454425389754225
1.3075961936019576 0.0060091775822769594 0.14382058204500506
1.3106445442705863 0.0061695927747577664 0.14415577245981442
1.3079753113685566 0.0057776948193010097 0.14386209467093342
1.3008750709907742 0.0064354805690820761 0.14308105794197185
1.3097395576336299 0.0061717534195756367 0.14405595454629719
1.3203642126979689 0.0066879493548098858 0.1452244489657761
1.3088147092292062 0.0063994717240061297 0.14395404692951297
1.3191169094256856 0.0067384001909582365 0.14508707378047678
1.3153524934950334 0.0064663956879275142 0.14467294046406121
1.2986918755311352 0.0069212369067506467 0.14284038030497925
1.3030337784437815 0.0068275758386257589 0.14331784534818848
1.3130743932883455 0.0064914719401556664 0.1444220983071319
1.3071098496318856 0.0063773055396836925 0.14376598065984048
1.3207203270813594 0.0065585070469046432 0.14526287233199262
1.3030892489355201 0.006926020094425089 0.14332358056923769
1.3125313026240213 0.0067475229231654327 0.14436199760338794
1.3074825926269267 0.006503928545034527 0.14380661029585548
1.2990631551944987 0.0066613693435864712 0.14288048802508721
1.3113439521727828 0.0069155721453815888 0.1442311287273014
1.3052496958852764 0.0072687194885716058 0.14356074725168594
1.3113487502209979 0.0066778718967746217 0.14423147377841677
1.2967373852704469 0.0072916848434175143 0.14262432152545193
1.3110497382847268 0.0071385269443551913 0.14419840479967208
1.3035422328187767 0.0075490787276462175 0.14337258591522067
1.3071979244312129 0.0075345208804892512 0.14377457422268805
1.3059831998048725 0.0080466275405476091 0.1436408806711591
1.3094318530852274 0.0067816987936476711 0.14402009556554962
1.3053952456427125 0.007476039604581295 0.1435760326695226
1.3116601013173781 0.0074326267364748112 0.14426499262812392
1.3073209823649761 0.0078327246355849398 0.14378765770024621
1.2946846368963012 0.0072639582070727305 0.14239774236874755
1.3107116340066935 0.0074218876840028902 0.14416040425821
1.3018619064783465 0.0072784286306826311 0.14318696494020969
1.3143685408279644 0.0079701877101936731 0.14456243407481384
1.3072092586291788 0.0074160587215153393 0.14377492265021422
1.3113935708016369 0.0079996876085691605 0.14423504979779508
1.2967288451794845 0.0081571059795489762 0.14262204443374105
1.301151315159883 0.0075553331844279252 0.14310836707457908
1.2968421037640421 0.0084364000921046071 0.14263432584300698
1.3108685373986089 0.0081771343135810352 0.14417694610402115
1.3041066840304329 0.0084931327093918062 0.14343314917364541
1.3108940224036159 0.0082146813267581671 0.14417957185154037
1.3113596055343482 0.0092933474689522455 0.14423068961090646
1.3147392042221047 0.007968610685494459 0.14460230851773925
1.2945153890626191 0.0086177715125559037 0.14237789393788441
1.3019376031779608 0.0088584761905824323 0.1431941419851199
1.3129364214770307 0.0085315010412449228 0.14440376308919123
1.3053159295511476 0.0084919773355724686 0.14356553275583789
1.3046871165614655 0.0084318561235770875 0.1434962847332914
1.3051116697750538 0.0080939337119626149 0.143542892450233
1.3220129780182543 0.0082030062014060365 0.14540169625548749
1.3214468023746495 0.0089733973904957635 0.14533933747525013
1.318454517355244 0.0093944486739454113 0.14501014198029241
1.3065996956679273 0.0095081725584106984 0.14370620294008482
1.3012649408561174 0.0084587357313690697 0.14311937408738729
1.3172475036462143 0.0091650982906363084 0.14487712532397334
1.3196438528175449 0.0091219438933449696 0.14514059946154964
1.3122760433513911 0.0094191476886893964 0.14433016714449567
1.317229969671907 0.0099590595604007338 0.14487493498754783
1.3121020183399612 0.0099931417618408479 0.14431085216244921
1.2935093425992226 0.0091916337657812798 0.14226586127471788
1.3117841708971909 0.010651504659247071 0.14427572137806119
1.3112847567017276 0.009458578521317422 0.14422070729569419
1.3156825607614553 0.0098228097645821442 0.14470430868853781
1.3103978228962454 0.010131354340913178 0.14412298471334592
1.313519032345337 0.010012137152023528 0.14446618182801441
1.30950572841774 0.010033330946732297 0.14402469712870478
1.3016641774051325 0.0104276948797136 0.14316216623905073
1.3131189542192727 0.01037040146372421 0.14442192116739466
1.324089108503697 0.010590031508461313 0.14562837526643213
1.3018765583153382 0.010909292143550834 0.14318526958752278
1.3034786707514316 0.010948507384267394 0.1433613899492619
1.2998986882294472 0.010409187017001222 0.14296756582436895
1.3124449402914351 0.010375072925846883 0.14434736252727909
1.3115354937931492 0.01076122394089186 0.14424725290054533
1.2913011162959744 0.011222814085177831 0.14202172156709372
1.3036423118757836 0.011173511664790916 0.14337896490000165
1.3392018584001912 0.011807862530400056 0.14728983587210337
1.3163768452270488 0.011572530147778865 0.14477937994304263
1.3129193665842418 0.011294835775709038 0.1443990307768912
1.3046724797356724 0.011351733060162829 0.1434919283807376
1.3152450043044028 0.011237505920241095 0.14465464154584529
1.3056035967116448 0.011111947849941311 0.14359416626715882
1.2814733807682346 0.011200569440339193 0.14094017094352562
1.3138953075612778 0.011849105549259782 0.14450594430020164
1.3111838658288206 0.011662429444680307 0.14420764891454574
1.3079516580480597 0.011524795603666777 0.14385207763441094
1.3240179009360726 0.012368317840948067 0.14561900129693162
1.2969596318921062 0.013315424112243927 0.14264297871539666
1.3098032494125442 0.012251242412672954 0.14405546887144038
1.3245293594769509 0.012453584532480135 0.1456749995490936
1.306464102379681 0.013176368065831076 0.14368805487926889
1.321431971500614 0.013119013170797901 0.14533417314610028
1.3196361794827511 0.012782540538920587 0.14513658371041607
1.323495445069196 0.013557151740089693 0.14556095023292259
1.2923277066879444 0.012760072044302535 0.14213297129940516
1.3022675326568689 0.013305109112287416 0.14322609177136764
1.313617240738975 0.013849420933254092 0.14447427394123338
1.3031315289674963 0.013850897454206628 0.14332095128383288
1.2961900774880764 0.013789046901140557 0.14255743567380869
1.3254427932967634 0.013507452874456786 0.14577462134218772
1.3206181574914244 0.015411646386469377 0.14524391606156278
1.3215084420656682 0.013746794378497526 0.14534174708420189
1.308630520086054 0.013161344422989942 0.14392532907374767
1.3102715862024303 0.015404838485190472 0.14410573486101549
1.3211706329559032 0.014192419910229126 0.14530434620224084
1.3022459225406071 0.014348725106575786 0.143222896098254
1.3287368543212343 0.015322298924984618 0.1461363234637541
1.3326942290183108 0.014226960369744393 0.14657147832305586
1.3112130946610741 0.014831791812976487 0.14420887361412643
1.3128346183445891 0.016210035443007764 0.14438712812425286
1.3350898177098085 0.015681579502085333 0.14683469886086875
1.3448835222540767 0.015448814600229822 0.14791173792941997
1.3227380306827083 0.015664726061485366 0.14547607088781378
1.3095307417017774 0.015235504996010186 0.14402343835188824
1.3564695300232741 0.016777259013029854 0.14918572689916368
1.3480582233865841 0.017220817552438445 0.14826056133152343
1.314220797216969 0.016788572734400549 0.14453901138763781
1.344666825109778 0.016423312375283366 0.1478874052535355
1.3210129963459851 0.015540461820364143 0.14528585960526583
1.2810138933197301 0.016669880215527729 0.14088665407951323
1.2917629667185169 0.016177825206874032 0.1420687628323121
1.2972638190641128 0.017289309008164024 0.14267367002814851
1.3233806735945246 0.017787305574156153 0.14554593238650793
1.3360627800008613 0.018085844855284524 0.14694063343359062
1.3555383324269819 0.018966681092542906 0.14908247799099122
1.3253690380969474 0.018383586843320355 0.14576437060396061
1.3020682060963085 0.017913509414547574 0.14320166017082678
1.3353806924002527 0.019085810215814271 0.14686529052616545
1.315740357180182 0.020527731362262283 0.14470516515925794
1.2931680384796269 0.016789360479739682 0.14222258243361607
1.3345332946556108 0.018323927230208679 0.14677184988871173
1.3520751546870744 0.020518251877423739 0.14870102037805424
1.2963847995788487 0.019659704880217208 0.14257612498526134
1.2945518166221233 0.020330607580486382 0.14237445544091942
1.3156074563006939 0.020666266287046139 0.14469006920961835
1.2763624909106448 0.018741942828043024 0.14037384337752168
1.3303315521618235 0.020413919275910693 0.14630926010290271
1.3081607974206997 0.019437123107658688 0.14387085101556374
1.2972280546893313 0.021394823846916492 0.14266839500872089
1.334428195751695 0.020701063014445149 0.14675956525692396
1.3047806413011138 0.02050255477116875 0.1434988679736276
1.3041894203062658 0.020306367592309471 0.14343376662622959
1.3139663613384378 0.023111130774677274 0.14450894859729646
1.3345135241972468 0.024939343876437613 0.14676862897252912
1.3042688141657972 0.022833558462150828 0.14344226422491274
1.341696423396695 0.022924525139304756 0.14755843713625294
1.331100019149843 0.023080474707375866 0.14639297553574002
1.2842874570651839 0.021536618997236724 0.14124450348592876
1.3471821620210029 0.023600352151575122 0.14816151220438517
1.3252441372753616 0.02381238798737027 0.14574871572990034
1.3178607249487466 0.024497863491500647 0.14493661807157782
1.3658289780297099 0.024485010860461325 0.1502120238476306
1.3006256476323568 0.024067762048955325 0.14304097172325583
1.3204017789632267 0.024924715066100032 0.14521584475313054
1.271291711687955 0.023190553160992541 0.13981471648289154
1.3342173523404655 0.025036790605712119 0.14673510306509069
1.2798374842966309 0.023453148935200795 0.14075441609063588
1.3207364248739883 0.025973769413573142 0.14525233713246349
1.2944441755242833 0.0261273771085722 0.142360683755998
1.3265801558024655 0.028126123944099756 0.14589486351937023
1.3301182199284654 0.026850416320647035 0.1462838958213715
1.3482441434261638 0.0313631005437549 0.14827727088829029
1.3187501449317454 0.02727031363819216 0.14503350110400967
1.346841370215734 0.030492137174158645 0.14812283933980924
1.3306294622127457 0.025193730166025247 0.14633980830736718
1.3023882310794122 0.028461813391393521 0.14323382138674931
1.3197157144441574 0.029201861989877637 0.14513938309341715
1.2981241815710254 0.030060682432720282 0.14276471896359511
1.2819023554203346 0.029990155397531748 0.14098060478725102
1.3590831855835839 0.032450969387876463 0.14946869269383553
1.2778839491855003 0.029278758767048448 0.14053852169275996
1.2953489240774292 0.029628927472517337 0.14245920050128866
1.3232876615227083 0.033852865764896836 0.14553175610880556
1.283671424674643 0.032659661857432833 0.14117479095970684
1.2745656562372618 0.030547622793290242 0.14017328783529234
1.3241405508727613 0.033430193391115998 0.14562532438732873
1.3398542172548473 0.031558084281939847 0.14735339271712738
1.2977207033810836 0.031662043286294551 0.14271959291807534
1.2957668944442302 0.034579321782853945 0.14250464383705666
1.3090543536757815 0.03554743677598949 0.14396588409183633
1.3438760131981298 0.033434064483191375 0.14779538854104179
1.3367865493067053 0.033264755619486122 0.14701563347250707
1.3105948999271348 0.034884263326803416 0.14413508280124976
1.3784216889417893 0.038477346754443219 0.15159437904137552
1.2827873816675754 0.035349219176026528 0.14107675275515183
1.2554775178410709 0.035110727826994328 0.13807323098623589
1.2969945313720657 0.038248752975864699 0.14263905979248859
1.2696989661481237 0.036231171716853902 0.13963711375884214
1.3812682166156478 0.043659435510990219 0.15190703648380485
1.2782834577228475 0.037619149604263956 0.14058106088408431
1.2937274568488348 0.041096121720255979 0.14227946318789014
1.291136633752519 0.04257523394344126 0.14199446029023222
1.3290138429139609 0.042896933308630508 0.14615998079855305
1.3227766989631742 0.04572271879143578 0.14547396764628981
1.3234564348492857 0.04032674371260099 0.14554864798045977
1.3121939682097983 0.043927321219961797 0.14430997048465261
1.3524190868331039 0.043849559559596601 0.14873369469533887
1.3074376499200961 0.04821510408052266 0.14378674117143306
1.3173933333942465 0.044238395314854038 0.14488155316164628
1.1874823963633134 0.041857298035755983 0.13059441064370816
1.2989204719838447 0.04914715524787646 0.14284983580909549
1.397008991278232 0.053410537959724974 0.15363712197317889
1.3549925697808263 0.051113933096664871 0.14901625800162613
1.3457082490996517 0.050683430625029911 0.14799513265702702
1.3210227813873454 0.051736337861355508 0.14528025907921341
1.3999701558659492 0.059302163775841583 0.15396246441104752
1.2910910214322602 0.05149747031640247 0.14198835095430845
1.37523891084225 0.061943461048394648 0.15124247888429054
1.3315487999540263 0.056595817839246908 0.14643756537720404
1.2748889202802334 0.054096742311228616 0.14020630392891184
1.2654364184768352 0.047876116935308001 0.13916669070430499
1.3820739417149381 0.059493708580135779 0.15199385515248626
1.3328089147404063 0.062382085887749142 0.14657585008297547
1.2876814609255964 0.063297196294963706 0.14161288045195145
1.2562401006190809 0.057307558597953556 0.13815504439450418
1.2643018016756378 0.05713997025247692 0.13904156004667659
1.3069713121562951 0.058817613278588705 0.14373406588892829
1.4291778171710097 0.07146312898408802 0.15717363721696445
1.3942730735400279 0.066771977531734569 0.15333491507178737
1.2817125740343491 0.063240767447764787 0.1409560256704627
1.1622937156526703 0.058911741675195348 0.12782290128161936
1.3650375980827896 0.071183287637888976 0.15011952417940636
1.2160469665083078 0.055961678743254493 0.1337342647345898
1.2532834553090502 0.070989969438146699 0.13782926359483028
1.2523952436298096 0.062528952242046673 0.1377315143065207
1.3538047505488662 0.071193015648585392 0.14888389780779551
1.3199616246231358 0.070638158865049899 0.14516194720061007
1.3556392123356444 0.083896922590357609 0.14908549313133404
1.2304496131766824 0.076351593328734244 0.13531778536037059
1.2935880741945966 0.081707000053259607 0.14226131999705291
1.4607703650537063 0.090298907472444984 0.16064697916727955
1.2709273248389668 0.084425379245031476 0.13976908256450921
1.3885924256098199 0.091300461475211259 0.15270912074307186
1.1827409542526441 0.068505155083571412 0.13007073747947068
1.2936611494101622 0.081230316067660263 0.14226900380466539
1.4272166904599553 0.089914467755346172 0.15695655335012973
1.2974382706643561 0.090567276073734215 0.14268424714301753
1.2440974592561982 0.085959834313577205 0.13681808688059791
1.2620506717858258 0.075785634019911105 0.13879239992025097
1.1523299536412517 0.07932236590270586 0.1267259426895711
1.323148837812145 0.098033305127221373 0.14551144903489191
1.3471859694278316 0.10034615493051169 0.14815482621005815
1.2266178087198925 0.093392727067518805 0.13489545097749289
1.4133218726760688 0.11842457018992381 0.15542787479642506
1.306372736432706 0.12798390283727498 0.1436662392169876
1.1793585050533002 0.091382238876768551 0.12969798949333505
1.5911947014531374 0.15084252703832893 0.17498890539806003
1.1964020098854928 0.094397792726334737 0.13157219224405681
1.0327361055272348 0.085261274270023002 0.11357326911406611
1.2767841184575177 0.11919077421663718 0.14041193476820912
1.4080316556770844 0.11739175200756272 0.15484556121979248
1.3609569705308153 0.12217019348210185 0.14966854098891397
1.2205955535053068 0.10609988643902445 0.13423250762577646
1.1789894686088442 0.094896700649674051 0.12965690030205884
1.4562846846057953 0.13625338621407057 0.16015178379938874
0.92211637440927841 0.09196202113117434 0.10140772087558811
1.4131148194349619 0.14403429494931136 0.1554041198777788
1.5233983462766922 0.15972772003610455 0.1675322210278255
1.5623502924067134 0.21850769657456096 0.17181578773336703
1.0013851085589418 0.096744780902494679 0.11012491241607378
1.2973117126221072 0.13494972680550246 0.14266865777363857
1.1114580265882978 0.12378609520619471 0.12222979818118655
1.1958950190990663 0.12677466622928532 0.13151547998175148
1.1913460482595153 0.12953197892121537 0.13101515580300652
1.4383637864563215 0.15341129313865148 0.15818020661981333
1.1599859190518285 0.13382388196667985 0.12756628502117662
1.4121766954679389 0.19082042407821684 0.15530020279718595
1.2583344014019668 0.15722110596554273 0.13838175822030777
1.2209888605765464 0.15784293218663112 0.13427472387332598
1.260732465443726 0.16162318010482291 0.13864534557200983
1.4317801893025015 0.20503048388406001 0.15745574083585306
1.4779975718831375 0.21579884423484189 0.16253828122108499
1.3863635930081828 0.17876275989177878 0.15246104164150195
1.4360741602298164 0.20572902810767071 0.1579277315616425
1.1145963078515391 0.1562828144997212 0.12257415875764757
1.3540161251844136 0.17121820684418573 0.14890351609097185
1.1364709359293115 0.17675172617654103 0.12497963183158622
0.92248565334291355 0.13596534402179514 0.10144726040456525
1.0258106616528444 0.15936332903445896 0.11281002787004159
1.2532825114522201 0.16546494328617009 0.13782540214855199
1.0907950958110528 0.18104928096264636 0.11995635500860051
1.5438371640658648 0.28610604363575803 0.16977798335725536
1.1340327302441009 0.18746438478015734 0.12471114398488935
1.4031131577908669 0.22395540259568883 0.15430221710882502
1.1497901287385384 0.21534058030190398 0.12644388736291096
1.4101074953834418 0.22238019332101408 0.15507124686932072
1.1892518271800296 0.16896502192591306 0.1307834181646394
1.185477229252389 0.22448627526067447 0.1303682594777858
0.85564141708545594 0.18255276119728941 0.094095801010011804
1.0234397076874888 0.17186078522299367 0.11254870596433747
1.479041438394183 0.33359353070805803 0.16265161482823892
1.5079043514337251 0.31925290747068119 0.16582562005892346
1.0093407061804363 0.19910861993825477 0.11099806763827511
1.1988598019021064 0.27682391549644653 0.13183958461722639
1.8597634247499155 0.6041868014605436 0.20451959677287854
1.2139833338101658 0.30081295595911828 0.1335026063145115
1.2566658054864885 0.26522544788605479 0.13819636359579787
1.2890498489941415 0.3005896749325872 0.14175759212494274
1.7516313891169664 0.5411948737570067 0.19262787440085091
1.2988032446570017 0.3207606160926863 0.14283004567453059
1.0754602985739921 0.23565680517060272 0.11826885456100503
0.89217453708340744 0.18964748332283538 0.098112791732253096
1.1764018142001749 0.33473584264798134 0.12936931891959791
1.2615066628858471 0.27578626212166768 0.13872826429107493
1.5862765956597253 0.48198802921755102 0.17444323057661787
1.2396334886657361 0.26129663207715381 0.13632273865571623
1.156732206980025 0.27404192634405566 0.12720600993104383
1.3939657648760759 0.36226350318702955 0.15329454728334127
1.2743000871961327 0.33521734575813439 0.14013483695171036
1.1414239787667095 0.24194325940011338 0.12552238797349941
1.2616112053423374 0.34720293209953151 0.13873931164834485
1.246172859513681 0.43392984299618514 0.13704149464265297
1.264693922008314 0.36576737315739988 0.13907818993975449
1.0082158913840789 0.26801625019088504 0.11087329062788387
1.020682253839426 0.24233121827265461 0.112244162505825
0.82202426965507225 0.18995321516172906 0.090397753984260504
1.1032148808308808 0.24995716180600014 0.12132014249351009
0.99920113069711292 0.2966390761024934 0.10988173825991984
1.5219291510146531 0.43621408054702404 0.16736584682078526
2.04547394617772 0.72205530322966271 0.22493972302581186
1.116310845967575 0.31723381556838687 0.12276007694305524
1.0163554996640185 0.2542985313095722 0.11176799222042656
1.016206574660641 0.26025815361614174 0.1117515645167499
1.0160624536896303 0.26141979072999283 0.11173566400784063
