0 0 0
0 0 0
-1.689699391974134e-06 4.3176197523830525e-05 2.583150027379669e-07
-5.1621942655177965e-06 0.0077641274386535805 7.8185657411581196e-07
1.7470739718759383e-06 0.00013276053609188908 2.6242374896751468e-07
-1.0140535199396952e-06 0.00099225236938408398 1.5102466815767842e-07
-2.2235149456306708e-07 4.7532814308343234e-05 3.2940322253910771e-08
-8.7929221524066511e-08 0.00014306102467872341 1.2952350227821474e-08
6.8666914928008416e-06 0.0017484442265999118 1.0052642415166265e-06
3.843769791010207e-07 0.00016469122314835891 5.6027625816278478e-08
8.7612068969310551e-07 7.9559823539241049e-05 1.2722380043805819e-07
-9.9482565041241448e-07 2.3778776525199704e-05 1.4398956264338125e-07
-1.4036520843337847e-05 0.010343112041051492 2.0258977662469191e-06
6.0317356619010123e-07 0.0008863891954274055 8.6937456123036253e-08
5.6255525598970836e-06 0.59514766197750479 8.0839724623386794e-07
-6.1816919891039121e-05 0.27757900436678168 8.866113128932213e-06
-7.5402373725529555e-07 1.730362424650877e-05 1.0798224500601936e-07
8.0956245059696099e-06 0.067554237598376338 1.1578666567432652e-06
2.9097437478265947e-06 0.0030615599683994181 4.1621107146923414e-07
1.5414228405008216e-05 5.1206448969642006e-05 2.2001856287822486e-06
1.3193522469992416e-06 0.00061177385938513003 1.8817635577417874e-07
1.1986049718465439e-05 0.00072800553248481004 1.7084531766393422e-06
1.4663347216673444e-09 5.2935975441610203e-05 2.0914871076155344e-10
2.4153789065364754e-07 1.6226378220184862e-08 3.4395078263616522e-08
4.1583711125450954e-08 8.0096243066053728e-10 5.9194753136086779e-09
3.8209385240973073e-08 7.6055866009260621e-10 5.437634466130446e-09
3.4891941792256111e-08 6.4021954178747238e-10 4.9644568888777029e-09
3.623560146194028e-08 6.3673954832274218e-10 5.1547955187629435e-09
4.098110454395343e-08 7.5130854869259236e-10 5.8291901681553247e-09
4.431748145123297e-08 8.5539261348207017e-10 6.3032447904010303e-09
4.695837030059336e-08 9.0981393861037189e-10 6.6785099955340841e-09
4.2961665231548857e-08 7.7374830278289874e-10 6.1099146833451318e-09
4.7454848829264031e-08 9.2577521512186673e-10 6.7488431636002367e-09
4.4808651103817141e-08 7.8735375217374621e-10 6.3724994775682807e-09
5.0309751092359627e-08 1.0153875422971485e-09 7.154857511897813e-09
4.1895158634110725e-08 7.6600669703828458e-10 5.958164524048654e-09
4.4931908460007135e-08 7.5832277921268401e-10 6.3899851376246235e-09
4.6673389146359199e-08 8.4216879700914241e-10 6.6375447982608942e-09
4.6013781903296274e-08 8.1533559226879233e-10 6.5436225411091428e-09
4.6193838288103505e-08 8.7084760366231105e-10 6.5691224606902706e-09
4.6157532984450959e-08 8.29110956772806e-10 6.5638633193849557e-09
4.6882064058642589e-08 8.7472040861450124e-10 6.6667987861625412e-09
4.7274060036206717e-08 9.3657622904859407e-10 6.7224405864525091e-09
5.2895151928965806e-08 9.1345409012642856e-10 7.5216534166765747e-09
5.1676100214408753e-08 8.9293519030819095e-10 7.3481937971001012e-09
5.5620163104019921e-08 1.1155922767794261e-09 7.9089091076441852e-09
5.1541637634800557e-08 9.5795332922560068e-10 7.3288529731623394e-09
5.2352807412601872e-08 9.5819091129438701e-10 7.4440818416188637e-09
4.9598983587035096e-08 8.0427646694450011e-10 7.0524075634918064e-09
4.4640012827526591e-08 6.7551213182861163e-10 6.3472075253409433e-09
4.7560595365985815e-08 7.6500663234328274e-10 6.7623787360609524e-09
4.9889878274991529e-08 9.8115133858633204e-10 7.0934557115676873e-09
4.6864105233043916e-08 7.7406890024466054e-10 6.6631246508111919e-09
5.0170210752990286e-08 8.4666520602025178e-10 7.1330684125603285e-09
4.7731256044321344e-08 7.6108003827828952e-10 6.786242235823881e-09
5.0994246509915825e-08 8.9062134543297204e-10 7.2501629153973709e-09
5.060990485535413e-08 9.1409908372831696e-10 7.1955319623348727e-09
5.5300773918749146e-08 9.768148640351202e-10 7.8624184804980397e-09
4.9120554716277772e-08 8.1030524002984918e-10 6.9836401576813772e-09
5.356669847825246e-08 1.1551239949783605e-09 7.6156263831663321e-09
5.4036390097015051e-08 8.4263850507373308e-10 7.6822771220584862e-09
5.2470047459312223e-08 8.3453081419942661e-10 7.4594854026102363e-09
4.9655978427157231e-08 7.4346191777546484e-10 7.0593203916814467e-09
5.361432292733792e-08 8.4542501128380938e-10 7.621945956274407e-09
5.4611086387341959e-08 8.3353923100002805e-10 7.7635321204249594e-09
5.8440068769045784e-08 1.2962130456050353e-09 8.3077361109380649e-09
5.7463002026036678e-08 9.2669544646838268e-10 8.1687166474264625e-09
5.3747085485686934e-08 8.5238947580073361e-10 7.6403664276050075e-09
5.6489712101035565e-08 9.121925749696944e-10 8.0301311498284471e-09
5.3766709219095485e-08 8.704859818021558e-10 7.6429403490413483e-09
5.5081205033470359e-08 8.2963685122968739e-10 7.8296672268548217e-09
5.4866062060007172e-08 7.9273127886507524e-10 7.7989472225418866e-09
6.2029808684601064e-08 9.9570705662800423e-10 8.8171206288592736e-09
6.0586018521339868e-08 1.0049433870591922e-09 8.6118594589691759e-09
5.8272970552019735e-08 8.9292662418907172e-10 8.2830939400772404e-09
5.4065932367219885e-08 7.3611499865985915e-10 7.6850885432179494e-09
5.4240679641329139e-08 7.3073369932221261e-10 7.7098491911549817e-09
5.8800080420671306e-08 8.4176679013956134e-10 8.3577908764990881e-09
5.6994233477344543e-08 8.0033848207000129e-10 8.1009693254641209e-09
5.4136124156268892e-08 7.55645603468051e-10 7.6946128380687206e-09
5.3482586332453202e-08 8.0005051884289476e-10 7.6016179980388125e-09
5.7282569392547284e-08 8.7633977819665346e-10 8.1416042488054087e-09
5.3960652232554422e-08 7.6399658309143577e-10 7.6693462325263284e-09
5.9329187082912864e-08 7.8569295200225148e-10 8.4322465608646623e-09
5.8581468322281707e-08 7.9238316947313937e-10 8.3258623203624855e-09
5.7197918252705021e-08 7.7602183804187355e-10 8.129110513957485e-09
5.9494838606924748e-08 7.6859941742334078e-10 8.4554165304013482e-09
5.9743050718714421e-08 8.0709916630289522e-10 8.4905462662406721e-09
5.9396730255943471e-08 8.9861629019483915e-10 8.4412208416267081e-09
6.0129529525263986e-08 8.3439665907468976e-10 8.54533451373192e-09
6.3194173414326995e-08 1.1987743268761574e-09 8.9808871652516661e-09
6.1334033747135032e-08 8.2351170512188944e-10 8.7165223589553124e-09
6.2150623285598275e-08 8.6885712760792599e-10 8.832479262899075e-09
6.3100976172388949e-08 8.1464502396433869e-10 8.9673896439540702e-09
6.3328330896641684e-08 8.9537036326651549e-10 8.9995464504339552e-09
6.275202176419228e-08 7.8107359748873765e-10 8.9175163063348904e-09
6.3053062120885447e-08 7.9896343121418138e-10 8.9601768990469893e-09
6.0029930848878949e-08 7.8167309105702873e-10 8.5304631540758337e-09
6.6218649525620766e-08 8.370073608614623e-10 9.4097719995189263e-09
5.8780927557835638e-08 7.2690702579379995e-10 8.3527294329428254e-09
6.3840172658711182e-08 7.823787199285583e-10 9.0714878020909428e-09
6.0800952937328487e-08 8.117654631234791e-10 8.6395007577243702e-09
6.1945198646257849e-08 7.0879611891128551e-10 8.802039104419799e-09
6.2012559594260478e-08 7.6832510789446914e-10 8.811623875480215e-09
6.4548139255336194e-08 8.0038164024612671e-10 9.1719211872491522e-09
6.2054856166789128e-08 7.0702251439850997e-10 8.8175700851125988e-09
6.5319696349861242e-08 7.9356901041041664e-10 9.2813400146536234e-09
6.3285984334583424e-08 7.7474363082543722e-10 8.9922174680471448e-09
6.3104760926242583e-08 7.1510325545703866e-10 8.9663414434725634e-09
6.1878232607976004e-08 7.5738684748651921e-10 8.7919502477105048e-09
6.2612508487838959e-08 7.5112756368392791e-10 8.8961420755450104e-09
6.6577727846082674e-08 8.1598398819383273e-10 9.4593732892831973e-09
6.2134749212867661e-08 6.4896642282973675e-10 8.8280075846049599e-09
6.4118454819377134e-08 7.1281394763157817e-10 9.1098239509408645e-09
6.1158882346313981e-08 6.8254453837140396e-10 8.6893531102381875e-09
5.9658521003721321e-08 6.3798110199539977e-10 8.4761706517780776e-09
6.0539588742304469e-08 6.5562060653910815e-10 8.601256672105575e-09
6.2334322190814326e-08 6.7526117269654546e-10 8.8561022321196295e-09
6.6666440538130875e-08 7.0246690654358212e-10 9.4714354151836387e-09
6.536608579146639e-08 7.1878477988317828e-10 9.2865671092746485e-09
6.1582280042134408e-08 6.7466396004370852e-10 8.7488821159059965e-09
5.9601705613897639e-08 6.3639129028853556e-10 8.4673683064364518e-09
6.1957091498174e-08 5.9963768868839311e-10 8.8018513271496598e-09
6.1171446846199959e-08 5.8186840285790486e-10 8.6901608999475373e-09
6.0699025072322721e-08 5.9849593422244954e-10 8.6230466521410343e-09
6.286074732787869e-08 6.2066151278744079e-10 8.9301630587085569e-09
5.9819297284654534e-08 5.5281785611751317e-10 8.4980473011260819e-09
6.1008215775509537e-08 6.4211391065194614e-10 8.6668324466889196e-09
6.0880008870497298e-08 6.5277531632702912e-10 8.6484762476768363e-09
6.2758504942708297e-08 5.7460508469024109e-10 8.9152009688134301e-09
6.1539734367468775e-08 6.413658309638973e-10 8.7419540868869672e-09
5.8159716988679238e-08 5.27417993606412e-10 8.2616920442075768e-09
5.7104298923122223e-08 4.8565624774143535e-10 8.1116349530561498e-09
6.0296618494584872e-08 5.4546436950770503e-10 8.5649829346025123e-09
6.1204788612278371e-08 5.5962495338734949e-10 8.6939353366436222e-09
5.9036864596676568e-08 6.0679689109142813e-10 8.3860015772528594e-09
5.9554231921462635e-08 5.2659435923535199e-10 8.4594976643646139e-09
6.0209923531900897e-08 5.2642287423430663e-10 8.5525708399983593e-09
5.7306552939619089e-08 4.5341085477195243e-10 8.1400385824985683e-09
5.9346825232752752e-08 5.0877117884966461e-10 8.4297102909872108e-09
5.7741274764902974e-08 4.7778722959174452e-10 8.2015434986734121e-09
5.8184664613646783e-08 4.4907254908919e-10 8.2644155460360394e-09
5.5954360434970723e-08 4.1139460920621771e-10 7.9475099373613068e-09
5.756740811087967e-08 4.9317571104623641e-10 8.1764891094006002e-09
5.9978070602506816e-08 4.9515374170958484e-10 8.5187825863648592e-09
5.5818921696632278e-08 4.4311052349545167e-10 7.9280274956565098e-09
5.6603097251707535e-08 4.753683558667367e-10 8.039420685695503e-09
5.7037837337460291e-08 4.9650844576464904e-10 8.1011601742319035e-09
5.9185748007934975e-08 5.7532262432618813e-10 8.4061519881035428e-09
5.9267003958842621e-08 4.8492114532292537e-10 8.4175617976935233e-09
5.595758500428289e-08 4.1913099173640544e-10 7.9473905134775469e-09
5.7146226627007676e-08 4.5325548003112176e-10 8.1160753168747166e-09
5.6302828050276073e-08 4.1780580167932836e-10 7.9962061753844935e-09
5.7869653182424275e-08 4.072613349095874e-10 8.218708544141339e-09
5.625753685713683e-08 4.4198487341307236e-10 7.9897702151321446e-09
5.3452599960693807e-08 3.7088145474651121e-10 7.5913988292272752e-09
5.5058273664214954e-08 3.9807241075952932e-10 7.8193591161856274e-09
5.5796560133034742e-08 3.9437909763221257e-10 7.9240883780104858e-09
5.3180849035942817e-08 3.7888746392471111e-10 7.5524965643270733e-09
5.3954095410463995e-08 3.8352821886735441e-10 7.6622104099698808e-09
5.4474718054424592e-08 3.7698810650924313e-10 7.7360454091079519e-09
5.5333787979561885e-08 3.9622277579524323e-10 7.8579231229442931e-09
5.4341760687192319e-08 3.8999962063801186e-10 7.716929039977425e-09
5.4877957078793982e-08 3.7301729312941368e-10 7.7929979001613019e-09
5.4491572362822359e-08 3.9531825812002846e-10 7.7381215218919472e-09
5.4394341189523414e-08 4.0640562112059416e-10 7.7243292578174707e-09
5.3628581327963169e-08 3.4808372503760172e-10 7.6155649453611145e-09
5.5011142685330408e-08 3.5005015694790996e-10 7.8118095735195891e-09
5.3500774725455699e-08 3.5221474442483098e-10 7.5972081935951623e-09
5.3056180003475211e-08 3.4071660891790567e-10 7.5339437627524194e-09
5.2792349894868242e-08 3.1741111380072459e-10 7.4963678108387853e-09
5.2775002457028943e-08 3.3173976874449621e-10 7.4938378035453792e-09
5.1537260133384571e-08 3.2799920768151842e-10 7.3180768785228736e-09
5.2032405642150585e-08 3.1817406131781906e-10 7.388398854911951e-09
5.2127325835164615e-08 3.0914790494290938e-10 7.4018571844785744e-09
5.2130520344970954e-08 3.1388619440282864e-10 7.4022310008216301e-09
5.1799535463596671e-08 3.078121590731433e-10 7.3551166721197843e-09
5.205373421700397e-08 3.4806630933214241e-10 7.3910832203471242e-09
5.2818778697252343e-08 3.0089276299366727e-10 7.4995987054138777e-09
5.1047340269832638e-08 3.0839307112005532e-10 7.2480098337999891e-09
5.1587637598768959e-08 3.0741323229514407e-10 7.3247156321304972e-09
5.1670285209606522e-08 2.7396666534273884e-10 7.3364640402567845e-09
5.0981598171160686e-08 3.0790184940554449e-10 7.2386633941078508e-09
5.0910472455571127e-08 2.9161998692983094e-10 7.2284900270846686e-09
5.0302311848882019e-08 2.9422428006909707e-10 7.1420298399762749e-09
5.0252669200443799e-08 2.8657221440318093e-10 7.134859166809706e-09
4.9782970497566622e-08 2.7116067842560879e-10 7.0680644761656177e-09
5.0017558927480493e-08 2.7173298882547703e-10 7.1013026200692081e-09
4.98208757597531e-08 2.5438394976652907e-10 7.0733670161902103e-09
5.0625492079875719e-08 2.7220377251006534e-10 7.1876165463801689e-09
4.9601505756572906e-08 2.5161441825040637e-10 7.0422218710790542e-09
4.9371843547738223e-08 2.7234711935479301e-10 7.0095467112434705e-09
4.9068666220402016e-08 2.5741643167377494e-10 6.9663974045502141e-09
4.9119978825939642e-08 2.6416907038173535e-10 6.9735637816426777e-09
4.9095857106676099e-08 2.4919493573381943e-10 6.9700329113994938e-09
5.0060954863398272e-08 2.6516345168062685e-10 7.1069748961131592e-09
4.9537884675655927e-08 2.5558493011202662e-10 7.0327020104896603e-09
4.9363575279441243e-08 2.4655662293509842e-10 7.007969053269346e-09
4.8277377157621907e-08 2.4023173536440985e-10 6.8537557879609996e-09
4.8420706552717817e-08 2.5197062769717257e-10 6.8740404626315845e-09
4.8034862160073731e-08 2.5195788713350458e-10 6.8191628930526072e-09
4.8645754809144679e-08 2.2856853966095258e-10 6.9057710387586888e-09
4.8525535533204548e-08 2.3873274438752408e-10 6.8885988002283068e-09
4.678732937031848e-08 2.164040642797866e-10 6.6417769264583042e-09
4.8262510778986664e-08 2.5065319733998448e-10 6.8511709377189896e-09
4.6859211214281079e-08 2.2484781864346904e-10 6.6519755082617214e-09
4.7858321889150367e-08 2.406095095077033e-10 6.7938000006873419e-09
4.6751527812244946e-08 2.2892407726977585e-10 6.6366270735091632e-09
4.6644210842260636e-08 2.1767832638890599e-10 6.6212974728720112e-09
4.6408457604053226e-08 2.1752198752504755e-10 6.587720772473658e-09
4.7170863629891358e-08 2.2047578858087592e-10 6.6958398281512544e-09
4.6695580131176977e-08 2.1833504118112259e-10 6.6283027661108996e-09
4.592707509854225e-08 2.0984610127065579e-10 6.5192000749351449e-09
4.6358889978729954e-08 1.9337460042641204e-10 6.5805099083045778e-09
4.6343419547239027e-08 2.0269143479402534e-10 6.578304442589583e-09
4.5089254488721939e-08 2.0387672444476002e-10 6.4002079692786307e-09
4.5154437230830393e-08 2.0664113053621189e-10 6.4093641290797428e-09
4.5547961068773056e-08 1.9516465098636274e-10 6.4651613995079562e-09
4.5430263073152086e-08 2.0230983686563056e-10 6.4484548904432527e-09
4.5305473980800463e-08 1.8200690370557307e-10 6.4307552426540071e-09
4.4508767508277737e-08 1.8994278687093592e-10 6.3176437478456987e-09
4.4600377395239761e-08 1.9094433848843521e-10 6.3305715590423005e-09
4.5387728486497121e-08 1.9329722460812726e-10 6.4422249006360171e-09
4.4093654065824922e-08 1.8264801921239008e-10 6.25844441721152e-09
4.4397104402737264e-08 1.8887515350536249e-10 6.3014305615141147e-09
4.3867913269849975e-08 1.8626752087476881e-10 6.2262777521931559e-09
4.4020229979068777e-08 1.7244028727977217e-10 6.2478968346826525e-09
4.3213745927850856e-08 1.7000428007632235e-10 6.1334395712207013e-09
4.4118862927527503e-08 1.8781625354369093e-10 6.2618815626618633e-09
4.4200145685188815e-08 1.7916556155586527e-10 6.2733478514689175e-09
4.3104106102629226e-08 1.649147233105768e-10 6.117691706023702e-09
4.3416147041041188e-08 1.684695295828625e-10 6.1618778030481572e-09
4.3397505459488858e-08 1.7565778198188122e-10 6.1591469805536543e-09
4.3188796582305656e-08 1.58259023766007e-10 6.1294805785206027e-09
4.264115451602668e-08 1.5960799677029852e-10 6.0517609403460992e-09
4.3118872325513322e-08 1.7748778564977067e-10 6.1195706760788458e-09
4.3292519049312847e-08 1.7261451353544469e-10 6.144183789692658e-09
4.2446666198804101e-08 1.6144386418341026e-10 6.0240564634480763e-09
4.1701539582955961e-08 1.769048829865627e-10 5.9182269721573777e-09
4.3163421713240949e-08 1.6547815054094651e-10 6.1256635925801626e-09
4.1847575581725975e-08 1.7901745656467448e-10 5.93893157896361e-09
4.2821013865654594e-08 1.5933655541312408e-10 6.0770835506864232e-09
4.1418643425532714e-08 1.4745372096985308e-10 5.878019187889994e-09
4.2436721948301101e-08 1.5469483852214189e-10 6.0224198312782863e-09
4.107662869292575e-08 1.5765087006875987e-10 5.8293065999122979e-09
4.2453781550819441e-08 1.4677218365919202e-10 6.0246484033281122e-09
4.1962788128935556e-08 1.4570787274266025e-10 5.9549061248372684e-09
4.1124505183318077e-08 1.4974549528775888e-10 5.8359273221792849e-09
4.1148894041912434e-08 1.4876601448401125e-10 5.8394007091318512e-09
4.1360091706196363e-08 1.5942405891176232e-10 5.8693683730346071e-09
4.0567503593508568e-08 1.5104345603119281e-10 5.7568366722747959e-09
4.1361998216800236e-08 1.4136328577851364e-10 5.8694963388916233e-09
4.1102130018225987e-08 1.3621724018515717e-10 5.832559492783186e-09
4.0831641186743613e-08 1.442789307716721e-10 5.7941705807979577e-09
4.1368546599782646e-08 1.4351738629241301e-10 5.8703721519866324e-09
4.0822474240119989e-08 1.4376114272291166e-10 5.7928669460147976e-09
3.9855159800476605e-08 1.3797013419369582e-10 5.6555420813012174e-09
4.0848215668993466e-08 1.2913379822738027e-10 5.7963707862670393e-09
4.0192597490407501e-08 1.4241770449620309e-10 5.7032457755045678e-09
3.9883029005275195e-08 1.34311123481416e-10 5.6592410043523641e-09
3.971836266262268e-08 1.2455743924537854e-10 5.6358325293682407e-09
3.9600763041855795e-08 1.3363167356878248e-10 5.6191471450698194e-09
3.9826743004363117e-08 1.3366441386019682e-10 5.6512230873082829e-09
3.9650407748021468e-08 1.1948697729881912e-10 5.6261769526437391e-09
3.9093256668077723e-08 1.304371113594904e-10 5.5470475581190575e-09
3.955218211072786e-08 1.2482633885455945e-10 5.6120900438267914e-09
3.9048807831284324e-08 1.2319275995384426e-10 5.5406369427240017e-09
3.8895085980745882e-08 1.1728311380024008e-10 5.5188369689370856e-09
3.871936445344559e-08 1.0992958061222017e-10 5.4939049132072906e-09
3.8217685401085368e-08 1.1473508847118241e-10 5.4226701814856704e-09
3.9250238617425874e-08 1.22847903294015e-10 5.5690982963024853e-09
3.8847214121903902e-08 1.185710945521561e-10 5.5118583317905572e-09
3.8899083203732136e-08 1.2103441395348277e-10 5.5192126859079398e-09
3.8286535739053331e-08 1.0982156682232473e-10 5.4323131439800922e-09
3.9479937170205371e-08 1.275776150369473e-10 5.6016252108709449e-09
3.8428516504606773e-08 1.2016380124620717e-10 5.452387158110912e-09
3.8364332780485591e-08 1.1640596333743367e-10 5.4431990791740035e-09
3.82067704071575e-08 1.1813060972470769e-10 5.4207572297391321e-09
3.7052589431546623e-08 1.0573182780494757e-10 5.2569315496870057e-09
3.7867593224720162e-08 1.1036125316750432e-10 5.3725223741878649e-09
3.7502537176348173e-08 1.0938451871994105e-10 5.3207308286885116e-09
3.7811152231596922e-08 1.1138517589048998e-10 5.3645258573244947e-09
3.7292462397826039e-08 1.1029991028791291e-10 5.2909131720131849e-09
3.8035782815869719e-08 1.137606553642863e-10 5.396303415711873e-09
3.7850884346022755e-08 1.0406277239055667e-10 5.369999566433283e-09
3.7357808273641036e-08 1.0483880165882939e-10 5.3000176571254531e-09
3.761272516369438e-08 1.1414443214356193e-10 5.336194113994041e-09
3.6617160450175275e-08 1.0754699984648468e-10 5.1949527058049841e-09
3.7644889044309933e-08 1.162929758019394e-10 5.3407103088184244e-09
3.6986072310005907e-08 1.0780096463004192e-10 5.2471694011280386e-09
3.7792647715091237e-08 1.1009598655884667e-10 5.3615429503735806e-09
3.6468871781550249e-08 1.0556011620586911e-10 5.1737366075217792e-09
3.7378785638457325e-08 1.0539108934235982e-10 5.3028351041556726e-09
3.6881213365498174e-08 1.0721379813396807e-10 5.2322334676644396e-09
3.6772111815590223e-08 9.6908866159714652e-11 5.2167033558289476e-09
3.6674936655083332e-08 1.09462016379177e-10 5.2028415714129187e-09
3.6868030901584323e-08 1.0077621857456441e-10 5.2301525216604764e-09
3.7028832209416852e-08 1.0786721937437462e-10 5.2528933763048595e-09
3.667991798370506e-08 9.7349246081384642e-11 5.2033568412233448e-09
3.6880122840915466e-08 9.6735801888013071e-11 5.2317571383414018e-09
3.619178453113033e-08 9.5752790625251143e-11 5.0809020311196293e-09
3.7278727445838189e-08 1.1058412152133513e-10 5.2059526656084881e-09
3.6909845051077362e-08 9.7635522141507182e-11 5.1204167164266623e-09
3.6160031862969119e-08 9.4136831100522048e-11 4.9930296086329614e-09
3.6633620875597539e-08 9.6958217347782239e-11 5.0098026787821637e-09
3.6277680199174199e-08 1.0106680797471433e-10 4.9470008822689227e-09
3.633008661764128e-08 1.0076394056928146e-10 4.9164837546851224e-09
3.6885685982172236e-08 9.4255799105888532e-11 4.9513833338846205e-09
3.6156003300795462e-08 1.0280089365302026e-10 4.8581411357660992e-09
3.6356029936324571e-08 9.3995343896332542e-11 4.8966918666862001e-09
3.6624236829064732e-08 9.3812555238236048e-11 4.8978459947187727e-09
3.6479661148535924e-08 1.0144446304567634e-10 4.8692387650069601e-09
3.5713032293811292e-08 8.8263004913014912e-11 4.7264672291954188e-09
3.6400458074091695e-08 9.9333165637030485e-11 4.8062078313614778e-09
3.6585510428702476e-08 9.9174147061170279e-11 4.8048866746306669e-09
3.6459681328606496e-08 9.2457344668494259e-11 4.7552250817917885e-09
3.5880065702184323e-08 9.406769495148141e-11 4.6433075803730044e-09
3.605016704379286e-08 9.2308992584610753e-11 4.6424426007392107e-09
3.6537522930147254e-08 9.4416960352933034e-11 4.6821399524314446e-09
3.6165458416406572e-08 9.0203084137271456e-11 4.6233434242608704e-09
3.6311665881089955e-08 9.3416050885456579e-11 4.653514139247172e-09
3.5802445972432507e-08 9.3638433035314634e-11 4.5633902694356999e-09
3.6105126913958773e-08 9.6705443535406178e-11 4.5931256461642937e-09
3.5538685144507421e-08 8.6413736210928019e-11 4.5227716709607139e-09
3.6218063183030113e-08 9.2681081025634295e-11 4.5811282838141609e-09
3.555022833387506e-08 8.8740356934025381e-11 4.4761097639029772e-09
3.5872618147090253e-08 9.0448999217944287e-11 4.5011773380905178e-09
3.5384022685078171e-08 8.8973847069931925e-11 4.4358175708457155e-09
3.5434248351885231e-08 9.4079112791063068e-11 4.42147991523954e-09
3.5542811710008883e-08 8.6477578180541351e-11 4.4262459148149694e-09
3.5316823492537163e-08 7.9425388845861147e-11 4.37160473824197e-09
3.4971486335368897e-08 7.8809813146681197e-11 4.3288643364018026e-09
3.5206362685463081e-08 8.2175205560097175e-11 4.3455278036648242e-09
3.4717218968898022e-08 8.1675701769582426e-11 4.2561261317218767e-09
3.4757125129913375e-08 8.8048667528549834e-11 4.2481393577437439e-09
3.4862003522185987e-08 8.3236315995821388e-11 4.2627634693399349e-09
3.4935442547898157e-08 7.8369081219526137e-11 4.2577982421951235e-09
3.4850365285544175e-08 7.8194003921216011e-11 4.226429223225801e-09
3.4643971200249094e-08 8.1619324112978922e-11 4.1814413626343265e-09
3.4298461216855256e-08 7.9126407629752727e-11 4.128826547870456e-09
3.4271041540492213e-08 8.276165400823053e-11 4.109706041219457e-09
3.4030299237294666e-08 7.3547453617211028e-11 4.0506784963178322e-09
3.3973086809906451e-08 7.7350994349591499e-11 4.0263584681619746e-09
3.3934599145081544e-08 8.0814492909594102e-11 4.0073790651895887e-09
3.3779990789566141e-08 7.9333919946108201e-11 3.9768555867476543e-09
3.3373878370196576e-08 7.7252343338834395e-11 3.9019762519057495e-09
3.3190497888494162e-08 7.6246814447278585e-11 3.8737771052868345e-09
3.2998086598029192e-08 7.033360410891463e-11 3.8387378600552394e-09
3.24037083772332e-08 7.0856261271374715e-11 3.7527000531090436e-09
3.2819530306223237e-08 7.5457677038872048e-11 3.7870294796312587e-09
3.2349895320539414e-08 7.0209884085036216e-11 3.7286759402335463e-09
3.2592842282464354e-08 7.606136853705621e-11 3.7393841687366546e-09
3.2075001125532127e-08 7.2013645625777238e-11 3.6735039627052334e-09
3.1986908987140678e-08 6.7734647677570118e-11 3.6562957102640079e-09
3.1940381119764879e-08 6.2387692444284332e-11 3.6373791686152715e-09
3.1495060810704383e-08 7.0057723558728023e-11 3.564230612432245e-09
3.1154781237212685e-08 6.4765741085148554e-11 3.510803915864128e-09
3.1331529963278675e-08 6.4487913526316017e-11 3.5148958651076071e-09
3.106746966520414e-08 6.3856677532217209e-11 3.47402344113171e-09
3.0818654376047161e-08 6.2406027191733986e-11 3.4303741473369451e-09
3.0658210522439178e-08 6.2618381702325533e-11 3.4042780504263921e-09
3.0305927809528181e-08 6.0865437248524051e-11 3.3554004506369596e-09
3.0339887762879939e-08 6.4522501173099204e-11 3.3593219798785464e-09
2.9935982066650546e-08 6.2105855990705377e-11 3.3053873008565015e-09
2.9930493909276176e-08 5.8663552461622477e-11 3.2875686660514845e-09
2.921330440218452e-08 5.601939000424146e-11 3.2020639667324158e-09
2.9521377969458058e-08 5.9091104747572095e-11 3.226689300794741e-09
2.9166801624606547e-08 5.1873395969283307e-11 3.1699640400855858e-09
2.8653226462387349e-08 5.9300676703997762e-11 3.0987664365814585e-09
2.8714215193652273e-08 5.6575211914977907e-11 3.0956939278350773e-09
2.8479670970934589e-08 6.1272771998857544e-11 3.0564458259642221e-09
2.8328728695985894e-08 5.0329821078388245e-11 3.030019176927694e-09
2.7978318169356962e-08 5.2785746117979342e-11 2.9876241805974706e-09
2.8046627945884574e-08 5.1580078324280175e-11 2.9951523559354985e-09
2.7491731872983425e-08 5.3650225912332696e-11 2.9217367695561706e-09
2.7354794005913547e-08 5.2123120952376797e-11 2.8780054271019708e-09
2.6833384971969585e-08 5.4781972063031122e-11 2.8119770333539649e-09
2.689527576983925e-08 5.1022550972281082e-11 2.7800584103601128e-09
2.6786587531279073e-08 4.7403504091735983e-11 2.7637591827279164e-09
2.6574418090074242e-08 4.919895873946454e-11 2.7189192147486743e-09
2.6328162474439712e-08 4.9631474317169208e-11 2.680829004229543e-09
2.5851457697503668e-08 4.5788111706202371e-11 2.596217077954696e-09
2.5825561787921266e-08 4.6497688856457899e-11 2.5691414673586694e-09
2.5620860994157081e-08 4.323586470551728e-11 2.5338607864618273e-09
2.5303768376573525e-08 4.2230844073275008e-11 2.4465432811912288e-09
2.5201213862313673e-08 4.250963415542416e-11 2.3906174752164233e-09
2.511920798976651e-08 4.0300393124545211e-11 2.3738978936976828e-09
2.5036697044599352e-08 3.8634382566503615e-11 2.3460727068074971e-09
2.4592166308682357e-08 4.0509623982830374e-11 2.2958400438746595e-09
2.4703859129283078e-08 3.9977663390810556e-11 2.2882710536543457e-09
2.4214998558107724e-08 4.105734463852702e-11 2.2265097982595395e-09
2.4017956070626639e-08 3.9063450317154947e-11 2.2041477030513177e-09
2.4086350708120004e-08 4.1974319675860369e-11 2.2070076880163262e-09
2.371197502911903e-08 3.8632634221963192e-11 2.121869950704979e-09
2.3581085923857742e-08 3.6225942395069788e-11 2.0709370577415161e-09
2.376168577756757e-08 3.8883815562223312e-11 2.0424180689123914e-09
2.3225449207216544e-08 3.8546610479055978e-11 1.9990033245513145e-09
2.3487404992952624e-08 3.8977816828386077e-11 2.0073697407042078e-09
2.3010945546180863e-08 4.0071282131180848e-11 1.9537976941355121e-09
2.2914007145799879e-08 3.494336623184199e-11 1.9384788006237816e-09
2.2907017677020822e-08 3.5858400969605184e-11 1.9170443201487602e-09
2.2883204252564326e-08 3.7531731045332273e-11 1.8950611521985127e-09
2.2414397236906521e-08 3.4855646957802044e-11 1.8392566001764788e-09
2.2360795422528133e-08 3.4741361108614021e-11 1.8335308639474106e-09
2.228443011845643e-08 3.6546421807785942e-11 1.7937843717488817e-09
2.2350348592997169e-08 3.2979862374295191e-11 1.7951908193311236e-09
2.20633884326448e-08 3.1415723745192505e-11 1.7565093590654834e-09
2.2038815672948963e-08 3.1938557958761295e-11 1.7495008971999333e-09
2.190806010276292e-08 3.1362082873580232e-11 1.7271558629541523e-09
2.1787684168035718e-08 3.3684023746664496e-11 1.7162328627442547e-09
2.1824947520185579e-08 3.0155346603183803e-11 1.6817849558070233e-09
2.1726196040395056e-08 3.2124233503655168e-11 1.6454383369376269e-09
2.1709163392365912e-08 2.9362256558418716e-11 1.6335430373122272e-09
2.1553830314268736e-08 3.0380939169384186e-11 1.6158489848866784e-09
2.1547083763227221e-08 2.9859629971743453e-11 1.613308843731684e-09
2.1406799174320409e-08 3.0565319147730486e-11 1.5807770571729077e-09
2.1356579411715593e-08 3.3604424513548744e-11 1.5706238687691645e-09
2.1119817283126435e-08 3.118524883183037e-11 1.5409855494510766e-09
2.1261907563724112e-08 2.8001670251401774e-11 1.5508715480405643e-09
2.1184806495058751e-08 2.8448274890910709e-11 1.5396971819172963e-09
2.1165326089408099e-08 3.0174003084318677e-11 1.5317649552862818e-09
2.1011584937092752e-08 2.9277449939597517e-11 1.5126072034172956e-09
2.0893982456947302e-08 2.750535767171441e-11 1.5001641985050307e-09
2.1061981326332589e-08 2.8720578176234422e-11 1.4912459549821596e-09
2.0955444029203893e-08 2.8637870843003685e-11 1.4676991455927295e-09
2.0785263762757839e-08 2.9109399823109526e-11 1.4275457364787088e-09
2.0858001968637921e-08 3.0015180289783799e-11 1.4121736053586084e-09
2.0779210000762787e-08 3.1736423066959354e-11 1.4061769811990992e-09
2.0716527125444528e-08 3.1014216250497937e-11 1.4047255403804489e-09
2.0757046866250484e-08 2.7843775375200853e-11 1.3882594833708492e-09
2.0725152727179576e-08 2.6987312422932068e-11 1.3867702951031804e-09
2.061280403518262e-08 2.8598519051349034e-11 1.3655682357617146e-09
2.0552188593033248e-08 2.7961186048061119e-11 1.3494072805470004e-09
2.0449870390612707e-08 2.8356023955430383e-11 1.3364198609684848e-09
2.059105959286452e-08 2.8818221914517693e-11 1.3479567224100453e-09
2.0573588706813525e-08 2.7788094448202286e-11 1.3299299139984033e-09
2.0326848365678088e-08 2.7809671435047985e-11 1.3097077685202268e-09
2.0495271260581431e-08 2.798686780708381e-11 1.315724130903168e-09
2.0549510926706439e-08 2.6997534688297998e-11 1.3168990898366789e-09
2.0283593747649351e-08 2.5871201734330489e-11 1.281683198867177e-09
2.026172521560388e-08 2.7313425768781545e-11 1.2739712478526369e-09
2.0273337736333242e-08 2.671747000399596e-11 1.2670663356713956e-09
2.0297736547954391e-08 2.931893593012781e-11 1.2683965971675237e-09
2.0171695893221524e-08 2.7946093333409616e-11 1.2453399800928993e-09
2.0388654424639587e-08 2.6462319530839681e-11 1.2490581024520438e-09
2.044793431160581e-08 2.8181174068917453e-11 1.2446339963469526e-09
2.0150435309615008e-08 2.7136537238047966e-11 1.2081015524936719e-09
2.0073099713987939e-08 2.6053842727336014e-11 1.2051667926692602e-09
2.0141422573537434e-08 2.6435001023919098e-11 1.1997331335796651e-09
2.0061308084147025e-08 2.8098573035352884e-11 1.1947601997188789e-09
2.0114976286840088e-08 2.7526032125199403e-11 1.1881522353638083e-09
2.0133522537082141e-08 2.4183723426143542e-11 1.1914227850582735e-09
1.9876647939669526e-08 2.4956146779165778e-11 1.1735776383288892e-09
1.9990019044731355e-08 2.7528632553688326e-11 1.173648761156437e-09
2.0077073203741604e-08 2.6590315060153941e-11 1.1723974616568947e-09
2.002276665670175e-08 2.5019439675121103e-11 1.1680366621139724e-09
1.9834290362834293e-08 2.5110834954709908e-11 1.1519591732257943e-09
1.9950206008186977e-08 2.4914823082919338e-11 1.1628787942350396e-09
2.003970991813495e-08 2.529469776546091e-11 1.1674540969415965e-09
1.9994400575553219e-08 2.4659778414898935e-11 1.1526694011078638e-09
1.9937732328185261e-08 2.5278078089932861e-11 1.135123891750752e-09
1.9882866488885735e-08 2.5200140233518626e-11 1.1322838013940666e-09
1.9949914339794442e-08 2.3539878000516543e-11 1.1298708148737739e-09
1.9861068094526124e-08 2.5793412970830611e-11 1.1268982106585886e-09
1.9859996147136041e-08 2.2841782903919954e-11 1.1202005227928262e-09
1.974451511096846e-08 2.443972097915929e-11 1.1096165089899851e-09
1.9914914967120444e-08 2.4716219865191069e-11 1.1186005679370805e-09
1.9974906804851247e-08 2.3721901104224e-11 1.1240827704745105e-09
1.9897202212355634e-08 2.4285904053320878e-11 1.1153049649370482e-09
1.9744248202306879e-08 2.3247257624228806e-11 1.1015480444092457e-09
1.9579906885351745e-08 2.3564915391537184e-11 1.0870580858349179e-09
1.9720345744430071e-08 2.3861610853568153e-11 1.0843044490416338e-09
1.9739828109577454e-08 2.3366832475977124e-11 1.0793087603177355e-09
1.9697849038807281e-08 2.2681573672170901e-11 1.0688364748237039e-09
1.9694012763970803e-08 2.4932366967689729e-11 1.0556615600400932e-09
1.9652169346354803e-08 2.5280495332025703e-11 1.0503216852992685e-09
1.9576622372536835e-08 2.3518653520610686e-11 1.0454958874075062e-09
1.961873523553294e-08 2.4242206993465198e-11 1.0429151179961855e-09
1.9541419712326866e-08 2.3370431720771716e-11 1.0314546210489468e-09
1.956239405194541e-08 2.3013982177591129e-11 1.0284613407025493e-09
1.9589504265522564e-08 2.414628503806204e-11 1.0251425871909017e-09
1.9593705653650599e-08 2.3638585753574779e-11 1.0248924888186238e-09
1.9349773689623618e-08 2.397731879205814e-11 9.9831418727811638e-10
1.9435548904431934e-08 2.3914725557576135e-11 1.0005862882209783e-09
1.9574400275476795e-08 2.4062724811452989e-11 1.0110524977619782e-09
1.9331290607937628e-08 2.2682733150687719e-11 9.9119071731812026e-10
1.9342662347166646e-08 2.3811529180048918e-11 9.8161981477113988e-10
1.9389306433435018e-08 2.1918466687869177e-11 9.8309845761846328e-10
1.9228232047452228e-08 2.1611091881734211e-11 9.7079477326881519e-10
1.9379052017449032e-08 2.3942589773172096e-11 9.7729858982401428e-10
1.9286012058462745e-08 2.1552355281717821e-11 9.6645725754286845e-10
1.9136330131182024e-08 2.262089741213987e-11 9.5475138066844298e-10
1.9295560221267371e-08 2.0862583318800589e-11 9.6704834432485814e-10
1.9187652424379343e-08 2.2279685994194251e-11 9.6213990010099557e-10
1.9242700629850125e-08 2.2778949585478931e-11 9.6056738138474567e-10
1.9261406964692332e-08 2.2802733209752032e-11 9.5929614009567849e-10
1.9130604593280449e-08 2.3182684819601628e-11 9.5344742581572401e-10
1.9139571927924786e-08 2.2563458664573328e-11 9.5229597016419282e-10
1.9218336767978481e-08 2.1911485222395737e-11 9.5241045834016408e-10
1.9224781410896478e-08 2.2853841478759099e-11 9.4899286268694213e-10
1.9118049343811916e-08 2.2574613592970196e-11 9.4144868085811696e-10
1.9022479891603421e-08 2.169379058273903e-11 9.3076157223821856e-10
1.904656164226096e-08 2.0945925704782151e-11 9.3205514046310601e-10
1.9087553548330545e-08 2.1658506666179147e-11 9.2726031747541245e-10
1.9155888675281771e-08 2.289584978954873e-11 9.275600738258234e-10
1.9005681933834213e-08 2.1493187085659748e-11 9.2063870373749745e-10
1.9036072413381191e-08 2.0779781882701684e-11 9.2574929682829818e-10
1.907689046680323e-08 2.1300598427890956e-11 9.2872914921516793e-10
1.9037832916755158e-08 2.0409105976735314e-11 9.2626576865827078e-10
1.9031113589891525e-08 2.1526212769019614e-11 9.2136199669190923e-10
1.8984842432981174e-08 2.0288668184481454e-11 9.20707655439202e-10
1.9091572862179861e-08 2.0266727099028501e-11 9.2968317754107415e-10
1.8932047096436047e-08 2.1680846448719688e-11 9.1613402995702485e-10
1.9003440919911575e-08 2.1570489151955726e-11 9.0930084325789238e-10
1.8894226806693688e-08 2.0648605225034072e-11 9.0122393131485668e-10
1.8969549383290894e-08 2.1346070227071006e-11 9.0471987765424548e-10
1.8864109617384773e-08 1.9883254983662403e-11 8.9728412159538405e-10
1.8926039215034814e-08 2.2053651056177272e-11 8.9999975401857185e-10
1.8953029520707771e-08 1.9722357170035623e-11 9.0268545396282328e-10
1.8897145647434693e-08 2.0162915851217997e-11 9.0224424688664426e-10
1.8855555469940213e-08 1.9396884785004977e-11 8.9969255526308793e-10
1.9044987184966908e-08 1.9752157826044671e-11 9.0800089006618169e-10
1.8881406490099906e-08 2.0572343209908695e-11 8.9792743048342839e-10
1.9035185925457207e-08 2.168464948555085e-11 9.0557141797146293e-10
1.8865426898077023e-08 2.1533367565444253e-11 8.8900016116523746e-10
1.9014568541727637e-08 1.891268686552346e-11 8.9481313438689243e-10
1.906655123746043e-08 2.1275965458644747e-11 9.014768094736677e-10
1.8908713514918375e-08 1.9514190899344416e-11 8.8649033865068703e-10
1.896204400993287e-08 1.9416702927262428e-11 8.865912179209691e-10
1.9087415918464484e-08 2.1301730553072429e-11 8.8780442521076907e-10
1.8989102726206538e-08 2.0315571060910388e-11 8.8680253464565454e-10
1.9046656321258694e-08 2.0384401981096121e-11 8.8510003305689538e-10
1.8935863829167346e-08 2.0304012827469657e-11 8.8129180995101805e-10
1.8934109830964455e-08 2.102700339177216e-11 8.763431767152937e-10
1.8986963223783416e-08 2.0544583470555537e-11 8.7908011837980366e-10
1.9076599841651301e-08 2.0558232161929486e-11 8.8179795904179161e-10
1.8960424869598205e-08 1.9120176810167801e-11 8.7477522208973653e-10
1.8959623909087625e-08 1.9821414918202719e-11 8.7084808046912925e-10
1.8970550919982039e-08 1.9815195537096011e-11 8.7242675676790177e-10
1.9058230288615943e-08 2.1509616540239991e-11 8.796411630341727e-10
1.8938941582517246e-08 1.9887457237837372e-11 8.6970843970783915e-10
1.9040213083165436e-08 2.1021263467156889e-11 8.7731821772283263e-10
1.895070569864067e-08 2.0316546969967131e-11 8.7202047200266814e-10
1.8982982396521464e-08 1.9206575117950829e-11 8.6867791045770906e-10
1.9044945959013196e-08 1.8891414849041016e-11 8.7529648746891102e-10
1.89553348167099e-08 2.1031864364339779e-11 8.7721170455077326e-10
1.899478408388519e-08 1.9836499125644642e-11 8.7783440201904397e-10
1.9151987743412016e-08 2.0674801920691165e-11 8.7831108379208202e-10
1.8776582510513516e-08 2.0473184217647712e-11 8.5891334298081562e-10
1.9017300519803474e-08 1.9442301677516404e-11 8.7097385124425172e-10
1.9134105267846275e-08 2.1541608435500839e-11 8.7502956667590055e-10
1.9216524875452547e-08 2.0431972917741776e-11 8.7725891672391197e-10
1.9267107237230384e-08 1.9769455307132945e-11 8.8091318211293476e-10
1.9133536929446085e-08 1.8352587057673686e-11 8.7764158230682753e-10
1.9217833202613107e-08 1.8838467041680671e-11 8.7273304779742646e-10
1.9205955091172256e-08 1.965870658907381e-11 8.7184124820486995e-10
1.9233565512721006e-08 1.8489065661405461e-11 8.660027980963566e-10
1.9480790398357779e-08 2.0041974257138061e-11 8.7551679166953085e-10
1.9366042876386073e-08 2.0092600598733393e-11 8.7205026352996527e-10
1.9430871566357545e-08 2.0109621197865082e-11 8.7557898084877716e-10
1.9217309845995734e-08 2.0933935221501593e-11 8.6187299317655256e-10
1.9361711678704901e-08 1.9201275350652397e-11 8.7002574302379698e-10
1.9386731609498655e-08 1.8093885218573002e-11 8.6960982367864184e-10
1.9389227253387519e-08 1.9561392532662636e-11 8.6800046506960591e-10
1.9209910882952887e-08 1.8007379099136824e-11 8.5968925229085802e-10
1.9274803536718634e-08 1.8904014565846263e-11 8.567937154342571e-10
1.954371090965675e-08 2.1276578856126268e-11 8.6995202169269906e-10
1.929800892434099e-08 2.046902312035148e-11 8.5869515415780572e-10
1.940549095333017e-08 1.9748175194168648e-11 8.6169943687721143e-10
1.9401502472890806e-08 2.0804958177603084e-11 8.5929551309514956e-10
1.9254995891205558e-08 1.8799614314258503e-11 8.4988036944064978e-10
1.9399606955551985e-08 2.0645287976684139e-11 8.6027915843651153e-10
1.9559903511831791e-08 1.9718355012748929e-11 8.6310177877850199e-10
1.948681159709619e-08 1.9939967857326659e-11 8.5507317990127643e-10
1.9305399045378925e-08 1.9084865134577175e-11 8.5205352689618454e-10
1.9355410493547161e-08 1.9135519886604821e-11 8.594889319452826e-10
1.9590003052503215e-08 1.9599020113939927e-11 8.6776725504736267e-10
1.9463938241537802e-08 1.9557472978443046e-11 8.6118282795047372e-10
1.9559889284476679e-08 2.0122823651210608e-11 8.5730314067143135e-10
1.9533443146169027e-08 1.9213931999444631e-11 8.4921337483024759e-10
1.940675209169763e-08 1.8846591663916548e-11 8.4074042927174614e-10
1.9502713737450492e-08 1.7351716824635196e-11 8.3846854072027549e-10
1.9459870736195998e-08 2.0022694034236014e-11 8.3991156801348813e-10
1.9654443214479529e-08 1.94176899784403e-11 8.4448057227595439e-10
1.9453020551387716e-08 1.8666549181376862e-11 8.3376625885600155e-10
1.960198342903577e-08 1.9156566507556602e-11 8.3518446092476065e-10
1.9667856399941394e-08 1.994032620270192e-11 8.3960071192190321e-10
1.947245355655296e-08 1.8953866700625629e-11 8.2606523057257325e-10
1.954983071025929e-08 2.0017921031915712e-11 8.1958472565169914e-10
1.933021615643436e-08 2.0180625746215622e-11 8.0361877572345422e-10
1.9559480448772135e-08 1.8026342679607374e-11 8.1486439196066065e-10
1.9672570296322633e-08 1.8019693579630526e-11 8.1963172986589484e-10
1.9547210720521966e-08 2.0081344075758655e-11 8.1219491449116216e-10
1.9523240091863396e-08 1.8401258793581843e-11 8.0655638317346855e-10
1.9598561048549925e-08 1.8942761756907237e-11 8.1426191220468673e-10
1.9720409792078801e-08 1.7791603485101549e-11 8.2094382687163411e-10
1.9575061540979292e-08 1.9168741446446373e-11 8.1636407885436058e-10
1.9711470977123878e-08 1.924832652853034e-11 8.2007483624881315e-10
1.9688538291894939e-08 1.868076769198023e-11 8.1573376016202021e-10
1.9612932699439107e-08 1.874689286695617e-11 8.1128104334548018e-10
1.9658512280899413e-08 1.7795777820688881e-11 8.1006737152640739e-10
1.9752925692166043e-08 1.8933495823043602e-11 8.1327354416639664e-10
1.9648348605552116e-08 1.9499925506531095e-11 8.0476913504443705e-10
1.972661622091222e-08 1.769768603957811e-11 8.0440606611438968e-10
1.9693448855987154e-08 1.8827215812645643e-11 8.0330656558480221e-10
1.9713346555537805e-08 1.8517366632748707e-11 8.0215852093835066e-10
1.9600294483922117e-08 1.8125940104342529e-11 7.9936626375025635e-10
1.9682289092666503e-08 1.9605168024583517e-11 7.9654773449462919e-10
1.9749707277525217e-08 1.8826653692206668e-11 7.9206896808348735e-10
1.9772252976422399e-08 1.8464763253694504e-11 7.9096013491564764e-10
1.9800727459134211e-08 1.9876451278340017e-11 7.8804609443427894e-10
1.9666261585244189e-08 1.9086064835047111e-11 7.8295387012991486e-10
1.9840703213236151e-08 1.955826761886956e-11 7.8815855742474252e-10
1.9826411392027313e-08 1.9477080237256895e-11 7.870288604671028e-10
1.9750289389303361e-08 1.8731794098442989e-11 7.820815198562235e-10
1.9759735182892258e-08 1.9780045233462863e-11 7.798703349454596e-10
1.9753161240927967e-08 1.8392209912850716e-11 7.7776482451210644e-10
1.9794837668209278e-08 1.7592680344833306e-11 7.7694971478034132e-10
1.9895386881064201e-08 1.9007696094041507e-11 7.7711079505641428e-10
1.9822110342901938e-08 1.9300459372799e-11 7.7680124625665962e-10
1.9845397857042128e-08 1.8985523153439087e-11 7.804663056503941e-10
1.9897117130705525e-08 1.8229655720807557e-11 7.812364338837324e-10
2.0016526741885061e-08 1.8875751461754804e-11 7.8362927962664925e-10
2.0023654104627148e-08 1.845020260405868e-11 7.8927720722316716e-10
1.9974913443655539e-08 1.9294324943153946e-11 7.8600367426374702e-10
1.9965828408038429e-08 1.8105235776292295e-11 7.9003711595328757e-10
1.9928427513363497e-08 2.0386412684777024e-11 7.8695929877633075e-10
2.0037948886258316e-08 1.9124724856354398e-11 7.8655602732336257e-10
1.9957760106394748e-08 1.7429582918598225e-11 7.8114744769805887e-10
1.9956091808466706e-08 1.6654616912111832e-11 7.7896193585214151e-10
2.0066029142865757e-08 1.8924047792431406e-11 7.8677046203295636e-10
2.0112101712041886e-08 1.964645724985354e-11 7.827821484613501e-10
2.0074746506592004e-08 1.7439091070162664e-11 7.792444006491412e-10
2.0081569283578543e-08 1.9029539384229547e-11 7.8127382804105302e-10
2.0259739736754261e-08 2.0362049678207796e-11 7.861607361703468e-10
2.0236729490832783e-08 1.767735436299199e-11 7.8240022246072703e-10
2.023219802313406e-08 1.7643732158351226e-11 7.8363883279401247e-10
2.0238251539643459e-08 1.8407070120845012e-11 7.8237123561748875e-10
2.0274249039085237e-08 1.8573501625401588e-11 7.7884799855792303e-10
2.0399723655918368e-08 1.8963837811894913e-11 7.8395901973663927e-10
2.034382907617298e-08 1.9233613019927578e-11 7.7974619970257858e-10
2.0545857960561615e-08 1.8456748687445884e-11 7.8773943851305537e-10
2.0390447458795746e-08 1.8588685840542301e-11 7.8066842440355756e-10
2.0512144222884443e-08 1.9439269679076642e-11 7.8193058362295286e-10
2.0421341223989916e-08 1.9691247495125048e-11 7.7658025413587359e-10
2.0538245559134109e-08 1.885395360683392e-11 7.8243987434792184e-10
2.0619486911910169e-08 1.8435716055326013e-11 7.8063377146216495e-10
2.0628614747926944e-08 1.9359383711099033e-11 7.8107244630552304e-10
2.0738183361751144e-08 1.8204780152741743e-11 7.766217231592515e-10
2.0595271602450474e-08 1.9136486238556341e-11 7.6948027034998568e-10
2.0774126663959327e-08 1.7908237312332949e-11 7.7649670400062454e-10
2.0705966251019732e-08 1.9487169333761283e-11 7.7441141690954915e-10
2.0792813588387542e-08 1.8986041164432044e-11 7.7348367705487446e-10
2.0806786956236535e-08 1.9386895315527018e-11 7.7468850405512441e-10
2.0788636461633835e-08 1.9404246168297968e-11 7.7268521153367331e-10
2.0905088438733797e-08 1.9257723173672625e-11 7.7491913334244702e-10
2.1099936930926564e-08 2.0046107196889219e-11 7.828427848635532e-10
2.0884893150345844e-08 1.9051399129409771e-11 7.7558436240513248e-10
2.1134943857702676e-08 2.0606124817529478e-11 7.7990540609300477e-10
2.0972807334070191e-08 1.9850692986915018e-11 7.7000433530525715e-10
2.1153296175975888e-08 1.9154156121806993e-11 7.7498224017184646e-10
2.1327657065331424e-08 1.9402288791545915e-11 7.7875936972805299e-10
2.1133987677876436e-08 1.8789192295608902e-11 7.5934913654072413e-10
2.1314839246250339e-08 2.0063943964200158e-11 7.6697875537399101e-10
2.1340622168426537e-08 1.9516325744375202e-11 7.7153150108696556e-10
2.1325652697270925e-08 1.9659235123257286e-11 7.6775039534120876e-10
2.1499953400199588e-08 1.9010221181118726e-11 7.7270923725472397e-10
2.1455197932423516e-08 1.9110306753883471e-11 7.6470211814423156e-10
2.1465643682876801e-08 2.0685111748202413e-11 7.5844214801399599e-10
2.1713168177963559e-08 2.0535541500136633e-11 7.6389462290107889e-10
2.1540193524971524e-08 1.9155255439745666e-11 7.5355528603619883e-10
2.1778465693690709e-08 2.0155430706870676e-11 7.5715733820539965e-10
2.1665106900752452e-08 1.9772467270565866e-11 7.5231382927243516e-10
2.1762884372680174e-08 1.8353587080292913e-11 7.5338978672951792e-10
2.1771952831286558e-08 1.9582089234779946e-11 7.4556363757625311e-10
2.1905829763331864e-08 2.0796936493541669e-11 7.4948170169268947e-10
2.1858334695383762e-08 1.9145946351308255e-11 7.4708620044045918e-10
2.1949062903004464e-08 1.9046644489563333e-11 7.4768146293118526e-10
2.2044613258514593e-08 2.0100105501321812e-11 7.5210728470184048e-10
2.20333848294018e-08 1.9921484673823377e-11 7.4773962797286337e-10
2.2052879797870844e-08 1.9936361016116768e-11 7.494915637267395e-10
2.2186585733845555e-08 2.0171664592517839e-11 7.5605645056928015e-10
2.223980176345246e-08 1.9606670915182039e-11 7.5862868932216142e-10
2.2236869651750474e-08 1.940175841410688e-11 7.5655814349279537e-10
2.2414205771516817e-08 1.9620498585253224e-11 7.6455649612477114e-10
2.2520344771177279e-08 2.1294021942773862e-11 7.6375491782187605e-10
2.2436519202037789e-08 2.0415877565127103e-11 7.6023471791182897e-10
2.2448815050008675e-08 1.9224781582616489e-11 7.6358095078456898e-10
2.267393999154758e-08 2.0614062359534709e-11 7.7159774333650452e-10
2.2506889299394951e-08 2.0924563111261707e-11 7.6397608540881925e-10
2.2639855738740738e-08 2.0068225944145729e-11 7.6433922803083074e-10
2.2737460262970307e-08 2.1166121791048862e-11 7.6622318371713933e-10
2.2764812557267858e-08 2.0707536154723573e-11 7.6460538555742319e-10
2.283733867601141e-08 2.1149625727797831e-11 7.6831778356836703e-10
2.2726615239244537e-08 2.0762819383094122e-11 7.6354813903899718e-10
2.2914277505539324e-08 2.1235894898727797e-11 7.6904811596089904e-10
2.288985805967763e-08 2.0779760688657288e-11 7.6553712225985104e-10
2.2988617730744249e-08 2.1191744331712246e-11 7.688673783018569e-10
2.3021888963908727e-08 2.3517323814706741e-11 7.7435703340171772e-10
2.3107445827049312e-08 2.0447083159975064e-11 7.7704960046573081e-10
2.3212073207285568e-08 2.2058100301280083e-11 7.7844867038096869e-10
2.3003071186735441e-08 2.1458985744700545e-11 7.7138039466633683e-10
2.329291436395592e-08 2.1122357235059243e-11 7.8097945710832919e-10
2.3206860849036087e-08 2.1360642580833696e-11 7.7705972386688604e-10
2.3333390999788692e-08 2.1501945094737013e-11 7.8206103162386724e-10
2.3194162697119118e-08 2.015499198588181e-11 7.7751628820714882e-10
2.3477990646927585e-08 2.0442600178988638e-11 7.8702057774375749e-10
2.345955418458443e-08 2.1378428230682936e-11 7.8316593637711963e-10
2.3367924548767335e-08 2.1091187765256956e-11 7.8057749590167393e-10
2.3432335219509371e-08 2.1697088607679283e-11 7.814772245114444e-10
2.3493031811182083e-08 2.0256334216151235e-11 7.8019635449472629e-10
2.3581545041054965e-08 2.2040308690793408e-11 7.8265754573319003e-10
2.3597636958882728e-08 2.0787495212391377e-11 7.8409871672416077e-10
2.3586193493996e-08 2.1452680647977368e-11 7.8429503510222255e-10
2.354331669608209e-08 2.0165400824443427e-11 7.8766558691475138e-10
2.3729400645178946e-08 2.0360332627633137e-11 7.9803157150689441e-10
2.3690755574923337e-08 2.075149334233814e-11 7.9733090541102674e-10
2.3718676466387671e-08 2.0505855406172561e-11 7.9968024176371596e-10
2.3781385546176148e-08 2.18803230533957e-11 7.9834100724644448e-10
2.3581692397943341e-08 2.3055180151341064e-11 7.966688834922311e-10
2.3766433944988643e-08 2.0642132576233963e-11 8.0278508934213346e-10
2.3697377533437595e-08 2.2275191934137188e-11 8.0335488434442976e-10
2.3807138524653621e-08 2.009565054484552e-11 8.0328695546160081e-10
2.3721920515730088e-08 2.2210675195482901e-11 7.9918263827850986e-10
2.3970464597071306e-08 1.9968121526013681e-11 8.1233759355875994e-10
2.3965225454921172e-08 2.1477207052815211e-11 8.0816485851309525e-10
2.3824916635093207e-08 2.1214279937617391e-11 8.0053674641983762e-10
2.3951648480295126e-08 2.1592843358591177e-11 8.091706695352921e-10
2.3895341754770938e-08 2.0358920755652843e-11 8.086596111704859e-10
2.405735380383455e-08 2.2634025373267271e-11 8.2003124816670037e-10
2.4107051650790883e-08 2.1251309163914618e-11 8.2172811693887485e-10
2.3952984156762536e-08 2.1051543862752348e-11 8.173105187025826e-10
2.3908355973876487e-08 2.1152211080964367e-11 8.1970655714933474e-10
2.4130385282565071e-08 2.06064238928812e-11 8.2453148390118573e-10
2.4000095553298978e-08 2.1286424226044837e-11 8.2338737541597773e-10
2.408054344824066e-08 2.1278890904907087e-11 8.2828679093900179e-10
2.4132213786035255e-08 2.3017713523106008e-11 8.3393942343593975e-10
2.417368975260565e-08 2.001127966270092e-11 8.3017057357109483e-10
2.416708961559373e-08 2.222020703474901e-11 8.2834022443078427e-10
2.4276017662405812e-08 2.1708142204291418e-11 8.3455817918603289e-10
2.4267197104530759e-08 2.3242989745778791e-11 8.318329930151395e-10
2.4232187275899937e-08 2.1350201619249006e-11 8.2625738621812502e-10
2.4387103253904097e-08 2.1119396665206516e-11 8.2936141501235272e-10
2.4365351993940707e-08 2.0699147865214111e-11 8.2545774626285772e-10
2.4392275414358789e-08 2.2125469833680866e-11 8.2856769238507119e-10
2.4290765542036077e-08 2.1585852072582019e-11 8.199836745691323e-10
2.4360513183381891e-08 2.0593677190424825e-11 8.2006568710278292e-10
2.438490434606374e-08 2.2715810488528525e-11 8.2003226314600253e-10
2.4609616244342112e-08 2.1260086117115893e-11 8.2534360265257474e-10
2.4415837410855868e-08 2.1442004989790342e-11 8.1707094132326906e-10
2.4491957335621994e-08 2.1047172796227243e-11 8.2467515093033417e-10
2.4468807856913273e-08 2.1114562519662321e-11 8.2637658923480148e-10
2.4671708512160077e-08 2.0879609757525191e-11 8.3548977287216163e-10
2.4646957719293191e-08 2.1932764151517372e-11 8.3520446897725944e-10
2.462235506744226e-08 2.1472882355301196e-11 8.3474969458706495e-10
2.4739922839661299e-08 2.1451752812004444e-11 8.4563533094495404e-10
2.4799346330761933e-08 2.1804874970309856e-11 8.4934272553918013e-10
2.477026793767094e-08 2.1772066679134767e-11 8.475684313141456e-10
2.4866744425614235e-08 2.1087245710764833e-11 8.5658217239411309e-10
2.4772607800941156e-08 2.0701206824097796e-11 8.5392995772850351e-10
2.4902641781232493e-08 2.2245274951223589e-11 8.5871959880269937e-10
2.4908670211586321e-08 2.2331968661928849e-11 8.6061347138666908e-10
2.5031238831358573e-08 2.1943459623506338e-11 8.6162757999094891e-10
2.5080041248871654e-08 2.2055606015720425e-11 8.670611726914613e-10
2.5187418726913395e-08 2.3332856893938669e-11 8.6510422111986443e-10
2.4925930735365859e-08 1.9782349765128248e-11 8.5870633988105107e-10
2.5173094258774958e-08 2.5381442990419378e-11 8.698133612385428e-10
2.5222618463663603e-08 2.2875983259527969e-11 8.8022271903831052e-10
2.5352186255244151e-08 2.2228771587023128e-11 8.8447302799088448e-10
2.5352376145524544e-08 2.2981798164688298e-11 8.8549370478159224e-10
2.5346412604997445e-08 2.2465019672000016e-11 8.8359539883286244e-10
2.5533101025605541e-08 2.1255160968747735e-11 8.8683224183969484e-10
2.548543203059867e-08 2.358601538598652e-11 8.8347969718097906e-10
2.5555776470638407e-08 2.1785907547341591e-11 8.9059299291698502e-10
2.5599158666200069e-08 2.3932962536989826e-11 8.9513708384200289e-10
2.568134100103691e-08 2.3385811377587999e-11 8.9979434824715816e-10
2.5644020079522644e-08 2.3034788492236485e-11 8.9739881634251601e-10
2.5708540233108448e-08 2.1435971958002011e-11 9.037094448452438e-10
2.5920774381123836e-08 2.2469185866486968e-11 9.1222873659584762e-10
2.5851311410899108e-08 2.2284650969042164e-11 9.0976882197966331e-10
2.6040588105863854e-08 2.3755138211431809e-11 9.1642525076946454e-10
2.6089062600326352e-08 2.4765208197080581e-11 9.1128330231509697e-10
2.6100008658839195e-08 2.2964031278078028e-11 9.1386460994264014e-10
2.6203505692822961e-08 2.3945159569027695e-11 9.1701557601768211e-10
2.6126299147209503e-08 2.3196208011536478e-11 9.193126268354137e-10
2.6509492157813333e-08 2.3414816761858041e-11 9.3007377314801978e-10
2.6434627849995668e-08 2.325921150483708e-11 9.3430611003344983e-10
2.6396940136894241e-08 2.4671629153015383e-11 9.3303061547163107e-10
2.658861493494122e-08 2.2578910015674907e-11 9.3940724576716783e-10
2.660026754528801e-08 2.3759375644067875e-11 9.4171529212515256e-10
2.6684896006312517e-08 2.4000931598301743e-11 9.4398762091895931e-10
2.6712748189068423e-08 2.4652012157281083e-11 9.5098952490885679e-10
2.685139972470943e-08 2.2997474106860956e-11 9.5462053256409575e-10
2.6890476281370466e-08 2.3799483806618095e-11 9.6012431772493258e-10
2.6926079018346123e-08 2.4837452873971742e-11 9.6339217379617944e-10
2.7079814859824986e-08 2.4469077565061414e-11 9.6553965536122044e-10
2.712200984881917e-08 2.4911342907236742e-11 9.6731270132965858e-10
2.7253762636372403e-08 2.3882122342691893e-11 9.7320338099036088e-10
2.7321446569563824e-08 2.4988111728602269e-11 9.8076832775343755e-10
2.7431199709044891e-08 2.36132508816916e-11 9.9094694177390226e-10
2.7395747584712023e-08 2.693769158256823e-11 9.9096182902676694e-10
2.7609788412779827e-08 2.4117594378809934e-11 1.0043816157296695e-09
2.7490753284882302e-08 2.560046270815666e-11 9.9958077386775643e-10
2.7751874669305681e-08 2.4972643004490537e-11 1.0156434026249357e-09
2.7643426107489591e-08 2.6870619919807324e-11 1.0181426575207764e-09
2.7919805203282083e-08 2.6134336862731026e-11 1.0362118502160452e-09
2.7987443540164517e-08 2.7126439823867884e-11 1.0441802376022593e-09
2.8087981253042471e-08 2.6423308249144378e-11 1.0484894008682958e-09
2.804743379449132e-08 2.5554310359404427e-11 1.0427232488075512e-09
2.8265574955696236e-08 2.5558017337295647e-11 1.0523466472617918e-09
2.8226203606849641e-08 2.4096261319214578e-11 1.0628843751395875e-09
2.8402184553148104e-08 2.5874798532510742e-11 1.0737051229542954e-09
2.8346500499555358e-08 2.3562687021901737e-11 1.0744586270833232e-09
2.85628523981871e-08 2.7130792712946507e-11 1.0834949204893892e-09
2.8559514396114825e-08 2.623447489108038e-11 1.0921965242290606e-09
2.8934210829782589e-08 2.6114827006297205e-11 1.1051209250758466e-09
2.8673284515509287e-08 2.5395978316988638e-11 1.0982177363871812e-09
2.8826245977154792e-08 2.5523389143459757e-11 1.1099895234979344e-09
2.9015325679010165e-08 2.6465997401429016e-11 1.1248831565701328e-09
2.8911695076000342e-08 2.4563725750114875e-11 1.1205013374248583e-09
2.9136991539097112e-08 2.6429027728970273e-11 1.1310501462608452e-09
2.9186117371843498e-08 2.8663049537748543e-11 1.1368900855419326e-09
2.924622452351147e-08 2.5547305341294472e-11 1.1434156976920981e-09
2.9359437402643714e-08 2.6879452971330549e-11 1.152534231516519e-09
2.9572839334942994e-08 2.7889197891330232e-11 1.1632784993783619e-09
2.9579484518077688e-08 2.6974705191990133e-11 1.1631770962868832e-09
2.9749232925446653e-08 2.9316608873055728e-11 1.1747173318443625e-09
2.9614492926830499e-08 2.7510940766258247e-11 1.1716638844892485e-09
2.9908093085814554e-08 2.8537235011120053e-11 1.1870677594935759e-09
3.0081103796145298e-08 2.8456517215885901e-11 1.1907315131208807e-09
3.0030020833007231e-08 2.6934308699106807e-11 1.1933455708746907e-09
3.0147437506124886e-08 2.9333117315102977e-11 1.2001285157480951e-09
3.0382471851774222e-08 2.5742071026562798e-11 1.2049762511011085e-09
3.0392777736875854e-08 2.6035817555440159e-11 1.2066929648297298e-09
3.0418219068277859e-08 3.0801979606519255e-11 1.205664678075273e-09
3.0569159574443804e-08 2.8632515451913048e-11 1.2127729409574407e-09
3.0442694857526327e-08 3.1183437372457454e-11 1.2129640072619476e-09
3.0832760552176383e-08 2.8575886299441071e-11 1.2261064086676752e-09
3.0842400573926418e-08 2.9250474830409575e-11 1.224228912201883e-09
3.0692694180023926e-08 2.6886492225172371e-11 1.2214178509898987e-09
3.1032542987717209e-08 2.9580356825958455e-11 1.2352133448989417e-09
3.0861072309399163e-08 3.0628846412315183e-11 1.2309368625653817e-09
3.1071432001658516e-08 2.9998705915658683e-11 1.2483445716665249e-09
3.1113860260195907e-08 2.6381556178921619e-11 1.2529910541369109e-09
3.1249798942555924e-08 2.9825743063201575e-11 1.2598726512676786e-09
3.1502679284425658e-08 3.2509035501785788e-11 1.2750599156307493e-09
3.1196843027807553e-08 2.97020889357608e-11 1.2656256966611233e-09
3.1338650030799873e-08 3.0378800673283538e-11 1.2719755848332773e-09
3.1571768315389917e-08 3.1471061094995742e-11 1.2870434525193171e-09
3.1466432068135665e-08 3.0531328845523117e-11 1.2833110751451656e-09
3.1511499691493836e-08 2.9217070166108438e-11 1.2941609058421863e-09
3.1878489558605453e-08 3.1147306156895941e-11 1.306743033860558e-09
3.1971830070076527e-08 2.8455615567215188e-11 1.309125484675909e-09
3.1876496106935315e-08 2.9169860438447644e-11 1.3027841856848125e-09
3.201537684572086e-08 3.1390697829120929e-11 1.3082698710166365e-09
3.198940942124731e-08 3.4119777913527536e-11 1.3084584597094394e-09
3.2071078660735007e-08 3.1692682236506789e-11 1.3109034653676633e-09
3.2139267245604744e-08 3.0425297355605434e-11 1.3180507213375193e-09
3.216517484237999e-08 2.9778380499264086e-11 1.3231037832657374e-09
3.2229818334437512e-08 3.0540793077608416e-11 1.3185619050228988e-09
3.2460350318445286e-08 3.2921164547953293e-11 1.324151538244029e-09
3.2431928810489305e-08 3.1541015390566108e-11 1.3309496816800645e-09
3.2693175759521745e-08 3.1650819455501082e-11 1.3413543827429553e-09
3.2834642512098307e-08 3.3996422158781075e-11 1.3438231331402484e-09
3.2676387092725949e-08 3.1409042531200339e-11 1.3419715905068974e-09
3.2918809748245308e-08 3.0382767217153946e-11 1.346048861077582e-09
3.2904997519686429e-08 3.2760008436267408e-11 1.3397922903184131e-09
3.2853841764311666e-08 2.961209434005717e-11 1.3449704057364923e-09
3.3191684165106993e-08 3.173710880302603e-11 1.3690113614310585e-09
3.3036767916455233e-08 3.1802628616507315e-11 1.3693392408303242e-09
3.3109105903077828e-08 3.2081767938505235e-11 1.3723266677051084e-09
3.3245996635564565e-08 3.178996566801923e-11 1.3776312914502129e-09
3.3270092795684926e-08 3.3451285936438076e-11 1.3852129211951151e-09
3.3454382575138361e-08 3.0949535468060043e-11 1.3995171178656713e-09
3.3260872631414922e-08 3.3526899700938013e-11 1.3916651580160877e-09
3.3393361992875496e-08 3.3308775499926801e-11 1.4014432143588856e-09
3.3453655390417969e-08 3.0313636549481181e-11 1.4036415153476313e-09
3.3710365461954666e-08 3.3796916799312464e-11 1.4139738916888433e-09
3.3867436320584601e-08 3.4041001496658306e-11 1.4295723801876826e-09
3.3849639538901488e-08 3.0165407047631867e-11 1.4364096293324595e-09
3.3885171460554432e-08 3.3102170283439375e-11 1.4364067318249822e-09
3.3949827363108814e-08 3.4430084805228487e-11 1.4462380587282092e-09
3.3936058259482613e-08 3.3227754019714222e-11 1.453483341792749e-09
3.3965360949877433e-08 3.2203358531043642e-11 1.4532514306072084e-09
3.4058237768215743e-08 3.5293239131071625e-11 1.4614229012807206e-09
3.4183545733937632e-08 3.3601349978156929e-11 1.4671434404739029e-09
3.4269483124278678e-08 3.5957494686411965e-11 1.477908142436577e-09
3.4209495790150517e-08 3.3506024992819176e-11 1.4771164047306088e-09
3.4301587746339976e-08 3.4836246164858993e-11 1.4900605715997853e-09
3.4511398682095375e-08 3.5006363654269722e-11 1.505500336572948e-09
3.432903591207268e-08 3.4894709235002031e-11 1.503235172927494e-09
3.4500479798753851e-08 3.2279322027438415e-11 1.5142166457671052e-09
3.4741638073663403e-08 3.4117129736644904e-11 1.5326789504039706e-09
3.4667314802515605e-08 3.2052026897809844e-11 1.5357483584126778e-09
3.4732033957475459e-08 3.5562293322766718e-11 1.5491438103054918e-09
3.4713003978808237e-08 3.2994850824175261e-11 1.5458868415020509e-09
3.4968588334495694e-08 3.1352614125071606e-11 1.5599124028731541e-09
3.4926683826062662e-08 3.3446701417490702e-11 1.5669434085196388e-09
3.5035273445915109e-08 3.5344052609349161e-11 1.5669364998507287e-09
3.5220414149531147e-08 3.5518298998318003e-11 1.5839487055651505e-09
3.4991470995208718e-08 3.5238539236154296e-11 1.5790207201108988e-09
3.5313778399687269e-08 3.4348993253937556e-11 1.587131679976004e-09
3.5435243600340392e-08 3.6048029910569117e-11 1.5908565787399236e-09
3.5316915783693902e-08 3.6321876469584522e-11 1.5781657658070787e-09
3.5501496807541592e-08 3.4946773199386391e-11 1.5921757974797447e-09
3.5464664349862696e-08 3.3627182090919531e-11 1.5990177137009953e-09
3.5498551795278749e-08 3.5970345353406168e-11 1.5950124669471302e-09
3.5675098482150601e-08 3.5646149079204774e-11 1.6076549411896057e-09
3.5542458356561161e-08 3.5413410533156518e-11 1.600952373455178e-09
3.5670670341762683e-08 3.779199761344223e-11 1.6052240562533047e-09
3.5858568768164358e-08 3.3854516960965309e-11 1.6198783365370738e-09
3.5899790501718006e-08 3.9386515319544585e-11 1.6290520697730849e-09
3.6078220154822811e-08 3.4329690988415803e-11 1.6438282639908152e-09
3.5867129210499206e-08 3.5392670262524796e-11 1.6428605107773372e-09
3.6131324511988951e-08 3.6229602370717422e-11 1.6531926084595215e-09
3.6090716375132295e-08 3.5115587462649486e-11 1.6624241820094777e-09
3.6250382695508983e-08 3.3023331806149083e-11 1.6645156847491638e-09
3.6132495847502625e-08 3.4807313587178436e-11 1.6583545415214891e-09
3.6282529743931224e-08 3.6050649761735259e-11 1.6538367997683921e-09
3.6529081812267531e-08 3.6097787273770196e-11 1.66502813842658e-09
3.6574881999253377e-08 3.7309380080289662e-11 1.6721521926176981e-09
3.6746349272588066e-08 3.6110467406403396e-11 1.6726342444885836e-09
3.6649487073245804e-08 3.9221348664994706e-11 1.6819183892080362e-09
3.671745278836627e-08 3.3719458670005754e-11 1.6867781443966621e-09
3.6677253070740231e-08 3.5279542617326139e-11 1.6711519110739732e-09
3.6958219097217048e-08 3.6986480489368061e-11 1.6711332441755593e-09
3.6943839249265903e-08 3.5109072164780003e-11 1.6646046636211102e-09
3.7049381203323438e-08 4.0242422631041236e-11 1.6687197319720755e-09
3.7127650880144644e-08 3.666981937941172e-11 1.674554437075014e-09
3.7152357854967587e-08 3.7499762403906869e-11 1.6786817244323822e-09
3.7327787544852742e-08 4.025762535121399e-11 1.7017575633842265e-09
3.747748426210851e-08 3.9926187856356663e-11 1.7111197194732863e-09
3.7535717116314563e-08 3.7503642935367903e-11 1.7160072606413513e-09
3.7522980531588062e-08 3.6719860027972677e-11 1.7201397839772214e-09
3.7552653873025004e-08 3.7631430018563427e-11 1.7192132445181263e-09
3.7865823468325677e-08 3.6713188855726344e-11 1.7247303916438626e-09
3.7895376233980156e-08 3.4665822693536272e-11 1.7225745788517227e-09
3.8080529439112607e-08 4.0043427235829347e-11 1.7262039099240308e-09
3.8008801258936251e-08 3.7566428139606954e-11 1.7159187456138136e-09
3.8188392334848426e-08 3.8248815189331921e-11 1.7301077616990737e-09
3.8290627932540618e-08 3.6634432863977335e-11 1.7369358333571961e-09
3.8329342480267908e-08 4.0600686963488393e-11 1.7585486857931305e-09
3.8506188333257306e-08 3.6413597262429902e-11 1.760380892982424e-09
3.8434264729404969e-08 4.1009800143859417e-11 1.7579080331403092e-09
3.8768220386186187e-08 4.1511746188531258e-11 1.7858439207564083e-09
3.8708245753857417e-08 4.0353877225496386e-11 1.7834091518786807e-09
3.8899855842533741e-08 3.9764908731074817e-11 1.7973053660968932e-09
3.8932715583216053e-08 4.1177672226206136e-11 1.7951432937732024e-09
3.90916136114059e-08 3.9334242466028162e-11 1.807822682558852e-09
3.8912362976496673e-08 4.1179665368360866e-11 1.801232909847558e-09
3.9178979678124969e-08 4.1232140505216182e-11 1.820435551773317e-09
3.9541325353699099e-08 3.9951684933581137e-11 1.8422122125156317e-09
3.9684430126650872e-08 3.859585812332052e-11 1.8628361910731741e-09
3.9660601283194298e-08 4.1961518571133575e-11 1.8572985543007049e-09
3.9755875199134665e-08 4.0149735905123761e-11 1.8558077096236698e-09
3.9644927242331939e-08 4.0659399669273779e-11 1.8435160312437586e-09
3.9847064942390421e-08 3.9794135058731163e-11 1.8382025445412425e-09
4.0297949102516101e-08 4.0018112585550632e-11 1.850666859311361e-09
4.0078162875492866e-08 4.0964949183763053e-11 1.8367398306534384e-09
4.0259494291908427e-08 4.1314293281846808e-11 1.8445687971284566e-09
4.0372208283999572e-08 4.3457131735386411e-11 1.8486300143398578e-09
4.0616625432648404e-08 4.3592321254765157e-11 1.8534370792077049e-09
4.0524902481521808e-08 4.0863636696220499e-11 1.8443156730410822e-09
4.0985296374946262e-08 3.9841722360556617e-11 1.8698944514284799e-09
4.0957029437717901e-08 4.5711039403792392e-11 1.8685586525712045e-09
4.1317543821154691e-08 4.4391404482475689e-11 1.8680212354019194e-09
4.1310117952307474e-08 4.2920712641459245e-11 1.8669842811372304e-09
4.1285845519837537e-08 4.2605457842992083e-11 1.8704578801629064e-09
4.1389447767344122e-08 4.1318203086909349e-11 1.8862767831341592e-09
4.1710650298857877e-08 4.2606197053251087e-11 1.8966582883967354e-09
4.1747876722707699e-08 4.4321280031116484e-11 1.9050779379770753e-09
4.1963994670936011e-08 4.4312181970357478e-11 1.9115140544346743e-09
4.2324947613979743e-08 4.8236795381966569e-11 1.9340394033957864e-09
4.2242444712136589e-08 4.373841209491799e-11 1.9279174947102744e-09
4.2182845361203358e-08 4.4864643006617231e-11 1.9405255595654152e-09
4.284529273311195e-08 4.434970829928309e-11 1.970004917736888e-09
4.2436657042461945e-08 4.3833324401993032e-11 1.9645827679256738e-09
4.2791325392010286e-08 4.6104037206516301e-11 1.9829572085540864e-09
4.2738469917431493e-08 4.5214149969279924e-11 1.9964978302588826e-09
4.3162264855380058e-08 4.7224316654355334e-11 2.0121836908439327e-09
4.322744268598641e-08 4.5213037054770879e-11 2.0116377192454265e-09
4.3603731368526123e-08 4.8184492126345748e-11 2.0347681709415436e-09
4.3612849177568556e-08 4.5145133135852404e-11 2.0330474986415338e-09
4.3843945970153115e-08 4.5082184952922355e-11 2.0416236795100072e-09
4.3967341269850475e-08 4.907106546287814e-11 2.0484859710873453e-09
4.4174435967352467e-08 4.4548173737026064e-11 2.0653834609942751e-09
4.4460657264014714e-08 4.7794550860004593e-11 2.0686521448751712e-09
4.4541808552117907e-08 5.2830535121985364e-11 2.0660059995495492e-09
4.4768239539440365e-08 4.7250244770604532e-11 2.0741179244214252e-09
4.5004479158543036e-08 4.9660738236995536e-11 2.0930092245425879e-09
4.4962289196405704e-08 4.8893185065318145e-11 2.0954324653891568e-09
4.504030050705228e-08 5.0541152294401626e-11 2.1065654107522444e-09
4.5047226376330239e-08 5.137585463021935e-11 2.0989633951489615e-09
4.5537844566762752e-08 4.9622497455435512e-11 2.1208744081600909e-09
4.5725951658015013e-08 4.7250005995057501e-11 2.1380340757745959e-09
4.609656831008832e-08 4.922777035418856e-11 2.1580640875077513e-09
4.5952239789038587e-08 5.0028813272589313e-11 2.149540573941994e-09
4.6468458484419205e-08 5.4325009074915741e-11 2.1699197831018257e-09
4.6566106602893622e-08 5.3301675168465681e-11 2.1755454501335382e-09
4.6910978601550757e-08 5.0785612825300741e-11 2.1947668060377349e-09
4.6669468753923257e-08 5.1289555295506991e-11 2.18283601549055e-09
4.7170831573224288e-08 5.1722124977640981e-11 2.2018895789035815e-09
4.6980225130845001e-08 5.1352787842088257e-11 2.1976625729725191e-09
4.7405173937676423e-08 5.246639958508688e-11 2.2125000850285198e-09
4.7434842399699036e-08 5.2278143249043765e-11 2.2245648729121787e-09
4.7841320094699978e-08 5.2907651403243326e-11 2.2564308692427358e-09
4.8395168653527157e-08 5.550091719736423e-11 2.2729254644082324e-09
4.8230942486631762e-08 5.640202453446469e-11 2.2648324657517922e-09
4.8601531328562962e-08 5.7319000828089729e-11 2.2810345892328263e-09
4.8083356594133687e-08 5.5814894237713711e-11 2.2709020834871241e-09
4.8827538982770649e-08 5.8760817717912819e-11 2.317062937873308e-09
4.8948983212591103e-08 4.819198337346913e-11 2.3325137102526872e-09
4.8815355672947872e-08 5.1160786745662302e-11 2.3351762269952033e-09
4.9255092938720548e-08 5.6237671875882187e-11 2.3692557367020456e-09
4.9210854193417826e-08 5.6783187131752922e-11 2.3654361406169028e-09
5.0122794812622166e-08 5.2492339723025685e-11 2.4197684774518723e-09
4.9852266139110869e-08 5.463942003144213e-11 2.4314350474920629e-09
4.9849476193546742e-08 5.6631279524195829e-11 2.4353611574294179e-09
5.0302683063888253e-08 5.7418534350568877e-11 2.4598244527034422e-09
4.9821422681491107e-08 5.6422050845830076e-11 2.4186383102402281e-09
5.0574377558362687e-08 5.5968591182166984e-11 2.445605865642536e-09
5.0597787311809328e-08 5.5059061950738735e-11 2.4672782181037965e-09
5.0853115865244605e-08 5.0489562856241404e-11 2.4882762186830939e-09
5.1225970347637729e-08 5.9570365694814672e-11 2.4959374668970851e-09
5.1244734226218176e-08 5.6863957704924954e-11 2.489955452300959e-09
5.1311741493886353e-08 5.7603538399128424e-11 2.5171465211218111e-09
5.1590322907465271e-08 5.8824674743326749e-11 2.5125616014967742e-09
5.173678499659546e-08 5.669324958241621e-11 2.5373620576108659e-09
5.2068362046104092e-08 5.9830771160423034e-11 2.5517419505285175e-09
5.2194082104488598e-08 5.9303061184692184e-11 2.5348361637157683e-09
5.2208769235331478e-08 6.0300176085716577e-11 2.5299839605492052e-09
5.2417676961629003e-08 5.9559007622731293e-11 2.5461807539246645e-09
5.2920976906871689e-08 6.214141707426588e-11 2.5573206917713878e-09
5.2773769072311787e-08 5.9006218282882314e-11 2.5477541694478422e-09
5.2945524327478995e-08 6.0682372951044644e-11 2.5636229654312797e-09
5.3103121960469444e-08 5.7844522808352208e-11 2.5751739578467345e-09
5.3299395850649e-08 6.1172779718356565e-11 2.614891350488225e-09
5.3802049805747807e-08 6.191717887001199e-11 2.624091322460047e-09
5.4043451017937383e-08 6.2539822493770175e-11 2.6347663752790408e-09
5.3689033014726712e-08 5.8973413782991581e-11 2.621275332542967e-09
5.4297498718180972e-08 6.5865624988588089e-11 2.6636060786073893e-09
5.4558492433341893e-08 6.1765113585903983e-11 2.6842128756505092e-09
5.4418950758285272e-08 6.3593511178214888e-11 2.6797212535556287e-09
5.4686617069033396e-08 6.6540096935984875e-11 2.6995473797909009e-09
5.4666364336157927e-08 5.957744239452851e-11 2.704488921039011e-09
5.5020275803385734e-08 6.3443541931334269e-11 2.7024978054555261e-09
5.5402242147368685e-08 6.5680301688197105e-11 2.7201718930393396e-09
5.5273537367583193e-08 6.3147923939186147e-11 2.7207755356245816e-09
5.5305278524155906e-08 7.2967176726931382e-11 2.7118079330821371e-09
5.5170706169336481e-08 6.1575787876837027e-11 2.722737177988228e-09
5.6163520162044958e-08 7.1002701780905701e-11 2.762909962229309e-09
5.5939916677712745e-08 6.5179455200757501e-11 2.7600437997564006e-09
5.6024468712613308e-08 6.6285254608108391e-11 2.7841266850672481e-09
5.6849612571100965e-08 6.4524400386783729e-11 2.8309262407614078e-09
5.6521798128596208e-08 6.6487742575928505e-11 2.8303083284685071e-09
5.6786082140083827e-08 6.5615719390824815e-11 2.8447304662879461e-09
5.7399271160223363e-08 7.3983819766742067e-11 2.856984566234798e-09
5.6926865750514103e-08 7.2051347811346975e-11 2.8512069582887765e-09
5.6897106644668654e-08 6.5592785411275055e-11 2.8532207421293492e-09
5.7347758962181657e-08 6.3188133912184269e-11 2.8839488577127753e-09
5.720533361070055e-08 6.4787958218597095e-11 2.8754486797667884e-09
5.7597051305687384e-08 6.4844105367136687e-11 2.8858714944254455e-09
5.8168015880993188e-08 6.6897202350046637e-11 2.9056138714468248e-09
5.8298893406758741e-08 6.928729779983906e-11 2.9071086448169813e-09
5.8196270901961618e-08 7.2919200994698266e-11 2.8848390888927137e-09
5.8445351213063641e-08 7.3250302883437255e-11 2.8902930548712692e-09
5.8392996266215372e-08 6.8067251748352924e-11 2.88346225129878e-09
5.8812039037303073e-08 7.3585481229906447e-11 2.9238778097604291e-09
5.8877977871722378e-08 7.0812959725875268e-11 2.9173744248449752e-09
5.8997587053608339e-08 7.4590379546998206e-11 2.9348059465152093e-09
5.9198610383445993e-08 7.4413725056870105e-11 2.9546963829127686e-09
5.9356447355629277e-08 7.6703753113633916e-11 2.9497637491212069e-09
5.9824448003125688e-08 7.0506317107426926e-11 2.9858336133492406e-09
5.9602824277228296e-08 7.3801906780326371e-11 2.9717085487948258e-09
5.9993665283778633e-08 7.2180571776999226e-11 3.0007416417302509e-09
5.9688119760566163e-08 6.7874358481931725e-11 2.9897913759712675e-09
5.990592388549394e-08 7.0579084278545683e-11 3.0101504056800368e-09
6.0950152075716244e-08 7.3133076461215426e-11 3.0725221345688699e-09
6.0432977220968812e-08 6.9689719249001869e-11 3.0464212866149069e-09
6.1274254571886078e-08 7.3040991960662758e-11 3.0947237989348703e-09
6.1238582141963545e-08 7.4200797823251635e-11 3.1086661033058097e-09
6.122414589288733e-08 6.8945411599526044e-11 3.1199784060716179e-09
6.1046650258494899e-08 7.2982651812540525e-11 3.1019273262258261e-09
6.1582326317665896e-08 7.1758014957504298e-11 3.1347320925171305e-09
6.1095115115821008e-08 6.8384801748515878e-11 3.1072806692843216e-09
6.1399353727672892e-08 7.7835586391696332e-11 3.1576436666908601e-09
6.2337435830412759e-08 7.9139321045719112e-11 3.2294886188634297e-09
6.1987511471116561e-08 7.3402544301849057e-11 3.2283348870263749e-09
6.1888606993643173e-08 7.6122630412213914e-11 3.2215747034352934e-09
6.1972149864049884e-08 7.0839058093055153e-11 3.24338765666538e-09
6.2415914031193802e-08 7.9667492045113068e-11 3.255244576575965e-09
6.23316224669085e-08 7.4293589302759588e-11 3.2496929992001568e-09
6.2749715739038326e-08 7.4446192677088443e-11 3.246391511966652e-09
6.2747552803831729e-08 7.8532875189231367e-11 3.2486784643666804e-09
6.2619980601374501e-08 7.8630289576287229e-11 3.2435707697872629e-09
6.2960166669855462e-08 7.4433309638699625e-11 3.2546466831083299e-09
6.3264494191809216e-08 7.6959134457226555e-11 3.2778573479201748e-09
6.2851439661427993e-08 7.3332546774635428e-11 3.260395129598803e-09
6.3935939649658747e-08 8.3815215901186638e-11 3.3204563155258889e-09
6.348617169389241e-08 7.589571095460331e-11 3.2970790412530159e-09
6.3958951571990343e-08 7.6709215086281922e-11 3.3334598003056492e-09
6.4026469465879147e-08 7.6359838765723283e-11 3.3176614498840528e-09
6.4066769565846381e-08 8.2552895007243878e-11 3.3252431839487825e-09
6.4075996409506743e-08 7.488801115710964e-11 3.2973345566859057e-09
6.4540612146057151e-08 7.749328785520871e-11 3.3254986103451551e-09
6.4268163506180549e-08 7.7641612226147835e-11 3.3181604007789533e-09
6.4441894517485371e-08 8.2501117187493389e-11 3.3174078446766905e-09
6.5213194171913733e-08 7.5828099927983148e-11 3.3927733264306625e-09
6.5006485243365872e-08 7.9870861256958646e-11 3.3837120041735691e-09
6.5049396538771886e-08 8.6851585686592911e-11 3.385595776087074e-09
6.5085066739579954e-08 8.1426369545240251e-11 3.4052214308674506e-09
6.534083552516633e-08 8.1158708217395807e-11 3.4329430373924833e-09
6.518400109000723e-08 8.0560956432528736e-11 3.4236341157516436e-09
6.5400175919075935e-08 8.4424339473227568e-11 3.44092541213174e-09
6.5676758204725887e-08 8.6184191655506646e-11 3.4350553019245553e-09
6.620421429692835e-08 8.0607550679630811e-11 3.4893688977465085e-09
6.5823234545979288e-08 8.2256184338992641e-11 3.5047987426232812e-09
6.6089776935173766e-08 8.2021985999453661e-11 3.5147712904037092e-09
6.6508663995172378e-08 8.0078199893524838e-11 3.5306886755461418e-09
6.6052406809607993e-08 8.2334302472165812e-11 3.5084149394640151e-09
6.6787258988054719e-08 8.7786485406601672e-11 3.5804787231430329e-09
6.6800235854877261e-08 8.162655894189085e-11 3.5763401564839095e-09
6.6634394452515123e-08 8.5382065317891949e-11 3.6100219026243332e-09
6.7315638140553301e-08 8.7897139706361641e-11 3.6474530037053783e-09
6.7334103739016092e-08 8.0649459172445074e-11 3.6577298354759764e-09
6.7587553582544e-08 9.1871004164220322e-11 3.6643892319226338e-09
6.7409503554792819e-08 8.0575372153440167e-11 3.6577310725229463e-09
6.7438463002990103e-08 8.2981305883054548e-11 3.6497566511734626e-09
6.8010849641844742e-08 8.4440588440715974e-11 3.670505845609874e-09
6.7626991453359676e-08 8.6094801586802207e-11 3.6301118593415746e-09
6.7759761969535126e-08 8.6133753933122912e-11 3.6730988639217178e-09
6.8340215271508577e-08 8.5407769216513585e-11 3.721812585916638e-09
6.8469212255498016e-08 8.060485475448309e-11 3.7215929734301285e-09
6.8495288690332188e-08 7.918929528797966e-11 3.7365348551050424e-09
6.865701723051271e-08 8.2539750566182205e-11 3.7754715981606941e-09
6.8801533365817128e-08 8.693345082829872e-11 3.7813298061596237e-09
6.8937464843871191e-08 8.4583221644750825e-11 3.8102740716463748e-09
6.9294067891389353e-08 9.2942031343418217e-11 3.8696929085483911e-09
6.9532901698592464e-08 9.1192044349286463e-11 3.9174530093005707e-09
6.9263176574982911e-08 8.4239569950256753e-11 3.9373629572883527e-09
6.9809916454933932e-08 9.0756136794875911e-11 3.961697060573985e-09
6.9883500150090233e-08 9.4018973113642232e-11 3.9582331433975234e-09
7.0041802301874042e-08 8.8759660800346754e-11 3.9944093247281325e-09
7.0195925598724995e-08 9.3456648179615003e-11 4.0118249482922007e-09
7.0504095088046158e-08 9.5478110341173859e-11 4.026769557856796e-09
7.0318488302754581e-08 9.6276548726197615e-11 4.006995433075166e-09
7.0875691018986425e-08 9.3177650005727523e-11 4.0460382941089314e-09
7.0667253682247503e-08 9.2054938473870966e-11 4.0469911222361909e-09
7.0664774172738491e-08 8.9880217808885995e-11 4.0666570631776828e-09
7.1030872666884678e-08 1.0021751134436743e-10 4.0964023035549476e-09
7.1075402913073441e-08 9.6444501215841833e-11 4.0796887985102676e-09
7.1254306480825408e-08 9.8435871305008491e-11 4.0828385794334642e-09
7.1837350713781373e-08 8.7823069095308404e-11 4.147498178845304e-09
7.1865602408669034e-08 9.3909547117860034e-11 4.1789991994127509e-09
7.191773199890389e-08 9.4381614605760043e-11 4.1926706529575346e-09
7.2321697481707601e-08 9.3149452776392747e-11 4.2256259751019115e-09
7.2663749276736051e-08 9.520791426368062e-11 4.2369390834977772e-09
7.2813746202976396e-08 9.6880451826416544e-11 4.2552175717834471e-09
7.2785527338361094e-08 9.5393343576425531e-11 4.2750235636642076e-09
7.2745433424611531e-08 8.5548377221139232e-11 4.2762008338309128e-09
7.3200616079122742e-08 9.6116574156635903e-11 4.3072648453022322e-09
7.377432530995843e-08 9.0084050090149878e-11 4.3598382950972538e-09
7.3618195673060106e-08 1.0094077564996671e-10 4.3665765463943629e-09
7.3309585985514353e-08 9.0082345628979637e-11 4.349888512605226e-09
7.3946077973044577e-08 1.0066628385537013e-10 4.3836882386772784e-09
7.4337812580395889e-08 9.2506124080887689e-11 4.4214759613000216e-09
7.4609816546643405e-08 1.0041148063880061e-10 4.4406344269659837e-09
7.4559328240221215e-08 9.1479551250068677e-11 4.4171714536237368e-09
7.4747363321623751e-08 1.0194768951628252e-10 4.4517881725259249e-09
7.4854603978540166e-08 9.9593360254978246e-11 4.4553800635522132e-09
7.5331263073274904e-08 1.0367752261256499e-10 4.4931471931257658e-09
7.5283656139160867e-08 9.9832291980135798e-11 4.5099571264643598e-09
7.5571567158397161e-08 1.0951303647977127e-10 4.5217996517461813e-09
7.5624138729839653e-08 9.8534381575337239e-11 4.526347628462185e-09
7.617837626764282e-08 1.0149811444776526e-10 4.6136901799241781e-09
7.6220749612206437e-08 1.0488513155124011e-10 4.6726311589568645e-09
7.6051571114021306e-08 1.0457696204294362e-10 4.6444055449123524e-09
7.6698106770693882e-08 9.9519589764304828e-11 4.7163988032686923e-09
7.695517103446466e-08 1.0933597253212809e-10 4.7229253435893202e-09
7.7318338545553883e-08 9.5792008728542487e-11 4.7430510384261207e-09
7.7565436186893108e-08 1.03170817497812e-10 4.7951368289787713e-09
7.7513336328525952e-08 1.0602407549273047e-10 4.8273022908071005e-09
7.7925347921193997e-08 1.1280795251705269e-10 4.88321824759494e-09
7.7925582650336066e-08 1.0376719375185538e-10 4.9236386594121968e-09
7.8364897448468434e-08 9.7449973467030453e-11 4.9489889934033264e-09
7.8650449623173806e-08 1.0538497212797936e-10 4.990837000620378e-09
7.9325795769118849e-08 1.0932314062803508e-10 5.0374398435776244e-09
7.8744565220285521e-08 1.0469023948406388e-10 4.9647994075771306e-09
7.92386981311882e-08 1.0648533833698406e-10 5.0569520425089728e-09
7.9348065842232032e-08 1.083914917136566e-10 5.0912645050643503e-09
8.0406200287781584e-08 1.056382842930487e-10 5.1801819271466731e-09
8.0098712240491046e-08 1.0234530895614327e-10 5.1599666464364957e-09
8.0104761079413e-08 1.0556124782086407e-10 5.1341456908887246e-09
8.0419816240736924e-08 1.0538953360862639e-10 5.1791135240073434e-09
8.072885436640641e-08 1.1254202259456279e-10 5.1983119467121769e-09
8.1334087642893405e-08 1.180768863966103e-10 5.2466470125873759e-09
8.1848009862258694e-08 9.8906497711901644e-11 5.288546506318063e-09
8.2092552257959605e-08 1.0982258864547799e-10 5.3435668928229325e-09
8.2718721982438081e-08 1.0726722783541754e-10 5.3784343420725307e-09
8.2773378310504138e-08 1.1824663151875294e-10 5.3866230805781023e-09
8.2991184514877273e-08 1.1591501915237207e-10 5.4059562446915153e-09
8.28489149518151e-08 1.1137856059956843e-10 5.3944152367113834e-09
8.3551091412569119e-08 1.1947444045687895e-10 5.4212967312005716e-09
8.376594579549169e-08 1.1611823084461925e-10 5.4281264239789796e-09
8.3660813980434847e-08 1.1323582767396367e-10 5.4437976188107148e-09
8.450151993990516e-08 1.2235744781731848e-10 5.4859755068306721e-09
8.4224827330730442e-08 1.15068980788174e-10 5.4558494357803221e-09
8.5269479849520787e-08 1.1734135548367302e-10 5.5418476608819699e-09
8.523868002068922e-08 1.2642173631212146e-10 5.5664060712312162e-09
8.5861972515313281e-08 1.1736509627831778e-10 5.6246305191969268e-09
8.5525756328111125e-08 1.1930957180220833e-10 5.5956139344455968e-09
8.6091731930163809e-08 1.225002632768156e-10 5.6230080714507887e-09
8.6402332791903393e-08 1.2059640652215963e-10 5.6388832760152754e-09
8.6809097124922802e-08 1.2568114176677066e-10 5.6649396572002552e-09
8.7089997480538927e-08 1.1175745802956399e-10 5.7022916621593208e-09
8.7135223921544736e-08 1.2632909882602078e-10 5.7138467329849658e-09
8.7599778379258465e-08 1.2261248981042249e-10 5.737875359026911e-09
8.78658256905209e-08 1.1820497810878879e-10 5.803796246332501e-09
8.8109969657654637e-08 1.1432578363985306e-10 5.7942226835820972e-09
8.8663403081234255e-08 1.2201708262047507e-10 5.8559457322934302e-09
8.8463716062604158e-08 1.2021937099345259e-10 5.8899803076199378e-09
8.9228112548737741e-08 1.3055576198582355e-10 5.9424334741143443e-09
8.9281564140133434e-08 1.3148068381747831e-10 5.9934786970339362e-09
9.0125848056279874e-08 1.3047033269066262e-10 6.0803096663541812e-09
9.0615222265710244e-08 1.3339537352470575e-10 6.0879615478926646e-09
9.0996408959321816e-08 1.2940341036927773e-10 6.1161181090128388e-09
9.1072259959412987e-08 1.1652283189364131e-10 6.1355786297275949e-09
9.1582163515335111e-08 1.2612560014991979e-10 6.2049453143632906e-09
9.2050785526429252e-08 1.206454030685419e-10 6.2772223494816989e-09
9.1883779313047452e-08 1.3547886334018669e-10 6.3330895327251261e-09
9.3060142019701708e-08 1.395988657577083e-10 6.4413912185693182e-09
9.2723947160193978e-08 1.4489263141634348e-10 6.4116433401606174e-09
9.3431437390008983e-08 1.2230723752647225e-10 6.4314802390074305e-09
9.4117991423795998e-08 1.3582491683970472e-10 6.5854330098473104e-09
9.4954154956575226e-08 1.465040326596201e-10 6.6672328562625241e-09
9.4510149045657963e-08 1.3135345466289958e-10 6.6474524760029687e-09
9.4533443036663446e-08 1.4165942868925306e-10 6.6436595938373668e-09
9.5276914805124317e-08 1.4020917106811452e-10 6.7017980163035433e-09
9.6194031614167246e-08 1.4635892896702925e-10 6.761933423353427e-09
9.6504238521521632e-08 1.3579287233963822e-10 6.8014562590267373e-09
9.6484200940096288e-08 1.4489389048862095e-10 6.7971573285860741e-09
9.6299201726741347e-08 1.2431327077625094e-10 6.7810051283066008e-09
9.7270175966127444e-08 1.4969538165264894e-10 6.8375139745789724e-09
9.7264447663243007e-08 1.3451001982702141e-10 6.9004329799241541e-09
9.7502110246013676e-08 1.3995140476201196e-10 6.9157035568691133e-09
9.7888536107144157e-08 1.3956974137084525e-10 6.9923180711426706e-09
9.7971799350062184e-08 1.3196819591368611e-10 6.9930011216346249e-09
9.8582053302615976e-08 1.4325572630666908e-10 7.0692991339586796e-09
9.8794466538386384e-08 1.429158937992168e-10 7.1052201317339029e-09
9.8942007486475492e-08 1.3899020854964218e-10 7.1811401208560016e-09
9.9462118724592494e-08 1.4903260388663974e-10 7.2331047208414314e-09
9.9909257065037073e-08 1.5478499989135109e-10 7.2352007417333541e-09
9.9449788098562665e-08 1.5083566416931627e-10 7.2377856839287802e-09
1.002705188929368e-07 1.5170088964690466e-10 7.3156013240212376e-09
9.9862457453523345e-08 1.4818752683305681e-10 7.2871115833991015e-09
1.0095648457705933e-07 1.4301414110643331e-10 7.383892267804533e-09
1.0032427164875959e-07 1.5161695401124482e-10 7.351437483961085e-09
1.0093426072838297e-07 1.5319356600996649e-10 7.3909495527825796e-09
1.0082094230631411e-07 1.4523313571636512e-10 7.3735225323476179e-09
1.0111209992974877e-07 1.5254102535304044e-10 7.4376104218587474e-09
1.0151928460641711e-07 1.4863975059713875e-10 7.4904876255702103e-09
1.0162659232676758e-07 1.6072124452257645e-10 7.5639835494269471e-09
1.0202565982951307e-07 1.4866553568001394e-10 7.5766875276082831e-09
1.0170175570195114e-07 1.5125411333210375e-10 7.5545860237012367e-09
1.0210499645499379e-07 1.5785643553653853e-10 7.6317032785275144e-09
1.0198288561670828e-07 1.5023428173393287e-10 7.6456399881042714e-09
1.0267475355524036e-07 1.6596641872663036e-10 7.6879528366091351e-09
1.0244283604026991e-07 1.4991009758488755e-10 7.651378617505941e-09
1.0261711803291885e-07 1.5031986406973624e-10 7.6863569636632657e-09
1.0270043275327829e-07 1.5612904779806368e-10 7.7930430440350537e-09
1.0296536230536598e-07 1.4975480717704557e-10 7.8321267192796967e-09
1.0338867508280893e-07 1.4538207251789414e-10 7.8637571981721845e-09
1.029638803785551e-07 1.5900151843477828e-10 7.8712928990460628e-09
1.0438525351098284e-07 1.6284743694985005e-10 7.9710833986442386e-09
1.035527928983194e-07 1.5408312592753557e-10 7.9123598296394701e-09
1.036004417535807e-07 1.5696333499381218e-10 7.9365413706769713e-09
1.0430972268572857e-07 1.6105919443722138e-10 8.016249326861599e-09
1.0429755833121464e-07 1.5363371850880849e-10 8.0421298560207294e-09
1.0433328641504218e-07 1.6735416435549366e-10 8.0549385279070574e-09
1.0537946567177173e-07 1.6609866089090917e-10 8.1464546089720972e-09
1.0457295589763108e-07 1.6453674290894119e-10 8.071998818474494e-09
1.0567016837058322e-07 1.6509313324097905e-10 8.1104716011479026e-09
1.0557242130778986e-07 1.6281526977571247e-10 8.147705479139443e-09
1.0690210422524689e-07 1.7440202575869617e-10 8.2846840605621473e-09
1.0670411826305155e-07 1.6462247148840094e-10 8.2756361430949243e-09
1.064076033739935e-07 1.5920226660788188e-10 8.2227186655748124e-09
1.0745840820254473e-07 1.6663398134315951e-10 8.3365552987117449e-09
1.0736491958378749e-07 1.7074537225808505e-10 8.292341473704794e-09
1.0807123507212701e-07 1.8260823762449434e-10 8.3241514473764231e-09
1.0857439161298479e-07 1.7250463188382565e-10 8.3373436879868585e-09
1.0731851443703507e-07 1.6082047981601972e-10 8.2045744438578735e-09
1.084617077688575e-07 1.7366960717956017e-10 8.3082923789081744e-09
1.0922864365079108e-07 1.8100993376056717e-10 8.4054427843526797e-09
1.0952778545218159e-07 1.6536539327280023e-10 8.4190934656432328e-09
1.0927911901771582e-07 1.8027123793391627e-10 8.4430309052580511e-09
1.100386774872535e-07 1.7427919180879755e-10 8.5281782769052506e-09
1.099032262677372e-07 1.7987162135407329e-10 8.5527533752745422e-09
1.1031761483884993e-07 1.6283857621681501e-10 8.6659477727505079e-09
1.1112889448836219e-07 1.7053545649259306e-10 8.7471908317554159e-09
1.1068347767351783e-07 1.7919112210166643e-10 8.7198359462600496e-09
1.1206784551529358e-07 1.6934094151796729e-10 8.8339485172186876e-09
1.1285630803508301e-07 1.7959658416336036e-10 8.9118129658849711e-09
1.1213838406572666e-07 1.7354307170834958e-10 8.8909929499898061e-09
1.1275723542281575e-07 1.6540212095582576e-10 8.970943564202988e-09
1.1329628638421543e-07 1.7535204526889822e-10 8.9791175557200656e-09
1.135856580126907e-07 1.8360182939642885e-10 9.0246008712265934e-09
1.1463819158284153e-07 1.7697561575984447e-10 9.1378053673016096e-09
1.1572372861463879e-07 2.022734169921576e-10 9.3167722972544521e-09
1.1515117475359863e-07 1.8476226617085446e-10 9.3498339932926333e-09
1.1578806349679185e-07 1.8352864350743584e-10 9.4420578753269507e-09
1.1639257429494942e-07 1.7417143638805277e-10 9.5569873099540533e-09
1.1733140069267308e-07 1.7473305507521976e-10 9.59998382025671e-09
1.1763969640450103e-07 1.9716249247216303e-10 9.7221080494460949e-09
1.1716919638431333e-07 1.9692619472705826e-10 9.7075888919601813e-09
1.1910946135655157e-07 1.9036072389528336e-10 9.9205987268598112e-09
1.1829374911593897e-07 1.9233905118772684e-10 9.834721666449517e-09
1.1983850219908748e-07 2.0613811702242987e-10 9.9981126649217625e-09
1.2016568080617975e-07 1.9503153904563019e-10 1.0020822053459259e-08
1.2161347072948074e-07 2.0239586193602026e-10 1.0169199882701811e-08
1.2039163010392834e-07 1.9547781544908198e-10 1.0149008239409963e-08
1.2166120212020214e-07 1.8737976528493427e-10 1.0366317826885647e-08
1.2114026765627732e-07 2.0317652260018381e-10 1.0352766929360985e-08
1.2205157743815594e-07 1.9927855638710016e-10 1.0455227089703917e-08
1.2351021239299573e-07 2.3075629625369603e-10 1.0553446903883878e-08
1.23288265537627e-07 2.049816745963479e-10 1.057124042489914e-08
1.2393102184961155e-07 1.9343677139146988e-10 1.0622121140362041e-08
1.2525861907772612e-07 2.050827590889915e-10 1.0711269809638653e-08
1.2380382385397569e-07 2.0374599517944723e-10 1.064579875230445e-08
1.2526984786457927e-07 1.9594235442923979e-10 1.0792266402201517e-08
1.2655808902120152e-07 1.946737062435337e-10 1.0905321806484923e-08
1.2636541670585421e-07 2.115249322258403e-10 1.0998029822855392e-08
1.2632859264085832e-07 2.1038158179895292e-10 1.0968716022212558e-08
1.2832933502062193e-07 2.2515606089979665e-10 1.1161887635030407e-08
1.2795938821488831e-07 2.3035598936508862e-10 1.1088190481944805e-08
1.2904472161802184e-07 2.1484991724809004e-10 1.1154882992505039e-08
1.3076467640499828e-07 2.2986791915629448e-10 1.1341873104778081e-08
1.2989526498800934e-07 2.0418198521137173e-10 1.1278319891765335e-08
1.3024612356159993e-07 2.0745084988148242e-10 1.1297696053323702e-08
1.3059913238894638e-07 2.1340924296940946e-10 1.1350600830019632e-08
1.3188548532898604e-07 2.3962954511208036e-10 1.1445433049703112e-08
1.3216670168508284e-07 2.1543232421904952e-10 1.1471908813380423e-08
1.3295728154146878e-07 2.3178944669423574e-10 1.1564754277226554e-08
1.3421193526022873e-07 2.3527142831573316e-10 1.1672945058519536e-08
1.3429447855584635e-07 2.3338043994418441e-10 1.1696642687443839e-08
1.3709448634420051e-07 2.1702206976932762e-10 1.1881301710740451e-08
1.3680056372304248e-07 2.3615017706389908e-10 1.189910097433317e-08
1.3615458362457191e-07 2.4136556727383555e-10 1.1863149109768981e-08
1.3766161075070237e-07 2.3309621824429712e-10 1.2079814956426055e-08
1.3721837106525981e-07 2.3627038329036472e-10 1.2013602351770346e-08
1.3956534533726306e-07 2.3694422047983635e-10 1.2230017715683684e-08
1.3895405306429456e-07 2.5083507514288342e-10 1.2210008225172042e-08
1.3976011548850515e-07 2.579878489891142e-10 1.2271180904509649e-08
1.4047267607421714e-07 2.3760652621817322e-10 1.2481179247860513e-08
1.4011884222022205e-07 2.6576556438167339e-10 1.2566973900486697e-08
1.4347387659480774e-07 2.4901300550628447e-10 1.2873782323186051e-08
1.4156144553240436e-07 2.6185550768958748e-10 1.2697658537476115e-08
1.4272401609305814e-07 2.7199564851455666e-10 1.281547214655336e-08
1.4400291006966339e-07 2.652657346310613e-10 1.2933231302101785e-08
1.4405732607712788e-07 2.7109543382515223e-10 1.2984970768005136e-08
1.4487101630551513e-07 2.6101003796787551e-10 1.3021693147011312e-08
1.4541553756664143e-07 2.6496609877368733e-10 1.3087725873980114e-08
1.4454361967480216e-07 2.6868529006113954e-10 1.3158763922187082e-08
1.4483512026191124e-07 2.4605015003646666e-10 1.3288874700750093e-08
1.4756641368822248e-07 2.6979299407283482e-10 1.3700908804300622e-08
1.4762599825603254e-07 2.5891536449145236e-10 1.3895672407877644e-08
1.4789553041266146e-07 2.7535708293123955e-10 1.3878402641716753e-08
1.4921991596574913e-07 2.8950148621041994e-10 1.4079943930995225e-08
1.5004295119464274e-07 2.818296978454789e-10 1.4250444377662282e-08
1.5055477131678993e-07 2.7072825249309141e-10 1.4307325827410481e-08
1.5139293919224313e-07 2.7726464052007882e-10 1.449093766149939e-08
1.5180018855178849e-07 2.6184377082160882e-10 1.4640332022590368e-08
1.5195928928227045e-07 2.6627062014589876e-10 1.4726204765644241e-08
1.5200664580578342e-07 2.822785235760877e-10 1.4840239854677033e-08
1.5272004484410767e-07 2.9080364284910001e-10 1.4848289265075938e-08
1.5519089914514215e-07 2.7389261526897343e-10 1.5237894543925142e-08
1.5539209864183048e-07 2.9473876197449079e-10 1.5262050244656693e-08
1.5490583955077801e-07 2.9687691860284132e-10 1.5265510122174843e-08
1.5654231990193155e-07 3.1843137670356108e-10 1.5450012166815959e-08
1.5821452753865289e-07 2.614418749616545e-10 1.5599532909724778e-08
1.561152565494092e-07 3.0334861152521461e-10 1.5489999116362704e-08
1.5692615561506121e-07 2.6785090583050036e-10 1.5462621269622825e-08
1.592206157371166e-07 3.152655065200663e-10 1.5712018147542295e-08
1.5777711166853966e-07 3.0323511233071425e-10 1.5665458365901526e-08
1.6036975739925601e-07 2.8047086970910996e-10 1.5934907118431359e-08
1.6065474914406735e-07 3.1347202659691889e-10 1.5953784054510239e-08
1.6285937156349929e-07 3.5479324974636675e-10 1.6196141829653264e-08
1.6236367299554891e-07 3.0308555418845221e-10 1.6182401031223631e-08
1.6282458705192906e-07 2.9858453673659001e-10 1.6294666854865051e-08
1.6427300032681922e-07 2.9126593007977685e-10 1.6385602571069693e-08
1.6460182777798228e-07 3.4460875746472541e-10 1.6485874796436224e-08
1.6723628402309425e-07 3.0066076243033419e-10 1.6891038262698435e-08
1.6495435294311691e-07 3.0599291986075446e-10 1.6771091141778255e-08
1.6752124324509273e-07 3.2521562936225901e-10 1.7219883553247044e-08
1.6755185551171684e-07 3.1502105523924267e-10 1.729432933201945e-08
1.6802297597382574e-07 3.3509735560424858e-10 1.7375587157881926e-08
1.6946611150685522e-07 3.1066072900820035e-10 1.7556675475160263e-08
1.6933686942833734e-07 3.4557713959543644e-10 1.7620625618419905e-08
1.7034928116650285e-07 3.4162194054904559e-10 1.7831550569715289e-08
1.7039396261805612e-07 3.3616266626977305e-10 1.7739629862687217e-08
1.7056179359512586e-07 3.4103546461778507e-10 1.771329163920913e-08
1.718935932238392e-07 3.3534013370255551e-10 1.8021002700262884e-08
1.7249873350973003e-07 3.4966646886871728e-10 1.824163845097155e-08
1.7333086059257329e-07 3.3782922899023125e-10 1.8491083174998979e-08
1.7555241724757311e-07 3.5176508131993383e-10 1.8883088016278093e-08
1.7577249024560906e-07 3.3440582313585755e-10 1.8988041295689981e-08
1.7664890733597111e-07 3.3305119832786021e-10 1.9170934616620301e-08
1.7765497317279381e-07 3.528995908934543e-10 1.9498314998195629e-08
1.778961778417179e-07 3.6329602764194183e-10 1.970512532706462e-08
1.7740304075860867e-07 3.8418651150502375e-10 1.9698499751973364e-08
1.7674611705888365e-07 3.5201750173119578e-10 1.9684538225475521e-08
1.801505969579683e-07 3.4398987136216744e-10 2.0136011693373719e-08
1.8019005337036609e-07 3.7055933414603367e-10 2.0137267942697317e-08
1.8229287898895343e-07 3.5188970866469801e-10 2.0352926379369874e-08
1.8328984765985052e-07 3.7794874367527828e-10 2.0584193213752916e-08
1.8306146303268527e-07 3.5874301499273868e-10 2.0724255488515115e-08
1.8376320971486025e-07 3.9522854053184885e-10 2.0736497836980351e-08
1.8526821714915293e-07 3.6342891891632262e-10 2.1125506553656824e-08
1.8335481973308454e-07 3.565331477121447e-10 2.0965805282231733e-08
1.8630036718611725e-07 3.9652364829168025e-10 2.1471928069510057e-08
1.8534778677011909e-07 3.9075284832987214e-10 2.1430542925915387e-08
1.8770127690612455e-07 3.7520069521241848e-10 2.1568512375927439e-08
1.8695984160653579e-07 3.8117916361461136e-10 2.1589608898652311e-08
1.8817873919495669e-07 3.9506427796632623e-10 2.1757812408170118e-08
1.9160970202770545e-07 4.068483018706013e-10 2.2311731915940538e-08
1.9172851142791743e-07 3.8405813550347871e-10 2.2294987631229855e-08
1.9143393822670337e-07 3.6856447963922597e-10 2.2318336952423933e-08
1.9177663165503273e-07 4.1023424737782991e-10 2.2398480395609442e-08
1.9175660235716057e-07 4.2274903955668442e-10 2.2382492291989849e-08
1.9349995103382188e-07 4.4196642722206688e-10 2.264347740401924e-08
1.9228654407930189e-07 4.0892148191681896e-10 2.2571678374806112e-08
1.9613044776117462e-07 4.1992476658187478e-10 2.31041757463681e-08
1.9674143880370237e-07 4.2753544603354768e-10 2.3308566775075997e-08
1.9787920011712934e-07 4.1027885871077087e-10 2.3546732118562189e-08
1.9650747858495692e-07 3.9309892643595813e-10 2.3377423189397894e-08
1.969230507152519e-07 4.2442169306180226e-10 2.3470143188861838e-08
1.9924499472053656e-07 4.4164106293845873e-10 2.3814703349335568e-08
2.0010914122993153e-07 4.0744095231780064e-10 2.400221356055904e-08
1.9952907630719659e-07 3.9969047810929142e-10 2.3981276243313907e-08
1.9981374507936042e-07 4.3296149289073991e-10 2.4118255989218531e-08
2.0217714366111188e-07 4.2906652781216022e-10 2.4482424239822033e-08
2.0305651428307071e-07 4.5116824748261313e-10 2.4670221630416013e-08
2.0446312815849592e-07 4.4319536649395965e-10 2.4972061693601961e-08
2.0341456587684357e-07 4.2879186978103204e-10 2.4932534188935459e-08
2.0527480267394964e-07 4.4098101691524787e-10 2.5208070036481668e-08
2.0512390355791373e-07 4.7390975202156262e-10 2.524133507287506e-08
2.070795031783264e-07 4.7651193298794218e-10 2.5520192433608058e-08
2.0854241920338137e-07 4.4134283945948569e-10 2.5742246714831108e-08
2.0760306518752466e-07 4.6560808099816328e-10 2.5656353475136741e-08
2.1003925146319555e-07 4.7765421298770124e-10 2.5875826909562002e-08
2.1036763501948617e-07 4.655073449942272e-10 2.5970918929770466e-08
2.1011728295717202e-07 4.4642761598501273e-10 2.5986935477614366e-08
2.1358458365382935e-07 4.6906150122367392e-10 2.6511562426502518e-08
2.1305252723330043e-07 4.7352968145317791e-10 2.6569002566573435e-08
2.1286041098782392e-07 4.9256883223348603e-10 2.6617250777739964e-08
2.1508642780531293e-07 4.7189903134267752e-10 2.6851978465824387e-08
2.1302041915994028e-07 4.8892687914428687e-10 2.6709083464053132e-08
2.1570805435269589e-07 4.8039565136092984e-10 2.7158563384679889e-08
2.1385029128148892e-07 4.7519642010093315e-10 2.6957716865429912e-08
2.1680431979598225e-07 4.9309464820679582e-10 2.7247034091075937e-08
2.2024044403992105e-07 5.1456123330593157e-10 2.7644035872571577e-08
2.1852758728224529e-07 4.7551769058996008e-10 2.744582538667112e-08
2.2051557966789765e-07 5.1747149018321915e-10 2.768007325757007e-08
2.2166246795487267e-07 4.6921093772561327e-10 2.7998345899557746e-08
2.2172940255282687e-07 5.2500284982449794e-10 2.7818986058326389e-08
2.2198979990677297e-07 4.952835312349675e-10 2.7863959774862181e-08
2.2335366691011415e-07 5.2356272092675694e-10 2.7991911823044532e-08
2.2425784612607492e-07 5.1416176031550095e-10 2.8284940537859746e-08
2.2473321523915315e-07 5.6056580508033215e-10 2.8391707484308858e-08
2.2499534847023106e-07 5.2356977297428102e-10 2.8542760699433478e-08
2.2692952419442681e-07 5.2771794167001473e-10 2.8856383923081005e-08
2.2761218276665385e-07 5.3224381526832338e-10 2.8763316379059545e-08
2.2839130615566345e-07 5.1035567432496711e-10 2.8695966582101354e-08
2.2950764487637583e-07 5.1308767985520631e-10 2.8933501689791868e-08
2.2955428325573093e-07 5.6258352440103079e-10 2.9040108252041865e-08
2.3077137783007761e-07 5.2880543325053088e-10 2.9336961981668246e-08
2.3237795159854273e-07 5.4149623672972216e-10 2.9583322016104188e-08
2.3464174437907111e-07 5.7711026180288895e-10 2.9817463654133595e-08
2.3259006473431487e-07 5.5405158583798917e-10 2.9580114464901958e-08
2.3600435189216239e-07 5.0404166183546467e-10 2.9968098763936241e-08
2.335769249289037e-07 5.1871697869525548e-10 2.9709232295142204e-08
2.3682014191243578e-07 5.6237434879612499e-10 3.0307036772035776e-08
2.3674951137276379e-07 5.691845416326754e-10 3.0200073758415175e-08
2.399454337992789e-07 5.5827633981314392e-10 3.0761427485346597e-08
2.4141117689013715e-07 5.6792331259679808e-10 3.0938544816394763e-08
2.4184943264288426e-07 5.59178973784251e-10 3.115571249822767e-08
2.4058123034227645e-07 5.558090929227106e-10 3.1191913255650426e-08
2.4381598432189551e-07 5.4259866245623641e-10 3.1700582083589883e-08
2.4337694956698225e-07 5.8192192444651369e-10 3.1679715696132659e-08
2.4405190759820717e-07 5.8066634937673626e-10 3.1964797494519011e-08
2.4612672049352148e-07 6.0482839709338874e-10 3.2376472452014947e-08
2.5032879678020958e-07 6.2556749011861969e-10 3.2948862252764063e-08
2.4705248764331766e-07 5.8273626639067673e-10 3.2573027345780159e-08
2.4683157451260336e-07 6.3655746221436486e-10 3.2518756570339547e-08
2.5020897204535612e-07 6.2303955115474218e-10 3.3133101285038345e-08
2.492245064595989e-07 5.8789455300610807e-10 3.3244543165685039e-08
2.5191244566613282e-07 5.9825048850236012e-10 3.3940067478637278e-08
2.542745485626637e-07 6.2933750693542259e-10 3.431797222786222e-08
2.5424936185232929e-07 6.3001143089537301e-10 3.4438750058802531e-08
2.5207755543201162e-07 6.2149645755105365e-10 3.4189642536191121e-08
2.5616656229764951e-07 6.5287839353344911e-10 3.494315637369438e-08
2.5677751449486183e-07 6.2142728285824338e-10 3.5026498783937753e-08
2.5741556817417904e-07 6.0910152171069175e-10 3.5113539162734234e-08
2.5875495164760669e-07 6.0887322195093924e-10 3.5296244579851299e-08
2.6246254690115836e-07 6.6027966621127487e-10 3.5801988501060336e-08
2.6141020568049712e-07 6.185628844701748e-10 3.565843193040136e-08
2.6122812095566034e-07 5.9758238633751568e-10 3.5633581945561238e-08
2.6457309287129053e-07 6.6931394230739686e-10 3.6089862196069238e-08
2.6435754697154484e-07 6.3975049040633686e-10 3.6060484564343406e-08
2.6478506318328175e-07 6.665357703156565e-10 3.6118846220426042e-08
2.6697978179648861e-07 6.39051587027219e-10 3.6418241458713223e-08
2.6833682947413984e-07 6.777322798077253e-10 3.660329018817275e-08
2.7130367364805769e-07 6.5352206449482491e-10 3.7007810045625901e-08
2.6958817544303393e-07 6.3745668705680745e-10 3.6773565694546462e-08
2.716496777613963e-07 6.4046213767740081e-10 3.7054555642410398e-08
2.7263839655635055e-07 6.1356937872428247e-10 3.7189316359934916e-08
2.7544863941853294e-07 7.041502946572067e-10 3.7572642636658187e-08
2.773140733552499e-07 7.4177039491377884e-10 3.7827140238051003e-08
2.7684724706841137e-07 7.1621726082674286e-10 3.7763499706964531e-08
2.7702733739550564e-07 6.4056194954394546e-10 3.778807196678624e-08
2.7706300438050516e-07 7.0938366973515238e-10 3.7792927564121745e-08
2.8302533575340286e-07 7.9746402280533225e-10 3.8606210417895539e-08
2.8477098719471112e-07 7.1407824436905322e-10 3.8844322169850981e-08
2.83003634884066e-07 6.8289660656354151e-10 3.860324714493745e-08
2.8531214086244057e-07 7.2344697226605753e-10 3.8918144764176235e-08
2.8418064715542341e-07 7.121185738145115e-10 3.876380776689607e-08
2.8887195859132627e-07 7.4795149709697536e-10 3.9403729895125013e-08
2.8928750610536081e-07 7.6235782000035719e-10 3.9460409197409736e-08
2.9050752446145369e-07 7.2366033775089749e-10 3.9626814830999568e-08
2.8825366394001303e-07 7.7069158518039132e-10 3.9319365164205056e-08
2.913784151303234e-07 7.4003118460291555e-10 3.9745602510743711e-08
2.9302764945372635e-07 7.2241680314481825e-10 3.9970602192838896e-08
2.8955620723183071e-07 7.3703442735774294e-10 3.9497124574242327e-08
2.9909847545316967e-07 7.7433519802526165e-10 4.0798748914498413e-08
2.9768728287631514e-07 7.7013848058450458e-10 4.0606154646422143e-08
2.9855952421123346e-07 7.9651717133727515e-10 4.0724912899187559e-08
3.0131450177799331e-07 7.795715097256691e-10 4.1100439906495615e-08
3.05772330386541e-07 8.2950368945645329e-10 4.1708289156460116e-08
3.0676157390403219e-07 8.3093036574952129e-10 4.1843135527588751e-08
3.0823854910273535e-07 8.2213737189494979e-10 4.2044609462198577e-08
3.0483343637494166e-07 8.3761457252054946e-10 4.1580192997484542e-08
3.0666215376457894e-07 7.613726493826309e-10 4.182966855146821e-08
3.0833440245262856e-07 8.3111732436789308e-10 4.2057771167930431e-08
3.1060484606086826e-07 8.7622613717835464e-10 4.236745405217585e-08
3.1209183874952827e-07 8.4358308856345509e-10 4.2570272883149238e-08
3.1252540981331286e-07 7.975654857777875e-10 4.2629409327792525e-08
3.1767290132679415e-07 9.8490319526245887e-10 4.3331545545469489e-08
3.1399669064398802e-07 8.8811706822589777e-10 4.2830104932122973e-08
3.1714405259283929e-07 8.4731230275314799e-10 4.3259419177621772e-08
3.2126026887177443e-07 9.1249103136288383e-10 4.3820885474117248e-08
3.2374929232665958e-07 9.3354911889724371e-10 4.4160389797541396e-08
3.2506141478579635e-07 9.0107919006091665e-10 4.433935357262826e-08
3.2842947811548389e-07 9.022529337223512e-10 4.4798756474374355e-08
3.2751300334537169e-07 9.0158528265600772e-10 4.4673756667487772e-08
3.2985017863942005e-07 8.9349666139989852e-10 4.4992598196356222e-08
3.2950968408352752e-07 9.6030847616400121e-10 4.4946203572013862e-08
3.3275920373286375e-07 1.0208435309527543e-09 4.5389439969671825e-08
3.3538561270164801e-07 8.9897962588811044e-10 4.5747558626749216e-08
3.3687361506154331e-07 9.2900569352503733e-10 4.5950267192338266e-08
3.3970516626517314e-07 9.4936962730707154e-10 4.6336204324033014e-08
3.3939985835069382e-07 9.6008127701941387e-10 4.6294338392769739e-08
3.369195917432897e-07 9.3870610707714221e-10 4.5955949492547692e-08
3.4248712953102905e-07 1.0178020156118125e-09 4.6715384441128587e-08
3.4579338735597209e-07 1.0216814815872689e-09 4.7166416062976192e-08
3.4532359162483612e-07 9.249296106991846e-10 4.7102368062812647e-08
3.57400947572718e-07 1.1468564270705481e-09 4.8749727784298397e-08
3.474392131351234e-07 1.0391057928327472e-09 4.7390926152437118e-08
3.5015683159534076e-07 9.9191680018045052e-10 4.7761598784992223e-08
3.5639821095031057e-07 9.8125242865513809e-10 4.8612923754938197e-08
3.5424271361014655e-07 1.0179497524058549e-09 4.8318915257641072e-08
3.5842647746727069e-07 1.0227473931970514e-09 4.888958956965941e-08
3.5801971077223108e-07 9.9855076968234956e-10 4.8834111912502312e-08
3.6139527136815106e-07 1.101852365095577e-09 4.9294540922071488e-08
3.6369449990007162e-07 1.0896299028017812e-09 4.9608150515582349e-08
3.6874101161905405e-07 1.1199955992039405e-09 5.0296481452360348e-08
3.7461565895301315e-07 1.1096024200300444e-09 5.1097775405304243e-08
3.7016327352494755e-07 1.1357632548564872e-09 5.0490481228014515e-08
3.6994636099141324e-07 1.1038595199612843e-09 5.0460945320761838e-08
3.7629593404218809e-07 1.1924193933818757e-09 5.132708585787412e-08
3.7726073217182401e-07 1.1403688149126647e-09 5.1458668618408443e-08
3.8124239423119848e-07 1.0760107098520744e-09 5.2001613417731792e-08
3.8177771799843717e-07 1.1663490449521373e-09 5.2074337401075803e-08
3.7876231607048185e-07 1.1750547857915052e-09 5.16627155337983e-08
3.8992659641252711e-07 1.2124510154956795e-09 5.3185264487911049e-08
3.900479779139442e-07 1.2264319843157191e-09 5.320173630990999e-08
3.8673490170619483e-07 1.2153397602889214e-09 5.2749865561702798e-08
3.9350952505320866e-07 1.2703803306261407e-09 5.3673974790002616e-08
3.9465216600554957e-07 1.2021154642914215e-09 5.3829863607939772e-08
3.9593973808887439e-07 1.2929858566702964e-09 5.4005486365660426e-08
3.9460405638557437e-07 1.2743569891391031e-09 5.382328493418599e-08
3.9922055024382482e-07 1.1523973595959449e-09 5.4452952639899969e-08
4.0624185105069864e-07 1.3763496921188585e-09 5.5410641969173497e-08
4.0857340631994931e-07 1.2840790996294585e-09 5.5728665919214175e-08
4.1416906216340255e-07 1.3079066642199873e-09 5.6491909754393683e-08
4.0944606493114e-07 1.326636453994737e-09 5.5847707357650895e-08
4.1348153419368872e-07 1.3232443091163507e-09 5.6398140095997683e-08
4.1980883560967092e-07 1.3428946888627788e-09 5.7261163860986625e-08
4.25224685604783e-07 1.3686731085372196e-09 5.7999858084984415e-08
4.2251446839108321e-07 1.5124826740144405e-09 5.7630176585857442e-08
4.2803314925063153e-07 1.5449323254250915e-09 5.8382928387785756e-08
4.2851966342300076e-07 1.3753119563852678e-09 5.8449346012510882e-08
4.3182128161944848e-07 1.5043386581112758e-09 5.8899743803502957e-08
4.3049468356451636e-07 1.4041979072413497e-09 5.8718783667687755e-08
4.4596338096493362e-07 1.5602317003254455e-09 6.0828514192432643e-08
4.4035236542751283e-07 1.4213382125177445e-09 6.0062850382198747e-08
4.4190594476260168e-07 1.4765549352777062e-09 6.0274381559253761e-08
4.4571857022708048e-07 1.4831704697471861e-09 6.0794125004513943e-08
4.4860763719603878e-07 1.6306577425800612e-09 6.1188077489095902e-08
4.4855642584323971e-07 1.4453917751009564e-09 6.1181117767917249e-08
4.487468123167526e-07 1.6127051081990601e-09 6.1207157500493637e-08
4.6075240586771874e-07 1.5173280735841135e-09 6.2844713056580579e-08
4.6726059048202415e-07 1.6824482835447974e-09 6.3732403334694134e-08
4.652941681309462e-07 1.6814777670758049e-09 6.3464172938617267e-08
4.6038808292239483e-07 1.6615717705592358e-09 6.2794988420854458e-08
4.6555003221963553e-07 1.7641699327394909e-09 6.3499053375266193e-08
4.7026581087927069e-07 1.7456106181967601e-09 6.4142270479728485e-08
4.7448041887024078e-07 1.7069361589821215e-09 6.4717129333943746e-08
4.8203758121401352e-07 1.7433194761975366e-09 6.5747895005178088e-08
4.7955430298311723e-07 1.6391358704539356e-09 6.5409184410338063e-08
4.7981318454116714e-07 1.6346755498216741e-09 6.5444494744461657e-08
4.8233821677532828e-07 1.7163441917625804e-09 6.5788902647332366e-08
4.8800585017349e-07 1.8965024329519389e-09 6.6561948188997185e-08
4.9036821059691681e-07 1.7413473010856681e-09 6.6884161699944439e-08
4.9669524487298545e-07 1.6783217231763327e-09 6.7747126740718545e-08
4.9029975854043715e-07 1.7789694556463848e-09 6.6874789855354487e-08
5.0805148012964477e-07 1.8385876432981875e-09 6.9296048942110122e-08
5.0880916372896301e-07 1.8382205550524809e-09 6.9399439447535789e-08
4.972107123134657e-07 1.8527337107494687e-09 6.7817538792628918e-08
5.028851717646216e-07 1.796520671620641e-09 6.8591545681617273e-08
4.9729315057274062e-07 1.9091023596887379e-09 6.782871118982927e-08
5.0920888256410654e-07 1.9096153536047597e-09 6.9453654873885953e-08
5.1430240584528195e-07 1.9581304137986943e-09 7.0147960337671684e-08
5.1242229435418592e-07 2.0740399050607373e-09 6.9891135070616052e-08
5.0879970908728622e-07 2.0064598420497596e-09 6.9396825522411246e-08
5.139215059487716e-07 1.9885026377739044e-09 7.0095376926498978e-08
5.233403224831913e-07 1.976138018455751e-09 7.1380109014264147e-08
5.1361719968458968e-07 1.8816994355580879e-09 7.0054011713176714e-08
5.1898112702173165e-07 1.8714162829516146e-09 7.0785636807515273e-08
5.2199028475885846e-07 1.9903448876728151e-09 7.1196053885189126e-08
5.2084025147860279e-07 1.9322640525213881e-09 7.1039175057713825e-08
5.1940378840620771e-07 1.9815570428449905e-09 7.0843239051741234e-08
5.2106113933271987e-07 2.0037118559004064e-09 7.1069291317556923e-08
5.2933256334973273e-07 1.9500184991513472e-09 7.2197465349477404e-08
5.2624153573635892e-07 1.9520969152401474e-09 7.1775878589275542e-08
5.2511715404907818e-07 1.9443013934549582e-09 7.1622525890763858e-08
5.3249793462524553e-07 2.1455656382429225e-09 7.2629214083455592e-08
5.3035153643595959e-07 1.9289918426228788e-09 7.2336444260508652e-08
5.2862577386137968e-07 2.0007743287716719e-09 7.2101038096726858e-08
5.3158524945022224e-07 2.0282958390064252e-09 7.2504684858173024e-08
5.3373585650286272e-07 2.0387819439264798e-09 7.2798048444701988e-08
5.3133071626371909e-07 2.0075883496258186e-09 7.2470084638963473e-08
5.3577717957309173e-07 2.1532704399969628e-09 7.3076608432278203e-08
5.3801777539307419e-07 2.0665792517306789e-09 7.3382142761355539e-08
5.356025035946116e-07 2.0376809421819705e-09 7.3052438810051898e-08
5.4743046156179619e-07 2.1243683842744537e-09 7.4665254597974723e-08
5.4412986489761884e-07 2.0475701922690942e-09 7.4214647301757985e-08
5.4265921842784226e-07 2.0253821540014165e-09 7.4013786211419895e-08
5.4927478510754586e-07 2.556452604811204e-09 7.4916019451563889e-08
5.526803449661662e-07 2.0817700709376196e-09 7.5380562084420417e-08
5.5251027617059816e-07 2.1819293570696033e-09 7.5357450943085301e-08
5.4750155064436735e-07 2.1854487002632144e-09 7.467434093318484e-08
5.5120216442603907e-07 2.1615802815546275e-09 7.5179064368078255e-08
5.6020183849070307e-07 2.2007136558880208e-09 7.6406516895263091e-08
5.6076410813260377e-07 2.3559733150944033e-09 7.6483190930112796e-08
5.5941447584242825e-07 2.17185557455744e-09 7.6299111935444373e-08
5.6161354396318218e-07 2.1170400919619357e-09 7.659905109159757e-08
5.5721692973352348e-07 2.3367499403612475e-09 7.5999396599462579e-08
5.5760594292297869e-07 2.1120664370882634e-09 7.6052453897576687e-08
5.5756118282462996e-07 2.1323430191661857e-09 7.6046346710374613e-08
5.6499966203343984e-07 2.0664192554844562e-09 7.7060889908505978e-08
5.6898209819005444e-07 2.5013254173808066e-09 7.7604063944077514e-08
5.7327520755863457e-07 2.2826814579088788e-09 7.8189610675620427e-08
5.703635504205618e-07 2.4333015383257075e-09 7.7792481960102089e-08
5.7969608773009256e-07 2.4163593373023333e-09 7.9065336292725006e-08
5.7032694030575662e-07 2.30927322919363e-09 7.7787447411018265e-08
5.8598324173920858e-07 2.4728351861910026e-09 7.9922830128228095e-08
5.7667621099965708e-07 2.3112529272216673e-09 7.8653492872476779e-08
5.8107217453629023e-07 2.3625363096197189e-09 7.9253152867260925e-08
5.9024511535573673e-07 2.4747615640090927e-09 8.0504288970810537e-08
5.8460029171289266e-07 2.3394568033333761e-09 7.9734241937685568e-08
5.9372666429995309e-07 2.352164873137244e-09 8.0978624404198603e-08
5.8719662277716363e-07 2.3670422423428859e-09 8.0087510732715427e-08
5.9295663885581977e-07 2.4421430805479758e-09 8.0872688552567348e-08
6.0554793500417894e-07 2.4183351741255591e-09 8.2589770147505666e-08
5.9961849811731282e-07 2.4840382053953036e-09 8.1781040719585904e-08
6.0192594348294281e-07 2.5833138997549298e-09 8.2095831420662666e-08
6.2114640033098929e-07 2.5582948703083215e-09 8.4717364519462821e-08
6.0982498320574808e-07 2.7107851748818112e-09 8.3173273772836194e-08
6.0305560194524608e-07 2.510773191632474e-09 8.2249989723250423e-08
6.1029928936819492e-07 2.6744384176958761e-09 8.323792234911739e-08
6.216366302574058e-07 2.6050277878265399e-09 8.4784197431979868e-08
6.2226597698542202e-07 2.5065578392535067e-09 8.4870034134901666e-08
6.2302720797367265e-07 2.4114669248386948e-09 8.497386442949826e-08
6.3159264732477406e-07 2.7309805920895694e-09 8.6142096790968361e-08
6.2160900183709963e-07 2.7760608870076072e-09 8.4780439016602944e-08
6.2736531066325609e-07 2.6654174471225295e-09 8.5565532571726245e-08
6.3756031693292218e-07 3.008847676096332e-09 8.6956019219861236e-08
6.4742218826930127e-07 2.7941210824142872e-09 8.8301074002794277e-08
6.4078104997622415e-07 2.7680410302762565e-09 8.7395300864960227e-08
6.507987315972076e-07 2.6543517977422409e-09 8.8761590041211851e-08
6.5276245790718298e-07 2.81005195078907e-09 8.902939423291075e-08
6.6052247814158058e-07 2.91676652384204e-09 9.0087753706137907e-08
6.5655835736551972e-07 2.9484291138264406e-09 8.9547108187995041e-08
6.6384810236992936e-07 2.9598172905960402e-09 9.0541426573927105e-08
6.5197256186533358e-07 3.038109692422798e-09 8.8921830032951712e-08
6.6900391593205799e-07 2.9387193418278102e-09 9.1244718894719159e-08
6.8289277820426656e-07 3.0783220489663146e-09 9.3138789138890017e-08
6.8579937413799238e-07 2.9991678420483014e-09 9.3534750823966351e-08
6.772799250364728e-07 3.4201158956250954e-09 9.2372252505470739e-08
6.8455270530809007e-07 3.1879181605297144e-09 9.3363708830234114e-08
7.0169902906254816e-07 3.4151428953395221e-09 9.5702022343864929e-08
6.9436822251911102e-07 2.8982384485673092e-09 9.4702207192465056e-08
7.0927619099846937e-07 3.1608242551257768e-09 9.6735549509016064e-08
7.1375726876585008e-07 3.247635665589799e-09 9.7346790114444339e-08
7.1237109721988618e-07 3.1607327366557314e-09 9.7157752635305802e-08
6.980117607064363e-07 3.1347643072805188e-09 9.5199313122822624e-08
7.2931461570419293e-07 3.6471015083513838e-09 9.9468567878194158e-08
7.1138198302616893e-07 3.4505946251671513e-09 9.7022788800668475e-08
7.1862873580282708e-07 3.5023107639992675e-09 9.8011148616826158e-08
7.2494116224029082e-07 3.5420615304389426e-09 9.8872087142254708e-08
7.4504939455274468e-07 3.6675161575102418e-09 1.0161458851930279e-07
7.3012530594222897e-07 3.6227071138063212e-09 9.9579152420105065e-08
7.487166674638916e-07 3.478436852818185e-09 1.0211475697712122e-07
7.5022607478493841e-07 3.6844857264431066e-09 1.0232059778083706e-07
7.500577494791087e-07 3.6567300127299958e-09 1.0229760849659017e-07
7.6671576330995668e-07 3.667886369464506e-09 1.0456952626884716e-07
7.6988596895137465e-07 3.7214903042454952e-09 1.0500194953517944e-07
7.8212860926487029e-07 4.0335521693102413e-09 1.0667179714306645e-07
7.7924610429447635e-07 3.8775465230246594e-09 1.0627873888425344e-07
7.9390037278850107e-07 4.0494794335167556e-09 1.082772889420594e-07
7.8509701859482761e-07 3.8258482075965102e-09 1.070762487923112e-07
7.9400616368417695e-07 4.3420846212571006e-09 1.0829072688640648e-07
8.0795998503596379e-07 3.9077519343398188e-09 1.1019320055998354e-07
7.9396135895390791e-07 4.3045985109167192e-09 1.0828359194101877e-07
8.0489761588877012e-07 4.2732282909688003e-09 1.0977500335840062e-07
8.2042015514675795e-07 3.8141099891316902e-09 1.1189209577325186e-07
8.2799302449457677e-07 3.945240075459895e-09 1.1292503761878522e-07
8.4593606670280228e-07 4.4479011308956056e-09 1.1537224577657273e-07
8.4727236088277755e-07 4.5200301429210832e-09 1.1555449120402394e-07
8.288791012106714e-07 4.3838312003843037e-09 1.1304591052318379e-07
8.4729245801843968e-07 4.1483573093795001e-09 1.1555717366765239e-07
8.4969373090398375e-07 4.6980947753940772e-09 1.1588466417626125e-07
8.7672421280416234e-07 5.3130557116571674e-09 1.1957119739252074e-07
8.8320930192994173e-07 4.5287630251311384e-09 1.2045566896133829e-07
8.9629297868037079e-07 4.7579725787954656e-09 1.2224007732631606e-07
9.0421572413848759e-07 4.9202245411924563e-09 1.2332061432585553e-07
8.9663244260379978e-07 4.9578316783638352e-09 1.2228637149244826e-07
8.9324457371640934e-07 5.0283991136994868e-09 1.2182431578904782e-07
9.0878755635352715e-07 5.2145960499572986e-09 1.239441295742047e-07
9.3397200400339402e-07 5.2968767712147506e-09 1.2737888745008695e-07
9.2637670816946179e-07 5.0886572157799988e-09 1.2634301879048338e-07
9.3629351293297853e-07 5.3620493978018423e-09 1.2769552228627225e-07
9.5197121130254685e-07 5.7019713548223798e-09 1.2983371219329269e-07
9.5610601400480569e-07 5.695685839065067e-09 1.3039761860119166e-07
9.5506653146767781e-07 5.054587628342871e-09 1.3025581134697937e-07
9.5862037851987625e-07 5.166184862332171e-09 1.3074047432449958e-07
9.7562532443503547e-07 5.7735215268799526e-09 1.3305970354308154e-07
1.0190636177621517e-06 6.7270089563728162e-09 1.3898411768231325e-07
1.0030560036393207e-06 6.1964034075048857e-09 1.3680107144795793e-07
1.039990696317859e-06 6.4062042073542769e-09 1.4183837551253422e-07
1.0105903251643622e-06 6.0965563910605962e-09 1.3782831098197307e-07
1.0407176735831967e-06 6.478327379002621e-09 1.4193650637132055e-07
1.0347709658737378e-06 6.6810548389981352e-09 1.4112465910387101e-07
1.0537831636127843e-06 6.5807751072295848e-09 1.437169023788519e-07
1.0642820435240028e-06 6.4953760845377034e-09 1.4514843578676853e-07
1.0804542126421543e-06 7.4377022219140447e-09 1.4735401929840457e-07
1.0653362453113635e-06 6.5838774138654978e-09 1.4529235470694486e-07
1.0642894731314946e-06 6.4516792924733363e-09 1.4514971976802578e-07
1.1074631137757137e-06 7.0543144575857152e-09 1.5103784862426562e-07
1.1157419733070487e-06 7.1988103554013856e-09 1.5216690401310356e-07
1.117444629414455e-06 6.991682233981455e-09 1.5239907258647564e-07
1.1144456853322604e-06 7.0893364177507214e-09 1.5199005395262863e-07
1.1109501784068595e-06 7.026474923241433e-09 1.5151333489732808e-07
1.1203892200852435e-06 8.1717726568999782e-09 1.5280065955370459e-07
1.1229671023366293e-06 7.3494610845481147e-09 1.531522416426036e-07
1.1733818973051783e-06 7.2669533530464548e-09 1.6002789722264502e-07
1.1528487111652551e-06 7.9427916543964543e-09 1.5722754324133175e-07
1.1869577465228885e-06 7.5821834558341059e-09 1.6187939666618148e-07
1.164897111098614e-06 7.6985925296361781e-09 1.5887074148117592e-07
1.2270939216008224e-06 8.1877758571809592e-09 1.6735325844826658e-07
1.2111232872806229e-06 8.0952601859433833e-09 1.6517514000647993e-07
1.1826234761915571e-06 8.0461018756892536e-09 1.6128824439512363e-07
1.2629264862662751e-06 9.6486352173503537e-09 1.722400680441176e-07
1.2087157294424957e-06 9.049553537820744e-09 1.6484673119989723e-07
1.2642147691134844e-06 9.5027039441180079e-09 1.7241591507491798e-07
1.260984363013666e-06 9.0636870335646455e-09 1.719755301161735e-07
1.2801230507366e-06 8.7674876482521781e-09 1.7458574467030717e-07
1.2663143715525113e-06 8.6268145710502557e-09 1.7270218619762474e-07
1.3126540603015024e-06 9.7388225968715071e-09 1.7902128383253388e-07
1.3037715878035578e-06 9.3774390251091249e-09 1.7780887239414003e-07
1.3084600843494664e-06 1.0084618293895268e-08 1.7844738384107846e-07
1.3329440329740638e-06 9.406248703702806e-09 1.8178599230560838e-07
1.3923450245815773e-06 1.0865454390803275e-08 1.8988698733222061e-07
1.3673310027611078e-06 1.0419508446707217e-08 1.8647575832926469e-07
1.3748187124804194e-06 1.0316045474866369e-08 1.8749711235144864e-07
1.3443893937320035e-06 9.7157140952478861e-09 1.8334723556299401e-07
1.4226605224454427e-06 1.1149771728266522e-08 1.9402179317624146e-07
1.4075080388294981e-06 1.068814568285885e-08 1.9195524869280847e-07
1.4474710192025501e-06 1.1730448928607782e-08 1.9740534860469479e-07
1.4014567103282544e-06 1.1608737447290171e-08 1.9112994127326497e-07
1.5038444845608897e-06 1.1303947180773837e-08 2.0509354769274848e-07
1.4773982961951676e-06 1.2068013657190103e-08 2.0148683822349738e-07
1.4909661505241228e-06 1.2264118349375534e-08 2.0333721570480672e-07
1.5334185139915977e-06 1.2681931552484705e-08 2.0912684273772851e-07
1.5137197907436782e-06 1.2563712456105735e-08 2.064403433825288e-07
1.500555408540614e-06 1.248716359950256e-08 2.0464500581182222e-07
1.5210678589301652e-06 1.2870402589983551e-08 2.0744249336558077e-07
1.5343298349676783e-06 1.3102234224704903e-08 2.0925114801575347e-07
1.5991244616169783e-06 1.3658572772826666e-08 2.1808775963847344e-07
1.5440091270246759e-06 1.2395413843005412e-08 2.10571101031332e-07
1.5842619764596038e-06 1.2976818943831008e-08 2.1606075653482987e-07
1.6182692993197415e-06 1.4457828323738677e-08 2.2069877371279901e-07
1.5908058054770029e-06 1.5166713526335531e-08 2.1695354611429579e-07
1.6619741239321297e-06 1.3872345963666528e-08 2.2665959976822825e-07
1.6578557655103767e-06 1.4561813550926175e-08 2.2609771929325287e-07
1.6949752366329448e-06 1.5112463457510915e-08 2.3115923625232322e-07
1.7516135871762567e-06 1.6616258782440843e-08 2.3888223938352678e-07
1.7247810988539369e-06 1.7549749923714934e-08 2.352215934839803e-07
1.5875450529197696e-06 1.5879253459314284e-08 2.1650486837698151e-07
1.7124236978039221e-06 1.589696863365701e-08 2.335352115159364e-07
1.7133490344953846e-06 1.5242971536538436e-08 2.3366153587954474e-07
1.81169890447107e-06 1.6400609134642736e-08 2.4707446883116824e-07
1.8558500651023979e-06 1.7088726970045547e-08 2.5309582396356192e-07
1.8142209310418798e-06 1.6682343699390615e-08 2.474185562345929e-07
1.912160981548765e-06 2.0849041892632824e-08 2.6077528853457641e-07
1.9812716786710292e-06 1.9142379409439619e-08 2.7020035088739758e-07
1.9385188515537546e-06 1.9768143079169051e-08 2.6436982301502967e-07
1.9252363945475423e-06 1.9799579717225959e-08 2.6255841503318761e-07
1.8397456594674401e-06 1.8772528193564797e-08 2.5089944301327575e-07
1.8983635105433978e-06 1.9118142029203752e-08 2.5889359261923679e-07
1.9465694926627292e-06 2.2351278765480531e-08 2.6546779233929386e-07
1.9347023908960104e-06 1.892613239776512e-08 2.6384938339932692e-07
1.9278220354065652e-06 2.0183555731148558e-08 2.6291105375027423e-07
1.9283543353188216e-06 2.0448098546135868e-08 2.6298363910639322e-07
2.0953447904445459e-06 2.2376333884961595e-08 2.8575733733194111e-07
1.9817675127253504e-06 2.04881233535188e-08 2.7026799249107483e-07
2.1179428585755867e-06 2.5506123467842902e-08 2.8883923472280822e-07
2.0566758147539566e-06 2.1074774846821572e-08 2.8048381577913246e-07
2.2392355681945905e-06 2.5378540015678197e-08 3.0538079631553743e-07
2.1540761652464003e-06 2.3677429076126876e-08 2.9376691882973194e-07
2.1733995497258672e-06 2.3857061160104314e-08 2.9640211244868142e-07
2.1726642590184492e-06 2.5107997531004466e-08 2.9630184297484374e-07
2.2241591250014159e-06 2.3900214719457375e-08 3.0332474992470927e-07
2.1147425446131197e-06 2.5704038878142401e-08 2.8840312154287692e-07
2.27131795034352e-06 2.6189872057015955e-08 3.0975662984415689e-07
2.2282954020271571e-06 2.4507243603598107e-08 3.0388896748189231e-07
2.316507279173037e-06 2.7987709224122541e-08 3.1591788911819149e-07
2.4041252182684567e-06 2.8337042132047124e-08 3.2786518233220646e-07
2.4015502286863956e-06 2.611533557486259e-08 3.2751228464671492e-07
2.4307636330549892e-06 2.9206978376087804e-08 3.314951397586355e-07
2.3930524352550505e-06 2.9261034138111998e-08 3.2635197616461654e-07
2.3325207659314833e-06 2.9588478927011774e-08 3.1809717771490941e-07
2.3993491148454445e-06 2.8859714973572231e-08 3.2721122804770266e-07
2.4614259835971211e-06 2.9258885601507544e-08 3.356771374203763e-07
2.3639077382619473e-06 3.0733167935681118e-08 3.2237807503808394e-07
2.5415397843603219e-06 3.4625907320438264e-08 3.466025642199513e-07
2.5159627850770869e-06 3.1304596662626587e-08 3.4311442789408946e-07
2.6221037647248429e-06 3.4337830028372134e-08 3.5758938416843092e-07
2.6446051599639178e-06 3.3843652804825583e-08 3.6065803147597471e-07
2.6178276380775741e-06 3.4201466656731146e-08 3.5700626997953909e-07
2.6906723406031378e-06 3.7014810629935475e-08 3.6694047034072757e-07
2.720055261284954e-06 3.7575453047220928e-08 3.7094756300991883e-07
2.8697956187845118e-06 4.0865059106607935e-08 3.9136839941390048e-07
2.6487659700316057e-06 3.801205241096232e-08 3.6122549697636591e-07
3.0155654098525562e-06 4.051081629762002e-08 4.1124780726846145e-07
2.7974833057616836e-06 3.9638643217014775e-08 3.8150685647214729e-07
2.6383489774367928e-06 4.0347184402241696e-08 3.5980486420599126e-07
3.040347843652375e-06 4.0157793082937778e-08 4.1462734646293713e-07
2.816261726525669e-06 4.0022732848431618e-08 3.8406754334608194e-07
2.6702477401828797e-06 3.8221366681879746e-08 3.6415497051910178e-07
2.9895372911490365e-06 4.2673139124019158e-08 4.0769842146718819e-07
3.0881069634131222e-06 4.8771682907456704e-08 4.2114127615437148e-07
3.1110673009772729e-06 4.6627675964806703e-08 4.2427250003549358e-07
3.0655851064615409e-06 4.8055359848602884e-08 4.1806899485330003e-07
2.843408757587503e-06 4.2051333754681819e-08 3.8776796879745269e-07
3.3082059255462271e-06 5.3289548063130349e-08 4.5115189902224353e-07
3.2534698820395599e-06 5.3224144025909898e-08 4.4368525169113225e-07
3.2435708643382935e-06 5.2396546946885992e-08 4.423342079472545e-07
3.230069477144873e-06 4.8888425033727145e-08 4.4049287776241415e-07
3.1900507474018747e-06 4.7993559766880603e-08 4.350358013878445e-07
3.3119827159202415e-06 5.2369970473394858e-08 4.5166440766012592e-07
3.1006070523562229e-06 5.1662106885163767e-08 4.228386437274069e-07
3.195397815148366e-06 5.3504038936931928e-08 4.3576547626878514e-07
3.4039460967871969e-06 6.7229241315818167e-08 4.6420566855094152e-07
3.3525462153037186e-06 5.2283638311543129e-08 4.5719605098168563e-07
3.5407501448543505e-06 6.1111160283336089e-08 4.828619348711602e-07
3.8473950953839426e-06 7.4219061156370005e-08 5.2467999261487846e-07
3.7418741646632819e-06 7.7139618305377525e-08 5.1028984591846114e-07
3.7690284698186574e-06 6.4969521340849792e-08 5.1399296625575543e-07
3.550668062721255e-06 6.1437356753671299e-08 4.8421454392100654e-07
3.5824789570244367e-06 6.4349218911195044e-08 4.8855266946531089e-07
3.6107107538887048e-06 6.7836516589548621e-08 4.9240270772017263e-07
4.0324621889386129e-06 7.6842098429698364e-08 5.4991811563171451e-07
3.9242542437351111e-06 7.2361809640642549e-08 5.3516150594558977e-07
3.7266423519040209e-06 6.7468906289902343e-08 5.0821264409521442e-07
3.9076564212379062e-06 7.4768875502743908e-08 5.3289807573060384e-07
3.9224575653003776e-06 7.111502562661091e-08 5.3491656686077903e-07
3.937270935414004e-06 7.5421362666366855e-08 5.3693665860354548e-07
4.1282123809835375e-06 7.8996472902904583e-08 5.6297572612096592e-07
4.1149290528830786e-06 8.3167097682759008e-08 5.6116412596648843e-07
3.9271501539621297e-06 7.3644534144184674e-08 5.3555625634933855e-07
4.431652442902846e-06 9.749744770680386e-08 6.0435703765602076e-07
3.9963296735582817e-06 7.9961976353597296e-08 5.4499139257024522e-07
4.2567117980191286e-06 9.3735686279701395e-08 5.8050067752669759e-07
5.0983779706616815e-06 1.1301114240456513e-07 6.9528024267539077e-07
3.9756833143606236e-06 8.7360305670227423e-08 5.4217307173552404e-07
4.4226398407983365e-06 9.1776011895317003e-08 6.031223553619846e-07
4.5972577742455713e-06 9.7720922222310852e-08 6.2693213478278272e-07
4.2308259676583039e-06 9.1478954822999142e-08 5.7695970622833922e-07
4.9135975946582753e-06 1.0725797499285394e-07 6.7006908538595314e-07
4.5460999777644962e-06 1.054597572342305e-07 6.1995371204031031e-07
4.8748060704847329e-06 1.1581312978221445e-07 6.6478018403230423e-07
4.8051589314022572e-06 1.1784329448532223e-07 6.5528268196095789e-07
4.9254203872324096e-06 1.2368341122869272e-07 6.7168279552874032e-07
4.6812585477485163e-06 1.0712108450147918e-07 6.3838611266515826e-07
5.127415039622893e-06 1.3437104285351884e-07 6.9922860193159394e-07
5.1305436974791986e-06 1.3854007458414793e-07 6.996552251447061e-07
4.9826934258483373e-06 1.2146577529068187e-07 6.7949282474965045e-07
5.3073076241801018e-06 1.3446586571499845e-07 7.2376071560999487e-07
5.2735875954188068e-06 1.4608283201555369e-07 7.1916231773677787e-07
5.8233640888278741e-06 1.5626201769232451e-07 7.9413566704154003e-07
4.8679229850485099e-06 1.2356067358250168e-07 6.6384158094372817e-07
5.7110539052077224e-06 1.4746272450175151e-07 7.7881982676374884e-07
5.6145825968279023e-06 1.6605713614879085e-07 7.65663958099589e-07
5.1153640339704309e-06 1.328999421309716e-07 6.9758522596822418e-07
6.8044980805762082e-06 1.9232646135190132e-07 9.2793347652256896e-07
5.7785613455494473e-06 1.6250133536763777e-07 7.8802591551470571e-07
5.7386825148183377e-06 1.6179844536441631e-07 7.8258766286132225e-07
5.7049998350760313e-06 1.5715885531697936e-07 7.7799430606187215e-07
6.5203106451929529e-06 2.034062210544729e-07 8.8917855662644823e-07
5.9106929121021155e-06 1.8546056793514411e-07 8.0604442059952365e-07
6.4695967236526727e-06 1.8564990377053694e-07 8.8226238099535098e-07
5.7475263357093452e-06 1.7505973491014383e-07 7.8379358924175046e-07
6.2764920640992417e-06 1.8194372465207197e-07 8.559297901129241e-07
6.0536202256091962e-06 1.7732131447285289e-07 8.2553721956275089e-07
6.7945928770032446e-06 2.0916300184069061e-07 9.2658377449729956e-07
6.3453529246124109e-06 2.106343625913507e-07 8.6531816036297693e-07
6.1994880114365476e-06 2.1278375431493144e-07 8.4542242183467601e-07
7.9807270403859179e-06 2.495238557334987e-07 1.0883237321257659e-06
7.5759358083672413e-06 2.494519476304647e-07 1.0331185069428223e-06
8.4268197891318915e-06 2.8181694707392719e-07 1.1491502566906346e-06
6.479233253503982e-06 2.2630221383851091e-07 8.8356150686882617e-07
6.6802198267028609e-06 2.2870354117521333e-07 9.1097055431456735e-07
7.8786101650315475e-06 2.6654411253550867e-07 1.0743939153773543e-06
7.7854020593342536e-06 2.9761566588197945e-07 1.061683454861236e-06
7.4742658876399353e-06 2.6622224416556513e-07 1.0192541066282883e-06
9.9107190904565815e-06 3.7611274728878938e-07 1.3515091236848563e-06
8.539373641727976e-06 3.4151267265903515e-07 1.1645007602589615e-06
8.4255096400559578e-06 3.1926829616889714e-07 1.1489733026836696e-06
8.5445273130431432e-06 3.2937874547291184e-07 1.1652036309995604e-06
7.1785805500449124e-06 2.7891759155136589e-07 9.7893170868295112e-07
8.2589730517798334e-06 3.254476333945132e-07 1.1262631447229727e-06
9.5954303072700091e-06 3.5601451812391266e-07 1.3085137111889092e-06
7.7772322336023355e-06 3.0669467902986059e-07 1.0605688742581371e-06
1.2152739970283834e-05 5.4485543931160944e-07 1.6572498965571403e-06
7.1694291917011629e-06 2.6241545927497446e-07 9.7768368557871999e-07
8.735824137195015e-06 3.5150146606112154e-07 1.1912905062691102e-06
8.4983667013568974e-06 3.4363600286592684e-07 1.1589088701317113e-06
9.23421886623268e-06 4.1045460143735068e-07 1.2592559639961378e-06
8.9756213123600571e-06 3.7030516610211779e-07 1.2239914359385062e-06
9.6246596194755714e-06 4.3547031873251585e-07 1.3124996520372861e-06
1.2225302825348511e-05 5.7660831906849047e-07 1.6671448489674246e-06
9.4636942037258902e-06 4.4897508441703513e-07 1.2905484453199276e-06
1.2912438042821875e-05 6.8600320133106404e-07 1.7608481651146066e-06
1.0470694481546309e-05 5.1044589172840995e-07 1.4278725113991173e-06
1.303646335716624e-05 7.400458020946422e-07 1.7777642558473021e-06
1.0506011670368504e-05 5.8122651006557863e-07 1.4326906226611614e-06
1.0538953681237408e-05 4.8278137614026299e-07 1.4371810658538137e-06
1.0472571265507478e-05 5.2577992161485276e-07 1.428123362820106e-06
1.3977396135195578e-05 7.4024039281253256e-07 1.9060595101582066e-06
1.3539473382311115e-05 8.0145239778019112e-07 1.8463319735658896e-06
1.329613769629495e-05 7.166040648951139e-07 1.8131431906187697e-06
1.181748652939535e-05 6.0098075197716886e-07 1.6115037069772698e-06
1.4049612023359613e-05 8.45538898924691e-07 1.9158907870097496e-06
1.7072370083553174e-05 1.1019673093939738e-06 2.3280948371026828e-06
1.6713004812833272e-05 1.0750296807000566e-06 2.2790908456851726e-06
1.9116893299098912e-05 1.1092109548209897e-06 2.6069003497558908e-06
1.5040735135100338e-05 8.8227419592316913e-07 2.0510491672576247e-06
9.9421354560059774e-06 5.3488605849932411e-07 1.3557717553784824e-06
1.0437837604908884e-05 6.2605181693152231e-07 1.4233687088775909e-06
1.6782258977038812e-05 1.0553736184142289e-06 2.2885336930353775e-06
1.1433528663391886e-05 6.7088745579807775e-07 1.5591475128175048e-06
1.1877796422550891e-05 7.2856578137507388e-07 1.6197307108301403e-06
1.1905969769417115e-05 7.5728569707936766e-07 1.623572604856724e-06
1.2283400180399944e-05 7.6161097200668768e-07 1.675041361366598e-06
1.6769222565368965e-05 1.0384698660378692e-06 2.2867561484934912e-06
1.5008836659813078e-05 1.0647346002029937e-06 2.046698908060676e-06
1.8749234244394047e-05 1.326234266161406e-06 2.556762961789857e-06
1.3770558958934502e-05 8.936776995846663e-07 1.8778396374887026e-06
1.1479589515436285e-05 7.1426518349950592e-07 1.5654286626056138e-06
1.7687213988404655e-05 1.3217787751148699e-06 2.4119391436377743e-06
1.6275951228194319e-05 1.1316855180918238e-06 2.2194905280338437e-06
1.6733739147344351e-05 1.2561438343071313e-06 2.2819174322782679e-06
1.4261223627539361e-05 1.0725657745882306e-06 1.944749865669182e-06
1.8106176527642499e-05 1.2775348045274886e-06 2.4690718803116855e-06
1.9115546339614454e-05 1.3175550915647852e-06 2.6067157295117643e-06
1.9048032598966439e-05 1.4699378049784006e-06 2.5975086066070492e-06
1.4861897604418084e-05 1.1560334957613811e-06 2.0266606044590235e-06
1.5807246052913222e-05 1.1812003142948747e-06 2.1555741139088458e-06
1.2253953833163789e-05 8.816406902755671e-07 1.6710258851560999e-06
1.5835248110432735e-05 1.3223274994201041e-06 2.1593956782506347e-06
2.0813241519986236e-05 2.0119966186945481e-06 2.8382286592346274e-06
1.7329986326804281e-05 1.4822990723402927e-06 2.3632280888498378e-06
1.8643420938115145e-05 1.7840377577028195e-06 2.5423294712325064e-06
2.0662107275821953e-05 1.7768803265046043e-06 2.8175965397879318e-06
2.1172317818574673e-05 1.9174822626394752e-06 2.8871567874369031e-06
2.0460823763565381e-05 1.8899266969771488e-06 2.7901228145808793e-06
2.7007346696915582e-05 2.8445743483347762e-06 3.6828273272157027e-06
1.617835141889329e-05 1.4594593071200659e-06 2.2061433641313478e-06
3.1273957312696105e-05 3.1992736354097088e-06 4.2646431634607865e-06
2.0727176256021507e-05 1.790649869691599e-06 2.8264437799153494e-06
1.667549770682452e-05 1.4855856369953003e-06 2.2739405636446071e-06
2.2880364161809287e-05 2.1508585650312877e-06 3.1200616247309705e-06
1.6949393608314887e-05 1.5350233366834976e-06 2.3112892034143746e-06
1.9569190424881676e-05 1.9198215775552153e-06 2.6685351330904392e-06
2.1421018651358006e-05 2.2895033245183469e-06 2.9210579964558511e-06
2.8142523516060064e-05 2.9537330306138392e-06 3.837630189911086e-06
2.3275122949558049e-05 2.6884987081141103e-06 3.1738916715711257e-06
2.8275872905089888e-05 3.0018162768953146e-06 3.855814615033189e-06
3.2572592622338544e-05 3.5939273966871147e-06 4.4417330152499689e-06
1.8897441053855512e-05 1.8739092297753253e-06 2.5769328984355684e-06
5.0560652932841946e-05 7.2113390703806536e-06 6.8946587612438879e-06
2.1046018817458643e-05 2.1482728215339029e-06 2.8699217139407348e-06
3.8350795092383178e-05 4.2536534745894418e-06 5.2296721943518353e-06
2.4774074126247577e-05 2.8953130557963495e-06 3.3782947845023037e-06
2.2331526407435217e-05 2.748489539625621e-06 3.0452191562068214e-06
5.6710947887572393e-05 7.7498671722346104e-06 7.733339318576731e-06
2.1937365176306539e-05 2.4246524458940954e-06 2.9914696684231744e-06
3.0792810647462961e-05 3.4070962183150831e-06 4.1990339112456792e-06
1.9451060913650538e-05 2.1035476262842732e-06 2.6524257336440147e-06
3.205855797336634e-05 4.0979187073317874e-06 4.3716351121660618e-06
5.2205794119241772e-05 7.6761890560669753e-06 7.1189970832841631e-06
2.9680021400446296e-05 3.5669744042040437e-06 4.0472937787073177e-06
4.3472598597512798e-05 5.4736964932897214e-06 5.9281123819600017e-06
3.060322705142982e-05 4.0572002837537214e-06 4.1731869370649205e-06
2.597050036219584e-05 3.2765822363865372e-06 3.5414393271578176e-06
2.2227269568873736e-05 2.6391133072115574e-06 3.0309838680598566e-06
2.3615828370001188e-05 3.0142520810736163e-06 3.2203159761803065e-06
4.9814067125955986e-05 6.8039422848937424e-06 6.7927483539255823e-06
2.4064422333702043e-05 2.9705613649913331e-06 3.2814678233844184e-06
2.418726788731071e-05 3.407439077947693e-06 3.2982191275073063e-06
3.0347850907290615e-05 4.7042712090247741e-06 4.1382908254525781e-06
2.4727687550500961e-05 2.9623912386626008e-06 3.3719174259947189e-06
4.4056045632459426e-05 6.3367264575385634e-06 6.0075730310017779e-06
6.0337469560466175e-05 9.2458539466887457e-06 8.2277404563569763e-06
2.8123249969002571e-05 3.4866381140800389e-06 3.8349427421046972e-06
3.5300927056661984e-05 5.1142420451220126e-06 4.8137043976757992e-06
3.5299847063482692e-05 5.0781904400615107e-06 4.8135570317920246e-06
3.5298767070303401e-05 5.1750359181033487e-06 4.8134100310859967e-06
