4914130000 0 61307076.262827493
4965650000 0 61880638.091686219
-0.00024416053390205955 0.0010848062196910462 2.0127360344611194e-05
-3.6599344471082768e-05 0.012909924123006081 3.0169794408686518e-06
3.1002884558708777e-05 0.0010948379092525218 2.5555751277184608e-06
-5.0230403017812995e-05 0.0034139115294279207 4.1403831306670713e-06
0.00012554890229662762 0.0040300132292812431 1.0348418810453423e-05
2.4732027133112885e-05 0.014494165488378107 2.0384863590587301e-06
-2.8594803747570548e-05 0.017678007166858734 2.3567966798758447e-06
2.9173893638544406e-05 0.0064828214315320728 2.4044525589825342e-06
2.8965392362540537e-05 0.0034427114031156968 2.3871952049731648e-06
-4.1948904159719736e-05 0.0080616316353334314 3.4571305146826186e-06
8.6322002804114896e-05 0.030625583369143231 7.113826584519489e-06
-2.2256992698889868e-05 0.00055610273639099131 1.8341498648104375e-06
0.00010350626194620683 0.0041983412980574871 8.5294596156190498e-06
1.9443461819104405e-05 0.046515017295606122 1.6021937671346289e-06
6.0789869288225438e-05 0.026996449489218203 5.0090946456274608e-06
0.00020612728688053036 0.0019683329952346557 1.6984397346789114e-05
1.448719222336336e-05 0.00012133190223904009 1.1936734835602945e-06
-3.1206830461464318e-05 0.002426966371104641 2.571211246521115e-06
-0.00018902974287975566 0.0025131323555047558 1.5574176323182299e-05
0.00042876253333152961 0.025994473802200473 3.5324720626617402e-05
-4.3938771894263756e-05 0.0064287341585670147 3.6199028309018493e-06
2.2656297022029787e-06 1.172513691813403e-07 1.866487875057753e-07
6.422668655336666e-07 1.0322541726763379e-08 5.2910171580778106e-08
6.2952621439941222e-07 8.7182534004136619e-09 5.1859108064803562e-08
6.4000152897671957e-07 1.0206818338393993e-08 5.2720561074592304e-08
6.0575622881801838e-07 9.086974492231041e-09 4.9898201370293419e-08
6.1900562199850486e-07 9.6199899290960759e-09 5.0988216517856921e-08
6.4194551433867912e-07 8.7608076786636451e-09 5.2876400326356697e-08
6.3593772930950413e-07 8.7167433433562421e-09 5.238018746818909e-08
6.3522109193735179e-07 8.9088556324128118e-09 5.2319836940874419e-08
6.3726166543345268e-07 8.1763073766101417e-09 5.2486615156779524e-08
6.4063492410759638e-07 9.1100028067219503e-09 5.27631773796126e-08
6.2381215756968462e-07 8.6541759225080236e-09 5.1376433877523419e-08
6.0498758453150417e-07 8.160091671463777e-09 4.9824919692719977e-08
6.3682415483310554e-07 8.772289311671345e-09 5.2445698886433428e-08
6.2784943822897834e-07 8.5110684366551832e-09 5.1705442183340878e-08
6.3598259175432782e-07 8.4729127541219042e-09 5.2374095498796755e-08
6.3635644206182433e-07 8.0170105195520582e-09 5.240376304206022e-08
6.6361388162456233e-07 8.6533130944281448e-09 5.464725252212623e-08
6.5186407607809949e-07 9.1541223919880557e-09 5.3678559551054405e-08
6.7480153763796547e-07 1.0143614623280146e-08 5.5566227288909603e-08
6.7975634991757479e-07 9.6558758752507386e-09 5.5973083598971491e-08
6.6410754451726732e-07 9.8464086285937235e-09 5.4683404497889769e-08
7.1341315457127723e-07 9.4769733800971718e-09 5.8742097571594368e-08
7.3439086025384148e-07 1.0223357026052649e-08 6.0468170856122065e-08
6.6519146943552229e-07 9.4552444969075384e-09 5.4769335857257756e-08
5.8617549908821547e-07 6.2966554421606789e-09 4.8262485640783136e-08
5.5279650513877634e-07 6.4106401745523408e-09 4.5513317859794932e-08
6.0855858578052815e-07 7.2010669850110813e-09 5.0103346149286341e-08
6.6501380817593625e-07 8.80468809455982e-09 5.4750246501744277e-08
6.2184120388581518e-07 7.6339737756580704e-09 5.1194806528365157e-08
6.3382165132703609e-07 7.127670488669329e-09 5.2180033980856446e-08
6.4080089104592075e-07 8.2269969745938379e-09 5.2753486728927192e-08
6.4716269418506623e-07 7.6283398573661564e-09 5.3276068022154857e-08
6.6391828303459129e-07 7.9064132169543926e-09 5.4654231950268124e-08
6.3687432451490521e-07 7.2852871847380711e-09 5.2426785098021476e-08
6.4531395863701654e-07 7.8893004856476258e-09 5.3120320029387396e-08
6.4247514514937514e-07 7.8228253242999067e-09 5.2885412421501084e-08
6.3345648543213362e-07 6.9373267308995959e-09 5.2141818079139254e-08
6.4966046386162367e-07 7.0444379010698984e-09 5.3474349768396018e-08
6.3799472614904265e-07 6.6138694666819411e-09 5.2512862085819463e-08
6.5199007196206918e-07 7.5884600879277482e-09 5.3663513126072632e-08
6.3050024968979429e-07 6.8179576851434598e-09 5.1893467404861288e-08
6.3169032867262239e-07 6.678773811925532e-09 5.1990129043390112e-08
6.3740935846849486e-07 6.8174603378930697e-09 5.245951583628786e-08
6.3127612779099961e-07 7.6233099319674281e-09 5.1953450913900104e-08
6.3478168973485488e-07 6.9485246107686952e-09 5.2240637611310856e-08
6.4161005814121075e-07 7.1584184344862546e-09 5.280126260132769e-08
6.2629066280375343e-07 6.2310406618754468e-09 5.1539251218987941e-08
6.2238787153447833e-07 6.3698930784202905e-09 5.1216789034334173e-08
6.3325550345269727e-07 6.210350238163152e-09 5.2109776469143322e-08
6.2805025312457603e-07 5.8598158949131834e-09 5.1680142301405546e-08
6.1742968549161349e-07 5.8841229255824318e-09 5.0804927579734585e-08
6.1111438477810939e-07 5.7343141035737713e-09 5.0284020357515198e-08
6.1744635209632418e-07 5.9328487599039384e-09 5.0803767718951188e-08
6.0790657455112586e-07 5.644372003917392e-09 5.0017583704338668e-08
6.0787750880681199e-07 5.7617900002857005e-09 5.0013961628018991e-08
6.0246968843132866e-07 5.6234357688422761e-09 4.9567829007730591e-08
6.1106703380494824e-07 5.6637309953136187e-09 5.0273952757118549e-08
6.0554467523362336e-07 5.6960419663616279e-09 4.9818423935579828e-08
6.1688280004256462e-07 5.9054388303129491e-09 5.0750017267394229e-08
6.0787513271139283e-07 5.6635758279729784e-09 5.0007814769359034e-08
6.0135285210463847e-07 5.1635913167817993e-09 4.9470115572502051e-08
6.0253749670402701e-07 5.5883606712735478e-09 4.9566451031087826e-08
5.9381844199308601e-07 5.5107136395144636e-09 4.8848117215074724e-08
5.854450501014524e-07 5.0695849210865495e-09 4.8158261166847955e-08
5.9347883700585523e-07 5.0548675691548771e-09 4.8818059816705928e-08
6.0825526392301878e-07 5.302088808285258e-09 5.003246484989659e-08
6.0662932608964162e-07 5.0097724643691622e-09 4.9897671883436549e-08
6.1123556994611932e-07 5.0191012645037271e-09 5.0275499205436131e-08
6.0290261026364422e-07 5.2306032330836361e-09 4.9589076245643835e-08
5.9993460554052224e-07 4.7786893821393181e-09 4.9343946378232389e-08
6.0582574195797836e-07 5.6894031472123749e-09 4.9827487383305682e-08
6.0918835395982981e-07 5.2731694755038665e-09 5.0103044442859652e-08
6.0405790204189683e-07 5.3303349249805166e-09 4.9680099737697551e-08
6.0323760249242083e-07 4.942670563183526e-09 4.961165298986347e-08
5.9805190338293413e-07 5.0538872044901826e-09 4.9184191314584434e-08
5.9756803007659377e-07 4.6862708529196209e-09 4.9143432177426388e-08
5.7519506032200571e-07 4.7475883688327403e-09 4.7302575461634416e-08
5.8410110651979133e-07 4.5358711094391088e-09 4.8034058379547308e-08
5.7761470664466965e-07 4.1834485371536353e-09 4.7499715551843024e-08
5.8142836729725938e-07 4.295495972546078e-09 4.7812399236339923e-08
5.9200440335391513e-07 4.7180001433966441e-09 4.8681152488915662e-08
5.9293561037475043e-07 4.363952238875472e-09 4.875677949257103e-08
5.8489720152718813e-07 4.6725074258339143e-09 4.8094848791257806e-08
5.8545397865784451e-07 4.484806075019772e-09 4.8139690941765092e-08
5.7434696672464109e-07 3.8344933166728144e-09 4.7225471699938737e-08
5.7674653685057668e-07 4.1390729412514227e-09 4.7421845367934859e-08
5.662092153252283e-07 4.3678972330202321e-09 4.6554512305220612e-08
5.6455744092757609e-07 3.7916564199758739e-09 4.64177785138703e-08
5.6427505128256497e-07 4.3106008499888966e-09 4.6393636586787343e-08
5.5522313357693738e-07 4.1290527960393579e-09 4.5648481186088887e-08
5.458142846375767e-07 3.8850933632651924e-09 4.4874010966754647e-08
5.5006208053007451e-07 3.3965263080270679e-09 4.5222333191299264e-08
5.4286635449348314e-07 3.5817897870997397e-09 4.4629845436366827e-08
5.3768056670594783e-07 3.4883547492080231e-09 4.4202617514705919e-08
5.3043731082588588e-07 3.5086248013432823e-09 4.3606266185750195e-08
5.3614038759344241e-07 3.5506460797666559e-09 4.4074205171151289e-08
5.3174990542761527e-07 2.9910993338907903e-09 4.3712385856941924e-08
5.1900302055967075e-07 3.0496431451608325e-09 4.2663670744429535e-08
5.1819675380336273e-07 3.0653905145725125e-09 4.2596528078528116e-08
5.194574857292113e-07 2.7128354347659955e-09 4.2699295406597601e-08
5.028885549456284e-07 2.852689175621415e-09 4.1336504517954012e-08
5.0510249313999081e-07 2.8846889274365758e-09 4.1517649053268386e-08
5.008974715095012e-07 3.0417561812974837e-09 4.1171191588745626e-08
4.9877783570295482e-07 3.0677691904200046e-09 4.0996152508918743e-08
4.9365567227871689e-07 2.6363028739042344e-09 4.0574343347645658e-08
4.8894576709712778e-07 2.7653008776710971e-09 4.0186439263441611e-08
4.8682808573159492e-07 2.5159522161084533e-09 4.0011605910151398e-08
4.7869051291041776e-07 2.307552417784132e-09 3.9342034153018725e-08
4.785116984722244e-07 2.7368534177263035e-09 3.932658004588313e-08
4.7557558337241931e-07 2.2269306485594572e-09 3.9084531156042079e-08
4.6921659247529813e-07 2.3585976469175662e-09 3.8561206142158661e-08
4.6368394085302743e-07 2.6357052754795567e-09 3.8105809675676904e-08
4.6310424007157168e-07 2.4942874049172418e-09 3.8057472177893561e-08
4.5965554148881048e-07 2.314045913223173e-09 3.7773377584143058e-08
4.5370485353862811e-07 2.3001743967365972e-09 3.7283693590063774e-08
4.5425060578389242e-07 2.2776647319767135e-09 3.7327882231190857e-08
4.4571676022312107e-07 2.0704357606003853e-09 3.6625977530559974e-08
4.4815477972397465e-07 2.2019926824803268e-09 3.6825682985434444e-08
4.4889662384301466e-07 2.0932545064403631e-09 3.6886009823737943e-08
4.3974845199929998e-07 2.1264253513435872e-09 3.61336897546469e-08
4.4279146661699911e-07 2.0776254770629225e-09 3.6383127246089031e-08
4.377240340352182e-07 1.8303717441504799e-09 3.5966154578558624e-08
4.3874999524810973e-07 2.127088268168694e-09 3.6049858457951053e-08
4.3446617857422974e-07 2.0565472194386789e-09 3.5697300274425038e-08
4.3485529171520009e-07 1.8836203127195884e-09 3.5728699100864606e-08
4.3222511199914519e-07 2.1121428212269713e-09 3.5512028416886829e-08
4.2307987220005442e-07 1.7135437437429633e-09 3.476009652745259e-08
4.298044796602257e-07 1.9883024316605065e-09 3.531203582722935e-08
4.2282784518092237e-07 1.8811794646812024e-09 3.4738303228301396e-08
4.1654685200103462e-07 1.8024443833029894e-09 3.4221742491928728e-08
4.1556122412571577e-07 1.9434676772961518e-09 3.4140242769854962e-08
4.1121007468401118e-07 1.6455788552115324e-09 3.3782256227218044e-08
4.0503701021271892e-07 1.7297725432445682e-09 3.3274609925526924e-08
4.1009861105367763e-07 1.5669355432796799e-09 3.3689918349946427e-08
4.0808463937732261e-07 1.5409537187661815e-09 3.3523959018605502e-08
4.1093277688548258e-07 1.6964016841379217e-09 3.3757421467692267e-08
4.019441944153455e-07 1.6303769458778279e-09 3.3018525209330101e-08
3.9877515844960915e-07 1.6008605315678341e-09 3.2757702486566045e-08
3.9270457472831131e-07 1.5363147051244411e-09 3.2258541090901439e-08
3.8482867107105996e-07 1.5788579177904797e-09 3.1611102759265878e-08
3.8704979905014581e-07 1.4426829690179331e-09 3.1793074753278036e-08
3.8864670801229876e-07 1.4815865731038897e-09 3.1923764379036351e-08
3.8635130837686698e-07 1.403910984954403e-09 3.1734743259895391e-08
3.8344732723038042e-07 1.3095058750041823e-09 3.1495734202173742e-08
3.822458570442656e-07 1.3215582395383655e-09 3.139657192377018e-08
3.7720715934092191e-07 1.2480110368721114e-09 3.0982238716769963e-08
3.7716134694930364e-07 1.2758038516249649e-09 3.097800710066438e-08
3.7365425805983351e-07 1.1593761105643738e-09 3.0689492219359956e-08
3.6632701328667257e-07 1.1559435881440204e-09 3.00872233286473e-08
3.6467846580477045e-07 1.115132600166502e-09 2.9951372203798874e-08
3.6766217825753106e-07 1.2504924800520408e-09 3.0195968828348755e-08
3.6412967760502241e-07 1.3439830564304066e-09 2.9905394773749048e-08
3.657069683397038e-07 1.287028205299755e-09 3.0034480159345436e-08
3.6196338395281289e-07 1.2398686265668434e-09 2.9726577720153235e-08
3.5793434440511803e-07 1.2716762003126756e-09 2.939524726007588e-08
3.5523313699181637e-07 1.1513210644169171e-09 2.9172968425806946e-08
3.5788800968009013e-07 1.1381707922428587e-09 2.9390552499220789e-08
3.5472355843774878e-07 1.1602322881393899e-09 2.9130239625181459e-08
3.4681353125758305e-07 1.0116546921601598e-09 2.8480227517540281e-08
3.5092877239255501e-07 1.0358801785758792e-09 2.8817734814445815e-08
3.4930836579350242e-07 1.1162628610353916e-09 2.8684234698745856e-08
3.4691255103953756e-07 1.0809874094200761e-09 2.8487065937467604e-08
3.4615757119738996e-07 1.0621808654044162e-09 2.8424640605387672e-08
3.4102298096725141e-07 1.0010927037328892e-09 2.8002588301041919e-08
3.4617028356735358e-07 1.1597298057700294e-09 2.8424821152069374e-08
3.377782392195643e-07 9.7831251469376392e-10 2.7735312581631161e-08
3.3594554361370107e-07 9.2924720703012925e-10 2.7584412254691743e-08
3.3713778988096915e-07 9.2689573546033656e-10 2.76818865779847e-08
3.3582998742671992e-07 9.7550839019594021e-10 2.7574088702499028e-08
3.3096686800108592e-07 9.9991126133986234e-10 2.7174379882337794e-08
3.3051688314533047e-07 7.9252095938900542e-10 2.7137025598535177e-08
3.2865231265849563e-07 8.7869561753674558e-10 2.6983526736255493e-08
3.3234442402493271e-07 1.0742978428285797e-09 2.7286250005795526e-08
3.3151412091392494e-07 8.9049149614567713e-10 2.7217669894425105e-08
3.2454811416562439e-07 9.5430545588747019e-10 2.6645350518974755e-08
3.2601334819551512e-07 8.0036450275767572e-10 2.6765244461088003e-08
3.23000267342693e-07 9.1104800204978412e-10 2.6517475933944597e-08
3.2607864026015824e-07 8.6004824996545901e-10 2.6769796900679923e-08
3.2013658154799029e-07 8.7672795585549296e-10 2.6281583619662265e-08
3.170206493357828e-07 8.4369467983071984e-10 2.6025389381705407e-08
3.1838485943746564e-07 7.9338704137909892e-10 2.6136989702647014e-08
3.152505828963703e-07 7.8916700842851978e-10 2.5879299730701994e-08
3.190937117455674e-07 8.8059402934476234e-10 2.6194393580907384e-08
3.1123001836013043e-07 8.669513870068246e-10 2.5548480756919768e-08
3.0944839027397878e-07 8.0179961199713338e-10 2.5401848225390758e-08
3.0875083918326689e-07 7.8659478033004213e-10 2.5344209020425623e-08
3.0611268938633892e-07 7.5680753639270826e-10 2.5127276759283533e-08
3.0548755198668796e-07 7.8153853790582765e-10 2.5075587874279575e-08
3.0419460715785355e-07 8.4509364746181247e-10 2.4969086256545939e-08
3.0190926907840601e-07 7.599182923208822e-10 2.4781128623184165e-08
3.0126426006296915e-07 7.1281644651081055e-10 2.4727817831494442e-08
3.0004144440492154e-07 8.1044356226156606e-10 2.4627082370608307e-08
2.9622213959544009e-07 8.2054722474277895e-10 2.4313235581482969e-08
2.9422761051423288e-07 7.2276380812918475e-10 2.4149170450410707e-08
2.9332560109597029e-07 6.8565146266217885e-10 2.4074780181875578e-08
2.9151964379033736e-07 6.5847278651173657e-10 2.3926199535284025e-08
2.8786803439087697e-07 6.7573755430595189e-10 2.3626148047815715e-08
2.8864644228934623e-07 5.9537458311588516e-10 2.3689683818478061e-08
2.8980202387255611e-07 7.0482320382341588e-10 2.3784170720323582e-08
2.8419900853215958e-07 6.3207156468097878e-10 2.3323986280923119e-08
2.874725561675351e-07 6.5331356806045148e-10 2.3592295370945564e-08
2.8587428278836604e-07 6.0943276717727415e-10 2.3460783045311585e-08
2.811910280162973e-07 6.972117208059588e-10 2.3076103570288312e-08
2.8035297489961027e-07 6.5410649938382318e-10 2.3006990627050039e-08
2.8651882190741079e-07 6.2057592223708884e-10 2.3512641722173761e-08
2.8343206965437168e-07 6.4656568180841427e-10 2.325899271419868e-08
2.7753492897490147e-07 6.1649746070947958e-10 2.2774728326719835e-08
2.7573969642687275e-07 5.3343801555117248e-10 2.2627078750677751e-08
2.7433526400432932e-07 5.8713931481280763e-10 2.2511504394463856e-08
2.7510947676126862e-07 5.9618244778631957e-10 2.2574705429814164e-08
2.7510062759057881e-07 5.9592895278544872e-10 2.2573652187905576e-08
2.7097877162138877e-07 5.3491090773766215e-10 2.2235104409912844e-08
2.6836982755630278e-07 5.8096853890051238e-10 2.2020708792081449e-08
2.7287927092416514e-07 6.0460931106951276e-10 2.2390401378986561e-08
2.6515730164470619e-07 4.8488346958601289e-10 2.1756480831050396e-08
2.6800254861271213e-07 5.6945358609381812e-10 2.1989619050931765e-08
2.6751234951503948e-07 5.6175316233752314e-10 2.1949082179439612e-08
2.6825928039341687e-07 5.711790246659524e-10 2.2010050099484045e-08
2.647453182845056e-07 5.0041931370092966e-10 2.1721424905970809e-08
2.6129197330316928e-07 5.4853006514870014e-10 2.1437782546035872e-08
2.621630143077603e-07 5.1371376219413987e-10 2.1508939998972183e-08
2.6418101161827724e-07 5.3808567659497877e-10 2.1674195151623823e-08
2.5984388479629846e-07 4.9914376578722553e-10 2.1318059768947053e-08
2.6177591027995349e-07 5.3057161274969662e-10 2.1476260930154203e-08
2.5877185632434807e-07 5.2093411519161526e-10 2.1229505418864112e-08
2.5976757059180559e-07 5.2182459043720646e-10 2.131089005929171e-08
2.5669436821121912e-07 4.9880556181719145e-10 2.1058472372100893e-08
2.6075247833410467e-07 4.8897559891790615e-10 2.1391085001227073e-08
2.550387996307258e-07 5.2179629761593567e-10 2.0922063513454866e-08
2.5394416680105836e-07 5.0544157975617504e-10 2.0831972587587618e-08
2.538828910300873e-07 4.6995730154560627e-10 2.0826653166304328e-08
2.5468395220421153e-07 5.6353777618537775e-10 2.089207373431097e-08
2.5174905640317686e-07 4.4699759038783446e-10 2.0651030150952855e-08
2.5405876890205511e-07 4.7338463990768568e-10 2.0840205849010792e-08
2.5013895529919963e-07 4.788950824019143e-10 2.0518381215241568e-08
2.4966780544184591e-07 3.848225206496392e-10 2.0479448521977064e-08
2.5020560122248855e-07 4.2638285491510561e-10 2.0523277450429771e-08
2.4979248006000901e-07 4.3643170765518587e-10 2.0489108775750255e-08
2.4803667786820004e-07 4.9692251190259863e-10 2.034480796765563e-08
2.4420235440298703e-07 3.924386375105427e-10 2.0030028202515559e-08
2.4614394523097251e-07 4.6246222099191574e-10 2.01890042878822e-08
2.4348453328374803e-07 4.5643722099108128e-10 1.9970601871486874e-08
2.404879274862128e-07 3.863968537045579e-10 1.972455030232813e-08
2.4034554500268985e-07 3.9261411776860658e-10 1.9712603524881077e-08
2.391882866221693e-07 4.3303254789291656e-10 1.9617420522984957e-08
2.3741388140542131e-07 3.9867206637722147e-10 1.9471624665069309e-08
2.4100486489985224e-07 4.6321826051017009e-10 1.9765873958069284e-08
2.3807142753739068e-07 3.9232477827745277e-10 1.9525026078538453e-08
2.366830085733358e-07 3.8372360308922336e-10 1.9410895248467189e-08
2.3610195962688394e-07 4.2800408803086035e-10 1.936298187564439e-08
2.3516041666139416e-07 4.019669736055527e-10 1.928550582586196e-08
2.352549642633396e-07 3.9677512771321543e-10 1.9293001573401997e-08
2.3336149359467145e-07 3.9202704296397641e-10 1.9137465119615327e-08
2.3247248404473962e-07 3.6310570802070519e-10 1.9064305562402688e-08
2.2934822190454149e-07 3.7076577996799139e-10 1.8807844862371042e-08
2.3205318980709181e-07 4.1795073597543977e-10 1.9029416106050204e-08
2.2859565268143237e-07 3.8409446863349941e-10 1.874563416473344e-08
2.2728979390338823e-07 3.4820901398130209e-10 1.8638304270398337e-08
2.2671816145275646e-07 3.8009872280824514e-10 1.8591184872161662e-08
2.3000708831006449e-07 3.4216527060297268e-10 1.8860633662039623e-08
2.2730051625931053e-07 3.209902661617294e-10 1.8638451333753639e-08
2.2938059297009988e-07 3.9863470134465198e-10 1.880877182723066e-08
2.2669143404934882e-07 3.7739557243711042e-10 1.858802414683046e-08
2.2674268476895276e-07 3.5526885791218015e-10 1.8591985743026321e-08
2.2284698466649871e-07 3.3938573524413117e-10 1.8272318319903931e-08
2.2489164576900455e-07 3.3615044192474994e-10 1.8439733183733989e-08
2.2698796918950537e-07 3.6600249084799801e-10 1.8611379899013737e-08
2.248790930419122e-07 3.36218851770918e-10 1.8438231472989389e-08
2.2735180306406487e-07 3.3325298762978679e-10 1.8640735905958862e-08
2.2912188144536039e-07 3.6495784099710475e-10 1.8785626914748728e-08
2.2523622258635022e-07 3.5905281300400366e-10 1.8466809051760871e-08
2.2489301521231453e-07 3.4561224066638354e-10 1.8438437252466534e-08
2.2457295191990977e-07 3.3457027945102997e-10 1.841196523996299e-08
2.2329784899644074e-07 3.3139249960138595e-10 1.8307193831716539e-08
2.2629114367784562e-07 3.6755714587878311e-10 1.8552368633165034e-08
2.2324132743937246e-07 3.4480908248671602e-10 1.8302103337802093e-08
2.2228555428296791e-07 3.5685164633201897e-10 1.8036140657225455e-08
2.265344888107778e-07 3.5618342613449875e-10 1.8284784213499556e-08
2.2499958380157281e-07 3.3813739682632262e-10 1.8042002397237704e-08
2.2183666315472483e-07 3.4073252723885449e-10 1.7706215036755908e-08
2.2546784268048994e-07 3.2966232746764003e-10 1.7824376055473603e-08
2.2570681409690413e-07 3.4260949222314129e-10 1.7792621049275755e-08
2.2137293087512113e-07 3.1047090728727673e-10 1.7319178665456951e-08
2.2403820808719921e-07 3.4083257820527658e-10 1.7387351330112127e-08
2.213535489359922e-07 3.3630181230565167e-10 1.7195551489974172e-08
2.2333414988408073e-07 3.1581505882505758e-10 1.7390483961051831e-08
2.2160074668456801e-07 3.3167120899500282e-10 1.7133999468003788e-08
2.2377223629792693e-07 3.021565062731277e-10 1.7269015408634176e-08
2.2172460693183999e-07 2.8854787192608031e-10 1.6966902734100772e-08
2.2318525676136713e-07 3.2050275515438292e-10 1.7039190398126746e-08
2.217690764237211e-07 3.4093893586657129e-10 1.6841602929632085e-08
2.2237450161461568e-07 3.0710855731131211e-10 1.6771594586666483e-08
2.2025336866896046e-07 2.7853081068972993e-10 1.6483542200128217e-08
2.2196299451377145e-07 3.0927106458062356e-10 1.6530513585151014e-08
2.2012264619831742e-07 3.3328968396363181e-10 1.6313761847666349e-08
2.2109059864239503e-07 3.2578250646125175e-10 1.6346583104249583e-08
2.2059315658113706e-07 2.8738947603862536e-10 1.6349731862683728e-08
2.180652405990202e-07 3.0691550379608432e-10 1.6075336576330953e-08
2.1719559492324041e-07 3.1307356666115429e-10 1.5980463804121487e-08
2.1735613352344385e-07 2.964001621693458e-10 1.5998121288790286e-08
2.1800355662663008e-07 3.2287875098909919e-10 1.594883698336018e-08
2.1867801957205949e-07 3.4327696918345478e-10 1.592575969108847e-08
2.1594847120020022e-07 2.9059664420708463e-10 1.5673263792184085e-08
2.1454283501595887e-07 2.6454449412856224e-10 1.5556895038354752e-08
2.1441561087359478e-07 3.1194784218001547e-10 1.547588968528518e-08
2.1243915555116184e-07 2.6579401482488226e-10 1.5303117365541971e-08
2.1533626260648958e-07 2.9419051388303916e-10 1.5419251869535808e-08
2.1160728074799061e-07 2.6088484127906456e-10 1.5152217769942492e-08
2.1162361239554134e-07 2.9974591096182024e-10 1.5110421566358111e-08
2.1024052767904611e-07 2.935769796917766e-10 1.4910661447681041e-08
2.0819708727840461e-07 2.78525087636853e-10 1.4721357558415392e-08
2.098413907740309e-07 3.0766320076160131e-10 1.4843831674537514e-08
2.0947258479468286e-07 2.6990014070249913e-10 1.4769880394740229e-08
2.0555336041931476e-07 2.3945062756965506e-10 1.4422624155758042e-08
2.0725276071809962e-07 2.52505914390822e-10 1.4473466991584388e-08
2.0479162647982722e-07 2.4225725272594171e-10 1.4264176255057728e-08
2.04478713487175e-07 2.4462870561402985e-10 1.4188071676718799e-08
2.0215241677383686e-07 2.7069782011712103e-10 1.3923742648253447e-08
2.0453791366484098e-07 2.5303791083559442e-10 1.402749821927744e-08
2.010112029934257e-07 2.3475407015186527e-10 1.3736709261407342e-08
2.0150845433180106e-07 2.6243429998713783e-10 1.3728796133647981e-08
1.9626144757165332e-07 2.5757773199433227e-10 1.3279992651613992e-08
1.983764966495812e-07 2.3542857940908773e-10 1.3399717372532641e-08
1.9614312917856238e-07 2.3216782562144191e-10 1.3205788376232599e-08
1.9525999397756479e-07 2.4560421805216423e-10 1.3087949441962318e-08
1.9434962684958904e-07 2.1449235709546007e-10 1.2980060449832405e-08
1.9369804356470142e-07 2.2517380995439285e-10 1.2922248667457465e-08
1.9447727301330769e-07 2.4203044865484569e-10 1.2914916028623667e-08
1.8896795284077709e-07 2.5943157953403439e-10 1.2526976777367026e-08
1.8858548657056042e-07 2.4161260882808303e-10 1.2477439594064886e-08
1.8842734385086082e-07 2.4417466458347873e-10 1.2421036964895622e-08
1.8700479272026701e-07 2.21599361294299e-10 1.2250972711916206e-08
1.8321811041329355e-07 2.097455278795593e-10 1.1952536903481994e-08
1.8681836902910454e-07 2.1850630052951317e-10 1.2133109330719119e-08
1.8224415834438816e-07 2.0677921230468497e-10 1.1798026919874518e-08
1.8171365035611834e-07 1.9164563062356672e-10 1.171018052481137e-08
1.8248033943572957e-07 2.1560634003062887e-10 1.1731553146057284e-08
1.7979922760198588e-07 2.0774374346978673e-10 1.152599858320917e-08
1.79710477852304e-07 2.0942688734267907e-10 1.1520683296037647e-08
1.7918576000387944e-07 1.9971505355213421e-10 1.1455224717691457e-08
1.7773008864747121e-07 1.8946227191739235e-10 1.1303485273051719e-08
1.7364561550942724e-07 2.0750224569637051e-10 1.1020833162484401e-08
1.7409932473715037e-07 2.0947030994269638e-10 1.101878192797474e-08
1.7327882841675756e-07 2.1647665558765633e-10 1.0905600308405546e-08
1.7085992855331089e-07 1.8058261677912462e-10 1.0700614960669017e-08
1.7053899559375921e-07 1.8585461545383592e-10 1.0647434237627576e-08
1.694072130026239e-07 1.8125036239335644e-10 1.0529153407214003e-08
1.6766237195990126e-07 1.7546033457460329e-10 1.0386080495045956e-08
1.6606410655746551e-07 2.1015711022799892e-10 1.0270375386631942e-08
1.6450976687812097e-07 1.6788086451177272e-10 1.0174926282615276e-08
1.6319248165677571e-07 1.7091685466517294e-10 1.0045116071410064e-08
1.6163339772178826e-07 1.7875903217578208e-10 9.8501565569662008e-09
1.6122556764834785e-07 1.7061247849035581e-10 9.7866417630280311e-09
1.5829136506907879e-07 1.6040638317797474e-10 9.4789227872767862e-09
1.58969213796388e-07 1.7978657272149567e-10 9.5022755718559868e-09
1.5652119593492915e-07 1.7249444484152421e-10 9.2785840765020765e-09
1.5583454502611433e-07 1.6154495567982688e-10 9.1941793367848744e-09
1.5217893498869841e-07 1.4844070782068586e-10 8.8567695767132185e-09
1.5219280271545952e-07 1.6148484573211305e-10 8.7747852625689856e-09
1.5352572989664654e-07 1.4460500208358952e-10 8.8003182397712789e-09
1.4939231566789622e-07 1.2940368028063903e-10 8.3742492448859413e-09
1.4845000959774598e-07 1.5854992451789403e-10 8.1663429152573334e-09
1.4948574777099311e-07 1.4462561889875705e-10 8.1928270840319471e-09
1.4875948718286399e-07 1.5283967451337788e-10 8.0847349196903471e-09
1.4666819744044866e-07 1.5930959126692182e-10 7.9416108094493996e-09
1.4574678037152481e-07 1.4556471519062566e-10 7.8308966051109117e-09
1.4286164259187687e-07 1.4532249910871663e-10 7.6202996312594839e-09
1.4419637026077682e-07 1.4705080073277976e-10 7.6769442906846446e-09
1.4220038111333033e-07 1.3011402895144289e-10 7.559022334355776e-09
1.4050768561558342e-07 1.3436361086333631e-10 7.2964990539496823e-09
1.4047013282953678e-07 1.1862238608071209e-10 7.1607645191395281e-09
1.4065004099541853e-07 1.2135939034819344e-10 7.0197133546658435e-09
1.3811911385562452e-07 1.3260597632956928e-10 6.9025674375246813e-09
1.3784736491204974e-07 1.3303983137343345e-10 6.8413667483646434e-09
1.3617678506827454e-07 1.1350619164173565e-10 6.7147970842490517e-09
1.3530358093566207e-07 1.2598457143052639e-10 6.6476227412476663e-09
1.3393901945597087e-07 1.1969246790632945e-10 6.5108426387210721e-09
1.3437408732334671e-07 1.2643191778956926e-10 6.4649477271520706e-09
1.3328893941285112e-07 1.2293300765049485e-10 6.3550625236700964e-09
1.3128339883954527e-07 1.0520708816093305e-10 6.2548806611979919e-09
1.3130497185667329e-07 1.1285435444342348e-10 6.142958147741418e-09
1.3024376704612225e-07 1.2617300951114922e-10 6.0801858293314831e-09
1.29483923351551e-07 1.0430317814887147e-10 5.9923087377498521e-09
1.2944066051544876e-07 1.1378653812434579e-10 5.9734236461543854e-09
1.2840459960505672e-07 1.08532108272025e-10 5.8855263877111088e-09
1.2631268855546873e-07 1.0708360061761553e-10 5.7847326244340717e-09
1.2695161705144992e-07 9.7200429883506384e-11 5.6896028915541501e-09
1.2600227046660543e-07 9.0042637081647221e-11 5.5518205864592665e-09
1.2650344946367112e-07 1.0694366220308312e-10 5.5386824370398033e-09
1.2456600729933324e-07 1.102908240753066e-10 5.4340888227140796e-09
1.2502575721821619e-07 9.9699086736558793e-11 5.4473117960497097e-09
1.2443545579810962e-07 1.1201825636217075e-10 5.3483095042917658e-09
1.2366599593580372e-07 9.890865851361133e-11 5.2937884980784765e-09
1.2272878247220085e-07 9.8620438044394511e-11 5.2131207201285656e-09
1.2255801179025465e-07 1.007621932197335e-10 5.2043536845167597e-09
1.2171839988598285e-07 1.0943669632700658e-10 5.150522423936817e-09
1.2109322551555704e-07 9.5220075831490889e-11 5.1026909108403518e-09
1.2123087026245643e-07 9.5515928729466282e-11 5.0818634077129851e-09
1.2002068962417463e-07 9.1229031240297332e-11 5.0178800899020236e-09
1.2013469843027561e-07 9.9584802111437087e-11 4.9541803396859508e-09
1.2002898317368618e-07 1.0173694314849439e-10 4.897416832747803e-09
1.1954520093462009e-07 1.0680120880565505e-10 4.7850847485559396e-09
1.1766535445158874e-07 8.8479493358207746e-11 4.6444169022589399e-09
1.1834745071609801e-07 9.0898511181257326e-11 4.6692107467733666e-09
1.1769598132649592e-07 9.9161478703190307e-11 4.6524144807124045e-09
1.1810166671939105e-07 9.6072300984758513e-11 4.6059494700189972e-09
1.1772503326623853e-07 1.02265962449128e-10 4.5932286438163314e-09
1.17205403116029e-07 8.9105865687058001e-11 4.5286566202605815e-09
1.1656289282326159e-07 7.9566392389646052e-11 4.4646665368681275e-09
1.1586318597390288e-07 8.7809373829481944e-11 4.4176000691573807e-09
1.1595975779513976e-07 9.2814070135684644e-11 4.4285157803026639e-09
1.1614386456573697e-07 8.6980155401794503e-11 4.3810782436006865e-09
1.159281455049725e-07 8.7930945929753163e-11 4.3590225482539732e-09
1.1532151318503226e-07 8.9415208320506986e-11 4.320797399768608e-09
1.1503141563119081e-07 8.9992205874655536e-11 4.3026243394580942e-09
1.1470634908967217e-07 8.1146408032697241e-11 4.2318451513335745e-09
1.1518115244877218e-07 8.5096230738007393e-11 4.2286812162768708e-09
1.1522988479454369e-07 7.607793193565983e-11 4.2056298394767903e-09
1.1383632064284918e-07 8.9046496265926662e-11 4.1541632029940442e-09
1.1354275520040918e-07 8.5863962109576436e-11 4.0949097078026415e-09
1.1413562600304312e-07 7.9734911795555433e-11 4.0854958298403875e-09
1.1432209373515397e-07 9.0733859875857818e-11 4.066437990349884e-09
1.1308769296255304e-07 8.2875454283351845e-11 3.963525904892996e-09
1.1350171442391735e-07 8.3891763708889646e-11 3.9832763212787146e-09
1.1256535563110035e-07 8.9001866316137503e-11 3.919909655354541e-09
1.1211016036089371e-07 8.1512382330008271e-11 3.9033064604677419e-09
1.1338424759087896e-07 8.5364125514504001e-11 3.9162674199177897e-09
1.1230633843666204e-07 9.000670706136208e-11 3.8860228825708494e-09
1.1227803004978877e-07 7.5074305944237903e-11 3.8765752162091062e-09
1.1180611753093052e-07 7.6471767691096426e-11 3.8390911600967301e-09
1.1154784071199894e-07 8.9818523848874135e-11 3.8099317280559956e-09
1.1203479812216967e-07 8.5695061789169955e-11 3.8226705630035793e-09
1.1097750276861462e-07 8.112664797069838e-11 3.7704867216872807e-09
1.1215973662189977e-07 8.0391896186212498e-11 3.8241223497026585e-09
1.1084461542094806e-07 8.5516729757548779e-11 3.7772362858078047e-09
1.1170980433398623e-07 8.24361450975208e-11 3.7679837165382099e-09
1.1155696318847265e-07 8.6891300005901957e-11 3.7172555080129468e-09
1.1143539575550872e-07 8.6204384986758611e-11 3.7140611821965891e-09
1.1201484304731756e-07 9.0640093148321541e-11 3.7135814718260294e-09
1.1054419910036515e-07 7.6522921856939105e-11 3.6714081866707633e-09
1.1101721791550689e-07 8.0475931643432818e-11 3.6659977210906626e-09
1.1113962054622803e-07 7.9173380618450538e-11 3.6568602617260208e-09
1.1066625040143677e-07 7.49170232652661e-11 3.6391912464633646e-09
1.1098050516399274e-07 9.2898587767232639e-11 3.6559677886527354e-09
1.1118893360398969e-07 7.6961546245847163e-11 3.6486936658081176e-09
1.1040721953318285e-07 8.3435813077138965e-11 3.6065446312614641e-09
1.0933578424461296e-07 7.5593216166903285e-11 3.5547552104563905e-09
1.1122044944225665e-07 7.8817164378620842e-11 3.5823299366063676e-09
1.1065077639209417e-07 8.0404814972162434e-11 3.5446216996540336e-09
1.0942805508025155e-07 6.3961981255176085e-11 3.4794860540878442e-09
1.1005111981702144e-07 8.392949646838838e-11 3.458017220116058e-09
1.1033828474425788e-07 7.8369627431739755e-11 3.4571656570375081e-09
1.0932116775426087e-07 7.7510365994841886e-11 3.4229030870815366e-09
1.0983011167617836e-07 8.1409989789905198e-11 3.4235587559332724e-09
1.1027693701077364e-07 8.142848278272706e-11 3.4138458208522001e-09
1.0986093237821948e-07 7.0728640516856621e-11 3.3877059026313716e-09
1.09926109329016e-07 7.9541244965420224e-11 3.374494877822913e-09
1.090582790434333e-07 8.0927268632155385e-11 3.3464124469104037e-09
1.0990124201594429e-07 8.4091067719890782e-11 3.3279019109340276e-09
1.0976374493364751e-07 7.2191377021355178e-11 3.31687356651292e-09
1.0989780413486104e-07 7.2949666643785758e-11 3.3313590497825256e-09
1.0905921719550949e-07 5.9903249213106479e-11 3.2823799048488645e-09
1.0878229010602172e-07 7.1841227609452728e-11 3.2414568091875318e-09
1.0904040030777523e-07 8.1314014350354228e-11 3.2461110414204798e-09
1.0862624573140599e-07 6.9790401186404767e-11 3.2204369568829901e-09
1.0852542558902852e-07 7.7607583659508128e-11 3.2139636046176173e-09
1.0800687292931302e-07 6.8512114952677104e-11 3.1792131362674395e-09
1.0737846010151134e-07 7.8525599513726799e-11 3.1473909123077429e-09
1.0861549466899449e-07 6.7132754061817733e-11 3.1973839746364632e-09
1.0797778287589286e-07 6.0693049829069992e-11 3.1799995714332878e-09
1.0815243415681755e-07 8.6636433355320848e-11 3.1712393696509788e-09
1.0801877205410035e-07 7.5602432383485583e-11 3.1603719801575552e-09
1.0763145984396444e-07 6.8164581855996886e-11 3.1512677062043527e-09
1.0738162901412641e-07 6.5490906665574689e-11 3.1388971740661399e-09
1.0810516737172909e-07 7.8683520621122344e-11 3.1478101092891561e-09
1.0766927560292147e-07 6.9803993675994594e-11 3.1230593099946128e-09
1.0715323279055247e-07 5.9763982243323184e-11 3.1006339876552255e-09
1.0727578737871829e-07 6.6024068878379891e-11 3.084889940899165e-09
1.0683175024385852e-07 7.0457730881199865e-11 3.0723860445016179e-09
1.0708471981036049e-07 6.5525829993035012e-11 3.058117467464207e-09
1.0646354530687352e-07 7.3559846110354415e-11 3.030993274444324e-09
1.0659209824710854e-07 7.0982062633516588e-11 3.0358020321203538e-09
1.0635640858996446e-07 6.8910245246857956e-11 3.040452532029041e-09
1.0635622733357161e-07 6.9263599076195256e-11 3.043384369317895e-09
1.0627218251353707e-07 7.1034316075020909e-11 3.0390966885328975e-09
1.0669327984075166e-07 7.6363774017448382e-11 3.0366799450146047e-09
1.0610197216795848e-07 6.9160319955588519e-11 3.0249740658430864e-09
1.0623677920505613e-07 6.5048782261869219e-11 3.0408003509009736e-09
1.0534372276567741e-07 6.6818729792420161e-11 2.9969183109298938e-09
1.0651678212751716e-07 6.7676929273403417e-11 2.9974601037918788e-09
1.0556308415274768e-07 6.8070966530309219e-11 2.9613777312451769e-09
1.0546400958312714e-07 6.9530367252275343e-11 2.9580959184218014e-09
1.0539465521706728e-07 6.7698943673975674e-11 2.9484485030998726e-09
1.0490372540135377e-07 6.4459254075322716e-11 2.9340427775417668e-09
1.0512013065245372e-07 5.9380592068910593e-11 2.9446059818781972e-09
1.0529789785710728e-07 6.3508151679113468e-11 2.9566162721225572e-09
1.0426632491807519e-07 6.161431818169329e-11 2.9257468992628625e-09
1.0478873848451628e-07 6.3953453661481478e-11 2.9379356165154188e-09
1.0464895579187707e-07 7.5029530200080086e-11 2.9267823124334664e-09
1.046670944902676e-07 6.3592761200711196e-11 2.9283788693077804e-09
1.046564461574223e-07 6.3695359164391355e-11 2.9015429376142971e-09
1.0483705847271471e-07 6.0079733525526683e-11 2.902786884837115e-09
1.0455382638829817e-07 7.1307783391877555e-11 2.9079007697509162e-09
1.0445711470793302e-07 5.6378988271972999e-11 2.8815050709105034e-09
1.0483313881151383e-07 7.2729870277036403e-11 2.8841447998936054e-09
1.0498692401692331e-07 5.9339579686121123e-11 2.8737241167826169e-09
1.0433069480796356e-07 6.5073592482351007e-11 2.8667558914234097e-09
1.0455401113391093e-07 5.9805654258969257e-11 2.8593192781296703e-09
1.0396551059940491e-07 6.4165025802426949e-11 2.8474988278012984e-09
1.0443733085518945e-07 6.2590502718909087e-11 2.845287726001848e-09
1.0429119728722098e-07 6.6761672639837846e-11 2.8420765564019961e-09
1.0453190294840335e-07 6.0193186811753751e-11 2.8440020634155803e-09
1.0443479353241845e-07 5.9031999537420665e-11 2.8361075965307244e-09
1.0415483233815614e-07 5.9801159029157128e-11 2.8164891044037344e-09
1.0477608884793557e-07 5.8639267382017896e-11 2.8367648703994273e-09
1.0481946859525973e-07 5.6107169213656152e-11 2.8478577857748901e-09
1.0442608137338648e-07 7.5490613841475949e-11 2.8232613399553796e-09
1.0489110508508838e-07 6.439476431325293e-11 2.844839110000181e-09
1.0403729553273766e-07 6.3596905398122593e-11 2.817813366262193e-09
1.043480723684047e-07 6.0743725967131145e-11 2.8110393604708745e-09
1.0474832391628455e-07 6.0959059668125059e-11 2.8334761891358372e-09
1.039821228164438e-07 6.3428583627938029e-11 2.8314892749049316e-09
1.0417574321442437e-07 6.3155805438750808e-11 2.8331370802362509e-09
1.0410852528041965e-07 6.485345749159252e-11 2.8105201231915544e-09
1.0321490665258195e-07 6.6148107978324371e-11 2.7795573679615428e-09
1.0356385580535173e-07 5.9562592032561095e-11 2.7920136363761332e-09
1.0464150676703328e-07 6.331964426842331e-11 2.8168436866735995e-09
1.0428070602674341e-07 6.7660278405268063e-11 2.8021907624840245e-09
1.0384310699507741e-07 7.6218901451345687e-11 2.7943792187643281e-09
1.0412822915343248e-07 5.8445402309665115e-11 2.8107548521017108e-09
1.0465719668927988e-07 6.1740901123883346e-11 2.7981307940579969e-09
1.0382290654007512e-07 6.0621022368335709e-11 2.7748441655366634e-09
1.0497763287036438e-07 5.8277989794230507e-11 2.7837920319200327e-09
1.0508970419989857e-07 6.5912663963438832e-11 2.781648779862323e-09
1.039477532474763e-07 6.0903794772829893e-11 2.7563768304982987e-09
1.0470780289015777e-07 5.8458918977435444e-11 2.7783712377779637e-09
1.0415539867533178e-07 5.9598929250045405e-11 2.7513230900986685e-09
1.0423448712145706e-07 5.6394281835662886e-11 2.7586006992640601e-09
1.0446159059476468e-07 5.9302659501495612e-11 2.7598783242467156e-09
1.0480031609087631e-07 5.8488206181893923e-11 2.7634045785548848e-09
1.0387512706121847e-07 5.6995977348754075e-11 2.7379186614163969e-09
1.0361164688533825e-07 5.7615218090842225e-11 2.7131479512748339e-09
1.0500301894830633e-07 6.0499325164869623e-11 2.7530798004540317e-09
1.039449777802911e-07 5.3672677124933619e-11 2.724327571323637e-09
1.0463226618302972e-07 5.8451275889005328e-11 2.7370097094797187e-09
1.0507751989328996e-07 6.1221686249588024e-11 2.7419516525462664e-09
1.0463497497257434e-07 6.1156547250437515e-11 2.7214363158203443e-09
1.0568977656441904e-07 5.9755581498211204e-11 2.7611003943789388e-09
1.0591750568315182e-07 5.3461085272487609e-11 2.7537396107519206e-09
1.0553128384248187e-07 6.3890870795666592e-11 2.728780836076405e-09
1.0569869087066069e-07 6.7816228376431219e-11 2.7481866995232197e-09
1.0548350581023217e-07 6.4398527710456434e-11 2.7585818009748307e-09
1.0584526108238953e-07 5.5569473148767426e-11 2.7615508833652408e-09
1.0569854924637703e-07 6.0179897128707886e-11 2.7547656486532687e-09
1.0566087806461348e-07 6.5817049768696663e-11 2.7290708230066877e-09
1.0563819675638795e-07 6.5192254956447635e-11 2.7072647637947148e-09
1.0526318628987943e-07 5.935391878788627e-11 2.6884026705493166e-09
1.0572157005675828e-07 5.6987430076531543e-11 2.6802121225852994e-09
1.0604190813196785e-07 6.1502847053144031e-11 2.698205455024392e-09
1.0593693841541184e-07 5.4594175224239677e-11 2.6837316911066313e-09
1.0543496463438193e-07 6.2064316094290719e-11 2.664695308633494e-09
1.0543022256810027e-07 6.0725517745604458e-11 2.6496156524236984e-09
1.0534581572557544e-07 5.6140118224425949e-11 2.6524605270890297e-09
1.0511743767805255e-07 6.4725532609881996e-11 2.6308530290225276e-09
1.0554405398249897e-07 5.8632260071342125e-11 2.6116208543047273e-09
1.0561949827746162e-07 5.5407823258652453e-11 2.5924881588133156e-09
1.056879432772149e-07 5.5055279314424576e-11 2.5993671444013287e-09
1.0561013817064457e-07 6.0716274278125786e-11 2.5977358177194843e-09
1.0546858028634641e-07 5.9315423451237205e-11 2.587624805178274e-09
1.0533669386852892e-07 5.8270275358725025e-11 2.5702362395215544e-09
1.0551373814115958e-07 5.6040117215228444e-11 2.5883191180543449e-09
1.0675735737387087e-07 6.0991667806184261e-11 2.6235279285190539e-09
1.0575856061055888e-07 5.9945935147245551e-11 2.6032285309511777e-09
1.0627901554423768e-07 5.9091455619795362e-11 2.6098548982386967e-09
1.07174919119417e-07 6.2718087851997626e-11 2.6214112217589371e-09
1.0671249303324108e-07 6.7116653149051145e-11 2.6061362249135194e-09
1.0649276806244292e-07 6.4701124923303365e-11 2.5914243418346461e-09
1.0668413288930882e-07 5.6308832443354199e-11 2.5940231308299498e-09
1.0574017133681047e-07 5.5012894385522707e-11 2.5582236780317541e-09
1.0734482699686176e-07 6.4611648018736408e-11 2.5858906968340761e-09
1.0683406273559801e-07 5.9182741468548311e-11 2.5741153278828406e-09
1.0716927815988603e-07 7.2470501802459203e-11 2.5759765571638421e-09
1.0661219612557597e-07 5.5457930495972677e-11 2.5680024085819076e-09
1.0683143685097631e-07 6.2887231825558653e-11 2.5544664488001942e-09
1.0668292050026341e-07 6.4643490254876985e-11 2.5291115725363735e-09
1.0701172804554481e-07 5.6737495755195237e-11 2.5308608054978191e-09
1.0647131938276905e-07 5.554758294870567e-11 2.5057633321983115e-09
1.0656838438563354e-07 6.6530680257448754e-11 2.5086612187750882e-09
1.0715046516316689e-07 5.9329050613683485e-11 2.5168327495189063e-09
1.0705111208087924e-07 5.7534885352496287e-11 2.5125485773141254e-09
1.0772854690508106e-07 5.7809052471019318e-11 2.5223583660616396e-09
1.0727012045378694e-07 5.3399260399467093e-11 2.5036719046073527e-09
1.0703874768058698e-07 5.6521583198299173e-11 2.4927292252324796e-09
1.070295070286514e-07 5.4955859349674452e-11 2.4851623246960434e-09
1.0786534350195123e-07 6.1071675546791956e-11 2.4930559764784865e-09
1.0792449307572134e-07 5.7016082909152997e-11 2.5021157673959358e-09
1.0763063499161212e-07 6.0772376488362188e-11 2.5034829767636593e-09
1.0812402781066694e-07 6.2662093459258954e-11 2.5108407711246376e-09
1.0776111089824507e-07 6.1807821082258388e-11 2.495238466015108e-09
1.0764723320826372e-07 5.6818894200676477e-11 2.50871507438052e-09
1.0814608076080304e-07 5.5540312022651729e-11 2.5162426293080762e-09
1.0793259038379984e-07 6.4371328916037347e-11 2.5247553414248734e-09
1.0796836003890814e-07 5.9020850180730905e-11 2.5208107523556465e-09
1.0821668505006181e-07 4.7915719385517255e-11 2.512192176665637e-09
1.0813223526844892e-07 5.461861428041432e-11 2.5031634501604401e-09
1.0797190573661407e-07 5.7437257259531294e-11 2.4927546452725035e-09
1.0822189626212679e-07 5.7889269673840337e-11 2.5089552655462088e-09
1.0864701805779244e-07 5.8141434005416818e-11 2.5010094093672013e-09
1.0819238573582958e-07 5.6783721063447861e-11 2.484164532004187e-09
1.0781786165237553e-07 6.5938598594626809e-11 2.4809791707569295e-09
1.086522057806105e-07 5.4361535854284505e-11 2.4941345888060416e-09
1.0880323547490148e-07 5.568288673104459e-11 2.4889644653093792e-09
1.0832688094249862e-07 6.3804668699573006e-11 2.482210608915691e-09
1.0890738548565335e-07 5.8695997445199111e-11 2.4907467710395276e-09
1.0895254585789123e-07 4.8372061656698964e-11 2.4766699634393241e-09
1.0926534428233348e-07 5.5481943647989713e-11 2.4844286367831112e-09
1.0895216844166551e-07 5.9803895433641832e-11 2.4709499650010089e-09
1.0927107543027533e-07 6.1570825581778179e-11 2.4789446362706472e-09
1.0889316585300131e-07 5.9165613352741293e-11 2.4671511575840262e-09
1.098411115058475e-07 6.0165464136379778e-11 2.4785014950689358e-09
1.0909807153068721e-07 6.0437618806205789e-11 2.4560266900779963e-09
1.0953765103639772e-07 6.6473527036948844e-11 2.4699917872900657e-09
1.0994630647278489e-07 5.7098472733305984e-11 2.4642674196801271e-09
1.0940955684379787e-07 6.1497757790248638e-11 2.4522606000694014e-09
1.1015464132997471e-07 5.4744650385574751e-11 2.4430903257975744e-09
1.0952221095637184e-07 6.0095527766039481e-11 2.4236412470649958e-09
1.1022337006342965e-07 6.320642421241941e-11 2.440235464434607e-09
1.1000141244056167e-07 6.2549702370425426e-11 2.4368325721043734e-09
1.1053624419857453e-07 6.1455734961281343e-11 2.4362621943055579e-09
1.1057148799729335e-07 6.1757928343615926e-11 2.4389776778736882e-09
1.1061257882332802e-07 5.7373449938568132e-11 2.4356986645694326e-09
1.1061669741789759e-07 5.7445437283812475e-11 2.4293014391691092e-09
1.1135122951477973e-07 5.65099272680323e-11 2.4472684559139194e-09
1.1109831739445699e-07 5.6231023277306955e-11 2.4437102959294998e-09
1.1151602984857229e-07 5.4915317660967548e-11 2.4381831678906193e-09
1.1073041678211567e-07 6.6455470845629562e-11 2.4095106502487713e-09
1.1194782155141915e-07 5.9210835986584035e-11 2.4312188933866727e-09
1.1232518219019777e-07 6.3578475149975581e-11 2.4316785613997495e-09
1.1156063184351547e-07 6.2839409376513151e-11 2.3784104773559874e-09
1.121326312981915e-07 5.4822164855584379e-11 2.393692158020034e-09
1.1226962731599959e-07 6.0275360564944578e-11 2.4070473885914976e-09
1.1245717239695508e-07 5.874657377652235e-11 2.4012636482838e-09
1.1285219216494824e-07 5.6111733165043502e-11 2.4057272130939598e-09
1.1289944952647085e-07 5.957977617141372e-11 2.3879187121823796e-09
1.1292964394397851e-07 5.7140567282964956e-11 2.3691354602140619e-09
1.1356276979731258e-07 6.8915680103801583e-11 2.3728390676784842e-09
1.1350534516439616e-07 6.3579235980683653e-11 2.3589879694498957e-09
1.1290888202441257e-07 5.4636089531120589e-11 2.3326224012743347e-09
1.1453570236262298e-07 6.8511110607680752e-11 2.3632794489633135e-09
1.1377699253450119e-07 6.0977859741990539e-11 2.3405679280671378e-09
1.143521310715988e-07 6.5480588477208437e-11 2.3282750817637668e-09
1.14239080351363e-07 5.7386514946370365e-11 2.3240060770206981e-09
1.1456089746722975e-07 6.7079087557017724e-11 2.3284190579966451e-09
1.1520009290515467e-07 6.7363635721461526e-11 2.3341901522877101e-09
1.1534449811928979e-07 5.5583961200673198e-11 2.3405568386037944e-09
1.1628941412068369e-07 6.2751949115799777e-11 2.3478039433673496e-09
1.1574756032140904e-07 5.8696455681948988e-11 2.3398051093437078e-09
1.1671390724293215e-07 6.7765783093722243e-11 2.3650004181389228e-09
1.159825420126987e-07 6.4249796943382773e-11 2.3521543563868159e-09
1.1615189893714686e-07 6.7695206632392549e-11 2.3497036647184289e-09
1.1676058059207867e-07 6.4218869012887938e-11 2.3678029030757348e-09
1.1712512157704687e-07 6.1691605544258914e-11 2.3624752814901948e-09
1.1710768745825604e-07 6.3020221852471451e-11 2.3602518796309828e-09
1.1739242118785759e-07 6.0707196405363323e-11 2.3745022509968216e-09
1.1752970617773237e-07 6.474233495536108e-11 2.3781144660824429e-09
1.1761738360398371e-07 5.5519740256104486e-11 2.3739385832384055e-09
1.1783292170482605e-07 5.9023587656808642e-11 2.3659163990466497e-09
1.1874890933750778e-07 6.0707133474683768e-11 2.3799764107537351e-09
1.1887634252253371e-07 5.9855809277577468e-11 2.3750552843209669e-09
1.1921020268998577e-07 6.9942916180859754e-11 2.3855724549684265e-09
1.1938668342601355e-07 6.4917018584082872e-11 2.386192070082055e-09
1.204216735183381e-07 5.9238284717563308e-11 2.4045616166137165e-09
1.1926612197911179e-07 6.2781249066035579e-11 2.3735116086760924e-09
1.2009708066465753e-07 6.7747218728394408e-11 2.3898769100025027e-09
1.2029078884827674e-07 6.0275577058248918e-11 2.4062329804300697e-09
1.2072897472550564e-07 7.4696721069165403e-11 2.4141932948367185e-09
1.2130286888645138e-07 6.406986172965202e-11 2.4193141368568037e-09
1.2069588953080117e-07 6.3662452179921422e-11 2.4070591521805324e-09
1.2122812312554183e-07 6.7177373190661367e-11 2.4174787635664373e-09
1.2195756773574553e-07 6.9492287158373854e-11 2.4291231541764611e-09
1.2162222018833696e-07 5.9275976395035112e-11 2.4246524182394428e-09
1.2129578674256752e-07 6.2327490166475531e-11 2.4183157777548864e-09
1.2187564921351321e-07 5.5848341486118755e-11 2.4295693283883619e-09
1.2287087760148878e-07 6.126634493547287e-11 2.4396233247681058e-09
1.22868384505427e-07 6.9903132191241829e-11 2.4407252230806285e-09
1.2237917126028258e-07 7.3522582808433352e-11 2.4272581227321334e-09
1.227692749261446e-07 6.7454168275447602e-11 2.4254290978260201e-09
1.2342082283386973e-07 6.5795869538785832e-11 2.4370780400440465e-09
1.2286916670073051e-07 7.1152526665203093e-11 2.4289113089425454e-09
1.2337256005391864e-07 6.1356844388590203e-11 2.4404363305710812e-09
1.2386713299984617e-07 6.0024782430815306e-11 2.4641061742918996e-09
1.2470530648694611e-07 7.3834950346665042e-11 2.4927155010815046e-09
1.2334956754766082e-07 7.9285481067371845e-11 2.4671721928908324e-09
1.2445359427339452e-07 6.9142056355779226e-11 2.4932205591134367e-09
1.2359619776139224e-07 6.2594162141212965e-11 2.465773622659448e-09
1.2465206475963764e-07 5.5912678390054134e-11 2.5014828032374513e-09
1.2473321601580304e-07 7.4197005248805598e-11 2.5025576793361566e-09
1.2461075834478958e-07 6.8645183937967544e-11 2.5086443137551548e-09
1.2489963715298433e-07 7.3511323257846448e-11 2.5034747698788484e-09
1.243250858480219e-07 6.885744408503566e-11 2.4885097377067081e-09
1.2603687749452063e-07 7.3136064574131608e-11 2.5368776992642689e-09
1.2536861140558434e-07 7.0221640270897897e-11 2.5115481073277828e-09
1.2519356929921788e-07 6.883189020887819e-11 2.4992444922363987e-09
1.2592529019338713e-07 6.3487624402541865e-11 2.5264502095883689e-09
1.2555478329206048e-07 6.6480260306128657e-11 2.5228758313226764e-09
1.2618706883548942e-07 5.9308440012839734e-11 2.5527946627713585e-09
1.2561270296892751e-07 6.4757021514006993e-11 2.5412593652734977e-09
1.2584654049935197e-07 6.739820859078084e-11 2.5486243711022939e-09
1.260411430126074e-07 6.7746488486328731e-11 2.5642741444855586e-09
1.2628046548535989e-07 6.9882828460512488e-11 2.5609051143354219e-09
1.2637083636911695e-07 6.7652927015635145e-11 2.5723025837328872e-09
1.2701562893548715e-07 6.4556982900438633e-11 2.5914790399958658e-09
1.2650325006648016e-07 6.9065064926596563e-11 2.5921502176659752e-09
1.2648629836143206e-07 6.9534544324743797e-11 2.5763298230121198e-09
1.2718602532856392e-07 6.6885653221611928e-11 2.5858069822602536e-09
1.2756339029391236e-07 6.1039931021186599e-11 2.6009434833968599e-09
1.2696449996426883e-07 6.6591630340640069e-11 2.5817983094636599e-09
1.2727225651594199e-07 6.4239870878402226e-11 2.5752190352453497e-09
1.2828222591439259e-07 7.1395043010282147e-11 2.5890883736369992e-09
1.2789556319936821e-07 6.8108995217072439e-11 2.5717317195697321e-09
1.280562651351967e-07 7.0353457595579121e-11 2.5812055518973454e-09
1.2856211141077555e-07 7.0862397024209685e-11 2.5759789174271281e-09
1.282260772191506e-07 6.7251114193324669e-11 2.5623644426764009e-09
1.2858127383556811e-07 6.49837432507502e-11 2.5667118262985597e-09
1.2845557752392677e-07 6.1487063049917329e-11 2.5573832798126186e-09
1.2823361799543428e-07 7.1025211707427795e-11 2.5475835731785073e-09
1.2844298303500064e-07 7.2552332473389945e-11 2.5666471856539088e-09
1.2806885985477988e-07 6.1327510888694875e-11 2.5666313805512648e-09
1.2946327733397956e-07 6.496877538053973e-11 2.6013913055609101e-09
1.2919325560017937e-07 6.5151997057499727e-11 2.5975858220057189e-09
1.2935139252319041e-07 7.1641898077310285e-11 2.6017034156438557e-09
1.2965912782167762e-07 6.8829872150054544e-11 2.6279187955842032e-09
1.2978959956763807e-07 7.588832192423391e-11 2.6352051908069568e-09
1.2899963781198258e-07 7.3946128084680264e-11 2.6166748090799034e-09
1.3028386363293953e-07 6.4476639042554744e-11 2.6594553999229548e-09
1.2980407051334157e-07 6.7194395227260106e-11 2.651505510617816e-09
1.2984884588631038e-07 6.2607124117064563e-11 2.6535069042046469e-09
1.2948287127102532e-07 7.1662863234518945e-11 2.6510621300216642e-09
1.3097933614491476e-07 6.9894040832180502e-11 2.6721671715067652e-09
1.3133911482531417e-07 7.5203031986479386e-11 2.6903373052856572e-09
1.3069223707414368e-07 8.2268699219723336e-11 2.6602876985425034e-09
1.313369714616283e-07 7.0449141883954349e-11 2.6807888274049431e-09
1.3191583009702296e-07 7.6046968280419946e-11 2.7000578839818427e-09
1.3147067651439243e-07 7.0357502548451567e-11 2.7164161891484372e-09
1.3243703503193939e-07 6.878388589845001e-11 2.7357410447832765e-09
1.3228625141186491e-07 7.149766220328971e-11 2.7357822685776408e-09
1.3198783963391626e-07 7.3668082089394682e-11 2.7247124258609103e-09
1.3284614026082035e-07 7.8463582113857462e-11 2.7327255101328067e-09
1.3278487341968891e-07 7.2991475154842398e-11 2.7262624146817519e-09
1.3314964233042382e-07 8.2155182136509165e-11 2.7472251700274852e-09
1.3353376464992764e-07 7.8198110052523959e-11 2.7638788334127219e-09
1.3402888503901094e-07 7.4115544586594664e-11 2.7791963994633535e-09
1.3388947771475628e-07 6.1983512070426636e-11 2.7728959679550464e-09
1.3399981831982538e-07 6.9942813375449817e-11 2.7868326686013783e-09
1.341869574517739e-07 7.3580325702535344e-11 2.7936673448644826e-09
1.3447624061239658e-07 6.7658367229785058e-11 2.799696232363385e-09
1.3507401633620716e-07 6.6828961152387663e-11 2.8123138998861326e-09
1.3466787156229028e-07 7.7306795496206929e-11 2.78413894226518e-09
1.3473279541143076e-07 7.7947731954624473e-11 2.7918582005506299e-09
1.3519500166538254e-07 6.8574199202355729e-11 2.7998926925356404e-09
1.34695281429711e-07 6.1257089825364418e-11 2.8037779812734562e-09
1.3626048444459183e-07 8.5768469012184054e-11 2.8282119050320803e-09
1.3590766005412658e-07 6.9434879542006314e-11 2.8405230549420577e-09
1.3597913799473974e-07 7.036918804274392e-11 2.8421185966885359e-09
1.3673031228695928e-07 7.318382723585453e-11 2.8567899705251266e-09
1.3594308698112521e-07 7.6465790292297913e-11 2.8459937722351401e-09
1.3667755298162671e-07 7.1578155963791599e-11 2.8593936812360186e-09
1.3775809691828053e-07 7.0307102564700767e-11 2.8993778752739264e-09
1.3746653316662575e-07 7.1321764751619618e-11 2.8892716386079908e-09
1.3821070168923819e-07 7.8060614568168202e-11 2.9165916997517837e-09
1.3775135238047749e-07 7.8375787730467608e-11 2.9124811862673466e-09
1.3880807704533878e-07 7.2524824421019737e-11 2.9249901759675866e-09
1.3891822648066984e-07 6.2619647942704769e-11 2.9278944637695315e-09
1.3937556081813058e-07 7.0615419998423203e-11 2.9407299470348814e-09
1.4005481070328287e-07 7.4354894033082353e-11 2.9697496933579671e-09
1.4003544535095478e-07 8.2531194673872046e-11 2.9872740871380514e-09
1.4036361874439393e-07 7.2948537312840605e-11 2.9981852764021014e-09
1.4034477895828204e-07 7.3867291870002531e-11 3.0142403186407631e-09
1.4096296234047737e-07 6.5337183344155189e-11 3.0262078998916201e-09
1.406065058559434e-07 7.3407283093867135e-11 3.0371754150668432e-09
1.4226086308659963e-07 7.9456420577288384e-11 3.0914546881871891e-09
1.4211992305424665e-07 8.2856742157681981e-11 3.1108415107014805e-09
1.4189067548163976e-07 6.9269251871077741e-11 3.1212856478661825e-09
1.4290122831357554e-07 8.6638805918905119e-11 3.1449647167776817e-09
1.4289669364863198e-07 7.5801665941084014e-11 3.1324326006344638e-09
1.4248073911619238e-07 6.9128977572606546e-11 3.1274031306078453e-09
1.4343788954268523e-07 8.0897090565072874e-11 3.1827199205188929e-09
1.4484119760984863e-07 7.9252187441191876e-11 3.2259974368935331e-09
1.4440926250023733e-07 8.2266718646560475e-11 3.2247925306445713e-09
1.4484617594609355e-07 6.3659040705290255e-11 3.2371103003694448e-09
1.4488702103123168e-07 7.7509381342457501e-11 3.2633215397295749e-09
1.4681002085955196e-07 7.6854927497313669e-11 3.3024467771429629e-09
1.4617477451255348e-07 7.697705470077654e-11 3.2967299932115802e-09
1.4620081355821918e-07 8.0028601586868018e-11 3.3140068908130646e-09
1.4766941950676431e-07 8.1384562972288905e-11 3.3690031071118524e-09
1.4744900436908945e-07 7.2917475688367597e-11 3.3628664850841044e-09
1.4769925520449154e-07 6.7530907514920757e-11 3.3739077199993372e-09
1.4856241614270859e-07 8.740060191896639e-11 3.4051448933693483e-09
1.4813487829340306e-07 9.3826720001379395e-11 3.4074499993036436e-09
1.4881778076114658e-07 8.2785714689112976e-11 3.4365410089267414e-09
1.4995329702311948e-07 9.0358438142635175e-11 3.4693564290751084e-09
1.4995241983012951e-07 8.9423014015079097e-11 3.468083893348119e-09
1.5060576120355279e-07 8.2115005748286299e-11 3.4969671589321118e-09
1.5037663274492261e-07 8.228248197516673e-11 3.4980206223392616e-09
1.5071558593638954e-07 8.1280813474180369e-11 3.5165338996916776e-09
1.5237543832480237e-07 7.9979551177302556e-11 3.5458610807927896e-09
1.5184612196620073e-07 8.6653332911861267e-11 3.5466375748922441e-09
1.5243038491094951e-07 8.5274038724678974e-11 3.566326619135398e-09
1.5345005648776838e-07 8.3203479801137574e-11 3.5774604427505241e-09
1.535845393953867e-07 8.5360968251681766e-11 3.5845395463209984e-09
1.5356967023536138e-07 8.6420763465384083e-11 3.5784433436958429e-09
1.552127314233057e-07 8.0890408288910233e-11 3.6198476768811602e-09
1.540694718494843e-07 7.1466295848355958e-11 3.6078916891897434e-09
1.5588531027891205e-07 9.3828165888544872e-11 3.6433456767782895e-09
1.5620742618210266e-07 8.9847575894971186e-11 3.6442433310599265e-09
1.5631905384822808e-07 9.1666150216267656e-11 3.6557311107962452e-09
1.5659696886248431e-07 8.2973515179824081e-11 3.6628145336625719e-09
1.5723223149804103e-07 9.8203520239831115e-11 3.6848082572394807e-09
1.5830754655521248e-07 9.0378727630336065e-11 3.7358859552014378e-09
1.5883590049477446e-07 9.323231046214997e-11 3.7569038642346072e-09
1.5893419260563803e-07 1.0613561518143139e-10 3.7634769223911358e-09
1.6009051159554505e-07 9.0210538413223431e-11 3.8054168539778831e-09
1.5930959928636984e-07 8.6354339209138913e-11 3.7954083416076552e-09
1.5983506998889446e-07 9.6517551227318817e-11 3.809517069525484e-09
1.6048641398320568e-07 8.7682756647055742e-11 3.8409526193608968e-09
1.6106125043132947e-07 8.4268283902538415e-11 3.8560801435646356e-09
1.6164488661611784e-07 8.7681205730078106e-11 3.8960454151540549e-09
1.6219158713710278e-07 1.0169071089486736e-10 3.9019632364699141e-09
1.6288013158622694e-07 9.164457329614232e-11 3.9144694781336462e-09
1.6311176806091495e-07 9.3388548663500868e-11 3.9131785717858411e-09
1.643010543374414e-07 8.9354419248694377e-11 3.9413175950181425e-09
1.635823146889957e-07 9.3298473584363832e-11 3.9276710890751542e-09
1.6436260772528089e-07 9.0680753556383308e-11 3.9436292176379545e-09
1.6496492212447936e-07 9.7041806646188005e-11 3.970547195995536e-09
1.6594650215101686e-07 8.8049853572425678e-11 4.0056722640542248e-09
1.6555171523356309e-07 8.8119340545553333e-11 3.9750421090756646e-09
1.6688569727210056e-07 9.6733010256661301e-11 3.9957166616647832e-09
1.66967114341722e-07 8.4632484504200338e-11 4.0206701177318596e-09
1.6807576031650962e-07 9.1502396889212225e-11 4.0462515617781133e-09
1.6850452054579385e-07 9.1969668270776083e-11 4.0468173379321482e-09
1.6839940601757238e-07 1.0864973760844719e-10 4.0579539369358503e-09
1.6877612625382304e-07 1.0073347646404966e-10 4.0501723252718618e-09
1.701999663295345e-07 1.0388049241499132e-10 4.0677898529968609e-09
1.700668986983733e-07 1.000110302189046e-10 4.0858370199610456e-09
1.7218244179743791e-07 9.4703716966845205e-11 4.1664855874184952e-09
1.7135341115981788e-07 9.6173132956183062e-11 4.165966720640096e-09
1.7172121369893007e-07 8.8238604035864851e-11 4.1747226888900415e-09
1.7262101811556251e-07 1.0556639952487996e-10 4.1953722423798038e-09
1.7250965682614919e-07 9.0960747567792101e-11 4.2118502033515788e-09
1.7304358303532013e-07 9.2292175159383727e-11 4.2441222087181361e-09
1.7219344886395137e-07 9.704733792693045e-11 4.2238206543945337e-09
1.7402668544556214e-07 9.7657517012996167e-11 4.2813104428807626e-09
1.7433684270380692e-07 1.0869859921114408e-10 4.2881462865280679e-09
1.7514861864472831e-07 9.5124159230349128e-11 4.3070429523038764e-09
1.7602864034979852e-07 1.0981488006198817e-10 4.3553407250648962e-09
1.7605264905320941e-07 9.538993998061025e-11 4.3782204727068923e-09
1.7585075335286824e-07 9.6130049359103639e-11 4.368542195588916e-09
1.7621828161824589e-07 1.2431749621069701e-10 4.3983634229287707e-09
1.7680825614934086e-07 1.0536753605284151e-10 4.4361098046108042e-09
1.7676610690791127e-07 1.0187660690433141e-10 4.4305236688834172e-09
1.7780299836599779e-07 9.6123248561541822e-11 4.4687680186252055e-09
1.788742415243542e-07 9.8853161100942449e-11 4.4964978769121228e-09
1.778406702748623e-07 9.889669159570182e-11 4.4912356198039456e-09
1.7923533304157205e-07 1.0569123970852805e-10 4.5318512518144929e-09
1.800611254255675e-07 9.8508005201627261e-11 4.5796776622281995e-09
1.8006677522883789e-07 1.0113156986518413e-10 4.5987752159654649e-09
1.7945002625493558e-07 1.0998976941580017e-10 4.5999632148351589e-09
1.8072688039524285e-07 9.8154612706060037e-11 4.6428946608867037e-09
1.8116539753770454e-07 9.0313498848195911e-11 4.6772919856315608e-09
1.8127245678549687e-07 9.5793258347993003e-11 4.6987420033510312e-09
1.8170936356971041e-07 9.914863920470356e-11 4.7412435581933993e-09
1.8276253331202002e-07 1.064129666433739e-10 4.7613778096262483e-09
1.8307190516353097e-07 1.0372962461493411e-10 4.777111717396612e-09
1.8331774327888377e-07 1.0522076276139746e-10 4.809885288317918e-09
1.8309957574080661e-07 1.0316702710702884e-10 4.7895652802719821e-09
1.8429568960622848e-07 9.674795968028933e-11 4.8469272026042891e-09
1.8519683404725456e-07 1.1334314537054478e-10 4.8870049048247742e-09
1.8550457921244285e-07 1.0465352777127544e-10 4.8760965388783278e-09
1.8577486807737051e-07 1.2662187250605756e-10 4.8780339590052423e-09
1.8510394769619634e-07 1.2114155287910967e-10 4.8382765377523872e-09
1.8652493496934864e-07 1.0299627786506367e-10 4.8924171506443487e-09
1.8638727017374463e-07 1.0186699223000164e-10 4.914023245328314e-09
1.8651751927178895e-07 1.0695345010051801e-10 4.9007991716387537e-09
1.88100775766062e-07 1.2186764820972275e-10 4.9563769159059338e-09
1.8831104667346711e-07 1.1585185615317937e-10 4.9595308123230658e-09
1.8819612957324007e-07 1.2767332368206475e-10 4.9518060619338452e-09
1.8825328689897948e-07 1.1456730393764943e-10 4.9717487799911908e-09
1.8932274234440518e-07 1.1409142138484499e-10 5.0220593341150561e-09
1.8937931263868946e-07 1.0935625534388399e-10 5.0437355995542088e-09
1.886570371723851e-07 1.2024020584200418e-10 5.0505464712144441e-09
1.9003145299518826e-07 1.0963420149605224e-10 5.0820157904085013e-09
1.8981286561740112e-07 1.1072904488494949e-10 5.1091829470759852e-09
1.9100389401544953e-07 1.0023879760694486e-10 5.1252578125908609e-09
1.9118886925723682e-07 1.0696143416321512e-10 5.1278167293488297e-09
1.9121403537886871e-07 1.001035501181658e-10 5.0941758031739513e-09
1.9193514958242649e-07 1.1064630885782731e-10 5.1130940977576956e-09
1.916197848496484e-07 1.1464826930119292e-10 5.119501791099873e-09
1.9331462150280223e-07 1.1290653729845432e-10 5.142585455393471e-09
1.929545624513064e-07 1.211443112714609e-10 5.173995819331943e-09
1.9335666046229704e-07 1.1425778223133765e-10 5.1901595115040963e-09
1.9313132991963734e-07 1.1571977126833983e-10 5.1430603508094338e-09
1.9393694061955713e-07 1.2483435166036168e-10 5.1263877828522219e-09
1.947698628175734e-07 1.1178701066033177e-10 5.130716727465373e-09
1.9481930032742233e-07 1.166255475214701e-10 5.1299145355473634e-09
1.9510171646961695e-07 1.288549322226733e-10 5.144047827654772e-09
1.954447085556185e-07 1.1430239326594674e-10 5.1619657544194796e-09
1.9614482568479587e-07 1.2431673333220634e-10 5.2256196126809247e-09
1.9555084439446276e-07 1.1621447373269307e-10 5.2171656272845057e-09
1.9788195080140792e-07 1.1435372191968109e-10 5.2858357075567828e-09
1.9758125866872723e-07 1.3280135715244142e-10 5.2917721203460594e-09
1.9738977183480734e-07 1.0652408964725576e-10 5.2798004702153744e-09
1.9749116108099811e-07 1.209653565530053e-10 5.2565268835308837e-09
1.9746212821669915e-07 1.1399442476997161e-10 5.2456112163118342e-09
1.9861614165149612e-07 1.1686590410508815e-10 5.2621814894732302e-09
1.9823743741882807e-07 1.1471798083273666e-10 5.2311939344020095e-09
1.9939269477035663e-07 1.3725219880251673e-10 5.279546366839159e-09
1.9994522911596936e-07 1.2300793325748516e-10 5.3005038530138884e-09
2.0077365380680283e-07 1.1053474160621063e-10 5.3815121269392052e-09
2.0090162109181399e-07 1.2603967228662716e-10 5.3661671139552394e-09
2.0034613802071981e-07 1.3480314695568809e-10 5.3535800612597881e-09
2.0181232105088247e-07 1.2984373392470129e-10 5.430063396393471e-09
2.0205077698081206e-07 1.1828946717940335e-10 5.4373078301613765e-09
2.021627944231266e-07 1.3059436504532866e-10 5.4553441593484383e-09
2.0269540099640075e-07 1.0054622188172501e-10 5.4590168195764996e-09
2.0341837827102484e-07 1.1930154351295006e-10 5.4945800791534512e-09
2.0375017236823304e-07 1.4516631071657253e-10 5.5087106798882568e-09
2.0351171133888657e-07 1.1533603466166049e-10 5.5224554142971702e-09
2.0445232311781124e-07 1.3171557650226292e-10 5.562324211334499e-09
2.0525808874133168e-07 1.190986203022843e-10 5.6251482888473869e-09
2.0572832873255507e-07 1.288411015861377e-10 5.6248272526954394e-09
2.0637500877085384e-07 1.403323122866001e-10 5.6247902385175362e-09
2.0529291190565168e-07 1.2763797824290652e-10 5.5742130223856961e-09
2.0658726657714621e-07 1.3122507699413993e-10 5.5658095673169282e-09
2.0909986455413615e-07 1.3558345917382676e-10 5.6087288166490583e-09
2.0700100003562826e-07 1.1650909067042619e-10 5.5409603925624059e-09
2.0865309722305296e-07 1.2586716239701242e-10 5.5835492927691428e-09
2.0867729341506252e-07 1.3970214954927118e-10 5.5808264142692698e-09
2.0949437716965879e-07 1.3283804201724268e-10 5.58400012155978e-09
2.1016388283684539e-07 1.3127458101403131e-10 5.5875094134737921e-09
2.1253150781244155e-07 1.3264621279792873e-10 5.6643492027502845e-09
2.1169217885608378e-07 1.3399386738597427e-10 5.6419172189818704e-09
2.1180375605409726e-07 1.2855047467783816e-10 5.5952165301261555e-09
2.1282571238519018e-07 1.31278260056075e-10 5.6199453674301654e-09
2.1238674325429621e-07 1.2721635723379778e-10 5.6215484332040313e-09
2.1422458986401444e-07 1.2279863649851326e-10 5.7028325181028694e-09
2.1583400241228996e-07 1.3471264842336548e-10 5.7330019310391093e-09
2.138160446181361e-07 1.3285490843266799e-10 5.6988241314813233e-09
2.1622975763911975e-07 1.2991089016505343e-10 5.7528938069578971e-09
2.1613814342503691e-07 1.3927052828673378e-10 5.7680210980544241e-09
2.1690504645669471e-07 1.3084482099557716e-10 5.7816942261554876e-09
2.1627494563945263e-07 1.3460058452392483e-10 5.809887220434961e-09
2.1909503320043659e-07 1.4375045720693683e-10 5.8829903266681903e-09
2.1808372819425004e-07 1.3100274315502494e-10 5.8950051350623862e-09
2.1901885565156984e-07 1.2696996643244061e-10 5.9258480294402364e-09
2.193724786931624e-07 1.387543555874198e-10 5.9819460535123739e-09
2.2107297302838258e-07 1.441050281096164e-10 6.0161383783314854e-09
2.2154823990903209e-07 1.4538492675783406e-10 6.0184772196009789e-09
2.2323575759889101e-07 1.4338384699440888e-10 6.0805711116497782e-09
2.2330279237639268e-07 1.4814186924275218e-10 6.07594420413112e-09
2.2330496249741533e-07 1.5126127468671209e-10 6.0694212928021687e-09
2.2496156109808736e-07 1.4001177835388989e-10 6.1175868555824819e-09
2.2620672630450855e-07 1.4679573757219546e-10 6.1726922852468181e-09
2.2644777583573654e-07 1.5278064109074245e-10 6.1501831059987884e-09
2.279785172815582e-07 1.4678421618139493e-10 6.1732794189958576e-09
2.281407250037966e-07 1.470656093299783e-10 6.1707917896826946e-09
2.2985739288212797e-07 1.4990263186326207e-10 6.2401996293792533e-09
2.2817743372007573e-07 1.4574911128935788e-10 6.2070448249347813e-09
2.2923869868681851e-07 1.5363537447331694e-10 6.2574446654751634e-09
2.3046804901571102e-07 1.3370136008766447e-10 6.2677481376002527e-09
2.3220366432402116e-07 1.5264976273855789e-10 6.3120674085397693e-09
2.3297590988596996e-07 1.3223595003114255e-10 6.3573185325712649e-09
2.3428671072995708e-07 1.4557051626759061e-10 6.4007786870536013e-09
2.3492143601922493e-07 1.6439262897300933e-10 6.4128057524159044e-09
2.3611450378359491e-07 1.6331493711832173e-10 6.4342416964146642e-09
2.3616665733222252e-07 1.409355695099988e-10 6.4385262835442734e-09
2.3743767520263648e-07 1.5370008114872838e-10 6.4820428036860807e-09
2.3739253277274134e-07 1.4720020158405724e-10 6.4791007975473933e-09
2.3967612953601179e-07 1.4525177098565166e-10 6.5289751988851289e-09
2.3939502997394782e-07 1.4690183596271006e-10 6.535118807098295e-09
2.4150965061538828e-07 1.6160058273444677e-10 6.5782600550668754e-09
2.419031933330225e-07 1.4761881702246019e-10 6.6198563807464105e-09
2.4229751024695527e-07 1.5075943863574375e-10 6.6673675708511916e-09
2.4429531510983385e-07 1.7447644142064986e-10 6.694459379830288e-09
2.43098807454228e-07 1.5437520698018871e-10 6.6604483422777218e-09
2.459656429878356e-07 1.5136535610997588e-10 6.7353875293818291e-09
2.4552981940912415e-07 1.5876013444886453e-10 6.7645256213737265e-09
2.4828382969075793e-07 1.8202614434560789e-10 6.8720991603578833e-09
2.495215088860585e-07 1.7567123862636554e-10 6.9343989241553514e-09
2.4995732292992684e-07 1.8354616852871013e-10 6.972988528661404e-09
2.4955855387827164e-07 1.6015453466224098e-10 6.999819478215666e-09
2.5031704398453917e-07 1.4743946883807309e-10 7.0164377406751064e-09
2.5263831965635424e-07 1.7581705284284128e-10 7.1117169279573111e-09
2.5324531351639984e-07 1.5392828185921583e-10 7.2002702995813309e-09
2.5582058267414364e-07 1.5716634659943774e-10 7.2851499448426647e-09
2.5544107066038826e-07 1.5862989944239284e-10 7.2808793166830306e-09
2.5554029629813118e-07 1.7462187704564549e-10 7.231941229341951e-09
2.5686739833366526e-07 1.7163362488222065e-10 7.2415908356762128e-09
2.5720933329811862e-07 1.7591080784030179e-10 7.3105657664989683e-09
2.5972270273490596e-07 1.7464588711673514e-10 7.4066784629660659e-09
2.5917295964951233e-07 1.7922148552083595e-10 7.3603556934323417e-09
2.6033142191481038e-07 1.7951994804381706e-10 7.3733954798833129e-09
2.6232497102733631e-07 2.0492978524065156e-10 7.4999283254374562e-09
2.6233753127516527e-07 1.887684182218528e-10 7.4476163471279132e-09
2.6373476983437693e-07 1.983568600087075e-10 7.5387069961821675e-09
2.6499771380043715e-07 1.8322661973538108e-10 7.5691972136149526e-09
2.652362116147866e-07 1.7448375195527444e-10 7.5089187971138661e-09
2.6682442677196636e-07 1.9555142895379196e-10 7.5374396891505133e-09
2.6842107323330902e-07 1.7190384006058394e-10 7.6001152580064744e-09
2.7006824970861509e-07 2.1971724427212671e-10 7.6078909404436917e-09
2.6996690369126149e-07 1.7853346654004327e-10 7.5977577077717789e-09
2.7158860941382625e-07 2.0033327840050582e-10 7.6654216198731564e-09
2.7302692755602591e-07 1.8463419784224755e-10 7.7173302058249314e-09
2.7233237312317408e-07 1.8246154252336584e-10 7.7854781425944035e-09
2.7396743557110886e-07 1.9872121968581506e-10 7.7870778827653285e-09
2.7576255294297009e-07 1.9158853831733474e-10 7.83479082677712e-09
2.7813649032044289e-07 1.8009325031314191e-10 7.9135533987036513e-09
2.7726066321034968e-07 1.901221830412224e-10 7.9256993944469408e-09
2.7876765926664844e-07 2.1405776902126377e-10 7.9918019806651423e-09
2.7788299416236457e-07 1.8623718262546756e-10 7.9734250498922915e-09
2.8182905960333961e-07 1.84148787802588e-10 8.1060435876897647e-09
2.8120373902689357e-07 1.7096292265394057e-10 8.1052509440155189e-09
2.8191338039078208e-07 1.9424191888032637e-10 8.0684737411823634e-09
2.8429570124127209e-07 2.0498896508521842e-10 8.1333021479058768e-09
2.837362783709112e-07 1.9650056606696241e-10 8.1374337808462471e-09
2.8557111775849319e-07 2.1097300213988473e-10 8.158908452545503e-09
2.849763867616629e-07 1.9874969443348928e-10 8.1934352054923344e-09
2.8735998463758806e-07 1.7767058169373587e-10 8.2360264305712275e-09
2.8845353789307717e-07 2.0390555149731589e-10 8.2910601295463064e-09
2.8819441421436828e-07 2.1910238718488972e-10 8.3418160775684256e-09
2.910703081587006e-07 1.9809248302838119e-10 8.4418618555016529e-09
2.9137404219698878e-07 2.1168471062422772e-10 8.4969889406396115e-09
2.9315045253127876e-07 1.8230641928333531e-10 8.5525920348118394e-09
2.947876918129755e-07 2.1194976227004043e-10 8.5465356458629972e-09
2.9430157111847007e-07 2.1368201100082598e-10 8.5848636750844911e-09
2.9533045539180805e-07 2.4712092331669449e-10 8.6251143163520301e-09
2.9712605168543932e-07 2.171451049892128e-10 8.7013519588766358e-09
2.9629264391649496e-07 2.2663784117732257e-10 8.6727766822945142e-09
2.9741666057028296e-07 2.2220970218755943e-10 8.6782135957263634e-09
3.0084500410131317e-07 2.3809948439035426e-10 8.751925094403361e-09
3.0126477313454207e-07 1.8193906256927886e-10 8.7490495425792134e-09
3.0085898643091492e-07 2.3679410967011264e-10 8.686407460229449e-09
3.036958873148349e-07 2.2495368829183851e-10 8.7477206122167846e-09
3.0344411398080477e-07 2.3341184457267754e-10 8.7279715489392175e-09
3.0600066752281478e-07 2.4248447814622138e-10 8.8603674069995205e-09
3.0633069974031152e-07 2.3251209659040479e-10 8.8412013704314704e-09
3.0597116240278313e-07 2.4037135924569718e-10 8.8650048245934843e-09
3.0954114380069561e-07 2.3517059175767424e-10 8.9978337257685758e-09
3.0921678895086458e-07 2.392429665691284e-10 8.9500664169287876e-09
3.1063597293052131e-07 2.339413814266591e-10 9.0288594868560331e-09
3.096394469425138e-07 2.5595457994004974e-10 8.9906192517059189e-09
3.1405560140733743e-07 2.1836656984590518e-10 9.1472220677828227e-09
3.1214090763869709e-07 2.3008126143584758e-10 9.1042542276406835e-09
3.1255317963939417e-07 2.2789430585217224e-10 9.1442816175082085e-09
3.1533298579682251e-07 2.1585097503510393e-10 9.254679091091117e-09
3.1498861332037342e-07 2.2832833575606896e-10 9.2442476697730712e-09
3.1845415265600062e-07 2.3038291959496335e-10 9.3631724610061629e-09
3.1797373031215082e-07 2.0763905257079858e-10 9.3955563557693286e-09
3.1680317778194155e-07 2.6041988977048467e-10 9.3966093739291474e-09
3.185372013246681e-07 2.2304897603970575e-10 9.42149793574309e-09
3.2084540262192903e-07 2.4595299845140632e-10 9.5067183300914988e-09
3.1845073084778802e-07 2.3743358950086246e-10 9.4280419888322547e-09
3.2066214305775002e-07 2.3509459680212728e-10 9.5974748136417657e-09
3.236113925650139e-07 2.2677128354540379e-10 9.755481115971481e-09
3.2361917611447392e-07 2.7044802095798387e-10 9.8060792940392727e-09
3.2381870156104693e-07 2.2571521846724356e-10 9.8071177298216983e-09
3.2567033275654052e-07 2.4213895681374089e-10 9.9154740491108101e-09
3.27435536163791e-07 2.5737410027236718e-10 9.9350190261780847e-09
3.2611838706492591e-07 2.6344459117929904e-10 9.8914661464470041e-09
3.2773523687751573e-07 2.6016632967953491e-10 9.8654530669268589e-09
3.2799423918331618e-07 2.3775147607622871e-10 9.880189948392975e-09
3.299107999815195e-07 2.5884776721443401e-10 9.94215891530615e-09
3.3010600588650505e-07 2.7761309364119188e-10 9.9282428703588291e-09
3.3195940024798971e-07 2.479949581970437e-10 1.0006411159270845e-08
3.3033217777106386e-07 2.4046584992750508e-10 9.9694511423620629e-09
3.3308236459238643e-07 2.7458993404258275e-10 1.0064111351232243e-08
3.337725615962982e-07 2.2228750738024322e-10 1.0085127690629003e-08
3.3528858271338171e-07 2.3267095589750017e-10 1.0166307263944516e-08
3.3627409966522354e-07 2.8479978666970642e-10 1.0138006366134258e-08
3.3530869350868175e-07 2.4671155722437657e-10 1.0125057200347273e-08
3.3607531185487432e-07 2.8380121158254815e-10 1.0062942358666321e-08
3.3753119313010629e-07 2.5885971106499041e-10 1.0119081375435668e-08
3.3834630102722992e-07 2.8435155809950154e-10 1.0163533599288181e-08
3.3828374245994133e-07 2.3724451182848391e-10 1.0132364514324401e-08
3.4048753913984532e-07 2.5536827870698472e-10 1.0304571899358486e-08
3.4040825080743624e-07 2.6741943584909791e-10 1.0307021338435229e-08
3.4229989687853202e-07 2.5961974081814781e-10 1.0362972734384539e-08
3.4372586908026137e-07 3.0213113471740182e-10 1.0459539856036179e-08
3.4437801252197628e-07 2.4261110742995825e-10 1.0522526722858005e-08
3.4417204337636304e-07 2.739688703844838e-10 1.0513234663158006e-08
3.4559310370862998e-07 2.7413755995202935e-10 1.0574923938482537e-08
3.4644396353256127e-07 2.9323044370288764e-10 1.0539674551358085e-08
3.4798829782157182e-07 2.5251239349062147e-10 1.0666937214479617e-08
3.4629527275762573e-07 2.7908986947483472e-10 1.0721603160171287e-08
3.4891754866220848e-07 2.9832795655310572e-10 1.0789788940837693e-08
3.4957089461250931e-07 2.8080282571377211e-10 1.0790659069477921e-08
3.5022066040063555e-07 2.4151900220372118e-10 1.0816446338436627e-08
3.515496240047238e-07 2.7875867468902198e-10 1.0956736492233921e-08
3.5266574485889868e-07 2.8988375152874769e-10 1.0976798124118864e-08
3.5201634635715714e-07 2.612144068983839e-10 1.1084969473187629e-08
3.5230527908844266e-07 3.1212844887998024e-10 1.1095440120131552e-08
3.549029728635284e-07 2.5872993597969262e-10 1.120494381613722e-08
3.5691629157099872e-07 3.0579946344935628e-10 1.1246801469474973e-08
3.5600900386101408e-07 2.8036386113457208e-10 1.122715981777845e-08
3.5643269669610513e-07 2.9558188728293189e-10 1.1211839795836989e-08
3.5675172557377903e-07 2.6045042241749637e-10 1.1191539362574118e-08
3.5700336158016791e-07 2.7312119781957662e-10 1.1140360083723544e-08
3.5753003371360436e-07 2.6026110839018025e-10 1.1265047105865391e-08
3.6214122078322888e-07 2.8488593105439875e-10 1.1462436478698174e-08
3.6088724990869967e-07 2.9620013722208304e-10 1.140064837946462e-08
3.6084008946020338e-07 2.8572557228465659e-10 1.1439651661890833e-08
3.6173906330178391e-07 2.9394410964239155e-10 1.1558702512729384e-08
3.6291470871419228e-07 3.0372626720723846e-10 1.1589826082020957e-08
3.6521504411529691e-07 3.1118081531203658e-10 1.1728219634778059e-08
3.6554446183882367e-07 2.8982880021760051e-10 1.1858467955329911e-08
3.6552358044411454e-07 2.7885189422279111e-10 1.1961122868486204e-08
3.6587263044263262e-07 2.6452616707140087e-10 1.2078398429402569e-08
3.6789531522915238e-07 3.0017336520756609e-10 1.212457628163174e-08
3.6904557390668653e-07 2.7631206712242985e-10 1.2139255151743175e-08
3.6988969036727584e-07 2.783370495829638e-10 1.2249328690995737e-08
3.6896780207527393e-07 3.1265634768621769e-10 1.2245048409258785e-08
3.7320298245610993e-07 3.0166815648186383e-10 1.2377856008841215e-08
3.7126607959001719e-07 3.1018637833953785e-10 1.228606041508492e-08
3.7376638651399501e-07 3.1882876548025285e-10 1.239070394372146e-08
3.7202157659900224e-07 3.0805239316995461e-10 1.2371333972584299e-08
3.7334529896223428e-07 3.025041997967157e-10 1.2474983686167969e-08
3.7430401811199028e-07 2.7741692433702457e-10 1.253299477690443e-08
3.7494913261006371e-07 2.6158590489817555e-10 1.2496240425499474e-08
3.7706357939174324e-07 3.0260965788284848e-10 1.2545028072364317e-08
3.7830691851425429e-07 2.8792463788646654e-10 1.268044066869573e-08
3.7685350760587987e-07 3.1618881486864348e-10 1.2721205618576264e-08
3.7980061514244691e-07 3.1025570954254285e-10 1.2852630872589396e-08
3.8036198695925111e-07 3.3095533605979167e-10 1.2899680102702897e-08
3.8219114395648366e-07 3.286551316658002e-10 1.2935408188800367e-08
3.82371334943968e-07 2.7056308424671209e-10 1.2970166109846465e-08
3.8194635038669955e-07 3.0283608329728505e-10 1.3020452982173837e-08
3.8277991926805714e-07 3.0788526399896883e-10 1.3059853572314689e-08
3.8583033231038415e-07 3.1051874764157101e-10 1.3177159065707801e-08
3.8594468349039943e-07 2.9758709793934674e-10 1.3237385394853779e-08
3.8424925915324353e-07 3.237225715582731e-10 1.3226733274480169e-08
3.8606948947066568e-07 2.9463117182887538e-10 1.3294006597281612e-08
3.8873443632576041e-07 3.1678025605530494e-10 1.3373621545370798e-08
3.898763577925256e-07 3.3907152995863615e-10 1.3456479921402672e-08
3.9056179139579664e-07 3.1572978143355829e-10 1.3488944367349431e-08
3.9188513792331799e-07 3.20829408091813e-10 1.3472961774495901e-08
3.9333189214496733e-07 3.0337703014223944e-10 1.3593282029271105e-08
3.9465357882236217e-07 2.7976849261998861e-10 1.3630321370478417e-08
3.9313902682670638e-07 2.9185811376419629e-10 1.3605836179861651e-08
3.9344655463454617e-07 2.8391554703055996e-10 1.3675048733716332e-08
3.961277960547379e-07 3.3366572510415913e-10 1.3751937685020123e-08
3.9667298904742946e-07 2.9267763491565692e-10 1.3775257155767357e-08
3.9840556431688946e-07 3.3455720039452826e-10 1.3997989608871799e-08
3.9650856701854228e-07 3.2524299850385328e-10 1.4099580794474767e-08
3.9884924797330843e-07 2.8135522805239621e-10 1.4129259625327205e-08
4.0134167856897275e-07 3.4335245297412703e-10 1.4314830860289612e-08
4.0242129794114489e-07 2.8000311091927095e-10 1.4325288140399653e-08
4.0319682763305478e-07 3.1384976066563759e-10 1.4346205454318738e-08
4.0380958269990378e-07 3.0932119544521598e-10 1.4477945801229245e-08
4.0520531258526493e-07 3.404109174735321e-10 1.4633813980536598e-08
4.0671816122711307e-07 3.1599934863122639e-10 1.4778794764312542e-08
4.0703003841480457e-07 3.5011278875371206e-10 1.4910904659585158e-08
4.0820287206904918e-07 3.3009147422724399e-10 1.4946514003091626e-08
4.093560651580568e-07 3.3095624522994058e-10 1.5059526207945204e-08
4.1159998653359921e-07 3.1525966074034075e-10 1.5152968417183873e-08
4.1134763870790572e-07 3.6301869371946525e-10 1.5036593567454334e-08
4.1321596875211293e-07 3.3366094596521983e-10 1.5287219607043341e-08
4.1405571881077075e-07 3.498166064525301e-10 1.5400309131677037e-08
4.1572590897477415e-07 3.2065213269945383e-10 1.5525046928071928e-08
4.1674216303892733e-07 4.0766713378174712e-10 1.5561965978223229e-08
4.1673411974302293e-07 3.2185604463649344e-10 1.5483456503969394e-08
4.1858712080720781e-07 3.2732964267504378e-10 1.562597319130684e-08
4.1993536173582e-07 3.1654860541560795e-10 1.5673954930264648e-08
4.2167293245024691e-07 3.9831345552223089e-10 1.576643415963393e-08
4.2237657611693811e-07 3.2854367521128609e-10 1.5818469303228038e-08
4.2471117069048469e-07 3.8987149156135742e-10 1.6022061047357211e-08
4.2723761798895834e-07 3.306203795056679e-10 1.6099810559859398e-08
4.288707617449892e-07 3.3927702162848604e-10 1.6174965564907812e-08
4.3041548230416554e-07 3.5079215256834012e-10 1.6248354613122567e-08
4.2816370315121913e-07 3.5724075896267743e-10 1.6156362741207015e-08
4.3100165587028242e-07 3.6923635367619763e-10 1.6207550123772141e-08
4.3114465784334591e-07 3.8243037084768837e-10 1.6191919583933278e-08
4.3409881025289992e-07 3.9883707990299101e-10 1.6369953691868613e-08
4.3588919924467968e-07 3.9779785405690519e-10 1.6400790975047225e-08
4.3500283824064353e-07 3.2199863920382436e-10 1.6331715364414011e-08
4.3730338937554946e-07 4.2981626201714611e-10 1.6471982043922818e-08
4.3978432835626424e-07 3.7913422498696484e-10 1.664378592912716e-08
4.4267300410071711e-07 3.7467546579668025e-10 1.6804628067815547e-08
4.4223525284703576e-07 4.3234137985042612e-10 1.6767073941603419e-08
4.4283377598300348e-07 3.2875299274762745e-10 1.6761202506071592e-08
4.4535224136745145e-07 3.8447731109749037e-10 1.6843358727761936e-08
4.486408647973446e-07 4.0484581347680591e-10 1.6966133769192188e-08
4.5151733331113857e-07 4.2032205797962141e-10 1.7131268027604942e-08
4.4867152698208688e-07 3.9897734351141374e-10 1.70484897386627e-08
4.5300340006680797e-07 3.5269454956017985e-10 1.7193876190277245e-08
4.5182173039520525e-07 4.5237047208913416e-10 1.7291821959235629e-08
4.5381812482483427e-07 3.7212828125467792e-10 1.7292181810692549e-08
4.5727926827773503e-07 4.8305430165905602e-10 1.7498712718147667e-08
4.5653798947523503e-07 4.314218040881232e-10 1.7609797555626335e-08
4.5766532408478686e-07 3.8311575058568943e-10 1.7657721518711385e-08
4.6107899873580319e-07 4.1246503319837579e-10 1.7930105411137348e-08
4.6318552707272665e-07 4.3690966058512454e-10 1.8101188248531955e-08
4.6428331560566851e-07 4.4249433313141845e-10 1.8069933431057076e-08
4.6829129272437426e-07 4.0076550399872055e-10 1.8233624753544666e-08
4.7004704349293958e-07 4.4425271345573531e-10 1.834441059999472e-08
4.7154471413303579e-07 4.0417551837959133e-10 1.8505987893645008e-08
4.7187336241554427e-07 4.3236753329719821e-10 1.8637741398678021e-08
4.7488900658052354e-07 4.5293527480186903e-10 1.8955972261822532e-08
4.7623350730979032e-07 4.2032842031496993e-10 1.9089373673393793e-08
4.7652018274823397e-07 3.8442731864395613e-10 1.9081653488074691e-08
4.8101035796050848e-07 4.1950372686722075e-10 1.9175473278297744e-08
4.7902755362476365e-07 4.2601553371045232e-10 1.9407683168423494e-08
4.8512010447739423e-07 4.5480139619653597e-10 1.9722565589283258e-08
4.8594045170520836e-07 4.4055722291602445e-10 1.978926214339789e-08
4.8370862528871263e-07 4.334768386289526e-10 1.9682222688307213e-08
4.8948527232075399e-07 4.2181289916200256e-10 1.9934583283684892e-08
4.9150506898747518e-07 4.6359694481372163e-10 2.0004246050930997e-08
4.9538688374947711e-07 4.0319136441398132e-10 2.0214762788483713e-08
4.9645016190308787e-07 4.2175272239354221e-10 2.0249929735601223e-08
4.9749926864142713e-07 4.6153956410143356e-10 2.0283534448112817e-08
5.0077697242893647e-07 4.6347819138141612e-10 2.0381971096708029e-08
4.9938546710232745e-07 4.5059269349354488e-10 2.05115389317397e-08
5.0310675379404006e-07 4.8843299749758319e-10 2.0659454198995706e-08
5.0382767152532258e-07 4.4639033912517054e-10 2.0834160801044191e-08
5.0464497555021544e-07 5.0699265257118541e-10 2.0852267024361954e-08
5.052121965925396e-07 5.3822502781912932e-10 2.0971799541856664e-08
5.0908200869654514e-07 4.3663911716165801e-10 2.1193424015974482e-08
5.1046178058371039e-07 4.7630850111582262e-10 2.1443988924859846e-08
5.0931353307358006e-07 4.7000241260904058e-10 2.1437363565365156e-08
5.1465644976022998e-07 5.1443388380733459e-10 2.1572216301505476e-08
5.1272417156867229e-07 4.8696759805360151e-10 2.1597125154134862e-08
5.1652612592034424e-07 5.0695858758769959e-10 2.1810492406769742e-08
5.1640668833625435e-07 5.4110880557440162e-10 2.1808990818321757e-08
5.1939016994713919e-07 4.6140275972479196e-10 2.1984842879211809e-08
5.1790347896913959e-07 4.7998334197206498e-10 2.1962788340243978e-08
5.2088918247578931e-07 5.053905303691298e-10 2.2074343466446793e-08
5.1945562741714397e-07 4.6367088550271837e-10 2.1986978853892375e-08
5.2229173897851676e-07 5.0938550067095571e-10 2.2234076925947295e-08
5.2406608257765824e-07 5.1475313673558355e-10 2.2377476451914992e-08
5.2332082705818776e-07 5.5532344514891778e-10 2.253919491184182e-08
5.2564737871692076e-07 4.7789618191299611e-10 2.258889021389718e-08
5.2667159627611417e-07 5.3815337170197567e-10 2.2638497873451296e-08
5.2874721562334349e-07 5.3465289200941626e-10 2.2867704369121922e-08
5.2789225498468747e-07 4.7554143364644846e-10 2.2899107476395552e-08
5.2984814036850076e-07 4.9107847684001701e-10 2.2955532759226918e-08
5.2829848492511275e-07 4.0407919945076321e-10 2.2831414790786063e-08
5.3478607542142816e-07 5.0840258069801919e-10 2.3177269177131384e-08
5.2986256288770497e-07 4.1863214459075381e-10 2.3261013573868637e-08
5.3251091413497965e-07 5.1291813277011089e-10 2.3433375973733524e-08
5.3214880078542109e-07 5.1852118833822022e-10 2.3415667794844126e-08
5.3227934507754142e-07 5.210702631660079e-10 2.3539783732846244e-08
5.4108878221890218e-07 5.8224795818316442e-10 2.3903343929990801e-08
5.3403435751888222e-07 5.2909902595962491e-10 2.3606373558922402e-08
5.3785501307020404e-07 5.3456425860871397e-10 2.3836586039973646e-08
5.3857596229545087e-07 5.71184753044405e-10 2.3943598299582666e-08
5.4109445758972171e-07 5.2802198061874344e-10 2.4135158804906122e-08
5.4339170848548461e-07 5.8074536371792445e-10 2.4267445243846334e-08
5.450300370126987e-07 5.6471375969870112e-10 2.4372341958682128e-08
5.4679519528112879e-07 5.5538947004499904e-10 2.4414804942938886e-08
5.4728226545636068e-07 5.4841358423272227e-10 2.4299032495142647e-08
5.4948514856833762e-07 5.8097022049573654e-10 2.4530309759416962e-08
5.549679987899256e-07 5.5732708871929646e-10 2.4877284788754195e-08
5.5346026708464522e-07 4.9067678300048355e-10 2.4828289223091933e-08
5.5153108419175453e-07 4.5208909672137835e-10 2.4652605836897188e-08
5.5690957134901496e-07 5.5119161349658992e-10 2.49899418499188e-08
5.5834134829874098e-07 5.6863621124294856e-10 2.4943676458465474e-08
5.5827711599125906e-07 6.0344274537968124e-10 2.4873121601086862e-08
5.6261660007756788e-07 5.8257356009354257e-10 2.499022033222915e-08
5.6036505778369357e-07 5.2329088645746036e-10 2.4781295059468658e-08
5.6460548867527115e-07 5.5685361414562445e-10 2.5017813289384409e-08
5.6698568193460723e-07 5.1599247462761927e-10 2.5238063678932285e-08
5.6962236756999393e-07 4.8623729094268014e-10 2.5327782356517064e-08
5.7176715577282677e-07 5.3808915427634622e-10 2.5552493564815649e-08
5.7558706592204081e-07 6.5536766918874152e-10 2.5802489728773045e-08
5.7530430623970225e-07 5.3155914399022887e-10 2.5894928622449773e-08
5.8128501997934238e-07 5.759407052572322e-10 2.6408708595164797e-08
5.834418270903601e-07 5.492820724283866e-10 2.6559307196270777e-08
5.8294984880369836e-07 6.0890892338423894e-10 2.6560071596791757e-08
5.8693891379932367e-07 6.065178973847577e-10 2.6756852682235251e-08
5.8950783497710986e-07 5.6722235807905408e-10 2.6920910495004437e-08
5.907912740194155e-07 6.135313105889285e-10 2.7087839101425319e-08
5.9627051886735105e-07 5.9486813625764654e-10 2.7432661000219024e-08
5.9329858808512328e-07 6.3047036175475608e-10 2.7191451864115057e-08
5.9565937153128487e-07 6.2883745868466405e-10 2.7367373873502481e-08
5.996785799313381e-07 5.705764047826882e-10 2.7640639888495048e-08
6.0264044472704218e-07 5.6961270092544718e-10 2.8053239482341598e-08
6.0443589523967058e-07 6.0281822455794304e-10 2.8375160714936434e-08
6.0731210911249982e-07 5.8546986582207987e-10 2.8632180568967895e-08
6.0838724237834988e-07 6.0392641063666617e-10 2.8880111722867774e-08
6.1242749894143431e-07 6.1789804875755663e-10 2.8970133150109488e-08
6.1805293500258801e-07 6.358184376564973e-10 2.9528799679592114e-08
6.1862055277399648e-07 6.7405056027361168e-10 2.9629797530608609e-08
6.2233907387428361e-07 5.87466450423589e-10 2.99644739235003e-08
6.231805252854861e-07 6.5011111103113174e-10 2.995047878299328e-08
6.2456699277464978e-07 6.2828431101386752e-10 3.0121517354797145e-08
6.3290421433747905e-07 6.6829440738525197e-10 3.0509576784974288e-08
6.3743482328562325e-07 6.9113727151904388e-10 3.0811035942224116e-08
6.3809509344156872e-07 6.2447453872638285e-10 3.1092281829097751e-08
6.4088375974045506e-07 6.8560759997355941e-10 3.1561585173917971e-08
6.4736750631411805e-07 7.1905994827663225e-10 3.1975347636831393e-08
6.4507909898710579e-07 6.6267762464387114e-10 3.1936770175763125e-08
6.5261085008828972e-07 7.0028845395270726e-10 3.2228412090393114e-08
6.5285499425675319e-07 7.4153452463937802e-10 3.2352080220498746e-08
6.5957470505322188e-07 6.5645743403124626e-10 3.2671915957918453e-08
6.6380167264822132e-07 6.2409562047037623e-10 3.2806047036984775e-08
6.6419007549413205e-07 6.9522228217407894e-10 3.3006623925828519e-08
6.6953748757186841e-07 7.9636929921171703e-10 3.333503802550657e-08
6.7365036990649949e-07 7.672536486659551e-10 3.3546457882449901e-08
6.6940041151880345e-07 6.435543380642549e-10 3.3667744575104195e-08
6.7311369716349937e-07 6.7660617048286555e-10 3.3774888487362403e-08
6.838120892758342e-07 7.8216867383408747e-10 3.4371221407032688e-08
6.7910667179705201e-07 6.8289492499344452e-10 3.4007957785114804e-08
6.8787612887274572e-07 7.7252777458607441e-10 3.4363096007542741e-08
6.970374382178155e-07 8.2362082844331823e-10 3.4937815980943584e-08
6.9335436964468574e-07 7.6289558956994055e-10 3.4789391709959574e-08
6.9545099366914475e-07 7.5584712661933028e-10 3.4860452104922495e-08
6.998192556368066e-07 7.6666230981157164e-10 3.5147839416149672e-08
7.0250293634257084e-07 7.0697040379591468e-10 3.523054885741697e-08
7.0712190046265893e-07 9.2210857842137214e-10 3.5468379535183019e-08
7.1113895294841041e-07 7.6125393891471557e-10 3.574412623780794e-08
7.1798940609680353e-07 7.6897356637910482e-10 3.608542026692093e-08
7.1569364026912544e-07 8.3641636736509231e-10 3.6020416547582317e-08
7.2114988661430279e-07 7.5296954066546345e-10 3.6115902898194908e-08
7.2637809388967903e-07 8.6749986650026737e-10 3.6509408693290383e-08
7.2695471009016234e-07 8.1571347830353721e-10 3.6600266942858012e-08
7.3465614324202354e-07 8.8359164680645568e-10 3.7249704005345709e-08
7.2780660360376717e-07 9.0043363726400618e-10 3.6819546733468761e-08
7.3997606756788626e-07 8.2468544265969806e-10 3.7468923507390611e-08
7.4326036912806118e-07 7.9592488395569184e-10 3.773858758639665e-08
7.462298934285782e-07 8.5064871604475023e-10 3.7859731549234314e-08
7.5134610371474193e-07 8.3223070615450298e-10 3.8571959337400023e-08
7.5241534308819059e-07 8.7071428348105522e-10 3.8988120938589437e-08
7.6321049762328551e-07 1.0117648226278901e-09 3.9565305374228333e-08
7.6125931917390819e-07 9.2970016517520338e-10 3.9450025182108554e-08
7.6753581736569194e-07 7.6859142789540353e-10 3.9816939152162046e-08
7.6791147418440013e-07 8.3928947352120832e-10 3.9845223709708365e-08
7.7024155814865273e-07 7.7633503565516028e-10 4.0109829603988915e-08
7.7877293101743143e-07 8.8416637193135984e-10 4.0440842858065334e-08
7.8678027575901865e-07 8.8805467866938208e-10 4.090960586008465e-08
7.8278117620970974e-07 9.6018802328373853e-10 4.1166582160558768e-08
7.8349529028762524e-07 9.464384402621e-10 4.1525778548894707e-08
7.9155288794105017e-07 8.3374404476220231e-10 4.2449978149772795e-08
7.9306487346670957e-07 7.8692172050253468e-10 4.3114730080575577e-08
7.9826710865061761e-07 1.0149505282606058e-09 4.3265172809631393e-08
8.0174302802234537e-07 9.5183229770853653e-10 4.3692102706164649e-08
8.0856360704726856e-07 9.5085772079931304e-10 4.4351563473715791e-08
8.0958905905948581e-07 9.5538009291406326e-10 4.4433795271891928e-08
8.1794361793201012e-07 1.1105789631795708e-09 4.5215262770073938e-08
8.2481050335382971e-07 1.1045590680912031e-09 4.593946287472941e-08
8.2278357908165824e-07 9.1459447755139923e-10 4.6045714091641893e-08
8.250620762758886e-07 9.8695547134512384e-10 4.6514202474006778e-08
8.2790732710962666e-07 1.0202894920877143e-09 4.6482551772563034e-08
8.3555388312848451e-07 1.1159292565841348e-09 4.7373722539432034e-08
8.3933104654921311e-07 9.925483228279715e-10 4.7601386908269109e-08
8.3802520855650216e-07 1.1159365809020297e-09 4.7686350181669317e-08
8.471403404246548e-07 9.4260823712540813e-10 4.8277076613024002e-08
8.5651819103789413e-07 1.1044700771928742e-09 4.8763065034923726e-08
8.5384917951541412e-07 1.0814028382494119e-09 4.8917155060538127e-08
8.5791351553444643e-07 1.0992667240387122e-09 4.8811164683742265e-08
8.5801097586532789e-07 1.0616725197909671e-09 4.8888706679890299e-08
8.6121354331907001e-07 1.0996770699587029e-09 4.9371623634642403e-08
8.745924020682171e-07 1.201215445108589e-09 5.0176002247486278e-08
8.7308927409675499e-07 1.1036140824511837e-09 5.0060108708703594e-08
8.7597521212389523e-07 1.0343475723112737e-09 5.0298048591612425e-08
8.889734755548195e-07 1.0459769013701134e-09 5.1156614437039132e-08
8.8001419086618601e-07 1.2188920125640959e-09 5.084744414699439e-08
8.9737282206248124e-07 1.1179419479415548e-09 5.168122633633037e-08
8.9327595164713761e-07 1.0727847144611503e-09 5.1655638215222092e-08
9.0274951861885456e-07 1.1659846352706277e-09 5.2641466198479107e-08
9.0325834172338315e-07 1.2474271814852625e-09 5.3018563326722494e-08
9.1146364994965389e-07 1.107089681112008e-09 5.4087050377296039e-08
9.133635341955028e-07 1.0597034217250505e-09 5.4422927276735011e-08
9.0922809138397111e-07 1.1412351297423056e-09 5.4277815913313549e-08
9.2083062350676611e-07 1.1498712250001645e-09 5.5069721444205786e-08
9.2225192147727715e-07 1.2574340437227306e-09 5.5396543625636719e-08
9.315479640955446e-07 1.1401983574643746e-09 5.6286457266924079e-08
9.2816318312787288e-07 1.2589351215339053e-09 5.5779464222811449e-08
9.3237017861084457e-07 1.2728936388010884e-09 5.5894541756896692e-08
9.4515428835515208e-07 1.2917336779574517e-09 5.7195918930435635e-08
9.4814113011930627e-07 1.324168044177211e-09 5.7872850479633263e-08
9.4201596682679335e-07 1.1945022311316184e-09 5.8002831781514051e-08
9.6104921343719701e-07 1.228278024669057e-09 5.9662127618992573e-08
9.5222665032754803e-07 1.1868664648797262e-09 5.9367468513582567e-08
9.6249877661890697e-07 1.2944198963248369e-09 6.0284419737295114e-08
9.6333790936817254e-07 1.3875476875974468e-09 6.1017251599202694e-08
9.6824930337102194e-07 1.3861062087849641e-09 6.1892628121603383e-08
9.7230181884044221e-07 1.4513413311875071e-09 6.2302856240044961e-08
9.7310942632621562e-07 1.3289219985773679e-09 6.2540986437029713e-08
9.8180511601803587e-07 1.297558149763651e-09 6.3325994117514134e-08
9.8601844724483918e-07 1.2462968579734052e-09 6.3587591779051908e-08
9.9023355518959024e-07 1.4065476038005966e-09 6.3798869464730677e-08
9.9194306690099289e-07 1.4108723908320364e-09 6.4281880409848016e-08
9.9717680599644023e-07 1.4090609588369876e-09 6.5139551146091106e-08
1.0025884789113935e-06 1.4151366798204034e-09 6.528222930638513e-08
1.0151915819201786e-06 1.4829926143432449e-09 6.6792758542842072e-08
1.0099973306577259e-06 1.4514566945008957e-09 6.6635911561010829e-08
1.0198110106443042e-06 1.430438914718219e-09 6.7815733794532205e-08
1.0242367343482192e-06 1.3797161760097225e-09 6.8327060958255566e-08
1.0233250915256645e-06 1.3146863679505671e-09 6.7845859059705555e-08
1.0326395472595602e-06 1.3017436883474706e-09 6.8800597287143589e-08
1.0331747516836542e-06 1.353625119007874e-09 6.892269155619613e-08
1.0380600660277131e-06 1.5093156636138063e-09 6.9737777965947318e-08
1.0463919831089569e-06 1.4784612708349583e-09 7.0201339253805131e-08
1.0453343631572504e-06 1.6116510522970337e-09 7.0310871876237103e-08
1.0530255507824768e-06 1.3424206271625165e-09 7.0954934816386013e-08
1.0537542980327548e-06 1.5233754487022243e-09 7.0961197568348357e-08
1.0650884358579667e-06 1.5408708663764495e-09 7.1906755364500361e-08
1.0623266226756007e-06 1.5051575439865173e-09 7.1943545883176031e-08
1.0719717146790553e-06 1.6976471067348989e-09 7.2852144228232898e-08
1.0748571933692542e-06 1.4096127162201982e-09 7.346378167152399e-08
1.0768496275783888e-06 1.4042085382367718e-09 7.3922904104866281e-08
1.0815013230715518e-06 1.440518515848373e-09 7.4222729399960724e-08
1.0837870472118747e-06 1.4302575521365484e-09 7.4516270368793345e-08
1.0998472849817269e-06 1.5167935129260671e-09 7.5835456089361159e-08
1.0975649689232973e-06 1.4754647851557576e-09 7.5943370160377072e-08
1.1019230717284292e-06 1.4657298638729856e-09 7.6399086705193471e-08
1.1056679083497781e-06 1.4577937384303897e-09 7.698528361665263e-08
1.1101894970280096e-06 1.6599908635377837e-09 7.7548870070527596e-08
1.115347061759352e-06 1.3690369484337117e-09 7.8165609491182069e-08
1.1245187241234067e-06 1.6774690898072711e-09 7.9222030288945235e-08
1.1160144213839527e-06 1.5448367875281175e-09 7.8901809297191485e-08
1.1272110613892228e-06 1.3257808880347367e-09 7.9843078967036023e-08
1.1307076817907618e-06 1.4946405148956791e-09 8.0254527697984971e-08
1.13823550388737e-06 1.6602998217985506e-09 8.0909399955544794e-08
1.1495359446875291e-06 1.897952212818111e-09 8.1845141730357849e-08
1.1482934776507551e-06 1.6649582897969181e-09 8.1852653616561539e-08
1.1555041137190767e-06 1.6735909619613548e-09 8.2109172325173327e-08
1.1522463818039026e-06 1.4917423575469682e-09 8.2049875932075604e-08
1.1622526227578433e-06 1.7007778586156406e-09 8.2911470444032079e-08
1.1667048234020974e-06 1.6528039490909988e-09 8.3529481723623269e-08
1.167874644279386e-06 1.6074908206679791e-09 8.4001858111263748e-08
1.1742781619066734e-06 1.5479574286690666e-09 8.4691093031558681e-08
1.179647851889403e-06 1.7273059717942236e-09 8.4940725068141062e-08
1.1785821622482621e-06 1.664969675813261e-09 8.5229526742128556e-08
1.1867695082797709e-06 1.7112738053820686e-09 8.6177055419327729e-08
1.1926117170157235e-06 1.5743927194090526e-09 8.6707021466897379e-08
1.1948022576856711e-06 1.8406791683273319e-09 8.6603073782504228e-08
1.2076348312060284e-06 1.9192432350475324e-09 8.7423274039379134e-08
1.2140406004721379e-06 1.9371016770680326e-09 8.7940385948551473e-08
1.2168867904828476e-06 1.6629825368151478e-09 8.8097444993921424e-08
1.2168558542813529e-06 2.0074148484537117e-09 8.8644864489400424e-08
1.2266714462231206e-06 1.8144457677139133e-09 8.8762751930302714e-08
1.2269927614482312e-06 1.8067190152709742e-09 8.8824895192710523e-08
1.2317317972868035e-06 1.9226215818959465e-09 8.9030694861719612e-08
1.2393264550780849e-06 1.9727943908622966e-09 9.0149975744282251e-08
1.2429480069833312e-06 1.9476719661198885e-09 9.0561936294098343e-08
1.2504560256108016e-06 1.7979865003952174e-09 9.1485601592553927e-08
1.250235724566064e-06 1.9049149147716811e-09 9.1685899069346424e-08
1.2550333801118488e-06 1.882208103062066e-09 9.1468381317098974e-08
1.263306151733136e-06 2.0617665760439587e-09 9.15447658434145e-08
1.2699243618145878e-06 1.8224545241513113e-09 9.2333708859858969e-08
1.2734621350195905e-06 1.7544611304448741e-09 9.2911810408320468e-08
1.2757254522476575e-06 2.1069722739543822e-09 9.3530468206444503e-08
1.2890898143184221e-06 2.2061817999171393e-09 9.4644260574169159e-08
1.287982178302598e-06 1.9369659692002477e-09 9.4392259986696334e-08
1.2920932980470867e-06 1.9439876446053383e-09 9.476799048977312e-08
1.2963881409971434e-06 1.9903228988195379e-09 9.4936910218623746e-08
1.2995872774966132e-06 1.9258110432386413e-09 9.5328824559882508e-08
1.3083064388367666e-06 1.9753052554376049e-09 9.6556362306476516e-08
1.3142653044655458e-06 2.2063422129125023e-09 9.6683623137047829e-08
1.324535816492461e-06 2.1656085412227951e-09 9.792643831600826e-08
1.32474029848642e-06 2.2702373992403895e-09 9.7907352075192158e-08
1.3276918215319868e-06 1.9899843341194904e-09 9.8633101221464814e-08
1.3291052025145599e-06 2.2185831957638399e-09 9.9371274621397636e-08
1.3451356273237963e-06 2.2191000205138372e-09 1.0085250199685153e-07
1.3493937082293494e-06 2.2262514131812826e-09 1.0128702852900836e-07
1.3506501303656018e-06 2.262084550779879e-09 1.0200870958657531e-07
1.3581431562519576e-06 2.378052902588195e-09 1.0301875105379956e-07
1.3732019580008154e-06 2.3033697523396531e-09 1.0422337997240166e-07
1.3678593397888363e-06 2.135436266729377e-09 1.039943631342774e-07
1.3695897333762466e-06 2.192753067744028e-09 1.0404566736318879e-07
1.3763311605817012e-06 2.2702962019317214e-09 1.0509285028502367e-07
1.3821967389711687e-06 2.0223382415211122e-09 1.0631089198332188e-07
1.3941250264210722e-06 2.3378518044619825e-09 1.0829953022710013e-07
1.4046096961527589e-06 2.0899739446770857e-09 1.0930317655603941e-07
1.4081092387637183e-06 2.2272967388129511e-09 1.0997046299569802e-07
1.4061380876169474e-06 2.2111644345497838e-09 1.0996078599122599e-07
1.4183190456224019e-06 2.2608758554438271e-09 1.1154588339844197e-07
1.4209542067352438e-06 2.1405696891370958e-09 1.117529439803158e-07
1.4289340438354548e-06 2.1237320545923284e-09 1.1238033566916896e-07
1.4304279943490362e-06 2.1067191858506402e-09 1.1249764257989593e-07
1.445605705948184e-06 2.326216040340197e-09 1.136911175621155e-07
1.4496302784974489e-06 2.3733916566795003e-09 1.1400744750806749e-07
1.4528528830258919e-06 2.2542163912194883e-09 1.142606978627332e-07
1.4632733267979044e-06 2.665981435634839e-09 1.1508003328064055e-07
1.4641196459611303e-06 2.5489900291947701e-09 1.1514639708936849e-07
1.4743739138378775e-06 2.3815760362899164e-09 1.1595265462873863e-07
1.4711725153149147e-06 2.4150368645102333e-09 1.1570068574075888e-07
1.4859701810571304e-06 2.7527530239532937e-09 1.1686425824110607e-07
1.4904549131711269e-06 2.7348357126845644e-09 1.1721676431611942e-07
1.4985650098679027e-06 2.6565476858139389e-09 1.1785438549731386e-07
1.504813708170639e-06 2.6453084041271996e-09 1.1834561801398221e-07
1.5070437791571119e-06 2.2107209655902501e-09 1.1852080581661059e-07
1.5173016138390669e-06 2.5333060322013966e-09 1.1932733211563914e-07
1.523998691026431e-06 2.7850444806286666e-09 1.1985382256108579e-07
1.5383001974153334e-06 2.482281171361018e-09 1.2097835798138313e-07
1.5363313649832766e-06 2.8913169129753521e-09 1.2082332197657483e-07
1.5436508610642954e-06 2.5233617045756645e-09 1.2139875451612952e-07
1.5571886762227149e-06 2.5585393428579368e-09 1.2246322264002383e-07
1.5573023347663153e-06 2.71594151763044e-09 1.2247195734020095e-07
1.5582408488057404e-06 2.7177857352515238e-09 1.2254556688839831e-07
1.5711956242287786e-06 2.7451999375151777e-09 1.2356417078462548e-07
1.5796539161621757e-06 2.6489008712874406e-09 1.2422916107486617e-07
1.5896262552240576e-06 3.1411684620489425e-09 1.250132109039236e-07
1.5884326920751624e-06 2.8109689823579642e-09 1.2491914058875213e-07
1.6027844102997943e-06 3.0029355058026056e-09 1.2604760188375762e-07
1.6132234357747955e-06 2.9626559032608731e-09 1.2686834932330889e-07
1.6180886915316078e-06 2.8238244971063655e-09 1.2725076086595739e-07
1.6208293574451492e-06 3.0774964398375116e-09 1.2746608559509705e-07
1.6261570842093041e-06 3.103987880499681e-09 1.2788486497729411e-07
1.6383626140041072e-06 3.1398581513690954e-09 1.2884452641724556e-07
1.6474305004449201e-06 3.2077865414528493e-09 1.2955743655189638e-07
1.652193002288321e-06 2.6985523938134938e-09 1.2993176045115342e-07
1.6646981766890286e-06 2.7822300912673507e-09 1.3091498419886081e-07
1.685703888624141e-06 3.1696204915036791e-09 1.3256669936565104e-07
1.6891218940599317e-06 3.1204019296559617e-09 1.3283528358668226e-07
1.6818560854261588e-06 3.0067418079974846e-09 1.3226367306382648e-07
1.6863582698871499e-06 3.1612749624496089e-09 1.326175211547767e-07
1.7072202671879649e-06 3.2683455461746479e-09 1.3425792425575699e-07
1.7048591904308221e-06 3.1152914340484728e-09 1.3407202809263878e-07
1.7217434549516322e-06 3.1907935232703469e-09 1.3539961375127636e-07
1.7239627675807631e-06 3.1111722001428756e-09 1.3557392233785402e-07
1.7396824150882429e-06 3.0414131887593272e-09 1.3680991529524919e-07
1.7486769698990758e-06 3.521735876124532e-09 1.3751703326064068e-07
1.7463880305946884e-06 3.1197734156076455e-09 1.3733681257594544e-07
1.7585327437942415e-06 3.4902559491628087e-09 1.3829166008181128e-07
1.7761076092420056e-06 3.1291725270175401e-09 1.3967353034766764e-07
1.7706216168375221e-06 3.3303016265314981e-09 1.392418936458239e-07
1.799699275685935e-06 3.6686326024753901e-09 1.4152834070514366e-07
1.7929322308938663e-06 3.1181307290456267e-09 1.4099595782086294e-07
1.8096037983882439e-06 3.784089915805346e-09 1.4230678038297208e-07
1.8166379082665377e-06 3.6403499459792381e-09 1.4285971863569752e-07
1.8398705136678599e-06 4.040182759502203e-09 1.4468649395358579e-07
1.8306542988534328e-06 3.3478847872046807e-09 1.4396150871299532e-07
1.8471475534871253e-06 3.4328651998218895e-09 1.4525830219952772e-07
1.8659873551634449e-06 3.3958356115322593e-09 1.4673961924242255e-07
1.8626094844829956e-06 3.4019801615583795e-09 1.4647375903963084e-07
1.8753530649056979e-06 3.662452538873012e-09 1.4747567270427906e-07
1.8736643336544247e-06 3.4579018300359392e-09 1.4734263808078956e-07
1.8872625066047367e-06 3.6435530979673402e-09 1.4841175147174366e-07
1.9013675558275222e-06 3.1781441168174951e-09 1.4952072465143225e-07
1.9091815123493419e-06 3.8331954418628909e-09 1.501349638329351e-07
1.9357261130669509e-06 3.9416109645739917e-09 1.5222215597822017e-07
1.9339280024643493e-06 3.9164921276570632e-09 1.5208052343156423e-07
1.9401769198812081e-06 4.1909269305764393e-09 1.5257168750423779e-07
1.9644186855193664e-06 3.7177334068401058e-09 1.5447777649247316e-07
1.9547587275509723e-06 3.8918498492522084e-09 1.5371789680112593e-07
1.9841665960866557e-06 3.7730021824439302e-09 1.5603022524849384e-07
1.9838368044187812e-06 3.7278277360723506e-09 1.5600405356261851e-07
2.0034982649998004e-06 3.7431713117621286e-09 1.5754993921688101e-07
2.0056979125161448e-06 3.9191105322405198e-09 1.5772267036604228e-07
2.0154312125592251e-06 4.0867917234021293e-09 1.5848783288533878e-07
2.041987583518748e-06 4.8043114051957584e-09 1.6057590345761303e-07
2.0478972035155644e-06 4.1864774381216345e-09 1.6104037357400929e-07
2.0544723203793602e-06 3.7372016104939553e-09 1.615571717553559e-07
2.0756277686132328e-06 4.7343726499731572e-09 1.6322052083170052e-07
2.0765834969813275e-06 4.230711970942136e-09 1.6329542804523746e-07
2.1091321152522756e-06 4.5809101332614627e-09 1.6585468824644369e-07
2.1134424371192077e-06 4.7982618281662072e-09 1.6619338443233745e-07
2.1015714549836123e-06 4.2177191863648738e-09 1.6525964306755362e-07
2.1324481930214836e-06 4.8205517648388476e-09 1.6768741884215895e-07
2.1472357437754863e-06 4.7880482775196911e-09 1.6885000160364969e-07
2.1647913960244629e-06 4.5030808275452798e-09 1.7023024601268673e-07
2.1585090245640755e-06 5.2201663179271229e-09 1.6973597257879332e-07
2.1784790744296991e-06 4.755477124594065e-09 1.7130607645230948e-07
2.1996008727939806e-06 4.7855883026715139e-09 1.7296674408695139e-07
2.2145239431885735e-06 5.0678584737123977e-09 1.7413996024350697e-07
2.222773531530301e-06 4.7205732543766815e-09 1.7478840907978711e-07
2.2471394727157082e-06 4.7614727802833632e-09 1.7670416420825962e-07
2.2415660648587144e-06 5.132522769830333e-09 1.7626563911151778e-07
2.2733047849720231e-06 4.5651547761839485e-09 1.787611518134571e-07
2.2932425238900992e-06 5.0829214411530971e-09 1.8032868193464541e-07
2.2897478253941562e-06 4.8346857180222429e-09 1.8005360504618349e-07
2.3031989997060622e-06 5.1865728574612923e-09 1.8111106799211025e-07
2.3371265757245939e-06 5.5093446057106421e-09 1.8377867467450653e-07
2.3465906697359311e-06 5.2585925578535639e-09 1.8452260022547352e-07
2.3532946980764947e-06 5.7886768648230155e-09 1.8504949928659515e-07
2.3735815540026074e-06 5.9289698471048852e-09 1.8664446278889014e-07
2.3974206094903328e-06 5.5185532685256995e-09 1.8851874528970157e-07
2.4139501462579341e-06 5.7203887465452934e-09 1.8981824658269779e-07
2.4487592875184206e-06 5.2321395458364227e-09 1.9255513808078131e-07
2.4339316215258024e-06 5.5802384264983108e-09 1.9138891041582095e-07
2.4543143976883633e-06 5.9370174981042868e-09 1.9299139590425295e-07
2.4778054255619321e-06 6.1761396988109039e-09 1.9483829296660476e-07
2.5006255274447649e-06 5.8851037062304503e-09 1.9663242762116192e-07
2.5226908694106681e-06 6.9497778122006763e-09 1.9836720797462893e-07
2.5240635588747977e-06 6.0135297625829275e-09 1.9847485666521435e-07
2.5347422065558794e-06 6.4744372568721993e-09 1.9931425578617104e-07
2.5792313775672249e-06 6.6581615503723348e-09 2.0281227418411883e-07
2.5774556615789249e-06 6.755186188973434e-09 2.0267235250559236e-07
2.5817941914396294e-06 6.2430229858545299e-09 2.0301320653562356e-07
2.5959984481024691e-06 6.6465640280249262e-09 2.0412983030920973e-07
2.6291133817514577e-06 6.2301608469902754e-09 2.0673343405286384e-07
2.6306894796637051e-06 6.7998336051074825e-09 2.0685706875103888e-07
2.6524425094917392e-06 6.432499100212389e-09 2.0856726277332148e-07
2.6743366909947452e-06 6.619673343958942e-09 2.1028853845558072e-07
2.686445531504206e-06 6.6519354492179478e-09 2.1124038173590912e-07
2.6885149510723149e-06 6.8620728392145199e-09 2.1140280456904013e-07
2.7032539613533531e-06 6.2451025753226838e-09 2.1256144576760301e-07
2.6852842860255324e-06 6.4036386496241775e-09 2.1114816070436023e-07
2.7093166553755155e-06 6.8504349271896358e-09 2.1303755781938295e-07
2.7429054410609565e-06 6.654179764819048e-09 2.1567838832343798e-07
2.7555074032400529e-06 6.8414873629919507e-09 2.1666898246239082e-07
2.788939152210097e-06 7.6417804650436197e-09 2.1929744775795268e-07
2.7654842973549239e-06 7.7359746092392525e-09 2.1745286277043323e-07
2.7679292954308084e-06 7.7180262951187362e-09 2.1764479913507203e-07
2.777416193668938e-06 7.0392697481255063e-09 2.1839044944660138e-07
2.7921968668057596e-06 7.0543078899289796e-09 2.1955235506981531e-07
2.797182368044504e-06 6.8847499745962873e-09 2.1994406231059736e-07
2.8030126142291261e-06 7.9383937235617958e-09 2.2040218228757453e-07
2.7959541671448641e-06 7.4987324597649314e-09 2.1984686277582117e-07
2.8473333367640818e-06 7.7724503004101671e-09 2.238865046341544e-07
2.8283394518238748e-06 7.3682779408918955e-09 2.2239269700240349e-07
2.8593524284072843e-06 7.8422217757058952e-09 2.24830934150713e-07
2.8568312807204327e-06 7.2975533660255674e-09 2.2463237945146419e-07
2.8711022284884195e-06 7.6232115291797269e-09 2.2575418448553702e-07
2.864247889249336e-06 7.6350821353890546e-09 2.2521491606098887e-07
2.8965019517163736e-06 7.5369249149618253e-09 2.277507220697932e-07
2.8846087537733383e-06 7.2980761529425615e-09 2.268152498404918e-07
2.9210248046030695e-06 7.3389285669189893e-09 2.2967830555122831e-07
2.9039148171983566e-06 8.4818902759730891e-09 2.2833264124141062e-07
2.9274746612487717e-06 7.2657096182709726e-09 2.3018481465159948e-07
2.9336597333529391e-06 7.4641392122656256e-09 2.3067081655092273e-07
2.9205417675613455e-06 7.8157545422279787e-09 2.2963904952440599e-07
2.9478270597837223e-06 8.0158813896398183e-09 2.3178413629472021e-07
2.9384082579814197e-06 7.8688954758748942e-09 2.3104323130686784e-07
2.9591999917457067e-06 8.2762921190830911e-09 2.3267773102271487e-07
2.9794182466682325e-06 8.1377245213466328e-09 2.3426713448973735e-07
2.9808721616024571e-06 8.806759687242607e-09 2.3438113800244812e-07
2.9892023681314686e-06 8.4911556898797576e-09 2.3503580271743411e-07
2.989071730280135e-06 8.698720003231127e-09 2.3502521022626981e-07
2.9916632853170823e-06 8.3330886701266445e-09 2.3522865349639816e-07
3.018607269683195e-06 8.0800441496436756e-09 2.3734687772254752e-07
2.996380029514249e-06 8.1705236273977749e-09 2.3559886935433974e-07
3.0255568846624735e-06 9.2244601034888376e-09 2.3789266704730997e-07
3.0394958190362963e-06 7.7646609401856152e-09 2.3898832312504912e-07
3.0395117456864296e-06 8.8212618523687408e-09 2.3898924930203488e-07
3.0483220056115161e-06 8.2403274895039216e-09 2.3968164672500491e-07
3.0602147817049153e-06 7.9394518122108246e-09 2.4061641674943354e-07
3.0905005116298907e-06 8.1424698802484493e-09 2.4299737061106178e-07
3.11891916472103e-06 8.773855092744266e-09 2.452315251847029e-07
3.1174695972121025e-06 8.146182572361157e-09 2.451172160302355e-07
3.0967123734501906e-06 8.6076113738301001e-09 2.4348481121904472e-07
3.125138142703491e-06 8.9548073614303692e-09 2.4571950609584777e-07
3.1380132465444616e-06 7.9741659666981461e-09 2.4673150271898304e-07
3.1130256509941594e-06 9.5665928499334887e-09 2.4476648311228622e-07
3.1471163771498693e-06 9.009978098848044e-09 2.4744657302116806e-07
3.1705383061970434e-06 9.5928155605989681e-09 2.4928782178982727e-07
3.1830236330231099e-06 9.720443598452285e-09 2.5026916652166056e-07
3.2027652274358855e-06 9.710580174921646e-09 2.5182103635213811e-07
3.1970965528003403e-06 8.5075077383532575e-09 2.5137499166280075e-07
3.2274384207605486e-06 8.9434799889889474e-09 2.5376031496928833e-07
3.2291604019083973e-06 8.6503616131572812e-09 2.5389536439076026e-07
3.2638543650215567e-06 8.8050360034420921e-09 2.5662286474658415e-07
3.2759824545695972e-06 9.1020246135671192e-09 2.575761014729554e-07
3.2932176500616699e-06 9.5603493553460639e-09 2.5893088452984577e-07
3.3155792886171049e-06 9.2510310108750572e-09 2.6068873165787544e-07
3.3271933711843053e-06 1.04955242763043e-08 2.6160154931809663e-07
3.3222017135910061e-06 1.0015993908043814e-08 2.6120873147365161e-07
3.3460216653803808e-06 9.8559918599615878e-09 2.6308123268476665e-07
3.3678796284791904e-06 9.4206501180080509e-09 2.6479946393499885e-07
3.330323400873329e-06 1.0517388212134093e-08 2.618462612299061e-07
3.3509705662488167e-06 9.2056368387371972e-09 2.6346929488506208e-07
3.432125360086459e-06 1.0298173492199768e-08 2.6984971656318588e-07
3.4255563061815937e-06 9.6661127554789059e-09 2.6933287115485306e-07
3.4596788436547955e-06 1.0948978027592564e-08 2.7201538770585973e-07
3.470556290980441e-06 1.0822988268664676e-08 2.7287026097137746e-07
3.5044779091819841e-06 1.1966845003483912e-08 2.755369667896895e-07
3.5170097773695064e-06 1.0728440493640553e-08 2.76521910822943e-07
3.5039723095597e-06 1.1404696433512656e-08 2.7549649160276212e-07
3.5252967326623869e-06 1.1626674048518068e-08 2.7717274264631434e-07
3.5520321266733788e-06 1.0283757039464183e-08 2.792744207603507e-07
3.6090853138926684e-06 1.1770284734638719e-08 2.8375979184901424e-07
3.5857529614334856e-06 1.1883621105734738e-08 2.8192495169413962e-07
3.6619216253334964e-06 1.2501255844545649e-08 2.8791323318122033e-07
3.6653339148835899e-06 1.2188986345721854e-08 2.8818114831238587e-07
3.6957016088951456e-06 1.0711698758153416e-08 2.9056838666206727e-07
3.702046500761295e-06 1.2833523932845335e-08 2.9106686211768451e-07
3.7409669530514692e-06 1.2586106633992476e-08 2.9412653423512843e-07
3.7244520129693391e-06 1.1216094993572454e-08 2.9282770008035259e-07
3.7722158023561414e-06 1.1891063056071783e-08 2.9658265669017274e-07
3.8169486463490812e-06 1.3364083487448871e-08 3.0009929570616902e-07
3.8299420907086256e-06 1.3819837191417581e-08 3.0112048761590651e-07
3.8283973124491859e-06 1.2992248270030482e-08 3.0099864923921204e-07
3.9000464508420258e-06 1.2949233457315886e-08 3.0663150186333953e-07
3.9010538493596218e-06 1.3919369470011919e-08 3.0671031531542263e-07
3.9603350345121913e-06 1.2857628554584716e-08 3.113707424070076e-07
3.9745632412355497e-06 1.2852130277483762e-08 3.124890035869518e-07
3.9962304238461519e-06 1.4124527892636967e-08 3.1419212447058627e-07
4.0384054623414558e-06 1.3094734059540731e-08 3.1750761024890884e-07
4.0229361387667593e-06 1.5192138290856604e-08 3.1629097579729906e-07
4.0817144610094851e-06 1.398484215386245e-08 3.209118355936239e-07
4.122728968908035e-06 1.3345361059411783e-08 3.2413606211566642e-07
4.1904280881903461e-06 1.4996600261104692e-08 3.2945826813703395e-07
4.1796408433792334e-06 1.3245226158449551e-08 3.2860973717615318e-07
4.2335747505560726e-06 1.5177036970722891e-08 3.3284968233830282e-07
4.2355031342914412e-06 1.4069855449784082e-08 3.3300087965867796e-07
4.2526643559757603e-06 1.4209246422955303e-08 3.3434969514607245e-07
4.2580361073859492e-06 1.384525928215567e-08 3.3477160587433422e-07
4.3280791370532582e-06 1.4564911708853595e-08 3.4027804289625686e-07
4.3746364401492934e-06 1.6693005890143656e-08 3.4393799037273305e-07
4.4179347049659532e-06 1.57928569026826e-08 3.4734170662578289e-07
4.4348888477470936e-06 1.6104747930428975e-08 3.4867422025734928e-07
4.4704636275107457e-06 1.5727449930976698e-08 3.5147069700996449e-07
4.500127132978019e-06 1.7544976563056398e-08 3.5380241792517987e-07
4.5375037397508459e-06 1.6732983325478504e-08 3.567405405363203e-07
4.6568186146574314e-06 1.9000873503432327e-08 3.6612067709504469e-07
4.6241942081385829e-06 1.7499900166914819e-08 3.6355528042944235e-07
4.6911592893924423e-06 1.8478979649394379e-08 3.6881963699950941e-07
4.7064564185833633e-06 1.8034485584948728e-08 3.700218422163773e-07
4.7270097838244733e-06 1.8991808548954467e-08 3.71637282974858e-07
4.8118653834524655e-06 1.9854478743703782e-08 3.783081588051091e-07
4.8883031080465539e-06 1.9103401611318492e-08 3.8431720697175486e-07
4.8851857163378057e-06 1.9040472631465675e-08 3.8407164947562745e-07
4.9368059308757897e-06 1.9337959571707708e-08 3.8812953262184132e-07
4.961388965382787e-06 1.9401845355095056e-08 3.9006175868715163e-07
5.0300407810830843e-06 2.0113736453351246e-08 3.9545864540996186e-07
5.023028440792633e-06 2.0208721391481188e-08 3.9490684935739479e-07
5.0813363976179315e-06 1.9642684973117111e-08 3.994904914316172e-07
5.1655642705222766e-06 2.1815785392495373e-08 4.0611192085393166e-07
5.2103134955675318e-06 2.3103940258939402e-08 4.0962956293906757e-07
5.2675876238545375e-06 2.1207154839395753e-08 4.1413189052562263e-07
5.2722825381917847e-06 2.2850337749469159e-08 4.145004928517785e-07
5.3431036078770202e-06 2.2243837454000893e-08 4.2006785238873436e-07
5.3845024377490585e-06 2.4028085909131916e-08 4.2332205568060198e-07
5.4099127404684386e-06 2.4357440970451569e-08 4.2531926452609526e-07
5.4975379576524397e-06 2.5224140631315e-08 4.3220770646594443e-07
5.5303525167900307e-06 2.2099114138240646e-08 4.3478700248678737e-07
5.6065428331845747e-06 2.524142620176094e-08 4.4077642492138693e-07
5.644348603036434e-06 2.5818461838592944e-08 4.4374811014075963e-07
5.7171303010944869e-06 2.5407228773236708e-08 4.4946952689157596e-07
5.7142734632511119e-06 2.3288235378331334e-08 4.4924439227777484e-07
5.8779230634738527e-06 2.5550624445705088e-08 4.621096272548994e-07
5.7900821611283694e-06 2.3423306634390344e-08 4.5520321273697404e-07
5.9727399324174924e-06 2.7559927594049723e-08 4.6956279562239373e-07
5.9782132508299544e-06 2.6049014386947562e-08 4.6999253331801457e-07
6.0460150848734014e-06 3.0188723675721964e-08 4.7532238000779445e-07
6.0048854780540915e-06 2.959688680494035e-08 4.7208830226297755e-07
6.1563749180726728e-06 2.5707168397290074e-08 4.8399743397268462e-07
6.167028615325905e-06 3.225276210096212e-08 4.8483441773903065e-07
6.3132241969332999e-06 3.0127355835219001e-08 4.9632730799606106e-07
6.3968449031373416e-06 3.4545501767959808e-08 5.0290072219598676e-07
6.4555647946934477e-06 3.1587981610140776e-08 5.0751650679565824e-07
6.6061133062671245e-06 3.7711150238529971e-08 5.1935154064827574e-07
6.5784861173689321e-06 3.1711768883393489e-08 5.1717896929710914e-07
6.5150936264747027e-06 3.2701023800009807e-08 5.1219465393906321e-07
6.5843711330797103e-06 3.7177162490029903e-08 5.1764040522223991e-07
6.7220379579291178e-06 3.5100424013228861e-08 5.2846266822060677e-07
6.716858936655729e-06 3.4299921990833996e-08 5.2805488768042317e-07
6.8670118896961458e-06 3.7101741502051963e-08 5.3985872560317841e-07
6.8647201480947994e-06 3.2929363070070162e-08 5.396779269461741e-07
6.9471925572801326e-06 3.3852901816669017e-08 5.4616094556825159e-07
7.0778714413459804e-06 3.9132613215879789e-08 5.564337554344499e-07
7.1195925173146645e-06 4.0593591198608598e-08 5.5971303513854852e-07
7.1862569260802741e-06 4.3421410385290135e-08 5.6495325458110932e-07
7.1944870691293655e-06 3.5510101427309395e-08 5.6559961359149529e-07
7.2958298201976702e-06 3.619108092441424e-08 5.7356607298653479e-07
7.4069865738682764e-06 3.9420870326916519e-08 5.8230404897692575e-07
7.4389456324399569e-06 4.3496953563801082e-08 5.8481585242085034e-07
7.566277488733824e-06 4.6765364744416003e-08 5.9482540398712948e-07
7.5676282368515278e-06 4.567384952802695e-08 5.9493089741647982e-07
7.6176760507798388e-06 4.3032050556243182e-08 5.988647257373796e-07
7.7345785200829462e-06 5.020246860252105e-08 6.0805432997043419e-07
7.8196146348868155e-06 4.5191962058780493e-08 6.1473873836787301e-07
7.934883823376814e-06 4.5762581753025207e-08 6.2379988994679774e-07
7.8951474045089868e-06 4.8143441263824943e-08 6.2067529919359204e-07
7.9960188746304583e-06 4.6109874210108733e-08 6.286045616851599e-07
8.159264916867417e-06 4.8442747805428569e-08 6.4143736669295927e-07
8.1894034964413481e-06 5.2357532322561655e-08 6.4380595560664392e-07
8.3361569821739636e-06 5.0709442360559151e-08 6.5534214992633842e-07
8.4296750857929839e-06 5.3505940286721629e-08 6.6269326523069191e-07
8.4785853907683903e-06 5.580180122363185e-08 6.6653755564997598e-07
8.4574029340346203e-06 5.5995130053701658e-08 6.6487154297772916e-07
8.6319357721524194e-06 5.3810477002975223e-08 6.7859151973570253e-07
8.7870266557778445e-06 5.3552312201147444e-08 6.9078305339750034e-07
8.8277690356115866e-06 5.6642249525663176e-08 6.9398517968614345e-07
8.8566509251545683e-06 6.0832286344365073e-08 6.962549033928884e-07
8.9601222851756097e-06 5.6986773012796335e-08 7.0438838578150625e-07
9.275964972707011e-06 6.4360355967695655e-08 7.2921711210540835e-07
9.2492301766876269e-06 6.1988879282055286e-08 7.2711456192173456e-07
9.3127816498074357e-06 6.1746938879486833e-08 7.3210973992302092e-07
9.411058819721912e-06 6.6580987164781735e-08 7.3983481281228476e-07
9.4827016011045315e-06 6.4280203615852032e-08 7.4546603673419909e-07
9.5210822956786903e-06 6.0229632022757465e-08 7.4848242281822651e-07
9.5009022371764246e-06 6.5619707966780123e-08 7.4689516121846623e-07
9.7812582252967396e-06 7.0224937072619726e-08 7.68933940102802e-07
9.903913437110828e-06 7.0308581006429734e-08 7.7857536435801694e-07
9.9699827473011927e-06 6.8666393341902054e-08 7.8376837995149062e-07
1.0191602854415051e-05 7.8899802923474092e-08 8.0118965261763546e-07
1.0243092030076814e-05 8.1844249487272992e-08 8.0523645909097658e-07
1.0304861821516592e-05 7.3650275190466442e-08 8.1009143136992398e-07
1.0490617695461593e-05 8.009330329438932e-08 8.2469325443536425e-07
1.0488544765992521e-05 8.8093462651588329e-08 8.2452937421611309e-07
1.0539804452222066e-05 8.4847432708539948e-08 8.2855809640459951e-07
1.0658918487208481e-05 8.3300019627902097e-08 8.3792098586154628e-07
1.0871132585918034e-05 8.3868228935780904e-08 8.5460264676580948e-07
1.0986263544410221e-05 8.3340642600170307e-08 8.6365236876154328e-07
1.1044370536813341e-05 9.4731272774393106e-08 8.6821930652017802e-07
1.1204366572968667e-05 9.4925300997655867e-08 8.8079593484219117e-07
1.1359710202052986e-05 1.0005434226089243e-07 8.9300678652124906e-07
1.1428772311785997e-05 9.6861428464845951e-08 8.984348920188073e-07
1.167180019555181e-05 9.3334927153853855e-08 9.175387073507967e-07
1.1802224654651832e-05 1.1468449842085757e-07 9.2779055678414528e-07
1.1911383188721566e-05 9.8179024656260683e-08 9.3637062708238275e-07
1.1778145548353321e-05 9.3431795465512986e-08 9.2589560673345255e-07
1.2057118984555197e-05 1.1130685367400783e-07 9.4782504447344457e-07
1.2227047900495656e-05 1.0461392082427402e-07 9.6118230661558753e-07
1.2115348066848852e-05 1.0865156177493053e-07 9.5240040374247601e-07
1.2616560103308815e-05 1.1915359844060413e-07 9.9180011773395519e-07
1.273671730381451e-05 1.0820339658817593e-07 1.0012447017781669e-06
1.2750768248782095e-05 1.186803530062564e-07 1.0023481709997803e-06
1.2832476372646713e-05 1.267796998502496e-07 1.0087701966006034e-06
1.3204320380848684e-05 1.2778582840130705e-07 1.0379999909948256e-06
1.3276628278760998e-05 1.2396783047024885e-07 1.0436830200640891e-06
1.3199807405589114e-05 1.3026618974879741e-07 1.0376429593061358e-06
1.3492108250822178e-05 1.2631172497245839e-07 1.0606197049930989e-06
1.3764263786510895e-05 1.3763357493332842e-07 1.0820127761661495e-06
1.4100593749596805e-05 1.4649951173749223e-07 1.1084505802170371e-06
1.3925535305155816e-05 1.3847264408120219e-07 1.0946880042250314e-06
1.4384943623585421e-05 1.4232772365102235e-07 1.1308009124695927e-06
1.4287701916698773e-05 1.3108809639793247e-07 1.1231555310749409e-06
1.4105927481296588e-05 1.4165339002760021e-07 1.1088650598466108e-06
1.4274917844140773e-05 1.3961271592256708e-07 1.1221481401876578e-06
1.4519183665518488e-05 1.5037958429129855e-07 1.141348595867731e-06
1.4745792287491724e-05 1.6138185968305859e-07 1.1591609803835149e-06
1.5002442699045819e-05 1.6781482083362122e-07 1.1793348974381737e-06
1.543881706418348e-05 1.7294392053752424e-07 1.2136367705566593e-06
1.5537259268871052e-05 1.7439220508952793e-07 1.2213739609516812e-06
1.5565856423146739e-05 1.6243867694598752e-07 1.2236206458524057e-06
1.6038795501936985e-05 1.9409310796556079e-07 1.2607966837405258e-06
1.6124782996507949e-05 2.0067639595705357e-07 1.2675547460119058e-06
1.6053641625551562e-05 1.6335609085736077e-07 1.2619610429654971e-06
1.6334332371146945e-05 1.7688626797845527e-07 1.2840244790731143e-06
1.6699664939057714e-05 2.0536433413094939e-07 1.3127414910001794e-06
1.6703264411090857e-05 1.9807281460316328e-07 1.3130230438289761e-06
1.6689242376871102e-05 2.134321467221331e-07 1.3119193927698307e-06
1.7288611209927862e-05 2.1158426078784309e-07 1.3590335422062368e-06
1.7249618083828033e-05 1.9246181899299654e-07 1.3559668990928557e-06
1.7591383406324855e-05 2.1437691035948248e-07 1.3828311161611115e-06
1.7667556637406858e-05 2.0358727314891815e-07 1.3888174918287626e-06
1.805747815838205e-05 2.3169333660221405e-07 1.4194670696634521e-06
1.8511609062412456e-05 2.2262942884958664e-07 1.4551639840911004e-06
1.814525024622763e-05 2.2336251412022145e-07 1.426363683942892e-06
1.82127691271617e-05 2.2711009787610948e-07 1.4316696870827276e-06
1.8763186672735195e-05 2.6040405524607029e-07 1.47493537012059e-06
1.917811108434034e-05 2.9927851638868905e-07 1.5075501380361841e-06
1.897127074385621e-05 2.6651690805077374e-07 1.4912892966459242e-06
1.9709587274168285e-05 2.7573140275396848e-07 1.5493250799571855e-06
1.9902186557390433e-05 2.6035033872752923e-07 1.5644632213988199e-06
1.9784273500926804e-05 2.7164228565657615e-07 1.5551927453103328e-06
2.0466937036510532e-05 2.8416522019869112e-07 1.6088535399186238e-06
2.0857160886225055e-05 3.0459475527025438e-07 1.6395263377504808e-06
2.0866853728414307e-05 3.175660647106812e-07 1.6402865383140075e-06
2.1912461183005003e-05 3.1602148716505018e-07 1.7224771064531143e-06
2.1433420346858706e-05 3.1389268578148082e-07 1.6848192753244868e-06
2.1726948581556689e-05 3.3698050950151655e-07 1.7078909115502709e-06
2.0921757005702655e-05 3.0196194716895666e-07 1.6445954815572584e-06
2.2574860248909478e-05 3.2849548392566708e-07 1.7745390373191802e-06
2.1994304428361819e-05 3.1725805636933999e-07 1.7289015711742274e-06
2.2958227770022372e-05 3.8061199521455594e-07 1.8046706391313301e-06
2.3018643180586839e-05 3.5660948222512223e-07 1.8094178134214547e-06
2.3029894061317818e-05 3.8720240786317159e-07 1.8103003243296675e-06
2.370076871525679e-05 3.8525597343699192e-07 1.8630335539227567e-06
2.4893474649301288e-05 4.8357284075295328e-07 1.9567859116489046e-06
2.467391508600192e-05 4.1176392806810683e-07 1.9395251371299969e-06
2.5119645966653921e-05 4.7164770491375003e-07 1.9745603713529426e-06
2.5223753027594411e-05 3.6962730767774678e-07 1.9827417723053867e-06
2.5246051483261798e-05 4.1131394564635518e-07 1.9844925298036523e-06
2.6200009036376295e-05 4.658363757696823e-07 2.0594772555769011e-06
2.5799746179895021e-05 4.7485163472670317e-07 2.0280121288900638e-06
2.6662978869782076e-05 5.0308547276658867e-07 2.0958651548480063e-06
2.7716134581843391e-05 5.4355641441166791e-07 2.178647115860561e-06
2.6578065830120731e-05 4.9199436820943791e-07 2.0891862410008218e-06
2.7397146138262497e-05 4.7949854511038707e-07 2.1535683652129415e-06
2.8290096112162969e-05 5.9311795025501185e-07 2.2237569633443012e-06
2.8318338726308079e-05 5.7898590781125068e-07 2.2259747398048299e-06
2.8367742884474034e-05 5.3390152907823919e-07 2.2298558770465063e-06
2.9411191976563515e-05 5.9034601062244112e-07 2.3118741969719511e-06
2.9778542232436491e-05 5.5118884627404883e-07 2.3407474843070268e-06
3.0260641934787887e-05 5.9237689983950059e-07 2.3786406133644251e-06
3.0577501537113478e-05 6.3701846901213923e-07 2.4035449563188511e-06
3.1045478971132597e-05 7.1076959738530001e-07 2.4403278562691468e-06
3.2700757289925459e-05 6.7562952828122352e-07 2.5704382960948135e-06
3.2077009017127897e-05 6.0872870296863874e-07 2.5214060887401499e-06
3.1816328004965597e-05 6.8038394784028885e-07 2.5009128231631844e-06
3.4207003574587769e-05 7.6962201820994764e-07 2.6888284276610113e-06
3.2591539458627705e-05 6.7348333821233571e-07 2.5618429254950238e-06
3.2607015344884896e-05 7.3822141380528613e-07 2.5630568037859735e-06
3.3518602003667273e-05 7.7700687911141321e-07 2.6347089439229274e-06
3.4001488566930743e-05 7.6059161795276759e-07 2.6726632691118726e-06
3.6910665318031676e-05 9.5181882724167093e-07 2.9013341738700141e-06
3.4251254722747955e-05 8.4261114318223667e-07 2.6922905766196801e-06
3.7905827920515122e-05 9.5495015124594372e-07 2.979552195897299e-06
3.7234906027326063e-05 9.3045340904430766e-07 2.9268120795240664e-06
3.773114539304497e-05 9.6921755401356683e-07 2.9658155057695522e-06
3.9251257885563043e-05 1.1038445216980576e-06 3.0852992033600348e-06
3.9937708270163507e-05 9.4017443415937541e-07 3.1392537320878615e-06
3.9858486509144579e-05 1.0625449437970854e-06 3.1330234710309222e-06
4.0454572723526959e-05 1.0645811738575355e-06 3.1798748451791339e-06
4.0648967546362543e-05 1.2356400091755989e-06 3.1951518337863219e-06
4.1286080241504614e-05 1.1084551304132851e-06 3.2452279278880319e-06
3.9260111298126301e-05 1.1257651373112966e-06 3.0859767523275694e-06
4.3228283576013176e-05 1.373851011315456e-06 3.3978850250951734e-06
4.6381208355595881e-05 1.5144293702714862e-06 3.645711665202877e-06
4.6529526275332742e-05 1.4151900586997275e-06 3.6573663178893224e-06
4.5363241429457473e-05 1.4078795275137755e-06 3.5656891600225134e-06
4.6982457011516153e-05 1.5206791892130113e-06 3.6929608438940704e-06
5.019631732546711e-05 1.7339900675431365e-06 3.9455759269151006e-06
4.8295117064440286e-05 1.4822195076051556e-06 3.7961323321051756e-06
5.2547443726836602e-05 2.006584526232361e-06 4.1303731674033715e-06
5.0315856501149364e-05 1.7244255264749648e-06 3.9549603728386127e-06
4.868400139016985e-05 1.6850998962027238e-06 3.8266884978011062e-06
4.9168059528029242e-05 1.438605406882022e-06 3.8647328904085944e-06
5.4660900240484489e-05 1.9081234309256093e-06 4.2964797694017173e-06
5.302285117070876e-05 2.0485922849791351e-06 4.1677210641338262e-06
5.4716304572347888e-05 2.1178924875983124e-06 4.30082630052964e-06
5.2211107663751888e-05 1.9326535298936981e-06 4.1039081112980041e-06
5.4440946460166947e-05 1.940712794412009e-06 4.2791741834909501e-06
5.5504756131339456e-05 1.9239755803688406e-06 4.362787634165654e-06
5.9775282621903998e-05 2.5046171343140809e-06 4.6984551930865926e-06
6.0691532464012212e-05 2.4218418448948696e-06 4.7704695717271441e-06
6.1555551136338189e-05 2.4054503276711673e-06 4.8383784408340901e-06
5.7019420098737614e-05 2.1832402066043962e-06 4.4818258940940869e-06
6.5147065113917789e-05 2.7937283451608603e-06 5.1206680636967513e-06
5.9854231093256869e-05 2.0920203423400782e-06 4.7046378721431299e-06
6.3038129706368491e-05 2.7613107096025004e-06 4.9548926053637303e-06
6.0258960765670924e-05 2.4315143357512949e-06 4.7364411540738224e-06
6.7526289412951128e-05 2.7698360190983406e-06 5.3076585516224355e-06
6.7016357778239432e-05 2.9410944872052769e-06 5.2675721605644907e-06
7.2896674917554178e-05 3.7584539751273134e-06 5.7297671593576763e-06
7.058377602154261e-05 3.4382745327910717e-06 5.5479651598884541e-06
7.0675340401778308e-05 3.674182752322216e-06 5.5551568796471583e-06
7.8845655740176563e-05 3.9646772327953588e-06 6.1973463637671218e-06
7.2870556068967455e-05 3.9869468890187381e-06 5.7276921214069815e-06
7.913141104909801e-05 4.3015727782297092e-06 6.2197951445911243e-06
7.2015382258654113e-05 3.1931003736343522e-06 5.6604638579533347e-06
7.9309239357881045e-05 3.8305957569025522e-06 6.2337606798804769e-06
8.1561676226687955e-05 4.4303337634584459e-06 6.4107975727441623e-06
8.045426063923895e-05 4.6116660502259652e-06 6.3237480244734743e-06
7.8797761040972589e-05 4.4463673363242421e-06 6.1935403849077991e-06
7.4764057752688189e-05 3.5093171745498585e-06 5.8764837691328489e-06
7.6873164387395834e-05 4.1098231424936706e-06 6.0422546247135908e-06
9.1788188276709093e-05 5.8216692158422467e-06 7.2145732875612149e-06
8.9050705099803762e-05 5.5882048916736785e-06 6.9993998146884682e-06
8.4534671290932442e-05 5.1546331478065691e-06 6.644432516212297e-06
0.00010377381830200657 7.2284321144086506e-06 8.1566235272583284e-06
9.0745524082332598e-05 7.8578423039811507e-06 7.1325926498979312e-06
8.8262458525510356e-05 5.0372407312120745e-06 6.937417233096466e-06
0.00011489677717946414 9.4911503300799861e-06 9.0308626219844768e-06
9.481015443056127e-05 5.7669362611401991e-06 7.4520512026523475e-06
8.7429469264284094e-05 5.0896189686276486e-06 6.871925001539763e-06
0.00010469109273430177 7.9578122721104623e-06 8.2286745829040035e-06
0.00010388983073296956 6.8344072285172582e-06 8.1656881100772281e-06
0.00010710555350733396 7.7682715367219888e-06 8.4184343981842527e-06
0.00010370269793320125 6.9265705065129456e-06 8.1509642797517384e-06
9.9943234062003803e-05 6.5613917530200751e-06 7.8554655100838495e-06
0.00012157868562614376 9.4621257251594688e-06 9.5559873066396225e-06
9.6351892562901559e-05 6.4380039078523387e-06 7.573174505067389e-06
0.00012154906840674693 1.0227244354680025e-05 9.5536415346837847e-06
0.00012239082082118611 1.1189435565732112e-05 9.6197934550375188e-06
0.00016217038940170711 1.9317386888749571e-05 1.2746414896101133e-05
0.00010901608228612693 7.3572424140185182e-06 8.5685367049252331e-06
0.00011997453369927604 1.0236913402349636e-05 9.4298493397969058e-06
0.00012485481909211155 9.8900775372144151e-06 9.8134246252771371e-06
0.00012417918090483433 1.0185320961788165e-05 9.7603111984153813e-06
0.00012632412494086384 1.1028031775054672e-05 9.9288916291382459e-06
0.00013751338978583186 1.2393158326124438e-05 1.0808341358851697e-05
0.00012797350589414155 1.1524478745568972e-05 1.0058511853731288e-05
0.00015818730511789249 1.8724237217673085e-05 1.2433256394367039e-05
0.00014395862854532708 1.4034138034688195e-05 1.1314895846636204e-05
0.0001453834934406351 1.5579413018309492e-05 1.1426877149448809e-05
0.00015932731566842967 1.562395525819148e-05 1.2522824523339578e-05
0.00017944474515979355 2.1109674171247759e-05 1.4104003281516571e-05
0.00017958359027218281 2.2291603901138752e-05 1.4114903163819365e-05
0.00016113150969389691 1.6639593298516023e-05 1.2664595815071249e-05
0.00019310057400535782 2.3086250662775962e-05 1.517728259046673e-05
0.00015313993408900981 1.6332914046709465e-05 1.2036452585482274e-05
0.000162713377848912 1.6866266555228354e-05 1.2788891978740747e-05
0.00016656915644846425 2.0997223781466701e-05 1.3091935009834744e-05
0.00014991323272659369 1.5411324787032062e-05 1.1782808745118287e-05
0.00016878109124550747 1.7527099911191015e-05 1.3265763610589217e-05
0.00016461125557203681 1.5837354981028321e-05 1.2938013122874199e-05
0.0001852984298859993 2.323538537523235e-05 1.4563957528365656e-05
0.00020380335450300338 3.3751936708437693e-05 1.60183801801166e-05
0.00018103916256484659 2.3613824080625271e-05 1.4229164623875645e-05
0.0001909519614852303 2.483473741568897e-05 1.5008268833970072e-05
0.00020738511698335378 2.9814640604036634e-05 1.6299852160773865e-05
0.00019435141926741714 2.7095787977004834e-05 1.5275428395207473e-05
0.00017281359472505765 1.9286927207814753e-05 1.3582608963963619e-05
0.00021053652131108538 3.2140727736231987e-05 1.6547498078758145e-05
0.0001941310794313698 2.7199347197471645e-05 1.5258068796591274e-05
0.00017414083695417283 2.1408055589322624e-05 1.3686888725574377e-05
0.00027064283188532471 5.1342120455541663e-05 2.1271604073984725e-05
0.00025475064975603482 4.5372998876301827e-05 2.0022514730674644e-05
0.00019593892182608115 2.9921790154051256e-05 1.5400103451283135e-05
0.00023580968605446347 4.6961679951048814e-05 1.8533787272267546e-05
0.0003417370216198236 0.00010469963923178181 2.6859268055303467e-05
0.00028307246189827081 5.779765300270035e-05 2.2248429926619548e-05
0.00023655705037798179 4.1655739132726243e-05 1.8592476964502678e-05
0.00025868524870450711 4.9344628993916638e-05 2.033165021091875e-05
0.00035151565463967249 9.8620962749824403e-05 2.7627732711563357e-05
0.00026794332810253481 5.5609219903932733e-05 2.1059261141411446e-05
0.00022762279205598048 3.8370121730040836e-05 1.7890214110021738e-05
0.00020493379680269248 3.1163076316896473e-05 1.6106938282554688e-05
0.00028229726788576515 6.6641241117560625e-05 2.2187363118436947e-05
0.00024690655339495976 4.304959052957925e-05 1.9405786214861703e-05
0.00030579708341810534 8.5547781603563595e-05 2.4034305599561533e-05
0.00022559461585086718 3.920580816700981e-05 1.7730728500054983e-05
0.00024588714222459454 4.9412623939029932e-05 1.9325613219740647e-05
0.00027270365062135574 6.0987340491988781e-05 2.1433249690742088e-05
0.00027332194105800787 5.943446640513727e-05 2.1481825397640257e-05
0.00023185518298771322 3.8189951478414445e-05 1.8222716171288481e-05
0.0002985272195453528 6.9963894091025996e-05 2.346280038481021e-05
0.00027106123475550552 8.5065801596125943e-05 2.1304087465866257e-05
0.00027902773428856793 6.8865397053247132e-05 2.1930195896962184e-05
0.00025904114894026073 5.2966888838761965e-05 2.035933134563432e-05
0.00025492561297101805 4.7387448543511272e-05 2.0035853201638857e-05
0.00022406800967241183 3.730236452057974e-05 1.7610587298726194e-05
0.00024753482230111608 4.4126864524345095e-05 1.9454940186650512e-05
0.00027524750964203669 6.4426769381955955e-05 2.1632993344492167e-05
0.00029150175587446957 7.3571602781680368e-05 2.2910470390108876e-05
0.00039150827136729679 0.00012810360627857022 3.0770417364766634e-05
0.00028886492372568427 6.8634199991611495e-05 2.2703189579002063e-05
0.00028632188714493442 5.3827448180526055e-05 2.2503300939303931e-05
0.00028627993284053579 5.4983622246626036e-05 2.2499983923241188e-05
0.00028623933190079513 5.4141019688368207e-05 2.2496772845654623e-05
