0 0 0
0 0 0
-0.0080455464908287273 0.18956834459683256 0.0010286336543198005
-0.0078620617369769014 0.21080655720643726 0.00099205317068959669
-0.0046580946315474521 0.14026530219046565 0.00058088814891457837
0.0018974912441080845 0.034593800615679418 0.00023410690188454823
-0.0008514562456248088 0.057931720813241043 0.00010409698989339737
-0.0010064853038378061 1.6180479143364705 0.00012204161225542383
0.015423347180115808 0.24147672028325495 0.0018562875229674565
0.0029985381264917188 1.2507269571040558 0.0003586101958668247
0.0032707551952334529 0.14589165289894562 0.00038900881216184205
0.0097240729578747451 0.22942167346109188 0.0011509944570396076
0.0038775157018614858 0.24967318241388659 0.00045705933669032997
-0.0015285161363870808 0.103289931598948 0.00017952773009876196
0.0033783881654782574 0.4239244964551539 0.000395660241529039
0.010245985219864537 0.82302789227420203 0.0011965489473012428
0.0038974257681346908 0.086175316993605769 0.00045412618858085683
0.014352311851203286 3.9063983777290496 0.001669125674616031
-0.0096519791200510296 5.9119663427722218 0.0011209071637163972
0.11391327640736067 0.36908317567461973 0.01320823078571709
0.0047574406672255664 0.33670762312477581 0.00055099370598812468
0.039966396230350393 2.1032897365089203 0.0046243891241112148
-8.0828243038201342e-06 0.27039234220104619 9.3469658821617174e-07
0.0050732047977594813 0.00026842626081991942 0.00058616570927824848
0.0046766861988025024 7.5449323084048761e-05 0.00054007048499101395
0.0049282623831630266 7.9815636090016591e-05 0.00056888777102760723
0.0048185703510837258 7.5021313141226381e-05 0.00055604682120888012
0.0049496052873346137 7.7563063130092533e-05 0.00057102886807185247
0.0051237181807867044 7.9927845793714792e-05 0.00059101136074318252
0.0051967239507040974 7.7578902108525475e-05 0.00059935921128300557
0.005455685708877259 8.5655201498425983e-05 0.00062917746114368104
0.0054447780887933095 8.8199486033477422e-05 0.00062789244220061273
0.005592528107855912 8.9894579306627629e-05 0.00064491921901967922
0.0053897747657505575 8.0144093215796434e-05 0.00062153638668598174
0.0057739876691369051 8.5945656009526992e-05 0.00066584495638823344
0.0054686071240735417 8.7563986392029053e-05 0.00063062870355415877
0.0057668442984138719 8.5051455441048532e-05 0.00066501240258103652
0.0058509324691624733 9.3604778365623766e-05 0.00067469322056936309
0.0059206759930217163 9.250060103869284e-05 0.00068271722113348707
0.0060043224836041804 0.00010312753927884499 0.00069234585153715809
0.0060628178778145414 9.7146483433192886e-05 0.00069907549311383434
0.0061021436491611692 0.00010159026723931577 0.00070359465118837545
0.0062098162919821294 9.6451591666165445e-05 0.00071599344608417215
0.0062076528187383906 9.408395731242394e-05 0.00071572766713342716
0.006557556002622012 9.5460275193183221e-05 0.00075605353359658621
0.0066171536002522192 0.00011185778275670065 0.00076290763657904735
0.0064453057886924145 0.000106261442563623 0.0007430781639777038
0.0066499919021161518 0.00010599280198619944 0.00076665886662747608
0.0067689976097620296 9.4767096778343839e-05 0.0007803611177626651
0.0069812653568921881 9.2746611113263166e-05 0.00080481501481625354
0.006937083148973437 0.00010013910624587725 0.0007997045655859723
0.0069536654066557086 0.00010398395051719506 0.00080159740253502607
0.0068758435256294362 0.00010421855473006865 0.00079260500143177
0.0070477863766798491 0.0001069146065373034 0.00081240551264112951
0.0071285472383370452 9.9161051206349865e-05 0.00082170365880562173
0.0071846962960694302 0.00010618318344074642 0.00082817619092681886
0.0072774929609788434 0.00010353628833808761 0.00083887512500217798
0.0073985971653866382 0.0001135409163131797 0.00085282761178085873
0.0074202676932043935 0.00010340605929200112 0.00085530681276200008
0.0075886010865129361 0.00011012701305483283 0.00087468634102222235
0.0074097721673415098 9.8059649535705689e-05 0.00085405302421130702
0.007578000190464158 0.00010541560179476725 0.00087342429250280315
0.0076578023557316412 0.00010059301326690817 0.00088260367963096796
0.0078443750810889539 0.00010239757582819702 0.00090408754427396979
0.0080201099807855319 0.00011206135728709066 0.00092432080059663062
0.0080151793688348315 0.0001076367145552251 0.00092373164738699287
0.0080773867354052738 0.00010688495430223434 0.00093088019896765141
0.0082104225870459659 0.00011199967148871151 0.00094619155283659192
0.0083654839039329302 0.00011704712143848208 0.00096404133169869662
0.0081500074543638668 0.00011955664874603987 0.00093918947146493848
0.0082726072371948293 0.00010632722723682517 0.00095329413745233373
0.008344437593597695 0.00010422398210542798 0.00096154605227479807
0.0085236742934613526 0.00011864115734914962 0.00098218004363275933
0.0084767850086837297 0.00010711749660934499 0.00097677087795714043
0.0086405263399731511 0.00011318884076276845 0.00099564173609018882
0.0088097156713762923 0.00010556393780607651 0.0010151364261330863
0.0090069726291150936 0.00010853791429795304 0.0010378503780111572
0.0088685818338601532 0.00010806240910314998 0.0010218786662508192
0.0091170800260829184 0.00010716239465962394 0.0010504845707260968
0.0091055750663286278 0.00011039837109182091 0.0010491355951196756
0.0089157914836505633 0.00011401415739202253 0.0010272477603570011
0.0092524626792595457 0.00012096129983549394 0.0010660153186165438
0.0092201595320061287 0.00011149664543781941 0.0010622703013230311
0.0097174204325014332 0.00011235616451361088 0.0011195364346191737
0.0097556238500071963 0.00011048673262529612 0.001123914852757166
0.0097610250348592002 0.00011583876784934407 0.0011245131959427622
0.0097632088614038291 0.00010802992597097079 0.0011247372908331466
0.0098888233388014102 0.0001148280633756108 0.0011391789044712759
0.010102444773790444 0.00011407314642006519 0.0011637656804455994
0.010241732638086868 0.00012145700174164853 0.0011798051988818408
0.010342685331038316 0.00012298511736709021 0.0011914383927413247
0.010379276654931305 0.00011982375253352481 0.0011956515895929719
0.01070442538277289 0.000132117757897873 0.0012330879519616559
0.01083111792384215 0.00011955832659482609 0.0012476513329468071
0.011080358551203158 0.00013639156815213632 0.0012763292152577221
0.011151195926940629 0.00012026364814863972 0.0012844605530974368
0.011177311018433828 0.00012296221080529318 0.0012874429471543066
0.011382051200737861 0.00013287071227818266 0.0013110001936770413
0.011677924059020297 0.00012409192477917251 0.0013450514630262173
0.01151297625936981 0.00012403007108886571 0.001326021837773646
0.01191843549203565 0.00012404475977538946 0.0013726855726430875
0.011896300754783862 0.00012717498009414129 0.0013701069147073926
0.012328978808276386 0.00012344864987670189 0.0014199259920512958
0.012452957750173793 0.00013319979048977536 0.001434207836135077
0.012306943447753139 0.00013461471716400781 0.0014173927948722162
0.012573297561363436 0.00012078963027072259 0.0014480516655279673
0.012520399070993312 0.00012783078300191992 0.0014419264850664385
0.013042172066435353 0.00013830155647804403 0.0015019794600560992
0.012830332852195498 0.00012959164184264902 0.0014775522007245891
0.013183697874207336 0.00012909333432787606 0.0015182155158739432
0.013192086076953786 0.00013445462985510785 0.0015191463100912078
0.013524883351463996 0.00014209327666762187 0.0015574311350856039
0.013369985263222165 0.00012655693143023974 0.0015395662935381144
0.01362231897592709 0.00013403467441701713 0.001568616202519364
0.013830419362732339 0.00013633626261599815 0.0015925843808371476
0.013915211117205535 0.00012254897430890991 0.0016023443732240163
0.014020654941646178 0.00012585078389522474 0.0016144597400762424
0.014073370265692515 0.00012792603860481666 0.0016204903718608254
0.014433575302284047 0.0001327608427566935 0.0016619272527590822
0.014452505519176944 0.00013084307093630415 0.0016640735763753221
0.014364666400982877 0.000133552937317179 0.001653925927168167
0.014581332806583738 0.0001284238381114855 0.0016788318154058728
0.014663334877268487 0.0001207060742244848 0.0016882338375925812
0.014756510431555575 0.00012005074579242392 0.0016989383211234172
0.014886549119978092 0.00012050522587361061 0.0017139095979487999
0.015238951828015934 0.00012880992825468071 0.0017544872399851837
0.015235862573954061 0.00012594390200943142 0.001754119396067019
0.015541033084056256 0.00012868247407340428 0.0017892184159113002
0.015567864806540635 0.0001303267634570646 0.0017922630866067291
0.015837440405692686 0.00012599599187828215 0.0018232583133409672
0.015728250785827121 0.00013384436097646661 0.0018106527893151094
0.016077592080867564 0.00012640012304051225 0.001850829832807564
0.016009697614344554 0.00011600888974963952 0.0018429686253408763
0.016418691320361674 0.00012346122635173757 0.0018900108107211253
0.016145318976758444 0.00012873092148529567 0.0018585257056889838
0.016537694572881921 0.00012728276045639728 0.0019036972667667398
0.016664232132429388 0.00012346024209941721 0.0019182652658285791
0.016876174745883668 0.00012453688812629071 0.0019426401586813979
0.01714852294005946 0.00011482005413073311 0.0019739467763308827
0.017115724381358964 0.00012349320732982238 0.0019701236632234317
0.017411057772565335 0.00012770459767932169 0.0020040773080014533
0.017475988646931249 0.00011592452509755879 0.0020115121318599921
0.017530129885880617 0.00011402540062584045 0.0020176988511596706
0.017836535250069722 0.00012316959164947256 0.0020529164988322087
0.017883574954326097 0.00012399030229895275 0.0020582940671226503
0.017963676243437334 0.00012666897326913542 0.002067503707522198
0.018316224794832772 0.00013762386144433895 0.002108085991296603
0.018362412788813114 0.00013563801196659036 0.0021133991020255089
0.018627714790818813 0.00013116568749024836 0.0021439035918810728
0.018811509045607001 0.00012584183223481312 0.0021650063915796352
0.019009946913345514 0.00011953728893758305 0.0021877860031484105
0.018956197690116305 0.00012723936777308981 0.0021815469012355002
0.019229168668986035 0.00012522069684237097 0.0022129252180870295
0.019545672255831849 0.00011547777200486512 0.0022493406514852514
0.019468389627649629 0.00012443174591421986 0.0022404536399304761
0.01957898311223763 0.00011918851081484207 0.0022531762389291889
0.019876015170154485 0.00012574239896579649 0.0022873243308288898
0.020186238031779286 0.00011856493420073362 0.0023229710877329104
0.020038901326526314 0.00012423147012318567 0.0023059633902769898
0.020275149577847606 0.00012254306552160417 0.0023331043276952615
0.020391911551445437 0.00011386116920339862 0.0023464947170195078
0.020988519518897929 0.0001272939691664747 0.0024150909435049763
0.020778234360918704 0.00012772422212793512 0.0023908397868665061
0.021116643322587541 0.00012511465732035164 0.0024297436612523171
0.021103163768135692 0.00012309466826896276 0.0024281891653572091
0.021274613400378433 0.00013174096092995787 0.0024479238263077087
0.021543775467989343 0.00012025159240975204 0.0024788838607161146
0.021553219938815669 0.00011330943189071046 0.0024799291841327183
0.021935056777744915 0.00012237010315542993 0.0025238024288177182
0.022024711609094142 0.00011770130644035403 0.0025340518118447224
0.022351945812651684 0.00011717486872463189 0.002571644014508026
0.022463361827948482 0.00011873026364762357 0.0025844282048360125
0.022653444706211782 0.0001200145614640217 0.0026062939265190195
0.022694823315076537 0.00011886972346796561 0.0026110616447951431
0.022989435597032239 0.00011766045251486137 0.0026449463826200268
0.023043643081626812 0.00011942252736656898 0.0026511401522074304
0.023275379820336131 0.00011971100710437418 0.0026777376406876947
0.023506410461327551 0.00012338794370130962 0.0027042467883727742
0.023805520848535204 0.00011196318156070278 0.0027385955980229015
0.023643867197256009 0.00012488796032936482 0.0027199612118524812
0.023915825461513385 0.000120497876684963 0.0027512419540011604
0.02412582070038255 0.00010366635999148971 0.0027754072222749542
0.02449636959125405 0.00012753299338909944 0.00281802504208637
0.024534009525008341 0.00011216296624880457 0.0028223114703487158
0.024584437814323758 0.000126384479684022 0.0028280467534535637
0.024899286945283365 0.00011683637296671119 0.0028641915248190813
0.025095325623113278 0.00011315335439978676 0.0028866765567808956
0.025206493638279544 0.00011734177621844488 0.0028994223354839293
0.025355253864120054 0.00010325179058363928 0.0029165267791303982
0.025734478298664008 0.00011468330459027824 0.0029601558897533152
0.025773024228373565 0.00011494516113452225 0.0029645815307447415
0.026174666766047391 0.00012319513937533445 0.0030107368829087062
0.026309777431573679 0.00011725169152726653 0.003026209052919583
0.026416002365114478 0.00011921971518480542 0.0030383498249504514
0.026675056087433899 0.00011374157935890435 0.003068075853736345
0.026945101841821379 0.00012137096058043738 0.0030990892946205699
0.02712347863993254 0.00012233553891919329 0.0031195956631541247
0.027097641239133129 0.00011487875535690496 0.0031166327010504974
0.027878046265424984 0.00012197160462150423 0.0032063841605012564
0.027471595416968631 0.00011502015236675323 0.003159592768490615
0.02787193356933761 0.00012375830678074419 0.003205565570601187
0.027900696498916584 0.00011296657317381593 0.0032087928956648797
0.028083417714197291 0.00011549331361368659 0.0032297328236730173
0.028456634485247559 0.00011197673671525664 0.0032726034833247325
0.02879771421330592 0.00012897380567201641 0.0033118157379233484
0.02882837037755798 0.00011217939949318984 0.0033153501610531095
0.028935790789002085 0.00011777375644369016 0.0033276995113673889
0.028935671723885597 0.00011471664321328907 0.0033276434911504765
0.029379743184866362 0.00011016463499669062 0.0033786393729906008
0.029635024783309909 0.00011471977550470341 0.0034079105864911327
0.029868317023940934 0.00011090882246697228 0.0034346574158884238
0.030219260413455573 0.00011874892692997445 0.00347495759183713
0.030006385048142525 0.00010320062759688351 0.0034504663424838791
0.030429562757718898 0.00011008442797702587 0.0034991400420010844
0.030554087926670848 0.00010720169102828253 0.0035134517805563976
0.03059916313935453 0.0001239727385412311 0.0035185759876431304
0.031042364707140079 0.00011432611849641667 0.0035694590771983745
0.03131615983244599 0.00011437734036705186 0.0036008911441665231
0.031448989486733865 0.00012126908767761263 0.0036161643716426956
0.031869899361913902 0.00011328944692915306 0.0036645739551910759
0.031888169234854206 0.00011716991767229579 0.0036666527221904596
0.0320513236300645 0.0001167075485419434 0.0036853471431043056
0.032635409534499636 0.00011909777942024478 0.0037524168105576862
0.032656139795792453 0.00011233930578468616 0.0037547080153924064
0.032771007037098399 0.00011813567416589465 0.0037678396663480087
0.033079147337919945 0.00012023866690833861 0.003803228714989088
0.033227500205898777 0.00011270017913662326 0.0038202857526080779
0.033428332387151732 0.00011638444354209654 0.0038433845654314942
0.033686367394822885 0.00012371350403486475 0.003873029940000508
0.033917878114138544 0.00011565886356009864 0.0038995819106652386
0.034156082942785757 0.00011375675415377351 0.0039268774586684371
0.034394071596970152 0.0001155158082157213 0.0039541411767377273
0.034623832267152738 0.00011644939169306009 0.0039804733255486783
0.034802349943202013 0.00010697076741090594 0.0040009516859820802
0.035037530301120799 9.9960098620020663e-05 0.004027991839098531
0.035282865074842948 0.00012186120797151687 0.0040562065885886142
0.035469294687801314 0.00011316427531505575 0.0040776077623109978
0.035636167497049398 0.00011358399944878064 0.0040967083668882907
0.035916517804989702 0.00011748076192606148 0.0041288528432523383
0.036054091048004916 0.00011631517383860443 0.0041446356337632197
0.036331158638219112 0.00011595123350413785 0.0041764969305467204
0.036976024450181312 0.00011394340764968018 0.0042506318942564158
0.037069328741984715 0.00011351372522593631 0.0042613117325278668
0.037127949385493172 0.0001134942650911137 0.004267963081451393
0.037405488838004299 0.00011166662960689277 0.0042997617291456024
0.037611513449960013 0.00010624460817693494 0.0043233430460189425
0.037828174790062313 0.00010158614116972912 0.0043481764821044818
0.038077050253485172 0.00011248403884352069 0.0043767625164274548
0.038229181546297883 0.00011688102515899963 0.0043942632188509424
0.038586890092618203 0.00012973301873992377 0.0044353764975010521
0.038830452771622906 0.00011812668952097229 0.0044633073552029189
0.039013149307013724 0.00011411738688105121 0.0044842095721170996
0.039282757623726738 0.00010781153687017253 0.0045151288306843375
0.039775941379189279 0.00010933941746627973 0.0045718085337137825
0.039908279842200231 0.00011886615875532841 0.0045870341313127899
0.040212067855112603 0.00011340787817647168 0.0046219331312877966
0.040155515798508429 0.00010631136756435858 0.0046153606375662608
0.040549735397909195 0.00010809460628779446 0.0046605646549242648
0.04074214250124171 0.00011392976769572673 0.0046825647946273086
0.040919946824337576 0.00011845193778274979 0.004702903377593398
0.041366383093928198 0.00011283615031986298 0.0047541576309842017
0.041540248246879456 0.00010965157133966857 0.0047741413980017539
0.0418754958282508 0.0001167171251863588 0.0048126842157629798
0.041878244165866052 0.00010762882752301021 0.0048129679890758824
0.042256747656918163 0.00011335600572810913 0.0048563730582038868
0.042549894583647052 0.00011519986159301039 0.0048899641783476536
0.042641361437686459 0.00011592183964076936 0.004900437451557541
0.042980217788264108 0.00011010652931514042 0.0049393951620385484
0.043242296613626253 0.00010777326363449599 0.0049695154575198986
0.043571561149655554 0.00011377802757741809 0.0050072843254837865
0.043782645760441712 0.00010956052173333937 0.0050314341563071734
0.044170171046931203 0.00011326745031348954 0.0050758905726657954
0.044285515992191361 0.00011206590442120551 0.0050891385541843226
0.044480739474965614 0.00010556329980952488 0.0051115899143024113
0.044827401770660483 0.00012401699346126344 0.0051514071853950181
0.044950688003589076 0.00011793958774169537 0.0051654940231186421
0.045278161661146434 0.00011820792176588029 0.0052030087878758092
0.045673823057118965 0.0001131951804327585 0.0052483492755841278
0.045675832214904233 0.00011134434848800092 0.0052484737195218987
0.04587985916441005 0.00011085188674219886 0.0052718590654545717
0.046299302007816193 0.00011416830951196492 0.005320057459286676
0.04667960473704539 0.00010952709946132073 0.0053637711200776803
0.046536896624053109 0.00011393370313684662 0.0053473387913343974
0.047245266797546835 0.00011975893671229362 0.0054286298404154663
0.0474444540303815 0.00010946736374132252 0.0054514082161193278
0.047781063501955337 0.00011414375489164523 0.0054900414645912762
0.047825879783900759 0.00011813443356866494 0.0054952077696772319
0.048138007525772408 0.00011814908952643318 0.0055310735603310134
0.048431438341770515 0.00012927509526272429 0.0055647132308957242
0.048620252094634955 0.00011377033203579348 0.0055862894367569374
0.048993070899423237 0.00012077796513969962 0.0056290393929590782
0.049078263157799756 0.00011102932516101076 0.0056388181175723228
0.049499321435880761 0.00011215144907802 0.0056872139716206424
0.049920388452079759 0.00011356927386043297 0.0057355721524946605
0.049933260061755629 0.00011117447221895672 0.00573696494207578
0.050270133748078434 0.00012056764268165082 0.0057755427697258645
0.050787399893286456 0.00011640177533826172 0.0058348341332427585
0.050942121187356755 0.00011398689657947511 0.0058524915780883164
0.050961218243674188 0.00011150783639532237 0.0058546184998457037
0.05162380756401129 0.00010899510768636912 0.0059307385037262617
0.051593864366474007 0.00011964647092121244 0.0058674321047607215
0.051863293528644189 0.00013275543077821621 0.0058677998958884354
0.05227876819730802 0.00010898467913691416 0.0058766994690942148
0.052313754939579231 0.00011530801918542789 0.0058538744957717763
0.05270599826395795 0.00011275164917970015 0.0058424454789724328
0.053034773710863375 0.00012281018132345072 0.0058625651275007549
0.053246435446829131 0.00012197032206944534 0.0058422962945268104
0.053684765947812962 0.00011048932676888435 0.0058439545280846283
0.053721806642777953 0.00011805041484470582 0.0058534760218198712
0.053859368328091219 0.00011675002422912322 0.0058821186358765463
0.054526206355543519 0.00011995483101394908 0.0059137292586666787
0.054683337351846703 0.00012538892792526862 0.0059197730305954243
0.055051343035012343 0.00010615205464340842 0.0059102205303319891
0.055426290623256082 0.00012613521063525003 0.0059368736680893786
0.055556223733210092 0.00012593574879972175 0.0059197531366409987
0.055731579815180912 0.00011702277828544873 0.0058982703958788242
0.056057417291317316 0.00012445923693401128 0.0058877632003301586
0.056495525077698942 0.00012201305429514673 0.0059053385785717491
0.056561523420072868 0.00012117859144287719 0.0058838757911787529
0.056924820575294174 0.00011312458941245843 0.0059077289668935263
0.057302982417960426 0.00012565172474658561 0.0059613163231750132
0.057562812269226028 0.00012476704545045237 0.0059566190011074941
0.057765149187380412 0.00012754457014016259 0.0059663327997388702
0.05811338290470168 0.00011888082360449342 0.006004497470451421
0.058534252034979244 0.00012058728490777835 0.006011874288233997
0.058798387143617938 0.00012084114754150984 0.0060119678426313961
0.059072872284624267 0.00012548158454193234 0.0060197115204063375
0.059413013665951989 0.00012491614998945102 0.0060489766889777127
0.059889471357662843 0.00012830549242104808 0.0060697775666218425
0.060026686068495747 0.00011902646025765208 0.0060718628974039878
0.060099341823690845 0.0001113570185986743 0.0060433201218361172
0.060656352619324921 0.00011625900225322709 0.0060993016772089665
0.060975411179650309 0.00011837170158984068 0.0061142972207565999
0.061225511383163816 0.0001150479769307927 0.0060986840390750844
0.061408937825139662 0.00013227694518707473 0.0060988478324067608
0.062058030500070208 0.00012389076839034889 0.0061658262918947099
0.062489083303038366 0.00011463187296551271 0.0061887541872075024
0.062688870250762044 0.00011607193490738821 0.0061784250365278862
0.06280875767514546 0.0001227479367114995 0.006161395710373524
0.063422066175302411 0.00011852494175173458 0.0062054702645922884
0.063659854109359537 0.00013147394185121692 0.006205348102303521
0.063814673551048404 0.0001155086686214268 0.0061754239681347106
0.064272642489958898 0.00012518237138983097 0.0061933456242680655
0.064849531484417952 0.00012247620233167146 0.0062269358324407564
0.064884924933785504 0.00012417380511053395 0.0062115093502103126
0.065328048015541984 0.00012156182269601478 0.0062116906063595552
0.065540266124975613 0.00012830804746515411 0.0062212423460695394
0.065917916374775953 0.00011261610829756897 0.0062370613843386134
0.066078552094663706 0.00012498020302330632 0.0062247648888191075
0.066709523886001432 0.00012548255814911729 0.0062617341527167686
0.06701115343034339 0.00012196917590014292 0.0062831245317704369
0.067407569200913037 0.00011861611846122912 0.0062917700205828292
0.067449956730613006 0.00012766436169429346 0.0062848907129271197
0.067828464069435643 0.00011201229292240305 0.0063081030728067769
0.068138715981736556 0.00010924327985754664 0.0063137598370409283
0.068599397616903077 0.00012475766179145762 0.0063173995644614728
0.068932071161713376 0.00012012888330653069 0.0063216727467402204
0.069156854528045569 0.00012047293021348483 0.0063144194690121095
0.069794456976147265 0.00011660494726109636 0.0063524674635327674
0.069840622065408711 0.0001224561488423527 0.0063279955358395276
0.07029047021320918 0.00011459133829127358 0.0063536071297492251
0.070758893681337962 0.0001158303549995875 0.0063777018300585587
0.071042943246858184 0.00012080541330147592 0.0064036031117777259
0.071305244372368903 0.00012660200011987426 0.0064097337331201843
0.071565111649121882 0.00011751721332570937 0.0064002045980947374
0.072025945200797178 0.00010952819691672278 0.0064281029784133917
0.072470687468430967 0.00011948947462957217 0.0064497981695475284
0.072709310896318546 9.8508352913476762e-05 0.0064352163495498419
0.07313091559423876 0.0001204120630036298 0.0064411719373279192
0.073362985271864356 0.00012465904226312835 0.0064418728117095576
0.073705893726380992 0.00012772816631657422 0.0064430585606716764
0.074120306457982385 0.00011137843776325154 0.0064578203630442782
0.074445363880668872 0.00011939636269210506 0.0064756236759478279
0.074774625885135074 0.0001106867497131612 0.0065047417833006332
0.075016980405861536 0.00011385645584156747 0.0064949450469115122
0.075396886159692242 0.00012156141143807667 0.0064635401319522176
0.075606284388588199 0.00012300989318261732 0.0064563292444040753
0.076011516798295611 0.00011870180487980757 0.0064040776954901041
0.07622127770424314 0.00010878205920669703 0.0064101665214181579
0.076804446511529567 0.00010980847518983732 0.0064060406905154729
0.077227922304221347 0.00011384953944510823 0.0064110147116062041
0.07733500613064688 0.00011471836422955894 0.0063334722542651191
0.077802859721441742 0.0001161501087732152 0.0063127337399802551
0.078145364242972457 0.00010504329913209665 0.0063040577387696098
0.078599821459865896 0.00011010157170510055 0.0062013263082787602
0.078773069857236935 0.00010817186860103767 0.0060995713029851767
0.07922778525355334 9.8573074599773807e-05 0.0061121118448077601
0.079548587856402994 0.00010015008087789976 0.0060858134266937253
0.079680544474595882 0.00010037590598003482 0.0060736176976943258
0.080168608992657764 0.00010480254064393327 0.0060639107565861527
0.080446621441623289 0.00011052351679731112 0.0060409083981117443
0.080781637550091642 0.0001003793799003777 0.006054526931303923
0.081330160352522066 0.00010723156696661609 0.0060863585054604903
0.081460839602346929 0.0001092293378702439 0.005955922179840604
0.082150782752265242 0.00010318725725541523 0.005896596399523087
0.08250303823452014 0.00010540844986521397 0.0057979750956580114
0.082618658885589946 0.00010902380437015406 0.005813655807693106
0.082986917510833674 0.00011324808798096031 0.0057992405353530741
0.083008415321240328 0.00011791675643684204 0.0057634817661792416
0.083824280317317715 0.00010635167082868488 0.0057992952486871797
0.084125352247308757 0.0001076755999998461 0.0057585331957557039
0.084455361809769633 0.00010725427965456611 0.0057216906192485723
0.084601401698518139 0.00010559170659104549 0.005679943562313188
0.084991270495085397 0.00011014415008622339 0.0057020367601546542
0.085351629812090005 0.00011832259333650323 0.0056230569632001138
0.085730398231108104 0.00010200615452725191 0.0056359671282053825
0.086022277213422232 0.00010028302155740047 0.0056060293387759277
0.086346958948892633 0.00010179405256833317 0.0056111499314936419
0.086986459037707312 0.00010659275161819014 0.0056144071149282129
0.087219105842619674 0.00011155052328171418 0.0056248113934954649
0.087670375189590574 9.8025895718669508e-05 0.0055330571113684944
0.088217906492449871 0.00010796762197631219 0.0054736262727211301
0.088326738271096356 9.5492491580314513e-05 0.005445524439509972
0.088842466799716968 0.00010274624705309167 0.0054572812378714149
0.088958996866093973 9.933165674838567e-05 0.0054576438963965766
0.089576375064939207 0.00010472476638053824 0.0054213092090958951
0.089968181507875181 0.00010967970502178882 0.0054231535255316807
0.090087292131817154 0.00010917677539201676 0.005388249461505153
0.090679670457237252 9.942673790160342e-05 0.0054219051975993608
0.091083996936500489 0.00010500015395547978 0.0054267642236491224
0.091610684217249064 0.00010506608889832837 0.0054353978301555049
0.091726352328450028 0.00010450610421814002 0.00541403796373817
0.092342058759985246 0.0001032562018480684 0.0054362586746699131
0.092690421768820377 0.00010792014714875761 0.0053824120561805971
0.09305458698234087 0.00010443759510912729 0.0053462868509049424
0.093445219205957677 0.00011000080829617252 0.0052663700203406461
0.093986243649041373 0.00011160399403751495 0.0052227774948235151
0.094179210411587194 0.00011572670051186693 0.0052309806331153116
0.094511112929580546 0.00011601262022420962 0.0052596585466953239
0.094791255436485117 0.00010076669731497074 0.0052045685737064883
0.095294030056803883 0.00010538921083687837 0.0052345365359697527
0.095818309882872724 0.00011143347901854217 0.0052119576691155379
0.096166987874860124 0.00010518290386434235 0.0051849860478966154
0.096350419108084756 0.00010706873447116996 0.0051709966993159781
0.096871526488445214 0.00011245036148514505 0.0052077345834445803
0.097271632588213766 0.00010175731710141747 0.0051649301377800919
0.097676132430871906 0.00010796912590267558 0.0051697941085105401
0.098073872861577135 0.00011089709690466203 0.0051720528797198533
0.098472473506101332 0.00010652401252885991 0.0051840366609439588
0.099013899058225677 0.00010519905369508488 0.0051410038312170257
0.099355315060643948 0.00010963749046320566 0.005133739045645222
0.099428661312180464 0.00010541099342683603 0.0051073390665153616
0.099786130329660092 0.00011522948423839697 0.0051248205245348092
0.10031943512720652 0.00011285323707879656 0.0050912091239320115
0.10063700544874714 0.00011369865115754324 0.0050687172629989962
0.10133095736788084 0.00010758527634136336 0.005071464993911352
0.1015811956334496 0.00011247516105388999 0.0050091610982801469
0.10193738778502826 0.00010648126512199092 0.0050337383789265024
0.10230896041821957 0.00011092936815902613 0.0050130800994895681
0.10275291733214621 0.00011567906281485855 0.0050339755792204125
0.10305159509420372 0.00011000145588146769 0.005008010401623084
0.10346790301450316 0.00010534747528647482 0.0050370855366719527
0.10382501301255874 9.7263326715916603e-05 0.0050432176751539883
0.10441212858424972 0.00011435282573524875 0.0050438438662900424
0.10476078238031511 0.00012110598379898694 0.0050339599822441967
0.1051413953290829 0.00010890296361279339 0.005047182951324925
0.1053803174728906 0.00010723247801119219 0.0050367452724010674
0.10579463743135054 0.00010390341287532941 0.0050742745625500536
0.10610326245291941 0.00011215758200201341 0.0050862512818695494
0.10652351318337193 0.00011331680547377601 0.0050542628248782815
0.10721218586571425 0.00011754759464732931 0.0050250814184437031
0.10742157526180857 0.00011511044590906466 0.0050360525717774805
0.10771327033381847 0.00010043387341126691 0.0050224493227236048
0.10823213923917191 0.00011339150895007455 0.0050555238024130832
0.10876098133694138 0.00010461325388717121 0.0050508598032342807
0.10895108949844486 0.00010518613979399029 0.0050415965508758204
0.10929581947477224 0.00011054350615953131 0.005054978399386882
0.10994363323021562 0.00010434157675816808 0.0050943578135019367
0.11024446545489144 0.00011378477478591231 0.0050886317432172834
0.11051066485219145 0.00010802897375637686 0.0050774549503134186
0.11079050955331578 0.00011020824030806869 0.005065877014680021
0.11124310868709582 0.00011046951998569581 0.0050384422319523191
0.11175163823280375 0.0001052419563497303 0.0050337267834191755
0.112428915950762 0.00010438259954354406 0.0050266534692042395
0.11261302388571968 0.00011388168519185656 0.0049751590838318371
0.11319949664849617 0.00011517774549443035 0.0049865880206423378
0.11330054446828539 0.00010922164706617812 0.0049871690407359498
0.11389975800433916 0.00011435675636255725 0.0049907944497118032
0.11433827944593894 0.00011431735175271568 0.0049753322637658155
0.11450223834557009 0.00011237640734431974 0.004963167708527773
0.11500482072532971 0.00011300759925348807 0.0049624940610275489
0.11566857850146306 0.00010954163335006512 0.0049887471276873815
0.11573954319390536 0.00011404793978916131 0.0049250261637616899
0.11622595036005201 0.00011797528955902127 0.0049352089714625744
0.11660565878517341 0.00011759089101506141 0.0049672197060023271
0.11677745852981129 0.00011737400585367042 0.0049390348031071877
0.11753555624456256 0.00011115416987848364 0.0049214688052832195
0.11769356909395175 0.00010691062212975471 0.0049237775561794782
0.11824751899002765 0.00010908262328970336 0.004926425059878602
0.11847528277803407 0.00012192440541659983 0.0049302882631674918
0.11896794357951124 0.00010767479487675154 0.0049200318148335444
0.11945642010009531 0.0001074692807418257 0.0049189401026230352
0.11992546282382112 0.00010634043024234255 0.004960018898586261
0.12029737365458681 0.0001200495420386489 0.0049779588001714432
0.12064485898165206 0.00010788583846291931 0.0049704267804783885
0.12102218544468658 0.00011742777672664593 0.0049746435224736433
0.12153201216149498 0.00011532655694597298 0.0049987884239206604
0.12207771107483149 0.00011651340266545502 0.0050128765291610946
0.12243975691771848 0.00011689076724273536 0.0050081947080842211
0.12292756246624763 0.00012453300379848309 0.0050089506281654561
0.12318378197694933 0.00011611204855535927 0.0050076513292636208
0.12345983915137623 0.00011076628092085093 0.0049876560450621147
0.12406434718509875 0.00011380985598323652 0.0050126335651104826
0.12440337725029625 0.00011364891155312165 0.0049904746718846165
0.12500880120168203 0.00011843263778353995 0.00499866714523701
0.12537998151835872 0.00011435702577848626 0.0050152153409516384
0.12563098245380885 0.00010741764200565786 0.0050445709092489409
0.12615793488130966 0.00011332484659258243 0.0050710645505455763
0.12634413601169756 0.00010849301963867302 0.0050755043762970974
0.12694129735199419 0.00011686366926002061 0.0050747282611817079
0.12756774345546548 0.00011023074007718575 0.0051081193031303823
0.12791455155284367 0.00011185424134146022 0.0051423498112434362
0.12821681182764899 0.00012059991821608425 0.0051229474607093779
0.12843788024041652 0.0001153209010585606 0.0050758474581096931
0.12883774180562005 0.00011508693216033539 0.0050760697187171066
0.12934497759550775 0.00012184951445571713 0.0050955597999945415
0.12962650222593217 0.00011623720080149665 0.0050932837194422103
0.13021886854533959 0.00011994471869163556 0.0051151003953407732
0.13053553186618486 0.00010820046545512735 0.0051350725936861489
0.13099414647096874 0.0001164670365929662 0.0051653352525910991
0.13147900923316319 0.0001150240668054785 0.0051812600087369149
0.13213078229075295 0.00011607465590047839 0.005202904903930705
0.13243974455225813 0.00012389783517738318 0.0052021822621280403
0.13275161838576252 0.00012816857511804182 0.0052160937084839865
0.13331626279666187 0.00011830445845008516 0.0051897066371828227
0.13343006975600491 0.00010979212176750819 0.0051871088439226958
0.13402091347112005 0.00011705147787712185 0.0052339109600084473
0.1343724240750532 0.00011005979833853119 0.0052046465033496392
0.13469057159077266 0.00011011136591741778 0.0052033246279788239
0.13541541739313834 0.00012459557014710804 0.0052048215335590165
0.13568394068468434 0.0001167418970168666 0.005235624660086864
0.13596895840095871 0.00011849674888739558 0.0052212044013225786
0.13625104779101493 0.00011731797931243932 0.0052395450471192659
0.1369669866094432 0.00012622884399848049 0.0052385553584007594
0.13752162498848552 0.00012327222640846748 0.0052614423832156596
0.13782724290546999 0.00012365273994179512 0.0052648486960127578
0.13830532095128115 0.00011379062633805834 0.0052733642335885391
0.13866447673881244 0.00011273759474421307 0.0052639529166797934
0.13901449201573468 0.0001257509012042738 0.005283330952595101
0.13952932009908028 0.00013015021348846212 0.0053214730119493202
0.13989710464471358 0.00012455380494882375 0.0053091424471404091
0.14019175937272144 0.00012254619984579799 0.0053379124619669961
0.1406718912207543 0.00012297028532280948 0.0053492568329519714
0.14113009329924706 0.00011721499706667009 0.005337832974479895
0.14158415770401298 0.00011527656835514787 0.0053775936207560273
0.14205200693311817 0.00013063795030772424 0.0054315795283614784
0.14266129746469447 0.00011478338593376985 0.0054473499758141263
0.14320802311112027 0.00012753089683045801 0.0054271484491218002
0.14330172092218862 0.00013220767530434236 0.0054172078174919988
0.14379626730362632 0.00011632982941970241 0.0054423064937657289
0.14436421920052514 0.00013240587471930585 0.0054560160560061677
0.14479246204247975 0.00012868362452929919 0.0054629290657311324
0.14534678003638948 0.00012533231961586386 0.0054920088688727555
0.14542880972081301 0.00010994367498947793 0.0055123211987065449
0.14606201533239438 0.00011611052068767769 0.0054823806863963011
0.14640875498050088 0.00011526419813134601 0.0054929810819600482
0.14699050914459208 0.000106644812602506 0.0054710785950111288
0.14739481794498785 0.00012456391956933112 0.0054763113283114373
0.14784604028272491 0.00012301151620780303 0.0055034814686240382
0.14824708296416758 0.00012995366291003259 0.0055220106576659772
0.14852191711899199 0.00013053006588336244 0.0055065846154344986
0.14917487496758147 0.00011411171618789274 0.005540936835421075
0.14958195088951853 0.00011216577745008557 0.0055463813628908567
0.14997809839381782 0.00012013858435458503 0.0055503694260390863
0.15046436364566362 0.00011332345629739117 0.0055666521051950984
0.15060017144791782 0.00012469242762347196 0.0055352794285987404
0.15137498126940868 0.00012985839260151323 0.0055712722322179267
0.15179707049334856 0.00013349295881692552 0.0055846613074555405
0.15205719372649334 0.00012796669910688786 0.0055827677952864398
0.15269104008614481 0.00012886855501981537 0.0055916635360314503
0.15324833402441906 0.00012820090699148056 0.0055931540395332165
0.15364373277408452 0.00012463879669839155 0.0056331477520928167
0.15401444601310785 0.0001290174892827736 0.0056196355041847283
0.15418837247550812 0.00012828530596513873 0.0055954790739174099
0.15474930221220437 0.00012838118469788267 0.0056477459845077167
0.15531200208389664 0.00012607569779942137 0.0057019869392304886
0.15587616139827615 0.00012452724884536593 0.0057087992321697891
0.15604371852729537 0.00013185969662244171 0.0057081997683396833
0.15681722274557502 0.00013318809734651124 0.0056838307514689686
0.15707303117767879 0.00012476709181812021 0.0056481588329347233
0.1576371385125423 0.0001239670095018321 0.0056490864238312299
0.15779999468087966 0.00011122982006902655 0.0056131537958048474
0.1582474175035711 0.00012823626082960411 0.0056506346254623363
0.15876951396267164 0.00013249404739187765 0.0056443944737912489
0.15930462921957908 0.00012350788905649864 0.0056496982141226735
0.15996677689529926 0.00012306094812483199 0.0056402868044565669
0.1601935163030655 0.00012638018649040848 0.0056585391176358158
0.16044687802342328 0.00012434320352697458 0.0056329378182979548
0.16103924833172351 0.00013836699593328404 0.0055890916316744255
0.16117993245686543 0.00013366425118432993 0.0055486830011162967
0.16172857200815252 0.00012078915051011336 0.0055788127172309255
0.16248932765747054 0.00011920481194030422 0.0056051201691877418
0.16278089894683806 0.00013404100101949238 0.0056000590592178295
0.16298845908488857 0.00012966537165598642 0.0055758991075050722
0.16348839987202846 0.00012559079567861831 0.005623826810019549
0.16407499637568301 0.00012215691799737077 0.0056549242382234249
0.16442282950257758 0.0001340928367649344 0.0056769304799778467
0.16487673040021225 0.00013142298876174459 0.00567930910682545
0.16537991722814252 0.00013072818300434541 0.0056736403338929989
0.16588363472272347 0.00012617629760997318 0.0056816651060818098
0.16634724873554557 0.00012510656931778746 0.0056761450108400273
0.1667237001394635 0.0001328919087393813 0.005684133455550887
0.16707008494718706 0.00013401121896581625 0.00566718752971874
0.16748000774889649 0.00012184676753801338 0.0056567889007506202
0.16791425125757475 0.00013131181423265822 0.0056732811853249503
0.1686779761665578 0.00013639254202872032 0.0056856622832441419
0.16880235594286316 0.00013055848155348396 0.0057023225892489041
0.16905612849803828 0.00013197663199387462 0.0056681301864935085
0.16973451222251701 0.000127381710059791 0.0056407658797499342
0.17033657307877631 0.00012940399870531229 0.0056465439972811192
0.17062982656798675 0.00014347243815346 0.0056280622392623362
0.17098097181607094 0.00013091862225145245 0.0056414682387206615
0.17183597742900525 0.00013895625309173261 0.0056576536121414559
0.17189590883223083 0.000136352784283584 0.0056557986288620918
0.17218862917698149 0.00013323135053512912 0.0056519546386147694
0.1727708688182272 0.00014071345546741614 0.0056527714934958354
0.17318925239676156 0.00013176767519300532 0.0056531569388320515
0.1737625878643631 0.00012209759427756015 0.0056542100354896657
0.1741725215271738 0.00013323281045197108 0.0056406926955960991
0.17474027163964798 0.00013952179430889831 0.005677102081195976
0.17509544892116594 0.00013174262545063322 0.0057082117759834888
0.17555959858832185 0.00012121928979240607 0.0057144812290546663
0.17603112258483941 0.0001382875729649704 0.0057136718798057682
0.17642637181667026 0.00013241340476457405 0.0057644583596304791
0.17678444821851258 0.00013583276009449454 0.005766314805949262
0.1773893038160701 0.0001287317791522738 0.0058170507221934394
0.17786227451680492 0.00014792796834388645 0.0058207904381378265
0.17813440382046436 0.00013951263861983201 0.0057957727677775892
0.1786313878573626 0.00013580896637487643 0.0057956901685725076
0.17910706473908411 0.00012534771093072883 0.0057959225221387639
0.17950016609065433 0.00013824197684594934 0.005834015466660368
0.18034409917311001 0.0001395565211860064 0.0058197149730651564
0.1804553830820872 0.00012787154112310121 0.0058081250080780069
0.18096408083830112 0.00014135396182558401 0.0058369651553557998
0.18157919035190356 0.00014535237992580107 0.0058417243691649915
0.18185526385091205 0.00012782541604336215 0.0058296517340201675
0.18236285109985528 0.00013628573781244752 0.0058560957276799323
0.18268968642195846 0.0001345276085006333 0.0058557546639738658
0.18318130741121041 0.00013787418111763626 0.0058359421272154476
0.18366218858181083 0.00013490902748645344 0.0058534347660776087
0.18381420632542481 0.00014547200418009248 0.0058432516002181077
0.18469351695507388 0.00014162397580102249 0.0058727795575242549
0.18488177611778756 0.00013618471264301201 0.0058703038717496988
0.18559924796459931 0.00014577774118845375 0.0058680579756472707
0.18581447055426842 0.000141008544113678 0.0058608893168805125
0.1863997394107553 0.00014529898538670979 0.0058896577846243746
0.18674623704372481 0.00013685471392516879 0.0058650445690031291
0.18732656937364567 0.00013973382746143342 0.005884049621805971
0.18762193896116888 0.00013812113526182027 0.0058308842194737965
0.1880062929664966 0.0001504797305689715 0.0058295884337025757
0.18840724788584368 0.00014230216339008103 0.0058441359290737306
0.1889610857044362 0.00014419696699131908 0.0058643213340637684
0.1892116933943703 0.0001424865264528986 0.0058413053717806017
0.18994058123372479 0.00013905429323787829 0.0058687422480764003
0.19030849453300894 0.00014131419821669273 0.0058704050595139532
0.1906771000692232 0.00013793188795318618 0.0058665463737501925
0.19109509576673925 0.00015108345849852692 0.0058845844582099457
0.19177609307200677 0.00014564776599655863 0.0059108327411519857
0.19203521494154605 0.00014300821254778436 0.0058823836073439578
0.19247911503726875 0.00014123082790317202 0.0058667405971223269
0.19310168554792156 0.00013965162492810091 0.0058732662350230724
0.19345851609428727 0.00014642023123633105 0.0058649082104775671
0.19400815680080438 0.00014290401731157292 0.0057906640711456805
0.19422633319292731 0.00014326113406450171 0.005805539427180594
0.19503075301317241 0.00014670097386270295 0.0058562755830844464
0.19526454532788864 0.00015349127063068861 0.00583953865044432
0.19582560463313081 0.0001449546501904179 0.0058465897929415624
0.19640159361449319 0.00014956766498680466 0.0058164794732585021
0.19699570700624686 0.00015498288878817445 0.0057848420294865999
0.197142613821534 0.00015233502765353042 0.0057648471162797367
0.19755710250238206 0.00014363811793139709 0.0057455639349896252
0.19856637946340439 0.00015664637709651656 0.0057403576417623678
0.19859527793009757 0.00014880581111126348 0.0057346776529201889
0.19894143723383129 0.00013325389516406357 0.0057277769453434081
0.19931804654671526 0.00014449012090356981 0.0056788896155254504
0.20010285092843202 0.00015550831274787385 0.0056961586694289556
0.20037853009655293 0.00014314539306743609 0.005697944506612416
0.20090447541878528 0.00013755615271262409 0.0056941026604661084
0.20154508781411881 0.0001425806450677187 0.005720580008385703
0.20173402084535727 0.00015024062593694228 0.0056966684752987086
0.20263354203157893 0.00014672567297419265 0.0057301840839932162
0.20260882535390903 0.00015654433168833625 0.0057443948840443845
0.20322203420220164 0.00014718234030095106 0.0057674021454249755
0.20356744817747299 0.00014539849666146034 0.0057626643200762448
0.20386999930792074 0.00014504955108848774 0.0057852381249800123
0.20466941236120711 0.00015574363826956065 0.005775280159343572
0.20468094159267308 0.00015510669626547801 0.0057702743377219612
0.20552583816140263 0.00014721578085667586 0.0058154227536906279
0.20614083409726389 0.00015342137939197082 0.00583546489855507
0.20638675320792968 0.00015980366693108328 0.0058283075789040129
0.2067226588590563 0.00015561851086942264 0.0058075415595771054
0.20777082484551951 0.00015698897444808323 0.0058266725495925023
0.20767871914096508 0.00015332956294064959 0.0058053506837513541
0.2083573578046064 0.00015821287059763312 0.0058332549587714489
0.20887095552790014 0.00015781581257091572 0.0058394934904839072
0.20876478721340283 0.00015080121494517279 0.0058303392997402399
0.20936262185638349 0.0001593663369057658 0.0058272326677282641
0.20987940715654582 0.00015134435711594411 0.0058418887792202083
0.21029271816650452 0.00017366777421125849 0.0058855539113778525
0.21089987346977951 0.00015060770095841702 0.0059012799955311104
0.21107684081679773 0.00016352813456081325 0.0058907406579662338
0.21179009276375638 0.00016156594712893039 0.0059099317047952588
0.2125454582973883 0.00015538262029766393 0.0059296828483852201
0.21243263464316739 0.00016256718517054696 0.0059185246801765744
0.21297452786553733 0.00015964098598389735 0.0059389932258252561
0.21356293196306461 0.00015201261546948992 0.0059562903113036109
0.21394966498609319 0.00015391345638515974 0.0059671094099751692
0.21464529464776749 0.00016284696429056652 0.0059629096983187316
0.21476084125935027 0.00015474961530794804 0.0059696323636267753
0.21519322463898133 0.00014870554521179003 0.0059723052494553737
0.21612708295508778 0.00015890950187448565 0.0059734837716082633
0.21605700192581975 0.00016692827407030237 0.00596756308315116
0.21670592763383467 0.00015780607334650817 0.0059918034415789292
0.21698606032613962 0.00016311842437490836 0.0060036966967223996
0.21734396472577402 0.00015100903033770977 0.0060491388194860822
0.21789648787847726 0.00015743447339510865 0.0060950584298199691
0.21832845999688069 0.00015589297515063275 0.0061115650910360539
0.2189243408865956 0.00014699543093531792 0.0061386554083073652
0.21945737644572577 0.00016626283357101639 0.0061280898479840213
0.21935079984032196 0.00017459168692959717 0.0061627112295508362
0.22012909174687625 0.00015470654797396469 0.0061836438208828651
0.22038161116519439 0.00017338295166321671 0.0062121467829437203
0.22085927785899781 0.00014977350312251784 0.0061969887923878858
0.22124940251242572 0.00017080755652808095 0.0061982927870650739
0.22202076298243426 0.0001538405577618155 0.0062551521720634051
0.22221617242659228 0.00016588541255677325 0.0062309202399678442
0.22246888982985016 0.00016437587365523209 0.0062164231140508499
0.22333673816615016 0.00016628180176308488 0.0062735191693799128
0.22356209898545343 0.00015265570835511826 0.0062903500839528708
0.2240630447477662 0.00017848190180176082 0.0063483267924833008
0.22468564570792118 0.00015909497305918589 0.0063656464320168138
0.22478728985675375 0.00016126550474286091 0.006374336187601826
0.22519598337821964 0.00016714667544570199 0.0064151414349859813
0.2255958586749108 0.00015682319405899416 0.0064054576237035903
0.22598275285401057 0.0001643582306718042 0.0064414583212596297
0.22684489064835919 0.0001590793834011129 0.0064823263664660043
0.22690828286060816 0.00017814274692125816 0.0065134980934401284
0.22767475136365456 0.0001569185000146166 0.0064962027552051532
0.2277807479595696 0.00017831984741916769 0.006486911699242425
0.22869988950647419 0.000169793661801801 0.0065314493059620247
0.22890207533773099 0.00017088797232375387 0.0065184218928796634
0.2294879802688545 0.00017020864812320897 0.0065015440808705886
0.22973861759983744 0.00017205242916692307 0.0064921202854421618
0.23023033513093277 0.0001624619202759496 0.006482102303787856
0.23064337942270352 0.00017969702259498511 0.006510461989935417
0.23102548876984488 0.00016840067149542123 0.0064820532441049288
0.2315928057852259 0.00015722245455981884 0.0064806272696662495
0.23165915404279369 0.00018605797209538322 0.0064760220193491869
0.23242287378903723 0.0001711017938807012 0.0064804437540589722
0.23258522216701308 0.00015861533917176714 0.006471384584668438
0.23338683966658039 0.00016941988657337518 0.0065320478159410812
0.23351288014224933 0.00016061464712939351 0.0065540922087280878
0.23396071445237648 0.00016796064364904808 0.0065834107167742047
0.23464634905929518 0.00016654291718806025 0.006606695914858793
0.23485191022498741 0.00016897138544679126 0.0066153779051589881
0.23548748188396049 0.00017372708887165899 0.0066860988632546203
0.23588515667909044 0.00017430612024639698 0.0067103181446295955
0.23632607024456054 0.00016803108491628027 0.0067169493797006674
0.23651274142887724 0.00015640162752828587 0.0067657296482765998
0.236910141082601 0.00016460072636530264 0.0067812542258512366
0.23775221878296568 0.00017617006840195211 0.0068072306937045192
0.23782153744081388 0.00016924895235706996 0.0068217547463662355
0.23857828582039262 0.0001746291186833352 0.0068186707057221021
0.23884941871110893 0.00017257831424475362 0.0068551652220940002
0.23969437791574821 0.00018059655615138435 0.0068362321399032012
0.23960977703196096 0.00015951154882045367 0.0068538743906552671
0.24026697293344021 0.00019238830081370512 0.0068925388975249668
0.24057536952025055 0.00018146202957128365 0.006967790898943357
0.24138051894057186 0.00018381803573618548 0.0069885958497853083
0.24149332340895274 0.00017401087941205389 0.0069991483218977005
0.24150550929281742 0.00017943108360653757 0.0069862712622600388
0.24268879311451605 0.00016813486923630862 0.0069954813211111199
0.24293226424256337 0.00018601622736333996 0.0069895842609711406
0.2434532423414095 0.00017198081210528026 0.0070403967791941762
0.24372953844471529 0.00017938650763007439 0.0070715641219821906
0.24387098233510271 0.00017625625216337735 0.0070892604504228509
0.24453243957529289 0.00017527015667340799 0.0071002087600154943
0.24500617667552665 0.00017338341880857207 0.0071450691840528957
0.24554642761385653 0.00016773353044905216 0.0071688383642046251
0.24543487863874905 0.00017752360991002829 0.0071651698671157784
0.24628141845992133 0.00019126772880664799 0.0071893736599324878
0.24683345362387427 0.00019760523292587179 0.007152987726623471
0.24742140931449363 0.00018693922389871416 0.0071865521270943261
0.24730717199277238 0.0001977579329335142 0.0071796469963689236
0.24784027577553583 0.00018728242506743252 0.0072333468315254707
0.24840162145400008 0.00017830763863271613 0.0072293665636370651
0.24875412793428428 0.00018018045352044947 0.0072915391771070058
0.24939011828918398 0.0001936339500649392 0.0073104685585180995
0.24971431313752523 0.00017431833218025733 0.0073165736639530243
0.24994631033470113 0.00019188813108059064 0.0073372044477515944
0.25071206752465586 0.00018236443899937485 0.0073538432741620027
0.25082096019482714 0.00019205663700849079 0.0074023384486353819
0.25147612255279256 0.00017246184320619627 0.0074119012362029932
0.25190273679242853 0.00018753982999705163 0.0074555370987676936
0.2525099259571908 0.00019768369459695565 0.0074885648123617678
0.25313994596330447 0.00018567298770923865 0.0074820260949003178
0.25297930780346711 0.00018627243708278183 0.0074793208331950219
0.25361137361410507 0.00018751461437471162 0.0075070100374129579
0.2542552938315813 0.00018249166758719826 0.0075646022433357831
0.25457943174440739 0.00018480477291749929 0.0076205974444273003
0.25483485321318694 0.0002032386792346129 0.0076374932505733854
0.25550022603074063 0.00018679736954790979 0.0076992228982725001
0.25564937256111758 0.00018639381126245622 0.0076999106444339722
0.25633532146713117 0.00017940665654669747 0.0077693434901909015
0.2565149829930703 0.00018506477334429339 0.0078231636132885807
0.257023786310351 0.0002043298470436907 0.0078971828854805439
0.25761367470972246 0.00020865991077857225 0.0079557294497742317
0.25819778874571692 0.00019877601401392637 0.0079778859890427302
0.25855410104757065 0.00019182299582702522 0.0079573965819434277
0.25893678724655328 0.00018625713956819021 0.0079804073165356294
0.25916470791477425 0.00018386736425418171 0.0080761020003028254
0.25952935382580877 0.00019452268966026166 0.0081180294344596927
0.26009962255774327 0.00017049597187722098 0.008156528327401432
0.26024604596344547 0.00019239713604941847 0.0081668259106480179
0.26082559498975477 0.00019762918213832949 0.0082497351039494179
0.26150672148178766 0.0001871778209951378 0.0082610497914990654
0.26153547084979606 0.00019511645369667605 0.0082845703287555174
0.26223027775990093 0.0001965632614168668 0.0083500361564283407
0.26246624280771519 0.00018828639933541661 0.0084130719215341453
0.26312285088661325 0.00017446413376682744 0.008431317960850896
0.26341036095596659 0.00019330028678450346 0.0084534012133430335
0.26408530516784262 0.00020313916605471693 0.0085032729460318649
0.26442569504184832 0.00018378484497542292 0.0085443595229227776
0.2650810791671484 0.00019626709309661131 0.0085995642643804625
0.26476360149052386 0.00020808300753852644 0.0086063901669250452
0.26554939554568824 0.00020488574543784573 0.0086293801902255426
0.26637983965387613 0.00021024441129940952 0.008691481332578542
0.26607658590103911 0.00020709186736834873 0.008697983572699023
0.26690438239354419 0.0002226377001750642 0.008752313576184001
0.26729968133912813 0.00021138033541511243 0.0087424143039231961
0.26764381258811015 0.0002002302351948728 0.0087869957906323449
0.26800177868406516 0.00021927678277575721 0.0088137414237322662
0.26847188639527014 0.0001804915007390045 0.0087966795683039316
0.26889432520524714 0.00019075234633566022 0.0088193967085162788
0.26941062481041816 0.00021739247563594167 0.0088214833676431327
0.26989126995130247 0.00020230022977247788 0.0088451812737358072
0.26972913755603467 0.00023097250294228089 0.0088771421393710054
0.27026275861360599 0.00021205506385399959 0.0088778042044598254
0.2705004740537309 0.00021413770149099237 0.0088696174408857704
0.27109031105332182 0.00018943336520600294 0.0089112386648306664
0.27145768217205607 0.00020813528087742841 0.0089252712015211472
0.27209271326383039 0.00021430827497705726 0.0089643423879108529
0.27204744253428698 0.00021305671462876408 0.0090264830812705373
0.27218598785864406 0.00018041344562706431 0.0090515834212001513
0.27276056387675729 0.00021187839305652351 0.0090801624752315287
0.27303422821312889 0.00022780158119312265 0.0091237394895221108
0.27377445690701235 0.00020399409723891572 0.0091690770191096439
0.27362164663368338 0.00020824987783528046 0.0091681379116398173
0.27409225414578892 0.00022232637508936857 0.0092232608632351453
0.27445547188681096 0.00021006978260659336 0.0092395627734968722
0.27499106535403656 0.0002006726966337593 0.0093210949655131228
0.27525844266137345 0.00022351338799451743 0.0093127228631212054
0.27544964453791332 0.0002129203724804316 0.009308837701365931
0.27606751305688226 0.0002261410536535727 0.0093122399241934925
0.27647744417226705 0.00022338824143330316 0.0093243583304077008
0.27657546799330507 0.00023898355905601628 0.0093362252273432814
0.27689072286354488 0.00023121070131445294 0.0093406563190208212
0.27720733523771196 0.00022624845181802895 0.0093817526314283056
0.27763983512670987 0.00020710357046655836 0.0094241972998466809
0.27790074806197834 0.00022446233443406573 0.0093829394587614731
0.27842091237245453 0.00022095037951004847 0.0093739268460510811
0.27873414729867774 0.00023701318535559245 0.0094397215699446833
0.27936057985909168 0.00022175270364624785 0.0094588000166733587
0.27949654553413089 0.00024239349391827082 0.0094403762556530962
0.2797082188822842 0.00021632986858864903 0.009479104690627493
0.28054854191514028 0.00021516373886551295 0.0094667043283042651
0.28049282194601793 0.00023332763775392101 0.0094253345222810557
0.28104112028334394 0.00020076276921757101 0.0094937737341365142
0.28128123572961056 0.00022852472709113678 0.0095717576279816113
0.28184743384003463 0.0002259618494898775 0.0096373410657439474
0.28216699543255641 0.00022585862417277185 0.0096481943882795063
0.28278737242742963 0.00021729590429542657 0.0096668516495782477
0.28294594020138242 0.00023951293060681803 0.0097174787813577215
0.28348663427284626 0.00021520316153004918 0.0097814777619341688
0.28381984153542056 0.00024699343612255852 0.0097946659064401531
0.28406072940121152 0.00022793041218800234 0.0098318717046095086
0.28440866000877213 0.00021650502326025107 0.0098412356609954132
0.2854443422453885 0.00023255651131597806 0.009873632808753554
0.28508896491614155 0.00025102152861211332 0.0099222828393815653
0.28574779755053326 0.00020984547179596596 0.0099968800587271131
0.28663530822600819 0.00023309870480070187 0.010017681032877578
0.2868151692006119 0.0002416050435701841 0.01007238338352357
0.2869310715400622 0.00023695149966930973 0.010129908226141305
0.28710290090537011 0.00022469080988501199 0.010125810603385793
0.28733757244966585 0.00024416592173450027 0.01016272243313863
0.2884961487526404 0.00022026559461744174 0.010206116749261598
0.288420781787737 0.00025633804516565393 0.010251521506070563
0.28850009677681321 0.0002170410873245551 0.010266332763116915
0.28875386065217656 0.0002389556158034444 0.01033590837104153
0.28948178322484486 0.00024354476166278704 0.010404404196244945
0.28944853254966152 0.00023707978920278221 0.010441737944979927
0.29025326461819467 0.00021788675253051445 0.010494364875623583
0.29069115453665223 0.00022667712992794947 0.010563514838058582
0.29171146769340944 0.00023665961469000361 0.010643780393669413
0.29169449661438196 0.00025076054559450061 0.010714573912503951
0.29227624100486355 0.00022016861922165279 0.010719554736958157
0.29248322891804224 0.0002172149516170819 0.010745063059270043
0.29258223138662115 0.00022595633271368839 0.010808997701938392
0.29323275066231475 0.00025060038758866762 0.010799991170044482
0.29355657917431244 0.00025141193040979082 0.010870439349758537
0.29383986955164126 0.00023601012079437159 0.010916930422774519
0.2945693534956525 0.00023831387703772067 0.010900295121780458
0.29484545691324959 0.00024590209779971477 0.010898684923826519
0.29531236060223165 0.00025412921464326737 0.010866110233786376
0.29550590787854286 0.00023198037809860777 0.010912057321230219
0.29613020128409662 0.0002269699294907138 0.010992438785141036
0.29660206747955792 0.00023630464879510852 0.010972580743018729
0.29682936982548197 0.00024812412898569117 0.011012653884551391
0.29700223682394977 0.0002437915114379549 0.011014236020929146
0.29733563498144894 0.00025534422477861414 0.011016526735451638
0.29769756468306119 0.00022728757631633223 0.011071429450336659
0.29855087127086383 0.000278337555277581 0.01115198012962143
0.29947990963130017 0.00023579790386163606 0.011231060610597542
0.29921850397262639 0.00024580231863703076 0.011279228757636069
0.29953007313773833 0.00025134439314057557 0.011278995660748897
0.29965926410406157 0.00024183132284767874 0.011358312616623624
0.30084760209182643 0.00023062490404417681 0.011368124924786244
0.30036946404843468 0.00024129415400421712 0.011345042744747572
0.30129664929752281 0.00025339522288193069 0.011303508793227928
0.30171626020261999 0.00023493871644176628 0.011318947749567692
0.30173906278368567 0.00025922283876170281 0.011353454461088392
0.30185418984201873 0.00024750192056219398 0.011308982302276444
0.30261428702085025 0.00027201199277711833 0.011428711492676056
0.3028836147563414 0.00021681396445996824 0.011450141694409853
0.30328397079522967 0.00024460713652945992 0.011372759120297013
0.30361069542103059 0.00024203502960740448 0.01129957022491619
0.30390526558172187 0.00024771928670041062 0.011271360575651047
0.30419767535706999 0.00026271921758088502 0.011278006849022634
0.30509949170419676 0.00024293115084629967 0.011326846034872206
0.30531069554373685 0.00025221816480503688 0.011354699564048451
0.30586720941700157 0.00026009597074308087 0.011475702416397386
0.30613804394571326 0.0002552460819231069 0.011502638037213528
0.30662442531698908 0.00025754926655556173 0.011535703736026491
0.30706258638202982 0.00024033815267086823 0.011583394468562399
0.30695253855187393 0.00025251396791160433 0.011563977223955402
0.30805487175383539 0.00024257724925690527 0.011547133496562471
0.30823480981151113 0.00024516534866497844 0.011530426934812644
0.30868538302774595 0.00026405871681087244 0.011515623546648068
0.30893323620823593 0.00024298476850924985 0.011478596710711452
0.30928762918258035 0.00026430354306405512 0.01153163434566061
0.31054147373001723 0.00025145542381945971 0.011592841905187333
0.30996007104828938 0.00026168702882620854 0.0117009285544029
0.31060938235142971 0.00024027688885587398 0.011684463923390091
0.31118507565919429 0.00026131855420773501 0.011711486339162277
0.31121458507172661 0.00027677457400003774 0.011794832458153545
0.31167085322160881 0.00026645890327292891 0.011814265041817392
0.31269370331966645 0.00027129889196647199 0.01188578357834586
0.31238566027822107 0.00027396831211973693 0.011849814193167094
0.3129276948085627 0.00025642086543010382 0.011904595897323582
0.31274602949484304 0.00026988233585282216 0.011908462481194287
0.31393532935378421 0.00027203801737479746 0.011998145933735724
0.31454827153235643 0.00026166270299972963 0.012053413674949087
0.31447634003447605 0.0002625546299817545 0.012140150420619356
0.3147162960107065 0.00026124972171554065 0.012121078302481209
0.31508307347259784 0.00025754004058970006 0.012097042463247269
0.31579624276193635 0.00025055811940644275 0.012078583723040335
0.31571749160845003 0.00026070733501794714 0.011981300135712095
0.31666501366656202 0.00025548314696730945 0.01196431250093901
0.31705523733154356 0.00026255006446879105 0.011954603033417289
0.31670521669965096 0.00027729911293743686 0.011938422930868884
0.31793092275847351 0.00027124893093080833 0.011977585116469529
0.3179516644011593 0.00029338306538857935 0.011937733005517299
0.3188414046792396 0.0002668829723676846 0.011939330274570384
0.3191808643559777 0.00023779565715733531 0.011980747010918473
0.31930314663372866 0.00029906426571913862 0.011984807886339903
0.31999766308696953 0.00026734766406839882 0.011904506010057039
0.32018109726085919 0.00027530820206282447 0.011907009863006092
0.32003621697790824 0.00025574934152191252 0.011930309816347141
0.32094566681907205 0.00027786969326293136 0.01203394082836968
0.32145171731343841 0.00027250716287720766 0.012026379956838298
0.32171974843866535 0.00028241069555724974 0.012078364664501238
0.32185709679454477 0.00028113113604477668 0.01206235086523579
0.32244628860045471 0.00028512243725973754 0.012121874776977975
0.32301107697093356 0.00027127213714596979 0.012128321749495673
0.32351273434338262 0.00028424538582551821 0.012241780811185245
0.32343558311903248 0.00028220214370764226 0.012232376720018688
0.32406571905940451 0.00028159116220867025 0.012338524700146862
0.3238398917830847 0.00029196378961645031 0.012341879711142928
0.32450110511558017 0.00027711564260823071 0.012465328898363676
0.32568719160441423 0.00028885686690887952 0.012485844467110586
0.32516751293424762 0.0002848741734541309 0.012444102720057977
0.32623487912509674 0.00029648171946181832 0.012518938682192563
0.32649041816189922 0.00028223802588272942 0.012515803212345317
0.32618573303073478 0.00027481115621890155 0.012490977742627037
0.32698103063763723 0.00029056828297314362 0.012528110845966502
0.3278079456749613 0.00026670161719554147 0.012603037727371541
0.32733663283833664 0.00029770605250592312 0.012524283194785433
0.32816113459396695 0.0003282680612089569 0.012517162754712556
0.32878825240285564 0.0002782717325803304 0.012526669860566357
0.3293368943278932 0.00028316808854440161 0.012594588290546944
0.32947552547671216 0.00028575115129440083 0.012625958036524214
0.32973884506135265 0.00030428995171209657 0.012680498064734246
0.32994907679981439 0.00032293985475627049 0.012641640376755196
0.33062460270740202 0.00028908239597368979 0.012661924391808278
0.33095536999543335 0.00027395442194939591 0.0127237201949871
0.33163796487811903 0.00030254759828469616 0.012765658745836593
0.3314919077645811 0.00028790063345879394 0.012749748487718707
0.33203911162122934 0.00032581432687995063 0.012749092164857203
0.33282613632467412 0.00030858593204233947 0.012785540373302113
0.3332372046762711 0.00030223287860979298 0.012819141973266676
0.33303592047073666 0.00029623753002382813 0.012807480956893031
0.33363252538502181 0.00029833268206474881 0.012804848088299521
0.33425249993981204 0.00031659778886875 0.012855118227869229
0.33446262625763873 0.0003199709972771364 0.012834236172907968
0.33510598679965153 0.00030284118333173915 0.012919949418040682
0.33532837451666103 0.00031034518326171511 0.01300118466965121
0.33637725630162651 0.00033017086527107741 0.012987760398227034
0.33608860927349354 0.00032389725062492285 0.012974456767635737
0.33705635945792023 0.00031390358119403689 0.013005077386765981
0.33644093597653735 0.00032514285496306963 0.013061679285858501
0.33727232872319968 0.00032425937946126772 0.013155561549673435
0.33742958115247201 0.00028219933383625081 0.0132156681553308
0.33785014359660326 0.00030028633531790943 0.013282426807385136
0.3385441953743803 0.00031241769652726566 0.013381816622657305
0.33889609227337181 0.00032899306633778338 0.013385910346710184
0.33920131114047247 0.00027244366611314623 0.013455246608714989
0.33987898546836121 0.00031964395423728645 0.013618515585369365
0.33962011688795624 0.00030876836597925624 0.013630607397833958
0.34012811532032622 0.0003192416797363552 0.013663733450846179
0.3406995576654967 0.00030803904780429402 0.013589011614050475
0.34155702824230777 0.00031201801645193666 0.013570831814389077
0.34129637874788082 0.00031641211043016487 0.013672620016338335
0.34174008127005506 0.00027824032773581176 0.013736931732612326
0.34231436685957228 0.00032986326449592609 0.013702759348486729
0.34265178072065444 0.00032457303459558024 0.013678699084010936
0.34288808528909837 0.00028887126717433252 0.013817125445667733
0.34381504112799044 0.00032893061529483012 0.013755677166792026
0.34366287908182785 0.00031841327618078113 0.013844342549960408
0.34399212104841126 0.00031898665739536633 0.013847539290598071
0.34465561829707941 0.0003090783783877833 0.013751084491879171
0.3446717081078769 0.00032060059334993281 0.013722057573999647
0.34543526001274788 0.00032687017174886377 0.013784845186237285
0.34544114182039753 0.00032470365191995695 0.013714774068281376
0.34579822226832618 0.00032425164203376205 0.01371591396401421
0.34649780932067936 0.00033294704413180259 0.013783763599140561
0.3471364673818636 0.00030780367574983065 0.013829920489750262
0.34711909717955336 0.00031948718821129879 0.013988430294067732
0.34783511302990966 0.00032634233013136032 0.013936480289796974
0.34751481609044793 0.00033140986918757398 0.013917886519845242
0.34814753236133256 0.0002991500597717155 0.013962843517395407
0.34823006127218714 0.00034450450994597415 0.014031247258940813
0.3490160426656142 0.00031908777609023593 0.014102915860384299
0.34981021465109025 0.00034052246741194189 0.014147141748454014
0.34959270760144534 0.00033285254883731031 0.014172707925128052
0.34989238079796114 0.00032280103922830594 0.014215704399645299
0.35117871423980818 0.00034259479140091951 0.014167312904482057
0.35069787951141307 0.00032520886555843331 0.014142354169197346
0.35177461027473572 0.00032175466284305897 0.014221403749532933
0.35136594567713864 0.00039178948490687374 0.01415071608922692
0.35174737007239437 0.00030843360290487294 0.014256484439549849
0.35188189236375134 0.00036111473785406046 0.014217215786718288
0.35261007685224943 0.00033590115310676451 0.01428819192103379
0.35320624220862712 0.00034475088926803015 0.014414000125047689
0.35351941996414898 0.0003255963438494714 0.014455905734566574
0.35308017758113197 0.00034262211752516245 0.014517103733017742
0.35396617617117987 0.00034310321956439578 0.014559123197883335
0.35485636160171552 0.00037223669794008964 0.014502962473391362
0.35430661837730359 0.00035367107471161467 0.014569604843438631
0.35554968118931674 0.00034544877917216113 0.014638423207445161
0.35498613393692768 0.0003324955417200457 0.014656014957684425
0.35579772634879075 0.00033650366260852733 0.014682833568580628
0.35654510068866768 0.00031707435220786669 0.014667237903313533
0.35711167586744491 0.00035964041177550816 0.014646483483863616
0.35756963923893731 0.00035339988638292795 0.014640277298226027
0.35713021379545895 0.00034413175175355157 0.014537175896099814
0.35824026773587003 0.00038003795062692609 0.014548156436094205
0.35832993311619293 0.00035372735991841047 0.014530519766929156
0.35867083455730225 0.00036181633780486025 0.014641288763440204
0.35852450902192601 0.0003628689555619422 0.014586699035793909
0.3596566049257971 0.00036978018421128875 0.014689268190855042
0.3595512526829468 0.00035063914823521433 0.014733542216528417
0.35960591329244018 0.00039794489307416682 0.01467303597501364
0.36077959318958047 0.00033445739105323572 0.014783530650982969
0.36041686828322822 0.00035602468220746931 0.014753690512321333
0.36157787284115023 0.00035282750425990434 0.014847763425843413
0.36154755989819382 0.00035038327611889393 0.014867725663469122
0.36174079287543159 0.00033721463245224597 0.014921828232292846
0.36275170357186748 0.00036733612325969825 0.015011228581975724
0.36238209557261608 0.00034352636327471823 0.014995844144725753
0.36343589462055909 0.00035094149192061976 0.015067824135045892
0.36405479457902729 0.00035957040770790588 0.015169236446187579
0.36402893059638503 0.00032581048505231586 0.015225941082643059
0.36380279531159848 0.00036001714101783187 0.015172667075031144
0.36478436771127759 0.00036319176374357144 0.015239972379572734
0.36487618550335982 0.00031547508413442887 0.015230715263728427
0.36501147813772433 0.00037973300990379517 0.015404186070011084
0.36541659999166398 0.00038537003414162448 0.015533326130759513
0.36567378980915688 0.00037060146008888184 0.015625387586669343
0.36611221387140419 0.00037783341015953058 0.015636439985624064
0.36618138869153455 0.00033606271812849941 0.015722909937533759
0.36726197985447473 0.00038264901918203155 0.015715132715435641
0.36752607107726137 0.00036467531523574236 0.015720892550927779
0.36761850250733941 0.00035181264897615191 0.015605821767888016
0.36818415959994855 0.00037192196406282522 0.015641273615649851
0.36844052076136852 0.00036406829557408674 0.015659374994787572
0.36914163052570548 0.00035463463848450013 0.015658133031079758
0.36973244300918445 0.00038054293119231335 0.015718429126377043
0.36986064766440074 0.0003646373202046754 0.015742293694414797
0.37027531158565569 0.00041010024421086029 0.015777358614466313
0.370293065458977 0.00038478825140784631 0.015777715311100827
0.37117022638465058 0.0003632309697651378 0.015870554647127125
0.37122775907824829 0.00036165768871190227 0.015782390289737887
0.37150340319130104 0.00038492481306310125 0.015819974438262791
0.37155294043277065 0.00036697616220379437 0.015688867305402469
0.37287316190401393 0.00035754097168651369 0.015764505016061237
0.3728896213614733 0.000369583113823703 0.015796639695182295
0.37323834542950285 0.0003875671191770485 0.015765800585747926
0.37365739415501353 0.00037612503183099942 0.015948893082460416
0.37413075405969054 0.00038327850209630228 0.015977019440518641
0.37450652389254135 0.00040268435362132265 0.015991515223531198
0.37456732038953389 0.00039832750830221507 0.016076933832039484
0.37478044369394614 0.00037145581473057698 0.016152562746377278
0.37500359113882342 0.00038555547182331056 0.016156890326555266
0.37516084987860615 0.0004085767471727248 0.016190826468318518
0.37602252019856452 0.00040655727314838151 0.016133013332242704
0.3764299224008758 0.00039875410919390454 0.016273374183489026
0.37629164903979206 0.00039428987273177468 0.016431757320064109
0.37755558143917922 0.00039307504405142592 0.016467513497417235
0.37669944534795174 0.00038263887975436938 0.016401055989508334
0.37766501946544362 0.00037813317995573641 0.016452108386304468
0.37818353343186317 0.00042185975157064666 0.016626091423353084
0.37823052117647132 0.00038180965147267625 0.016605967984186405
0.37830548075358017 0.00040290459430723937 0.016804857038258451
0.37987508402254672 0.00040844756082625191 0.016876995512537549
0.3798634328077069 0.00040337736609864761 0.016918913575275391
0.37949250653908323 0.00043668204031712744 0.016870139555661457
0.38029555376250934 0.00037512138792936557 0.016919462140560424
0.38059193321788182 0.00039506173389133734 0.016888779021147011
0.38100889547379913 0.00038024039899994924 0.016860499141141759
0.3813288842907549 0.00039975672933260952 0.016784461624010396
0.38139074871609419 0.00038349666231268889 0.016950402545693775
0.38196074322839757 0.00038915091295018507 0.017053774053409545
0.38228341898811308 0.00038233804222193555 0.017035505041769181
0.38340318494254283 0.00036660835321340892 0.017146751256485595
0.38292513713824872 0.00037413530861970092 0.01726135620170461
0.38378600562567661 0.00040812403070104912 0.017290708190025657
0.38333814665759891 0.00040187062947243059 0.017367169768055957
0.38435412194632679 0.00038584786276986622 0.017591487726521339
0.38422470941124748 0.00041782147585805898 0.017739558969015985
0.38400591715904864 0.00036554763335948658 0.017887075735723526
0.38504690453148482 0.00042119566009996316 0.017905512815480532
0.38524901009450463 0.00040092614264952025 0.01788080401476521
0.38596464318636303 0.0004021872427485439 0.018035206391100806
0.38715475026278451 0.00040515217059578071 0.018128975439711023
0.3865831441361689 0.00043861935278305798 0.018089993583036576
0.38695952558359853 0.00043751475182004113 0.018066497797242842
0.38724331483804764 0.00042253555254029041 0.01811194891416117
0.38777401905902553 0.00040345630188233793 0.018193917425772255
0.38711159673931378 0.00040243413519263927 0.018250747645092363
0.38760113558866266 0.00046945602248736075 0.018312175737262255
0.38842218888522317 0.00044258481314214015 0.018265652597894377
0.38856052726473939 0.00043863759787001816 0.018240701176256383
0.38913262175101715 0.00041490710275156822 0.018404573562749781
0.39000067550660716 0.00040919134464855871 0.018576847169259229
0.38941168267788245 0.00043156868992526201 0.018595469931287953
0.38959873585843963 0.0004276065227041029 0.018645486533163436
0.39081515971811426 0.00043849213976379349 0.018665968137688133
0.39087594883543236 0.00042301130610950622 0.018710169217458723
0.39059909929691106 0.000437146114816691 0.018789808451131196
0.39095676303117755 0.00037202073245424817 0.018822004532810035
0.39202551670555974 0.00041477627030195454 0.018891837318208243
0.3927930807787326 0.00039497154846260382 0.019009816261418306
0.39226928296086733 0.00044553062816103434 0.019053358378724763
0.39217401776917754 0.00039980491297907935 0.019055803278463478
0.39304347515368432 0.00044873019489642278 0.019081017285996066
0.39380959007820587 0.00040020984040958746 0.019180662440485389
0.39440654585727797 0.00044115454151494218 0.019222463935686239
0.39411723374560498 0.0004029886545814779 0.019120802468890308
0.39392842170902509 0.00043307584604775274 0.019211781651289998
0.39462114344946436 0.00044793160024414084 0.019233661614486454
0.39537812347587681 0.00044457267715087342 0.019310542737851967
0.39458101089725922 0.00044194755555615879 0.019355022292161937
0.39520680556796339 0.00045675420801670301 0.019362778724183589
0.39537800326755007 0.0004215844508825885 0.019376853895465992
0.39572145648307677 0.00043287014747801149 0.01962108738502262
0.39602695425653384 0.00047526300229680106 0.019872979791344593
0.3965500268059185 0.00046898748917714874 0.019823714504942483
0.39631206966214289 0.0004380810051138296 0.019947771063482608
0.39638304353171105 0.0004675480178219082 0.019912718175793185
0.3970098653668882 0.00039412126406285371 0.019935270600532479
0.39773617070722178 0.0004327125994288138 0.020125000030464517
0.39742863706947523 0.00043786691923759752 0.02025625264330335
0.39777977615969073 0.00047942677957313275 0.020399112137113654
0.39790444396393315 0.00044543411137303501 0.020572443796484773
0.39816213136293277 0.00041412736600328218 0.020575877976256061
0.3992257583328464 0.00046278285055467239 0.020728707775392929
0.39917890906359055 0.00044241581676249746 0.020741600586357049
0.39915647846720131 0.00043579287810783639 0.020593872633439151
0.39969899746647447 0.00043029544342532047 0.020870668066093515
0.39957855957688987 0.00044992753077797797 0.020975431427106946
0.39982145099545752 0.00043857063477617785 0.021072425425410431
0.40052611162318952 0.00043681258392358875 0.021107694599733866
0.40137265749191825 0.00043846054796747164 0.021045989041910712
0.4007466025033844 0.00044306647139250309 0.021113101057867359
0.40084868360000969 0.00047560890657369657 0.021115714251903745
0.40173635836039057 0.00049080779669976541 0.021199914676125777
0.40221129503385261 0.00038378645197335208 0.021259748112414659
0.40251216281520513 0.00043695104867648573 0.021431205696606101
0.40293793015466939 0.00041632323408264088 0.021430635470044625
0.40208859436216965 0.0004841414040666734 0.021403673279710527
0.40348880325486047 0.00047171322727857624 0.021498531026504147
0.40266882189907954 0.00045972338950090526 0.021445966535691745
0.4033222540479014 0.00048247181783784822 0.021407229881723458
0.4045100056676838 0.0004500765376270446 0.021442401577003903
0.4042789193685063 0.00045027014800841581 0.02151779498322634
0.40481356421621495 0.00046967504223226572 0.021497355636652362
0.40449973383575766 0.00046709064841426431 0.021433139327297356
0.40483274525956953 0.00046660832115948315 0.021521064920235748
0.40510035185222765 0.00047643008544886903 0.021637430408431548
0.4052522338661429 0.00045520448182522952 0.021712509272075919
0.40558007014616432 0.00047344680407447284 0.021703286356362473
0.40545827195611134 0.00048518752224444212 0.021660054078233886
0.40655138897011389 0.00045460427306292687 0.021701640147156028
0.40672786211819184 0.00049317683698735194 0.021709194174297522
0.40687801698769316 0.00043977989099409134 0.021789106372894232
0.40711327046253448 0.00049397712934357376 0.021834190755773232
0.40716879140878492 0.00046814719329299248 0.021812963075094411
0.40733993075006114 0.00047590260965255077 0.022003989655371817
0.40765334747640475 0.00044267120446504738 0.021924734558692982
0.40858257739249071 0.00046411235183422948 0.022069179971190272
0.4082330631007498 0.00047619497997621112 0.022226642032481824
0.4081646814185016 0.00050494317743232057 0.022228678395076383
0.40924981509201547 0.00048542512856555094 0.022463675849390786
0.40907213532489528 0.00051219648178003896 0.022564318088166287
0.41008002148101946 0.00052790689321069429 0.022526747504830448
0.40976062571578364 0.000477033545681751 0.022518256636356569
0.40974426625186167 0.00044183075200865271 0.022569568549190629
0.40969389899917363 0.00047361283866398455 0.022693527023314029
0.4113628339144173 0.00044260621045088595 0.022932504354202389
0.41124957260194656 0.00050435782111164318 0.023169640602478597
0.41182115961701671 0.00051557069532180645 0.023299240801660168
0.41147704050759681 0.00052029567428720511 0.023256506603221566
0.41217833199733411 0.00045831340511731666 0.023192368380565528
0.41180031561859542 0.00051017506758028433 0.023548548735268206
0.41303532998868786 0.00055193539289638441 0.023701117393404886
0.41263981528868826 0.000477817794019872 0.023718706750156859
0.41299778168568729 0.00052970263501795072 0.023720133472656519
0.41282378452527191 0.00051619718426767179 0.023730695258294989
0.41305886811055131 0.00054040628230005703 0.02372878827089285
0.41426836956891783 0.00046384616827582607 0.023859436306324994
0.41336083267187862 0.00048573002189757287 0.023796891730351512
0.41408492242599776 0.00043816818567871937 0.023827604435689376
0.41459280318291775 0.00051692029626055486 0.023815954529934246
0.41456901908549149 0.00049247655280446967 0.02403283833634115
0.41501621054568605 0.00048671721049425306 0.024053327569122131
0.41589351474980651 0.00051473509894190588 0.024273165822143058
0.41493145346078691 0.00048104423895046247 0.024198979231256992
0.41587135272594111 0.00050089883917397028 0.024365422276132545
0.41613757631671416 0.00049000966226931157 0.024451458763837138
0.41634254619076128 0.00048309698539128107 0.024685609676734967
0.41678277899582805 0.00048762345323408429 0.024759842517955162
0.41737030178751888 0.00050380933026904933 0.024692029379657438
0.41663260743012531 0.00050755065749921301 0.024769790057722056
0.41678556542302325 0.00048806697104285799 0.024839664626138618
0.41678207770223047 0.00051553354494249693 0.024843837628729697
0.41691622153737778 0.00050219446383770118 0.024908395949933944
0.41806803302336909 0.00052641227313824138 0.025023508214139605
0.41752500424843908 0.00054233329003000629 0.024973405175441003
0.41863723694092048 0.00050367814942812485 0.025008990805778397
0.41759396331025089 0.00055248604987725156 0.025089252560774974
0.41796505954582763 0.00049915962128441714 0.025187739129496966
0.41907732424048533 0.00053348470922587083 0.025473283558871202
0.41893351991451916 0.00049800181834991472 0.02540821226133708
0.41831325122057245 0.00052036260782312713 0.025377108900758234
0.41878028897166958 0.0005378814569234569 0.025561713367339662
0.41964355721658847 0.0005218978169530278 0.025691051280306101
0.41953584629057994 0.00055661023579810123 0.025652891136767088
0.41926624524757111 0.00049852139497606805 0.025572888321892803
0.42124340947457728 0.00053231943680137996 0.025766328904452296
0.41957854918854781 0.00053955580780403085 0.025996012506623912
0.42156507880848149 0.00049672368814349262 0.026181898841135982
0.42111558220036382 0.00051265879674902454 0.026152073592575389
0.42134572965040767 0.00055099292642080805 0.026297866800179627
0.42129915547641572 0.00052030556721901816 0.026265765115570966
0.42226403440908794 0.00053527405872110586 0.026341595988879758
0.4216029924969712 0.00055200308022052881 0.026367705001748818
0.42222079641382787 0.00054335723753363594 0.026489254784925958
0.42127597067114569 0.00051177038326223135 0.026517487521353904
0.42222888386246654 0.00056971243398916687 0.026610367885909696
0.42259750807508645 0.00057118793817833972 0.026668406726955616
0.42238721286885395 0.00053172129655109485 0.026615636063099923
0.42306121714362521 0.00058730373282872854 0.026508668586751827
0.42250501088832088 0.00054591311809724691 0.026618388255234847
0.42373462142442603 0.00058598770727318278 0.026805820754971333
0.42371714711152297 0.0005447411870924256 0.026824896313118473
0.42363793905765507 0.00052349290108836557 0.026723687470299632
0.42440352538460396 0.00053849317709189 0.026876043450450457
0.42465673097704171 0.00056357150501472992 0.026774061352693227
0.4248259571011756 0.00059511847659139564 0.026712598547473529
0.42430370711588916 0.00056170189100805277 0.026599121604143159
0.42430450924577001 0.00053062529756307179 0.026483107698281352
0.42451506280004381 0.00054389748448745395 0.026547619414330034
0.42562712843566419 0.00059245789485631287 0.026737711147119987
0.42574533920776814 0.00052613665055441922 0.026715469340348293
0.42507194686915528 0.00057289087759717673 0.026808317005793694
0.42612768219760161 0.00055022882947004901 0.026957646087694943
0.42565825342275126 0.00060085724163530334 0.027037676684049498
0.42620702383092351 0.00052883776653040262 0.027325041947534719
0.42599329999348567 0.00056467465576483873 0.027365534891341289
0.42565852533995546 0.00055798871193978863 0.027367933612536893
0.42702289175237879 0.00054878695082647376 0.027471179653195055
0.42694653778020858 0.00057292946108067821 0.027514249916543037
0.42668686107678655 0.00054912851883460599 0.027607684878826286
0.42693760950430121 0.00050438353379731501 0.0277182829095786
0.42736673796641839 0.00055933901468170079 0.027640449403634918
0.42754504649798125 0.00056787679649916083 0.027720484496521584
0.42765618249310744 0.00054017281006009399 0.02781677093349768
0.42852697295717995 0.00065438242202810301 0.028149688915331521
0.42820865243686612 0.00059250320532817252 0.028366291699532056
0.42806434703622859 0.00053754731768460083 0.028477468299209576
0.42894213933107644 0.00055930615345929538 0.028730752846320474
0.42869283741630726 0.00053542167765431288 0.0286133065394964
0.4289701344749442 0.00060082457584262512 0.02891658844713161
0.42875531581661142 0.00060968205843881277 0.028973920232388279
0.42943202886515081 0.00055833162840766652 0.029171598718492581
0.43128314291982828 0.00056575995052564494 0.02924466334041291
0.42974722093995632 0.00062556008115325116 0.029241647236589834
0.43065538263427011 0.00055610595821766373 0.029290183808173633
0.43016514421054419 0.00057165308488137806 0.029335673312750152
0.43084156010437646 0.00053929807468351199 0.029618324902433449
0.43078638312462708 0.00056736269140070922 0.029929315841594611
0.4309651486157165 0.0006271585353880883 0.030030154584656486
0.4312670646986736 0.00059281419464117351 0.030121178129812902
0.43214305958674015 0.00067797942750975155 0.030106974084288002
0.43196939616214891 0.00057426292168836644 0.03019867044908232
0.43158515604877273 0.00056754359295702907 0.030159962272573754
0.43229265799010858 0.00058953790724613033 0.030140921510191088
0.4308903345632229 0.00062406142065323325 0.030208451598573507
0.43212842957313652 0.00055334333454194902 0.030351873233114061
0.43187268702463077 0.0005468350945525565 0.03033937953266333
0.43277577289613189 0.00059046617340463982 0.030704194031266036
0.432190145500219 0.00060492996195918671 0.030590480170947426
0.4332879371333439 0.00063234352223621082 0.030721028480752623
0.43336350635978765 0.0006741957576497557 0.030613115235247169
0.43335129446954301 0.00063109051214495823 0.030538281792443826
0.43464606708535131 0.00066277384409699398 0.030732158976607214
0.43322226604577796 0.00056790511766749755 0.030663339785057895
0.4330608446507575 0.00059201112589176948 0.03062220005171825
0.43494299619508126 0.00060494535204526064 0.030815077630724167
0.4351804880197816 0.00063379514944718123 0.030786800013896672
0.4342436357306621 0.00054897824466651392 0.030726006253121288
0.43439726138915236 0.00065064234817206051 0.030800633267072469
0.43566619550810887 0.00065097641324325314 0.030888135538332161
0.43470520122213785 0.00063658876233851989 0.030863082162170007
0.4368498019781305 0.00058735417362331603 0.030863361682884123
0.43574677512885701 0.00062417983959745914 0.030896530960491362
0.43541554099125263 0.00062790786538881294 0.030925182834624556
0.43588715027466174 0.00059174129666439055 0.031176293825883102
0.43643788759655644 0.00061994686476585345 0.031145466940009817
0.43609389685091715 0.00058542042460219858 0.031148185037129204
0.43748046823503084 0.00066090178180347263 0.031332131720192294
0.43661122262946089 0.00067542655823122613 0.031245513920986484
0.4356705290564189 0.00062370876876589811 0.031546490196446772
0.43655438668383567 0.00068317196212936977 0.031904631752698344
0.43780847232727199 0.00061790562733400828 0.032010804926910524
0.43799540043948437 0.00065497333007591744 0.032013201123094928
0.43678284273893969 0.00067038963256493671 0.031957909663272478
0.4380753099255989 0.00068292791715533622 0.032059633610886699
0.43870091797146205 0.00065455257652061204 0.03222028152411862
0.43972296572784164 0.00065924061526511258 0.0322058638739703
0.4372371642106892 0.00068532110356596886 0.032065156680698537
0.43849264040745123 0.00071435527096355244 0.03252229740169487
0.43936446967235776 0.00061068161035352582 0.032839799785450721
0.43886389986005908 0.0006926739216028113 0.033188667055365939
0.43834396104620332 0.00059882867664793726 0.03360128006901153
0.43940651807646053 0.00069806759198817606 0.033580858163333963
0.43880715142225113 0.00071893386299926271 0.033717644022826954
0.43878626624431216 0.0006830414878893909 0.033934109796929013
0.43935970841226646 0.00064122543517056119 0.033997621151914043
0.44068119143739093 0.00069013203194086964 0.034342942748661023
0.44004793397446873 0.00063105926201308094 0.034550760838551055
0.43982911345614695 0.00061896379319039112 0.034697626448158291
0.43963512739389915 0.00068239207320703482 0.034936664051131452
0.43973062265784835 0.00068595531821502489 0.034801792027513281
0.44170216140734264 0.00065072900582718635 0.035299326381613955
0.44071047386472839 0.00063245595208845243 0.035230086537804725
0.44065169460688869 0.00069282036031433536 0.035342392434773356
0.44109932997623613 0.00076076136352417028 0.035430865834621704
0.44161454323285831 0.00061356687579932343 0.035437466870438028
0.4408132767700973 0.00073693862092280419 0.035594105520533097
0.44158977279391171 0.00063127297396248824 0.035413131335543364
0.44184397865689889 0.00071537492697244472 0.035485473125164334
0.44114200194586589 0.00066046532941513726 0.035644391695692904
0.44208809782620045 0.00066464711096865406 0.035747501284180416
0.44149907341472044 0.00069443844401913073 0.035679045344875933
0.44154949859769166 0.00082184425966393766 0.035734025564383494
0.44233847832508522 0.00067083352005885939 0.035875442735253421
0.44327877664738252 0.00070793831678188498 0.036096425858939282
0.44179824468888523 0.00066488660424185897 0.035859080702641814
0.44242643567903489 0.00075708994245600523 0.036055586314755111
0.44318423077671187 0.00067936004019484978 0.036417894627999339
0.44196762799892975 0.00068370165845574554 0.036555584626352881
0.44350509905108654 0.00073919530781071019 0.037081618286685575
0.44286439238039066 0.00063884493458620959 0.037179174339046342
0.44319989077480954 0.00073767609639630515 0.037276344718283373
0.44304317616087285 0.00071243076275673625 0.037329925409416528
0.44339856669611222 0.00072105794493735286 0.037522229224530398
0.44381851008634526 0.00072649981001957108 0.037778255564942277
0.4447008027494882 0.00074592454260144318 0.037651269137165211
0.44400438477766396 0.0007498004576867815 0.037500864558961851
0.44314692108562909 0.00071942504454179451 0.037778513020739354
0.44317691297736955 0.0007243751986291809 0.038104721798539264
0.44495197169637174 0.00071228808275427191 0.038589396257056797
0.44482529601296977 0.00075054616027050622 0.038892966887202257
0.44546352087231356 0.00074973210469548831 0.039113628079904109
0.44521958493291519 0.00069258886512766759 0.039270025101983498
0.44556273402664365 0.00071816197467773136 0.039738041877927031
0.44605240786036404 0.00079714574894439194 0.040143282575526629
0.44450937932228152 0.00076008764675942705 0.040100539166247978
0.4436985034451234 0.00075152945362778694 0.040145812498349691
0.44551584533391103 0.0007080299766327779 0.040453279964785337
0.44519104948599703 0.00079277334668828212 0.040417580819646401
0.44611729366089448 0.0007107817314717514 0.040463819062778315
0.44636236089632247 0.00077814440087281577 0.040719597768436332
0.44672329534037891 0.00074837471591174861 0.041075739550093797
0.44661039367967215 0.00083315087206105006 0.040934823382285788
0.44677900955642336 0.00075780701072913057 0.041372652174151356
0.44658231846716184 0.00070414436292507647 0.041468225982810775
0.44739319779992714 0.00080252270851723594 0.041868280308883767
0.44646315647441548 0.00078157469336679317 0.041912817674389299
0.44733280857852875 0.00077011196755402049 0.041739142145344042
0.44667780161055626 0.00077638077138422203 0.04188082251988514
0.44699301659402441 0.00078162595425930112 0.041962434875588046
0.44688532859254931 0.00079970563770258697 0.042245081706389631
0.44789019552786002 0.00070013264599680717 0.042283088415302712
0.44851279326121996 0.00073069962436781214 0.042449618366897791
0.44797518706639611 0.00075997660184410427 0.042473633840895815
0.44775489657193301 0.00086251329815564717 0.042427177245726241
0.44812785280817702 0.00088744023578734503 0.042568592906880462
0.44714360002585263 0.00078434155155096075 0.042605173244605658
0.44898438626062864 0.0007935586328750013 0.042928926691890433
0.44981637282623166 0.00083040459920748438 0.043249977334817606
0.44802213736967705 0.0007969568710899218 0.043264158433972959
0.44854355044012656 0.00072411288409274645 0.043303472264986723
0.44752357457012987 0.00082852498231797997 0.043283447063518554
0.44769751005807407 0.00081467219580640495 0.0434217756506406
0.44818290462524957 0.0007450434083356237 0.04361923638039792
0.44907273205168841 0.0007694134778430487 0.043793102440217752
0.44920402263638182 0.00084645432854679563 0.043990048493520763
0.44944641044214656 0.00081475409042711339 0.044153555001289722
0.44979943639397829 0.00083145484665033016 0.044331741445977249
0.44936137265907899 0.00081653391690386765 0.044517816117334928
0.45044266059244781 0.00080411833183020854 0.044781100458574821
0.45029325994455732 0.0007879533029804647 0.044849303312175737
0.45065547144290297 0.00088807233761002246 0.044976022104884689
0.45028217576618546 0.00079741993328027506 0.045004908416865254
0.44927065178470355 0.00080696141969356834 0.044975341732429189
0.45069583443900124 0.00083917619971130171 0.045169786568953256
0.45095112401559367 0.00088097254976360437 0.045055708829707483
0.45221829944033831 0.00084363633383438346 0.045275703509222137
0.45038552800619552 0.00075643976565942705 0.045172249300094891
0.45043757380897481 0.00083043615315779378 0.04533830706961213
0.45179420193384673 0.00084192346891280134 0.045683281964494532
0.45174284673199666 0.00087654146984837472 0.045800031659287269
0.45160814035513863 0.00085759719505377574 0.045713488191743465
0.45138079022761701 0.00088733873707697443 0.045884391218473659
0.4515278264407131 0.00080315200081330169 0.046086644098580432
0.45071504275459445 0.00085714443949694481 0.046059091016681361
0.45060450664665747 0.00089763167387955933 0.045910486524171928
0.45294583625577833 0.00086115047462009939 0.046092051555199957
0.45219314879407768 0.00081705335368722543 0.046043085220014948
0.45363864064672399 0.00087288086974126927 0.046165011928245035
0.45168864407685194 0.00080780708660478488 0.046249068264031662
0.45202161719130707 0.00089993003738069322 0.045978623268557652
0.45339709412029067 0.00084225405739756388 0.046138522713416917
0.4537526094381657 0.0009038872836825587 0.046104841614626253
0.4529024497126492 0.00086509212337997608 0.046307180034102981
0.45363075666819774 0.00092996253453782253 0.046456799712053326
0.45303068121219059 0.00090316735035136139 0.04658411013657314
0.45330962540569658 0.00089745075997256767 0.046721044137172769
0.45377745057130064 0.00087577328833237592 0.04648395470589143
0.45446106988736745 0.00089095974734816402 0.046291420380987443
0.45239978928983227 0.00086400250186640553 0.046233892255150968
0.45294869044985647 0.00095352607087429938 0.046448044287482858
0.4539797687670315 0.00082003190547910135 0.046777292371366734
0.45445292633558432 0.00087309063540623422 0.046891557472325103
0.45361496621120118 0.00088983447894767952 0.04672202476888053
0.45355975588377206 0.00090034571867530729 0.046752561196274744
0.4526734930909217 0.00082150922876104125 0.04659069848090349
0.45364230688526397 0.0008675828681499445 0.046766641014030198
0.45336275342083771 0.00089877191532992777 0.047019762239422794
0.45466569679724245 0.00088582207135871741 0.047005430272532858
0.45509443337458294 0.00086689165454477055 0.047281390165543648
0.45460446696229739 0.00087288399100322422 0.047214329366067516
0.45573920194983314 0.00084401136045882932 0.047573245372118454
0.45455014295807805 0.00088947079660660247 0.047748659546684197
0.45506963394747285 0.00086303993918771405 0.047935574061498412
0.45411973056094779 0.00090077347868430704 0.047889147188679697
0.45397850892128633 0.00090219249902502899 0.048165388618349805
0.45415257007135057 0.00094327446324076305 0.048388592185218127
0.45576044053674347 0.00093503498420012608 0.048588098922266142
0.45517350438764231 0.00088960351384677718 0.048606410521439193
0.45379810862321024 0.00093943009228166343 0.048422834639266887
0.45491082302919156 0.0009395486674117293 0.048785926226156691
0.4558560797870061 0.0008961942515141435 0.049238103327307423
0.45589254454299466 0.00090999782118683723 0.049725467129987315
0.45603680301222915 0.00096911514631474113 0.049825986557609989
0.45576102412350056 0.00093539638513781163 0.049972212725056357
0.45534354645275787 0.00096118935486066287 0.049990927770901777
0.45499856457595544 0.00090572878684160322 0.050232888968659579
0.45587690281554266 0.00098166478965391749 0.050329867468152677
0.45614814917152396 0.00093713890716554463 0.050359823992649565
0.45785863341858846 0.00088969114483969998 0.05054867152426154
0.45668782224405691 0.00097138836471417304 0.050419407570013564
0.456916608041817 0.00088807383352662551 0.050444647291337817
0.45675259888920378 0.00089448238923508377 0.050426514376772924
0.456365013291678 0.00097493908097349372 0.050383723263996739
0.45711502457019088 0.00091327398602611886 0.050466577840539512
0.45606132067118338 0.00094966309800300708 0.050350340851540089
0.45738663800783563 0.00092605776694712775 0.050496696175561871
0.45634780418976079 0.00096686124612427055 0.050381874178307251
0.45688968644772576 0.00092567786655373672 0.050441327308343054
0.4560754504789436 0.00092440400154757574 0.050350944595023872
0.45543743560110983 0.00094880656061460851 0.050280074206014984
0.45716648254271347 0.00087241188868498185 0.050470743504363244
0.45773892522814463 0.00095639069784062339 0.050533929133339497
0.45741395565838611 0.0010001617739559406 0.050498138364141798
0.45692479134491637 0.00097548263574308487 0.050444209557878122
0.45830748408844224 0.0008961913958107858 0.050596871945839991
0.45713246713520894 0.00099083090749201453 0.0504671315383678
0.45703680120790391 0.001063412389159179 0.050456546191733544
0.4595118302178986 0.0009172573392759785 0.050729778459854658
0.45891440799619271 0.00092208760369392919 0.050663826451427821
0.4588496791525476 0.00098219773839520455 0.050656689731313917
0.45715585294564981 0.00099812067827848342 0.050469702205417293
0.4577959999769507 0.00099260055392511449 0.050540376658805966
0.45719354949209712 0.00097022410393992329 0.050473859455977162
0.45762265844971389 0.00094794780493017545 0.050521210568887025
0.45773909728935785 0.00099318650928791681 0.050534044516331152
0.4598152764898043 0.0010166115731309955 0.050763261393730226
0.45891533709400584 0.00096337672241694435 0.050663975757938115
0.45642267729858355 0.00097001707620854186 0.050388876704360396
0.45909066329047554 0.0010284690984500449 0.05068342933588528
0.45777953586393716 0.00097197656378284283 0.050538495103765693
0.45884736341428528 0.0010040128852096817 0.050655970448887623
0.45970415566549727 0.00097220106229582324 0.050750067034854386
0.46057575095421338 0.0010164822902642948 0.050845893626230661
0.45958782188773606 0.0010339986354059659 0.050736666600695451
0.4609909523906533 0.0010760973281739447 0.050891585545757546
0.45877285038166837 0.0010599730680373944 0.050646808416110398
0.46010362116925779 0.00098954328540765222 0.050793780869327031
0.45838061253838491 0.0010682992792847951 0.050603571834949616
0.45927254987040611 0.0011037593861981006 0.050702015678475799
0.45946252814048683 0.0010625229387659239 0.050722967913885031
0.45830338430611411 0.00098009758428026597 0.050594995636444699
0.46018319773213151 0.001128905217634413 0.050802525076225021
0.459340675721914 0.0011079873160786968 0.050709523828384034
0.46044216035461494 0.00099833039040365598 0.050831131622941193
0.46086576906515875 0.0011160766493199833 0.050877899622022243
0.46099625112131226 0.0010877513376888752 0.050892293780452562
0.45974642021374568 0.0010628819891785046 0.050754293402490915
0.46184834177976297 0.0010183930281067056 0.050986318792515639
0.46114570658667864 0.0010792914469824339 0.050908767780669301
0.4611720160547168 0.0010656196215111425 0.050911746807636563
0.46101712916150395 0.0010648332480808339 0.050894732842444279
0.46311724719130204 0.0011087652803455552 0.051126563933053405
0.46121532202153598 0.0010691976651695482 0.050916376745404147
0.46204848338666826 0.0010269234651497613 0.051007921669324448
0.46171368580212968 0.0011128858271726024 0.050970477819743051
0.45957172020418485 0.0010697589862327264 0.050733652169977418
0.4599184288914846 0.0010740185084347469 0.050771795056493027
0.46022824533081519 0.0011046041018145235 0.050806030759416872
0.46243569851169442 0.0010591964855073814 0.051049810717084684
0.46146668768321081 0.00098631860136265208 0.050942891120043625
0.46437711758630446 0.0011592095916001359 0.051264183970642203
0.46179238523961968 0.0011976020112648127 0.050978823183967029
0.46236592505078183 0.0011089415331510906 0.051042118528305924
0.4624075642069293 0.0010544193008396308 0.051046710691568811
0.46021862551118453 0.0010341062716434503 0.050805070567312871
0.46084065357353821 0.0011112849272571167 0.050873748421357647
0.46139326080610155 0.0010948598823864932 0.050934761326038969
0.46365304752447145 0.0012148245586915028 0.051184227503394478
0.46410575809665988 0.0011501092595895602 0.051234193476452909
0.46371085100535753 0.0012057374028770418 0.051190573363463332
0.46398166298807508 0.0012049488832374738 0.051220452231632047
0.46371662551076753 0.0011827126498736233 0.051191214569032362
0.46263713053462552 0.0011627906473823716 0.051072123319335944
0.46380654969956758 0.0012143238931911122 0.051201301025246622
0.46089051177266122 0.0012590329750901499 0.050879364355938317
0.46339082038514595 0.0011183870465957448 0.05115514992799701
0.46375129683302418 0.0011914232284803861 0.051194508681020642
0.46375555501216803 0.0011954272940472579 0.051194498499980402
0.4645524159739341 0.0012223561412669677 0.051282109232547654
0.46250362087642644 0.0012043973814985344 0.051055820174654522
0.46300952891237929 0.0012358388777584015 0.051111705286645506
0.46298162232665019 0.0012353561416929542 0.051108716605120431
0.46316228220227312 0.0011879171521438333 0.051128709290315044
0.46193099651480629 0.001229111636724432 0.050992787324743806
0.46362053184417029 0.0012144066305151387 0.051179271937900006
0.46377233160845588 0.0011831569401982995 0.051196009705527096
0.46332246028756635 0.0013740227280327805 0.051146343714742019
0.46549067059162191 0.0012453215409784651 0.051385698961143554
0.46336501081340464 0.0012618598551872508 0.051151055534765566
0.46460165626696376 0.0012659726672975356 0.051287577447066642
0.46463528126479642 0.0013052779047793624 0.051291292039216937
0.46505598275023219 0.0012196178387543864 0.051337721583304602
0.46761944931315041 0.0012497777030056256 0.051620679756722659
0.46310084470533186 0.0013597943699771413 0.051121852149429936
0.4638361656519624 0.001419206834625202 0.05120304312343691
0.4636243726086286 0.0012608453406054367 0.05117973960040316
0.46499028744558923 0.0014373155213231749 0.051330605912048945
0.46310834032700909 0.0012960575861931895 0.051122837782523037
0.46778709324764872 0.0013477571454938342 0.051639104993453401
0.4648230677825585 0.0012496800003081766 0.051311478364530615
0.46349381277628515 0.0013275674907477775 0.051164266876174001
0.46408302051460537 0.0013786851471319012 0.051228947263916677
0.46583608626420786 0.001472710862339528 0.051422332249443065
0.46583866158362092 0.0012972562392875196 0.051422648493277434
0.46600481149088696 0.0014006428513101195 0.05144108017313833
0.46728262035452395 0.0012820396242042647 0.051582188103251075
0.46630626074212139 0.001421374984183303 0.051474411299906611
0.46740168530575577 0.0014318526174448337 0.051595309852315106
0.46348348788220473 0.001392431871848435 0.051162771306977703
0.4671851353490884 0.0015147240755621562 0.051571383019768602
0.46629893930504979 0.0014462325895626574 0.051473563952322166
0.46701521847958166 0.0014184570627497357 0.05155263714616317
0.46814427256954666 0.0013694553117359752 0.051677271276143709
0.47092547093485493 0.0014205991890660836 0.051984278502791394
0.46764357941302426 0.0013485468886890008 0.051621998728623886
0.46741240632716941 0.0014151031041882926 0.051596485015686568
0.46985498403840786 0.0014715842549721831 0.051866119976449854
0.46751081626412727 0.0014137148989851109 0.051607350207178992
0.46814499693321299 0.001366857053501661 0.051677337665201023
0.46835085787309677 0.0014218990143341696 0.051700039280155721
0.47178952415457548 0.0014844194190816542 0.052079624971444
0.46807552727535634 0.001433181075618032 0.051669697652216948
0.46917096902023703 0.0015176086352735561 0.051790712143507757
0.46755405065419237 0.0013764462203884164 0.05161226210457303
0.46677005180378484 0.0015239820046557058 0.051525598268128178
0.47000963529033996 0.0013751502215578297 0.051882856807501244
0.46884021491073496 0.0014477085202456812 0.051753294624885093
0.46808892769762134 0.0015946189852888645 0.05166993099985423
0.46880621552766583 0.0014826198170629513 0.051748870892810474
0.46447984167188833 0.0015581740447960784 0.051271277302043824
0.47120811649033295 0.0014878693003232892 0.052014049827850024
0.47081423285020307 0.0014830449267873205 0.051970650902225739
0.46818389940172705 0.0014519776927552485 0.051680325214784217
0.46887818324849539 0.0014876462447837747 0.05175694996050384
0.47051653623554612 0.0015036008963648703 0.051937774962801185
0.47025509287138084 0.0014011712557538006 0.051908902508199226
0.46794266876329932 0.0015166575132031135 0.051653647207358787
0.47004523040464929 0.0014312186397731034 0.051885744617664008
0.46954709113877036 0.0014366865053927161 0.051830767490453705
0.46824487132935783 0.0014278411244127329 0.05168702851055712
0.46874589638619391 0.0015795276241979547 0.051742332111635855
0.46715608561584987 0.00148964850362289 0.051566825134880673
0.469169033342831 0.0015308792065248506 0.051788998058555052
0.47018519575449802 0.0015096599743222795 0.051901160178525751
0.47099499341004508 0.0015732642507677423 0.0519905870225515
0.46963357727294575 0.0014873596582360778 0.051840395315935789
0.47156161950606523 0.0016224051972700646 0.052053280604413596
0.47108015805666198 0.0015183200839239048 0.052000061268934701
0.47005438064152788 0.0015282750921502364 0.051886535650398483
0.47094448994333921 0.0015107300688177118 0.051984333937775191
0.4727041948133735 0.0014904607138209838 0.052178119206927095
0.47136755503985889 0.0015075796238439739 0.052030284503071275
0.47107284615254463 0.0015712443825171242 0.051997681050524963
0.47030871257120632 0.0014132043684364445 0.051913392568352132
0.47147571766907775 0.0015684518088412696 0.052042296358934308
0.47079837474315767 0.001617378118879754 0.051967567014515638
0.46986238594817309 0.0016140196441755033 0.0518642432537159
0.47100032548615656 0.0014997650855642769 0.051989827664178305
0.47170945818394833 0.0015702173479842714 0.05206808809125911
0.47110011203419 0.0015133553020787022 0.052000826135716799
0.47355182640618393 0.0015637932672137862 0.052271456677488413
0.47081308931415372 0.0016571446615173892 0.051969154599593489
0.47390356944128437 0.0014753732372029839 0.052310286448636063
0.46868242796633192 0.0014942316249072036 0.051733965558623647
0.47192403155732199 0.0014555465157982878 0.052091780633909936
0.47344006704439401 0.0016812076915653069 0.05225912872896589
0.47341234619006006 0.0015862458289900171 0.05225607393172662
0.47233525738262727 0.0017292723792912534 0.052137178241435857
0.47027612122231344 0.0016597544877735028 0.051909867294100007
0.47198867609268963 0.0015783574006182134 0.052098880433184391
0.47343074463491763 0.0016398745837948754 0.052258062740013232
0.47067616686872416 0.0016214478923544311 0.051954065372160088
0.47402849636148137 0.001717763702910274 0.052324190571594938
0.47206382510965639 0.0015538481028833017 0.052107352960646433
0.47276824993808542 0.0016314458716821661 0.052184968690564625
0.47507229372612059 0.0015121934725172612 0.05243892963410058
0.4702694404152517 0.0016172684368895888 0.051908319458724386
0.47335299884232196 0.0017300430698389908 0.052248266077319284
0.47408923757542604 0.0016412319807265693 0.052329311131326196
0.47409690766335505 0.0016627329592037571 0.052330136116489033
0.46939940274857178 0.0015586781733085931 0.051811709923893369
0.4758491809839121 0.0016624712378528377 0.052523704798974884
0.47329377010307844 0.0017130819899757444 0.052241663000972126
0.47104233031832721 0.0017059053371868424 0.051993135754131413
0.47205975678691509 0.001685856834375652 0.052105414885846364
0.47456697304121243 0.0016857357391648099 0.052382149227349281
0.47397799854190553 0.0016798215050041463 0.052317139776262837
0.47197468112647112 0.0014843194297776033 0.052096022393763271
0.47256213462515856 0.0017483453998360468 0.052160867853363893
0.47332833928182794 0.001763137562696111 0.052245439351484686
0.47158070707222161 0.0017704117769728597 0.052052535992123533
0.47295176705944769 0.0017612974606393084 0.052203874819231104
0.4756655386259222 0.0017380785550972218 0.052503424105015351
0.47099823401858387 0.0017376719198069562 0.051988255089771458
0.47177882093697376 0.00159745352219683 0.052074407012384409
0.47505029378056107 0.0017167093978872525 0.052435485516583211
0.47314433172420467 0.0017859402465137352 0.052225090901796174
0.47176381907852211 0.0017970574219746138 0.05207272514357885
0.47189390660102687 0.0018488547859183591 0.052087153201701451
0.47133965676654577 0.0016915684679586272 0.052026058274629833
0.4708321318535752 0.0017036164728220966 0.051970038948225425
0.47334148823183136 0.0018290230632977834 0.052246836700440787
0.47290806883733216 0.0017930578818002711 0.052198606137300554
0.47283060746502353 0.0018518362181262319 0.052189590011525178
0.47003051453117789 0.0019363330476555667 0.051880142176217232
0.47377844549671316 0.0018147830902330543 0.052293649467322394
0.4704060804734711 0.0016864533266250494 0.051921426499508358
0.47375020387586925 0.0017002230853819505 0.052290619529918363
0.47322647959708664 0.0019275047698111571 0.052232879995280215
0.47573918120635406 0.001795536795801107 0.052510236340938529
0.47057595315850237 0.0018221953661550232 0.051940322257690005
0.47272850717199766 0.002082206143885545 0.052177889788141973
0.47117609526793475 0.0019760793505157982 0.052006530642204556
0.47424636600220704 0.0019378343483497443 0.052345416188821964
0.47227998034644209 0.0019811070461637093 0.052128382133023947
0.47351863558426577 0.0019833670349006178 0.052265109822755347
0.47208882570452043 0.0018861255773897575 0.052107298031738927
0.47301994454755025 0.0018976938506238615 0.052210068119544532
0.47577223795409246 0.0019103960885179148 0.052513838534367398
0.47302268738471748 0.0018594203793216428 0.052210329551405012
0.47239733444160698 0.0019252140191150535 0.052141300178245378
0.47038354857998654 0.0019285203414347067 0.051919064345016863
0.47388874643652845 0.0020552213558346594 0.052306041467597313
0.47322371867596202 0.0020211333554709309 0.05223269483013724
0.47243460094517209 0.0020003598838692822 0.05214552534275399
0.47602544955274601 0.0020690483560344506 0.052541587836686755
0.46949604662090694 0.0021844450474169707 0.051820465869497824
0.47377905316182428 0.0019197597013282594 0.052292757398305086
0.47103775419556138 0.0020751315641255011 0.0519898914833117
0.47224159049345021 0.0021727284509840137 0.052122677907745198
0.47080425062683817 0.0019295775883932105 0.051964082995790077
0.47529480635822779 0.0019036774523022353 0.052459806120762016
0.47386758545518837 0.0020665457039919701 0.052302322490463966
0.47309497170942361 0.0021426867634338049 0.052217043936262059
0.47014325035975324 0.002133510654647135 0.051891230506465873
0.47365659909738345 0.0020049540254249349 0.052278992799809743
0.4714710586410269 0.0021995332377061612 0.052037764468970266
0.47496135604803175 0.0022988613970283088 0.052423004263199152
0.47433078143260488 0.0021142857556668139 0.052353411519146222
0.47212551640813577 0.0022324108817444528 0.052110011537729525
0.47387503767906691 0.0022014773347815686 0.052303112330973567
0.47547350725184584 0.0021854030232487582 0.052479537921488115
0.47086271734483298 0.0023401741703291943 0.051970627411790156
0.47498419232966066 0.0021444196116710704 0.052425527058659528
0.47468566015934766 0.0021337252202095988 0.05239257763355154
0.47150381396578106 0.0022815626837975941 0.052041392383153251
0.47406247711284266 0.0023225254890809842 0.052323806043600908
0.47168448424749071 0.0024094021075646366 0.052061340233310681
0.47618591829817181 0.0023356714230656529 0.052558169057983717
0.47385592432553142 0.00213104361758299 0.052300976939917733
0.47687867852838917 0.002246756735629712 0.052634592760743747
0.47005084303909106 0.0024833514551237169 0.051880998905341508
0.47332817026598129 0.0025350282933387655 0.052242798616861437
0.47449420555289817 0.0026243104330228324 0.052371577559030359
0.47613649404043223 0.0023055850034568392 0.052552838518600556
0.46783506691170046 0.0023872861040914804 0.051636402914643088
0.47601634908748114 0.0026151162320548786 0.052539011123831497
0.47459028507451761 0.0024645769012968943 0.05238115770510865
0.47732692106189117 0.0026020606287848408 0.052682824449353093
0.47549611770929595 0.0024787044263323479 0.052480581848488091
0.47517606496075432 0.0027065800121481133 0.052445256507370308
0.47410407879057054 0.0025631978170268539 0.052327020991514504
0.47713271750147063 0.0023894151126026132 0.052661361394591828
0.4794495647287858 0.0026085069854597143 0.052917088615984556
0.47577080673528571 0.0026387773809416577 0.052511046344401013
0.47713420713539723 0.002610589658195247 0.052661503264924851
0.47407278445549467 0.0027643863388019858 0.05232360377330629
0.47781536389682405 0.0026058992324813996 0.052736676022181343
0.48158117856451876 0.0027777418800796153 0.053152316582905694
0.4680346987451906 0.0026551801900237437 0.05165718894867663
0.47432580714493588 0.0024712613051051965 0.052351539578845106
0.47330072980363619 0.0029495145286345193 0.052238400479627162
0.46773699987203976 0.0024741051959973029 0.051624330680996769
0.47155228645850977 0.0028331047229542615 0.052045432026505578
0.47489335664282861 0.0026699223498744462 0.052414189873979777
0.46962865052871161 0.002732996647195127 0.051833114925805786
0.47206130877939395 0.002846524933894251 0.052101588592378373
0.47279074986235237 0.0028631050076362817 0.052182078878532684
0.47466332471797307 0.0030215055465869921 0.052388764519096756
0.46718995358177612 0.0029265146586289108 0.051563984011749206
0.47551194705354599 0.0029480888187489399 0.052482570855542504
0.47673323267242429 0.0028680097394674742 0.052617384298661987
0.47155104947383764 0.0026301161454842493 0.052045285623946169
0.47655648554957536 0.0031588344484549504 0.052597388134711563
0.46949846545561041 0.0029829106093815934 0.051817954072299582
0.46911502231606911 0.0028707442859264628 0.051775237787076177
0.47543873873261377 0.0029586210901516477 0.052472953786095108
0.47636160114140119 0.0031313517493786139 0.052574777984902649
0.47139641160526247 0.0030719075451766812 0.052026852257526568
0.47341112601467783 0.0030609320507412308 0.052249288762236543
0.4716244123804465 0.0029448331562059405 0.052052118525593695
0.47739064452743502 0.003162394537270922 0.052688514471907873
0.47619484308856119 0.0031771250355691213 0.052556513664321833
0.4785687763926702 0.0032597719230652747 0.052818506445938121
0.47755320157421582 0.0033164975528690616 0.052706419975543359
0.4785066096316235 0.0030239485323265976 0.052811651078863965
0.47701398514784943 0.0034347749151182817 0.052646916873988515
0.47032791657167328 0.0034188531155679536 0.051908991258661621
0.47789882294857489 0.0033476276777081272 0.052744572576409327
0.46965315988694967 0.0033473976188427169 0.051834519050627685
0.47420326516990113 0.0033949867485454101 0.052336708994588511
0.47502178362152059 0.003406812930386055 0.052427050654969498
0.47864908518978799 0.003632249411855179 0.052827384775070839
0.47997149510592019 0.0035916307850018081 0.052973318652981098
0.4733161519554322 0.0033642528241063716 0.052238762510273984
0.47471192883080104 0.0033411571169486725 0.052392809001127041
0.47771192199014501 0.0036782186373992042 0.05272395327832357
0.4704489062397863 0.0035907970953169273 0.051922434026448035
0.48108816968049267 0.0033969994278095776 0.053096717040393732
0.47512496812398108 0.0035525690183873509 0.052438493980989417
0.47709457513260839 0.0034994418176443076 0.052655593466641885
0.48100203940311798 0.0035064581788920774 0.05308641958599717
0.47472390513995888 0.0038089819625165252 0.052393098023191025
0.47450096443666717 0.0038828174386051251 0.052368203540581831
0.47429304879615813 0.003759321730325661 0.052345172519754339
0.46940314793608257 0.0037366939873624896 0.051805543735594692
0.47768831985609567 0.0037310715096938703 0.052720019432699626
0.47553834184107879 0.003815535231028773 0.052482781760649196
0.47274173522208973 0.0038375871960176734 0.052174134707744589
0.48065231109679007 0.004309084979456191 0.053047164619153396
0.48446206497559058 0.004168725065632926 0.053467608346083807
0.479550817651275 0.0042073398336380267 0.052925574325298132
0.48528150436820722 0.0042428207666325391 0.053558046059030119
0.47638776855372272 0.0042406976844257026 0.052576495444111228
0.47503129340870154 0.004017656899779583 0.052426790805774878
0.47476017919186092 0.0043619268832020292 0.05239686945749316
0.48195843274170769 0.0041571726417595758 0.053191302243638293
0.47225306243970527 0.0042299969422379367 0.05212016815413982
0.48147046470684057 0.0042968188446567308 0.053137443449110526
0.47533610213838046 0.0040157173355057823 0.052460425393369883
0.47566049176943881 0.0042326930549557553 0.052496229755357442
0.47026209019881948 0.004487938272954216 0.051900442060236911
0.47704496171678407 0.0043049410511388376 0.052649036681195256
0.47982263999045582 0.0044208526160391592 0.052955590079379805
0.483560629026282 0.0046104243442891971 0.053368113277952836
0.47839062339688859 0.0044428994577898747 0.052797505876930578
0.47594830177021819 0.0048237322520190183 0.052527961409420024
0.47995161314396739 0.0044182534275562279 0.052969834050164186
0.47754237403121041 0.0048708808398682298 0.052704022682219527
0.47651457189060092 0.0047047373678268571 0.052590629844034183
0.47653746913169553 0.0046359589292320567 0.052593064357278452
0.48745398394985889 0.0051009099946879534 0.053797563792065468
0.47946855854880199 0.0048573039741179255 0.052915829193620693
0.47695013782383106 0.0044847025542392302 0.052637468967973368
0.47498685756914938 0.005019275334969253 0.052420526520557467
0.47637106269129847 0.0052430392340045715 0.05257321683400247
0.47481184895385664 0.0047820653932417389 0.052401187134422482
0.48226161697723108 0.0050552437814471111 0.053223442657930269
0.47736769579324895 0.0049315442350710186 0.052683380553505729
0.48571839223246149 0.0051004975037221229 0.053604981087417042
0.48983890568121818 0.0050456622309415864 0.054059708472568122
0.4762471198246736 0.0050699383165747599 0.052559672169224803
0.47001576951797797 0.0053457784960227288 0.051871962386220105
0.48414269799385057 0.0056223034055100461 0.053431045317817796
0.47805955314239379 0.0056066735451916839 0.052759701300498459
0.4678120615800514 0.0054301556874879527 0.051628766351457266
0.47093902138076954 0.0057041798530529739 0.051973863770856416
0.48029101464344937 0.0057087754960840533 0.053005968979804786
0.47433491458239224 0.0057576298057101715 0.052348644560743812
0.47798416353377765 0.0053924804905604124 0.052751389771792251
0.47979604367226103 0.0058905807089579768 0.052951353193372644
0.47101187259607868 0.0061034229587313173 0.051981903021243163
0.4757082683267706 0.0056685538191434742 0.052500185350541115
0.47894724549936496 0.0057946883191574991 0.052857632242830632
0.46990395508267918 0.0060876320755123038 0.051859612018426114
0.48200701746903907 0.006056393723786203 0.053195400001699353
0.48643591874141812 0.0064031749183918879 0.053684261689382555
0.47913454589234172 0.0062522141904663986 0.0528784647750268
0.46223690000538159 0.0061245696674017969 0.0510134410741791
0.46367286291803778 0.0060291078560452665 0.051171571683869564
0.48954863744103772 0.0066562540911071734 0.054026812017121804
0.48039735554901886 0.0063949856509438012 0.053016495367275061
0.47295143865729922 0.006559489745197997 0.052194573675540555
0.48339240116647514 0.0061553386574332578 0.053346810438244741
0.48117341862064439 0.0063315865802442365 0.053101995157349154
0.48641724642191853 0.0067510081759342483 0.053680775030190302
0.45582204173982888 0.0067972686098484534 0.050304326197177458
0.48112449602016349 0.0071837596662659882 0.053096684246415934
0.47521457578946397 0.0071470304611846395 0.052444446122943855
0.47518568265737959 0.006682651977570897 0.052441245119680381
0.4792178715815742 0.006989320979752388 0.052886233847923847
0.48931851360486683 0.007432001596798841 0.054000940665580477
0.48498323681629069 0.0076717936093908491 0.053522507535474981
0.48292300464329568 0.0072482808730046167 0.053295143182591674
0.48390789618930469 0.0067688578888348179 0.053403834963516902
0.47616675590655438 0.0073619353715340908 0.052549524113977536
0.4777687542643928 0.0079232659587895708 0.052726318108493736
0.48676232810159875 0.0081717678466806856 0.053718842466359384
0.47644397973042224 0.0075444719898671575 0.052580116218201522
0.47993607320878756 0.0076352256446938918 0.052965505567164804
0.48443364119411858 0.0080666751543122389 0.053461860443012522
0.48415027351139611 0.0078503658360922386 0.053430590763415255
0.4799322180443234 0.007864652545108727 0.052965080895143984
0.48080539292442342 0.0079677063327832764 0.053061422500688057
0.48180758723764316 0.0087518129784237755 0.053172007583402771
0.46924063119856302 0.007782910618306659 0.051785133161258191
0.47737115239067768 0.008945759135085404 0.052682467753189292
0.47971282224891448 0.0086616208601910175 0.052940974962684344
0.48652642569930077 0.0091021081982942415 0.053692949961995036
0.47608772084454237 0.0088213947194189634 0.052540823143207488
0.47845167375596909 0.008558717979456067 0.052801397098313857
0.49714425180458299 0.0090832733856052329 0.054863850633659575
0.47834657343358089 0.008794885179733614 0.052788978061965461
0.48870776435415286 0.0099374899169443025 0.053932157128413649
0.49019645800163225 0.009287866409944787 0.054096383000633533
0.47766898529467972 0.0097441853844518495 0.052713946950284404
0.48942775315727283 0.01044506073080659 0.054011687438124664
0.48155518316558288 0.010280999989257897 0.053142934675141536
0.47645697291620476 0.010492949752398622 0.052580309642405725
0.48010359395491981 0.0098922757510889296 0.052982717754754334
0.49143781460873981 0.011250748641661373 0.054233509493239337
0.47580318998774251 0.010514926158699761 0.052508118390791038
0.49014967583035002 0.010878139674338941 0.054091353927805667
0.46912892782023569 0.010262273564969454 0.051771577964469802
0.46140946417623757 0.010053595205449878 0.050919684892709101
0.48856743159658467 0.011962986852720113 0.05391675179379346
0.46635563066954389 0.010755396024044177 0.051465527034036375
0.4853632123344912 0.010985073313989447 0.053563140915225571
0.48423823911413638 0.012154258768862957 0.053438990472059675
0.4839351072103199 0.011538345063895738 0.053405537721314025
0.48197486582701599 0.012206695231681022 0.053189215104842195
0.47324146141177348 0.011734917790508406 0.052225428892816596
0.48415849029896119 0.011795107851020468 0.053430202523794192
0.49833099557674804 0.012107568774069996 0.054994232374277856
0.49150697260187698 0.013232073551424332 0.05424113810398043
0.48070250476042775 0.01312511075401054 0.053048770677061166
0.49101848871345327 0.012340037560111242 0.054187203910396949
0.48822750828831568 0.013599692938292067 0.053879235031973796
0.47240213669835979 0.012162922412926746 0.052132873369437338
0.46220294695313263 0.01228416465869115 0.051007379618458984
0.4813387096517513 0.013094682468817993 0.053119103785234302
0.47394792306770106 0.014284973973932569 0.052303258389272793
0.46562098933529333 0.013676758861698543 0.051383953080306022
0.50535429125289666 0.013810263737395448 0.055768307985024183
0.48417264120884568 0.014068684818265125 0.053430478889974452
0.47807867403747228 0.013116309393450295 0.052757848230005441
0.46984210173319246 0.013820768160813434 0.05184892115837119
0.47001910036926897 0.014340141919890951 0.051868527858221138
0.4807550686884785 0.014253785167254136 0.053053348837787097
0.47383047816978241 0.015592151906406723 0.052289204793369355
0.48109406575444791 0.01449016054171358 0.053090758331103716
0.47923273127955013 0.014545292175005421 0.052885331802367527
0.48547138890368163 0.015997146640669844 0.053573783426235776
0.47845052666123256 0.014839474614936123 0.052799001759573846
0.48932258166778464 0.0171260763766879 0.053998783614357213
0.47735800110997534 0.01682243951450324 0.052678448035708356
0.49889490046776042 0.017520533095474737 0.055055135839682925
0.54841945193964337 0.018379771254730084 0.060520376639262484
0.46736074903158287 0.015914803831210564 0.051575208044235953
0.49427759178405467 0.017354032870604736 0.054545591145073298
0.50159120547029112 0.01726400243188516 0.055352677602084489
0.47411969549131933 0.016697691169121578 0.052321083888113268
0.50795480100162238 0.018594584169864387 0.056054933012132747
0.47329908022384215 0.018589924511039024 0.052230535411443846
0.44665207933308065 0.016232972830226799 0.049289928210293592
0.47413229855743488 0.01887809969992546 0.052322478187773892
0.49152292552083199 0.019243099511136685 0.054241586134102363
0.47223813545295074 0.01991667771509523 0.052113412512016129
0.49833646585129837 0.0201478240463225 0.054993478770978592
0.51454997046723838 0.022313249625795832 0.056782762094817141
0.52592365915794248 0.023234240856526946 0.058037984442496478
0.43564285840010369 0.020340138459486137 0.048075128050949767
0.46944068917306842 0.019402540435705395 0.051804770676506552
0.48629062343915475 0.021547777782795815 0.053663936446473388
0.49370913363505181 0.021951285756135721 0.054482177451561128
0.50159287227248472 0.024029961294162461 0.055351754904115126
0.50070228339401079 0.02245386453544275 0.055253205125521052
0.50358684860227199 0.023365591177143298 0.055571442753076662
0.47006950427848732 0.021292207140540663 0.051872801976932788
0.47073244739907849 0.024446162271056469 0.051946036683963047
0.49884573814129585 0.024981019334442085 0.055048427947661266
0.52209473742772072 0.023751015071352986 0.057613995474040954
0.54396747068293239 0.028349032234664437 0.060027664710323343
0.46484189625968658 0.022210187990214118 0.051296015243195964
0.46290231357105904 0.026049440174362698 0.051081974410273026
0.50841994671552559 0.02737128608954003 0.056104917110566553
0.48686736271853509 0.025502755253714222 0.053726562030513084
0.4994124974342028 0.026915994408143126 0.055110940334200206
0.44262353968004425 0.025479691693367761 0.048844191146803745
0.46546071754781532 0.025309409334740421 0.05136430815319349
0.54686427272452731 0.029653853836398836 0.060347314389461275
0.44621145861729533 0.027600701295586769 0.049240121398327903
0.54104543713591091 0.029512494744116654 0.059705197898988691
0.48630386569869377 0.02813149258452461 0.053664381409971471
0.51446107320129719 0.029555287816621003 0.056771570613742703
0.46310168067699953 0.029118954276051958 0.051103981458415659
0.51993457910372332 0.03278520387320491 0.057375579158955047
0.5236115664995471 0.03373331820544357 0.057781343403450966
0.53852042588516058 0.036181085669539537 0.059426564943997472
0.5402546134767483 0.033901272165870494 0.059617939994689652
0.49659240526412557 0.029436935578779928 0.054799742286218561
0.5408727746659201 0.036705731538279808 0.059686131555940311
0.53971609650348551 0.039860911673164377 0.059558467900777075
0.45915181908054598 0.030854135064691032 0.050668078397717559
0.4991606873076993 0.03440820822656962 0.055083152397330061
0.45528113666583098 0.033371718736179293 0.050241048977448924
0.52468081393150234 0.03400737793863548 0.057899482106631775
0.57915677358209405 0.047067950370527689 0.063910950788782978
0.50952256049479905 0.039089540860298845 0.05622646258620019
0.51525671599271472 0.03914861239478544 0.056858833386767178
0.47590207896939363 0.035023704135079804 0.052515624194243125
0.57301815006373302 0.048229356779547511 0.063231962614244352
0.5342071825341973 0.042595869358569849 0.058949055433587881
0.49350959711527764 0.041382285967319403 0.054458136234460823
0.51079365642795993 0.043917389294169794 0.056365486170589597
0.49490078800290899 0.038279449195326581 0.054611793178024136
0.49163049473643516 0.040141893732363571 0.054250937149567066
0.49075038703684459 0.040542869749326124 0.054153806063352322
0.54980468308511588 0.047089586480580516 0.060670363568911083
0.51755345728104296 0.046651958060856813 0.057111463194208192
0.47459095340424451 0.046492002322212601 0.052370596503739569
0.52608104510087084 0.049596793979907815 0.058052477026833561
0.52333589240987199 0.04944459750022983 0.057749558705266879
0.51559087562879313 0.044298558930623531 0.056894905983672507
0.56582868575512757 0.055686055665304449 0.062438594671071553
0.47261392636716748 0.042710827731909824 0.052152442782928687
0.56489229791372264 0.059816790970499897 0.062335260963453813
0.50742233972303064 0.048426849430700643 0.055993511198077051
0.5695020433573591 0.052665356327972992 0.06284393979361369
0.46013529540712761 0.046171454672615332 0.050775439054065299
0.49358240094811734 0.056016436022996399 0.054466297899591773
0.48723830950778668 0.047342570838630062 0.053766237061746151
0.52785787463657285 0.054184140987749013 0.058248559292343557
0.50774632772165995 0.050070932011453746 0.05602925415060897
0.50109906139312388 0.051874136617599209 0.055295714146276168
0.44786150647591105 0.049413134771832984 0.04942100734988783
0.65027205143148403 0.071827485648859449 0.071756826940295435
0.65585974079521736 0.071695694792767578 0.072373525561161584
0.62361700453954572 0.063717439053576561 0.068815642232178148
0.58495476527850232 0.064171510983760477 0.064549247323712158
0.60885525625332215 0.070321277522190931 0.067186383474588371
0.46530661476607571 0.050298795840649876 0.051345625802743711
0.64524751704855454 0.078566792213897577 0.071201189360051764
0.53991064349435181 0.05961083045778455 0.059577204214736022
0.44863239046311049 0.04575363649817793 0.049504836383451122
0.44673616336027916 0.057949542620012805 0.049295592050449803
0.55709260198104338 0.065241289944428252 0.061473074228862598
0.60956571739920995 0.068625189416588475 0.067263369104571064
0.57586572507077893 0.069467231611066646 0.063544723308966974
0.63323327360045667 0.079212545344254856 0.069875013815662426
0.52747854408628592 0.057851606109485816 0.058205336920356496
0.59497921580810065 0.080149543937846568 0.065653774271924564
0.59496101307099225 0.079820320868764824 0.065651763699110133
0.59494281033388396 0.079609858026430627 0.06564976062060851
