Wavelength_nm,Reflectance_mean_5pts,u_random_mean_1sigma,u_systematic_mean_1sigma,u_combined_mean_1sigma,U_expanded_mean_k2
650.138,0.015219425024606228,0.0005605815623770821,0.00021173106084261257,0.0005992342865713447,0.0011984685731426894
650.311,0.015204904220281996,0.0005392108658395618,0.00021182575254938185,0.0005793259076569611,0.0011586518153139222
650.484,0.015184631607276483,0.0005463012038163399,0.00021144140711388745,0.0005857921764017362,0.0011715843528034725
650.657,0.01515791652188429,0.0005480293064629024,0.00021228054809504325,0.0005877066886140924,0.0011754133772281848
650.83,0.015121716894087959,0.0005617464059346787,0.00021174439434455298,0.0006003288374856487,0.0012006576749712973
651.003,0.015110495475337275,0.0005578902768594821,0.00021202356051639693,0.0005968212054111346,0.0011936424108222692
651.175,0.015071165515500747,0.0005511149719422821,0.00021168792027588776,0.0005903723298814681,0.0011807446597629362
651.348,0.015077274649549829,0.0005663685628860485,0.00021218675545067942,0.0006048111839361887,0.0012096223678723773
651.521,0.015080152303163738,0.0005523838209539116,0.00021174367202084584,0.0005915769335365558,0.0011831538670731116
651.694,0.01502974232296348,0.000549069162147557,0.00021128686663872246,0.0005883188632327112,0.0011766377264654224
651.867,0.015033950159680847,0.0005455710927358851,0.00021165385766843496,0.0005851881515332977,0.0011703763030665954
652.039,0.01500889914082206,0.0005581008394398738,0.00021146373585919487,0.0005968194522357822,0.0011936389044715644
652.212,0.014986728326992637,0.0005515193183434301,0.0002108139294428721,0.0005904371866279647,0.0011808743732559294
652.385,0.014959012141786313,0.0005331263077539384,0.000210628733331035,0.0005732260665077813,0.0011464521330155626
652.557,0.014949947167319386,0.0005454671366379355,0.00021110448818175567,0.0005848927269871537,0.0011697854539743074
652.73,0.014921539922980332,0.0005609690555500721,0.000210699692004251,0.0005992333781553111,0.0011984667563106222
652.902,0.01490459512077913,0.0005364004727746854,0.00021033588797945242,0.0005761654735967879,0.0011523309471935758
653.075,0.014889325129452149,0.0005432441107646763,0.00021013248370714476,0.0005824687327139864,0.0011649374654279729
653.248,0.014899311570505247,0.0005538232399969273,0.00021043029041849646,0.0005924534482018878,0.0011849068964037755
653.42,0.014908642823821422,0.0005384825898373697,0.0002095339483819849,0.0005778130970153803,0.0011556261940307605
653.592,0.01484705612214621,0.0005463914512375878,0.0002083597165493884,0.0005847712283158764,0.0011695424566317528
653.765,0.014848296152058191,0.0005349162842852685,0.00020926102498963745,0.0005743915108819696,0.0011487830217639392
653.937,0.014815735062766238,0.0005285909686432002,0.00020868779799162427,0.0005682948259149907,0.0011365896518299814
654.11,0.014766668824169604,0.0005317845293628652,0.0002094802757328675,0.0005715564465481972,0.0011431128930963943
654.282,0.014758948499817117,0.0005465396857505953,0.00020984216729966483,0.00058543946166737,0.00117087892333474
654.454,0.014778430497929563,0.0005407971156977323,0.00021111663607653226,0.0005805443603853692,0.0011610887207707385
654.627,0.014764747529892508,0.0005452439674715475,0.00021100713058758974,0.0005846494618341165,0.001169298923668233
654.799,0.014730531228937716,0.0005331049182971199,0.00021143377323760672,0.0005735024798360253,0.0011470049596720507
654.971,0.014693777218870992,0.0005251600899031802,0.00021199290063510237,0.0005663339208866096,0.0011326678417732192
655.143,0.014676867050482361,0.0005477252341181436,0.00021316966049527816,0.0005877450435736973,0.0011754900871473945
655.315,0.014673699876591015,0.0005469020933029687,0.00021354733194442775,0.0005871152890529702,0.0011742305781059404
655.488,0.014630221695082263,0.0005397693987027552,0.00021434969416059288,0.0005807725847202789,0.0011615451694405579
655.66,0.014654553121202719,0.0005254355940804628,0.00021555190866975833,0.0005679306197572593,0.0011358612395145186
655.832,0.014633016258775616,0.0005344974343417721,0.0002158839208351447,0.0005764489349396805,0.001152897869879361
656.004,0.014660233914827325,0.0005368619912322832,0.00021731297903474864,0.0005791767679101513,0.0011583535358203026
656.176,0.01485351153823895,0.0005451661948633018,0.0002205949964181189,0.0005881057153832477,0.0011762114307664953
656.348,0.014962160592414564,0.000519466939822705,0.00022210514507681932,0.0005649571638968399,0.0011299143277936799
656.52,0.014617638867679389,0.0005083506203893195,0.00021907818442672505,0.0005535481949585927,0.0011070963899171855
656.692,0.014522059770032283,0.0005420718551674852,0.0002185662712256207,0.0005844767840403848,0.0011689535680807696
656.864,0.014458918890452675,0.0005339082247723189,0.0002189068286408434,0.0005770426258996129,0.0011540852517992258
657.035,0.014429697730786364,0.0005324212546903903,0.00022060654110131822,0.0005763155719072469,0.0011526311438144938
657.207,0.014388476855489643,0.0005371793525886281,0.00022189566636953738,0.0005812050787812498,0.0011624101575624995
657.379,0.014384040679418415,0.0005210290424439942,0.0002239798920548747,0.0005671316029944185,0.001134263205988837
657.551,0.014329160351944958,0.0005338971782214401,0.00022447493777139087,0.0005791676739945747,0.0011583353479891494
657.723,0.014292609554127122,0.0005249149069711121,0.0002244818804415177,0.0005709008444616727,0.0011418016889233455
657.894,0.014265083293120758,0.0005299268123761929,0.00022483664630396183,0.0005756508872540766,0.0011513017745081531
658.066,0.01423898530780105,0.0005205393949531895,0.00022499769057570242,0.0005670848459116432,0.0011341696918232864
658.238,0.014189854448143222,0.000530712674234737,0.00022527165432952202,0.0005765442401392505,0.001153088480278501
658.409,0.014179491218399221,0.0005167041662978101,0.00022636607873311156,0.0005641141702443932,0.0011282283404887865
658.581,0.014155236528375545,0.0005242742772125458,0.00022677410561220004,0.0005712180080520489,0.0011424360161040978
658.753,0.014088310571335028,0.0005213554036998548,0.00022681322221578657,0.0005685557973839915,0.001137111594767983
658.924,0.01405741567055176,0.0005268987246685855,0.0002269587154650793,0.0005737007273683211,0.0011474014547366422
659.096,0.014039752559287194,0.000516177977889434,0.00022738060165474494,0.0005640404620830838,0.0011280809241661677
659.267,0.014032996578607179,0.0005316086131730368,0.00022870580435100152,0.0005787176017226347,0.0011574352034452694
659.439,0.014006524587370773,0.0005182365435016672,0.00022877409503585324,0.0005664862766034399,0.0011329725532068797
659.61,0.013943234495644857,0.0005273112580586653,0.0002286626397181376,0.0005747553963890023,0.0011495107927780046
659.781,0.013903030132599303,0.0005227797658905929,0.00022926910284606602,0.0005708441163263953,0.0011416882326527906
659.953,0.013885346179576059,0.0005144731010220775,0.00022997355865816374,0.0005635338582172083,0.0011270677164344166
660.124,0.01383905108980992,0.0005105449733942915,0.00023006462123945656,0.0005599874103979772,0.0011199748207959544
660.295,0.0138162112132375,0.0005285697514080591,0.00023148269202752367,0.0005770357171024051,0.0011540714342048101
660.467,0.013798703528678694,0.0005034467293017489,0.00023244414921169852,0.0005545168092559313,0.0011090336185118625
660.638,0.013743807462553537,0.0005003104786434718,0.0002322568893810002,0.0005515920935849226,0.0011031841871698453
660.809,0.013744393710370909,0.0005162456867318228,0.00023332829164383675,0.0005665259930053013,0.0011330519860106025
660.98,0.013708249468435397,0.0005157656171285961,0.00023396318905356817,0.0005663505501402442,0.0011327011002804884
661.152,0.01366612441225607,0.0004990149938781355,0.00023483323471730098,0.0005515093945192472,0.0011030187890384944
661.323,0.013634608084500694,0.0005029595306814768,0.00023520310718881318,0.0005552375988120795,0.001110475197624159
661.494,0.013600806394967468,0.0005069945404271682,0.00023571081500186805,0.0005591091595849601,0.0011182183191699201
661.665,0.013564672230980632,0.0005132207717977646,0.00023662709257650592,0.0005651441776625709,0.0011302883553251418
661.836,0.013517752467159392,0.0005074512483866556,0.0002374067358482517,0.0005602398840811824,0.0011204797681623648
662.007,0.013508610826239328,0.0005026471397980565,0.0002381728515205538,0.000556219789605331,0.001112439579210662
662.178,0.013478913688000254,0.0004933424303249251,0.00023894075137195913,0.0005481600461773003,0.0010963200923546005
662.349,0.013451202915205693,0.0004982001550979927,0.0002391219933912677,0.0005526144426841171,0.0011052288853682342
662.52,0.013410559660740293,0.0004981834546258474,0.00024001124112481008,0.000552984765006429,0.001105969530012858
662.691,0.013395503012825993,0.0005168354130639978,0.00024030886574569595,0.0005699712230920226,0.0011399424461840451
662.862,0.013390725320528707,0.0005123036598186144,0.0002405928561591138,0.0005659858322417149,0.0011319716644834297
663.032,0.013335320343291143,0.0004970149634946074,0.00024126452944207627,0.0005524784584981141,0.0011049569169962281
663.203,0.013326994250638574,0.0005028565073846717,0.00024143134354236257,0.0005578115816866666,0.0011156231633733331
663.374,0.013308262022541118,0.0004975225788911014,0.00024181455418463462,0.000553175374652529,0.001106350749305058
663.545,0.013251833860787094,0.0004959796389972381,0.0002416660784499276,0.0005517230245088537,0.0011034460490177073
663.715,0.013218773176460807,0.0004936122180237491,0.00024183671137958536,0.000549670825815977,0.001099341651631954
663.886,0.013188749084509324,0.0004963824868004884,0.00024239937842865806,0.000552406582025266,0.001104813164050532
664.057,0.013159000985437739,0.0005083249518067115,0.00024317519400153236,0.0005634966118859796,0.0011269932237719593
664.227,0.013136003263586896,0.0005000763388904894,0.0002438110742982172,0.0005563453825354951,0.0011126907650709902
664.398,0.013126184995972465,0.0004927017022347603,0.00024490023311037344,0.0005502100431312987,0.0011004200862625975
664.569,0.013104412122453914,0.0004933270846625063,0.0002449801654687269,0.0005508056771082634,0.0011016113542165267
664.739,0.013094712417666427,0.00048582192360655544,0.00024542916563892496,0.0005442962583033183,0.0010885925166066366
664.91,0.013084039897028754,0.0004829756656239302,0.00024632334316693563,0.0005421629671729842,0.0010843259343459683
665.08,0.013036212487728507,0.0004828589769172773,0.00024631006012347935,0.0005420529838564047,0.0010841059677128093
665.251,0.013017580182306194,0.0004891868472450478,0.0002461993225205219,0.0005476475855211212,0.0010952951710422425
665.421,0.013004150100963629,0.0004950701922690876,0.0002473107838302618,0.0005534050226299811,0.0011068100452599622
665.591,0.012957198334214059,0.0004870757896042117,0.0002467624746976627,0.0005460169811805132,0.0010920339623610264
665.762,0.012941081518083705,0.0004913810911390179,0.00024675209657105143,0.0005498563211341499,0.0010997126422682998
665.932,0.012947384911232998,0.0004997671000552089,0.00024745472040487815,0.0005576746300023426,0.0011153492600046852
666.102,0.012943684081389073,0.0004897650091059682,0.0002470981064164724,0.0005485683533883224,0.0010971367067766449
666.273,0.01291395344605938,0.0004921303285861125,0.0002473443424978293,0.0005507916884630328,0.0011015833769260656
666.443,0.012878044457913063,0.0004904345938902591,0.0002475876119025024,0.0005493866729835076,0.0010987733459670152
666.613,0.012861461806686968,0.0004937805531449343,0.00024801409206864217,0.0005525669412195686,0.0011051338824391373
666.783,0.012838265560491858,0.0004848838758559178,0.00024833733304967525,0.0005447786743727057,0.0010895573487454114
666.954,0.012836510003025941,0.00047160986224530717,0.00024915330125266166,0.0005333790675421536,0.0010667581350843071
667.124,0.012823050311652123,0.0004907419645205016,0.0002491128208274607,0.0005503497735459293,0.0011006995470918587
667.294,0.01277741261676324,0.0004911679358508247,0.00024857898045120585,0.0005504883747456624,0.0011009767494913247
667.464,0.012805971769271809,0.00048424957802336763,0.000250279458840155,0.0005451031657706002,0.0010902063315412003
667.634,0.012780156984882315,0.0004861651867356401,0.00025030736090030873,0.0005468184010387518,0.0010936368020775036
667.804,0.012810863218348493,0.0004804048873573325,0.0002517619800889739,0.0005423771293252807,0.0010847542586505613
667.974,0.01272816078940065,0.00048298233921041504,0.00025073323855197326,0.0005441866379321759,0.0010883732758643519
668.144,0.012709087653602619,0.0004838254399977221,0.00025096613366323584,0.0005450422521556127,0.0010900845043112254
668.314,0.01272864560447858,0.0004935774157227383,0.0002525792282739779,0.0005544501166624596,0.0011089002333249192
668.484,0.012732517815611527,0.000499419974873245,0.0002527273228230913,0.000559724406296277,0.001119448812592554
668.653,0.012696259078828232,0.0004911528059142586,0.00025253943371786395,0.0005522746095376727,0.0011045492190753453
668.823,0.012671761652836181,0.0004777656355644473,0.00025231228142336175,0.0005402975938160025,0.001080595187632005
668.993,0.01268588634289389,0.0004888267151637447,0.00025301532587314237,0.0005504255740647133,0.0011008511481294266
669.163,0.012657732187231405,0.00048571248188626013,0.0002527032515899354,0.0005475176238480701,0.0010950352476961401
669.333,0.012674173002899834,0.00048670897057307094,0.0002535589516198398,0.0005487966508487918,0.0010975933016975836
669.502,0.012653949133146441,0.0004968889889897053,0.0002538255036511473,0.0005579659968877763,0.0011159319937755526
669.672,0.012667640995989753,0.00047711552834351636,0.00025483093089265994,0.0005409048259408789,0.0010818096518817578
669.842,0.012654155426645405,0.0004776837740177044,0.00025515789796226964,0.0005415600990216333,0.0010831201980432666
670.011,0.012642748303379515,0.00048410309921555986,0.000255281157764886,0.0005472881144149678,0.0010945762288299356
670.181,0.0126235347572288,0.0004905313188702351,0.000255701693438687,0.0005531765819518976,0.0011063531639037953
670.35,0.012647576983282432,0.0004956882315683396,0.0002565323805012136,0.0005581359020534043,0.0011162718041068085
670.52,0.012625860306505837,0.0004774522963040087,0.00025596858570458544,0.0005417385089815718,0.0010834770179631436
670.689,0.012574197049206457,0.0004887106126410518,0.00025519484446060483,0.0005513279165317719,0.0011026558330635438
670.859,0.012566489876752743,0.00048086654833879954,0.0002554009309919514,0.0005444834918184632,0.0010889669836369265
671.028,0.012600832878070567,0.0004941886568936113,0.00025646356584699384,0.0005567728344749471,0.0011135456689498942
671.198,0.012612430578623915,0.0004905361651356446,0.00025599146831821874,0.0005533148842726915,0.001106629768545383
671.367,0.012612846269422051,0.0004836174088745837,0.0002558894150376674,0.0005471427518435073,0.0010942855036870146
671.536,0.012591120511811823,0.00048728179805241365,0.0002561351776538829,0.0005504986647985438,0.0011009973295970875
671.706,0.01266348607395736,0.0004742621607688073,0.0002580183250634419,0.0005399055965681798,0.0010798111931363595
671.875,0.01257833145996622,0.00048560789347177556,0.00025659112651907394,0.0005492304001149451,0.0010984608002298903
672.044,0.012598370774325213,0.00048509764103636373,0.00025769706332431046,0.0005492972763313309,0.0010985945526626618
672.214,0.012617296785430157,0.0005006915325977756,0.00025842649921557835,0.0005634503228430424,0.0011269006456860848
672.383,0.012597972556837186,0.0004803236729473866,0.00025829067905769803,0.0005453667625385276,0.0010907335250770552
672.552,0.012607107838447481,0.0004994147741770649,0.00025865310158949394,0.0005624202553502085,0.001124840510700417
672.721,0.01259832386783282,0.00048412259112416,0.0002586717835279117,0.0005488950490123603,0.0010977900980247207
672.89,0.01262425080202979,0.0004764090947104232,0.0002590442262793526,0.0005422817871655598,0.0010845635743311195
673.059,0.012619496460350743,0.0004814435479433369,0.0002593236015610479,0.000546842408910338,0.001093684817820676
673.228,0.012624076252111278,0.0004898479623044085,0.0002602199375753418,0.0005546759793658781,0.0011093519587317563
673.397,0.012607275855038163,0.0004951552610222648,0.00025978702403168743,0.0005591672651123882,0.0011183345302247763
673.566,0.012627122914706582,0.0004829204089089259,0.00026074274862261985,0.0005488159092993231,0.0010976318185986463
673.735,0.012614231972306433,0.00048421736396700075,0.00026055287022211246,0.0005498674874441404,0.0010997349748882808
673.904,0.012632288786328268,0.0004828070580796179,0.0002613872410945403,0.0005490227182353303,0.0010980454364706606
674.073,0.012619079279894979,0.0004926294921319347,0.0002613452893396522,0.000557660449358025,0.00111532089871605
674.242,0.012653229898353702,0.0004898388909110182,0.00026252090193243984,0.0005557511700395763,0.0011115023400791527
674.411,0.012645255034929132,0.0004801590722143042,0.00026210823850853637,0.000547040641382109,0.001094081282764218
674.58,0.012643217742054808,0.0004938932876425849,0.0002618498079095987,0.0005590133285358184,0.0011180266570716367
674.748,0.012651686667159632,0.0004809995604639854,0.00026148985488185937,0.0005474828959635935,0.001094965791927187
674.917,0.012688029304473505,0.0004875214423174698,0.00026218041167410175,0.0005535483041116715,0.001107096608223343
675.086,0.012664233216492746,0.00048765441282411237,0.0002617608081674544,0.0005534668436675395,0.001106933687335079
675.254,0.012684885925828972,0.0005020608271742936,0.0002627066704973912,0.0005666390993452188,0.0011332781986904375
675.423,0.012688967109891439,0.000491535114679694,0.00026262092220465534,0.0005572939240138938,0.0011145878480277875
675.592,0.012683473113047313,0.0004954771999573954,0.00026280451644330674,0.0005608599375428959,0.0011217198750857918
675.76,0.012696715342794476,0.0004920536405867081,0.00026290623020700735,0.0005578857150853509,0.0011157714301707018
675.929,0.012715747371145631,0.0005094221430351119,0.00026384218306649336,0.0005736929643805814,0.0011473859287611627
676.097,0.012716794872817978,0.000496075850098458,0.00026363657911922413,0.0005617788665485689,0.0011235577330971378
676.266,0.012711596460880437,0.0004928627024113483,0.00026321348209828863,0.0005587441101134968,0.0011174882202269936
676.434,0.012730828893803198,0.0004962138087261164,0.0002636204591785442,0.0005618931308247016,0.0011237862616494032
676.603,0.012729009375971403,0.0004950149486528034,0.000263439692031077,0.0005607497398369137,0.0011214994796738273
676.771,0.012768003941602196,0.0004942218147858076,0.00026381085392010776,0.0005602243915220343,0.0011204487830440686
676.94,0.012754242642854888,0.0004961145785425924,0.00026289905023989263,0.0005614673504840078,0.0011229347009680155
677.108,0.012786559197839631,0.0005035757974738007,0.0002638096688829605,0.0005684928541305612,0.0011369857082611224
677.276,0.012772079057705988,0.0004918792324933111,0.00026381491795525295,0.0005581608104246891,0.0011163216208493782
677.445,0.01278659523620317,0.0004965899855843769,0.00026436486151851647,0.0005625747895066007,0.0011251495790132013
677.613,0.012813454872292842,0.0005068892484328168,0.00026529663836328095,0.0005721180092460326,0.0011442360184920652
677.781,0.012820763354156309,0.000506385139365603,0.0002654842354903904,0.0005717585055460374,0.0011435170110920749
677.949,0.012824441266684476,0.0005041366615443623,0.00026526354047041084,0.0005696652696241823,0.0011393305392483645
678.117,0.012851261254649356,0.0005014212950194113,0.00026564833030771494,0.0005674436980830964,0.0011348873961661927
678.286,0.01284939822779026,0.0005053679304496302,0.000265308348800035,0.0005707760200551029,0.0011415520401102058
678.454,0.012902818131414076,0.0004968231129617815,0.00026559551474326156,0.0005633597279046251,0.0011267194558092501
678.622,0.012896287642246141,0.000520842958794313,0.0002652374404769569,0.000584489766853434,0.001168979533706868
678.79,0.012909537473289646,0.0005206042455503228,0.00026543593297318705,0.000584367191925049,0.001168734383850098
678.958,0.012922349665557437,0.0005169276404973626,0.0002653610750712281,0.0005810599673640652,0.0011621199347281305
679.126,0.012959753581129921,0.0005117976465528372,0.0002664867013192846,0.000577019924263501,0.001154039848527002
679.294,0.012969834710000063,0.000516411472345342,0.0002666093769144204,0.000581172408695199,0.001162344817390398
679.462,0.012989229073102241,0.0005142932092299764,0.0002667245308182844,0.0005793440086859467,0.0011586880173718934
679.629,0.01300376953710745,0.0005145669020706939,0.00026695105962557734,0.0005796912669187364,0.0011593825338374727
679.797,0.01302768400593177,0.0005127363877090865,0.0002679206039589999,0.0005785153872687553,0.0011570307745375106
679.965,0.013052779752886889,0.0005194551944517759,0.0002690053733624004,0.000584976572129839,0.001169953144259678
680.133,0.013074814085398545,0.0005281029516404459,0.0002690835264289559,0.0005927045399917178,0.0011854090799834356
680.301,0.013086774217635239,0.0005169690440173025,0.0002691662366384035,0.0005828442805915184,0.001165688561183037
680.468,0.013106470373686837,0.0005348680144153799,0.00026954453265540007,0.0005989474500564044,0.0011978949001128089
680.636,0.013109199521337692,0.0005271078929268126,0.0002692888496730354,0.0005919114928297734,0.0011838229856595468
680.804,0.01316788343573937,0.0005204303172225962,0.0002701801230787392,0.0005863829925835629,0.0011727659851671257
680.971,0.013193621265742958,0.0005174064384966415,0.0002705995393468498,0.0005838951389526258,0.0011677902779052517
681.139,0.013212595931863491,0.000516486156290049,0.0002701683367541154,0.0005828798159344292,0.0011657596318688584
681.307,0.013239759980419041,0.0005156935220645396,0.00027045043913156676,0.0005823085511357249,0.0011646171022714497
681.474,0.01326934289989291,0.0005253753691865368,0.00027048292396575124,0.0005909147914081625,0.001181829582816325
681.642,0.01329022899900396,0.0005148742792382265,0.00027014980690178076,0.0005814434121994613,0.0011628868243989225
681.809,0.013305163925127905,0.0005262153698732156,0.00027018891220839013,0.0005915273990029188,0.0011830547980058376
681.977,0.013365540144225321,0.0005276574346162672,0.0002714695541621586,0.0005933953885419245,0.001186790777083849
682.144,0.013369001488626232,0.0005389090536837149,0.0002707674763565092,0.0006031069510416456,0.0012062139020832911
682.312,0.013389237522241314,0.0005353514759180261,0.0002713539891266991,0.0006001951267567754,0.0012003902535135508
682.479,0.01342615472404481,0.0005384751139212711,0.0002717476436360748,0.0006031602027109258,0.0012063204054218516
682.646,0.013490284662059312,0.0005351773946680892,0.0002723076083488133,0.0006004717123465304,0.0012009434246930608
682.814,0.013546365359224283,0.0005370692021755214,0.0002727699968654593,0.0006023676610803685,0.001204735322160737
682.981,0.013513242339891898,0.0005359733214368106,0.0002721651721837247,0.0006011166960264897,0.0012022333920529793
683.148,0.013553233981071843,0.0005426694472771332,0.0002731455114444547,0.0006075348544983423,0.0012150697089966845
683.315,0.013606366963724447,0.0005372784873721205,0.00027427722114946616,0.0006032380682900798,0.0012064761365801597
683.482,0.013664866949866114,0.0005426636488052482,0.0002749309219642465,0.0006083344865998773,0.0012166689731997547
683.65,0.013701628557549328,0.0005488505499036812,0.0002755686133380888,0.0006141457374163322,0.0012282914748326644
683.817,0.013792798786905137,0.0005420080429416468,0.0002764018050231011,0.0006084165320185362,0.0012168330640370724
683.984,0.013809853242238806,0.0005530858149578034,0.0002764781650440609,0.0006183397888327004,0.0012366795776654008
684.151,0.01394836938005944,0.0005507368592735586,0.0002784473150838976,0.0006171255913020742,0.0012342511826041484
684.318,0.013968691367030259,0.0005481139597975815,0.0002785912924313261,0.000614851218705421,0.001229702437410842
684.485,0.013944707794472036,0.0005577788785608172,0.0002773353344425162,0.000622922278537945,0.00124584455707589
684.652,0.013971630370477875,0.000562553091923986,0.00027711199664225665,0.0006271020968839881,0.0012542041937679761
684.819,0.01403721630195356,0.0005498924166578973,0.0002784626756249907,0.0006163790486495232,0.0012327580972990465
684.986,0.014071902028940497,0.0005545346177704755,0.00027859970116330714,0.0006205855588024357,0.0012411711176048715
685.153,0.014134178778553361,0.0005574716520268302,0.0002790599385148237,0.0006234172696496468,0.0012468345392992936
685.319,0.014184601451209197,0.0005573520578003896,0.0002795051780400156,0.0006235097921328178,0.0012470195842656357
685.486,0.014332660775884831,0.0005713786997731353,0.0002825149953154946,0.0006374075157484046,0.0012748150314968092
685.653,0.014365694218171646,0.0005761623543183822,0.0002824318766912758,0.0006416625464409287,0.0012833250928818575
685.82,0.014433199740218066,0.0005663608051208782,0.0002831727303732692,0.0006332071989516714,0.0012664143979033429
685.986,0.014455527282782316,0.0005871538562430941,0.0002828869825321317,0.00065174741716962,0.00130349483433924
686.153,0.014546358055346481,0.0005864940083498403,0.0002836669774742599,0.0006514922685187022,0.0013029845370374044
686.32,0.014606945408106997,0.0005828111984160794,0.0002845371338741988,0.0006485601541511245,0.001297120308302249
686.486,0.014684783710351257,0.0005949256647654544,0.00028596036933760307,0.0006600832367423947,0.0013201664734847894
686.653,0.015073511304618578,0.0006110322788531995,0.00029277877933042083,0.0006775543221224003,0.0013551086442448006
686.82,0.016388320160137214,0.0006359312917970699,0.000318806893195484,0.0007113694139022613,0.0014227388278045226
686.986,0.01618152478097216,0.0006311425007865172,0.0003142049195197054,0.0007050287850502583,0.0014100575701005166
687.153,0.016078801431473225,0.0006282401993106931,0.0003114204751915942,0.0007011907446611783,0.0014023814893223566
687.319,0.016037715194365386,0.000612226510256671,0.0003100174702332391,0.0006862449502261412,0.0013724899004522824
687.486,0.01595084846454853,0.0006285388793524584,0.0003080957962832012,0.0006999886731548047,0.0013999773463096094
687.652,0.0158647768724474,0.0006155008886740841,0.00030545821711227747,0.0006871288571730914,0.0013742577143461827
687.818,0.01574061944806287,0.0006171950300789726,0.00030213738613021944,0.0006871802567389325,0.001374360513477865
687.985,0.015725844886084972,0.0006108548727791589,0.00030145052407883077,0.0006811872679854228,0.0013623745359708456
688.151,0.015675502552308283,0.0006078087861618717,0.0003003095946555262,0.0006779508633947849,0.0013559017267895698
688.317,0.01587815946963641,0.000638231794881962,0.00030268495103161956,0.0007063695941780511,0.0014127391883561023
688.483,0.016054611846573377,0.0006370766698978825,0.00030512694295463795,0.0007063774732004259,0.0014127549464008518
688.65,0.016357860934777733,0.0006211007964962674,0.00031026305165035985,0.0006942833431875573,0.0013885666863751147
688.816,0.016387412198475525,0.0006445647154875459,0.00030964314550268495,0.0007150821980781915,0.001430164396156383
688.982,0.016650138090614903,0.0006408695629024532,0.0003138340900802828,0.0007135864577970215,0.001427172915594043
689.148,0.016596479625202526,0.0006593711927340869,0.0003126102796606174,0.000729722931500074,0.001459445863000148
689.314,0.016947197779264546,0.0006498892070549705,0.00031830056824406,0.0007236513201750065,0.001447302640350013
689.48,0.016829955098535333,0.0006755090717491026,0.0003148919362438299,0.0007452982205310317,0.0014905964410620635
689.646,0.01729672752288352,0.0006549426499010726,0.00032304027209920094,0.000730277270670096,0.001460554541340192
689.812,0.017103061009369598,0.0006679712565676333,0.00031834899062073283,0.0007399538360126141,0.0014799076720252281
689.978,0.01746084245280439,0.0006742255806664661,0.0003251089553432634,0.0007485158424972856,0.0014970316849945713
690.144,0.017527811939338913,0.0006814095492070759,0.0003264731959968304,0.0007555817106408646,0.0015111634212817292
690.31,0.01763703185615286,0.0006766401410005264,0.0003272760475041741,0.0007516325509736567,0.0015032651019473134
690.476,0.01802252595631925,0.0006950960277059456,0.0003334414618003296,0.0007709355979458501,0.0015418711958917002
690.642,0.017930579862241794,0.000692366531313752,0.0003314213283934058,0.0007676011403049675,0.001535202280609935
690.808,0.018197554881730568,0.0007153257294591839,0.00033496548073887156,0.0007898688324734283,0.0015797376649468566
690.974,0.018378763674390893,0.0007094652573370819,0.00033737847101958385,0.0007855986151183593,0.0015711972302367187
691.139,0.018447912850727506,0.000717961860352476,0.00033821675804522486,0.0007936370759631952,0.0015872741519263904
691.305,0.018853711498697114,0.0007282755188075093,0.0003453092221279406,0.0008059923635996499,0.0016119847271992998
691.471,0.019054998732025524,0.000750466006951138,0.00034713933892655105,0.000826864528335536,0.001653729056671072
691.636,0.01916985770591964,0.0007350178149871374,0.0003475493992368449,0.000813044754769599,0.001626089509539198
691.802,0.0194967867420262,0.000751508701641465,0.0003520500779769925,0.0008298822724016021,0.0016597645448032043
691.968,0.019646805348560954,0.0007450677534988708,0.0003538072932541021,0.0008248063761051125,0.001649612752210225
692.133,0.0198355916630858,0.0007600890925325304,0.0003559970984278447,0.0008393267317773037,0.0016786534635546075
692.299,0.0202098452899048,0.000786596144322452,0.00036217840531335346,0.0008659715304432771,0.0017319430608865542
692.464,0.020471977877964165,0.0007876669159895065,0.00036546862012382103,0.000868323950400788,0.001736647900801576
692.63,0.02063454709262678,0.0008023565443748908,0.0003675413635076099,0.0008825319700669484,0.0017650639401338968
692.795,0.020870980214773117,0.0008001370306485559,0.0003709700500001235,0.0008819512717901042,0.0017639025435802083
692.96,0.021285643152222818,0.0008062508160944739,0.0003766549715021934,0.0008898928845711281,0.0017797857691422563
693.126,0.021487125644440126,0.000824135742282696,0.00037866538815914603,0.0009069659298438762,0.0018139318596877524
693.291,0.02178133931552168,0.0008386505622781642,0.0003825256077834884,0.0009217703652318228,0.0018435407304636456
693.456,0.022067562982023555,0.0008585324188699401,0.0003866140569101517,0.0009415669616395832,0.0018831339232791664
693.622,0.022322874527353164,0.0008585689246733515,0.0003906996876217049,0.0009432851341574577,0.0018865702683149154
693.787,0.022663796711215923,0.0008546795286522875,0.00039539806391509835,0.0009417094698712043,0.0018834189397424087
693.952,0.02310792387651636,0.0008913103486307617,0.00040193438245962853,0.0009777450513193573,0.0019554901026387146
694.117,0.02342597423850533,0.0009127954431517712,0.0004063250718419381,0.0009991474290844142,0.0019982948581688284
694.283,0.023681742848325325,0.0009006156007411077,0.00040986810429647144,0.000989494983927584,0.001978989967855168
694.448,0.024004773443883902,0.0009053079898782413,0.00041484950490763405,0.0009958326507297755,0.001991665301459551
694.613,0.024254757770927556,0.0009329076604955954,0.0004180335559478529,0.0010222860445637373,0.0020445720891274746
694.778,0.024772862797480023,0.0009411359416163451,0.00042526071491741287,0.001032755312866583,0.002065510625733166
694.943,0.025027037033046005,0.0009697462173990641,0.0004284439544469853,0.001060175432776087,0.002120350865552174
695.108,0.025366316722406253,0.0009716524397609665,0.00043371510397053156,0.0010640569792570356,0.002128113958514071
695.273,0.025725912583849937,0.0009652526849249941,0.0004373343088098903,0.0010597046963268279,0.0021194093926536557
695.438,0.026104192435593983,0.0009862862185029044,0.00044260281194523593,0.0010810447511322501,0.0021620895022645002
695.603,0.02660022408655515,0.0010072174179328894,0.0004493618117853833,0.0011029111319043067,0.0022058222638086135
695.768,0.026830839999022672,0.0010278891370955638,0.0004512097330232043,0.0011225623819342665,0.002245124763868533
695.932,0.027251526511950026,0.0010317995492717964,0.000456935520908891,0.001128450433180723,0.002256900866361446
696.097,0.027766118257582073,0.00104086905575288,0.0004641476392870048,0.001139667241908616,0.002279334483817232
696.262,0.028044489483197967,0.0010574012823572944,0.0004677002007096522,0.0011562183832108447,0.0023124367664216893
696.427,0.028440936473129196,0.0010878213691930118,0.00047203585892093437,0.00118582173339005,0.0023716434667801
696.591,0.028870457047152454,0.0010999250886380692,0.0004772036342602304,0.0011989822805890987,0.0023979645611781975
696.756,0.029243076586811224,0.001110731957931146,0.00048295833850462485,0.0012111871197716334,0.002422374239543267
696.921,0.029705927145787743,0.0011227762836192564,0.0004885718389842828,0.001224470916317065,0.00244894183263413
697.085,0.03020441584245384,0.001144507932236031,0.0004943246172352588,0.0012466977316719478,0.0024933954633438956
697.25,0.030600905979722585,0.0011344692967476446,0.0004996851113950634,0.0012396393813577367,0.0024792787627154734
697.415,0.031037748167710117,0.0011768163807827042,0.0005058620673476402,0.001280934512478968,0.002561869024957936
697.579,0.03150271072571788,0.001194938725376823,0.0005104309734578468,0.0012993915253187976,0.002598783050637595
697.744,0.03204070911209629,0.0011979309655775906,0.0005177046626838442,0.0013050121516883478,0.0026100243033766956
697.908,0.03258041564513556,0.0012113847784144993,0.0005250134009719053,0.0013202621529735798,0.0026405243059471595
698.072,0.03292981576274746,0.0012488734265855923,0.0005292479044827334,0.001356387916501398,0.002712775833002796
698.237,0.03340624365079975,0.0012797609457799836,0.0005355069512650105,0.0013872835950867525,0.002774567190173505
698.401,0.03385793807280701,0.001299975460111287,0.0005401517305069217,0.0014077286985996892,0.0028154573971993784
698.566,0.03441698861315049,0.0012840193039796227,0.0005460975278565822,0.0013953236480915047,0.0027906472961830094
698.73,0.034936295639532156,0.0013160969286555354,0.0005528189078016206,0.001427487257540154,0.002854974515080308
698.894,0.0354785185642801,0.0013169278075608399,0.0005591928023856982,0.0014307324839280653,0.0028614649678561305
699.058,0.03591948312117821,0.0013633694735519265,0.0005654422868165204,0.0014759746952890329,0.0029519493905780657
699.223,0.03640470441461728,0.0013745340593578957,0.0005706851785017354,0.0014882961577913358,0.0029765923155826717
699.387,0.03702769928743846,0.0013964645557915708,0.0005778627645646516,0.001511303619479703,0.003022607238959406
699.551,0.037372569386028495,0.0013896294976486737,0.0005803104717634555,0.001505931732972524,0.003011863465945048
699.715,0.03785867289189517,0.0014141252264628118,0.0005852916747441062,0.0015304628387005218,0.0030609256774010436
699.879,0.038618461487609376,0.001440132489551186,0.0005951776532181096,0.001558274053673202,0.003116548107346404
700.043,0.03906386148271277,0.001442203470061835,0.0005994415477189719,0.0015618197777561003,0.0031236395555122006
700.207,0.039498887415486114,0.0014809306909882285,0.0006051584020602491,0.0015998038639455107,0.0031996077278910215
700.371,0.04014138134833908,0.0015117726547124012,0.0006129133567415308,0.0016312937633695386,0.0032625875267390772
700.535,0.04086503344237945,0.0015036699795568228,0.000620557499270237,0.0016266883590045592,0.0032533767180091184
700.699,0.04115402678206004,0.0015548209429403128,0.000622433086228769,0.001674780914459582,0.003349561828919164
700.863,0.041598165040203985,0.001583649900627879,0.0006276293541249426,0.0017034863116321141,0.0034069726232642283
701.027,0.04226787393106357,0.0015915989905230191,0.0006364700004280218,0.0017141415951078078,0.0034282831902156157
701.19,0.042889346218713154,0.0015942575173579442,0.00064349589803446,0.0017192277343154663,0.0034384554686309327
701.354,0.04331326186852538,0.0016197961272245928,0.0006493845790877669,0.001745118857077874,0.003490237714155748
701.518,0.04401336124809814,0.0016410872497312717,0.000659596938711877,0.0017686818489453182,0.0035373636978906363
701.682,0.044746222953244305,0.0016220968101496244,0.0006688561041277086,0.001754584437844609,0.003509168875689218
701.845,0.04502124853322729,0.0016707504453019153,0.0006697149937680359,0.0017999792285896714,0.003599958457179343
702.009,0.04556994093998164,0.0016903564636901447,0.0006744998207392747,0.0018199601595959086,0.003639920319191817
702.173,0.04609017513984842,0.001696921483878219,0.0006803145124803319,0.0018282150744206242,0.0036564301488412484
702.336,0.04691342800614124,0.0017175277040789574,0.0006892815125056919,0.0018506783669132972,0.0037013567338265944
702.5,0.04734200873042514,0.001746493660363864,0.0006920647827722153,0.0018786148538869594,0.003757229707773919
702.663,0.04791212786706941,0.0017692577737801064,0.0006969639151873616,0.0019015866451872851,0.0038031732903745703
702.827,0.04852463807620078,0.001764543587950134,0.0007044302308803565,0.001899956847918943,0.003799913695837886
702.99,0.04891866819086256,0.001800488691477811,0.0007082942180641564,0.0019347972057770278,0.0038695944115540557
703.154,0.04952724285382397,0.0018241427418214397,0.00071431096708384,0.001959014267491712,0.003918028534983424
703.317,0.05016204530834382,0.0018524633497008195,0.0007218167398929158,0.0019881247113736145,0.003976249422747229
703.481,0.050743351420897864,0.001873159255162057,0.0007256647058731947,0.00200880931413345,0.0040176186282669
703.644,0.051300496097648626,0.001883284114711638,0.0007310915694924947,0.0020202113601571984,0.004040422720314397
703.807,0.05198163069889176,0.001887166851836279,0.0007369576955872537,0.0020259578899263745,0.004051915779852749
703.971,0.05253799364775243,0.0018931182361028938,0.000742450244895516,0.002033501665111377,0.004067003330222754
704.134,0.05300741438694283,0.0019243444330187575,0.0007462664816828494,0.0020639804162282116,0.004127960832456423
704.297,0.05361717764707045,0.0019664295027320275,0.0007506395897372224,0.0021048289201015353,0.004209657840203071
704.46,0.05424037456377949,0.001943285260291771,0.0007557330664219391,0.0020850635651103694,0.004170127130220739
704.623,0.05472238048534953,0.001991061057016161,0.0007589587324536827,0.002130807943089666,0.004261615886179332
704.786,0.05541003464255203,0.00199333859692369,0.000764863102355853,0.0021350443384930266,0.004270088676986053
704.95,0.05591945727675178,0.0020740027426151414,0.0007673297285275139,0.002211398265500187,0.004422796531000374
705.113,0.05662753671655472,0.002077462509238086,0.0007745385525119458,0.0022171514261811495,0.004434302852362299
705.276,0.05725894651293345,0.002065625210229909,0.0007812287288164412,0.002208421571137519,0.004416843142275038
705.439,0.05779845888498899,0.0020655655752285927,0.0007859606050070427,0.002210044166570538,0.004420088333141076
705.602,0.058286941776721814,0.002072867846134207,0.0007894595984481428,0.0022181135149308678,0.0044362270298617355
705.764,0.058969131604292915,0.0021589163392006605,0.000794388039635574,0.0023004286811774085,0.004600857362354817
705.927,0.05952263644862292,0.002148400060522403,0.0007985438577698751,0.002292006787257546,0.004584013574515092
706.09,0.06024630795303598,0.0021922872591186035,0.0008051942251340218,0.0023354787874615636,0.004670957574923127
706.253,0.060841020574931605,0.002158477844907905,0.0008095404985004477,0.002305294433618107,0.004610588867236214
706.416,0.061398350055804705,0.0022254542611106942,0.000813673464692333,0.002369538177670951,0.004739076355341902
706.579,0.06202145363171374,0.002226037002945031,0.0008188550583211042,0.0023718693777311085,0.004743738755462217
706.741,0.06263149237141032,0.0022325788395579525,0.0008242068722702445,0.0023798582401352046,0.004759716480270409
706.904,0.06320709242806036,0.002303757215450515,0.0008282260193160839,0.002448112670367211,0.004896225340734422
707.067,0.06376353201178529,0.0023125092928390515,0.0008333146518441311,0.0024580708977661883,0.004916141795532377
707.229,0.0644546866127497,0.002313545965845115,0.0008406823891070395,0.0024615527244877216,0.004923105448975443
707.392,0.06508425467575113,0.0023467727672774603,0.0008439096704325644,0.002493897743109109,0.004987795486218218
707.555,0.06572222335447324,0.002383664334392132,0.0008521660107991664,0.0025314111813402517,0.0050628223626805035
707.717,0.06629690713371007,0.00234673830745475,0.0008551998203772637,0.002497708433033946,0.004995416866067892
707.88,0.06689951789928908,0.0023894873420660526,0.0008600992750474379,0.002539570932427566,0.005079141864855132
708.042,0.06753308755310514,0.0023883684978643904,0.0008636228983049585,0.002539714273706328,0.005079428547412656
708.204,0.06813925085281364,0.00246152322985635,0.0008684438657964267,0.0026102282197466714,0.005220456439493343
708.367,0.06886588063530555,0.002429318412567298,0.0008743226403282085,0.0025818652228629183,0.0051637304457258365
708.529,0.06950884103546044,0.002470473426132948,0.0008825548706580842,0.002623383702196721,0.005246767404393442
708.692,0.07002118479298255,0.0024792223837887093,0.0008860533364590272,0.0026327996777820266,0.005265599355564053
708.854,0.07070391892747727,0.0024799391746653586,0.0008918832709870857,0.0026354419134381473,0.0052708838268762945
709.016,0.07136811856281053,0.002529778572112365,0.0008961101496594697,0.002683801971875271,0.005367603943750542
709.178,0.07205680694297803,0.0025644670377673964,0.0009014508215616033,0.0027182907812611907,0.005436581562522381
709.341,0.07270893735873372,0.002546993688902886,0.000903258772452339,0.0027024161895095357,0.005404832379019071
709.503,0.07332685200451487,0.00260141226400858,0.0009074067618812449,0.0027551284541454785,0.005510256908290957
709.665,0.07396572200281845,0.002600176401570113,0.0009117013864420471,0.002755379599496674,0.005510759198993348
709.827,0.07457810584890967,0.0025770239476773705,0.0009144968751635988,0.002734475628267081,0.005468951256534162
709.989,0.07525593875706396,0.002660837943443354,0.0009178848780137126,0.0028147062387670414,0.005629412477534083
710.151,0.0759762237029725,0.0026477978217328956,0.0009268202482021901,0.0028053215639657135,0.005610643127931427
710.313,0.07670543654453546,0.00269541511261405,0.0009320456959924658,0.0028520118879005905,0.005704023775801181
710.475,0.07737258937976496,0.002709655402475716,0.000936494939083429,0.0028669243399669113,0.0057338486799338225
710.637,0.07802142055727947,0.002711178647547151,0.0009420514812836619,0.0028701830346346104,0.005740366069269221
710.799,0.0786862519698171,0.002724070447395356,0.0009507772050035828,0.0028852273906794868,0.0057704547813589736
710.961,0.07934655564498491,0.0027728342040746297,0.0009550983353850997,0.002932715866486485,0.00586543173297297
711.123,0.08012198245644904,0.0027701380663170583,0.000961278747939503,0.0029321871934954885,0.005864374386990977
711.285,0.0808938142315153,0.002794989466465273,0.0009678778664288948,0.002957829217851291,0.005915658435702582
711.446,0.08141569389671596,0.0028458688320667966,0.0009720533031252159,0.0030073006223930916,0.006014601244786183
711.608,0.08214242163666939,0.002859306691681314,0.0009769054658246104,0.003021585518606339,0.006043171037212678
711.77,0.0828584586832098,0.0028307141226978656,0.0009850500367187419,0.0029972097055896408,0.0059944194111792816
711.932,0.08350194349108535,0.002847394233678294,0.0009904484505673802,0.00301473747699791,0.00602947495399582
712.093,0.08422408366876925,0.0029231999388817974,0.0009964984908954486,0.003088382606646309,0.006176765213292618
712.255,0.08511307635873674,0.0029152867897300804,0.0010039211725811506,0.003083302577939997,0.006166605155879994
712.416,0.08563392049373826,0.002927982438071464,0.0010061407989949177,0.003096029790725058,0.006192059581450116
712.578,0.08649164237961708,0.002930375729141437,0.0010136518463296936,0.0031007405534015267,0.006201481106803053
712.74,0.0871981061490992,0.00296048615703953,0.0010193057004724197,0.0031310481307444404,0.006262096261488881
712.901,0.08797804342310098,0.0030203126652429777,0.0010318308557523688,0.0031917022904258793,0.006383404580851759
713.063,0.08864973792064265,0.0030383943449630215,0.0010406788286101646,0.003211674426186548,0.006423348852373096
713.224,0.08943583852430545,0.003066675387837705,0.0010483643629854978,0.003240920513056056,0.006481841026112112
713.385,0.09018062150907855,0.003042098042452183,0.001051808213693559,0.003218798070442543,0.006437596140885086
713.547,0.09082955673210548,0.0031113858414707654,0.0010570743743054422,0.003286050530244169,0.006572101060488338
713.708,0.0916136309524301,0.0031374073985569718,0.0010649222638681407,0.003313213638237364,0.006626427276474728
713.869,0.09241799706392147,0.003113338732124132,0.0010735648950492426,0.00329323847372558,0.00658647694745116
714.031,0.09307617180055656,0.0031807346204936835,0.001078927973591135,0.0033587435594585914,0.006717487118917183
714.192,0.09388892767759362,0.0031768055302667107,0.0010861951912943398,0.0033573670294926206,0.006714734058985241
714.353,0.09482627923203617,0.0031675379201257774,0.0010979408518221984,0.003352427566635078,0.006704855133270156
714.514,0.0955101632482845,0.0031700030351429955,0.0011036114717201883,0.003356616975963776,0.006713233951927552
714.675,0.09622887374050257,0.0032699957653515564,0.0011080606187666802,0.0034526324218310165,0.006905264843662033
714.836,0.09732604558920596,0.0032795555278260827,0.0011159841316370994,0.0034642322442585208,0.0069284644885170416
714.998,0.09790339937314334,0.003305476431058104,0.0011172773336030832,0.0034891951903646542,0.0069783903807293084
715.159,0.09875446301535795,0.003300944972199973,0.0011258034747343609,0.003487645505669439,0.006975291011338878
715.32,0.09950490833140826,0.003341657153905849,0.0011321227331703724,0.0035282253920648683,0.0070564507841297365
715.481,0.1002797801412421,0.0033738421124236495,0.0011376647533253349,0.0035604903721990415,0.007120980744398083
715.641,0.10122617179974654,0.003354046858048476,0.0011443326247797389,0.003543885929614572,0.007087771859229144
715.802,0.10194301328500113,0.003411423036076769,0.001148590768129239,0.003599592738589597,0.007199185477179194
715.963,0.10281599985377568,0.0033864077286282507,0.0011587918655716705,0.0035791836907636105,0.007158367381527221
716.124,0.1035481020732609,0.003494496527694252,0.0011670336621349118,0.0036842195307314695,0.007368439061462939
716.285,0.10440636798686824,0.0035068905531338355,0.0011778374642813633,0.0036994029847968834,0.007398805969593767
716.446,0.10569116608758819,0.003467228671091604,0.0011979147127721946,0.0036683339974320412,0.0073366679948640824
716.606,0.10657727820078863,0.003504506100996463,0.0012066848769729014,0.003706433785222196,0.007412867570444392
716.767,0.10776390122171042,0.0035393114400660967,0.001223848548639094,0.0037449340100713076,0.007489868020142615
716.928,0.1081698169552211,0.0035252063804204884,0.0012261954758512527,0.0037323766382233456,0.007464753276446691
717.088,0.10933992997811573,0.003543596158256131,0.001236536430381146,0.003753144824872517,0.007506289649745034
717.249,0.11058425109250518,0.0036292507529432404,0.0012556064951664485,0.0038403136198028476,0.007680627239605695
717.41,0.11174343637712955,0.0035599785610767117,0.0012747125842727711,0.0037813145237905275,0.007562629047581055
717.57,0.11200459322715037,0.003616888734791751,0.001282269244618133,0.0038374599067035253,0.007674919813407051
717.731,0.11424070840046012,0.003673586124200489,0.0013148984824066698,0.0039018191950619305,0.007803638390123861
717.891,0.1138865953618086,0.0036598866430791292,0.0013108845037667787,0.0038875684460090076,0.007775136892018015
718.052,0.11435899234682359,0.0036629716479902796,0.0013140723859040608,0.003891548217531965,0.00778309643506393
718.212,0.11616941501241065,0.0037226608618420244,0.0013448934074230849,0.003958148831160911,0.007916297662321822
718.372,0.11667034239800551,0.00379831525477358,0.001346489486827007,0.004029917209172087,0.008059834418344174
718.533,0.11910951774432421,0.0037992180117628954,0.0013741585817331906,0.004040095210345244,0.008080190420690489
718.693,0.12176745705943867,0.0038328815496839236,0.0014067780107931635,0.004082891787147757,0.008165783574295513
718.853,0.11976738005864399,0.003821571613734876,0.0013840463087762273,0.004064479521875007,0.008128959043750014
719.014,0.11978696381452418,0.0038478143451783097,0.001387687270559263,0.00409039743739312,0.00818079487478624
719.174,0.12275203138396254,0.0039130801044630755,0.0014233036734160466,0.00416389111897806,0.00832778223795612
719.334,0.12400805616522848,0.003920245924903885,0.0014354672389992385,0.0041747927261081615,0.008349585452216323
719.494,0.12390607767974005,0.00397189804913172,0.001430605828847197,0.004221682976044972,0.008443365952089945
719.654,0.12437361870917948,0.0039030772504308133,0.001437808327755021,0.004159483719188266,0.008318967438376531
719.814,0.12586412036977168,0.003950229239595724,0.0014555802137201103,0.0042098723025681545,0.008419744605136309
719.974,0.12670177232726287,0.004002798841302831,0.0014609724380163348,0.00426108425504339,0.00852216851008678
720.134,0.12935899821545022,0.004019163632370562,0.0014890833193128073,0.004286145755294118,0.008572291510588236
720.294,0.12846351226434655,0.004025357878545377,0.0014783018866165003,0.0042882260339610415,0.008576452067922083
720.454,0.1300877192293088,0.004083700264530432,0.0014954284746852486,0.004348898041277281,0.008697796082554563
720.614,0.13123483256742738,0.004059331117761005,0.0015198409122971625,0.004334522525297923,0.008669045050595845
720.774,0.13159432278666403,0.004130893251013902,0.0015257996473079488,0.004403673877002844,0.008807347754005688
720.934,0.13218112650259356,0.004083374991990488,0.0015458564091263033,0.00436619094438736,0.00873238188877472
721.094,0.13288331011738022,0.004115696712130422,0.0015575042429891422,0.004400543022533736,0.008801086045067472
721.254,0.13371536295115274,0.004241382164725038,0.001566225897085808,0.004521325715755269,0.009042651431510538
721.413,0.13479528440641225,0.0041980415906145985,0.0015837305131649276,0.004486842490533804,0.008973684981067608
721.573,0.1359734584849163,0.004178236117877139,0.0016061250055367938,0.004476303674924612,0.008952607349849224
721.733,0.13733746060828836,0.004157537646954115,0.0016235910347732448,0.004463313470286039,0.008926626940572079
721.892,0.13830070527429433,0.004268872014385891,0.0016351119244972557,0.004571308267973204,0.009142616535946408
722.052,0.13899404233412965,0.004245555663662418,0.001645964576377048,0.004553453884684033,0.009106907769368067
722.212,0.14025834596235892,0.004385854512309671,0.0016670605432542165,0.004691994315642566,0.009383988631285131
722.371,0.14198206139208253,0.004277341235012198,0.0016897973482144666,0.004599028497277258,0.009198056994554516
722.531,0.14259274343864073,0.0044198974229321415,0.0016914129033888433,0.004732480410840859,0.009464960821681717
722.69,0.1438058926749513,0.004370714755775845,0.0017131407619113842,0.004694464692217742,0.009388929384435484
722.85,0.1449673745097832,0.004394862237541182,0.0017389765345575334,0.00472639963129518,0.00945279926259036
723.009,0.14566929415073987,0.0044574696372930685,0.0017500874142734998,0.004788720238747311,0.009577440477494622
723.168,0.14707850475903225,0.0044741824215415405,0.0017816259497778271,0.004815859151403108,0.009631718302806217
723.328,0.14977055700707648,0.004404370788333752,0.001815479578185742,0.004763869030518907,0.009527738061037815
723.487,0.15183677799241935,0.004474243127881845,0.001848674032215241,0.004841120453447205,0.00968224090689441
723.646,0.15139503109354774,0.004523671211470486,0.001843454891050315,0.004884867159383578,0.009769734318767155
723.806,0.15136363148873827,0.004572000456981715,0.0018476603193435632,0.0049312307626309445,0.009862461525261889
723.965,0.15311759736250158,0.004600503636131608,0.0018855495638375442,0.004971914205187787,0.009943828410375574
724.124,0.15551004337492935,0.004582851231466157,0.0019332784962269014,0.0049739412093152266,0.009947882418630453
724.283,0.15588319493816705,0.004618824855315116,0.001939968841524828,0.005009692819940548,0.010019385639881096
724.442,0.15744492979533073,0.004608751457759973,0.0019625586697302653,0.005009214163073695,0.01001842832614739
724.601,0.1580398703702301,0.0046775713756322754,0.001964997054804542,0.0050735478118891265,0.010147095623778253
724.76,0.15879741693931904,0.004714442447935528,0.0019808784732698224,0.005113692122210734,0.010227384244421468
724.919,0.1597367185782714,0.0047749803401907435,0.0019822977980653925,0.005170100754281585,0.01034020150856317
725.078,0.16122567009435507,0.004758057200434446,0.002006498363942427,0.005163830361960946,0.010327660723921892
725.237,0.16455386067198916,0.004868829371274098,0.0020596808742333783,0.00528656644243351,0.01057313288486702
725.396,0.16548056797977867,0.004740794925879202,0.002077193805038442,0.005175893220781517,0.010351786441563034
725.555,0.16463782054103543,0.004781161651630436,0.0020725135425374466,0.005211028605085813,0.010422057210171627
725.714,0.1658129144436987,0.004921001714744127,0.002086112220160099,0.005344915534563286,0.010689831069126573
725.873,0.16721845573520805,0.004881799372694933,0.0021018459105529327,0.005315046692829023,0.010630093385658046
726.031,0.16844285865770547,0.0048831836643483196,0.0021188595256246934,0.0053230675732221155,0.010646135146444231
726.19,0.1702380167804431,0.00492202904267555,0.0021554726330059158,0.005373307377079693,0.010746614754159386
726.349,0.17134249771154902,0.004924846121730616,0.0021554061629808566,0.005375861330999987,0.010751722661999974
726.508,0.17406651853365726,0.0049918685264263764,0.002201582542387406,0.005455796649076213,0.010911593298152425
726.666,0.1737318410826127,0.00501696956411726,0.0022033476565557672,0.005479482138206924,0.010958964276413848
726.825,0.17412432959375213,0.005065019734567755,0.002202351141658711,0.005523112841752035,0.01104622568350407
726.983,0.1756640287938175,0.005061491946141278,0.0022220801788202646,0.005527779033387543,0.011055558066775086
727.142,0.1771111530191078,0.005099453846167365,0.0022341665293063805,0.005567398819005519,0.011134797638011038
727.301,0.17926876113688006,0.005077875329836295,0.0022663728475780286,0.005560689143406509,0.011121378286813017
727.459,0.17999287464785074,0.005159332791507873,0.0022873346493659965,0.005643634879376826,0.011287269758753653
727.617,0.18314220343637322,0.005110213472182298,0.0023379519341453917,0.00561963530646319,0.01123927061292638
727.776,0.18498658586971842,0.0051457863960640855,0.0023719398375243454,0.005666146505937985,0.01133229301187597
727.934,0.18387583084629183,0.005191298251764127,0.0023892778612660207,0.0057147376350192335,0.011429475270038467
728.093,0.18452269372892818,0.005259403432452823,0.0024170371774912937,0.005788211570310091,0.011576423140620183
728.251,0.18601957720624696,0.005240941711736366,0.00244475111150098,0.0057831028023893356,0.011566205604778671
728.409,0.18728355305595393,0.005344497768148413,0.0024732347776202377,0.0058890191593315095,0.011778038318663019
728.567,0.18840920501342237,0.005323474300677775,0.0025038965833440487,0.005882930964243821,0.011765861928487642
728.726,0.19026356502981054,0.005431777110041519,0.002517112729056343,0.005986656751806342,0.011973313503612684
728.884,0.19225416919141286,0.005343238999806809,0.002548428143654664,0.0059198554891506956,0.011839710978301391
729.042,0.1947651632699551,0.0052570606377789495,0.0025895415579395417,0.005860239929352787,0.011720479858705574
729.2,0.19551322444432415,0.0053962427787332965,0.0025945178920107653,0.005987567053402846,0.011975134106805691
729.358,0.19607329029049242,0.005416043024517027,0.0026112303546512623,0.006012657150417917,0.012025314300835834
729.516,0.19685718819702233,0.005456648251206301,0.002621212752488624,0.006053574682053718,0.012107149364107436
729.674,0.19749898658547466,0.005526382166269806,0.002633100866541534,0.006121610900820693,0.012243221801641386
729.832,0.19883675747522433,0.005516011198069084,0.002660745874936963,0.0061242100019690375,0.012248420003938075
729.99,0.20053146532001603,0.005442850094820321,0.002689968263608146,0.006071288694659858,0.012142577389319715
730.148,0.20181215999963928,0.005558965033092324,0.0027163995182301285,0.006187157552687988,0.012374315105375976
730.306,0.20437923319132273,0.005619431554762766,0.002767154621827753,0.006263797226903675,0.01252759445380735
730.464,0.20544998389547442,0.00557993737916497,0.0028136212242165517,0.0062491731892118565,0.012498346378423713
730.622,0.20585411398961645,0.00574464420558374,0.002840951919923715,0.006408739724787166,0.012817479449574332
730.779,0.20689526010627174,0.0057136159076222,0.0028640568967678416,0.006391261897916318,0.012782523795832636
730.937,0.20904306192287433,0.005714866756658111,0.002886247358287794,0.006402353150176837,0.012804706300353673
731.095,0.21048289425184766,0.005693604115394444,0.0029215371229477094,0.006399414581318992,0.012798829162637984
731.252,0.21140397060852006,0.005742772078279028,0.0029401970439973716,0.006451681160797712,0.012903362321595424
731.41,0.2124270073623943,0.005814337183364623,0.0029768835409607016,0.006532101690750013,0.013064203381500026
731.568,0.21377636836428254,0.005710451492919535,0.003005338836383438,0.006453008428203198,0.012906016856406397
731.725,0.21551395305324678,0.005829871381000521,0.003043935385288367,0.006576696963432295,0.01315339392686459
731.883,0.21736831944516471,0.005763214414090122,0.003088408925370084,0.006538570950374534,0.013077141900749068
732.04,0.21814075488413603,0.005798826140653655,0.0030779019193624816,0.006565048730568831,0.013130097461137661
732.198,0.2192568713984678,0.005870128133786686,0.003100914206542597,0.0066388307120615496,0.013277661424123099
732.355,0.22062443377531843,0.005995471858922621,0.0031366784001462724,0.006766419599542823,0.013532839199085645
732.513,0.222230528891653,0.00598890039408739,0.003176386349922621,0.00677911190158968,0.01355822380317936
732.67,0.22365849692089945,0.006047876891962959,0.0032000341376376053,0.0068422973760562025,0.013684594752112405
732.827,0.22506839337315268,0.005994278493778153,0.0032256277483812446,0.006807058765142133,0.013614117530284266
732.985,0.22636268555553177,0.006055231232710403,0.0032767977643749172,0.006885000281060561,0.013770000562121121
733.142,0.2277443801071815,0.006084647298472651,0.0033061918861751654,0.0069248709399541185,0.013849741879908237
733.299,0.22905730950734132,0.006005215218617463,0.0033272008479978948,0.006865338688282807,0.013730677376565614
733.456,0.23046024137814736,0.006066013624407672,0.0033374557052297535,0.0069235201939382065,0.013847040387876413
733.613,0.23193201130956412,0.006110888807165488,0.0033775009444304872,0.006982154011705075,0.01396430802341015
733.771,0.23326291474108593,0.006175276510650657,0.0034198174284696286,0.007058979474899921,0.014117958949799843
733.928,0.2348068130210433,0.006181712263249298,0.0034408645001841186,0.007074822613623189,0.014149645227246379
734.085,0.23623171349319697,0.006190991059097968,0.003486269409868499,0.007105099907250835,0.01421019981450167
734.242,0.2375298544755775,0.006273123758485653,0.0035020331602519062,0.007184449731523015,0.01436889946304603
734.399,0.23878031466406435,0.006222604702676745,0.0035510885958971155,0.007164568340220176,0.014329136680440353
734.556,0.24019768428710941,0.006322478538154285,0.0035651124207817957,0.007258358040096547,0.014516716080193094
734.713,0.24160627734186219,0.006387598091833203,0.003596167596362471,0.007330336333615164,0.014660672667230328
734.869,0.24273981410907625,0.006190923658136572,0.003657310806598906,0.007190511670037137,0.014381023340074274
735.026,0.24433125678660628,0.006317997113162463,0.0037050956929227945,0.007324262530497132,0.014648525060994264
735.183,0.2458362893339961,0.006296725278094648,0.0037316400415884033,0.007319418462404102,0.014638836924808205
735.34,0.24693566228590025,0.0062532372043686705,0.003770630373359014,0.007302097571698015,0.01460419514339603
735.497,0.248134340742337,0.006369212764962595,0.0037984340518523586,0.007415859524804525,0.01483171904960905
735.653,0.24965518720489682,0.0063036896381514,0.0038667443712445968,0.007395148077401094,0.014790296154802188
735.81,0.2510386324768737,0.006354273501693562,0.0038871473334069376,0.007448939933033266,0.014897879866066532
735.967,0.252465278415689,0.006382056178629866,0.003875910508660606,0.007466814805412906,0.014933629610825812
736.123,0.25385559293549576,0.006503936421837028,0.0038909467038901737,0.007578961355740775,0.01515792271148155
736.28,0.25520422509408974,0.006474635674808409,0.003933912166070342,0.007576052537559253,0.015152105075118506
736.436,0.2566026091916741,0.006455347886191394,0.003979549045890078,0.007583424486365004,0.015166848972730008
736.593,0.25778503026263155,0.0064872638701823715,0.00399584857480312,0.007619146825867689,0.015238293651735377
736.749,0.259053426034525,0.006539124711886901,0.004051323498583956,0.007692423160993452,0.015384846321986905
736.906,0.26040019949966164,0.006527153187445493,0.0041009173346435715,0.0077085181272382045,0.015417036254476409
737.062,0.2620228006784454,0.006502365656773489,0.00413147155169129,0.0077038831972468125,0.015407766394493625
737.219,0.2633254343201207,0.006518475861989608,0.004168108414878808,0.007737160675695231,0.015474321351390463
737.375,0.2645774475059935,0.006576006897411937,0.0042211970444006805,0.007814241562843218,0.015628483125686436
737.531,0.2660999483169241,0.00661825905770697,0.004267526526667234,0.007874841941952159,0.015749683883904318
737.688,0.26731547708989967,0.006466224389315667,0.004324370922678902,0.0077789614814505635,0.015557922962901127
737.844,0.26858206637192134,0.006499741865581574,0.004355680678340142,0.007824231495224274,0.015648462990448548
738.0,0.269926100646953,0.006547804907709947,0.004421418226243908,0.007900803012402745,0.01580160602480549
738.156,0.27106392939105545,0.006644457382798812,0.004447333865655145,0.007995473245808078,0.015990946491616156
738.312,0.27229087155469944,0.006515324631893867,0.0044653043708518265,0.007898632678084947,0.015797265356169893
738.468,0.2739884817851257,0.006679923200289274,0.0044662698185494185,0.008035480076127895,0.01607096015225579
738.624,0.2753008933326432,0.006689401818110388,0.004482754033828106,0.008052526337239806,0.016105052674479613
738.781,0.2763780348851872,0.006717331933126398,0.004522304204101838,0.00809776411203962,0.01619552822407924
738.937,0.27771877726692723,0.0066372995010690865,0.004572072911988813,0.008059627496319777,0.016119254992639553
739.092,0.2788694977940184,0.006653918419171292,0.004599002795127747,0.008088600437565192,0.016177200875130384
739.248,0.28017759344556814,0.0067063090353000135,0.004631546736092627,0.008150202822357053,0.016300405644714105
739.404,0.2815115714368112,0.006711197707787123,0.004666578052793923,0.008174174294436414,0.016348348588872828
739.56,0.28274448577503264,0.006671520740837686,0.0046874373993051645,0.008153604010977734,0.01630720802195547
739.716,0.2840350438983106,0.006755026568307327,0.00471041358493699,0.008235191563023705,0.01647038312604741
739.872,0.28509114877911745,0.006656481777459959,0.004729004270625126,0.00816530654937383,0.01633061309874766
740.028,0.28651412459455294,0.006640991327543709,0.004783636327003296,0.008184494017441538,0.016368988034883077
740.183,0.28759173235368063,0.006748825153196501,0.00479050755774135,0.00827620707868011,0.01655241415736022
740.339,0.2890298383551177,0.006568416040790142,0.004835524480306672,0.008156370901605344,0.016312741803210688
740.495,0.2902703155582497,0.006721695157808112,0.004901200847548468,0.008318831380819715,0.01663766276163943
740.65,0.29132732965806873,0.006725896599562443,0.004948974112750021,0.008350450876250665,0.01670090175250133
740.806,0.2926389362981324,0.006812237377616486,0.005003878151132496,0.008452536580244792,0.016905073160489583
740.961,0.29385546742936547,0.0067816056963714375,0.00499510267274487,0.008422661487458728,0.016845322974917455
741.117,0.2952181884806493,0.006837057276176744,0.005043484385106956,0.008496004174936535,0.01699200834987307
741.272,0.29623200079899464,0.006720235696456722,0.005100118710768141,0.00843639607177487,0.01687279214354974
741.428,0.29740479140994136,0.006766579417856164,0.005144866988366647,0.008500367835931546,0.017000735671863092
741.583,0.2987293823829903,0.006814547741583074,0.005152632234817286,0.008543282733796955,0.01708656546759391
741.739,0.3000436769382265,0.0068346985189620514,0.005184482334452296,0.008578575693047768,0.017157151386095536
741.894,0.30102354016172994,0.006737460551828367,0.00523592969043215,0.008532779993096758,0.017065559986193517
742.049,0.30185598628163246,0.00683853335408315,0.005251123389679868,0.008622055166174172,0.017244110332348343
742.205,0.3033828135157758,0.006889893711728868,0.005300951608317767,0.008693142315218802,0.017386284630437603
742.36,0.30452735782570295,0.0068505794089280606,0.005329935532303042,0.008679784042044805,0.01735956808408961
742.515,0.3051692791834195,0.006862523607407886,0.005359936301595158,0.008707648788242905,0.01741529757648581
742.67,0.30649644213932425,0.006779514088930789,0.005428718646600935,0.008685205663999199,0.017370411327998398
742.825,0.30757228769159334,0.006645539742836531,0.005462437404368591,0.008602407853052824,0.017204815706105648
742.98,0.3085849805397101,0.0067466676236582375,0.0054787354034961586,0.008691033635054033,0.017382067270108065
743.135,0.30977259891224385,0.006759876856720928,0.0055440307569456625,0.008742551810083297,0.017485103620166594
743.29,0.3109913692246617,0.006773550149317774,0.005581060147597718,0.00877662885146833,0.01755325770293666
743.445,0.311923220547169,0.006770288458432564,0.005580648898464169,0.008773850234550082,0.017547700469100164
743.6,0.3128149144849233,0.006781231104915072,0.005585316338616118,0.008785263450840837,0.017570526901681673
743.755,0.31404030066228267,0.006665866259856385,0.005637768954522438,0.008730304220293172,0.017460608440586344
743.91,0.31524773047548776,0.006899427759526162,0.0056904990178660055,0.008943370867925257,0.017886741735850514
744.065,0.3164535855818392,0.006763417676121009,0.0057497498627741405,0.008877130287775287,0.017754260575550573
744.22,0.3174888253642276,0.006873247976872804,0.005771862119317349,0.008975295542543246,0.017950591085086492
744.375,0.3183587518491491,0.006864641647196735,0.005810918360502318,0.008993891101011333,0.017987782202022667
744.53,0.31934171973145475,0.006872578320940672,0.005875995707461768,0.009042104751194427,0.018084209502388853
744.684,0.3203973148738138,0.006766152026456728,0.0058803605575384645,0.008964343452354922,0.017928686904709844
744.839,0.3210864959409434,0.006867469647499821,0.005915876488135253,0.009064200680821382,0.018128401361642763
744.994,0.3223841756172786,0.006787615884679099,0.005919464606931901,0.009006208449212547,0.018012416898425095
745.148,0.3232070042600001,0.006819574312419757,0.005961541701093305,0.009057956350992748,0.018115912701985495
745.303,0.323949314391621,0.006852614146294471,0.005957475282129874,0.009080189005476897,0.018160378010953795
745.457,0.3250407497184785,0.006779448287757005,0.005993683440079711,0.009049041952950442,0.018098083905900883
745.612,0.3260951614606339,0.006783231559477397,0.005994538690479385,0.009052443012863681,0.018104886025727362
745.766,0.32686185019595,0.006804772174821062,0.006017125275758868,0.009083541211190446,0.018167082422380892
745.921,0.32790435283058833,0.006904575810086312,0.006038621804453739,0.00917268338134775,0.0183453667626955
746.075,0.32903633056234116,0.006812518411105745,0.006086047964683629,0.009135118331476856,0.01827023666295371
746.23,0.3303489206959865,0.006860142108214237,0.006120810023950121,0.009193794923435174,0.018387589846870347
746.384,0.33110907971441705,0.006976660289024263,0.0061509737913008665,0.0093009820647993,0.0186019641295986
746.538,0.33172071862143027,0.0068832499501649035,0.006191545179856972,0.009258205095516909,0.018516410191033818
746.692,0.33238153203043874,0.006849356008950728,0.006182778587713379,0.009227157135436488,0.018454314270872976
746.847,0.333451269017071,0.006801106057792854,0.006236902310334533,0.009227892177415322,0.018455784354830643
747.001,0.33405142108506597,0.006775935725883234,0.006299825748645252,0.009252086760541886,0.018504173521083772
747.155,0.3353155156432822,0.006823303848440541,0.006319021993039132,0.009299866362300898,0.018599732724601796
747.309,0.3361900096279967,0.006900315511951441,0.006355414624815375,0.009381132619134794,0.01876226523826959
747.463,0.33684728377029727,0.006947758759354944,0.0064304598053226475,0.009466898387859855,0.01893379677571971
747.617,0.3376369793379876,0.006888673681550041,0.0064655967455744,0.009447632844647513,0.018895265689295025
747.771,0.3384600826283569,0.006766301179013044,0.00650223837884913,0.009384132116530108,0.018768264233060217
747.925,0.33936214550372557,0.006838600317364926,0.006548999253572971,0.009468677073591801,0.018937354147183602
748.079,0.33998860137544507,0.006861140332331385,0.006562426913553665,0.009494245291526753,0.018988490583053505
748.233,0.34093850249492014,0.006833895564648866,0.006579814887891262,0.009486627037437644,0.01897325407487529
748.387,0.34179895378296316,0.006871701051986252,0.006580576638232568,0.009514424009866346,0.019028848019732692
748.541,0.3425470500695832,0.006821427553790324,0.006619379527107759,0.009505159609154556,0.01901031921830911
748.695,0.34343154306631696,0.006859802414134373,0.006652400872029958,0.0095556960250496,0.0191113920500992
748.849,0.3440206794337902,0.0068986203636398555,0.006685027996232566,0.00960627723064662,0.01921255446129324
749.002,0.3447267191347084,0.0069107504084218304,0.006709762518101613,0.009632205575922047,0.019264411151844095
749.156,0.3458830731817784,0.006847532380599258,0.006729850102192472,0.009601019846939979,0.019202039693879958
749.31,0.34659412686569696,0.006811186689450234,0.006757605738885493,0.009594659943987708,0.019189319887975415
749.463,0.3478121592968418,0.006956219603253921,0.006769150249731244,0.009706203494267505,0.01941240698853501
749.617,0.34808581383933174,0.0069691985779371515,0.0067678812280841496,0.009714625321450902,0.019429250642901803
749.77,0.34882385011218897,0.006969656574354058,0.006766553095044125,0.009714028698356206,0.01942805739671241
749.924,0.34917345507588265,0.006895885571784461,0.006807441838286049,0.009689917553869715,0.01937983510773943
750.077,0.3497276708242932,0.00680778519135835,0.006853094836537842,0.009659754036737151,0.019319508073474302
750.231,0.35051898746800064,0.0067668378557144354,0.006896322977058713,0.009661747521511723,0.019323495043023445
750.384,0.3513170628736545,0.006935941512819478,0.006943448204483638,0.009814212023265016,0.019628424046530032
750.538,0.3519110627104685,0.006902382347710962,0.006950075133272421,0.009795224674918057,0.019590449349836114
750.691,0.3529132051126519,0.006978199526730401,0.006977990225427775,0.009868516414387017,0.019737032828774034
750.844,0.35371510736773853,0.006949405386855788,0.007075263842110159,0.009917338033279478,0.019834676066558955
750.998,0.35430580931528005,0.006939470306970165,0.007079244788462233,0.009913221217963931,0.019826442435927863
751.151,0.3551446171954883,0.006983889343923602,0.007118519088991111,0.009972363029317598,0.019944726058635197
751.304,0.3553441852066015,0.006893151142151766,0.007245284100742066,0.010000483706752087,0.020000967413504173
751.457,0.3560390677732395,0.006887937700956808,0.007281843473168295,0.010023419084323764,0.020046838168647527
751.611,0.35623985264030805,0.006861543734705951,0.00729665708579313,0.010016086413911253,0.020032172827822506
751.764,0.3569200050734766,0.006833260139848636,0.007323127276948244,0.010016068952100301,0.020032137904200602
751.917,0.3576452196658053,0.006883933900140765,0.007340901731771407,0.010063666537452026,0.020127333074904052
752.07,0.35824583472891625,0.006797060238939409,0.007385075686789821,0.010036900457381513,0.020073800914763025
752.223,0.359138202155843,0.00698418169264345,0.007383427692214688,0.010163355666413463,0.020326711332826927
752.376,0.3596238770404935,0.0069444916463903454,0.007430129894122959,0.010170191466748546,0.020340382933497093
752.529,0.3602398550696676,0.006884212930625934,0.007454680858176611,0.010147150061542506,0.020294300123085012
752.682,0.3602467070078517,0.007017206467900344,0.0074682249098757085,0.010247710471984972,0.020495420943969944
752.834,0.36094346785323655,0.006885386062688666,0.00751422971826783,0.010191770674969427,0.020383541349938854
752.987,0.36141202705347103,0.006986091224264648,0.007506019488557498,0.010254062568384908,0.020508125136769816
753.14,0.3625519650410209,0.007039688736295062,0.007530946261922438,0.010308849067858308,0.020617698135716615
753.293,0.3627026123325996,0.006984180045434856,0.007580639774265943,0.010307515233761881,0.020615030467523762
753.446,0.3633678358355516,0.0068241431008606085,0.0076027812759735525,0.010216222990485156,0.020432445980970312
753.598,0.3634863418042281,0.007033762787008413,0.007678236831403198,0.010412931373202311,0.020825862746404623
753.751,0.3638845300812491,0.0069584524428527176,0.007713445958762919,0.010388325608980446,0.020776651217960893
753.904,0.36460331393295486,0.006941878903588108,0.007734327449534169,0.010392762087563602,0.020785524175127204
754.056,0.36510722972895643,0.006949091882039787,0.00777779449178411,0.010429955184058008,0.020859910368116016
754.209,0.36531099098890896,0.006864940004242573,0.007807256270182713,0.010396184479421155,0.02079236895884231
754.361,0.3662628121538651,0.006941613765146656,0.007869441197905872,0.010493526882405731,0.020987053764811463
754.514,0.36668291887348364,0.006892740504576583,0.007897480676503832,0.010482369612791856,0.02096473922558371
754.666,0.3674080519739029,0.0068803007694649004,0.007912084608771703,0.01048520965620914,0.02097041931241828
754.818,0.3674057323347036,0.006887316731592985,0.007905499108919817,0.01048484849305953,0.02096969698611906
754.971,0.3677499639502715,0.0068292932867298735,0.007932641610033516,0.010467380269647646,0.020934760539295293
755.123,0.36823305534594886,0.007011939088734128,0.007967267321609293,0.010613417845260823,0.021226835690521646
755.275,0.3687896741910729,0.006935531561960774,0.007931460306121756,0.010536112216303463,0.021072224432606926
755.428,0.36946906461454576,0.006931003936513534,0.008001197051149177,0.010585743706480162,0.021171487412960325
755.58,0.370110381327383,0.007005322573550639,0.00803571505000488,0.010660546924261112,0.021321093848522224
755.732,0.3702377622832017,0.006904641004515731,0.008065915730288104,0.01061758277431116,0.02123516554862232
755.884,0.3707533612386645,0.006964291876854257,0.00810045931873949,0.010682640241090759,0.021365280482181517
756.036,0.3708759332010603,0.006928216613524438,0.00812150673126165,0.010675160749602055,0.02135032149920411
756.189,0.37117511076259685,0.0069391411939097435,0.008117558195692067,0.010679252388133853,0.021358504776267707
756.341,0.3717686605886513,0.007023627156136123,0.008154994821140148,0.010762679915394466,0.02152535983078893
756.493,0.3721933178885606,0.006955524967331141,0.008143172652725973,0.010709369188858465,0.02141873837771693
756.645,0.3724436600950418,0.006969602501941834,0.008189686014567552,0.010753897714423232,0.021507795428846465
756.797,0.3732642023650977,0.0070813888335896176,0.008200997954116033,0.010835240433691495,0.02167048086738299
756.948,0.37371581023806155,0.006980326836250235,0.008232158217835912,0.010793210442882997,0.021586420885765994
757.1,0.37371012018968014,0.0069035385482118785,0.00823519659008043,0.010746036821262047,0.021492073642524093
757.252,0.37416651624971353,0.006877418018060572,0.008311757323180773,0.010788150369483798,0.021576300738967595
757.404,0.3747540979384982,0.006863963140556278,0.008363456182112906,0.01081949117588428,0.02163898235176856
757.556,0.3748495811155141,0.006867003205018707,0.00840956507711514,0.010857095274702702,0.021714190549405404
757.707,0.37512343995968117,0.0069533290732571055,0.008424747838007885,0.010923605692948691,0.021847211385897382
757.859,0.37575716355946565,0.007028794239288455,0.008473881359939517,0.01100956919050809,0.02201913838101618
758.011,0.3756649653376085,0.0068938982969575955,0.008465857739813024,0.010917718671936317,0.021835437343872634
758.162,0.3761509411968723,0.006970987537366696,0.008474155863217642,0.01097296609127303,0.02194593218254606
758.314,0.3766722344780545,0.006951346100973056,0.008477615192653788,0.010963173444319288,0.021926346888638575
758.466,0.3770975080584785,0.007000515353412541,0.008486628100044694,0.011001366811529962,0.022002733623059923
758.617,0.37769993776851774,0.007008598872594508,0.008444199180008138,0.010973830595948851,0.021947661191897703
758.769,0.37777390866675525,0.007001016734891566,0.008518805104671045,0.011026526004757856,0.02205305200951571
758.92,0.3782510021631151,0.007034655775196811,0.008530136920101907,0.011056654907846021,0.022113309815692043
759.071,0.37845444424181923,0.007007474890112742,0.008489085197667992,0.011007691484994772,0.022015382969989544
759.223,0.3789108091325903,0.0070406782642096835,0.008503737146761375,0.011040140211126124,0.022080280422252248
759.374,0.3827893420527536,0.007231941399778506,0.008579120617724572,0.011220618832457376,0.02244123766491475
759.525,0.3889126027264235,0.007241837641672305,0.008714615520657075,0.01133087534576297,0.02266175069152594
759.677,0.3934836177738397,0.007131671305974003,0.008861763654221325,0.011375042447381505,0.02275008489476301
759.828,0.3979328992363228,0.007164943918264624,0.008949684522399241,0.0114644351977038,0.0229288703954076
759.979,0.404641393902767,0.00735823854754598,0.009113287478137392,0.011713056099147112,0.023426112198294224
760.13,0.4124704401141394,0.007536886821353516,0.009239695953293214,0.011923784813019535,0.02384756962603907
760.281,0.4206720259416886,0.0075165601667206245,0.009476243340575691,0.012095365417784464,0.024190730835568927
760.433,0.4272694150887448,0.007840644397175016,0.009593605995402932,0.012390035534976607,0.024780071069953214
760.584,0.4287775782366836,0.007816879812738403,0.009642560647052933,0.012413000678276429,0.024826001356552857
760.735,0.4272266532269121,0.007694353373764466,0.00962074294513478,0.012319162660535059,0.024638325321070118
760.886,0.42002444127712735,0.007802392652564179,0.009522902103886302,0.012311092379841427,0.024622184759682853
761.037,0.4132386707767157,0.007605303935593836,0.009341130065818331,0.012045636507021715,0.02409127301404343
761.187,0.4064670189010098,0.007627040692311935,0.009176155825591538,0.011932040288974875,0.02386408057794975
761.338,0.39786538314079534,0.007328609078090719,0.008974471723563072,0.011586615283874184,0.02317323056774837
761.489,0.39466995838313085,0.00723171473724203,0.0089193427931125,0.011482698894506094,0.022965397789012187
761.64,0.3888984990815563,0.0074908620740621445,0.00881591316475997,0.011568636027691887,0.023137272055383774
761.791,0.3855249065882765,0.007550191700500842,0.008785212474959416,0.011583840163973878,0.023167680327947755
761.941,0.3859522831914929,0.007475989503719782,0.008818566260924816,0.011561034986455575,0.02312206997291115
762.092,0.3889375187606479,0.00748784160153106,0.008875038365845711,0.011611807690659217,0.023223615381318435
762.243,0.3897981344106737,0.007539518162319074,0.008912794214092966,0.01167399823636736,0.02334799647273472
762.393,0.3946986013655386,0.0073772809961445305,0.009032481744771283,0.011662332586824203,0.023324665173648406
762.544,0.39222515879978864,0.0073187205204479225,0.008968973948036155,0.011576103132616639,0.023152206265233278
762.695,0.3976012343733148,0.007183233400016491,0.009129564047996754,0.011616702707119063,0.023233405414238125
762.845,0.3956761954030357,0.007091342515471205,0.009082285536093007,0.011522805614556453,0.023045611229112906
762.996,0.3938074320474993,0.007357790527538196,0.009046776850006657,0.011661099983318348,0.023322199966636696
763.146,0.4002984395183751,0.0074214120378231115,0.00922211273189808,0.011837428769584315,0.02367485753916863
763.296,0.39312806693900787,0.007309099494103833,0.009042209780023965,0.01162688664779484,0.02325377329558968
763.447,0.3950341901991086,0.007457139616468478,0.00904344577377355,0.011721469307330302,0.023442938614660604
763.597,0.3986253483079509,0.007180988733377292,0.009128468115336177,0.011614453466332405,0.02322890693266481
763.747,0.39137396316368456,0.007391102258680119,0.009008148150279966,0.011652258394648597,0.023304516789297194
763.898,0.3948624618904954,0.007329219065004973,0.009116924185051797,0.0116976817660088,0.0233953635320176
764.048,0.3974545152030679,0.00731578479326592,0.009161391969528917,0.011723984389307664,0.023447968778615328
764.198,0.39056177665829594,0.007457803678453359,0.009055489888469624,0.01173118633500159,0.02346237267000318
764.348,0.393833700371024,0.007514874453728137,0.009116689617575904,0.011814709799166125,0.02362941959833225
764.498,0.3960228299103606,0.007408388001768687,0.009201775697875192,0.01181341985958159,0.02362683971916318
764.648,0.3906742981994228,0.007649164339074764,0.009072554727118421,0.011866800932127069,0.023733601864254137
764.798,0.39301534192524634,0.007453616024079644,0.009180411568316473,0.0118252420016715,0.023650484003343
764.948,0.3957104786688862,0.0073465676998716355,0.009189361263096149,0.011765050675304771,0.023530101350609543
765.098,0.39074034073099745,0.0073562017674834584,0.009069143975955447,0.011677460207619452,0.023354920415238904
765.248,0.3911903173995589,0.007325554422106043,0.00904624043276419,0.011640369992341955,0.02328073998468391
765.398,0.3950721554441791,0.0075768023882661585,0.009145414926848726,0.011876301975575699,0.023752603951151398
765.548,0.39231837975439776,0.007487037429306334,0.009110911893482891,0.011792558882559883,0.023585117765119765
765.698,0.3912335157734833,0.007389448620689167,0.009103535834456796,0.011725114737478863,0.023450229474957725
765.848,0.3934303837175392,0.007311937561227583,0.009170085082792302,0.011728379739970082,0.023456759479940165
765.998,0.39463899311178274,0.00730631919452882,0.009243310659664248,0.011782236295517204,0.02356447259103441
766.147,0.3917843623442185,0.007236272059183924,0.00923616266282942,0.01173330021983458,0.02346660043966916
766.297,0.39175817208838676,0.00719046906855653,0.009281751227433827,0.0117411137152247,0.0234822274304494
766.447,0.3939307715527542,0.007297024956680904,0.00931393710324931,0.01183199043194796,0.02366398086389592
766.596,0.39319453499535156,0.007411012020554169,0.009294621562491463,0.011887518208555124,0.02377503641711025
766.746,0.39156104911338574,0.0071530212073214715,0.009228894278953983,0.011676395077441507,0.023352790154883014
766.895,0.3919959664239322,0.007141139574299511,0.009273125830330603,0.011704133333347293,0.023408266666694585
767.045,0.3931127298882684,0.007139498588313169,0.009322866369089732,0.011742583933207805,0.02348516786641561
767.194,0.39240261659628445,0.00721404919936757,0.009378624389728061,0.011832206104294241,0.023664412208588483
767.344,0.3918758592867799,0.007119409264401987,0.009395078942429823,0.011787853774480795,0.02357570754896159
767.493,0.3924789649926286,0.007037018197061675,0.00941958338241916,0.0117578984603595,0.023515796920719
767.643,0.3931350998534075,0.0072219551872455085,0.00949947177033365,0.011933004677865011,0.023866009355730022
767.792,0.3929953657625524,0.007109137843191361,0.009513367761101697,0.011876194972779145,0.02375238994555829
767.941,0.3927056351451256,0.007034206136684813,0.009516486167213383,0.011834000377900026,0.023668000755800053
768.09,0.3926776004090756,0.00699878917229653,0.009528916081474518,0.011822998416900802,0.023645996833801603
768.24,0.3934952520258248,0.00705396041320229,0.009510669582098568,0.01184108075349881,0.02368216150699762
768.389,0.3931697230613208,0.007150085499601268,0.00950260851217785,0.011892152504375447,0.023784305008750894
768.538,0.3932044712859078,0.006950830901625253,0.00947403056574329,0.011750374691201411,0.023500749382402823
768.687,0.3931655514188964,0.006881218182272309,0.009482209438093112,0.011715948937234965,0.02343189787446993
768.836,0.39407707064769787,0.00703569993415783,0.009516755120508915,0.011835104629332228,0.023670209258664456
768.985,0.3942023318895541,0.007015231302795534,0.009461941087610849,0.011778870887192061,0.023557741774384123
769.134,0.39434487429643045,0.007067310702682508,0.009436743084322161,0.011789783738803392,0.023579567477606783
769.283,0.39418019747963207,0.007058723567673286,0.009444758659395229,0.011791057821037409,0.023582115642074818
769.432,0.39435505230237167,0.007031403115803226,0.009403178672510618,0.011741396804643213,0.023482793609286425
769.581,0.3946259454565525,0.007032531881226433,0.009400122048045738,0.011739625171981505,0.02347925034396301
769.73,0.3946078353966543,0.007057564132581315,0.00939809232152387,0.011753014539656803,0.023506029079313605
769.879,0.3956507057021789,0.0071337388102044475,0.009425437469597685,0.011820706446973174,0.023641412893946348
770.027,0.3949986858430658,0.007005883792949827,0.00938656865179648,0.011712816859116574,0.023425633718233148
770.176,0.3948470693913825,0.007006861082267782,0.00941854367798884,0.011739040303209729,0.023478080606419458
770.325,0.39472925730825487,0.006964641287485107,0.009405678646392572,0.011703547285440744,0.023407094570881488
770.473,0.3949024591078636,0.007055948262840394,0.009409875942285702,0.01176146976942455,0.0235229395388491
770.622,0.39480718594802944,0.006924589589211839,0.009462250728287614,0.011725362673452812,0.023450725346905624
770.771,0.39506063005250025,0.006849434935299014,0.009477615609588614,0.011693586129841109,0.023387172259682218
770.919,0.39595547286514815,0.006931824245989337,0.009591423034260315,0.011834085651178336,0.023668171302356673
771.068,0.3963430695971673,0.00709609969881517,0.00962818301692963,0.011960624529806832,0.023921249059613663
771.216,0.3961702479883456,0.006948967550554521,0.009665689169026518,0.011904356224966398,0.023808712449932795
771.365,0.3968313253665502,0.007022410869061452,0.009699872172515342,0.011975047998945556,0.02395009599789111
771.513,0.39656595037787207,0.006931366332823432,0.009696574448654587,0.011919202795409563,0.023838405590819126
771.661,0.3964034669827662,0.007002063334299973,0.009673751345930617,0.011941957797632786,0.02388391559526557
771.81,0.39649400098807236,0.006954777660254205,0.00965850121927995,0.01190191489241976,0.02380382978483952
771.958,0.3969089968911101,0.006993533504483995,0.00968406048687589,0.01194531449530782,0.02389062899061564
772.106,0.39676587820317083,0.006930702396801702,0.009678517293398524,0.011904130909547624,0.023808261819095247
772.255,0.3970440299089403,0.007095023675349057,0.009714383768169592,0.012029489305412783,0.024058978610825565
772.403,0.3971089163454501,0.007048358040526686,0.009684943174633434,0.011978208353645211,0.023956416707290422
772.551,0.3975241845996173,0.0071742430601624795,0.009734309470582014,0.012092416812008764,0.024184833624017528
772.699,0.3976444879408028,0.0070241443262877784,0.009733865173565689,0.012003613403208043,0.024007226806416086
772.847,0.39733608799043213,0.007051770520752629,0.009806480648096572,0.012078680812855697,0.024157361625711395
772.995,0.396949352395353,0.006959074099397064,0.009768508667471454,0.011993851504306862,0.023987703008613723
773.143,0.3973701734298135,0.0070075163719378565,0.009746854029050364,0.012004434562551973,0.024008869125103947
773.291,0.3975133316074907,0.006862669839061632,0.009754231233283867,0.011926494215499234,0.023852988430998468
773.439,0.39758176873014706,0.007106280707607096,0.009787472597343205,0.01209519926826561,0.02419039853653122
773.587,0.3977964156369982,0.006876235880963901,0.00979119185431641,0.011964533330585336,0.023929066661170673
773.735,0.39783984173531434,0.006969327508169306,0.009738920589049887,0.011975729629377293,0.023951459258754585
773.883,0.3976610959973433,0.006978124282784584,0.009738668611704986,0.011980646261141165,0.02396129252228233
774.031,0.39782986383005947,0.006937762266038678,0.009737295049464476,0.011956063739391636,0.023912127478783272
774.178,0.39827723258298375,0.007080657280834396,0.009793901057886533,0.012085371548293587,0.024170743096587174
774.326,0.3983056201563545,0.007062725767766744,0.009809574596205744,0.01208759070407339,0.02417518140814678
774.474,0.39831718904284397,0.006946044526512189,0.009748335013829632,0.011969860905881351,0.023939721811762703
774.621,0.3985927555790172,0.00696305477788426,0.00979030977294888,0.012013920979019098,0.024027841958038195
774.769,0.3990523217800363,0.007077510366984817,0.0097378604898113,0.012038151017237054,0.02407630203447411
774.916,0.39911265877088187,0.007037209907854542,0.00971171408309964,0.011993319545442038,0.023986639090884075
775.064,0.39885123333989486,0.007068365256891644,0.009746647797346348,0.01203988914776001,0.02407977829552002
775.212,0.3988011273597775,0.007027687458120244,0.009698919676556773,0.011977371744306875,0.02395474348861375
775.359,0.39913188999113725,0.007028595527475209,0.00971869054072827,0.011993919330864522,0.023987838661729044
775.506,0.3991111984017232,0.006899136425498929,0.009672611607851454,0.011880972129164719,0.023761944258329438
775.654,0.3992283004909045,0.007005978425237727,0.009678357186145233,0.011947984412339413,0.023895968824678825
775.801,0.39900611703181366,0.006945341246073256,0.009728664128977955,0.01195343761262294,0.02390687522524588
775.948,0.3994829979733649,0.006986428577472592,0.009756574759785848,0.012000038971245717,0.024000077942491434
776.096,0.399626950311108,0.006969606823301725,0.009750040491782635,0.011984936748386073,0.023969873496772147
776.243,0.39943143111541607,0.0070184534502881115,0.009737559309515215,0.012003280807353776,0.02400656161470755
776.39,0.39956592317916645,0.007039750187502512,0.009835753376429031,0.012095458948893868,0.024190917897787736
776.537,0.3995887476126434,0.007005252198814657,0.009850525811466821,0.012087448743691602,0.024174897487383204
776.684,0.3994383885240584,0.006984095295865252,0.009878001172816345,0.012097623496864506,0.024195246993729012
776.832,0.3997270981097113,0.006890224192966528,0.009880611507937053,0.01204581558883081,0.02409163117766162
776.979,0.39967882837802093,0.006912859864146123,0.009894240157066221,0.012069946967034452,0.024139893934068905
777.126,0.40050943219251023,0.007114336783543055,0.009952499856499996,0.012233807308573492,0.024467614617146985
777.273,0.40021427529435283,0.007091585812425392,0.009937518484667016,0.012208393136203132,0.024416786272406264
777.42,0.4004126509762611,0.00691811902807316,0.009964908922600683,0.01213094310935117,0.02426188621870234
777.566,0.40034396532964356,0.0069561502858868215,0.010033761306266263,0.01220919296067391,0.02441838592134782
777.713,0.4002641022294817,0.006844507638662134,0.010016374865995695,0.012131572456687327,0.024263144913374654
777.86,0.40035563564784027,0.006972958134687827,0.009988456839552304,0.01218160150323874,0.02436320300647748
778.007,0.4007455730137842,0.006988098609214344,0.009982309547334848,0.012185238039156884,0.024370476078313767
778.154,0.40078218728981463,0.0069444416277005035,0.00993652140284949,0.012122694713215606,0.024245389426431212
778.3,0.400898978301299,0.006988405454960906,0.009907601168438722,0.01212428850348653,0.02424857700697306
778.447,0.4007622498761777,0.007053789800322962,0.00982762416699235,0.012097030516403286,0.024194061032806573
778.594,0.4011046061245584,0.006961935180027469,0.009823050982523087,0.012039969769735799,0.024079939539471597
778.74,0.40104984234064717,0.007061368061604685,0.00980590294180632,0.012083817749601182,0.024167635499202363
778.887,0.401320586271919,0.006928428057126726,0.009754773008806821,0.01196489497639352,0.02392978995278704
779.033,0.40125248412265807,0.007064048399619883,0.009759632540943645,0.01204787147700449,0.02409574295400898
779.18,0.40104936306560085,0.006929328627586887,0.00975098694251162,0.01196233010671948,0.02392466021343896
779.326,0.40134606131137274,0.006995038540826015,0.00974966598730536,0.011999439614067832,0.023998879228135664
779.473,0.40124479814137415,0.00703257018098321,0.009791840029286682,0.012055586858780257,0.024111173717560514
779.619,0.4015377174542543,0.006958044021281396,0.009778089273083898,0.012001058554747916,0.024002117109495832
779.766,0.4018237830897135,0.007031971378366021,0.009754663731715652,0.012025060747663924,0.02405012149532785
779.912,0.4020530209204424,0.0070550652797137245,0.009764564593315128,0.012046603994406288,0.024093207988812575
780.058,0.40184340475636154,0.007061876764146919,0.009777834450881984,0.012061349426198244,0.024122698852396488
780.204,0.40177165148972377,0.0070687676802508,0.009814304087677988,0.01209495933200154,0.02418991866400308
780.351,0.4016419784762396,0.006884249090518766,0.00977442315822546,0.011955426952491601,0.023910853904983202
780.497,0.40170206630766775,0.006813087655345207,0.009832829036319981,0.011962553667880224,0.023925107335760448
780.643,0.40178155992680187,0.007096603534538413,0.009822300046074614,0.012117729156964206,0.024235458313928412
780.789,0.4021407932310005,0.006964374669255341,0.00982690344166503,0.012044523476899095,0.02408904695379819
780.935,0.4021800124851599,0.007122856063139236,0.009789108131157962,0.012106267653562857,0.024212535307125714
781.081,0.4023727685681867,0.006965936474840894,0.00978497572512591,0.012011245602052358,0.024022491204104716
781.227,0.4024122191593772,0.007055086942412452,0.00979248983595087,0.012069262982974551,0.024138525965949103
781.373,0.4024086610572605,0.007039331553284608,0.009765526619485798,0.012038176725441191,0.024076353450882382
781.519,0.40219510258600966,0.0069331870054823675,0.009744384509498166,0.011959185236542554,0.023918370473085107
781.665,0.40214893292953413,0.006935956833149089,0.009701571328348793,0.0119259374235465,0.023851874847093
781.811,0.4023138975454608,0.007013924941961868,0.009709112504576093,0.011977562720269539,0.023955125440539078
781.956,0.4021263782292688,0.006977642366214285,0.009731480435644807,0.011974523141241413,0.023949046282482827
782.102,0.4028278660737069,0.006908317054110615,0.00971924137784138,0.011924281843400867,0.023848563686801733
782.248,0.40272820647790486,0.006961019805686773,0.009737812238335673,0.011969995151387636,0.02393999030277527
782.394,0.40283725287193983,0.007032799743925217,0.009722594181271839,0.011999546235248048,0.023999092470496097
782.539,0.40305702285541434,0.00694929689207476,0.009707710838878596,0.011938692433657921,0.023877384867315842
782.685,0.4030753623466173,0.006988571517763717,0.009721593949540535,0.011972866021911437,0.023945732043822873
782.83,0.40277772220673863,0.006981973214351677,0.009722971206712097,0.011970134462589667,0.023940268925179333
782.976,0.4032863469017182,0.007044335009725098,0.009778770391186948,0.012051846584353505,0.02410369316870701
783.121,0.4037934113457691,0.00697390476501081,0.009816335648664269,0.012041419901269012,0.024082839802538024
783.267,0.4035569273983536,0.0071814820336412325,0.009795105066636446,0.01214568925446221,0.02429137850892442
783.412,0.4035496325371324,0.007085872765489521,0.009811639557097261,0.012102803958054591,0.024205607916109182
783.558,0.4039671609903369,0.006999335935038737,0.009867585963209073,0.012097931900653322,0.024195863801306644
783.703,0.40352696608061295,0.007055965028231042,0.009885897855019579,0.012145683137621375,0.02429136627524275
783.848,0.40355021589381074,0.006946318291051327,0.0097868964092731,0.012001444876615353,0.024002889753230706
783.994,0.4035250488015773,0.006917278916764844,0.00983415623014498,0.012023284757969377,0.024046569515938754
784.139,0.4035329691298921,0.007104535791259279,0.009802814030845914,0.012106592903564306,0.024213185807128612
784.284,0.40356999234011115,0.00703209196767802,0.00976597658708351,0.012034309957008129,0.024068619914016258
784.429,0.40386556521912925,0.0069596566412148215,0.00976381100606503,0.011990363877954754,0.02398072775590951
784.574,0.40381844477339046,0.007071806407011866,0.00972524648565131,0.012024594174645863,0.024049188349291727
784.719,0.40408243099613506,0.007048944548835059,0.009731455256122748,0.012016190771391344,0.02403238154278269
784.864,0.4038559828718249,0.007020694290854416,0.009725603608656937,0.011994895325860774,0.02398979065172155
785.009,0.4040950675413041,0.00707433516403156,0.009730840944127234,0.012030606114945185,0.02406121222989037
785.154,0.40401886655521435,0.006966519251146575,0.00972816600553391,0.011965350153999733,0.023930700307999465
785.299,0.40405688132456874,0.007028878304074434,0.009728067406751537,0.01200168428529054,0.02400336857058108
785.444,0.40422137329871133,0.006979555975667285,0.009730948045853087,0.011975205697129588,0.023950411394259175
785.589,0.40423375196611155,0.0071598239232747085,0.009730081900071852,0.012080462424692306,0.02416092484938461
785.734,0.40440271307665326,0.007062389012461503,0.009733155333815765,0.01202545846591818,0.02405091693183636
785.879,0.40457375505670357,0.007018681606271424,0.009736406315814914,0.01200247888716549,0.02400495777433098
786.023,0.4046806671577544,0.006924206121867605,0.009738285773035359,0.011949010009846495,0.02389802001969299
786.168,0.4046103692619371,0.006973291776241168,0.009736180586411833,0.011975809392597035,0.02395161878519407
786.313,0.4045644672733609,0.007021352769915753,0.009734843648214957,0.012002773661733138,0.024005547323466277
786.457,0.4048493319273219,0.0069583292338821195,0.009741633236957871,0.011971539744347877,0.023943079488695753
786.602,0.40475728155575963,0.007107780682647208,0.009739469429215558,0.012057272120808971,0.024114544241617943
786.747,0.4047758230378009,0.007010497538964349,0.009739981549767053,0.012000596499075694,0.02400119299815139
786.891,0.4052046951651113,0.00695866084277728,0.009750421519750382,0.011978884778543166,0.023957769557086332
787.036,0.4050006001462617,0.006993015468181109,0.00974557479341627,0.011994936156240718,0.023989872312481435
787.18,0.40529003191161656,0.007033603591697063,0.009752520553906886,0.012024276969510896,0.02404855393902179
787.324,0.4051745513402567,0.0070282101101405295,0.009749719060697055,0.012018850157764719,0.024037700315529438
787.469,0.4055410267260632,0.007024416932421581,0.009758365292206526,0.012023648631618939,0.024047297263237878
787.613,0.4059383812126822,0.0070660770147953035,0.009767821294618798,0.012055694804640126,0.02411138960928025
787.757,0.4054795774972451,0.006958465147333935,0.009756656019185262,0.011983846372653694,0.023967692745307387
787.902,0.4057316134179333,0.007083300994207799,0.009762578238337148,0.012061554080391102,0.024123108160782204
788.046,0.4058546334024216,0.006966673603225285,0.009765393241383761,0.011995726166128486,0.023991452332256972
788.19,0.40579471941013096,0.0071285682241225175,0.009763894154666221,0.012089256138799213,0.024178512277598426
788.334,0.40581513843022626,0.007073353790706657,0.009764294497740422,0.012057104996105331,0.024114209992210662
788.478,0.4060601923817909,0.00707991498723729,0.009770119786487291,0.012065671836612236,0.024131343673224472
788.622,0.4059435317152171,0.007135671466056333,0.009767201995750553,0.012096116818933427,0.024192233637866854
788.766,0.4059086849519596,0.0069579075670152,0.009766322809455844,0.011991394369697999,0.023982788739395997
788.91,0.40580893185142,0.006996258670469954,0.009763746497512323,0.012011593610000721,0.024023187220001442
789.054,0.4061059713194785,0.00711861470973417,0.009770807417948653,0.01208897650689603,0.02417795301379206
789.198,0.4061554272256987,0.007051565236349382,0.009771858127799255,0.012050468188096571,0.024100936376193142
789.342,0.40645077346837033,0.007180076357393458,0.009778825992310402,0.012131732534386258,0.024263465068772517
789.486,0.4070143788948946,0.007095199587394554,0.009792243870716989,0.01209255544575084,0.02418511089150168
789.63,0.40668655730231096,0.007128154298145429,0.009784271901217192,0.012105476460475129,0.024210952920950258
789.774,0.4064424958159091,0.00705958053137732,0.009778346259595025,0.01206042009432249,0.02412084018864498
789.917,0.40692038915335943,0.007074280773229594,0.009789842847489785,0.012078347214624722,0.024156694429249444
790.061,0.40719100631807736,0.007241563823711205,0.009796398300208538,0.012182350605249036,0.024364701210498073
790.205,0.40695105143199156,0.007160227636214571,0.009790727347097622,0.012129600231978635,0.02425920046395727
790.348,0.4067411634079545,0.007031608192622184,0.00978579125167366,0.012050113036643438,0.024100226073286875
790.492,0.4065194860893809,0.007168806846411511,0.009780489105061881,0.01212640749502468,0.02425281499004936
790.635,0.40672274194769253,0.0071477204641277785,0.009785299866825919,0.01211783814535474,0.02423567629070948
790.779,0.4073748109981873,0.007103640863872669,0.009800780683937445,0.012104421321877515,0.02420884264375503
790.922,0.40726334519603247,0.007172059579980331,0.009797608390452168,0.012142140206382332,0.024284280412764665
791.066,0.40712396563938985,0.007054342501571733,0.009793580128238824,0.012069712501038114,0.024139425002076227
791.209,0.407465635334382,0.007040133815478083,0.009800874618739403,0.01206733721382179,0.02413467442764358
791.353,0.4074045095823073,0.0070656442145310295,0.009798356236759693,0.012080195077430802,0.024160390154861603
791.496,0.4073551955390867,0.007049757024337112,0.009796037006251531,0.01206902709956523,0.02413805419913046
791.639,0.407675551741583,0.007103495141383826,0.009802683062727486,0.012105876195135482,0.024211752390270964
791.782,0.407731118966934,0.007172890563229995,0.009803075742362145,0.012147042975249699,0.024294085950499398
791.926,0.40811135643926494,0.007200840459405099,0.009811359565695963,0.01217024567743721,0.02434049135487442
792.069,0.407643969487678,0.007113307348543622,0.009799614690768236,0.01210915312985864,0.02421830625971728
792.212,0.4075955994092064,0.007166321376614444,0.009798080858421453,0.012139133024276733,0.024278266048553467
792.355,0.40833889535185613,0.007084762815910096,0.009815809833826078,0.012105535380623984,0.02421107076124797
792.498,0.40762293626289986,0.007213681867564956,0.009798590130079917,0.012167562394487031,0.024335124788974063
792.641,0.4080272289236106,0.007133679829074435,0.0098083956853305,0.012128232098032814,0.024256464196065627
792.784,0.4084086016778956,0.007100340659851319,0.009817655409281121,0.012116154308249987,0.024232308616499974
792.927,0.408290315880176,0.007169083328709639,0.009814839623634749,0.012154292764766412,0.024308585529532824
793.07,0.4086079903894375,0.007240092940133374,0.009822566247199684,0.012202530617146413,0.024405061234292827
793.213,0.40846532697290916,0.007251495595467395,0.009819101271602891,0.012206512120711492,0.024413024241422984
793.356,0.40819700476064946,0.0071416550384218935,0.009812607172582977,0.01213632960211792,0.02427265920423584
793.498,0.40823454379931057,0.007212699498166273,0.00981336846948193,0.012178884791665867,0.024357769583331735
793.641,0.409110826570185,0.007141344276387952,0.009834254189125362,0.01215365597383062,0.02430731194766124
793.784,0.40853396952316084,0.007137450764155595,0.009820238445565803,0.012140028275853148,0.024280056551706296
793.926,0.4084431141037602,0.0072881629154234314,0.009817948668463652,0.012227405069692448,0.024454810139384896
794.069,0.40892093040050803,0.007159517036998513,0.009829360292458265,0.012160386834390887,0.024320773668781773
794.212,0.408859425557943,0.007121120827852147,0.009827798767812907,0.012136555955685885,0.02427311191137177
794.354,0.40912334230311326,0.007178308186128244,0.009834056720386107,0.01217525276923674,0.02435050553847348
794.497,0.4096497155508005,0.007231511094369874,0.009846539556884009,0.012216754640790495,0.02443350928158099
794.639,0.4088243548365934,0.007291563101159351,0.009826713833660157,0.012236469965918949,0.024472939931837898
794.782,0.40896060198526685,0.007182592839543688,0.00982986254632446,0.012174392698541339,0.024348785397082677
794.924,0.4090134040803991,0.007202104616835274,0.009831056406037653,0.012186877408529796,0.02437375481705959
795.066,0.40924579850911663,0.0071929281485936395,0.009836555334680959,0.01218589496931067,0.02437178993862134
795.209,0.408854855073942,0.00704205656608236,0.009826963575803474,0.01208965565266736,0.02417931130533472
795.351,0.40894894402633086,0.007085320836271479,0.00982908869090642,0.012116631373719648,0.024233262747439296
795.493,0.4092958211658127,0.007191729570613868,0.009837368945265186,0.012185844327830132,0.024371688655660265
795.635,0.40929324298431063,0.007199218704649603,0.009837202264529119,0.012190131186768809,0.024380262373537617
795.778,0.4096710769721417,0.00714478445961608,0.009846226526001627,0.012165365665515751,0.024330731331031502
795.92,0.4098174578556898,0.007211647296329554,0.009849830584239518,0.012207662317777207,0.024415324635554413
796.062,0.4097958905729679,0.007222279506413178,0.009849327933964782,0.012213540928802537,0.024427081857605074
796.204,0.41007705285898155,0.007395496763019313,0.009856153839429652,0.012322221426282398,0.024644442852564796
796.346,0.4095687395415274,0.007280614180871378,0.009844030365935022,0.012243866901275765,0.02448773380255153
796.488,0.4094168818416395,0.007296616200329319,0.009840412994126555,0.01225048308720448,0.02450096617440896
796.63,0.4097239892096898,0.007270729384794474,0.00984768901943689,0.012240934801331626,0.024481869602663252
796.772,0.4099902180841132,0.007255514995761916,0.009853851049743314,0.012236865544911959,0.024473731089823918
796.914,0.4097499906034442,0.007338413703253208,0.009847553677228142,0.012281149339780213,0.024562298679560425
797.055,0.4101065982689628,0.007292121573739832,0.00985545752168808,0.01225989722664917,0.02451979445329834
797.197,0.4096267083640958,0.0072212699956546,0.009843016284433759,0.012207854435803597,0.024415708871607194
797.339,0.41001592670986386,0.0071959358180450385,0.009851393393062848,0.012199649342596116,0.024399298685192233
797.481,0.41012294262883026,0.007167499728809034,0.009852884687879196,0.012184103948798281,0.024368207897596562
797.622,0.4099647582660622,0.007245212797595842,0.009847958978131366,0.012226013435188298,0.024452026870376595
797.764,0.4101563856820425,0.007191097808525396,0.00985159964650775,0.012196962871422145,0.02439392574284429
797.906,0.41007441393855837,0.007180709434826515,0.009848829248224477,0.012188602280330934,0.024377204560661867
798.047,0.410349806867083,0.007249455206969388,0.009854907090532038,0.01223412418446348,0.02446824836892696
798.189,0.4103443251846306,0.007297913201028505,0.009854411308277215,0.012262502164013998,0.024525004328027997
798.33,0.41064660503354433,0.007306505281152202,0.009861590623755533,0.01227338539499384,0.02454677078998768
798.472,0.41063403377587626,0.007311108217294451,0.00986122671464189,0.012275833808037534,0.02455166761607507
798.613,0.4105507286642943,0.00725097545168543,0.009859338748652509,0.012238594917784703,0.024477189835569405
798.754,0.41028889319679446,0.0072507174958511495,0.009853093473322536,0.012233411429305936,0.024466822858611872
798.896,0.41062911526138723,0.0071720044166560595,0.009861361353038356,0.012193608780329657,0.024387217560659313
799.037,0.41049653561930366,0.007300342068318302,0.009858227918868864,0.01226701479638887,0.02453402959277774
799.178,0.4106703879632523,0.007330362922731719,0.009862353646079262,0.012288215493687147,0.024576430987374293
799.319,0.4111891583999638,0.007342444863944528,0.009874739561383582,0.012305363789227013,0.024610727578454027
799.461,0.41059978423595733,0.007169907604884333,0.009860526440136764,0.012191700321908113,0.024383400643816226
799.602,0.4111365704093345,0.007292376973450509,0.00987331761347689,0.012274410886861504,0.024548821773723008
799.743,0.4122154331342923,0.007397349746073175,0.009899068913623512,0.012357683788736312,0.024715367577472624
799.884,0.4121129437664541,0.007427661947825769,0.009896470052616629,0.012373773939809821,0.024747547879619643
