Wavelength_nm,FieldReflectance_103p4,u_random_1sigma,u_systematic_1sigma,u_combined_1sigma,U_expanded_k2,u_random_percent,u_systematic_percent,u_combined_percent,U_expanded_percent_k2
650.138,0.017224499209770573,0.00014202074762405666,0.0002392563625886347,0.00027823281581229814,0.0005564656316245963,0.8245275865175551,1.3890468435385157,1.6153318155947953,3.2306636311895907
650.311,0.01713849706056771,0.00010415841828745005,0.00023839558725560018,0.00026015655310425277,0.0005203131062085055,0.6077453461604749,1.3909947086556456,1.5179659697396775,3.035931939479355
650.484,0.017135765258572876,9.361133569162021e-05,0.00023824139049175637,0.00025597273744173374,0.0005119454748834675,0.5462921222312337,1.3903166091316888,1.4937922735237796,2.9875845470475593
650.657,0.017100744760080097,0.00010889315357114643,0.0002391081152558739,0.0002627363881838326,0.0005254727763676652,0.6367743340941859,1.3982321741568053,1.5364031910303886,3.072806382060777
650.83,0.01714098662199879,0.00013540276339904733,0.00023963406988683917,0.00027524243093431095,0.0005504848618686219,0.789935645975425,1.3980179506078847,1.6057560571283804,3.211512114256761
651.003,0.017085402569892136,7.693155790979218e-05,0.00023934517694312372,0.00025140520744082234,0.0005028104148816447,0.45027653047731414,1.4008752557279354,1.4714620063085204,2.942924012617041
651.175,0.017027921517316916,0.0001078855648080206,0.00023878298404915961,0.0002620240610428112,0.0005240481220856224,0.6335803503575232,1.402302587584304,1.5387906314716104,3.077581262943221
651.348,0.017113327547736867,0.00012138790117009708,0.0002404461426510379,0.00026934990266611297,0.0005386998053322259,0.7093179326550662,1.4050227343590782,1.5739189349048184,3.1478378698096368
651.521,0.017053136877232807,8.825247815781522e-05,0.00023905564688388192,0.00025482563098728296,0.0005096512619745659,0.5175146296728479,1.4018279956635944,1.4943035572973904,2.988607114594781
651.694,0.016977710604768936,0.00011559177480375938,0.00023828602876605135,0.000264842764498822,0.000529685528997644,0.6808442992972819,1.4035227382137039,1.5599439209691162,3.1198878419382323
651.867,0.016986649230238134,9.940223439087182e-05,0.00023875481886578078,0.0002586207024457431,0.0005172414048914862,0.5851785896298178,1.4055439400065466,1.5224939241423163,3.0449878482846326
652.039,0.0169882035779786,0.00011891335273032637,0.0002389575701796225,0.0002669102954247292,0.0005338205908494584,0.6999760285688529,1.4066088217201345,1.5711507941352822,3.1423015882705645
652.212,0.016951613365739568,9.89349055491165e-05,0.00023806692795255425,0.00025780608549989516,0.0005156121709997903,0.583631206154519,1.4043909733907964,1.520835096563374,3.041670193126748
652.385,0.016864450370599866,8.206577005604197e-05,0.00023707179961632294,0.0002508741293721079,0.0005017482587442158,0.48661989126612076,1.4057487460701057,1.4875914948847773,2.9751829897695545
652.557,0.016904562945791544,0.00011772712322470681,0.00023831762417204862,0.0002658100177453346,0.0005316200354906692,0.6964221648452346,1.4097828198000155,1.5724157944675465,3.144831588935093
652.73,0.01692174307481085,8.429647505511991e-05,0.00023855150052082792,0.00025300734002684,0.00050601468005368,0.49815479813424696,1.409733615894026,1.4951612189612922,2.9903224379225843
652.902,0.01683051134259862,0.00011975812531025279,0.0002371265273224128,0.00026565202528460645,0.0005313040505692129,0.711553694789657,1.4089086332287313,1.5783954502453634,3.156790900490727
653.075,0.016816077502502722,0.00010078343162829783,0.00023693567133982953,0.0002574797321033861,0.0005149594642067723,0.5993278254890197,1.408982988479725,1.5311521492753923,3.0623042985507847
653.248,0.01686760291400808,0.00010652966354110327,0.00023783725196906857,0.0002606053100732579,0.0005212106201465158,0.6315637383936358,1.410024015751232,1.5450050099106396,3.090010019821279
653.42,0.016830665504917547,0.00010750052921401545,0.00023616565757328417,0.00025948137042630843,0.0005189627408526169,0.6387182323991061,1.4031866862559998,1.541717826609374,3.083435653218748
653.592,0.016786340132712935,0.00012282377953116123,0.00023519670894955617,0.00026533596197843507,0.0005306719239568701,0.7316888527226035,1.401119643055539,1.580665945528846,3.161331891057692
653.765,0.01675208540748356,0.00011029304299149961,0.0002357073498722765,0.00026023548973215884,0.0005204709794643177,0.6583839582278458,1.4070328806166446,1.553451307118488,3.106902614236976
653.937,0.016713472560584343,8.267912324147436e-05,0.00023503907026312012,0.0002491569825835327,0.0004983139651670654,0.49468548766136067,1.406285075774239,1.4907553273586227,2.9815106547172454
654.11,0.01667327485266378,0.0001186577425232309,0.0002361332084246765,0.0002642698469020654,0.0005285396938041308,0.7116642865410073,1.4162377248099585,1.584990646632594,3.169981293265188
654.282,0.016717054465632614,9.869021325649056e-05,0.00023728402475394367,0.0002569892343971664,0.0005139784687943328,0.5903564737399202,1.419412883063573,1.5372877735458241,3.0745755470916483
654.454,0.016673867485163682,9.957879833891052e-05,0.00023778907015610832,0.00025779755422487626,0.0005155951084497525,0.5972147639263369,1.426118267808544,1.5461173267345631,3.0922346534691263
654.627,0.0166956790009585,8.710047933060173e-05,0.00023818970614671725,0.0002536155153256206,0.0005072310306512412,0.5216947410500722,1.4266548017187128,1.5190488228185302,3.0380976456370603
654.799,0.016628597080391015,7.029254705613875e-05,0.00023826368188583329,0.0002484162319121539,0.0004968324638243078,0.4227208508108602,1.4328549830989747,1.4939097430239288,2.9878194860478575
654.971,0.01657592305000714,0.00011317519279572876,0.00023872589175597168,0.0002641943899083292,0.0005283887798166584,0.6827685701381198,1.4401966698069877,1.5938442107344086,3.1876884214688173
655.143,0.01662283591576218,9.242186325067506e-05,0.00024099687620746416,0.0002581110132258643,0.0005162220264517286,0.5559933558812211,1.4497939908012025,1.5527495701327179,3.1054991402654357
655.315,0.016621066764160777,0.00010487320266390212,0.00024144808553935748,0.00026324051103051134,0.0005264810220610227,0.6309655339934935,1.4526629906810833,1.5837762687899457,3.1675525375798914
655.488,0.016520281456641542,9.799683034258937e-05,0.00024159716601155473,0.00026071549509380716,0.0005214309901876143,0.5931910458050479,1.4624276629041753,1.5781540755105805,3.156308151021161
655.66,0.01652631801864286,0.00011446298900418226,0.00024263214854582912,0.0002682762295838691,0.0005365524591677382,0.6926103495954749,1.4681561148231739,1.6233272848872593,3.2466545697745186
655.832,0.016516235569427606,9.76399990616803e-05,0.00024321238326001625,0.0002620798214052008,0.0005241596428104016,0.5911758684431513,1.4725654779967825,1.586801183014875,3.17360236602975
656.004,0.016569867066999307,0.00010077249741560436,0.00024515766994051986,0.0002650610861028885,0.000530122172205777,0.6081672050121859,1.4795391474731745,1.5996572877207114,3.1993145754414227
656.176,0.01680379136691088,8.337656215568578e-05,0.00024908074902347854,0.00026266493989681616,0.0005253298797936323,0.49617708489208223,1.4822889881503465,1.5631290234538489,3.1262580469076977
656.348,0.016788392954436834,0.00010185626756461956,0.00024876167222924635,0.00026880674993847597,0.0005376134998769519,0.6067064777495632,1.4817479725687719,1.6011464031608562,3.2022928063217124
656.52,0.01645684921525995,0.00010081552279227894,0.00024617404990551987,0.00026601772963989805,0.0005320354592797961,0.6126052531294731,1.4958759522281455,1.6164560187695445,3.232912037539089
656.692,0.016451875200649245,0.00012325991285863834,0.0002471283970459598,0.0002761620009060346,0.0005523240018120692,0.7492149761370309,1.5021290523539061,1.6786050072586034,3.357210014517207
656.864,0.016370839201610476,0.0001152361476768938,0.00024736729629440217,0.0002728918265676226,0.0005457836531352452,0.7039110595231886,1.5110239203257674,1.6669385314149132,3.3338770628298264
657.035,0.0163554683943094,0.00010791598266468148,0.0002495506269546809,0.0002718848556428955,0.000543769711285791,0.659815910269063,1.5257932144670812,1.662348329550092,3.324696659100184
657.207,0.016309171673265583,0.00010444401975233405,0.00025100313532046807,0.00027186600964948,0.00054373201929896,0.6404005172349825,1.539030555009234,1.66695167048324,3.33390334096648
657.379,0.016258195587216702,0.00012035418617762611,0.0002526415894376925,0.0002798444261443888,0.0005596888522887776,0.7402677962138476,1.553933756562361,1.7212514429609982,3.4425028859219964
657.551,0.016239758714108744,0.00010053876842092943,0.00025387877545850787,0.00027306130554128087,0.0005461226110825617,0.6190902844731527,1.5633161793096322,1.681436961893105,3.36287392378621
657.723,0.016163266125805917,0.00010139207234062593,0.00025333198329630373,0.0002728689174207378,0.0005457378348414756,0.6272994056488717,1.5673316353545612,1.6882040751966663,3.3764081503933325
657.894,0.016148408203320922,0.00010134223957006701,0.0002539802820662938,0.0002734524331571233,0.0005469048663142467,0.6275679825162331,1.5727883446373536,1.6933708246295618,3.3867416492591236
658.066,0.01609343372311593,0.00012006322640530903,0.00025375953208706586,0.00028072954682380533,0.0005614590936476107,0.7460385923288408,1.576789244936439,1.7443732124150562,3.4887464248301123
658.238,0.016089391059482986,0.00011092188318419383,0.00025487543827651784,0.0002779661008212602,0.0005559322016425204,0.6894100763298756,1.5841210977732798,1.7276359297478117,3.4552718594956233
658.409,0.01600648034804196,0.00011598719342202701,0.00025497800717478767,0.0002801192838430528,0.0005602385676861056,0.7246264694050337,1.5929673584110486,1.7500367210791548,3.5000734421583095
658.581,0.01602018055414425,9.778541614686945e-05,0.0002560893240746823,0.00027412356614498525,0.0005482471322899705,0.6103889766808739,1.5985420589310073,1.7111140865018055,3.422228173003611
658.753,0.015956032536000697,0.00010662292081321673,0.00025631961579299973,0.00027761158600284047,0.0005552231720056809,0.6682295274382867,1.6064119649711182,1.7398534715724672,3.4797069431449343
658.924,0.015926022980883168,0.00010972692035178198,0.0002565560828372539,0.000279035877067237,0.000558071754134474,0.6889787895163337,1.6109237261883365,1.752075062318937,3.504150124637874
659.096,0.01587678045892849,0.0001164452584071334,0.00025655109359106604,0.0002817409480857832,0.0005634818961715664,0.7334311808893792,1.615888651069629,1.7745471055332442,3.5490942110664885
659.267,0.01590639556916513,9.452035410743628e-05,0.0002586477370476428,0.00027537746679868655,0.0005507549335973731,0.59422861512803,1.62606126525004,1.7312373856243797,3.4624747712487594
659.439,0.01586452134300177,0.00010693655621649282,0.0002585335523163599,0.0002797767408644956,0.0005595534817289912,0.6740610315587313,1.629633486738668,1.763537233904079,3.527074467808158
659.61,0.01579471004893715,9.374678179231417e-05,0.0002584326270942537,0.000274910679754813,0.000549821359509626,0.5935327809238419,1.6361973489449657,1.7405237506927969,3.4810475013855937
659.781,0.015759944743708586,8.936355623858269e-05,0.000259292416351124,0.00027425973521611033,0.0005485194704322207,0.5670296291759327,1.6452622173985365,1.7402328477426647,3.4804656954853295
659.953,0.015727513059527163,0.00011174649534291154,0.000259885612618191,0.0002828918713348897,0.0005657837426697794,0.7105159914346377,1.6524266210083456,1.7987069555381738,3.5974139110763477
660.124,0.01566732952998386,8.344224072944842e-05,0.0002598518552630696,0.0002729204906591121,0.0005458409813182242,0.5325875132054773,1.6585586890591002,1.7419719814841557,3.4839439629683113
660.295,0.015696521901065068,8.624813541189913e-05,0.0002623656390265732,0.0002761783289902584,0.0005523566579805168,0.5494729084285027,1.6714890131728528,1.7594874248639671,3.5189748497279343
660.467,0.015581393526737678,9.6922863200866e-05,0.0002618552607314806,0.00027921715381366786,0.0005584343076273357,0.6220423291058423,1.6805638101761364,1.7919908982115824,3.583981796423165
660.638,0.015513280905527007,0.00010009356202135416,0.0002615367824904705,0.00028003608652027396,0.0005600721730405479,0.6452120775154226,1.6858895554278996,1.8051377282835372,3.6102754565670745
660.809,0.015589839356637493,0.00010960033156731726,0.0002640218257553752,0.00028586667723760244,0.0005717333544752049,0.7030241239827406,1.6935506499813024,1.8336730141859512,3.6673460283719024
660.98,0.015571579449835532,9.849899111905601e-05,0.0002651241741658507,0.00028283012388816755,0.0005656602477763351,0.6325561991728229,1.7026158137648069,1.816322646005925,3.63264529201185
661.152,0.015480712700219718,8.33979825797076e-05,0.0002653692895515368,0.00027816556820615414,0.0005563311364123083,0.5387218547019732,1.7141929747702793,1.7968524679242068,3.5937049358484137
661.323,0.015446360300148418,9.618342525362035e-05,0.00026580612711919955,0.000282673218589287,0.000565346437178574,0.622693135370513,1.720833399934647,1.8300312377574859,3.6600624755149718
661.494,0.015381818406716968,9.282817203424555e-05,0.00026592086994198515,0.0002816575555420477,0.0005633151110840954,0.603492835370551,1.728799956615417,1.831107012803199,3.662214025606398
661.665,0.015389927235576863,0.00012383737382052628,0.00026780516859116347,0.0002950513573581831,0.0005901027147163662,0.804665102861901,1.7401327796539467,1.9171718802939723,3.8343437605879447
661.836,0.015303785789575341,8.657328173814975e-05,0.0002681077948986575,0.00028173874919210816,0.0005634774983842163,0.5656984678727135,1.7519050422235238,1.8409742077285443,3.6819484154570885
662.007,0.015272862298134814,9.095397400814502e-05,0.0002686075924416362,0.0002835888998271379,0.0005671777996542758,0.595526707650947,1.7587246398105723,1.856815666188328,3.713631332376656
662.178,0.015209042492982461,6.182010073269926e-05,0.0002689367983324239,0.0002759505867938967,0.0005519011735877934,0.4064693800495554,1.7682690968646635,1.8143850076112407,3.6287700152224813
662.349,0.01520850131920796,8.4668841262534e-05,0.0002696750216162069,0.00028265425870565235,0.0005653085174113047,0.5567204781420465,1.7731860355998001,1.8585280217496973,3.7170560434993947
662.52,0.015184469855861795,9.374152137070802e-05,0.00027106532318415307,0.0002868168095872769,0.0005736336191745538,0.6173512955048618,1.7851484164889124,1.888882603804271,3.777765207608542
662.691,0.015222405611122794,0.00012497017836614967,0.00027238028013562343,0.0002996807676305371,0.0005993615352610741,0.8209620841717404,1.7893379475882516,1.968682055164557,3.937364110329114
662.862,0.015199734868890265,9.678830527709155e-05,0.0002723937764699475,0.00028907844177311317,0.0005781568835462263,0.6367762734808682,1.7920955781107977,1.9018650276905709,3.8037300553811417
663.032,0.015076348693038446,7.597902074434327e-05,0.0002720587163581395,0.000282469036780508,0.000564938073561016,0.5039616839017981,1.8045398252413964,1.8735904994751085,3.747180998950217
663.203,0.015106170915412226,0.00010215746946731218,0.0002729522867801805,0.00029144313240578296,0.0005828862648115659,0.6762631644997806,1.8068926156640934,1.929298523350051,3.858597046700102
663.374,0.015063130130398965,0.00011183240302360666,0.0002729882897387646,0.0002950069366990039,0.0005900138733980078,0.7424247288278897,1.8122945720813088,1.9584703454406809,3.9169406908813618
663.545,0.015029916485049305,8.56714701458764e-05,0.00027337043362495603,0.0002864803567040021,0.0005729607134080042,0.5700062953183825,1.8188420001993062,1.9060675219917051,3.8121350439834103
663.715,0.014948813333858994,0.0001252712836656243,0.00027277168615097766,0.00030016210166655075,0.0006003242033331015,0.8380015247222695,1.824704610720846,2.007932636276118,4.015865272552236
663.886,0.014970479497748929,0.00011178987544795825,0.0002744208039340201,0.00029631698210609515,0.0005926339642121903,0.746735436662318,1.8330795882341913,1.979341958623647,3.958683917247294
664.057,0.014946139272511386,0.00010406772096731905,0.00027547174485712623,0.00029447372168321136,0.0005889474433664227,0.6962849674411783,1.8430963330026497,1.9702326889513269,3.9404653779026537
664.227,0.014889873676035056,0.00011972473055872565,0.00027563120177975505,0.00030051051645809583,0.0006010210329161917,0.8040681416352117,1.8511319019675616,2.0182207250136805,4.036441450027361
664.398,0.014873522321097534,8.023546057026405e-05,0.0002767580326434137,0.00028815401743785427,0.0005763080348757085,0.5394516432496494,1.8607430484092042,1.9373623222329697,3.8747246444659393
664.569,0.014849873005185716,9.116216990965017e-05,0.00027686583662235516,0.00029148796323558986,0.0005829759264711797,0.6138919159632913,1.864432352557298,1.96289869370465,3.9257973874093
664.739,0.014804340066286018,8.595857471914675e-05,0.0002767255744749463,0.00028976873560865085,0.0005795374712173017,0.5806309118425383,1.869219250813716,1.9573228817442687,3.9146457634885374
664.91,0.014793197220771001,9.180406024820766e-05,0.0002777474126305759,0.0002925262564301467,0.0005850525128602934,0.6205829536248348,1.8775347106208595,1.9774376834469094,3.954875366893819
665.08,0.01473802566140036,9.511846958074227e-05,0.00027771203449542995,0.0002935498209145655,0.000587099641829131,0.6453949244359263,1.8843231846364057,1.9917852476223286,3.983570495244657
665.251,0.014754621463306411,0.0001159720371004958,0.0002782947275334516,0.00030149207081141765,0.0006029841416228353,0.7860048283102972,1.8861529468956477,2.0433738104444417,4.086747620888883
665.421,0.01476764308850262,9.64749855393978e-05,0.00028008734202973964,0.0002962369693338618,0.0005924739386677236,0.6532862756854451,1.8966285977469366,2.0059867885383666,4.011973577076733
665.591,0.01465262835551742,7.80626181823234e-05,0.00027828948597789923,0.0002890308121348355,0.000578061624269671,0.5327550545082178,1.8992461913709142,1.9725526719307087,3.9451053438614174
665.762,0.014659758654163298,0.00011221731548661578,0.00027876166944238405,0.0003005009055649045,0.000601001811129809,0.7654786012097587,1.9015433747486499,2.0498352848364507,4.099670569672901
665.932,0.0147198653873372,9.94971566869551e-05,0.00028056102456497584,0.00029768132741866336,0.0005953626548373267,0.6759379523439649,1.9060026513987631,2.022310120272869,4.044620240545738
666.102,0.014692664589287653,0.00010908816755082906,0.00027971845326175705,0.0003002376415354136,0.0006004752830708272,0.742466874459005,1.9037966296848452,2.0434526338695256,4.086905267739051
666.273,0.014627178756897216,0.00010301351292134069,0.00027938761210440923,0.000297773775947109,0.000595547551894218,0.7042609831562104,1.9100580962864655,2.035756729962013,4.071513459924026
666.443,0.014595191819740297,0.00010616725113567424,0.00027983573471687185,0.0002992983856258446,0.0005985967712516892,0.7274125098656179,1.9173145387399997,2.0506642826100947,4.101328565220189
666.613,0.01460105931988304,8.861563308275498e-05,0.0002807807876444907,0.0002944326427842505,0.000588865285568501,0.6069123557499856,1.9230165530670542,2.0165156262553214,4.033031252510643
666.783,0.014537688765802774,0.00010175816010420115,0.00028042147421779653,0.00029831346994441024,0.0005966269398888205,0.6999610580711317,1.9289274845217228,2.0520006635864814,4.104001327172963
666.954,0.014491802386461911,0.00010410911435240197,0.0002804992215594399,0.0002991964588471816,0.0005983929176943632,0.7184000414583324,1.9355716706534674,2.0645910761706756,4.129182152341351
667.124,0.014545403774567228,0.00010678591285428583,0.0002817785639929331,0.0003013343497015277,0.0006026686994030554,0.7341557134426339,1.9372343893651511,2.0716808853970323,4.143361770794065
667.294,0.014491804510633557,0.00011949473355026557,0.00028114281273500404,0.0003054836697743408,0.0006109673395486816,0.8245676614156967,1.9400124568939068,2.107975370149301,4.215950740298602
667.464,0.014504212567872994,0.00014093630084740732,0.000282673487126844,0.0003158596859698954,0.0006317193719397908,0.9716921907197011,1.9489061250589308,2.1777099893690774,4.355419978738155
667.634,0.014512421118833798,0.0001053328512847685,0.00028343631460023424,0.0003023758488932972,0.0006047516977865944,0.7258117058639553,1.9530601563952608,2.0835658393407743,4.167131678681549
667.804,0.014500997390088591,9.411085378557408e-05,0.0002841730475669831,0.00029935125482241854,0.0005987025096448371,0.6489957294240926,1.9596793235837344,2.0643494152134987,4.128698830426997
667.974,0.014421953807420992,0.00010156766639881075,0.0002832991025934999,0.0003009557648359348,0.0006019115296718696,0.7042573270935584,1.964360074761333,2.0867891331136725,4.173578266227345
668.144,0.0144225142059356,7.933232174595935e-05,0.00028399867127585217,0.00029487092525383706,0.0005897418505076741,0.5500588913499566,1.9691342800617402,2.044518182082862,4.089036364165724
668.314,0.014445855398896416,0.00011074020783754972,0.0002858398037118765,0.0003065416562523726,0.0006130833125047452,0.7665880958908786,1.978697666693473,2.122004185891205,4.24400837178241
668.484,0.014492813227301775,0.00010697829404270897,0.00028685045582693556,0.0003061495376517969,0.0006122990753035938,0.738147193128672,1.9792600051352516,2.112423122068998,4.224846244137996
668.653,0.014392911239027825,9.70220050736599e-05,0.00028547200138335393,0.00030150876113693763,0.0006030175222738753,0.6740957646606962,1.9834208426803044,2.0948420797549723,4.1896841595099445
668.823,0.014351672309169203,0.00011280575127769037,0.0002849551196327039,0.00030647113685665855,0.0006129422737133171,0.7860111967970408,1.9855185757735543,2.135438506778446,4.270877013556892
668.993,0.014406992932713225,0.00010004308980891812,0.00028652092788374083,0.0003034845332696134,0.0006069690665392268,0.6944064613355599,1.9887628821775316,2.106508517683149,4.213017035366298
669.163,0.014366135705513833,0.00010551304849475243,0.0002859870277088432,0.00030483041747895605,0.0006096608349579121,0.7344567158324679,1.9907025352619994,2.121867868489922,4.243735736979844
669.333,0.01437141413097551,0.00010723969641631846,0.0002866961143155171,0.0003060964136527578,0.0006121928273055156,0.746201420674245,1.9949053844157547,2.1298976625620374,4.259795325124075
669.502,0.014390075870989453,9.400944858856208e-05,0.0002878219162786396,0.00030278578552209764,0.0006055715710441953,0.6532936270203142,2.0001417564370993,2.1041291806703883,4.208258361340777
669.672,0.014358753516016225,0.00010440376287369569,0.0002880210136480992,0.0003063596742475508,0.0006127193484951016,0.7271088173304201,2.0058914816444973,2.133609117990828,4.267218235981656
669.842,0.01434657776139606,0.00010106953460637804,0.0002884524169494576,0.0003056466058531218,0.0006112932117062436,0.7044853224741662,2.010600867655203,2.1304495813319275,4.260899162663855
670.011,0.014325157135643807,9.984400903911031e-05,0.00028842239065087974,0.00030521517257464545,0.0006104303451492909,0.6969836916530485,2.0133977444005002,2.1306235574562047,4.261247114912409
670.181,0.014357702371463707,9.089911500021626e-05,0.0002899885809836841,0.0003039013428873806,0.0006078026857747611,0.6331034914115543,2.019742250403823,2.116643283338928,4.233286566677856
670.35,0.014397054550504123,0.00010000626621126132,0.00029117719169575464,0.00030787239279504085,0.0006157447855900817,0.6946300429747245,2.0224775190947573,2.138440135202936,4.276880270405872
670.52,0.01432017116380985,0.0001082617154103457,0.0002894805943995372,0.0003090624751688565,0.000618124950337713,0.7560085293110623,2.0214883683172507,2.1582317112935336,4.316463422587067
670.689,0.01429076177265796,0.00011442528637524715,0.00028919030500170346,0.000311005110358392,0.000622010220716784,0.8006941001155954,2.0236171423345795,2.1762668450147125,4.352533690029425
670.859,0.014278979864755221,0.0001034820104104367,0.0002893604774703245,0.00030730768360137027,0.0006146153672027405,0.7247157107200715,2.026478643509768,2.1521683377388694,4.304336675477739
671.028,0.01433326351930679,0.00011052307709290697,0.0002908740676605493,0.000311164062525669,0.000622328125051338,0.771094991339783,2.029363844938344,2.170922638145413,4.341845276290826
671.198,0.01433593882954743,0.00011045878468032047,0.0002901235875308357,0.00031043975124783214,0.0006208795024956643,0.7705026227696838,2.023750177650518,2.1654650939776117,4.330930187955223
671.367,0.014317077502247536,0.00010948298733862964,0.00028962288401356804,0.00030962548257681765,0.0006192509651536353,0.7647020652185663,2.0229190207855074,2.162630484665685,4.32526096933137
671.536,0.014291753504846445,0.0001302849701936025,0.00028988699503508953,0.00031781856986152004,0.0006356371397230401,0.9116094127247707,2.0283514891072434,2.2237898922182313,4.447579784436463
671.706,0.014346838335371058,0.00010053140082798155,0.0002914676822514543,0.0003083179727967071,0.0006166359455934142,0.700721639694851,2.031581282496663,2.149030787059001,4.298061574118002
671.875,0.014273811057344992,0.00012140313543349091,0.00029033001091780057,0.00031469069978728754,0.0006293813995745751,0.8505306322589964,2.034004862131078,2.2046718884187175,4.409343776837435
672.044,0.014318377783893775,0.00011204705353924547,0.0002920246794083878,0.00031278260116316927,0.0006255652023263385,0.7825401398843042,2.0395095297518675,2.1844835070283386,4.368967014056677
672.214,0.014376435873241989,9.883089310309923e-05,0.0002935982887972685,0.0003097862176021401,0.0006195724352042801,0.6874505891063538,2.0422188878101952,2.154819319152161,4.309638638304322
672.383,0.014278667002535416,0.00013302542444087106,0.0002918879834335505,0.00032077150500095633,0.0006415430100019127,0.9316375570440165,2.044224319971331,2.2465087598443048,4.4930175196886095
672.552,0.01436107875717464,8.851194405268704e-05,0.0002937771374178236,0.00030682139871494754,0.0006136427974298951,0.6163321401497602,2.0456481186767093,2.136478769477278,4.272957538954556
672.721,0.014299858964411953,0.00011370652706725297,0.00029274999463116614,0.00031405689556869104,0.0006281137911373821,0.7951583812835799,2.0472229506579946,2.1962237274527263,4.392447454905453
672.89,0.01435913818298478,0.0001000954601696135,0.00029378332991843615,0.0003103671150178952,0.0006207342300357904,0.6970854301564151,2.0459677048484846,2.1614606048270533,4.3229212096541065
673.059,0.014341456075842633,9.525025051291283e-05,0.0002938436728725191,0.00030889596033290023,0.0006177919206658005,0.6641602499020756,2.0489110123726,2.153867492250092,4.307734984500184
673.228,0.01437533150956936,0.00010825095806572291,0.0002954389042396761,0.0003146464937997679,0.0006292929875995358,0.7530327769739604,2.055179764327581,2.188794697293167,4.377589394586334
673.397,0.014345897135876019,0.00011431124607029978,0.0002947422718763559,0.0003161329907000855,0.000632265981400171,0.796821871700389,2.054540535769412,2.2036474101679184,4.407294820335837
673.566,0.01431543053616043,0.0001121692132067521,0.0002947408098291075,0.0003153634052488334,0.0006307268104976668,0.7835545911344782,2.058902867675543,2.202961374107702,4.405922748215404
673.735,0.014319029733128447,0.00011089371172874229,0.00029489914004133025,0.00031506018170834204,0.0006301203634166841,0.7744499019523583,2.0594910796159103,2.200290016714052,4.400580033428104
673.904,0.014334483979873306,9.407908266038742e-05,0.00029573381718913213,0.0003103375008333267,0.0006206750016666534,0.6563130057034597,2.0630935693559995,2.1649715557885716,4.329943111577143
674.073,0.014340190725882669,0.00010710506628186091,0.0002961114210034353,0.0003148864380565087,0.0006297728761130174,0.7468873206026928,2.0649057370553834,2.195831590218454,4.391663180436908
674.242,0.014369948834974337,0.00010893953751488629,0.00029726042882224316,0.000316593722896619,0.000633187445793238,0.7581066485758358,2.068625520076697,2.2031652758990803,4.406330551798161
674.411,0.014359011059816148,0.00013882403848967508,0.00029675302188406446,0.0003276193975635552,0.0006552387951271104,0.9668077969392732,2.0666675486763224,2.2816292584410753,4.563258516882151
674.58,0.014359409424863618,0.00010017886184277499,0.0002965143662860621,0.00031298014916946213,0.0006259602983389243,0.6976530780528704,2.0649481988628393,2.1796171409914007,4.359234281982801
674.748,0.014329827122117627,8.973522278052972e-05,0.0002952972101745323,0.00030863060856683224,0.0006172612171336645,0.6262128776279953,2.060717185615942,2.1537636563002973,4.307527312600595
674.917,0.014407669032516071,0.00014782716059728558,0.00029683444652291743,0.00033160753618218994,0.0006632150723643799,1.026031069034558,2.0602530905797742,2.301604343032857,4.603208686065714
675.086,0.014382661438344196,0.00010869776901131726,0.00029639943217584555,0.0003157021196986193,0.0006314042393972386,0.7557555983451634,2.0608107438700065,2.1950187804390433,4.390037560878087
675.254,0.014455893200221172,0.00011823038578483047,0.0002984934092236716,0.0003210556641344303,0.0006421113282688606,0.8178698067790205,2.0648562153122763,2.220932734405635,4.44186546881127
675.423,0.014414936376504131,0.0001267234662900661,0.00029745939521290794,0.00032332789658332683,0.0006466557931666537,0.8791122137494908,2.063549830839052,2.2430060607852598,4.4860121215705195
675.592,0.01441473217777439,0.00011348335494791566,0.000297794021629525,0.0003186844068487202,0.0006373688136974404,0.7872734196400262,2.0659004826234924,2.210824335259516,4.421648670519032
675.76,0.014462016641699998,0.00011140152344839745,0.0002985717839882602,0.0003186775951028816,0.0006373551902057632,0.7703042128106851,2.0645238585008525,2.203548806492186,4.407097612984372
675.929,0.014484942120776508,0.00012065437332641897,0.00029965674807296255,0.00032303505145487514,0.0006460701029097503,0.8329641383472159,2.068746603019899,2.230143888469731,4.460287776939462
676.097,0.014445947734377943,0.00013268606238666796,0.00029859088196508685,0.0003267447106601225,0.000653489421320245,0.9185002246055929,2.066952528524737,2.2618433672063434,4.523686734412687
676.266,0.014449078312864743,0.00010650160223780708,0.0002983009039162419,0.0003167428303158054,0.0006334856606316108,0.7370823240883353,2.0644978001859786,2.192131729494422,4.384263458988844
676.434,0.01449115320932229,0.00010063003974402249,0.00029918286617323974,0.00031565296182757134,0.0006313059236551427,0.6944239584692699,2.064589766263548,2.178245977169774,4.356491954339548
676.603,0.014463513623368191,0.00010563113227315266,0.00029844896986409386,0.00031659078274366595,0.0006331815654873319,0.7303282938281894,2.063461048509681,2.1888926231048127,4.377785246209625
676.771,0.014516490703710867,0.0001262237577463362,0.00029905111874689615,0.0003245982264945019,0.0006491964529890038,0.8695197780415997,2.06007860198918,2.236065403958303,4.472130807916606
676.94,0.014505879898700676,0.00010184147812053145,0.0002981208964616823,0.00031503611788633344,0.0006300722357726669,0.7020703248043134,2.055172788852234,2.171782202019692,4.343564404039384
677.108,0.014545425333522176,9.711977580402431e-05,0.0002992110046689128,0.0003145782512622322,0.0006291565025244644,0.6676997996077626,2.0570797883739766,2.162729820882158,4.325459641764316
677.276,0.014529701908896802,0.00012338838613097926,0.00029923156484088615,0.0003236730190008631,0.0006473460380017261,0.8492148490357279,2.0594473769462622,2.227664552448059,4.455329104896118
677.445,0.01452028196330689,0.00012353417455524077,0.0002993233884610737,0.00032381350058770486,0.0006476270011754097,0.8507698050727572,2.0614158128435194,2.230077221681986,4.460154443363972
677.613,0.014615890771575385,0.00011906764559362609,0.0003017196174025017,0.0003243637337199111,0.0006487274674398222,0.8146451520093858,2.0643258910314137,2.2192539530380557,4.4385079060761115
677.781,0.014595549591430347,0.0001455430829574485,0.0003013391873599142,0.00033464622339941655,0.0006692924467988331,0.9971743924113889,2.06459637214924,2.2927963164600618,4.5855926329201235
677.949,0.014633870771595628,0.00011373312961185161,0.0003017900004393303,0.0003225095799142674,0.0006450191598285348,0.7771910206601512,2.0622705034754394,2.2038569627132363,4.407713925426473
678.117,0.014615313269053217,0.0001242947700371668,0.00030121843240480734,0.0003258553879852252,0.0006517107759704504,0.8504420517646464,2.0609782825703356,2.229547748902506,4.459095497805012
678.286,0.014643250764713867,0.00011171457007642364,0.00030145501447308506,0.00032148914587949636,0.0006429782917589927,0.7629082631407533,2.0586618321083954,2.195476612708123,4.390953225416246
678.454,0.014674813835283858,0.00010910913399495759,0.0003011767115632239,0.00032033141386565093,0.0006406628277313019,0.743512900535866,2.0523375283922176,2.1828652646717184,4.365730529343437
678.622,0.014748135593680782,0.00014880696879576922,0.00030242130789018,0.0003370491973409699,0.0006740983946819398,1.0089883419537409,2.050573145121884,2.285368175523063,4.570736351046126
678.79,0.0147434354432831,0.00012008887579426466,0.0003022478382453529,0.00032523083158507486,0.0006504616631701497,0.8145243776882101,2.050050270902449,2.2059365528218553,4.411873105643711
678.958,0.014721714556447106,0.00013739851873412342,0.0003014155909011851,0.0003312547530053597,0.0006625095060107194,0.9333051405615812,2.0474217846397904,2.2501098750097195,4.500219750019439
679.126,0.014784886474124894,0.00010405971973345955,0.00030311523687900986,0.0003204797530254047,0.0006409595060508094,0.7038249493195297,2.050169525545518,2.167617273127379,4.335234546254758
679.294,0.014783082281516088,0.00014257995477592203,0.00030298196553572393,0.0003348538710300279,0.0006697077420600558,0.9644805600128179,2.049518224724725,2.2651153842843037,4.530230768568607
679.462,0.014827183635655293,0.0001169225246643663,0.0003035626738921855,0.0003253016657726528,0.0006506033315453056,0.7885686691247275,2.04733873506632,2.193954521412899,4.387909042825798
679.629,0.014849407635730746,0.00014494150456460835,0.00030393038608741947,0.00033672202086097703,0.0006734440417219541,0.9760760033002873,2.0467509111683357,2.2675788093442475,4.535157618688495
679.797,0.014840796455501848,0.00010575411505558422,0.00030430205816295015,0.0003221547383686871,0.0006443094767373742,0.7125905632670986,2.05044290631813,2.1707375297183353,4.341475059436671
679.965,0.014915119182246622,0.000123128485474009,0.000306468717459398,0.0003302782141109697,0.0006605564282219394,0.825528002622789,2.0547520520264158,2.2143853500285666,4.428770700057133
680.133,0.01494004128354801,0.00012683381579786974,0.0003065587198179588,0.0003317605545062187,0.0006635211090124373,0.8489522444462003,2.0519268588336605,2.2206133718757104,4.441226743751421
680.301,0.014950868051650974,0.00013845552463172825,0.000306591787633547,0.0003364051969654766,0.0006728103939309532,0.9260701395624923,2.050662119245251,2.2500713390238802,4.5001426780477605
680.468,0.015000173109587706,0.00011202514900750973,0.0003075728401456695,0.00032733879392065387,0.0006546775878413077,0.7468257078707063,2.050461937329758,2.1822334417689335,4.364466883537867
680.636,0.014948605380896212,0.00013430889879839492,0.0003061680917482512,0.0003343318421885703,0.0006686636843771406,0.8984710973107695,2.0481381637080553,2.2365420296386613,4.473084059277323
680.804,0.015004335558728597,0.00015131597759184174,0.0003069565179689207,0.00034222628332461415,0.0006844525666492283,1.008481695171203,2.045785478253666,2.2808493050898746,4.561698610179749
680.971,0.015056200483144723,0.00010320799197629824,0.00030788685622124023,0.00032472481556169725,0.0006494496311233945,0.6854849740599471,2.0449173519303008,2.1567514056765096,4.313502811353019
681.139,0.015082544763246507,0.0001329843523525553,0.0003074898288258665,0.0003350146755024162,0.0006700293510048324,0.8817103110916312,2.038713185689757,2.2212078980119303,4.442415796023861
681.307,0.01505989949789411,0.00012537855610920186,0.00030672392004584106,0.00033135984286016885,0.0006627196857203377,0.8325324888571408,2.036693007737081,2.2002792442705497,4.400558488541099
681.474,0.015149578359995397,0.00012312989249819076,0.00030790309239226164,0.0003316101396690602,0.0006632202793381204,0.812761184320038,2.032420210487991,2.1889067259107597,4.3778134518215195
681.642,0.015136168489209513,0.00013055009025751845,0.0003067685840143063,0.0003333920967935333,0.0006667841935870666,0.8625042087142916,2.0267254836189212,2.202618826760594,4.405237653521188
681.809,0.01517250441329815,0.00017080660666722168,0.0003072048945163581,0.000351496435395834,0.000702992870791668,1.1257640928251493,2.0247474388414357,2.316667214726661,4.633334429453322
681.977,0.015267038421874485,0.000164321508124576,0.000309188637477089,0.000350141645019946,0.000700283290039892,1.0763155471537789,2.0252037686240842,2.293448377769627,4.586896755539254
682.144,0.015285603410595499,0.00014407701896919635,0.00030868206585240785,0.00034065056168155724,0.0006813011233631145,0.9425667741014837,2.01943003204204,2.2285712413906342,4.4571424827812685
682.312,0.015321783781752205,0.00013716353511665364,0.00030960951776724734,0.00033863238010823027,0.0006772647602164605,0.895219101577529,2.0207145732991165,2.2101367891089256,4.420273578217851
682.479,0.015354555825902979,0.0001244975560163706,0.00030987251839001244,0.00033394703039167444,0.0006678940607833489,0.8108183488209051,2.0181145055805567,2.1749051823974566,4.349810364794913
682.646,0.015383526818840889,0.00013325392297934308,0.00030962003802680304,0.00033707740348042266,0.0006741548069608453,0.8662117897187339,2.0126726574012768,2.1911581619085485,4.382316323817097
682.814,0.01548327305924163,0.00013694376637007555,0.0003108585867043385,0.00033968611404565916,0.0006793722280913183,0.8844626445978538,2.0077058998762136,2.1938908701407156,4.387781740281431
682.981,0.015426364968880675,0.0001319415176243477,0.0003097895212916726,0.00033671666364339575,0.0006734333272867915,0.8552988204966687,2.0081822381138092,2.1827349756254835,4.365469951250967
683.148,0.01550826637074432,0.00014509569458363283,0.00031163265629835404,0.00034375525168101056,0.0006875105033620211,0.9356022853550519,2.009461591956118,2.216593676321488,4.433187352642976
683.315,0.01551568483178854,0.0001364848693262699,0.000311852175270473,0.0003404113669899035,0.000680822733979807,0.8796573970530754,2.0099156347359552,2.1939822230242045,4.387964446048409
683.482,0.01562186543103799,0.00014297421594100017,0.000313386762301981,0.0003444602868402424,0.0006889205736804848,0.9152185862319279,2.006077722826461,2.2049881837789895,4.409976367557979
683.65,0.01565919974073466,0.00016192040318286437,0.00031401523731332937,0.0003533040988042,0.0007066081976084,1.0340273185331232,2.005308333199645,2.2562078819720357,4.512415763944071
683.817,0.01577577293929158,0.00015619944237864596,0.0003152205582812006,0.0003517986159189824,0.0007035972318379648,0.9901222778733794,1.9981306747646164,2.229992896530496,4.459985793060992
683.984,0.01579995133404176,0.0001382822177558041,0.0003153973872305684,0.00034437985367807557,0.0006887597073561511,0.8752066055916792,1.9961921436493886,2.179626040594774,4.359252081189548
684.151,0.015931518726763776,0.00014265863662357294,0.0003171135624417535,0.0003477247447159844,0.0006954494894319688,0.8954490721836641,1.9904791745248123,2.1826214479592108,4.3652428959184215
684.318,0.01597863387030326,0.00014817951880523713,0.0003177432276492337,0.0003505965323706217,0.0007011930647412434,0.9273603739092673,1.9885506497509056,2.1941583693347857,4.388316738669571
684.485,0.015944752895578024,0.00015685892341163961,0.0003161884207357526,0.000352958693420672,0.000705917386841344,0.9837651573461604,1.9830249035934666,2.2136353929859798,4.4272707859719596
684.652,0.016002008157306513,0.00013462715301042194,0.00031646295922527744,0.00034390881769636437,0.0006878176353927287,0.8413141131224284,1.9776452812316592,2.1491603698460535,4.298320739692107
684.819,0.016011400027896767,0.0001589365628797956,0.0003167091430629395,0.0003543522432830145,0.000708704486566029,0.9926462558107311,1.9780227994499862,2.2131246653360996,4.426249330672199
684.986,0.01604838244859593,0.0001160818972975176,0.00031681168131573946,0.00033740872587752837,0.0006748174517550567,0.7233245946707456,1.974103510621765,2.102446941043882,4.204893882087764
685.153,0.01614685225121345,0.00015007547674237377,0.00031787467923339213,0.00035152092457943766,0.0007030418491588753,0.9294410725229463,1.9686479710589015,2.1770244696022445,4.354048939204489
685.319,0.016199112532374278,0.00019431529817680692,0.0003182874263632007,0.00037291462948837404,0.0007458292589767481,1.1995428625393125,1.964844837808839,2.3020682691295344,4.604136538259069
685.486,0.01640156387430877,0.00013856278829124376,0.00032236938955371646,0.00035088697556375593,0.0007017739511275119,0.8448144905760298,1.9654795848990496,2.139350724435378,4.278701448870756
685.653,0.016444488299576326,0.00013569987765586558,0.00032237321030026547,0.00034976984363308976,0.0006995396872661795,0.825199758020818,1.9603724021535596,2.1269731064973376,4.253946212994675
685.82,0.01648803822416687,0.00012478119189938863,0.00032256154859889143,0.00034585589265812293,0.0006917117853162459,0.7567982934227686,1.9563367346280534,2.0976169994026006,4.195233998805201
685.986,0.016540775393526486,0.00013567944878156504,0.0003227711813727899,0.00035012875966771963,0.0007002575193354393,0.8202726024238591,1.951366690458247,2.1167614657578175,4.233522931515635
686.153,0.016661553192701503,0.00015095871150333075,0.0003239921400954894,0.00035743452466486934,0.0007148690493297387,0.9060302467446874,1.9445494447505187,2.1452653334950877,4.2905306669901755
686.32,0.016707398280748104,0.00014120622826924563,0.0003245297299801022,0.00035391912147125413,0.0007078382429425083,0.8451718567812994,1.9424312782083915,2.1183377299329385,4.236675459865877
686.486,0.016840429986327538,0.00016077278746856006,0.00032700577426628726,0.00036439081436543487,0.0007287816287308697,0.9546833875327932,1.9417899336998983,2.1637856911092985,4.327571382218597
686.653,0.01731644829421981,0.000150104538478423,0.0003353860048558574,0.0003674440701997973,0.0007348881403995946,0.8668321351355148,1.9368059728957725,2.1219366925401744,4.243873385080349
686.82,0.018726843287125233,0.00021563106793763318,0.00036327973772917223,0.00042245582645348894,0.0008449116529069779,1.151454436989283,1.9398877438085267,2.255883813284905,4.51176762656981
686.986,0.01851522841716117,0.00017156353531437894,0.00035850883937838397,0.0003974451340273322,0.0007948902680546644,0.9266077168962291,1.9362917448325598,2.146585097804967,4.293170195609934
687.153,0.018401892390641907,0.00019336393346775754,0.00035541452480704555,0.00040460980612182565,0.0008092196122436513,1.0507828725598394,1.9314020387804678,2.198740203086862,4.397480406173724
687.319,0.018317344375335453,0.0001734343022122174,0.00035308639228202014,0.00039338207584811404,0.0007867641516962281,0.9468310397971715,1.9276068902075985,2.147593383557325,4.29518676711465
687.486,0.018271536792021804,0.00016362337303625046,0.0003519247195386504,0.00038810258492583854,0.0007762051698516771,0.8955096382899548,1.9260816621200518,2.1240828800744445,4.248165760148889
687.652,0.018143479706759478,0.0001965070713343495,0.00034835440393276944,0.00039995727249764846,0.0007999145449952969,1.0830726768533794,1.9199977598728628,2.2044132600905746,4.408826520181149
687.818,0.017991342916742398,0.00014673431270515537,0.0003443695696967881,0.0003743278764107815,0.000748655752821563,0.8155828799672715,1.9140848534231671,2.0805999760164604,4.161199952032921
687.985,0.017948963043681997,0.00015196706998144466,0.0003431008684342052,0.000375249512030397,0.000750499024060794,0.8466621141934815,1.9115358786978842,2.090647304343769,4.181294608687538
688.151,0.017887994328567212,0.00016819640840327432,0.00034173154077293236,0.0003808811858819012,0.0007617623717638024,0.9402753898164192,1.9103960706605627,2.1292559628869747,4.258511925773949
688.317,0.018222179418965437,0.0001674923877305292,0.0003463964122270658,0.00038476508982944024,0.0007695301796588805,0.9191677015110774,1.9009603860367017,2.111520696744875,4.22304139348975
688.483,0.018412012556496337,0.00015023850130917933,0.0003489521415070512,0.00037991999728625157,0.0007598399945725031,0.8159808757906287,1.8952417093802705,2.063435467038088,4.126870934076176
688.65,0.018635044114183746,0.00017221435803877882,0.0003524760209935995,0.0003922972476199509,0.0007845944952399018,0.9241424757760611,1.8914686696411862,2.1051586742494512,4.2103173484989025
688.816,0.0187617987190947,0.00016628508099722852,0.00035352279968176416,0.0003906777419524788,0.0007813554839049576,0.8862960502182179,1.8842692269263532,2.0823043024913654,4.164608604982731
688.982,0.019006689283392574,0.00014986368600508206,0.0003572720867123944,0.0003874305980777183,0.0007748611961554366,0.7884786443898364,1.8797176161793054,2.03839075970081,4.07678151940162
689.148,0.019015818084539792,0.00017842965618462418,0.0003571956227370922,0.0003992816738953871,0.0007985633477907742,0.9383222714445862,1.8784131250577052,2.0997344006988077,4.199468801397615
689.314,0.019314751568349442,0.00016378625047453369,0.00036177479802458693,0.0003971233313848953,0.0007942466627697906,0.8479852815861518,1.8730491911551037,2.056062331320122,4.112124662640244
689.48,0.019332031211592535,0.0001459065704343593,0.00036070995928029183,0.0003891020457667968,0.0007782040915335936,0.75473999000615,1.8658668369208435,2.0127323482359687,4.025464696471937
689.646,0.019729993324040115,0.00018010229430367677,0.00036748330731791617,0.0004092442028554127,0.0008184884057108254,0.9128350493876253,1.8625617418235727,2.0742237269627806,4.148447453925561
689.812,0.01956841433581832,0.00015632871549538634,0.0003632456979366915,0.0003954568299548657,0.0007909136599097314,0.7988828977789985,1.856285806825958,2.0208935847756226,4.041787169551245
689.978,0.01992298061268535,0.0001417152837856445,0.0003699472793541199,0.0003961618497028216,0.0007923236994056432,0.7113156737973816,1.856887212541718,1.9884667731422556,3.9769335462845112
690.144,0.0200307083193934,0.00015664453527090675,0.00037207891525729256,0.0004037080995091402,0.0008074161990182804,0.7820219473679126,1.8575424759046186,2.015445949648604,4.030891899297208
690.31,0.020127764086029957,0.00018318785225449196,0.00037248393743823853,0.0004150928484846579,0.0008301856969693158,0.9101251955831341,1.850597691060816,2.0622899131293013,4.124579826258603
690.476,0.020622035780722293,0.00015055511308549523,0.00038050796913805885,0.00040921040633610015,0.0008184208126722003,0.7300691099868802,1.8451523078713787,1.9843356431309978,3.9686712862619955
690.642,0.020488431292828627,0.00017876490727640462,0.0003776754799862112,0.00041784645535933003,0.0008356929107186601,0.8725163226087301,1.843359672530934,2.0394262956851406,4.078852591370281
690.808,0.020824297601535712,0.00017322342263141746,0.00038228719884052237,0.0004197021045282901,0.0008394042090565802,0.8318332072753459,1.8357747577153822,2.015444230384696,4.030888460769392
690.974,0.02097897025052346,0.00014707571600986298,0.0003840842354401978,0.000411280884741189,0.000822561769482378,0.7010626081906628,1.830805949260614,1.9604436244001389,3.9208872488002777
691.139,0.021071692506978445,0.0001501228280244465,0.00038529602517723994,0.00041350923872561523,0.0008270184774512305,0.7124383956093199,1.8285006059652733,1.9623921457124092,3.9247842914248183
691.305,0.021519806210864252,0.00016807793811722887,0.0003930915801418851,0.0004275174659124269,0.0008550349318248538,0.7810383442596937,1.8266501858340767,1.9866232145556921,3.9732464291113843
691.471,0.021801001250660996,0.00015443664797454816,0.00039611321017931137,0.00042515450546380646,0.0008503090109276129,0.7083924550018807,1.8169496236660296,1.9501604562814103,3.9003209125628207
691.636,0.021873992208251158,0.00017245161371811442,0.00039552332434458233,0.00043148378784674105,0.0008629675756934821,0.7883865554869467,1.8081899297531328,1.9725881939556495,3.945176387911299
691.802,0.022272495024687946,0.00015530309953484133,0.0004011087086838393,0.0004301246899529786,0.0008602493799059572,0.6972864933304312,1.8009150220450398,1.9311922147752503,3.8623844295505005
691.968,0.02237332291735962,0.00016240733295543662,0.0004018478033719563,0.00043342565553110084,0.0008668513110622017,0.7258972373273334,1.7961024603107112,1.937243104799613,3.874486209599226
692.133,0.022651720090324273,0.0001728680382386377,0.00040547063676725135,0.0004407831620251792,0.0008815663240503583,0.7631563411048798,1.7900213985976674,1.945914748493915,3.89182949698783
692.299,0.023119781327110997,0.00013837392477685455,0.00041323846577830147,0.00043579051464775483,0.0008715810292955097,0.5985087956458863,1.7873805116561583,1.884924898215767,3.769849796431534
692.464,0.023366639464728767,0.00018273560547625375,0.0004160622115391567,0.0004544227826370802,0.0009088455652741604,0.7820363118628487,1.7805821507503892,1.9447502638238485,3.889500527647697
692.63,0.023572171456250204,0.00012982637034265375,0.0004187721238971821,0.000438434690905846,0.000876869381811692,0.550761182878763,1.7765530200491728,1.859967342082073,3.719934684164146
692.795,0.023839983948553453,0.00018850390418363033,0.00042264449709363797,0.0004627765041745372,0.0009255530083490744,0.7907048284529917,1.7728388492446234,1.9411779184633942,3.8823558369267883
692.96,0.024280291414721482,0.00018453485975203747,0.00042854465906984345,0.000466587225801342,0.000933174451602684,0.7600191307430165,1.7649897678328967,1.9216706168462363,3.8433412336924726
693.126,0.02451555477734743,0.00016465345778930197,0.0004309323250228125,0.00046131706006990504,0.0009226341201398101,0.6716285202790642,1.7577914468449942,1.8817320850359285,3.763464170071857
693.291,0.02485226108486676,0.00017730439298947257,0.00043534324879112283,0.00047006445519883204,0.0009401289103976641,0.7134336484877756,1.7517249126930166,1.8914353651510105,3.782870730302021
693.456,0.02522543536479703,0.00017608762330647814,0.000440813774947572,0.00047468266796382274,0.0009493653359276455,0.6980558343592139,1.7474971931019392,1.881762043347164,3.763524086694328
693.622,0.02548008784689831,0.00015932824718473286,0.0004448243411026624,0.0004724978145858212,0.0009449956291716424,0.6253049367101294,1.7457723999048567,1.8543806341049893,3.7087612682099786
693.787,0.02586893243442653,0.0001459267964733694,0.0004501710840885626,0.00047323211522301806,0.0009464642304460361,0.5641005744758495,1.7401996979568906,1.829345360202178,3.658690720404356
693.952,0.026384977708315053,0.00017706305024684933,0.0004577812129494945,0.0004908308901161669,0.0009816617802323338,0.6710752315361975,1.7350070104672772,1.8602664574603176,3.720532914920635
694.117,0.026763517300326715,0.0001515936411649354,0.00046305005230328936,0.00048723298634197813,0.0009744659726839563,0.5664189779834538,1.7301539521400524,1.8205117842864031,3.6410235685728063
694.283,0.026969086255680504,0.00015901819192819003,0.0004656012936532013,0.0004920074694713945,0.000984014938942789,0.589631366893997,1.7264259131327877,1.8243386698641408,3.6486773397282817
694.448,0.02733341200522944,0.00019715765105362507,0.00047119422683877804,0.0005107789529485106,0.0010215579058970212,0.7213064033714663,1.7238763559727885,1.8686981078351583,3.7373962156703167
694.613,0.02763458307559318,0.00022100825776266155,0.00047510019301004333,0.0005239893542787558,0.0010479787085575117,0.7997524592938611,1.719223306935472,1.8961362754972861,3.7922725509945723
694.778,0.028216542717700962,0.00018984637270199595,0.00048317633619904195,0.0005191348736993448,0.0010382697473986897,0.6728193974767165,1.7123867407608837,1.8398245273815146,3.679649054763029
694.943,0.02858997881188655,0.00021816293801939205,0.00048822697623249575,0.0005347528848415677,0.0010695057696831355,0.7630748502992551,1.7076856875091873,1.8704207105576423,3.7408414211152845
695.108,0.028947646793074842,0.00020764421452391634,0.0004937269294320158,0.0005356140407715437,0.0010712280815430874,0.7173094794482263,1.7055857181113951,1.8502852566920185,3.700570513384037
695.273,0.029287634812590817,0.00022444635390993461,0.000496673278433117,0.0005450325781941518,0.0010900651563883037,0.7663519275153098,1.695846324263768,1.860964812221167,3.721929624442334
695.438,0.02969046780719198,0.00013976300469838832,0.0005021876490977006,0.0005212735677056693,0.0010425471354113386,0.47073358899563467,1.6914103622714043,1.7556933460624025,3.511386692124805
695.603,0.03030756958790242,0.00022516130887684745,0.0005107555636454495,0.0005581835368495885,0.001116367073699177,0.7429210323968798,1.6852409170061688,1.8417297871103238,3.6834595742206475
695.768,0.03060028106107234,0.0002114103449602971,0.0005133606671202386,0.0005551878137192569,0.0011103756274385137,0.6908771345542946,1.6776338298843347,1.8143225959631142,3.6286451919262284
695.932,0.030979800372248584,0.00022215820053886345,0.0005182103185895637,0.0005638228448363572,0.0011276456896727144,0.7171066238950677,1.6727361453683594,1.8199692640415606,3.639938528083121
696.097,0.031570898581226324,0.00022819636080132974,0.0005264947642533093,0.000573820804667379,0.001147641609334758,0.7228060367500183,1.667658470026539,1.8175624719424435,3.635124943884887
696.262,0.03193880223273799,0.0002481264369300505,0.0005313784633587526,0.0005864552839092778,0.0011729105678185555,0.7768808458186804,1.6637394836744308,1.836184336644121,3.672368673288242
696.427,0.03240624021635117,0.0002354218895532978,0.00053656960549318,0.0005859440311326261,0.0011718880622652523,0.7264708524702946,1.6557601311072299,1.8081209891080707,3.6162419782161415
696.591,0.03285847971769234,0.00018590685435888773,0.0005418414239924287,0.0005728468270417141,0.0011456936540834282,0.5657804498446954,1.6490155011665963,1.7433759320680624,3.486751864136125
696.756,0.03326863861483957,0.000185457530062853,0.0005481465503679717,0.0005786701445014434,0.0011573402890028867,0.5574545210880049,1.6476374543425691,1.7393863067283009,3.4787726134566017
696.921,0.03380113785438755,0.00021693267208713194,0.0005546128990369658,0.0005955293880213223,0.0011910587760426447,0.6417910338452498,1.6408113283824683,1.761861954431276,3.523723908862552
697.085,0.03437892115085401,0.00021490773992569552,0.0005613202502386982,0.0006010538744638497,0.0012021077489276994,0.6251148457587854,1.6327453900476872,1.7483209313824521,3.4966418627649043
697.25,0.03473133517696758,0.00022456871407161517,0.0005658031372040341,0.0006087399259205082,0.0012174798518410164,0.6465881974515626,1.629085476619545,1.752710982226217,3.505421964452434
697.415,0.03525080980085524,0.00022712162875786565,0.0005731904944701471,0.0006165481142624292,0.0012330962285248585,0.6443018757326685,1.6260349697164704,1.749032483921748,3.498064967843496
697.579,0.03584518406532754,0.0002434750612818692,0.0005794468603047586,0.0006285210970072941,0.0012570421940145881,0.6792406501195195,1.6165263909615355,1.7534324718819125,3.506864943763825
697.744,0.03638541450918892,0.00022517157271103653,0.0005865627737502784,0.0006282977993808205,0.001256595598761641,0.618851195591494,1.6120821534193197,1.7267847786154744,3.453569557230949
697.908,0.03697280643841319,0.00020779414051598524,0.0005944291901336115,0.0006297018873369193,0.0012594037746738386,0.5620188471819544,1.6077470102892284,1.703148740915392,3.406297481830784
698.072,0.03742416041737006,0.000266388071485344,0.0006001097073955163,0.000656577691929914,0.001313155383859828,0.7118077426840619,1.6035355254542496,1.7544219686092672,3.5088439372185345
698.237,0.038000492813857915,0.0002296908937848971,0.0006077771801303105,0.0006497314886742498,0.0012994629773484996,0.6044418816093197,1.5993928897381775,1.7097975330396438,3.4195950660792875
698.401,0.03856836889292392,0.00022903554370427295,0.0006139040878765327,0.0006552369871973266,0.0013104739743946532,0.5938429606399397,1.5917294547272514,1.6988973244277954,3.397794648855591
698.566,0.039059675874840355,0.0002566994086280429,0.0006183768540871659,0.0006695405290650649,0.0013390810581301298,0.6571979999285954,1.58315920508056,1.714147683177111,3.428295366354222
698.73,0.0396817828199466,0.00022948528983331398,0.0006265192778699963,0.0006672255269342006,0.0013344510538684012,0.5783139605258865,1.5788586937053335,1.6814403978815446,3.3628807957630893
698.894,0.04019745543047788,0.0002619005204188368,0.0006321816264845796,0.0006842846567477208,0.0013685693134954417,0.6515350725913429,1.5726906584371925,1.702308390965696,3.404616781931392
699.058,0.04088385184573199,0.00024198998186455002,0.000642169360095214,0.0006862511481723742,0.0013725022963447485,0.5918962400550138,1.5707163858198265,1.6785383890975392,3.3570767781950783
699.223,0.041366187915510014,0.00024902851344139464,0.0006470329857327756,0.0006933014388655926,0.0013866028777311853,0.60200982007342,1.564159083390361,1.676009982553029,3.352019965106058
699.387,0.04201816535180658,0.0002439458579120698,0.0006543262712903961,0.0006983211660069089,0.0013966423320138177,0.5805723688066293,1.5572461715353385,1.6619506353027484,3.323901270605497
699.551,0.0423827332456816,0.00027773866039587663,0.000656688154209142,0.0007130063782022613,0.0014260127564045225,0.6553108757424831,1.5494237957766734,1.6823039091630785,3.364607818326157
699.715,0.0429408371590087,0.00025322180396362417,0.0006624421816008011,0.0007091903312698368,0.0014183806625396736,0.5896992716419361,1.542685763549035,1.651552177810892,3.303104355621784
699.879,0.04374948713692019,0.0002798017760904733,0.0006728275585460671,0.0007286878326433376,0.0014573756652866753,0.6395544140090013,1.5379095906664195,1.6655917139389687,3.3311834278779373
700.043,0.04431166154392943,0.0002683251327926074,0.0006785299176029873,0.000729658293977727,0.001459316587955454,0.6055406713345579,1.5312671517187646,1.6466507202722758,3.2933014405445515
700.207,0.0448102354361509,0.00030068040190591914,0.0006850850963865543,0.0007481646164991229,0.0014963292329982457,0.6710083064266688,1.5288585068085991,1.6696288453229975,3.339257690645995
700.371,0.045560218012197215,0.0003076606098748685,0.0006941887580378931,0.0007593109262053118,0.0015186218524106236,0.6752834452910272,1.5236730382897805,1.6666095100818699,3.3332190201637397
700.535,0.04629639627172056,0.00024152533763322935,0.0007015696580588316,0.0007419801033906713,0.0014839602067813426,0.5216936027065272,1.51538718897517,1.602673562399712,3.205347124799424
700.699,0.046681091308370316,0.00030827608697235387,0.0007045565636331217,0.0007690475259419922,0.0015380950518839845,0.660387489521003,1.5092975418652834,1.6474497583223713,3.2948995166447426
700.863,0.047207423612209753,0.000281294523341357,0.0007107810348189422,0.0007644189220055504,0.0015288378440111007,0.5958692549122778,1.505655213590401,1.6192769346722844,3.238553869344569
701.027,0.047959877480276886,0.0002866731297320794,0.0007206833348420628,0.0007756068285087892,0.0015512136570175784,0.5977353254289931,1.5026796829046072,1.6171993534131759,3.2343987068263518
701.19,0.04855159406155334,0.0002539793170318201,0.0007269549402819622,0.000770044790048151,0.001540089580096302,0.5231122107130552,1.4972833628497022,1.5860340014210328,3.1720680028420656
701.354,0.049058031225683044,0.0003038690295984342,0.0007340017180577406,0.0007944148219040284,0.0015888296438080567,0.619407306013845,1.4961907351746178,1.6193369404684415,3.238673880936883
701.518,0.04981453637503817,0.0003103159153818723,0.0007450011723897763,0.0008070456704557869,0.0016140913409115737,0.6229424942261838,1.4955497463248357,1.6201007360176771,3.2402014720353542
701.682,0.050534899851097125,0.000279166400063171,0.0007538516729532795,0.0008038819712735749,0.0016077639425471498,0.5524229807237072,1.491744665913122,1.5907461450250058,3.1814922900500116
701.845,0.05092667207307215,0.0003275596307753801,0.0007560279359905861,0.0008239378324314821,0.0016478756648629642,0.6431985783508121,1.4845421960928433,1.6178905844254945,3.235781168850989
702.009,0.05159516682084516,0.0003213245352960399,0.0007621513479783356,0.000827117968737477,0.001654235937474954,0.6227803011312687,1.4771758576239664,1.6030919555110534,3.206183911022107
702.173,0.052123578031945915,0.0002634486494018085,0.0007678338799977021,0.0008117721713288542,0.0016235443426577084,0.5054308613279465,1.4731027857049759,1.5573991693957172,3.1147983387914344
702.336,0.05301039018189986,0.00026218586559505506,0.0007773308978411043,0.0008203564791334836,0.0016407129582669672,0.4945933517851698,1.4663746016087995,1.5475390321001452,3.0950780642002904
702.5,0.0535049013538326,0.00028649203859226405,0.0007806273484347326,0.0008315387815977032,0.0016630775631954063,0.5354500827833829,1.4589828757413745,1.554135715714462,3.108271431428924
702.663,0.054169827573784045,0.0003248987926871863,0.0007864621570832645,0.0008509300500121339,0.0017018601000242679,0.5997781555509767,1.4518454134121699,1.570856117001836,3.141712234003672
702.827,0.05471911764120579,0.00035470105370659843,0.0007928308610371604,0.0008685583525092004,0.0017371167050184008,0.6482214425173656,1.4489101710955323,1.587303286219549,3.174606572439098
702.99,0.05531667982321914,0.00031948184002628745,0.0007993894040384739,0.0008608670428094972,0.0017217340856189945,0.5775506430380247,1.445114577724404,1.5562521929382842,3.1125043858765684
703.154,0.055966530724358296,0.00033985866974568855,0.0008056455685953786,0.0008743961902928671,0.0017487923805857342,0.6072534161882076,1.4395131486053283,1.5623555345950788,3.1247110691901576
703.317,0.05673222324667352,0.00034087094030944094,0.0008148178026302315,0.0008832446147192754,0.0017664892294385508,0.6008418510716973,1.4362521967231527,1.5568658588945117,3.1137317177890234
703.481,0.05734166292875375,0.00036870587491072616,0.0008184968357214209,0.000897708801493927,0.001795417602987854,0.6429982251628075,1.4274033816186886,1.5655437175048765,3.131087435009753
703.644,0.057931967199685,0.00036724806415759615,0.0008240730526000727,0.0009022014944839673,0.0018044029889679345,0.6339299041783498,1.4224841524189662,1.5573465533704038,3.1146931067408077
703.807,0.05856616266530713,0.00036210339202693843,0.0008287966232736141,0.0009044460786952198,0.0018088921573904395,0.6182808904457007,1.4151458548001623,1.5443150746685117,3.0886301493370234
703.971,0.05918307147392571,0.0003220230865886294,0.0008348456439481102,0.0008947994845300274,0.0017895989690600547,0.5441135084219195,1.410615608748725,1.511917956005797,3.023835912011594
704.134,0.059830638597793216,0.00036448442743607654,0.000840805258952809,0.0009164073228243567,0.0018328146456487134,0.6091936104615138,1.4053088495428847,1.5316689647670874,3.0633379295341747
704.297,0.060494018912524414,0.0003842682148202602,0.0008453996554299224,0.0009286348250642883,0.0018572696501285766,0.6352168722265252,1.3974929598451502,1.5350853551441395,3.070170710288279
704.46,0.06105312618986659,0.0003720167206987813,0.0008491495634179255,0.000927066028679904,0.001854132057359808,0.6093327957390124,1.390837155131402,1.5184579177761672,3.0369158355523345
704.623,0.061722209608881175,0.0003662290226481445,0.0008545262838610809,0.0009296982665570824,0.0018593965331141647,0.5933504729802286,1.384471309883442,1.5062621258188211,3.0125242516376423
704.786,0.0624244879183722,0.0003920659680051093,0.0008601830674431456,0.0009453203863154981,0.0018906407726309961,0.6280643719781642,1.3779577472352553,1.5143422362577046,3.028684472515409
704.95,0.06312736311442012,0.00036449612958480606,0.0008647370870651966,0.0009384176352926799,0.0018768352705853598,0.5773979960546531,1.3698292537545664,1.486546544945607,2.973093089891214
705.113,0.06388689472140315,0.00034008756488035564,0.0008723240982013888,0.0009362739364572296,0.0018725478729144593,0.532327586688011,1.36541946827343,1.465517991663418,2.931035983326836
705.276,0.06449155835503956,0.0003433450953192419,0.0008784051024838956,0.0009431232043320334,0.0018862464086640668,0.5323876551859006,1.3620466381787384,1.4623979143749983,2.9247958287499967
705.439,0.06514975605570131,0.00042413024032505016,0.0008844219638788259,0.0009808611884203921,0.0019617223768407842,0.651008178698981,1.3575215279742086,1.5055485205221366,3.0110970410442732
705.602,0.06557645632156775,0.00039826115763284765,0.0008867099781118892,0.000972042455329109,0.001944084910658218,0.6073233900897168,1.352177332919185,1.48230403082853,2.96460806165706
705.764,0.06650124467880289,0.0003781242451065557,0.0008943714249895986,0.0009710191504678616,0.0019420383009357233,0.5685972449581562,1.3448942637229726,1.4601518440110814,2.920303688022163
705.927,0.06704347767460708,0.00034094598345786234,0.0008979711818555959,0.0009605188218245308,0.0019210376436490616,0.508544597153254,1.3393863400312618,1.4326804860666262,2.8653609721332525
706.09,0.06791093318814596,0.00044540154760236504,0.0009061653426743534,0.0010097119227139542,0.0020194238454279085,0.6558613270243075,1.3343438237902567,1.4868179176931147,2.9736358353862293
706.253,0.06840097396424596,0.00040675329226384435,0.0009086836294008913,0.0009955672649844675,0.001991134529968935,0.594660088431576,1.3284659219558357,1.4554869723125035,2.910973944625007
706.416,0.06910249420927407,0.0004145600960252076,0.0009143350920288879,0.0010039266575462096,0.002007853315092419,0.5999205973227671,1.3231578722178414,1.4528081352691247,2.9056162705382493
706.579,0.06973344705340102,0.00042536468388163054,0.000919247547167052,0.001012892475668746,0.002025784951337492,0.6099866016316265,1.3182304704700794,1.4525203019048882,2.9050406038097765
706.741,0.07033679447800768,0.00039730249634784074,0.0009241865492870688,0.0010059672218752287,0.0020119344437504573,0.5648572689391836,1.313944651793928,1.4302147678762442,2.8604295357524885
706.904,0.07114230416832051,0.00039972766788765,0.0009307896846943588,0.0010129914341238644,0.002025982868247729,0.561870567112792,1.3083490836790146,1.4238946094958602,2.8477892189917204
707.067,0.07177598257645866,0.00041664851626669594,0.0009366206560747248,0.0010251118180438109,0.0020502236360876217,0.5804845873379235,1.3049220957400323,1.4282100798157944,2.856420159631589
707.229,0.0724096489823487,0.00040696450554788735,0.000943034849416699,0.0010271002073752164,0.0020542004147504327,0.5620307669867218,1.302360752565701,1.4184576528268942,2.8369153056537884
707.392,0.0732027704325418,0.0004455754355279727,0.0009477822552772571,0.0010472958856810172,0.0020945917713620344,0.6086865741489685,1.2947354993219313,1.4306779367676077,2.8613558735352154
707.555,0.07394112158831755,0.0004981576996536717,0.0009573277946070218,0.0010791837656541085,0.002158367531308217,0.6737221304638407,1.2947163554498697,1.4595177114876439,2.9190354229752877
707.717,0.07445284269377618,0.00042302776647236927,0.0009590300050318116,0.0010481846410618303,0.0020963692821236606,0.5681821555320303,1.2881039465159076,1.4078503964892295,2.815700792978459
707.88,0.07514135451201608,0.00047061015356290956,0.000964686657948757,0.001073356541257772,0.002146713082515544,0.6262998007144693,1.2838292099119548,1.4284498173188087,2.8568996346376174
708.042,0.07585716761210634,0.00045331033228095114,0.0009687292507274841,0.001069545052144929,0.002139090104289858,0.5975840471647211,1.2770437932524135,1.409945936307588,2.819891872615176
708.204,0.07666157581695292,0.00044834741239527893,0.0009757220723990889,0.0010738011756225242,0.0021476023512450484,0.5848398074490552,1.2727654786654126,1.4007032391122127,2.8014064782244255
708.367,0.07727375856003138,0.000503095238637015,0.0009797519505746809,0.0011013712833527697,0.0022027425667055394,0.6510557374353382,1.2678973675307181,1.4252849917959556,2.850569983591911
708.529,0.07801812657266248,0.00047433640171467276,0.0009892672495806368,0.0010971074300561733,0.0021942148601123467,0.6079823017448358,1.2679966733875352,1.4062211927562476,2.812442385512495
708.692,0.07855232828008624,0.000464056477145904,0.0009926959530573186,0.0010958073139003249,0.0021916146278006497,0.5907609453551318,1.2637384209895872,1.3950029717682122,2.7900059435364244
708.854,0.07922001655902407,0.0004969764159861247,0.0009980026580910227,0.0011148967950456942,0.0022297935900913884,0.6273369251517953,1.2597859751107798,1.4073422898302772,2.8146845796605544
709.016,0.0800237346363633,0.0004452070504579856,0.0010035108615095514,0.001097835765014577,0.002195671530029154,0.5563437553634002,1.2540165315573135,1.3718876905748827,2.7437753811497654
709.178,0.08083457459940986,0.0004611344178032905,0.0010099678395764616,0.0011102612252355411,0.0022205224504710823,0.57046680840287,1.2494255639762282,1.3734979502739249,2.7469959005478497
709.341,0.08143982478329673,0.00047053732513619974,0.001010464660812965,0.0011146498127655117,0.0022292996255310234,0.5777730077247253,1.2407500427483864,1.3686790409133172,2.7373580818266343
709.503,0.08224572409987628,0.000499816132116318,0.0010165290904456772,0.0011327610328953025,0.002265522065790605,0.607710780817443,1.2359658834193499,1.3772886618637072,2.7545773237274145
709.665,0.08287630182104871,0.0004707732464419168,0.0010202837144732697,0.00112365755797077,0.00224731511594154,0.5680432597709747,1.2310922327064318,1.3558249261616864,2.7116498523233727
709.827,0.08338669595851174,0.0005267071689320406,0.0010212831693805246,0.0011491038916757416,0.002298207783351483,0.631644128451976,1.2247555292137422,1.378042238593393,2.756084477186786
709.989,0.08442122139366645,0.0005094275317800207,0.0010284507963991864,0.0011477052978659656,0.002295410595731931,0.6034353961837369,1.218237286100606,1.3594985702872928,2.7189971405745856
710.151,0.08507517402412447,0.0004857912784577553,0.0010365696427465175,0.0011447575247576507,0.0022895150495153014,0.5710141460539372,1.218416129777861,1.3455835240878096,2.691167048175619
710.313,0.08585871501760199,0.0005224693291099556,0.0010420512135432592,0.0011656950422420035,0.002331390084484007,0.6085221855496481,1.2136813523584964,1.3576898303253468,2.7153796606506937
710.475,0.08661115409443272,0.0005592157719171013,0.0010471190179254086,0.0011870890940708333,0.0023741781881416665,0.6456625336124543,1.2089886445615627,1.3705960929426504,2.741192185885301
710.637,0.08723939888526379,0.0005487284496178619,0.0010521722423123615,0.0011866631109597387,0.0023733262219194774,0.6289915527037766,1.206074612797557,1.360237606084865,2.72047521216973
710.799,0.08796260700751504,0.0005707547951396495,0.0010616743748074519,0.0012053686217492544,0.0024107372434985087,0.6488607086087016,1.2069610155105432,1.3703193467722874,2.740638693544575
710.961,0.08874966722088073,0.0005123718916114966,0.0010671203212659266,0.0011837528185276846,0.002367505637055369,0.5773226059950198,1.202393602907908,1.3338109939968035,2.667621987993607
711.123,0.0895934151560395,0.0004730993534054564,0.001073753902746707,0.0011733586160490091,0.0023467172320980182,0.5280514785394524,1.1984741299085586,1.3096482749378853,2.6192965498757705
711.285,0.0904690494679121,0.0005127342562249255,0.0010812970412338017,0.001196703684663627,0.002393407369327254,0.5667510151157099,1.1952121168436949,1.3227768962998538,2.6455537925997077
711.446,0.09105189598093452,0.0005436720088517439,0.0010859746550536296,0.0012144629284699226,0.0024289258569398452,0.5971012497813161,1.1926985631150648,1.3338139918846068,2.6676279837692136
711.608,0.09175725514193213,0.0006271635919429919,0.0010901348116183977,0.0012576677138899268,0.0025153354277798537,0.683503000359897,1.1880638865364415,1.3706466174740504,2.7412932349481007
711.77,0.09243439379977242,0.0005257478841622177,0.0010977814345843706,0.001217183189096517,0.002434366378193034,0.5687795013845942,1.1876330762360379,1.316807671972328,2.633615343944656
711.932,0.09321242829486835,0.0005497848277996577,0.0011045216897859638,0.0012337874695774553,0.0024675749391549107,0.5898192310369466,1.1849510950320037,1.3236297907340104,2.647259581468021
712.093,0.09410042651971037,0.0005964265102033632,0.001112254764974765,0.0012620757680434373,0.0025241515360868746,0.6338191358552824,1.1819869538442431,1.3412009006984487,2.6824018013968973
712.255,0.0949738941707296,0.0005545067520134644,0.0011191466779299861,0.001248986398945259,0.002497972797890518,0.5838517593231005,1.17837294943193,1.315083907900019,2.630167815800038
712.416,0.09561787525186376,0.0006144246334959484,0.0011223925231781673,0.001279563443652906,0.002559126887305812,0.6425834415139571,1.173831273934619,1.3382052678774254,2.676410535754851
712.578,0.09639725295564752,0.0005625165078844502,0.0011286990101336102,0.0012611051808311265,0.002522210361662253,0.583539977164354,1.1708829614189584,1.3082376750003055,2.616475350000611
712.74,0.09725455509068834,0.00058726523892408,0.0011358396341904565,0.0012786759305807186,0.002557351861161437,0.6038434275664152,1.1679037893200006,1.3147722791887468,2.6295445583774937
712.901,0.09817742192253286,0.0005840667356525009,0.0011503784535225397,0.001290156788155873,0.002580313576311746,0.5949094244024458,1.1717342246267668,1.314107421942567,2.628214843885134
713.063,0.0988834247489126,0.0006567736990654996,0.0011597475947292192,0.0013328038772694162,0.0026656077545388324,0.6641898788732256,1.1728432724433655,1.3478536778572416,2.6957073557144833
713.224,0.09971602282323219,0.0006465649094096153,0.0011678102717091682,0.0013348509327971065,0.002669701865594213,0.6484062351301243,1.1711360307453895,1.3386524000896154,2.677304800179231
713.385,0.1004649964805931,0.0005615248757824042,0.0011707277593701322,0.0012984273844471451,0.0025968547688942903,0.5589258900644807,1.1653091130066209,1.292417687684848,2.584835375369696
713.547,0.10121971478309127,0.0005986378187273533,0.001176987004403436,0.0013204793245428787,0.0026409586490857575,0.5914241311687193,1.1628041107660296,1.3045673240362305,2.609134648072461
713.708,0.10215901826504939,0.0006029748930252126,0.0011864863418526918,0.001330912679713342,0.002661825359426684,0.5902316831792639,1.1614112606039129,1.3027853069812374,2.605570613962475
713.869,0.10285437942416743,0.0006381117014501719,0.0011937889177745515,0.0013536316056183707,0.0027072632112367413,0.6204030445982511,1.1606592975991938,1.3160660860497218,2.6321321720994435
714.031,0.1036063893223155,0.0005852622622198185,0.0011999870494685673,0.0013351033047936543,0.0026702066095873086,0.5648901250666019,1.1582172270625644,1.2886302799725982,2.5772605599451963
714.192,0.10461254425774129,0.0006457753723765557,0.0012092394829850601,0.001370870511309531,0.002741741022619062,0.6173020424639644,1.1559220661011471,1.3104265086336306,2.6208530172672613
714.353,0.10543582738926864,0.0006640405674621401,0.0012197367396927872,0.0013887791722919202,0.0027775583445838405,0.6298054313269673,1.1568522483249684,1.317179564745628,2.634359129491256
714.514,0.1062869438659963,0.0006240350925603122,0.0012270898494221424,0.0013766514792428815,0.002753302958485763,0.5871229991776589,1.154506663555238,1.2952216228726328,2.5904432457452655
714.675,0.10713506676103414,0.0006796747688553286,0.001232613248777927,0.001407584175984307,0.002815168351968614,0.6344092456406922,1.1505226869623215,1.313840760583029,2.627681521166058
714.836,0.10824608547670601,0.0006192165561840964,0.0012401838007449761,0.0013861763968134602,0.0027723527936269203,0.5720452185010871,1.145707759577003,1.2805787763214385,2.561157552642877
714.998,0.10901041998959024,0.0006956196736264548,0.00124303786318457,0.0014244401916706216,0.002848880383341243,0.6381221847350755,1.140292701654825,1.3067009482273768,2.6134018964547536
715.159,0.10979289333886877,0.000696243140265101,0.0012506439142926725,0.0014313855912099671,0.0028627711824199343,0.6341422646693452,1.1390936847184086,1.303714245686273,2.607428491372546
715.32,0.11064275389910838,0.0006841340786561011,0.0012578545562907657,0.0014318650503312355,0.002863730100662471,0.6183270521989549,1.1368612150035269,1.2941335965271688,2.5882671930543375
715.481,0.11149351992741519,0.000688337277941174,0.0012639300811787785,0.0014392107067111677,0.0028784214134223354,0.6173787305211076,1.1336354633001322,1.2908469547361376,2.5816939094722753
715.641,0.11241346653625847,0.0007122518955299135,0.0012698783695601818,0.0014559855205882992,0.0029119710411765983,0.6336001526117689,1.1296496840532786,1.2952056060994057,2.5904112121988114
715.802,0.11334051052351615,0.0006427886361123447,0.0012761053514158246,0.0014288534209733598,0.0028577068419467196,0.5671305283021267,1.1259040086563359,1.2606731824071835,2.521346364814367
715.963,0.11409020594649587,0.0006784188824405478,0.0012849597183542622,0.0014530566602321282,0.0029061133204642564,0.5946337609020546,1.1262664552966635,1.273603328329128,2.547206656658256
716.124,0.11505586355033846,0.0007594706334110982,0.0012958261722725876,0.0015019857228883637,0.0030039714457767274,0.6600885952055975,1.12625826471299,1.3054403978561466,2.6108807957122933
716.285,0.11606115794824236,0.0006873855367552793,0.0013083933704175735,0.0014779689062673143,0.0029559378125346286,0.5922614842959087,1.1273309637329774,1.2734397384923701,2.5468794769847403
716.446,0.11721558271972458,0.0007456766276060218,0.0013275662977243411,0.0015226509474634703,0.0030453018949269405,0.6361582737587177,1.1325851622464727,1.299017512973763,2.598035025947526
716.606,0.11815003757829762,0.0007391948502883112,0.0013367533408814788,0.0015275203831866054,0.0030550407663732107,0.6256408084495524,1.1314032295551468,1.2928649152348537,2.5857298304697074
716.767,0.11957472575892872,0.0006981088917506913,0.001356968990056645,0.0015260147000329745,0.003052029400065949,0.5838264627577981,1.1348292721928483,1.2762017143234183,2.5524034286468367
716.928,0.11992499532627801,0.000709307149860982,0.0013584560468797562,0.0015324879980437313,0.0030649759960874627,0.5914589764470546,1.1327547215522724,1.2778720515054562,2.5557441030109125
717.088,0.12113056845470012,0.0007733638849001419,0.001368905541871222,0.001572257638249401,0.003144515276498802,0.6384547639511501,1.1301074198980248,1.2979858497381582,2.5959716994763165
717.249,0.12249798035692798,0.0007524270256228999,0.0013898632975972054,0.0015804639872187857,0.0031609279744375714,0.6142362702066752,1.1346009897857068,1.2901959547526543,2.5803919095053085
717.41,0.12357434152580035,0.0006794673120872501,0.0014086075127021024,0.0015639216582156142,0.0031278433164312284,0.5498449788991093,1.1398867234975374,1.265571508539329,2.531143017078658
717.57,0.12417231234563424,0.000745877310460132,0.0014204522131130927,0.0016043744737426868,0.0032087489474853736,0.6006792467422036,1.1439363464209775,1.2920549222574695,2.584109844514939
717.731,0.12638729055347317,0.0007540896885170918,0.001453525190175317,0.001637494041760762,0.003274988083521524,0.5966499362513386,1.1500564525199195,1.2956160659745728,2.5912321319491456
717.891,0.12602687004597693,0.0007692865570918089,0.0014494467652117831,0.0016409441587406535,0.003281888317481307,0.6104147129982352,1.150109309771002,1.3020589642050198,2.6041179284100395
718.052,0.12661845686676962,0.0008259055652360251,0.0014537558963991731,0.0016719827179140342,0.0033439654358280685,0.652278969175133,1.148139009409065,1.320488939202068,2.640977878404136
718.212,0.12846162653042004,0.0007618058371777217,0.0014859276667375648,0.0016698290823716638,0.0033396581647433276,0.5930221014267822,1.1567093667350485,1.2998660592050375,2.599732118410075
718.372,0.1291750082101612,0.0007466475098399861,0.0014895277351083677,0.0016661858772679943,0.0033323717545359886,0.5780123571776581,1.1531082952864857,1.2898670573778437,2.5797341147556874
718.533,0.13173480522849074,0.0008636022341772179,0.0015185211365396844,0.0017469159284274837,0.0034938318568549674,0.6555611728269696,1.1527106552485102,1.3260853313575722,2.6521706627151445
718.693,0.13423579279520503,0.000840260977871997,0.0015494918360116818,0.001762658066898188,0.003525316133796376,0.6259589639805901,1.1543060190925698,1.3131058640875037,2.6262117281750075
718.853,0.1324287457610732,0.000826599669511503,0.001528991131161216,0.001738125683834797,0.003476251367669594,0.6241844735151739,1.1545764647803949,1.3124987885717112,2.6249975771434224
719.014,0.13254553638027095,0.0007355441333195547,0.001534063276152615,0.0017012863683991913,0.0034025727367983827,0.5549369321719675,1.1573858449306154,1.2835485938343703,2.5670971876687405
719.174,0.13560022134531313,0.0007249388442315456,0.0015708334312771776,0.0017300445071424609,0.0034600890142849217,0.5346147941642739,1.1584298430287716,1.2758419492080408,2.5516838984160817
719.334,0.13681207683838376,0.0007469413056705373,0.0015822550114316862,0.0017497006130528423,0.0034994012261056846,0.5459615283473109,1.1565170619409613,1.2789080127186179,2.5578160254372357
719.494,0.13691932119221126,0.0008086893512192736,0.0015794412814552534,0.0017744332132657071,0.0035488664265314143,0.5906320190442753,1.1535561728632797,1.295969917039471,2.591939834078942
719.654,0.13729075658635795,0.0008237929414915247,0.0015857071409614068,0.0017869252774940696,0.003573850554988139,0.6000352550853244,1.154999200520811,1.3015626994305818,2.6031253988611636
719.814,0.1388517476650928,0.0008503313490225895,0.0016043371217153049,0.0018157535634673353,0.0036315071269346706,0.6124023379767384,1.1554317094984852,1.3076922645920819,2.6153845291841638
719.974,0.1399369059139245,0.0008950142375799342,0.001612155198327107,0.001843934616238847,0.003687869232477694,0.6395841266709581,1.152058627992495,1.3176900005014085,2.635380001002817
720.134,0.14258827650982087,0.0008854070766775167,0.0016399620504558613,0.0018637116779067569,0.0037274233558135137,0.6209536284117535,1.1501380692703076,1.3070581421736958,2.6141162843473915
720.294,0.14179426717388896,0.0008586759207259826,0.0016302995447217956,0.0018426071047173101,0.0036852142094346203,0.60557872884448,1.149764075244652,1.2994933726464657,2.5989867452929314
720.454,0.14357981092393757,0.0008582865062292106,0.0016491096941514468,0.0018590907751154656,0.0037181815502309312,0.5977765959615966,1.1485665592811474,1.2948134999985006,2.589626999997001
720.614,0.14460778654447035,0.0009162121831300395,0.001673208015648759,0.0019076346159962528,0.0038152692319925055,0.6335842661199177,1.1570663348299073,1.3191783524116176,2.6383567048232353
720.774,0.14510723162031205,0.0008321751580205942,0.0016809751549126412,0.0018756846656781568,0.0037513693313563135,0.5734897900871445,1.1584365135647305,1.2926197025011668,2.5852394050023335
720.934,0.14548691163469382,0.0008808844735138608,0.0016998583666406246,0.0019145432672875073,0.0038290865345750147,0.6054733471322097,1.168392639269734,1.3159556731087774,2.6319113462175547
721.094,0.146367058661772,0.0008649542699308122,0.0017138921201248444,0.0019197843859396237,0.0038395687718792474,0.5909487270148445,1.1709548144199178,1.3116232596952713,2.6232465193905425
721.254,0.14734785094230046,0.000825023029548119,0.0017242458543244442,0.0019114619445439632,0.0038229238890879263,0.5599152103488686,1.1701873107057645,1.2972445355124096,2.594489071024819
721.413,0.14835686042649857,0.0008798496697829331,0.0017413724532316017,0.001951028821491621,0.003902057642983242,0.5930630152549251,1.173772785583004,1.315091742898019,2.630183485796038
721.573,0.14964596415456052,0.0008865246115473696,0.001765849322591977,0.001975892131918582,0.003951784263837164,0.5924146478362292,1.1800180062110694,1.3203778284844347,2.6407556569688695
721.733,0.15082006934181763,0.0009194218450413348,0.001781197978830461,0.002004495639538518,0.004008991279077036,0.6096150525946007,1.1810085929569263,1.3290642606691434,2.658128521338287
721.892,0.15219347785591023,0.0009109019105484341,0.0017975518544738063,0.002015176161074512,0.004030352322149024,0.598515733644535,1.181096509388954,1.324088383723242,2.648176767446484
722.052,0.15304125946606084,0.0008363437637568535,0.0018104684912408373,0.0019943086644125213,0.003988617328825043,0.5464825411622577,1.1829937217958764,1.3031183037635603,2.6062366075271206
722.212,0.1544716569543224,0.0009132609990150113,0.0018341091265913422,0.0020489026186150364,0.004097805237230073,0.5912159013643936,1.1873434665970417,1.326393889346899,2.652787778693798
722.371,0.15586025725384756,0.0009809620075568286,0.0018530805676098322,0.0020967102924159793,0.004193420584831959,0.6293855950456623,1.1889371930085706,1.3452501165843034,2.6905002331686068
722.531,0.15674576534834886,0.0009866237904432459,0.001857422848576957,0.002103199025837625,0.00420639805167525,0.6294420702534397,1.1849907679796359,1.3417900133783613,2.6835800267567227
722.69,0.1579883987353043,0.0008865918414355685,0.0018801573611142042,0.002078710368438095,0.00415742073687619,0.5611752815603729,1.1900603944117714,1.3157360825719815,2.631472165143963
722.85,0.15916279839048042,0.0009118984609918815,0.001907216199965621,0.0021140086179035943,0.004228017235807189,0.5729344232530297,1.1982801378539298,1.328205233434771,2.656410466869542
723.009,0.16012266525243815,0.0008955348360662347,0.0019216408461564106,0.002120067495205024,0.004240134990410048,0.5592804957714121,1.2001054586038065,1.3240271087560742,2.6480542175121484
723.168,0.1617491434486337,0.0009920283008900733,0.0019571136721108395,0.002194177311734405,0.00438835462346881,0.613312861965856,1.2099684921870115,1.3565310238759964,2.713062047751993
723.328,0.16408614567975838,0.0008822586588504136,0.00198673818840012,0.0021738235830821052,0.0043476471661642105,0.5376801650105728,1.2107897227823077,1.3248062924975315,2.649612584995063
723.487,0.16621187720482242,0.0009739897736161239,0.002021318339669306,0.002243743280634455,0.00448748656126891,0.5859928845011955,1.2161094463655213,1.34992957083897,2.69985914167794
723.646,0.1658295146298952,0.0010025789258534198,0.002016827026702631,0.002252277904301237,0.004504555808602474,0.6045841285195912,1.2162051075189266,1.3581888057309695,2.716377611461939
723.806,0.16626772958841887,0.0009944433972611097,0.002027118763502225,0.002257903485913206,0.004515806971826412,0.5980976583506413,1.219189537573033,1.3579926131802287,2.7159852263604574
723.965,0.16786321941270957,0.0009294409390092929,0.002064513509901543,0.0022640840292870016,0.004528168058574003,0.5536894516029527,1.2298784195397308,1.3487671910548256,2.697534382109651
724.124,0.1701823546046977,0.00097607423449418,0.002112921164575868,0.0023274786269600932,0.0046549572539201865,0.5735460863503863,1.2415630101509614,1.3676380447117436,2.735276089423487
724.283,0.1708503204338443,0.0010852662343693214,0.0021234364413181737,0.002384698119213448,0.004769396238426896,0.6352146320905216,1.242863598924533,1.395782058329143,2.791564116658286
724.442,0.1723022540105192,0.0010595997801376266,0.0021449183720673387,0.002392368390716553,0.004784736781433106,0.6149657102413396,1.2448579877175545,1.3884719062180675,2.776943812436135
724.601,0.1730401998727488,0.001054302367654566,0.0021486820546567573,0.0023934051170760888,0.0047868102341521775,0.6092817555862073,1.2417242098869896,1.3831497645264879,2.7662995290529757
724.76,0.17403636437559025,0.0010890149509769716,0.002168101584714428,0.002426235364735373,0.004852470729470746,0.6257398876862043,1.2457750381612307,1.3940967874387915,2.788193574877583
724.919,0.17495151161730427,0.001001086158908787,0.002168293392780787,0.002388235694971408,0.004776471389942816,0.5722077789751263,1.239368195642571,1.3650843441670442,2.7301686883340883
725.078,0.17661634341629526,0.0009897624917166528,0.002195154100140209,0.002407972448632153,0.004815944897264306,0.5604025497140566,1.2428940933094168,1.3633916329908486,2.7267832659816973
725.237,0.18017755676939853,0.001119545618389895,0.0022522424459455372,0.002515149782214719,0.005030299564429438,0.6213568651187523,1.2500127575978206,1.395928453749515,2.79185690749903
725.396,0.18074370373276794,0.0010456938805031499,0.0022657576945854527,0.002495422533819658,0.004990845067639316,0.5785506542729825,1.253574895165038,1.3806414731376617,2.7612829462753234
725.555,0.1800839674115504,0.0010774085373821507,0.002263853052573643,0.0025071577134418463,0.0050143154268836925,0.5982812089651057,1.257109716713428,1.3922159476374576,2.784431895274915
725.714,0.18146124185919343,0.0010271079966836223,0.002279881450472457,0.0025005619898454505,0.005001123979690901,0.56602059269528,1.2564013268693228,1.3780143705760513,2.7560287411521025
725.873,0.18284083017963704,0.0010226654614732824,0.0022951127553227646,0.0025126454596173364,0.005025290919234673,0.5593200711616417,1.255251769021103,1.374225580330563,2.748451160661126
726.031,0.18395361064577556,0.0010504214758825813,0.002310859872588058,0.0025383968617481855,0.005076793723496371,0.5710252015141427,1.2562188176006461,1.3799114096412974,2.759822819282595
726.19,0.1859996795258838,0.0010738239623113393,0.0023518074375015793,0.002585361894420541,0.005170723788841082,0.5773257056402107,1.2644147793675637,1.389981908039127,2.779963816078254
726.349,0.1872977067926268,0.0011690521432656253,0.0023529298777224556,0.0026273488392584954,0.005254697678516991,0.6241678893377922,1.2562513006780078,1.402766154615794,2.805532309231588
726.508,0.18999307431162824,0.0011349733847993634,0.0023997124109598742,0.0026545779776675944,0.005309155955335189,0.5973761880066063,1.263052571602608,1.397197233259952,2.794394466519904
726.666,0.189539167820164,0.001140034507851207,0.002400518652085325,0.002657474078537943,0.005314948157075886,0.6014770039155597,1.2665026863275841,1.4020711967351105,2.804142393470221
726.825,0.19029622735968552,0.0010950619230737056,0.00240358473346538,0.0026412838140407635,0.005282567628081527,0.5754511995678669,1.2630753466921238,1.3879853797881032,2.7759707595762064
726.983,0.19175535521022413,0.0010844123099352262,0.0024223093141064475,0.0026539654238791244,0.005307930847758249,0.5655186572215256,1.2632290302666307,1.3840371868465131,2.7680743736930262
727.142,0.19344497133209454,0.0011216070497281122,0.002436898639664533,0.0026826250863657133,0.005365250172731427,0.5798067750247203,1.2597373934735236,1.386763929758787,2.773527859517574
727.301,0.19535476926714918,0.0011428764880204204,0.0024663875388891542,0.0027183145805549417,0.005436629161109883,0.5850261512978615,1.2625171876486672,1.3914759239062269,2.7829518478124537
727.459,0.19632928082651196,0.0011452079791507334,0.0024915044819381767,0.0027420969893547763,0.005484193978709553,0.5833098223197314,1.2690437572273368,1.3966826434707178,2.7933652869414356
727.617,0.19950320312654873,0.001192220667158416,0.0025432399793485893,0.002808818205537103,0.005617636411074206,0.5975947495951569,1.2747865395100264,1.4079063200581374,2.815812640116275
727.776,0.20119582393762067,0.0011556110104191245,0.0025761404299346705,0.002823461762118605,0.00564692352423721,0.5743712706370155,1.2804144636388597,1.4033401423848635,2.806680284769727
727.934,0.20025854210808072,0.0010783082652454114,0.0025982846865503385,0.0028131533956147078,0.0056263067912294155,0.5384580622101214,1.2974650964691576,1.40476074878066,2.80952149756132
728.093,0.20124840640587072,0.0011881529428549586,0.0026320995498834493,0.0028878461621269845,0.005775692324253969,0.5903912304571165,1.3078859092057222,1.434965977471085,2.86993195494217
728.251,0.20283798971229292,0.0011222213965073075,0.0026616655030502795,0.002888571292682026,0.005777142585364052,0.5532599677698816,1.312212523317554,1.424078052035124,2.848156104070248
728.409,0.20418295979011683,0.0011321618428659945,0.0026921587917934507,0.0029205323827467653,0.0058410647654935305,0.5544840000506227,1.3185031672382295,1.430350694175866,2.860701388351732
728.567,0.2055275735524477,0.0011723839194220616,0.0027269872322250154,0.0029683233346853716,0.005936646669370743,0.5704265851817133,1.326823055948319,1.4442457930969044,2.8884915861938087
728.726,0.2073394108884267,0.0012146646664343752,0.002738642721943754,0.002995926269176133,0.005991852538352266,0.5858339527587495,1.320850054608031,1.4449381602556488,2.8898763205112976
728.884,0.20915169676305548,0.001258704871344132,0.002767977237076787,0.0030407295075558253,0.006081459015111651,0.6018143246383022,1.3234304478115628,1.4538392729372012,2.9076785458744023
729.042,0.2112609274729509,0.0012401074243620753,0.002804310326402023,0.003066271812922488,0.006132543625844976,0.5870027359985222,1.327415514050073,1.4514145372740934,2.902829074548187
729.2,0.21203270858832327,0.0012145756483942574,0.00280921306701427,0.003060534603881494,0.006121069207762988,0.5728246629874655,1.324896090663332,1.4434256979774482,2.8868513959548965
729.358,0.2131708893164759,0.0012058919683393932,0.00283427471984414,0.0030801442542278817,0.0061602885084557635,0.5656926103775419,1.329578691036159,1.4449178610195057,2.8898357220390114
729.516,0.21409021362810732,0.001302672912090022,0.002846011368488386,0.0031299740295181737,0.006259948059036347,0.6084691542009828,1.32935145435099,1.461988372320092,2.923976744640184
729.674,0.2149834145035151,0.0011388498808557574,0.0028615028011942933,0.0030798015085988836,0.006159603017197767,0.5297384840062331,1.3310342138730455,1.432576329532866,2.865152659065732
729.832,0.21625479339668582,0.001220645624263056,0.0028890415177761602,0.003136325338906493,0.006272650677812986,0.5644478927336289,1.3359433436819421,1.4502917089811698,2.9005834179623395
729.99,0.21783113877108878,0.0012790792333178432,0.002917177690253177,0.0031852738283569626,0.006370547656713925,0.5871884251874491,1.3391922324377776,1.4622674454749358,2.9245348909498716
730.148,0.21942962271996427,0.0011446219699523478,0.002948585165798638,0.0031629596794877698,0.0063259193589755396,0.5216351173392448,1.3437498224939382,1.4414460729052676,2.882892145810535
730.306,0.22176297034183381,0.0011907083890263812,0.002997473028359891,0.003225310996391327,0.006450621992782654,0.5369284092790506,1.351656240777923,1.4543956510952711,2.9087913021905423
730.464,0.22300166875018826,0.0013167024538486799,0.003048712130680367,0.0033208961151666213,0.006641792230333243,0.5904451124640153,1.367125254159244,1.4891799392258214,2.9783598784516427
730.622,0.22387868533768449,0.0013127481212085134,0.003084253675413083,0.003352003634251549,0.006704007268503098,0.5863658343483868,1.3776450718213702,1.497241074645225,2.99448214929045
730.779,0.224989176030163,0.0013871051035941454,0.0031089792197865193,0.0034043813472467094,0.006808762694493419,0.6165208158316844,1.3818350174186675,1.5131311680479704,3.026262336095941
730.937,0.22684144909327186,0.0012861582623554465,0.0031264795582477646,0.003380691867645781,0.006761383735291562,0.5669855608384025,1.378266437084093,1.4903325124923357,2.9806650249846713
731.095,0.22825912438434848,0.0012968750082815188,0.00316263875436983,0.003418211327251014,0.006836422654502028,0.5681591094241683,1.3855475713840464,1.4975135545930438,2.9950271091860876
731.252,0.2295170599712548,0.001335601841487228,0.0031864060833249994,0.003454998698528646,0.006909997397057292,0.5819183295805992,1.3883090362538069,1.505334156407091,3.010668312814182
731.41,0.23096506951298018,0.001386973092010931,0.0032307776036433413,0.0035159093108562646,0.007031818621712529,0.6005120579209419,1.3988165441881992,1.522268851419834,3.044537702839668
731.568,0.2320179621371534,0.0012536430924483854,0.003255817006512252,0.0034888343874620864,0.006977668774924173,0.5403215685979157,1.403260754694342,1.503691505315318,3.007383010630636
731.725,0.23366590613825283,0.0012107505890229446,0.0032942497175296407,0.0035097005841330004,0.007019401168266001,0.5181545776329821,1.4098118856845705,1.5020165509539163,3.0040331019078326
731.883,0.2352393974267861,0.0012823446727068073,0.003336109110248337,0.0035740777628783453,0.007148155525756691,0.545123260276125,1.4181761842365879,1.519336387515918,3.038672775031836
732.04,0.2361591856942578,0.0013622657535486016,0.003326037258834302,0.0035942025305268116,0.007188405061053623,0.5768421624354055,1.408387841894212,1.521940601192632,3.043881202385264
732.198,0.23765535697596438,0.0013926004363789294,0.003354919381162027,0.003632467484988597,0.007264934969977194,0.5859747720813093,1.4116742091790222,1.5284601749397855,3.056920349879571
732.355,0.2393017521426476,0.0013457856450829113,0.003395909193739082,0.0036528534400702213,0.007305706880140443,0.5623801886250668,1.4190908187395064,1.5264633072526599,3.0529266145053198
732.513,0.24104217247315085,0.001421380676156235,0.0034387768185043105,0.0037209553926421885,0.007441910785284377,0.5896813248787656,1.4266287028620885,1.5436947628144437,3.0873895256288875
732.67,0.24242237934362854,0.0013947806932493381,0.0034619833036604723,0.0037323908660649384,0.007464781732129877,0.575351457660708,1.4280790878441074,1.5396230645745599,3.0792461291491198
732.827,0.24381782620692047,0.0013668619681876666,0.0034877420497635616,0.003746018719356164,0.007492037438712328,0.5606078888701329,1.430470488570276,1.5364006716133365,3.072801343226673
732.985,0.2451735291074165,0.0013034800085794634,0.0035422605737100207,0.003774476136475996,0.007548952272951992,0.5316560940836222,1.4447973182937177,1.5395120958683537,3.0790241917367074
733.142,0.24641684845484263,0.0014860626023658035,0.0035703399051666565,0.003867261188047127,0.007734522376094254,0.6030685854819434,1.448902511153146,1.5693980392561615,3.138796078512323
733.299,0.24779701966866352,0.0013835855833945895,0.003592411858158925,0.0038496405059717208,0.0076992810119434416,0.5583544084769951,1.4497397357572912,1.5535459268715923,3.1070918537431846
733.456,0.24936362178002006,0.0014255288981705296,0.0036042156891805356,0.0038758874304672996,0.007751774860934599,0.571666744328923,1.44536547209763,1.554311492109492,3.108622984218984
733.613,0.25100078856824437,0.0013560442425889676,0.0036479884315132496,0.00389187301749597,0.00778374603499194,0.5402549730317975,1.4533772791400619,1.550542147574892,3.101084295149784
733.771,0.25238188458828603,0.0014206157867882245,0.0036927229148817397,0.00395655806728078,0.00791311613456156,0.5628834213302172,1.4631489581376762,1.567687028621395,3.13537405724279
733.928,0.253948441166989,0.0014207355858040663,0.003713927796661615,0.003976399034753155,0.00795279806950631,0.5594582818761358,1.4624731617153128,1.5658292748244877,3.1316585496489755
734.085,0.2554273715095977,0.001533675184525687,0.0037619186356019573,0.0040625350943123174,0.008125070188624635,0.6004349398662856,1.4727938565740606,1.5904854167751818,3.1809708335503637
734.242,0.25672370728162824,0.0014678821948549802,0.0037773706909065615,0.004052555671979373,0.008105111343958747,0.5717750847391355,1.4713758736596738,1.5785669796103727,3.1571339592207455
734.399,0.2580235992559217,0.0013988342064013603,0.003829407339896081,0.004076898050215201,0.008153796100430401,0.5421342119229648,1.4841306574046618,1.5800485157063147,3.1600970314126293
734.556,0.25963951234032884,0.001426625881958951,0.0038458025151754567,0.004101884736655215,0.00820376947331043,0.549464089305855,1.481208495775665,1.579838407367893,3.159676814735786
734.713,0.26130957624930773,0.0014527107667473519,0.003881472707382348,0.004144417805914087,0.008288835611828175,0.5559347604472649,1.4853924464211559,1.5860183409275523,3.1720366818551047
734.869,0.2623213228952174,0.001449847699628641,0.003944083927585304,0.004202125221831827,0.008404250443663655,0.5526991415058445,1.503531578773237,1.6018999810817285,3.203799962163457
735.026,0.26388630415614206,0.0015594314933633417,0.0039932267140321805,0.004286920359903326,0.008573840719806653,0.590948248849104,1.5132375766153365,1.6245331009550033,3.2490662019100065
735.183,0.2651866412788492,0.001486289432957407,0.004016883440848987,0.004283037340006231,0.008566074680012461,0.5604691947489704,1.5147382317139992,1.615102977793866,3.230205955587732
735.34,0.2663855808931303,0.0014631947399248758,0.00405899511955904,0.00431467034981213,0.00862934069962426,0.5492770047909937,1.523729289682329,1.6197086701712688,3.2394173403425377
735.497,0.26777297572622505,0.0015338739110570896,0.004090313089752965,0.004368458577945546,0.008736917155891092,0.5728262558598686,1.5275302067580414,1.6314038285969235,3.262807657193847
735.653,0.2690814038242994,0.0015497877413797947,0.004158646732278913,0.004438038382802155,0.00887607676560431,0.5759549784390716,1.545497634981257,1.6493292809264648,3.2986585618529296
735.81,0.27054551500651935,0.001478174248492141,0.0041801562934200304,0.004433813905242798,0.008867627810485596,0.5463680477041067,1.5450843061727715,1.6388421390522612,3.2776842781045223
735.967,0.27211263128875374,0.0015330747287195699,0.0041686148043188495,0.004441583896609954,0.008883167793219907,0.5633971203243188,1.5319446159393102,1.6322593609764273,3.2645187219528546
736.123,0.27384306148648346,0.0015889981793439562,0.004188361504719036,0.004479652587887895,0.00895930517577579,0.5802586966120327,1.5294751241764688,1.6358466647178513,3.2716933294357027
736.28,0.27498316285036906,0.0015284903583711962,0.004229697298910011,0.004497401696095241,0.008994803392190482,0.5558487081636042,1.5381659208027885,1.6355189348601986,3.2710378697203972
736.436,0.2762781764524878,0.0016082938933284056,0.00427542191365852,0.004567914380448578,0.009135828760897156,0.5821284597934893,1.5475062013788028,1.6533750291471656,3.306750058294331
736.593,0.2776923067410575,0.0014899622123266383,0.004295112863951092,0.004546205220647154,0.009092410441294309,0.536551491041485,1.5467165491034647,1.6371376196915675,3.274275239383135
736.749,0.2789646831965775,0.0016033283168032902,0.004353154776277212,0.004639032032405939,0.009278064064811877,0.574742400518662,1.560468058678841,1.6629459970518778,3.3258919941037557
736.906,0.2802904708521653,0.0015348672627971314,0.004404416147620419,0.004664193297433742,0.009328386594867484,0.5475988028171933,1.5713756283721316,1.6640570345660435,3.328114069132087
737.062,0.2819487957342671,0.001495337069271923,0.004435837666250127,0.004681099096586411,0.009362198193172822,0.5303576719941935,1.5732777487834506,1.660265682070259,3.320531364140518
737.219,0.28313817353283705,0.001509690526730367,0.004471790198551938,0.0047197534963559894,0.009439506992711979,0.5331992178565353,1.5793667603189934,1.6669435411924824,3.333887082384965
737.375,0.2844412745830903,0.0015699593299992106,0.004527954991365365,0.004792405314837434,0.009584810629674869,0.5519449778518686,1.5918769165980056,1.6848487695260583,3.3696975390521167
737.531,0.28595138876728426,0.0015653645024746544,0.004575593157338863,0.004835950658049971,0.009671901316099941,0.547423290798771,1.6001297203220146,1.6911792871149898,3.3823585742299795
737.688,0.2871918368544209,0.001572645009327715,0.004635366258120091,0.004894878208115257,0.009789756416230514,0.5475939102422669,1.6140313418691574,1.7043932243089823,3.4087864486179646
737.844,0.28845545507551806,0.001550085044119556,0.004667276243312043,0.004917949895575198,0.009835899791150396,0.5373741480166293,1.61802322028895,1.7049252524233494,3.4098505048466987
738.0,0.2898681125135429,0.0016609943593986797,0.004737081710469478,0.005019845156338855,0.01003969031267771,0.5730172749929768,1.634219669556843,1.7317686698306023,3.4635373396612046
738.156,0.2909541762186015,0.00159301260129553,0.0047626204506241365,0.005021975976106378,0.010043951952212755,0.5475132276838873,1.6368970923606385,1.7260367393156908,3.4520734786313816
738.312,0.2919862326765937,0.001624855924654107,0.004777196726951466,0.0050459652539310415,0.010091930507862083,0.556483745743523,1.636103415958905,1.7281517719775485,3.456303543955097
738.468,0.2940740820432824,0.0015878397799825496,0.004782632629829507,0.00503932634771801,0.01007865269543602,0.5399455024903719,1.626335988740956,1.7136247821310253,3.4272495642620506
738.624,0.29527945758588797,0.0016176518631690181,0.004796965949114396,0.005062378874341309,0.010124757748682617,0.5478375896496259,1.6245511923968166,1.7144365259031993,3.4288730518063986
738.781,0.29656570974995533,0.0016758545009660241,0.00484133423487201,0.0051231831396263625,0.010246366279252725,0.5650870771199389,1.6324659512908302,1.7275035417769278,3.4550070835538556
738.937,0.2976604323236528,0.0015966406113656138,0.004888879543393828,0.005142995667087092,0.010285991334174184,0.5363966580649023,1.6424351416912681,1.7278062881716838,3.4556125763433676
739.092,0.2990641057613758,0.0015490794397506735,0.004920438619433656,0.005158523366068282,0.010317046732136565,0.5179757148745523,1.6452788966121161,1.7248888337620443,3.4497776675240885
739.248,0.3002158184965102,0.0016388621191150239,0.0049511008054920445,0.005215291768598777,0.010430583537197554,0.5458946591563677,1.6491805229608838,1.7371808703209293,3.4743617406418585
739.404,0.30141824684743385,0.0017431098630694814,0.004984750769914033,0.005280735955611552,0.010561471911223103,0.5783027010809255,1.6537654312736811,1.7519629321858718,3.5039258643717437
739.56,0.3027408937105915,0.001631125513389104,0.005007049083716244,0.005266033703573549,0.010532067407147098,0.5387859873824632,1.653905761572729,1.739452387495319,3.478904774990638
739.716,0.3041354302904706,0.0015744583502343209,0.005031832229367103,0.005272405018691194,0.010544810037382389,0.5176833059964777,1.6544709126987776,1.733571459811729,3.467142919623458
739.872,0.3049404985432119,0.00164192904918343,0.005046292243510581,0.005306693547725123,0.010613387095450247,0.5384424361563633,1.6548448853524422,1.7402390214080183,3.4804780428160367
740.028,0.30643484493627215,0.0016856061149781547,0.005104059506995048,0.005375192222218502,0.010750384444437005,0.550069988068329,1.665626344829197,1.7541060721525832,3.5082121443051664
740.183,0.307714363119352,0.0017165748443292875,0.005113525700380231,0.005393957200852937,0.010787914401705874,0.5578468378687562,1.6617767362379725,1.752910441415048,3.505820882830096
740.339,0.30882482616948015,0.00172333269922605,0.00515438598881752,0.0054348477912394295,0.010869695582478859,0.5580291975232268,1.6690322642613071,1.7598480856124037,3.5196961712248074
740.495,0.31004949502801993,0.0015608678395864315,0.005222576037786412,0.005450835613290501,0.010901671226581002,0.5034253771145062,1.6844330087731427,1.7580533755740824,3.5161067511481647
740.65,0.31113210817894166,0.0016150402709572361,0.005272637735083015,0.0055144413826093905,0.011028882765218781,0.5190850537445582,1.6946620411322377,1.7723793969338149,3.5447587938676297
740.806,0.31267213281307565,0.0016488087572068678,0.005333436735299385,0.005582483114822921,0.011164966229645842,0.5273283366741778,1.705760179941545,1.7854111476446444,3.5708222952892887
740.961,0.3137849536280636,0.001687689511589881,0.00532097654242381,0.005582211681095131,0.011164423362190262,0.5378490880701493,1.6957398628905846,1.7789927836093293,3.5579855672186587
741.117,0.315467741136953,0.0017398361873610887,0.005376317671186376,0.005650824865483097,0.011301649730966194,0.551510015284187,1.7042369060652616,1.791252837807566,3.582505675615132
741.272,0.31618490656532217,0.0015973247111687485,0.005430295973148393,0.005660349864531519,0.011320699729063037,0.5051868947573401,1.7174431354541972,1.7902024249099062,3.5804048498198124
741.428,0.3175743112415477,0.0016104920489692172,0.005480236422625535,0.005711976530734749,0.011423953061469498,0.5071228975268952,1.7256548242837109,1.7986267555470528,3.5972535110941055
741.583,0.3187221395285325,0.0016479811653143583,0.0054839893081724215,0.005726253631597216,0.011452507263194432,0.5170588926618411,1.7206176252093985,1.7966287626167847,3.5932575252335694
741.739,0.320177168284596,0.001611819595910595,0.005518779952550409,0.005749338620609651,0.011498677241219302,0.5034149076107439,1.7236644268291264,1.795674142354596,3.591348284709192
741.894,0.3209658460664264,0.0017683763826925475,0.00556898864092815,0.0058430120240892496,0.011686024048178499,0.5509546901530975,1.7350720362239427,1.8204466598854236,3.6408933197708473
742.049,0.3217163533409886,0.0016133905236879061,0.00558281488126858,0.005811269308889397,0.011622538617778793,0.501494719473544,1.7353220696715188,1.8063332026923749,3.6126664053847497
742.205,0.32360182306905166,0.0016000073768135683,0.005640222906975057,0.0058627756264609,0.0117255512529218,0.49443707134868375,1.7429515240312845,1.8117251537269226,3.623450307453845
742.36,0.324621260220979,0.001756919793125307,0.005667517686081806,0.005933592830783516,0.011867185661567033,0.5412214196720577,1.745886169693188,1.8278509629173239,3.6557019258346477
742.515,0.3255788927587762,0.0016696315096978909,0.005704139440287276,0.00594347340638594,0.01188694681277188,0.5128193340638126,1.7519991520192049,1.8255094352168286,3.6510188704336572
742.67,0.32619382925393,0.0016602991747817041,0.005763112795212657,0.005997504684460417,0.011995009368920834,0.5089915951442545,1.7667755421351898,1.8386321709941298,3.6772643419882596
742.825,0.3270331295649057,0.0016027091692323503,0.005793464792416954,0.006011065711013004,0.012022131422026008,0.4900754768682429,1.7715222919845297,1.8380601742124105,3.676120348424821
742.98,0.32824750491049187,0.0016711635530632697,0.005813180927116639,0.0060486246463538895,0.012097249292707779,0.5091169096682001,1.7709749016071898,1.8427023986071904,3.685404797214381
743.135,0.32929459766224245,0.0016880013370196515,0.005878496751372098,0.00611605040607682,0.01223210081215364,0.5126113058043651,1.7851786191165133,1.8573187806591513,3.7146375613183027
743.29,0.3307651781763326,0.001703521813287711,0.00592080017186742,0.006160995150422724,0.012321990300845447,0.5150245327153377,1.7900312857936367,1.8626492620508757,3.7252985241017513
743.445,0.33185472777057995,0.001816860281960353,0.005922117437592844,0.006194550526778056,0.012389101053556112,0.5474866349399721,1.7845511731527783,1.8666452542030725,3.733290508406145
743.6,0.33262876982126577,0.0017188414993216006,0.005923968109295246,0.00616829103234739,0.01233658206469478,0.5167446881534632,1.7809548201373027,1.854406952129201,3.708813904258402
743.755,0.3334067628608717,0.0016284385321853815,0.005970127029168209,0.006188233091724236,0.012376466183448473,0.4884239654325541,1.7906436503987477,1.8560610584574564,3.712122116914913
743.91,0.33479867869781504,0.001816208234061705,0.006027886712924322,0.006295556414910689,0.012591112829821378,0.5424777185877101,1.80045116556897,1.8804006154973438,3.7608012309946877
744.065,0.3364128108305371,0.0017729824802378072,0.006096549303673755,0.0063491243717031685,0.012698248743406337,0.5270258513225646,1.8122226940830741,1.8873016030597731,3.7746032061195463
744.22,0.3368778096457485,0.0018013242081098139,0.006108492001326307,0.006368551125098229,0.012737102250196457,0.534711446267131,1.8132663613996514,1.8904632311030587,3.7809264622061174
744.375,0.3382769082635183,0.0017002150307600134,0.006158425417149787,0.006388813252038191,0.012777626504076382,0.5026104322307282,1.8205278772242897,1.8886341621229712,3.7772683242459424
744.53,0.3390986713131321,0.0018268244734887314,0.006223215401987446,0.006485807397423327,0.012971614794846653,0.5387294696303297,1.8352225851810475,1.9126608111755685,3.825321622351137
744.684,0.34004415607803784,0.0017515247059296563,0.006224669067583566,0.006466401147192589,0.012932802294385178,0.5150874304476191,1.8305472852046443,1.9016357233642898,3.8032714467285795
744.839,0.3408373774040314,0.0017211041625455753,0.006263359124556293,0.006495526696234439,0.012991053392468878,0.5049634449291529,1.8376385748126607,1.9057553915322463,3.8115107830644925
744.994,0.34185751035285655,0.0017619586590864435,0.006260653606290626,0.006503866687924155,0.01300773337584831,0.5154073278272562,1.831363482355131,1.9025080599256192,3.8050161198512384
745.148,0.34261196706060637,0.0017878180630940075,0.006302924570571719,0.006551576265986827,0.013103152531973654,0.5218200865639206,1.8396685394987276,1.912243848980291,3.824487697960582
745.303,0.3435183169186092,0.0018790445885495063,0.0063008566102301915,0.006575074340905864,0.013150148681811727,0.5469998238826705,1.8342127042160237,1.9140389368127102,3.8280778736254204
745.457,0.3445661879331336,0.0018600826998136193,0.0063370848795883256,0.006604434299866484,0.013208868599732968,0.5398332062037923,1.839148791006185,1.9167389404871435,3.833477880974287
745.612,0.34543441102310524,0.0017358674956960978,0.0063334842684652105,0.006567058621750725,0.01313411724350145,0.5025172479356697,1.8334838876378126,1.9011014572348068,3.8022029144696137
745.766,0.34673660407712104,0.0017009956583910748,0.006366281547966255,0.006589607498010857,0.013179214996021715,0.4905728551268674,1.8360569588292643,1.9004649121340529,3.8009298242681058
745.921,0.3475344452912054,0.001803796792215738,0.006383404538674774,0.006633365388095358,0.013266730776190717,0.5190267660243876,1.836768880082089,1.9086929304337419,3.8173858608674838
746.075,0.34838638503284675,0.0018356374872371573,0.0064270929434920845,0.0066840922112756706,0.013368184422551341,0.5268970218408762,1.8448174841522933,1.9185859432036867,3.8371718864073734
746.23,0.3499856991376,0.001843833304377204,0.006467617340549514,0.006725310053678367,0.013450620107356735,0.5268310416455858,1.847966175899865,1.9215956738375906,3.843191347675181
746.384,0.3510028163496257,0.0017796937861426117,0.006503362428008171,0.006742479725031655,0.01348495945006331,0.507031198396397,1.8527949421153145,1.9209189815490337,3.8418379630980675
746.538,0.3512458772617465,0.0017441745678189325,0.0065386730942190744,0.006767303063709413,0.013534606127418827,0.4965679829230233,1.8615657912324737,1.9266569380019958,3.8533138760039916
746.692,0.3521111588723918,0.0017949700433172128,0.00653252105619278,0.006774640123726737,0.013549280247453475,0.5097736888161859,1.85524397383845,1.9240060853004455,3.848012170600891
746.847,0.3527911415061567,0.0018354960367189077,0.006581189650682056,0.006832357054418001,0.013664714108836002,0.5202783802571402,1.86546340777868,1.9366577701608096,3.8733155403216193
747.001,0.3535226602644388,0.0018088492507848009,0.006649264534509774,0.006890911003775497,0.013781822007550994,0.5116643016410213,1.8808594983801183,1.9492133824239217,3.8984267648478435
747.155,0.3548589085657726,0.0017352092364375927,0.006669558107966159,0.006891585916881213,0.013783171833762426,0.48898567699786916,1.879495750838665,1.9420636626356154,3.8841273252712307
747.309,0.3559178499666355,0.0018311510578117006,0.006710459473588618,0.0069558163103405875,0.013911632620681175,0.5144869969245309,1.8853955973879004,1.954331964803856,3.908663929607712
747.463,0.3563825665851639,0.0017720538919439304,0.006785164784764111,0.007012748116990702,0.014025496233981404,0.49723360739096845,1.9038991861412158,1.9677584636606749,3.9355169273213497
747.617,0.3571078321250646,0.0016967129835143851,0.00682009404863349,0.007027981060064991,0.014055962120129982,0.47512623103717605,1.909813629135132,1.9680277013929186,3.936055402785837
747.771,0.35794628821235636,0.0019741753264675903,0.006858057375725896,0.00713654812835882,0.01427309625671764,0.5515283693335534,1.9159459398157699,1.993748325761369,3.987496651522738
747.925,0.35867162717993384,0.001880847633399952,0.0069029418151060375,0.007154592477758998,0.014309184955517995,0.5243926452137214,1.9245854123953485,1.9947472661866763,3.9894945323733526
748.079,0.35921307398037056,0.0017764765192897572,0.0069147665443516915,0.00713931825782219,0.01427863651564438,0.49454673227924717,1.9249763010378496,1.9874884225990956,3.9749768451981913
748.233,0.3600925683528255,0.0017389567403667762,0.00693067128409437,0.007145500331889807,0.014291000663779614,0.4829193638517176,1.9246915635602806,1.9843509585814365,3.968701917162873
748.387,0.36095905578932813,0.0019378525027864896,0.006930657979615528,0.007196477774089507,0.014392955548179013,0.5368621376041905,1.9200676277424025,1.9937102723057025,3.987420544611405
748.541,0.3616983142613801,0.0018943842885232236,0.0069704870256285635,0.007223322034013144,0.014446644068026288,0.5237470604173877,1.9271549661111675,1.9970571465791331,3.9941142931582663
748.695,0.36255063187295516,0.001815061894496843,0.0070036022615909245,0.007234977147124653,0.014469954294249306,0.5006368035052484,1.9317583934166536,1.9955770342333676,3.9911540684667353
748.849,0.3634533784609028,0.002003095869789601,0.0070433038586137945,0.007322603519809886,0.014645207039619771,0.5511286972408971,1.9378837220992988,2.014729798583393,4.029459597166786
749.002,0.3642301014603002,0.0018983023838102862,0.007069921948478067,0.007320337990690848,0.014640675981381695,0.5211821802205424,1.9410592150766164,2.009811369609916,4.019622739219832
749.156,0.36504131523850636,0.0018774171316570957,0.007083170503269957,0.0073277554179047985,0.014655510835809597,0.5143026428201563,1.9403750226579253,2.0073770041939163,4.014754008387833
749.31,0.3654304515511744,0.0019040148053026602,0.007105308462518145,0.007355996242953342,0.014711992485906685,0.521033427077717,1.9443668233880413,2.0129675049598923,4.025935009919785
749.463,0.36704809644369457,0.0019472723205001602,0.007123947972760516,0.0073852897173221806,0.014770579434644361,0.5305223864030781,1.9408758802413062,2.0120768337658683,4.024153667531737
749.617,0.3673365006321832,0.0019304410208136884,0.007122649169201551,0.007379616095866216,0.014759232191732433,0.525523877287287,1.9389984814859207,2.008952577042019,4.017905154084038
749.77,0.36808218675565013,0.001950362871500025,0.007120657970580442,0.007382932023560599,0.014765864047121198,0.5298715726210259,1.9345293596909274,2.00578356932598,4.01156713865196
749.924,0.3683933745619397,0.0018606904317678772,0.0071624930029608735,0.007400234786838591,0.014800469573677182,0.5050824906882332,1.944251307852066,2.00878606886953,4.01757213773906
750.077,0.3687495921989776,0.0017853231373328355,0.0072059613660226856,0.007423830407094945,0.01484766081418989,0.484155962501912,1.9541611756235766,2.0132443707460537,4.026488741492107
750.231,0.3693594328177651,0.001867671098527679,0.007246967067186253,0.007483764226988829,0.014967528453977658,0.5056513879392792,1.9620365484917148,2.0261467725074116,4.052293545014823
750.384,0.37043920627532356,0.001868449014739839,0.007301150497529268,0.007536438171195605,0.01507287634239121,0.5043874900625777,1.9709443206459076,2.0344601876709176,4.068920375341835
750.538,0.37078421325970984,0.0018522230764279957,0.007302634116151485,0.0075338698793669095,0.015067739758733819,0.49954205443224625,1.9695105279567207,2.031874500031621,4.063749000063242
750.691,0.37208967812603233,0.0018744429686569837,0.007336811892028853,0.00757247285777662,0.01514494571555324,0.503761076656924,1.9717859224097491,2.0351203763335004,4.070240752667001
750.844,0.3728731269630116,0.0018443949219009489,0.0074377214321787845,0.007662995023528701,0.015325990047057403,0.49464409970309015,1.994705677171687,2.0551212917762394,4.110242583552479
750.998,0.3735429285753989,0.0019041295671426042,0.00744283932260547,0.007682549485072578,0.015365098970145156,0.5097485245951482,1.9924990551931028,2.0566711072197075,4.113342214439415
751.151,0.3746334115395663,0.002021436350266344,0.007488208795716403,0.007756253985425092,0.015512507970850183,0.5395771674392831,1.9988096536674087,2.0703583146923688,4.1407166293847375
751.304,0.3747139063571947,0.001916568153749686,0.007618681792212175,0.007856051536169605,0.01571210307233921,0.5114750536967593,2.0331996392334832,2.0965465660302587,4.193093132060517
751.457,0.37497859089698415,0.001883573840971923,0.007647546027014452,0.00787609107677776,0.01575218215355552,0.5023150352307413,2.039462042011732,2.1004108682411458,4.2008217364822915
751.611,0.3755046896045604,0.0019315990658924848,0.0076694926432889585,0.007908994396054417,0.015817988792108835,0.5144007836297941,2.042449230491798,2.1062305252121583,4.2124610504243165
751.764,0.37570406118024546,0.0018086123790426846,0.007686724886756617,0.007896633347339229,0.015793266694678457,0.481392821083985,2.045952035389067,2.1018227278492976,4.203645455698595
751.917,0.3768450093227218,0.0018962684887382647,0.007713118696015284,0.00794279763057087,0.01588559526114174,0.5031958608517333,2.046761534636628,2.1077093855762943,4.215418771152589
752.07,0.3767559755902858,0.0018168193890382303,0.007744653980585716,0.007954904020249863,0.015909808040499726,0.4822270930651365,2.0556154334252326,2.11142079638855,4.2228415927771
752.223,0.37832567211688883,0.001987233761849462,0.007755896202891963,0.008006436406683583,0.016012872813367166,0.5252706618427626,2.050058130999811,2.116281552315563,4.232563104631126
752.376,0.378456369456879,0.0019886774393009024,0.007797038399696918,0.008046654321140724,0.016093308642281447,0.525470727882013,2.060221211466572,2.1261775386918287,4.252355077383657
752.529,0.37900468584120145,0.0019240388324273101,0.007820725200307412,0.008053922528023947,0.016107845056047895,0.507655684561499,2.063490371616198,2.1250192488117277,4.250038497623455
752.682,0.37938416489541427,0.0018646484065679325,0.0078426138402863,0.008061234739664053,0.016122469479328105,0.49149347260763104,2.0671958837418245,2.124821087850705,4.24964217570141
752.834,0.37986761650000345,0.001953922400222096,0.007885666802607844,0.008124134025718748,0.016248268051437496,0.5143693000801184,2.075898671032879,2.138675073324834,4.277350146649668
752.987,0.3805983737156296,0.0019335191378186233,0.007881970768749979,0.008115661368966796,0.016231322737933592,0.5080208617137404,2.0709417887946953,2.1323426292490013,4.264685258498003
753.14,0.381871478958214,0.0019626118887120635,0.007909652899533706,0.008149506390991781,0.016299012781983563,0.5139456589076193,2.0712866331657134,2.1340966372310657,4.268193274462131
753.293,0.38160000231264934,0.001932334735692906,0.007952798455444702,0.008184187241485192,0.016368374482970384,0.5063770241043452,2.084066668565919,2.1447031425277063,4.289406285055413
753.446,0.382232943481607,0.0018721297946563185,0.007974572822381223,0.008191378496169075,0.01638275699233815,0.4897876613155938,2.086312275897527,2.143033099543196,4.286066199086392
753.598,0.38249703832066717,0.001807567688395025,0.008056481198886141,0.008256766331690368,0.016513532663380737,0.4725703750102365,2.1062859033517465,2.15864843501567,4.31729687003134
753.751,0.38274130259327116,0.0019387668582570522,0.008089679719483258,0.008318758013940221,0.016637516027880443,0.506547593667289,2.113615558256053,2.1734675504253955,4.346935100850791
753.904,0.3829994426761357,0.001870290696764965,0.00810109973880645,0.008314192941500428,0.016628385883000855,0.48832726327136794,2.1151727224983823,2.1708107153907554,4.341621430781511
754.056,0.38377082840456306,0.0018588989172702761,0.00815165645241547,0.008360921486465195,0.01672184297293039,0.4843773365990873,2.1240948631515493,2.178623508520374,4.357247017040748
754.209,0.3839507756523353,0.001986598843028071,0.008181713659542227,0.008419442580709268,0.016838885161418536,0.5174097746391642,2.13092775907053,2.1928442692698225,4.385688538539645
754.361,0.3850913357942117,0.0018698849147495017,0.008249858310668674,0.008459115304836359,0.016918230609672718,0.4855691990299014,2.142312107244423,2.1966516819679405,4.393303363935881
754.514,0.3857301005032987,0.0018490489097957455,0.008283403335835784,0.008487270037824426,0.01697454007564885,0.4793633961630466,2.1474609642928155,2.2003131274303662,4.4006262548607324
754.666,0.3861879561794257,0.0018739368938849592,0.00829221384992168,0.008501320486553611,0.017002640973107223,0.48523960001857613,2.1471963890217896,2.201342727167762,4.402685454335524
754.818,0.3861225416330941,0.001867204990892179,0.008283986314513377,0.008491812747408976,0.016983625494817953,0.4835783435473333,2.1454293446522175,2.1992533022011873,4.398506604402375
754.971,0.3861990739487208,0.0018180453185003829,0.008306263505326303,0.008502899634832623,0.017005799269665247,0.4707534122005123,2.1507725071420554,2.2016882505424213,4.403376501084843
755.123,0.3869694165735573,0.001976197895884314,0.008348175091795062,0.008578891856584106,0.01715778371316821,0.5106858090705644,2.1573216730444624,2.2169431198326706,4.433886239665341
755.275,0.3872351888661875,0.0019502998394861153,0.008303905144794059,0.008529859911958508,0.017059719823917015,0.5036473687209398,2.144408716859548,2.2027595004817795,4.405519000963559
755.428,0.3878716759140279,0.0020293352183416128,0.008375148669977924,0.008617500604736539,0.017235001209473078,0.5231975790857739,2.15925760762028,2.221740111450318,4.443480222900636
755.58,0.38916773133742455,0.002025953905167761,0.008424710477964972,0.008664885219285786,0.017329770438571573,0.5205863030332223,2.1648019091953947,2.2265168773134922,4.4530337546269845
755.732,0.38901821683078863,0.0019505263199898727,0.008450167081899633,0.008672362805890526,0.01734472561178105,0.5013971674334967,2.172177732636928,2.2292947812422743,4.458589562484549
755.884,0.38932451926327455,0.0018876916748026998,0.008481231123088207,0.008688766380928853,0.017377532761857706,0.4848632904947294,2.178447722516266,2.231754218144481,4.463508436288962
756.036,0.38965977776022503,0.001796464383135192,0.008507686565246746,0.008695286940196586,0.01739057388039317,0.46103408297908444,2.183362782309521,2.2315074422557366,4.463014884511473
756.189,0.3893864554558492,0.0018627017240983132,0.008490833813482042,0.008692750805189853,0.017385501610379706,0.4783683916066558,2.1805673244442834,2.2324224901488607,4.4648449802977215
756.341,0.39074988751394346,0.001942785631810246,0.00854609658261894,0.008764141875313262,0.017528283750626525,0.49719416278550305,2.1871014824832122,2.242903236920452,4.485806473840904
756.493,0.3909752818838958,0.001973737456984056,0.008528934328067618,0.008754333802271428,0.017508667604542855,0.5048241022996892,2.1814510336743935,2.239101602558885,4.47820320511777
756.645,0.3910976568299435,0.0019084749403042952,0.008574549184414129,0.008784370797826471,0.017568741595652942,0.48797912924702985,2.1924317455429043,2.2460811627020507,4.492162325404101
756.797,0.39269437077494695,0.0019438664416625555,0.008602433426218959,0.008819324100833982,0.017638648201667963,0.49500746288430625,2.190617963084837,2.2458493824166212,4.4916987648332425
756.948,0.3926198015020771,0.0019791231305423293,0.008623021850917848,0.008847227487029726,0.017694454974059453,0.5040813333842662,2.1962778794976874,2.253382904576432,4.506765809152864
757.1,0.3921077353758338,0.0020046490992550107,0.008615131030195762,0.00884528691895214,0.01769057383790428,0.5112495669930005,2.197133658161115,2.2558307630615766,4.511661526123153
757.252,0.39268869106423826,0.0019411430914873418,0.008697358782048985,0.00891134593006655,0.0178226918601331,0.49432110872013846,2.2148228303896387,2.269315652028487,4.538631304056974
757.404,0.393261395371612,0.0020657128063759026,0.008750425231690074,0.008990946064448595,0.01798189212889719,0.525277291564281,2.225091334841389,2.2862518849460445,4.572503769892089
757.556,0.3930708324144025,0.0019650193122462763,0.008792102249119083,0.009009015643035906,0.018018031286071812,0.4999148118359026,2.2367729996943244,2.291957301359359,4.583914602718718
757.707,0.39336464718065955,0.001896889066094751,0.008808182416756525,0.009010120177662928,0.018020240355325855,0.48222154168917253,2.2391901458066754,2.2905261675752153,4.581052335150431
757.859,0.3945172868849978,0.0018952461904597846,0.008870407206408535,0.009070616414001685,0.01814123282800337,0.48039623445252244,2.248420411801693,2.299168304035757,4.598336608071514
758.011,0.3941062571441641,0.0018648456944136273,0.00885490542616605,0.009049143582147319,0.018098287164294638,0.47318347796022603,2.2468319813879347,2.2961177139689872,4.5922354279379745
758.162,0.39461809115119284,0.0019097889473194836,0.008863679279472778,0.00906708906941245,0.0181341781388249,0.48395879209394194,2.246141137020698,2.297687124014421,4.595374248028842
758.314,0.3952272648302461,0.0019512222037083972,0.008868647034280664,0.009080758135029248,0.018161516270058495,0.4936962546211142,2.243936039708655,2.2976041743804085,4.595208348760817
758.466,0.39547886497490364,0.0019107281967735042,0.00887373754209518,0.009077119598635613,0.018154239197271226,0.4831429353107796,2.2437956432029034,2.2952224259093166,4.590444851818633
758.617,0.39619723626946696,0.002055559774051591,0.008831361891316244,0.009067429560801223,0.018134859121602447,0.5188223404601279,2.2290316748473584,2.2886150459247934,4.577230091849587
758.769,0.3967398735173944,0.001946763706989417,0.008919665994572848,0.00912964021117976,0.01825928042235952,0.4906902070946152,2.2482403685551864,2.3011652774496048,4.6023305548992095
758.92,0.39694744784462965,0.0020529720250179765,0.008924904585275702,0.00915798099974998,0.01831596199949996,0.5171898789538348,2.248384423111098,2.3071016199944263,4.614203239988853
759.071,0.39697852413699386,0.0019246304594837857,0.008877969781796521,0.00908419230598213,0.01816838461196426,0.4848197931280566,2.23638540676644,2.288333437112395,4.57666687422479
759.223,0.39757690473119156,0.001922775780023382,0.008895923750889807,0.009101347487152104,0.01820269497430421,0.48362361021030714,2.2375353409686842,2.289204271889404,4.578408543778808
759.374,0.4023745847359153,0.002031896635541977,0.008991060996271207,0.009217797013180328,0.018435594026360656,0.5049763858409553,2.2345002237584612,2.2908497114026503,4.5816994228053005
759.525,0.40825126792298116,0.0020102485660455304,0.009120612230075969,0.009339521762312,0.018679043524624,0.49240473306375,2.2340683169161943,2.287689591223499,4.575379182446998
759.677,0.4127839596445877,0.0022395483323825434,0.009268535718242377,0.009535267751532317,0.019070535503064635,0.5425473253153594,2.24537206489872,2.3099898939247314,4.619979787849463
759.828,0.41685272432604237,0.002343678615490501,0.009347099202195352,0.009636446074585197,0.019272892149170395,0.562231809634855,2.242302534380103,2.3117147885179774,4.623429577035955
759.979,0.42464700800183175,0.0019303573723520836,0.009535112665837802,0.00972854835703737,0.01945709671407474,0.4545792943262082,2.2454208992794014,2.2909730137543804,4.581946027508761
760.13,0.4335974816215733,0.0019583499828158047,0.009683760503932748,0.009879795147305559,0.019759590294611117,0.45165160450008673,2.2333525710798177,2.2785637754068535,4.557127550813707
760.281,0.44147969298677,0.0022107819379018536,0.009914995229457428,0.010158478585748785,0.02031695717149757,0.5007663937938149,2.2458553330910638,2.301006987891787,4.602013975783574
760.433,0.4491361859157367,0.0028724036791614675,0.010054420478501747,0.010456676051909404,0.020913352103818807,0.6395395804737863,2.238612873732707,2.3281749232895703,4.656349846579141
760.584,0.4516040431706623,0.002415662785004008,0.010125209772598284,0.010409385170603167,0.020818770341206334,0.5349072537180812,2.2420547215455158,2.304980508482612,4.609961016965224
760.735,0.4492042397201499,0.0022220080833327913,0.010085207138458348,0.010327086856805626,0.02065417371361125,0.4946542990593949,2.2451273266568763,2.2989735945589707,4.597947189117941
760.886,0.443002946500797,0.0018641547545959897,0.01001333117818017,0.010185375507707014,0.020370751015414027,0.420799628833312,2.260330604406523,2.299166537866061,4.598333075732122
761.037,0.43448933690272495,0.0023669017055476843,0.009791785649471104,0.010073792229786795,0.02014758445957359,0.544754843103916,2.2536308299928023,2.318536123716691,4.637072247433382
761.187,0.42868684628687276,0.0022233834060813155,0.009648438266705283,0.00990130267979222,0.01980260535958444,0.5186497848813049,2.2506961317512992,2.3096819427872934,4.619363885574587
761.338,0.41908356351373427,0.002104807034838888,0.009424483324099365,0.00965666084006963,0.01931332168013926,0.5022404164915213,2.2488315325662978,2.3042327785668837,4.608465557133767
761.489,0.41546696471050737,0.002126549501856524,0.009360935781880726,0.009599444332686197,0.019198888665372393,0.5118456297333482,2.2531119383711573,2.310519282652227,4.621038565304454
761.64,0.4099126483087224,0.002212146326591604,0.009264178178517067,0.00952463063292034,0.01904926126584068,0.5396628612751524,2.2600371607806125,2.3235756867270267,4.6471513734540535
761.791,0.406526461049853,0.0019824731579284674,0.009235756437044683,0.009446131313205378,0.018892262626410757,0.4876615295370289,2.2718709166417796,2.323620285088154,4.647240570176308
761.941,0.40618869569583715,0.0019710452967741177,0.009252919755296865,0.009460525543536066,0.018921051087072132,0.4852536069221579,2.277985540549275,2.329096216557516,4.658192433115032
762.092,0.40963444427298473,0.00225332529860953,0.009319020668164228,0.009587576394221106,0.01917515278844221,0.550081988981349,2.27496022330435,2.3405200730219464,4.681040146043893
762.243,0.4107281446507417,0.0021754855631633584,0.009362917270533637,0.009612333600660624,0.01922466720132125,0.5296655686970902,2.2795898923594082,2.3403152975636403,4.680630595127281
762.393,0.4143828686416749,0.0020540112238468674,0.009454287198688346,0.00967483894144865,0.0193496778828973,0.49567957058162354,2.2815342800437186,2.3347584259847083,4.669516851969417
762.544,0.41226232717359673,0.002018849479448971,0.009398641943245497,0.009613023644931124,0.01922604728986225,0.4897002094006197,2.2797722041887876,2.3317734877296323,4.663546975459265
762.695,0.4174113004586512,0.0021858838659596174,0.00955539497152505,0.009802227366130045,0.01960445473226009,0.5236762549451273,2.2892037089138673,2.3483378038302667,4.696675607660533
762.845,0.4151087867330912,0.002215732716772961,0.009499394819111483,0.009754382266527193,0.019508764533054387,0.5337715768945273,2.288410923283937,2.3498375795160213,4.699675159032043
762.996,0.414149562911115,0.0021788128483212336,0.009485150764917018,0.009732179121924112,0.019464358243848224,0.5260932386372823,2.290271827946545,2.3499189649061245,4.699837929812249
763.146,0.42055855602692305,0.0023195387269309446,0.009659393378010101,0.009933989145196295,0.01986797829039259,0.5515376381457934,2.2968010612514402,2.362094172817244,4.724188345634488
763.296,0.4136177566123652,0.002154907107477836,0.009484477438470942,0.009726198482589321,0.019452396965178642,0.5209899896772019,2.2930537402821454,2.3514944238007005,4.702988847601401
763.447,0.4155006335641621,0.0021998082944610577,0.009483099333816344,0.009734902644988682,0.019469805289977365,0.5294356053301567,2.2823308962179842,2.3429332854399623,4.6858665708799245
763.597,0.4188022913313693,0.0017947129238857814,0.009561324704127008,0.00972830532913683,0.01945661065827366,0.4285346477404416,2.2830163306250375,2.322887321893732,4.645774643787464
763.747,0.4122903530313121,0.001928668076226405,0.009460553994749666,0.009655145904429861,0.019310291808859723,0.46779364640625704,2.2946338484983104,2.341831632353664,4.683663264707328
763.898,0.4153689259093704,0.0021270258154506083,0.009560980088871683,0.009794722001128674,0.019589444002257348,0.512081112180911,2.3018043701607565,2.358077696757169,4.716155393514338
764.048,0.4175585878304717,0.002167422338312759,0.009595408606152352,0.009837153343912037,0.019674306687824075,0.5190702338500891,2.297978986854912,2.3558737936689047,4.711747587337809
764.198,0.4111515066561756,0.00214924603923251,0.009503702920419492,0.009743696820855347,0.019487393641710694,0.5227382131496874,2.311484396034803,2.3698555552183564,4.739711110436713
764.348,0.41474823422507023,0.0023041058010946,0.009571477392885499,0.009844901372038015,0.01968980274407603,0.5555432455064384,2.3077801429990834,2.373705433715122,4.747410867430244
764.498,0.41609244156585984,0.0020037507826277533,0.00963857438272072,0.009844649985150384,0.019689299970300767,0.4815638503518926,2.3164502451542632,2.365976644060754,4.731953288121508
764.648,0.4115678198157534,0.002087103088222298,0.009528442499730507,0.00975434343108431,0.01950868686216862,0.5071103686280991,2.3151573181781084,2.3700452176875824,4.740090435375165
764.798,0.4133511636421673,0.0020888324506798447,0.009625835836749466,0.009849869875438125,0.01969973975087625,0.505340890364136,2.328730794400866,2.3829302399073513,4.765860479814703
764.948,0.4157749040211001,0.002137994206662254,0.009625747282710243,0.009860326058418403,0.019720652116836806,0.514219157045071,2.3151342684746905,2.371553925707359,4.743107851414718
765.098,0.41111727510704066,0.002130378372608412,0.009512928729142415,0.009748555021962013,0.019497110043924026,0.5181923751692836,2.313920943036407,2.371234587362895,4.74246917472579
765.248,0.41101987396965667,0.0021373993591624145,0.009475809006122774,0.009713878336744051,0.019427756673488103,0.5200233600675491,2.305438156701474,2.3633597672362607,4.7267195344725215
765.398,0.41535236118020935,0.0021254115872020316,0.009585588797418623,0.009818395337742827,0.019636790675485655,0.5117128938818954,2.3078209475399407,2.3638713187627483,4.7277426375254965
765.548,0.4133520026884528,0.001959657356627385,0.009569918699806368,0.009768500441535918,0.019537000883071837,0.4740892372316378,2.3151983388403474,2.3632401386714768,4.7264802773429535
765.698,0.4107035603366085,0.0021479696162985938,0.009527398744753307,0.009766529594183844,0.019533059188367688,0.5229975641161084,2.319775055503475,2.3779997393203254,4.755999478640651
765.848,0.41297995426784245,0.0019974169302229916,0.009596387190234125,0.009802057003406531,0.019604114006813063,0.48365953591237654,2.3236932182936627,2.3734946217387844,4.746989243477569
765.998,0.41414416238049473,0.0021564552143550244,0.009670403160173372,0.009907925936936051,0.019815851873872102,0.5207015841922654,2.335033072683684,2.3923857528222623,4.784771505644525
766.147,0.41155663252827307,0.001980241905105614,0.00967241910938729,0.00987304661340038,0.01974609322680076,0.4811590310039714,2.3502036767012413,2.3989521327231005,4.797904265446201
766.297,0.410524210546054,0.002035374225286187,0.009696443437634391,0.009907762793698807,0.019815525587397614,0.4957988281808903,2.361966283239856,2.413441774973542,4.826883549947084
766.447,0.4127706343506778,0.0020336675386498056,0.009729441558317745,0.009939710091067968,0.019879420182135937,0.49268706865470996,2.3571060411366127,2.4080468095081304,4.816093619016261
766.596,0.41305654887817483,0.0020229108590640115,0.009734094233859887,0.009942070151501819,0.019884140303003638,0.4897418681674601,2.35660087227689,2.406951343224942,4.813902686449884
766.746,0.41001131192655943,0.001961518469118352,0.00963412736087501,0.009831783394189117,0.019663566788378235,0.47840593955849103,2.349722332197669,2.397929790763961,4.795859581527922
766.895,0.4107981526138901,0.002016392458260268,0.00968803197068131,0.009895645608583204,0.01979129121716641,0.49084749905277175,2.3583436072038784,2.40888269472919,4.81776538945838
767.045,0.4117656393910546,0.0020815797467299228,0.009735182920037283,0.009955237853943111,0.019910475707886222,0.5055253638473323,2.364253349170731,2.41769514053323,4.83539028106646
767.194,0.4115600887651027,0.0021485083155873648,0.009806106973829939,0.010038716151199027,0.020077432302398054,0.522040006851496,2.3826671345254664,2.439186020520228,4.878372041040456
767.344,0.41059864852845795,0.002058399845828392,0.009813499800768176,0.010027052820494334,0.020054105640988668,0.5013167610769005,2.3900467855748477,2.442056946955434,4.884113893910868
767.493,0.4108362361538869,0.0020997499025346327,0.009829711730633014,0.010051476625876344,0.020102953251752688,0.5110916997467889,2.3926106963337817,2.4465895997818854,4.893179199563771
767.643,0.41191901243333345,0.0021367592088667223,0.009922530037226056,0.01014999222937289,0.02029998445874578,0.5187328441686201,2.4088545897919573,2.4640747144478077,4.928149428895615
767.792,0.4115426205156883,0.002140078374082462,0.009931452276882104,0.010159413357827418,0.020318826715654836,0.520013788948715,2.413225698091095,2.4686175504974543,4.937235100994909
767.941,0.41095686140226706,0.001997186655067846,0.009927845473487833,0.010126740358112968,0.020253480716225937,0.4859845016951525,2.4157877397671466,2.464185735592418,4.928371471184836
768.09,0.4109133351307869,0.002032054282595884,0.00994052102439503,0.010146092984191299,0.020292185968382597,0.49452137686140424,2.4191283598112303,2.469156417365225,4.93831283473045
768.24,0.41159134404806197,0.00213854091182495,0.009917252486173415,0.010145208430883117,0.020290416861766233,0.5195786895788631,2.4094900511356157,2.464874098445192,4.929748196890384
768.389,0.41162864991508374,0.0020992543960666504,0.009917892340209736,0.010137625831100502,0.020275251662201003,0.509987435641254,2.4094271237572342,2.4628086099429245,4.925617219885849
768.538,0.41144755123353677,0.0020278109695839467,0.00988290749385456,0.01008879962435827,0.02017759924871654,0.49284798597159846,2.4019847643339216,2.452025682036904,4.904051364073808
768.687,0.4108962135719631,0.0020405713777525833,0.00987916510109491,0.010087707105303698,0.020175414210607395,0.4966147923373852,2.4042969428251264,2.455049906060273,4.910099812120546
768.836,0.41209711815837036,0.001982033878629394,0.009921137531444723,0.010117184796862997,0.020234369593725994,0.4809628098072968,2.4074755911377173,2.4550486647603607,4.910097329520721
768.985,0.41242071579775097,0.0020478352607759243,0.009868654136345904,0.010078887027747375,0.02015777405549475,0.49654034880735043,2.392860920493975,2.443836267596706,4.887672535193412
769.134,0.4127929022584135,0.002102878957465352,0.009847705417770499,0.010069727002502948,0.020139454005005896,0.5094271112609693,2.385628571589565,2.4394137950073507,4.878827590014701
769.283,0.41267096633648614,0.0018796950470686684,0.00985723747305266,0.010034858447936775,0.02006971689587355,0.45549486162202923,2.388643320503242,2.431685111511938,4.863370223023876
769.432,0.412593527336889,0.0019075912317747887,0.009807754583706875,0.009991544139009108,0.019983088278018216,0.46234153116445065,2.3770985083095333,2.421643452213165,4.84328690442633
769.581,0.4129402872839751,0.0020953349641526487,0.009805980763524345,0.010027346974479844,0.020054693948959687,0.5074183916358121,2.374672819651735,2.428280137167661,4.856560274335322
769.73,0.4130353650765456,0.002123044149405613,0.009806550441394097,0.010033730513619159,0.020067461027238317,0.5140102589065614,2.3742641116401018,2.4292666831954355,4.858533366390871
769.879,0.41385803687949146,0.002002288758953344,0.009828737639775174,0.010030615328371644,0.020061230656743288,0.4838105293425477,2.3749055869216185,2.42368504040732,4.84737008081464
770.027,0.4130428159004038,0.0020899327459978447,0.009785027108495999,0.010005727079867592,0.020011454159735185,0.5059845288537318,2.369010362077195,2.422443072410259,4.844886144820518
770.176,0.41264153504203743,0.0020013111254671132,0.009812560783144474,0.010014569154178492,0.020029138308356984,0.48499992257522784,2.3779866905896494,2.4269416197180123,4.8538832394360245
770.325,0.4125686333111535,0.0020257091963685678,0.009800370230934729,0.010007534881859959,0.020015069763719917,0.49099932297587107,2.3754520920022113,2.4256654708678287,4.851330941735657
770.473,0.41304970967376453,0.0020386046946136204,0.009811883513093363,0.010021425406368798,0.020042850812737597,0.49354948009133187,2.375472802254963,2.4262032321203986,4.852406464240797
770.622,0.41245668924224654,0.0019999625239194327,0.009854606966159514,0.010055502401897272,0.020111004803794543,0.48489031117272113,2.3892464889499334,2.437953526798401,4.875907053596802
770.771,0.4127150706167803,0.001969637874894644,0.009870435194470012,0.010065036725539144,0.020130073451078288,0.47723914514464594,2.391585841466652,2.438737386182068,4.877474772364136
770.919,0.4138050629220061,0.0020623396930989557,0.00999259378409019,0.010203194379387732,0.020406388758775464,0.4983843548302997,2.4148070382535636,2.4657007111850704,4.931401422370141
771.068,0.41463679032187045,0.0021343138775751416,0.010041243158409189,0.010265566710820654,0.02053113342164131,0.5147430057806341,2.4216961429337864,2.4757973605892025,4.951594721178405
771.216,0.41412309289884397,0.002247630087000029,0.01007213469446246,0.010319871041412394,0.020639742082824788,0.5427444461661662,2.432159632528084,2.4919815432589707,4.983963086517941
771.365,0.4148983930929652,0.0019944058102641022,0.01010983454993033,0.010304678993689236,0.020609357987378472,0.48069740530839333,2.4367013028332085,2.483663269185112,4.967326538370224
771.513,0.41447757594261,0.0020645698372062198,0.010102872977430864,0.010311667712392817,0.020623335424785633,0.49811375983633127,2.4374956725836823,2.4878710721422976,4.975742144284595
771.661,0.4145250550983386,0.0021258054052856272,0.010084432579143415,0.010306057881868834,0.020612115763737667,0.5128291713950363,2.4327679244264417,2.4862327994682754,4.972465598936551
771.81,0.4141921266653482,0.0020231408885329227,0.010058185705509468,0.010259639308541445,0.02051927861708289,0.48845469488306936,2.4283865042263604,2.477024223309501,4.954048446619002
771.958,0.4151081115045001,0.0019884770330675563,0.010096471770785617,0.010290421912113615,0.02058084382422723,0.47902630133162305,2.4322511391532187,2.4789739412264074,4.957947882452815
772.106,0.41456836597894886,0.002000702198984115,0.010081280073118065,0.010277889725117081,0.020555779450234162,0.48259885779266315,2.4317533368259885,2.479178482624257,4.958356965248514
772.255,0.41511682341330547,0.0020757114474935457,0.01012486924366586,0.010335451379334462,0.020670902758668924,0.5000306733959784,2.4390409332038008,2.4897693363403173,4.9795386726806345
772.403,0.41516439239387287,0.0020059531465980275,0.010093705105582917,0.01029109959065683,0.02058219918131366,0.4831708073593529,2.4312550137986935,2.4788011157020193,4.957602231404039
772.551,0.41556970770046053,0.0020948225912909867,0.010144428005633976,0.01035846037065712,0.02071692074131424,0.5040845260071071,2.441089381073464,2.492592741654649,4.985185483309298
772.699,0.4159510349137602,0.0020020067142767573,0.010150153000561652,0.010345706202034732,0.020691412404069465,0.4813082661741271,2.4402278510176325,2.4872413658448345,4.974482731689669
772.847,0.41540572849291457,0.0020990767588948884,0.010220327569861952,0.01043365798150452,0.02086731596300904,0.5053076101069442,2.4603241767852215,2.511678887856859,5.023357775713718
772.995,0.41467733169773624,0.002027270280013831,0.010172843043356816,0.010372876186140492,0.020745752372280983,0.48887897289054977,2.4531948736401956,2.501433136861558,5.002866273723116
773.143,0.41514987151853705,0.002033832158967857,0.010151155561516828,0.01035289488428072,0.02070578976856144,0.4899031165608932,2.445178538628926,2.4937728744590126,4.987545748918025
773.291,0.415233525003109,0.0020970010357659213,0.01015720788809001,0.010371416751142596,0.02074283350228519,0.5050172757005158,2.446143501542646,2.4977310661669097,4.995462132333819
773.439,0.4155511466463916,0.0021229571244981236,0.010197838758927765,0.010416470722156653,0.020832941444313306,0.5108774555505268,2.454051406481979,2.506663934444736,5.013327868889472
773.587,0.41534061515794685,0.002046010720168645,0.010190985925061116,0.010394342403049785,0.02078868480609957,0.492610316809634,2.453645406478165,2.502606781929332,5.005213563858664
773.735,0.41561223878838727,0.0018914754901065139,0.010142224566832782,0.010317092550410707,0.020634185100821413,0.4551058206612572,2.440309408693036,2.4823842003516523,4.964768400703305
773.883,0.4152712498527215,0.0019366414510892608,0.010138189706465997,0.01032150525041625,0.0206430105008325,0.46635577391309957,2.4413415833775076,2.4854851507482967,4.970970301496593
774.031,0.41536817952457644,0.0019004196278322918,0.010134785500047852,0.010311424338753131,0.020622848677506262,0.4575265322460379,2.4399523121024727,2.482478159630672,4.964956319261344
774.178,0.41638291286222767,0.0020568851207099638,0.010207033052960026,0.010412218790633268,0.020824437581266536,0.4939888398807911,2.451357329434246,2.5006354653363148,5.0012709306726295
774.326,0.41677358455489566,0.002034324424880031,0.010232209042856903,0.010432477067426798,0.020864954134853595,0.4881126108442409,2.4551001843806057,2.5031521799944296,5.006304359988859
774.474,0.4159222115234711,0.0019582694630638597,0.010147361959968456,0.010334591140271746,0.020669182280543492,0.47082589215203563,2.439725909996472,2.4847413419969637,4.9694826839939275
774.621,0.41606178337887,0.0022054853687800153,0.010187377348931808,0.010423378673032635,0.02084675734606527,0.530086024933388,2.4485251363870355,2.505247799589659,5.010495599179318
774.769,0.4170306320713999,0.0021465571097882686,0.010144769678376787,0.010369380851955223,0.020738761703910445,0.5147240861243872,2.4326197881406224,2.4864794224947673,4.9729588449895346
774.916,0.4168454911407169,0.002208253144218431,0.010111531511559108,0.010349852726401636,0.020699705452803273,0.5297533957187457,2.425726492540062,2.482899046857575,4.96579809371515
775.064,0.4169272991357381,0.0021420435069991898,0.010156493411722218,0.010379918535722437,0.020759837071444874,0.5137690699168656,2.4360346354810387,2.4896231446679797,4.9792462893359595
775.212,0.41672769417819905,0.0020195425392118944,0.0101032057089116,0.010303073214544793,0.020606146429089586,0.4846192291574237,2.4244142758103613,2.4723754524792976,4.944750904958595
775.359,0.4175103865246325,0.0018425771149993395,0.01013435831008112,0.01030050041414637,0.02060100082829274,0.44132485669087185,2.4273308250939065,2.4671243510581875,4.934248702116375
775.506,0.41721912162649305,0.0019886678759022188,0.010079884240394101,0.01027418445524465,0.0205483689104893,0.47664830608663555,2.4159689040853487,2.4625392084599627,4.925078416919925
775.654,0.4171702874143714,0.001972142313858376,0.010081697972922504,0.010272778559053066,0.02054555711810613,0.4727427559814357,2.416686489205413,2.4624904670761487,4.924980934152297
775.801,0.41666770578250273,0.002008496789915631,0.01012756221887784,0.01032480391350573,0.02064960782701146,0.48203802743571644,2.4306088708886757,2.47794675954445,4.9558935190889
775.948,0.4173221160764917,0.0020358544407270314,0.010160378637157179,0.010362335516389534,0.020724671032779068,0.48783765880116353,2.4346609599034204,2.4830544841026834,4.966108968205367
776.096,0.4173151477377031,0.002012638529051199,0.01014973543849436,0.01034735924379016,0.02069471848758032,0.4822826441747596,2.432151215578165,2.479507226105732,4.959014452211464
776.243,0.41743416557863244,0.002109693849150992,0.010144587611809515,0.010361634328175483,0.020723268656350966,0.5053955864457355,2.43022455954161,2.48221999601124,4.96443999202248
776.39,0.4175780346518493,0.002027105242706188,0.010246903050833658,0.01044548600105285,0.0208909720021057,0.48544345595099675,2.4538893812690343,2.5014452711243895,5.002890542248779
776.537,0.41760636168173676,0.0020051074751899676,0.010262345001101004,0.010456394259432141,0.020912788518864283,0.4801429430134223,2.4574206580028277,2.5038876844029248,5.0077753688058495
776.684,0.41738146778521756,0.0018723058568568993,0.010289280615812755,0.010458241956111015,0.02091648391222203,0.44858384987528455,2.4651982442851454,2.505679519410952,5.011359038821904
776.832,0.4170016992769657,0.0020554512651479,0.010275191408879246,0.010478761300483181,0.020957522600966363,0.49291196383895386,2.464064637313296,2.5128821581907657,5.025764316381531
776.979,0.417158228297537,0.0021187465069854236,0.010294479159883173,0.010510251563789132,0.021020503127578263,0.507899967748984,2.4677636593423884,2.5194880145796192,5.0389760291592385
777.126,0.4184975666324107,0.0019053356939882575,0.010366763913303144,0.010540403129906846,0.021080806259813692,0.4552799934585565,2.477138396938121,2.518629490423073,5.037258980846146
777.273,0.4182412419328303,0.002078806564418196,0.01035243383273401,0.010559087223496355,0.02111817444699271,0.4970352887274692,2.4752302725795308,2.524640366573928,5.049280733147856
777.42,0.41807952891263017,0.002124769229972007,0.010371799993497044,0.010587203567786025,0.02117440713557205,0.5082213031329834,2.480819862305321,2.532342015243355,5.06468403048671
777.566,0.41816119979103905,0.001889780218916622,0.010447215265340978,0.010616759207789452,0.021233518415578904,0.45192624754782873,2.4983703104356874,2.538915426178898,5.077830852357796
777.713,0.4178186101031602,0.00197032365165162,0.010422663890927527,0.010607266277203674,0.021214532554407348,0.47157393280427207,2.494542760638199,2.538725183778846,5.077450367557692
777.86,0.4179817237956806,0.001982743595448259,0.010395346033243772,0.010582744980210385,0.02116548996042077,0.4743613135624732,2.487033628849587,2.5318678730995146,5.063735746199029
778.007,0.418750747563373,0.002132620450575143,0.01039792884083405,0.010614376767632655,0.02122875353526531,0.5092815864770238,2.483083051513943,2.534772016383396,5.069544032766792
778.154,0.4186283925176428,0.0021740774400335824,0.010346334506790256,0.010572286906893028,0.021144573813786056,0.519333489770873,2.4714841830405034,2.5254586396567613,5.050917279313523
778.3,0.4184422773726419,0.002037274648526305,0.010308683708629444,0.010508065844773247,0.021016131689546493,0.48687113102389007,2.463585604532281,2.5112342640787553,5.0224685281575105
778.447,0.41856781418760014,0.0019432268904889772,0.01023214623429807,0.01041503467627351,0.02083006935254702,0.4642561670109761,2.444561164875441,2.4882550266049694,4.976510053209939
778.594,0.4185905999295967,0.00209882442138031,0.01021922512857315,0.010432527315096918,0.020865054630193836,0.5014026644968411,2.4413412843699636,2.492298517179215,4.98459703435843
778.74,0.41880868228581336,0.0020240937018120428,0.01020811829993499,0.010406855170472145,0.02081371034094429,0.4832979323076002,2.4374180220477197,2.484870923322944,4.969741846645888
778.887,0.4194916286180688,0.002117387188216873,0.010164551332180867,0.010382746856654303,0.020765493713308606,0.504750761103906,2.423064165944371,2.475078439791083,4.950156879582166
779.033,0.4191442577558634,0.002044564166045362,0.010162981709677034,0.010366602136684262,0.020733204273368524,0.4877948649451015,2.4246978269702573,2.4732778619437603,4.946555723887521
779.18,0.4188267436606519,0.0021011088718932195,0.01015141607439141,0.010366576426523885,0.02073315285304777,0.501665403104156,2.423774562642648,2.4751467243751866,4.950293448750373
779.326,0.4189061391798976,0.001984002133981575,0.010144497356521487,0.010336686658891953,0.020673373317783905,0.47361495772434903,2.4216635679729133,2.4675424139470303,4.935084827894061
779.473,0.41900172992177237,0.002018042535501295,0.010193248249201814,0.010391092605926883,0.020782185211853765,0.48163107485930035,2.432746101335881,2.4799641299492725,4.959928259898545
779.619,0.41917256430487515,0.0021607777660925475,0.010175687565374023,0.01040257554563039,0.02080515109126078,0.5154864488032087,2.4275652635445337,2.481692847164569,4.963385694329138
779.766,0.4198971036884002,0.0020705062813455464,0.010161679791272415,0.010370474070236401,0.020740948140472802,0.49309849083456414,2.4200404580102215,2.4697655637873095,4.939531127574619
779.912,0.4200481291582077,0.002099269888956418,0.010169778255520161,0.010384186238368887,0.020768372476737774,0.4997688939035234,2.4210983336363814,2.472142004103003,4.944284008206006
780.058,0.41976833949171566,0.002035890699617498,0.010182062531603444,0.01038360478534655,0.0207672095706931,0.48500339546395854,2.4256385186011373,2.4736512520024094,4.947302504004819
780.204,0.4199231487535992,0.001963730239056089,0.01022562998604277,0.01041248025511887,0.02082496051023774,0.4676403872672328,2.435119382295098,2.4796156834946634,4.959231366989327
780.351,0.41922493862424154,0.0019104063453939616,0.010170433318284891,0.010348302579950053,0.020696605159900107,0.45569959450964137,2.426008660567978,2.468436780958161,4.936873561916322
780.497,0.4189933575438453,0.0020555598532241053,0.010223946118497366,0.01042853779511414,0.02085707559022828,0.49059485459957497,2.4401212893756883,2.4889506259112593,4.9779012518225185
780.643,0.4194577078112667,0.0019592544821590233,0.010222308635446056,0.01040837508760014,0.02081675017520028,0.46709225880778954,2.4370296325668055,2.481388443643369,4.962776887286738
780.789,0.4198332110827503,0.0020221062138642684,0.0102271022485927,0.010425091555632418,0.020850183111264835,0.4816451296573833,2.435991717333889,2.483150756164834,4.966301512329668
780.935,0.4200015294087578,0.0020340547047450154,0.010190877979433043,0.01039188974795194,0.02078377949590388,0.48429697568206087,2.4263906833336746,2.474250453940192,4.948500907880384
781.081,0.42016942639628896,0.002111556455832666,0.010185700136945718,0.010402266961866757,0.020804533923733513,0.5025488108316384,2.4241887907710176,2.475731528370583,4.951463056741166
781.227,0.42020271331145864,0.0020127064175604766,0.010193360353059993,0.010390167583375375,0.02078033516675075,0.47898463141732206,2.425819736557619,2.4726559953633793,4.945311990726759
781.373,0.42014701701533363,0.0019360513122706014,0.010164062241230211,0.010346808973173634,0.02069361794634727,0.46080329833686373,2.419168012529115,2.462663913854711,4.925327827709422
781.519,0.42011747464577504,0.0021144779267775076,0.010146744201790675,0.010364720681205163,0.020729441362410325,0.5033063498632959,2.4152159370057085,2.467100586554808,4.934201173109616
781.665,0.4195361892264513,0.002106448252411462,0.010089423168987035,0.01030696774628599,0.02061393549257198,0.5020897616235135,2.4048993693702805,2.4567529598078703,4.913505919615741
781.811,0.4199558730622266,0.002065665330453314,0.010103288209262368,0.010312293920212748,0.020624587840425496,0.49187675728664854,2.4057975747764626,2.455566068172294,4.911132136344588
781.956,0.42013937068491847,0.0021275839493882943,0.010135599567348066,0.010356495162521006,0.02071299032504201,0.5063995659154414,2.412437461127444,2.4650142036528657,4.930028407305731
782.102,0.4204879898779227,0.0020804378893808703,0.010113694345607844,0.010325455686213156,0.020650911372426313,0.4947674938313622,2.405227875484406,2.4555887289933946,4.911177457986789
782.248,0.42061015877490016,0.002047915767821687,0.010138384332067514,0.010343152123835594,0.020686304247671188,0.4868916561089717,2.4103993021940586,2.4590828129215456,4.918165625843091
782.394,0.4205178084158637,0.002127681397322859,0.010117666066431162,0.010338964878571083,0.020677929757142166,0.5059670137010525,2.406001806331463,2.4586271191508127,4.917254238301625
782.539,0.42053971947269003,0.0020815145107223104,0.010097224378870178,0.01030954134845958,0.02061908269691916,0.4949626430845338,2.4010156261888826,2.4515024077598655,4.903004815519731
782.685,0.420983705270567,0.0019790790570291283,0.010121799473667863,0.01031346588199691,0.02062693176399382,0.47010823275384744,2.4043209622953374,2.449849187243109,4.899698374486218
782.83,0.4206515141129947,0.002032848189423486,0.010122740369528316,0.010324841129534178,0.020649682259068356,0.4832618262910675,2.406443345597744,2.454488046074342,4.908976092148684
782.976,0.420835796568807,0.002093989193740091,0.010172422391191467,0.010385709799927678,0.020771419599855356,0.49757867814786094,2.4171951326693444,2.467876992547996,4.935753985095992
783.121,0.42134694143066187,0.0019632294580118714,0.010210997923866781,0.010398016565961862,0.020796033131923724,0.4659413098730056,2.4234180718616027,2.46780397423936,4.93560794847872
783.267,0.4218141745538479,0.0021476535063760815,0.010206209646649117,0.010429723435202055,0.02085944687040411,0.5091468319308261,2.4195985489212655,2.4725872349438127,4.945174469887625
783.412,0.42150091799661893,0.002083205764801715,0.010216006706536662,0.010426242817357802,0.020852485634715603,0.4942351667235101,2.423721104830099,2.4735990770585787,4.9471981541171575
783.558,0.42190089333808023,0.0021705932495409345,0.010273321903005854,0.010500124664866245,0.02100024932973249,0.5144794153828874,2.435008331393499,2.4887656866021897,4.977531373204379
783.703,0.42139585808876534,0.002061610882653307,0.010291260080725938,0.010495726438918737,0.020991452877837474,0.48923377937403384,2.4421834916465,2.490704699026219,4.981409398052438
783.848,0.42109769719835366,0.0020382576204349663,0.010180504359616123,0.010382541266155608,0.020765082532311217,0.48403437824426443,2.4176110264551514,2.4655896565649043,4.9311793131298085
783.994,0.42120906109158945,0.002106407849097075,0.010232957986832457,0.010447506074993014,0.020895012149986028,0.5000860721367646,2.429424941693588,2.4803611887924855,4.960722377584971
784.139,0.4216648237967727,0.001932247803641833,0.010211212776710844,0.010392422621599907,0.020784845243199814,0.4582425885667681,2.421642072195304,2.464616926786542,4.929233853573084
784.284,0.4214462694454212,0.002051983186101816,0.010166743149421776,0.010371754975044443,0.020743509950088886,0.48689081737560747,2.412346219792178,2.4609910508147523,4.921982101629505
784.429,0.42164026358945633,0.0021380027554326387,0.010161736441556681,0.010384216065254932,0.020768432130509863,0.507067977149918,2.410048877934244,2.462814147978491,4.925628295956982
784.574,0.42164834394602496,0.0020049333494403365,0.010123023273091157,0.010319658808470522,0.020639317616941044,0.4754989265882157,2.4008213048708194,2.447456264595584,4.894912529191168
784.719,0.4219567337294064,0.0020614180282725676,0.010130267523042906,0.010337880071644524,0.02067576014328905,0.4885377725941257,2.4007834721602697,2.4499858031117547,4.8999716062235095
784.864,0.4214491345912883,0.002101632660343628,0.010117716922233833,0.0103336854779638,0.0206673709559276,0.4986681636875926,2.400697045456212,2.451941320981753,4.903882641963506
785.009,0.4218186974933,0.0021490494269573897,0.010125966950788346,0.010351503278652996,0.020703006557305993,0.5094723016614322,2.400549575199706,2.454017173768694,4.908034347537388
785.154,0.421607771681539,0.002001988315397553,0.010120024849146614,0.010316145605909858,0.020632291211819715,0.47484616030981336,2.40034115329135,2.4468585018641797,4.8937170037283595
785.299,0.42195250436555226,0.002047475904844274,0.010127239135408443,0.010332140634286112,0.020664281268572223,0.4852384767624163,2.400089827796083,2.4486501507608107,4.897300301521621
785.444,0.421993458676395,0.002122660271949292,0.010127057178691811,0.01034712393521046,0.02069424787042092,0.5030078614505374,2.399813781582271,2.4519631104389075,4.903926220877815
785.589,0.4221590367011869,0.0020598999856612575,0.010129856371402108,0.010337174568331674,0.02067434913666335,0.4879440700257468,2.399535599322545,2.4486446267046382,4.8972892534092765
785.734,0.42257420457513395,0.0021378001551757815,0.010138720910530136,0.010361652918578707,0.020723305837157414,0.5058993502277727,2.3992758669980447,2.4520315737200655,4.904063147440131
785.879,0.4224696874111761,0.002102399077932304,0.010135267077720373,0.010351025099941217,0.020702050199882433,0.49764495313627244,2.399051903540726,2.4501225551519625,4.900245110303925
786.023,0.42205163250314687,0.0020073026446417457,0.010124526136518748,0.010321593549265394,0.020643187098530788,0.47560594250912624,2.398883301664106,2.4455760277596923,4.891152055519385
786.168,0.42267679433473837,0.002116855907893259,0.010139078990336056,0.01035770253034217,0.02071540506068434,0.5008214163318409,2.3987782452770343,2.4505018182141787,4.901003636428357
786.313,0.42219544297263034,0.0020090357231224935,0.010127317825702677,0.010324669044554285,0.02064933808910857,0.4758544310609087,2.3987274126876827,2.4454714555560946,4.890942911112189
786.457,0.4223499393653687,0.0020737863557767026,0.010130961287289722,0.01034103314248478,0.02068206628496956,0.49101140132583293,2.398712617909382,2.4484514329570923,4.896902865914185
786.602,0.4227161090669657,0.0020663914698006323,0.010139796660560224,0.010348209991296712,0.020696419982593424,0.48883669807655217,2.3987249227244143,2.4480283029993,4.8960566059986
786.747,0.42224485696639175,0.0020489369634351254,0.010128600516126242,0.010333764613895728,0.020667529227791456,0.4852485304748683,2.3987504759430194,2.4473393680004576,4.894678736000915
786.891,0.42290449425543736,0.0021823891065564996,0.010144528338348375,0.010376621676632993,0.020753243353265987,0.5160477451058538,2.3987752497662056,2.4536560423416636,4.907312084683327
787.036,0.42281316791122353,0.002043116064141926,0.01014239327081016,0.010346132828807584,0.02069226565761517,0.4832195918200237,2.3987884107099804,2.4469750741017418,4.8939501482034835
787.18,0.42332866947750764,0.0019691577641075446,0.010154754962123301,0.01034391756737808,0.02068783513475616,0.46516050201324016,2.398787442073503,2.4434720143440876,4.886944028688175
787.324,0.4233404132153252,0.00205248057808612,0.01015496234417723,0.01036030582246867,0.02072061164493734,0.484829823474037,2.398769885220496,2.447275407462474,4.894550814924948
787.469,0.42288200773810275,0.002058433202257593,0.010143860546880887,0.010350606457726189,0.020701212915452377,0.4867630129897634,2.398744888943853,2.447634628176585,4.89526925635317
787.613,0.4237742487582509,0.002058848488575281,0.010165122170578621,0.010371526688086847,0.020743053376173694,0.4858361485173172,2.39871162543845,2.4474178689426354,4.894835737885271
787.757,0.42329406852581514,0.0021184689710246345,0.010153457381590215,0.010372107190969586,0.02074421438193917,0.5004721607374559,2.3986769805093533,2.450331332799441,4.900662665598882
787.902,0.4233214940634145,0.0019175819414328917,0.010153976834342443,0.010333458571769304,0.020666917143538608,0.45298478067490555,2.3986442873182705,2.441042733875764,4.882085467751528
788.046,0.4232606584345093,0.0021134456500373528,0.01015239233135722,0.010370039660746854,0.020740079321493708,0.4993248505198279,2.398614690273202,2.4500362729439455,4.900072545887891
788.19,0.4238138205486651,0.0022966254405621866,0.010165563095755253,0.010421763836703391,0.020843527673406782,0.5418948909190829,2.3985916935401064,2.4590429408865146,4.918085881773029
788.334,0.4240048050878742,0.0021101886592784017,0.010170052489899786,0.01038666759962328,0.02077333519924656,0.4976803644574427,2.3985701029477866,2.449657993255681,4.899315986511362
788.478,0.42411283744130546,0.0020595678890172405,0.010172567364550909,0.010378966551434549,0.020757933102869098,0.4856179080649195,2.398552098993874,2.4472182011870682,4.8944364023741365
788.622,0.4241312306036139,0.0022323330570819355,0.010172925365559783,0.010414975821910985,0.02082995164382197,0.5263307429412661,2.398532489833844,2.4556021981896095,4.911204396379219
788.766,0.42415071228382983,0.002202310033837098,0.010173306994264058,0.010408955023665034,0.02081791004733007,0.5192281823549959,2.3985122975477555,2.4540699148230245,4.908139829646049
788.91,0.423571285958543,0.0021253180517364907,0.010159298240153245,0.010379225286764798,0.020758450573529597,0.5017615976793351,2.3984860581761875,2.4504081439979064,4.900816287995813
789.054,0.42415405122737165,0.002044457096572942,0.010173152894702065,0.010376552637495387,0.020753105274990774,0.4820081502597725,2.398457085406607,2.4464112997315075,4.892822599463015
789.198,0.42382670589096766,0.0020495452362689045,0.010165160099561862,0.010369721091969498,0.020739442183938996,0.48358095603257334,2.398423685499639,2.44668892918635,4.8933778583727
789.342,0.42440552266539017,0.0022194324301054737,0.010178892871659736,0.01041804878105921,0.02083609756211842,0.5229508834302609,2.3983884110963793,2.4547392115990463,4.909478423198093
789.486,0.42526260448832975,0.002122177927735733,0.010199321301676362,0.010417763395844519,0.020835526791689037,0.49902763735577194,2.398358377630699,2.449724778499871,4.899449556999742
789.63,0.4248935986636282,0.0022473161970664054,0.010190371669263256,0.01043523381852655,0.0208704676370531,0.5289126981754128,2.398334948164418,2.4559639993041458,4.9119279986082915
789.774,0.42456279297537713,0.0020523416189903395,0.010182376036681557,0.010387150132419705,0.02077430026483941,0.48340119599443243,2.398320391036266,2.4465521482995607,4.893104296599121
789.917,0.42484975791276675,0.0021851129270318618,0.010189265593194077,0.010420933347475667,0.020841866694951333,0.5143260379309256,2.3983220899672046,2.4528514265071957,4.905702853014391
790.061,0.42572706218663314,0.002311957736094266,0.010210374397360623,0.010468853514485883,0.020937707028971766,0.5430610222943109,2.3983381147812795,2.4590528637562805,4.918105727512561
790.205,0.42520256823362834,0.002029629952269022,0.010197911597561862,0.010397922806735693,0.020795845613471385,0.47733247724737127,2.398365475525209,2.445404516235785,4.89080903247157
790.348,0.42456746957373975,0.0020332143750878434,0.010182780557960298,0.010383784502128214,0.020767569004256428,0.4788907584297884,2.3983892520507233,2.445732479823148,4.891464959646296
790.492,0.42457284802179956,0.0022233906083661396,0.01018294615049335,0.01042285268538408,0.02084570537076816,0.5236770600676707,2.3983978716346246,2.454903259581244,4.909806519162488
790.635,0.42476436698791137,0.00220866521234337,0.010187457926620519,0.010424130708451378,0.020848261416902755,0.5199742219446171,2.3983786584693556,2.4540972639421152,4.9081945278842305
790.779,0.42541296684316104,0.002133775139022958,0.010202769134073973,0.01042350681618835,0.0208470136323767,0.5015773625465504,2.398321144224895,2.4502090036271116,4.900418007254223
790.922,0.4253937596048806,0.0022196772548100864,0.010201826272665752,0.010440508915430052,0.020881017830860105,0.5217935629501933,2.398207788036556,2.454316425592969,4.908632851185938
791.066,0.4251013658654523,0.002006946440540319,0.01019407404347556,0.0103897535879856,0.0207795071759712,0.4721100898968959,2.398033707259849,2.4440649742052423,4.8881299484104845
791.209,0.42547494385673884,0.002010079224999137,0.010202063296194514,0.010398197631817372,0.020796395263634745,0.47243186796822245,2.3978058975030123,2.4439036380291617,4.887807276058323
791.353,0.4253971822889123,0.0022560488682462788,0.010199090638598671,0.01044563096946596,0.02089126193893192,0.5303394009587169,2.397545414786473,2.4555007424500794,4.911001484900159
791.496,0.42530079773278623,0.0021019086704039346,0.01019561161111701,0.010410019989580386,0.020820039979160772,0.4942169592930203,2.397270747073192,2.4476840967791778,4.8953681935583555
791.639,0.4256348597481555,0.002116084803352882,0.010202477107383728,0.010419613909433979,0.020839227818867958,0.4971596557210918,2.3970022364757546,2.4480170434346413,4.896034086869283
791.782,0.42609927464223396,0.0022434808766892693,0.010212574784087151,0.01045609344662925,0.0209121868932585,0.5265160046500817,2.3967594858409327,2.453910172789782,4.907820345579564
791.926,0.42639011558779677,0.0021176778699841968,0.01021869585626106,0.010435818346626572,0.020871636693253145,0.4966526644420189,2.396560211573891,2.4474813006019986,4.894962601203997
792.069,0.42572943243229716,0.002256085917359926,0.010202279741969945,0.010448752825094491,0.020897505650188983,0.5299342130212494,2.396423400581399,2.4543177025366067,4.9086354050732135
792.212,0.4255781186799614,0.001988900485591154,0.010198309861754351,0.010390440278349171,0.020780880556698342,0.4673408707572264,2.3963426252710076,2.441488371295441,4.882976742590882
792.355,0.42646322940165826,0.002098985987182874,0.010219374859783765,0.010432706489649295,0.02086541297929859,0.4921845173211813,2.3963085572751206,2.4463320095115164,4.892664019023033
792.498,0.42635583133631794,0.0022153210835226494,0.010216792237538878,0.010454209254082044,0.02090841850816409,0.51959441403187,2.3963064385718864,2.4519916196092923,4.903983239218585
792.641,0.4260974174934832,0.002009240527008681,0.010210672155665965,0.010406482276248125,0.02081296455249625,0.47154487319543786,2.3963234078559346,2.442277716082915,4.88455543216583
792.784,0.42634969412776036,0.0023270430165092714,0.010216838676082989,0.010478498066697811,0.020956996133395623,0.5458061888070564,2.3963518249930775,2.457723838206347,4.915447676412694
792.927,0.4263894397646475,0.0022028154955637262,0.010217883398077703,0.010452633029251894,0.020905266058503787,0.5166205562641527,2.3963734664061165,2.4514286833701586,4.902857366740317
793.07,0.4266014932799878,0.0022483694215473665,0.010223007108003465,0.010467332008971465,0.02093466401794293,0.5270420889201419,2.396383338792929,2.4536557358231113,4.9073114716462225
793.213,0.42722182700426814,0.00217824764245984,0.010237836962083881,0.010466999018538826,0.020933998037077652,0.5098633788760232,2.3963749778125454,2.4500150406487204,4.900030081297441
793.356,0.4262627902286796,0.002089138581426048,0.010214772506752423,0.010426220666047118,0.020852441332094237,0.49010578200017785,2.3963556615562074,2.4459607793712665,4.891921558742533
793.498,0.42701629485646986,0.002157926284248978,0.01023271077461972,0.0104577729773251,0.0209155459546502,0.5053498684340155,2.396327938272045,2.449033702763076,4.898067405526152
793.641,0.42702037681248317,0.002135067082691876,0.010232671579709052,0.010453041619824334,0.020906083239648668,0.4999918501850427,2.396295852692414,2.4479022986798973,4.895804597359795
793.784,0.42671191930014385,0.002130937922781666,0.010225131760550581,0.010444817660034533,0.020889635320069065,0.4993856103847877,2.3962611068659534,2.447744529181473,4.895489058362946
793.926,0.4268089845636157,0.002178888737000328,0.01022732895749549,0.010456854868126107,0.020913709736252215,0.5105067643381732,2.396230943440018,2.450008140952693,4.900016281905386
794.069,0.4268093479258832,0.0021995007049880563,0.01022722532593067,0.01046106788136855,0.0209221357627371,0.5153356447502191,2.3962046228909353,2.450993150034087,4.901986300068174
794.212,0.4269812053398265,0.001988169245827261,0.010231242797787513,0.010422626642902076,0.020845253285804152,0.465633901671366,2.3961810660131175,2.441003611530606,4.882007223061212
794.354,0.4271829860824653,0.002002861588019925,0.010235998074072822,0.010430105997217297,0.020860211994434594,0.468853314217267,2.3961623958723908,2.4416014534820034,4.883202906964007
794.497,0.42773158707355824,0.0021211292389689933,0.010249066106356303,0.010466257463910906,0.02093251492782181,0.49590194015861083,2.3961443148209067,2.446921803348368,4.893843606696736
794.639,0.4276853322327354,0.002336849484556532,0.01024787916817917,0.010510941582896973,0.021021883165793946,0.5463945822871658,2.3961259355517335,2.4576343378493952,4.9152686756987904
794.782,0.42736961955581754,0.002059414325506399,0.010240226479481584,0.01044525852792437,0.02089051705584874,0.48188131099417675,2.396105387679327,2.4440807324536893,4.888161464907379
794.924,0.42738033243203466,0.0020746890213610945,0.010240371178668595,0.010448422675804358,0.020896845351608715,0.48544326070293087,2.3960791832406323,2.44475982700162,4.88951965400324
795.066,0.42769246407567674,0.0020459214087568023,0.010247721568407479,0.010449956543183004,0.020899913086366007,0.4783627444029019,2.3960491308993994,2.44333426958254,4.88666853916508
795.209,0.4269330289160397,0.002100414935422171,0.010229385361363174,0.010442799805234979,0.020885599610469957,0.4919776154951077,2.3960163933287246,2.446004196899147,4.892008393798294
795.351,0.4266951533288335,0.0021320072696167816,0.010223538093064014,0.010443475769016261,0.020886951538032522,0.4996558439869941,2.3959817713666935,2.4475262227710317,4.895052445542063
795.493,0.42753182796161543,0.002197328962755542,0.010243462267859802,0.01047648671089845,0.0209529734217969,0.5139568142170745,2.395953142646371,2.4504577263517904,4.900915452703581
795.635,0.4277880846965819,0.0020902741998856315,0.010249511050785452,0.01046048388034132,0.02092096776068264,0.4886237542983939,2.3959318684752855,2.4452490040157726,4.890498008031545
795.778,0.4281555100134203,0.002219207843997159,0.010258258216203952,0.010495558350329648,0.020991116700659295,0.5183181792820089,2.3959187669644644,2.451342585781664,4.902685171563328
795.92,0.42862046094873163,0.0021894521867705775,0.010269417583946842,0.010500220873468856,0.02100044174693771,0.5108137352856011,2.3959233213496063,2.4497712615555263,4.8995425231110525
796.062,0.4280158282729704,0.002221781125872522,0.010255011217443951,0.010492929354626602,0.020985858709253204,0.5190885427852832,2.3959420516812613,2.4515283458009534,4.903056691601907
796.204,0.42917190821185136,0.0021950830904372593,0.010282827891469242,0.010514510888267764,0.02102902177653553,0.5114694248239808,2.395969469276947,2.4499531975605224,4.899906395121045
796.346,0.4284589989248187,0.002059183171649461,0.010265846819528923,0.010470331716638036,0.020940663433276073,0.48060215255527494,2.3959928126822376,2.443718475492974,4.887436950985948
796.488,0.42824516412055386,0.002030863543479332,0.010260746596655872,0.01045979576535883,0.02091959153071766,0.4742291831012084,2.3959982403367905,2.4424784309798597,4.8849568619597195
796.63,0.4282198291102522,0.0022737542472749035,0.010260049795737441,0.010508976172206908,0.021017952344413816,0.5309782716039262,2.3959772757500737,2.4541077871247294,4.908215574249459
796.772,0.42851849520934443,0.0023072077919858622,0.010266943610059793,0.010522990966809195,0.02104598193361839,0.5384149850658653,2.3959160981007543,2.45566786135296,4.91133572270592
796.914,0.4278573006018547,0.0021868742643165366,0.010250617179901125,0.010481296275595594,0.02096259255119119,0.5111223441180793,2.3958027981483254,2.4497177589004213,4.899435517800843
797.055,0.42879630949423214,0.0021880072951710582,0.010272365478409567,0.010502802885217944,0.02100560577043589,0.5102672869903722,2.395628239087665,2.449368768496647,4.898737536993294
797.197,0.4281671634819698,0.002208298283121385,0.010256329714812072,0.01049137171804402,0.02098274343608804,0.5157561044996802,2.395403148481742,2.450298064131163,4.900596128262326
797.339,0.4286982433544388,0.002169013597443921,0.010267952824918294,0.010494545021135704,0.020989090042271407,0.5059534605208601,2.3951469323910812,2.4480028047278544,4.896005609455709
797.481,0.4287395289803937,0.0019622370432602803,0.010267781980971578,0.010453598472426013,0.020907196944852026,0.4576757939550784,2.3948764429045974,2.43821662473862,4.87643324947724
797.622,0.42848993422850257,0.0022028993636558176,0.01026067592409116,0.01049448598196306,0.02098897196392612,0.514107610864219,2.394613059596263,2.449179115691111,4.898358231382222
797.764,0.42861717540741134,0.0020409133405372534,0.010262701924496511,0.010463669435463226,0.020927338870926453,0.4761622859833637,2.394374867209079,2.4412622815493212,4.8825245630986425
797.906,0.42852076249439036,0.002129251687748475,0.010259556346228329,0.010478177760050347,0.020956355520100695,0.4968841358710941,2.3941795227162728,2.4451972172964465,4.890394434592893
798.047,0.42881073449321816,0.0021453585926176234,0.010265912722434737,0.010487684564076366,0.020975369128152732,0.5003043114471177,2.3940428484299283,2.445760733222091,4.891521466444182
798.189,0.4287578587060006,0.0022341849467596322,0.010264304673550247,0.010504643392699858,0.021009286785399716,0.5210831478407055,2.3939630411738957,2.450017691664725,4.90003538332945
798.33,0.42947974045959186,0.0021260615445430203,0.010281435642960864,0.010498955022835878,0.020997910045671756,0.4950318593067729,2.393927972471662,2.4445751530912285,4.889150306182457
798.472,0.42943941495423366,0.002120679542843746,0.010280452591208463,0.010496903696020115,0.02099380739204023,0.4938250819547506,2.393923853567115,2.4443270297252044,4.888654059450409
798.613,0.4289564769414386,0.0019701236583926467,0.010268969632319377,0.010456248110046739,0.020912496220093477,0.45928287933547374,2.3939420860455507,2.437601172175384,4.875202344350768
798.754,0.42890684811441626,0.002119240350026977,0.010267896698489508,0.01048431601355254,0.02096863202710508,0.4941027076960178,2.3939689337276375,2.4444272829040297,4.888854565808059
798.896,0.4288269700749963,0.0021568191098110716,0.010266082331574273,0.010490200908996342,0.020980401817992683,0.5029578968491352,2.3939917607744836,2.446254932883942,4.892509865767884
799.037,0.4289022464606971,0.002127535200794147,0.010267925658808448,0.010486024192487594,0.020972048384975187,0.4960419812091393,2.3940013706012055,2.444851776603714,4.889703553207428
799.178,0.429273136858909,0.002115227795069722,0.010276778035648011,0.01049220450710969,0.02098440901421938,0.49274636902447105,2.3939951404473097,2.444179149872639,4.888358299745278
799.319,0.4297012677980718,0.002178661795855735,0.010286954418359955,0.010515131878684962,0.021030263757369924,0.507017772374725,2.3939781399933113,2.4470795565877426,4.894159113175485
799.461,0.42931294521394214,0.002147947663380688,0.010277554910247523,0.010499610187896288,0.020999220375792577,0.5003221280248813,2.393954113153016,2.445677519149569,4.891355038299138
799.602,0.4298734528708268,0.002253926506581103,0.010290835510449459,0.01053477480538604,0.02106954961077208,0.5243232610733904,2.393922081422824,2.450668850339927,4.901337700679854
799.743,0.4312380603796886,0.0021426708762593725,0.010323360380073665,0.010543377448467109,0.021086754896934217,0.4968649739248045,2.3938889742209537,2.4449088374027257,4.889817674805451
799.884,0.43143759558545874,0.002123102846440463,0.01032799663461925,0.010543959416712023,0.021087918833424046,0.49209963808541596,2.3938564326097285,2.443912984079174,4.887825968158348
