Wavelength_nm,FieldReflectance_103p3,u_random_1sigma,u_systematic_1sigma,u_combined_1sigma,U_expanded_k2,u_random_percent,u_systematic_percent,u_combined_percent,U_expanded_percent_k2
650.138,0.014650929104960039,0.00017814887527183034,0.00020329300674222,0.00027030550928701114,0.0005406110185740223,1.2159561622035182,1.3875775746767869,1.8449717922360283,3.6899435844720565
650.311,0.01460117486657108,0.00018180675593112554,0.00020289086647777194,0.00027243054197776897,0.0005448610839555379,1.2451515552174248,1.389551651369398,1.8658124737721615,3.731624947544323
650.484,0.01458814218589783,0.00021631396204756017,0.00020261291201665037,0.00029638441641317815,0.0005927688328263563,1.4828067843804547,1.3888876968344446,2.031680337607959,4.063360675215918
650.657,0.01458634116725518,0.00017239151309746513,0.0002037515636775385,0.0002668961099174649,0.0005337922198349298,1.1818694703539923,1.3968654739472266,1.8297673615136532,3.6595347230273063
650.83,0.014540975298938424,0.00019900242759477384,0.00020308888742424783,0.00028433617846456333,0.0005686723569291267,1.3685631362657098,1.3966662018817575,1.9554133929745519,3.9108267859491037
651.003,0.014535243254749718,0.00018305937536959102,0.0002034281434704589,0.00027366721481855005,0.0005473344296371001,1.2594173496874381,1.3995510078855005,1.8827838655477824,3.765567731095565
651.175,0.014500413901764297,0.00019502267260846777,0.00020314963625337154,0.00028160897986610224,0.0005632179597322045,1.3449455576212135,1.4009919829161144,1.9420754591828464,3.884150918365693
651.348,0.014432839875977514,0.00018551026434672258,0.00020259774534954562,0.00027469966253839887,0.0005493993250767977,1.2853344590588294,1.4037275206437776,1.9032959895551662,3.8065919791103324
651.521,0.014503360447345228,0.00019364264814021834,0.00020312135344597836,0.00028063456559105916,0.0005612691311821183,1.3351571095763788,1.4005123445936196,1.9349623599986303,3.8699247199972606
651.694,0.014457873140326821,0.00020002727414784052,0.0002027299198472325,0.00028479875492052394,0.0005695975098410479,1.3835179781036515,1.4022112234597306,1.9698523576482705,3.939704715296541
651.867,0.014422649937272197,0.0001689208624112198,0.00020252829932415717,0.0002637270744252202,0.0005274541488504404,1.171219319236756,1.4042377801929928,1.8285618493982514,3.657123698796503
652.039,0.014396119326041842,0.0002099248673567039,0.0002023091927704186,0.0002915432376409169,0.0005830864752818338,1.4582045522292983,1.4053036668322945,2.0251515775750075,4.050303155150015
652.212,0.014446059625915981,0.00016901647689835143,0.00020268845474767498,0.00026391130925205016,0.0005278226185041003,1.169983243009317,1.4030708718940588,1.8268740133025467,3.6537480266050935
652.385,0.014359294827236078,0.00017960405010987194,0.00020166688825340833,0.00027005027056768905,0.0005401005411353781,1.2507860049590103,1.4044344842818846,1.8806652681541827,3.7613305363083653
652.557,0.014388543443017123,0.00020768735200660707,0.00020266111637390056,0.0002901819502888351,0.0005803639005776702,1.4434216557715536,1.4084894497938472,2.016756952766215,4.03351390553243
652.73,0.014341145007102315,0.00018692455331582598,0.0002019862437886601,0.00027520761492402985,0.0005504152298480597,1.3034144290658338,1.4084387521960648,1.9190072674652958,3.8380145349305916
652.902,0.014354921554950596,0.00017889443973302774,0.00020206088957945662,0.00026987371799609396,0.0005397474359921879,1.246223736216324,1.4076070621909578,1.8800083090877102,3.7600166181754204
653.075,0.014315682248223735,0.00019052096659033038,0.00020151869660143374,0.000277322959364086,0.000554645918728172,1.3308549553338256,1.4076779094928418,1.9371969463662535,3.874393892732507
653.248,0.014309821010322726,0.00019459614298027595,0.00020158518951575064,0.00028018609439959917,0.0005603721887991983,1.3598782461352903,1.4087191542810522,1.9579985954924268,3.9159971909848537
653.42,0.014325831462329684,0.00020360117272701526,0.00020082509295727747,0.00028597929207744226,0.0005719585841548845,1.421217143747588,1.4018390030997827,1.996249172897473,3.992498345794946
653.592,0.014268247438728565,0.00016353982239050412,0.0001997207201648164,0.0002581349251276753,0.0005162698502553506,1.1461801674857768,1.399756494429097,1.8091564940695866,3.618312988139173
653.765,0.014267283858374193,0.00017715486192252926,0.00020055535954435278,0.0002675935300876219,0.0005351870601752438,1.241685969670731,1.405701053789833,1.8755744453108198,3.7511488906216397
653.937,0.01424608311203548,0.00021280712276846976,0.00020015070538818868,0.0002921423905707353,0.0005842847811414706,1.4937939158075282,1.404952531963652,2.0506857097016757,4.1013714194033515
654.11,0.014248040903506424,0.00018548861335965488,0.00020160526071510434,0.00027395384069965644,0.0005479076813993129,1.3018534591236777,1.4149682898895213,1.9227474328224086,3.845494865644817
654.282,0.014216973567585764,0.00017369090073044777,0.00020162151700598132,0.00026611983224920964,0.0005322396644984193,1.2217150148359097,1.4181746631763585,1.871845867786898,3.743691735573796
654.454,0.014212846557647369,0.0001867654914015269,0.00020252349073629538,0.000275494306798649,0.000550988613597298,1.314061125222208,1.4249326474809898,1.9383471543243842,3.8766943086487684
654.627,0.01420180634570438,0.00020459870811275204,0.00020244526479665554,0.00028782758137467485,0.0005756551627493497,1.440652710876015,1.4254895459681378,2.026696987469725,4.05339397493945
654.799,0.014178440521633948,0.0001788041353902983,0.00020299813261012562,0.00027051647024880067,0.0005410329404976013,1.2610987443751154,1.431738083609295,1.9079423427141893,3.8158846854283786
654.971,0.014198937353145688,0.00018162365673194482,0.0002043411315962797,0.00027339065592432276,0.0005467813118486455,1.2791355593361162,1.4391297497415125,1.9254303975343248,3.8508607950686495
655.143,0.014160364898835974,0.00020474949176554783,0.00020515289411935416,0.000289844897046329,0.000579689794092658,1.445933725778344,1.4487825390447273,2.0468744917029302,4.0937489834058605
655.315,0.014131706080407428,0.0002153178773084188,0.00020514535737378776,0.00029739940474154015,0.0005947988094830803,1.5236509737981405,1.451667309003877,2.1044833727037573,4.208966745407515
655.488,0.014043670829682957,0.00020260077762206886,0.00020524527053127675,0.00028839676865132175,0.0005767935373026435,1.4426482938766136,1.4614787901284798,2.0535711221724244,4.107142244344849
655.66,0.014149468973907758,0.00019883471011213682,0.0002076054389129485,0.0002874634937024447,0.0005749269874048894,1.4052450341337668,1.467231309498484,2.031620368457219,4.063240736914438
655.832,0.014112460712647044,0.00019904971790777682,0.00020768705156338796,0.0002876711691954182,0.0005753423383908364,1.4104536548285738,1.4716572523547706,2.038419628248236,4.076839256496472
656.004,0.014143052056205958,0.00020703719537635513,0.0002091277677158736,0.00029427678042810555,0.0005885535608562111,1.4638791864271432,1.4786608073333687,2.0807162362029006,4.161432472405801
656.176,0.014255677216153166,0.00018761363553186338,0.00021118663449528672,0.00028248658521588013,0.0005649731704317603,1.3160625951833254,1.4814212702290304,1.9815725407684837,3.9631450815369673
656.348,0.014444763264758438,0.00015940599026651633,0.00021390903058859305,0.0002667720808109431,0.0005335441616218862,1.1035555747419312,1.4808759871508375,1.846842872543293,3.693685745086586
656.52,0.01404976015048024,0.00016010201654379473,0.00021005402937022052,0.0002641123831933198,0.0005282247663866396,1.139535585156037,1.495071994969541,1.879835530034241,3.759671060068482
656.692,0.013976874452707955,0.00016454940339877117,0.0002098424013062022,0.000266665219975993,0.000533330439951986,1.177297570751882,1.501354269269738,1.9079030929145098,3.8158061858290195
656.864,0.013918241996379518,0.00020835891089179123,0.0002102058189906092,0.00029597284011463983,0.0005919456802292797,1.4970203201380645,1.5102900139636095,2.126510231619983,4.253020463239966
657.035,0.013844346923026314,0.00015652910356469366,0.00021114375957105453,0.00026283654134949704,0.0005256730826989941,1.1306355181287027,1.5251261814298671,1.8985116655256578,3.7970233310513155
657.207,0.013853660471170247,0.00019990929508463895,0.00021312759264207766,0.0002922107065229552,0.0005844214130459104,1.4430070341384094,1.5384207883945227,2.1092671292980776,4.218534258596155
657.379,0.013898145566337918,0.00017516957682590313,0.00021589211547677698,0.0002780176004687545,0.000556035200937509,1.2603809334834828,1.5533879282404388,2.0003934995624784,4.000786999124957
657.551,0.013803420751695423,0.0001549531659733208,0.0002157211549413783,0.0002656051587119453,0.0005312103174238906,1.1225707653248813,1.5628093848757167,1.924198091834026,3.848396183668052
657.723,0.013821629358889616,0.0001854203274170686,0.00021656302473270947,0.00028509689844127215,0.0005701937968825443,1.3415229319386455,1.566841499721039,2.0626866126887364,4.125373225377473
657.894,0.013745992304426,0.0001823762716649074,0.00021613165631234854,0.0002827967420723076,0.0005655934841446152,1.3267595938212844,1.5723248749583356,2.0573032183442397,4.114606436688479
658.066,0.01370677399015628,0.0001897259999113669,0.00021606680760467481,0.00028754272793942044,0.0005750854558788409,1.3841769044096108,1.5763505530903652,2.097814760394557,4.195629520789114
658.238,0.01369440841356235,0.00018281411107473332,0.0002168819860514198,0.000283652595760471,0.000567305191520942,1.334954424856222,1.583726580234231,2.0713022950268796,4.142604590053759
658.409,0.013701217595219948,0.00016939436785751554,0.0002182091841610376,0.00027624210380402354,0.0005524842076080471,1.2363453589454232,1.5926262220458856,2.0161865314831457,4.0323730629662915
658.581,0.013652966679727896,0.00017123438868238346,0.00021820723644579786,0.000277372698556909,0.000554745397113818,1.254191800941216,1.5982404525295943,2.0315928769441416,4.063185753888283
658.753,0.013560737223660621,0.00020718531772027007,0.0002178069605789142,0.00030060876227328096,0.0006012175245465619,1.5278322579599541,1.606158699092606,2.2167582581630016,4.433516516326003
658.924,0.013511138179316887,0.00018401201256860433,0.00021762406001837385,0.0002849923722986792,0.0005699847445973584,1.3619282855850998,1.610701164699189,2.1093143191663235,4.218628638332647
659.096,0.01352187823746772,0.0001687497597843544,0.00021847218678604463,0.0002760553890550838,0.0005521107781101676,1.2479757384352592,1.6156940844259406,2.0415461832082102,4.0830923664164205
659.267,0.01354191272761669,0.00018541206141879264,0.00022017960999522074,0.0002878483857471041,0.0005756967714942083,1.3691718824968697,1.6259121914602035,2.1256109940812182,4.2512219881624365
659.439,0.0134671814445912,0.00020548690162604916,0.00021944747661880432,0.0003006360951952281,0.0006012721903904562,1.5258345071795143,1.629498180608093,2.2323609170348857,4.464721834069771
659.61,0.01342470878976505,0.00015577854191774895,0.00021963981526936023,0.0002692742144609813,0.0005385484289219626,1.160386749219573,1.636086254897483,2.0058104699170456,4.011620939834091
659.781,0.013383868117466212,0.00018587935958390176,0.00022018937181889352,0.00028815706790103276,0.0005763141358020655,1.3888313748498875,1.6451848590135316,2.1530178373842617,4.306035674768523
659.953,0.013380765762406776,0.00016909926087915097,0.00022110043406551688,0.00027835222645747803,0.0005567044529149561,1.2637487561006027,1.6523750433379378,2.0802413807998033,4.1604827615996065
660.124,0.013367462677468573,0.00017362368063645066,0.00022170335805495522,0.00028159822700186146,0.0005631964540037229,1.2988529298765186,1.658529845223699,2.1065944509911163,4.213188901982233
660.295,0.013341256195487554,0.00018345239867243425,0.00022300071909121921,0.00028876305735649535,0.0005775261147129907,1.3750758997828392,1.6715121561539708,2.1644367900990042,4.3288735801980085
660.467,0.013316109365015186,0.00019012468611417254,0.0002237936535303184,0.00029365114614191587,0.0005873022922838317,1.4277795480839062,1.680623426826768,2.2052323099223883,4.410464619844777
660.638,0.013262893149943378,0.00017568179965647842,0.0002236084169503961,0.00028436740119359885,0.0005687348023871977,1.3246114378688818,1.6859701305167396,2.144082727491572,4.288165454983144
660.809,0.013213452936024724,0.0001724860233155425,0.00022379112536299468,0.0002825489267904684,0.0005650978535809368,1.305381902449452,1.6936611985263739,2.138342855258797,4.276685710517594
660.98,0.01322757608483846,0.00017434693728420156,0.00022523398199449055,0.00028482837145459337,0.0005696567429091867,1.3180565824455113,1.7027608123354914,2.153292255722238,4.306584511444476
661.152,0.013222821934249016,0.00016504058910138142,0.00022668953691902055,0.00028040424782711657,0.0005608084956542331,1.2481495245270036,1.714380924482254,2.120608212236672,4.241216424473344
661.323,0.013158656754898157,0.0001848833996286938,0.0002264662272296246,0.00029235051485140785,0.0005847010297028157,1.4050324670097736,1.7210436555032502,2.221735244690411,4.443470489380822
661.494,0.013140168594698614,0.00016404890737854792,0.00022719854402578546,0.0002802342277801414,0.0005604684555602828,1.2484535962859205,1.729038272137912,2.132653213393332,4.265306426786664
661.665,0.013054822180920344,0.00016649510917576417,0.0002272079527978969,0.0002816808037372461,0.0005633616074744922,1.2753533282061644,1.7404139991271723,2.1576762964180647,4.315352592836129
661.836,0.013056379608440923,0.00017209982840050574,0.00022877823316559223,0.0002862827813646039,0.0005725655627292078,1.318128252714432,1.7522333144916187,2.1926658840366637,4.3853317680733275
662.007,0.01306463325001117,0.00016432772864463307,0.00022981788483658044,0.0002825240920563482,0.0005650481841126964,1.2578059062200813,1.7590840893783524,2.16251070083507,4.32502140167014
662.178,0.013015313830879454,0.00016027449905859552,0.00023019853192906311,0.00028049826942564126,0.0005609965388512825,1.231430153288633,1.7686744624083217,2.155140268382509,4.310280536765018
662.349,0.012983772657509947,0.00015792746604528107,0.0002302830599348232,0.00027923354423211547,0.0005584670884642309,1.2163449731533478,1.7736220897369543,2.1506348855438713,4.3012697710877426
662.52,0.012973272283609456,0.00016286051351591186,0.00023165637960781933,0.0002831752550553607,0.0005663505101107214,1.2553541616610577,1.7856433946930723,2.1827588974073007,4.365517794814601
662.691,0.012937876675573143,0.000187943230785281,0.00023157008076321432,0.00029824044042130003,0.0005964808808426001,1.4526590065595535,1.7898615558797313,2.305173004040001,4.610346008080002
662.862,0.012933197305286222,0.00017814785230028897,0.00023184570848469783,0.00029238517373830205,0.0005847703474766041,1.377446335157,1.7926403116879295,2.260733883792174,4.521467767584348
663.032,0.012867424502997963,0.00017245819450470822,0.00023227487784038424,0.00028929819862486044,0.0005785963972497209,1.34026972114371,1.8051388433347082,2.2482991725147268,4.4965983450294535
663.203,0.012796859186417764,0.0001771845191842343,0.00023130367406533906,0.0002913687414165646,0.0005827374828331292,1.3845938023002793,1.807503471717798,2.2768769834227403,4.5537539668454805
663.374,0.012816597223369225,0.00019385170304609414,0.00023235534146926932,0.00030260120205176285,0.0006052024041035257,1.5125052279292461,1.8129253609187526,2.3610104677395416,4.722020935479083
663.545,0.012724195879968479,0.0001897005667656066,0.00023151607880437605,0.00029930920429573565,0.0005986184085914713,1.4908648731528058,1.8194947719159884,2.3522838466117446,4.704567693223489
663.715,0.012718484381263016,0.0001770087213917277,0.00023216009657904343,0.000291942456474431,0.000583884912948862,1.3917438280027965,1.8253754898741217,2.2954186027426604,4.590837205485321
663.886,0.01270989312996403,0.00016116313815022916,0.00023307119118500758,0.0002833650247628105,0.000566730049525621,1.2680133223959316,1.8337777414944099,2.2294839292925857,4.458967858585171
664.057,0.012679749104364969,0.000145933102298296,0.0002337928474865196,0.00027560037351618367,0.0005512007470323673,1.1509147467914718,1.8438286559316623,2.1735475303790435,4.347095060758087
664.227,0.012664286352084171,0.00016999428176807968,0.00023452892213401977,0.0002896581971068493,0.0005793163942136987,1.3423123659873941,1.8518921288874928,2.2872050509121666,4.574410101824333
664.398,0.01263475762997594,0.0001687814153820015,0.0002352007700386187,0.00028949364138977375,0.0005789872827795475,1.3358500441794618,1.8615376481825443,2.2912480782611184,4.582496156522237
664.569,0.012693765120536707,0.00018041662808528384,0.00023676915485335484,0.00029767396993965657,0.0005953479398793131,1.4213011377798017,1.8652397661769873,2.34504079060091,4.69008158120182
664.739,0.012657971380672147,0.00017224001559277806,0.00023670954388836622,0.00029274226059665317,0.0005854845211933063,1.3607236927062163,1.8700432855284017,2.3127107163763263,4.625421432752653
664.91,0.012648277628161876,0.00019008720983995745,0.00023758365537597233,0.00030426820511934665,0.0006085364102386933,1.5028703150595064,1.8783874165363288,2.4056097918176764,4.811219583635353
665.08,0.01258049340217037,0.00016465981443646109,0.00023716718199132705,0.00028872327011163657,0.0005774465402232731,1.3088502109786424,1.8851977773018926,2.295007523805278,4.590015047610556
665.251,0.012584884919662634,0.0001822620518042657,0.00023748061051234276,0.00029936014413614896,0.0005987202882722979,1.448261569078787,1.8870304498478399,2.378727704283004,4.757455408566008
665.421,0.012583191019132129,0.0001770355336006519,0.00023877113701399762,0.000297242722414233,0.000594485444828466,1.4069208146922192,1.8975404303324788,2.36222053660546,4.72444107321092
665.591,0.012530071605782567,0.00017058036190832014,0.00023809202099741677,0.0002928915675320951,0.0005857831350641902,1.3613678139684224,1.9001648872264902,2.3375091280158933,4.675018256031787
665.762,0.012500416774147052,0.0001727973065865685,0.00023781666206761597,0.0002939654298051987,0.0005879308596103974,1.3823323630612234,1.9024698645205216,2.351645030053464,4.703290060106928
665.932,0.012452273147770929,0.00018000029108222967,0.0002374583401637152,0.0002979707504151944,0.0005959415008303888,1.4455215441082045,1.906947730312376,2.3929024594881607,4.785804918976321
666.102,0.012476732268264058,0.00015460675521023856,0.00023764932706658333,0.00028351446420216115,0.0005670289284043223,1.2391606382666227,1.9047401351319413,2.272345499657081,4.544690999314162
666.273,0.012526261592719159,0.0001384381956495899,0.00023938108254229235,0.00027652926914493867,0.0005530585382898773,1.1051836545554548,1.9110337172060312,2.207596153872998,4.415192307745996
666.443,0.012389450086144248,0.00016787797194273577,0.00023767023443815264,0.0002909813633233105,0.000581962726646621,1.3550074521102615,1.9183275511473374,2.3486221042912128,4.6972442085824255
666.613,0.012357586310228857,0.00015442117293543894,0.00023776757671975754,0.00028351246743299057,0.0005670249348659811,1.2496062666187369,1.9240616310561232,2.294238213803259,4.588476427606518
666.783,0.012405392043893002,0.00016134362886564336,0.0002394245749026651,0.0002887142075528261,0.0005774284151056522,1.3005927446289014,1.930004098665551,2.327328362790082,4.654656725580164
666.954,0.012410136270229695,0.00017246428263015316,0.00024034460616180492,0.0002958199764961901,0.0005916399529923802,1.389704986913581,1.9366798311341706,2.3836964401899743,4.767392880379949
667.124,0.012388696567433969,0.00017848447278868775,0.00024013663720207946,0.0002992027933582488,0.0005984055867164976,1.4407042082043395,1.938352722540029,2.4151273035838163,4.830254607167633
667.294,0.012336212874331084,0.00019410934356358598,0.00023946334494293905,0.00030825497697514515,0.0006165099539502903,1.5734921692822306,1.941141478202026,2.498781271978171,4.997562543956342
667.464,0.012325243663153584,0.00017773190703007115,0.00024035023513072892,0.0002989261887221368,0.0005978523774442736,1.4420153620281124,1.9500647751837792,2.4253166662804326,4.850633332560865
667.634,0.01232610262569986,0.00017099990465879172,0.00024088042832950897,0.0002954053962701487,0.0005908107925402974,1.387299050246895,1.9542302676214502,2.3965839425531796,4.793167885106359
667.804,0.012351095712519607,0.00017640800159627768,0.00024218880479111814,0.0002996250994048106,0.0005992501988096212,1.4282781520141803,1.9608689822201364,2.425898935436939,4.851797870873878
667.974,0.012307060778215693,0.0001667413508686705,0.00024190300897226192,0.0002938022189149417,0.0005876044378298834,1.3548429952000696,1.965562804406119,2.3872655235033124,4.774531047006625
668.144,0.012230978340556427,0.0001581679296287445,0.00024099326876928198,0.0002882617726219466,0.0005765235452438932,1.2931747994702845,1.9703515292000624,2.356816965868592,4.713633931737184
668.314,0.012313110465418114,0.0001776440563234023,0.00024379305835891995,0.00030164957492267064,0.0006032991498453413,1.4427228345130425,1.9799469763844235,2.449824321562501,4.899648643125002
668.484,0.012242295056060302,0.00017458450112080938,0.00024245994878065356,0.0002987751241223389,0.0005975502482446778,1.4260765675173366,1.9805105796778573,2.4405156284355054,4.881031256871011
668.653,0.012239823178295662,0.0001635056337590154,0.0002429219528282529,0.00029282275771672734,0.0005856455154334547,1.335849639143094,1.9846851485486792,2.392377352607324,4.784754705214648
668.823,0.01218252502133785,0.00019010379683384026,0.00024204107019119812,0.00030777156013826637,0.0006155431202765327,1.5604630115749485,1.9867890258157488,2.52633636786463,5.05267273572926
668.993,0.01225248583231568,0.00016081459862765662,0.00024382967665402932,0.0002920860255968826,0.0005841720511937653,1.312505893322573,1.9900425104833301,2.3838919676733004,4.767783935346601
669.163,0.012225688265959028,0.00017813488995194754,0.00024353396440699194,0.00030172973144517676,0.0006034594628903535,1.4570540821651974,1.9919857198149185,2.4679979145657365,4.935995829131473
669.333,0.012225970485358057,0.00018946718508524603,0.00024405476922761244,0.00030896689888541465,0.0006179337977708293,1.5497108005630622,1.9961995615799568,2.5271359787383463,5.054271957476693
669.502,0.012229189649774621,0.00015851917865635472,0.00024476123996816613,0.0002916100042739266,0.0005832200085478533,1.2962361627884,2.0014510117003295,2.3845406983225654,4.769081396645131
669.672,0.012218147323142192,0.00017206790835052612,0.0002452449713261549,0.0002995871510009927,0.0005991743020019854,1.4082978687334629,2.0072189738753634,2.4519850929735445,4.903970185947089
669.842,0.012166561038603788,0.00016045370190506797,0.00024478455733594287,0.000292685616259484,0.000585371232518968,1.3188089994860317,2.0119453357383055,2.4056560874581536,4.811312174916307
670.011,0.012209507540808583,0.00017960928151386773,0.000245991765677797,0.0003045840488062498,0.0006091680976124996,1.4710608180841747,2.014755835610926,2.494646469468321,4.989292938936642
670.181,0.012172089416260037,0.00015100124033921234,0.0002460137034226838,0.0002886591707459245,0.000577318341491849,1.2405531636786855,2.021129610615967,2.3714841460195015,4.742968292039003
670.35,0.01218308723570852,0.00015885262305046202,0.00024657156838594926,0.00029331159913361597,0.0005866231982672319,1.30387823691245,2.023884124076943,2.4075309768276325,4.815061953655265
670.52,0.012135457924799063,0.00018374501826255455,0.00024548849387619594,0.0003066379499701718,0.0006132758999403436,1.514116891189312,2.0229025999466823,2.5267934005485753,5.0535868010971505
670.689,0.012121245139172773,0.00017944526978284588,0.00024546118014725886,0.00030405886898218147,0.0006081177379643629,1.4804194430729276,2.0250492200177597,2.508478836052418,5.016957672104836
670.859,0.012123207379654596,0.0001860409377862343,0.00024585009522253373,0.00030830747615539654,0.0006166149523107931,1.5345851304866056,2.02792947050567,2.5431180586154465,5.086236117230893
671.028,0.01215391172365682,0.00016904906977830003,0.00024682534289257674,0.0002991660707482495,0.000598332141496499,1.3909025638984749,2.03083047256421,2.4614797075244645,4.922959415048929
671.198,0.012191015776216228,0.0001586065532796332,0.00024689249486100105,0.00029344836472867687,0.0005868967294573537,1.3010117958264222,2.025200355680534,2.4070870722780375,4.814174144556075
671.367,0.012156190607936906,0.00019740013678575785,0.0002460857996090767,0.0003154758861977799,0.0006309517723955598,1.6238651001151068,2.0243660826476733,2.5951870645381483,5.190374129076297
671.536,0.012121623863654299,0.00018214580142319534,0.00024604650450855183,0.0003061306507963143,0.0006122613015926286,1.5026518185351774,2.0298147119240535,2.5254920812567208,5.0509841625134415
671.706,0.012236182530855278,0.0001685697154586657,0.0002487679760411419,0.000300501671997714,0.000601003343995428,1.377633220439407,2.03305218285064,2.4558449601414183,4.911689920282837
671.875,0.01215333816281631,0.00013465207318862828,0.00024737884338814397,0.0002816513322710396,0.0005633026645420793,1.1079431131160524,2.035480623299126,2.3174812425837428,4.6349624851674855
672.044,0.01215280257855872,0.00015458471398225847,0.00024803885018886946,0.0002922664965403888,0.0005845329930807776,1.2720087649164433,2.0410012306666303,2.4049308350983725,4.809861670196745
672.214,0.012114537031543887,0.00016290844630863555,0.0002475869997457089,0.0002963755798337226,0.0005927511596674451,1.3447352208710395,2.0437182130942415,2.446445778835943,4.892891557671886
672.383,0.012159064503266972,0.0001507381276047646,0.0002487415731067493,0.0002908510844150501,0.0005817021688301002,1.2397181342714594,2.0457295299314837,2.3920514965349713,4.784102993069943
672.552,0.012175867713374373,0.00017045722764720463,0.0002492591981096718,0.0003019698897232099,0.0006039397794464198,1.39995958940954,2.047157574124079,2.480068746078082,4.960137492156164
672.721,0.012173717122477834,0.00015181783417540093,0.00024940743799384155,0.00029198069268422775,0.0005839613853684555,1.2470951365797793,2.048736926319159,2.3984514322672066,4.796902864534413
672.89,0.012175844995211524,0.0001804496501446232,0.0002492975164339126,0.00030775205594347186,0.0006155041118869437,1.482029791078893,2.047476101510454,2.5275622025781668,5.0551244051563335
673.059,0.01220909891271924,0.00016801300981200714,0.0002503386498874269,0.00030149263853956583,0.0006029852770791317,1.3761294835360367,2.0504269125596823,2.469409419113443,4.938818838226886
673.228,0.012170383914049213,0.0001590874425328503,0.0002503099244995142,0.0002965870406383183,0.0005931740812766366,1.3071686452651947,2.0567134633325916,2.436957147226432,4.873914294452864
673.397,0.012138997200363568,0.00017950092727959542,0.0002495861401966996,0.0003074310073374532,0.0006148620146749063,1.4787129802964225,2.056068850474934,2.532589819925533,5.065179639851066
673.566,0.012202231835994521,0.00015957988706740155,0.00025142008834981843,0.00029778818173707824,0.0005955763634741565,1.3077926170577079,2.060443464188016,2.440440287805821,4.880880575611642
673.735,0.01217988150694577,0.0001599866745473654,0.00025103137260202674,0.00029767849445867296,0.0005953569889173459,1.313532274153328,2.0610329620930394,2.4440179839920204,4.888035967984041
673.904,0.01216644506231403,0.0001626561486302121,0.0002511944370912907,0.00029925853022566296,0.0005985170604513259,1.3369242025679706,2.0646494173501333,2.4597039537261898,4.9194079074523795
674.073,0.012151254004469184,0.0001615113935464897,0.000251102372877033,0.00029856043259247466,0.0005971208651849493,1.3291746965958118,2.0664729153441983,2.45703391997785,4.9140678399557
674.242,0.012193076934887111,0.00018170615916011002,0.00025242271639108266,0.00031102147197094315,0.0006220429439418863,1.490240405522319,2.070213431269715,2.5508038178701344,5.101607635740269
674.411,0.012228604605782891,0.00016373017678101057,0.00025291922206414935,0.00030129006568135544,0.0006025801313627109,1.338911364454312,2.0682590550400506,2.463813946023537,4.927627892047074
674.58,0.012183225411211154,0.00017390434136077245,0.0002517717848647904,0.00030599305808813105,0.0006119861161762621,1.42740805895903,2.066544583777518,2.511593176356669,5.023186352713338
674.748,0.012260332305918938,0.00015463650251763518,0.00025284598564923613,0.00029638410950963667,0.0005927682190192733,1.2612749692190732,2.062309400269431,2.4174231343350367,4.8348462686700735
674.917,0.012205354676283451,0.00017223243040143013,0.0002516562997396709,0.00030495065712447084,0.0006099013142489417,1.4111218802686623,2.06185159230703,2.4984989392977544,4.996997878595509
675.086,0.01222692701895251,0.00019322947518429133,0.0002521700636546463,0.0003176906846030979,0.0006353813692061957,1.5803600928080574,2.0624157097181226,2.598287240208903,5.196574480417806
675.254,0.012213458389518973,0.00017475959204948363,0.00025238819305135017,0.0003069865062262958,0.0006139730124525916,1.4308772050957677,2.066476054546009,2.5135100676294724,5.027020135258945
675.423,0.012274954562649366,0.00017467032325576816,0.00025349798196981226,0.00030784890561611844,0.0006156978112322369,1.4229814242022594,2.0651643203728365,2.5079433414185597,5.015886682837119
675.592,0.012219494146202787,0.0001668997600843296,0.00025264051047292624,0.00030279160729489765,0.0006055832145897953,1.365848357447708,2.067520205420569,2.477938969257498,4.955877938514996
675.76,0.012246248543844814,0.00016199176916788485,0.0002530241174857097,0.00030043724354274643,0.0006008744870854929,1.3227868811245451,2.066135736015943,2.453300228777013,4.906600457554026
675.929,0.01230981689243115,0.00018383569428643225,0.0002548586848320197,0.0003142427592293597,0.0006284855184587194,1.4934072203743827,2.0703694218938615,2.552781751145104,5.105563502290208
676.097,0.012323495874889328,0.00015906709274359686,0.00025491979431659074,0.0003004770232951481,0.0006009540465902962,1.2907627377692077,2.0685672061287566,2.4382450105526288,4.8764900211052575
676.266,0.012267664281877286,0.00015836733154574582,0.00025346259039720495,0.0002988703672694593,0.0005977407345389185,1.2909330407720556,2.0661030867272663,2.4362450781358027,4.872490156271605
676.434,0.012238181087270046,0.00016654064231763722,0.0002528646479533409,0.0003027809698910059,0.0006055619397820118,1.3608283872418758,2.0661946914347142,2.4740683908162926,4.948136781632585
676.603,0.012268658858349163,0.00015045042560200343,0.00025335536880339915,0.00029465958912842184,0.0005893191782568437,1.2262988753625481,2.065061647964755,2.4017261587471546,4.803452317494309
676.771,0.01235252416918449,0.00014847546470256497,0.0002546679240342173,0.00029478927244820234,0.0005895785448964047,1.2019848143504364,2.0616670774830825,2.386469910203497,4.772939820406994
676.94,0.012310461606787365,0.00015604351812650833,0.0002531945939443431,0.00029741735314527075,0.0005948347062905415,1.2675683748566653,2.056743297137976,2.4159723871060192,4.8319447742120385
677.108,0.012347077394280329,0.00017966137951663656,0.00025418360104246856,0.0003112675928019776,0.0006225351856039552,1.4550923573206325,2.0586539868958527,2.5209819527507737,5.0419639055015475
677.276,0.012311628200929067,0.00018603724678594198,0.00025374588452700306,0.00031463761870775185,0.0006292752374155037,1.5110694032484113,2.0610262134772293,2.5556133890073816,5.111226778014763
677.445,0.012336760725791795,0.00016948119846360926,0.00025450715194655875,0.0003057740457014134,0.0006115480914028268,1.3737901077167212,2.0629982019062307,2.4785602355255882,4.9571204710511765
677.613,0.012332432674578647,0.00018605209926667742,0.00025477770314091033,0.000315479098609235,0.00063095819721847,1.5086407051724215,2.065916026982204,2.558125448027339,5.116250896054678
677.781,0.012353682454185572,0.000174451723399487,0.0002552502280087833,0.00030916998996601686,0.0006183399799320337,1.412143496859762,2.0661873814176075,2.502654500895532,5.005309001791064
677.949,0.012367114031487525,0.0001775868652947911,0.00025523948127261127,0.0003109409711272253,0.0006218819422544506,1.4359604418835525,2.0638564552955034,2.5142565220596182,5.0285130441192365
678.117,0.012402582011221715,0.0002028954744163534,0.00025581144894270066,0.00032650585132398634,0.0006530117026479727,1.6359131851156143,2.062566074638695,2.632563534178347,5.265127068356694
678.286,0.012402043181630221,0.00017762534146197758,0.0002555131780522155,0.00031118763807038883,0.0006223752761407777,1.432226439310213,2.060250672491441,2.509164284569794,5.018328569139588
678.454,0.01243436318973081,0.00018303367007338364,0.00025539132959028746,0.00031420702667258585,0.0006284140533451717,1.4719987447732426,2.0539156343865517,2.526924956897516,5.053849913795032
678.622,0.01243540073151593,0.0001586822719586479,0.00025519380706607106,0.00030050614402842647,0.0006010122880568529,1.2760527415613394,2.052155878011354,2.4165376775260015,4.833075355052003
678.79,0.012431879178140344,0.0001721656835750854,0.00025505749830762167,0.0003077260958121993,0.0006154521916243986,1.3848725611636716,2.0516407427454997,2.4752983149425307,4.950596629885061
678.958,0.012462214198826529,0.00019455831578625587,0.0002553521047421162,0.0003210259111626555,0.000642051822325311,1.5611857787244257,2.0490107188669633,2.575994169582513,5.151988339165026
679.126,0.012496356470884757,0.00018184583917421208,0.00025639668797186545,0.0003143360794244204,0.0006286721588488408,1.4551908758196395,2.051771558927946,2.5154218364112095,5.030843672822419
679.294,0.012489942990562134,0.0001630138307499331,0.00025618359904016605,0.00030365036708843347,0.0006073007341768669,1.3051607270994945,2.051119042206581,2.4311589517893153,4.862317903578631
679.462,0.012503524230741045,0.00016057579339964835,0.0002561885863757249,0.00030235273641083323,0.0006047054728216665,1.2842442693465435,2.0489310185512504,2.4181401245856082,4.8362802491712165
679.629,0.012515222691257426,0.00017382459324674513,0.00025635412386548507,0.0003097296014917477,0.0006194592029834954,1.3889053158292677,2.04833849296635,2.474822934697846,4.949645869395692
679.797,0.012550942219129673,0.0001642530852713708,0.0002575502752500289,0.0003054688532445327,0.0006109377064890654,1.308691271170243,2.052039366873034,2.4338320415414594,4.867664083082919
679.965,0.012582131875049009,0.0001903841415032657,0.0002587338623749929,0.00032123096500091217,0.0006424619300018243,1.5131310289380042,2.0563594861700265,2.5530726286371954,5.106145257274391
680.133,0.012576972506720253,0.00020957311908388209,0.000258270941437101,0.0003326030237886503,0.0006652060475773006,1.6663240614694903,2.0535223504631115,2.6445396426757752,5.2890792853515505
680.301,0.012633747616042095,0.0001740233515124054,0.0002592762846827143,0.0003122632201692702,0.0006245264403385404,1.377448377165884,2.0522515769864693,2.4716594763438544,4.943318952687709
680.468,0.012638800631339405,0.0001626925594672372,0.0002593544457264917,0.00030615943138191285,0.0006123188627638257,1.2872468220111148,2.052049504471109,2.4223772517049937,4.8447545034099875
680.636,0.012633984575350487,0.00017195735783485428,0.0002589609617698751,0.0003108538444901765,0.000621707688980353,1.361069873160613,2.0497172544845466,2.4604576856668587,4.9209153713337175
680.804,0.012704758970857833,0.00017845623287139853,0.0002601116885548604,0.00031544368367984727,0.0006308873673596945,1.40464083797844,2.0473563422297456,2.4828781435634615,4.965756287126923
680.971,0.01270914562820311,0.00019317563689108853,0.00026009076998145765,0.00032398153545815724,0.0006479630709163145,1.519973431277778,2.046485087119352,2.549199961476589,5.098399922953178
681.139,0.012748109344775814,0.00017222691480251996,0.0002600945695993184,0.00031194758424685573,0.0006238951684937115,1.350999667045519,2.0402599520053957,2.4470105786682175,4.894021157336435
681.307,0.012771270571306646,0.00018805778534742917,0.0002603082048573599,0.0003211325149308942,0.0006422650298617884,1.4725064690896195,2.0382326363220056,2.514491515451769,5.028983030903538
681.474,0.012779486286138094,0.00019737775888520158,0.00025992770208864955,0.00032637461607121123,0.0006527492321424225,1.5444889916999027,2.033944841512081,2.5538946461817464,5.107789292363493
681.642,0.012815876416520364,0.00019584225955918317,0.0002599354350449387,0.00032545448379343005,0.0006509089675868601,1.5281222539469235,2.028229881413867,2.53946334387168,5.07892668774336
681.809,0.012837358163299232,0.00019207647026297874,0.0002601161267010885,0.0003233477536626189,0.0006466955073252378,1.4962305158089835,2.0262434325836245,2.518802930863446,5.037605861726892
681.977,0.012872532428593519,0.0001787572378161582,0.0002608874579739829,0.00031625372061019175,0.0006325074412203835,1.3886718779522205,2.0266987822417786,2.456810440094159,4.913620880188318
682.144,0.012906543957492394,0.00019694483138216808,0.00026082864464108363,0.0003268315291911955,0.000653663058382391,1.5259300400696298,2.0209023073885684,2.5322931550662413,5.064586310132483
682.312,0.01286835718580142,0.0001908978047015937,0.00026022233527419816,0.0003227346210363013,0.0006454692420726026,1.4834667855833605,2.02218769277962,2.507970647507341,5.015941295014682
682.479,0.012893865440258653,0.00019033436555429515,0.000260401417317736,0.00032254622746521425,0.0006450924549304285,1.4761621829867413,2.0195760419887887,2.501547956737044,5.003095913474088
682.646,0.012971668531248641,0.00017267459577620652,0.0002612642414086705,0.00031317011330157985,0.0006263402266031597,1.3311671922562225,2.0141143815021723,2.4142623791777877,4.8285247583555755
682.814,0.013053725692867859,0.00021037403637336256,0.0002622665174141373,0.0003362156470727691,0.0006724312941455382,1.6116014793255866,2.0091315198804227,2.575629785575061,5.151259571150122
682.981,0.012986432545042507,0.0001539584620910661,0.0002609770562445024,0.00030300533317994985,0.0006060106663598997,1.1855331443571762,2.0096131507965893,2.3332453476272073,4.6664906952544145
683.148,0.013035631505725826,0.00018747423899561017,0.0002621340186148526,0.0003222744699819628,0.0006445489399639256,1.4381676784378508,2.010903871436621,2.4722582088977094,4.944516417795419
683.315,0.013105068198190253,0.00016676571351738472,0.00026359126387327374,0.0003119153051635528,0.0006238306103271056,1.2725283912708998,2.0113688832971843,2.3801120333477304,4.760224066695461
683.482,0.01317113322674805,0.00018151607812975814,0.000264414275726488,0.00032072261508595196,0.0006414452301719039,1.3781356167678398,2.007528670270476,2.435041917536949,4.870083835073898
683.65,0.013213943096924372,0.00019607699850981308,0.00026517308057723103,0.0003297922861551433,0.0006595845723102866,1.4838644080089254,2.0067672354283994,2.4957901190894676,4.991580238178935
683.817,0.013262722611147325,0.00018829466951871606,0.00026519803905313054,0.0003252458800458328,0.0006504917600916656,1.419728626160471,1.9995746486489243,2.452331165943737,4.904662331887474
683.984,0.013331518100519813,0.00017620881189474993,0.0002663152432357266,0.0003193326700622152,0.0006386653401244304,1.3217460349686607,1.997636287388325,2.3953211303802227,4.790642260760445
684.151,0.01340840830272828,0.00018940071494279957,0.00026708307167354903,0.00032742327039387675,0.0006548465407877535,1.4125518157458048,1.9919073587519276,2.4419249697762724,4.883849939552545
684.318,0.01347278219038452,0.00018887639749434575,0.0002681046771259597,0.0003279548923667052,0.0006559097847334104,1.4019108661100912,1.9899726228581438,2.434203178915529,4.868406357831058
684.485,0.01343428743448268,0.00020352208246838751,0.0002665935632279393,0.00033540030710605854,0.0006708006142121171,1.5149451242646024,1.9844265245036803,2.496599158993459,4.993198317986918
684.652,0.013418471390001201,0.00020950325546937262,0.00026555501072399564,0.00033824706617040543,0.0006764941323408109,1.561304930943806,1.9790257996292664,2.52075706941143,5.04151413882286
684.819,0.013505568704022919,0.0001996183377634356,0.00026732939314601814,0.0003336352577460233,0.0006672705154920466,1.478044665412535,1.979401230741127,2.4703532672907214,4.940706534581443
684.986,0.013531114839534696,0.0001956052383384388,0.00026730254618354926,0.0003312281094074685,0.000662456218814937,1.4455958777833062,1.9754658012550073,2.4478996249422025,4.895799249884405
685.153,0.013599594575377301,0.0001788939109042641,0.00026791064145896055,0.0003221477039582534,0.0006442954079165068,1.3154356176776023,1.9699899138465882,2.3688037328812492,4.7376074657624985
685.319,0.013613449631447854,0.00019753747672219478,0.0002676639557599676,0.00033266356566784635,0.0006653271313356927,1.4510464435544081,1.9661728878891096,2.443639009023652,4.887278018047304
685.486,0.013782454426172297,0.00020037406803965276,0.0002710745807284277,0.0003370922654998958,0.0006741845309997916,1.4538344321251728,1.9668091933877072,2.445807220372678,4.891614440745356
685.653,0.013827731467675457,0.00020055782223577873,0.00027125639910261006,0.0003373477050671498,0.0006746954101342996,1.4504029291038436,1.9616840241417435,2.4396460536983544,4.879292107396709
685.82,0.013935860344848979,0.00020076600227017516,0.0002728130731697924,0.0003387240182802136,0.0006774480365604272,1.4406430410619246,1.957633518268074,2.4305928008629474,4.861185601725895
685.986,0.013911050055751778,0.0002033851439810565,0.0002716333542020938,0.00033933787868034305,0.0006786757573606861,1.4620401994525438,1.9526445028481658,2.439340504996872,4.878681009993744
686.153,0.013962796668072226,0.00020172986850678607,0.00027168821446729014,0.00033839241381595635,0.0006767848276319127,1.4447669281618059,1.945800837224401,2.4235289094321284,4.847057818864257
686.32,0.014070483450726479,0.0002032304361224673,0.000273484051355343,0.00034072883134871366,0.0006814576626974273,1.4443742237724906,1.943672030268602,2.4215858150284193,4.843171630056839
686.486,0.014103747973112856,0.00018892326583573062,0.0002740394271985503,0.00033285072935679093,0.0006657014587135819,1.3395252538253712,1.943025554065305,2.360016146001275,4.72003229200255
686.653,0.014441057735903264,0.00021485357149855875,0.0002798709966139167,0.00035283116632654955,0.0007056623326530991,1.4877966380841425,1.9380228355302758,2.4432501606121484,4.886500321224297
686.82,0.01567483528345754,0.00022894826830738697,0.0003042667230999806,0.0003807828099415092,0.0007615656198830184,1.4606103615583625,1.9411159198660857,2.4292619543081826,4.858523908616365
686.986,0.015480019453301595,0.00021056994881133058,0.0002999271187466389,0.0003664641590961752,0.0007329283181923504,1.3602692777393117,1.9375112521752687,2.3673365540765863,4.7346731081531725
687.153,0.015317143355662624,0.00023540393529195114,0.00029602093915205303,0.0003782107999084645,0.000756421599816929,1.5368657838207422,1.9326119255952283,2.4691993221349793,4.938398644269959
687.319,0.015394776390301696,0.00023013434652333648,0.00029693652481001774,0.0003756768787348689,0.0007513537574697378,1.4948859320120755,1.9288134967460777,2.440287986069973,4.880575972139946
687.486,0.015302273872661453,0.00020368398937325273,0.0002949198138547358,0.00035841995498453396,0.0007168399099690679,1.3310700819251964,1.927294049949204,2.342265979338374,4.684531958676748
687.652,0.015223188698443442,0.00020989750942376808,0.00029246791709357575,0.0003599922874053769,0.0007199845748107538,1.3788012063808281,1.921200103914368,2.3647626954935257,4.729525390987051
687.818,0.015144197457503613,0.00022773247135333182,0.00029005324497568755,0.0003687722378781004,0.0007375444757562008,1.5037605788776574,1.9152764336942307,2.43507283177546,4.87014566355092
687.985,0.015115885286860677,0.00022697800137829266,0.00028912540940251866,0.0003675765436910498,0.0007351530873820996,1.501585895042422,1.912725612265911,2.4317235591259867,4.863447118251973
688.151,0.015110962527726176,0.00021470897691828878,0.00028885893454033777,0.0003599158635474094,0.0007198317270948188,1.4208822007488435,1.9115852746661788,2.3818195756029565,4.763639151205913
688.317,0.01527707363485079,0.00023414529832608077,0.000290587864310503,0.0003731827000448288,0.0007463654000896576,1.532658046446391,1.9021173246661593,2.442762985664392,4.885525971328784
688.483,0.0153755383605639,0.00019894503966784143,0.000291578184780511,0.0003529829551810354,0.0007059659103620708,1.2939061709741986,1.8963770759947385,2.295743712534887,4.591487425069774
688.65,0.01569033829611728,0.00021262365930919443,0.0002969534382699659,0.0003652261833417572,0.0007304523666835144,1.3551247608332964,1.8925878630892858,2.3277138863993505,4.655427772798701
688.816,0.015771221995354988,0.0002199412800089981,0.0002973442928791193,0.0003698483407557481,0.0007396966815114962,1.3945734837400439,1.8853598850278974,2.34508360141451,4.69016720282902
688.982,0.016002087315104406,0.0002078540165444141,0.00030096555169356013,0.00036576434421612856,0.0007315286884322571,1.2989181501854463,1.8807893355854775,2.285728961564175,4.57145792312835
689.148,0.015928504691400218,0.0002322769498009806,0.0002993728065294554,0.00037891510750848927,0.0007578302150169785,1.4582470501853617,1.8794784088621106,2.3788492068126463,4.757698413625293
689.314,0.016257200688300253,0.0002171785503007574,0.0003046753285147956,0.00037415715751050016,0.0007483143150210003,1.3358914272187912,1.8740946510801204,2.3014857519706213,4.602971503941243
689.48,0.01613514171301067,0.0002182991368340125,0.00030122476751102734,0.00037200923873547466,0.0007440184774709493,1.3529421725375095,1.8668864077477108,2.3055839567588223,4.611167913517645
689.646,0.0166341749208958,0.00021245771237462355,0.0003099893322161086,0.00037580801699171776,0.0007516160339834355,1.277236252383849,1.863569029965538,2.2592525254716955,4.518505050943391
689.812,0.016373428561351613,0.00021406016477267315,0.0003040987652047786,0.00037188413940577653,0.0007437682788115531,1.3073631095074851,1.8572699301512416,2.271266143265707,4.542532286531414
689.978,0.01673687670732336,0.00022145081255623336,0.00031094966135679055,0.00038174619091710496,0.0007634923818342099,1.3231310502474796,1.857871494152382,2.280868752233018,4.561737504466036
690.144,0.01682220964680396,0.0002304772550748138,0.0003126451423472104,0.0003884156924483462,0.0007768313848966924,1.3700771772191178,1.8585260135942347,2.3089457366389503,4.617891473277901
690.31,0.01692333154302664,0.00023940302585526084,0.0003133444715157997,0.0003943330655907142,0.0007886661311814284,1.414632959512681,1.8515531100902833,2.3301148747700418,4.6602297495400835
690.476,0.017262144889261602,0.00024959802709905674,0.00031867391661269894,0.0004047866601816553,0.0008095733203633106,1.4459270774301411,1.8460852846330755,2.3449383768842313,4.689876753768463
690.642,0.017240829238885386,0.0002196678082249114,0.0003179699412722278,0.0003864697006532342,0.0007729394013064684,1.2741139372198367,1.8442844996983707,2.241595779984764,4.483191559969528
690.808,0.017499409342327733,0.00023440191786308436,0.0003214069240242848,0.0003978023000293545,0.000795604600058709,1.339484740756997,1.8366729855667916,2.2732327260163383,4.546465452032677
690.974,0.017676019277284162,0.0002459003392645673,0.00032376988603520637,0.00040656354479180724,0.0008131270895836145,1.391152246482211,1.831690048286438,2.300085434475006,4.600170868950012
691.139,0.017649405574793248,0.0002358043925204308,0.0003228753649180716,0.0003998152233256099,0.0007996304466512198,1.3360472199539963,1.829383791707976,2.265318350985277,4.530636701970554
691.305,0.018031264711284047,0.0002488489082844259,0.00032952799713367406,0.0004129339899418323,0.0008258679798836646,1.380096805570688,1.8275367946179277,2.290099982190469,4.580199964380938
691.471,0.018258052965062863,0.0002627856384031899,0.0003318972660227044,0.00042333448589067,0.00084666897178134,1.4392862092471486,1.8178130310926157,2.318617909043909,4.637235818087818
691.636,0.018391684644449766,0.00025606376662571083,0.00033271173965056965,0.000419840153248656,0.000839680306497312,1.3922801068850734,1.8090335174976764,2.282771596865952,4.565543193731904
691.802,0.018669707635124544,0.00022456692576384006,0.00033638011381037676,0.0004044525746167331,0.0008089051492334663,1.2028411486280997,1.8017428038215384,2.166357302006219,4.332714604012438
691.968,0.018818455901848767,0.00025655383604056997,0.00033815274328623295,0.00042446100949219897,0.0008489220189843979,1.3633097071230247,1.7969207731491514,2.2555570537033223,4.5111141074066445
692.133,0.018937920233469973,0.00024851583381565236,0.0003391444271173338,0.00042045102223901593,0.0008409020444780319,1.3122657121368448,1.7908219220289363,2.2201541513303606,4.440308302660721
692.299,0.019288072923200617,0.00023804652006784337,0.00034490400625466014,0.0004190762690095024,0.0008381525380190048,1.2341643512842055,1.7881724505499619,2.1727223381938656,4.345444676387731
692.464,0.019568965840817527,0.00023815295196652099,0.0003485913744851704,0.00042217623677301923,0.0008443524735460385,1.2169930383841465,1.7813479635089768,2.15737632845386,4.31475265690772
692.63,0.019716285146963393,0.0002882422836311103,0.0003504177651864338,0.0004537358529267134,0.0009074717058534268,1.461950268433321,1.7773011628430595,2.30132527271039,4.60265054542078
692.795,0.019928374638197847,0.0002493780651857996,0.00035344359152129055,0.00043256420538838135,0.0008651284107767627,1.2513718239108296,1.7735695857695546,2.170594507789215,4.34118901557843
692.96,0.02033304092118025,0.0002454067579443935,0.0003590180847467605,0.00043487752531029956,0.0008697550506205991,1.20693583854819,1.7656881040985037,2.1387726852863516,4.277545370572703
693.126,0.02059230704666812,0.0002502804613272472,0.0003621075582384368,0.00044018427170400195,0.0008803685434080039,1.2154075828416862,1.7584603678344364,2.1376151331971553,4.275230266394311
693.291,0.02078121242983862,0.00027171116192431597,0.00036416360216772896,0.0004543589821474181,0.0009087179642948362,1.30748464672918,1.7523693740065238,2.18639303977774,4.37278607955548
693.456,0.021069839501311687,0.0002773151393382488,0.00036832705664967475,0.00046105152333161754,0.0009221030466632351,1.3161711047727003,1.7481246434114737,2.188206147953406,4.376412295906812
693.622,0.021316156954766845,0.0002699580850578462,0.00037226379457519856,0.00045984530055185403,0.0009196906011037081,1.2664481952853917,1.7463926324296966,2.157261749984538,4.314523499969076
693.787,0.021697593391955095,0.00027269972469825453,0.0003777114391544438,0.0004658659368516064,0.0009317318737032128,1.2568201448523988,1.740798771233723,2.147085754793144,4.294171509586288
693.952,0.02206131278966983,0.00028409306968110915,0.00038289315676105046,0.00047677672105009267,0.0009535534421001853,1.2877432652790057,1.7355864558537943,2.1611439246414315,4.322287849282863
694.117,0.02228114557119405,0.0002777460738820653,0.00038562314567657825,0.00047523477570396845,0.0009504695514079369,1.2465520365395686,1.7307150767648463,2.1329009955321636,4.265801991064327
694.283,0.02258540076337527,0.0002765313658709627,0.00039004370227204083,0.00047812517816210083,0.0009562503563242017,1.2243810449420447,1.7269726862874175,2.1169656592387494,4.233931318477499
694.448,0.022858376959251116,0.0002863889651325878,0.00039417279235023987,0.00048722769787738865,0.0009744553957547773,1.2528840767790472,1.7244128620895476,2.1315060940063835,4.263012188012767
694.613,0.02315969379327421,0.0003171320590089701,0.0003982867820025663,0.0005091218946079894,0.0010182437892159789,1.3693275128752704,1.7197411397478515,2.198310129453625,4.39662025890725
694.778,0.023671097532809774,0.00028824806165272585,0.00040545675790041056,0.0004974757557647064,0.0009949515115294128,1.2177215748158452,1.712876884303398,2.1016167715720435,4.203233543144087
694.943,0.023862287267343945,0.00030179049645279047,0.00040760491667096526,0.0005071678931513373,0.0010143357863026746,1.2647173888724292,1.7081552665271171,2.1253951369758566,4.250790273951713
695.108,0.02418281460125595,0.0003141888386017645,0.00041256938168580503,0.0005185828005309596,0.0010371656010619193,1.2992236171940337,1.70604368634732,2.144426978752203,4.288853957504406
695.273,0.0245347623972429,0.00030890951539785624,0.0004161741142120907,0.0005182914064920975,0.001036582812984195,1.2590687058480339,1.6962630714486089,2.112477790085877,4.224955580171754
695.438,0.02487048847859713,0.0003406337682092648,0.0004207605418303405,0.000541360136698118,0.001082720273396236,1.3696303894569863,1.691806504695055,2.1767169437142253,4.353433887428451
695.603,0.02528515921827639,0.00031302757376779587,0.0004262094736911947,0.0005288107198261757,0.0010576214396523513,1.2379893322622866,1.6856111919719525,2.0913877395873604,4.182775479174721
695.768,0.02556285192402982,0.00033697762088740656,0.0004289382257562262,0.0005454740309985764,0.0010909480619971529,1.3182317133036237,1.677974848154606,2.133854362649635,4.26770872529927
695.932,0.025972337454503575,0.000320576814918183,0.0004345331789605951,0.0005399894238600303,0.0010799788477200607,1.2343009768748994,1.6730615013830707,2.0790944396358007,4.158188879271601
696.097,0.026418464647779562,0.00033017430751040595,0.00044065242672380796,0.000550626583555096,0.001101253167110192,1.2497861322086963,1.6679713700199617,2.0842489936347435,4.168497987269487
696.262,0.02671480964515979,0.00032595506399901844,0.00044454719647342493,0.0005512430622139258,0.0011024861244278517,1.22012871635069,1.6640477786596108,2.0634362345673707,4.126872469134741
696.427,0.02704929322632084,0.00033802469593612934,0.00044794977571201736,0.0005611770635219862,0.0011223541270439725,1.2496618418377299,1.6560498345151997,2.0746459392732746,4.149291878546549
696.591,0.027431802083594883,0.00032557339936696106,0.00045243044876186147,0.0005573969405569232,0.0011147938811138464,1.1868465599701328,1.6492917504403757,2.031937015506046,4.063874031012092
696.756,0.02776451162249724,0.00029083463944183527,0.00045753699925259644,0.0005421484051293822,0.0010842968102587644,1.0475049710803324,1.6479202136653464,1.9526668161887855,3.905333632377571
696.921,0.02816475527865876,0.00034633304105319854,0.00046220528121292614,0.0005775641066637335,0.001155128213327467,1.2296682063331292,1.641076858790079,2.050662613430802,4.101325226861604
697.085,0.028717216486346595,0.00033708599406566376,0.00046894777521145557,0.0005775283397990185,0.001155056679598037,1.1738115155622029,1.6329847826108552,2.0110874606304563,4.022174921260913
697.25,0.029120360753500753,0.00036402961486790375,0.0004744615945905601,0.0005980228801996554,0.0011960457603993108,1.2500862126996188,1.6293122142503742,2.053624559330925,4.10724911866185
697.415,0.029535872340409587,0.00035506665447156247,0.00048032669434366855,0.0005973157141886893,0.0011946314283773785,1.202153944800801,1.6262485455237705,2.0223398425631403,4.0446796851262805
697.579,0.029959223261270446,0.0003378347901955277,0.00048435053520447436,0.0005905317827342716,0.0011810635654685433,1.127648695192512,1.6166992414339887,1.971118468540795,3.94223693708159
697.744,0.03045783229189767,0.0003773867729756221,0.0004910513383114441,0.0006193159074934327,0.0012386318149868653,1.2390467232167857,1.6122333776263935,2.0333551697248717,4.0667103394497435
697.908,0.030856049520567773,0.00038259221973655264,0.0004961273462958803,0.0006265134877602676,0.0012530269755205352,1.239926126905933,1.6078770743648692,2.0304397273625434,4.060879454725087
698.072,0.031213354536687856,0.00038250325545840207,0.0005005516836805463,0.0006299688313493813,0.0012599376626987627,1.2254474443264713,1.6036459108943353,2.018266990844968,4.036533981689936
698.237,0.03172592917413719,0.0003887265884483604,0.0005074514679627454,0.0006392302815920458,0.0012784605631840915,1.2252646291767184,1.5994849675716263,2.0148512533185094,4.029702506637019
698.401,0.032147346751816484,0.0003884231654190608,0.0005117181515491572,0.0006424391193405406,0.0012848782386810811,1.2082588601098565,1.5917896910737823,1.9984203495868273,3.9968406991736547
698.566,0.032737166492296736,0.00039755203333628975,0.0005182895602060015,0.0006532011079509502,0.0013064022159019004,1.2143752069374614,1.5831839335513607,1.9952890794768467,3.9905781589536935
698.73,0.033168805098305214,0.00039552266590351,0.0005236906174234565,0.00065626979362209,0.00131253958724418,1.1924537671202378,1.5788648878708473,1.978575326054247,3.957150652108494
698.894,0.033663956717126874,0.00046741867483096025,0.0005294228918903302,0.0007062356660763114,0.001412471332152623,1.3884840654906032,1.5726698330175224,2.097898568521528,4.195797137043056
699.058,0.034034994199667316,0.0004267962443543945,0.0005345823702657329,0.0006840565362555534,0.0013681130725111067,1.2539924110184402,1.5706844758943967,2.009862355910846,4.019724711821692
699.223,0.03452039650114646,0.0004479061388625553,0.0005399321459004167,0.0007015316325066116,0.0014030632650132231,1.2975115707250926,1.5640960146054084,2.032223565228496,4.064447130456992
699.387,0.03503984641145025,0.0004219975075163445,0.0005456230575073537,0.0006897727286821944,0.0013795454573643888,1.2043360651787705,1.557150254314631,1.9685381053976079,3.9370762107952157
699.551,0.03545513412313674,0.00041776767890947127,0.0005493035416813435,0.0006901189857155609,0.0013802379714311218,1.1782995304955035,1.5492919580379976,1.9464571289414871,3.8929142578829743
699.715,0.03583210948731647,0.00043632164754853296,0.0005527190887558386,0.0007041839043847501,0.0014083678087695002,1.2176833956788902,1.5425245587382599,1.965231504536485,3.93046300907297
699.879,0.036503247221481225,0.000398298416894675,0.0005613214843320473,0.0006882756988834759,0.0013765513977669517,1.0911314669569632,1.537730276230669,1.8855191011018968,3.7710382022037936
700.043,0.036938867183462454,0.00045237481164677764,0.0005655584054397965,0.0007242232253774127,0.0014484464507548253,1.2246580529933144,1.5310659166423957,1.960599446053526,3.921198892107052
700.207,0.03735753810636177,0.0004297084293649802,0.0005710688100919752,0.000714680991860832,0.001429361983721664,1.1502589601636608,1.5286575053903926,1.9130837525375526,3.826167505075105
700.371,0.037941669679210956,0.0004443071326586811,0.0005780273064115883,0.0007290571960339018,0.0014581143920678035,1.1710268325437623,1.5234630191520055,1.9215211196500603,3.8430422393001207
700.535,0.038646084493610816,0.0004580120942342609,0.0005855484451045919,0.0007433989911408669,0.0014867979822817338,1.1851448865666636,1.515155940833794,1.9236075294090136,3.847215058818027
700.699,0.03885255496958905,0.00043699675893809703,0.0005863059829200877,0.0007312461096855774,0.0014624922193711548,1.1247568127247907,1.5090538662875719,1.8821055919178122,3.7642111838356245
700.863,0.03922982667885491,0.0004387540277260614,0.0005905687232632289,0.0007357149677304396,0.0014714299354608791,1.1184194906539113,1.5054074240443909,1.875396936502383,3.750793873004766
701.027,0.039824019647457784,0.00047394809406216373,0.0005983267807915333,0.0007632966215551574,0.0015265932431103148,1.190106117508454,1.5024268923333763,1.9166739779465818,3.8333479558931636
701.19,0.04054223621338612,0.00047099657219551834,0.0006069216116707386,0.0007682392945775001,0.0015364785891550002,1.1617429529947982,1.4970106939250358,1.8949110022792603,3.7898220045585207
701.354,0.04083256817488015,0.0004793406256067274,0.0006108197707356697,0.0007764458948816878,0.0015528917897633756,1.1739174071877598,1.4959131841024902,1.901535782800335,3.80307156560067
701.518,0.041574780211604774,0.0005024843043970332,0.0006216538825013342,0.000799339743659949,0.001598679487319898,1.2086276868801693,1.4952667923613263,1.922655368450581,3.845310736901162
701.682,0.04227036395023804,0.0005040144397035347,0.0006304376174512776,0.0008071444387018419,0.0016142888774036837,1.1923588836303274,1.491441186059926,1.9094806934996749,3.8189613869993497
701.845,0.04251912870259476,0.0005125095555498058,0.0006310701522672724,0.0008129671466993595,0.001625934293398719,1.2053623185334217,1.4842029258910023,1.9120033065252995,3.824006613050599
702.009,0.043038433136938295,0.0005454461023178341,0.0006355918269749052,0.0008375490559071839,0.0016750981118143677,1.2673465611128345,1.4768005725315316,1.946049135297973,3.892098270595946
702.173,0.043560141574246675,0.0005318265751056292,0.0006415133742189425,0.0008332940149133177,0.0016665880298266354,1.2209018517516759,1.472707275584737,1.9129736148653198,3.8259472297306396
702.336,0.04426693180792359,0.0005013658704189082,0.0006489301959349405,0.00082004764204104,0.00164009528408208,1.1325968390905419,1.4659479874292638,1.8525061678077608,3.7050123356155216
702.5,0.044600987095558715,0.0004990988939431388,0.0006505154045209298,0.000819920726323157,0.001639841452646314,1.1190310494110975,1.4585224383648383,1.8383465921201623,3.6766931842403245
702.663,0.045211650601726716,0.0005524096055977046,0.0006561801700238442,0.0008577463423933283,0.0017154926847866565,1.2218302102348084,1.4513519442238267,1.897179888319692,3.794359776639384
702.827,0.045799527897861785,0.0005047639241418105,0.0006633612892629334,0.0008335675252837172,0.0016671350505674345,1.102115998373372,1.4484020244538445,1.8200351915038704,3.6400703830077408
702.99,0.04621169810986914,0.0005376413962567867,0.0006675680007448891,0.0008571495240548613,0.0017142990481097227,1.1634313783028154,1.4445866047980627,1.8548323457341322,3.7096646914682645
703.154,0.04683233730672809,0.0005281234738481969,0.0006738965160717649,0.0008561839276715894,0.001712367855343179,1.1276897635692527,1.4389555482957939,1.828189616213298,3.656379232426596
703.317,0.04737388137284083,0.0005002299425261764,0.0006801349877531614,0.0008442828891821359,0.0016885657783642719,1.055919270344936,1.4356750345203482,1.7821695514823457,3.5643391029646914
703.481,0.047882686144995926,0.0005417939377499553,0.0006831811881172949,0.0008719387632052845,0.001743877526410569,1.1315028069004367,1.4267812504263444,1.8209896591116956,3.6419793182233913
703.644,0.04833565035410565,0.0005711939118481834,0.0006872541100148577,0.0008936334240977922,0.0017872668481955843,1.1817238573674556,1.421836894673089,1.8488081106824015,3.697616221364803
703.807,0.048992005485753595,0.0005641107387703922,0.0006929746346421799,0.000893551772340887,0.001787103544681774,1.151434266013932,1.4144647229101293,1.8238726165245946,3.6477452330491893
703.971,0.049509196623681584,0.0005332437794548351,0.0006980390131105842,0.0008784118579297955,0.001756823715859591,1.0770600531210603,1.4099178752916652,1.7742397732820963,3.5484795465641925
704.134,0.04994792270962364,0.000599887943671065,0.0007015662532069798,0.0009230713691805087,0.0018461427383610173,1.20102681178267,1.4045954569233898,1.8480675854066244,3.696135170813249
704.297,0.05045711463804674,0.000581028115585691,0.0007047625410998498,0.0009133914333069786,0.0018267828666139571,1.1515286194101395,1.3967555341906726,1.8102331848722952,3.6204663697445905
704.46,0.051232800501324186,0.0005946793484378538,0.0007121785234256589,0.0009278155941172912,0.0018556311882345824,1.1607394923150522,1.3900831429413107,1.8109796556862248,3.6219593113724495
704.623,0.05162118766131836,0.0005830762874750075,0.0007142835374669031,0.0009220514784500215,0.001844102956900043,1.1295290052226519,1.3837022544952833,1.7861880367796117,3.5723760735592234
704.786,0.05225311034800078,0.0006475945822079818,0.0007196148751480692,0.0009681034611236041,0.0019362069222472083,1.2393416925711467,1.3771713690448322,1.852719301637982,3.705438603275964
704.95,0.05276008738372041,0.0006056322661670122,0.0007222931598155429,0.0009426016393678254,0.0018852032787356509,1.1478985274650728,1.3690143357086495,1.7865808911807706,3.573161782361541
705.113,0.05339116302448724,0.000613277223968741,0.0007285701357452176,0.0009523252575347407,0.0019046505150694813,1.148649306791591,1.364589371111971,1.7836758062340161,3.5673516124680322
705.276,0.05400038162572717,0.0005782022056944234,0.0007350542255608642,0.0009352125454594683,0.0018704250909189367,1.070737258306621,1.361201909007742,1.731862844861654,3.463725689723308
705.439,0.05447234042686178,0.0005857264198992708,0.0007390006510593539,0.0009429726407665101,0.0018859452815330202,1.0752730932971502,1.3566530192540298,1.7311035901470186,3.4622071802940373
705.602,0.0549257965507099,0.0006254557234566743,0.0007422004961057038,0.0009705959192291428,0.0019411918384582855,1.1387285442082322,1.3512785297896803,1.7671039478381458,3.5342078956762917
705.764,0.0555246142470565,0.0006147788457879134,0.0007462252632159678,0.0009668532322385126,0.0019337064644770253,1.1072185806684904,1.3439539802935723,1.7413056269720377,3.4826112539440754
705.927,0.0560690562896377,0.0006132652104337292,0.0007504356134862186,0.0009691479909264443,0.0019382959818528885,1.093767669756676,1.3384131339926064,1.72848992841985,3.4569798568397
706.09,0.05673515266604308,0.0006296176689560611,0.0007564728814016314,0.0009842101550775377,0.0019684203101550755,1.1097487877791463,1.3333406994679557,1.734744878313518,3.469489756627036
706.253,0.05735906792629159,0.0006559073940378349,0.0007614012664764989,0.0010049608938389196,0.002009921787677839,1.1435112489636317,1.3274296358074127,1.7520523435463238,3.5041046870926476
706.416,0.057754260556032645,0.0006575462914810958,0.0007635645467207844,0.0010076695601482955,0.002015339120296591,1.138524301325182,1.322092152803136,1.7447536345317136,3.4895072690634272
706.579,0.05839059737069762,0.0006204734279923078,0.0007690846991201593,0.0009881692918044314,0.001976338583608863,1.0626255868786203,1.3171379190343957,1.6923431790412342,3.3846863580824684
706.741,0.05893408574898864,0.0006700832308458528,0.0007737037075128129,0.0010235374752689268,0.0020470749505378536,1.1370045404621416,1.3128288963506833,1.7367495605656216,3.473499121131243
706.904,0.05940913017363246,0.0006600223226405799,0.0007765982190971953,0.0010191831338325812,0.0020383662676651624,1.1109779266445434,1.3072034834165485,1.715532832838756,3.431065665677512
707.067,0.05998070309457513,0.0006312073392487299,0.0007820032888536296,0.0010049636057586136,0.0020099272115172272,1.0523506839415802,1.3037581230426702,1.6754782020044479,3.3509564040088957
707.229,0.06061271342806595,0.0006462297752491203,0.0007886821934369897,0.0010196237171933133,0.0020392474343866266,1.066162094881388,1.301182786302717,1.6821944762518903,3.3643889525037807
707.392,0.06127752335237687,0.0007124339514338563,0.0007926344892983331,0.001065753990741244,0.002131507981482488,1.1626350290578804,1.2935158699875686,1.7392249758734823,3.4784499517469647
707.555,0.061834685166295596,0.0006981831743406447,0.0007998287769694933,0.001061690075964212,0.002123380151928424,1.1291125239224238,1.2934953494441954,1.7169814532231344,3.433962906446269
707.717,0.062414261914872766,0.0006893150371415277,0.0008031747285450401,0.0010584162059430234,0.002116832411886047,1.1044191119037652,1.286844871514295,1.6957922331703683,3.3915844663407366
707.88,0.0629622045321502,0.0007004414455624783,0.0008075177355670236,0.0010689729238465059,0.0021379458476930117,1.112479225858132,1.2825436173453604,1.6978009772524074,3.395601954504815
708.042,0.06359087947963567,0.0007167625404826218,0.0008112391390784983,0.0010825236626568148,0.0021650473253136296,1.1271467643597501,1.2757161808688138,1.7023253515521544,3.4046507031043087
708.204,0.06417465716927942,0.0007208580105077212,0.0008159220822372063,0.0010887447430851036,0.0021774894861702073,1.1232752028674613,1.2714085563168234,1.6965337893636439,3.3930675787272877
708.367,0.06487722687328337,0.000724983328811648,0.0008216751466995695,0.001095787786826709,0.002191575573653418,1.1174696634732366,1.26650781221652,1.6890176100883214,3.378035220176643
708.529,0.06539114763383307,0.0007067247520465956,0.0008282467981511289,0.0010887849345958636,0.002177569869191727,1.0807651763568982,1.2666038571291232,1.6650341429893052,3.3300682859786104
708.692,0.06579951391184082,0.0006675599408431937,0.0008306004805340015,0.0010656141106807297,0.0021312282213614593,1.0145362802187272,1.2623200859004104,1.619486296066648,3.238972592133296
708.854,0.06639611557872586,0.0006921405284272882,0.0008354938215750734,0.0010849462829936448,0.0021698925659872897,1.0424412970463872,1.2583474414017919,1.6340508379699175,3.268101675939835
709.016,0.0671509858374558,0.0007261683993282148,0.0008411011238718976,0.0011112027919158009,0.0022224055838316018,1.081396483271239,1.2525521604520424,1.6547825442288426,3.3095650884576853
709.178,0.06793737196379732,0.0007411400954488651,0.0008478225703972199,0.0011260958005236065,0.002252191601047213,1.090916639877984,1.247947257731739,1.657549840349556,3.315099680699112
709.341,0.06840374388330647,0.0007223765025160047,0.0008476847532925634,0.0011137312298539219,0.0022274624597078438,1.0560481948887834,1.2392373650463828,1.6281729136842191,3.2563458273684383
709.503,0.0688711955323831,0.0007269878599467964,0.0008501757740757209,0.0011186197724585751,0.0022372395449171503,1.0555760711384314,1.234443176866256,1.6242200586348212,3.2484401172696424
709.665,0.06956143849116934,0.0007545835091947123,0.0008552986143800511,0.0011405840574499723,0.0022811681148999447,1.0847727211542713,1.2295585498690187,1.6396786526988898,3.2793573053977796
709.827,0.0702018996305646,0.0006698194594807939,0.0008587095616827389,0.0010890547367439821,0.0021781094734879642,0.9541329550990768,1.223199893737452,1.5513180447752841,3.1026360895505682
709.989,0.07079571096960682,0.00074951807192983,0.0008613389918899236,0.0011417890344101924,0.002283578068820385,1.0587054804091227,1.2166542013536716,1.6127940785853139,3.2255881571706277
710.151,0.0715479205988885,0.0007338379992762189,0.0008706239406681499,0.0011386414076636517,0.0022772828153273033,1.0256594365477887,1.2168403125913838,1.591438854033363,3.182877708066726
710.313,0.07224040878227214,0.000786811633685213,0.000875610294611577,0.001177185599186537,0.002354371198373074,1.0891572278565198,1.2120782666811991,1.6295389506093427,3.2590779012186855
710.475,0.07290392105042984,0.0007246116469473607,0.0008802089585714239,0.0011401008067891002,0.0022802016135782003,0.9939268512678832,1.2073547566290115,1.56384017534593,3.12768035069186
710.637,0.07344448471266198,0.0007484802997754202,0.0008845787370714576,0.0011587503187619143,0.0023175006375238285,1.0191102881362863,1.204418194956652,1.5777227157291815,3.155445431458363
710.799,0.07400539961396616,0.000759860503903217,0.0008919903748804662,0.0011717656823236656,0.0023435313646473313,1.026763598152124,1.205304450125733,1.5833516046611988,3.1667032093223977
710.961,0.07468016504234844,0.0008260231747414941,0.0008966871140392426,0.001219164494928409,0.002438328989856818,1.1060810782529553,1.2007031767146787,1.6325144624908965,3.265028924981793
711.123,0.0753860308078182,0.0007525200323966304,0.0009021860216028391,0.0011748302076188643,0.0023496604152377287,0.9982221166611513,1.196754905299079,1.5584189736873957,3.1168379473747914
711.285,0.07610469371262765,0.0007850400684457135,0.0009082861243556215,0.0012005297134024657,0.0024010594268049313,1.0315264803640567,1.1934692593144414,1.577471315942328,3.154942631884656
711.446,0.07638434304539946,0.0008538769846445984,0.0009096900421444756,0.0012476545506199099,0.0024953091012398197,1.1178691216040073,1.1909378360481497,1.633390431699281,3.266780863398562
711.608,0.07721547375703854,0.0007972826900457188,0.0009159859567586417,0.0012143681323328532,0.0024287362646657064,1.0325426384799496,1.1862725334572535,1.5727004876689734,3.145400975337947
711.77,0.07794228376807098,0.0008065364217827362,0.0009242695286924502,0.0012266927738156215,0.002453385547631243,1.0347867457703792,1.1858383973489326,1.5738476145577551,3.1476952291155103
711.932,0.07860869125692212,0.000850574182764023,0.0009300500613736928,0.0012603450150835268,0.0025206900301670537,1.0820358018479581,1.1831389716614757,1.6033150977724027,3.2066301955448053
712.093,0.07905048840874399,0.0008524959426464943,0.0009329187183836081,0.0012637589435249305,0.002527517887049861,1.0784195769145906,1.1801555400389094,1.5986731631441036,3.197346326288207
712.255,0.08007505275388564,0.0008449295266640858,0.0009420971812106274,0.0012654852839420164,0.0025309705678840328,1.0551719887853406,1.1765177153316482,1.5803739622021151,3.1607479244042302
712.416,0.08062151239263048,0.0008775656847170603,0.0009448401624493248,0.0012895132661474209,0.0025790265322948418,1.0885006478708499,1.1719454701468632,1.599465487409157,3.198930974818314
712.578,0.08135773401840679,0.0008175865786430333,0.0009510526030522356,0.0012541725827611024,0.002508345165522205,1.0049279131324604,1.1689762682390645,1.5415529917258413,3.0831059834516825
712.74,0.08197293913825555,0.0008328213767887595,0.0009557838568091459,0.0012677200899935642,0.0025354401799871284,1.015971106494209,1.165974853234335,1.54651047445722,3.09302094891444
712.901,0.08280911742334428,0.0008738072775011403,0.0009687236032556637,0.0013045936446720073,0.0026091872893440147,1.055206606096263,1.169827228447886,1.5754227134224186,3.150845426844837
713.063,0.08329240392444942,0.0009083847545356756,0.0009753029397823582,0.0013328085708836622,0.0026656171417673243,1.0905973555039044,1.170938637654172,1.600156206432209,3.200312412864418
713.224,0.08409948280326528,0.0008162396823458502,0.000983303006344333,0.0012779405390400049,0.0025558810780800098,0.9705644495523089,1.169214094508266,1.519558142859812,3.039116285719624
713.385,0.08477752808974603,0.0008654482165130928,0.0009862529888776984,0.0013121339769763935,0.002624267953952787,1.0208462501960704,1.1633424695205135,1.5477379519574574,3.095475903914915
713.547,0.08533639783444938,0.000880572963134857,0.00099059896082778,0.0013254037289057172,0.0026508074578114344,1.0318843840153036,1.1608164698368437,1.5531517178367074,3.1063034356734147
713.708,0.08603555740675004,0.00085893723635941,0.000997507458659885,0.0013163564509990609,0.0026327129019981218,0.9983514517127088,1.1594130249473156,1.5300144390019195,3.060028878003839
713.869,0.08690484197669834,0.0008501231522565434,0.001006930903535245,0.0013178084908274444,0.002635616981654889,0.9782229999157992,1.1586591502061896,1.5163809758503286,3.032761951700657
714.031,0.08756643044235297,0.0009006796899926282,0.0010124511812454045,0.001355094571744139,0.002710189143488278,1.0285673236224544,1.156209264361786,1.5475046372208006,3.095009274441601
714.192,0.08834543555047583,0.0008909508205374918,0.0010194293736604618,0.001353894239775837,0.002707788479551674,1.0084854016350968,1.1539128957918994,1.532500498005123,3.065000996010246
714.353,0.08931213122332197,0.0009203907552238484,0.0010314370784618829,0.0013823825769762547,0.0027647651539525094,1.0305327424361224,1.1548678374753025,1.5478105359726033,3.0956210719452066
714.514,0.0898482816377471,0.000852677683254543,0.001035524990440732,0.0013414064400276348,0.0026828128800552697,0.9490194667187889,1.1525262048035505,1.4929683857905667,2.9859367715811334
714.675,0.09055263397323646,0.0009097379637063361,0.0010400282874039471,0.001381767708845788,0.002763535417691576,1.004651023155457,1.1485345503161573,1.5259276822960006,3.0518553645920012
714.836,0.09145494699474098,0.0009499872713132714,0.001045973361963997,0.001412988354373631,0.002825976708747262,1.038748916849626,1.143703425932929,1.5450103037672565,3.090020607534513
714.998,0.09204799823751893,0.0008845299749602354,0.001047748341572527,0.001371192861661384,0.002742385723322768,0.9609442811323402,1.1382630384518921,1.4896498434688212,2.9792996869376425
715.159,0.09284390910678735,0.0009019627046422369,0.0010556927724737883,0.0013885330210041578,0.0027770660420083156,0.9714829042848854,1.1370619598314737,1.4955563960658882,2.9911127921317764
715.32,0.09350350135453027,0.0009571945754037636,0.0010610916265703552,0.001429033552846158,0.002858067105692316,1.023699178680422,1.1348148584801043,1.528320899372311,3.056641798744622
715.481,0.09429673356525639,0.0009219247222982736,0.001067027535105055,0.001410139338596409,0.002820278677192818,0.9776846847619296,1.1315636234277802,1.4954275564811024,2.9908551129622047
715.641,0.09511325194574995,0.0009712087484415962,0.0010724441642793491,0.0014468527632576589,0.0028937055265153178,1.021107709570847,1.1275444192477433,1.5211894595748918,3.0423789191497836
715.802,0.09582309029694287,0.0010181128150685353,0.0010768271376260382,0.0014819279296020653,0.0029638558592041306,1.0624921528971154,1.1237658212536203,1.5465248772605538,3.0930497545211075
715.963,0.09670422879890711,0.0009598295081814808,0.001087077100866082,0.0014501756128149823,0.0029003512256299646,0.9925414018630053,1.1241257123580592,1.4995989635888305,2.999197927177661
716.124,0.09731068646247548,0.0008936482999899889,0.0010938832074873063,0.001412511152415341,0.002825022304830682,0.9183454895620262,1.1241141618183166,1.4515478245650104,2.903095649130021
716.285,0.09816983402208793,0.0010062850423855864,0.0011045999924052764,0.001494239180904683,0.002988478361809366,1.0250450684873065,1.1251928898614054,1.5220960652418782,3.0441921304837565
716.446,0.09917060042666348,0.0009803091333500339,0.0011211077680214217,0.0014892577427858043,0.0029785154855716087,0.9885078129328975,1.1304839974731014,1.5017129435321999,3.0034258870643997
716.606,0.10016870476670789,0.0010027651615149309,0.0011311981494340625,0.0015116703418507332,0.0030233406837014663,1.0010762980816843,1.1292929783494894,1.5091243770910299,3.0182487541820597
716.767,0.10120548071213097,0.0009989176005249806,0.001146397284501272,0.0015205469761077673,0.0030410939522155346,0.9870192735572331,1.1327422946214607,1.5024354070633916,3.0048708141267833
716.928,0.10170713135015179,0.0009810326293934655,0.0011499522034143577,0.001511560481777753,0.003023120963555506,0.9645662171082375,1.130650514028721,1.486189278678832,2.972378557357664
717.088,0.10281736125550377,0.0010230906802895063,0.0011597591652860878,0.0015465302653230968,0.0030930605306461936,0.9950563482631107,1.1279798967064099,1.5041528458213682,3.0083056916427364
717.249,0.10390514529009218,0.0009692219759701335,0.0011767257124438901,0.0015244916008394507,0.0030489832016789013,0.9327949768648783,1.1324999442121912,1.4671954854432199,2.9343909708864397
717.41,0.10518767846314203,0.0010164617571569736,0.0011968438475783512,0.0015702323710995115,0.003140464742199023,0.9663315818051292,1.1378175324952415,1.4927911653166905,2.985582330633381
717.57,0.10521049287751719,0.0010065991177049926,0.0012013898121342754,0.0015673478441190069,0.0031346956882380137,0.9567478396635252,1.1418916300799924,1.489725788038713,2.979451576077426
717.731,0.10732178927223636,0.0010489037583484965,0.001232111204778183,0.0016181152972571352,0.0032362305945142704,0.977344643116049,1.148053170873591,1.5077229966345091,3.0154459932690183
717.891,0.10693140704829049,0.0009401830689693108,0.0012276899560941966,0.001546339817592214,0.003092679635184428,0.8792394067579432,1.1481097929813724,1.4461044329977657,2.8922088659955314
718.052,0.10758563152004656,0.001002610444321052,0.001233076819383244,0.001589247037298467,0.003178494074596934,0.931918537964091,1.1461352245290146,1.4771926463082952,2.9543852926165903
718.212,0.10927742434766735,0.0010981306142201503,0.0012619122533873797,0.0016728160033717813,0.0033456320067435626,1.0049016260910721,1.154778547280353,1.5307974298970466,3.061594859794093
718.372,0.10973968179965804,0.0010970741948657617,0.001263291966563983,0.0016731641825671068,0.0033463283651342136,0.9997060105100289,1.151171523232829,1.52466651545578,3.04933303091156
718.533,0.1119017816891161,0.001037751576120915,0.0012877555957769508,0.0016538569491332353,0.0033077138982664706,0.9273771699220852,1.150790967166702,1.4779540809528453,2.9559081619056906
718.693,0.11428674529006738,0.0009817220161217875,0.001317058856584564,0.001642687477472835,0.00328537495494567,0.8589990148289826,1.1524161032338271,1.437338576143353,2.874677152286706
718.853,0.11256051601372785,0.0010118975478902931,0.0012974906031558895,0.0016454235055766713,0.0032908470111533425,0.8989809070943513,1.1527049174131787,1.4618123333549715,2.923624666709943
719.014,0.1126220240254446,0.0010971625742403248,0.0013013977314965677,0.0017021755990079485,0.003404351198015897,0.9741989488596331,1.1555446128392648,1.5114056186944191,3.0228112373888383
719.174,0.11536063506105657,0.0011111314734045695,0.0013342627096321884,0.0017363381380091952,0.0034726762760183905,0.9631807876373811,1.1566013908696042,1.5051391985578173,3.0102783971156346
719.334,0.11642180976176425,0.0010776111075063385,0.0013442959334618023,0.0017228979237734823,0.0034457958475469647,0.9256093078362815,1.1546770628395624,1.4798755725401238,2.9597511450802476
719.494,0.11632342317888948,0.0010432180399598074,0.001339689945720616,0.0016979614334732367,0.0033959228669464734,0.8968254298667613,1.1516940519024759,1.4596900495801304,2.9193800991602608
719.654,0.11681799285009062,0.0010414584103008314,0.001347077119501109,0.0017027191154943143,0.0034054382309886286,0.8915222603056593,1.1531418120064576,1.4575829236163713,2.9151658472327426
719.814,0.11825737502880754,0.0011251153063225813,0.0013641832775505072,0.0017682987494396416,0.003536597498879283,0.9514123800300006,1.15357141761196,1.4952968041180377,2.9905936082360753
719.974,0.11904209242374447,0.0012139157906451842,0.0013691866781384223,0.0018298261410225427,0.0036596522820450854,1.0197366040275122,1.150170204724426,1.5371253174121462,3.0742506348242924
720.134,0.12151318766358765,0.0011073958749414558,0.0013952537031774077,0.0017813080924050232,0.0035626161848100464,0.9113380170778742,1.148232327704383,1.4659380818291263,2.9318761636582527
720.294,0.12086674691486166,0.0011737791846799176,0.0013873723899311698,0.0018172946163820488,0.0036345892327640976,0.971134918942367,1.1478528423607137,1.5035521868245103,3.0071043736490206
720.454,0.12235297551527652,0.001159704593376017,0.0014029546577278658,0.0018202188097967084,0.0036404376195934168,0.9478352189573198,1.1466453119096383,1.4876784174075464,2.9753568348150927
720.614,0.12322479894935966,0.0011604558650483462,0.0014234939386675591,0.0018365709374125428,0.0036731418748250856,0.9417388991036179,1.1552008611939848,1.4904231559487455,2.980846311897491
720.774,0.12373128175183384,0.0012074929274423732,0.001431050768482578,0.0018724170133274077,0.0037448340266548153,0.9758994737193667,1.1565796039782543,1.513293151753563,3.026586303507126
720.934,0.12440664122631483,0.0011843711104294941,0.0014513286573300539,0.001873256469041933,0.003746512938083866,0.9520159846409973,1.1666006276062575,1.5057527882568513,3.0115055765137027
721.094,0.12513853989699078,0.0011875045302097607,0.0014630937607340686,0.0018843594036084689,0.0037687188072169377,0.9489518825992924,1.1691791848765625,1.5058185952621796,3.0116371905243593
721.254,0.12589901622464766,0.0011196553458389788,0.0014710123268050533,0.0018486496041917248,0.0036972992083834496,0.8893281134469898,1.1684065300242341,1.4683590544449454,2.936718108889891
721.413,0.12691705678387938,0.0011454227278335184,0.00148748613314924,0.0018773939974733212,0.0037547879949466423,0.9024970771139144,1.1720143618538246,1.4792290690054688,2.9584581380109376
721.573,0.12805377875124055,0.001182674974871846,0.0015088549580707556,0.0019171237259714938,0.0038342474519429876,0.9235767865697511,1.1782978782702562,1.4971238995576468,2.9942477991152936
721.733,0.1292522866989777,0.0011814487100273695,0.0015242625846393445,0.0019285220977102518,0.0038570441954205036,0.9140640681885235,1.1792925475966842,1.49206033174615,2.9841206634923
721.892,0.13019276731575805,0.0011815465914906574,0.0015354644531515168,0.0019374476598749905,0.003874895319749981,0.9075362755175475,1.1793776911028682,1.4881377052045266,2.976275410409053
722.052,0.13092728437668613,0.00112612466036962,0.0015466207047869548,0.0019131629191389552,0.0038263258382779104,0.8601145786616086,1.1812821996194685,1.461240816417351,2.922481632834702
722.212,0.13215010480609626,0.0011781199029488169,0.001566842413513896,0.0019603473300693884,0.003920694660138777,0.891501300492702,1.185653553444337,1.4834247259552342,2.9668494519104684
722.371,0.13388555870050042,0.0012131767776033947,0.0015895587498104937,0.0019996236928020374,0.003999247385604075,0.9061296747599562,1.1872518330123325,1.4935320225799404,2.987064045159881
722.531,0.1341131826663363,0.001176822549799093,0.0015869300008122785,0.001975666505560515,0.00395133301112103,0.8774846188886151,1.1832766691999572,1.4731337116022571,2.9462674232045143
722.69,0.13544430103603303,0.0011629089645881047,0.001609588256995644,0.001985732010362338,0.003971464020724676,0.8585883316557774,1.1883765095199066,1.4660875320505826,2.9321750641011652
722.85,0.13667115237535338,0.0011814578367334812,0.0016354742919942923,0.002017577453222847,0.004035154906445694,0.8644529706523055,1.1966492296067197,1.4762277321565096,2.952455464313019
723.009,0.13716039366875385,0.0011801369348695282,0.0016438575146399453,0.0020236083399416656,0.004047216679883331,0.8604064943992444,1.198492852543065,1.4753590929672715,2.950718185934543
723.168,0.13842731865215877,0.0012601468931180485,0.0016727939208834477,0.0020943279814727416,0.004188655962945483,0.9103310714878146,1.2084275973638248,1.51294412249318,3.02588824498636
723.328,0.14087800427666394,0.0011770353402363318,0.0017035950617596458,0.002070663740595539,0.004141327481191078,0.8354997263623961,1.2092697298678596,1.469827565507711,2.939655131015422
723.487,0.14295685039320885,0.0012896546105428978,0.0017364089871489121,0.0021629436389203637,0.0043258872778407275,0.9021285842515756,1.214638530698491,1.5130045415599853,3.0260090831199706
723.646,0.14271638149161797,0.0012489503274764242,0.0017336507154853916,0.0021366847506842177,0.0042733695013684354,0.8751275182448328,1.2147524323178083,1.4971545160775461,2.9943090321550923
723.806,0.14243861555500928,0.001306179184129094,0.0017345746163542806,0.0021713712627629447,0.004342742525525889,0.9170119907720193,1.217769921166072,1.5244259811865195,3.048851962373039
723.965,0.1441707818375981,0.0013220030120466874,0.0017711841983292596,0.0022101550688292835,0.004420310137658567,0.9169701344450393,1.2285320061067706,1.5330117799589404,3.066023559917881
724.124,0.14651227713226905,0.0012942657853054456,0.0018171755783472486,0.002230975348486392,0.004461950696972784,0.8833838437559756,1.2402889463705011,1.5227224585911674,3.045444917182335
724.283,0.1467157423913252,0.0013794432331469886,0.001821621070435266,0.0022849872992488913,0.004569974598497783,0.9402148744663614,1.241598918251442,1.5574247602921134,3.114849520584227
724.442,0.14844379844996217,0.001308591736422217,0.001846051592698148,0.0022628121476463486,0.004525624295292697,0.8815401856368696,1.2436030416726502,1.5243561342908531,3.0487122685817063
724.601,0.14904693321529708,0.0012899094954749997,0.0018488500194128292,0.0022543542092580277,0.004508708418516055,0.8654384680372699,1.2404482128741157,1.5125129787149871,3.0250259574299743
724.76,0.14953957799944428,0.0012294140216846175,0.0018610446822750657,0.0022304587299788905,0.004460917459957781,0.8221328681890396,1.244516473279055,1.491550771921517,2.983101543843034
724.919,0.15046156928666446,0.0012731890925639843,0.0018628177420685983,0.002256346694457537,0.004512693388915074,0.8461888963408732,1.238068797833349,1.499616616492062,2.999233232984124
725.078,0.15194035586906304,0.0013763921363692839,0.001886506686274549,0.0023352436254955884,0.004670487250991177,0.9058766043403315,1.2416100222249549,1.5369475819235416,3.0738951638470833
725.237,0.1547976830716374,0.001433831338553885,0.0019330591773822393,0.002406780025403428,0.004813560050806856,0.9262614983005497,1.248764929180275,1.5547907291930307,3.1095814583860615
725.396,0.15606717722120306,0.0013995434255283335,0.0019544987544955544,0.0024039108097565214,0.004807821619513043,0.8967570570874615,1.2523445283599448,1.5403051766287277,3.0806103532574554
725.555,0.1553989499062135,0.001364928992429377,0.0019516513693257067,0.0023815906914844078,0.0047631813829688155,0.8783386202114879,1.2558973986011932,1.5325654986225759,3.0651309972451517
725.714,0.1561548515475558,0.0012858223855517997,0.001960031476351309,0.0023441549853783165,0.004688309970756633,0.823427753162195,1.2551844895798172,1.5011733302851764,3.002346660570353
725.873,0.15773188601598104,0.001391003725926109,0.0019780027376833736,0.0024181369266075975,0.004836273853215195,0.8818785859094944,1.25402845781161,1.5330679088961108,3.0661358177922216
726.031,0.15859410837281301,0.0013570753553669263,0.001990357036752389,0.0024089779272326306,0.004817955854465261,0.8556909013144418,1.2550006158321996,1.5189580192788483,3.0379160385576967
726.19,0.16041207857154738,0.00139257090801168,0.002026390870195816,0.0024587626344674735,0.004917525268934947,0.8681209796745837,1.2632408283968468,1.532778987943112,3.065557975886224
726.349,0.1616862066789371,0.0014678435561965774,0.0020292147446233774,0.0025044514739289187,0.005008902947857837,0.9078347413464267,1.2550326872673943,1.5489580251592199,3.0979160503184398
726.508,0.16405536779716698,0.0014424079642841488,0.0020701652759333674,0.0025231181116052845,0.005046236223210569,0.879220219156436,1.2618698819369667,1.537967422513593,3.075934845027186
726.666,0.16381927418683573,0.0013659578911928139,0.0020728658879937425,0.002482461268604206,0.004964922537208412,0.8338200117007845,1.2653369991309087,1.515365808404792,3.030731616809584
726.825,0.16403601440306814,0.0013715365372489509,0.0020699518804013855,0.0024831055676684537,0.004966211135336907,0.8361191548331703,1.261888669957022,1.513756339852896,3.027512679705792
726.983,0.1656449971034733,0.0012596871128897054,0.0020905053849201807,0.0024407016177240256,0.004881403235448051,0.7604739864873902,1.2620395553596506,1.4734532647547423,2.9469065295094845
727.142,0.16688364602527406,0.0015008989562940922,0.0021002710796292176,0.0025814407382180157,0.0051628814764360315,0.8993685073651767,1.2585242051286065,1.5468506349789743,3.0937012699579487
727.301,0.16916578201936003,0.0014442879824114517,0.002133711565993276,0.0025765660913300127,0.0051531321826600255,0.8537707597663937,1.2613139256194763,1.523101220928438,3.046202441856876
727.459,0.16959368896814983,0.0014036602018987435,0.0021502298844564157,0.0025678299239637876,0.005135659847927575,0.827660634330771,1.2678714034342604,1.5141070045631433,3.0282140091262866
727.617,0.17276426621166585,0.0014731036406851437,0.0022003987926454186,0.002647978319940562,0.005295956639881124,0.8526668581339264,1.2736423109334154,1.532711814777909,3.065423629555818
727.776,0.17456242621101997,0.0014072697772596749,0.002233177739021779,0.0026396005455467915,0.005279201091093583,0.8061699231646192,1.2793003554626352,1.5121241167649146,3.0242482335298293
727.934,0.17361018205906936,0.0014304261649444186,0.0022507588843520025,0.0026668398093712092,0.0053336796187424184,0.8239298801367126,1.2964440550993728,1.5361079504333681,3.0722159008667362
728.093,0.1740242211438571,0.0014058812251826877,0.0022743691888926867,0.0026738094970856752,0.0053476189941713504,0.8078652591816609,1.3069268024550327,1.5364582467376027,3.0729164934752053
728.251,0.1754474461833566,0.0014156648433430658,0.002300621156487614,0.002701289442906101,0.005402578885812202,0.8068882586433223,1.311287913580276,1.5396573171450088,3.0793146342900175
728.409,0.17670114431730446,0.0014164768377167062,0.002328258533395607,0.002725287953614697,0.005450575907229394,0.8016229001738217,1.3176250456050946,1.5423148300165297,3.0846296600330594
728.567,0.17791442718757253,0.001443155560152762,0.0023591483664078925,0.002765552202639621,0.005531104405279242,0.8111515086020904,1.3260017209962842,1.5544282981188144,3.108856596237629
728.726,0.17949746409634773,0.0013954277840578567,0.002369392056818484,0.002749770430315074,0.005499540860630148,0.7774080770906276,1.3200142234581544,1.531927174658633,3.063854349317266
728.884,0.1814512564182309,0.0013741354866915253,0.0023999102429302062,0.002765468768564613,0.005530937537129226,0.7573028227064192,1.3226197990046438,1.5240835600445912,3.0481671200891824
729.042,0.18388253750040542,0.001567717298647626,0.0024394461260143496,0.0028997646335876003,0.005799529267175201,0.8525645338368085,1.3266328381013184,1.5769657483550918,3.1539314967101837
729.2,0.18436784555216762,0.0014750716302592024,0.00244122422768148,0.0028522643713748868,0.0057045287427497735,0.8000698960501901,1.3241051986967682,1.5470508769208497,3.0941017538416995
729.358,0.1850696314546162,0.0014793994326803856,0.0024592255361329664,0.0028699151414255304,0.005739830282851061,0.7993744954547943,1.3288109544520443,1.5507218114979102,3.1014436229958204
729.516,0.18598142535795975,0.00149042472239272,0.0024709124941037484,0.0028856150828960926,0.005771230165792185,0.8013836432988343,1.3285802543710834,1.551560903107463,3.103121806214926
729.674,0.18645552578991062,0.0015853127242354704,0.0024803567760703048,0.0029437027992344545,0.005887405598468909,0.8502363861405355,1.3302672396338926,1.578769407215789,3.157538814431578
729.832,0.18786625343149063,0.0014274998433650285,0.002508381513246151,0.0028861277897560653,0.0057722555795121306,0.7598489975133274,1.3351953676772954,1.5362672843255227,3.0725345686510455
729.99,0.18954904308837886,0.0015044309886379922,0.0025370295473283347,0.00294954768118627,0.00589909536237254,0.793689571904902,1.3384554762143657,1.5560868222431585,3.112173644486317
730.148,0.1905613806355265,0.001413416275571743,0.002559299425327266,0.002923655095344109,0.005847310190688218,0.7417118152995995,1.3430315296792796,1.534232742013966,3.068465484027932
730.306,0.19273256014607265,0.0015315807681402025,0.002603765297762548,0.003020816673545322,0.006041633347090644,0.7946663329638812,1.3509732324362556,1.567361877648403,3.134723755296806
730.464,0.19396293988385055,0.001483889670533467,0.002650529773665856,0.0030376366858801754,0.006075273371760351,0.7650377290744583,1.3665135078139432,1.5660912789315227,3.1321825578630453
730.622,0.19415982399894102,0.0015451257111926578,0.002673738424757067,0.0030880885070559455,0.006176177014111891,0.7958009434542366,1.3770811951146238,1.5904878998411063,3.1809757996822126
730.779,0.1954960074724643,0.0015565810054702428,0.0027003667355849463,0.0031168774331443404,0.006233754866288681,0.7962213784286557,1.3812899662236295,1.594343267385322,3.188686534770644
730.937,0.19726668412688625,0.0015057436085026813,0.002717752697074266,0.0031069991208561875,0.006213998241712375,0.7633035528361971,1.3777048613673395,1.5750247613315675,3.150049522663135
731.095,0.1986225542237317,0.0015225826797151292,0.0027509606392028957,0.0031442077626982774,0.006288415525396555,0.7665708890240466,1.3850192642796086,1.5830064088072244,3.166012817614449
731.252,0.1995250317494599,0.0014952397287520934,0.0027689946335854427,0.0031469148585978003,0.006293829717195601,0.7493995693881857,1.3877931051089474,1.577203036132993,3.154406072265986
731.41,0.20067514983584586,0.0015988760733217202,0.0028061363283072432,0.0032296758027527063,0.006459351605505413,0.7967484138567309,1.3983476930764416,1.6094049539240964,3.218809907848193
731.568,0.20198587596947934,0.0015236347758164237,0.002833479830535691,0.0032171526044205197,0.0064343052088410395,0.7543273847754828,1.4028108732532556,1.5927611715319347,3.1855223430638695
731.725,0.20370144465461076,0.001678659025544719,0.0028709470615570255,0.0033256928833411037,0.006651385766682207,0.8240781151017343,1.409389641995375,1.6326309756811177,3.2652619513622354
731.883,0.20556223401013143,0.0015480174817606794,0.002914437922383822,0.0033000464431982776,0.006600092886396555,0.7530651188021157,1.4177886013051306,1.6053758410874392,3.2107516821748785
732.04,0.20620696806944633,0.0015536004889707706,0.002903297649334226,0.00329284249850488,0.00658568499700976,0.7534180360226961,1.4079532212298735,1.5968628651753014,3.193725730350603
732.198,0.2073058192422899,0.0015384543779281606,0.002925603398552519,0.00330544960914372,0.00661089921828744,0.7421182789519685,1.4112500118162155,1.5944798950773573,3.1889597901547146
732.355,0.20840540286231735,0.0015927619293768594,0.0029566376931382437,0.003358362251478856,0.006716724502957712,0.7642613423170774,1.4186953181302795,1.6114564235638131,3.2229128471276263
732.513,0.2101238805492209,0.0015427052898935737,0.0029969195307374703,0.0033706774222967877,0.006741354844593575,0.7341884634251267,1.426263175277429,1.6041381938533237,3.2082763877066474
732.67,0.21132746866956306,0.0017181507727396439,0.003017161241709014,0.003472074889217817,0.006944149778435634,0.8130276596584742,1.4277184412910955,1.642983238798379,3.285966477596758
732.827,0.21283731202525694,0.0016562324561856143,0.0030438321791246086,0.003465259049998585,0.00693051809999717,0.778168282819261,1.4301215093166575,1.628125734639691,3.256251469279382
732.985,0.21413636290063423,0.0016011326050978777,0.0030932325782935784,0.0034830609243199084,0.006966121848639817,0.7477163539201662,1.444515324904875,1.6265621014288707,3.2531242028577414
733.142,0.21523052755413194,0.0015387764845109903,0.00311793030269742,0.0034769702963590053,0.0069539405927180106,0.7149434153219634,1.4486468709292364,1.615463352653133,3.230926705306266
733.299,0.21658792852810563,0.001632451548739752,0.003139440657575969,0.003538500487695861,0.007077000975391722,0.7537130807952283,1.449499369106611,1.6337477862884155,3.267495572576831
733.456,0.21776180477237295,0.0016312236556989181,0.0031469187492479214,0.003544571656671627,0.007089143313343254,0.7490862125265911,1.4451197043197748,1.627728820661079,3.255457641322158
733.613,0.21939326239924697,0.0016206354083810551,0.0031881776691375496,0.00357644180392828,0.00715288360785656,0.7386896893086256,1.453179388588413,1.6301511563376776,3.260302312675355
733.771,0.22066311583919596,0.0016553472054831252,0.0032283119751466698,0.0036279708625588745,0.007255941725117749,0.7501694151230186,1.4630047993608686,1.644122013215244,3.288244026430488
733.928,0.22228754480407784,0.0017066163925111174,0.0032505912946596423,0.0036713598674203416,0.007342719734840683,0.767751694776832,1.4623362264964883,1.6516264420735962,3.3032528841471924
734.085,0.22341896253097032,0.001618045659519951,0.0032903051415958872,0.0036666305623969924,0.007333261124793985,0.7242203800385375,1.4727063022413711,1.6411456399493058,3.2822912798986117
734.242,0.224688590753863,0.0015739881276866168,0.0033058096523840533,0.0036613953738832954,0.007322790747766591,0.7005198271997956,1.4712850533676765,1.6295421861870156,3.2590843723740313
734.399,0.22582686317649875,0.0017219990299213756,0.0033514787506504226,0.0037679822816875713,0.007535964563375143,0.7625306421475281,1.4840921507336435,1.6685270426586236,3.3370540853172472
734.556,0.2270618020818487,0.0016713533928908405,0.0033631386440094962,0.003755545726356924,0.007511091452713848,0.7360786259805908,1.481155620705058,1.6539751256810544,3.307950251362109
734.713,0.22870452390524126,0.0016615291069082712,0.0033970696971393727,0.0037816347655909325,0.007563269531181865,0.7264959514297539,1.485353083154085,1.6535023885919153,3.3070047771838307
734.869,0.2299191879585722,0.0017224766811783769,0.0034569779378400473,0.00386233379964965,0.0077246675992993,0.7491661294005353,1.5035621726634405,1.6798657971711266,3.359731594342253
735.026,0.23124199732213144,0.0017986730871472519,0.003499393912666252,0.003934587987379803,0.007869175974759605,0.7778314959983726,1.5133037913486902,1.7015023364889592,3.4030046729779184
735.183,0.2328265761428626,0.001657064736128327,0.0035268750699302474,0.0038967565100498044,0.007793513020099609,0.7117163184633831,1.5148077716721453,1.6736734158985147,3.3473468317970294
735.34,0.23384105812315586,0.0016953761050718047,0.0035633472589899177,0.003946104892903811,0.007892209785807623,0.7250121594039785,1.523833020424167,1.6875158385682365,3.375031677136473
735.497,0.2348744476434716,0.001777637576791845,0.003588054550863287,0.004004264079002923,0.008008528158005845,0.7568458785649667,1.5276478931032063,1.704853005160105,3.40970601032021
735.653,0.23638937475528407,0.0017315549671887453,0.003653836896149054,0.004043365759865928,0.008086731519731856,0.7325011832622732,1.5456857567864855,1.7104684861795152,3.4209369723590304
735.81,0.23770857857677583,0.0017187636300054821,0.0036732404868814236,0.004055470883916503,0.008110941767833005,0.7230549441236722,1.5452704773525998,1.7060683750656707,3.4121367501313413
735.967,0.23894275949462265,0.0017907648340826296,0.003660791172334253,0.004075319705057185,0.00815063941011437,0.7494534832820202,1.5320787204755781,1.7055631707262087,3.4111263414524173
736.123,0.24036515735578692,0.0017436882582492757,0.003676623731677312,0.004069153573691855,0.00813830714738371,0.7254330358989094,1.5295992864037269,1.69290491952156,3.38580983904312
736.28,0.2415056648876046,0.0017544309505185445,0.003715140344535959,0.004108563707639954,0.008217127415279909,0.7264554027480253,1.5383243064981373,1.7012287101224135,3.402457420244827
736.436,0.24289991240327402,0.00173266796482295,0.0037593640600371847,0.004139439142229653,0.008278878284459307,0.7133258911787057,1.547700871046717,1.7041748188682582,3.4083496377365163
736.593,0.2439768388272197,0.0017574074962668465,0.003774095174368865,0.004163204954494706,0.008326409908989411,0.7203173484477405,1.5469071541834412,1.7063935144446305,3.412787028889261
736.749,0.245182437770934,0.0017887074559795946,0.00382658899980726,0.004224009675240212,0.008448019350480424,0.7295414272904515,1.5607108872056807,1.722802707095427,3.445605414190854
736.906,0.246468522793366,0.001780400388280775,0.003873643475590519,0.0042632076325902,0.0085264152651804,0.7223642062290546,1.5716584948407792,1.7297168759210613,3.4594337518421225
737.062,0.24813784457208418,0.0017227704512021865,0.003904609818531463,0.004267776454139519,0.008535552908279039,0.6942796066328047,1.5735648164692473,1.7199216272307578,3.4398432544615156
737.219,0.24968156488604287,0.001697670347417163,0.003944153508573979,0.004293999476909136,0.008587998953818272,0.6799341986630036,1.5796734974703197,1.719790357317313,3.439580714634626
737.375,0.250526890640346,0.0017641329370397137,0.003988959406618786,0.00436164672654731,0.00872329345309462,0.7041690943956536,1.5922280424360902,1.7409894464418385,3.481978892883677
737.531,0.2519428968679292,0.0016424085365280673,0.004032370184892234,0.00435402286499142,0.00870804572998284,0.6518971389731353,1.60050957380475,1.7281784559593436,3.456356911918687
737.688,0.25335819217696337,0.0016767494977664454,0.004090373416056256,0.004420706228764783,0.008841412457529566,0.6618098603242655,1.6144626628845096,1.7448444002462125,3.489688800492425
737.844,0.2548533130599746,0.0019283989767866474,0.004124726411912739,0.0045532505517270104,0.009106501103454021,0.7566701619973987,1.6184707832077772,1.7866161899396202,3.5732323798792405
738.0,0.25584380902926446,0.001738881460089709,0.0041823605137096456,0.004529442371736429,0.009058884743472858,0.6796652483745693,1.634731959932339,1.770393580725001,3.540787161450002
738.156,0.2568774485252002,0.0018299756841638893,0.00420618055253237,0.004587021456798803,0.009174042913597606,0.7123925026000735,1.6374269429570945,1.7856847625722219,3.5713695251444437
738.312,0.2582334322760371,0.0018482248120875436,0.004226352707997803,0.004612807406386744,0.009225614812773487,0.7157186409976127,1.6366404112539805,1.7862936513409735,3.572587302681947
738.468,0.25960797219337234,0.0017951396366883562,0.004223427700900972,0.0045891031651017905,0.009178206330203581,0.6914809362446017,1.6268482301287333,1.7677050232045795,3.535410046409159
738.624,0.26093071630231257,0.0017154964237349113,0.004240302832704861,0.004574177094614084,0.009148354189228169,0.6574528472712843,1.6250684828504725,1.7530236222992137,3.5060472445984274
738.781,0.2617806063031051,0.0018811211103371222,0.00427493805022362,0.00467051517126384,0.00934103034252768,0.7185868872803544,1.6330232061858103,1.7841333768843213,3.5682667537686426
738.937,0.26301868794473116,0.0017752435232417736,0.004321495558919202,0.0046719175327236085,0.009343835065447217,0.6749495775808944,1.6430374558887957,1.7762682831515497,3.5525365663030994
739.092,0.2644010984239425,0.0017631653736907603,0.004351769466092153,0.004695385992758642,0.009390771985517283,0.6668525146834636,1.6458968937846454,1.7758572187283537,3.5517144374567073
739.248,0.26550576706477,0.0016663780212167489,0.004380353652550206,0.004686610057494028,0.009373220114988055,0.6276240398236761,1.6498148800969812,1.7651631862108406,3.530326372421681
739.404,0.2669908438764775,0.0018058282570237376,0.004417139397993552,0.004772015942468364,0.009544031884936728,0.6763633654265683,1.6544160593151755,1.7873331808622333,3.5746663617244665
739.56,0.26805622778109467,0.0017433887986027924,0.004435137140239409,0.004765484860517835,0.00953096972103567,0.6503817549900436,1.654554783879641,1.7777930025970219,3.5555860051940438
739.716,0.26911040834213085,0.0019088016325878316,0.004454096942153618,0.0048458748686560395,0.009691749737312079,0.7093005597022823,1.655118792912293,1.8007013918596877,3.6014027837193754
739.872,0.27062745951817674,0.0017518931131511992,0.0044802121736386745,0.004810554084585972,0.009621108169171944,0.6473449206781372,1.655490607499776,1.7775557931743693,3.5551115863487386
740.028,0.27179634348330567,0.0018953592965764863,0.004528963965196981,0.004909572431604577,0.009819144863209154,0.6973453992374639,1.6663079080293661,1.8063423402552632,3.6126846805105264
740.183,0.2730249178404109,0.00178128114408015,0.0045388808545957764,0.004875900114488767,0.009751800228977535,0.6524243860852833,1.6624419816688136,1.7858809932281856,3.571761986456371
740.339,0.27465911920518415,0.001877418405464987,0.004586043943769273,0.0049554514348706434,0.009910902869741287,0.683544901366432,1.6697220747814558,1.8042187891706856,3.608437578341371
740.495,0.2754498281180592,0.0017383129923396906,0.004641817261734633,0.004956631875646463,0.009913263751292926,0.6310815309692772,1.6851770405698443,1.7994681316417545,3.598936263283509
740.65,0.2763866948292234,0.0018938914378142009,0.004685975999959928,0.005054225544079566,0.010108451088159132,0.6852324924629305,1.6954419614357144,1.8286790350753035,3.657358070150607
740.806,0.27744255863866496,0.0018959246677533435,0.004734776937808188,0.005100259110731131,0.010200518221462262,0.6833575486962524,1.7065791784218143,1.8383117340600927,3.6766234681201855
740.961,0.2787865468026783,0.00185573927342106,0.004729678250326392,0.005080711033165323,0.010161422066330646,0.6656487892633247,1.6965231301760055,1.8224376647419032,3.6448753294838063
741.117,0.2796557299398017,0.0018066079070520333,0.004768270627290703,0.005099042743977167,0.010198085487954334,0.6460114038932516,1.7050502159627174,1.8233285422311138,3.6466570844622277
741.272,0.2814076792340359,0.0018162395989117632,0.004835436222744396,0.005165285059402216,0.010330570118804432,0.6454122374539988,1.7183028678911603,1.8355167397924657,3.6710334795849313
741.428,0.2825022993397027,0.0018455797382701848,0.004877523322124329,0.005215016618207481,0.010430033236414962,0.6532972448662856,1.7265428754118621,1.8460085565309117,3.6920171130618233
741.583,0.28337849467711246,0.0019108207720093602,0.004878324690365114,0.005239206791811937,0.010478413583623874,0.6742998526358149,1.721487262441556,1.8488371172207692,3.6976742344415383
741.739,0.2844853426917612,0.0019131392283117691,0.00490607311622076,0.0052658954726247115,0.010531790945249423,0.6724913172010581,1.7245433700731894,1.851025231317555,3.70205046263511
741.894,0.2859461547779662,0.0019495897639361316,0.004963993884076219,0.0053331168680979275,0.010666233736195855,0.6818031057105717,1.7359890318968274,1.865077315776122,3.730154631552244
742.049,0.28647165572033406,0.001911365612113061,0.004973827507722391,0.00532844053919571,0.01065688107839142,0.6672093290719896,1.7362372187278645,1.8600236472949918,3.7200472945899836
742.205,0.28793838352330037,0.0019271476603577144,0.005021328493884467,0.005378441962903222,0.010756883925806444,0.6692916855254093,1.7438899366044869,1.8679142034108112,3.7358284068216223
742.36,0.2888434639093637,0.0019203483997395226,0.005045608757569197,0.005398694815493937,0.010797389630987874,0.6648405242578413,1.746831549961075,1.8690728681982554,3.7381457363965107
742.515,0.2897730751946798,0.0019345008860143552,0.005079615645172267,0.005435511823248036,0.010871023646496072,0.6675916610660563,1.752963294384615,1.8757822201376946,3.751564440275389
742.67,0.29137990994322505,0.001951289214662296,0.005150983686840591,0.005508190496102626,0.011016380992205251,0.6696718435538338,1.7677895802233767,1.8903810139744668,3.7807620279489336
742.825,0.2924561511270862,0.0019376422463844875,0.005183941568382394,0.005534230539052095,0.01106846107810419,0.6625411156226594,1.7725534403718948,1.8923283089529574,3.784656617905915
742.98,0.2930957841148301,0.001983012948907952,0.005193679462218661,0.005559374669133978,0.011118749338267956,0.6765750503361181,1.7720075632967351,1.8967774258246943,3.7935548516493887
743.135,0.2940783759515541,0.0019154603279229949,0.005253022655943471,0.005591353618910386,0.011182707237820772,0.6513434800247074,1.7862662084371834,1.9013140972430744,3.802628194486149
743.29,0.2955619882051266,0.0020218108325658645,0.005293941280322862,0.005666880387143101,0.011333760774286201,0.6840564461092619,1.791144156415929,1.9173238147288953,3.8346476294577907
743.445,0.2964751563692884,0.0020111608345971025,0.005294024936296134,0.00566316765854081,0.01132633531708162,0.6783572894357488,1.7856555001532457,1.910166007800933,3.820332015601866
743.6,0.2974222737661875,0.0019412509530671062,0.0053002351297249785,0.00564455026491524,0.01128910052983048,0.6526918540718243,1.7820572288044745,1.8978236543751894,3.795647308750379
743.755,0.2985991637849322,0.002002618030535717,0.005350265905097126,0.005712777278300942,0.011425554556601884,0.6706710109804978,1.7917886431023922,1.9131926579726135,3.826385315945227
743.91,0.29943475067392716,0.001906536332424865,0.005394727512910849,0.005721710035069353,0.011443420070138707,0.636711780491039,1.801637084796981,1.9108370094625637,3.8216740189251275
744.065,0.30047282687242477,0.002023627350598592,0.005448934506856473,0.005812568701882316,0.011625137403764632,0.6734809838421053,1.8134533373861426,1.9344739963292008,3.8689479926584016
744.22,0.30165244684208325,0.0018559188217783813,0.005473492117279952,0.005779580489184057,0.011559160978368115,0.6152507102818116,1.8145028076451692,1.9159733493591384,3.831946698718277
744.375,0.3024098363072138,0.0019490444348587682,0.005509267760794095,0.0058438690496262075,0.011687738099252415,0.6445043119823529,1.8217885463213932,1.9324335216694157,3.8648670433388315
744.53,0.3036399858845548,0.0019311696183836149,0.005576441056190432,0.005901365176646348,0.011802730353292696,0.636006358898282,1.8365305346544898,1.9435401959510272,3.8870803919020545
744.684,0.30476865719931157,0.0019483956256702924,0.00558286528407766,0.005913089741775501,0.011826179483551002,0.6393031499942224,1.8318370843582503,1.9401895838352168,3.8803791676704336
744.839,0.30507694814878417,0.0020758379924628403,0.005610208788611854,0.005981934973131172,0.011963869946262345,0.6804309552259146,1.8389487710083519,1.9607954679728274,3.921590935945655
744.994,0.3064580327751966,0.002056886815648394,0.005616303061285634,0.0059811072092543684,0.011962214418508737,0.671180584506731,1.8326499750801095,1.9516888348760728,3.9033776697521456
745.148,0.30751906644328075,0.0020337463832367656,0.005661365130722999,0.006015578068207151,0.012031156136414301,0.6613399314581597,1.84098020204129,1.9561642592709525,3.912328518541905
745.303,0.3080739633246079,0.001999344120636949,0.005654712174932914,0.00599776180704603,0.01199552361409206,0.64898185457182,1.8355047320161622,1.946857742316372,3.893715484632744
745.457,0.30944132356459,0.00199533651261415,0.005695131722801187,0.006034558238896002,0.012069116477792003,0.6448190208175805,1.840456102370709,1.950146208457644,3.900292416915288
745.612,0.31032997280119423,0.001980076181014023,0.005693846708411598,0.006028315852832254,0.012056631705664508,0.6380550879893621,1.8347717614950556,1.9425503113404248,3.8851006226808495
745.766,0.3111661563843528,0.0018923699074939657,0.005717220935371474,0.00602226527899914,0.01204453055799828,0.6081541545143194,1.8373530726489278,1.9353856952105137,3.8707713904210275
745.921,0.3116159500646773,0.0018979753142601549,0.005727710558031226,0.006033985294158688,0.012067970588317376,0.6090751496726088,1.838067196766537,1.936353159363732,3.872706318727464
746.075,0.31282731236710704,0.001982947503334675,0.005775237472492243,0.006106181185050098,0.012212362370100196,0.633879276182784,1.8461423424930765,1.9519335248721545,3.903867049744309
746.23,0.3140307101883242,0.0021117780511270387,0.005807373804844351,0.006179417209285538,0.012358834418571076,0.6724750104410507,1.8493012359720074,1.9677748095336733,3.9355496190673467
746.384,0.3149580115728825,0.0019198695686660791,0.005839780169913334,0.0061472702554551065,0.012294540510910213,0.6095636555102565,1.8541456179348486,1.951774531708524,3.903549063417048
746.538,0.31526147608675664,0.0019360854938524166,0.00587314698910939,0.006184034491752972,0.012368068983505945,0.6141205445982325,1.8629447092651314,1.961557297933602,3.923114595867204
746.692,0.3161558156488261,0.0019615724535706155,0.005869752189925105,0.006188841350506379,0.012377682701012757,0.6204448428522522,1.8566010490362141,1.957528865254438,3.915057730508876
746.847,0.3174776468203191,0.0020243190910719925,0.005926839483241056,0.006263009982634839,0.012526019965269678,0.6376257073045789,1.8668525304382875,1.972740457591799,3.945480915183598
747.001,0.31790146154583343,0.0019744680138122197,0.005983849206960012,0.006301188401341729,0.012602376802683458,0.6210943492398983,1.8822968532018813,1.9821199848221696,3.964239969644339
747.155,0.3191303042027377,0.0020325490457563963,0.006002604305200516,0.006337390162221118,0.012674780324442235,0.636902550146148,1.880925824389015,1.9858315173337748,3.9716630346675497
747.309,0.3196360173572043,0.002074564634679961,0.0060310263299462544,0.00637785990877581,0.01275571981755162,0.6490396957867121,1.8868419084343595,1.9953508248253298,3.9907016496506595
747.463,0.3203046005795283,0.0020423137841704088,0.0061030938077858915,0.006435743905691629,0.012871487811383258,0.6376161255490064,1.9054031059009273,2.009257404997435,4.01851480999487
747.617,0.32116343357910215,0.0018871376563500664,0.006138509789124958,0.006422039470853271,0.012844078941706543,0.5875941838457356,1.9113352104616388,1.99961726628867,3.99923453257734
747.771,0.3224016597326144,0.0020783586108657553,0.006182011200053745,0.006522027061654204,0.013044054123308408,0.6446488558990215,1.9174873991594301,2.022950833151195,4.04590166630239
747.925,0.3229817608082949,0.001985696335413268,0.006221135364001624,0.006530353371273664,0.013060706742547327,0.6148013839678933,1.9261568667012638,2.0218954020594806,4.043790804118961
748.079,0.323790312635159,0.002054231304533634,0.0062379946999597865,0.006567529530139346,0.013135059060278693,0.634432601709213,1.9265538394870525,2.0283279869276134,4.056655973855227
748.233,0.32456603514386245,0.0019827506045286786,0.006252035422745535,0.006558905921495123,0.013117811842990245,0.6108928199002195,1.9262753171244023,2.020823256687323,4.041646513374646
748.387,0.32529712844127384,0.001998071094082745,0.006251057086334048,0.0065626216402910305,0.013125243280582061,0.6142295518121853,1.9216453327722987,2.017423784752464,4.034847569504928
748.541,0.32586674140966415,0.002071659003594973,0.006285203133173619,0.00661782059687565,0.0132356411937513,0.6357380917835311,1.9287648398804103,2.030836460403316,4.061672920806632
748.695,0.3266009925714793,0.0019651900524807688,0.006314477751314556,0.006613214136425336,0.013226428272850673,0.6017097612006402,1.933392088492377,2.0248603913774024,4.049720782754805
748.849,0.3274397147697543,0.0020828972736386233,0.006350840198375306,0.006683684034859136,0.013367368069718272,0.6361162619211459,1.9395448725091347,2.041195289813546,4.082390579627092
749.002,0.3280926264262765,0.0019550149774296174,0.006373974454032663,0.006667055864670335,0.01333411172934067,0.5958728785600781,1.9427362703821436,2.0320651327311814,4.064130265462363
749.156,0.32919911436224025,0.002141126478788055,0.0063932217161922385,0.006742233050745084,0.013484466101490167,0.650404689859532,1.9420531335808333,2.048071442660731,4.096142885321462
749.31,0.32984355297949364,0.0021779494696123488,0.006418948509300385,0.006778374720921995,0.01355674944184399,0.6602977229473852,1.9460585029835191,2.0550271968915537,4.110054393783107
749.463,0.3309346943279938,0.0020581497771226588,0.00642859041901991,0.0067500189096464484,0.013500037819292897,0.621920219426374,1.9425555945634543,2.0396830629539298,4.0793661259078595
749.617,0.33086843659121673,0.001930351553816486,0.006421064952055207,0.00670494833983331,0.01340989667966662,0.5834196739054345,1.9406701401343829,2.0264696170209726,4.052939234041945
749.77,0.33190344167110114,0.0020772975166312192,0.006426261653403886,0.006753665953436805,0.01350733190687361,0.6258740512518433,1.9361840965096027,2.0348285391175103,4.0696570782350205
749.924,0.3323737206726164,0.0020522562130576415,0.006467773303493153,0.006785561662044817,0.013571123324089635,0.6174544151398438,1.9459340198149484,2.04154577814186,4.08309155628372
750.077,0.3329059910520733,0.0019339560514452464,0.0065112181022578125,0.006792359471059487,0.013584718942118974,0.5809315853203543,1.9558729122538758,2.040323590931418,4.080647181862836
750.231,0.33390693054218457,0.002050914225186712,0.006557169186944816,0.006870423342508943,0.013740846685017885,0.6142173275219297,1.9637715145048202,2.0575863254329665,4.115172650865933
750.384,0.3342725730352745,0.002065321334253339,0.006594215621383945,0.006910081900746622,0.013820163801493243,0.6178554571497535,1.9727061545932105,2.067199781902964,4.134399563805928
750.538,0.33489452179674245,0.002147428235377006,0.006601665537044847,0.0069421492269397395,0.013884298453879479,0.6412252502238137,1.971267102736185,2.072936036604725,4.14587207320945
750.691,0.3358326690070068,0.0020770881297646625,0.00662782312221676,0.006945670193595458,0.013891340387190917,0.6184890040347225,1.9735492505282375,2.0681937269928152,4.1363874539856305
750.844,0.336344082611997,0.0020306754346277336,0.006715246939794169,0.007015567274512837,0.014031134549025675,0.6037494160318853,1.9965408303439094,2.0858304448322706,4.171660889664541
750.998,0.3369355076115977,0.0020155839764006054,0.006719596416466475,0.007015379873257895,0.01403075974651579,0.5982106162358136,1.994327182700046,2.082113554308106,4.164227108616212
751.151,0.33817276249297934,0.0021011506273105446,0.006765678742999226,0.007084436661592726,0.014168873323185453,0.6213246187602603,2.000657502136851,2.0949163999391596,4.189832799878319
751.304,0.3382827469438456,0.002190365559598304,0.006884575838249345,0.007224616651233549,0.014449233302467099,0.6474954987763243,2.035154290441,2.135673993575802,4.271347987151604
751.457,0.338891759971744,0.0020633883163053727,0.006918257491382349,0.007219408428738016,0.014438816857476031,0.6088635251790758,2.0414357351029064,2.1302991932704276,4.260598386540855
751.611,0.33924647367964805,0.0022128171729028966,0.006935661606612126,0.007280107263092177,0.014560214526184353,0.652274185462122,2.0444314516770783,2.14596401964868,4.29192803929736
751.764,0.34004790214224995,0.002121726213282357,0.006963990411004452,0.007280033280740648,0.014560066561481295,0.6239492141888849,2.0479439417600798,2.1408846326877913,4.281769265375583
751.917,0.3400743923190456,0.002136942863894762,0.0069672887664629455,0.007287635937588506,0.014575271875177011,0.628375117962413,2.0487543090061555,2.142953454358159,4.285906908716318
752.07,0.3410334255373457,0.0020910475554826225,0.007017217330058719,0.00732214578771594,0.01464429157543188,0.6131503245430812,2.0576333006074448,2.147046371240261,4.294092742480522
752.223,0.341726460154211,0.0021192332357614623,0.00701241909048136,0.007325651575669117,0.014651303151338235,0.620154855671731,2.052056222780309,2.1437179820266974,4.287435964053395
752.376,0.3424733919782649,0.0020369642666956183,0.007062651063924927,0.007350528108548033,0.014701056217096066,0.5947802995524086,2.062248113095209,2.146306335242107,4.292612670484214
752.529,0.34318941497946204,0.0021218573212388463,0.0070886643887497795,0.007399421687403968,0.014798843374807935,0.6182758641800847,2.0655253569443555,2.156075148135551,4.312150296271102
752.682,0.34277520962539576,0.002111680772210361,0.007092846717603033,0.007400518241524378,0.014801036483048756,0.616054111532198,2.069241449915383,2.1590004276015424,4.318000855203085
752.834,0.34378270866450433,0.0020133829166984743,0.007143707660435552,0.007422012524040824,0.014844025048081648,0.5856556673603162,2.077971777052655,2.1589254889733054,4.317850977946611
752.987,0.3442253189665859,0.0019537329958915924,0.0071357994764538225,0.007398425966879319,0.014796851933758638,0.5675738791547875,2.073002502511007,2.1492974395638473,4.298594879127695
753.14,0.34481357592002254,0.002161560547478548,0.007149205301973605,0.007468833941799969,0.014937667883599938,0.6268780287177292,2.0733537775878697,2.1660498493633327,4.332099698726665
753.293,0.3451350512751025,0.0021351996800699036,0.0072001391245147895,0.007510065318367026,0.015020130636734052,0.6186562831510163,2.08618020624502,2.1759787337220797,4.3519574674441595
753.446,0.3460815500638566,0.002248779763678381,0.007227708508400573,0.007569463700153098,0.015138927400306196,0.6497831979958052,2.088440862295885,2.1871907643607216,4.374381528721443
753.598,0.34583710295225406,0.0021410055040362447,0.007291919361545595,0.007599736346979216,0.015199472693958433,0.6190791808511736,2.10848382064787,2.197490171558726,4.394980343117452
753.751,0.34650926012238836,0.0020936408198299486,0.007331593941867165,0.007624670590319397,0.015249341180638793,0.6042091974945971,2.1158435821535098,2.200423327107141,4.400846654214282
753.904,0.3469889772583336,0.0020656719310183274,0.007347186183418409,0.007632047257480221,0.015264094514960441,0.5953134152386728,2.1174119827871136,2.1995071191550144,4.399014238310029
754.056,0.3471121441673279,0.002215561536137543,0.007380873061803852,0.00770623124976625,0.0154124624995325,0.638284074287391,2.1263655524094394,2.220098426187995,4.44019685237599
754.209,0.34786605051845343,0.002085878102050089,0.00742075199178796,0.007708336239438252,0.015416672478876504,0.5996210607333866,2.133221100687521,2.215892073385685,4.43178414677137
754.361,0.34858115731905515,0.0020500848706517354,0.007475810728374937,0.0077518123057360565,0.015503624611472113,0.5881226875310703,2.144639941490685,2.223818511980224,4.447637023960448
754.514,0.34939693267185756,0.002160180843843461,0.007511345922706423,0.007815798030186467,0.015631596060372933,0.6182598190901217,2.1498030521523894,2.236939509004452,4.473879018008904
754.666,0.34984159721539954,0.0021338641559518964,0.007519969832244283,0.00781686142348196,0.01563372284696392,0.6099515246147426,2.149535644731862,2.2344002216148904,4.468800443229781
754.818,0.3497929780705839,0.0021760758819198713,0.007512716302722217,0.00782152238947518,0.01564304477895036,0.6221039352827621,2.1477607538497367,2.2360432826918824,4.472086565383765
754.971,0.350203794045798,0.0022544271352372145,0.0075402992199160475,0.007870105084048144,0.015740210168096288,0.6437472047896748,2.1531175127502937,2.2472929242505377,4.4945858485010755
755.123,0.35061997710782083,0.002161710162060996,0.007572285094131756,0.007874801100444872,0.015749602200889744,0.616539359762789,2.159684441426783,2.24596475232307,4.49192950464614
755.275,0.3510867554588356,0.0021013986166304654,0.007536889074537394,0.007824357677653647,0.015648715355307295,0.5985411252224954,2.1467312444433935,2.228610893460788,4.457221786921576
755.428,0.35194191029466143,0.0021855580380235034,0.007607660156438859,0.007915374722237505,0.01583074944447501,0.6209996519578066,2.1616238174275373,2.249057157077542,4.498114314155084
755.58,0.35242648197928594,0.0022146415253635554,0.007637731212079064,0.007952331428822075,0.01590466285764415,0.6283981592205441,2.1671842505092953,2.2564511566101544,4.512902313220309
755.732,0.3523789575263643,0.002220334131452332,0.007662768850396058,0.007977964032877831,0.015955928065755662,0.63009838812132,2.1745818490943076,2.264029636979937,4.528059273959874
755.884,0.3529720498496519,0.0022056330131812792,0.00769786308019922,0.008007615936739808,0.016015231873479616,0.6248746930871061,2.1808704353441346,2.2686260683106902,4.5372521366213805
756.036,0.3533781526044381,0.0020997253899071463,0.007724140333535504,0.00800444817618121,0.01600889635236242,0.5941865320286287,2.185800190704403,2.2651225371991717,4.530245074398343
756.189,0.3531494991006595,0.0022283428002332246,0.007709240364958612,0.008024830131539137,0.016049660263078275,0.6309913523615311,2.182996262090469,2.2723606155397067,4.544721231079413
756.341,0.35357510017661914,0.0021558516934855956,0.007741702556605879,0.008036271212400855,0.01607254242480171,0.6097295008638043,2.189549703228173,2.272861185187121,4.545722370374242
756.493,0.3543811295836334,0.0020985307196031457,0.007739265481598685,0.008018731905718198,0.016037463811436396,0.5921677381831065,2.1838819382656296,2.2627423517554397,4.525484703510879
756.645,0.3547701644229716,0.002167476769721722,0.007786831933142815,0.008082865030562863,0.016165730061125726,0.6109523818743582,2.194894811915196,2.2783384402432834,4.556676880486567
756.797,0.35513692858424456,0.0019928125006825814,0.007788417195934508,0.008039324852299794,0.016078649704599587,0.5611391945712151,2.193074436663931,2.2637253986366916,4.527450797273383
756.948,0.3556890926499964,0.002261613299651938,0.007820712636039576,0.00814115721827503,0.01628231443655006,0.6358399361650936,2.1987496377166895,2.288840840640018,4.577681681280036
757.1,0.3560169579933925,0.002131241228742298,0.00783096978788281,0.008115804149548232,0.016231608299096464,0.5986347506463028,2.1996058367613345,2.2796116778512716,4.559223355702543
757.252,0.3565336618646849,0.0021587563373384575,0.007905582385224359,0.0081950266487406,0.0163900532974812,0.6054845778230526,2.2173452974616357,2.2985281686672425,4.597056337334485
757.404,0.356737060084321,0.0022788804668241684,0.007946824854373808,0.008267122924462054,0.016534245848924108,0.6388123696162982,2.2276420769110556,2.317427553646368,4.634855107292736
757.556,0.3572259503576673,0.0022055701427214315,0.007999563742583406,0.008298045536517576,0.01659609107303515,0.6174159913391333,2.239356836919031,2.3229122991230837,4.6458245982461674
757.707,0.35698596238555436,0.002179438510599125,0.008002842013932763,0.008294301207543039,0.016588602415086078,0.6105109836910824,2.2417805900416554,2.3234250310898705,4.646850062179741
757.859,0.3575876520891707,0.002353716098763486,0.008049438300629954,0.008386503230144662,0.016773006460289324,0.6582207425262397,2.2510392217409922,2.3453000071863057,4.690600014372611
758.011,0.3580030131649097,0.002132102004979384,0.008053095153742012,0.008330558235488195,0.01666111647097639,0.5955542066896676,2.249448987188399,2.3269519889908934,4.653903977981787
758.162,0.3581028608491308,0.0022543746247645708,0.008052878373490262,0.008362479001289605,0.01672495800257921,0.6295327044913896,2.2487612509979225,2.3352170327432065,4.670434065486413
758.314,0.35905181161942096,0.002198453661310791,0.0080663013211002,0.008360527226420214,0.016721054452840427,0.6122942678927503,2.246556363194213,2.328501613377738,4.657003226755476
758.466,0.35903980554245724,0.0020560849031331287,0.008065553009917775,0.008323498692538232,0.016646997385076464,0.5726621035867268,2.246423066582239,2.3182662657592044,4.636532531518409
758.617,0.3593650752620016,0.0021729236358127664,0.008019674488736465,0.00830883722504926,0.01661767445009852,0.6046563189894169,2.2316232268507386,2.312088123474868,4.624176246949736
758.769,0.3595228908096154,0.0021550156978696663,0.008092485790356145,0.008374510070755233,0.016749020141510466,0.599409871515205,2.250895839241987,2.3293398792762647,4.6586797585525295
758.92,0.36026449328418614,0.002164805059648806,0.008109719936065745,0.008393684434603393,0.016787368869206787,0.6008932603694449,2.251046130618424,2.3298672478340055,4.659734495668011
759.071,0.36053435703363135,0.0020958416176439934,0.008072420649630445,0.008340055589192952,0.016680111178385904,0.5813153661381817,2.2390156422394534,2.3132484953202326,4.626496990640465
759.223,0.36104133307243935,0.0021775621002583867,0.00808794245619075,0.008375953072644007,0.016751906145288015,0.6031337414271847,2.240170782487108,2.319942983083174,4.639885966166348
759.374,0.36397634305997034,0.0020870362160430537,0.008142612117194347,0.008405822521214417,0.016811645042428835,0.5733988639198961,2.2371267453095802,2.309441995747904,4.618883991495808
759.525,0.3697051814376661,0.0022298352899889715,0.008269167440340414,0.008564537090635212,0.017129074181270423,0.6031387716336162,2.236692330949825,2.3165856256951676,4.633171251390335
759.677,0.3743699999144091,0.002412758031224332,0.008415940077224838,0.008754967087355424,0.017509934174710848,0.6444848763992713,2.2480273737609706,2.3385867161783906,4.677173432356781
759.828,0.3787881532746475,0.0023178282140833037,0.008503591232672993,0.008813818212465786,0.01762763642493157,0.6119062051031777,2.244946458636288,2.326846321953253,4.653692643906506
759.979,0.38514822640517427,0.0023873512504974824,0.008658408530779047,0.008981507906755929,0.017963015813511857,0.6198525883865811,2.248071764887329,2.3319613829163583,4.663922765832717
760.13,0.39284082512060503,0.002392338915267884,0.00878378735668242,0.009103746800791367,0.018207493601582733,0.6089842914196656,2.2359660185485386,2.317413623697702,4.634827247395404
760.281,0.40022375354108775,0.00280489086663254,0.008999048617143972,0.009426043114024011,0.018852086228048022,0.7008306832904121,2.248504377244594,2.3551933213919836,4.710386642783967
760.433,0.40610951020582386,0.0027802509781095323,0.009101887572515434,0.009517045386252495,0.01903409077250499,0.6846062227649998,2.241239701060541,2.3434677462808198,4.6869354925616395
760.584,0.40808453421375895,0.002695309994593298,0.00916023746866068,0.009548541587551973,0.019097083175103946,0.6604783491210343,2.2446911609403095,2.339844024216401,4.679688048432802
760.735,0.40621884605844544,0.0026570948802443783,0.009130875604727397,0.009509628936589838,0.019019257873179676,0.6541042854181325,2.247772522945348,2.3410112624911603,4.682022524982321
760.886,0.399445939985948,0.0027255281602999414,0.00903954336830096,0.009441496071067436,0.01888299214213487,0.6823271655723481,2.263020464951768,2.3636480249116,4.7272960498232
761.037,0.3926330682491059,0.002463178611813811,0.008858983558744518,0.009195044239578334,0.018390088479156668,0.6273487413574265,2.2563009270334664,2.341892464784587,4.683784929569174
761.187,0.38629318119423733,0.0025402805513666735,0.00870456632002248,0.009067662328258671,0.018135324656517342,0.6576042951401103,2.2533574869512436,2.347352417722133,4.694704835444266
761.338,0.37850721058386033,0.002716105599318175,0.008522041411507041,0.008944407160124615,0.01788881432024923,0.7175835818632065,2.2514872037342433,2.363074443503351,4.726148887006702
761.489,0.3755750411475316,0.0024064382372415514,0.008472145975170532,0.008807281215804142,0.017614562431608284,0.6407343336471247,2.2557798168069807,2.3450123812525945,4.690024762505189
761.64,0.3694907239550553,0.0025607519111746726,0.008360557977413684,0.008743933899811934,0.017487867799623868,0.6930490388944545,2.2627247276796747,2.3664826565106254,4.732965313021251
761.791,0.36619178873908964,0.002370562095027225,0.008329370018554313,0.008660136809102461,0.017320273618204922,0.647355338903091,2.274592242287814,2.364918350278132,4.729836700556264
761.941,0.3663214829059967,0.0022196705293520487,0.008354779418180297,0.0086446096722364,0.0172892193444728,0.6059351233631165,2.280723301266023,2.3598423995391857,4.7196847990783715
762.092,0.36941939465479545,0.0024964416707725675,0.008414217810592739,0.008776746685399198,0.017553493370798395,0.6757743927076085,2.277687076623418,2.3758218470366566,4.751643694073313
762.243,0.3699943449941457,0.0022720258587307154,0.008444484754316278,0.008744794123855695,0.01748958824771139,0.6140704282295626,2.282328059486934,2.3634939944809323,4.726987988961865
762.393,0.3749644557555444,0.0022800766407831165,0.008565222958512923,0.008863509114164756,0.017727018228329512,0.6080780740107263,2.2842759699060555,2.3638264849144166,4.727652969828833
762.544,0.3728004077876369,0.0023623024726743412,0.008509195602031012,0.00883101821796486,0.01766203643592972,0.6336641332270243,2.2825070531784974,2.3688327677461625,4.737665535492325
762.695,0.3788968633838693,0.002325723334905003,0.008684186138865126,0.008990221238933937,0.017980442477867873,0.6138143541581019,2.291965697817607,2.372735725137353,4.745471450274706
762.845,0.3765343976202076,0.0020657975694298556,0.008627048268549861,0.008870934642175619,0.017741869284351237,0.5486344893019648,2.291171357271735,2.355942696933445,4.71188539386689
762.996,0.3747496603178477,0.0024619089452147477,0.008593160954171598,0.00893887078096712,0.01787774156193424,0.6569476122077482,2.2930403584310715,2.3852912297200026,4.770582459440005
763.146,0.3806078863491016,0.0026397780198446834,0.008752434400039545,0.009141856262327181,0.018283712524654362,0.6935689234309305,2.299593548624378,2.4019093114487062,4.8038186228974125
763.296,0.3735232354887767,0.002598720534406913,0.00857550182840877,0.00896061270365985,0.0179212254073197,0.6957319618969184,2.2958416006402467,2.398943854706755,4.79788770941351
763.447,0.3753920949729611,0.002450277392001195,0.008578064551490874,0.008921157478001186,0.017842314956002372,0.6527248242075221,2.2850946160996646,2.3764905008571806,4.752981001714361
763.597,0.3793543610310067,0.002482606582275764,0.008671242488899656,0.009019633126888124,0.018039266253776248,0.6544294299210249,2.285789588745734,2.377627372563907,4.755254745127814
763.747,0.37204704969761443,0.002316192066704597,0.008547587662757353,0.008855845557731177,0.017711691115462353,0.6225535368677454,2.297448043118338,2.3803025893979988,4.7606051787959975
763.898,0.37587342744286273,0.0023184882431563376,0.008662549344763914,0.008967449407948944,0.01793489881589789,0.6168268555001206,2.3046453173603836,2.3857630662949973,4.771526132589995
764.048,0.378036014271095,0.0023838710579307523,0.008697900834234256,0.009018665097619095,0.01803733019523819,0.6305936386847112,2.300812754838979,2.3856629414021073,4.771325882804215
764.198,0.3711021266576057,0.002346123160745277,0.00858863669212114,0.008903312536052801,0.017806625072105602,0.6322041810635886,2.314359329997959,2.3991542749274966,4.798308549854993
764.348,0.3740943050181991,0.002316250018807657,0.008643989788423711,0.008948942597424563,0.017897885194849125,0.6191620636125361,2.3106445814520473,2.3921622108064997,4.784324421612999
764.498,0.37611520671334403,0.002379420669790346,0.00872338608926578,0.009042074296654571,0.018084148593309143,0.6326308076141735,2.319338844471211,2.404070384621801,4.808140769243602
764.648,0.3710315622083393,0.0023503575662915427,0.008600661272936199,0.008916027984546058,0.017832055969092115,0.6334656686084793,2.3180403364463125,2.4030376099216015,4.806075219843203
764.798,0.37322915062264395,0.002250807927644618,0.00870240145910174,0.0089887667386869,0.0179775334773738,0.6030632719576381,2.331651063316961,2.40837746025231,4.81675492050462
764.948,0.3764106772087491,0.00232787911689924,0.00872524809196136,0.009030447134509505,0.01806089426901901,0.6184413083500948,2.3180129099054563,2.3990943087678187,4.798188617535637
765.098,0.3717300977818098,0.002165194759917344,0.008612221916771422,0.008880227175702858,0.017760454351405715,0.5824642053031239,2.3167943537965656,2.3888910875640703,4.777782175128141
765.248,0.3718011631516518,0.002188692285485136,0.008582233093822101,0.00885692377731893,0.01771384755463786,0.5886727913738137,2.3082857033240494,2.382166774907676,4.764333549815352
765.398,0.3749231452971368,0.0023521342063015536,0.008663254323643062,0.008976887589837251,0.017953775179674503,0.6273643640851843,2.3106747162214267,2.394327398145245,4.78865479629049
765.548,0.3722443469451213,0.002295694181161596,0.00862889604422246,0.008929056989146011,0.017858113978292022,0.6167170032269268,2.3180730923214226,2.3987085532456427,4.797417106491285
765.698,0.37125634504923943,0.0023919543206491053,0.008623032996574992,0.008948639200017677,0.017897278400035355,0.6442864485809292,2.3226627939332123,2.41036666964731,4.82073333929462
765.848,0.37407581547903357,0.002271338131782553,0.008703218305348896,0.00899471988332319,0.01798943976664638,0.6071865749658062,2.3265920824642827,2.4045178841098678,4.8090357682197356
765.998,0.37543068034006616,0.00252462512368,0.008777435946338188,0.00913329698450598,0.01826659396901196,0.6724610576293838,2.337964478126178,2.432751893434232,4.865503786868464
766.147,0.37226172285162956,0.0023486888251657285,0.008759982988656143,0.009069379314980898,0.018138758629961796,0.6309240733036185,2.35317854372784,2.4362911248319867,4.8725822496639735
766.297,0.372741083978934,0.002068197711373787,0.008815231835204494,0.009054598504723142,0.018109197009446285,0.5548617526397155,2.3649745665553463,2.4291925129548844,4.858385025909769
766.447,0.3743271627442918,0.002396414219810278,0.00883449336601577,0.009153746454162118,0.018307492908324237,0.6401924461590042,2.36009946519717,2.445386647085286,4.890773294170572
766.596,0.37347396233165725,0.002275960220566033,0.008812462004712567,0.009101619719044607,0.018203239438089214,0.6094026492119696,2.3595920716118917,2.437015866439992,4.874031732879984
766.746,0.3722454210840966,0.0022344266295696797,0.008757791582305215,0.009038339214812985,0.01807667842962597,0.6002563102219824,2.3526928972825916,2.428059205803117,4.856118411606234
766.895,0.3727123133647584,0.002491807484578894,0.008800999611480523,0.009146950240461775,0.01829390048092355,0.6685605479688735,2.361338570230531,2.454158317949111,4.908316635898222
767.045,0.3738409510513217,0.002304201179128095,0.008849805670369975,0.009144856667942252,0.018289713335884503,0.6163586874707498,2.36726491452646,2.446189119256447,4.892378238512894
767.194,0.3737718071679546,0.0022486613893711333,0.008917192323132017,0.009196346936244472,0.018392693872488944,0.6016134299719123,2.3857316555512895,2.460417495349532,4.920834990699064
767.344,0.37285584869755684,0.0022596473787099246,0.008922933779946397,0.009204605016915127,0.018409210033830253,0.606037798951853,2.393132308669848,2.468676580793418,4.937353161586836
767.493,0.37375659193793515,0.00226141840110141,0.008954099107082664,0.009235253326482095,0.01847050665296419,0.6050511080957561,2.395703326770904,2.470927209229175,4.94185441845835
767.643,0.3741184174509984,0.002211273406099619,0.009023711918648645,0.009290700020304445,0.01858140004060889,0.5910624291543329,2.411993501985387,2.483358099182949,4.966716198365898
767.792,0.3740710948725081,0.002274325600797252,0.00903896553234373,0.009320700340282363,0.018641400680564725,0.6079928740744841,2.4163763670177225,2.4916922125349106,4.983384425069821
767.941,0.37367708241341957,0.0023316447997322387,0.009039041241897102,0.009334925497551392,0.018669850995102783,0.6239731868684982,2.4189445024345146,2.498126306612416,4.996252613224832
768.09,0.37398182972646027,0.0023437717203263213,0.009058935634326505,0.00935722077883556,0.01871444155767112,0.6267073782810826,2.422292987055665,2.502052248281599,5.004104496563198
768.24,0.3745751035184501,0.0022575717716571534,0.009037091819117798,0.009314808578352487,0.018629617156704973,0.6027020350395377,2.412624793861311,2.486766603241071,4.973533206482142
768.389,0.3743173826110069,0.002132406086841128,0.009030630347963692,0.00927897840286095,0.0185579568057219,0.5696786165704568,2.412559706677684,2.478906626813996,4.957813253627992
768.538,0.3748168503837216,0.0021878215165047456,0.009014698934798625,0.009276387220957338,0.018552774441914676,0.5837041515782834,2.4050943615714604,2.474912003411951,4.949824006823902
768.687,0.37469986080055245,0.002265903363307494,0.009020571403989831,0.009300807841597808,0.018601615683195617,0.6047249012760116,2.4074125313837134,2.482202107501849,4.964404215003698
768.836,0.3751767464514732,0.0021888644185286722,0.00904401455176425,0.009305123677588834,0.01861024735517767,0.5834221974660118,2.4106010399911706,2.4801973378145905,4.960394675629181
768.985,0.37546528938778095,0.0022944788244371327,0.00899594786843038,0.009283949112705622,0.018567898225411245,0.6111027808132199,2.395946608832689,2.4726517670498027,4.945303534099605
769.134,0.3753597621485136,0.0021772970013045553,0.008966210160453994,0.009226784210835228,0.018453568421670456,0.5800560477878535,2.3886977413701724,2.4581175558142507,4.9162351116285015
769.283,0.37524482493134376,0.002234363562023282,0.00897483204686506,0.009248783206278189,0.018497566412556378,0.5954415393822127,2.3917270673905042,2.464733046743651,4.929466093487302
769.432,0.3754272063469054,0.0022751635029010283,0.008935752329997446,0.009220848044946172,0.018441696089892344,0.6060198793367981,2.3801557742569557,2.456094787234425,4.91218957446885
769.581,0.3754581391319693,0.0022244637388377695,0.008927381431496607,0.009200346631993522,0.018400693263987043,0.5924665114413449,2.377730165108695,2.450432065013699,4.900864130027398
769.73,0.3760412184676676,0.00213578110055137,0.00893972958179612,0.009191317963443168,0.018382635926886336,0.5679646261264859,2.3773270436216203,2.4442315129434267,4.888463025886853
769.879,0.3766058539770899,0.0023132732533072344,0.008955596969328813,0.009249537838266195,0.01849907567653239,0.6142425108049324,2.3779760390749556,2.4560260390505966,4.912052078101193
770.027,0.3762981293212011,0.002187250045624593,0.008926047294936556,0.009190124214260053,0.018380248428520107,0.5812545625911408,2.3720679427873126,2.4422455224101136,4.884491044820227
770.176,0.37572617255185753,0.002152924053341371,0.008946311300385725,0.009201715484781367,0.018403430969562734,0.5730034824880946,2.381072162107887,2.449048311509721,4.898096623019442
770.325,0.37605952145500643,0.0021609274365155676,0.008944691131641414,0.009202016454362071,0.018404032908724142,0.57462377980878,2.3785306903103107,2.4469574440659505,4.893914888131901
770.473,0.3758764919570332,0.00215835650052996,0.008940412793759027,0.009197254139480436,0.018394508278960872,0.5742196031713215,2.378550663599631,2.446881977533137,4.893763955066274
770.622,0.3761749375148685,0.002197509580669554,0.008999467544473451,0.009263879556706546,0.018527759113413093,0.5841722458138765,2.39236234182075,2.4626519825873263,4.925303965174653
770.771,0.37667841181234724,0.0022523695544008665,0.00902034177063029,0.009297297148557183,0.018594594297114367,0.5979555726498461,2.394706329792009,2.468232013569413,4.936464027138826
770.919,0.37730726246534896,0.002178132021876231,0.009123259617557555,0.009379665513976449,0.018759331027952898,0.5772833545912108,2.4179920518745424,2.4859488398630694,4.971897679726139
771.068,0.3771376797188161,0.0022063668696549483,0.009145208514250316,0.009407597649380392,0.018815195298760783,0.5850295497654748,2.424899182990345,2.4944730148402163,4.988946029680433
771.216,0.37751645171264797,0.002197874463473204,0.009194002870428583,0.009453059871736592,0.018906119743473185,0.5821930285428057,2.435391313072292,2.5040126937121996,5.008025387424399
771.365,0.3776181808389259,0.0020931450989339307,0.00921367627973708,0.009448443628078692,0.018896887256157385,0.5543019921031735,2.4399450946105796,2.5021156574314816,5.004231314862963
771.513,0.37736349514576206,0.002320613462476313,0.009210466116446006,0.009498312109234264,0.018996624218468528,0.6149544119470122,2.440741151416443,2.5170193278937605,5.034038655787521
771.661,0.3778477458256825,0.002324048237108813,0.009204369505745156,0.009493240658842475,0.01898648131768495,0.6150753214182194,2.43599958116239,2.512451315038973,5.024902630077946
771.81,0.3777406867422055,0.0022928090634911297,0.009185163169855,0.00946700564373381,0.01893401128746762,0.6069796407861909,2.4316054616916456,2.5062181480584598,5.0124362961169195
771.958,0.3783474718852934,0.0022515819246350616,0.009214581092786207,0.009485680043037313,0.018971360086074626,0.5951095466332841,2.43548107956695,2.5071345120321467,5.014269024064293
772.106,0.3780348594709236,0.002149826298172739,0.009205080132706947,0.009452790771082964,0.018905581542165928,0.568684671350551,2.4349818282869102,2.5005077003513803,5.0010154007027605
772.255,0.37813515612001974,0.0021320751589157453,0.009235157878324074,0.009478073935185186,0.018956147870370373,0.5638394432278142,2.442290204667678,2.5065307421923113,5.013061484384623
772.403,0.3779804265998102,0.002161499382240536,0.009201864299584374,0.009452321734229724,0.018904643468459447,0.5718548448883151,2.4344816958807556,2.5007437076199306,5.001487415239861
772.551,0.3780922382534915,0.002187294064555203,0.009241874304776838,0.009497183581995916,0.018994367163991832,0.5785080578905548,2.444343831935697,2.511869491388115,5.02373898277623
772.699,0.3787780143891962,0.0022881985930799033,0.009255361511791665,0.009534021686325627,0.019068043372651253,0.6041001605570402,2.4434790722255952,2.5170472741665977,5.034094548333195
772.847,0.37836180852531776,0.0022470240052247952,0.009321441984963432,0.009588451259671475,0.01917690251934295,0.5938823513881258,2.4636318399296626,2.53420166719334,5.06840333438668
772.995,0.3780843182208043,0.0022878287863284013,0.009287567996144048,0.009565201505381475,0.01913040301076295,0.6051107322024107,2.4564806178287544,2.5299122561849607,5.0598245123699215
773.143,0.37843253622407946,0.0021470224283800378,0.009265691125910256,0.0095111901121121,0.0190223802242242,0.5673461509949904,2.448439348889337,2.513311938506335,5.02662387701267
773.291,0.3789912852787887,0.002104291350784435,0.009283031524770094,0.00951854591725341,0.01903709183450682,0.5552347593524487,2.4494050088622563,2.5115474384197247,5.023094876839449
773.439,0.3786177439879963,0.002220023925395183,0.009303901597438415,0.009565097551208985,0.01913019510241797,0.5863496787053822,2.4573337476051798,2.526320465189882,5.052640930379764
773.587,0.3791419020717818,0.0023089093656850712,0.009315233619217,0.009597116225176127,0.019194232450352254,0.6089829040441783,2.4569253802639244,2.531272901447631,5.062545802895262
773.735,0.3789911387703565,0.0022093883701510605,0.00926084175124617,0.0095207450817561,0.0190414901635122,0.5829657066176958,2.4435509973381264,2.512128677373916,5.024257354747832
773.883,0.3788186759223803,0.002200508694591303,0.009260553643089956,0.009518408075488179,0.019036816150976358,0.5808870666773003,2.4445874059776918,2.512655441897615,5.02531088379523
774.031,0.3789308510321784,0.0020486848945441985,0.009258027676176065,0.00948199273623301,0.01896398547246602,0.5406487460611188,2.4431971297554456,2.5023015968229543,5.0046031936459086
774.178,0.3791030415455018,0.0022217548456784403,0.009305613482637403,0.009567164516330775,0.01913432903266155,0.5860556635528271,2.454639626393105,2.5236316958386835,5.047263391677367
774.326,0.379219241864274,0.0022198498817161106,0.009322722848458014,0.009583365526083002,0.019166731052166004,0.5853737460164573,2.45839921060617,2.5271306062873715,5.054261212574743
774.474,0.37973577364596883,0.002294003048883412,0.009276898339243769,0.00955632213693899,0.01911264427387798,0.604105066756795,2.442987725431607,2.5165714689415695,5.033142937883139
774.621,0.37958070567194946,0.002221059142650005,0.009306631105480799,0.009567992801452764,0.01913598560290553,0.5851348894876505,2.4518188006963673,2.5206741698093187,5.041348339618637
774.769,0.37952119307501553,0.0022904445872493893,0.009244658881709236,0.00952417210294026,0.01904834420588052,0.603509007940082,2.4358742147719674,2.5095231245907597,5.019046249181519
774.916,0.37980876940702335,0.0022147786586695756,0.00922542710195594,0.009487557626723611,0.018975115253447222,0.5831299425043293,2.4289663233313816,2.4979827721029366,4.995965544205873
775.064,0.37955774802521386,0.0023212033586551112,0.009258579430580536,0.009545118024655366,0.019090236049310733,0.6115547293480397,2.4393071881029003,2.514799941331006,5.029599882662012
775.212,0.37981031863518616,0.002192697086264001,0.0092204848680746,0.009477618989730664,0.018955237979461328,0.5773137217923038,2.4276551783025733,2.4953558459884992,4.9907116919769985
775.359,0.3803124410517078,0.002158909024370283,0.009243798494112923,0.009492560180229136,0.018985120360458272,0.5676672102548322,2.4305800958155146,2.495989916600839,4.991979833201678
775.506,0.38028613646908976,0.002319909940344096,0.009199823957464291,0.009487820770843074,0.01897564154168615,0.6100432589744597,2.419184681009813,2.4949162909109255,4.989832581821851
775.654,0.38003206595297334,0.0021611506933527334,0.009196405903880036,0.00944692827686855,0.0188938565537371,0.568675879477013,2.4199026155382466,2.4858239930831387,4.9716479861662775
775.801,0.3798897061826373,0.0021965163495094413,0.009245994029633268,0.009503319928828888,0.019006639857657777,0.5781984385892877,2.433862744674668,2.5015997470223725,5.003199494044745
775.948,0.3801977628836813,0.002167781858164783,0.009268934137119935,0.009519055532081721,0.019038111064163442,0.5701721761124617,2.437924428281209,2.5037116104741535,5.007423220948307
776.096,0.3805143413900363,0.002155438381792032,0.009267069235529325,0.009514435707586463,0.019028871415172927,0.5664539144354236,2.4354060353353035,2.5004144844658924,5.000828968931785
776.243,0.3802231421228749,0.0022621373517216436,0.009252626796485058,0.009525143990149837,0.019050287980299674,0.594949938894198,2.433472814102128,2.5051457775475545,5.010291555095109
776.39,0.3806044038515883,0.0021946362539909977,0.009352228332645256,0.009606279356403513,0.019212558712807026,0.576618723215501,2.457204445877099,2.523953811146483,5.047907622292966
776.537,0.38084018792512886,0.0023539062038124363,0.009371507447993518,0.009662609702567142,0.019325219405134285,0.6180824079089052,2.4607454111003397,2.537182264090984,5.074364528181968
776.684,0.38020339924094976,0.002089927238634123,0.009385491517753038,0.009615365146087749,0.019230730292175497,0.5496866263706534,2.4685448726893378,2.5290055705141437,5.058011141028287
776.832,0.3809201899490206,0.00212481662312937,0.009398854361714932,0.009636042185184471,0.019272084370368942,0.5578114994150715,2.467407769321128,2.5296748346350673,5.0593496692701345
776.979,0.3808775789895168,0.0021937038669831523,0.009411930632714362,0.009664200685573733,0.019328401371147465,0.575960357866991,2.471117007644447,2.5373509018864375,5.074701803772875
777.126,0.3812880687001387,0.002115085279618025,0.00945791904564221,0.009691533336576751,0.019383066673153503,0.5547210765940381,2.480517965821879,2.541787727482915,5.08357545496583
777.273,0.38070139759822674,0.0022765331504047185,0.00943607947550282,0.009706811992250453,0.019413623984500906,0.5979839225090678,2.4786038441238367,2.5497179819903204,5.099435963980641
777.42,0.3812787529256226,0.0022407731666490185,0.009471759882894353,0.00973320603211404,0.01946641206422808,0.5876994585864411,2.4842086820248395,2.5527795497203414,5.105559099440683
777.566,0.38148562553911514,0.002177923343499898,0.009544039336900893,0.009789383890443435,0.01957876778088687,0.5709057426271458,2.5018083770294792,2.5661212992256486,5.132242598451297
777.713,0.38161667077998934,0.0023390834637345877,0.009532666965985084,0.00981544960430748,0.01963089920861496,0.6129405874627323,2.497969217775835,2.57207044551948,5.14414089103896
777.86,0.38154512008644703,0.002292443177971019,0.009502145382798496,0.009774766626373473,0.019549533252746946,0.6008314763537319,2.4904381900220836,2.5618900915726024,5.123780183145205
778.007,0.38168259879374294,0.002277458368945606,0.00949044601979941,0.009759886386480471,0.019519772772960943,0.5966890752010204,2.4864759488100066,2.557068731277059,5.114137462554118
778.154,0.3813856818738624,0.002224844158600654,0.00943869977995164,0.009697370007693766,0.019394740015387532,0.5833580714591399,2.4748437680136477,2.5426675590042276,5.085335118008455
778.3,0.3817834512842221,0.0021596473986894046,0.009418301595306839,0.00966273676692195,0.0193254735338439,0.5656733919254231,2.466922430405529,2.530946989561483,5.061893979122966
778.447,0.38154910167146444,0.0022542845133071447,0.009339724809257993,0.00960792684087497,0.01921585368174994,0.590824222474048,2.4478434802606426,2.518136407289446,5.036272814578892
778.594,0.3821830718692399,0.002384302516455071,0.009342900595375441,0.009642338410626375,0.01928467682125275,0.6238639782744841,2.4446139253839116,2.522963239440758,5.045926478881516
778.74,0.3819841824787575,0.0022369013811835248,0.009323006898188744,0.009587605822770129,0.019175211645540258,0.5856005258301293,2.4406787835271704,2.5099483859657736,5.019896771931547
778.887,0.38251773810165834,0.0023249956355855636,0.009280962105789704,0.009567751162869797,0.019135502325739594,0.6078138093997801,2.4262828050403207,2.5012568594471456,5.002513718894291
779.033,0.38221814381006897,0.0021929190425954647,0.009279949056414568,0.009535530840861848,0.019071061681723695,0.573734941187189,2.4279195550240393,2.4947875958500347,4.9895751917000695
779.18,0.38224379442528383,0.0021186460912995127,0.009277025146494396,0.009515873939311517,0.019031747878623034,0.5542656603451123,2.426991695298209,2.4894776784065122,4.9789553568130245
779.326,0.3820817846988661,0.0022219690593514897,0.009264996914445472,0.009527712964053832,0.019055425928107664,0.5815427869985249,2.4248727067027245,2.4936318206226455,4.987263641245291
779.473,0.3820234659883347,0.0022840620756503045,0.009306035520045532,0.00958223547330022,0.01916447094660044,0.5978852816648833,2.4359853120461707,2.5082845234415045,5.016569046883009
779.619,0.3823493111876066,0.0023397916175878423,0.00929410377794933,0.009584100888921523,0.019168201777843046,0.6119513097382778,2.4307886809266432,2.506634799250079,5.013269598500158
779.766,0.38258442214803,0.0021905642204405637,0.009270948127249927,0.009526229620475947,0.019052459240951895,0.5725701554029788,2.4232424506983192,2.489967983272996,4.979935966545992
779.912,0.38292710499217153,0.0022065525953186235,0.00928332083318589,0.009541955776871454,0.019083911553742908,0.5762330653934079,2.424304968794433,2.491846529659092,4.983693059318184
780.058,0.3828150799892142,0.002202470261820932,0.00929804847958858,0.009555343048943093,0.019110686097886187,0.5753352929260223,2.428861600710858,2.49607279034366,4.99214558068732
780.204,0.3828009328411781,0.00228368502766583,0.00933412084990673,0.00960942398618401,0.01921884797236802,0.5965724823908195,2.438374635251843,2.5102927296603283,5.020585459320657
780.351,0.3827875455328954,0.0023298552228860053,0.009298843832786247,0.00958627779621246,0.01917255559242492,0.6086549183940954,2.429244091481847,2.5043337768126652,5.0086675536253304
780.497,0.38292511357023057,0.0023619626776638374,0.009356406234295442,0.009649932917478728,0.019299865834957457,0.6168210425380316,2.443403658501344,2.5200574669827387,5.040114933965477
780.643,0.3826282315599623,0.002239947021498807,0.009337314310151673,0.009602228969655149,0.019204457939310297,0.5854108078660634,2.440309820340167,2.5095453439248816,5.019090687849763
780.789,0.3828764694813701,0.002296248516699779,0.00933940934142709,0.009617552916266254,0.019235105832532507,0.5997361289426301,2.4392748277474188,2.511920601778904,5.023841203557808
780.935,0.3826406315129783,0.0022914398468449077,0.009296832707817617,0.009575061094784516,0.019150122189569033,0.5988490657106778,2.4296512032863635,2.502363917005963,5.004727834011926
781.081,0.3833735245926286,0.0021401904544803,0.009306185383732058,0.009549109988780984,0.01909821997756197,0.558252022424986,2.427446025027623,2.4908110175129687,4.9816220350259375
781.227,0.38318683819143523,0.002327904519958068,0.009307925666237293,0.009594614096577317,0.019189228193154634,0.6075116073780897,2.4290828229301478,2.503899701216765,5.00779940243353
781.373,0.3831928751681269,0.0023124342850100346,0.009282510576926025,0.009566209015761332,0.019132418031522665,0.6034648436496759,2.4224121006564383,2.4964475165578515,4.992895033115703
781.519,0.3832717637888342,0.002158090886902223,0.009269226887163078,0.00951713840194821,0.01903427680389642,0.5630706696387986,2.418447629831143,2.483130588036674,4.966261176073348
781.665,0.38326221195244975,0.0022257527626150107,0.009229337117464896,0.009493926426305588,0.018987852852611176,0.5807389022978225,2.4080999455824132,2.4771360520883996,4.954272104176799
781.811,0.38293286810610394,0.002118587789532272,0.00922484761438293,0.009465000144244144,0.018930000288488288,0.5532530545132649,2.4089986477282195,2.471712650589596,4.943425301179192
781.956,0.3829412361960877,0.002187852183468454,0.009250541203920416,0.009505746143367026,0.01901149228673405,0.5713284380656642,2.4156555443884375,2.4822989129589432,4.9645978259178865
782.102,0.3837826598330482,0.0022383331819387665,0.009243113016282296,0.00951027200794674,0.01902054401589348,0.5832293681305138,2.4084238251679224,2.4780358789747994,4.956071757949599
782.248,0.38380091569145236,0.002227174376427187,0.009263452913130538,0.009527427017658047,0.019054854035316093,0.5802941799695107,2.4136088618865283,2.482387776614216,4.964775553228432
782.394,0.383706596499481,0.0022086078336698792,0.0092442521028546,0.009504427678933627,0.019008855357867255,0.575598088179562,2.409198118351114,2.4770039831583874,4.954007966316775
782.539,0.3841011740041001,0.002259625929205879,0.009234549741037832,0.009506987864704646,0.019013975729409292,0.5882892534928202,2.4041972183452,2.4751259585067458,4.9502519170134915
782.685,0.38399338688671064,0.0022037106893692915,0.009244685799456994,0.009503712765710161,0.019007425531420322,0.5738928754050265,2.4075117215975514,2.4749678224312848,4.9499356448625695
782.83,0.38373839416952177,0.0021937544967360846,0.00924671398540862,0.009503382467306108,0.019006764934612216,0.5716796990000858,2.4096400375626095,2.4765263553763286,4.953052710752657
782.976,0.3838938319572037,0.0022112188578087065,0.009291852745965841,0.009551335837977942,0.019102671675955883,0.5759974955927951,2.4204225159318766,2.4880149257106896,4.976029851421379
783.121,0.3844409610380178,0.002269081373431674,0.009329087091143868,0.009601072660562555,0.01920214532112511,0.5902288266330918,2.4266631385882174,2.4974114710979234,4.994822942195847
783.267,0.3839547715186343,0.0023007838325729314,0.009302581492099067,0.00958288206446125,0.0191657641289225,0.5992330355663437,2.4228326308604267,2.4958361701193676,4.991672340238735
783.412,0.384032721376783,0.0022221925165154125,0.009320346152495485,0.009581596525777659,0.019163193051555318,0.5786466602503827,2.4269666707257187,2.494994825291708,4.989989650583416
783.558,0.38469738709633805,0.002265680334915353,0.009380020826918906,0.009649771919245272,0.019299543838490543,0.5889513188577933,2.438285556790098,2.508405890687457,5.016811781374914
783.703,0.3840407455809786,0.0022488878466431095,0.009391641104581261,0.00965714342774505,0.0193142868554901,0.5855857412319574,2.445480385257961,2.514614279569653,5.029228559139306
783.848,0.384130153454015,0.0021301830360387704,0.00929916439616694,0.009540028209285662,0.019080056418571325,0.5545472066914369,2.420836873270914,2.4835405717316896,4.967081143463379
783.994,0.38444635574634856,0.0021743509103197686,0.009352360897734743,0.009601794428266324,0.019203588856532647,0.5655797948971507,2.432682936889452,2.49756416851079,4.99512833702158
784.139,0.3843643679719125,0.0023745318682798265,0.00932035904372309,0.009618081632913462,0.019236163265826924,0.6177814766777096,2.424875930331861,2.502334356241967,5.004668712483934
784.284,0.38425937178559766,0.002207515718084592,0.009281983128749853,0.009540877132003507,0.019081754264007014,0.5744858499681051,2.4155515285464144,2.482926333759521,4.965852667519042
784.429,0.38469611319418584,0.0023364596850557534,0.009283663148131083,0.009573162764095153,0.019146325528190306,0.6073520383805806,2.4132458919450794,2.4884999966877333,4.9769999933754665
784.574,0.384541179304061,0.002180363478802069,0.009244334767372926,0.009497984533097203,0.018995969066194406,0.5670038987106842,2.4039908506296346,2.469952515953315,4.93990503190663
784.719,0.38492204446499584,0.0023200999378676992,0.00925334396056929,0.009539771390043781,0.019079542780087562,0.6027454055255298,2.403952720720513,2.4783645226926754,4.956729045385351
784.864,0.38453717850051095,0.0022681103883816145,0.009243763485248135,0.00951795608863013,0.01903591217726026,0.5898286343146404,2.40386729868198,2.4751718743412696,4.950343748682539
785.009,0.3848293767950851,0.0023719511622690916,0.009250229677289092,0.009549497442210744,0.01909899488442149,0.6163643695871259,2.403722333862957,2.48148868512595,4.9629773702519
785.154,0.3848757882991083,0.0022356583751126004,0.009250558983394814,0.009516880259595453,0.019033760519190906,0.5808778943961906,2.4035180348122323,2.472714717039919,4.945429434079838
785.299,0.3847053772535805,0.0021169043762980433,0.009245516462433363,0.009484769833555062,0.018969539667110125,0.5502663860356376,2.4032719605941804,2.4654632855061775,4.930926571012355
785.444,0.38545185169045354,0.0022302932625843175,0.00926241457283186,0.009527147094284679,0.019054294188569357,0.5786178618167357,2.403001706233926,2.471682793195059,4.943365586390118
785.589,0.3847866949214257,0.002448031732258912,0.009245383162327682,0.00956399336994745,0.0191279867398949,0.6362048804101207,2.4027294301887463,2.4855312036972688,4.9710624073945375
785.734,0.3851990545983965,0.0021999357773586398,0.009254311393009453,0.009512202520094234,0.01902440504018847,0.5711166086978755,2.4024751054121554,2.469425198878417,4.938850397756834
785.879,0.3857051048434634,0.0023671071103099767,0.009265622726708379,0.009563208697156768,0.019126417394313536,0.6137090436670928,2.4022556638105135,2.4794094185084616,4.958818837016923
786.023,0.3854496337751975,0.0021404618596081973,0.009258847534631957,0.009503043441024442,0.019006086882048884,0.5553155774579256,2.402090110697035,2.465443629547414,4.930887259094828
786.168,0.38545917158154325,0.002315260454722574,0.00925867731151025,0.009543769513765347,0.019087539027530694,0.6006499845944863,2.401986512221721,2.4759482241937985,4.951896448387597
786.313,0.3855692955392955,0.0024239031672167533,0.00926112686909517,0.009573075652553881,0.019146151305107762,0.6286556515934293,2.4019357807373223,2.4828418038744573,4.965683607748915
786.457,0.38591940951017506,0.0022552374520078944,0.009269476019355358,0.009539878491801828,0.019079756983603657,0.5843804163336421,2.4019201395235763,2.471987222386725,4.94397444477345
786.602,0.3853398820621275,0.0020873611793034144,0.009255597950107608,0.009488054073776092,0.018976108147552184,0.5416935221272721,2.4019309656131957,2.462255924043272,4.924511848086544
786.747,0.3857369183345581,0.002342501440139666,0.009265225697415067,0.009556763061889571,0.019113526123779142,0.6072795547425314,2.401954611297831,2.477533937677384,4.955067875354768
786.891,0.38612612188820705,0.0023488257072015015,0.009274662684320307,0.009567463096909973,0.019134926193819946,0.6083053111546656,2.401977529768252,2.477807782111148,4.955615564222296
787.036,0.3857026344164743,0.0021296953515855268,0.009264535362795314,0.00950616735488335,0.0190123347097667,0.5521599184323752,2.40198913258955,2.4646363562606037,4.9292727125212075
787.18,0.3858150448023949,0.0021941469554264043,0.00926722732278266,0.00952343336796853,0.01904686673593706,0.5687043532867395,2.4019870265891545,2.468393468908451,4.936786937816902
787.324,0.38614347987300557,0.0021624674311850663,0.009275045391790556,0.009523798213460392,0.019047596426920783,0.5600165596208581,2.401968665854703,2.466388456589392,4.932776913178784
787.469,0.3861579460994584,0.0022842937856574833,0.009275294094917882,0.00955243836129875,0.0191048767225975,0.5915439028850498,2.4019430879531734,2.4737127534955436,4.947425506991087
787.613,0.386448488978627,0.002256392988328583,0.00928214279397054,0.009552459587218237,0.019104919174436474,0.5838793662493464,2.4019094546088136,2.471858439003121,4.943716878006242
787.757,0.38616299195831466,0.002234479648341862,0.009275150567007917,0.009540509280930514,0.019081018561861028,0.5786364035068043,2.4018745348878867,2.4705912994273644,4.941182598854729
787.902,0.38611981344289625,0.0023448746652580607,0.009273985758677303,0.009565837603049642,0.019131675206099284,0.6072919813022875,2.401841458480049,2.4774272829343804,4.954854565868761
788.046,0.3862797736159254,0.0021882329509954933,0.00927771175932189,0.009532276692211683,0.019064553384423366,0.566489135714166,2.4018114312520633,2.4677131300407,4.9354262600814
788.19,0.3861607515463745,0.002459093643934631,0.009274761837585715,0.009595225307077269,0.019190450614154538,0.6368056914347795,2.4017878048054033,2.4847748686663116,4.969549737332623
788.334,0.38637653359625496,0.0022711680838196193,0.009279858474045907,0.009553741558325854,0.019107483116651707,0.5878121175425425,2.4017655491839256,2.472650569485428,4.945301138970856
788.478,0.38656818433639945,0.002330153439894778,0.00928438895531081,0.009572329566356919,0.019144659132713838,0.6027794149419786,2.401746789185151,2.476233159950609,4.952466319901218
788.622,0.3864207340148626,0.002152981698947816,0.009280769158888176,0.009527224484422217,0.019054448968844433,0.5571599837769077,2.401726497039162,2.4655055088363294,4.931011017672659
788.766,0.38660334857533313,0.002126450427266207,0.009285074294927004,0.009525460413120976,0.019050920826241952,0.5500341461351438,2.4017056057955286,2.4638846115076665,4.927769223015333
788.91,0.38648171067051384,0.0022712902290995757,0.009282049398157513,0.009555898719358606,0.01911179743871721,0.5876837548558442,2.4016788225383094,2.472535816191641,4.945071632383282
789.054,0.38632892723911644,0.002373833001758029,0.0092782663928594,0.009577124327119269,0.019154248654238537,0.6144590359108048,2.4016494077122683,2.4790078225727976,4.958015645145595
789.198,0.3864253824103078,0.0022780043537719103,0.009280452451884514,0.009555945874035342,0.019111891748070684,0.5895069158146339,2.4016156480193365,2.472908434334887,4.945816868669774
789.342,0.38644631184015665,0.0022558118060235477,0.009280817697936504,0.009551034710780117,0.019102069421560234,0.5837322642004162,2.4015800936858906,2.4715036521633698,4.9430073043267395
789.486,0.38695423990586764,0.002277444551182272,0.009292898182437115,0.009567899994923277,0.019135799989846554,0.5885565569035487,2.4015496469809325,2.472617950187291,4.945235900374582
789.63,0.38683674560494,0.0023143901577985034,0.009289983494506455,0.00957393310665564,0.01914786621331128,0.5982860170584964,2.40152560480744,2.47492856235356,4.94985712470712
789.774,0.3870808129220819,0.002362359740534077,0.009295785360382426,0.009591265245523995,0.01918253049104799,0.6103014310372475,2.401510240254052,2.4778456914770106,4.955691382954021
789.917,0.3872033745523945,0.002414332363518164,0.009298730536723688,0.009607048993115878,0.019214097986231755,0.6235308166694369,2.401510717067738,2.481137723611419,4.962275447222838
790.061,0.38720513167654325,0.0023350585462321967,0.009298828515062066,0.009587528887406984,0.01917505777481397,0.6030546486100855,2.401525123078679,2.4760851814887745,4.952170362977549
790.205,0.3873034187834408,0.0023244171906415673,0.00930128737805852,0.009587328207867967,0.019174656415735934,0.6001540595595042,2.4015505484756123,2.47540500364875,4.9508100072975
790.348,0.38716147168095244,0.0022824323004040324,0.009297963591706275,0.009574007737547694,0.019148015475095388,0.5895298131020932,2.401572540608698,2.4728720282986556,4.945744056597311
790.492,0.3865728777288849,0.0023373174368946635,0.009283856002905827,0.009573559164882327,0.019147118329764654,0.6046253039339956,2.4015797635489764,2.4765211727027965,4.953042345405593
790.635,0.38684529538677526,0.00214459896000018,0.009290321354864005,0.009534640820496387,0.019069281640992773,0.5543815539635734,2.4015598653139536,2.464716757370274,4.929433514740548
790.779,0.3877350108029325,0.0022438816687412725,0.009311466540026214,0.009578017230582792,0.019156034461165584,0.5787152581590658,2.4015026450007104,2.470248227197324,4.940496454394648
790.922,0.38740458476665607,0.0023003976408671693,0.00930309864268264,0.009583291379353485,0.01916658275870697,0.5937972164817716,2.401390951086999,2.4737165630411297,4.9474331260822595
791.066,0.38762902924487114,0.0021314352203127556,0.009307826451442814,0.00954875119314396,0.01909750238628792,0.5498647055575128,2.401220174241109,2.4633736053632527,4.926747210726505
791.209,0.38824689936323736,0.0024221719259652046,0.009321796445583036,0.009631344963805341,0.019262689927610682,0.623874119777338,2.400997010116935,2.4807268208971363,4.9614536417942725
791.353,0.3877977709198283,0.0021053359992083236,0.009310023764825431,0.00954510252282168,0.01909020504564336,0.5428953328469678,2.4007419492749342,2.461360853153278,4.922721706306556
791.496,0.3876097796306177,0.0022656195118064062,0.009304468588800817,0.00957633371871819,0.01915266743743638,0.5845104099193483,2.400473124715207,2.470611997417659,4.941223994835318
791.639,0.3878579309360168,0.0023115753247260618,0.00930940612941417,0.009592102113940223,0.019184204227880447,0.5959850605987459,2.400210331382885,2.473096809131019,4.946193618262038
791.782,0.3877004467468585,0.0023536637993075635,0.009304704300742263,0.009597773460778416,0.01919554692155683,0.6070830763948907,2.3999725506681164,2.475564199451412,4.951128398902824
791.926,0.3879669035407285,0.0021688516467585407,0.00931034127525428,0.00955962196571343,0.01911924393142686,0.5590300685354354,2.399777194983563,2.464030276415026,4.928060552830052
792.069,0.38797277389855334,0.0023358920436158488,0.009309960270588844,0.009598528630960609,0.019197057261921217,0.6020762797717953,2.399642680345194,2.474021188267819,4.948042376535638
792.212,0.3874802910136551,0.002390080958688842,0.009297832914365473,0.009600113743729545,0.01920022748745909,0.6168264590790796,2.399562798418,2.477574722217608,4.955149444435216
792.355,0.3889075082245091,0.0023904831748587227,0.009331946125496182,0.009633256370430813,0.019266512740861625,0.6146662443654188,2.3995284040926825,2.4770044719398197,4.954008943879639
792.498,0.3878070998602245,0.002194221906365078,0.009305529097230767,0.009560725995120917,0.019121451990241834,0.5658024072163534,2.399525202242227,2.4653303146246794,4.930660629249359
792.641,0.3881886239214748,0.0023358551437325363,0.009314743293800335,0.009603158953276784,0.01920631790655357,0.6017319931057659,2.399540511956007,2.473838325365086,4.947676650730172
792.784,0.38867953724717486,0.0024558464865803925,0.009326626172773248,0.009644539270090005,0.01928907854018001,0.63184352435272,2.399567067211496,2.481360181294213,4.962720362588426
792.927,0.3886389686340511,0.0022212354813321523,0.009325730019966519,0.009586611886836434,0.01917322377367287,0.5715421408046459,2.3995869618385544,2.466714009799503,4.933428019599006
793.07,0.38853996484846814,0.002382699765521305,0.009323387306231527,0.0096230353337507,0.0192460706675014,0.6132444487275758,2.3995954469877194,2.47671699293629,4.95343398587258
793.213,0.3886461092428805,0.0021856626954744034,0.00932589804093724,0.009578595705443753,0.019157191410887505,0.5623786379161962,2.3995861065237407,2.4646060973320347,4.9292121946640695
793.356,0.38860009319354855,0.0022833414014891418,0.009324715946201448,0.009600207051574354,0.019200414103148707,0.5875812799540134,2.399566060206044,2.470459276702442,4.940918553404884
793.498,0.38849691330393177,0.0022991946592379416,0.0093221307195194,0.009601479950136623,0.019202959900273247,0.591817999191983,2.3995379114444706,2.4714430466079724,4.942886093215945
793.641,0.38950488402754685,0.002166652407429204,0.009346190935680211,0.00959404334265849,0.01918808668531698,0.5562580846292989,2.399505453959654,2.4631381366658225,4.926276273331645
793.784,0.3891981922058914,0.0022514751273547033,0.009338695557890629,0.00960626748389108,0.01921253496778216,0.5784906436984786,2.399470435605293,2.4682199651146446,4.936439930229289
793.926,0.38834480968356794,0.0022971686471495198,0.009318100354375915,0.00959708174434642,0.01919416348869284,0.591528093042187,2.399439910621829,2.4712784888682657,4.9425569777365315
794.069,0.38912479062875155,0.002249370472215279,0.009336711095051296,0.009603845146280108,0.019207690292560215,0.5780588968851675,2.399413072594257,2.468063042388567,4.936126084777134
794.212,0.3889380919173475,0.002372130341859789,0.009332137515098414,0.009628904037297237,0.019257808074594474,0.6098992079088735,2.3993889282208873,2.4756906657894175,4.951381331578835
794.354,0.38879471187714704,0.0022694001127130134,0.009328621914587169,0.009600696000650047,0.019201392001300093,0.5837013836315006,2.39936954634683,2.4693484009329105,4.938696801865821
794.497,0.38941271165220676,0.002134130200024694,0.009343377121858168,0.009584007916937469,0.019168015833874938,0.5480381446640431,2.399350828126779,2.461144084453299,4.922288168906598
794.639,0.3887635701627253,0.0023114282153997635,0.00932772769664441,0.00960984934209134,0.01921969868418268,0.5945588508800518,2.399331730784366,2.471900681966917,4.943801363933834
794.782,0.389156931622385,0.0025048036659274897,0.009337083202772574,0.009667221117794996,0.019334442235589992,0.6436487345824804,2.399310520783099,2.484144655343181,4.968289310686362
794.924,0.38911281202144926,0.002297516447697313,0.009335920779247471,0.009614468192459966,0.01922893638491993,0.5904499612237558,2.3992838299893458,2.470869088713014,4.941738177426028
795.066,0.38963736624944884,0.0022082656429471543,0.009348387599054505,0.009605664362863033,0.019211328725726066,0.5667489399703532,2.399253359358146,2.4652831568298335,4.930566313659667
795.209,0.3893056322471907,0.0024089945285955794,0.009340299770982496,0.009645955341521083,0.019291910683042167,0.6187926217995176,2.3992203033558597,2.4777333135001642,4.9554666270003285
795.351,0.3886867737482551,0.0023461223666936108,0.009325316253306279,0.009615914589038231,0.019231829178076462,0.6036023155789574,2.399185380911908,2.473949524010887,4.947899048021774
795.493,0.38970321034760014,0.0023212238114512216,0.009349589238874224,0.009633426125658557,0.019266852251317114,0.5956388733315232,2.3991563298990415,2.471990445515169,4.943980891030338
795.635,0.38944352707751334,0.0023026884402393946,0.009343273806371634,0.009622844666398934,0.01924568933279787,0.5912765985660038,2.399134446138062,2.47092171196458,4.94184342392916
795.778,0.3898176893026856,0.0023269836451195068,0.009352196081819773,0.009637345300312674,0.01927469060062535,0.5969415213768431,2.3991204961860984,2.4722698750670262,4.9445397501340524
795.92,0.39021611133025935,0.002524809737827424,0.009361767756333137,0.009696254933516701,0.019392509867033402,0.6470285732745031,2.3991238404838198,2.4848422840517412,4.9696845681034825
796.062,0.39011361886264134,0.002316405360265781,0.009359375320562,0.009641765408067814,0.019283530816135628,0.5937771070436239,2.3991408830711514,2.4715275093901994,4.943055018780399
796.204,0.38965653856344823,0.0023906986671096433,0.009348508942026483,0.00964935539588365,0.0192987107917673,0.6135399847063937,2.3991664496358127,2.476374560903829,4.952749121807658
796.346,0.38956186462390857,0.0022478170122441983,0.009346321690070396,0.009612825310740583,0.019225650621481166,0.5770115651372316,2.399188046574717,2.467599162977878,4.935198325955756
796.488,0.38946618251240944,0.0022961609317915257,0.009344042217350586,0.009622030969827305,0.01924406193965461,0.5895661895415949,2.399192185846035,2.470569051144953,4.941138102289906
796.63,0.38970346823629454,0.00246788617979589,0.009349651066177323,0.009669872659745747,0.019339745319491494,0.6332728294579869,2.3991706074599812,2.4813411857762766,4.962682371552553
796.772,0.38967166177779433,0.0023239285050821457,0.009348651195363574,0.009633167852233558,0.019266335704467116,0.5963811929458034,2.3991098435827576,2.4721243028770097,4.944248605754019
796.914,0.38947077954726605,0.0023350931823347683,0.009343397337926199,0.009630770165700804,0.019261540331401608,0.5995554236569838,2.398998289111003,2.4727837546364673,4.9455675092729345
797.055,0.3899144994221634,0.0022204383958187393,0.009353374447025194,0.009613322017694504,0.01922664403538901,0.5694680241717951,2.3988270405143934,2.4654948795033365,4.930989759006673
797.197,0.3896536031430181,0.002270152793483057,0.009346256852203897,0.009618009713715578,0.019236019427431156,0.5826079305238253,2.398606551258671,2.468348716946265,4.93669743389253
797.339,0.3902609575786858,0.0022788049607520224,0.00935984616361117,0.009633258651962727,0.019266517303925455,0.5839182517489113,2.398355762175878,2.468414650476646,4.936829300953292
797.481,0.3904199162211818,0.0022386495211757407,0.009362624779643922,0.009626541146386005,0.01925308229277201,0.5733953182622719,2.3980909760607045,2.4656890559170015,4.931378111834003
797.622,0.389994591151655,0.002296477653065682,0.009351419678672647,0.009629270980593293,0.019258541961186586,0.5888485905110064,2.3978331727775712,2.469078084431384,4.938156168862768
797.764,0.390284373079814,0.002338377576170026,0.009357457925613537,0.009645207541487243,0.019290415082974487,0.5991471187322744,2.397599947897457,2.471328140907855,4.94265628181571
797.906,0.39014700203172703,0.002204705882352953,0.009353417181473334,0.009609741983964101,0.019219483967928202,0.5650961998610116,2.3974084467558483,2.463107991070153,4.926215982140306
798.047,0.39013855238281003,0.0023809036323386283,0.009352690434857033,0.009650985466611662,0.019301970933223323,0.6102713043345812,2.3972740908927213,2.4737328335452387,4.947465667090477
798.189,0.3904506674965825,0.0023988342597727136,0.009359864573772159,0.009662373965295195,0.01932474793059039,0.6143757610028185,2.3971951780192775,2.4746721595449097,4.949344319089819
798.33,0.3904871996567813,0.002259172890726774,0.009360602534984509,0.00962936872116512,0.01925873744233024,0.5785523552916648,2.3971598923631836,2.4659883165514396,4.931976633102879
798.472,0.3905040258519597,0.0022291892565665552,0.009360985526261651,0.009622750893817832,0.019245501787635663,0.5708492381616681,2.397154678710126,2.4641873724154184,4.928374744830837
798.613,0.39079086879941494,0.0022682443692781185,0.009367926684282896,0.009638619345158384,0.019277238690316768,0.5804240964602381,2.397171334392479,2.4664392427515223,4.9328784855030445
798.754,0.3903462269636657,0.00241298419302493,0.009357365644865348,0.009663476834322855,0.01932695366864571,0.6181651124937185,2.3971963857963337,2.475616815740953,4.951233631481906
798.896,0.39078338410418967,0.002448436408733269,0.009367927522405811,0.009682608476679152,0.019365216953358303,0.6265456793527518,2.397217462016798,2.477743136104681,4.955486272209362
799.037,0.3901005677132593,0.002162444323915439,0.009351591011830158,0.00959835506253945,0.0191967101250789,0.554329960756409,2.397225686352751,2.4604822081660376,4.920964416332075
799.178,0.3903088713866486,0.0024091295776762075,0.00935655627025465,0.009661731240335552,0.019323462480671103,0.6172366949071137,2.3972184483057366,2.4754065174102657,4.9508130348205315
799.319,0.39090452872806153,0.0023255746092960693,0.00937076638476657,0.00965502770069945,0.0193100554013989,0.594921378082547,2.3972007731037266,2.4699196328360045,4.939839265672009
799.461,0.3907511592484489,0.0021089907488917167,0.009366993991606917,0.009601480011837285,0.01920296002367457,0.5397273172389414,2.397176251408421,2.457185291607142,4.914370583214284
799.602,0.39088949769458636,0.0023463749959791425,0.009370183640701073,0.009659493624523913,0.019318987249047827,0.6002655507036506,2.3971438721083973,2.471157112558487,4.942314225116974
799.743,0.3919976795794922,0.0022528701575060778,0.009396617548309883,0.009662910808642844,0.019325821617285688,0.5747151768660467,2.397110502896323,2.4650428591844067,4.930085718368813
799.884,0.39162086489872844,0.0022775112530723143,0.00938745613815705,0.009659782101770905,0.01931956420354181,0.5815602428796202,2.3970776277675117,2.466615792871221,4.933231585742442
