Wavelength_nm,FieldReflectance_103p2,u_random_1sigma,u_systematic_1sigma,u_combined_1sigma,U_expanded_k2,u_random_percent,u_systematic_percent,u_combined_percent,U_expanded_percent_k2
650.138,0.015616072829578546,0.00010884418484535367,0.00021651375996237774,0.00024233296273453112,0.00048466592546906223,0.6970010068036497,1.3864802138491379,1.5518175752582688,3.1036351505165376
650.311,0.015617585968759161,0.00011709882981810606,0.00021684300548736882,0.00024644071289777755,0.0004928814257955551,0.749788283876562,1.3884540537899617,1.5779693058245263,3.1559386116490526
650.484,0.015589253466422157,0.00012109188130879387,0.00021634617084575193,0.00024792924264499804,0.0004958584852899961,0.7767651066140842,1.3877904500798708,1.5903856023575162,3.1807712047150325
650.657,0.015589244641344346,9.23883756575042e-05,0.0002175894948798727,0.00023639120169479714,0.0004727824033895943,0.5926417718308195,1.3957667602624058,1.5163736738588498,3.0327473477176996
650.83,0.015493005403428042,0.0001289310181660567,0.00021621538627584932,0.0002517385562597648,0.0005034771125195296,0.8321885574088094,1.3955677458681366,1.6248529559285134,3.249705911857027
651.003,0.015524311838929215,0.00011020941012525853,0.0002171000696180446,0.00024347187580564053,0.00048694375161128107,0.7099149467539954,1.398452130249266,1.5683263666161573,3.1366527332323146
651.175,0.015496511532050204,8.771058767088866e-05,0.00021693456993826936,0.00023399520256593836,0.0004679904051318767,0.5660021449955612,1.3998929339006447,1.5099863093831452,3.0199726187662903
651.348,0.015476483672624412,0.00011166292235604242,0.00021707749067638573,0.0002441131811014061,0.0004882263622028122,0.7215005987022585,1.4026279823521113,1.5773168263874167,3.1546336527748333
651.521,0.015479123914586234,0.00010827859078729274,0.00021661695453695532,0.00024217175354641871,0.00048434350709283743,0.6995136894360026,1.399413530974021,1.5645055552415101,3.1290111104830203
651.694,0.015454914994463052,0.00013581654192906751,0.00021654068114322145,0.00025560907583953367,0.0005112181516790673,0.878791905214139,1.4011120813074696,1.6539015318499606,3.307803063699921
651.867,0.015434797190767138,0.00010905805566405024,0.00021657154055224932,0.00024248070373206535,0.0004849614074641307,0.7065726508495176,1.4031382328871749,1.5710002582807736,3.142000516561547
652.039,0.015429184032972611,0.00011250892406340899,0.00021665720793241267,0.00024412825265211446,0.0004882565053042289,0.72919555449578,1.4042039259458567,1.5822499241074923,3.1644998482149846
652.212,0.015362134971379645,0.00012433675464047016,0.00021537277800765127,0.0002486866744746439,0.0004973733489492878,0.8093715806566938,1.4019716556904398,1.6188288602981191,3.2376577205962382
652.385,0.015363051842873541,0.00010304169789842955,0.0002155950894563792,0.00023895362333200843,0.00047790724666401687,0.6707111253173796,1.4033350382553533,1.5553786173210882,3.1107572346421763
652.557,0.015333443554355704,8.537560917715257e-05,0.00021580122874644,0.00023207577420067616,0.0004641515484013523,0.5567934487416578,1.4073892011370028,1.5135267781042663,3.0270535562085326
652.73,0.015291870625476087,0.00010126141660244867,0.00021520839439713576,0.0002378413915014117,0.0004756827830028234,0.6621911673366389,1.4073385766068474,1.555345302916509,3.110690605833018
652.902,0.015293666596548138,0.00011520964006111914,0.00021510650930094298,0.00024401653941208434,0.0004880330788241687,0.7533160170179372,1.4065071181131519,1.59553981297827,3.19107962595654
653.075,0.015314303161639401,0.00010416969191648106,0.0002154076172259156,0.0002392734132178524,0.0004785468264357048,0.680211765543563,1.406577987599771,1.5624178958217654,3.1248357916435308
653.248,0.015312550422115597,0.00010682623420822922,0.0002155423738296573,0.00024056258901008522,0.00048112517802017044,0.6976384159619963,1.4076190307158365,1.571015816298281,3.142031632596562
653.42,0.015316976464279031,0.00011478676000633905,0.0002145510773967574,0.00024332727977944082,0.00048665455955888164,0.749408737906173,1.4007404000203008,1.5886116972687678,3.1772233945375357
653.592,0.015265891538439913,0.00010177017512039858,0.00021351767252781,0.00023653110794508554,0.0004730622158901711,0.6666507151851474,1.3986583881469807,1.5494090689003919,3.0988181378007837
653.765,0.015250620701705183,0.00012459982334236407,0.0002142104793579217,0.0002478129242870495,0.000495625848574099,0.8170147679853612,1.4046017112862212,1.6249366444432085,3.249873288886417
653.937,0.01517747848364725,9.635621240982112e-05,0.00021306955640718753,0.0002338442976373857,0.0004676885952747714,0.6348631132215979,1.4038534571915628,1.5407321966513594,3.081464393302719
654.11,0.015143469168759718,0.00010922722828412078,0.0002141085412025999,0.00024036026047276796,0.0004807205209455359,0.7212827329516511,1.4138671847022741,1.5872205885862676,3.174441177172535
654.282,0.015167845850203412,0.00010801245648494848,0.00021493945986534316,0.00024055282613828994,0.00048110565227657987,0.7121146770060295,1.4170730767445179,1.58593928573624,3.17187857147248
654.454,0.015238419982418948,0.0001253753649087598,0.0002169691735425679,0.0002505885160851343,0.0005011770321702686,0.8227582981267701,1.4238298576420139,1.6444520913207952,3.2889041826415903
654.627,0.01519531158804485,9.027429116036777e-05,0.000216440028582958,0.00023451169185671433,0.00046902338371342865,0.5940930571729276,1.424386905979905,1.5433161110116365,3.086632222023273
654.799,0.015128355884777246,9.652344154474242e-05,0.00021643145992954855,0.00023697964388292317,0.00047395928776584634,0.6380299503786009,1.430634376782017,1.5664600019185264,3.132920003837053
654.971,0.015087718978409305,0.00010421274401483283,0.00021696512679154046,0.00024069516459366254,0.0004813903291873251,0.6907123877636004,1.4380247080557371,1.5953051944969283,3.1906103889938566
655.143,0.015057390939951364,0.00010229538537165232,0.00021798217973573517,0.00024079156245740259,0.00048158312491480517,0.6793699239104882,1.4476756338800305,1.599158602029233,3.198317204058466
655.315,0.015060532750793476,9.457030552600354e-05,0.00021846204615581205,0.00023805295271822573,0.00047610590543645145,0.6279346626766642,1.4505598823806694,1.5806409816789762,3.1612819633579523
655.488,0.015072006991496661,0.00011069300537436269,0.00022010697178885885,0.0002463737414353855,0.000492747482870771,0.7344277735328386,1.4603693583279187,1.634644553803517,3.269289107607034
655.66,0.015043761979236714,0.00010980501599857459,0.00022055970518980282,0.0002463812596198419,0.0004927625192396838,0.7299039704970515,1.466120678419518,1.637763612319149,3.275527224638298
655.832,0.015074011664399058,0.00012366477714680297,0.0002216702276165076,0.00025383196591115693,0.0005076639318223139,0.8203839820481723,1.4705456818773448,1.683904534256417,3.367809068512834
656.004,0.01508599240259514,0.00010429081865847579,0.0002229027462656637,0.00024609390311267353,0.0004921878062253471,0.6913089697734127,1.477547782851324,1.631274208187588,3.262548416375176
656.176,0.015210012599486856,0.00010973519675025956,0.0002251549853768157,0.00025047271477319095,0.0005009454295463819,0.7214668366149921,1.4803076848497274,1.6467620466115933,3.2935240932231866
656.348,0.015354449193575747,0.00011771357411006013,0.00022720938651789926,0.0002558917561227887,0.0005117835122455774,0.7666414641517139,1.479762534321081,1.6665642179457207,3.3331284358914415
656.52,0.014967129364425897,9.010218043754637e-05,0.00022360228370240463,0.00024107340001860598,0.00048214680003721196,0.6020004119941839,1.4939557095956288,1.610685617454426,3.221371234908852
656.692,0.014913362767513075,9.839760366338989e-05,0.00022373575031695397,0.00024441721374851637,0.0004888344274970327,0.6597948779046464,1.5002367595076191,1.638914157449111,3.277828314898222
656.864,0.014830939084907162,0.00010342580988888712,0.00022382419504466484,0.0002465647347829052,0.0004931294695658104,0.6973652126596577,1.5091707528651475,1.6625025116165708,3.3250050232331416
657.035,0.014804351814171269,0.00012481408561878528,0.0002256189172506117,0.0002578419124001989,0.0005156838248003978,0.8430905127457768,1.524004023159197,1.7416629625984916,3.4833259251969833
657.207,0.014775302778997806,9.8209061392776e-05,0.00022714014593941235,0.0002474624529843418,0.0004949249059686836,0.6646839178982796,1.5372960496097465,1.6748384563468617,3.3496769126937234
657.379,0.014738552008553136,0.00011072945982524933,0.00022878069820371098,0.0002541684896751936,0.0005083369793503872,0.7512913056926512,1.5522603446454173,1.7245146573943868,3.4490293147887736
657.551,0.01472554981288758,0.00010502905179775863,0.00022996597181112113,0.00025281505080309126,0.0005056301016061825,0.7132436692166073,1.5616800373039952,1.7168462571212881,3.4336925142425763
657.723,0.01464299813762687,0.00010093441285842618,0.00022926709485557168,0.00025050180933995056,0.0005010036186799011,0.6893015481512873,1.5657114253565565,1.7107275913411293,3.4214551826822586
657.894,0.01465540813473639,0.00010148597744881391,0.0002302648797786951,0.0002516372756136063,0.0005032745512272126,0.6924814137947538,1.5711939078169992,1.71702673375007,3.43405346750014
658.066,0.01463815240976266,7.896711249180826e-05,0.0002305829695657799,0.0002437299955054102,0.0004874599910108204,0.5394609256776322,1.575219078959696,1.6650325033018425,3.330065006603685
658.238,0.014538866703545365,0.00010742517954972612,0.00023009125424700534,0.00025393336622478533,0.0005078667324495707,0.7388827598476435,1.5825941522037381,1.746582944892552,3.493165889785104
658.409,0.014562255890599334,9.831836577428279e-05,0.0002317572383100579,0.0002517497141162838,0.0005034994282325676,0.675158893738107,1.591492692143041,1.728782381023814,3.457564762047628
658.581,0.014568928841024661,9.099107283984957e-05,0.00023268129936700448,0.0002498398735423639,0.0004996797470847278,0.6245556817027461,1.597106430445298,1.7148815555941186,3.429763111188237
658.753,0.014432265045811507,9.484694309068177e-05,0.0002316412907184338,0.00025030707177255097,0.0005006141435451019,0.6571868157189089,1.6050238128467582,1.7343575036767662,3.4687150073535324
658.924,0.014467346319596381,0.0001027042863652553,0.00023286147336854028,0.00025450468800626005,0.0005090093760125201,0.709904111620939,1.6095659025810671,1.7591663487140492,3.5183326974280984
659.096,0.014429355891790936,0.0001107556922123096,0.00023297035708153382,0.0002579573814336881,0.0005159147628673762,0.7675719764824712,1.6145582576840727,1.787726239259534,3.575452478519068
659.267,0.014452735180740679,0.00010367996940395322,0.00023482441021495688,0.00025669444810592814,0.0005133888962118563,0.7173726502794732,1.6247748767159138,1.7760959769607634,3.5521919539215268
659.439,0.014375889041166507,0.00011038435097108412,0.0002340912704526099,0.0002588115682140666,0.0005176231364281332,0.7678436488692262,1.6283603037159706,1.8003169576012932,3.6006339152025864
659.61,0.01435064376117127,0.00011529205959991895,0.0002346254635080343,0.00026142181839538793,0.0005228436367907759,0.8033929454221853,1.634947305589618,1.821673109207271,3.643346218414542
659.781,0.014301854146946309,7.05751012118899e-05,0.0002351288404465769,0.00024549219238260983,0.0004909843847652197,0.49346819291230776,1.644044457667616,1.7165060548112683,3.4330121096225366
659.953,0.014261117200324419,0.00012074546279257553,0.00023548434404041933,0.0002646362467107252,0.0005292724934214504,0.8466760429528533,1.6512334954730084,1.8556487755721207,3.7112975511442414
660.124,0.01419727338782074,8.08443230432661e-05,0.0002353038141008507,0.00024880452065573823,0.0004976090413114765,0.5694355587504508,1.6573873565237405,1.7524810142007792,3.5049620284015583
660.295,0.014209885365401558,0.00010206854112819466,0.00023735735672832702,0.00025837279632557345,0.0005167455926511469,0.7182925020402534,1.6703678504419766,1.8182609477952818,3.6365218955905636
660.467,0.014198911274094192,0.00010024134949567641,0.00023846757679803565,0.00025867955723760116,0.0005173591144752023,0.7059791244598169,1.6794778993592137,1.8218267037808742,3.6436534075617484
660.638,0.014104693748386769,9.651749065351716e-05,0.000237639250867611,0.00025649179237350093,0.0005129835847470019,0.6842934159031733,1.6848238969725315,1.8184853705372885,3.636970741074577
660.809,0.014136911050552115,9.275564160143893e-05,0.0002392691929149905,0.0002566190868331612,0.0005132381736663224,0.656123825563834,1.6925139590918334,1.815241575161067,3.630483150322134
660.98,0.014047305379665672,0.0001119736592387685,0.00023903068748498254,0.000263957894223422,0.000527915788446844,0.7971184238712228,1.701612380627775,1.879064255309186,3.758128510618372
661.152,0.013973805320010697,0.0001154001903284932,0.00023940356265562647,0.00026576544120720234,0.0005315308824144047,0.8258322460184729,1.713230985927627,1.9018830956992243,3.8037661913984486
661.323,0.013949724243298102,8.346806892773365e-05,0.0002399203032731,0.00025402494061249414,0.0005080498812249883,0.5983492395402324,1.71989280281555,1.821003312911622,3.642006625823244
661.494,0.013999268629665012,8.36759028056775e-05,0.0002418914577708393,0.00025595533605073936,0.0005119106721014787,0.5977162451784438,1.7278863929952852,1.8283479146071941,3.6566958292143883
661.665,0.013942890634117078,0.00010232877897935563,0.00024250323354292407,0.00026320903724260644,0.0005264180744852129,0.7339136601198444,1.7392608169036274,1.8877651998399536,3.7755303996799072
661.836,0.013880315252877322,9.91375339820201e-05,0.0002430552774383018,0.00026249594003459564,0.0005249918800691913,0.7142311408342786,1.751078941725892,1.8911381712326851,3.7822763424653703
662.007,0.013903874617759188,7.869729559982008e-05,0.00024442027425659695,0.00025677720849482636,0.0005135544169896527,0.5660098193010266,1.7579292174024856,1.846803251281115,3.69360650256223
662.178,0.013904830964351763,9.782872224543445e-05,0.0002457705327727543,0.0002645252609403833,0.0005290505218807666,0.7035592341700586,1.7675190256022795,1.9023982500654248,3.8047965001308497
662.349,0.013837218067658476,9.047605445539425e-05,0.0002452600785297822,0.00026141618647331383,0.0005228323729466277,0.6538601474154879,1.772466671628345,1.8892250248214126,3.7784500496428253
662.52,0.013744188257251478,0.00010717187632430806,0.00024526331485789037,0.00026765631823282905,0.0005353126364656581,0.7797614112842484,1.784487452203579,1.9474145233103362,3.8948290466206723
662.691,0.013781835476564919,0.0001098532693246482,0.00024651648906321816,0.00026988538337851766,0.0005397707667570353,0.797087365550447,1.7887057894603577,1.9582687940038142,3.9165375880076283
662.862,0.013788546774884215,9.91274549661159e-05,0.0002470197154522137,0.0002661672259128685,0.000532334451825737,0.7189115472754256,1.791484769824759,1.9303500960499411,3.8607001920998822
663.032,0.013748702470754158,0.00010802686673183363,0.00024802420470281124,0.00027052876012424146,0.0005410575202484829,0.785724085320962,1.8039826320367405,1.9676675722651096,3.935335144530219
663.203,0.013749561673751817,0.0001166929178013736,0.0002483648247839836,0.0002744126878534902,0.0005488253757069804,0.8487028210080519,1.8063472180216256,1.9957922613442245,3.991584522688449
663.374,0.01366583263604995,8.722051814904312e-05,0.00024759327839039234,0.00026250685760621545,0.0005250137152124309,0.6382378627918996,1.8117687007028802,1.9208991109237814,3.841798221847563
663.545,0.013625646947754002,9.797740989008027e-05,0.0002477602538116626,0.0002664295708392525,0.000532859141678505,0.7190661130863256,1.8183375421487962,1.9553535465937615,3.910707093187523
663.715,0.013626573034091946,8.528117484023894e-05,0.0002485783570901454,0.0002628004535684199,0.0005256009071368398,0.6258446245206064,1.8242176992574293,1.928588008965473,3.857176017930946
663.886,0.013530469771183077,8.24538434313888e-05,0.0002479619917658649,0.0002613116638366968,0.0005226233276733936,0.6093937965627574,1.8326192361330231,1.9312830097978795,3.862566019595759
664.057,0.01354977352306799,9.468866920376011e-05,0.00024967753148620554,0.00026702961222423307,0.0005340592244484661,0.6988210470275105,1.8426694074342922,1.9707311843229336,3.941462368645867
664.227,0.013553475817061044,8.521795005093786e-05,0.0002508385606273325,0.00026491901122508387,0.0005298380224501677,0.6287534740252088,1.8507323435924699,1.954620458994033,3.909240917988066
664.398,0.013518842044317575,8.739735807465346e-05,0.00025150146969628366,0.0002662541782917592,0.0005325083565835184,0.6464855332146551,1.8603773079958295,1.9695043215899897,3.9390086431799793
664.569,0.013490466098042829,0.000102353505657776,0.0002514729739938545,0.0002715048743020099,0.0005430097486040198,0.7587099282850224,1.8640792109498556,2.0125685230505073,4.0251370461010145
664.739,0.01348009118572831,0.00010139408833901395,0.00025192705971227206,0.0002715658383622109,0.0005431316767244218,0.7521765761225877,1.8688824596304894,2.014569743042421,4.029139486084842
664.91,0.013484126284100579,8.44861542804199e-05,0.00025312754275511274,0.00026685476043409147,0.0005337095208681829,0.6265600937009863,1.877226135545622,1.979028932328716,3.958057864657432
665.08,0.013436785752496324,8.95526374961771e-05,0.0002531538915730026,0.00026852666106194607,0.0005370533221238921,0.6664736578056978,1.8840360800273306,1.9984441666940953,3.9968883333881906
665.251,0.013412303882040568,9.525734130399602e-05,0.0002529384148988442,0.00027028097011044973,0.0005405619402208995,0.7102235539976703,1.885868506435613,2.015171833918579,4.030343667837158
665.421,0.013348849195507164,9.619715227418282e-05,0.0002531446287867351,0.00027080637952093417,0.0005416127590418683,0.7206400406902491,1.8963779205171953,2.028687084217565,4.05737416843513
665.591,0.013346624109898871,0.0001029418615793654,0.0002534526808090044,0.00027356039237195194,0.0005471207847439039,0.7712951285038131,1.89900216505704,2.04965982498195,4.0993196499639
665.762,0.013346392912543721,7.672519943527065e-05,0.00025375590841401457,0.00026510152259729444,0.0005302030451945889,0.5748759229406457,1.9013070428603964,1.986315885756192,3.972631771512384
665.932,0.013334534497722426,9.877645931030891e-05,0.00025412754306939933,0.00027264921980517485,0.0005452984396103497,0.7407567120335561,1.9057848859501243,2.0446849483327973,4.089369896665595
666.102,0.013298110951545495,8.813339172241138e-05,0.0002531398704321201,0.0002680434456182179,0.0005360868912364359,0.6627512136388709,1.9035776686966235,2.0156505431101563,4.031301086220313
666.273,0.01328811453461474,8.973565624392448e-05,0.0002537859153866301,0.0002691835411947721,0.0005383670823895442,0.6753076669392674,1.9098715225966263,2.02574669636964,4.05149339273928
666.443,0.01331133832709102,0.00010371573886616117,0.0002552004146145827,0.0002754708806897903,0.0005509417613795806,0.7791533527104527,1.9171657149995427,2.069445415035064,4.138890830070128
666.613,0.013296030711509907,0.00010059107039734933,0.00025566940597679876,0.0002747460802199253,0.0005494921604398506,0.7565496243196187,1.9229002363500465,2.0663766967843062,4.1327533935686125
666.783,0.013239464206244219,9.502120661318035e-05,0.00025536849235190947,0.0002724740292070273,0.0005449480584140546,0.7177118736297867,1.9288431040243175,2.058044230207734,4.116088460415468
666.954,0.013257067100956085,7.838871027502868e-05,0.0002565930685959888,0.00026829981876640954,0.0005365996375328191,0.5912975296728744,1.9355191207977185,2.0238248529877327,4.0476497059754655
667.124,0.013221445520836077,7.309825400730912e-05,0.0002561248118704032,0.00026635178616740403,0.0005327035723348081,0.5528764150040278,1.9371922038839726,2.014543612100902,4.029087224201804
667.294,0.013183939505284665,0.00010416901858973407,0.0002557659167660285,0.0002761655094560423,0.0005523310189120846,0.7901205747187997,1.9399809644416757,2.094711594704631,4.189423189409262
667.464,0.013225691511984678,8.127069802581357e-05,0.0002577560400350169,0.0002702648747657309,0.0005405297495314618,0.614491105831168,1.9489040690344774,2.0434838852911845,4.086967770582369
667.634,0.013149792088589494,9.612191764731284e-05,0.0002568245606994426,0.000274223044310026,0.000548446088620052,0.7309767105041987,1.9530693639049832,2.0853793159815686,4.170758631963137
667.804,0.01320458753985839,8.801142562401137e-05,0.0002587713380019997,0.0002733287698207345,0.000546657539641469,0.6665215809153191,1.9597078456323735,2.06995310528015,4.1399062105603
667.974,0.01312186393393255,9.484086971110838e-05,0.000257766088921479,0.0002746600574627393,0.0005493201149254786,0.7227697999965855,1.9644014769495324,2.0931481902695297,4.186296380539059
668.144,0.013098861027319412,9.762344045691197e-05,0.0002579414718022928,0.00027579727881575856,0.0005515945576315171,0.7452819008714219,1.9691900789261116,2.1055058011574195,4.211011602314839
668.314,0.013151621241108698,8.9823173169518e-05,0.0002602423700022382,0.000275307634443041,0.000550615268886082,0.6829817520044836,1.9787854685837916,2.093336094431444,4.186672188862888
668.484,0.013151993807707112,7.507375458964433e-05,0.00026032386281873955,0.00027093280012035467,0.0005418656002407093,0.5708165293208308,1.979349037301013,2.0600131362713014,4.120026272542603
668.653,0.013133977114472806,8.45339050575008e-05,0.00026051553373165355,0.0002738874301967122,0.0005477748603934244,0.6436276256667892,1.9835235851338742,2.085335064996464,4.170670129992928
668.823,0.013084923396781764,0.00010195219301461905,0.00025981782606138994,0.0002791049128907566,0.0005582098257815132,0.7791577369088319,1.9856274139540788,2.1330267241717475,4.266053448343495
668.993,0.013082759220896193,0.00010599650826356454,0.0002602004876792576,0.0002809618364699935,0.000561923672939987,0.810199946921469,1.9888808108893208,2.14757324296875,4.2951464859375
669.163,0.0130629271261576,8.904739368368745e-05,0.00026005987109635167,0.00027488283845396506,0.0005497656769079301,0.6816802453515663,1.990823868071651,2.1042974197071906,4.208594839414381
669.333,0.013079303991519192,0.00010002762640663524,0.00026093702716842315,0.00027945242563277167,0.0005589048512655433,0.7647779000434166,1.995037559625638,2.136600126535576,4.273200253071152
669.502,0.013067655799233163,0.00010197817373032921,0.000261390869387709,0.00028057928383370636,0.0005611585676674127,0.7803861327317292,2.000288907234976,2.1471279022376097,4.2942558044752195
669.672,0.013056436973706464,8.729020042745966e-05,0.0002619195497605402,0.00027608228780099276,0.0005521645756019855,0.6685606540532298,2.00605686136274,2.1145300847158954,4.229060169431791
669.842,0.013040175418709901,9.816548730850805e-05,0.00026220967451491263,0.0002799828143078308,0.0005599656286156616,0.75279268994849,2.0107833376129056,2.1470785884223194,4.294157176844639
670.011,0.013053347454639009,9.821693466600499e-05,0.0002628414342534071,0.00028059256193914764,0.0005611851238782953,0.7524271839642163,2.0135941004159537,2.1495831848054294,4.299166369610859
670.181,0.013007408935687125,9.739927893585756e-05,0.0002627455507987015,0.0002802174941036659,0.0005604349882073318,0.7487984687606224,2.019968404912933,2.154291415678193,4.308582831356386
670.35,0.013036540540424624,8.860329639023632e-05,0.0002636931708654344,0.00027818093481093065,0.0005563618696218613,0.6796534411524972,2.022723513556039,2.133855480664733,4.267710961329466
670.52,0.013004288580722861,7.753220404866328e-05,0.0002629132374010241,0.0002741069372805636,0.0005482138745611272,0.5962048870831314,2.0217425641473246,2.1078195518276246,4.215639103655249
670.689,0.012975497317168547,8.386787688547984e-05,0.00026260976804108285,0.00027567682355226987,0.0005513536471045397,0.64635577994001,2.023889810324344,2.124595434099529,4.249190868199058
670.859,0.012930121418994965,8.852303422290544e-05,0.0002620639025976216,0.0002766113096616358,0.0005532226193232716,0.6846264729800672,2.0267706242312404,2.139278516404963,4.278557032809926
671.028,0.012988009240987558,9.416722842884087e-05,0.00026361399089769446,0.0002799282106308316,0.0005598564212616632,0.7250320405660626,2.029672030612524,2.1552818868301555,4.310563773660311
671.198,0.012985839645934288,9.060072832020671e-05,0.0002628388372050285,0.0002780157303381292,0.0005560314606762584,0.6976886423248937,2.0240419131258887,2.140914549373576,4.281829098747152
671.367,0.013018968063849504,0.00010540531579390856,0.0002634007516324522,0.0002837080128550379,0.0005674160257100758,0.8096288068068419,2.0232076024815804,2.17918971352903,4.35837942705806
671.536,0.013021293775064663,9.852449752078434e-05,0.00026415728863712933,0.00028193288164356196,0.0005638657632871239,0.756641384663753,2.0286562395434284,2.165167966515385,4.33033593303077
671.706,0.013045728719157112,9.977772876531069e-05,0.00026507532878611425,0.0002832322811556453,0.0005664645623112906,0.7648306270449364,2.0318936143203876,2.171072902502797,4.342145805005594
671.875,0.01298098597356574,9.115605005662995e-05,0.00026407504509049667,0.0002793654504434553,0.0005587309008869105,0.7022274751876212,2.0343219353926933,2.1521127209624162,4.3042254419248325
672.044,0.012981471301769262,9.513961079254794e-05,0.0002648015758900564,0.0002813741639447638,0.0005627483278895276,0.732887733454229,2.0398425550882378,2.1675059583301235,4.335011916660247
672.214,0.01301365782824314,7.411921386767184e-05,0.0002658117088976841,0.0002759520292577477,0.0005519040585154954,0.5695494291144891,2.042559535573474,2.1204801363292147,4.2409602726584295
672.383,0.013006652797469384,7.738590286287274e-05,0.00026593023373685897,0.000276961129361581,0.000553922258723162,0.5949716969298141,2.0445708659848227,2.129380507608133,4.258761015216266
672.552,0.012988684274330035,0.00010324230160835592,0.0002657483405096282,0.0002850984975846278,0.0005701969951692556,0.7948634321060302,2.0459989241160894,2.194975961869189,4.389951923738378
672.721,0.012988657746628244,0.00011223032404634534,0.0002659529352983429,0.0002886634882165603,0.0005773269764331206,0.8640640644756343,2.0475782831939062,2.2224273966376176,4.444854793275235
672.89,0.012971847733190461,9.931627438424477e-05,0.0002654451693012681,0.00028341640789295437,0.0005668328157859087,0.765629356950659,2.0463173386015465,2.184857652682663,4.369715305365326
673.059,0.012975927913418575,9.196661808426128e-05,0.00026591155307553217,0.0002813659768004972,0.0005627319536009944,0.7087479115012454,2.049268112845707,2.1683688340279157,4.336737668055831
673.228,0.012968806811462806,8.798097801968565e-05,0.0002665809183200552,0.00028072413238919156,0.0005614482647783831,0.6784045695084412,2.0555547028769903,2.1646103336281213,4.3292206672562425
673.397,0.013025733611872889,0.00011183233808014169,0.0002676670872784058,0.00029008988512627744,0.0005801797702525549,0.8585492488362199,2.054909882652818,2.227052185850492,4.454104371700984
673.566,0.013004183007487465,7.658688432550889e-05,0.00026779312844130024,0.0002785295504808558,0.0005570591009617116,0.5889403761959685,2.059284526272139,2.141845822382581,4.283691644765162
673.735,0.012985462113868479,0.00012022461666662622,0.0002674841586304431,0.00029326052167121517,0.0005865210433424303,0.9258401095963021,2.0598740059067278,2.258375705844252,4.516751411688504
673.904,0.013021943515082164,9.702406897859653e-05,0.0002687065944420679,0.0002856867232788696,0.0005713734465577392,0.7450813226629507,2.063490708056358,2.1938869796815195,4.387773959363039
674.073,0.013068971411228944,0.00010750714870526751,0.0002699153713029884,0.00029053759599811967,0.0005810751919962393,0.8226136956187439,2.0653145745737524,2.223109890258754,4.446219780517508
674.242,0.013066180498663172,0.00010313890659418064,0.00027034655440997423,0.00028935254195321716,0.0005787050839064343,0.7893577362162798,2.069055715537023,2.214515113906634,4.429030227813268
674.411,0.01300616883724317,0.00010501438241218595,0.00026885075369888336,0.00028863254888849676,0.0005772650977769935,0.8074197999911952,2.0671018273192727,2.219197309372129,4.438394618744258
674.58,0.013050875635138114,8.892866102257674e-05,0.00026955120410305036,0.0002838417840711136,0.0005676835681422272,0.6813999574338571,2.065387883839089,2.1748868965305235,4.349773793061047
674.748,0.013028889922607848,9.263385924567847e-05,0.0002685453671005138,0.00028407331108342066,0.0005681466221668413,0.7109881179127882,2.0611530889867407,2.1803339560839645,4.360667912167929
674.917,0.013094773057570931,8.675050984230053e-05,0.0002698434260806209,0.00028344510148673694,0.0005668902029734739,0.6624819648336286,2.060695705792374,2.1645667339218155,4.329133467843631
675.086,0.013054792896522671,9.255817310357377e-05,0.0002690932378715271,0.00028456666367734186,0.0005691333273546837,0.7089976366321977,2.0612601058053084,2.1797868869535284,4.359573773907057
675.254,0.013068843292564013,0.00010476554093052763,0.00026991352532442924,0.0002895326056241807,0.0005790652112483614,0.8016435623659038,2.0653206965761552,2.215441712342826,4.430883424685652
675.423,0.013072274597934674,0.0001078374093284131,0.00026981290421880804,0.00029056481227714305,0.0005811296245542861,0.8249322527653347,2.0640088471017624,2.2227563390004845,4.445512678000969
675.592,0.01310115211336328,9.35538284380334e-05,0.00027071758002885325,0.0002864268265230957,0.0005728536530461914,0.7140885597580975,2.0663646806506364,2.1862720472571113,4.372544094514223
675.76,0.0130600880418543,8.231630969763286e-05,0.00026968820123162584,0.0002819710990966743,0.0005639421981933486,0.6302890871319532,2.064979963131511,2.1590290830584586,4.318058166116917
675.929,0.013132756512005097,9.932795006522088e-05,0.000271744790371662,0.00028932900435023367,0.0005786580087004673,0.7563374069596267,2.0692136500303713,2.203109484941324,4.406218969882648
676.097,0.013120464375849909,0.00011781952597768825,0.00027125395378952246,0.0002957366195587816,0.0005914732391175632,0.8979828960516972,2.067411228895253,2.254010308530902,4.508020617061804
676.266,0.013120307021726226,9.04595495988776e-05,0.0002709273774124567,0.0002856301348688957,0.0005712602697377914,0.6894621402462876,2.0649469327495282,2.177008010528367,4.354016021056734
676.434,0.013119580207986937,9.841932783349288e-05,0.00027092438238108195,0.0002882470902884663,0.0005764941805769326,0.7501713185424727,2.0650385003641247,2.197075559727035,4.39415111945407
676.603,0.01313994960544623,9.556570515735899e-05,0.0002711961261578706,0.00028754154977195717,0.0005750830995439143,0.7272912608260615,2.0639053748384666,2.1883002477633346,4.376600495526669
676.771,0.013138872840906216,9.700170257164008e-05,0.0002707278697448153,0.0002875811359570766,0.0005751622719141532,0.7382802447835372,2.060510616267922,2.188780875188389,4.377561750376778
676.94,0.013147259443918218,8.75849209653907e-05,0.00027025329734351095,0.0002840914696106764,0.0005681829392213528,0.6661838639375641,2.0555865539606986,2.160841739090302,4.321683478180604
677.108,0.013178867455353568,9.66763914069582e-05,0.00027115482376637197,0.000287873692975311,0.000575747385950622,0.7335713158545044,2.057497161155699,2.1843583597038903,4.3687167194077805
677.276,0.013144021086169591,0.0001055555252897605,0.0002707496539915358,0.00029059825198327267,0.0005811965039665453,0.8030687458408615,2.059869291266005,2.2108778590521747,4.421755718104349
677.445,0.013162403520264002,0.00010638724224990207,0.0002713878565304786,0.0002914954784996621,0.0005829909569993242,0.8082660745517719,2.0618411835852553,2.2146067627458326,4.429213525491665
677.613,0.013186190953406977,0.00010200264766875531,0.0002722630661279395,0.0002907433873862362,0.0005814867747724724,0.7735565792212377,2.064759012591075,2.2049080618775316,4.409816123755063
677.781,0.013194765389608476,9.068271395250757e-05,0.00027247591302865165,0.0002871697717215196,0.0005743395434430391,0.6872627991091426,2.0650303736604503,2.1763916465515925,4.352783293103185
677.949,0.013193171330382048,8.6018932333691e-05,0.0002721354794587217,0.00028540668510050084,0.0005708133702010017,0.6519958710427818,2.062699502977206,2.1632909779868372,4.3265819559736745
678.117,0.013230202329012833,8.907177384082503e-05,0.0002727286367189515,0.0002869053679904385,0.000573810735980877,0.6732457420208712,2.0614094171551574,2.1685637215182774,4.337127443036555
678.286,0.01323505420249902,9.623809177737545e-05,0.0002725222625226283,0.00028901583672768323,0.0005780316734553665,0.7271454298933202,2.059094419659959,2.183714794859788,4.367429589719576
678.454,0.01325471384026145,8.444236411574561e-05,0.0002720874280833564,0.00028488959506881224,0.0005697791901376245,0.6370742147540771,2.0527597303299414,2.149345497022007,4.298690994044014
678.622,0.013276459632749102,9.52885767701364e-05,0.00027230025417772027,0.0002884914925749618,0.0005769829851499236,0.7177258049660139,2.051000505481416,2.1729549936892707,4.345909987378541
678.79,0.013302662724497536,0.00010508560685021141,0.00027276922202061605,0.0002923115345805043,0.0005846230691610086,0.7899591910775192,2.0504858889513713,2.197391158705374,4.394782317410748
678.958,0.013367077419896166,8.119939851513011e-05,0.00027373852133885494,0.0002855277926647451,0.0005710555853294902,0.6074581298846166,2.047856182320079,2.1360525094270235,4.272105018854047
679.126,0.013316878396104357,8.187473234741326e-05,0.0002730782177602013,0.00028508802993470014,0.0005701760598694003,0.6148192535223902,2.0506173416743523,2.140802231986275,4.28160446397255
679.294,0.013376186929833587,0.0001014745001653751,0.00027420713080937895,0.0002923809582899074,0.0005847619165798148,0.758620529883979,2.049964853569749,2.1858318803679047,4.371663760735809
679.462,0.01336549298001782,9.837911130143386e-05,0.00027369544817025103,0.0002908395569546455,0.000581679113909291,0.7360679583500308,2.047776678192428,2.1760481067886333,4.3520962135772665
679.629,0.013357077494277869,0.00010167441005020207,0.00027344394976860497,0.0002917349470394522,0.0005834698940789044,0.7612025167463398,2.047183973333594,2.1841225909217834,4.368245181843567
679.797,0.01343230381258029,7.539714249294409e-05,0.00027548107422526005,0.0002856125896251854,0.0005712251792503708,0.5613120693587157,2.050884777987621,2.126311268791354,4.252622537582708
679.965,0.01339344529622213,0.00010940398846029399,0.00027526273858745885,0.00029620737321290274,0.0005924147464258055,0.8168472416216417,2.0552048595375365,2.2115845972541024,4.423169194508205
680.133,0.013471275675959252,0.00010310617223171,0.000276480080017586,0.000295079849191377,0.000590159698382754,0.7653779397871916,2.0523674718571048,2.1904373148414926,4.380874629682985
680.301,0.013438592624474869,0.00010270550128150474,0.00027563850920790206,0.0002941513347782734,0.0005883026695565468,0.7642578665153792,2.051096546418848,2.1888552097527976,4.377710419505595
680.468,0.01348804910084829,0.00010384447627470571,0.0002766256429028326,0.0002954749085187664,0.0005909498170375328,0.7698998980376986,2.050894394248869,2.190642296076631,4.381284592153262
680.636,0.013527287788544317,0.00011093495602555235,0.0002771148798567552,0.0002984949264332898,0.0005969898528665796,0.820082767215897,2.048562019146454,2.206613262756725,4.41322652551345
680.804,0.013570416986102816,0.00010272229233821918,0.0002776780085610766,0.0002960691570928385,0.000592138314185677,0.7569575234380415,2.046201003590685,2.181724831271116,4.363449662542232
680.971,0.013527192274318638,0.0001127970989925684,0.00027667568172855977,0.00029878523792366745,0.0005975704758473349,0.8338544814411606,2.0453297041827985,2.2087749760969317,4.4175499521938635
681.139,0.013550046230611233,8.94181569517754e-05,0.0002762995833925357,0.00029040844783776717,0.0005808168956755343,0.6599103459128332,2.039104359425289,2.14322846501954,4.28645693003908
681.307,0.01363271611477313,9.10536342304238e-05,0.00027770891910463717,0.000292255039403658,0.000584510078807316,0.6679053056181027,2.0370769607950474,2.1437770503190854,4.287554100638171
681.474,0.013608551338786998,0.00010052377720253827,0.0002766331355235394,0.00029433131238903293,0.0005886626247780659,0.7386809565543255,2.0327890062411096,2.1628408863045685,4.325681772609137
681.642,0.013628829842918909,9.36992628695218e-05,0.000276266443902475,0.00029172367042941703,0.0005834473408588341,0.6875077607503102,2.0270738360271916,2.1404894902329934,4.280978980465987
681.809,0.013673811076055175,9.104104401470788e-05,0.00027690660333104457,0.0002914888311130024,0.0005829776622260048,0.6658059227842773,2.025087240059563,2.1317307186102754,4.263461437220551
681.977,0.0137165782217014,9.263618888638112e-05,0.0002778351156272699,0.0002928716697924395,0.000585743339584879,0.6753593162164795,2.025542457722428,2.1351656736742015,4.270331347348403
682.144,0.01375201076187047,9.33993696428645e-05,0.0002777556419881559,0.00029303863039868494,0.0005860772607973699,0.6791688230918811,2.0197456706351296,2.130878425511263,4.261756851022526
682.312,0.013739364347409522,8.869912342358339e-05,0.00027767679714732084,0.0002914994651283368,0.0005829989302566736,0.6455838944274529,2.021030887063383,2.1216372006562105,4.243274401312421
682.479,0.01377318239301385,9.954372401951061e-05,0.000278000533803858,0.0002952850314304849,0.0005905700628609698,0.722735829520431,2.0184190252564123,2.1439128808768397,4.2878257617536795
682.646,0.013898711293965704,8.285588311754625e-05,0.00027977510740386126,0.0002917862369784267,0.0005835724739568534,0.596140759852456,2.01295718348599,2.0993761997568026,4.198752399513605
682.814,0.013875596814291426,9.590172649745688e-05,0.00027861841510821474,0.0002946614368773194,0.0005893228737546388,0.6911538853498621,2.007974279140531,2.123594688005257,4.247189376010514
682.981,0.013871103050320814,9.45478123029545e-05,0.000278595017729476,0.00029420141521576976,0.0005884028304315395,0.6816171140821261,2.008456117143709,2.1209662573227397,4.241932514645479
683.148,0.013914739748640102,9.611447858833129e-05,0.00027965109843821966,0.000295707169091332,0.000591414338182664,0.6907386003947693,2.0097472427793712,2.125136182444459,4.250272364888918
683.315,0.013991395519172974,0.00010496787107746141,0.00028125682089996966,0.0003002060180297726,0.0006004120360595453,0.7502316043715561,2.01021278052323,2.1456474275092017,4.291294855018403
683.482,0.014025548716235911,0.00011531141934180246,0.0002814048359288087,0.00030411413172481933,0.0006082282634496387,0.8221526421160157,2.0063730954287426,2.1682868733169647,4.336573746633929
683.65,0.01403484723270675,0.00011187230606851907,0.0002814846127695359,0.0003029009740676051,0.0006058019481352102,0.797103838849149,2.005612231485964,2.1582064203857234,4.316412840771447
683.817,0.014097886032582711,9.391467893177772e-05,0.00028173498318558054,0.0002969757021532877,0.0005939514043065754,0.6661614281369864,1.9984200647844725,2.1065264782742905,4.213052956548581
683.984,0.014144476160227747,0.0001055283086967177,0.0002823919278590142,0.0003014654621284508,0.0006029309242569016,0.7460743508723799,1.9964820517924875,2.1313299885656334,4.262659977131267
684.151,0.014264466000313988,0.00012812952062530097,0.00028397032097155124,0.00031153862882210174,0.0006230772576442035,0.8982426725436522,1.990753253331043,2.184018867690134,4.368037735380268
684.318,0.014261625837368067,0.00010376376032378203,0.0002836378556885509,0.0003020221037211192,0.0006040442074422384,0.7275731498431407,1.9888185184705087,2.1177256167369505,4.235451233473901
684.485,0.014313335998186849,0.00010924765879970323,0.00028387242765407134,0.00030416871327510386,0.0006083374265502077,0.7632578374010242,1.9832722971781773,2.125072123742743,4.250144247485486
684.652,0.014349819286701796,0.00012452828481530253,0.00028382097146887686,0.00030993811892792106,0.0006198762378558421,0.8678038540227809,1.9778713989234573,2.1598747185279583,4.319749437055917
684.819,0.014397710778755346,9.975875866062175e-05,0.00028482223054889893,0.0003017871981121106,0.0006035743962242212,0.6928793069508076,1.9782466457735113,2.0960776525488694,4.192155305097739
684.986,0.014454992231165142,0.00010721998234269808,0.0002853865101547582,0.0003048632230884539,0.0006097264461769078,0.7417505359257853,1.9743110587044204,2.109051448890889,4.218102897781778
685.153,0.01449107019850606,0.0001165450180760237,0.00028530527387277794,0.0003081912402031594,0.0006163824804063188,0.8042540439010417,1.9688350823267087,2.126766594746964,4.253533189493928
685.319,0.014523628112614569,9.856974838143406e-05,0.0002853919095315938,0.00030193465737153894,0.0006038693147430779,0.6786854332618226,1.9650180197310012,2.0789203292068055,4.157840658413611
685.486,0.014671285736752526,9.627510910051636e-05,0.00028838675726017277,0.0003040325942976413,0.0006080651885952826,0.6562145324410181,1.9656542884836956,2.0722968644528534,4.144593728905707
685.653,0.014698453043957045,0.00011909157832023587,0.00028816745175701307,0.00031180648530608745,0.0006236129706121749,0.8102320561495948,1.9605291175555852,2.1213557942023025,4.242711588404605
685.82,0.014748256305539796,0.00011015449376846045,0.0002885464765550501,0.0003088577045011503,0.0006177154090023006,0.7468984230161758,1.9564785868731154,2.0941981079155507,4.188396215831101
685.986,0.014812024849600262,0.00011950850132291388,0.00028905511216239767,0.00031278609265065674,0.0006255721853013135,0.8068343291102372,1.9514895167772994,2.1117038070530785,4.223407614106157
686.153,0.014893891660257107,0.00010208539589488753,0.0002896334354586539,0.0003070976310403552,0.0006141952620807104,0.6854178761571929,1.9446457787222422,2.061903215395444,4.123806430790888
686.32,0.014933636320643368,0.00010037246735171673,0.0002900883983505413,0.00030696239355962443,0.0006139247871192489,0.672123421225732,1.9425168265919293,2.055510037667771,4.111020075335542
686.486,0.015025896654594948,9.681626938689796e-05,0.0002917834103851276,0.0003074263303524475,0.000614852660704895,0.6443293975224524,1.9418702064339017,2.0459766057184745,4.091953211436949
686.653,0.015399958746186607,0.00010161177311110313,0.0002982767945193291,0.00031510950252810273,0.0006302190050562055,0.6598184760479608,1.9368674905910999,2.046171082153913,4.092342164307826
686.82,0.016690941635181127,0.00011949414336148609,0.00032379768408790353,0.0003451431449679758,0.0006902862899359516,0.7159221209522213,1.9399605556429695,2.0678470544794423,4.135694108958885
686.986,0.016485031604377868,0.00013560852697925435,0.00031920892269287997,0.0003468198508105212,0.0006936397016210424,0.8226161176618023,1.9363561463122028,2.1038470482423435,4.207694096484687
687.153,0.016376964308063645,0.00012920045940117254,0.00031631407162143485,0.00034168311432554617,0.0006833662286510923,0.7889158025309805,1.9314572937408736,2.0863641630904035,4.172728326180807
687.319,0.01628315273451975,0.00011753630608085633,0.00031388373373510923,0.0003351682884024467,0.0006703365768048935,0.7218276951470413,1.9276594579235629,2.0583746518074535,4.116749303614907
687.486,0.016213854401645585,0.00012788500450455702,0.00031230163589513046,0.00033747131161019484,0.0006749426232203897,0.7887390705295692,1.926140621217335,2.0813762307865797,4.1627524615731595
687.652,0.016168138211675297,0.00011020341997744554,0.00031043591614193794,0.00032941653238052515,0.0006588330647610503,0.6816085967020353,1.9200473924559025,2.0374425803871943,4.074885160774389
687.818,0.0160504139727766,0.00012383902800750185,0.00030722488729284557,0.00033124497917695974,0.0006624899583539195,0.7715628283329483,1.9141243821744118,2.0637784155523367,4.127556831104673
687.985,0.0160192280340933,0.0001442999147799775,0.00030621939730474053,0.000338515560486054,0.000677031120972108,0.9007919387430393,1.9115739950328559,2.1131827311877966,4.226365462375593
688.151,0.01600078091339467,0.00010391469077304161,0.00030568433770531317,0.00032286402289012135,0.0006457280457802427,0.6494351202949846,1.9104338679458877,2.017801660041751,4.035603320083502
688.317,0.016136912322911146,0.00011862939215224905,0.00030675725486328483,0.00032889655834877684,0.0006577931166975537,0.7351430668915474,1.9009662364450706,2.038162888707094,4.076325777414188
688.483,0.01633058133860042,9.948340480049531e-05,0.0003095014399147604,0.00032509704572636345,0.0006501940914527269,0.609184711418371,1.895226100636082,1.9907254921656408,3.9814509843312815
688.65,0.016671153601465708,0.0001116602982468216,0.0003153243464824127,0.0003345107856095672,0.0006690215712191344,0.6697814735328488,1.8914368736587597,2.006524524974429,4.013049049948858
688.816,0.0166328509498042,0.00013483834712025688,0.00031339767632622574,0.0003411736850649543,0.0006823473701299086,0.8106748958863494,1.8842090106622098,2.0512038861802617,4.1024077723605235
688.982,0.016949896121530826,0.00012923063499839518,0.00031859677404945597,0.00034380875709732664,0.0006876175141946533,0.7624272979126892,1.8796385049508018,2.0283826793522297,4.056765358704459
689.148,0.016909410612347624,0.00011691924651755628,0.00031761411692419583,0.0003384506425991386,0.0006769012851982771,0.6914448362391725,1.8783275431981465,2.0015519781156326,4.003103956231265
689.314,0.017281288844788543,0.00014139091585984136,0.0003236688595002939,0.000353203796267687,0.000706407592535374,0.8181734425582506,1.8729439824038445,2.0438510081046495,4.087702016209299
689.48,0.017138374106226262,0.00013425764854002343,0.00031975682583934497,0.00034679899633988223,0.0006935979926797645,0.7833744771112708,1.865736060243774,2.0235233178501595,4.047046635700319
689.646,0.01756457758616862,0.00011617306443058638,0.0003271259990333114,0.0003471420460600174,0.0006942840921200348,0.6614053987957438,1.8624188223627405,1.9763757161651154,3.952751432330231
689.812,0.01738489398125705,0.00012157992644214516,0.00032268449617744934,0.00034482888885209684,0.0006896577777041937,0.6993423518902246,1.8561200115763776,1.9834972201950887,3.9669944403901773
689.978,0.0177967170384954,0.00012456377507742954,0.0003304354622324068,0.00035313415122625115,0.0007062683024525023,0.6999255807011505,1.856721447656073,1.9842656960966458,3.9685313921932917
690.144,0.017780141501689647,0.00011223575903962854,0.0003302440423890294,0.00034879505893955636,0.0006975901178791127,0.6312422149675398,1.8573757827385473,1.9617113784297517,3.9234227568595035
690.31,0.018000303516441017,0.00012959426514958465,0.00033307817455635873,0.0003574013765019058,0.0007148027530038116,0.7199559998042064,1.8504031015484468,1.9855297227375335,3.971059445475067
690.476,0.01829165048527774,0.00011870969057240006,0.0003374691445759273,0.0003577393103596571,0.0007154786207193142,0.6489829371490835,1.8449354520935304,1.9557519462094903,3.9115038924189807
690.642,0.01822321850075433,0.00014964649208428087,0.0003358784625208854,0.00036770696781339966,0.0007354139356267993,0.8211858518740058,1.8431346938356803,2.0177937711616574,4.035587542323315
690.808,0.01850411756205541,0.0001395538250632019,0.000339647460592572,0.0003671997652188159,0.0007343995304376318,0.7541771424397525,1.8355236852204935,1.984421921160924,3.968843842321848
690.974,0.018650240202039377,0.00014852289415062843,0.000341400340707811,0.0003723079944377883,0.0007446159888755766,0.7963591489528786,1.8305412531388165,1.996263803600111,3.992527607200222
691.139,0.018812885194114476,0.00014075649737571707,0.0003439438464365939,0.0003716312164701447,0.0007432624329402894,0.7481919754645189,1.82823550395234,1.9754078794166445,3.950815758833289
691.305,0.01921467583940374,0.00014716877352090977,0.00035093474778215267,0.000380544143432233,0.000761088286864466,0.7659185861418968,1.8263891137964818,1.9804869289121552,3.9609738578243103
691.471,0.01933186832657242,0.0001461830816973199,0.00035119559286952284,0.00038040483412477943,0.0007608096682495589,0.7561766882944544,1.81666658874761,1.9677603204129934,3.935520640825987
691.636,0.01955013839469598,0.00016524902772985768,0.00035344466121175854,0.00039016710484708736,0.0007803342096941747,0.8452575853615968,1.807888282303154,1.9957255389708188,3.9914510779416377
691.802,0.01982068648100468,0.00015648270634353455,0.0003568910087129146,0.0003896896579134716,0.0007793793158269432,0.7894918598985007,1.8005986273731944,1.966075485260987,3.932150970521974
691.968,0.02004239090504087,0.00015240100429532853,0.0003599167175550895,0.00039085305382695275,0.0007817061076539055,0.7603933333971552,1.7957773564059503,1.950131876375334,3.900263752750668
692.133,0.020224035327636142,0.00016318098202230022,0.00036194535524851774,0.0003970295619720753,0.0007940591239441506,0.8068665791901255,1.7896792078577881,1.9631569839552963,3.9263139679105925
692.299,0.02053478140772009,0.000149199959740127,0.00036696270612615416,0.0003961341384857984,0.0007922682769715968,0.7265719404445913,1.7870300094268055,1.929088655099445,3.85817731019889
692.464,0.020818048048344258,0.00015527034746498278,0.0003706041510232306,0.00040181627338566815,0.0008036325467713363,0.7458448895132224,1.780206050839172,1.9301342395432994,3.860268479086599
692.63,0.02095061939342944,0.00012935923705606624,0.00037211641202158734,0.000393959942516428,0.000787919885032856,0.617448270272315,1.776159477835252,1.880421457324466,3.760842914648932
692.795,0.02121501739276793,0.0001489556721620229,0.00037602092332687933,0.00040444965947425263,0.0008088993189485053,0.7021237334116021,1.7724280700097967,1.9064309587232633,3.8128619174465266
692.96,0.021568884501445607,0.00015335355709780537,0.000380593140544389,0.00041032725001392595,0.0008206545000278519,0.710994382150487,1.7645471675592705,1.9024036685180667,3.8048073370361335
693.126,0.02181547490162972,0.00015830979925797104,0.00038336770549807973,0.0004147683572308301,0.0008295367144616602,0.7256766124589135,1.7573200089695977,1.9012575206412072,3.8025150412824145
693.291,0.022183513306716765,0.00015892436664821416,0.00038848423834770255,0.00041973438953596664,0.0008394687790719333,0.7164075611057278,1.751229541400354,1.8921006052223417,3.7842012104446834
693.456,0.022390814235520667,0.00017392942975104329,0.0003911642094364317,0.0004280898098268069,0.0008561796196536138,0.7767892132976681,1.7469851936687986,1.9118992517372928,3.8237985034745856
693.622,0.02273805565913069,0.0001723440552944729,0.0003968366743113367,0.0004326451426675518,0.0008652902853351036,0.7579542326666195,1.7452533332681108,1.9027358765999802,3.8054717531999604
693.787,0.022994699925727835,0.0001624434504824087,0.0004000296085886911,0.00043175405308144144,0.0008635081061628829,0.7064386619833961,1.7396600515804699,1.877624211126884,3.755248422253768
693.952,0.0234899250457673,0.00017412482404543017,0.00040742060471440564,0.00044306997584434,0.00088613995168868,0.7412744983484146,1.734448296112463,1.8862128124337192,3.7724256248674384
694.117,0.0238517384212471,0.00014978037812358113,0.00041253429041342317,0.000438883472504661,0.000877766945009322,0.6279641989958976,1.7295774552262326,1.8400481539479911,3.6800963078959823
694.283,0.024091328969014045,0.00016261351690627875,0.00041577670224293657,0.0004464453180498594,0.0008928906360997188,0.6749877398437842,1.7258354770619055,1.8531369465921603,3.7062738931843207
694.448,0.024416887559402547,0.0001797754503666992,0.00042077034434104726,0.0004575662741411707,0.0009151325482823414,0.7362750470523037,1.723275922524431,1.8739746129721984,3.7479492259443967
694.613,0.0247351558983609,0.00017039282652060367,0.000425099551658037,0.0004579774493897539,0.0009159548987795078,0.6888690219732754,1.718604699338914,1.8515244103236164,3.7030488206472327
694.778,0.025214546693141503,0.00017844305508314586,0.00043160778082394796,0.0004670408979684539,0.0009340817959369078,0.7076988424768443,1.7117411868496832,1.8522676756885408,3.7045353513770816
694.943,0.025407308924728644,0.00019512322075448867,0.000433707853925599,0.00047557919827758826,0.0009511583965551765,0.7679806678171156,1.7070200358900507,1.871820426502204,3.743640853004408
695.108,0.02575615854508976,0.00019901444744215653,0.0004391189553374252,0.0004821122350940064,0.0009642244701880128,0.772686839513563,1.7049085738802472,1.8718328443661405,3.743665688732281
695.273,0.026150045565325856,0.00018471270790590817,0.0004432770144270896,0.0004802221319153539,0.0009604442638307078,0.7063571168335991,1.6951290326425321,1.8364103064971844,3.672820612994369
695.438,0.026622277250778665,0.0001812026568075786,0.0004500956284265603,0.00048520148141037797,0.0009704029628207559,0.6806429634124507,1.6906729059528356,1.8225393599497073,3.6450787198994146
695.603,0.027091166273977656,0.00018143574852080732,0.0004563448260907319,0.0004910901456363037,0.0009821802912726074,0.6697229151595622,1.6844783331793016,1.8127316508629567,3.6254633017259135
695.768,0.027291946948549747,0.00019957932919022672,0.0004576431111170602,0.000499268590833554,0.000998537181667108,0.7312755281492735,1.6768430335138793,1.829362308869959,3.658724617739918
695.932,0.0277572290674658,0.00017895210028679248,0.0004640815791819844,0.0004973887476944957,0.0009947774953889914,0.6447044834764935,1.6719305016145634,1.7919250746735529,3.5838501493471058
696.097,0.028331968423632545,0.0001964116242688498,0.0004722489710531463,0.000511465166759852,0.001022930333519704,0.6932508935913432,1.6668413715272576,1.805258142011847,3.610516284023694
696.262,0.028560070388513846,0.0001893454292841852,0.0004749307664198512,0.0005112836047468759,0.0010225672094937518,0.6629725582200781,1.6629187532074732,1.7902042879855842,3.5804085759711684
696.427,0.028914429264381505,0.00019655566135876143,0.00047851137994133803,0.0005173077118558583,0.0010346154237117166,0.6797839914512519,1.6549224456966767,1.7890988168080786,3.578197633616157
696.591,0.029417128991878868,0.00021181236467129639,0.000484843074401785,0.0005290909984331817,0.0010581819968663634,0.7200307165589512,1.6481658510442496,1.7985813591096769,3.5971627182193537
696.756,0.029876883748651214,0.00019156433662723767,0.0004920110213879987,0.0005279883902461258,0.0010559767804922517,0.6411791076968856,1.6467949787775655,1.7672137251260742,3.5344274502521484
696.921,0.03029782754228005,0.00021112410214908352,0.0004968701356138569,0.0005398641664096527,0.0010797283328193054,0.6968291764631105,1.6399530128702593,1.7818576782651574,3.563715356530315
697.085,0.0307642920471567,0.00022229820741579876,0.0005020309100813564,0.0005490460160108554,0.0010980920320217108,0.7225851551371683,1.6318623854949237,1.784686009251428,3.569372018502856
697.25,0.03123703382763472,0.00021518262591957118,0.0005085984051987927,0.000552246231556538,0.001104492463113076,0.6888702272659571,1.6281904613774398,1.7679214825704028,3.5358429651408056
697.415,0.03172448120571405,0.00022603010221980115,0.0005155631862160044,0.0005629342822130237,0.0011258685644260475,0.7124784823245267,1.6251272412396263,1.7744475585360586,3.5488951170721172
697.579,0.03208140825453449,0.00021691938604791118,0.0005183006087002524,0.0005618625641760224,0.0011237251283520448,0.676152942934639,1.6155793554573594,1.751365026491962,3.502730052983924
697.744,0.032688290655735114,0.00023835740338115394,0.0005266456557446531,0.0005780743018516925,0.001156148603703385,0.7291828315266601,1.6111140875830834,1.768444572216474,3.536889144432948
697.908,0.033227560426000335,0.00023701377830923708,0.0005338866105934601,0.0005841322145536857,0.0011682644291073714,0.7133047845540157,1.606758376927659,1.7579750275515453,3.5159500551030907
698.072,0.03360302131640508,0.00025880059463047756,0.0005384977691973522,0.0005974592833085896,0.0011949185666171793,0.7701706111293345,1.6025278326221704,1.7779927515532912,3.5559855031065823
698.237,0.03414891278134918,0.00023046903180408415,0.000545825139455289,0.000592487179171075,0.00118497435834215,0.6748942002333891,1.5983675467214218,1.7350103734332316,3.4700207468664632
698.401,0.03459952316121939,0.00027838440963997066,0.0005503654700772159,0.0006167657822738789,0.0012335315645477579,0.8045903070479181,1.5906735694383465,1.7825846310077942,3.5651692620155884
698.566,0.035107732803673124,0.0002563670109138826,0.0005554286644221418,0.0006117393607956603,0.0012234787215913206,0.7302294692383564,1.582069305153281,1.7424633035023482,3.4849266070046965
698.73,0.0356924171736977,0.00022287402130872434,0.0005631374720321352,0.000605637384728738,0.001211274769457476,0.6244296098639228,1.5777510088252584,1.6968236748477816,3.3936473496955633
698.894,0.03624550380087293,0.00024586666745739883,0.0005696187615005693,0.0006204159504880977,0.0012408319009761953,0.6783370119729925,1.571557025748531,1.7117045851992148,3.4234091703984295
699.058,0.036648997417460825,0.0002785884005667138,0.0005752323830800663,0.000639143013318844,0.001278286026637688,0.7601528560068735,1.56957194907058,1.7439577024127122,3.4879154048254244
699.223,0.03713144856423192,0.00029202737578562667,0.0005803588166057829,0.0006496894213547765,0.001299378842709553,0.7864691173587328,1.5629845832754083,1.7497012545333634,3.499402509066727
699.387,0.03783581184966523,0.00027976269653780716,0.0005887403692126045,0.0006518300305407071,0.0013036600610814141,0.7394124319293085,1.5560400066261924,1.7227858969450776,3.445571793890155
699.551,0.03817971500833669,0.00028741643400797954,0.0005910919040386378,0.0006572654300645101,0.0013145308601290203,0.7527987936662729,1.5481831226596914,1.7215042855112817,3.4430085710225633
699.715,0.03871926154424174,0.0002819625337047013,0.0005968252865394982,0.0006600782476844158,0.0013201564953688315,0.7282229114378197,1.541417017619379,1.7047800535405135,3.409560107081027
699.879,0.03947209330094844,0.0002809404410535709,0.0006065375617008873,0.0006684424770864227,0.0013368849541728453,0.7117444694700812,1.5366237535882428,1.6934558600426728,3.3869117200853456
700.043,0.03984705840050589,0.00026801086407704554,0.0006096444194002042,0.0006659550595716926,0.0013319101191433852,0.6725988688631603,1.5299609152390137,1.6712778466057052,3.3425556932114104
700.207,0.0404673497661106,0.0002731020449141251,0.0006181603404804792,0.0006758009569978566,0.0013516019139957131,0.6748701026693736,1.5275533091572946,1.6699906490140513,3.3399812980281025
700.371,0.041085755903312586,0.00030474470021415464,0.0006254732214496822,0.0006957629503352835,0.001391525900670567,0.7417283521114048,1.5223602625727832,1.6934407924065646,3.3868815848131293
700.535,0.041735355458704736,0.0002692259872227619,0.0006318963573376797,0.0006868592567715015,0.001373718513543003,0.6450789367042745,1.5140552905148077,1.6457491477486468,3.2914982954972936
700.699,0.04214455802037048,0.0002962215103450752,0.000635520916010648,0.0007011661842089439,0.0014023323684178878,0.7028701314221808,1.5079548721414286,1.6637170186244135,3.327434037248827
700.863,0.04263814563322645,0.00030949457315150944,0.0006414096871300031,0.000712175032947971,0.001424350065895942,0.7258631175327918,1.5043095275470293,1.6702767495427786,3.340553499085557
701.027,0.04331824453570093,0.0003326176150932771,0.0006503497369911658,0.0007304719421543979,0.0014609438843087958,0.7678464782180838,1.501329852956477,1.6862916537450545,3.372583307490109
701.19,0.04394630663930063,0.0003047209498278538,0.0006573993464796297,0.0007245886819539991,0.0014491773639079982,0.6933937641880141,1.4959148942262321,1.648804501140964,3.297609002281928
701.354,0.04444417431704066,0.00031707784433182904,0.000664359354389647,0.0007361465283020414,0.0014722930566040827,0.7134294858758484,1.494817632678846,1.656339755691648,3.312679511383296
701.518,0.04506638665561744,0.00034627528804622067,0.0006733690276236164,0.0007571871779647803,0.0015143743559295605,0.7683670996131616,1.494171327222841,1.6801595028040666,3.360319005608133
701.682,0.045739834433918415,0.0003338748810847257,0.0006816819934184173,0.0007590538692149897,0.0015181077384299794,0.729943352915026,1.4903464384053724,1.6595028788563184,3.319005757712637
701.845,0.0461770837155003,0.0003324165732782332,0.0006848567723946132,0.0007612684000303769,0.0015225368000607539,0.7198734665148433,1.483109623409862,1.6485848364106228,3.2971696728212456
702.009,0.04676021607638775,0.00036937320581773876,0.000690044621548777,0.000782686492092759,0.001565372984185518,0.7899304939359746,1.4757087957453323,1.6738299301572046,3.347659860314409
702.173,0.04733969617513611,0.0003377069611262643,0.0006966587139102764,0.0007741959411287666,0.0015483918822575332,0.7133695152518442,1.4716163604703858,1.6354053863476041,3.2708107726952083
702.336,0.048045461180237115,0.0003323499873877393,0.0007037980490138998,0.0007783239736204983,0.0015566479472409966,0.691740654004685,1.4648585563029168,1.6199739881790371,3.2399479763580743
702.5,0.04856638488350904,0.00038545525669212723,0.0007078233314893714,0.00080597122995322,0.00161194245990644,0.7936667668731723,1.4574346704766086,1.6595248583694595,3.319049716738919
702.663,0.04914741299013024,0.00037323866880330204,0.0007127681231007645,0.0008045778403601777,0.0016091556807203554,0.7594268875927521,1.4502658018722212,1.6370705829862349,3.2741411659724697
702.827,0.04977300524953853,0.00035826605145299246,0.0007203729421789919,0.0008045444297534696,0.0016090888595069392,0.7197999189657412,1.4473165495380065,1.616427269600983,3.232854539201966
702.99,0.050238441372649635,0.0003511941266916336,0.000725192892459293,0.0008057555745362082,0.0016115111490724165,0.6990545826981559,1.4435019730809087,1.6038626050506228,3.2077252101012457
703.154,0.05081737166734703,0.0004141012151498024,0.0007306888372288388,0.0008398726053630845,0.001679745210726169,0.8148812139685793,1.4378721552384945,1.6527273603619865,3.305454720723973
703.317,0.05143019241900381,0.00038700212746411403,0.0007378135987105312,0.0008331503784455332,0.0016663007568910664,0.7524804191110007,1.4345923357617147,1.619963564704997,3.239927129409994
703.481,0.05212170363674661,0.00035518830241340317,0.000743099435105543,0.000823623397327621,0.001647246794655242,0.6814595027223744,1.4257005877713602,1.580192779322266,3.160385558644532
703.644,0.052661764750386246,0.0003861520369410278,0.0007481959161961275,0.0008419682444405298,0.0016839364888810596,0.733268318620476,1.4207573934191788,1.5988226912474566,3.197645382494913
703.807,0.0533866352963234,0.0003957893465258094,0.0007545597819746584,0.0008520620114739134,0.0017041240229478268,0.7413640967050539,1.4133870355126559,1.5960211890944789,3.1920423781889578
703.971,0.053954098764035875,0.0003938613048945284,0.0007601276875183973,0.0008561079539551581,0.0017122159079103162,0.7299932978531449,1.4088414132219271,1.5867338600154934,3.173467720030987
704.134,0.05445640924369782,0.00038215800264612996,0.0007643068702194808,0.0008545231014145712,0.0017090462028291425,0.7017686401906065,1.4035205053626136,1.5691873799289553,3.1383747598579106
704.297,0.05515621696251187,0.0003999975285229407,0.000769805821723821,0.0008675246543956822,0.0017350493087913644,0.7252084181096172,1.3956827790546917,1.5728501738712688,3.1457003477425376
704.46,0.05567401440370845,0.000398168234059926,0.000773318930306628,0.0008698046393213751,0.0017396092786427502,0.7151778766529974,1.3890123401180807,1.5623170856948971,3.1246341713897943
704.623,0.056252179822132306,0.00039763734023334383,0.0007777613919616008,0.000873514875187535,0.00174702975037507,0.7068834336565464,1.3826333386916896,1.5528551568127007,3.1057103136254014
704.786,0.056950083561109234,0.00040743467676532323,0.0007836925779134242,0.0008832763285107621,0.0017665526570215242,0.7154241948181392,1.3761043512297877,1.550965816517159,3.101931633034318
704.95,0.05751200666441775,0.00039473207720988753,0.0007867352432874447,0.0008802077912680547,0.0017604155825361094,0.686347251823688,1.3679495620419586,1.5304765775328661,3.0609531550657323
705.113,0.058246744309940854,0.0004102237396500656,0.000794209410413391,0.0008938971440617041,0.0017877942881234083,0.7042861270789578,1.363525841353926,1.5346731472322728,3.0693462944645455
705.276,0.05878084041346697,0.00038377536277461324,0.0007995013084552709,0.0008868403865941583,0.0017736807731883167,0.6528919288583164,1.360139295102867,1.5087235574654678,3.0174471149309356
705.439,0.05933129641984359,0.0004143692675977105,0.0008042900458869234,0.00090475652406725,0.0018095130481345,0.6983991461530293,1.355591558619517,1.5249228967878252,3.0498457935756504
705.602,0.05992118665814151,0.00042358364281198436,0.0008090668881735625,0.00091324275633411,0.00182648551266822,0.706901292240066,1.3502184006958986,1.5240732156128411,3.0481464312256823
705.764,0.06061470959567866,0.00041936410037001376,0.0008139923093647091,0.0009156690059099103,0.0018313380118198206,0.6918520325632493,1.3428956680553663,1.5106382790872763,3.0212765581745527
705.927,0.06118330125144375,0.000436746142727611,0.0008182386732933062,0.0009275029485992142,0.0018550058971984285,0.7138322610817033,1.3373562010500342,1.5159413265189376,3.0318826530378753
706.09,0.06201025494827579,0.00044262076625707023,0.0008261533580994146,0.0009372526414051526,0.0018745052828103052,0.7137863997273847,1.3322850531553667,1.511447811635248,3.022895623270496
706.253,0.06253582893191287,0.0004425379939753639,0.0008294599229905565,0.000940129586790693,0.001880259173581386,0.7076551179279736,1.3263755148966645,1.503345526632865,3.00669105326573
706.416,0.06324314543695073,0.0004467021130812269,0.0008354668882613641,0.0009473899404217673,0.0018947798808435347,0.7063249463557433,1.3210394304221789,1.4980120515451798,2.9960241030903596
706.579,0.06384826834524207,0.0003911616839998218,0.0008402984482561538,0.0009268813004755659,0.0018537626009511319,0.6126425886520865,1.31608651265602,1.4516937177743152,2.9033874355486304
706.741,0.06449405077824774,0.00044759532330137895,0.0008460191903722921,0.0009571259289766705,0.001914251857953341,0.6940102504033471,1.3117786527026978,1.4840530520676887,2.9681061041353773
706.904,0.06515194423150329,0.00047870952160301855,0.0008509852133202922,0.0009763906182277532,0.0019527812364555064,0.7347586127315375,1.3061547485006755,1.4986361953503047,2.9972723907006094
707.067,0.06569272851122374,0.00046517821652388444,0.0008557859645351591,0.0009740433205066982,0.0019480866410133964,0.7081121869438074,1.3027103363334136,1.4827262355837159,2.9654524711674317
707.229,0.06632824034745687,0.0004534826025072918,0.0008623571482793725,0.0009743235201745455,0.001948647040349091,0.6836946075031509,1.300135724635482,1.4689422108450412,2.9378844216900823
707.392,0.06708210915618701,0.0004892298284601649,0.0008670167096744369,0.0009955218731448592,0.0019910437462897185,0.7293000095168342,1.2924708548679729,1.4840348427730405,2.968069685546081
707.555,0.067707940713761,0.00048076700535052504,0.0008750915438092787,0.0009984598757487547,0.0019969197514975094,0.7100600022425636,1.2924503899901132,1.4746569829524103,2.9493139659048206
707.717,0.0682064916180026,0.0004906821951286744,0.0008770002229264597,0.0010049370167474947,0.0020098740334949894,0.7194068826715058,1.2858016914844246,1.4733744441449161,2.9467488882898323
707.88,0.068979400656209,0.0005102970654338639,0.0008839721217029647,0.0010206908478763068,0.0020413816957526136,0.7397818197597384,1.2815015980040938,1.47970385095602,2.95940770191204
708.042,0.0694948246933398,0.0005103585313760465,0.0008858338377620865,0.001022334298883013,0.002044668597766026,0.7343835078771814,1.2746759800762293,1.471094147505621,2.942188295011242
708.204,0.07020800795590999,0.0004681707951155222,0.0008919011304878633,0.0010073090488845163,0.0020146180977690326,0.6668338965115338,1.2703695154660553,1.434749508228602,2.869499016457204
708.367,0.07092055852215842,0.0004984932802538061,0.0008974784571759539,0.0010266270654688246,0.002053254130937649,0.7028896706983163,1.2654700919981416,1.4475732944884596,2.8951465889769192
708.529,0.07158363822335169,0.000489469108720203,0.0009059383002021584,0.001029710741987538,0.002059421483975076,0.6837723268451178,1.265566158254621,1.4384722089350723,2.8769444178701447
708.692,0.07215359175385398,0.0005052921096264055,0.0009100614008835498,0.001040928369019133,0.002081856738038266,0.7003007020775456,1.2612835740570603,1.4426563442193898,2.8853126884387796
708.854,0.07298521071002588,0.00048220674002201524,0.0009176518522521267,0.0010366331376453382,0.0020732662752906764,0.6606910294989052,1.2573120544900613,1.4203331436062254,2.840666287212451
709.016,0.07364780733438196,0.0005230149121276475,0.0009217158521257331,0.0010597663470632368,0.0021195326941264737,0.7101568003959864,1.2515183893267607,1.4389652393201562,2.8779304786403124
709.178,0.07428576670118653,0.0004873674834109655,0.0009262802210956116,0.0010466719217975004,0.002093343843595001,0.65607114936485,1.2469148024298664,1.408980439022355,2.81796087804471
709.341,0.07494314302534842,0.0005352485837422882,0.0009279514468624037,0.001071253907405781,0.002142507814811562,0.7142062130504031,1.2382072720762962,1.4294221781483665,2.858844356296733
709.503,0.07559476743023487,0.0005595233184558789,0.000932396767023836,0.0010873960065460881,0.0021747920130921763,0.7401614390470259,1.233414426315061,1.438454067008841,2.876908134017682
709.665,0.07631598484673434,0.0005160455896270697,0.0009375656453628048,0.0010702020322995668,0.0021404040645991336,0.6761959380638878,1.2285311488094153,1.402330107445848,2.804660214891696
709.827,0.0769562095155278,0.0005267908974549939,0.0009405389158682959,0.0010780176723524282,0.0021560353447048564,0.6845333219650078,1.2221741712454266,1.400819607851023,2.801639215702046
709.989,0.07754279145904368,0.0005298569659958291,0.0009426335605728357,0.001081344734084615,0.00216268946816923,0.6833091200691265,1.2156301608908586,1.3945135501805561,2.7890271003611122
710.151,0.07832487680617181,0.0005365225198468783,0.0009522866408179056,0.0010930261939144435,0.002186052387828887,0.6849963149952911,1.2158163276458134,1.395503240457463,2.791006480914926
710.313,0.07919040021642972,0.0005535528156933929,0.0009590396964493941,0.0011073291557291488,0.0022146583114582975,0.6990150500319693,1.2110554989346058,1.3983123619817368,2.7966247239634736
710.475,0.07978366316080039,0.0006115469865880964,0.0009624568008298928,0.0011403125932255126,0.0022806251864510253,0.7665065282294081,1.206333179876818,1.4292557499237202,2.8585114998474404
710.637,0.08053780735368914,0.0006375305491893814,0.0009691898725473415,0.0011600750881723331,0.0023201501763446663,0.7915916389300343,1.2033973911048454,1.440410567769442,2.880821135538884
710.799,0.08113162435417151,0.0005572753131927476,0.0009770547877219927,0.0011248074648154427,0.0022496149296308853,0.6868780424757938,1.2042835275388588,1.3863983049386697,2.7727966098773393
710.961,0.08187966706247352,0.0006287086946582275,0.0009822967871929871,0.001166268237100075,0.00233253647420015,0.7678447131184937,1.1996834164500239,1.4243685629671918,2.8487371259343837
711.123,0.08256616336805642,0.0005301806780517631,0.0009872734590776432,0.001120625019521946,0.002241250039043892,0.6421282719512699,1.1957361451768802,1.35724487345563,2.71448974691126
711.285,0.08336001494001785,0.0005719630287518565,0.0009940276234080125,0.0011468359178004404,0.0022936718356008808,0.6861359479882718,1.1924513498747216,1.375762610678096,2.751525221356192
711.446,0.08410897297091291,0.0005934352181474622,0.0010008299960844766,0.0011635403040720933,0.0023270806081441865,0.7055551829799274,1.1899206003033587,1.383372383436992,2.766744766873984
711.608,0.08490112684047256,0.0005555650079657131,0.0010062960706870687,0.0011494712958382983,0.0022989425916765966,0.6543670604155916,1.185256436675897,1.3538940395904648,2.7077880791809297
711.77,0.08562120708036192,0.000613831144576117,0.0010144593299766481,0.0011857134587362564,0.0023714269174725127,0.716914845640976,1.1848225043411291,1.3848361862305627,2.7696723724611254
711.932,0.08614596906884159,0.0006635577813267896,0.0010183519836613718,0.0012154627480043896,0.002430925496008779,0.7702714224463858,1.1821237774312794,1.410933977692073,2.821867955384146
712.093,0.0869391668350904,0.0006084806630153695,0.0010251354491961871,0.0011921205503061727,0.0023842411006123453,0.6998924479798149,1.1791411012032171,1.3712123013180393,2.7424246026360786
712.255,0.08785521441162583,0.0005895717359571041,0.001032741704773755,0.0011891804995956144,0.002378360999191229,0.6710719903258086,1.1755041652224263,1.3535684905667373,2.7071369811334747
712.416,0.08836779126087416,0.0006227109528032404,0.0010347276235136574,0.0012076548288328668,0.0024153096576657335,0.704680906830533,1.1709329935145667,1.3666233042621827,2.7332466085243654
712.578,0.08935927740369164,0.0006109536780793839,0.0010436846540276136,0.0012093560492309396,0.0024187120984618792,0.6837048103235266,1.1679645184602807,1.3533637293949048,2.7067274587898096
712.74,0.08993329039794194,0.0006596386319308621,0.001047690310193872,0.0012380541631163602,0.0024761083262327204,0.7334754783373938,1.1649638365926482,1.3766361239960727,2.7532722479921454
712.901,0.09079678675442622,0.0006325286830605537,0.001061246965996913,0.0012354503865926675,0.002470900773185335,0.6966421452460912,1.1688155538666996,1.3606763309081982,2.7213526618163963
713.063,0.09152245050925571,0.0006109296010972647,0.0010707457316437602,0.0012327738638250709,0.0024655477276501418,0.6675188412218934,1.1699268602248312,1.3469633482993333,2.6939266965986666
713.224,0.09230265409945546,0.0006019576179366431,0.0010782822039018594,0.001234927319741291,0.002469854639482582,0.6521563478424337,1.1682028154250235,1.337910953687925,2.67582190737585
713.385,0.0932005760285886,0.0005916550328427674,0.0010833006195842152,0.001234340273295707,0.002468680546591414,0.6348190730723398,1.1623325367129929,1.3243912493814225,2.648782498762845
713.547,0.09384186891027448,0.0006625983963412355,0.0010883847365885499,0.0012742126861999545,0.002548425372399909,0.7060797105125529,1.1598071833258063,1.3578296137924046,2.7156592275848093
713.708,0.09469971174642144,0.000662782015254672,0.0010970053866227098,0.0012816789059761752,0.0025633578119523505,0.699877542425273,1.1584041454742484,1.3534137352055962,2.7068274704111923
713.869,0.09558858067935028,0.0006125664676025768,0.0011065817042165106,0.0012648164868224226,0.0025296329736448453,0.640836450598024,1.157650523056215,1.3231878513451527,2.6463757026903054
714.031,0.0961496029565697,0.0006606157210927098,0.0011107213537607085,0.001292329314321571,0.002584658628643142,0.6870706698509266,1.1552011860750124,1.3440818002184676,2.688163600436935
714.192,0.09686860402406808,0.000670504085608776,0.0011168032716980312,0.0013026224612271537,0.0026052449224543074,0.692178949375777,1.15290530192894,1.3447313237873262,2.6894626475746524
714.353,0.09785099884424509,0.0007548240919592193,0.0011290636201149924,0.0013581399294878389,0.0027162798589756777,0.7714015195294175,1.1538600867142768,1.3879673641856902,2.7759347283713804
714.514,0.09848766812974638,0.0006864758047961274,0.0011341041298942325,0.0013256851843532252,0.0026513703687064505,0.6970170152589794,1.1515189174752094,1.346041803535022,2.692083607070044
714.675,0.0993171338361465,0.0006662322604085966,0.0011396919266427714,0.001320137535434797,0.002640275070869594,0.6708130155142689,1.1475280071241647,1.3292142900667687,2.6584285801335374
714.836,0.10052291436121467,0.0006936940107951498,0.00114867308401798,0.0013418871914436172,0.0026837743828872344,0.6900854548471007,1.1426977533603813,1.3349067722228367,2.6698135444456734
714.998,0.10095321482310667,0.0006572145219238243,0.0011480988208101247,0.0013228990249346923,0.0026457980498693847,0.651009007563965,1.1372583060597514,1.310408021431231,2.620816042862462
715.159,0.10194697668841148,0.0007034466821655659,0.001158176279342303,0.001355068090053383,0.002710136180106766,0.6900123034698372,1.1360575045615409,1.329189088358141,2.658378176716282
715.32,0.10285535223149797,0.0007465595990530909,0.001166185164909063,0.001384680134107618,0.002769360268215236,0.7258344683636869,1.1338108709056909,1.3462402335574128,2.6924804671148257
715.481,0.10345031421621924,0.0007107845358588814,0.0011695681409399535,0.0013686140042823852,0.0027372280085647704,0.687078179746546,1.130560259580715,1.3229674696027265,2.645934939205453
715.641,0.10455147160008146,0.0007436016199972893,0.0011778160035984333,0.0013929084347490963,0.0027858168694981926,0.7112301803284325,1.1265417746616544,1.3322705203778413,2.6645410407556827
715.802,0.10530383768649416,0.0007699740854876917,0.001182313418228618,0.0014109305834257213,0.0028218611668514425,0.7311928058880663,1.1227638462223457,1.3398662521932774,2.6797325043865547
715.963,0.10612678600155985,0.0007658684099070574,0.001191935267648087,0.001416779483037809,0.002833558966075618,0.7216542013208622,1.123123871508337,1.334987646772781,2.669975293545562
716.124,0.1069541599507497,0.0007427732474539922,0.0012012155211868502,0.0014123139967703875,0.002824627993540775,0.6944781276352643,1.1231124827122072,1.3204853344841665,2.640970668968333
716.285,0.10783553609478859,0.0007622434074181696,0.0012122776391719965,0.001432002823526857,0.002864005647053714,0.7068573450111562,1.124191229602078,1.3279507622312103,2.6559015244624207
716.446,0.10907481458972931,0.0007932835416485052,0.0012319801284677177,0.0014652896691063272,0.0029305793382126545,0.7272838781641187,1.129481753511707,1.3433803895223873,2.6867607790447745
716.606,0.11001152986576047,0.0007743886885790979,0.0012412502442903772,0.0014630037627942644,0.002926007525588529,0.7039159345607059,1.1282910489518596,1.3298640284154466,2.659728056830893
716.767,0.11106434383455341,0.0007884620459416304,0.0012569596004433179,0.001483785643223807,0.002967571286447614,0.7099146483196803,1.1317399959754348,1.3359693957532606,2.671938791506521
716.928,0.11142415423712615,0.0008548685538758168,0.001258701491514511,0.0015215550233713486,0.0030431100467426973,0.76722014156512,1.1296486835662387,1.3655522303837886,2.731104460767577
717.088,0.11276916825102849,0.0007538000901365848,0.0012708844226144802,0.0014776203137254389,0.0029552406274508778,0.6684451981224132,1.1269786257405416,1.3103052338172783,2.6206104676345565
717.249,0.11403240143883953,0.0007729876544488537,0.0012902745329019915,0.0015041004900556987,0.0030082009801113974,0.6778666806060732,1.1314981677326343,1.3190115011849615,2.638023002369923
717.41,0.11530922244030258,0.0008216832206623197,0.0013108526085859823,0.0015470933638777838,0.0030941867277555677,0.7125910688433601,1.1368150620082724,1.3416909169418245,2.683381833883649
717.57,0.11553860884167148,0.0008352415101204334,0.0013181668145818342,0.0015605102150556662,0.0031210204301113324,0.7229111709878799,1.1408885980167773,1.3506396093050712,2.7012792186101424
717.731,0.11788607366898785,0.0007929577379941939,0.001352211179017135,0.0015675640487405225,0.003135128097481045,0.6726475090015628,1.1470491271208225,1.3297279313433439,2.6594558626866878
717.891,0.11746878910461754,0.0009023738445826384,0.0013474913466344602,0.001621731014885515,0.00324346202977103,0.7681817880824373,1.147105845650955,1.3805633200502336,2.7611266401004673
718.052,0.11797983550446366,0.000903900955615893,0.0013510245185894042,0.0016255165909313434,0.0032510331818626868,0.7661486827396828,1.1451317191727137,1.3777918777229041,2.7555837554458082
718.212,0.11985801299806183,0.0009327473791785678,0.0013828898826283922,0.001668053386687745,0.00333610677337549,0.7782102805205446,1.1537734090842588,1.3916911727167698,2.7833823454335396
718.372,0.1203988273000826,0.0008684593874499468,0.0013847877383080423,0.0016345821447141284,0.0032691642894282567,0.7213188092649728,1.1501671314925608,1.3576395894954094,2.715279178990819
718.533,0.1228301546824592,0.000838551192261383,0.001412284763017949,0.0016424726341390445,0.003284945268278089,0.6826916358032826,1.1497866844416105,1.3371900722466472,2.6743801444932944
718.693,0.12556734826694524,0.0008885574811383782,0.0014457969569637212,0.0016970159804941543,0.0033940319609883085,0.7076341846842081,1.1514115547698618,1.3514787115568023,2.7029574231136047
718.853,0.12347261319560036,0.0009162820867236156,0.001422034541588586,0.0016916722791136714,0.0033833445582273428,0.7420933784499063,1.1517003688387608,1.3700789473320631,2.7401578946641263
719.014,0.12366731052081409,0.000812076774860774,0.0014277880601475312,0.0016425734178319477,0.0032851468356638954,0.6566624368564202,1.154539590239754,1.3282195682225102,2.6564391364450204
719.174,0.12656978144915848,0.0009098414727874039,0.0014626356568082722,0.001722531442433176,0.003445062884866352,0.7188457326624017,1.1555962569120772,1.3609341998627813,2.7218683997255626
719.334,0.1279406922498529,0.0008446249520183594,0.0014760164799015657,0.0017005928256090654,0.0034011856512181308,0.6601691277149788,1.1536724195763155,1.3292040207880151,2.6584080415760303
719.494,0.12783021511211298,0.0009166483758861663,0.0014709296448347062,0.0017331700046643726,0.0034663400093287453,0.7170827140376972,1.1506901115238155,1.355837509265163,2.711675018530326
719.654,0.12819823977626457,0.0008809621410950416,0.0014770202760325474,0.001719791612333896,0.003439583224667792,0.6871873924575901,1.1521377193714109,1.3415095365859375,2.683019073171875
719.814,0.12989250319954013,0.0009417442696373389,0.001497098600560227,0.0017686679985780699,0.0035373359971561397,0.7250181853764391,1.1525673643076944,1.3616397829065254,2.723279565813051
719.974,0.1305042934604548,0.0009058936830797934,0.001499712213440723,0.0017520787905191781,0.0035041575810383562,0.6941485671153768,1.149166953572423,1.342544941672812,2.685089883345624
720.134,0.1333443372442069,0.000925796619578783,0.0015297656936188167,0.0017880946446417654,0.0035761892892835307,0.6942901653808353,1.147229590122903,1.340960314922896,2.681920629845792
720.294,0.13236174418000207,0.000905328307126059,0.0015179910660088978,0.0017674603871562626,0.003534920774312525,0.6839803394362046,1.1468503043783886,1.3353257001151697,2.6706514002303394
720.454,0.13406876849616697,0.0009832031497575134,0.0015359496390090972,0.001823685753430473,0.003647371506860946,0.7333573365266074,1.1456431324294665,1.360261434401564,2.720522868803128
720.614,0.1353586935189787,0.0009259585030769941,0.0015623061077275683,0.0018160945800435207,0.0036321891600870414,0.6840776007838499,1.15419709448401,1.341690387835256,2.683380775670512
720.774,0.13568046704108228,0.0009154968301863108,0.0015678904589058146,0.0018156031882570235,0.003631206376514047,0.6747447515117341,1.1555756647204625,1.3381463285406312,2.6762926570812624
720.934,0.1363194143050699,0.001007425885120289,0.0015889317806119618,0.0018813854250124022,0.0037627708500248044,0.7390186425432885,1.1655946357399125,1.3801302144697014,2.760260428939403
721.094,0.13719294161896944,0.0010236200404086125,0.0016026505204412235,0.0019016536692564852,0.0038033073385129704,0.7461171313401435,1.1681727219555642,1.386116258471964,2.772232516943928
721.254,0.1381840737630192,0.0009830930723425016,0.0016131613523947264,0.0018891166024752948,0.0037782332049505897,0.711437320937919,1.1674003439508096,1.3671015414663943,2.7342030829327886
721.413,0.1391915370381141,0.0009913418320723632,0.0016299432763276615,0.0019077404729318768,0.0038154809458637536,0.712214156957624,1.1710074556338455,1.3705865410549278,2.7411730821098557
721.573,0.1402148969351161,0.0010000259387490523,0.0016507354128000307,0.0019300205390728386,0.0038600410781456772,0.7132094810238391,1.177289609651036,1.3764732430434607,2.7529464860869215
721.733,0.1418112708470206,0.0009649954862505888,0.0016709397115144892,0.0019295739965080724,0.003859147993016145,0.6804786957248137,1.1782841388658176,1.3606633555873051,2.7213267111746102
721.892,0.14272578168027197,0.0010024994833377847,0.0016818368841607192,0.0019579531452555143,0.003915906290511029,0.7023955108429815,1.1783693628165206,1.371828636848271,2.743657273696542
722.052,0.14339817526552648,0.0010051083628516712,0.0016924906775433505,0.001968442916278122,0.003936885832556244,0.7009213060002609,1.1802735107398763,1.3727112723946522,2.7454225447893044
722.212,0.14471887399208352,0.0010631977869646268,0.0017144033044845348,0.002017317085793399,0.004034634171586798,0.7346642201091105,1.184643894187787,1.3939557641277331,2.7879115282554663
722.371,0.1465240800727418,0.001047626698729668,0.001738129987848009,0.0020294377434520484,0.004058875486904097,0.7149860270131532,1.186241870268092,1.3850540760566692,2.7701081521133384
722.531,0.147271167429913,0.001053362361780789,0.001741139574201709,0.0020349789389739912,0.0040699578779479825,0.7152536237495971,1.1822677884524309,1.3817904580286882,2.7635809160573763
722.69,0.14838684339116434,0.001054189639979475,0.0017618955954858732,0.0020531906600295487,0.004106381320059097,0.7104333618045322,1.1873664505695556,1.38367432927804,2.76734865855608
722.85,0.1494179494174274,0.0010571339092427994,0.0017864965155942319,0.0020758376387138987,0.004151675277427797,0.7075012830550198,1.1956371524035008,1.3892826442923885,2.778565288584777
723.009,0.1503856483302477,0.0010609870092033052,0.00180083864618049,0.002090146708553099,0.004180293417106198,0.7055108123571552,1.1974803887042722,1.3898578300258584,2.7797156600517168
723.168,0.1515209643846777,0.0010178194974382513,0.0018294832904357607,0.002093553352400916,0.004187106704801832,0.6717350972333018,1.2074126493751147,1.3816922040476554,2.7633844080953107
723.328,0.15435253606453553,0.0011224515134513403,0.001864971734050514,0.0021766986398802624,0.004353397279760525,0.7271999165482049,1.2082546756930255,1.4102124237013989,2.8204248474027978
723.487,0.15656320986672265,0.0010873747421738962,0.0019000858715865297,0.002189225924686735,0.00437845184937347,0.6945276244013804,1.2136221997517893,1.3983016358379179,2.7966032716758358
723.646,0.1560563830037238,0.0011328329975585783,0.0018941128286382475,0.002207028320608854,0.004414056641217708,0.7259126321872698,1.2137362100677744,1.414250592080037,2.828501184160074
723.806,0.15614997346414883,0.0010664077768484442,0.001899959568779921,0.0021787776181889755,0.004357555236377951,0.6829381735971192,1.2167530526133208,1.3953109115892426,2.790621823178485
723.965,0.1578938658205553,0.0011677102738505316,0.0019381668595650555,0.0022627501097497163,0.0045255002194994325,0.739553919832213,1.2275124492599108,1.43308297506713,2.86616595013426
724.124,0.1601701446675588,0.0011540545060953966,0.0019849347667772682,0.0022960417747506724,0.004592083549501345,0.7205178646062254,1.2392663881880734,1.4335017175118514,2.867003435023703
724.283,0.16071711918417125,0.001133068049157247,0.001993818155986997,0.0022932845534657047,0.0045865691069314094,0.7050076898521466,1.2405760917741515,1.4269074539830144,2.853814907966029
724.442,0.16218915511576634,0.0010724543289066654,0.0020153295705750934,0.002282917336572885,0.00456583467314577,0.6612367689696489,1.2425797329893014,1.4075647258556832,2.8151294517113663
724.601,0.16282182141356505,0.0011190580778320908,0.0020180556361000515,0.0023075613820560522,0.0046151227641121045,0.6872899886002992,1.2394257837063618,1.417231033299204,2.834462066598408
724.76,0.16370043615739413,0.0011473696100128812,0.002035603432277137,0.002336693894261628,0.004673387788523256,0.7008958784384132,1.2434929802630164,1.4274206893468209,2.8548413786936417
724.919,0.16474560681303224,0.0011220428009311907,0.002037980697144649,0.002326444791748925,0.00465288958349785,0.6810760072070288,1.2370470670319773,1.4121437510556374,2.8242875021112748
725.078,0.1660375826832242,0.0011537996349499375,0.002059841281634759,0.0023609743122569833,0.004721948624513967,0.6949026938986586,1.2405873708512367,1.4219517497802787,2.8439034995605574
725.237,0.16970168759040904,0.0011980737295614998,0.0021174364796681484,0.0024328826331935626,0.004865765266387125,0.7059881057006122,1.2477403788575043,1.4336231228681433,2.8672462457362866
725.396,0.1702861317008784,0.0012245155728552583,0.0021308228034563176,0.002457609449830156,0.004915218899660312,0.7190929529165774,1.2513190488109056,1.4432234881858432,2.8864469763716865
725.555,0.16965888183287853,0.001230798780647019,0.002129000103430407,0.0024591679647492305,0.004918335929498461,0.7254549643085648,1.2548709978694577,1.449477880663872,2.898955761327744
725.714,0.17093912989891122,0.0012322257030004452,0.0021438473508707907,0.0024727437487476636,0.004945487497495327,0.7208564263367611,1.2541583381982837,1.4465639027237223,2.8931278054474445
725.873,0.17223725586106778,0.001173913671290971,0.0021581374298833083,0.002456752017177798,0.004913504034355596,0.6815677975256922,1.2530026788304922,1.4263766598554581,2.8527533197109163
726.031,0.173820064497739,0.0011803110299030285,0.0021796595111041026,0.0024787193692827197,0.0049574387385654395,0.6790418777680188,1.25397463026051,1.4260260324060356,2.8520520648120713
726.19,0.17534043430257137,0.0013059105566053692,0.002213169111452046,0.002569731483587105,0.00513946296717421,0.7447857431172212,1.262212632388575,1.4655669662325113,2.9311339324650225
726.349,0.176259720683355,0.0011843494938400033,0.0022103088912089437,0.0025076182161797244,0.005015236432359449,0.6719342849564874,1.2540068046401218,1.422683643465305,2.84536728693061
726.508,0.1791931860513287,0.0011168892927380415,0.0022593432471384404,0.002520332041740325,0.00504066408348065,0.6232878143134951,1.2608421653328195,1.4064887718545238,2.8129775437090476
726.666,0.1791099519984118,0.0012365875182164107,0.0022645021054165096,0.0025801392357088847,0.005160278471417769,0.6904069284923797,1.2643083648621543,1.440533709557224,2.881067419114448
726.825,0.17951261891850764,0.0011833501365442155,0.002263404644081459,0.002554078724023347,0.005108157448046694,0.659201644805491,1.260861023429759,1.4227850606885792,2.8455701213771585
726.983,0.18114869555049284,0.001350291987210538,0.0022843065905499074,0.0026535532876418226,0.005307106575283645,0.7454053053526745,1.2610118905952523,1.4648481346100442,2.9296962692200883
727.142,0.18261362324485847,0.0012681334173435075,0.0022963618089509594,0.0026232498778789343,0.005246499755757869,0.6944352753152069,1.2574975339445897,1.4365028365718013,2.8730056731436027
727.301,0.1846340975854258,0.0013620957701212548,0.002326918589735774,0.0026962668655457936,0.005392533731091587,0.7377270980464731,1.2602864910470637,1.4603298636636146,2.9206597273272292
727.459,0.18548946301262284,0.0013157989189624712,0.0023498587011275933,0.0026931696401095617,0.0053863392802191235,0.7093658570098557,1.2668421499326254,1.4519259457483509,2.9038518914967018
727.617,0.1883349589141423,0.0013504598307595022,0.002396772290083745,0.0027510469216297027,0.0055020938432594054,0.7170521280518859,1.2726114704898628,1.4607202706768019,2.9214405413536038
727.776,0.19044105132837957,0.001346634993135475,0.0024343469873616855,0.0027819904851767367,0.005563980970353473,0.7071138201256082,1.2782679839149358,1.4608144965445082,2.9216289930890165
727.934,0.1895205531376036,0.0012871463803470766,0.0024550624857733036,0.002772016885499072,0.005544033770998144,0.6791592568920632,1.29540698627593,1.4626471058716344,2.9252942117432688
728.093,0.1901754539574623,0.0013155201145676585,0.0024834764968210063,0.0028103823017686476,0.005620764603537295,0.6917402257716755,1.3058869823318526,1.4777839323035153,2.9555678646070307
728.251,0.19154955651170472,0.0013195591333540501,0.0025097725285000566,0.002835523664375182,0.005671047328750364,0.6888865510233734,1.3102471100457473,1.480308133316882,2.960616266633764
728.409,0.1930562248539892,0.00137590166362087,0.0025417449915346065,0.0028902548313160786,0.005780509662632157,0.7126947937894679,1.3165827693237862,1.4971052259527056,2.994210451905411
728.567,0.19414865417109606,0.001342465966360035,0.0025723870758452855,0.002901618537783842,0.005803237075567684,0.6914629267411604,1.3249574594415348,1.4945344587486826,2.9890689174973653
728.726,0.1960147994321328,0.0014106184600000712,0.0025853800416216362,0.0029451713701087864,0.005890342740217573,0.7196489571638068,1.3189718577942302,1.502525002520796,3.005050005041592
728.884,0.19798309613958834,0.001324778425512404,0.0026164990129820057,0.0029327640480677837,0.0058655280961355674,0.6691371391517014,1.3215769750045925,1.4813204284875074,2.962640856975015
729.042,0.20047740086417093,0.0013701062152335318,0.0026575066192360683,0.0029899050941969833,0.0059798101883939666,0.6834217768823815,1.3255891226545797,1.4913925865503055,2.982785173100611
729.2,0.2015236168728277,0.0014532914410411006,0.0026662829338862356,0.003036629825338662,0.006073259650677324,0.7211519243217067,1.3230622669742993,1.50683571109928,3.01367142219856
729.358,0.20202947328263857,0.0013790286729316722,0.002682480292080996,0.0030161930638091844,0.006032386127618369,0.6825878672674732,1.3277668097110835,1.492947051141167,2.985894102282334
729.516,0.20298490954027043,0.0013793146205190237,0.0026946980927292554,0.0030271945152791596,0.006054389030558319,0.6795158436373221,1.3275361694779833,1.491339687336999,2.982679374673998
729.674,0.20363165690745408,0.0013396334258077985,0.002706718150179065,0.003020089545038411,0.006040179090076822,0.6578709058074557,1.3292226716051356,1.4831139671033433,2.9662279342066866
729.832,0.2049486793266295,0.0013946108588845292,0.002734321651957271,0.0030694387669541454,0.006138877533908291,0.6804683316167747,1.3341494372840264,1.4976621352423254,2.9953242704846508
729.99,0.20661726334177283,0.0015088494722327375,0.002763317115231983,0.0031484199543883947,0.006296839908776789,0.7302630224740209,1.3374086320469185,1.5237932704492767,3.0475865408985534
730.148,0.20776488583900882,0.0014691598497764593,0.0027881703611655926,0.003151559078785841,0.006303118157571682,0.7071261555308581,1.341983439552951,1.5168872574684713,3.0337745149369426
730.306,0.21047026709173566,0.001585529734905725,0.0028411865959862273,0.003253651151165721,0.006507302302331442,0.7533271833663114,1.3499230248745142,1.545895862690944,3.091791725381888
730.464,0.2114683157906074,0.0015011845147221104,0.0028875136147414843,0.003254426189447057,0.006508852378894114,0.7098862584258532,1.3654592197162314,1.538966335112603,3.077932670225206
730.622,0.2122499378334855,0.00145789915674024,0.0029206104656344873,0.0032642664479477774,0.006528532895895555,0.6868784846872333,1.3760241795339263,1.537935172687147,3.075870345374294
730.779,0.21324163475607175,0.0015534110964806533,0.00294322904006404,0.003328014906358671,0.006656029812717342,0.728474576860944,1.3802318873754722,1.560677824555981,3.121355649111962
730.937,0.2154386064844072,0.0015154120578111101,0.002965830686209083,0.003330559317024506,0.006661118634049012,0.7034078443692454,1.3766477302310907,1.545943585216033,3.091887170432066
731.095,0.21663432829553758,0.0015768229661048423,0.002998133055620384,0.003387502396403476,0.006775004792806952,0.7278730838787949,1.3839602796147161,1.5636960324137397,3.1273920648274793
731.252,0.21775308893921988,0.0014967678942346624,0.0030196548890062,0.0033702566338352797,0.006740513267670559,0.6873693050813374,1.3867334345135551,1.5477422847379212,3.0954845694758424
731.41,0.2187066956018821,0.0014842397846594312,0.003055956641124709,0.0033973281753166104,0.006794656350633221,0.6786439622137743,1.3972853609784093,1.5533718188037835,3.106743637607567
731.568,0.22007012691129016,0.001518612534894921,0.0030848273291162742,0.003438363517954817,0.006876727035909634,0.6900584628222034,1.401747421338909,1.5623944813467638,3.1247889626935277
731.725,0.221901136440667,0.0015874101737593867,0.0031250881422855595,0.0035051457825329628,0.0070102915650659256,0.7153682037062645,1.4083245324528388,1.5795979411174337,3.1591958822348674
731.883,0.22388848177072188,0.0014738606539819999,0.003171875981133867,0.0034975795154721183,0.006995159030944237,0.6583012410130775,1.416721376663807,1.5621971652181261,3.1243943304362523
732.04,0.2248724936125962,0.0015573098141679431,0.0031637049644887673,0.003526222193741436,0.007052444387482872,0.6925301485964892,1.4068883720118772,1.5680984975495977,3.1361969950991955
732.198,0.2261150627071494,0.0015631259579331161,0.003188639024858488,0.003551166229735636,0.007102332459471272,0.6912966961239475,1.410184260474598,1.5705129004762026,3.1410258009524052
732.355,0.22744337132123899,0.001550485198266287,0.0032243000939192823,0.0035777248979890473,0.0071554497959780946,0.6817016425932217,1.417627638558571,1.5730178801016366,3.146035760203273
732.513,0.22883698809187833,0.0016256646512145822,0.0032613700524641567,0.0036440801551720406,0.007288160310344081,0.7104029225213696,1.4251935754174114,1.5924349405039968,3.1848698810079936
732.67,0.23035003464696652,0.001699298391335381,0.00328628524259511,0.0036996331870191423,0.0073992663740382845,0.737702685367388,1.4266484689840213,1.606091873478198,3.212183746956396
732.827,0.23199739756219082,0.0015057727750177508,0.0033153611378408895,0.003641287014819114,0.007282574029638228,0.6490472698574574,1.4290510034502224,1.569537871149182,3.139075742298364
732.985,0.23345721111509313,0.0016391266696220241,0.0033698182745964048,0.0037473205684688997,0.0074946411369377994,0.7021101047994374,1.4434415019783229,1.6051423515984227,3.2102847031968453
733.142,0.23508459195766226,0.0017088931102018565,0.0034030195017663465,0.0038079991322868562,0.0076159982645737125,0.7269268887301729,1.4475723285085462,1.6198420749636628,3.2396841499273257
733.299,0.23618001105111042,0.0016402151021791176,0.003420890261162949,0.0037937838315244008,0.0075875676630488016,0.6944766811041294,1.448424972942631,1.6063102946944179,3.2126205893888358
733.456,0.2372292271436758,0.0016611149940856111,0.003425700906058028,0.0038071944685480453,0.0076143889370960905,0.7002151522753017,1.4440467337455356,1.6048589435576803,3.2097178871153607
733.613,0.23899622647183644,0.0017358062932325705,0.0034704760184818373,0.0038803643234216222,0.0077607286468432445,0.7262902510459176,1.4521049431258706,1.6236090337932128,3.2472180675864255
733.771,0.2404866115435829,0.001801148246009473,0.0035157422739796546,0.003950263123027456,0.007900526246054912,0.7489598836495124,1.4619284838409825,1.642612492093581,3.285224984187162
733.928,0.2421593994002011,0.0017005472578047,0.0035385793696909237,0.003925990948999921,0.007851981897999842,0.7022429284251387,1.4612603840509795,1.6212424373053929,3.2424848746107857
734.085,0.24371856672593134,0.001661277305548719,0.0035866314881147733,0.003952691199356155,0.00790538239871231,0.6816375657653009,1.4716283360340148,1.6218260481570417,3.2436520963140834
734.242,0.24489144182436884,0.0016365797305870824,0.003600412351433796,0.003954916220974286,0.007909832441948572,0.6682878415003184,1.4702075028068715,1.614967101958047,3.229934203916094
734.399,0.24599085370476814,0.0017565781010360855,0.0036480733173866013,0.0040489511671626295,0.008097902334325259,0.7140826882711196,1.483011771553476,1.6459763061036716,3.2919526122073433
734.556,0.24770968596783047,0.0016808597783144375,0.0036662911801859056,0.004033234509951563,0.008066469019903126,0.6785603767358243,1.4800758258044213,1.6282102551594815,3.256420510318963
734.713,0.24880917457539292,0.0016531664164955652,0.003693005568922765,0.00404614005352303,0.00809228010704606,0.664431454071896,1.4842722641659376,1.626202112694598,3.252404225389196
734.869,0.24987359230671058,0.0017260241178494442,0.0037542940377872976,0.004132055539022099,0.008264111078044197,0.6907589161045933,1.5024773138807885,1.6536583561620042,3.3073167123240084
735.026,0.2518759785996184,0.0016875370770168495,0.003808910809107119,0.004166003233080793,0.008332006466161586,0.669987303433709,1.5122167783859042,1.6539898946469462,3.3079797892938925
735.183,0.25327107193392895,0.0018491230435743677,0.0038338157978097466,0.0042564538763874,0.0085129077527748,0.7300964257207985,1.5137203662998189,1.6805921986612766,3.3611843973225533
735.34,0.25424984915080007,0.0017573854903355634,0.0038715735712088768,0.0042517626555259435,0.008503525311051887,0.6912041427773776,1.5227437043286418,1.6722773562017526,3.344554712403505
735.497,0.2556252688273338,0.0017275361193186756,0.003902267404636434,0.004267560420291504,0.008535120840583008,0.6758080401220303,1.5265577704965794,1.6694595334290276,3.3389190668580553
735.653,0.2572031220141379,0.0017874699532588023,0.003972738922970919,0.00435634059548736,0.00871268119097472,0.6949643298499887,1.5445920297781401,1.6937355042089657,3.3874710084179314
735.81,0.25875634199075404,0.0018080657457260002,0.003995655479611816,0.004385699995738383,0.008771399991476766,0.6987522438350928,1.544176830168124,1.6949149775409542,3.3898299550819084
735.967,0.25999224368379553,0.00180731888902369,0.003980449264389259,0.004371541823315753,0.008743083646631506,0.6951433871318733,1.530987697167732,1.6814123996069876,3.3628247992139753
736.123,0.2614091479892058,0.0018640512588325156,0.0039956617538023115,0.004409081530926101,0.008818163061852203,0.7130780514649344,1.5285087704609719,1.6866592331757888,3.3733184663515776
736.28,0.2629590332678298,0.0018774150798715286,0.004042290519383779,0.004456994505855824,0.008913989011711648,0.7139572489830909,1.537232043010522,1.6949387326490026,3.3898774652980053
736.436,0.2643856445250665,0.0017426264141172344,0.004089006233331109,0.004444853067920216,0.008889706135840432,0.6591229328081069,1.5466067534326464,1.6812006097777359,3.3624012195554718
736.593,0.26563313462392635,0.0017039532390441304,0.004106191969607604,0.004445702321581929,0.008891404643163858,0.6414686335936686,1.5458131665016113,1.673624914254764,3.347249828509528
736.749,0.26687101331460245,0.001842754660931493,0.004162158203496754,0.0045518464002336535,0.009103692800467307,0.6905038647862257,1.5596141940639203,1.705635371821998,3.411270743643996
736.906,0.2684724462253507,0.0019456604832842129,0.004216519974363204,0.004643773832823647,0.009287547665647294,0.7247151469879565,1.5705596733096165,1.7297022089655156,3.4594044179310313
737.062,0.27009668081896576,0.0018724817375522528,0.004247177205543663,0.004641627093246115,0.00928325418649223,0.693263512855716,1.5724655307372561,1.718505788065274,3.437011576130548
737.219,0.27142235203330384,0.0018935269744825866,0.0042845998410675325,0.004684361237262675,0.00936872247452535,0.6976311863402646,1.5785729542796854,1.7258568434658246,3.451713686931649
737.375,0.27272795800783706,0.0019107542736872083,0.004339443033219794,0.004741492142034376,0.009482984284068753,0.7006081399371242,1.591125114167832,1.7385427503175621,3.4770855006351242
737.531,0.27456093214647465,0.0018794271709595201,0.004391341536993939,0.004776622968737348,0.009553245937474695,0.6845209754594184,1.5994050947682592,1.7397314801470307,3.4794629602940614
737.688,0.27539287012815283,0.0019442940428965449,0.004443066753541186,0.004849857884687551,0.009699715769375101,0.7060074002612254,1.6133557675162848,1.761068789627956,3.522137579255912
737.844,0.27658311040190475,0.0018993519766961416,0.004473353657660336,0.004859879718458334,0.009719759436916667,0.6867201594255632,1.6173632768682353,1.7571136977223265,3.514227395444653
738.0,0.2780769882992783,0.0019197042896861379,0.004542726861192962,0.004931696654828176,0.009863393309656352,0.6903499284234446,1.6336220012221527,1.773500455751655,3.54700091150331
738.156,0.27945310030878207,0.0019569223100798453,0.004572738275223022,0.004973879799651159,0.009947759599302318,0.7002685988874489,1.6363168882973098,1.779862092836066,3.559724185672132
738.312,0.2804254963480164,0.0020120735188910283,0.004586445688286928,0.0050083853582794805,0.010016770716558961,0.717507339772695,1.6355309157035467,1.7859950052701075,3.571990010540215
738.468,0.28222893778102415,0.0019327284079065684,0.004588310945556661,0.004978758523150537,0.009957517046301073,0.6848087312032242,1.6257407839293363,1.7640850588515684,3.528170117703137
738.624,0.283842599766899,0.001845217867111072,0.004609495461416741,0.004965105979324858,0.009930211958649716,0.650084895158946,1.6239618243358158,1.7492462313276331,3.4984924626552663
738.781,0.284784246234373,0.0018686680002796595,0.004647438948363089,0.005009052692279389,0.010018105384558778,0.6561697232162818,1.6319157431687141,1.7588938849366749,3.5177877698733497
738.937,0.28626653122773865,0.0018760939980236912,0.004700292656185569,0.00506087736891663,0.01012175473783326,0.6553661687160938,1.6419288122949527,1.7678899965048522,3.5357799930097045
739.092,0.2871376454405376,0.0019700338303314294,0.004722805688709288,0.005117218665051859,0.010234437330103718,0.6860938861948693,1.6447880532917853,1.782148299363821,3.564296598727642
739.248,0.28868288136564957,0.002046923368877533,0.004759530683722632,0.0051810257292696565,0.010362051458539313,0.7090560268743032,1.6487055488732452,1.7947117975129605,3.589423595025921
739.404,0.29014376951997456,0.0020863378650079418,0.004796964437681251,0.0052310298702401324,0.010462059740480265,0.7190703658602294,1.6533060301854978,1.8029095985395645,3.605819197079129
739.56,0.2911656902693394,0.0020186768487521593,0.0048142635095190746,0.005220362952781623,0.010440725905563246,0.6933086267426652,1.6534446435174752,1.7929183029609659,3.5858366059219318
739.716,0.2926017118154312,0.002045635872318286,0.004839656980491489,0.005254227422841096,0.010508454845682191,0.6991195846484461,1.6540084302528866,1.7956926465814336,3.591385293162867
739.872,0.29343207141716676,0.0020285666557950687,0.004854481610081778,0.00526128067865855,0.0105225613573171,0.6913241098690587,1.6543800364549295,1.793014871635721,3.586029743271442
740.028,0.2949290902800503,0.0019310175382900572,0.004911146299813003,0.005277138117516988,0.010554276235033976,0.6547395973915143,1.665195622157725,1.789290474027528,3.578580948055056
740.183,0.2961777477626933,0.0020336624314141183,0.004920490216521074,0.005324190723088795,0.01064838144617759,0.6866357944768866,1.6613301484294902,1.797633604586223,3.595267209172446
740.339,0.2975469317214075,0.0019434250155675817,0.004964895255258679,0.00533170570144527,0.01066341140289054,0.653149069400321,1.6686091254697593,1.791887306852599,3.583774613705198
740.495,0.29916787731770833,0.0019188625969931666,0.0050381722461662745,0.005391216305081765,0.01078243261016353,0.6413999438032532,1.684061902413363,1.802070581045851,3.604141162091702
740.65,0.30031782784568345,0.0019757795240739583,0.005088361337095975,0.005458491167401762,0.010916982334803524,0.6578961822703382,1.694325433024442,1.8175714730484052,3.6351429460968103
740.806,0.301641405616229,0.002151106104632179,0.00514437716604814,0.0055760087786824114,0.011152017557364823,0.7131335634236432,1.705461209988262,1.8485554949895147,3.6971109899790293
740.961,0.30272175735394363,0.00198086702729784,0.005132364177423586,0.005501363124675252,0.011002726249350505,0.6543523810816814,1.6954064426306834,1.8173002075443934,3.6346004150887867
741.117,0.30418902297985495,0.002011966185931062,0.0051831754124151775,0.005559974396451411,0.011119948792902823,0.6614197206137531,1.7039324304475099,1.8278024440150895,3.655604888030179
741.272,0.30475008849901725,0.0021773589513202074,0.0052331180454146834,0.0056680169795210586,0.011336033959042117,0.7144736075531046,1.717183437481285,1.8598901832769563,3.7197803665539126
741.428,0.30658270524703146,0.00198953655355105,0.0052898468017581485,0.005651613476166492,0.011303226952332985,0.6489395910144263,1.7254224426964373,1.8434221433373612,3.6868442866747224
741.583,0.3077004373755112,0.0020994288774595746,0.005293577990906822,0.005694696616793934,0.011389393233587867,0.6822963579013296,1.7203673924085616,1.8507275015161073,3.7014550030322146
741.739,0.3092313095930606,0.0021104422277739275,0.005329363733802096,0.0057320226974373,0.0114640453948746,0.6824801248460928,1.723423071491494,1.8536359416452608,3.7072718832905216
741.894,0.31008452987014534,0.0020411749981133344,0.0053795551781301324,0.005753782172403617,0.011507564344807234,0.658264054310649,1.7348673216245063,1.855552798720123,3.711105597440246
742.049,0.31089383525558717,0.002151356272083545,0.005394366651030955,0.005807540389458185,0.01161508077891637,0.6919906502214512,1.7351153478473522,1.868014006994954,3.736028013989908
742.205,0.31230425087437114,0.002117251679867162,0.005442735582852957,0.005840044974206452,0.011680089948412903,0.6779452005342241,1.7427670509174,1.8699857455849018,3.7399714911698037
742.36,0.3137686660258898,0.002002754744941143,0.005477485281185947,0.005832141251203794,0.011664282502407588,0.6382902315605634,1.7457081838547848,1.8587392186326754,3.717478437265351
742.515,0.31421020705795216,0.002212278957625636,0.005504457419542844,0.005932388192786564,0.011864776385573128,0.7040760955348624,1.7518391496835162,1.8880316614579007,3.7760633229158014
742.67,0.315877076425227,0.0020590911174425313,0.005580486144205657,0.005948250317160673,0.011896500634321346,0.6518646876010168,1.7666638577765377,1.8830902148636026,3.7661804297272052
742.825,0.31665039290845187,0.0020491084267170996,0.00560923147444841,0.005971793958132323,0.011943587916264646,0.6471201276259039,1.7714272901818626,1.885926590294443,3.771853180588886
742.98,0.3175339873575586,0.00216974524056088,0.005623151078613249,0.006027240036853181,0.012054480073706362,0.6833111814634325,1.770881638657883,1.8981401288757846,3.7962802577515693
743.135,0.31926672749701973,0.002133663476194214,0.005699355723142641,0.006085653250766425,0.01217130650153285,0.6683012329288622,1.7851392682927922,1.906134503421824,3.812269006843648
743.29,0.32035281874300076,0.0021319560512867907,0.005734370666901998,0.006117862661914243,0.012235725323828486,0.6655025105295319,1.7900172345611007,1.909726496529511,3.819452993059022
743.445,0.3209310330418131,0.002229494455633144,0.005727109260637925,0.006145764884128224,0.012291529768256449,0.6946958150172626,1.7845295938993093,1.9149799338126057,3.8299598676252113
743.6,0.32215119651622526,0.002213936495692856,0.005737294350278633,0.006149639116948236,0.012299278233896472,0.6872352235951885,1.7809321872221178,1.9089294664899707,3.8178589329799415
743.755,0.3233489609129468,0.0021452344452611545,0.005790090974778593,0.006174721396253231,0.012349442792506462,0.6634425047182083,1.7906632383882695,1.9096153514207865,3.819230702841573
743.91,0.3247333514706096,0.0022832012170851002,0.005846860551791836,0.006276845235450561,0.012553690470901121,0.7031003149954385,1.8005112580254983,1.932922875653151,3.865845751306302
744.065,0.32549535678555014,0.0023184706769468905,0.005899039729971317,0.006338294409038021,0.012676588818076042,0.7122899385856356,1.8123268449134435,1.9472764440120578,3.8945528880241156
744.22,0.32693078638723116,0.00223046874603558,0.005928485587927687,0.006334187571686509,0.012668375143373017,0.6822449395737588,1.8133763581707256,1.9374705091811144,3.874941018362229
744.375,0.32782641440943744,0.0022211852327610566,0.005968609467422946,0.00636851339111779,0.01273702678223558,0.6775491952844643,1.8206615468052176,1.9426480329812175,3.885296065962435
744.53,0.32903305090681706,0.0022296457447013277,0.006039080552870177,0.006437531675333295,0.01287506335066659,0.6776357993692156,1.8354024120757582,1.956500010437073,3.913000020874146
744.684,0.329747982121769,0.002288977119172189,0.006036726429887529,0.006456119751166055,0.01291223950233211,0.6941595531362245,1.830709134607621,1.957895150600784,3.915790301201568
744.839,0.33074301609942075,0.0022269740904876214,0.006078461848925392,0.00647357027061147,0.01294714054122294,0.6733246000932025,1.8378201664274045,1.9572810174366697,3.9145620348733394
744.994,0.3320181640156398,0.0022756136508676615,0.00608098450910729,0.006492826047879157,0.012985652095758315,0.6853883002498827,1.8315216359129205,1.9555635057283522,3.9111270114567045
745.148,0.33283030224251897,0.0022849331542312864,0.006123582211130533,0.006535991020172813,0.013071982040345625,0.6865159628904086,1.8398511703626508,1.9637608042702555,3.927521608540511
745.303,0.33339394930906274,0.0022238064085989564,0.006115698520434365,0.006507463663807034,0.013014927327614069,0.6670206262614096,1.834375978660906,1.9518841530547657,3.9037683061095314
745.457,0.3344639174544938,0.0022816624743495417,0.006151884993358256,0.006561377341561861,0.013122754683123721,0.6821849399225488,1.8393269564557033,1.9617594003857182,3.9235188007714363
745.612,0.33562548398317044,0.002268414096900019,0.006154173057450282,0.0065589289168325095,0.013117857833665019,0.6758765961328986,1.8336429595313077,1.9542404346034103,3.9084808692068207
745.766,0.3361498816935958,0.0023483337918998462,0.00617246506393192,0.00660408938186324,0.01320817876372648,0.6985972388472763,1.8362240774364418,1.9646264186054179,3.9292528372108357
745.921,0.3377448687303934,0.0023009547020510714,0.006204164320373058,0.006617102648068943,0.013234205296137886,0.6812700695351853,1.8369381431892498,1.9592015336733597,3.9184030673467194
746.075,0.33875247224420785,0.0022522964530419234,0.006250026321154562,0.00664346809486657,0.01328693618973314,0.6648797093997989,1.8450127551095468,1.9611570805237608,3.9223141610475216
746.23,0.34014735940226776,0.002308061603721256,0.006286506342127141,0.006696813447915143,0.013393626895830285,0.678547558851303,1.848171437571721,1.9687977174608327,3.9375954349216653
746.384,0.3408986037665347,0.0023072374603275467,0.00631690398518042,0.006725074026085288,0.013450148052170575,0.6768104752660308,1.8530155053103614,1.9727490672537258,3.9454981345074516
746.538,0.34171159525881084,0.0022691696605401245,0.0063620344959600715,0.006754599460819398,0.013509198921638797,0.6640598949595098,1.8618140514492916,1.9766960075508981,3.9533920151017963
746.692,0.34214028141757213,0.0024199634635745193,0.006348312652691666,0.006793916153542129,0.013587832307084258,0.7073015353667245,1.855470693596507,1.985710693109051,3.971421386218102
746.847,0.34347299837606,0.0023481423782936205,0.00640824960343596,0.006824912864548203,0.013649825729096406,0.6836468628962495,1.8657215075811366,1.987030391563932,3.974060783127864
747.001,0.3438507008759683,0.0022960711120636693,0.006468398774878691,0.006863827304245456,0.013727654608490913,0.6677523431577631,1.8811649237300614,1.9961649886883128,3.9923299773766256
747.155,0.34524300738930447,0.002363773253012323,0.006489856636598924,0.006906928634006838,0.013813857268013676,0.6846694074666295,1.8797937967446803,2.000599139208174,4.001198278416348
747.309,0.34588928358672966,0.0023189881710112053,0.006522466841420569,0.006922447532103129,0.013844895064206258,0.6704423296854565,1.8857094310021028,2.0013477897667697,4.0026955795335395
747.463,0.3469803404132346,0.0023946077621994992,0.006607441547194655,0.007027974824540865,0.01405594964908173,0.6901277920667357,1.9042697172195848,2.0254677300076804,4.050935460015361
747.617,0.3475341516487575,0.002443230271077917,0.006638602652873129,0.00707392531344837,0.01414785062689674,0.7030187564263375,1.910201521599687,2.0354619193217527,4.070923838643505
747.771,0.3483014047899985,0.0023618305502634725,0.006674686191983546,0.00708023158587441,0.01416046317174882,0.6780996337604472,1.916353508826046,2.0327886963715516,4.065577392743103
747.925,0.3491925941532175,0.0022996641432410985,0.006722037204326546,0.007104522457425204,0.014209044914850408,0.65856612704451,1.925022843232773,2.0345570256589998,4.0691140513179995
748.079,0.3502181956890558,0.0024940852115193507,0.006743171481179064,0.007189632999458747,0.014379265998917494,0.7121518077072573,1.9254200850163838,2.0529010451079257,4.105802090215851
748.233,0.35136068977240986,0.002424055331651475,0.0067641921600694885,0.007185425514835811,0.014370851029671622,0.6899051038468847,1.9251419857044685,2.045028292575955,4.09005658515191
748.387,0.35209651800793773,0.0023189940921497045,0.006762058156632922,0.007148647712197816,0.014297295424395631,0.6586245456984112,1.9205126466148346,2.030309118829927,4.060618237659854
748.541,0.35226348200677554,0.002451440348849563,0.006790345403258351,0.007219304016282974,0.014438608032565949,0.6959110081136402,1.9276325109191261,2.0494046033826794,4.098809206765359
748.695,0.3538029741860781,0.0023155115079175684,0.006836393994445031,0.007217885867106987,0.014435771734213974,0.6544635508631296,1.9322601824284038,2.04008626092296,4.08017252184592
748.849,0.35426164373271,0.002365088431331554,0.0068670548192285245,0.007262925387081162,0.014525850774162324,0.6676106412231323,1.9384133000889334,2.050158552462719,4.100317104925438
749.002,0.35497438894748873,0.0023386335446550464,0.006892200411342957,0.007278161400127223,0.014556322800254446,0.6588175421864026,1.941604979384166,2.050334228817809,4.100668457635618
749.156,0.35603948862108403,0.0024688630337997832,0.006910448929508522,0.007338227925528652,0.014676455851057304,0.6934239354633152,1.9409220466730266,2.0610713586712235,4.122142717342447
749.31,0.3570290088371168,0.00248460012220885,0.006943954990141209,0.007375076180785337,0.014750152361570673,0.6959098730664685,1.9449273919669563,2.0656798182329164,4.131359636465833
749.463,0.358077089453792,0.002451854639836337,0.006951796313194725,0.007371503452826618,0.014743006905653236,0.6847281526937053,1.9414244915246994,2.0586358831476907,4.1172717662953815
749.617,0.3585570988266688,0.0025689465640565063,0.006954354571660117,0.0074136720966972705,0.014827344193394541,0.71646791332902,1.939538944959487,2.0676405852673234,4.135281170534647
749.77,0.3591489574634092,0.0023098482295393873,0.006949722068823398,0.007323526177832452,0.014647052355664904,0.6431449072978916,1.9350528309779236,2.039133352789584,4.078266705579168
749.924,0.3591746039481532,0.0024953838448888463,0.00698523623724863,0.007417578164300235,0.01483515632860047,0.6947550905489561,1.944802377580389,2.065173339864241,4.130346679728482
750.077,0.3599852071166336,0.0025512644209557743,0.007036778311068389,0.00748499827286268,0.01496999654572536,0.7087136833734325,1.954740964894289,2.0792516261473972,4.1585032522947944
750.231,0.3607995960889031,0.002394921340836257,0.007081194914196654,0.007475223718500837,0.014950447437001675,0.6637816025287718,1.9626393684908137,2.071849248040427,4.143698496080854
750.384,0.3615652768891051,0.0025445412601497763,0.007128526478413617,0.007569054100615787,0.015138108201231574,0.7037570869755303,1.9715738579067128,2.093412886806958,4.186825773613916
750.538,0.3622624635937215,0.002470362710781969,0.007137058739153415,0.007552502854613705,0.01510500570922741,0.6819262162232984,1.9701347659242026,2.0848151861198243,4.169630372239649
750.691,0.3633095959881423,0.0025269139338030717,0.007165979761860878,0.007598457736688926,0.015196915473377853,0.6955263394379336,1.9724168700720917,2.0914552823804096,4.182910564760819
750.844,0.3640915180836336,0.0024991266067983,0.0072651128375366796,0.007682935528751198,0.015365871057502397,0.6864006665006237,1.995408428017224,2.110166028912102,4.220332057824204
750.998,0.36462258315364604,0.0025022495712106554,0.0072676382186361585,0.007686339713648159,0.015372679427296318,0.6862574307846007,1.9931947592981902,2.1080262355580044,4.216052471116009
751.151,0.36553834368119836,0.0024613532866391945,0.0073090309553794554,0.007712340339244935,0.01542468067848987,0.6733502323865225,1.9995251063877375,2.10985809630171,4.21971619260342
751.304,0.3655155121281136,0.0023669243663323584,0.007434667321491678,0.007802346386645114,0.015604692773290229,0.6475578430451807,2.0340223806659723,2.1346142989166443,4.269228597833289
751.457,0.36636437725925275,0.0026435873014827144,0.007474946858293564,0.007928643285889048,0.015857286571778095,0.7215732384407058,2.040303949366786,2.1641414335101827,4.3282828670203655
751.611,0.36658491667824017,0.0025017134227517837,0.007490428480806061,0.007897157012219463,0.015794314024438927,0.6824376314826924,2.0432996940189385,2.154250394091085,4.30850078818217
751.764,0.36763595243089825,0.0025087465000364025,0.007524817538881804,0.007932004033969481,0.015864008067938962,0.6823996628860591,2.0468122035197815,2.157570276117214,4.315140552234428
751.917,0.36800176295447223,0.0024065953845911884,0.007535286842197316,0.007910262267417409,0.015820524534834818,0.6539630042177061,2.0476224846590076,2.1495174925007183,4.299034985001437
752.07,0.3689149439190836,0.002434162137083903,0.007586741729996172,0.007967671892546666,0.015935343785093332,0.65981662635434,2.0565016015345314,2.1597585090763536,4.319517018152707
752.223,0.3698596389870188,0.002570319140727949,0.007585540750101106,0.00800918029242924,0.01601836058485848,0.6949444788751771,2.05092417514833,2.165464800205016,4.330929600410032
752.376,0.3706334434584882,0.002587384011698676,0.007639186052448634,0.008065464621949542,0.016130929243899084,0.6980978261311351,2.0611162287906812,2.176129748758868,4.352259497517736
752.529,0.37087914121918814,0.0026435665320996694,0.007656404722167588,0.008099936868844573,0.016199873737689146,0.7127838258602233,2.0643934563153774,2.183982858194104,4.367965716388208
752.682,0.3710587564850259,0.0026217612109468913,0.007673901872780192,0.008109402061822132,0.016218804123644265,0.7065622802658998,2.0681096291794083,2.1854765370964606,4.370953074192921
752.834,0.3715110290622541,0.0025169905315427137,0.007715690961127555,0.00811585659949097,0.01623171319898194,0.6775008908607507,2.0768403513088267,2.1845533415189666,4.369106683037933
752.987,0.3721098726579332,0.0025469461928665934,0.007709636732854603,0.00811944785449963,0.01623889570899926,0.6844607950533756,2.0718710518981007,2.18200280376961,4.36400560753922
753.14,0.3733582728132729,0.0026049443466385886,0.0077368148202224705,0.008163580011949317,0.016327160023898633,0.6977063416889642,2.0722226835701782,2.1865271527094716,4.373054305418943
753.293,0.3734808805167238,0.002654213082211894,0.007787263573716801,0.008227169686612846,0.016454339373225692,0.7106690651847285,2.0850501270487665,2.2028355709214003,4.4056711418428005
753.446,0.37402396395157617,0.0024603834844217675,0.007807044906011859,0.008185562720723672,0.016371125441447344,0.6578143973524399,2.087311418105449,2.1885129054948558,4.3770258109897116
753.598,0.3743288026597281,0.0025440941312356866,0.007888440355222502,0.008288540654813173,0.016577081309626346,0.6796415646242204,2.107355965977655,2.2142406878445877,4.428481375689175
753.751,0.3747939644252904,0.0025591815258813773,0.0079258304516566,0.008328757316119829,0.016657514632239658,0.6828235694258391,2.1147166720814408,2.2222229028931024,4.444445805786205
753.904,0.37553373662580514,0.0025672547972025415,0.007947366380079026,0.008351732130101508,0.016703464260203017,0.6836282727271035,2.116285596997656,2.223963206379901,4.447926412759802
754.056,0.37607169412312097,0.002573636969833113,0.007992426147848113,0.008396575669956056,0.01679315133991211,0.6843474289746831,2.1252400201200725,2.2327061039608918,4.4654122079217835
754.209,0.37617704699660787,0.002499393807035453,0.008020456352095898,0.00840087432940897,0.01680174865881794,0.6644195404771709,2.1320961542260766,2.233223530377898,4.466447060755796
754.361,0.37718450833635553,0.002551741202972367,0.008085009563828956,0.0084781343946739,0.0169562687893478,0.6765233318375958,2.1435158086129884,2.2477419425491076,4.495483885098215
754.514,0.3771966929488825,0.0023669425675851893,0.00810474693796394,0.008443301489742188,0.016886602979484376,0.6275088334101477,2.1486792141791904,2.238434654273711,4.476869308547422
754.666,0.3781679641842749,0.0027107232795824344,0.008124604572015456,0.008564882961843939,0.017129765923687878,0.7168040490763371,2.1484116428372215,2.2648356743593476,4.529671348718695
754.818,0.37811841183749584,0.0025671427181829295,0.008116827621449338,0.008513114140656317,0.017026228281312634,0.67892560579309,2.1466364417445276,2.2514413141867853,4.502882628373571
754.971,0.37840331184727993,0.0026343831621317365,0.008143214422157095,0.008558733304067286,0.017117466608134572,0.696183960248992,2.1519934332508224,2.2618019018611313,4.523603803722263
755.123,0.3793219046293331,0.00244012913495943,0.00818789371737272,0.008543759928876134,0.017087519857752267,0.643287167226444,2.158560741535291,2.2523771563429618,4.5047543126859235
755.275,0.37988077706870715,0.0025980897540629987,0.008150746439836026,0.008554807881926208,0.017109615763852417,0.6839224069485083,2.1456064459828776,2.251971775970897,4.503943551941794
755.428,0.3805698016128815,0.0024668712941521113,0.008222210947944347,0.008584300021225236,0.017168600042450473,0.6482046877333246,2.160500100927094,2.255644032932821,4.511288065865642
755.58,0.38095578303028854,0.0026848440244920868,0.008251734455594748,0.008677528966330244,0.017355057932660487,0.7047652625550571,2.166060950684841,2.277831011595464,4.555662023190928
755.732,0.38122528355256496,0.002610725009342749,0.008285775809481453,0.00868734515484424,0.01737469030968848,0.684824727524341,2.1734591505232563,2.2787956438483157,4.557591287696631
755.884,0.3818927052213448,0.002653889683286799,0.008324299651385345,0.008737110228050822,0.017474220456101645,0.6949307088095874,2.179748274207172,2.287844231794582,4.575688463589164
756.036,0.38205775007924886,0.00270861209313062,0.008346733415569532,0.008775222970479921,0.017550445940959843,0.7089535790253653,2.1846784717331866,2.2968315571820512,4.5936631143641025
756.189,0.3824974549176372,0.0026199755340520644,0.008345613565762421,0.00874720170043364,0.01749440340086728,0.6849654815654188,2.181874273531957,2.2868653341280836,4.573730668256167
756.341,0.38263656419941416,0.0025276376061102545,0.008373726842271374,0.008746899627685167,0.017493799255370333,0.6605844403288536,2.1884282961278467,2.285954988642081,4.571909977284162
756.493,0.3830484237781231,0.0025609956719739586,0.008361027669110526,0.008744454386381184,0.01748890877276237,0.6685827464616821,2.182759972392829,2.282858731053367,4.565717462106734
756.645,0.38334039969911604,0.0026757786994174165,0.008409621358328134,0.008825050880233195,0.01765010176046639,0.6980163587030315,2.193773827368273,2.3021447484168065,4.604289496833613
756.797,0.38405252025227643,0.002728948689080758,0.008418251470988196,0.008849526471875799,0.017699052943751598,0.7105665358707101,2.1919531905319656,2.3042490298104856,4.608498059620971
756.948,0.3845726118129068,0.002694411064806142,0.008451478564010366,0.008870588532001499,0.017741177064002998,0.7006247928328717,2.197628823376008,2.306609534720847,4.613219069441694
757.1,0.3846809053714087,0.002634859795041183,0.008457151822516128,0.008858098164313395,0.01771619632862679,0.6849468632962769,2.1984849532239616,2.3027132463881763,4.605426492776353
757.252,0.38526651221579983,0.0023739804972017424,0.008538376835915929,0.00886226056901962,0.01772452113803924,0.6161917586732796,2.2162260578550663,2.300293508005593,4.600587016011186
757.404,0.38550270974678064,0.002573488271430293,0.008583309566681132,0.008960806046370444,0.017921612092740888,0.6675668435951336,2.226523795985538,2.324446967508061,4.648893935016122
757.556,0.3859796184955348,0.0025525570943152067,0.008639149345679468,0.009008354407809057,0.018016708815618114,0.6613191401827182,2.238239775289951,2.333893805823654,4.667787611647308
757.707,0.3861131290133896,0.0027619442413201896,0.008651496983886295,0.009081670333939425,0.01816334066787885,0.7153199499788081,2.240663767635386,2.352074988267102,4.704149976534204
757.859,0.38696446183521044,0.002470092069032994,0.008706404658772217,0.009050018613891922,0.018100037227783843,0.6383253018425468,2.249923576310182,2.3387208662447896,4.677441732489579
758.011,0.38686409300452074,0.0027214156828634043,0.008697994406948545,0.009113792296417724,0.01822758459283545,0.7034552268027633,2.2483333460587938,2.3558124057564642,4.7116248115129284
758.162,0.3874258296418908,0.002586483716452287,0.008707960711608188,0.009083968173127017,0.018167936346254035,0.6676074537526449,2.247645883512004,2.3446986437439135,4.689397287487827
758.314,0.3874927426590426,0.0027206461555336734,0.00870092168395341,0.00911635638036989,0.01823271276073978,0.7021153833396018,2.245441198265075,2.352652160092565,4.70530432018513
758.466,0.3883109881187042,0.002550826725959737,0.008718779272614854,0.009084262710338626,0.01816852542067725,0.6569030503921681,2.245308409853594,2.339429732429211,4.678859464858422
758.617,0.38879365438273666,0.0027291704843418764,0.008672071178385473,0.009091379986315987,0.018182759972631975,0.7019585977232086,2.2305073862775813,2.338356062099265,4.67671212419853
758.769,0.38867956923091007,0.002782558021262578,0.008744445977884385,0.009176489775607616,0.01835297955121523,0.7159002534577505,2.2497827696956745,2.3609395764653556,4.721879152930711
758.92,0.3896017463090192,0.0025968049071793996,0.008765780153497018,0.009142335446995654,0.018284670893991307,0.6665280460831661,2.249933486320744,2.346584822477735,4.69316964495547
759.071,0.38950883787953827,0.0026656930207444736,0.008716825414405884,0.009115314837463273,0.018230629674926547,0.6843729234120436,2.2379018308954777,2.340207448715792,4.680414897431584
759.223,0.39017307648289645,0.002781315952302453,0.00873619847427547,0.009168254043626036,0.01833650808725207,0.7128415874754429,2.2390572289163133,2.3497915659047104,4.699583131809421
759.374,0.39410766300574224,0.002741807093625756,0.008812297921375733,0.00922898156860981,0.01845796313721962,0.6957000208305535,2.236012833185468,2.3417412131048416,4.683482426209683
759.525,0.40025455618719785,0.002920948866077119,0.008948003904292873,0.009412689102986335,0.01882537820597267,0.7297727960680602,2.2355782753683178,2.3516756917525377,4.703351383505075
759.677,0.4042007601268134,0.002888397981739312,0.009082045522524526,0.009530288231429493,0.019060576462858986,0.7145948911212117,2.246914508442571,2.357810566323397,4.715621132646794
759.828,0.40935379051683163,0.0031361122954536554,0.009185215648192288,0.009705842922358267,0.019411685844716534,0.7661129243469668,2.243833051257556,2.3710157685614948,4.7420315371229895
759.979,0.41578263128648385,0.003055103517855743,0.009342463455284656,0.00982930724507805,0.0196586144901561,0.7347838240387453,2.246958567359559,2.3640495069899714,4.728099013979943
760.13,0.4231430091702523,0.0033272080440740425,0.009456616864067478,0.010024864881000463,0.020049729762000926,0.7863081681529884,2.2348512581151003,2.369143448844488,4.738286897688976
760.281,0.4312671093589061,0.003306708980547198,0.009692258202622485,0.010240810190035471,0.020481620380070942,0.7667426772847896,2.2473910002157065,2.3745864147300266,4.749172829460053
760.433,0.43765301023734093,0.0030630846528046135,0.00980397620459519,0.010271340565404102,0.020542681130808205,0.6998888574177728,2.2401253904956477,2.3469141820443356,4.693828364088671
760.584,0.4392707682006199,0.0034004027753012835,0.0098553788662223,0.010425508698910468,0.020851017397820935,0.7741017662591837,2.2435772147080906,2.373367283604226,4.746734567208452
760.735,0.43722301098380273,0.0033741897338294504,0.009822909771644243,0.010386275210186952,0.020772550420373903,0.7717319649387003,2.2466589188756445,2.375509739713064,4.751019479426128
760.886,0.42969585147766437,0.0031610934759746866,0.009719328022666191,0.01022046227800064,0.02044092455600128,0.735658365121312,2.2619087406226455,2.378534082387319,4.757068164774638
761.037,0.4237808650448627,0.0031147082488315854,0.009557056679515018,0.010051802815953075,0.02010360563190615,0.7349808605685519,2.2551883456331328,2.371934092609151,4.743868185218302
761.187,0.41654985539267614,0.003092378628614164,0.009381721323974341,0.00987823367730408,0.01975646735460816,0.7423789946341521,2.2522445278801775,2.371440909034045,4.74288181806809
761.338,0.40788578922869134,0.0028754873415920154,0.009178955733006868,0.009618817796390343,0.019237635592780685,0.7049736513325306,2.250373995711936,2.35821351231173,4.71642702462346
761.489,0.40493047250626873,0.0029092373778210247,0.009129834156385783,0.009582146619814344,0.019164293239628687,0.7184535556967713,2.254667103682705,2.366368369489901,4.732736738979802
761.64,0.40021048900651124,0.0027603991356329287,0.009051211780720367,0.009462781730942237,0.018925563461884475,0.6897368288585806,2.2616128335839565,2.364451205272704,4.728902410545408
761.791,0.39697265832400397,0.00287930958651476,0.009025101199283254,0.00947327162876162,0.01894654325752324,0.7253168514605115,2.2734818154445997,2.38637886769261,4.77275773538522
761.941,0.3976639664491138,0.0026656924159999566,0.00906520179840675,0.00944901051446958,0.01889802102893916,0.6703379337592223,2.279613584140709,2.3761294237552457,4.752258847510491
762.092,0.40030428787604955,0.0029083469134903272,0.009113234539235598,0.00956606112965652,0.01913212225931304,0.7265340396230953,2.2765767980125724,2.3896973925541767,4.779394785108353
762.243,0.4012664501166074,0.0028348104549642157,0.009153763453328587,0.009582668504913886,0.01916533700982777,0.706465854332059,2.28121824056522,2.3881060831597503,4.7762121663195005
762.393,0.4060355639147364,0.0029959360441283245,0.00927046698066475,0.009742545397384745,0.01948509079476949,0.7378506491508815,2.283166255508461,2.3994315432503805,4.798863086500761
762.544,0.40358960472661426,0.0029020393841555614,0.009207481015806047,0.009653990845428576,0.01930798169085715,0.7190570198460292,2.2813969705793244,2.3920315915887,4.7840631831774
762.695,0.40819462411639074,0.00301355638719126,0.009351154648680715,0.009824745053299052,0.019649490106598104,0.7382645946684463,2.2908568844881136,2.406877619852649,4.813755239705298
762.845,0.4063234647667024,0.002877586592770834,0.009305061218629233,0.009739849530733634,0.01947969906146727,0.7082009389792563,2.290062481124956,2.397067945934635,4.79413589186927
762.996,0.4047765147899509,0.0027381507607594376,0.009277202186425283,0.00967284601327146,0.01934569202654292,0.6764598885338828,2.2919319297068075,2.389675700007188,4.779351400014376
763.146,0.4115334061015643,0.002903716103569056,0.009459039371195343,0.009894695196717776,0.019789390393435552,0.7055845432028995,2.2984864001200673,2.404347994601395,4.80869598920279
763.296,0.4039199063525884,0.0030302735938990163,0.009268888894529495,0.009751659314855799,0.019503318629711597,0.7502164528761404,2.2947343641039883,2.4142556881916617,4.828511376383323
763.447,0.40626385984717395,0.0030142097138683003,0.009279011253580141,0.009756306167973869,0.019512612335947737,0.7419340019567994,2.283986386844911,2.4014703576251994,4.802940715250399
763.597,0.4087550201041654,0.0029363224207409402,0.009338752336391812,0.009789498687829192,0.019578997375658384,0.7183575188856788,2.2846819921653716,2.394954974579756,4.789909949159512
763.747,0.40219626238315925,0.0029096580802980086,0.009235804068292757,0.009683294219021569,0.019366588438043137,0.7234423470415228,2.2963425899503034,2.4076042282552614,4.815208456510523
763.898,0.4058689437894707,0.003059888757505404,0.009349358861753233,0.009837348745172739,0.019674697490345477,0.7539105428802176,2.3035413289967965,2.4237746927184194,4.847549385436839
764.048,0.4080732644037615,0.003034776744738087,0.009384495502585268,0.009862992736915415,0.01972598547383083,0.7436842864901279,2.2997084889393613,2.416966166927475,4.83393233385495
764.198,0.40190054795066804,0.0030190027256813256,0.009296993376861936,0.009774889426847035,0.01954977885369407,0.7511815400788899,2.313257203621208,2.432166235326176,4.864332470652352
764.348,0.40529065158804173,0.002875429527968597,0.009360357453446627,0.009792057323494769,0.019584114646989538,0.709473440036641,2.309541909434658,2.4160580277701347,4.832116055540269
764.498,0.4071889775639621,0.003113729653877177,0.009439607206374006,0.00993989419300136,0.01987978838600272,0.7646890818374538,2.31823740977645,2.441100997494457,4.882201994988914
764.648,0.40238308383972043,0.002865745987813388,0.009322968839611262,0.00975347364024895,0.0195069472804979,0.7121934551689277,2.3169385627863126,2.423927354792581,4.847854709585162
764.798,0.40446165958932256,0.0027729211262122566,0.009426186274164423,0.009825582896064743,0.019651165792129485,0.6855831845786797,2.330551252678801,2.4292989614989278,4.8585979229978555
764.948,0.4070391790727063,0.0027583853243907095,0.009430734718704968,0.009825856040691892,0.019651712081383783,0.6776707172697005,2.3169108045543765,2.4139828659925566,4.827965731985113
765.098,0.40194951770240117,0.0028744088724391185,0.00930791255070451,0.009741635510401693,0.019483271020803387,0.7151168855406609,2.315691931641023,2.4235967656053488,4.8471935312106975
765.248,0.4029348164994661,0.002829942003628591,0.00929643918694945,0.009717631053942662,0.019435262107885324,0.7023324586874813,2.307181907910847,2.411712926265715,4.82342585253143
765.398,0.4071120285153603,0.0029639672323030814,0.009402542239262646,0.00985864606907483,0.01971729213814966,0.7280470791079195,2.3095712188980158,2.421605204107317,4.843210408214634
765.548,0.4033522778323749,0.002843425576155567,0.009345553990257703,0.009768543821468852,0.019537087642937705,0.7049484364972987,2.3169706739927047,2.4218392602033263,4.843678520406653
765.698,0.40300864767048816,0.0026433709975633634,0.009356091807394174,0.009722338409001587,0.019444676818003173,0.6559092497996872,2.321561053708206,2.4124391536508316,4.824878307301663
765.848,0.40496796003817925,0.00279179551107451,0.009417493183820267,0.009822591309983175,0.01964518261996635,0.6893867630444906,2.3254909309201675,2.4255230732468633,4.851046146493727
765.998,0.4066195314035017,0.0029250031693909793,0.009502149955679644,0.009942157578773833,0.019884315157547666,0.7193464512870151,2.3368651089832557,2.445076247187917,4.890152494375834
766.147,0.4032417852651262,0.0027236607340745352,0.009484576059119596,0.009867903060709709,0.019735806121419418,0.675441096037149,2.3520816556457835,2.4471429850013413,4.894285970002683
766.297,0.40365879712161606,0.0028896811091242256,0.00954200819406597,0.009969963755603705,0.01993992751120741,0.7158721994243098,2.363879658292474,2.4698987924199534,4.939797584839907
766.447,0.40596101240060234,0.0027668266553846623,0.009576635075328339,0.00996831325285056,0.01993662650570112,0.6815498461350662,2.3590036438962554,2.4554853664158833,4.910970732831767
766.596,0.40484509860244616,0.0027249891622567824,0.009548255861449589,0.009929489207916153,0.019858978415832305,0.6730942702934127,2.3584960999678253,2.4526638070198823,4.905327614039765
766.746,0.40328791938430725,0.0029166060208190795,0.009483701320629761,0.009922055302183756,0.019844110604367513,0.7232068903208934,2.3515956875446125,2.4602907315774765,4.920581463154953
766.895,0.40338208168216233,0.002688667378415265,0.009520796513640645,0.009893154124236936,0.019786308248473872,0.6665311873058735,2.360242793615802,2.452551705564371,4.905103411128742
767.045,0.40498976854486246,0.0027543892202401025,0.009582746933614153,0.009970742137387082,0.019941484274774164,0.6801132853643899,2.3661701301850617,2.4619738353421092,4.9239476706842185
767.194,0.4039900026928133,0.00268444437687174,0.009633707920054586,0.010000728468538719,0.020001456937077437,0.6644828730855854,2.384640178182796,2.4754890967297256,4.950978193459451
767.344,0.40362757425202656,0.0027526045231680532,0.009654941839523739,0.010039658041265711,0.020079316082531422,0.6819664212161374,2.3920421832962178,2.487356831324143,4.974713662648286
767.493,0.40409285515506116,0.0028053144172200508,0.009676462705962036,0.010074905432773888,0.020149810865547776,0.6942251963706652,2.39461365934048,2.4932154340882566,4.986430868176513
767.643,0.40487107904788405,0.0027331633182650396,0.009761064931429643,0.010136496945192414,0.020272993890384828,0.6750700308583386,2.410906937187085,2.503635717579514,5.007271435159028
767.792,0.40471090784197405,0.0025987123759385086,0.009774944523818788,0.010114486959633242,0.020228973919266483,0.6421157239856797,2.415290602356478,2.499188127536856,4.998376255073712
767.941,0.40440676733982966,0.002677141338412966,0.009777986019632602,0.01013785462245194,0.02027570924490388,0.6619922203634441,2.4178591480928406,2.5068459385925492,5.0136918771850985
768.09,0.40429077033390187,0.0028442672317815073,0.009788721155935176,0.010193572384323316,0.020387144768646632,0.7035201989480097,2.421208168529476,2.5213467959964784,5.042693591992957
768.24,0.40520531055453585,0.0028212661586472336,0.009771679547825853,0.010170804487518486,0.020341608975036972,0.6962559683105447,2.4115378780334864,2.5100373125908515,5.020074625181703
768.389,0.40481124651438327,0.002800456664101298,0.009761912386216983,0.010155662999710355,0.02031132599942071,0.6917931970059027,2.4114726234193533,2.5087403295129342,5.0174806590258685
768.538,0.4047985479053209,0.0027215412131490636,0.009731380153347097,0.010104778387665245,0.02020955677533049,0.6723199051063815,2.4040056970814994,2.496248674792349,4.992497349584698
768.687,0.40470696425436703,0.0026676482820696054,0.00973856186475517,0.010097323137866421,0.020194646275732843,0.6591555168773748,2.4063242604924078,2.4949714311118294,4.989942862223659
768.836,0.4060541935774572,0.0027923689517185836,0.009783930363193541,0.010174606513980894,0.020349213027961787,0.6876838106551714,2.409513438832937,2.5057262490850323,5.0114524981700646
768.985,0.4056960518214949,0.002708621573367313,0.00971583766927279,0.010086333944668445,0.02017266788933689,0.6676479993350043,2.394856352594659,2.486179961422549,4.972359922845098
769.134,0.4061463268904282,0.0027378253748638138,0.009697175866424202,0.010076254639875283,0.020152509279750565,0.6740982728627349,2.3876064424042784,2.4809419592741255,4.961883918548251
769.283,0.4058448915016257,0.002742943300834712,0.009702277193631932,0.010082555266085296,0.020165110532170592,0.6758600042212739,2.390636767099252,2.4843371143048887,4.968674228609777
769.432,0.4059407926515928,0.0027550942813417646,0.009657590603553501,0.010042888068923549,0.020085776137847098,0.6786936250839867,2.379063838465313,2.473978533500837,4.947957067001674
769.581,0.40630404034403894,0.0027870586620907505,0.00965637748135054,0.010050538395940233,0.020101076791880466,0.685953961897795,2.3766383108506575,2.4736496313031773,4.9472992626063546
769.73,0.4059566319428942,0.0026074391165350954,0.009646486072905245,0.00999266892782865,0.0199853378556573,0.6422949919689656,2.3762356157941062,2.461511437811494,4.923022875622988
769.879,0.4075711435034197,0.0027265157814387693,0.009687497971294654,0.010063871285458329,0.020127742570916658,0.6689668355816492,2.3768851464856886,2.4692305738210067,4.9384611476420135
770.027,0.40703387745051567,0.0026304106034831503,0.00965067672601687,0.010002730687817216,0.020005461375634432,0.6462387406077612,2.3709762898519746,2.457468835387855,4.91493767077571
770.176,0.4069675610215753,0.0026599086209521364,0.009685755840561014,0.010044350654710203,0.020088701309420406,0.6535922947458512,2.379982280712424,2.4680961375635793,4.9361922751271585
770.325,0.40680726997722494,0.0026012349778496546,0.00967160027252304,0.010015302054429324,0.020030604108858648,0.6394268661902931,2.377440371963978,2.4619279923365256,4.923855984673051
770.473,0.40681131213201205,0.002711391199923193,0.009671777372859637,0.010044646324743375,0.02008929264948675,0.6664984770736501,2.3774602830417613,2.469116768681163,4.938233537362326
770.622,0.406417916431732,0.00282825494195486,0.00971856751993208,0.01012173802546632,0.02024347605093264,0.6958981943479197,2.3912743821087314,2.490475349692542,4.980950699385084
770.771,0.4066961920825117,0.0028191268103754503,0.009734755895474637,0.010134739676846952,0.020269479353693904,0.6931775770852306,2.393618648265982,2.491968175298476,4.983936350596952
770.919,0.40775610162588316,0.00276518718184691,0.00985509280775445,0.010235678502185574,0.02047135700437115,0.6781473461270173,2.416908727658112,2.510245330817103,5.020490661634206
771.068,0.4080969542939518,0.0026941698637808127,0.009891523815849722,0.010251867861732659,0.020503735723465318,0.6601788705926496,2.4238171130100783,2.512115749422685,5.02423149884537
771.216,0.4078581618842062,0.0027851168875502414,0.009928537286105871,0.010311776215517484,0.020623552431034968,0.6828640806607066,2.4343112910229445,2.5282750669692544,5.056550133938509
771.365,0.4086065619391287,0.0028875218653632607,0.00996536631031408,0.010375273886586983,0.020750547773173967,0.7066753533423242,2.4388659504197214,2.5391843531217244,5.078368706243449
771.513,0.40824914209738844,0.002737728056347113,0.009959899690137409,0.010329315405587602,0.020658630811175204,0.6706022803335185,2.439662123714019,2.5301499355321435,5.060299871064287
771.661,0.4079608454240492,0.002773167029466175,0.009933518312010618,0.010313352579465541,0.020626705158931082,0.6797630362256077,2.4349195329481583,2.528025102199568,5.056050204399136
771.81,0.40814083185807537,0.002672024576206983,0.009919962854581521,0.010273528039195264,0.020547056078390528,0.6546820037687722,2.430524485732178,2.517152717218875,5.03430543443775
771.958,0.40861691188674865,0.0028776370178251807,0.009947373751665729,0.010355242119896864,0.020710484239793728,0.7042383548292148,2.4344008929377647,2.5342177033453037,5.068435406690607
772.106,0.4084432888530361,0.0028477532486196186,0.009941107456878573,0.010340953342619353,0.020681906685238706,0.6972212119377684,2.43390153007399,2.5317966104078113,5.063593220815623
772.255,0.4091055775363126,0.002736148269284466,0.009987132096889709,0.01035515885306609,0.02071031770613218,0.6688122625367049,2.4412114244527117,2.5311702948237014,5.062340589647403
772.403,0.40889038171288117,0.0028241210620609082,0.009949943668941606,0.010342970501180365,0.02068594100236073,0.6906792598618714,2.43340125225258,2.529521593991198,5.059043187982396
772.551,0.40931917315245003,0.002764852376651368,0.010000753822902202,0.010375908909149488,0.020751817818298976,0.6754759019367033,2.4432654219150014,2.534918857877445,5.06983771575489
772.699,0.40918377705791903,0.0027301996892312207,0.009993906267088857,0.010360123204790383,0.020720246409580766,0.6672306778293332,2.4424004145389766,2.5318997931151928,5.0637995862303855
772.847,0.4089982130873438,0.0028577752342131956,0.010071816006032965,0.010469400983278084,0.02093880196655617,0.6987256038702795,2.46255745960486,2.559766925202259,5.119533850404518
772.995,0.40901684870157295,0.002832863511914149,0.010043018287977348,0.010434909295714171,0.020869818591428342,0.6926031338090582,2.455404543812555,2.5512174691189053,5.102434938237811
773.143,0.4092119433650194,0.0028321374013660946,0.010014895062067198,0.010407647446201982,0.020815294892403965,0.6920954892168951,2.4473613794634175,2.5433391216830397,5.086678243366079
773.291,0.4088705458124536,0.0026905923443755254,0.010010488307393163,0.010365768824166755,0.02073153764833351,0.6580548224693309,2.448327082965011,2.5352202378797593,5.0704404757595185
773.439,0.4094597574585398,0.0028934208792284893,0.010057385567650021,0.010465318382196038,0.020930636764392076,0.7066435288262645,2.4562573939072365,2.555884477427727,5.111768954855454
773.587,0.4093469316141301,0.002642053657384387,0.01005294186921108,0.010394329596190193,0.020788659192380387,0.6454314063052298,2.4558488394112263,2.5392469793784564,5.078493958756913
773.735,0.409759765263697,0.0028971612349337436,0.010008265733579191,0.010419161492900387,0.020838322985800774,0.7070389727183934,2.4424715606566365,2.5427487948201146,5.085497589640229
773.883,0.4095078745199298,0.002860293466317798,0.010006358821410318,0.010407136761678322,0.020814273523356644,0.6984709316447086,2.443508280064424,2.54137646898212,5.08275293796424
774.031,0.4097267299469366,0.0027683095422604016,0.010006009933063307,0.01038189638275838,0.02076379276551676,0.6756477769021619,2.4421179292742696,2.533858697503805,5.06771739500761
774.178,0.41043917332048246,0.002736588765496855,0.01007038468087348,0.010435591295763498,0.020871182591526996,0.6667464860524045,2.453563240419608,2.5425427137811463,5.0850854275622925
774.326,0.40970447396560905,0.002726202037392903,0.01006776677250451,0.010430345408193877,0.020860690816387754,0.6654069483316755,2.457324098772133,2.5458217010023203,5.091643402004641
774.474,0.41023654778158847,0.0027665209459043077,0.01001760649094874,0.010392597266883076,0.020785194533766153,0.6743721301440978,2.4419098067006337,2.5333182338537363,5.066636467707473
774.621,0.41051595065578594,0.0027083517516900846,0.01006069205180359,0.010418862402974073,0.020837724805948147,0.6597433662111254,2.450743274587007,2.537992101483579,5.075984202967158
774.769,0.41098171397867345,0.002886986479177944,0.010006565418444588,0.01041470318369983,0.02082940636739966,0.7024610538579229,2.434795777547379,2.534103788432852,5.068207576865704
774.916,0.41089358002202814,0.002973289323652491,0.009976031169026428,0.010409690066833531,0.020819380133667062,0.7236154245810051,2.4278868432287526,2.5334272845721912,5.0668545691443825
775.064,0.4108148958854356,0.0029258196834596457,0.010016612432186763,0.010435178265691408,0.020870356531382816,0.7121990250995115,2.43823009645203,2.5401168190847385,5.080233638169477
775.212,0.41044388875103505,0.0028260685864669862,0.009959732017482263,0.010352918695492437,0.020705837390984874,0.6885395699438002,2.4265757854963668,2.522371261756624,5.044742523513248
775.359,0.4106034305515085,0.003000844574039021,0.009975615679725944,0.010417196184537063,0.020834392369074126,0.7308376771251982,2.429501299179853,2.537045579610731,5.074091159221462
775.506,0.4106429113264415,0.0027404517964307084,0.009929770559008374,0.010300991185468986,0.020601982370937973,0.6673564113352441,2.4181034872691813,2.5085033495878832,5.0170066991757665
775.654,0.41103597540957015,0.0027243197055735607,0.009942226257957102,0.010308723530223714,0.02061744706044743,0.6627934946226924,2.4188214299369615,2.507985710971346,5.015971421942692
775.801,0.41069755966437144,0.002877224254930385,0.009991385520466793,0.010397413333697626,0.020794826667395253,0.700570087945421,2.432784243624898,2.531647215579892,5.063294431159784
775.948,0.4111040792197726,0.002744790676709905,0.010017975839318655,0.010387189984597658,0.020774379969195317,0.6676632063391821,2.4368466151762833,2.5266569974959454,5.053313994991891
776.096,0.4114501360741668,0.002808037128514512,0.010016044131954728,0.010402221520828172,0.020804443041656344,0.6824732530914374,2.4343275779472013,2.5281852182819784,5.056370436563957
776.243,0.4112010694861604,0.002791905231154313,0.010002029601798686,0.010384379181010485,0.02076875836202097,0.6789635140402471,2.4323938685999256,2.5253774738443346,5.050754947688669
776.39,0.4114807500103847,0.0028813725709576155,0.010106504126249888,0.010509221357768278,0.021018442715536555,0.700244803890558,2.4561304814368174,2.554000729682507,5.108001459365014
776.537,0.4113358337905367,0.00292730960205144,0.010117513097363199,0.010532483694816642,0.021064967389633284,0.7116592724430872,2.4596721866238647,2.560555835303196,5.121111670606392
776.684,0.4112643524864747,0.0027581032794898523,0.01014783828925036,0.010515976209801369,0.021031952419602738,0.6706400063157816,2.467473348442981,2.5569870440320277,5.113974088064055
776.832,0.4117085928900021,0.002825681080657109,0.010154117094533992,0.01053995102166471,0.02107990204332942,0.6863303631391677,2.466335964293781,2.56005126045079,5.12010252090158
776.979,0.41181319989458115,0.002801418539494408,0.010171975478744596,0.010550688649259078,0.021101377298518156,0.6802643869141481,2.4700460017669394,2.5620083698045417,5.124016739609083
777.126,0.4129139394555757,0.002889259463358839,0.010237990749783623,0.010637869845004855,0.02127573969000971,0.6997243704507309,2.4794490501537307,2.5762922557254466,5.152584511450893
777.273,0.4124043860185277,0.0027895223469867783,0.010217460700275703,0.010591408692238114,0.021182817384476228,0.6764046265166191,2.477534441114473,2.568209517481292,5.136419034962584
777.42,0.4122497567273175,0.0028888625951723782,0.010236740703747471,0.010636558998545834,0.021273117997091667,0.7007554396407359,2.4831405080776214,2.5801249909727373,5.160249981945475
777.566,0.4122380109505941,0.002791934301631457,0.010309018483565564,0.010680391342976285,0.02136078268595257,0.6772627044249117,2.5007442811480765,2.5908312817510435,5.181662563502087
777.713,0.4120483079619127,0.00272264662814603,0.010288451277689042,0.010642604679078155,0.02128520935815631,0.6607590846842393,2.4969041442199162,2.582853629886012,5.165707259772024
777.86,0.41248157986408135,0.0027377913419512454,0.010268198045069751,0.010626918298586729,0.021253836597173458,0.6637366310644435,2.4893712947020012,2.5763376638754276,5.152675327750855
778.007,0.412526330223941,0.0028644584387958294,0.010252962793252874,0.010645579748769741,0.021291159497539482,0.6943698447662361,2.4854080920573063,2.58058188503768,5.16116377007536
778.154,0.41241492212771913,0.002766971678834799,0.010202209887375505,0.010570771913987,0.021141543827974,0.6709193897639588,2.4737732172106086,2.5631400191463927,5.126280038292785
778.3,0.41271335841433027,0.0028721406070752846,0.010176892660339752,0.010574418938499074,0.021148837876998148,0.69591656013031,2.465850075568184,2.562170262461732,5.124340524923464
778.447,0.4129812376931742,0.002752310688281966,0.010104688387034856,0.010472819177466411,0.020945638354932822,0.6664493291888492,2.4467669387300757,2.535906772899748,5.071813545799496
778.594,0.4130612516780675,0.002772385101603846,0.01009330308522819,0.01046713362491718,0.02093426724983436,0.671180143463225,2.4435366532745433,2.5340391001078637,5.068078200215727
778.74,0.4130958354403492,0.0027146997053926008,0.010077888573857252,0.01043711802163515,0.0208742360432703,0.6571597853313632,2.4396006227258353,2.5265609396689896,5.053121879337979
778.887,0.4130117739526564,0.0027708696010608058,0.010016368056111478,0.010392562118244629,0.020785124236489257,0.6708936102578109,2.4252015772459927,2.516287131183802,5.032574262367604
779.033,0.41339586866583095,0.002899652623619413,0.010032450239239888,0.010443085901230892,0.020886171802461783,0.7014227386881196,2.42683853411937,2.526170843200316,5.052341686400632
779.18,0.4128143890790517,0.002754730802134797,0.010014506910629134,0.010386476325263967,0.020772952650527934,0.667304937766421,2.4259103305411696,2.5160160595262133,5.032032119052427
779.326,0.4134198797809485,0.0028421906282616828,0.01002043283252462,0.010415715132362056,0.020831430264724112,0.6874828152355963,2.4237907567081605,2.519403551150188,5.038807102300376
779.473,0.4132392597717176,0.0026876873506582397,0.010061985523029011,0.010414759524853837,0.020829519049707673,0.6503949678312213,2.4349055142019833,2.520273492554211,5.040546985108422
779.619,0.4132778505855342,0.0028013237375991134,0.01004144387450323,0.01042487456843653,0.02084974913687306,0.6778306008004502,2.4297077281728168,2.5224856724517206,5.044971344903441
779.766,0.41371858162627007,0.002785073153038443,0.01002092584176263,0.010400749357324287,0.020801498714648575,0.6731805813726588,2.422159962545498,2.5139671794388327,5.0279343588776655
779.912,0.4139924295256759,0.00278586741373226,0.010031958992546771,0.010411592504273075,0.02082318500854615,0.672927139494825,2.423222812079125,2.5149234048076585,5.029846809615317
780.058,0.41381265629740055,0.0027729990478326024,0.010046463506334867,0.010422137626389261,0.020844275252778523,0.6701097720509767,2.4277806281291294,2.5185642507026267,5.037128501405253
780.204,0.41365751042893634,0.00287816296952145,0.01008205800188798,0.010484832646855074,0.02096966529371015,0.6957840476622749,2.4372960112421342,2.534665123324601,5.069330246649202
780.351,0.4133672805423226,0.0028602596339915853,0.010037235680266718,0.010436818733458053,0.020873637466916107,0.6919414691552341,2.428164045083161,2.524829425242688,5.049658850485376
780.497,0.4133715163633257,0.0028325362655109887,0.010095884410694537,0.010485711407889306,0.02097142281577861,0.6852277318066058,2.4423270619886965,2.536631333512847,5.073262667025694
780.643,0.4136498491424268,0.0028868197989577694,0.010089883932883164,0.010494736124872717,0.020989472249745435,0.6978897260430977,2.4392330744955846,2.5371062377105322,5.0742124754210645
780.789,0.41388639990897663,0.0028757037711411295,0.01009137120637816,0.010493114170934837,0.020986228341869674,0.6948050894577751,2.4381983096321815,2.5352643076077204,5.070528615215441
780.935,0.4139811509766312,0.0027652930901165126,0.010053834665621677,0.010427197003888547,0.020854394007777093,0.6679756031386586,2.428573050223054,2.518761296085471,5.037522592170942
781.081,0.4141557995368106,0.002747182694072864,0.010048942315954329,0.01041768949546832,0.02083537899093664,0.6633210731674644,2.4263676440588315,2.515403504458806,5.030807008917612
781.227,0.41450087553469045,0.002885678752949231,0.010064101413803907,0.01046963605540099,0.02093927211080198,0.6961815820598243,2.4280048626728705,2.525841722745593,5.051683445491186
781.373,0.4144159239472442,0.003029250857991483,0.010034388596333012,0.010481665672156318,0.020963331344312636,0.7309687400856515,2.4213327762015258,2.5292622861400114,5.058524572280023
781.519,0.4137383439812814,0.00293788956544057,0.01000157592218665,0.010424141021014074,0.020848282042028148,0.710083947542819,2.4173674177608127,2.519500832508212,5.039001665016424
781.665,0.41439497358490385,0.0027284609599024156,0.009974559774503032,0.010341002944823369,0.020682005889646738,0.6584203800298729,2.4070175582038957,2.4954460367518525,4.990892073503705
781.811,0.41427016353235446,0.0027443751623571484,0.009975278677994078,0.010345906424060006,0.020691812848120012,0.6624602503247408,2.4079162720621587,2.4973814999959543,4.9947629999919085
781.956,0.41371389187755303,0.0027026153662928947,0.009989429410392903,0.010348566555970213,0.020697133111940425,0.6532570985295287,2.414574324555066,2.501382418899552,5.002764837799104
782.102,0.41445515412298695,0.002742411145862946,0.009977349096561873,0.010347381982299548,0.020694763964599096,0.6616906844037348,2.407341059052473,2.496622826224771,4.993245652449542
782.248,0.41459738096420823,0.0029052654276229477,0.010002273834537128,0.010415663640210699,0.020831327280421398,0.7007437965156263,2.412527018688672,2.51223575411584,5.02447150823168
782.394,0.41468298373547374,0.002985959411972734,0.009986044588196859,0.01042290938881291,0.02084581877762582,0.7200583407293792,2.4081153507294517,2.513464452995661,5.026928905991322
782.539,0.41485210431249836,0.0028879573355735945,0.009969366665913708,0.010379237413775867,0.020758474827551734,0.6961414213770419,2.40311343784435,2.501912683069683,5.003825366139366
782.685,0.41456784614414494,0.0027981036631267394,0.009976279033877624,0.010361251250278102,0.020722502500556204,0.6749446897900134,2.406428556065315,2.499289645023629,4.998579290047258
782.83,0.41442116563126236,0.002908951344848921,0.009981571117785033,0.010396814892364811,0.020793629784729623,0.7019311719800541,2.408557271099008,2.508755766981153,5.017511533962306
782.976,0.4153712883295199,0.0028623386715922656,0.01004925152989543,0.010448944395583614,0.02089788879116723,0.6891036410108182,2.419341878517905,2.5155673223360395,5.031134644672079
783.121,0.415569543876136,0.0027602386288606414,0.010079987329034883,0.010451079458207094,0.020902158916414188,0.6642061887199688,2.425583750680081,2.5148809897681352,5.0297619795362705
783.267,0.41541272294281767,0.0027153888740764774,0.010060267812623213,0.010420284314698951,0.020840568629397902,0.653660498128329,2.4217524541269353,2.50841722922707,5.01683445845414
783.412,0.41532668412855206,0.0027902181934403355,0.010075357303488127,0.01045457518792404,0.02090915037584808,0.6718128885204752,2.425887304743848,2.5171932330473945,5.034386466094789
783.558,0.4158347063569914,0.0027288090255355585,0.010134758727288013,0.010495700698771135,0.02099140139754227,0.6562244526056692,2.43720848028192,2.5240078661834073,5.048015732366815
783.703,0.41544547533942155,0.002841682989457602,0.010155168971419356,0.010545265243257334,0.02109053048651467,0.6840086505060452,2.4444047592821945,2.538303067241685,5.07660613448337
783.848,0.41543875896381727,0.0028591093479101003,0.01005260460818897,0.010451285359796135,0.02090257071959227,0.688214396519299,2.419756075061957,2.51572226574709,5.03144453149418
783.994,0.41507272740827444,0.002793065782679526,0.010092926807302593,0.010472267567434596,0.020944535134869192,0.6729099741434486,2.431604425162575,2.5229958211958956,5.045991642391791
784.139,0.41543581393925344,0.002819173535534727,0.010069315262096744,0.010456521853415399,0.020913043706830798,0.6786062830748042,2.423795668124346,2.517000581693804,5.034001163387608
784.284,0.41543889503046955,0.0028001799547983956,0.010030644324581655,0.010414165033526063,0.020828330067052127,0.6740293189430474,2.4144692383331074,2.506786234534505,5.01357246906901
784.429,0.4157241896940013,0.0028985988558019302,0.010027945120682646,0.010438465340761503,0.020876930681523007,0.6972408456518919,2.412163008379145,2.510911224204889,5.021822448409778
784.574,0.41611507688616395,0.002775720589242399,0.009998854458589404,0.010376980065201886,0.020753960130403773,0.6670560004730973,2.4029060743032815,2.493776515586505,4.98755303117301
784.719,0.4159451917484813,0.0027725530519033905,0.009994613562948713,0.010372046601240142,0.020744093202480284,0.6665669196099112,2.4028679165480953,2.4936089674795507,4.9872179349591015
784.864,0.4157149993768681,0.002878685925986045,0.009988727533815259,0.010395263844908853,0.020790527689817706,0.6924662161098404,2.4027825670923018,2.500574638993236,5.001149277986472
785.009,0.4164501510095815,0.0030136050184178644,0.010005788705552472,0.010449766639843913,0.020899533279687826,0.7236412355985744,2.4026377902123186,2.509247893057791,5.018495786115582
785.154,0.4156998498363303,0.002837938220774433,0.009986913716157765,0.010382308939677747,0.020764617879355494,0.6826892581009564,2.4024338041232927,2.4975493601370022,4.9950987202740045
785.299,0.41581589239389083,0.0027759768542455847,0.009988680011365613,0.010367245336383342,0.020734490672766684,0.6675975846579666,2.4021881303910373,2.4932297023805763,4.986459404761153
785.444,0.4160641125468704,0.0028594121630835657,0.009993520135711916,0.010394550621420329,0.020789101242840658,0.687252775919588,2.401918318438514,2.4983050227023273,4.996610045404655
785.589,0.41647871061693054,0.0028623406572502994,0.010002346353839935,0.010403841916346246,0.020807683832692492,0.6872717822743712,2.4016464944927063,2.4980489160982606,4.996097832196521
785.734,0.4162219500607112,0.0028614410802554947,0.009995123040483951,0.010396649924383666,0.020793299848767332,0.6874796199090695,2.401392583698682,2.4978619995574918,4.9957239991149835
785.879,0.41648549102023846,0.002922479187357091,0.010000539191798965,0.010418813211073633,0.020837626422147267,0.701700119300213,2.4011734880130566,2.501602921521064,5.003205843042128
786.023,0.4163286588063697,0.0029709200693115606,0.00999608509783615,0.010428234910157144,0.020856469820314288,0.7135997021750323,2.401008166599751,2.504808326204421,5.009616652408842
786.168,0.41642257750348116,0.0028773551957485244,0.009997909137589954,0.010403718568185403,0.020807437136370805,0.6909700268892051,2.4009046765737323,2.4983560282819752,4.9967120565639505
786.313,0.4164873480996549,0.002895573695172847,0.009999252941076222,0.010410062747351642,0.020820125494703284,0.69523689216125,2.4008539483133724,2.4994907516040024,4.998981503208005
786.457,0.41664700689766254,0.0030291497715466916,0.010003020653424366,0.010451610906041988,0.020903221812083976,0.7270302489634147,2.4008382366422047,2.508504977358238,5.017009954716476
786.602,0.41726321880832945,0.002955652649496883,0.010017859580091486,0.010444778271983982,0.020889556543967965,0.7083424841369895,2.4008489434323246,2.5031629439597953,5.006325887919591
786.747,0.41729337685318596,0.002879716744433099,0.010018681663060039,0.010424334549212426,0.020848669098424852,0.6900940451413524,2.4008724362248524,2.498082914189161,4.996165828378322
786.891,0.41670970883427366,0.0027509939971497206,0.010004763422453572,0.010376090743223997,0.020752181486447994,0.6601703629237486,2.400895206027582,2.490004557909302,4.980009115818604
787.036,0.41694204906194976,0.002862295389230117,0.010010389521323354,0.010411562479466202,0.020823124958932404,0.6864971752476886,2.4009066832777037,2.497124601102356,4.994249202204712
787.18,0.4168587535519305,0.0027796923963737397,0.010008380508420218,0.010387221486989855,0.02077444297397971,0.6668187659941888,2.400904484586628,2.491784423017006,4.983568846034012
787.324,0.41675016596148795,0.0029939295784094104,0.010005696625729138,0.010444021222048632,0.020888042444097265,0.7183991328478753,2.4008860566725647,2.506062882531346,5.012125765062692
787.469,0.41805695569200724,0.00291054286198297,0.010036964019670448,0.010450450061293972,0.020900900122587943,0.6962072565364128,2.4008604289471327,2.499767057815221,4.999534115630442
787.613,0.4179081016209346,0.0028127759127645944,0.010033249545097671,0.010420067407153915,0.02084013481430783,0.6730608719607775,2.4008267621952863,2.4933872702485873,4.986774540497175
787.757,0.4173658549699866,0.0029069923589391984,0.010020085291671648,0.010433250396080092,0.020866500792160184,0.6965093872253264,2.400791816664592,2.499785325474304,4.999570650948608
787.902,0.41793340663905476,0.0030245006421511906,0.010033572644401802,0.010479512590996831,0.020959025181993662,0.7236800394765474,2.4007587058163136,2.507459902588593,5.014919805177186
788.046,0.4183459347693511,0.002875290282767445,0.010043350672934662,0.010446826644953673,0.020893653289907346,0.6872996828217522,2.400728640633718,2.4971741749357212,4.9943483498714425
788.19,0.4181704542422943,0.0027333513910494578,0.010039038838980573,0.010404494732446761,0.020808989464893523,0.6536452691288688,2.4007049606531505,2.488098962251943,4.976197924503886
788.334,0.41776689819241947,0.002956448899310288,0.01002925743719838,0.010455935866092142,0.020911871732184284,0.7076790698598087,2.4006826487672077,2.502815783474601,5.005631566949202
788.478,0.4179923065520677,0.0028853742307766,0.010034590096601306,0.010441186851045175,0.02088237370209035,0.6902936215686497,2.4006638254599872,2.497937566643839,4.995875133287678
788.622,0.4182264027495518,0.0028947777703313728,0.010040124851655546,0.010449107396157625,0.02089821479231525,0.6921556724540091,2.4006434757941175,2.498433223598967,4.996866447197934
788.766,0.4173901703514512,0.0028760808012261627,0.010019962449419047,0.01042456177798134,0.02084912355596268,0.6890628973855428,2.4006225256771216,2.4975580448393506,4.995116089678701
788.91,0.4178728594206061,0.002883491594293896,0.010031437876164574,0.010437637167372353,0.020875274334744707,0.6900404104473183,2.4005956955600034,2.497802126188446,4.995604252376892
789.054,0.4179917134974748,0.002968110489057142,0.010034167968096084,0.010463947949374391,0.020927895898748782,0.7100883565901296,2.4005662418847695,2.5033864575493805,5.006772915098761
789.198,0.4179925259138599,0.002884712304856683,0.010034046221431291,0.010440481246360779,0.020880962492721557,0.6901349009889153,2.4005324495919607,2.497767447763494,4.995534895526988
789.342,0.4187519677345797,0.0029133637091684626,0.010052127874200532,0.010465799678055143,0.020931599356110286,0.6957253777049853,2.4004968689656256,2.49928370120251,4.99856740240502
789.486,0.4186277793203946,0.002880633659933295,0.010049019123575352,0.010453747444276806,0.02090749488855361,0.6881133556425115,2.400466385649097,2.4971461428688624,4.994292285737725
789.63,0.41852304211989255,0.0028362557957773062,0.010046404101895015,0.010439089151724557,0.020878178303449114,0.6776821131307785,2.400442291303298,2.49426867845764,4.98853735691528
789.774,0.41826456790468347,0.002827110601104202,0.01004013503231975,0.010430573609255154,0.020861147218510307,0.675914437425754,2.4004268596348695,2.4937741347558116,4.987548269511623
789.917,0.41897784763805307,0.0029715027991987285,0.010057258372762817,0.010487052725249055,0.02097410545049811,0.709226708750901,2.400427237253624,2.5030088784809976,5.006017756961995
790.061,0.4192340435988953,0.002780054722634633,0.010063468020362499,0.010440406738135342,0.020880813476270684,0.6631271398594879,2.40044151328292,2.4903527987637055,4.980705597527411
790.205,0.41911059132230977,0.002880912946406696,0.010060610533557756,0.010464967449194814,0.020929934898389627,0.6873872925323378,2.4004667841526386,2.4969465496391887,4.993893099278377
790.348,0.41872211599601356,0.0029570196885886986,0.010051376801328872,0.010477315545548555,0.02095463109109711,0.7062009804652523,2.4004886337134783,2.50221212238245,5.0044242447649
790.492,0.4185669985329092,0.002972673161519601,0.010047682985943775,0.010478202093453006,0.020956404186906013,0.7102024698408895,2.4004957440890533,2.5033512269671143,5.006702453934229
790.635,0.41890362264969583,0.002880400272438596,0.01005568003797419,0.010460086364632797,0.020920172729265593,0.6876045268406054,2.400475788289651,2.49701501707469,4.99403003414938
790.779,0.4192478055851488,0.003024223193582146,0.010063702246894261,0.010508283819860634,0.02101656763972127,0.7213450263290476,2.4004185860551472,2.506461257488064,5.012922514976128
790.922,0.4194663159803335,0.0028301787353369125,0.010068479411177715,0.010458689656322287,0.020917379312644573,0.6747094170654704,2.4003070157484996,2.493332422146773,4.986664844293546
791.066,0.41933936827985163,0.0029176123298437335,0.010064717194573882,0.010479074096217057,0.020958148192434113,0.6957639922557013,2.400136489893565,2.4989483194012228,4.9978966388024455
791.209,0.41935677443034586,0.0028672058498146213,0.010064200600623827,0.010464654944851654,0.020929309889703308,0.6837151620382032,2.3999136807304557,2.495406198950008,4.990812397900016
791.353,0.41931697686609304,0.0028354547034832693,0.010062177721489906,0.010454052987925459,0.020908105975850917,0.6762079428968026,2.399659035198858,2.493114651845807,4.986229303691614
791.496,0.41933961551953924,0.0028647965799028837,0.01006159556603321,0.010461489606104974,0.02092297921220995,0.683168599836091,2.3993906594223,2.4947534692480104,4.989506938496021
791.639,0.4197809180965687,0.002982685038910884,0.010071082828517028,0.010503481298131272,0.021006962596262543,0.7105337356532083,2.399128305827427,2.5021340526286124,5.004268105257225
791.782,0.4196799789783126,0.0029649372808693733,0.010067664853896678,0.010495176448725172,0.020990352897450344,0.7064757504247277,2.3988909069252826,2.5007569992438263,5.001513998487653
791.926,0.4203562322159464,0.003118164525688223,0.010083067505052785,0.010554202969467276,0.021108405938934552,0.7417909588851658,2.398695851825241,2.510775899248556,5.021551798497112
792.069,0.4195768686166125,0.0028999876791457905,0.01006380928174273,0.01047330825472489,0.02094661650944978,0.6911695796546993,2.3985615114875447,2.496159592700248,4.992319185400496
792.212,0.4198290422214351,0.0028526703675886655,0.010069522726621713,0.010465802222862308,0.020931604445724616,0.6794838090510303,2.3984816946776717,2.4928723766904657,4.985744753380931
792.355,0.4204706583087905,0.0029879663146632125,0.010084767026552557,0.010518101952225209,0.021036203904450417,0.7106242149407896,2.398447270284049,2.501506762571954,5.003013525143908
792.498,0.4196431558619303,0.0028767441836060007,0.010064906007578124,0.010467950613147406,0.020935901226294813,0.6855215302385387,2.3984439796010038,2.494488583197944,4.988977166395888
792.641,0.4201969192948404,0.002976449662763874,0.010078251480850911,0.010508587226941628,0.021017174453883257,0.7083463790640937,2.398459155236996,2.500872030327297,5.001744060654594
792.784,0.42026459418859863,0.0029941314465668735,0.0100799856097982,0.010515271418896395,0.02103054283779279,0.712439612560658,2.398485561045071,2.5020597890712497,5.004119578142499
792.927,0.42047180073978196,0.0028942624960693313,0.01008503848886676,0.010492128321655117,0.020984256643310235,0.6883368851316877,2.3985053150111497,2.495322707300506,4.990645414601012
793.07,0.4205838219366981,0.002848001586885629,0.010087760537642192,0.010482081172349037,0.020964162344698074,0.6771543360301387,2.3985136877567528,2.4922692280652416,4.984538456130483
793.213,0.4203672324762346,0.0029402646153352287,0.010082526005576246,0.010502499067427415,0.02100499813485483,0.6994514291742414,2.3985042664204945,2.498410498259084,4.996820996518168
793.356,0.4203148702368064,0.0028743939519651302,0.01008118557857826,0.010482959661318363,0.020965919322636726,0.6838668235424765,2.3984841585306023,2.494072992328879,4.988145984657758
793.498,0.4198162807892699,0.0028684082863189727,0.010069108659065401,0.010469704641731265,0.02093940928346253,0.6832532270845382,2.3984559722493635,2.4938777081364827,4.987755416272965
793.641,0.42123676232095364,0.0029395375692841106,0.010103041418901698,0.010521992541019785,0.02104398508203957,0.6978350021227216,2.398423481187967,2.4978808789254594,4.995761757850919
793.784,0.4204672378895439,0.003036424097991707,0.01008443761538203,0.010531654823502181,0.021063309647004362,0.7221547422416229,2.3983884371108117,2.5047504001414804,5.009500800282961
793.926,0.4207700569089149,0.002864715665274974,0.010091571814816297,0.010490301117530732,0.020980602235061464,0.6808268835287169,2.398357879586675,2.493119685035381,4.986239370070762
794.069,0.42167894389729227,0.0030363817147035285,0.010113256817892897,0.010559241326063304,0.021118482652126607,0.7200695597082257,2.398330996663701,2.5040949942796296,5.008189988559259
794.212,0.4211483815436185,0.0027780597020469707,0.010100430280872649,0.010475509895318052,0.020951019790636103,0.659639173220768,2.398306801952305,2.4873679573271965,4.974735914654393
794.354,0.42136546000391983,0.0028096657252786057,0.010105554567026782,0.010488872894403917,0.020977745788807834,0.6668001988707067,2.398287360082332,2.4892578746977367,4.9785157493954735
794.497,0.42195314096707554,0.0028488335844763105,0.010119569635974017,0.010512922638798758,0.021025845277597516,0.6751540178009011,2.398268588019264,2.4914905514636443,4.982981102927289
794.639,0.42087357599455105,0.0029121700749797632,0.0100935981381542,0.010505306179267579,0.021010612358535158,0.69193464286707,2.3982494302005977,2.4960716895668424,4.992143379133685
794.782,0.4212264867419885,0.003008657974012722,0.010101972239607787,0.010540486987535097,0.021080973975070194,0.71426134602395,2.3982281640792196,2.5023324314340667,5.004664862868133
794.924,0.421113545861608,0.002869403549537926,0.01009915108280065,0.010498872764413063,0.020997745528826127,0.6813847661126788,2.398201430955529,2.493121598102984,4.986243196205968
795.066,0.42131479488911266,0.00290888324715469,0.010103848906035844,0.010514245786625825,0.02102849157325165,0.6904298834130165,2.398170923168058,2.4955795320202574,4.991159064040515
795.209,0.4205814844286544,0.002915981963349298,0.010086123717260406,0.010499182942041791,0.020998365884083582,0.6933215253901537,2.3981378378941387,2.4963492998995362,4.9926985997990725
795.351,0.4212850891343871,0.0027929021516724015,0.010102849886949185,0.010481787932745323,0.020963575865490646,0.6629482561110736,2.3981028874550185,2.4880510141676777,4.976102028335355
795.493,0.42161682300932646,0.002767588274704598,0.010110682565189226,0.01048262594926976,0.02096525189853952,0.656422638677152,2.3980737991011263,2.486292144238722,4.972584288477444
795.635,0.42138545289998336,0.0030062497709826257,0.010105041705556055,0.010542741842450678,0.021085483684901356,0.7134203970007871,2.3980518634454393,2.501923540524551,5.003847081049102
795.778,0.42124942922545955,0.002975271255628927,0.010101720725925852,0.010530764486454517,0.021061528972909034,0.7062968040335347,2.3980378429235203,2.499888131793356,4.999776263586712
795.92,0.4218469145496033,0.0030292724682784975,0.010116062343215125,0.01055988679006007,0.02111977358012014,0.7180975761107048,2.3980410889139305,2.5032509248845947,5.006501849769189
796.062,0.4220348119283297,0.002944219485989967,0.010120639551930887,0.010540197973557748,0.021080395947115495,0.6976247936840709,2.3980579956635384,2.497471221721798,4.994942443443596
796.204,0.4223404128629916,0.0031530522798575164,0.010128075391423737,0.010607527978463115,0.02121505595692623,0.7465665571720638,2.3980834139851335,2.511606196185688,5.023212392371376
796.346,0.4214271959312652,0.002841904488068985,0.010106266112700837,0.010498239655296117,0.020996479310592234,0.6743524185213001,2.3981048708468187,2.4911158455488907,4.982231691097781
796.488,0.42150729510170165,0.003002732620013577,0.01010820398168395,0.01054477078568448,0.02108954157136896,0.7123797511711096,2.3981089056228635,2.501681681011055,5.00336336202211
796.63,0.4215548812125833,0.002945869267049576,0.010109253963879896,0.010529727510470942,0.021059455020941885,0.6988103799381751,2.398087275090041,2.49783076409474,4.99566152818948
796.772,0.4220322836653458,0.0029012160285698664,0.010120446164522803,0.010528080784902584,0.02105616156980517,0.6874393597032049,2.3980265387820188,2.4946150312166444,4.989230062433289
796.914,0.4221986927655321,0.002925590415782955,0.010123966270125078,0.01053820536521999,0.02107641073043998,0.6929416092265545,2.3979151152292695,2.496029842298062,4.992059684596124
797.055,0.42218488103164653,0.002907596500675687,0.010122913156878457,0.010532211932564045,0.02106442386512809,0.6887021850642103,2.3977441191504094,2.4946918768923325,4.989383753784665
797.197,0.421425371023778,0.0028868988587412063,0.010103774340649968,0.010508113101188907,0.021016226202377815,0.6850320500941838,2.397523982978207,2.493469502242192,4.986939004484384
797.339,0.422052282391042,0.0029856394708944224,0.010117747993596769,0.010549069509302428,0.021098139018604856,0.7074098625838381,2.3972736117613085,2.4994698404517695,4.998939680903539
797.481,0.42198193294193287,0.0030288025509935695,0.010114946030285338,0.010558682592468166,0.021117365184936333,0.7177564522437386,2.397009265246721,2.5021646113747487,5.004329222749497
797.622,0.4221623565622429,0.002973945299447017,0.010118184271408398,0.01054618431444659,0.02109236862889318,0.7044553483319738,2.3967518927558835,2.4981346987747544,4.996269397549509
797.764,0.42267345602569006,0.0028750223762319454,0.010129449899241015,0.01052955407057052,0.02105910814114104,0.6801994152330213,2.3965190514886148,2.491179401133374,4.982358802266748
797.906,0.42209469493332863,0.0029772719695092707,0.01011477271271119,0.010543850122712884,0.021087700245425767,0.7053564058604294,2.3963278463636826,2.4979821469630936,4.995964293926187
798.047,0.4225442449232741,0.0029430778809750296,0.010124978438551063,0.010544045513682517,0.021088091027365034,0.6965135406138204,2.3961936673376214,2.495370754747142,4.990741509494284
798.189,0.42250551618411347,0.0030260508834991117,0.010123717288752289,0.010566297160884116,0.02113259432176823,0.7162157102300322,2.396114820034851,2.5008660848535964,5.001732169707193
798.33,0.4229846956391175,0.002775913950975099,0.010135049635724374,0.010508326668971371,0.021016653337942743,0.6562681769799672,2.3960795130922197,2.484327867487876,4.968655734975752
798.472,0.4225276319745194,0.0029791112322115885,0.010124075616129748,0.01055329383723405,0.0211065876744681,0.7050689722444576,2.3960742091159335,2.497657676947023,4.995315353894046
798.613,0.42278528595788517,0.0029153113450181996,0.01013031907475033,0.010541461226729538,0.021082922453459076,0.6895489133244344,2.3960907371216886,2.4933368252980315,4.986673650596063
798.754,0.4221048947130156,0.0030747968217753317,0.010114121415136325,0.0105711790967384,0.0211423581934768,0.7284437731682433,2.396115643722351,2.5043962363728633,5.008792472745727
798.896,0.4228220161798364,0.0031963056931638817,0.010131392991709507,0.010623629042686513,0.021247258085373026,0.7559458994217595,2.3961365785173263,2.5125534234641242,5.0251068469282485
799.037,0.422887377309159,0.003047210017444382,0.010132993436622278,0.010581259134764803,0.021162518269529605,0.7205724693968976,2.396144690129727,2.5021458909683165,5.004291781936633
799.178,0.4233268937326198,0.0030742333132959634,0.01014349389283432,0.01059912160598914,0.02119824321197828,0.7262078924845488,2.3961373687826972,2.503767599675281,5.007535199350562
799.319,0.42354778815059113,0.002943631703860257,0.010148711722028742,0.010566991872089938,0.021133983744179876,0.6949939974219999,2.396119636545097,2.4948759426251277,4.989751885250255
799.461,0.42217955114423605,0.0029710508826665868,0.010115823419422207,0.010543103281307866,0.02108620656261573,0.7037410681341927,2.396095071872909,2.4973031622997426,4.994606324599485
799.602,0.4231433837578917,0.00298311625319104,0.010138780620205456,0.010568531357038512,0.021137062714077025,0.7049894592935141,2.3960626608796334,2.4976241535860733,4.9952483071721465
799.743,0.42460475262446856,0.0030182706876490857,0.010173654141461498,0.010611936511966059,0.021223873023932117,0.7108424173288805,2.3960292668837226,2.4992505256651074,4.998501051330215
799.884,0.42445803106028035,0.0029975580814029664,0.010169998978865733,0.01060255788390303,0.02120511576780606,0.7062083556094292,2.395996361162364,2.497904882944077,4.995809765888154
